<?xml version="1.0" encoding="UTF-8"?><Products xmlns:source="http://apache.org/cocoon/source/1.0"><Product Brand="PHI" Division="CE" EndOfPublication="2119-12-31T00:00:00" IsAccessory="false" IsMaster="true" StartOfPublication="2011-11-24T00:00:00" lastModified="2016-09-17T23:49:37" masterLastModified="2016-09-17T23:46:31"><CTN>046677201814</CTN><DTN>046677201814</DTN><Categorization><GroupCode>LIGHTING_GR</GroupCode><GroupName>Lighting</GroupName><CategoryCode>CHOOSE_A_BULB_CA</CategoryCode><CategoryName>Choose a bulb</CategoryName><SubcategoryCode>REFLECTOR_BULB_SU</SubcategoryCode><SubcategoryName>Reflector</SubcategoryName></Categorization><ProductImage><ProductImageFTLURL>http://www.p4c.philips.com/cgi-bin/dcbint/get?id=046677201814&amp;doctype=FTP&amp;alt=1</ProductImageFTLURL><ProductImageEBURL>http://www.p4c.philips.com/cgi-bin/dcbint/get?id=046677201814&amp;doctype=BPP&amp;alt=1</ProductImageEBURL></ProductImage><Assets><Asset Description="Leaflet" Type="PSS">http://download.p4c.philips.com/files/0/046677201814/046677201814_pss_aenus.pdf</Asset><Asset Description="Leaflet" Type="PSS">http://download.p4c.philips.com/files/0/046677201814/046677201814_pss_.pdf</Asset><Asset Description="Standard product photograph - highres 2196x1795" Type="RTP">http://images.philips.com/is/image/PhilipsConsumer/046677201814-RTP-global-001</Asset></Assets><FullProductName>Philips Indoor Flood Light 046677201814 30W R20 Medium Base</FullProductName><ProductName>30W R20 Medium Base Indoor Flood Light</ProductName><NamingString><MasterBrand><BrandCode>PHI</BrandCode><BrandName>Philips</BrandName></MasterBrand><BrandString>Philips</BrandString><Descriptor><DescriptorCode>D4013714</DescriptorCode><DescriptorName>Indoor Flood Light</DescriptorName></Descriptor><Alphanumeric>046677201814</Alphanumeric><VersionElement1><VersionElementCode>V4008784</VersionElementCode><VersionElementName>30W</VersionElementName></VersionElement1><VersionElement2><VersionElementCode>V4017967</VersionElementCode><VersionElementName>R20</VersionElementName></VersionElement2><VersionElement3><VersionElementCode>V4018004</VersionElementCode><VersionElementName>Medium Base</VersionElementName></VersionElement3><VersionString>30W R20 Medium Base</VersionString><BrandedFeatureString/><DescriptorBrandedFeatureString>Indoor Flood Light</DescriptorBrandedFeatureString></NamingString><WOW>Brighten your home with infinite possibilities.</WOW><MarketingTextHeader>Philips incandescent light bulbs provide a soft white light and are available in a variety of shapes and wattages.</MarketingTextHeader><MarketingTextBody/><SupraFeature/><KeyBenefitArea><KeyBenefitAreaCode>K4015915</KeyBenefitAreaCode><KeyBenefitAreaName>Perfect Shape</KeyBenefitAreaName><KeyBenefitAreaRank>1</KeyBenefitAreaRank><Feature><FeatureCode>F400036398</FeatureCode><FeatureName>Use in indoor flood fixtures</FeatureName><FeatureLongDescription>Ideal for recessed cans and track light fixtures</FeatureLongDescription><FeatureRank>1</FeatureRank><FeatureTopRank>1</FeatureTopRank></Feature></KeyBenefitArea><KeyBenefitArea><KeyBenefitAreaCode>K4004822</KeyBenefitAreaCode><KeyBenefitAreaName>Light effect</KeyBenefitAreaName><KeyBenefitAreaRank>2</KeyBenefitAreaRank><Feature><FeatureCode>F400036321</FeatureCode><FeatureName>Soft white light</FeatureName><FeatureLongDescription>Provides a comfortable and relaxing environment</FeatureLongDescription><FeatureRank>1</FeatureRank><FeatureTopRank>2</FeatureTopRank></Feature></KeyBenefitArea><FeatureImage><FeatureCode>F400036398</FeatureCode><FeatureReferenceName>Use in indoor flood fixtures</FeatureReferenceName><FeatureImageRank>1</FeatureImageRank><FeatureImageURL>http://www.p4c.philips.com/cgi-bin/dcbint/get?id=F400036398&amp;doctype=FIP&amp;alt=1</FeatureImageURL></FeatureImage><FeatureImage><FeatureCode>F400036321</FeatureCode><FeatureReferenceName>Soft white light</FeatureReferenceName><FeatureImageRank>2</FeatureImageRank><FeatureImageURL>http://www.p4c.philips.com/cgi-bin/dcbint/get?id=F400036321&amp;doctype=FIP&amp;alt=1</FeatureImageURL></FeatureImage><FeatureHighlight><FeatureCode>F400036398</FeatureCode><FeatureHighlightRank>1</FeatureHighlightRank></FeatureHighlight><FeatureHighlight><FeatureCode>F400036321</FeatureCode><FeatureHighlightRank>2</FeatureHighlightRank></FeatureHighlight><CSChapter><CSChapterCode>3000956</CSChapterCode><CSChapterName>Technical specifications</CSChapterName><CSChapterRank>1</CSChapterRank><CSItem><CSItemCode>4010358</CSItemCode><CSItemName>Dimmable</CSItemName><CSItemRank>1</CSItemRank><CSValue><CSValueCode>VA4024186</CSValueCode><CSValueName>Yes</CSValueName><CSValueRank>1</CSValueRank></CSValue></CSItem><CSItem><CSItemCode>4013682</CSItemCode><CSItemName>Indoor</CSItemName><CSItemRank>2</CSItemRank><CSValue><CSValueCode>VA4026371</CSValueCode><CSValueName>Yes</CSValueName><CSValueRank>2</CSValueRank></CSValue></CSItem><CSItem><CSItemCode>4010359</CSItemCode><CSItemName>Lamp holder</CSItemName><CSItemRank>3</CSItemRank><CSValue><CSValueCode>VA4046565</CSValueCode><CSValueName>R20</CSValueName><CSValueRank>3</CSValueRank></CSValue></CSItem><CSItem><CSItemCode>4010362</CSItemCode><CSItemName>Number of lamps</CSItemName><CSItemRank>5</CSItemRank><CSValue><CSValueCode>VA4024142</CSValueCode><CSValueName>1</CSValueName><CSValueRank>1</CSValueRank></CSValue></CSItem><CSItem><CSItemCode>4010363</CSItemCode><CSItemName>Placement</CSItemName><CSItemRank>6</CSItemRank><CSValue><CSValueCode>VA4046780</CSValueCode><CSValueName>Recessed cans</CSValueName><CSValueRank>7</CSValueRank></CSValue><CSValue><CSValueCode>VA4046795</CSValueCode><CSValueName>Track light</CSValueName><CSValueRank>8</CSValueRank></CSValue></CSItem><CSItem><CSItemCode>4010364</CSItemCode><CSItemName>Power supply</CSItemName><CSItemRank>7</CSItemRank><CSValue><CSValueCode>VA4024143</CSValueCode><CSValueName>120</CSValueName><CSValueRank>1</CSValueRank></CSValue><UnitOfMeasure><UnitOfMeasureCode>3000071</UnitOfMeasureCode><UnitOfMeasureName>volt</UnitOfMeasureName><UnitOfMeasureSymbol>V</UnitOfMeasureSymbol></UnitOfMeasure></CSItem><CSItem><CSItemCode>S_0000107</CSItemCode><CSItemName>Wattage</CSItemName><CSItemRank>9</CSItemRank><CSValue><CSValueCode>VA4007180</CSValueCode><CSValueName>30</CSValueName><CSValueRank>1</CSValueRank></CSValue><UnitOfMeasure><UnitOfMeasureCode>3000072</UnitOfMeasureCode><UnitOfMeasureName>watt</UnitOfMeasureName><UnitOfMeasureSymbol>W</UnitOfMeasureSymbol></UnitOfMeasure></CSItem></CSChapter><CSChapter><CSChapterCode>CH4005203</CSChapterCode><CSChapterName>Light characteristics</CSChapterName><CSChapterRank>1</CSChapterRank><CSItem><CSItemCode>IT4035884</CSItemCode><CSItemName>Application</CSItemName><CSItemRank>1</CSItemRank><CSValue><CSValueCode>VA4083396</CSValueCode><CSValueName>Accent light</CSValueName><CSValueRank>1</CSValueRank></CSValue></CSItem></CSChapter><MarketingVersion>1.0.0</MarketingVersion><MarketingStatus>Final Published</MarketingStatus><GTIN>046677201814</GTIN><Code12NC>923303736300</Code12NC></Product></Products>