<?xml version="1.0" encoding="UTF-8"?><Products xmlns:source="http://apache.org/cocoon/source/1.0"><Product Brand="PHI" Division="CE" EndOfPublication="2119-01-01T00:00:00" IsAccessory="false" IsMaster="true" StartOfPublication="2013-12-01T00:00:00" lastModified="2018-06-09T01:08:16" masterLastModified="2018-06-09T00:55:22"><CTN>046677420208</CTN><DTN>046677420208</DTN><Categorization><GroupCode>LIGHTING_GR</GroupCode><GroupName>Lighting</GroupName><CategoryCode>CHOOSE_A_BULB_CA</CategoryCode><CategoryName>Choose a bulb</CategoryName><SubcategoryCode>SPOT_BULB_SU</SubcategoryCode><SubcategoryName>Spot</SubcategoryName></Categorization><ProductImage><ProductImageFTLURL>http://www.p4c.philips.com/cgi-bin/dcbint/get?id=046677420208&amp;doctype=FTP&amp;alt=1</ProductImageFTLURL><ProductImageEBURL>http://www.p4c.philips.com/cgi-bin/dcbint/get?id=046677420208&amp;doctype=BPP&amp;alt=1</ProductImageEBURL></ProductImage><Assets><Asset Description="Leaflet" Type="PSS">http://download.p4c.philips.com/files/0/046677420208/046677420208_pss_aenus.pdf</Asset><Asset Description="Leaflet" Type="PSS">http://download.p4c.philips.com/files/0/046677420208/046677420208_pss_.pdf</Asset><Asset Description="Standard product photograph - highres 2196x1795" Type="RTP">http://images.philips.com/is/image/PhilipsConsumer/046677420208-RTP-global-001</Asset></Assets><FullProductName>Philips Halogen Reflector - Flood 046677420208 50w (75w) Medium base (E26) Sparkling light</FullProductName><ProductName>50w (75w) Medium base (E26) Reflector - Flood</ProductName><NamingString><MasterBrand><BrandCode>PHI</BrandCode><BrandName>Philips</BrandName></MasterBrand><BrandString>Philips</BrandString><Concept><ConceptCode>SB40001530</ConceptCode><ConceptName>Halogen</ConceptName><ConceptLogoURL>http://www.p4c.philips.com/cgi-bin/dcbint/get?id=SB40001530&amp;doctype=CLL&amp;alt=1</ConceptLogoURL><ConceptNameUsed>1</ConceptNameUsed><IsFamily>1</IsFamily></Concept><Descriptor><DescriptorCode>D4020567</DescriptorCode><DescriptorName>Reflector - Flood</DescriptorName></Descriptor><Alphanumeric>046677420208</Alphanumeric><VersionElement1><VersionElementCode>V4035551</VersionElementCode><VersionElementName>50w (75w)</VersionElementName></VersionElement1><VersionElement2><VersionElementCode>V4029323</VersionElementCode><VersionElementName>Medium base (E26)</VersionElementName></VersionElement2><VersionElement3><VersionElementCode>V4029571</VersionElementCode><VersionElementName>Sparkling light</VersionElementName></VersionElement3><VersionString>50w (75w) Medium base (E26) Sparkling light</VersionString><BrandedFeatureString/><DescriptorBrandedFeatureString>Reflector - Flood</DescriptorBrandedFeatureString></NamingString><WOW>Energy savings without sacrifice</WOW><SubWOW>A bright alternative to incandescents</SubWOW><MarketingTextHeader>Philips 50W dimmable halogen indoor/outdoor flood is an energy saving alternative to 75W incandescents. It can enhance your home with bright general light, contains no mercury and has an estimated yearly energy cost of $6.02**.</MarketingTextHeader><MarketingTextBody/><SupraFeature/><KeyBenefitArea><KeyBenefitAreaCode>K4027866</KeyBenefitAreaCode><KeyBenefitAreaName>Energy efficiency</KeyBenefitAreaName><KeyBenefitAreaRank>1</KeyBenefitAreaRank><Feature><FeatureCode>F400066113</FeatureCode><FeatureName>Meets efficiency standards</FeatureName><FeatureLongDescription>Meets efficiency standards</FeatureLongDescription><FeatureGlossary>This bulb meets Federal minimum efficiency standards.</FeatureGlossary><FeatureRank>2</FeatureRank><FeatureTopRank>4</FeatureTopRank></Feature><Feature><FeatureCode>F400066122</FeatureCode><FeatureName>Reduces energy costs</FeatureName><FeatureLongDescription>Reduces energy costs</FeatureLongDescription><FeatureGlossary>This bulb saves up to 33%*** in electricity costs when compared to a 75W incandescent.</FeatureGlossary><FeatureRank>1</FeatureRank><FeatureTopRank>5</FeatureTopRank></Feature></KeyBenefitArea><KeyBenefitArea><KeyBenefitAreaCode>K4022795</KeyBenefitAreaCode><KeyBenefitAreaName>Bright white light</KeyBenefitAreaName><KeyBenefitAreaRank>2</KeyBenefitAreaRank><Feature><FeatureCode>F400063407</FeatureCode><FeatureName>Alternative to incandescent</FeatureName><FeatureLongDescription>Bright alternative to incandescent</FeatureLongDescription><FeatureGlossary>This halogen light bulb provides a bright, white light that is ideal for creating a refreshing atmosphere in your home.</FeatureGlossary><FeatureRank>1</FeatureRank><FeatureTopRank>2</FeatureTopRank></Feature></KeyBenefitArea><KeyBenefitArea><KeyBenefitAreaCode>K300000216</KeyBenefitAreaCode><KeyBenefitAreaName>Easy to use</KeyBenefitAreaName><KeyBenefitAreaRank>3</KeyBenefitAreaRank><Feature><FeatureCode>F400052516</FeatureCode><FeatureName>Instant on</FeatureName><FeatureLongDescription>Instant on</FeatureLongDescription><FeatureGlossary>Just by flipping the switch, your room is at full brightness. No slow starting or waiting.</FeatureGlossary><FeatureRank>1</FeatureRank><FeatureTopRank>1</FeatureTopRank></Feature><Feature><FeatureCode>F400064486</FeatureCode><FeatureName>Dimmable</FeatureName><FeatureLongDescription>Dimmable</FeatureLongDescription><FeatureGlossary>This bulb can be used with most dimmers to create your desired ambience.</FeatureGlossary><FeatureRank>2</FeatureRank><FeatureTopRank>3</FeatureTopRank></Feature></KeyBenefitArea><FeatureImage><FeatureCode>F400052516</FeatureCode><FeatureReferenceName>Instant on - US</FeatureReferenceName><FeatureImageRank>1</FeatureImageRank><FeatureImageURL>http://www.p4c.philips.com/cgi-bin/dcbint/get?id=F400052516&amp;doctype=FIP&amp;alt=1</FeatureImageURL></FeatureImage><FeatureImage><FeatureCode>F400063407</FeatureCode><FeatureReferenceName>Halogen - Alternative to incandescent (bright whi</FeatureReferenceName><FeatureImageRank>2</FeatureImageRank><FeatureImageURL>http://www.p4c.philips.com/cgi-bin/dcbint/get?id=F400063407&amp;doctype=FIP&amp;alt=1</FeatureImageURL></FeatureImage><FeatureImage><FeatureCode>F400064486</FeatureCode><FeatureReferenceName>Dimmble US Halogen</FeatureReferenceName><FeatureImageRank>3</FeatureImageRank><FeatureImageURL>http://www.p4c.philips.com/cgi-bin/dcbint/get?id=F400064486&amp;doctype=FIP&amp;alt=1</FeatureImageURL></FeatureImage><FeatureImage><FeatureCode>F400066113</FeatureCode><FeatureReferenceName>Hal-meets-efficiency-standarts-US</FeatureReferenceName><FeatureImageRank>4</FeatureImageRank><FeatureImageURL>http://www.p4c.philips.com/cgi-bin/dcbint/get?id=F400066113&amp;doctype=FIP&amp;alt=1</FeatureImageURL></FeatureImage><FeatureImage><FeatureCode>F400066122</FeatureCode><FeatureReferenceName>Hal-reduces-33-75</FeatureReferenceName><FeatureImageRank>5</FeatureImageRank><FeatureImageURL>http://www.p4c.philips.com/cgi-bin/dcbint/get?id=F400066122&amp;doctype=FIP&amp;alt=1</FeatureImageURL></FeatureImage><FeatureHighlight><FeatureCode>F400052516</FeatureCode><FeatureHighlightRank>1</FeatureHighlightRank></FeatureHighlight><FeatureHighlight><FeatureCode>F400063407</FeatureCode><FeatureHighlightRank>2</FeatureHighlightRank></FeatureHighlight><FeatureHighlight><FeatureCode>F400064486</FeatureCode><FeatureHighlightRank>3</FeatureHighlightRank></FeatureHighlight><FeatureHighlight><FeatureCode>F400066113</FeatureCode><FeatureHighlightRank>4</FeatureHighlightRank></FeatureHighlight><FeatureHighlight><FeatureCode>F400066122</FeatureCode><FeatureHighlightRank>5</FeatureHighlightRank></FeatureHighlight><CSChapter><CSChapterCode>CH4006022</CSChapterCode><CSChapterName>Bulb characteristics</CSChapterName><CSChapterRank>1</CSChapterRank><CSItem><CSItemCode>IT4029275</CSItemCode><CSItemName>Shape</CSItemName><CSItemRank>2</CSItemRank><CSValue><CSValueCode>VA4068930</CSValueCode><CSValueName>Reflector Flood</CSValueName><CSValueRank>9</CSValueRank></CSValue></CSItem><CSItem><CSItemCode>IT4029452</CSItemCode><CSItemName>Lamp shape code</CSItemName><CSItemRank>7</CSItemRank><CSValue><CSValueCode>VA4068622</CSValueCode><CSValueName>PAR30L</CSValueName><CSValueRank>12</CSValueRank></CSValue></CSItem><CSItem><CSItemCode>IT4029276</CSItemCode><CSItemName>Base</CSItemName><CSItemRank>14</CSItemRank><CSValue><CSValueCode>VA4081116</CSValueCode><CSValueName>Medium Screw (E26)</CSValueName><CSValueRank>11</CSValueRank></CSValue></CSItem><CSItem><CSItemCode>IT4029278</CSItemCode><CSItemName>Voltage</CSItemName><CSItemRank>18</CSItemRank><CSValue><CSValueCode>VA4067745</CSValueCode><CSValueName>120</CSValueName><CSValueRank>1</CSValueRank></CSValue><UnitOfMeasure><UnitOfMeasureCode>3000071</UnitOfMeasureCode><UnitOfMeasureName>volt</UnitOfMeasureName><UnitOfMeasureSymbol>V</UnitOfMeasureSymbol></UnitOfMeasure></CSItem><CSItem><CSItemCode>IT4029279</CSItemCode><CSItemName>Dimmable</CSItemName><CSItemRank>20</CSItemRank><CSValue><CSValueCode>VA4067746</CSValueCode><CSValueName>Yes</CSValueName><CSValueRank>5</CSValueRank></CSValue></CSItem></CSChapter><CSChapter><CSChapterCode>CH4005202</CSChapterCode><CSChapterName>Power consumption</CSChapterName><CSChapterRank>2</CSChapterRank><CSItem><CSItemCode>IT4029051</CSItemCode><CSItemName>Wattage</CSItemName><CSItemRank>5</CSItemRank><CSValue><CSValueCode>VA4067442</CSValueCode><CSValueName>50</CSValueName><CSValueRank>1</CSValueRank></CSValue><UnitOfMeasure><UnitOfMeasureCode>3000072</UnitOfMeasureCode><UnitOfMeasureName>watt</UnitOfMeasureName><UnitOfMeasureSymbol>W</UnitOfMeasureSymbol></UnitOfMeasure></CSItem><CSItem><CSItemCode>IT4029052</CSItemCode><CSItemName>Wattage equivalent</CSItemName><CSItemRank>10</CSItemRank><CSValue><CSValueCode>VA4067443</CSValueCode><CSValueName>75</CSValueName><CSValueRank>1</CSValueRank></CSValue><UnitOfMeasure><UnitOfMeasureCode>3000072</UnitOfMeasureCode><UnitOfMeasureName>watt</UnitOfMeasureName><UnitOfMeasureSymbol>W</UnitOfMeasureSymbol></UnitOfMeasure></CSItem></CSChapter><CSChapter><CSChapterCode>CH4005203</CSChapterCode><CSChapterName>Light characteristics</CSChapterName><CSChapterRank>3</CSChapterRank><CSItem><CSItemCode>IT4035884</CSItemCode><CSItemName>Application</CSItemName><CSItemRank>1</CSItemRank><CSValue><CSValueCode>VA4083396</CSValueCode><CSValueName>Accent light</CSValueName><CSValueRank>2</CSValueRank></CSValue></CSItem><CSItem><CSItemCode>IT4029170</CSItemCode><CSItemName>Color rendering index (CRI)</CSItemName><CSItemRank>4</CSItemRank><CSValue><CSValueCode>VA4067596</CSValueCode><CSValueName>100</CSValueName><CSValueRank>1</CSValueRank></CSValue></CSItem><CSItem><CSItemCode>IT4029159</CSItemCode><CSItemName>Color temperature</CSItemName><CSItemRank>9</CSItemRank><CSValue><CSValueCode>VA4067572</CSValueCode><CSValueName>2750</CSValueName><CSValueRank>1</CSValueRank></CSValue><UnitOfMeasure><UnitOfMeasureCode>4000041</UnitOfMeasureCode><UnitOfMeasureName>Kelvin</UnitOfMeasureName><UnitOfMeasureSymbol>K</UnitOfMeasureSymbol></UnitOfMeasure></CSItem><CSItem><CSItemCode>IT4026387</CSItemCode><CSItemName>Light output</CSItemName><CSItemRank>15</CSItemRank><CSValue><CSValueCode>VA4062484</CSValueCode><CSValueName>880</CSValueName><CSValueRank>1</CSValueRank></CSValue><UnitOfMeasure><UnitOfMeasureCode>4000123</UnitOfMeasureCode><UnitOfMeasureName>Lumen</UnitOfMeasureName><UnitOfMeasureSymbol>lumen</UnitOfMeasureSymbol></UnitOfMeasure></CSItem><CSItem><CSItemCode>IT4026384</CSItemCode><CSItemName>Light effect/finish</CSItemName><CSItemRank>16</CSItemRank><CSValue><CSValueCode>VA4062509</CSValueCode><CSValueName>Clear</CSValueName><CSValueRank>1</CSValueRank></CSValue></CSItem></CSChapter><CSChapter><CSChapterCode>CH4005204</CSChapterCode><CSChapterName>Durability</CSChapterName><CSChapterRank>4</CSChapterRank><CSItem><CSItemCode>IT4029164</CSItemCode><CSItemName>Average life (at 2.7 hrs/day)</CSItemName><CSItemRank>3</CSItemRank><CSValue><CSValueCode>VA4067588</CSValueCode><CSValueName>4</CSValueName><CSValueRank>1</CSValueRank></CSValue><UnitOfMeasure><UnitOfMeasureCode>4000081</UnitOfMeasureCode><UnitOfMeasureName>Years</UnitOfMeasureName><UnitOfMeasureSymbol>year(s)</UnitOfMeasureSymbol></UnitOfMeasure></CSItem><CSItem><CSItemCode>4026795</CSItemCode><CSItemName>Lifetime of lamps</CSItemName><CSItemRank>11</CSItemRank><CSValue><CSValueCode>VA4063245</CSValueCode><CSValueName>4400</CSValueName><CSValueRank>1</CSValueRank></CSValue><UnitOfMeasure><UnitOfMeasureCode>4000007</UnitOfMeasureCode><UnitOfMeasureName>-Hour</UnitOfMeasureName><UnitOfMeasureSymbol>hour(s)</UnitOfMeasureSymbol></UnitOfMeasure></CSItem></CSChapter><CSChapter><CSChapterCode>CH4006021</CSChapterCode><CSChapterName>Bulb dimensions</CSChapterName><CSChapterRank>5</CSChapterRank><CSItem><CSItemCode>IT4029273</CSItemCode><CSItemName>Height</CSItemName><CSItemRank>6</CSItemRank><CSValue><CSValueCode>VA4067743</CSValueCode><CSValueName>4.75</CSValueName><CSValueRank>1</CSValueRank></CSValue><UnitOfMeasure><UnitOfMeasureCode>3000047</UnitOfMeasureCode><UnitOfMeasureName>inch</UnitOfMeasureName><UnitOfMeasureSymbol>inch</UnitOfMeasureSymbol></UnitOfMeasure></CSItem><CSItem><CSItemCode>IT4029274</CSItemCode><CSItemName>Width</CSItemName><CSItemRank>12</CSItemRank><CSValue><CSValueCode>VA4067744</CSValueCode><CSValueName>3.5</CSValueName><CSValueRank>1</CSValueRank></CSValue><UnitOfMeasure><UnitOfMeasureCode>3000047</UnitOfMeasureCode><UnitOfMeasureName>inch</UnitOfMeasureName><UnitOfMeasureSymbol>inch</UnitOfMeasureSymbol></UnitOfMeasure></CSItem></CSChapter><Disclaimer><DisclaimerCode>DIS40006893</DisclaimerCode><DisclaimerName>4 years means rated average life based on engineering testing and probability analysis where the bulb is used on average 3 hours/day, 7 days a week.</DisclaimerName></Disclaimer><Disclaimer><DisclaimerCode>DIS40005321</DisclaimerCode><DisclaimerName>*Based on 3 hrs/day, 11¢/kWh. Cost depends on rates and use.</DisclaimerName></Disclaimer><Disclaimer><DisclaimerCode>DIS40006892</DisclaimerCode><DisclaimerName>**Compared to a 75 watt Halogen PAR30L rated at 975 lumens, this 50 watt PAR30L provides 880 lumens and saves 33% energy.</DisclaimerName></Disclaimer><MarketingVersion>6.0.1</MarketingVersion><MarketingStatus>Final Published</MarketingStatus><Code12NC>924757140203</Code12NC></Product></Products>