<?xml version="1.0" encoding="UTF-8"?><Products xmlns:source="http://apache.org/cocoon/source/1.0"><Product Brand="PHI" Division="CE" EndOfPublication="2119-12-31T00:00:00" IsAccessory="false" IsMaster="true" StartOfPublication="2011-11-24T00:00:00" lastModified="2015-04-15T00:48:35" masterLastModified="2015-04-15T00:47:49"><CTN>046677134273</CTN><DTN>046677134273</DTN><Categorization><GroupCode>LIGHTING_GR</GroupCode><GroupName>Lighting</GroupName><CategoryCode>CHOOSE_A_BULB_CA</CategoryCode><CategoryName>Choose a bulb</CategoryName><SubcategoryCode>LINEAR_BULB_SU</SubcategoryCode><SubcategoryName>Linear</SubcategoryName></Categorization><ProductImage><ProductImageFTLURL>http://www.p4c.philips.com/cgi-bin/dcbint/get?id=046677134273&amp;doctype=FTP&amp;alt=1</ProductImageFTLURL><ProductImageEBURL>http://www.p4c.philips.com/cgi-bin/dcbint/get?id=046677134273&amp;doctype=BPP&amp;alt=1</ProductImageEBURL></ProductImage><Assets><Asset Description="Leaflet" Type="PSS">http://download.p4c.philips.com/files/0/046677134273/046677134273_pss_aenus.pdf</Asset><Asset Description="Leaflet" Type="PSS">http://download.p4c.philips.com/files/0/046677134273/046677134273_pss_.pdf</Asset><Asset Description="Standard product photograph - highres 2196x1795" Type="RTP">http://images.philips.com/is/image/PhilipsConsumer/046677134273-RTP-global-001</Asset></Assets><FullProductName>Philips Linear Fluorescent 046677134273 32W T8 Natural Light</FullProductName><ProductName>32W T8 Natural Light Linear Fluorescent</ProductName><NamingString><MasterBrand><BrandCode>PHI</BrandCode><BrandName>Philips</BrandName></MasterBrand><BrandString>Philips</BrandString><Descriptor><DescriptorCode>D4013723</DescriptorCode><DescriptorName>Linear Fluorescent</DescriptorName></Descriptor><Alphanumeric>046677134273</Alphanumeric><VersionElement1><VersionElementCode>V4018050</VersionElementCode><VersionElementName>32W</VersionElementName></VersionElement1><VersionElement2><VersionElementCode>V4017984</VersionElementCode><VersionElementName>T8</VersionElementName></VersionElement2><VersionElement3><VersionElementCode>V4018006</VersionElementCode><VersionElementName>Natural Light</VersionElementName></VersionElement3><VersionString>32W T8 Natural Light</VersionString><BrandedFeatureString/><DescriptorBrandedFeatureString>Linear Fluorescent</DescriptorBrandedFeatureString></NamingString><WOW>Energy savings and long life.</WOW><SubWOW>Features ALTO technology.</SubWOW><MarketingTextHeader>Philips Linear Fluorescent bulbs offer long life and energy savings in an environmentally responsible light bulb. They come in Soft and Cool white, Natural light and Daylight Deluxe colors to help create the mood you desire in the room.</MarketingTextHeader><MarketingTextBody/><SupraFeature/><KeyBenefitArea><KeyBenefitAreaCode>K4005301</KeyBenefitAreaCode><KeyBenefitAreaName>Long lifespan</KeyBenefitAreaName><KeyBenefitAreaRank>1</KeyBenefitAreaRank><Feature><FeatureCode>F400036026</FeatureCode><FeatureName>Lasts at least 20000 hours</FeatureName><FeatureLongDescription>Lasts at least 20000 hours</FeatureLongDescription><FeatureRank>2</FeatureRank><FeatureTopRank>3</FeatureTopRank></Feature></KeyBenefitArea><KeyBenefitArea><KeyBenefitAreaCode>K4008557</KeyBenefitAreaCode><KeyBenefitAreaName>Sustainable choice</KeyBenefitAreaName><KeyBenefitAreaRank>2</KeyBenefitAreaRank><Feature><FeatureCode>F400036340</FeatureCode><FeatureName>ALTO Lamp Technology</FeatureName><FeatureLongDescription>Reduced mercury for an environmentally friendly alternative</FeatureLongDescription><FeatureRank>1</FeatureRank><FeatureTopRank>1</FeatureTopRank></Feature></KeyBenefitArea><KeyBenefitArea><KeyBenefitAreaCode>K4015714</KeyBenefitAreaCode><KeyBenefitAreaName>Use in any room in your home</KeyBenefitAreaName><KeyBenefitAreaRank>3</KeyBenefitAreaRank><Feature><FeatureCode>F400036424</FeatureCode><FeatureName>Ideal in any room in your home</FeatureName><FeatureLongDescription>Simulates a natural light and creates a lively environment</FeatureLongDescription><FeatureRank>3</FeatureRank><FeatureTopRank>2</FeatureTopRank></Feature></KeyBenefitArea><FeatureImage><FeatureCode>F400036340</FeatureCode><FeatureReferenceName>ALTO Lamp Technology</FeatureReferenceName><FeatureImageRank>1</FeatureImageRank><FeatureImageURL>http://www.p4c.philips.com/cgi-bin/dcbint/get?id=F400036340&amp;doctype=FIP&amp;alt=1</FeatureImageURL></FeatureImage><FeatureImage><FeatureCode>F400036424</FeatureCode><FeatureReferenceName>Ideal in any room in your home</FeatureReferenceName><FeatureImageRank>2</FeatureImageRank><FeatureImageURL>http://www.p4c.philips.com/cgi-bin/dcbint/get?id=F400036424&amp;doctype=FIP&amp;alt=1</FeatureImageURL></FeatureImage><FeatureImage><FeatureCode>F400036026</FeatureCode><FeatureReferenceName>Lasts at least 20000 hours</FeatureReferenceName><FeatureImageRank>3</FeatureImageRank><FeatureImageURL>http://www.p4c.philips.com/cgi-bin/dcbint/get?id=F400036026&amp;doctype=FIP&amp;alt=1</FeatureImageURL></FeatureImage><FeatureHighlight><FeatureCode>F400036340</FeatureCode><FeatureHighlightRank>1</FeatureHighlightRank></FeatureHighlight><FeatureHighlight><FeatureCode>F400036424</FeatureCode><FeatureHighlightRank>2</FeatureHighlightRank></FeatureHighlight><FeatureHighlight><FeatureCode>F400036026</FeatureCode><FeatureHighlightRank>3</FeatureHighlightRank></FeatureHighlight><CSChapter><CSChapterCode>3000956</CSChapterCode><CSChapterName>Technical specifications</CSChapterName><CSChapterRank>1</CSChapterRank><CSItem><CSItemCode>4010359</CSItemCode><CSItemName>Lamp holder</CSItemName><CSItemRank>2</CSItemRank><CSValue><CSValueCode>VA4046585</CSValueCode><CSValueName>T8</CSValueName><CSValueRank>5</CSValueRank></CSValue></CSItem><CSItem><CSItemCode>4010363</CSItemCode><CSItemName>Placement</CSItemName><CSItemRank>4</CSItemRank><CSValue><CSValueCode>VA4024154</CSValueCode><CSValueName>Ceiling</CSValueName><CSValueRank>1</CSValueRank></CSValue></CSItem><CSItem><CSItemCode>4013682</CSItemCode><CSItemName>Indoor</CSItemName><CSItemRank>5</CSItemRank><CSValue><CSValueCode>VA4026371</CSValueCode><CSValueName>Yes</CSValueName><CSValueRank>3</CSValueRank></CSValue></CSItem><CSItem><CSItemCode>4010362</CSItemCode><CSItemName>Number of lamps</CSItemName><CSItemRank>6</CSItemRank><CSValue><CSValueCode>VA4024142</CSValueCode><CSValueName>1</CSValueName><CSValueRank>1</CSValueRank></CSValue></CSItem><CSItem><CSItemCode>S_0000107</CSItemCode><CSItemName>Wattage</CSItemName><CSItemRank>7</CSItemRank><CSValue><CSValueCode>VA4007180</CSValueCode><CSValueName>32</CSValueName><CSValueRank>1</CSValueRank></CSValue><UnitOfMeasure><UnitOfMeasureCode>3000072</UnitOfMeasureCode><UnitOfMeasureName>watt</UnitOfMeasureName><UnitOfMeasureSymbol>W</UnitOfMeasureSymbol></UnitOfMeasure></CSItem></CSChapter><Disclaimer><DisclaimerCode>DIS40003098</DisclaimerCode><DisclaimerName>Average life under specified test conditions with lamps turned off and restarted no more frequently than once every 3 operating hours. Lamp life is appreciably longer if lamps are started less frequently.</DisclaimerName></Disclaimer><Disclaimer><DisclaimerCode>DIS40003081</DisclaimerCode><DisclaimerName>This lamp is better for the environment because of its reduced mercury content. All philips ALTO lamps give you end-of-life options, wich can simplify and reduce your lamp disposal costs, depending on your stae and local regulations.</DisclaimerName></Disclaimer><MarketingVersion>2.0.0</MarketingVersion><MarketingStatus>Final Published</MarketingStatus><GTIN>046677134273</GTIN><Code12NC>927870085000</Code12NC></Product></Products>