<?xml version="1.0" encoding="UTF-8"?><Products xmlns:source="http://apache.org/cocoon/source/1.0"><Product Brand="PHI" Division="CE" EndOfPublication="2119-12-31T00:00:00" IsAccessory="false" IsMaster="true" StartOfPublication="2011-11-24T00:00:00" lastModified="2017-02-02T01:27:35" masterLastModified="2017-02-02T01:23:06"><CTN>046677262600</CTN><DTN>046677262600</DTN><Categorization><GroupCode>LIGHTING_GR</GroupCode><GroupName>Lighting</GroupName><CategoryCode>CHOOSE_A_BULB_CA</CategoryCode><CategoryName>Choose a bulb</CategoryName><SubcategoryCode>CIRCULAR_BULB_SU</SubcategoryCode><SubcategoryName>Circular</SubcategoryName></Categorization><ProductImage><ProductImageFTLURL>http://www.p4c.philips.com/cgi-bin/dcbint/get?id=046677262600&amp;doctype=FTP&amp;alt=1</ProductImageFTLURL><ProductImageEBURL>http://www.p4c.philips.com/cgi-bin/dcbint/get?id=046677262600&amp;doctype=BPP&amp;alt=1</ProductImageEBURL></ProductImage><Assets><Asset Description="Leaflet" Type="PSS">http://download.p4c.philips.com/files/0/046677262600/046677262600_pss_aenus.pdf</Asset><Asset Description="Leaflet" Type="PSS">http://download.p4c.philips.com/files/0/046677262600/046677262600_pss_.pdf</Asset><Asset Description="Standard product photograph - highres 2196x1795" Type="RTP">http://images.philips.com/is/image/PhilipsConsumer/046677262600-RTP-global-001</Asset></Assets><FullProductName>Philips Circline Fluorescent 046677262600 32W T9 Daylight Deluxe</FullProductName><ProductName>32W T9 Daylight Deluxe Circline Fluorescent</ProductName><NamingString><MasterBrand><BrandCode>PHI</BrandCode><BrandName>Philips</BrandName></MasterBrand><BrandString>Philips</BrandString><Descriptor><DescriptorCode>D4013689</DescriptorCode><DescriptorName>Circline Fluorescent</DescriptorName></Descriptor><Alphanumeric>046677262600</Alphanumeric><VersionElement1><VersionElementCode>V4018050</VersionElementCode><VersionElementName>32W</VersionElementName></VersionElement1><VersionElement2><VersionElementCode>V4017985</VersionElementCode><VersionElementName>T9</VersionElementName></VersionElement2><VersionElement3><VersionElementCode>V4017996</VersionElementCode><VersionElementName>Daylight Deluxe</VersionElementName></VersionElement3><VersionString>32W T9 Daylight Deluxe</VersionString><BrandedFeatureString/><DescriptorBrandedFeatureString>Circline Fluorescent</DescriptorBrandedFeatureString></NamingString><WOW>Energy savings and long life.</WOW><MarketingTextHeader>Philips Linear Fluorescent bulbs offer long life and energy savings in an environmentally responsible light bulb. They come in Soft and Cool white, Natural light and Daylight Deluxe colors to help create the mood you desire in the room.</MarketingTextHeader><MarketingTextBody/><SupraFeature/><KeyBenefitArea><KeyBenefitAreaCode>K4005301</KeyBenefitAreaCode><KeyBenefitAreaName>Long lifespan</KeyBenefitAreaName><KeyBenefitAreaRank>1</KeyBenefitAreaRank><Feature><FeatureCode>F400036414</FeatureCode><FeatureName>Lasts at least 12000 hours</FeatureName><FeatureLongDescription>Lasts at least 12000 hours</FeatureLongDescription><FeatureRank>2</FeatureRank><FeatureTopRank>2</FeatureTopRank></Feature></KeyBenefitArea><KeyBenefitArea><KeyBenefitAreaCode>K4015714</KeyBenefitAreaCode><KeyBenefitAreaName>Use in any room in your home</KeyBenefitAreaName><KeyBenefitAreaRank>2</KeyBenefitAreaRank><Feature><FeatureCode>F400036547</FeatureCode><FeatureName>For bath; laundry or any room</FeatureName><FeatureLongDescription>An arctic white light creates a cool, refreshing environment</FeatureLongDescription><FeatureRank>1</FeatureRank><FeatureTopRank>1</FeatureTopRank></Feature></KeyBenefitArea><FeatureImage><FeatureCode>F400036547</FeatureCode><FeatureReferenceName>For bath; laundry or any room</FeatureReferenceName><FeatureImageRank>1</FeatureImageRank><FeatureImageURL>http://www.p4c.philips.com/cgi-bin/dcbint/get?id=F400036547&amp;doctype=FIP&amp;alt=1</FeatureImageURL></FeatureImage><FeatureImage><FeatureCode>F400036414</FeatureCode><FeatureReferenceName>Lasts at least 12000 hours</FeatureReferenceName><FeatureImageRank>2</FeatureImageRank><FeatureImageURL>http://www.p4c.philips.com/cgi-bin/dcbint/get?id=F400036414&amp;doctype=FIP&amp;alt=1</FeatureImageURL></FeatureImage><FeatureHighlight><FeatureCode>F400036547</FeatureCode><FeatureHighlightRank>1</FeatureHighlightRank></FeatureHighlight><FeatureHighlight><FeatureCode>F400036414</FeatureCode><FeatureHighlightRank>2</FeatureHighlightRank></FeatureHighlight><CSChapter><CSChapterCode>3000956</CSChapterCode><CSChapterName>Technical specifications</CSChapterName><CSChapterRank>1</CSChapterRank><CSItem><CSItemCode>4010359</CSItemCode><CSItemName>Lamp holder</CSItemName><CSItemRank>2</CSItemRank><CSValue><CSValueCode>VA4046594</CSValueCode><CSValueName>T9</CSValueName><CSValueRank>9</CSValueRank></CSValue></CSItem><CSItem><CSItemCode>4010363</CSItemCode><CSItemName>Placement</CSItemName><CSItemRank>6</CSItemRank><CSValue><CSValueCode>VA4024154</CSValueCode><CSValueName>Ceiling</CSValueName><CSValueRank>2</CSValueRank></CSValue></CSItem><CSItem><CSItemCode>4013682</CSItemCode><CSItemName>Indoor</CSItemName><CSItemRank>9</CSItemRank><CSValue><CSValueCode>VA4026371</CSValueCode><CSValueName>Yes</CSValueName><CSValueRank>4</CSValueRank></CSValue></CSItem><CSItem><CSItemCode>4010362</CSItemCode><CSItemName>Number of lamps</CSItemName><CSItemRank>10</CSItemRank><CSValue><CSValueCode>VA4024142</CSValueCode><CSValueName>1</CSValueName><CSValueRank>1</CSValueRank></CSValue></CSItem><CSItem><CSItemCode>S_0000107</CSItemCode><CSItemName>Wattage</CSItemName><CSItemRank>11</CSItemRank><CSValue><CSValueCode>VA4007180</CSValueCode><CSValueName>32</CSValueName><CSValueRank>1</CSValueRank></CSValue><UnitOfMeasure><UnitOfMeasureCode>3000072</UnitOfMeasureCode><UnitOfMeasureName>watt</UnitOfMeasureName><UnitOfMeasureSymbol>W</UnitOfMeasureSymbol></UnitOfMeasure></CSItem></CSChapter><CSChapter><CSChapterCode>CH4005203</CSChapterCode><CSChapterName>Light characteristics</CSChapterName><CSChapterRank>1</CSChapterRank><CSItem><CSItemCode>IT4035884</CSItemCode><CSItemName>Application</CSItemName><CSItemRank>1</CSItemRank><CSValue><CSValueCode>VA4083392</CSValueCode><CSValueName>Comfortable light</CSValueName><CSValueRank>1</CSValueRank></CSValue><CSValue><CSValueCode>VA4084399</CSValueCode><CSValueName>Soft light</CSValueName><CSValueRank>1</CSValueRank></CSValue></CSItem></CSChapter><Disclaimer><DisclaimerCode>DIS40003098</DisclaimerCode><DisclaimerName>Average life under specified test conditions with lamps turned off and restarted no more frequently than once every 3 operating hours. Lamp life is appreciably longer if lamps are started less frequently.</DisclaimerName></Disclaimer><MarketingVersion>3.0.0</MarketingVersion><MarketingStatus>Final Published</MarketingStatus><GTIN>046677262600</GTIN><Code12NC>928028605400</Code12NC></Product></Products>