<?xml version="1.0" encoding="UTF-8"?><Products xmlns:source="http://apache.org/cocoon/source/1.0"><Product Brand="PHI" Division="CE" EndOfPublication="2119-02-07T00:00:00" IsAccessory="false" IsMaster="true" StartOfPublication="2011-02-07T00:00:00" lastModified="2018-06-09T01:08:16" masterLastModified="2018-06-09T00:55:22"><CTN>046677415808</CTN><DTN>046677415808</DTN><Categorization><GroupCode>LIGHTING_GR</GroupCode><GroupName>Lighting</GroupName><CategoryCode>CHOOSE_A_BULB_CA</CategoryCode><CategoryName>Choose a bulb</CategoryName><SubcategoryCode>MINIREFLECTOR_BULB_SU</SubcategoryCode><SubcategoryName>Mini Reflector</SubcategoryName></Categorization><ProductImage><ProductImageFTLURL>http://www.p4c.philips.com/cgi-bin/dcbint/get?id=046677415808&amp;doctype=FTP&amp;alt=1</ProductImageFTLURL><ProductImageEBURL>http://www.p4c.philips.com/cgi-bin/dcbint/get?id=046677415808&amp;doctype=BPP&amp;alt=1</ProductImageEBURL></ProductImage><Assets><Asset Description="Leaflet" Type="PSS">http://download.p4c.philips.com/files/0/046677415808/046677415808_pss_aenus.pdf</Asset><Asset Description="Leaflet" Type="PSS">http://download.p4c.philips.com/files/0/046677415808/046677415808_pss_.pdf</Asset><Asset Description="Standard product photograph - highres 2196x1795" Type="RTP">http://images.philips.com/is/image/PhilipsConsumer/046677415808-RTP-global-001</Asset></Assets><FullProductName>Philips Halogen Reflector 046677415808 50W GU5.3 Sparkling light Dimmable</FullProductName><ProductName>50W GU5.3 Sparkling light Dimmable Reflector</ProductName><NamingString><MasterBrand><BrandCode>PHI</BrandCode><BrandName>Philips</BrandName></MasterBrand><BrandString>Philips</BrandString><Concept><ConceptCode>SB40001530</ConceptCode><ConceptName>Halogen</ConceptName><ConceptLogoURL>http://www.p4c.philips.com/cgi-bin/dcbint/get?id=SB40001530&amp;doctype=CLL&amp;alt=1</ConceptLogoURL><ConceptNameUsed>1</ConceptNameUsed><IsFamily>1</IsFamily></Concept><Descriptor><DescriptorCode>D4006694</DescriptorCode><DescriptorName>Reflector</DescriptorName></Descriptor><Alphanumeric>046677415808</Alphanumeric><VersionElement1><VersionElementCode>V4009408</VersionElementCode><VersionElementName>50W</VersionElementName></VersionElement1><VersionElement2><VersionElementCode>D4013626</VersionElementCode><VersionElementName>GU5.3</VersionElementName></VersionElement2><VersionElement3><VersionElementCode>V4029571</VersionElementCode><VersionElementName>Sparkling light</VersionElementName></VersionElement3><VersionElement4><VersionElementCode>V4029030</VersionElementCode><VersionElementName>Dimmable</VersionElementName></VersionElement4><VersionString>50W GU5.3 Sparkling light Dimmable</VersionString><BrandedFeatureString/><DescriptorBrandedFeatureString>Reflector</DescriptorBrandedFeatureString></NamingString><WOW>Brilliant alternative to incandescents</WOW><SubWOW>Accent your home with bright, white light</SubWOW><MarketingTextHeader>Philips 50W dimmable indoor halogen mini reflector flood provides bright sparkling accent light. An efficient alternative to 50W incandescents, it has no mercury, can last up to 2.7 years* and has an estimated yearly energy cost of $6</MarketingTextHeader><MarketingTextBody/><SupraFeature/><KeyBenefitArea><KeyBenefitAreaCode>K4024820</KeyBenefitAreaCode><KeyBenefitAreaName>Sparkling light</KeyBenefitAreaName><KeyBenefitAreaRank>1</KeyBenefitAreaRank><Feature><FeatureCode>F400064306</FeatureCode><FeatureName>Alternative to incandescent</FeatureName><FeatureLongDescription>Bright alternative to incandescent</FeatureLongDescription><FeatureGlossary>This halogen light bulb provides a bright, sparkling light, ideal for adding brilliance and drama to your home.</FeatureGlossary><FeatureRank>1</FeatureRank><FeatureTopRank>1</FeatureTopRank></Feature></KeyBenefitArea><KeyBenefitArea><KeyBenefitAreaCode>K300000216</KeyBenefitAreaCode><KeyBenefitAreaName>Easy to use</KeyBenefitAreaName><KeyBenefitAreaRank>2</KeyBenefitAreaRank><Feature><FeatureCode>F400064486</FeatureCode><FeatureName>Dimmable</FeatureName><FeatureLongDescription>Dimmable</FeatureLongDescription><FeatureGlossary>This bulb can be used with most dimmers to create your desired ambience.</FeatureGlossary><FeatureRank>2</FeatureRank><FeatureTopRank>2</FeatureTopRank></Feature><Feature><FeatureCode>F400066305</FeatureCode><FeatureName>Instant On</FeatureName><FeatureLongDescription>Instant On</FeatureLongDescription><FeatureGlossary>Just by turning the switch, the light is at full brightness. No slow starting or waiting.</FeatureGlossary><FeatureRank>1</FeatureRank><FeatureTopRank>3</FeatureTopRank></Feature></KeyBenefitArea><FeatureImage><FeatureCode>F400064306</FeatureCode><FeatureReferenceName>Halogen Alternative to incandescent</FeatureReferenceName><FeatureImageRank>1</FeatureImageRank><FeatureImageURL>http://www.p4c.philips.com/cgi-bin/dcbint/get?id=F400064306&amp;doctype=FIP&amp;alt=1</FeatureImageURL></FeatureImage><FeatureImage><FeatureCode>F400064486</FeatureCode><FeatureReferenceName>Dimmble US Halogen</FeatureReferenceName><FeatureImageRank>2</FeatureImageRank><FeatureImageURL>http://www.p4c.philips.com/cgi-bin/dcbint/get?id=F400064486&amp;doctype=FIP&amp;alt=1</FeatureImageURL></FeatureImage><FeatureImage><FeatureCode>F400066305</FeatureCode><FeatureReferenceName>Instant On-light</FeatureReferenceName><FeatureImageRank>3</FeatureImageRank><FeatureImageURL>http://www.p4c.philips.com/cgi-bin/dcbint/get?id=F400066305&amp;doctype=FIP&amp;alt=1</FeatureImageURL></FeatureImage><FeatureHighlight><FeatureCode>F400064306</FeatureCode><FeatureHighlightRank>1</FeatureHighlightRank></FeatureHighlight><FeatureHighlight><FeatureCode>F400064486</FeatureCode><FeatureHighlightRank>2</FeatureHighlightRank></FeatureHighlight><FeatureHighlight><FeatureCode>F400066305</FeatureCode><FeatureHighlightRank>3</FeatureHighlightRank></FeatureHighlight><CSChapter><CSChapterCode>CH4006022</CSChapterCode><CSChapterName>Bulb characteristics</CSChapterName><CSChapterRank>1</CSChapterRank><CSItem><CSItemCode>IT4029275</CSItemCode><CSItemName>Shape</CSItemName><CSItemRank>1</CSItemRank><CSValue><CSValueCode>VA4074621</CSValueCode><CSValueName>Mini Reflector Flood</CSValueName><CSValueRank>10</CSValueRank></CSValue></CSItem><CSItem><CSItemCode>IT4029452</CSItemCode><CSItemName>Lamp shape code</CSItemName><CSItemRank>2</CSItemRank><CSValue><CSValueCode>VA4077881</CSValueCode><CSValueName>MRC16</CSValueName><CSValueRank>12</CSValueRank></CSValue></CSItem><CSItem><CSItemCode>IT4029276</CSItemCode><CSItemName>Base</CSItemName><CSItemRank>3</CSItemRank><CSValue><CSValueCode>VA4068537</CSValueCode><CSValueName>GU5.3</CSValueName><CSValueRank>9</CSValueRank></CSValue></CSItem><CSItem><CSItemCode>IT4029278</CSItemCode><CSItemName>Voltage</CSItemName><CSItemRank>4</CSItemRank><CSValue><CSValueCode>VA4067745</CSValueCode><CSValueName>12</CSValueName><CSValueRank>1</CSValueRank></CSValue><UnitOfMeasure><UnitOfMeasureCode>3000071</UnitOfMeasureCode><UnitOfMeasureName>volt</UnitOfMeasureName><UnitOfMeasureSymbol>V</UnitOfMeasureSymbol></UnitOfMeasure></CSItem><CSItem><CSItemCode>IT4029279</CSItemCode><CSItemName>Dimmable</CSItemName><CSItemRank>5</CSItemRank><CSValue><CSValueCode>VA4067746</CSValueCode><CSValueName>Yes</CSValueName><CSValueRank>2</CSValueRank></CSValue></CSItem></CSChapter><CSChapter><CSChapterCode>CH4005202</CSChapterCode><CSChapterName>Power consumption</CSChapterName><CSChapterRank>2</CSChapterRank><CSItem><CSItemCode>IT4029051</CSItemCode><CSItemName>Wattage</CSItemName><CSItemRank>1</CSItemRank><CSValue><CSValueCode>VA4067442</CSValueCode><CSValueName>50</CSValueName><CSValueRank>1</CSValueRank></CSValue><UnitOfMeasure><UnitOfMeasureCode>3000072</UnitOfMeasureCode><UnitOfMeasureName>watt</UnitOfMeasureName><UnitOfMeasureSymbol>W</UnitOfMeasureSymbol></UnitOfMeasure></CSItem></CSChapter><CSChapter><CSChapterCode>CH4005203</CSChapterCode><CSChapterName>Light characteristics</CSChapterName><CSChapterRank>3</CSChapterRank><CSItem><CSItemCode>IT4029170</CSItemCode><CSItemName>Color rendering index (CRI)</CSItemName><CSItemRank>1</CSItemRank><CSValue><CSValueCode>VA4067596</CSValueCode><CSValueName>100</CSValueName><CSValueRank>1</CSValueRank></CSValue></CSItem><CSItem><CSItemCode>IT4029159</CSItemCode><CSItemName>Color temperature</CSItemName><CSItemRank>2</CSItemRank><CSValue><CSValueCode>VA4067572</CSValueCode><CSValueName>3000</CSValueName><CSValueRank>1</CSValueRank></CSValue><UnitOfMeasure><UnitOfMeasureCode>4000041</UnitOfMeasureCode><UnitOfMeasureName>Kelvin</UnitOfMeasureName><UnitOfMeasureSymbol>K</UnitOfMeasureSymbol></UnitOfMeasure></CSItem><CSItem><CSItemCode>IT4026384</CSItemCode><CSItemName>Light effect/finish</CSItemName><CSItemRank>3</CSItemRank><CSValue><CSValueCode>VA4062509</CSValueCode><CSValueName>Clear</CSValueName><CSValueRank>4</CSValueRank></CSValue></CSItem><CSItem><CSItemCode>IT4026387</CSItemCode><CSItemName>Light output</CSItemName><CSItemRank>5</CSItemRank><CSValue><CSValueCode>VA4062484</CSValueCode><CSValueName>750</CSValueName><CSValueRank>1</CSValueRank></CSValue><UnitOfMeasure><UnitOfMeasureCode>4000123</UnitOfMeasureCode><UnitOfMeasureName>Lumen</UnitOfMeasureName><UnitOfMeasureSymbol>lumen</UnitOfMeasureSymbol></UnitOfMeasure></CSItem></CSChapter><CSChapter><CSChapterCode>CH4005204</CSChapterCode><CSChapterName>Durability</CSChapterName><CSChapterRank>4</CSChapterRank><CSItem><CSItemCode>IT4029164</CSItemCode><CSItemName>Average life (at 2.7 hrs/day)</CSItemName><CSItemRank>1</CSItemRank><CSValue><CSValueCode>VA4067588</CSValueCode><CSValueName>2.7</CSValueName><CSValueRank>1</CSValueRank></CSValue><UnitOfMeasure><UnitOfMeasureCode>4000081</UnitOfMeasureCode><UnitOfMeasureName>Years</UnitOfMeasureName><UnitOfMeasureSymbol>year(s)</UnitOfMeasureSymbol></UnitOfMeasure></CSItem><CSItem><CSItemCode>IT4036029</CSItemCode><CSItemName>Average Life Hours</CSItemName><CSItemRank>2</CSItemRank><CSValue><CSValueCode>VA4083860</CSValueCode><CSValueName>3.000.000 H</CSValueName><CSValueRank>1</CSValueRank></CSValue></CSItem></CSChapter><CSChapter><CSChapterCode>CH4006021</CSChapterCode><CSChapterName>Bulb dimensions</CSChapterName><CSChapterRank>6</CSChapterRank><CSItem><CSItemCode>IT4029271</CSItemCode><CSItemName>Height</CSItemName><CSItemRank>1</CSItemRank><CSValue><CSValueCode>VA4067741</CSValueCode><CSValueName>47.5</CSValueName><CSValueRank>1</CSValueRank></CSValue><UnitOfMeasure><UnitOfMeasureCode>3000058</UnitOfMeasureCode><UnitOfMeasureName>millimeter</UnitOfMeasureName><UnitOfMeasureSymbol>mm</UnitOfMeasureSymbol></UnitOfMeasure></CSItem><CSItem><CSItemCode>IT4029272</CSItemCode><CSItemName>Width</CSItemName><CSItemRank>2</CSItemRank><CSValue><CSValueCode>VA4067742</CSValueCode><CSValueName>50.8</CSValueName><CSValueRank>1</CSValueRank></CSValue><UnitOfMeasure><UnitOfMeasureCode>3000058</UnitOfMeasureCode><UnitOfMeasureName>millimeter</UnitOfMeasureName><UnitOfMeasureSymbol>mm</UnitOfMeasureSymbol></UnitOfMeasure></CSItem></CSChapter><Disclaimer><DisclaimerCode>DIS40005321</DisclaimerCode><DisclaimerName>*Based on 3 hrs/day, 11¢/kWh. Cost depends on rates and use.</DisclaimerName></Disclaimer><Disclaimer><DisclaimerCode>DIS40006781</DisclaimerCode><DisclaimerName>2.7 years means rated average life based on engineering testing and probability analysis where the bulb is used on average 3 hours/day, 7 days a week.</DisclaimerName></Disclaimer><MarketingVersion>2.0.1</MarketingVersion><MarketingStatus>Final Published</MarketingStatus><Code12NC>926000850099</Code12NC></Product></Products>