<?xml version="1.0" encoding="UTF-8"?><Products xmlns:source="http://apache.org/cocoon/source/1.0"><Product Brand="PHI" Division="CE" EndOfPublication="2119-05-21T00:00:00" IsAccessory="false" IsMaster="true" StartOfPublication="2013-12-01T00:00:00" lastModified="2018-06-09T01:08:16" masterLastModified="2018-06-09T00:55:22"><CTN>046677420857</CTN><DTN>046677420857</DTN><Categorization><GroupCode>LIGHTING_GR</GroupCode><GroupName>Lighting</GroupName><CategoryCode>CHOOSE_A_BULB_CA</CategoryCode><CategoryName>Choose a bulb</CategoryName><SubcategoryCode>GLOBE_BULB_SU</SubcategoryCode><SubcategoryName>Globe</SubcategoryName></Categorization><ProductImage><ProductImageFTLURL>http://www.p4c.philips.com/cgi-bin/dcbint/get?id=046677420857&amp;doctype=FTP&amp;alt=1</ProductImageFTLURL><ProductImageEBURL>http://www.p4c.philips.com/cgi-bin/dcbint/get?id=046677420857&amp;doctype=BPP&amp;alt=1</ProductImageEBURL></ProductImage><Assets><Asset Description="Leaflet" Type="PSS">http://download.p4c.philips.com/files/0/046677420857/046677420857_pss_aenus.pdf</Asset><Asset Description="Leaflet" Type="PSS">http://download.p4c.philips.com/files/0/046677420857/046677420857_pss_.pdf</Asset><Asset Description="Standard product photograph - highres 2196x1795" Type="RTP">http://images.philips.com/is/image/PhilipsConsumer/046677420857-RTP-global-001</Asset></Assets><FullProductName>Philips Halogen Globe 046677420857 40 W (60 W) Medium base (E26) Pleasant light</FullProductName><ProductName>40 W (60 W) Medium base (E26) Pleasant light Globe</ProductName><NamingString><MasterBrand><BrandCode>PHI</BrandCode><BrandName>Philips</BrandName></MasterBrand><BrandString>Philips</BrandString><Concept><ConceptCode>SB40001530</ConceptCode><ConceptName>Halogen</ConceptName><ConceptLogoURL>http://www.p4c.philips.com/cgi-bin/dcbint/get?id=SB40001530&amp;doctype=CLL&amp;alt=1</ConceptLogoURL><ConceptNameUsed>1</ConceptNameUsed><IsFamily>1</IsFamily></Concept><Descriptor><DescriptorCode>D4006691</DescriptorCode><DescriptorName>Globe</DescriptorName></Descriptor><Alphanumeric>046677420857</Alphanumeric><VersionElement1><VersionElementCode>V4033483</VersionElementCode><VersionElementName>40 W (60 W)</VersionElementName></VersionElement1><VersionElement2><VersionElementCode>V4029323</VersionElementCode><VersionElementName>Medium base (E26)</VersionElementName></VersionElement2><VersionElement3><VersionElementCode>V4033463</VersionElementCode><VersionElementName>Pleasant light</VersionElementName></VersionElement3><VersionString>40 W (60 W) Medium base (E26) Pleasant light</VersionString><BrandedFeatureString/><DescriptorBrandedFeatureString>Globe</DescriptorBrandedFeatureString></NamingString><WOW>Energys savings without sacrifice</WOW><SubWOW>A bright, decorative alternative to incandescents</SubWOW><MarketingTextHeader>Philips 40W dimmable halogen globe provides soft pleasant light. An energy saving alternative to a 40W standard incandescent, it has no mercury, can last up to 2.3 years* and has an estimated yearly energy cost of $4.82**.</MarketingTextHeader><MarketingTextBody/><SupraFeature/><KeyBenefitArea><KeyBenefitAreaCode>K4027866</KeyBenefitAreaCode><KeyBenefitAreaName>Energy efficiency</KeyBenefitAreaName><KeyBenefitAreaRank>1</KeyBenefitAreaRank><Feature><FeatureCode>F400066086</FeatureCode><FeatureName>Reduces energy costs</FeatureName><FeatureLongDescription>Reduces energy costs</FeatureLongDescription><FeatureGlossary>This bulb saves up to 38%*** in electricity costs when compared to a 40W incandescent.</FeatureGlossary><FeatureRank>4</FeatureRank><FeatureTopRank>3</FeatureTopRank></Feature></KeyBenefitArea><KeyBenefitArea><KeyBenefitAreaCode>K4026934</KeyBenefitAreaCode><KeyBenefitAreaName>Pleasant light</KeyBenefitAreaName><KeyBenefitAreaRank>2</KeyBenefitAreaRank><Feature><FeatureCode>F400066088</FeatureCode><FeatureName>Alternative to incandescent</FeatureName><FeatureLongDescription>Bright alternative to incandescent</FeatureLongDescription><FeatureGlossary>This halogen light bulb provides a soft, pleasant light that is ideal for decorative fixtures and creating ambience in your décor.</FeatureGlossary><FeatureRank>2</FeatureRank><FeatureTopRank>4</FeatureTopRank></Feature></KeyBenefitArea><KeyBenefitArea><KeyBenefitAreaCode>K300000216</KeyBenefitAreaCode><KeyBenefitAreaName>Easy to use</KeyBenefitAreaName><KeyBenefitAreaRank>3</KeyBenefitAreaRank><Feature><FeatureCode>F400052516</FeatureCode><FeatureName>Instant on</FeatureName><FeatureLongDescription>Instant on</FeatureLongDescription><FeatureGlossary>Just by flipping the switch, your room is at full brightness. No slow starting or waiting.</FeatureGlossary><FeatureRank>1</FeatureRank><FeatureTopRank>1</FeatureTopRank></Feature><Feature><FeatureCode>F400064486</FeatureCode><FeatureName>Dimmable</FeatureName><FeatureLongDescription>Dimmable</FeatureLongDescription><FeatureGlossary>This bulb can be used with most dimmers to create your desired ambience.</FeatureGlossary><FeatureRank>3</FeatureRank><FeatureTopRank>2</FeatureTopRank></Feature></KeyBenefitArea><FeatureImage><FeatureCode>F400052516</FeatureCode><FeatureReferenceName>Instant on - US</FeatureReferenceName><FeatureImageRank>1</FeatureImageRank><FeatureImageURL>http://www.p4c.philips.com/cgi-bin/dcbint/get?id=F400052516&amp;doctype=FIP&amp;alt=1</FeatureImageURL></FeatureImage><FeatureImage><FeatureCode>F400064486</FeatureCode><FeatureReferenceName>Dimmble US Halogen</FeatureReferenceName><FeatureImageRank>2</FeatureImageRank><FeatureImageURL>http://www.p4c.philips.com/cgi-bin/dcbint/get?id=F400064486&amp;doctype=FIP&amp;alt=1</FeatureImageURL></FeatureImage><FeatureImage><FeatureCode>F400066086</FeatureCode><FeatureReferenceName>Hal-Reduces energy costs-38</FeatureReferenceName><FeatureImageRank>3</FeatureImageRank><FeatureImageURL>http://www.p4c.philips.com/cgi-bin/dcbint/get?id=F400066086&amp;doctype=FIP&amp;alt=1</FeatureImageURL></FeatureImage><FeatureImage><FeatureCode>F400066088</FeatureCode><FeatureReferenceName>pleasant-light-US</FeatureReferenceName><FeatureImageRank>4</FeatureImageRank><FeatureImageURL>http://www.p4c.philips.com/cgi-bin/dcbint/get?id=F400066088&amp;doctype=FIP&amp;alt=1</FeatureImageURL></FeatureImage><FeatureHighlight><FeatureCode>F400052516</FeatureCode><FeatureHighlightRank>1</FeatureHighlightRank></FeatureHighlight><FeatureHighlight><FeatureCode>F400064486</FeatureCode><FeatureHighlightRank>2</FeatureHighlightRank></FeatureHighlight><FeatureHighlight><FeatureCode>F400066086</FeatureCode><FeatureHighlightRank>3</FeatureHighlightRank></FeatureHighlight><FeatureHighlight><FeatureCode>F400066088</FeatureCode><FeatureHighlightRank>4</FeatureHighlightRank></FeatureHighlight><CSChapter><CSChapterCode>CH4006022</CSChapterCode><CSChapterName>Bulb characteristics</CSChapterName><CSChapterRank>1</CSChapterRank><CSItem><CSItemCode>IT4029275</CSItemCode><CSItemName>Shape</CSItemName><CSItemRank>2</CSItemRank><CSValue><CSValueCode>VA4067766</CSValueCode><CSValueName>Globe</CSValueName><CSValueRank>13</CSValueRank></CSValue></CSItem><CSItem><CSItemCode>IT4029452</CSItemCode><CSItemName>Lamp shape code</CSItemName><CSItemRank>6</CSItemRank><CSValue><CSValueCode>VA4068920</CSValueCode><CSValueName>G25</CSValueName><CSValueRank>8</CSValueRank></CSValue></CSItem><CSItem><CSItemCode>IT4029276</CSItemCode><CSItemName>Base</CSItemName><CSItemRank>13</CSItemRank><CSValue><CSValueCode>VA4081116</CSValueCode><CSValueName>Medium Screw (E26)</CSValueName><CSValueRank>14</CSValueRank></CSValue></CSItem><CSItem><CSItemCode>IT4029278</CSItemCode><CSItemName>Voltage</CSItemName><CSItemRank>17</CSItemRank><CSValue><CSValueCode>VA4067745</CSValueCode><CSValueName>120</CSValueName><CSValueRank>1</CSValueRank></CSValue><UnitOfMeasure><UnitOfMeasureCode>3000071</UnitOfMeasureCode><UnitOfMeasureName>volt</UnitOfMeasureName><UnitOfMeasureSymbol>V</UnitOfMeasureSymbol></UnitOfMeasure></CSItem><CSItem><CSItemCode>IT4029279</CSItemCode><CSItemName>Dimmable</CSItemName><CSItemRank>19</CSItemRank><CSValue><CSValueCode>VA4067746</CSValueCode><CSValueName>Yes</CSValueName><CSValueRank>2</CSValueRank></CSValue></CSItem></CSChapter><CSChapter><CSChapterCode>CH4005202</CSChapterCode><CSChapterName>Power consumption</CSChapterName><CSChapterRank>2</CSChapterRank><CSItem><CSItemCode>IT4029051</CSItemCode><CSItemName>Wattage</CSItemName><CSItemRank>4</CSItemRank><CSValue><CSValueCode>VA4067442</CSValueCode><CSValueName>40</CSValueName><CSValueRank>1</CSValueRank></CSValue><UnitOfMeasure><UnitOfMeasureCode>3000072</UnitOfMeasureCode><UnitOfMeasureName>watt</UnitOfMeasureName><UnitOfMeasureSymbol>W</UnitOfMeasureSymbol></UnitOfMeasure></CSItem><CSItem><CSItemCode>IT4029052</CSItemCode><CSItemName>Wattage equivalent</CSItemName><CSItemRank>10</CSItemRank><CSValue><CSValueCode>VA4067443</CSValueCode><CSValueName>60</CSValueName><CSValueRank>1</CSValueRank></CSValue><UnitOfMeasure><UnitOfMeasureCode>3000072</UnitOfMeasureCode><UnitOfMeasureName>watt</UnitOfMeasureName><UnitOfMeasureSymbol>W</UnitOfMeasureSymbol></UnitOfMeasure></CSItem></CSChapter><CSChapter><CSChapterCode>CH4005203</CSChapterCode><CSChapterName>Light characteristics</CSChapterName><CSChapterRank>3</CSChapterRank><CSItem><CSItemCode>IT4035884</CSItemCode><CSItemName>Application</CSItemName><CSItemRank>1</CSItemRank><CSValue><CSValueCode>VA4083393</CSValueCode><CSValueName>Sparkling light</CSValueName><CSValueRank>9</CSValueRank></CSValue></CSItem><CSItem><CSItemCode>IT4029170</CSItemCode><CSItemName>Color rendering index (CRI)</CSItemName><CSItemRank>3</CSItemRank><CSValue><CSValueCode>VA4067596</CSValueCode><CSValueName>100</CSValueName><CSValueRank>1</CSValueRank></CSValue></CSItem><CSItem><CSItemCode>IT4029159</CSItemCode><CSItemName>Color temperature</CSItemName><CSItemRank>8</CSItemRank><CSValue><CSValueCode>VA4067572</CSValueCode><CSValueName>2800</CSValueName><CSValueRank>1</CSValueRank></CSValue><UnitOfMeasure><UnitOfMeasureCode>4000041</UnitOfMeasureCode><UnitOfMeasureName>Kelvin</UnitOfMeasureName><UnitOfMeasureSymbol>K</UnitOfMeasureSymbol></UnitOfMeasure></CSItem><CSItem><CSItemCode>IT4026387</CSItemCode><CSItemName>Light output</CSItemName><CSItemRank>14</CSItemRank><CSValue><CSValueCode>VA4062484</CSValueCode><CSValueName>500</CSValueName><CSValueRank>1</CSValueRank></CSValue><UnitOfMeasure><UnitOfMeasureCode>4000123</UnitOfMeasureCode><UnitOfMeasureName>Lumen</UnitOfMeasureName><UnitOfMeasureSymbol>lumen</UnitOfMeasureSymbol></UnitOfMeasure></CSItem><CSItem><CSItemCode>IT4026384</CSItemCode><CSItemName>Light effect/finish</CSItemName><CSItemRank>15</CSItemRank><CSValue><CSValueCode>VA4067610</CSValueCode><CSValueName>White</CSValueName><CSValueRank>12</CSValueRank></CSValue></CSItem></CSChapter><CSChapter><CSChapterCode>CH4005204</CSChapterCode><CSChapterName>Durability</CSChapterName><CSChapterRank>4</CSChapterRank><CSItem><CSItemCode>4026795</CSItemCode><CSItemName>Lifetime of lamps</CSItemName><CSItemRank>9</CSItemRank><CSValue><CSValueCode>VA4063245</CSValueCode><CSValueName>2,500</CSValueName><CSValueRank>1</CSValueRank></CSValue><UnitOfMeasure><UnitOfMeasureCode>4000007</UnitOfMeasureCode><UnitOfMeasureName>-Hour</UnitOfMeasureName><UnitOfMeasureSymbol>hour(s)</UnitOfMeasureSymbol></UnitOfMeasure></CSItem></CSChapter><CSChapter><CSChapterCode>CH4006021</CSChapterCode><CSChapterName>Bulb dimensions</CSChapterName><CSChapterRank>5</CSChapterRank><CSItem><CSItemCode>IT4029273</CSItemCode><CSItemName>Height</CSItemName><CSItemRank>5</CSItemRank><CSValue><CSValueCode>VA4067743</CSValueCode><CSValueName>4.25</CSValueName><CSValueRank>1</CSValueRank></CSValue><UnitOfMeasure><UnitOfMeasureCode>3000047</UnitOfMeasureCode><UnitOfMeasureName>inch</UnitOfMeasureName><UnitOfMeasureSymbol>inch</UnitOfMeasureSymbol></UnitOfMeasure></CSItem><CSItem><CSItemCode>IT4029274</CSItemCode><CSItemName>Width</CSItemName><CSItemRank>11</CSItemRank><CSValue><CSValueCode>VA4067744</CSValueCode><CSValueName>3.13</CSValueName><CSValueRank>1</CSValueRank></CSValue><UnitOfMeasure><UnitOfMeasureCode>3000047</UnitOfMeasureCode><UnitOfMeasureName>inch</UnitOfMeasureName><UnitOfMeasureSymbol>inch</UnitOfMeasureSymbol></UnitOfMeasure></CSItem></CSChapter><Disclaimer><DisclaimerCode>DIS40006841</DisclaimerCode><DisclaimerName>2.3 years means rated average life based on engineering testing and probability analysis where the bulb is used on average 3 hours/day, 7 days a week.</DisclaimerName></Disclaimer><Disclaimer><DisclaimerCode>DIS40005322</DisclaimerCode><DisclaimerName>*Based on 3 hrs/day, 11¢/kWh. Cost depends on rates and use.</DisclaimerName></Disclaimer><MarketingVersion>6.0.1</MarketingVersion><MarketingStatus>Final Published</MarketingStatus><Code12NC>925708036301</Code12NC></Product></Products>