<?xml version="1.0" encoding="UTF-8"?><Products xmlns:source="http://apache.org/cocoon/source/1.0"><Product Brand="PHI" Division="CE" EndOfPublication="2119-12-31T00:00:00" IsAccessory="false" IsMaster="true" StartOfPublication="2011-11-24T00:00:00" lastModified="2016-09-17T23:49:37" masterLastModified="2016-09-17T23:46:31"><CTN>046677416126</CTN><DTN>046677416126</DTN><Categorization><GroupCode>LIGHTING_GR</GroupCode><GroupName>Lighting</GroupName><CategoryCode>CHOOSE_A_BULB_CA</CategoryCode><CategoryName>Choose a bulb</CategoryName><SubcategoryCode>SPECIALTY_BULB_SU</SubcategoryCode><SubcategoryName>Specialty</SubcategoryName></Categorization><ProductImage><ProductImageFTLURL>http://www.p4c.philips.com/cgi-bin/dcbint/get?id=046677416126&amp;doctype=FTP&amp;alt=1</ProductImageFTLURL><ProductImageEBURL>http://www.p4c.philips.com/cgi-bin/dcbint/get?id=046677416126&amp;doctype=BPP&amp;alt=1</ProductImageEBURL></ProductImage><Assets><Asset Description="Leaflet" Type="PSS">http://download.p4c.philips.com/files/0/046677416126/046677416126_pss_aenus.pdf</Asset><Asset Description="Leaflet" Type="PSS">http://download.p4c.philips.com/files/0/046677416126/046677416126_pss_.pdf</Asset><Asset Description="Standard product photograph - highres 2196x1795" Type="RTP">http://images.philips.com/is/image/PhilipsConsumer/046677416126-RTP-global-001</Asset></Assets><FullProductName>Philips Appliance 046677416126 15W T7 Candelabra Base</FullProductName><ProductName>15W T7 Candelabra Base Appliance</ProductName><NamingString><MasterBrand><BrandCode>PHI</BrandCode><BrandName>Philips</BrandName></MasterBrand><BrandString>Philips</BrandString><Descriptor><DescriptorCode>D4013683</DescriptorCode><DescriptorName>Appliance</DescriptorName></Descriptor><Alphanumeric>046677416126</Alphanumeric><VersionElement1><VersionElementCode>V4018040</VersionElementCode><VersionElementName>15W</VersionElementName></VersionElement1><VersionElement2><VersionElementCode>V4017983</VersionElementCode><VersionElementName>T7</VersionElementName></VersionElement2><VersionElement3><VersionElementCode>V4017989</VersionElementCode><VersionElementName>Candelabra Base</VersionElementName></VersionElement3><VersionString>15W T7 Candelabra Base</VersionString><BrandedFeatureString/><DescriptorBrandedFeatureString>Appliance</DescriptorBrandedFeatureString></NamingString><WOW>Light for all of your specialized fixtures</WOW><MarketingTextHeader>Philips Specialty Incandescent and halogen bulbs provide the perfect light for accent and display lighting as well as general lighting in a variety of applications.</MarketingTextHeader><MarketingTextBody/><SupraFeature/><KeyBenefitArea><KeyBenefitAreaCode>K4015916</KeyBenefitAreaCode><KeyBenefitAreaName>Specialty bulb</KeyBenefitAreaName><KeyBenefitAreaRank>1</KeyBenefitAreaRank><Feature><FeatureCode>F400036444</FeatureCode><FeatureName>For household appliances</FeatureName><FeatureLongDescription>For microwaves, ovens, sewing machines, and other appliances</FeatureLongDescription><FeatureRank>1</FeatureRank><FeatureTopRank>1</FeatureTopRank></Feature></KeyBenefitArea><FeatureImage><FeatureCode>F400036444</FeatureCode><FeatureReferenceName>For household appliances</FeatureReferenceName><FeatureImageRank>1</FeatureImageRank><FeatureImageURL>http://www.p4c.philips.com/cgi-bin/dcbint/get?id=F400036444&amp;doctype=FIP&amp;alt=1</FeatureImageURL></FeatureImage><FeatureHighlight><FeatureCode>F400036444</FeatureCode><FeatureHighlightRank>1</FeatureHighlightRank></FeatureHighlight><CSChapter><CSChapterCode>3000956</CSChapterCode><CSChapterName>Technical specifications</CSChapterName><CSChapterRank>1</CSChapterRank><CSItem><CSItemCode>4013682</CSItemCode><CSItemName>Indoor</CSItemName><CSItemRank>1</CSItemRank><CSValue><CSValueCode>VA4026371</CSValueCode><CSValueName>Yes</CSValueName><CSValueRank>1</CSValueRank></CSValue></CSItem><CSItem><CSItemCode>4010359</CSItemCode><CSItemName>Lamp holder</CSItemName><CSItemRank>2</CSItemRank><CSValue><CSValueCode>VA4046730</CSValueCode><CSValueName>T7</CSValueName><CSValueRank>2</CSValueRank></CSValue></CSItem><CSItem><CSItemCode>4010362</CSItemCode><CSItemName>Number of lamps</CSItemName><CSItemRank>4</CSItemRank><CSValue><CSValueCode>VA4024142</CSValueCode><CSValueName>1</CSValueName><CSValueRank>1</CSValueRank></CSValue></CSItem><CSItem><CSItemCode>4010363</CSItemCode><CSItemName>Placement</CSItemName><CSItemRank>5</CSItemRank><CSValue><CSValueCode>VA4046765</CSValueCode><CSValueName>Microwave</CSValueName><CSValueRank>5</CSValueRank></CSValue><CSValue><CSValueCode>VA4046772</CSValueCode><CSValueName>Oven</CSValueName><CSValueRank>6</CSValueRank></CSValue><CSValue><CSValueCode>VA4046786</CSValueCode><CSValueName>Sewing Machines</CSValueName><CSValueRank>7</CSValueRank></CSValue></CSItem><CSItem><CSItemCode>4010364</CSItemCode><CSItemName>Power supply</CSItemName><CSItemRank>6</CSItemRank><CSValue><CSValueCode>VA4024143</CSValueCode><CSValueName>120</CSValueName><CSValueRank>1</CSValueRank></CSValue><UnitOfMeasure><UnitOfMeasureCode>3000071</UnitOfMeasureCode><UnitOfMeasureName>volt</UnitOfMeasureName><UnitOfMeasureSymbol>V</UnitOfMeasureSymbol></UnitOfMeasure></CSItem><CSItem><CSItemCode>S_0000107</CSItemCode><CSItemName>Wattage</CSItemName><CSItemRank>8</CSItemRank><CSValue><CSValueCode>VA4007180</CSValueCode><CSValueName>15</CSValueName><CSValueRank>1</CSValueRank></CSValue><UnitOfMeasure><UnitOfMeasureCode>3000072</UnitOfMeasureCode><UnitOfMeasureName>watt</UnitOfMeasureName><UnitOfMeasureSymbol>W</UnitOfMeasureSymbol></UnitOfMeasure></CSItem></CSChapter><CSChapter><CSChapterCode>CH4005203</CSChapterCode><CSChapterName>Light characteristics</CSChapterName><CSChapterRank>1</CSChapterRank><CSItem><CSItemCode>IT4035884</CSItemCode><CSItemName>Application</CSItemName><CSItemRank>1</CSItemRank><CSValue><CSValueCode>VA4083395</CSValueCode><CSValueName>Special application</CSValueName><CSValueRank>1</CSValueRank></CSValue></CSItem></CSChapter><MarketingVersion>1.0.0</MarketingVersion><MarketingStatus>Final Published</MarketingStatus><GTIN>046677416126</GTIN><Code12NC>925173536300</Code12NC></Product></Products>