<?xml version="1.0" encoding="UTF-8"?><Products xmlns:source="http://apache.org/cocoon/source/1.0"><Product Brand="PHI" Division="CE" EndOfPublication="2119-11-04T00:00:00" IsAccessory="false" IsMaster="true" StartOfPublication="2013-02-04T00:00:00" lastModified="2018-06-01T00:43:40" masterLastModified="2018-06-01T00:40:22"><CTN>046677421946</CTN><DTN>046677421946</DTN><Categorization><GroupCode>LIGHTING_GR</GroupCode><GroupName>Lighting</GroupName><CategoryCode>CHOOSE_A_BULB_CA</CategoryCode><CategoryName>Choose a bulb</CategoryName><SubcategoryCode>REFLECTOR_BULB_SU</SubcategoryCode><SubcategoryName>Reflector</SubcategoryName></Categorization><ProductImage><ProductImageFTLURL>http://www.p4c.philips.com/cgi-bin/dcbint/get?id=046677421946&amp;doctype=FTP&amp;alt=1</ProductImageFTLURL><ProductImageEBURL>http://www.p4c.philips.com/cgi-bin/dcbint/get?id=046677421946&amp;doctype=BPP&amp;alt=1</ProductImageEBURL></ProductImage><Assets><Asset Description="Leaflet" Type="PSS">http://download.p4c.philips.com/files/0/046677421946/046677421946_pss_aenus.pdf</Asset><Asset Description="Leaflet" Type="PSS">http://download.p4c.philips.com/files/0/046677421946/046677421946_pss_.pdf</Asset><Asset Description="Standard product photograph - highres 2196x1795" Type="RTP">http://images.philips.com/is/image/PhilipsConsumer/046677421946-RTP-global-001</Asset></Assets><FullProductName>Philips LED Reflector 046677421946 13W (65W) E26 Warm white Dimmable</FullProductName><ProductName>13W (65W) E26 Warm white Dimmable Reflector</ProductName><NamingString><MasterBrand><BrandCode>PHI</BrandCode><BrandName>Philips</BrandName></MasterBrand><BrandString>Philips</BrandString><Concept><ConceptCode>SB40002784</ConceptCode><ConceptName>LED</ConceptName><ConceptLogoURL>http://www.p4c.philips.com/cgi-bin/dcbint/get?id=SB40002784&amp;doctype=CLL&amp;alt=1</ConceptLogoURL><ConceptNameUsed>1</ConceptNameUsed><IsFamily>1</IsFamily></Concept><Descriptor><DescriptorCode>D4006694</DescriptorCode><DescriptorName>Reflector</DescriptorName></Descriptor><Alphanumeric>046677421946</Alphanumeric><VersionElement1><VersionElementCode>V4026606</VersionElementCode><VersionElementName>13W (65W)</VersionElementName></VersionElement1><VersionElement2><VersionElementCode>D4011844</VersionElementCode><VersionElementName>E26</VersionElementName></VersionElement2><VersionElement3><VersionElementCode>V4008533</VersionElementCode><VersionElementName>Warm white</VersionElementName></VersionElement3><VersionElement4><VersionElementCode>V4029030</VersionElementCode><VersionElementName>Dimmable</VersionElementName></VersionElement4><VersionString>13W (65W) E26 Warm white Dimmable</VersionString><BrandedFeatureString/><DescriptorBrandedFeatureString>Reflector</DescriptorBrandedFeatureString></NamingString><WOW>Experience warm white LED light</WOW><SubWOW>Create a warm, inviting ambiance</SubWOW><MarketingTextHeader>Durable LED accent lighting with a focused bright beam</MarketingTextHeader><MarketingTextBody/><SupraFeature/><KeyBenefitArea><KeyBenefitAreaCode>K4023977</KeyBenefitAreaCode><KeyBenefitAreaName>Warm sparkling light</KeyBenefitAreaName><KeyBenefitAreaRank>1</KeyBenefitAreaRank><Feature><FeatureCode>F400040408</FeatureCode><FeatureName>Warm white light (2700K)</FeatureName><FeatureLongDescription>True incandescent-like warm white light (2700 K)</FeatureLongDescription><FeatureGlossary>Light can have different color temperatures, indicated in units called Kelvin (K). Bulbs with a low Kelvin value produce a warm, more cozy light, while those with a higher Kelvin value produce a cool, more energizing light.</FeatureGlossary><FeatureRank>1</FeatureRank><FeatureTopRank>1</FeatureTopRank></Feature><Feature><FeatureCode>F400040409</FeatureCode><FeatureName>High color rendering (CRI&gt;80)</FeatureName><FeatureLongDescription>High color rendering (CRI &gt; 80) for vivid colors</FeatureLongDescription><FeatureGlossary>The color rendering index (CRI) is used to describe the effect of a light source on color appearance. Natural outdoor light has a CRI of 100 and is used as the standard of comparison for any other light source. The CRI of Philips LED light bulbs is always higher than 80, close to the sun's value, reflecting colors truly and naturally.</FeatureGlossary><FeatureRank>2</FeatureRank><FeatureTopRank>2</FeatureTopRank></Feature></KeyBenefitArea><KeyBenefitArea><KeyBenefitAreaCode>K4008557</KeyBenefitAreaCode><KeyBenefitAreaName>Sustainable choice</KeyBenefitAreaName><KeyBenefitAreaRank>2</KeyBenefitAreaRank><Feature><FeatureCode>F400040488</FeatureCode><FeatureName>Very low energy consumption</FeatureName><FeatureLongDescription>Very low energy consumption; saving at least 80%</FeatureLongDescription><FeatureGlossary>By replacing traditional light bulbs with a Philips LED alternative, you will gain immediate, significant energy savings while contributing to a sustainable planet.</FeatureGlossary><FeatureRank>4</FeatureRank><FeatureTopRank>5</FeatureTopRank></Feature></KeyBenefitArea><KeyBenefitArea><KeyBenefitAreaCode>K4017614</KeyBenefitAreaCode><KeyBenefitAreaName>Designed for perfect light quality</KeyBenefitAreaName><KeyBenefitAreaRank>3</KeyBenefitAreaRank><Feature><FeatureCode>F400040485</FeatureCode><FeatureName>Light all around</FeatureName><FeatureLongDescription>Light all around</FeatureLongDescription><FeatureGlossary>Through its innovative design, this Philips LED bulb avoids the appearance of a shadow, providing natural warm white light all around.</FeatureGlossary><FeatureRank>3</FeatureRank><FeatureTopRank>3</FeatureTopRank></Feature></KeyBenefitArea><FeatureImage><FeatureCode>F400040408</FeatureCode><FeatureReferenceName>2700K [LED lamps]</FeatureReferenceName><FeatureImageRank>1</FeatureImageRank><FeatureImageURL>http://www.p4c.philips.com/cgi-bin/dcbint/get?id=F400040408&amp;doctype=FIP&amp;alt=1</FeatureImageURL></FeatureImage><FeatureImage><FeatureCode>F400040409</FeatureCode><FeatureReferenceName>High color rendering (CRI &gt; 80) [LED lamps]</FeatureReferenceName><FeatureImageRank>2</FeatureImageRank><FeatureImageURL>http://www.p4c.philips.com/cgi-bin/dcbint/get?id=F400040409&amp;doctype=FIP&amp;alt=1</FeatureImageURL></FeatureImage><FeatureImage><FeatureCode>F400040485</FeatureCode><FeatureReferenceName>Light all around [LED lamps]</FeatureReferenceName><FeatureImageRank>3</FeatureImageRank><FeatureImageURL>http://www.p4c.philips.com/cgi-bin/dcbint/get?id=F400040485&amp;doctype=FIP&amp;alt=1</FeatureImageURL></FeatureImage><FeatureImage><FeatureCode>F400040488</FeatureCode><FeatureReferenceName>Saving up to 80% [LED lamps]</FeatureReferenceName><FeatureImageRank>5</FeatureImageRank><FeatureImageURL>http://www.p4c.philips.com/cgi-bin/dcbint/get?id=F400040488&amp;doctype=FIP&amp;alt=1</FeatureImageURL></FeatureImage><FeatureHighlight><FeatureCode>F400040408</FeatureCode><FeatureHighlightRank>1</FeatureHighlightRank></FeatureHighlight><FeatureHighlight><FeatureCode>F400040409</FeatureCode><FeatureHighlightRank>2</FeatureHighlightRank></FeatureHighlight><FeatureHighlight><FeatureCode>F400040485</FeatureCode><FeatureHighlightRank>3</FeatureHighlightRank></FeatureHighlight><FeatureHighlight><FeatureCode>F400040488</FeatureCode><FeatureHighlightRank>5</FeatureHighlightRank></FeatureHighlight><CSChapter><CSChapterCode>CH4006022</CSChapterCode><CSChapterName>Bulb characteristics</CSChapterName><CSChapterRank>2</CSChapterRank><CSItem><CSItemCode>IT4029279</CSItemCode><CSItemName>Dimmable</CSItemName><CSItemRank>1</CSItemRank><CSValue><CSValueCode>VA4067746</CSValueCode><CSValueName>Yes</CSValueName><CSValueRank>7</CSValueRank></CSValue></CSItem><CSItem><CSItemCode>IT4029275</CSItemCode><CSItemName>Shape</CSItemName><CSItemRank>2</CSItemRank><CSValue><CSValueCode>VA4067770</CSValueCode><CSValueName>Reflector</CSValueName><CSValueRank>11</CSValueRank></CSValue></CSItem><CSItem><CSItemCode>IT4029278</CSItemCode><CSItemName>Voltage</CSItemName><CSItemRank>3</CSItemRank><CSValue><CSValueCode>VA4067745</CSValueCode><CSValueName>110 - 130</CSValueName><CSValueRank>1</CSValueRank></CSValue><UnitOfMeasure><UnitOfMeasureCode>3000071</UnitOfMeasureCode><UnitOfMeasureName>volt</UnitOfMeasureName><UnitOfMeasureSymbol>V</UnitOfMeasureSymbol></UnitOfMeasure></CSItem><CSItem><CSItemCode>IT4029277</CSItemCode><CSItemName>Cap/fitting</CSItemName><CSItemRank>4</CSItemRank><CSValue><CSValueCode>VA4076922</CSValueCode><CSValueName>E26</CSValueName><CSValueRank>12</CSValueRank></CSValue></CSItem></CSChapter><CSChapter><CSChapterCode>CH4005204</CSChapterCode><CSChapterName>Durability</CSChapterName><CSChapterRank>3</CSChapterRank><CSItem><CSItemCode>IT4029164</CSItemCode><CSItemName>Average life (at 2.7 hrs/day)</CSItemName><CSItemRank>1</CSItemRank><CSValue><CSValueCode>VA4067588</CSValueCode><CSValueName>25</CSValueName><CSValueRank>1</CSValueRank></CSValue><UnitOfMeasure><UnitOfMeasureCode>4000081</UnitOfMeasureCode><UnitOfMeasureName>Years</UnitOfMeasureName><UnitOfMeasureSymbol>year(s)</UnitOfMeasureSymbol></UnitOfMeasure></CSItem><CSItem><CSItemCode>IT4029169</CSItemCode><CSItemName>Lifetime of lamp</CSItemName><CSItemRank>2</CSItemRank><CSValue><CSValueCode>VA4067595</CSValueCode><CSValueName>25000</CSValueName><CSValueRank>1</CSValueRank></CSValue><UnitOfMeasure><UnitOfMeasureCode>4000007</UnitOfMeasureCode><UnitOfMeasureName>-Hour</UnitOfMeasureName><UnitOfMeasureSymbol>hour(s)</UnitOfMeasureSymbol></UnitOfMeasure></CSItem><CSItem><CSItemCode>IT4029193</CSItemCode><CSItemName>Lumen maintenance factor</CSItemName><CSItemRank>3</CSItemRank><CSValue><CSValueCode>VA4067614</CSValueCode><CSValueName>0.7</CSValueName><CSValueRank>8</CSValueRank></CSValue></CSItem></CSChapter><CSChapter><CSChapterCode>CH4005203</CSChapterCode><CSChapterName>Light characteristics</CSChapterName><CSChapterRank>4</CSChapterRank><CSItem><CSItemCode>IT4035884</CSItemCode><CSItemName>Application</CSItemName><CSItemRank>1</CSItemRank><CSValue><CSValueCode>VA4083394</CSValueCode><CSValueName>Extra brightness</CSValueName><CSValueRank>5</CSValueRank></CSValue></CSItem><CSItem><CSItemCode>IT4026387</CSItemCode><CSItemName>Light output</CSItemName><CSItemRank>2</CSItemRank><CSValue><CSValueCode>VA4062484</CSValueCode><CSValueName>520</CSValueName><CSValueRank>1</CSValueRank></CSValue><UnitOfMeasure><UnitOfMeasureCode>4000123</UnitOfMeasureCode><UnitOfMeasureName>Lumen</UnitOfMeasureName><UnitOfMeasureSymbol>lumen</UnitOfMeasureSymbol></UnitOfMeasure></CSItem><CSItem><CSItemCode>IT4029170</CSItemCode><CSItemName>Color rendering index (CRI)</CSItemName><CSItemRank>3</CSItemRank><CSValue><CSValueCode>VA4067596</CSValueCode><CSValueName>80</CSValueName><CSValueRank>1</CSValueRank></CSValue></CSItem><CSItem><CSItemCode>IT4029156</CSItemCode><CSItemName>Beam angle</CSItemName><CSItemRank>4</CSItemRank><CSValue><CSValueCode>VA4067567</CSValueCode><CSValueName>90</CSValueName><CSValueRank>1</CSValueRank></CSValue><UnitOfMeasure><UnitOfMeasureCode>3000042</UnitOfMeasureCode><UnitOfMeasureName>degree</UnitOfMeasureName><UnitOfMeasureSymbol>degree</UnitOfMeasureSymbol></UnitOfMeasure></CSItem><CSItem><CSItemCode>IT4026384</CSItemCode><CSItemName>Light effect/finish</CSItemName><CSItemRank>5</CSItemRank><CSValue><CSValueCode>VA4081681</CSValueCode><CSValueName>Soft White</CSValueName><CSValueRank>10</CSValueRank></CSValue></CSItem><CSItem><CSItemCode>IT4029160</CSItemCode><CSItemName>Warm-up time to 60% light</CSItemName><CSItemRank>6</CSItemRank><CSValue><CSValueCode>VA4067639</CSValueCode><CSValueName>Instant full light</CSValueName><CSValueRank>4</CSValueRank></CSValue></CSItem><CSItem><CSItemCode>IT4029159</CSItemCode><CSItemName>Color temperature</CSItemName><CSItemRank>7</CSItemRank><CSValue><CSValueCode>VA4067572</CSValueCode><CSValueName>3000K [LED lamps]</CSValueName><CSValueRank>1</CSValueRank></CSValue><UnitOfMeasure><UnitOfMeasureCode>4000041</UnitOfMeasureCode><UnitOfMeasureName>Kelvin</UnitOfMeasureName><UnitOfMeasureSymbol>K</UnitOfMeasureSymbol></UnitOfMeasure></CSItem></CSChapter><CSChapter><CSChapterCode>CH4005202</CSChapterCode><CSChapterName>Power consumption</CSChapterName><CSChapterRank>5</CSChapterRank><CSItem><CSItemCode>IT4029051</CSItemCode><CSItemName>Wattage</CSItemName><CSItemRank>1</CSItemRank><CSValue><CSValueCode>VA4067442</CSValueCode><CSValueName>13W (65W)</CSValueName><CSValueRank>1</CSValueRank></CSValue><UnitOfMeasure><UnitOfMeasureCode>3000072</UnitOfMeasureCode><UnitOfMeasureName>watt</UnitOfMeasureName><UnitOfMeasureSymbol>W</UnitOfMeasureSymbol></UnitOfMeasure></CSItem><CSItem><CSItemCode>IT4029052</CSItemCode><CSItemName>Wattage equivalent</CSItemName><CSItemRank>2</CSItemRank><CSValue><CSValueCode>VA4067443</CSValueCode><CSValueName>65</CSValueName><CSValueRank>1</CSValueRank></CSValue><UnitOfMeasure><UnitOfMeasureCode>3000072</UnitOfMeasureCode><UnitOfMeasureName>watt</UnitOfMeasureName><UnitOfMeasureSymbol>W</UnitOfMeasureSymbol></UnitOfMeasure></CSItem><CSItem><CSItemCode>IT4026378</CSItemCode><CSItemName>Energy efficiency label</CSItemName><CSItemRank>3</CSItemRank><CSValue><CSValueCode>VA4067612</CSValueCode><CSValueName>A+</CSValueName><CSValueRank>3</CSValueRank></CSValue></CSItem><CSItem><CSItemCode>IT4029053</CSItemCode><CSItemName>Power consumption per 1000h</CSItemName><CSItemRank>4</CSItemRank><CSValue><CSValueCode>VA4067444</CSValueCode><CSValueName>13W (65W)</CSValueName><CSValueRank>1</CSValueRank></CSValue><UnitOfMeasure><UnitOfMeasureCode>4000161</UnitOfMeasureCode><UnitOfMeasureName>kilowatt hour</UnitOfMeasureName><UnitOfMeasureSymbol>kW·h</UnitOfMeasureSymbol></UnitOfMeasure></CSItem></CSChapter><CSChapter><CSChapterCode>CH4005206</CSChapterCode><CSChapterName>Other characteristics</CSChapterName><CSChapterRank>6</CSChapterRank><CSItem><CSItemCode>IT4026404</CSItemCode><CSItemName>Mercury content</CSItemName><CSItemRank>1</CSItemRank><CSValue><CSValueCode>VA4062631</CSValueCode><CSValueName>0</CSValueName><CSValueRank>1</CSValueRank></CSValue><UnitOfMeasure><UnitOfMeasureCode>4000142</UnitOfMeasureCode><UnitOfMeasureName>mg</UnitOfMeasureName><UnitOfMeasureSymbol>mg</UnitOfMeasureSymbol></UnitOfMeasure></CSItem><CSItem><CSItemCode>IT4026405</CSItemCode><CSItemName>Power factor</CSItemName><CSItemRank>2</CSItemRank><CSValue><CSValueCode>VA4062632</CSValueCode><CSValueName>0.7</CSValueName><CSValueRank>1</CSValueRank></CSValue></CSItem></CSChapter><CSChapter><CSChapterCode>CH4005207</CSChapterCode><CSChapterName>Rated values</CSChapterName><CSChapterRank>7</CSChapterRank><CSItem><CSItemCode>IT4029168</CSItemCode><CSItemName>Rated beam angle</CSItemName><CSItemRank>1</CSItemRank><CSValue><CSValueCode>VA4067594</CSValueCode><CSValueName>90</CSValueName><CSValueRank>1</CSValueRank></CSValue><UnitOfMeasure><UnitOfMeasureCode>3000042</UnitOfMeasureCode><UnitOfMeasureName>degree</UnitOfMeasureName><UnitOfMeasureSymbol>degree</UnitOfMeasureSymbol></UnitOfMeasure></CSItem><CSItem><CSItemCode>IT4029167</CSItemCode><CSItemName>Rated lifetime</CSItemName><CSItemRank>2</CSItemRank><CSValue><CSValueCode>VA4067593</CSValueCode><CSValueName>25000</CSValueName><CSValueRank>1</CSValueRank></CSValue><UnitOfMeasure><UnitOfMeasureCode>4000007</UnitOfMeasureCode><UnitOfMeasureName>-Hour</UnitOfMeasureName><UnitOfMeasureSymbol>hour(s)</UnitOfMeasureSymbol></UnitOfMeasure></CSItem><CSItem><CSItemCode>IT4026408</CSItemCode><CSItemName>Rated luminous flux</CSItemName><CSItemRank>3</CSItemRank><CSValue><CSValueCode>VA4062635</CSValueCode><CSValueName>520</CSValueName><CSValueRank>1</CSValueRank></CSValue><UnitOfMeasure><UnitOfMeasureCode>4000123</UnitOfMeasureCode><UnitOfMeasureName>Lumen</UnitOfMeasureName><UnitOfMeasureSymbol>lumen</UnitOfMeasureSymbol></UnitOfMeasure></CSItem><CSItem><CSItemCode>IT4026407</CSItemCode><CSItemName>Rated power</CSItemName><CSItemRank>4</CSItemRank><CSValue><CSValueCode>VA4062634</CSValueCode><CSValueName>13W (65W)</CSValueName><CSValueRank>1</CSValueRank></CSValue><UnitOfMeasure><UnitOfMeasureCode>3000072</UnitOfMeasureCode><UnitOfMeasureName>watt</UnitOfMeasureName><UnitOfMeasureSymbol>W</UnitOfMeasureSymbol></UnitOfMeasure></CSItem></CSChapter><MarketingVersion>11.2.2</MarketingVersion><MarketingStatus>Final Published</MarketingStatus><GTIN>046677421946</GTIN><Code12NC>929000219763</Code12NC></Product></Products>