<?xml version="1.0" encoding="UTF-8"?><Products xmlns:source="http://apache.org/cocoon/source/1.0"><Product Brand="PHI" Division="CE" EndOfPublication="2119-12-31T00:00:00" IsAccessory="false" IsMaster="true" StartOfPublication="2011-11-24T00:00:00" lastModified="2017-02-02T01:27:35" masterLastModified="2017-02-02T01:23:06"><CTN>046677168087</CTN><DTN>046677168087</DTN><Categorization><GroupCode>LIGHTING_GR</GroupCode><GroupName>Lighting</GroupName><CategoryCode>CHOOSE_A_BULB_CA</CategoryCode><CategoryName>Choose a bulb</CategoryName><SubcategoryCode>CANDLE_BULB_SU</SubcategoryCode><SubcategoryName>Candle</SubcategoryName></Categorization><ProductImage><ProductImageFTLURL>http://www.p4c.philips.com/cgi-bin/dcbint/get?id=046677168087&amp;doctype=FTP&amp;alt=1</ProductImageFTLURL><ProductImageEBURL>http://www.p4c.philips.com/cgi-bin/dcbint/get?id=046677168087&amp;doctype=BPP&amp;alt=1</ProductImageEBURL></ProductImage><Assets><Asset Description="Leaflet" Type="PSS">http://download.p4c.philips.com/files/0/046677168087/046677168087_pss_aenus.pdf</Asset><Asset Description="Leaflet" Type="PSS">http://download.p4c.philips.com/files/0/046677168087/046677168087_pss_.pdf</Asset><Asset Description="Standard product photograph - highres 2196x1795" Type="RTP">http://images.philips.com/is/image/PhilipsConsumer/046677168087-RTP-global-001</Asset></Assets><FullProductName>Philips DuraMax Bent Tip Decorative Candle 046677168087 60W BA9 Clear Candelabra Base</FullProductName><ProductName>60W BA9 Bent Tip Decorative Candle</ProductName><NamingString><MasterBrand><BrandCode>PHI</BrandCode><BrandName>Philips</BrandName></MasterBrand><BrandString>Philips</BrandString><Concept><ConceptCode>SB40002545</ConceptCode><ConceptName>DuraMax</ConceptName><ConceptLogoURL>http://www.p4c.philips.com/cgi-bin/dcbint/get?id=SB40002545&amp;doctype=CLL&amp;alt=1</ConceptLogoURL><ConceptNameUsed>1</ConceptNameUsed><IsFamily>1</IsFamily></Concept><Descriptor><DescriptorCode>D4013684</DescriptorCode><DescriptorName>Bent Tip Decorative Candle</DescriptorName></Descriptor><Alphanumeric>046677168087</Alphanumeric><VersionElement1><VersionElementCode>V4009411</VersionElementCode><VersionElementName>60W</VersionElementName></VersionElement1><VersionElement2><VersionElementCode>V4017928</VersionElementCode><VersionElementName>BA9</VersionElementName></VersionElement2><VersionElement3><VersionElementCode>V4017990</VersionElementCode><VersionElementName>Clear Candelabra Base</VersionElementName></VersionElement3><VersionString>60W BA9 Clear Candelabra Base</VersionString><BrandedFeatureString/><DescriptorBrandedFeatureString>Bent Tip Decorative Candle</DescriptorBrandedFeatureString></NamingString><WOW>Brighten your home with infinite possibilities.</WOW><MarketingTextHeader>DuraMax Long Life bulbs last longer than standard incandescent bulbs, reducing the hassle of replacing burned out bulbs. Available in a variety of shapes and wattages, there is a DuraMax product to meet all your lighting needs.</MarketingTextHeader><MarketingTextBody/><SupraFeature/><KeyBenefitArea><KeyBenefitAreaCode>K4015915</KeyBenefitAreaCode><KeyBenefitAreaName>Perfect Shape</KeyBenefitAreaName><KeyBenefitAreaRank>1</KeyBenefitAreaRank><Feature><FeatureCode>F400036426</FeatureCode><FeatureName>For general or accent lighting</FeatureName><FeatureLongDescription>Ideal for chandeliers and other decorative light fixtures</FeatureLongDescription><FeatureRank>1</FeatureRank><FeatureTopRank>1</FeatureTopRank></Feature></KeyBenefitArea><KeyBenefitArea><KeyBenefitAreaCode>K4004822</KeyBenefitAreaCode><KeyBenefitAreaName>Light effect</KeyBenefitAreaName><KeyBenefitAreaRank>2</KeyBenefitAreaRank><Feature><FeatureCode>F400036316</FeatureCode><FeatureName>Add a decorative touch</FeatureName><FeatureLongDescription>Clear bulbs provide a spectacular sparkle to your home décor</FeatureLongDescription><FeatureRank>1</FeatureRank><FeatureTopRank>2</FeatureTopRank></Feature></KeyBenefitArea><KeyBenefitArea><KeyBenefitAreaCode>K4005301</KeyBenefitAreaCode><KeyBenefitAreaName>Long lifespan</KeyBenefitAreaName><KeyBenefitAreaRank>3</KeyBenefitAreaRank><Feature><FeatureCode>F400036332</FeatureCode><FeatureName>Long Life</FeatureName><FeatureLongDescription>Long Life</FeatureLongDescription><FeatureGlossary>Reduce the hassle of replacing bulbs so often</FeatureGlossary><FeatureRank>1</FeatureRank><FeatureTopRank>3</FeatureTopRank></Feature></KeyBenefitArea><FeatureImage><FeatureCode>F400036426</FeatureCode><FeatureReferenceName>For general or accent lighting (chandeliers and deco)</FeatureReferenceName><FeatureImageRank>1</FeatureImageRank><FeatureImageURL>http://www.p4c.philips.com/cgi-bin/dcbint/get?id=F400036426&amp;doctype=FIP&amp;alt=1</FeatureImageURL></FeatureImage><FeatureImage><FeatureCode>F400036316</FeatureCode><FeatureReferenceName>Add a decorative touch</FeatureReferenceName><FeatureImageRank>2</FeatureImageRank><FeatureImageURL>http://www.p4c.philips.com/cgi-bin/dcbint/get?id=F400036316&amp;doctype=FIP&amp;alt=1</FeatureImageURL></FeatureImage><FeatureImage><FeatureCode>F400036332</FeatureCode><FeatureReferenceName>Long Life (Lamps USA)</FeatureReferenceName><FeatureImageRank>3</FeatureImageRank><FeatureImageURL>http://www.p4c.philips.com/cgi-bin/dcbint/get?id=F400036332&amp;doctype=FIP&amp;alt=1</FeatureImageURL></FeatureImage><FeatureHighlight><FeatureCode>F400036426</FeatureCode><FeatureHighlightRank>1</FeatureHighlightRank></FeatureHighlight><FeatureHighlight><FeatureCode>F400036316</FeatureCode><FeatureHighlightRank>2</FeatureHighlightRank></FeatureHighlight><FeatureHighlight><FeatureCode>F400036332</FeatureCode><FeatureHighlightRank>3</FeatureHighlightRank></FeatureHighlight><CSChapter><CSChapterCode>3000956</CSChapterCode><CSChapterName>Technical specifications</CSChapterName><CSChapterRank>1</CSChapterRank><CSItem><CSItemCode>4013682</CSItemCode><CSItemName>Indoor</CSItemName><CSItemRank>1</CSItemRank><CSValue><CSValueCode>VA4026371</CSValueCode><CSValueName>Yes</CSValueName><CSValueRank>1</CSValueRank></CSValue></CSItem><CSItem><CSItemCode>4010359</CSItemCode><CSItemName>Lamp holder</CSItemName><CSItemRank>2</CSItemRank><CSValue><CSValueCode>VA4046576</CSValueCode><CSValueName>BA9</CSValueName><CSValueRank>2</CSValueRank></CSValue></CSItem><CSItem><CSItemCode>4010362</CSItemCode><CSItemName>Number of lamps</CSItemName><CSItemRank>4</CSItemRank><CSValue><CSValueCode>VA4024142</CSValueCode><CSValueName>2</CSValueName><CSValueRank>1</CSValueRank></CSValue></CSItem><CSItem><CSItemCode>4010363</CSItemCode><CSItemName>Placement</CSItemName><CSItemRank>5</CSItemRank><CSValue><CSValueCode>VA4046746</CSValueCode><CSValueName>Chandelier</CSValueName><CSValueRank>6</CSValueRank></CSValue><CSValue><CSValueCode>VA4046800</CSValueCode><CSValueName>Wall Sconce</CSValueName><CSValueRank>7</CSValueRank></CSValue></CSItem><CSItem><CSItemCode>4010364</CSItemCode><CSItemName>Power supply</CSItemName><CSItemRank>6</CSItemRank><CSValue><CSValueCode>VA4024143</CSValueCode><CSValueName>120</CSValueName><CSValueRank>1</CSValueRank></CSValue><UnitOfMeasure><UnitOfMeasureCode>3000071</UnitOfMeasureCode><UnitOfMeasureName>volt</UnitOfMeasureName><UnitOfMeasureSymbol>V</UnitOfMeasureSymbol></UnitOfMeasure></CSItem><CSItem><CSItemCode>S_0000107</CSItemCode><CSItemName>Wattage</CSItemName><CSItemRank>8</CSItemRank><CSValue><CSValueCode>VA4007180</CSValueCode><CSValueName>60</CSValueName><CSValueRank>1</CSValueRank></CSValue><UnitOfMeasure><UnitOfMeasureCode>3000072</UnitOfMeasureCode><UnitOfMeasureName>watt</UnitOfMeasureName><UnitOfMeasureSymbol>W</UnitOfMeasureSymbol></UnitOfMeasure></CSItem></CSChapter><CSChapter><CSChapterCode>CH4005203</CSChapterCode><CSChapterName>Light characteristics</CSChapterName><CSChapterRank>1</CSChapterRank><CSItem><CSItemCode>IT4035884</CSItemCode><CSItemName>Application</CSItemName><CSItemRank>1</CSItemRank><CSValue><CSValueCode>VA4083392</CSValueCode><CSValueName>Comfortable light</CSValueName><CSValueRank>1</CSValueRank></CSValue><CSValue><CSValueCode>VA4083393</CSValueCode><CSValueName>Sparkling light</CSValueName><CSValueRank>1</CSValueRank></CSValue></CSItem></CSChapter><MarketingVersion>1.0.0</MarketingVersion><MarketingStatus>Final Published</MarketingStatus><GTIN>046677168087</GTIN><Code12NC>925251936300</Code12NC></Product></Products>