<?xml version="1.0" encoding="UTF-8"?><Products xmlns:source="http://apache.org/cocoon/source/1.0" DocStatus="approved" DocTimeStamp="2018-10-20T07:16:36"><Product IsAccessory="false" IsMaster="true" lastModified="2018-07-26T00:45:33" masterLastModified="2018-07-26T00:40:28"><CTN>046677464721</CTN><Code12NC>929001257703</Code12NC><MarketingVersion>4.0.1</MarketingVersion><MarketingStatus>Final Published</MarketingStatus><CRDate>2016-04-01</CRDate><CRDateYW>201614</CRDateYW><ModelYears><ModelYear>2016</ModelYear></ModelYears><ProductDivision><ProductDivisionCode>0100</ProductDivisionCode><ProductDivisionName>Lighting</ProductDivisionName><FormerPDCode>0100</FormerPDCode></ProductDivision><ProductOwner>Bob Visser</ProductOwner><DTN>046677464721</DTN><Catalog><StartOfPublication>2016-05-01T00:00:00</StartOfPublication><EndOfPublication>2099-07-01T00:00:00</EndOfPublication><StartOfSales>2016-05-01T00:00:00</StartOfSales><EndOfSales>2016-11-01T00:00:00</EndOfSales><DummyPrice/><Deleted>false</Deleted><DeleteAfterDate/><ProductRank>50</ProductRank></Catalog><FinancialCategorization><BusinessGroupCode>9021</BusinessGroupCode><BusinessGroupName>Home</BusinessGroupName><BusinessUnitCode>9540</BusinessUnitCode><BusinessUnitName>Home Systems</BusinessUnitName><MainArticleGroupCode>V25</MainArticleGroupCode><MainArticleGroupName>Limitless Possibilities</MainArticleGroupName><ArticleGroupCode>1629</ArticleGroupCode><ArticleGroupName>Hue GU10</ArticleGroupName></FinancialCategorization><Categorization type="CONSUMER"><GroupCode>LIGHTING_GR</GroupCode><GroupName>Lighting</GroupName><CategoryCode>HUEWIRELESS_CA</CategoryCode><CategoryName>Hue</CategoryName><SubcategoryCode>BULBS_SU</SubcategoryCode><SubcategoryName>Bulbs</SubcategoryName></Categorization><Assets><Asset code="046677464721" description="Leaflet" extension="pdf" lastModified="2016-12-10" locale="de_DE" number="001" type="PSS">http://download.p4c.philips.com/files/0/046677464721/046677464721_pss_deude.pdf</Asset><Asset code="046677464721" description="Retail Trade Leaflet" extension="pdf" lastModified="2018-08-02" locale="de_DE" number="001" type="RTL">http://download.p4c.philips.com/files/0/046677464721/046677464721_rtl_deude.pdf</Asset><Asset code="046677464721" description="Alternative product photograph - highres 2196x1795" extension="tif" lastModified="2016-08-22" locale="global" number="001" type="APP">http://images.philips.com/is/image/PhilipsConsumer/046677464721-APP-global-001</Asset><Asset code="046677464721" description="Emotional Benefit 1 - highres 2196x1795" extension="tif" lastModified="2018-03-09" locale="global" number="001" type="E1P">http://images.philips.com/is/image/PhilipsConsumer/046677464721-E1P-global-001</Asset><Asset code="046677464721" description="Emotional Benefit 2 - highres 2196x1795" extension="tif" lastModified="2018-03-14" locale="global" number="001" type="E2P">http://images.philips.com/is/image/PhilipsConsumer/046677464721-E2P-global-001</Asset><Asset code="046677464721" description="Emotional Benefit 3 - highres 2196x1795" extension="tif" lastModified="2018-04-24" locale="global" number="001" type="E3P">http://images.philips.com/is/image/PhilipsConsumer/046677464721-E3P-global-001</Asset><Asset code="046677464721" description="Emotional Benefit 4 - highres 2196x1795" extension="tif" lastModified="2018-04-23" locale="global" number="001" type="E4P">http://images.philips.com/is/image/PhilipsConsumer/046677464721-E4P-global-001</Asset><Asset code="046677464721" description="Packaging photograph - highres 1447x756" extension="tif" lastModified="2016-10-18" locale="global" number="001" type="PID">http://images.philips.com/is/image/PhilipsConsumer/046677464721-PID-global-001</Asset><Asset code="046677464721" description="Packaging photograph - master" extension="tif" lastModified="2016-10-18" locale="global" number="001" type="PIM">http://download.p4c.philips.com/files/0/046677464721/046677464721_pim_.tif</Asset><Asset code="046677464721" description="Packaging photograph - small 90x65" extension="jpg" lastModified="2016-10-18" locale="global" number="001" type="PIS">http://download.p4c.philips.com/files/0/046677464721/046677464721_pis_.jpg</Asset><Asset code="046677464721" description="Leaflet" extension="pdf" lastModified="2016-12-10" locale="global" number="001" type="PSS">http://download.p4c.philips.com/files/0/046677464721/046677464721_pss_.pdf</Asset><Asset code="046677464721" description="Leaflet" extension="pdf" lastModified="2016-12-10" locale="en_US" number="001" type="PSS">http://download.p4c.philips.com/files/0/046677464721/046677464721_pss_aenus.pdf</Asset><Asset code="046677464721" description="Standard product photograph - highres 2196x1795" extension="tif" lastModified="2016-08-22" locale="global" number="001" type="RTP">http://images.philips.com/is/image/PhilipsConsumer/046677464721-RTP-global-001</Asset><Asset code="046677464721" description="Product in use photograph - highres 2196x1795" extension="tif" lastModified="2018-03-26" locale="global" number="001" type="UPL">http://images.philips.com/is/image/PhilipsConsumer/046677464721-UPL-global-001</Asset><Asset code="046677464721" description="Single product shot" extension="" lastModified="2018-07-26" locale="" number="" type="IMS">http://images.philips.com/is/image/PhilipsConsumer/046677464721-IMS-</Asset><Asset code="046677464721" description="Product gallery image set" extension="" lastModified="2018-07-26" locale="" number="" type="GAL">http://images.philips.com/is/image/PhilipsConsumer/046677464721-GAL-</Asset><Asset code="F400075444" description="Feature photograph - highres 2100x1170" extension="tif" lastModified="2015-09-15" locale="global" number="001" type="FIL">http://images.philips.com/is/image/PhilipsConsumer/F400075444-FIL-global-001</Asset><Asset code="F400075446" description="Feature photograph - highres 2100x1170" extension="tif" lastModified="2015-09-15" locale="global" number="001" type="FIL">http://images.philips.com/is/image/PhilipsConsumer/F400075446-FIL-global-001</Asset><Asset code="F400077818" description="Feature photograph - highres 2100x1170" extension="tif" lastModified="2016-07-06" locale="global" number="001" type="FIL">http://images.philips.com/is/image/PhilipsConsumer/F400077818-FIL-global-001</Asset><Asset code="F400077818" description="Feature logo - highres 331x213" extension="tif" lastModified="2016-07-06" locale="global" number="001" type="FLP">http://images.philips.com/is/image/PhilipsConsumer/F400077818-FLP-global-001</Asset><Asset code="F400077819" description="Feature photograph - highres 2100x1170" extension="tif" lastModified="2016-07-06" locale="global" number="001" type="FIL">http://images.philips.com/is/image/PhilipsConsumer/F400077819-FIL-global-001</Asset><Asset code="F400077819" description="Feature logo - highres 331x213" extension="tif" lastModified="2016-07-06" locale="global" number="001" type="FLP">http://images.philips.com/is/image/PhilipsConsumer/F400077819-FLP-global-001</Asset><Asset code="F400077820" description="Feature photograph - highres 2100x1170" extension="tif" lastModified="2016-07-06" locale="global" number="001" type="FIL">http://images.philips.com/is/image/PhilipsConsumer/F400077820-FIL-global-001</Asset><Asset code="F400077821" description="Feature photograph - highres 2100x1170" extension="tif" lastModified="2016-07-06" locale="global" number="001" type="FIL">http://images.philips.com/is/image/PhilipsConsumer/F400077821-FIL-global-001</Asset><Asset code="F400077821" description="Feature logo - highres 331x213" extension="tif" lastModified="2016-07-06" locale="global" number="001" type="FLP">http://images.philips.com/is/image/PhilipsConsumer/F400077821-FLP-global-001</Asset><Asset code="F400079488" description="Feature photograph - highres 2100x1170" extension="tif" lastModified="2016-07-06" locale="global" number="001" type="FIL">http://images.philips.com/is/image/PhilipsConsumer/F400079488-FIL-global-001</Asset><Asset code="PHI" description="Brand logo - highres 1476x886" extension="tif" lastModified="2016-02-18" locale="global" number="001" type="BRP">http://images.philips.com/is/image/PhilipsConsumer/PHI-BRP-global-001</Asset></Assets><ProductName>Single bulb GU10 5.5 W White ambiance</ProductName><FullProductName>Philips - White ambiance 046677464721 Single bulb GU10 5.5 W</FullProductName><NamingString><MasterBrand><BrandCode>PHI</BrandCode><BrandName>Philips</BrandName></MasterBrand><BrandString>Philips</BrandString><Concept><ConceptCode>SB40003704</ConceptCode><ConceptName>Hue</ConceptName><ConceptNameUsed>1</ConceptNameUsed></Concept><Family><FamilyCode>SB40005947</FamilyCode><FamilyName>-</FamilyName><FamilyNameUsed>0</FamilyNameUsed></Family><Descriptor><DescriptorCode>D4027793</DescriptorCode><DescriptorName>White ambiance</DescriptorName></Descriptor><Alphanumeric>046677464721</Alphanumeric><VersionElement1><VersionElementCode>V4039496</VersionElementCode><VersionElementName>Single bulb</VersionElementName></VersionElement1><VersionElement2><VersionElementCode>V4008532</VersionElementCode><VersionElementName>GU10</VersionElementName></VersionElement2><VersionElement3><VersionElementCode>V4043588</VersionElementCode><VersionElementName>5.5 W</VersionElementName></VersionElement3><VersionString>Single bulb GU10 5.5 W</VersionString><BrandedFeatureString/><DescriptorBrandedFeatureString>White ambiance</DescriptorBrandedFeatureString></NamingString><WOW>Light for your moments</WOW><SubWOW>From sunrise to sunset</SubWOW><MarketingTextHeader>Include a perfect fit Philips Hue white ambiance spot in your Philips Hue system and enjoy warm to cool white light that helps you throughout the day with all your activities. Connect it to the Philips Hue bridge and control it your way.</MarketingTextHeader><KeyBenefitArea><KeyBenefitAreaCode>K4031821</KeyBenefitAreaCode><KeyBenefitAreaName>Turn on your moments</KeyBenefitAreaName><KeyBenefitAreaRank>1</KeyBenefitAreaRank><Feature><FeatureCode>F400075444</FeatureCode><FeatureReferenceName>Create your ambiance (HUE)</FeatureReferenceName><FeatureName>Create your ambiance</FeatureName><FeatureLongDescription>Warm white to cool bright daylight</FeatureLongDescription><FeatureGlossary>Set the right ambience for any moment with a range of beautiful, natural white light. Use the app to set any shade of white light, from cool energizing daylight to relaxing warm white light. Take control and set the ambiance. Not too bright. Not too dark. Just right.</FeatureGlossary><FeatureRank>1</FeatureRank><FeatureTopRank>1</FeatureTopRank></Feature><Feature><FeatureCode>F400075446</FeatureCode><FeatureReferenceName>Wake-up naturally (HUE)</FeatureReferenceName><FeatureName>Wake-up naturally</FeatureName><FeatureLongDescription>Wake up gently to your personal sunrise</FeatureLongDescription><FeatureGlossary>Ease your sleeping routine and wake up gently for a fresh start of each day. Philips Hue will help get you out of bed in a nice way. The gradually increasing light intensity gives you the feeling you are waking up naturally with sunlight - rather than the rude awakening of an alarm ringing.</FeatureGlossary><FeatureRank>3</FeatureRank><FeatureTopRank>2</FeatureTopRank></Feature></KeyBenefitArea><KeyBenefitArea><KeyBenefitAreaCode>K4031822</KeyBenefitAreaCode><KeyBenefitAreaName>Turn on your peace of mind</KeyBenefitAreaName><KeyBenefitAreaRank>2</KeyBenefitAreaRank><Feature><FeatureCode>F400077820</FeatureCode><FeatureReferenceName>Boost your energy levels (HUE)</FeatureReferenceName><FeatureName>Boost your energy levels</FeatureName><FeatureLongDescription>Get ready for the day</FeatureLongDescription><FeatureGlossary>Skip your morning coffee and get ready for the day with cool, bright white daylight that helps to energize your body and mind. Perfect for those moments when you need a kickstart or when your batteries are running low.</FeatureGlossary><FeatureRank>5</FeatureRank><FeatureTopRank>3</FeatureTopRank></Feature><Feature><FeatureCode>F400077821</FeatureCode><FeatureReferenceName>Enjoy a perfect read (HUE)</FeatureReferenceName><FeatureName>Reading</FeatureName><FeatureLongDescription>Enjoy a perfect read</FeatureLongDescription><FeatureGlossary>Lose yourself in your favorite novels for hours on end with Philips Hue. It gives you the right white light for a perfect read.</FeatureGlossary><FeatureRank>6</FeatureRank><FeatureTopRank>4</FeatureTopRank></Feature><Feature><FeatureCode>F400077818</FeatureCode><FeatureReferenceName>Relax and sleep better (HUE)</FeatureReferenceName><FeatureName>Relax and sleep better</FeatureName><FeatureLongDescription>Unwind with warm white light</FeatureLongDescription><FeatureGlossary>Put your feet up and relax with a soft glow of white light for the perfect end of the day. Relaxing white light will help you to unwind in the evening and sleep better at night.</FeatureGlossary><FeatureRank>7</FeatureRank><FeatureTopRank>5</FeatureTopRank></Feature><Feature><FeatureCode>F400077819</FeatureCode><FeatureReferenceName>Stay focussed wih bright white light (HUE)</FeatureReferenceName><FeatureName>Concentrate</FeatureName><FeatureLongDescription>Stay focussed</FeatureLongDescription><FeatureGlossary>Stay focussed with finely tuned bright white light. The best way to get things done quickly and efficiently without distractions, no matter if you're studying for an exam, working from home, or picking an outfit to look your best.</FeatureGlossary><FeatureRank>8</FeatureRank><FeatureTopRank>6</FeatureTopRank></Feature></KeyBenefitArea><KeyBenefitArea><KeyBenefitAreaCode>K4031836</KeyBenefitAreaCode><KeyBenefitAreaName>Place it anywhere</KeyBenefitAreaName><KeyBenefitAreaRank>3</KeyBenefitAreaRank><Feature><FeatureCode>F400079487</FeatureCode><FeatureReferenceName>Perfect fit design (HUE WA)</FeatureReferenceName><FeatureName>Perfect fit design (HUE WA)</FeatureName><FeatureLongDescription>Designed to fit perfectly as a standard GU-10 spot</FeatureLongDescription><FeatureGlossary>The Philips Hue white ambiance GU-10 lamp is designed as a perfect retrofit solution, so it blends in seamlessly with your existing spot lighting fixtures. This makes it a smart and energy-efficient alternative to traditional halogen spots.</FeatureGlossary><FeatureRank>4</FeatureRank><FeatureTopRank>8</FeatureTopRank></Feature></KeyBenefitArea><KeyBenefitArea><KeyBenefitAreaCode>K4031823</KeyBenefitAreaCode><KeyBenefitAreaName>Easy, reliable and future proof system</KeyBenefitAreaName><KeyBenefitAreaRank>4</KeyBenefitAreaRank><Feature><FeatureCode>F400079488</FeatureCode><FeatureReferenceName>Expand your ecosystem (HUE GU10)</FeatureReferenceName><FeatureName>Expand your ecosystem</FeatureName><FeatureLongDescription>Connect up to 50 Philips Hue lights</FeatureLongDescription><FeatureGlossary>You can connect up to 50 lights to the Philips Hue bridge. Simply begin with any of the available starter kits or a single bridge and start adding Philips Hue products. You can then control your lights at the swipe of a finger with the intuitive Philips Hue app for iOS and Android smart devices. Philips Hue is based on ZigBee, a low power and reliable technology to control your lights. New features and improvements are continuously added to the system. Updates to both software and firmware are done wirelessly and seamlessly directly to your Philips Hue product.</FeatureGlossary><FeatureRank>2</FeatureRank><FeatureTopRank>7</FeatureTopRank></Feature></KeyBenefitArea><FeatureImage><FeatureCode>F400075444</FeatureCode><FeatureReferenceName>Create your ambiance (HUE)</FeatureReferenceName><FeatureImageRank>1</FeatureImageRank></FeatureImage><FeatureImage><FeatureCode>F400075446</FeatureCode><FeatureReferenceName>Wake-up naturally (HUE)</FeatureReferenceName><FeatureImageRank>2</FeatureImageRank></FeatureImage><FeatureImage><FeatureCode>F400077820</FeatureCode><FeatureReferenceName>Boost your energy levels (HUE)</FeatureReferenceName><FeatureImageRank>3</FeatureImageRank></FeatureImage><FeatureImage><FeatureCode>F400077821</FeatureCode><FeatureReferenceName>Enjoy a perfect read (HUE)</FeatureReferenceName><FeatureImageRank>4</FeatureImageRank></FeatureImage><FeatureImage><FeatureCode>F400077818</FeatureCode><FeatureReferenceName>Relax and sleep better (HUE)</FeatureReferenceName><FeatureImageRank>5</FeatureImageRank></FeatureImage><FeatureImage><FeatureCode>F400077819</FeatureCode><FeatureReferenceName>Stay focussed wih bright white light (HUE)</FeatureReferenceName><FeatureImageRank>6</FeatureImageRank></FeatureImage><FeatureImage><FeatureCode>F400079488</FeatureCode><FeatureReferenceName>Expand your ecosystem (HUE GU10)</FeatureReferenceName><FeatureImageRank>7</FeatureImageRank></FeatureImage><FeatureImage><FeatureCode>F400079487</FeatureCode><FeatureReferenceName>Perfect fit design (HUE WA)</FeatureReferenceName><FeatureImageRank>8</FeatureImageRank></FeatureImage><FeatureHighlight><FeatureCode>F400075444</FeatureCode><FeatureReferenceName>Create your ambiance (HUE)</FeatureReferenceName><FeatureHighlightRank>1</FeatureHighlightRank></FeatureHighlight><FeatureHighlight><FeatureCode>F400075446</FeatureCode><FeatureReferenceName>Wake-up naturally (HUE)</FeatureReferenceName><FeatureHighlightRank>2</FeatureHighlightRank></FeatureHighlight><FeatureHighlight><FeatureCode>F400077820</FeatureCode><FeatureReferenceName>Boost your energy levels (HUE)</FeatureReferenceName><FeatureHighlightRank>3</FeatureHighlightRank></FeatureHighlight><FeatureHighlight><FeatureCode>F400077821</FeatureCode><FeatureReferenceName>Enjoy a perfect read (HUE)</FeatureReferenceName><FeatureHighlightRank>4</FeatureHighlightRank></FeatureHighlight><FeatureHighlight><FeatureCode>F400077818</FeatureCode><FeatureReferenceName>Relax and sleep better (HUE)</FeatureReferenceName><FeatureHighlightRank>5</FeatureHighlightRank></FeatureHighlight><FeatureHighlight><FeatureCode>F400077819</FeatureCode><FeatureReferenceName>Stay focussed wih bright white light (HUE)</FeatureReferenceName><FeatureHighlightRank>6</FeatureHighlightRank></FeatureHighlight><FeatureHighlight><FeatureCode>F400079488</FeatureCode><FeatureReferenceName>Expand your ecosystem (HUE GU10)</FeatureReferenceName><FeatureHighlightRank>7</FeatureHighlightRank></FeatureHighlight><FeatureHighlight><FeatureCode>F400079487</FeatureCode><FeatureReferenceName>Perfect fit design (HUE WA)</FeatureReferenceName><FeatureHighlightRank>8</FeatureHighlightRank></FeatureHighlight><CSChapter><CSChapterCode>CH4005963</CSChapterCode><CSChapterName>The bulb</CSChapterName><CSChapterRank>2</CSChapterRank><CSItem><CSItemCode>IT4029084</CSItemCode><CSItemName>Fitting</CSItemName><CSItemRank>1</CSItemRank><CSItemIsFreeFormat>1</CSItemIsFreeFormat><CSValue><CSValueCode>VA4067490</CSValueCode><CSValueName>GU10</CSValueName><CSValueRank>1</CSValueRank></CSValue></CSItem><CSItem><CSItemCode>IT4029087</CSItemCode><CSItemName>Form factor</CSItemName><CSItemRank>7</CSItemRank><CSItemIsFreeFormat>1</CSItemIsFreeFormat><CSValue><CSValueCode>VA4067493</CSValueCode><CSValueName>GU10</CSValueName><CSValueRank>1</CSValueRank></CSValue></CSItem><CSItem><CSItemCode>IT4029088</CSItemCode><CSItemName>Lifetime</CSItemName><CSItemRank>9</CSItemRank><CSItemIsFreeFormat>1</CSItemIsFreeFormat><CSValue><CSValueCode>VA4067494</CSValueCode><CSValueName>15000</CSValueName><CSValueRank>1</CSValueRank></CSValue><UnitOfMeasure><UnitOfMeasureCode>4000007</UnitOfMeasureCode><UnitOfMeasureName>-Hour</UnitOfMeasureName><UnitOfMeasureSymbol>hour(s)</UnitOfMeasureSymbol></UnitOfMeasure></CSItem><CSItem><CSItemCode>IT4039633</CSItemCode><CSItemName>Color temperature</CSItemName><CSItemRank>11</CSItemRank><CSItemIsFreeFormat>1</CSItemIsFreeFormat><CSValue><CSValueCode>VA4092553</CSValueCode><CSValueName>2200-6500K</CSValueName><CSValueRank>1</CSValueRank></CSValue></CSItem><CSItem><CSItemCode>IT4039632</CSItemCode><CSItemName>Wattage</CSItemName><CSItemRank>14</CSItemRank><CSItemIsFreeFormat>1</CSItemIsFreeFormat><CSValue><CSValueCode>VA4092547</CSValueCode><CSValueName>5.5</CSValueName><CSValueRank>1</CSValueRank></CSValue><UnitOfMeasure><UnitOfMeasureCode>3000072</UnitOfMeasureCode><UnitOfMeasureName>watt</UnitOfMeasureName><UnitOfMeasureSymbol>W</UnitOfMeasureSymbol></UnitOfMeasure></CSItem><CSItem><CSItemCode>IT4039665</CSItemCode><CSItemName>Input voltage</CSItemName><CSItemRank>17</CSItemRank><CSItemIsFreeFormat>0</CSItemIsFreeFormat><CSValue><CSValueCode>VA4092591</CSValueCode><CSValueName>110V-130V</CSValueName><CSValueRank>5</CSValueRank></CSValue></CSItem><CSItem><CSItemCode>IT4029092</CSItemCode><CSItemName>Light output</CSItemName><CSItemRank>18</CSItemRank><CSItemIsFreeFormat>0</CSItemIsFreeFormat><CSValue><CSValueCode>VA4067499</CSValueCode><CSValueName>From warm to cold white color</CSValueName><CSValueRank>8</CSValueRank></CSValue></CSItem><CSItem><CSItemCode>IT4039603</CSItemCode><CSItemName>Lumen output</CSItemName><CSItemRank>19</CSItemRank><CSItemIsFreeFormat>0</CSItemIsFreeFormat><CSValue><CSValueCode>VA4092600</CSValueCode><CSValueName>300 lm @ 4000K</CSValueName><CSValueRank>9</CSValueRank></CSValue></CSItem><CSItem><CSItemCode>IT4029091</CSItemCode><CSItemName>Software upgradable</CSItemName><CSItemRank>20</CSItemRank><CSItemIsFreeFormat>0</CSItemIsFreeFormat><CSValue><CSValueCode>VA4092589</CSValueCode><CSValueName>when connected to Hue bridge</CSValueName><CSValueRank>7</CSValueRank></CSValue></CSItem><CSItem><CSItemCode>IT4032291</CSItemCode><CSItemName>Start up</CSItemName><CSItemRank>21</CSItemRank><CSItemIsFreeFormat>0</CSItemIsFreeFormat><CSValue><CSValueCode>VA4075781</CSValueCode><CSValueName>Instant 100% light output</CSValueName><CSValueRank>4</CSValueRank></CSValue></CSItem><CSItem><CSItemCode>IT4039629</CSItemCode><CSItemName>Height</CSItemName><CSItemRank>22</CSItemRank><CSItemIsFreeFormat>1</CSItemIsFreeFormat><CSValue><CSValueCode>VA4092544</CSValueCode><CSValueName>57</CSValueName><CSValueRank>1</CSValueRank></CSValue><UnitOfMeasure><UnitOfMeasureCode>3000058</UnitOfMeasureCode><UnitOfMeasureName>millimeter</UnitOfMeasureName><UnitOfMeasureSymbol>mm</UnitOfMeasureSymbol></UnitOfMeasure></CSItem><CSItem><CSItemCode>IT4039628</CSItemCode><CSItemName>Height</CSItemName><CSItemRank>23</CSItemRank><CSItemIsFreeFormat>1</CSItemIsFreeFormat><CSValue><CSValueCode>VA4092543</CSValueCode><CSValueName>2.2</CSValueName><CSValueRank>1</CSValueRank></CSValue><UnitOfMeasure><UnitOfMeasureCode>3000047</UnitOfMeasureCode><UnitOfMeasureName>inch</UnitOfMeasureName><UnitOfMeasureSymbol>inch</UnitOfMeasureSymbol></UnitOfMeasure></CSItem><CSItem><CSItemCode>IT4039631</CSItemCode><CSItemName>Width</CSItemName><CSItemRank>24</CSItemRank><CSItemIsFreeFormat>1</CSItemIsFreeFormat><CSValue><CSValueCode>VA4092546</CSValueCode><CSValueName>50</CSValueName><CSValueRank>1</CSValueRank></CSValue><UnitOfMeasure><UnitOfMeasureCode>3000058</UnitOfMeasureCode><UnitOfMeasureName>millimeter</UnitOfMeasureName><UnitOfMeasureSymbol>mm</UnitOfMeasureSymbol></UnitOfMeasure></CSItem><CSItem><CSItemCode>IT4039630</CSItemCode><CSItemName>Width</CSItemName><CSItemRank>25</CSItemRank><CSItemIsFreeFormat>1</CSItemIsFreeFormat><CSValue><CSValueCode>VA4092545</CSValueCode><CSValueName>2.0</CSValueName><CSValueRank>1</CSValueRank></CSValue><UnitOfMeasure><UnitOfMeasureCode>3000047</UnitOfMeasureCode><UnitOfMeasureName>inch</UnitOfMeasureName><UnitOfMeasureSymbol>inch</UnitOfMeasureSymbol></UnitOfMeasure></CSItem><CSItem><CSItemCode>IT4029085</CSItemCode><CSItemName>Max. operation power</CSItemName><CSItemRank>26</CSItemRank><CSItemIsFreeFormat>1</CSItemIsFreeFormat><CSValue><CSValueCode>VA4067491</CSValueCode><CSValueName>5.5</CSValueName><CSValueRank>1</CSValueRank></CSValue><UnitOfMeasure><UnitOfMeasureCode>3000072</UnitOfMeasureCode><UnitOfMeasureName>watt</UnitOfMeasureName><UnitOfMeasureSymbol>W</UnitOfMeasureSymbol></UnitOfMeasure></CSItem><CSItem><CSItemCode>IT4029086</CSItemCode><CSItemName>Max. standby power</CSItemName><CSItemRank>27</CSItemRank><CSItemIsFreeFormat>1</CSItemIsFreeFormat><CSValue><CSValueCode>VA4067492</CSValueCode><CSValueName>0.1</CSValueName><CSValueRank>1</CSValueRank></CSValue><UnitOfMeasure><UnitOfMeasureCode>3000072</UnitOfMeasureCode><UnitOfMeasureName>watt</UnitOfMeasureName><UnitOfMeasureSymbol>W</UnitOfMeasureSymbol></UnitOfMeasure></CSItem></CSChapter><CSChapter><CSChapterCode>CH4005962</CSChapterCode><CSChapterName>What's in the box</CSChapterName><CSChapterRank>3</CSChapterRank><CSItem><CSItemCode>IT4029081</CSItemCode><CSItemName>Bridge</CSItemName><CSItemRank>2</CSItemRank><CSItemIsFreeFormat>1</CSItemIsFreeFormat><CSValue><CSValueCode>VA4067487</CSValueCode><CSValueName>No</CSValueName><CSValueRank>1</CSValueRank></CSValue></CSItem><CSItem><CSItemCode>IT4029082</CSItemCode><CSItemName>Ethernet network cable</CSItemName><CSItemRank>6</CSItemRank><CSItemIsFreeFormat>1</CSItemIsFreeFormat><CSValue><CSValueCode>VA4067488</CSValueCode><CSValueName>No</CSValueName><CSValueRank>1</CSValueRank></CSValue></CSItem><CSItem><CSItemCode>IT4029083</CSItemCode><CSItemName>Power adapter</CSItemName><CSItemRank>10</CSItemRank><CSItemIsFreeFormat>1</CSItemIsFreeFormat><CSValue><CSValueCode>VA4067489</CSValueCode><CSValueName>No</CSValueName><CSValueRank>1</CSValueRank></CSValue></CSItem><CSItem><CSItemCode>IT4039587</CSItemCode><CSItemName>Hue bulbs</CSItemName><CSItemRank>12</CSItemRank><CSItemIsFreeFormat>1</CSItemIsFreeFormat><CSValue><CSValueCode>VA4092470</CSValueCode><CSValueName>1</CSValueName><CSValueRank>1</CSValueRank></CSValue></CSItem><CSItem><CSItemCode>IT4039589</CSItemCode><CSItemName>Hue dimmer switch</CSItemName><CSItemRank>13</CSItemRank><CSItemIsFreeFormat>1</CSItemIsFreeFormat><CSValue><CSValueCode>VA4092472</CSValueCode><CSValueName>No</CSValueName><CSValueRank>1</CSValueRank></CSValue></CSItem><CSItem><CSItemCode>IT4039588</CSItemCode><CSItemName>Hue white bulbs</CSItemName><CSItemRank>15</CSItemRank><CSItemIsFreeFormat>1</CSItemIsFreeFormat><CSValue><CSValueCode>VA4092471</CSValueCode><CSValueName>No</CSValueName><CSValueRank>1</CSValueRank></CSValue></CSItem><CSItem><CSItemCode>IT4039590</CSItemCode><CSItemName>Hue Tap switch</CSItemName><CSItemRank>16</CSItemRank><CSItemIsFreeFormat>1</CSItemIsFreeFormat><CSValue><CSValueCode>VA4092486</CSValueCode><CSValueName>No</CSValueName><CSValueRank>1</CSValueRank></CSValue></CSItem></CSChapter><CSChapter><CSChapterCode>CH4005961</CSChapterCode><CSChapterName>Environmental</CSChapterName><CSChapterRank>4</CSChapterRank><CSItem><CSItemCode>IT4029075</CSItemCode><CSItemName>Operational humidity</CSItemName><CSItemRank>5</CSItemRank><CSItemIsFreeFormat>0</CSItemIsFreeFormat><CSValue><CSValueCode>VA4092548</CSValueCode><CSValueName>5% &lt; H &lt; 95% (non condensing)</CSValueName><CSValueRank>6</CSValueRank></CSValue></CSItem><CSItem><CSItemCode>IT4029074</CSItemCode><CSItemName>Operational temperature</CSItemName><CSItemRank>8</CSItemRank><CSItemIsFreeFormat>0</CSItemIsFreeFormat><CSValue><CSValueCode>VA4067484</CSValueCode><CSValueName>0°C - 40°C</CSValueName><CSValueRank>3</CSValueRank></CSValue></CSItem></CSChapter><CSChapter><CSChapterCode>CHA_0000075</CSChapterCode><CSChapterName>Guarantee</CSChapterName><CSChapterRank>5</CSChapterRank><CSItem><CSItemCode>IT4022831</CSItemCode><CSItemName>2 years</CSItemName><CSItemRank>4</CSItemRank><CSItemIsFreeFormat>0</CSItemIsFreeFormat><CSValue><CSValueCode>VA4053581</CSValueCode><CSValueName>Yes</CSValueName><CSValueRank>2</CSValueRank></CSValue></CSItem></CSChapter><Filters><Purpose type="Comparison"><Features><Feature code="F400075444" rank="1" referenceName="Create your ambiance (HUE)"/><Feature code="F400075446" rank="2" referenceName="Wake-up naturally (HUE)"/><Feature code="F400077820" rank="3" referenceName="Boost your energy levels (HUE)"/><Feature code="F400077821" rank="4" referenceName="Enjoy a perfect read (HUE)"/><Feature code="F400077818" rank="5" referenceName="Relax and sleep better (HUE)"/><Feature code="F400077819" rank="6" referenceName="Stay focussed wih bright white light (HUE)"/><Feature code="F400079488" rank="7" referenceName="Expand your ecosystem (HUE GU10)"/><Feature code="F400079487" rank="8" referenceName="Perfect fit design (HUE WA)"/></Features><CSItems><CSItem code="IT4029084" rank="1" referenceName="The bulb - Fitting"/><CSItem code="IT4029081" rank="2" referenceName="What's in the box - Bridge"/><CSItem code="IT4022831" rank="4" referenceName="Guarantee - 2 years"/><CSItem code="IT4029075" rank="5" referenceName="Environmental - Operational humidity"/><CSItem code="IT4029082" rank="6" referenceName="What's in the box - Ethernet network cable"/><CSItem code="IT4029087" rank="7" referenceName="The bulb - Form factor"/><CSItem code="IT4029074" rank="8" referenceName="Environmental - Operational temperature"/><CSItem code="IT4029088" rank="9" referenceName="The bulb - Lifetime"/><CSItem code="IT4029083" rank="10" referenceName="What's in the box - Power adapter"/><CSItem code="IT4039633" rank="11" referenceName="The bulb - Color temperature"/><CSItem code="IT4039587" rank="12" referenceName="What's in the box - Hue bulbs"/><CSItem code="IT4039589" rank="13" referenceName="What's in the box - Hue dimmer switch"/><CSItem code="IT4039632" rank="14" referenceName="The bulb - Wattage"/><CSItem code="IT4039588" rank="15" referenceName="What's in the box - Hue white bulbs"/><CSItem code="IT4039590" rank="16" referenceName="What's in the box - Hue Tap switch"/><CSItem code="IT4039665" rank="17" referenceName="The bulb - Input voltage"/><CSItem code="IT4029092" rank="18" referenceName="The bulb - Light output"/><CSItem code="IT4039603" rank="19" referenceName="The bulb - Lumen output"/><CSItem code="IT4029091" rank="20" referenceName="The bulb - Software upgradable"/><CSItem code="IT4032291" rank="21" referenceName="The bulb - Start up"/><CSItem code="IT4039629" rank="22" referenceName="The bulb - Height"/><CSItem code="IT4039628" rank="23" referenceName="The bulb - Height"/><CSItem code="IT4039631" rank="24" referenceName="The bulb - Width"/><CSItem code="IT4039630" rank="25" referenceName="The bulb - Width"/><CSItem code="IT4029085" rank="26" referenceName="The bulb - Max. operation power"/><CSItem code="IT4029086" rank="27" referenceName="The bulb - Max. standby power"/></CSItems></Purpose><Purpose type="Detail"><Features><Feature code="F400075444" rank="1" referenceName="Create your ambiance (HUE)"/><Feature code="F400075446" rank="2" referenceName="Wake-up naturally (HUE)"/><Feature code="F400077820" rank="3" referenceName="Boost your energy levels (HUE)"/><Feature code="F400077821" rank="4" referenceName="Enjoy a perfect read (HUE)"/><Feature code="F400077818" rank="5" referenceName="Relax and sleep better (HUE)"/><Feature code="F400077819" rank="6" referenceName="Stay focussed wih bright white light (HUE)"/><Feature code="F400079488" rank="7" referenceName="Expand your ecosystem (HUE GU10)"/><Feature code="F400079487" rank="8" referenceName="Perfect fit design (HUE WA)"/></Features><CSItems><CSItem code="IT4029084" rank="1" referenceName="The bulb - Fitting"/><CSItem code="IT4029081" rank="2" referenceName="What's in the box - Bridge"/><CSItem code="IT4022831" rank="4" referenceName="Guarantee - 2 years"/><CSItem code="IT4029075" rank="5" referenceName="Environmental - Operational humidity"/><CSItem code="IT4029082" rank="6" referenceName="What's in the box - Ethernet network cable"/><CSItem code="IT4029087" rank="7" referenceName="The bulb - Form factor"/><CSItem code="IT4029074" rank="8" referenceName="Environmental - Operational temperature"/><CSItem code="IT4029088" rank="9" referenceName="The bulb - Lifetime"/><CSItem code="IT4029083" rank="10" referenceName="What's in the box - Power adapter"/><CSItem code="IT4039633" rank="11" referenceName="The bulb - Color temperature"/><CSItem code="IT4039587" rank="12" referenceName="What's in the box - Hue bulbs"/><CSItem code="IT4039589" rank="13" referenceName="What's in the box - Hue dimmer switch"/><CSItem code="IT4039632" rank="14" referenceName="The bulb - Wattage"/><CSItem code="IT4039588" rank="15" referenceName="What's in the box - Hue white bulbs"/><CSItem code="IT4039590" rank="16" referenceName="What's in the box - Hue Tap switch"/><CSItem code="IT4039665" rank="17" referenceName="The bulb - Input voltage"/><CSItem code="IT4029092" rank="18" referenceName="The bulb - Light output"/><CSItem code="IT4039603" rank="19" referenceName="The bulb - Lumen output"/><CSItem code="IT4029091" rank="20" referenceName="The bulb - Software upgradable"/><CSItem code="IT4032291" rank="21" referenceName="The bulb - Start up"/><CSItem code="IT4039629" rank="22" referenceName="The bulb - Height"/><CSItem code="IT4039628" rank="23" referenceName="The bulb - Height"/><CSItem code="IT4039631" rank="24" referenceName="The bulb - Width"/><CSItem code="IT4039630" rank="25" referenceName="The bulb - Width"/><CSItem code="IT4029085" rank="26" referenceName="The bulb - Max. operation power"/><CSItem code="IT4029086" rank="27" referenceName="The bulb - Max. standby power"/></CSItems></Purpose></Filters><FeatureCompareGroups/><Disclaimers/><RichTexts/></Product></Products>