<?xml version="1.0" encoding="UTF-8"?><Products xmlns:source="http://apache.org/cocoon/source/1.0" DocStatus="approved" DocTimeStamp="2018-10-20T07:16:36"><Product IsAccessory="false" IsLocalized="true" IsMaster="true" lastModified="2016-09-05T00:19:01" masterLastModified="2016-09-05T00:15:18"><CTN>32PFL3807K/02</CTN><Code12NC>867000092867</Code12NC><GTIN>8712581653187</GTIN><MarketingVersion>6.0.4</MarketingVersion><MarketingStatus>Final Published</MarketingStatus><CRDate>2012-08-17</CRDate><CRDateYW>201233</CRDateYW><ModelYears><ModelYear>2012</ModelYear><ModelYear>2013</ModelYear></ModelYears><ProductDivision><ProductDivisionCode>0200</ProductDivisionCode><ProductDivisionName>Consumer Lifestyle</ProductDivisionName><FormerPDCode>3400</FormerPDCode></ProductDivision><ProductOwner>Wei Sheng Tay</ProductOwner><DTN>32PFL3807K/02</DTN><Catalog><StartOfPublication>2012-08-17T00:00:00</StartOfPublication><EndOfPublication>2023-12-17T00:00:00</EndOfPublication><StartOfSales>2012-08-17T00:00:00</StartOfSales><EndOfSales>2023-12-17T00:00:00</EndOfSales><DummyPrice/><Deleted>false</Deleted><DeleteAfterDate/><ProductRank>50</ProductRank></Catalog><FinancialCategorization><BusinessGroupCode>6918</BusinessGroupCode><BusinessGroupName>TV</BusinessGroupName><BusinessUnitCode>0680</BusinessUnitCode><BusinessUnitName>TV</BusinessUnitName><MainArticleGroupCode>C26</MainArticleGroupCode><MainArticleGroupName>Philips LCD - M Screen &gt;=30 =&lt;34i</MainArticleGroupName><ArticleGroupCode>1874</ArticleGroupCode><ArticleGroupName>Philips LCD - M Screen &gt;=30 =&lt;34i</ArticleGroupName></FinancialCategorization><Categorization type="CONSUMER"><GroupCode>SOUND_AND_VISION_GR</GroupCode><GroupName>Sound &amp; vision</GroupName><CategoryCode>TV_CA</CategoryCode><CategoryName>TV</CategoryName><SubcategoryCode>SMART_TV_SU</SubcategoryCode><SubcategoryName>Smart TV</SubcategoryName></Categorization><Assets><Asset code="32PFL3807K_02" description="User manual" extension="pdf" lastModified="2012-07-09" locale="de_DE" number="001" type="DFU">http://download.p4c.philips.com/files/3/32pfl3807k_02/32pfl3807k_02_dfu_deu.pdf</Asset><Asset code="32PFL3807K_02" description="Leaflet" extension="pdf" lastModified="2018-05-15" locale="de_DE" number="001" type="PSS">http://download.p4c.philips.com/files/3/32pfl3807k_02/32pfl3807k_02_pss_deude.pdf</Asset><Asset code="32PFL3807K_02" description="Quick start guide" extension="pdf" lastModified="2012-06-11" locale="de_DE" number="001" type="QSG">http://download.p4c.philips.com/files/3/32pfl3807k_02/32pfl3807k_02_qsg_deu.pdf</Asset><Asset code="32PFL3807K_02" description="Retail Trade Leaflet" extension="pdf" lastModified="2018-05-15" locale="de_DE" number="001" type="RTL">http://download.p4c.philips.com/files/3/32pfl3807k_02/32pfl3807k_02_rtl_deude.pdf</Asset><Asset code="32PFL3807K_02" description="Front product photograph - highres 2196x1795" extension="jpg" lastModified="2012-06-12" locale="global" number="001" type="_FP">http://images.philips.com/is/image/PhilipsConsumer/32PFL3807K_02-_FP-global-001</Asset><Asset code="32PFL3807K_02" description="Alternative product photograph - highres 2196x1795" extension="jpg" lastModified="2012-08-16" locale="global" number="001" type="APP">http://images.philips.com/is/image/PhilipsConsumer/32PFL3807K_02-APP-global-001</Asset><Asset code="32PFL3807K_02" description="Product detail 1 - highres 2196x1795" extension="jpg" lastModified="2012-08-24" locale="global" number="001" type="D1P">http://images.philips.com/is/image/PhilipsConsumer/32PFL3807K_02-D1P-global-001</Asset><Asset code="32PFL3807K_02" description="Product detail 2 - highres 2196x1795" extension="jpg" lastModified="2012-08-24" locale="global" number="001" type="D2P">http://images.philips.com/is/image/PhilipsConsumer/32PFL3807K_02-D2P-global-001</Asset><Asset code="32PFL3807K_02" description="Product detail photograph - highres 2196x2196" extension="tif" lastModified="2012-08-24" locale="global" number="001" type="DPP">http://images.philips.com/is/image/PhilipsConsumer/32PFL3807K_02-DPP-global-001</Asset><Asset code="32PFL3807K_02" description="Main in-use photograph - highres 2480x1462" extension="jpg" lastModified="2012-07-19" locale="global" number="001" type="MI1">http://images.philips.com/is/image/PhilipsConsumer/32PFL3807K_02-MI1-global-001</Asset><Asset code="32PFL3807K_02" description="Product 3D" extension="zip" lastModified="2012-07-25" locale="global" number="001" type="P3D">http://images.philips.com/is/image/PhilipsConsumer/32PFL3807K_02-P3D-global</Asset><Asset code="32PFL3807K_02" description="Product 360 video" extension="flv" lastModified="2012-07-25" locale="global" number="001" type="P3F">http://images.philips.com/is/image/PhilipsConsumer/32PFL3807K_02-P3F-global-001</Asset><Asset code="32PFL3807K_02" description="Leaflet" extension="pdf" lastModified="2018-04-25" locale="global" number="001" type="PSS">http://download.p4c.philips.com/files/3/32pfl3807k_02/32pfl3807k_02_pss_.pdf</Asset><Asset code="32PFL3807K_02" description="Alt remote control photo 1 - highres 1772x2953" extension="jpg" lastModified="2012-06-06" locale="global" number="001" type="R1P">http://images.philips.com/is/image/PhilipsConsumer/32PFL3807K_02-R1P-global-001</Asset><Asset code="32PFL3807K_02" description="Remote control photograph - highres 1772x2953" extension="tif" lastModified="2012-06-06" locale="global" number="001" type="RCP">http://images.philips.com/is/image/PhilipsConsumer/32PFL3807K_02-RCP-global-001</Asset><Asset code="32PFL3807K_02" description="Standard product photograph - highres 2196x1795" extension="jpg" lastModified="2012-06-12" locale="global" number="001" type="RTP">http://images.philips.com/is/image/PhilipsConsumer/32PFL3807K_02-RTP-global-001</Asset><Asset code="32PFL3807K_02" description="Single product shot" extension="" lastModified="2016-09-05" locale="" number="" type="IMS">http://images.philips.com/is/image/PhilipsConsumer/32PFL3807K_02-IMS-</Asset><Asset code="32PFL3807K_02" description="Product gallery image set" extension="" lastModified="2016-09-05" locale="" number="" type="GAL">http://images.philips.com/is/image/PhilipsConsumer/32PFL3807K_02-GAL-</Asset><Asset code="ALA_194249686DE" description="Award rank" extension="png" lastModified="" locale="de_DE" number="001" type="AWR">http://images.philips.com/is/image/PhilipsConsumer/ALR085-AWR-de_DE-001</Asset><Asset code="ALA_194249686DE" description="Award URL" extension="html" lastModified="" locale="de_DE" number="001" type="AWU">http://alatest.de/testberichte/fernseher/a/po3-194249686,33/#partner:50428</Asset><Asset code="ALS_12100" description="Award source logo" extension="png" lastModified="" locale="de_DE" number="001" type="AWL">http://images.philips.com/is/image/PhilipsConsumer/ALS_12100-AWL-de_DE-001</Asset><Asset code="F400013082" description="Feature photograph - highres 2100x1170" extension="tif" lastModified="2011-11-23" locale="global" number="001" type="FIL">http://images.philips.com/is/image/PhilipsConsumer/F400013082-FIL-global-001</Asset><Asset code="F400013082" description="Feature logo - highres 331x213" extension="tif" lastModified="2010-01-12" locale="global" number="001" type="FLP">http://images.philips.com/is/image/PhilipsConsumer/F400013082-FLP-global-001</Asset><Asset code="F400021449" description="Feature logo - highres 331x213" extension="tif" lastModified="2009-12-10" locale="global" number="001" type="FLP">http://images.philips.com/is/image/PhilipsConsumer/F400021449-FLP-global-001</Asset><Asset code="F400021474" description="Feature photograph - highres 2100x1170" extension="tif" lastModified="2012-06-21" locale="global" number="001" type="FIL">http://images.philips.com/is/image/PhilipsConsumer/F400021474-FIL-global-001</Asset><Asset code="F400021474" description="Feature logo - highres 331x213" extension="tif" lastModified="2010-11-30" locale="global" number="001" type="FLP">http://images.philips.com/is/image/PhilipsConsumer/F400021474-FLP-global-001</Asset><Asset code="F400021485" description="Feature logo - highres 331x213" extension="tif" lastModified="2011-11-08" locale="global" number="001" type="FLP">http://images.philips.com/is/image/PhilipsConsumer/F400021485-FLP-global-001</Asset><Asset code="F400028159" description="Feature photograph - highres 2100x1170" extension="tif" lastModified="2011-11-23" locale="global" number="001" type="FIL">http://images.philips.com/is/image/PhilipsConsumer/F400028159-FIL-global-001</Asset><Asset code="F400028159" description="Feature logo - highres 331x213" extension="tif" lastModified="2010-12-02" locale="global" number="001" type="FLP">http://images.philips.com/is/image/PhilipsConsumer/F400028159-FLP-global-001</Asset><Asset code="F400030291" description="Feature photograph - highres 2100x1170" extension="tif" lastModified="2011-04-04" locale="global" number="001" type="FIL">http://images.philips.com/is/image/PhilipsConsumer/F400030291-FIL-global-001</Asset><Asset code="F400030291" description="Feature logo - highres 331x213" extension="tif" lastModified="2011-02-25" locale="global" number="001" type="FLP">http://images.philips.com/is/image/PhilipsConsumer/F400030291-FLP-global-001</Asset><Asset code="F400030608" description="Feature photograph - highres 2100x1170" extension="tif" lastModified="2012-03-08" locale="global" number="001" type="FIL">http://images.philips.com/is/image/PhilipsConsumer/F400030608-FIL-global-001</Asset><Asset code="F400030608" description="Feature logo - highres 331x213" extension="tif" lastModified="2011-03-23" locale="global" number="001" type="FLP">http://images.philips.com/is/image/PhilipsConsumer/F400030608-FLP-global-001</Asset><Asset code="F400032085" description="Feature photograph - highres 2100x1170" extension="tif" lastModified="2011-12-22" locale="global" number="001" type="FIL">http://images.philips.com/is/image/PhilipsConsumer/F400032085-FIL-global-001</Asset><Asset code="F400032085" description="Feature logo - highres 331x213" extension="tif" lastModified="2011-04-08" locale="global" number="001" type="FLP">http://images.philips.com/is/image/PhilipsConsumer/F400032085-FLP-global-001</Asset><Asset code="F400032085" description="Feature movie activation image big - 640 x 360" extension="jpg" lastModified="2011-09-30" locale="global" number="001" type="FMB">http://images.philips.com/is/image/PhilipsConsumer/F400032085-FMB-global-001</Asset><Asset code="F400034182" description="Feature logo - highres 331x213" extension="tif" lastModified="2011-07-27" locale="global" number="001" type="FLP">http://images.philips.com/is/image/PhilipsConsumer/F400034182-FLP-global-001</Asset><Asset code="F400035970" description="Feature logo - highres 331x213" extension="tif" lastModified="2012-02-13" locale="global" number="001" type="FLP">http://images.philips.com/is/image/PhilipsConsumer/F400035970-FLP-global-001</Asset><Asset code="F400035974" description="Feature photograph - highres 2100x1170" extension="tif" lastModified="2011-11-23" locale="global" number="001" type="FIL">http://images.philips.com/is/image/PhilipsConsumer/F400035974-FIL-global-001</Asset><Asset code="F400035974" description="Feature logo - highres 331x213" extension="tif" lastModified="2011-10-28" locale="global" number="001" type="FLP">http://images.philips.com/is/image/PhilipsConsumer/F400035974-FLP-global-001</Asset><Asset code="F400035989" description="Feature photograph - highres 2100x1170" extension="tif" lastModified="2012-06-07" locale="global" number="001" type="FIL">http://images.philips.com/is/image/PhilipsConsumer/F400035989-FIL-global-001</Asset><Asset code="F400035989" description="Feature logo - highres 331x213" extension="tif" lastModified="2011-11-16" locale="global" number="001" type="FLP">http://images.philips.com/is/image/PhilipsConsumer/F400035989-FLP-global-001</Asset><Asset code="GA_BLUEANGEL" description="needs to be blocked as code in CCR Global award logo - master" extension="tif" lastModified="2012-08-27" locale="global" number="001" type="GAL">GA_BLUEANGEL-GAL-global-001.tif</Asset><Asset code="GA_BLUEANGEL" description="Global award logo - highres 590x590" extension="tif" lastModified="2012-08-27" locale="global" number="001" type="GAP">http://images.philips.com/is/image/PhilipsConsumer/GA_BLUEANGEL-GAP-global-001</Asset><Asset code="PHI" description="Brand logo - highres 1476x886" extension="tif" lastModified="2016-02-18" locale="global" number="001" type="BRP">http://images.philips.com/is/image/PhilipsConsumer/PHI-BRP-global-001</Asset></Assets><ProductName>81 cm (32") LED TV Digital Crystal Clear</ProductName><FullProductName>Philips 3800 series LED TV 32PFL3807K 81 cm (32") Full HD 1080p DVB T/C/S2 with Digital Crystal Clear</FullProductName><NamingString><MasterBrand><BrandCode>PHI</BrandCode><BrandName>Philips</BrandName></MasterBrand><BrandString>Philips</BrandString><Concept><ConceptCode>SB40002504</ConceptCode><ConceptName>3800 series</ConceptName><ConceptNameUsed>1</ConceptNameUsed></Concept><Descriptor><DescriptorCode>D4006547</DescriptorCode><DescriptorName>LED TV</DescriptorName></Descriptor><Alphanumeric>32PFL3807K</Alphanumeric><VersionElement1><VersionElementCode>V300000052</VersionElementCode><VersionElementName>81 cm (32")</VersionElementName></VersionElement1><VersionElement2><VersionElementCode>V4001463</VersionElementCode><VersionElementName>Full HD 1080p</VersionElementName></VersionElement2><VersionElement3><VersionElementCode>V4013537</VersionElementCode><VersionElementName>DVB T/C/S2</VersionElementName></VersionElement3><VersionString>81 cm (32") Full HD 1080p DVB T/C/S2</VersionString><BrandedFeatureCode1>F400021449</BrandedFeatureCode1><BrandedFeatureString>with Digital Crystal Clear</BrandedFeatureString><DescriptorBrandedFeatureString>LED TV with Digital Crystal Clear</DescriptorBrandedFeatureString></NamingString><WOW>Relax and enjoy a great TV night</WOW><SubWOW>with Full HD LED and Smart TV</SubWOW><MarketingTextHeader>Relax and enjoy a great TV night in brilliant LED quality on the Philips 32PFL3807 Full HD LED TV. Powered by Digital Crystal Clear, you can now watch YouTube videos in clear, vivid details.</MarketingTextHeader><KeyBenefitArea><KeyBenefitAreaCode>K4015639</KeyBenefitAreaCode><KeyBenefitAreaName>Enjoy a world of content with Smart TV</KeyBenefitAreaName><KeyBenefitAreaRank>1</KeyBenefitAreaRank><Feature><FeatureCode>F400028159</FeatureCode><FeatureReferenceName>Wireless LAN Adapter (2011)</FeatureReferenceName><FeatureName>Wi-Fi USB Adaptor</FeatureName><FeatureLongDescription>Easy wireless connection with optional wireless USB adaptor</FeatureLongDescription><FeatureGlossary>Enjoy Smart TV wirelessly with the Philips Wi-Fi USB Adapter (PTA01) for Smart TV. Simply insert the adaptor to the USB connector at the side of the TV and connect your TV directly to your home network. Navigate to your preferred online content with your TV remote control.</FeatureGlossary><FeatureRank>1</FeatureRank><FeatureTopRank>1</FeatureTopRank></Feature><Feature><FeatureCode>F400035970</FeatureCode><FeatureReferenceName>Net TV - YouTube (2012)</FeatureReferenceName><FeatureName>Smart TV online apps</FeatureName><FeatureLongDescription>A wealth of online videos via YouTube</FeatureLongDescription><FeatureGlossary>Enjoy a rich gallery of online videos via YouTube on your TV.</FeatureGlossary><FeatureRank>2</FeatureRank><FeatureTopRank>2</FeatureTopRank></Feature><Feature><FeatureCode>F400030291</FeatureCode><FeatureReferenceName>SimplyShare TV (2011)</FeatureReferenceName><FeatureName>SimplyShare TV</FeatureName><FeatureLongDescription>With SimplyShare, enjoy photos, music and movies on your TV</FeatureLongDescription><FeatureGlossary>Share photos, music and movies through SimplyShare from your smart phone, tablet or computer and enjoy them on the big screen.</FeatureGlossary><FeatureRank>4</FeatureRank><FeatureTopRank>3</FeatureTopRank></Feature><Feature><FeatureCode>F400035989</FeatureCode><FeatureReferenceName>TV video calls (2012)</FeatureReferenceName><FeatureName>TV Video Calls</FeatureName><FeatureLongDescription>Enjoy video calls on your TV and be close to your loved ones</FeatureLongDescription><FeatureGlossary>Add a new dimension to your calls and contact your friends and relatives on the big screen. Be able to make video calls on your TV with the optional Philips Home Theatre Systems or Philips Blu-ray Disc / DVD Player and a compatible TV web camera. Enjoy HD video and excellent sound quality from the comfort of your couch and start calling now!</FeatureGlossary><FeatureRank>6</FeatureRank><FeatureTopRank>4</FeatureTopRank></Feature></KeyBenefitArea><KeyBenefitArea><KeyBenefitAreaCode>K4015420</KeyBenefitAreaCode><KeyBenefitAreaName>A clear, vivid picture everytime</KeyBenefitAreaName><KeyBenefitAreaRank>2</KeyBenefitAreaRank><Feature><FeatureCode>F400021449</FeatureCode><FeatureReferenceName>Digital Crystal Clear +1080p (2010)</FeatureReferenceName><FeatureName>Digital Crystal Clear</FeatureName><FeatureLongDescription>Full HD TV with Digital Crystal Clear for depth and clarity</FeatureLongDescription><FeatureGlossary>Digital Crystal Clear is a package of picture innovations that digitally adjusts and optimizes picture quality to optimal contrast, color and sharpness levels. The result is extremely clear pictures from any source.</FeatureGlossary><FeatureRank>3</FeatureRank><FeatureTopRank>5</FeatureTopRank></Feature><Feature><FeatureCode>F400030608</FeatureCode><FeatureReferenceName>Full HD LED TV (2011)</FeatureReferenceName><FeatureName>Full HD LED TV</FeatureName><FeatureLongDescription>Brilliant LED images with incredible contrast</FeatureLongDescription><FeatureGlossary>The most advanced LED lighting technology in this Full HD LED TV combines an eye-catching minimalistic design with stunning image quality as well as the lowest power consumption in its category. On top of that, LED lighting technology does not contain any hazardous materials. Thus, with LED backlight you can enjoy low power consumption, high brightness, incredible contrast, sharpness and vibrant colors.</FeatureGlossary><FeatureRank>7</FeatureRank><FeatureTopRank>6</FeatureTopRank></Feature><Feature><FeatureCode>F400032085</FeatureCode><FeatureReferenceName>100Hz PMR</FeatureReferenceName><FeatureName>100Hz Perfect Motion Rate</FeatureName><FeatureLongDescription>100Hz Perfect Motion Rate (PMR) for superb motion sharpness</FeatureLongDescription><FeatureGlossary>Combining the refresh rate of the panel and unique image processing, Perfect Motion Rate (PMR) creates extreme motion sharpness for clear and vibrant images even with fast on-screen motion.</FeatureGlossary><FeatureRank>10</FeatureRank><FeatureTopRank>7</FeatureTopRank></Feature></KeyBenefitArea><KeyBenefitArea><KeyBenefitAreaCode>K4009460</KeyBenefitAreaCode><KeyBenefitAreaName>Complete digital connectivity made simple</KeyBenefitAreaName><KeyBenefitAreaRank>3</KeyBenefitAreaRank><Feature><FeatureCode>F400035974</FeatureCode><FeatureReferenceName>2 USB (photos, music, video)</FeatureReferenceName><FeatureName>2 USB (multimedia)</FeatureName><FeatureLongDescription>2 USB slots for fantastic multimedia playback</FeatureLongDescription><FeatureGlossary>Two USB slots give access to jpeg photos, mp3 music and video files of most USB-sticks (USB memory-class device). Plug the USBs into one of the slots on your TV and access the multimedia content using the easy on screen content browser. You can now view and share your videos, photos and music.</FeatureGlossary><FeatureRank>5</FeatureRank><FeatureTopRank>8</FeatureTopRank></Feature><Feature><FeatureCode>F400026439</FeatureCode><FeatureReferenceName>PC Input ( HDMI + VGA )</FeatureReferenceName><FeatureName>PC Input ( HDMI + VGA )</FeatureName><FeatureLongDescription>PC input allows you to use your TV as a PC monitor</FeatureLongDescription><FeatureGlossary>With PC input you can use your TV as a PC monitor either using a HDMI-DVI cable (for digital signals) or VGA cable (for analog signals).</FeatureGlossary><FeatureRank>8</FeatureRank><FeatureTopRank>9</FeatureTopRank></Feature><Feature><FeatureCode>F400021474</FeatureCode><FeatureReferenceName>3 HDMI inputs with Easylink (2010)</FeatureReferenceName><FeatureName>3 HDMI inputs with Easylink</FeatureName><FeatureLongDescription>Seamless connectivity with 3 HDMI inputs and Easylink</FeatureLongDescription><FeatureGlossary>HDMI is a single cable to carry both picture and audio signals from your devices to your TV, avoiding cable clutter. It carries uncompressed signals, ensuring the highest quality from source to screen. Together with Philips Easylink, you need only one remote control to perform most operations on your TV, DVD, BluRay, set top box or home theatre system.</FeatureGlossary><FeatureRank>9</FeatureRank><FeatureTopRank>10</FeatureTopRank></Feature><Feature><FeatureCode>F400021485</FeatureCode><FeatureReferenceName>Integrated triple tuner with DVB-S (2010)</FeatureReferenceName><FeatureName>Triple tuner with DVB-S</FeatureName><FeatureLongDescription>Triple tuner with DVB-S for HD programs without set top box</FeatureLongDescription><FeatureGlossary>The integrated digital tuner lets you receive satellite, digital cable and terrestrial TV without an additional set top box. Enjoy quality TV clutter free.</FeatureGlossary><FeatureRank>11</FeatureRank><FeatureTopRank>11</FeatureTopRank></Feature></KeyBenefitArea><FeatureLogo><FeatureCode>F400021449</FeatureCode><FeatureReferenceName>Digital Crystal Clear +1080p (2010)</FeatureReferenceName><FeatureLogoRank>1</FeatureLogoRank></FeatureLogo><FeatureLogo><FeatureCode>F400028159</FeatureCode><FeatureReferenceName>Wireless LAN Adapter (2011)</FeatureReferenceName><FeatureLogoRank>4</FeatureLogoRank></FeatureLogo><FeatureLogo><FeatureCode>F400035970</FeatureCode><FeatureReferenceName>Net TV - YouTube (2012)</FeatureReferenceName><FeatureLogoRank>5</FeatureLogoRank></FeatureLogo><FeatureLogo><FeatureCode>F400034182</FeatureCode><FeatureReferenceName>SimplyShare</FeatureReferenceName><FeatureLogoRank>6</FeatureLogoRank></FeatureLogo><FeatureLogo><FeatureCode>F400035989</FeatureCode><FeatureReferenceName>TV video calls (2012)</FeatureReferenceName><FeatureLogoRank>7</FeatureLogoRank></FeatureLogo><FeatureLogo><FeatureCode>F400032085</FeatureCode><FeatureReferenceName>100Hz PMR</FeatureReferenceName><FeatureLogoRank>8</FeatureLogoRank></FeatureLogo><FeatureLogo><FeatureCode>F400013082</FeatureCode><FeatureReferenceName>USB (photos, music, video)</FeatureReferenceName><FeatureLogoRank>9</FeatureLogoRank></FeatureLogo><FeatureLogo><FeatureCode>F400021474</FeatureCode><FeatureReferenceName>3 HDMI inputs with Easylink (2010)</FeatureReferenceName><FeatureLogoRank>10</FeatureLogoRank></FeatureLogo><FeatureLogo><FeatureCode>F400021485</FeatureCode><FeatureReferenceName>Integrated triple tuner with DVB-S (2010)</FeatureReferenceName><FeatureLogoRank>11</FeatureLogoRank></FeatureLogo><FeatureImage><FeatureCode>F400028159</FeatureCode><FeatureReferenceName>Wireless LAN Adapter (2011)</FeatureReferenceName><FeatureImageRank>1</FeatureImageRank></FeatureImage><FeatureImage><FeatureCode>F400035974</FeatureCode><FeatureReferenceName>2 USB (photos, music, video)</FeatureReferenceName><FeatureImageRank>8</FeatureImageRank></FeatureImage><FeatureHighlight><FeatureCode>F400028159</FeatureCode><FeatureReferenceName>Wireless LAN Adapter (2011)</FeatureReferenceName><FeatureHighlightRank>1</FeatureHighlightRank></FeatureHighlight><FeatureHighlight><FeatureCode>F400035989</FeatureCode><FeatureReferenceName>TV video calls (2012)</FeatureReferenceName><FeatureHighlightRank>4</FeatureHighlightRank></FeatureHighlight><FeatureHighlight><FeatureCode>F400021449</FeatureCode><FeatureReferenceName>Digital Crystal Clear +1080p (2010)</FeatureReferenceName><FeatureHighlightRank>5</FeatureHighlightRank></FeatureHighlight><FeatureHighlight><FeatureCode>F400030608</FeatureCode><FeatureReferenceName>Full HD LED TV (2011)</FeatureReferenceName><FeatureHighlightRank>6</FeatureHighlightRank></FeatureHighlight><FeatureHighlight><FeatureCode>F400032085</FeatureCode><FeatureReferenceName>100Hz PMR</FeatureReferenceName><FeatureHighlightRank>7</FeatureHighlightRank></FeatureHighlight><FeatureHighlight><FeatureCode>F400035974</FeatureCode><FeatureReferenceName>2 USB (photos, music, video)</FeatureReferenceName><FeatureHighlightRank>8</FeatureHighlightRank></FeatureHighlight><FeatureHighlight><FeatureCode>F400021474</FeatureCode><FeatureReferenceName>3 HDMI inputs with Easylink (2010)</FeatureReferenceName><FeatureHighlightRank>10</FeatureHighlightRank></FeatureHighlight><CSChapter><CSChapterCode>3000796</CSChapterCode><CSChapterName>Picture/Display</CSChapterName><CSChapterRank>1</CSChapterRank><CSItem><CSItemCode>IT4009349</CSItemCode><CSItemName>Display</CSItemName><CSItemRank>4</CSItemRank><CSItemIsFreeFormat>0</CSItemIsFreeFormat><CSValue><CSValueCode>VA4026243</CSValueCode><CSValueName>LED Full HD</CSValueName><CSValueRank>45</CSValueRank></CSValue></CSItem><CSItem><CSItemCode>3006140</CSItemCode><CSItemName>Diagonal screen size (metric)</CSItemName><CSItemRank>10</CSItemRank><CSItemIsFreeFormat>1</CSItemIsFreeFormat><CSValue><CSValueCode>3031123</CSValueCode><CSValueName>81</CSValueName><CSValueRank>1</CSValueRank></CSValue><UnitOfMeasure><UnitOfMeasureCode>3000039</UnitOfMeasureCode><UnitOfMeasureName>centimeter</UnitOfMeasureName><UnitOfMeasureSymbol>cm</UnitOfMeasureSymbol></UnitOfMeasure></CSItem><CSItem><CSItemCode>3006139</CSItemCode><CSItemName>Diagonal screen size (inch)</CSItemName><CSItemRank>23</CSItemRank><CSItemIsFreeFormat>1</CSItemIsFreeFormat><CSValue><CSValueCode>3031122</CSValueCode><CSValueName>32</CSValueName><CSValueRank>1</CSValueRank></CSValue><UnitOfMeasure><UnitOfMeasureCode>3000047</UnitOfMeasureCode><UnitOfMeasureName>inch</UnitOfMeasureName><UnitOfMeasureSymbol>inch</UnitOfMeasureSymbol></UnitOfMeasure></CSItem><CSItem><CSItemCode>3006177</CSItemCode><CSItemName>Panel resolution</CSItemName><CSItemRank>32</CSItemRank><CSItemIsFreeFormat>0</CSItemIsFreeFormat><CSValue><CSValueCode>3042789</CSValueCode><CSValueName>1920x1080p</CSValueName><CSValueRank>22</CSValueRank></CSValue></CSItem><CSItem><CSItemCode>3006121</CSItemCode><CSItemName>Aspect ratio</CSItemName><CSItemRank>45</CSItemRank><CSItemIsFreeFormat>0</CSItemIsFreeFormat><CSValue><CSValueCode>3031098</CSValueCode><CSValueName>16:9</CSValueName><CSValueRank>42</CSValueRank></CSValue></CSItem><CSItem><CSItemCode>3006127</CSItemCode><CSItemName>Brightness</CSItemName><CSItemRank>46</CSItemRank><CSItemIsFreeFormat>1</CSItemIsFreeFormat><CSValue><CSValueCode>3031110</CSValueCode><CSValueName>350</CSValueName><CSValueRank>1</CSValueRank></CSValue><UnitOfMeasure><UnitOfMeasureCode>3000038</UnitOfMeasureCode><UnitOfMeasureName>candela per square meter</UnitOfMeasureName><UnitOfMeasureSymbol>cd/m²</UnitOfMeasureSymbol></UnitOfMeasure></CSItem><CSItem><CSItemCode>3009991</CSItemCode><CSItemName>Dynamic screen contrast</CSItemName><CSItemRank>53</CSItemRank><CSItemIsFreeFormat>1</CSItemIsFreeFormat><CSValue><CSValueCode>3045091</CSValueCode><CSValueName>100.000:1</CSValueName><CSValueRank>1</CSValueRank></CSValue></CSItem><CSItem><CSItemCode>3006183</CSItemCode><CSItemName>Picture enhancement</CSItemName><CSItemRank>57</CSItemRank><CSItemIsFreeFormat>0</CSItemIsFreeFormat><CSValue><CSValueCode>3031239</CSValueCode><CSValueName>Digital Crystal Clear</CSValueName><CSValueRank>53</CSValueRank></CSValue><CSValue><CSValueCode>VA4033827</CSValueCode><CSValueName>100 Hz Perfect Motion Rate</CSValueName><CSValueRank>73</CSValueRank></CSValue></CSItem></CSChapter><CSChapter><CSChapterCode>CH4003061</CSChapterCode><CSChapterName>Smart TV Applications</CSChapterName><CSChapterRank>2</CSChapterRank><CSItem><CSItemCode>IT4017033</CSItemCode><CSItemName>Net TV</CSItemName><CSItemRank>18</CSItemRank><CSItemIsFreeFormat>0</CSItemIsFreeFormat><CSValue><CSValueCode>VA4063041</CSValueCode><CSValueName>YouTube</CSValueName><CSValueRank>58</CSValueRank></CSValue></CSItem><CSItem><CSItemCode>IT4016612</CSItemCode><CSItemName>SimplyShare</CSItemName><CSItemRank>36</CSItemRank><CSItemIsFreeFormat>0</CSItemIsFreeFormat><CSValue><CSValueCode>VA4033664</CSValueCode><CSValueName>DLNA media browser</CSValueName><CSValueRank>17</CSValueRank></CSValue></CSItem></CSChapter><CSChapter><CSChapterCode>3000799</CSChapterCode><CSChapterName>Sound</CSChapterName><CSChapterRank>3</CSChapterRank><CSItem><CSItemCode>3006270</CSItemCode><CSItemName>Output power (RMS)</CSItemName><CSItemRank>1</CSItemRank><CSItemIsFreeFormat>1</CSItemIsFreeFormat><CSValue><CSValueCode>3031400</CSValueCode><CSValueName>20W (2x5W + 10W)</CSValueName><CSValueRank>1</CSValueRank></CSValue></CSItem><CSItem><CSItemCode>3006277</CSItemCode><CSItemName>Sound Enhancement</CSItemName><CSItemRank>21</CSItemRank><CSItemIsFreeFormat>0</CSItemIsFreeFormat><CSValue><CSValueCode>VA4027186</CSValueCode><CSValueName>AmbiwOOx</CSValueName><CSValueRank>5</CSValueRank></CSValue><CSValue><CSValueCode>3031412</CSValueCode><CSValueName>Auto Volume Leveller</CSValueName><CSValueRank>23</CSValueRank></CSValue><CSValue><CSValueCode>VA4021459</CSValueCode><CSValueName>Clear Sound</CSValueName><CSValueRank>36</CSValueRank></CSValue><CSValue><CSValueCode>3031432</CSValueCode><CSValueName>Incredible Surround</CSValueName><CSValueRank>51</CSValueRank></CSValue></CSItem></CSChapter><CSChapter><CSChapterCode>3000813</CSChapterCode><CSChapterName>Connectivity</CSChapterName><CSChapterRank>4</CSChapterRank><CSItem><CSItemCode>IT4006781</CSItemCode><CSItemName>Number of HDMI connections</CSItemName><CSItemRank>9</CSItemRank><CSItemIsFreeFormat>0</CSItemIsFreeFormat><CSValue><CSValueCode>VA4018287</CSValueCode><CSValueName>3</CSValueName><CSValueRank>41</CSValueRank></CSValue></CSItem><CSItem><CSItemCode>IT4015985</CSItemCode><CSItemName>Number of component in (YPbPr)</CSItemName><CSItemRank>19</CSItemRank><CSItemIsFreeFormat>0</CSItemIsFreeFormat><CSValue><CSValueCode>VA4032424</CSValueCode><CSValueName>1</CSValueName><CSValueRank>14</CSValueRank></CSValue></CSItem><CSItem><CSItemCode>IT4015982</CSItemCode><CSItemName>Number of scarts (RGB/CVBS)</CSItemName><CSItemRank>25</CSItemRank><CSItemIsFreeFormat>0</CSItemIsFreeFormat><CSValue><CSValueCode>VA4032420</CSValueCode><CSValueName>1</CSValueName><CSValueRank>2</CSValueRank></CSValue></CSItem><CSItem><CSItemCode>3008370</CSItemCode><CSItemName>Number of AV connections</CSItemName><CSItemRank>34</CSItemRank><CSItemIsFreeFormat>0</CSItemIsFreeFormat><CSValue><CSValueCode>VA4032426</CSValueCode><CSValueName>1</CSValueName><CSValueRank>25</CSValueRank></CSValue></CSItem><CSItem><CSItemCode>IT4015984</CSItemCode><CSItemName>Number of USBs</CSItemName><CSItemRank>40</CSItemRank><CSItemIsFreeFormat>0</CSItemIsFreeFormat><CSValue><CSValueCode>VA4032422</CSValueCode><CSValueName>2</CSValueName><CSValueRank>21</CSValueRank></CSValue></CSItem><CSItem><CSItemCode>3006591</CSItemCode><CSItemName>Wireless connections</CSItemName><CSItemRank>44</CSItemRank><CSItemIsFreeFormat>0</CSItemIsFreeFormat><CSValue><CSValueCode>VA4037183</CSValueCode><CSValueName>Wireless LAN ready</CSValueName><CSValueRank>34</CSValueRank></CSValue></CSItem><CSItem><CSItemCode>3006573</CSItemCode><CSItemName>Other connections</CSItemName><CSItemRank>48</CSItemRank><CSItemIsFreeFormat>0</CSItemIsFreeFormat><CSValue><CSValueCode>3032285</CSValueCode><CSValueName>Antenna IEC75</CSValueName><CSValueRank>10</CSValueRank></CSValue><CSValue><CSValueCode>VA4019747</CSValueCode><CSValueName>Common Interface Plus (CI+)</CSValueName><CSValueRank>46</CSValueRank></CSValue><CSValue><CSValueCode>VA4022502</CSValueCode><CSValueName>Ethernet-LAN RJ-45</CSValueName><CSValueRank>59</CSValueRank></CSValue><CSValue><CSValueCode>VA4032429</CSValueCode><CSValueName>Digital audio out (coaxial)</CSValueName><CSValueRank>65</CSValueRank></CSValue><CSValue><CSValueCode>3032328</CSValueCode><CSValueName>PC-in VGA + Audio L/R in</CSValueName><CSValueRank>66</CSValueRank></CSValue><CSValue><CSValueCode>VA4001121</CSValueCode><CSValueName>Headphone out</CSValueName><CSValueRank>71</CSValueRank></CSValue></CSItem><CSItem><CSItemCode>IT4001801</CSItemCode><CSItemName>HDMI features</CSItemName><CSItemRank>54</CSItemRank><CSItemIsFreeFormat>0</CSItemIsFreeFormat><CSValue><CSValueCode>VA4021426</CSValueCode><CSValueName>Audio Return Channel</CSValueName><CSValueRank>20</CSValueRank></CSValue></CSItem><CSItem><CSItemCode>IT4001802</CSItemCode><CSItemName>EasyLink (HDMI-CEC)</CSItemName><CSItemRank>56</CSItemRank><CSItemIsFreeFormat>0</CSItemIsFreeFormat><CSValue><CSValueCode>VA4006305</CSValueCode><CSValueName>Remote control pass-through</CSValueName><CSValueRank>3</CSValueRank></CSValue><CSValue><CSValueCode>VA4006303</CSValueCode><CSValueName>System audio control</CSValueName><CSValueRank>19</CSValueRank></CSValue><CSValue><CSValueCode>VA4004662</CSValueCode><CSValueName>System standby</CSValueName><CSValueRank>43</CSValueRank></CSValue><CSValue><CSValueCode>VA4006306</CSValueCode><CSValueName>Pixel Plus link (Philips)</CSValueName><CSValueRank>62</CSValueRank></CSValue><CSValue><CSValueCode>VA4004661</CSValueCode><CSValueName>One touch play</CSValueName><CSValueRank>64</CSValueRank></CSValue></CSItem></CSChapter><CSChapter><CSChapterCode>3000811</CSChapterCode><CSChapterName>Multimedia Applications</CSChapterName><CSChapterRank>5</CSChapterRank><CSItem><CSItemCode>IT4008764</CSItemCode><CSItemName>Video Playback Formats</CSItemName><CSItemRank>7</CSItemRank><CSItemIsFreeFormat>0</CSItemIsFreeFormat><CSValue><CSValueCode>VA4021455</CSValueCode><CSValueName>H264/MPEG-4 AVC</CSValueName><CSValueRank>32</CSValueRank></CSValue><CSValue><CSValueCode>VA4021451</CSValueCode><CSValueName>MPEG-1</CSValueName><CSValueRank>44</CSValueRank></CSValue><CSValue><CSValueCode>VA4021452</CSValueCode><CSValueName>MPEG-2</CSValueName><CSValueRank>55</CSValueRank></CSValue><CSValue><CSValueCode>VA4021453</CSValueCode><CSValueName>MPEG-4</CSValueName><CSValueRank>60</CSValueRank></CSValue></CSItem><CSItem><CSItemCode>IT4008762</CSItemCode><CSItemName>Music Playback Formats</CSItemName><CSItemRank>17</CSItemRank><CSItemIsFreeFormat>0</CSItemIsFreeFormat><CSValue><CSValueCode>VA4021448</CSValueCode><CSValueName>MP3</CSValueName><CSValueRank>30</CSValueRank></CSValue></CSItem><CSItem><CSItemCode>IT4008763</CSItemCode><CSItemName>Picture Playback Formats</CSItemName><CSItemRank>24</CSItemRank><CSItemIsFreeFormat>0</CSItemIsFreeFormat><CSValue><CSValueCode>VA4021449</CSValueCode><CSValueName>JPEG</CSValueName><CSValueRank>11</CSValueRank></CSValue></CSItem></CSChapter><CSChapter><CSChapterCode>3000797</CSChapterCode><CSChapterName>Supported Display Resolution</CSChapterName><CSChapterRank>6</CSChapterRank><CSItem><CSItemCode>IT4009352</CSItemCode><CSItemName>Computer inputs</CSItemName><CSItemRank>5</CSItemRank><CSItemIsFreeFormat>0</CSItemIsFreeFormat><CSValue><CSValueCode>VA4022503</CSValueCode><CSValueName>up to 1920x1080 @ 60Hz</CSValueName><CSValueRank>7</CSValueRank></CSValue></CSItem><CSItem><CSItemCode>IT4009351</CSItemCode><CSItemName>Video inputs</CSItemName><CSItemRank>13</CSItemRank><CSItemIsFreeFormat>0</CSItemIsFreeFormat><CSValue><CSValueCode>VA4022494</CSValueCode><CSValueName>24, 25, 30, 50, 60 Hz</CSValueName><CSValueRank>9</CSValueRank></CSValue><CSValue><CSValueCode>VA4022493</CSValueCode><CSValueName>up to 1920x1080p</CSValueName><CSValueRank>26</CSValueRank></CSValue></CSItem></CSChapter><CSChapter><CSChapterCode>3000814</CSChapterCode><CSChapterName>Convenience</CSChapterName><CSChapterRank>7</CSChapterRank><CSItem><CSItemCode>3006653</CSItemCode><CSItemName>Ease of Installation</CSItemName><CSItemRank>20</CSItemRank><CSItemIsFreeFormat>0</CSItemIsFreeFormat><CSValue><CSValueCode>VA4021443</CSValueCode><CSValueName>Device connection wizard</CSValueName><CSValueRank>27</CSValueRank></CSValue><CSValue><CSValueCode>VA4021442</CSValueCode><CSValueName>Settings assistant wizard</CSValueName><CSValueRank>50</CSValueRank></CSValue></CSItem><CSItem><CSItemCode>3006654</CSItemCode><CSItemName>Ease of Use</CSItemName><CSItemRank>28</CSItemRank><CSItemIsFreeFormat>0</CSItemIsFreeFormat><CSValue><CSValueCode>VA4015364</CSValueCode><CSValueName>One-stop Home button</CSValueName><CSValueRank>8</CSValueRank></CSValue><CSValue><CSValueCode>VA4015361</CSValueCode><CSValueName>Onscreen Usermanual</CSValueName><CSValueRank>24</CSValueRank></CSValue></CSItem><CSItem><CSItemCode>3006721</CSItemCode><CSItemName>Screen Format Adjustments</CSItemName><CSItemRank>35</CSItemRank><CSItemIsFreeFormat>0</CSItemIsFreeFormat><CSValue><CSValueCode>3037764</CSValueCode><CSValueName>4:3</CSValueName><CSValueRank>39</CSValueRank></CSValue><CSValue><CSValueCode>VA4033962</CSValueCode><CSValueName>Autofill</CSValueName><CSValueRank>63</CSValueRank></CSValue><CSValue><CSValueCode>VA4033963</CSValueCode><CSValueName>Autozoom</CSValueName><CSValueRank>67</CSValueRank></CSValue><CSValue><CSValueCode>3038797</CSValueCode><CSValueName>Movie expand 14:9</CSValueName><CSValueRank>70</CSValueRank></CSValue><CSValue><CSValueCode>3038798</CSValueCode><CSValueName>Movie expand 16:9</CSValueName><CSValueRank>72</CSValueRank></CSValue><CSValue><CSValueCode>3037767</CSValueCode><CSValueName>Subtitle Zoom</CSValueName><CSValueRank>75</CSValueRank></CSValue><CSValue><CSValueCode>3037768</CSValueCode><CSValueName>Super Zoom</CSValueName><CSValueRank>76</CSValueRank></CSValue><CSValue><CSValueCode>VA4033964</CSValueCode><CSValueName>Unscaled</CSValueName><CSValueRank>78</CSValueRank></CSValue><CSValue><CSValueCode>3037762</CSValueCode><CSValueName>Widescreen</CSValueName><CSValueRank>79</CSValueRank></CSValue></CSItem><CSItem><CSItemCode>3006743</CSItemCode><CSItemName>Teletext</CSItemName><CSItemRank>43</CSItemRank><CSItemIsFreeFormat>0</CSItemIsFreeFormat><CSValue><CSValueCode>3046169</CSValueCode><CSValueName>1000 page Smart Text</CSValueName><CSValueRank>54</CSValueRank></CSValue></CSItem><CSItem><CSItemCode>3009312</CSItemCode><CSItemName>Firmware upgradeable</CSItemName><CSItemRank>50</CSItemRank><CSItemIsFreeFormat>0</CSItemIsFreeFormat><CSValue><CSValueCode>VA4002620</CSValueCode><CSValueName>Firmware auto upgrade wizard</CSValueName><CSValueRank>16</CSValueRank></CSValue><CSValue><CSValueCode>VA4002619</CSValueCode><CSValueName>Firmware upgradeable via USB</CSValueName><CSValueRank>29</CSValueRank></CSValue></CSItem></CSChapter><CSChapter><CSChapterCode>3000812</CSChapterCode><CSChapterName>Tuner/Reception/Transmission</CSChapterName><CSChapterRank>8</CSChapterRank><CSItem><CSItemCode>3007491</CSItemCode><CSItemName>Digital TV</CSItemName><CSItemRank>14</CSItemRank><CSItemIsFreeFormat>0</CSItemIsFreeFormat><CSValue><CSValueCode>VA4013282</CSValueCode><CSValueName>DVB-C MPEG2*</CSValueName><CSValueRank>1</CSValueRank></CSValue><CSValue><CSValueCode>VA4006702</CSValueCode><CSValueName>DVB-C MPEG4*</CSValueName><CSValueRank>33</CSValueRank></CSValue><CSValue><CSValueCode>VA4019093</CSValueCode><CSValueName>DVB-S2 MPEG4 HD</CSValueName><CSValueRank>38</CSValueRank></CSValue><CSValue><CSValueCode>VA4021287</CSValueCode><CSValueName>DVB-T MPEG2*</CSValueName><CSValueRank>48</CSValueRank></CSValue><CSValue><CSValueCode>VA4005042</CSValueCode><CSValueName>DVB-T MPEG4*</CSValueName><CSValueRank>61</CSValueRank></CSValue></CSItem><CSItem><CSItemCode>3006515</CSItemCode><CSItemName>Video Playback</CSItemName><CSItemRank>31</CSItemRank><CSItemIsFreeFormat>0</CSItemIsFreeFormat><CSValue><CSValueCode>3032144</CSValueCode><CSValueName>NTSC</CSValueName><CSValueRank>4</CSValueRank></CSValue><CSValue><CSValueCode>3032145</CSValueCode><CSValueName>PAL</CSValueName><CSValueRank>18</CSValueRank></CSValue><CSValue><CSValueCode>3032146</CSValueCode><CSValueName>SECAM</CSValueName><CSValueRank>47</CSValueRank></CSValue></CSItem></CSChapter><CSChapter><CSChapterCode>3000821</CSChapterCode><CSChapterName>Power</CSChapterName><CSChapterRank>9</CSChapterRank><CSItem><CSItemCode>3007003</CSItemCode><CSItemName>Mains power</CSItemName><CSItemRank>3</CSItemRank><CSItemIsFreeFormat>1</CSItemIsFreeFormat><CSValue><CSValueCode>3033675</CSValueCode><CSValueName>AC 220-240V; 50-60Hz</CSValueName><CSValueRank>1</CSValueRank></CSValue></CSItem><CSItem><CSItemCode>4000081</CSItemCode><CSItemName>Ambient temperature</CSItemName><CSItemRank>16</CSItemRank><CSItemIsFreeFormat>0</CSItemIsFreeFormat><CSValue><CSValueCode>VA4002861</CSValueCode><CSValueName>5 °C to 35 °C</CSValueName><CSValueRank>6</CSValueRank></CSValue></CSItem><CSItem><CSItemCode>IT4015354</CSItemCode><CSItemName>Energy Label Class</CSItemName><CSItemRank>27</CSItemRank><CSItemIsFreeFormat>0</CSItemIsFreeFormat><CSValue><CSValueCode>VA4030804</CSValueCode><CSValueName>A</CSValueName><CSValueRank>13</CSValueRank></CSValue></CSItem><CSItem><CSItemCode>IT4016791</CSItemCode><CSItemName>Eu Energy Label power</CSItemName><CSItemRank>30</CSItemRank><CSItemIsFreeFormat>1</CSItemIsFreeFormat><CSValue><CSValueCode>VA4033965</CSValueCode><CSValueName>40</CSValueName><CSValueRank>1</CSValueRank></CSValue><UnitOfMeasure><UnitOfMeasureCode>3000072</UnitOfMeasureCode><UnitOfMeasureName>watt</UnitOfMeasureName><UnitOfMeasureSymbol>W</UnitOfMeasureSymbol></UnitOfMeasure></CSItem><CSItem><CSItemCode>IT4013218</CSItemCode><CSItemName>Annual energy consumption</CSItemName><CSItemRank>38</CSItemRank><CSItemIsFreeFormat>1</CSItemIsFreeFormat><CSValue><CSValueCode>VA4025546</CSValueCode><CSValueName>58</CSValueName><CSValueRank>1</CSValueRank></CSValue><UnitOfMeasure><UnitOfMeasureCode>4000161</UnitOfMeasureCode><UnitOfMeasureName>kilowatt hour</UnitOfMeasureName><UnitOfMeasureSymbol>kW·h</UnitOfMeasureSymbol></UnitOfMeasure></CSItem><CSItem><CSItemCode>3007001</CSItemCode><CSItemName>Standby power consumption</CSItemName><CSItemRank>42</CSItemRank><CSItemIsFreeFormat>1</CSItemIsFreeFormat><CSValue><CSValueCode>3033673</CSValueCode><CSValueName>&lt; 0.3 W</CSValueName><CSValueRank>1</CSValueRank></CSValue></CSItem><CSItem><CSItemCode>IT4008765</CSItemCode><CSItemName>Power Saving Features</CSItemName><CSItemRank>49</CSItemRank><CSItemIsFreeFormat>0</CSItemIsFreeFormat><CSValue><CSValueCode>VA4021461</CSValueCode><CSValueName>Eco mode</CSValueName><CSValueRank>40</CSValueRank></CSValue><CSValue><CSValueCode>VA4021463</CSValueCode><CSValueName>Picture mute (for radio)</CSValueName><CSValueRank>57</CSValueRank></CSValue></CSItem></CSChapter><CSChapter><CSChapterCode>3000820</CSChapterCode><CSChapterName>Dimensions</CSChapterName><CSChapterRank>10</CSChapterRank><CSItem><CSItemCode>3006819</CSItemCode><CSItemName>Box depth</CSItemName><CSItemRank>2</CSItemRank><CSItemIsFreeFormat>1</CSItemIsFreeFormat><CSValue><CSValueCode>3033147</CSValueCode><CSValueName>155</CSValueName><CSValueRank>1</CSValueRank></CSValue><UnitOfMeasure><UnitOfMeasureCode>3000058</UnitOfMeasureCode><UnitOfMeasureName>millimeter</UnitOfMeasureName><UnitOfMeasureSymbol>mm</UnitOfMeasureSymbol></UnitOfMeasure></CSItem><CSItem><CSItemCode>3006820</CSItemCode><CSItemName>Box height</CSItemName><CSItemRank>11</CSItemRank><CSItemIsFreeFormat>1</CSItemIsFreeFormat><CSValue><CSValueCode>3033148</CSValueCode><CSValueName>550</CSValueName><CSValueRank>1</CSValueRank></CSValue><UnitOfMeasure><UnitOfMeasureCode>3000058</UnitOfMeasureCode><UnitOfMeasureName>millimeter</UnitOfMeasureName><UnitOfMeasureSymbol>mm</UnitOfMeasureSymbol></UnitOfMeasure></CSItem><CSItem><CSItemCode>3006821</CSItemCode><CSItemName>Box width</CSItemName><CSItemRank>22</CSItemRank><CSItemIsFreeFormat>1</CSItemIsFreeFormat><CSValue><CSValueCode>3033149</CSValueCode><CSValueName>909</CSValueName><CSValueRank>1</CSValueRank></CSValue><UnitOfMeasure><UnitOfMeasureCode>3000058</UnitOfMeasureCode><UnitOfMeasureName>millimeter</UnitOfMeasureName><UnitOfMeasureSymbol>mm</UnitOfMeasureSymbol></UnitOfMeasure></CSItem><CSItem><CSItemCode>3006881</CSItemCode><CSItemName>Set Depth</CSItemName><CSItemRank>29</CSItemRank><CSItemIsFreeFormat>1</CSItemIsFreeFormat><CSValue><CSValueCode>3033216</CSValueCode><CSValueName>43.5</CSValueName><CSValueRank>1</CSValueRank></CSValue><UnitOfMeasure><UnitOfMeasureCode>3000058</UnitOfMeasureCode><UnitOfMeasureName>millimeter</UnitOfMeasureName><UnitOfMeasureSymbol>mm</UnitOfMeasureSymbol></UnitOfMeasure></CSItem><CSItem><CSItemCode>3006882</CSItemCode><CSItemName>Set Height</CSItemName><CSItemRank>37</CSItemRank><CSItemIsFreeFormat>1</CSItemIsFreeFormat><CSValue><CSValueCode>3033217</CSValueCode><CSValueName>455</CSValueName><CSValueRank>1</CSValueRank></CSValue><UnitOfMeasure><UnitOfMeasureCode>3000058</UnitOfMeasureCode><UnitOfMeasureName>millimeter</UnitOfMeasureName><UnitOfMeasureSymbol>mm</UnitOfMeasureSymbol></UnitOfMeasure></CSItem><CSItem><CSItemCode>3006884</CSItemCode><CSItemName>Set Width</CSItemName><CSItemRank>41</CSItemRank><CSItemIsFreeFormat>1</CSItemIsFreeFormat><CSValue><CSValueCode>3033219</CSValueCode><CSValueName>733</CSValueName><CSValueRank>1</CSValueRank></CSValue><UnitOfMeasure><UnitOfMeasureCode>3000058</UnitOfMeasureCode><UnitOfMeasureName>millimeter</UnitOfMeasureName><UnitOfMeasureSymbol>mm</UnitOfMeasureSymbol></UnitOfMeasure></CSItem><CSItem><CSItemCode>3010079</CSItemCode><CSItemName>Set depth (with stand)</CSItemName><CSItemRank>47</CSItemRank><CSItemIsFreeFormat>1</CSItemIsFreeFormat><CSValue><CSValueCode>3045265</CSValueCode><CSValueName>185</CSValueName><CSValueRank>1</CSValueRank></CSValue><UnitOfMeasure><UnitOfMeasureCode>3000058</UnitOfMeasureCode><UnitOfMeasureName>millimeter</UnitOfMeasureName><UnitOfMeasureSymbol>mm</UnitOfMeasureSymbol></UnitOfMeasure></CSItem><CSItem><CSItemCode>3010080</CSItemCode><CSItemName>Set height (with stand)</CSItemName><CSItemRank>51</CSItemRank><CSItemIsFreeFormat>1</CSItemIsFreeFormat><CSValue><CSValueCode>3045266</CSValueCode><CSValueName>494</CSValueName><CSValueRank>1</CSValueRank></CSValue><UnitOfMeasure><UnitOfMeasureCode>3000058</UnitOfMeasureCode><UnitOfMeasureName>millimeter</UnitOfMeasureName><UnitOfMeasureSymbol>mm</UnitOfMeasureSymbol></UnitOfMeasure></CSItem><CSItem><CSItemCode>3010081</CSItemCode><CSItemName>Set width (with stand)</CSItemName><CSItemRank>52</CSItemRank><CSItemIsFreeFormat>1</CSItemIsFreeFormat><CSValue><CSValueCode>3045267</CSValueCode><CSValueName>733</CSValueName><CSValueRank>1</CSValueRank></CSValue><UnitOfMeasure><UnitOfMeasureCode>3000058</UnitOfMeasureCode><UnitOfMeasureName>millimeter</UnitOfMeasureName><UnitOfMeasureSymbol>mm</UnitOfMeasureSymbol></UnitOfMeasure></CSItem><CSItem><CSItemCode>3006873</CSItemCode><CSItemName>Product weight</CSItemName><CSItemRank>55</CSItemRank><CSItemIsFreeFormat>1</CSItemIsFreeFormat><CSValue><CSValueCode>3033208</CSValueCode><CSValueName>7.7</CSValueName><CSValueRank>1</CSValueRank></CSValue><UnitOfMeasure><UnitOfMeasureCode>3000049</UnitOfMeasureCode><UnitOfMeasureName>kilogram</UnitOfMeasureName><UnitOfMeasureSymbol>kg</UnitOfMeasureSymbol></UnitOfMeasure></CSItem><CSItem><CSItemCode>3010611</CSItemCode><CSItemName>Product weight (+stand)</CSItemName><CSItemRank>58</CSItemRank><CSItemIsFreeFormat>1</CSItemIsFreeFormat><CSValue><CSValueCode>3047710</CSValueCode><CSValueName>9.2</CSValueName><CSValueRank>1</CSValueRank></CSValue><UnitOfMeasure><UnitOfMeasureCode>3000049</UnitOfMeasureCode><UnitOfMeasureName>kilogram</UnitOfMeasureName><UnitOfMeasureSymbol>kg</UnitOfMeasureSymbol></UnitOfMeasure></CSItem><CSItem><CSItemCode>3006911</CSItemCode><CSItemName>Weight incl. Packaging</CSItemName><CSItemRank>59</CSItemRank><CSItemIsFreeFormat>1</CSItemIsFreeFormat><CSValue><CSValueCode>3033246</CSValueCode><CSValueName>11.4</CSValueName><CSValueRank>1</CSValueRank></CSValue><UnitOfMeasure><UnitOfMeasureCode>3000049</UnitOfMeasureCode><UnitOfMeasureName>kilogram</UnitOfMeasureName><UnitOfMeasureSymbol>kg</UnitOfMeasureSymbol></UnitOfMeasure></CSItem><CSItem><CSItemCode>IT4009591</CSItemCode><CSItemName>Compatible wall mount</CSItemName><CSItemRank>60</CSItemRank><CSItemIsFreeFormat>0</CSItemIsFreeFormat><CSValue><CSValueCode>VA4022941</CSValueCode><CSValueName>200 x 200mm</CSValueName><CSValueRank>49</CSValueRank></CSValue></CSItem></CSChapter><CSChapter><CSChapterCode>3000815</CSChapterCode><CSChapterName>Accessories</CSChapterName><CSChapterRank>11</CSChapterRank><CSItem><CSItemCode>3006778</CSItemCode><CSItemName>Included accessories</CSItemName><CSItemRank>8</CSItemRank><CSItemIsFreeFormat>0</CSItemIsFreeFormat><CSValue><CSValueCode>3033554</CSValueCode><CSValueName>Power cord</CSValueName><CSValueRank>28</CSValueRank></CSValue><CSValue><CSValueCode>3033001</CSValueCode><CSValueName>Remote Control</CSValueName><CSValueRank>35</CSValueRank></CSValue><CSValue><CSValueCode>3047451</CSValueCode><CSValueName>2 x AAA Batteries</CSValueName><CSValueRank>56</CSValueRank></CSValue><CSValue><CSValueCode>3033021</CSValueCode><CSValueName>Table top stand</CSValueName><CSValueRank>69</CSValueRank></CSValue><CSValue><CSValueCode>3033561</CSValueCode><CSValueName>Quick start guide</CSValueName><CSValueRank>74</CSValueRank></CSValue><CSValue><CSValueCode>VA4015925</CSValueCode><CSValueName>Legal and safety brochure</CSValueName><CSValueRank>77</CSValueRank></CSValue><CSValue><CSValueCode>3047454</CSValueCode><CSValueName>Warranty Leaflet</CSValueName><CSValueRank>80</CSValueRank></CSValue></CSItem><CSItem><CSItemCode>3006782</CSItemCode><CSItemName>Optional accessories</CSItemName><CSItemRank>12</CSItemRank><CSItemIsFreeFormat>0</CSItemIsFreeFormat><CSValue><CSValueCode>VA4021436</CSValueCode><CSValueName>Wireless USB adaptor (PTA01)</CSValueName><CSValueRank>68</CSValueRank></CSValue></CSItem></CSChapter><Filters><Purpose type="Comparison"><Features><Feature code="F400028159" rank="1" referenceName="Wireless LAN Adapter (2011)"/><Feature code="F400035970" rank="2" referenceName="Net TV - YouTube (2012)"/><Feature code="F400030291" rank="3" referenceName="SimplyShare TV (2011)"/><Feature code="F400035989" rank="4" referenceName="TV video calls (2012)"/><Feature code="F400021449" rank="5" referenceName="Digital Crystal Clear +1080p (2010)"/><Feature code="F400030608" rank="6" referenceName="Full HD LED TV (2011)"/><Feature code="F400032085" rank="7" referenceName="100Hz PMR"/><Feature code="F400035974" rank="8" referenceName="2 USB (photos, music, video)"/><Feature code="F400026439" rank="9" referenceName="PC Input ( HDMI + VGA )"/><Feature code="F400021474" rank="10" referenceName="3 HDMI inputs with Easylink (2010)"/><Feature code="F400021485" rank="11" referenceName="Integrated triple tuner with DVB-S (2010)"/></Features><CSItems><CSItem code="3006270" rank="1" referenceName="Sound - Output power (RMS)"/><CSItem code="3006819" rank="2" referenceName="Dimensions - Box depth"/><CSItem code="3007003" rank="3" referenceName="Power - Mains power"/><CSItem code="IT4009349" rank="4" referenceName="Picture/Display - Display"/><CSItem code="IT4009352" rank="5" referenceName="Supported Display Resolution - Computer inputs"/><CSItem code="IT4008764" rank="7" referenceName="Multimedia Applications - Video Playback Formats"/><CSItem code="3006778" rank="8" referenceName="Accessories - Included accessories"/><CSItem code="IT4006781" rank="9" referenceName="Connectivity - Number of HDMI connections"/><CSItem code="3006140" rank="10" referenceName="Picture/Display - Diagonal screen size (metric)"/><CSItem code="3006820" rank="11" referenceName="Dimensions - Box height"/><CSItem code="3006782" rank="12" referenceName="Accessories - Optional accessories"/><CSItem code="IT4009351" rank="13" referenceName="Supported Display Resolution - Video inputs"/><CSItem code="3007491" rank="14" referenceName="Tuner/Reception/Transmission - Digital TV"/><CSItem code="4000081" rank="16" referenceName="Power - Ambient temperature"/><CSItem code="IT4008762" rank="17" referenceName="Multimedia Applications - Music Playback Formats"/><CSItem code="IT4017033" rank="18" referenceName="Smart TV Applications - Net TV"/><CSItem code="IT4015985" rank="19" referenceName="Connectivity - Number of component in (YPbPr)"/><CSItem code="3006653" rank="20" referenceName="Convenience - Ease of Installation"/><CSItem code="3006277" rank="21" referenceName="Sound - Sound Enhancement"/><CSItem code="3006821" rank="22" referenceName="Dimensions - Box width"/><CSItem code="3006139" rank="23" referenceName="Picture/Display - Diagonal screen size (inch)"/><CSItem code="IT4008763" rank="24" referenceName="Multimedia Applications - Picture Playback Formats"/><CSItem code="IT4015982" rank="25" referenceName="Connectivity - Number of scarts (RGB/CVBS)"/><CSItem code="IT4015354" rank="27" referenceName="Power - Energy Label Class"/><CSItem code="3006654" rank="28" referenceName="Convenience - Ease of Use"/><CSItem code="3006881" rank="29" referenceName="Dimensions - Set Depth"/><CSItem code="IT4016791" rank="30" referenceName="Power - Eu Energy Label power"/><CSItem code="3006515" rank="31" referenceName="Tuner/Reception/Transmission - Video Playback"/><CSItem code="3006177" rank="32" referenceName="Picture/Display - Panel resolution"/><CSItem code="3008370" rank="34" referenceName="Connectivity - Number of AV connections"/><CSItem code="3006721" rank="35" referenceName="Convenience - Screen Format Adjustments"/><CSItem code="IT4016612" rank="36" referenceName="Smart TV Applications - SimplyShare"/><CSItem code="3006882" rank="37" referenceName="Dimensions - Set Height"/><CSItem code="IT4013218" rank="38" referenceName="Power - Annual energy consumption"/><CSItem code="IT4015984" rank="40" referenceName="Connectivity - Number of USBs"/><CSItem code="3006884" rank="41" referenceName="Dimensions - Set Width"/><CSItem code="3007001" rank="42" referenceName="Power - Standby power consumption"/><CSItem code="3006743" rank="43" referenceName="Convenience - Teletext"/><CSItem code="3006591" rank="44" referenceName="Connectivity - Wireless connections"/><CSItem code="3006121" rank="45" referenceName="Picture/Display - Aspect ratio"/><CSItem code="3006127" rank="46" referenceName="Picture/Display - Brightness"/><CSItem code="3010079" rank="47" referenceName="Dimensions - Set depth (with stand)"/><CSItem code="3006573" rank="48" referenceName="Connectivity - Other connections"/><CSItem code="IT4008765" rank="49" referenceName="Power - Power Saving Features"/><CSItem code="3009312" rank="50" referenceName="Convenience - Firmware upgradeable"/><CSItem code="3010080" rank="51" referenceName="Dimensions - Set height (with stand)"/><CSItem code="3010081" rank="52" referenceName="Dimensions - Set width (with stand)"/><CSItem code="3009991" rank="53" referenceName="Picture/Display - Dynamic screen contrast"/><CSItem code="IT4001801" rank="54" referenceName="Connectivity - HDMI features"/><CSItem code="3006873" rank="55" referenceName="Dimensions - Product weight"/><CSItem code="IT4001802" rank="56" referenceName="Connectivity - EasyLink (HDMI-CEC)"/><CSItem code="3006183" rank="57" referenceName="Picture/Display - Picture enhancement"/><CSItem code="3010611" rank="58" referenceName="Dimensions - Product weight (+stand)"/><CSItem code="3006911" rank="59" referenceName="Dimensions - Weight incl. Packaging"/><CSItem code="IT4009591" rank="60" referenceName="Dimensions - Compatible wall mount"/></CSItems></Purpose><Purpose type="Detail"><Features><Feature code="F400028159" rank="1" referenceName="Wireless LAN Adapter (2011)"/><Feature code="F400035970" rank="2" referenceName="Net TV - YouTube (2012)"/><Feature code="F400030291" rank="3" referenceName="SimplyShare TV (2011)"/><Feature code="F400035989" rank="4" referenceName="TV video calls (2012)"/><Feature code="F400021449" rank="5" referenceName="Digital Crystal Clear +1080p (2010)"/><Feature code="F400030608" rank="6" referenceName="Full HD LED TV (2011)"/><Feature code="F400032085" rank="7" referenceName="100Hz PMR"/><Feature code="F400035974" rank="8" referenceName="2 USB (photos, music, video)"/><Feature code="F400026439" rank="9" referenceName="PC Input ( HDMI + VGA )"/><Feature code="F400021474" rank="10" referenceName="3 HDMI inputs with Easylink (2010)"/><Feature code="F400021485" rank="11" referenceName="Integrated triple tuner with DVB-S (2010)"/></Features><CSItems><CSItem code="3006270" rank="1" referenceName="Sound - Output power (RMS)"/><CSItem code="3006819" rank="2" referenceName="Dimensions - Box depth"/><CSItem code="3007003" rank="3" referenceName="Power - Mains power"/><CSItem code="IT4009349" rank="4" referenceName="Picture/Display - Display"/><CSItem code="IT4009352" rank="5" referenceName="Supported Display Resolution - Computer inputs"/><CSItem code="IT4008764" rank="7" referenceName="Multimedia Applications - Video Playback Formats"/><CSItem code="3006778" rank="8" referenceName="Accessories - Included accessories"/><CSItem code="IT4006781" rank="9" referenceName="Connectivity - Number of HDMI connections"/><CSItem code="3006140" rank="10" referenceName="Picture/Display - Diagonal screen size (metric)"/><CSItem code="3006820" rank="11" referenceName="Dimensions - Box height"/><CSItem code="3006782" rank="12" referenceName="Accessories - Optional accessories"/><CSItem code="IT4009351" rank="13" referenceName="Supported Display Resolution - Video inputs"/><CSItem code="3007491" rank="14" referenceName="Tuner/Reception/Transmission - Digital TV"/><CSItem code="4000081" rank="16" referenceName="Power - Ambient temperature"/><CSItem code="IT4008762" rank="17" referenceName="Multimedia Applications - Music Playback Formats"/><CSItem code="IT4017033" rank="18" referenceName="Smart TV Applications - Net TV"/><CSItem code="IT4015985" rank="19" referenceName="Connectivity - Number of component in (YPbPr)"/><CSItem code="3006653" rank="20" referenceName="Convenience - Ease of Installation"/><CSItem code="3006277" rank="21" referenceName="Sound - Sound Enhancement"/><CSItem code="3006821" rank="22" referenceName="Dimensions - Box width"/><CSItem code="3006139" rank="23" referenceName="Picture/Display - Diagonal screen size (inch)"/><CSItem code="IT4008763" rank="24" referenceName="Multimedia Applications - Picture Playback Formats"/><CSItem code="IT4015982" rank="25" referenceName="Connectivity - Number of scarts (RGB/CVBS)"/><CSItem code="IT4015354" rank="27" referenceName="Power - Energy Label Class"/><CSItem code="3006654" rank="28" referenceName="Convenience - Ease of Use"/><CSItem code="3006881" rank="29" referenceName="Dimensions - Set Depth"/><CSItem code="IT4016791" rank="30" referenceName="Power - Eu Energy Label power"/><CSItem code="3006515" rank="31" referenceName="Tuner/Reception/Transmission - Video Playback"/><CSItem code="3006177" rank="32" referenceName="Picture/Display - Panel resolution"/><CSItem code="3008370" rank="34" referenceName="Connectivity - Number of AV connections"/><CSItem code="3006721" rank="35" referenceName="Convenience - Screen Format Adjustments"/><CSItem code="IT4016612" rank="36" referenceName="Smart TV Applications - SimplyShare"/><CSItem code="3006882" rank="37" referenceName="Dimensions - Set Height"/><CSItem code="IT4013218" rank="38" referenceName="Power - Annual energy consumption"/><CSItem code="IT4015984" rank="40" referenceName="Connectivity - Number of USBs"/><CSItem code="3006884" rank="41" referenceName="Dimensions - Set Width"/><CSItem code="3007001" rank="42" referenceName="Power - Standby power consumption"/><CSItem code="3006743" rank="43" referenceName="Convenience - Teletext"/><CSItem code="3006591" rank="44" referenceName="Connectivity - Wireless connections"/><CSItem code="3006121" rank="45" referenceName="Picture/Display - Aspect ratio"/><CSItem code="3006127" rank="46" referenceName="Picture/Display - Brightness"/><CSItem code="3010079" rank="47" referenceName="Dimensions - Set depth (with stand)"/><CSItem code="3006573" rank="48" referenceName="Connectivity - Other connections"/><CSItem code="IT4008765" rank="49" referenceName="Power - Power Saving Features"/><CSItem code="3009312" rank="50" referenceName="Convenience - Firmware upgradeable"/><CSItem code="3010080" rank="51" referenceName="Dimensions - Set height (with stand)"/><CSItem code="3010081" rank="52" referenceName="Dimensions - Set width (with stand)"/><CSItem code="3009991" rank="53" referenceName="Picture/Display - Dynamic screen contrast"/><CSItem code="IT4001801" rank="54" referenceName="Connectivity - HDMI features"/><CSItem code="3006873" rank="55" referenceName="Dimensions - Product weight"/><CSItem code="IT4001802" rank="56" referenceName="Connectivity - EasyLink (HDMI-CEC)"/><CSItem code="3006183" rank="57" referenceName="Picture/Display - Picture enhancement"/><CSItem code="3010611" rank="58" referenceName="Dimensions - Product weight (+stand)"/><CSItem code="3006911" rank="59" referenceName="Dimensions - Weight incl. Packaging"/><CSItem code="IT4009591" rank="60" referenceName="Dimensions - Compatible wall mount"/></CSItems></Purpose></Filters><FeatureCompareGroups/><Disclaimers><Disclaimer code="DIS40003403" rank="1" referenceName="DivX HD 1080p"><DisclaimerText>DivX Certified® to play DivX® video up to HD 1080p, including premium content.</DisclaimerText><DisclaimElements/></Disclaimer><Disclaimer code="DIS40001441" rank="2" referenceName="DVB  disclaimer (2010)"><DisclaimerText>The TV supports DVB reception for 'Free to air' broadcast. Specific DVB operators may not be supported. An up to date list can be found in the FAQ section of the Philips support website. For some operators Conditional Access and subscripction are required. Contact your operator for more information.</DisclaimerText><DisclaimElements/></Disclaimer><Disclaimer code="DIS40001802" rank="3" referenceName="Annual energy consumption"><DisclaimerText>Energy consumption in kWh per year, based on the power consumption of the television operating 4 hours per day for 365 days. The actual energy consumption will depend on how the television is used.</DisclaimerText><DisclaimElements/></Disclaimer></Disclaimers><AccessoryByPacked><AccessoryByPackedCode>ABPP_3033554</AccessoryByPackedCode><AccessoryByPackedReference>Power cord</AccessoryByPackedReference><AccessoryByPackedName>Power cord</AccessoryByPackedName><AccessoryByPackedRank>1</AccessoryByPackedRank></AccessoryByPacked><AccessoryByPacked><AccessoryByPackedCode>ABPP_3033001</AccessoryByPackedCode><AccessoryByPackedReference>Remote Control</AccessoryByPackedReference><AccessoryByPackedName>Remote Control</AccessoryByPackedName><AccessoryByPackedRank>2</AccessoryByPackedRank></AccessoryByPacked><AccessoryByPacked><AccessoryByPackedCode>ABPP_3047451</AccessoryByPackedCode><AccessoryByPackedReference>2 x AAA Batteries</AccessoryByPackedReference><AccessoryByPackedName>2 x AAA Batteries</AccessoryByPackedName><AccessoryByPackedRank>3</AccessoryByPackedRank></AccessoryByPacked><AccessoryByPacked><AccessoryByPackedCode>ABPP_3033021</AccessoryByPackedCode><AccessoryByPackedReference>Table top stand</AccessoryByPackedReference><AccessoryByPackedName>Table top stand</AccessoryByPackedName><AccessoryByPackedRank>4</AccessoryByPackedRank></AccessoryByPacked><AccessoryByPacked><AccessoryByPackedCode>ABPP_3033561</AccessoryByPackedCode><AccessoryByPackedReference>Quick start guide</AccessoryByPackedReference><AccessoryByPackedName>Quick start guide</AccessoryByPackedName><AccessoryByPackedRank>5</AccessoryByPackedRank></AccessoryByPacked><AccessoryByPacked><AccessoryByPackedCode>ABPP_VA4015925</AccessoryByPackedCode><AccessoryByPackedReference>Legal and safety brochure</AccessoryByPackedReference><AccessoryByPackedName>Legal and safety brochure</AccessoryByPackedName><AccessoryByPackedRank>6</AccessoryByPackedRank></AccessoryByPacked><AccessoryByPacked><AccessoryByPackedCode>ABPP_3047454</AccessoryByPackedCode><AccessoryByPackedReference>Warranty Leaflet</AccessoryByPackedReference><AccessoryByPackedName>Warranty Leaflet</AccessoryByPackedName><AccessoryByPackedRank>7</AccessoryByPackedRank></AccessoryByPacked><AccessoryByPacked><AccessoryByPackedCode>ABPP_VA4021436</AccessoryByPackedCode><AccessoryByPackedReference>Optional accessories: Wireless USB adaptor (PTA01)</AccessoryByPackedReference><AccessoryByPackedName>Optional accessories: Wireless USB adaptor (PTA01)</AccessoryByPackedName><AccessoryByPackedRank>8</AccessoryByPackedRank></AccessoryByPacked><Award AwardType="global"><AwardCode>GA40010434</AwardCode><AwardName>Green Energy Label</AwardName><AwardDate>2012</AwardDate><AwardPlace>Europe</AwardPlace><AwardDescription>Energy Class A</AwardDescription><AwardAcknowledgement>For many years Philips has pro-actively been working on the reduction of both on-mode and standby power consumption of its televisions and as a result most Philips televisions has achieved green EU energy labels in 2010. The greener the label, the lower the on-mode power consumption and the lower your energy bill and friendlier to the environment.</AwardAcknowledgement><AwardRank>1</AwardRank></Award><Award AwardType="global"><AwardCode>GA_BLUEANGEL</AwardCode><AwardName>Blue Angel</AwardName><AwardDescription>The Blue Angel is awarded to companies as kind of a reward for their commitment to environmental protection. They use it to professionally promote their eco-friendly products in the market. The Blue Angel is an ecological beacon showing the consumer the way to the ecologically superior product and promotes environmentally conscious consumption.</AwardDescription><AwardText>Environmental Label given by an independent jury.</AwardText><AwardRank>4</AwardRank></Award><ProductReference ProductReferenceType="Accessory"><CTN>SQM6125/10</CTN><ProductReferenceRank>0</ProductReferenceRank></ProductReference><ProductReference ProductReferenceType="Accessory"><CTN>SQM6175/10</CTN><ProductReferenceRank>0</ProductReferenceRank></ProductReference><RichTexts/></Product></Products>