<?xml version="1.0" encoding="UTF-8"?><Products xmlns:source="http://apache.org/cocoon/source/1.0" DocStatus="approved" DocTimeStamp="2018-10-20T07:16:36"><Product IsAccessory="false" IsMaster="true" lastModified="2017-02-09T00:03:41" masterLastModified="2017-02-08T23:59:14"><CTN>37166628</CTN><Code12NC>923505217104</Code12NC><GTIN>8727900371666</GTIN><MarketingVersion>6.0.1</MarketingVersion><MarketingStatus>Final Published</MarketingStatus><CRDate>2014-09-12</CRDate><CRDateYW>201437</CRDateYW><ModelYears><ModelYear>2014</ModelYear></ModelYears><ProductDivision><ProductDivisionCode>0100</ProductDivisionCode><ProductDivisionName>Lighting</ProductDivisionName><FormerPDCode>0100</FormerPDCode></ProductDivision><ProductOwner>Marilyne Denis</ProductOwner><DTN>12258XV+S2</DTN><Catalog><StartOfPublication>2014-09-15T00:00:00</StartOfPublication><EndOfPublication>2024-06-22T00:00:00</EndOfPublication><StartOfSales>2014-09-15T00:00:00</StartOfSales><EndOfSales>2024-06-22T00:00:00</EndOfSales><DummyPrice/><Deleted>false</Deleted><DeleteAfterDate/><ProductRank>99</ProductRank></Catalog><FinancialCategorization><BusinessGroupCode>9017</BusinessGroupCode><BusinessGroupName>Lamps and Accessoires</BusinessGroupName><BusinessUnitCode>9102</BusinessUnitCode><BusinessUnitName>Automotive Lamps</BusinessUnitName><MainArticleGroupCode>B10</MainArticleGroupCode><MainArticleGroupName>Halogen/Incandescent Headlighting</MainArticleGroupName><ArticleGroupCode>0809</ArticleGroupCode><ArticleGroupName>Halogen HL bulbs one filament ECE</ArticleGroupName></FinancialCategorization><Categorization type="CONSUMER"><GroupCode>AUTOMOTIVE_GR</GroupCode><GroupName>Automotive</GroupName><CategoryCode>CAR_LIGHTS_CA</CategoryCode><CategoryName>Car lights</CategoryName><SubcategoryCode>CAR_HEADLIGHTS_SU</SubcategoryCode><SubcategoryName>Headlights</SubcategoryName></Categorization><Assets><Asset code="37166628" description="High Quality product movie 1" extension="mp4" lastModified="2017-08-02" locale="de_DE" number="001" type="HQ1">http://download.p4c.philips.com/files/3/37166628/37166628_hq1_deu.mp4</Asset><Asset code="37166628" description="Leaflet" extension="pdf" lastModified="2018-09-05" locale="de_DE" number="001" type="PSS">http://download.p4c.philips.com/files/3/37166628/37166628_pss_deude.pdf</Asset><Asset code="37166628" description="Retail Trade Leaflet" extension="pdf" lastModified="2018-09-08" locale="de_DE" number="001" type="RTL">http://download.p4c.philips.com/files/3/37166628/37166628_rtl_deude.pdf</Asset><Asset code="37166628" description="Alternative product photograph 5 - highres 2196x1795" extension="tif" lastModified="2016-06-03" locale="global" number="001" type="A5P">http://images.philips.com/is/image/PhilipsConsumer/37166628-A5P-global-001</Asset><Asset code="37166628" description="Alternative product photograph - highres 2196x1795" extension="tif" lastModified="2014-09-11" locale="global" number="001" type="APP">http://images.philips.com/is/image/PhilipsConsumer/37166628-APP-global-001</Asset><Asset code="37166628" description="Emotional benefit photograph - highres 514x514" extension="tif" lastModified="2018-03-15" locale="global" number="001" type="BPP">http://images.philips.com/is/image/PhilipsConsumer/37166628-BPP-global-001</Asset><Asset code="37166628" description="Main in-use photograph - highres 2480x1462" extension="tif" lastModified="2014-09-10" locale="global" number="001" type="MI1">http://images.philips.com/is/image/PhilipsConsumer/37166628-MI1-global-001</Asset><Asset code="37166628" description="Packaging photograph - highres 1447x756" extension="tif" lastModified="2016-11-16" locale="global" number="001" type="PID">http://images.philips.com/is/image/PhilipsConsumer/37166628-PID-global-001</Asset><Asset code="37166628" description="Packaging photograph - master" extension="tif" lastModified="2016-11-16" locale="global" number="001" type="PIM">http://download.p4c.philips.com/files/3/37166628/37166628_pim_.tif</Asset><Asset code="37166628" description="Packaging photograph - small 90x65" extension="jpg" lastModified="2016-11-16" locale="global" number="001" type="PIS">http://download.p4c.philips.com/files/3/37166628/37166628_pis_.jpg</Asset><Asset code="37166628" description="Leaflet" extension="pdf" lastModified="2018-03-17" locale="global" number="001" type="PSS">http://download.p4c.philips.com/files/3/37166628/37166628_pss_.pdf</Asset><Asset code="37166628" description="Standard product photograph - highres 2196x1795" extension="tif" lastModified="2017-07-11" locale="global" number="001" type="RTP">http://images.philips.com/is/image/PhilipsConsumer/37166628-RTP-global-001</Asset><Asset code="37166628" description="Product In Use 1 - highres 2196x1795" extension="tif" lastModified="2018-04-04" locale="global" number="001" type="U1P">http://images.philips.com/is/image/PhilipsConsumer/37166628-U1P-global-001</Asset><Asset code="37166628" description="Product In Use 2 - highres 2196x1795" extension="tif" lastModified="2018-03-19" locale="global" number="001" type="U2P">http://images.philips.com/is/image/PhilipsConsumer/37166628-U2P-global-001</Asset><Asset code="37166628" description="Product In Use 3 - highres 2196x1795" extension="tif" lastModified="2018-03-17" locale="global" number="001" type="U3P">http://images.philips.com/is/image/PhilipsConsumer/37166628-U3P-global-001</Asset><Asset code="37166628" description="Single product shot" extension="" lastModified="2017-02-09" locale="" number="" type="IMS">http://images.philips.com/is/image/PhilipsConsumer/37166628-IMS-</Asset><Asset code="37166628" description="Product gallery image set" extension="" lastModified="2017-02-09" locale="" number="" type="GAL">http://images.philips.com/is/image/PhilipsConsumer/37166628-GAL-</Asset><Asset code="F400068300" description="Feature photograph - highres 2100x1170" extension="tif" lastModified="2015-04-30" locale="global" number="001" type="FIL">http://images.philips.com/is/image/PhilipsConsumer/F400068300-FIL-global-001</Asset><Asset code="F400068301" description="Feature photograph - highres 2100x1170" extension="tif" lastModified="2015-04-30" locale="global" number="001" type="FIL">http://images.philips.com/is/image/PhilipsConsumer/F400068301-FIL-global-001</Asset><Asset code="F400068302" description="Feature photograph - highres 2100x1170" extension="tif" lastModified="2015-04-30" locale="global" number="001" type="FIL">http://images.philips.com/is/image/PhilipsConsumer/F400068302-FIL-global-001</Asset><Asset code="F400068303" description="Feature photograph - highres 2100x1170" extension="tif" lastModified="2015-04-30" locale="global" number="001" type="FIL">http://images.philips.com/is/image/PhilipsConsumer/F400068303-FIL-global-001</Asset><Asset code="F400068307" description="Feature photograph - highres 2100x1170" extension="tif" lastModified="2015-04-30" locale="global" number="001" type="FIL">http://images.philips.com/is/image/PhilipsConsumer/F400068307-FIL-global-001</Asset><Asset code="F400068560" description="Feature photograph - highres 2100x1170" extension="tif" lastModified="2014-09-10" locale="global" number="001" type="FIL">http://images.philips.com/is/image/PhilipsConsumer/F400068560-FIL-global-001</Asset><Asset code="PHI" description="Brand logo - highres 1476x886" extension="tif" lastModified="2016-02-18" locale="global" number="001" type="BRP">http://images.philips.com/is/image/PhilipsConsumer/PHI-BRP-global-001</Asset></Assets><ProductName>Type of lamp: H1 Pack of: 2 car headlight bulb</ProductName><FullProductName>Philips X-tremeVision car headlight bulb 12258XV+S2 Type of lamp: H1 Pack of: 2 12 V,55 W More light</FullProductName><NamingString><MasterBrand><BrandCode>PHI</BrandCode><BrandName>Philips</BrandName></MasterBrand><BrandString>Philips</BrandString><Family><FamilyCode>SB40001508</FamilyCode><FamilyName>X-tremeVision</FamilyName><FamilyNameUsed>1</FamilyNameUsed></Family><Descriptor><DescriptorCode>D4021102</DescriptorCode><DescriptorName>car headlight bulb</DescriptorName></Descriptor><Alphanumeric>12258XV+S2</Alphanumeric><VersionElement1><VersionElementCode>V4043974</VersionElementCode><VersionElementName>Type of lamp: H1</VersionElementName></VersionElement1><VersionElement2><VersionElementCode>V4043914</VersionElementCode><VersionElementName>Pack of: 2</VersionElementName></VersionElement2><VersionElement3><VersionElementCode>V4043920</VersionElementCode><VersionElementName>12 V,55 W</VersionElementName></VersionElement3><VersionElement4><VersionElementCode>V4043912</VersionElementCode><VersionElementName>More light</VersionElementName></VersionElement4><VersionString>Type of lamp: H1 Pack of: 2 12 V,55 W More light</VersionString><BrandedFeatureString/><DescriptorBrandedFeatureString>car headlight bulb</DescriptorBrandedFeatureString></NamingString><WOW>Take performance to the X-treme</WOW><SubWOW>Up to 130% brighter light</SubWOW><MarketingTextHeader>Philips X-tremeVision car bulbs are among the brightest you can buy. They outshine most other car lamps with up to 130% more brightness and a superior beam length. So you see further, react faster and drive safer.</MarketingTextHeader><KeyBenefitArea><KeyBenefitAreaCode>K4029049</KeyBenefitAreaCode><KeyBenefitAreaName>High amount of light, high performance</KeyBenefitAreaName><KeyBenefitAreaRank>1</KeyBenefitAreaRank><Feature><FeatureCode>F400068300</FeatureCode><FeatureReferenceName>See further, react faster</FeatureReferenceName><FeatureName>See further, react faster</FeatureName><FeatureLongDescription>See further and react faster with up to 130% more brightness</FeatureLongDescription><FeatureGlossary>Perfect illumiation is especially important in the distance - usually between 75-100 meters in front of your vehicle. With Philips X-tremeVision car bulbs you can see up to 45 meters further, giving you 2 seconds more reaction time. Philips X-tremeVision boosts your visibilty with up to 130% more light on the road. This helps you recognize obstacles and any potential dangers earlier than with any other halogen headlamp.</FeatureGlossary><FeatureRank>1</FeatureRank><FeatureTopRank>6</FeatureTopRank></Feature><Feature><FeatureCode>F400068301</FeatureCode><FeatureReferenceName>One of the brightest bulbs</FeatureReferenceName><FeatureName>One of the brightest bulbs</FeatureName><FeatureLongDescription>One of the brightest bulbs: ultimate light performance</FeatureLongDescription><FeatureGlossary>With its optimized high-precision fillament geometry, up to 13 bar high pressure gas filling, high precision coating and high quality UV-Quarz glass, Philips X-tremeVision headlights set a new milestone in automotive lighting. They are engineered for the ultimate performance and uncompromising visibility.</FeatureGlossary><FeatureRank>2</FeatureRank><FeatureTopRank>7</FeatureTopRank></Feature><Feature><FeatureCode>F400068302</FeatureCode><FeatureReferenceName>The safest legal car lights</FeatureReferenceName><FeatureName>The safest legal car lights</FeatureName><FeatureLongDescription>The safest, road-legal headlights</FeatureLongDescription><FeatureGlossary>Philips X-tremeVision is by far the safest, easiest and most efficient way to upgrade your car headlights within legal parameters. They are fully ECE certified.</FeatureGlossary><FeatureRank>3</FeatureRank><FeatureTopRank>8</FeatureTopRank></Feature></KeyBenefitArea><KeyBenefitArea><KeyBenefitAreaCode>K4020998</KeyBenefitAreaCode><KeyBenefitAreaName>Increased brightness</KeyBenefitAreaName><KeyBenefitAreaRank>2</KeyBenefitAreaRank><Feature><FeatureCode>F400068303</FeatureCode><FeatureReferenceName>Significantly whiter light</FeatureReferenceName><FeatureName>Significantly whiter light</FeatureName><FeatureLongDescription>Significantly whiter light to improve comfort and safety</FeatureLongDescription><FeatureGlossary>The bright white light (3.500 K) is significantly whiter than standard headlamps. The Philips patented gradient coating technologyTM produces a more powerful light. So you can enjoy one of the brightest lighting performances and a highly comfortable night driving experience.</FeatureGlossary><FeatureRank>1</FeatureRank><FeatureTopRank>1</FeatureTopRank></Feature><Feature><FeatureCode>F400068305</FeatureCode><FeatureReferenceName>Exceptional beam quality</FeatureReferenceName><FeatureName>Exceptional beam quality</FeatureName><FeatureLongDescription>Exceptional beam quality and performance</FeatureLongDescription><FeatureGlossary>With a combination of more light and increased color temperature, Philips X-tremeVision qualifies as one of the best performance beams in the halogen segment.</FeatureGlossary><FeatureRank>3</FeatureRank><FeatureTopRank>3</FeatureTopRank></Feature><Feature><FeatureCode>F400068304</FeatureCode><FeatureReferenceName>Great contrast drives comfort</FeatureReferenceName><FeatureName>Great contrast drives comfort</FeatureName><FeatureLongDescription>Great contrast for a comfortable drive</FeatureLongDescription><FeatureGlossary>The increased color temperature in Philips X-tremeVision headlights (available in H1, H4 and H7) allows your eyes to focus better and perceive contrasts in the far distance. This makes driving after dark a far more comfortable and safe experience.</FeatureGlossary><FeatureRank>2</FeatureRank><FeatureTopRank>5</FeatureTopRank></Feature></KeyBenefitArea><KeyBenefitArea><KeyBenefitAreaCode>K4029050</KeyBenefitAreaCode><KeyBenefitAreaName>Best-in-class lifetime</KeyBenefitAreaName><KeyBenefitAreaRank>3</KeyBenefitAreaRank><Feature><FeatureCode>F400068307</FeatureCode><FeatureReferenceName>A lifetime of safety</FeatureReferenceName><FeatureName>A lifetime of safety</FeatureName><FeatureLongDescription>A lifetime of safety so you can see and be seen</FeatureLongDescription><FeatureGlossary>Every potential failure of a spare part is a risk for you and your vehicle. This is especially true for headlights. Every broken headlight lamp reduces visibility and safety for you and the oncoming traffic. Philips X-tremeVision is optimized for a long and reliable lifetime. So you can see and be seen for longer than with any other high performance lamp.</FeatureGlossary><FeatureRank>2</FeatureRank><FeatureTopRank>2</FeatureTopRank></Feature><Feature><FeatureCode>F400068560</FeatureCode><FeatureReferenceName>Extra light, extra lifetime</FeatureReferenceName><FeatureName>Extra light, extra lifetime</FeatureName><FeatureLongDescription>Performance means more light and longer lifetime</FeatureLongDescription><FeatureGlossary>Philips X-tremeVision headlights are made for outstanding performance, producing up to 130% brighter light, without compromising on the lifetime. With up to 450 hours*, Philips X-tremeVision's lifetime is significantly higher than competitor solutions in the more light category. (*H4 and H7 tested at 13.2V standard voltage)</FeatureGlossary><FeatureRank>1</FeatureRank><FeatureTopRank>4</FeatureTopRank></Feature></KeyBenefitArea><FeatureImage><FeatureCode>F400068303</FeatureCode><FeatureReferenceName>Significantly whiter light</FeatureReferenceName><FeatureImageRank>1</FeatureImageRank></FeatureImage><FeatureImage><FeatureCode>F400068307</FeatureCode><FeatureReferenceName>A lifetime of safety</FeatureReferenceName><FeatureImageRank>2</FeatureImageRank></FeatureImage><FeatureImage><FeatureCode>F400068305</FeatureCode><FeatureReferenceName>Exceptional beam quality</FeatureReferenceName><FeatureImageRank>3</FeatureImageRank></FeatureImage><FeatureImage><FeatureCode>F400068560</FeatureCode><FeatureReferenceName>Extra light, extra lifetime</FeatureReferenceName><FeatureImageRank>4</FeatureImageRank></FeatureImage><FeatureImage><FeatureCode>F400068304</FeatureCode><FeatureReferenceName>Great contrast drives comfort</FeatureReferenceName><FeatureImageRank>5</FeatureImageRank></FeatureImage><FeatureImage><FeatureCode>F400068300</FeatureCode><FeatureReferenceName>See further, react faster</FeatureReferenceName><FeatureImageRank>6</FeatureImageRank></FeatureImage><FeatureImage><FeatureCode>F400068301</FeatureCode><FeatureReferenceName>One of the brightest bulbs</FeatureReferenceName><FeatureImageRank>7</FeatureImageRank></FeatureImage><FeatureImage><FeatureCode>F400068302</FeatureCode><FeatureReferenceName>The safest legal car lights</FeatureReferenceName><FeatureImageRank>8</FeatureImageRank></FeatureImage><FeatureHighlight><FeatureCode>F400068303</FeatureCode><FeatureReferenceName>Significantly whiter light</FeatureReferenceName><FeatureHighlightRank>1</FeatureHighlightRank></FeatureHighlight><FeatureHighlight><FeatureCode>F400068307</FeatureCode><FeatureReferenceName>A lifetime of safety</FeatureReferenceName><FeatureHighlightRank>2</FeatureHighlightRank></FeatureHighlight><FeatureHighlight><FeatureCode>F400068305</FeatureCode><FeatureReferenceName>Exceptional beam quality</FeatureReferenceName><FeatureHighlightRank>3</FeatureHighlightRank></FeatureHighlight><FeatureHighlight><FeatureCode>F400068560</FeatureCode><FeatureReferenceName>Extra light, extra lifetime</FeatureReferenceName><FeatureHighlightRank>4</FeatureHighlightRank></FeatureHighlight><FeatureHighlight><FeatureCode>F400068304</FeatureCode><FeatureReferenceName>Great contrast drives comfort</FeatureReferenceName><FeatureHighlightRank>5</FeatureHighlightRank></FeatureHighlight><FeatureHighlight><FeatureCode>F400068300</FeatureCode><FeatureReferenceName>See further, react faster</FeatureReferenceName><FeatureHighlightRank>6</FeatureHighlightRank></FeatureHighlight><FeatureHighlight><FeatureCode>F400068301</FeatureCode><FeatureReferenceName>One of the brightest bulbs</FeatureReferenceName><FeatureHighlightRank>7</FeatureHighlightRank></FeatureHighlight><FeatureHighlight><FeatureCode>F400068302</FeatureCode><FeatureReferenceName>The safest legal car lights</FeatureReferenceName><FeatureHighlightRank>8</FeatureHighlightRank></FeatureHighlight><CSChapter><CSChapterCode>CH4006466</CSChapterCode><CSChapterName>Product description</CSChapterName><CSChapterRank>1</CSChapterRank><CSItem><CSItemCode>IT4031500</CSItemCode><CSItemName>Technology</CSItemName><CSItemRank>1</CSItemRank><CSItemIsFreeFormat>0</CSItemIsFreeFormat><CSValue><CSValueCode>VA4071791</CSValueCode><CSValueName>Halogen</CSValueName><CSValueRank>5</CSValueRank></CSValue></CSItem><CSItem><CSItemCode>IT4031508</CSItemCode><CSItemName>Type</CSItemName><CSItemRank>2</CSItemRank><CSItemIsFreeFormat>0</CSItemIsFreeFormat><CSValue><CSValueCode>VA4071813</CSValueCode><CSValueName>H1</CSValueName><CSValueRank>12</CSValueRank></CSValue></CSItem><CSItem><CSItemCode>IT4031519</CSItemCode><CSItemName>Range</CSItemName><CSItemRank>3</CSItemRank><CSItemIsFreeFormat>0</CSItemIsFreeFormat><CSValue><CSValueCode>VA4072106</CSValueCode><CSValueName>X-tremeVision</CSValueName><CSValueRank>14</CSValueRank></CSValue></CSItem><CSItem><CSItemCode>IT4031517</CSItemCode><CSItemName>Application</CSItemName><CSItemRank>4</CSItemRank><CSItemIsFreeFormat>0</CSItemIsFreeFormat><CSValue><CSValueCode>VA4071898</CSValueCode><CSValueName>High beam</CSValueName><CSValueRank>6</CSValueRank></CSValue><CSValue><CSValueCode>VA4071899</CSValueCode><CSValueName>Low beam</CSValueName><CSValueRank>7</CSValueRank></CSValue></CSItem><CSItem><CSItemCode>IT4031521</CSItemCode><CSItemName>Homologation ECE</CSItemName><CSItemRank>5</CSItemRank><CSItemIsFreeFormat>0</CSItemIsFreeFormat><CSValue><CSValueCode>VA4072195</CSValueCode><CSValueName>YES</CSValueName><CSValueRank>8</CSValueRank></CSValue></CSItem><CSItem><CSItemCode>IT4031520</CSItemCode><CSItemName>Base</CSItemName><CSItemRank>6</CSItemRank><CSItemIsFreeFormat>0</CSItemIsFreeFormat><CSValue><CSValueCode>VA4079934</CSValueCode><CSValueName>P14.5s</CSValueName><CSValueRank>4</CSValueRank></CSValue></CSItem><CSItem><CSItemCode>IT4031518</CSItemCode><CSItemName>Designation</CSItemName><CSItemRank>7</CSItemRank><CSItemIsFreeFormat>0</CSItemIsFreeFormat><CSValue><CSValueCode>VA4071939</CSValueCode><CSValueName>H1 X-tremeVision</CSValueName><CSValueRank>19</CSValueRank></CSValue></CSItem></CSChapter><CSChapter><CSChapterCode>CH4006521</CSChapterCode><CSChapterName>Electrical characteristics</CSChapterName><CSChapterRank>2</CSChapterRank><CSItem><CSItemCode>IT4031552</CSItemCode><CSItemName>Voltage</CSItemName><CSItemRank>1</CSItemRank><CSItemIsFreeFormat>0</CSItemIsFreeFormat><CSValue><CSValueCode>VA4073723</CSValueCode><CSValueName>12</CSValueName><CSValueRank>1</CSValueRank></CSValue><UnitOfMeasure><UnitOfMeasureCode>3000071</UnitOfMeasureCode><UnitOfMeasureName>volt</UnitOfMeasureName><UnitOfMeasureSymbol>V</UnitOfMeasureSymbol></UnitOfMeasure></CSItem><CSItem><CSItemCode>IT4031551</CSItemCode><CSItemName>Wattage</CSItemName><CSItemRank>2</CSItemRank><CSItemIsFreeFormat>0</CSItemIsFreeFormat><CSValue><CSValueCode>VA4073721</CSValueCode><CSValueName>55</CSValueName><CSValueRank>2</CSValueRank></CSValue><UnitOfMeasure><UnitOfMeasureCode>3000072</UnitOfMeasureCode><UnitOfMeasureName>watt</UnitOfMeasureName><UnitOfMeasureSymbol>W</UnitOfMeasureSymbol></UnitOfMeasure></CSItem></CSChapter><CSChapter><CSChapterCode>CH4006484</CSChapterCode><CSChapterName>Ordering information</CSChapterName><CSChapterRank>3</CSChapterRank><CSItem><CSItemCode>IT4031526</CSItemCode><CSItemName>Order entry</CSItemName><CSItemRank>1</CSItemRank><CSItemIsFreeFormat>0</CSItemIsFreeFormat><CSValue><CSValueCode>VA4083546</CSValueCode><CSValueName>12258XV+S2</CSValueName><CSValueRank>20</CSValueRank></CSValue></CSItem><CSItem><CSItemCode>IT4031527</CSItemCode><CSItemName>Ordering code</CSItemName><CSItemRank>2</CSItemRank><CSItemIsFreeFormat>0</CSItemIsFreeFormat><CSValue><CSValueCode>VA4083581</CSValueCode><CSValueName>37166628</CSValueName><CSValueRank>21</CSValueRank></CSValue></CSItem></CSChapter><CSChapter><CSChapterCode>3001177</CSChapterCode><CSChapterName>Packaging Data</CSChapterName><CSChapterRank>4</CSChapterRank><CSItem><CSItemCode>IT4000721</CSItemCode><CSItemName>Packaging type</CSItemName><CSItemRank>1</CSItemRank><CSItemIsFreeFormat>0</CSItemIsFreeFormat><CSValue><CSValueCode>VA4072969</CSValueCode><CSValueName>S2</CSValueName><CSValueRank>13</CSValueRank></CSValue></CSItem><CSItem><CSItemCode>IT4035590</CSItemCode><CSItemName>EAN1</CSItemName><CSItemRank>2</CSItemRank><CSItemIsFreeFormat>1</CSItemIsFreeFormat><CSValue><CSValueCode>VA4082922</CSValueCode><CSValueName>8727900371666</CSValueName><CSValueRank>1</CSValueRank></CSValue></CSItem><CSItem><CSItemCode>IT4035591</CSItemCode><CSItemName>EAN3</CSItemName><CSItemRank>3</CSItemRank><CSItemIsFreeFormat>1</CSItemIsFreeFormat><CSValue><CSValueCode>VA4082924</CSValueCode><CSValueName>8727900371673</CSValueName><CSValueRank>1</CSValueRank></CSValue></CSItem></CSChapter><CSChapter><CSChapterCode>CH4006501</CSChapterCode><CSChapterName>Packed product information</CSChapterName><CSChapterRank>5</CSChapterRank><CSItem><CSItemCode>IT4040439</CSItemCode><CSItemName>Pack Quantity</CSItemName><CSItemRank>1</CSItemRank><CSItemIsFreeFormat>1</CSItemIsFreeFormat><CSValue><CSValueCode>VA4094182</CSValueCode><CSValueName>2</CSValueName><CSValueRank>1</CSValueRank></CSValue></CSItem><CSItem><CSItemCode>IT4040440</CSItemCode><CSItemName>MOQ (for professionals)</CSItemName><CSItemRank>2</CSItemRank><CSItemIsFreeFormat>1</CSItemIsFreeFormat><CSValue><CSValueCode>VA4094183</CSValueCode><CSValueName>10</CSValueName><CSValueRank>1</CSValueRank></CSValue></CSItem><CSItem><CSItemCode>IT4035760</CSItemCode><CSItemName>Height</CSItemName><CSItemRank>3</CSItemRank><CSItemIsFreeFormat>1</CSItemIsFreeFormat><CSValue><CSValueCode>VA4083198</CSValueCode><CSValueName>13.3</CSValueName><CSValueRank>1</CSValueRank></CSValue><UnitOfMeasure><UnitOfMeasureCode>3000039</UnitOfMeasureCode><UnitOfMeasureName>centimeter</UnitOfMeasureName><UnitOfMeasureSymbol>cm</UnitOfMeasureSymbol></UnitOfMeasure></CSItem><CSItem><CSItemCode>IT4035758</CSItemCode><CSItemName>Length</CSItemName><CSItemRank>4</CSItemRank><CSItemIsFreeFormat>1</CSItemIsFreeFormat><CSValue><CSValueCode>VA4083195</CSValueCode><CSValueName>11</CSValueName><CSValueRank>1</CSValueRank></CSValue><UnitOfMeasure><UnitOfMeasureCode>3000039</UnitOfMeasureCode><UnitOfMeasureName>centimeter</UnitOfMeasureName><UnitOfMeasureSymbol>cm</UnitOfMeasureSymbol></UnitOfMeasure></CSItem><CSItem><CSItemCode>IT4035759</CSItemCode><CSItemName>Width</CSItemName><CSItemRank>5</CSItemRank><CSItemIsFreeFormat>1</CSItemIsFreeFormat><CSValue><CSValueCode>VA4083196</CSValueCode><CSValueName>5.3</CSValueName><CSValueRank>1</CSValueRank></CSValue><UnitOfMeasure><UnitOfMeasureCode>3000039</UnitOfMeasureCode><UnitOfMeasureName>centimeter</UnitOfMeasureName><UnitOfMeasureSymbol>cm</UnitOfMeasureSymbol></UnitOfMeasure></CSItem><CSItem><CSItemCode>IT4035761</CSItemCode><CSItemName>Net weight per piece</CSItemName><CSItemRank>6</CSItemRank><CSItemIsFreeFormat>1</CSItemIsFreeFormat><CSValue><CSValueCode>VA4083199</CSValueCode><CSValueName>6.0</CSValueName><CSValueRank>1</CSValueRank></CSValue><UnitOfMeasure><UnitOfMeasureCode>4000006</UnitOfMeasureCode><UnitOfMeasureName>-Grams</UnitOfMeasureName><UnitOfMeasureSymbol>g</UnitOfMeasureSymbol></UnitOfMeasure></CSItem></CSChapter><CSChapter><CSChapterCode>CH4006541</CSChapterCode><CSChapterName>Outerpack information</CSChapterName><CSChapterRank>6</CSChapterRank><CSItem><CSItemCode>IT4031577</CSItemCode><CSItemName>Gross weight per piece</CSItemName><CSItemRank>1</CSItemRank><CSItemIsFreeFormat>0</CSItemIsFreeFormat><CSValue><CSValueCode>VA4080098</CSValueCode><CSValueName>0.44</CSValueName><CSValueRank>18</CSValueRank></CSValue><UnitOfMeasure><UnitOfMeasureCode>3000049</UnitOfMeasureCode><UnitOfMeasureName>kilogram</UnitOfMeasureName><UnitOfMeasureSymbol>kg</UnitOfMeasureSymbol></UnitOfMeasure></CSItem><CSItem><CSItemCode>IT4031576</CSItemCode><CSItemName>Height</CSItemName><CSItemRank>2</CSItemRank><CSItemIsFreeFormat>0</CSItemIsFreeFormat><CSValue><CSValueCode>VA4079945</CSValueCode><CSValueName>13</CSValueName><CSValueRank>9</CSValueRank></CSValue><UnitOfMeasure><UnitOfMeasureCode>3000039</UnitOfMeasureCode><UnitOfMeasureName>centimeter</UnitOfMeasureName><UnitOfMeasureSymbol>cm</UnitOfMeasureSymbol></UnitOfMeasure></CSItem><CSItem><CSItemCode>IT4035764</CSItemCode><CSItemName>Height</CSItemName><CSItemRank>3</CSItemRank><CSItemIsFreeFormat>1</CSItemIsFreeFormat><CSValue><CSValueCode>VA4083203</CSValueCode><CSValueName>12.0</CSValueName><CSValueRank>1</CSValueRank></CSValue><UnitOfMeasure><UnitOfMeasureCode>3000039</UnitOfMeasureCode><UnitOfMeasureName>centimeter</UnitOfMeasureName><UnitOfMeasureSymbol>cm</UnitOfMeasureSymbol></UnitOfMeasure></CSItem><CSItem><CSItemCode>IT4035762</CSItemCode><CSItemName>Length</CSItemName><CSItemRank>4</CSItemRank><CSItemIsFreeFormat>1</CSItemIsFreeFormat><CSValue><CSValueCode>VA4083201</CSValueCode><CSValueName>28.6</CSValueName><CSValueRank>1</CSValueRank></CSValue><UnitOfMeasure><UnitOfMeasureCode>3000039</UnitOfMeasureCode><UnitOfMeasureName>centimeter</UnitOfMeasureName><UnitOfMeasureSymbol>cm</UnitOfMeasureSymbol></UnitOfMeasure></CSItem><CSItem><CSItemCode>IT4035763</CSItemCode><CSItemName>Width</CSItemName><CSItemRank>5</CSItemRank><CSItemIsFreeFormat>1</CSItemIsFreeFormat><CSValue><CSValueCode>VA4083202</CSValueCode><CSValueName>14.1</CSValueName><CSValueRank>1</CSValueRank></CSValue><UnitOfMeasure><UnitOfMeasureCode>3000039</UnitOfMeasureCode><UnitOfMeasureName>centimeter</UnitOfMeasureName><UnitOfMeasureSymbol>cm</UnitOfMeasureSymbol></UnitOfMeasure></CSItem><CSItem><CSItemCode>IT4035766</CSItemCode><CSItemName>Gross weight per piece</CSItemName><CSItemRank>6</CSItemRank><CSItemIsFreeFormat>1</CSItemIsFreeFormat><CSValue><CSValueCode>VA4083205</CSValueCode><CSValueName>445</CSValueName><CSValueRank>1</CSValueRank></CSValue><UnitOfMeasure><UnitOfMeasureCode>4000006</UnitOfMeasureCode><UnitOfMeasureName>-Grams</UnitOfMeasureName><UnitOfMeasureSymbol>g</UnitOfMeasureSymbol></UnitOfMeasure></CSItem></CSChapter><CSChapter><CSChapterCode>CH4006461</CSChapterCode><CSChapterName>Marketing specifications</CSChapterName><CSChapterRank>7</CSChapterRank><CSItem><CSItemCode>IT4031492</CSItemCode><CSItemName>Expected benefits</CSItemName><CSItemRank>1</CSItemRank><CSItemIsFreeFormat>0</CSItemIsFreeFormat><CSValue><CSValueCode>VA4071765</CSValueCode><CSValueName>More light</CSValueName><CSValueRank>3</CSValueRank></CSValue></CSItem><CSItem><CSItemCode>IT4031498</CSItemCode><CSItemName>Product highlight</CSItemName><CSItemRank>2</CSItemRank><CSItemIsFreeFormat>0</CSItemIsFreeFormat><CSValue><CSValueCode>VA4097083</CSValueCode><CSValueName>Up to 130% more brightness</CSValueName><CSValueRank>17</CSValueRank></CSValue></CSItem></CSChapter><CSChapter><CSChapterCode>CH4006483</CSChapterCode><CSChapterName>Lifetime</CSChapterName><CSChapterRank>8</CSChapterRank><CSItem><CSItemCode>IT4031525</CSItemCode><CSItemName>Life time</CSItemName><CSItemRank>1</CSItemRank><CSItemIsFreeFormat>0</CSItemIsFreeFormat><CSValue><CSValueCode>VA4089179</CSValueCode><CSValueName>350h</CSValueName><CSValueRank>15</CSValueRank></CSValue></CSItem></CSChapter><CSChapter><CSChapterCode>CH4005203</CSChapterCode><CSChapterName>Light characteristics</CSChapterName><CSChapterRank>9</CSChapterRank><CSItem><CSItemCode>IT4031654</CSItemCode><CSItemName>Color temperature</CSItemName><CSItemRank>1</CSItemRank><CSItemIsFreeFormat>0</CSItemIsFreeFormat><CSValue><CSValueCode>VA4097088</CSValueCode><CSValueName>3500K</CSValueName><CSValueRank>16</CSValueRank></CSValue><UnitOfMeasure><UnitOfMeasureCode>4000041</UnitOfMeasureCode><UnitOfMeasureName>Kelvin</UnitOfMeasureName><UnitOfMeasureSymbol>K</UnitOfMeasureSymbol></UnitOfMeasure></CSItem><CSItem><CSItemCode>IT4031553</CSItemCode><CSItemName>Lumens</CSItemName><CSItemRank>2</CSItemRank><CSItemIsFreeFormat>0</CSItemIsFreeFormat><CSValue><CSValueCode>VA4073737</CSValueCode><CSValueName>1550 ±15%</CSValueName><CSValueRank>10</CSValueRank></CSValue><UnitOfMeasure><UnitOfMeasureCode>3000051</UnitOfMeasureCode><UnitOfMeasureName>lumen</UnitOfMeasureName><UnitOfMeasureSymbol>lm</UnitOfMeasureSymbol></UnitOfMeasure></CSItem></CSChapter><Filters><Purpose type="Comparison"><Features><Feature code="F400068303" rank="1" referenceName="Significantly whiter light"/><Feature code="F400068307" rank="2" referenceName="A lifetime of safety"/><Feature code="F400068305" rank="3" referenceName="Exceptional beam quality"/><Feature code="F400068560" rank="4" referenceName="Extra light, extra lifetime"/><Feature code="F400068304" rank="5" referenceName="Great contrast drives comfort"/><Feature code="F400068300" rank="6" referenceName="See further, react faster"/><Feature code="F400068301" rank="7" referenceName="One of the brightest bulbs"/><Feature code="F400068302" rank="8" referenceName="The safest legal car lights"/></Features><CSItems><CSItem code="IT4031500" rank="1" referenceName="Product description - Technology"/><CSItem code="IT4031552" rank="1" referenceName="Electrical characteristics - Voltage"/><CSItem code="IT4031526" rank="1" referenceName="Ordering information - Order entry"/><CSItem code="IT4000721" rank="1" referenceName="Packaging Data - Packaging type"/><CSItem code="IT4040439" rank="1" referenceName="Packed product information - Pack Quantity"/><CSItem code="IT4031577" rank="1" referenceName="Outerpack information - Gross weight per piece"/><CSItem code="IT4031492" rank="1" referenceName="Marketing specifications - Expected benefits"/><CSItem code="IT4031525" rank="1" referenceName="Lifetime - Life time"/><CSItem code="IT4031654" rank="1" referenceName="Light characteristics - Color temperature"/><CSItem code="IT4031508" rank="2" referenceName="Product description - Type"/><CSItem code="IT4031551" rank="2" referenceName="Electrical characteristics - Wattage"/><CSItem code="IT4031527" rank="2" referenceName="Ordering information - Ordering code"/><CSItem code="IT4035590" rank="2" referenceName="Packaging Data - EAN1"/><CSItem code="IT4040440" rank="2" referenceName="Packed product information - MOQ (for professionals)"/><CSItem code="IT4031576" rank="2" referenceName="Outerpack information - Height"/><CSItem code="IT4031498" rank="2" referenceName="Marketing specifications - Product highlight"/><CSItem code="IT4031553" rank="2" referenceName="Light characteristics - Lumens"/><CSItem code="IT4031519" rank="3" referenceName="Product description - Range"/><CSItem code="IT4035591" rank="3" referenceName="Packaging Data - EAN3"/><CSItem code="IT4035760" rank="3" referenceName="Packed product information - Height"/><CSItem code="IT4035764" rank="3" referenceName="Outerpack information - Height"/><CSItem code="IT4031517" rank="4" referenceName="Product description - Application"/><CSItem code="IT4035758" rank="4" referenceName="Packed product information - Length"/><CSItem code="IT4035762" rank="4" referenceName="Outerpack information - Length"/><CSItem code="IT4031521" rank="5" referenceName="Product description - Homologation ECE"/><CSItem code="IT4035759" rank="5" referenceName="Packed product information - Width"/><CSItem code="IT4035763" rank="5" referenceName="Outerpack information - Width"/><CSItem code="IT4031520" rank="6" referenceName="Product description - Base"/><CSItem code="IT4035761" rank="6" referenceName="Packed product information - Net weight per piece"/><CSItem code="IT4035766" rank="6" referenceName="Outerpack information - Gross weight per piece"/><CSItem code="IT4031518" rank="7" referenceName="Product description - Designation"/></CSItems></Purpose><Purpose type="Detail"><Features><Feature code="F400068303" rank="1" referenceName="Significantly whiter light"/><Feature code="F400068307" rank="2" referenceName="A lifetime of safety"/><Feature code="F400068305" rank="3" referenceName="Exceptional beam quality"/><Feature code="F400068560" rank="4" referenceName="Extra light, extra lifetime"/><Feature code="F400068304" rank="5" referenceName="Great contrast drives comfort"/><Feature code="F400068300" rank="6" referenceName="See further, react faster"/><Feature code="F400068301" rank="7" referenceName="One of the brightest bulbs"/><Feature code="F400068302" rank="8" referenceName="The safest legal car lights"/></Features><CSItems><CSItem code="IT4031500" rank="1" referenceName="Product description - Technology"/><CSItem code="IT4031552" rank="1" referenceName="Electrical characteristics - Voltage"/><CSItem code="IT4031526" rank="1" referenceName="Ordering information - Order entry"/><CSItem code="IT4000721" rank="1" referenceName="Packaging Data - Packaging type"/><CSItem code="IT4040439" rank="1" referenceName="Packed product information - Pack Quantity"/><CSItem code="IT4031577" rank="1" referenceName="Outerpack information - Gross weight per piece"/><CSItem code="IT4031492" rank="1" referenceName="Marketing specifications - Expected benefits"/><CSItem code="IT4031525" rank="1" referenceName="Lifetime - Life time"/><CSItem code="IT4031654" rank="1" referenceName="Light characteristics - Color temperature"/><CSItem code="IT4031508" rank="2" referenceName="Product description - Type"/><CSItem code="IT4031551" rank="2" referenceName="Electrical characteristics - Wattage"/><CSItem code="IT4031527" rank="2" referenceName="Ordering information - Ordering code"/><CSItem code="IT4035590" rank="2" referenceName="Packaging Data - EAN1"/><CSItem code="IT4040440" rank="2" referenceName="Packed product information - MOQ (for professionals)"/><CSItem code="IT4031576" rank="2" referenceName="Outerpack information - Height"/><CSItem code="IT4031498" rank="2" referenceName="Marketing specifications - Product highlight"/><CSItem code="IT4031553" rank="2" referenceName="Light characteristics - Lumens"/><CSItem code="IT4031519" rank="3" referenceName="Product description - Range"/><CSItem code="IT4035591" rank="3" referenceName="Packaging Data - EAN3"/><CSItem code="IT4035760" rank="3" referenceName="Packed product information - Height"/><CSItem code="IT4035764" rank="3" referenceName="Outerpack information - Height"/><CSItem code="IT4031517" rank="4" referenceName="Product description - Application"/><CSItem code="IT4035758" rank="4" referenceName="Packed product information - Length"/><CSItem code="IT4035762" rank="4" referenceName="Outerpack information - Length"/><CSItem code="IT4031521" rank="5" referenceName="Product description - Homologation ECE"/><CSItem code="IT4035759" rank="5" referenceName="Packed product information - Width"/><CSItem code="IT4035763" rank="5" referenceName="Outerpack information - Width"/><CSItem code="IT4031520" rank="6" referenceName="Product description - Base"/><CSItem code="IT4035761" rank="6" referenceName="Packed product information - Net weight per piece"/><CSItem code="IT4035766" rank="6" referenceName="Outerpack information - Gross weight per piece"/><CSItem code="IT4031518" rank="7" referenceName="Product description - Designation"/></CSItems></Purpose></Filters><FeatureCompareGroups/><Disclaimers/><RichTexts/></Product></Products>