<?xml version="1.0" encoding="UTF-8"?><Products xmlns:source="http://apache.org/cocoon/source/1.0" DocStatus="approved" DocTimeStamp="2018-10-20T07:16:36"><Product IsAccessory="false" IsMaster="true" lastModified="2017-06-15T00:21:46" masterLastModified="2017-06-01T00:26:48"><CTN>1736031P0</CTN><Code12NC>915005443201</Code12NC><GTIN>8718696161845</GTIN><MarketingVersion>3.1.1</MarketingVersion><MarketingStatus>Final Published</MarketingStatus><CRDate>2016-09-09</CRDate><CRDateYW>201637</CRDateYW><ModelYears><ModelYear>2016</ModelYear></ModelYears><ProductDivision><ProductDivisionCode>0100</ProductDivisionCode><ProductDivisionName>Lighting</ProductDivisionName><FormerPDCode>0100</FormerPDCode></ProductDivision><ProductOwner>Steffie van der Velden</ProductOwner><DTN>17360/31/P0</DTN><Catalog><StartOfPublication>2017-03-06T00:00:00</StartOfPublication><EndOfPublication>2300-01-01T00:00:00</EndOfPublication><StartOfSales>2017-03-06T00:00:00</StartOfSales><EndOfSales>2300-01-01T00:00:00</EndOfSales><DummyPrice/><Deleted>false</Deleted><DeleteAfterDate/><ProductRank>87</ProductRank></Catalog><FinancialCategorization><BusinessGroupCode>9021</BusinessGroupCode><BusinessGroupName>Home</BusinessGroupName><BusinessUnitCode>9159</BusinessUnitCode><BusinessUnitName>Home Luminaires</BusinessUnitName><MainArticleGroupCode>C89</MainArticleGroupCode><MainArticleGroupName>Moodlighting</MainArticleGroupName><ArticleGroupCode>8608</ArticleGroupCode><ArticleGroupName>Portable Outdoor</ArticleGroupName></FinancialCategorization><Categorization type="CONSUMER"><GroupCode>LIGHTING_GR</GroupCode><GroupName>Lighting</GroupName><CategoryCode>CHOOSE_YOUR_LUMINAIRE_CA</CategoryCode><CategoryName>Choose a fixture</CategoryName><SubcategoryCode>CONCEPT_MYGARDEN_SU</SubcategoryCode><SubcategoryName>myGarden</SubcategoryName></Categorization><Assets><Asset code="1736031P0" description="High Quality product movie 1" extension="mp4" lastModified="2017-03-06" locale="de_DE" number="001" type="HQ1">http://download.p4c.philips.com/files/1/1736031p0/1736031p0_hq1_deu.mp4</Asset><Asset code="1736031P0" description="Product movie 1" extension="flv" lastModified="2017-03-29" locale="de_DE" number="001" type="PRM">http://download.p4c.philips.com/files/1/1736031p0/1736031p0_prm_deu.flv</Asset><Asset code="1736031P0" description="Leaflet" extension="pdf" lastModified="2017-06-16" locale="de_DE" number="001" type="PSS">http://download.p4c.philips.com/files/1/1736031p0/1736031p0_pss_deude.pdf</Asset><Asset code="1736031P0" description="Retail Trade Leaflet" extension="pdf" lastModified="2017-06-16" locale="de_DE" number="001" type="RTL">http://download.p4c.philips.com/files/1/1736031p0/1736031p0_rtl_deude.pdf</Asset><Asset code="1736031P0" description="Alternative product photograph 1 - highres 2196x1795" extension="tif" lastModified="2016-10-25" locale="global" number="001" type="A1P">http://images.philips.com/is/image/PhilipsConsumer/1736031P0-A1P-global-001</Asset><Asset code="1736031P0" description="Alternative product photograph 4 - highres 2196x1795" extension="tif" lastModified="2017-03-14" locale="global" number="001" type="A4P">http://images.philips.com/is/image/PhilipsConsumer/1736031P0-A4P-global-001</Asset><Asset code="1736031P0" description="Alternative product photograph 5 - highres 2196x1795" extension="tif" lastModified="2017-03-10" locale="global" number="001" type="A5P">http://images.philips.com/is/image/PhilipsConsumer/1736031P0-A5P-global-001</Asset><Asset code="1736031P0" description="Alternative product photograph - highres 2196x1795" extension="tif" lastModified="2017-03-10" locale="global" number="001" type="APP">http://images.philips.com/is/image/PhilipsConsumer/1736031P0-APP-global-001</Asset><Asset code="1736031P0" description="Product detail 1 - highres 2196x1795" extension="tif" lastModified="2017-03-10" locale="global" number="001" type="D1P">http://images.philips.com/is/image/PhilipsConsumer/1736031P0-D1P-global-001</Asset><Asset code="1736031P0" description="Product detail 2 - highres 2196x1795" extension="tif" lastModified="2017-03-10" locale="global" number="001" type="D2P">http://images.philips.com/is/image/PhilipsConsumer/1736031P0-D2P-global-001</Asset><Asset code="1736031P0" description="Product detail 3 - highres 2196x1795" extension="tif" lastModified="2016-10-25" locale="global" number="001" type="D3P">http://images.philips.com/is/image/PhilipsConsumer/1736031P0-D3P-global-001</Asset><Asset code="1736031P0" description="Product detail 4 - highres 2196x1795" extension="tif" lastModified="2017-03-10" locale="global" number="001" type="D4P">http://images.philips.com/is/image/PhilipsConsumer/1736031P0-D4P-global-001</Asset><Asset code="1736031P0" description="Product detail 5 - highres 2196x1795" extension="tif" lastModified="2017-03-10" locale="global" number="001" type="D5P">http://images.philips.com/is/image/PhilipsConsumer/1736031P0-D5P-global-001</Asset><Asset code="1736031P0" description="Product detail photograph - highres 2196x2196" extension="tif" lastModified="2017-03-10" locale="global" number="001" type="DPP">http://images.philips.com/is/image/PhilipsConsumer/1736031P0-DPP-global-001</Asset><Asset code="1736031P0" description="Emotional Benefit 1 - highres 2196x1795" extension="tif" lastModified="2018-03-09" locale="global" number="001" type="E1P">http://images.philips.com/is/image/PhilipsConsumer/1736031P0-E1P-global-001</Asset><Asset code="1736031P0" description="Packaging photograph - highres 1447x756" extension="tif" lastModified="2017-03-10" locale="global" number="001" type="PID">http://images.philips.com/is/image/PhilipsConsumer/1736031P0-PID-global-001</Asset><Asset code="1736031P0" description="Packaging photograph - master" extension="tif" lastModified="2018-01-23" locale="global" number="001" type="PIM">http://download.p4c.philips.com/files/1/1736031p0/1736031p0_pim_.tif</Asset><Asset code="1736031P0" description="Packaging photograph - small 90x65" extension="jpg" lastModified="2017-03-10" locale="global" number="001" type="PIS">http://download.p4c.philips.com/files/1/1736031p0/1736031p0_pis_.jpg</Asset><Asset code="1736031P0" description="Leaflet" extension="pdf" lastModified="2017-06-01" locale="global" number="001" type="PSS">http://download.p4c.philips.com/files/1/1736031p0/1736031p0_pss_.pdf</Asset><Asset code="1736031P0" description="Standard product photograph - highres 2196x1795" extension="tif" lastModified="2017-03-10" locale="global" number="001" type="RTP">http://images.philips.com/is/image/PhilipsConsumer/1736031P0-RTP-global-001</Asset><Asset code="1736031P0" description="Product In Use 1 - highres 2196x1795" extension="tif" lastModified="2018-04-04" locale="global" number="001" type="U1P">http://images.philips.com/is/image/PhilipsConsumer/1736031P0-U1P-global-001</Asset><Asset code="1736031P0" description="Product In Use 5 - highres 2196x1795" extension="tif" lastModified="2018-04-25" locale="global" number="001" type="U5P">http://images.philips.com/is/image/PhilipsConsumer/1736031P0-U5P-global-001</Asset><Asset code="1736031P0" description="Single product shot" extension="" lastModified="2017-06-15" locale="" number="" type="IMS">http://images.philips.com/is/image/PhilipsConsumer/1736031P0-IMS-</Asset><Asset code="1736031P0" description="Product gallery image set" extension="" lastModified="2017-06-15" locale="" number="" type="GAL">http://images.philips.com/is/image/PhilipsConsumer/1736031P0-GAL-</Asset><Asset code="PHI" description="Brand logo - highres 1476x886" extension="tif" lastModified="2016-02-18" locale="global" number="001" type="BRP">http://images.philips.com/is/image/PhilipsConsumer/PHI-BRP-global-001</Asset></Assets><ProductName>Abelia white LED Table lamp</ProductName><FullProductName>Philips myGarden Table lamp 17360/31/P0 Abelia white LED</FullProductName><NamingString><MasterBrand><BrandCode>PHI</BrandCode><BrandName>Philips</BrandName></MasterBrand><BrandString>Philips</BrandString><Concept><ConceptCode>PLM0108MYG</ConceptCode><ConceptName>myGarden</ConceptName><ConceptNameUsed>1</ConceptNameUsed></Concept><Descriptor><DescriptorCode>PLM0830TAB</DescriptorCode><DescriptorName>Table lamp</DescriptorName></Descriptor><Alphanumeric>17360/31/P0</Alphanumeric><VersionElement1><VersionElementCode>PLM0006499</VersionElementCode><VersionElementName>Abelia</VersionElementName></VersionElement1><VersionElement2><VersionElementCode>PLM018331</VersionElementCode><VersionElementName>white</VersionElementName></VersionElement2><VersionElement3><VersionElementCode>PLM0814Y</VersionElementCode><VersionElementName>LED</VersionElementName></VersionElement3><VersionString>Abelia white LED</VersionString><BrandedFeatureString/><DescriptorBrandedFeatureString>Table lamp</DescriptorBrandedFeatureString></NamingString><WOW>Enjoy long evenings outside with a portable light</WOW><MarketingTextHeader>This Philips portable lantern is a very versatile outdoor light. It creates the perfect mood for your outdoor space but can also be used in a more functional way. It is weatherproof and dimmable with long-lasting LED technology.</MarketingTextHeader><KeyBenefitArea><KeyBenefitAreaCode>K4013394</KeyBenefitAreaCode><KeyBenefitAreaName>Enjoy your outdoor life</KeyBenefitAreaName><KeyBenefitAreaRank>1</KeyBenefitAreaRank><Feature><FeatureCode>F400083213</FeatureCode><FeatureReferenceName>Candle mode [lantern]</FeatureReferenceName><FeatureName>Candle mode</FeatureName><FeatureLongDescription>Candle mode</FeatureLongDescription><FeatureGlossary>You want to create a unique ambiance outdoor, decorative and enchanting? You can also turn the portable lantern on candle mode. This way it gives a warm glow and dynamic flicker.</FeatureGlossary><FeatureRank>1</FeatureRank><FeatureTopRank>1</FeatureTopRank></Feature><Feature><FeatureCode>F400083212</FeatureCode><FeatureReferenceName>Dimmable light [lantern]</FeatureReferenceName><FeatureName>Dimmable light</FeatureName><FeatureLongDescription>Dimmable light</FeatureLongDescription><FeatureGlossary>The portable lantern can be dimmed by simply pressing and holding the button. This way you can easily create the perfect mood for your outdoor space</FeatureGlossary><FeatureRank>2</FeatureRank><FeatureTopRank>2</FeatureTopRank></Feature><Feature><FeatureCode>F400083214</FeatureCode><FeatureReferenceName>USB chargeable [lantern]</FeatureReferenceName><FeatureName>USB chargeable</FeatureName><FeatureLongDescription>USB chargeable</FeatureLongDescription><FeatureGlossary>The portable lantern can easily be charged with any compatible USB. The USB cable is included.</FeatureGlossary><FeatureRank>3</FeatureRank><FeatureTopRank>3</FeatureTopRank></Feature><Feature><FeatureCode>F400083216</FeatureCode><FeatureReferenceName>Weather proof IP44 [lantern]</FeatureReferenceName><FeatureName>Weather proof IP44</FeatureName><FeatureLongDescription>Weather proof IP44</FeatureLongDescription><FeatureGlossary>This portable lantern is specially designed for outdoor use and is water resistant.</FeatureGlossary><FeatureRank>4</FeatureRank><FeatureTopRank>4</FeatureTopRank></Feature><Feature><FeatureCode>F400083211</FeatureCode><FeatureReferenceName>Powerful light [lantern]</FeatureReferenceName><FeatureName>Powerful light</FeatureName><FeatureLongDescription>Powerful light</FeatureLongDescription><FeatureGlossary>This Philips portable lantern provides powerful warm white light up to 350 lumen. This make the ideal lamp to read outside, lighten up the barbecue, finish a job in the garden and several other outdoor activities.</FeatureGlossary><FeatureRank>5</FeatureRank><FeatureTopRank>5</FeatureTopRank></Feature></KeyBenefitArea><FeatureImage><FeatureCode>F400083213</FeatureCode><FeatureReferenceName>Candle mode [lantern]</FeatureReferenceName><FeatureImageRank>1</FeatureImageRank></FeatureImage><FeatureImage><FeatureCode>F400083212</FeatureCode><FeatureReferenceName>Dimmable light [lantern]</FeatureReferenceName><FeatureImageRank>2</FeatureImageRank></FeatureImage><FeatureImage><FeatureCode>F400083214</FeatureCode><FeatureReferenceName>USB chargeable [lantern]</FeatureReferenceName><FeatureImageRank>3</FeatureImageRank></FeatureImage><FeatureImage><FeatureCode>F400083216</FeatureCode><FeatureReferenceName>Weather proof IP44 [lantern]</FeatureReferenceName><FeatureImageRank>4</FeatureImageRank></FeatureImage><FeatureImage><FeatureCode>F400083211</FeatureCode><FeatureReferenceName>Powerful light [lantern]</FeatureReferenceName><FeatureImageRank>5</FeatureImageRank></FeatureImage><FeatureHighlight><FeatureCode>F400083213</FeatureCode><FeatureReferenceName>Candle mode [lantern]</FeatureReferenceName><FeatureHighlightRank>1</FeatureHighlightRank></FeatureHighlight><FeatureHighlight><FeatureCode>F400083212</FeatureCode><FeatureReferenceName>Dimmable light [lantern]</FeatureReferenceName><FeatureHighlightRank>2</FeatureHighlightRank></FeatureHighlight><FeatureHighlight><FeatureCode>F400083214</FeatureCode><FeatureReferenceName>USB chargeable [lantern]</FeatureReferenceName><FeatureHighlightRank>3</FeatureHighlightRank></FeatureHighlight><FeatureHighlight><FeatureCode>F400083216</FeatureCode><FeatureReferenceName>Weather proof IP44 [lantern]</FeatureReferenceName><FeatureHighlightRank>4</FeatureHighlightRank></FeatureHighlight><FeatureHighlight><FeatureCode>F400083211</FeatureCode><FeatureReferenceName>Powerful light [lantern]</FeatureReferenceName><FeatureHighlightRank>5</FeatureHighlightRank></FeatureHighlight><CSChapter><CSChapterCode>CH4009145</CSChapterCode><CSChapterName>Garden area</CSChapterName><CSChapterRank>1</CSChapterRank><CSItem><CSItemCode>IT4043028</CSItemCode><CSItemName>Garden area</CSItemName><CSItemRank>1</CSItemRank><CSItemIsFreeFormat>0</CSItemIsFreeFormat><CSValue><CSValueCode>VA4099382</CSValueCode><CSValueName>Backyard</CSValueName><CSValueRank>1</CSValueRank></CSValue></CSItem></CSChapter><CSChapter><CSChapterCode>PLMCHP010</CSChapterCode><CSChapterName>Design and finishing</CSChapterName><CSChapterRank>10</CSChapterRank><CSItem><CSItemCode>PLMITM010001</CSItemCode><CSItemName>Material</CSItemName><CSItemRank>1</CSItemRank><CSItemIsFreeFormat>0</CSItemIsFreeFormat><CSValue><CSValueCode>PLMATR0105SYNTH</CSValueCode><CSValueName>synthetics</CSValueName><CSValueRank>1</CSValueRank></CSValue></CSItem><CSItem><CSItemCode>PLMITM010002</CSItemCode><CSItemName>Color</CSItemName><CSItemRank>2</CSItemRank><CSItemIsFreeFormat>0</CSItemIsFreeFormat><CSValue><CSValueCode>PLMATR018331</CSValueCode><CSValueName>white</CSValueName><CSValueRank>1</CSValueRank></CSValue></CSItem></CSChapter><CSChapter><CSChapterCode>PLMCHP020</CSChapterCode><CSChapterName>Extra feature/accessory incl.</CSChapterName><CSChapterRank>20</CSChapterRank><CSItem><CSItemCode>PLMITM0776F2005</CSItemCode><CSItemName>Dimmer and on/off switch on article</CSItemName><CSItemRank>2</CSItemRank><CSItemIsFreeFormat>0</CSItemIsFreeFormat><CSValue><CSValueCode>PLMATR0776F2005YES</CSValueCode><CSValueName>YES</CSValueName><CSValueRank>1</CSValueRank></CSValue></CSItem><CSItem><CSItemCode>PLMITM0776F3001</CSItemCode><CSItemName>On/off switch on article</CSItemName><CSItemRank>3</CSItemRank><CSItemIsFreeFormat>0</CSItemIsFreeFormat><CSValue><CSValueCode>PLMATR0776F3001YES</CSValueCode><CSValueName>YES</CSValueName><CSValueRank>1</CSValueRank></CSValue></CSItem><CSItem><CSItemCode>PLMITM0776FX006</CSItemCode><CSItemName>LED integrated</CSItemName><CSItemRank>4</CSItemRank><CSItemIsFreeFormat>0</CSItemIsFreeFormat><CSValue><CSValueCode>PLMATR0776FX006YES</CSValueCode><CSValueName>YES</CSValueName><CSValueRank>1</CSValueRank></CSValue></CSItem><CSItem><CSItemCode>PLMITM0776FX010</CSItemCode><CSItemName>Perfectly suited for ambiance creation</CSItemName><CSItemRank>5</CSItemRank><CSItemIsFreeFormat>0</CSItemIsFreeFormat><CSValue><CSValueCode>PLMATR0776FX010YES</CSValueCode><CSValueName>YES</CSValueName><CSValueRank>1</CSValueRank></CSValue></CSItem><CSItem><CSItemCode>PLMITM0776FX027</CSItemCode><CSItemName>USB charging</CSItemName><CSItemRank>6</CSItemRank><CSItemIsFreeFormat>0</CSItemIsFreeFormat><CSValue><CSValueCode>PLMATR0776FX027YES</CSValueCode><CSValueName>YES</CSValueName><CSValueRank>1</CSValueRank></CSValue></CSItem><CSItem><CSItemCode>PLMITM0776FX028</CSItemCode><CSItemName>Portable</CSItemName><CSItemRank>7</CSItemRank><CSItemIsFreeFormat>0</CSItemIsFreeFormat><CSValue><CSValueCode>PLMATR0776FX028YES</CSValueCode><CSValueName>YES</CSValueName><CSValueRank>1</CSValueRank></CSValue></CSItem><CSItem><CSItemCode>PLMITM0776FX031</CSItemCode><CSItemName>Fully weatherproof</CSItemName><CSItemRank>8</CSItemRank><CSItemIsFreeFormat>0</CSItemIsFreeFormat><CSValue><CSValueCode>PLMATR0776FX031YES</CSValueCode><CSValueName>YES</CSValueName><CSValueRank>1</CSValueRank></CSValue></CSItem><CSItem><CSItemCode>PLMITM0776FX043</CSItemCode><CSItemName>Resistant high quality material</CSItemName><CSItemRank>9</CSItemRank><CSItemIsFreeFormat>0</CSItemIsFreeFormat><CSValue><CSValueCode>PLMATR0776FX043YES</CSValueCode><CSValueName>YES</CSValueName><CSValueRank>1</CSValueRank></CSValue></CSItem></CSChapter><CSChapter><CSChapterCode>PLMCHP030</CSChapterCode><CSChapterName>Product dimensions &amp; weight</CSChapterName><CSChapterRank>30</CSChapterRank><CSItem><CSItemCode>PLMITM030001</CSItemCode><CSItemName>Height</CSItemName><CSItemRank>1</CSItemRank><CSItemIsFreeFormat>1</CSItemIsFreeFormat><CSValue><CSValueCode>VA4042333</CSValueCode><CSValueName>23.3</CSValueName><CSValueRank>1</CSValueRank></CSValue><UnitOfMeasure><UnitOfMeasureCode>3000039</UnitOfMeasureCode><UnitOfMeasureName>centimeter</UnitOfMeasureName><UnitOfMeasureSymbol>cm</UnitOfMeasureSymbol></UnitOfMeasure></CSItem><CSItem><CSItemCode>PLMITM030004</CSItemCode><CSItemName>Length</CSItemName><CSItemRank>4</CSItemRank><CSItemIsFreeFormat>1</CSItemIsFreeFormat><CSValue><CSValueCode>VA4042309</CSValueCode><CSValueName>15</CSValueName><CSValueRank>1</CSValueRank></CSValue><UnitOfMeasure><UnitOfMeasureCode>3000039</UnitOfMeasureCode><UnitOfMeasureName>centimeter</UnitOfMeasureName><UnitOfMeasureSymbol>cm</UnitOfMeasureSymbol></UnitOfMeasure></CSItem><CSItem><CSItemCode>PLMITM030005</CSItemCode><CSItemName>Width</CSItemName><CSItemRank>5</CSItemRank><CSItemIsFreeFormat>1</CSItemIsFreeFormat><CSValue><CSValueCode>VA4042311</CSValueCode><CSValueName>15</CSValueName><CSValueRank>1</CSValueRank></CSValue><UnitOfMeasure><UnitOfMeasureCode>3000039</UnitOfMeasureCode><UnitOfMeasureName>centimeter</UnitOfMeasureName><UnitOfMeasureSymbol>cm</UnitOfMeasureSymbol></UnitOfMeasure></CSItem><CSItem><CSItemCode>PLMITM030006</CSItemCode><CSItemName>Net weight</CSItemName><CSItemRank>6</CSItemRank><CSItemIsFreeFormat>1</CSItemIsFreeFormat><CSValue><CSValueCode>VA4042308</CSValueCode><CSValueName>0.580</CSValueName><CSValueRank>1</CSValueRank></CSValue><UnitOfMeasure><UnitOfMeasureCode>3000049</UnitOfMeasureCode><UnitOfMeasureName>kilogram</UnitOfMeasureName><UnitOfMeasureSymbol>kg</UnitOfMeasureSymbol></UnitOfMeasure></CSItem><CSItem><CSItemCode>PLMITM030010</CSItemCode><CSItemName>Cable length</CSItemName><CSItemRank>10</CSItemRank><CSItemIsFreeFormat>1</CSItemIsFreeFormat><CSValue><CSValueCode>VA4053615</CSValueCode><CSValueName>1.0</CSValueName><CSValueRank>1</CSValueRank></CSValue><UnitOfMeasure><UnitOfMeasureCode>3000057</UnitOfMeasureCode><UnitOfMeasureName>meter</UnitOfMeasureName><UnitOfMeasureSymbol>m</UnitOfMeasureSymbol></UnitOfMeasure></CSItem></CSChapter><CSChapter><CSChapterCode>PLMCHP040</CSChapterCode><CSChapterName>Technical specifications</CSChapterName><CSChapterRank>40</CSChapterRank><CSItem><CSItemCode>PLMITM040001</CSItemCode><CSItemName>Mains power</CSItemName><CSItemRank>1</CSItemRank><CSItemIsFreeFormat>0</CSItemIsFreeFormat><CSValue><CSValueCode>PLMATR07195</CSValueCode><CSValueName>5 V</CSValueName><CSValueRank>1</CSValueRank></CSValue></CSItem><CSItem><CSItemCode>PLMITM040003</CSItemCode><CSItemName>Number of bulbs</CSItemName><CSItemRank>3</CSItemRank><CSItemIsFreeFormat>1</CSItemIsFreeFormat><CSValue><CSValueCode>VA4042306</CSValueCode><CSValueName>1</CSValueName><CSValueRank>1</CSValueRank></CSValue></CSItem><CSItem><CSItemCode>PLMITM040005</CSItemCode><CSItemName>Wattage bulb included</CSItemName><CSItemRank>5</CSItemRank><CSItemIsFreeFormat>0</CSItemIsFreeFormat><CSValue><CSValueCode>PLMATR04603</CSValueCode><CSValueName>3 W</CSValueName><CSValueRank>1</CSValueRank></CSValue></CSItem><CSItem><CSItemCode>PLMITM0400011</CSItemCode><CSItemName>Total lumen output fixture</CSItemName><CSItemRank>11</CSItemRank><CSItemIsFreeFormat>0</CSItemIsFreeFormat><CSValue><CSValueCode>PLMATR1096350</CSValueCode><CSValueName>350 lm</CSValueName><CSValueRank>1</CSValueRank></CSValue></CSItem><CSItem><CSItemCode>PLMITM0400013</CSItemCode><CSItemName>Fixture dimmable</CSItemName><CSItemRank>13</CSItemRank><CSItemIsFreeFormat>0</CSItemIsFreeFormat><CSValue><CSValueCode>PLMATR1075Y</CSValueCode><CSValueName>Yes</CSValueName><CSValueRank>1</CSValueRank></CSValue></CSItem><CSItem><CSItemCode>PLMITM0400014</CSItemCode><CSItemName>LED</CSItemName><CSItemRank>14</CSItemRank><CSItemIsFreeFormat>0</CSItemIsFreeFormat><CSValue><CSValueCode>PLMATR0814Y</CSValueCode><CSValueName>Yes</CSValueName><CSValueRank>1</CSValueRank></CSValue></CSItem><CSItem><CSItemCode>PLMITM0400018</CSItemCode><CSItemName>Lifetime up to</CSItemName><CSItemRank>18</CSItemRank><CSItemIsFreeFormat>1</CSItemIsFreeFormat><CSValue><CSValueCode>VA4094468</CSValueCode><CSValueName>30,000</CSValueName><CSValueRank>1</CSValueRank></CSValue><UnitOfMeasure><UnitOfMeasureCode>4000213</UnitOfMeasureCode><UnitOfMeasureName>hrs</UnitOfMeasureName><UnitOfMeasureSymbol>hrs</UnitOfMeasureSymbol></UnitOfMeasure></CSItem><CSItem><CSItemCode>PLMITM040026</CSItemCode><CSItemName>IP code</CSItemName><CSItemRank>26</CSItemRank><CSItemIsFreeFormat>0</CSItemIsFreeFormat><CSValue><CSValueCode>PLMATR0290IP44</CSValueCode><CSValueName>IP44</CSValueName><CSValueRank>1</CSValueRank></CSValue><CSValue><CSValueCode>PLMATR0290IP41-2</CSValueCode><CSValueName>protection against objects bigger than 1 mm</CSValueName><CSValueRank>2</CSValueRank></CSValue><CSValue><CSValueCode>PLMATR0290IP24-3</CSValueCode><CSValueName>protection from splashed water</CSValueName><CSValueRank>3</CSValueRank></CSValue></CSItem><CSItem><CSItemCode>PLMITM040027</CSItemCode><CSItemName>Class of protection</CSItemName><CSItemRank>27</CSItemRank><CSItemIsFreeFormat>0</CSItemIsFreeFormat><CSValue><CSValueCode>PLMATR0289III</CSValueCode><CSValueName>III - safe extra low voltage</CSValueName><CSValueRank>1</CSValueRank></CSValue></CSItem></CSChapter><CSChapter><CSChapterCode>PLMCHP050</CSChapterCode><CSChapterName>Service</CSChapterName><CSChapterRank>50</CSChapterRank><CSItem><CSItemCode>PLMITM050001</CSItemCode><CSItemName>Warranty</CSItemName><CSItemRank>1</CSItemRank><CSItemIsFreeFormat>0</CSItemIsFreeFormat><CSValue><CSValueCode>PLMATR02982</CSValueCode><CSValueName>2 year(s)</CSValueName><CSValueRank>1</CSValueRank></CSValue></CSItem></CSChapter><CSChapter><CSChapterCode>PLMCHP060</CSChapterCode><CSChapterName>Packaging dimensions &amp; weight</CSChapterName><CSChapterRank>60</CSChapterRank><CSItem><CSItemCode>PLMITM060001</CSItemCode><CSItemName>Height</CSItemName><CSItemRank>1</CSItemRank><CSItemIsFreeFormat>1</CSItemIsFreeFormat><CSValue><CSValueCode>VA4042312</CSValueCode><CSValueName>24.3</CSValueName><CSValueRank>1</CSValueRank></CSValue><UnitOfMeasure><UnitOfMeasureCode>3000039</UnitOfMeasureCode><UnitOfMeasureName>centimeter</UnitOfMeasureName><UnitOfMeasureSymbol>cm</UnitOfMeasureSymbol></UnitOfMeasure></CSItem><CSItem><CSItemCode>PLMITM060002</CSItemCode><CSItemName>Length</CSItemName><CSItemRank>2</CSItemRank><CSItemIsFreeFormat>1</CSItemIsFreeFormat><CSValue><CSValueCode>VA4042313</CSValueCode><CSValueName>15.5</CSValueName><CSValueRank>1</CSValueRank></CSValue><UnitOfMeasure><UnitOfMeasureCode>3000039</UnitOfMeasureCode><UnitOfMeasureName>centimeter</UnitOfMeasureName><UnitOfMeasureSymbol>cm</UnitOfMeasureSymbol></UnitOfMeasure></CSItem><CSItem><CSItemCode>PLMITM060003</CSItemCode><CSItemName>Width</CSItemName><CSItemRank>3</CSItemRank><CSItemIsFreeFormat>1</CSItemIsFreeFormat><CSValue><CSValueCode>VA4042307</CSValueCode><CSValueName>15.5</CSValueName><CSValueRank>1</CSValueRank></CSValue><UnitOfMeasure><UnitOfMeasureCode>3000039</UnitOfMeasureCode><UnitOfMeasureName>centimeter</UnitOfMeasureName><UnitOfMeasureSymbol>cm</UnitOfMeasureSymbol></UnitOfMeasure></CSItem><CSItem><CSItemCode>PLMITM060004</CSItemCode><CSItemName>Weight</CSItemName><CSItemRank>4</CSItemRank><CSItemIsFreeFormat>1</CSItemIsFreeFormat><CSValue><CSValueCode>VA4042304</CSValueCode><CSValueName>0.771</CSValueName><CSValueRank>1</CSValueRank></CSValue><UnitOfMeasure><UnitOfMeasureCode>3000049</UnitOfMeasureCode><UnitOfMeasureName>kilogram</UnitOfMeasureName><UnitOfMeasureSymbol>kg</UnitOfMeasureSymbol></UnitOfMeasure></CSItem></CSChapter><CSChapter><CSChapterCode>PLMCHP070</CSChapterCode><CSChapterName>Miscellaneous</CSChapterName><CSChapterRank>70</CSChapterRank><CSItem><CSItemCode>PLMITM070001</CSItemCode><CSItemName>Especially designed for</CSItemName><CSItemRank>1</CSItemRank><CSItemIsFreeFormat>0</CSItemIsFreeFormat><CSValue><CSValueCode>PLMATR0970G_P</CSValueCode><CSValueName>Garden &amp; Patio</CSValueName><CSValueRank>1</CSValueRank></CSValue></CSItem><CSItem><CSItemCode>PLMITM070002</CSItemCode><CSItemName>Style</CSItemName><CSItemRank>2</CSItemRank><CSItemIsFreeFormat>0</CSItemIsFreeFormat><CSValue><CSValueCode>PLMATR0628CON</CSValueCode><CSValueName>Contemporary</CSValueName><CSValueRank>1</CSValueRank></CSValue></CSItem><CSItem><CSItemCode>PLMITM070003</CSItemCode><CSItemName>Type</CSItemName><CSItemRank>3</CSItemRank><CSItemIsFreeFormat>0</CSItemIsFreeFormat><CSValue><CSValueCode>PLMATR0830TABLE</CSValueCode><CSValueName>Table lamp</CSValueName><CSValueRank>1</CSValueRank></CSValue></CSItem></CSChapter><Filters><Purpose type="Comparison"><Features><Feature code="F400083213" rank="1" referenceName="Candle mode [lantern]"/><Feature code="F400083212" rank="2" referenceName="Dimmable light [lantern]"/><Feature code="F400083214" rank="3" referenceName="USB chargeable [lantern]"/><Feature code="F400083216" rank="4" referenceName="Weather proof IP44 [lantern]"/><Feature code="F400083211" rank="5" referenceName="Powerful light [lantern]"/></Features><CSItems><CSItem code="IT4043028" rank="1" referenceName="Garden area - Garden area"/><CSItem code="PLMITM010001" rank="1" referenceName="Design and finishing - Material"/><CSItem code="PLMITM030001" rank="1" referenceName="Product dimensions &amp; weight - Height"/><CSItem code="PLMITM040001" rank="1" referenceName="Technical specifications - Mains power"/><CSItem code="PLMITM050001" rank="1" referenceName="Service - Warranty"/><CSItem code="PLMITM060001" rank="1" referenceName="Packaging dimensions &amp; weight - Height"/><CSItem code="PLMITM070001" rank="1" referenceName="Miscellaneous - Especially designed for"/><CSItem code="PLMITM010002" rank="2" referenceName="Design and finishing - Color"/><CSItem code="PLMITM0776F2005" rank="2" referenceName="Extra feature/accessory incl. - Dimmer and on/off switch on article"/><CSItem code="PLMITM060002" rank="2" referenceName="Packaging dimensions &amp; weight - Length"/><CSItem code="PLMITM070002" rank="2" referenceName="Miscellaneous - Style"/><CSItem code="PLMITM0776F3001" rank="3" referenceName="Extra feature/accessory incl. - On/off switch on article"/><CSItem code="PLMITM040003" rank="3" referenceName="Technical specifications - Number of bulbs"/><CSItem code="PLMITM060003" rank="3" referenceName="Packaging dimensions &amp; weight - Width"/><CSItem code="PLMITM070003" rank="3" referenceName="Miscellaneous - Type"/><CSItem code="PLMITM0776FX006" rank="4" referenceName="Extra feature/accessory incl. - LED integrated"/><CSItem code="PLMITM030004" rank="4" referenceName="Product dimensions &amp; weight - Length"/><CSItem code="PLMITM060004" rank="4" referenceName="Packaging dimensions &amp; weight - Weight"/><CSItem code="PLMITM0776FX010" rank="5" referenceName="Extra feature/accessory incl. - Perfectly suited for ambiance creation"/><CSItem code="PLMITM030005" rank="5" referenceName="Product dimensions &amp; weight - Width"/><CSItem code="PLMITM040005" rank="5" referenceName="Technical specifications - Wattage bulb included"/><CSItem code="PLMITM0776FX027" rank="6" referenceName="Extra feature/accessory incl. - USB charging"/><CSItem code="PLMITM030006" rank="6" referenceName="Product dimensions &amp; weight - Net weight"/><CSItem code="PLMITM0776FX028" rank="7" referenceName="Extra feature/accessory incl. - Portable"/><CSItem code="PLMITM0776FX031" rank="8" referenceName="Extra feature/accessory incl. - Fully weatherproof"/><CSItem code="PLMITM0776FX043" rank="9" referenceName="Extra feature/accessory incl. - Resistant high quality material"/><CSItem code="PLMITM030010" rank="10" referenceName="Product dimensions &amp; weight - Cable length"/><CSItem code="PLMITM0400011" rank="11" referenceName="Technical specifications - Total lumen output fixture"/><CSItem code="PLMITM0400013" rank="13" referenceName="Technical specifications - Fixture dimmable"/><CSItem code="PLMITM0400014" rank="14" referenceName="Technical specifications - LED"/><CSItem code="PLMITM0400018" rank="18" referenceName="Technical specifications - Lifetime up to"/><CSItem code="PLMITM040026" rank="26" referenceName="Technical specifications - IP code"/><CSItem code="PLMITM040027" rank="27" referenceName="Technical specifications - Class of protection"/></CSItems></Purpose><Purpose type="Detail"><Features><Feature code="F400083213" rank="1" referenceName="Candle mode [lantern]"/><Feature code="F400083212" rank="2" referenceName="Dimmable light [lantern]"/><Feature code="F400083214" rank="3" referenceName="USB chargeable [lantern]"/><Feature code="F400083216" rank="4" referenceName="Weather proof IP44 [lantern]"/><Feature code="F400083211" rank="5" referenceName="Powerful light [lantern]"/></Features><CSItems><CSItem code="IT4043028" rank="1" referenceName="Garden area - Garden area"/><CSItem code="PLMITM010001" rank="1" referenceName="Design and finishing - Material"/><CSItem code="PLMITM030001" rank="1" referenceName="Product dimensions &amp; weight - Height"/><CSItem code="PLMITM040001" rank="1" referenceName="Technical specifications - Mains power"/><CSItem code="PLMITM050001" rank="1" referenceName="Service - Warranty"/><CSItem code="PLMITM060001" rank="1" referenceName="Packaging dimensions &amp; weight - Height"/><CSItem code="PLMITM070001" rank="1" referenceName="Miscellaneous - Especially designed for"/><CSItem code="PLMITM010002" rank="2" referenceName="Design and finishing - Color"/><CSItem code="PLMITM0776F2005" rank="2" referenceName="Extra feature/accessory incl. - Dimmer and on/off switch on article"/><CSItem code="PLMITM060002" rank="2" referenceName="Packaging dimensions &amp; weight - Length"/><CSItem code="PLMITM070002" rank="2" referenceName="Miscellaneous - Style"/><CSItem code="PLMITM0776F3001" rank="3" referenceName="Extra feature/accessory incl. - On/off switch on article"/><CSItem code="PLMITM040003" rank="3" referenceName="Technical specifications - Number of bulbs"/><CSItem code="PLMITM060003" rank="3" referenceName="Packaging dimensions &amp; weight - Width"/><CSItem code="PLMITM070003" rank="3" referenceName="Miscellaneous - Type"/><CSItem code="PLMITM0776FX006" rank="4" referenceName="Extra feature/accessory incl. - LED integrated"/><CSItem code="PLMITM030004" rank="4" referenceName="Product dimensions &amp; weight - Length"/><CSItem code="PLMITM060004" rank="4" referenceName="Packaging dimensions &amp; weight - Weight"/><CSItem code="PLMITM0776FX010" rank="5" referenceName="Extra feature/accessory incl. - Perfectly suited for ambiance creation"/><CSItem code="PLMITM030005" rank="5" referenceName="Product dimensions &amp; weight - Width"/><CSItem code="PLMITM040005" rank="5" referenceName="Technical specifications - Wattage bulb included"/><CSItem code="PLMITM0776FX027" rank="6" referenceName="Extra feature/accessory incl. - USB charging"/><CSItem code="PLMITM030006" rank="6" referenceName="Product dimensions &amp; weight - Net weight"/><CSItem code="PLMITM0776FX028" rank="7" referenceName="Extra feature/accessory incl. - Portable"/><CSItem code="PLMITM0776FX031" rank="8" referenceName="Extra feature/accessory incl. - Fully weatherproof"/><CSItem code="PLMITM0776FX043" rank="9" referenceName="Extra feature/accessory incl. - Resistant high quality material"/><CSItem code="PLMITM030010" rank="10" referenceName="Product dimensions &amp; weight - Cable length"/><CSItem code="PLMITM0400011" rank="11" referenceName="Technical specifications - Total lumen output fixture"/><CSItem code="PLMITM0400013" rank="13" referenceName="Technical specifications - Fixture dimmable"/><CSItem code="PLMITM0400014" rank="14" referenceName="Technical specifications - LED"/><CSItem code="PLMITM0400018" rank="18" referenceName="Technical specifications - Lifetime up to"/><CSItem code="PLMITM040026" rank="26" referenceName="Technical specifications - IP code"/><CSItem code="PLMITM040027" rank="27" referenceName="Technical specifications - Class of protection"/></CSItems></Purpose></Filters><FeatureCompareGroups/><Disclaimers/><RichTexts/></Product></Products>