<?xml version="1.0" encoding="UTF-8"?><Products xmlns:source="http://apache.org/cocoon/source/1.0" DocStatus="approved" DocTimeStamp="2018-10-20T07:16:36"><Product IsAccessory="false" IsLocalized="true" IsMaster="true" lastModified="2016-09-05T00:19:01" masterLastModified="2016-09-05T00:15:18"><CTN>39PFL4208K/12</CTN><Code12NC>867000098664</Code12NC><GTIN>8712581671389</GTIN><MarketingVersion>7.1.10</MarketingVersion><MarketingStatus>Final Published</MarketingStatus><CRDate>2013-02-22</CRDate><CRDateYW>201308</CRDateYW><ModelYears><ModelYear>2013</ModelYear><ModelYear>2014</ModelYear></ModelYears><ProductDivision><ProductDivisionCode>0200</ProductDivisionCode><ProductDivisionName>Consumer Lifestyle</ProductDivisionName><FormerPDCode>3400</FormerPDCode></ProductDivision><ProductOwner>Jan-Willem van Wier</ProductOwner><DTN>39PFL4208K/12</DTN><Catalog><StartOfPublication>2013-03-08T00:00:00</StartOfPublication><EndOfPublication>2024-06-22T00:00:00</EndOfPublication><StartOfSales>2013-03-08T00:00:00</StartOfSales><EndOfSales>2024-06-22T00:00:00</EndOfSales><DummyPrice/><Deleted>false</Deleted><DeleteAfterDate/><ProductRank>50</ProductRank></Catalog><FinancialCategorization><BusinessGroupCode>6918</BusinessGroupCode><BusinessGroupName>TV</BusinessGroupName><BusinessUnitCode>0680</BusinessUnitCode><BusinessUnitName>TV</BusinessUnitName><MainArticleGroupCode>C27</MainArticleGroupCode><MainArticleGroupName>Philips LCD - L Screen &gt;=35 =&lt;39i</MainArticleGroupName><ArticleGroupCode>7584</ArticleGroupCode><ArticleGroupName>Philips LCD - L Screen &gt;=35 =&lt;39i</ArticleGroupName></FinancialCategorization><Categorization type="CONSUMER"><GroupCode>SOUND_AND_VISION_GR</GroupCode><GroupName>Sound &amp; vision</GroupName><CategoryCode>TV_CA</CategoryCode><CategoryName>TV</CategoryName><SubcategoryCode>SMART_TV_SU</SubcategoryCode><SubcategoryName>Smart TV</SubcategoryName></Categorization><Assets><Asset code="39PFL4208K_12" description="User manual" extension="pdf" lastModified="2013-05-21" locale="de_DE" number="001" type="DFU">http://download.p4c.philips.com/files/3/39pfl4208k_12/39pfl4208k_12_dfu_deu.pdf</Asset><Asset code="39PFL4208K_12" description="Leaflet" extension="pdf" lastModified="2018-04-26" locale="de_DE" number="001" type="PSS">http://download.p4c.philips.com/files/3/39pfl4208k_12/39pfl4208k_12_pss_deude.pdf</Asset><Asset code="39PFL4208K_12" description="Quick start guide" extension="pdf" lastModified="2013-03-13" locale="de_DE" number="001" type="QSG">http://download.p4c.philips.com/files/3/39pfl4208k_12/39pfl4208k_12_qsg_deu.pdf</Asset><Asset code="39PFL4208K_12" description="Retail Trade Leaflet" extension="pdf" lastModified="2018-04-26" locale="de_DE" number="001" type="RTL">http://download.p4c.philips.com/files/3/39pfl4208k_12/39pfl4208k_12_rtl_deude.pdf</Asset><Asset code="39PFL4208K_12" description="Front product photograph - highres 2196x1795" extension="jpg" lastModified="2012-12-21" locale="global" number="001" type="_FP">http://images.philips.com/is/image/PhilipsConsumer/39PFL4208K_12-_FP-global-001</Asset><Asset code="39PFL4208K_12" description="Alternative product photograph 1 - highres 2196x1795" extension="jpg" lastModified="2013-01-16" locale="global" number="001" type="A1P">http://images.philips.com/is/image/PhilipsConsumer/39PFL4208K_12-A1P-global-001</Asset><Asset code="39PFL4208K_12" description="Alternative product photograph 2 - highres 2196x1795" extension="jpg" lastModified="2013-01-16" locale="global" number="001" type="A2P">http://images.philips.com/is/image/PhilipsConsumer/39PFL4208K_12-A2P-global-001</Asset><Asset code="39PFL4208K_12" description="Alternative product photograph 3 - highres 2196x1795" extension="jpg" lastModified="2013-04-18" locale="global" number="001" type="A3P">http://images.philips.com/is/image/PhilipsConsumer/39PFL4208K_12-A3P-global-001</Asset><Asset code="39PFL4208K_12" description="Alternative product photograph 4 - highres 2196x1795" extension="jpg" lastModified="2012-12-21" locale="global" number="001" type="A4P">http://images.philips.com/is/image/PhilipsConsumer/39PFL4208K_12-A4P-global-001</Asset><Asset code="39PFL4208K_12" description="Alternative product photograph 5 - highres 2196x1795" extension="jpg" lastModified="2013-01-08" locale="global" number="001" type="A5P">http://images.philips.com/is/image/PhilipsConsumer/39PFL4208K_12-A5P-global-001</Asset><Asset code="39PFL4208K_12" description="Alternative product photograph - highres 2196x1795" extension="jpg" lastModified="2013-01-08" locale="global" number="001" type="APP">http://images.philips.com/is/image/PhilipsConsumer/39PFL4208K_12-APP-global-001</Asset><Asset code="39PFL4208K_12" description="Emotional benefit photograph - highres 514x514" extension="tif" lastModified="2018-03-15" locale="global" number="001" type="BPP">http://images.philips.com/is/image/PhilipsConsumer/39PFL4208K_12-BPP-global-001</Asset><Asset code="39PFL4208K_12" description="Connector side drawing - highres 2362x1181" extension="tif" lastModified="2013-01-29" locale="global" number="001" type="COP">http://images.philips.com/is/image/PhilipsConsumer/39PFL4208K_12-COP-global-001</Asset><Asset code="39PFL4208K_12" description="Product detail 1 - highres 2196x1795" extension="jpg" lastModified="2013-04-24" locale="global" number="001" type="D1P">http://images.philips.com/is/image/PhilipsConsumer/39PFL4208K_12-D1P-global-001</Asset><Asset code="39PFL4208K_12" description="Product detail 3 - highres 2196x1795" extension="jpg" lastModified="2013-04-19" locale="global" number="001" type="D3P">http://images.philips.com/is/image/PhilipsConsumer/39PFL4208K_12-D3P-global-001</Asset><Asset code="39PFL4208K_12" description="Emotional Benefit 1 - highres 2196x1795" extension="tif" lastModified="2018-03-09" locale="global" number="001" type="E1P">http://images.philips.com/is/image/PhilipsConsumer/39PFL4208K_12-E1P-global-001</Asset><Asset code="39PFL4208K_12" description="Emotional Benefit 2 - highres 2196x1795" extension="tif" lastModified="2018-03-14" locale="global" number="001" type="E2P">http://images.philips.com/is/image/PhilipsConsumer/39PFL4208K_12-E2P-global-001</Asset><Asset code="39PFL4208K_12" description="Emotional Benefit 3 - highres 2196x1795" extension="tif" lastModified="2018-04-24" locale="global" number="001" type="E3P">http://images.philips.com/is/image/PhilipsConsumer/39PFL4208K_12-E3P-global-001</Asset><Asset code="39PFL4208K_12" description="Main in-use photograph - highres 2480x1462" extension="jpg" lastModified="2012-12-21" locale="global" number="001" type="MI1">http://images.philips.com/is/image/PhilipsConsumer/39PFL4208K_12-MI1-global-001</Asset><Asset code="39PFL4208K_12" description="Product with accessory photograph - highres425x377" extension="jpg" lastModified="2013-01-08" locale="global" number="001" type="PA1">http://images.philips.com/is/image/PhilipsConsumer/39PFL4208K_12-PA1-global-001</Asset><Asset code="39PFL4208K_12" description="Product with accessory photograph-highres2196x1795" extension="jpg" lastModified="2013-01-08" locale="global" number="001" type="PAH">http://images.philips.com/is/image/PhilipsConsumer/39PFL4208K_12-PAH-global-001</Asset><Asset code="39PFL4208K_12" description="Leaflet" extension="pdf" lastModified="2018-03-17" locale="global" number="001" type="PSS">http://download.p4c.philips.com/files/3/39pfl4208k_12/39pfl4208k_12_pss_.pdf</Asset><Asset code="39PFL4208K_12" description="Alt remote control photo 1 - highres 1772x2953" extension="jpg" lastModified="2013-05-27" locale="global" number="001" type="R1P">http://images.philips.com/is/image/PhilipsConsumer/39PFL4208K_12-R1P-global-001</Asset><Asset code="39PFL4208K_12" description="Remote control photograph - highres 1772x2953" extension="tif" lastModified="2013-05-27" locale="global" number="001" type="RCP">http://images.philips.com/is/image/PhilipsConsumer/39PFL4208K_12-RCP-global-001</Asset><Asset code="39PFL4208K_12" description="Standard product photograph - highres 2196x1795" extension="tif" lastModified="2012-12-21" locale="global" number="001" type="RTP">http://images.philips.com/is/image/PhilipsConsumer/39PFL4208K_12-RTP-global-001</Asset><Asset code="39PFL4208K_12" description="Product In Use 1 - highres 2196x1795" extension="tif" lastModified="2018-04-04" locale="global" number="001" type="U1P">http://images.philips.com/is/image/PhilipsConsumer/39PFL4208K_12-U1P-global-001</Asset><Asset code="39PFL4208K_12" description="Product in use photograph - highres 2196x1795" extension="tif" lastModified="2018-03-26" locale="global" number="001" type="UPL">http://images.philips.com/is/image/PhilipsConsumer/39PFL4208K_12-UPL-global-001</Asset><Asset code="39PFL4208K_12" description="Single product shot" extension="" lastModified="2016-09-05" locale="" number="" type="IMS">http://images.philips.com/is/image/PhilipsConsumer/39PFL4208K_12-IMS-</Asset><Asset code="39PFL4208K_12" description="Product gallery image set" extension="" lastModified="2016-09-05" locale="" number="" type="GAL">http://images.philips.com/is/image/PhilipsConsumer/39PFL4208K_12-GAL-</Asset><Asset code="ALA_199111283DE" description="Award rank" extension="png" lastModified="" locale="de_DE" number="001" type="AWR">http://images.philips.com/is/image/PhilipsConsumer/ALR085-AWR-de_DE-001</Asset><Asset code="ALA_199111283DE" description="Award URL" extension="html" lastModified="" locale="de_DE" number="001" type="AWU">http://alatest.de/testberichte/fernseher/a/po3-199111283,33/#partner:50428</Asset><Asset code="ALS_12100" description="Award source logo" extension="png" lastModified="" locale="de_DE" number="001" type="AWL">http://images.philips.com/is/image/PhilipsConsumer/ALS_12100-AWL-de_DE-001</Asset><Asset code="F400021802" description="Feature photograph - highres 2100x1170" extension="tif" lastModified="2009-12-09" locale="global" number="001" type="FIL">http://images.philips.com/is/image/PhilipsConsumer/F400021802-FIL-global-001</Asset><Asset code="F400021802" description="Feature logo - highres 331x213" extension="tif" lastModified="2014-07-31" locale="global" number="001" type="FLP">http://images.philips.com/is/image/PhilipsConsumer/F400021802-FLP-global-001</Asset><Asset code="F400021802" description="Feature movie (with spoken or written text)" extension="flv" lastModified="2010-09-02" locale="de_DE" number="001" type="FML">F400021802-FML-de_DE-001.flv</Asset><Asset code="F400033924" description="Feature photograph - highres 2100x1170" extension="tif" lastModified="2011-12-22" locale="global" number="001" type="FIL">http://images.philips.com/is/image/PhilipsConsumer/F400033924-FIL-global-001</Asset><Asset code="F400033924" description="Feature logo - highres 331x213" extension="tif" lastModified="2011-06-21" locale="global" number="001" type="FLP">http://images.philips.com/is/image/PhilipsConsumer/F400033924-FLP-global-001</Asset><Asset code="F400033924" description="Feature movie activation image big - 640 x 360" extension="jpg" lastModified="2011-09-30" locale="global" number="001" type="FMB">http://images.philips.com/is/image/PhilipsConsumer/F400033924-FMB-global-001</Asset><Asset code="F400051141" description="Feature photograph - highres 2100x1170" extension="tif" lastModified="2013-01-03" locale="global" number="001" type="FIL">http://images.philips.com/is/image/PhilipsConsumer/F400051141-FIL-global-001</Asset><Asset code="F400051141" description="Feature logo - highres 331x213" extension="tif" lastModified="2013-01-03" locale="global" number="001" type="FLP">http://images.philips.com/is/image/PhilipsConsumer/F400051141-FLP-global-001</Asset><Asset code="F400051141" description="Feature movie activation image big - 640 x 360" extension="jpg" lastModified="2013-06-10" locale="global" number="001" type="FMB">http://images.philips.com/is/image/PhilipsConsumer/F400051141-FMB-global-001</Asset><Asset code="F400051141" description="Feature movie (with spoken or written text)" extension="flv" lastModified="2013-04-18" locale="de_DE" number="001" type="FML">F400051141-FML-de_DE-001.flv</Asset><Asset code="F400051152" description="Feature photograph - highres 2100x1170" extension="tif" lastModified="2013-01-04" locale="global" number="001" type="FIL">http://images.philips.com/is/image/PhilipsConsumer/F400051152-FIL-global-001</Asset><Asset code="F400051152" description="Feature logo - highres 331x213" extension="tif" lastModified="2013-01-23" locale="global" number="001" type="FLP">http://images.philips.com/is/image/PhilipsConsumer/F400051152-FLP-global-001</Asset><Asset code="F400051157" description="Feature photograph - highres 2100x1170" extension="tif" lastModified="2013-01-04" locale="global" number="001" type="FIL">http://images.philips.com/is/image/PhilipsConsumer/F400051157-FIL-global-001</Asset><Asset code="F400051157" description="Feature logo - highres 331x213" extension="tif" lastModified="2013-01-23" locale="global" number="001" type="FLP">http://images.philips.com/is/image/PhilipsConsumer/F400051157-FLP-global-001</Asset><Asset code="F400051166" description="Feature logo - highres 331x213" extension="tif" lastModified="2013-01-23" locale="global" number="001" type="FLP">http://images.philips.com/is/image/PhilipsConsumer/F400051166-FLP-global-001</Asset><Asset code="F400051180" description="Feature logo - highres 331x213" extension="tif" lastModified="2013-01-23" locale="global" number="001" type="FLP">http://images.philips.com/is/image/PhilipsConsumer/F400051180-FLP-global-001</Asset><Asset code="F400051192" description="Feature photograph - highres 2100x1170" extension="tif" lastModified="2013-01-04" locale="global" number="001" type="FIL">http://images.philips.com/is/image/PhilipsConsumer/F400051192-FIL-global-001</Asset><Asset code="F400051192" description="Feature logo - highres 331x213" extension="tif" lastModified="2013-01-23" locale="global" number="001" type="FLP">http://images.philips.com/is/image/PhilipsConsumer/F400051192-FLP-global-001</Asset><Asset code="F400051209" description="Feature logo - highres 331x213" extension="tif" lastModified="2015-02-16" locale="global" number="001" type="FLP">http://images.philips.com/is/image/PhilipsConsumer/F400051209-FLP-global-001</Asset><Asset code="F400051210" description="Feature photograph - highres 2100x1170" extension="tif" lastModified="2013-01-04" locale="global" number="001" type="FIL">http://images.philips.com/is/image/PhilipsConsumer/F400051210-FIL-global-001</Asset><Asset code="F400051210" description="Feature logo - highres 331x213" extension="tif" lastModified="2013-01-23" locale="global" number="001" type="FLP">http://images.philips.com/is/image/PhilipsConsumer/F400051210-FLP-global-001</Asset><Asset code="F400051215" description="Feature photograph - highres 2100x1170" extension="tif" lastModified="2013-01-17" locale="global" number="001" type="FIL">http://images.philips.com/is/image/PhilipsConsumer/F400051215-FIL-global-001</Asset><Asset code="F400051215" description="Feature logo - highres 331x213" extension="tif" lastModified="2013-01-23" locale="global" number="001" type="FLP">http://images.philips.com/is/image/PhilipsConsumer/F400051215-FLP-global-001</Asset><Asset code="F400051215" description="Feature movie activation image big - 640 x 360" extension="jpg" lastModified="2013-06-10" locale="global" number="001" type="FMB">http://images.philips.com/is/image/PhilipsConsumer/F400051215-FMB-global-001</Asset><Asset code="F400051215" description="Feature movie (with spoken or written text)" extension="flv" lastModified="2013-07-15" locale="de_DE" number="001" type="FML">F400051215-FML-de_DE-001.flv</Asset><Asset code="F400051220" description="Feature photograph - highres 2100x1170" extension="tif" lastModified="2013-01-03" locale="global" number="001" type="FIL">http://images.philips.com/is/image/PhilipsConsumer/F400051220-FIL-global-001</Asset><Asset code="F400051220" description="Feature logo - highres 331x213" extension="tif" lastModified="2013-01-23" locale="global" number="001" type="FLP">http://images.philips.com/is/image/PhilipsConsumer/F400051220-FLP-global-001</Asset><Asset code="F400051220" description="Feature movie (with spoken or written text)" extension="flv" lastModified="2013-04-18" locale="de_DE" number="001" type="FML">F400051220-FML-de_DE-001.flv</Asset><Asset code="F400051221" description="Feature photograph - highres 2100x1170" extension="tif" lastModified="2013-01-23" locale="global" number="001" type="FIL">http://images.philips.com/is/image/PhilipsConsumer/F400051221-FIL-global-001</Asset><Asset code="F400051221" description="Feature logo - highres 331x213" extension="tif" lastModified="2013-01-23" locale="global" number="001" type="FLP">http://images.philips.com/is/image/PhilipsConsumer/F400051221-FLP-global-001</Asset><Asset code="F400051221" description="Feature movie (with spoken or written text)" extension="flv" lastModified="2013-07-15" locale="de_DE" number="001" type="FML">F400051221-FML-de_DE-001.flv</Asset><Asset code="GA40011707" description="needs to be blocked as code in CCR Global award logo - master" extension="eps" lastModified="2013-08-01" locale="global" number="001" type="GAL">GA40011707-GAL-global-001.eps</Asset><Asset code="GA40011707" description="Global award logo - highres 590x590" extension="tif" lastModified="2013-08-01" locale="global" number="001" type="GAP">http://images.philips.com/is/image/PhilipsConsumer/GA40011707-GAP-global-001</Asset><Asset code="GA40011708" description="needs to be blocked as code in CCR Global award logo - master" extension="eps" lastModified="2013-03-06" locale="global" number="001" type="GAL">GA40011708-GAL-global-001.eps</Asset><Asset code="GA40011708" description="Global award logo - highres 590x590" extension="tif" lastModified="2013-03-06" locale="global" number="001" type="GAP">http://images.philips.com/is/image/PhilipsConsumer/GA40011708-GAP-global-001</Asset><Asset code="PHI" description="Brand logo - highres 1476x886" extension="tif" lastModified="2016-02-18" locale="global" number="001" type="BRP">http://images.philips.com/is/image/PhilipsConsumer/PHI-BRP-global-001</Asset></Assets><ProductName>99 cm (39") Ultra Slim Smart LED TV</ProductName><FullProductName>Philips 4000 series Ultra Slim Smart LED TV 39PFL4208K 99 cm (39") Full HD 1080p DVB-T/C/S/S2 with Digital Crystal Clear</FullProductName><NamingString><MasterBrand><BrandCode>PHI</BrandCode><BrandName>Philips</BrandName></MasterBrand><BrandString>Philips</BrandString><Concept><ConceptCode>SB40001226</ConceptCode><ConceptName>4000 series</ConceptName><ConceptNameUsed>1</ConceptNameUsed></Concept><Descriptor><DescriptorCode>D4019602</DescriptorCode><DescriptorName>Ultra Slim Smart LED TV</DescriptorName></Descriptor><Alphanumeric>39PFL4208K</Alphanumeric><VersionElement1><VersionElementCode>V4021087</VersionElementCode><VersionElementName>99 cm (39")</VersionElementName></VersionElement1><VersionElement2><VersionElementCode>V4001463</VersionElementCode><VersionElementName>Full HD 1080p</VersionElementName></VersionElement2><VersionElement3><VersionElementCode>V4027932</VersionElementCode><VersionElementName>DVB-T/C/S/S2</VersionElementName></VersionElement3><VersionString>99 cm (39") Full HD 1080p DVB-T/C/S/S2</VersionString><BrandedFeatureCode1>F400051180</BrandedFeatureCode1><BrandedFeatureString>with Digital Crystal Clear</BrandedFeatureString><DescriptorBrandedFeatureString>Ultra Slim Smart LED TV with Digital Crystal Clear</DescriptorBrandedFeatureString></NamingString><WOW>Discover a step beyond viewing</WOW><SubWOW>With Smart Ultra Slim LED TV</SubWOW><MarketingTextHeader>Easily connect to a world of online content with the Philips 4208 series Smart LED TV with integrated Wi-Fi. Enjoy extremely clear, vivid pictures from any source thanks to Digital Crystal Clear. Feel connected to entertainment.</MarketingTextHeader><KeyBenefitArea><KeyBenefitAreaCode>K4022560</KeyBenefitAreaCode><KeyBenefitAreaName>A world of online content at your fingertips</KeyBenefitAreaName><KeyBenefitAreaRank>1</KeyBenefitAreaRank><Feature><FeatureCode>F400051221</FeatureCode><FeatureReferenceName>Skype™ TV video calls*</FeatureReferenceName><FeatureName>Skype™ TV video calls*</FeatureName><FeatureLongDescription>Skype™ for easy voice and video calls on your TV</FeatureLongDescription><FeatureGlossary>Add a new dimension to your calls and share experiences with the people that matter to you, wherever they are. With Skype™ on your TV, make voice and video calls from your living room. Just plug the optional Philips TV camera (PTA317) into your TV and enjoy excellent video and sound quality from the comfort of your couch.</FeatureGlossary><FeatureRank>1</FeatureRank><FeatureTopRank>1</FeatureTopRank></Feature><Feature><FeatureCode>F400051210</FeatureCode><FeatureReferenceName>Integrated Wi-Fi (2013)</FeatureReferenceName><FeatureName>Integrated Wi-Fi</FeatureName><FeatureLongDescription>Integrated Wi-Fi to connect easily to the world online</FeatureLongDescription><FeatureGlossary>Integrated Wi-Fi on your Philips Smart TV makes connecting to your home network quick and easy, allowing you to access a world of content or share wirelessly at home.</FeatureGlossary><FeatureRank>3</FeatureRank><FeatureTopRank>2</FeatureTopRank></Feature><Feature><FeatureCode>F400051215</FeatureCode><FeatureReferenceName>Smart TV online apps</FeatureReferenceName><FeatureName>Smart TV online apps</FeatureName><FeatureLongDescription>Smart TV—a world of online entertainment</FeatureLongDescription><FeatureGlossary>Explore the boundaries that lie beyond traditional TV. Rent and stream movies, videos, games and more, directly onto your TV from online video stores. Watch catch-up TV from your favorite channels and enjoy a rich selection of online apps with Smart TV. Connect to family and friends with Skype™ or social networking. Or... just browse the Internet!</FeatureGlossary><FeatureRank>5</FeatureRank><FeatureTopRank>3</FeatureTopRank></Feature><Feature><FeatureCode>F400051220</FeatureCode><FeatureReferenceName>SimplyShare TV (2013)</FeatureReferenceName><FeatureName>SimplyShare TV</FeatureName><FeatureLongDescription>Simply share photos, music and movies through DLNA</FeatureLongDescription><FeatureGlossary>Share photos, music, videos and movies through DLNA using your smartphone, tablet or computer and enjoy them on the big screen. Sharing made simple.</FeatureGlossary><FeatureRank>7</FeatureRank><FeatureTopRank>4</FeatureTopRank></Feature></KeyBenefitArea><KeyBenefitArea><KeyBenefitAreaCode>K4022562</KeyBenefitAreaCode><KeyBenefitAreaName>Control how you share and record on the big screen</KeyBenefitAreaName><KeyBenefitAreaRank>2</KeyBenefitAreaRank><Feature><FeatureCode>F400054014</FeatureCode><FeatureReferenceName>MyRemote (LATAM)*</FeatureReferenceName><FeatureName>MyRemote*</FeatureName><FeatureLongDescription>MyRemote app—control your TV with your phone or tablet</FeatureLongDescription><FeatureGlossary>Control your TV and record on the go without a remote control using one easy app. Transform your tablet or smart phone into a universal remote with all the options of your original remote plus extra features like text entry. The SimplyShare function beams content onto your TV. Stay up to date by recording your favorite programs on-the-go using MyRemote recording. Simply flip through the content on the TV Program Guide to choose which shows to record and view later. A Smart TV deserves a truly smart app.</FeatureGlossary><FeatureRank>4</FeatureRank><FeatureTopRank>11</FeatureTopRank></Feature></KeyBenefitArea><KeyBenefitArea><KeyBenefitAreaCode>K4022565</KeyBenefitAreaCode><KeyBenefitAreaName>Experience the next dimension in entertainment</KeyBenefitAreaName><KeyBenefitAreaRank>3</KeyBenefitAreaRank><Feature><FeatureCode>F400051192</FeatureCode><FeatureReferenceName>Full HD LED TV (2013)</FeatureReferenceName><FeatureName>Full HD LED TV</FeatureName><FeatureLongDescription>Full HD LED TV—brilliant LED images with incredible contrast</FeatureLongDescription><FeatureGlossary>Picture quality matters. Regular HDTVs deliver quality, but you expect the best. Imagine breathtakingly crisp detail paired with high brightness, incredible contrast, sharp motion definition, realistic colors and a true to life picture—as well as low power consumption. Well, look no further. Full HD LED delivers more detail than standard HDTVs. And more detail in the image means a more intense viewing experience for you.</FeatureGlossary><FeatureRank>2</FeatureRank><FeatureTopRank>5</FeatureTopRank></Feature><Feature><FeatureCode>F400051141</FeatureCode><FeatureReferenceName>200Hz PMR (2013)</FeatureReferenceName><FeatureName>200Hz PMR</FeatureName><FeatureLongDescription>200Hz Perfect Motion Rate (PMR) for clear motion sharpness</FeatureLongDescription><FeatureGlossary>For picture movement that looks precise, smooth and natural, Philips created PMR—our standard for measuring moving image sharpness. Perfect Motion Rate is the combined result of our unique video processing, number of frames per second and refresh rate of each frame, perfection in dimming capabilities, and backlighting technology. A higher PMR number contributes to higher contrast and better motion clarity—which means a superior image for you.</FeatureGlossary><FeatureRank>6</FeatureRank><FeatureTopRank>6</FeatureTopRank></Feature><Feature><FeatureCode>F400051180</FeatureCode><FeatureReferenceName>Digital Crystal Clear (2013)</FeatureReferenceName><FeatureName>Digital Crystal Clear</FeatureName><FeatureLongDescription>Digital Crystal Clear to enhance picture quality</FeatureLongDescription><FeatureGlossary>Enjoy extremely clear pictures from any source. This package of picture innovations digitally adjusts and optimizes picture quality to optimal contrast, color and sharpness levels.</FeatureGlossary><FeatureRank>8</FeatureRank><FeatureTopRank>7</FeatureTopRank></Feature><Feature><FeatureCode>F400051157</FeatureCode><FeatureReferenceName>Two USB (photos, music, video)</FeatureReferenceName><FeatureName>Two USB (photos, music, video)</FeatureName><FeatureLongDescription>Two USB slots for generous multimedia access</FeatureLongDescription><FeatureGlossary>With Two USB Slots you can keep a hard disc connected for USB recording and Pause TV so you’ll always have control of your personal programming. The convenient extra USB port means connecting a Skype™ camera or accessing any jpeg photos, mp3 music or video files stored on your USB-storage devices will never interfere with your recording.</FeatureGlossary><FeatureRank>9</FeatureRank><FeatureTopRank>8</FeatureTopRank></Feature><Feature><FeatureCode>F400051152</FeatureCode><FeatureReferenceName>Three HDMI inputs with Easylink (2013)</FeatureReferenceName><FeatureName>Three HDMI with Easylink</FeatureName><FeatureLongDescription>Three HDMI inputs and Easylink for integrated connectivity</FeatureLongDescription><FeatureGlossary>Avoid cable clutter with a single cable to carry both picture and audio signals from your devices to your TV. HDMI uses uncompressed signals, ensuring the highest quality from source to screen. Together with Philips Easylink, you’ll need only one remote control to perform most operations on your TV, DVD, Blu-ray, set top box or home theatre system.</FeatureGlossary><FeatureRank>10</FeatureRank><FeatureTopRank>9</FeatureTopRank></Feature><Feature><FeatureCode>F400051166</FeatureCode><FeatureReferenceName>20W RMS Incredible Surround (2013)</FeatureReferenceName><FeatureName>20W RMS Incredible Surround</FeatureName><FeatureLongDescription>Feel the power of 20W RMS and Incredible Surround</FeatureLongDescription><FeatureGlossary>Create a lifelike sound stage. Powerful amplifiers and Incredible Surround let you experience total surround sound with greater depth and width of sound to complement your rich viewing experience.</FeatureGlossary><FeatureRank>11</FeatureRank><FeatureTopRank>10</FeatureTopRank></Feature></KeyBenefitArea><FeatureLogo><FeatureCode>F400051180</FeatureCode><FeatureReferenceName>Digital Crystal Clear (2013)</FeatureReferenceName><FeatureLogoRank>1</FeatureLogoRank></FeatureLogo><FeatureLogo><FeatureCode>F400051215</FeatureCode><FeatureReferenceName>Smart TV online apps</FeatureReferenceName><FeatureLogoRank>4</FeatureLogoRank></FeatureLogo><FeatureLogo><FeatureCode>F400051221</FeatureCode><FeatureReferenceName>Skype™ TV video calls*</FeatureReferenceName><FeatureLogoRank>5</FeatureLogoRank></FeatureLogo><FeatureLogo><FeatureCode>F400051210</FeatureCode><FeatureReferenceName>Integrated Wi-Fi (2013)</FeatureReferenceName><FeatureLogoRank>6</FeatureLogoRank></FeatureLogo><FeatureLogo><FeatureCode>F400021802</FeatureCode><FeatureReferenceName>DLNA</FeatureReferenceName><FeatureLogoRank>7</FeatureLogoRank></FeatureLogo><FeatureLogo><FeatureCode>F400051192</FeatureCode><FeatureReferenceName>Full HD LED TV (2013)</FeatureReferenceName><FeatureLogoRank>8</FeatureLogoRank></FeatureLogo><FeatureLogo><FeatureCode>F400033924</FeatureCode><FeatureReferenceName>200Hz PMR</FeatureReferenceName><FeatureLogoRank>9</FeatureLogoRank></FeatureLogo><FeatureLogo><FeatureCode>F400051152</FeatureCode><FeatureReferenceName>Three HDMI inputs with Easylink (2013)</FeatureReferenceName><FeatureLogoRank>10</FeatureLogoRank></FeatureLogo><FeatureLogo><FeatureCode>F400051209</FeatureCode><FeatureReferenceName>Integrated triple tuner with DVB-S (2013)</FeatureReferenceName><FeatureLogoRank>11</FeatureLogoRank></FeatureLogo><FeatureImage><FeatureCode>F400051180</FeatureCode><FeatureReferenceName>Digital Crystal Clear (2013)</FeatureReferenceName><FeatureImageRank>7</FeatureImageRank></FeatureImage><FeatureImage><FeatureCode>F400054014</FeatureCode><FeatureReferenceName>MyRemote (LATAM)*</FeatureReferenceName><FeatureImageRank>11</FeatureImageRank></FeatureImage><FeatureHighlight><FeatureCode>F400051221</FeatureCode><FeatureReferenceName>Skype™ TV video calls*</FeatureReferenceName><FeatureHighlightRank>1</FeatureHighlightRank></FeatureHighlight><FeatureHighlight><FeatureCode>F400051210</FeatureCode><FeatureReferenceName>Integrated Wi-Fi (2013)</FeatureReferenceName><FeatureHighlightRank>2</FeatureHighlightRank></FeatureHighlight><FeatureHighlight><FeatureCode>F400051215</FeatureCode><FeatureReferenceName>Smart TV online apps</FeatureReferenceName><FeatureHighlightRank>3</FeatureHighlightRank></FeatureHighlight><FeatureHighlight><FeatureCode>F400051220</FeatureCode><FeatureReferenceName>SimplyShare TV (2013)</FeatureReferenceName><FeatureHighlightRank>4</FeatureHighlightRank></FeatureHighlight><FeatureHighlight><FeatureCode>F400051192</FeatureCode><FeatureReferenceName>Full HD LED TV (2013)</FeatureReferenceName><FeatureHighlightRank>5</FeatureHighlightRank></FeatureHighlight><FeatureHighlight><FeatureCode>F400051141</FeatureCode><FeatureReferenceName>200Hz PMR (2013)</FeatureReferenceName><FeatureHighlightRank>6</FeatureHighlightRank></FeatureHighlight><FeatureHighlight><FeatureCode>F400051180</FeatureCode><FeatureReferenceName>Digital Crystal Clear (2013)</FeatureReferenceName><FeatureHighlightRank>7</FeatureHighlightRank></FeatureHighlight><FeatureHighlight><FeatureCode>F400051157</FeatureCode><FeatureReferenceName>Two USB (photos, music, video)</FeatureReferenceName><FeatureHighlightRank>8</FeatureHighlightRank></FeatureHighlight><FeatureHighlight><FeatureCode>F400051152</FeatureCode><FeatureReferenceName>Three HDMI inputs with Easylink (2013)</FeatureReferenceName><FeatureHighlightRank>9</FeatureHighlightRank></FeatureHighlight><FeatureHighlight><FeatureCode>F400051166</FeatureCode><FeatureReferenceName>20W RMS Incredible Surround (2013)</FeatureReferenceName><FeatureHighlightRank>10</FeatureHighlightRank></FeatureHighlight><FeatureHighlight><FeatureCode>F400054014</FeatureCode><FeatureReferenceName>MyRemote (LATAM)*</FeatureReferenceName><FeatureHighlightRank>11</FeatureHighlightRank></FeatureHighlight><CSChapter><CSChapterCode>3000796</CSChapterCode><CSChapterName>Picture/Display</CSChapterName><CSChapterRank>1</CSChapterRank><CSItem><CSItemCode>IT4009349</CSItemCode><CSItemName>Display</CSItemName><CSItemRank>1</CSItemRank><CSItemIsFreeFormat>0</CSItemIsFreeFormat><CSValue><CSValueCode>VA4026243</CSValueCode><CSValueName>LED Full HD</CSValueName><CSValueRank>1</CSValueRank></CSValue></CSItem><CSItem><CSItemCode>3006140</CSItemCode><CSItemName>Diagonal screen size (metric)</CSItemName><CSItemRank>2</CSItemRank><CSItemIsFreeFormat>1</CSItemIsFreeFormat><CSValue><CSValueCode>3031123</CSValueCode><CSValueName>99</CSValueName><CSValueRank>1</CSValueRank></CSValue><UnitOfMeasure><UnitOfMeasureCode>3000039</UnitOfMeasureCode><UnitOfMeasureName>centimeter</UnitOfMeasureName><UnitOfMeasureSymbol>cm</UnitOfMeasureSymbol></UnitOfMeasure></CSItem><CSItem><CSItemCode>3006139</CSItemCode><CSItemName>Diagonal screen size (inch)</CSItemName><CSItemRank>3</CSItemRank><CSItemIsFreeFormat>1</CSItemIsFreeFormat><CSValue><CSValueCode>3031122</CSValueCode><CSValueName>39</CSValueName><CSValueRank>1</CSValueRank></CSValue><UnitOfMeasure><UnitOfMeasureCode>3000047</UnitOfMeasureCode><UnitOfMeasureName>inch</UnitOfMeasureName><UnitOfMeasureSymbol>inch</UnitOfMeasureSymbol></UnitOfMeasure></CSItem><CSItem><CSItemCode>3006177</CSItemCode><CSItemName>Panel resolution</CSItemName><CSItemRank>4</CSItemRank><CSItemIsFreeFormat>0</CSItemIsFreeFormat><CSValue><CSValueCode>3042789</CSValueCode><CSValueName>1920x1080p</CSValueName><CSValueRank>1</CSValueRank></CSValue></CSItem><CSItem><CSItemCode>3006121</CSItemCode><CSItemName>Aspect ratio</CSItemName><CSItemRank>5</CSItemRank><CSItemIsFreeFormat>0</CSItemIsFreeFormat><CSValue><CSValueCode>3031098</CSValueCode><CSValueName>16:9</CSValueName><CSValueRank>1</CSValueRank></CSValue></CSItem><CSItem><CSItemCode>3006127</CSItemCode><CSItemName>Brightness</CSItemName><CSItemRank>6</CSItemRank><CSItemIsFreeFormat>1</CSItemIsFreeFormat><CSValue><CSValueCode>3031110</CSValueCode><CSValueName>350</CSValueName><CSValueRank>1</CSValueRank></CSValue><UnitOfMeasure><UnitOfMeasureCode>3000038</UnitOfMeasureCode><UnitOfMeasureName>candela per square meter</UnitOfMeasureName><UnitOfMeasureSymbol>cd/m²</UnitOfMeasureSymbol></UnitOfMeasure></CSItem><CSItem><CSItemCode>3006183</CSItemCode><CSItemName>Picture enhancement</CSItemName><CSItemRank>7</CSItemRank><CSItemIsFreeFormat>0</CSItemIsFreeFormat><CSValue><CSValueCode>VA4047451</CSValueCode><CSValueName>Micro Dimming</CSValueName><CSValueRank>1</CSValueRank></CSValue><CSValue><CSValueCode>VA4033807</CSValueCode><CSValueName>200Hz Perfect Motion Rate</CSValueName><CSValueRank>2</CSValueRank></CSValue><CSValue><CSValueCode>3031239</CSValueCode><CSValueName>Digital Crystal Clear</CSValueName><CSValueRank>3</CSValueRank></CSValue></CSItem></CSChapter><CSChapter><CSChapterCode>CH4005642</CSChapterCode><CSChapterName>Smart TV</CSChapterName><CSChapterRank>2</CSChapterRank><CSItem><CSItemCode>IT4027735</CSItemCode><CSItemName>Interactive TV</CSItemName><CSItemRank>1</CSItemRank><CSItemIsFreeFormat>0</CSItemIsFreeFormat><CSValue><CSValueCode>VA4065076</CSValueCode><CSValueName>HbbTV*</CSValueName><CSValueRank>1</CSValueRank></CSValue></CSItem><CSItem><CSItemCode>IT4027737</CSItemCode><CSItemName>SmartTV apps*</CSItemName><CSItemRank>2</CSItemRank><CSItemIsFreeFormat>0</CSItemIsFreeFormat><CSValue><CSValueCode>VA4065078</CSValueCode><CSValueName>Catch-up TV</CSValueName><CSValueRank>1</CSValueRank></CSValue><CSValue><CSValueCode>VA4065082</CSValueCode><CSValueName>Netflix*</CSValueName><CSValueRank>2</CSValueRank></CSValue><CSValue><CSValueCode>VA4065079</CSValueCode><CSValueName>Online apps</CSValueName><CSValueRank>3</CSValueRank></CSValue><CSValue><CSValueCode>VA4065080</CSValueCode><CSValueName>Online Video stores</CSValueName><CSValueRank>4</CSValueRank></CSValue><CSValue><CSValueCode>VA4065081</CSValueCode><CSValueName>Open Internet browser</CSValueName><CSValueRank>5</CSValueRank></CSValue><CSValue><CSValueCode>VA4065083</CSValueCode><CSValueName>YouTube</CSValueName><CSValueRank>6</CSValueRank></CSValue></CSItem><CSItem><CSItemCode>IT4027738</CSItemCode><CSItemName>Social TV</CSItemName><CSItemRank>3</CSItemRank><CSItemIsFreeFormat>0</CSItemIsFreeFormat><CSValue><CSValueCode>VA4065086</CSValueCode><CSValueName>Facebook</CSValueName><CSValueRank>1</CSValueRank></CSValue><CSValue><CSValueCode>VA4065084</CSValueCode><CSValueName>Skype</CSValueName><CSValueRank>2</CSValueRank></CSValue><CSValue><CSValueCode>VA4065085</CSValueCode><CSValueName>Twitter</CSValueName><CSValueRank>3</CSValueRank></CSValue></CSItem><CSItem><CSItemCode>IT4027736</CSItemCode><CSItemName>TV programe guide*</CSItemName><CSItemRank>4</CSItemRank><CSItemIsFreeFormat>0</CSItemIsFreeFormat><CSValue><CSValueCode>VA4065077</CSValueCode><CSValueName>8 day Electronic Program Guide</CSValueName><CSValueRank>1</CSValueRank></CSValue></CSItem></CSChapter><CSChapter><CSChapterCode>CH4005641</CSChapterCode><CSChapterName>Smart Interaction</CSChapterName><CSChapterRank>3</CSChapterRank><CSItem><CSItemCode>IT4027732</CSItemCode><CSItemName>User interaction</CSItemName><CSItemRank>1</CSItemRank><CSItemIsFreeFormat>0</CSItemIsFreeFormat><CSValue><CSValueCode>VA4065062</CSValueCode><CSValueName>SimplyShare</CSValueName><CSValueRank>1</CSValueRank></CSValue><CSValue><CSValueCode>VA4065064</CSValueCode><CSValueName>Wi-fi Miracast Certified*</CSValueName><CSValueRank>2</CSValueRank></CSValue><CSValue><CSValueCode>VA4065063</CSValueCode><CSValueName>Wifi integrated</CSValueName><CSValueRank>3</CSValueRank></CSValue><CSValue><CSValueCode>VA4067043</CSValueCode><CSValueName>MultiRoom Client*</CSValueName><CSValueRank>4</CSValueRank></CSValue><CSValue><CSValueCode>VA4067618</CSValueCode><CSValueName>PC In Monitor</CSValueName><CSValueRank>5</CSValueRank></CSValue></CSItem><CSItem><CSItemCode>IT4027734</CSItemCode><CSItemName>Program</CSItemName><CSItemRank>2</CSItemRank><CSItemIsFreeFormat>0</CSItemIsFreeFormat><CSValue><CSValueCode>VA4065069</CSValueCode><CSValueName>Pause TV</CSValueName><CSValueRank>1</CSValueRank></CSValue><CSValue><CSValueCode>VA4065070</CSValueCode><CSValueName>USB Recording*</CSValueName><CSValueRank>2</CSValueRank></CSValue></CSItem><CSItem><CSItemCode>IT4027739</CSItemCode><CSItemName>Ease of Installation</CSItemName><CSItemRank>3</CSItemRank><CSItemIsFreeFormat>0</CSItemIsFreeFormat><CSValue><CSValueCode>VA4065087</CSValueCode><CSValueName>Auto detect Philips devices</CSValueName><CSValueRank>1</CSValueRank></CSValue><CSValue><CSValueCode>VA4065088</CSValueCode><CSValueName>Device connection wizard</CSValueName><CSValueRank>2</CSValueRank></CSValue><CSValue><CSValueCode>VA4065089</CSValueCode><CSValueName>Network installation wizard</CSValueName><CSValueRank>3</CSValueRank></CSValue><CSValue><CSValueCode>VA4065090</CSValueCode><CSValueName>Settings assistant wizard</CSValueName><CSValueRank>4</CSValueRank></CSValue></CSItem><CSItem><CSItemCode>IT4027740</CSItemCode><CSItemName>Ease of Use</CSItemName><CSItemRank>4</CSItemRank><CSItemIsFreeFormat>0</CSItemIsFreeFormat><CSValue><CSValueCode>VA4065091</CSValueCode><CSValueName>One-stop Home button</CSValueName><CSValueRank>1</CSValueRank></CSValue><CSValue><CSValueCode>VA4065092</CSValueCode><CSValueName>Onscreen Usermanual</CSValueName><CSValueRank>2</CSValueRank></CSValue></CSItem><CSItem><CSItemCode>IT4027741</CSItemCode><CSItemName>Firmware upgradeable</CSItemName><CSItemRank>5</CSItemRank><CSItemIsFreeFormat>0</CSItemIsFreeFormat><CSValue><CSValueCode>VA4065093</CSValueCode><CSValueName>Firmware auto upgrade wizard</CSValueName><CSValueRank>1</CSValueRank></CSValue><CSValue><CSValueCode>VA4065094</CSValueCode><CSValueName>Firmware upgradeable via USB</CSValueName><CSValueRank>2</CSValueRank></CSValue><CSValue><CSValueCode>VA4065095</CSValueCode><CSValueName>Online firmware upgrade</CSValueName><CSValueRank>3</CSValueRank></CSValue></CSItem><CSItem><CSItemCode>IT4027742</CSItemCode><CSItemName>Screen Format Adjustments</CSItemName><CSItemRank>6</CSItemRank><CSItemIsFreeFormat>0</CSItemIsFreeFormat><CSValue><CSValueCode>VA4065096</CSValueCode><CSValueName>Autofill</CSValueName><CSValueRank>1</CSValueRank></CSValue><CSValue><CSValueCode>VA4065097</CSValueCode><CSValueName>Autozoom</CSValueName><CSValueRank>2</CSValueRank></CSValue><CSValue><CSValueCode>VA4065098</CSValueCode><CSValueName>Movie expand 16:9</CSValueName><CSValueRank>3</CSValueRank></CSValue><CSValue><CSValueCode>VA4065099</CSValueCode><CSValueName>Super Zoom</CSValueName><CSValueRank>4</CSValueRank></CSValue><CSValue><CSValueCode>VA4065100</CSValueCode><CSValueName>Unscaled</CSValueName><CSValueRank>5</CSValueRank></CSValue><CSValue><CSValueCode>VA4065101</CSValueCode><CSValueName>Widescreen</CSValueName><CSValueRank>6</CSValueRank></CSValue></CSItem><CSItem><CSItemCode>IT4027743</CSItemCode><CSItemName>Signal strength indication</CSItemName><CSItemRank>7</CSItemRank><CSItemIsFreeFormat>0</CSItemIsFreeFormat><CSValue><CSValueCode>VA4065102</CSValueCode><CSValueName>Yes</CSValueName><CSValueRank>1</CSValueRank></CSValue></CSItem><CSItem><CSItemCode>IT4027744</CSItemCode><CSItemName>Teletext</CSItemName><CSItemRank>8</CSItemRank><CSItemIsFreeFormat>0</CSItemIsFreeFormat><CSValue><CSValueCode>VA4065628</CSValueCode><CSValueName>1000 page Smart Text</CSValueName><CSValueRank>1</CSValueRank></CSValue></CSItem><CSItem><CSItemCode>IT4027791</CSItemCode><CSItemName>My Remote App*</CSItemName><CSItemRank>9</CSItemRank><CSItemIsFreeFormat>0</CSItemIsFreeFormat><CSValue><CSValueCode>VA4065181</CSValueCode><CSValueName>Control</CSValueName><CSValueRank>1</CSValueRank></CSValue><CSValue><CSValueCode>VA4065184</CSValueCode><CSValueName>MyRemote Recording</CSValueName><CSValueRank>2</CSValueRank></CSValue><CSValue><CSValueCode>VA4065182</CSValueCode><CSValueName>Simply Share</CSValueName><CSValueRank>3</CSValueRank></CSValue><CSValue><CSValueCode>VA4065183</CSValueCode><CSValueName>TV Guide</CSValueName><CSValueRank>4</CSValueRank></CSValue></CSItem></CSChapter><CSChapter><CSChapterCode>3000799</CSChapterCode><CSChapterName>Sound</CSChapterName><CSChapterRank>4</CSChapterRank><CSItem><CSItemCode>3006270</CSItemCode><CSItemName>Output power (RMS)</CSItemName><CSItemRank>1</CSItemRank><CSItemIsFreeFormat>1</CSItemIsFreeFormat><CSValue><CSValueCode>3031400</CSValueCode><CSValueName>20W</CSValueName><CSValueRank>1</CSValueRank></CSValue></CSItem><CSItem><CSItemCode>3006277</CSItemCode><CSItemName>Sound Enhancement</CSItemName><CSItemRank>2</CSItemRank><CSItemIsFreeFormat>0</CSItemIsFreeFormat><CSValue><CSValueCode>3031412</CSValueCode><CSValueName>Auto Volume Leveller</CSValueName><CSValueRank>1</CSValueRank></CSValue><CSValue><CSValueCode>VA4021459</CSValueCode><CSValueName>Clear Sound</CSValueName><CSValueRank>2</CSValueRank></CSValue><CSValue><CSValueCode>3031432</CSValueCode><CSValueName>Incredible Surround</CSValueName><CSValueRank>3</CSValueRank></CSValue></CSItem></CSChapter><CSChapter><CSChapterCode>3000813</CSChapterCode><CSChapterName>Connectivity</CSChapterName><CSChapterRank>5</CSChapterRank><CSItem><CSItemCode>IT4006781</CSItemCode><CSItemName>Number of HDMI connections</CSItemName><CSItemRank>1</CSItemRank><CSItemIsFreeFormat>0</CSItemIsFreeFormat><CSValue><CSValueCode>VA4018287</CSValueCode><CSValueName>3</CSValueName><CSValueRank>1</CSValueRank></CSValue></CSItem><CSItem><CSItemCode>IT4015985</CSItemCode><CSItemName>Number of component in (YPbPr)</CSItemName><CSItemRank>2</CSItemRank><CSItemIsFreeFormat>0</CSItemIsFreeFormat><CSValue><CSValueCode>VA4032424</CSValueCode><CSValueName>1</CSValueName><CSValueRank>1</CSValueRank></CSValue></CSItem><CSItem><CSItemCode>IT4015982</CSItemCode><CSItemName>Number of scarts (RGB/CVBS)</CSItemName><CSItemRank>3</CSItemRank><CSItemIsFreeFormat>0</CSItemIsFreeFormat><CSValue><CSValueCode>VA4032420</CSValueCode><CSValueName>1</CSValueName><CSValueRank>1</CSValueRank></CSValue></CSItem><CSItem><CSItemCode>IT4015984</CSItemCode><CSItemName>Number of USBs</CSItemName><CSItemRank>4</CSItemRank><CSItemIsFreeFormat>0</CSItemIsFreeFormat><CSValue><CSValueCode>VA4032422</CSValueCode><CSValueName>2</CSValueName><CSValueRank>1</CSValueRank></CSValue></CSItem><CSItem><CSItemCode>3006591</CSItemCode><CSItemName>Wireless connections</CSItemName><CSItemRank>5</CSItemRank><CSItemIsFreeFormat>0</CSItemIsFreeFormat><CSValue><CSValueCode>VA4065508</CSValueCode><CSValueName>Integrated Wi-Fi 11n</CSValueName><CSValueRank>1</CSValueRank></CSValue></CSItem><CSItem><CSItemCode>3006573</CSItemCode><CSItemName>Other connections</CSItemName><CSItemRank>6</CSItemRank><CSItemIsFreeFormat>0</CSItemIsFreeFormat><CSValue><CSValueCode>3032285</CSValueCode><CSValueName>Antenna IEC75</CSValueName><CSValueRank>1</CSValueRank></CSValue><CSValue><CSValueCode>VA4080678</CSValueCode><CSValueName>CI+1.3 certified</CSValueName><CSValueRank>1</CSValueRank></CSValue><CSValue><CSValueCode>VA4019747</CSValueCode><CSValueName>Common Interface Plus (CI+)</CSValueName><CSValueRank>2</CSValueRank></CSValue><CSValue><CSValueCode>VA4022502</CSValueCode><CSValueName>Ethernet-LAN RJ-45</CSValueName><CSValueRank>3</CSValueRank></CSValue><CSValue><CSValueCode>VA4001121</CSValueCode><CSValueName>Headphone out</CSValueName><CSValueRank>4</CSValueRank></CSValue><CSValue><CSValueCode>VA4032429</CSValueCode><CSValueName>Digital audio out (coaxial)</CSValueName><CSValueRank>5</CSValueRank></CSValue><CSValue><CSValueCode>VA4067670</CSValueCode><CSValueName>Satellite Connector</CSValueName><CSValueRank>6</CSValueRank></CSValue></CSItem><CSItem><CSItemCode>IT4001801</CSItemCode><CSItemName>HDMI features</CSItemName><CSItemRank>7</CSItemRank><CSItemIsFreeFormat>0</CSItemIsFreeFormat><CSValue><CSValueCode>VA4021426</CSValueCode><CSValueName>Audio Return Channel</CSValueName><CSValueRank>1</CSValueRank></CSValue></CSItem><CSItem><CSItemCode>IT4001802</CSItemCode><CSItemName>EasyLink (HDMI-CEC)</CSItemName><CSItemRank>8</CSItemRank><CSItemIsFreeFormat>0</CSItemIsFreeFormat><CSValue><CSValueCode>VA4006305</CSValueCode><CSValueName>Remote control pass-through</CSValueName><CSValueRank>1</CSValueRank></CSValue><CSValue><CSValueCode>VA4006303</CSValueCode><CSValueName>System audio control</CSValueName><CSValueRank>2</CSValueRank></CSValue><CSValue><CSValueCode>VA4004662</CSValueCode><CSValueName>System standby</CSValueName><CSValueRank>3</CSValueRank></CSValue><CSValue><CSValueCode>VA4027104</CSValueCode><CSValueName>Plug &amp; play add to Homescreen</CSValueName><CSValueRank>4</CSValueRank></CSValue><CSValue><CSValueCode>VA4027105</CSValueCode><CSValueName>Auto subtitle shift (Philips)</CSValueName><CSValueRank>5</CSValueRank></CSValue><CSValue><CSValueCode>VA4006306</CSValueCode><CSValueName>Pixel Plus link (Philips)</CSValueName><CSValueRank>6</CSValueRank></CSValue><CSValue><CSValueCode>VA4004661</CSValueCode><CSValueName>One touch play</CSValueName><CSValueRank>7</CSValueRank></CSValue></CSItem></CSChapter><CSChapter><CSChapterCode>3000811</CSChapterCode><CSChapterName>Multimedia Applications</CSChapterName><CSChapterRank>6</CSChapterRank><CSItem><CSItemCode>IT4008764</CSItemCode><CSItemName>Video Playback Formats</CSItemName><CSItemRank>1</CSItemRank><CSItemIsFreeFormat>0</CSItemIsFreeFormat><CSValue><CSValueCode>VA4021454</CSValueCode><CSValueName>Containers: AVI, MKV</CSValueName><CSValueRank>1</CSValueRank></CSValue><CSValue><CSValueCode>VA4021455</CSValueCode><CSValueName>H264/MPEG-4 AVC</CSValueName><CSValueRank>2</CSValueRank></CSValue><CSValue><CSValueCode>VA4021451</CSValueCode><CSValueName>MPEG-1</CSValueName><CSValueRank>3</CSValueRank></CSValue><CSValue><CSValueCode>VA4021452</CSValueCode><CSValueName>MPEG-2</CSValueName><CSValueRank>4</CSValueRank></CSValue><CSValue><CSValueCode>VA4021453</CSValueCode><CSValueName>MPEG-4</CSValueName><CSValueRank>5</CSValueRank></CSValue><CSValue><CSValueCode>VA4021456</CSValueCode><CSValueName>WMV9/VC1</CSValueName><CSValueRank>6</CSValueRank></CSValue></CSItem><CSItem><CSItemCode>IT4008762</CSItemCode><CSItemName>Music Playback Formats</CSItemName><CSItemRank>2</CSItemRank><CSItemIsFreeFormat>0</CSItemIsFreeFormat><CSValue><CSValueCode>VA4021478</CSValueCode><CSValueName>AAC</CSValueName><CSValueRank>1</CSValueRank></CSValue><CSValue><CSValueCode>VA4021448</CSValueCode><CSValueName>MP3</CSValueName><CSValueRank>2</CSValueRank></CSValue><CSValue><CSValueCode>VA4021450</CSValueCode><CSValueName>WMA (v2 up to v9.2)</CSValueName><CSValueRank>3</CSValueRank></CSValue></CSItem><CSItem><CSItemCode>IT4008763</CSItemCode><CSItemName>Picture Playback Formats</CSItemName><CSItemRank>3</CSItemRank><CSItemIsFreeFormat>0</CSItemIsFreeFormat><CSValue><CSValueCode>VA4021449</CSValueCode><CSValueName>JPEG</CSValueName><CSValueRank>1</CSValueRank></CSValue></CSItem></CSChapter><CSChapter><CSChapterCode>3000797</CSChapterCode><CSChapterName>Supported Display Resolution</CSChapterName><CSChapterRank>7</CSChapterRank><CSItem><CSItemCode>IT4009352</CSItemCode><CSItemName>Computer inputs</CSItemName><CSItemRank>1</CSItemRank><CSItemIsFreeFormat>0</CSItemIsFreeFormat><CSValue><CSValueCode>VA4022503</CSValueCode><CSValueName>up to 1920x1080 @ 60Hz</CSValueName><CSValueRank>1</CSValueRank></CSValue></CSItem><CSItem><CSItemCode>IT4009351</CSItemCode><CSItemName>Video inputs</CSItemName><CSItemRank>2</CSItemRank><CSItemIsFreeFormat>0</CSItemIsFreeFormat><CSValue><CSValueCode>VA4022494</CSValueCode><CSValueName>24, 25, 30, 50, 60 Hz</CSValueName><CSValueRank>1</CSValueRank></CSValue><CSValue><CSValueCode>VA4022493</CSValueCode><CSValueName>up to 1920x1080p</CSValueName><CSValueRank>2</CSValueRank></CSValue></CSItem></CSChapter><CSChapter><CSChapterCode>3000812</CSChapterCode><CSChapterName>Tuner/Reception/Transmission</CSChapterName><CSChapterRank>8</CSChapterRank><CSItem><CSItemCode>3007491</CSItemCode><CSItemName>Digital TV</CSItemName><CSItemRank>1</CSItemRank><CSItemIsFreeFormat>0</CSItemIsFreeFormat><CSValue><CSValueCode>VA4067047</CSValueCode><CSValueName>DVB-T/C/S/S2</CSValueName><CSValueRank>1</CSValueRank></CSValue></CSItem><CSItem><CSItemCode>3006515</CSItemCode><CSItemName>Video Playback</CSItemName><CSItemRank>2</CSItemRank><CSItemIsFreeFormat>0</CSItemIsFreeFormat><CSValue><CSValueCode>3032144</CSValueCode><CSValueName>NTSC</CSValueName><CSValueRank>1</CSValueRank></CSValue><CSValue><CSValueCode>3032145</CSValueCode><CSValueName>PAL</CSValueName><CSValueRank>2</CSValueRank></CSValue><CSValue><CSValueCode>3032146</CSValueCode><CSValueName>SECAM</CSValueName><CSValueRank>3</CSValueRank></CSValue></CSItem><CSItem><CSItemCode>IT4028192</CSItemCode><CSItemName>MPEG Support</CSItemName><CSItemRank>3</CSItemRank><CSItemIsFreeFormat>0</CSItemIsFreeFormat><CSValue><CSValueCode>VA4065926</CSValueCode><CSValueName>MPEG2</CSValueName><CSValueRank>1</CSValueRank></CSValue><CSValue><CSValueCode>VA4065927</CSValueCode><CSValueName>MPEG4</CSValueName><CSValueRank>2</CSValueRank></CSValue></CSItem></CSChapter><CSChapter><CSChapterCode>3000821</CSChapterCode><CSChapterName>Power</CSChapterName><CSChapterRank>9</CSChapterRank><CSItem><CSItemCode>3007003</CSItemCode><CSItemName>Mains power</CSItemName><CSItemRank>1</CSItemRank><CSItemIsFreeFormat>1</CSItemIsFreeFormat><CSValue><CSValueCode>3033675</CSValueCode><CSValueName>AC 220 - 240 V 50/60Hz</CSValueName><CSValueRank>1</CSValueRank></CSValue></CSItem><CSItem><CSItemCode>4000081</CSItemCode><CSItemName>Ambient temperature</CSItemName><CSItemRank>2</CSItemRank><CSItemIsFreeFormat>0</CSItemIsFreeFormat><CSValue><CSValueCode>VA4002861</CSValueCode><CSValueName>5 °C to 35 °C</CSValueName><CSValueRank>1</CSValueRank></CSValue></CSItem><CSItem><CSItemCode>IT4015354</CSItemCode><CSItemName>Energy Label Class</CSItemName><CSItemRank>3</CSItemRank><CSItemIsFreeFormat>0</CSItemIsFreeFormat><CSValue><CSValueCode>VA4030805</CSValueCode><CSValueName>A+</CSValueName><CSValueRank>1</CSValueRank></CSValue></CSItem><CSItem><CSItemCode>IT4016791</CSItemCode><CSItemName>Eu Energy Label power</CSItemName><CSItemRank>4</CSItemRank><CSItemIsFreeFormat>1</CSItemIsFreeFormat><CSValue><CSValueCode>VA4033965</CSValueCode><CSValueName>47</CSValueName><CSValueRank>1</CSValueRank></CSValue><UnitOfMeasure><UnitOfMeasureCode>3000072</UnitOfMeasureCode><UnitOfMeasureName>watt</UnitOfMeasureName><UnitOfMeasureSymbol>W</UnitOfMeasureSymbol></UnitOfMeasure></CSItem><CSItem><CSItemCode>IT4013218</CSItemCode><CSItemName>Annual energy consumption</CSItemName><CSItemRank>5</CSItemRank><CSItemIsFreeFormat>1</CSItemIsFreeFormat><CSValue><CSValueCode>VA4025546</CSValueCode><CSValueName>69</CSValueName><CSValueRank>1</CSValueRank></CSValue><UnitOfMeasure><UnitOfMeasureCode>4000161</UnitOfMeasureCode><UnitOfMeasureName>kilowatt hour</UnitOfMeasureName><UnitOfMeasureSymbol>kW·h</UnitOfMeasureSymbol></UnitOfMeasure></CSItem><CSItem><CSItemCode>3007001</CSItemCode><CSItemName>Standby power consumption</CSItemName><CSItemRank>6</CSItemRank><CSItemIsFreeFormat>1</CSItemIsFreeFormat><CSValue><CSValueCode>3033673</CSValueCode><CSValueName>&lt; 0.3 W</CSValueName><CSValueRank>1</CSValueRank></CSValue></CSItem><CSItem><CSItemCode>IT4008765</CSItemCode><CSItemName>Power Saving Features</CSItemName><CSItemRank>7</CSItemRank><CSItemIsFreeFormat>0</CSItemIsFreeFormat><CSValue><CSValueCode>VA4021464</CSValueCode><CSValueName>Auto switch-off timer</CSValueName><CSValueRank>1</CSValueRank></CSValue><CSValue><CSValueCode>VA4021461</CSValueCode><CSValueName>Eco mode</CSValueName><CSValueRank>2</CSValueRank></CSValue><CSValue><CSValueCode>VA4021463</CSValueCode><CSValueName>Picture mute (for radio)</CSValueName><CSValueRank>3</CSValueRank></CSValue></CSItem><CSItem><CSItemCode>IT4009431</CSItemCode><CSItemName>Off mode power consumption</CSItemName><CSItemRank>8</CSItemRank><CSItemIsFreeFormat>1</CSItemIsFreeFormat><CSValue><CSValueCode>VA4022642</CSValueCode><CSValueName>&lt; 0.3</CSValueName><CSValueRank>1</CSValueRank></CSValue><UnitOfMeasure><UnitOfMeasureCode>3000072</UnitOfMeasureCode><UnitOfMeasureName>watt</UnitOfMeasureName><UnitOfMeasureSymbol>W</UnitOfMeasureSymbol></UnitOfMeasure></CSItem></CSChapter><CSChapter><CSChapterCode>3000820</CSChapterCode><CSChapterName>Dimensions</CSChapterName><CSChapterRank>10</CSChapterRank><CSItem><CSItemCode>3006819</CSItemCode><CSItemName>Box depth</CSItemName><CSItemRank>1</CSItemRank><CSItemIsFreeFormat>1</CSItemIsFreeFormat><CSValue><CSValueCode>3033147</CSValueCode><CSValueName>133</CSValueName><CSValueRank>1</CSValueRank></CSValue><UnitOfMeasure><UnitOfMeasureCode>3000058</UnitOfMeasureCode><UnitOfMeasureName>millimeter</UnitOfMeasureName><UnitOfMeasureSymbol>mm</UnitOfMeasureSymbol></UnitOfMeasure></CSItem><CSItem><CSItemCode>3006820</CSItemCode><CSItemName>Box height</CSItemName><CSItemRank>2</CSItemRank><CSItemIsFreeFormat>1</CSItemIsFreeFormat><CSValue><CSValueCode>3033148</CSValueCode><CSValueName>625</CSValueName><CSValueRank>1</CSValueRank></CSValue><UnitOfMeasure><UnitOfMeasureCode>3000058</UnitOfMeasureCode><UnitOfMeasureName>millimeter</UnitOfMeasureName><UnitOfMeasureSymbol>mm</UnitOfMeasureSymbol></UnitOfMeasure></CSItem><CSItem><CSItemCode>3006821</CSItemCode><CSItemName>Box width</CSItemName><CSItemRank>3</CSItemRank><CSItemIsFreeFormat>1</CSItemIsFreeFormat><CSValue><CSValueCode>3033149</CSValueCode><CSValueName>970</CSValueName><CSValueRank>1</CSValueRank></CSValue><UnitOfMeasure><UnitOfMeasureCode>3000058</UnitOfMeasureCode><UnitOfMeasureName>millimeter</UnitOfMeasureName><UnitOfMeasureSymbol>mm</UnitOfMeasureSymbol></UnitOfMeasure></CSItem><CSItem><CSItemCode>3006881</CSItemCode><CSItemName>Set Depth</CSItemName><CSItemRank>4</CSItemRank><CSItemIsFreeFormat>1</CSItemIsFreeFormat><CSValue><CSValueCode>3033216</CSValueCode><CSValueName>40.5</CSValueName><CSValueRank>1</CSValueRank></CSValue><UnitOfMeasure><UnitOfMeasureCode>3000058</UnitOfMeasureCode><UnitOfMeasureName>millimeter</UnitOfMeasureName><UnitOfMeasureSymbol>mm</UnitOfMeasureSymbol></UnitOfMeasure></CSItem><CSItem><CSItemCode>3006882</CSItemCode><CSItemName>Set Height</CSItemName><CSItemRank>5</CSItemRank><CSItemIsFreeFormat>1</CSItemIsFreeFormat><CSValue><CSValueCode>3033217</CSValueCode><CSValueName>537</CSValueName><CSValueRank>1</CSValueRank></CSValue><UnitOfMeasure><UnitOfMeasureCode>3000058</UnitOfMeasureCode><UnitOfMeasureName>millimeter</UnitOfMeasureName><UnitOfMeasureSymbol>mm</UnitOfMeasureSymbol></UnitOfMeasure></CSItem><CSItem><CSItemCode>3006884</CSItemCode><CSItemName>Set Width</CSItemName><CSItemRank>6</CSItemRank><CSItemIsFreeFormat>1</CSItemIsFreeFormat><CSValue><CSValueCode>3033219</CSValueCode><CSValueName>891</CSValueName><CSValueRank>1</CSValueRank></CSValue><UnitOfMeasure><UnitOfMeasureCode>3000058</UnitOfMeasureCode><UnitOfMeasureName>millimeter</UnitOfMeasureName><UnitOfMeasureSymbol>mm</UnitOfMeasureSymbol></UnitOfMeasure></CSItem><CSItem><CSItemCode>3010079</CSItemCode><CSItemName>Set depth (with stand)</CSItemName><CSItemRank>7</CSItemRank><CSItemIsFreeFormat>1</CSItemIsFreeFormat><CSValue><CSValueCode>3045265</CSValueCode><CSValueName>190</CSValueName><CSValueRank>1</CSValueRank></CSValue><UnitOfMeasure><UnitOfMeasureCode>3000058</UnitOfMeasureCode><UnitOfMeasureName>millimeter</UnitOfMeasureName><UnitOfMeasureSymbol>mm</UnitOfMeasureSymbol></UnitOfMeasure></CSItem><CSItem><CSItemCode>3010080</CSItemCode><CSItemName>Set height (with stand)</CSItemName><CSItemRank>8</CSItemRank><CSItemIsFreeFormat>1</CSItemIsFreeFormat><CSValue><CSValueCode>3045266</CSValueCode><CSValueName>584</CSValueName><CSValueRank>1</CSValueRank></CSValue><UnitOfMeasure><UnitOfMeasureCode>3000058</UnitOfMeasureCode><UnitOfMeasureName>millimeter</UnitOfMeasureName><UnitOfMeasureSymbol>mm</UnitOfMeasureSymbol></UnitOfMeasure></CSItem><CSItem><CSItemCode>3010081</CSItemCode><CSItemName>Set width (with stand)</CSItemName><CSItemRank>9</CSItemRank><CSItemIsFreeFormat>1</CSItemIsFreeFormat><CSValue><CSValueCode>3045267</CSValueCode><CSValueName>891</CSValueName><CSValueRank>1</CSValueRank></CSValue><UnitOfMeasure><UnitOfMeasureCode>3000058</UnitOfMeasureCode><UnitOfMeasureName>millimeter</UnitOfMeasureName><UnitOfMeasureSymbol>mm</UnitOfMeasureSymbol></UnitOfMeasure></CSItem><CSItem><CSItemCode>3006873</CSItemCode><CSItemName>Product weight</CSItemName><CSItemRank>10</CSItemRank><CSItemIsFreeFormat>1</CSItemIsFreeFormat><CSValue><CSValueCode>3033208</CSValueCode><CSValueName>10</CSValueName><CSValueRank>1</CSValueRank></CSValue><UnitOfMeasure><UnitOfMeasureCode>3000049</UnitOfMeasureCode><UnitOfMeasureName>kilogram</UnitOfMeasureName><UnitOfMeasureSymbol>kg</UnitOfMeasureSymbol></UnitOfMeasure></CSItem><CSItem><CSItemCode>3010611</CSItemCode><CSItemName>Product weight (+stand)</CSItemName><CSItemRank>11</CSItemRank><CSItemIsFreeFormat>1</CSItemIsFreeFormat><CSValue><CSValueCode>3047710</CSValueCode><CSValueName>12</CSValueName><CSValueRank>1</CSValueRank></CSValue><UnitOfMeasure><UnitOfMeasureCode>3000049</UnitOfMeasureCode><UnitOfMeasureName>kilogram</UnitOfMeasureName><UnitOfMeasureSymbol>kg</UnitOfMeasureSymbol></UnitOfMeasure></CSItem><CSItem><CSItemCode>IT4009591</CSItemCode><CSItemName>Compatible wall mount</CSItemName><CSItemRank>12</CSItemRank><CSItemIsFreeFormat>0</CSItemIsFreeFormat><CSValue><CSValueCode>VA4022941</CSValueCode><CSValueName>200 x 200mm</CSValueName><CSValueRank>1</CSValueRank></CSValue></CSItem><CSItem><CSItemCode>3006911</CSItemCode><CSItemName>Weight incl. Packaging</CSItemName><CSItemRank>13</CSItemRank><CSItemIsFreeFormat>1</CSItemIsFreeFormat><CSValue><CSValueCode>3033246</CSValueCode><CSValueName>14.1</CSValueName><CSValueRank>1</CSValueRank></CSValue><UnitOfMeasure><UnitOfMeasureCode>3000049</UnitOfMeasureCode><UnitOfMeasureName>kilogram</UnitOfMeasureName><UnitOfMeasureSymbol>kg</UnitOfMeasureSymbol></UnitOfMeasure></CSItem></CSChapter><CSChapter><CSChapterCode>3000815</CSChapterCode><CSChapterName>Accessories</CSChapterName><CSChapterRank>11</CSChapterRank><CSItem><CSItemCode>3006778</CSItemCode><CSItemName>Included accessories</CSItemName><CSItemRank>1</CSItemRank><CSItemIsFreeFormat>0</CSItemIsFreeFormat><CSValue><CSValueCode>3033554</CSValueCode><CSValueName>Power cord</CSValueName><CSValueRank>1</CSValueRank></CSValue><CSValue><CSValueCode>3033001</CSValueCode><CSValueName>Remote Control</CSValueName><CSValueRank>2</CSValueRank></CSValue><CSValue><CSValueCode>3047451</CSValueCode><CSValueName>2 x AAA Batteries</CSValueName><CSValueRank>3</CSValueRank></CSValue><CSValue><CSValueCode>3033561</CSValueCode><CSValueName>Quick start guide</CSValueName><CSValueRank>4</CSValueRank></CSValue><CSValue><CSValueCode>VA4015925</CSValueCode><CSValueName>Legal and safety brochure</CSValueName><CSValueRank>5</CSValueRank></CSValue><CSValue><CSValueCode>3047454</CSValueCode><CSValueName>Warranty Leaflet</CSValueName><CSValueRank>6</CSValueRank></CSValue><CSValue><CSValueCode>3033021</CSValueCode><CSValueName>Table top stand</CSValueName><CSValueRank>7</CSValueRank></CSValue></CSItem></CSChapter><Filters><Purpose type="Comparison"><Features><Feature code="F400051221" rank="1" referenceName="Skype™ TV video calls*"/><Feature code="F400051210" rank="2" referenceName="Integrated Wi-Fi (2013)"/><Feature code="F400051215" rank="3" referenceName="Smart TV online apps"/><Feature code="F400051220" rank="4" referenceName="SimplyShare TV (2013)"/><Feature code="F400051192" rank="5" referenceName="Full HD LED TV (2013)"/><Feature code="F400051141" rank="6" referenceName="200Hz PMR (2013)"/><Feature code="F400051180" rank="7" referenceName="Digital Crystal Clear (2013)"/><Feature code="F400051157" rank="8" referenceName="Two USB (photos, music, video)"/><Feature code="F400051152" rank="9" referenceName="Three HDMI inputs with Easylink (2013)"/><Feature code="F400051166" rank="10" referenceName="20W RMS Incredible Surround (2013)"/><Feature code="F400054014" rank="11" referenceName="MyRemote (LATAM)*"/></Features><CSItems><CSItem code="IT4009349" rank="1" referenceName="Picture/Display - Display"/><CSItem code="IT4027735" rank="1" referenceName="Smart TV - Interactive TV"/><CSItem code="IT4027732" rank="1" referenceName="Smart Interaction - User interaction"/><CSItem code="3006270" rank="1" referenceName="Sound - Output power (RMS)"/><CSItem code="IT4006781" rank="1" referenceName="Connectivity - Number of HDMI connections"/><CSItem code="IT4008764" rank="1" referenceName="Multimedia Applications - Video Playback Formats"/><CSItem code="IT4009352" rank="1" referenceName="Supported Display Resolution - Computer inputs"/><CSItem code="3007491" rank="1" referenceName="Tuner/Reception/Transmission - Digital TV"/><CSItem code="3007003" rank="1" referenceName="Power - Mains power"/><CSItem code="3006819" rank="1" referenceName="Dimensions - Box depth"/><CSItem code="3006778" rank="1" referenceName="Accessories - Included accessories"/><CSItem code="3006140" rank="2" referenceName="Picture/Display - Diagonal screen size (metric)"/><CSItem code="IT4027737" rank="2" referenceName="Smart TV - SmartTV apps*"/><CSItem code="IT4027734" rank="2" referenceName="Smart Interaction - Program"/><CSItem code="3006277" rank="2" referenceName="Sound - Sound Enhancement"/><CSItem code="IT4015985" rank="2" referenceName="Connectivity - Number of component in (YPbPr)"/><CSItem code="IT4008762" rank="2" referenceName="Multimedia Applications - Music Playback Formats"/><CSItem code="IT4009351" rank="2" referenceName="Supported Display Resolution - Video inputs"/><CSItem code="3006515" rank="2" referenceName="Tuner/Reception/Transmission - Video Playback"/><CSItem code="4000081" rank="2" referenceName="Power - Ambient temperature"/><CSItem code="3006820" rank="2" referenceName="Dimensions - Box height"/><CSItem code="3006139" rank="3" referenceName="Picture/Display - Diagonal screen size (inch)"/><CSItem code="IT4027738" rank="3" referenceName="Smart TV - Social TV"/><CSItem code="IT4027739" rank="3" referenceName="Smart Interaction - Ease of Installation"/><CSItem code="IT4015982" rank="3" referenceName="Connectivity - Number of scarts (RGB/CVBS)"/><CSItem code="IT4008763" rank="3" referenceName="Multimedia Applications - Picture Playback Formats"/><CSItem code="IT4028192" rank="3" referenceName="Tuner/Reception/Transmission - MPEG Support"/><CSItem code="IT4015354" rank="3" referenceName="Power - Energy Label Class"/><CSItem code="3006821" rank="3" referenceName="Dimensions - Box width"/><CSItem code="3006177" rank="4" referenceName="Picture/Display - Panel resolution"/><CSItem code="IT4027736" rank="4" referenceName="Smart TV - TV programe guide*"/><CSItem code="IT4027740" rank="4" referenceName="Smart Interaction - Ease of Use"/><CSItem code="IT4015984" rank="4" referenceName="Connectivity - Number of USBs"/><CSItem code="IT4016791" rank="4" referenceName="Power - Eu Energy Label power"/><CSItem code="3006881" rank="4" referenceName="Dimensions - Set Depth"/><CSItem code="3006121" rank="5" referenceName="Picture/Display - Aspect ratio"/><CSItem code="IT4027741" rank="5" referenceName="Smart Interaction - Firmware upgradeable"/><CSItem code="3006591" rank="5" referenceName="Connectivity - Wireless connections"/><CSItem code="IT4013218" rank="5" referenceName="Power - Annual energy consumption"/><CSItem code="3006882" rank="5" referenceName="Dimensions - Set Height"/><CSItem code="3006127" rank="6" referenceName="Picture/Display - Brightness"/><CSItem code="IT4027742" rank="6" referenceName="Smart Interaction - Screen Format Adjustments"/><CSItem code="3006573" rank="6" referenceName="Connectivity - Other connections"/><CSItem code="3007001" rank="6" referenceName="Power - Standby power consumption"/><CSItem code="3006884" rank="6" referenceName="Dimensions - Set Width"/><CSItem code="3006183" rank="7" referenceName="Picture/Display - Picture enhancement"/><CSItem code="IT4027743" rank="7" referenceName="Smart Interaction - Signal strength indication"/><CSItem code="IT4001801" rank="7" referenceName="Connectivity - HDMI features"/><CSItem code="IT4008765" rank="7" referenceName="Power - Power Saving Features"/><CSItem code="3010079" rank="7" referenceName="Dimensions - Set depth (with stand)"/><CSItem code="IT4027744" rank="8" referenceName="Smart Interaction - Teletext"/><CSItem code="IT4001802" rank="8" referenceName="Connectivity - EasyLink (HDMI-CEC)"/><CSItem code="IT4009431" rank="8" referenceName="Power - Off mode power consumption"/><CSItem code="3010080" rank="8" referenceName="Dimensions - Set height (with stand)"/><CSItem code="IT4027791" rank="9" referenceName="Smart Interaction - My Remote App*"/><CSItem code="3010081" rank="9" referenceName="Dimensions - Set width (with stand)"/><CSItem code="3006873" rank="10" referenceName="Dimensions - Product weight"/><CSItem code="3010611" rank="11" referenceName="Dimensions - Product weight (+stand)"/><CSItem code="IT4009591" rank="12" referenceName="Dimensions - Compatible wall mount"/><CSItem code="3006911" rank="13" referenceName="Dimensions - Weight incl. Packaging"/></CSItems></Purpose><Purpose type="Detail"><Features><Feature code="F400051221" rank="1" referenceName="Skype™ TV video calls*"/><Feature code="F400051210" rank="2" referenceName="Integrated Wi-Fi (2013)"/><Feature code="F400051215" rank="3" referenceName="Smart TV online apps"/><Feature code="F400051220" rank="4" referenceName="SimplyShare TV (2013)"/><Feature code="F400051192" rank="5" referenceName="Full HD LED TV (2013)"/><Feature code="F400051141" rank="6" referenceName="200Hz PMR (2013)"/><Feature code="F400051180" rank="7" referenceName="Digital Crystal Clear (2013)"/><Feature code="F400051157" rank="8" referenceName="Two USB (photos, music, video)"/><Feature code="F400051152" rank="9" referenceName="Three HDMI inputs with Easylink (2013)"/><Feature code="F400051166" rank="10" referenceName="20W RMS Incredible Surround (2013)"/><Feature code="F400054014" rank="11" referenceName="MyRemote (LATAM)*"/></Features><CSItems><CSItem code="IT4009349" rank="1" referenceName="Picture/Display - Display"/><CSItem code="IT4027735" rank="1" referenceName="Smart TV - Interactive TV"/><CSItem code="IT4027732" rank="1" referenceName="Smart Interaction - User interaction"/><CSItem code="3006270" rank="1" referenceName="Sound - Output power (RMS)"/><CSItem code="IT4006781" rank="1" referenceName="Connectivity - Number of HDMI connections"/><CSItem code="IT4008764" rank="1" referenceName="Multimedia Applications - Video Playback Formats"/><CSItem code="IT4009352" rank="1" referenceName="Supported Display Resolution - Computer inputs"/><CSItem code="3007491" rank="1" referenceName="Tuner/Reception/Transmission - Digital TV"/><CSItem code="3007003" rank="1" referenceName="Power - Mains power"/><CSItem code="3006819" rank="1" referenceName="Dimensions - Box depth"/><CSItem code="3006778" rank="1" referenceName="Accessories - Included accessories"/><CSItem code="3006140" rank="2" referenceName="Picture/Display - Diagonal screen size (metric)"/><CSItem code="IT4027737" rank="2" referenceName="Smart TV - SmartTV apps*"/><CSItem code="IT4027734" rank="2" referenceName="Smart Interaction - Program"/><CSItem code="3006277" rank="2" referenceName="Sound - Sound Enhancement"/><CSItem code="IT4015985" rank="2" referenceName="Connectivity - Number of component in (YPbPr)"/><CSItem code="IT4008762" rank="2" referenceName="Multimedia Applications - Music Playback Formats"/><CSItem code="IT4009351" rank="2" referenceName="Supported Display Resolution - Video inputs"/><CSItem code="3006515" rank="2" referenceName="Tuner/Reception/Transmission - Video Playback"/><CSItem code="4000081" rank="2" referenceName="Power - Ambient temperature"/><CSItem code="3006820" rank="2" referenceName="Dimensions - Box height"/><CSItem code="3006139" rank="3" referenceName="Picture/Display - Diagonal screen size (inch)"/><CSItem code="IT4027738" rank="3" referenceName="Smart TV - Social TV"/><CSItem code="IT4027739" rank="3" referenceName="Smart Interaction - Ease of Installation"/><CSItem code="IT4015982" rank="3" referenceName="Connectivity - Number of scarts (RGB/CVBS)"/><CSItem code="IT4008763" rank="3" referenceName="Multimedia Applications - Picture Playback Formats"/><CSItem code="IT4028192" rank="3" referenceName="Tuner/Reception/Transmission - MPEG Support"/><CSItem code="IT4015354" rank="3" referenceName="Power - Energy Label Class"/><CSItem code="3006821" rank="3" referenceName="Dimensions - Box width"/><CSItem code="3006177" rank="4" referenceName="Picture/Display - Panel resolution"/><CSItem code="IT4027736" rank="4" referenceName="Smart TV - TV programe guide*"/><CSItem code="IT4027740" rank="4" referenceName="Smart Interaction - Ease of Use"/><CSItem code="IT4015984" rank="4" referenceName="Connectivity - Number of USBs"/><CSItem code="IT4016791" rank="4" referenceName="Power - Eu Energy Label power"/><CSItem code="3006881" rank="4" referenceName="Dimensions - Set Depth"/><CSItem code="3006121" rank="5" referenceName="Picture/Display - Aspect ratio"/><CSItem code="IT4027741" rank="5" referenceName="Smart Interaction - Firmware upgradeable"/><CSItem code="3006591" rank="5" referenceName="Connectivity - Wireless connections"/><CSItem code="IT4013218" rank="5" referenceName="Power - Annual energy consumption"/><CSItem code="3006882" rank="5" referenceName="Dimensions - Set Height"/><CSItem code="3006127" rank="6" referenceName="Picture/Display - Brightness"/><CSItem code="IT4027742" rank="6" referenceName="Smart Interaction - Screen Format Adjustments"/><CSItem code="3006573" rank="6" referenceName="Connectivity - Other connections"/><CSItem code="3007001" rank="6" referenceName="Power - Standby power consumption"/><CSItem code="3006884" rank="6" referenceName="Dimensions - Set Width"/><CSItem code="3006183" rank="7" referenceName="Picture/Display - Picture enhancement"/><CSItem code="IT4027743" rank="7" referenceName="Smart Interaction - Signal strength indication"/><CSItem code="IT4001801" rank="7" referenceName="Connectivity - HDMI features"/><CSItem code="IT4008765" rank="7" referenceName="Power - Power Saving Features"/><CSItem code="3010079" rank="7" referenceName="Dimensions - Set depth (with stand)"/><CSItem code="IT4027744" rank="8" referenceName="Smart Interaction - Teletext"/><CSItem code="IT4001802" rank="8" referenceName="Connectivity - EasyLink (HDMI-CEC)"/><CSItem code="IT4009431" rank="8" referenceName="Power - Off mode power consumption"/><CSItem code="3010080" rank="8" referenceName="Dimensions - Set height (with stand)"/><CSItem code="IT4027791" rank="9" referenceName="Smart Interaction - My Remote App*"/><CSItem code="3010081" rank="9" referenceName="Dimensions - Set width (with stand)"/><CSItem code="3006873" rank="10" referenceName="Dimensions - Product weight"/><CSItem code="3010611" rank="11" referenceName="Dimensions - Product weight (+stand)"/><CSItem code="IT4009591" rank="12" referenceName="Dimensions - Compatible wall mount"/><CSItem code="3006911" rank="13" referenceName="Dimensions - Weight incl. Packaging"/></CSItems></Purpose></Filters><FeatureCompareGroups/><Disclaimers><Disclaimer code="DIS40004321" rank="1" referenceName="MyRemote"><DisclaimerText>MyRemote app and related functionalities varies per TV model and country, as well as smart device model and OS. For more detail, please visit: www.philips.com/TV.</DisclaimerText><DisclaimElements/></Disclaimer><Disclaimer code="DIS40004342" rank="2" referenceName="Wi-Fi Miracst"><DisclaimerText>Compatibility depends on wifi miracast certification Android 4.2 or later. For more details please refer to your device documentation.</DisclaimerText><DisclaimElements/></Disclaimer><Disclaimer code="DIS40004404" rank="3" referenceName="8 days EPG"><DisclaimerText>EPG and actual visibility (up to 8 days) is country and operator dependent.</DisclaimerText><DisclaimElements/></Disclaimer><Disclaimer code="DIS40001802" rank="4" referenceName="Annual energy consumption"><DisclaimerText>Energy consumption in kWh per year, based on the power consumption of the television operating 4 hours per day for 365 days. The actual energy consumption will depend on how the television is used.</DisclaimerText><DisclaimElements/></Disclaimer><Disclaimer code="DIS40001441" rank="5" referenceName="DVB  disclaimer (2010)"><DisclaimerText>The TV supports DVB reception for 'Free to air' broadcast. Specific DVB operators may not be supported. An up to date list can be found in the FAQ section of the Philips support website. For some operators Conditional Access and subscripction are required. Contact your operator for more information.</DisclaimerText><DisclaimElements/></Disclaimer><Disclaimer code="DIS40004403" rank="6" referenceName="Skype camera"><DisclaimerText>Philips TV camera (PTA317) is sold separately.</DisclaimerText><DisclaimElements/></Disclaimer><Disclaimer code="DIS40004401" rank="7" referenceName="Smart TV Apps"><DisclaimerText>For smart TV app, visit www.philips.com/TV to discover the services offering in your country</DisclaimerText><DisclaimElements/></Disclaimer><Disclaimer code="DIS40004402" rank="8" referenceName="USB recording"><DisclaimerText>USB recording for digital channels only, recordings may be limited by broadcast copy protection (CI+). Country and channel restrictions may apply.</DisclaimerText><DisclaimElements/></Disclaimer></Disclaimers><AccessoryByPacked><AccessoryByPackedCode>ABPP_3033554</AccessoryByPackedCode><AccessoryByPackedReference>Power cord</AccessoryByPackedReference><AccessoryByPackedName>Power cord</AccessoryByPackedName><AccessoryByPackedRank>1</AccessoryByPackedRank></AccessoryByPacked><AccessoryByPacked><AccessoryByPackedCode>ABPP_3033001</AccessoryByPackedCode><AccessoryByPackedReference>Remote Control</AccessoryByPackedReference><AccessoryByPackedName>Remote Control</AccessoryByPackedName><AccessoryByPackedRank>2</AccessoryByPackedRank></AccessoryByPacked><AccessoryByPacked><AccessoryByPackedCode>ABPP_3047451</AccessoryByPackedCode><AccessoryByPackedReference>2 x AAA Batteries</AccessoryByPackedReference><AccessoryByPackedName>2 x AAA Batteries</AccessoryByPackedName><AccessoryByPackedRank>3</AccessoryByPackedRank></AccessoryByPacked><AccessoryByPacked><AccessoryByPackedCode>ABPP_3033561</AccessoryByPackedCode><AccessoryByPackedReference>Quick start guide</AccessoryByPackedReference><AccessoryByPackedName>Quick start guide</AccessoryByPackedName><AccessoryByPackedRank>4</AccessoryByPackedRank></AccessoryByPacked><AccessoryByPacked><AccessoryByPackedCode>ABPP_VA4015925</AccessoryByPackedCode><AccessoryByPackedReference>Legal and safety brochure</AccessoryByPackedReference><AccessoryByPackedName>Legal and safety brochure</AccessoryByPackedName><AccessoryByPackedRank>5</AccessoryByPackedRank></AccessoryByPacked><AccessoryByPacked><AccessoryByPackedCode>ABPP_3047454</AccessoryByPackedCode><AccessoryByPackedReference>Warranty Leaflet</AccessoryByPackedReference><AccessoryByPackedName>Warranty Leaflet</AccessoryByPackedName><AccessoryByPackedRank>6</AccessoryByPackedRank></AccessoryByPacked><AccessoryByPacked><AccessoryByPackedCode>ABPP_3033021</AccessoryByPackedCode><AccessoryByPackedReference>Table top stand</AccessoryByPackedReference><AccessoryByPackedName>Table top stand</AccessoryByPackedName><AccessoryByPackedRank>7</AccessoryByPackedRank></AccessoryByPacked><Award AwardType="global_highlight"><AwardCode>GA40011707</AwardCode><AwardName>Smart TV</AwardName><AwardDate>2013</AwardDate><AwardPlace>Global</AwardPlace><AwardDescription>Smart TV-a world of online apps, videos to rent and catch-up</AwardDescription><AwardAcknowledgement>Explore the boundaries that lie beyond traditional TV. Rent and stream movies, videos, games and more, directly onto your TV from online video stores. Watch catch-up TV from your favorite channels and enjoy a rich selection of online apps with Smart TV. Connect to family and friends with Skype™ or social networking. Or... just browse the Internet!</AwardAcknowledgement><AwardRank>1</AwardRank></Award><Award AwardType="global"><AwardCode>GA40011708</AwardCode><AwardName>Green Energy Label</AwardName><AwardDate>2013</AwardDate><AwardPlace>Global</AwardPlace><AwardDescription>Energy Class TPC</AwardDescription><AwardAcknowledgement>For many years Philips has pro-actively been working on the reduction of both on-mode and standby power consumption of its televisions and as a result most Philips televisions has achieved green EU energy labels in 2010. The greener the label, the lower the on-mode power consumption and the lower your energy bill and friendlier to the environment.</AwardAcknowledgement><AwardRank>5</AwardRank></Award><ProductReference ProductReferenceType="Accessory"><CTN>SQM6125/10</CTN><ProductReferenceRank>0</ProductReferenceRank></ProductReference><ProductReference ProductReferenceType="Accessory"><CTN>SQM6175/10</CTN><ProductReferenceRank>0</ProductReferenceRank></ProductReference><RichTexts/></Product></Products>