<?xml version="1.0" encoding="UTF-8"?><Products xmlns:source="http://apache.org/cocoon/source/1.0" DocStatus="approved" DocTimeStamp="2018-10-20T07:16:36"><Product IsAccessory="false" IsLocalized="true" IsMaster="true" lastModified="2018-10-05T00:42:17" masterLastModified="2018-10-05T00:35:25"><CTN>5047130P8</CTN><Code12NC>915005516801</Code12NC><GTIN>8718696164198</GTIN><MarketingVersion>2.0.2</MarketingVersion><MarketingStatus>Final Published</MarketingStatus><CRDate>2017-04-21</CRDate><CRDateYW>201716</CRDateYW><ModelYears><ModelYear>2017</ModelYear></ModelYears><ProductDivision><ProductDivisionCode>0100</ProductDivisionCode><ProductDivisionName>Lighting</ProductDivisionName><FormerPDCode>0100</FormerPDCode></ProductDivision><ProductOwner>Mihaela Mihaylova</ProductOwner><DTN>50471/30/P8</DTN><Catalog><StartOfPublication>2017-09-01T00:00:00</StartOfPublication><EndOfPublication>2300-01-01T00:00:00</EndOfPublication><StartOfSales>2017-09-01T00:00:00</StartOfSales><EndOfSales>2300-01-01T00:00:00</EndOfSales><DummyPrice/><Deleted>false</Deleted><DeleteAfterDate/><ProductRank>50</ProductRank></Catalog><FinancialCategorization><BusinessGroupCode>9021</BusinessGroupCode><BusinessGroupName>Home</BusinessGroupName><BusinessUnitCode>9159</BusinessUnitCode><BusinessUnitName>Home Luminaires</BusinessUnitName><MainArticleGroupCode>G77</MainArticleGroupCode><MainArticleGroupName>Build-on Spots</MainArticleGroupName><ArticleGroupCode>4915</ArticleGroupCode><ArticleGroupName>Build-On Spots - Single/Clip Spot</ArticleGroupName></FinancialCategorization><Categorization type="CONSUMER"><GroupCode>LIGHTING_GR</GroupCode><GroupName>Lighting</GroupName><CategoryCode>HUEWIRELESS_CA</CategoryCode><CategoryName>Hue</CategoryName><SubcategoryCode>LAMPS_SU</SubcategoryCode><SubcategoryName>Lamps</SubcategoryName></Categorization><Assets><Asset code="5047130P8" description="Leaflet" extension="pdf" lastModified="2018-10-16" locale="de_DE" number="001" type="PSS">http://download.p4c.philips.com/files/5/5047130p8/5047130p8_pss_deude.pdf</Asset><Asset code="5047130P8" description="Retail Trade Leaflet" extension="pdf" lastModified="2018-10-18" locale="de_DE" number="001" type="RTL">http://download.p4c.philips.com/files/5/5047130p8/5047130p8_rtl_deude.pdf</Asset><Asset code="5047130P8" description="Alternative product photograph 1 - highres 2196x1795" extension="tif" lastModified="2017-05-19" locale="global" number="001" type="A1P">http://images.philips.com/is/image/PhilipsConsumer/5047130P8-A1P-global-001</Asset><Asset code="5047130P8" description="Main in-use photograph - highres 2480x1462" extension="tif" lastModified="2018-03-26" locale="global" number="001" type="MI1">http://images.philips.com/is/image/PhilipsConsumer/5047130P8-MI1-global-001</Asset><Asset code="5047130P8" description="Packaging photograph - highres 1447x756" extension="tif" lastModified="2018-03-26" locale="global" number="001" type="PID">http://images.philips.com/is/image/PhilipsConsumer/5047130P8-PID-global-001</Asset><Asset code="5047130P8" description="Packaging photograph - master" extension="jpg" lastModified="2018-03-26" locale="global" number="001" type="PIM">http://download.p4c.philips.com/files/5/5047130p8/5047130p8_pim_.jpg</Asset><Asset code="5047130P8" description="Packaging photograph - small 90x65" extension="jpg" lastModified="2018-03-26" locale="global" number="001" type="PIS">http://download.p4c.philips.com/files/5/5047130p8/5047130p8_pis_.jpg</Asset><Asset code="5047130P8" description="Leaflet" extension="pdf" lastModified="2018-10-16" locale="global" number="001" type="PSS">http://download.p4c.philips.com/files/5/5047130p8/5047130p8_pss_.pdf</Asset><Asset code="5047130P8" description="Standard product photograph - highres 2196x1795" extension="tif" lastModified="2018-03-26" locale="global" number="001" type="RTP">http://images.philips.com/is/image/PhilipsConsumer/5047130P8-RTP-global-001</Asset><Asset code="5047130P8" description="Product In Use 1 - highres 2196x1795" extension="tif" lastModified="2018-04-04" locale="global" number="001" type="U1P">http://images.philips.com/is/image/PhilipsConsumer/5047130P8-U1P-global-001</Asset><Asset code="5047130P8" description="Single product shot" extension="" lastModified="2018-10-05" locale="" number="" type="IMS">http://images.philips.com/is/image/PhilipsConsumer/5047130P8-IMS-</Asset><Asset code="5047130P8" description="Product gallery image set" extension="" lastModified="2018-10-05" locale="" number="" type="GAL">http://images.philips.com/is/image/PhilipsConsumer/5047130P8-GAL-</Asset><Asset code="F400083545" description="Feature photograph - highres 2100x1170" extension="tif" lastModified="2017-07-13" locale="global" number="001" type="FIL">http://images.philips.com/is/image/PhilipsConsumer/F400083545-FIL-global-001</Asset><Asset code="F400083552" description="Feature photograph - highres 2100x1170" extension="tif" lastModified="2017-07-13" locale="global" number="001" type="FIL">http://images.philips.com/is/image/PhilipsConsumer/F400083552-FIL-global-001</Asset><Asset code="F400083553" description="Feature photograph - highres 2100x1170" extension="tif" lastModified="2017-07-13" locale="global" number="001" type="FIL">http://images.philips.com/is/image/PhilipsConsumer/F400083553-FIL-global-001</Asset><Asset code="F400083654" description="Feature photograph - highres 2100x1170" extension="tif" lastModified="2017-07-13" locale="global" number="001" type="FIL">http://images.philips.com/is/image/PhilipsConsumer/F400083654-FIL-global-001</Asset><Asset code="F400083655" description="Feature photograph - highres 2100x1170" extension="tif" lastModified="2017-07-13" locale="global" number="001" type="FIL">http://images.philips.com/is/image/PhilipsConsumer/F400083655-FIL-global-001</Asset><Asset code="F400083656" description="Feature photograph - highres 2100x1170" extension="tif" lastModified="2017-07-13" locale="global" number="001" type="FIL">http://images.philips.com/is/image/PhilipsConsumer/F400083656-FIL-global-001</Asset><Asset code="F400083658" description="Feature photograph - highres 2100x1170" extension="tif" lastModified="2017-07-13" locale="global" number="001" type="FIL">http://images.philips.com/is/image/PhilipsConsumer/F400083658-FIL-global-001</Asset><Asset code="F400083660" description="Feature photograph - highres 2100x1170" extension="tif" lastModified="2017-07-13" locale="global" number="001" type="FIL">http://images.philips.com/is/image/PhilipsConsumer/F400083660-FIL-global-001</Asset><Asset code="PHI" description="Brand logo - highres 1476x886" extension="tif" lastModified="2016-02-18" locale="global" number="001" type="BRP">http://images.philips.com/is/image/PhilipsConsumer/PHI-BRP-global-001</Asset></Assets><ProductName>Extension spotlight Buckram single spotlight ext.</ProductName><FullProductName>Philips Hue White ambiance Buckram single spotlight ext. 50471/30/P8 Extension spotlight GU10 Black Smart control with Hue bridge*</FullProductName><NamingString><MasterBrand><BrandCode>PHI</BrandCode><BrandName>Philips</BrandName></MasterBrand><BrandString>Philips</BrandString><Family><FamilyCode>PLM0345002</FamilyCode><FamilyName>Hue White ambiance</FamilyName><FamilyNameUsed>1</FamilyNameUsed></Family><Descriptor><DescriptorCode>PLM1000037</DescriptorCode><DescriptorName>Buckram single spotlight ext.</DescriptorName></Descriptor><Alphanumeric>50471/30/P8</Alphanumeric><VersionElement1><VersionElementCode>PLM1000045</VersionElementCode><VersionElementName>Extension spotlight</VersionElementName></VersionElement1><VersionElement2><VersionElementCode>PLM1000013</VersionElementCode><VersionElementName>GU10</VersionElementName></VersionElement2><VersionElement3><VersionElementCode>PLM1000004</VersionElementCode><VersionElementName>Black</VersionElementName></VersionElement3><VersionElement4><VersionElementCode>PLM1000044</VersionElementCode><VersionElementName>Smart control with Hue bridge*</VersionElementName></VersionElement4><VersionString>Extension spotlight GU10 Black Smart control with Hue bridge*</VersionString><BrandedFeatureString/><DescriptorBrandedFeatureString>Buckram single spotlight ext.</DescriptorBrandedFeatureString></NamingString><WOW>Light for your moments</WOW><SubWOW>from sunrise to sunset</SubWOW><MarketingTextHeader>Extend your Philips Hue system with additional white ambiance spots and enjoy warm to cool white light. For smart control, you need is the Hue bridge that comes with the starter kit. Connect the spot to the bridge and control it your way.</MarketingTextHeader><KeyBenefitArea><KeyBenefitAreaCode>K4034655</KeyBenefitAreaCode><KeyBenefitAreaName>High quality light and design</KeyBenefitAreaName><KeyBenefitAreaRank>1</KeyBenefitAreaRank><Feature><FeatureCode>F400083650</FeatureCode><FeatureReferenceName>High light output 2017 LUM</FeatureReferenceName><FeatureName>High light output</FeatureName><FeatureLongDescription>High light output</FeatureLongDescription><FeatureGlossary>High quality light with strong light output, providing plenty of white light for any moment or task.</FeatureGlossary><FeatureRank>1</FeatureRank><FeatureTopRank>1</FeatureTopRank></Feature></KeyBenefitArea><KeyBenefitArea><KeyBenefitAreaCode>K4034641</KeyBenefitAreaCode><KeyBenefitAreaName>Light for your moments</KeyBenefitAreaName><KeyBenefitAreaRank>2</KeyBenefitAreaRank><Feature><FeatureCode>F400083545</FeatureCode><FeatureReferenceName>Light for your daily routines</FeatureReferenceName><FeatureName>Light for your daily routines</FeatureName><FeatureLongDescription>Relax, read, concentrate and energize with light recipes</FeatureLongDescription><FeatureGlossary>Light influences our mood and behavior. Philips Hue can help you to customize your daily routines into moments you can enjoy. Skip your morning coffee and get ready for the day with cool, bright white daylight that helps to energize your body and mind. Stay focussed with finely tuned bright white light. Or put your feet up and relax with a soft glow of white light for the perfect end of the day.</FeatureGlossary><FeatureRank>1</FeatureRank><FeatureTopRank>2</FeatureTopRank></Feature><Feature><FeatureCode>F400083552</FeatureCode><FeatureReferenceName>Installation free dimming</FeatureReferenceName><FeatureName>Installation free dimming</FeatureName><FeatureLongDescription>Installation free dimming</FeatureLongDescription><FeatureGlossary>Experience guaranteed smooth dimming with Philips Hue. Not too bright. Not too dark. Just right. No need for wires, an electrician or installation</FeatureGlossary><FeatureRank>2</FeatureRank><FeatureTopRank>3</FeatureTopRank></Feature><Feature><FeatureCode>F400083655</FeatureCode><FeatureReferenceName>Smart control, home and away LUM 2017</FeatureReferenceName><FeatureName>Smart control, home and away</FeatureName><FeatureLongDescription>Smart control, home and away</FeatureLongDescription><FeatureGlossary>With the Philips Hue iOS and Android apps you can control your lights remotely wherever you are. Check if you have forgotten to switch your lights off before you left your home, and switch them on if you are working late. Connection with the Philips Hue bridge required for this functionality.</FeatureGlossary><FeatureRank>3</FeatureRank><FeatureTopRank>4</FeatureTopRank></Feature><Feature><FeatureCode>F400083660</FeatureCode><FeatureReferenceName>Wake up and go to sleep LUM 2017</FeatureReferenceName><FeatureName>Wake up and go to sleep</FeatureName><FeatureLongDescription>Wake up and go to sleep naturally</FeatureLongDescription><FeatureGlossary>Philips Hue will help get you out of bed the way you like it, helping you start your day feeling refreshed. The light brightness increases gradually mimicking the effect of sunrise and helps you wake up naturally, instead of being woken up by the loud sound of an alarm clock. Start your day, the right way. In the evening, the relaxing warm white light helps you to unwind, relax and prepare your body for a good night’s sleep. Connection with the Philips Hue bridge required for this functionality.</FeatureGlossary><FeatureRank>4</FeatureRank><FeatureTopRank>5</FeatureTopRank></Feature><Feature><FeatureCode>F400083654</FeatureCode><FeatureReferenceName>Create your ambiance (HUE LUM)</FeatureReferenceName><FeatureName>Create your ambiance</FeatureName><FeatureLongDescription>Create your ambiance with warm white to cool daylight</FeatureLongDescription><FeatureGlossary>Set the right ambiance for any moment and decorate your home with warm to cool white light. Enjoy different styles throughout the year, no matter if it's the crisp white light reminding you of a spring breeze, the warm white light of a summer sun, or the ice cool daylight of winter. Connection with the Philips Hue bridge required for this functionality.</FeatureGlossary><FeatureRank>5</FeatureRank><FeatureTopRank>6</FeatureTopRank></Feature><Feature><FeatureCode>F400083656</FeatureCode><FeatureReferenceName>Timers for your convenience HUE LUM</FeatureReferenceName><FeatureName>Timers for your convenience</FeatureName><FeatureLongDescription>Set timers for your convenience</FeatureLongDescription><FeatureGlossary>Philips Hue can make it seem like you're home when you're not, using the schedule function in the Philips Hue app. Set the lights to come on at a pre-set time, so the lights are on when you arrive home. You can even set rooms to light up at different times. And of course, you can let the lights turn off gradually in the night, so you never have to worry whether you've left any lights on. Connection with the Philips Hue bridge required for this functionality.</FeatureGlossary><FeatureRank>6</FeatureRank><FeatureTopRank>7</FeatureTopRank></Feature><Feature><FeatureCode>F400083553</FeatureCode><FeatureReferenceName>Control it your way</FeatureReferenceName><FeatureName>Control it your way</FeatureName><FeatureLongDescription>Control it your way</FeatureLongDescription><FeatureGlossary>Connect your Philips Hue lights with the bridge and start discovering the endless possibilites. Control your lights from your smartphone or tablet via the Philips Hue app, or add switches to your system to activate your lights. Set timers, notifications, alarms, and more for the full Philips Hue experience. Philips Hue even works with Amazon Alexa, Apple Homekit and Google Home to allow you to control your lights with your voice.</FeatureGlossary><FeatureRank>7</FeatureRank><FeatureTopRank>8</FeatureTopRank></Feature><Feature><FeatureCode>F400083658</FeatureCode><FeatureReferenceName>Requires a bridge or switch</FeatureReferenceName><FeatureName>Requires a bridge or switch</FeatureName><FeatureLongDescription>Requires a bridge or switch</FeatureLongDescription><FeatureGlossary>Connect your Philips Hue lights with the bridge to control your lights from your smart phone or tablet via the Philips Hue app. Or control your Philips Hue lights with the Philips Hue dimmer switch for on/off and dimming functionalities or to cycle through the light recipes.</FeatureGlossary><FeatureRank>8</FeatureRank><FeatureTopRank>9</FeatureTopRank></Feature></KeyBenefitArea><FeatureImage><FeatureCode>F400083650</FeatureCode><FeatureReferenceName>High light output 2017 LUM</FeatureReferenceName><FeatureImageRank>1</FeatureImageRank></FeatureImage><FeatureImage><FeatureCode>F400083545</FeatureCode><FeatureReferenceName>Light for your daily routines</FeatureReferenceName><FeatureImageRank>2</FeatureImageRank></FeatureImage><FeatureImage><FeatureCode>F400083552</FeatureCode><FeatureReferenceName>Installation free dimming</FeatureReferenceName><FeatureImageRank>3</FeatureImageRank></FeatureImage><FeatureImage><FeatureCode>F400083655</FeatureCode><FeatureReferenceName>Smart control, home and away LUM 2017</FeatureReferenceName><FeatureImageRank>4</FeatureImageRank></FeatureImage><FeatureImage><FeatureCode>F400083660</FeatureCode><FeatureReferenceName>Wake up and go to sleep LUM 2017</FeatureReferenceName><FeatureImageRank>5</FeatureImageRank></FeatureImage><FeatureImage><FeatureCode>F400083654</FeatureCode><FeatureReferenceName>Create your ambiance (HUE LUM)</FeatureReferenceName><FeatureImageRank>6</FeatureImageRank></FeatureImage><FeatureImage><FeatureCode>F400083656</FeatureCode><FeatureReferenceName>Timers for your convenience HUE LUM</FeatureReferenceName><FeatureImageRank>7</FeatureImageRank></FeatureImage><FeatureImage><FeatureCode>F400083553</FeatureCode><FeatureReferenceName>Control it your way</FeatureReferenceName><FeatureImageRank>8</FeatureImageRank></FeatureImage><FeatureImage><FeatureCode>F400083658</FeatureCode><FeatureReferenceName>Requires a bridge or switch</FeatureReferenceName><FeatureImageRank>9</FeatureImageRank></FeatureImage><FeatureHighlight><FeatureCode>F400083650</FeatureCode><FeatureReferenceName>High light output 2017 LUM</FeatureReferenceName><FeatureHighlightRank>1</FeatureHighlightRank></FeatureHighlight><FeatureHighlight><FeatureCode>F400083545</FeatureCode><FeatureReferenceName>Light for your daily routines</FeatureReferenceName><FeatureHighlightRank>2</FeatureHighlightRank></FeatureHighlight><FeatureHighlight><FeatureCode>F400083552</FeatureCode><FeatureReferenceName>Installation free dimming</FeatureReferenceName><FeatureHighlightRank>3</FeatureHighlightRank></FeatureHighlight><FeatureHighlight><FeatureCode>F400083655</FeatureCode><FeatureReferenceName>Smart control, home and away LUM 2017</FeatureReferenceName><FeatureHighlightRank>4</FeatureHighlightRank></FeatureHighlight><FeatureHighlight><FeatureCode>F400083660</FeatureCode><FeatureReferenceName>Wake up and go to sleep LUM 2017</FeatureReferenceName><FeatureHighlightRank>5</FeatureHighlightRank></FeatureHighlight><FeatureHighlight><FeatureCode>F400083654</FeatureCode><FeatureReferenceName>Create your ambiance (HUE LUM)</FeatureReferenceName><FeatureHighlightRank>6</FeatureHighlightRank></FeatureHighlight><FeatureHighlight><FeatureCode>F400083656</FeatureCode><FeatureReferenceName>Timers for your convenience HUE LUM</FeatureReferenceName><FeatureHighlightRank>7</FeatureHighlightRank></FeatureHighlight><FeatureHighlight><FeatureCode>F400083553</FeatureCode><FeatureReferenceName>Control it your way</FeatureReferenceName><FeatureHighlightRank>8</FeatureHighlightRank></FeatureHighlight><FeatureHighlight><FeatureCode>F400083658</FeatureCode><FeatureReferenceName>Requires a bridge or switch</FeatureReferenceName><FeatureHighlightRank>9</FeatureHighlightRank></FeatureHighlight><CSChapter><CSChapterCode>PLMCHP010</CSChapterCode><CSChapterName>Design and finishing</CSChapterName><CSChapterRank>10</CSChapterRank><CSItem><CSItemCode>PLMITM010001</CSItemCode><CSItemName>Material</CSItemName><CSItemRank>1</CSItemRank><CSItemIsFreeFormat>0</CSItemIsFreeFormat><CSValue><CSValueCode>PLMATR0105METAL</CSValueCode><CSValueName>metal</CSValueName><CSValueRank>1</CSValueRank></CSValue><CSValue><CSValueCode>PLMATR0105SYNTH</CSValueCode><CSValueName>synthetics</CSValueName><CSValueRank>2</CSValueRank></CSValue></CSItem><CSItem><CSItemCode>PLMITM010002</CSItemCode><CSItemName>Color</CSItemName><CSItemRank>2</CSItemRank><CSItemIsFreeFormat>0</CSItemIsFreeFormat><CSValue><CSValueCode>PLMATR018309</CSValueCode><CSValueName>black</CSValueName><CSValueRank>1</CSValueRank></CSValue></CSItem></CSChapter><CSChapter><CSChapterCode>PLMCHP020</CSChapterCode><CSChapterName>Extra feature/accessory incl.</CSChapterName><CSChapterRank>20</CSChapterRank><CSItem><CSItemCode>PLMITM0776F2010</CSItemCode><CSItemName>Dimmable with Hue app and switch</CSItemName><CSItemRank>2</CSItemRank><CSItemIsFreeFormat>0</CSItemIsFreeFormat><CSValue><CSValueCode>PLMATR0776F2010YES</CSValueCode><CSValueName>YES</CSValueName><CSValueRank>1</CSValueRank></CSValue></CSItem><CSItem><CSItemCode>PLMITM0776FX003</CSItemCode><CSItemName>LED lamp(s) included</CSItemName><CSItemRank>4</CSItemRank><CSItemIsFreeFormat>0</CSItemIsFreeFormat><CSValue><CSValueCode>PLMATR0776FX003YES</CSValueCode><CSValueName>YES</CSValueName><CSValueRank>1</CSValueRank></CSValue></CSItem><CSItem><CSItemCode>PLMITM0776FX040</CSItemCode><CSItemName>Adjustable spot head</CSItemName><CSItemRank>5</CSItemRank><CSItemIsFreeFormat>0</CSItemIsFreeFormat><CSValue><CSValueCode>PLMATR0776FX040YES</CSValueCode><CSValueName>YES</CSValueName><CSValueRank>1</CSValueRank></CSValue></CSItem><CSItem><CSItemCode>PLMITM0776FX052</CSItemCode><CSItemName>ClickFix easy mounting</CSItemName><CSItemRank>6</CSItemRank><CSItemIsFreeFormat>0</CSItemIsFreeFormat><CSValue><CSValueCode>PLMATR0776FX052YES</CSValueCode><CSValueName>YES</CSValueName><CSValueRank>1</CSValueRank></CSValue></CSItem></CSChapter><CSChapter><CSChapterCode>PLMCHP030</CSChapterCode><CSChapterName>Product dimensions &amp; weight</CSChapterName><CSChapterRank>30</CSChapterRank><CSItem><CSItemCode>PLMITM030001</CSItemCode><CSItemName>Height</CSItemName><CSItemRank>1</CSItemRank><CSItemIsFreeFormat>1</CSItemIsFreeFormat><CSValue><CSValueCode>VA4042333</CSValueCode><CSValueName>10.3</CSValueName><CSValueRank>1</CSValueRank></CSValue><UnitOfMeasure><UnitOfMeasureCode>3000039</UnitOfMeasureCode><UnitOfMeasureName>centimeter</UnitOfMeasureName><UnitOfMeasureSymbol>cm</UnitOfMeasureSymbol></UnitOfMeasure></CSItem><CSItem><CSItemCode>PLMITM030004</CSItemCode><CSItemName>Length</CSItemName><CSItemRank>4</CSItemRank><CSItemIsFreeFormat>1</CSItemIsFreeFormat><CSValue><CSValueCode>VA4042309</CSValueCode><CSValueName>10.2</CSValueName><CSValueRank>1</CSValueRank></CSValue><UnitOfMeasure><UnitOfMeasureCode>3000039</UnitOfMeasureCode><UnitOfMeasureName>centimeter</UnitOfMeasureName><UnitOfMeasureSymbol>cm</UnitOfMeasureSymbol></UnitOfMeasure></CSItem><CSItem><CSItemCode>PLMITM030005</CSItemCode><CSItemName>Width</CSItemName><CSItemRank>5</CSItemRank><CSItemIsFreeFormat>1</CSItemIsFreeFormat><CSValue><CSValueCode>VA4042311</CSValueCode><CSValueName>10.2</CSValueName><CSValueRank>1</CSValueRank></CSValue><UnitOfMeasure><UnitOfMeasureCode>3000039</UnitOfMeasureCode><UnitOfMeasureName>centimeter</UnitOfMeasureName><UnitOfMeasureSymbol>cm</UnitOfMeasureSymbol></UnitOfMeasure></CSItem><CSItem><CSItemCode>PLMITM030006</CSItemCode><CSItemName>Net weight</CSItemName><CSItemRank>6</CSItemRank><CSItemIsFreeFormat>1</CSItemIsFreeFormat><CSValue><CSValueCode>VA4042308</CSValueCode><CSValueName>0.490</CSValueName><CSValueRank>1</CSValueRank></CSValue><UnitOfMeasure><UnitOfMeasureCode>3000049</UnitOfMeasureCode><UnitOfMeasureName>kilogram</UnitOfMeasureName><UnitOfMeasureSymbol>kg</UnitOfMeasureSymbol></UnitOfMeasure></CSItem></CSChapter><CSChapter><CSChapterCode>PLMCHP040</CSChapterCode><CSChapterName>Technical specifications</CSChapterName><CSChapterRank>40</CSChapterRank><CSItem><CSItemCode>PLMITM040001</CSItemCode><CSItemName>Mains power</CSItemName><CSItemRank>1</CSItemRank><CSItemIsFreeFormat>0</CSItemIsFreeFormat><CSValue><CSValueCode>PLMATR0719220-240</CSValueCode><CSValueName>Range 220 V - 240 V</CSValueName><CSValueRank>1</CSValueRank></CSValue><CSValue><CSValueCode>PLMATR067350/60HZ</CSValueCode><CSValueName>50-60 Hz</CSValueName><CSValueRank>2</CSValueRank></CSValue></CSItem><CSItem><CSItemCode>PLMITM040002</CSItemCode><CSItemName>Bulb technology</CSItemName><CSItemRank>2</CSItemRank><CSItemIsFreeFormat>0</CSItemIsFreeFormat><CSValue><CSValueCode>PLMATR0329230</CSValueCode><CSValueName>230 V</CSValueName><CSValueRank>2</CSValueRank></CSValue></CSItem><CSItem><CSItemCode>PLMITM040003</CSItemCode><CSItemName>Number of bulbs</CSItemName><CSItemRank>3</CSItemRank><CSItemIsFreeFormat>1</CSItemIsFreeFormat><CSValue><CSValueCode>VA4042306</CSValueCode><CSValueName>1</CSValueName><CSValueRank>1</CSValueRank></CSValue></CSItem><CSItem><CSItemCode>PLMITM040004</CSItemCode><CSItemName>Fitting/cap</CSItemName><CSItemRank>4</CSItemRank><CSItemIsFreeFormat>0</CSItemIsFreeFormat><CSValue><CSValueCode>PLMATR0341GU10</CSValueCode><CSValueName>GU10</CSValueName><CSValueRank>1</CSValueRank></CSValue></CSItem><CSItem><CSItemCode>PLMITM040005</CSItemCode><CSItemName>Wattage bulb included</CSItemName><CSItemRank>5</CSItemRank><CSItemIsFreeFormat>0</CSItemIsFreeFormat><CSValue><CSValueCode>PLMATR04605_5</CSValueCode><CSValueName>5.5 W</CSValueName><CSValueRank>1</CSValueRank></CSValue></CSItem><CSItem><CSItemCode>PLMITM040006</CSItemCode><CSItemName>Maximum wattage replacement bulb</CSItemName><CSItemRank>6</CSItemRank><CSItemIsFreeFormat>0</CSItemIsFreeFormat><CSValue><CSValueCode>PLMATR03335_5</CSValueCode><CSValueName>5.5 W</CSValueName><CSValueRank>1</CSValueRank></CSValue></CSItem><CSItem><CSItemCode>PLMITM040007</CSItemCode><CSItemName>Light color</CSItemName><CSItemRank>7</CSItemRank><CSItemIsFreeFormat>0</CSItemIsFreeFormat><CSValue><CSValueCode>PLMATRBOIBULB106244000_K</CSValueCode><CSValueName>cool white</CSValueName><CSValueRank>1</CSValueRank></CSValue></CSItem><CSItem><CSItemCode>PLMITM040009</CSItemCode><CSItemName>Beam angle</CSItemName><CSItemRank>9</CSItemRank><CSItemIsFreeFormat>0</CSItemIsFreeFormat><CSValue><CSValueCode>PLMATRBOIBULB1061145</CSValueCode><CSValueName>45°</CSValueName><CSValueRank>1</CSValueRank></CSValue></CSItem><CSItem><CSItemCode>PLMITM0400013</CSItemCode><CSItemName>Fixture dimmable</CSItemName><CSItemRank>13</CSItemRank><CSItemIsFreeFormat>0</CSItemIsFreeFormat><CSValue><CSValueCode>PLMATR1075Y</CSValueCode><CSValueName>Yes</CSValueName><CSValueRank>1</CSValueRank></CSValue></CSItem><CSItem><CSItemCode>PLMITM0400014</CSItemCode><CSItemName>LED</CSItemName><CSItemRank>14</CSItemRank><CSItemIsFreeFormat>0</CSItemIsFreeFormat><CSValue><CSValueCode>PLMATR0814Y</CSValueCode><CSValueName>Yes</CSValueName><CSValueRank>1</CSValueRank></CSValue></CSItem><CSItem><CSItemCode>PLMITM0400015</CSItemCode><CSItemName>Built in LED</CSItemName><CSItemRank>15</CSItemRank><CSItemIsFreeFormat>0</CSItemIsFreeFormat><CSValue><CSValueCode>PLMATR1095EEL01-3</CSValueCode><CSValueName>NO</CSValueName><CSValueRank>1</CSValueRank></CSValue></CSItem><CSItem><CSItemCode>PLMITM0400016</CSItemCode><CSItemName>Energy class included light source</CSItemName><CSItemRank>16</CSItemRank><CSItemIsFreeFormat>0</CSItemIsFreeFormat><CSValue><CSValueCode>PLMATR1095EEL03-1</CSValueCode><CSValueName>A</CSValueName><CSValueRank>1</CSValueRank></CSValue></CSItem><CSItem><CSItemCode>PLMITM0400017</CSItemCode><CSItemName>Fixture is compatible with bulb(s) of class</CSItemName><CSItemRank>17</CSItemRank><CSItemIsFreeFormat>0</CSItemIsFreeFormat><CSValue><CSValueCode>PLMATR1095EEL03-2</CSValueCode><CSValueName>A+ to E</CSValueName><CSValueRank>1</CSValueRank></CSValue></CSItem><CSItem><CSItemCode>PLMITM0400018</CSItemCode><CSItemName>Lifetime up to</CSItemName><CSItemRank>18</CSItemRank><CSItemIsFreeFormat>1</CSItemIsFreeFormat><CSValue><CSValueCode>VA4094468</CSValueCode><CSValueName>15,000</CSValueName><CSValueRank>1</CSValueRank></CSValue><UnitOfMeasure><UnitOfMeasureCode>4000213</UnitOfMeasureCode><UnitOfMeasureName>hrs</UnitOfMeasureName><UnitOfMeasureSymbol>hrs</UnitOfMeasureSymbol></UnitOfMeasure></CSItem><CSItem><CSItemCode>PLMITM040026</CSItemCode><CSItemName>IP code</CSItemName><CSItemRank>26</CSItemRank><CSItemIsFreeFormat>0</CSItemIsFreeFormat><CSValue><CSValueCode>PLMATR0290IP20</CSValueCode><CSValueName>IP20</CSValueName><CSValueRank>1</CSValueRank></CSValue><CSValue><CSValueCode>PLMATR0290IP20-2</CSValueCode><CSValueName>protection against objects bigger than 12.5 mm</CSValueName><CSValueRank>2</CSValueRank></CSValue><CSValue><CSValueCode>PLMATR0290IP20-3</CSValueCode><CSValueName>no protection against water</CSValueName><CSValueRank>3</CSValueRank></CSValue></CSItem><CSItem><CSItemCode>PLMITM040027</CSItemCode><CSItemName>Class of protection</CSItemName><CSItemRank>27</CSItemRank><CSItemIsFreeFormat>0</CSItemIsFreeFormat><CSValue><CSValueCode>PLMATR0289I</CSValueCode><CSValueName>I - earthed</CSValueName><CSValueRank>1</CSValueRank></CSValue></CSItem><CSItem><CSItemCode>PLMITM0400051</CSItemCode><CSItemName>Light source equivalent to traditional bulb of</CSItemName><CSItemRank>51</CSItemRank><CSItemIsFreeFormat>1</CSItemIsFreeFormat><CSValue><CSValueCode>VA4081551</CSValueCode><CSValueName>25</CSValueName><CSValueRank>1</CSValueRank></CSValue><UnitOfMeasure><UnitOfMeasureCode>3000072</UnitOfMeasureCode><UnitOfMeasureName>watt</UnitOfMeasureName><UnitOfMeasureSymbol>W</UnitOfMeasureSymbol></UnitOfMeasure></CSItem><CSItem><CSItemCode>PLMITM0400052</CSItemCode><CSItemName>Lumen output bulb included</CSItemName><CSItemRank>52</CSItemRank><CSItemIsFreeFormat>1</CSItemIsFreeFormat><CSValue><CSValueCode>VA4081549</CSValueCode><CSValueName>250</CSValueName><CSValueRank>1</CSValueRank></CSValue><UnitOfMeasure><UnitOfMeasureCode>3000051</UnitOfMeasureCode><UnitOfMeasureName>lumen</UnitOfMeasureName><UnitOfMeasureSymbol>lm</UnitOfMeasureSymbol></UnitOfMeasure></CSItem></CSChapter><CSChapter><CSChapterCode>PLMCHP050</CSChapterCode><CSChapterName>Service</CSChapterName><CSChapterRank>50</CSChapterRank><CSItem><CSItemCode>PLMITM050001</CSItemCode><CSItemName>Warranty</CSItemName><CSItemRank>1</CSItemRank><CSItemIsFreeFormat>0</CSItemIsFreeFormat><CSValue><CSValueCode>PLMATR02982</CSValueCode><CSValueName>2 year(s)</CSValueName><CSValueRank>1</CSValueRank></CSValue></CSItem></CSChapter><CSChapter><CSChapterCode>PLMCHP060</CSChapterCode><CSChapterName>Packaging dimensions &amp; weight</CSChapterName><CSChapterRank>60</CSChapterRank><CSItem><CSItemCode>PLMITM060001</CSItemCode><CSItemName>Height</CSItemName><CSItemRank>1</CSItemRank><CSItemIsFreeFormat>1</CSItemIsFreeFormat><CSValue><CSValueCode>VA4042312</CSValueCode><CSValueName>14.4</CSValueName><CSValueRank>1</CSValueRank></CSValue><UnitOfMeasure><UnitOfMeasureCode>3000039</UnitOfMeasureCode><UnitOfMeasureName>centimeter</UnitOfMeasureName><UnitOfMeasureSymbol>cm</UnitOfMeasureSymbol></UnitOfMeasure></CSItem><CSItem><CSItemCode>PLMITM060002</CSItemCode><CSItemName>Length</CSItemName><CSItemRank>2</CSItemRank><CSItemIsFreeFormat>1</CSItemIsFreeFormat><CSValue><CSValueCode>VA4042313</CSValueCode><CSValueName>13.4</CSValueName><CSValueRank>1</CSValueRank></CSValue><UnitOfMeasure><UnitOfMeasureCode>3000039</UnitOfMeasureCode><UnitOfMeasureName>centimeter</UnitOfMeasureName><UnitOfMeasureSymbol>cm</UnitOfMeasureSymbol></UnitOfMeasure></CSItem><CSItem><CSItemCode>PLMITM060003</CSItemCode><CSItemName>Width</CSItemName><CSItemRank>3</CSItemRank><CSItemIsFreeFormat>1</CSItemIsFreeFormat><CSValue><CSValueCode>VA4042307</CSValueCode><CSValueName>11.5</CSValueName><CSValueRank>1</CSValueRank></CSValue><UnitOfMeasure><UnitOfMeasureCode>3000039</UnitOfMeasureCode><UnitOfMeasureName>centimeter</UnitOfMeasureName><UnitOfMeasureSymbol>cm</UnitOfMeasureSymbol></UnitOfMeasure></CSItem><CSItem><CSItemCode>PLMITM060004</CSItemCode><CSItemName>Weight</CSItemName><CSItemRank>4</CSItemRank><CSItemIsFreeFormat>1</CSItemIsFreeFormat><CSValue><CSValueCode>VA4042304</CSValueCode><CSValueName>0.641</CSValueName><CSValueRank>1</CSValueRank></CSValue><UnitOfMeasure><UnitOfMeasureCode>3000049</UnitOfMeasureCode><UnitOfMeasureName>kilogram</UnitOfMeasureName><UnitOfMeasureSymbol>kg</UnitOfMeasureSymbol></UnitOfMeasure></CSItem></CSChapter><CSChapter><CSChapterCode>PLMCHP070</CSChapterCode><CSChapterName>Miscellaneous</CSChapterName><CSChapterRank>70</CSChapterRank><CSItem><CSItemCode>PLMITM070001</CSItemCode><CSItemName>Especially designed for</CSItemName><CSItemRank>1</CSItemRank><CSItemIsFreeFormat>0</CSItemIsFreeFormat><CSValue><CSValueCode>PLMATR0970L_B</CSValueCode><CSValueName>Living- &amp; Bedroom</CSValueName><CSValueRank>1</CSValueRank></CSValue></CSItem><CSItem><CSItemCode>PLMITM070002</CSItemCode><CSItemName>Style</CSItemName><CSItemRank>2</CSItemRank><CSItemIsFreeFormat>0</CSItemIsFreeFormat><CSValue><CSValueCode>PLMATR0628MOD</CSValueCode><CSValueName>Modern</CSValueName><CSValueRank>1</CSValueRank></CSValue></CSItem><CSItem><CSItemCode>PLMITM070003</CSItemCode><CSItemName>Type</CSItemName><CSItemRank>3</CSItemRank><CSItemIsFreeFormat>0</CSItemIsFreeFormat><CSValue><CSValueCode>PLMATR0830SPOT</CSValueCode><CSValueName>Spot light</CSValueName><CSValueRank>1</CSValueRank></CSValue></CSItem></CSChapter><Filters><Purpose type="Comparison"><Features><Feature code="F400083650" rank="1" referenceName="High light output 2017 LUM"/><Feature code="F400083545" rank="2" referenceName="Light for your daily routines"/><Feature code="F400083552" rank="3" referenceName="Installation free dimming"/><Feature code="F400083655" rank="4" referenceName="Smart control, home and away LUM 2017"/><Feature code="F400083660" rank="5" referenceName="Wake up and go to sleep LUM 2017"/><Feature code="F400083654" rank="6" referenceName="Create your ambiance (HUE LUM)"/><Feature code="F400083656" rank="7" referenceName="Timers for your convenience HUE LUM"/><Feature code="F400083553" rank="8" referenceName="Control it your way"/><Feature code="F400083658" rank="9" referenceName="Requires a bridge or switch"/></Features><CSItems><CSItem code="PLMITM010001" rank="1" referenceName="Design and finishing - Material"/><CSItem code="PLMITM030001" rank="1" referenceName="Product dimensions &amp; weight - Height"/><CSItem code="PLMITM040001" rank="1" referenceName="Technical specifications - Mains power"/><CSItem code="PLMITM050001" rank="1" referenceName="Service - Warranty"/><CSItem code="PLMITM060001" rank="1" referenceName="Packaging dimensions &amp; weight - Height"/><CSItem code="PLMITM070001" rank="1" referenceName="Miscellaneous - Especially designed for"/><CSItem code="PLMITM010002" rank="2" referenceName="Design and finishing - Color"/><CSItem code="PLMITM0776F2010" rank="2" referenceName="Extra feature/accessory incl. - Dimmable with Hue app and switch"/><CSItem code="PLMITM040002" rank="2" referenceName="Technical specifications - Bulb technology"/><CSItem code="PLMITM060002" rank="2" referenceName="Packaging dimensions &amp; weight - Length"/><CSItem code="PLMITM070002" rank="2" referenceName="Miscellaneous - Style"/><CSItem code="PLMITM040003" rank="3" referenceName="Technical specifications - Number of bulbs"/><CSItem code="PLMITM060003" rank="3" referenceName="Packaging dimensions &amp; weight - Width"/><CSItem code="PLMITM070003" rank="3" referenceName="Miscellaneous - Type"/><CSItem code="PLMITM0776FX003" rank="4" referenceName="Extra feature/accessory incl. - LED lamp(s) included"/><CSItem code="PLMITM030004" rank="4" referenceName="Product dimensions &amp; weight - Length"/><CSItem code="PLMITM040004" rank="4" referenceName="Technical specifications - Fitting/cap"/><CSItem code="PLMITM060004" rank="4" referenceName="Packaging dimensions &amp; weight - Weight"/><CSItem code="PLMITM0776FX040" rank="5" referenceName="Extra feature/accessory incl. - Adjustable spot head"/><CSItem code="PLMITM030005" rank="5" referenceName="Product dimensions &amp; weight - Width"/><CSItem code="PLMITM040005" rank="5" referenceName="Technical specifications - Wattage bulb included"/><CSItem code="PLMITM0776FX052" rank="6" referenceName="Extra feature/accessory incl. - ClickFix easy mounting"/><CSItem code="PLMITM030006" rank="6" referenceName="Product dimensions &amp; weight - Net weight"/><CSItem code="PLMITM040006" rank="6" referenceName="Technical specifications - Maximum wattage replacement bulb"/><CSItem code="PLMITM040007" rank="7" referenceName="Technical specifications - Light color"/><CSItem code="PLMITM040009" rank="9" referenceName="Technical specifications - Beam angle"/><CSItem code="PLMITM0400013" rank="13" referenceName="Technical specifications - Fixture dimmable"/><CSItem code="PLMITM0400014" rank="14" referenceName="Technical specifications - LED"/><CSItem code="PLMITM0400015" rank="15" referenceName="Technical specifications - Built in LED"/><CSItem code="PLMITM0400016" rank="16" referenceName="Technical specifications - Energy class included light source"/><CSItem code="PLMITM0400017" rank="17" referenceName="Technical specifications - Fixture is compatible with bulb(s) of class"/><CSItem code="PLMITM0400018" rank="18" referenceName="Technical specifications - Lifetime up to"/><CSItem code="PLMITM040026" rank="26" referenceName="Technical specifications - IP code"/><CSItem code="PLMITM040027" rank="27" referenceName="Technical specifications - Class of protection"/><CSItem code="PLMITM0400051" rank="51" referenceName="Technical specifications - Light source equivalent to traditional bulb of"/><CSItem code="PLMITM0400052" rank="52" referenceName="Technical specifications - Lumen output bulb included"/></CSItems></Purpose><Purpose type="Detail"><Features><Feature code="F400083650" rank="1" referenceName="High light output 2017 LUM"/><Feature code="F400083545" rank="2" referenceName="Light for your daily routines"/><Feature code="F400083552" rank="3" referenceName="Installation free dimming"/><Feature code="F400083655" rank="4" referenceName="Smart control, home and away LUM 2017"/><Feature code="F400083660" rank="5" referenceName="Wake up and go to sleep LUM 2017"/><Feature code="F400083654" rank="6" referenceName="Create your ambiance (HUE LUM)"/><Feature code="F400083656" rank="7" referenceName="Timers for your convenience HUE LUM"/><Feature code="F400083553" rank="8" referenceName="Control it your way"/><Feature code="F400083658" rank="9" referenceName="Requires a bridge or switch"/></Features><CSItems><CSItem code="PLMITM010001" rank="1" referenceName="Design and finishing - Material"/><CSItem code="PLMITM030001" rank="1" referenceName="Product dimensions &amp; weight - Height"/><CSItem code="PLMITM040001" rank="1" referenceName="Technical specifications - Mains power"/><CSItem code="PLMITM050001" rank="1" referenceName="Service - Warranty"/><CSItem code="PLMITM060001" rank="1" referenceName="Packaging dimensions &amp; weight - Height"/><CSItem code="PLMITM070001" rank="1" referenceName="Miscellaneous - Especially designed for"/><CSItem code="PLMITM010002" rank="2" referenceName="Design and finishing - Color"/><CSItem code="PLMITM0776F2010" rank="2" referenceName="Extra feature/accessory incl. - Dimmable with Hue app and switch"/><CSItem code="PLMITM040002" rank="2" referenceName="Technical specifications - Bulb technology"/><CSItem code="PLMITM060002" rank="2" referenceName="Packaging dimensions &amp; weight - Length"/><CSItem code="PLMITM070002" rank="2" referenceName="Miscellaneous - Style"/><CSItem code="PLMITM040003" rank="3" referenceName="Technical specifications - Number of bulbs"/><CSItem code="PLMITM060003" rank="3" referenceName="Packaging dimensions &amp; weight - Width"/><CSItem code="PLMITM070003" rank="3" referenceName="Miscellaneous - Type"/><CSItem code="PLMITM0776FX003" rank="4" referenceName="Extra feature/accessory incl. - LED lamp(s) included"/><CSItem code="PLMITM030004" rank="4" referenceName="Product dimensions &amp; weight - Length"/><CSItem code="PLMITM040004" rank="4" referenceName="Technical specifications - Fitting/cap"/><CSItem code="PLMITM060004" rank="4" referenceName="Packaging dimensions &amp; weight - Weight"/><CSItem code="PLMITM0776FX040" rank="5" referenceName="Extra feature/accessory incl. - Adjustable spot head"/><CSItem code="PLMITM030005" rank="5" referenceName="Product dimensions &amp; weight - Width"/><CSItem code="PLMITM040005" rank="5" referenceName="Technical specifications - Wattage bulb included"/><CSItem code="PLMITM0776FX052" rank="6" referenceName="Extra feature/accessory incl. - ClickFix easy mounting"/><CSItem code="PLMITM030006" rank="6" referenceName="Product dimensions &amp; weight - Net weight"/><CSItem code="PLMITM040006" rank="6" referenceName="Technical specifications - Maximum wattage replacement bulb"/><CSItem code="PLMITM040007" rank="7" referenceName="Technical specifications - Light color"/><CSItem code="PLMITM040009" rank="9" referenceName="Technical specifications - Beam angle"/><CSItem code="PLMITM0400013" rank="13" referenceName="Technical specifications - Fixture dimmable"/><CSItem code="PLMITM0400014" rank="14" referenceName="Technical specifications - LED"/><CSItem code="PLMITM0400015" rank="15" referenceName="Technical specifications - Built in LED"/><CSItem code="PLMITM0400016" rank="16" referenceName="Technical specifications - Energy class included light source"/><CSItem code="PLMITM0400017" rank="17" referenceName="Technical specifications - Fixture is compatible with bulb(s) of class"/><CSItem code="PLMITM0400018" rank="18" referenceName="Technical specifications - Lifetime up to"/><CSItem code="PLMITM040026" rank="26" referenceName="Technical specifications - IP code"/><CSItem code="PLMITM040027" rank="27" referenceName="Technical specifications - Class of protection"/><CSItem code="PLMITM0400051" rank="51" referenceName="Technical specifications - Light source equivalent to traditional bulb of"/><CSItem code="PLMITM0400052" rank="52" referenceName="Technical specifications - Lumen output bulb included"/></CSItems></Purpose></Filters><FeatureCompareGroups/><Disclaimers><Disclaimer code="DIS40011976" rank="1" referenceName="*Hue bridge sold separately"><DisclaimerText>*Hue bridge sold separately</DisclaimerText><DisclaimElements/></Disclaimer></Disclaimers><RichTexts/></Product></Products>