<?xml version="1.0" encoding="UTF-8"?><Products xmlns:source="http://apache.org/cocoon/source/1.0" DocStatus="approved" DocTimeStamp="2018-10-20T07:16:36"><Product IsAccessory="false" IsLocalized="true" IsMaster="true" lastModified="2018-10-05T00:42:17" masterLastModified="2018-10-05T00:35:25"><CTN>5044411P0</CTN><Code12NC>915005527401</Code12NC><GTIN>8718696164457</GTIN><MarketingVersion>3.0.2</MarketingVersion><MarketingStatus>Final Published</MarketingStatus><CRDate>2017-04-21</CRDate><CRDateYW>201716</CRDateYW><ModelYears><ModelYear>2017</ModelYear></ModelYears><ProductDivision><ProductDivisionCode>0100</ProductDivisionCode><ProductDivisionName>Lighting</ProductDivisionName><FormerPDCode>0100</FormerPDCode></ProductDivision><ProductOwner>Mihaela Mihaylova</ProductOwner><DTN>50444/11/P0</DTN><Catalog><StartOfPublication>2017-07-03T00:00:00</StartOfPublication><EndOfPublication>2300-01-01T00:00:00</EndOfPublication><StartOfSales>2017-07-03T00:00:00</StartOfSales><EndOfSales>2300-01-01T00:00:00</EndOfSales><DummyPrice/><Deleted>false</Deleted><DeleteAfterDate/><ProductRank>50</ProductRank></Catalog><FinancialCategorization><BusinessGroupCode>9021</BusinessGroupCode><BusinessGroupName>Home</BusinessGroupName><BusinessUnitCode>9159</BusinessUnitCode><BusinessUnitName>Home Luminaires</BusinessUnitName><MainArticleGroupCode>G77</MainArticleGroupCode><MainArticleGroupName>Build-on Spots</MainArticleGroupName><ArticleGroupCode>4916</ArticleGroupCode><ArticleGroupName>Build-On Spots - Bar/Tube Spot</ArticleGroupName></FinancialCategorization><Categorization type="CONSUMER"><GroupCode>LIGHTING_GR</GroupCode><GroupName>Lighting</GroupName><CategoryCode>CHOOSE_YOUR_LUMINAIRE_CA</CategoryCode><CategoryName>Choose a fixture</CategoryName><SubcategoryCode>CONCEPT_MYLIVING_SU</SubcategoryCode><SubcategoryName>myLiving</SubcategoryName></Categorization><Assets><Asset code="5044411P0" description="Leaflet" extension="pdf" lastModified="2018-10-18" locale="de_DE" number="001" type="PSS">http://download.p4c.philips.com/files/5/5044411p0/5044411p0_pss_deude.pdf</Asset><Asset code="5044411P0" description="Retail Trade Leaflet" extension="pdf" lastModified="2018-10-17" locale="de_DE" number="001" type="RTL">http://download.p4c.philips.com/files/5/5044411p0/5044411p0_rtl_deude.pdf</Asset><Asset code="5044411P0" description="Leaflet" extension="pdf" lastModified="2018-10-06" locale="global" number="001" type="PSS">http://download.p4c.philips.com/files/5/5044411p0/5044411p0_pss_.pdf</Asset><Asset code="5044411P0" description="Single product shot" extension="" lastModified="2018-10-05" locale="" number="" type="IMS">http://images.philips.com/is/image/PhilipsConsumer/5044411P0-IMS-</Asset><Asset code="5044411P0" description="Product gallery image set" extension="" lastModified="2018-10-05" locale="" number="" type="GAL">http://images.philips.com/is/image/PhilipsConsumer/5044411P0-GAL-</Asset><Asset code="F400084848" description="Feature photograph - highres 2100x1170" extension="tif" lastModified="2017-11-02" locale="global" number="001" type="FIL">http://images.philips.com/is/image/PhilipsConsumer/F400084848-FIL-global-001</Asset><Asset code="F400084848" description="Feature logo - highres 331x213" extension="tif" lastModified="2017-11-02" locale="global" number="001" type="FLP">http://images.philips.com/is/image/PhilipsConsumer/F400084848-FLP-global-001</Asset><Asset code="F400085559" description="Feature photograph - highres 2100x1170" extension="tif" lastModified="2018-01-18" locale="global" number="001" type="FIL">http://images.philips.com/is/image/PhilipsConsumer/F400085559-FIL-global-001</Asset><Asset code="F400085559" description="Feature logo - highres 331x213" extension="tif" lastModified="2018-04-09" locale="global" number="001" type="FLP">http://images.philips.com/is/image/PhilipsConsumer/F400085559-FLP-global-001</Asset><Asset code="F400086696" description="Feature logo - highres 331x213" extension="tif" lastModified="2018-04-10" locale="global" number="001" type="FLP">http://images.philips.com/is/image/PhilipsConsumer/F400086696-FLP-global-001</Asset><Asset code="F400086697" description="Feature logo - highres 331x213" extension="tif" lastModified="2018-04-10" locale="global" number="001" type="FLP">http://images.philips.com/is/image/PhilipsConsumer/F400086697-FLP-global-001</Asset><Asset code="F400086699" description="Feature logo - highres 331x213" extension="tif" lastModified="2018-04-10" locale="global" number="001" type="FLP">http://images.philips.com/is/image/PhilipsConsumer/F400086699-FLP-global-001</Asset><Asset code="F400086700" description="Feature logo - highres 331x213" extension="tif" lastModified="2018-04-10" locale="global" number="001" type="FLP">http://images.philips.com/is/image/PhilipsConsumer/F400086700-FLP-global-001</Asset><Asset code="F400086704" description="Feature logo - highres 331x213" extension="tif" lastModified="2018-04-10" locale="global" number="001" type="FLP">http://images.philips.com/is/image/PhilipsConsumer/F400086704-FLP-global-001</Asset><Asset code="F400086860" description="Feature photograph - highres 2100x1170" extension="tif" lastModified="2018-06-08" locale="global" number="001" type="FIL">http://images.philips.com/is/image/PhilipsConsumer/F400086860-FIL-global-001</Asset><Asset code="F400086938" description="Feature logo - highres 331x213" extension="tif" lastModified="2018-04-10" locale="global" number="001" type="FLP">http://images.philips.com/is/image/PhilipsConsumer/F400086938-FLP-global-001</Asset><Asset code="F400086939" description="Feature logo - highres 331x213" extension="tif" lastModified="2018-04-09" locale="global" number="001" type="FLP">http://images.philips.com/is/image/PhilipsConsumer/F400086939-FLP-global-001</Asset><Asset code="PHI" description="Brand logo - highres 1476x886" extension="tif" lastModified="2016-02-18" locale="global" number="001" type="BRP">http://images.philips.com/is/image/PhilipsConsumer/PHI-BRP-global-001</Asset></Assets><ProductName>Glissette quadruple spot light</ProductName><FullProductName>Philips Warmglow LED Glissette quadruple spot light 50444/11/P0 Warmglow dimmable light Perfect for creating ambiance Gentle LED, easy on your eyes Easy to install with ClickFix</FullProductName><NamingString><MasterBrand><BrandCode>PHI</BrandCode><BrandName>Philips</BrandName></MasterBrand><BrandString>Philips</BrandString><Family><FamilyCode>PLM0345005</FamilyCode><FamilyName>Warmglow LED</FamilyName><FamilyNameUsed>1</FamilyNameUsed></Family><Descriptor><DescriptorCode>PLM1000241</DescriptorCode><DescriptorName>Glissette quadruple spot light</DescriptorName></Descriptor><Alphanumeric>50444/11/P0</Alphanumeric><VersionElement1><VersionElementCode>PLM1000236</VersionElementCode><VersionElementName>Warmglow dimmable light</VersionElementName></VersionElement1><VersionElement2><VersionElementCode>PLM1000206</VersionElementCode><VersionElementName>Perfect for creating ambiance</VersionElementName></VersionElement2><VersionElement3><VersionElementCode>PLM1000207</VersionElementCode><VersionElementName>Gentle LED, easy on your eyes</VersionElementName></VersionElement3><VersionElement4><VersionElementCode>PLM1000220</VersionElementCode><VersionElementName>Easy to install with ClickFix</VersionElementName></VersionElement4><VersionString>Warmglow dimmable light Perfect for creating ambiance Gentle LED, easy on your eyes Easy to install with ClickFix</VersionString><BrandedFeatureString/><DescriptorBrandedFeatureString>Glissette quadruple spot light</DescriptorBrandedFeatureString></NamingString><WOW>The more you dim, the warmer the light</WOW><SubWOW>Works with the majority of LED dimmers</SubWOW><MarketingTextHeader>Change your room ambiance to suit whatever you’re doing. With the Philips WarmGlow LED spots, you can smoothly dim to the right light level – from bright functional light to an inviting cozy warm glow. The more you dim, the warmer the light.</MarketingTextHeader><KeyBenefitArea><KeyBenefitAreaCode>K4035550</KeyBenefitAreaCode><KeyBenefitAreaName>Versatile lighting for every moment of your day</KeyBenefitAreaName><KeyBenefitAreaRank>1</KeyBenefitAreaRank><Feature><FeatureCode>F400084848</FeatureCode><FeatureReferenceName>WarmGlow [LED lums, Spots]</FeatureReferenceName><FeatureName>WarmGlow dimmable light</FeatureName><FeatureLongDescription>Change the ambiance at a turn of your dimmer</FeatureLongDescription><FeatureGlossary>Change your room ambiance to suit whatever you’re doing. With the Philips WarmGlow LED spots you can create the perfect ambiance at a turn of your dimmer. Dim smoothly from 2700K functional bright light down to 2200K inviting warm light for a cosy time. The more you dim, the warmer the light.</FeatureGlossary><FeatureRank>1</FeatureRank><FeatureTopRank>1</FeatureTopRank></Feature></KeyBenefitArea><KeyBenefitArea><KeyBenefitAreaCode>K4035549</KeyBenefitAreaCode><KeyBenefitAreaName>Lighting for your convenience and peace of mind</KeyBenefitAreaName><KeyBenefitAreaRank>2</KeyBenefitAreaRank><Feature><FeatureCode>F400086860</FeatureCode><FeatureReferenceName>EyeComfort [LED lums, LED lamps]</FeatureReferenceName><FeatureName>Gentle LEDs, easy on the eyes</FeatureName><FeatureLongDescription>Designed for the comfort of your eyes</FeatureLongDescription><FeatureGlossary>It's easy to see how harsh lighting can strain the eyes. Too bright, and you get the glare. Too soft and you experience flicker. Now you can gently light up your world with LEDs designed to go easy on the eyes, and create the perfect ambience for your home.</FeatureGlossary><FeatureRank>1</FeatureRank><FeatureTopRank>2</FeatureTopRank></Feature><Feature><FeatureCode>F400086853</FeatureCode><FeatureReferenceName>High light output - 2000 lumen [LED lums, Spots]</FeatureReferenceName><FeatureName>High light output - 2000 lumen</FeatureName><FeatureLongDescription>High light output - 2000 lumen</FeatureLongDescription><FeatureRank>2</FeatureRank><FeatureTopRank>3</FeatureTopRank></Feature><Feature><FeatureCode>F400086938</FeatureCode><FeatureReferenceName>Integrated LED light [LED lums, Spots]</FeatureReferenceName><FeatureName>Integrated LED light</FeatureName><FeatureLongDescription>Integrated LED light</FeatureLongDescription><FeatureGlossary>This spot has an integrated high quality LED light that provides optimal light output.</FeatureGlossary><FeatureRank>3</FeatureRank><FeatureTopRank>4</FeatureTopRank></Feature><Feature><FeatureCode>F400085559</FeatureCode><FeatureReferenceName>ClickFix easy mounting [LED lums, Spots]</FeatureReferenceName><FeatureName>ClickFix easy mounting</FeatureName><FeatureLongDescription>ClickFix easy mounting</FeatureLongDescription><FeatureGlossary>Install your spot light easily and by yourself. Thanks to ClickFix, no extra pair of hands is needed. Simply mount the bracket to the ceiling, connect the wires, then click and fix the lamp in one go.</FeatureGlossary><FeatureRank>4</FeatureRank><FeatureTopRank>5</FeatureTopRank></Feature><Feature><FeatureCode>F400086939</FeatureCode><FeatureReferenceName>5 year warranty [LED lums, Spots]</FeatureReferenceName><FeatureName>5 year warranty</FeatureName><FeatureLongDescription>5 year warranty for a peace of mind</FeatureLongDescription><FeatureGlossary>All our spot lights are built to last. They come with a full 5 year warranty on the complete product, ensuring you will enjoy long-lasting quality lighting every day.</FeatureGlossary><FeatureRank>5</FeatureRank><FeatureTopRank>6</FeatureTopRank></Feature><Feature><FeatureCode>F400086697</FeatureCode><FeatureReferenceName>Lamp lifetime for up to 30 years of use [LED lums, Spots]</FeatureReferenceName><FeatureName>Lifetime for up to 30 years</FeatureName><FeatureLongDescription>Lamp lifetime for up to 30 years of use</FeatureLongDescription><FeatureGlossary>LED lights last longer, avoiding the hassle of frequent replacing of your light source. This significantly reduces waste but also saves you money in the long term.</FeatureGlossary><FeatureRank>6</FeatureRank><FeatureTopRank>7</FeatureTopRank></Feature><Feature><FeatureCode>F400086696</FeatureCode><FeatureReferenceName>Energy saving LED light [LED lums, Spots]</FeatureReferenceName><FeatureName>Energy saving LED light</FeatureName><FeatureLongDescription>Get high quality LED light, while saving energy</FeatureLongDescription><FeatureGlossary>LED lights save up to 80% energy compared to a traditional lighting with the same light output. When you buy a Philips LED lamp or light bulb, you start saving money right away. For each light source you replace with a LED light, you will see immediate returns on a lower energy bill.</FeatureGlossary><FeatureRank>7</FeatureRank><FeatureTopRank>8</FeatureTopRank></Feature><Feature><FeatureCode>F400086704</FeatureCode><FeatureReferenceName>Instant brightness [LED lums, Spots]</FeatureReferenceName><FeatureName>Instant brightness</FeatureName><FeatureLongDescription>Instant brightness when switched on</FeatureLongDescription><FeatureGlossary>There is no need to wait with Philips LED spots. They provide their full level of brightness immediately upon switching on. Their true incandescent-like warm white light instantly creates a cosy inviting atmosphere.</FeatureGlossary><FeatureRank>8</FeatureRank><FeatureTopRank>9</FeatureTopRank></Feature></KeyBenefitArea><KeyBenefitArea><KeyBenefitAreaCode>K4035695</KeyBenefitAreaCode><KeyBenefitAreaName>Superior design for an optimal light effect</KeyBenefitAreaName><KeyBenefitAreaRank>3</KeyBenefitAreaRank><Feature><FeatureCode>F400086702</FeatureCode><FeatureReferenceName>Accent lighting [LED lums, Spots]</FeatureReferenceName><FeatureName>Perfect for accent lighting</FeatureName><FeatureLongDescription>The perfect light beam for accent lighting</FeatureLongDescription><FeatureGlossary>Modern lighting with a familiar wide angle light output (40 degrees), this LED spot is suitable for both accent lighting and general purpose lighting. It is ideal for use in kitchens, living rooms and dining rooms.</FeatureGlossary><FeatureRank>1</FeatureRank><FeatureTopRank>10</FeatureTopRank></Feature><Feature><FeatureCode>F400086700</FeatureCode><FeatureReferenceName>Adjustable spot head (multiple directions) [LED lums, Spots]</FeatureReferenceName><FeatureName>Easy-to-adjust spot head</FeatureName><FeatureLongDescription>Adjustable spot head for maximum flexibility</FeatureLongDescription><FeatureGlossary>The adjustable spot head is designed to direct the light where you need it most.</FeatureGlossary><FeatureRank>2</FeatureRank><FeatureTopRank>11</FeatureTopRank></Feature><Feature><FeatureCode>F400086699</FeatureCode><FeatureReferenceName>High quality material [LED lums, Spots]</FeatureReferenceName><FeatureName>High quality material</FeatureName><FeatureLongDescription>Long lasting, high quality material</FeatureLongDescription><FeatureGlossary>This spot light is made of long lasting, high quality materials with superior finishing. This ensures a solid and durable product which will enhance and light up your home for many years to come.</FeatureGlossary><FeatureRank>3</FeatureRank><FeatureTopRank>12</FeatureTopRank></Feature></KeyBenefitArea><FeatureImage><FeatureCode>F400084848</FeatureCode><FeatureReferenceName>WarmGlow [LED lums, Spots]</FeatureReferenceName><FeatureImageRank>1</FeatureImageRank></FeatureImage><FeatureImage><FeatureCode>F400086860</FeatureCode><FeatureReferenceName>EyeComfort [LED lums, LED lamps]</FeatureReferenceName><FeatureImageRank>2</FeatureImageRank></FeatureImage><FeatureImage><FeatureCode>F400086853</FeatureCode><FeatureReferenceName>High light output - 2000 lumen [LED lums, Spots]</FeatureReferenceName><FeatureImageRank>3</FeatureImageRank></FeatureImage><FeatureImage><FeatureCode>F400086938</FeatureCode><FeatureReferenceName>Integrated LED light [LED lums, Spots]</FeatureReferenceName><FeatureImageRank>4</FeatureImageRank></FeatureImage><FeatureImage><FeatureCode>F400085559</FeatureCode><FeatureReferenceName>ClickFix easy mounting [LED lums, Spots]</FeatureReferenceName><FeatureImageRank>5</FeatureImageRank></FeatureImage><FeatureImage><FeatureCode>F400086939</FeatureCode><FeatureReferenceName>5 year warranty [LED lums, Spots]</FeatureReferenceName><FeatureImageRank>6</FeatureImageRank></FeatureImage><FeatureImage><FeatureCode>F400086697</FeatureCode><FeatureReferenceName>Lamp lifetime for up to 30 years of use [LED lums, Spots]</FeatureReferenceName><FeatureImageRank>7</FeatureImageRank></FeatureImage><FeatureImage><FeatureCode>F400086696</FeatureCode><FeatureReferenceName>Energy saving LED light [LED lums, Spots]</FeatureReferenceName><FeatureImageRank>8</FeatureImageRank></FeatureImage><FeatureImage><FeatureCode>F400086704</FeatureCode><FeatureReferenceName>Instant brightness [LED lums, Spots]</FeatureReferenceName><FeatureImageRank>9</FeatureImageRank></FeatureImage><FeatureImage><FeatureCode>F400086702</FeatureCode><FeatureReferenceName>Accent lighting [LED lums, Spots]</FeatureReferenceName><FeatureImageRank>10</FeatureImageRank></FeatureImage><FeatureImage><FeatureCode>F400086700</FeatureCode><FeatureReferenceName>Adjustable spot head (multiple directions) [LED lums, Spots]</FeatureReferenceName><FeatureImageRank>11</FeatureImageRank></FeatureImage><FeatureImage><FeatureCode>F400086699</FeatureCode><FeatureReferenceName>High quality material [LED lums, Spots]</FeatureReferenceName><FeatureImageRank>12</FeatureImageRank></FeatureImage><FeatureHighlight><FeatureCode>F400084848</FeatureCode><FeatureReferenceName>WarmGlow [LED lums, Spots]</FeatureReferenceName><FeatureHighlightRank>1</FeatureHighlightRank></FeatureHighlight><FeatureHighlight><FeatureCode>F400086860</FeatureCode><FeatureReferenceName>EyeComfort [LED lums, LED lamps]</FeatureReferenceName><FeatureHighlightRank>2</FeatureHighlightRank></FeatureHighlight><FeatureHighlight><FeatureCode>F400086853</FeatureCode><FeatureReferenceName>High light output - 2000 lumen [LED lums, Spots]</FeatureReferenceName><FeatureHighlightRank>3</FeatureHighlightRank></FeatureHighlight><FeatureHighlight><FeatureCode>F400086938</FeatureCode><FeatureReferenceName>Integrated LED light [LED lums, Spots]</FeatureReferenceName><FeatureHighlightRank>4</FeatureHighlightRank></FeatureHighlight><FeatureHighlight><FeatureCode>F400085559</FeatureCode><FeatureReferenceName>ClickFix easy mounting [LED lums, Spots]</FeatureReferenceName><FeatureHighlightRank>5</FeatureHighlightRank></FeatureHighlight><FeatureHighlight><FeatureCode>F400086939</FeatureCode><FeatureReferenceName>5 year warranty [LED lums, Spots]</FeatureReferenceName><FeatureHighlightRank>6</FeatureHighlightRank></FeatureHighlight><FeatureHighlight><FeatureCode>F400086697</FeatureCode><FeatureReferenceName>Lamp lifetime for up to 30 years of use [LED lums, Spots]</FeatureReferenceName><FeatureHighlightRank>7</FeatureHighlightRank></FeatureHighlight><FeatureHighlight><FeatureCode>F400086696</FeatureCode><FeatureReferenceName>Energy saving LED light [LED lums, Spots]</FeatureReferenceName><FeatureHighlightRank>8</FeatureHighlightRank></FeatureHighlight><FeatureHighlight><FeatureCode>F400086704</FeatureCode><FeatureReferenceName>Instant brightness [LED lums, Spots]</FeatureReferenceName><FeatureHighlightRank>9</FeatureHighlightRank></FeatureHighlight><FeatureHighlight><FeatureCode>F400086702</FeatureCode><FeatureReferenceName>Accent lighting [LED lums, Spots]</FeatureReferenceName><FeatureHighlightRank>10</FeatureHighlightRank></FeatureHighlight><FeatureHighlight><FeatureCode>F400086700</FeatureCode><FeatureReferenceName>Adjustable spot head (multiple directions) [LED lums, Spots]</FeatureReferenceName><FeatureHighlightRank>11</FeatureHighlightRank></FeatureHighlight><FeatureHighlight><FeatureCode>F400086699</FeatureCode><FeatureReferenceName>High quality material [LED lums, Spots]</FeatureReferenceName><FeatureHighlightRank>12</FeatureHighlightRank></FeatureHighlight><CSChapter><CSChapterCode>PLMCHP010</CSChapterCode><CSChapterName>Design and finishing</CSChapterName><CSChapterRank>10</CSChapterRank><CSItem><CSItemCode>PLMITM010001</CSItemCode><CSItemName>Material</CSItemName><CSItemRank>1</CSItemRank><CSItemIsFreeFormat>0</CSItemIsFreeFormat><CSValue><CSValueCode>PLMATR0105METAL</CSValueCode><CSValueName>metal</CSValueName><CSValueRank>1</CSValueRank></CSValue><CSValue><CSValueCode>PLMATR0105SYNTH</CSValueCode><CSValueName>synthetics</CSValueName><CSValueRank>2</CSValueRank></CSValue></CSItem><CSItem><CSItemCode>PLMITM010002</CSItemCode><CSItemName>Color</CSItemName><CSItemRank>2</CSItemRank><CSItemIsFreeFormat>0</CSItemIsFreeFormat><CSValue><CSValueCode>PLMATR018311</CSValueCode><CSValueName>chrome</CSValueName><CSValueRank>1</CSValueRank></CSValue></CSItem></CSChapter><CSChapter><CSChapterCode>PLMCHP020</CSChapterCode><CSChapterName>Extra feature/accessory incl.</CSChapterName><CSChapterRank>20</CSChapterRank><CSItem><CSItemCode>PLMITM0776F2001</CSItemCode><CSItemName>Dimmable</CSItemName><CSItemRank>2</CSItemRank><CSItemIsFreeFormat>0</CSItemIsFreeFormat><CSValue><CSValueCode>PLMATR0776F2001YES</CSValueCode><CSValueName>YES</CSValueName><CSValueRank>1</CSValueRank></CSValue></CSItem><CSItem><CSItemCode>PLMITM0776FX064</CSItemCode><CSItemName>Warm glow dimmable light</CSItemName><CSItemRank>4</CSItemRank><CSItemIsFreeFormat>0</CSItemIsFreeFormat><CSValue><CSValueCode>PLMATR0776FX064YES</CSValueCode><CSValueName>YES</CSValueName><CSValueRank>1</CSValueRank></CSValue></CSItem><CSItem><CSItemCode>PLMITM0776FX052</CSItemCode><CSItemName>ClickFix easy mounting</CSItemName><CSItemRank>5</CSItemRank><CSItemIsFreeFormat>0</CSItemIsFreeFormat><CSValue><CSValueCode>PLMATR0776FX052YES</CSValueCode><CSValueName>YES</CSValueName><CSValueRank>1</CSValueRank></CSValue></CSItem></CSChapter><CSChapter><CSChapterCode>PLMCHP030</CSChapterCode><CSChapterName>Product dimensions &amp; weight</CSChapterName><CSChapterRank>30</CSChapterRank><CSItem><CSItemCode>PLMITM030001</CSItemCode><CSItemName>Height</CSItemName><CSItemRank>1</CSItemRank><CSItemIsFreeFormat>1</CSItemIsFreeFormat><CSValue><CSValueCode>VA4042333</CSValueCode><CSValueName>17.2</CSValueName><CSValueRank>1</CSValueRank></CSValue><UnitOfMeasure><UnitOfMeasureCode>3000039</UnitOfMeasureCode><UnitOfMeasureName>centimeter</UnitOfMeasureName><UnitOfMeasureSymbol>cm</UnitOfMeasureSymbol></UnitOfMeasure></CSItem><CSItem><CSItemCode>PLMITM030004</CSItemCode><CSItemName>Length</CSItemName><CSItemRank>4</CSItemRank><CSItemIsFreeFormat>1</CSItemIsFreeFormat><CSValue><CSValueCode>VA4042309</CSValueCode><CSValueName>96.5</CSValueName><CSValueRank>1</CSValueRank></CSValue><UnitOfMeasure><UnitOfMeasureCode>3000039</UnitOfMeasureCode><UnitOfMeasureName>centimeter</UnitOfMeasureName><UnitOfMeasureSymbol>cm</UnitOfMeasureSymbol></UnitOfMeasure></CSItem><CSItem><CSItemCode>PLMITM030005</CSItemCode><CSItemName>Width</CSItemName><CSItemRank>5</CSItemRank><CSItemIsFreeFormat>1</CSItemIsFreeFormat><CSValue><CSValueCode>VA4042311</CSValueCode><CSValueName>16.5</CSValueName><CSValueRank>1</CSValueRank></CSValue><UnitOfMeasure><UnitOfMeasureCode>3000039</UnitOfMeasureCode><UnitOfMeasureName>centimeter</UnitOfMeasureName><UnitOfMeasureSymbol>cm</UnitOfMeasureSymbol></UnitOfMeasure></CSItem><CSItem><CSItemCode>PLMITM030006</CSItemCode><CSItemName>Net weight</CSItemName><CSItemRank>6</CSItemRank><CSItemIsFreeFormat>1</CSItemIsFreeFormat><CSValue><CSValueCode>VA4042308</CSValueCode><CSValueName>1.430</CSValueName><CSValueRank>1</CSValueRank></CSValue><UnitOfMeasure><UnitOfMeasureCode>3000049</UnitOfMeasureCode><UnitOfMeasureName>kilogram</UnitOfMeasureName><UnitOfMeasureSymbol>kg</UnitOfMeasureSymbol></UnitOfMeasure></CSItem></CSChapter><CSChapter><CSChapterCode>PLMCHP040</CSChapterCode><CSChapterName>Technical specifications</CSChapterName><CSChapterRank>40</CSChapterRank><CSItem><CSItemCode>PLMITM040001</CSItemCode><CSItemName>Mains power</CSItemName><CSItemRank>1</CSItemRank><CSItemIsFreeFormat>0</CSItemIsFreeFormat><CSValue><CSValueCode>PLMATR0719220-240</CSValueCode><CSValueName>Range 220 V - 240 V</CSValueName><CSValueRank>1</CSValueRank></CSValue><CSValue><CSValueCode>PLMATR067350/60HZ</CSValueCode><CSValueName>50-60 Hz</CSValueName><CSValueRank>2</CSValueRank></CSValue></CSItem><CSItem><CSItemCode>PLMITM040002</CSItemCode><CSItemName>Bulb technology</CSItemName><CSItemRank>2</CSItemRank><CSItemIsFreeFormat>0</CSItemIsFreeFormat><CSValue><CSValueCode>PLMATRBOIBULB10131LED</CSValueCode><CSValueName>LED</CSValueName><CSValueRank>1</CSValueRank></CSValue><CSValue><CSValueCode>PLMATR0329SEL</CSValueCode><CSValueName>Safety Extra Low Voltage</CSValueName><CSValueRank>2</CSValueRank></CSValue></CSItem><CSItem><CSItemCode>PLMITM040003</CSItemCode><CSItemName>Number of bulbs</CSItemName><CSItemRank>3</CSItemRank><CSItemIsFreeFormat>1</CSItemIsFreeFormat><CSValue><CSValueCode>VA4042306</CSValueCode><CSValueName>4</CSValueName><CSValueRank>1</CSValueRank></CSValue></CSItem><CSItem><CSItemCode>PLMITM040005</CSItemCode><CSItemName>Wattage bulb included</CSItemName><CSItemRank>5</CSItemRank><CSItemIsFreeFormat>0</CSItemIsFreeFormat><CSValue><CSValueCode>PLMATR04604_5</CSValueCode><CSValueName>4.5 W</CSValueName><CSValueRank>1</CSValueRank></CSValue></CSItem><CSItem><CSItemCode>PLMITM040007</CSItemCode><CSItemName>Light color</CSItemName><CSItemRank>7</CSItemRank><CSItemIsFreeFormat>0</CSItemIsFreeFormat><CSValue><CSValueCode>PLMATRBOIBULB106242700_K</CSValueCode><CSValueName>warm white</CSValueName><CSValueRank>1</CSValueRank></CSValue></CSItem><CSItem><CSItemCode>PLMITM0400011</CSItemCode><CSItemName>Total lumen output fixture</CSItemName><CSItemRank>11</CSItemRank><CSItemIsFreeFormat>0</CSItemIsFreeFormat><CSValue><CSValueCode>PLMATR10962000</CSValueCode><CSValueName>2000 lm</CSValueName><CSValueRank>1</CSValueRank></CSValue></CSItem><CSItem><CSItemCode>PLMITM0400013</CSItemCode><CSItemName>Fixture dimmable</CSItemName><CSItemRank>13</CSItemRank><CSItemIsFreeFormat>0</CSItemIsFreeFormat><CSValue><CSValueCode>PLMATR1075Y</CSValueCode><CSValueName>Yes</CSValueName><CSValueRank>1</CSValueRank></CSValue></CSItem><CSItem><CSItemCode>PLMITM0400014</CSItemCode><CSItemName>LED</CSItemName><CSItemRank>14</CSItemRank><CSItemIsFreeFormat>0</CSItemIsFreeFormat><CSValue><CSValueCode>PLMATR0814Y</CSValueCode><CSValueName>Yes</CSValueName><CSValueRank>1</CSValueRank></CSValue></CSItem><CSItem><CSItemCode>PLMITM0400018</CSItemCode><CSItemName>Lifetime up to</CSItemName><CSItemRank>18</CSItemRank><CSItemIsFreeFormat>1</CSItemIsFreeFormat><CSValue><CSValueCode>VA4094468</CSValueCode><CSValueName>30,000</CSValueName><CSValueRank>1</CSValueRank></CSValue><UnitOfMeasure><UnitOfMeasureCode>4000213</UnitOfMeasureCode><UnitOfMeasureName>hrs</UnitOfMeasureName><UnitOfMeasureSymbol>hrs</UnitOfMeasureSymbol></UnitOfMeasure></CSItem><CSItem><CSItemCode>PLMITM040026</CSItemCode><CSItemName>IP code</CSItemName><CSItemRank>26</CSItemRank><CSItemIsFreeFormat>0</CSItemIsFreeFormat><CSValue><CSValueCode>PLMATR0290IP20</CSValueCode><CSValueName>IP20</CSValueName><CSValueRank>1</CSValueRank></CSValue><CSValue><CSValueCode>PLMATR0290IP20-2</CSValueCode><CSValueName>protection against objects bigger than 12.5 mm</CSValueName><CSValueRank>2</CSValueRank></CSValue><CSValue><CSValueCode>PLMATR0290IP20-3</CSValueCode><CSValueName>no protection against water</CSValueName><CSValueRank>3</CSValueRank></CSValue></CSItem><CSItem><CSItemCode>PLMITM040027</CSItemCode><CSItemName>Class of protection</CSItemName><CSItemRank>27</CSItemRank><CSItemIsFreeFormat>0</CSItemIsFreeFormat><CSValue><CSValueCode>PLMATR0289I</CSValueCode><CSValueName>I - earthed</CSValueName><CSValueRank>1</CSValueRank></CSValue></CSItem><CSItem><CSItemCode>PLMITM0400051</CSItemCode><CSItemName>Light source equivalent to traditional bulb of</CSItemName><CSItemRank>51</CSItemRank><CSItemIsFreeFormat>1</CSItemIsFreeFormat><CSValue><CSValueCode>VA4081551</CSValueCode><CSValueName>41</CSValueName><CSValueRank>1</CSValueRank></CSValue><UnitOfMeasure><UnitOfMeasureCode>3000072</UnitOfMeasureCode><UnitOfMeasureName>watt</UnitOfMeasureName><UnitOfMeasureSymbol>W</UnitOfMeasureSymbol></UnitOfMeasure></CSItem></CSChapter><CSChapter><CSChapterCode>PLMCHP050</CSChapterCode><CSChapterName>Service</CSChapterName><CSChapterRank>50</CSChapterRank><CSItem><CSItemCode>PLMITM050001</CSItemCode><CSItemName>Warranty</CSItemName><CSItemRank>1</CSItemRank><CSItemIsFreeFormat>0</CSItemIsFreeFormat><CSValue><CSValueCode>PLMATR02985</CSValueCode><CSValueName>5 year(s)</CSValueName><CSValueRank>1</CSValueRank></CSValue></CSItem></CSChapter><CSChapter><CSChapterCode>PLMCHP060</CSChapterCode><CSChapterName>Packaging dimensions &amp; weight</CSChapterName><CSChapterRank>60</CSChapterRank><CSItem><CSItemCode>PLMITM060001</CSItemCode><CSItemName>Height</CSItemName><CSItemRank>1</CSItemRank><CSItemIsFreeFormat>1</CSItemIsFreeFormat><CSValue><CSValueCode>VA4042312</CSValueCode><CSValueName>13.9</CSValueName><CSValueRank>1</CSValueRank></CSValue><UnitOfMeasure><UnitOfMeasureCode>3000039</UnitOfMeasureCode><UnitOfMeasureName>centimeter</UnitOfMeasureName><UnitOfMeasureSymbol>cm</UnitOfMeasureSymbol></UnitOfMeasure></CSItem><CSItem><CSItemCode>PLMITM060002</CSItemCode><CSItemName>Length</CSItemName><CSItemRank>2</CSItemRank><CSItemIsFreeFormat>1</CSItemIsFreeFormat><CSValue><CSValueCode>VA4042313</CSValueCode><CSValueName>102.9</CSValueName><CSValueRank>1</CSValueRank></CSValue><UnitOfMeasure><UnitOfMeasureCode>3000039</UnitOfMeasureCode><UnitOfMeasureName>centimeter</UnitOfMeasureName><UnitOfMeasureSymbol>cm</UnitOfMeasureSymbol></UnitOfMeasure></CSItem><CSItem><CSItemCode>PLMITM060003</CSItemCode><CSItemName>Width</CSItemName><CSItemRank>3</CSItemRank><CSItemIsFreeFormat>1</CSItemIsFreeFormat><CSValue><CSValueCode>VA4042307</CSValueCode><CSValueName>21.3</CSValueName><CSValueRank>1</CSValueRank></CSValue><UnitOfMeasure><UnitOfMeasureCode>3000039</UnitOfMeasureCode><UnitOfMeasureName>centimeter</UnitOfMeasureName><UnitOfMeasureSymbol>cm</UnitOfMeasureSymbol></UnitOfMeasure></CSItem><CSItem><CSItemCode>PLMITM060004</CSItemCode><CSItemName>Weight</CSItemName><CSItemRank>4</CSItemRank><CSItemIsFreeFormat>1</CSItemIsFreeFormat><CSValue><CSValueCode>VA4042304</CSValueCode><CSValueName>2.233</CSValueName><CSValueRank>1</CSValueRank></CSValue><UnitOfMeasure><UnitOfMeasureCode>3000049</UnitOfMeasureCode><UnitOfMeasureName>kilogram</UnitOfMeasureName><UnitOfMeasureSymbol>kg</UnitOfMeasureSymbol></UnitOfMeasure></CSItem></CSChapter><CSChapter><CSChapterCode>PLMCHP070</CSChapterCode><CSChapterName>Miscellaneous</CSChapterName><CSChapterRank>70</CSChapterRank><CSItem><CSItemCode>PLMITM070001</CSItemCode><CSItemName>Especially designed for</CSItemName><CSItemRank>1</CSItemRank><CSItemIsFreeFormat>0</CSItemIsFreeFormat><CSValue><CSValueCode>PLMATR0970L_B</CSValueCode><CSValueName>Living- &amp; Bedroom</CSValueName><CSValueRank>1</CSValueRank></CSValue></CSItem><CSItem><CSItemCode>PLMITM070002</CSItemCode><CSItemName>Style</CSItemName><CSItemRank>2</CSItemRank><CSItemIsFreeFormat>0</CSItemIsFreeFormat><CSValue><CSValueCode>PLMATR0628CON</CSValueCode><CSValueName>Contemporary</CSValueName><CSValueRank>1</CSValueRank></CSValue></CSItem><CSItem><CSItemCode>PLMITM070003</CSItemCode><CSItemName>Type</CSItemName><CSItemRank>3</CSItemRank><CSItemIsFreeFormat>0</CSItemIsFreeFormat><CSValue><CSValueCode>PLMATR0830SPOT</CSValueCode><CSValueName>Spot light</CSValueName><CSValueRank>1</CSValueRank></CSValue></CSItem></CSChapter><Filters><Purpose type="Comparison"><Features><Feature code="F400084848" rank="1" referenceName="WarmGlow [LED lums, Spots]"/><Feature code="F400086860" rank="2" referenceName="EyeComfort [LED lums, LED lamps]"/><Feature code="F400086853" rank="3" referenceName="High light output - 2000 lumen [LED lums, Spots]"/><Feature code="F400086938" rank="4" referenceName="Integrated LED light [LED lums, Spots]"/><Feature code="F400085559" rank="5" referenceName="ClickFix easy mounting [LED lums, Spots]"/><Feature code="F400086939" rank="6" referenceName="5 year warranty [LED lums, Spots]"/><Feature code="F400086697" rank="7" referenceName="Lamp lifetime for up to 30 years of use [LED lums, Spots]"/><Feature code="F400086696" rank="8" referenceName="Energy saving LED light [LED lums, Spots]"/><Feature code="F400086704" rank="9" referenceName="Instant brightness [LED lums, Spots]"/><Feature code="F400086702" rank="10" referenceName="Accent lighting [LED lums, Spots]"/><Feature code="F400086700" rank="11" referenceName="Adjustable spot head (multiple directions) [LED lums, Spots]"/><Feature code="F400086699" rank="12" referenceName="High quality material [LED lums, Spots]"/></Features><CSItems><CSItem code="PLMITM010001" rank="1" referenceName="Design and finishing - Material"/><CSItem code="PLMITM030001" rank="1" referenceName="Product dimensions &amp; weight - Height"/><CSItem code="PLMITM040001" rank="1" referenceName="Technical specifications - Mains power"/><CSItem code="PLMITM050001" rank="1" referenceName="Service - Warranty"/><CSItem code="PLMITM060001" rank="1" referenceName="Packaging dimensions &amp; weight - Height"/><CSItem code="PLMITM070001" rank="1" referenceName="Miscellaneous - Especially designed for"/><CSItem code="PLMITM010002" rank="2" referenceName="Design and finishing - Color"/><CSItem code="PLMITM0776F2001" rank="2" referenceName="Extra feature/accessory incl. - Dimmable"/><CSItem code="PLMITM040002" rank="2" referenceName="Technical specifications - Bulb technology"/><CSItem code="PLMITM060002" rank="2" referenceName="Packaging dimensions &amp; weight - Length"/><CSItem code="PLMITM070002" rank="2" referenceName="Miscellaneous - Style"/><CSItem code="PLMITM040003" rank="3" referenceName="Technical specifications - Number of bulbs"/><CSItem code="PLMITM060003" rank="3" referenceName="Packaging dimensions &amp; weight - Width"/><CSItem code="PLMITM070003" rank="3" referenceName="Miscellaneous - Type"/><CSItem code="PLMITM0776FX064" rank="4" referenceName="Extra feature/accessory incl. - Warm glow dimmable light"/><CSItem code="PLMITM030004" rank="4" referenceName="Product dimensions &amp; weight - Length"/><CSItem code="PLMITM060004" rank="4" referenceName="Packaging dimensions &amp; weight - Weight"/><CSItem code="PLMITM0776FX052" rank="5" referenceName="Extra feature/accessory incl. - ClickFix easy mounting"/><CSItem code="PLMITM030005" rank="5" referenceName="Product dimensions &amp; weight - Width"/><CSItem code="PLMITM040005" rank="5" referenceName="Technical specifications - Wattage bulb included"/><CSItem code="PLMITM030006" rank="6" referenceName="Product dimensions &amp; weight - Net weight"/><CSItem code="PLMITM040007" rank="7" referenceName="Technical specifications - Light color"/><CSItem code="PLMITM0400011" rank="11" referenceName="Technical specifications - Total lumen output fixture"/><CSItem code="PLMITM0400013" rank="13" referenceName="Technical specifications - Fixture dimmable"/><CSItem code="PLMITM0400014" rank="14" referenceName="Technical specifications - LED"/><CSItem code="PLMITM0400018" rank="18" referenceName="Technical specifications - Lifetime up to"/><CSItem code="PLMITM040026" rank="26" referenceName="Technical specifications - IP code"/><CSItem code="PLMITM040027" rank="27" referenceName="Technical specifications - Class of protection"/><CSItem code="PLMITM0400051" rank="51" referenceName="Technical specifications - Light source equivalent to traditional bulb of"/></CSItems></Purpose><Purpose type="Detail"><Features><Feature code="F400084848" rank="1" referenceName="WarmGlow [LED lums, Spots]"/><Feature code="F400086860" rank="2" referenceName="EyeComfort [LED lums, LED lamps]"/><Feature code="F400086853" rank="3" referenceName="High light output - 2000 lumen [LED lums, Spots]"/><Feature code="F400086938" rank="4" referenceName="Integrated LED light [LED lums, Spots]"/><Feature code="F400085559" rank="5" referenceName="ClickFix easy mounting [LED lums, Spots]"/><Feature code="F400086939" rank="6" referenceName="5 year warranty [LED lums, Spots]"/><Feature code="F400086697" rank="7" referenceName="Lamp lifetime for up to 30 years of use [LED lums, Spots]"/><Feature code="F400086696" rank="8" referenceName="Energy saving LED light [LED lums, Spots]"/><Feature code="F400086704" rank="9" referenceName="Instant brightness [LED lums, Spots]"/><Feature code="F400086702" rank="10" referenceName="Accent lighting [LED lums, Spots]"/><Feature code="F400086700" rank="11" referenceName="Adjustable spot head (multiple directions) [LED lums, Spots]"/><Feature code="F400086699" rank="12" referenceName="High quality material [LED lums, Spots]"/></Features><CSItems><CSItem code="PLMITM010001" rank="1" referenceName="Design and finishing - Material"/><CSItem code="PLMITM030001" rank="1" referenceName="Product dimensions &amp; weight - Height"/><CSItem code="PLMITM040001" rank="1" referenceName="Technical specifications - Mains power"/><CSItem code="PLMITM050001" rank="1" referenceName="Service - Warranty"/><CSItem code="PLMITM060001" rank="1" referenceName="Packaging dimensions &amp; weight - Height"/><CSItem code="PLMITM070001" rank="1" referenceName="Miscellaneous - Especially designed for"/><CSItem code="PLMITM010002" rank="2" referenceName="Design and finishing - Color"/><CSItem code="PLMITM0776F2001" rank="2" referenceName="Extra feature/accessory incl. - Dimmable"/><CSItem code="PLMITM040002" rank="2" referenceName="Technical specifications - Bulb technology"/><CSItem code="PLMITM060002" rank="2" referenceName="Packaging dimensions &amp; weight - Length"/><CSItem code="PLMITM070002" rank="2" referenceName="Miscellaneous - Style"/><CSItem code="PLMITM040003" rank="3" referenceName="Technical specifications - Number of bulbs"/><CSItem code="PLMITM060003" rank="3" referenceName="Packaging dimensions &amp; weight - Width"/><CSItem code="PLMITM070003" rank="3" referenceName="Miscellaneous - Type"/><CSItem code="PLMITM0776FX064" rank="4" referenceName="Extra feature/accessory incl. - Warm glow dimmable light"/><CSItem code="PLMITM030004" rank="4" referenceName="Product dimensions &amp; weight - Length"/><CSItem code="PLMITM060004" rank="4" referenceName="Packaging dimensions &amp; weight - Weight"/><CSItem code="PLMITM0776FX052" rank="5" referenceName="Extra feature/accessory incl. - ClickFix easy mounting"/><CSItem code="PLMITM030005" rank="5" referenceName="Product dimensions &amp; weight - Width"/><CSItem code="PLMITM040005" rank="5" referenceName="Technical specifications - Wattage bulb included"/><CSItem code="PLMITM030006" rank="6" referenceName="Product dimensions &amp; weight - Net weight"/><CSItem code="PLMITM040007" rank="7" referenceName="Technical specifications - Light color"/><CSItem code="PLMITM0400011" rank="11" referenceName="Technical specifications - Total lumen output fixture"/><CSItem code="PLMITM0400013" rank="13" referenceName="Technical specifications - Fixture dimmable"/><CSItem code="PLMITM0400014" rank="14" referenceName="Technical specifications - LED"/><CSItem code="PLMITM0400018" rank="18" referenceName="Technical specifications - Lifetime up to"/><CSItem code="PLMITM040026" rank="26" referenceName="Technical specifications - IP code"/><CSItem code="PLMITM040027" rank="27" referenceName="Technical specifications - Class of protection"/><CSItem code="PLMITM0400051" rank="51" referenceName="Technical specifications - Light source equivalent to traditional bulb of"/></CSItems></Purpose></Filters><FeatureCompareGroups/><Disclaimers/><RichTexts/></Product></Products>