<?xml version="1.0" encoding="UTF-8"?><Products xmlns:source="http://apache.org/cocoon/source/1.0" DocStatus="approved" DocTimeStamp="2018-10-20T07:16:36"><Product IsAccessory="false" IsLocalized="true" IsMaster="true" lastModified="2018-09-05T00:45:28" masterLastModified="2018-09-05T00:41:02"><CTN>162548716</CTN><Code12NC>915004122901</Code12NC><GTIN>8718291442240</GTIN><MarketingVersion>4.0.1</MarketingVersion><MarketingStatus>Final Published</MarketingStatus><CRDate>2016-01-29</CRDate><CRDateYW>201605</CRDateYW><ModelYears><ModelYear>2016</ModelYear></ModelYears><ProductDivision><ProductDivisionCode>0100</ProductDivisionCode><ProductDivisionName>Lighting</ProductDivisionName><FormerPDCode>0100</FormerPDCode></ProductDivision><ProductOwner>Mellissa van Heest - Cooijman</ProductOwner><DTN>16254/87/16</DTN><Catalog><StartOfPublication>2016-06-20T00:00:00</StartOfPublication><EndOfPublication>2300-01-01T00:00:00</EndOfPublication><StartOfSales>2016-06-20T00:00:00</StartOfSales><EndOfSales>2300-01-01T00:00:00</EndOfSales><DummyPrice/><Deleted>false</Deleted><DeleteAfterDate/><ProductRank>50</ProductRank></Catalog><FinancialCategorization><BusinessGroupCode>9021</BusinessGroupCode><BusinessGroupName>Home</BusinessGroupName><BusinessUnitCode>9159</BusinessUnitCode><BusinessUnitName>Home Luminaires</BusinessUnitName><MainArticleGroupCode>G79</MainArticleGroupCode><MainArticleGroupName>Outdoor</MainArticleGroupName><ArticleGroupCode>4928</ArticleGroupCode><ArticleGroupName>Outdoor Post</ArticleGroupName></FinancialCategorization><Categorization type="CONSUMER"><GroupCode>LIGHTING_GR</GroupCode><GroupName>Lighting</GroupName><CategoryCode>CHOOSE_YOUR_LUMINAIRE_CA</CategoryCode><CategoryName>Choose a fixture</CategoryName><SubcategoryCode>CONCEPT_MYGARDEN_SU</SubcategoryCode><SubcategoryName>myGarden</SubcategoryName></Categorization><Assets><Asset code="162548716" description="User manual" extension="pdf" lastModified="2014-10-13" locale="de_DE" number="001" type="DFU">http://download.p4c.philips.com/files/1/162548716/162548716_dfu_deu.pdf</Asset><Asset code="162548716" description="Leaflet" extension="pdf" lastModified="2018-09-27" locale="de_DE" number="001" type="PSS">http://download.p4c.philips.com/files/1/162548716/162548716_pss_deude.pdf</Asset><Asset code="162548716" description="Quick start guide" extension="pdf" lastModified="2014-10-13" locale="de_DE" number="001" type="QSG">http://download.p4c.philips.com/files/1/162548716/162548716_qsg_deu.pdf</Asset><Asset code="162548716" description="Retail Trade Leaflet" extension="pdf" lastModified="2018-10-15" locale="de_DE" number="001" type="RTL">http://download.p4c.philips.com/files/1/162548716/162548716_rtl_deude.pdf</Asset><Asset code="162548716" description="Alternative product photograph - highres 2196x1795" extension="jpg" lastModified="2012-12-14" locale="global" number="001" type="APP">http://images.philips.com/is/image/PhilipsConsumer/162548716-APP-global-001</Asset><Asset code="162548716" description="Energy Label - Rainbow " extension="pdf" lastModified="2014-12-03" locale="global" number="001" type="ELR">http://download.p4c.philips.com/files/1/162548716/162548716_elr_.pdf</Asset><Asset code="162548716" description="Leaflet" extension="pdf" lastModified="2018-09-06" locale="global" number="001" type="PSS">http://download.p4c.philips.com/files/1/162548716/162548716_pss_.pdf</Asset><Asset code="162548716" description="Standard product photograph - highres 2196x1795" extension="tif" lastModified="2012-12-11" locale="global" number="001" type="RTP">http://images.philips.com/is/image/PhilipsConsumer/162548716-RTP-global-001</Asset><Asset code="162548716" description="Product in use photograph - highres 2196x1795" extension="tif" lastModified="2018-03-26" locale="global" number="001" type="UPL">http://images.philips.com/is/image/PhilipsConsumer/162548716-UPL-global-001</Asset><Asset code="162548716" description="Single product shot" extension="" lastModified="2018-09-05" locale="" number="" type="IMS">http://images.philips.com/is/image/PhilipsConsumer/162548716-IMS-</Asset><Asset code="162548716" description="Product gallery image set" extension="" lastModified="2018-09-05" locale="" number="" type="GAL">http://images.philips.com/is/image/PhilipsConsumer/162548716-GAL-</Asset><Asset code="ALA_48969102" description="Award picture" extension="jpg" lastModified="" locale="global" number="001" type="AWP">http://images.philips.com/is/image/PhilipsConsumer/ALA_48969102-AWP-global-001</Asset><Asset code="ALA_48969102" description="Award rank" extension="png" lastModified="" locale="global" number="001" type="AWR">http://images.philips.com/is/image/PhilipsConsumer/ALR000-AWR-global-001</Asset><Asset code="ALA_48969102" description="Award URL" extension="html" lastModified="" locale="global" number="001" type="AWU">http://alatest.co.uk/redirect/pro-reviews/48969102/50428/</Asset><Asset code="ALS_49000084" description="Award source logo" extension="png" lastModified="" locale="global" number="001" type="AWL">http://images.philips.com/is/image/PhilipsConsumer/ALS_49000084-AWL-global-001</Asset><Asset code="ALS_49000084" description="Award source logo" extension="png" lastModified="" locale="de_DE" number="001" type="AWL">http://images.philips.com/is/image/PhilipsConsumer/ALS_49000084-AWL-de_DE-001</Asset><Asset code="ALS_49000084" description="Award www" extension="html" lastModified="" locale="global" number="001" type="AWW">http://alatest.co.uk/redirect/sources/49000084/50428/</Asset><Asset code="ALS_49000084" description="Award www" extension="html" lastModified="" locale="de_DE" number="001" type="AWW">http://alatest.co.uk/redirect/sources/49000084/50428/</Asset><Asset code="F400026618" description="Feature photograph - highres 2100x1170" extension="tif" lastModified="2012-02-21" locale="global" number="001" type="FIL">http://images.philips.com/is/image/PhilipsConsumer/F400026618-FIL-global-001</Asset><Asset code="F400031162" description="Feature photograph - highres 2100x1170" extension="tif" lastModified="2014-05-16" locale="global" number="001" type="FIL">http://images.philips.com/is/image/PhilipsConsumer/F400031162-FIL-global-001</Asset><Asset code="F400043167" description="Feature photograph - highres 2100x1170" extension="tif" lastModified="2012-04-06" locale="global" number="001" type="FIL">http://images.philips.com/is/image/PhilipsConsumer/F400043167-FIL-global-001</Asset><Asset code="F400050715" description="Feature photograph - highres 2100x1170" extension="tif" lastModified="2013-03-21" locale="global" number="001" type="FIL">http://images.philips.com/is/image/PhilipsConsumer/F400050715-FIL-global-001</Asset><Asset code="F400076495" description="Feature photograph - highres 2100x1170" extension="tif" lastModified="2016-01-18" locale="global" number="001" type="FIL">http://images.philips.com/is/image/PhilipsConsumer/F400076495-FIL-global-001</Asset><Asset code="GA40011070" description="needs to be blocked as code in CCR Global award logo - master" extension="eps" lastModified="2014-02-13" locale="global" number="001" type="GAL">GA40011070-GAL-global-001.eps</Asset><Asset code="GA40011070" description="Global award logo - highres 590x590" extension="tif" lastModified="2014-02-13" locale="global" number="001" type="GAP">http://images.philips.com/is/image/PhilipsConsumer/GA40011070-GAP-global-001</Asset><Asset code="GA40014681" description="needs to be blocked as code in CCR Global award logo - master" extension="eps" lastModified="2014-02-13" locale="global" number="001" type="GAL">GA40014681-GAL-global-001.eps</Asset><Asset code="GA40014681" description="Global award logo - highres 590x590" extension="tif" lastModified="2014-02-13" locale="global" number="001" type="GAP">http://images.philips.com/is/image/PhilipsConsumer/GA40014681-GAP-global-001</Asset><Asset code="PHI" description="Brand logo - highres 1476x886" extension="tif" lastModified="2016-02-18" locale="global" number="001" type="BRP">http://images.philips.com/is/image/PhilipsConsumer/PHI-BRP-global-001</Asset></Assets><ProductName>Dunetop grey LED Pedestal/post</ProductName><FullProductName>Philips myGarden Pedestal/post 16254/87/16 Dunetop grey LED</FullProductName><NamingString><MasterBrand><BrandCode>PHI</BrandCode><BrandName>Philips</BrandName></MasterBrand><BrandString>Philips</BrandString><Concept><ConceptCode>PLM0108MYG</ConceptCode><ConceptName>myGarden</ConceptName><ConceptNameUsed>1</ConceptNameUsed></Concept><Descriptor><DescriptorCode>PLM0830POS</DescriptorCode><DescriptorName>Pedestal/post</DescriptorName></Descriptor><Alphanumeric>16254/87/16</Alphanumeric><VersionElement1><VersionElementCode>PLM0000645</VersionElementCode><VersionElementName>Dunetop</VersionElementName></VersionElement1><VersionElement2><VersionElementCode>PLM018326</VersionElementCode><VersionElementName>grey</VersionElementName></VersionElement2><VersionElement3><VersionElementCode>PLM0814Y</VersionElementCode><VersionElementName>LED</VersionElementName></VersionElement3><VersionString>Dunetop grey LED</VersionString><BrandedFeatureString/><DescriptorBrandedFeatureString>Pedestal/post</DescriptorBrandedFeatureString></NamingString><WOW>Light up your outdoor life</WOW><MarketingTextHeader>This award-winning Philips Ledino light grey post light looks great by day and night. It has a contemporary look and it casts powerful warm white LED light. Dim the light to create a stunning ambiance for a late night drink outdoors.</MarketingTextHeader><KeyBenefitArea><KeyBenefitAreaCode>K4005041</KeyBenefitAreaCode><KeyBenefitAreaName>Sustainable light solutions</KeyBenefitAreaName><KeyBenefitAreaRank>1</KeyBenefitAreaRank><Feature><FeatureCode>F400026618</FeatureCode><FeatureReferenceName>Extremely long operating life (LED)</FeatureReferenceName><FeatureName>Extremely long operating life</FeatureName><FeatureLongDescription>Extremely long operating life</FeatureLongDescription><FeatureGlossary>A light source you can trust. Philips LED lights offer an extremely long-life of at least 20.000 hours (which equals 20 years on basis of an average use of 3 hours / day with an amount of at least of 13.000 on/off switching cycles). With the Philips LED lights you won’t have to worry about maintenance or lamp replacement while having the perfect light ambiance in your home.</FeatureGlossary><FeatureRank>5</FeatureRank><FeatureTopRank>2</FeatureTopRank></Feature><Feature><FeatureCode>F400043167</FeatureCode><FeatureReferenceName>Energy saving (general)</FeatureReferenceName><FeatureName>Energy saving</FeatureName><FeatureLongDescription>Energy saving</FeatureLongDescription><FeatureGlossary>This Philips light conserves energy compared to traditional light sources, helping you to save money on your electricity bills and do your bit for the environment.</FeatureGlossary><FeatureRank>7</FeatureRank><FeatureTopRank>3</FeatureTopRank></Feature><Feature><FeatureCode>F400076495</FeatureCode><FeatureReferenceName>5 year warranty on LED system</FeatureReferenceName><FeatureName>5 year warranty on LED system</FeatureName><FeatureLongDescription>Philips offers 5 year warranty on the LED module and driver</FeatureLongDescription><FeatureGlossary>On top of the standard 2 year warranty for this lamp, Philips offers 5 year warranty on the LED system, meaning the LED module and the driver in this lamp.</FeatureGlossary><FeatureRank>8</FeatureRank><FeatureTopRank>10</FeatureTopRank></Feature></KeyBenefitArea><KeyBenefitArea><KeyBenefitAreaCode>K4013391</KeyBenefitAreaCode><KeyBenefitAreaName>Designed for outdoors</KeyBenefitAreaName><KeyBenefitAreaRank>2</KeyBenefitAreaRank><Feature><FeatureCode>F400050692</FeatureCode><FeatureReferenceName>Choose for post lights (OUTDOOR)</FeatureReferenceName><FeatureName>Choose for post lights</FeatureName><FeatureLongDescription>Choose for outdoor post lights</FeatureLongDescription><FeatureGlossary>Make the most of your outdoor space with this post light, perfect to light your garden, the edge of your terrace or to accentuate driveways and paths.</FeatureGlossary><FeatureRank>6</FeatureRank><FeatureTopRank>4</FeatureTopRank></Feature><Feature><FeatureCode>F400050702</FeatureCode><FeatureReferenceName>High quality material (OUTDOOR ALU+SYN)</FeatureReferenceName><FeatureName>High quality material</FeatureName><FeatureLongDescription>High quality aluminum and superior synthetics</FeatureLongDescription><FeatureGlossary>This Philips lamp is made specifically for outdoor spaces. It's hard-wearing and built to last, so it will light up your garden night after night. It's constructed from high quality die-cast aluminum and superior synthetics.</FeatureGlossary><FeatureRank>8</FeatureRank><FeatureTopRank>5</FeatureTopRank></Feature><Feature><FeatureCode>F400031122</FeatureCode><FeatureReferenceName>Modern outdoor lighting</FeatureReferenceName><FeatureName>Modern outdoor lighting</FeatureName><FeatureLongDescription>Modern outdoor lighting</FeatureLongDescription><FeatureGlossary>Impressive, bold and minimalist outdoor lighting by Philips. Philips outdoor’s elegant modern style is the perfect way to grace gardens, pathways and outdoor spaces with light.</FeatureGlossary><FeatureRank>2</FeatureRank><FeatureTopRank>8</FeatureTopRank></Feature></KeyBenefitArea><KeyBenefitArea><KeyBenefitAreaCode>K4013392</KeyBenefitAreaCode><KeyBenefitAreaName>Advanced light for outdoors</KeyBenefitAreaName><KeyBenefitAreaRank>3</KeyBenefitAreaRank><Feature><FeatureCode>F400031162</FeatureCode><FeatureReferenceName>High power LED (Ledino outdoor)</FeatureReferenceName><FeatureName>High power LED</FeatureName><FeatureLongDescription>High power LED</FeatureLongDescription><FeatureGlossary>Philips outdoor lighting uses the latest state-of-the-art LED technology. It offers strong light output and high light quality and long lifetime.</FeatureGlossary><FeatureRank>1</FeatureRank><FeatureTopRank>1</FeatureTopRank></Feature><Feature><FeatureCode>F400050712</FeatureCode><FeatureReferenceName>Powerful light (OUTDOOR)</FeatureReferenceName><FeatureName>Powerful light</FeatureName><FeatureLongDescription>Powerful light</FeatureLongDescription><FeatureGlossary>This outdoor lamp provides powerful warm white light. A bright pool of light to light up your garden or terrace.</FeatureGlossary><FeatureRank>3</FeatureRank><FeatureTopRank>7</FeatureTopRank></Feature></KeyBenefitArea><KeyBenefitArea><KeyBenefitAreaCode>K4013393</KeyBenefitAreaCode><KeyBenefitAreaName>Special characteristics</KeyBenefitAreaName><KeyBenefitAreaRank>4</KeyBenefitAreaRank><Feature><FeatureCode>F400050715</FeatureCode><FeatureReferenceName>Weather proof (IP44 OUTDOOR)</FeatureReferenceName><FeatureName>Weather proof</FeatureName><FeatureLongDescription>Weather proof</FeatureLongDescription><FeatureGlossary>This Philips outdoor lamp is especially designed for humid outdoor environments and has undergone rigorous tests to ensure its water resistance. The IP level is described by two figures: the first one refers to the protection level against dust, the second against water. This lamp is designed with IP44: it is protected against splashing water, this product is most common and ideal for general outdoor use.</FeatureGlossary><FeatureRank>4</FeatureRank><FeatureTopRank>6</FeatureTopRank></Feature><Feature><FeatureCode>F400050713</FeatureCode><FeatureReferenceName>Easy to set up (TORX)</FeatureReferenceName><FeatureName>Easy to set up</FeatureName><FeatureLongDescription>Easy to set up for every application</FeatureLongDescription><FeatureGlossary>This lamp and the fittings are designed for a straightforward installation with all useful things that you need to get up and running included in the box, like a Torx key and Torx screw.You'll find clear guidance about where you can install the product and relevant information about water-resistant IP ratings.</FeatureGlossary><FeatureRank>9</FeatureRank><FeatureTopRank>9</FeatureTopRank></Feature></KeyBenefitArea><FeatureImage><FeatureCode>F400031162</FeatureCode><FeatureReferenceName>High power LED (Ledino outdoor)</FeatureReferenceName><FeatureImageRank>1</FeatureImageRank></FeatureImage><FeatureImage><FeatureCode>F400026618</FeatureCode><FeatureReferenceName>Extremely long operating life (LED)</FeatureReferenceName><FeatureImageRank>2</FeatureImageRank></FeatureImage><FeatureImage><FeatureCode>F400043167</FeatureCode><FeatureReferenceName>Energy saving (general)</FeatureReferenceName><FeatureImageRank>3</FeatureImageRank></FeatureImage><FeatureImage><FeatureCode>F400050692</FeatureCode><FeatureReferenceName>Choose for post lights (OUTDOOR)</FeatureReferenceName><FeatureImageRank>4</FeatureImageRank></FeatureImage><FeatureImage><FeatureCode>F400050702</FeatureCode><FeatureReferenceName>High quality material (OUTDOOR ALU+SYN)</FeatureReferenceName><FeatureImageRank>5</FeatureImageRank></FeatureImage><FeatureImage><FeatureCode>F400050715</FeatureCode><FeatureReferenceName>Weather proof (IP44 OUTDOOR)</FeatureReferenceName><FeatureImageRank>6</FeatureImageRank></FeatureImage><FeatureImage><FeatureCode>F400050712</FeatureCode><FeatureReferenceName>Powerful light (OUTDOOR)</FeatureReferenceName><FeatureImageRank>7</FeatureImageRank></FeatureImage><FeatureImage><FeatureCode>F400031122</FeatureCode><FeatureReferenceName>Modern outdoor lighting</FeatureReferenceName><FeatureImageRank>8</FeatureImageRank></FeatureImage><FeatureImage><FeatureCode>F400050713</FeatureCode><FeatureReferenceName>Easy to set up (TORX)</FeatureReferenceName><FeatureImageRank>9</FeatureImageRank></FeatureImage><FeatureImage><FeatureCode>F400076495</FeatureCode><FeatureReferenceName>5 year warranty on LED system</FeatureReferenceName><FeatureImageRank>10</FeatureImageRank></FeatureImage><FeatureHighlight><FeatureCode>F400031162</FeatureCode><FeatureReferenceName>High power LED (Ledino outdoor)</FeatureReferenceName><FeatureHighlightRank>1</FeatureHighlightRank></FeatureHighlight><FeatureHighlight><FeatureCode>F400026618</FeatureCode><FeatureReferenceName>Extremely long operating life (LED)</FeatureReferenceName><FeatureHighlightRank>2</FeatureHighlightRank></FeatureHighlight><FeatureHighlight><FeatureCode>F400043167</FeatureCode><FeatureReferenceName>Energy saving (general)</FeatureReferenceName><FeatureHighlightRank>3</FeatureHighlightRank></FeatureHighlight><FeatureHighlight><FeatureCode>F400050692</FeatureCode><FeatureReferenceName>Choose for post lights (OUTDOOR)</FeatureReferenceName><FeatureHighlightRank>4</FeatureHighlightRank></FeatureHighlight><FeatureHighlight><FeatureCode>F400050702</FeatureCode><FeatureReferenceName>High quality material (OUTDOOR ALU+SYN)</FeatureReferenceName><FeatureHighlightRank>5</FeatureHighlightRank></FeatureHighlight><FeatureHighlight><FeatureCode>F400050715</FeatureCode><FeatureReferenceName>Weather proof (IP44 OUTDOOR)</FeatureReferenceName><FeatureHighlightRank>6</FeatureHighlightRank></FeatureHighlight><FeatureHighlight><FeatureCode>F400050712</FeatureCode><FeatureReferenceName>Powerful light (OUTDOOR)</FeatureReferenceName><FeatureHighlightRank>7</FeatureHighlightRank></FeatureHighlight><FeatureHighlight><FeatureCode>F400031122</FeatureCode><FeatureReferenceName>Modern outdoor lighting</FeatureReferenceName><FeatureHighlightRank>8</FeatureHighlightRank></FeatureHighlight><FeatureHighlight><FeatureCode>F400050713</FeatureCode><FeatureReferenceName>Easy to set up (TORX)</FeatureReferenceName><FeatureHighlightRank>9</FeatureHighlightRank></FeatureHighlight><FeatureHighlight><FeatureCode>F400076495</FeatureCode><FeatureReferenceName>5 year warranty on LED system</FeatureReferenceName><FeatureHighlightRank>10</FeatureHighlightRank></FeatureHighlight><CSChapter><CSChapterCode>PLMCHP010</CSChapterCode><CSChapterName>Design and finishing</CSChapterName><CSChapterRank>10</CSChapterRank><CSItem><CSItemCode>PLMITM010001</CSItemCode><CSItemName>Material</CSItemName><CSItemRank>1</CSItemRank><CSItemIsFreeFormat>0</CSItemIsFreeFormat><CSValue><CSValueCode>PLMATR0105AL</CSValueCode><CSValueName>aluminium</CSValueName><CSValueRank>1</CSValueRank></CSValue></CSItem><CSItem><CSItemCode>PLMITM010002</CSItemCode><CSItemName>Color</CSItemName><CSItemRank>2</CSItemRank><CSItemIsFreeFormat>0</CSItemIsFreeFormat><CSValue><CSValueCode>PLMATR018326</CSValueCode><CSValueName>grey</CSValueName><CSValueRank>1</CSValueRank></CSValue></CSItem></CSChapter><CSChapter><CSChapterCode>PLMCHP020</CSChapterCode><CSChapterName>Extra feature/accessory incl.</CSChapterName><CSChapterRank>20</CSChapterRank><CSItem><CSItemCode>PLMITM0776FX031</CSItemCode><CSItemName>Fully weatherproof</CSItemName><CSItemRank>4</CSItemRank><CSItemIsFreeFormat>0</CSItemIsFreeFormat><CSValue><CSValueCode>PLMATR0776FX031YES</CSValueCode><CSValueName>YES</CSValueName><CSValueRank>1</CSValueRank></CSValue></CSItem><CSItem><CSItemCode>PLMITM0776FX007</CSItemCode><CSItemName>Defined light beams</CSItemName><CSItemRank>6</CSItemRank><CSItemIsFreeFormat>0</CSItemIsFreeFormat><CSValue><CSValueCode>PLMATR0776FX007YES</CSValueCode><CSValueName>YES</CSValueName><CSValueRank>1</CSValueRank></CSValue></CSItem></CSChapter><CSChapter><CSChapterCode>PLMCHP030</CSChapterCode><CSChapterName>Product dimensions &amp; weight</CSChapterName><CSChapterRank>30</CSChapterRank><CSItem><CSItemCode>PLMITM030001</CSItemCode><CSItemName>Height</CSItemName><CSItemRank>1</CSItemRank><CSItemIsFreeFormat>1</CSItemIsFreeFormat><CSValue><CSValueCode>VA4042333</CSValueCode><CSValueName>80</CSValueName><CSValueRank>1</CSValueRank></CSValue><UnitOfMeasure><UnitOfMeasureCode>3000039</UnitOfMeasureCode><UnitOfMeasureName>centimeter</UnitOfMeasureName><UnitOfMeasureSymbol>cm</UnitOfMeasureSymbol></UnitOfMeasure></CSItem><CSItem><CSItemCode>PLMITM030004</CSItemCode><CSItemName>Length</CSItemName><CSItemRank>4</CSItemRank><CSItemIsFreeFormat>1</CSItemIsFreeFormat><CSValue><CSValueCode>VA4042309</CSValueCode><CSValueName>6.0</CSValueName><CSValueRank>1</CSValueRank></CSValue><UnitOfMeasure><UnitOfMeasureCode>3000039</UnitOfMeasureCode><UnitOfMeasureName>centimeter</UnitOfMeasureName><UnitOfMeasureSymbol>cm</UnitOfMeasureSymbol></UnitOfMeasure></CSItem><CSItem><CSItemCode>PLMITM030005</CSItemCode><CSItemName>Width</CSItemName><CSItemRank>5</CSItemRank><CSItemIsFreeFormat>1</CSItemIsFreeFormat><CSValue><CSValueCode>VA4042311</CSValueCode><CSValueName>16.3</CSValueName><CSValueRank>1</CSValueRank></CSValue><UnitOfMeasure><UnitOfMeasureCode>3000039</UnitOfMeasureCode><UnitOfMeasureName>centimeter</UnitOfMeasureName><UnitOfMeasureSymbol>cm</UnitOfMeasureSymbol></UnitOfMeasure></CSItem><CSItem><CSItemCode>PLMITM030006</CSItemCode><CSItemName>Net weight</CSItemName><CSItemRank>6</CSItemRank><CSItemIsFreeFormat>1</CSItemIsFreeFormat><CSValue><CSValueCode>VA4042308</CSValueCode><CSValueName>2.200</CSValueName><CSValueRank>1</CSValueRank></CSValue><UnitOfMeasure><UnitOfMeasureCode>3000049</UnitOfMeasureCode><UnitOfMeasureName>kilogram</UnitOfMeasureName><UnitOfMeasureSymbol>kg</UnitOfMeasureSymbol></UnitOfMeasure></CSItem></CSChapter><CSChapter><CSChapterCode>PLMCHP040</CSChapterCode><CSChapterName>Technical specifications</CSChapterName><CSChapterRank>40</CSChapterRank><CSItem><CSItemCode>PLMITM040001</CSItemCode><CSItemName>Mains power</CSItemName><CSItemRank>1</CSItemRank><CSItemIsFreeFormat>0</CSItemIsFreeFormat><CSValue><CSValueCode>PLMATR0719220-240</CSValueCode><CSValueName>Range 220 V - 240 V</CSValueName><CSValueRank>1</CSValueRank></CSValue><CSValue><CSValueCode>PLMATR067350/60HZ</CSValueCode><CSValueName>50-60 Hz</CSValueName><CSValueRank>2</CSValueRank></CSValue></CSItem><CSItem><CSItemCode>PLMITM040002</CSItemCode><CSItemName>Bulb technology</CSItemName><CSItemRank>2</CSItemRank><CSItemIsFreeFormat>0</CSItemIsFreeFormat><CSValue><CSValueCode>PLMATRBOIBULB10131LED</CSValueCode><CSValueName>LED</CSValueName><CSValueRank>1</CSValueRank></CSValue><CSValue><CSValueCode>PLMATR0329SEL</CSValueCode><CSValueName>Safety Extra Low Voltage</CSValueName><CSValueRank>2</CSValueRank></CSValue></CSItem><CSItem><CSItemCode>PLMITM040003</CSItemCode><CSItemName>Number of bulbs</CSItemName><CSItemRank>3</CSItemRank><CSItemIsFreeFormat>1</CSItemIsFreeFormat><CSValue><CSValueCode>VA4042306</CSValueCode><CSValueName>3</CSValueName><CSValueRank>1</CSValueRank></CSValue></CSItem><CSItem><CSItemCode>PLMITM040005</CSItemCode><CSItemName>Wattage bulb included</CSItemName><CSItemRank>5</CSItemRank><CSItemIsFreeFormat>0</CSItemIsFreeFormat><CSValue><CSValueCode>PLMATR04601</CSValueCode><CSValueName>1 W</CSValueName><CSValueRank>1</CSValueRank></CSValue></CSItem><CSItem><CSItemCode>PLMITM040007</CSItemCode><CSItemName>Light color</CSItemName><CSItemRank>7</CSItemRank><CSItemIsFreeFormat>0</CSItemIsFreeFormat><CSValue><CSValueCode>PLMATRBOIBULB106242700_K</CSValueCode><CSValueName>warm white</CSValueName><CSValueRank>1</CSValueRank></CSValue></CSItem><CSItem><CSItemCode>PLMITM0400011</CSItemCode><CSItemName>Total lumen output fixture</CSItemName><CSItemRank>11</CSItemRank><CSItemIsFreeFormat>0</CSItemIsFreeFormat><CSValue><CSValueCode>PLMATR1096300</CSValueCode><CSValueName>300 lm</CSValueName><CSValueRank>1</CSValueRank></CSValue></CSItem><CSItem><CSItemCode>PLMITM0400013</CSItemCode><CSItemName>Fixture dimmable</CSItemName><CSItemRank>13</CSItemRank><CSItemIsFreeFormat>0</CSItemIsFreeFormat><CSValue><CSValueCode>PLMATR1075N</CSValueCode><CSValueName>No</CSValueName><CSValueRank>1</CSValueRank></CSValue></CSItem><CSItem><CSItemCode>PLMITM0400014</CSItemCode><CSItemName>LED</CSItemName><CSItemRank>14</CSItemRank><CSItemIsFreeFormat>0</CSItemIsFreeFormat><CSValue><CSValueCode>PLMATR0814Y</CSValueCode><CSValueName>Yes</CSValueName><CSValueRank>1</CSValueRank></CSValue></CSItem><CSItem><CSItemCode>PLMITM0400018</CSItemCode><CSItemName>Lifetime up to</CSItemName><CSItemRank>18</CSItemRank><CSItemIsFreeFormat>1</CSItemIsFreeFormat><CSValue><CSValueCode>VA4094468</CSValueCode><CSValueName>20,000</CSValueName><CSValueRank>1</CSValueRank></CSValue><UnitOfMeasure><UnitOfMeasureCode>4000213</UnitOfMeasureCode><UnitOfMeasureName>hrs</UnitOfMeasureName><UnitOfMeasureSymbol>hrs</UnitOfMeasureSymbol></UnitOfMeasure></CSItem><CSItem><CSItemCode>PLMITM040026</CSItemCode><CSItemName>IP code</CSItemName><CSItemRank>26</CSItemRank><CSItemIsFreeFormat>0</CSItemIsFreeFormat><CSValue><CSValueCode>PLMATR0290IP44</CSValueCode><CSValueName>IP44</CSValueName><CSValueRank>1</CSValueRank></CSValue><CSValue><CSValueCode>PLMATR0290IP41-2</CSValueCode><CSValueName>protection against objects bigger than 1 mm</CSValueName><CSValueRank>2</CSValueRank></CSValue><CSValue><CSValueCode>PLMATR0290IP24-3</CSValueCode><CSValueName>protection from splashed water</CSValueName><CSValueRank>3</CSValueRank></CSValue></CSItem><CSItem><CSItemCode>PLMITM040027</CSItemCode><CSItemName>Class of protection</CSItemName><CSItemRank>27</CSItemRank><CSItemIsFreeFormat>0</CSItemIsFreeFormat><CSValue><CSValueCode>PLMATR0289I</CSValueCode><CSValueName>I - earthed</CSValueName><CSValueRank>1</CSValueRank></CSValue></CSItem><CSItem><CSItemCode>PLMITM0400051</CSItemCode><CSItemName>Light source equivalent to traditional bulb of</CSItemName><CSItemRank>51</CSItemRank><CSItemIsFreeFormat>1</CSItemIsFreeFormat><CSValue><CSValueCode>VA4081551</CSValueCode><CSValueName>12</CSValueName><CSValueRank>1</CSValueRank></CSValue><UnitOfMeasure><UnitOfMeasureCode>3000072</UnitOfMeasureCode><UnitOfMeasureName>watt</UnitOfMeasureName><UnitOfMeasureSymbol>W</UnitOfMeasureSymbol></UnitOfMeasure></CSItem></CSChapter><CSChapter><CSChapterCode>PLMCHP050</CSChapterCode><CSChapterName>Service</CSChapterName><CSChapterRank>50</CSChapterRank><CSItem><CSItemCode>PLMITM050001</CSItemCode><CSItemName>Warranty</CSItemName><CSItemRank>1</CSItemRank><CSItemIsFreeFormat>0</CSItemIsFreeFormat><CSValue><CSValueCode>PLMATR02985</CSValueCode><CSValueName>5 year(s)</CSValueName><CSValueRank>1</CSValueRank></CSValue></CSItem></CSChapter><CSChapter><CSChapterCode>PLMCHP060</CSChapterCode><CSChapterName>Packaging dimensions &amp; weight</CSChapterName><CSChapterRank>60</CSChapterRank><CSItem><CSItemCode>PLMITM060001</CSItemCode><CSItemName>Height</CSItemName><CSItemRank>1</CSItemRank><CSItemIsFreeFormat>1</CSItemIsFreeFormat><CSValue><CSValueCode>VA4042312</CSValueCode><CSValueName>81.2</CSValueName><CSValueRank>1</CSValueRank></CSValue><UnitOfMeasure><UnitOfMeasureCode>3000039</UnitOfMeasureCode><UnitOfMeasureName>centimeter</UnitOfMeasureName><UnitOfMeasureSymbol>cm</UnitOfMeasureSymbol></UnitOfMeasure></CSItem><CSItem><CSItemCode>PLMITM060002</CSItemCode><CSItemName>Length</CSItemName><CSItemRank>2</CSItemRank><CSItemIsFreeFormat>1</CSItemIsFreeFormat><CSValue><CSValueCode>VA4042313</CSValueCode><CSValueName>16.8</CSValueName><CSValueRank>1</CSValueRank></CSValue><UnitOfMeasure><UnitOfMeasureCode>3000039</UnitOfMeasureCode><UnitOfMeasureName>centimeter</UnitOfMeasureName><UnitOfMeasureSymbol>cm</UnitOfMeasureSymbol></UnitOfMeasure></CSItem><CSItem><CSItemCode>PLMITM060003</CSItemCode><CSItemName>Width</CSItemName><CSItemRank>3</CSItemRank><CSItemIsFreeFormat>1</CSItemIsFreeFormat><CSValue><CSValueCode>VA4042307</CSValueCode><CSValueName>6.6</CSValueName><CSValueRank>1</CSValueRank></CSValue><UnitOfMeasure><UnitOfMeasureCode>3000039</UnitOfMeasureCode><UnitOfMeasureName>centimeter</UnitOfMeasureName><UnitOfMeasureSymbol>cm</UnitOfMeasureSymbol></UnitOfMeasure></CSItem><CSItem><CSItemCode>PLMITM060004</CSItemCode><CSItemName>Weight</CSItemName><CSItemRank>4</CSItemRank><CSItemIsFreeFormat>1</CSItemIsFreeFormat><CSValue><CSValueCode>VA4042304</CSValueCode><CSValueName>2.500</CSValueName><CSValueRank>1</CSValueRank></CSValue><UnitOfMeasure><UnitOfMeasureCode>3000049</UnitOfMeasureCode><UnitOfMeasureName>kilogram</UnitOfMeasureName><UnitOfMeasureSymbol>kg</UnitOfMeasureSymbol></UnitOfMeasure></CSItem></CSChapter><CSChapter><CSChapterCode>PLMCHP070</CSChapterCode><CSChapterName>Miscellaneous</CSChapterName><CSChapterRank>70</CSChapterRank><CSItem><CSItemCode>PLMITM070001</CSItemCode><CSItemName>Especially designed for</CSItemName><CSItemRank>1</CSItemRank><CSItemIsFreeFormat>0</CSItemIsFreeFormat><CSValue><CSValueCode>PLMATR0970G_P</CSValueCode><CSValueName>Garden &amp; Patio</CSValueName><CSValueRank>1</CSValueRank></CSValue></CSItem><CSItem><CSItemCode>PLMITM070002</CSItemCode><CSItemName>Style</CSItemName><CSItemRank>2</CSItemRank><CSItemIsFreeFormat>0</CSItemIsFreeFormat><CSValue><CSValueCode>PLMATR0628MOD</CSValueCode><CSValueName>Modern</CSValueName><CSValueRank>1</CSValueRank></CSValue></CSItem><CSItem><CSItemCode>PLMITM070003</CSItemCode><CSItemName>Type</CSItemName><CSItemRank>3</CSItemRank><CSItemIsFreeFormat>0</CSItemIsFreeFormat><CSValue><CSValueCode>PLMATR0830POST</CSValueCode><CSValueName>Pedestal/post</CSValueName><CSValueRank>1</CSValueRank></CSValue></CSItem></CSChapter><Filters><Purpose type="Comparison"><Features><Feature code="F400031162" rank="1" referenceName="High power LED (Ledino outdoor)"/><Feature code="F400026618" rank="2" referenceName="Extremely long operating life (LED)"/><Feature code="F400043167" rank="3" referenceName="Energy saving (general)"/><Feature code="F400050692" rank="4" referenceName="Choose for post lights (OUTDOOR)"/><Feature code="F400050702" rank="5" referenceName="High quality material (OUTDOOR ALU+SYN)"/><Feature code="F400050715" rank="6" referenceName="Weather proof (IP44 OUTDOOR)"/><Feature code="F400050712" rank="7" referenceName="Powerful light (OUTDOOR)"/><Feature code="F400031122" rank="8" referenceName="Modern outdoor lighting"/><Feature code="F400050713" rank="9" referenceName="Easy to set up (TORX)"/><Feature code="F400076495" rank="10" referenceName="5 year warranty on LED system"/></Features><CSItems><CSItem code="PLMITM010001" rank="1" referenceName="Design and finishing - Material"/><CSItem code="PLMITM030001" rank="1" referenceName="Product dimensions &amp; weight - Height"/><CSItem code="PLMITM040001" rank="1" referenceName="Technical specifications - Mains power"/><CSItem code="PLMITM050001" rank="1" referenceName="Service - Warranty"/><CSItem code="PLMITM060001" rank="1" referenceName="Packaging dimensions &amp; weight - Height"/><CSItem code="PLMITM070001" rank="1" referenceName="Miscellaneous - Especially designed for"/><CSItem code="PLMITM010002" rank="2" referenceName="Design and finishing - Color"/><CSItem code="PLMITM040002" rank="2" referenceName="Technical specifications - Bulb technology"/><CSItem code="PLMITM060002" rank="2" referenceName="Packaging dimensions &amp; weight - Length"/><CSItem code="PLMITM070002" rank="2" referenceName="Miscellaneous - Style"/><CSItem code="PLMITM040003" rank="3" referenceName="Technical specifications - Number of bulbs"/><CSItem code="PLMITM060003" rank="3" referenceName="Packaging dimensions &amp; weight - Width"/><CSItem code="PLMITM070003" rank="3" referenceName="Miscellaneous - Type"/><CSItem code="PLMITM0776FX031" rank="4" referenceName="Extra feature/accessory incl. - Fully weatherproof"/><CSItem code="PLMITM030004" rank="4" referenceName="Product dimensions &amp; weight - Length"/><CSItem code="PLMITM060004" rank="4" referenceName="Packaging dimensions &amp; weight - Weight"/><CSItem code="PLMITM030005" rank="5" referenceName="Product dimensions &amp; weight - Width"/><CSItem code="PLMITM040005" rank="5" referenceName="Technical specifications - Wattage bulb included"/><CSItem code="PLMITM0776FX007" rank="6" referenceName="Extra feature/accessory incl. - Defined light beams"/><CSItem code="PLMITM030006" rank="6" referenceName="Product dimensions &amp; weight - Net weight"/><CSItem code="PLMITM040007" rank="7" referenceName="Technical specifications - Light color"/><CSItem code="PLMITM0400011" rank="11" referenceName="Technical specifications - Total lumen output fixture"/><CSItem code="PLMITM0400013" rank="13" referenceName="Technical specifications - Fixture dimmable"/><CSItem code="PLMITM0400014" rank="14" referenceName="Technical specifications - LED"/><CSItem code="PLMITM0400018" rank="18" referenceName="Technical specifications - Lifetime up to"/><CSItem code="PLMITM040026" rank="26" referenceName="Technical specifications - IP code"/><CSItem code="PLMITM040027" rank="27" referenceName="Technical specifications - Class of protection"/><CSItem code="PLMITM0400051" rank="51" referenceName="Technical specifications - Light source equivalent to traditional bulb of"/></CSItems></Purpose><Purpose type="Detail"><Features><Feature code="F400031162" rank="1" referenceName="High power LED (Ledino outdoor)"/><Feature code="F400026618" rank="2" referenceName="Extremely long operating life (LED)"/><Feature code="F400043167" rank="3" referenceName="Energy saving (general)"/><Feature code="F400050692" rank="4" referenceName="Choose for post lights (OUTDOOR)"/><Feature code="F400050702" rank="5" referenceName="High quality material (OUTDOOR ALU+SYN)"/><Feature code="F400050715" rank="6" referenceName="Weather proof (IP44 OUTDOOR)"/><Feature code="F400050712" rank="7" referenceName="Powerful light (OUTDOOR)"/><Feature code="F400031122" rank="8" referenceName="Modern outdoor lighting"/><Feature code="F400050713" rank="9" referenceName="Easy to set up (TORX)"/><Feature code="F400076495" rank="10" referenceName="5 year warranty on LED system"/></Features><CSItems><CSItem code="PLMITM010001" rank="1" referenceName="Design and finishing - Material"/><CSItem code="PLMITM030001" rank="1" referenceName="Product dimensions &amp; weight - Height"/><CSItem code="PLMITM040001" rank="1" referenceName="Technical specifications - Mains power"/><CSItem code="PLMITM050001" rank="1" referenceName="Service - Warranty"/><CSItem code="PLMITM060001" rank="1" referenceName="Packaging dimensions &amp; weight - Height"/><CSItem code="PLMITM070001" rank="1" referenceName="Miscellaneous - Especially designed for"/><CSItem code="PLMITM010002" rank="2" referenceName="Design and finishing - Color"/><CSItem code="PLMITM040002" rank="2" referenceName="Technical specifications - Bulb technology"/><CSItem code="PLMITM060002" rank="2" referenceName="Packaging dimensions &amp; weight - Length"/><CSItem code="PLMITM070002" rank="2" referenceName="Miscellaneous - Style"/><CSItem code="PLMITM040003" rank="3" referenceName="Technical specifications - Number of bulbs"/><CSItem code="PLMITM060003" rank="3" referenceName="Packaging dimensions &amp; weight - Width"/><CSItem code="PLMITM070003" rank="3" referenceName="Miscellaneous - Type"/><CSItem code="PLMITM0776FX031" rank="4" referenceName="Extra feature/accessory incl. - Fully weatherproof"/><CSItem code="PLMITM030004" rank="4" referenceName="Product dimensions &amp; weight - Length"/><CSItem code="PLMITM060004" rank="4" referenceName="Packaging dimensions &amp; weight - Weight"/><CSItem code="PLMITM030005" rank="5" referenceName="Product dimensions &amp; weight - Width"/><CSItem code="PLMITM040005" rank="5" referenceName="Technical specifications - Wattage bulb included"/><CSItem code="PLMITM0776FX007" rank="6" referenceName="Extra feature/accessory incl. - Defined light beams"/><CSItem code="PLMITM030006" rank="6" referenceName="Product dimensions &amp; weight - Net weight"/><CSItem code="PLMITM040007" rank="7" referenceName="Technical specifications - Light color"/><CSItem code="PLMITM0400011" rank="11" referenceName="Technical specifications - Total lumen output fixture"/><CSItem code="PLMITM0400013" rank="13" referenceName="Technical specifications - Fixture dimmable"/><CSItem code="PLMITM0400014" rank="14" referenceName="Technical specifications - LED"/><CSItem code="PLMITM0400018" rank="18" referenceName="Technical specifications - Lifetime up to"/><CSItem code="PLMITM040026" rank="26" referenceName="Technical specifications - IP code"/><CSItem code="PLMITM040027" rank="27" referenceName="Technical specifications - Class of protection"/><CSItem code="PLMITM0400051" rank="51" referenceName="Technical specifications - Light source equivalent to traditional bulb of"/></CSItems></Purpose></Filters><FeatureCompareGroups/><Disclaimers/><Award AwardType="global"><AwardCode>GA40011070</AwardCode><AwardName>iF design award 2013</AwardName><AwardDate>2013</AwardDate><AwardPlace>Hannover</AwardPlace><AwardDescription>The iF Design Award in Germany is one of the best-known and most prestigious design prices.</AwardDescription><AwardAcknowledgement>-</AwardAcknowledgement><AwardRank>1</AwardRank></Award><Award AwardType="global"><AwardCode>GA40014681</AwardCode><AwardName>reddot design award winner 2013</AwardName><AwardDate>2013</AwardDate><AwardPlace>Germany</AwardPlace><AwardDescription>-</AwardDescription><AwardAcknowledgement>-</AwardAcknowledgement><AwardRank>5</AwardRank></Award><RichTexts/></Product></Products>