<?xml version="1.0" encoding="UTF-8"?><Products xmlns:source="http://apache.org/cocoon/source/1.0" DocStatus="approved" DocTimeStamp="2018-10-20T07:16:36"><Product IsAccessory="false" IsLocalized="true" IsMaster="true" lastModified="2018-10-12T00:46:36" masterLastModified="2018-10-12T00:42:21"><CTN>276E7QDSW/00</CTN><Code12NC>867000124931</Code12NC><GTIN>8712581732004</GTIN><MarketingVersion>8.0.1</MarketingVersion><MarketingStatus>Final Published</MarketingStatus><CRDate>2015-06-19</CRDate><CRDateYW>201525</CRDateYW><ModelYears><ModelYear>2015</ModelYear><ModelYear>2016</ModelYear></ModelYears><ProductDivision><ProductDivisionCode>0200</ProductDivisionCode><ProductDivisionName>Consumer Lifestyle</ProductDivisionName><FormerPDCode>3400</FormerPDCode></ProductDivision><ProductOwner>Jessica Chang</ProductOwner><DTN>276E7QDSW/00</DTN><Catalog><StartOfPublication>2015-06-19T00:00:00</StartOfPublication><EndOfPublication>2022-10-19T00:00:00</EndOfPublication><StartOfSales>2015-06-19T00:00:00</StartOfSales><EndOfSales>2022-10-19T00:00:00</EndOfSales><DummyPrice/><Deleted>false</Deleted><DeleteAfterDate/><ProductRank>50</ProductRank></Catalog><FinancialCategorization><BusinessGroupCode>6918</BusinessGroupCode><BusinessGroupName>TV</BusinessGroupName><BusinessUnitCode>0655</BusinessUnitCode><BusinessUnitName>Monitors</BusinessUnitName><MainArticleGroupCode>J89</MainArticleGroupCode><MainArticleGroupName>Monitors</MainArticleGroupName><ArticleGroupCode>3789</ArticleGroupCode><ArticleGroupName>Monitors global</ArticleGroupName></FinancialCategorization><Categorization type="CONSUMER"><GroupCode>SOUND_AND_VISION_GR</GroupCode><GroupName>Sound &amp; vision</GroupName><CategoryCode>SV_MONITORS_CA</CategoryCode><CategoryName>Monitors</CategoryName><SubcategoryCode>ULTRA_WIDE_SU</SubcategoryCode><SubcategoryName>Ultra-wide</SubcategoryName></Categorization><Assets><Asset code="276E7QDSW_00" description="User manual" extension="pdf" lastModified="2017-10-24" locale="de_DE" number="001" type="DFU">http://download.p4c.philips.com/files/2/276e7qdsw_00/276e7qdsw_00_dfu_deu.pdf</Asset><Asset code="276E7QDSW_00" description="Leaflet" extension="pdf" lastModified="2017-11-16" locale="de_DE" number="001" type="PSS">http://download.p4c.philips.com/files/2/276e7qdsw_00/276e7qdsw_00_pss_deude.pdf</Asset><Asset code="276E7QDSW_00" description="Retail Trade Leaflet" extension="pdf" lastModified="2018-10-16" locale="de_DE" number="001" type="RTL">http://download.p4c.philips.com/files/2/276e7qdsw_00/276e7qdsw_00_rtl_deude.pdf</Asset><Asset code="276E7QDSW_00" description="Front product photograph - highres 2196x1795" extension="tif" lastModified="2016-09-09" locale="global" number="001" type="_FP">http://images.philips.com/is/image/PhilipsConsumer/276E7QDSW_00-_FP-global-001</Asset><Asset code="276E7QDSW_00" description="Alternative product photograph 1 - highres 2196x1795" extension="tif" lastModified="2016-01-04" locale="global" number="001" type="A1P">http://images.philips.com/is/image/PhilipsConsumer/276E7QDSW_00-A1P-global-001</Asset><Asset code="276E7QDSW_00" description="Alternative product photograph 2 - highres 2196x1795" extension="tif" lastModified="2016-01-04" locale="global" number="001" type="A2P">http://images.philips.com/is/image/PhilipsConsumer/276E7QDSW_00-A2P-global-001</Asset><Asset code="276E7QDSW_00" description="Alternative product photograph 3 - highres 2196x1795" extension="tif" lastModified="2015-01-06" locale="global" number="001" type="A3P">http://images.philips.com/is/image/PhilipsConsumer/276E7QDSW_00-A3P-global-001</Asset><Asset code="276E7QDSW_00" description="Alternative product photograph 4 - highres 2196x1795" extension="tif" lastModified="2015-01-06" locale="global" number="001" type="A4P">http://images.philips.com/is/image/PhilipsConsumer/276E7QDSW_00-A4P-global-001</Asset><Asset code="276E7QDSW_00" description="Alternative product photograph - highres 2196x1795" extension="tif" lastModified="2016-01-04" locale="global" number="001" type="APP">http://images.philips.com/is/image/PhilipsConsumer/276E7QDSW_00-APP-global-001</Asset><Asset code="276E7QDSW_00" description="Energy Label - Rainbow " extension="pdf" lastModified="2016-12-15" locale="global" number="001" type="ELR">http://download.p4c.philips.com/files/2/276e7qdsw_00/276e7qdsw_00_elr_.pdf</Asset><Asset code="276E7QDSW_00" description="Leaflet" extension="pdf" lastModified="2018-10-13" locale="global" number="001" type="PSS">http://download.p4c.philips.com/files/2/276e7qdsw_00/276e7qdsw_00_pss_.pdf</Asset><Asset code="276E7QDSW_00" description="Standard product photograph - highres 2196x1795" extension="tif" lastModified="2016-09-09" locale="global" number="001" type="RTP">http://images.philips.com/is/image/PhilipsConsumer/276E7QDSW_00-RTP-global-001</Asset><Asset code="276E7QDSW_00" description="Single product shot" extension="" lastModified="2018-10-12" locale="" number="" type="IMS">http://images.philips.com/is/image/PhilipsConsumer/276E7QDSW_00-IMS-</Asset><Asset code="276E7QDSW_00" description="Product gallery image set" extension="" lastModified="2018-10-12" locale="" number="" type="GAL">http://images.philips.com/is/image/PhilipsConsumer/276E7QDSW_00-GAL-</Asset><Asset code="ALA_219331147DE" description="Award rank" extension="png" lastModified="" locale="de_DE" number="001" type="AWR">http://images.philips.com/is/image/PhilipsConsumer/ALR000-AWR-de_DE-001</Asset><Asset code="ALA_219331147DE" description="Award URL" extension="html" lastModified="" locale="de_DE" number="001" type="AWU">http://alatest.de/testberichte/monitor/a/po3-219331147,29/#partner:50428</Asset><Asset code="ALS_12100" description="Award source logo" extension="png" lastModified="" locale="de_DE" number="001" type="AWL">http://images.philips.com/is/image/PhilipsConsumer/ALS_12100-AWL-de_DE-001</Asset><Asset code="F400000200" description="Feature logo - highres 331x213" extension="tif" lastModified="2010-05-19" locale="global" number="001" type="FLP">http://images.philips.com/is/image/PhilipsConsumer/F400000200-FLP-global-001</Asset><Asset code="F400016234" description="Feature photograph - highres 2100x1170" extension="tif" lastModified="2017-10-31" locale="global" number="001" type="FIL">http://images.philips.com/is/image/PhilipsConsumer/F400016234-FIL-global-001</Asset><Asset code="F400016234" description="Feature logo - highres 331x213" extension="tif" lastModified="2010-07-21" locale="global" number="001" type="FLP">http://images.philips.com/is/image/PhilipsConsumer/F400016234-FLP-global-001</Asset><Asset code="F400019722" description="Feature logo - highres 331x213" extension="tif" lastModified="2010-01-19" locale="global" number="001" type="FLP">http://images.philips.com/is/image/PhilipsConsumer/F400019722-FLP-global-001</Asset><Asset code="F400023546" description="Feature photograph - highres 2100x1170" extension="tif" lastModified="2011-04-21" locale="global" number="001" type="FIL">http://images.philips.com/is/image/PhilipsConsumer/F400023546-FIL-global-001</Asset><Asset code="F400023546" description="Feature logo - highres 331x213" extension="tif" lastModified="2011-11-25" locale="global" number="001" type="FLP">http://images.philips.com/is/image/PhilipsConsumer/F400023546-FLP-global-001</Asset><Asset code="F400032208" description="Feature photograph - highres 2100x1170" extension="tif" lastModified="2011-04-10" locale="global" number="001" type="FIL">http://images.philips.com/is/image/PhilipsConsumer/F400032208-FIL-global-001</Asset><Asset code="F400032208" description="Feature logo - highres 331x213" extension="tif" lastModified="2017-11-15" locale="global" number="001" type="FLP">http://images.philips.com/is/image/PhilipsConsumer/F400032208-FLP-global-001</Asset><Asset code="F400045859" description="Feature photograph - highres 2100x1170" extension="tif" lastModified="2012-07-05" locale="global" number="001" type="FIL">http://images.philips.com/is/image/PhilipsConsumer/F400045859-FIL-global-001</Asset><Asset code="F400045859" description="Feature logo - highres 331x213" extension="tif" lastModified="2012-05-22" locale="global" number="001" type="FLP">http://images.philips.com/is/image/PhilipsConsumer/F400045859-FLP-global-001</Asset><Asset code="F400062886" description="Feature photograph - highres 2100x1170" extension="tif" lastModified="2015-05-28" locale="global" number="001" type="FIL">http://images.philips.com/is/image/PhilipsConsumer/F400062886-FIL-global-001</Asset><Asset code="F400062886" description="Feature logo - highres 331x213" extension="tif" lastModified="2015-08-24" locale="global" number="001" type="FLP">http://images.philips.com/is/image/PhilipsConsumer/F400062886-FLP-global-001</Asset><Asset code="F400065686" description="Feature logo - highres 331x213" extension="tif" lastModified="2014-02-11" locale="global" number="001" type="FLP">http://images.philips.com/is/image/PhilipsConsumer/F400065686-FLP-global-001</Asset><Asset code="F400065688" description="Feature photograph - highres 2100x1170" extension="tif" lastModified="2014-02-11" locale="global" number="001" type="FIL">http://images.philips.com/is/image/PhilipsConsumer/F400065688-FIL-global-001</Asset><Asset code="F400067665" description="Feature photograph - highres 2100x1170" extension="tif" lastModified="2017-10-31" locale="global" number="001" type="FIL">http://images.philips.com/is/image/PhilipsConsumer/F400067665-FIL-global-001</Asset><Asset code="F400067665" description="Feature logo - highres 331x213" extension="tif" lastModified="2017-11-15" locale="global" number="001" type="FLP">http://images.philips.com/is/image/PhilipsConsumer/F400067665-FLP-global-001</Asset><Asset code="F400070499" description="Feature photograph - highres 2100x1170" extension="tif" lastModified="2014-11-19" locale="global" number="001" type="FIL">http://images.philips.com/is/image/PhilipsConsumer/F400070499-FIL-global-001</Asset><Asset code="F400070499" description="Feature logo - highres 331x213" extension="tif" lastModified="2015-07-16" locale="global" number="001" type="FLP">http://images.philips.com/is/image/PhilipsConsumer/F400070499-FLP-global-001</Asset><Asset code="F400071757" description="Feature photograph - highres 2100x1170" extension="tif" lastModified="2017-10-31" locale="global" number="001" type="FIL">http://images.philips.com/is/image/PhilipsConsumer/F400071757-FIL-global-001</Asset><Asset code="F400071757" description="Feature logo - highres 331x213" extension="tif" lastModified="2015-02-05" locale="global" number="001" type="FLP">http://images.philips.com/is/image/PhilipsConsumer/F400071757-FLP-global-001</Asset><Asset code="F400073121" description="Feature logo - highres 331x213" extension="tif" lastModified="2015-05-08" locale="global" number="001" type="FLP">http://images.philips.com/is/image/PhilipsConsumer/F400073121-FLP-global-001</Asset><Asset code="F400078908" description="Feature photograph - highres 2100x1170" extension="tif" lastModified="2016-11-22" locale="global" number="001" type="FIL">http://images.philips.com/is/image/PhilipsConsumer/F400078908-FIL-global-001</Asset><Asset code="F400078908" description="Feature logo - highres 331x213" extension="tif" lastModified="2016-11-22" locale="global" number="001" type="FLP">http://images.philips.com/is/image/PhilipsConsumer/F400078908-FLP-global-001</Asset><Asset code="PHI" description="Brand logo - highres 1476x886" extension="tif" lastModified="2016-02-18" locale="global" number="001" type="BRP">http://images.philips.com/is/image/PhilipsConsumer/PHI-BRP-global-001</Asset></Assets><ProductName>E Line LCD monitor with Ultra Wide-Color</ProductName><FullProductName>Philips LCD monitor with Ultra Wide-Color 276E7QDSW E Line 27" (68.6 cm) Full HD (1920 x 1080)</FullProductName><NamingString><MasterBrand><BrandCode>PHI</BrandCode><BrandName>Philips</BrandName></MasterBrand><BrandString>Philips</BrandString><Descriptor><DescriptorCode>D4028332</DescriptorCode><DescriptorName>LCD monitor with Ultra Wide-Color</DescriptorName></Descriptor><Alphanumeric>276E7QDSW</Alphanumeric><VersionElement1><VersionElementCode>V4013896</VersionElementCode><VersionElementName>E Line</VersionElementName></VersionElement1><VersionElement2><VersionElementCode>V4013897</VersionElementCode><VersionElementName>27" (68.6 cm)</VersionElementName></VersionElement2><VersionElement3><VersionElementCode>V4035286</VersionElementCode><VersionElementName>Full HD (1920 x 1080)</VersionElementName></VersionElement3><VersionString>E Line 27" (68.6 cm) Full HD (1920 x 1080)</VersionString><BrandedFeatureString/><DescriptorBrandedFeatureString>LCD monitor with Ultra Wide-Color</DescriptorBrandedFeatureString></NamingString><WOW>Vivid, true-to-life colors</WOW><SubWOW>in an elegant design</SubWOW><MarketingTextHeader>This brilliant wide view display with Ultra Wide-Color offers true-to-life colors wrapped in an elegance-inspired design for a light and fresh face in any home or office.</MarketingTextHeader><KeyBenefitArea><KeyBenefitAreaCode>K4019514</KeyBenefitAreaCode><KeyBenefitAreaName>Superb Picture Quality</KeyBenefitAreaName><KeyBenefitAreaRank>1</KeyBenefitAreaRank><Feature><FeatureCode>F400078908</FeatureCode><FeatureReferenceName>Ultra Wide-Color Technology</FeatureReferenceName><FeatureName>Ultra Wide-Color Technology</FeatureName><FeatureLongDescription>Ultra Wide-Color wider range of colors for a vivid picture</FeatureLongDescription><FeatureGlossary>Ultra Wide-Color Technology delivers a wider spectrum of colors for a more brilliant picture. Ultra Wide-Color wider "color gamut" produces more natural-looking greens, vivid reds and deeper blues. Bring, media entertainment, images, and even productivity more alive and vivid colors from Ultra Wide-Color Technology.</FeatureGlossary><FeatureRank>1</FeatureRank><FeatureTopRank>1</FeatureTopRank></Feature><Feature><FeatureCode>F400062886</FeatureCode><FeatureReferenceName>PLS technology_II</FeatureReferenceName><FeatureName>PLS technology</FeatureName><FeatureLongDescription>PLS LED wide-view technology for image and color accuracy</FeatureLongDescription><FeatureGlossary>PLS displays uses an advanced technology which gives you extra wide viewing angles of 178/178 degree, making it possible to view the display from almost any angle - even in 90 degree Pivot mode! Unlike standard TN panels, PLS displays gives you remarkably crisp images with vivid colors, making it ideal not only for Photos, movies and web browsing, but also for professional applications which demand color accuracy and consistent brightness at all times.</FeatureGlossary><FeatureRank>2</FeatureRank><FeatureTopRank>2</FeatureTopRank></Feature><Feature><FeatureCode>F400071757</FeatureCode><FeatureReferenceName>16:9 Full HD display_2015</FeatureReferenceName><FeatureName>16:9 Full HD display</FeatureName><FeatureLongDescription>16:9 Full HD display for crisp detailed images</FeatureLongDescription><FeatureGlossary>Picture quality matters. Regular displays deliver quality, but you expect more. This display features enhanced Full HD 1920 x 1080 resolution. With Full HD for crisp detail paired with high brightness, incredible contrast and realistic colors expect a true to life picture.</FeatureGlossary><FeatureRank>3</FeatureRank><FeatureTopRank>3</FeatureTopRank></Feature><Feature><FeatureCode>F400067665</FeatureCode><FeatureReferenceName>Flicker-free technology</FeatureReferenceName><FeatureName>Flicker-free technology</FeatureName><FeatureLongDescription>Less eye fatigue with Flicker-free technology</FeatureLongDescription><FeatureGlossary>Due to the way brightness is controlled on LED-backlit screens, some users experience flicker on their screen which causes eye fatigue. Philips Flicker-free Technology applies a new solution to regulate brightness and reduce flicker for more comfortable viewing.</FeatureGlossary><FeatureRank>4</FeatureRank><FeatureTopRank>4</FeatureTopRank></Feature><Feature><FeatureCode>F400065688</FeatureCode><FeatureReferenceName>SmartContrast for deep black level details</FeatureReferenceName><FeatureName>SmartContrast</FeatureName><FeatureLongDescription>SmartContrast for deep black level details</FeatureLongDescription><FeatureGlossary>SmartContrast is a Philips technology that analyzes the contents you are displaying, automatically adjusting colors and controlling backlight intensity to dynamically enhance contrast for the best digital images and videos or when playing games where dark hues are displayed. When Economy mode is selected, contrast is adjusted and backlighting fine-tuned for just-right display of everyday office applications and lower power consumption.</FeatureGlossary><FeatureRank>5</FeatureRank><FeatureTopRank>5</FeatureTopRank></Feature><Feature><FeatureCode>F400065686</FeatureCode><FeatureReferenceName>SmartImage Lite for easy optimized image settings</FeatureReferenceName><FeatureName>SmartImage Lite</FeatureName><FeatureLongDescription>SmartImage Lite for easy optimized image settings</FeatureLongDescription><FeatureGlossary>SmartImage Lite is an exclusive, leading edge Philips technology that analyzes the content displayed on your screen. Based on a scenario you select, SmartImage Lite dynamically enhances the contrast, color saturation and sharpness of images and videos for ultimate display performance - all in real time with the press on a single button.</FeatureGlossary><FeatureRank>6</FeatureRank><FeatureTopRank>6</FeatureTopRank></Feature></KeyBenefitArea><KeyBenefitArea><KeyBenefitAreaCode>K4019515</KeyBenefitAreaCode><KeyBenefitAreaName>Elegant Design</KeyBenefitAreaName><KeyBenefitAreaRank>2</KeyBenefitAreaRank><Feature><FeatureCode>F400070499</FeatureCode><FeatureReferenceName>EasySelect Menu Toggle Key</FeatureReferenceName><FeatureName>EasySelect Menu Toggle Key</FeatureName><FeatureLongDescription>EasySelect menu toggle key for quick on-screen menu access</FeatureLongDescription><FeatureGlossary>The discreetly placed EasySelect Menu Toggle Key allows you to make quick and easy adjustments to monitor settings in the On-Screen Display menu.</FeatureGlossary><FeatureRank>1</FeatureRank><FeatureTopRank>7</FeatureTopRank></Feature><Feature><FeatureCode>F400032210</FeatureCode><FeatureReferenceName>Elegant, slim design complements your home decor</FeatureReferenceName><FeatureName>Slim design</FeatureName><FeatureLongDescription>Elegant, slim design complements your home decor</FeatureLongDescription><FeatureRank>2</FeatureRank><FeatureTopRank>9</FeatureTopRank></Feature><Feature><FeatureCode>F400036719</FeatureCode><FeatureReferenceName>Superb glossy finish</FeatureReferenceName><FeatureName>Superb glossy finish</FeatureName><FeatureLongDescription>Superb glossy finish enhance your home decoration</FeatureLongDescription><FeatureRank>3</FeatureRank><FeatureTopRank>10</FeatureTopRank></Feature></KeyBenefitArea><KeyBenefitArea><KeyBenefitAreaCode>K4027896</KeyBenefitAreaCode><KeyBenefitAreaName>Experience immersive multimedia</KeyBenefitAreaName><KeyBenefitAreaRank>3</KeyBenefitAreaRank><Feature><FeatureCode>F400045859</FeatureCode><FeatureReferenceName>MHL technology</FeatureReferenceName><FeatureName>MHL technology</FeatureName><FeatureLongDescription>MHL technology for enjoying mobile content on big screen</FeatureLongDescription><FeatureGlossary>Mobile High Definition Link (MHL) is a mobile audio/video interface for directly connecting mobile phones and other portable devices to high-definition displays. An optional MHL cable allows you to simply connect your MHL capable mobile device to this large Philips MHL display, and watch your HD videos come to life with full digital sound. Now not only you can enjoy your mobile games, photos, movies, or other apps on its big screen, you can simultaneously charge your mobile device so you never run out of power half way.</FeatureGlossary><FeatureRank>1</FeatureRank><FeatureTopRank>8</FeatureTopRank></Feature></KeyBenefitArea><FeatureLogo><FeatureCode>F400078908</FeatureCode><FeatureReferenceName>Ultra Wide-Color Technology</FeatureReferenceName><FeatureLogoRank>4</FeatureLogoRank></FeatureLogo><FeatureLogo><FeatureCode>F400062886</FeatureCode><FeatureReferenceName>PLS technology_II</FeatureReferenceName><FeatureLogoRank>5</FeatureLogoRank></FeatureLogo><FeatureLogo><FeatureCode>F400032208</FeatureCode><FeatureReferenceName>16:9 Full HD display for best viewing experience</FeatureReferenceName><FeatureLogoRank>6</FeatureLogoRank></FeatureLogo><FeatureLogo><FeatureCode>F400067665</FeatureCode><FeatureReferenceName>Flicker-free technology</FeatureReferenceName><FeatureLogoRank>7</FeatureLogoRank></FeatureLogo><FeatureLogo><FeatureCode>F400000200</FeatureCode><FeatureReferenceName>SmartImage Lite</FeatureReferenceName><FeatureLogoRank>8</FeatureLogoRank></FeatureLogo><FeatureLogo><FeatureCode>F400045859</FeatureCode><FeatureReferenceName>MHL technology</FeatureReferenceName><FeatureLogoRank>9</FeatureLogoRank></FeatureLogo><FeatureLogo><FeatureCode>F400070499</FeatureCode><FeatureReferenceName>EasySelect Menu Toggle Key</FeatureReferenceName><FeatureLogoRank>10</FeatureLogoRank></FeatureLogo><FeatureLogo><FeatureCode>F400073121</FeatureCode><FeatureReferenceName>Slim design_2015 logo</FeatureReferenceName><FeatureLogoRank>11</FeatureLogoRank></FeatureLogo><FeatureLogo><FeatureCode>F400016234</FeatureCode><FeatureReferenceName>HDMI Ready</FeatureReferenceName><FeatureLogoRank>12</FeatureLogoRank></FeatureLogo><FeatureLogo><FeatureCode>F400023546</FeatureCode><FeatureReferenceName>SmartContrast ratio 20000000:1</FeatureReferenceName><FeatureLogoRank>13</FeatureLogoRank></FeatureLogo><FeatureLogo><FeatureCode>F400019722</FeatureCode><FeatureReferenceName>Mercury Free</FeatureReferenceName><FeatureLogoRank>14</FeatureLogoRank></FeatureLogo><FeatureImage><FeatureCode>F400078908</FeatureCode><FeatureReferenceName>Ultra Wide-Color Technology</FeatureReferenceName><FeatureImageRank>1</FeatureImageRank></FeatureImage><FeatureImage><FeatureCode>F400062886</FeatureCode><FeatureReferenceName>PLS technology_II</FeatureReferenceName><FeatureImageRank>2</FeatureImageRank></FeatureImage><FeatureImage><FeatureCode>F400071757</FeatureCode><FeatureReferenceName>16:9 Full HD display_2015</FeatureReferenceName><FeatureImageRank>3</FeatureImageRank></FeatureImage><FeatureImage><FeatureCode>F400067665</FeatureCode><FeatureReferenceName>Flicker-free technology</FeatureReferenceName><FeatureImageRank>4</FeatureImageRank></FeatureImage><FeatureImage><FeatureCode>F400065688</FeatureCode><FeatureReferenceName>SmartContrast for deep black level details</FeatureReferenceName><FeatureImageRank>5</FeatureImageRank></FeatureImage><FeatureImage><FeatureCode>F400065686</FeatureCode><FeatureReferenceName>SmartImage Lite for easy optimized image settings</FeatureReferenceName><FeatureImageRank>6</FeatureImageRank></FeatureImage><FeatureImage><FeatureCode>F400070499</FeatureCode><FeatureReferenceName>EasySelect Menu Toggle Key</FeatureReferenceName><FeatureImageRank>7</FeatureImageRank></FeatureImage><FeatureImage><FeatureCode>F400045859</FeatureCode><FeatureReferenceName>MHL technology</FeatureReferenceName><FeatureImageRank>8</FeatureImageRank></FeatureImage><FeatureHighlight><FeatureCode>F400078908</FeatureCode><FeatureReferenceName>Ultra Wide-Color Technology</FeatureReferenceName><FeatureHighlightRank>1</FeatureHighlightRank></FeatureHighlight><FeatureHighlight><FeatureCode>F400062886</FeatureCode><FeatureReferenceName>PLS technology_II</FeatureReferenceName><FeatureHighlightRank>2</FeatureHighlightRank></FeatureHighlight><FeatureHighlight><FeatureCode>F400071757</FeatureCode><FeatureReferenceName>16:9 Full HD display_2015</FeatureReferenceName><FeatureHighlightRank>3</FeatureHighlightRank></FeatureHighlight><FeatureHighlight><FeatureCode>F400067665</FeatureCode><FeatureReferenceName>Flicker-free technology</FeatureReferenceName><FeatureHighlightRank>4</FeatureHighlightRank></FeatureHighlight><FeatureHighlight><FeatureCode>F400065688</FeatureCode><FeatureReferenceName>SmartContrast for deep black level details</FeatureReferenceName><FeatureHighlightRank>5</FeatureHighlightRank></FeatureHighlight><FeatureHighlight><FeatureCode>F400065686</FeatureCode><FeatureReferenceName>SmartImage Lite for easy optimized image settings</FeatureReferenceName><FeatureHighlightRank>6</FeatureHighlightRank></FeatureHighlight><FeatureHighlight><FeatureCode>F400070499</FeatureCode><FeatureReferenceName>EasySelect Menu Toggle Key</FeatureReferenceName><FeatureHighlightRank>7</FeatureHighlightRank></FeatureHighlight><FeatureHighlight><FeatureCode>F400045859</FeatureCode><FeatureReferenceName>MHL technology</FeatureReferenceName><FeatureHighlightRank>8</FeatureHighlightRank></FeatureHighlight><CSChapter><CSChapterCode>3000796</CSChapterCode><CSChapterName>Picture/Display</CSChapterName><CSChapterRank>2</CSChapterRank><CSItem><CSItemCode>3006169</CSItemCode><CSItemName>LCD panel type</CSItemName><CSItemRank>1</CSItemRank><CSItemIsFreeFormat>0</CSItemIsFreeFormat><CSValue><CSValueCode>VA4055014</CSValueCode><CSValueName>PLS LCD</CSValueName><CSValueRank>1</CSValueRank></CSValue></CSItem><CSItem><CSItemCode>IT4007209</CSItemCode><CSItemName>Backlight type</CSItemName><CSItemRank>2</CSItemRank><CSItemIsFreeFormat>1</CSItemIsFreeFormat><CSValue><CSValueCode>VA4018797</CSValueCode><CSValueName>W-LED system</CSValueName><CSValueRank>1</CSValueRank></CSValue></CSItem><CSItem><CSItemCode>3006180</CSItemCode><CSItemName>Panel Size</CSItemName><CSItemRank>3</CSItemRank><CSItemIsFreeFormat>1</CSItemIsFreeFormat><CSValue><CSValueCode>3031218</CSValueCode><CSValueName>27 inch / 68.6 cm</CSValueName><CSValueRank>1</CSValueRank></CSValue></CSItem><CSItem><CSItemCode>3006149</CSItemCode><CSItemName>Effective viewing area</CSItemName><CSItemRank>4</CSItemRank><CSItemIsFreeFormat>1</CSItemIsFreeFormat><CSValue><CSValueCode>3031161</CSValueCode><CSValueName>597.9 (H) x 336.3 (V)</CSValueName><CSValueRank>1</CSValueRank></CSValue></CSItem><CSItem><CSItemCode>3006121</CSItemCode><CSItemName>Aspect ratio</CSItemName><CSItemRank>5</CSItemRank><CSItemIsFreeFormat>0</CSItemIsFreeFormat><CSValue><CSValueCode>3031098</CSValueCode><CSValueName>16:9</CSValueName><CSValueRank>1</CSValueRank></CSValue></CSItem><CSItem><CSItemCode>3006193</CSItemCode><CSItemName>Optimum resolution</CSItemName><CSItemRank>6</CSItemRank><CSItemIsFreeFormat>1</CSItemIsFreeFormat><CSValue><CSValueCode>3031277</CSValueCode><CSValueName>1920 x 1080 @ 60Hz</CSValueName><CSValueRank>1</CSValueRank></CSValue></CSItem><CSItem><CSItemCode>IT4039893</CSItemCode><CSItemName>Response time (typical)</CSItemName><CSItemRank>7</CSItemRank><CSItemIsFreeFormat>1</CSItemIsFreeFormat><CSValue><CSValueCode>VA4093235</CSValueCode><CSValueName>5 ms (Gray to Gray)*</CSValueName><CSValueRank>1</CSValueRank></CSValue></CSItem><CSItem><CSItemCode>3006127</CSItemCode><CSItemName>Brightness</CSItemName><CSItemRank>8</CSItemRank><CSItemIsFreeFormat>1</CSItemIsFreeFormat><CSValue><CSValueCode>3031110</CSValueCode><CSValueName>250</CSValueName><CSValueRank>1</CSValueRank></CSValue><UnitOfMeasure><UnitOfMeasureCode>3000038</UnitOfMeasureCode><UnitOfMeasureName>candela per square meter</UnitOfMeasureName><UnitOfMeasureSymbol>cd/m²</UnitOfMeasureSymbol></UnitOfMeasure></CSItem><CSItem><CSItemCode>3006133</CSItemCode><CSItemName>Contrast ratio (typical)</CSItemName><CSItemRank>9</CSItemRank><CSItemIsFreeFormat>1</CSItemIsFreeFormat><CSValue><CSValueCode>3031116</CSValueCode><CSValueName>1000:1</CSValueName><CSValueRank>1</CSValueRank></CSValue></CSItem><CSItem><CSItemCode>IT4006148</CSItemCode><CSItemName>SmartContrast</CSItemName><CSItemRank>10</CSItemRank><CSItemIsFreeFormat>1</CSItemIsFreeFormat><CSValue><CSValueCode>VA4017351</CSValueCode><CSValueName>20,000,000:1</CSValueName><CSValueRank>1</CSValueRank></CSValue></CSItem><CSItem><CSItemCode>3006186</CSItemCode><CSItemName>Pixel pitch</CSItemName><CSItemRank>11</CSItemRank><CSItemIsFreeFormat>1</CSItemIsFreeFormat><CSValue><CSValueCode>3031270</CSValueCode><CSValueName>0.311 x 0.311 mm</CSValueName><CSValueRank>1</CSValueRank></CSValue></CSItem><CSItem><CSItemCode>3007518</CSItemCode><CSItemName>Viewing angle</CSItemName><CSItemRank>12</CSItemRank><CSItemIsFreeFormat>0</CSItemIsFreeFormat><CSValue><CSValueCode>VA4002901</CSValueCode><CSValueName>178º (H) / 178º (V)</CSValueName><CSValueRank>1</CSValueRank></CSValue><CSValue><CSValueCode>3035028</CSValueCode><CSValueName>@ C/R &gt; 10</CSValueName><CSValueRank>2</CSValueRank></CSValue></CSItem><CSItem><CSItemCode>IT4036934</CSItemCode><CSItemName>Flicker-free</CSItemName><CSItemRank>13</CSItemRank><CSItemIsFreeFormat>1</CSItemIsFreeFormat><CSValue><CSValueCode>VA4085801</CSValueCode><CSValueName>Yes</CSValueName><CSValueRank>1</CSValueRank></CSValue></CSItem><CSItem><CSItemCode>3006183</CSItemCode><CSItemName>Picture enhancement</CSItemName><CSItemRank>14</CSItemRank><CSItemIsFreeFormat>0</CSItemIsFreeFormat><CSValue><CSValueCode>VA4000341</CSValueCode><CSValueName>SmartImage Lite</CSValueName><CSValueRank>1</CSValueRank></CSValue></CSItem><CSItem><CSItemCode>IT4034031</CSItemCode><CSItemName>Color gamut (typical)</CSItemName><CSItemRank>15</CSItemRank><CSItemIsFreeFormat>1</CSItemIsFreeFormat><CSValue><CSValueCode>VA4079201</CSValueCode><CSValueName>NTSC 104.4% (CIE1976)*</CSValueName><CSValueRank>1</CSValueRank></CSValue></CSItem><CSItem><CSItemCode>3006143</CSItemCode><CSItemName>Display colors</CSItemName><CSItemRank>16</CSItemRank><CSItemIsFreeFormat>1</CSItemIsFreeFormat><CSValue><CSValueCode>3031126</CSValueCode><CSValueName>16.7 M</CSValueName><CSValueRank>1</CSValueRank></CSValue></CSItem><CSItem><CSItemCode>IT4006149</CSItemCode><CSItemName>Scanning Frequency</CSItemName><CSItemRank>17</CSItemRank><CSItemIsFreeFormat>1</CSItemIsFreeFormat><CSValue><CSValueCode>VA4017352</CSValueCode><CSValueName>30 -83 kHz (H) / 56 -76 Hz (V)</CSValueName><CSValueRank>1</CSValueRank></CSValue></CSItem><CSItem><CSItemCode>IT4024231</CSItemCode><CSItemName>MHL</CSItemName><CSItemRank>18</CSItemRank><CSItemIsFreeFormat>1</CSItemIsFreeFormat><CSValue><CSValueCode>VA4055581</CSValueCode><CSValueName>1080P @ 30Hz</CSValueName><CSValueRank>1</CSValueRank></CSValue></CSItem><CSItem><CSItemCode>3006207</CSItemCode><CSItemName>sRGB</CSItemName><CSItemRank>19</CSItemRank><CSItemIsFreeFormat>1</CSItemIsFreeFormat><CSValue><CSValueCode>3031306</CSValueCode><CSValueName>Yes</CSValueName><CSValueRank>1</CSValueRank></CSValue></CSItem></CSChapter><CSChapter><CSChapterCode>3000813</CSChapterCode><CSChapterName>Connectivity</CSChapterName><CSChapterRank>3</CSChapterRank><CSItem><CSItemCode>3006576</CSItemCode><CSItemName>Signal Input</CSItemName><CSItemRank>1</CSItemRank><CSItemIsFreeFormat>0</CSItemIsFreeFormat><CSValue><CSValueCode>3036216</CSValueCode><CSValueName>VGA (Analog )</CSValueName><CSValueRank>1</CSValueRank></CSValue><CSValue><CSValueCode>VA4015427</CSValueCode><CSValueName>DVI-D (digital, HDCP)</CSValueName><CSValueRank>2</CSValueRank></CSValue><CSValue><CSValueCode>VA4055583</CSValueCode><CSValueName>MHL-HDMI (digital, HDCP)</CSValueName><CSValueRank>3</CSValueRank></CSValue></CSItem><CSItem><CSItemCode>3006588</CSItemCode><CSItemName>Sync Input</CSItemName><CSItemRank>2</CSItemRank><CSItemIsFreeFormat>0</CSItemIsFreeFormat><CSValue><CSValueCode>3032392</CSValueCode><CSValueName>Separate Sync</CSValueName><CSValueRank>1</CSValueRank></CSValue><CSValue><CSValueCode>3032393</CSValueCode><CSValueName>Sync on Green</CSValueName><CSValueRank>2</CSValueRank></CSValue></CSItem><CSItem><CSItemCode>IT4005621</CSItemCode><CSItemName>Audio (In/Out)</CSItemName><CSItemRank>3</CSItemRank><CSItemIsFreeFormat>0</CSItemIsFreeFormat><CSValue><CSValueCode>VA4033327</CSValueCode><CSValueName>HDMI audio out</CSValueName><CSValueRank>1</CSValueRank></CSValue></CSItem></CSChapter><CSChapter><CSChapterCode>3000814</CSChapterCode><CSChapterName>Convenience</CSChapterName><CSChapterRank>4</CSChapterRank><CSItem><CSItemCode>3006633</CSItemCode><CSItemName>User convenience</CSItemName><CSItemRank>1</CSItemRank><CSItemIsFreeFormat>0</CSItemIsFreeFormat><CSValue><CSValueCode>VA4017554</CSValueCode><CSValueName>Power On/Off</CSValueName><CSValueRank>1</CSValueRank></CSValue><CSValue><CSValueCode>VA4017357</CSValueCode><CSValueName>Menu</CSValueName><CSValueRank>2</CSValueRank></CSValue><CSValue><CSValueCode>VA4085802</CSValueCode><CSValueName>Volume (HDMI Audio out)</CSValueName><CSValueRank>3</CSValueRank></CSValue><CSValue><CSValueCode>VA4017358</CSValueCode><CSValueName>Input</CSValueName><CSValueRank>4</CSValueRank></CSValue><CSValue><CSValueCode>VA4022518</CSValueCode><CSValueName>SmartImage lite</CSValueName><CSValueRank>5</CSValueRank></CSValue></CSItem><CSItem><CSItemCode>3006693</CSItemCode><CSItemName>OSD Languages</CSItemName><CSItemRank>2</CSItemRank><CSItemIsFreeFormat>0</CSItemIsFreeFormat><CSValue><CSValueCode>VA4065363</CSValueCode><CSValueName>Brazil Portuguese</CSValueName><CSValueRank>1</CSValueRank></CSValue><CSValue><CSValueCode>3034561</CSValueCode><CSValueName>Czech</CSValueName><CSValueRank>2</CSValueRank></CSValue><CSValue><CSValueCode>3034565</CSValueCode><CSValueName>Dutch</CSValueName><CSValueRank>3</CSValueRank></CSValue><CSValue><CSValueCode>3032771</CSValueCode><CSValueName>English</CSValueName><CSValueRank>4</CSValueRank></CSValue><CSValue><CSValueCode>VA4063224</CSValueCode><CSValueName>Finnish</CSValueName><CSValueRank>5</CSValueRank></CSValue><CSValue><CSValueCode>3032772</CSValueCode><CSValueName>French</CSValueName><CSValueRank>6</CSValueRank></CSValue><CSValue><CSValueCode>3032773</CSValueCode><CSValueName>German</CSValueName><CSValueRank>7</CSValueRank></CSValue><CSValue><CSValueCode>VA4002508</CSValueCode><CSValueName>Greek</CSValueName><CSValueRank>8</CSValueRank></CSValue><CSValue><CSValueCode>3034563</CSValueCode><CSValueName>Hungarian</CSValueName><CSValueRank>9</CSValueRank></CSValue><CSValue><CSValueCode>3032774</CSValueCode><CSValueName>Italian</CSValueName><CSValueRank>10</CSValueRank></CSValue><CSValue><CSValueCode>3038221</CSValueCode><CSValueName>Japanese</CSValueName><CSValueRank>11</CSValueRank></CSValue><CSValue><CSValueCode>3039946</CSValueCode><CSValueName>Korean</CSValueName><CSValueRank>12</CSValueRank></CSValue><CSValue><CSValueCode>3034564</CSValueCode><CSValueName>Polish</CSValueName><CSValueRank>13</CSValueRank></CSValue><CSValue><CSValueCode>3032775</CSValueCode><CSValueName>Portuguese</CSValueName><CSValueRank>14</CSValueRank></CSValue><CSValue><CSValueCode>3032776</CSValueCode><CSValueName>Russian</CSValueName><CSValueRank>15</CSValueRank></CSValue><CSValue><CSValueCode>3034114</CSValueCode><CSValueName>Simplified Chinese</CSValueName><CSValueRank>16</CSValueRank></CSValue><CSValue><CSValueCode>3032777</CSValueCode><CSValueName>Spanish</CSValueName><CSValueRank>17</CSValueRank></CSValue><CSValue><CSValueCode>3034562</CSValueCode><CSValueName>Swedish</CSValueName><CSValueRank>18</CSValueRank></CSValue><CSValue><CSValueCode>3034115</CSValueCode><CSValueName>Traditional Chinese</CSValueName><CSValueRank>19</CSValueRank></CSValue><CSValue><CSValueCode>3035749</CSValueCode><CSValueName>Turkish</CSValueName><CSValueRank>20</CSValueRank></CSValue><CSValue><CSValueCode>VA4065364</CSValueCode><CSValueName>Ukranian</CSValueName><CSValueRank>21</CSValueRank></CSValue></CSItem><CSItem><CSItemCode>3006694</CSItemCode><CSItemName>Other convenience</CSItemName><CSItemRank>3</CSItemRank><CSItemIsFreeFormat>0</CSItemIsFreeFormat><CSValue><CSValueCode>3032778</CSValueCode><CSValueName>Kensington lock</CSValueName><CSValueRank>1</CSValueRank></CSValue><CSValue><CSValueCode>VA4016754</CSValueCode><CSValueName>VESA mount (100x100mm)</CSValueName><CSValueRank>2</CSValueRank></CSValue></CSItem><CSItem><CSItemCode>3006699</CSItemCode><CSItemName>Plug &amp; Play Compatibility</CSItemName><CSItemRank>4</CSItemRank><CSItemIsFreeFormat>0</CSItemIsFreeFormat><CSValue><CSValueCode>3043209</CSValueCode><CSValueName>DDC/CI</CSValueName><CSValueRank>1</CSValueRank></CSValue><CSValue><CSValueCode>3046249</CSValueCode><CSValueName>Mac OS X</CSValueName><CSValueRank>2</CSValueRank></CSValue><CSValue><CSValueCode>3032788</CSValueCode><CSValueName>sRGB</CSValueName><CSValueRank>3</CSValueRank></CSValue><CSValue><CSValueCode>VA4082985</CSValueCode><CSValueName>Windows 8.1 / 8 / 7</CSValueName><CSValueRank>4</CSValueRank></CSValue></CSItem></CSChapter><CSChapter><CSChapterCode>CH4000824</CSChapterCode><CSChapterName>Stand</CSChapterName><CSChapterRank>5</CSChapterRank><CSItem><CSItemCode>IT4004954</CSItemCode><CSItemName>Tilt</CSItemName><CSItemRank>1</CSItemRank><CSItemIsFreeFormat>1</CSItemIsFreeFormat><CSValue><CSValueCode>VA4015659</CSValueCode><CSValueName>-5/20</CSValueName><CSValueRank>1</CSValueRank></CSValue><UnitOfMeasure><UnitOfMeasureCode>3000042</UnitOfMeasureCode><UnitOfMeasureName>degree</UnitOfMeasureName><UnitOfMeasureSymbol>degree</UnitOfMeasureSymbol></UnitOfMeasure></CSItem></CSChapter><CSChapter><CSChapterCode>3000821</CSChapterCode><CSChapterName>Power</CSChapterName><CSChapterRank>6</CSChapterRank><CSItem><CSItemCode>IT4005861</CSItemCode><CSItemName>On mode</CSItemName><CSItemRank>1</CSItemRank><CSItemIsFreeFormat>1</CSItemIsFreeFormat><CSValue><CSValueCode>VA4017025</CSValueCode><CSValueName>17.03 W (typ.) (EnergyStar 7.0 test method)</CSValueName><CSValueRank>1</CSValueRank></CSValue></CSItem><CSItem><CSItemCode>IT4006150</CSItemCode><CSItemName>Standby mode</CSItemName><CSItemRank>2</CSItemRank><CSItemIsFreeFormat>1</CSItemIsFreeFormat><CSValue><CSValueCode>VA4017360</CSValueCode><CSValueName>0.5 W (typ.)</CSValueName><CSValueRank>1</CSValueRank></CSValue></CSItem><CSItem><CSItemCode>IT4006081</CSItemCode><CSItemName>Off mode</CSItemName><CSItemRank>3</CSItemRank><CSItemIsFreeFormat>1</CSItemIsFreeFormat><CSValue><CSValueCode>VA4017285</CSValueCode><CSValueName>0.3 W (typ.)</CSValueName><CSValueRank>1</CSValueRank></CSValue></CSItem><CSItem><CSItemCode>3006931</CSItemCode><CSItemName>Power LED indicator</CSItemName><CSItemRank>4</CSItemRank><CSItemIsFreeFormat>0</CSItemIsFreeFormat><CSValue><CSValueCode>VA4015465</CSValueCode><CSValueName>Operation - White</CSValueName><CSValueRank>1</CSValueRank></CSValue><CSValue><CSValueCode>VA4017406</CSValueCode><CSValueName>Standby mode- White (blinking)</CSValueName><CSValueRank>2</CSValueRank></CSValue></CSItem><CSItem><CSItemCode>3006932</CSItemCode><CSItemName>Power supply</CSItemName><CSItemRank>5</CSItemRank><CSItemIsFreeFormat>0</CSItemIsFreeFormat><CSValue><CSValueCode>3033322</CSValueCode><CSValueName>External</CSValueName><CSValueRank>1</CSValueRank></CSValue><CSValue><CSValueCode>VA4050622</CSValueCode><CSValueName>100-240VAC, 50-60Hz</CSValueName><CSValueRank>2</CSValueRank></CSValue></CSItem></CSChapter><CSChapter><CSChapterCode>3000820</CSChapterCode><CSChapterName>Dimensions</CSChapterName><CSChapterRank>7</CSChapterRank><CSItem><CSItemCode>IT4005764</CSItemCode><CSItemName>Product with stand (mm)</CSItemName><CSItemRank>1</CSItemRank><CSItemIsFreeFormat>1</CSItemIsFreeFormat><CSValue><CSValueCode>VA4016930</CSValueCode><CSValueName>616 x 468 x 179</CSValueName><CSValueRank>1</CSValueRank></CSValue><UnitOfMeasure><UnitOfMeasureCode>3000058</UnitOfMeasureCode><UnitOfMeasureName>millimeter</UnitOfMeasureName><UnitOfMeasureSymbol>mm</UnitOfMeasureSymbol></UnitOfMeasure></CSItem><CSItem><CSItemCode>IT4005765</CSItemCode><CSItemName>Product without stand (mm)</CSItemName><CSItemRank>2</CSItemRank><CSItemIsFreeFormat>1</CSItemIsFreeFormat><CSValue><CSValueCode>VA4016931</CSValueCode><CSValueName>616 x 370 x 52</CSValueName><CSValueRank>1</CSValueRank></CSValue><UnitOfMeasure><UnitOfMeasureCode>3000058</UnitOfMeasureCode><UnitOfMeasureName>millimeter</UnitOfMeasureName><UnitOfMeasureSymbol>mm</UnitOfMeasureSymbol></UnitOfMeasure></CSItem><CSItem><CSItemCode>IT4005766</CSItemCode><CSItemName>Packaging in mm (WxHxD)</CSItemName><CSItemRank>3</CSItemRank><CSItemIsFreeFormat>1</CSItemIsFreeFormat><CSValue><CSValueCode>VA4016932</CSValueCode><CSValueName>676 x 544 x 113</CSValueName><CSValueRank>1</CSValueRank></CSValue><UnitOfMeasure><UnitOfMeasureCode>3000058</UnitOfMeasureCode><UnitOfMeasureName>millimeter</UnitOfMeasureName><UnitOfMeasureSymbol>mm</UnitOfMeasureSymbol></UnitOfMeasure></CSItem></CSChapter><CSChapter><CSChapterCode>CH4000702</CSChapterCode><CSChapterName>Weight</CSChapterName><CSChapterRank>8</CSChapterRank><CSItem><CSItemCode>IT4005770</CSItemCode><CSItemName>Product with stand (kg)</CSItemName><CSItemRank>1</CSItemRank><CSItemIsFreeFormat>1</CSItemIsFreeFormat><CSValue><CSValueCode>VA4016936</CSValueCode><CSValueName>4.33</CSValueName><CSValueRank>1</CSValueRank></CSValue><UnitOfMeasure><UnitOfMeasureCode>3000049</UnitOfMeasureCode><UnitOfMeasureName>kilogram</UnitOfMeasureName><UnitOfMeasureSymbol>kg</UnitOfMeasureSymbol></UnitOfMeasure></CSItem><CSItem><CSItemCode>IT4005771</CSItemCode><CSItemName>Product without stand (kg)</CSItemName><CSItemRank>2</CSItemRank><CSItemIsFreeFormat>1</CSItemIsFreeFormat><CSValue><CSValueCode>VA4016937</CSValueCode><CSValueName>4.08</CSValueName><CSValueRank>1</CSValueRank></CSValue><UnitOfMeasure><UnitOfMeasureCode>3000049</UnitOfMeasureCode><UnitOfMeasureName>kilogram</UnitOfMeasureName><UnitOfMeasureSymbol>kg</UnitOfMeasureSymbol></UnitOfMeasure></CSItem><CSItem><CSItemCode>IT4005772</CSItemCode><CSItemName>Product with packaging (kg)</CSItemName><CSItemRank>3</CSItemRank><CSItemIsFreeFormat>1</CSItemIsFreeFormat><CSValue><CSValueCode>VA4016938</CSValueCode><CSValueName>6.81</CSValueName><CSValueRank>1</CSValueRank></CSValue><UnitOfMeasure><UnitOfMeasureCode>3000049</UnitOfMeasureCode><UnitOfMeasureName>kilogram</UnitOfMeasureName><UnitOfMeasureSymbol>kg</UnitOfMeasureSymbol></UnitOfMeasure></CSItem></CSChapter><CSChapter><CSChapterCode>CH4000823</CSChapterCode><CSChapterName>Operating conditions</CSChapterName><CSChapterRank>9</CSChapterRank><CSItem><CSItemCode>IT4004946</CSItemCode><CSItemName>Temperature range (operation)</CSItemName><CSItemRank>1</CSItemRank><CSItemIsFreeFormat>1</CSItemIsFreeFormat><CSValue><CSValueCode>VA4015651</CSValueCode><CSValueName>0°C to 40°C</CSValueName><CSValueRank>1</CSValueRank></CSValue><UnitOfMeasure><UnitOfMeasureCode>3000081</UnitOfMeasureCode><UnitOfMeasureName>degree Celsius</UnitOfMeasureName><UnitOfMeasureSymbol>°C</UnitOfMeasureSymbol></UnitOfMeasure></CSItem><CSItem><CSItemCode>IT4004947</CSItemCode><CSItemName>Temperature range (storage)</CSItemName><CSItemRank>2</CSItemRank><CSItemIsFreeFormat>1</CSItemIsFreeFormat><CSValue><CSValueCode>VA4015652</CSValueCode><CSValueName>-20°C to 60°C</CSValueName><CSValueRank>1</CSValueRank></CSValue><UnitOfMeasure><UnitOfMeasureCode>3000081</UnitOfMeasureCode><UnitOfMeasureName>degree Celsius</UnitOfMeasureName><UnitOfMeasureSymbol>°C</UnitOfMeasureSymbol></UnitOfMeasure></CSItem><CSItem><CSItemCode>IT4004948</CSItemCode><CSItemName>Relative humidity</CSItemName><CSItemRank>3</CSItemRank><CSItemIsFreeFormat>1</CSItemIsFreeFormat><CSValue><CSValueCode>VA4015653</CSValueCode><CSValueName>20%-80</CSValueName><CSValueRank>1</CSValueRank></CSValue><UnitOfMeasure><UnitOfMeasureCode>3000065</UnitOfMeasureCode><UnitOfMeasureName>percentage</UnitOfMeasureName><UnitOfMeasureSymbol>%</UnitOfMeasureSymbol></UnitOfMeasure></CSItem><CSItem><CSItemCode>IT4023612</CSItemCode><CSItemName>Altitude</CSItemName><CSItemRank>4</CSItemRank><CSItemIsFreeFormat>1</CSItemIsFreeFormat><CSValue><CSValueCode>VA4054761</CSValueCode><CSValueName>Operation: +12,000ft (3,658m), Non-operation: +40,000ft (12,192m)</CSValueName><CSValueRank>1</CSValueRank></CSValue></CSItem><CSItem><CSItemCode>IT4004949</CSItemCode><CSItemName>MTBF</CSItemName><CSItemRank>5</CSItemRank><CSItemIsFreeFormat>1</CSItemIsFreeFormat><CSValue><CSValueCode>VA4015654</CSValueCode><CSValueName>50,000 (excluding backlight)</CSValueName><CSValueRank>1</CSValueRank></CSValue><UnitOfMeasure><UnitOfMeasureCode>4000007</UnitOfMeasureCode><UnitOfMeasureName>-Hour</UnitOfMeasureName><UnitOfMeasureSymbol>hour(s)</UnitOfMeasureSymbol></UnitOfMeasure></CSItem></CSChapter><CSChapter><CSChapterCode>CH4000822</CSChapterCode><CSChapterName>Sustainability</CSChapterName><CSChapterRank>10</CSChapterRank><CSItem><CSItemCode>IT4004941</CSItemCode><CSItemName>Environmental and energy</CSItemName><CSItemRank>1</CSItemRank><CSItemIsFreeFormat>0</CSItemIsFreeFormat><CSValue><CSValueCode>VA4094404</CSValueCode><CSValueName>EnergyStar 7.0</CSValueName><CSValueRank>1</CSValueRank></CSValue><CSValue><CSValueCode>VA4015646</CSValueCode><CSValueName>EPEAT Silver</CSValueName><CSValueRank>2</CSValueRank></CSValue><CSValue><CSValueCode>VA4015645</CSValueCode><CSValueName>RoHS</CSValueName><CSValueRank>3</CSValueRank></CSValue><CSValue><CSValueCode>VA4033721</CSValueCode><CSValueName>Lead-free</CSValueName><CSValueRank>4</CSValueRank></CSValue><CSValue><CSValueCode>VA4033722</CSValueCode><CSValueName>Mercury Free</CSValueName><CSValueRank>5</CSValueRank></CSValue></CSItem><CSItem><CSItemCode>IT4004944</CSItemCode><CSItemName>Recyclable packaging material</CSItemName><CSItemRank>2</CSItemRank><CSItemIsFreeFormat>1</CSItemIsFreeFormat><CSValue><CSValueCode>VA4015649</CSValueCode><CSValueName>100</CSValueName><CSValueRank>1</CSValueRank></CSValue><UnitOfMeasure><UnitOfMeasureCode>3000065</UnitOfMeasureCode><UnitOfMeasureName>percentage</UnitOfMeasureName><UnitOfMeasureSymbol>%</UnitOfMeasureSymbol></UnitOfMeasure></CSItem></CSChapter><CSChapter><CSChapterCode>CH4001161</CSChapterCode><CSChapterName>Compliance and standards</CSChapterName><CSChapterRank>11</CSChapterRank><CSItem><CSItemCode>IT4006152</CSItemCode><CSItemName>Regulatory Approvals</CSItemName><CSItemRank>1</CSItemRank><CSItemIsFreeFormat>0</CSItemIsFreeFormat><CSValue><CSValueCode>VA4017361</CSValueCode><CSValueName>CE Mark</CSValueName><CSValueRank>1</CSValueRank></CSValue><CSValue><CSValueCode>VA4027482</CSValueCode><CSValueName>FCC Class B</CSValueName><CSValueRank>2</CSValueRank></CSValue><CSValue><CSValueCode>VA4083906</CSValueCode><CSValueName>CU-EAC</CSValueName><CSValueRank>3</CSValueRank></CSValue><CSValue><CSValueCode>VA4033548</CSValueCode><CSValueName>TCO certified</CSValueName><CSValueRank>4</CSValueRank></CSValue><CSValue><CSValueCode>VA4050621</CSValueCode><CSValueName>TUV/ISO9241-307</CSValueName><CSValueRank>5</CSValueRank></CSValue><CSValue><CSValueCode>VA4083904</CSValueCode><CSValueName>VCCI</CSValueName><CSValueRank>6</CSValueRank></CSValue><CSValue><CSValueCode>VA4090213</CSValueCode><CSValueName>RCM</CSValueName><CSValueRank>7</CSValueRank></CSValue><CSValue><CSValueCode>VA4033547</CSValueCode><CSValueName>WEEE</CSValueName><CSValueRank>8</CSValueRank></CSValue><CSValue><CSValueCode>VA4017548</CSValueCode><CSValueName>CECP</CSValueName><CSValueRank>9</CSValueRank></CSValue></CSItem></CSChapter><CSChapter><CSChapterCode>CH4000825</CSChapterCode><CSChapterName>Cabinet</CSChapterName><CSChapterRank>12</CSChapterRank><CSItem><CSItemCode>IT4004955</CSItemCode><CSItemName>Color</CSItemName><CSItemRank>1</CSItemRank><CSItemIsFreeFormat>1</CSItemIsFreeFormat><CSValue><CSValueCode>VA4015660</CSValueCode><CSValueName>White</CSValueName><CSValueRank>1</CSValueRank></CSValue></CSItem><CSItem><CSItemCode>IT4004956</CSItemCode><CSItemName>Finish</CSItemName><CSItemRank>2</CSItemRank><CSItemIsFreeFormat>1</CSItemIsFreeFormat><CSValue><CSValueCode>VA4015661</CSValueCode><CSValueName>Glossy</CSValueName><CSValueRank>1</CSValueRank></CSValue></CSItem></CSChapter><CSChapter><CSChapterCode>CH4008581</CSChapterCode><CSChapterName>What's in the box?</CSChapterName><CSChapterRank>14</CSChapterRank><CSItem><CSItemCode>IT4040999</CSItemCode><CSItemName>Monitor with stand</CSItemName><CSItemRank>1</CSItemRank><CSItemIsFreeFormat>1</CSItemIsFreeFormat><CSValue><CSValueCode>VA4095569</CSValueCode><CSValueName>yes</CSValueName><CSValueRank>1</CSValueRank></CSValue></CSItem><CSItem><CSItemCode>IT4041000</CSItemCode><CSItemName>Cables</CSItemName><CSItemRank>2</CSItemRank><CSItemIsFreeFormat>1</CSItemIsFreeFormat><CSValue><CSValueCode>VA4095570</CSValueCode><CSValueName>VGA. Power</CSValueName><CSValueRank>1</CSValueRank></CSValue></CSItem><CSItem><CSItemCode>IT4041030</CSItemCode><CSItemName>User Documentation</CSItemName><CSItemRank>3</CSItemRank><CSItemIsFreeFormat>1</CSItemIsFreeFormat><CSValue><CSValueCode>VA4095604</CSValueCode><CSValueName>yes</CSValueName><CSValueRank>1</CSValueRank></CSValue></CSItem></CSChapter><Filters><Purpose type="Comparison"><Features><Feature code="F400078908" rank="1" referenceName="Ultra Wide-Color Technology"/><Feature code="F400062886" rank="2" referenceName="PLS technology_II"/><Feature code="F400071757" rank="3" referenceName="16:9 Full HD display_2015"/><Feature code="F400067665" rank="4" referenceName="Flicker-free technology"/><Feature code="F400065688" rank="5" referenceName="SmartContrast for deep black level details"/><Feature code="F400065686" rank="6" referenceName="SmartImage Lite for easy optimized image settings"/><Feature code="F400070499" rank="7" referenceName="EasySelect Menu Toggle Key"/><Feature code="F400045859" rank="8" referenceName="MHL technology"/><Feature code="F400032210" rank="9" referenceName="Elegant, slim design complements your home decor"/><Feature code="F400036719" rank="10" referenceName="Superb glossy finish"/></Features><CSItems><CSItem code="3006169" rank="1" referenceName="Picture/Display - LCD panel type"/><CSItem code="3006576" rank="1" referenceName="Connectivity - Signal Input"/><CSItem code="3006633" rank="1" referenceName="Convenience - User convenience"/><CSItem code="IT4004954" rank="1" referenceName="Stand - Tilt"/><CSItem code="IT4005861" rank="1" referenceName="Power - On mode"/><CSItem code="IT4005764" rank="1" referenceName="Dimensions - Product with stand (mm)"/><CSItem code="IT4005770" rank="1" referenceName="Weight - Product with stand (kg)"/><CSItem code="IT4004946" rank="1" referenceName="Operating conditions - Temperature range (operation)"/><CSItem code="IT4004941" rank="1" referenceName="Sustainability - Environmental and energy"/><CSItem code="IT4006152" rank="1" referenceName="Compliance and standards - Regulatory Approvals"/><CSItem code="IT4004955" rank="1" referenceName="Cabinet - Color"/><CSItem code="IT4040999" rank="1" referenceName="What's in the box? - Monitor with stand"/><CSItem code="IT4007209" rank="2" referenceName="Picture/Display - Backlight type"/><CSItem code="3006588" rank="2" referenceName="Connectivity - Sync Input"/><CSItem code="3006693" rank="2" referenceName="Convenience - OSD Languages"/><CSItem code="IT4006150" rank="2" referenceName="Power - Standby mode"/><CSItem code="IT4005765" rank="2" referenceName="Dimensions - Product without stand (mm)"/><CSItem code="IT4005771" rank="2" referenceName="Weight - Product without stand (kg)"/><CSItem code="IT4004947" rank="2" referenceName="Operating conditions - Temperature range (storage)"/><CSItem code="IT4004944" rank="2" referenceName="Sustainability - Recyclable packaging material"/><CSItem code="IT4004956" rank="2" referenceName="Cabinet - Finish"/><CSItem code="IT4041000" rank="2" referenceName="What's in the box? - Cables"/><CSItem code="3006180" rank="3" referenceName="Picture/Display - Panel Size"/><CSItem code="IT4005621" rank="3" referenceName="Connectivity - Audio (In/Out)"/><CSItem code="3006694" rank="3" referenceName="Convenience - Other convenience"/><CSItem code="IT4006081" rank="3" referenceName="Power - Off mode"/><CSItem code="IT4005766" rank="3" referenceName="Dimensions - Packaging in mm (WxHxD)"/><CSItem code="IT4005772" rank="3" referenceName="Weight - Product with packaging (kg)"/><CSItem code="IT4004948" rank="3" referenceName="Operating conditions - Relative humidity"/><CSItem code="IT4041030" rank="3" referenceName="What's in the box? - User Documentation"/><CSItem code="3006149" rank="4" referenceName="Picture/Display - Effective viewing area"/><CSItem code="3006699" rank="4" referenceName="Convenience - Plug &amp; Play Compatibility"/><CSItem code="3006931" rank="4" referenceName="Power - Power LED indicator"/><CSItem code="IT4023612" rank="4" referenceName="Operating conditions - Altitude"/><CSItem code="3006121" rank="5" referenceName="Picture/Display - Aspect ratio"/><CSItem code="3006932" rank="5" referenceName="Power - Power supply"/><CSItem code="IT4004949" rank="5" referenceName="Operating conditions - MTBF"/><CSItem code="3006193" rank="6" referenceName="Picture/Display - Optimum resolution"/><CSItem code="IT4039893" rank="7" referenceName="Picture/Display - Response time (typical)"/><CSItem code="3006127" rank="8" referenceName="Picture/Display - Brightness"/><CSItem code="3006133" rank="9" referenceName="Picture/Display - Contrast ratio (typical)"/><CSItem code="IT4006148" rank="10" referenceName="Picture/Display - SmartContrast"/><CSItem code="3006186" rank="11" referenceName="Picture/Display - Pixel pitch"/><CSItem code="3007518" rank="12" referenceName="Picture/Display - Viewing angle"/><CSItem code="IT4036934" rank="13" referenceName="Picture/Display - Flicker-free"/><CSItem code="3006183" rank="14" referenceName="Picture/Display - Picture enhancement"/><CSItem code="IT4034031" rank="15" referenceName="Picture/Display - Color gamut (typical)"/><CSItem code="3006143" rank="16" referenceName="Picture/Display - Display colors"/><CSItem code="IT4006149" rank="17" referenceName="Picture/Display - Scanning Frequency"/><CSItem code="IT4024231" rank="18" referenceName="Picture/Display - MHL"/><CSItem code="3006207" rank="19" referenceName="Picture/Display - sRGB"/></CSItems></Purpose><Purpose type="Detail"><Features><Feature code="F400078908" rank="1" referenceName="Ultra Wide-Color Technology"/><Feature code="F400062886" rank="2" referenceName="PLS technology_II"/><Feature code="F400071757" rank="3" referenceName="16:9 Full HD display_2015"/><Feature code="F400067665" rank="4" referenceName="Flicker-free technology"/><Feature code="F400065688" rank="5" referenceName="SmartContrast for deep black level details"/><Feature code="F400065686" rank="6" referenceName="SmartImage Lite for easy optimized image settings"/><Feature code="F400070499" rank="7" referenceName="EasySelect Menu Toggle Key"/><Feature code="F400045859" rank="8" referenceName="MHL technology"/><Feature code="F400032210" rank="9" referenceName="Elegant, slim design complements your home decor"/><Feature code="F400036719" rank="10" referenceName="Superb glossy finish"/></Features><CSItems><CSItem code="3006169" rank="1" referenceName="Picture/Display - LCD panel type"/><CSItem code="3006576" rank="1" referenceName="Connectivity - Signal Input"/><CSItem code="3006633" rank="1" referenceName="Convenience - User convenience"/><CSItem code="IT4004954" rank="1" referenceName="Stand - Tilt"/><CSItem code="IT4005861" rank="1" referenceName="Power - On mode"/><CSItem code="IT4005764" rank="1" referenceName="Dimensions - Product with stand (mm)"/><CSItem code="IT4005770" rank="1" referenceName="Weight - Product with stand (kg)"/><CSItem code="IT4004946" rank="1" referenceName="Operating conditions - Temperature range (operation)"/><CSItem code="IT4004941" rank="1" referenceName="Sustainability - Environmental and energy"/><CSItem code="IT4006152" rank="1" referenceName="Compliance and standards - Regulatory Approvals"/><CSItem code="IT4004955" rank="1" referenceName="Cabinet - Color"/><CSItem code="IT4040999" rank="1" referenceName="What's in the box? - Monitor with stand"/><CSItem code="IT4007209" rank="2" referenceName="Picture/Display - Backlight type"/><CSItem code="3006588" rank="2" referenceName="Connectivity - Sync Input"/><CSItem code="3006693" rank="2" referenceName="Convenience - OSD Languages"/><CSItem code="IT4006150" rank="2" referenceName="Power - Standby mode"/><CSItem code="IT4005765" rank="2" referenceName="Dimensions - Product without stand (mm)"/><CSItem code="IT4005771" rank="2" referenceName="Weight - Product without stand (kg)"/><CSItem code="IT4004947" rank="2" referenceName="Operating conditions - Temperature range (storage)"/><CSItem code="IT4004944" rank="2" referenceName="Sustainability - Recyclable packaging material"/><CSItem code="IT4004956" rank="2" referenceName="Cabinet - Finish"/><CSItem code="IT4041000" rank="2" referenceName="What's in the box? - Cables"/><CSItem code="3006180" rank="3" referenceName="Picture/Display - Panel Size"/><CSItem code="IT4005621" rank="3" referenceName="Connectivity - Audio (In/Out)"/><CSItem code="3006694" rank="3" referenceName="Convenience - Other convenience"/><CSItem code="IT4006081" rank="3" referenceName="Power - Off mode"/><CSItem code="IT4005766" rank="3" referenceName="Dimensions - Packaging in mm (WxHxD)"/><CSItem code="IT4005772" rank="3" referenceName="Weight - Product with packaging (kg)"/><CSItem code="IT4004948" rank="3" referenceName="Operating conditions - Relative humidity"/><CSItem code="IT4041030" rank="3" referenceName="What's in the box? - User Documentation"/><CSItem code="3006149" rank="4" referenceName="Picture/Display - Effective viewing area"/><CSItem code="3006699" rank="4" referenceName="Convenience - Plug &amp; Play Compatibility"/><CSItem code="3006931" rank="4" referenceName="Power - Power LED indicator"/><CSItem code="IT4023612" rank="4" referenceName="Operating conditions - Altitude"/><CSItem code="3006121" rank="5" referenceName="Picture/Display - Aspect ratio"/><CSItem code="3006932" rank="5" referenceName="Power - Power supply"/><CSItem code="IT4004949" rank="5" referenceName="Operating conditions - MTBF"/><CSItem code="3006193" rank="6" referenceName="Picture/Display - Optimum resolution"/><CSItem code="IT4039893" rank="7" referenceName="Picture/Display - Response time (typical)"/><CSItem code="3006127" rank="8" referenceName="Picture/Display - Brightness"/><CSItem code="3006133" rank="9" referenceName="Picture/Display - Contrast ratio (typical)"/><CSItem code="IT4006148" rank="10" referenceName="Picture/Display - SmartContrast"/><CSItem code="3006186" rank="11" referenceName="Picture/Display - Pixel pitch"/><CSItem code="3007518" rank="12" referenceName="Picture/Display - Viewing angle"/><CSItem code="IT4036934" rank="13" referenceName="Picture/Display - Flicker-free"/><CSItem code="3006183" rank="14" referenceName="Picture/Display - Picture enhancement"/><CSItem code="IT4034031" rank="15" referenceName="Picture/Display - Color gamut (typical)"/><CSItem code="3006143" rank="16" referenceName="Picture/Display - Display colors"/><CSItem code="IT4006149" rank="17" referenceName="Picture/Display - Scanning Frequency"/><CSItem code="IT4024231" rank="18" referenceName="Picture/Display - MHL"/><CSItem code="3006207" rank="19" referenceName="Picture/Display - sRGB"/></CSItems></Purpose></Filters><FeatureCompareGroups/><Disclaimers><Disclaimer code="DIS40004921" rank="1" referenceName="MHL_This Philps display is MHL certified."><DisclaimerText>This Philips display is MHL certified. However, in case your MHL device does not connect or work correctly, check with your MHL device FAQ or vendor directly for direction. The policy of your device manufacturer may require you to purchase their brand specific MHL cable or adapter in order to work</DisclaimerText><DisclaimElements/></Disclaimer><Disclaimer code="DIS40003721" rank="2" referenceName="Requires optional MHL certified mobile device and MHL cable"><DisclaimerText>Requires optional MHL certified mobile device and MHL cable. (not included) Please check with your MHL device vendor for compatibility.</DisclaimerText><DisclaimElements/></Disclaimer><Disclaimer code="DIS40004361" rank="3" referenceName="MHL energy saving"><DisclaimerText>Standby/Off energy saving of ErP is not applicable for the MHL charging functionality</DisclaimerText><DisclaimElements/></Disclaimer><Disclaimer code="DIS40007289" rank="4" referenceName="For complete list of MHL-enabled products refer to"><DisclaimerText>For complete list of MHL-enabled products refer to www.mhlconsortiun.org</DisclaimerText><DisclaimElements/></Disclaimer><Disclaimer code="DIS40008974" rank="5" referenceName="HDMI cables vary depending on region and models."><DisclaimerText>HDMI cables vary depending on region and models.</DisclaimerText><DisclaimElements/></Disclaimer><Disclaimer code="DIS40009731" rank="6" referenceName="Response time value equal to SmartResponse"><DisclaimerText>Response time value equal to SmartResponse</DisclaimerText><DisclaimElements/></Disclaimer><Disclaimer code="DIS40010360" rank="7" referenceName="NTSC 85% (CIE1931), sRGB: 122.9%"><DisclaimerText>NTSC 85% (CIE1931), sRGB: 122.9%</DisclaimerText><DisclaimElements/></Disclaimer></Disclaimers><RichTexts/></Product></Products>