<?xml version="1.0" encoding="UTF-8"?><Products xmlns:source="http://apache.org/cocoon/source/1.0" DocStatus="approved" DocTimeStamp="2018-10-20T10:13:20"><Product Country="IN" IsAccessory="false" IsMaster="false" Locale="en_IN" lastModified="2018-10-19T04:27:58" masterLastModified="2018-04-23T00:06:09"><CTN>SPN1247WD/94</CTN><Code12NC>867000141373</Code12NC><GTIN>4895185625621</GTIN><MarketingVersion>3.0.4</MarketingVersion><MarketingStatus>Final Published</MarketingStatus><CRDate>2016-11-25</CRDate><CRDateYW>201648</CRDateYW><ModelYears><ModelYear>2016</ModelYear><ModelYear>2017</ModelYear><ModelYear>2018</ModelYear></ModelYears><ProductDivision><ProductDivisionCode>0200</ProductDivisionCode><ProductDivisionName>Consumer Lifestyle</ProductDivisionName><FormerPDCode>3400</FormerPDCode></ProductDivision><ProductOwner>Alex Tam</ProductOwner><DTN>SPN1247WD/94</DTN><Catalog><StartOfPublication>2017-02-01T00:00:00</StartOfPublication><EndOfPublication>2021-04-01T00:00:00</EndOfPublication><StartOfSales>2017-02-01T00:00:00</StartOfSales><EndOfSales>2021-04-01T00:00:00</EndOfSales><DummyPrice/><Deleted>false</Deleted><DeleteAfterDate/><ProductRank>50</ProductRank></Catalog><FinancialCategorization><BusinessGroupCode>6911</BusinessGroupCode><BusinessGroupName>Lifestyle Entertainment</BusinessGroupName><BusinessUnitCode>3995</BusinessUnitCode><BusinessUnitName>Accessories</BusinessUnitName><MainArticleGroupCode>X59</MainArticleGroupCode><MainArticleGroupName>Power Solutions High Voltage</MainArticleGroupName><ArticleGroupCode>2144</ArticleGroupCode><ArticleGroupName>Line Cord (non surge)</ArticleGroupName></FinancialCategorization><Categorization type="CONSUMER"><GroupCode>SOUND_AND_VISION_GR</GroupCode><GroupName>Sound &amp; vision</GroupName><CategoryCode>SV_POWER_SOLUTIONS_CA</CategoryCode><CategoryName>Power solutions</CategoryName><SubcategoryCode>SV_SURGE_PROTECTORS_SU</SubcategoryCode><SubcategoryName>Surge protectors</SubcategoryName></Categorization><Assets><Asset code="SPN1247WD_94" description="Leaflet" extension="pdf" lastModified="2018-10-17" locale="en_IN" number="001" type="PSS">http://download.p4c.philips.com/files/s/spn1247wd_94/spn1247wd_94_pss_aenin.pdf</Asset><Asset code="SPN1247WD_94" description="Retail Trade Leaflet" extension="pdf" lastModified="2018-10-05" locale="en_IN" number="001" type="RTL">http://download.p4c.philips.com/files/s/spn1247wd_94/spn1247wd_94_rtl_aenin.pdf</Asset><Asset code="SPN1247WD_94" description="Leaflet" extension="pdf" lastModified="2018-10-17" locale="global" number="001" type="PSS">http://download.p4c.philips.com/files/s/spn1247wd_94/spn1247wd_94_pss_.pdf</Asset><Asset code="SPN1247WD_94" description="Single product shot" extension="" lastModified="2018-10-19" locale="en_IN" number="" type="IMS">http://images.philips.com/is/image/PhilipsConsumer/SPN1247WD_94-IMS-en_IN</Asset><Asset code="SPN1247WD_94" description="Product gallery image set" extension="" lastModified="2018-10-19" locale="en_IN" number="" type="GAL">http://images.philips.com/is/image/PhilipsConsumer/SPN1247WD_94-GAL-en_IN</Asset><Asset code="SPN1247WD_94" description="Product URL" extension="" lastModified="2018-10-19" locale="en_IN" number="" type="URL">http://www.philips.co.in/c-p/SPN1247WD_94/extension-socket</Asset><Asset code="PHI" description="Brand logo - highres 1476x886" extension="tif" lastModified="2016-02-18" locale="global" number="001" type="BRP">http://images.philips.com/is/image/PhilipsConsumer/PHI-BRP-global-001</Asset></Assets><ProductName>4 outlets 4 ft. power cord Extension socket</ProductName><FullProductName>Philips Extension socket SPN1247WD 4 outlets 4 ft. power cord master switch circuit breaker protection</FullProductName><NamingString><MasterBrand><BrandCode>PHI</BrandCode><BrandName>Philips</BrandName></MasterBrand><BrandString>Philips</BrandString><Descriptor><DescriptorCode>D4029800</DescriptorCode><DescriptorName>Extension socket</DescriptorName></Descriptor><Alphanumeric>SPN1247WD</Alphanumeric><VersionElement1><VersionElementCode>V4002302</VersionElementCode><VersionElementName>4 outlets</VersionElementName></VersionElement1><VersionElement2><VersionElementCode>V4044905</VersionElementCode><VersionElementName>4 ft. power cord</VersionElementName></VersionElement2><VersionElement3><VersionElementCode>V4045114</VersionElementCode><VersionElementName>master switch</VersionElementName></VersionElement3><VersionElement4><VersionElementCode>V4044890</VersionElementCode><VersionElementName>circuit breaker protection</VersionElementName></VersionElement4><VersionString>4 outlets 4 ft. power cord master switch circuit breaker protection</VersionString><BrandedFeatureString/><DescriptorBrandedFeatureString>Extension socket</DescriptorBrandedFeatureString></NamingString><WOW>Power your electronics safely</WOW><SubWOW>Expand your number of sockets to 4</SubWOW><MarketingTextHeader>Featuring 4 grounded outlets, 4 ft power cord and master power control switch, built-in circuit breaker shuts off power to sockets in case of overloading or short circuit.</MarketingTextHeader><KeyBenefitArea><KeyBenefitAreaCode>K4006083</KeyBenefitAreaCode><KeyBenefitAreaName>Plug more</KeyBenefitAreaName><KeyBenefitAreaRank>1</KeyBenefitAreaRank><Feature><FeatureCode>F400026144</FeatureCode><FeatureReferenceName>Expands 1 grounded outlet into 4</FeatureReferenceName><FeatureName>1 grounded outlet into 4</FeatureName><FeatureLongDescription>Expands 1 grounded outlet into 4</FeatureLongDescription><FeatureGlossary>A power multiplier that expands 1 grounded outlet in to 4 grounded outlets by plugging directly into the wall</FeatureGlossary><FeatureRank>1</FeatureRank><FeatureTopRank>1</FeatureTopRank></Feature></KeyBenefitArea><KeyBenefitArea><KeyBenefitAreaCode>K4001444</KeyBenefitAreaCode><KeyBenefitAreaName>Built-in convenience</KeyBenefitAreaName><KeyBenefitAreaRank>2</KeyBenefitAreaRank><Feature><FeatureCode>F400085534</FeatureCode><FeatureReferenceName>4 ft. power cord</FeatureReferenceName><FeatureName>4 ft. power cord</FeatureName><FeatureLongDescription>4 ft. power cord</FeatureLongDescription><FeatureGlossary>Provides power to the unit which can be 4 feet from the AC outlet.</FeatureGlossary><FeatureRank>1</FeatureRank><FeatureTopRank>2</FeatureTopRank></Feature></KeyBenefitArea><KeyBenefitArea><KeyBenefitAreaCode>K4001445</KeyBenefitAreaCode><KeyBenefitAreaName>Dependable protection</KeyBenefitAreaName><KeyBenefitAreaRank>3</KeyBenefitAreaRank><Feature><FeatureCode>F400083382</FeatureCode><FeatureReferenceName>6-amp circuit breaker</FeatureReferenceName><FeatureName>6-amp circuit breaker</FeatureName><FeatureLongDescription>6-amp circuit breaker</FeatureLongDescription><FeatureGlossary>Internal 6-amp cirucit breaker shuts off power to the outlets in case of overloading or short circuit. Press the reset button located on the extension socket to restore power after the circuit breaker shuts off.</FeatureGlossary><FeatureRank>1</FeatureRank><FeatureTopRank>5</FeatureTopRank></Feature></KeyBenefitArea><KeyBenefitArea><KeyBenefitAreaCode>K4006833</KeyBenefitAreaCode><KeyBenefitAreaName>Simplicity</KeyBenefitAreaName><KeyBenefitAreaRank>4</KeyBenefitAreaRank><Feature><FeatureCode>F400022339</FeatureCode><FeatureReferenceName>Integrated automatic child safety outlets</FeatureReferenceName><FeatureName>automatic child safety outlets</FeatureName><FeatureLongDescription>Integrated automatic child safety outlets</FeatureLongDescription><FeatureGlossary>Helps keep children safe from accidental shock.</FeatureGlossary><FeatureRank>2</FeatureRank><FeatureTopRank>3</FeatureTopRank></Feature><Feature><FeatureCode>F400008843</FeatureCode><FeatureReferenceName>Master on/off switch-multipl</FeatureReferenceName><FeatureName>Master on/off switch</FeatureName><FeatureLongDescription>Master on/off switch</FeatureLongDescription><FeatureGlossary>This master switch controls power to the outlets on the power multiplier</FeatureGlossary><FeatureRank>1</FeatureRank><FeatureTopRank>4</FeatureTopRank></Feature></KeyBenefitArea><FeatureImage><FeatureCode>F400026144</FeatureCode><FeatureReferenceName>Expands 1 grounded outlet into 4</FeatureReferenceName><FeatureImageRank>1</FeatureImageRank></FeatureImage><FeatureImage><FeatureCode>F400085534</FeatureCode><FeatureReferenceName>4 ft. power cord</FeatureReferenceName><FeatureImageRank>2</FeatureImageRank></FeatureImage><FeatureImage><FeatureCode>F400022339</FeatureCode><FeatureReferenceName>Integrated automatic child safety outlets</FeatureReferenceName><FeatureImageRank>3</FeatureImageRank></FeatureImage><FeatureImage><FeatureCode>F400008843</FeatureCode><FeatureReferenceName>Master on/off switch-multipl</FeatureReferenceName><FeatureImageRank>4</FeatureImageRank></FeatureImage><FeatureImage><FeatureCode>F400083382</FeatureCode><FeatureReferenceName>6-amp circuit breaker</FeatureReferenceName><FeatureImageRank>5</FeatureImageRank></FeatureImage><FeatureHighlight><FeatureCode>F400026144</FeatureCode><FeatureReferenceName>Expands 1 grounded outlet into 4</FeatureReferenceName><FeatureHighlightRank>1</FeatureHighlightRank></FeatureHighlight><FeatureHighlight><FeatureCode>F400085534</FeatureCode><FeatureReferenceName>4 ft. power cord</FeatureReferenceName><FeatureHighlightRank>2</FeatureHighlightRank></FeatureHighlight><FeatureHighlight><FeatureCode>F400022339</FeatureCode><FeatureReferenceName>Integrated automatic child safety outlets</FeatureReferenceName><FeatureHighlightRank>3</FeatureHighlightRank></FeatureHighlight><FeatureHighlight><FeatureCode>F400008843</FeatureCode><FeatureReferenceName>Master on/off switch-multipl</FeatureReferenceName><FeatureHighlightRank>4</FeatureHighlightRank></FeatureHighlight><FeatureHighlight><FeatureCode>F400083382</FeatureCode><FeatureReferenceName>6-amp circuit breaker</FeatureReferenceName><FeatureHighlightRank>5</FeatureHighlightRank></FeatureHighlight><CSChapter><CSChapterCode>CH4000341</CSChapterCode><CSChapterName>Product dimensions</CSChapterName><CSChapterRank>2</CSChapterRank><CSItem><CSItemCode>IT4001427</CSItemCode><CSItemName>Depth</CSItemName><CSItemRank>1</CSItemRank><CSItemIsFreeFormat>1</CSItemIsFreeFormat><CSValue><CSValueCode>VA4003627</CSValueCode><CSValueName>3</CSValueName><CSValueRank>1</CSValueRank></CSValue><UnitOfMeasure><UnitOfMeasureCode>3000039</UnitOfMeasureCode><UnitOfMeasureName>centimeter</UnitOfMeasureName><UnitOfMeasureSymbol>cm</UnitOfMeasureSymbol></UnitOfMeasure></CSItem><CSItem><CSItemCode>IT4001425</CSItemCode><CSItemName>Height</CSItemName><CSItemRank>2</CSItemRank><CSItemIsFreeFormat>1</CSItemIsFreeFormat><CSValue><CSValueCode>VA4003625</CSValueCode><CSValueName>33</CSValueName><CSValueRank>1</CSValueRank></CSValue><UnitOfMeasure><UnitOfMeasureCode>3000039</UnitOfMeasureCode><UnitOfMeasureName>centimeter</UnitOfMeasureName><UnitOfMeasureSymbol>cm</UnitOfMeasureSymbol></UnitOfMeasure></CSItem><CSItem><CSItemCode>IT4001429</CSItemCode><CSItemName>Weight</CSItemName><CSItemRank>3</CSItemRank><CSItemIsFreeFormat>1</CSItemIsFreeFormat><CSValue><CSValueCode>VA4003629</CSValueCode><CSValueName>0.34</CSValueName><CSValueRank>1</CSValueRank></CSValue><UnitOfMeasure><UnitOfMeasureCode>3000049</UnitOfMeasureCode><UnitOfMeasureName>kilogram</UnitOfMeasureName><UnitOfMeasureSymbol>kg</UnitOfMeasureSymbol></UnitOfMeasure></CSItem><CSItem><CSItemCode>IT4001423</CSItemCode><CSItemName>Width</CSItemName><CSItemRank>4</CSItemRank><CSItemIsFreeFormat>1</CSItemIsFreeFormat><CSValue><CSValueCode>VA4003623</CSValueCode><CSValueName>11</CSValueName><CSValueRank>1</CSValueRank></CSValue><UnitOfMeasure><UnitOfMeasureCode>3000039</UnitOfMeasureCode><UnitOfMeasureName>centimeter</UnitOfMeasureName><UnitOfMeasureSymbol>cm</UnitOfMeasureSymbol></UnitOfMeasure></CSItem></CSChapter><CSChapter><CSChapterCode>CH4000342</CSChapterCode><CSChapterName>Packaging dimensions</CSChapterName><CSChapterRank>3</CSChapterRank><CSItem><CSItemCode>IT4001441</CSItemCode><CSItemName>Height</CSItemName><CSItemRank>1</CSItemRank><CSItemIsFreeFormat>1</CSItemIsFreeFormat><CSValue><CSValueCode>VA4004060</CSValueCode><CSValueName>34</CSValueName><CSValueRank>1</CSValueRank></CSValue><UnitOfMeasure><UnitOfMeasureCode>3000039</UnitOfMeasureCode><UnitOfMeasureName>centimeter</UnitOfMeasureName><UnitOfMeasureSymbol>cm</UnitOfMeasureSymbol></UnitOfMeasure></CSItem><CSItem><CSItemCode>IT4001439</CSItemCode><CSItemName>Width</CSItemName><CSItemRank>2</CSItemRank><CSItemIsFreeFormat>1</CSItemIsFreeFormat><CSValue><CSValueCode>VA4004058</CSValueCode><CSValueName>12</CSValueName><CSValueRank>1</CSValueRank></CSValue><UnitOfMeasure><UnitOfMeasureCode>3000039</UnitOfMeasureCode><UnitOfMeasureName>centimeter</UnitOfMeasureName><UnitOfMeasureSymbol>cm</UnitOfMeasureSymbol></UnitOfMeasure></CSItem><CSItem><CSItemCode>IT4001443</CSItemCode><CSItemName>Depth</CSItemName><CSItemRank>3</CSItemRank><CSItemIsFreeFormat>1</CSItemIsFreeFormat><CSValue><CSValueCode>VA4004062</CSValueCode><CSValueName>4</CSValueName><CSValueRank>1</CSValueRank></CSValue><UnitOfMeasure><UnitOfMeasureCode>3000039</UnitOfMeasureCode><UnitOfMeasureName>centimeter</UnitOfMeasureName><UnitOfMeasureSymbol>cm</UnitOfMeasureSymbol></UnitOfMeasure></CSItem><CSItem><CSItemCode>IT4001445</CSItemCode><CSItemName>Nett weight</CSItemName><CSItemRank>4</CSItemRank><CSItemIsFreeFormat>1</CSItemIsFreeFormat><CSValue><CSValueCode>VA4004064</CSValueCode><CSValueName>0.34</CSValueName><CSValueRank>1</CSValueRank></CSValue><UnitOfMeasure><UnitOfMeasureCode>3000049</UnitOfMeasureCode><UnitOfMeasureName>kilogram</UnitOfMeasureName><UnitOfMeasureSymbol>kg</UnitOfMeasureSymbol></UnitOfMeasure></CSItem><CSItem><CSItemCode>IT4001447</CSItemCode><CSItemName>Gross weight</CSItemName><CSItemRank>5</CSItemRank><CSItemIsFreeFormat>1</CSItemIsFreeFormat><CSValue><CSValueCode>VA4004066</CSValueCode><CSValueName>0.415</CSValueName><CSValueRank>1</CSValueRank></CSValue><UnitOfMeasure><UnitOfMeasureCode>3000049</UnitOfMeasureCode><UnitOfMeasureName>kilogram</UnitOfMeasureName><UnitOfMeasureSymbol>kg</UnitOfMeasureSymbol></UnitOfMeasure></CSItem><CSItem><CSItemCode>IT4001449</CSItemCode><CSItemName>Tare weight</CSItemName><CSItemRank>6</CSItemRank><CSItemIsFreeFormat>1</CSItemIsFreeFormat><CSValue><CSValueCode>VA4004068</CSValueCode><CSValueName>0.075</CSValueName><CSValueRank>1</CSValueRank></CSValue><UnitOfMeasure><UnitOfMeasureCode>3000049</UnitOfMeasureCode><UnitOfMeasureName>kilogram</UnitOfMeasureName><UnitOfMeasureSymbol>kg</UnitOfMeasureSymbol></UnitOfMeasure></CSItem><CSItem><CSItemCode>IT4001451</CSItemCode><CSItemName>EAN</CSItemName><CSItemRank>7</CSItemRank><CSItemIsFreeFormat>1</CSItemIsFreeFormat><CSValue><CSValueCode>VA4004070</CSValueCode><CSValueName>48 95185 62562 1</CSValueName><CSValueRank>1</CSValueRank></CSValue></CSItem><CSItem><CSItemCode>IT4001453</CSItemCode><CSItemName>Number of products included</CSItemName><CSItemRank>8</CSItemRank><CSItemIsFreeFormat>1</CSItemIsFreeFormat><CSValue><CSValueCode>VA4004072</CSValueCode><CSValueName>1</CSValueName><CSValueRank>1</CSValueRank></CSValue></CSItem><CSItem><CSItemCode>IT4001454</CSItemCode><CSItemName>Packaging type</CSItemName><CSItemRank>9</CSItemRank><CSItemIsFreeFormat>1</CSItemIsFreeFormat><CSValue><CSValueCode>VA4004073</CSValueCode><CSValueName>Carton</CSValueName><CSValueRank>1</CSValueRank></CSValue></CSItem><CSItem><CSItemCode>IT4001455</CSItemCode><CSItemName>Type of shelf placement</CSItemName><CSItemRank>10</CSItemRank><CSItemIsFreeFormat>1</CSItemIsFreeFormat><CSValue><CSValueCode>VA4004074</CSValueCode><CSValueName>Both</CSValueName><CSValueRank>1</CSValueRank></CSValue></CSItem></CSChapter><CSChapter><CSChapterCode>CH4000343</CSChapterCode><CSChapterName>Outer Carton</CSChapterName><CSChapterRank>4</CSChapterRank><CSItem><CSItemCode>IT4001456</CSItemCode><CSItemName>Length</CSItemName><CSItemRank>1</CSItemRank><CSItemIsFreeFormat>1</CSItemIsFreeFormat><CSValue><CSValueCode>VA4003639</CSValueCode><CSValueName>35</CSValueName><CSValueRank>1</CSValueRank></CSValue><UnitOfMeasure><UnitOfMeasureCode>3000039</UnitOfMeasureCode><UnitOfMeasureName>centimeter</UnitOfMeasureName><UnitOfMeasureSymbol>cm</UnitOfMeasureSymbol></UnitOfMeasure></CSItem><CSItem><CSItemCode>IT4001458</CSItemCode><CSItemName>Width</CSItemName><CSItemRank>2</CSItemRank><CSItemIsFreeFormat>1</CSItemIsFreeFormat><CSValue><CSValueCode>VA4003641</CSValueCode><CSValueName>27.5</CSValueName><CSValueRank>1</CSValueRank></CSValue><UnitOfMeasure><UnitOfMeasureCode>3000039</UnitOfMeasureCode><UnitOfMeasureName>centimeter</UnitOfMeasureName><UnitOfMeasureSymbol>cm</UnitOfMeasureSymbol></UnitOfMeasure></CSItem><CSItem><CSItemCode>IT4001460</CSItemCode><CSItemName>Height</CSItemName><CSItemRank>3</CSItemRank><CSItemIsFreeFormat>1</CSItemIsFreeFormat><CSValue><CSValueCode>VA4003643</CSValueCode><CSValueName>25.8</CSValueName><CSValueRank>1</CSValueRank></CSValue><UnitOfMeasure><UnitOfMeasureCode>3000039</UnitOfMeasureCode><UnitOfMeasureName>centimeter</UnitOfMeasureName><UnitOfMeasureSymbol>cm</UnitOfMeasureSymbol></UnitOfMeasure></CSItem><CSItem><CSItemCode>IT4001464</CSItemCode><CSItemName>Gross weight</CSItemName><CSItemRank>4</CSItemRank><CSItemIsFreeFormat>1</CSItemIsFreeFormat><CSValue><CSValueCode>VA4003647</CSValueCode><CSValueName>5.33</CSValueName><CSValueRank>1</CSValueRank></CSValue><UnitOfMeasure><UnitOfMeasureCode>3000049</UnitOfMeasureCode><UnitOfMeasureName>kilogram</UnitOfMeasureName><UnitOfMeasureSymbol>kg</UnitOfMeasureSymbol></UnitOfMeasure></CSItem><CSItem><CSItemCode>IT4001466</CSItemCode><CSItemName>Tare weight</CSItemName><CSItemRank>5</CSItemRank><CSItemIsFreeFormat>1</CSItemIsFreeFormat><CSValue><CSValueCode>VA4003649</CSValueCode><CSValueName>1.25</CSValueName><CSValueRank>1</CSValueRank></CSValue><UnitOfMeasure><UnitOfMeasureCode>3000049</UnitOfMeasureCode><UnitOfMeasureName>kilogram</UnitOfMeasureName><UnitOfMeasureSymbol>kg</UnitOfMeasureSymbol></UnitOfMeasure></CSItem><CSItem><CSItemCode>IT4001470</CSItemCode><CSItemName>GTIN</CSItemName><CSItemRank>6</CSItemRank><CSItemIsFreeFormat>1</CSItemIsFreeFormat><CSValue><CSValueCode>VA4003653</CSValueCode><CSValueName>1 48 95185 62562 8</CSValueName><CSValueRank>1</CSValueRank></CSValue></CSItem><CSItem><CSItemCode>IT4001471</CSItemCode><CSItemName>Number of consumer packagings</CSItemName><CSItemRank>7</CSItemRank><CSItemIsFreeFormat>1</CSItemIsFreeFormat><CSValue><CSValueCode>VA4003654</CSValueCode><CSValueName>12</CSValueName><CSValueRank>1</CSValueRank></CSValue></CSItem><CSItem><CSItemCode>IT4001462</CSItemCode><CSItemName>Nett weight</CSItemName><CSItemRank>8</CSItemRank><CSItemIsFreeFormat>1</CSItemIsFreeFormat><CSValue><CSValueCode>VA4003645</CSValueCode><CSValueName>4.08</CSValueName><CSValueRank>1</CSValueRank></CSValue><UnitOfMeasure><UnitOfMeasureCode>3000049</UnitOfMeasureCode><UnitOfMeasureName>kilogram</UnitOfMeasureName><UnitOfMeasureSymbol>kg</UnitOfMeasureSymbol></UnitOfMeasure></CSItem></CSChapter><Filters><Purpose type="Comparison"><Features><Feature code="F400026144" rank="1" referenceName="Expands 1 grounded outlet into 4"/><Feature code="F400085534" rank="2" referenceName="4 ft. power cord"/><Feature code="F400022339" rank="3" referenceName="Integrated automatic child safety outlets"/><Feature code="F400008843" rank="4" referenceName="Master on/off switch-multipl"/><Feature code="F400083382" rank="5" referenceName="6-amp circuit breaker"/></Features><CSItems><CSItem code="IT4001427" rank="1" referenceName="Product dimensions - Depth"/><CSItem code="IT4001441" rank="1" referenceName="Packaging dimensions - Height"/><CSItem code="IT4001456" rank="1" referenceName="Outer Carton - Length"/><CSItem code="IT4001425" rank="2" referenceName="Product dimensions - Height"/><CSItem code="IT4001439" rank="2" referenceName="Packaging dimensions - Width"/><CSItem code="IT4001458" rank="2" referenceName="Outer Carton - Width"/><CSItem code="IT4001429" rank="3" referenceName="Product dimensions - Weight"/><CSItem code="IT4001443" rank="3" referenceName="Packaging dimensions - Depth"/><CSItem code="IT4001460" rank="3" referenceName="Outer Carton - Height"/><CSItem code="IT4001423" rank="4" referenceName="Product dimensions - Width"/><CSItem code="IT4001445" rank="4" referenceName="Packaging dimensions - Nett weight"/><CSItem code="IT4001464" rank="4" referenceName="Outer Carton - Gross weight"/><CSItem code="IT4001447" rank="5" referenceName="Packaging dimensions - Gross weight"/><CSItem code="IT4001466" rank="5" referenceName="Outer Carton - Tare weight"/><CSItem code="IT4001449" rank="6" referenceName="Packaging dimensions - Tare weight"/><CSItem code="IT4001470" rank="6" referenceName="Outer Carton - GTIN"/><CSItem code="IT4001451" rank="7" referenceName="Packaging dimensions - EAN"/><CSItem code="IT4001471" rank="7" referenceName="Outer Carton - Number of consumer packagings"/><CSItem code="IT4001453" rank="8" referenceName="Packaging dimensions - Number of products included"/><CSItem code="IT4001462" rank="8" referenceName="Outer Carton - Nett weight"/><CSItem code="IT4001454" rank="9" referenceName="Packaging dimensions - Packaging type"/><CSItem code="IT4001455" rank="10" referenceName="Packaging dimensions - Type of shelf placement"/></CSItems></Purpose><Purpose type="Detail"><Features><Feature code="F400026144" rank="1" referenceName="Expands 1 grounded outlet into 4"/><Feature code="F400085534" rank="2" referenceName="4 ft. power cord"/><Feature code="F400022339" rank="3" referenceName="Integrated automatic child safety outlets"/><Feature code="F400008843" rank="4" referenceName="Master on/off switch-multipl"/><Feature code="F400083382" rank="5" referenceName="6-amp circuit breaker"/></Features><CSItems><CSItem code="IT4001427" rank="1" referenceName="Product dimensions - Depth"/><CSItem code="IT4001441" rank="1" referenceName="Packaging dimensions - Height"/><CSItem code="IT4001456" rank="1" referenceName="Outer Carton - Length"/><CSItem code="IT4001425" rank="2" referenceName="Product dimensions - Height"/><CSItem code="IT4001439" rank="2" referenceName="Packaging dimensions - Width"/><CSItem code="IT4001458" rank="2" referenceName="Outer Carton - Width"/><CSItem code="IT4001429" rank="3" referenceName="Product dimensions - Weight"/><CSItem code="IT4001443" rank="3" referenceName="Packaging dimensions - Depth"/><CSItem code="IT4001460" rank="3" referenceName="Outer Carton - Height"/><CSItem code="IT4001423" rank="4" referenceName="Product dimensions - Width"/><CSItem code="IT4001445" rank="4" referenceName="Packaging dimensions - Nett weight"/><CSItem code="IT4001464" rank="4" referenceName="Outer Carton - Gross weight"/><CSItem code="IT4001447" rank="5" referenceName="Packaging dimensions - Gross weight"/><CSItem code="IT4001466" rank="5" referenceName="Outer Carton - Tare weight"/><CSItem code="IT4001449" rank="6" referenceName="Packaging dimensions - Tare weight"/><CSItem code="IT4001470" rank="6" referenceName="Outer Carton - GTIN"/><CSItem code="IT4001451" rank="7" referenceName="Packaging dimensions - EAN"/><CSItem code="IT4001471" rank="7" referenceName="Outer Carton - Number of consumer packagings"/><CSItem code="IT4001453" rank="8" referenceName="Packaging dimensions - Number of products included"/><CSItem code="IT4001462" rank="8" referenceName="Outer Carton - Nett weight"/><CSItem code="IT4001454" rank="9" referenceName="Packaging dimensions - Packaging type"/><CSItem code="IT4001455" rank="10" referenceName="Packaging dimensions - Type of shelf placement"/></CSItems></Purpose></Filters><FeatureCompareGroups/><Disclaimers/><RichTexts/></Product></Products>