<?xml version="1.0" encoding="UTF-8"?><Products xmlns:source="http://apache.org/cocoon/source/1.0" DocStatus="approved" DocTimeStamp="2018-10-20T10:13:20"><Product Country="IN" IsAccessory="false" IsMaster="false" Locale="en_IN" lastModified="2018-09-28T04:40:37" masterLastModified="2018-07-13T00:27:33"><CTN>HP8303/00</CTN><GTIN>08710103707943</GTIN><MarketingVersion>7.0.1</MarketingVersion><MarketingStatus>Final Published</MarketingStatus><CRDate>2014-09-26</CRDate><CRDateYW>201439</CRDateYW><ModelYears><ModelYear>2014</ModelYear><ModelYear>2015</ModelYear></ModelYears><ProductDivision><ProductDivisionCode>0200</ProductDivisionCode><ProductDivisionName>Consumer Lifestyle</ProductDivisionName><FormerPDCode>0300</FormerPDCode></ProductDivision><ProductOwner>Kevin Dziubek</ProductOwner><DTN>HP8303/00</DTN><Catalog><StartOfPublication>2014-10-26T00:00:00</StartOfPublication><EndOfPublication>2018-12-31T00:00:00</EndOfPublication><StartOfSales>2014-10-26T00:00:00</StartOfSales><EndOfSales>2018-10-26T00:00:00</EndOfSales><DummyPrice>1190</DummyPrice><Deleted>false</Deleted><DeleteAfterDate/><ProductRank>50</ProductRank></Catalog><FinancialCategorization><BusinessGroupCode>9044</BusinessGroupCode><BusinessGroupName>Personal Care</BusinessGroupName><BusinessUnitCode>9512</BusinessUnitCode><BusinessUnitName>Beauty</BusinessUnitName><MainArticleGroupCode>E04</MainArticleGroupCode><MainArticleGroupName>Hair Care</MainArticleGroupName><ArticleGroupCode>1349</ArticleGroupCode><ArticleGroupName>Straighteners low-end</ArticleGroupName></FinancialCategorization><Categorization type="CONSUMER"><GroupCode>PERSONAL_CARE_GR</GroupCode><GroupName>Personal care</GroupName><CategoryCode>HAIRCARE_CA</CategoryCode><CategoryName>Haircare</CategoryName><SubcategoryCode>STRAIGHTENER_SU</SubcategoryCode><SubcategoryName>Straighteners</SubcategoryName></Categorization><Assets><Asset code="HP8303_00" description="User manual" extension="pdf" lastModified="2018-09-27" locale="en_IN" number="001" type="DFU">http://download.p4c.philips.com/files/h/hp8303_00/hp8303_00_dfu_aen.pdf</Asset><Asset code="HP8303_00" description="Leaflet" extension="pdf" lastModified="2018-07-15" locale="en_IN" number="001" type="PSS">http://download.p4c.philips.com/files/h/hp8303_00/hp8303_00_pss_aenin.pdf</Asset><Asset code="HP8303_00" description="Retail Trade Leaflet" extension="pdf" lastModified="2018-07-22" locale="en_IN" number="001" type="RTL">http://download.p4c.philips.com/files/h/hp8303_00/hp8303_00_rtl_aenin.pdf</Asset><Asset code="HP8303_00" description="Leaflet" extension="pdf" lastModified="2018-07-19" locale="global" number="001" type="PSS">http://download.p4c.philips.com/files/h/hp8303_00/hp8303_00_pss_.pdf</Asset><Asset code="HP8303_00" description="Single product shot" extension="" lastModified="2018-09-28" locale="en_IN" number="" type="IMS">http://images.philips.com/is/image/PhilipsConsumer/HP8303_00-IMS-en_IN</Asset><Asset code="HP8303_00" description="Product gallery image set" extension="" lastModified="2018-09-28" locale="en_IN" number="" type="GAL">http://images.philips.com/is/image/PhilipsConsumer/HP8303_00-GAL-en_IN</Asset><Asset code="HP8303_00" description="Product URL" extension="" lastModified="2018-09-28" locale="en_IN" number="" type="URL">http://www.philips.co.in/c-p/HP8303_00/selfie-straightener</Asset><Asset code="ALA_52805639" description="Award rank" extension="png" lastModified="" locale="en_IN" number="001" type="AWR">http://images.philips.com/is/image/PhilipsConsumer/ALR005-AWR-en_IN-001</Asset><Asset code="ALA_52805639" description="Award URL" extension="html" lastModified="" locale="en_IN" number="001" type="AWU">http://www.brand-reviews.india.philips.com/7543b-en_in/HP8303_00/philips-philips-selfie-straightener-hp8303-00-styling-temperature-210-c-ceramic-plates-60-secs-heat-up-time-reviews/reviews.htm?reviewID=52805639</Asset><Asset code="ALA_53163684" description="Award rank" extension="png" lastModified="" locale="en_IN" number="001" type="AWR">http://images.philips.com/is/image/PhilipsConsumer/ALR005-AWR-en_IN-001</Asset><Asset code="ALA_53163684" description="Award URL" extension="html" lastModified="" locale="en_IN" number="001" type="AWU">http://www.brand-reviews.india.philips.com/7543b-en_in/HP8303_00/philips-philips-selfie-straightener-hp8303-00-styling-temperature-210-c-ceramic-plates-60-secs-heat-up-time-reviews/reviews.htm?reviewID=53163684</Asset><Asset code="ALA_56255209" description="Award rank" extension="png" lastModified="" locale="en_IN" number="001" type="AWR">http://images.philips.com/is/image/PhilipsConsumer/ALR004-AWR-en_IN-001</Asset><Asset code="ALA_56255209" description="Award URL" extension="html" lastModified="" locale="en_IN" number="001" type="AWU">http://www.brand-reviews.india.philips.com/7543b-en_in/HP8303_00/philips-philips-selfie-straightener-hp8303-00-styling-temperature-210-c-ceramic-plates-60-secs-heat-up-time-reviews/reviews.htm?reviewID=56255209</Asset><Asset code="ALA_64827931" description="Award rank" extension="png" lastModified="" locale="en_IN" number="001" type="AWR">http://images.philips.com/is/image/PhilipsConsumer/ALR005-AWR-en_IN-001</Asset><Asset code="ALA_64827931" description="Award URL" extension="html" lastModified="" locale="en_IN" number="001" type="AWU">http://www.brand-reviews.india.philips.com/7543b-en_in/HP8303_00/philips-philips-selfie-straightener-hp8303-00-styling-temperature-210-c-ceramic-plates-60-secs-heat-up-time-reviews/reviews.htm?reviewID=64827931</Asset><Asset code="ALS_10000002" description="Award source logo" extension="png" lastModified="" locale="en_IN" number="001" type="AWL">http://images.philips.com/is/image/PhilipsConsumer/ALS_10000002-AWL-en_IN-001</Asset><Asset code="ALS_10000002" description="Award www" extension="html" lastModified="" locale="en_IN" number="001" type="AWW">http://alatest.co.uk/redirect/sources/10000002/50428/</Asset><Asset code="F400068643" description="Feature photograph - highres 2100x1170" extension="tif" lastModified="2014-09-25" locale="global" number="001" type="FIL">http://images.philips.com/is/image/PhilipsConsumer/F400068643-FIL-global-001</Asset><Asset code="F400068645" description="Feature photograph - highres 2100x1170" extension="tif" lastModified="2014-09-25" locale="global" number="001" type="FIL">http://images.philips.com/is/image/PhilipsConsumer/F400068645-FIL-global-001</Asset><Asset code="F400068646" description="Feature photograph - highres 2100x1170" extension="tif" lastModified="2014-09-25" locale="global" number="001" type="FIL">http://images.philips.com/is/image/PhilipsConsumer/F400068646-FIL-global-001</Asset><Asset code="F400068648" description="Feature photograph - highres 2100x1170" extension="tif" lastModified="2014-09-25" locale="global" number="001" type="FIL">http://images.philips.com/is/image/PhilipsConsumer/F400068648-FIL-global-001</Asset><Asset code="F400076974_HP8303_00" description="Feature photograph - highres 2100x1170" extension="tif" lastModified="2016-01-15" locale="global" number="001" type="FIL">http://images.philips.com/is/image/PhilipsConsumer/F400076974_HP8303_00-FIL-global-001</Asset><Asset code="PHI" description="Brand logo - highres 1476x886" extension="tif" lastModified="2016-02-18" locale="global" number="001" type="BRP">http://images.philips.com/is/image/PhilipsConsumer/PHI-BRP-global-001</Asset></Assets><ProductName>Styling temperature 210°C Selfie Straightener</ProductName><FullProductName>Philips Selfie Straightener HP8303/00 Styling temperature 210°C Ceramic plates 60 secs heat up time</FullProductName><NamingString><MasterBrand><BrandCode>PHI</BrandCode><BrandName>Philips</BrandName></MasterBrand><BrandString>Philips</BrandString><Descriptor><DescriptorCode>D4024606</DescriptorCode><DescriptorName>Selfie Straightener</DescriptorName></Descriptor><Alphanumeric>HP8303/00</Alphanumeric><VersionElement1><VersionElementCode>V4041223</VersionElementCode><VersionElementName>Styling temperature 210°C</VersionElementName></VersionElement1><VersionElement2><VersionElementCode>V4037232</VersionElementCode><VersionElementName>Ceramic plates</VersionElementName></VersionElement2><VersionElement3><VersionElementCode>V4041224</VersionElementCode><VersionElementName>60 secs heat up time</VersionElementName></VersionElement3><VersionString>Styling temperature 210°C Ceramic plates 60 secs heat up time</VersionString><BrandedFeatureString/><DescriptorBrandedFeatureString>Selfie Straightener</DescriptorBrandedFeatureString></NamingString><WOW>Always ready made easy</WOW><SubWOW>Easily straighten and style your hair at home</SubWOW><MarketingTextHeader>Straighten and style your hair with this easy to use Philips Selfie straightener. This product makes styling at home quick and convenient. Look your best for all those important selfie moments.</MarketingTextHeader><KeyBenefitArea><KeyBenefitAreaCode>K4011512</KeyBenefitAreaCode><KeyBenefitAreaName>Beautifully styled hair</KeyBenefitAreaName><KeyBenefitAreaRank>1</KeyBenefitAreaRank><Feature><FeatureCode>F400068645</FeatureCode><FeatureReferenceName>Ceramic plates (Tara)</FeatureReferenceName><FeatureName>Ceramic plates</FeatureName><FeatureLongDescription>Ceramic plates for smooth gliding and straight hair</FeatureLongDescription><FeatureGlossary>Infused ceramic plates for ultrasmooth gliding and straight hair.</FeatureGlossary><FeatureRank>1</FeatureRank><FeatureTopRank>1</FeatureTopRank></Feature><Feature><FeatureCode>F400068643</FeatureCode><FeatureReferenceName>210°C styling temperature (Tara)</FeatureReferenceName><FeatureName>210°C styling temperature</FeatureName><FeatureLongDescription>210°C professional temperature for perfect salon results</FeatureLongDescription><FeatureGlossary>This styling temperature enables you change the shape of your hair, and gives you that perfect look like you've just come from the salon.</FeatureGlossary><FeatureRank>2</FeatureRank><FeatureTopRank>2</FeatureTopRank></Feature></KeyBenefitArea><KeyBenefitArea><KeyBenefitAreaCode>K300000390</KeyBenefitAreaCode><KeyBenefitAreaName>Ease of use</KeyBenefitAreaName><KeyBenefitAreaRank>2</KeyBenefitAreaRank><Feature><FeatureCode>F400076974_HP8303_00</FeatureCode><FeatureReferenceName>Beauty Guide App (E2E India)</FeatureReferenceName><FeatureName>Beauty Guide App</FeatureName><FeatureLongDescription>Easy tutorial and guide app with virtual hairstyle makeovers</FeatureLongDescription><FeatureGlossary>Easy tutorial videos and step-by-step guides using Philips hair stylers. Learn tips &amp; tricks to create trendy hairstyles in real life and see how the style looks on you by trying it out virtually. Save it to your profile and/or share with friends! (Supported for most of Android devices. Download the free app by searching for 'Philips Beauty Guide' in your Google Play store.)</FeatureGlossary><FeatureRank>1</FeatureRank><FeatureTopRank>3</FeatureTopRank></Feature><Feature><FeatureCode>F400068646</FeatureCode><FeatureReferenceName>Rapid heat-up (Tara)</FeatureReferenceName><FeatureName>Rapid heat-up</FeatureName><FeatureLongDescription>Fast heat up time, ready to use in 60 seconds</FeatureLongDescription><FeatureGlossary>The straightener has a fast heat-up time, being ready to use in 60 seconds.</FeatureGlossary><FeatureRank>2</FeatureRank><FeatureTopRank>4</FeatureTopRank></Feature><Feature><FeatureCode>F400068648</FeatureCode><FeatureReferenceName>Swivel cord (Tara)</FeatureReferenceName><FeatureName>Swivel cord</FeatureName><FeatureLongDescription>A useful swivel cord rotates and prevents tangled wires</FeatureLongDescription><FeatureGlossary>The swivel cord technology conveniently rotates the cord and prevents unnecessary tangles.</FeatureGlossary><FeatureRank>3</FeatureRank><FeatureTopRank>5</FeatureTopRank></Feature><Feature><FeatureCode>F400068649</FeatureCode><FeatureReferenceName>Universal Voltage (Tara)</FeatureReferenceName><FeatureName>Universal Voltage</FeatureName><FeatureLongDescription>Use anywhere in the world with universal voltage</FeatureLongDescription><FeatureGlossary>This straightener is ready to use anywhere in the world and is compatible with 110-240 voltage.</FeatureGlossary><FeatureRank>4</FeatureRank><FeatureTopRank>6</FeatureTopRank></Feature></KeyBenefitArea><FeatureImage><FeatureCode>F400068645</FeatureCode><FeatureReferenceName>Ceramic plates (Tara)</FeatureReferenceName><FeatureImageRank>1</FeatureImageRank></FeatureImage><FeatureImage><FeatureCode>F400068643</FeatureCode><FeatureReferenceName>210°C styling temperature (Tara)</FeatureReferenceName><FeatureImageRank>2</FeatureImageRank></FeatureImage><FeatureImage><FeatureCode>F400076974_HP8303_00</FeatureCode><FeatureReferenceName>Beauty Guide App (E2E India)</FeatureReferenceName><FeatureImageRank>3</FeatureImageRank></FeatureImage><FeatureImage><FeatureCode>F400068646</FeatureCode><FeatureReferenceName>Rapid heat-up (Tara)</FeatureReferenceName><FeatureImageRank>4</FeatureImageRank></FeatureImage><FeatureImage><FeatureCode>F400068648</FeatureCode><FeatureReferenceName>Swivel cord (Tara)</FeatureReferenceName><FeatureImageRank>5</FeatureImageRank></FeatureImage><FeatureImage><FeatureCode>F400068649</FeatureCode><FeatureReferenceName>Universal Voltage (Tara)</FeatureReferenceName><FeatureImageRank>6</FeatureImageRank></FeatureImage><FeatureHighlight><FeatureCode>F400068645</FeatureCode><FeatureReferenceName>Ceramic plates (Tara)</FeatureReferenceName><FeatureHighlightRank>1</FeatureHighlightRank></FeatureHighlight><FeatureHighlight><FeatureCode>F400068643</FeatureCode><FeatureReferenceName>210°C styling temperature (Tara)</FeatureReferenceName><FeatureHighlightRank>2</FeatureHighlightRank></FeatureHighlight><FeatureHighlight><FeatureCode>F400076974_HP8303_00</FeatureCode><FeatureReferenceName>Beauty Guide App (E2E India)</FeatureReferenceName><FeatureHighlightRank>3</FeatureHighlightRank></FeatureHighlight><FeatureHighlight><FeatureCode>F400068646</FeatureCode><FeatureReferenceName>Rapid heat-up (Tara)</FeatureReferenceName><FeatureHighlightRank>4</FeatureHighlightRank></FeatureHighlight><FeatureHighlight><FeatureCode>F400068648</FeatureCode><FeatureReferenceName>Swivel cord (Tara)</FeatureReferenceName><FeatureHighlightRank>5</FeatureHighlightRank></FeatureHighlight><FeatureHighlight><FeatureCode>F400068649</FeatureCode><FeatureReferenceName>Universal Voltage (Tara)</FeatureReferenceName><FeatureHighlightRank>6</FeatureHighlightRank></FeatureHighlight><CSChapter><CSChapterCode>3000956</CSChapterCode><CSChapterName>Technical specifications</CSChapterName><CSChapterRank>1</CSChapterRank><CSItem><CSItemCode>S_0001526</CSItemCode><CSItemName>Maximum temperature</CSItemName><CSItemRank>1</CSItemRank><CSItemIsFreeFormat>1</CSItemIsFreeFormat><CSValue><CSValueCode>VA4008100</CSValueCode><CSValueName>210</CSValueName><CSValueRank>1</CSValueRank></CSValue><UnitOfMeasure><UnitOfMeasureCode>3000081</UnitOfMeasureCode><UnitOfMeasureName>degree Celsius</UnitOfMeasureName><UnitOfMeasureSymbol>°C</UnitOfMeasureSymbol></UnitOfMeasure></CSItem><CSItem><CSItemCode>S_0000109</CSItemCode><CSItemName>Cord length</CSItemName><CSItemRank>2</CSItemRank><CSItemIsFreeFormat>1</CSItemIsFreeFormat><CSValue><CSValueCode>VA4007182</CSValueCode><CSValueName>1.6</CSValueName><CSValueRank>1</CSValueRank></CSValue><UnitOfMeasure><UnitOfMeasureCode>3000057</UnitOfMeasureCode><UnitOfMeasureName>meter</UnitOfMeasureName><UnitOfMeasureSymbol>m</UnitOfMeasureSymbol></UnitOfMeasure></CSItem><CSItem><CSItemCode>IT4024577</CSItemCode><CSItemName>Heat-up time</CSItemName><CSItemRank>3</CSItemRank><CSItemIsFreeFormat>0</CSItemIsFreeFormat><CSValue><CSValueCode>VA4065402</CSValueCode><CSValueName>60 sec</CSValueName><CSValueRank>2</CSValueRank></CSValue></CSItem><CSItem><CSItemCode>IT4007296</CSItemCode><CSItemName>Voltage</CSItemName><CSItemRank>4</CSItemRank><CSItemIsFreeFormat>0</CSItemIsFreeFormat><CSValue><CSValueCode>VA4065410</CSValueCode><CSValueName>Worldwide</CSValueName><CSValueRank>6</CSValueRank></CSValue><UnitOfMeasure><UnitOfMeasureCode>3000071</UnitOfMeasureCode><UnitOfMeasureName>volt</UnitOfMeasureName><UnitOfMeasureSymbol>V</UnitOfMeasureSymbol></UnitOfMeasure></CSItem><CSItem><CSItemCode>IT4035937</CSItemCode><CSItemName>Plate size</CSItemName><CSItemRank>5</CSItemRank><CSItemIsFreeFormat>0</CSItemIsFreeFormat><CSValue><CSValueCode>VA4090372</CSValueCode><CSValueName>19x85 mm</CSValueName><CSValueRank>5</CSValueRank></CSValue></CSItem></CSChapter><CSChapter><CSChapterCode>CHA_0000006</CSChapterCode><CSChapterName>Features</CSChapterName><CSChapterRank>2</CSChapterRank><CSItem><CSItemCode>IT4027913</CSItemCode><CSItemName>Material plates</CSItemName><CSItemRank>1</CSItemRank><CSItemIsFreeFormat>0</CSItemIsFreeFormat><CSValue><CSValueCode>VA4065406</CSValueCode><CSValueName>Ceramic</CSValueName><CSValueRank>1</CSValueRank></CSValue></CSItem><CSItem><CSItemCode>IT4027118</CSItemCode><CSItemName>Swivel cord</CSItemName><CSItemRank>2</CSItemRank><CSItemIsFreeFormat>0</CSItemIsFreeFormat><CSValue><CSValueCode>VA4063734</CSValueCode><CSValueName>Yes</CSValueName><CSValueRank>4</CSValueRank></CSValue></CSItem><CSItem><CSItemCode>IT4023817</CSItemCode><CSItemName>2 year guarantee</CSItemName><CSItemRank>3</CSItemRank><CSItemIsFreeFormat>0</CSItemIsFreeFormat><CSValue><CSValueCode>VA4055027</CSValueCode><CSValueName>Yes</CSValueName><CSValueRank>3</CSValueRank></CSValue></CSItem></CSChapter><Filters><Purpose type="Comparison"><Features><Feature code="F400068645" rank="1" referenceName="Ceramic plates (Tara)"/><Feature code="F400068643" rank="2" referenceName="210°C styling temperature (Tara)"/><Feature code="F400076974_HP8303_00" rank="3" referenceName="Beauty Guide App (E2E India)"/><Feature code="F400068646" rank="4" referenceName="Rapid heat-up (Tara)"/><Feature code="F400068648" rank="5" referenceName="Swivel cord (Tara)"/><Feature code="F400068649" rank="6" referenceName="Universal Voltage (Tara)"/></Features><CSItems><CSItem code="S_0001526" rank="1" referenceName="Technical specifications - Maximum temperature"/><CSItem code="IT4027913" rank="1" referenceName="Features - Material plates"/><CSItem code="S_0000109" rank="2" referenceName="Technical specifications - Cord length"/><CSItem code="IT4027118" rank="2" referenceName="Features - Swivel cord"/><CSItem code="IT4024577" rank="3" referenceName="Technical specifications - Heat-up time"/><CSItem code="IT4023817" rank="3" referenceName="Features - 2 year guarantee"/><CSItem code="IT4007296" rank="4" referenceName="Technical specifications - Voltage"/><CSItem code="IT4035937" rank="5" referenceName="Technical specifications - Plate size"/></CSItems></Purpose><Purpose type="Detail"><Features><Feature code="F400068645" rank="1" referenceName="Ceramic plates (Tara)"/><Feature code="F400068643" rank="2" referenceName="210°C styling temperature (Tara)"/><Feature code="F400076974_HP8303_00" rank="3" referenceName="Beauty Guide App (E2E India)"/><Feature code="F400068646" rank="4" referenceName="Rapid heat-up (Tara)"/><Feature code="F400068648" rank="5" referenceName="Swivel cord (Tara)"/><Feature code="F400068649" rank="6" referenceName="Universal Voltage (Tara)"/></Features><CSItems><CSItem code="S_0001526" rank="1" referenceName="Technical specifications - Maximum temperature"/><CSItem code="IT4027913" rank="1" referenceName="Features - Material plates"/><CSItem code="S_0000109" rank="2" referenceName="Technical specifications - Cord length"/><CSItem code="IT4027118" rank="2" referenceName="Features - Swivel cord"/><CSItem code="IT4024577" rank="3" referenceName="Technical specifications - Heat-up time"/><CSItem code="IT4023817" rank="3" referenceName="Features - 2 year guarantee"/><CSItem code="IT4007296" rank="4" referenceName="Technical specifications - Voltage"/><CSItem code="IT4035937" rank="5" referenceName="Technical specifications - Plate size"/></CSItems></Purpose></Filters><FeatureCompareGroups/><Disclaimers/><RichTexts/></Product></Products>