<?xml version="1.0" encoding="UTF-8"?><Products xmlns:source="http://apache.org/cocoon/source/1.0" DocStatus="approved" DocTimeStamp="2018-10-20T10:13:20"><Product Country="IN" IsAccessory="false" IsMaster="false" Locale="en_IN" lastModified="2018-10-19T04:27:58" masterLastModified="2018-05-29T00:38:48"><CTN>8718696821541</CTN><Code12NC>867000155338</Code12NC><GTIN/><MarketingVersion>2.0.1</MarketingVersion><MarketingStatus>Final Published</MarketingStatus><CRDate>2018-01-05</CRDate><CRDateYW>201801</CRDateYW><ModelYears><ModelYear>2018</ModelYear></ModelYears><ProductDivision><ProductDivisionCode>0100</ProductDivisionCode><ProductDivisionName>Lighting</ProductDivisionName><FormerPDCode>0100</FormerPDCode></ProductDivision><ProductOwner>Mellissa van Heest - Cooijman</ProductOwner><DTN>8718696821541</DTN><Catalog><StartOfPublication>2018-02-05T00:00:00</StartOfPublication><EndOfPublication>2021-02-05T00:00:00</EndOfPublication><StartOfSales>2018-02-05T00:00:00</StartOfSales><EndOfSales>2021-02-05T00:00:00</EndOfSales><DummyPrice/><Deleted>false</Deleted><DeleteAfterDate/><ProductRank>50</ProductRank></Catalog><FinancialCategorization><BusinessGroupCode>9240</BusinessGroupCode><BusinessGroupName>LED</BusinessGroupName><BusinessUnitCode>0118</BusinessUnitCode><BusinessUnitName>LED Lamps</BusinessUnitName><MainArticleGroupCode>L66</MainArticleGroupCode><MainArticleGroupName>LED Bulbs</MainArticleGroupName><ArticleGroupCode>3897</ArticleGroupCode><ArticleGroupName>Bulbs Essential - Plastic</ArticleGroupName></FinancialCategorization><Categorization type="CONSUMER"><GroupCode>LIGHTING_GR</GroupCode><GroupName>Lighting</GroupName><CategoryCode>CHOOSE_A_BULB_CA</CategoryCode><CategoryName>Choose a bulb</CategoryName><SubcategoryCode>STANDARD_BULB_SU</SubcategoryCode><SubcategoryName>Bulb</SubcategoryName></Categorization><Assets><Asset code="8718696821541" description="Leaflet" extension="pdf" lastModified="2018-08-11" locale="en_IN" number="001" type="PSS">http://download.p4c.philips.com/files/8/8718696821541/8718696821541_pss_aenin.pdf</Asset><Asset code="8718696821541" description="Retail Trade Leaflet" extension="pdf" lastModified="2018-08-10" locale="en_IN" number="001" type="RTL">http://download.p4c.philips.com/files/8/8718696821541/8718696821541_rtl_aenin.pdf</Asset><Asset code="8718696821541" description="Leaflet" extension="pdf" lastModified="2018-08-11" locale="global" number="001" type="PSS">http://download.p4c.philips.com/files/8/8718696821541/8718696821541_pss_.pdf</Asset><Asset code="8718696821541" description="Standard product photograph - highres 2196x1795" extension="tif" lastModified="2018-08-02" locale="global" number="001" type="RTP">http://images.philips.com/is/image/PhilipsConsumer/8718696821541-RTP-global-001</Asset><Asset code="8718696821541" description="Single product shot" extension="" lastModified="2018-10-19" locale="en_IN" number="" type="IMS">http://images.philips.com/is/image/PhilipsConsumer/8718696821541-IMS-en_IN</Asset><Asset code="8718696821541" description="Product gallery image set" extension="" lastModified="2018-10-19" locale="en_IN" number="" type="GAL">http://images.philips.com/is/image/PhilipsConsumer/8718696821541-GAL-en_IN</Asset><Asset code="8718696821541" description="Product URL" extension="" lastModified="2018-10-19" locale="en_IN" number="" type="URL">http://www.philips.co.in/c-p/8718696821541/led-bulb</Asset><Asset code="F400082426" description="Feature photograph - highres 2100x1170" extension="tif" lastModified="2017-04-25" locale="global" number="001" type="FIL">http://images.philips.com/is/image/PhilipsConsumer/F400082426-FIL-global-001</Asset><Asset code="PHI" description="Brand logo - highres 1476x886" extension="tif" lastModified="2016-02-18" locale="global" number="001" type="BRP">http://images.philips.com/is/image/PhilipsConsumer/PHI-BRP-global-001</Asset></Assets><ProductName>11W-80W B22 cap Cool daylight Bulb</ProductName><FullProductName>Philips LED Bulb 8718696821541 11W-80W B22 cap Cool daylight</FullProductName><NamingString><MasterBrand><BrandCode>PHI</BrandCode><BrandName>Philips</BrandName></MasterBrand><BrandString>Philips</BrandString><Family><FamilyCode>SB40002784</FamilyCode><FamilyName>LED</FamilyName><FamilyNameUsed>0</FamilyNameUsed></Family><Descriptor><DescriptorCode>D4006687</DescriptorCode><DescriptorName>Bulb</DescriptorName></Descriptor><Alphanumeric>8718696821541</Alphanumeric><VersionElement1><VersionElementCode>V4046493</VersionElementCode><VersionElementName>11W-80W</VersionElementName></VersionElement1><VersionElement2><VersionElementCode>D4025343</VersionElementCode><VersionElementName>B22 cap</VersionElementName></VersionElement2><VersionElement3><VersionElementCode>V4008676</VersionElementCode><VersionElementName>Cool daylight</VersionElementName></VersionElement3><VersionString>11W-80W B22 cap Cool daylight</VersionString><BrandedFeatureString/><DescriptorBrandedFeatureString>Bulb</DescriptorBrandedFeatureString></NamingString><WOW>Bright LED lighting with excellent light quality</WOW><SubWOW>Create a cool, energizing ambiance</SubWOW><MarketingTextHeader>Philips LED light bulbs provide a cool white light, an exceptionally long life, and immediate, significant energy savings. With a pure and elegant design, this bulb is the perfect replacement for your matted traditional bulbs.</MarketingTextHeader><KeyBenefitArea><KeyBenefitAreaCode>K4017554</KeyBenefitAreaCode><KeyBenefitAreaName>Create a warm atmosphere</KeyBenefitAreaName><KeyBenefitAreaRank>1</KeyBenefitAreaRank><Feature><FeatureCode>F400082426</FeatureCode><FeatureReferenceName>A simple LED for everyday use 2</FeatureReferenceName><FeatureName>A simple LED for everyday use</FeatureName><FeatureLongDescription>A simple LED for everyday use</FeatureLongDescription><FeatureGlossary>The Philips everyday LED is the perfect bulb for your basic lighting needs. It provides the beautiful light and dependable performance you expect from LED at an affordable price.</FeatureGlossary><FeatureRank>3</FeatureRank><FeatureTopRank>1</FeatureTopRank></Feature></KeyBenefitArea><KeyBenefitArea><KeyBenefitAreaCode>K4011091</KeyBenefitAreaCode><KeyBenefitAreaName>Energy saving</KeyBenefitAreaName><KeyBenefitAreaRank>2</KeyBenefitAreaRank><Feature><FeatureCode>F400027164</FeatureCode><FeatureReferenceName>Energy saving</FeatureReferenceName><FeatureName>Energy saving</FeatureName><FeatureLongDescription>Lamp reducing their energy consumption</FeatureLongDescription><FeatureRank>2</FeatureRank><FeatureTopRank>2</FeatureTopRank></Feature></KeyBenefitArea><KeyBenefitArea><KeyBenefitAreaCode>K4031148</KeyBenefitAreaCode><KeyBenefitAreaName>Instant on</KeyBenefitAreaName><KeyBenefitAreaRank>3</KeyBenefitAreaRank><Feature><FeatureCode>F400014513</FeatureCode><FeatureReferenceName>Instant on</FeatureReferenceName><FeatureName>Instant on</FeatureName><FeatureLongDescription>Instant on</FeatureLongDescription><FeatureRank>1</FeatureRank><FeatureTopRank>3</FeatureTopRank></Feature></KeyBenefitArea><FeatureImage><FeatureCode>F400082426</FeatureCode><FeatureReferenceName>A simple LED for everyday use 2</FeatureReferenceName><FeatureImageRank>1</FeatureImageRank></FeatureImage><FeatureImage><FeatureCode>F400027164</FeatureCode><FeatureReferenceName>Energy saving</FeatureReferenceName><FeatureImageRank>2</FeatureImageRank></FeatureImage><FeatureImage><FeatureCode>F400014513</FeatureCode><FeatureReferenceName>Instant on</FeatureReferenceName><FeatureImageRank>3</FeatureImageRank></FeatureImage><FeatureHighlight><FeatureCode>F400082426</FeatureCode><FeatureReferenceName>A simple LED for everyday use 2</FeatureReferenceName><FeatureHighlightRank>1</FeatureHighlightRank></FeatureHighlight><FeatureHighlight><FeatureCode>F400027164</FeatureCode><FeatureReferenceName>Energy saving</FeatureReferenceName><FeatureHighlightRank>2</FeatureHighlightRank></FeatureHighlight><FeatureHighlight><FeatureCode>F400014513</FeatureCode><FeatureReferenceName>Instant on</FeatureReferenceName><FeatureHighlightRank>3</FeatureHighlightRank></FeatureHighlight><CSChapter><CSChapterCode>CH4006022</CSChapterCode><CSChapterName>Bulb characteristics</CSChapterName><CSChapterRank>1</CSChapterRank><CSItem><CSItemCode>IT4029277</CSItemCode><CSItemName>Cap/fitting</CSItemName><CSItemRank>7</CSItemRank><CSItemIsFreeFormat>0</CSItemIsFreeFormat><CSValue><CSValueCode>VA4067778</CSValueCode><CSValueName>B22</CSValueName><CSValueRank>9</CSValueRank></CSValue></CSItem><CSItem><CSItemCode>IT4029279</CSItemCode><CSItemName>Dimmable</CSItemName><CSItemRank>19</CSItemRank><CSItemIsFreeFormat>0</CSItemIsFreeFormat><CSValue><CSValueCode>VA4067747</CSValueCode><CSValueName>No</CSValueName><CSValueRank>2</CSValueRank></CSValue></CSItem><CSItem><CSItemCode>IT4036606</CSItemCode><CSItemName>Voltage</CSItemName><CSItemRank>28</CSItemRank><CSItemIsFreeFormat>0</CSItemIsFreeFormat><CSValue><CSValueCode>VA4085091</CSValueCode><CSValueName>220 - 240 V</CSValueName><CSValueRank>11</CSValueRank></CSValue></CSItem><CSItem><CSItemCode>IT4044392</CSItemCode><CSItemName>Lamp shape</CSItemName><CSItemRank>29</CSItemRank><CSItemIsFreeFormat>0</CSItemIsFreeFormat><CSValue><CSValueCode>VA4102170</CSValueCode><CSValueName>Non directional bulb</CSValueName><CSValueRank>4</CSValueRank></CSValue></CSItem><CSItem><CSItemCode>IT4044053</CSItemCode><CSItemName>Type of glass</CSItemName><CSItemRank>31</CSItemRank><CSItemIsFreeFormat>0</CSItemIsFreeFormat><CSValue><CSValueCode>VA4101416</CSValueCode><CSValueName>Frosted</CSValueName><CSValueRank>12</CSValueRank></CSValue></CSItem><CSItem><CSItemCode>IT4044055</CSItemCode><CSItemName>Intended use</CSItemName><CSItemRank>32</CSItemRank><CSItemIsFreeFormat>0</CSItemIsFreeFormat><CSValue><CSValueCode>VA4101422</CSValueCode><CSValueName>Indoor</CSValueName><CSValueRank>10</CSValueRank></CSValue></CSItem><CSItem><CSItemCode>IT4037689</CSItemCode><CSItemName>Wattage</CSItemName><CSItemRank>35</CSItemRank><CSItemIsFreeFormat>1</CSItemIsFreeFormat><CSValue><CSValueCode>VA4087427</CSValueCode><CSValueName>11</CSValueName><CSValueRank>1</CSValueRank></CSValue></CSItem><CSItem><CSItemCode>IT4037690</CSItemCode><CSItemName>Wattage equivalent</CSItemName><CSItemRank>37</CSItemRank><CSItemIsFreeFormat>1</CSItemIsFreeFormat><CSValue><CSValueCode>VA4087428</CSValueCode><CSValueName>80</CSValueName><CSValueRank>1</CSValueRank></CSValue></CSItem></CSChapter><CSChapter><CSChapterCode>CH4005202</CSChapterCode><CSChapterName>Power consumption</CSChapterName><CSChapterRank>2</CSChapterRank><CSItem><CSItemCode>IT4026378</CSItemCode><CSItemName>Energy efficiency label</CSItemName><CSItemRank>15</CSItemRank><CSItemIsFreeFormat>0</CSItemIsFreeFormat><CSValue><CSValueCode>VA4103077</CSValueCode><CSValueName>4 Star</CSValueName><CSValueRank>17</CSValueRank></CSValue></CSItem></CSChapter><CSChapter><CSChapterCode>CH4005203</CSChapterCode><CSChapterName>Light characteristics</CSChapterName><CSChapterRank>3</CSChapterRank><CSItem><CSItemCode>IT4026387</CSItemCode><CSItemName>Light output</CSItemName><CSItemRank>1</CSItemRank><CSItemIsFreeFormat>1</CSItemIsFreeFormat><CSValue><CSValueCode>VA4062484</CSValueCode><CSValueName>1250</CSValueName><CSValueRank>1</CSValueRank></CSValue><UnitOfMeasure><UnitOfMeasureCode>4000123</UnitOfMeasureCode><UnitOfMeasureName>Lumen</UnitOfMeasureName><UnitOfMeasureSymbol>lumen</UnitOfMeasureSymbol></UnitOfMeasure></CSItem><CSItem><CSItemCode>IT4029156</CSItemCode><CSItemName>Beam angle</CSItemName><CSItemRank>9</CSItemRank><CSItemIsFreeFormat>1</CSItemIsFreeFormat><CSValue><CSValueCode>VA4067567</CSValueCode><CSValueName>130</CSValueName><CSValueRank>1</CSValueRank></CSValue><UnitOfMeasure><UnitOfMeasureCode>3000042</UnitOfMeasureCode><UnitOfMeasureName>degree</UnitOfMeasureName><UnitOfMeasureSymbol>degree</UnitOfMeasureSymbol></UnitOfMeasure></CSItem><CSItem><CSItemCode>IT4029159</CSItemCode><CSItemName>Color temperature</CSItemName><CSItemRank>17</CSItemRank><CSItemIsFreeFormat>1</CSItemIsFreeFormat><CSValue><CSValueCode>VA4067572</CSValueCode><CSValueName>6500</CSValueName><CSValueRank>1</CSValueRank></CSValue><UnitOfMeasure><UnitOfMeasureCode>4000041</UnitOfMeasureCode><UnitOfMeasureName>Kelvin</UnitOfMeasureName><UnitOfMeasureSymbol>K</UnitOfMeasureSymbol></UnitOfMeasure></CSItem><CSItem><CSItemCode>IT4029170</CSItemCode><CSItemName>Color rendering index (CRI)</CSItemName><CSItemRank>25</CSItemRank><CSItemIsFreeFormat>1</CSItemIsFreeFormat><CSValue><CSValueCode>VA4067596</CSValueCode><CSValueName>80</CSValueName><CSValueRank>1</CSValueRank></CSValue></CSItem><CSItem><CSItemCode>IT4026390</CSItemCode><CSItemName>Starting time</CSItemName><CSItemRank>27</CSItemRank><CSItemIsFreeFormat>0</CSItemIsFreeFormat><CSValue><CSValueCode>VA4082665</CSValueCode><CSValueName>&lt;0.5</CSValueName><CSValueRank>14</CSValueRank></CSValue><UnitOfMeasure><UnitOfMeasureCode>3000069</UnitOfMeasureCode><UnitOfMeasureName>second</UnitOfMeasureName><UnitOfMeasureSymbol>s</UnitOfMeasureSymbol></UnitOfMeasure></CSItem><CSItem><CSItemCode>IT4029160</CSItemCode><CSItemName>Warm-up time to 60% light</CSItemName><CSItemRank>30</CSItemRank><CSItemIsFreeFormat>0</CSItemIsFreeFormat><CSValue><CSValueCode>VA4067639</CSValueCode><CSValueName>Instant full light</CSValueName><CSValueRank>13</CSValueRank></CSValue></CSItem><CSItem><CSItemCode>IT4029158</CSItemCode><CSItemName>Color</CSItemName><CSItemRank>33</CSItemRank><CSItemIsFreeFormat>0</CSItemIsFreeFormat><CSValue><CSValueCode>VA4067570</CSValueCode><CSValueName>Cool Daylight</CSValueName><CSValueRank>3</CSValueRank></CSValue></CSItem><CSItem><CSItemCode>IT4031131</CSItemCode><CSItemName>Color consistency</CSItemName><CSItemRank>34</CSItemRank><CSItemIsFreeFormat>0</CSItemIsFreeFormat><CSValue><CSValueCode>VA4071143</CSValueCode><CSValueName>6 SDCM</CSValueName><CSValueRank>1</CSValueRank></CSValue></CSItem><CSItem><CSItemCode>IT4044501</CSItemCode><CSItemName>Suitable for accent lighting?</CSItemName><CSItemRank>36</CSItemRank><CSItemIsFreeFormat>0</CSItemIsFreeFormat><CSValue><CSValueCode>VA4102260</CSValueCode><CSValueName>No</CSValueName><CSValueRank>5</CSValueRank></CSValue></CSItem></CSChapter><CSChapter><CSChapterCode>CH4005204</CSChapterCode><CSChapterName>Durability</CSChapterName><CSChapterRank>4</CSChapterRank><CSItem><CSItemCode>IT4029169</CSItemCode><CSItemName>Lifetime of lamp</CSItemName><CSItemRank>5</CSItemRank><CSItemIsFreeFormat>1</CSItemIsFreeFormat><CSValue><CSValueCode>VA4067595</CSValueCode><CSValueName>10000</CSValueName><CSValueRank>1</CSValueRank></CSValue><UnitOfMeasure><UnitOfMeasureCode>4000007</UnitOfMeasureCode><UnitOfMeasureName>-Hour</UnitOfMeasureName><UnitOfMeasureSymbol>hour(s)</UnitOfMeasureSymbol></UnitOfMeasure></CSItem><CSItem><CSItemCode>IT4029171</CSItemCode><CSItemName>Number of switch cycles</CSItemName><CSItemRank>11</CSItemRank><CSItemIsFreeFormat>1</CSItemIsFreeFormat><CSValue><CSValueCode>VA4067598</CSValueCode><CSValueName>50000</CSValueName><CSValueRank>1</CSValueRank></CSValue></CSItem><CSItem><CSItemCode>IT4029193</CSItemCode><CSItemName>Lumen maintenance factor</CSItemName><CSItemRank>13</CSItemRank><CSItemIsFreeFormat>0</CSItemIsFreeFormat><CSValue><CSValueCode>VA4067614</CSValueCode><CSValueName>0.7</CSValueName><CSValueRank>8</CSValueRank></CSValue></CSItem><CSItem><CSItemCode>IT4029164</CSItemCode><CSItemName>Average life (at 2.7 hrs/day)</CSItemName><CSItemRank>23</CSItemRank><CSItemIsFreeFormat>1</CSItemIsFreeFormat><CSValue><CSValueCode>VA4067588</CSValueCode><CSValueName>10</CSValueName><CSValueRank>1</CSValueRank></CSValue><UnitOfMeasure><UnitOfMeasureCode>4000081</UnitOfMeasureCode><UnitOfMeasureName>Years</UnitOfMeasureName><UnitOfMeasureSymbol>year(s)</UnitOfMeasureSymbol></UnitOfMeasure></CSItem></CSChapter><CSChapter><CSChapterCode>CH4006021</CSChapterCode><CSChapterName>Bulb dimensions</CSChapterName><CSChapterRank>5</CSChapterRank><CSItem><CSItemCode>IT4029271</CSItemCode><CSItemName>Height</CSItemName><CSItemRank>3</CSItemRank><CSItemIsFreeFormat>1</CSItemIsFreeFormat><CSValue><CSValueCode>VA4067741</CSValueCode><CSValueName>104</CSValueName><CSValueRank>1</CSValueRank></CSValue><UnitOfMeasure><UnitOfMeasureCode>3000058</UnitOfMeasureCode><UnitOfMeasureName>millimeter</UnitOfMeasureName><UnitOfMeasureSymbol>mm</UnitOfMeasureSymbol></UnitOfMeasure></CSItem><CSItem><CSItemCode>IT4029272</CSItemCode><CSItemName>Width</CSItemName><CSItemRank>8</CSItemRank><CSItemIsFreeFormat>1</CSItemIsFreeFormat><CSValue><CSValueCode>VA4067742</CSValueCode><CSValueName>58</CSValueName><CSValueRank>1</CSValueRank></CSValue><UnitOfMeasure><UnitOfMeasureCode>3000058</UnitOfMeasureCode><UnitOfMeasureName>millimeter</UnitOfMeasureName><UnitOfMeasureSymbol>mm</UnitOfMeasureSymbol></UnitOfMeasure></CSItem></CSChapter><CSChapter><CSChapterCode>CH4005206</CSChapterCode><CSChapterName>Other characteristics</CSChapterName><CSChapterRank>6</CSChapterRank><CSItem><CSItemCode>IT4026404</CSItemCode><CSItemName>Mercury content</CSItemName><CSItemRank>4</CSItemRank><CSItemIsFreeFormat>1</CSItemIsFreeFormat><CSValue><CSValueCode>VA4062631</CSValueCode><CSValueName>0</CSValueName><CSValueRank>1</CSValueRank></CSValue><UnitOfMeasure><UnitOfMeasureCode>4000142</UnitOfMeasureCode><UnitOfMeasureName>mg</UnitOfMeasureName><UnitOfMeasureSymbol>mg</UnitOfMeasureSymbol></UnitOfMeasure></CSItem><CSItem><CSItemCode>IT4026405</CSItemCode><CSItemName>Power factor</CSItemName><CSItemRank>12</CSItemRank><CSItemIsFreeFormat>1</CSItemIsFreeFormat><CSValue><CSValueCode>VA4062632</CSValueCode><CSValueName>&gt;0.5</CSValueName><CSValueRank>1</CSValueRank></CSValue></CSItem><CSItem><CSItemCode>IT4026406</CSItemCode><CSItemName>Lamp current</CSItemName><CSItemRank>18</CSItemRank><CSItemIsFreeFormat>1</CSItemIsFreeFormat><CSValue><CSValueCode>VA4062633</CSValueCode><CSValueName>105</CSValueName><CSValueRank>1</CSValueRank></CSValue><UnitOfMeasure><UnitOfMeasureCode>4000141</UnitOfMeasureCode><UnitOfMeasureName>mA</UnitOfMeasureName><UnitOfMeasureSymbol>mA</UnitOfMeasureSymbol></UnitOfMeasure></CSItem><CSItem><CSItemCode>IT4041312</CSItemCode><CSItemName>Range</CSItemName><CSItemRank>20</CSItemRank><CSItemIsFreeFormat>0</CSItemIsFreeFormat><CSValue><CSValueCode>VA4103397</CSValueCode><CSValueName>Mainstream</CSValueName><CSValueRank>15</CSValueRank></CSValue></CSItem><CSItem><CSItemCode>IT4044082</CSItemCode><CSItemName>Efficacy</CSItemName><CSItemRank>26</CSItemRank><CSItemIsFreeFormat>1</CSItemIsFreeFormat><CSValue><CSValueCode>VA4101450</CSValueCode><CSValueName>113</CSValueName><CSValueRank>1</CSValueRank></CSValue><UnitOfMeasure><UnitOfMeasureCode>4000041</UnitOfMeasureCode><UnitOfMeasureName>Kelvin</UnitOfMeasureName><UnitOfMeasureSymbol>K</UnitOfMeasureSymbol></UnitOfMeasure></CSItem></CSChapter><CSChapter><CSChapterCode>CH4005207</CSChapterCode><CSChapterName>Rated values</CSChapterName><CSChapterRank>7</CSChapterRank><CSItem><CSItemCode>IT4026407</CSItemCode><CSItemName>Rated power</CSItemName><CSItemRank>2</CSItemRank><CSItemIsFreeFormat>1</CSItemIsFreeFormat><CSValue><CSValueCode>VA4062634</CSValueCode><CSValueName>11</CSValueName><CSValueRank>1</CSValueRank></CSValue><UnitOfMeasure><UnitOfMeasureCode>3000072</UnitOfMeasureCode><UnitOfMeasureName>watt</UnitOfMeasureName><UnitOfMeasureSymbol>W</UnitOfMeasureSymbol></UnitOfMeasure></CSItem><CSItem><CSItemCode>IT4026408</CSItemCode><CSItemName>Rated luminous flux</CSItemName><CSItemRank>10</CSItemRank><CSItemIsFreeFormat>1</CSItemIsFreeFormat><CSValue><CSValueCode>VA4062635</CSValueCode><CSValueName>1250</CSValueName><CSValueRank>1</CSValueRank></CSValue><UnitOfMeasure><UnitOfMeasureCode>4000123</UnitOfMeasureCode><UnitOfMeasureName>Lumen</UnitOfMeasureName><UnitOfMeasureSymbol>lumen</UnitOfMeasureSymbol></UnitOfMeasure></CSItem><CSItem><CSItemCode>IT4029167</CSItemCode><CSItemName>Rated lifetime</CSItemName><CSItemRank>16</CSItemRank><CSItemIsFreeFormat>1</CSItemIsFreeFormat><CSValue><CSValueCode>VA4067593</CSValueCode><CSValueName>10000</CSValueName><CSValueRank>1</CSValueRank></CSValue><UnitOfMeasure><UnitOfMeasureCode>4000007</UnitOfMeasureCode><UnitOfMeasureName>-Hour</UnitOfMeasureName><UnitOfMeasureSymbol>hour(s)</UnitOfMeasureSymbol></UnitOfMeasure></CSItem><CSItem><CSItemCode>IT4029168</CSItemCode><CSItemName>Rated beam angle</CSItemName><CSItemRank>22</CSItemRank><CSItemIsFreeFormat>1</CSItemIsFreeFormat><CSValue><CSValueCode>VA4067594</CSValueCode><CSValueName>130</CSValueName><CSValueRank>1</CSValueRank></CSValue><UnitOfMeasure><UnitOfMeasureCode>3000042</UnitOfMeasureCode><UnitOfMeasureName>degree</UnitOfMeasureName><UnitOfMeasureSymbol>degree</UnitOfMeasureSymbol></UnitOfMeasure></CSItem></CSChapter><Filters><Purpose type="Comparison"><Features><Feature code="F400082426" rank="1" referenceName="A simple LED for everyday use 2"/><Feature code="F400027164" rank="2" referenceName="Energy saving"/><Feature code="F400014513" rank="3" referenceName="Instant on"/></Features><CSItems><CSItem code="IT4026387" rank="1" referenceName="Light characteristics - Light output"/><CSItem code="IT4026407" rank="2" referenceName="Rated values - Rated power"/><CSItem code="IT4029271" rank="3" referenceName="Bulb dimensions - Height"/><CSItem code="IT4026404" rank="4" referenceName="Other characteristics - Mercury content"/><CSItem code="IT4029169" rank="5" referenceName="Durability - Lifetime of lamp"/><CSItem code="IT4029277" rank="7" referenceName="Bulb characteristics - Cap/fitting"/><CSItem code="IT4029272" rank="8" referenceName="Bulb dimensions - Width"/><CSItem code="IT4029156" rank="9" referenceName="Light characteristics - Beam angle"/><CSItem code="IT4026408" rank="10" referenceName="Rated values - Rated luminous flux"/><CSItem code="IT4029171" rank="11" referenceName="Durability - Number of switch cycles"/><CSItem code="IT4026405" rank="12" referenceName="Other characteristics - Power factor"/><CSItem code="IT4029193" rank="13" referenceName="Durability - Lumen maintenance factor"/><CSItem code="IT4026378" rank="15" referenceName="Power consumption - Energy efficiency label"/><CSItem code="IT4029167" rank="16" referenceName="Rated values - Rated lifetime"/><CSItem code="IT4029159" rank="17" referenceName="Light characteristics - Color temperature"/><CSItem code="IT4026406" rank="18" referenceName="Other characteristics - Lamp current"/><CSItem code="IT4029279" rank="19" referenceName="Bulb characteristics - Dimmable"/><CSItem code="IT4041312" rank="20" referenceName="Other characteristics - Range"/><CSItem code="IT4029168" rank="22" referenceName="Rated values - Rated beam angle"/><CSItem code="IT4029164" rank="23" referenceName="Durability - Average life (at 2.7 hrs/day)"/><CSItem code="IT4029170" rank="25" referenceName="Light characteristics - Color rendering index (CRI)"/><CSItem code="IT4044082" rank="26" referenceName="Other characteristics - Efficacy"/><CSItem code="IT4026390" rank="27" referenceName="Light characteristics - Starting time"/><CSItem code="IT4036606" rank="28" referenceName="Bulb characteristics - Voltage"/><CSItem code="IT4044392" rank="29" referenceName="Bulb characteristics - Lamp shape"/><CSItem code="IT4029160" rank="30" referenceName="Light characteristics - Warm-up time to 60% light"/><CSItem code="IT4044053" rank="31" referenceName="Bulb characteristics - Type of glass"/><CSItem code="IT4044055" rank="32" referenceName="Bulb characteristics - Intended use"/><CSItem code="IT4029158" rank="33" referenceName="Light characteristics - Color"/><CSItem code="IT4031131" rank="34" referenceName="Light characteristics - Color consistency"/><CSItem code="IT4037689" rank="35" referenceName="Bulb characteristics - Wattage"/><CSItem code="IT4044501" rank="36" referenceName="Light characteristics - Suitable for accent lighting?"/><CSItem code="IT4037690" rank="37" referenceName="Bulb characteristics - Wattage equivalent"/></CSItems></Purpose><Purpose type="Detail"><Features><Feature code="F400082426" rank="1" referenceName="A simple LED for everyday use 2"/><Feature code="F400027164" rank="2" referenceName="Energy saving"/><Feature code="F400014513" rank="3" referenceName="Instant on"/></Features><CSItems><CSItem code="IT4026387" rank="1" referenceName="Light characteristics - Light output"/><CSItem code="IT4026407" rank="2" referenceName="Rated values - Rated power"/><CSItem code="IT4029271" rank="3" referenceName="Bulb dimensions - Height"/><CSItem code="IT4026404" rank="4" referenceName="Other characteristics - Mercury content"/><CSItem code="IT4029169" rank="5" referenceName="Durability - Lifetime of lamp"/><CSItem code="IT4029277" rank="7" referenceName="Bulb characteristics - Cap/fitting"/><CSItem code="IT4029272" rank="8" referenceName="Bulb dimensions - Width"/><CSItem code="IT4029156" rank="9" referenceName="Light characteristics - Beam angle"/><CSItem code="IT4026408" rank="10" referenceName="Rated values - Rated luminous flux"/><CSItem code="IT4029171" rank="11" referenceName="Durability - Number of switch cycles"/><CSItem code="IT4026405" rank="12" referenceName="Other characteristics - Power factor"/><CSItem code="IT4029193" rank="13" referenceName="Durability - Lumen maintenance factor"/><CSItem code="IT4026378" rank="15" referenceName="Power consumption - Energy efficiency label"/><CSItem code="IT4029167" rank="16" referenceName="Rated values - Rated lifetime"/><CSItem code="IT4029159" rank="17" referenceName="Light characteristics - Color temperature"/><CSItem code="IT4026406" rank="18" referenceName="Other characteristics - Lamp current"/><CSItem code="IT4029279" rank="19" referenceName="Bulb characteristics - Dimmable"/><CSItem code="IT4041312" rank="20" referenceName="Other characteristics - Range"/><CSItem code="IT4029168" rank="22" referenceName="Rated values - Rated beam angle"/><CSItem code="IT4029164" rank="23" referenceName="Durability - Average life (at 2.7 hrs/day)"/><CSItem code="IT4029170" rank="25" referenceName="Light characteristics - Color rendering index (CRI)"/><CSItem code="IT4044082" rank="26" referenceName="Other characteristics - Efficacy"/><CSItem code="IT4026390" rank="27" referenceName="Light characteristics - Starting time"/><CSItem code="IT4036606" rank="28" referenceName="Bulb characteristics - Voltage"/><CSItem code="IT4044392" rank="29" referenceName="Bulb characteristics - Lamp shape"/><CSItem code="IT4029160" rank="30" referenceName="Light characteristics - Warm-up time to 60% light"/><CSItem code="IT4044053" rank="31" referenceName="Bulb characteristics - Type of glass"/><CSItem code="IT4044055" rank="32" referenceName="Bulb characteristics - Intended use"/><CSItem code="IT4029158" rank="33" referenceName="Light characteristics - Color"/><CSItem code="IT4031131" rank="34" referenceName="Light characteristics - Color consistency"/><CSItem code="IT4037689" rank="35" referenceName="Bulb characteristics - Wattage"/><CSItem code="IT4044501" rank="36" referenceName="Light characteristics - Suitable for accent lighting?"/><CSItem code="IT4037690" rank="37" referenceName="Bulb characteristics - Wattage equivalent"/></CSItems></Purpose></Filters><FeatureCompareGroups/><Disclaimers/><RichTexts/></Product></Products>