<?xml version="1.0" encoding="UTF-8"?><Products xmlns:source="http://apache.org/cocoon/source/1.0" DocStatus="approved" DocTimeStamp="2018-10-20T10:13:20"><Product Country="IN" IsAccessory="false" IsMaster="false" Locale="en_IN" lastModified="2018-10-20T04:44:09" masterLastModified="2018-05-31T00:35:19"><CTN>SCF156/01</CTN><Code12NC>000000000000</Code12NC><GTIN/><MarketingVersion>14.3.1</MarketingVersion><MarketingStatus>Final Published</MarketingStatus><CRDate>2007-06-29</CRDate><CRDateYW>200726</CRDateYW><ModelYears><ModelYear>2008</ModelYear></ModelYears><ProductDivision><ProductDivisionCode>0200</ProductDivisionCode><ProductDivisionName>Consumer Lifestyle</ProductDivisionName><FormerPDCode>0300</FormerPDCode></ProductDivision><ProductOwner>Carlotta Ponzo</ProductOwner><DTN>SCF156/01</DTN><Catalog><StartOfPublication>2010-08-01T00:00:00</StartOfPublication><EndOfPublication>2018-12-31T00:00:00</EndOfPublication><StartOfSales>2010-08-01T00:00:00</StartOfSales><EndOfSales>2018-12-31T00:00:00</EndOfSales><DummyPrice>295</DummyPrice><Deleted>false</Deleted><DeleteAfterDate/><ProductRank>50</ProductRank></Catalog><FinancialCategorization><BusinessGroupCode>9050</BusinessGroupCode><BusinessGroupName>Health &amp; Wellness</BusinessGroupName><BusinessUnitCode>0362</BusinessUnitCode><BusinessUnitName>Mother &amp; Child Care</BusinessUnitName><MainArticleGroupCode>E41</MainArticleGroupCode><MainArticleGroupName>Breastfeeding Solutions</MainArticleGroupName><ArticleGroupCode>3184</ArticleGroupCode><ArticleGroupName>Breast Care Accessories</ArticleGroupName></FinancialCategorization><Categorization type="CONSUMER"><GroupCode>ACCESSORIES_GR</GroupCode><GroupName>Accessories</GroupName><CategoryCode>MOTHER_AND_CHILD_CARE_ACCESSORIES_CA</CategoryCode><CategoryName>Mother and child care</CategoryName><SubcategoryCode>BREAST_FEEDING_ACCESSORIES_SU</SubcategoryCode><SubcategoryName>Breast feeding</SubcategoryName></Categorization><Assets><Asset code="SCF156_01" description="User manual" extension="pdf" lastModified="2009-04-21" locale="en_IN" number="001" type="DFU">http://download.p4c.philips.com/files/s/scf156_01/scf156_01_dfu_aen.pdf</Asset><Asset code="SCF156_01" description="Leaflet" extension="pdf" lastModified="2018-07-04" locale="en_IN" number="001" type="PSS">http://download.p4c.philips.com/files/s/scf156_01/scf156_01_pss_aenin.pdf</Asset><Asset code="SCF156_01" description="Emotional Benefit 1 - highres 2196x1795" extension="tif" lastModified="2018-06-06" locale="global" number="001" type="E1P">http://images.philips.com/is/image/PhilipsConsumer/SCF156_01-E1P-global-001</Asset><Asset code="SCF156_01" description="Emotional Benefit 2 - highres 2196x1795" extension="tif" lastModified="2018-06-06" locale="global" number="001" type="E2P">http://images.philips.com/is/image/PhilipsConsumer/SCF156_01-E2P-global-001</Asset><Asset code="SCF156_01" description="Leaflet" extension="pdf" lastModified="2018-07-04" locale="global" number="001" type="PSS">http://download.p4c.philips.com/files/s/scf156_01/scf156_01_pss_.pdf</Asset><Asset code="SCF156_01" description="Standard product photograph - highres 2196x1795" extension="tif" lastModified="2018-06-01" locale="global" number="001" type="RTP">http://images.philips.com/is/image/PhilipsConsumer/SCF156_01-RTP-global-001</Asset><Asset code="SCF156_01" description="Product In Use 1 - highres 2196x1795" extension="tif" lastModified="2018-06-06" locale="global" number="001" type="U1P">http://images.philips.com/is/image/PhilipsConsumer/SCF156_01-U1P-global-001</Asset><Asset code="SCF156_01" description="Product In Use 5 - highres 2196x1795" extension="tif" lastModified="2018-06-06" locale="global" number="001" type="U5P">http://images.philips.com/is/image/PhilipsConsumer/SCF156_01-U5P-global-001</Asset><Asset code="SCF156_01" description="Single product shot" extension="" lastModified="2018-10-20" locale="en_IN" number="" type="IMS">http://images.philips.com/is/image/PhilipsConsumer/SCF156_01-IMS-en_IN</Asset><Asset code="SCF156_01" description="Product gallery image set" extension="" lastModified="2018-10-20" locale="en_IN" number="" type="GAL">http://images.philips.com/is/image/PhilipsConsumer/SCF156_01-GAL-en_IN</Asset><Asset code="SCF156_01" description="Product URL" extension="" lastModified="2018-10-20" locale="en_IN" number="" type="URL">http://www.philips.co.in/c-p/SCF156_01/avent-breast-care-nipple-protector</Asset><Asset code="ALA_33067411" description="Award rank" extension="png" lastModified="" locale="en_IN" number="001" type="AWR">http://images.philips.com/is/image/PhilipsConsumer/ALR001-AWR-en_IN-001</Asset><Asset code="ALA_33067411" description="Award URL" extension="html" lastModified="" locale="en_IN" number="001" type="AWU">http://www.brand-reviews.india.philips.com/7543b-en_in/SCF156_01/philips-philips-avent-nipple-protectors-scf156-standard-reviews/reviews.htm?reviewID=33067411</Asset><Asset code="ALS_10000002" description="Award source logo" extension="png" lastModified="" locale="en_IN" number="001" type="AWL">http://images.philips.com/is/image/PhilipsConsumer/ALS_10000002-AWL-en_IN-001</Asset><Asset code="ALS_10000002" description="Award www" extension="html" lastModified="" locale="en_IN" number="001" type="AWW">http://alatest.co.uk/redirect/sources/10000002/50428/</Asset><Asset code="AVE" description="Brand logo - highres 1476x886" extension="jpg" lastModified="2008-08-06" locale="global" number="001" type="BRP">http://images.philips.com/is/image/PhilipsConsumer/AVE-BRP-global-001</Asset><Asset code="PHI" description="Brand logo - highres 1476x886" extension="tif" lastModified="2016-02-18" locale="global" number="001" type="BRP">http://images.philips.com/is/image/PhilipsConsumer/PHI-BRP-global-001</Asset></Assets><ProductName>Standard Nipple Protector</ProductName><FullProductName>Philips Avent Nipple Protector SCF156/01 Standard</FullProductName><NamingString><MasterBrand><BrandCode>PHI</BrandCode><BrandName>Philips</BrandName></MasterBrand><Partner><PartnerBrand><BrandCode>AVE</BrandCode><BrandName>Avent</BrandName></PartnerBrand><PartnerBrandType>MakersMark</PartnerBrandType></Partner><BrandString>Philips Avent</BrandString><Range><RangeCode>R400000282</RangeCode><RangeName>Breast care</RangeName></Range><Descriptor><DescriptorCode>NSD_000183</DescriptorCode><DescriptorName>Nipple Protector</DescriptorName></Descriptor><Alphanumeric>SCF156/01</Alphanumeric><VersionElement1><VersionElementCode>V4004705</VersionElementCode><VersionElementName>Standard</VersionElementName></VersionElement1><VersionString>Standard</VersionString><BrandedFeatureString/><DescriptorBrandedFeatureString>Nipple Protector</DescriptorBrandedFeatureString></NamingString><WOW>Helping you to breastfeed longer</WOW><SubWOW>Breast care, protects sore nipples</SubWOW><MarketingTextHeader>Philips Avent nipple protector SCF156/01 made of ultra-fine, soft, odourless, taste-free silicone that protect sore or cracked nipples during breastfeeding.</MarketingTextHeader><KeyBenefitArea><KeyBenefitAreaCode>K4020774</KeyBenefitAreaCode><KeyBenefitAreaName>Avert sore and cracked nipples when breast feeding</KeyBenefitAreaName><KeyBenefitAreaRank>1</KeyBenefitAreaRank><Feature><FeatureCode>FEA_0002432</FeatureCode><FeatureReferenceName>Protect sore nipples during breastfeeding</FeatureReferenceName><FeatureName>Protect sore nipples during breastfeeding</FeatureName><FeatureLongDescription>Protect sore nipples during breastfeeding</FeatureLongDescription><FeatureGlossary>Philips Avent Nipple Protectors are only designed for use when you have sore or cracked nipples and should be used with health professional advice.</FeatureGlossary><FeatureRank>1</FeatureRank><FeatureTopRank>3</FeatureTopRank></Feature></KeyBenefitArea><KeyBenefitArea><KeyBenefitAreaCode>K4020775</KeyBenefitAreaCode><KeyBenefitAreaName>Helps you to breast feed longer</KeyBenefitAreaName><KeyBenefitAreaRank>2</KeyBenefitAreaRank><Feature><FeatureCode>F400047854</FeatureCode><FeatureReferenceName>Easy latch on for your baby</FeatureReferenceName><FeatureName>Easy latch on for your baby</FeatureName><FeatureLongDescription>Easy latch on for your baby</FeatureLongDescription><FeatureGlossary>Your baby can easily latch on through the shield and create a seal.</FeatureGlossary><FeatureRank>2</FeatureRank><FeatureTopRank>1</FeatureTopRank></Feature><Feature><FeatureCode>F400047850</FeatureCode><FeatureReferenceName>Made of ultra-fine silicone</FeatureReferenceName><FeatureName>Made of ultra-fine silicone</FeatureName><FeatureLongDescription>Made with odorless, taste free, ultra-fine silicone</FeatureLongDescription><FeatureGlossary>The Philips Avent Nipple Protectors are made of an odorless, tastless ultra-fine silicone.</FeatureGlossary><FeatureRank>3</FeatureRank><FeatureTopRank>2</FeatureTopRank></Feature><Feature><FeatureCode>FEA_0002604</FeatureCode><FeatureReferenceName>Shaped to allow skin contact with baby (while)</FeatureReferenceName><FeatureName>Shaped to allow skin contact with baby</FeatureName><FeatureLongDescription>Shaped to allow skin contact with baby</FeatureLongDescription><FeatureGlossary>Your baby can still feel and smell your skin and continue to stimulate your milk supply while suckling, and will return easily to the breast once your nipples are healed.</FeatureGlossary><FeatureRank>4</FeatureRank><FeatureTopRank>4</FeatureTopRank></Feature></KeyBenefitArea><FeatureImage><FeatureCode>FEA_0002432</FeatureCode><FeatureReferenceName>Protect sore nipples during breastfeeding</FeatureReferenceName><FeatureImageRank>3</FeatureImageRank></FeatureImage><FeatureImage><FeatureCode>FEA_0002604</FeatureCode><FeatureReferenceName>Shaped to allow skin contact with baby (while)</FeatureReferenceName><FeatureImageRank>4</FeatureImageRank></FeatureImage><FeatureHighlight><FeatureCode>FEA_0002432</FeatureCode><FeatureReferenceName>Protect sore nipples during breastfeeding</FeatureReferenceName><FeatureHighlightRank>3</FeatureHighlightRank></FeatureHighlight><FeatureHighlight><FeatureCode>FEA_0002604</FeatureCode><FeatureReferenceName>Shaped to allow skin contact with baby (while)</FeatureReferenceName><FeatureHighlightRank>4</FeatureHighlightRank></FeatureHighlight><CSChapter><CSChapterCode>CHA_0000021</CSChapterCode><CSChapterName>Country of origin</CSChapterName><CSChapterRank>1</CSChapterRank><CSItem><CSItemCode>S_0002360</CSItemCode><CSItemName>England</CSItemName><CSItemRank>6</CSItemRank><CSItemIsFreeFormat>0</CSItemIsFreeFormat><CSValue><CSValueCode>VA4010931</CSValueCode><CSValueName>Yes</CSValueName><CSValueRank>1</CSValueRank></CSValue></CSItem></CSChapter><CSChapter><CSChapterCode>CHA_0000106</CSChapterCode><CSChapterName>What is included</CSChapterName><CSChapterRank>2</CSChapterRank><CSItem><CSItemCode>S_0002559</CSItemCode><CSItemName>Standard Nipple Protector</CSItemName><CSItemRank>12</CSItemRank><CSItemIsFreeFormat>1</CSItemIsFreeFormat><CSValue><CSValueCode>VA4008751</CSValueCode><CSValueName>2</CSValueName><CSValueRank>1</CSValueRank></CSValue><UnitOfMeasure><UnitOfMeasureCode>4000023</UnitOfMeasureCode><UnitOfMeasureName>-Pieces</UnitOfMeasureName><UnitOfMeasureSymbol>pcs</UnitOfMeasureSymbol></UnitOfMeasure></CSItem></CSChapter><CSChapter><CSChapterCode>CHA_0000004</CSChapterCode><CSChapterName>Weight and dimensions</CSChapterName><CSChapterRank>3</CSChapterRank><CSItem><CSItemCode>S_0002592</CSItemCode><CSItemName>Diameter</CSItemName><CSItemRank>5</CSItemRank><CSItemIsFreeFormat>1</CSItemIsFreeFormat><CSValue><CSValueCode>VA4008779</CSValueCode><CSValueName>21</CSValueName><CSValueRank>1</CSValueRank></CSValue><UnitOfMeasure><UnitOfMeasureCode>3000058</UnitOfMeasureCode><UnitOfMeasureName>millimeter</UnitOfMeasureName><UnitOfMeasureSymbol>mm</UnitOfMeasureSymbol></UnitOfMeasure></CSItem></CSChapter><CSChapter><CSChapterCode>CH4001529</CSChapterCode><CSChapterName>Development stages</CSChapterName><CSChapterRank>4</CSChapterRank><CSItem><CSItemCode>IT4008016</CSItemCode><CSItemName>Stages</CSItemName><CSItemRank>3</CSItemRank><CSItemIsFreeFormat>0</CSItemIsFreeFormat><CSValue><CSValueCode>VA4021217</CSValueCode><CSValueName>0 - 6 months</CSValueName><CSValueRank>1</CSValueRank></CSValue></CSItem></CSChapter><CSChapter><CSChapterCode>3001096</CSChapterCode><CSChapterName>Design</CSChapterName><CSChapterRank>5</CSChapterRank><CSItem><CSItemCode>IT4024838</CSItemCode><CSItemName>Allows baby to feel your skin</CSItemName><CSItemRank>8</CSItemRank><CSItemIsFreeFormat>0</CSItemIsFreeFormat><CSValue><CSValueCode>VA4056746</CSValueCode><CSValueName>Yes</CSValueName><CSValueRank>1</CSValueRank></CSValue></CSItem><CSItem><CSItemCode>IT4024839</CSItemCode><CSItemName>Allows baby to smell your skin</CSItemName><CSItemRank>9</CSItemRank><CSItemIsFreeFormat>0</CSItemIsFreeFormat><CSValue><CSValueCode>VA4056747</CSValueCode><CSValueName>Yes</CSValueName><CSValueRank>1</CSValueRank></CSValue></CSItem></CSChapter><CSChapter><CSChapterCode>CH4001524</CSChapterCode><CSChapterName>Ease of use</CSChapterName><CSChapterRank>6</CSChapterRank><CSItem><CSItemCode>IT4024840</CSItemCode><CSItemName>Heal when still breast feeding</CSItemName><CSItemRank>7</CSItemRank><CSItemIsFreeFormat>0</CSItemIsFreeFormat><CSValue><CSValueCode>VA4056748</CSValueCode><CSValueName>Yes</CSValueName><CSValueRank>1</CSValueRank></CSValue></CSItem></CSChapter><CSChapter><CSChapterCode>CH4001528</CSChapterCode><CSChapterName>Functions</CSChapterName><CSChapterRank>7</CSChapterRank><CSItem><CSItemCode>IT4023294</CSItemCode><CSItemName>Easy latch on</CSItemName><CSItemRank>11</CSItemRank><CSItemIsFreeFormat>0</CSItemIsFreeFormat><CSValue><CSValueCode>VA4056749</CSValueCode><CSValueName>Ultra fine silicone</CSValueName><CSValueRank>1</CSValueRank></CSValue></CSItem></CSChapter><CSChapter><CSChapterCode>CHA_0000098</CSChapterCode><CSChapterName>Material</CSChapterName><CSChapterRank>8</CSChapterRank><CSItem><CSItemCode>IT4024841</CSItemCode><CSItemName>Nipple protector</CSItemName><CSItemRank>10</CSItemRank><CSItemIsFreeFormat>0</CSItemIsFreeFormat><CSValue><CSValueCode>VA4056750</CSValueCode><CSValueName>BPA Free*</CSValueName><CSValueRank>1</CSValueRank></CSValue><CSValue><CSValueCode>VA4056751</CSValueCode><CSValueName>Silicone</CSValueName><CSValueRank>2</CSValueRank></CSValue></CSItem></CSChapter><Filters><Purpose type="Comparison"><Features><Feature code="F400047854" rank="1" referenceName="Easy latch on for your baby"/><Feature code="F400047850" rank="2" referenceName="Made of ultra-fine silicone"/><Feature code="FEA_0002432" rank="3" referenceName="Protect sore nipples during breastfeeding"/><Feature code="FEA_0002604" rank="4" referenceName="Shaped to allow skin contact with baby (while)"/></Features><CSItems><CSItem code="IT4008016" rank="3" referenceName="Development stages - Stages"/><CSItem code="S_0002592" rank="5" referenceName="Weight and dimensions - Diameter"/><CSItem code="S_0002360" rank="6" referenceName="Country of origin - England"/><CSItem code="IT4024840" rank="7" referenceName="Ease of use - Heal when still breast feeding"/><CSItem code="IT4024838" rank="8" referenceName="Design - Allows baby to feel your skin"/><CSItem code="IT4024839" rank="9" referenceName="Design - Allows baby to smell your skin"/><CSItem code="IT4024841" rank="10" referenceName="Material - Nipple protector"/><CSItem code="IT4023294" rank="11" referenceName="Functions - Easy latch on"/><CSItem code="S_0002559" rank="12" referenceName="What is included - Standard Nipple Protector"/></CSItems></Purpose><Purpose type="Detail"><Features><Feature code="F400047854" rank="1" referenceName="Easy latch on for your baby"/><Feature code="F400047850" rank="2" referenceName="Made of ultra-fine silicone"/><Feature code="FEA_0002432" rank="3" referenceName="Protect sore nipples during breastfeeding"/><Feature code="FEA_0002604" rank="4" referenceName="Shaped to allow skin contact with baby (while)"/></Features><CSItems><CSItem code="IT4008016" rank="3" referenceName="Development stages - Stages"/><CSItem code="S_0002592" rank="5" referenceName="Weight and dimensions - Diameter"/><CSItem code="S_0002360" rank="6" referenceName="Country of origin - England"/><CSItem code="IT4024840" rank="7" referenceName="Ease of use - Heal when still breast feeding"/><CSItem code="IT4024838" rank="8" referenceName="Design - Allows baby to feel your skin"/><CSItem code="IT4024839" rank="9" referenceName="Design - Allows baby to smell your skin"/><CSItem code="IT4024841" rank="10" referenceName="Material - Nipple protector"/><CSItem code="IT4023294" rank="11" referenceName="Functions - Easy latch on"/><CSItem code="S_0002559" rank="12" referenceName="What is included - Standard Nipple Protector"/></CSItems></Purpose></Filters><FeatureCompareGroups/><Disclaimers/><RichTexts/></Product></Products>