<?xml version="1.0" encoding="UTF-8"?><Products xmlns:source="http://apache.org/cocoon/source/1.0" DocStatus="approved" DocTimeStamp="2018-10-20T10:13:20"><Product Country="IN" IsAccessory="false" IsMaster="false" Locale="en_IN" lastModified="2018-10-20T04:44:09" masterLastModified="2017-05-13T00:14:12"><CTN>12342LLECOB1</CTN><Code12NC>924097017110</Code12NC><GTIN>8727900361988</GTIN><MarketingVersion>8.1.2</MarketingVersion><MarketingStatus>Final Published</MarketingStatus><CRDate>2011-04-29</CRDate><CRDateYW>201117</CRDateYW><ModelYears><ModelYear>2011</ModelYear></ModelYears><ProductDivision><ProductDivisionCode>0100</ProductDivisionCode><ProductDivisionName>Lighting</ProductDivisionName><FormerPDCode>0100</FormerPDCode></ProductDivision><ProductOwner>Marilyne Denis</ProductOwner><DTN>12342LLECOB1</DTN><Catalog><StartOfPublication>2011-05-29T00:00:00</StartOfPublication><EndOfPublication>2099-11-29T00:00:00</EndOfPublication><StartOfSales>2011-05-29T00:00:00</StartOfSales><EndOfSales>2011-11-29T00:00:00</EndOfSales><DummyPrice/><Deleted>true</Deleted><DeleteAfterDate/><ProductRank>50</ProductRank></Catalog><FinancialCategorization><BusinessGroupCode>9017</BusinessGroupCode><BusinessGroupName>Lamps and Accessoires</BusinessGroupName><BusinessUnitCode>9102</BusinessUnitCode><BusinessUnitName>Automotive Lamps</BusinessUnitName><MainArticleGroupCode>B10</MainArticleGroupCode><MainArticleGroupName>Halogen/Incandescent Headlighting</MainArticleGroupName><ArticleGroupCode>0811</ArticleGroupCode><ArticleGroupName>Halogen HL bulbs two filament ECE</ArticleGroupName></FinancialCategorization><Categorization type="CONSUMER"><GroupCode>AUTOMOTIVE_GR</GroupCode><GroupName>Automotive</GroupName><CategoryCode>CAR_LIGHTS_CA</CategoryCode><CategoryName>Car lights</CategoryName><SubcategoryCode>CAR_HEADLIGHTS_SU</SubcategoryCode><SubcategoryName>Headlights</SubcategoryName></Categorization><Assets><Asset code="12342LLECOB1" description="Leaflet" extension="pdf" lastModified="2011-10-18" locale="en_IN" number="001" type="PSS">http://download.p4c.philips.com/files/1/12342llecob1/12342llecob1_pss_aen.pdf</Asset><Asset code="12342LLECOB1" description="Alternative product photograph - highres 2196x1795" extension="tif" lastModified="2014-01-17" locale="global" number="001" type="APP">http://images.philips.com/is/image/PhilipsConsumer/12342LLECOB1-APP-global-001</Asset><Asset code="12342LLECOB1" description="Main in-use photograph - highres 2480x1462" extension="tif" lastModified="2014-01-17" locale="global" number="001" type="MI1">http://images.philips.com/is/image/PhilipsConsumer/12342LLECOB1-MI1-global-001</Asset><Asset code="12342LLECOB1" description="Packaging photograph - highres 1447x756" extension="tif" lastModified="2016-11-16" locale="global" number="001" type="PID">http://images.philips.com/is/image/PhilipsConsumer/12342LLECOB1-PID-global-001</Asset><Asset code="12342LLECOB1" description="Packaging photograph - master" extension="tif" lastModified="2016-11-16" locale="global" number="001" type="PIM">http://download.p4c.philips.com/files/1/12342llecob1/12342llecob1_pim_.tif</Asset><Asset code="12342LLECOB1" description="Packaging photograph - small 90x65" extension="jpg" lastModified="2016-11-16" locale="global" number="001" type="PIS">http://download.p4c.philips.com/files/1/12342llecob1/12342llecob1_pis_.jpg</Asset><Asset code="12342LLECOB1" description="Leaflet" extension="pdf" lastModified="2018-08-22" locale="global" number="001" type="PSS">http://download.p4c.philips.com/files/1/12342llecob1/12342llecob1_pss_.pdf</Asset><Asset code="12342LLECOB1" description="Standard product photograph - highres 2196x1795" extension="tif" lastModified="2016-06-03" locale="global" number="001" type="RTP">http://images.philips.com/is/image/PhilipsConsumer/12342LLECOB1-RTP-global-001</Asset><Asset code="12342LLECOB1" description="Product In Use 1 - highres 2196x1795" extension="tif" lastModified="2018-04-04" locale="global" number="001" type="U1P">http://images.philips.com/is/image/PhilipsConsumer/12342LLECOB1-U1P-global-001</Asset><Asset code="12342LLECOB1" description="Single product shot" extension="" lastModified="2018-10-20" locale="en_IN" number="" type="IMS">http://images.philips.com/is/image/PhilipsConsumer/12342LLECOB1-IMS-en_IN</Asset><Asset code="12342LLECOB1" description="Product gallery image set" extension="" lastModified="2018-10-20" locale="en_IN" number="" type="GAL">http://images.philips.com/is/image/PhilipsConsumer/12342LLECOB1-GAL-en_IN</Asset><Asset code="12342LLECOB1" description="Product URL" extension="" lastModified="2018-10-20" locale="en_IN" number="" type="URL">http://www.philips.co.in/c-p/12342LLECOB1/longlife-ecovision-car-headlight-bulb</Asset><Asset code="F400058687" description="Feature photograph - highres 2100x1170" extension="tif" lastModified="2014-01-09" locale="global" number="001" type="FIL">http://images.philips.com/is/image/PhilipsConsumer/F400058687-FIL-global-001</Asset><Asset code="F400058690" description="Feature photograph - highres 2100x1170" extension="tif" lastModified="2014-01-09" locale="global" number="001" type="FIL">http://images.philips.com/is/image/PhilipsConsumer/F400058690-FIL-global-001</Asset><Asset code="F400058692" description="Feature photograph - highres 2100x1170" extension="tif" lastModified="2014-01-09" locale="global" number="001" type="FIL">http://images.philips.com/is/image/PhilipsConsumer/F400058692-FIL-global-001</Asset><Asset code="F400058694" description="Feature photograph - highres 2100x1170" extension="tif" lastModified="2013-09-24" locale="global" number="001" type="FIL">http://images.philips.com/is/image/PhilipsConsumer/F400058694-FIL-global-001</Asset><Asset code="F400058695" description="Feature photograph - highres 2100x1170" extension="tif" lastModified="2013-09-24" locale="global" number="001" type="FIL">http://images.philips.com/is/image/PhilipsConsumer/F400058695-FIL-global-001</Asset><Asset code="F400058696" description="Feature photograph - highres 2100x1170" extension="tif" lastModified="2013-09-24" locale="global" number="001" type="FIL">http://images.philips.com/is/image/PhilipsConsumer/F400058696-FIL-global-001</Asset><Asset code="F400058848" description="Feature photograph - highres 2100x1170" extension="tif" lastModified="2014-01-09" locale="global" number="001" type="FIL">http://images.philips.com/is/image/PhilipsConsumer/F400058848-FIL-global-001</Asset><Asset code="F400058853" description="Feature photograph - highres 2100x1170" extension="tif" lastModified="2014-01-09" locale="global" number="001" type="FIL">http://images.philips.com/is/image/PhilipsConsumer/F400058853-FIL-global-001</Asset><Asset code="PHI" description="Brand logo - highres 1476x886" extension="tif" lastModified="2016-02-18" locale="global" number="001" type="BRP">http://images.philips.com/is/image/PhilipsConsumer/PHI-BRP-global-001</Asset></Assets><ProductName>Type of lamp: H4 Pack of: 1 car headlight bulb</ProductName><FullProductName>Philips LongLife EcoVision car headlight bulb 12342LLECOB1 Type of lamp: H4 Pack of: 1 12 V,60/55 W</FullProductName><NamingString><MasterBrand><BrandCode>PHI</BrandCode><BrandName>Philips</BrandName></MasterBrand><BrandString>Philips</BrandString><Family><FamilyCode>SB40004945</FamilyCode><FamilyName>LongLife EcoVision</FamilyName><FamilyNameUsed>1</FamilyNameUsed></Family><Descriptor><DescriptorCode>D4021102</DescriptorCode><DescriptorName>car headlight bulb</DescriptorName></Descriptor><Alphanumeric>12342LLECOB1</Alphanumeric><VersionElement1><VersionElementCode>V4044084</VersionElementCode><VersionElementName>Type of lamp: H4</VersionElementName></VersionElement1><VersionElement2><VersionElementCode>V4043913</VersionElementCode><VersionElementName>Pack of: 1</VersionElementName></VersionElement2><VersionElement3><VersionElementCode>V4043919</VersionElementCode><VersionElementName>12 V,60/55 W</VersionElementName></VersionElement3><VersionString>Type of lamp: H4 Pack of: 1 12 V,60/55 W</VersionString><BrandedFeatureString/><DescriptorBrandedFeatureString>car headlight bulb</DescriptorBrandedFeatureString></NamingString><WOW>Drive with care</WOW><SubWOW>Higher lifetime, less replacement</SubWOW><MarketingTextHeader>Tired of changing your headlight bulbs all the time? With higher lifetime of a car bulb, Philips LongLife EcoVision is the choice for drivers seeking to minimise maintenance on their vehicles.</MarketingTextHeader><KeyBenefitArea><KeyBenefitAreaCode>K4021616</KeyBenefitAreaCode><KeyBenefitAreaName>Lasts significantly longer than a standard lamp</KeyBenefitAreaName><KeyBenefitAreaRank>1</KeyBenefitAreaRank><Feature><FeatureCode>F400058690</FeatureCode><FeatureReferenceName>Change by pairs</FeatureReferenceName><FeatureName>Change by pairs</FeatureName><FeatureLongDescription>Change both your headlamps at once for more safety</FeatureLongDescription><FeatureGlossary>Highly recommended to change them by pairs for symetric light performance</FeatureGlossary><FeatureRank>5</FeatureRank><FeatureTopRank>1</FeatureTopRank></Feature><Feature><FeatureCode>F400058687</FeatureCode><FeatureReferenceName>Designed for multiple usage</FeatureReferenceName><FeatureName>Designed for multiple usage</FeatureName><FeatureLongDescription>Wide range of 12V lamps to meet all functions</FeatureLongDescription><FeatureGlossary>Which 12V lamp for which function ? Philips Automotive offering includes all car specific functions : high beam, Low beal, front fog , front indicator, side indicator, rear indicator, stop light, reversing light, rear fog light, license plate lights, rear position/parking light, interior lights.</FeatureGlossary><FeatureRank>4</FeatureRank><FeatureTopRank>2</FeatureTopRank></Feature><Feature><FeatureCode>F400058848</FeatureCode><FeatureReferenceName>Drive several times longer</FeatureReferenceName><FeatureName>Drive several times longer</FeatureName><FeatureLongDescription>No replacement necessary for 100 000 km</FeatureLongDescription><FeatureGlossary>With Philips LongLife EcoVision drivers don’t have to worry about changing a headlamp for at least 100 000 km.</FeatureGlossary><FeatureRank>1</FeatureRank><FeatureTopRank>3</FeatureTopRank></Feature><Feature><FeatureCode>F400058853</FeatureCode><FeatureReferenceName>Reduced maintenance</FeatureReferenceName><FeatureName>Reduced maintenance</FeatureName><FeatureLongDescription>High quality filament design to minimize maintenance</FeatureLongDescription><FeatureGlossary>With Philips LongLifeEcoVision you need significantly fewer lamp replacements. This makes them the ideal lamp for high voltage cars.</FeatureGlossary><FeatureRank>2</FeatureRank><FeatureTopRank>6</FeatureTopRank></Feature><Feature><FeatureCode>F400058855</FeatureCode><FeatureReferenceName>Reduce waste, drive greener</FeatureReferenceName><FeatureName>Reduce waste, drive greener</FeatureName><FeatureLongDescription>Less waste thanks to fewer replacement</FeatureLongDescription><FeatureGlossary>It is the right choice for drivers looking for an environmentally friendly lighting solution.</FeatureGlossary><FeatureRank>3</FeatureRank><FeatureTopRank>10</FeatureTopRank></Feature></KeyBenefitArea><KeyBenefitArea><KeyBenefitAreaCode>K4025436</KeyBenefitAreaCode><KeyBenefitAreaName>Original Equipment manufacturer</KeyBenefitAreaName><KeyBenefitAreaRank>2</KeyBenefitAreaRank><Feature><FeatureCode>F400058693</FeatureCode><FeatureReferenceName>ECE homlogation</FeatureReferenceName><FeatureName>ECE homlogation</FeatureName><FeatureLongDescription>Respecting high quality standards of the ECE homlogation</FeatureLongDescription><FeatureGlossary>Philips automotive products and services are considered best-in-class in the Original Equipment Manufacturer market and the aftermarket. Manufactured from high quality products and tested to the highest specifications, our products are designed to maximize the safety and comfort of our customers’ driving experience. Our entire product range is thoroughly tested, controlled and certified (ISO 9001, ISO 14001 and QSO 9000) to the highest ECE requirements. Put simply, this is quality you can trust.</FeatureGlossary><FeatureRank>3</FeatureRank><FeatureTopRank>4</FeatureTopRank></Feature><Feature><FeatureCode>F400058692</FeatureCode><FeatureReferenceName>Rewarded Car lamps</FeatureReferenceName><FeatureName>Rewarded Car lamps</FeatureName><FeatureLongDescription>Award winning car lamp manufacturer</FeatureLongDescription><FeatureGlossary>Our lamps are often rewarded by automotive experts</FeatureGlossary><FeatureRank>2</FeatureRank><FeatureTopRank>8</FeatureTopRank></Feature><Feature><FeatureCode>F400082727</FeatureCode><FeatureReferenceName>Car manufacturers' choice-are the</FeatureReferenceName><FeatureName>Car manufacturers' choice</FeatureName><FeatureLongDescription>Philips are the choice of major car manufacturers.</FeatureLongDescription><FeatureGlossary>For 100 years, Philips has been at the forefront of the automotive lighting industry, introducing technological innovations that have become standard on modern automobiles. Today, one in two cars in Europe and one in three worldwide is equipped with Philips lighting.</FeatureGlossary><FeatureRank>1</FeatureRank><FeatureTopRank>11</FeatureTopRank></Feature></KeyBenefitArea><KeyBenefitArea><KeyBenefitAreaCode>K4025539</KeyBenefitAreaCode><KeyBenefitAreaName>Very high quality and ultra resistant car lamp</KeyBenefitAreaName><KeyBenefitAreaRank>3</KeyBenefitAreaRank><Feature><FeatureCode>F400058694</FeatureCode><FeatureReferenceName>High quality quartz glass</FeatureReferenceName><FeatureName>High quality quartz glass</FeatureName><FeatureLongDescription>Philips car lamps are made of high-quality quartz glass</FeatureLongDescription><FeatureGlossary>UV-Quartz glass is stronger than hard glass and highly resistant to temperature extremes and vibrations, which eliminates the risk of explosion. Philips quartz-glass lamps (filament 2 650º C and glass 800º C) are able to withstand severe thermal shock. With the capability of increased pressure inside the lamp, UV-quartz glass is able to produce a more powerful light</FeatureGlossary><FeatureRank>1</FeatureRank><FeatureTopRank>5</FeatureTopRank></Feature><Feature><FeatureCode>F400058695</FeatureCode><FeatureReferenceName>Resistance against humidity</FeatureReferenceName><FeatureName>Resistance against humidity</FeatureName><FeatureLongDescription>Philips car lamps are highly resistant against humidity</FeatureLongDescription><FeatureGlossary>Only a burning bulb made of quartz glass (filament 2650°c, glass 800°c) can resist thermal shocks : if a drop of cold water touches the hot bulb, which can happen when you drive through water with a broken headlight unit.</FeatureGlossary><FeatureRank>2</FeatureRank><FeatureTopRank>7</FeatureTopRank></Feature><Feature><FeatureCode>F400058696</FeatureCode><FeatureReferenceName>UV Resistant</FeatureReferenceName><FeatureName>UV Resistant</FeatureName><FeatureLongDescription>Philips car lamps are highly UV resistant</FeatureLongDescription><FeatureGlossary>Philips special anti-UV coating technology protects the headlights against harmful ultraviolet radiation, making Philips UV-coated quartz glass perfect for all driving conditions and ensures their longevity</FeatureGlossary><FeatureRank>4</FeatureRank><FeatureTopRank>9</FeatureTopRank></Feature><Feature><FeatureCode>F400082728</FeatureCode><FeatureReferenceName>ECE homologation-Comply</FeatureReferenceName><FeatureName>ECE homologation</FeatureName><FeatureLongDescription>Comply with the high quality standards of ECE homologation</FeatureLongDescription><FeatureGlossary>Philips Automotive is dedicated to producing best-in-class products and services in the Original Equipment Manufacturer market as well as in the aftermarket. Our products are manufactured from high-quality materials and tested to the highest specifications to maximise the safety and driving comfort of our customers. Our entire production is meticulously tested, controlled and certified (ISO 9001, ISO 14001 and QSO 9000) to the highest ECE requirements.</FeatureGlossary><FeatureRank>3</FeatureRank><FeatureTopRank>12</FeatureTopRank></Feature></KeyBenefitArea><FeatureImage><FeatureCode>F400058690</FeatureCode><FeatureReferenceName>Change by pairs</FeatureReferenceName><FeatureImageRank>1</FeatureImageRank></FeatureImage><FeatureImage><FeatureCode>F400058687</FeatureCode><FeatureReferenceName>Designed for multiple usage</FeatureReferenceName><FeatureImageRank>2</FeatureImageRank></FeatureImage><FeatureImage><FeatureCode>F400058848</FeatureCode><FeatureReferenceName>Drive several times longer</FeatureReferenceName><FeatureImageRank>3</FeatureImageRank></FeatureImage><FeatureImage><FeatureCode>F400058693</FeatureCode><FeatureReferenceName>ECE homlogation</FeatureReferenceName><FeatureImageRank>4</FeatureImageRank></FeatureImage><FeatureImage><FeatureCode>F400058694</FeatureCode><FeatureReferenceName>High quality quartz glass</FeatureReferenceName><FeatureImageRank>5</FeatureImageRank></FeatureImage><FeatureImage><FeatureCode>F400058853</FeatureCode><FeatureReferenceName>Reduced maintenance</FeatureReferenceName><FeatureImageRank>6</FeatureImageRank></FeatureImage><FeatureImage><FeatureCode>F400058695</FeatureCode><FeatureReferenceName>Resistance against humidity</FeatureReferenceName><FeatureImageRank>7</FeatureImageRank></FeatureImage><FeatureImage><FeatureCode>F400058692</FeatureCode><FeatureReferenceName>Rewarded Car lamps</FeatureReferenceName><FeatureImageRank>8</FeatureImageRank></FeatureImage><FeatureImage><FeatureCode>F400058696</FeatureCode><FeatureReferenceName>UV Resistant</FeatureReferenceName><FeatureImageRank>9</FeatureImageRank></FeatureImage><FeatureImage><FeatureCode>F400058855</FeatureCode><FeatureReferenceName>Reduce waste, drive greener</FeatureReferenceName><FeatureImageRank>10</FeatureImageRank></FeatureImage><FeatureImage><FeatureCode>F400082727</FeatureCode><FeatureReferenceName>Car manufacturers' choice-are the</FeatureReferenceName><FeatureImageRank>11</FeatureImageRank></FeatureImage><FeatureImage><FeatureCode>F400082728</FeatureCode><FeatureReferenceName>ECE homologation-Comply</FeatureReferenceName><FeatureImageRank>12</FeatureImageRank></FeatureImage><FeatureHighlight><FeatureCode>F400058690</FeatureCode><FeatureReferenceName>Change by pairs</FeatureReferenceName><FeatureHighlightRank>1</FeatureHighlightRank></FeatureHighlight><FeatureHighlight><FeatureCode>F400058687</FeatureCode><FeatureReferenceName>Designed for multiple usage</FeatureReferenceName><FeatureHighlightRank>2</FeatureHighlightRank></FeatureHighlight><FeatureHighlight><FeatureCode>F400058848</FeatureCode><FeatureReferenceName>Drive several times longer</FeatureReferenceName><FeatureHighlightRank>3</FeatureHighlightRank></FeatureHighlight><FeatureHighlight><FeatureCode>F400058693</FeatureCode><FeatureReferenceName>ECE homlogation</FeatureReferenceName><FeatureHighlightRank>4</FeatureHighlightRank></FeatureHighlight><FeatureHighlight><FeatureCode>F400058694</FeatureCode><FeatureReferenceName>High quality quartz glass</FeatureReferenceName><FeatureHighlightRank>5</FeatureHighlightRank></FeatureHighlight><FeatureHighlight><FeatureCode>F400058853</FeatureCode><FeatureReferenceName>Reduced maintenance</FeatureReferenceName><FeatureHighlightRank>6</FeatureHighlightRank></FeatureHighlight><FeatureHighlight><FeatureCode>F400058695</FeatureCode><FeatureReferenceName>Resistance against humidity</FeatureReferenceName><FeatureHighlightRank>7</FeatureHighlightRank></FeatureHighlight><FeatureHighlight><FeatureCode>F400058692</FeatureCode><FeatureReferenceName>Rewarded Car lamps</FeatureReferenceName><FeatureHighlightRank>8</FeatureHighlightRank></FeatureHighlight><FeatureHighlight><FeatureCode>F400058696</FeatureCode><FeatureReferenceName>UV Resistant</FeatureReferenceName><FeatureHighlightRank>9</FeatureHighlightRank></FeatureHighlight><FeatureHighlight><FeatureCode>F400058855</FeatureCode><FeatureReferenceName>Reduce waste, drive greener</FeatureReferenceName><FeatureHighlightRank>10</FeatureHighlightRank></FeatureHighlight><FeatureHighlight><FeatureCode>F400082727</FeatureCode><FeatureReferenceName>Car manufacturers' choice-are the</FeatureReferenceName><FeatureHighlightRank>11</FeatureHighlightRank></FeatureHighlight><FeatureHighlight><FeatureCode>F400082728</FeatureCode><FeatureReferenceName>ECE homologation-Comply</FeatureReferenceName><FeatureHighlightRank>12</FeatureHighlightRank></FeatureHighlight><CSChapter><CSChapterCode>3001177</CSChapterCode><CSChapterName>Packaging Data</CSChapterName><CSChapterRank>1</CSChapterRank><CSItem><CSItemCode>IT4035591</CSItemCode><CSItemName>EAN3</CSItemName><CSItemRank>1</CSItemRank><CSItemIsFreeFormat>1</CSItemIsFreeFormat><CSValue><CSValueCode>VA4082924</CSValueCode><CSValueName>8727900361995</CSValueName><CSValueRank>1</CSValueRank></CSValue></CSItem><CSItem><CSItemCode>IT4035590</CSItemCode><CSItemName>EAN1</CSItemName><CSItemRank>2</CSItemRank><CSItemIsFreeFormat>1</CSItemIsFreeFormat><CSValue><CSValueCode>VA4082922</CSValueCode><CSValueName>8727900361988</CSValueName><CSValueRank>1</CSValueRank></CSValue></CSItem><CSItem><CSItemCode>IT4000721</CSItemCode><CSItemName>Packaging type</CSItemName><CSItemRank>3</CSItemRank><CSItemIsFreeFormat>0</CSItemIsFreeFormat><CSValue><CSValueCode>VA4072968</CSValueCode><CSValueName>B1</CSValueName><CSValueRank>9</CSValueRank></CSValue></CSItem></CSChapter><CSChapter><CSChapterCode>CH4006521</CSChapterCode><CSChapterName>Electrical characteristics</CSChapterName><CSChapterRank>2</CSChapterRank><CSItem><CSItemCode>IT4031552</CSItemCode><CSItemName>Voltage</CSItemName><CSItemRank>1</CSItemRank><CSItemIsFreeFormat>0</CSItemIsFreeFormat><CSValue><CSValueCode>VA4073723</CSValueCode><CSValueName>12</CSValueName><CSValueRank>2</CSValueRank></CSValue><UnitOfMeasure><UnitOfMeasureCode>3000071</UnitOfMeasureCode><UnitOfMeasureName>volt</UnitOfMeasureName><UnitOfMeasureSymbol>V</UnitOfMeasureSymbol></UnitOfMeasure></CSItem><CSItem><CSItemCode>IT4031551</CSItemCode><CSItemName>Wattage</CSItemName><CSItemRank>2</CSItemRank><CSItemIsFreeFormat>0</CSItemIsFreeFormat><CSValue><CSValueCode>VA4073722</CSValueCode><CSValueName>60/55</CSValueName><CSValueRank>4</CSValueRank></CSValue><UnitOfMeasure><UnitOfMeasureCode>3000072</UnitOfMeasureCode><UnitOfMeasureName>watt</UnitOfMeasureName><UnitOfMeasureSymbol>W</UnitOfMeasureSymbol></UnitOfMeasure></CSItem></CSChapter><CSChapter><CSChapterCode>CH4006483</CSChapterCode><CSChapterName>Lifetime</CSChapterName><CSChapterRank>3</CSChapterRank><CSItem><CSItemCode>IT4031525</CSItemCode><CSItemName>Life time</CSItemName><CSItemRank>1</CSItemRank><CSItemIsFreeFormat>0</CSItemIsFreeFormat><CSValue><CSValueCode>VA4072294</CSValueCode><CSValueName>3000h</CSValueName><CSValueRank>18</CSValueRank></CSValue></CSItem></CSChapter><CSChapter><CSChapterCode>CH4005203</CSChapterCode><CSChapterName>Light characteristics</CSChapterName><CSChapterRank>4</CSChapterRank><CSItem><CSItemCode>IT4031553</CSItemCode><CSItemName>Lumens</CSItemName><CSItemRank>1</CSItemRank><CSItemIsFreeFormat>0</CSItemIsFreeFormat><CSValue><CSValueCode>VA4073808</CSValueCode><CSValueName>1650/1000 +-15%</CSValueName><CSValueRank>21</CSValueRank></CSValue><UnitOfMeasure><UnitOfMeasureCode>3000051</UnitOfMeasureCode><UnitOfMeasureName>lumen</UnitOfMeasureName><UnitOfMeasureSymbol>lm</UnitOfMeasureSymbol></UnitOfMeasure></CSItem></CSChapter><CSChapter><CSChapterCode>CH4006484</CSChapterCode><CSChapterName>Ordering information</CSChapterName><CSChapterRank>5</CSChapterRank><CSItem><CSItemCode>IT4031526</CSItemCode><CSItemName>Order entry</CSItemName><CSItemRank>1</CSItemRank><CSItemIsFreeFormat>0</CSItemIsFreeFormat><CSValue><CSValueCode>VA4072379</CSValueCode><CSValueName>12342LLECOB1</CSValueName><CSValueRank>24</CSValueRank></CSValue></CSItem><CSItem><CSItemCode>IT4031527</CSItemCode><CSItemName>Ordering code</CSItemName><CSItemRank>2</CSItemRank><CSItemIsFreeFormat>0</CSItemIsFreeFormat><CSValue><CSValueCode>VA4072702</CSValueCode><CSValueName>36198830</CSValueName><CSValueRank>26</CSValueRank></CSValue></CSItem></CSChapter><CSChapter><CSChapterCode>CH4006541</CSChapterCode><CSChapterName>Outerpack information</CSChapterName><CSChapterRank>6</CSChapterRank><CSItem><CSItemCode>IT4031577</CSItemCode><CSItemName>Gross weight per piece</CSItemName><CSItemRank>1</CSItemRank><CSItemIsFreeFormat>0</CSItemIsFreeFormat><CSValue><CSValueCode>VA4074242</CSValueCode><CSValueName>0.42</CSValueName><CSValueRank>17</CSValueRank></CSValue><UnitOfMeasure><UnitOfMeasureCode>3000049</UnitOfMeasureCode><UnitOfMeasureName>kilogram</UnitOfMeasureName><UnitOfMeasureSymbol>kg</UnitOfMeasureSymbol></UnitOfMeasure></CSItem><CSItem><CSItemCode>IT4031576</CSItemCode><CSItemName>Height</CSItemName><CSItemRank>2</CSItemRank><CSItemIsFreeFormat>0</CSItemIsFreeFormat><CSValue><CSValueCode>VA4074196</CSValueCode><CSValueName>14.1</CSValueName><CSValueRank>12</CSValueRank></CSValue><UnitOfMeasure><UnitOfMeasureCode>3000039</UnitOfMeasureCode><UnitOfMeasureName>centimeter</UnitOfMeasureName><UnitOfMeasureSymbol>cm</UnitOfMeasureSymbol></UnitOfMeasure></CSItem><CSItem><CSItemCode>IT4031574</CSItemCode><CSItemName>Length</CSItemName><CSItemRank>3</CSItemRank><CSItemIsFreeFormat>0</CSItemIsFreeFormat><CSValue><CSValueCode>VA4074113</CSValueCode><CSValueName>26</CSValueName><CSValueRank>13</CSValueRank></CSValue><UnitOfMeasure><UnitOfMeasureCode>3000039</UnitOfMeasureCode><UnitOfMeasureName>centimeter</UnitOfMeasureName><UnitOfMeasureSymbol>cm</UnitOfMeasureSymbol></UnitOfMeasure></CSItem><CSItem><CSItemCode>IT4031575</CSItemCode><CSItemName>Width</CSItemName><CSItemRank>4</CSItemRank><CSItemIsFreeFormat>0</CSItemIsFreeFormat><CSValue><CSValueCode>VA4074157</CSValueCode><CSValueName>14.5</CSValueName><CSValueRank>11</CSValueRank></CSValue><UnitOfMeasure><UnitOfMeasureCode>3000039</UnitOfMeasureCode><UnitOfMeasureName>centimeter</UnitOfMeasureName><UnitOfMeasureSymbol>cm</UnitOfMeasureSymbol></UnitOfMeasure></CSItem></CSChapter><CSChapter><CSChapterCode>CH4006466</CSChapterCode><CSChapterName>Product description</CSChapterName><CSChapterRank>7</CSChapterRank><CSItem><CSItemCode>IT4031508</CSItemCode><CSItemName>Type</CSItemName><CSItemRank>1</CSItemRank><CSItemIsFreeFormat>0</CSItemIsFreeFormat><CSValue><CSValueCode>VA4071816</CSValueCode><CSValueName>H4</CSValueName><CSValueRank>15</CSValueRank></CSValue></CSItem><CSItem><CSItemCode>IT4031517</CSItemCode><CSItemName>Application</CSItemName><CSItemRank>2</CSItemRank><CSItemIsFreeFormat>0</CSItemIsFreeFormat><CSValue><CSValueCode>VA4071898</CSValueCode><CSValueName>High beam</CSValueName><CSValueRank>3</CSValueRank></CSValue><CSValue><CSValueCode>VA4071900</CSValueCode><CSValueName>Front fog light</CSValueName><CSValueRank>6</CSValueRank></CSValue><CSValue><CSValueCode>VA4071899</CSValueCode><CSValueName>Low beam</CSValueName><CSValueRank>14</CSValueRank></CSValue></CSItem><CSItem><CSItemCode>IT4031518</CSItemCode><CSItemName>Designation</CSItemName><CSItemRank>3</CSItemRank><CSItemIsFreeFormat>0</CSItemIsFreeFormat><CSValue><CSValueCode>VA4071950</CSValueCode><CSValueName>H4 LongLife EcoVision</CSValueName><CSValueRank>19</CSValueRank></CSValue></CSItem><CSItem><CSItemCode>IT4031521</CSItemCode><CSItemName>Homologation ECE</CSItemName><CSItemRank>4</CSItemRank><CSItemIsFreeFormat>0</CSItemIsFreeFormat><CSValue><CSValueCode>VA4072195</CSValueCode><CSValueName>YES</CSValueName><CSValueRank>8</CSValueRank></CSValue></CSItem><CSItem><CSItemCode>IT4031519</CSItemCode><CSItemName>Range</CSItemName><CSItemRank>5</CSItemRank><CSItemIsFreeFormat>0</CSItemIsFreeFormat><CSValue><CSValueCode>VA4072108</CSValueCode><CSValueName>LongLife EcoVision</CSValueName><CSValueRank>5</CSValueRank></CSValue></CSItem><CSItem><CSItemCode>IT4031500</CSItemCode><CSItemName>Technology</CSItemName><CSItemRank>6</CSItemRank><CSItemIsFreeFormat>0</CSItemIsFreeFormat><CSValue><CSValueCode>VA4071791</CSValueCode><CSValueName>Halogen</CSValueName><CSValueRank>7</CSValueRank></CSValue></CSItem><CSItem><CSItemCode>IT4031520</CSItemCode><CSItemName>Base</CSItemName><CSItemRank>7</CSItemRank><CSItemIsFreeFormat>0</CSItemIsFreeFormat><CSValue><CSValueCode>VA4072134</CSValueCode><CSValueName>P43t-38</CSValueName><CSValueRank>25</CSValueRank></CSValue></CSItem></CSChapter><CSChapter><CSChapterCode>CH4006501</CSChapterCode><CSChapterName>Packed product information</CSChapterName><CSChapterRank>8</CSChapterRank><CSItem><CSItemCode>IT4040439</CSItemCode><CSItemName>Pack Quantity</CSItemName><CSItemRank>1</CSItemRank><CSItemIsFreeFormat>1</CSItemIsFreeFormat><CSValue><CSValueCode>VA4094182</CSValueCode><CSValueName>1</CSValueName><CSValueRank>1</CSValueRank></CSValue></CSItem><CSItem><CSItemCode>IT4040440</CSItemCode><CSItemName>MOQ (for professionals)</CSItemName><CSItemRank>2</CSItemRank><CSItemIsFreeFormat>1</CSItemIsFreeFormat><CSValue><CSValueCode>VA4094183</CSValueCode><CSValueName>10</CSValueName><CSValueRank>1</CSValueRank></CSValue></CSItem><CSItem><CSItemCode>IT4031573</CSItemCode><CSItemName>Gross weight per piece</CSItemName><CSItemRank>3</CSItemRank><CSItemIsFreeFormat>0</CSItemIsFreeFormat><CSValue><CSValueCode>VA4073989</CSValueCode><CSValueName>42</CSValueName><CSValueRank>28</CSValueRank></CSValue><UnitOfMeasure><UnitOfMeasureCode>4000006</UnitOfMeasureCode><UnitOfMeasureName>-Grams</UnitOfMeasureName><UnitOfMeasureSymbol>g</UnitOfMeasureSymbol></UnitOfMeasure></CSItem><CSItem><CSItemCode>IT4031571</CSItemCode><CSItemName>Height</CSItemName><CSItemRank>4</CSItemRank><CSItemIsFreeFormat>0</CSItemIsFreeFormat><CSValue><CSValueCode>VA4073851</CSValueCode><CSValueName>13.5</CSValueName><CSValueRank>16</CSValueRank></CSValue><UnitOfMeasure><UnitOfMeasureCode>3000039</UnitOfMeasureCode><UnitOfMeasureName>centimeter</UnitOfMeasureName><UnitOfMeasureSymbol>cm</UnitOfMeasureSymbol></UnitOfMeasure></CSItem><CSItem><CSItemCode>IT4031651</CSItemCode><CSItemName>Length</CSItemName><CSItemRank>5</CSItemRank><CSItemIsFreeFormat>0</CSItemIsFreeFormat><CSValue><CSValueCode>VA4074475</CSValueCode><CSValueName>4.7</CSValueName><CSValueRank>23</CSValueRank></CSValue><UnitOfMeasure><UnitOfMeasureCode>3000039</UnitOfMeasureCode><UnitOfMeasureName>centimeter</UnitOfMeasureName><UnitOfMeasureSymbol>cm</UnitOfMeasureSymbol></UnitOfMeasure></CSItem><CSItem><CSItemCode>IT4031572</CSItemCode><CSItemName>Net weight per piece</CSItemName><CSItemRank>6</CSItemRank><CSItemIsFreeFormat>0</CSItemIsFreeFormat><CSValue><CSValueCode>VA4073890</CSValueCode><CSValueName>21.359</CSValueName><CSValueRank>27</CSValueRank></CSValue><UnitOfMeasure><UnitOfMeasureCode>4000006</UnitOfMeasureCode><UnitOfMeasureName>-Grams</UnitOfMeasureName><UnitOfMeasureSymbol>g</UnitOfMeasureSymbol></UnitOfMeasure></CSItem><CSItem><CSItemCode>IT4031535</CSItemCode><CSItemName>Width</CSItemName><CSItemRank>7</CSItemRank><CSItemIsFreeFormat>0</CSItemIsFreeFormat><CSValue><CSValueCode>VA4073822</CSValueCode><CSValueName>9.5</CSValueName><CSValueRank>22</CSValueRank></CSValue><UnitOfMeasure><UnitOfMeasureCode>3000039</UnitOfMeasureCode><UnitOfMeasureName>centimeter</UnitOfMeasureName><UnitOfMeasureSymbol>cm</UnitOfMeasureSymbol></UnitOfMeasure></CSItem></CSChapter><CSChapter><CSChapterCode>CH4006461</CSChapterCode><CSChapterName>Marketing specifications</CSChapterName><CSChapterRank>9</CSChapterRank><CSItem><CSItemCode>IT4031492</CSItemCode><CSItemName>Expected benefits</CSItemName><CSItemRank>1</CSItemRank><CSItemIsFreeFormat>0</CSItemIsFreeFormat><CSValue><CSValueCode>VA4071767</CSValueCode><CSValueName>Long lasting</CSValueName><CSValueRank>1</CSValueRank></CSValue></CSItem><CSItem><CSItemCode>IT4031498</CSItemCode><CSItemName>Product highlight</CSItemName><CSItemRank>2</CSItemRank><CSItemIsFreeFormat>0</CSItemIsFreeFormat><CSValue><CSValueCode>VA4099675</CSValueCode><CSValueName>Higher lifetime</CSValueName><CSValueRank>20</CSValueRank></CSValue></CSItem></CSChapter><Filters><Purpose type="Comparison"><Features><Feature code="F400058690" rank="1" referenceName="Change by pairs"/><Feature code="F400058687" rank="2" referenceName="Designed for multiple usage"/><Feature code="F400058848" rank="3" referenceName="Drive several times longer"/><Feature code="F400058693" rank="4" referenceName="ECE homlogation"/><Feature code="F400058694" rank="5" referenceName="High quality quartz glass"/><Feature code="F400058853" rank="6" referenceName="Reduced maintenance"/><Feature code="F400058695" rank="7" referenceName="Resistance against humidity"/><Feature code="F400058692" rank="8" referenceName="Rewarded Car lamps"/><Feature code="F400058696" rank="9" referenceName="UV Resistant"/><Feature code="F400058855" rank="10" referenceName="Reduce waste, drive greener"/><Feature code="F400082727" rank="11" referenceName="Car manufacturers' choice-are the"/><Feature code="F400082728" rank="12" referenceName="ECE homologation-Comply"/></Features><CSItems><CSItem code="IT4035591" rank="1" referenceName="Packaging Data - EAN3"/><CSItem code="IT4031552" rank="1" referenceName="Electrical characteristics - Voltage"/><CSItem code="IT4031525" rank="1" referenceName="Lifetime - Life time"/><CSItem code="IT4031553" rank="1" referenceName="Light characteristics - Lumens"/><CSItem code="IT4031526" rank="1" referenceName="Ordering information - Order entry"/><CSItem code="IT4031577" rank="1" referenceName="Outerpack information - Gross weight per piece"/><CSItem code="IT4031508" rank="1" referenceName="Product description - Type"/><CSItem code="IT4040439" rank="1" referenceName="Packed product information - Pack Quantity"/><CSItem code="IT4031492" rank="1" referenceName="Marketing specifications - Expected benefits"/><CSItem code="IT4035590" rank="2" referenceName="Packaging Data - EAN1"/><CSItem code="IT4031551" rank="2" referenceName="Electrical characteristics - Wattage"/><CSItem code="IT4031527" rank="2" referenceName="Ordering information - Ordering code"/><CSItem code="IT4031576" rank="2" referenceName="Outerpack information - Height"/><CSItem code="IT4031517" rank="2" referenceName="Product description - Application"/><CSItem code="IT4040440" rank="2" referenceName="Packed product information - MOQ (for professionals)"/><CSItem code="IT4031498" rank="2" referenceName="Marketing specifications - Product highlight"/><CSItem code="IT4000721" rank="3" referenceName="Packaging Data - Packaging type"/><CSItem code="IT4031574" rank="3" referenceName="Outerpack information - Length"/><CSItem code="IT4031518" rank="3" referenceName="Product description - Designation"/><CSItem code="IT4031573" rank="3" referenceName="Packed product information - Gross weight per piece"/><CSItem code="IT4031575" rank="4" referenceName="Outerpack information - Width"/><CSItem code="IT4031521" rank="4" referenceName="Product description - Homologation ECE"/><CSItem code="IT4031571" rank="4" referenceName="Packed product information - Height"/><CSItem code="IT4031519" rank="5" referenceName="Product description - Range"/><CSItem code="IT4031651" rank="5" referenceName="Packed product information - Length"/><CSItem code="IT4031500" rank="6" referenceName="Product description - Technology"/><CSItem code="IT4031572" rank="6" referenceName="Packed product information - Net weight per piece"/><CSItem code="IT4031520" rank="7" referenceName="Product description - Base"/><CSItem code="IT4031535" rank="7" referenceName="Packed product information - Width"/></CSItems></Purpose><Purpose type="Detail"><Features><Feature code="F400058690" rank="1" referenceName="Change by pairs"/><Feature code="F400058687" rank="2" referenceName="Designed for multiple usage"/><Feature code="F400058848" rank="3" referenceName="Drive several times longer"/><Feature code="F400058693" rank="4" referenceName="ECE homlogation"/><Feature code="F400058694" rank="5" referenceName="High quality quartz glass"/><Feature code="F400058853" rank="6" referenceName="Reduced maintenance"/><Feature code="F400058695" rank="7" referenceName="Resistance against humidity"/><Feature code="F400058692" rank="8" referenceName="Rewarded Car lamps"/><Feature code="F400058696" rank="9" referenceName="UV Resistant"/><Feature code="F400058855" rank="10" referenceName="Reduce waste, drive greener"/><Feature code="F400082727" rank="11" referenceName="Car manufacturers' choice-are the"/><Feature code="F400082728" rank="12" referenceName="ECE homologation-Comply"/></Features><CSItems><CSItem code="IT4035591" rank="1" referenceName="Packaging Data - EAN3"/><CSItem code="IT4031552" rank="1" referenceName="Electrical characteristics - Voltage"/><CSItem code="IT4031525" rank="1" referenceName="Lifetime - Life time"/><CSItem code="IT4031553" rank="1" referenceName="Light characteristics - Lumens"/><CSItem code="IT4031526" rank="1" referenceName="Ordering information - Order entry"/><CSItem code="IT4031577" rank="1" referenceName="Outerpack information - Gross weight per piece"/><CSItem code="IT4031508" rank="1" referenceName="Product description - Type"/><CSItem code="IT4040439" rank="1" referenceName="Packed product information - Pack Quantity"/><CSItem code="IT4031492" rank="1" referenceName="Marketing specifications - Expected benefits"/><CSItem code="IT4035590" rank="2" referenceName="Packaging Data - EAN1"/><CSItem code="IT4031551" rank="2" referenceName="Electrical characteristics - Wattage"/><CSItem code="IT4031527" rank="2" referenceName="Ordering information - Ordering code"/><CSItem code="IT4031576" rank="2" referenceName="Outerpack information - Height"/><CSItem code="IT4031517" rank="2" referenceName="Product description - Application"/><CSItem code="IT4040440" rank="2" referenceName="Packed product information - MOQ (for professionals)"/><CSItem code="IT4031498" rank="2" referenceName="Marketing specifications - Product highlight"/><CSItem code="IT4000721" rank="3" referenceName="Packaging Data - Packaging type"/><CSItem code="IT4031574" rank="3" referenceName="Outerpack information - Length"/><CSItem code="IT4031518" rank="3" referenceName="Product description - Designation"/><CSItem code="IT4031573" rank="3" referenceName="Packed product information - Gross weight per piece"/><CSItem code="IT4031575" rank="4" referenceName="Outerpack information - Width"/><CSItem code="IT4031521" rank="4" referenceName="Product description - Homologation ECE"/><CSItem code="IT4031571" rank="4" referenceName="Packed product information - Height"/><CSItem code="IT4031519" rank="5" referenceName="Product description - Range"/><CSItem code="IT4031651" rank="5" referenceName="Packed product information - Length"/><CSItem code="IT4031500" rank="6" referenceName="Product description - Technology"/><CSItem code="IT4031572" rank="6" referenceName="Packed product information - Net weight per piece"/><CSItem code="IT4031520" rank="7" referenceName="Product description - Base"/><CSItem code="IT4031535" rank="7" referenceName="Packed product information - Width"/></CSItems></Purpose></Filters><FeatureCompareGroups/><Disclaimers/><RichTexts/></Product></Products>