<?xml version="1.0" encoding="UTF-8"?><Products xmlns:source="http://apache.org/cocoon/source/1.0" DocStatus="approved" DocTimeStamp="2018-03-17T09:27:57"><Product Country="CN" IsAccessory="false" IsMaster="false" Locale="zh_CN" lastModified="2018-03-11T05:14:04" masterLastModified="2016-12-22T00:53:54"><CTN>SCF284/02</CTN><GTIN>08710103536628</GTIN><MarketingVersion>10.2.1</MarketingVersion><MarketingStatus>Final Published</MarketingStatus><CRDate>2011-02-25</CRDate><CRDateYW>201108</CRDateYW><ModelYears><ModelYear>2011</ModelYear></ModelYears><ProductDivision><ProductDivisionCode>0200</ProductDivisionCode><ProductDivisionName>Consumer Lifestyle</ProductDivisionName><FormerPDCode>0300</FormerPDCode></ProductDivision><ProductOwner>Mylan Chen</ProductOwner><DTN>SCF284/02</DTN><Catalog><StartOfPublication>2011-09-25T00:00:00</StartOfPublication><EndOfPublication>2019-03-25T00:00:00</EndOfPublication><StartOfSales>2011-09-25T00:00:00</StartOfSales><EndOfSales>2016-03-25T00:00:00</EndOfSales><DummyPrice>898</DummyPrice><Deleted>false</Deleted><DeleteAfterDate/><ProductRank>96</ProductRank></Catalog><FinancialCategorization><BusinessGroupCode>9050</BusinessGroupCode><BusinessGroupName>Health &amp; Wellness</BusinessGroupName><BusinessUnitCode>0362</BusinessUnitCode><BusinessUnitName>Mother &amp; Child Care</BusinessUnitName><MainArticleGroupCode>O38</MainArticleGroupCode><MainArticleGroupName>Healthy feeding</MainArticleGroupName><ArticleGroupCode>3188</ArticleGroupCode><ArticleGroupName>Sterilizers</ArticleGroupName></FinancialCategorization><Categorization type="CONSUMER"><GroupCode>MOTHER_AND_CHILD_CARE_GR</GroupCode><GroupName>Mother &amp; child care</GroupName><CategoryCode>MCC_BOTTLEWARMERS_STERILIZERS_CA</CategoryCode><CategoryName>Bottle warmers &amp; sterilizers</CategoryName><SubcategoryCode>MCC_STERILIZERS_SU2</SubcategoryCode><SubcategoryName>Baby bottle sterilizers</SubcategoryName></Categorization><Assets><Asset code="SCF284_02" description="User manual" extension="pdf" lastModified="2017-12-01" locale="zh_CN" number="001" type="DFU">http://download.p4c.philips.com/files/s/scf284_02/scf284_02_dfu_zhs.pdf</Asset><Asset code="SCF284_02" description="High Quality product movie 1" extension="mp4" lastModified="2011-07-08" locale="zh_CN" number="001" type="HQ1">http://download.p4c.philips.com/files/s/scf284_02/scf284_02_hq1_zhs.mp4</Asset><Asset code="SCF284_02" description="Important Information Manual" extension="pdf" lastModified="2017-03-22" locale="zh_CN" number="001" type="IIM">http://download.p4c.philips.com/files/s/scf284_02/scf284_02_iim_zhs.pdf</Asset><Asset code="SCF284_02" description="Product movie 1" extension="wmv" lastModified="2011-07-25" locale="zh_CN" number="001" type="PRM">http://download.p4c.philips.com/files/s/scf284_02/scf284_02_prm_zhs.wmv</Asset><Asset code="SCF284_02" description="Leaflet" extension="pdf" lastModified="2018-03-09" locale="zh_CN" number="001" type="PSS">http://download.p4c.philips.com/files/s/scf284_02/scf284_02_pss_zhscn.pdf</Asset><Asset code="SCF284_02" description="Alternative product photograph 1 - highres 2196x1795" extension="jpg" lastModified="2011-01-07" locale="global" number="001" type="A1P">http://images.philips.com/is/image/PhilipsConsumer/SCF284_02-A1P-global-001</Asset><Asset code="SCF284_02" description="Alternative product photograph 2 - highres 2196x1795" extension="jpg" lastModified="2011-01-07" locale="global" number="001" type="A2P">http://images.philips.com/is/image/PhilipsConsumer/SCF284_02-A2P-global-001</Asset><Asset code="SCF284_02" description="Alternative product photograph 3 - highres 2196x1795" extension="jpg" lastModified="2011-01-10" locale="global" number="001" type="A3P">http://images.philips.com/is/image/PhilipsConsumer/SCF284_02-A3P-global-001</Asset><Asset code="SCF284_02" description="Alternative product photograph - highres 2196x1795" extension="jpg" lastModified="2011-01-10" locale="global" number="001" type="APP">http://images.philips.com/is/image/PhilipsConsumer/SCF284_02-APP-global-001</Asset><Asset code="SCF284_02" description="Leaflet" extension="pdf" lastModified="2016-12-26" locale="global" number="001" type="PSS">http://download.p4c.philips.com/files/s/scf284_02/scf284_02_pss_.pdf</Asset><Asset code="SCF284_02" description="Standard product photograph - highres 2196x1795" extension="tif" lastModified="2014-03-17" locale="global" number="001" type="RTP">http://images.philips.com/is/image/PhilipsConsumer/SCF284_02-RTP-global-001</Asset><Asset code="SCF284_02" description="Single product shot" extension="" lastModified="2018-03-11" locale="zh_CN" number="" type="IMS">http://images.philips.com/is/image/PhilipsConsumer/SCF284_02-IMS-zh_CN</Asset><Asset code="SCF284_02" description="Product gallery image set" extension="" lastModified="2018-03-11" locale="zh_CN" number="" type="GAL">http://images.philips.com/is/image/PhilipsConsumer/SCF284_02-GAL-zh_CN</Asset><Asset code="SCF284_02" description="Product URL" extension="" lastModified="2018-03-11" locale="zh_CN" number="" type="URL">http://www.philips.com.cn/c-p/SCF284_02/avent-3-in-1-electric-steam-sterilizer</Asset><Asset code="AVE" description="Brand logo - highres 1476x886" extension="jpg" lastModified="2008-08-06" locale="global" number="001" type="BRP">http://images.philips.com/is/image/PhilipsConsumer/AVE-BRP-global-001</Asset><Asset code="F400072529_SCF284_02" description="Feature photograph - highres 2100x1170" extension="tif" lastModified="2015-10-31" locale="global" number="001" type="FIL">http://images.philips.com/is/image/PhilipsConsumer/F400072529_SCF284_02-FIL-global-001</Asset><Asset code="F400072535_SCF284_02" description="Feature photograph - highres 2100x1170" extension="tif" lastModified="2015-10-31" locale="global" number="001" type="FIL">http://images.philips.com/is/image/PhilipsConsumer/F400072535_SCF284_02-FIL-global-001</Asset><Asset code="F400072540_SCF284_02" description="Feature photograph - highres 2100x1170" extension="tif" lastModified="2015-10-31" locale="global" number="001" type="FIL">http://images.philips.com/is/image/PhilipsConsumer/F400072540_SCF284_02-FIL-global-001</Asset><Asset code="F400076020" description="Feature photograph - highres 2100x1170" extension="tif" lastModified="2015-10-31" locale="global" number="001" type="FIL">http://images.philips.com/is/image/PhilipsConsumer/F400076020-FIL-global-001</Asset><Asset code="F400076021" description="Feature photograph - highres 2100x1170" extension="tif" lastModified="2015-10-31" locale="global" number="001" type="FIL">http://images.philips.com/is/image/PhilipsConsumer/F400076021-FIL-global-001</Asset><Asset code="F400076022" description="Feature photograph - highres 2100x1170" extension="tif" lastModified="2015-10-31" locale="global" number="001" type="FIL">http://images.philips.com/is/image/PhilipsConsumer/F400076022-FIL-global-001</Asset><Asset code="GA_GREEN" description="needs to be blocked as code in CCR Global award logo - master" extension="eps" lastModified="2010-09-22" locale="global" number="001" type="GAL">GA_GREEN-GAL-global-001.eps</Asset><Asset code="GA_GREEN" description="Global award logo - highres 590x590" extension="tif" lastModified="2010-09-22" locale="global" number="001" type="GAP">http://images.philips.com/is/image/PhilipsConsumer/GA_GREEN-GAP-global-001</Asset><Asset code="PHI" description="Brand logo - highres 1476x886" extension="tif" lastModified="2016-02-18" locale="global" number="001" type="BRP">http://images.philips.com/is/image/PhilipsConsumer/PHI-BRP-global-001</Asset></Assets><ProductName>3 合 1 电子蒸汽消毒锅</ProductName><FullProductName>飞利浦新安怡 3 合 1电子蒸汽奶瓶消毒锅 SCF284/02 消灭 99.9% 的有害细菌 6 分钟即可消毒完毕 可容纳 6 个飞利浦新安怡奶瓶 可调节 3 合 1 设计</FullProductName><NamingString><MasterBrand><BrandCode>PHI</BrandCode><BrandName>Philips</BrandName></MasterBrand><Partner><PartnerBrand><BrandCode>AVE</BrandCode><BrandName>Avent</BrandName></PartnerBrand><PartnerBrandType>MakersMark</PartnerBrandType></Partner><BrandString>飞利浦新安怡</BrandString><Descriptor><DescriptorCode>D4025909</DescriptorCode><DescriptorName>3 合 1电子蒸汽奶瓶消毒锅</DescriptorName></Descriptor><Alphanumeric>SCF284/02</Alphanumeric><VersionElement1><VersionElementCode>V4039462</VersionElementCode><VersionElementName>消灭 99.9% 的有害细菌</VersionElementName></VersionElement1><VersionElement2><VersionElementCode>V4039470</VersionElementCode><VersionElementName>6 分钟即可消毒完毕</VersionElementName></VersionElement2><VersionElement3><VersionElementCode>V4039471</VersionElementCode><VersionElementName>可容纳 6 个飞利浦新安怡奶瓶</VersionElementName></VersionElement3><VersionElement4><VersionElementCode>V4039472</VersionElementCode><VersionElementName>可调节 3 合 1 设计</VersionElementName></VersionElement4><VersionString>消灭 99.9% 的有害细菌 6 分钟即可消毒完毕 可容纳 6 个飞利浦新安怡奶瓶 可调节 3 合 1 设计</VersionString><BrandedFeatureString/><DescriptorBrandedFeatureString>3 合 1电子蒸汽奶瓶消毒锅</DescriptorBrandedFeatureString></NamingString><WOW>方便而有效的消毒</WOW><SubWOW>灵活、易于放入</SubWOW><MarketingTextHeader>借助其可调节的尺寸，飞利浦新安怡 3 合 1 电子蒸汽消毒锅在占据较少厨房空间的同时，方便地装纳您需要消毒的物品，不论它是小小的奶嘴，还是满满一篮东西。</MarketingTextHeader><KeyBenefitArea><KeyBenefitAreaCode>K4030832</KeyBenefitAreaCode><KeyBenefitAreaName>节省空间的 3 合 1 设计</KeyBenefitAreaName><KeyBenefitAreaRank>1</KeyBenefitAreaRank><Feature><FeatureCode>F400076020</FeatureCode><FeatureReferenceName>Flexible 3-in-1 sterilizer (SCF284 - Sterilizers 2015)</FeatureReferenceName><FeatureName>灵活的 3 合 1 消毒锅</FeatureName><FeatureLongDescription>3 合 1 组合式消毒锅设计</FeatureLongDescription><FeatureGlossary>消毒锅的特别模块化设计可让您灵活地放入奶瓶和附件，并轻松进行摆放。放入和取出都非常方便。此外，它占用的厨房空间非常小。</FeatureGlossary><FeatureRank>1</FeatureRank><FeatureTopRank>1</FeatureTopRank></Feature></KeyBenefitArea><KeyBenefitArea><KeyBenefitAreaCode>K4030829</KeyBenefitAreaCode><KeyBenefitAreaName>使用天然蒸汽有效消毒</KeyBenefitAreaName><KeyBenefitAreaRank>2</KeyBenefitAreaRank><Feature><FeatureCode>F400072529_SCF284_02</FeatureCode><FeatureReferenceName>Natural steam sterilizing (Sterilizers 2015)</FeatureReferenceName><FeatureName>天然蒸汽消毒</FeatureName><FeatureLongDescription>天然蒸汽可消灭 99.9% 的有害细菌</FeatureLongDescription><FeatureGlossary>消毒锅使用天然蒸汽对婴儿奶瓶和其他产品进行消毒，可消灭 99.9% 的有害细菌，不使用任何化学物质。确保所有婴儿奶瓶和其他产品均经过消毒处理，让您完全放心。</FeatureGlossary><FeatureRank>1</FeatureRank><FeatureTopRank>2</FeatureTopRank></Feature><Feature><FeatureCode>F400076022</FeatureCode><FeatureReferenceName>Sterile for up to 24 hours (SCF284 - Sterilizers 2015)</FeatureReferenceName><FeatureName>保持消毒状态长达 24 小时</FeatureName><FeatureLongDescription>在不开盖的情况下，保持消毒状态长达 24 小时</FeatureLongDescription><FeatureGlossary>在不开盖的情况下，消毒锅里面的物品（婴儿奶瓶、吸乳器等）可保持消毒状态长达 24 小时。</FeatureGlossary><FeatureRank>2</FeatureRank><FeatureTopRank>3</FeatureTopRank></Feature><Feature><FeatureCode>F400072535_SCF284_02</FeatureCode><FeatureReferenceName>Fast sterilization (Sterilizers 2015)</FeatureReferenceName><FeatureName>快速消毒</FeatureName><FeatureLongDescription>快速周期和自动关熄功能</FeatureLongDescription><FeatureGlossary>消毒周期仅需 6 分钟。此后，消毒锅会自动关闭，为您提供快速体验，让您倍感安全。</FeatureGlossary><FeatureRank>3</FeatureRank><FeatureTopRank>4</FeatureTopRank></Feature></KeyBenefitArea><KeyBenefitArea><KeyBenefitAreaCode>K4030827</KeyBenefitAreaCode><KeyBenefitAreaName>适用于各种类型的奶瓶和其他产品</KeyBenefitAreaName><KeyBenefitAreaRank>3</KeyBenefitAreaRank><Feature><FeatureCode>F400076021</FeatureCode><FeatureReferenceName>Spacious design (SCF284 - Sterilizers 2015)</FeatureReferenceName><FeatureName>宽大设计</FeatureName><FeatureLongDescription>宽大设计</FeatureLongDescription><FeatureGlossary>一次可对 6 个 330 毫升/11 安士飞利浦新安怡经典系列和自然原生系列奶瓶进行消毒。</FeatureGlossary><FeatureRank>1</FeatureRank><FeatureTopRank>5</FeatureTopRank></Feature><Feature><FeatureCode>F400072533</FeatureCode><FeatureReferenceName>Works across bottle types (Sterilizers 2015)</FeatureReferenceName><FeatureName>兼容各种奶瓶</FeatureName><FeatureLongDescription>可对各种奶瓶、吸乳器及附件进行消毒</FeatureLongDescription><FeatureGlossary>消毒锅适合对标准口径和宽口径奶瓶进行消毒。也可用于吸乳器及附件等其他产品。</FeatureGlossary><FeatureRank>2</FeatureRank><FeatureTopRank>7</FeatureTopRank></Feature></KeyBenefitArea><KeyBenefitArea><KeyBenefitAreaCode>K4030833</KeyBenefitAreaCode><KeyBenefitAreaName>易于清洁，安全消毒</KeyBenefitAreaName><KeyBenefitAreaRank>4</KeyBenefitAreaRank><Feature><FeatureCode>F400072540_SCF284_02</FeatureCode><FeatureReferenceName>Open design (Sterilizers 2015)</FeatureReferenceName><FeatureName>开放式设计</FeatureName><FeatureLongDescription>易于清洁，安全消毒</FeatureLongDescription><FeatureGlossary>采用开放式设计，您可以轻松保持加热板洁净无尘，确保每次均使用清洁蒸汽进行消毒。</FeatureGlossary><FeatureRank>1</FeatureRank><FeatureTopRank>6</FeatureTopRank></Feature></KeyBenefitArea><FeatureImage><FeatureCode>F400076020</FeatureCode><FeatureReferenceName>Flexible 3-in-1 sterilizer (SCF284 - Sterilizers 2015)</FeatureReferenceName><FeatureImageRank>1</FeatureImageRank></FeatureImage><FeatureImage><FeatureCode>F400072529_SCF284_02</FeatureCode><FeatureReferenceName>Natural steam sterilizing (Sterilizers 2015)</FeatureReferenceName><FeatureImageRank>2</FeatureImageRank></FeatureImage><FeatureImage><FeatureCode>F400076022</FeatureCode><FeatureReferenceName>Sterile for up to 24 hours (SCF284 - Sterilizers 2015)</FeatureReferenceName><FeatureImageRank>3</FeatureImageRank></FeatureImage><FeatureImage><FeatureCode>F400072535_SCF284_02</FeatureCode><FeatureReferenceName>Fast sterilization (Sterilizers 2015)</FeatureReferenceName><FeatureImageRank>4</FeatureImageRank></FeatureImage><FeatureImage><FeatureCode>F400076021</FeatureCode><FeatureReferenceName>Spacious design (SCF284 - Sterilizers 2015)</FeatureReferenceName><FeatureImageRank>5</FeatureImageRank></FeatureImage><FeatureImage><FeatureCode>F400072540_SCF284_02</FeatureCode><FeatureReferenceName>Open design (Sterilizers 2015)</FeatureReferenceName><FeatureImageRank>6</FeatureImageRank></FeatureImage><FeatureImage><FeatureCode>F400072533</FeatureCode><FeatureReferenceName>Works across bottle types (Sterilizers 2015)</FeatureReferenceName><FeatureImageRank>7</FeatureImageRank></FeatureImage><FeatureHighlight><FeatureCode>F400076020</FeatureCode><FeatureReferenceName>Flexible 3-in-1 sterilizer (SCF284 - Sterilizers 2015)</FeatureReferenceName><FeatureHighlightRank>1</FeatureHighlightRank></FeatureHighlight><FeatureHighlight><FeatureCode>F400072529_SCF284_02</FeatureCode><FeatureReferenceName>Natural steam sterilizing (Sterilizers 2015)</FeatureReferenceName><FeatureHighlightRank>2</FeatureHighlightRank></FeatureHighlight><FeatureHighlight><FeatureCode>F400076022</FeatureCode><FeatureReferenceName>Sterile for up to 24 hours (SCF284 - Sterilizers 2015)</FeatureReferenceName><FeatureHighlightRank>3</FeatureHighlightRank></FeatureHighlight><FeatureHighlight><FeatureCode>F400072535_SCF284_02</FeatureCode><FeatureReferenceName>Fast sterilization (Sterilizers 2015)</FeatureReferenceName><FeatureHighlightRank>4</FeatureHighlightRank></FeatureHighlight><FeatureHighlight><FeatureCode>F400076021</FeatureCode><FeatureReferenceName>Spacious design (SCF284 - Sterilizers 2015)</FeatureReferenceName><FeatureHighlightRank>5</FeatureHighlightRank></FeatureHighlight><FeatureHighlight><FeatureCode>F400072540_SCF284_02</FeatureCode><FeatureReferenceName>Open design (Sterilizers 2015)</FeatureReferenceName><FeatureHighlightRank>6</FeatureHighlightRank></FeatureHighlight><FeatureHighlight><FeatureCode>F400072533</FeatureCode><FeatureReferenceName>Works across bottle types (Sterilizers 2015)</FeatureReferenceName><FeatureHighlightRank>7</FeatureHighlightRank></FeatureHighlight><CSChapter><CSChapterCode>CHA_0000021</CSChapterCode><CSChapterName>原产地</CSChapterName><CSChapterRank>1</CSChapterRank><CSItem><CSItemCode>S_0001744</CSItemCode><CSItemName>原产地</CSItemName><CSItemRank>1</CSItemRank><CSItemIsFreeFormat>1</CSItemIsFreeFormat><CSValue><CSValueCode>VA4008246</CSValueCode><CSValueName>土耳其</CSValueName><CSValueRank>1</CSValueRank></CSValue></CSItem></CSChapter><CSChapter><CSChapterCode>CHA_0000106</CSChapterCode><CSChapterName>包装内物品</CSChapterName><CSChapterRank>2</CSChapterRank><CSItem><CSItemCode>IT4038291</CSItemCode><CSItemName>电子蒸汽消毒锅</CSItemName><CSItemRank>1</CSItemRank><CSItemIsFreeFormat>1</CSItemIsFreeFormat><CSValue><CSValueCode>VA4089049</CSValueCode><CSValueName>1 件</CSValueName><CSValueRank>1</CSValueRank></CSValue></CSItem><CSItem><CSItemCode>S_0002472</CSItemCode><CSItemName>夹钳</CSItemName><CSItemRank>2</CSItemRank><CSItemIsFreeFormat>1</CSItemIsFreeFormat><CSValue><CSValueCode>VA4008676</CSValueCode><CSValueName>1</CSValueName><CSValueRank>1</CSValueRank></CSValue><UnitOfMeasure><UnitOfMeasureCode>4000023</UnitOfMeasureCode><UnitOfMeasureName>-件</UnitOfMeasureName><UnitOfMeasureSymbol>件</UnitOfMeasureSymbol></UnitOfMeasure></CSItem></CSChapter><CSChapter><CSChapterCode>3000821</CSChapterCode><CSChapterName>功率</CSChapterName><CSChapterRank>3</CSChapterRank><CSItem><CSItemCode>S_0002444</CSItemCode><CSItemName>电压</CSItemName><CSItemRank>1</CSItemRank><CSItemIsFreeFormat>1</CSItemIsFreeFormat><CSValue><CSValueCode>VA4008656</CSValueCode><CSValueName>220</CSValueName><CSValueRank>1</CSValueRank></CSValue><UnitOfMeasure><UnitOfMeasureCode>3000071</UnitOfMeasureCode><UnitOfMeasureName>伏</UnitOfMeasureName><UnitOfMeasureSymbol>伏</UnitOfMeasureSymbol></UnitOfMeasure></CSItem></CSChapter><CSChapter><CSChapterCode>CH4001529</CSChapterCode><CSChapterName>发育阶段</CSChapterName><CSChapterRank>4</CSChapterRank><CSItem><CSItemCode>IT4008016</CSItemCode><CSItemName>阶段</CSItemName><CSItemRank>1</CSItemRank><CSItemIsFreeFormat>0</CSItemIsFreeFormat><CSValue><CSValueCode>VA4021217</CSValueCode><CSValueName>0 至 6 个月</CSValueName><CSValueRank>6</CSValueRank></CSValue></CSItem></CSChapter><CSChapter><CSChapterCode>CHA_0000098</CSChapterCode><CSChapterName>材料</CSChapterName><CSChapterRank>5</CSChapterRank><CSItem><CSItemCode>IT4024576</CSItemCode><CSItemName>聚丙烯</CSItemName><CSItemRank>1</CSItemRank><CSItemIsFreeFormat>0</CSItemIsFreeFormat><CSValue><CSValueCode>VA4056153</CSValueCode><CSValueName>是</CSValueName><CSValueRank>5</CSValueRank></CSValue></CSItem></CSChapter><CSChapter><CSChapterCode>CHA_0000004</CSChapterCode><CSChapterName>重量和尺寸</CSChapterName><CSChapterRank>6</CSChapterRank><CSItem><CSItemCode>S_0002479</CSItemCode><CSItemName>尺寸</CSItemName><CSItemRank>1</CSItemRank><CSItemIsFreeFormat>1</CSItemIsFreeFormat><CSValue><CSValueCode>VA4008683</CSValueCode><CSValueName>290 x 160 x 150（宽 x 深 x 高）</CSValueName><CSValueRank>1</CSValueRank></CSValue><UnitOfMeasure><UnitOfMeasureCode>3000058</UnitOfMeasureCode><UnitOfMeasureName>毫米</UnitOfMeasureName><UnitOfMeasureSymbol>毫米</UnitOfMeasureSymbol></UnitOfMeasure></CSItem><CSItem><CSItemCode>S_0002484</CSItemCode><CSItemName>重量</CSItemName><CSItemRank>2</CSItemRank><CSItemIsFreeFormat>1</CSItemIsFreeFormat><CSValue><CSValueCode>VA4008684</CSValueCode><CSValueName>1.5</CSValueName><CSValueRank>1</CSValueRank></CSValue><UnitOfMeasure><UnitOfMeasureCode>3000049</UnitOfMeasureCode><UnitOfMeasureName>千克</UnitOfMeasureName><UnitOfMeasureSymbol>千克</UnitOfMeasureSymbol></UnitOfMeasure></CSItem></CSChapter><CSChapter><CSChapterCode>CH4000881</CSChapterCode><CSChapterName>兼容性</CSChapterName><CSChapterRank>8</CSChapterRank><CSItem><CSItemCode>IT4024574</CSItemCode><CSItemName>兼容飞利浦新安怡系列产品</CSItemName><CSItemRank>1</CSItemRank><CSItemIsFreeFormat>0</CSItemIsFreeFormat><CSValue><CSValueCode>VA4056151</CSValueCode><CSValueName>是</CSValueName><CSValueRank>4</CSValueRank></CSValue></CSItem></CSChapter><CSChapter><CSChapterCode>3000956</CSChapterCode><CSChapterName>技术规格</CSChapterName><CSChapterRank>9</CSChapterRank><CSItem><CSItemCode>S_0001937</CSItemCode><CSItemName>功耗</CSItemName><CSItemRank>1</CSItemRank><CSItemIsFreeFormat>1</CSItemIsFreeFormat><CSValue><CSValueCode>VA4008354</CSValueCode><CSValueName>650</CSValueName><CSValueRank>1</CSValueRank></CSValue><UnitOfMeasure><UnitOfMeasureCode>3000072</UnitOfMeasureCode><UnitOfMeasureName>瓦特</UnitOfMeasureName><UnitOfMeasureSymbol>瓦</UnitOfMeasureSymbol></UnitOfMeasure></CSItem><CSItem><CSItemCode>S_0000156</CSItemCode><CSItemName>电压</CSItemName><CSItemRank>2</CSItemRank><CSItemIsFreeFormat>1</CSItemIsFreeFormat><CSValue><CSValueCode>VA4007218</CSValueCode><CSValueName>50赫兹</CSValueName><CSValueRank>1</CSValueRank></CSValue></CSItem><CSItem><CSItemCode>3007769</CSItemCode><CSItemName>安全分级</CSItemName><CSItemRank>3</CSItemRank><CSItemIsFreeFormat>0</CSItemIsFreeFormat><CSValue><CSValueCode>3035695</CSValueCode><CSValueName>1 级</CSValueName><CSValueRank>2</CSValueRank></CSValue></CSItem></CSChapter><Filters><Purpose type="Comparison"><Features><Feature code="F400076020" rank="1" referenceName="Flexible 3-in-1 sterilizer (SCF284 - Sterilizers 2015)"/><Feature code="F400072529_SCF284_02" rank="2" referenceName="Natural steam sterilizing (Sterilizers 2015)"/><Feature code="F400076022" rank="3" referenceName="Sterile for up to 24 hours (SCF284 - Sterilizers 2015)"/><Feature code="F400072535_SCF284_02" rank="4" referenceName="Fast sterilization (Sterilizers 2015)"/><Feature code="F400076021" rank="5" referenceName="Spacious design (SCF284 - Sterilizers 2015)"/><Feature code="F400072540_SCF284_02" rank="6" referenceName="Open design (Sterilizers 2015)"/><Feature code="F400072533" rank="7" referenceName="Works across bottle types (Sterilizers 2015)"/></Features><CSItems><CSItem code="S_0001744" rank="1" referenceName="原产地 - 原产地"/><CSItem code="IT4038291" rank="1" referenceName="包装内物品 - 电子蒸汽消毒锅"/><CSItem code="S_0002444" rank="1" referenceName="功率 - 电压"/><CSItem code="IT4008016" rank="1" referenceName="发育阶段 - 阶段"/><CSItem code="IT4024576" rank="1" referenceName="材料 - 聚丙烯"/><CSItem code="S_0002479" rank="1" referenceName="重量和尺寸 - 尺寸"/><CSItem code="IT4024574" rank="1" referenceName="兼容性 - 兼容飞利浦新安怡系列产品"/><CSItem code="S_0001937" rank="1" referenceName="技术规格 - 功耗"/><CSItem code="S_0002472" rank="2" referenceName="包装内物品 - 夹钳"/><CSItem code="S_0002484" rank="2" referenceName="重量和尺寸 - 重量"/><CSItem code="S_0000156" rank="2" referenceName="技术规格 - 电压"/><CSItem code="3007769" rank="3" referenceName="技术规格 - 安全分级"/></CSItems></Purpose><Purpose type="Detail"><Features><Feature code="F400076020" rank="1" referenceName="Flexible 3-in-1 sterilizer (SCF284 - Sterilizers 2015)"/><Feature code="F400072529_SCF284_02" rank="2" referenceName="Natural steam sterilizing (Sterilizers 2015)"/><Feature code="F400076022" rank="3" referenceName="Sterile for up to 24 hours (SCF284 - Sterilizers 2015)"/><Feature code="F400072535_SCF284_02" rank="4" referenceName="Fast sterilization (Sterilizers 2015)"/><Feature code="F400076021" rank="5" referenceName="Spacious design (SCF284 - Sterilizers 2015)"/><Feature code="F400072540_SCF284_02" rank="6" referenceName="Open design (Sterilizers 2015)"/><Feature code="F400072533" rank="7" referenceName="Works across bottle types (Sterilizers 2015)"/></Features><CSItems><CSItem code="S_0001744" rank="1" referenceName="原产地 - 原产地"/><CSItem code="IT4038291" rank="1" referenceName="包装内物品 - 电子蒸汽消毒锅"/><CSItem code="S_0002444" rank="1" referenceName="功率 - 电压"/><CSItem code="IT4008016" rank="1" referenceName="发育阶段 - 阶段"/><CSItem code="IT4024576" rank="1" referenceName="材料 - 聚丙烯"/><CSItem code="S_0002479" rank="1" referenceName="重量和尺寸 - 尺寸"/><CSItem code="IT4024574" rank="1" referenceName="兼容性 - 兼容飞利浦新安怡系列产品"/><CSItem code="S_0001937" rank="1" referenceName="技术规格 - 功耗"/><CSItem code="S_0002472" rank="2" referenceName="包装内物品 - 夹钳"/><CSItem code="S_0002484" rank="2" referenceName="重量和尺寸 - 重量"/><CSItem code="S_0000156" rank="2" referenceName="技术规格 - 电压"/><CSItem code="3007769" rank="3" referenceName="技术规格 - 安全分级"/></CSItems></Purpose></Filters><FeatureCompareGroups/><Disclaimers/><Award AwardType="global"><AwardCode>GA_GREEN</AwardCode><AwardName>飞利浦绿色标志</AwardName><AwardDescription>飞利浦绿色产品可以降低成本、节省能源和减少二氧化碳排放。如何做到？它们在一个或多个飞利浦绿色焦点领域 – 能效、包装、有害物质、重量、回收和处理，还有使用寿命可靠性做出了显著的环保改善。</AwardDescription><AwardText>飞利浦绿色标志</AwardText><AwardRank>3</AwardRank></Award><ProductReference ProductReferenceType="Accessory"><CTN>CRP231/01</CTN><ProductReferenceRank>0</ProductReferenceRank></ProductReference><RichTexts/></Product></Products>