<?xml version="1.0" encoding="UTF-8"?><Products xmlns:source="http://apache.org/cocoon/source/1.0" DocStatus="approved" DocTimeStamp="2018-03-17T09:27:57"><Product Country="CN" IsAccessory="false" IsMaster="false" Locale="zh_CN" lastModified="2018-03-17T04:29:46" masterLastModified="2017-07-26T00:06:48"><CTN>SCF671/13</CTN><GTIN>08710103774686</GTIN><MarketingVersion>3.0.1</MarketingVersion><MarketingStatus>Final Published</MarketingStatus><CRDate>2016-02-12</CRDate><CRDateYW>201607</CRDateYW><ModelYears><ModelYear>2016</ModelYear></ModelYears><ProductDivision><ProductDivisionCode>0200</ProductDivisionCode><ProductDivisionName>Consumer Lifestyle</ProductDivisionName><FormerPDCode>0300</FormerPDCode></ProductDivision><ProductOwner>Benoit Caldei</ProductOwner><DTN>SCF671</DTN><Catalog><StartOfPublication>2016-10-10T00:00:00</StartOfPublication><EndOfPublication>2020-03-12T00:00:00</EndOfPublication><StartOfSales>2016-10-10T00:00:00</StartOfSales><EndOfSales>2020-03-12T00:00:00</EndOfSales><DummyPrice>129</DummyPrice><Deleted>false</Deleted><DeleteAfterDate/><ProductRank>50</ProductRank></Catalog><FinancialCategorization><BusinessGroupCode>9050</BusinessGroupCode><BusinessGroupName>Health &amp; Wellness</BusinessGroupName><BusinessUnitCode>0362</BusinessUnitCode><BusinessUnitName>Mother &amp; Child Care</BusinessUnitName><MainArticleGroupCode>O35</MainArticleGroupCode><MainArticleGroupName>Infant Feeding Solutions</MainArticleGroupName><ArticleGroupCode>3185</ArticleGroupCode><ArticleGroupName>Bottles</ArticleGroupName></FinancialCategorization><Categorization type="CONSUMER"><GroupCode>MOTHER_AND_CHILD_CARE_GR</GroupCode><GroupName>Mother &amp; child care</GroupName><CategoryCode>BABY_BOTTLES_AND_NIPPLES_CA</CategoryCode><CategoryName>Baby bottles &amp; nipples</CategoryName><SubcategoryCode>MCC_NATURAL_BOTTLES_SU</SubcategoryCode><SubcategoryName>Natural baby bottles</SubcategoryName></Categorization><Assets><Asset code="SCF671_13" description="User manual" extension="pdf" lastModified="2017-06-08" locale="zh_CN" number="001" type="DFU">http://download.p4c.philips.com/files/s/scf671_13/scf671_13_dfu_zhs.pdf</Asset><Asset code="SCF671_13" description="Leaflet" extension="pdf" lastModified="2018-03-14" locale="zh_CN" number="001" type="PSS">http://download.p4c.philips.com/files/s/scf671_13/scf671_13_pss_zhscn.pdf</Asset><Asset code="SCF671_13" description="Retail Trade Leaflet" extension="pdf" lastModified="2018-03-14" locale="zh_CN" number="001" type="RTL">http://download.p4c.philips.com/files/s/scf671_13/scf671_13_rtl_zhscn.pdf</Asset><Asset code="SCF671_13" description="Alternative product photograph - highres 2196x1795" extension="tif" lastModified="2016-03-25" locale="global" number="001" type="APP">http://images.philips.com/is/image/PhilipsConsumer/SCF671_13-APP-global-001</Asset><Asset code="SCF671_13" description="Product detail 1 - highres 2196x1795" extension="tif" lastModified="2016-03-29" locale="global" number="001" type="D1P">http://images.philips.com/is/image/PhilipsConsumer/SCF671_13-D1P-global-001</Asset><Asset code="SCF671_13" description="Product detail 2 - highres 2196x1795" extension="tif" lastModified="2016-04-04" locale="global" number="001" type="D2P">http://images.philips.com/is/image/PhilipsConsumer/SCF671_13-D2P-global-001</Asset><Asset code="SCF671_13" description="Emotional Benefit 1 - highres 2196x1795" extension="tif" lastModified="2018-03-13" locale="global" number="001" type="E1P">http://images.philips.com/is/image/PhilipsConsumer/SCF671_13-E1P-global-001</Asset><Asset code="SCF671_13" description="Emotional Benefit 2 - highres 2196x1795" extension="tif" lastModified="2016-03-29" locale="global" number="001" type="E2P">http://images.philips.com/is/image/PhilipsConsumer/SCF671_13-E2P-global-001</Asset><Asset code="SCF671_13" description="Emotional Benefit 3 - highres 2196x1795" extension="tif" lastModified="2016-03-29" locale="global" number="001" type="E3P">http://images.philips.com/is/image/PhilipsConsumer/SCF671_13-E3P-global-001</Asset><Asset code="SCF671_13" description="Emotional Benefit 4 - highres 2196x1795" extension="tif" lastModified="2016-03-29" locale="global" number="001" type="E4P">http://images.philips.com/is/image/PhilipsConsumer/SCF671_13-E4P-global-001</Asset><Asset code="SCF671_13" description="Leaflet" extension="pdf" lastModified="2017-07-26" locale="global" number="001" type="PSS">http://download.p4c.philips.com/files/s/scf671_13/scf671_13_pss_.pdf</Asset><Asset code="SCF671_13" description="Standard product photograph - highres 2196x1795" extension="tif" lastModified="2016-03-25" locale="global" number="001" type="RTP">http://images.philips.com/is/image/PhilipsConsumer/SCF671_13-RTP-global-001</Asset><Asset code="SCF671_13" description="Product In Use 1 - highres 2196x1795" extension="tif" lastModified="2016-04-04" locale="global" number="001" type="U1P">http://images.philips.com/is/image/PhilipsConsumer/SCF671_13-U1P-global-001</Asset><Asset code="SCF671_13" description="Product in use photograph - highres 2196x1795" extension="tif" lastModified="2016-04-04" locale="global" number="001" type="UPL">http://images.philips.com/is/image/PhilipsConsumer/SCF671_13-UPL-global-001</Asset><Asset code="SCF671_13" description="Single product shot" extension="" lastModified="2018-03-17" locale="zh_CN" number="" type="IMS">http://images.philips.com/is/image/PhilipsConsumer/SCF671_13-IMS-zh_CN</Asset><Asset code="SCF671_13" description="Product gallery image set" extension="" lastModified="2018-03-17" locale="zh_CN" number="" type="GAL">http://images.philips.com/is/image/PhilipsConsumer/SCF671_13-GAL-zh_CN</Asset><Asset code="SCF671_13" description="Product URL" extension="" lastModified="2018-03-17" locale="zh_CN" number="" type="URL">http://www.philips.com.cn/c-p/SCF671_13/avent-natural-glass-baby-bottle</Asset><Asset code="AVE" description="Brand logo - highres 1476x886" extension="jpg" lastModified="2008-08-06" locale="global" number="001" type="BRP">http://images.philips.com/is/image/PhilipsConsumer/AVE-BRP-global-001</Asset><Asset code="F400040115" description="Feature photograph - highres 2100x1170" extension="tif" lastModified="2012-03-12" locale="global" number="001" type="FIL">http://images.philips.com/is/image/PhilipsConsumer/F400040115-FIL-global-001</Asset><Asset code="F400040121" description="Feature photograph - highres 2100x1170" extension="tif" lastModified="2012-08-21" locale="global" number="001" type="FIL">http://images.philips.com/is/image/PhilipsConsumer/F400040121-FIL-global-001</Asset><Asset code="F400040121" description="Feature movie activation image big - 640 x 360" extension="jpg" lastModified="2016-05-04" locale="global" number="001" type="FMB">http://images.philips.com/is/image/PhilipsConsumer/F400040121-FMB-global-001</Asset><Asset code="F400043225" description="Feature photograph - highres 2100x1170" extension="tif" lastModified="2015-06-10" locale="global" number="001" type="FIL">http://images.philips.com/is/image/PhilipsConsumer/F400043225-FIL-global-001</Asset><Asset code="F400043463" description="Feature photograph - highres 2100x1170" extension="tif" lastModified="2013-02-25" locale="global" number="001" type="FIL">http://images.philips.com/is/image/PhilipsConsumer/F400043463-FIL-global-001</Asset><Asset code="F400077889" description="Feature photograph - highres 2100x1170" extension="tif" lastModified="2016-03-18" locale="global" number="001" type="FIL">http://images.philips.com/is/image/PhilipsConsumer/F400077889-FIL-global-001</Asset><Asset code="F400077890" description="Feature photograph - highres 2100x1170" extension="tif" lastModified="2016-04-04" locale="global" number="001" type="FIL">http://images.philips.com/is/image/PhilipsConsumer/F400077890-FIL-global-001</Asset><Asset code="F400077891" description="Feature photograph - highres 2100x1170" extension="tif" lastModified="2016-03-18" locale="global" number="001" type="FIL">http://images.philips.com/is/image/PhilipsConsumer/F400077891-FIL-global-001</Asset><Asset code="F400077893" description="Feature photograph - highres 2100x1170" extension="tif" lastModified="2016-04-04" locale="global" number="001" type="FIL">http://images.philips.com/is/image/PhilipsConsumer/F400077893-FIL-global-001</Asset><Asset code="F400078024" description="Feature photograph - highres 2100x1170" extension="tif" lastModified="2016-03-24" locale="global" number="001" type="FIL">http://images.philips.com/is/image/PhilipsConsumer/F400078024-FIL-global-001</Asset><Asset code="F400078028" description="Feature photograph - highres 2100x1170" extension="tif" lastModified="2016-03-24" locale="global" number="001" type="FIL">http://images.philips.com/is/image/PhilipsConsumer/F400078028-FIL-global-001</Asset><Asset code="GA_GREEN" description="needs to be blocked as code in CCR Global award logo - master" extension="eps" lastModified="2010-09-22" locale="global" number="001" type="GAL">GA_GREEN-GAL-global-001.eps</Asset><Asset code="GA_GREEN" description="Global award logo - highres 590x590" extension="tif" lastModified="2010-09-22" locale="global" number="001" type="GAP">http://images.philips.com/is/image/PhilipsConsumer/GA_GREEN-GAP-global-001</Asset><Asset code="PHI" description="Brand logo - highres 1476x886" extension="tif" lastModified="2016-02-18" locale="global" number="001" type="BRP">http://images.philips.com/is/image/PhilipsConsumer/PHI-BRP-global-001</Asset></Assets><ProductName>1 个奶瓶 4 安士/120 毫升 自然原生系列玻璃婴儿奶瓶</ProductName><FullProductName>飞利浦新安怡 自然顺畅玻璃婴儿奶瓶 SCF671 1 个奶瓶 4 安士/120 毫升 特柔新生儿慢流量奶嘴新生儿</FullProductName><NamingString><MasterBrand><BrandCode>PHI</BrandCode><BrandName>Philips</BrandName></MasterBrand><Partner><PartnerBrand><BrandCode>AVE</BrandCode><BrandName>Avent</BrandName></PartnerBrand><PartnerBrandType>MakersMark</PartnerBrandType></Partner><BrandString>飞利浦新安怡</BrandString><Descriptor><DescriptorCode>D4026414</DescriptorCode><DescriptorName>自然顺畅玻璃婴儿奶瓶</DescriptorName></Descriptor><Alphanumeric>SCF671</Alphanumeric><VersionElement1><VersionElementCode>V4040156</VersionElementCode><VersionElementName>1 个奶瓶</VersionElementName></VersionElement1><VersionElement2><VersionElementCode>V4024206</VersionElementCode><VersionElementName>4 安士/120 毫升</VersionElementName></VersionElement2><VersionElement3><VersionElementCode>V4041660</VersionElementCode><VersionElementName>特柔新生儿奶嘴</VersionElementName></VersionElement3><VersionElement4><VersionElementCode>V4005487</VersionElementCode><VersionElementName>新生儿</VersionElementName></VersionElement4><VersionString>1 个奶瓶 4 安士/120 毫升 特柔新生儿慢流量奶嘴新生儿</VersionString><BrandedFeatureString/><DescriptorBrandedFeatureString>自然顺畅玻璃婴儿奶瓶</DescriptorBrandedFeatureString></NamingString><WOW>自然的喂养感受</WOW><SubWOW>自然原生的吮吸方式</SubWOW><MarketingTextHeader>我们的新奶瓶采用令肌肤柔软的奶嘴材料和灵活的螺旋型设计，能够近似模仿乳房。舒适的吮吸和贴近母乳胸型奶嘴可实现自然原生的吮吸方式，且让宝宝容易接受母乳与奶瓶喂养交替进行的喂养方式。</MarketingTextHeader><KeyBenefitArea><KeyBenefitAreaCode>K4018834</KeyBenefitAreaCode><KeyBenefitAreaName>纯净安全</KeyBenefitAreaName><KeyBenefitAreaRank>1</KeyBenefitAreaRank><Feature><FeatureCode>F400043463</FeatureCode><FeatureReferenceName>Heat resistance</FeatureReferenceName><FeatureName>隔热</FeatureName><FeatureLongDescription>隔热</FeatureLongDescription><FeatureGlossary>自然原生系列玻璃奶瓶抗热冲击，因此可安全存储在冰箱中、适合加热并且可消毒。</FeatureGlossary><FeatureRank>1</FeatureRank><FeatureTopRank>1</FeatureTopRank></Feature><Feature><FeatureCode>F400043462</FeatureCode><FeatureReferenceName>Pharmaceutical grade glass</FeatureReferenceName><FeatureName>医用级玻璃</FeatureName><FeatureLongDescription>医用级玻璃</FeatureLongDescription><FeatureGlossary>完全可回收的优质高硼硅玻璃，确保高品质，打造高度纯净。</FeatureGlossary><FeatureRank>2</FeatureRank><FeatureTopRank>2</FeatureTopRank></Feature></KeyBenefitArea><KeyBenefitArea><KeyBenefitAreaCode>K4017956</KeyBenefitAreaCode><KeyBenefitAreaName>母乳与奶瓶的交互喂养可轻易实现</KeyBenefitAreaName><KeyBenefitAreaRank>2</KeyBenefitAreaRank><Feature><FeatureCode>F400077889</FeatureCode><FeatureReferenceName>Natural latch on - Galaxy - Spiral teat</FeatureReferenceName><FeatureName>自然原生的吮吸方式</FeatureName><FeatureLongDescription>贴近母乳胸型的奶嘴有利于宝宝以自然原生的方式进行吸吮</FeatureLongDescription><FeatureGlossary>贴近母乳胸型的奶嘴有利于宝宝以自然原生的方式进行吸吮。专为宝宝提供舒适、满足的哺喂体验。</FeatureGlossary><FeatureRank>1</FeatureRank><FeatureTopRank>3</FeatureTopRank></Feature><Feature><FeatureCode>F400077890</FeatureCode><FeatureReferenceName>Skin-soft teat - Galaxy - Spiral teat</FeatureReferenceName><FeatureName>肌肤般柔软的奶嘴</FeatureName><FeatureLongDescription>肌肤般柔软的奶嘴专为自然哺喂而设计</FeatureLongDescription><FeatureGlossary>令肌肤柔软的奶嘴材料近似模仿乳房的感觉，母乳与奶瓶的交互喂养可轻易实现。</FeatureGlossary><FeatureRank>2</FeatureRank><FeatureTopRank>4</FeatureTopRank></Feature><Feature><FeatureCode>F400077891</FeatureCode><FeatureReferenceName>Flexible spiral teat design - Galaxy - Spiral teat</FeatureReferenceName><FeatureName>灵活的螺旋型奶嘴设计</FeatureName><FeatureLongDescription>灵活的螺旋型设计与舒适的花瓣纹相结合</FeatureLongDescription><FeatureGlossary>螺旋型设计与我们舒适的奶嘴内的花瓣相结合，可增加柔软度和灵活性，从而实现自然的舌头运动，不会导致奶嘴扁塌。专为宝宝提供舒适、满足的哺喂体验。</FeatureGlossary><FeatureRank>3</FeatureRank><FeatureTopRank>5</FeatureTopRank></Feature></KeyBenefitArea><KeyBenefitArea><KeyBenefitAreaCode>K4018535</KeyBenefitAreaCode><KeyBenefitAreaName>排出宝宝肚子里的空气</KeyBenefitAreaName><KeyBenefitAreaRank>3</KeyBenefitAreaRank><Feature><FeatureCode>F400078028</FeatureCode><FeatureReferenceName>Anti-colic valve technology glass - Galaxy - Spiral teat</FeatureReferenceName><FeatureName>防胀气阀门技术</FeatureName><FeatureLongDescription>防胀气阀门技术</FeatureLongDescription><FeatureGlossary>可通过排出奶瓶内的空气而非排到宝宝的肚子里，来减少焦躁情绪和不适感。</FeatureGlossary><FeatureRank>1</FeatureRank><FeatureTopRank>6</FeatureTopRank></Feature></KeyBenefitArea><KeyBenefitArea><KeyBenefitAreaCode>K4018674</KeyBenefitAreaCode><KeyBenefitAreaName>其他优点</KeyBenefitAreaName><KeyBenefitAreaRank>4</KeyBenefitAreaRank><Feature><FeatureCode>F400077893</FeatureCode><FeatureReferenceName>Baby's changing needs - Galaxy - Spiral teat</FeatureReferenceName><FeatureName>宝宝不断变化的需要</FeatureName><FeatureLongDescription>专为宝宝不断变化的需求而设计</FeatureLongDescription><FeatureGlossary>飞利浦新安怡自然原生系列奶瓶提供 4 种尺寸和 7 种不同的奶嘴，适用于宝宝的每个成长阶段。具有不同的奶嘴柔软度、灵活性和设计、递增流量和奶瓶容量，伴随宝宝成长。</FeatureGlossary><FeatureRank>1</FeatureRank><FeatureTopRank>7</FeatureTopRank></Feature><Feature><FeatureCode>F400078024</FeatureCode><FeatureReferenceName>Ergonomic shape 9oz - Galaxy - Spiral teat</FeatureReferenceName><FeatureName>人体工程学形状</FeatureName><FeatureLongDescription>人体工程学形状，带来理想舒适度</FeatureLongDescription><FeatureGlossary>由于特殊的造型，奶瓶易于从任何方向抓握，带来理想舒适度，甚至适合宝宝的小手抓握。</FeatureGlossary><FeatureRank>2</FeatureRank><FeatureTopRank>8</FeatureTopRank></Feature><Feature><FeatureCode>F400040121</FeatureCode><FeatureReferenceName>Compatibility across the range</FeatureReferenceName><FeatureName>可互换使用</FeatureName><FeatureLongDescription>兼容飞利浦新安怡自然原生系列产品</FeatureLongDescription><FeatureGlossary>全新的飞利浦新安怡自然原生系列奶瓶适用于飞利浦新安怡系列产品，但不包括经典系列奶瓶和杯把手。建议自然原生系列奶瓶仅与自然原生系列奶嘴配合使用。</FeatureGlossary><FeatureRank>3</FeatureRank><FeatureTopRank>9</FeatureTopRank></Feature><Feature><FeatureCode>F400040115</FeatureCode><FeatureReferenceName>This bottle is BPA free*</FeatureReferenceName><FeatureName>此奶瓶不含双酚 A*</FeatureName><FeatureLongDescription>此奶瓶不含双酚 A*</FeatureLongDescription><FeatureGlossary>飞利浦新安怡自然原生系列奶瓶由不含双酚 A* 的材料（聚丙烯）制成。</FeatureGlossary><FeatureRank>4</FeatureRank><FeatureTopRank>10</FeatureTopRank></Feature><Feature><FeatureCode>F400043225</FeatureCode><FeatureReferenceName>Simple to use and clean</FeatureReferenceName><FeatureName>使用简单，清洁方便</FeatureName><FeatureLongDescription>易于使用和清洁、快速轻松地组装</FeatureLongDescription><FeatureGlossary>宽口径奶瓶便于灌装和清洁。只配备几个部件，便于快速组装。</FeatureGlossary><FeatureRank>5</FeatureRank><FeatureTopRank>11</FeatureTopRank></Feature></KeyBenefitArea><FeatureImage><FeatureCode>F400043463</FeatureCode><FeatureReferenceName>Heat resistance</FeatureReferenceName><FeatureImageRank>1</FeatureImageRank></FeatureImage><FeatureImage><FeatureCode>F400043462</FeatureCode><FeatureReferenceName>Pharmaceutical grade glass</FeatureReferenceName><FeatureImageRank>2</FeatureImageRank></FeatureImage><FeatureImage><FeatureCode>F400077889</FeatureCode><FeatureReferenceName>Natural latch on - Galaxy - Spiral teat</FeatureReferenceName><FeatureImageRank>3</FeatureImageRank></FeatureImage><FeatureImage><FeatureCode>F400077890</FeatureCode><FeatureReferenceName>Skin-soft teat - Galaxy - Spiral teat</FeatureReferenceName><FeatureImageRank>4</FeatureImageRank></FeatureImage><FeatureImage><FeatureCode>F400077891</FeatureCode><FeatureReferenceName>Flexible spiral teat design - Galaxy - Spiral teat</FeatureReferenceName><FeatureImageRank>5</FeatureImageRank></FeatureImage><FeatureImage><FeatureCode>F400078028</FeatureCode><FeatureReferenceName>Anti-colic valve technology glass - Galaxy - Spiral teat</FeatureReferenceName><FeatureImageRank>6</FeatureImageRank></FeatureImage><FeatureImage><FeatureCode>F400077893</FeatureCode><FeatureReferenceName>Baby's changing needs - Galaxy - Spiral teat</FeatureReferenceName><FeatureImageRank>7</FeatureImageRank></FeatureImage><FeatureImage><FeatureCode>F400078024</FeatureCode><FeatureReferenceName>Ergonomic shape 9oz - Galaxy - Spiral teat</FeatureReferenceName><FeatureImageRank>8</FeatureImageRank></FeatureImage><FeatureImage><FeatureCode>F400040121</FeatureCode><FeatureReferenceName>Compatibility across the range</FeatureReferenceName><FeatureImageRank>9</FeatureImageRank></FeatureImage><FeatureImage><FeatureCode>F400040115</FeatureCode><FeatureReferenceName>This bottle is BPA free*</FeatureReferenceName><FeatureImageRank>10</FeatureImageRank></FeatureImage><FeatureImage><FeatureCode>F400043225</FeatureCode><FeatureReferenceName>Simple to use and clean</FeatureReferenceName><FeatureImageRank>11</FeatureImageRank></FeatureImage><FeatureHighlight><FeatureCode>F400043463</FeatureCode><FeatureReferenceName>Heat resistance</FeatureReferenceName><FeatureHighlightRank>1</FeatureHighlightRank></FeatureHighlight><FeatureHighlight><FeatureCode>F400043462</FeatureCode><FeatureReferenceName>Pharmaceutical grade glass</FeatureReferenceName><FeatureHighlightRank>2</FeatureHighlightRank></FeatureHighlight><FeatureHighlight><FeatureCode>F400077889</FeatureCode><FeatureReferenceName>Natural latch on - Galaxy - Spiral teat</FeatureReferenceName><FeatureHighlightRank>3</FeatureHighlightRank></FeatureHighlight><FeatureHighlight><FeatureCode>F400077890</FeatureCode><FeatureReferenceName>Skin-soft teat - Galaxy - Spiral teat</FeatureReferenceName><FeatureHighlightRank>4</FeatureHighlightRank></FeatureHighlight><FeatureHighlight><FeatureCode>F400077891</FeatureCode><FeatureReferenceName>Flexible spiral teat design - Galaxy - Spiral teat</FeatureReferenceName><FeatureHighlightRank>5</FeatureHighlightRank></FeatureHighlight><FeatureHighlight><FeatureCode>F400078028</FeatureCode><FeatureReferenceName>Anti-colic valve technology glass - Galaxy - Spiral teat</FeatureReferenceName><FeatureHighlightRank>6</FeatureHighlightRank></FeatureHighlight><FeatureHighlight><FeatureCode>F400077893</FeatureCode><FeatureReferenceName>Baby's changing needs - Galaxy - Spiral teat</FeatureReferenceName><FeatureHighlightRank>7</FeatureHighlightRank></FeatureHighlight><FeatureHighlight><FeatureCode>F400078024</FeatureCode><FeatureReferenceName>Ergonomic shape 9oz - Galaxy - Spiral teat</FeatureReferenceName><FeatureHighlightRank>8</FeatureHighlightRank></FeatureHighlight><FeatureHighlight><FeatureCode>F400040121</FeatureCode><FeatureReferenceName>Compatibility across the range</FeatureReferenceName><FeatureHighlightRank>9</FeatureHighlightRank></FeatureHighlight><FeatureHighlight><FeatureCode>F400040115</FeatureCode><FeatureReferenceName>This bottle is BPA free*</FeatureReferenceName><FeatureHighlightRank>10</FeatureHighlightRank></FeatureHighlight><FeatureHighlight><FeatureCode>F400043225</FeatureCode><FeatureReferenceName>Simple to use and clean</FeatureReferenceName><FeatureHighlightRank>11</FeatureHighlightRank></FeatureHighlight><CSChapter><CSChapterCode>CHA_0000021</CSChapterCode><CSChapterName>原产地</CSChapterName><CSChapterRank>1</CSChapterRank><CSItem><CSItemCode>IT4040870</CSItemCode><CSItemName>法国</CSItemName><CSItemRank>1</CSItemRank><CSItemIsFreeFormat>0</CSItemIsFreeFormat><CSValue><CSValueCode>VA4095363</CSValueCode><CSValueName>是</CSValueName><CSValueRank>1</CSValueRank></CSValue></CSItem></CSChapter><CSChapter><CSChapterCode>CHA_0000098</CSChapterCode><CSChapterName>材料</CSChapterName><CSChapterRank>2</CSChapterRank><CSItem><CSItemCode>IT4022153</CSItemCode><CSItemName>奶瓶</CSItemName><CSItemRank>1</CSItemRank><CSItemIsFreeFormat>0</CSItemIsFreeFormat><CSValue><CSValueCode>VA4082039</CSValueCode><CSValueName>玻璃</CSValueName><CSValueRank>1</CSValueRank></CSValue><CSValue><CSValueCode>VA4052668</CSValueCode><CSValueName>不含双酚 A*</CSValueName><CSValueRank>2</CSValueRank></CSValue></CSItem><CSItem><CSItemCode>IT4022154</CSItemCode><CSItemName>奶嘴</CSItemName><CSItemRank>2</CSItemRank><CSItemIsFreeFormat>0</CSItemIsFreeFormat><CSValue><CSValueCode>VA4052669</CSValueCode><CSValueName>硅胶</CSValueName><CSValueRank>1</CSValueRank></CSValue><CSValue><CSValueCode>VA4052670</CSValueCode><CSValueName>不含双酚 A*</CSValueName><CSValueRank>2</CSValueRank></CSValue></CSItem></CSChapter><CSChapter><CSChapterCode>CHA_0000106</CSChapterCode><CSChapterName>包装内物品</CSChapterName><CSChapterRank>3</CSChapterRank><CSItem><CSItemCode>IT4003502</CSItemCode><CSItemName>婴儿奶瓶</CSItemName><CSItemRank>1</CSItemRank><CSItemIsFreeFormat>1</CSItemIsFreeFormat><CSValue><CSValueCode>VA4012463</CSValueCode><CSValueName>1</CSValueName><CSValueRank>1</CSValueRank></CSValue><UnitOfMeasure><UnitOfMeasureCode>4000023</UnitOfMeasureCode><UnitOfMeasureName>-件</UnitOfMeasureName><UnitOfMeasureSymbol>件</UnitOfMeasureSymbol></UnitOfMeasure></CSItem></CSChapter><CSChapter><CSChapterCode>CH4001527</CSChapterCode><CSChapterName>奶瓶</CSChapterName><CSChapterRank>4</CSChapterRank><CSItem><CSItemCode>IT4008012</CSItemCode><CSItemName>材料</CSItemName><CSItemRank>1</CSItemRank><CSItemIsFreeFormat>0</CSItemIsFreeFormat><CSValue><CSValueCode>VA4050181</CSValueCode><CSValueName>不含双酚 A*</CSValueName><CSValueRank>1</CSValueRank></CSValue></CSItem></CSChapter><CSChapter><CSChapterCode>3001096</CSChapterCode><CSChapterName>设计</CSChapterName><CSChapterRank>5</CSChapterRank><CSItem><CSItemCode>IT4008013</CSItemCode><CSItemName>奶瓶设计</CSItemName><CSItemRank>1</CSItemRank><CSItemIsFreeFormat>0</CSItemIsFreeFormat><CSValue><CSValueCode>VA4050183</CSValueCode><CSValueName>人体工程学形状</CSValueName><CSValueRank>1</CSValueRank></CSValue><CSValue><CSValueCode>VA4020039</CSValueCode><CSValueName>宽口径</CSValueName><CSValueRank>2</CSValueRank></CSValue></CSItem></CSChapter><CSChapter><CSChapterCode>CH4001524</CSChapterCode><CSChapterName>操作简易</CSChapterName><CSChapterRank>6</CSChapterRank><CSItem><CSItemCode>IT4022151</CSItemCode><CSItemName>奶瓶使用</CSItemName><CSItemRank>1</CSItemRank><CSItemIsFreeFormat>0</CSItemIsFreeFormat><CSValue><CSValueCode>VA4052661</CSValueCode><CSValueName>易于抓握</CSValueName><CSValueRank>1</CSValueRank></CSValue><CSValue><CSValueCode>VA4052662</CSValueCode><CSValueName>易于组装</CSValueName><CSValueRank>2</CSValueRank></CSValue><CSValue><CSValueCode>VA4052663</CSValueCode><CSValueName>易于清洗</CSValueName><CSValueRank>3</CSValueRank></CSValue></CSItem></CSChapter><CSChapter><CSChapterCode>CH4001529</CSChapterCode><CSChapterName>发育阶段</CSChapterName><CSChapterRank>7</CSChapterRank><CSItem><CSItemCode>IT4008016</CSItemCode><CSItemName>阶段</CSItemName><CSItemRank>1</CSItemRank><CSItemIsFreeFormat>0</CSItemIsFreeFormat><CSValue><CSValueCode>VA4020048</CSValueCode><CSValueName>0-6 个月</CSValueName><CSValueRank>1</CSValueRank></CSValue></CSItem></CSChapter><CSChapter><CSChapterCode>CH4001528</CSChapterCode><CSChapterName>功能</CSChapterName><CSChapterRank>9</CSChapterRank><CSItem><CSItemCode>IT4025392</CSItemCode><CSItemName>吸吮</CSItemName><CSItemRank>1</CSItemRank><CSItemIsFreeFormat>0</CSItemIsFreeFormat><CSValue><CSValueCode>VA4058943</CSValueCode><CSValueName>自然原生的吮吸方式</CSValueName><CSValueRank>1</CSValueRank></CSValue><CSValue><CSValueCode>VA4058945</CSValueCode><CSValueName>便于母乳与奶瓶交互喂养</CSValueName><CSValueRank>2</CSValueRank></CSValue></CSItem><CSItem><CSItemCode>IT4025393</CSItemCode><CSItemName>奶嘴</CSItemName><CSItemRank>2</CSItemRank><CSItemIsFreeFormat>0</CSItemIsFreeFormat><CSValue><CSValueCode>VA4058946</CSValueCode><CSValueName>花瓣纹奶嘴，舒适的吮吸</CSValueName><CSValueRank>1</CSValueRank></CSValue><CSValue><CSValueCode>VA4058947</CSValueCode><CSValueName>超柔软、灵活的奶嘴</CSValueName><CSValueRank>2</CSValueRank></CSValue></CSItem><CSItem><CSItemCode>IT4008014</CSItemCode><CSItemName>防胀气阀门</CSItemName><CSItemRank>3</CSItemRank><CSItemIsFreeFormat>0</CSItemIsFreeFormat><CSValue><CSValueCode>VA4050184</CSValueCode><CSValueName>先进的防胀气系统</CSValueName><CSValueRank>1</CSValueRank></CSValue></CSItem></CSChapter><Filters><Purpose type="Comparison"><Features><Feature code="F400043463" rank="1" referenceName="Heat resistance"/><Feature code="F400043462" rank="2" referenceName="Pharmaceutical grade glass"/><Feature code="F400077889" rank="3" referenceName="Natural latch on - Galaxy - Spiral teat"/><Feature code="F400077890" rank="4" referenceName="Skin-soft teat - Galaxy - Spiral teat"/><Feature code="F400077891" rank="5" referenceName="Flexible spiral teat design - Galaxy - Spiral teat"/><Feature code="F400078028" rank="6" referenceName="Anti-colic valve technology glass - Galaxy - Spiral teat"/><Feature code="F400077893" rank="7" referenceName="Baby's changing needs - Galaxy - Spiral teat"/><Feature code="F400078024" rank="8" referenceName="Ergonomic shape 9oz - Galaxy - Spiral teat"/><Feature code="F400040121" rank="9" referenceName="Compatibility across the range"/><Feature code="F400040115" rank="10" referenceName="This bottle is BPA free*"/><Feature code="F400043225" rank="11" referenceName="Simple to use and clean"/></Features><CSItems><CSItem code="IT4040870" rank="1" referenceName="原产地 - 法国"/><CSItem code="IT4022153" rank="1" referenceName="材料 - 奶瓶"/><CSItem code="IT4003502" rank="1" referenceName="包装内物品 - 婴儿奶瓶"/><CSItem code="IT4008012" rank="1" referenceName="奶瓶 - 材料"/><CSItem code="IT4008013" rank="1" referenceName="设计 - 奶瓶设计"/><CSItem code="IT4022151" rank="1" referenceName="操作简易 - 奶瓶使用"/><CSItem code="IT4008016" rank="1" referenceName="发育阶段 - 阶段"/><CSItem code="IT4025392" rank="1" referenceName="功能 - 吸吮"/><CSItem code="IT4022154" rank="2" referenceName="材料 - 奶嘴"/><CSItem code="IT4025393" rank="2" referenceName="功能 - 奶嘴"/><CSItem code="IT4008014" rank="3" referenceName="功能 - 防胀气阀门"/></CSItems></Purpose><Purpose type="Detail"><Features><Feature code="F400043463" rank="1" referenceName="Heat resistance"/><Feature code="F400043462" rank="2" referenceName="Pharmaceutical grade glass"/><Feature code="F400077889" rank="3" referenceName="Natural latch on - Galaxy - Spiral teat"/><Feature code="F400077890" rank="4" referenceName="Skin-soft teat - Galaxy - Spiral teat"/><Feature code="F400077891" rank="5" referenceName="Flexible spiral teat design - Galaxy - Spiral teat"/><Feature code="F400078028" rank="6" referenceName="Anti-colic valve technology glass - Galaxy - Spiral teat"/><Feature code="F400077893" rank="7" referenceName="Baby's changing needs - Galaxy - Spiral teat"/><Feature code="F400078024" rank="8" referenceName="Ergonomic shape 9oz - Galaxy - Spiral teat"/><Feature code="F400040121" rank="9" referenceName="Compatibility across the range"/><Feature code="F400040115" rank="10" referenceName="This bottle is BPA free*"/><Feature code="F400043225" rank="11" referenceName="Simple to use and clean"/></Features><CSItems><CSItem code="IT4040870" rank="1" referenceName="原产地 - 法国"/><CSItem code="IT4022153" rank="1" referenceName="材料 - 奶瓶"/><CSItem code="IT4003502" rank="1" referenceName="包装内物品 - 婴儿奶瓶"/><CSItem code="IT4008012" rank="1" referenceName="奶瓶 - 材料"/><CSItem code="IT4008013" rank="1" referenceName="设计 - 奶瓶设计"/><CSItem code="IT4022151" rank="1" referenceName="操作简易 - 奶瓶使用"/><CSItem code="IT4008016" rank="1" referenceName="发育阶段 - 阶段"/><CSItem code="IT4025392" rank="1" referenceName="功能 - 吸吮"/><CSItem code="IT4022154" rank="2" referenceName="材料 - 奶嘴"/><CSItem code="IT4025393" rank="2" referenceName="功能 - 奶嘴"/><CSItem code="IT4008014" rank="3" referenceName="功能 - 防胀气阀门"/></CSItems></Purpose></Filters><FeatureCompareGroups/><Disclaimers><Disclaimer code="DIS40003321" rank="1" referenceName="BPA disclaimer - Following EU directive"><DisclaimerText>不含双酚 A，遵循欧盟规定 10/2011</DisclaimerText><DisclaimElements/></Disclaimer></Disclaimers><Award AwardType="global"><AwardCode>GA_GREEN</AwardCode><AwardName>飞利浦绿色标志</AwardName><AwardDescription>飞利浦绿色产品可以降低成本、节省能源和减少二氧化碳排放。如何做到？它们在一个或多个飞利浦绿色焦点领域 – 能效、包装、有害物质、重量、回收和处理，还有使用寿命可靠性做出了显著的环保改善。</AwardDescription><AwardText>飞利浦绿色标志</AwardText><AwardRank>3</AwardRank></Award><ProductReference ProductReferenceType="Accessory"><CTN>SCF135/06</CTN><ProductReferenceRank>0</ProductReferenceRank></ProductReference><ProductReference ProductReferenceType="Accessory"><CTN>SCF135/07</CTN><ProductReferenceRank>0</ProductReferenceRank></ProductReference><ProductReference ProductReferenceType="Accessory"><CTN>SCF135/08</CTN><ProductReferenceRank>0</ProductReferenceRank></ProductReference><ProductReference ProductReferenceType="Accessory"><CTN>SCF135/09</CTN><ProductReferenceRank>0</ProductReferenceRank></ProductReference><ProductReference ProductReferenceType="Accessory"><CTN>SCF142/00</CTN><ProductReferenceRank>0</ProductReferenceRank></ProductReference><ProductReference ProductReferenceType="Accessory"><CTN>SCF145/06</CTN><ProductReferenceRank>0</ProductReferenceRank></ProductReference><ProductReference ProductReferenceType="Accessory"><CTN>SCF145/07</CTN><ProductReferenceRank>0</ProductReferenceRank></ProductReference><ProductReference ProductReferenceType="Accessory"><CTN>SCF145/08</CTN><ProductReferenceRank>0</ProductReferenceRank></ProductReference><ProductReference ProductReferenceType="Accessory"><CTN>SCF145/09</CTN><ProductReferenceRank>0</ProductReferenceRank></ProductReference><ProductReference ProductReferenceType="Accessory"><CTN>SCF145/18</CTN><ProductReferenceRank>0</ProductReferenceRank></ProductReference><ProductReference ProductReferenceType="Accessory"><CTN>SCF146/02</CTN><ProductReferenceRank>0</ProductReferenceRank></ProductReference><ProductReference ProductReferenceType="Accessory"><CTN>SCF147/82</CTN><ProductReferenceRank>0</ProductReferenceRank></ProductReference><ProductReference ProductReferenceType="Accessory"><CTN>SCF148/52</CTN><ProductReferenceRank>0</ProductReferenceRank></ProductReference><ProductReference ProductReferenceType="Accessory"><CTN>SCF149/00</CTN><ProductReferenceRank>0</ProductReferenceRank></ProductReference><ProductReference ProductReferenceType="Accessory"><CTN>SCF164/00</CTN><ProductReferenceRank>0</ProductReferenceRank></ProductReference><ProductReference ProductReferenceType="Accessory"><CTN>SCF175/11</CTN><ProductReferenceRank>0</ProductReferenceRank></ProductReference><ProductReference ProductReferenceType="Accessory"><CTN>SCF651/23</CTN><ProductReferenceRank>0</ProductReferenceRank></ProductReference><ProductReference ProductReferenceType="Accessory"><CTN>SCF651/27</CTN><ProductReferenceRank>0</ProductReferenceRank></ProductReference><ProductReference ProductReferenceType="Accessory"><CTN>SCF652/23</CTN><ProductReferenceRank>0</ProductReferenceRank></ProductReference><ProductReference ProductReferenceType="Accessory"><CTN>SCF652/27</CTN><ProductReferenceRank>0</ProductReferenceRank></ProductReference><ProductReference ProductReferenceType="Accessory"><CTN>SCF653/23</CTN><ProductReferenceRank>0</ProductReferenceRank></ProductReference><ProductReference ProductReferenceType="Accessory"><CTN>SCF653/27</CTN><ProductReferenceRank>0</ProductReferenceRank></ProductReference><ProductReference ProductReferenceType="Accessory"><CTN>SCF654/23</CTN><ProductReferenceRank>0</ProductReferenceRank></ProductReference><ProductReference ProductReferenceType="Accessory"><CTN>SCF654/27</CTN><ProductReferenceRank>0</ProductReferenceRank></ProductReference><ProductReference ProductReferenceType="Accessory"><CTN>SCF655/23</CTN><ProductReferenceRank>0</ProductReferenceRank></ProductReference><ProductReference ProductReferenceType="Accessory"><CTN>SCF655/27</CTN><ProductReferenceRank>0</ProductReferenceRank></ProductReference><ProductReference ProductReferenceType="Accessory"><CTN>SCF656/23</CTN><ProductReferenceRank>0</ProductReferenceRank></ProductReference><ProductReference ProductReferenceType="Accessory"><CTN>SCF656/27</CTN><ProductReferenceRank>0</ProductReferenceRank></ProductReference><ProductReference ProductReferenceType="Accessory"><CTN>SCF657/23</CTN><ProductReferenceRank>0</ProductReferenceRank></ProductReference><ProductReference ProductReferenceType="Accessory"><CTN>SCF657/25</CTN><ProductReferenceRank>0</ProductReferenceRank></ProductReference><ProductReference ProductReferenceType="Accessory"><CTN>SCF657/27</CTN><ProductReferenceRank>0</ProductReferenceRank></ProductReference><ProductReference ProductReferenceType="Accessory"><CTN>SCF658/23</CTN><ProductReferenceRank>0</ProductReferenceRank></ProductReference><ProductReference ProductReferenceType="Accessory"><CTN>SCF675/01</CTN><ProductReferenceRank>0</ProductReferenceRank></ProductReference><RichTexts/></Product></Products>