<?xml version="1.0" encoding="UTF-8"?><Products xmlns:source="http://apache.org/cocoon/source/1.0" DocStatus="approved" DocTimeStamp="2018-03-17T09:27:57"><Product Country="CN" IsAccessory="false" IsMaster="false" Locale="zh_CN" lastModified="2018-03-13T04:30:58" masterLastModified="2018-03-09T00:33:52"><CTN>HX9944/02</CTN><GTIN>06947265412664</GTIN><MarketingVersion>9.0.1</MarketingVersion><MarketingStatus>Final Published</MarketingStatus><CRDate>2016-11-11</CRDate><CRDateYW>201646</CRDateYW><ModelYears><ModelYear>2017</ModelYear></ModelYears><ProductDivision><ProductDivisionCode>0200</ProductDivisionCode><ProductDivisionName>Consumer Lifestyle</ProductDivisionName><FormerPDCode>0300</FormerPDCode></ProductDivision><ProductOwner>Ovgu Tok</ProductOwner><DTN>HX9944/02</DTN><Catalog><StartOfPublication>2017-08-01T00:00:00</StartOfPublication><EndOfPublication>2020-12-11T00:00:00</EndOfPublication><StartOfSales>2017-08-01T00:00:00</StartOfSales><EndOfSales>2020-12-11T00:00:00</EndOfSales><DummyPrice>1699</DummyPrice><Deleted>false</Deleted><DeleteAfterDate/><ProductRank>50</ProductRank></Catalog><FinancialCategorization><BusinessGroupCode>9050</BusinessGroupCode><BusinessGroupName>Health &amp; Wellness</BusinessGroupName><BusinessUnitCode>0331</BusinessUnitCode><BusinessUnitName>Philips Oral Healthcare</BusinessUnitName><MainArticleGroupCode>E10</MainArticleGroupCode><MainArticleGroupName>Rech. Toothbrushes</MainArticleGroupName><ArticleGroupCode>8180</ArticleGroupCode><ArticleGroupName>Premium - Shanghai</ArticleGroupName></FinancialCategorization><Categorization type="CONSUMER"><GroupCode>PERSONAL_CARE_GR</GroupCode><GroupName>Personal care</GroupName><CategoryCode>TOOTHBRUSHES_CA</CategoryCode><CategoryName>Electric toothbrushes</CategoryName><SubcategoryCode>DIAMONDCLEAN_SMART_SU</SubcategoryCode><SubcategoryName>DiamondClean Smart</SubcategoryName></Categorization><Assets><Asset code="HX9944_02" description="High Quality product movie 1" extension="mp4" lastModified="2017-06-28" locale="zh_CN" number="001" type="HQ1">http://download.p4c.philips.com/files/h/hx9944_02/hx9944_02_hq1_zhs.mp4</Asset><Asset code="HX9944_02" description="Product movie 1" extension="flv" lastModified="2017-06-28" locale="zh_CN" number="001" type="PRM">http://download.p4c.philips.com/files/h/hx9944_02/hx9944_02_prm_zhs.flv</Asset><Asset code="HX9944_02" description="Leaflet" extension="pdf" lastModified="2018-03-11" locale="zh_CN" number="001" type="PSS">http://download.p4c.philips.com/files/h/hx9944_02/hx9944_02_pss_zhscn.pdf</Asset><Asset code="HX9944_02" description="Retail Trade Leaflet" extension="pdf" lastModified="2018-03-11" locale="zh_CN" number="001" type="RTL">http://download.p4c.philips.com/files/h/hx9944_02/hx9944_02_rtl_zhscn.pdf</Asset><Asset code="HX9944_02" description="Alternative product photograph 1 - highres 2196x1795" extension="tif" lastModified="2017-03-05" locale="global" number="001" type="A1P">http://images.philips.com/is/image/PhilipsConsumer/HX9944_02-A1P-global-001</Asset><Asset code="HX9944_02" description="Alternative product photograph 2 - highres 2196x1795" extension="tif" lastModified="2017-02-07" locale="global" number="001" type="A2P">http://images.philips.com/is/image/PhilipsConsumer/HX9944_02-A2P-global-001</Asset><Asset code="HX9944_02" description="Alternative product photograph 3 - highres 2196x1795" extension="tif" lastModified="2017-03-18" locale="global" number="001" type="A3P">http://images.philips.com/is/image/PhilipsConsumer/HX9944_02-A3P-global-001</Asset><Asset code="HX9944_02" description="Alternative product photograph - highres 2196x1795" extension="tif" lastModified="2017-02-07" locale="global" number="001" type="APP">http://images.philips.com/is/image/PhilipsConsumer/HX9944_02-APP-global-001</Asset><Asset code="HX9944_02" description="Emotional benefit photograph - highres 514x514" extension="tif" lastModified="2017-03-20" locale="global" number="001" type="BPP">http://images.philips.com/is/image/PhilipsConsumer/HX9944_02-BPP-global-001</Asset><Asset code="HX9944_02" description="Product detail 1 - highres 2196x1795" extension="tif" lastModified="2017-02-07" locale="global" number="001" type="D1P">http://images.philips.com/is/image/PhilipsConsumer/HX9944_02-D1P-global-001</Asset><Asset code="HX9944_02" description="Product detail 2 - highres 2196x1795" extension="tif" lastModified="2017-03-03" locale="global" number="001" type="D2P">http://images.philips.com/is/image/PhilipsConsumer/HX9944_02-D2P-global-001</Asset><Asset code="HX9944_02" description="Main in-use photograph - highres 2480x1462" extension="tif" lastModified="2017-03-20" locale="global" number="001" type="MI1">http://images.philips.com/is/image/PhilipsConsumer/HX9944_02-MI1-global-001</Asset><Asset code="HX9944_02" description="Leaflet" extension="pdf" lastModified="2018-03-09" locale="global" number="001" type="PSS">http://download.p4c.philips.com/files/h/hx9944_02/hx9944_02_pss_.pdf</Asset><Asset code="HX9944_02" description="Standard product photograph - highres 2196x1795" extension="tif" lastModified="2017-05-15" locale="global" number="001" type="RTP">http://images.philips.com/is/image/PhilipsConsumer/HX9944_02-RTP-global-001</Asset><Asset code="HX9944_02" description="Product In Use 1 - highres 2196x1795" extension="tif" lastModified="2017-03-20" locale="global" number="001" type="U1P">http://images.philips.com/is/image/PhilipsConsumer/HX9944_02-U1P-global-001</Asset><Asset code="HX9944_02" description="Product In Use 2 - highres 2196x1795" extension="tif" lastModified="2017-05-08" locale="global" number="001" type="U2P">http://images.philips.com/is/image/PhilipsConsumer/HX9944_02-U2P-global-001</Asset><Asset code="HX9944_02" description="Single product shot" extension="" lastModified="2018-03-13" locale="zh_CN" number="" type="IMS">http://images.philips.com/is/image/PhilipsConsumer/HX9944_02-IMS-zh_CN</Asset><Asset code="HX9944_02" description="Product gallery image set" extension="" lastModified="2018-03-13" locale="zh_CN" number="" type="GAL">http://images.philips.com/is/image/PhilipsConsumer/HX9944_02-GAL-zh_CN</Asset><Asset code="HX9944_02" description="Product URL" extension="" lastModified="2018-03-13" locale="zh_CN" number="" type="URL">http://www.philips.com.cn/c-p/HX9944_02/sonicare-diamondclean-smart-sonic-electric-toothbrush-with-app</Asset><Asset code="F400081206" description="Feature photograph - highres 2100x1170" extension="tif" lastModified="2017-02-10" locale="global" number="001" type="FIL">http://images.philips.com/is/image/PhilipsConsumer/F400081206-FIL-global-001</Asset><Asset code="F400081499" description="Feature photograph - highres 2100x1170" extension="tif" lastModified="2017-02-14" locale="global" number="001" type="FIL">http://images.philips.com/is/image/PhilipsConsumer/F400081499-FIL-global-001</Asset><Asset code="F400081502" description="Feature photograph - highres 2100x1170" extension="tif" lastModified="2017-02-14" locale="global" number="001" type="FIL">http://images.philips.com/is/image/PhilipsConsumer/F400081502-FIL-global-001</Asset><Asset code="F400081504" description="Feature photograph - highres 2100x1170" extension="tif" lastModified="2017-03-02" locale="global" number="001" type="FIL">http://images.philips.com/is/image/PhilipsConsumer/F400081504-FIL-global-001</Asset><Asset code="F400081505" description="Feature photograph - highres 2100x1170" extension="tif" lastModified="2017-02-14" locale="global" number="001" type="FIL">http://images.philips.com/is/image/PhilipsConsumer/F400081505-FIL-global-001</Asset><Asset code="F400081506" description="Feature photograph - highres 2100x1170" extension="tif" lastModified="2017-02-14" locale="global" number="001" type="FIL">http://images.philips.com/is/image/PhilipsConsumer/F400081506-FIL-global-001</Asset><Asset code="F400081509" description="Feature photograph - highres 2100x1170" extension="tif" lastModified="2017-02-10" locale="global" number="001" type="FIL">http://images.philips.com/is/image/PhilipsConsumer/F400081509-FIL-global-001</Asset><Asset code="F400081510" description="Feature photograph - highres 2100x1170" extension="tif" lastModified="2017-02-14" locale="global" number="001" type="FIL">http://images.philips.com/is/image/PhilipsConsumer/F400081510-FIL-global-001</Asset><Asset code="F400081511" description="Feature photograph - highres 2100x1170" extension="tif" lastModified="2017-02-14" locale="global" number="001" type="FIL">http://images.philips.com/is/image/PhilipsConsumer/F400081511-FIL-global-001</Asset><Asset code="F400081514" description="Feature photograph - highres 2100x1170" extension="tif" lastModified="2017-02-10" locale="global" number="001" type="FIL">http://images.philips.com/is/image/PhilipsConsumer/F400081514-FIL-global-001</Asset><Asset code="F400081516" description="Feature photograph - highres 2100x1170" extension="tif" lastModified="2017-03-02" locale="global" number="001" type="FIL">http://images.philips.com/is/image/PhilipsConsumer/F400081516-FIL-global-001</Asset><Asset code="F400081518" description="Feature photograph - highres 2100x1170" extension="tif" lastModified="2017-02-14" locale="global" number="001" type="FIL">http://images.philips.com/is/image/PhilipsConsumer/F400081518-FIL-global-001</Asset><Asset code="F400081989" description="Feature photograph - highres 2100x1170" extension="tif" lastModified="2017-03-02" locale="global" number="001" type="FIL">http://images.philips.com/is/image/PhilipsConsumer/F400081989-FIL-global-001</Asset><Asset code="PHI" description="Brand logo - highres 1476x886" extension="tif" lastModified="2016-02-18" locale="global" number="001" type="BRP">http://images.philips.com/is/image/PhilipsConsumer/PHI-BRP-global-001</Asset><Asset code="SB40008471" description="Concept logo - lowres 198x198" extension="tif" lastModified="2017-02-02" locale="global" number="001" type="CLL">http://images.philips.com/is/image/PhilipsConsumer/SB40008471-CLL-global-001</Asset><Asset code="SON" description="Brand logo - highres 1476x886" extension="jpg" lastModified="2012-02-02" locale="global" number="001" type="BRP">http://images.philips.com/is/image/PhilipsConsumer/SON-BRP-global-001</Asset></Assets><ProductName>声波震动牙刷与应用程序</ProductName><FullProductName>飞利浦 Sonicare DiamondClean Smart 声波震动牙刷与应用程序 HX9944/02 个性化辅导 精锐感知科技智能刷头感应 5 种模式、3 种强度</FullProductName><NamingString><MasterBrand><BrandCode>PHI</BrandCode><BrandName>Philips</BrandName></MasterBrand><Partner><PartnerBrand><BrandCode>SON</BrandCode><BrandName>Sonicare</BrandName></PartnerBrand><PartnerBrandType>MakersMark</PartnerBrandType></Partner><BrandString>飞利浦 Sonicare</BrandString><Family><FamilyCode>SB40008471</FamilyCode><FamilyName>DiamondClean Smart</FamilyName><FamilyNameUsed>1</FamilyNameUsed></Family><Descriptor><DescriptorCode>D4027772</DescriptorCode><DescriptorName>声波震动牙刷与应用程序</DescriptorName></Descriptor><Alphanumeric>HX9944/02</Alphanumeric><VersionElement1><VersionElementCode>V4041703</VersionElementCode><VersionElementName>个性化辅导</VersionElementName></VersionElement1><VersionElement2><VersionElementCode>V4043889</VersionElementCode><VersionElementName>精锐感知科技</VersionElementName></VersionElement2><VersionElement3><VersionElementCode>V4043890</VersionElementCode><VersionElementName>智能刷头感应</VersionElementName></VersionElement3><VersionElement4><VersionElementCode>V4043891</VersionElementCode><VersionElementName>5 种模式、3 种强度</VersionElementName></VersionElement4><VersionString>个性化辅导 精锐感知科技智能刷头感应 5 种模式、3 种强度</VersionString><BrandedFeatureString/><DescriptorBrandedFeatureString>声波震动牙刷与应用程序</DescriptorBrandedFeatureString></NamingString><WOW>我们最出色的牙刷，为您带来全面的口腔护理</WOW><SubWOW>100% 全面呵护，让您自信十足</SubWOW><MarketingTextHeader>钻石亮白智能系列是我们最出色的牙刷，可以带来全面护理。四个高性能刷头可让患者关注口腔健康的所有领域，并且我们的智能传感器技术将给予个性化反馈和辅导。</MarketingTextHeader><KeyBenefitArea><KeyBenefitAreaCode>K4034168</KeyBenefitAreaCode><KeyBenefitAreaName>效果非凡，专为患者的口腔健康需求打造</KeyBenefitAreaName><KeyBenefitAreaRank>1</KeyBenefitAreaRank><Feature><FeatureCode>F400081511</FeatureCode><FeatureReferenceName>Removes 10x more plaque* for a deep clean [Shanghai]</FeatureReferenceName><FeatureName>彻底告别牙菌斑</FeatureName><FeatureLongDescription>清除高达 10 倍以上的牙菌斑*适合深层清洁</FeatureLongDescription><FeatureGlossary>智臻牙菌斑控制刷头是我们最深层清洁的刷头。柔软的弹性侧边使刷毛紧密贴合到每颗牙齿的表面，带来 4 倍以上的接触面贴合度并从难以触及的部位去除多达 10 倍以上的牙菌斑*。</FeatureGlossary><FeatureRank>1</FeatureRank><FeatureTopRank>1</FeatureTopRank></Feature><Feature><FeatureCode>F400081206</FeatureCode><FeatureReferenceName>Up to 7x healthier gums* in just 2 weeks [Shanghai]</FeatureReferenceName><FeatureName>呵护您的牙龈</FeatureName><FeatureLongDescription>2 周提升牙龈健康高达 7 倍*</FeatureLongDescription><FeatureGlossary>卡入智臻牙龈保健刷头，改善您的牙龈健康。其刷毛尺寸更小，专门针对牙龈线，可轻柔但高效地清洁牙龈线，也就是牙龈疾病开始的地方。临床试验证明，这种刷头可减少牙龈发炎*，只需两周，即提升牙龈健康高达 7 倍。*</FeatureGlossary><FeatureRank>2</FeatureRank><FeatureTopRank>2</FeatureTopRank></Feature><Feature><FeatureCode>F400081514</FeatureCode><FeatureReferenceName>Remove up to 5x more stains* in just 3 days [Shanghai]</FeatureReferenceName><FeatureName>智臻亮白刷头</FeatureName><FeatureLongDescription>3 天清除多达 5 倍以上牙渍*</FeatureLongDescription><FeatureGlossary>智臻亮白刷头是我们最适合去除牙齿色斑的刷头。其去渍刷毛密集排列在中央，临床证明，3 天清除多达 5 倍以上牙渍*。</FeatureGlossary><FeatureRank>3</FeatureRank><FeatureTopRank>3</FeatureTopRank></Feature><Feature><FeatureCode>F400081516</FeatureCode><FeatureReferenceName>Supports long-lasting clean breath [Shanghai DP white]</FeatureReferenceName><FeatureName>舌苔清洁刷头</FeatureName><FeatureLongDescription>长久保持清新口气</FeatureLongDescription><FeatureGlossary>舌苔清洁刷头配有 240 个舌苔软胶触点，是为了清洁舌苔柔软多孔的表面而专门设计的。灵活的舌苔软胶触点紧密贴合舌脊和凹槽，并轻轻清洁这些部位，以去除细菌积聚物，并促进飞利浦 BreathRx 舌头喷雾剂更深层杀菌。小巧的外形可让患者舒适地清洁整个舌头。</FeatureGlossary><FeatureRank>4</FeatureRank><FeatureTopRank>4</FeatureTopRank></Feature></KeyBenefitArea><KeyBenefitArea><KeyBenefitAreaCode>K4034171</KeyBenefitAreaCode><KeyBenefitAreaName>智能传感器技术为您提供个性化的反馈</KeyBenefitAreaName><KeyBenefitAreaRank>2</KeyBenefitAreaRank><Feature><FeatureCode>F400081506</FeatureCode><FeatureReferenceName>Helps patients start to take better [Shanghai DP white]</FeatureReferenceName><FeatureName>重点部位和目标设定</FeatureName><FeatureLongDescription>有助于患者开始更好地护理有问题的部位</FeatureLongDescription><FeatureGlossary>如果您确定患者口腔中的特定部位由于形成牙菌斑、牙龈萎缩或任何其他问题而需要特别注意，钻石亮白智能系列有助于对抗有问题的部位。患者可在飞利浦 Sonicare 应用程序中的个性化立体口腔图中将这些部位突显出来，并接收提醒以便在每次刷牙时为这些部位提供所需的额外护理。飞利浦 Sonicare 应用程序保留了刷牙数据的动态历史记录，因此，患者可以轻松地查看其性能、跟踪进度并改进日常口腔定期护理。</FeatureGlossary><FeatureRank>1</FeatureRank><FeatureTopRank>5</FeatureTopRank></Feature><Feature><FeatureCode>F400081499</FeatureCode><FeatureReferenceName>Tracks and improves patients' coverage [Shanghai DP white]</FeatureReferenceName><FeatureName>智能定位感应</FeatureName><FeatureLongDescription>跟踪并改进患者的覆盖范围</FeatureLongDescription><FeatureGlossary>钻石亮白智能系列定位感应可使患者了解刷的较少的部位，以实现更好的覆盖范围。如果患者在刷牙时始终忘记一些部位，定位感应会提醒他们注意这些部位。</FeatureGlossary><FeatureRank>5</FeatureRank><FeatureTopRank>6</FeatureTopRank></Feature><Feature><FeatureCode>F400081504</FeatureCode><FeatureReferenceName>Guides patients to reduce scrubbing [Shanghai DP white]</FeatureReferenceName><FeatureName>智能摩擦感应</FeatureName><FeatureLongDescription>引导患者减少用力刷牙</FeatureLongDescription><FeatureGlossary>有了电动牙刷，患者应该让牙刷完成刷牙工作，而不是采用用力刷牙的动作。钻石亮白智能系列采用智能摩擦感应，有助于引导患者减少用力刷牙，从而优化刷牙技巧，达到更柔和的清洁效果。</FeatureGlossary><FeatureRank>3</FeatureRank><FeatureTopRank>7</FeatureTopRank></Feature><Feature><FeatureCode>F400081502</FeatureCode><FeatureReferenceName>Alerts patients when brushing too hard [Shanghai DP white]</FeatureReferenceName><FeatureName>智能力度感应</FeatureName><FeatureLongDescription>如果刷牙太过用力，可提醒患者</FeatureLongDescription><FeatureGlossary>您的患者可能不会注意到他们刷牙太过用力，但钻石亮白智能系列会注意到这一点。如果他们施加过大压力，直觉压力传感器将使牙刷柄轻微震动，这样您便可以确切地知道何时应该更轻柔。研究表明，得益于压力感应器，10 个刷牙太过用力的人中有 7 人成功减轻了刷牙压力。</FeatureGlossary><FeatureRank>2</FeatureRank><FeatureTopRank>11</FeatureTopRank></Feature><Feature><FeatureCode>F400081505</FeatureCode><FeatureReferenceName>A second chance to clean missed spots [Shanghai DP white]</FeatureReferenceName><FeatureName>补刷提醒功能</FeatureName><FeatureLongDescription>可再次清洁错过的部位</FeatureLongDescription><FeatureGlossary>如果您的患者在刷牙期间错过了某些部位，钻石亮白智能系列的补刷提醒功能可使其返回再刷一遍，并立即清洁错过的部位，以实现更完整的清洁。</FeatureGlossary><FeatureRank>4</FeatureRank><FeatureTopRank>12</FeatureTopRank></Feature></KeyBenefitArea><KeyBenefitArea><KeyBenefitAreaCode>K4034170</KeyBenefitAreaCode><KeyBenefitAreaName>直观的刷牙体验</KeyBenefitAreaName><KeyBenefitAreaRank>3</KeyBenefitAreaRank><Feature><FeatureCode>F400081509</FeatureCode><FeatureReferenceName>Brush heads sync with optimal mode [Shanghai DP white]</FeatureReferenceName><FeatureName>BrushSync 模式配对</FeatureName><FeatureLongDescription>刷头与模式同步，带来卓越效果</FeatureLongDescription><FeatureGlossary>无论其口腔护理有何需求，钻石亮白智能系列均可帮助患者实现这些需求。刷头中的微芯片会告知钻石亮白智能系列他们使用的是哪种模式和强度。因此，如果他们卡入牙龈保健刷头，他们的牙刷知道应选择优化模式和强度，为他们的牙龈提供轻柔高效的护理。他们所要做的就是按下电源按钮。</FeatureGlossary><FeatureRank>1</FeatureRank><FeatureTopRank>8</FeatureTopRank></Feature><Feature><FeatureCode>F400081510</FeatureCode><FeatureReferenceName>Make sure patients get the most [Shanghai DP white]</FeatureReferenceName><FeatureName>智能更换提醒</FeatureName><FeatureLongDescription>确保患者更好地利用刷头</FeatureLongDescription><FeatureGlossary>在正常使用几个月，牙刷头会逐渐磨损并失去硬度。结合来自智能刷头感应和牙刷头中微芯片数据的算法会为患者提供每个牙刷头准确的更换提醒。飞利浦 Sonicare 应用程序包括智能刷头性能监测器，可根据患者实际的刷牙时间和用力程度来有效跟踪牙刷头。它会告诉患者何时需要更换牙刷头，以便他们获得持久的最佳效果。他们还可以从应用程序中订购备用牙刷头。</FeatureGlossary><FeatureRank>2</FeatureRank><FeatureTopRank>9</FeatureTopRank></Feature><Feature><FeatureCode>F400081518</FeatureCode><FeatureReferenceName>Offers 5 modes, 3 intensity settings [Shanghai DP White]</FeatureReferenceName><FeatureName>5 种模式、3 种强度设置</FeatureName><FeatureLongDescription>提供 5 种模式、3 种强度设置</FeatureLongDescription><FeatureGlossary>提供五种刷牙模式（清洁、亮白+、深层清洁+、牙龈保健、舌苔清洁+）和三种强度设置（低、中、高），您的患者可以个性化其刷牙体验，以达到极佳的舒适度和完整清洁效果。有关各型号的更详细信息，请参阅“规格”。</FeatureGlossary><FeatureRank>3</FeatureRank><FeatureTopRank>10</FeatureTopRank></Feature><Feature><FeatureCode>F400081989</FeatureCode><FeatureReferenceName>Premium travel case [Shanghai DP white, NO GLASS]</FeatureReferenceName><FeatureName>优质旅行收藏盒</FeatureName><FeatureLongDescription>优质旅行收藏盒</FeatureLongDescription><FeatureGlossary>我们的优质旅行收藏盒使患者可以在外出时卫生地存储牙刷。充满一次电，患者可以正常使用两周。</FeatureGlossary><FeatureRank>4</FeatureRank><FeatureTopRank>13</FeatureTopRank></Feature></KeyBenefitArea><FeatureImage><FeatureCode>F400081511</FeatureCode><FeatureReferenceName>Removes 10x more plaque* for a deep clean [Shanghai]</FeatureReferenceName><FeatureImageRank>1</FeatureImageRank></FeatureImage><FeatureImage><FeatureCode>F400081206</FeatureCode><FeatureReferenceName>Up to 7x healthier gums* in just 2 weeks [Shanghai]</FeatureReferenceName><FeatureImageRank>2</FeatureImageRank></FeatureImage><FeatureImage><FeatureCode>F400081514</FeatureCode><FeatureReferenceName>Remove up to 5x more stains* in just 3 days [Shanghai]</FeatureReferenceName><FeatureImageRank>3</FeatureImageRank></FeatureImage><FeatureImage><FeatureCode>F400081516</FeatureCode><FeatureReferenceName>Supports long-lasting clean breath [Shanghai DP white]</FeatureReferenceName><FeatureImageRank>4</FeatureImageRank></FeatureImage><FeatureImage><FeatureCode>F400081506</FeatureCode><FeatureReferenceName>Helps patients start to take better [Shanghai DP white]</FeatureReferenceName><FeatureImageRank>5</FeatureImageRank></FeatureImage><FeatureImage><FeatureCode>F400081499</FeatureCode><FeatureReferenceName>Tracks and improves patients' coverage [Shanghai DP white]</FeatureReferenceName><FeatureImageRank>6</FeatureImageRank></FeatureImage><FeatureImage><FeatureCode>F400081504</FeatureCode><FeatureReferenceName>Guides patients to reduce scrubbing [Shanghai DP white]</FeatureReferenceName><FeatureImageRank>7</FeatureImageRank></FeatureImage><FeatureImage><FeatureCode>F400081509</FeatureCode><FeatureReferenceName>Brush heads sync with optimal mode [Shanghai DP white]</FeatureReferenceName><FeatureImageRank>8</FeatureImageRank></FeatureImage><FeatureImage><FeatureCode>F400081510</FeatureCode><FeatureReferenceName>Make sure patients get the most [Shanghai DP white]</FeatureReferenceName><FeatureImageRank>9</FeatureImageRank></FeatureImage><FeatureImage><FeatureCode>F400081518</FeatureCode><FeatureReferenceName>Offers 5 modes, 3 intensity settings [Shanghai DP White]</FeatureReferenceName><FeatureImageRank>10</FeatureImageRank></FeatureImage><FeatureImage><FeatureCode>F400081502</FeatureCode><FeatureReferenceName>Alerts patients when brushing too hard [Shanghai DP white]</FeatureReferenceName><FeatureImageRank>11</FeatureImageRank></FeatureImage><FeatureImage><FeatureCode>F400081505</FeatureCode><FeatureReferenceName>A second chance to clean missed spots [Shanghai DP white]</FeatureReferenceName><FeatureImageRank>12</FeatureImageRank></FeatureImage><FeatureImage><FeatureCode>F400081989</FeatureCode><FeatureReferenceName>Premium travel case [Shanghai DP white, NO GLASS]</FeatureReferenceName><FeatureImageRank>13</FeatureImageRank></FeatureImage><FeatureHighlight><FeatureCode>F400081511</FeatureCode><FeatureReferenceName>Removes 10x more plaque* for a deep clean [Shanghai]</FeatureReferenceName><FeatureHighlightRank>1</FeatureHighlightRank></FeatureHighlight><FeatureHighlight><FeatureCode>F400081206</FeatureCode><FeatureReferenceName>Up to 7x healthier gums* in just 2 weeks [Shanghai]</FeatureReferenceName><FeatureHighlightRank>2</FeatureHighlightRank></FeatureHighlight><FeatureHighlight><FeatureCode>F400081514</FeatureCode><FeatureReferenceName>Remove up to 5x more stains* in just 3 days [Shanghai]</FeatureReferenceName><FeatureHighlightRank>3</FeatureHighlightRank></FeatureHighlight><FeatureHighlight><FeatureCode>F400081516</FeatureCode><FeatureReferenceName>Supports long-lasting clean breath [Shanghai DP white]</FeatureReferenceName><FeatureHighlightRank>4</FeatureHighlightRank></FeatureHighlight><FeatureHighlight><FeatureCode>F400081506</FeatureCode><FeatureReferenceName>Helps patients start to take better [Shanghai DP white]</FeatureReferenceName><FeatureHighlightRank>5</FeatureHighlightRank></FeatureHighlight><FeatureHighlight><FeatureCode>F400081499</FeatureCode><FeatureReferenceName>Tracks and improves patients' coverage [Shanghai DP white]</FeatureReferenceName><FeatureHighlightRank>6</FeatureHighlightRank></FeatureHighlight><FeatureHighlight><FeatureCode>F400081504</FeatureCode><FeatureReferenceName>Guides patients to reduce scrubbing [Shanghai DP white]</FeatureReferenceName><FeatureHighlightRank>7</FeatureHighlightRank></FeatureHighlight><FeatureHighlight><FeatureCode>F400081509</FeatureCode><FeatureReferenceName>Brush heads sync with optimal mode [Shanghai DP white]</FeatureReferenceName><FeatureHighlightRank>8</FeatureHighlightRank></FeatureHighlight><FeatureHighlight><FeatureCode>F400081510</FeatureCode><FeatureReferenceName>Make sure patients get the most [Shanghai DP white]</FeatureReferenceName><FeatureHighlightRank>9</FeatureHighlightRank></FeatureHighlight><FeatureHighlight><FeatureCode>F400081518</FeatureCode><FeatureReferenceName>Offers 5 modes, 3 intensity settings [Shanghai DP White]</FeatureReferenceName><FeatureHighlightRank>10</FeatureHighlightRank></FeatureHighlight><FeatureHighlight><FeatureCode>F400081502</FeatureCode><FeatureReferenceName>Alerts patients when brushing too hard [Shanghai DP white]</FeatureReferenceName><FeatureHighlightRank>11</FeatureHighlightRank></FeatureHighlight><FeatureHighlight><FeatureCode>F400081505</FeatureCode><FeatureReferenceName>A second chance to clean missed spots [Shanghai DP white]</FeatureReferenceName><FeatureHighlightRank>12</FeatureHighlightRank></FeatureHighlight><FeatureHighlight><FeatureCode>F400081989</FeatureCode><FeatureReferenceName>Premium travel case [Shanghai DP white, NO GLASS]</FeatureReferenceName><FeatureHighlightRank>13</FeatureHighlightRank></FeatureHighlight><CSChapter><CSChapterCode>CH4006741</CSChapterCode><CSChapterName>模式</CSChapterName><CSChapterRank>1</CSChapterRank><CSItem><CSItemCode>IT4032871</CSItemCode><CSItemName>清洁</CSItemName><CSItemRank>1</CSItemRank><CSItemIsFreeFormat>0</CSItemIsFreeFormat><CSValue><CSValueCode>VA4076686</CSValueCode><CSValueName>实现卓越的每日清洁</CSValueName><CSValueRank>39</CSValueRank></CSValue></CSItem><CSItem><CSItemCode>IT4042578</CSItemCode><CSItemName>亮白+</CSItemName><CSItemRank>2</CSItemRank><CSItemIsFreeFormat>0</CSItemIsFreeFormat><CSValue><CSValueCode>VA4098464</CSValueCode><CSValueName>去除表面污渍</CSValueName><CSValueRank>36</CSValueRank></CSValue></CSItem><CSItem><CSItemCode>IT4042579</CSItemCode><CSItemName>深层清洁+</CSItemName><CSItemRank>3</CSItemRank><CSItemIsFreeFormat>0</CSItemIsFreeFormat><CSValue><CSValueCode>VA4098465</CSValueCode><CSValueName>实现舒爽的深层清洁</CSValueName><CSValueRank>9</CSValueRank></CSValue></CSItem><CSItem><CSItemCode>IT4042580</CSItemCode><CSItemName>牙龈健康</CSItemName><CSItemRank>4</CSItemRank><CSItemIsFreeFormat>0</CSItemIsFreeFormat><CSValue><CSValueCode>VA4098466</CSValueCode><CSValueName>特别注意臼齿</CSValueName><CSValueRank>37</CSValueRank></CSValue></CSItem><CSItem><CSItemCode>IT4042581</CSItemCode><CSItemName>舌苔清洁刷头</CSItemName><CSItemRank>5</CSItemRank><CSItemIsFreeFormat>0</CSItemIsFreeFormat><CSValue><CSValueCode>VA4098467</CSValueCode><CSValueName>长久保持清新口气</CSValueName><CSValueRank>26</CSValueRank></CSValue></CSItem><CSItem><CSItemCode>IT4036083</CSItemCode><CSItemName>3 种强度</CSItemName><CSItemRank>6</CSItemRank><CSItemIsFreeFormat>0</CSItemIsFreeFormat><CSValue><CSValueCode>VA4083947</CSValueCode><CSValueName>高</CSValueName><CSValueRank>7</CSValueRank></CSValue><CSValue><CSValueCode>VA4083946</CSValueCode><CSValueName>中等</CSValueName><CSValueRank>44</CSValueRank></CSValue><CSValue><CSValueCode>VA4083945</CSValueCode><CSValueName>低</CSValueName><CSValueRank>49</CSValueRank></CSValue></CSItem></CSChapter><CSChapter><CSChapterCode>CH4002821</CSChapterCode><CSChapterName>包含</CSChapterName><CSChapterRank>2</CSChapterRank><CSItem><CSItemCode>IT4042582</CSItemCode><CSItemName>牙刷柄</CSItemName><CSItemRank>1</CSItemRank><CSItemIsFreeFormat>0</CSItemIsFreeFormat><CSValue><CSValueCode>VA4098468</CSValueCode><CSValueName>1 个钻石亮白智能系列</CSValueName><CSValueRank>38</CSValueRank></CSValue></CSItem><CSItem><CSItemCode>IT4015645</CSItemCode><CSItemName>刷头</CSItemName><CSItemRank>2</CSItemRank><CSItemIsFreeFormat>0</CSItemIsFreeFormat><CSValue><CSValueCode>VA4098470</CSValueCode><CSValueName>1 个 C3 智臻牙菌斑控制刷头</CSValueName><CSValueRank>40</CSValueRank></CSValue><CSValue><CSValueCode>VA4098472</CSValueCode><CSValueName>1 个 G3 智臻牙龈保健</CSValueName><CSValueRank>43</CSValueRank></CSValue><CSValue><CSValueCode>VA4098474</CSValueCode><CSValueName>1 个 W3 智臻亮白</CSValueName><CSValueRank>47</CSValueRank></CSValue><CSValue><CSValueCode>VA4098476</CSValueCode><CSValueName>1 个舌苔清洁刷头</CSValueName><CSValueRank>51</CSValueRank></CSValue></CSItem><CSItem><CSItemCode>IT4017673</CSItemCode><CSItemName>旅行收藏盒</CSItemName><CSItemRank>3</CSItemRank><CSItemIsFreeFormat>0</CSItemIsFreeFormat><CSValue><CSValueCode>VA4098479</CSValueCode><CSValueName>优质旅行收藏盒</CSValueName><CSValueRank>14</CSValueRank></CSValue></CSItem></CSChapter><CSChapter><CSChapterCode>CH4008985</CSChapterCode><CSChapterName>BrushSync 模式配对</CSChapterName><CSChapterRank>3</CSChapterRank><CSItem><CSItemCode>IT4042583</CSItemCode><CSItemName>C3 智臻牙菌斑控制刷头</CSItemName><CSItemRank>1</CSItemRank><CSItemIsFreeFormat>0</CSItemIsFreeFormat><CSValue><CSValueCode>VA4098480</CSValueCode><CSValueName>与清洁模式配对</CSValueName><CSValueRank>3</CSValueRank></CSValue></CSItem><CSItem><CSItemCode>IT4042584</CSItemCode><CSItemName>G3 智臻牙龈保健刷头</CSItemName><CSItemRank>2</CSItemRank><CSItemIsFreeFormat>0</CSItemIsFreeFormat><CSValue><CSValueCode>VA4098481</CSValueCode><CSValueName>与牙龈健康模式配对</CSValueName><CSValueRank>23</CSValueRank></CSValue></CSItem><CSItem><CSItemCode>IT4042585</CSItemCode><CSItemName>W3 智臻亮白刷头</CSItemName><CSItemRank>3</CSItemRank><CSItemIsFreeFormat>0</CSItemIsFreeFormat><CSValue><CSValueCode>VA4098482</CSValueCode><CSValueName>与亮白+模式配对</CSValueName><CSValueRank>2</CSValueRank></CSValue></CSItem><CSItem><CSItemCode>IT4042586</CSItemCode><CSItemName>舌苔清洁刷头</CSItemName><CSItemRank>4</CSItemRank><CSItemIsFreeFormat>0</CSItemIsFreeFormat><CSValue><CSValueCode>VA4098483</CSValueCode><CSValueName>与 TongueCare 模式配对</CSValueName><CSValueRank>24</CSValueRank></CSValue></CSItem></CSChapter><CSChapter><CSChapterCode>3000813</CSChapterCode><CSChapterName>连接</CSChapterName><CSChapterRank>4</CSChapterRank><CSItem><CSItemCode>IT4041133</CSItemCode><CSItemName>Bluetooth® 无线技术</CSItemName><CSItemRank>1</CSItemRank><CSItemIsFreeFormat>0</CSItemIsFreeFormat><CSValue><CSValueCode>VA4095789</CSValueCode><CSValueName>已连接刷牙应用程序</CSValueName><CSValueRank>13</CSValueRank></CSValue></CSItem></CSChapter><CSChapter><CSChapterCode>CH4000881</CSChapterCode><CSChapterName>兼容性</CSChapterName><CSChapterRank>5</CSChapterRank><CSItem><CSItemCode>IT4040069</CSItemCode><CSItemName>Android 兼容性</CSItemName><CSItemRank>1</CSItemRank><CSItemIsFreeFormat>0</CSItemIsFreeFormat><CSValue><CSValueCode>VA4093518</CSValueCode><CSValueName>Android 手机</CSValueName><CSValueRank>29</CSValueRank></CSValue><CSValue><CSValueCode>VA4093517</CSValueCode><CSValueName>支持蓝牙 4.0 的平板电脑</CSValueName><CSValueRank>45</CSValueRank></CSValue></CSItem><CSItem><CSItemCode>IT4040068</CSItemCode><CSItemName>iOS 兼容性</CSItemName><CSItemRank>2</CSItemRank><CSItemIsFreeFormat>0</CSItemIsFreeFormat><CSValue><CSValueCode>VA4093515</CSValueCode><CSValueName>iPad 第 3 代或更高版本</CSValueName><CSValueRank>30</CSValueRank></CSValue><CSValue><CSValueCode>VA4093514</CSValueCode><CSValueName>iPhone 4S 或更高版本</CSValueName><CSValueRank>46</CSValueRank></CSValue><CSValue><CSValueCode>VA4098503</CSValueCode><CSValueName>带 iOS7 或更高版本</CSValueName><CSValueRank>48</CSValueRank></CSValue></CSItem></CSChapter><CSChapter><CSChapterCode>CHA_0000020</CSChapterCode><CSChapterName>设计和外观</CSChapterName><CSChapterRank>6</CSChapterRank><CSItem><CSItemCode>4010351</CSItemCode><CSItemName>颜色</CSItemName><CSItemRank>1</CSItemRank><CSItemIsFreeFormat>0</CSItemIsFreeFormat><CSValue><CSValueCode>VA4024171</CSValueCode><CSValueName>白色</CSValueName><CSValueRank>50</CSValueRank></CSValue></CSItem></CSChapter><CSChapter><CSChapterCode>CH4002822</CSChapterCode><CSChapterName>清洁效能</CSChapterName><CSChapterRank>7</CSChapterRank><CSItem><CSItemCode>IT4015660</CSItemCode><CSItemName>速度</CSItemName><CSItemRank>1</CSItemRank><CSItemIsFreeFormat>0</CSItemIsFreeFormat><CSValue><CSValueCode>VA4075704</CSValueCode><CSValueName>高达 62000 次电刷运动/分钟</CSValueName><CSValueRank>33</CSValueRank></CSValue></CSItem><CSItem><CSItemCode>IT4015661</CSItemCode><CSItemName>性能</CSItemName><CSItemRank>2</CSItemRank><CSItemIsFreeFormat>0</CSItemIsFreeFormat><CSValue><CSValueCode>VA4089920</CSValueCode><CSValueName>去除多达 10 倍的牙菌斑 *</CSValueName><CSValueRank>11</CSValueRank></CSValue></CSItem><CSItem><CSItemCode>IT4015663</CSItemCode><CSItemName>健康益处</CSItemName><CSItemRank>3</CSItemRank><CSItemIsFreeFormat>0</CSItemIsFreeFormat><CSValue><CSValueCode>VA4098530</CSValueCode><CSValueName>提升牙龈健康高达 7 倍****</CSValueName><CSValueRank>1</CSValueRank></CSValue></CSItem><CSItem><CSItemCode>IT4015664</CSItemCode><CSItemName>美白益处</CSItemName><CSItemRank>4</CSItemRank><CSItemIsFreeFormat>0</CSItemIsFreeFormat><CSValue><CSValueCode>VA4098498</CSValueCode><CSValueName>清除牙渍高达 2 倍以上*****</CSValueName><CSValueRank>8</CSValueRank></CSValue></CSItem><CSItem><CSItemCode>IT4042587</CSItemCode><CSItemName>压力反馈</CSItemName><CSItemRank>5</CSItemRank><CSItemIsFreeFormat>0</CSItemIsFreeFormat><CSValue><CSValueCode>VA4098486</CSValueCode><CSValueName>环呈紫色亮起</CSValueName><CSValueRank>34</CSValueRank></CSValue><CSValue><CSValueCode>VA4098487</CSValueCode><CSValueName>可提示用户的振动手柄</CSValueName><CSValueRank>42</CSValueRank></CSValue></CSItem><CSItem><CSItemCode>IT4042588</CSItemCode><CSItemName>补刷提醒功能</CSItemName><CSItemRank>6</CSItemRank><CSItemIsFreeFormat>0</CSItemIsFreeFormat><CSValue><CSValueCode>VA4098488</CSValueCode><CSValueName>确保全覆盖</CSValueName><CSValueRank>25</CSValueRank></CSValue></CSItem><CSItem><CSItemCode>IT4015666</CSItemCode><CSItemName>提醒功能</CSItemName><CSItemRank>7</CSItemRank><CSItemIsFreeFormat>0</CSItemIsFreeFormat><CSValue><CSValueCode>VA4094966</CSValueCode><CSValueName>BrushPacer 和 Smartimer</CSValueName><CSValueRank>18</CSValueRank></CSValue></CSItem></CSChapter><CSChapter><CSChapterCode>CH4008986</CSChapterCode><CSChapterName>精锐感知科技</CSChapterName><CSChapterRank>8</CSChapterRank><CSItem><CSItemCode>IT4042589</CSItemCode><CSItemName>智能力度感应</CSItemName><CSItemRank>1</CSItemRank><CSItemIsFreeFormat>0</CSItemIsFreeFormat><CSValue><CSValueCode>VA4098489</CSValueCode><CSValueName>刷牙太过用力时提醒</CSValueName><CSValueRank>28</CSValueRank></CSValue></CSItem><CSItem><CSItemCode>IT4042590</CSItemCode><CSItemName>智能定位感应</CSItemName><CSItemRank>2</CSItemRank><CSItemIsFreeFormat>0</CSItemIsFreeFormat><CSValue><CSValueCode>VA4098490</CSValueCode><CSValueName>跟踪和改进覆盖范围</CSValueName><CSValueRank>27</CSValueRank></CSValue></CSItem><CSItem><CSItemCode>IT4042591</CSItemCode><CSItemName>智能摩擦感应</CSItemName><CSItemRank>3</CSItemRank><CSItemIsFreeFormat>0</CSItemIsFreeFormat><CSValue><CSValueCode>VA4098491</CSValueCode><CSValueName>引导减少用力刷牙</CSValueName><CSValueRank>32</CSValueRank></CSValue></CSItem><CSItem><CSItemCode>IT4042592</CSItemCode><CSItemName>立体口腔图</CSItemName><CSItemRank>4</CSItemRank><CSItemIsFreeFormat>0</CSItemIsFreeFormat><CSValue><CSValueCode>VA4098492</CSValueCode><CSValueName>突显有问题的部位</CSValueName><CSValueRank>4</CSValueRank></CSValue></CSItem><CSItem><CSItemCode>IT4042593</CSItemCode><CSItemName>补刷提醒功能</CSItemName><CSItemRank>5</CSItemRank><CSItemIsFreeFormat>0</CSItemIsFreeFormat><CSValue><CSValueCode>VA4098493</CSValueCode><CSValueName>处理错过的部位</CSValueName><CSValueRank>6</CSValueRank></CSValue></CSItem></CSChapter><CSChapter><CSChapterCode>CH4001524</CSChapterCode><CSChapterName>操作简易</CSChapterName><CSChapterRank>9</CSChapterRank><CSItem><CSItemCode>IT4042594</CSItemCode><CSItemName>牙刷柄兼容性</CSItemName><CSItemRank>1</CSItemRank><CSItemIsFreeFormat>0</CSItemIsFreeFormat><CSValue><CSValueCode>VA4098494</CSValueCode><CSValueName>便捷的卡入式刷头</CSValueName><CSValueRank>5</CSValueRank></CSValue></CSItem><CSItem><CSItemCode>IT4042595</CSItemCode><CSItemName>刷头识别</CSItemName><CSItemRank>2</CSItemRank><CSItemIsFreeFormat>0</CSItemIsFreeFormat><CSValue><CSValueCode>VA4098495</CSValueCode><CSValueName>与匹配的模式同步</CSValueName><CSValueRank>17</CSValueRank></CSValue></CSItem><CSItem><CSItemCode>IT4042596</CSItemCode><CSItemName>更换提醒</CSItemName><CSItemRank>3</CSItemRank><CSItemIsFreeFormat>0</CSItemIsFreeFormat><CSValue><CSValueCode>VA4098496</CSValueCode><CSValueName>始终确保卓越效果</CSValueName><CSValueRank>10</CSValueRank></CSValue><CSValue><CSValueCode>VA4098497</CSValueCode><CSValueName>提醒图标亮起</CSValueName><CSValueRank>41</CSValueRank></CSValue></CSItem><CSItem><CSItemCode>IT4015669</CSItemCode><CSItemName>电量不足指示</CSItemName><CSItemRank>4</CSItemRank><CSItemIsFreeFormat>0</CSItemIsFreeFormat><CSValue><CSValueCode>VA4031282</CSValueCode><CSValueName>当电池电量快要耗尽时，充电指示灯呈琥珀色闪烁 15 秒</CSValueName><CSValueRank>35</CSValueRank></CSValue></CSItem><CSItem><CSItemCode>IT4015670</CSItemCode><CSItemName>手柄</CSItemName><CSItemRank>5</CSItemRank><CSItemIsFreeFormat>0</CSItemIsFreeFormat><CSValue><CSValueCode>VA4031284</CSValueCode><CSValueName>设计纤巧，符合人体工学</CSValueName><CSValueRank>15</CSValueRank></CSValue></CSItem><CSItem><CSItemCode>IT4007980</CSItemCode><CSItemName>显示屏</CSItemName><CSItemRank>6</CSItemRank><CSItemIsFreeFormat>0</CSItemIsFreeFormat><CSValue><CSValueCode>VA4031287</CSValueCode><CSValueName>液晶显示屏</CSValueName><CSValueRank>20</CSValueRank></CSValue></CSItem></CSChapter><CSChapter><CSChapterCode>3000956</CSChapterCode><CSChapterName>技术规格</CSChapterName><CSChapterRank>10</CSChapterRank><CSItem><CSItemCode>IT4015617</CSItemCode><CSItemName>电池</CSItemName><CSItemRank>1</CSItemRank><CSItemIsFreeFormat>0</CSItemIsFreeFormat><CSValue><CSValueCode>VA4031164</CSValueCode><CSValueName>充电式设计</CSValueName><CSValueRank>31</CSValueRank></CSValue></CSItem><CSItem><CSItemCode>IT4017634</CSItemCode><CSItemName>电池类型</CSItemName><CSItemRank>2</CSItemRank><CSItemIsFreeFormat>0</CSItemIsFreeFormat><CSValue><CSValueCode>VA4060246</CSValueCode><CSValueName>锂离子</CSValueName><CSValueRank>19</CSValueRank></CSValue></CSItem><CSItem><CSItemCode>IT4015622</CSItemCode><CSItemName>操作时间（电量从满到空）</CSItemName><CSItemRank>3</CSItemRank><CSItemIsFreeFormat>0</CSItemIsFreeFormat><CSValue><CSValueCode>VA4098499</CSValueCode><CSValueName>14 天******</CSValueName><CSValueRank>12</CSValueRank></CSValue></CSItem></CSChapter><CSChapter><CSChapterCode>3000821</CSChapterCode><CSChapterName>功率</CSChapterName><CSChapterRank>11</CSChapterRank><CSItem><CSItemCode>IT4015625</CSItemCode><CSItemName>电压</CSItemName><CSItemRank>1</CSItemRank><CSItemIsFreeFormat>0</CSItemIsFreeFormat><CSValue><CSValueCode>VA4075921</CSValueCode><CSValueName>110-220 伏</CSValueName><CSValueRank>21</CSValueRank></CSValue></CSItem></CSChapter><CSChapter><CSChapterCode>CHA_0000049</CSChapterCode><CSChapterName>服务</CSChapterName><CSChapterRank>12</CSChapterRank><CSItem><CSItemCode>IT4015672</CSItemCode><CSItemName>保修</CSItemName><CSItemRank>1</CSItemRank><CSItemIsFreeFormat>0</CSItemIsFreeFormat><CSValue><CSValueCode>VA4031299</CSValueCode><CSValueName>2 年全球保修</CSValueName><CSValueRank>16</CSValueRank></CSValue></CSItem></CSChapter><Filters><Purpose type="Comparison"><Features><Feature code="F400081511" rank="1" referenceName="Removes 10x more plaque* for a deep clean [Shanghai]"/><Feature code="F400081206" rank="2" referenceName="Up to 7x healthier gums* in just 2 weeks [Shanghai]"/><Feature code="F400081514" rank="3" referenceName="Remove up to 5x more stains* in just 3 days [Shanghai]"/><Feature code="F400081516" rank="4" referenceName="Supports long-lasting clean breath [Shanghai DP white]"/><Feature code="F400081506" rank="5" referenceName="Helps patients start to take better [Shanghai DP white]"/><Feature code="F400081499" rank="6" referenceName="Tracks and improves patients' coverage [Shanghai DP white]"/><Feature code="F400081504" rank="7" referenceName="Guides patients to reduce scrubbing [Shanghai DP white]"/><Feature code="F400081509" rank="8" referenceName="Brush heads sync with optimal mode [Shanghai DP white]"/><Feature code="F400081510" rank="9" referenceName="Make sure patients get the most [Shanghai DP white]"/><Feature code="F400081518" rank="10" referenceName="Offers 5 modes, 3 intensity settings [Shanghai DP White]"/><Feature code="F400081502" rank="11" referenceName="Alerts patients when brushing too hard [Shanghai DP white]"/><Feature code="F400081505" rank="12" referenceName="A second chance to clean missed spots [Shanghai DP white]"/><Feature code="F400081989" rank="13" referenceName="Premium travel case [Shanghai DP white, NO GLASS]"/></Features><CSItems><CSItem code="IT4032871" rank="1" referenceName="模式 - 清洁"/><CSItem code="IT4042582" rank="1" referenceName="包含 - 牙刷柄"/><CSItem code="IT4042583" rank="1" referenceName="BrushSync 模式配对 - C3 智臻牙菌斑控制刷头"/><CSItem code="IT4041133" rank="1" referenceName="连接 - Bluetooth® 无线技术"/><CSItem code="IT4040069" rank="1" referenceName="兼容性 - Android 兼容性"/><CSItem code="4010351" rank="1" referenceName="设计和外观 - 颜色"/><CSItem code="IT4015660" rank="1" referenceName="清洁效能 - 速度"/><CSItem code="IT4042589" rank="1" referenceName="精锐感知科技 - 智能力度感应"/><CSItem code="IT4042594" rank="1" referenceName="操作简易 - 牙刷柄兼容性"/><CSItem code="IT4015617" rank="1" referenceName="技术规格 - 电池"/><CSItem code="IT4015625" rank="1" referenceName="功率 - 电压"/><CSItem code="IT4015672" rank="1" referenceName="服务 - 保修"/><CSItem code="IT4042578" rank="2" referenceName="模式 - 亮白+"/><CSItem code="IT4015645" rank="2" referenceName="包含 - 刷头"/><CSItem code="IT4042584" rank="2" referenceName="BrushSync 模式配对 - G3 智臻牙龈保健刷头"/><CSItem code="IT4040068" rank="2" referenceName="兼容性 - iOS 兼容性"/><CSItem code="IT4015661" rank="2" referenceName="清洁效能 - 性能"/><CSItem code="IT4042590" rank="2" referenceName="精锐感知科技 - 智能定位感应"/><CSItem code="IT4042595" rank="2" referenceName="操作简易 - 刷头识别"/><CSItem code="IT4017634" rank="2" referenceName="技术规格 - 电池类型"/><CSItem code="IT4042579" rank="3" referenceName="模式 - 深层清洁+"/><CSItem code="IT4017673" rank="3" referenceName="包含 - 旅行收藏盒"/><CSItem code="IT4042585" rank="3" referenceName="BrushSync 模式配对 - W3 智臻亮白刷头"/><CSItem code="IT4015663" rank="3" referenceName="清洁效能 - 健康益处"/><CSItem code="IT4042591" rank="3" referenceName="精锐感知科技 - 智能摩擦感应"/><CSItem code="IT4042596" rank="3" referenceName="操作简易 - 更换提醒"/><CSItem code="IT4015622" rank="3" referenceName="技术规格 - 操作时间（电量从满到空）"/><CSItem code="IT4042580" rank="4" referenceName="模式 - 牙龈健康"/><CSItem code="IT4042586" rank="4" referenceName="BrushSync 模式配对 - 舌苔清洁刷头"/><CSItem code="IT4015664" rank="4" referenceName="清洁效能 - 美白益处"/><CSItem code="IT4042592" rank="4" referenceName="精锐感知科技 - 立体口腔图"/><CSItem code="IT4015669" rank="4" referenceName="操作简易 - 电量不足指示"/><CSItem code="IT4042581" rank="5" referenceName="模式 - 舌苔清洁刷头"/><CSItem code="IT4042587" rank="5" referenceName="清洁效能 - 压力反馈"/><CSItem code="IT4042593" rank="5" referenceName="精锐感知科技 - 补刷提醒功能"/><CSItem code="IT4015670" rank="5" referenceName="操作简易 - 手柄"/><CSItem code="IT4036083" rank="6" referenceName="模式 - 3 种强度"/><CSItem code="IT4042588" rank="6" referenceName="清洁效能 - 补刷提醒功能"/><CSItem code="IT4007980" rank="6" referenceName="操作简易 - 显示屏"/><CSItem code="IT4015666" rank="7" referenceName="清洁效能 - 提醒功能"/></CSItems></Purpose><Purpose type="Detail"><Features><Feature code="F400081511" rank="1" referenceName="Removes 10x more plaque* for a deep clean [Shanghai]"/><Feature code="F400081206" rank="2" referenceName="Up to 7x healthier gums* in just 2 weeks [Shanghai]"/><Feature code="F400081514" rank="3" referenceName="Remove up to 5x more stains* in just 3 days [Shanghai]"/><Feature code="F400081516" rank="4" referenceName="Supports long-lasting clean breath [Shanghai DP white]"/><Feature code="F400081506" rank="5" referenceName="Helps patients start to take better [Shanghai DP white]"/><Feature code="F400081499" rank="6" referenceName="Tracks and improves patients' coverage [Shanghai DP white]"/><Feature code="F400081504" rank="7" referenceName="Guides patients to reduce scrubbing [Shanghai DP white]"/><Feature code="F400081509" rank="8" referenceName="Brush heads sync with optimal mode [Shanghai DP white]"/><Feature code="F400081510" rank="9" referenceName="Make sure patients get the most [Shanghai DP white]"/><Feature code="F400081518" rank="10" referenceName="Offers 5 modes, 3 intensity settings [Shanghai DP White]"/><Feature code="F400081502" rank="11" referenceName="Alerts patients when brushing too hard [Shanghai DP white]"/><Feature code="F400081505" rank="12" referenceName="A second chance to clean missed spots [Shanghai DP white]"/><Feature code="F400081989" rank="13" referenceName="Premium travel case [Shanghai DP white, NO GLASS]"/></Features><CSItems><CSItem code="IT4032871" rank="1" referenceName="模式 - 清洁"/><CSItem code="IT4042582" rank="1" referenceName="包含 - 牙刷柄"/><CSItem code="IT4042583" rank="1" referenceName="BrushSync 模式配对 - C3 智臻牙菌斑控制刷头"/><CSItem code="IT4041133" rank="1" referenceName="连接 - Bluetooth® 无线技术"/><CSItem code="IT4040069" rank="1" referenceName="兼容性 - Android 兼容性"/><CSItem code="4010351" rank="1" referenceName="设计和外观 - 颜色"/><CSItem code="IT4015660" rank="1" referenceName="清洁效能 - 速度"/><CSItem code="IT4042589" rank="1" referenceName="精锐感知科技 - 智能力度感应"/><CSItem code="IT4042594" rank="1" referenceName="操作简易 - 牙刷柄兼容性"/><CSItem code="IT4015617" rank="1" referenceName="技术规格 - 电池"/><CSItem code="IT4015625" rank="1" referenceName="功率 - 电压"/><CSItem code="IT4015672" rank="1" referenceName="服务 - 保修"/><CSItem code="IT4042578" rank="2" referenceName="模式 - 亮白+"/><CSItem code="IT4015645" rank="2" referenceName="包含 - 刷头"/><CSItem code="IT4042584" rank="2" referenceName="BrushSync 模式配对 - G3 智臻牙龈保健刷头"/><CSItem code="IT4040068" rank="2" referenceName="兼容性 - iOS 兼容性"/><CSItem code="IT4015661" rank="2" referenceName="清洁效能 - 性能"/><CSItem code="IT4042590" rank="2" referenceName="精锐感知科技 - 智能定位感应"/><CSItem code="IT4042595" rank="2" referenceName="操作简易 - 刷头识别"/><CSItem code="IT4017634" rank="2" referenceName="技术规格 - 电池类型"/><CSItem code="IT4042579" rank="3" referenceName="模式 - 深层清洁+"/><CSItem code="IT4017673" rank="3" referenceName="包含 - 旅行收藏盒"/><CSItem code="IT4042585" rank="3" referenceName="BrushSync 模式配对 - W3 智臻亮白刷头"/><CSItem code="IT4015663" rank="3" referenceName="清洁效能 - 健康益处"/><CSItem code="IT4042591" rank="3" referenceName="精锐感知科技 - 智能摩擦感应"/><CSItem code="IT4042596" rank="3" referenceName="操作简易 - 更换提醒"/><CSItem code="IT4015622" rank="3" referenceName="技术规格 - 操作时间（电量从满到空）"/><CSItem code="IT4042580" rank="4" referenceName="模式 - 牙龈健康"/><CSItem code="IT4042586" rank="4" referenceName="BrushSync 模式配对 - 舌苔清洁刷头"/><CSItem code="IT4015664" rank="4" referenceName="清洁效能 - 美白益处"/><CSItem code="IT4042592" rank="4" referenceName="精锐感知科技 - 立体口腔图"/><CSItem code="IT4015669" rank="4" referenceName="操作简易 - 电量不足指示"/><CSItem code="IT4042581" rank="5" referenceName="模式 - 舌苔清洁刷头"/><CSItem code="IT4042587" rank="5" referenceName="清洁效能 - 压力反馈"/><CSItem code="IT4042593" rank="5" referenceName="精锐感知科技 - 补刷提醒功能"/><CSItem code="IT4015670" rank="5" referenceName="操作简易 - 手柄"/><CSItem code="IT4036083" rank="6" referenceName="模式 - 3 种强度"/><CSItem code="IT4042588" rank="6" referenceName="清洁效能 - 补刷提醒功能"/><CSItem code="IT4007980" rank="6" referenceName="操作简易 - 显示屏"/><CSItem code="IT4015666" rank="7" referenceName="清洁效能 - 提醒功能"/></CSItems></Purpose></Filters><FeatureCompareGroups/><Disclaimers><Disclaimer code="DIS40006721" rank="1" referenceName="than a manual toothbrush [BMW]"><DisclaimerText>较手动牙刷相比</DisclaimerText><DisclaimElements/></Disclaimer><Disclaimer code="DIS40011150" rank="2" referenceName="* as compared to a manual toothbrush w/a leading. [Shanghai]"><DisclaimerText>* 与搭配优质美白牙膏的手动牙刷相比</DisclaimerText><DisclaimElements/></Disclaimer><Disclaimer code="DIS40011151" rank="3" referenceName="** compared to DiamondClean [Shanghai]"><DisclaimerText>** 与 DiamondClean 相比</DisclaimerText><DisclaimElements/></Disclaimer><Disclaimer code="DIS40011066" rank="4" referenceName="*** in Gum Health mode vs a manual toothbrush at 2 weeks"><DisclaimerText>***牙龈健康模式与手动牙刷在 2 周时相比</DisclaimerText><DisclaimElements/></Disclaimer><Disclaimer code="DIS40011067" rank="5" referenceName="**** after 3 days of use in White+ mode vs a manual"><DisclaimerText>**** 亮白+ 模式下使用 3 天后与手动牙刷相比</DisclaimerText><DisclaimElements/></Disclaimer><Disclaimer code="DIS40011068" rank="6" referenceName="***** based on two periods of two-minute brushings per day"><DisclaimerText>***** 基于每天刷牙两次，每次两分钟，采用标准模式</DisclaimerText><DisclaimElements/></Disclaimer></Disclaimers><ProductReference ProductReferenceType="Accessory"><CTN>HX8071/17</CTN><ProductReferenceRank>0</ProductReferenceRank></ProductReference><ProductReference ProductReferenceType="Accessory"><CTN>HX8072/01</CTN><ProductReferenceRank>0</ProductReferenceRank></ProductReference><ProductReference ProductReferenceType="Accessory"><CTN>HX8072/11</CTN><ProductReferenceRank>0</ProductReferenceRank></ProductReference><ProductReference ProductReferenceType="Accessory"><CTN>HX9042/15</CTN><ProductReferenceRank>0</ProductReferenceRank></ProductReference><ProductReference ProductReferenceType="Accessory"><CTN>HX9042/17</CTN><ProductReferenceRank>0</ProductReferenceRank></ProductReference><ProductReference ProductReferenceType="Accessory"><CTN>HX9042/24</CTN><ProductReferenceRank>0</ProductReferenceRank></ProductReference><ProductReference ProductReferenceType="Accessory"><CTN>HX9042/32</CTN><ProductReferenceRank>0</ProductReferenceRank></ProductReference><ProductReference ProductReferenceType="Accessory"><CTN>HX9042/33</CTN><ProductReferenceRank>0</ProductReferenceRank></ProductReference><ProductReference ProductReferenceType="Accessory"><CTN>HX9042/65</CTN><ProductReferenceRank>0</ProductReferenceRank></ProductReference><ProductReference ProductReferenceType="Accessory"><CTN>HX9042/95</CTN><ProductReferenceRank>0</ProductReferenceRank></ProductReference><ProductReference ProductReferenceType="Accessory"><CTN>HX9043/11</CTN><ProductReferenceRank>0</ProductReferenceRank></ProductReference><ProductReference ProductReferenceType="Accessory"><CTN>HX9043/15</CTN><ProductReferenceRank>0</ProductReferenceRank></ProductReference><ProductReference ProductReferenceType="Accessory"><CTN>HX9043/24</CTN><ProductReferenceRank>0</ProductReferenceRank></ProductReference><ProductReference ProductReferenceType="Accessory"><CTN>HX9043/25</CTN><ProductReferenceRank>0</ProductReferenceRank></ProductReference><ProductReference ProductReferenceType="Accessory"><CTN>HX9043/31</CTN><ProductReferenceRank>0</ProductReferenceRank></ProductReference><ProductReference ProductReferenceType="Accessory"><CTN>HX9043/32</CTN><ProductReferenceRank>0</ProductReferenceRank></ProductReference><ProductReference ProductReferenceType="Accessory"><CTN>HX9044/06</CTN><ProductReferenceRank>0</ProductReferenceRank></ProductReference><ProductReference ProductReferenceType="Accessory"><CTN>HX9044/08</CTN><ProductReferenceRank>0</ProductReferenceRank></ProductReference><ProductReference ProductReferenceType="Accessory"><CTN>HX9044/17</CTN><ProductReferenceRank>0</ProductReferenceRank></ProductReference><ProductReference ProductReferenceType="Accessory"><CTN>HX9044/33</CTN><ProductReferenceRank>0</ProductReferenceRank></ProductReference><ProductReference ProductReferenceType="Accessory"><CTN>HX9044/65</CTN><ProductReferenceRank>0</ProductReferenceRank></ProductReference><ProductReference ProductReferenceType="Accessory"><CTN>HX9044/95</CTN><ProductReferenceRank>0</ProductReferenceRank></ProductReference><ProductReference ProductReferenceType="Accessory"><CTN>HX9045/11</CTN><ProductReferenceRank>0</ProductReferenceRank></ProductReference><ProductReference ProductReferenceType="Accessory"><CTN>HX9045/31</CTN><ProductReferenceRank>0</ProductReferenceRank></ProductReference><ProductReference ProductReferenceType="Accessory"><CTN>HX9045/50</CTN><ProductReferenceRank>0</ProductReferenceRank></ProductReference><ProductReference ProductReferenceType="Accessory"><CTN>HX9046/71</CTN><ProductReferenceRank>0</ProductReferenceRank></ProductReference><ProductReference ProductReferenceType="Accessory"><CTN>HX9052/17</CTN><ProductReferenceRank>0</ProductReferenceRank></ProductReference><ProductReference ProductReferenceType="Accessory"><CTN>HX9052/24</CTN><ProductReferenceRank>0</ProductReferenceRank></ProductReference><ProductReference ProductReferenceType="Accessory"><CTN>HX9052/25</CTN><ProductReferenceRank>0</ProductReferenceRank></ProductReference><ProductReference ProductReferenceType="Accessory"><CTN>HX9052/32</CTN><ProductReferenceRank>0</ProductReferenceRank></ProductReference><ProductReference ProductReferenceType="Accessory"><CTN>HX9052/33</CTN><ProductReferenceRank>0</ProductReferenceRank></ProductReference><ProductReference ProductReferenceType="Accessory"><CTN>HX9052/65</CTN><ProductReferenceRank>0</ProductReferenceRank></ProductReference><ProductReference ProductReferenceType="Accessory"><CTN>HX9052/95</CTN><ProductReferenceRank>0</ProductReferenceRank></ProductReference><ProductReference ProductReferenceType="Accessory"><CTN>HX9053/11</CTN><ProductReferenceRank>0</ProductReferenceRank></ProductReference><ProductReference ProductReferenceType="Accessory"><CTN>HX9053/15</CTN><ProductReferenceRank>0</ProductReferenceRank></ProductReference><ProductReference ProductReferenceType="Accessory"><CTN>HX9053/24</CTN><ProductReferenceRank>0</ProductReferenceRank></ProductReference><ProductReference ProductReferenceType="Accessory"><CTN>HX9053/25</CTN><ProductReferenceRank>0</ProductReferenceRank></ProductReference><ProductReference ProductReferenceType="Accessory"><CTN>HX9053/31</CTN><ProductReferenceRank>0</ProductReferenceRank></ProductReference><ProductReference ProductReferenceType="Accessory"><CTN>HX9053/32</CTN><ProductReferenceRank>0</ProductReferenceRank></ProductReference><ProductReference ProductReferenceType="Accessory"><CTN>HX9054/06</CTN><ProductReferenceRank>0</ProductReferenceRank></ProductReference><ProductReference ProductReferenceType="Accessory"><CTN>HX9054/17</CTN><ProductReferenceRank>0</ProductReferenceRank></ProductReference><ProductReference ProductReferenceType="Accessory"><CTN>HX9054/33</CTN><ProductReferenceRank>0</ProductReferenceRank></ProductReference><ProductReference ProductReferenceType="Accessory"><CTN>HX9054/65</CTN><ProductReferenceRank>0</ProductReferenceRank></ProductReference><ProductReference ProductReferenceType="Accessory"><CTN>HX9055/50</CTN><ProductReferenceRank>0</ProductReferenceRank></ProductReference><ProductReference ProductReferenceType="Accessory"><CTN>HX9062/15</CTN><ProductReferenceRank>0</ProductReferenceRank></ProductReference><ProductReference ProductReferenceType="Accessory"><CTN>HX9062/17</CTN><ProductReferenceRank>0</ProductReferenceRank></ProductReference><ProductReference ProductReferenceType="Accessory"><CTN>HX9062/33</CTN><ProductReferenceRank>0</ProductReferenceRank></ProductReference><ProductReference ProductReferenceType="Accessory"><CTN>HX9062/65</CTN><ProductReferenceRank>0</ProductReferenceRank></ProductReference><ProductReference ProductReferenceType="Accessory"><CTN>HX9062/95</CTN><ProductReferenceRank>0</ProductReferenceRank></ProductReference><ProductReference ProductReferenceType="Accessory"><CTN>HX9063/11</CTN><ProductReferenceRank>0</ProductReferenceRank></ProductReference><ProductReference ProductReferenceType="Accessory"><CTN>HX9063/15</CTN><ProductReferenceRank>0</ProductReferenceRank></ProductReference><ProductReference ProductReferenceType="Accessory"><CTN>HX9063/31</CTN><ProductReferenceRank>0</ProductReferenceRank></ProductReference><ProductReference ProductReferenceType="Accessory"><CTN>HX9063/32</CTN><ProductReferenceRank>0</ProductReferenceRank></ProductReference><ProductReference ProductReferenceType="Accessory"><CTN>HX9064/06</CTN><ProductReferenceRank>0</ProductReferenceRank></ProductReference><ProductReference ProductReferenceType="Accessory"><CTN>HX9064/17</CTN><ProductReferenceRank>0</ProductReferenceRank></ProductReference><ProductReference ProductReferenceType="Accessory"><CTN>HX9064/33</CTN><ProductReferenceRank>0</ProductReferenceRank></ProductReference><ProductReference ProductReferenceType="Accessory"><CTN>HX9064/65</CTN><ProductReferenceRank>0</ProductReferenceRank></ProductReference><ProductReference ProductReferenceType="Accessory"><CTN>HX9073/07</CTN><ProductReferenceRank>0</ProductReferenceRank></ProductReference><ProductReference ProductReferenceType="Accessory"><CTN>HX9073/15</CTN><ProductReferenceRank>0</ProductReferenceRank></ProductReference><ProductReference ProductReferenceType="Accessory"><CTN>HX9073/32</CTN><ProductReferenceRank>0</ProductReferenceRank></ProductReference><ProductReference ProductReferenceType="Accessory"><CTN>HX9073/33</CTN><ProductReferenceRank>0</ProductReferenceRank></ProductReference><ProductReference ProductReferenceType="Accessory"><CTN>HX9073/65</CTN><ProductReferenceRank>0</ProductReferenceRank></ProductReference><ProductReference ProductReferenceType="Accessory"><CTN>HX9076/07</CTN><ProductReferenceRank>0</ProductReferenceRank></ProductReference><RichTexts/></Product></Products>