<?xml version="1.0" encoding="UTF-8"?><Products xmlns:source="http://apache.org/cocoon/source/1.0" DocStatus="approved" DocTimeStamp="2018-03-17T09:27:57"><Product Country="CN" IsAccessory="false" IsMaster="false" Locale="zh_CN" lastModified="2018-03-16T05:02:34" masterLastModified="2017-05-13T00:14:12"><CTN>9006CVSM</CTN><Code12NC>867000119022</Code12NC><GTIN/><MarketingVersion>4.0.1</MarketingVersion><MarketingStatus>Final Published</MarketingStatus><CRDate>2014-03-07</CRDate><CRDateYW>201410</CRDateYW><ModelYears><ModelYear>2014</ModelYear></ModelYears><ProductDivision><ProductDivisionCode>0100</ProductDivisionCode><ProductDivisionName>Lighting</ProductDivisionName><FormerPDCode>0100</FormerPDCode></ProductDivision><ProductOwner>Marilyne Denis</ProductOwner><DTN>9006CVSM</DTN><Catalog><StartOfPublication>2017-06-15T00:00:00</StartOfPublication><EndOfPublication>2030-06-15T00:00:00</EndOfPublication><StartOfSales>2017-06-15T00:00:00</StartOfSales><EndOfSales>2030-06-15T00:00:00</EndOfSales><DummyPrice/><Deleted>false</Deleted><DeleteAfterDate/><ProductRank>50</ProductRank></Catalog><FinancialCategorization><BusinessGroupCode>9017</BusinessGroupCode><BusinessGroupName>Lamps and Accessoires</BusinessGroupName><BusinessUnitCode>9102</BusinessUnitCode><BusinessUnitName>Automotive Lamps</BusinessUnitName><MainArticleGroupCode>B10</MainArticleGroupCode><MainArticleGroupName>Halogen/Incandescent Headlighting</MainArticleGroupName><ArticleGroupCode>0810</ArticleGroupCode><ArticleGroupName>Halogen HL bulbs one filament SAE</ArticleGroupName></FinancialCategorization><Categorization type="CONSUMER"><GroupCode>AUTOMOTIVE_GR</GroupCode><GroupName>Automotive</GroupName><CategoryCode>CAR_LIGHTS_CA</CategoryCode><CategoryName>Car lights</CategoryName><SubcategoryCode>CAR_HEADLIGHTS_SU</SubcategoryCode><SubcategoryName>Headlights</SubcategoryName></Categorization><Assets><Asset code="9006CVSM" description="Leaflet" extension="pdf" lastModified="2018-03-14" locale="zh_CN" number="001" type="PSS">http://download.p4c.philips.com/files/9/9006cvsm/9006cvsm_pss_zhscn.pdf</Asset><Asset code="9006CVSM" description="Retail Trade Leaflet" extension="pdf" lastModified="2018-03-14" locale="zh_CN" number="001" type="RTL">http://download.p4c.philips.com/files/9/9006cvsm/9006cvsm_rtl_zhscn.pdf</Asset><Asset code="9006CVSM" description="Alternative product photograph 5 - highres 2196x1795" extension="tif" lastModified="2016-09-14" locale="global" number="001" type="A5P">http://images.philips.com/is/image/PhilipsConsumer/9006CVSM-A5P-global-001</Asset><Asset code="9006CVSM" description="Alternative product photograph - highres 2196x1795" extension="tif" lastModified="2014-06-02" locale="global" number="001" type="APP">http://images.philips.com/is/image/PhilipsConsumer/9006CVSM-APP-global-001</Asset><Asset code="9006CVSM" description="Packaging photograph - highres 1447x756" extension="tif" lastModified="2014-06-02" locale="global" number="001" type="PID">http://images.philips.com/is/image/PhilipsConsumer/9006CVSM-PID-global-001</Asset><Asset code="9006CVSM" description="Packaging photograph - master" extension="jpg" lastModified="2014-06-02" locale="global" number="001" type="PIM">http://download.p4c.philips.com/files/9/9006cvsm/9006cvsm_pim_.jpg</Asset><Asset code="9006CVSM" description="Packaging photograph - small 90x65" extension="jpg" lastModified="2014-06-02" locale="global" number="001" type="PIS">http://download.p4c.philips.com/files/9/9006cvsm/9006cvsm_pis_.jpg</Asset><Asset code="9006CVSM" description="Leaflet" extension="pdf" lastModified="2017-02-09" locale="global" number="001" type="PSS">http://download.p4c.philips.com/files/9/9006cvsm/9006cvsm_pss_.pdf</Asset><Asset code="9006CVSM" description="Standard product photograph - highres 2196x1795" extension="tif" lastModified="2016-09-14" locale="global" number="001" type="RTP">http://images.philips.com/is/image/PhilipsConsumer/9006CVSM-RTP-global-001</Asset><Asset code="9006CVSM" description="Single product shot" extension="" lastModified="2018-03-16" locale="zh_CN" number="" type="IMS">http://images.philips.com/is/image/PhilipsConsumer/9006CVSM-IMS-zh_CN</Asset><Asset code="9006CVSM" description="Product gallery image set" extension="" lastModified="2018-03-16" locale="zh_CN" number="" type="GAL">http://images.philips.com/is/image/PhilipsConsumer/9006CVSM-GAL-zh_CN</Asset><Asset code="9006CVSM" description="Product URL" extension="" lastModified="2018-03-16" locale="zh_CN" number="" type="URL">http://www.philips.com.cn/c-p/9006CVSM/crystalvision-headlights</Asset><Asset code="F400058696" description="Feature photograph - highres 2100x1170" extension="tif" lastModified="2013-09-24" locale="global" number="001" type="FIL">http://images.philips.com/is/image/PhilipsConsumer/F400058696-FIL-global-001</Asset><Asset code="F400067382" description="Feature photograph - highres 2100x1170" extension="tif" lastModified="2014-06-02" locale="global" number="001" type="FIL">http://images.philips.com/is/image/PhilipsConsumer/F400067382-FIL-global-001</Asset><Asset code="F400067463" description="Feature photograph - highres 2100x1170" extension="tif" lastModified="2014-05-16" locale="global" number="001" type="FIL">http://images.philips.com/is/image/PhilipsConsumer/F400067463-FIL-global-001</Asset><Asset code="F400067464" description="Feature photograph - highres 2100x1170" extension="tif" lastModified="2014-05-15" locale="global" number="001" type="FIL">http://images.philips.com/is/image/PhilipsConsumer/F400067464-FIL-global-001</Asset><Asset code="PHI" description="Brand logo - highres 1476x886" extension="tif" lastModified="2016-02-18" locale="global" number="001" type="BRP">http://images.philips.com/is/image/PhilipsConsumer/PHI-BRP-global-001</Asset></Assets><ProductName>灯泡类型：HB4 每包 4 个 车灯</ProductName><FullProductName>飞利浦 CrystalVision 车灯 9006CVSM 灯泡类型：HB4 每包 4 个 12 伏，55 瓦 类型</FullProductName><NamingString><MasterBrand><BrandCode>PHI</BrandCode><BrandName>Philips</BrandName></MasterBrand><BrandString>飞利浦</BrandString><Family><FamilyCode>SB40005065</FamilyCode><FamilyName>CrystalVision</FamilyName><FamilyNameUsed>1</FamilyNameUsed></Family><Descriptor><DescriptorCode>D4023342</DescriptorCode><DescriptorName>车灯</DescriptorName></Descriptor><Alphanumeric>9006CVSM</Alphanumeric><VersionElement1><VersionElementCode>V4043979</VersionElementCode><VersionElementName>灯泡类型：HB4</VersionElementName></VersionElement1><VersionElement2><VersionElementCode>V4043917</VersionElementCode><VersionElementName>每包 4 个</VersionElementName></VersionElement2><VersionElement3><VersionElementCode>V4043920</VersionElementCode><VersionElementName>12 伏，55 瓦</VersionElementName></VersionElement3><VersionElement4><VersionElementCode>V4023235</VersionElementCode><VersionElementName>风格</VersionElementName></VersionElement4><VersionString>灯泡类型：HB4 每包 4 个 12 伏，55 瓦 类型</VersionString><BrandedFeatureString/><DescriptorBrandedFeatureString>车灯</DescriptorBrandedFeatureString></NamingString><WOW>驾驶亦时尚</WOW><SubWOW>4300K 明亮白光</SubWOW><MarketingTextHeader>飞利浦 CrystalVision 卤素车头灯可产生 4300K 明亮白光，显著提升您爱车的时尚度。借助蓝色涂层和镀银表面处理，您的爱车将看起来更加时尚</MarketingTextHeader><KeyBenefitArea><KeyBenefitAreaCode>K4033285</KeyBenefitAreaCode><KeyBenefitAreaName>高达 4300K 的明亮白光</KeyBenefitAreaName><KeyBenefitAreaRank>1</KeyBenefitAreaRank><Feature><FeatureCode>F400067382</FeatureCode><FeatureReferenceName>4300K bright white light - crystalvision</FeatureReferenceName><FeatureName>4300K 明亮白光</FeatureName><FeatureLongDescription>CrystalVision 4300K 明亮白光，提升时尚品味</FeatureLongDescription><FeatureGlossary>在蓝色涂层和镀银设计的衬托下，CrystalVision 提供 4300K 的亮白色车头灯光，因此视野变广，显眼度增加，城市行车、乡村驾驶两相皆宜</FeatureGlossary><FeatureRank>1</FeatureRank><FeatureTopRank>1</FeatureTopRank></Feature><Feature><FeatureCode>F400082961</FeatureCode><FeatureReferenceName>High-end look car</FeatureReferenceName><FeatureName>高端外观车型</FeatureName><FeatureLongDescription>亮白色与高端外观的效果匹配</FeatureLongDescription><FeatureGlossary>CrystalVision 随附两个颜色匹配的 w5w 位置灯，让您的爱车拥有高端车型的优质外观。</FeatureGlossary><FeatureRank>2</FeatureRank><FeatureTopRank>2</FeatureTopRank></Feature></KeyBenefitArea><KeyBenefitArea><KeyBenefitAreaCode>K4028659</KeyBenefitAreaCode><KeyBenefitAreaName>高品质、超久耐用的车头灯</KeyBenefitAreaName><KeyBenefitAreaRank>2</KeyBenefitAreaRank><Feature><FeatureCode>F400082931</FeatureCode><FeatureReferenceName>High quality quartz glass-^</FeatureReferenceName><FeatureName>高品质的石英玻璃</FeatureName><FeatureLongDescription>飞利浦汽车灯均采用高质量的石英玻璃制造</FeatureLongDescription><FeatureGlossary>抗紫外线石英玻璃的强度比硬质玻璃更大，能够更大限度的防震，抵抗表面温度的突然变化而爆炸的风险。飞利浦石英玻璃灯（灯丝 2650ºC，玻璃 800ºC）能够承受剧烈的热冲击。由于能够承受灯内压力增大，因此抗紫外线石英玻璃能够实现更佳照明效果。^适用于多种灯泡类型</FeatureGlossary><FeatureRank>6</FeatureRank><FeatureTopRank>3</FeatureTopRank></Feature><Feature><FeatureCode>F400082932</FeatureCode><FeatureReferenceName>Resistance against humidity-^</FeatureReferenceName><FeatureName>抗湿性</FeatureName><FeatureLongDescription>飞利浦汽车灯高度抗湿^</FeatureLongDescription><FeatureGlossary>灯泡点亮时，只有石英玻璃制成的灯泡（灯丝 2650°C，玻璃 800°C）才能抵抗热冲击：例如，如果一滴冷水接触到热灯泡，当您带着破损的车头灯装置驶过水塘时就可能发生这种情况。^适用于多种灯泡类型</FeatureGlossary><FeatureRank>7</FeatureRank><FeatureTopRank>4</FeatureTopRank></Feature><Feature><FeatureCode>F400058696</FeatureCode><FeatureReferenceName>UV Resistant</FeatureReferenceName><FeatureName>抗紫外线</FeatureName><FeatureLongDescription>飞利浦汽车灯高度抗紫外线</FeatureLongDescription><FeatureGlossary>飞利浦特殊的防紫外线涂层技术可保护车头灯，使其免受有害的紫外线辐射，这使得飞利浦紫外线涂层石英玻璃非常适合所有驾驶条件，并保证车头灯的使用寿命</FeatureGlossary><FeatureRank>8</FeatureRank><FeatureTopRank>5</FeatureTopRank></Feature><Feature><FeatureCode>F400067463</FeatureCode><FeatureReferenceName>Hidg quality-Designed for multiple usage</FeatureReferenceName><FeatureName>专为多用途而设计</FeatureName><FeatureLongDescription>种类齐全的 12 伏灯泡，适合所有功能</FeatureLongDescription><FeatureGlossary>哪种 12 伏灯泡适合哪种功能？飞利浦汽车提供了所有汽车专用功能：远光灯、近光灯、前雾灯、前指示灯、侧指示灯、后指示灯、刹车灯、倒车灯、后雾灯、牌照灯、后位/停车灯、室内灯。</FeatureGlossary><FeatureRank>5</FeatureRank><FeatureTopRank>6</FeatureTopRank></Feature><Feature><FeatureCode>F400067464</FeatureCode><FeatureReferenceName>Change by pairs -Highly recommended</FeatureReferenceName><FeatureName>成对更换</FeatureName><FeatureLongDescription>同时更换两个车前灯，实现更高的安全性</FeatureLongDescription><FeatureGlossary>强烈建议成对更换，以获得均衡的灯光效果</FeatureGlossary><FeatureRank>4</FeatureRank><FeatureTopRank>7</FeatureTopRank></Feature><Feature><FeatureCode>F400082915</FeatureCode><FeatureReferenceName>Car manufacturers' choice-100 years</FeatureReferenceName><FeatureName>汽车制造商的选择</FeatureName><FeatureLongDescription>飞利浦是主要汽车制造商的选择。</FeatureLongDescription><FeatureGlossary>100 年来，飞利浦一直处于汽车照明行业的最前沿，引入了已成为现代汽车标准的技术创新。目前，欧洲每两辆汽车、全球每三辆汽车中就有一辆配备了飞利浦照明灯。</FeatureGlossary><FeatureRank>3</FeatureRank><FeatureTopRank>8</FeatureTopRank></Feature></KeyBenefitArea><FeatureImage><FeatureCode>F400067382</FeatureCode><FeatureReferenceName>4300K bright white light - crystalvision</FeatureReferenceName><FeatureImageRank>1</FeatureImageRank></FeatureImage><FeatureImage><FeatureCode>F400082961</FeatureCode><FeatureReferenceName>High-end look car</FeatureReferenceName><FeatureImageRank>2</FeatureImageRank></FeatureImage><FeatureImage><FeatureCode>F400082931</FeatureCode><FeatureReferenceName>High quality quartz glass-^</FeatureReferenceName><FeatureImageRank>3</FeatureImageRank></FeatureImage><FeatureImage><FeatureCode>F400082932</FeatureCode><FeatureReferenceName>Resistance against humidity-^</FeatureReferenceName><FeatureImageRank>4</FeatureImageRank></FeatureImage><FeatureImage><FeatureCode>F400058696</FeatureCode><FeatureReferenceName>UV Resistant</FeatureReferenceName><FeatureImageRank>5</FeatureImageRank></FeatureImage><FeatureImage><FeatureCode>F400067463</FeatureCode><FeatureReferenceName>Hidg quality-Designed for multiple usage</FeatureReferenceName><FeatureImageRank>6</FeatureImageRank></FeatureImage><FeatureImage><FeatureCode>F400067464</FeatureCode><FeatureReferenceName>Change by pairs -Highly recommended</FeatureReferenceName><FeatureImageRank>7</FeatureImageRank></FeatureImage><FeatureImage><FeatureCode>F400082915</FeatureCode><FeatureReferenceName>Car manufacturers' choice-100 years</FeatureReferenceName><FeatureImageRank>8</FeatureImageRank></FeatureImage><FeatureHighlight><FeatureCode>F400067382</FeatureCode><FeatureReferenceName>4300K bright white light - crystalvision</FeatureReferenceName><FeatureHighlightRank>1</FeatureHighlightRank></FeatureHighlight><FeatureHighlight><FeatureCode>F400082961</FeatureCode><FeatureReferenceName>High-end look car</FeatureReferenceName><FeatureHighlightRank>2</FeatureHighlightRank></FeatureHighlight><FeatureHighlight><FeatureCode>F400082931</FeatureCode><FeatureReferenceName>High quality quartz glass-^</FeatureReferenceName><FeatureHighlightRank>3</FeatureHighlightRank></FeatureHighlight><FeatureHighlight><FeatureCode>F400082932</FeatureCode><FeatureReferenceName>Resistance against humidity-^</FeatureReferenceName><FeatureHighlightRank>4</FeatureHighlightRank></FeatureHighlight><FeatureHighlight><FeatureCode>F400058696</FeatureCode><FeatureReferenceName>UV Resistant</FeatureReferenceName><FeatureHighlightRank>5</FeatureHighlightRank></FeatureHighlight><FeatureHighlight><FeatureCode>F400067463</FeatureCode><FeatureReferenceName>Hidg quality-Designed for multiple usage</FeatureReferenceName><FeatureHighlightRank>6</FeatureHighlightRank></FeatureHighlight><FeatureHighlight><FeatureCode>F400067464</FeatureCode><FeatureReferenceName>Change by pairs -Highly recommended</FeatureReferenceName><FeatureHighlightRank>7</FeatureHighlightRank></FeatureHighlight><FeatureHighlight><FeatureCode>F400082915</FeatureCode><FeatureReferenceName>Car manufacturers' choice-100 years</FeatureReferenceName><FeatureHighlightRank>8</FeatureHighlightRank></FeatureHighlight><CSChapter><CSChapterCode>CH4006466</CSChapterCode><CSChapterName>产品描述</CSChapterName><CSChapterRank>1</CSChapterRank><CSItem><CSItemCode>IT4031500</CSItemCode><CSItemName>技术</CSItemName><CSItemRank>2</CSItemRank><CSItemIsFreeFormat>0</CSItemIsFreeFormat><CSValue><CSValueCode>VA4071791</CSValueCode><CSValueName>卤素灯</CSValueName><CSValueRank>6</CSValueRank></CSValue></CSItem><CSItem><CSItemCode>IT4031517</CSItemCode><CSItemName>应用</CSItemName><CSItemRank>5</CSItemRank><CSItemIsFreeFormat>0</CSItemIsFreeFormat><CSValue><CSValueCode>VA4079883</CSValueCode><CSValueName>附加远光灯</CSValueName><CSValueRank>1</CSValueRank></CSValue><CSValue><CSValueCode>VA4071898</CSValueCode><CSValueName>远光灯</CSValueName><CSValueRank>10</CSValueRank></CSValue><CSValue><CSValueCode>VA4071899</CSValueCode><CSValueName>近光灯</CSValueName><CSValueRank>11</CSValueRank></CSValue></CSItem><CSItem><CSItemCode>IT4034965</CSItemCode><CSItemName>规格</CSItemName><CSItemRank>10</CSItemRank><CSItemIsFreeFormat>1</CSItemIsFreeFormat><CSValue><CSValueCode>VA4081495</CSValueCode><CSValueName>HB4</CSValueName><CSValueRank>1</CSValueRank></CSValue></CSItem><CSItem><CSItemCode>IT4031521</CSItemCode><CSItemName>ECE 法规认证</CSItemName><CSItemRank>12</CSItemRank><CSItemIsFreeFormat>0</CSItemIsFreeFormat><CSValue><CSValueCode>VA4072196</CSValueCode><CSValueName>否</CSValueName><CSValueRank>2</CSValueRank></CSValue></CSItem><CSItem><CSItemCode>IT4031524</CSItemCode><CSItemName>ECE 标志</CSItemName><CSItemRank>13</CSItemRank><CSItemIsFreeFormat>0</CSItemIsFreeFormat><CSValue><CSValueCode>VA4082343</CSValueCode><CSValueName>N/A</CSValueName><CSValueRank>3</CSValueRank></CSValue></CSItem><CSItem><CSItemCode>IT4031519</CSItemCode><CSItemName>范围</CSItemName><CSItemRank>14</CSItemRank><CSItemIsFreeFormat>0</CSItemIsFreeFormat><CSValue><CSValueCode>VA4082340</CSValueCode><CSValueName>银战士</CSValueName><CSValueRank>5</CSValueRank></CSValue></CSItem><CSItem><CSItemCode>IT4035423</CSItemCode><CSItemName>基座</CSItemName><CSItemRank>15</CSItemRank><CSItemIsFreeFormat>1</CSItemIsFreeFormat><CSValue><CSValueCode>VA4082341</CSValueCode><CSValueName>P22d</CSValueName><CSValueRank>1</CSValueRank></CSValue></CSItem><CSItem><CSItemCode>IT4035583</CSItemCode><CSItemName>类型</CSItemName><CSItemRank>16</CSItemRank><CSItemIsFreeFormat>1</CSItemIsFreeFormat><CSValue><CSValueCode>VA4082844</CSValueCode><CSValueName>HB4 CrystalVision</CSValueName><CSValueRank>1</CSValueRank></CSValue></CSItem></CSChapter><CSChapter><CSChapterCode>CH4006521</CSChapterCode><CSChapterName>电子特性</CSChapterName><CSChapterRank>2</CSChapterRank><CSItem><CSItemCode>IT4031552</CSItemCode><CSItemName>电压</CSItemName><CSItemRank>1</CSItemRank><CSItemIsFreeFormat>0</CSItemIsFreeFormat><CSValue><CSValueCode>VA4082488</CSValueCode><CSValueName>12.8</CSValueName><CSValueRank>8</CSValueRank></CSValue><UnitOfMeasure><UnitOfMeasureCode>3000071</UnitOfMeasureCode><UnitOfMeasureName>伏</UnitOfMeasureName><UnitOfMeasureSymbol>伏</UnitOfMeasureSymbol></UnitOfMeasure></CSItem><CSItem><CSItemCode>IT4035426</CSItemCode><CSItemName>额定功率</CSItemName><CSItemRank>7</CSItemRank><CSItemIsFreeFormat>1</CSItemIsFreeFormat><CSValue><CSValueCode>VA4082344</CSValueCode><CSValueName>55</CSValueName><CSValueRank>1</CSValueRank></CSValue><UnitOfMeasure><UnitOfMeasureCode>3000072</UnitOfMeasureCode><UnitOfMeasureName>瓦特</UnitOfMeasureName><UnitOfMeasureSymbol>瓦</UnitOfMeasureSymbol></UnitOfMeasure></CSItem></CSChapter><CSChapter><CSChapterCode>CH4006483</CSChapterCode><CSChapterName>寿命</CSChapterName><CSChapterRank>3</CSChapterRank><CSItem><CSItemCode>IT4035428</CSItemCode><CSItemName>寿命</CSItemName><CSItemRank>4</CSItemRank><CSItemIsFreeFormat>1</CSItemIsFreeFormat><CSValue><CSValueCode>VA4082346</CSValueCode><CSValueName>B3/Tc(14V) = 180/360</CSValueName><CSValueRank>1</CSValueRank></CSValue></CSItem></CSChapter><CSChapter><CSChapterCode>CH4005203</CSChapterCode><CSChapterName>灯光特征</CSChapterName><CSChapterRank>4</CSChapterRank><CSItem><CSItemCode>IT4029159</CSItemCode><CSItemName>色温</CSItemName><CSItemRank>3</CSItemRank><CSItemIsFreeFormat>1</CSItemIsFreeFormat><CSValue><CSValueCode>VA4067572</CSValueCode><CSValueName>4300</CSValueName><CSValueRank>1</CSValueRank></CSValue><UnitOfMeasure><UnitOfMeasureCode>4000041</UnitOfMeasureCode><UnitOfMeasureName>K</UnitOfMeasureName><UnitOfMeasureSymbol>K</UnitOfMeasureSymbol></UnitOfMeasure></CSItem><CSItem><CSItemCode>IT4035427</CSItemCode><CSItemName>流明</CSItemName><CSItemRank>8</CSItemRank><CSItemIsFreeFormat>1</CSItemIsFreeFormat><CSValue><CSValueCode>VA4082345</CSValueCode><CSValueName>1095 ±15%</CSValueName><CSValueRank>1</CSValueRank></CSValue></CSItem><CSItem><CSItemCode>IT4031654</CSItemCode><CSItemName>色温</CSItemName><CSItemRank>11</CSItemRank><CSItemIsFreeFormat>0</CSItemIsFreeFormat><CSValue><CSValueCode>VA4082991</CSValueCode><CSValueName>高达 4300</CSValueName><CSValueRank>4</CSValueRank></CSValue><UnitOfMeasure><UnitOfMeasureCode>4000041</UnitOfMeasureCode><UnitOfMeasureName>K</UnitOfMeasureName><UnitOfMeasureSymbol>K</UnitOfMeasureSymbol></UnitOfMeasure></CSItem></CSChapter><CSChapter><CSChapterCode>3001177</CSChapterCode><CSChapterName>包装数据</CSChapterName><CSChapterRank>6</CSChapterRank><CSItem><CSItemCode>IT4000721</CSItemCode><CSItemName>包装类型</CSItemName><CSItemRank>9</CSItemRank><CSItemIsFreeFormat>0</CSItemIsFreeFormat><CSValue><CSValueCode>VA4099971</CSValueCode><CSValueName>SMA</CSValueName><CSValueRank>7</CSValueRank></CSValue></CSItem></CSChapter><Filters><Purpose type="Comparison"><Features><Feature code="F400067382" rank="1" referenceName="4300K bright white light - crystalvision"/><Feature code="F400082961" rank="2" referenceName="High-end look car"/><Feature code="F400082931" rank="3" referenceName="High quality quartz glass-^"/><Feature code="F400082932" rank="4" referenceName="Resistance against humidity-^"/><Feature code="F400058696" rank="5" referenceName="UV Resistant"/><Feature code="F400067463" rank="6" referenceName="Hidg quality-Designed for multiple usage"/><Feature code="F400067464" rank="7" referenceName="Change by pairs -Highly recommended"/><Feature code="F400082915" rank="8" referenceName="Car manufacturers' choice-100 years"/></Features><CSItems><CSItem code="IT4031552" rank="1" referenceName="电子特性 - 电压"/><CSItem code="IT4031500" rank="2" referenceName="产品描述 - 技术"/><CSItem code="IT4029159" rank="3" referenceName="灯光特征 - 色温"/><CSItem code="IT4035428" rank="4" referenceName="寿命 - 寿命"/><CSItem code="IT4031517" rank="5" referenceName="产品描述 - 应用"/><CSItem code="IT4035426" rank="7" referenceName="电子特性 - 额定功率"/><CSItem code="IT4035427" rank="8" referenceName="灯光特征 - 流明"/><CSItem code="IT4000721" rank="9" referenceName="包装数据 - 包装类型"/><CSItem code="IT4034965" rank="10" referenceName="产品描述 - 规格"/><CSItem code="IT4031654" rank="11" referenceName="灯光特征 - 色温"/><CSItem code="IT4031521" rank="12" referenceName="产品描述 - ECE 法规认证"/><CSItem code="IT4031524" rank="13" referenceName="产品描述 - ECE 标志"/><CSItem code="IT4031519" rank="14" referenceName="产品描述 - 范围"/><CSItem code="IT4035423" rank="15" referenceName="产品描述 - 基座"/><CSItem code="IT4035583" rank="16" referenceName="产品描述 - 类型"/></CSItems></Purpose><Purpose type="Detail"><Features><Feature code="F400067382" rank="1" referenceName="4300K bright white light - crystalvision"/><Feature code="F400082961" rank="2" referenceName="High-end look car"/><Feature code="F400082931" rank="3" referenceName="High quality quartz glass-^"/><Feature code="F400082932" rank="4" referenceName="Resistance against humidity-^"/><Feature code="F400058696" rank="5" referenceName="UV Resistant"/><Feature code="F400067463" rank="6" referenceName="Hidg quality-Designed for multiple usage"/><Feature code="F400067464" rank="7" referenceName="Change by pairs -Highly recommended"/><Feature code="F400082915" rank="8" referenceName="Car manufacturers' choice-100 years"/></Features><CSItems><CSItem code="IT4031552" rank="1" referenceName="电子特性 - 电压"/><CSItem code="IT4031500" rank="2" referenceName="产品描述 - 技术"/><CSItem code="IT4029159" rank="3" referenceName="灯光特征 - 色温"/><CSItem code="IT4035428" rank="4" referenceName="寿命 - 寿命"/><CSItem code="IT4031517" rank="5" referenceName="产品描述 - 应用"/><CSItem code="IT4035426" rank="7" referenceName="电子特性 - 额定功率"/><CSItem code="IT4035427" rank="8" referenceName="灯光特征 - 流明"/><CSItem code="IT4000721" rank="9" referenceName="包装数据 - 包装类型"/><CSItem code="IT4034965" rank="10" referenceName="产品描述 - 规格"/><CSItem code="IT4031654" rank="11" referenceName="灯光特征 - 色温"/><CSItem code="IT4031521" rank="12" referenceName="产品描述 - ECE 法规认证"/><CSItem code="IT4031524" rank="13" referenceName="产品描述 - ECE 标志"/><CSItem code="IT4031519" rank="14" referenceName="产品描述 - 范围"/><CSItem code="IT4035423" rank="15" referenceName="产品描述 - 基座"/><CSItem code="IT4035583" rank="16" referenceName="产品描述 - 类型"/></CSItems></Purpose></Filters><FeatureCompareGroups/><Disclaimers/><RichTexts/></Product></Products>