<?xml version="1.0" encoding="UTF-8"?><Products xmlns:source="http://apache.org/cocoon/source/1.0" DocStatus="approved" DocTimeStamp="2018-03-17T09:27:57"><Product Country="CN" IsAccessory="false" IsMaster="false" Locale="zh_CN" lastModified="2018-03-16T05:02:34" masterLastModified="2016-09-27T01:27:32"><CTN>FT688/14</CTN><GTIN>06947265412275</GTIN><MarketingVersion>4.0.1</MarketingVersion><MarketingStatus>Final Published</MarketingStatus><CRDate>2016-02-26</CRDate><CRDateYW>201609</CRDateYW><ModelYears><ModelYear>2016</ModelYear></ModelYears><ProductDivision><ProductDivisionCode>0200</ProductDivisionCode><ProductDivisionName>Consumer Lifestyle</ProductDivisionName><FormerPDCode>0300</FormerPDCode></ProductDivision><ProductOwner>Manish Kumar Singh</ProductOwner><DTN>FT688/14</DTN><Catalog><StartOfPublication>2016-03-05T00:00:00</StartOfPublication><EndOfPublication>2020-03-26T00:00:00</EndOfPublication><StartOfSales>2016-03-05T00:00:00</StartOfSales><EndOfSales>2020-03-26T00:00:00</EndOfSales><DummyPrice>329</DummyPrice><Deleted>false</Deleted><DeleteAfterDate/><ProductRank>97</ProductRank></Catalog><FinancialCategorization><BusinessGroupCode>9044</BusinessGroupCode><BusinessGroupName>Personal Care</BusinessGroupName><BusinessUnitCode>0321</BusinessUnitCode><BusinessUnitName>Male Grooming</BusinessUnitName><MainArticleGroupCode>E01</MainArticleGroupCode><MainArticleGroupName>Shaving 3 Heads</MainArticleGroupName><ArticleGroupCode>7161</ArticleGroupCode><ArticleGroupName>Lion &amp; Puma</ArticleGroupName></FinancialCategorization><Categorization type="CONSUMER"><GroupCode>PERSONAL_CARE_GR</GroupCode><GroupName>Personal care</GroupName><CategoryCode>MENS_SHAVING_CA</CategoryCode><CategoryName>FACE Shavers</CategoryName><SubcategoryCode>AQUATOUCH_SHAVERS_SU</SubcategoryCode><SubcategoryName>AquaTouch Shavers</SubcategoryName></Categorization><Assets><Asset code="FT688_14" description="User manual" extension="pdf" lastModified="2016-08-15" locale="zh_CN" number="001" type="DFU">http://download.p4c.philips.com/files/f/ft688_14/ft688_14_dfu_zhs.pdf</Asset><Asset code="FT688_14" description="Leaflet" extension="pdf" lastModified="2017-12-12" locale="zh_CN" number="001" type="PSS">http://download.p4c.philips.com/files/f/ft688_14/ft688_14_pss_zhscn.pdf</Asset><Asset code="FT688_14" description="Retail Trade Leaflet" extension="pdf" lastModified="2017-12-12" locale="zh_CN" number="001" type="RTL">http://download.p4c.philips.com/files/f/ft688_14/ft688_14_rtl_zhscn.pdf</Asset><Asset code="FT688_14" description="Alternative product photograph 1 - highres 2196x1795" extension="tif" lastModified="2016-03-18" locale="global" number="001" type="A1P">http://images.philips.com/is/image/PhilipsConsumer/FT688_14-A1P-global-001</Asset><Asset code="FT688_14" description="Alternative product photograph - highres 2196x1795" extension="tif" lastModified="2016-03-18" locale="global" number="001" type="APP">http://images.philips.com/is/image/PhilipsConsumer/FT688_14-APP-global-001</Asset><Asset code="FT688_14" description="Product detail 1 - highres 2196x1795" extension="tif" lastModified="2016-03-18" locale="global" number="001" type="D1P">http://images.philips.com/is/image/PhilipsConsumer/FT688_14-D1P-global-001</Asset><Asset code="FT688_14" description="Product detail photograph - highres 2196x2196" extension="tif" lastModified="2017-09-23" locale="global" number="001" type="DPP">http://images.philips.com/is/image/PhilipsConsumer/FT688_14-DPP-global-001</Asset><Asset code="FT688_14" description="Main in-use photograph - highres 2480x1462" extension="tif" lastModified="2016-03-18" locale="global" number="001" type="MI1">http://images.philips.com/is/image/PhilipsConsumer/FT688_14-MI1-global-001</Asset><Asset code="FT688_14" description="Packaging photograph - highres 1447x756" extension="tif" lastModified="2016-03-18" locale="global" number="001" type="PID">http://images.philips.com/is/image/PhilipsConsumer/FT688_14-PID-global-001</Asset><Asset code="FT688_14" description="Packaging photograph - master" extension="tif" lastModified="2016-03-18" locale="global" number="001" type="PIM">http://download.p4c.philips.com/files/f/ft688_14/ft688_14_pim_.tif</Asset><Asset code="FT688_14" description="Packaging photograph - small 90x65" extension="jpg" lastModified="2016-03-18" locale="global" number="001" type="PIS">http://download.p4c.philips.com/files/f/ft688_14/ft688_14_pis_.jpg</Asset><Asset code="FT688_14" description="Leaflet" extension="pdf" lastModified="2016-07-20" locale="global" number="001" type="PSS">http://download.p4c.philips.com/files/f/ft688_14/ft688_14_pss_.pdf</Asset><Asset code="FT688_14" description="Standard product photograph - highres 2196x1795" extension="tif" lastModified="2016-03-18" locale="global" number="001" type="RTP">http://images.philips.com/is/image/PhilipsConsumer/FT688_14-RTP-global-001</Asset><Asset code="FT688_14" description="Single product shot" extension="" lastModified="2018-03-16" locale="zh_CN" number="" type="IMS">http://images.philips.com/is/image/PhilipsConsumer/FT688_14-IMS-zh_CN</Asset><Asset code="FT688_14" description="Product gallery image set" extension="" lastModified="2018-03-16" locale="zh_CN" number="" type="GAL">http://images.philips.com/is/image/PhilipsConsumer/FT688_14-GAL-zh_CN</Asset><Asset code="FT688_14" description="Product URL" extension="" lastModified="2018-03-16" locale="zh_CN" number="" type="URL">http://www.philips.com.cn/c-p/FT688_14/-electric-shaver-wet-dry</Asset><Asset code="F400050717_FT688_14" description="Feature photograph - highres 2100x1170" extension="tif" lastModified="2016-03-23" locale="global" number="001" type="FIL">http://images.philips.com/is/image/PhilipsConsumer/F400050717_FT688_14-FIL-global-001</Asset><Asset code="F400050718" description="Feature photograph - highres 2100x1170" extension="tif" lastModified="2014-02-12" locale="global" number="001" type="FIL">http://images.philips.com/is/image/PhilipsConsumer/F400050718-FIL-global-001</Asset><Asset code="F400050719" description="Feature photograph - highres 2100x1170" extension="tif" lastModified="2013-04-23" locale="global" number="001" type="FIL">http://images.philips.com/is/image/PhilipsConsumer/F400050719-FIL-global-001</Asset><Asset code="F400050720" description="Feature photograph - highres 2100x1170" extension="tif" lastModified="2013-04-23" locale="global" number="001" type="FIL">http://images.philips.com/is/image/PhilipsConsumer/F400050720-FIL-global-001</Asset><Asset code="F400050721_FT688_14" description="Feature photograph - highres 2100x1170" extension="tif" lastModified="2013-05-03" locale="global" number="001" type="FIL">http://images.philips.com/is/image/PhilipsConsumer/F400050721_FT688_14-FIL-global-001</Asset><Asset code="F400050722" description="Feature photograph - highres 2100x1170" extension="tif" lastModified="2013-06-28" locale="global" number="001" type="FIL">http://images.philips.com/is/image/PhilipsConsumer/F400050722-FIL-global-001</Asset><Asset code="F400077360" description="Feature photograph - highres 2100x1170" extension="tif" lastModified="2016-03-23" locale="global" number="001" type="FIL">http://images.philips.com/is/image/PhilipsConsumer/F400077360-FIL-global-001</Asset><Asset code="PHI" description="Brand logo - highres 1476x886" extension="tif" lastModified="2016-02-18" locale="global" number="001" type="BRP">http://images.philips.com/is/image/PhilipsConsumer/PHI-BRP-global-001</Asset></Assets><ProductName>清洁切剃剃须刀头 电动剃须刀 干湿两用</ProductName><FullProductName>飞利浦 - 电动剃须刀 干湿两用 FT688/14 清洁切剃剃须刀头 干湿两用</FullProductName><NamingString><MasterBrand><BrandCode>PHI</BrandCode><BrandName>Philips</BrandName></MasterBrand><BrandString>飞利浦</BrandString><Family><FamilyCode>SB40005947</FamilyCode><FamilyName>-</FamilyName><FamilyNameUsed>0</FamilyNameUsed></Family><Descriptor><DescriptorCode>D4018342</DescriptorCode><DescriptorName>电动剃须刀 干湿两用</DescriptorName></Descriptor><Alphanumeric>FT688/14</Alphanumeric><VersionElement1><VersionElementCode>V4025704</VersionElementCode><VersionElementName>清洁切剃剃须刀头</VersionElementName></VersionElement1><VersionElement2><VersionElementCode>V4017763</VersionElementCode><VersionElementName>干湿两用</VersionElementName></VersionElement2><VersionString>清洁切剃剃须刀头 干湿两用</VersionString><BrandedFeatureString/><DescriptorBrandedFeatureString>电动剃须刀 干湿两用</DescriptorBrandedFeatureString></NamingString><WOW>清新净爽之选，享受舒适剃须体验</WOW><MarketingTextHeader>现在，您可以享受清新净爽的剃须，获得出色剃须体验和效果。使用 FreshTouch 进行湿剃或干剃，让肌肤倍感舒适。</MarketingTextHeader><KeyBenefitArea><KeyBenefitAreaCode>K4014012</KeyBenefitAreaCode><KeyBenefitAreaName>呵护皮肤</KeyBenefitAreaName><KeyBenefitAreaRank>1</KeyBenefitAreaRank><Feature><FeatureCode>F400050717_FT688_14</FeatureCode><FeatureReferenceName>Aquatec Wet &amp; Dry (Lion)</FeatureReferenceName><FeatureName>干湿两用</FeatureName><FeatureLongDescription>干湿双剃技术：带给您清新的湿剃（使用泡沫）或轻松的干剃</FeatureLongDescription><FeatureGlossary>采用干湿双剃密封防水技术的剃须刀可防水。您可以在沐浴时使用您的剃须啫喱或泡沫，加倍呵护肌肤。您也可以方便地进行干剃。剃须完成后，只需弹出刀头，在水龙头下冲洗即可轻松清洁剃须刀。</FeatureGlossary><FeatureRank>1</FeatureRank><FeatureTopRank>1</FeatureTopRank></Feature><Feature><FeatureCode>F400050718</FeatureCode><FeatureReferenceName>CloseCut blades (Lion)</FeatureReferenceName><FeatureName>清洁切剃刀片</FeatureName><FeatureLongDescription>清洁切剃刀片，在皮肤上轻柔滑动，感受顺滑贴合的剃须体验。</FeatureLongDescription><FeatureGlossary>清洁切剃刀片采用弧边设计，可使刀片在皮肤上顺畅滑动，确保您始终获得贴合舒适的剃须体验。</FeatureGlossary><FeatureRank>2</FeatureRank><FeatureTopRank>2</FeatureTopRank></Feature><Feature><FeatureCode>F400077360</FeatureCode><FeatureReferenceName>Anti-bacterial material</FeatureReferenceName><FeatureName>抗菌材料</FeatureName><FeatureLongDescription>抗菌材料</FeatureLongDescription><FeatureGlossary>Ag+ 银离子抗菌材料可抑制 99% 的细菌繁殖*针对金黄葡萄球菌，大肠杆菌测试，由专业检测机构依据国家标准完成。</FeatureGlossary><FeatureRank>3</FeatureRank><FeatureTopRank>7</FeatureTopRank></Feature></KeyBenefitArea><KeyBenefitArea><KeyBenefitAreaCode>K4015377</KeyBenefitAreaCode><KeyBenefitAreaName>性能</KeyBenefitAreaName><KeyBenefitAreaRank>2</KeyBenefitAreaRank><Feature><FeatureCode>F400050719</FeatureCode><FeatureReferenceName>Long-lasting blades (Lion)</FeatureReferenceName><FeatureName>刀片持久耐用</FeatureName><FeatureLongDescription>持久刀片性能，使用寿命长达 2 年</FeatureLongDescription><FeatureGlossary>为达到杰出效果，请每 2 年更换一次剃须刀头。</FeatureGlossary><FeatureRank>1</FeatureRank><FeatureTopRank>3</FeatureTopRank></Feature></KeyBenefitArea><KeyBenefitArea><KeyBenefitAreaCode>K300000216</KeyBenefitAreaCode><KeyBenefitAreaName>易于使用</KeyBenefitAreaName><KeyBenefitAreaRank>3</KeyBenefitAreaRank><Feature><FeatureCode>F400050720</FeatureCode><FeatureReferenceName>Cordless use (Lion)</FeatureReferenceName><FeatureName>无线使用</FeatureName><FeatureLongDescription>充电 10 小时，即可不接电源线使用 30 分钟以上。</FeatureLongDescription><FeatureGlossary>不接电源线使用方便。可不接电源线使用 30 分钟以上。10 小时即可充满电。</FeatureGlossary><FeatureRank>1</FeatureRank><FeatureTopRank>4</FeatureTopRank></Feature><Feature><FeatureCode>F400050721_FT688_14</FeatureCode><FeatureReferenceName>Easy to grip (Lion)</FeatureReferenceName><FeatureName>易于抓握</FeatureName><FeatureLongDescription>符合人体工程学设计的手柄，操控自如，准确舒适。</FeatureLongDescription><FeatureGlossary>剃须刀手柄采用人体工程学设计，配有防滑涂层，让您在剃须时操控自如，准确。</FeatureGlossary><FeatureRank>2</FeatureRank><FeatureTopRank>5</FeatureTopRank></Feature><Feature><FeatureCode>F400050722</FeatureCode><FeatureReferenceName>Built to last (Lion)</FeatureReferenceName><FeatureName>经久耐用</FeatureName><FeatureLongDescription>2 年保修，全球电压以及可更换刀片。</FeatureLongDescription><FeatureGlossary>所有剃须刀均提供 2 年全球保修并可适应各种电压。</FeatureGlossary><FeatureRank>3</FeatureRank><FeatureTopRank>6</FeatureTopRank></Feature></KeyBenefitArea><FeatureImage><FeatureCode>F400050717_FT688_14</FeatureCode><FeatureReferenceName>Aquatec Wet &amp; Dry (Lion)</FeatureReferenceName><FeatureImageRank>1</FeatureImageRank></FeatureImage><FeatureImage><FeatureCode>F400050718</FeatureCode><FeatureReferenceName>CloseCut blades (Lion)</FeatureReferenceName><FeatureImageRank>2</FeatureImageRank></FeatureImage><FeatureImage><FeatureCode>F400050719</FeatureCode><FeatureReferenceName>Long-lasting blades (Lion)</FeatureReferenceName><FeatureImageRank>3</FeatureImageRank></FeatureImage><FeatureImage><FeatureCode>F400050720</FeatureCode><FeatureReferenceName>Cordless use (Lion)</FeatureReferenceName><FeatureImageRank>4</FeatureImageRank></FeatureImage><FeatureImage><FeatureCode>F400050721_FT688_14</FeatureCode><FeatureReferenceName>Easy to grip (Lion)</FeatureReferenceName><FeatureImageRank>5</FeatureImageRank></FeatureImage><FeatureImage><FeatureCode>F400050722</FeatureCode><FeatureReferenceName>Built to last (Lion)</FeatureReferenceName><FeatureImageRank>6</FeatureImageRank></FeatureImage><FeatureImage><FeatureCode>F400077360</FeatureCode><FeatureReferenceName>Anti-bacterial material</FeatureReferenceName><FeatureImageRank>7</FeatureImageRank></FeatureImage><FeatureHighlight><FeatureCode>F400050717_FT688_14</FeatureCode><FeatureReferenceName>Aquatec Wet &amp; Dry (Lion)</FeatureReferenceName><FeatureHighlightRank>1</FeatureHighlightRank></FeatureHighlight><FeatureHighlight><FeatureCode>F400050718</FeatureCode><FeatureReferenceName>CloseCut blades (Lion)</FeatureReferenceName><FeatureHighlightRank>2</FeatureHighlightRank></FeatureHighlight><FeatureHighlight><FeatureCode>F400050719</FeatureCode><FeatureReferenceName>Long-lasting blades (Lion)</FeatureReferenceName><FeatureHighlightRank>3</FeatureHighlightRank></FeatureHighlight><FeatureHighlight><FeatureCode>F400050720</FeatureCode><FeatureReferenceName>Cordless use (Lion)</FeatureReferenceName><FeatureHighlightRank>4</FeatureHighlightRank></FeatureHighlight><FeatureHighlight><FeatureCode>F400050721_FT688_14</FeatureCode><FeatureReferenceName>Easy to grip (Lion)</FeatureReferenceName><FeatureHighlightRank>5</FeatureHighlightRank></FeatureHighlight><FeatureHighlight><FeatureCode>F400050722</FeatureCode><FeatureReferenceName>Built to last (Lion)</FeatureReferenceName><FeatureHighlightRank>6</FeatureHighlightRank></FeatureHighlight><FeatureHighlight><FeatureCode>F400077360</FeatureCode><FeatureReferenceName>Anti-bacterial material</FeatureReferenceName><FeatureHighlightRank>7</FeatureHighlightRank></FeatureHighlight><CSChapter><CSChapterCode>3001096</CSChapterCode><CSChapterName>设计</CSChapterName><CSChapterRank>2</CSChapterRank><CSItem><CSItemCode>S_0000001</CSItemCode><CSItemName>颜色</CSItemName><CSItemRank>1</CSItemRank><CSItemIsFreeFormat>1</CSItemIsFreeFormat><CSValue><CSValueCode>VA4007102</CSValueCode><CSValueName>黑色和红色</CSValueName><CSValueRank>1</CSValueRank></CSValue></CSItem><CSItem><CSItemCode>IT4007987</CSItemCode><CSItemName>表面处理</CSItemName><CSItemRank>2</CSItemRank><CSItemIsFreeFormat>0</CSItemIsFreeFormat><CSValue><CSValueCode>VA4075101</CSValueCode><CSValueName>普通塑料</CSValueName><CSValueRank>1</CSValueRank></CSValue></CSItem><CSItem><CSItemCode>IT4008709</CSItemCode><CSItemName>手柄</CSItemName><CSItemRank>3</CSItemRank><CSItemIsFreeFormat>0</CSItemIsFreeFormat><CSValue><CSValueCode>VA4064587</CSValueCode><CSValueName>人体工程学易握手柄</CSValueName><CSValueRank>1</CSValueRank></CSValue></CSItem></CSChapter><CSChapter><CSChapterCode>CH4001524</CSChapterCode><CSChapterName>操作简易</CSChapterName><CSChapterRank>3</CSChapterRank><CSItem><CSItemCode>IT4007983</CSItemCode><CSItemName>干湿两用</CSItemName><CSItemRank>1</CSItemRank><CSItemIsFreeFormat>0</CSItemIsFreeFormat><CSValue><CSValueCode>VA4064611</CSValueCode><CSValueName>是</CSValueName><CSValueRank>1</CSValueRank></CSValue></CSItem><CSItem><CSItemCode>IT4007985</CSItemCode><CSItemName>清洁</CSItemName><CSItemRank>2</CSItemRank><CSItemIsFreeFormat>0</CSItemIsFreeFormat><CSValue><CSValueCode>VA4033821</CSValueCode><CSValueName>全方位防水设计</CSValueName><CSValueRank>1</CSValueRank></CSValue></CSItem><CSItem><CSItemCode>IT4007980</CSItemCode><CSItemName>显示屏</CSItemName><CSItemRank>3</CSItemRank><CSItemIsFreeFormat>0</CSItemIsFreeFormat><CSValue><CSValueCode>VA4064603</CSValueCode><CSValueName>1 个 LED 指示灯</CSValueName><CSValueRank>1</CSValueRank></CSValue></CSItem><CSItem><CSItemCode>IT4007984</CSItemCode><CSItemName>剃须时间</CSItemName><CSItemRank>4</CSItemRank><CSItemIsFreeFormat>1</CSItemIsFreeFormat><CSValue><CSValueCode>VA4019888</CSValueCode><CSValueName>30 分钟以上，至少可剃须 10 次</CSValueName><CSValueRank>1</CSValueRank></CSValue></CSItem><CSItem><CSItemCode>IT4027494</CSItemCode><CSItemName>工作中</CSItemName><CSItemRank>5</CSItemRank><CSItemIsFreeFormat>0</CSItemIsFreeFormat><CSValue><CSValueCode>VA4064595</CSValueCode><CSValueName>可充电电池</CSValueName><CSValueRank>1</CSValueRank></CSValue><CSValue><CSValueCode>VA4064594</CSValueCode><CSValueName>无线使用</CSValueName><CSValueRank>2</CSValueRank></CSValue></CSItem><CSItem><CSItemCode>IT4015296</CSItemCode><CSItemName>充电时间</CSItemName><CSItemRank>6</CSItemRank><CSItemIsFreeFormat>0</CSItemIsFreeFormat><CSValue><CSValueCode>VA4052861</CSValueCode><CSValueName>10 小时</CSValueName><CSValueRank>1</CSValueRank></CSValue></CSItem><CSItem><CSItemCode>IT4027496</CSItemCode><CSItemName>显示屏指示</CSItemName><CSItemRank>7</CSItemRank><CSItemIsFreeFormat>0</CSItemIsFreeFormat><CSValue><CSValueCode>VA4064606</CSValueCode><CSValueName>电池电量不足</CSValueName><CSValueRank>1</CSValueRank></CSValue><CSValue><CSValueCode>VA4064607</CSValueCode><CSValueName>充电</CSValueName><CSValueRank>2</CSValueRank></CSValue></CSItem></CSChapter><CSChapter><CSChapterCode>3000821</CSChapterCode><CSChapterName>功率</CSChapterName><CSChapterRank>8</CSChapterRank><CSItem><CSItemCode>IT4015297</CSItemCode><CSItemName>自动电压</CSItemName><CSItemRank>1</CSItemRank><CSItemIsFreeFormat>0</CSItemIsFreeFormat><CSValue><CSValueCode>VA4030670</CSValueCode><CSValueName>100-240 伏</CSValueName><CSValueRank>1</CSValueRank></CSValue></CSItem><CSItem><CSItemCode>3006920</CSItemCode><CSItemName>电池类型</CSItemName><CSItemRank>2</CSItemRank><CSItemIsFreeFormat>0</CSItemIsFreeFormat><CSValue><CSValueCode>3033284</CSValueCode><CSValueName>镍氢电池</CSValueName><CSValueRank>1</CSValueRank></CSValue></CSItem><CSItem><CSItemCode>IT4027497</CSItemCode><CSItemName>最大功耗</CSItemName><CSItemRank>3</CSItemRank><CSItemIsFreeFormat>0</CSItemIsFreeFormat><CSValue><CSValueCode>VA4075102</CSValueCode><CSValueName>2.0</CSValueName><CSValueRank>1</CSValueRank></CSValue><UnitOfMeasure><UnitOfMeasureCode>3000072</UnitOfMeasureCode><UnitOfMeasureName>瓦特</UnitOfMeasureName><UnitOfMeasureSymbol>瓦</UnitOfMeasureSymbol></UnitOfMeasure></CSItem><CSItem><CSItemCode>IT4009439</CSItemCode><CSItemName>待机功耗</CSItemName><CSItemRank>4</CSItemRank><CSItemIsFreeFormat>0</CSItemIsFreeFormat><CSValue><CSValueCode>VA4033102</CSValueCode><CSValueName>&lt; 0.25</CSValueName><CSValueRank>1</CSValueRank></CSValue><UnitOfMeasure><UnitOfMeasureCode>3000072</UnitOfMeasureCode><UnitOfMeasureName>瓦特</UnitOfMeasureName><UnitOfMeasureSymbol>瓦</UnitOfMeasureSymbol></UnitOfMeasure></CSItem></CSChapter><CSChapter><CSChapterCode>CHA_0000049</CSChapterCode><CSChapterName>服务</CSChapterName><CSChapterRank>9</CSChapterRank><CSItem><CSItemCode>IT4027498</CSItemCode><CSItemName>保修</CSItemName><CSItemRank>1</CSItemRank><CSItemIsFreeFormat>0</CSItemIsFreeFormat><CSValue><CSValueCode>VA4064613</CSValueCode><CSValueName>2 年保修</CSValueName><CSValueRank>1</CSValueRank></CSValue></CSItem><CSItem><CSItemCode>IT4027499</CSItemCode><CSItemName>替换刀头</CSItemName><CSItemRank>2</CSItemRank><CSItemIsFreeFormat>0</CSItemIsFreeFormat><CSValue><CSValueCode>VA4068342</CSValueCode><CSValueName>每两年更换一次刀头 HQ56</CSValueName><CSValueRank>1</CSValueRank></CSValue></CSItem></CSChapter><CSChapter><CSChapterCode>CH4001523</CSChapterCode><CSChapterName>剃须性能</CSChapterName><CSChapterRank>10</CSChapterRank><CSItem><CSItemCode>IT4007976</CSItemCode><CSItemName>剃须系统</CSItemName><CSItemRank>1</CSItemRank><CSItemIsFreeFormat>0</CSItemIsFreeFormat><CSValue><CSValueCode>VA4068343</CSValueCode><CSValueName>清洁切剃刀片</CSValueName><CSValueRank>2</CSValueRank></CSValue></CSItem><CSItem><CSItemCode>IT4007978</CSItemCode><CSItemName>肌肤舒适</CSItemName><CSItemRank>1</CSItemRank><CSItemIsFreeFormat>0</CSItemIsFreeFormat><CSValue><CSValueCode>VA4081202</CSValueCode><CSValueName>干湿两用</CSValueName><CSValueRank>1</CSValueRank></CSValue></CSItem></CSChapter><Filters><Purpose type="Comparison"><Features><Feature code="F400050717_FT688_14" rank="1" referenceName="Aquatec Wet &amp; Dry (Lion)"/><Feature code="F400050718" rank="2" referenceName="CloseCut blades (Lion)"/><Feature code="F400050719" rank="3" referenceName="Long-lasting blades (Lion)"/><Feature code="F400050720" rank="4" referenceName="Cordless use (Lion)"/><Feature code="F400050721_FT688_14" rank="5" referenceName="Easy to grip (Lion)"/><Feature code="F400050722" rank="6" referenceName="Built to last (Lion)"/><Feature code="F400077360" rank="7" referenceName="Anti-bacterial material"/></Features><CSItems><CSItem code="S_0000001" rank="1" referenceName="设计 - 颜色"/><CSItem code="IT4007983" rank="1" referenceName="操作简易 - 干湿两用"/><CSItem code="IT4015297" rank="1" referenceName="功率 - 自动电压"/><CSItem code="IT4027498" rank="1" referenceName="服务 - 保修"/><CSItem code="IT4007976" rank="1" referenceName="剃须性能 - 剃须系统"/><CSItem code="IT4007978" rank="1" referenceName="剃须性能 - 肌肤舒适"/><CSItem code="IT4007987" rank="2" referenceName="设计 - 表面处理"/><CSItem code="IT4007985" rank="2" referenceName="操作简易 - 清洁"/><CSItem code="3006920" rank="2" referenceName="功率 - 电池类型"/><CSItem code="IT4027499" rank="2" referenceName="服务 - 替换刀头"/><CSItem code="IT4008709" rank="3" referenceName="设计 - 手柄"/><CSItem code="IT4007980" rank="3" referenceName="操作简易 - 显示屏"/><CSItem code="IT4027497" rank="3" referenceName="功率 - 最大功耗"/><CSItem code="IT4007984" rank="4" referenceName="操作简易 - 剃须时间"/><CSItem code="IT4009439" rank="4" referenceName="功率 - 待机功耗"/><CSItem code="IT4027494" rank="5" referenceName="操作简易 - 工作中"/><CSItem code="IT4015296" rank="6" referenceName="操作简易 - 充电时间"/><CSItem code="IT4027496" rank="7" referenceName="操作简易 - 显示屏指示"/></CSItems></Purpose><Purpose type="Detail"><Features><Feature code="F400050717_FT688_14" rank="1" referenceName="Aquatec Wet &amp; Dry (Lion)"/><Feature code="F400050718" rank="2" referenceName="CloseCut blades (Lion)"/><Feature code="F400050719" rank="3" referenceName="Long-lasting blades (Lion)"/><Feature code="F400050720" rank="4" referenceName="Cordless use (Lion)"/><Feature code="F400050721_FT688_14" rank="5" referenceName="Easy to grip (Lion)"/><Feature code="F400050722" rank="6" referenceName="Built to last (Lion)"/><Feature code="F400077360" rank="7" referenceName="Anti-bacterial material"/></Features><CSItems><CSItem code="S_0000001" rank="1" referenceName="设计 - 颜色"/><CSItem code="IT4007983" rank="1" referenceName="操作简易 - 干湿两用"/><CSItem code="IT4015297" rank="1" referenceName="功率 - 自动电压"/><CSItem code="IT4027498" rank="1" referenceName="服务 - 保修"/><CSItem code="IT4007976" rank="1" referenceName="剃须性能 - 剃须系统"/><CSItem code="IT4007978" rank="1" referenceName="剃须性能 - 肌肤舒适"/><CSItem code="IT4007987" rank="2" referenceName="设计 - 表面处理"/><CSItem code="IT4007985" rank="2" referenceName="操作简易 - 清洁"/><CSItem code="3006920" rank="2" referenceName="功率 - 电池类型"/><CSItem code="IT4027499" rank="2" referenceName="服务 - 替换刀头"/><CSItem code="IT4008709" rank="3" referenceName="设计 - 手柄"/><CSItem code="IT4007980" rank="3" referenceName="操作简易 - 显示屏"/><CSItem code="IT4027497" rank="3" referenceName="功率 - 最大功耗"/><CSItem code="IT4007984" rank="4" referenceName="操作简易 - 剃须时间"/><CSItem code="IT4009439" rank="4" referenceName="功率 - 待机功耗"/><CSItem code="IT4027494" rank="5" referenceName="操作简易 - 工作中"/><CSItem code="IT4015296" rank="6" referenceName="操作简易 - 充电时间"/><CSItem code="IT4027496" rank="7" referenceName="操作简易 - 显示屏指示"/></CSItems></Purpose></Filters><FeatureCompareGroups/><Disclaimers><Disclaimer code="DIS40010384" rank="1" referenceName="IPX4(refreshtouch)"><DisclaimerText>完整产品与所有附件具有 IPX4 防水等级</DisclaimerText><DisclaimElements/></Disclaimer><Disclaimer code="DIS40010383" rank="2" referenceName="IPX7(freshtouch)"><DisclaimerText>所有 4 个型号的按键模块均具有 IPX7 防水等级</DisclaimerText><DisclaimElements/></Disclaimer></Disclaimers><ProductReference ProductReferenceType="Accessory"><CTN>CRP338/01</CTN><ProductReferenceRank>0</ProductReferenceRank></ProductReference><ProductReference ProductReferenceType="Accessory"><CTN>HQ110/01</CTN><ProductReferenceRank>0</ProductReferenceRank></ProductReference><ProductReference ProductReferenceType="Accessory"><CTN>HQ110/02</CTN><ProductReferenceRank>0</ProductReferenceRank></ProductReference><ProductReference ProductReferenceType="Accessory"><CTN>HQ110/42</CTN><ProductReferenceRank>0</ProductReferenceRank></ProductReference><RichTexts/></Product></Products>