<?xml version="1.0" encoding="UTF-8"?><Products xmlns:source="http://apache.org/cocoon/source/1.0" DocStatus="approved" DocTimeStamp="2018-03-17T09:27:57"><Product Country="CN" IsAccessory="false" IsMaster="false" Locale="zh_CN" lastModified="2018-03-15T04:52:07" masterLastModified="2018-02-09T00:42:40"><CTN>HR3752/00</CTN><GTIN>06923410755251</GTIN><MarketingVersion>2.0.1</MarketingVersion><MarketingStatus>Final Published</MarketingStatus><CRDate>2018-02-02</CRDate><CRDateYW>201805</CRDateYW><ModelYears><ModelYear>2018</ModelYear></ModelYears><ProductDivision><ProductDivisionCode>0200</ProductDivisionCode><ProductDivisionName>Consumer Lifestyle</ProductDivisionName><FormerPDCode>0300</FormerPDCode></ProductDivision><ProductOwner>Nene Shi</ProductOwner><DTN>HR3752/00</DTN><Catalog><StartOfPublication>2018-03-21T00:00:00</StartOfPublication><EndOfPublication>2022-03-02T00:00:00</EndOfPublication><StartOfSales>2018-03-21T00:00:00</StartOfSales><EndOfSales>2022-03-02T00:00:00</EndOfSales><DummyPrice/><Deleted>false</Deleted><DeleteAfterDate/><ProductRank>50</ProductRank></Catalog><FinancialCategorization><BusinessGroupCode>9042</BusinessGroupCode><BusinessGroupName>Domestic Appliances</BusinessGroupName><BusinessUnitCode>0341</BusinessUnitCode><BusinessUnitName>Philips brand Kitchen Appliances</BusinessUnitName><MainArticleGroupCode>L81</MainArticleGroupCode><MainArticleGroupName>Liquid Health</MainArticleGroupName><ArticleGroupCode>8520</ArticleGroupCode><ArticleGroupName>Blender high end</ArticleGroupName></FinancialCategorization><Categorization type="CONSUMER"><GroupCode>HOUSEHOLD_PRODUCTS_GR</GroupCode><GroupName>Household products</GroupName><CategoryCode>FOOD_PREPARATION_CA2</CategoryCode><CategoryName>Food Preparation</CategoryName><SubcategoryCode>BLENDERS_SU2</SubcategoryCode><SubcategoryName>Blender</SubcategoryName></Categorization><Assets><Asset code="HR3752_00" description="User manual" extension="pdf" lastModified="2018-02-07" locale="zh_CN" number="001" type="DFU">http://download.p4c.philips.com/files/h/hr3752_00/hr3752_00_dfu_zhs.pdf</Asset><Asset code="HR3752_00" description="High Quality product movie 1" extension="mp4" lastModified="2018-02-28" locale="zh_CN" number="001" type="HQ1">http://download.p4c.philips.com/files/h/hr3752_00/hr3752_00_hq1_zhs.mp4</Asset><Asset code="HR3752_00" description="High Quality product movie 2" extension="mp4" lastModified="2018-02-28" locale="zh_CN" number="001" type="HQ2">http://download.p4c.philips.com/files/h/hr3752_00/hr3752_00_hq2_zhs.mp4</Asset><Asset code="HR3752_00" description="High Quality product movie 3" extension="mp4" lastModified="2018-02-28" locale="zh_CN" number="001" type="HQ3">http://download.p4c.philips.com/files/h/hr3752_00/hr3752_00_hq3_zhs.mp4</Asset><Asset code="HR3752_00" description="High Quality product movie 4" extension="mp4" lastModified="2018-02-28" locale="zh_CN" number="001" type="HQ4">http://download.p4c.philips.com/files/h/hr3752_00/hr3752_00_hq4_zhs.mp4</Asset><Asset code="HR3752_00" description="High Quality product movie 5" extension="mp4" lastModified="2018-02-28" locale="zh_CN" number="001" type="HQ5">http://download.p4c.philips.com/files/h/hr3752_00/hr3752_00_hq5_zhs.mp4</Asset><Asset code="HR3752_00" description="Product movie 2" extension="flv" lastModified="2018-02-28" locale="zh_CN" number="001" type="PM2">http://download.p4c.philips.com/files/h/hr3752_00/hr3752_00_pm2_zhs.flv</Asset><Asset code="HR3752_00" description="Product movie 3" extension="flv" lastModified="2018-02-28" locale="zh_CN" number="001" type="PM3">http://download.p4c.philips.com/files/h/hr3752_00/hr3752_00_pm3_zhs.flv</Asset><Asset code="HR3752_00" description="Product movie 4" extension="flv" lastModified="2018-02-28" locale="zh_CN" number="001" type="PM4">http://download.p4c.philips.com/files/h/hr3752_00/hr3752_00_pm4_zhs.flv</Asset><Asset code="HR3752_00" description="Product movie 5" extension="flv" lastModified="2018-02-28" locale="zh_CN" number="001" type="PM5">http://download.p4c.philips.com/files/h/hr3752_00/hr3752_00_pm5_zhs.flv</Asset><Asset code="HR3752_00" description="Product movie 1" extension="flv" lastModified="2018-02-28" locale="zh_CN" number="001" type="PRM">http://download.p4c.philips.com/files/h/hr3752_00/hr3752_00_prm_zhs.flv</Asset><Asset code="HR3752_00" description="Leaflet" extension="pdf" lastModified="2018-03-02" locale="zh_CN" number="001" type="PSS">http://download.p4c.philips.com/files/h/hr3752_00/hr3752_00_pss_zhscn.pdf</Asset><Asset code="HR3752_00" description="Retail Trade Leaflet" extension="pdf" lastModified="2018-03-06" locale="zh_CN" number="001" type="RTL">http://download.p4c.philips.com/files/h/hr3752_00/hr3752_00_rtl_zhscn.pdf</Asset><Asset code="HR3752_00" description="Front product photograph - highres 2196x1795" extension="tif" lastModified="2017-12-28" locale="global" number="001" type="_FP">http://images.philips.com/is/image/PhilipsConsumer/HR3752_00-_FP-global-001</Asset><Asset code="HR3752_00" description="Alternative product photograph 1 - highres 2196x1795" extension="tif" lastModified="2017-12-28" locale="global" number="001" type="A1P">http://images.philips.com/is/image/PhilipsConsumer/HR3752_00-A1P-global-001</Asset><Asset code="HR3752_00" description="Alternative product photograph 2 - highres 2196x1795" extension="tif" lastModified="2017-12-28" locale="global" number="001" type="A2P">http://images.philips.com/is/image/PhilipsConsumer/HR3752_00-A2P-global-001</Asset><Asset code="HR3752_00" description="Alternative product photograph - highres 2196x1795" extension="tif" lastModified="2017-12-28" locale="global" number="001" type="APP">http://images.philips.com/is/image/PhilipsConsumer/HR3752_00-APP-global-001</Asset><Asset code="HR3752_00" description="Emotional benefit photograph - highres 514x514" extension="tif" lastModified="2018-02-06" locale="global" number="001" type="BPP">http://images.philips.com/is/image/PhilipsConsumer/HR3752_00-BPP-global-001</Asset><Asset code="HR3752_00" description="Product detail 1 - highres 2196x1795" extension="tif" lastModified="2017-12-28" locale="global" number="001" type="D1P">http://images.philips.com/is/image/PhilipsConsumer/HR3752_00-D1P-global-001</Asset><Asset code="HR3752_00" description="Product detail 2 - highres 2196x1795" extension="tif" lastModified="2017-12-28" locale="global" number="001" type="D2P">http://images.philips.com/is/image/PhilipsConsumer/HR3752_00-D2P-global-001</Asset><Asset code="HR3752_00" description="Emotional Benefit 1 - highres 2196x1795" extension="tif" lastModified="2018-03-13" locale="global" number="001" type="E1P">http://images.philips.com/is/image/PhilipsConsumer/HR3752_00-E1P-global-001</Asset><Asset code="HR3752_00" description="Main in-use photograph - highres 2480x1462" extension="tif" lastModified="2018-02-06" locale="global" number="001" type="MI1">http://images.philips.com/is/image/PhilipsConsumer/HR3752_00-MI1-global-001</Asset><Asset code="HR3752_00" description="Leaflet" extension="pdf" lastModified="2018-02-10" locale="global" number="001" type="PSS">http://download.p4c.philips.com/files/h/hr3752_00/hr3752_00_pss_.pdf</Asset><Asset code="HR3752_00" description="Standard product photograph - highres 2196x1795" extension="tif" lastModified="2017-12-28" locale="global" number="001" type="RTP">http://images.philips.com/is/image/PhilipsConsumer/HR3752_00-RTP-global-001</Asset><Asset code="HR3752_00" description="Single product shot" extension="" lastModified="2018-03-15" locale="zh_CN" number="" type="IMS">http://images.philips.com/is/image/PhilipsConsumer/HR3752_00-IMS-zh_CN</Asset><Asset code="HR3752_00" description="Product gallery image set" extension="" lastModified="2018-03-15" locale="zh_CN" number="" type="GAL">http://images.philips.com/is/image/PhilipsConsumer/HR3752_00-GAL-zh_CN</Asset><Asset code="HR3752_00" description="Product URL" extension="" lastModified="2018-03-15" locale="zh_CN" number="" type="URL">http://www.philips.com.cn/c-p/HR3752_00/high-speed-vacuum-blender</Asset><Asset code="F400082762" description="Feature photograph - highres 2100x1170" extension="tif" lastModified="2017-05-01" locale="global" number="001" type="FIL">http://images.philips.com/is/image/PhilipsConsumer/F400082762-FIL-global-001</Asset><Asset code="F400082763" description="Feature photograph - highres 2100x1170" extension="tif" lastModified="2017-05-01" locale="global" number="001" type="FIL">http://images.philips.com/is/image/PhilipsConsumer/F400082763-FIL-global-001</Asset><Asset code="F400082786" description="Feature photograph - highres 2100x1170" extension="tif" lastModified="2017-05-02" locale="global" number="001" type="FIL">http://images.philips.com/is/image/PhilipsConsumer/F400082786-FIL-global-001</Asset><Asset code="F400082788" description="Feature photograph - highres 2100x1170" extension="tif" lastModified="2017-05-02" locale="global" number="001" type="FIL">http://images.philips.com/is/image/PhilipsConsumer/F400082788-FIL-global-001</Asset><Asset code="F400083139" description="Feature photograph - highres 2100x1170" extension="tif" lastModified="2017-06-27" locale="global" number="001" type="FIL">http://images.philips.com/is/image/PhilipsConsumer/F400083139-FIL-global-001</Asset><Asset code="F400083743" description="Feature photograph - highres 2100x1170" extension="tif" lastModified="2017-10-16" locale="global" number="001" type="FIL">http://images.philips.com/is/image/PhilipsConsumer/F400083743-FIL-global-001</Asset><Asset code="F400084624" description="Feature photograph - highres 2100x1170" extension="tif" lastModified="2017-10-16" locale="global" number="001" type="FIL">http://images.philips.com/is/image/PhilipsConsumer/F400084624-FIL-global-001</Asset><Asset code="F400084626" description="Feature photograph - highres 2100x1170" extension="tif" lastModified="2017-10-16" locale="global" number="001" type="FIL">http://images.philips.com/is/image/PhilipsConsumer/F400084626-FIL-global-001</Asset><Asset code="F400084628" description="Feature photograph - highres 2100x1170" extension="tif" lastModified="2017-10-16" locale="global" number="001" type="FIL">http://images.philips.com/is/image/PhilipsConsumer/F400084628-FIL-global-001</Asset><Asset code="F400084633" description="Feature photograph - highres 2100x1170" extension="tif" lastModified="2017-10-16" locale="global" number="001" type="FIL">http://images.philips.com/is/image/PhilipsConsumer/F400084633-FIL-global-001</Asset><Asset code="GA_GREEN" description="needs to be blocked as code in CCR Global award logo - master" extension="eps" lastModified="2010-09-22" locale="global" number="001" type="GAL">GA_GREEN-GAL-global-001.eps</Asset><Asset code="GA_GREEN" description="Global award logo - highres 590x590" extension="tif" lastModified="2010-09-22" locale="global" number="001" type="GAP">http://images.philips.com/is/image/PhilipsConsumer/GA_GREEN-GAP-global-001</Asset><Asset code="PHI" description="Brand logo - highres 1476x886" extension="tif" lastModified="2016-02-18" locale="global" number="001" type="BRP">http://images.philips.com/is/image/PhilipsConsumer/PHI-BRP-global-001</Asset></Assets><ProductName>Avance 高速真空破壁料理机</ProductName><FullProductName>飞利浦 高速真空破壁料理机 HR3752/00 Avance 真空技术 ProBlend 3D 1400W</FullProductName><NamingString><MasterBrand><BrandCode>PHI</BrandCode><BrandName>Philips</BrandName></MasterBrand><BrandString>飞利浦</BrandString><Descriptor><DescriptorCode>D4030112</DescriptorCode><DescriptorName>高速真空破壁料理机</DescriptorName></Descriptor><Alphanumeric>HR3752/00</Alphanumeric><VersionElement1><VersionElementCode>V4045417</VersionElementCode><VersionElementName>Avance</VersionElementName></VersionElement1><VersionElement2><VersionElementCode>V4045418</VersionElementCode><VersionElementName>真空技术</VersionElementName></VersionElement2><VersionElement3><VersionElementCode>V4043368</VersionElementCode><VersionElementName>ProBlend 3D</VersionElementName></VersionElement3><VersionElement4><VersionElementCode>V4006227</VersionElementCode><VersionElementName>1400 瓦</VersionElementName></VersionElement4><VersionString>Avance 真空技术 ProBlend 3D 1400W</VersionString><BrandedFeatureString/><DescriptorBrandedFeatureString>高速真空破壁料理机</DescriptorBrandedFeatureString></NamingString><WOW>让冰昔保鲜一整天*</WOW><SubWOW>在真空条件下充分搅拌</SubWOW><MarketingTextHeader>真空破壁搅拌能防止搅拌过程中出现的氧化现象，让您的饮品新鲜富含维生素，口感好。1400W 功率马达动力强劲，转速可达 35,000 转/分，结合Problend 6 3D 技术能释放多种营养成分。</MarketingTextHeader><KeyBenefitArea><KeyBenefitAreaCode>K4034896</KeyBenefitAreaCode><KeyBenefitAreaName>在真空条件下进行细腻搅拌</KeyBenefitAreaName><KeyBenefitAreaRank>1</KeyBenefitAreaRank><Feature><FeatureCode>F400084622</FeatureCode><FeatureReferenceName>Vacuum technology</FeatureReferenceName><FeatureName>真空技术</FeatureName><FeatureLongDescription>真空技术</FeatureLongDescription><FeatureGlossary>真空技术在搅拌之前从搅拌杯中抽出氧气。最终搅拌物中呈现结果：气泡更少、泡沫更少、果汁分离更少。奶昔保鲜时间更长。</FeatureGlossary><FeatureRank>1</FeatureRank><FeatureTopRank>1</FeatureTopRank></Feature><Feature><FeatureCode>F400084624</FeatureCode><FeatureReferenceName>Preset program for vacuum and smoothie blending</FeatureReferenceName><FeatureName>程序设置</FeatureName><FeatureLongDescription>预设程序用于真空和奶昔搅拌</FeatureLongDescription><FeatureGlossary>3 种程序可选：真空奶昔、暂动、碎冰。能够制作您喜爱的任何奶昔。</FeatureGlossary><FeatureRank>2</FeatureRank><FeatureTopRank>2</FeatureTopRank></Feature><Feature><FeatureCode>F400084626</FeatureCode><FeatureReferenceName>Strong Tritan jar</FeatureReferenceName><FeatureName>耐用 Tritan 搅拌杯</FeatureName><FeatureLongDescription>耐用 Tritan 搅拌杯</FeatureLongDescription><FeatureGlossary>Tritan 搅拌杯采用聚酯材料，比玻璃搅拌杯轻。不易留气味或污渍。是制作您喜爱的奶昔的理想环境。</FeatureGlossary><FeatureRank>3</FeatureRank><FeatureTopRank>3</FeatureTopRank></Feature><Feature><FeatureCode>F400084628</FeatureCode><FeatureReferenceName>Manual mode with variable speed</FeatureReferenceName><FeatureName>选择您的搅拌速度</FeatureName><FeatureLongDescription>多档手动调速模式</FeatureLongDescription><FeatureGlossary>可以低速搅拌软质水果或高速强力粉碎硬质蔬果，轻松调节料理所需的转速。</FeatureGlossary><FeatureRank>4</FeatureRank><FeatureTopRank>4</FeatureTopRank></Feature></KeyBenefitArea><KeyBenefitArea><KeyBenefitAreaCode>K4033734</KeyBenefitAreaCode><KeyBenefitAreaName>释放多种营养成分</KeyBenefitAreaName><KeyBenefitAreaRank>2</KeyBenefitAreaRank><Feature><FeatureCode>F400082762</FeatureCode><FeatureReferenceName>Powerful 1400W motor for smoother blends</FeatureReferenceName><FeatureName>功率强劲，顺滑搅拌</FeatureName><FeatureLongDescription>强劲的 1400 瓦马达，搅拌顺滑</FeatureLongDescription><FeatureGlossary>得益于 1400 瓦的马达，达到蔬果细腻的搅拌效果。</FeatureGlossary><FeatureRank>1</FeatureRank><FeatureTopRank>5</FeatureTopRank></Feature><Feature><FeatureCode>F400082763</FeatureCode><FeatureReferenceName>Advanced ProBlend 6 3D blending technology</FeatureReferenceName><FeatureName>释放多种营养成分</FeatureName><FeatureLongDescription>高级 ProBlend 6 3D 搅拌技术</FeatureLongDescription><FeatureGlossary>我们研发了 ProBlend 6 3D 技术，可确保精细搅拌冰昔中的所有原料 – 因此，水果、蔬菜和坚果中的营养成分可从细胞结构中得以释放且易于人体吸收。</FeatureGlossary><FeatureRank>2</FeatureRank><FeatureTopRank>6</FeatureTopRank></Feature><Feature><FeatureCode>F400083139</FeatureCode><FeatureReferenceName>Up to 35000 RPM</FeatureReferenceName><FeatureName>高达 35000 转/分</FeatureName><FeatureLongDescription>高达 35000 转/分</FeatureLongDescription><FeatureGlossary>35000 转/分，可实现均匀的搅拌效果，制作健康的冰昔</FeatureGlossary><FeatureRank>3</FeatureRank><FeatureTopRank>7</FeatureTopRank></Feature></KeyBenefitArea><KeyBenefitArea><KeyBenefitAreaCode>K300000390</KeyBenefitAreaCode><KeyBenefitAreaName>操作简易</KeyBenefitAreaName><KeyBenefitAreaRank>3</KeyBenefitAreaRank><Feature><FeatureCode>F400082786</FeatureCode><FeatureReferenceName>Dishwasher safe blender jar</FeatureReferenceName><FeatureName>可放心用洗碗机清洗，易于清洁</FeatureName><FeatureLongDescription>可放心用洗碗机清洗搅拌杯</FeatureLongDescription><FeatureGlossary>飞利浦搅拌机所有可拆卸部件均可放心用洗碗机清洗 - 刀件组件除外。刀头冲洗即可。如果需要，底座可用布擦净。</FeatureGlossary><FeatureRank>1</FeatureRank><FeatureTopRank>8</FeatureTopRank></Feature><Feature><FeatureCode>F400082788</FeatureCode><FeatureReferenceName>Detachable blades for easy rinsing</FeatureReferenceName><FeatureName>可拆卸式搅拌机刀头</FeatureName><FeatureLongDescription>可拆卸式刀片，易于冲洗</FeatureLongDescription><FeatureGlossary>只需将刀件组从搅拌杯上拆卸下来，即可冲洗干净。为了保持刀头锋利，请不要使用洗碗机清洗。</FeatureGlossary><FeatureRank>2</FeatureRank><FeatureTopRank>9</FeatureTopRank></Feature><Feature><FeatureCode>F400084633</FeatureCode><FeatureReferenceName>Single press for preset programs</FeatureReferenceName><FeatureName>4 个一键预设程序</FeatureName><FeatureLongDescription>一键即可选择预设程序</FeatureLongDescription><FeatureGlossary>一键选择预设程序，包括真空、碎冰和真空 + 奶昔搅拌</FeatureGlossary><FeatureRank>3</FeatureRank><FeatureTopRank>10</FeatureTopRank></Feature></KeyBenefitArea><KeyBenefitArea><KeyBenefitAreaCode>KBA_0000860</KeyBenefitAreaCode><KeyBenefitAreaName>质量保证</KeyBenefitAreaName><KeyBenefitAreaRank>4</KeyBenefitAreaRank><Feature><FeatureCode>F400083743</FeatureCode><FeatureReferenceName>2-year worldwide warranty</FeatureReferenceName><FeatureName>我们优质产品的承诺</FeatureName><FeatureLongDescription>2 年全球保修</FeatureLongDescription><FeatureGlossary>产品具有 2 年全球保修 – 我们确保产品的品质和操作性能。</FeatureGlossary><FeatureRank>1</FeatureRank><FeatureTopRank>11</FeatureTopRank></Feature></KeyBenefitArea><FeatureImage><FeatureCode>F400084622</FeatureCode><FeatureReferenceName>Vacuum technology</FeatureReferenceName><FeatureImageRank>1</FeatureImageRank></FeatureImage><FeatureImage><FeatureCode>F400084624</FeatureCode><FeatureReferenceName>Preset program for vacuum and smoothie blending</FeatureReferenceName><FeatureImageRank>2</FeatureImageRank></FeatureImage><FeatureImage><FeatureCode>F400084626</FeatureCode><FeatureReferenceName>Strong Tritan jar</FeatureReferenceName><FeatureImageRank>3</FeatureImageRank></FeatureImage><FeatureImage><FeatureCode>F400084628</FeatureCode><FeatureReferenceName>Manual mode with variable speed</FeatureReferenceName><FeatureImageRank>4</FeatureImageRank></FeatureImage><FeatureImage><FeatureCode>F400082762</FeatureCode><FeatureReferenceName>Powerful 1400W motor for smoother blends</FeatureReferenceName><FeatureImageRank>5</FeatureImageRank></FeatureImage><FeatureImage><FeatureCode>F400082763</FeatureCode><FeatureReferenceName>Advanced ProBlend 6 3D blending technology</FeatureReferenceName><FeatureImageRank>6</FeatureImageRank></FeatureImage><FeatureImage><FeatureCode>F400083139</FeatureCode><FeatureReferenceName>Up to 35000 RPM</FeatureReferenceName><FeatureImageRank>7</FeatureImageRank></FeatureImage><FeatureImage><FeatureCode>F400082786</FeatureCode><FeatureReferenceName>Dishwasher safe blender jar</FeatureReferenceName><FeatureImageRank>8</FeatureImageRank></FeatureImage><FeatureImage><FeatureCode>F400082788</FeatureCode><FeatureReferenceName>Detachable blades for easy rinsing</FeatureReferenceName><FeatureImageRank>9</FeatureImageRank></FeatureImage><FeatureImage><FeatureCode>F400084633</FeatureCode><FeatureReferenceName>Single press for preset programs</FeatureReferenceName><FeatureImageRank>10</FeatureImageRank></FeatureImage><FeatureImage><FeatureCode>F400083743</FeatureCode><FeatureReferenceName>2-year worldwide warranty</FeatureReferenceName><FeatureImageRank>11</FeatureImageRank></FeatureImage><FeatureHighlight><FeatureCode>F400084622</FeatureCode><FeatureReferenceName>Vacuum technology</FeatureReferenceName><FeatureHighlightRank>1</FeatureHighlightRank></FeatureHighlight><FeatureHighlight><FeatureCode>F400084624</FeatureCode><FeatureReferenceName>Preset program for vacuum and smoothie blending</FeatureReferenceName><FeatureHighlightRank>2</FeatureHighlightRank></FeatureHighlight><FeatureHighlight><FeatureCode>F400084626</FeatureCode><FeatureReferenceName>Strong Tritan jar</FeatureReferenceName><FeatureHighlightRank>3</FeatureHighlightRank></FeatureHighlight><FeatureHighlight><FeatureCode>F400084628</FeatureCode><FeatureReferenceName>Manual mode with variable speed</FeatureReferenceName><FeatureHighlightRank>4</FeatureHighlightRank></FeatureHighlight><FeatureHighlight><FeatureCode>F400082762</FeatureCode><FeatureReferenceName>Powerful 1400W motor for smoother blends</FeatureReferenceName><FeatureHighlightRank>5</FeatureHighlightRank></FeatureHighlight><FeatureHighlight><FeatureCode>F400082763</FeatureCode><FeatureReferenceName>Advanced ProBlend 6 3D blending technology</FeatureReferenceName><FeatureHighlightRank>6</FeatureHighlightRank></FeatureHighlight><FeatureHighlight><FeatureCode>F400083139</FeatureCode><FeatureReferenceName>Up to 35000 RPM</FeatureReferenceName><FeatureHighlightRank>7</FeatureHighlightRank></FeatureHighlight><FeatureHighlight><FeatureCode>F400082786</FeatureCode><FeatureReferenceName>Dishwasher safe blender jar</FeatureReferenceName><FeatureHighlightRank>8</FeatureHighlightRank></FeatureHighlight><FeatureHighlight><FeatureCode>F400082788</FeatureCode><FeatureReferenceName>Detachable blades for easy rinsing</FeatureReferenceName><FeatureHighlightRank>9</FeatureHighlightRank></FeatureHighlight><FeatureHighlight><FeatureCode>F400084633</FeatureCode><FeatureReferenceName>Single press for preset programs</FeatureReferenceName><FeatureHighlightRank>10</FeatureHighlightRank></FeatureHighlight><FeatureHighlight><FeatureCode>F400083743</FeatureCode><FeatureReferenceName>2-year worldwide warranty</FeatureReferenceName><FeatureHighlightRank>11</FeatureHighlightRank></FeatureHighlight><CSChapter><CSChapterCode>3000815</CSChapterCode><CSChapterName>附件</CSChapterName><CSChapterRank>1</CSChapterRank><CSItem><CSItemCode>IT4014581</CSItemCode><CSItemName>随附</CSItemName><CSItemRank>1</CSItemRank><CSItemIsFreeFormat>0</CSItemIsFreeFormat><CSValue><CSValueCode>VA4090242</CSValueCode><CSValueName>碎冰刀片</CSValueName><CSValueRank>1</CSValueRank></CSValue></CSItem></CSChapter><CSChapter><CSChapterCode>CHA_0000009</CSChapterCode><CSChapterName>普通参数</CSChapterName><CSChapterRank>2</CSChapterRank><CSItem><CSItemCode>IT4038463</CSItemCode><CSItemName>产品功能</CSItemName><CSItemRank>1</CSItemRank><CSItemIsFreeFormat>0</CSItemIsFreeFormat><CSValue><CSValueCode>VA4089477</CSValueCode><CSValueName>脉冲</CSValueName><CSValueRank>1</CSValueRank></CSValue><CSValue><CSValueCode>VA4089478</CSValueCode><CSValueName>变速</CSValueName><CSValueRank>2</CSValueRank></CSValue></CSItem><CSItem><CSItemCode>IT4044003</CSItemCode><CSItemName>真空奶昔按钮</CSItemName><CSItemRank>2</CSItemRank><CSItemIsFreeFormat>0</CSItemIsFreeFormat><CSValue><CSValueCode>VA4101285</CSValueCode><CSValueName>是</CSValueName><CSValueRank>1</CSValueRank></CSValue></CSItem><CSItem><CSItemCode>IT4044006</CSItemCode><CSItemName>主要特征</CSItemName><CSItemRank>3</CSItemRank><CSItemIsFreeFormat>0</CSItemIsFreeFormat><CSValue><CSValueCode>VA4101287</CSValueCode><CSValueName>ProBlend 6 3D</CSValueName><CSValueRank>1</CSValueRank></CSValue></CSItem></CSChapter><CSChapter><CSChapterCode>3000956</CSChapterCode><CSChapterName>技术规格</CSChapterName><CSChapterRank>3</CSChapterRank><CSItem><CSItemCode>IT4038478</CSItemCode><CSItemName>搅拌杯容量</CSItemName><CSItemRank>1</CSItemRank><CSItemIsFreeFormat>1</CSItemIsFreeFormat><CSValue><CSValueCode>VA4089500</CSValueCode><CSValueName>1.8 有效容量</CSValueName><CSValueRank>1</CSValueRank></CSValue><UnitOfMeasure><UnitOfMeasureCode>4000010</UnitOfMeasureCode><UnitOfMeasureName>-升</UnitOfMeasureName><UnitOfMeasureSymbol>升</UnitOfMeasureSymbol></UnitOfMeasure></CSItem><CSItem><CSItemCode>S_0000022</CSItemCode><CSItemName>功率</CSItemName><CSItemRank>2</CSItemRank><CSItemIsFreeFormat>1</CSItemIsFreeFormat><CSValue><CSValueCode>VA4007107</CSValueCode><CSValueName>1400</CSValueName><CSValueRank>1</CSValueRank></CSValue><UnitOfMeasure><UnitOfMeasureCode>3000072</UnitOfMeasureCode><UnitOfMeasureName>瓦特</UnitOfMeasureName><UnitOfMeasureSymbol>瓦</UnitOfMeasureSymbol></UnitOfMeasure></CSItem></CSChapter><CSChapter><CSChapterCode>3001096</CSChapterCode><CSChapterName>设计</CSChapterName><CSChapterRank>4</CSChapterRank><CSItem><CSItemCode>3011951</CSItemCode><CSItemName>颜色</CSItemName><CSItemRank>1</CSItemRank><CSItemIsFreeFormat>0</CSItemIsFreeFormat><CSValue><CSValueCode>VA4053416</CSValueCode><CSValueName>金属</CSValueName><CSValueRank>1</CSValueRank></CSValue></CSItem></CSChapter><CSChapter><CSChapterCode>CHA_0000013</CSChapterCode><CSChapterName>表面处理</CSChapterName><CSChapterRank>5</CSChapterRank><CSItem><CSItemCode>IT4038948</CSItemCode><CSItemName>搅拌杯材料</CSItemName><CSItemRank>1</CSItemRank><CSItemIsFreeFormat>1</CSItemIsFreeFormat><CSValue><CSValueCode>VA4090594</CSValueCode><CSValueName>Tritan</CSValueName><CSValueRank>1</CSValueRank></CSValue></CSItem><CSItem><CSItemCode>IT4038930</CSItemCode><CSItemName>机身材料</CSItemName><CSItemRank>2</CSItemRank><CSItemIsFreeFormat>1</CSItemIsFreeFormat><CSValue><CSValueCode>VA4090527</CSValueCode><CSValueName>SS</CSValueName><CSValueRank>1</CSValueRank></CSValue></CSItem></CSChapter><Filters><Purpose type="Comparison"><Features><Feature code="F400084622" rank="1" referenceName="Vacuum technology"/><Feature code="F400084624" rank="2" referenceName="Preset program for vacuum and smoothie blending"/><Feature code="F400084626" rank="3" referenceName="Strong Tritan jar"/><Feature code="F400084628" rank="4" referenceName="Manual mode with variable speed"/><Feature code="F400082762" rank="5" referenceName="Powerful 1400W motor for smoother blends"/><Feature code="F400082763" rank="6" referenceName="Advanced ProBlend 6 3D blending technology"/><Feature code="F400083139" rank="7" referenceName="Up to 35000 RPM"/><Feature code="F400082786" rank="8" referenceName="Dishwasher safe blender jar"/><Feature code="F400082788" rank="9" referenceName="Detachable blades for easy rinsing"/><Feature code="F400084633" rank="10" referenceName="Single press for preset programs"/><Feature code="F400083743" rank="11" referenceName="2-year worldwide warranty"/></Features><CSItems><CSItem code="IT4014581" rank="1" referenceName="附件 - 随附"/><CSItem code="IT4038463" rank="1" referenceName="普通参数 - 产品功能"/><CSItem code="IT4038478" rank="1" referenceName="技术规格 - 搅拌杯容量"/><CSItem code="3011951" rank="1" referenceName="设计 - 颜色"/><CSItem code="IT4038948" rank="1" referenceName="表面处理 - 搅拌杯材料"/><CSItem code="IT4044003" rank="2" referenceName="普通参数 - 真空奶昔按钮"/><CSItem code="S_0000022" rank="2" referenceName="技术规格 - 功率"/><CSItem code="IT4038930" rank="2" referenceName="表面处理 - 机身材料"/><CSItem code="IT4044006" rank="3" referenceName="普通参数 - 主要特征"/></CSItems></Purpose><Purpose type="Detail"><Features><Feature code="F400084622" rank="1" referenceName="Vacuum technology"/><Feature code="F400084624" rank="2" referenceName="Preset program for vacuum and smoothie blending"/><Feature code="F400084626" rank="3" referenceName="Strong Tritan jar"/><Feature code="F400084628" rank="4" referenceName="Manual mode with variable speed"/><Feature code="F400082762" rank="5" referenceName="Powerful 1400W motor for smoother blends"/><Feature code="F400082763" rank="6" referenceName="Advanced ProBlend 6 3D blending technology"/><Feature code="F400083139" rank="7" referenceName="Up to 35000 RPM"/><Feature code="F400082786" rank="8" referenceName="Dishwasher safe blender jar"/><Feature code="F400082788" rank="9" referenceName="Detachable blades for easy rinsing"/><Feature code="F400084633" rank="10" referenceName="Single press for preset programs"/><Feature code="F400083743" rank="11" referenceName="2-year worldwide warranty"/></Features><CSItems><CSItem code="IT4014581" rank="1" referenceName="附件 - 随附"/><CSItem code="IT4038463" rank="1" referenceName="普通参数 - 产品功能"/><CSItem code="IT4038478" rank="1" referenceName="技术规格 - 搅拌杯容量"/><CSItem code="3011951" rank="1" referenceName="设计 - 颜色"/><CSItem code="IT4038948" rank="1" referenceName="表面处理 - 搅拌杯材料"/><CSItem code="IT4044003" rank="2" referenceName="普通参数 - 真空奶昔按钮"/><CSItem code="S_0000022" rank="2" referenceName="技术规格 - 功率"/><CSItem code="IT4038930" rank="2" referenceName="表面处理 - 机身材料"/><CSItem code="IT4044006" rank="3" referenceName="普通参数 - 主要特征"/></CSItems></Purpose></Filters><FeatureCompareGroups/><Disclaimers><Disclaimer code="DIS40012076" rank="1" referenceName="Keep smoothies fresher throughout the day*"><DisclaimerText>由独立实验室于 2017 年 11/12 月进行测试，与不使用飞利浦 HR3752 真空功能进行搅拌的情况进行比较。</DisclaimerText><DisclaimElements/></Disclaimer></Disclaimers><Award AwardType="global"><AwardCode>GA_GREEN</AwardCode><AwardName>飞利浦绿色标志</AwardName><AwardDescription>飞利浦绿色产品可以降低成本、节省能源和减少二氧化碳排放。如何做到？它们在一个或多个飞利浦绿色焦点领域 – 能效、包装、有害物质、重量、回收和处理，还有使用寿命可靠性做出了显著的环保改善。</AwardDescription><AwardText>飞利浦绿色标志</AwardText><AwardRank>3</AwardRank></Award><RichTexts/></Product></Products>