<?xml version="1.0" encoding="UTF-8"?><Products xmlns:source="http://apache.org/cocoon/source/1.0" DocStatus="approved" DocTimeStamp="2018-03-17T09:27:57"><Product Country="CN" IsAccessory="false" IsMaster="false" Locale="zh_CN" lastModified="2018-03-16T05:02:34" masterLastModified="2017-05-13T00:14:12"><CTN>85126WHV2X2</CTN><Code12NC>867000142747</Code12NC><GTIN/><MarketingVersion>4.0.1</MarketingVersion><MarketingStatus>Final Published</MarketingStatus><CRDate>2016-08-26</CRDate><CRDateYW>201635</CRDateYW><ModelYears><ModelYear>2016</ModelYear></ModelYears><ProductDivision><ProductDivisionCode>0100</ProductDivisionCode><ProductDivisionName>Lighting</ProductDivisionName><FormerPDCode>0100</FormerPDCode></ProductDivision><ProductOwner>Marilyne Denis</ProductOwner><DTN>85126WHV2X2</DTN><Catalog><StartOfPublication>2017-06-15T00:00:00</StartOfPublication><EndOfPublication>2030-06-15T00:00:00</EndOfPublication><StartOfSales>2017-06-15T00:00:00</StartOfSales><EndOfSales>2030-06-15T00:00:00</EndOfSales><DummyPrice/><Deleted>false</Deleted><DeleteAfterDate/><ProductRank>50</ProductRank></Catalog><FinancialCategorization><BusinessGroupCode>9017</BusinessGroupCode><BusinessGroupName>Lamps and Accessoires</BusinessGroupName><BusinessUnitCode>9102</BusinessUnitCode><BusinessUnitName>Automotive Lamps</BusinessUnitName><MainArticleGroupCode>B11</MainArticleGroupCode><MainArticleGroupName>High pressure gasdischarge headlamp</MainArticleGroupName><ArticleGroupCode>0820</ArticleGroupCode><ArticleGroupName>Xenon bulbs</ArticleGroupName></FinancialCategorization><Categorization type="CONSUMER"><GroupCode>AUTOMOTIVE_GR</GroupCode><GroupName>Automotive</GroupName><CategoryCode>CAR_LIGHTS_CA</CategoryCode><CategoryName>Car lights</CategoryName><SubcategoryCode>CAR_HEADLIGHTS_SU</SubcategoryCode><SubcategoryName>Headlights</SubcategoryName></Categorization><Assets><Asset code="85126WHV2X2" description="Leaflet" extension="pdf" lastModified="2018-03-14" locale="zh_CN" number="001" type="PSS">http://download.p4c.philips.com/files/8/85126whv2x2/85126whv2x2_pss_zhscn.pdf</Asset><Asset code="85126WHV2X2" description="Retail Trade Leaflet" extension="pdf" lastModified="2018-03-14" locale="zh_CN" number="001" type="RTL">http://download.p4c.philips.com/files/8/85126whv2x2/85126whv2x2_rtl_zhscn.pdf</Asset><Asset code="85126WHV2X2" description="Alternative product photograph 5 - highres 2196x1795" extension="tif" lastModified="2016-11-30" locale="global" number="001" type="A5P">http://images.philips.com/is/image/PhilipsConsumer/85126WHV2X2-A5P-global-001</Asset><Asset code="85126WHV2X2" description="Alternative product photograph - highres 2196x1795" extension="tif" lastModified="2016-11-30" locale="global" number="001" type="APP">http://images.philips.com/is/image/PhilipsConsumer/85126WHV2X2-APP-global-001</Asset><Asset code="85126WHV2X2" description="Emotional benefit photograph - highres 514x514" extension="tif" lastModified="2016-11-25" locale="global" number="001" type="BPP">http://images.philips.com/is/image/PhilipsConsumer/85126WHV2X2-BPP-global-001</Asset><Asset code="85126WHV2X2" description="Main in-use photograph - highres 2480x1462" extension="tif" lastModified="2016-11-25" locale="global" number="001" type="MI1">http://images.philips.com/is/image/PhilipsConsumer/85126WHV2X2-MI1-global-001</Asset><Asset code="85126WHV2X2" description="Leaflet" extension="pdf" lastModified="2017-02-09" locale="global" number="001" type="PSS">http://download.p4c.philips.com/files/8/85126whv2x2/85126whv2x2_pss_.pdf</Asset><Asset code="85126WHV2X2" description="Product In Use 1 - highres 2196x1795" extension="tif" lastModified="2016-11-25" locale="global" number="001" type="U1P">http://images.philips.com/is/image/PhilipsConsumer/85126WHV2X2-U1P-global-001</Asset><Asset code="85126WHV2X2" description="Product in use photograph - highres 2196x1795" extension="tif" lastModified="2016-11-25" locale="global" number="001" type="UPL">http://images.philips.com/is/image/PhilipsConsumer/85126WHV2X2-UPL-global-001</Asset><Asset code="85126WHV2X2" description="Single product shot" extension="" lastModified="2018-03-16" locale="zh_CN" number="" type="IMS">http://images.philips.com/is/image/PhilipsConsumer/85126WHV2X2-IMS-zh_CN</Asset><Asset code="85126WHV2X2" description="Product gallery image set" extension="" lastModified="2018-03-16" locale="zh_CN" number="" type="GAL">http://images.philips.com/is/image/PhilipsConsumer/85126WHV2X2-GAL-zh_CN</Asset><Asset code="85126WHV2X2" description="Product URL" extension="" lastModified="2018-03-16" locale="zh_CN" number="" type="URL">http://www.philips.com.cn/c-p/85126WHV2X2/xenon-whitevision-plus-xenon-car-headlight-bulb</Asset><Asset code="PHI" description="Brand logo - highres 1476x886" extension="tif" lastModified="2016-02-18" locale="global" number="001" type="BRP">http://images.philips.com/is/image/PhilipsConsumer/PHI-BRP-global-001</Asset></Assets><ProductName>灯泡类型：D2S 氙气 汽车车头灯灯泡</ProductName><FullProductName>飞利浦 Xenon WhiteVision plus 氙气 汽车车头灯灯泡 85126WHV2X2 灯泡类型：D2S 每包 2 个 85 伏，35 瓦</FullProductName><NamingString><MasterBrand><BrandCode>PHI</BrandCode><BrandName>Philips</BrandName></MasterBrand><BrandString>飞利浦</BrandString><Family><FamilyCode>SB40008333</FamilyCode><FamilyName>Xenon WhiteVision plus</FamilyName><FamilyNameUsed>1</FamilyNameUsed></Family><Descriptor><DescriptorCode>D4022062</DescriptorCode><DescriptorName>氙气 汽车车头灯灯泡</DescriptorName></Descriptor><Alphanumeric>85126WHV2X2</Alphanumeric><VersionElement1><VersionElementCode>V4044014</VersionElementCode><VersionElementName>灯泡类型：D2S</VersionElementName></VersionElement1><VersionElement2><VersionElementCode>V4043914</VersionElementCode><VersionElementName>每包 2 个</VersionElementName></VersionElement2><VersionElement3><VersionElementCode>V4043943</VersionElementCode><VersionElementName>85 伏，35 瓦</VersionElementName></VersionElement3><VersionString>灯泡类型：D2S 每包 2 个 85 伏，35 瓦</VersionString><BrandedFeatureString/><DescriptorBrandedFeatureString>氙气 汽车车头灯灯泡</DescriptorBrandedFeatureString></NamingString><WOW>纯净和明亮白光，可抵挡黑暗</WOW><SubWOW>高强度增亮白光，可提高驾驶员专注度</SubWOW><MarketingTextHeader>飞利浦氙气亮白光系列灯可为您的汽车打造明亮的白光效果，并在道路上产生明亮、均匀的白色。它是氙气车头灯搭配 LED 灯的完美之选。</MarketingTextHeader><KeyBenefitArea><KeyBenefitAreaCode>K4033316</KeyBenefitAreaCode><KeyBenefitAreaName>与您汽车上的其他 LED 完美搭配</KeyBenefitAreaName><KeyBenefitAreaRank>1</KeyBenefitAreaRank><Feature><FeatureCode>F400080682</FeatureCode><FeatureReferenceName>Ultimate white LED effect WV plus</FeatureReferenceName><FeatureName>极致白光 LED 效果</FeatureName><FeatureLongDescription>优质白光效果与您汽车上的其他 LED 搭配</FeatureLongDescription><FeatureGlossary>飞利浦氙气亮白光系列车头灯是想使其车头灯具有通透白光外观的驾驶员的理想之选 – 与 LED 效果类似。飞利浦氙气亮白光系列具有与 LED 灯相同的色温，它是氙气车头灯的进一步飞跃。</FeatureGlossary><FeatureRank>2</FeatureRank><FeatureTopRank>1</FeatureTopRank></Feature></KeyBenefitArea><KeyBenefitArea><KeyBenefitAreaCode>K4033317</KeyBenefitAreaCode><KeyBenefitAreaName>道路上具有高达 5000 开氏温标白光</KeyBenefitAreaName><KeyBenefitAreaRank>2</KeyBenefitAreaRank><Feature><FeatureCode>F400082981</FeatureCode><FeatureReferenceName>Crisp, pure white beam</FeatureReferenceName><FeatureName>通透、纯白色光束</FeatureName><FeatureLongDescription>通透、纯白色光束可打破黑暗</FeatureLongDescription><FeatureGlossary>飞利浦氙气亮白光灯具有高达 5000 开氏温标的色温，它以通透的纯白色光束照亮前方道路，可打破黑暗。无需再对查看前方道路情况而感到压力，您将享受更安全、更激动人心的驾驶。通过飞利浦汽车照明，可在夜晚驾驶，不会使您受限。</FeatureGlossary><FeatureRank>4</FeatureRank><FeatureTopRank>9</FeatureTopRank></Feature></KeyBenefitArea><KeyBenefitArea><KeyBenefitAreaCode>K4033318</KeyBenefitAreaCode><KeyBenefitAreaName>非常明亮的均匀亮白色</KeyBenefitAreaName><KeyBenefitAreaRank>3</KeyBenefitAreaRank><Feature><FeatureCode>F400079197</FeatureCode><FeatureReferenceName>Greater contrast, safer drive XWHV gen2</FeatureReferenceName><FeatureName>更高的对比度，更安全的驾驶</FeatureName><FeatureLongDescription>对比度提高，可见性提高，驾驶安全性提高</FeatureLongDescription><FeatureGlossary>在黑暗中驾驶时，务必快速了解和识别道路标记和标志。氙气亮白光灯可为您提供高强度、均匀的白光。结合了高色温，车头灯提供增强的对比度、物体和条件反射。您将享受舒适度和安全性提升的驾驶体验。事实上，很多道路交通事故都是由驾驶员疲劳过度、注意力不集中而造成的。此增亮白光有助于在夜晚驾驶时保持专注和警觉。</FeatureGlossary><FeatureRank>1</FeatureRank><FeatureTopRank>3</FeatureTopRank></Feature></KeyBenefitArea><KeyBenefitArea><KeyBenefitAreaCode>K4033319</KeyBenefitAreaCode><KeyBenefitAreaName>视野拓宽 120%</KeyBenefitAreaName><KeyBenefitAreaRank>4</KeyBenefitAreaRank><Feature><FeatureCode>F400080683</FeatureCode><FeatureReferenceName>Up to 120% more vision WV plus</FeatureReferenceName><FeatureName>视野拓宽 120%</FeatureName><FeatureLongDescription>更强劲的光束，可拓宽视野</FeatureLongDescription><FeatureGlossary>这款飞利浦白色车头灯可为您提供更高强度的光。飞利浦亮白光系列灯具有高性能灯，与法定最低标准相比，可提供 120% 更大的可见性。此增强的亮度可提高您的视野，以便更好地控制车辆。</FeatureGlossary><FeatureRank>3</FeatureRank><FeatureTopRank>4</FeatureTopRank></Feature></KeyBenefitArea><KeyBenefitArea><KeyBenefitAreaCode>K4033854</KeyBenefitAreaCode><KeyBenefitAreaName>原装设备，100% 符合道路法规要求</KeyBenefitAreaName><KeyBenefitAreaRank>5</KeyBenefitAreaRank><Feature><FeatureCode>F400080684</FeatureCode><FeatureReferenceName>Intense but legal light WV plus</FeatureReferenceName><FeatureName>高强度，但在法定限度内</FeatureName><FeatureLongDescription>100% 高强度白光，100% 符合道路法规要求</FeatureLongDescription><FeatureGlossary>虽然更亮的光有助于提供更佳视野，如果它们使迎面而来的驾驶员目眩，则对您而言，道路安全度降低。经 ECE 法规认证的氙气亮白光系列灯提供符合道路法规要求的高强度白光，具有可与 LED 灯融合的车头灯颜色。产生的光线可提供极佳的可见性，可更安全地驾驶，而不会刺激其他驾驶员。</FeatureGlossary><FeatureRank>6</FeatureRank><FeatureTopRank>5</FeatureTopRank></Feature><Feature><FeatureCode>F400080686</FeatureCode><FeatureReferenceName>High quality, high resistance WV plus</FeatureReferenceName><FeatureName>高品质，高耐用性</FeatureName><FeatureLongDescription>飞利浦汽车灯具有高耐用性</FeatureLongDescription><FeatureGlossary>紫外线石英玻璃强于硬质玻璃，高度耐受极限温度且高度抗震，消除了爆裂的风险。飞利浦紫外线石英玻璃汽车灯还可承受剧烈的热冲击，由于灯内压力增大，从而产生更强的光照，可提高驾驶可见性。结合了特殊的防紫外线涂层技术，可保护车头灯，使其免受有害的紫外线辐射，从而确保这些灯持久耐用。</FeatureGlossary><FeatureRank>5</FeatureRank><FeatureTopRank>7</FeatureTopRank></Feature><Feature><FeatureCode>F400082982</FeatureCode><FeatureReferenceName>Car manufacturers' choice-Xenon WHV+</FeatureReferenceName><FeatureName>汽车制造商的选择</FeatureName><FeatureLongDescription>飞利浦是主要汽车制造商的选择。</FeatureLongDescription><FeatureGlossary>飞利浦因先进的汽车照明技术而闻名于世，推动了已成为现代车辆标准的创新技术的发展。欧洲每两辆汽车、全球每三辆汽车中就有一辆采用飞利浦灯，使其成为所有汽车制造商的理想选择。</FeatureGlossary><FeatureRank>7</FeatureRank><FeatureTopRank>8</FeatureTopRank></Feature></KeyBenefitArea><FeatureImage><FeatureCode>F400080682</FeatureCode><FeatureReferenceName>Ultimate white LED effect WV plus</FeatureReferenceName><FeatureImageRank>1</FeatureImageRank></FeatureImage><FeatureImage><FeatureCode>F400079197</FeatureCode><FeatureReferenceName>Greater contrast, safer drive XWHV gen2</FeatureReferenceName><FeatureImageRank>3</FeatureImageRank></FeatureImage><FeatureImage><FeatureCode>F400080683</FeatureCode><FeatureReferenceName>Up to 120% more vision WV plus</FeatureReferenceName><FeatureImageRank>4</FeatureImageRank></FeatureImage><FeatureImage><FeatureCode>F400080684</FeatureCode><FeatureReferenceName>Intense but legal light WV plus</FeatureReferenceName><FeatureImageRank>5</FeatureImageRank></FeatureImage><FeatureImage><FeatureCode>F400080686</FeatureCode><FeatureReferenceName>High quality, high resistance WV plus</FeatureReferenceName><FeatureImageRank>7</FeatureImageRank></FeatureImage><FeatureImage><FeatureCode>F400082982</FeatureCode><FeatureReferenceName>Car manufacturers' choice-Xenon WHV+</FeatureReferenceName><FeatureImageRank>8</FeatureImageRank></FeatureImage><FeatureImage><FeatureCode>F400082981</FeatureCode><FeatureReferenceName>Crisp, pure white beam</FeatureReferenceName><FeatureImageRank>9</FeatureImageRank></FeatureImage><FeatureHighlight><FeatureCode>F400080682</FeatureCode><FeatureReferenceName>Ultimate white LED effect WV plus</FeatureReferenceName><FeatureHighlightRank>1</FeatureHighlightRank></FeatureHighlight><FeatureHighlight><FeatureCode>F400079197</FeatureCode><FeatureReferenceName>Greater contrast, safer drive XWHV gen2</FeatureReferenceName><FeatureHighlightRank>3</FeatureHighlightRank></FeatureHighlight><FeatureHighlight><FeatureCode>F400080683</FeatureCode><FeatureReferenceName>Up to 120% more vision WV plus</FeatureReferenceName><FeatureHighlightRank>4</FeatureHighlightRank></FeatureHighlight><FeatureHighlight><FeatureCode>F400080684</FeatureCode><FeatureReferenceName>Intense but legal light WV plus</FeatureReferenceName><FeatureHighlightRank>5</FeatureHighlightRank></FeatureHighlight><FeatureHighlight><FeatureCode>F400080686</FeatureCode><FeatureReferenceName>High quality, high resistance WV plus</FeatureReferenceName><FeatureHighlightRank>7</FeatureHighlightRank></FeatureHighlight><FeatureHighlight><FeatureCode>F400082982</FeatureCode><FeatureReferenceName>Car manufacturers' choice-Xenon WHV+</FeatureReferenceName><FeatureHighlightRank>8</FeatureHighlightRank></FeatureHighlight><FeatureHighlight><FeatureCode>F400082981</FeatureCode><FeatureReferenceName>Crisp, pure white beam</FeatureReferenceName><FeatureHighlightRank>9</FeatureHighlightRank></FeatureHighlight><CSChapter><CSChapterCode>3001177</CSChapterCode><CSChapterName>包装数据</CSChapterName><CSChapterRank>1</CSChapterRank><CSItem><CSItemCode>IT4000721</CSItemCode><CSItemName>包装类型</CSItemName><CSItemRank>3</CSItemRank><CSItemIsFreeFormat>0</CSItemIsFreeFormat><CSValue><CSValueCode>VA4072967</CSValueCode><CSValueName>X2</CSValueName><CSValueRank>10</CSValueRank></CSValue></CSItem><CSItem><CSItemCode>IT4035590</CSItemCode><CSItemName>EAN1</CSItemName><CSItemRank>16</CSItemRank><CSItemIsFreeFormat>1</CSItemIsFreeFormat><CSValue><CSValueCode>VA4082922</CSValueCode><CSValueName>8727900377774</CSValueName><CSValueRank>1</CSValueRank></CSValue></CSItem><CSItem><CSItemCode>IT4035591</CSItemCode><CSItemName>EAN3</CSItemName><CSItemRank>17</CSItemRank><CSItemIsFreeFormat>1</CSItemIsFreeFormat><CSValue><CSValueCode>VA4082924</CSValueCode><CSValueName>8727900377781</CSValueName><CSValueRank>1</CSValueRank></CSValue></CSItem></CSChapter><CSChapter><CSChapterCode>CH4006521</CSChapterCode><CSChapterName>电子特性</CSChapterName><CSChapterRank>2</CSChapterRank><CSItem><CSItemCode>IT4031552</CSItemCode><CSItemName>电压</CSItemName><CSItemRank>4</CSItemRank><CSItemIsFreeFormat>0</CSItemIsFreeFormat><CSValue><CSValueCode>VA4073727</CSValueCode><CSValueName>85</CSValueName><CSValueRank>6</CSValueRank></CSValue><UnitOfMeasure><UnitOfMeasureCode>3000071</UnitOfMeasureCode><UnitOfMeasureName>伏</UnitOfMeasureName><UnitOfMeasureSymbol>伏</UnitOfMeasureSymbol></UnitOfMeasure></CSItem><CSItem><CSItemCode>IT4031551</CSItemCode><CSItemName>额定功率</CSItemName><CSItemRank>6</CSItemRank><CSItemIsFreeFormat>0</CSItemIsFreeFormat><CSValue><CSValueCode>VA4076381</CSValueCode><CSValueName>35</CSValueName><CSValueRank>3</CSValueRank></CSValue><UnitOfMeasure><UnitOfMeasureCode>3000072</UnitOfMeasureCode><UnitOfMeasureName>瓦特</UnitOfMeasureName><UnitOfMeasureSymbol>瓦</UnitOfMeasureSymbol></UnitOfMeasure></CSItem></CSChapter><CSChapter><CSChapterCode>CH4006483</CSChapterCode><CSChapterName>寿命</CSChapterName><CSChapterRank>3</CSChapterRank><CSItem><CSItemCode>IT4035428</CSItemCode><CSItemName>寿命</CSItemName><CSItemRank>10</CSItemRank><CSItemIsFreeFormat>1</CSItemIsFreeFormat><CSValue><CSValueCode>VA4082346</CSValueCode><CSValueName>B3/Tc = 1500/2500</CSValueName><CSValueRank>1</CSValueRank></CSValue></CSItem></CSChapter><CSChapter><CSChapterCode>CH4005203</CSChapterCode><CSChapterName>灯光特征</CSChapterName><CSChapterRank>4</CSChapterRank><CSItem><CSItemCode>IT4031654</CSItemCode><CSItemName>色温</CSItemName><CSItemRank>2</CSItemRank><CSItemIsFreeFormat>0</CSItemIsFreeFormat><CSValue><CSValueCode>VA4091265</CSValueCode><CSValueName>高达 5000 K</CSValueName><CSValueRank>11</CSValueRank></CSValue><UnitOfMeasure><UnitOfMeasureCode>4000041</UnitOfMeasureCode><UnitOfMeasureName>K</UnitOfMeasureName><UnitOfMeasureSymbol>K</UnitOfMeasureSymbol></UnitOfMeasure></CSItem><CSItem><CSItemCode>IT4035427</CSItemCode><CSItemName>流明</CSItemName><CSItemRank>14</CSItemRank><CSItemIsFreeFormat>1</CSItemIsFreeFormat><CSValue><CSValueCode>VA4082345</CSValueCode><CSValueName>3000 ±250</CSValueName><CSValueRank>1</CSValueRank></CSValue></CSItem></CSChapter><CSChapter><CSChapterCode>CH4006484</CSChapterCode><CSChapterName>订购信息</CSChapterName><CSChapterRank>5</CSChapterRank><CSItem><CSItemCode>IT4035592</CSItemCode><CSItemName>订单输入</CSItemName><CSItemRank>12</CSItemRank><CSItemIsFreeFormat>1</CSItemIsFreeFormat><CSValue><CSValueCode>VA4082925</CSValueCode><CSValueName>85126WHV2X2</CSValueName><CSValueRank>1</CSValueRank></CSValue></CSItem><CSItem><CSItemCode>IT4035593</CSItemCode><CSItemName>订购代码</CSItemName><CSItemRank>15</CSItemRank><CSItemIsFreeFormat>1</CSItemIsFreeFormat><CSValue><CSValueCode>VA4082926</CSValueCode><CSValueName>37777428</CSValueName><CSValueRank>1</CSValueRank></CSValue></CSItem></CSChapter><CSChapter><CSChapterCode>CH4006541</CSChapterCode><CSChapterName>外包装信息</CSChapterName><CSChapterRank>6</CSChapterRank><CSItem><CSItemCode>IT4035764</CSItemCode><CSItemName>高度</CSItemName><CSItemRank>19</CSItemRank><CSItemIsFreeFormat>1</CSItemIsFreeFormat><CSValue><CSValueCode>VA4083203</CSValueCode><CSValueName>14.5</CSValueName><CSValueRank>1</CSValueRank></CSValue><UnitOfMeasure><UnitOfMeasureCode>3000039</UnitOfMeasureCode><UnitOfMeasureName>厘米</UnitOfMeasureName><UnitOfMeasureSymbol>厘米</UnitOfMeasureSymbol></UnitOfMeasure></CSItem><CSItem><CSItemCode>IT4035762</CSItemCode><CSItemName>长度</CSItemName><CSItemRank>21</CSItemRank><CSItemIsFreeFormat>1</CSItemIsFreeFormat><CSValue><CSValueCode>VA4083201</CSValueCode><CSValueName>32.1</CSValueName><CSValueRank>1</CSValueRank></CSValue><UnitOfMeasure><UnitOfMeasureCode>3000039</UnitOfMeasureCode><UnitOfMeasureName>厘米</UnitOfMeasureName><UnitOfMeasureSymbol>厘米</UnitOfMeasureSymbol></UnitOfMeasure></CSItem><CSItem><CSItemCode>IT4035763</CSItemCode><CSItemName>宽度</CSItemName><CSItemRank>24</CSItemRank><CSItemIsFreeFormat>1</CSItemIsFreeFormat><CSValue><CSValueCode>VA4083202</CSValueCode><CSValueName>12</CSValueName><CSValueRank>1</CSValueRank></CSValue><UnitOfMeasure><UnitOfMeasureCode>3000039</UnitOfMeasureCode><UnitOfMeasureName>厘米</UnitOfMeasureName><UnitOfMeasureSymbol>厘米</UnitOfMeasureSymbol></UnitOfMeasure></CSItem><CSItem><CSItemCode>IT4036935</CSItemCode><CSItemName>每件毛重</CSItemName><CSItemRank>26</CSItemRank><CSItemIsFreeFormat>1</CSItemIsFreeFormat><CSValue><CSValueCode>VA4085803</CSValueCode><CSValueName>1.126</CSValueName><CSValueRank>1</CSValueRank></CSValue><UnitOfMeasure><UnitOfMeasureCode>3000049</UnitOfMeasureCode><UnitOfMeasureName>千克</UnitOfMeasureName><UnitOfMeasureSymbol>千克</UnitOfMeasureSymbol></UnitOfMeasure></CSItem><CSItem><CSItemCode>IT4035765</CSItemCode><CSItemName>每件净重</CSItemName><CSItemRank>27</CSItemRank><CSItemIsFreeFormat>1</CSItemIsFreeFormat><CSValue><CSValueCode>VA4083204</CSValueCode><CSValueName>179</CSValueName><CSValueRank>1</CSValueRank></CSValue><UnitOfMeasure><UnitOfMeasureCode>4000006</UnitOfMeasureCode><UnitOfMeasureName>-克</UnitOfMeasureName><UnitOfMeasureSymbol>克</UnitOfMeasureSymbol></UnitOfMeasure></CSItem></CSChapter><CSChapter><CSChapterCode>CH4006466</CSChapterCode><CSChapterName>产品描述</CSChapterName><CSChapterRank>7</CSChapterRank><CSItem><CSItemCode>IT4031508</CSItemCode><CSItemName>类型</CSItemName><CSItemRank>1</CSItemRank><CSItemIsFreeFormat>0</CSItemIsFreeFormat><CSValue><CSValueCode>VA4071807</CSValueCode><CSValueName>D2S</CSValueName><CSValueRank>13</CSValueRank></CSValue></CSItem><CSItem><CSItemCode>IT4031517</CSItemCode><CSItemName>应用</CSItemName><CSItemRank>8</CSItemRank><CSItemIsFreeFormat>0</CSItemIsFreeFormat><CSValue><CSValueCode>VA4071898</CSValueCode><CSValueName>远光灯</CSValueName><CSValueRank>1</CSValueRank></CSValue><CSValue><CSValueCode>VA4071899</CSValueCode><CSValueName>近光灯</CSValueName><CSValueRank>8</CSValueRank></CSValue></CSItem><CSItem><CSItemCode>IT4031518</CSItemCode><CSItemName>规格</CSItemName><CSItemRank>11</CSItemRank><CSItemIsFreeFormat>0</CSItemIsFreeFormat><CSValue><CSValueCode>VA4097980</CSValueCode><CSValueName>D2S 亮白光系列</CSValueName><CSValueRank>14</CSValueRank></CSValue></CSItem><CSItem><CSItemCode>IT4031521</CSItemCode><CSItemName>ECE 法规认证</CSItemName><CSItemRank>13</CSItemRank><CSItemIsFreeFormat>0</CSItemIsFreeFormat><CSValue><CSValueCode>VA4072195</CSValueCode><CSValueName>是</CSValueName><CSValueRank>2</CSValueRank></CSValue></CSItem><CSItem><CSItemCode>IT4031519</CSItemCode><CSItemName>范围</CSItemName><CSItemRank>18</CSItemRank><CSItemIsFreeFormat>0</CSItemIsFreeFormat><CSValue><CSValueCode>VA4098018</CSValueCode><CSValueName>亮白光系列</CSValueName><CSValueRank>9</CSValueRank></CSValue></CSItem><CSItem><CSItemCode>IT4031500</CSItemCode><CSItemName>技术</CSItemName><CSItemRank>20</CSItemRank><CSItemIsFreeFormat>0</CSItemIsFreeFormat><CSValue><CSValueCode>VA4071792</CSValueCode><CSValueName>氙气灯</CSValueName><CSValueRank>7</CSValueRank></CSValue></CSItem></CSChapter><CSChapter><CSChapterCode>CH4006501</CSChapterCode><CSChapterName>包装产品信息</CSChapterName><CSChapterRank>8</CSChapterRank><CSItem><CSItemCode>IT4035756</CSItemCode><CSItemName>每件毛重</CSItemName><CSItemRank>22</CSItemRank><CSItemIsFreeFormat>1</CSItemIsFreeFormat><CSValue><CSValueCode>VA4083193</CSValueCode><CSValueName>112.6</CSValueName><CSValueRank>1</CSValueRank></CSValue><UnitOfMeasure><UnitOfMeasureCode>4000006</UnitOfMeasureCode><UnitOfMeasureName>-克</UnitOfMeasureName><UnitOfMeasureSymbol>克</UnitOfMeasureSymbol></UnitOfMeasure></CSItem><CSItem><CSItemCode>IT4035760</CSItemCode><CSItemName>高度</CSItemName><CSItemRank>23</CSItemRank><CSItemIsFreeFormat>1</CSItemIsFreeFormat><CSValue><CSValueCode>VA4083198</CSValueCode><CSValueName>12.8</CSValueName><CSValueRank>1</CSValueRank></CSValue><UnitOfMeasure><UnitOfMeasureCode>3000039</UnitOfMeasureCode><UnitOfMeasureName>厘米</UnitOfMeasureName><UnitOfMeasureSymbol>厘米</UnitOfMeasureSymbol></UnitOfMeasure></CSItem><CSItem><CSItemCode>IT4035758</CSItemCode><CSItemName>长度</CSItemName><CSItemRank>25</CSItemRank><CSItemIsFreeFormat>1</CSItemIsFreeFormat><CSValue><CSValueCode>VA4083195</CSValueCode><CSValueName>11.2</CSValueName><CSValueRank>1</CSValueRank></CSValue><UnitOfMeasure><UnitOfMeasureCode>3000039</UnitOfMeasureCode><UnitOfMeasureName>厘米</UnitOfMeasureName><UnitOfMeasureSymbol>厘米</UnitOfMeasureSymbol></UnitOfMeasure></CSItem><CSItem><CSItemCode>IT4040440</CSItemCode><CSItemName>MOQ（适用于专业人士）</CSItemName><CSItemRank>28</CSItemRank><CSItemIsFreeFormat>1</CSItemIsFreeFormat><CSValue><CSValueCode>VA4094183</CSValueCode><CSValueName>5</CSValueName><CSValueRank>1</CSValueRank></CSValue></CSItem><CSItem><CSItemCode>IT4035761</CSItemCode><CSItemName>每件净重</CSItemName><CSItemRank>29</CSItemRank><CSItemIsFreeFormat>1</CSItemIsFreeFormat><CSValue><CSValueCode>VA4083199</CSValueCode><CSValueName>17.94</CSValueName><CSValueRank>1</CSValueRank></CSValue><UnitOfMeasure><UnitOfMeasureCode>4000006</UnitOfMeasureCode><UnitOfMeasureName>-克</UnitOfMeasureName><UnitOfMeasureSymbol>克</UnitOfMeasureSymbol></UnitOfMeasure></CSItem><CSItem><CSItemCode>IT4040439</CSItemCode><CSItemName>包装数量</CSItemName><CSItemRank>30</CSItemRank><CSItemIsFreeFormat>1</CSItemIsFreeFormat><CSValue><CSValueCode>VA4094182</CSValueCode><CSValueName>2</CSValueName><CSValueRank>1</CSValueRank></CSValue></CSItem><CSItem><CSItemCode>IT4035759</CSItemCode><CSItemName>宽度</CSItemName><CSItemRank>31</CSItemRank><CSItemIsFreeFormat>1</CSItemIsFreeFormat><CSValue><CSValueCode>VA4083196</CSValueCode><CSValueName>6.2</CSValueName><CSValueRank>1</CSValueRank></CSValue><UnitOfMeasure><UnitOfMeasureCode>3000039</UnitOfMeasureCode><UnitOfMeasureName>厘米</UnitOfMeasureName><UnitOfMeasureSymbol>厘米</UnitOfMeasureSymbol></UnitOfMeasure></CSItem></CSChapter><CSChapter><CSChapterCode>CH4006461</CSChapterCode><CSChapterName>市场规格</CSChapterName><CSChapterRank>9</CSChapterRank><CSItem><CSItemCode>IT4031492</CSItemCode><CSItemName>使用效果</CSItemName><CSItemRank>5</CSItemRank><CSItemIsFreeFormat>0</CSItemIsFreeFormat><CSValue><CSValueCode>VA4071778</CSValueCode><CSValueName>风格</CSValueName><CSValueRank>5</CSValueRank></CSValue></CSItem><CSItem><CSItemCode>IT4031498</CSItemCode><CSItemName>产品亮点</CSItemName><CSItemRank>7</CSItemRank><CSItemIsFreeFormat>0</CSItemIsFreeFormat><CSValue><CSValueCode>VA4096866</CSValueCode><CSValueName>享用您的激情</CSValueName><CSValueRank>12</CSValueRank></CSValue></CSItem></CSChapter><Filters><Purpose type="Comparison"><Features><Feature code="F400080682" rank="1" referenceName="Ultimate white LED effect WV plus"/><Feature code="F400079197" rank="3" referenceName="Greater contrast, safer drive XWHV gen2"/><Feature code="F400080683" rank="4" referenceName="Up to 120% more vision WV plus"/><Feature code="F400080684" rank="5" referenceName="Intense but legal light WV plus"/><Feature code="F400080686" rank="7" referenceName="High quality, high resistance WV plus"/><Feature code="F400082982" rank="8" referenceName="Car manufacturers' choice-Xenon WHV+"/><Feature code="F400082981" rank="9" referenceName="Crisp, pure white beam"/></Features><CSItems><CSItem code="IT4031508" rank="1" referenceName="产品描述 - 类型"/><CSItem code="IT4031654" rank="2" referenceName="灯光特征 - 色温"/><CSItem code="IT4000721" rank="3" referenceName="包装数据 - 包装类型"/><CSItem code="IT4031552" rank="4" referenceName="电子特性 - 电压"/><CSItem code="IT4031492" rank="5" referenceName="市场规格 - 使用效果"/><CSItem code="IT4031551" rank="6" referenceName="电子特性 - 额定功率"/><CSItem code="IT4031498" rank="7" referenceName="市场规格 - 产品亮点"/><CSItem code="IT4031517" rank="8" referenceName="产品描述 - 应用"/><CSItem code="IT4035428" rank="10" referenceName="寿命 - 寿命"/><CSItem code="IT4031518" rank="11" referenceName="产品描述 - 规格"/><CSItem code="IT4035592" rank="12" referenceName="订购信息 - 订单输入"/><CSItem code="IT4031521" rank="13" referenceName="产品描述 - ECE 法规认证"/><CSItem code="IT4035427" rank="14" referenceName="灯光特征 - 流明"/><CSItem code="IT4035593" rank="15" referenceName="订购信息 - 订购代码"/><CSItem code="IT4035590" rank="16" referenceName="包装数据 - EAN1"/><CSItem code="IT4035591" rank="17" referenceName="包装数据 - EAN3"/><CSItem code="IT4031519" rank="18" referenceName="产品描述 - 范围"/><CSItem code="IT4035764" rank="19" referenceName="外包装信息 - 高度"/><CSItem code="IT4031500" rank="20" referenceName="产品描述 - 技术"/><CSItem code="IT4035762" rank="21" referenceName="外包装信息 - 长度"/><CSItem code="IT4035756" rank="22" referenceName="包装产品信息 - 每件毛重"/><CSItem code="IT4035760" rank="23" referenceName="包装产品信息 - 高度"/><CSItem code="IT4035763" rank="24" referenceName="外包装信息 - 宽度"/><CSItem code="IT4035758" rank="25" referenceName="包装产品信息 - 长度"/><CSItem code="IT4036935" rank="26" referenceName="外包装信息 - 每件毛重"/><CSItem code="IT4035765" rank="27" referenceName="外包装信息 - 每件净重"/><CSItem code="IT4040440" rank="28" referenceName="包装产品信息 - MOQ（适用于专业人士）"/><CSItem code="IT4035761" rank="29" referenceName="包装产品信息 - 每件净重"/><CSItem code="IT4040439" rank="30" referenceName="包装产品信息 - 包装数量"/><CSItem code="IT4035759" rank="31" referenceName="包装产品信息 - 宽度"/></CSItems></Purpose><Purpose type="Detail"><Features><Feature code="F400080682" rank="1" referenceName="Ultimate white LED effect WV plus"/><Feature code="F400079197" rank="3" referenceName="Greater contrast, safer drive XWHV gen2"/><Feature code="F400080683" rank="4" referenceName="Up to 120% more vision WV plus"/><Feature code="F400080684" rank="5" referenceName="Intense but legal light WV plus"/><Feature code="F400080686" rank="7" referenceName="High quality, high resistance WV plus"/><Feature code="F400082982" rank="8" referenceName="Car manufacturers' choice-Xenon WHV+"/><Feature code="F400082981" rank="9" referenceName="Crisp, pure white beam"/></Features><CSItems><CSItem code="IT4031508" rank="1" referenceName="产品描述 - 类型"/><CSItem code="IT4031654" rank="2" referenceName="灯光特征 - 色温"/><CSItem code="IT4000721" rank="3" referenceName="包装数据 - 包装类型"/><CSItem code="IT4031552" rank="4" referenceName="电子特性 - 电压"/><CSItem code="IT4031492" rank="5" referenceName="市场规格 - 使用效果"/><CSItem code="IT4031551" rank="6" referenceName="电子特性 - 额定功率"/><CSItem code="IT4031498" rank="7" referenceName="市场规格 - 产品亮点"/><CSItem code="IT4031517" rank="8" referenceName="产品描述 - 应用"/><CSItem code="IT4035428" rank="10" referenceName="寿命 - 寿命"/><CSItem code="IT4031518" rank="11" referenceName="产品描述 - 规格"/><CSItem code="IT4035592" rank="12" referenceName="订购信息 - 订单输入"/><CSItem code="IT4031521" rank="13" referenceName="产品描述 - ECE 法规认证"/><CSItem code="IT4035427" rank="14" referenceName="灯光特征 - 流明"/><CSItem code="IT4035593" rank="15" referenceName="订购信息 - 订购代码"/><CSItem code="IT4035590" rank="16" referenceName="包装数据 - EAN1"/><CSItem code="IT4035591" rank="17" referenceName="包装数据 - EAN3"/><CSItem code="IT4031519" rank="18" referenceName="产品描述 - 范围"/><CSItem code="IT4035764" rank="19" referenceName="外包装信息 - 高度"/><CSItem code="IT4031500" rank="20" referenceName="产品描述 - 技术"/><CSItem code="IT4035762" rank="21" referenceName="外包装信息 - 长度"/><CSItem code="IT4035756" rank="22" referenceName="包装产品信息 - 每件毛重"/><CSItem code="IT4035760" rank="23" referenceName="包装产品信息 - 高度"/><CSItem code="IT4035763" rank="24" referenceName="外包装信息 - 宽度"/><CSItem code="IT4035758" rank="25" referenceName="包装产品信息 - 长度"/><CSItem code="IT4036935" rank="26" referenceName="外包装信息 - 每件毛重"/><CSItem code="IT4035765" rank="27" referenceName="外包装信息 - 每件净重"/><CSItem code="IT4040440" rank="28" referenceName="包装产品信息 - MOQ（适用于专业人士）"/><CSItem code="IT4035761" rank="29" referenceName="包装产品信息 - 每件净重"/><CSItem code="IT4040439" rank="30" referenceName="包装产品信息 - 包装数量"/><CSItem code="IT4035759" rank="31" referenceName="包装产品信息 - 宽度"/></CSItems></Purpose></Filters><FeatureCompareGroups/><Disclaimers/><RichTexts/></Product></Products>