<?xml version="1.0" encoding="UTF-8"?><Products xmlns:source="http://apache.org/cocoon/source/1.0" DocStatus="approved" DocTimeStamp="2018-03-17T09:27:57"><Product Country="CN" IsAccessory="false" IsMaster="false" Locale="zh_CN" lastModified="2018-03-16T05:02:34" masterLastModified="2017-07-19T00:30:54"><CTN>HC1055/15</CTN><GTIN>06923410752335</GTIN><MarketingVersion>4.1.1</MarketingVersion><MarketingStatus>Final Published</MarketingStatus><CRDate>2016-04-29</CRDate><CRDateYW>201618</CRDateYW><ModelYears><ModelYear>2016</ModelYear></ModelYears><ProductDivision><ProductDivisionCode>0200</ProductDivisionCode><ProductDivisionName>Consumer Lifestyle</ProductDivisionName><FormerPDCode>0300</FormerPDCode></ProductDivision><ProductOwner>Lily Dong</ProductOwner><DTN>HC1055/15</DTN><Catalog><StartOfPublication>2016-05-29T00:00:00</StartOfPublication><EndOfPublication>2020-05-29T00:00:00</EndOfPublication><StartOfSales>2016-05-29T00:00:00</StartOfSales><EndOfSales>2020-05-29T00:00:00</EndOfSales><DummyPrice>199</DummyPrice><Deleted>false</Deleted><DeleteAfterDate/><ProductRank>50</ProductRank></Catalog><FinancialCategorization><BusinessGroupCode>9044</BusinessGroupCode><BusinessGroupName>Personal Care</BusinessGroupName><BusinessUnitCode>0321</BusinessUnitCode><BusinessUnitName>Male Grooming</BusinessUnitName><MainArticleGroupCode>E15</MainArticleGroupCode><MainArticleGroupName>Grooming</MainArticleGroupName><ArticleGroupCode>3160</ArticleGroupCode><ArticleGroupName>Clippers</ArticleGroupName></FinancialCategorization><Categorization type="CONSUMER"><GroupCode>PERSONAL_CARE_GR</GroupCode><GroupName>Personal care</GroupName><CategoryCode>HAIR_CLIPPERS_CA</CategoryCode><CategoryName>HAIR clippers</CategoryName><SubcategoryCode>KIDS_CLIPPERS_SU</SubcategoryCode><SubcategoryName>Kids clippers</SubcategoryName></Categorization><Assets><Asset code="HC1055_15" description="User manual" extension="pdf" lastModified="2016-05-03" locale="zh_CN" number="001" type="DFU">http://download.p4c.philips.com/files/h/hc1055_15/hc1055_15_dfu_zhs.pdf</Asset><Asset code="HC1055_15" description="High Quality product movie 1" extension="mp4" lastModified="2016-05-24" locale="zh_CN" number="001" type="HQ1">http://download.p4c.philips.com/files/h/hc1055_15/hc1055_15_hq1_zhs.mp4</Asset><Asset code="HC1055_15" description="Leaflet" extension="pdf" lastModified="2017-12-19" locale="zh_CN" number="001" type="PSS">http://download.p4c.philips.com/files/h/hc1055_15/hc1055_15_pss_zhscn.pdf</Asset><Asset code="HC1055_15" description="Retail Trade Leaflet" extension="pdf" lastModified="2017-12-19" locale="zh_CN" number="001" type="RTL">http://download.p4c.philips.com/files/h/hc1055_15/hc1055_15_rtl_zhscn.pdf</Asset><Asset code="HC1055_15" description="Alternative product photograph 1 - highres 2196x1795" extension="tif" lastModified="2016-05-11" locale="global" number="001" type="A1P">http://images.philips.com/is/image/PhilipsConsumer/HC1055_15-A1P-global-001</Asset><Asset code="HC1055_15" description="Alternative product photograph 2 - highres 2196x1795" extension="tif" lastModified="2016-05-11" locale="global" number="001" type="A2P">http://images.philips.com/is/image/PhilipsConsumer/HC1055_15-A2P-global-001</Asset><Asset code="HC1055_15" description="Alternative product photograph 3 - highres 2196x1795" extension="tif" lastModified="2016-05-11" locale="global" number="001" type="A3P">http://images.philips.com/is/image/PhilipsConsumer/HC1055_15-A3P-global-001</Asset><Asset code="HC1055_15" description="Alternative product photograph 4 - highres 2196x1795" extension="tif" lastModified="2016-05-11" locale="global" number="001" type="A4P">http://images.philips.com/is/image/PhilipsConsumer/HC1055_15-A4P-global-001</Asset><Asset code="HC1055_15" description="Alternative product photograph 5 - highres 2196x1795" extension="tif" lastModified="2016-05-11" locale="global" number="001" type="A5P">http://images.philips.com/is/image/PhilipsConsumer/HC1055_15-A5P-global-001</Asset><Asset code="HC1055_15" description="Alternative product photograph - highres 2196x1795" extension="tif" lastModified="2016-05-11" locale="global" number="001" type="APP">http://images.philips.com/is/image/PhilipsConsumer/HC1055_15-APP-global-001</Asset><Asset code="HC1055_15" description="Product detail 1 - highres 2196x1795" extension="tif" lastModified="2016-05-11" locale="global" number="001" type="D1P">http://images.philips.com/is/image/PhilipsConsumer/HC1055_15-D1P-global-001</Asset><Asset code="HC1055_15" description="Product detail 2 - highres 2196x1795" extension="tif" lastModified="2016-05-11" locale="global" number="001" type="D2P">http://images.philips.com/is/image/PhilipsConsumer/HC1055_15-D2P-global-001</Asset><Asset code="HC1055_15" description="Product detail photograph - highres 2196x2196" extension="tif" lastModified="2017-09-23" locale="global" number="001" type="DPP">http://images.philips.com/is/image/PhilipsConsumer/HC1055_15-DPP-global-001</Asset><Asset code="HC1055_15" description="Product 3D" extension="zip" lastModified="2016-05-11" locale="global" number="001" type="P3D">http://images.philips.com/is/image/PhilipsConsumer/HC1055_15-P3D-global</Asset><Asset code="HC1055_15" description="Product 360 video" extension="flv" lastModified="2016-05-11" locale="global" number="001" type="P3F">http://images.philips.com/is/image/PhilipsConsumer/HC1055_15-P3F-global-001</Asset><Asset code="HC1055_15" description="Packaging photograph - highres 1447x756" extension="tif" lastModified="2016-05-11" locale="global" number="001" type="PID">http://images.philips.com/is/image/PhilipsConsumer/HC1055_15-PID-global-001</Asset><Asset code="HC1055_15" description="Packaging photograph - master" extension="tif" lastModified="2016-05-11" locale="global" number="001" type="PIM">http://download.p4c.philips.com/files/h/hc1055_15/hc1055_15_pim_.tif</Asset><Asset code="HC1055_15" description="Packaging photograph - small 90x65" extension="jpg" lastModified="2016-05-11" locale="global" number="001" type="PIS">http://download.p4c.philips.com/files/h/hc1055_15/hc1055_15_pis_.jpg</Asset><Asset code="HC1055_15" description="Leaflet" extension="pdf" lastModified="2017-07-19" locale="global" number="001" type="PSS">http://download.p4c.philips.com/files/h/hc1055_15/hc1055_15_pss_.pdf</Asset><Asset code="HC1055_15" description="Standard product photograph - highres 2196x1795" extension="tif" lastModified="2016-05-11" locale="global" number="001" type="RTP">http://images.philips.com/is/image/PhilipsConsumer/HC1055_15-RTP-global-001</Asset><Asset code="HC1055_15" description="Single product shot" extension="" lastModified="2018-03-16" locale="zh_CN" number="" type="IMS">http://images.philips.com/is/image/PhilipsConsumer/HC1055_15-IMS-zh_CN</Asset><Asset code="HC1055_15" description="Product gallery image set" extension="" lastModified="2018-03-16" locale="zh_CN" number="" type="GAL">http://images.philips.com/is/image/PhilipsConsumer/HC1055_15-GAL-zh_CN</Asset><Asset code="HC1055_15" description="Product URL" extension="" lastModified="2018-03-16" locale="zh_CN" number="" type="URL">http://www.philips.com.cn/c-p/HC1055_15/hairclipper-series-1000-kids-hair-clipper</Asset><Asset code="F400078550" description="Feature photograph - highres 2100x1170" extension="tif" lastModified="2016-05-12" locale="global" number="001" type="FIL">http://images.philips.com/is/image/PhilipsConsumer/F400078550-FIL-global-001</Asset><Asset code="F400078551" description="Feature photograph - highres 2100x1170" extension="tif" lastModified="2016-05-24" locale="global" number="001" type="FIL">http://images.philips.com/is/image/PhilipsConsumer/F400078551-FIL-global-001</Asset><Asset code="F400078553" description="Feature photograph - highres 2100x1170" extension="tif" lastModified="2016-05-24" locale="global" number="001" type="FIL">http://images.philips.com/is/image/PhilipsConsumer/F400078553-FIL-global-001</Asset><Asset code="F400078556" description="Feature photograph - highres 2100x1170" extension="tif" lastModified="2016-05-12" locale="global" number="001" type="FIL">http://images.philips.com/is/image/PhilipsConsumer/F400078556-FIL-global-001</Asset><Asset code="F400078558" description="Feature photograph - highres 2100x1170" extension="tif" lastModified="2016-05-12" locale="global" number="001" type="FIL">http://images.philips.com/is/image/PhilipsConsumer/F400078558-FIL-global-001</Asset><Asset code="F400078594" description="Feature photograph - highres 2100x1170" extension="tif" lastModified="2016-05-12" locale="global" number="001" type="FIL">http://images.philips.com/is/image/PhilipsConsumer/F400078594-FIL-global-001</Asset><Asset code="PHI" description="Brand logo - highres 1476x886" extension="tif" lastModified="2016-02-18" locale="global" number="001" type="BRP">http://images.philips.com/is/image/PhilipsConsumer/PHI-BRP-global-001</Asset></Assets><ProductName>安全切剃系统 儿童理发器</ProductName><FullProductName>飞利浦 Hairclipper series 1000 儿童理发器 HC1055/15 安全切剃系统 特殊设计的弧形梳齿 较短的陶瓷刀片 多种长度修剪梳（1-12 毫米）</FullProductName><NamingString><MasterBrand><BrandCode>PHI</BrandCode><BrandName>Philips</BrandName></MasterBrand><BrandString>飞利浦</BrandString><Concept><ConceptCode>SB40007890</ConceptCode><ConceptName>Hairclipper Series 1000</ConceptName><ConceptNameUsed>1</ConceptNameUsed></Concept><Family><FamilyCode>SB40004129</FamilyCode><FamilyName>Hairclipper series 1000</FamilyName><FamilyNameUsed>0</FamilyNameUsed></Family><Descriptor><DescriptorCode>D4028112</DescriptorCode><DescriptorName>儿童理发器</DescriptorName></Descriptor><Alphanumeric>HC1055/15</Alphanumeric><VersionElement1><VersionElementCode>V4045005</VersionElementCode><VersionElementName>安全切剃系统</VersionElementName></VersionElement1><VersionElement2><VersionElementCode>V4045006</VersionElementCode><VersionElementName>特殊设计的弧形梳齿</VersionElementName></VersionElement2><VersionElement3><VersionElementCode>V4045007</VersionElementCode><VersionElementName>较短的陶瓷刀片</VersionElementName></VersionElement3><VersionElement4><VersionElementCode>V4045009</VersionElementCode><VersionElementName>多种长度修剪梳（1-12 毫米）</VersionElementName></VersionElement4><VersionString>安全切剃系统 特殊设计的弧形梳齿 较短的陶瓷刀片 多种长度修剪梳（1-12 毫米）</VersionString><BrandedFeatureString/><DescriptorBrandedFeatureString>儿童理发器</DescriptorBrandedFeatureString></NamingString><WOW>安全滑动，轻柔触摸，专业护理</WOW><MarketingTextHeader>全新的飞利浦儿童理发器具有静音马达、专业刀片和特殊设计的弧形梳齿、多个修剪梳和防水设计，使您可在舒适的家中为儿童提供专业的理发效果。</MarketingTextHeader><KeyBenefitArea><KeyBenefitAreaCode>K4032982</KeyBenefitAreaCode><KeyBenefitAreaName>便于使用</KeyBenefitAreaName><KeyBenefitAreaRank>1</KeyBenefitAreaRank><Feature><FeatureCode>F400078556</FeatureCode><FeatureReferenceName>Multiple length combs(HC1000)</FeatureReferenceName><FeatureName>多种长度的修剪梳</FeatureName><FeatureLongDescription>多个修剪梳，提供 1 毫米到 12 毫米的长度设置。</FeatureLongDescription><FeatureGlossary>多个修剪梳，提供 1 毫米到 12 毫米的长度设置。</FeatureGlossary><FeatureRank>4</FeatureRank><FeatureTopRank>2</FeatureTopRank></Feature></KeyBenefitArea><KeyBenefitArea><KeyBenefitAreaCode>K4022552</KeyBenefitAreaCode><KeyBenefitAreaName>易于清洁</KeyBenefitAreaName><KeyBenefitAreaRank>2</KeyBenefitAreaRank><Feature><FeatureCode>F400078594</FeatureCode><FeatureReferenceName>Fully washable(HC1000)</FeatureReferenceName><FeatureName>可完全水洗</FeatureName><FeatureLongDescription>IPX 7 防水，可在水龙头下安全轻松地清洗</FeatureLongDescription><FeatureGlossary>IPX 7 防水设计，在使用后易于用水全面清洁。</FeatureGlossary><FeatureRank>1</FeatureRank><FeatureTopRank>1</FeatureTopRank></Feature></KeyBenefitArea><KeyBenefitArea><KeyBenefitAreaCode>K4032983</KeyBenefitAreaCode><KeyBenefitAreaName>亲子</KeyBenefitAreaName><KeyBenefitAreaRank>3</KeyBenefitAreaRank><Feature><FeatureCode>F400078555</FeatureCode><FeatureReferenceName>Narrow blade for kid(HC1000)</FeatureReferenceName><FeatureName>窄长的刀片，适用于儿童</FeatureName><FeatureLongDescription>纤巧的刀片可轻松修剪孩子的小脑袋</FeatureLongDescription><FeatureGlossary>纤巧的刀片可轻松修剪孩子的小脑袋，专为轻松达到耳朵周围难以触及的部位而设计。</FeatureGlossary><FeatureRank>3</FeatureRank><FeatureTopRank>3</FeatureTopRank></Feature><Feature><FeatureCode>F400078558</FeatureCode><FeatureReferenceName>Ultra quiet protection(HC1000)</FeatureReferenceName><FeatureName>静音保护</FeatureName><FeatureLongDescription>只有 55dB(A)，安静的理发器</FeatureLongDescription><FeatureGlossary>工作时 55dB(A) 的低噪音，给孩子一份宁静的体验。</FeatureGlossary><FeatureRank>6</FeatureRank><FeatureTopRank>7</FeatureTopRank></Feature></KeyBenefitArea><KeyBenefitArea><KeyBenefitAreaCode>K4032981</KeyBenefitAreaCode><KeyBenefitAreaName>为儿童提供安全</KeyBenefitAreaName><KeyBenefitAreaRank>4</KeyBenefitAreaRank><Feature><FeatureCode>F400078550</FeatureCode><FeatureReferenceName>Safe cutting system(HC1000)</FeatureReferenceName><FeatureName>安全切剃系统</FeatureName><FeatureLongDescription>特殊设计的切剃系统，使用安心</FeatureLongDescription><FeatureGlossary>有着较短的陶瓷刀片和弧形梳齿的专业剃刀，易于抓住和剪断儿童的柔软头发，而不会拉扯头发或刮伤皮肤。</FeatureGlossary><FeatureRank>2</FeatureRank><FeatureTopRank>4</FeatureTopRank></Feature><Feature><FeatureCode>F400078553</FeatureCode><FeatureReferenceName>Shorter ceramic cutter(HC1000)</FeatureReferenceName><FeatureName>较短的陶瓷刀片</FeatureName><FeatureLongDescription>较短的陶瓷刀片</FeatureLongDescription><FeatureGlossary>轻松捕捉和剪断儿童的柔软头发、不均头发。</FeatureGlossary><FeatureRank>7</FeatureRank><FeatureTopRank>5</FeatureTopRank></Feature><Feature><FeatureCode>F400078551</FeatureCode><FeatureReferenceName>Special designed rounded tips(HC1000)</FeatureReferenceName><FeatureName>特殊设计的弧形梳齿</FeatureName><FeatureLongDescription>特殊设计的弧形梳齿</FeatureLongDescription><FeatureGlossary>保护儿童的娇嫩肌肤不被刮伤或割伤。</FeatureGlossary><FeatureRank>5</FeatureRank><FeatureTopRank>6</FeatureTopRank></Feature></KeyBenefitArea><FeatureImage><FeatureCode>F400078594</FeatureCode><FeatureReferenceName>Fully washable(HC1000)</FeatureReferenceName><FeatureImageRank>1</FeatureImageRank></FeatureImage><FeatureImage><FeatureCode>F400078556</FeatureCode><FeatureReferenceName>Multiple length combs(HC1000)</FeatureReferenceName><FeatureImageRank>2</FeatureImageRank></FeatureImage><FeatureImage><FeatureCode>F400078555</FeatureCode><FeatureReferenceName>Narrow blade for kid(HC1000)</FeatureReferenceName><FeatureImageRank>3</FeatureImageRank></FeatureImage><FeatureImage><FeatureCode>F400078550</FeatureCode><FeatureReferenceName>Safe cutting system(HC1000)</FeatureReferenceName><FeatureImageRank>4</FeatureImageRank></FeatureImage><FeatureImage><FeatureCode>F400078553</FeatureCode><FeatureReferenceName>Shorter ceramic cutter(HC1000)</FeatureReferenceName><FeatureImageRank>5</FeatureImageRank></FeatureImage><FeatureImage><FeatureCode>F400078551</FeatureCode><FeatureReferenceName>Special designed rounded tips(HC1000)</FeatureReferenceName><FeatureImageRank>6</FeatureImageRank></FeatureImage><FeatureImage><FeatureCode>F400078558</FeatureCode><FeatureReferenceName>Ultra quiet protection(HC1000)</FeatureReferenceName><FeatureImageRank>7</FeatureImageRank></FeatureImage><FeatureHighlight><FeatureCode>F400078594</FeatureCode><FeatureReferenceName>Fully washable(HC1000)</FeatureReferenceName><FeatureHighlightRank>1</FeatureHighlightRank></FeatureHighlight><FeatureHighlight><FeatureCode>F400078556</FeatureCode><FeatureReferenceName>Multiple length combs(HC1000)</FeatureReferenceName><FeatureHighlightRank>2</FeatureHighlightRank></FeatureHighlight><FeatureHighlight><FeatureCode>F400078555</FeatureCode><FeatureReferenceName>Narrow blade for kid(HC1000)</FeatureReferenceName><FeatureHighlightRank>3</FeatureHighlightRank></FeatureHighlight><FeatureHighlight><FeatureCode>F400078550</FeatureCode><FeatureReferenceName>Safe cutting system(HC1000)</FeatureReferenceName><FeatureHighlightRank>4</FeatureHighlightRank></FeatureHighlight><FeatureHighlight><FeatureCode>F400078553</FeatureCode><FeatureReferenceName>Shorter ceramic cutter(HC1000)</FeatureReferenceName><FeatureHighlightRank>5</FeatureHighlightRank></FeatureHighlight><FeatureHighlight><FeatureCode>F400078551</FeatureCode><FeatureReferenceName>Special designed rounded tips(HC1000)</FeatureReferenceName><FeatureHighlightRank>6</FeatureHighlightRank></FeatureHighlight><FeatureHighlight><FeatureCode>F400078558</FeatureCode><FeatureReferenceName>Ultra quiet protection(HC1000)</FeatureReferenceName><FeatureHighlightRank>7</FeatureHighlightRank></FeatureHighlight><CSChapter><CSChapterCode>3000815</CSChapterCode><CSChapterName>附件</CSChapterName><CSChapterRank>1</CSChapterRank><CSItem><CSItemCode>IT4007992</CSItemCode><CSItemName>维护</CSItemName><CSItemRank>10</CSItemRank><CSItemIsFreeFormat>0</CSItemIsFreeFormat><CSValue><CSValueCode>VA4019995</CSValueCode><CSValueName>清洁刷</CSValueName><CSValueRank>5</CSValueRank></CSValue></CSItem><CSItem><CSItemCode>IT4025274</CSItemCode><CSItemName>包装中含润滑油</CSItemName><CSItemRank>11</CSItemRank><CSItemIsFreeFormat>0</CSItemIsFreeFormat><CSValue><CSValueCode>VA4058794</CSValueCode><CSValueName>是</CSValueName><CSValueRank>1</CSValueRank></CSValue></CSItem></CSChapter><CSChapter><CSChapterCode>CH4001524</CSChapterCode><CSChapterName>操作简易</CSChapterName><CSChapterRank>2</CSChapterRank><CSItem><CSItemCode>IT4007985</CSItemCode><CSItemName>清洁</CSItemName><CSItemRank>3</CSItemRank><CSItemIsFreeFormat>0</CSItemIsFreeFormat><CSValue><CSValueCode>VA4063376</CSValueCode><CSValueName>可完全水洗</CSValueName><CSValueRank>14</CSValueRank></CSValue></CSItem><CSItem><CSItemCode>IT4015296</CSItemCode><CSItemName>充电时间</CSItemName><CSItemRank>8</CSItemRank><CSItemIsFreeFormat>0</CSItemIsFreeFormat><CSValue><CSValueCode>VA4030236</CSValueCode><CSValueName>8 小时</CSValueName><CSValueRank>8</CSValueRank></CSValue></CSItem><CSItem><CSItemCode>IT4041230</CSItemCode><CSItemName>修剪时间</CSItemName><CSItemRank>9</CSItemRank><CSItemIsFreeFormat>0</CSItemIsFreeFormat><CSValue><CSValueCode>VA4095949</CSValueCode><CSValueName>45 分钟</CSValueName><CSValueRank>7</CSValueRank></CSValue></CSItem><CSItem><CSItemCode>IT4007981</CSItemCode><CSItemName>充电</CSItemName><CSItemRank>12</CSItemRank><CSItemIsFreeFormat>0</CSItemIsFreeFormat><CSValue><CSValueCode>VA4030132</CSValueCode><CSValueName>不接电和接电均可使用</CSValueName><CSValueRank>9</CSValueRank></CSValue><CSValue><CSValueCode>VA4019965</CSValueCode><CSValueName>充电式设计</CSValueName><CSValueRank>11</CSValueRank></CSValue></CSItem><CSItem><CSItemCode>IT4007980</CSItemCode><CSItemName>显示屏</CSItemName><CSItemRank>13</CSItemRank><CSItemIsFreeFormat>0</CSItemIsFreeFormat><CSValue><CSValueCode>VA4030378</CSValueCode><CSValueName>充电显示灯</CSValueName><CSValueRank>6</CSValueRank></CSValue></CSItem></CSChapter><CSChapter><CSChapterCode>3001096</CSChapterCode><CSChapterName>设计</CSChapterName><CSChapterRank>3</CSChapterRank><CSItem><CSItemCode>3011951</CSItemCode><CSItemName>颜色</CSItemName><CSItemRank>6</CSItemRank><CSItemIsFreeFormat>0</CSItemIsFreeFormat><CSValue><CSValueCode>VA4095946</CSValueCode><CSValueName>白色和浅蓝色</CSValueName><CSValueRank>12</CSValueRank></CSValue></CSItem></CSChapter><CSChapter><CSChapterCode>CHA_0000049</CSChapterCode><CSChapterName>服务</CSChapterName><CSChapterRank>4</CSChapterRank><CSItem><CSItemCode>IT4027498</CSItemCode><CSItemName>保修</CSItemName><CSItemRank>4</CSItemRank><CSItemIsFreeFormat>0</CSItemIsFreeFormat><CSValue><CSValueCode>VA4093232</CSValueCode><CSValueName>2 年</CSValueName><CSValueRank>10</CSValueRank></CSValue></CSItem></CSChapter><CSChapter><CSChapterCode>3000821</CSChapterCode><CSChapterName>功率</CSChapterName><CSChapterRank>6</CSChapterRank><CSItem><CSItemCode>3006919</CSItemCode><CSItemName>电池类型</CSItemName><CSItemRank>2</CSItemRank><CSItemIsFreeFormat>0</CSItemIsFreeFormat><CSValue><CSValueCode>VA4090807</CSValueCode><CSValueName>镍氢电池</CSValueName><CSValueRank>2</CSValueRank></CSValue></CSItem><CSItem><CSItemCode>IT4015625</CSItemCode><CSItemName>电压</CSItemName><CSItemRank>5</CSItemRank><CSItemIsFreeFormat>0</CSItemIsFreeFormat><CSValue><CSValueCode>VA4034157</CSValueCode><CSValueName>100-240 伏</CSValueName><CSValueRank>3</CSValueRank></CSValue></CSItem><CSItem><CSItemCode>IT4009440</CSItemCode><CSItemName>最大功耗</CSItemName><CSItemRank>7</CSItemRank><CSItemIsFreeFormat>0</CSItemIsFreeFormat><CSValue><CSValueCode>VA4053723</CSValueCode><CSValueName>2</CSValueName><CSValueRank>4</CSValueRank></CSValue><UnitOfMeasure><UnitOfMeasureCode>3000072</UnitOfMeasureCode><UnitOfMeasureName>瓦特</UnitOfMeasureName><UnitOfMeasureSymbol>瓦</UnitOfMeasureSymbol></UnitOfMeasure></CSItem></CSChapter><Filters><Purpose type="Comparison"><Features><Feature code="F400078594" rank="1" referenceName="Fully washable(HC1000)"/><Feature code="F400078556" rank="2" referenceName="Multiple length combs(HC1000)"/><Feature code="F400078555" rank="3" referenceName="Narrow blade for kid(HC1000)"/><Feature code="F400078550" rank="4" referenceName="Safe cutting system(HC1000)"/><Feature code="F400078553" rank="5" referenceName="Shorter ceramic cutter(HC1000)"/><Feature code="F400078551" rank="6" referenceName="Special designed rounded tips(HC1000)"/><Feature code="F400078558" rank="7" referenceName="Ultra quiet protection(HC1000)"/></Features><CSItems><CSItem code="3006919" rank="2" referenceName="功率 - 电池类型"/><CSItem code="IT4007985" rank="3" referenceName="操作简易 - 清洁"/><CSItem code="IT4027498" rank="4" referenceName="服务 - 保修"/><CSItem code="IT4015625" rank="5" referenceName="功率 - 电压"/><CSItem code="3011951" rank="6" referenceName="设计 - 颜色"/><CSItem code="IT4009440" rank="7" referenceName="功率 - 最大功耗"/><CSItem code="IT4015296" rank="8" referenceName="操作简易 - 充电时间"/><CSItem code="IT4041230" rank="9" referenceName="操作简易 - 修剪时间"/><CSItem code="IT4007992" rank="10" referenceName="附件 - 维护"/><CSItem code="IT4025274" rank="11" referenceName="附件 - 包装中含润滑油"/><CSItem code="IT4007981" rank="12" referenceName="操作简易 - 充电"/><CSItem code="IT4007980" rank="13" referenceName="操作简易 - 显示屏"/></CSItems></Purpose><Purpose type="Detail"><Features><Feature code="F400078594" rank="1" referenceName="Fully washable(HC1000)"/><Feature code="F400078556" rank="2" referenceName="Multiple length combs(HC1000)"/><Feature code="F400078555" rank="3" referenceName="Narrow blade for kid(HC1000)"/><Feature code="F400078550" rank="4" referenceName="Safe cutting system(HC1000)"/><Feature code="F400078553" rank="5" referenceName="Shorter ceramic cutter(HC1000)"/><Feature code="F400078551" rank="6" referenceName="Special designed rounded tips(HC1000)"/><Feature code="F400078558" rank="7" referenceName="Ultra quiet protection(HC1000)"/></Features><CSItems><CSItem code="3006919" rank="2" referenceName="功率 - 电池类型"/><CSItem code="IT4007985" rank="3" referenceName="操作简易 - 清洁"/><CSItem code="IT4027498" rank="4" referenceName="服务 - 保修"/><CSItem code="IT4015625" rank="5" referenceName="功率 - 电压"/><CSItem code="3011951" rank="6" referenceName="设计 - 颜色"/><CSItem code="IT4009440" rank="7" referenceName="功率 - 最大功耗"/><CSItem code="IT4015296" rank="8" referenceName="操作简易 - 充电时间"/><CSItem code="IT4041230" rank="9" referenceName="操作简易 - 修剪时间"/><CSItem code="IT4007992" rank="10" referenceName="附件 - 维护"/><CSItem code="IT4025274" rank="11" referenceName="附件 - 包装中含润滑油"/><CSItem code="IT4007981" rank="12" referenceName="操作简易 - 充电"/><CSItem code="IT4007980" rank="13" referenceName="操作简易 - 显示屏"/></CSItems></Purpose></Filters><FeatureCompareGroups/><Disclaimers/><ProductReference ProductReferenceType="Accessory"><CTN>CRP338/01</CTN><ProductReferenceRank>0</ProductReferenceRank></ProductReference><RichTexts/></Product></Products>