<?xml version="1.0" encoding="UTF-8"?><Products xmlns:source="http://apache.org/cocoon/source/1.0" DocStatus="approved" DocTimeStamp="2018-03-17T09:27:57"><Product Country="CN" IsAccessory="false" IsMaster="false" Locale="zh_CN" lastModified="2018-03-17T04:29:46" masterLastModified="2017-02-01T00:18:44"><CTN>HR1932/30</CTN><GTIN>06923410753127</GTIN><MarketingVersion>1.3.1</MarketingVersion><MarketingStatus>Final Published</MarketingStatus><CRDate>2016-05-13</CRDate><CRDateYW>201620</CRDateYW><ModelYears><ModelYear>2016</ModelYear></ModelYears><ProductDivision><ProductDivisionCode>0200</ProductDivisionCode><ProductDivisionName>Consumer Lifestyle</ProductDivisionName><FormerPDCode>0300</FormerPDCode></ProductDivision><ProductOwner>Hidde Schipper</ProductOwner><DTN>HR1932/30</DTN><Catalog><StartOfPublication>2016-05-31T00:00:00</StartOfPublication><EndOfPublication>2020-06-13T00:00:00</EndOfPublication><StartOfSales>2016-05-31T00:00:00</StartOfSales><EndOfSales>2020-06-13T00:00:00</EndOfSales><DummyPrice>2499</DummyPrice><Deleted>false</Deleted><DeleteAfterDate/><ProductRank>50</ProductRank></Catalog><FinancialCategorization><BusinessGroupCode>9042</BusinessGroupCode><BusinessGroupName>Domestic Appliances</BusinessGroupName><BusinessUnitCode>0341</BusinessUnitCode><BusinessUnitName>Philips brand Kitchen Appliances</BusinessUnitName><MainArticleGroupCode>L81</MainArticleGroupCode><MainArticleGroupName>Liquid Health</MainArticleGroupName><ArticleGroupCode>3211</ArticleGroupCode><ArticleGroupName>Juice extractors</ArticleGroupName></FinancialCategorization><Categorization type="CONSUMER"><GroupCode>HOUSEHOLD_PRODUCTS_GR</GroupCode><GroupName>Household products</GroupName><CategoryCode>FOOD_PREPARATION_CA2</CategoryCode><CategoryName>Food Preparation</CategoryName><SubcategoryCode>SLOW_JUICER_SU</SubcategoryCode><SubcategoryName>Slow Juicer</SubcategoryName></Categorization><Assets><Asset code="HR1932_30" description="User manual" extension="pdf" lastModified="2016-10-28" locale="zh_CN" number="001" type="DFU">http://download.p4c.philips.com/files/h/hr1932_30/hr1932_30_dfu_zhs.pdf</Asset><Asset code="HR1932_30" description="Leaflet" extension="pdf" lastModified="2017-11-09" locale="zh_CN" number="001" type="PSS">http://download.p4c.philips.com/files/h/hr1932_30/hr1932_30_pss_zhscn.pdf</Asset><Asset code="HR1932_30" description="Retail Trade Leaflet" extension="pdf" lastModified="2017-11-09" locale="zh_CN" number="001" type="RTL">http://download.p4c.philips.com/files/h/hr1932_30/hr1932_30_rtl_zhscn.pdf</Asset><Asset code="HR1932_30" description="Emotional benefit photograph - highres 514x514" extension="tif" lastModified="2016-04-19" locale="global" number="001" type="BPP">http://images.philips.com/is/image/PhilipsConsumer/HR1932_30-BPP-global-001</Asset><Asset code="HR1932_30" description="Product detail 1 - highres 2196x1795" extension="tif" lastModified="2016-05-09" locale="global" number="001" type="D1P">http://images.philips.com/is/image/PhilipsConsumer/HR1932_30-D1P-global-001</Asset><Asset code="HR1932_30" description="Product detail 2 - highres 2196x1795" extension="tif" lastModified="2016-05-09" locale="global" number="001" type="D2P">http://images.philips.com/is/image/PhilipsConsumer/HR1932_30-D2P-global-001</Asset><Asset code="HR1932_30" description="Product detail 3 - highres 2196x1795" extension="tif" lastModified="2016-05-09" locale="global" number="001" type="D3P">http://images.philips.com/is/image/PhilipsConsumer/HR1932_30-D3P-global-001</Asset><Asset code="HR1932_30" description="Product detail 4 - highres 2196x1795" extension="tif" lastModified="2016-05-09" locale="global" number="001" type="D4P">http://images.philips.com/is/image/PhilipsConsumer/HR1932_30-D4P-global-001</Asset><Asset code="HR1932_30" description="Product detail 5 - highres 2196x1795" extension="tif" lastModified="2016-05-09" locale="global" number="001" type="D5P">http://images.philips.com/is/image/PhilipsConsumer/HR1932_30-D5P-global-001</Asset><Asset code="HR1932_30" description="Emotional Benefit 1 - highres 2196x1795" extension="tif" lastModified="2018-03-13" locale="global" number="001" type="E1P">http://images.philips.com/is/image/PhilipsConsumer/HR1932_30-E1P-global-001</Asset><Asset code="HR1932_30" description="Emotional Benefit 2 - highres 2196x1795" extension="tif" lastModified="2018-03-14" locale="global" number="001" type="E2P">http://images.philips.com/is/image/PhilipsConsumer/HR1932_30-E2P-global-001</Asset><Asset code="HR1932_30" description="Emotional Benefit 3 - highres 2196x1795" extension="tif" lastModified="2016-05-09" locale="global" number="001" type="E3P">http://images.philips.com/is/image/PhilipsConsumer/HR1932_30-E3P-global-001</Asset><Asset code="HR1932_30" description="Emotional Benefit 4 - highres 2196x1795" extension="tif" lastModified="2016-05-09" locale="global" number="001" type="E4P">http://images.philips.com/is/image/PhilipsConsumer/HR1932_30-E4P-global-001</Asset><Asset code="HR1932_30" description="Product 3D" extension="zip" lastModified="2016-06-07" locale="global" number="001" type="P3D">http://images.philips.com/is/image/PhilipsConsumer/HR1932_30-P3D-global</Asset><Asset code="HR1932_30" description="Product 360 video" extension="flv" lastModified="2016-06-07" locale="global" number="001" type="P3F">http://images.philips.com/is/image/PhilipsConsumer/HR1932_30-P3F-global-001</Asset><Asset code="HR1932_30" description="Packaging photograph - highres 1447x756" extension="tif" lastModified="2016-04-14" locale="global" number="001" type="PID">http://images.philips.com/is/image/PhilipsConsumer/HR1932_30-PID-global-001</Asset><Asset code="HR1932_30" description="Packaging photograph - master" extension="tif" lastModified="2016-04-14" locale="global" number="001" type="PIM">http://download.p4c.philips.com/files/h/hr1932_30/hr1932_30_pim_.tif</Asset><Asset code="HR1932_30" description="Packaging photograph - small 90x65" extension="jpg" lastModified="2016-04-14" locale="global" number="001" type="PIS">http://download.p4c.philips.com/files/h/hr1932_30/hr1932_30_pis_.jpg</Asset><Asset code="HR1932_30" description="Leaflet" extension="pdf" lastModified="2017-02-02" locale="global" number="001" type="PSS">http://download.p4c.philips.com/files/h/hr1932_30/hr1932_30_pss_.pdf</Asset><Asset code="HR1932_30" description="Standard product photograph - highres 2196x1795" extension="tif" lastModified="2016-04-19" locale="global" number="001" type="RTP">http://images.philips.com/is/image/PhilipsConsumer/HR1932_30-RTP-global-001</Asset><Asset code="HR1932_30" description="Product In Use 1 - highres 2196x1795" extension="tif" lastModified="2016-05-09" locale="global" number="001" type="U1P">http://images.philips.com/is/image/PhilipsConsumer/HR1932_30-U1P-global-001</Asset><Asset code="HR1932_30" description="Product In Use 2 - highres 2196x1795" extension="tif" lastModified="2016-05-09" locale="global" number="001" type="U2P">http://images.philips.com/is/image/PhilipsConsumer/HR1932_30-U2P-global-001</Asset><Asset code="HR1932_30" description="Product In Use 3 - highres 2196x1795" extension="tif" lastModified="2016-05-09" locale="global" number="001" type="U3P">http://images.philips.com/is/image/PhilipsConsumer/HR1932_30-U3P-global-001</Asset><Asset code="HR1932_30" description="Product In Use 4 - highres 2196x1795" extension="tif" lastModified="2016-05-09" locale="global" number="001" type="U4P">http://images.philips.com/is/image/PhilipsConsumer/HR1932_30-U4P-global-001</Asset><Asset code="HR1932_30" description="Product In Use 5 - highres 2196x1795" extension="tif" lastModified="2016-05-09" locale="global" number="001" type="U5P">http://images.philips.com/is/image/PhilipsConsumer/HR1932_30-U5P-global-001</Asset><Asset code="HR1932_30" description="Product in use photograph - highres 2196x1795" extension="tif" lastModified="2016-05-09" locale="global" number="001" type="UPL">http://images.philips.com/is/image/PhilipsConsumer/HR1932_30-UPL-global-001</Asset><Asset code="HR1932_30" description="Single product shot" extension="" lastModified="2018-03-17" locale="zh_CN" number="" type="IMS">http://images.philips.com/is/image/PhilipsConsumer/HR1932_30-IMS-zh_CN</Asset><Asset code="HR1932_30" description="Product gallery image set" extension="" lastModified="2018-03-17" locale="zh_CN" number="" type="GAL">http://images.philips.com/is/image/PhilipsConsumer/HR1932_30-GAL-zh_CN</Asset><Asset code="HR1932_30" description="Product URL" extension="" lastModified="2018-03-17" locale="zh_CN" number="" type="URL">http://www.philips.com.cn/c-p/HR1932_30/avance-collection-masticating-juicer</Asset><Asset code="F400074062" description="Feature photograph - highres 2100x1170" extension="tif" lastModified="2015-06-15" locale="global" number="001" type="FIL">http://images.philips.com/is/image/PhilipsConsumer/F400074062-FIL-global-001</Asset><Asset code="F400074064" description="Feature photograph - highres 2100x1170" extension="tif" lastModified="2016-03-23" locale="global" number="001" type="FIL">http://images.philips.com/is/image/PhilipsConsumer/F400074064-FIL-global-001</Asset><Asset code="F400074066" description="Feature photograph - highres 2100x1170" extension="tif" lastModified="2016-03-23" locale="global" number="001" type="FIL">http://images.philips.com/is/image/PhilipsConsumer/F400074066-FIL-global-001</Asset><Asset code="F400074069" description="Feature photograph - highres 2100x1170" extension="tif" lastModified="2015-10-28" locale="global" number="001" type="FIL">http://images.philips.com/is/image/PhilipsConsumer/F400074069-FIL-global-001</Asset><Asset code="F400074070" description="Feature photograph - highres 2100x1170" extension="tif" lastModified="2015-07-22" locale="global" number="001" type="FIL">http://images.philips.com/is/image/PhilipsConsumer/F400074070-FIL-global-001</Asset><Asset code="F400074071" description="Feature photograph - highres 2100x1170" extension="tif" lastModified="2015-10-28" locale="global" number="001" type="FIL">http://images.philips.com/is/image/PhilipsConsumer/F400074071-FIL-global-001</Asset><Asset code="F400074072" description="Feature photograph - highres 2100x1170" extension="tif" lastModified="2015-07-22" locale="global" number="001" type="FIL">http://images.philips.com/is/image/PhilipsConsumer/F400074072-FIL-global-001</Asset><Asset code="F400074074" description="Feature photograph - highres 2100x1170" extension="tif" lastModified="2015-07-22" locale="global" number="001" type="FIL">http://images.philips.com/is/image/PhilipsConsumer/F400074074-FIL-global-001</Asset><Asset code="F400074076" description="Feature photograph - highres 2100x1170" extension="tif" lastModified="2016-03-23" locale="global" number="001" type="FIL">http://images.philips.com/is/image/PhilipsConsumer/F400074076-FIL-global-001</Asset><Asset code="F400074077" description="Feature photograph - highres 2100x1170" extension="tif" lastModified="2016-03-23" locale="global" number="001" type="FIL">http://images.philips.com/is/image/PhilipsConsumer/F400074077-FIL-global-001</Asset><Asset code="F400074079" description="Feature photograph - highres 2100x1170" extension="tif" lastModified="2016-03-23" locale="global" number="001" type="FIL">http://images.philips.com/is/image/PhilipsConsumer/F400074079-FIL-global-001</Asset><Asset code="PHI" description="Brand logo - highres 1476x886" extension="tif" lastModified="2016-02-18" locale="global" number="001" type="BRP">http://images.philips.com/is/image/PhilipsConsumer/PHI-BRP-global-001</Asset></Assets><ProductName>破壁微榨技术 慢速螺旋压榨式原汁机</ProductName><FullProductName>飞利浦 Avance Collection 慢速螺旋压榨式原汁机 HR1932/30 破壁微榨技术 金属玫瑰色 LED 反馈 附加过滤器</FullProductName><NamingString><MasterBrand><BrandCode>PHI</BrandCode><BrandName>Philips</BrandName></MasterBrand><BrandString>飞利浦</BrandString><Family><FamilyCode>SB40001904</FamilyCode><FamilyName>Avance Collection</FamilyName><FamilyNameUsed>1</FamilyNameUsed></Family><Descriptor><DescriptorCode>D4026289</DescriptorCode><DescriptorName>慢速螺旋压榨式原汁机</DescriptorName></Descriptor><Alphanumeric>HR1932/30</Alphanumeric><VersionElement1><VersionElementCode>V4040166</VersionElementCode><VersionElementName>破壁微榨技术</VersionElementName></VersionElement1><VersionElement2><VersionElementCode>V4042045</VersionElementCode><VersionElementName>金属玫瑰色</VersionElementName></VersionElement2><VersionElement3><VersionElementCode>V4040169</VersionElementCode><VersionElementName>LED 反馈</VersionElementName></VersionElement3><VersionElement4><VersionElementCode>V4040170</VersionElementCode><VersionElementName>额外滤网</VersionElementName></VersionElement4><VersionString>破壁微榨技术 金属玫瑰色 LED 反馈 附加过滤器</VersionString><BrandedFeatureString/><DescriptorBrandedFeatureString>慢速螺旋压榨式原汁机</DescriptorBrandedFeatureString></NamingString><WOW>将营养释放到杯中</WOW><SubWOW>破壁微榨技术可榨取 90%* 的水果养分</SubWOW><MarketingTextHeader>飞利浦破壁微榨技术旨在破除蔬果的细胞壁，榨取营养美味。可用于制作营养丰富的纯天然果汁冰沙，冲洗全部部件只需 1 分钟。</MarketingTextHeader><KeyBenefitArea><KeyBenefitAreaCode>K4031315</KeyBenefitAreaCode><KeyBenefitAreaName>榨取水果和蔬菜中的全部营养</KeyBenefitAreaName><KeyBenefitAreaRank>1</KeyBenefitAreaRank><Feature><FeatureCode>F400074062</FeatureCode><FeatureReferenceName>MicroMasticating extracts up to 90%* of the fruit</FeatureReferenceName><FeatureName>破壁微榨技术</FeatureName><FeatureLongDescription>破壁微榨技术可榨取 90%* 的水果养分</FeatureLongDescription><FeatureGlossary>水果和蔬菜具有数千个包含汁液、维生素和其他重要营养的细胞。飞利浦破壁微榨技术旨在打开细胞，榨取您喜爱的原料中的营养美味，帮助您将多达 90%* 的水果榨入杯中，而丝毫不会浪费。</FeatureGlossary><FeatureRank>1</FeatureRank><FeatureTopRank>1</FeatureTopRank></Feature><Feature><FeatureCode>F400074064</FeatureCode><FeatureReferenceName>Juice all your favorites, including bananas and mangos</FeatureReferenceName><FeatureName>从软质水果到硬质蔬菜</FeatureName><FeatureLongDescription>将所有喜爱的水果榨汁，包括香蕉和芒果</FeatureLongDescription><FeatureGlossary>制作美味健康的软质水果汁和硬质蔬菜汁。您可以将所有喜爱的原料一起榨汁，用本产品甚至可以对那些通常难以榨汁的特殊淀粉原料进行榨汁，如香蕉和芒果。</FeatureGlossary><FeatureRank>3</FeatureRank><FeatureTopRank>2</FeatureTopRank></Feature><Feature><FeatureCode>F400074066</FeatureCode><FeatureReferenceName>Leaves, greens and nuts</FeatureReferenceName><FeatureName>叶子、蔬菜和坚果</FeatureName><FeatureLongDescription>将叶子、蔬菜和坚果榨成饮料</FeatureLongDescription><FeatureGlossary>叶子和蔬菜富含纤维，也是制作健康蔬菜汁的原料，而且均可以用这款榨汁机进行加工。通过破壁微榨技术可将小麦草、菠菜及很多其他重要的健康添加剂榨入日常饮用的果汁中。您甚至可以使用某类坚果制作饮品，如用杏仁制作杏仁奶。</FeatureGlossary><FeatureRank>4</FeatureRank><FeatureTopRank>3</FeatureTopRank></Feature><Feature><FeatureCode>F400078289</FeatureCode><FeatureReferenceName>Guilt free sorbet from natural ingredients</FeatureReferenceName><FeatureName>天然冰沙</FeatureName><FeatureLongDescription>用天然原料制作成冰沙尽情享用，而无需担心摄入过多热量</FeatureLongDescription><FeatureGlossary>专门设计的附件让您可以制作纯天然冰沙。有了此附件，您可以将冷冻水果制作成口感细滑的甜品尽情享用，而无需担心摄入过多热量。</FeatureGlossary><FeatureRank>2</FeatureRank><FeatureTopRank>4</FeatureTopRank></Feature></KeyBenefitArea><KeyBenefitArea><KeyBenefitAreaCode>K4031316</KeyBenefitAreaCode><KeyBenefitAreaName>可以彻底冲洗的榨汁机</KeyBenefitAreaName><KeyBenefitAreaRank>2</KeyBenefitAreaRank><Feature><FeatureCode>F400074069</FeatureCode><FeatureReferenceName>QuickClean in 1 minute</FeatureReferenceName><FeatureName>1 分钟快速清洁</FeatureName><FeatureLongDescription>轻松拆卸，一冲即净，无需任何厨具</FeatureLongDescription><FeatureGlossary>这款榨汁机采用轻松拆卸设计并配有无边部件，仅用自来水便可以快速清洁。因为部件没有锐边，可方便冲掉蔬菜的纤维或颗粒。</FeatureGlossary><FeatureRank>1</FeatureRank><FeatureTopRank>5</FeatureTopRank></Feature><Feature><FeatureCode>F400074070</FeatureCode><FeatureReferenceName>No sieve design</FeatureReferenceName><FeatureName>无滤网设计</FeatureName><FeatureLongDescription>无滤网设计，1 分钟完成清洁</FeatureLongDescription><FeatureGlossary>无滤网设计去掉了多余部件，让汁液可以通过过滤器无缝流入杯中，轻松清洁，无需任何刷子。</FeatureGlossary><FeatureRank>2</FeatureRank><FeatureTopRank>6</FeatureTopRank></Feature><Feature><FeatureCode>F400074071</FeatureCode><FeatureReferenceName>juicer - Innovative drip stop</FeatureReferenceName><FeatureName>防滴漏功能</FeatureName><FeatureLongDescription>防滴漏功能，保持台面洁净</FeatureLongDescription><FeatureGlossary>完全集成的防滴漏功能让您可以在榨汁环节之间停下来，保持台面清洁。只需推动榨汁出口底部，汁液即可停止流出，不会弄湿手指。</FeatureGlossary><FeatureRank>3</FeatureRank><FeatureTopRank>7</FeatureTopRank></Feature><Feature><FeatureCode>F400074072</FeatureCode><FeatureReferenceName>LED feedback</FeatureReferenceName><FeatureName>LED 反馈</FeatureName><FeatureLongDescription>LED 指示灯提供重新装配反馈</FeatureLongDescription><FeatureGlossary>LED 指示灯可在操作该榨汁机时提供反馈。重新装配后，您会知道产品何时准备好再次榨汁或是否仍需使部件正确就位。时刻为您的安全着想。</FeatureGlossary><FeatureRank>4</FeatureRank><FeatureTopRank>8</FeatureTopRank></Feature></KeyBenefitArea><KeyBenefitArea><KeyBenefitAreaCode>K4031317</KeyBenefitAreaCode><KeyBenefitAreaName>体贴设计，专为您的厨房而打造</KeyBenefitAreaName><KeyBenefitAreaRank>3</KeyBenefitAreaRank><Feature><FeatureCode>F400074074</FeatureCode><FeatureReferenceName>Slim design 11cm width</FeatureReferenceName><FeatureName>纤巧设计</FeatureName><FeatureLongDescription>纤巧的榨汁机配有全集成部件</FeatureLongDescription><FeatureGlossary>11 厘米宽的优化设计使您可以将榨汁机始终放在台面上，随时可以榨汁。完全集成式设计，存放及使用时占用很小的工作空间，榨汁时无需任何外部隔间。</FeatureGlossary><FeatureRank>1</FeatureRank><FeatureTopRank>9</FeatureTopRank></Feature><Feature><FeatureCode>F400074076</FeatureCode><FeatureReferenceName>Directly into your glass</FeatureReferenceName><FeatureName>果蔬汁直接入杯</FeatureName><FeatureLongDescription>果蔬汁直接进入玻璃杯</FeatureLongDescription><FeatureGlossary>榨出的果蔬汁直接入杯，您可以根据家庭成员的口味量身定制每杯饮料，避免使用和清洁多余的部件，保持台面洁净。</FeatureGlossary><FeatureRank>2</FeatureRank><FeatureTopRank>10</FeatureTopRank></Feature><Feature><FeatureCode>F400074079</FeatureCode><FeatureReferenceName>Inspiring recipe book 40 recipes juicer</FeatureReferenceName><FeatureName>创意菜谱</FeatureName><FeatureLongDescription>随附丰富有趣的调配手册</FeatureLongDescription><FeatureGlossary>甄选食谱和原料是榨汁体验中的重要环节。本手册中提供了 40 种丰富有趣的食谱，为您提供指导，帮助您获得这些食谱的健康益处。</FeatureGlossary><FeatureRank>3</FeatureRank><FeatureTopRank>11</FeatureTopRank></Feature><Feature><FeatureCode>F400074077</FeatureCode><FeatureReferenceName>Integrated storage</FeatureReferenceName><FeatureName>一体式收纳</FeatureName><FeatureLongDescription>果渣储藏罐可存放可拆卸部件</FeatureLongDescription><FeatureGlossary>榨汁机上的托盘、推杆和果汁杯等所有较小的可拆卸部件均可存放在果渣储藏罐中。这样，您可以妥善存放所有部件，在下次榨汁时能方便地找到它们。</FeatureGlossary><FeatureRank>4</FeatureRank><FeatureTopRank>12</FeatureTopRank></Feature></KeyBenefitArea><FeatureImage><FeatureCode>F400074062</FeatureCode><FeatureReferenceName>MicroMasticating extracts up to 90%* of the fruit</FeatureReferenceName><FeatureImageRank>1</FeatureImageRank></FeatureImage><FeatureImage><FeatureCode>F400074064</FeatureCode><FeatureReferenceName>Juice all your favorites, including bananas and mangos</FeatureReferenceName><FeatureImageRank>2</FeatureImageRank></FeatureImage><FeatureImage><FeatureCode>F400074066</FeatureCode><FeatureReferenceName>Leaves, greens and nuts</FeatureReferenceName><FeatureImageRank>3</FeatureImageRank></FeatureImage><FeatureImage><FeatureCode>F400078289</FeatureCode><FeatureReferenceName>Guilt free sorbet from natural ingredients</FeatureReferenceName><FeatureImageRank>4</FeatureImageRank></FeatureImage><FeatureImage><FeatureCode>F400074069</FeatureCode><FeatureReferenceName>QuickClean in 1 minute</FeatureReferenceName><FeatureImageRank>5</FeatureImageRank></FeatureImage><FeatureImage><FeatureCode>F400074070</FeatureCode><FeatureReferenceName>No sieve design</FeatureReferenceName><FeatureImageRank>6</FeatureImageRank></FeatureImage><FeatureImage><FeatureCode>F400074071</FeatureCode><FeatureReferenceName>juicer - Innovative drip stop</FeatureReferenceName><FeatureImageRank>7</FeatureImageRank></FeatureImage><FeatureImage><FeatureCode>F400074072</FeatureCode><FeatureReferenceName>LED feedback</FeatureReferenceName><FeatureImageRank>8</FeatureImageRank></FeatureImage><FeatureImage><FeatureCode>F400074074</FeatureCode><FeatureReferenceName>Slim design 11cm width</FeatureReferenceName><FeatureImageRank>9</FeatureImageRank></FeatureImage><FeatureImage><FeatureCode>F400074076</FeatureCode><FeatureReferenceName>Directly into your glass</FeatureReferenceName><FeatureImageRank>10</FeatureImageRank></FeatureImage><FeatureImage><FeatureCode>F400074079</FeatureCode><FeatureReferenceName>Inspiring recipe book 40 recipes juicer</FeatureReferenceName><FeatureImageRank>11</FeatureImageRank></FeatureImage><FeatureImage><FeatureCode>F400074077</FeatureCode><FeatureReferenceName>Integrated storage</FeatureReferenceName><FeatureImageRank>12</FeatureImageRank></FeatureImage><FeatureHighlight><FeatureCode>F400074062</FeatureCode><FeatureReferenceName>MicroMasticating extracts up to 90%* of the fruit</FeatureReferenceName><FeatureHighlightRank>1</FeatureHighlightRank></FeatureHighlight><FeatureHighlight><FeatureCode>F400074064</FeatureCode><FeatureReferenceName>Juice all your favorites, including bananas and mangos</FeatureReferenceName><FeatureHighlightRank>2</FeatureHighlightRank></FeatureHighlight><FeatureHighlight><FeatureCode>F400074066</FeatureCode><FeatureReferenceName>Leaves, greens and nuts</FeatureReferenceName><FeatureHighlightRank>3</FeatureHighlightRank></FeatureHighlight><FeatureHighlight><FeatureCode>F400078289</FeatureCode><FeatureReferenceName>Guilt free sorbet from natural ingredients</FeatureReferenceName><FeatureHighlightRank>4</FeatureHighlightRank></FeatureHighlight><FeatureHighlight><FeatureCode>F400074069</FeatureCode><FeatureReferenceName>QuickClean in 1 minute</FeatureReferenceName><FeatureHighlightRank>5</FeatureHighlightRank></FeatureHighlight><FeatureHighlight><FeatureCode>F400074070</FeatureCode><FeatureReferenceName>No sieve design</FeatureReferenceName><FeatureHighlightRank>6</FeatureHighlightRank></FeatureHighlight><FeatureHighlight><FeatureCode>F400074071</FeatureCode><FeatureReferenceName>juicer - Innovative drip stop</FeatureReferenceName><FeatureHighlightRank>7</FeatureHighlightRank></FeatureHighlight><FeatureHighlight><FeatureCode>F400074072</FeatureCode><FeatureReferenceName>LED feedback</FeatureReferenceName><FeatureHighlightRank>8</FeatureHighlightRank></FeatureHighlight><FeatureHighlight><FeatureCode>F400074074</FeatureCode><FeatureReferenceName>Slim design 11cm width</FeatureReferenceName><FeatureHighlightRank>9</FeatureHighlightRank></FeatureHighlight><FeatureHighlight><FeatureCode>F400074076</FeatureCode><FeatureReferenceName>Directly into your glass</FeatureReferenceName><FeatureHighlightRank>10</FeatureHighlightRank></FeatureHighlight><FeatureHighlight><FeatureCode>F400074079</FeatureCode><FeatureReferenceName>Inspiring recipe book 40 recipes juicer</FeatureReferenceName><FeatureHighlightRank>11</FeatureHighlightRank></FeatureHighlight><FeatureHighlight><FeatureCode>F400074077</FeatureCode><FeatureReferenceName>Integrated storage</FeatureReferenceName><FeatureHighlightRank>12</FeatureHighlightRank></FeatureHighlight><CSChapter><CSChapterCode>3000815</CSChapterCode><CSChapterName>附件</CSChapterName><CSChapterRank>1</CSChapterRank><CSItem><CSItemCode>IT4014581</CSItemCode><CSItemName>随附</CSItemName><CSItemRank>1</CSItemRank><CSItemIsFreeFormat>0</CSItemIsFreeFormat><CSValue><CSValueCode>VA4090745</CSValueCode><CSValueName>过滤网</CSValueName><CSValueRank>15</CSValueRank></CSValue><CSValue><CSValueCode>VA4089444</CSValueCode><CSValueName>壶</CSValueName><CSValueRank>19</CSValueRank></CSValue><CSValue><CSValueCode>VA4089408</CSValueCode><CSValueName>美味食谱</CSValueName><CSValueRank>22</CSValueRank></CSValue></CSItem></CSChapter><CSChapter><CSChapterCode>CHA_0000009</CSChapterCode><CSChapterName>普通参数</CSChapterName><CSChapterRank>2</CSChapterRank><CSItem><CSItemCode>IT4038463</CSItemCode><CSItemName>产品功能</CSItemName><CSItemRank>1</CSItemRank><CSItemIsFreeFormat>0</CSItemIsFreeFormat><CSValue><CSValueCode>VA4089462</CSValueCode><CSValueName>可放心用洗碗机清洗</CSValueName><CSValueRank>14</CSValueRank></CSValue><CSValue><CSValueCode>VA4089460</CSValueCode><CSValueName>防滑底座</CSValueName><CSValueRank>16</CSValueRank></CSValue><CSValue><CSValueCode>VA4089454</CSValueCode><CSValueName>开/关按键</CSValueName><CSValueRank>17</CSValueRank></CSValue><CSValue><CSValueCode>VA4089481</CSValueCode><CSValueName>安全锁</CSValueName><CSValueRank>20</CSValueRank></CSValue><CSValue><CSValueCode>VA4089480</CSValueCode><CSValueName>快速清洁</CSValueName><CSValueRank>23</CSValueRank></CSValue></CSItem></CSChapter><CSChapter><CSChapterCode>3001096</CSChapterCode><CSChapterName>设计</CSChapterName><CSChapterRank>3</CSChapterRank><CSItem><CSItemCode>3011951</CSItemCode><CSItemName>颜色</CSItemName><CSItemRank>1</CSItemRank><CSItemIsFreeFormat>0</CSItemIsFreeFormat><CSValue><CSValueCode>VA4095649</CSValueCode><CSValueName>金属玫瑰色</CSValueName><CSValueRank>21</CSValueRank></CSValue></CSItem></CSChapter><CSChapter><CSChapterCode>CHA_0000013</CSChapterCode><CSChapterName>表面处理</CSChapterName><CSChapterRank>4</CSChapterRank><CSItem><CSItemCode>IT4038950</CSItemCode><CSItemName>附件材料</CSItemName><CSItemRank>1</CSItemRank><CSItemIsFreeFormat>1</CSItemIsFreeFormat><CSValue><CSValueCode>VA4090596</CSValueCode><CSValueName>金属安全锁</CSValueName><CSValueRank>1</CSValueRank></CSValue></CSItem><CSItem><CSItemCode>IT4038948</CSItemCode><CSItemName>材料杯</CSItemName><CSItemRank>2</CSItemRank><CSItemIsFreeFormat>1</CSItemIsFreeFormat><CSValue><CSValueCode>VA4090594</CSValueCode><CSValueName>塑料</CSValueName><CSValueRank>1</CSValueRank></CSValue></CSItem><CSItem><CSItemCode>IT4038930</CSItemCode><CSItemName>机身材料</CSItemName><CSItemRank>3</CSItemRank><CSItemIsFreeFormat>1</CSItemIsFreeFormat><CSValue><CSValueCode>VA4090527</CSValueCode><CSValueName>塑料</CSValueName><CSValueRank>1</CSValueRank></CSValue></CSItem><CSItem><CSItemCode>IT4038934</CSItemCode><CSItemName>果渣容器材料</CSItemName><CSItemRank>4</CSItemRank><CSItemIsFreeFormat>1</CSItemIsFreeFormat><CSValue><CSValueCode>VA4090531</CSValueCode><CSValueName>塑料</CSValueName><CSValueRank>1</CSValueRank></CSValue></CSItem></CSChapter><CSChapter><CSChapterCode>CHA_0000049</CSChapterCode><CSChapterName>服务</CSChapterName><CSChapterRank>5</CSChapterRank><CSItem><CSItemCode>IT4010194</CSItemCode><CSItemName>2 年全球保修</CSItemName><CSItemRank>1</CSItemRank><CSItemIsFreeFormat>0</CSItemIsFreeFormat><CSValue><CSValueCode>VA4023904</CSValueCode><CSValueName>是</CSValueName><CSValueRank>3</CSValueRank></CSValue></CSItem></CSChapter><CSChapter><CSChapterCode>CH4000822</CSChapterCode><CSChapterName>可持续发展</CSChapterName><CSChapterRank>6</CSChapterRank><CSItem><CSItemCode>IT4005643</CSItemCode><CSItemName>包装</CSItemName><CSItemRank>1</CSItemRank><CSItemIsFreeFormat>0</CSItemIsFreeFormat><CSValue><CSValueCode>VA4016806</CSValueCode><CSValueName>90% 以上均为可回收材料</CSValueName><CSValueRank>4</CSValueRank></CSValue></CSItem><CSItem><CSItemCode>IT4005644</CSItemCode><CSItemName>用户手册</CSItemName><CSItemRank>2</CSItemRank><CSItemIsFreeFormat>0</CSItemIsFreeFormat><CSValue><CSValueCode>VA4016807</CSValueCode><CSValueName>100%可回收纸</CSValueName><CSValueRank>1</CSValueRank></CSValue></CSItem></CSChapter><CSChapter><CSChapterCode>3000956</CSChapterCode><CSChapterName>技术规格</CSChapterName><CSChapterRank>7</CSChapterRank><CSItem><CSItemCode>IT4038478</CSItemCode><CSItemName>搅拌杯容量</CSItemName><CSItemRank>1</CSItemRank><CSItemIsFreeFormat>1</CSItemIsFreeFormat><CSValue><CSValueCode>VA4089500</CSValueCode><CSValueName>1</CSValueName><CSValueRank>1</CSValueRank></CSValue><UnitOfMeasure><UnitOfMeasureCode>4000010</UnitOfMeasureCode><UnitOfMeasureName>-升</UnitOfMeasureName><UnitOfMeasureSymbol>升</UnitOfMeasureSymbol></UnitOfMeasure></CSItem><CSItem><CSItemCode>IT4038477</CSItemCode><CSItemName>蔬果盛载盆</CSItemName><CSItemRank>2</CSItemRank><CSItemIsFreeFormat>1</CSItemIsFreeFormat><CSValue><CSValueCode>VA4089499</CSValueCode><CSValueName>1</CSValueName><CSValueRank>1</CSValueRank></CSValue><UnitOfMeasure><UnitOfMeasureCode>4000010</UnitOfMeasureCode><UnitOfMeasureName>-升</UnitOfMeasureName><UnitOfMeasureSymbol>升</UnitOfMeasureSymbol></UnitOfMeasure></CSItem><CSItem><CSItemCode>S_0000109</CSItemCode><CSItemName>电线长度</CSItemName><CSItemRank>3</CSItemRank><CSItemIsFreeFormat>1</CSItemIsFreeFormat><CSValue><CSValueCode>VA4007182</CSValueCode><CSValueName>1</CSValueName><CSValueRank>1</CSValueRank></CSValue><UnitOfMeasure><UnitOfMeasureCode>3000057</UnitOfMeasureCode><UnitOfMeasureName>米</UnitOfMeasureName><UnitOfMeasureSymbol>米</UnitOfMeasureSymbol></UnitOfMeasure></CSItem><CSItem><CSItemCode>S_0000027</CSItemCode><CSItemName>频率</CSItemName><CSItemRank>4</CSItemRank><CSItemIsFreeFormat>1</CSItemIsFreeFormat><CSValue><CSValueCode>VA4007112</CSValueCode><CSValueName>50-60</CSValueName><CSValueRank>1</CSValueRank></CSValue><UnitOfMeasure><UnitOfMeasureCode>3000045</UnitOfMeasureCode><UnitOfMeasureName>赫兹</UnitOfMeasureName><UnitOfMeasureSymbol>赫兹</UnitOfMeasureSymbol></UnitOfMeasure></CSItem><CSItem><CSItemCode>S_0000022</CSItemCode><CSItemName>功率</CSItemName><CSItemRank>5</CSItemRank><CSItemIsFreeFormat>1</CSItemIsFreeFormat><CSValue><CSValueCode>VA4007107</CSValueCode><CSValueName>200</CSValueName><CSValueRank>1</CSValueRank></CSValue><UnitOfMeasure><UnitOfMeasureCode>3000072</UnitOfMeasureCode><UnitOfMeasureName>瓦特</UnitOfMeasureName><UnitOfMeasureSymbol>瓦</UnitOfMeasureSymbol></UnitOfMeasure></CSItem><CSItem><CSItemCode>S_0000026</CSItemCode><CSItemName>电压</CSItemName><CSItemRank>6</CSItemRank><CSItemIsFreeFormat>1</CSItemIsFreeFormat><CSValue><CSValueCode>VA4007111</CSValueCode><CSValueName>220-240</CSValueName><CSValueRank>1</CSValueRank></CSValue><UnitOfMeasure><UnitOfMeasureCode>3000071</UnitOfMeasureCode><UnitOfMeasureName>伏</UnitOfMeasureName><UnitOfMeasureSymbol>伏</UnitOfMeasureSymbol></UnitOfMeasure></CSItem></CSChapter><CSChapter><CSChapterCode>CHA_0000021</CSChapterCode><CSChapterName>原产地</CSChapterName><CSChapterRank>8</CSChapterRank><CSItem><CSItemCode>S_0001744</CSItemCode><CSItemName>原产地</CSItemName><CSItemRank>1</CSItemRank><CSItemIsFreeFormat>1</CSItemIsFreeFormat><CSValue><CSValueCode>VA4008246</CSValueCode><CSValueName>中国</CSValueName><CSValueRank>1</CSValueRank></CSValue></CSItem></CSChapter><Filters><Purpose type="Comparison"><Features><Feature code="F400074062" rank="1" referenceName="MicroMasticating extracts up to 90%* of the fruit"/><Feature code="F400074064" rank="2" referenceName="Juice all your favorites, including bananas and mangos"/><Feature code="F400074066" rank="3" referenceName="Leaves, greens and nuts"/><Feature code="F400078289" rank="4" referenceName="Guilt free sorbet from natural ingredients"/><Feature code="F400074069" rank="5" referenceName="QuickClean in 1 minute"/><Feature code="F400074070" rank="6" referenceName="No sieve design"/><Feature code="F400074071" rank="7" referenceName="juicer - Innovative drip stop"/><Feature code="F400074072" rank="8" referenceName="LED feedback"/><Feature code="F400074074" rank="9" referenceName="Slim design 11cm width"/><Feature code="F400074076" rank="10" referenceName="Directly into your glass"/><Feature code="F400074079" rank="11" referenceName="Inspiring recipe book 40 recipes juicer"/><Feature code="F400074077" rank="12" referenceName="Integrated storage"/></Features><CSItems><CSItem code="IT4014581" rank="1" referenceName="附件 - 随附"/><CSItem code="IT4038463" rank="1" referenceName="普通参数 - 产品功能"/><CSItem code="3011951" rank="1" referenceName="设计 - 颜色"/><CSItem code="IT4038950" rank="1" referenceName="表面处理 - 附件材料"/><CSItem code="IT4010194" rank="1" referenceName="服务 - 2 年全球保修"/><CSItem code="IT4005643" rank="1" referenceName="可持续发展 - 包装"/><CSItem code="IT4038478" rank="1" referenceName="技术规格 - 搅拌杯容量"/><CSItem code="S_0001744" rank="1" referenceName="原产地 - 原产地"/><CSItem code="IT4038948" rank="2" referenceName="表面处理 - 材料杯"/><CSItem code="IT4005644" rank="2" referenceName="可持续发展 - 用户手册"/><CSItem code="IT4038477" rank="2" referenceName="技术规格 - 蔬果盛载盆"/><CSItem code="IT4038930" rank="3" referenceName="表面处理 - 机身材料"/><CSItem code="S_0000109" rank="3" referenceName="技术规格 - 电线长度"/><CSItem code="IT4038934" rank="4" referenceName="表面处理 - 果渣容器材料"/><CSItem code="S_0000027" rank="4" referenceName="技术规格 - 频率"/><CSItem code="S_0000022" rank="5" referenceName="技术规格 - 功率"/><CSItem code="S_0000026" rank="6" referenceName="技术规格 - 电压"/></CSItems></Purpose><Purpose type="Detail"><Features><Feature code="F400074062" rank="1" referenceName="MicroMasticating extracts up to 90%* of the fruit"/><Feature code="F400074064" rank="2" referenceName="Juice all your favorites, including bananas and mangos"/><Feature code="F400074066" rank="3" referenceName="Leaves, greens and nuts"/><Feature code="F400078289" rank="4" referenceName="Guilt free sorbet from natural ingredients"/><Feature code="F400074069" rank="5" referenceName="QuickClean in 1 minute"/><Feature code="F400074070" rank="6" referenceName="No sieve design"/><Feature code="F400074071" rank="7" referenceName="juicer - Innovative drip stop"/><Feature code="F400074072" rank="8" referenceName="LED feedback"/><Feature code="F400074074" rank="9" referenceName="Slim design 11cm width"/><Feature code="F400074076" rank="10" referenceName="Directly into your glass"/><Feature code="F400074079" rank="11" referenceName="Inspiring recipe book 40 recipes juicer"/><Feature code="F400074077" rank="12" referenceName="Integrated storage"/></Features><CSItems><CSItem code="IT4014581" rank="1" referenceName="附件 - 随附"/><CSItem code="IT4038463" rank="1" referenceName="普通参数 - 产品功能"/><CSItem code="3011951" rank="1" referenceName="设计 - 颜色"/><CSItem code="IT4038950" rank="1" referenceName="表面处理 - 附件材料"/><CSItem code="IT4010194" rank="1" referenceName="服务 - 2 年全球保修"/><CSItem code="IT4005643" rank="1" referenceName="可持续发展 - 包装"/><CSItem code="IT4038478" rank="1" referenceName="技术规格 - 搅拌杯容量"/><CSItem code="S_0001744" rank="1" referenceName="原产地 - 原产地"/><CSItem code="IT4038948" rank="2" referenceName="表面处理 - 材料杯"/><CSItem code="IT4005644" rank="2" referenceName="可持续发展 - 用户手册"/><CSItem code="IT4038477" rank="2" referenceName="技术规格 - 蔬果盛载盆"/><CSItem code="IT4038930" rank="3" referenceName="表面处理 - 机身材料"/><CSItem code="S_0000109" rank="3" referenceName="技术规格 - 电线长度"/><CSItem code="IT4038934" rank="4" referenceName="表面处理 - 果渣容器材料"/><CSItem code="S_0000027" rank="4" referenceName="技术规格 - 频率"/><CSItem code="S_0000022" rank="5" referenceName="技术规格 - 功率"/><CSItem code="S_0000026" rank="6" referenceName="技术规格 - 电压"/></CSItems></Purpose></Filters><FeatureCompareGroups/><Disclaimers><Disclaimer code="DIS40009225" rank="1" referenceName="MicroMasticating extracts up to 90%* of the fruit"><DisclaimerText>内部测试基于每 1000 克葡萄、苹果、黑莓、草莓、西红柿、西瓜、橘子和石榴。</DisclaimerText><DisclaimElements/></Disclaimer></Disclaimers><RichTexts/></Product></Products>