<?xml version="1.0" encoding="UTF-8"?><Products xmlns:source="http://apache.org/cocoon/source/1.0" DocStatus="approved" DocTimeStamp="2018-03-17T09:27:57"><Product Country="CN" IsAccessory="false" IsMaster="false" Locale="zh_CN" lastModified="2018-03-16T05:02:34" masterLastModified="2017-07-22T23:46:19"><CTN>MG7720/15</CTN><GTIN>08710103795810</GTIN><MarketingVersion>4.4.1</MarketingVersion><MarketingStatus>Final Published</MarketingStatus><CRDate>2017-02-10</CRDate><CRDateYW>201706</CRDateYW><ModelYears><ModelYear>2017</ModelYear></ModelYears><ProductDivision><ProductDivisionCode>0200</ProductDivisionCode><ProductDivisionName>Consumer Lifestyle</ProductDivisionName><FormerPDCode>0300</FormerPDCode></ProductDivision><ProductOwner>Brett Bardsley</ProductOwner><DTN>MG7720/15</DTN><Catalog><StartOfPublication>2017-09-04T00:00:00</StartOfPublication><EndOfPublication>2021-03-10T00:00:00</EndOfPublication><StartOfSales>2017-09-04T00:00:00</StartOfSales><EndOfSales>2021-03-10T00:00:00</EndOfSales><DummyPrice>519</DummyPrice><Deleted>false</Deleted><DeleteAfterDate/><ProductRank>50</ProductRank></Catalog><FinancialCategorization><BusinessGroupCode>9044</BusinessGroupCode><BusinessGroupName>Personal Care</BusinessGroupName><BusinessUnitCode>0321</BusinessUnitCode><BusinessUnitName>Male Grooming</BusinessUnitName><MainArticleGroupCode>E15</MainArticleGroupCode><MainArticleGroupName>Grooming</MainArticleGroupName><ArticleGroupCode>3157</ArticleGroupCode><ArticleGroupName>Grooming sets</ArticleGroupName></FinancialCategorization><Categorization type="CONSUMER"><GroupCode>PERSONAL_CARE_GR</GroupCode><GroupName>Personal care</GroupName><CategoryCode>FACIAL_STYLERS_AND_GROOMING_KITS_CA</CategoryCode><CategoryName>FACE Stylers and grooming kits</CategoryName><SubcategoryCode>MULTIGROOMERS_SU</SubcategoryCode><SubcategoryName>Multigroomers</SubcategoryName></Categorization><Assets><Asset code="MG7720_15" description="User manual" extension="pdf" lastModified="2018-02-22" locale="zh_CN" number="001" type="DFU">http://download.p4c.philips.com/files/m/mg7720_15/mg7720_15_dfu_zhs.pdf</Asset><Asset code="MG7720_15" description="Leaflet" extension="pdf" lastModified="2018-01-15" locale="zh_CN" number="001" type="PSS">http://download.p4c.philips.com/files/m/mg7720_15/mg7720_15_pss_zhscn.pdf</Asset><Asset code="MG7720_15" description="Retail Trade Leaflet" extension="pdf" lastModified="2018-01-14" locale="zh_CN" number="001" type="RTL">http://download.p4c.philips.com/files/m/mg7720_15/mg7720_15_rtl_zhscn.pdf</Asset><Asset code="MG7720_15" description="Alternative product photograph 1 - highres 2196x1795" extension="tif" lastModified="2017-05-11" locale="global" number="001" type="A1P">http://images.philips.com/is/image/PhilipsConsumer/MG7720_15-A1P-global-001</Asset><Asset code="MG7720_15" description="Alternative product photograph 5 - highres 2196x1795" extension="tif" lastModified="2017-10-10" locale="global" number="001" type="A5P">http://images.philips.com/is/image/PhilipsConsumer/MG7720_15-A5P-global-001</Asset><Asset code="MG7720_15" description="Alternative product photograph - highres 2196x1795" extension="tif" lastModified="2017-05-11" locale="global" number="001" type="APP">http://images.philips.com/is/image/PhilipsConsumer/MG7720_15-APP-global-001</Asset><Asset code="MG7720_15" description="Emotional benefit photograph - highres 514x514" extension="tif" lastModified="2017-05-11" locale="global" number="001" type="BPP">http://images.philips.com/is/image/PhilipsConsumer/MG7720_15-BPP-global-001</Asset><Asset code="MG7720_15" description="Product detail photograph - highres 2196x2196" extension="tif" lastModified="2017-09-23" locale="global" number="001" type="DPP">http://images.philips.com/is/image/PhilipsConsumer/MG7720_15-DPP-global-001</Asset><Asset code="MG7720_15" description="Emotional Benefit 1 - highres 2196x1795" extension="tif" lastModified="2018-03-13" locale="global" number="001" type="E1P">http://images.philips.com/is/image/PhilipsConsumer/MG7720_15-E1P-global-001</Asset><Asset code="MG7720_15" description="Emotional Benefit 2 - highres 2196x1795" extension="tif" lastModified="2017-05-11" locale="global" number="001" type="E2P">http://images.philips.com/is/image/PhilipsConsumer/MG7720_15-E2P-global-001</Asset><Asset code="MG7720_15" description="Main in-use photograph - highres 2480x1462" extension="tif" lastModified="2017-05-16" locale="global" number="001" type="MI1">http://images.philips.com/is/image/PhilipsConsumer/MG7720_15-MI1-global-001</Asset><Asset code="MG7720_15" description="Product 3D" extension="zip" lastModified="2017-11-17" locale="global" number="001" type="P3D">http://images.philips.com/is/image/PhilipsConsumer/MG7720_15-P3D-global</Asset><Asset code="MG7720_15" description="Packaging photograph - highres 1447x756" extension="tif" lastModified="2017-05-18" locale="global" number="001" type="PID">http://images.philips.com/is/image/PhilipsConsumer/MG7720_15-PID-global-001</Asset><Asset code="MG7720_15" description="Packaging photograph - master" extension="tif" lastModified="2017-05-18" locale="global" number="001" type="PIM">http://download.p4c.philips.com/files/m/mg7720_15/mg7720_15_pim_.tif</Asset><Asset code="MG7720_15" description="Packaging photograph - small 90x65" extension="jpg" lastModified="2017-05-18" locale="global" number="001" type="PIS">http://download.p4c.philips.com/files/m/mg7720_15/mg7720_15_pis_.jpg</Asset><Asset code="MG7720_15" description="Leaflet" extension="pdf" lastModified="2018-01-15" locale="global" number="001" type="PSS">http://download.p4c.philips.com/files/m/mg7720_15/mg7720_15_pss_.pdf</Asset><Asset code="MG7720_15" description="Standard product photograph - highres 2196x1795" extension="tif" lastModified="2017-07-14" locale="global" number="001" type="RTP">http://images.philips.com/is/image/PhilipsConsumer/MG7720_15-RTP-global-001</Asset><Asset code="MG7720_15" description="Product In Use 1 - highres 2196x1795" extension="tif" lastModified="2017-05-16" locale="global" number="001" type="U1P">http://images.philips.com/is/image/PhilipsConsumer/MG7720_15-U1P-global-001</Asset><Asset code="MG7720_15" description="Product In Use 2 - highres 2196x1795" extension="tif" lastModified="2017-05-16" locale="global" number="001" type="U2P">http://images.philips.com/is/image/PhilipsConsumer/MG7720_15-U2P-global-001</Asset><Asset code="MG7720_15" description="Product In Use 3 - highres 2196x1795" extension="tif" lastModified="2017-05-16" locale="global" number="001" type="U3P">http://images.philips.com/is/image/PhilipsConsumer/MG7720_15-U3P-global-001</Asset><Asset code="MG7720_15" description="Product in use photograph - highres 2196x1795" extension="tif" lastModified="2017-05-16" locale="global" number="001" type="UPL">http://images.philips.com/is/image/PhilipsConsumer/MG7720_15-UPL-global-001</Asset><Asset code="MG7720_15" description="Single product shot" extension="" lastModified="2018-03-16" locale="zh_CN" number="" type="IMS">http://images.philips.com/is/image/PhilipsConsumer/MG7720_15-IMS-zh_CN</Asset><Asset code="MG7720_15" description="Product gallery image set" extension="" lastModified="2018-03-16" locale="zh_CN" number="" type="GAL">http://images.philips.com/is/image/PhilipsConsumer/MG7720_15-GAL-zh_CN</Asset><Asset code="MG7720_15" description="Product URL" extension="" lastModified="2018-03-16" locale="zh_CN" number="" type="URL">http://www.philips.com.cn/c-p/MG7720_15/multigroom-series-7000-14-in-1-face-hair-and-body</Asset><Asset code="F400066206_MG7720_15" description="Feature photograph - highres 2100x1170" extension="tif" lastModified="2018-01-12" locale="global" number="001" type="FIL">http://images.philips.com/is/image/PhilipsConsumer/F400066206_MG7720_15-FIL-global-001</Asset><Asset code="F400081008_MG7720_15" description="Feature photograph - highres 2100x1170" extension="tif" lastModified="2017-05-16" locale="global" number="001" type="FIL">http://images.philips.com/is/image/PhilipsConsumer/F400081008_MG7720_15-FIL-global-001</Asset><Asset code="F400081056_MG7720_15" description="Feature photograph - highres 2100x1170" extension="tif" lastModified="2017-05-11" locale="global" number="001" type="FIL">http://images.philips.com/is/image/PhilipsConsumer/F400081056_MG7720_15-FIL-global-001</Asset><Asset code="F400081057_MG7720_15" description="Feature photograph - highres 2100x1170" extension="tif" lastModified="2017-05-11" locale="global" number="001" type="FIL">http://images.philips.com/is/image/PhilipsConsumer/F400081057_MG7720_15-FIL-global-001</Asset><Asset code="F400081058_MG7720_15" description="Feature photograph - highres 2100x1170" extension="tif" lastModified="2017-05-11" locale="global" number="001" type="FIL">http://images.philips.com/is/image/PhilipsConsumer/F400081058_MG7720_15-FIL-global-001</Asset><Asset code="F400081062_MG7720_15" description="Feature photograph - highres 2100x1170" extension="tif" lastModified="2017-05-11" locale="global" number="001" type="FIL">http://images.philips.com/is/image/PhilipsConsumer/F400081062_MG7720_15-FIL-global-001</Asset><Asset code="F400081070_MG7720_15" description="Feature photograph - highres 2100x1170" extension="tif" lastModified="2017-05-11" locale="global" number="001" type="FIL">http://images.philips.com/is/image/PhilipsConsumer/F400081070_MG7720_15-FIL-global-001</Asset><Asset code="F400081077_MG7720_15" description="Feature photograph - highres 2100x1170" extension="tif" lastModified="2017-05-11" locale="global" number="001" type="FIL">http://images.philips.com/is/image/PhilipsConsumer/F400081077_MG7720_15-FIL-global-001</Asset><Asset code="F400081078" description="Feature photograph - highres 2100x1170" extension="tif" lastModified="2017-05-16" locale="global" number="001" type="FIL">http://images.philips.com/is/image/PhilipsConsumer/F400081078-FIL-global-001</Asset><Asset code="F400081081" description="Feature photograph - highres 2100x1170" extension="tif" lastModified="2017-05-19" locale="global" number="001" type="FIL">http://images.philips.com/is/image/PhilipsConsumer/F400081081-FIL-global-001</Asset><Asset code="F400081084_MG7720_15" description="Feature photograph - highres 2100x1170" extension="tif" lastModified="2017-05-11" locale="global" number="001" type="FIL">http://images.philips.com/is/image/PhilipsConsumer/F400081084_MG7720_15-FIL-global-001</Asset><Asset code="F400081471" description="Feature photograph - highres 2100x1170" extension="tif" lastModified="2017-05-16" locale="global" number="001" type="FIL">http://images.philips.com/is/image/PhilipsConsumer/F400081471-FIL-global-001</Asset><Asset code="F400082748_MG7720_15" description="Feature photograph - highres 2100x1170" extension="tif" lastModified="2017-06-12" locale="global" number="001" type="FIL">http://images.philips.com/is/image/PhilipsConsumer/F400082748_MG7720_15-FIL-global-001</Asset><Asset code="GA40021058" description="needs to be blocked as code in CCR Global award logo - master" extension="jpg" lastModified="2017-07-21" locale="global" number="001" type="GAL">GA40021058-GAL-global-001.jpg</Asset><Asset code="GA40021058" description="Global award logo - highres 590x590" extension="tif" lastModified="2017-07-21" locale="global" number="001" type="GAP">http://images.philips.com/is/image/PhilipsConsumer/GA40021058-GAP-global-001</Asset><Asset code="PHI" description="Brand logo - highres 1476x886" extension="tif" lastModified="2016-02-18" locale="global" number="001" type="BRP">http://images.philips.com/is/image/PhilipsConsumer/PHI-BRP-global-001</Asset></Assets><ProductName>14 款工具 14 合 1，面部、头发和身体</ProductName><FullProductName>飞利浦 Multigroom series 7000 14 合 1 造型器-美发造型+胡须造型+身体脱毛 MG7720/15 14 款工具 双重剪切技术 长达 120 分钟的运行时间 防水设计</FullProductName><NamingString><MasterBrand><BrandCode>PHI</BrandCode><BrandName>Philips</BrandName></MasterBrand><BrandString>飞利浦</BrandString><Family><FamilyCode>SB40004137</FamilyCode><FamilyName>Multigroom series 7000</FamilyName><FamilyNameUsed>1</FamilyNameUsed></Family><Descriptor><DescriptorCode>D4029552</DescriptorCode><DescriptorName>14 合 1 造型器-美发造型+胡须造型+身体脱毛</DescriptorName></Descriptor><Alphanumeric>MG7720/15</Alphanumeric><VersionElement1><VersionElementCode>V4043788</VersionElementCode><VersionElementName>14 款工具</VersionElementName></VersionElement1><VersionElement2><VersionElementCode>V4043820</VersionElementCode><VersionElementName>双重剪切技术</VersionElementName></VersionElement2><VersionElement3><VersionElementCode>V4043796</VersionElementCode><VersionElementName>长达 120 分钟的运行时间</VersionElementName></VersionElement3><VersionElement4><VersionElementCode>V4043801</VersionElementCode><VersionElementName>防水设计</VersionElementName></VersionElement4><VersionString>14 款工具 双重剪切技术 长达 120 分钟的运行时间 防水设计</VersionString><BrandedFeatureString/><DescriptorBrandedFeatureString>14 合 1 造型器-美发造型+胡须造型+身体脱毛</DescriptorBrandedFeatureString></NamingString><WOW>全面造型、精确修剪</WOW><SubWOW>14 合 1 的优质修剪器确保全面的多功能修剪</SubWOW><MarketingTextHeader>使用我们准确的多功能修剪器打造真我风格。14 款精美工具帮助您全面打造自我风格。双重剪切刀片以及防滑橡胶手柄，让您随心掌控，享受准确的修剪体验。</MarketingTextHeader><KeyBenefitArea><KeyBenefitAreaCode>K4033899</KeyBenefitAreaCode><KeyBenefitAreaName>修剪性能</KeyBenefitAreaName><KeyBenefitAreaRank>1</KeyBenefitAreaRank><Feature><FeatureCode>F400081471</FeatureCode><FeatureReferenceName>DualCut technology (Baracus 2016 5yr)</FeatureReferenceName><FeatureName>双重剪切技术</FeatureName><FeatureLongDescription>双重剪切技术带来 2 倍多刀片的良好准确度</FeatureLongDescription><FeatureGlossary>享受包含 2倍多刀片的双重剪切技术的良好准确度。钢质刀片轻轻相互磨刷 -边工作边自动研磨。刀片在使用 5 年后宛如第 1 天使用般锋利。</FeatureGlossary><FeatureRank>1</FeatureRank><FeatureTopRank>1</FeatureTopRank></Feature></KeyBenefitArea><KeyBenefitArea><KeyBenefitAreaCode>KBA_0000728</KeyBenefitAreaCode><KeyBenefitAreaName>多功能</KeyBenefitAreaName><KeyBenefitAreaRank>2</KeyBenefitAreaRank><Feature><FeatureCode>F400082748_MG7720_15</FeatureCode><FeatureReferenceName>14 tools for face, hair &amp; body (Baracus 2016)</FeatureReferenceName><FeatureName>针对面部、头发和身体的 14 款工具</FeatureName><FeatureLongDescription>用 14 款工具修剪面部、头发和身体，并为其造型</FeatureLongDescription><FeatureGlossary>此多功能一体化的修剪器方便地修剪和造型面部毛发、剪短头发以及令身体整洁美观。</FeatureGlossary><FeatureRank>2</FeatureRank><FeatureTopRank>2</FeatureTopRank></Feature><Feature><FeatureCode>F400081070_MG7720_15</FeatureCode><FeatureReferenceName>Metal trimmer (dualcut face hair body Baracus 2016)</FeatureReferenceName><FeatureName>金属修剪器</FeatureName><FeatureLongDescription>金属修剪器准确修剪胡须、头发和身体</FeatureLongDescription><FeatureGlossary>使用采用双重剪切技术的无修剪梳金属修剪器，打造胡须、颈部和发际线周围整洁清晰的线条，或将体毛修剪到较短长度。</FeatureGlossary><FeatureRank>3</FeatureRank><FeatureTopRank>3</FeatureTopRank></Feature><Feature><FeatureCode>F400081084_MG7720_15</FeatureCode><FeatureReferenceName>Bodyshaver with skin protector (Baracus 2016)</FeatureReferenceName><FeatureName>带皮肤保护器的体毛修剪器</FeatureName><FeatureLongDescription>体毛修剪器舒适地剃除您的体毛</FeatureLongDescription><FeatureGlossary>用我们的体毛修剪器舒适地剃刮颈部以下部位。我们的皮肤保护器系统可保护敏感的身体部位，让您舒适地将毛发剃至接近 0.5 毫米。</FeatureGlossary><FeatureRank>4</FeatureRank><FeatureTopRank>4</FeatureTopRank></Feature><Feature><FeatureCode>F400081056_MG7720_15</FeatureCode><FeatureReferenceName>Precision shaver (Baracus 2016)</FeatureReferenceName><FeatureName>精准剃须刀</FeatureName><FeatureLongDescription>精准剃须刀可使脸颊、下巴和颈部的边缘变得理想</FeatureLongDescription><FeatureGlossary>修剪后使用精确剃须刀，可使脸颊、下巴和颈部的边缘变得理想。</FeatureGlossary><FeatureRank>5</FeatureRank><FeatureTopRank>5</FeatureTopRank></Feature><Feature><FeatureCode>F400081077_MG7720_15</FeatureCode><FeatureReferenceName>Detail metal trimmer (Baracus 2016)</FeatureReferenceName><FeatureName>金属精细修剪器</FeatureName><FeatureLongDescription>金属精细修剪器塑造胡须或山羊胡的边缘线条</FeatureLongDescription><FeatureGlossary>准确打造优美线条、轮廓和细节，精心塑造或改变个人造型。</FeatureGlossary><FeatureRank>7</FeatureRank><FeatureTopRank>6</FeatureTopRank></Feature><Feature><FeatureCode>F400081058_MG7720_15</FeatureCode><FeatureReferenceName>Nose and ear trimmer (Baracus 2016 ROW)</FeatureReferenceName><FeatureName>鼻毛、耳毛修剪器</FeatureName><FeatureLongDescription>鼻毛修剪器轻轻去除多余鼻毛和耳毛</FeatureLongDescription><FeatureGlossary>轻松、舒适地剪除多余鼻毛和耳毛。</FeatureGlossary><FeatureRank>8</FeatureRank><FeatureTopRank>7</FeatureTopRank></Feature><Feature><FeatureCode>F400081078</FeatureCode><FeatureReferenceName>8 Impact-resistant combs (Baracus 2016)</FeatureReferenceName><FeatureName>8 把耐冲击的修剪梳</FeatureName><FeatureLongDescription>8 把可用于修剪面部、头发和身体的修剪梳</FeatureLongDescription><FeatureGlossary>2 把短茬修剪梳（1、2 毫米），1 把可调节胡须修剪梳（3 - 7 毫米）、3 把发梳（9、12、16 毫米）和 2 把身体修剪梳（3、5 毫米）。</FeatureGlossary><FeatureRank>9</FeatureRank><FeatureTopRank>8</FeatureTopRank></Feature></KeyBenefitArea><KeyBenefitArea><KeyBenefitAreaCode>K300000216</KeyBenefitAreaCode><KeyBenefitAreaName>易于使用</KeyBenefitAreaName><KeyBenefitAreaRank>3</KeyBenefitAreaRank><Feature><FeatureCode>F400081062_MG7720_15</FeatureCode><FeatureReferenceName>Up to 120 minute run time (Baracus 2016)</FeatureReferenceName><FeatureName>长达 120 分钟的运行时间</FeatureName><FeatureLongDescription>运行时间：每次充电可无线使用长达 120 分钟</FeatureLongDescription><FeatureGlossary>高性能锂电池每次 1 小时完全充电，可提供长达 120 分钟的运行时间。一次 5 分钟快充可完成一次完全修剪。</FeatureGlossary><FeatureRank>6</FeatureRank><FeatureTopRank>9</FeatureTopRank></Feature><Feature><FeatureCode>F400081057_MG7720_15</FeatureCode><FeatureReferenceName>No-slip rubber grip (Baracus 2016)</FeatureReferenceName><FeatureName>防滑橡胶手柄</FeatureName><FeatureLongDescription>防滑橡胶手柄提高了舒适感和控制力</FeatureLongDescription><FeatureGlossary>高品质的橡胶手柄在修剪时可带来卓越的舒适感和控制力。</FeatureGlossary><FeatureRank>10</FeatureRank><FeatureTopRank>10</FeatureTopRank></Feature><Feature><FeatureCode>F400081008_MG7720_15</FeatureCode><FeatureReferenceName>Showerproof (Baracus 2016)</FeatureReferenceName><FeatureName>防水设计</FeatureName><FeatureLongDescription>防水设计便于在淋浴和清洗时使用</FeatureLongDescription><FeatureGlossary>此修剪器专为防水而设计，这样就可在淋浴时舒适地使用该修剪器，并可放在水龙头下轻松清洗。</FeatureGlossary><FeatureRank>11</FeatureRank><FeatureTopRank>11</FeatureTopRank></Feature><Feature><FeatureCode>F400066206_MG7720_15</FeatureCode><FeatureReferenceName>Storage pouch (Baracus 2016)</FeatureReferenceName><FeatureName>存储袋</FeatureName><FeatureLongDescription>存储袋方便整理和携带</FeatureLongDescription><FeatureGlossary>使用便利的存储袋进行存放或携带。它可在您外出时容纳和保护您的修剪器及其所有工具。</FeatureGlossary><FeatureRank>12</FeatureRank><FeatureTopRank>12</FeatureTopRank></Feature><Feature><FeatureCode>F400081081</FeatureCode><FeatureReferenceName>Guarantee (5years Baracus 2016)</FeatureReferenceName><FeatureName>保修</FeatureName><FeatureLongDescription>5 年保修和全球电压</FeatureLongDescription><FeatureGlossary>我们为这款飞利浦修剪器提供 5 年保修的保障。我们的理容产品经久耐用，专为不断提供可靠的性能而设计。此修剪器的部件无需上油，且其电池兼容全球所有电压。</FeatureGlossary><FeatureRank>13</FeatureRank><FeatureTopRank>13</FeatureTopRank></Feature></KeyBenefitArea><FeatureImage><FeatureCode>F400081471</FeatureCode><FeatureReferenceName>DualCut technology (Baracus 2016 5yr)</FeatureReferenceName><FeatureImageRank>1</FeatureImageRank></FeatureImage><FeatureImage><FeatureCode>F400082748_MG7720_15</FeatureCode><FeatureReferenceName>14 tools for face, hair &amp; body (Baracus 2016)</FeatureReferenceName><FeatureImageRank>2</FeatureImageRank></FeatureImage><FeatureImage><FeatureCode>F400081070_MG7720_15</FeatureCode><FeatureReferenceName>Metal trimmer (dualcut face hair body Baracus 2016)</FeatureReferenceName><FeatureImageRank>3</FeatureImageRank></FeatureImage><FeatureImage><FeatureCode>F400081084_MG7720_15</FeatureCode><FeatureReferenceName>Bodyshaver with skin protector (Baracus 2016)</FeatureReferenceName><FeatureImageRank>4</FeatureImageRank></FeatureImage><FeatureImage><FeatureCode>F400081056_MG7720_15</FeatureCode><FeatureReferenceName>Precision shaver (Baracus 2016)</FeatureReferenceName><FeatureImageRank>5</FeatureImageRank></FeatureImage><FeatureImage><FeatureCode>F400081077_MG7720_15</FeatureCode><FeatureReferenceName>Detail metal trimmer (Baracus 2016)</FeatureReferenceName><FeatureImageRank>6</FeatureImageRank></FeatureImage><FeatureImage><FeatureCode>F400081058_MG7720_15</FeatureCode><FeatureReferenceName>Nose and ear trimmer (Baracus 2016 ROW)</FeatureReferenceName><FeatureImageRank>7</FeatureImageRank></FeatureImage><FeatureImage><FeatureCode>F400081078</FeatureCode><FeatureReferenceName>8 Impact-resistant combs (Baracus 2016)</FeatureReferenceName><FeatureImageRank>8</FeatureImageRank></FeatureImage><FeatureImage><FeatureCode>F400081062_MG7720_15</FeatureCode><FeatureReferenceName>Up to 120 minute run time (Baracus 2016)</FeatureReferenceName><FeatureImageRank>9</FeatureImageRank></FeatureImage><FeatureImage><FeatureCode>F400081057_MG7720_15</FeatureCode><FeatureReferenceName>No-slip rubber grip (Baracus 2016)</FeatureReferenceName><FeatureImageRank>10</FeatureImageRank></FeatureImage><FeatureImage><FeatureCode>F400081008_MG7720_15</FeatureCode><FeatureReferenceName>Showerproof (Baracus 2016)</FeatureReferenceName><FeatureImageRank>11</FeatureImageRank></FeatureImage><FeatureImage><FeatureCode>F400066206_MG7720_15</FeatureCode><FeatureReferenceName>Storage pouch (Baracus 2016)</FeatureReferenceName><FeatureImageRank>12</FeatureImageRank></FeatureImage><FeatureImage><FeatureCode>F400081081</FeatureCode><FeatureReferenceName>Guarantee (5years Baracus 2016)</FeatureReferenceName><FeatureImageRank>13</FeatureImageRank></FeatureImage><FeatureHighlight><FeatureCode>F400081471</FeatureCode><FeatureReferenceName>DualCut technology (Baracus 2016 5yr)</FeatureReferenceName><FeatureHighlightRank>1</FeatureHighlightRank></FeatureHighlight><FeatureHighlight><FeatureCode>F400082748_MG7720_15</FeatureCode><FeatureReferenceName>14 tools for face, hair &amp; body (Baracus 2016)</FeatureReferenceName><FeatureHighlightRank>2</FeatureHighlightRank></FeatureHighlight><FeatureHighlight><FeatureCode>F400081070_MG7720_15</FeatureCode><FeatureReferenceName>Metal trimmer (dualcut face hair body Baracus 2016)</FeatureReferenceName><FeatureHighlightRank>3</FeatureHighlightRank></FeatureHighlight><FeatureHighlight><FeatureCode>F400081084_MG7720_15</FeatureCode><FeatureReferenceName>Bodyshaver with skin protector (Baracus 2016)</FeatureReferenceName><FeatureHighlightRank>4</FeatureHighlightRank></FeatureHighlight><FeatureHighlight><FeatureCode>F400081056_MG7720_15</FeatureCode><FeatureReferenceName>Precision shaver (Baracus 2016)</FeatureReferenceName><FeatureHighlightRank>5</FeatureHighlightRank></FeatureHighlight><FeatureHighlight><FeatureCode>F400081077_MG7720_15</FeatureCode><FeatureReferenceName>Detail metal trimmer (Baracus 2016)</FeatureReferenceName><FeatureHighlightRank>6</FeatureHighlightRank></FeatureHighlight><FeatureHighlight><FeatureCode>F400081058_MG7720_15</FeatureCode><FeatureReferenceName>Nose and ear trimmer (Baracus 2016 ROW)</FeatureReferenceName><FeatureHighlightRank>7</FeatureHighlightRank></FeatureHighlight><FeatureHighlight><FeatureCode>F400081078</FeatureCode><FeatureReferenceName>8 Impact-resistant combs (Baracus 2016)</FeatureReferenceName><FeatureHighlightRank>8</FeatureHighlightRank></FeatureHighlight><FeatureHighlight><FeatureCode>F400081062_MG7720_15</FeatureCode><FeatureReferenceName>Up to 120 minute run time (Baracus 2016)</FeatureReferenceName><FeatureHighlightRank>9</FeatureHighlightRank></FeatureHighlight><FeatureHighlight><FeatureCode>F400081057_MG7720_15</FeatureCode><FeatureReferenceName>No-slip rubber grip (Baracus 2016)</FeatureReferenceName><FeatureHighlightRank>10</FeatureHighlightRank></FeatureHighlight><FeatureHighlight><FeatureCode>F400081008_MG7720_15</FeatureCode><FeatureReferenceName>Showerproof (Baracus 2016)</FeatureReferenceName><FeatureHighlightRank>11</FeatureHighlightRank></FeatureHighlight><FeatureHighlight><FeatureCode>F400066206_MG7720_15</FeatureCode><FeatureReferenceName>Storage pouch (Baracus 2016)</FeatureReferenceName><FeatureHighlightRank>12</FeatureHighlightRank></FeatureHighlight><FeatureHighlight><FeatureCode>F400081081</FeatureCode><FeatureReferenceName>Guarantee (5years Baracus 2016)</FeatureReferenceName><FeatureHighlightRank>13</FeatureHighlightRank></FeatureHighlight><CSChapter><CSChapterCode>CH4001561</CSChapterCode><CSChapterName>塑造百变形象</CSChapterName><CSChapterRank>1</CSChapterRank><CSItem><CSItemCode>IT4042741</CSItemCode><CSItemName>工具数量</CSItemName><CSItemRank>1</CSItemRank><CSItemIsFreeFormat>0</CSItemIsFreeFormat><CSValue><CSValueCode>VA4098738</CSValueCode><CSValueName>14 款工具</CSValueName><CSValueRank>1</CSValueRank></CSValue></CSItem><CSItem><CSItemCode>IT4008249</CSItemCode><CSItemName>造型工具</CSItemName><CSItemRank>14</CSItemRank><CSItemIsFreeFormat>0</CSItemIsFreeFormat><CSValue><CSValueCode>VA4098992</CSValueCode><CSValueName>金属修剪器</CSValueName><CSValueRank>1</CSValueRank></CSValue><CSValue><CSValueCode>VA4092708</CSValueCode><CSValueName>金属精细修剪器</CSValueName><CSValueRank>2</CSValueRank></CSValue><CSValue><CSValueCode>VA4086636</CSValueCode><CSValueName>精准剃须刀</CSValueName><CSValueRank>3</CSValueRank></CSValue><CSValue><CSValueCode>VA4020538</CSValueCode><CSValueName>耳鼻修剪器</CSValueName><CSValueRank>4</CSValueRank></CSValue><CSValue><CSValueCode>VA4059011</CSValueCode><CSValueName>体毛修剪器</CSValueName><CSValueRank>5</CSValueRank></CSValue><CSValue><CSValueCode>VA4098590</CSValueCode><CSValueName>身体皮肤保护器附件</CSValueName><CSValueRank>6</CSValueRank></CSValue><CSValue><CSValueCode>VA4098581</CSValueCode><CSValueName>3-7 毫米胡须可调节修剪梳</CSValueName><CSValueRank>7</CSValueRank></CSValue><CSValue><CSValueCode>VA4098582</CSValueCode><CSValueName>2 把短茬修剪梳</CSValueName><CSValueRank>8</CSValueRank></CSValue><CSValue><CSValueCode>VA4098585</CSValueCode><CSValueName>3 把发梳</CSValueName><CSValueRank>9</CSValueRank></CSValue><CSValue><CSValueCode>VA4098588</CSValueCode><CSValueName>2 把身体修剪梳</CSValueName><CSValueRank>10</CSValueRank></CSValue></CSItem><CSItem><CSItemCode>IT4027077</CSItemCode><CSItemName>美体护理/理发/面部护理</CSItemName><CSItemRank>19</CSItemRank><CSItemIsFreeFormat>0</CSItemIsFreeFormat><CSValue><CSValueCode>VA4063633</CSValueCode><CSValueName>长胡须</CSValueName><CSValueRank>1</CSValueRank></CSValue><CSValue><CSValueCode>VA4063631</CSValueCode><CSValueName>短胡须</CSValueName><CSValueRank>2</CSValueRank></CSValue><CSValue><CSValueCode>VA4063632</CSValueCode><CSValueName>胡茬造型</CSValueName><CSValueRank>3</CSValueRank></CSValue><CSValue><CSValueCode>VA4063630</CSValueCode><CSValueName>清晰的造型效果</CSValueName><CSValueRank>4</CSValueRank></CSValue><CSValue><CSValueCode>VA4063629</CSValueCode><CSValueName>精确造型</CSValueName><CSValueRank>5</CSValueRank></CSValue><CSValue><CSValueCode>VA4063635</CSValueCode><CSValueName>山羊胡</CSValueName><CSValueRank>6</CSValueRank></CSValue></CSItem></CSChapter><CSChapter><CSChapterCode>CHA_0000076</CSChapterCode><CSChapterName>切剃装置</CSChapterName><CSChapterRank>2</CSChapterRank><CSItem><CSItemCode>IT4043035</CSItemCode><CSItemName>双重剪切技术</CSItemName><CSItemRank>5</CSItemRank><CSItemIsFreeFormat>0</CSItemIsFreeFormat><CSValue><CSValueCode>VA4099447</CSValueCode><CSValueName>双向切剃</CSValueName><CSValueRank>1</CSValueRank></CSValue></CSItem><CSItem><CSItemCode>IT4042680</CSItemCode><CSItemName>自动研磨刀片</CSItemName><CSItemRank>20</CSItemRank><CSItemIsFreeFormat>0</CSItemIsFreeFormat><CSValue><CSValueCode>VA4098603</CSValueCode><CSValueName>是</CSValueName><CSValueRank>1</CSValueRank></CSValue></CSItem></CSChapter><CSChapter><CSChapterCode>3000815</CSChapterCode><CSChapterName>附件</CSChapterName><CSChapterRank>3</CSChapterRank><CSItem><CSItemCode>IT4007992</CSItemCode><CSItemName>维护</CSItemName><CSItemRank>3</CSItemRank><CSItemIsFreeFormat>0</CSItemIsFreeFormat><CSValue><CSValueCode>VA4019995</CSValueCode><CSValueName>清洁刷</CSValueName><CSValueRank>1</CSValueRank></CSValue></CSItem><CSItem><CSItemCode>IT4007991</CSItemCode><CSItemName>旅行软袋</CSItemName><CSItemRank>10</CSItemRank><CSItemIsFreeFormat>0</CSItemIsFreeFormat><CSValue><CSValueCode>VA4092610</CSValueCode><CSValueName>存储袋</CSValueName><CSValueRank>1</CSValueRank></CSValue></CSItem></CSChapter><CSChapter><CSChapterCode>3000821</CSChapterCode><CSChapterName>功率</CSChapterName><CSChapterRank>4</CSChapterRank><CSItem><CSItemCode>3006919</CSItemCode><CSItemName>电池类型</CSItemName><CSItemRank>2</CSItemRank><CSItemIsFreeFormat>0</CSItemIsFreeFormat><CSValue><CSValueCode>VA4030665</CSValueCode><CSValueName>锂离子</CSValueName><CSValueRank>1</CSValueRank></CSValue></CSItem><CSItem><CSItemCode>IT4015298</CSItemCode><CSItemName>使用时间</CSItemName><CSItemRank>8</CSItemRank><CSItemIsFreeFormat>0</CSItemIsFreeFormat><CSValue><CSValueCode>VA4092467</CSValueCode><CSValueName>120 分钟</CSValueName><CSValueRank>1</CSValueRank></CSValue></CSItem><CSItem><CSItemCode>IT4032891</CSItemCode><CSItemName>充电</CSItemName><CSItemRank>11</CSItemRank><CSItemIsFreeFormat>0</CSItemIsFreeFormat><CSValue><CSValueCode>VA4077304</CSValueCode><CSValueName>1 小时充满电</CSValueName><CSValueRank>1</CSValueRank></CSValue><CSValue><CSValueCode>VA4086231</CSValueCode><CSValueName>5 分钟快速充电</CSValueName><CSValueRank>2</CSValueRank></CSValue></CSItem><CSItem><CSItemCode>IT4015297</CSItemCode><CSItemName>自动电压</CSItemName><CSItemRank>15</CSItemRank><CSItemIsFreeFormat>0</CSItemIsFreeFormat><CSValue><CSValueCode>VA4030670</CSValueCode><CSValueName>100-240 伏</CSValueName><CSValueRank>1</CSValueRank></CSValue></CSItem></CSChapter><CSChapter><CSChapterCode>CH4001524</CSChapterCode><CSChapterName>操作简易</CSChapterName><CSChapterRank>5</CSChapterRank><CSItem><CSItemCode>IT4007983</CSItemCode><CSItemName>干湿两用</CSItemName><CSItemRank>6</CSItemRank><CSItemIsFreeFormat>0</CSItemIsFreeFormat><CSValue><CSValueCode>VA4023749</CSValueCode><CSValueName>防水设计并容易清洗</CSValueName><CSValueRank>1</CSValueRank></CSValue></CSItem><CSItem><CSItemCode>IT4007980</CSItemCode><CSItemName>显示屏</CSItemName><CSItemRank>9</CSItemRank><CSItemIsFreeFormat>0</CSItemIsFreeFormat><CSValue><CSValueCode>VA4020566</CSValueCode><CSValueName>充电显示灯</CSValueName><CSValueRank>1</CSValueRank></CSValue><CSValue><CSValueCode>VA4019961</CSValueCode><CSValueName>电池电量不足指示灯</CSValueName><CSValueRank>2</CSValueRank></CSValue></CSItem><CSItem><CSItemCode>IT4017174</CSItemCode><CSItemName>无需维护</CSItemName><CSItemRank>17</CSItemRank><CSItemIsFreeFormat>0</CSItemIsFreeFormat><CSValue><CSValueCode>VA4037052</CSValueCode><CSValueName>无需润滑油</CSValueName><CSValueRank>1</CSValueRank></CSValue></CSItem></CSChapter><CSChapter><CSChapterCode>3001096</CSChapterCode><CSChapterName>设计</CSChapterName><CSChapterRank>6</CSChapterRank><CSItem><CSItemCode>IT4008709</CSItemCode><CSItemName>手柄</CSItemName><CSItemRank>12</CSItemRank><CSItemIsFreeFormat>0</CSItemIsFreeFormat><CSValue><CSValueCode>VA4098726</CSValueCode><CSValueName>防滑橡胶手柄</CSValueName><CSValueRank>1</CSValueRank></CSValue></CSItem></CSChapter><CSChapter><CSChapterCode>CHA_0000049</CSChapterCode><CSChapterName>服务</CSChapterName><CSChapterRank>7</CSChapterRank><CSItem><CSItemCode>IT4042740</CSItemCode><CSItemName>5 年保修</CSItemName><CSItemRank>18</CSItemRank><CSItemIsFreeFormat>0</CSItemIsFreeFormat><CSValue><CSValueCode>VA4098729</CSValueCode><CSValueName>是</CSValueName><CSValueRank>1</CSValueRank></CSValue></CSItem></CSChapter><Filters><Purpose type="Comparison"><Features><Feature code="F400081471" rank="1" referenceName="DualCut technology (Baracus 2016 5yr)"/><Feature code="F400082748_MG7720_15" rank="2" referenceName="14 tools for face, hair &amp; body (Baracus 2016)"/><Feature code="F400081070_MG7720_15" rank="3" referenceName="Metal trimmer (dualcut face hair body Baracus 2016)"/><Feature code="F400081084_MG7720_15" rank="4" referenceName="Bodyshaver with skin protector (Baracus 2016)"/><Feature code="F400081056_MG7720_15" rank="5" referenceName="Precision shaver (Baracus 2016)"/><Feature code="F400081077_MG7720_15" rank="6" referenceName="Detail metal trimmer (Baracus 2016)"/><Feature code="F400081058_MG7720_15" rank="7" referenceName="Nose and ear trimmer (Baracus 2016 ROW)"/><Feature code="F400081078" rank="8" referenceName="8 Impact-resistant combs (Baracus 2016)"/><Feature code="F400081062_MG7720_15" rank="9" referenceName="Up to 120 minute run time (Baracus 2016)"/><Feature code="F400081057_MG7720_15" rank="10" referenceName="No-slip rubber grip (Baracus 2016)"/><Feature code="F400081008_MG7720_15" rank="11" referenceName="Showerproof (Baracus 2016)"/><Feature code="F400066206_MG7720_15" rank="12" referenceName="Storage pouch (Baracus 2016)"/><Feature code="F400081081" rank="13" referenceName="Guarantee (5years Baracus 2016)"/></Features><CSItems><CSItem code="IT4042741" rank="1" referenceName="塑造百变形象 - 工具数量"/><CSItem code="3006919" rank="2" referenceName="功率 - 电池类型"/><CSItem code="IT4007992" rank="3" referenceName="附件 - 维护"/><CSItem code="IT4043035" rank="5" referenceName="切剃装置 - 双重剪切技术"/><CSItem code="IT4007983" rank="6" referenceName="操作简易 - 干湿两用"/><CSItem code="IT4015298" rank="8" referenceName="功率 - 使用时间"/><CSItem code="IT4007980" rank="9" referenceName="操作简易 - 显示屏"/><CSItem code="IT4007991" rank="10" referenceName="附件 - 旅行软袋"/><CSItem code="IT4032891" rank="11" referenceName="功率 - 充电"/><CSItem code="IT4008709" rank="12" referenceName="设计 - 手柄"/><CSItem code="IT4008249" rank="14" referenceName="塑造百变形象 - 造型工具"/><CSItem code="IT4015297" rank="15" referenceName="功率 - 自动电压"/><CSItem code="IT4017174" rank="17" referenceName="操作简易 - 无需维护"/><CSItem code="IT4042740" rank="18" referenceName="服务 - 5 年保修"/><CSItem code="IT4027077" rank="19" referenceName="塑造百变形象 - 美体护理/理发/面部护理"/><CSItem code="IT4042680" rank="20" referenceName="切剃装置 - 自动研磨刀片"/></CSItems></Purpose><Purpose type="Detail"><Features><Feature code="F400081471" rank="1" referenceName="DualCut technology (Baracus 2016 5yr)"/><Feature code="F400082748_MG7720_15" rank="2" referenceName="14 tools for face, hair &amp; body (Baracus 2016)"/><Feature code="F400081070_MG7720_15" rank="3" referenceName="Metal trimmer (dualcut face hair body Baracus 2016)"/><Feature code="F400081084_MG7720_15" rank="4" referenceName="Bodyshaver with skin protector (Baracus 2016)"/><Feature code="F400081056_MG7720_15" rank="5" referenceName="Precision shaver (Baracus 2016)"/><Feature code="F400081077_MG7720_15" rank="6" referenceName="Detail metal trimmer (Baracus 2016)"/><Feature code="F400081058_MG7720_15" rank="7" referenceName="Nose and ear trimmer (Baracus 2016 ROW)"/><Feature code="F400081078" rank="8" referenceName="8 Impact-resistant combs (Baracus 2016)"/><Feature code="F400081062_MG7720_15" rank="9" referenceName="Up to 120 minute run time (Baracus 2016)"/><Feature code="F400081057_MG7720_15" rank="10" referenceName="No-slip rubber grip (Baracus 2016)"/><Feature code="F400081008_MG7720_15" rank="11" referenceName="Showerproof (Baracus 2016)"/><Feature code="F400066206_MG7720_15" rank="12" referenceName="Storage pouch (Baracus 2016)"/><Feature code="F400081081" rank="13" referenceName="Guarantee (5years Baracus 2016)"/></Features><CSItems><CSItem code="IT4042741" rank="1" referenceName="塑造百变形象 - 工具数量"/><CSItem code="3006919" rank="2" referenceName="功率 - 电池类型"/><CSItem code="IT4007992" rank="3" referenceName="附件 - 维护"/><CSItem code="IT4043035" rank="5" referenceName="切剃装置 - 双重剪切技术"/><CSItem code="IT4007983" rank="6" referenceName="操作简易 - 干湿两用"/><CSItem code="IT4015298" rank="8" referenceName="功率 - 使用时间"/><CSItem code="IT4007980" rank="9" referenceName="操作简易 - 显示屏"/><CSItem code="IT4007991" rank="10" referenceName="附件 - 旅行软袋"/><CSItem code="IT4032891" rank="11" referenceName="功率 - 充电"/><CSItem code="IT4008709" rank="12" referenceName="设计 - 手柄"/><CSItem code="IT4008249" rank="14" referenceName="塑造百变形象 - 造型工具"/><CSItem code="IT4015297" rank="15" referenceName="功率 - 自动电压"/><CSItem code="IT4017174" rank="17" referenceName="操作简易 - 无需维护"/><CSItem code="IT4042740" rank="18" referenceName="服务 - 5 年保修"/><CSItem code="IT4027077" rank="19" referenceName="塑造百变形象 - 美体护理/理发/面部护理"/><CSItem code="IT4042680" rank="20" referenceName="切剃装置 - 自动研磨刀片"/></CSItems></Purpose></Filters><FeatureCompareGroups/><Disclaimers/><Award AwardType="global_highlight"><AwardCode>GA40021058</AwardCode><AwardName>2017 iF 设计大奖</AwardName><AwardDate>2017</AwardDate><AwardPlace>德国</AwardPlace><AwardDescription>Multigroom 7000 系列</AwardDescription><AwardAcknowledgement>2017 iF 设计大奖</AwardAcknowledgement><AwardRank>1</AwardRank></Award><ProductReference ProductReferenceType="Accessory"><CTN>CRP338/01</CTN><ProductReferenceRank>0</ProductReferenceRank></ProductReference><RichTexts/></Product></Products>