<?xml version="1.0" encoding="UTF-8"?><Products xmlns:source="http://apache.org/cocoon/source/1.0" DocStatus="approved" DocTimeStamp="2018-03-17T09:27:57"><Product Country="CN" IsAccessory="false" IsMaster="false" Locale="zh_CN" lastModified="2018-03-17T04:29:46" masterLastModified="2016-09-26T05:39:28"><CTN>FC9715/81</CTN><GTIN>06947265412206</GTIN><MarketingVersion>1.0.1</MarketingVersion><MarketingStatus>Final Published</MarketingStatus><CRDate>2016-08-26</CRDate><CRDateYW>201635</CRDateYW><ModelYears><ModelYear>2016</ModelYear></ModelYears><ProductDivision><ProductDivisionCode>0200</ProductDivisionCode><ProductDivisionName>Consumer Lifestyle</ProductDivisionName><FormerPDCode>0300</FormerPDCode></ProductDivision><ProductOwner>Suzanne van de Sandt</ProductOwner><DTN>FC9715/81</DTN><Catalog><StartOfPublication>2016-08-26T00:00:00</StartOfPublication><EndOfPublication>2020-09-26T00:00:00</EndOfPublication><StartOfSales>2016-08-26T00:00:00</StartOfSales><EndOfSales>2020-08-26T00:00:00</EndOfSales><DummyPrice>2799</DummyPrice><Deleted>false</Deleted><DeleteAfterDate/><ProductRank>70</ProductRank></Catalog><FinancialCategorization><BusinessGroupCode>9042</BusinessGroupCode><BusinessGroupName>Domestic Appliances</BusinessGroupName><BusinessUnitCode>0351</BusinessUnitCode><BusinessUnitName>Floor Care</BusinessUnitName><MainArticleGroupCode>F71</MainArticleGroupCode><MainArticleGroupName>Bagless</MainArticleGroupName><ArticleGroupCode>3465</ArticleGroupCode><ArticleGroupName>Bagless 2 Mid End</ArticleGroupName></FinancialCategorization><Categorization type="CONSUMER"><GroupCode>HOUSEHOLD_PRODUCTS_GR</GroupCode><GroupName>Household products</GroupName><CategoryCode>VACUUM_CLEANERS_CA</CategoryCode><CategoryName>Vacuum Cleaners</CategoryName><SubcategoryCode>BAGLESS_VACUUM_CLEANERS_SU</SubcategoryCode><SubcategoryName>Bagless vacuum cleaner</SubcategoryName></Categorization><Assets><Asset code="FC9715_81" description="User manual" extension="pdf" lastModified="2017-08-14" locale="zh_CN" number="001" type="DFU">http://download.p4c.philips.com/files/f/fc9715_81/fc9715_81_dfu_zhs.pdf</Asset><Asset code="FC9715_81" description="Important Information Manual" extension="pdf" lastModified="2016-11-08" locale="zh_CN" number="001" type="IIM">http://download.p4c.philips.com/files/f/fc9715_81/fc9715_81_iim_zhs.pdf</Asset><Asset code="FC9715_81" description="Leaflet" extension="pdf" lastModified="2017-12-15" locale="zh_CN" number="001" type="PSS">http://download.p4c.philips.com/files/f/fc9715_81/fc9715_81_pss_zhscn.pdf</Asset><Asset code="FC9715_81" description="Retail Trade Leaflet" extension="pdf" lastModified="2017-12-17" locale="zh_CN" number="001" type="RTL">http://download.p4c.philips.com/files/f/fc9715_81/fc9715_81_rtl_zhscn.pdf</Asset><Asset code="FC9715_81" description="Alternative product photograph 1 - highres 2196x1795" extension="tif" lastModified="2016-03-16" locale="global" number="001" type="A1P">http://images.philips.com/is/image/PhilipsConsumer/FC9715_81-A1P-global-001</Asset><Asset code="FC9715_81" description="Alternative product photograph 2 - highres 2196x1795" extension="tif" lastModified="2016-03-16" locale="global" number="001" type="A2P">http://images.philips.com/is/image/PhilipsConsumer/FC9715_81-A2P-global-001</Asset><Asset code="FC9715_81" description="Alternative product photograph - highres 2196x1795" extension="tif" lastModified="2016-03-16" locale="global" number="001" type="APP">http://images.philips.com/is/image/PhilipsConsumer/FC9715_81-APP-global-001</Asset><Asset code="FC9715_81" description="Leaflet" extension="pdf" lastModified="2016-03-18" locale="global" number="001" type="PSS">http://download.p4c.philips.com/files/f/fc9715_81/fc9715_81_pss_.pdf</Asset><Asset code="FC9715_81" description="Standard product photograph - highres 2196x1795" extension="tif" lastModified="2016-03-16" locale="global" number="001" type="RTP">http://images.philips.com/is/image/PhilipsConsumer/FC9715_81-RTP-global-001</Asset><Asset code="FC9715_81" description="Product In Use 1 - highres 2196x1795" extension="tif" lastModified="2016-03-16" locale="global" number="001" type="U1P">http://images.philips.com/is/image/PhilipsConsumer/FC9715_81-U1P-global-001</Asset><Asset code="FC9715_81" description="Single product shot" extension="" lastModified="2018-03-17" locale="zh_CN" number="" type="IMS">http://images.philips.com/is/image/PhilipsConsumer/FC9715_81-IMS-zh_CN</Asset><Asset code="FC9715_81" description="Product gallery image set" extension="" lastModified="2018-03-17" locale="zh_CN" number="" type="GAL">http://images.philips.com/is/image/PhilipsConsumer/FC9715_81-GAL-zh_CN</Asset><Asset code="FC9715_81" description="Product URL" extension="" lastModified="2018-03-17" locale="zh_CN" number="" type="URL">http://www.philips.com.cn/c-p/FC9715_81/bagless-vacuum-cleaner-with-powercyclone-6</Asset><Asset code="F400068097_FC9715_81" description="Feature photograph - highres 2100x1170" extension="tif" lastModified="2016-02-11" locale="global" number="001" type="FIL">http://images.philips.com/is/image/PhilipsConsumer/F400068097_FC9715_81-FIL-global-001</Asset><Asset code="F400068099_FC9715_81" description="Feature photograph - highres 2100x1170" extension="tif" lastModified="2015-11-12" locale="global" number="001" type="FIL">http://images.philips.com/is/image/PhilipsConsumer/F400068099_FC9715_81-FIL-global-001</Asset><Asset code="F400068103_FC9715_81" description="Feature photograph - highres 2100x1170" extension="tif" lastModified="2016-02-11" locale="global" number="001" type="FIL">http://images.philips.com/is/image/PhilipsConsumer/F400068103_FC9715_81-FIL-global-001</Asset><Asset code="F400068104_FC9715_81" description="Feature photograph - highres 2100x1170" extension="tif" lastModified="2018-03-15" locale="global" number="001" type="FIL">http://images.philips.com/is/image/PhilipsConsumer/F400068104_FC9715_81-FIL-global-001</Asset><Asset code="FEA_0000003_FC9715_81" description="Feature photograph - highres 2100x1170" extension="tif" lastModified="2017-01-16" locale="global" number="001" type="FIL">http://images.philips.com/is/image/PhilipsConsumer/FEA_0000003_FC9715_81-FIL-global-001</Asset><Asset code="PHI" description="Brand logo - highres 1476x886" extension="tif" lastModified="2016-02-18" locale="global" number="001" type="BRP">http://images.philips.com/is/image/PhilipsConsumer/PHI-BRP-global-001</Asset></Assets><ProductName>无尘袋吸尘器 第六代飓风离尘技术</ProductName><FullProductName>飞利浦 无尘袋吸尘器 FC9715/81 遥控器 采用第六代飓风离尘技术</FullProductName><NamingString><MasterBrand><BrandCode>PHI</BrandCode><BrandName>Philips</BrandName></MasterBrand><BrandString>飞利浦</BrandString><Descriptor><DescriptorCode>NSD_000001</DescriptorCode><DescriptorName>无尘袋吸尘器</DescriptorName></Descriptor><Alphanumeric>FC9715/81</Alphanumeric><VersionElement2><VersionElementCode>V4000081</VersionElementCode><VersionElementName>遥控器</VersionElementName></VersionElement2><VersionString>遥控器</VersionString><BrandedFeatureCode1>F400068097</BrandedFeatureCode1><BrandedFeatureString>采用第六代飓风离尘技术</BrandedFeatureString><DescriptorBrandedFeatureString>采用第六代飓风离尘技术的无尘袋吸尘器</DescriptorBrandedFeatureString></NamingString><WOW>吸力* 提高 40%</WOW><SubWOW>专为轻松除尘而设计</SubWOW><MarketingTextHeader>飞利浦 PowerPro Expert 无尘袋吸尘器全面提升清洁效果。第六代飓风离尘技术和 TriActive 全方位吸嘴可确保所有地板达到非凡的清洁效果。专门设计的集尘桶使排空轻而易举。</MarketingTextHeader><KeyBenefitArea><KeyBenefitAreaCode>KBA_0000211</KeyBenefitAreaCode><KeyBenefitAreaName>轻松处理灰尘</KeyBenefitAreaName><KeyBenefitAreaRank>1</KeyBenefitAreaRank><Feature><FeatureCode>F400068099_FC9715_81</FeatureCode><FeatureReferenceName>Easy to empty dust bucket ECO</FeatureReferenceName><FeatureName>方便清空的集尘桶</FeatureName><FeatureLongDescription>先进的集尘桶设计，方便清空</FeatureLongDescription><FeatureGlossary>集尘桶专为轻松除尘而设计。凭借其特别设计的形状和光滑的表面，灰尘聚集在容器的一侧并均匀地滑入垃圾桶。</FeatureGlossary><FeatureRank>1</FeatureRank><FeatureTopRank>1</FeatureTopRank></Feature></KeyBenefitArea><KeyBenefitArea><KeyBenefitAreaCode>K4013017</KeyBenefitAreaCode><KeyBenefitAreaName>省力清洁</KeyBenefitAreaName><KeyBenefitAreaRank>2</KeyBenefitAreaRank><Feature><FeatureCode>F400068103_FC9715_81</FeatureCode><FeatureReferenceName>Lightweight design (5.5KG)</FeatureReferenceName><FeatureName>设计轻巧</FeatureName><FeatureLongDescription>设计轻巧，轻松操控</FeatureLongDescription><FeatureGlossary>仅 5.5 千克轻便设计，确保出色的操控性。</FeatureGlossary><FeatureRank>2</FeatureRank><FeatureTopRank>2</FeatureTopRank></Feature><Feature><FeatureCode>F400068104_FC9715_81</FeatureCode><FeatureReferenceName>ErgoGrip Remote Control</FeatureReferenceName><FeatureName>ErgoGrip 遥控器</FeatureName><FeatureLongDescription>ErgoGrip 遥控器，无需弯曲即可启动和暂停</FeatureLongDescription><FeatureGlossary>ErgoGrip 遥控器，可在窄小空间轻松操控吸嘴。集成式遥控器，轻松提高、降低功率，甚至关闭吸尘器。</FeatureGlossary><FeatureRank>3</FeatureRank><FeatureTopRank>4</FeatureTopRank></Feature></KeyBenefitArea><KeyBenefitArea><KeyBenefitAreaCode>K4028977</KeyBenefitAreaCode><KeyBenefitAreaName>非凡效果</KeyBenefitAreaName><KeyBenefitAreaRank>3</KeyBenefitAreaRank><Feature><FeatureCode>F400068097_FC9715_81</FeatureCode><FeatureReferenceName>PowerCyclone 6</FeatureReferenceName><FeatureName>第六代飓风离尘技术</FeatureName><FeatureLongDescription>第六代飓风离尘技术，实现非凡的灰尘和空气分离效果</FeatureLongDescription><FeatureGlossary>采用空气动力学设计的第六代飓风离尘技术通过 3 个高效步骤，减少空气阻力并确保非凡的清洁性能：1)得益于笔直平滑的进风口，空气可以快速地进入飓风离尘。2) 弧形通气道使空气加速上升至气旋室。3) 在旋风过滤器的顶部，出口叶片可以高效地使灰尘与空气分离。</FeatureGlossary><FeatureRank>4</FeatureRank><FeatureTopRank>3</FeatureTopRank></Feature><Feature><FeatureCode>FEA_0000003_FC9715_81</FeatureCode><FeatureReferenceName>TriActive nozzle (OLD)</FeatureReferenceName><FeatureName>TriActive 吸嘴</FeatureName><FeatureLongDescription>带卓越的三效合一 TriActive 吸嘴</FeatureLongDescription><FeatureGlossary>TriActive 吸嘴一次可采用 3 种方式清洁您的地板：1) 吸尘嘴尖端部位的大型开口可轻松吸走大块尘屑。2) 借助通过吸尘嘴的优化气流，实现最高清洁效率。3) 双边毛刷可清除紧贴家具和墙壁的灰尘和污垢。</FeatureGlossary><FeatureRank>5</FeatureRank><FeatureTopRank>5</FeatureTopRank></Feature></KeyBenefitArea><FeatureImage><FeatureCode>F400068099_FC9715_81</FeatureCode><FeatureReferenceName>Easy to empty dust bucket ECO</FeatureReferenceName><FeatureImageRank>1</FeatureImageRank></FeatureImage><FeatureImage><FeatureCode>F400068103_FC9715_81</FeatureCode><FeatureReferenceName>Lightweight design (5.5KG)</FeatureReferenceName><FeatureImageRank>2</FeatureImageRank></FeatureImage><FeatureImage><FeatureCode>F400068097_FC9715_81</FeatureCode><FeatureReferenceName>PowerCyclone 6</FeatureReferenceName><FeatureImageRank>3</FeatureImageRank></FeatureImage><FeatureImage><FeatureCode>F400068104_FC9715_81</FeatureCode><FeatureReferenceName>ErgoGrip Remote Control</FeatureReferenceName><FeatureImageRank>4</FeatureImageRank></FeatureImage><FeatureImage><FeatureCode>FEA_0000003_FC9715_81</FeatureCode><FeatureReferenceName>TriActive nozzle (OLD)</FeatureReferenceName><FeatureImageRank>5</FeatureImageRank></FeatureImage><FeatureHighlight><FeatureCode>F400068099_FC9715_81</FeatureCode><FeatureReferenceName>Easy to empty dust bucket ECO</FeatureReferenceName><FeatureHighlightRank>1</FeatureHighlightRank></FeatureHighlight><FeatureHighlight><FeatureCode>F400068103_FC9715_81</FeatureCode><FeatureReferenceName>Lightweight design (5.5KG)</FeatureReferenceName><FeatureHighlightRank>2</FeatureHighlightRank></FeatureHighlight><FeatureHighlight><FeatureCode>F400068097_FC9715_81</FeatureCode><FeatureReferenceName>PowerCyclone 6</FeatureReferenceName><FeatureHighlightRank>3</FeatureHighlightRank></FeatureHighlight><FeatureHighlight><FeatureCode>F400068104_FC9715_81</FeatureCode><FeatureReferenceName>ErgoGrip Remote Control</FeatureReferenceName><FeatureHighlightRank>4</FeatureHighlightRank></FeatureHighlight><FeatureHighlight><FeatureCode>FEA_0000003_FC9715_81</FeatureCode><FeatureReferenceName>TriActive nozzle (OLD)</FeatureReferenceName><FeatureHighlightRank>5</FeatureHighlightRank></FeatureHighlight><CSChapter><CSChapterCode>CH4001562</CSChapterCode><CSChapterName>性能</CSChapterName><CSChapterRank>1</CSChapterRank><CSItem><CSItemCode>IT4009200</CSItemCode><CSItemName>输入功率 (IEC)</CSItemName><CSItemRank>21</CSItemRank><CSItemIsFreeFormat>0</CSItemIsFreeFormat><CSValue><CSValueCode>VA4022076</CSValueCode><CSValueName>1800</CSValueName><CSValueRank>21</CSValueRank></CSValue><UnitOfMeasure><UnitOfMeasureCode>3000072</UnitOfMeasureCode><UnitOfMeasureName>瓦特</UnitOfMeasureName><UnitOfMeasureSymbol>瓦</UnitOfMeasureSymbol></UnitOfMeasure></CSItem></CSChapter><CSChapter><CSChapterCode>3001096</CSChapterCode><CSChapterName>设计</CSChapterName><CSChapterRank>2</CSChapterRank><CSItem><CSItemCode>3011951</CSItemCode><CSItemName>颜色</CSItemName><CSItemRank>2</CSItemRank><CSItemIsFreeFormat>0</CSItemIsFreeFormat><CSValue><CSValueCode>VA4063937</CSValueCode><CSValueName>闪电绿</CSValueName><CSValueRank>19</CSValueRank></CSValue></CSItem></CSChapter><CSChapter><CSChapterCode>CH4001865</CSChapterCode><CSChapterName>过滤</CSChapterName><CSChapterRank>3</CSChapterRank><CSItem><CSItemCode>IT4009220</CSItemCode><CSItemName>排风滤网</CSItemName><CSItemRank>9</CSItemRank><CSItemIsFreeFormat>0</CSItemIsFreeFormat><CSValue><CSValueCode>VA4083543</CSValueCode><CSValueName>EPA 12 滤网</CSValueName><CSValueRank>13</CSValueRank></CSValue></CSItem><CSItem><CSItemCode>IT4009221</CSItemCode><CSItemName>马达滤网</CSItemName><CSItemRank>15</CSItemRank><CSItemIsFreeFormat>0</CSItemIsFreeFormat><CSValue><CSValueCode>VA4087499</CSValueCode><CSValueName>长效可水洗过滤网</CSValueName><CSValueRank>14</CSValueRank></CSValue></CSItem></CSChapter><CSChapter><CSChapterCode>CH4001866</CSChapterCode><CSChapterName>可用性</CSChapterName><CSChapterRank>4</CSChapterRank><CSItem><CSItemCode>IT4009239</CSItemCode><CSItemName>吸力控制</CSItemName><CSItemRank>12</CSItemRank><CSItemIsFreeFormat>0</CSItemIsFreeFormat><CSValue><CSValueCode>VA4022292</CSValueCode><CSValueName>电子产品</CSValueName><CSValueRank>2</CSValueRank></CSValue></CSItem></CSChapter><CSChapter><CSChapterCode>CH4000681</CSChapterCode><CSChapterName>吸尘嘴和附件</CSChapterName><CSChapterRank>5</CSChapterRank><CSItem><CSItemCode>IT4009242</CSItemCode><CSItemName>标准吸尘嘴</CSItemName><CSItemRank>4</CSItemRank><CSItemIsFreeFormat>0</CSItemIsFreeFormat><CSValue><CSValueCode>VA4022308</CSValueCode><CSValueName>TriActive 吸嘴</CSValueName><CSValueRank>11</CSValueRank></CSValue></CSItem><CSItem><CSItemCode>IT4003904</CSItemCode><CSItemName>附加吸尘嘴</CSItemName><CSItemRank>7</CSItemRank><CSItemIsFreeFormat>0</CSItemIsFreeFormat><CSValue><CSValueCode>VA4082941</CSValueCode><CSValueName>TriActiveZ 吸嘴</CSValueName><CSValueRank>15</CSValueRank></CSValue></CSItem><CSItem><CSItemCode>IT4009243</CSItemCode><CSItemName>包含附件</CSItemName><CSItemRank>11</CSItemRank><CSItemIsFreeFormat>0</CSItemIsFreeFormat><CSValue><CSValueCode>VA4022318</CSValueCode><CSValueName>缝隙吸嘴</CSValueName><CSValueRank>6</CSValueRank></CSValue><CSValue><CSValueCode>VA4025506</CSValueCode><CSValueName>2 合 1 毛刷/小号吸嘴</CSValueName><CSValueRank>8</CSValueRank></CSValue></CSItem><CSItem><CSItemCode>IT4035412</CSItemCode><CSItemName>额外附件</CSItemName><CSItemRank>16</CSItemRank><CSItemIsFreeFormat>0</CSItemIsFreeFormat><CSValue><CSValueCode>VA4082319</CSValueCode><CSValueName>延长工具</CSValueName><CSValueRank>1</CSValueRank></CSValue></CSItem><CSItem><CSItemCode>IT4009245</CSItemCode><CSItemName>其他附件</CSItemName><CSItemRank>20</CSItemRank><CSItemIsFreeFormat>0</CSItemIsFreeFormat><CSValue><CSValueCode>VA4083080</CSValueCode><CSValueName>ErgoGrip 遥控器</CSValueName><CSValueRank>3</CSValueRank></CSValue></CSItem></CSChapter><CSChapter><CSChapterCode>CHA_0000004</CSChapterCode><CSChapterName>重量和尺寸</CSChapterName><CSChapterRank>6</CSChapterRank><CSItem><CSItemCode>IT4010191</CSItemCode><CSItemName>产品重量</CSItemName><CSItemRank>5</CSItemRank><CSItemIsFreeFormat>1</CSItemIsFreeFormat><CSValue><CSValueCode>VA4023901</CSValueCode><CSValueName>5.5</CSValueName><CSValueRank>1</CSValueRank></CSValue><UnitOfMeasure><UnitOfMeasureCode>3000049</UnitOfMeasureCode><UnitOfMeasureName>千克</UnitOfMeasureName><UnitOfMeasureSymbol>千克</UnitOfMeasureSymbol></UnitOfMeasure></CSItem><CSItem><CSItemCode>IT4010199</CSItemCode><CSItemName>产品尺寸（长 x 宽 x 高）</CSItemName><CSItemRank>13</CSItemRank><CSItemIsFreeFormat>1</CSItemIsFreeFormat><CSValue><CSValueCode>VA4023910</CSValueCode><CSValueName>505x292x2925</CSValueName><CSValueRank>1</CSValueRank></CSValue><UnitOfMeasure><UnitOfMeasureCode>3000058</UnitOfMeasureCode><UnitOfMeasureName>毫米</UnitOfMeasureName><UnitOfMeasureSymbol>毫米</UnitOfMeasureSymbol></UnitOfMeasure></CSItem><CSItem><CSItemCode>IT4021672</CSItemCode><CSItemName>包装尺寸（长x宽x高）</CSItemName><CSItemRank>17</CSItemRank><CSItemIsFreeFormat>1</CSItemIsFreeFormat><CSValue><CSValueCode>VA4051901</CSValueCode><CSValueName>650x330x310</CSValueName><CSValueRank>1</CSValueRank></CSValue><UnitOfMeasure><UnitOfMeasureCode>3000058</UnitOfMeasureCode><UnitOfMeasureName>毫米</UnitOfMeasureName><UnitOfMeasureSymbol>毫米</UnitOfMeasureSymbol></UnitOfMeasure></CSItem></CSChapter><CSChapter><CSChapterCode>CH4000822</CSChapterCode><CSChapterName>可持续发展</CSChapterName><CSChapterRank>7</CSChapterRank><CSItem><CSItemCode>IT4005643</CSItemCode><CSItemName>包装</CSItemName><CSItemRank>1</CSItemRank><CSItemIsFreeFormat>0</CSItemIsFreeFormat><CSValue><CSValueCode>VA4016806</CSValueCode><CSValueName>90% 以上均为可回收材料</CSValueName><CSValueRank>4</CSValueRank></CSValue></CSItem><CSItem><CSItemCode>IT4005644</CSItemCode><CSItemName>用户手册</CSItemName><CSItemRank>8</CSItemRank><CSItemIsFreeFormat>0</CSItemIsFreeFormat><CSValue><CSValueCode>VA4016807</CSValueCode><CSValueName>100%可回收纸</CSValueName><CSValueRank>5</CSValueRank></CSValue></CSItem></CSChapter><Filters><Purpose type="Comparison"><Features><Feature code="F400068099_FC9715_81" rank="1" referenceName="Easy to empty dust bucket ECO"/><Feature code="F400068103_FC9715_81" rank="2" referenceName="Lightweight design (5.5KG)"/><Feature code="F400068097_FC9715_81" rank="3" referenceName="PowerCyclone 6"/><Feature code="F400068104_FC9715_81" rank="4" referenceName="ErgoGrip Remote Control"/><Feature code="FEA_0000003_FC9715_81" rank="5" referenceName="TriActive nozzle (OLD)"/></Features><CSItems><CSItem code="IT4005643" rank="1" referenceName="可持续发展 - 包装"/><CSItem code="3011951" rank="2" referenceName="设计 - 颜色"/><CSItem code="IT4009242" rank="4" referenceName="吸尘嘴和附件 - 标准吸尘嘴"/><CSItem code="IT4010191" rank="5" referenceName="重量和尺寸 - 产品重量"/><CSItem code="IT4003904" rank="7" referenceName="吸尘嘴和附件 - 附加吸尘嘴"/><CSItem code="IT4005644" rank="8" referenceName="可持续发展 - 用户手册"/><CSItem code="IT4009220" rank="9" referenceName="过滤 - 排风滤网"/><CSItem code="IT4009243" rank="11" referenceName="吸尘嘴和附件 - 包含附件"/><CSItem code="IT4009239" rank="12" referenceName="可用性 - 吸力控制"/><CSItem code="IT4010199" rank="13" referenceName="重量和尺寸 - 产品尺寸（长 x 宽 x 高）"/><CSItem code="IT4009221" rank="15" referenceName="过滤 - 马达滤网"/><CSItem code="IT4035412" rank="16" referenceName="吸尘嘴和附件 - 额外附件"/><CSItem code="IT4021672" rank="17" referenceName="重量和尺寸 - 包装尺寸（长x宽x高）"/><CSItem code="IT4009245" rank="20" referenceName="吸尘嘴和附件 - 其他附件"/><CSItem code="IT4009200" rank="21" referenceName="性能 - 输入功率 (IEC)"/></CSItems></Purpose><Purpose type="Detail"><Features><Feature code="F400068099_FC9715_81" rank="1" referenceName="Easy to empty dust bucket ECO"/><Feature code="F400068103_FC9715_81" rank="2" referenceName="Lightweight design (5.5KG)"/><Feature code="F400068097_FC9715_81" rank="3" referenceName="PowerCyclone 6"/><Feature code="F400068104_FC9715_81" rank="4" referenceName="ErgoGrip Remote Control"/><Feature code="FEA_0000003_FC9715_81" rank="5" referenceName="TriActive nozzle (OLD)"/></Features><CSItems><CSItem code="IT4005643" rank="1" referenceName="可持续发展 - 包装"/><CSItem code="3011951" rank="2" referenceName="设计 - 颜色"/><CSItem code="IT4009242" rank="4" referenceName="吸尘嘴和附件 - 标准吸尘嘴"/><CSItem code="IT4010191" rank="5" referenceName="重量和尺寸 - 产品重量"/><CSItem code="IT4003904" rank="7" referenceName="吸尘嘴和附件 - 附加吸尘嘴"/><CSItem code="IT4005644" rank="8" referenceName="可持续发展 - 用户手册"/><CSItem code="IT4009220" rank="9" referenceName="过滤 - 排风滤网"/><CSItem code="IT4009243" rank="11" referenceName="吸尘嘴和附件 - 包含附件"/><CSItem code="IT4009239" rank="12" referenceName="可用性 - 吸力控制"/><CSItem code="IT4010199" rank="13" referenceName="重量和尺寸 - 产品尺寸（长 x 宽 x 高）"/><CSItem code="IT4009221" rank="15" referenceName="过滤 - 马达滤网"/><CSItem code="IT4035412" rank="16" referenceName="吸尘嘴和附件 - 额外附件"/><CSItem code="IT4021672" rank="17" referenceName="重量和尺寸 - 包装尺寸（长x宽x高）"/><CSItem code="IT4009245" rank="20" referenceName="吸尘嘴和附件 - 其他附件"/><CSItem code="IT4009200" rank="21" referenceName="性能 - 输入功率 (IEC)"/></CSItems></Purpose></Filters><FeatureCompareGroups/><Disclaimers><Disclaimer code="DIS40007709" rank="1" referenceName="Suction power compared to the top selling bagless vacuum cle"><DisclaimerText>与欧洲最畅销的无尘袋吸尘器的吸力对比，由外部测试机构 SLG Pruf und Zertifizierung GmbH 根据 DIN EN 60312/11/2008 于 2014 年 2 月/4 月在地毯上测试</DisclaimerText><DisclaimElements/></Disclaimer></Disclaimers><ProductReference ProductReferenceType="Accessory"><CTN>CP9273/01</CTN><ProductReferenceRank>0</ProductReferenceRank></ProductReference><ProductReference ProductReferenceType="Accessory"><CTN>CP9278/01</CTN><ProductReferenceRank>0</ProductReferenceRank></ProductReference><ProductReference ProductReferenceType="Accessory"><CTN>CRP738/01</CTN><ProductReferenceRank>0</ProductReferenceRank></ProductReference><ProductReference ProductReferenceType="Accessory"><CTN>CRP745/01</CTN><ProductReferenceRank>0</ProductReferenceRank></ProductReference><RichTexts/></Product></Products>