<?xml version="1.0" encoding="UTF-8"?><Products xmlns:source="http://apache.org/cocoon/source/1.0" DocStatus="approved" DocTimeStamp="2018-03-17T09:27:57"><Product Country="CN" IsAccessory="false" IsMaster="false" Locale="zh_CN" lastModified="2018-03-17T04:29:46" masterLastModified="2018-03-02T00:44:56"><CTN>LR03P2BT/93</CTN><Code12NC>867000148866</Code12NC><GTIN>6925970715355</GTIN><MarketingVersion>1.0.3</MarketingVersion><MarketingStatus>Final Published</MarketingStatus><CRDate>2017-07-28</CRDate><CRDateYW>201730</CRDateYW><ModelYears><ModelYear>2017</ModelYear></ModelYears><ProductDivision><ProductDivisionCode>0200</ProductDivisionCode><ProductDivisionName>Consumer Lifestyle</ProductDivisionName><FormerPDCode>3400</FormerPDCode></ProductDivision><ProductOwner>Doris Yip</ProductOwner><DTN>LR03P2BT/93</DTN><Catalog><StartOfPublication>2017-08-28T00:00:00</StartOfPublication><EndOfPublication>2021-08-28T00:00:00</EndOfPublication><StartOfSales>2017-08-28T00:00:00</StartOfSales><EndOfSales>2021-08-28T00:00:00</EndOfSales><DummyPrice/><Deleted>false</Deleted><DeleteAfterDate/><ProductRank>50</ProductRank></Catalog><FinancialCategorization><BusinessGroupCode>6911</BusinessGroupCode><BusinessGroupName>Lifestyle Entertainment</BusinessGroupName><BusinessUnitCode>3995</BusinessUnitCode><BusinessUnitName>Accessories</BusinessUnitName><MainArticleGroupCode>E63</MainArticleGroupCode><MainArticleGroupName>Batteries</MainArticleGroupName><ArticleGroupCode>1917</ArticleGroupCode><ArticleGroupName>Primary Batteries</ArticleGroupName></FinancialCategorization><Categorization type="CONSUMER"><GroupCode>SOUND_AND_VISION_GR</GroupCode><GroupName>Sound and vision</GroupName><CategoryCode>ACCESSORIES_SOUND_VISION_CA</CategoryCode><CategoryName>Accessories</CategoryName><SubcategoryCode>BATTS_CHARGER_FLASHLIGHT_SU</SubcategoryCode><SubcategoryName>Batteries, charger and flashlight</SubcategoryName></Categorization><Assets><Asset code="LR03P2BT_93" description="Leaflet" extension="pdf" lastModified="2018-03-14" locale="zh_CN" number="001" type="PSS">http://download.p4c.philips.com/files/l/lr03p2bt_93/lr03p2bt_93_pss_zhscn.pdf</Asset><Asset code="LR03P2BT_93" description="Retail Trade Leaflet" extension="pdf" lastModified="2018-03-11" locale="zh_CN" number="001" type="RTL">http://download.p4c.philips.com/files/l/lr03p2bt_93/lr03p2bt_93_rtl_zhscn.pdf</Asset><Asset code="LR03P2BT_93" description="Packaging photograph - highres 1447x756" extension="tif" lastModified="2018-03-14" locale="global" number="001" type="PID">http://images.philips.com/is/image/PhilipsConsumer/LR03P2BT_93-PID-global-001</Asset><Asset code="LR03P2BT_93" description="Packaging photograph - small 90x65" extension="jpg" lastModified="2018-03-14" locale="global" number="001" type="PIS">http://download.p4c.philips.com/files/l/lr03p2bt_93/lr03p2bt_93_pis_.jpg</Asset><Asset code="LR03P2BT_93" description="Leaflet" extension="pdf" lastModified="2018-03-14" locale="global" number="001" type="PSS">http://download.p4c.philips.com/files/l/lr03p2bt_93/lr03p2bt_93_pss_.pdf</Asset><Asset code="LR03P2BT_93" description="Single product shot" extension="" lastModified="2018-03-17" locale="zh_CN" number="" type="IMS">http://images.philips.com/is/image/PhilipsConsumer/LR03P2BT_93-IMS-zh_CN</Asset><Asset code="LR03P2BT_93" description="Product gallery image set" extension="" lastModified="2018-03-17" locale="zh_CN" number="" type="GAL">http://images.philips.com/is/image/PhilipsConsumer/LR03P2BT_93-GAL-zh_CN</Asset><Asset code="LR03P2BT_93" description="Product URL" extension="" lastModified="2018-03-17" locale="zh_CN" number="" type="URL">http://www.philips.com.cn/c-p/LR03P2BT_93/powerlife-battery</Asset><Asset code="PHI" description="Brand logo - highres 1476x886" extension="tif" lastModified="2016-02-18" locale="global" number="001" type="BRP">http://images.philips.com/is/image/PhilipsConsumer/PHI-BRP-global-001</Asset></Assets><ProductName>电池</ProductName><FullProductName>飞利浦 PowerLife 电池 LR03P2BT</FullProductName><NamingString><MasterBrand><BrandCode>PHI</BrandCode><BrandName>Philips</BrandName></MasterBrand><BrandString>飞利浦</BrandString><Family><FamilyCode>SB30000106</FamilyCode><FamilyName>PowerLife</FamilyName><FamilyNameUsed>1</FamilyNameUsed></Family><Descriptor><DescriptorCode>D300000012</DescriptorCode><DescriptorName>电池</DescriptorName></Descriptor><Alphanumeric>LR03P2BT</Alphanumeric><VersionString/><BrandedFeatureString/><DescriptorBrandedFeatureString>电池</DescriptorBrandedFeatureString></NamingString><WOW>为所有高耗能设备提供电量</WOW><MarketingTextHeader>无论是电动玩具还是便携式音频设备，当今的电子产品比以往对电量的需求更大。要使这些电子产品运行时间更长，可使用飞利浦超能碱性电池。</MarketingTextHeader><KeyBenefitArea><KeyBenefitAreaCode>K300000324</KeyBenefitAreaCode><KeyBenefitAreaName>顶级的性能</KeyBenefitAreaName><KeyBenefitAreaRank>1</KeyBenefitAreaRank><Feature><FeatureCode>F300001029</FeatureCode><FeatureReferenceName>Alkaline technology</FeatureReferenceName><FeatureName>碱性技术</FeatureName><FeatureShortDescription>为高耗电设备提供电力</FeatureShortDescription><FeatureLongDescription>碱性技术尤其适合能量消耗大的设备</FeatureLongDescription><FeatureGlossary>碱性技术确保为高耗电设备提供电力。</FeatureGlossary><FeatureRank>3</FeatureRank><FeatureTopRank>1</FeatureTopRank></Feature><Feature><FeatureCode>F300002185</FeatureCode><FeatureReferenceName>Alkaline outperforms ZnC</FeatureReferenceName><FeatureName>碱性功效长于氯化锌</FeatureName><FeatureShortDescription>比氯化锌电池寿命长 6 倍</FeatureShortDescription><FeatureLongDescription>碱性电池比碳锌电池的平均寿命长 6 倍</FeatureLongDescription><FeatureGlossary>碱性电池比碳锌电池的平均寿命长六倍。</FeatureGlossary><FeatureRank>4</FeatureRank><FeatureTopRank>4</FeatureTopRank></Feature><Feature><FeatureCode>F300001078</FeatureCode><FeatureReferenceName>Complete range</FeatureReferenceName><FeatureName>规格齐全</FeatureName><FeatureShortDescription>适合各种用途的电池</FeatureShortDescription><FeatureLongDescription>规格齐全意味着电池可以满足您的任何需要</FeatureLongDescription><FeatureGlossary>飞利浦提供了一整套最常见的电池规格 (AA, AAA, C, D, 9V)，包装各不相同，以满足您的不同需求。</FeatureGlossary><FeatureRank>5</FeatureRank><FeatureTopRank>5</FeatureTopRank></Feature><Feature><FeatureCode>F300001042</FeatureCode><FeatureReferenceName>Shelf life up to 5 years</FeatureReferenceName><FeatureName>保存期限长达 5 年</FeatureName><FeatureShortDescription>确保电池电量饱满</FeatureShortDescription><FeatureLongDescription>电池可在长达 5 年的保存期内正常启用</FeatureLongDescription><FeatureGlossary>每一种电池在不用时都会出现电量损失。我们保证电池在最佳使用期限内可保存至少 80% 的最初电量。</FeatureGlossary><FeatureRank>6</FeatureRank><FeatureTopRank>6</FeatureTopRank></Feature></KeyBenefitArea><KeyBenefitArea><KeyBenefitAreaCode>K300000327</KeyBenefitAreaCode><KeyBenefitAreaName>易于使用</KeyBenefitAreaName><KeyBenefitAreaRank>2</KeyBenefitAreaRank><Feature><FeatureCode>F300001056</FeatureCode><FeatureReferenceName>Language-free symbols</FeatureReferenceName><FeatureName>无语言限制符号</FeatureName><FeatureShortDescription>使用说明</FeatureShortDescription><FeatureLongDescription>易于理解的无语言用户说明</FeatureLongDescription><FeatureGlossary>包装上通用的无语言符号解释了电池的使用方式以及使用地点。</FeatureGlossary><FeatureRank>2</FeatureRank><FeatureTopRank>3</FeatureTopRank></Feature></KeyBenefitArea><KeyBenefitArea><KeyBenefitAreaCode>K300000328</KeyBenefitAreaCode><KeyBenefitAreaName>环保设计</KeyBenefitAreaName><KeyBenefitAreaRank>3</KeyBenefitAreaRank><Feature><FeatureCode>F300001083</FeatureCode><FeatureReferenceName>Cadmium, Mercury and Lead free</FeatureReferenceName><FeatureName>不含镉、汞和铅</FeatureName><FeatureShortDescription>不含有害的重金属</FeatureShortDescription><FeatureLongDescription>飞利浦碱性电池不包含任何镉、汞和铅</FeatureLongDescription><FeatureGlossary>飞利浦电池保证绝不含有害重金属，例如镉、汞和铅。</FeatureGlossary><FeatureRank>1</FeatureRank><FeatureTopRank>2</FeatureTopRank></Feature></KeyBenefitArea><FeatureHighlight><FeatureCode>F300001029</FeatureCode><FeatureReferenceName>Alkaline technology</FeatureReferenceName><FeatureHighlightRank>1</FeatureHighlightRank></FeatureHighlight><FeatureHighlight><FeatureCode>F300001083</FeatureCode><FeatureReferenceName>Cadmium, Mercury and Lead free</FeatureReferenceName><FeatureHighlightRank>2</FeatureHighlightRank></FeatureHighlight><FeatureHighlight><FeatureCode>F300002185</FeatureCode><FeatureReferenceName>Alkaline outperforms ZnC</FeatureReferenceName><FeatureHighlightRank>4</FeatureHighlightRank></FeatureHighlight><FeatureHighlight><FeatureCode>F300001078</FeatureCode><FeatureReferenceName>Complete range</FeatureReferenceName><FeatureHighlightRank>5</FeatureHighlightRank></FeatureHighlight><FeatureHighlight><FeatureCode>F300001042</FeatureCode><FeatureReferenceName>Shelf life up to 5 years</FeatureReferenceName><FeatureHighlightRank>6</FeatureHighlightRank></FeatureHighlight><CSChapter><CSChapterCode>3000821</CSChapterCode><CSChapterName>功率</CSChapterName><CSChapterRank>1</CSChapterRank><CSItem><CSItemCode>3006919</CSItemCode><CSItemName>电池类型</CSItemName><CSItemRank>7</CSItemRank><CSItemIsFreeFormat>0</CSItemIsFreeFormat><CSValue><CSValueCode>3033259</CSValueCode><CSValueName>AA / LR6 碱性</CSValueName><CSValueRank>7</CSValueRank></CSValue></CSItem></CSChapter><CSChapter><CSChapterCode>3000818</CSChapterCode><CSChapterName>环保规格</CSChapterName><CSChapterRank>2</CSChapterRank><CSItem><CSItemCode>3006807</CSItemCode><CSItemName>化学成分</CSItemName><CSItemRank>1</CSItemRank><CSItemIsFreeFormat>0</CSItemIsFreeFormat><CSValue><CSValueCode>3033122</CSValueCode><CSValueName>碱性</CSValueName><CSValueRank>2</CSValueRank></CSValue></CSItem><CSItem><CSItemCode>3006811</CSItemCode><CSItemName>重金属</CSItemName><CSItemRank>6</CSItemRank><CSItemIsFreeFormat>0</CSItemIsFreeFormat><CSValue><CSValueCode>3033131</CSValueCode><CSValueName>无镉</CSValueName><CSValueRank>3</CSValueRank></CSValue><CSValue><CSValueCode>3033132</CSValueCode><CSValueName>无汞</CSValueName><CSValueRank>6</CSValueRank></CSValue><CSValue><CSValueCode>3033133</CSValueCode><CSValueName>无铅</CSValueName><CSValueRank>9</CSValueRank></CSValue></CSItem><CSItem><CSItemCode>3006813</CSItemCode><CSItemName>包装材料</CSItemName><CSItemRank>8</CSItemRank><CSItemIsFreeFormat>0</CSItemIsFreeFormat><CSValue><CSValueCode>3033135</CSValueCode><CSValueName>箱体</CSValueName><CSValueRank>4</CSValueRank></CSValue><CSValue><CSValueCode>3033136</CSValueCode><CSValueName>PET</CSValueName><CSValueRank>8</CSValueRank></CSValue></CSItem><CSItem><CSItemCode>3006814</CSItemCode><CSItemName>包装类型</CSItemName><CSItemRank>12</CSItemRank><CSItemIsFreeFormat>0</CSItemIsFreeFormat><CSValue><CSValueCode>3036115</CSValueCode><CSValueName>PET 泡形罩</CSValueName><CSValueRank>10</CSValueRank></CSValue></CSItem></CSChapter><CSChapter><CSChapterCode>3000956</CSChapterCode><CSChapterName>技术规格</CSChapterName><CSChapterRank>3</CSChapterRank><CSItem><CSItemCode>3007909</CSItemCode><CSItemName>保存期限</CSItemName><CSItemRank>4</CSItemRank><CSItemIsFreeFormat>1</CSItemIsFreeFormat><CSValue><CSValueCode>3036114</CSValueCode><CSValueName>5 年</CSValueName><CSValueRank>1</CSValueRank></CSValue></CSItem></CSChapter><CSChapter><CSChapterCode>CH4000341</CSChapterCode><CSChapterName>产品尺寸</CSChapterName><CSChapterRank>4</CSChapterRank><CSItem><CSItemCode>IT4001423</CSItemCode><CSItemName>宽度</CSItemName><CSItemRank>11</CSItemRank><CSItemIsFreeFormat>1</CSItemIsFreeFormat><CSValue><CSValueCode>VA4003623</CSValueCode><CSValueName>2.05</CSValueName><CSValueRank>1</CSValueRank></CSValue><UnitOfMeasure><UnitOfMeasureCode>3000039</UnitOfMeasureCode><UnitOfMeasureName>厘米</UnitOfMeasureName><UnitOfMeasureSymbol>厘米</UnitOfMeasureSymbol></UnitOfMeasure></CSItem><CSItem><CSItemCode>IT4001425</CSItemCode><CSItemName>高度</CSItemName><CSItemRank>16</CSItemRank><CSItemIsFreeFormat>1</CSItemIsFreeFormat><CSValue><CSValueCode>VA4003625</CSValueCode><CSValueName>4.43</CSValueName><CSValueRank>1</CSValueRank></CSValue><UnitOfMeasure><UnitOfMeasureCode>3000039</UnitOfMeasureCode><UnitOfMeasureName>厘米</UnitOfMeasureName><UnitOfMeasureSymbol>厘米</UnitOfMeasureSymbol></UnitOfMeasure></CSItem><CSItem><CSItemCode>IT4001427</CSItemCode><CSItemName>厚度</CSItemName><CSItemRank>19</CSItemRank><CSItemIsFreeFormat>1</CSItemIsFreeFormat><CSValue><CSValueCode>VA4003627</CSValueCode><CSValueName>1.02</CSValueName><CSValueRank>1</CSValueRank></CSValue><UnitOfMeasure><UnitOfMeasureCode>3000039</UnitOfMeasureCode><UnitOfMeasureName>厘米</UnitOfMeasureName><UnitOfMeasureSymbol>厘米</UnitOfMeasureSymbol></UnitOfMeasure></CSItem><CSItem><CSItemCode>IT4001429</CSItemCode><CSItemName>重量</CSItemName><CSItemRank>22</CSItemRank><CSItemIsFreeFormat>1</CSItemIsFreeFormat><CSValue><CSValueCode>VA4003629</CSValueCode><CSValueName>0.023</CSValueName><CSValueRank>1</CSValueRank></CSValue><UnitOfMeasure><UnitOfMeasureCode>3000049</UnitOfMeasureCode><UnitOfMeasureName>千克</UnitOfMeasureName><UnitOfMeasureSymbol>千克</UnitOfMeasureSymbol></UnitOfMeasure></CSItem></CSChapter><CSChapter><CSChapterCode>CH4000342</CSChapterCode><CSChapterName>包装尺寸</CSChapterName><CSChapterRank>5</CSChapterRank><CSItem><CSItemCode>IT4001441</CSItemCode><CSItemName>高度</CSItemName><CSItemRank>3</CSItemRank><CSItemIsFreeFormat>1</CSItemIsFreeFormat><CSValue><CSValueCode>VA4004060</CSValueCode><CSValueName>12</CSValueName><CSValueRank>1</CSValueRank></CSValue><UnitOfMeasure><UnitOfMeasureCode>3000039</UnitOfMeasureCode><UnitOfMeasureName>厘米</UnitOfMeasureName><UnitOfMeasureSymbol>厘米</UnitOfMeasureSymbol></UnitOfMeasure></CSItem><CSItem><CSItemCode>IT4001439</CSItemCode><CSItemName>宽度</CSItemName><CSItemRank>9</CSItemRank><CSItemIsFreeFormat>1</CSItemIsFreeFormat><CSValue><CSValueCode>VA4004058</CSValueCode><CSValueName>8.5</CSValueName><CSValueRank>1</CSValueRank></CSValue><UnitOfMeasure><UnitOfMeasureCode>3000039</UnitOfMeasureCode><UnitOfMeasureName>厘米</UnitOfMeasureName><UnitOfMeasureSymbol>厘米</UnitOfMeasureSymbol></UnitOfMeasure></CSItem><CSItem><CSItemCode>IT4001443</CSItemCode><CSItemName>厚度</CSItemName><CSItemRank>15</CSItemRank><CSItemIsFreeFormat>1</CSItemIsFreeFormat><CSValue><CSValueCode>VA4004062</CSValueCode><CSValueName>1.14</CSValueName><CSValueRank>1</CSValueRank></CSValue><UnitOfMeasure><UnitOfMeasureCode>3000039</UnitOfMeasureCode><UnitOfMeasureName>厘米</UnitOfMeasureName><UnitOfMeasureSymbol>厘米</UnitOfMeasureSymbol></UnitOfMeasure></CSItem><CSItem><CSItemCode>IT4001445</CSItemCode><CSItemName>净重</CSItemName><CSItemRank>18</CSItemRank><CSItemIsFreeFormat>1</CSItemIsFreeFormat><CSValue><CSValueCode>VA4004064</CSValueCode><CSValueName>0.023</CSValueName><CSValueRank>1</CSValueRank></CSValue><UnitOfMeasure><UnitOfMeasureCode>3000049</UnitOfMeasureCode><UnitOfMeasureName>千克</UnitOfMeasureName><UnitOfMeasureSymbol>千克</UnitOfMeasureSymbol></UnitOfMeasure></CSItem><CSItem><CSItemCode>IT4001447</CSItemCode><CSItemName>总重</CSItemName><CSItemRank>21</CSItemRank><CSItemIsFreeFormat>1</CSItemIsFreeFormat><CSValue><CSValueCode>VA4004066</CSValueCode><CSValueName>0.03</CSValueName><CSValueRank>1</CSValueRank></CSValue><UnitOfMeasure><UnitOfMeasureCode>3000049</UnitOfMeasureCode><UnitOfMeasureName>千克</UnitOfMeasureName><UnitOfMeasureSymbol>千克</UnitOfMeasureSymbol></UnitOfMeasure></CSItem><CSItem><CSItemCode>IT4001449</CSItemCode><CSItemName>自重</CSItemName><CSItemRank>24</CSItemRank><CSItemIsFreeFormat>1</CSItemIsFreeFormat><CSValue><CSValueCode>VA4004068</CSValueCode><CSValueName>0.007</CSValueName><CSValueRank>1</CSValueRank></CSValue><UnitOfMeasure><UnitOfMeasureCode>3000049</UnitOfMeasureCode><UnitOfMeasureName>千克</UnitOfMeasureName><UnitOfMeasureSymbol>千克</UnitOfMeasureSymbol></UnitOfMeasure></CSItem><CSItem><CSItemCode>IT4001451</CSItemCode><CSItemName>EAN</CSItemName><CSItemRank>26</CSItemRank><CSItemIsFreeFormat>1</CSItemIsFreeFormat><CSValue><CSValueCode>VA4004070</CSValueCode><CSValueName>69 25970 71535 5</CSValueName><CSValueRank>1</CSValueRank></CSValue></CSItem><CSItem><CSItemCode>IT4001455</CSItemCode><CSItemName>货架摆放类型</CSItemName><CSItemRank>28</CSItemRank><CSItemIsFreeFormat>1</CSItemIsFreeFormat><CSValue><CSValueCode>VA4004074</CSValueCode><CSValueName>悬挂</CSValueName><CSValueRank>1</CSValueRank></CSValue></CSItem><CSItem><CSItemCode>IT4001453</CSItemCode><CSItemName>随附产品数量</CSItemName><CSItemRank>30</CSItemRank><CSItemIsFreeFormat>1</CSItemIsFreeFormat><CSValue><CSValueCode>VA4004072</CSValueCode><CSValueName>2</CSValueName><CSValueRank>1</CSValueRank></CSValue></CSItem><CSItem><CSItemCode>IT4001454</CSItemCode><CSItemName>包装类型</CSItemName><CSItemRank>31</CSItemRank><CSItemIsFreeFormat>1</CSItemIsFreeFormat><CSValue><CSValueCode>VA4004073</CSValueCode><CSValueName>塑封包装</CSValueName><CSValueRank>1</CSValueRank></CSValue></CSItem></CSChapter><CSChapter><CSChapterCode>CH4000343</CSChapterCode><CSChapterName>外箱</CSChapterName><CSChapterRank>6</CSChapterRank><CSItem><CSItemCode>IT4001456</CSItemCode><CSItemName>长度</CSItemName><CSItemRank>5</CSItemRank><CSItemIsFreeFormat>1</CSItemIsFreeFormat><CSValue><CSValueCode>VA4003639</CSValueCode><CSValueName>39.5</CSValueName><CSValueRank>1</CSValueRank></CSValue><UnitOfMeasure><UnitOfMeasureCode>3000039</UnitOfMeasureCode><UnitOfMeasureName>厘米</UnitOfMeasureName><UnitOfMeasureSymbol>厘米</UnitOfMeasureSymbol></UnitOfMeasure></CSItem><CSItem><CSItemCode>IT4001458</CSItemCode><CSItemName>宽度</CSItemName><CSItemRank>10</CSItemRank><CSItemIsFreeFormat>1</CSItemIsFreeFormat><CSValue><CSValueCode>VA4003641</CSValueCode><CSValueName>29</CSValueName><CSValueRank>1</CSValueRank></CSValue><UnitOfMeasure><UnitOfMeasureCode>3000039</UnitOfMeasureCode><UnitOfMeasureName>厘米</UnitOfMeasureName><UnitOfMeasureSymbol>厘米</UnitOfMeasureSymbol></UnitOfMeasure></CSItem><CSItem><CSItemCode>IT4001460</CSItemCode><CSItemName>高度</CSItemName><CSItemRank>14</CSItemRank><CSItemIsFreeFormat>1</CSItemIsFreeFormat><CSValue><CSValueCode>VA4003643</CSValueCode><CSValueName>22</CSValueName><CSValueRank>1</CSValueRank></CSValue><UnitOfMeasure><UnitOfMeasureCode>3000039</UnitOfMeasureCode><UnitOfMeasureName>厘米</UnitOfMeasureName><UnitOfMeasureSymbol>厘米</UnitOfMeasureSymbol></UnitOfMeasure></CSItem><CSItem><CSItemCode>IT4001462</CSItemCode><CSItemName>净重</CSItemName><CSItemRank>17</CSItemRank><CSItemIsFreeFormat>1</CSItemIsFreeFormat><CSValue><CSValueCode>VA4003645</CSValueCode><CSValueName>5.52</CSValueName><CSValueRank>1</CSValueRank></CSValue><UnitOfMeasure><UnitOfMeasureCode>3000049</UnitOfMeasureCode><UnitOfMeasureName>千克</UnitOfMeasureName><UnitOfMeasureSymbol>千克</UnitOfMeasureSymbol></UnitOfMeasure></CSItem><CSItem><CSItemCode>IT4001464</CSItemCode><CSItemName>总重</CSItemName><CSItemRank>20</CSItemRank><CSItemIsFreeFormat>1</CSItemIsFreeFormat><CSValue><CSValueCode>VA4003647</CSValueCode><CSValueName>7.8</CSValueName><CSValueRank>1</CSValueRank></CSValue><UnitOfMeasure><UnitOfMeasureCode>3000049</UnitOfMeasureCode><UnitOfMeasureName>千克</UnitOfMeasureName><UnitOfMeasureSymbol>千克</UnitOfMeasureSymbol></UnitOfMeasure></CSItem><CSItem><CSItemCode>IT4001466</CSItemCode><CSItemName>自重</CSItemName><CSItemRank>23</CSItemRank><CSItemIsFreeFormat>1</CSItemIsFreeFormat><CSValue><CSValueCode>VA4003649</CSValueCode><CSValueName>2.28</CSValueName><CSValueRank>1</CSValueRank></CSValue><UnitOfMeasure><UnitOfMeasureCode>3000049</UnitOfMeasureCode><UnitOfMeasureName>千克</UnitOfMeasureName><UnitOfMeasureSymbol>千克</UnitOfMeasureSymbol></UnitOfMeasure></CSItem><CSItem><CSItemCode>IT4001470</CSItemCode><CSItemName>GTIN</CSItemName><CSItemRank>27</CSItemRank><CSItemIsFreeFormat>1</CSItemIsFreeFormat><CSValue><CSValueCode>VA4003653</CSValueCode><CSValueName>1 69 25970 71535 2</CSValueName><CSValueRank>1</CSValueRank></CSValue></CSItem><CSItem><CSItemCode>IT4001471</CSItemCode><CSItemName>用户包装数量</CSItemName><CSItemRank>29</CSItemRank><CSItemIsFreeFormat>1</CSItemIsFreeFormat><CSValue><CSValueCode>VA4003654</CSValueCode><CSValueName>240</CSValueName><CSValueRank>1</CSValueRank></CSValue></CSItem></CSChapter><Filters><Purpose type="Comparison"><Features><Feature code="F300001029" rank="1" referenceName="Alkaline technology"/><Feature code="F300001083" rank="2" referenceName="Cadmium, Mercury and Lead free"/><Feature code="F300001056" rank="3" referenceName="Language-free symbols"/><Feature code="F300002185" rank="4" referenceName="Alkaline outperforms ZnC"/><Feature code="F300001078" rank="5" referenceName="Complete range"/><Feature code="F300001042" rank="6" referenceName="Shelf life up to 5 years"/></Features><CSItems><CSItem code="3006807" rank="1" referenceName="环保规格 - 化学成分"/><CSItem code="IT4001441" rank="3" referenceName="包装尺寸 - 高度"/><CSItem code="3007909" rank="4" referenceName="技术规格 - 保存期限"/><CSItem code="IT4001456" rank="5" referenceName="外箱 - 长度"/><CSItem code="3006811" rank="6" referenceName="环保规格 - 重金属"/><CSItem code="3006919" rank="7" referenceName="功率 - 电池类型"/><CSItem code="3006813" rank="8" referenceName="环保规格 - 包装材料"/><CSItem code="IT4001439" rank="9" referenceName="包装尺寸 - 宽度"/><CSItem code="IT4001458" rank="10" referenceName="外箱 - 宽度"/><CSItem code="IT4001423" rank="11" referenceName="产品尺寸 - 宽度"/><CSItem code="3006814" rank="12" referenceName="环保规格 - 包装类型"/><CSItem code="IT4001460" rank="14" referenceName="外箱 - 高度"/><CSItem code="IT4001443" rank="15" referenceName="包装尺寸 - 厚度"/><CSItem code="IT4001425" rank="16" referenceName="产品尺寸 - 高度"/><CSItem code="IT4001462" rank="17" referenceName="外箱 - 净重"/><CSItem code="IT4001445" rank="18" referenceName="包装尺寸 - 净重"/><CSItem code="IT4001427" rank="19" referenceName="产品尺寸 - 厚度"/><CSItem code="IT4001464" rank="20" referenceName="外箱 - 总重"/><CSItem code="IT4001447" rank="21" referenceName="包装尺寸 - 总重"/><CSItem code="IT4001429" rank="22" referenceName="产品尺寸 - 重量"/><CSItem code="IT4001466" rank="23" referenceName="外箱 - 自重"/><CSItem code="IT4001449" rank="24" referenceName="包装尺寸 - 自重"/><CSItem code="IT4001451" rank="26" referenceName="包装尺寸 - EAN"/><CSItem code="IT4001470" rank="27" referenceName="外箱 - GTIN"/><CSItem code="IT4001455" rank="28" referenceName="包装尺寸 - 货架摆放类型"/><CSItem code="IT4001471" rank="29" referenceName="外箱 - 用户包装数量"/><CSItem code="IT4001453" rank="30" referenceName="包装尺寸 - 随附产品数量"/><CSItem code="IT4001454" rank="31" referenceName="包装尺寸 - 包装类型"/></CSItems></Purpose><Purpose type="Detail"><Features><Feature code="F300001029" rank="1" referenceName="Alkaline technology"/><Feature code="F300001083" rank="2" referenceName="Cadmium, Mercury and Lead free"/><Feature code="F300001056" rank="3" referenceName="Language-free symbols"/><Feature code="F300002185" rank="4" referenceName="Alkaline outperforms ZnC"/><Feature code="F300001078" rank="5" referenceName="Complete range"/><Feature code="F300001042" rank="6" referenceName="Shelf life up to 5 years"/></Features><CSItems><CSItem code="3006807" rank="1" referenceName="环保规格 - 化学成分"/><CSItem code="IT4001441" rank="3" referenceName="包装尺寸 - 高度"/><CSItem code="3007909" rank="4" referenceName="技术规格 - 保存期限"/><CSItem code="IT4001456" rank="5" referenceName="外箱 - 长度"/><CSItem code="3006811" rank="6" referenceName="环保规格 - 重金属"/><CSItem code="3006919" rank="7" referenceName="功率 - 电池类型"/><CSItem code="3006813" rank="8" referenceName="环保规格 - 包装材料"/><CSItem code="IT4001439" rank="9" referenceName="包装尺寸 - 宽度"/><CSItem code="IT4001458" rank="10" referenceName="外箱 - 宽度"/><CSItem code="IT4001423" rank="11" referenceName="产品尺寸 - 宽度"/><CSItem code="3006814" rank="12" referenceName="环保规格 - 包装类型"/><CSItem code="IT4001460" rank="14" referenceName="外箱 - 高度"/><CSItem code="IT4001443" rank="15" referenceName="包装尺寸 - 厚度"/><CSItem code="IT4001425" rank="16" referenceName="产品尺寸 - 高度"/><CSItem code="IT4001462" rank="17" referenceName="外箱 - 净重"/><CSItem code="IT4001445" rank="18" referenceName="包装尺寸 - 净重"/><CSItem code="IT4001427" rank="19" referenceName="产品尺寸 - 厚度"/><CSItem code="IT4001464" rank="20" referenceName="外箱 - 总重"/><CSItem code="IT4001447" rank="21" referenceName="包装尺寸 - 总重"/><CSItem code="IT4001429" rank="22" referenceName="产品尺寸 - 重量"/><CSItem code="IT4001466" rank="23" referenceName="外箱 - 自重"/><CSItem code="IT4001449" rank="24" referenceName="包装尺寸 - 自重"/><CSItem code="IT4001451" rank="26" referenceName="包装尺寸 - EAN"/><CSItem code="IT4001470" rank="27" referenceName="外箱 - GTIN"/><CSItem code="IT4001455" rank="28" referenceName="包装尺寸 - 货架摆放类型"/><CSItem code="IT4001471" rank="29" referenceName="外箱 - 用户包装数量"/><CSItem code="IT4001453" rank="30" referenceName="包装尺寸 - 随附产品数量"/><CSItem code="IT4001454" rank="31" referenceName="包装尺寸 - 包装类型"/></CSItems></Purpose></Filters><FeatureCompareGroups/><Disclaimers/><RichTexts/></Product></Products>