<?xml version="1.0" encoding="UTF-8"?><Products xmlns:source="http://apache.org/cocoon/source/1.0" DocStatus="approved" DocTimeStamp="2018-03-17T09:27:57"><Product Country="CN" IsAccessory="false" IsMaster="false" Locale="zh_CN" lastModified="2018-03-16T05:02:34" masterLastModified="2017-05-22T00:04:30"><CTN>HD2584/50</CTN><GTIN>06923410755626</GTIN><MarketingVersion>1.0.1</MarketingVersion><MarketingStatus>Final Published</MarketingStatus><CRDate>2017-09-01</CRDate><CRDateYW>201735</CRDateYW><ModelYears><ModelYear>2017</ModelYear></ModelYears><ProductDivision><ProductDivisionCode>0200</ProductDivisionCode><ProductDivisionName>Consumer Lifestyle</ProductDivisionName><FormerPDCode>0300</FormerPDCode></ProductDivision><ProductOwner>Brenda Lin</ProductOwner><DTN>HD2584/50</DTN><Catalog><StartOfPublication>2017-10-01T00:00:00</StartOfPublication><EndOfPublication>2021-10-01T00:00:00</EndOfPublication><StartOfSales>2017-10-01T00:00:00</StartOfSales><EndOfSales>2021-10-01T00:00:00</EndOfSales><DummyPrice>299</DummyPrice><Deleted>false</Deleted><DeleteAfterDate/><ProductRank>50</ProductRank></Catalog><FinancialCategorization><BusinessGroupCode>9042</BusinessGroupCode><BusinessGroupName>Domestic Appliances</BusinessGroupName><BusinessUnitCode>0341</BusinessUnitCode><BusinessUnitName>Philips brand Kitchen Appliances</BusinessUnitName><MainArticleGroupCode>E18</MainArticleGroupCode><MainArticleGroupName>Breakfast</MainArticleGroupName><ArticleGroupCode>1069</ArticleGroupCode><ArticleGroupName>Toasting</ArticleGroupName></FinancialCategorization><Categorization type="CONSUMER"><GroupCode>HOUSEHOLD_PRODUCTS_GR</GroupCode><GroupName>Household products</GroupName><CategoryCode>COOKING_CA</CategoryCode><CategoryName>Cooking</CategoryName><SubcategoryCode>TOASTERS_SU2</SubcategoryCode><SubcategoryName>Toaster</SubcategoryName></Categorization><Assets><Asset code="HD2584_50" description="User manual" extension="pdf" lastModified="2017-06-06" locale="zh_CN" number="001" type="DFU">http://download.p4c.philips.com/files/h/hd2584_50/hd2584_50_dfu_zhs.pdf</Asset><Asset code="HD2584_50" description="High Quality product movie 1" extension="mp4" lastModified="2017-07-31" locale="zh_CN" number="001" type="HQ1">http://download.p4c.philips.com/files/h/hd2584_50/hd2584_50_hq1_zhs.mp4</Asset><Asset code="HD2584_50" description="Important Information Manual" extension="pdf" lastModified="2017-06-06" locale="zh_CN" number="001" type="IIM">http://download.p4c.philips.com/files/h/hd2584_50/hd2584_50_iim_zhs.pdf</Asset><Asset code="HD2584_50" description="Product movie 1" extension="flv" lastModified="2017-07-31" locale="zh_CN" number="001" type="PRM">http://download.p4c.philips.com/files/h/hd2584_50/hd2584_50_prm_zhs.flv</Asset><Asset code="HD2584_50" description="Leaflet" extension="pdf" lastModified="2017-11-08" locale="zh_CN" number="001" type="PSS">http://download.p4c.philips.com/files/h/hd2584_50/hd2584_50_pss_zhscn.pdf</Asset><Asset code="HD2584_50" description="Emotional Benefit 1 - highres 2196x1795" extension="tif" lastModified="2018-03-13" locale="global" number="001" type="E1P">http://images.philips.com/is/image/PhilipsConsumer/HD2584_50-E1P-global-001</Asset><Asset code="HD2584_50" description="Emotional Benefit 2 - highres 2196x1795" extension="tif" lastModified="2018-03-14" locale="global" number="001" type="E2P">http://images.philips.com/is/image/PhilipsConsumer/HD2584_50-E2P-global-001</Asset><Asset code="HD2584_50" description="Main in-use photograph - highres 2480x1462" extension="tif" lastModified="2017-07-31" locale="global" number="001" type="MI1">http://images.philips.com/is/image/PhilipsConsumer/HD2584_50-MI1-global-001</Asset><Asset code="HD2584_50" description="Leaflet" extension="pdf" lastModified="2017-09-14" locale="global" number="001" type="PSS">http://download.p4c.philips.com/files/h/hd2584_50/hd2584_50_pss_.pdf</Asset><Asset code="HD2584_50" description="Standard product photograph - highres 2196x1795" extension="tif" lastModified="2017-09-12" locale="global" number="001" type="RTP">http://images.philips.com/is/image/PhilipsConsumer/HD2584_50-RTP-global-001</Asset><Asset code="HD2584_50" description="Single product shot" extension="" lastModified="2018-03-16" locale="zh_CN" number="" type="IMS">http://images.philips.com/is/image/PhilipsConsumer/HD2584_50-IMS-zh_CN</Asset><Asset code="HD2584_50" description="Product gallery image set" extension="" lastModified="2018-03-16" locale="zh_CN" number="" type="GAL">http://images.philips.com/is/image/PhilipsConsumer/HD2584_50-GAL-zh_CN</Asset><Asset code="HD2584_50" description="Product URL" extension="" lastModified="2018-03-16" locale="zh_CN" number="" type="URL">http://www.philips.com.cn/c-p/HD2584_50/daily-collection-toaster</Asset><Asset code="F400078025" description="Feature photograph - highres 2100x1170" extension="tif" lastModified="2016-03-24" locale="global" number="001" type="FIL">http://images.philips.com/is/image/PhilipsConsumer/F400078025-FIL-global-001</Asset><Asset code="F400079767" description="Feature photograph - highres 2100x1170" extension="tif" lastModified="2016-09-20" locale="global" number="001" type="FIL">http://images.philips.com/is/image/PhilipsConsumer/F400079767-FIL-global-001</Asset><Asset code="F400079768" description="Feature photograph - highres 2100x1170" extension="tif" lastModified="2016-07-27" locale="global" number="001" type="FIL">http://images.philips.com/is/image/PhilipsConsumer/F400079768-FIL-global-001</Asset><Asset code="F400079770" description="Feature photograph - highres 2100x1170" extension="tif" lastModified="2016-07-27" locale="global" number="001" type="FIL">http://images.philips.com/is/image/PhilipsConsumer/F400079770-FIL-global-001</Asset><Asset code="F400079771" description="Feature photograph - highres 2100x1170" extension="tif" lastModified="2016-07-27" locale="global" number="001" type="FIL">http://images.philips.com/is/image/PhilipsConsumer/F400079771-FIL-global-001</Asset><Asset code="F400079773" description="Feature photograph - highres 2100x1170" extension="tif" lastModified="2016-07-27" locale="global" number="001" type="FIL">http://images.philips.com/is/image/PhilipsConsumer/F400079773-FIL-global-001</Asset><Asset code="F400079776" description="Feature photograph - highres 2100x1170" extension="tif" lastModified="2016-10-24" locale="global" number="001" type="FIL">http://images.philips.com/is/image/PhilipsConsumer/F400079776-FIL-global-001</Asset><Asset code="F400079777" description="Feature photograph - highres 2100x1170" extension="tif" lastModified="2016-07-27" locale="global" number="001" type="FIL">http://images.philips.com/is/image/PhilipsConsumer/F400079777-FIL-global-001</Asset><Asset code="PHI" description="Brand logo - highres 1476x886" extension="tif" lastModified="2016-02-18" locale="global" number="001" type="BRP">http://images.philips.com/is/image/PhilipsConsumer/PHI-BRP-global-001</Asset></Assets><ProductName>8 档可调烘烤控制级别，内置面包烘烤架的烤面包机</ProductName><FullProductName>飞利浦 Daily Collection 烤面包机 HD2584/50 8 档可调烘烤控制级别，内置面包烘烤架，小巧身形，配备防尘罩</FullProductName><NamingString><MasterBrand><BrandCode>PHI</BrandCode><BrandName>Philips</BrandName></MasterBrand><BrandString>飞利浦</BrandString><Family><FamilyCode>SB40001146</FamilyCode><FamilyName>Daily Collection</FamilyName><FamilyNameUsed>1</FamilyNameUsed></Family><Descriptor><DescriptorCode>NSD_000032</DescriptorCode><DescriptorName>烤面包机</DescriptorName></Descriptor><Alphanumeric>HD2584/50</Alphanumeric><VersionElement1><VersionElementCode>V4042934</VersionElementCode><VersionElementName>8 档</VersionElementName></VersionElement1><VersionElement2><VersionElementCode>V4042935</VersionElementCode><VersionElementName>内置面包烘烤架</VersionElementName></VersionElement2><VersionElement3><VersionElementCode>V4008206</VersionElementCode><VersionElementName>小巧身形</VersionElementName></VersionElement3><VersionElement4><VersionElementCode>V4033737</VersionElementCode><VersionElementName>防尘罩</VersionElementName></VersionElement4><VersionString>8 档可调烘烤控制级别，内置面包烘烤架，小巧身形，配备防尘罩</VersionString><BrandedFeatureString/><DescriptorBrandedFeatureString>烤面包机</DescriptorBrandedFeatureString></NamingString><WOW>香脆金黄吐司 从此每日尽享</WOW><SubWOW>8 档烘烤程度自由选择，内置烘烤架</SubWOW><MarketingTextHeader>这款烤面包机精致小巧，独含 8 档烘烤控制级别，以及 2 个可变加宽烘烤槽，为你提供均匀烘烤的焦黄效果，适用于各式各样的面包类型。内置烘烤架使你能够轻松加热你所爱的花式面包、糕点和小圆面包。</MarketingTextHeader><KeyBenefitArea><KeyBenefitAreaCode>K300000216</KeyBenefitAreaCode><KeyBenefitAreaName>易于使用</KeyBenefitAreaName><KeyBenefitAreaRank>1</KeyBenefitAreaRank><Feature><FeatureCode>F400079773</FeatureCode><FeatureReferenceName>Cancel button to stop toasting at any time (toaster)</FeatureReferenceName><FeatureName>可随时停止烘烤</FeatureName><FeatureLongDescription>暂停取消按钮可随时停止烘烤</FeatureLongDescription><FeatureGlossary>按下暂停按钮，即可随时停止烘烤。</FeatureGlossary><FeatureRank>3</FeatureRank><FeatureTopRank>3</FeatureTopRank></Feature><Feature><FeatureCode>F400079777</FeatureCode><FeatureReferenceName>Extra auto shut-off protection (toaster)</FeatureReferenceName><FeatureName>附加自动关闭防护功能</FeatureName><FeatureLongDescription>附加自动关闭防护功能</FeatureLongDescription><FeatureGlossary>附加自动关闭防护功能可防止产品短路。</FeatureGlossary><FeatureRank>8</FeatureRank><FeatureTopRank>4</FeatureTopRank></Feature><Feature><FeatureCode>F400079776</FeatureCode><FeatureReferenceName>High lift to safely take out smaller pieces (toaster) 2</FeatureReferenceName><FeatureName>提升功能</FeatureName><FeatureLongDescription>提升功能可轻松取出小块面包</FeatureLongDescription><FeatureGlossary>提升功能可轻松取出小块面包。</FeatureGlossary><FeatureRank>7</FeatureRank><FeatureTopRank>5</FeatureTopRank></Feature><Feature><FeatureCode>F400079771</FeatureCode><FeatureReferenceName>Reheat, defrost in one go (toaster)</FeatureReferenceName><FeatureName>一键即可加热、解冻</FeatureName><FeatureLongDescription>一键即可加热、解冻</FeatureLongDescription><FeatureGlossary>再加热功能可于数秒内加热面包，解冻功能可一键快捷烘烤冷冻面包。</FeatureGlossary><FeatureRank>1</FeatureRank><FeatureTopRank>7</FeatureTopRank></Feature><Feature><FeatureCode>F400078025</FeatureCode><FeatureReferenceName>Removable crumb tray for easy cleaning (toaster)</FeatureReferenceName><FeatureName>可分离式面包屑底盘</FeatureName><FeatureLongDescription>可分离式面包屑底盘，方便清洁</FeatureLongDescription><FeatureGlossary>得益于采用可分离式面包屑底盘设计，机器清洁方便。</FeatureGlossary><FeatureRank>5</FeatureRank><FeatureTopRank>8</FeatureTopRank></Feature></KeyBenefitArea><KeyBenefitArea><KeyBenefitAreaCode>K4033480</KeyBenefitAreaCode><KeyBenefitAreaName>均匀的烘烤效果</KeyBenefitAreaName><KeyBenefitAreaRank>2</KeyBenefitAreaRank><Feature><FeatureCode>F400079768</FeatureCode><FeatureReferenceName>2 large variable slots for different size of bread (toaster)</FeatureReferenceName><FeatureName>2 个可变加宽烘烤槽</FeatureName><FeatureLongDescription>2 个可变加宽烘烤槽，适用于不同类型的面包</FeatureLongDescription><FeatureGlossary>2 个可变加宽烘烤槽，适用于不同类型的面包。得益于面包置中功能，每一片面包都能保持并锁定在居中位置，使两侧均可以均匀地进行烘烤，从而获得焦黄效果。</FeatureGlossary><FeatureRank>4</FeatureRank><FeatureTopRank>1</FeatureTopRank></Feature><Feature><FeatureCode>F400079767</FeatureCode><FeatureReferenceName>8 browning settings for individual preference (toaster)</FeatureReferenceName><FeatureName>8 档烘烤控制级别</FeatureName><FeatureLongDescription>8 档烘烤控制级别，可根据个人喜好选择</FeatureLongDescription><FeatureGlossary>8 档烘烤控制级别，让您可以烘烤不同类型的面包，同时避免烤焦困扰。根据您个人喜好调节的烘烤级别，一定能让您烤出满意的面包。</FeatureGlossary><FeatureRank>2</FeatureRank><FeatureTopRank>2</FeatureTopRank></Feature><Feature><FeatureCode>F400079770</FeatureCode><FeatureReferenceName>Integrated bun rack (toaster)</FeatureReferenceName><FeatureName>内置面包烘烤架</FeatureName><FeatureLongDescription>内置烘烤架，适用于加热花式面包、糕点或小圆面包</FeatureLongDescription><FeatureGlossary>内置烘烤架，使您能轻松加热您喜爱的花式面包、糕点或小圆面包。</FeatureGlossary><FeatureRank>6</FeatureRank><FeatureTopRank>6</FeatureTopRank></Feature></KeyBenefitArea><FeatureImage><FeatureCode>F400079768</FeatureCode><FeatureReferenceName>2 large variable slots for different size of bread (toaster)</FeatureReferenceName><FeatureImageRank>1</FeatureImageRank></FeatureImage><FeatureImage><FeatureCode>F400079767</FeatureCode><FeatureReferenceName>8 browning settings for individual preference (toaster)</FeatureReferenceName><FeatureImageRank>2</FeatureImageRank></FeatureImage><FeatureImage><FeatureCode>F400079773</FeatureCode><FeatureReferenceName>Cancel button to stop toasting at any time (toaster)</FeatureReferenceName><FeatureImageRank>3</FeatureImageRank></FeatureImage><FeatureImage><FeatureCode>F400079777</FeatureCode><FeatureReferenceName>Extra auto shut-off protection (toaster)</FeatureReferenceName><FeatureImageRank>4</FeatureImageRank></FeatureImage><FeatureImage><FeatureCode>F400079776</FeatureCode><FeatureReferenceName>High lift to safely take out smaller pieces (toaster) 2</FeatureReferenceName><FeatureImageRank>5</FeatureImageRank></FeatureImage><FeatureImage><FeatureCode>F400079770</FeatureCode><FeatureReferenceName>Integrated bun rack (toaster)</FeatureReferenceName><FeatureImageRank>6</FeatureImageRank></FeatureImage><FeatureImage><FeatureCode>F400079771</FeatureCode><FeatureReferenceName>Reheat, defrost in one go (toaster)</FeatureReferenceName><FeatureImageRank>7</FeatureImageRank></FeatureImage><FeatureImage><FeatureCode>F400078025</FeatureCode><FeatureReferenceName>Removable crumb tray for easy cleaning (toaster)</FeatureReferenceName><FeatureImageRank>8</FeatureImageRank></FeatureImage><FeatureHighlight><FeatureCode>F400079768</FeatureCode><FeatureReferenceName>2 large variable slots for different size of bread (toaster)</FeatureReferenceName><FeatureHighlightRank>1</FeatureHighlightRank></FeatureHighlight><FeatureHighlight><FeatureCode>F400079767</FeatureCode><FeatureReferenceName>8 browning settings for individual preference (toaster)</FeatureReferenceName><FeatureHighlightRank>2</FeatureHighlightRank></FeatureHighlight><FeatureHighlight><FeatureCode>F400079773</FeatureCode><FeatureReferenceName>Cancel button to stop toasting at any time (toaster)</FeatureReferenceName><FeatureHighlightRank>3</FeatureHighlightRank></FeatureHighlight><FeatureHighlight><FeatureCode>F400079777</FeatureCode><FeatureReferenceName>Extra auto shut-off protection (toaster)</FeatureReferenceName><FeatureHighlightRank>4</FeatureHighlightRank></FeatureHighlight><FeatureHighlight><FeatureCode>F400079776</FeatureCode><FeatureReferenceName>High lift to safely take out smaller pieces (toaster) 2</FeatureReferenceName><FeatureHighlightRank>5</FeatureHighlightRank></FeatureHighlight><FeatureHighlight><FeatureCode>F400079770</FeatureCode><FeatureReferenceName>Integrated bun rack (toaster)</FeatureReferenceName><FeatureHighlightRank>6</FeatureHighlightRank></FeatureHighlight><FeatureHighlight><FeatureCode>F400079771</FeatureCode><FeatureReferenceName>Reheat, defrost in one go (toaster)</FeatureReferenceName><FeatureHighlightRank>7</FeatureHighlightRank></FeatureHighlight><FeatureHighlight><FeatureCode>F400078025</FeatureCode><FeatureReferenceName>Removable crumb tray for easy cleaning (toaster)</FeatureReferenceName><FeatureHighlightRank>8</FeatureHighlightRank></FeatureHighlight><CSChapter><CSChapterCode>3000815</CSChapterCode><CSChapterName>附件</CSChapterName><CSChapterRank>1</CSChapterRank><CSItem><CSItemCode>IT4014581</CSItemCode><CSItemName>随附</CSItemName><CSItemRank>1</CSItemRank><CSItemIsFreeFormat>0</CSItemIsFreeFormat><CSValue><CSValueCode>VA4089403</CSValueCode><CSValueName>防尘罩</CSValueName><CSValueRank>8</CSValueRank></CSValue></CSItem></CSChapter><CSChapter><CSChapterCode>CHA_0000021</CSChapterCode><CSChapterName>原产地</CSChapterName><CSChapterRank>2</CSChapterRank><CSItem><CSItemCode>S_0001744</CSItemCode><CSItemName>原产地</CSItemName><CSItemRank>3</CSItemRank><CSItemIsFreeFormat>1</CSItemIsFreeFormat><CSValue><CSValueCode>VA4008246</CSValueCode><CSValueName>中国</CSValueName><CSValueRank>1</CSValueRank></CSValue></CSItem></CSChapter><CSChapter><CSChapterCode>CHA_0000020</CSChapterCode><CSChapterName>设计和外观</CSChapterName><CSChapterRank>3</CSChapterRank><CSItem><CSItemCode>IT4002890</CSItemCode><CSItemName>颜色</CSItemName><CSItemRank>5</CSItemRank><CSItemIsFreeFormat>1</CSItemIsFreeFormat><CSValue><CSValueCode>VA4009814</CSValueCode><CSValueName>白色</CSValueName><CSValueRank>1</CSValueRank></CSValue></CSItem><CSItem><CSItemCode>IT4038445</CSItemCode><CSItemName>机身材料</CSItemName><CSItemRank>9</CSItemRank><CSItemIsFreeFormat>1</CSItemIsFreeFormat><CSValue><CSValueCode>VA4089390</CSValueCode><CSValueName>塑料</CSValueName><CSValueRank>1</CSValueRank></CSValue></CSItem></CSChapter><CSChapter><CSChapterCode>CHA_0000009</CSChapterCode><CSChapterName>普通参数</CSChapterName><CSChapterRank>4</CSChapterRank><CSItem><CSItemCode>IT4038457</CSItemCode><CSItemName>烘烤控制级别数</CSItemName><CSItemRank>7</CSItemRank><CSItemIsFreeFormat>1</CSItemIsFreeFormat><CSValue><CSValueCode>VA4089447</CSValueCode><CSValueName>8</CSValueName><CSValueRank>1</CSValueRank></CSValue></CSItem><CSItem><CSItemCode>IT4038463</CSItemCode><CSItemName>产品功能</CSItemName><CSItemRank>8</CSItemRank><CSItemIsFreeFormat>0</CSItemIsFreeFormat><CSValue><CSValueCode>VA4089487</CSValueCode><CSValueName>可调节的烘烤程度</CSValueName><CSValueRank>3</CSValueRank></CSValue><CSValue><CSValueCode>VA4089461</CSValueCode><CSValueName>自动断电</CSValueName><CSValueRank>4</CSValueRank></CSValue><CSValue><CSValueCode>VA4089473</CSValueCode><CSValueName>取消按钮</CSValueName><CSValueRank>5</CSValueRank></CSValue><CSValue><CSValueCode>VA4089484</CSValueCode><CSValueName>冷却外壁</CSValueName><CSValueRank>6</CSValueRank></CSValue><CSValue><CSValueCode>VA4089474</CSValueCode><CSValueName>解冻功能</CSValueName><CSValueRank>7</CSValueRank></CSValue><CSValue><CSValueCode>VA4089488</CSValueCode><CSValueName>提升功能</CSValueName><CSValueRank>9</CSValueRank></CSValue><CSValue><CSValueCode>VA4089486</CSValueCode><CSValueName>集成式电线储藏格</CSValueName><CSValueRank>10</CSValueRank></CSValue></CSItem></CSChapter><CSChapter><CSChapterCode>CHA_0000049</CSChapterCode><CSChapterName>服务</CSChapterName><CSChapterRank>5</CSChapterRank><CSItem><CSItemCode>IT4010194</CSItemCode><CSItemName>2 年全球保修</CSItemName><CSItemRank>2</CSItemRank><CSItemIsFreeFormat>0</CSItemIsFreeFormat><CSValue><CSValueCode>VA4023904</CSValueCode><CSValueName>是</CSValueName><CSValueRank>2</CSValueRank></CSValue></CSItem></CSChapter><CSChapter><CSChapterCode>CH4000822</CSChapterCode><CSChapterName>可持续发展</CSChapterName><CSChapterRank>6</CSChapterRank><CSItem><CSItemCode>IT4005644</CSItemCode><CSItemName>用户手册</CSItemName><CSItemRank>6</CSItemRank><CSItemIsFreeFormat>0</CSItemIsFreeFormat><CSValue><CSValueCode>VA4016807</CSValueCode><CSValueName>100%可回收纸</CSValueName><CSValueRank>1</CSValueRank></CSValue></CSItem></CSChapter><CSChapter><CSChapterCode>3000956</CSChapterCode><CSChapterName>技术规格</CSChapterName><CSChapterRank>7</CSChapterRank><CSItem><CSItemCode>S_0000027</CSItemCode><CSItemName>频率</CSItemName><CSItemRank>10</CSItemRank><CSItemIsFreeFormat>1</CSItemIsFreeFormat><CSValue><CSValueCode>VA4007112</CSValueCode><CSValueName>50-60</CSValueName><CSValueRank>1</CSValueRank></CSValue><UnitOfMeasure><UnitOfMeasureCode>3000045</UnitOfMeasureCode><UnitOfMeasureName>赫兹</UnitOfMeasureName><UnitOfMeasureSymbol>赫兹</UnitOfMeasureSymbol></UnitOfMeasure></CSItem><CSItem><CSItemCode>S_0000022</CSItemCode><CSItemName>功率</CSItemName><CSItemRank>11</CSItemRank><CSItemIsFreeFormat>1</CSItemIsFreeFormat><CSValue><CSValueCode>VA4007107</CSValueCode><CSValueName>830</CSValueName><CSValueRank>1</CSValueRank></CSValue><UnitOfMeasure><UnitOfMeasureCode>3000072</UnitOfMeasureCode><UnitOfMeasureName>瓦特</UnitOfMeasureName><UnitOfMeasureSymbol>瓦</UnitOfMeasureSymbol></UnitOfMeasure></CSItem><CSItem><CSItemCode>S_0000026</CSItemCode><CSItemName>电压</CSItemName><CSItemRank>12</CSItemRank><CSItemIsFreeFormat>1</CSItemIsFreeFormat><CSValue><CSValueCode>VA4007111</CSValueCode><CSValueName>220-240</CSValueName><CSValueRank>1</CSValueRank></CSValue><UnitOfMeasure><UnitOfMeasureCode>3000071</UnitOfMeasureCode><UnitOfMeasureName>伏</UnitOfMeasureName><UnitOfMeasureSymbol>伏</UnitOfMeasureSymbol></UnitOfMeasure></CSItem></CSChapter><CSChapter><CSChapterCode>CHA_0000004</CSChapterCode><CSChapterName>重量和尺寸</CSChapterName><CSChapterRank>8</CSChapterRank><CSItem><CSItemCode>IT4021672</CSItemCode><CSItemName>包装尺寸（长x宽x高）</CSItemName><CSItemRank>4</CSItemRank><CSItemIsFreeFormat>1</CSItemIsFreeFormat><CSValue><CSValueCode>VA4051901</CSValueCode><CSValueName>304x184x214</CSValueName><CSValueRank>1</CSValueRank></CSValue><UnitOfMeasure><UnitOfMeasureCode>3000058</UnitOfMeasureCode><UnitOfMeasureName>毫米</UnitOfMeasureName><UnitOfMeasureSymbol>毫米</UnitOfMeasureSymbol></UnitOfMeasure></CSItem></CSChapter><Filters><Purpose type="Comparison"><Features><Feature code="F400079768" rank="1" referenceName="2 large variable slots for different size of bread (toaster)"/><Feature code="F400079767" rank="2" referenceName="8 browning settings for individual preference (toaster)"/><Feature code="F400079773" rank="3" referenceName="Cancel button to stop toasting at any time (toaster)"/><Feature code="F400079777" rank="4" referenceName="Extra auto shut-off protection (toaster)"/><Feature code="F400079776" rank="5" referenceName="High lift to safely take out smaller pieces (toaster) 2"/><Feature code="F400079770" rank="6" referenceName="Integrated bun rack (toaster)"/><Feature code="F400079771" rank="7" referenceName="Reheat, defrost in one go (toaster)"/><Feature code="F400078025" rank="8" referenceName="Removable crumb tray for easy cleaning (toaster)"/></Features><CSItems><CSItem code="IT4014581" rank="1" referenceName="附件 - 随附"/><CSItem code="IT4010194" rank="2" referenceName="服务 - 2 年全球保修"/><CSItem code="S_0001744" rank="3" referenceName="原产地 - 原产地"/><CSItem code="IT4021672" rank="4" referenceName="重量和尺寸 - 包装尺寸（长x宽x高）"/><CSItem code="IT4002890" rank="5" referenceName="设计和外观 - 颜色"/><CSItem code="IT4005644" rank="6" referenceName="可持续发展 - 用户手册"/><CSItem code="IT4038457" rank="7" referenceName="普通参数 - 烘烤控制级别数"/><CSItem code="IT4038463" rank="8" referenceName="普通参数 - 产品功能"/><CSItem code="IT4038445" rank="9" referenceName="设计和外观 - 机身材料"/><CSItem code="S_0000027" rank="10" referenceName="技术规格 - 频率"/><CSItem code="S_0000022" rank="11" referenceName="技术规格 - 功率"/><CSItem code="S_0000026" rank="12" referenceName="技术规格 - 电压"/></CSItems></Purpose><Purpose type="Detail"><Features><Feature code="F400079768" rank="1" referenceName="2 large variable slots for different size of bread (toaster)"/><Feature code="F400079767" rank="2" referenceName="8 browning settings for individual preference (toaster)"/><Feature code="F400079773" rank="3" referenceName="Cancel button to stop toasting at any time (toaster)"/><Feature code="F400079777" rank="4" referenceName="Extra auto shut-off protection (toaster)"/><Feature code="F400079776" rank="5" referenceName="High lift to safely take out smaller pieces (toaster) 2"/><Feature code="F400079770" rank="6" referenceName="Integrated bun rack (toaster)"/><Feature code="F400079771" rank="7" referenceName="Reheat, defrost in one go (toaster)"/><Feature code="F400078025" rank="8" referenceName="Removable crumb tray for easy cleaning (toaster)"/></Features><CSItems><CSItem code="IT4014581" rank="1" referenceName="附件 - 随附"/><CSItem code="IT4010194" rank="2" referenceName="服务 - 2 年全球保修"/><CSItem code="S_0001744" rank="3" referenceName="原产地 - 原产地"/><CSItem code="IT4021672" rank="4" referenceName="重量和尺寸 - 包装尺寸（长x宽x高）"/><CSItem code="IT4002890" rank="5" referenceName="设计和外观 - 颜色"/><CSItem code="IT4005644" rank="6" referenceName="可持续发展 - 用户手册"/><CSItem code="IT4038457" rank="7" referenceName="普通参数 - 烘烤控制级别数"/><CSItem code="IT4038463" rank="8" referenceName="普通参数 - 产品功能"/><CSItem code="IT4038445" rank="9" referenceName="设计和外观 - 机身材料"/><CSItem code="S_0000027" rank="10" referenceName="技术规格 - 频率"/><CSItem code="S_0000022" rank="11" referenceName="技术规格 - 功率"/><CSItem code="S_0000026" rank="12" referenceName="技术规格 - 电压"/></CSItems></Purpose></Filters><FeatureCompareGroups/><Disclaimers/><RichTexts/></Product></Products>