<?xml version="1.0" encoding="UTF-8"?><Products xmlns:source="http://apache.org/cocoon/source/1.0" DocStatus="approved" DocTimeStamp="2018-03-17T09:27:57"><Product Country="CN" IsAccessory="false" IsMaster="false" Locale="zh_CN" lastModified="2018-03-17T04:29:46" masterLastModified="2017-02-08T23:59:14"><CTN>12360WHVS2</CTN><Code12NC>867000137902</Code12NC><GTIN/><MarketingVersion>4.0.1</MarketingVersion><MarketingStatus>Final Published</MarketingStatus><CRDate>2016-02-05</CRDate><CRDateYW>201606</CRDateYW><ModelYears><ModelYear>2016</ModelYear></ModelYears><ProductDivision><ProductDivisionCode>0100</ProductDivisionCode><ProductDivisionName>Lighting</ProductDivisionName><FormerPDCode>0100</FormerPDCode></ProductDivision><ProductOwner>Marilyne Denis</ProductOwner><DTN>12360WHVS2</DTN><Catalog><StartOfPublication>2016-03-14T00:00:00</StartOfPublication><EndOfPublication>2025-03-14T00:00:00</EndOfPublication><StartOfSales>2016-03-14T00:00:00</StartOfSales><EndOfSales>2025-03-14T00:00:00</EndOfSales><DummyPrice/><Deleted>false</Deleted><DeleteAfterDate/><ProductRank>50</ProductRank></Catalog><FinancialCategorization><BusinessGroupCode>9017</BusinessGroupCode><BusinessGroupName>Lamps and Accessoires</BusinessGroupName><BusinessUnitCode>9102</BusinessUnitCode><BusinessUnitName>Automotive Lamps</BusinessUnitName><MainArticleGroupCode>B10</MainArticleGroupCode><MainArticleGroupName>Halogen/Incandescent Headlighting</MainArticleGroupName><ArticleGroupCode>0809</ArticleGroupCode><ArticleGroupName>Halogen HL bulbs one filament ECE</ArticleGroupName></FinancialCategorization><Categorization type="CONSUMER"><GroupCode>AUTOMOTIVE_GR</GroupCode><GroupName>Automotive</GroupName><CategoryCode>CAR_LIGHTS_CA</CategoryCode><CategoryName>Car lights</CategoryName><SubcategoryCode>CAR_HEADLIGHTS_SU</SubcategoryCode><SubcategoryName>Headlights</SubcategoryName></Categorization><Assets><Asset code="12360WHVS2" description="High Quality product movie 1" extension="mp4" lastModified="2016-10-25" locale="zh_CN" number="001" type="HQ1">http://download.p4c.philips.com/files/1/12360whvs2/12360whvs2_hq1_zhs.mp4</Asset><Asset code="12360WHVS2" description="Leaflet" extension="pdf" lastModified="2018-03-16" locale="zh_CN" number="001" type="PSS">http://download.p4c.philips.com/files/1/12360whvs2/12360whvs2_pss_zhscn.pdf</Asset><Asset code="12360WHVS2" description="Retail Trade Leaflet" extension="pdf" lastModified="2018-03-16" locale="zh_CN" number="001" type="RTL">http://download.p4c.philips.com/files/1/12360whvs2/12360whvs2_rtl_zhscn.pdf</Asset><Asset code="12360WHVS2" description="Emotional benefit photograph - highres 514x514" extension="tif" lastModified="2016-10-25" locale="global" number="001" type="BPP">http://images.philips.com/is/image/PhilipsConsumer/12360WHVS2-BPP-global-001</Asset><Asset code="12360WHVS2" description="Main in-use photograph - highres 2480x1462" extension="tif" lastModified="2016-10-25" locale="global" number="001" type="MI1">http://images.philips.com/is/image/PhilipsConsumer/12360WHVS2-MI1-global-001</Asset><Asset code="12360WHVS2" description="Packaging photograph - highres 1447x756" extension="tif" lastModified="2016-11-24" locale="global" number="001" type="PID">http://images.philips.com/is/image/PhilipsConsumer/12360WHVS2-PID-global-001</Asset><Asset code="12360WHVS2" description="Packaging photograph - master" extension="tif" lastModified="2016-11-24" locale="global" number="001" type="PIM">http://download.p4c.philips.com/files/1/12360whvs2/12360whvs2_pim_.tif</Asset><Asset code="12360WHVS2" description="Packaging photograph - small 90x65" extension="jpg" lastModified="2016-11-24" locale="global" number="001" type="PIS">http://download.p4c.philips.com/files/1/12360whvs2/12360whvs2_pis_.jpg</Asset><Asset code="12360WHVS2" description="Leaflet" extension="pdf" lastModified="2018-03-16" locale="global" number="001" type="PSS">http://download.p4c.philips.com/files/1/12360whvs2/12360whvs2_pss_.pdf</Asset><Asset code="12360WHVS2" description="Standard product photograph - highres 2196x1795" extension="tif" lastModified="2016-09-19" locale="global" number="001" type="RTP">http://images.philips.com/is/image/PhilipsConsumer/12360WHVS2-RTP-global-001</Asset><Asset code="12360WHVS2" description="Product In Use 1 - highres 2196x1795" extension="tif" lastModified="2016-10-25" locale="global" number="001" type="U1P">http://images.philips.com/is/image/PhilipsConsumer/12360WHVS2-U1P-global-001</Asset><Asset code="12360WHVS2" description="Product In Use 2 - highres 2196x1795" extension="tif" lastModified="2016-10-25" locale="global" number="001" type="U2P">http://images.philips.com/is/image/PhilipsConsumer/12360WHVS2-U2P-global-001</Asset><Asset code="12360WHVS2" description="Product in use photograph - highres 2196x1795" extension="tif" lastModified="2016-10-25" locale="global" number="001" type="UPL">http://images.philips.com/is/image/PhilipsConsumer/12360WHVS2-UPL-global-001</Asset><Asset code="12360WHVS2" description="Single product shot" extension="" lastModified="2018-03-17" locale="zh_CN" number="" type="IMS">http://images.philips.com/is/image/PhilipsConsumer/12360WHVS2-IMS-zh_CN</Asset><Asset code="12360WHVS2" description="Product gallery image set" extension="" lastModified="2018-03-17" locale="zh_CN" number="" type="GAL">http://images.philips.com/is/image/PhilipsConsumer/12360WHVS2-GAL-zh_CN</Asset><Asset code="12360WHVS2" description="Product URL" extension="" lastModified="2018-03-17" locale="zh_CN" number="" type="URL">http://www.philips.com.cn/c-p/12360WHVS2/whitevision-headlights</Asset><Asset code="F400068314" description="Feature photograph - highres 2100x1170" extension="tif" lastModified="2014-06-23" locale="global" number="001" type="FIL">http://images.philips.com/is/image/PhilipsConsumer/F400068314-FIL-global-001</Asset><Asset code="F400073953" description="Feature photograph - highres 2100x1170" extension="tif" lastModified="2015-06-02" locale="global" number="001" type="FIL">http://images.philips.com/is/image/PhilipsConsumer/F400073953-FIL-global-001</Asset><Asset code="PHI" description="Brand logo - highres 1476x886" extension="tif" lastModified="2016-02-18" locale="global" number="001" type="BRP">http://images.philips.com/is/image/PhilipsConsumer/PHI-BRP-global-001</Asset></Assets><ProductName>灯泡类型：H8 每包 2 个 12 伏，35 瓦 车灯</ProductName><FullProductName>飞利浦 WhiteVision 车灯 12360WHVS2 灯泡类型：H8 每包 2 个 12 伏，35 瓦</FullProductName><NamingString><MasterBrand><BrandCode>PHI</BrandCode><BrandName>Philips</BrandName></MasterBrand><BrandString>飞利浦</BrandString><Family><FamilyCode>SB40004724</FamilyCode><FamilyName>WhiteVision</FamilyName><FamilyNameUsed>1</FamilyNameUsed></Family><Descriptor><DescriptorCode>D4023342</DescriptorCode><DescriptorName>车灯</DescriptorName></Descriptor><Alphanumeric>12360WHVS2</Alphanumeric><VersionElement1><VersionElementCode>V4043995</VersionElementCode><VersionElementName>灯泡类型：H8</VersionElementName></VersionElement1><VersionElement2><VersionElementCode>V4043914</VersionElementCode><VersionElementName>每包 2 个</VersionElementName></VersionElement2><VersionElement3><VersionElementCode>V4043931</VersionElementCode><VersionElementName>12 伏，35 瓦</VersionElementName></VersionElement3><VersionString>灯泡类型：H8 每包 2 个 12 伏，35 瓦</VersionString><BrandedFeatureString/><DescriptorBrandedFeatureString>车灯</DescriptorBrandedFeatureString></NamingString><WOW>安全从未如此引人瞩目</WOW><SubWOW>明亮的氙气白光效果</SubWOW><MarketingTextHeader>飞利浦亮白光系列灯泡可为汽车车头灯增添明亮的氙气白光效果 (4300K)，带来优越驾驶体验。视野增加 60%，是时尚和安全的完美组合。</MarketingTextHeader><KeyBenefitArea><KeyBenefitAreaCode>K4029046</KeyBenefitAreaCode><KeyBenefitAreaName>最佳可视度，优质光效</KeyBenefitAreaName><KeyBenefitAreaRank>1</KeyBenefitAreaRank><Feature><FeatureCode>F400073953</FeatureCode><FeatureReferenceName>A 4300K driving experience</FeatureReferenceName><FeatureName>4300K 驾驶体验</FeatureName><FeatureLongDescription>明亮的氙气白光效果，带来优质的夜间驾驶体验</FeatureLongDescription><FeatureGlossary>飞利浦亮白光系列车头灯是驾驶员在确保安全的前提下实现时尚驾驶的明智之选。亮白光系列具有接近氙气车头灯的色温和时尚的白色灯帽，在道路上发出的灯光更亮，是车头灯的终极飞跃。飞利浦第 3 代涂层专利技术是至臻完美的杰作，让亮白光系列成为具有真正白光的头款车头灯。</FeatureGlossary><FeatureRank>1</FeatureRank><FeatureTopRank>1</FeatureTopRank></Feature></KeyBenefitArea><KeyBenefitArea><KeyBenefitAreaCode>K4031257</KeyBenefitAreaCode><KeyBenefitAreaName>为汽车提供 4300K 时尚白光</KeyBenefitAreaName><KeyBenefitAreaRank>2</KeyBenefitAreaRank><Feature><FeatureCode>F400073892</FeatureCode><FeatureReferenceName>Crisp white beam - APR</FeatureReferenceName><FeatureName>通透的白光束</FeatureName><FeatureLongDescription>通透光束，高强度白光</FeatureLongDescription><FeatureGlossary>飞利浦亮白光系列车头灯具有 3,700K* 白光（即与标准灯泡相比，白光显著增亮），以通透的白光束照亮前方道路，瞬间消除黑暗。优质光束可带来独特的驾驶体验。</FeatureGlossary><FeatureRank>1</FeatureRank><FeatureTopRank>2</FeatureTopRank></Feature></KeyBenefitArea><KeyBenefitArea><KeyBenefitAreaCode>K4031258</KeyBenefitAreaCode><KeyBenefitAreaName>亮度增强，时尚与安全兼备</KeyBenefitAreaName><KeyBenefitAreaRank>3</KeyBenefitAreaRank><Feature><FeatureCode>F400073893</FeatureCode><FeatureReferenceName>60% more light on the road - APR</FeatureReferenceName><FeatureName>道路上的视野增加 60%</FeatureName><FeatureLongDescription>视野增加达 60%，大幅度提高清晰度</FeatureLongDescription><FeatureGlossary>光束的增长让视野增加 60%*，为您提供深远的行车视野，让您有足够时间对前方道路上的潜在危险作出反应，从而增强安全性。</FeatureGlossary><FeatureRank>1</FeatureRank><FeatureTopRank>3</FeatureTopRank></Feature></KeyBenefitArea><KeyBenefitArea><KeyBenefitAreaCode>K4029048</KeyBenefitAreaCode><KeyBenefitAreaName>驾驶可视性增加 100%</KeyBenefitAreaName><KeyBenefitAreaRank>4</KeyBenefitAreaRank><Feature><FeatureCode>F400068314</FeatureCode><FeatureReferenceName>100% road legal- WhiteVision</FeatureReferenceName><FeatureName>100% 符合道路法规要求</FeatureName><FeatureLongDescription>100% 符合道路法规要求，100% 高强度白光</FeatureLongDescription><FeatureGlossary>亮白光系列是首款经 ECE 认证，并符合道路法规要求的明亮白光型车灯。该产品可通过照亮汽车前方为您提供优良的可视度，确保驾驶安全。</FeatureGlossary><FeatureRank>1</FeatureRank><FeatureTopRank>4</FeatureTopRank></Feature><Feature><FeatureCode>F400068559</FeatureCode><FeatureReferenceName>High quality, high resistance</FeatureReferenceName><FeatureName>高品质，高耐用性</FeatureName><FeatureLongDescription>飞利浦汽车灯具有高耐用性</FeatureLongDescription><FeatureGlossary>紫外线石英玻璃强于硬质玻璃，高度耐受极限温度且高度抗震，消除了爆裂的风险。飞利浦紫外线石英玻璃汽车灯可承受的灯内压力更大，从而产生更强的光照，并延长使用寿命。</FeatureGlossary><FeatureRank>2</FeatureRank><FeatureTopRank>5</FeatureTopRank></Feature><Feature><FeatureCode>F400068315</FeatureCode><FeatureReferenceName>The car manufacturers' choice- WhiteVision</FeatureReferenceName><FeatureName>汽车制造商的选择</FeatureName><FeatureLongDescription>飞利浦是主要汽车制造商的选择</FeatureLongDescription><FeatureGlossary>近100年来，飞利浦的技术创新一直引领汽车照明市场，推动行业技术的不断变革与发展。目前，欧洲每两辆汽车、全球每三辆汽车中就有一辆采用飞利浦汽车照明解决方案。</FeatureGlossary><FeatureRank>3</FeatureRank><FeatureTopRank>6</FeatureTopRank></Feature></KeyBenefitArea><FeatureImage><FeatureCode>F400073953</FeatureCode><FeatureReferenceName>A 4300K driving experience</FeatureReferenceName><FeatureImageRank>1</FeatureImageRank></FeatureImage><FeatureImage><FeatureCode>F400073892</FeatureCode><FeatureReferenceName>Crisp white beam - APR</FeatureReferenceName><FeatureImageRank>2</FeatureImageRank></FeatureImage><FeatureImage><FeatureCode>F400073893</FeatureCode><FeatureReferenceName>60% more light on the road - APR</FeatureReferenceName><FeatureImageRank>3</FeatureImageRank></FeatureImage><FeatureImage><FeatureCode>F400068314</FeatureCode><FeatureReferenceName>100% road legal- WhiteVision</FeatureReferenceName><FeatureImageRank>4</FeatureImageRank></FeatureImage><FeatureImage><FeatureCode>F400068559</FeatureCode><FeatureReferenceName>High quality, high resistance</FeatureReferenceName><FeatureImageRank>5</FeatureImageRank></FeatureImage><FeatureImage><FeatureCode>F400068315</FeatureCode><FeatureReferenceName>The car manufacturers' choice- WhiteVision</FeatureReferenceName><FeatureImageRank>6</FeatureImageRank></FeatureImage><FeatureHighlight><FeatureCode>F400073953</FeatureCode><FeatureReferenceName>A 4300K driving experience</FeatureReferenceName><FeatureHighlightRank>1</FeatureHighlightRank></FeatureHighlight><FeatureHighlight><FeatureCode>F400073892</FeatureCode><FeatureReferenceName>Crisp white beam - APR</FeatureReferenceName><FeatureHighlightRank>2</FeatureHighlightRank></FeatureHighlight><FeatureHighlight><FeatureCode>F400073893</FeatureCode><FeatureReferenceName>60% more light on the road - APR</FeatureReferenceName><FeatureHighlightRank>3</FeatureHighlightRank></FeatureHighlight><FeatureHighlight><FeatureCode>F400068314</FeatureCode><FeatureReferenceName>100% road legal- WhiteVision</FeatureReferenceName><FeatureHighlightRank>4</FeatureHighlightRank></FeatureHighlight><FeatureHighlight><FeatureCode>F400068559</FeatureCode><FeatureReferenceName>High quality, high resistance</FeatureReferenceName><FeatureHighlightRank>5</FeatureHighlightRank></FeatureHighlight><FeatureHighlight><FeatureCode>F400068315</FeatureCode><FeatureReferenceName>The car manufacturers' choice- WhiteVision</FeatureReferenceName><FeatureHighlightRank>6</FeatureHighlightRank></FeatureHighlight><CSChapter><CSChapterCode>CH4006466</CSChapterCode><CSChapterName>产品描述</CSChapterName><CSChapterRank>1</CSChapterRank><CSItem><CSItemCode>IT4031500</CSItemCode><CSItemName>技术</CSItemName><CSItemRank>2</CSItemRank><CSItemIsFreeFormat>0</CSItemIsFreeFormat><CSValue><CSValueCode>VA4071791</CSValueCode><CSValueName>卤素灯</CSValueName><CSValueRank>1</CSValueRank></CSValue></CSItem><CSItem><CSItemCode>IT4031508</CSItemCode><CSItemName>类型</CSItemName><CSItemRank>7</CSItemRank><CSItemIsFreeFormat>0</CSItemIsFreeFormat><CSValue><CSValueCode>VA4071818</CSValueCode><CSValueName>H8</CSValueName><CSValueRank>17</CSValueRank></CSValue></CSItem><CSItem><CSItemCode>IT4031519</CSItemCode><CSItemName>范围</CSItemName><CSItemRank>10</CSItemRank><CSItemIsFreeFormat>0</CSItemIsFreeFormat><CSValue><CSValueCode>VA4079933</CSValueCode><CSValueName>亮白光</CSValueName><CSValueRank>8</CSValueRank></CSValue></CSItem><CSItem><CSItemCode>IT4031517</CSItemCode><CSItemName>应用</CSItemName><CSItemRank>12</CSItemRank><CSItemIsFreeFormat>0</CSItemIsFreeFormat><CSValue><CSValueCode>VA4071898</CSValueCode><CSValueName>远光灯</CSValueName><CSValueRank>2</CSValueRank></CSValue><CSValue><CSValueCode>VA4071899</CSValueCode><CSValueName>近光灯</CSValueName><CSValueRank>6</CSValueRank></CSValue><CSValue><CSValueCode>VA4079883</CSValueCode><CSValueName>附加远光灯</CSValueName><CSValueRank>10</CSValueRank></CSValue><CSValue><CSValueCode>VA4071900</CSValueCode><CSValueName>前雾灯</CSValueName><CSValueRank>13</CSValueRank></CSValue></CSItem><CSItem><CSItemCode>IT4031518</CSItemCode><CSItemName>规格</CSItemName><CSItemRank>13</CSItemRank><CSItemIsFreeFormat>0</CSItemIsFreeFormat><CSValue><CSValueCode>VA4094488</CSValueCode><CSValueName>H8 亮白光系列</CSValueName><CSValueRank>18</CSValueRank></CSValue></CSItem><CSItem><CSItemCode>IT4031521</CSItemCode><CSItemName>ECE 认证</CSItemName><CSItemRank>14</CSItemRank><CSItemIsFreeFormat>0</CSItemIsFreeFormat><CSValue><CSValueCode>VA4072195</CSValueCode><CSValueName>是</CSValueName><CSValueRank>5</CSValueRank></CSValue></CSItem><CSItem><CSItemCode>IT4031520</CSItemCode><CSItemName>基座</CSItemName><CSItemRank>15</CSItemRank><CSItemIsFreeFormat>0</CSItemIsFreeFormat><CSValue><CSValueCode>VA4072138</CSValueCode><CSValueName>PGJ19-2</CSValueName><CSValueRank>16</CSValueRank></CSValue></CSItem></CSChapter><CSChapter><CSChapterCode>CH4006521</CSChapterCode><CSChapterName>电子特性</CSChapterName><CSChapterRank>2</CSChapterRank><CSItem><CSItemCode>IT4031552</CSItemCode><CSItemName>电压</CSItemName><CSItemRank>1</CSItemRank><CSItemIsFreeFormat>0</CSItemIsFreeFormat><CSValue><CSValueCode>VA4073723</CSValueCode><CSValueName>12</CSValueName><CSValueRank>3</CSValueRank></CSValue><UnitOfMeasure><UnitOfMeasureCode>3000071</UnitOfMeasureCode><UnitOfMeasureName>伏</UnitOfMeasureName><UnitOfMeasureSymbol>伏</UnitOfMeasureSymbol></UnitOfMeasure></CSItem><CSItem><CSItemCode>IT4031551</CSItemCode><CSItemName>额定功率</CSItemName><CSItemRank>5</CSItemRank><CSItemIsFreeFormat>0</CSItemIsFreeFormat><CSValue><CSValueCode>VA4076381</CSValueCode><CSValueName>35</CSValueName><CSValueRank>12</CSValueRank></CSValue><UnitOfMeasure><UnitOfMeasureCode>3000072</UnitOfMeasureCode><UnitOfMeasureName>瓦特</UnitOfMeasureName><UnitOfMeasureSymbol>瓦</UnitOfMeasureSymbol></UnitOfMeasure></CSItem></CSChapter><CSChapter><CSChapterCode>CH4005203</CSChapterCode><CSChapterName>灯光特征</CSChapterName><CSChapterRank>3</CSChapterRank><CSItem><CSItemCode>IT4031654</CSItemCode><CSItemName>色温</CSItemName><CSItemRank>9</CSItemRank><CSItemIsFreeFormat>0</CSItemIsFreeFormat><CSValue><CSValueCode>VA4082989</CSValueCode><CSValueName>高达 4300 K</CSValueName><CSValueRank>14</CSValueRank></CSValue><UnitOfMeasure><UnitOfMeasureCode>4000041</UnitOfMeasureCode><UnitOfMeasureName>K</UnitOfMeasureName><UnitOfMeasureSymbol>K</UnitOfMeasureSymbol></UnitOfMeasure></CSItem></CSChapter><CSChapter><CSChapterCode>CH4006484</CSChapterCode><CSChapterName>订购信息</CSChapterName><CSChapterRank>4</CSChapterRank><CSItem><CSItemCode>IT4035592</CSItemCode><CSItemName>订单输入</CSItemName><CSItemRank>11</CSItemRank><CSItemIsFreeFormat>1</CSItemIsFreeFormat><CSValue><CSValueCode>VA4082925</CSValueCode><CSValueName>12360WHVS2</CSValueName><CSValueRank>1</CSValueRank></CSValue></CSItem></CSChapter><CSChapter><CSChapterCode>3001177</CSChapterCode><CSChapterName>包装数据</CSChapterName><CSChapterRank>5</CSChapterRank><CSItem><CSItemCode>IT4000721</CSItemCode><CSItemName>包装类型</CSItemName><CSItemRank>3</CSItemRank><CSItemIsFreeFormat>0</CSItemIsFreeFormat><CSValue><CSValueCode>VA4082432</CSValueCode><CSValueName>S2A</CSValueName><CSValueRank>15</CSValueRank></CSValue></CSItem></CSChapter><CSChapter><CSChapterCode>CH4006461</CSChapterCode><CSChapterName>市场规格</CSChapterName><CSChapterRank>6</CSChapterRank><CSItem><CSItemCode>IT4031492</CSItemCode><CSItemName>使用效果</CSItemName><CSItemRank>4</CSItemRank><CSItemIsFreeFormat>0</CSItemIsFreeFormat><CSValue><CSValueCode>VA4071778</CSValueCode><CSValueName>风格</CSValueName><CSValueRank>7</CSValueRank></CSValue></CSItem><CSItem><CSItemCode>IT4031498</CSItemCode><CSItemName>产品亮点</CSItemName><CSItemRank>8</CSItemRank><CSItemIsFreeFormat>0</CSItemIsFreeFormat><CSValue><CSValueCode>VA4082403</CSValueCode><CSValueName>4300K</CSValueName><CSValueRank>4</CSValueRank></CSValue><CSValue><CSValueCode>VA4083595</CSValueCode><CSValueName>明亮的氙气白光效果</CSValueName><CSValueRank>9</CSValueRank></CSValue></CSItem></CSChapter><Filters><Purpose type="Comparison"><Features><Feature code="F400073953" rank="1" referenceName="A 4300K driving experience"/><Feature code="F400073892" rank="2" referenceName="Crisp white beam - APR"/><Feature code="F400073893" rank="3" referenceName="60% more light on the road - APR"/><Feature code="F400068314" rank="4" referenceName="100% road legal- WhiteVision"/><Feature code="F400068559" rank="5" referenceName="High quality, high resistance"/><Feature code="F400068315" rank="6" referenceName="The car manufacturers' choice- WhiteVision"/></Features><CSItems><CSItem code="IT4031552" rank="1" referenceName="电子特性 - 电压"/><CSItem code="IT4031500" rank="2" referenceName="产品描述 - 技术"/><CSItem code="IT4000721" rank="3" referenceName="包装数据 - 包装类型"/><CSItem code="IT4031492" rank="4" referenceName="市场规格 - 使用效果"/><CSItem code="IT4031551" rank="5" referenceName="电子特性 - 额定功率"/><CSItem code="IT4031508" rank="7" referenceName="产品描述 - 类型"/><CSItem code="IT4031498" rank="8" referenceName="市场规格 - 产品亮点"/><CSItem code="IT4031654" rank="9" referenceName="灯光特征 - 色温"/><CSItem code="IT4031519" rank="10" referenceName="产品描述 - 范围"/><CSItem code="IT4035592" rank="11" referenceName="订购信息 - 订单输入"/><CSItem code="IT4031517" rank="12" referenceName="产品描述 - 应用"/><CSItem code="IT4031518" rank="13" referenceName="产品描述 - 规格"/><CSItem code="IT4031521" rank="14" referenceName="产品描述 - ECE 认证"/><CSItem code="IT4031520" rank="15" referenceName="产品描述 - 基座"/></CSItems></Purpose><Purpose type="Detail"><Features><Feature code="F400073953" rank="1" referenceName="A 4300K driving experience"/><Feature code="F400073892" rank="2" referenceName="Crisp white beam - APR"/><Feature code="F400073893" rank="3" referenceName="60% more light on the road - APR"/><Feature code="F400068314" rank="4" referenceName="100% road legal- WhiteVision"/><Feature code="F400068559" rank="5" referenceName="High quality, high resistance"/><Feature code="F400068315" rank="6" referenceName="The car manufacturers' choice- WhiteVision"/></Features><CSItems><CSItem code="IT4031552" rank="1" referenceName="电子特性 - 电压"/><CSItem code="IT4031500" rank="2" referenceName="产品描述 - 技术"/><CSItem code="IT4000721" rank="3" referenceName="包装数据 - 包装类型"/><CSItem code="IT4031492" rank="4" referenceName="市场规格 - 使用效果"/><CSItem code="IT4031551" rank="5" referenceName="电子特性 - 额定功率"/><CSItem code="IT4031508" rank="7" referenceName="产品描述 - 类型"/><CSItem code="IT4031498" rank="8" referenceName="市场规格 - 产品亮点"/><CSItem code="IT4031654" rank="9" referenceName="灯光特征 - 色温"/><CSItem code="IT4031519" rank="10" referenceName="产品描述 - 范围"/><CSItem code="IT4035592" rank="11" referenceName="订购信息 - 订单输入"/><CSItem code="IT4031517" rank="12" referenceName="产品描述 - 应用"/><CSItem code="IT4031518" rank="13" referenceName="产品描述 - 规格"/><CSItem code="IT4031521" rank="14" referenceName="产品描述 - ECE 认证"/><CSItem code="IT4031520" rank="15" referenceName="产品描述 - 基座"/></CSItems></Purpose></Filters><FeatureCompareGroups/><Disclaimers><Disclaimer code="DIS40006761" rank="1" referenceName="Compared to standard halogen lamps"><DisclaimerText>与标准卤素灯比较</DisclaimerText><DisclaimElements/></Disclaimer><Disclaimer code="DIS40006762" rank="2" referenceName="Application varies per bulb type"><DisclaimerText>* 适用于多种灯光类型</DisclaimerText><DisclaimElements/></Disclaimer></Disclaimers><RichTexts/></Product></Products>