<?xml version="1.0" encoding="UTF-8"?><Products xmlns:source="http://apache.org/cocoon/source/1.0" DocStatus="approved" DocTimeStamp="2018-03-17T09:27:57"><Product Country="CN" IsAccessory="false" IsMaster="false" Locale="zh_CN" lastModified="2018-03-16T05:02:34" masterLastModified="2017-12-30T00:34:09"><CTN>AC2888/00</CTN><GTIN>06923410751192</GTIN><MarketingVersion>6.3.1</MarketingVersion><MarketingStatus>Final Published</MarketingStatus><CRDate>2016-05-06</CRDate><CRDateYW>201619</CRDateYW><ModelYears><ModelYear>2016</ModelYear></ModelYears><ProductDivision><ProductDivisionCode>0200</ProductDivisionCode><ProductDivisionName>Consumer Lifestyle</ProductDivisionName><FormerPDCode>0300</FormerPDCode></ProductDivision><ProductOwner>Chantal Van Der Vorst</ProductOwner><DTN>AC2888/00</DTN><Catalog><StartOfPublication>2016-05-16T00:00:00</StartOfPublication><EndOfPublication>2020-10-31T00:00:00</EndOfPublication><StartOfSales>2016-05-16T00:00:00</StartOfSales><EndOfSales>2020-10-31T00:00:00</EndOfSales><DummyPrice>2399</DummyPrice><Deleted>false</Deleted><DeleteAfterDate/><ProductRank>76</ProductRank></Catalog><FinancialCategorization><BusinessGroupCode>9042</BusinessGroupCode><BusinessGroupName>Domestic Appliances</BusinessGroupName><BusinessUnitCode>0353</BusinessUnitCode><BusinessUnitName>Air</BusinessUnitName><MainArticleGroupCode>E92</MainArticleGroupCode><MainArticleGroupName>Air Cleaners</MainArticleGroupName><ArticleGroupCode>3402</ArticleGroupCode><ArticleGroupName>Air Cleaners</ArticleGroupName></FinancialCategorization><Categorization type="CONSUMER"><GroupCode>HOUSEHOLD_PRODUCTS_GR</GroupCode><GroupName>Household products</GroupName><CategoryCode>AIR_PURIFIER_CA</CategoryCode><CategoryName>Air purifier and Air humidifier</CategoryName><SubcategoryCode>AIR_PURIFIER_SU</SubcategoryCode><SubcategoryName>Air Purifier</SubcategoryName></Categorization><Assets><Asset code="AC2888_00" description="User manual" extension="pdf" lastModified="2018-02-01" locale="zh_CN" number="001" type="DFU">http://download.p4c.philips.com/files/a/ac2888_00/ac2888_00_dfu_zhs.pdf</Asset><Asset code="AC2888_00" description="High Quality product movie 3" extension="mp4" lastModified="2017-02-28" locale="zh_CN" number="001" type="HQ3">http://download.p4c.philips.com/files/a/ac2888_00/ac2888_00_hq3_zhs.mp4</Asset><Asset code="AC2888_00" description="High Quality product movie 4" extension="mp4" lastModified="2017-02-28" locale="zh_CN" number="001" type="HQ4">http://download.p4c.philips.com/files/a/ac2888_00/ac2888_00_hq4_zhs.mp4</Asset><Asset code="AC2888_00" description="High Quality product movie 5" extension="mp4" lastModified="2017-03-06" locale="zh_CN" number="001" type="HQ5">http://download.p4c.philips.com/files/a/ac2888_00/ac2888_00_hq5_zhs.mp4</Asset><Asset code="AC2888_00" description="Product movie 4" extension="flv" lastModified="2017-02-28" locale="zh_CN" number="001" type="PM4">http://download.p4c.philips.com/files/a/ac2888_00/ac2888_00_pm4_zhs.flv</Asset><Asset code="AC2888_00" description="Product movie 5" extension="flv" lastModified="2017-02-28" locale="zh_CN" number="001" type="PM5">http://download.p4c.philips.com/files/a/ac2888_00/ac2888_00_pm5_zhs.flv</Asset><Asset code="AC2888_00" description="Leaflet" extension="pdf" lastModified="2018-01-05" locale="zh_CN" number="001" type="PSS">http://download.p4c.philips.com/files/a/ac2888_00/ac2888_00_pss_zhscn.pdf</Asset><Asset code="AC2888_00" description="Retail Trade Leaflet" extension="pdf" lastModified="2018-01-05" locale="zh_CN" number="001" type="RTL">http://download.p4c.philips.com/files/a/ac2888_00/ac2888_00_rtl_zhscn.pdf</Asset><Asset code="AC2888_00" description="Product detail 1 - highres 2196x1795" extension="tif" lastModified="2016-04-07" locale="global" number="001" type="D1P">http://images.philips.com/is/image/PhilipsConsumer/AC2888_00-D1P-global-001</Asset><Asset code="AC2888_00" description="Product detail 2 - highres 2196x1795" extension="tif" lastModified="2016-04-07" locale="global" number="001" type="D2P">http://images.philips.com/is/image/PhilipsConsumer/AC2888_00-D2P-global-001</Asset><Asset code="AC2888_00" description="Product detail 3 - highres 2196x1795" extension="tif" lastModified="2016-04-07" locale="global" number="001" type="D3P">http://images.philips.com/is/image/PhilipsConsumer/AC2888_00-D3P-global-001</Asset><Asset code="AC2888_00" description="Product detail 4 - highres 2196x1795" extension="tif" lastModified="2016-09-26" locale="global" number="001" type="D4P">http://images.philips.com/is/image/PhilipsConsumer/AC2888_00-D4P-global-001</Asset><Asset code="AC2888_00" description="Product detail 5 - highres 2196x1795" extension="tif" lastModified="2016-09-26" locale="global" number="001" type="D5P">http://images.philips.com/is/image/PhilipsConsumer/AC2888_00-D5P-global-001</Asset><Asset code="AC2888_00" description="Product detail photograph - highres 2196x2196" extension="tif" lastModified="2017-09-23" locale="global" number="001" type="DPP">http://images.philips.com/is/image/PhilipsConsumer/AC2888_00-DPP-global-001</Asset><Asset code="AC2888_00" description="Emotional Benefit 1 - highres 2196x1795" extension="tif" lastModified="2018-03-09" locale="global" number="001" type="E1P">http://images.philips.com/is/image/PhilipsConsumer/AC2888_00-E1P-global-001</Asset><Asset code="AC2888_00" description="Emotional Benefit 2 - highres 2196x1795" extension="tif" lastModified="2018-03-14" locale="global" number="001" type="E2P">http://images.philips.com/is/image/PhilipsConsumer/AC2888_00-E2P-global-001</Asset><Asset code="AC2888_00" description="Emotional Benefit 3 - highres 2196x1795" extension="tif" lastModified="2016-09-26" locale="global" number="001" type="E3P">http://images.philips.com/is/image/PhilipsConsumer/AC2888_00-E3P-global-001</Asset><Asset code="AC2888_00" description="Emotional Benefit 4 - highres 2196x1795" extension="tif" lastModified="2016-09-26" locale="global" number="001" type="E4P">http://images.philips.com/is/image/PhilipsConsumer/AC2888_00-E4P-global-001</Asset><Asset code="AC2888_00" description="Main in-use photograph - highres 2480x1462" extension="tif" lastModified="2016-05-09" locale="global" number="001" type="MI1">http://images.philips.com/is/image/PhilipsConsumer/AC2888_00-MI1-global-001</Asset><Asset code="AC2888_00" description="Leaflet" extension="pdf" lastModified="2017-12-30" locale="global" number="001" type="PSS">http://download.p4c.philips.com/files/a/ac2888_00/ac2888_00_pss_.pdf</Asset><Asset code="AC2888_00" description="Standard product photograph - highres 2196x1795" extension="tif" lastModified="2016-05-12" locale="global" number="001" type="RTP">http://images.philips.com/is/image/PhilipsConsumer/AC2888_00-RTP-global-001</Asset><Asset code="AC2888_00" description="Product In Use 1 - highres 2196x1795" extension="tif" lastModified="2016-09-26" locale="global" number="001" type="U1P">http://images.philips.com/is/image/PhilipsConsumer/AC2888_00-U1P-global-001</Asset><Asset code="AC2888_00" description="Product In Use 2 - highres 2196x1795" extension="tif" lastModified="2016-09-26" locale="global" number="001" type="U2P">http://images.philips.com/is/image/PhilipsConsumer/AC2888_00-U2P-global-001</Asset><Asset code="AC2888_00" description="Product In Use 3 - highres 2196x1795" extension="tif" lastModified="2016-09-26" locale="global" number="001" type="U3P">http://images.philips.com/is/image/PhilipsConsumer/AC2888_00-U3P-global-001</Asset><Asset code="AC2888_00" description="Product in use photograph - highres 2196x1795" extension="tif" lastModified="2016-04-07" locale="global" number="001" type="UPL">http://images.philips.com/is/image/PhilipsConsumer/AC2888_00-UPL-global-001</Asset><Asset code="AC2888_00" description="Single product shot" extension="" lastModified="2018-03-16" locale="zh_CN" number="" type="IMS">http://images.philips.com/is/image/PhilipsConsumer/AC2888_00-IMS-zh_CN</Asset><Asset code="AC2888_00" description="Product gallery image set" extension="" lastModified="2018-03-16" locale="zh_CN" number="" type="GAL">http://images.philips.com/is/image/PhilipsConsumer/AC2888_00-GAL-zh_CN</Asset><Asset code="AC2888_00" description="Product URL" extension="" lastModified="2018-03-16" locale="zh_CN" number="" type="URL">http://www.philips.com.cn/c-p/AC2888_00/air-cleaner</Asset><Asset code="F400078710" description="Feature logo - highres 331x213" extension="tif" lastModified="2016-07-11" locale="global" number="001" type="FLP">http://images.philips.com/is/image/PhilipsConsumer/F400078710-FLP-global-001</Asset><Asset code="F400078712" description="Feature photograph - highres 2100x1170" extension="tif" lastModified="2016-05-12" locale="global" number="001" type="FIL">http://images.philips.com/is/image/PhilipsConsumer/F400078712-FIL-global-001</Asset><Asset code="F400078714" description="Feature photograph - highres 2100x1170" extension="tif" lastModified="2016-05-12" locale="global" number="001" type="FIL">http://images.philips.com/is/image/PhilipsConsumer/F400078714-FIL-global-001</Asset><Asset code="F400078715" description="Feature photograph - highres 2100x1170" extension="tif" lastModified="2016-05-12" locale="global" number="001" type="FIL">http://images.philips.com/is/image/PhilipsConsumer/F400078715-FIL-global-001</Asset><Asset code="F400080537" description="Feature photograph - highres 2100x1170" extension="tif" lastModified="2016-09-20" locale="global" number="001" type="FIL">http://images.philips.com/is/image/PhilipsConsumer/F400080537-FIL-global-001</Asset><Asset code="GA_GREEN" description="needs to be blocked as code in CCR Global award logo - master" extension="eps" lastModified="2010-09-22" locale="global" number="001" type="GAL">GA_GREEN-GAL-global-001.eps</Asset><Asset code="GA_GREEN" description="Global award logo - highres 590x590" extension="tif" lastModified="2010-09-22" locale="global" number="001" type="GAP">http://images.philips.com/is/image/PhilipsConsumer/GA_GREEN-GAP-global-001</Asset><Asset code="PHI" description="Brand logo - highres 1476x886" extension="tif" lastModified="2016-02-18" locale="global" number="001" type="BRP">http://images.philips.com/is/image/PhilipsConsumer/PHI-BRP-global-001</Asset></Assets><ProductName>24-41 平方米房间面积空气净化器</ProductName><FullProductName>飞利浦 空气净化器 AC2888/00 颗粒物 CADR*：344 m³/h 颗粒物 CCM*: P4</FullProductName><NamingString><MasterBrand><BrandCode>PHI</BrandCode><BrandName>Philips</BrandName></MasterBrand><BrandString>飞利浦</BrandString><Descriptor><DescriptorCode>D4026794</DescriptorCode><DescriptorName>空气净化器</DescriptorName></Descriptor><Alphanumeric>AC2888/00</Alphanumeric><VersionElement1><VersionElementCode>V4042307</VersionElementCode><VersionElementName>颗粒物 CADR*：344 m³/h</VersionElementName></VersionElement1><VersionElement2><VersionElementCode>V4042308</VersionElementCode><VersionElementName>颗粒物 CCM*: P4</VersionElementName></VersionElement2><VersionString>颗粒物 CADR*：344 m³/h 颗粒物 CCM*: P4</VersionString><BrandedFeatureString/></NamingString><WOW>长久保护，持久健康</WOW><SubWOW>AeraSense，让看不见的东西现身</SubWOW><MarketingTextHeader>AeraSense 是一项创新技术，可媲美专业传感器的准确性和性能。它能够检测比 PM2.5 还要小的有害颗粒物，确保净化器根据净化空气输出量进行调整，并提供实时反馈。</MarketingTextHeader><KeyBenefitArea><KeyBenefitAreaCode>K4032884</KeyBenefitAreaCode><KeyBenefitAreaName>始终如一的出色性能</KeyBenefitAreaName><KeyBenefitAreaRank>1</KeyBenefitAreaRank><Feature><FeatureCode>F400078710</FeatureCode><FeatureReferenceName>AeraSense technology</FeatureReferenceName><FeatureName>AeraSense 灵智感应技术</FeatureName><FeatureLongDescription>自动监测、作出反应并净化空气</FeatureLongDescription><FeatureGlossary>AeraSense 传感器可以准确识别小于 PM2.5 的微小颗粒（包括最常见的室内空气传播过敏原）。然后它对信息进行处理以确保净化器的设置是适合当前空气状况的理想级别，并持续确保这一级别。再通过显示 PM2.5 水平实时反馈室内空气质量。</FeatureGlossary><FeatureRank>1</FeatureRank><FeatureTopRank>1</FeatureTopRank></Feature><Feature><FeatureCode>F400078711</FeatureCode><FeatureReferenceName>VitaShield IPS technology (comfort)</FeatureReferenceName><FeatureName>VitaShield 微护盾技术</FeatureName><FeatureLongDescription>VitaShield 自然地净化小至 0.02 微米的 UFP</FeatureLongDescription><FeatureGlossary>VitaShield 微护盾及其空气动力学设计和 NanoProtect 滤网能提供增强流动的洁净空气，速率高达 344 立方米/小时*（根据中国 GB/T 18801-2015）。它可有效地去除小至 20 纳米的微小颗粒，有效减少有害气体，例如甲醛、总挥发性有机物和气味。去除高达 99.9% 的细菌和病毒*。</FeatureGlossary><FeatureRank>2</FeatureRank><FeatureTopRank>2</FeatureTopRank></Feature><Feature><FeatureCode>F400078760</FeatureCode><FeatureReferenceName>Aerodynamic design (Air 2000 series)</FeatureReferenceName><FeatureName>空气动力学设计</FeatureName><FeatureLongDescription>空气动力学架构促进了高效的气流</FeatureLongDescription><FeatureGlossary>空气动力学架构促进了高效的气流</FeatureGlossary><FeatureRank>4</FeatureRank><FeatureTopRank>6</FeatureTopRank></Feature><Feature><FeatureCode>F400080537</FeatureCode><FeatureReferenceName>3 auto modes</FeatureReferenceName><FeatureName>3 种自动模式</FeatureName><FeatureLongDescription>3 种自动模式：通用、过敏原、细菌和病毒</FeatureLongDescription><FeatureGlossary>飞利浦空气净化器具有 3 种自动净化设置：通用模式、敏感的去过敏原模式和功能强大的去细菌和病毒模式。您可以选择您的适合模式来个性化和优化您的净化。</FeatureGlossary><FeatureRank>3</FeatureRank><FeatureTopRank>7</FeatureTopRank></Feature></KeyBenefitArea><KeyBenefitArea><KeyBenefitAreaCode>K4033102</KeyBenefitAreaCode><KeyBenefitAreaName>持久的清洁空气效果让您安心</KeyBenefitAreaName><KeyBenefitAreaRank>2</KeyBenefitAreaRank><Feature><FeatureCode>F400078712</FeatureCode><FeatureReferenceName>Real time feedback</FeatureReferenceName><FeatureName>实时反馈</FeatureName><FeatureLongDescription>实时室内 PM2.5 数字反馈</FeatureLongDescription><FeatureGlossary>数字 PM2.5 指示器和 4 级颜色环提供室内空气质量的实时反馈。</FeatureGlossary><FeatureRank>1</FeatureRank><FeatureTopRank>3</FeatureTopRank></Feature></KeyBenefitArea><KeyBenefitArea><KeyBenefitAreaCode>K4032886</KeyBenefitAreaCode><KeyBenefitAreaName>专为更佳的用户体验而设计</KeyBenefitAreaName><KeyBenefitAreaRank>3</KeyBenefitAreaRank><Feature><FeatureCode>F400078714</FeatureCode><FeatureReferenceName>Low noise (air 2000 series)</FeatureReferenceName><FeatureName>低噪音</FeatureName><FeatureLongDescription>睡眠模式下噪音低 (20.5dba) - 像在低声耳语一样</FeatureLongDescription><FeatureGlossary>处于静音模式时，净化器会调低其风扇速度和噪音级别，以保证舒适的夜间睡眠。</FeatureGlossary><FeatureRank>1</FeatureRank><FeatureTopRank>4</FeatureTopRank></Feature><Feature><FeatureCode>F400078715</FeatureCode><FeatureReferenceName>Smart light control</FeatureReferenceName><FeatureName>智能灯光控制</FeatureName><FeatureLongDescription>智能灯光控制：调节灯光以适应您的偏好</FeatureLongDescription><FeatureGlossary>AQI 和用户界面上的指示灯可以调暗和/或关闭，以避免灯光干扰消费者。</FeatureGlossary><FeatureRank>2</FeatureRank><FeatureTopRank>5</FeatureTopRank></Feature></KeyBenefitArea><FeatureImage><FeatureCode>F400078710</FeatureCode><FeatureReferenceName>AeraSense technology</FeatureReferenceName><FeatureImageRank>1</FeatureImageRank></FeatureImage><FeatureImage><FeatureCode>F400078711</FeatureCode><FeatureReferenceName>VitaShield IPS technology (comfort)</FeatureReferenceName><FeatureImageRank>2</FeatureImageRank></FeatureImage><FeatureImage><FeatureCode>F400078712</FeatureCode><FeatureReferenceName>Real time feedback</FeatureReferenceName><FeatureImageRank>3</FeatureImageRank></FeatureImage><FeatureImage><FeatureCode>F400078714</FeatureCode><FeatureReferenceName>Low noise (air 2000 series)</FeatureReferenceName><FeatureImageRank>4</FeatureImageRank></FeatureImage><FeatureImage><FeatureCode>F400078715</FeatureCode><FeatureReferenceName>Smart light control</FeatureReferenceName><FeatureImageRank>5</FeatureImageRank></FeatureImage><FeatureImage><FeatureCode>F400078760</FeatureCode><FeatureReferenceName>Aerodynamic design (Air 2000 series)</FeatureReferenceName><FeatureImageRank>6</FeatureImageRank></FeatureImage><FeatureImage><FeatureCode>F400080537</FeatureCode><FeatureReferenceName>3 auto modes</FeatureReferenceName><FeatureImageRank>7</FeatureImageRank></FeatureImage><FeatureHighlight><FeatureCode>F400078710</FeatureCode><FeatureReferenceName>AeraSense technology</FeatureReferenceName><FeatureHighlightRank>1</FeatureHighlightRank></FeatureHighlight><FeatureHighlight><FeatureCode>F400078711</FeatureCode><FeatureReferenceName>VitaShield IPS technology (comfort)</FeatureReferenceName><FeatureHighlightRank>2</FeatureHighlightRank></FeatureHighlight><FeatureHighlight><FeatureCode>F400078712</FeatureCode><FeatureReferenceName>Real time feedback</FeatureReferenceName><FeatureHighlightRank>3</FeatureHighlightRank></FeatureHighlight><FeatureHighlight><FeatureCode>F400078714</FeatureCode><FeatureReferenceName>Low noise (air 2000 series)</FeatureReferenceName><FeatureHighlightRank>4</FeatureHighlightRank></FeatureHighlight><FeatureHighlight><FeatureCode>F400078715</FeatureCode><FeatureReferenceName>Smart light control</FeatureReferenceName><FeatureHighlightRank>5</FeatureHighlightRank></FeatureHighlight><FeatureHighlight><FeatureCode>F400078760</FeatureCode><FeatureReferenceName>Aerodynamic design (Air 2000 series)</FeatureReferenceName><FeatureHighlightRank>6</FeatureHighlightRank></FeatureHighlight><FeatureHighlight><FeatureCode>F400080537</FeatureCode><FeatureReferenceName>3 auto modes</FeatureReferenceName><FeatureHighlightRank>7</FeatureHighlightRank></FeatureHighlight><CSChapter><CSChapterCode>CHA_0000020</CSChapterCode><CSChapterName>设计和外观</CSChapterName><CSChapterRank>1</CSChapterRank><CSItem><CSItemCode>IT4038444</CSItemCode><CSItemName>空气质量感应器</CSItemName><CSItemRank>1</CSItemRank><CSItemIsFreeFormat>1</CSItemIsFreeFormat><CSValue><CSValueCode>VA4089389</CSValueCode><CSValueName>AeraSense PM2.5 传感器</CSValueName><CSValueRank>1</CSValueRank></CSValue></CSItem><CSItem><CSItemCode>IT4038441</CSItemCode><CSItemName>控制板颜色</CSItemName><CSItemRank>6</CSItemRank><CSItemIsFreeFormat>1</CSItemIsFreeFormat><CSValue><CSValueCode>VA4089386</CSValueCode><CSValueName>黑色</CSValueName><CSValueRank>1</CSValueRank></CSValue></CSItem><CSItem><CSItemCode>IT4038443</CSItemCode><CSItemName>风扇速度指示</CSItemName><CSItemRank>12</CSItemRank><CSItemIsFreeFormat>1</CSItemIsFreeFormat><CSValue><CSValueCode>VA4089388</CSValueCode><CSValueName>静音、速度 1、速度 2、速度 3、劲速</CSValueName><CSValueRank>1</CSValueRank></CSValue></CSItem><CSItem><CSItemCode>IT4038445</CSItemCode><CSItemName>机身材料</CSItemName><CSItemRank>17</CSItemRank><CSItemIsFreeFormat>1</CSItemIsFreeFormat><CSValue><CSValueCode>VA4089390</CSValueCode><CSValueName>塑料</CSValueName><CSValueRank>1</CSValueRank></CSValue></CSItem><CSItem><CSItemCode>IT4007631</CSItemCode><CSItemName>颜色</CSItemName><CSItemRank>19</CSItemRank><CSItemIsFreeFormat>0</CSItemIsFreeFormat><CSValue><CSValueCode>VA4092432</CSValueCode><CSValueName>香槟色</CSValueName><CSValueRank>1</CSValueRank></CSValue></CSItem></CSChapter><CSChapter><CSChapterCode>CH4001562</CSChapterCode><CSChapterName>性能</CSChapterName><CSChapterRank>2</CSChapterRank><CSItem><CSItemCode>IT4038428</CSItemCode><CSItemName>CADR（甲醛）</CSItemName><CSItemRank>10</CSItemRank><CSItemIsFreeFormat>1</CSItemIsFreeFormat><CSValue><CSValueCode>VA4089375</CSValueCode><CSValueName>200</CSValueName><CSValueRank>1</CSValueRank></CSValue><UnitOfMeasure><UnitOfMeasureCode>4000013</UnitOfMeasureCode><UnitOfMeasureName>立方米每小时</UnitOfMeasureName><UnitOfMeasureSymbol>m³/h</UnitOfMeasureSymbol></UnitOfMeasure></CSItem><CSItem><CSItemCode>IT4038432</CSItemCode><CSItemName>过滤PM2.5</CSItemName><CSItemRank>20</CSItemRank><CSItemIsFreeFormat>1</CSItemIsFreeFormat><CSValue><CSValueCode>VA4089378</CSValueCode><CSValueName>一个小时后 &gt; 99</CSValueName><CSValueRank>1</CSValueRank></CSValue><UnitOfMeasure><UnitOfMeasureCode>3000065</UnitOfMeasureCode><UnitOfMeasureName>百分比</UnitOfMeasureName><UnitOfMeasureSymbol>%</UnitOfMeasureSymbol></UnitOfMeasure></CSItem><CSItem><CSItemCode>IT4038434</CSItemCode><CSItemName>过滤病毒</CSItemName><CSItemRank>21</CSItemRank><CSItemIsFreeFormat>1</CSItemIsFreeFormat><CSValue><CSValueCode>VA4089380</CSValueCode><CSValueName>0.5 小时后，99.9</CSValueName><CSValueRank>1</CSValueRank></CSValue><UnitOfMeasure><UnitOfMeasureCode>3000065</UnitOfMeasureCode><UnitOfMeasureName>百分比</UnitOfMeasureName><UnitOfMeasureSymbol>%</UnitOfMeasureSymbol></UnitOfMeasure></CSItem><CSItem><CSItemCode>IT4038425</CSItemCode><CSItemName>CADR（颗粒物）</CSItemName><CSItemRank>22</CSItemRank><CSItemIsFreeFormat>1</CSItemIsFreeFormat><CSValue><CSValueCode>VA4089372</CSValueCode><CSValueName>344</CSValueName><CSValueRank>1</CSValueRank></CSValue><UnitOfMeasure><UnitOfMeasureCode>4000013</UnitOfMeasureCode><UnitOfMeasureName>立方米每小时</UnitOfMeasureName><UnitOfMeasureSymbol>m³/h</UnitOfMeasureSymbol></UnitOfMeasure></CSItem></CSChapter><CSChapter><CSChapterCode>3000956</CSChapterCode><CSChapterName>技术规格</CSChapterName><CSChapterRank>3</CSChapterRank><CSItem><CSItemCode>S_0000109</CSItemCode><CSItemName>电线长度</CSItemName><CSItemRank>3</CSItemRank><CSItemIsFreeFormat>1</CSItemIsFreeFormat><CSValue><CSValueCode>VA4007182</CSValueCode><CSValueName>1.6</CSValueName><CSValueRank>1</CSValueRank></CSValue><UnitOfMeasure><UnitOfMeasureCode>3000057</UnitOfMeasureCode><UnitOfMeasureName>米</UnitOfMeasureName><UnitOfMeasureSymbol>米</UnitOfMeasureSymbol></UnitOfMeasure></CSItem><CSItem><CSItemCode>IT4038449</CSItemCode><CSItemName>有效区域</CSItemName><CSItemRank>8</CSItemRank><CSItemIsFreeFormat>1</CSItemIsFreeFormat><CSValue><CSValueCode>VA4089393</CSValueCode><CSValueName>24~41</CSValueName><CSValueRank>1</CSValueRank></CSValue><UnitOfMeasure><UnitOfMeasureCode>4000014</UnitOfMeasureCode><UnitOfMeasureName>-平方米</UnitOfMeasureName><UnitOfMeasureSymbol>平方米</UnitOfMeasureSymbol></UnitOfMeasure></CSItem><CSItem><CSItemCode>S_0000027</CSItemCode><CSItemName>频率</CSItemName><CSItemRank>11</CSItemRank><CSItemIsFreeFormat>1</CSItemIsFreeFormat><CSValue><CSValueCode>VA4007112</CSValueCode><CSValueName>50/60</CSValueName><CSValueRank>1</CSValueRank></CSValue><UnitOfMeasure><UnitOfMeasureCode>3000045</UnitOfMeasureCode><UnitOfMeasureName>赫兹</UnitOfMeasureName><UnitOfMeasureSymbol>赫兹</UnitOfMeasureSymbol></UnitOfMeasure></CSItem><CSItem><CSItemCode>S_0000022</CSItemCode><CSItemName>功率</CSItemName><CSItemRank>13</CSItemRank><CSItemIsFreeFormat>1</CSItemIsFreeFormat><CSValue><CSValueCode>VA4007107</CSValueCode><CSValueName>56</CSValueName><CSValueRank>1</CSValueRank></CSValue><UnitOfMeasure><UnitOfMeasureCode>3000072</UnitOfMeasureCode><UnitOfMeasureName>瓦特</UnitOfMeasureName><UnitOfMeasureSymbol>瓦</UnitOfMeasureSymbol></UnitOfMeasure></CSItem><CSItem><CSItemCode>IT4038448</CSItemCode><CSItemName>噪音级别</CSItemName><CSItemRank>16</CSItemRank><CSItemIsFreeFormat>1</CSItemIsFreeFormat><CSValue><CSValueCode>VA4089392</CSValueCode><CSValueName>32~64</CSValueName><CSValueRank>1</CSValueRank></CSValue><UnitOfMeasure><UnitOfMeasureCode>4011101</UnitOfMeasureCode><UnitOfMeasureName>分贝 (A)</UnitOfMeasureName><UnitOfMeasureSymbol>dB(A)</UnitOfMeasureSymbol></UnitOfMeasure></CSItem><CSItem><CSItemCode>S_0000026</CSItemCode><CSItemName>电压</CSItemName><CSItemRank>18</CSItemRank><CSItemIsFreeFormat>1</CSItemIsFreeFormat><CSValue><CSValueCode>VA4007111</CSValueCode><CSValueName>220</CSValueName><CSValueRank>1</CSValueRank></CSValue><UnitOfMeasure><UnitOfMeasureCode>3000071</UnitOfMeasureCode><UnitOfMeasureName>伏</UnitOfMeasureName><UnitOfMeasureSymbol>伏</UnitOfMeasureSymbol></UnitOfMeasure></CSItem></CSChapter><CSChapter><CSChapterCode>CHA_0000021</CSChapterCode><CSChapterName>原产地</CSChapterName><CSChapterRank>4</CSChapterRank><CSItem><CSItemCode>S_0001744</CSItemCode><CSItemName>原产地</CSItemName><CSItemRank>4</CSItemRank><CSItemIsFreeFormat>1</CSItemIsFreeFormat><CSValue><CSValueCode>VA4008246</CSValueCode><CSValueName>中国</CSValueName><CSValueRank>1</CSValueRank></CSValue></CSItem></CSChapter><CSChapter><CSChapterCode>CHA_0000074</CSChapterCode><CSChapterName>替换</CSChapterName><CSChapterRank>5</CSChapterRank><CSItem><CSItemCode>IT4005162</CSItemCode><CSItemName>多重防护过滤网</CSItemName><CSItemRank>14</CSItemRank><CSItemIsFreeFormat>1</CSItemIsFreeFormat><CSValue><CSValueCode>VA4015985</CSValueCode><CSValueName>FY2428</CSValueName><CSValueRank>1</CSValueRank></CSValue></CSItem></CSChapter><CSChapter><CSChapterCode>CH4000822</CSChapterCode><CSChapterName>可持续发展</CSChapterName><CSChapterRank>6</CSChapterRank><CSItem><CSItemCode>IT4007172</CSItemCode><CSItemName>待机功耗</CSItemName><CSItemRank>5</CSItemRank><CSItemIsFreeFormat>1</CSItemIsFreeFormat><CSValue><CSValueCode>VA4018751</CSValueCode><CSValueName>&lt; 0.5</CSValueName><CSValueRank>1</CSValueRank></CSValue><UnitOfMeasure><UnitOfMeasureCode>3000072</UnitOfMeasureCode><UnitOfMeasureName>瓦特</UnitOfMeasureName><UnitOfMeasureSymbol>瓦</UnitOfMeasureSymbol></UnitOfMeasure></CSItem></CSChapter><CSChapter><CSChapterCode>CHA_0000004</CSChapterCode><CSChapterName>重量和尺寸</CSChapterName><CSChapterRank>7</CSChapterRank><CSItem><CSItemCode>IT4021672</CSItemCode><CSItemName>包装尺寸（长x宽x高）</CSItemName><CSItemRank>2</CSItemRank><CSItemIsFreeFormat>1</CSItemIsFreeFormat><CSValue><CSValueCode>VA4051901</CSValueCode><CSValueName>412 x 294 x 612</CSValueName><CSValueRank>1</CSValueRank></CSValue><UnitOfMeasure><UnitOfMeasureCode>3000058</UnitOfMeasureCode><UnitOfMeasureName>毫米</UnitOfMeasureName><UnitOfMeasureSymbol>毫米</UnitOfMeasureSymbol></UnitOfMeasure></CSItem><CSItem><CSItemCode>IT4010199</CSItemCode><CSItemName>产品尺寸（长 x 宽 x 高）</CSItemName><CSItemRank>7</CSItemRank><CSItemIsFreeFormat>1</CSItemIsFreeFormat><CSValue><CSValueCode>VA4023910</CSValueCode><CSValueName>359 x 240 x 558</CSValueName><CSValueRank>1</CSValueRank></CSValue><UnitOfMeasure><UnitOfMeasureCode>3000058</UnitOfMeasureCode><UnitOfMeasureName>毫米</UnitOfMeasureName><UnitOfMeasureSymbol>毫米</UnitOfMeasureSymbol></UnitOfMeasure></CSItem><CSItem><CSItemCode>IT4038451</CSItemCode><CSItemName>重量（含包装）</CSItemName><CSItemRank>9</CSItemRank><CSItemIsFreeFormat>1</CSItemIsFreeFormat><CSValue><CSValueCode>VA4089394</CSValueCode><CSValueName>9.3</CSValueName><CSValueRank>1</CSValueRank></CSValue><UnitOfMeasure><UnitOfMeasureCode>3000049</UnitOfMeasureCode><UnitOfMeasureName>千克</UnitOfMeasureName><UnitOfMeasureSymbol>千克</UnitOfMeasureSymbol></UnitOfMeasure></CSItem><CSItem><CSItemCode>IT4010191</CSItemCode><CSItemName>产品重量</CSItemName><CSItemRank>15</CSItemRank><CSItemIsFreeFormat>1</CSItemIsFreeFormat><CSValue><CSValueCode>VA4023901</CSValueCode><CSValueName>7.7</CSValueName><CSValueRank>1</CSValueRank></CSValue><UnitOfMeasure><UnitOfMeasureCode>3000049</UnitOfMeasureCode><UnitOfMeasureName>千克</UnitOfMeasureName><UnitOfMeasureSymbol>千克</UnitOfMeasureSymbol></UnitOfMeasure></CSItem></CSChapter><Filters><Purpose type="Comparison"><Features><Feature code="F400078710" rank="1" referenceName="AeraSense technology"/><Feature code="F400078711" rank="2" referenceName="VitaShield IPS technology (comfort)"/><Feature code="F400078712" rank="3" referenceName="Real time feedback"/><Feature code="F400078714" rank="4" referenceName="Low noise (air 2000 series)"/><Feature code="F400078715" rank="5" referenceName="Smart light control"/><Feature code="F400078760" rank="6" referenceName="Aerodynamic design (Air 2000 series)"/><Feature code="F400080537" rank="7" referenceName="3 auto modes"/></Features><CSItems><CSItem code="IT4038444" rank="1" referenceName="设计和外观 - 空气质量感应器"/><CSItem code="IT4021672" rank="2" referenceName="重量和尺寸 - 包装尺寸（长x宽x高）"/><CSItem code="S_0000109" rank="3" referenceName="技术规格 - 电线长度"/><CSItem code="S_0001744" rank="4" referenceName="原产地 - 原产地"/><CSItem code="IT4007172" rank="5" referenceName="可持续发展 - 待机功耗"/><CSItem code="IT4038441" rank="6" referenceName="设计和外观 - 控制板颜色"/><CSItem code="IT4010199" rank="7" referenceName="重量和尺寸 - 产品尺寸（长 x 宽 x 高）"/><CSItem code="IT4038449" rank="8" referenceName="技术规格 - 有效区域"/><CSItem code="IT4038451" rank="9" referenceName="重量和尺寸 - 重量（含包装）"/><CSItem code="IT4038428" rank="10" referenceName="性能 - CADR（甲醛）"/><CSItem code="S_0000027" rank="11" referenceName="技术规格 - 频率"/><CSItem code="IT4038443" rank="12" referenceName="设计和外观 - 风扇速度指示"/><CSItem code="S_0000022" rank="13" referenceName="技术规格 - 功率"/><CSItem code="IT4005162" rank="14" referenceName="替换 - 多重防护过滤网"/><CSItem code="IT4010191" rank="15" referenceName="重量和尺寸 - 产品重量"/><CSItem code="IT4038448" rank="16" referenceName="技术规格 - 噪音级别"/><CSItem code="IT4038445" rank="17" referenceName="设计和外观 - 机身材料"/><CSItem code="S_0000026" rank="18" referenceName="技术规格 - 电压"/><CSItem code="IT4007631" rank="19" referenceName="设计和外观 - 颜色"/><CSItem code="IT4038432" rank="20" referenceName="性能 - 过滤PM2.5"/><CSItem code="IT4038434" rank="21" referenceName="性能 - 过滤病毒"/><CSItem code="IT4038425" rank="22" referenceName="性能 - CADR（颗粒物）"/></CSItems></Purpose><Purpose type="Detail"><Features><Feature code="F400078710" rank="1" referenceName="AeraSense technology"/><Feature code="F400078711" rank="2" referenceName="VitaShield IPS technology (comfort)"/><Feature code="F400078712" rank="3" referenceName="Real time feedback"/><Feature code="F400078714" rank="4" referenceName="Low noise (air 2000 series)"/><Feature code="F400078715" rank="5" referenceName="Smart light control"/><Feature code="F400078760" rank="6" referenceName="Aerodynamic design (Air 2000 series)"/><Feature code="F400080537" rank="7" referenceName="3 auto modes"/></Features><CSItems><CSItem code="IT4038444" rank="1" referenceName="设计和外观 - 空气质量感应器"/><CSItem code="IT4021672" rank="2" referenceName="重量和尺寸 - 包装尺寸（长x宽x高）"/><CSItem code="S_0000109" rank="3" referenceName="技术规格 - 电线长度"/><CSItem code="S_0001744" rank="4" referenceName="原产地 - 原产地"/><CSItem code="IT4007172" rank="5" referenceName="可持续发展 - 待机功耗"/><CSItem code="IT4038441" rank="6" referenceName="设计和外观 - 控制板颜色"/><CSItem code="IT4010199" rank="7" referenceName="重量和尺寸 - 产品尺寸（长 x 宽 x 高）"/><CSItem code="IT4038449" rank="8" referenceName="技术规格 - 有效区域"/><CSItem code="IT4038451" rank="9" referenceName="重量和尺寸 - 重量（含包装）"/><CSItem code="IT4038428" rank="10" referenceName="性能 - CADR（甲醛）"/><CSItem code="S_0000027" rank="11" referenceName="技术规格 - 频率"/><CSItem code="IT4038443" rank="12" referenceName="设计和外观 - 风扇速度指示"/><CSItem code="S_0000022" rank="13" referenceName="技术规格 - 功率"/><CSItem code="IT4005162" rank="14" referenceName="替换 - 多重防护过滤网"/><CSItem code="IT4010191" rank="15" referenceName="重量和尺寸 - 产品重量"/><CSItem code="IT4038448" rank="16" referenceName="技术规格 - 噪音级别"/><CSItem code="IT4038445" rank="17" referenceName="设计和外观 - 机身材料"/><CSItem code="S_0000026" rank="18" referenceName="技术规格 - 电压"/><CSItem code="IT4007631" rank="19" referenceName="设计和外观 - 颜色"/><CSItem code="IT4038432" rank="20" referenceName="性能 - 过滤PM2.5"/><CSItem code="IT4038434" rank="21" referenceName="性能 - 过滤病毒"/><CSItem code="IT4038425" rank="22" referenceName="性能 - CADR（颗粒物）"/></CSItems></Purpose></Filters><FeatureCompareGroups/><Disclaimers><Disclaimer code="DIS40009815" rank="1" referenceName="20 Nanometers: Tested by IUTA (air)"><DisclaimerText>20 纳米：由 IUTA 进行测试。根据世界卫生组织 (WHO) 于 2008 年发布的微生物风险评估报告，禽流感、人流感病毒、军团杆菌、肝炎病毒和 SARS 冠状病毒都大于 20 纳米（0.02 微米）。</DisclaimerText><DisclaimElements/></Disclaimer><Disclaimer code="DIS40009491" rank="2" referenceName="Particle and formaldehyde CADR and CCM are tested by third p"><DisclaimerText>颗粒物和甲醛 CADR 和 CCM：经第三方根据 GB/T 18801-2008 测试</DisclaimerText><DisclaimElements/></Disclaimer></Disclaimers><Award AwardType="global"><AwardCode>GA_GREEN</AwardCode><AwardName>飞利浦绿色标志</AwardName><AwardDescription>飞利浦绿色产品可以降低成本、节省能源和减少二氧化碳排放。如何做到？它们在一个或多个飞利浦绿色焦点领域 – 能效、包装、有害物质、重量、回收和处理，还有使用寿命可靠性做出了显著的环保改善。</AwardDescription><AwardText>飞利浦绿色标志</AwardText><AwardRank>3</AwardRank></Award><ProductReference ProductReferenceType="Accessory"><CTN>FY2428/00</CTN><ProductReferenceRank>0</ProductReferenceRank></ProductReference><ProductReference ProductReferenceType="Accessory"><CTN>LFH0331/00</CTN><ProductReferenceRank>0</ProductReferenceRank></ProductReference><RichTexts/></Product></Products>