<?xml version="1.0" encoding="UTF-8"?><Products xmlns:source="http://apache.org/cocoon/source/1.0" DocStatus="approved" DocTimeStamp="2018-03-17T09:27:57"><Product Country="CN" IsAccessory="false" IsMaster="false" Locale="zh_CN" lastModified="2018-03-16T05:02:34" masterLastModified="2017-02-24T00:00:57"><CTN>BHB868/05</CTN><GTIN>06923410754841</GTIN><MarketingVersion>1.0.1</MarketingVersion><MarketingStatus>Final Published</MarketingStatus><CRDate>2017-02-17</CRDate><CRDateYW>201707</CRDateYW><ModelYears><ModelYear>2017</ModelYear></ModelYears><ProductDivision><ProductDivisionCode>0200</ProductDivisionCode><ProductDivisionName>Consumer Lifestyle</ProductDivisionName><FormerPDCode>0300</FormerPDCode></ProductDivision><ProductOwner>Inge Reuser</ProductOwner><DTN>BHB868/05</DTN><Catalog><StartOfPublication>2017-04-01T00:00:00</StartOfPublication><EndOfPublication>2021-03-17T00:00:00</EndOfPublication><StartOfSales>2017-04-01T00:00:00</StartOfSales><EndOfSales>2021-03-17T00:00:00</EndOfSales><DummyPrice>329</DummyPrice><Deleted>false</Deleted><DeleteAfterDate/><ProductRank>50</ProductRank></Catalog><FinancialCategorization><BusinessGroupCode>9044</BusinessGroupCode><BusinessGroupName>Personal Care</BusinessGroupName><BusinessUnitCode>9512</BusinessUnitCode><BusinessUnitName>Beauty</BusinessUnitName><MainArticleGroupCode>E04</MainArticleGroupCode><MainArticleGroupName>Hair Care</MainArticleGroupName><ArticleGroupCode>1353</ArticleGroupCode><ArticleGroupName>Curlers</ArticleGroupName></FinancialCategorization><Categorization type="CONSUMER"><GroupCode>PERSONAL_CARE_GR</GroupCode><GroupName>Personal care</GroupName><CategoryCode>HAIRCARE_CA</CategoryCode><CategoryName>Haircare</CategoryName><SubcategoryCode>HAIR_STYLERS_SU</SubcategoryCode><SubcategoryName>Curlers</SubcategoryName></Categorization><Assets><Asset code="BHB868_05" description="User manual" extension="pdf" lastModified="2017-02-22" locale="zh_CN" number="001" type="DFU">http://download.p4c.philips.com/files/b/bhb868_05/bhb868_05_dfu_zhs.pdf</Asset><Asset code="BHB868_05" description="Leaflet" extension="pdf" lastModified="2017-12-15" locale="zh_CN" number="001" type="PSS">http://download.p4c.philips.com/files/b/bhb868_05/bhb868_05_pss_zhscn.pdf</Asset><Asset code="BHB868_05" description="Retail Trade Leaflet" extension="pdf" lastModified="2017-12-17" locale="zh_CN" number="001" type="RTL">http://download.p4c.philips.com/files/b/bhb868_05/bhb868_05_rtl_zhscn.pdf</Asset><Asset code="BHB868_05" description="Alternative product photograph 1 - highres 2196x1795" extension="tif" lastModified="2016-04-11" locale="global" number="001" type="A1P">http://images.philips.com/is/image/PhilipsConsumer/BHB868_05-A1P-global-001</Asset><Asset code="BHB868_05" description="Emotional benefit photograph - highres 514x514" extension="tif" lastModified="2017-05-10" locale="global" number="001" type="BPP">http://images.philips.com/is/image/PhilipsConsumer/BHB868_05-BPP-global-001</Asset><Asset code="BHB868_05" description="Product detail 1 - highres 2196x1795" extension="tif" lastModified="2016-04-11" locale="global" number="001" type="D1P">http://images.philips.com/is/image/PhilipsConsumer/BHB868_05-D1P-global-001</Asset><Asset code="BHB868_05" description="Product detail photograph - highres 2196x2196" extension="tif" lastModified="2017-09-23" locale="global" number="001" type="DPP">http://images.philips.com/is/image/PhilipsConsumer/BHB868_05-DPP-global-001</Asset><Asset code="BHB868_05" description="Emotional Benefit 1 - highres 2196x1795" extension="tif" lastModified="2018-03-09" locale="global" number="001" type="E1P">http://images.philips.com/is/image/PhilipsConsumer/BHB868_05-E1P-global-001</Asset><Asset code="BHB868_05" description="Emotional Benefit 2 - highres 2196x1795" extension="tif" lastModified="2018-03-14" locale="global" number="001" type="E2P">http://images.philips.com/is/image/PhilipsConsumer/BHB868_05-E2P-global-001</Asset><Asset code="BHB868_05" description="Packaging photograph - highres 1447x756" extension="tif" lastModified="2017-06-12" locale="global" number="001" type="PID">http://images.philips.com/is/image/PhilipsConsumer/BHB868_05-PID-global-001</Asset><Asset code="BHB868_05" description="Packaging photograph - master" extension="tif" lastModified="2017-06-12" locale="global" number="001" type="PIM">http://download.p4c.philips.com/files/b/bhb868_05/bhb868_05_pim_.tif</Asset><Asset code="BHB868_05" description="Packaging photograph - small 90x65" extension="jpg" lastModified="2017-06-12" locale="global" number="001" type="PIS">http://download.p4c.philips.com/files/b/bhb868_05/bhb868_05_pis_.jpg</Asset><Asset code="BHB868_05" description="Leaflet" extension="pdf" lastModified="2017-06-14" locale="global" number="001" type="PSS">http://download.p4c.philips.com/files/b/bhb868_05/bhb868_05_pss_.pdf</Asset><Asset code="BHB868_05" description="Standard product photograph - highres 2196x1795" extension="tif" lastModified="2016-04-11" locale="global" number="001" type="RTP">http://images.philips.com/is/image/PhilipsConsumer/BHB868_05-RTP-global-001</Asset><Asset code="BHB868_05" description="Product In Use 1 - highres 2196x1795" extension="tif" lastModified="2017-05-10" locale="global" number="001" type="U1P">http://images.philips.com/is/image/PhilipsConsumer/BHB868_05-U1P-global-001</Asset><Asset code="BHB868_05" description="Product In Use 2 - highres 2196x1795" extension="tif" lastModified="2017-05-10" locale="global" number="001" type="U2P">http://images.philips.com/is/image/PhilipsConsumer/BHB868_05-U2P-global-001</Asset><Asset code="BHB868_05" description="Product In Use 3 - highres 2196x1795" extension="tif" lastModified="2016-08-22" locale="global" number="001" type="U3P">http://images.philips.com/is/image/PhilipsConsumer/BHB868_05-U3P-global-001</Asset><Asset code="BHB868_05" description="Product in use photograph - highres 2196x1795" extension="tif" lastModified="2017-05-09" locale="global" number="001" type="UPL">http://images.philips.com/is/image/PhilipsConsumer/BHB868_05-UPL-global-001</Asset><Asset code="BHB868_05" description="Single product shot" extension="" lastModified="2018-03-16" locale="zh_CN" number="" type="IMS">http://images.philips.com/is/image/PhilipsConsumer/BHB868_05-IMS-zh_CN</Asset><Asset code="BHB868_05" description="Product gallery image set" extension="" lastModified="2018-03-16" locale="zh_CN" number="" type="GAL">http://images.philips.com/is/image/PhilipsConsumer/BHB868_05-GAL-zh_CN</Asset><Asset code="BHB868_05" description="Product URL" extension="" lastModified="2018-03-16" locale="zh_CN" number="" type="URL">http://www.philips.com.cn/c-p/BHB868_05/stylecare-sublime-ends-curler</Asset><Asset code="F400035855_BHB868_05" description="Feature photograph - highres 2100x1170" extension="tif" lastModified="2016-12-22" locale="global" number="001" type="FIL">http://images.philips.com/is/image/PhilipsConsumer/F400035855_BHB868_05-FIL-global-001</Asset><Asset code="F400042187_BHB868_05" description="Feature photograph - highres 2100x1170" extension="tif" lastModified="2016-12-22" locale="global" number="001" type="FIL">http://images.philips.com/is/image/PhilipsConsumer/F400042187_BHB868_05-FIL-global-001</Asset><Asset code="F400047173_BHB868_05" description="Feature photograph - highres 2100x1170" extension="tif" lastModified="2016-12-22" locale="global" number="001" type="FIL">http://images.philips.com/is/image/PhilipsConsumer/F400047173_BHB868_05-FIL-global-001</Asset><Asset code="F400076593" description="Feature photograph - highres 2100x1170" extension="tif" lastModified="2016-04-11" locale="global" number="001" type="FIL">http://images.philips.com/is/image/PhilipsConsumer/F400076593-FIL-global-001</Asset><Asset code="F400076594" description="Feature photograph - highres 2100x1170" extension="tif" lastModified="2016-04-11" locale="global" number="001" type="FIL">http://images.philips.com/is/image/PhilipsConsumer/F400076594-FIL-global-001</Asset><Asset code="F400076597" description="Feature photograph - highres 2100x1170" extension="tif" lastModified="2016-04-11" locale="global" number="001" type="FIL">http://images.philips.com/is/image/PhilipsConsumer/F400076597-FIL-global-001</Asset><Asset code="F400076599" description="Feature photograph - highres 2100x1170" extension="tif" lastModified="2016-04-11" locale="global" number="001" type="FIL">http://images.philips.com/is/image/PhilipsConsumer/F400076599-FIL-global-001</Asset><Asset code="F400076614" description="Feature photograph - highres 2100x1170" extension="tif" lastModified="2016-04-11" locale="global" number="001" type="FIL">http://images.philips.com/is/image/PhilipsConsumer/F400076614-FIL-global-001</Asset><Asset code="F400076704" description="Feature photograph - highres 2100x1170" extension="tif" lastModified="2016-04-11" locale="global" number="001" type="FIL">http://images.philips.com/is/image/PhilipsConsumer/F400076704-FIL-global-001</Asset><Asset code="F400078014" description="Feature photograph - highres 2100x1170" extension="tif" lastModified="2016-04-11" locale="global" number="001" type="FIL">http://images.philips.com/is/image/PhilipsConsumer/F400078014-FIL-global-001</Asset><Asset code="F400081391" description="Feature photograph - highres 2100x1170" extension="tif" lastModified="2016-12-22" locale="global" number="001" type="FIL">http://images.philips.com/is/image/PhilipsConsumer/F400081391-FIL-global-001</Asset><Asset code="FEA_0001002_BHB868_05" description="Feature photograph - highres 2100x1170" extension="tif" lastModified="2016-12-22" locale="global" number="001" type="FIL">http://images.philips.com/is/image/PhilipsConsumer/FEA_0001002_BHB868_05-FIL-global-001</Asset><Asset code="PHI" description="Brand logo - highres 1476x886" extension="tif" lastModified="2016-02-18" locale="global" number="001" type="BRP">http://images.philips.com/is/image/PhilipsConsumer/PHI-BRP-global-001</Asset></Assets><ProductName>32 毫米直径卷发棒 Sublime Ends 美发造型器</ProductName><FullProductName>飞利浦 StyleCare Sublime Ends 美发造型器/卷发棒 BHB868/05 32 毫米直径卷发棒 Splitstop 技术 角蛋白涂层 数字温度设置</FullProductName><NamingString><MasterBrand><BrandCode>PHI</BrandCode><BrandName>Philips</BrandName></MasterBrand><BrandString>飞利浦</BrandString><Family><FamilyCode>SB40006346</FamilyCode><FamilyName>StyleCare</FamilyName><FamilyNameUsed>1</FamilyNameUsed></Family><Descriptor><DescriptorCode>D4027290</DescriptorCode><DescriptorName>Sublime Ends 美发造型器/卷发棒</DescriptorName></Descriptor><Alphanumeric>BHB868/05</Alphanumeric><VersionElement1><VersionElementCode>V4041075</VersionElementCode><VersionElementName>32 毫米直径卷发棒</VersionElementName></VersionElement1><VersionElement2><VersionElementCode>V4041078</VersionElementCode><VersionElementName>SplitStop 技术</VersionElementName></VersionElement2><VersionElement3><VersionElementCode>V4041082</VersionElementCode><VersionElementName>角蛋白涂层</VersionElementName></VersionElement3><VersionElement4><VersionElementCode>V4041080</VersionElementCode><VersionElementName>数字温度设置</VersionElementName></VersionElement4><VersionString>32 毫米直径卷发棒 Splitstop 技术 角蛋白涂层 数字温度设置</VersionString><BrandedFeatureString/><DescriptorBrandedFeatureString>Sublime Ends 美发造型器/卷发棒</DescriptorBrandedFeatureString></NamingString><WOW>让卷发闪亮无瑕疵</WOW><SubWOW>让迷人卷发拥有健康发梢</SubWOW><MarketingTextHeader>Sublime Ends 美发造型器是我们一款可在造型时保护脆弱发梢的卷发器。得益于 SplitStop 技术，您再也不用遮掩分叉的发梢，可以无忧无虑地打造轻柔卷发，让靓丽卷发成为众人关注的焦点，尽情绽放美丽心情！</MarketingTextHeader><KeyBenefitArea><KeyBenefitAreaCode>K4011512</KeyBenefitAreaCode><KeyBenefitAreaName>靓丽造型</KeyBenefitAreaName><KeyBenefitAreaRank>1</KeyBenefitAreaRank><Feature><FeatureCode>F400076614</FeatureCode><FeatureReferenceName>Up to 200°C (Calla)</FeatureReferenceName><FeatureName>烫发温度高达 200°C</FeatureName><FeatureLongDescription>高达 200°C，打造理想造型</FeatureLongDescription><FeatureGlossary>专业造型温度让您随心所欲地变换发型，轻松拥有理想的卷发造型。</FeatureGlossary><FeatureRank>1</FeatureRank><FeatureTopRank>5</FeatureTopRank></Feature><Feature><FeatureCode>F400076704</FeatureCode><FeatureReferenceName>32mm large barrel (Calla)</FeatureReferenceName><FeatureName>32 毫米直径卷发棒</FeatureName><FeatureLongDescription>32 毫米直径卷发棒，打造轻柔卷发</FeatureLongDescription><FeatureRank>2</FeatureRank><FeatureTopRank>6</FeatureTopRank></Feature></KeyBenefitArea><KeyBenefitArea><KeyBenefitAreaCode>K4032133</KeyBenefitAreaCode><KeyBenefitAreaName>更少发稍分叉</KeyBenefitAreaName><KeyBenefitAreaRank>2</KeyBenefitAreaRank><Feature><FeatureCode>F400081391</FeatureCode><FeatureReferenceName>SplitStop Technology (Calla 2)</FeatureReferenceName><FeatureName>SplitStop 技术</FeatureName><FeatureLongDescription>SplitStop 技术专为确保发梢无分叉而设计</FeatureLongDescription><FeatureGlossary>SplitStop 技术专为确保发梢无分叉而设计。它是优化的加热性能和低摩擦级别的精致统一，加倍呵护从发根到发梢的秀发健康。温度不会突然变化，这可确保在造型时持续提供优化加热效果且均匀地分布在卷发棒上。卷发棒覆盖有柔滑的陶瓷涂层，可减少对发缕的拉扯力。打造精致卷发，健康发梢，焕发出新的活力。</FeatureGlossary><FeatureRank>1</FeatureRank><FeatureTopRank>1</FeatureTopRank></Feature><Feature><FeatureCode>F400076599</FeatureCode><FeatureReferenceName>Keratin infusion (Calla)</FeatureReferenceName><FeatureName>角蛋白涂层</FeatureName><FeatureLongDescription>角蛋白涂层提供加倍呵护</FeatureLongDescription><FeatureGlossary>角蛋白是秀发必不可少的原料，它可使秀发强韧、健康和漂亮。陶瓷富含角蛋白，精心呵护您的秀发。</FeatureGlossary><FeatureRank>2</FeatureRank><FeatureTopRank>3</FeatureTopRank></Feature><Feature><FeatureCode>F400076547</FeatureCode><FeatureReferenceName>Digital temperature settings (8 set.) (Calla)</FeatureReferenceName><FeatureName>数字温度设置</FeatureName><FeatureLongDescription>8 档数字温度设置，可随心控制</FeatureLongDescription><FeatureGlossary>带 8 档温度设置的数字显示屏可由您随意控制，让您根据发质调整温度，防止秀发受损。</FeatureGlossary><FeatureRank>3</FeatureRank><FeatureTopRank>4</FeatureTopRank></Feature></KeyBenefitArea><KeyBenefitArea><KeyBenefitAreaCode>K300000390</KeyBenefitAreaCode><KeyBenefitAreaName>操作简易</KeyBenefitAreaName><KeyBenefitAreaRank>3</KeyBenefitAreaRank><Feature><FeatureCode>F400078014</FeatureCode><FeatureReferenceName>30% more styling space (Calla)</FeatureReferenceName><FeatureName>增加 30% 造型空间</FeatureName><FeatureLongDescription>卷发棒上增加 30% 造型空间，适用于长发或浓密头发</FeatureLongDescription><FeatureGlossary>卷发棒上增加的造型空间，适用于对长发或浓密头发进行轻松卷发。</FeatureGlossary><FeatureRank>1</FeatureRank><FeatureTopRank>7</FeatureTopRank></Feature><Feature><FeatureCode>FEA_0001002_BHB868_05</FeatureCode><FeatureReferenceName>Cool tip (Haircare)</FeatureReferenceName><FeatureName>防烫端口</FeatureName><FeatureLongDescription>防烫端口，轻松使用、安全使用</FeatureLongDescription><FeatureGlossary>美发造型器尖端的部位使用特殊的绝热材料制成，可以使其保持常温，使用方便、安全，让您轻松打造迷人发型。</FeatureGlossary><FeatureRank>2</FeatureRank><FeatureTopRank>8</FeatureTopRank></Feature><Feature><FeatureCode>F400076597</FeatureCode><FeatureReferenceName>Safety stand (Calla)</FeatureReferenceName><FeatureName>安全支架</FeatureName><FeatureLongDescription>安全支架，易于使用</FeatureLongDescription><FeatureGlossary>将卷发器放到安全座上，安心使用</FeatureGlossary><FeatureRank>3</FeatureRank><FeatureTopRank>9</FeatureTopRank></Feature><Feature><FeatureCode>F400076593</FeatureCode><FeatureReferenceName>Fast heat up time (60 sec.) (Calla)</FeatureReferenceName><FeatureName>快速加热</FeatureName><FeatureLongDescription>快速加热，60 秒内即可使用</FeatureLongDescription><FeatureGlossary>这款卷发器可迅速加热，60 秒内即可使用。</FeatureGlossary><FeatureRank>4</FeatureRank><FeatureTopRank>10</FeatureTopRank></Feature><Feature><FeatureCode>F400035855_BHB868_05</FeatureCode><FeatureReferenceName>Key-lock function (curlers)</FeatureReferenceName><FeatureName>按键锁定功能</FeatureName><FeatureLongDescription>按键锁定功能，可避免意外启动</FeatureLongDescription><FeatureGlossary>造型过程尽在掌握。按键锁定功能，让温度不再意外更改。</FeatureGlossary><FeatureRank>5</FeatureRank><FeatureTopRank>11</FeatureTopRank></Feature><Feature><FeatureCode>F400042187_BHB868_05</FeatureCode><FeatureReferenceName>Swivel cord (HairCare)</FeatureReferenceName><FeatureName>绕线装置</FeatureName><FeatureLongDescription>绕线装置，防止电源线缠结</FeatureLongDescription><FeatureGlossary>简单实用的绕线技术可将线缆卷绕起来，防止电源线缠结。</FeatureGlossary><FeatureRank>6</FeatureRank><FeatureTopRank>12</FeatureTopRank></Feature><Feature><FeatureCode>F400076594</FeatureCode><FeatureReferenceName>Auto shut-off 60min (Curler &amp; Straigtener)</FeatureReferenceName><FeatureName>自动关熄功能</FeatureName><FeatureLongDescription>自动关闭功能，使用安全</FeatureLongDescription><FeatureGlossary>这款造型器配有自动关闭功能。此功能设计让您安心使用。设备会在您离开 60 分钟后自动关闭。</FeatureGlossary><FeatureRank>7</FeatureRank><FeatureTopRank>13</FeatureTopRank></Feature><Feature><FeatureCode>F400047173_BHB868_05</FeatureCode><FeatureReferenceName>1.8 m cord (Haircare)</FeatureReferenceName><FeatureName>1.8 米电源线</FeatureName><FeatureLongDescription>1.8 米电源线</FeatureLongDescription><FeatureGlossary>得益于 1.8 米长电源线，使用方便。</FeatureGlossary><FeatureRank>8</FeatureRank><FeatureTopRank>14</FeatureTopRank></Feature></KeyBenefitArea><FeatureImage><FeatureCode>F400081391</FeatureCode><FeatureReferenceName>SplitStop Technology (Calla 2)</FeatureReferenceName><FeatureImageRank>1</FeatureImageRank></FeatureImage><FeatureImage><FeatureCode>F400076599</FeatureCode><FeatureReferenceName>Keratin infusion (Calla)</FeatureReferenceName><FeatureImageRank>3</FeatureImageRank></FeatureImage><FeatureImage><FeatureCode>F400076547</FeatureCode><FeatureReferenceName>Digital temperature settings (8 set.) (Calla)</FeatureReferenceName><FeatureImageRank>4</FeatureImageRank></FeatureImage><FeatureImage><FeatureCode>F400076614</FeatureCode><FeatureReferenceName>Up to 200°C (Calla)</FeatureReferenceName><FeatureImageRank>5</FeatureImageRank></FeatureImage><FeatureImage><FeatureCode>F400076704</FeatureCode><FeatureReferenceName>32mm large barrel (Calla)</FeatureReferenceName><FeatureImageRank>6</FeatureImageRank></FeatureImage><FeatureImage><FeatureCode>F400078014</FeatureCode><FeatureReferenceName>30% more styling space (Calla)</FeatureReferenceName><FeatureImageRank>7</FeatureImageRank></FeatureImage><FeatureImage><FeatureCode>FEA_0001002_BHB868_05</FeatureCode><FeatureReferenceName>Cool tip (Haircare)</FeatureReferenceName><FeatureImageRank>8</FeatureImageRank></FeatureImage><FeatureImage><FeatureCode>F400076597</FeatureCode><FeatureReferenceName>Safety stand (Calla)</FeatureReferenceName><FeatureImageRank>9</FeatureImageRank></FeatureImage><FeatureImage><FeatureCode>F400076593</FeatureCode><FeatureReferenceName>Fast heat up time (60 sec.) (Calla)</FeatureReferenceName><FeatureImageRank>10</FeatureImageRank></FeatureImage><FeatureImage><FeatureCode>F400035855_BHB868_05</FeatureCode><FeatureReferenceName>Key-lock function (curlers)</FeatureReferenceName><FeatureImageRank>11</FeatureImageRank></FeatureImage><FeatureImage><FeatureCode>F400042187_BHB868_05</FeatureCode><FeatureReferenceName>Swivel cord (HairCare)</FeatureReferenceName><FeatureImageRank>12</FeatureImageRank></FeatureImage><FeatureImage><FeatureCode>F400076594</FeatureCode><FeatureReferenceName>Auto shut-off 60min (Curler &amp; Straigtener)</FeatureReferenceName><FeatureImageRank>13</FeatureImageRank></FeatureImage><FeatureImage><FeatureCode>F400047173_BHB868_05</FeatureCode><FeatureReferenceName>1.8 m cord (Haircare)</FeatureReferenceName><FeatureImageRank>14</FeatureImageRank></FeatureImage><FeatureHighlight><FeatureCode>F400081391</FeatureCode><FeatureReferenceName>SplitStop Technology (Calla 2)</FeatureReferenceName><FeatureHighlightRank>1</FeatureHighlightRank></FeatureHighlight><FeatureHighlight><FeatureCode>F400076599</FeatureCode><FeatureReferenceName>Keratin infusion (Calla)</FeatureReferenceName><FeatureHighlightRank>3</FeatureHighlightRank></FeatureHighlight><FeatureHighlight><FeatureCode>F400076547</FeatureCode><FeatureReferenceName>Digital temperature settings (8 set.) (Calla)</FeatureReferenceName><FeatureHighlightRank>4</FeatureHighlightRank></FeatureHighlight><FeatureHighlight><FeatureCode>F400076614</FeatureCode><FeatureReferenceName>Up to 200°C (Calla)</FeatureReferenceName><FeatureHighlightRank>5</FeatureHighlightRank></FeatureHighlight><FeatureHighlight><FeatureCode>F400076704</FeatureCode><FeatureReferenceName>32mm large barrel (Calla)</FeatureReferenceName><FeatureHighlightRank>6</FeatureHighlightRank></FeatureHighlight><FeatureHighlight><FeatureCode>F400078014</FeatureCode><FeatureReferenceName>30% more styling space (Calla)</FeatureReferenceName><FeatureHighlightRank>7</FeatureHighlightRank></FeatureHighlight><FeatureHighlight><FeatureCode>FEA_0001002_BHB868_05</FeatureCode><FeatureReferenceName>Cool tip (Haircare)</FeatureReferenceName><FeatureHighlightRank>8</FeatureHighlightRank></FeatureHighlight><FeatureHighlight><FeatureCode>F400076597</FeatureCode><FeatureReferenceName>Safety stand (Calla)</FeatureReferenceName><FeatureHighlightRank>9</FeatureHighlightRank></FeatureHighlight><FeatureHighlight><FeatureCode>F400076593</FeatureCode><FeatureReferenceName>Fast heat up time (60 sec.) (Calla)</FeatureReferenceName><FeatureHighlightRank>10</FeatureHighlightRank></FeatureHighlight><FeatureHighlight><FeatureCode>F400035855_BHB868_05</FeatureCode><FeatureReferenceName>Key-lock function (curlers)</FeatureReferenceName><FeatureHighlightRank>11</FeatureHighlightRank></FeatureHighlight><FeatureHighlight><FeatureCode>F400042187_BHB868_05</FeatureCode><FeatureReferenceName>Swivel cord (HairCare)</FeatureReferenceName><FeatureHighlightRank>12</FeatureHighlightRank></FeatureHighlight><FeatureHighlight><FeatureCode>F400076594</FeatureCode><FeatureReferenceName>Auto shut-off 60min (Curler &amp; Straigtener)</FeatureReferenceName><FeatureHighlightRank>13</FeatureHighlightRank></FeatureHighlight><FeatureHighlight><FeatureCode>F400047173_BHB868_05</FeatureCode><FeatureReferenceName>1.8 m cord (Haircare)</FeatureReferenceName><FeatureHighlightRank>14</FeatureHighlightRank></FeatureHighlight><CSChapter><CSChapterCode>3000956</CSChapterCode><CSChapterName>技术规格</CSChapterName><CSChapterRank>1</CSChapterRank><CSItem><CSItemCode>IT4041313</CSItemCode><CSItemName>卷发棒大小</CSItemName><CSItemRank>1</CSItemRank><CSItemIsFreeFormat>0</CSItemIsFreeFormat><CSValue><CSValueCode>VA4096088</CSValueCode><CSValueName>32 毫米</CSValueName><CSValueRank>12</CSValueRank></CSValue></CSItem><CSItem><CSItemCode>IT4041316</CSItemCode><CSItemName>卷发棒涂层</CSItemName><CSItemRank>2</CSItemRank><CSItemIsFreeFormat>0</CSItemIsFreeFormat><CSValue><CSValueCode>VA4096104</CSValueCode><CSValueName>角蛋白陶瓷</CSValueName><CSValueRank>9</CSValueRank></CSValue></CSItem><CSItem><CSItemCode>IT4041315</CSItemCode><CSItemName>温度范围</CSItemName><CSItemRank>3</CSItemRank><CSItemIsFreeFormat>0</CSItemIsFreeFormat><CSValue><CSValueCode>VA4096098</CSValueCode><CSValueName>130 °C - 200 °C</CSValueName><CSValueRank>6</CSValueRank></CSValue></CSItem><CSItem><CSItemCode>IT4041314</CSItemCode><CSItemName>加热设置档数</CSItemName><CSItemRank>4</CSItemRank><CSItemIsFreeFormat>0</CSItemIsFreeFormat><CSValue><CSValueCode>VA4096093</CSValueCode><CSValueName>8</CSValueName><CSValueRank>10</CSValueRank></CSValue></CSItem><CSItem><CSItemCode>IT4041311</CSItemCode><CSItemName>温度控制类型</CSItemName><CSItemRank>5</CSItemRank><CSItemIsFreeFormat>0</CSItemIsFreeFormat><CSValue><CSValueCode>VA4096080</CSValueCode><CSValueName>液晶</CSValueName><CSValueRank>2</CSValueRank></CSValue></CSItem><CSItem><CSItemCode>IT4024577</CSItemCode><CSItemName>加热时间</CSItemName><CSItemRank>6</CSItemRank><CSItemIsFreeFormat>0</CSItemIsFreeFormat><CSValue><CSValueCode>VA4065402</CSValueCode><CSValueName>60 秒</CSValueName><CSValueRank>13</CSValueRank></CSValue></CSItem><CSItem><CSItemCode>IT4014392</CSItemCode><CSItemName>电线长度</CSItemName><CSItemRank>7</CSItemRank><CSItemIsFreeFormat>0</CSItemIsFreeFormat><CSValue><CSValueCode>VA4052545</CSValueCode><CSValueName>1.8 米</CSValueName><CSValueRank>8</CSValueRank></CSValue></CSItem><CSItem><CSItemCode>IT4007296</CSItemCode><CSItemName>电压</CSItemName><CSItemRank>8</CSItemRank><CSItemIsFreeFormat>0</CSItemIsFreeFormat><CSValue><CSValueCode>VA4065410</CSValueCode><CSValueName>全球</CSValueName><CSValueRank>7</CSValueRank></CSValue><UnitOfMeasure><UnitOfMeasureCode>3000071</UnitOfMeasureCode><UnitOfMeasureName>伏</UnitOfMeasureName><UnitOfMeasureSymbol>伏</UnitOfMeasureSymbol></UnitOfMeasure></CSItem></CSChapter><CSChapter><CSChapterCode>CHA_0000006</CSChapterCode><CSChapterName>功能</CSChapterName><CSChapterRank>2</CSChapterRank><CSItem><CSItemCode>IT4024578</CSItemCode><CSItemName>自动关熄功能</CSItemName><CSItemRank>1</CSItemRank><CSItemIsFreeFormat>0</CSItemIsFreeFormat><CSValue><CSValueCode>VA4056190</CSValueCode><CSValueName>60 分钟后</CSValueName><CSValueRank>11</CSValueRank></CSValue></CSItem><CSItem><CSItemCode>IT4024583</CSItemCode><CSItemName>简易锁扣</CSItemName><CSItemRank>2</CSItemRank><CSItemIsFreeFormat>0</CSItemIsFreeFormat><CSValue><CSValueCode>VA4056195</CSValueCode><CSValueName>是</CSValueName><CSValueRank>5</CSValueRank></CSValue></CSItem><CSItem><CSItemCode>IT4024585</CSItemCode><CSItemName>搁置架</CSItemName><CSItemRank>3</CSItemRank><CSItemIsFreeFormat>0</CSItemIsFreeFormat><CSValue><CSValueCode>VA4096075</CSValueCode><CSValueName>是</CSValueName><CSValueRank>3</CSValueRank></CSValue></CSItem><CSItem><CSItemCode>IT4027118</CSItemCode><CSItemName>绕线装置</CSItemName><CSItemRank>4</CSItemRank><CSItemIsFreeFormat>0</CSItemIsFreeFormat><CSValue><CSValueCode>VA4063734</CSValueCode><CSValueName>是</CSValueName><CSValueRank>1</CSValueRank></CSValue></CSItem></CSChapter><CSChapter><CSChapterCode>CHA_0000049</CSChapterCode><CSChapterName>服务</CSChapterName><CSChapterRank>3</CSChapterRank><CSItem><CSItemCode>IT4010194</CSItemCode><CSItemName>2 年全球保修</CSItemName><CSItemRank>1</CSItemRank><CSItemIsFreeFormat>0</CSItemIsFreeFormat><CSValue><CSValueCode>VA4023904</CSValueCode><CSValueName>是</CSValueName><CSValueRank>4</CSValueRank></CSValue></CSItem></CSChapter><Filters><Purpose type="Comparison"><Features><Feature code="F400081391" rank="1" referenceName="SplitStop Technology (Calla 2)"/><Feature code="F400076599" rank="3" referenceName="Keratin infusion (Calla)"/><Feature code="F400076547" rank="4" referenceName="Digital temperature settings (8 set.) (Calla)"/><Feature code="F400076614" rank="5" referenceName="Up to 200°C (Calla)"/><Feature code="F400076704" rank="6" referenceName="32mm large barrel (Calla)"/><Feature code="F400078014" rank="7" referenceName="30% more styling space (Calla)"/><Feature code="FEA_0001002_BHB868_05" rank="8" referenceName="Cool tip (Haircare)"/><Feature code="F400076597" rank="9" referenceName="Safety stand (Calla)"/><Feature code="F400076593" rank="10" referenceName="Fast heat up time (60 sec.) (Calla)"/><Feature code="F400035855_BHB868_05" rank="11" referenceName="Key-lock function (curlers)"/><Feature code="F400042187_BHB868_05" rank="12" referenceName="Swivel cord (HairCare)"/><Feature code="F400076594" rank="13" referenceName="Auto shut-off 60min (Curler &amp; Straigtener)"/><Feature code="F400047173_BHB868_05" rank="14" referenceName="1.8 m cord (Haircare)"/></Features><CSItems><CSItem code="IT4041313" rank="1" referenceName="技术规格 - 卷发棒大小"/><CSItem code="IT4024578" rank="1" referenceName="功能 - 自动关熄功能"/><CSItem code="IT4010194" rank="1" referenceName="服务 - 2 年全球保修"/><CSItem code="IT4041316" rank="2" referenceName="技术规格 - 卷发棒涂层"/><CSItem code="IT4024583" rank="2" referenceName="功能 - 简易锁扣"/><CSItem code="IT4041315" rank="3" referenceName="技术规格 - 温度范围"/><CSItem code="IT4024585" rank="3" referenceName="功能 - 搁置架"/><CSItem code="IT4041314" rank="4" referenceName="技术规格 - 加热设置档数"/><CSItem code="IT4027118" rank="4" referenceName="功能 - 绕线装置"/><CSItem code="IT4041311" rank="5" referenceName="技术规格 - 温度控制类型"/><CSItem code="IT4024577" rank="6" referenceName="技术规格 - 加热时间"/><CSItem code="IT4014392" rank="7" referenceName="技术规格 - 电线长度"/><CSItem code="IT4007296" rank="8" referenceName="技术规格 - 电压"/></CSItems></Purpose><Purpose type="Detail"><Features><Feature code="F400081391" rank="1" referenceName="SplitStop Technology (Calla 2)"/><Feature code="F400076599" rank="3" referenceName="Keratin infusion (Calla)"/><Feature code="F400076547" rank="4" referenceName="Digital temperature settings (8 set.) (Calla)"/><Feature code="F400076614" rank="5" referenceName="Up to 200°C (Calla)"/><Feature code="F400076704" rank="6" referenceName="32mm large barrel (Calla)"/><Feature code="F400078014" rank="7" referenceName="30% more styling space (Calla)"/><Feature code="FEA_0001002_BHB868_05" rank="8" referenceName="Cool tip (Haircare)"/><Feature code="F400076597" rank="9" referenceName="Safety stand (Calla)"/><Feature code="F400076593" rank="10" referenceName="Fast heat up time (60 sec.) (Calla)"/><Feature code="F400035855_BHB868_05" rank="11" referenceName="Key-lock function (curlers)"/><Feature code="F400042187_BHB868_05" rank="12" referenceName="Swivel cord (HairCare)"/><Feature code="F400076594" rank="13" referenceName="Auto shut-off 60min (Curler &amp; Straigtener)"/><Feature code="F400047173_BHB868_05" rank="14" referenceName="1.8 m cord (Haircare)"/></Features><CSItems><CSItem code="IT4041313" rank="1" referenceName="技术规格 - 卷发棒大小"/><CSItem code="IT4024578" rank="1" referenceName="功能 - 自动关熄功能"/><CSItem code="IT4010194" rank="1" referenceName="服务 - 2 年全球保修"/><CSItem code="IT4041316" rank="2" referenceName="技术规格 - 卷发棒涂层"/><CSItem code="IT4024583" rank="2" referenceName="功能 - 简易锁扣"/><CSItem code="IT4041315" rank="3" referenceName="技术规格 - 温度范围"/><CSItem code="IT4024585" rank="3" referenceName="功能 - 搁置架"/><CSItem code="IT4041314" rank="4" referenceName="技术规格 - 加热设置档数"/><CSItem code="IT4027118" rank="4" referenceName="功能 - 绕线装置"/><CSItem code="IT4041311" rank="5" referenceName="技术规格 - 温度控制类型"/><CSItem code="IT4024577" rank="6" referenceName="技术规格 - 加热时间"/><CSItem code="IT4014392" rank="7" referenceName="技术规格 - 电线长度"/><CSItem code="IT4007296" rank="8" referenceName="技术规格 - 电压"/></CSItems></Purpose></Filters><FeatureCompareGroups/><Disclaimers><Disclaimer code="DIS40010140" rank="1" referenceName="after 2 years of simulated curling (Calla)"><DisclaimerText>模拟普通欧洲人在以 180°C 卷发 2 年后，发梢无分叉</DisclaimerText><DisclaimElements/></Disclaimer></Disclaimers><RichTexts/></Product></Products>