<?xml version="1.0" encoding="UTF-8"?><Products xmlns:source="http://apache.org/cocoon/source/1.0" DocStatus="approved" DocTimeStamp="2018-03-17T09:27:57"><Product Country="CN" IsAccessory="false" IsMaster="false" Locale="zh_CN" lastModified="2018-03-16T05:02:34" masterLastModified="2017-10-11T00:29:49"><CTN>FC9732/81</CTN><GTIN>06923410754315</GTIN><MarketingVersion>3.0.1</MarketingVersion><MarketingStatus>Final Published</MarketingStatus><CRDate>2017-09-01</CRDate><CRDateYW>201735</CRDateYW><ModelYears><ModelYear>2017</ModelYear></ModelYears><ProductDivision><ProductDivisionCode>0200</ProductDivisionCode><ProductDivisionName>Consumer Lifestyle</ProductDivisionName><FormerPDCode>0300</FormerPDCode></ProductDivision><ProductOwner>Daniel Abbo</ProductOwner><DTN>FC9732/81</DTN><Catalog><StartOfPublication>2017-10-01T00:00:00</StartOfPublication><EndOfPublication>2021-10-01T00:00:00</EndOfPublication><StartOfSales>2017-10-01T00:00:00</StartOfSales><EndOfSales>2021-10-01T00:00:00</EndOfSales><DummyPrice>1599</DummyPrice><Deleted>false</Deleted><DeleteAfterDate/><ProductRank>50</ProductRank></Catalog><FinancialCategorization><BusinessGroupCode>9042</BusinessGroupCode><BusinessGroupName>Domestic Appliances</BusinessGroupName><BusinessUnitCode>0351</BusinessUnitCode><BusinessUnitName>Floor Care</BusinessUnitName><MainArticleGroupCode>F71</MainArticleGroupCode><MainArticleGroupName>Bagless</MainArticleGroupName><ArticleGroupCode>3465</ArticleGroupCode><ArticleGroupName>Bagless 2 Mid End</ArticleGroupName></FinancialCategorization><Categorization type="CONSUMER"><GroupCode>HOUSEHOLD_PRODUCTS_GR</GroupCode><GroupName>Household products</GroupName><CategoryCode>VACUUM_CLEANERS_CA</CategoryCode><CategoryName>Vacuum Cleaners</CategoryName><SubcategoryCode>BAGLESS_VACUUM_CLEANERS_SU</SubcategoryCode><SubcategoryName>Bagless vacuum cleaner</SubcategoryName></Categorization><Assets><Asset code="FC9732_81" description="User manual" extension="pdf" lastModified="2018-02-23" locale="zh_CN" number="001" type="DFU">http://download.p4c.philips.com/files/f/fc9732_81/fc9732_81_dfu_zhs.pdf</Asset><Asset code="FC9732_81" description="Important Information Manual" extension="pdf" lastModified="2017-08-23" locale="zh_CN" number="001" type="IIM">http://download.p4c.philips.com/files/f/fc9732_81/fc9732_81_iim_zhs.pdf</Asset><Asset code="FC9732_81" description="Leaflet" extension="pdf" lastModified="2017-12-15" locale="zh_CN" number="001" type="PSS">http://download.p4c.philips.com/files/f/fc9732_81/fc9732_81_pss_zhscn.pdf</Asset><Asset code="FC9732_81" description="Front product photograph - highres 2196x1795" extension="tif" lastModified="2017-08-14" locale="global" number="001" type="_FP">http://images.philips.com/is/image/PhilipsConsumer/FC9732_81-_FP-global-001</Asset><Asset code="FC9732_81" description="Product detail 1 - highres 2196x1795" extension="tif" lastModified="2017-07-27" locale="global" number="001" type="D1P">http://images.philips.com/is/image/PhilipsConsumer/FC9732_81-D1P-global-001</Asset><Asset code="FC9732_81" description="Emotional Benefit 1 - highres 2196x1795" extension="tif" lastModified="2018-03-09" locale="global" number="001" type="E1P">http://images.philips.com/is/image/PhilipsConsumer/FC9732_81-E1P-global-001</Asset><Asset code="FC9732_81" description="Emotional Benefit 2 - highres 2196x1795" extension="tif" lastModified="2018-03-14" locale="global" number="001" type="E2P">http://images.philips.com/is/image/PhilipsConsumer/FC9732_81-E2P-global-001</Asset><Asset code="FC9732_81" description="Main in-use photograph - highres 2480x1462" extension="tif" lastModified="2017-07-27" locale="global" number="001" type="MI1">http://images.philips.com/is/image/PhilipsConsumer/FC9732_81-MI1-global-001</Asset><Asset code="FC9732_81" description="Leaflet" extension="pdf" lastModified="2017-11-14" locale="global" number="001" type="PSS">http://download.p4c.philips.com/files/f/fc9732_81/fc9732_81_pss_.pdf</Asset><Asset code="FC9732_81" description="Standard product photograph - highres 2196x1795" extension="tif" lastModified="2017-08-14" locale="global" number="001" type="RTP">http://images.philips.com/is/image/PhilipsConsumer/FC9732_81-RTP-global-001</Asset><Asset code="FC9732_81" description="Product In Use 1 - highres 2196x1795" extension="tif" lastModified="2017-07-27" locale="global" number="001" type="U1P">http://images.philips.com/is/image/PhilipsConsumer/FC9732_81-U1P-global-001</Asset><Asset code="FC9732_81" description="Product In Use 2 - highres 2196x1795" extension="tif" lastModified="2017-07-27" locale="global" number="001" type="U2P">http://images.philips.com/is/image/PhilipsConsumer/FC9732_81-U2P-global-001</Asset><Asset code="FC9732_81" description="Single product shot" extension="" lastModified="2018-03-16" locale="zh_CN" number="" type="IMS">http://images.philips.com/is/image/PhilipsConsumer/FC9732_81-IMS-zh_CN</Asset><Asset code="FC9732_81" description="Product gallery image set" extension="" lastModified="2018-03-16" locale="zh_CN" number="" type="GAL">http://images.philips.com/is/image/PhilipsConsumer/FC9732_81-GAL-zh_CN</Asset><Asset code="FC9732_81" description="Product URL" extension="" lastModified="2018-03-16" locale="zh_CN" number="" type="URL">http://www.philips.com.cn/c-p/FC9732_81/powerpro-expert-bagless-vacuum-cleaner</Asset><Asset code="F400018901" description="Feature photograph - highres 2100x1170" extension="tif" lastModified="2015-08-13" locale="global" number="001" type="FIL">http://images.philips.com/is/image/PhilipsConsumer/F400018901-FIL-global-001</Asset><Asset code="F400081993" description="Feature photograph - highres 2100x1170" extension="tif" lastModified="2017-03-07" locale="global" number="001" type="FIL">http://images.philips.com/is/image/PhilipsConsumer/F400081993-FIL-global-001</Asset><Asset code="F400081994" description="Feature photograph - highres 2100x1170" extension="tif" lastModified="2017-11-14" locale="global" number="001" type="FIL">http://images.philips.com/is/image/PhilipsConsumer/F400081994-FIL-global-001</Asset><Asset code="F400081996" description="Feature photograph - highres 2100x1170" extension="tif" lastModified="2017-09-08" locale="global" number="001" type="FIL">http://images.philips.com/is/image/PhilipsConsumer/F400081996-FIL-global-001</Asset><Asset code="F400081997" description="Feature photograph - highres 2100x1170" extension="tif" lastModified="2017-05-31" locale="global" number="001" type="FIL">http://images.philips.com/is/image/PhilipsConsumer/F400081997-FIL-global-001</Asset><Asset code="F400081998" description="Feature photograph - highres 2100x1170" extension="tif" lastModified="2017-05-31" locale="global" number="001" type="FIL">http://images.philips.com/is/image/PhilipsConsumer/F400081998-FIL-global-001</Asset><Asset code="F400082613" description="Feature photograph - highres 2100x1170" extension="tif" lastModified="2017-07-03" locale="global" number="001" type="FIL">http://images.philips.com/is/image/PhilipsConsumer/F400082613-FIL-global-001</Asset><Asset code="F400082614" description="Feature photograph - highres 2100x1170" extension="tif" lastModified="2017-09-08" locale="global" number="001" type="FIL">http://images.philips.com/is/image/PhilipsConsumer/F400082614-FIL-global-001</Asset><Asset code="F400082615" description="Feature photograph - highres 2100x1170" extension="tif" lastModified="2017-05-31" locale="global" number="001" type="FIL">http://images.philips.com/is/image/PhilipsConsumer/F400082615-FIL-global-001</Asset><Asset code="PHI" description="Brand logo - highres 1476x886" extension="tif" lastModified="2016-02-18" locale="global" number="001" type="BRP">http://images.philips.com/is/image/PhilipsConsumer/PHI-BRP-global-001</Asset></Assets><ProductName>1800 瓦防过敏滤网 2 升无尘袋吸尘器</ProductName><FullProductName>飞利浦 PowerPro Expert 无尘袋吸尘器 FC9732/81 1800 瓦防过敏过滤网 2 升</FullProductName><NamingString><MasterBrand><BrandCode>PHI</BrandCode><BrandName>Philips</BrandName></MasterBrand><BrandString>飞利浦</BrandString><Family><FamilyCode>SB40005365</FamilyCode><FamilyName>PowerPro Expert</FamilyName><FamilyNameUsed>1</FamilyNameUsed></Family><Descriptor><DescriptorCode>NSD_000001</DescriptorCode><DescriptorName>无尘袋吸尘器</DescriptorName></Descriptor><Alphanumeric>FC9732/81</Alphanumeric><VersionElement1><VersionElementCode>V4005037</VersionElementCode><VersionElementName>1800 瓦</VersionElementName></VersionElement1><VersionElement2><VersionElementCode>V4043664</VersionElementCode><VersionElementName>防过敏滤网</VersionElementName></VersionElement2><VersionElement3><VersionElementCode>V4010496</VersionElementCode><VersionElementName>2 升容量</VersionElementName></VersionElement3><VersionString>1800 瓦防过敏过滤网 2 升</VersionString><BrandedFeatureString/><DescriptorBrandedFeatureString>无尘袋吸尘器</DescriptorBrandedFeatureString></NamingString><WOW>可清除并锁定 99% 的细尘。*</WOW><SubWOW>得益于超强吸力和防过敏锁</SubWOW><MarketingTextHeader>飞利浦 PowerPro Expert 经专业设计，强大吸力为您带来卓越的清洁体验。第八代飓风离尘技术和我们的 TriActive+ 吸嘴适用于任何地板，共同打造优质的清洁效果。</MarketingTextHeader><KeyBenefitArea><KeyBenefitAreaCode>K4013017</KeyBenefitAreaCode><KeyBenefitAreaName>省力清洁</KeyBenefitAreaName><KeyBenefitAreaRank>1</KeyBenefitAreaRank><Feature><FeatureCode>F400018901</FeatureCode><FeatureReferenceName>Mini Turbo Brush</FeatureReferenceName><FeatureName>迷你涡轮刷</FeatureName><FeatureLongDescription>旋转的迷你涡轮刷，轻松清除毛发和绒毛</FeatureLongDescription><FeatureGlossary>迷你涡轮刷可迅速去除沙发、靠垫及其他衣物上的（动物）毛发、绒毛和灰尘。此刷非常适合宠物主人。</FeatureGlossary><FeatureRank>6</FeatureRank><FeatureTopRank>1</FeatureTopRank></Feature><Feature><FeatureCode>F400082614</FeatureCode><FeatureReferenceName>Onboard accessories for always at hand accessories</FeatureReferenceName><FeatureName>随附附件</FeatureName><FeatureLongDescription>随附的附件拿取方便</FeatureLongDescription><FeatureRank>8</FeatureRank><FeatureTopRank>8</FeatureTopRank></Feature><Feature><FeatureCode>F400082615</FeatureCode><FeatureReferenceName>Soft brush integrated into handle for easy access</FeatureReferenceName><FeatureName>集成式软毛刷</FeatureName><FeatureLongDescription>软毛刷置于手柄中，便于拿取</FeatureLongDescription><FeatureRank>9</FeatureRank><FeatureTopRank>9</FeatureTopRank></Feature></KeyBenefitArea><KeyBenefitArea><KeyBenefitAreaCode>KBA_0000704</KeyBenefitAreaCode><KeyBenefitAreaName>卓越的性能</KeyBenefitAreaName><KeyBenefitAreaRank>2</KeyBenefitAreaRank><Feature><FeatureCode>F400081993</FeatureCode><FeatureReferenceName>PowerCyclone 8 technology separates dust from air</FeatureReferenceName><FeatureName>强劲的旋风操作</FeatureName><FeatureLongDescription>第八代飓风离尘技术可分离空气中的灰尘</FeatureLongDescription><FeatureGlossary>独特的第八代飓风离尘技术使空气加速进入气旋室，以分离出灰尘。强劲的旋风操作可增大气流和性能，实现卓越的清洁效果。</FeatureGlossary><FeatureRank>4</FeatureRank><FeatureTopRank>5</FeatureTopRank></Feature><Feature><FeatureCode>F400081994</FeatureCode><FeatureReferenceName>TriActive+ nozzle for 3-way cleaning action</FeatureReferenceName><FeatureName>3 向清洁操作</FeatureName><FeatureLongDescription>TriActive+ 吸嘴，可进行 3 向清洁操作</FeatureLongDescription><FeatureGlossary>我们的 TriActive + 吸嘴可以轻轻打开地毯绒毛，进行深层清洁。位于正面的毛刷可清除较大的面包屑，侧面的毛刷可紧贴家具和墙壁做清洁。</FeatureGlossary><FeatureRank>5</FeatureRank><FeatureTopRank>6</FeatureTopRank></Feature></KeyBenefitArea><KeyBenefitArea><KeyBenefitAreaCode>K4032384</KeyBenefitAreaCode><KeyBenefitAreaName>防过敏</KeyBenefitAreaName><KeyBenefitAreaRank>3</KeyBenefitAreaRank><Feature><FeatureCode>F400081996</FeatureCode><FeatureReferenceName>Allergy Lock traps dust inside</FeatureReferenceName><FeatureName>防过敏锁</FeatureName><FeatureLongDescription>过敏锁将灰尘留在机内</FeatureLongDescription><FeatureGlossary>开始操作前，我们的过敏锁系统利用传感器确保集尘桶已完全密封且不会泄漏。</FeatureGlossary><FeatureRank>1</FeatureRank><FeatureTopRank>2</FeatureTopRank></Feature><Feature><FeatureCode>F400081997</FeatureCode><FeatureReferenceName>Easily emptied with one hand to control dust</FeatureReferenceName><FeatureName>方便清空，更加卫生</FeatureName><FeatureLongDescription>单手轻松清空灰尘</FeatureLongDescription><FeatureGlossary>集尘桶形状独特、表面光滑，可单手拆卸和轻松除灰。</FeatureGlossary><FeatureRank>2</FeatureRank><FeatureTopRank>3</FeatureTopRank></Feature><Feature><FeatureCode>F400082613</FeatureCode><FeatureReferenceName>Allergy filter for 99,95% filtration</FeatureReferenceName><FeatureName>防过敏滤网</FeatureName><FeatureLongDescription>防过敏滤网过滤率达 99.95%</FeatureLongDescription><FeatureGlossary>我们的清洁空气过滤系统密封性卓越，可吸附 99.9% 的细尘（包括花粉、宠物毛发和尘螨），适合过敏患者及卫生要求较高的人士。</FeatureGlossary><FeatureRank>3</FeatureRank><FeatureTopRank>7</FeatureTopRank></Feature></KeyBenefitArea><FeatureImage><FeatureCode>F400018901</FeatureCode><FeatureReferenceName>Mini Turbo Brush</FeatureReferenceName><FeatureImageRank>1</FeatureImageRank></FeatureImage><FeatureImage><FeatureCode>F400081996</FeatureCode><FeatureReferenceName>Allergy Lock traps dust inside</FeatureReferenceName><FeatureImageRank>2</FeatureImageRank></FeatureImage><FeatureImage><FeatureCode>F400081997</FeatureCode><FeatureReferenceName>Easily emptied with one hand to control dust</FeatureReferenceName><FeatureImageRank>3</FeatureImageRank></FeatureImage><FeatureImage><FeatureCode>F400081998</FeatureCode><FeatureReferenceName>ErgoGrip handle for maneuverability and remote control</FeatureReferenceName><FeatureImageRank>4</FeatureImageRank></FeatureImage><FeatureImage><FeatureCode>F400081993</FeatureCode><FeatureReferenceName>PowerCyclone 8 technology separates dust from air</FeatureReferenceName><FeatureImageRank>5</FeatureImageRank></FeatureImage><FeatureImage><FeatureCode>F400081994</FeatureCode><FeatureReferenceName>TriActive+ nozzle for 3-way cleaning action</FeatureReferenceName><FeatureImageRank>6</FeatureImageRank></FeatureImage><FeatureImage><FeatureCode>F400082613</FeatureCode><FeatureReferenceName>Allergy filter for 99,95% filtration</FeatureReferenceName><FeatureImageRank>7</FeatureImageRank></FeatureImage><FeatureImage><FeatureCode>F400082614</FeatureCode><FeatureReferenceName>Onboard accessories for always at hand accessories</FeatureReferenceName><FeatureImageRank>8</FeatureImageRank></FeatureImage><FeatureImage><FeatureCode>F400082615</FeatureCode><FeatureReferenceName>Soft brush integrated into handle for easy access</FeatureReferenceName><FeatureImageRank>9</FeatureImageRank></FeatureImage><FeatureHighlight><FeatureCode>F400018901</FeatureCode><FeatureReferenceName>Mini Turbo Brush</FeatureReferenceName><FeatureHighlightRank>1</FeatureHighlightRank></FeatureHighlight><FeatureHighlight><FeatureCode>F400081996</FeatureCode><FeatureReferenceName>Allergy Lock traps dust inside</FeatureReferenceName><FeatureHighlightRank>2</FeatureHighlightRank></FeatureHighlight><FeatureHighlight><FeatureCode>F400081997</FeatureCode><FeatureReferenceName>Easily emptied with one hand to control dust</FeatureReferenceName><FeatureHighlightRank>3</FeatureHighlightRank></FeatureHighlight><FeatureHighlight><FeatureCode>F400081998</FeatureCode><FeatureReferenceName>ErgoGrip handle for maneuverability and remote control</FeatureReferenceName><FeatureHighlightRank>4</FeatureHighlightRank></FeatureHighlight><FeatureHighlight><FeatureCode>F400081993</FeatureCode><FeatureReferenceName>PowerCyclone 8 technology separates dust from air</FeatureReferenceName><FeatureHighlightRank>5</FeatureHighlightRank></FeatureHighlight><FeatureHighlight><FeatureCode>F400081994</FeatureCode><FeatureReferenceName>TriActive+ nozzle for 3-way cleaning action</FeatureReferenceName><FeatureHighlightRank>6</FeatureHighlightRank></FeatureHighlight><FeatureHighlight><FeatureCode>F400082613</FeatureCode><FeatureReferenceName>Allergy filter for 99,95% filtration</FeatureReferenceName><FeatureHighlightRank>7</FeatureHighlightRank></FeatureHighlight><FeatureHighlight><FeatureCode>F400082614</FeatureCode><FeatureReferenceName>Onboard accessories for always at hand accessories</FeatureReferenceName><FeatureHighlightRank>8</FeatureHighlightRank></FeatureHighlight><FeatureHighlight><FeatureCode>F400082615</FeatureCode><FeatureReferenceName>Soft brush integrated into handle for easy access</FeatureReferenceName><FeatureHighlightRank>9</FeatureHighlightRank></FeatureHighlight><CSChapter><CSChapterCode>CH4001562</CSChapterCode><CSChapterName>性能</CSChapterName><CSChapterRank>1</CSChapterRank><CSItem><CSItemCode>4010823</CSItemCode><CSItemName>气流（最大）</CSItemName><CSItemRank>1</CSItemRank><CSItemIsFreeFormat>1</CSItemIsFreeFormat><CSValue><CSValueCode>VA4024662</CSValueCode><CSValueName>41</CSValueName><CSValueRank>1</CSValueRank></CSValue><UnitOfMeasure><UnitOfMeasureCode>4000020</UnitOfMeasureCode><UnitOfMeasureName>-升/秒</UnitOfMeasureName><UnitOfMeasureSymbol>升/秒</UnitOfMeasureSymbol></UnitOfMeasure></CSItem><CSItem><CSItemCode>4011563</CSItemCode><CSItemName>输入功率 (IEC)</CSItemName><CSItemRank>2</CSItemRank><CSItemIsFreeFormat>1</CSItemIsFreeFormat><CSValue><CSValueCode>VA4024666</CSValueCode><CSValueName>1800</CSValueName><CSValueRank>1</CSValueRank></CSValue><UnitOfMeasure><UnitOfMeasureCode>3000072</UnitOfMeasureCode><UnitOfMeasureName>瓦特</UnitOfMeasureName><UnitOfMeasureSymbol>瓦</UnitOfMeasureSymbol></UnitOfMeasure></CSItem><CSItem><CSItemCode>4011774</CSItemCode><CSItemName>输入功率（最大）</CSItemName><CSItemRank>3</CSItemRank><CSItemIsFreeFormat>1</CSItemIsFreeFormat><CSValue><CSValueCode>VA4024667</CSValueCode><CSValueName>1800</CSValueName><CSValueRank>1</CSValueRank></CSValue><UnitOfMeasure><UnitOfMeasureCode>3000072</UnitOfMeasureCode><UnitOfMeasureName>瓦特</UnitOfMeasureName><UnitOfMeasureSymbol>瓦</UnitOfMeasureSymbol></UnitOfMeasure></CSItem><CSItem><CSItemCode>IT4035411</CSItemCode><CSItemName>声压级</CSItemName><CSItemRank>4</CSItemRank><CSItemIsFreeFormat>1</CSItemIsFreeFormat><CSValue><CSValueCode>VA4082318</CSValueCode><CSValueName>&lt; 79</CSValueName><CSValueRank>1</CSValueRank></CSValue><UnitOfMeasure><UnitOfMeasureCode>3000041</UnitOfMeasureCode><UnitOfMeasureName>分贝</UnitOfMeasureName><UnitOfMeasureSymbol>分贝</UnitOfMeasureSymbol></UnitOfMeasure></CSItem><CSItem><CSItemCode>4012089</CSItemCode><CSItemName>吸力（最大）</CSItemName><CSItemRank>5</CSItemRank><CSItemIsFreeFormat>1</CSItemIsFreeFormat><CSValue><CSValueCode>VA4024672</CSValueCode><CSValueName>420</CSValueName><CSValueRank>1</CSValueRank></CSValue><UnitOfMeasure><UnitOfMeasureCode>3000072</UnitOfMeasureCode><UnitOfMeasureName>瓦特</UnitOfMeasureName><UnitOfMeasureSymbol>瓦</UnitOfMeasureSymbol></UnitOfMeasure></CSItem></CSChapter><CSChapter><CSChapterCode>CH4001866</CSChapterCode><CSChapterName>可用性</CSChapterName><CSChapterRank>2</CSChapterRank><CSItem><CSItemCode>4010616</CSItemCode><CSItemName>操作半径</CSItemName><CSItemRank>1</CSItemRank><CSItemIsFreeFormat>1</CSItemIsFreeFormat><CSValue><CSValueCode>VA4024674</CSValueCode><CSValueName>10</CSValueName><CSValueRank>1</CSValueRank></CSValue><UnitOfMeasure><UnitOfMeasureCode>3000057</UnitOfMeasureCode><UnitOfMeasureName>米</UnitOfMeasureName><UnitOfMeasureSymbol>米</UnitOfMeasureSymbol></UnitOfMeasure></CSItem><CSItem><CSItemCode>IT4009227</CSItemCode><CSItemName>手柄</CSItemName><CSItemRank>2</CSItemRank><CSItemIsFreeFormat>0</CSItemIsFreeFormat><CSValue><CSValueCode>VA4022271</CSValueCode><CSValueName>顶部和正面</CSValueName><CSValueRank>1</CSValueRank></CSValue></CSItem><CSItem><CSItemCode>4011112</CSItemCode><CSItemName>电线长度</CSItemName><CSItemRank>3</CSItemRank><CSItemIsFreeFormat>1</CSItemIsFreeFormat><CSValue><CSValueCode>VA4024675</CSValueCode><CSValueName>7</CSValueName><CSValueRank>1</CSValueRank></CSValue><UnitOfMeasure><UnitOfMeasureCode>3000057</UnitOfMeasureCode><UnitOfMeasureName>米</UnitOfMeasureName><UnitOfMeasureSymbol>米</UnitOfMeasureSymbol></UnitOfMeasure></CSItem><CSItem><CSItemCode>IT4009225</CSItemCode><CSItemName>吸管类型</CSItemName><CSItemRank>4</CSItemRank><CSItemIsFreeFormat>0</CSItemIsFreeFormat><CSValue><CSValueCode>VA4022262</CSValueCode><CSValueName>2 节金属伸缩管</CSValueName><CSValueRank>1</CSValueRank></CSValue></CSItem><CSItem><CSItemCode>IT4009238</CSItemCode><CSItemName>滚轮类型</CSItemName><CSItemRank>5</CSItemRank><CSItemIsFreeFormat>0</CSItemIsFreeFormat><CSValue><CSValueCode>VA4022289</CSValueCode><CSValueName>橡胶</CSValueName><CSValueRank>1</CSValueRank></CSValue></CSItem><CSItem><CSItemCode>IT4009231</CSItemCode><CSItemName>管联接</CSItemName><CSItemRank>6</CSItemRank><CSItemIsFreeFormat>0</CSItemIsFreeFormat><CSValue><CSValueCode>VA4089165</CSValueCode><CSValueName>活动锁</CSValueName><CSValueRank>1</CSValueRank></CSValue></CSItem><CSItem><CSItemCode>IT4009239</CSItemCode><CSItemName>吸力控制</CSItemName><CSItemRank>7</CSItemRank><CSItemIsFreeFormat>0</CSItemIsFreeFormat><CSValue><CSValueCode>VA4022292</CSValueCode><CSValueName>电子产品</CSValueName><CSValueRank>1</CSValueRank></CSValue></CSItem></CSChapter><CSChapter><CSChapterCode>3001096</CSChapterCode><CSChapterName>设计</CSChapterName><CSChapterRank>3</CSChapterRank><CSItem><CSItemCode>3011951</CSItemCode><CSItemName>颜色</CSItemName><CSItemRank>1</CSItemRank><CSItemIsFreeFormat>0</CSItemIsFreeFormat><CSValue><CSValueCode>VA4054660</CSValueCode><CSValueName>魔力紫</CSValueName><CSValueRank>1</CSValueRank></CSValue></CSItem></CSChapter><CSChapter><CSChapterCode>CH4001865</CSChapterCode><CSChapterName>过滤</CSChapterName><CSChapterRank>4</CSChapterRank><CSItem><CSItemCode>4011324</CSItemCode><CSItemName>尘量</CSItemName><CSItemRank>1</CSItemRank><CSItemIsFreeFormat>1</CSItemIsFreeFormat><CSValue><CSValueCode>VA4024695</CSValueCode><CSValueName>2</CSValueName><CSValueRank>1</CSValueRank></CSValue><UnitOfMeasure><UnitOfMeasureCode>4000010</UnitOfMeasureCode><UnitOfMeasureName>-升</UnitOfMeasureName><UnitOfMeasureSymbol>升</UnitOfMeasureSymbol></UnitOfMeasure></CSItem><CSItem><CSItemCode>IT4009220</CSItemCode><CSItemName>排风滤网</CSItemName><CSItemRank>2</CSItemRank><CSItemIsFreeFormat>0</CSItemIsFreeFormat><CSValue><CSValueCode>VA4093241</CSValueCode><CSValueName>防过敏滤网</CSValueName><CSValueRank>1</CSValueRank></CSValue></CSItem><CSItem><CSItemCode>IT4009221</CSItemCode><CSItemName>马达滤网</CSItemName><CSItemRank>3</CSItemRank><CSItemIsFreeFormat>0</CSItemIsFreeFormat><CSValue><CSValueCode>VA4087499</CSValueCode><CSValueName>长效可水洗过滤网</CSValueName><CSValueRank>1</CSValueRank></CSValue></CSItem></CSChapter><CSChapter><CSChapterCode>CH4000681</CSChapterCode><CSChapterName>吸尘嘴和附件</CSChapterName><CSChapterRank>5</CSChapterRank><CSItem><CSItemCode>IT4003902</CSItemCode><CSItemName>附件存储</CSItemName><CSItemRank>1</CSItemRank><CSItemIsFreeFormat>0</CSItemIsFreeFormat><CSValue><CSValueCode>VA4051991</CSValueCode><CSValueName>机身上</CSValueName><CSValueRank>1</CSValueRank></CSValue></CSItem><CSItem><CSItemCode>IT4003904</CSItemCode><CSItemName>附加吸尘嘴</CSItemName><CSItemRank>2</CSItemRank><CSItemIsFreeFormat>0</CSItemIsFreeFormat><CSValue><CSValueCode>VA4027146</CSValueCode><CSValueName>迷你涡轮刷</CSValueName><CSValueRank>1</CSValueRank></CSValue></CSItem><CSItem><CSItemCode>IT4009242</CSItemCode><CSItemName>标准吸尘嘴</CSItemName><CSItemRank>3</CSItemRank><CSItemIsFreeFormat>0</CSItemIsFreeFormat><CSValue><CSValueCode>VA4053603</CSValueCode><CSValueName>TriActive + 吸嘴</CSValueName><CSValueRank>1</CSValueRank></CSValue></CSItem><CSItem><CSItemCode>IT4009243</CSItemCode><CSItemName>包含附件</CSItemName><CSItemRank>4</CSItemRank><CSItemIsFreeFormat>0</CSItemIsFreeFormat><CSValue><CSValueCode>VA4022318</CSValueCode><CSValueName>缝隙吸嘴</CSValueName><CSValueRank>1</CSValueRank></CSValue><CSValue><CSValueCode>VA4089166</CSValueCode><CSValueName>集成式毛刷</CSValueName><CSValueRank>2</CSValueRank></CSValue><CSValue><CSValueCode>VA4022319</CSValueCode><CSValueName>小号吸嘴</CSValueName><CSValueRank>3</CSValueRank></CSValue></CSItem></CSChapter><CSChapter><CSChapterCode>CH4000822</CSChapterCode><CSChapterName>可持续发展</CSChapterName><CSChapterRank>6</CSChapterRank><CSItem><CSItemCode>IT4005643</CSItemCode><CSItemName>包装</CSItemName><CSItemRank>1</CSItemRank><CSItemIsFreeFormat>0</CSItemIsFreeFormat><CSValue><CSValueCode>VA4016806</CSValueCode><CSValueName>90% 以上均为可回收材料</CSValueName><CSValueRank>1</CSValueRank></CSValue></CSItem><CSItem><CSItemCode>IT4007172</CSItemCode><CSItemName>待机功耗</CSItemName><CSItemRank>2</CSItemRank><CSItemIsFreeFormat>1</CSItemIsFreeFormat><CSValue><CSValueCode>VA4018751</CSValueCode><CSValueName>&lt; 0.5</CSValueName><CSValueRank>1</CSValueRank></CSValue><UnitOfMeasure><UnitOfMeasureCode>3000072</UnitOfMeasureCode><UnitOfMeasureName>瓦特</UnitOfMeasureName><UnitOfMeasureSymbol>瓦</UnitOfMeasureSymbol></UnitOfMeasure></CSItem><CSItem><CSItemCode>IT4005644</CSItemCode><CSItemName>用户手册</CSItemName><CSItemRank>3</CSItemRank><CSItemIsFreeFormat>0</CSItemIsFreeFormat><CSValue><CSValueCode>VA4016807</CSValueCode><CSValueName>100%可回收纸</CSValueName><CSValueRank>1</CSValueRank></CSValue></CSItem></CSChapter><CSChapter><CSChapterCode>CHA_0000004</CSChapterCode><CSChapterName>重量和尺寸</CSChapterName><CSChapterRank>7</CSChapterRank><CSItem><CSItemCode>IT4010199</CSItemCode><CSItemName>产品尺寸（长 x 宽 x 高）</CSItemName><CSItemRank>1</CSItemRank><CSItemIsFreeFormat>1</CSItemIsFreeFormat><CSValue><CSValueCode>VA4023910</CSValueCode><CSValueName>505x292x292</CSValueName><CSValueRank>1</CSValueRank></CSValue><UnitOfMeasure><UnitOfMeasureCode>3000058</UnitOfMeasureCode><UnitOfMeasureName>毫米</UnitOfMeasureName><UnitOfMeasureSymbol>毫米</UnitOfMeasureSymbol></UnitOfMeasure></CSItem><CSItem><CSItemCode>IT4010191</CSItemCode><CSItemName>产品重量</CSItemName><CSItemRank>2</CSItemRank><CSItemIsFreeFormat>1</CSItemIsFreeFormat><CSValue><CSValueCode>VA4023901</CSValueCode><CSValueName>5.5</CSValueName><CSValueRank>1</CSValueRank></CSValue><UnitOfMeasure><UnitOfMeasureCode>3000049</UnitOfMeasureCode><UnitOfMeasureName>千克</UnitOfMeasureName><UnitOfMeasureSymbol>千克</UnitOfMeasureSymbol></UnitOfMeasure></CSItem></CSChapter><Filters><Purpose type="Comparison"><Features><Feature code="F400018901" rank="1" referenceName="Mini Turbo Brush"/><Feature code="F400081996" rank="2" referenceName="Allergy Lock traps dust inside"/><Feature code="F400081997" rank="3" referenceName="Easily emptied with one hand to control dust"/><Feature code="F400081993" rank="5" referenceName="PowerCyclone 8 technology separates dust from air"/><Feature code="F400081994" rank="6" referenceName="TriActive+ nozzle for 3-way cleaning action"/><Feature code="F400082613" rank="7" referenceName="Allergy filter for 99,95% filtration"/><Feature code="F400082614" rank="8" referenceName="Onboard accessories for always at hand accessories"/><Feature code="F400082615" rank="9" referenceName="Soft brush integrated into handle for easy access"/></Features><CSItems><CSItem code="4010823" rank="1" referenceName="性能 - 气流（最大）"/><CSItem code="4010616" rank="1" referenceName="可用性 - 操作半径"/><CSItem code="3011951" rank="1" referenceName="设计 - 颜色"/><CSItem code="4011324" rank="1" referenceName="过滤 - 尘量"/><CSItem code="IT4003902" rank="1" referenceName="吸尘嘴和附件 - 附件存储"/><CSItem code="IT4005643" rank="1" referenceName="可持续发展 - 包装"/><CSItem code="IT4010199" rank="1" referenceName="重量和尺寸 - 产品尺寸（长 x 宽 x 高）"/><CSItem code="4011563" rank="2" referenceName="性能 - 输入功率 (IEC)"/><CSItem code="IT4009227" rank="2" referenceName="可用性 - 手柄"/><CSItem code="IT4009220" rank="2" referenceName="过滤 - 排风滤网"/><CSItem code="IT4003904" rank="2" referenceName="吸尘嘴和附件 - 附加吸尘嘴"/><CSItem code="IT4007172" rank="2" referenceName="可持续发展 - 待机功耗"/><CSItem code="IT4010191" rank="2" referenceName="重量和尺寸 - 产品重量"/><CSItem code="4011774" rank="3" referenceName="性能 - 输入功率（最大）"/><CSItem code="4011112" rank="3" referenceName="可用性 - 电线长度"/><CSItem code="IT4009221" rank="3" referenceName="过滤 - 马达滤网"/><CSItem code="IT4009242" rank="3" referenceName="吸尘嘴和附件 - 标准吸尘嘴"/><CSItem code="IT4005644" rank="3" referenceName="可持续发展 - 用户手册"/><CSItem code="IT4035411" rank="4" referenceName="性能 - 声压级"/><CSItem code="IT4009225" rank="4" referenceName="可用性 - 吸管类型"/><CSItem code="IT4009243" rank="4" referenceName="吸尘嘴和附件 - 包含附件"/><CSItem code="4012089" rank="5" referenceName="性能 - 吸力（最大）"/><CSItem code="IT4009238" rank="5" referenceName="可用性 - 滚轮类型"/><CSItem code="IT4009231" rank="6" referenceName="可用性 - 管联接"/><CSItem code="IT4009239" rank="7" referenceName="可用性 - 吸力控制"/></CSItems></Purpose><Purpose type="Detail"><Features><Feature code="F400018901" rank="1" referenceName="Mini Turbo Brush"/><Feature code="F400081996" rank="2" referenceName="Allergy Lock traps dust inside"/><Feature code="F400081997" rank="3" referenceName="Easily emptied with one hand to control dust"/><Feature code="F400081993" rank="5" referenceName="PowerCyclone 8 technology separates dust from air"/><Feature code="F400081994" rank="6" referenceName="TriActive+ nozzle for 3-way cleaning action"/><Feature code="F400082613" rank="7" referenceName="Allergy filter for 99,95% filtration"/><Feature code="F400082614" rank="8" referenceName="Onboard accessories for always at hand accessories"/><Feature code="F400082615" rank="9" referenceName="Soft brush integrated into handle for easy access"/></Features><CSItems><CSItem code="4010823" rank="1" referenceName="性能 - 气流（最大）"/><CSItem code="4010616" rank="1" referenceName="可用性 - 操作半径"/><CSItem code="3011951" rank="1" referenceName="设计 - 颜色"/><CSItem code="4011324" rank="1" referenceName="过滤 - 尘量"/><CSItem code="IT4003902" rank="1" referenceName="吸尘嘴和附件 - 附件存储"/><CSItem code="IT4005643" rank="1" referenceName="可持续发展 - 包装"/><CSItem code="IT4010199" rank="1" referenceName="重量和尺寸 - 产品尺寸（长 x 宽 x 高）"/><CSItem code="4011563" rank="2" referenceName="性能 - 输入功率 (IEC)"/><CSItem code="IT4009227" rank="2" referenceName="可用性 - 手柄"/><CSItem code="IT4009220" rank="2" referenceName="过滤 - 排风滤网"/><CSItem code="IT4003904" rank="2" referenceName="吸尘嘴和附件 - 附加吸尘嘴"/><CSItem code="IT4007172" rank="2" referenceName="可持续发展 - 待机功耗"/><CSItem code="IT4010191" rank="2" referenceName="重量和尺寸 - 产品重量"/><CSItem code="4011774" rank="3" referenceName="性能 - 输入功率（最大）"/><CSItem code="4011112" rank="3" referenceName="可用性 - 电线长度"/><CSItem code="IT4009221" rank="3" referenceName="过滤 - 马达滤网"/><CSItem code="IT4009242" rank="3" referenceName="吸尘嘴和附件 - 标准吸尘嘴"/><CSItem code="IT4005644" rank="3" referenceName="可持续发展 - 用户手册"/><CSItem code="IT4035411" rank="4" referenceName="性能 - 声压级"/><CSItem code="IT4009225" rank="4" referenceName="可用性 - 吸管类型"/><CSItem code="IT4009243" rank="4" referenceName="吸尘嘴和附件 - 包含附件"/><CSItem code="4012089" rank="5" referenceName="性能 - 吸力（最大）"/><CSItem code="IT4009238" rank="5" referenceName="可用性 - 滚轮类型"/><CSItem code="IT4009231" rank="6" referenceName="可用性 - 管联接"/><CSItem code="IT4009239" rank="7" referenceName="可用性 - 吸力控制"/></CSItems></Purpose></Filters><FeatureCompareGroups/><Disclaimers><Disclaimer code="DIS40011427" rank="1" referenceName="99% of fine dust*"><DisclaimerText>根据 DIN EN 60312/11/2008 对 HF 的吸尘和过滤性能进行测试。</DisclaimerText><DisclaimElements/></Disclaimer></Disclaimers><ProductReference ProductReferenceType="Accessory"><CTN>CP0616/01</CTN><ProductReferenceRank>0</ProductReferenceRank></ProductReference><ProductReference ProductReferenceType="Accessory"><CTN>CP0617/01</CTN><ProductReferenceRank>0</ProductReferenceRank></ProductReference><RichTexts/></Product></Products>