<?xml version="1.0" encoding="UTF-8"?><Products xmlns:source="http://apache.org/cocoon/source/1.0" DocStatus="approved" DocTimeStamp="2018-03-17T09:27:57"><Product Country="CN" IsAccessory="false" IsMaster="false" Locale="zh_CN" lastModified="2018-03-17T04:29:46" masterLastModified="2017-10-27T00:19:33"><CTN>327E8FJSW/93</CTN><Code12NC>867000149491</Code12NC><GTIN>6951613913314</GTIN><MarketingVersion>2.0.1</MarketingVersion><MarketingStatus>Final Published</MarketingStatus><CRDate>2017-10-20</CRDate><CRDateYW>201742</CRDateYW><ModelYears><ModelYear>2017</ModelYear><ModelYear>2018</ModelYear></ModelYears><ProductDivision><ProductDivisionCode>0200</ProductDivisionCode><ProductDivisionName>Consumer Lifestyle</ProductDivisionName><FormerPDCode>3400</FormerPDCode></ProductDivision><ProductOwner>Jessica Chang</ProductOwner><DTN>327E8FJSW/93</DTN><Catalog><StartOfPublication>2017-11-20T00:00:00</StartOfPublication><EndOfPublication>2019-02-20T00:00:00</EndOfPublication><StartOfSales>2017-11-20T00:00:00</StartOfSales><EndOfSales>2019-02-20T00:00:00</EndOfSales><DummyPrice/><Deleted>false</Deleted><DeleteAfterDate/><ProductRank>50</ProductRank></Catalog><FinancialCategorization><BusinessGroupCode>6918</BusinessGroupCode><BusinessGroupName>TV</BusinessGroupName><BusinessUnitCode>0655</BusinessUnitCode><BusinessUnitName>Monitors</BusinessUnitName><MainArticleGroupCode>J89</MainArticleGroupCode><MainArticleGroupName>Monitors</MainArticleGroupName><ArticleGroupCode>3789</ArticleGroupCode><ArticleGroupName>Monitors global</ArticleGroupName></FinancialCategorization><Categorization type="CONSUMER"><GroupCode>PC_PRODUCTS_AND_PHONES_GR</GroupCode><GroupName>PC Products, Tablets and Phones</GroupName><CategoryCode>MONITORS_CA</CategoryCode><CategoryName>Monitors</CategoryName><SubcategoryCode>HOME_LCD_MONITORS_SU</SubcategoryCode><SubcategoryName>Home monitors</SubcategoryName></Categorization><Assets><Asset code="327E8FJSW_93" description="User manual" extension="pdf" lastModified="2017-10-27" locale="zh_CN" number="001" type="DFU">http://download.p4c.philips.com/files/3/327e8fjsw_93/327e8fjsw_93_dfu_zhs.pdf</Asset><Asset code="327E8FJSW_93" description="Leaflet" extension="pdf" lastModified="2018-01-10" locale="zh_CN" number="001" type="PSS">http://download.p4c.philips.com/files/3/327e8fjsw_93/327e8fjsw_93_pss_zhscn.pdf</Asset><Asset code="327E8FJSW_93" description="Retail Trade Leaflet" extension="pdf" lastModified="2018-03-16" locale="zh_CN" number="001" type="RTL">http://download.p4c.philips.com/files/3/327e8fjsw_93/327e8fjsw_93_rtl_zhscn.pdf</Asset><Asset code="327E8FJSW_93" description="Front product photograph - highres 2196x1795" extension="tif" lastModified="2017-09-08" locale="global" number="001" type="_FP">http://images.philips.com/is/image/PhilipsConsumer/327E8FJSW_93-_FP-global-001</Asset><Asset code="327E8FJSW_93" description="Alternative product photograph - highres 2196x1795" extension="tif" lastModified="2017-09-11" locale="global" number="001" type="APP">http://images.philips.com/is/image/PhilipsConsumer/327E8FJSW_93-APP-global-001</Asset><Asset code="327E8FJSW_93" description="Leaflet" extension="pdf" lastModified="2018-03-16" locale="global" number="001" type="PSS">http://download.p4c.philips.com/files/3/327e8fjsw_93/327e8fjsw_93_pss_.pdf</Asset><Asset code="327E8FJSW_93" description="Standard product photograph - highres 2196x1795" extension="tif" lastModified="2017-09-08" locale="global" number="001" type="RTP">http://images.philips.com/is/image/PhilipsConsumer/327E8FJSW_93-RTP-global-001</Asset><Asset code="327E8FJSW_93" description="Single product shot" extension="" lastModified="2018-03-17" locale="zh_CN" number="" type="IMS">http://images.philips.com/is/image/PhilipsConsumer/327E8FJSW_93-IMS-zh_CN</Asset><Asset code="327E8FJSW_93" description="Product gallery image set" extension="" lastModified="2018-03-17" locale="zh_CN" number="" type="GAL">http://images.philips.com/is/image/PhilipsConsumer/327E8FJSW_93-GAL-zh_CN</Asset><Asset code="327E8FJSW_93" description="Product URL" extension="" lastModified="2018-03-17" locale="zh_CN" number="" type="URL">http://www.philips.com.cn/c-p/327E8FJSW_93/qhd-lcd-monitor</Asset><Asset code="F400016234" description="Feature photograph - highres 2100x1170" extension="tif" lastModified="2017-10-31" locale="global" number="001" type="FIL">http://images.philips.com/is/image/PhilipsConsumer/F400016234-FIL-global-001</Asset><Asset code="F400016234" description="Feature logo - highres 331x213" extension="tif" lastModified="2010-07-21" locale="global" number="001" type="FLP">http://images.philips.com/is/image/PhilipsConsumer/F400016234-FLP-global-001</Asset><Asset code="F400019722" description="Feature logo - highres 331x213" extension="tif" lastModified="2010-01-19" locale="global" number="001" type="FLP">http://images.philips.com/is/image/PhilipsConsumer/F400019722-FLP-global-001</Asset><Asset code="F400027327" description="Feature photograph - highres 2100x1170" extension="tif" lastModified="2017-10-31" locale="global" number="001" type="FIL">http://images.philips.com/is/image/PhilipsConsumer/F400027327-FIL-global-001</Asset><Asset code="F400027327" description="Feature logo - highres 331x213" extension="tif" lastModified="2010-09-24" locale="global" number="001" type="FLP">http://images.philips.com/is/image/PhilipsConsumer/F400027327-FLP-global-001</Asset><Asset code="F400029739" description="Feature logo - highres 331x213" extension="tif" lastModified="2013-04-01" locale="global" number="001" type="FLP">http://images.philips.com/is/image/PhilipsConsumer/F400029739-FLP-global-001</Asset><Asset code="F400047169" description="Feature photograph - highres 2100x1170" extension="tif" lastModified="2013-04-03" locale="global" number="001" type="FIL">http://images.philips.com/is/image/PhilipsConsumer/F400047169-FIL-global-001</Asset><Asset code="F400047169" description="Feature logo - highres 331x213" extension="tif" lastModified="2012-08-07" locale="global" number="001" type="FLP">http://images.philips.com/is/image/PhilipsConsumer/F400047169-FLP-global-001</Asset><Asset code="F400048758" description="Feature logo - highres 331x213" extension="tif" lastModified="2015-08-26" locale="global" number="001" type="FLP">http://images.philips.com/is/image/PhilipsConsumer/F400048758-FLP-global-001</Asset><Asset code="F400064766" description="Feature photograph - highres 2100x1170" extension="tif" lastModified="2013-12-28" locale="global" number="001" type="FIL">http://images.philips.com/is/image/PhilipsConsumer/F400064766-FIL-global-001</Asset><Asset code="F400064766" description="Feature logo - highres 331x213" extension="tif" lastModified="2013-12-28" locale="global" number="001" type="FLP">http://images.philips.com/is/image/PhilipsConsumer/F400064766-FLP-global-001</Asset><Asset code="F400067665" description="Feature photograph - highres 2100x1170" extension="tif" lastModified="2017-10-31" locale="global" number="001" type="FIL">http://images.philips.com/is/image/PhilipsConsumer/F400067665-FIL-global-001</Asset><Asset code="F400067665" description="Feature logo - highres 331x213" extension="tif" lastModified="2017-11-15" locale="global" number="001" type="FLP">http://images.philips.com/is/image/PhilipsConsumer/F400067665-FLP-global-001</Asset><Asset code="F400068330" description="Feature photograph - highres 2100x1170" extension="tif" lastModified="2015-03-02" locale="global" number="001" type="FIL">http://images.philips.com/is/image/PhilipsConsumer/F400068330-FIL-global-001</Asset><Asset code="F400068574" description="Feature photograph - highres 2100x1170" extension="tif" lastModified="2015-05-28" locale="global" number="001" type="FIL">http://images.philips.com/is/image/PhilipsConsumer/F400068574-FIL-global-001</Asset><Asset code="F400068574" description="Feature logo - highres 331x213" extension="tif" lastModified="2015-08-24" locale="global" number="001" type="FLP">http://images.philips.com/is/image/PhilipsConsumer/F400068574-FLP-global-001</Asset><Asset code="F400074029" description="Feature photograph - highres 2100x1170" extension="tif" lastModified="2017-03-31" locale="global" number="001" type="FIL">http://images.philips.com/is/image/PhilipsConsumer/F400074029-FIL-global-001</Asset><Asset code="F400074029" description="Feature logo - highres 331x213" extension="tif" lastModified="2015-06-02" locale="global" number="001" type="FLP">http://images.philips.com/is/image/PhilipsConsumer/F400074029-FLP-global-001</Asset><Asset code="F400078929" description="Feature photograph - highres 2100x1170" extension="tif" lastModified="2017-10-31" locale="global" number="001" type="FIL">http://images.philips.com/is/image/PhilipsConsumer/F400078929-FIL-global-001</Asset><Asset code="F400078929" description="Feature logo - highres 331x213" extension="tif" lastModified="2017-11-15" locale="global" number="001" type="FLP">http://images.philips.com/is/image/PhilipsConsumer/F400078929-FLP-global-001</Asset><Asset code="F400079302" description="Feature photograph - highres 2100x1170" extension="tif" lastModified="2016-06-15" locale="global" number="001" type="FIL">http://images.philips.com/is/image/PhilipsConsumer/F400079302-FIL-global-001</Asset><Asset code="F400079302" description="Feature logo - highres 331x213" extension="tif" lastModified="2016-06-15" locale="global" number="001" type="FLP">http://images.philips.com/is/image/PhilipsConsumer/F400079302-FLP-global-001</Asset><Asset code="PHI" description="Brand logo - highres 1476x886" extension="tif" lastModified="2016-02-18" locale="global" number="001" type="BRP">http://images.philips.com/is/image/PhilipsConsumer/PHI-BRP-global-001</Asset></Assets><ProductName>E 系列 32（对角 31.5 英寸/80 厘米）QHD 液晶显示器</ProductName><FullProductName>飞利浦 QHD 液晶显示器 327E8FJSW E 系列 32（对角 31.5 英寸/80 厘米）四倍高清 (2560 x 1440)</FullProductName><NamingString><MasterBrand><BrandCode>PHI</BrandCode><BrandName>Philips</BrandName></MasterBrand><BrandString>飞利浦</BrandString><Descriptor><DescriptorCode>D4030111</DescriptorCode><DescriptorName>QHD 液晶显示器</DescriptorName></Descriptor><Alphanumeric>327E8FJSW</Alphanumeric><VersionElement1><VersionElementCode>V4013896</VersionElementCode><VersionElementName>E 系列</VersionElementName></VersionElement1><VersionElement2><VersionElementCode>V4042988</VersionElementCode><VersionElementName>32（31.5 英寸/80 厘米对角线尺寸）</VersionElementName></VersionElement2><VersionElement3><VersionElementCode>V4037593</VersionElementCode><VersionElementName>四倍高清 (2560 x 1440)</VersionElementName></VersionElement3><VersionString>E 系列 32（对角 31.5 英寸/80 厘米）四倍高清 (2560 x 1440)</VersionString><BrandedFeatureString/><DescriptorBrandedFeatureString>QHD 液晶显示器</DescriptorBrandedFeatureString></NamingString><WOW>色彩鲜艳，图像清晰</WOW><SubWOW>设计典雅</SubWOW><MarketingTextHeader>这款飞利浦 32 英寸显示器拥有四倍高清画质，可呈现超凡细节。宽阔清晰的 QHD 宽视角显示屏，让您在大屏幕上看到细节清晰的完整画面。</MarketingTextHeader><KeyBenefitArea><KeyBenefitAreaCode>K4019514</KeyBenefitAreaCode><KeyBenefitAreaName>卓越的画质</KeyBenefitAreaName><KeyBenefitAreaRank>1</KeyBenefitAreaRank><Feature><FeatureCode>F400048758</FeatureCode><FeatureReferenceName>Crystalclear Quad HD</FeatureReferenceName><FeatureName>晶晰图像</FeatureName><FeatureLongDescription>四倍高清 2560 x 1440 像素的晶晰图像</FeatureLongDescription><FeatureGlossary>这些最新的飞利浦显示屏可提供四倍高清 2560x1440 或 2560x1080 像素的晶晰图像。通过采用具有高密度像素数的高性能面板，并且支持高带宽来源（如 Displayport、HDMI、双链接 DVI），这些新显示屏可让您的图像和图形栩栩如生。无论您是否专业需要 CAD-CAM 解决方案的极详尽信息，通过使用 3D 图形应用程序或在处理大量电子表格的财务向导，飞利浦显示屏将为您呈现晶晰图像。</FeatureGlossary><FeatureRank>1</FeatureRank><FeatureTopRank>1</FeatureTopRank></Feature><Feature><FeatureCode>F400068330</FeatureCode><FeatureReferenceName>10-bit colors</FeatureReferenceName><FeatureName>10 位色彩</FeatureName><FeatureLongDescription>10.74 亿种色彩呈现流畅的色彩变化和细节</FeatureLongDescription><FeatureGlossary>10 位显示屏带来具有 10.74 亿种色彩和 12 位内部处理的丰富色彩深度，可以重现流畅自然的色彩，而不会出现变化和色带。</FeatureGlossary><FeatureRank>2</FeatureRank><FeatureTopRank>2</FeatureTopRank></Feature><Feature><FeatureCode>F400074029</FeatureCode><FeatureReferenceName>AMD FreeSync™ technology</FeatureReferenceName><FeatureName>超流畅的游戏体验</FeatureName><FeatureLongDescription>采用 AMD FreeSync™ 技术，轻松顺畅地玩游戏</FeatureLongDescription><FeatureGlossary>玩游戏时绝对不希望出现游戏设置卡滞或画面不连续的情况。此全新飞利浦显示器确保不会出现这些问题。采用 AMD FreeSync™ 技术，它几乎可以任意帧速率提供流畅、无伪影性能，获得流畅的快速刷新和超快响应时间。</FeatureGlossary><FeatureRank>3</FeatureRank><FeatureTopRank>3</FeatureTopRank></Feature><Feature><FeatureCode>F400047169</FeatureCode><FeatureReferenceName>SmartImage Game</FeatureReferenceName><FeatureName>SmartImage 游戏模式</FeatureName><FeatureLongDescription>专为游戏玩家而优化的 SmartImage 游戏模式</FeatureLongDescription><FeatureGlossary>全新的飞利浦游戏显示屏可快速访问 OSD，专为游戏玩家进行微调，并且提供多种选项。“FPS”（第一人称射击）模式改善了游戏中的黑暗主题，可让您在黑暗区域查看隐藏物品。“竞赛”模式使用最快的响应时间、高显色和图像调整对显示屏进行调节。“RTS”（即时战略）模式具有特殊的 SmartFrame 模式，可突显特定区域并调整大小和图像。玩家 1 和玩家 2 可根据不同的游戏保存个人自定义设置，从而确保最佳性能。</FeatureGlossary><FeatureRank>4</FeatureRank><FeatureTopRank>4</FeatureTopRank></Feature><Feature><FeatureCode>F400079302</FeatureCode><FeatureReferenceName>VA display_178</FeatureReferenceName><FeatureName>VA 显示屏</FeatureName><FeatureLongDescription>VA 显示屏采用宽视角，可带给您卓越的画质</FeatureLongDescription><FeatureGlossary>飞利浦 VA LED 显示屏采用先进的多域垂直校准技术，可为您带来更高的静态对比率，让您享受更加鲜艳明亮的图像。尽管标准办公应用程序处理起来非常容易，但本显示屏尤其适用于照片、网页浏览、电影、游戏和最严苛的图形应用程序。它具有的像素管理技术可为您带来 178/178 度超宽视角，带来清晰无比的图像。</FeatureGlossary><FeatureRank>5</FeatureRank><FeatureTopRank>5</FeatureTopRank></Feature><Feature><FeatureCode>F400078929</FeatureCode><FeatureReferenceName>LowBlue Mode</FeatureReferenceName><FeatureName>LowBlue 模式</FeatureName><FeatureLongDescription>LowBlue 模式，高效保护视力</FeatureLongDescription><FeatureGlossary>研究表明，与紫外线可能导致眼睛伤害一样，LED 显示屏短波长蓝光也可以造成眼睛损伤，长期使用还可能影响视力。飞利浦 LowBlue 模式设置专为健康工作而开发，其采用智能软件技术减少有害短波长蓝光。</FeatureGlossary><FeatureRank>6</FeatureRank><FeatureTopRank>6</FeatureTopRank></Feature><Feature><FeatureCode>F400067665</FeatureCode><FeatureReferenceName>Flicker-free technology</FeatureReferenceName><FeatureName>无闪烁技术</FeatureName><FeatureLongDescription>借助无闪烁技术减少眼部疲劳</FeatureLongDescription><FeatureGlossary>由于在 LED 背光屏幕上控制亮度，某些用户会在屏幕上看到闪烁，这会导致眼部疲劳。飞利浦无闪烁技术应用新的解决方案来调节亮度，同时消除闪烁，带给您更舒适的观看体验。</FeatureGlossary><FeatureRank>7</FeatureRank><FeatureTopRank>7</FeatureTopRank></Feature></KeyBenefitArea><KeyBenefitArea><KeyBenefitAreaCode>K4031312</KeyBenefitAreaCode><KeyBenefitAreaName>专门为您设计的功能</KeyBenefitAreaName><KeyBenefitAreaRank>2</KeyBenefitAreaRank><Feature><FeatureCode>F400027327</FeatureCode><FeatureReferenceName>HDMI Ready(entertainment)</FeatureReferenceName><FeatureName>预置 HDMI</FeatureName><FeatureLongDescription>预置 HDMI，随时享受全高清娱乐</FeatureLongDescription><FeatureGlossary>预置 HDMI 设备具有接收高清多媒体接口 (HDMI) 输入所需的所有硬件。HDMI 线缆能够只通过一根线缆从电脑或任意数量的 AV 源（包括机顶盒、DVD 播放机、A/V 接收器和摄像机）传输高质量数字视频和音频信号。</FeatureGlossary><FeatureRank>1</FeatureRank><FeatureTopRank>8</FeatureTopRank></Feature><Feature><FeatureCode>F400064766</FeatureCode><FeatureReferenceName>DisplayPort connection for maximum visuals</FeatureReferenceName><FeatureName>DisplayPort 连接</FeatureName><FeatureLongDescription>DisplayPort 高带宽接口带来更佳音视频体验</FeatureLongDescription><FeatureGlossary>DisplayPort 是一种数字链接，可从 PC 到显示器实现双向连接，而无需任何转换。借助比 DVI 标准更强大的功能，其完全支持 15 米长线缆和 10.8 Gbps/秒的数据传输。凭借其高性能和零滞后时间，您可获得最快的成像率和刷新率 — 使得 DisplayPort 不仅成为普通办公室或家庭的最佳选择，而且也是高端游戏和电影及视频编辑等的理想之选。本产品通过使用各种适配器始终遵从互操作理念。</FeatureGlossary><FeatureRank>2</FeatureRank><FeatureTopRank>9</FeatureTopRank></Feature></KeyBenefitArea><KeyBenefitArea><KeyBenefitAreaCode>K4011695</KeyBenefitAreaCode><KeyBenefitAreaName>居家更节能，环保每一天</KeyBenefitAreaName><KeyBenefitAreaRank>3</KeyBenefitAreaRank><Feature><FeatureCode>F400061605</FeatureCode><FeatureReferenceName>Eco-friendly materials meet major international standards</FeatureReferenceName><FeatureName>环保材料</FeatureName><FeatureLongDescription>符合主流国际标准的环保材料</FeatureLongDescription><FeatureGlossary>飞利浦致力于在整个显示器系列中采用可持续的环保材料。所有主体塑料部件、金属外壳部件和包装材料都采用可全面回收利用的材料。在某些特定型号中，我们采用高达 65% 的消费后可回收塑料。我们严格遵循 RoHS 标准，以确保大幅度降低或消除有害物质，例如铅。带 CCFL 背光源的显示器中的汞含量已显著降低，而带 LED 背光源的显示器中的汞含量已完全消除。请访问飞利浦 http://www.asimpleswitch.com/global/ 了解更多信息。</FeatureGlossary><FeatureRank>1</FeatureRank><FeatureTopRank>10</FeatureTopRank></Feature><Feature><FeatureCode>F400044227</FeatureCode><FeatureReferenceName>Low power consumption saves energy bills</FeatureReferenceName><FeatureName>低功耗</FeatureName><FeatureLongDescription>低功耗，节省电费</FeatureLongDescription><FeatureRank>2</FeatureRank><FeatureTopRank>11</FeatureTopRank></Feature><Feature><FeatureCode>F400019722</FeatureCode><FeatureReferenceName>Mercury Free</FeatureReferenceName><FeatureName>不含汞</FeatureName><FeatureLongDescription>无汞环保显示器</FeatureLongDescription><FeatureGlossary>飞利浦显示器采用 LED 背光照明且不含汞物质，汞是毒性最强的自然物质之一，可严重危害人体和动物健康。该产品还可减少显示器对环境的影响，环保属性贯穿从制造到废弃的整个产品生命周期。</FeatureGlossary><FeatureRank>3</FeatureRank><FeatureTopRank>12</FeatureTopRank></Feature></KeyBenefitArea><FeatureLogo><FeatureCode>F400048758</FeatureCode><FeatureReferenceName>Crystalclear Quad HD</FeatureReferenceName><FeatureLogoRank>4</FeatureLogoRank></FeatureLogo><FeatureLogo><FeatureCode>F400074029</FeatureCode><FeatureReferenceName>AMD FreeSync™ technology</FeatureReferenceName><FeatureLogoRank>5</FeatureLogoRank></FeatureLogo><FeatureLogo><FeatureCode>F400047169</FeatureCode><FeatureReferenceName>SmartImage Game</FeatureReferenceName><FeatureLogoRank>6</FeatureLogoRank></FeatureLogo><FeatureLogo><FeatureCode>F400079302</FeatureCode><FeatureReferenceName>VA display_178</FeatureReferenceName><FeatureLogoRank>7</FeatureLogoRank></FeatureLogo><FeatureLogo><FeatureCode>F400067665</FeatureCode><FeatureReferenceName>Flicker-free technology</FeatureReferenceName><FeatureLogoRank>8</FeatureLogoRank></FeatureLogo><FeatureLogo><FeatureCode>F400078929</FeatureCode><FeatureReferenceName>LowBlue Mode</FeatureReferenceName><FeatureLogoRank>9</FeatureLogoRank></FeatureLogo><FeatureLogo><FeatureCode>F400016234</FeatureCode><FeatureReferenceName>HDMI Ready</FeatureReferenceName><FeatureLogoRank>10</FeatureLogoRank></FeatureLogo><FeatureLogo><FeatureCode>F400029739</FeatureCode><FeatureReferenceName>DisplayPort</FeatureReferenceName><FeatureLogoRank>11</FeatureLogoRank></FeatureLogo><FeatureLogo><FeatureCode>F400019722</FeatureCode><FeatureReferenceName>Mercury Free</FeatureReferenceName><FeatureLogoRank>12</FeatureLogoRank></FeatureLogo><FeatureImage><FeatureCode>F400048758</FeatureCode><FeatureReferenceName>Crystalclear Quad HD</FeatureReferenceName><FeatureImageRank>1</FeatureImageRank></FeatureImage><FeatureImage><FeatureCode>F400068330</FeatureCode><FeatureReferenceName>10-bit colors</FeatureReferenceName><FeatureImageRank>2</FeatureImageRank></FeatureImage><FeatureImage><FeatureCode>F400074029</FeatureCode><FeatureReferenceName>AMD FreeSync™ technology</FeatureReferenceName><FeatureImageRank>3</FeatureImageRank></FeatureImage><FeatureImage><FeatureCode>F400047169</FeatureCode><FeatureReferenceName>SmartImage Game</FeatureReferenceName><FeatureImageRank>4</FeatureImageRank></FeatureImage><FeatureImage><FeatureCode>F400079302</FeatureCode><FeatureReferenceName>VA display_178</FeatureReferenceName><FeatureImageRank>5</FeatureImageRank></FeatureImage><FeatureImage><FeatureCode>F400078929</FeatureCode><FeatureReferenceName>LowBlue Mode</FeatureReferenceName><FeatureImageRank>6</FeatureImageRank></FeatureImage><FeatureImage><FeatureCode>F400067665</FeatureCode><FeatureReferenceName>Flicker-free technology</FeatureReferenceName><FeatureImageRank>7</FeatureImageRank></FeatureImage><FeatureImage><FeatureCode>F400027327</FeatureCode><FeatureReferenceName>HDMI Ready(entertainment)</FeatureReferenceName><FeatureImageRank>8</FeatureImageRank></FeatureImage><FeatureImage><FeatureCode>F400064766</FeatureCode><FeatureReferenceName>DisplayPort connection for maximum visuals</FeatureReferenceName><FeatureImageRank>9</FeatureImageRank></FeatureImage><FeatureImage><FeatureCode>F400061605</FeatureCode><FeatureReferenceName>Eco-friendly materials meet major international standards</FeatureReferenceName><FeatureImageRank>10</FeatureImageRank></FeatureImage><FeatureHighlight><FeatureCode>F400048758</FeatureCode><FeatureReferenceName>Crystalclear Quad HD</FeatureReferenceName><FeatureHighlightRank>1</FeatureHighlightRank></FeatureHighlight><FeatureHighlight><FeatureCode>F400068330</FeatureCode><FeatureReferenceName>10-bit colors</FeatureReferenceName><FeatureHighlightRank>2</FeatureHighlightRank></FeatureHighlight><FeatureHighlight><FeatureCode>F400074029</FeatureCode><FeatureReferenceName>AMD FreeSync™ technology</FeatureReferenceName><FeatureHighlightRank>3</FeatureHighlightRank></FeatureHighlight><FeatureHighlight><FeatureCode>F400047169</FeatureCode><FeatureReferenceName>SmartImage Game</FeatureReferenceName><FeatureHighlightRank>4</FeatureHighlightRank></FeatureHighlight><FeatureHighlight><FeatureCode>F400079302</FeatureCode><FeatureReferenceName>VA display_178</FeatureReferenceName><FeatureHighlightRank>5</FeatureHighlightRank></FeatureHighlight><FeatureHighlight><FeatureCode>F400078929</FeatureCode><FeatureReferenceName>LowBlue Mode</FeatureReferenceName><FeatureHighlightRank>6</FeatureHighlightRank></FeatureHighlight><FeatureHighlight><FeatureCode>F400067665</FeatureCode><FeatureReferenceName>Flicker-free technology</FeatureReferenceName><FeatureHighlightRank>7</FeatureHighlightRank></FeatureHighlight><FeatureHighlight><FeatureCode>F400027327</FeatureCode><FeatureReferenceName>HDMI Ready(entertainment)</FeatureReferenceName><FeatureHighlightRank>8</FeatureHighlightRank></FeatureHighlight><FeatureHighlight><FeatureCode>F400064766</FeatureCode><FeatureReferenceName>DisplayPort connection for maximum visuals</FeatureReferenceName><FeatureHighlightRank>9</FeatureHighlightRank></FeatureHighlight><FeatureHighlight><FeatureCode>F400061605</FeatureCode><FeatureReferenceName>Eco-friendly materials meet major international standards</FeatureReferenceName><FeatureHighlightRank>10</FeatureHighlightRank></FeatureHighlight><CSChapter><CSChapterCode>3000796</CSChapterCode><CSChapterName>图片/显示</CSChapterName><CSChapterRank>1</CSChapterRank><CSItem><CSItemCode>3006169</CSItemCode><CSItemName>LCD 面板类型</CSItemName><CSItemRank>1</CSItemRank><CSItemIsFreeFormat>0</CSItemIsFreeFormat><CSValue><CSValueCode>VA4083614</CSValueCode><CSValueName>VA 液晶显示屏</CSValueName><CSValueRank>1</CSValueRank></CSValue></CSItem><CSItem><CSItemCode>IT4007209</CSItemCode><CSItemName>背光类型</CSItemName><CSItemRank>2</CSItemRank><CSItemIsFreeFormat>1</CSItemIsFreeFormat><CSValue><CSValueCode>VA4018797</CSValueCode><CSValueName>W-LED 系统</CSValueName><CSValueRank>1</CSValueRank></CSValue></CSItem><CSItem><CSItemCode>3006180</CSItemCode><CSItemName>面板尺寸</CSItemName><CSItemRank>3</CSItemRank><CSItemIsFreeFormat>1</CSItemIsFreeFormat><CSValue><CSValueCode>3031218</CSValueCode><CSValueName>31.5 英寸/80 厘米</CSValueName><CSValueRank>1</CSValueRank></CSValue></CSItem><CSItem><CSItemCode>3006149</CSItemCode><CSItemName>有效显示区</CSItemName><CSItemRank>4</CSItemRank><CSItemIsFreeFormat>1</CSItemIsFreeFormat><CSValue><CSValueCode>3031161</CSValueCode><CSValueName>698.88（水平）x 393.12（垂直）</CSValueName><CSValueRank>1</CSValueRank></CSValue></CSItem><CSItem><CSItemCode>3006121</CSItemCode><CSItemName>宽高比</CSItemName><CSItemRank>5</CSItemRank><CSItemIsFreeFormat>0</CSItemIsFreeFormat><CSValue><CSValueCode>3031098</CSValueCode><CSValueName>16:9</CSValueName><CSValueRank>1</CSValueRank></CSValue></CSItem><CSItem><CSItemCode>3006193</CSItemCode><CSItemName>最佳分辨率</CSItemName><CSItemRank>6</CSItemRank><CSItemIsFreeFormat>1</CSItemIsFreeFormat><CSValue><CSValueCode>3031277</CSValueCode><CSValueName>2560 x 1440 @ 60 赫兹</CSValueName><CSValueRank>1</CSValueRank></CSValue></CSItem><CSItem><CSItemCode>IT4041772</CSItemCode><CSItemName>像素密度</CSItemName><CSItemRank>7</CSItemRank><CSItemIsFreeFormat>1</CSItemIsFreeFormat><CSValue><CSValueCode>VA4096901</CSValueCode><CSValueName>93 PPI</CSValueName><CSValueRank>1</CSValueRank></CSValue></CSItem><CSItem><CSItemCode>IT4039893</CSItemCode><CSItemName>响应时间（标准）</CSItemName><CSItemRank>8</CSItemRank><CSItemIsFreeFormat>1</CSItemIsFreeFormat><CSValue><CSValueCode>VA4093235</CSValueCode><CSValueName>5 毫秒（灰阶）*</CSValueName><CSValueRank>1</CSValueRank></CSValue></CSItem><CSItem><CSItemCode>3006127</CSItemCode><CSItemName>亮度</CSItemName><CSItemRank>9</CSItemRank><CSItemIsFreeFormat>1</CSItemIsFreeFormat><CSValue><CSValueCode>3031110</CSValueCode><CSValueName>250</CSValueName><CSValueRank>1</CSValueRank></CSValue><UnitOfMeasure><UnitOfMeasureCode>3000038</UnitOfMeasureCode><UnitOfMeasureName>cd/m²</UnitOfMeasureName><UnitOfMeasureSymbol>cd/m²</UnitOfMeasureSymbol></UnitOfMeasure></CSItem><CSItem><CSItemCode>3006133</CSItemCode><CSItemName>对比度（标准）</CSItemName><CSItemRank>10</CSItemRank><CSItemIsFreeFormat>1</CSItemIsFreeFormat><CSValue><CSValueCode>3031116</CSValueCode><CSValueName>3,000:1</CSValueName><CSValueRank>1</CSValueRank></CSValue></CSItem><CSItem><CSItemCode>IT4006148</CSItemCode><CSItemName>SmartContrast</CSItemName><CSItemRank>11</CSItemRank><CSItemIsFreeFormat>1</CSItemIsFreeFormat><CSValue><CSValueCode>VA4017351</CSValueCode><CSValueName>20,000,000:1</CSValueName><CSValueRank>1</CSValueRank></CSValue></CSItem><CSItem><CSItemCode>3006186</CSItemCode><CSItemName>像素间距</CSItemName><CSItemRank>12</CSItemRank><CSItemIsFreeFormat>1</CSItemIsFreeFormat><CSValue><CSValueCode>3031270</CSValueCode><CSValueName>0.273 x 0.273 毫米</CSValueName><CSValueRank>1</CSValueRank></CSValue></CSItem><CSItem><CSItemCode>3007518</CSItemCode><CSItemName>视角</CSItemName><CSItemRank>13</CSItemRank><CSItemIsFreeFormat>0</CSItemIsFreeFormat><CSValue><CSValueCode>VA4002901</CSValueCode><CSValueName>178º（水平）/178º（垂直）</CSValueName><CSValueRank>1</CSValueRank></CSValue><CSValue><CSValueCode>3035028</CSValueCode><CSValueName>@ C/R &gt; 10</CSValueName><CSValueRank>2</CSValueRank></CSValue></CSItem><CSItem><CSItemCode>IT4036934</CSItemCode><CSItemName>无闪烁</CSItemName><CSItemRank>14</CSItemRank><CSItemIsFreeFormat>1</CSItemIsFreeFormat><CSValue><CSValueCode>VA4085801</CSValueCode><CSValueName>Y</CSValueName><CSValueRank>1</CSValueRank></CSValue></CSItem><CSItem><CSItemCode>3006183</CSItemCode><CSItemName>画面效果增强</CSItemName><CSItemRank>15</CSItemRank><CSItemIsFreeFormat>0</CSItemIsFreeFormat><CSValue><CSValueCode>VA4058761</CSValueCode><CSValueName>SmartImage 游戏</CSValueName><CSValueRank>1</CSValueRank></CSValue></CSItem><CSItem><CSItemCode>3006143</CSItemCode><CSItemName>显示屏色彩</CSItemName><CSItemRank>16</CSItemRank><CSItemIsFreeFormat>1</CSItemIsFreeFormat><CSValue><CSValueCode>3031126</CSValueCode><CSValueName>支持 10.7 亿色</CSValueName><CSValueRank>1</CSValueRank></CSValue></CSItem><CSItem><CSItemCode>IT4006149</CSItemCode><CSItemName>扫描频率</CSItemName><CSItemRank>17</CSItemRank><CSItemIsFreeFormat>1</CSItemIsFreeFormat><CSValue><CSValueCode>VA4017352</CSValueCode><CSValueName>54 - 84 千赫（水平）/ 49 - 72 赫兹（垂直）</CSValueName><CSValueRank>1</CSValueRank></CSValue></CSItem><CSItem><CSItemCode>3006207</CSItemCode><CSItemName>sRGB</CSItemName><CSItemRank>18</CSItemRank><CSItemIsFreeFormat>1</CSItemIsFreeFormat><CSValue><CSValueCode>3031306</CSValueCode><CSValueName>Y</CSValueName><CSValueRank>1</CSValueRank></CSValue></CSItem><CSItem><CSItemCode>IT4042883</CSItemCode><CSItemName>FreeSync</CSItemName><CSItemRank>19</CSItemRank><CSItemIsFreeFormat>1</CSItemIsFreeFormat><CSValue><CSValueCode>VA4099057</CSValueCode><CSValueName>Y</CSValueName><CSValueRank>1</CSValueRank></CSValue></CSItem><CSItem><CSItemCode>IT4042826</CSItemCode><CSItemName>LowBlue 模式</CSItemName><CSItemRank>20</CSItemRank><CSItemIsFreeFormat>1</CSItemIsFreeFormat><CSValue><CSValueCode>VA4098941</CSValueCode><CSValueName>Y</CSValueName><CSValueRank>1</CSValueRank></CSValue></CSItem></CSChapter><CSChapter><CSChapterCode>3000813</CSChapterCode><CSChapterName>连接</CSChapterName><CSChapterRank>2</CSChapterRank><CSItem><CSItemCode>3006576</CSItemCode><CSItemName>信号输入</CSItemName><CSItemRank>1</CSItemRank><CSItemIsFreeFormat>0</CSItemIsFreeFormat><CSValue><CSValueCode>3036216</CSValueCode><CSValueName>VGA（模拟）</CSValueName><CSValueRank>1</CSValueRank></CSValue><CSValue><CSValueCode>VA4015427</CSValueCode><CSValueName>DVI-D（数字，HDCP）</CSValueName><CSValueRank>2</CSValueRank></CSValue><CSValue><CSValueCode>VA4028301</CSValueCode><CSValueName>DisplayPort</CSValueName><CSValueRank>3</CSValueRank></CSValue><CSValue><CSValueCode>VA4055582</CSValueCode><CSValueName>HDMI（数字，HDCP）</CSValueName><CSValueRank>4</CSValueRank></CSValue></CSItem><CSItem><CSItemCode>3006588</CSItemCode><CSItemName>同步输入</CSItemName><CSItemRank>2</CSItemRank><CSItemIsFreeFormat>0</CSItemIsFreeFormat><CSValue><CSValueCode>3032392</CSValueCode><CSValueName>单独同步</CSValueName><CSValueRank>1</CSValueRank></CSValue><CSValue><CSValueCode>3032393</CSValueCode><CSValueName>同步时呈绿色</CSValueName><CSValueRank>2</CSValueRank></CSValue></CSItem><CSItem><CSItemCode>IT4005621</CSItemCode><CSItemName>音频（输入/输出）</CSItemName><CSItemRank>3</CSItemRank><CSItemIsFreeFormat>0</CSItemIsFreeFormat><CSValue><CSValueCode>VA4084845</CSValueCode><CSValueName>音频输出</CSValueName><CSValueRank>1</CSValueRank></CSValue></CSItem></CSChapter><CSChapter><CSChapterCode>3000814</CSChapterCode><CSChapterName>便利性</CSChapterName><CSChapterRank>3</CSChapterRank><CSItem><CSItemCode>3006633</CSItemCode><CSItemName>方便用户</CSItemName><CSItemRank>1</CSItemRank><CSItemIsFreeFormat>0</CSItemIsFreeFormat><CSValue><CSValueCode>VA4017554</CSValueCode><CSValueName>打开/关闭电源</CSValueName><CSValueRank>1</CSValueRank></CSValue><CSValue><CSValueCode>VA4017357</CSValueCode><CSValueName>菜单</CSValueName><CSValueRank>2</CSValueRank></CSValue><CSValue><CSValueCode>VA4085802</CSValueCode><CSValueName>音量（ HDMI 音频输出）</CSValueName><CSValueRank>3</CSValueRank></CSValue><CSValue><CSValueCode>VA4017358</CSValueCode><CSValueName>输入</CSValueName><CSValueRank>4</CSValueRank></CSValue><CSValue><CSValueCode>VA4095943</CSValueCode><CSValueName>SmartImage 游戏/返回</CSValueName><CSValueRank>5</CSValueRank></CSValue></CSItem><CSItem><CSItemCode>IT4019071</CSItemCode><CSItemName>控制软件</CSItemName><CSItemRank>2</CSItemRank><CSItemIsFreeFormat>0</CSItemIsFreeFormat><CSValue><CSValueCode>VA4085179</CSValueCode><CSValueName>SmartControl</CSValueName><CSValueRank>1</CSValueRank></CSValue></CSItem><CSItem><CSItemCode>3006693</CSItemCode><CSItemName>OSD 语言</CSItemName><CSItemRank>3</CSItemRank><CSItemIsFreeFormat>0</CSItemIsFreeFormat><CSValue><CSValueCode>VA4065363</CSValueCode><CSValueName>巴西葡萄牙语</CSValueName><CSValueRank>1</CSValueRank></CSValue><CSValue><CSValueCode>3034561</CSValueCode><CSValueName>捷克语</CSValueName><CSValueRank>2</CSValueRank></CSValue><CSValue><CSValueCode>3034565</CSValueCode><CSValueName>荷兰语</CSValueName><CSValueRank>3</CSValueRank></CSValue><CSValue><CSValueCode>3032771</CSValueCode><CSValueName>简体中文</CSValueName><CSValueRank>4</CSValueRank></CSValue><CSValue><CSValueCode>VA4063224</CSValueCode><CSValueName>芬兰语</CSValueName><CSValueRank>5</CSValueRank></CSValue><CSValue><CSValueCode>3032772</CSValueCode><CSValueName>法语</CSValueName><CSValueRank>6</CSValueRank></CSValue><CSValue><CSValueCode>3032773</CSValueCode><CSValueName>德语</CSValueName><CSValueRank>7</CSValueRank></CSValue><CSValue><CSValueCode>VA4002508</CSValueCode><CSValueName>希腊语</CSValueName><CSValueRank>8</CSValueRank></CSValue><CSValue><CSValueCode>3034563</CSValueCode><CSValueName>匈牙利语</CSValueName><CSValueRank>9</CSValueRank></CSValue><CSValue><CSValueCode>3032774</CSValueCode><CSValueName>意大利语</CSValueName><CSValueRank>10</CSValueRank></CSValue><CSValue><CSValueCode>3038221</CSValueCode><CSValueName>日语</CSValueName><CSValueRank>11</CSValueRank></CSValue><CSValue><CSValueCode>3039946</CSValueCode><CSValueName>韩语</CSValueName><CSValueRank>12</CSValueRank></CSValue><CSValue><CSValueCode>3034564</CSValueCode><CSValueName>波兰语</CSValueName><CSValueRank>13</CSValueRank></CSValue><CSValue><CSValueCode>3032775</CSValueCode><CSValueName>葡萄牙语</CSValueName><CSValueRank>14</CSValueRank></CSValue><CSValue><CSValueCode>3032776</CSValueCode><CSValueName>俄语</CSValueName><CSValueRank>15</CSValueRank></CSValue><CSValue><CSValueCode>3034114</CSValueCode><CSValueName>简体中文</CSValueName><CSValueRank>16</CSValueRank></CSValue><CSValue><CSValueCode>3032777</CSValueCode><CSValueName>西班牙语</CSValueName><CSValueRank>17</CSValueRank></CSValue><CSValue><CSValueCode>3034562</CSValueCode><CSValueName>瑞典语</CSValueName><CSValueRank>18</CSValueRank></CSValue><CSValue><CSValueCode>3034115</CSValueCode><CSValueName>繁体中文</CSValueName><CSValueRank>19</CSValueRank></CSValue><CSValue><CSValueCode>3035749</CSValueCode><CSValueName>土耳其语</CSValueName><CSValueRank>20</CSValueRank></CSValue><CSValue><CSValueCode>VA4065364</CSValueCode><CSValueName>乌克兰语</CSValueName><CSValueRank>21</CSValueRank></CSValue></CSItem><CSItem><CSItemCode>3006694</CSItemCode><CSItemName>其它便利性</CSItemName><CSItemRank>4</CSItemRank><CSItemIsFreeFormat>0</CSItemIsFreeFormat><CSValue><CSValueCode>3032778</CSValueCode><CSValueName>Kensington 锁</CSValueName><CSValueRank>1</CSValueRank></CSValue><CSValue><CSValueCode>VA4016754</CSValueCode><CSValueName>VESA 安装架（100 x 100 毫米）</CSValueName><CSValueRank>2</CSValueRank></CSValue></CSItem><CSItem><CSItemCode>3006699</CSItemCode><CSItemName>即插即用兼容性</CSItemName><CSItemRank>5</CSItemRank><CSItemIsFreeFormat>0</CSItemIsFreeFormat><CSValue><CSValueCode>3043209</CSValueCode><CSValueName>DDC/CI</CSValueName><CSValueRank>1</CSValueRank></CSValue><CSValue><CSValueCode>3046249</CSValueCode><CSValueName>Mac OS X</CSValueName><CSValueRank>2</CSValueRank></CSValue><CSValue><CSValueCode>3032788</CSValueCode><CSValueName>sRGB</CSValueName><CSValueRank>3</CSValueRank></CSValue><CSValue><CSValueCode>VA4091311</CSValueCode><CSValueName>Windows 10 / 8.1 / 8 / 7</CSValueName><CSValueRank>4</CSValueRank></CSValue></CSItem></CSChapter><CSChapter><CSChapterCode>CH4000824</CSChapterCode><CSChapterName>底座</CSChapterName><CSChapterRank>4</CSChapterRank><CSItem><CSItemCode>IT4004954</CSItemCode><CSItemName>倾斜</CSItemName><CSItemRank>1</CSItemRank><CSItemIsFreeFormat>1</CSItemIsFreeFormat><CSValue><CSValueCode>VA4015659</CSValueCode><CSValueName>-5/20</CSValueName><CSValueRank>1</CSValueRank></CSValue><UnitOfMeasure><UnitOfMeasureCode>3000042</UnitOfMeasureCode><UnitOfMeasureName>度</UnitOfMeasureName><UnitOfMeasureSymbol>度</UnitOfMeasureSymbol></UnitOfMeasure></CSItem></CSChapter><CSChapter><CSChapterCode>3000821</CSChapterCode><CSChapterName>功率</CSChapterName><CSChapterRank>5</CSChapterRank><CSItem><CSItemCode>IT4005861</CSItemCode><CSItemName>开启模式</CSItemName><CSItemRank>1</CSItemRank><CSItemIsFreeFormat>1</CSItemIsFreeFormat><CSValue><CSValueCode>VA4017025</CSValueCode><CSValueName>51 瓦（标准）</CSValueName><CSValueRank>1</CSValueRank></CSValue></CSItem><CSItem><CSItemCode>IT4006150</CSItemCode><CSItemName>待机模式</CSItemName><CSItemRank>2</CSItemRank><CSItemIsFreeFormat>1</CSItemIsFreeFormat><CSValue><CSValueCode>VA4017360</CSValueCode><CSValueName>&lt; 0.5 瓦（标准）</CSValueName><CSValueRank>1</CSValueRank></CSValue></CSItem><CSItem><CSItemCode>IT4006081</CSItemCode><CSItemName>关闭模式</CSItemName><CSItemRank>3</CSItemRank><CSItemIsFreeFormat>1</CSItemIsFreeFormat><CSValue><CSValueCode>VA4017285</CSValueCode><CSValueName>&lt; 0.3 瓦（标准）</CSValueName><CSValueRank>1</CSValueRank></CSValue></CSItem><CSItem><CSItemCode>3006931</CSItemCode><CSItemName>电源 LED 指示灯</CSItemName><CSItemRank>4</CSItemRank><CSItemIsFreeFormat>0</CSItemIsFreeFormat><CSValue><CSValueCode>VA4015465</CSValueCode><CSValueName>工作 - 白色</CSValueName><CSValueRank>1</CSValueRank></CSValue><CSValue><CSValueCode>VA4017406</CSValueCode><CSValueName>待机模式 - 白色（闪烁）</CSValueName><CSValueRank>2</CSValueRank></CSValue></CSItem><CSItem><CSItemCode>3006932</CSItemCode><CSItemName>电源</CSItemName><CSItemRank>5</CSItemRank><CSItemIsFreeFormat>0</CSItemIsFreeFormat><CSValue><CSValueCode>3033321</CSValueCode><CSValueName>内置</CSValueName><CSValueRank>1</CSValueRank></CSValue><CSValue><CSValueCode>VA4050622</CSValueCode><CSValueName>100-240 伏交流，50-60 赫兹</CSValueName><CSValueRank>2</CSValueRank></CSValue></CSItem></CSChapter><CSChapter><CSChapterCode>3000820</CSChapterCode><CSChapterName>尺寸</CSChapterName><CSChapterRank>6</CSChapterRank><CSItem><CSItemCode>IT4005764</CSItemCode><CSItemName>带支座的产品（毫米）</CSItemName><CSItemRank>1</CSItemRank><CSItemIsFreeFormat>1</CSItemIsFreeFormat><CSValue><CSValueCode>VA4016930</CSValueCode><CSValueName>731 x 529 x 255</CSValueName><CSValueRank>1</CSValueRank></CSValue><UnitOfMeasure><UnitOfMeasureCode>3000058</UnitOfMeasureCode><UnitOfMeasureName>毫米</UnitOfMeasureName><UnitOfMeasureSymbol>毫米</UnitOfMeasureSymbol></UnitOfMeasure></CSItem><CSItem><CSItemCode>IT4005765</CSItemCode><CSItemName>不带支座的产品（毫米）</CSItemName><CSItemRank>2</CSItemRank><CSItemIsFreeFormat>1</CSItemIsFreeFormat><CSValue><CSValueCode>VA4016931</CSValueCode><CSValueName>731 x 434 x 54</CSValueName><CSValueRank>1</CSValueRank></CSValue><UnitOfMeasure><UnitOfMeasureCode>3000058</UnitOfMeasureCode><UnitOfMeasureName>毫米</UnitOfMeasureName><UnitOfMeasureSymbol>毫米</UnitOfMeasureSymbol></UnitOfMeasure></CSItem><CSItem><CSItemCode>IT4005766</CSItemCode><CSItemName>包装（宽x高x厚）（毫米）</CSItemName><CSItemRank>3</CSItemRank><CSItemIsFreeFormat>1</CSItemIsFreeFormat><CSValue><CSValueCode>VA4016932</CSValueCode><CSValueName>815 x 615 x 224</CSValueName><CSValueRank>1</CSValueRank></CSValue><UnitOfMeasure><UnitOfMeasureCode>3000058</UnitOfMeasureCode><UnitOfMeasureName>毫米</UnitOfMeasureName><UnitOfMeasureSymbol>毫米</UnitOfMeasureSymbol></UnitOfMeasure></CSItem></CSChapter><CSChapter><CSChapterCode>CH4000702</CSChapterCode><CSChapterName>重量</CSChapterName><CSChapterRank>7</CSChapterRank><CSItem><CSItemCode>IT4005770</CSItemCode><CSItemName>带支座的产品（千克）</CSItemName><CSItemRank>1</CSItemRank><CSItemIsFreeFormat>1</CSItemIsFreeFormat><CSValue><CSValueCode>VA4016936</CSValueCode><CSValueName>7.03</CSValueName><CSValueRank>1</CSValueRank></CSValue><UnitOfMeasure><UnitOfMeasureCode>3000049</UnitOfMeasureCode><UnitOfMeasureName>千克</UnitOfMeasureName><UnitOfMeasureSymbol>千克</UnitOfMeasureSymbol></UnitOfMeasure></CSItem><CSItem><CSItemCode>IT4005771</CSItemCode><CSItemName>不带支座的产品（千克）</CSItemName><CSItemRank>2</CSItemRank><CSItemIsFreeFormat>1</CSItemIsFreeFormat><CSValue><CSValueCode>VA4016937</CSValueCode><CSValueName>6.45</CSValueName><CSValueRank>1</CSValueRank></CSValue><UnitOfMeasure><UnitOfMeasureCode>3000049</UnitOfMeasureCode><UnitOfMeasureName>千克</UnitOfMeasureName><UnitOfMeasureSymbol>千克</UnitOfMeasureSymbol></UnitOfMeasure></CSItem><CSItem><CSItemCode>IT4005772</CSItemCode><CSItemName>带包装的产品（千克）</CSItemName><CSItemRank>3</CSItemRank><CSItemIsFreeFormat>1</CSItemIsFreeFormat><CSValue><CSValueCode>VA4016938</CSValueCode><CSValueName>9.83</CSValueName><CSValueRank>1</CSValueRank></CSValue><UnitOfMeasure><UnitOfMeasureCode>3000049</UnitOfMeasureCode><UnitOfMeasureName>千克</UnitOfMeasureName><UnitOfMeasureSymbol>千克</UnitOfMeasureSymbol></UnitOfMeasure></CSItem></CSChapter><CSChapter><CSChapterCode>CH4000823</CSChapterCode><CSChapterName>使用条件</CSChapterName><CSChapterRank>8</CSChapterRank><CSItem><CSItemCode>IT4004946</CSItemCode><CSItemName>温度范围（工作）</CSItemName><CSItemRank>1</CSItemRank><CSItemIsFreeFormat>1</CSItemIsFreeFormat><CSValue><CSValueCode>VA4015651</CSValueCode><CSValueName>0°C 至 40°C</CSValueName><CSValueRank>1</CSValueRank></CSValue><UnitOfMeasure><UnitOfMeasureCode>3000081</UnitOfMeasureCode><UnitOfMeasureName>摄氏度</UnitOfMeasureName><UnitOfMeasureSymbol>°C</UnitOfMeasureSymbol></UnitOfMeasure></CSItem><CSItem><CSItemCode>IT4004947</CSItemCode><CSItemName>温度范围（存储）</CSItemName><CSItemRank>2</CSItemRank><CSItemIsFreeFormat>1</CSItemIsFreeFormat><CSValue><CSValueCode>VA4015652</CSValueCode><CSValueName>-20°C 至 60°C</CSValueName><CSValueRank>1</CSValueRank></CSValue><UnitOfMeasure><UnitOfMeasureCode>3000081</UnitOfMeasureCode><UnitOfMeasureName>摄氏度</UnitOfMeasureName><UnitOfMeasureSymbol>°C</UnitOfMeasureSymbol></UnitOfMeasure></CSItem><CSItem><CSItemCode>IT4004948</CSItemCode><CSItemName>相对湿度</CSItemName><CSItemRank>3</CSItemRank><CSItemIsFreeFormat>1</CSItemIsFreeFormat><CSValue><CSValueCode>VA4015653</CSValueCode><CSValueName>20%-80</CSValueName><CSValueRank>1</CSValueRank></CSValue><UnitOfMeasure><UnitOfMeasureCode>3000065</UnitOfMeasureCode><UnitOfMeasureName>百分比</UnitOfMeasureName><UnitOfMeasureSymbol>%</UnitOfMeasureSymbol></UnitOfMeasure></CSItem><CSItem><CSItemCode>IT4023612</CSItemCode><CSItemName>海拔</CSItemName><CSItemRank>4</CSItemRank><CSItemIsFreeFormat>1</CSItemIsFreeFormat><CSValue><CSValueCode>VA4054761</CSValueCode><CSValueName>工作：+12,000 英尺（3,658 米），非工作：+40,000 英尺（12,192 米）</CSValueName><CSValueRank>1</CSValueRank></CSValue></CSItem><CSItem><CSItemCode>IT4004949</CSItemCode><CSItemName>MTBF</CSItemName><CSItemRank>5</CSItemRank><CSItemIsFreeFormat>1</CSItemIsFreeFormat><CSValue><CSValueCode>VA4015654</CSValueCode><CSValueName>50000（不包括背光）</CSValueName><CSValueRank>1</CSValueRank></CSValue><UnitOfMeasure><UnitOfMeasureCode>4000007</UnitOfMeasureCode><UnitOfMeasureName>-小时</UnitOfMeasureName><UnitOfMeasureSymbol>小时</UnitOfMeasureSymbol></UnitOfMeasure></CSItem></CSChapter><CSChapter><CSChapterCode>CH4000822</CSChapterCode><CSChapterName>可持续发展</CSChapterName><CSChapterRank>9</CSChapterRank><CSItem><CSItemCode>IT4004941</CSItemCode><CSItemName>环境和能源</CSItemName><CSItemRank>1</CSItemRank><CSItemIsFreeFormat>0</CSItemIsFreeFormat><CSValue><CSValueCode>VA4015645</CSValueCode><CSValueName>RoHS</CSValueName><CSValueRank>1</CSValueRank></CSValue><CSValue><CSValueCode>VA4033721</CSValueCode><CSValueName>无铅</CSValueName><CSValueRank>2</CSValueRank></CSValue><CSValue><CSValueCode>VA4033722</CSValueCode><CSValueName>不含汞</CSValueName><CSValueRank>3</CSValueRank></CSValue></CSItem><CSItem><CSItemCode>IT4004944</CSItemCode><CSItemName>可回收包装材料</CSItemName><CSItemRank>2</CSItemRank><CSItemIsFreeFormat>1</CSItemIsFreeFormat><CSValue><CSValueCode>VA4015649</CSValueCode><CSValueName>100</CSValueName><CSValueRank>1</CSValueRank></CSValue><UnitOfMeasure><UnitOfMeasureCode>3000065</UnitOfMeasureCode><UnitOfMeasureName>百分比</UnitOfMeasureName><UnitOfMeasureSymbol>%</UnitOfMeasureSymbol></UnitOfMeasure></CSItem></CSChapter><CSChapter><CSChapterCode>CH4001161</CSChapterCode><CSChapterName>合规性和标准</CSChapterName><CSChapterRank>10</CSChapterRank><CSItem><CSItemCode>IT4006152</CSItemCode><CSItemName>审批机构</CSItemName><CSItemRank>1</CSItemRank><CSItemIsFreeFormat>0</CSItemIsFreeFormat><CSValue><CSValueCode>VA4017364</CSValueCode><CSValueName>CCC</CSValueName><CSValueRank>1</CSValueRank></CSValue><CSValue><CSValueCode>VA4017548</CSValueCode><CSValueName>CECP</CSValueName><CSValueRank>2</CSValueRank></CSValue><CSValue><CSValueCode>VA4033547</CSValueCode><CSValueName>WEEE</CSValueName><CSValueRank>3</CSValueRank></CSValue></CSItem></CSChapter><CSChapter><CSChapterCode>CH4000825</CSChapterCode><CSChapterName>机壳</CSChapterName><CSChapterRank>11</CSChapterRank><CSItem><CSItemCode>IT4004955</CSItemCode><CSItemName>颜色</CSItemName><CSItemRank>1</CSItemRank><CSItemIsFreeFormat>1</CSItemIsFreeFormat><CSValue><CSValueCode>VA4015660</CSValueCode><CSValueName>白色和银色</CSValueName><CSValueRank>1</CSValueRank></CSValue></CSItem><CSItem><CSItemCode>IT4004956</CSItemCode><CSItemName>表面</CSItemName><CSItemRank>2</CSItemRank><CSItemIsFreeFormat>1</CSItemIsFreeFormat><CSValue><CSValueCode>VA4015661</CSValueCode><CSValueName>光面</CSValueName><CSValueRank>1</CSValueRank></CSValue></CSItem></CSChapter><Filters><Purpose type="Comparison"><Features><Feature code="F400048758" rank="1" referenceName="Crystalclear Quad HD"/><Feature code="F400068330" rank="2" referenceName="10-bit colors"/><Feature code="F400074029" rank="3" referenceName="AMD FreeSync™ technology"/><Feature code="F400047169" rank="4" referenceName="SmartImage Game"/><Feature code="F400079302" rank="5" referenceName="VA display_178"/><Feature code="F400078929" rank="6" referenceName="LowBlue Mode"/><Feature code="F400067665" rank="7" referenceName="Flicker-free technology"/><Feature code="F400027327" rank="8" referenceName="HDMI Ready(entertainment)"/><Feature code="F400064766" rank="9" referenceName="DisplayPort connection for maximum visuals"/><Feature code="F400061605" rank="10" referenceName="Eco-friendly materials meet major international standards"/><Feature code="F400044227" rank="11" referenceName="Low power consumption saves energy bills"/><Feature code="F400019722" rank="12" referenceName="Mercury Free"/></Features><CSItems><CSItem code="3006169" rank="1" referenceName="图片/显示 - LCD 面板类型"/><CSItem code="3006576" rank="1" referenceName="连接 - 信号输入"/><CSItem code="3006633" rank="1" referenceName="便利性 - 方便用户"/><CSItem code="IT4004954" rank="1" referenceName="底座 - 倾斜"/><CSItem code="IT4005861" rank="1" referenceName="功率 - 开启模式"/><CSItem code="IT4005764" rank="1" referenceName="尺寸 - 带支座的产品（毫米）"/><CSItem code="IT4005770" rank="1" referenceName="重量 - 带支座的产品（千克）"/><CSItem code="IT4004946" rank="1" referenceName="使用条件 - 温度范围（工作）"/><CSItem code="IT4004941" rank="1" referenceName="可持续发展 - 环境和能源"/><CSItem code="IT4006152" rank="1" referenceName="合规性和标准 - 审批机构"/><CSItem code="IT4004955" rank="1" referenceName="机壳 - 颜色"/><CSItem code="IT4007209" rank="2" referenceName="图片/显示 - 背光类型"/><CSItem code="3006588" rank="2" referenceName="连接 - 同步输入"/><CSItem code="IT4019071" rank="2" referenceName="便利性 - 控制软件"/><CSItem code="IT4006150" rank="2" referenceName="功率 - 待机模式"/><CSItem code="IT4005765" rank="2" referenceName="尺寸 - 不带支座的产品（毫米）"/><CSItem code="IT4005771" rank="2" referenceName="重量 - 不带支座的产品（千克）"/><CSItem code="IT4004947" rank="2" referenceName="使用条件 - 温度范围（存储）"/><CSItem code="IT4004944" rank="2" referenceName="可持续发展 - 可回收包装材料"/><CSItem code="IT4004956" rank="2" referenceName="机壳 - 表面"/><CSItem code="3006180" rank="3" referenceName="图片/显示 - 面板尺寸"/><CSItem code="IT4005621" rank="3" referenceName="连接 - 音频（输入/输出）"/><CSItem code="3006693" rank="3" referenceName="便利性 - OSD 语言"/><CSItem code="IT4006081" rank="3" referenceName="功率 - 关闭模式"/><CSItem code="IT4005766" rank="3" referenceName="尺寸 - 包装（宽x高x厚）（毫米）"/><CSItem code="IT4005772" rank="3" referenceName="重量 - 带包装的产品（千克）"/><CSItem code="IT4004948" rank="3" referenceName="使用条件 - 相对湿度"/><CSItem code="3006149" rank="4" referenceName="图片/显示 - 有效显示区"/><CSItem code="3006694" rank="4" referenceName="便利性 - 其它便利性"/><CSItem code="3006931" rank="4" referenceName="功率 - 电源 LED 指示灯"/><CSItem code="IT4023612" rank="4" referenceName="使用条件 - 海拔"/><CSItem code="3006121" rank="5" referenceName="图片/显示 - 宽高比"/><CSItem code="3006699" rank="5" referenceName="便利性 - 即插即用兼容性"/><CSItem code="3006932" rank="5" referenceName="功率 - 电源"/><CSItem code="IT4004949" rank="5" referenceName="使用条件 - MTBF"/><CSItem code="3006193" rank="6" referenceName="图片/显示 - 最佳分辨率"/><CSItem code="IT4041772" rank="7" referenceName="图片/显示 - 像素密度"/><CSItem code="IT4039893" rank="8" referenceName="图片/显示 - 响应时间（标准）"/><CSItem code="3006127" rank="9" referenceName="图片/显示 - 亮度"/><CSItem code="3006133" rank="10" referenceName="图片/显示 - 对比度（标准）"/><CSItem code="IT4006148" rank="11" referenceName="图片/显示 - SmartContrast"/><CSItem code="3006186" rank="12" referenceName="图片/显示 - 像素间距"/><CSItem code="3007518" rank="13" referenceName="图片/显示 - 视角"/><CSItem code="IT4036934" rank="14" referenceName="图片/显示 - 无闪烁"/><CSItem code="3006183" rank="15" referenceName="图片/显示 - 画面效果增强"/><CSItem code="3006143" rank="16" referenceName="图片/显示 - 显示屏色彩"/><CSItem code="IT4006149" rank="17" referenceName="图片/显示 - 扫描频率"/><CSItem code="3006207" rank="18" referenceName="图片/显示 - sRGB"/><CSItem code="IT4042883" rank="19" referenceName="图片/显示 - FreeSync"/><CSItem code="IT4042826" rank="20" referenceName="图片/显示 - LowBlue 模式"/></CSItems></Purpose><Purpose type="Detail"><Features><Feature code="F400048758" rank="1" referenceName="Crystalclear Quad HD"/><Feature code="F400068330" rank="2" referenceName="10-bit colors"/><Feature code="F400074029" rank="3" referenceName="AMD FreeSync™ technology"/><Feature code="F400047169" rank="4" referenceName="SmartImage Game"/><Feature code="F400079302" rank="5" referenceName="VA display_178"/><Feature code="F400078929" rank="6" referenceName="LowBlue Mode"/><Feature code="F400067665" rank="7" referenceName="Flicker-free technology"/><Feature code="F400027327" rank="8" referenceName="HDMI Ready(entertainment)"/><Feature code="F400064766" rank="9" referenceName="DisplayPort connection for maximum visuals"/><Feature code="F400061605" rank="10" referenceName="Eco-friendly materials meet major international standards"/><Feature code="F400044227" rank="11" referenceName="Low power consumption saves energy bills"/><Feature code="F400019722" rank="12" referenceName="Mercury Free"/></Features><CSItems><CSItem code="3006169" rank="1" referenceName="图片/显示 - LCD 面板类型"/><CSItem code="3006576" rank="1" referenceName="连接 - 信号输入"/><CSItem code="3006633" rank="1" referenceName="便利性 - 方便用户"/><CSItem code="IT4004954" rank="1" referenceName="底座 - 倾斜"/><CSItem code="IT4005861" rank="1" referenceName="功率 - 开启模式"/><CSItem code="IT4005764" rank="1" referenceName="尺寸 - 带支座的产品（毫米）"/><CSItem code="IT4005770" rank="1" referenceName="重量 - 带支座的产品（千克）"/><CSItem code="IT4004946" rank="1" referenceName="使用条件 - 温度范围（工作）"/><CSItem code="IT4004941" rank="1" referenceName="可持续发展 - 环境和能源"/><CSItem code="IT4006152" rank="1" referenceName="合规性和标准 - 审批机构"/><CSItem code="IT4004955" rank="1" referenceName="机壳 - 颜色"/><CSItem code="IT4007209" rank="2" referenceName="图片/显示 - 背光类型"/><CSItem code="3006588" rank="2" referenceName="连接 - 同步输入"/><CSItem code="IT4019071" rank="2" referenceName="便利性 - 控制软件"/><CSItem code="IT4006150" rank="2" referenceName="功率 - 待机模式"/><CSItem code="IT4005765" rank="2" referenceName="尺寸 - 不带支座的产品（毫米）"/><CSItem code="IT4005771" rank="2" referenceName="重量 - 不带支座的产品（千克）"/><CSItem code="IT4004947" rank="2" referenceName="使用条件 - 温度范围（存储）"/><CSItem code="IT4004944" rank="2" referenceName="可持续发展 - 可回收包装材料"/><CSItem code="IT4004956" rank="2" referenceName="机壳 - 表面"/><CSItem code="3006180" rank="3" referenceName="图片/显示 - 面板尺寸"/><CSItem code="IT4005621" rank="3" referenceName="连接 - 音频（输入/输出）"/><CSItem code="3006693" rank="3" referenceName="便利性 - OSD 语言"/><CSItem code="IT4006081" rank="3" referenceName="功率 - 关闭模式"/><CSItem code="IT4005766" rank="3" referenceName="尺寸 - 包装（宽x高x厚）（毫米）"/><CSItem code="IT4005772" rank="3" referenceName="重量 - 带包装的产品（千克）"/><CSItem code="IT4004948" rank="3" referenceName="使用条件 - 相对湿度"/><CSItem code="3006149" rank="4" referenceName="图片/显示 - 有效显示区"/><CSItem code="3006694" rank="4" referenceName="便利性 - 其它便利性"/><CSItem code="3006931" rank="4" referenceName="功率 - 电源 LED 指示灯"/><CSItem code="IT4023612" rank="4" referenceName="使用条件 - 海拔"/><CSItem code="3006121" rank="5" referenceName="图片/显示 - 宽高比"/><CSItem code="3006699" rank="5" referenceName="便利性 - 即插即用兼容性"/><CSItem code="3006932" rank="5" referenceName="功率 - 电源"/><CSItem code="IT4004949" rank="5" referenceName="使用条件 - MTBF"/><CSItem code="3006193" rank="6" referenceName="图片/显示 - 最佳分辨率"/><CSItem code="IT4041772" rank="7" referenceName="图片/显示 - 像素密度"/><CSItem code="IT4039893" rank="8" referenceName="图片/显示 - 响应时间（标准）"/><CSItem code="3006127" rank="9" referenceName="图片/显示 - 亮度"/><CSItem code="3006133" rank="10" referenceName="图片/显示 - 对比度（标准）"/><CSItem code="IT4006148" rank="11" referenceName="图片/显示 - SmartContrast"/><CSItem code="3006186" rank="12" referenceName="图片/显示 - 像素间距"/><CSItem code="3007518" rank="13" referenceName="图片/显示 - 视角"/><CSItem code="IT4036934" rank="14" referenceName="图片/显示 - 无闪烁"/><CSItem code="3006183" rank="15" referenceName="图片/显示 - 画面效果增强"/><CSItem code="3006143" rank="16" referenceName="图片/显示 - 显示屏色彩"/><CSItem code="IT4006149" rank="17" referenceName="图片/显示 - 扫描频率"/><CSItem code="3006207" rank="18" referenceName="图片/显示 - sRGB"/><CSItem code="IT4042883" rank="19" referenceName="图片/显示 - FreeSync"/><CSItem code="IT4042826" rank="20" referenceName="图片/显示 - LowBlue 模式"/></CSItems></Purpose></Filters><FeatureCompareGroups/><Disclaimers><Disclaimer code="DIS40009731" rank="1" referenceName="Response time value equal to SmartResponse"><DisclaimerText>响应时间值相当于 SmartResponse</DisclaimerText><DisclaimElements/></Disclaimer><Disclaimer code="DIS40011928" rank="2" referenceName="The monitor may look different from feature images."><DisclaimerText>显示器可能看上去不同于特征图像。</DisclaimerText><DisclaimElements/></Disclaimer></Disclaimers><RichTexts/></Product></Products>