<?xml version="1.0" encoding="UTF-8"?><Products xmlns:source="http://apache.org/cocoon/source/1.0" DocStatus="approved" DocTimeStamp="2018-03-17T09:27:57"><Product Country="CN" IsAccessory="false" IsMaster="false" Locale="zh_CN" lastModified="2018-03-11T05:14:04" masterLastModified="2017-05-31T00:20:32"><CTN>BHC203/05</CTN><GTIN>06923410735574</GTIN><MarketingVersion>2.0.1</MarketingVersion><MarketingStatus>Final Published</MarketingStatus><CRDate>2014-09-26</CRDate><CRDateYW>201439</CRDateYW><ModelYears><ModelYear>2014</ModelYear></ModelYears><ProductDivision><ProductDivisionCode>0200</ProductDivisionCode><ProductDivisionName>Consumer Lifestyle</ProductDivisionName><FormerPDCode>0300</FormerPDCode></ProductDivision><ProductOwner>Nicolas Berger</ProductOwner><DTN>BHC203/05</DTN><Catalog><StartOfPublication>2014-10-26T00:00:00</StartOfPublication><EndOfPublication>2018-10-26T00:00:00</EndOfPublication><StartOfSales>2014-10-26T00:00:00</StartOfSales><EndOfSales>2018-10-26T00:00:00</EndOfSales><DummyPrice>299</DummyPrice><Deleted>false</Deleted><DeleteAfterDate/><ProductRank>50</ProductRank></Catalog><FinancialCategorization><BusinessGroupCode>9044</BusinessGroupCode><BusinessGroupName>Personal Care</BusinessGroupName><BusinessUnitCode>9512</BusinessUnitCode><BusinessUnitName>Beauty</BusinessUnitName><MainArticleGroupCode>E04</MainArticleGroupCode><MainArticleGroupName>Hair Care</MainArticleGroupName><ArticleGroupCode>3031</ArticleGroupCode><ArticleGroupName>Dryers mid-end</ArticleGroupName></FinancialCategorization><Categorization type="CONSUMER"><GroupCode>PERSONAL_CARE_GR</GroupCode><GroupName>Personal care</GroupName><CategoryCode>HAIRCARE_CA</CategoryCode><CategoryName>Haircare</CategoryName><SubcategoryCode>HAIR_DRYERS_SU</SubcategoryCode><SubcategoryName>Hair dryers</SubcategoryName></Categorization><Assets><Asset code="BHC203_05" description="User manual" extension="pdf" lastModified="2017-02-27" locale="zh_CN" number="001" type="DFU">http://download.p4c.philips.com/files/b/bhc203_05/bhc203_05_dfu_zhs.pdf</Asset><Asset code="BHC203_05" description="High Quality product movie 1" extension="mp4" lastModified="2016-11-17" locale="zh_CN" number="001" type="HQ1">http://download.p4c.philips.com/files/b/bhc203_05/bhc203_05_hq1_zhs.mp4</Asset><Asset code="BHC203_05" description="High Quality product movie 2" extension="mp4" lastModified="2016-12-06" locale="zh_CN" number="001" type="HQ2">http://download.p4c.philips.com/files/b/bhc203_05/bhc203_05_hq2_zhs.mp4</Asset><Asset code="BHC203_05" description="Product movie 1" extension="flv" lastModified="2014-10-14" locale="zh_CN" number="001" type="PRM">http://download.p4c.philips.com/files/b/bhc203_05/bhc203_05_prm_zhs.flv</Asset><Asset code="BHC203_05" description="Leaflet" extension="pdf" lastModified="2017-12-14" locale="zh_CN" number="001" type="PSS">http://download.p4c.philips.com/files/b/bhc203_05/bhc203_05_pss_zhscn.pdf</Asset><Asset code="BHC203_05" description="Retail Trade Leaflet" extension="pdf" lastModified="2017-12-15" locale="zh_CN" number="001" type="RTL">http://download.p4c.philips.com/files/b/bhc203_05/bhc203_05_rtl_zhscn.pdf</Asset><Asset code="BHC203_05" description="Alternative product photograph 1 - highres 2196x1795" extension="tif" lastModified="2014-07-30" locale="global" number="001" type="A1P">http://images.philips.com/is/image/PhilipsConsumer/BHC203_05-A1P-global-001</Asset><Asset code="BHC203_05" description="Alternative product photograph 2 - highres 2196x1795" extension="tif" lastModified="2014-07-30" locale="global" number="001" type="A2P">http://images.philips.com/is/image/PhilipsConsumer/BHC203_05-A2P-global-001</Asset><Asset code="BHC203_05" description="Alternative product photograph 3 - highres 2196x1795" extension="tif" lastModified="2014-07-30" locale="global" number="001" type="A3P">http://images.philips.com/is/image/PhilipsConsumer/BHC203_05-A3P-global-001</Asset><Asset code="BHC203_05" description="Alternative product photograph 4 - highres 2196x1795" extension="tif" lastModified="2014-07-30" locale="global" number="001" type="A4P">http://images.philips.com/is/image/PhilipsConsumer/BHC203_05-A4P-global-001</Asset><Asset code="BHC203_05" description="Alternative product photograph - highres 2196x1795" extension="tif" lastModified="2014-07-30" locale="global" number="001" type="APP">http://images.philips.com/is/image/PhilipsConsumer/BHC203_05-APP-global-001</Asset><Asset code="BHC203_05" description="Emotional benefit photograph - highres 514x514" extension="tif" lastModified="2014-10-09" locale="global" number="001" type="BPP">http://images.philips.com/is/image/PhilipsConsumer/BHC203_05-BPP-global-001</Asset><Asset code="BHC203_05" description="Product detail 1 - highres 2196x1795" extension="tif" lastModified="2014-07-30" locale="global" number="001" type="D1P">http://images.philips.com/is/image/PhilipsConsumer/BHC203_05-D1P-global-001</Asset><Asset code="BHC203_05" description="Product detail 2 - highres 2196x1795" extension="tif" lastModified="2014-07-30" locale="global" number="001" type="D2P">http://images.philips.com/is/image/PhilipsConsumer/BHC203_05-D2P-global-001</Asset><Asset code="BHC203_05" description="Product detail 3 - highres 2196x1795" extension="tif" lastModified="2014-07-30" locale="global" number="001" type="D3P">http://images.philips.com/is/image/PhilipsConsumer/BHC203_05-D3P-global-001</Asset><Asset code="BHC203_05" description="Product detail 4 - highres 2196x1795" extension="tif" lastModified="2014-07-30" locale="global" number="001" type="D4P">http://images.philips.com/is/image/PhilipsConsumer/BHC203_05-D4P-global-001</Asset><Asset code="BHC203_05" description="Product detail photograph - highres 2196x2196" extension="tif" lastModified="2017-09-23" locale="global" number="001" type="DPP">http://images.philips.com/is/image/PhilipsConsumer/BHC203_05-DPP-global-001</Asset><Asset code="BHC203_05" description="Emotional Benefit 1 - highres 2196x1795" extension="tif" lastModified="2018-03-09" locale="global" number="001" type="E1P">http://images.philips.com/is/image/PhilipsConsumer/BHC203_05-E1P-global-001</Asset><Asset code="BHC203_05" description="Product 3D" extension="zip" lastModified="2014-07-15" locale="global" number="001" type="P3D">http://images.philips.com/is/image/PhilipsConsumer/BHC203_05-P3D-global</Asset><Asset code="BHC203_05" description="Product 360 video" extension="flv" lastModified="2014-07-15" locale="global" number="001" type="P3F">http://images.philips.com/is/image/PhilipsConsumer/BHC203_05-P3F-global-001</Asset><Asset code="BHC203_05" description="Product with accessory photograph - highres425x377" extension="tif" lastModified="2014-07-30" locale="global" number="001" type="PA1">http://images.philips.com/is/image/PhilipsConsumer/BHC203_05-PA1-global-001</Asset><Asset code="BHC203_05" description="Product with accessory photograph-highres2196x1795" extension="tif" lastModified="2014-07-30" locale="global" number="001" type="PAH">http://images.philips.com/is/image/PhilipsConsumer/BHC203_05-PAH-global-001</Asset><Asset code="BHC203_05" description="Packaging photograph - highres 1447x756" extension="tif" lastModified="2014-07-30" locale="global" number="001" type="PID">http://images.philips.com/is/image/PhilipsConsumer/BHC203_05-PID-global-001</Asset><Asset code="BHC203_05" description="Packaging photograph - master" extension="tif" lastModified="2014-07-30" locale="global" number="001" type="PIM">http://download.p4c.philips.com/files/b/bhc203_05/bhc203_05_pim_.tif</Asset><Asset code="BHC203_05" description="Packaging photograph - small 90x65" extension="jpg" lastModified="2014-07-30" locale="global" number="001" type="PIS">http://download.p4c.philips.com/files/b/bhc203_05/bhc203_05_pis_.jpg</Asset><Asset code="BHC203_05" description="Leaflet" extension="pdf" lastModified="2017-05-31" locale="global" number="001" type="PSS">http://download.p4c.philips.com/files/b/bhc203_05/bhc203_05_pss_.pdf</Asset><Asset code="BHC203_05" description="Standard product photograph - highres 2196x1795" extension="tif" lastModified="2014-09-23" locale="global" number="001" type="RTP">http://images.philips.com/is/image/PhilipsConsumer/BHC203_05-RTP-global-001</Asset><Asset code="BHC203_05" description="Product In Use 1 - highres 2196x1795" extension="tif" lastModified="2014-10-09" locale="global" number="001" type="U1P">http://images.philips.com/is/image/PhilipsConsumer/BHC203_05-U1P-global-001</Asset><Asset code="BHC203_05" description="Product in use photograph - highres 2196x1795" extension="tif" lastModified="2014-10-09" locale="global" number="001" type="UPL">http://images.philips.com/is/image/PhilipsConsumer/BHC203_05-UPL-global-001</Asset><Asset code="BHC203_05" description="Single product shot" extension="" lastModified="2018-03-11" locale="zh_CN" number="" type="IMS">http://images.philips.com/is/image/PhilipsConsumer/BHC203_05-IMS-zh_CN</Asset><Asset code="BHC203_05" description="Product gallery image set" extension="" lastModified="2018-03-11" locale="zh_CN" number="" type="GAL">http://images.philips.com/is/image/PhilipsConsumer/BHC203_05-GAL-zh_CN</Asset><Asset code="BHC203_05" description="Product URL" extension="" lastModified="2018-03-11" locale="zh_CN" number="" type="URL">http://www.philips.com.cn/c-p/BHC203_05/smartcare-hairdryer</Asset><Asset code="F400067233" description="Feature photograph - highres 2100x1170" extension="tif" lastModified="2014-07-30" locale="global" number="001" type="FIL">http://images.philips.com/is/image/PhilipsConsumer/F400067233-FIL-global-001</Asset><Asset code="F400067234" description="Feature photograph - highres 2100x1170" extension="tif" lastModified="2017-05-16" locale="global" number="001" type="FIL">http://images.philips.com/is/image/PhilipsConsumer/F400067234-FIL-global-001</Asset><Asset code="F400067235" description="Feature photograph - highres 2100x1170" extension="tif" lastModified="2014-07-30" locale="global" number="001" type="FIL">http://images.philips.com/is/image/PhilipsConsumer/F400067235-FIL-global-001</Asset><Asset code="F400067236" description="Feature photograph - highres 2100x1170" extension="tif" lastModified="2014-07-30" locale="global" number="001" type="FIL">http://images.philips.com/is/image/PhilipsConsumer/F400067236-FIL-global-001</Asset><Asset code="F400067239" description="Feature photograph - highres 2100x1170" extension="tif" lastModified="2017-05-16" locale="global" number="001" type="FIL">http://images.philips.com/is/image/PhilipsConsumer/F400067239-FIL-global-001</Asset><Asset code="F400067241" description="Feature photograph - highres 2100x1170" extension="tif" lastModified="2017-05-16" locale="global" number="001" type="FIL">http://images.philips.com/is/image/PhilipsConsumer/F400067241-FIL-global-001</Asset><Asset code="GA_GREEN" description="needs to be blocked as code in CCR Global award logo - master" extension="eps" lastModified="2010-09-22" locale="global" number="001" type="GAL">GA_GREEN-GAL-global-001.eps</Asset><Asset code="GA_GREEN" description="Global award logo - highres 590x590" extension="tif" lastModified="2010-09-22" locale="global" number="001" type="GAP">http://images.philips.com/is/image/PhilipsConsumer/GA_GREEN-GAP-global-001</Asset><Asset code="PHI" description="Brand logo - highres 1476x886" extension="tif" lastModified="2016-02-18" locale="global" number="001" type="BRP">http://images.philips.com/is/image/PhilipsConsumer/PHI-BRP-global-001</Asset></Assets><ProductName>1600 瓦 智能风热系统 负离子电吹风</ProductName><FullProductName>飞利浦 SmartCare 电吹风 BHC203/05 1600 瓦 智能风热系统 负离子</FullProductName><NamingString><MasterBrand><BrandCode>PHI</BrandCode><BrandName>Philips</BrandName></MasterBrand><BrandString>飞利浦</BrandString><Family><FamilyCode>SB40005004</FamilyCode><FamilyName>SmartCare</FamilyName><FamilyNameUsed>1</FamilyNameUsed></Family><Descriptor><DescriptorCode>NSD_000075</DescriptorCode><DescriptorName>电吹风</DescriptorName></Descriptor><Alphanumeric>BHC203/05</Alphanumeric><VersionElement1><VersionElementCode>V4008046</VersionElementCode><VersionElementName>1600 瓦</VersionElementName></VersionElement1><VersionElement2><VersionElementCode>V4036203</VersionElementCode><VersionElementName>智能风热系统</VersionElementName></VersionElement2><VersionElement3><VersionElementCode>V4023343</VersionElementCode><VersionElementName>负离子</VersionElementName></VersionElement3><VersionString>1600 瓦 智能风热系统 负离子</VersionString><BrandedFeatureString/><DescriptorBrandedFeatureString>电吹风</DescriptorBrandedFeatureString></NamingString><WOW>智能风热系统，带来健康强韧的秀发</WOW><SubWOW>专为受损发质设计</SubWOW><MarketingTextHeader>飞利浦 SmartCare 电吹风采用创新的智能风热系统，可有效调整干发温度，防止头发和头皮过热，让秀发健康、亮泽。</MarketingTextHeader><KeyBenefitArea><KeyBenefitAreaCode>K4028976</KeyBenefitAreaCode><KeyBenefitAreaName>美发科技</KeyBenefitAreaName><KeyBenefitAreaRank>1</KeyBenefitAreaRank><Feature><FeatureCode>F400067233</FeatureCode><FeatureReferenceName>ThermoShield Technology (Phoenix)</FeatureReferenceName><FeatureName>智能风热系统</FeatureName><FeatureLongDescription>智能水光技术能自动进行高低温调节</FeatureLongDescription><FeatureGlossary>智能风热系统是一项创新的飞利浦技术，可为秀发提供智能和有效的防护。感应装置可持续分析头发的温度并即时调整温度，实现快速健康地干发。启用智能风热感应装置后，LED 指示灯将自动亮起。然后，您可以感受到不时的温度变化，不会再出现局部过热，头发和头皮会获得动态过热防护。</FeatureGlossary><FeatureRank>1</FeatureRank><FeatureTopRank>1</FeatureTopRank></Feature><Feature><FeatureCode>F400067235</FeatureCode><FeatureReferenceName>2X* ionic care (Phoenix)</FeatureReferenceName><FeatureName>2 倍负离子养护*</FeatureName><FeatureLongDescription>双负离子出口，带来 2 倍负离子养护*</FeatureLongDescription><FeatureGlossary>持续释放 2 倍负离子，令秀发健康亮泽、顺滑。负离子可消除静电、养护头发和头皮，并柔顺秀发，带给您顺滑、亮泽的造型。双负离子出口，一个位于电吹风的中央，另一个靠近出风口，确保负离子可以随气流均匀分布，实现均衡的养护效果。</FeatureGlossary><FeatureRank>2</FeatureRank><FeatureTopRank>2</FeatureTopRank></Feature><Feature><FeatureCode>F400067243</FeatureCode><FeatureReferenceName>Radiance diffuser (Phoenix)</FeatureReferenceName><FeatureName>亮泽扩散风嘴</FeatureName><FeatureLongDescription>亮泽扩散风嘴为受损的秀发带来细致呵护</FeatureLongDescription><FeatureGlossary>为染烫和受损的敏感型秀发带来细致呵护而设计。扩散风嘴让气流柔和，热量散布均匀。结合智能风热系统，飞利浦可以带给您多重养护效果。</FeatureGlossary><FeatureRank>3</FeatureRank><FeatureTopRank>7</FeatureTopRank></Feature></KeyBenefitArea><KeyBenefitArea><KeyBenefitAreaCode>K4011512</KeyBenefitAreaCode><KeyBenefitAreaName>靓丽造型</KeyBenefitAreaName><KeyBenefitAreaRank>2</KeyBenefitAreaRank><Feature><FeatureCode>F400067234</FeatureCode><FeatureReferenceName>1600W for gentle drying (Phoenix)</FeatureReferenceName><FeatureName>1600 瓦轻柔吹干</FeatureName><FeatureLongDescription>1600 瓦轻柔吹干</FeatureLongDescription><FeatureGlossary>这款 1600 瓦的电吹风可产生稳定的气流和强劲的吹干动力，让您每天拥有靓丽发型。</FeatureGlossary><FeatureRank>7</FeatureRank><FeatureTopRank>3</FeatureTopRank></Feature><Feature><FeatureCode>F400067239</FeatureCode><FeatureReferenceName>Cool shot to set style (Phoenix)</FeatureReferenceName><FeatureName>冷风帮助定型</FeatureName><FeatureLongDescription>独立的冷风喷出按钮，轻松塑造发型</FeatureLongDescription><FeatureGlossary>持续按下冷风喷出按钮，可将气流冷却至环境温度，有助于快速地定型。松开按钮后，温度会上升。</FeatureGlossary><FeatureRank>8</FeatureRank><FeatureTopRank>5</FeatureTopRank></Feature></KeyBenefitArea><KeyBenefitArea><KeyBenefitAreaCode>K300000216</KeyBenefitAreaCode><KeyBenefitAreaName>易于使用</KeyBenefitAreaName><KeyBenefitAreaRank>3</KeyBenefitAreaRank><Feature><FeatureCode>F400067236</FeatureCode><FeatureReferenceName>6 speed &amp; heat settings (Phoenix)</FeatureReferenceName><FeatureName>6 档风速和温度设定</FeatureName><FeatureLongDescription>六档可调风速和温度设定</FeatureLongDescription><FeatureGlossary>轻松调节所需的风速和热力，随时打造多变的发型效果。</FeatureGlossary><FeatureRank>4</FeatureRank><FeatureTopRank>4</FeatureTopRank></Feature><Feature><FeatureCode>F400067240</FeatureCode><FeatureReferenceName>Concentrator (Phoenix)</FeatureReferenceName><FeatureName>集风嘴</FeatureName><FeatureLongDescription>集风嘴可快速吹干头发，轻松造型</FeatureLongDescription><FeatureGlossary>集风嘴通过出风口将气流集中吹到头发上的特定位置，快速吹干秀发并精确造型。</FeatureGlossary><FeatureRank>5</FeatureRank><FeatureTopRank>6</FeatureTopRank></Feature><Feature><FeatureCode>F400067241</FeatureCode><FeatureReferenceName>Foldable Handle (Phoenix)</FeatureReferenceName><FeatureName>可折叠手柄</FeatureName><FeatureLongDescription>可折叠手柄，便于存放</FeatureLongDescription><FeatureGlossary>这款电吹风具有可折叠手柄，易于收纳、存放，您可随心携带。</FeatureGlossary><FeatureRank>6</FeatureRank><FeatureTopRank>8</FeatureTopRank></Feature></KeyBenefitArea><FeatureImage><FeatureCode>F400067233</FeatureCode><FeatureReferenceName>ThermoShield Technology (Phoenix)</FeatureReferenceName><FeatureImageRank>1</FeatureImageRank></FeatureImage><FeatureImage><FeatureCode>F400067235</FeatureCode><FeatureReferenceName>2X* ionic care (Phoenix)</FeatureReferenceName><FeatureImageRank>2</FeatureImageRank></FeatureImage><FeatureImage><FeatureCode>F400067234</FeatureCode><FeatureReferenceName>1600W for gentle drying (Phoenix)</FeatureReferenceName><FeatureImageRank>3</FeatureImageRank></FeatureImage><FeatureImage><FeatureCode>F400067236</FeatureCode><FeatureReferenceName>6 speed &amp; heat settings (Phoenix)</FeatureReferenceName><FeatureImageRank>4</FeatureImageRank></FeatureImage><FeatureImage><FeatureCode>F400067239</FeatureCode><FeatureReferenceName>Cool shot to set style (Phoenix)</FeatureReferenceName><FeatureImageRank>5</FeatureImageRank></FeatureImage><FeatureImage><FeatureCode>F400067240</FeatureCode><FeatureReferenceName>Concentrator (Phoenix)</FeatureReferenceName><FeatureImageRank>6</FeatureImageRank></FeatureImage><FeatureImage><FeatureCode>F400067243</FeatureCode><FeatureReferenceName>Radiance diffuser (Phoenix)</FeatureReferenceName><FeatureImageRank>7</FeatureImageRank></FeatureImage><FeatureImage><FeatureCode>F400067241</FeatureCode><FeatureReferenceName>Foldable Handle (Phoenix)</FeatureReferenceName><FeatureImageRank>8</FeatureImageRank></FeatureImage><FeatureHighlight><FeatureCode>F400067233</FeatureCode><FeatureReferenceName>ThermoShield Technology (Phoenix)</FeatureReferenceName><FeatureHighlightRank>1</FeatureHighlightRank></FeatureHighlight><FeatureHighlight><FeatureCode>F400067235</FeatureCode><FeatureReferenceName>2X* ionic care (Phoenix)</FeatureReferenceName><FeatureHighlightRank>2</FeatureHighlightRank></FeatureHighlight><FeatureHighlight><FeatureCode>F400067234</FeatureCode><FeatureReferenceName>1600W for gentle drying (Phoenix)</FeatureReferenceName><FeatureHighlightRank>3</FeatureHighlightRank></FeatureHighlight><FeatureHighlight><FeatureCode>F400067236</FeatureCode><FeatureReferenceName>6 speed &amp; heat settings (Phoenix)</FeatureReferenceName><FeatureHighlightRank>4</FeatureHighlightRank></FeatureHighlight><FeatureHighlight><FeatureCode>F400067239</FeatureCode><FeatureReferenceName>Cool shot to set style (Phoenix)</FeatureReferenceName><FeatureHighlightRank>5</FeatureHighlightRank></FeatureHighlight><FeatureHighlight><FeatureCode>F400067240</FeatureCode><FeatureReferenceName>Concentrator (Phoenix)</FeatureReferenceName><FeatureHighlightRank>6</FeatureHighlightRank></FeatureHighlight><FeatureHighlight><FeatureCode>F400067243</FeatureCode><FeatureReferenceName>Radiance diffuser (Phoenix)</FeatureReferenceName><FeatureHighlightRank>7</FeatureHighlightRank></FeatureHighlight><FeatureHighlight><FeatureCode>F400067241</FeatureCode><FeatureReferenceName>Foldable Handle (Phoenix)</FeatureReferenceName><FeatureHighlightRank>8</FeatureHighlightRank></FeatureHighlight><CSChapter><CSChapterCode>3000956</CSChapterCode><CSChapterName>技术规格</CSChapterName><CSChapterRank>1</CSChapterRank><CSItem><CSItemCode>S_0000107</CSItemCode><CSItemName>额定功率</CSItemName><CSItemRank>3</CSItemRank><CSItemIsFreeFormat>1</CSItemIsFreeFormat><CSValue><CSValueCode>VA4007180</CSValueCode><CSValueName>1600</CSValueName><CSValueRank>1</CSValueRank></CSValue><UnitOfMeasure><UnitOfMeasureCode>3000072</UnitOfMeasureCode><UnitOfMeasureName>瓦特</UnitOfMeasureName><UnitOfMeasureSymbol>瓦</UnitOfMeasureSymbol></UnitOfMeasure></CSItem><CSItem><CSItemCode>S_0000109</CSItemCode><CSItemName>电线长度</CSItemName><CSItemRank>5</CSItemRank><CSItemIsFreeFormat>1</CSItemIsFreeFormat><CSValue><CSValueCode>VA4007182</CSValueCode><CSValueName>1.5</CSValueName><CSValueRank>1</CSValueRank></CSValue><UnitOfMeasure><UnitOfMeasureCode>3000057</UnitOfMeasureCode><UnitOfMeasureName>米</UnitOfMeasureName><UnitOfMeasureSymbol>米</UnitOfMeasureSymbol></UnitOfMeasure></CSItem><CSItem><CSItemCode>IT4021792</CSItemCode><CSItemName>电压</CSItemName><CSItemRank>8</CSItemRank><CSItemIsFreeFormat>0</CSItemIsFreeFormat><CSValue><CSValueCode>VA4059777</CSValueCode><CSValueName>220伏</CSValueName><CSValueRank>2</CSValueRank></CSValue></CSItem></CSChapter><CSChapter><CSChapterCode>CHA_0000006</CSChapterCode><CSChapterName>功能</CSChapterName><CSChapterRank>2</CSChapterRank><CSItem><CSItemCode>IT4027771</CSItemCode><CSItemName>存放挂钩</CSItemName><CSItemRank>7</CSItemRank><CSItemIsFreeFormat>0</CSItemIsFreeFormat><CSValue><CSValueCode>VA4065141</CSValueCode><CSValueName>是</CSValueName><CSValueRank>1</CSValueRank></CSValue></CSItem></CSChapter><CSChapter><CSChapterCode>CHA_0000049</CSChapterCode><CSChapterName>服务</CSChapterName><CSChapterRank>3</CSChapterRank><CSItem><CSItemCode>IT4002813</CSItemCode><CSItemName>2 年保修</CSItemName><CSItemRank>1</CSItemRank><CSItemIsFreeFormat>0</CSItemIsFreeFormat><CSValue><CSValueCode>VA4011021</CSValueCode><CSValueName>是</CSValueName><CSValueRank>4</CSValueRank></CSValue></CSItem></CSChapter><CSChapter><CSChapterCode>3000815</CSChapterCode><CSChapterName>附件</CSChapterName><CSChapterRank>4</CSChapterRank><CSItem><CSItemCode>IT4010248</CSItemCode><CSItemName>附件</CSItemName><CSItemRank>2</CSItemRank><CSItemIsFreeFormat>0</CSItemIsFreeFormat><CSValue><CSValueCode>VA4024002</CSValueCode><CSValueName>集风嘴</CSValueName><CSValueRank>3</CSValueRank></CSValue><CSValue><CSValueCode>VA4082249</CSValueCode><CSValueName>亮泽扩散风嘴</CSValueName><CSValueRank>5</CSValueRank></CSValue></CSItem></CSChapter><CSChapter><CSChapterCode>3001096</CSChapterCode><CSChapterName>设计</CSChapterName><CSChapterRank>5</CSChapterRank><CSItem><CSItemCode>S_0000001</CSItemCode><CSItemName>颜色</CSItemName><CSItemRank>4</CSItemRank><CSItemIsFreeFormat>1</CSItemIsFreeFormat><CSValue><CSValueCode>VA4007102</CSValueCode><CSValueName>珍珠白</CSValueName><CSValueRank>1</CSValueRank></CSValue></CSItem><CSItem><CSItemCode>IT4035692</CSItemCode><CSItemName>装饰线</CSItemName><CSItemRank>6</CSItemRank><CSItemIsFreeFormat>1</CSItemIsFreeFormat><CSValue><CSValueCode>VA4083077</CSValueCode><CSValueName>深紫色</CSValueName><CSValueRank>1</CSValueRank></CSValue></CSItem></CSChapter><Filters><Purpose type="Comparison"><Features><Feature code="F400067233" rank="1" referenceName="ThermoShield Technology (Phoenix)"/><Feature code="F400067235" rank="2" referenceName="2X* ionic care (Phoenix)"/><Feature code="F400067234" rank="3" referenceName="1600W for gentle drying (Phoenix)"/><Feature code="F400067236" rank="4" referenceName="6 speed &amp; heat settings (Phoenix)"/><Feature code="F400067239" rank="5" referenceName="Cool shot to set style (Phoenix)"/><Feature code="F400067240" rank="6" referenceName="Concentrator (Phoenix)"/><Feature code="F400067243" rank="7" referenceName="Radiance diffuser (Phoenix)"/><Feature code="F400067241" rank="8" referenceName="Foldable Handle (Phoenix)"/></Features><CSItems><CSItem code="IT4002813" rank="1" referenceName="服务 - 2 年保修"/><CSItem code="IT4010248" rank="2" referenceName="附件 - 附件"/><CSItem code="S_0000107" rank="3" referenceName="技术规格 - 额定功率"/><CSItem code="S_0000001" rank="4" referenceName="设计 - 颜色"/><CSItem code="S_0000109" rank="5" referenceName="技术规格 - 电线长度"/><CSItem code="IT4035692" rank="6" referenceName="设计 - 装饰线"/><CSItem code="IT4027771" rank="7" referenceName="功能 - 存放挂钩"/><CSItem code="IT4021792" rank="8" referenceName="技术规格 - 电压"/></CSItems></Purpose><Purpose type="Detail"><Features><Feature code="F400067233" rank="1" referenceName="ThermoShield Technology (Phoenix)"/><Feature code="F400067235" rank="2" referenceName="2X* ionic care (Phoenix)"/><Feature code="F400067234" rank="3" referenceName="1600W for gentle drying (Phoenix)"/><Feature code="F400067236" rank="4" referenceName="6 speed &amp; heat settings (Phoenix)"/><Feature code="F400067239" rank="5" referenceName="Cool shot to set style (Phoenix)"/><Feature code="F400067240" rank="6" referenceName="Concentrator (Phoenix)"/><Feature code="F400067243" rank="7" referenceName="Radiance diffuser (Phoenix)"/><Feature code="F400067241" rank="8" referenceName="Foldable Handle (Phoenix)"/></Features><CSItems><CSItem code="IT4002813" rank="1" referenceName="服务 - 2 年保修"/><CSItem code="IT4010248" rank="2" referenceName="附件 - 附件"/><CSItem code="S_0000107" rank="3" referenceName="技术规格 - 额定功率"/><CSItem code="S_0000001" rank="4" referenceName="设计 - 颜色"/><CSItem code="S_0000109" rank="5" referenceName="技术规格 - 电线长度"/><CSItem code="IT4035692" rank="6" referenceName="设计 - 装饰线"/><CSItem code="IT4027771" rank="7" referenceName="功能 - 存放挂钩"/><CSItem code="IT4021792" rank="8" referenceName="技术规格 - 电压"/></CSItems></Purpose></Filters><FeatureCompareGroups/><Disclaimers><Disclaimer code="DIS40007549" rank="1" referenceName="Compared to predecessor Philips hairdryer HP8210"><DisclaimerText>与上一代飞利浦 HP8210 电吹风相比</DisclaimerText><DisclaimElements/></Disclaimer></Disclaimers><Award AwardType="global"><AwardCode>GA_GREEN</AwardCode><AwardName>飞利浦绿色标志</AwardName><AwardDescription>飞利浦绿色产品可以降低成本、节省能源和减少二氧化碳排放。如何做到？它们在一个或多个飞利浦绿色焦点领域 – 能效、包装、有害物质、重量、回收和处理，还有使用寿命可靠性做出了显著的环保改善。</AwardDescription><AwardText>飞利浦绿色标志</AwardText><AwardRank>3</AwardRank></Award><RichTexts/></Product></Products>