<?xml version="1.0" encoding="UTF-8"?><Products xmlns:source="http://apache.org/cocoon/source/1.0" DocStatus="approved" DocTimeStamp="2018-10-23T21:15:06"><Product Country="US" IsAccessory="false" IsMaster="false" Locale="en_US" lastModified="2018-10-23T04:30:06" masterLastModified="2018-10-20T00:22:27"><CTN>712003148</CTN><Code12NC>915004505701</Code12NC><GTIN>046677798093</GTIN><MarketingVersion>5.0.1</MarketingVersion><MarketingStatus>Final Published</MarketingStatus><CRDate>2014-02-28</CRDate><CRDateYW>201409</CRDateYW><ModelYears><ModelYear>2014</ModelYear></ModelYears><ProductDivision><ProductDivisionCode>0100</ProductDivisionCode><ProductDivisionName>Lighting</ProductDivisionName><FormerPDCode>0100</FormerPDCode></ProductDivision><ProductOwner>Erwin Deproost</ProductOwner><DTN>71200/31/48</DTN><Catalog><StartOfPublication>2014-09-22T00:00:00</StartOfPublication><EndOfPublication>2300-01-01T00:00:00</EndOfPublication><StartOfSales>2014-09-22T00:00:00</StartOfSales><EndOfSales>2300-01-01T00:00:00</EndOfSales><DummyPrice>349.99</DummyPrice><Deleted>false</Deleted><DeleteAfterDate/><ProductRank>91</ProductRank></Catalog><FinancialCategorization><BusinessGroupCode>9021</BusinessGroupCode><BusinessGroupName>Home</BusinessGroupName><BusinessUnitCode>9159</BusinessUnitCode><BusinessUnitName>Home Luminaires</BusinessUnitName><MainArticleGroupCode>G76</MainArticleGroupCode><MainArticleGroupName>Livingroom</MainArticleGroupName><ArticleGroupCode>4904</ArticleGroupCode><ArticleGroupName>Suspension</ArticleGroupName></FinancialCategorization><Categorization type="CONSUMER"><GroupCode>LIGHTING_GR</GroupCode><GroupName>Lighting</GroupName><CategoryCode>HUEWIRELESS_CA</CategoryCode><CategoryName>Hue</CategoryName><SubcategoryCode>LAMPS_SU</SubcategoryCode><SubcategoryName>Lamps</SubcategoryName></Categorization><Assets><Asset code="712003148" description="User manual" extension="pdf" lastModified="2014-09-01" locale="en_US" number="001" type="DFU">http://download.p4c.philips.com/files/7/712003148/712003148_dfu_aen.pdf</Asset><Asset code="712003148" description="High Quality product movie 1" extension="mp4" lastModified="2014-08-27" locale="en_US" number="001" type="HQ1">http://download.p4c.philips.com/files/7/712003148/712003148_hq1_aen.mp4</Asset><Asset code="712003148" description="Leaflet" extension="pdf" lastModified="2018-10-21" locale="en_US" number="001" type="PSS">http://download.p4c.philips.com/files/7/712003148/712003148_pss_aenus.pdf</Asset><Asset code="712003148" description="Quick start guide" extension="pdf" lastModified="2014-09-01" locale="en_US" number="001" type="QSG">http://download.p4c.philips.com/files/7/712003148/712003148_qsg_aen.pdf</Asset><Asset code="712003148" description="Retail Trade Leaflet" extension="pdf" lastModified="2018-10-22" locale="en_US" number="001" type="RTL">http://download.p4c.philips.com/files/7/712003148/712003148_rtl_aenus.pdf</Asset><Asset code="712003148" description="Leaflet" extension="pdf" lastModified="2018-10-21" locale="global" number="001" type="PSS">http://download.p4c.philips.com/files/7/712003148/712003148_pss_.pdf</Asset><Asset code="712003148" description="Standard product photograph - highres 2196x1795" extension="tif" lastModified="2017-10-31" locale="global" number="001" type="RTP">http://images.philips.com/is/image/PhilipsConsumer/712003148-RTP-global-001</Asset><Asset code="712003148" description="Single product shot" extension="" lastModified="2018-10-23" locale="en_US" number="" type="IMS">http://images.philips.com/is/image/PhilipsConsumer/712003148-IMS-en_US</Asset><Asset code="712003148" description="Product gallery image set" extension="" lastModified="2018-10-23" locale="en_US" number="" type="GAL">http://images.philips.com/is/image/PhilipsConsumer/712003148-GAL-en_US</Asset><Asset code="712003148" description="Product URL" extension="" lastModified="2018-10-23" locale="en_US" number="" type="URL">http://www.usa.philips.com/c-p/712003148/hue-white-and-color-ambiance-beyond-suspension-light</Asset><Asset code="GA40017068" description="needs to be blocked as code in CCR Global award logo - master" extension="eps" lastModified="2015-03-27" locale="global" number="001" type="GAL">GA40017068-GAL-global-001.eps</Asset><Asset code="GA40017068" description="Global award logo - highres 590x590" extension="tif" lastModified="2015-03-27" locale="global" number="001" type="GAP">http://images.philips.com/is/image/PhilipsConsumer/GA40017068-GAP-global-001</Asset><Asset code="GA40017072" description="needs to be blocked as code in CCR Global award logo - master" extension="eps" lastModified="2015-03-27" locale="global" number="001" type="GAL">GA40017072-GAL-global-001.eps</Asset><Asset code="GA40017072" description="Global award logo - highres 590x590" extension="tif" lastModified="2015-03-27" locale="global" number="001" type="GAP">http://images.philips.com/is/image/PhilipsConsumer/GA40017072-GAP-global-001</Asset></Assets><ProductName>LED integrated White Beyond suspension light</ProductName><FullProductName>Philips Hue White and color ambiance Beyond suspension light 71200/31/48 LED integrated White Smart control with Hue bridge* Control with your voice*</FullProductName><NamingString><MasterBrand><BrandCode>PHI</BrandCode><BrandName>Philips</BrandName></MasterBrand><BrandString>Philips</BrandString><Family><FamilyCode>PLM0345003</FamilyCode><FamilyName>Hue White and color ambiance</FamilyName><FamilyNameUsed>1</FamilyNameUsed></Family><Descriptor><DescriptorCode>PLM1000106</DescriptorCode><DescriptorName>Beyond suspension light</DescriptorName></Descriptor><Alphanumeric>71200/31/48</Alphanumeric><VersionElement1><VersionElementCode>PLM1000009</VersionElementCode><VersionElementName>LED integrated</VersionElementName></VersionElement1><VersionElement2><VersionElementCode>PLM1000007</VersionElementCode><VersionElementName>White</VersionElementName></VersionElement2><VersionElement3><VersionElementCode>PLM1000044</VersionElementCode><VersionElementName>Smart control with Hue bridge*</VersionElementName></VersionElement3><VersionElement4><VersionElementCode>PLM1000070</VersionElementCode><VersionElementName>Control with your voice*</VersionElementName></VersionElement4><VersionString>LED integrated White Smart control with Hue bridge* Control with your voice*</VersionString><BrandedFeatureString/><DescriptorBrandedFeatureString>Beyond suspension light</DescriptorBrandedFeatureString></NamingString><WOW>Limitless possibilities</WOW><SubWOW>for extraordinary experiences</SubWOW><MarketingTextHeader>This stylish Philips hue Beyond LED pendant combines scene-setting mood lighting and warm white task lighting in one. Connects to your home wireless network for instant and complete control of your home lighting from your smart device.</MarketingTextHeader><KeyBenefitArea><KeyBenefitAreaCode>K4034657</KeyBenefitAreaCode><KeyBenefitAreaName>Create light beyond imagination</KeyBenefitAreaName><KeyBenefitAreaRank>1</KeyBenefitAreaRank><Feature><FeatureCode>F400083659</FeatureCode><FeatureReferenceName>Functional and mood lighting</FeatureReferenceName><FeatureName>Functional and mood lighting</FeatureName><FeatureLongDescription>LightDuo: two light sources for functional and mood lighting</FeatureLongDescription><FeatureGlossary>Read and work in harmony with how you feel, whether relaxed, energized or sociable. All through the power of light. Philips Hue beyond has two independent light sources – an uplight and a downlight – so you can create an endless mix of colors and white light. Set functional lighting and add a touch of color. Or create vibrant scenes and combine different colors to match your mood, whether it's to relax, energize or explore.</FeatureGlossary><FeatureRank>1</FeatureRank><FeatureTopRank>1</FeatureTopRank></Feature></KeyBenefitArea><KeyBenefitArea><KeyBenefitAreaCode>K4034400</KeyBenefitAreaCode><KeyBenefitAreaName>Limitless possibilities</KeyBenefitAreaName><KeyBenefitAreaRank>2</KeyBenefitAreaRank><Feature><FeatureCode>F400083538</FeatureCode><FeatureReferenceName>Be creative with colors</FeatureReferenceName><FeatureName>Be creative with colors</FeatureName><FeatureLongDescription>Be creative with 16 million colors</FeatureLongDescription><FeatureGlossary>Play with light and choose from 16 million colors to instantly change the look and atmosphere of your room. Set the scene effortlessly with one touch of a button. Use a favourite photo and relive that special moment with splashes of light. Save your favourite light settings and recall them whenever you want with the tap of a finger</FeatureGlossary><FeatureRank>1</FeatureRank><FeatureTopRank>2</FeatureTopRank></Feature><Feature><FeatureCode>F400083541</FeatureCode><FeatureReferenceName>Sync with music and movies</FeatureReferenceName><FeatureName>Sync with music and movies</FeatureName><FeatureLongDescription>Sync lights with music and movies</FeatureLongDescription><FeatureGlossary>Extend your TV viewing experience to the whole room or sync light to your favorite music and see how light reacts to the rhythm. Download the third party apps and discover the amazing things you can do with Philips Hue.</FeatureGlossary><FeatureRank>2</FeatureRank><FeatureTopRank>3</FeatureTopRank></Feature><Feature><FeatureCode>F400083654</FeatureCode><FeatureReferenceName>Create your ambiance (HUE LUM)</FeatureReferenceName><FeatureName>Create your ambiance</FeatureName><FeatureLongDescription>Create your ambiance with warm white to cool daylight</FeatureLongDescription><FeatureGlossary>Set the right ambiance for any moment and decorate your home with warm to cool white light. Enjoy different styles throughout the year, no matter if it's the crisp white light reminding you of a spring breeze, the warm white light of a summer sun, or the ice cool daylight of winter. Connection with the Philips Hue bridge required for this functionality.</FeatureGlossary><FeatureRank>3</FeatureRank><FeatureTopRank>4</FeatureTopRank></Feature><Feature><FeatureCode>F400083660</FeatureCode><FeatureReferenceName>Wake up and go to sleep LUM 2017</FeatureReferenceName><FeatureName>Wake up and go to sleep</FeatureName><FeatureLongDescription>Wake up and go to sleep naturally</FeatureLongDescription><FeatureGlossary>Philips Hue will help get you out of bed the way you like it, helping you start your day feeling refreshed. The light brightness increases gradually mimicking the effect of sunrise and helps you wake up naturally, instead of being woken up by the loud sound of an alarm clock. Start your day, the right way. In the evening, the relaxing warm white light helps you to unwind, relax and prepare your body for a good night’s sleep. Connection with the Philips Hue bridge required for this functionality.</FeatureGlossary><FeatureRank>4</FeatureRank><FeatureTopRank>5</FeatureTopRank></Feature><Feature><FeatureCode>F400083545</FeatureCode><FeatureReferenceName>Light for your daily routines</FeatureReferenceName><FeatureName>Light for your daily routines</FeatureName><FeatureLongDescription>Relax, read, concentrate and energize with light recipes</FeatureLongDescription><FeatureGlossary>Light influences our mood and behavior. Philips Hue can help you to customize your daily routines into moments you can enjoy. Skip your morning coffee and get ready for the day with cool, bright white daylight that helps to energize your body and mind. Stay focussed with finely tuned bright white light. Or put your feet up and relax with a soft glow of white light for the perfect end of the day.</FeatureGlossary><FeatureRank>5</FeatureRank><FeatureTopRank>6</FeatureTopRank></Feature><Feature><FeatureCode>F400083655</FeatureCode><FeatureReferenceName>Smart control, home and away LUM 2017</FeatureReferenceName><FeatureName>Smart control, home and away</FeatureName><FeatureLongDescription>Smart control, home and away</FeatureLongDescription><FeatureGlossary>With the Philips Hue iOS and Android apps you can control your lights remotely wherever you are. Check if you have forgotten to switch your lights off before you left your home, and switch them on if you are working late. Connection with the Philips Hue bridge required for this functionality.</FeatureGlossary><FeatureRank>6</FeatureRank><FeatureTopRank>7</FeatureTopRank></Feature><Feature><FeatureCode>F400083656</FeatureCode><FeatureReferenceName>Timers for your convenience HUE LUM</FeatureReferenceName><FeatureName>Timers for your convenience</FeatureName><FeatureLongDescription>Set timers for your convenience</FeatureLongDescription><FeatureGlossary>Philips Hue can make it seem like you're home when you're not, using the schedule function in the Philips Hue app. Set the lights to come on at a pre-set time, so the lights are on when you arrive home. You can even set rooms to light up at different times. And of course, you can let the lights turn off gradually in the night, so you never have to worry whether you've left any lights on. Connection with the Philips Hue bridge required for this functionality.</FeatureGlossary><FeatureRank>7</FeatureRank><FeatureTopRank>8</FeatureTopRank></Feature><Feature><FeatureCode>F400083552</FeatureCode><FeatureReferenceName>Installation free dimming</FeatureReferenceName><FeatureName>Installation free dimming</FeatureName><FeatureLongDescription>Installation free dimming</FeatureLongDescription><FeatureGlossary>Experience guaranteed smooth dimming with Philips Hue. Not too bright. Not too dark. Just right. No need for wires, an electrician or installation</FeatureGlossary><FeatureRank>8</FeatureRank><FeatureTopRank>9</FeatureTopRank></Feature><Feature><FeatureCode>F400083556</FeatureCode><FeatureReferenceName>Control with your voice</FeatureReferenceName><FeatureName>Control with your voice</FeatureName><FeatureLongDescription>Control with your voice</FeatureLongDescription><FeatureGlossary>Philips Hue works with Amazon Alexa, Apple HomeKit and Google Home, powered by the Google Assistant, to allow you to control your lights with your voice. Turn your lights on and off. Dim to the desired brightness for a perfect ambiance. Even recall pre-set scenes, change colors and more - all without lifting a finger.</FeatureGlossary><FeatureRank>9</FeatureRank><FeatureTopRank>10</FeatureTopRank></Feature><Feature><FeatureCode>F400083559</FeatureCode><FeatureReferenceName>Requires a Philips Hue bridge</FeatureReferenceName><FeatureName>Requires a Philips Hue bridge</FeatureName><FeatureLongDescription>Requires a Philips Hue bridge</FeatureLongDescription><FeatureGlossary>Connect your Philips Hue lights with the bridge to control your lights from your smart phone or tablet via the Philips Hue app.</FeatureGlossary><FeatureRank>10</FeatureRank><FeatureTopRank>11</FeatureTopRank></Feature></KeyBenefitArea><FeatureImage><FeatureCode>F400083659</FeatureCode><FeatureReferenceName>Functional and mood lighting</FeatureReferenceName><FeatureImageRank>1</FeatureImageRank></FeatureImage><FeatureImage><FeatureCode>F400083538</FeatureCode><FeatureReferenceName>Be creative with colors</FeatureReferenceName><FeatureImageRank>2</FeatureImageRank></FeatureImage><FeatureImage><FeatureCode>F400083541</FeatureCode><FeatureReferenceName>Sync with music and movies</FeatureReferenceName><FeatureImageRank>3</FeatureImageRank></FeatureImage><FeatureImage><FeatureCode>F400083654</FeatureCode><FeatureReferenceName>Create your ambiance (HUE LUM)</FeatureReferenceName><FeatureImageRank>4</FeatureImageRank></FeatureImage><FeatureImage><FeatureCode>F400083660</FeatureCode><FeatureReferenceName>Wake up and go to sleep LUM 2017</FeatureReferenceName><FeatureImageRank>5</FeatureImageRank></FeatureImage><FeatureImage><FeatureCode>F400083545</FeatureCode><FeatureReferenceName>Light for your daily routines</FeatureReferenceName><FeatureImageRank>6</FeatureImageRank></FeatureImage><FeatureImage><FeatureCode>F400083655</FeatureCode><FeatureReferenceName>Smart control, home and away LUM 2017</FeatureReferenceName><FeatureImageRank>7</FeatureImageRank></FeatureImage><FeatureImage><FeatureCode>F400083656</FeatureCode><FeatureReferenceName>Timers for your convenience HUE LUM</FeatureReferenceName><FeatureImageRank>8</FeatureImageRank></FeatureImage><FeatureImage><FeatureCode>F400083552</FeatureCode><FeatureReferenceName>Installation free dimming</FeatureReferenceName><FeatureImageRank>9</FeatureImageRank></FeatureImage><FeatureImage><FeatureCode>F400083556</FeatureCode><FeatureReferenceName>Control with your voice</FeatureReferenceName><FeatureImageRank>10</FeatureImageRank></FeatureImage><FeatureImage><FeatureCode>F400083559</FeatureCode><FeatureReferenceName>Requires a Philips Hue bridge</FeatureReferenceName><FeatureImageRank>11</FeatureImageRank></FeatureImage><FeatureHighlight><FeatureCode>F400083659</FeatureCode><FeatureReferenceName>Functional and mood lighting</FeatureReferenceName><FeatureHighlightRank>1</FeatureHighlightRank></FeatureHighlight><FeatureHighlight><FeatureCode>F400083538</FeatureCode><FeatureReferenceName>Be creative with colors</FeatureReferenceName><FeatureHighlightRank>2</FeatureHighlightRank></FeatureHighlight><FeatureHighlight><FeatureCode>F400083541</FeatureCode><FeatureReferenceName>Sync with music and movies</FeatureReferenceName><FeatureHighlightRank>3</FeatureHighlightRank></FeatureHighlight><FeatureHighlight><FeatureCode>F400083654</FeatureCode><FeatureReferenceName>Create your ambiance (HUE LUM)</FeatureReferenceName><FeatureHighlightRank>4</FeatureHighlightRank></FeatureHighlight><FeatureHighlight><FeatureCode>F400083660</FeatureCode><FeatureReferenceName>Wake up and go to sleep LUM 2017</FeatureReferenceName><FeatureHighlightRank>5</FeatureHighlightRank></FeatureHighlight><FeatureHighlight><FeatureCode>F400083545</FeatureCode><FeatureReferenceName>Light for your daily routines</FeatureReferenceName><FeatureHighlightRank>6</FeatureHighlightRank></FeatureHighlight><FeatureHighlight><FeatureCode>F400083655</FeatureCode><FeatureReferenceName>Smart control, home and away LUM 2017</FeatureReferenceName><FeatureHighlightRank>7</FeatureHighlightRank></FeatureHighlight><FeatureHighlight><FeatureCode>F400083656</FeatureCode><FeatureReferenceName>Timers for your convenience HUE LUM</FeatureReferenceName><FeatureHighlightRank>8</FeatureHighlightRank></FeatureHighlight><FeatureHighlight><FeatureCode>F400083552</FeatureCode><FeatureReferenceName>Installation free dimming</FeatureReferenceName><FeatureHighlightRank>9</FeatureHighlightRank></FeatureHighlight><FeatureHighlight><FeatureCode>F400083556</FeatureCode><FeatureReferenceName>Control with your voice</FeatureReferenceName><FeatureHighlightRank>10</FeatureHighlightRank></FeatureHighlight><FeatureHighlight><FeatureCode>F400083559</FeatureCode><FeatureReferenceName>Requires a Philips Hue bridge</FeatureReferenceName><FeatureHighlightRank>11</FeatureHighlightRank></FeatureHighlight><CSChapter><CSChapterCode>PLMCHP010</CSChapterCode><CSChapterName>Design and finishing</CSChapterName><CSChapterRank>10</CSChapterRank><CSItem><CSItemCode>PLMITM010001</CSItemCode><CSItemName>Material</CSItemName><CSItemRank>1</CSItemRank><CSItemIsFreeFormat>0</CSItemIsFreeFormat><CSValue><CSValueCode>PLMATR0105METAL</CSValueCode><CSValueName>metal</CSValueName><CSValueRank>1</CSValueRank></CSValue><CSValue><CSValueCode>PLMATR0105ALABA</CSValueCode><CSValueName>glass</CSValueName><CSValueRank>2</CSValueRank></CSValue></CSItem><CSItem><CSItemCode>PLMITM010002</CSItemCode><CSItemName>Color</CSItemName><CSItemRank>2</CSItemRank><CSItemIsFreeFormat>0</CSItemIsFreeFormat><CSValue><CSValueCode>PLMATR018331</CSValueCode><CSValueName>white</CSValueName><CSValueRank>1</CSValueRank></CSValue></CSItem></CSChapter><CSChapter><CSChapterCode>PLMCHP020</CSChapterCode><CSChapterName>Extra feature/accessory incl.</CSChapterName><CSChapterRank>20</CSChapterRank><CSItem><CSItemCode>PLMITM0776F2001</CSItemCode><CSItemName>Dimmable</CSItemName><CSItemRank>2</CSItemRank><CSItemIsFreeFormat>0</CSItemIsFreeFormat><CSValue><CSValueCode>PLMATR0776F2001YES</CSValueCode><CSValueName>YES</CSValueName><CSValueRank>1</CSValueRank></CSValue></CSItem><CSItem><CSItemCode>PLMITM0776FX015</CSItemCode><CSItemName>Color changing (PowerLED)</CSItemName><CSItemRank>4</CSItemRank><CSItemIsFreeFormat>0</CSItemIsFreeFormat><CSValue><CSValueCode>PLMATR0776FX015YES</CSValueCode><CSValueName>YES</CSValueName><CSValueRank>1</CSValueRank></CSValue></CSItem><CSItem><CSItemCode>PLMITM0776FX010</CSItemCode><CSItemName>Perfectly suited for ambiance creation</CSItemName><CSItemRank>5</CSItemRank><CSItemIsFreeFormat>0</CSItemIsFreeFormat><CSValue><CSValueCode>PLMATR0776FX010YES</CSValueCode><CSValueName>YES</CSValueName><CSValueRank>1</CSValueRank></CSValue></CSItem><CSItem><CSItemCode>PLMITM0776FX011</CSItemCode><CSItemName>Diffused light effect</CSItemName><CSItemRank>6</CSItemRank><CSItemIsFreeFormat>0</CSItemIsFreeFormat><CSValue><CSValueCode>PLMATR0776FX011YES</CSValueCode><CSValueName>YES</CSValueName><CSValueRank>1</CSValueRank></CSValue></CSItem><CSItem><CSItemCode>PLMITM0776FX053</CSItemCode><CSItemName>ZigBee Light Link</CSItemName><CSItemRank>7</CSItemRank><CSItemIsFreeFormat>0</CSItemIsFreeFormat><CSValue><CSValueCode>PLMATR0776FX053YES</CSValueCode><CSValueName>YES</CSValueName><CSValueRank>1</CSValueRank></CSValue></CSItem></CSChapter><CSChapter><CSChapterCode>PLMCHP030</CSChapterCode><CSChapterName>Product dimensions &amp; weight</CSChapterName><CSChapterRank>30</CSChapterRank><CSItem><CSItemCode>PLMITM030012</CSItemCode><CSItemName>Height minimum</CSItemName><CSItemRank>12</CSItemRank><CSItemIsFreeFormat>1</CSItemIsFreeFormat><CSValue><CSValueCode>VA4042330</CSValueCode><CSValueName>86.6</CSValueName><CSValueRank>1</CSValueRank></CSValue><UnitOfMeasure><UnitOfMeasureCode>3000047</UnitOfMeasureCode><UnitOfMeasureName>inch</UnitOfMeasureName><UnitOfMeasureSymbol>inch</UnitOfMeasureSymbol></UnitOfMeasure></CSItem><CSItem><CSItemCode>PLMITM030013</CSItemCode><CSItemName>Height maximum</CSItemName><CSItemRank>13</CSItemRank><CSItemIsFreeFormat>1</CSItemIsFreeFormat><CSValue><CSValueCode>VA4042331</CSValueCode><CSValueName>19.7</CSValueName><CSValueRank>1</CSValueRank></CSValue><UnitOfMeasure><UnitOfMeasureCode>3000047</UnitOfMeasureCode><UnitOfMeasureName>inch</UnitOfMeasureName><UnitOfMeasureSymbol>inch</UnitOfMeasureSymbol></UnitOfMeasure></CSItem><CSItem><CSItemCode>PLMITM030014</CSItemCode><CSItemName>Length</CSItemName><CSItemRank>14</CSItemRank><CSItemIsFreeFormat>1</CSItemIsFreeFormat><CSValue><CSValueCode>VA4042342</CSValueCode><CSValueName>86.6</CSValueName><CSValueRank>1</CSValueRank></CSValue><UnitOfMeasure><UnitOfMeasureCode>3000047</UnitOfMeasureCode><UnitOfMeasureName>inch</UnitOfMeasureName><UnitOfMeasureSymbol>inch</UnitOfMeasureSymbol></UnitOfMeasure></CSItem><CSItem><CSItemCode>PLMITM030015</CSItemCode><CSItemName>Width</CSItemName><CSItemRank>15</CSItemRank><CSItemIsFreeFormat>1</CSItemIsFreeFormat><CSValue><CSValueCode>VA4042328</CSValueCode><CSValueName>17.7</CSValueName><CSValueRank>1</CSValueRank></CSValue><UnitOfMeasure><UnitOfMeasureCode>3000047</UnitOfMeasureCode><UnitOfMeasureName>inch</UnitOfMeasureName><UnitOfMeasureSymbol>inch</UnitOfMeasureSymbol></UnitOfMeasure></CSItem><CSItem><CSItemCode>PLMITM030016</CSItemCode><CSItemName>Net weight</CSItemName><CSItemRank>16</CSItemRank><CSItemIsFreeFormat>1</CSItemIsFreeFormat><CSValue><CSValueCode>VA4042339</CSValueCode><CSValueName>9.921</CSValueName><CSValueRank>1</CSValueRank></CSValue><UnitOfMeasure><UnitOfMeasureCode>3000068</UnitOfMeasureCode><UnitOfMeasureName>pound</UnitOfMeasureName><UnitOfMeasureSymbol>lb</UnitOfMeasureSymbol></UnitOfMeasure></CSItem></CSChapter><CSChapter><CSChapterCode>PLMCHP040</CSChapterCode><CSChapterName>Technical specifications</CSChapterName><CSChapterRank>40</CSChapterRank><CSItem><CSItemCode>PLMITM040001</CSItemCode><CSItemName>Mains power</CSItemName><CSItemRank>1</CSItemRank><CSItemIsFreeFormat>0</CSItemIsFreeFormat><CSValue><CSValueCode>PLMATR0719110-127</CSValueCode><CSValueName>Range 110 V - 127 V</CSValueName><CSValueRank>1</CSValueRank></CSValue><CSValue><CSValueCode>PLMATR067350/60HZ</CSValueCode><CSValueName>50-60 Hz</CSValueName><CSValueRank>2</CSValueRank></CSValue></CSItem><CSItem><CSItemCode>PLMITM040003</CSItemCode><CSItemName>Number of bulbs</CSItemName><CSItemRank>3</CSItemRank><CSItemIsFreeFormat>1</CSItemIsFreeFormat><CSValue><CSValueCode>VA4042306</CSValueCode><CSValueName>4</CSValueName><CSValueRank>1</CSValueRank></CSValue></CSItem><CSItem><CSItemCode>PLMITM040005</CSItemCode><CSItemName>Wattage bulb included</CSItemName><CSItemRank>5</CSItemRank><CSItemIsFreeFormat>0</CSItemIsFreeFormat><CSValue><CSValueCode>PLMATR0460N</CSValueCode><CSValueName>bulb not included</CSValueName><CSValueRank>1</CSValueRank></CSValue></CSItem><CSItem><CSItemCode>PLMITM0400011</CSItemCode><CSItemName>Total lumen output fixture</CSItemName><CSItemRank>11</CSItemRank><CSItemIsFreeFormat>0</CSItemIsFreeFormat><CSValue><CSValueCode>PLMATR10961200</CSValueCode><CSValueName>1200 lm</CSValueName><CSValueRank>1</CSValueRank></CSValue></CSItem><CSItem><CSItemCode>PLMITM0400013</CSItemCode><CSItemName>Fixture dimmable</CSItemName><CSItemRank>13</CSItemRank><CSItemIsFreeFormat>0</CSItemIsFreeFormat><CSValue><CSValueCode>PLMATR1075Y</CSValueCode><CSValueName>Yes</CSValueName><CSValueRank>1</CSValueRank></CSValue></CSItem><CSItem><CSItemCode>PLMITM0400014</CSItemCode><CSItemName>LED</CSItemName><CSItemRank>14</CSItemRank><CSItemIsFreeFormat>0</CSItemIsFreeFormat><CSValue><CSValueCode>PLMATR0814Y</CSValueCode><CSValueName>Yes</CSValueName><CSValueRank>1</CSValueRank></CSValue></CSItem><CSItem><CSItemCode>PLMITM0400018</CSItemCode><CSItemName>Lifetime up to</CSItemName><CSItemRank>18</CSItemRank><CSItemIsFreeFormat>1</CSItemIsFreeFormat><CSValue><CSValueCode>VA4094468</CSValueCode><CSValueName>15,000</CSValueName><CSValueRank>1</CSValueRank></CSValue><UnitOfMeasure><UnitOfMeasureCode>4000213</UnitOfMeasureCode><UnitOfMeasureName>hrs</UnitOfMeasureName><UnitOfMeasureSymbol>hrs</UnitOfMeasureSymbol></UnitOfMeasure></CSItem><CSItem><CSItemCode>PLMITM040026</CSItemCode><CSItemName>IP code</CSItemName><CSItemRank>26</CSItemRank><CSItemIsFreeFormat>0</CSItemIsFreeFormat><CSValue><CSValueCode>PLMATR0290IP20</CSValueCode><CSValueName>IP20</CSValueName><CSValueRank>1</CSValueRank></CSValue><CSValue><CSValueCode>PLMATR0290IP20-2</CSValueCode><CSValueName>protection against objects bigger than 12.5 mm</CSValueName><CSValueRank>2</CSValueRank></CSValue><CSValue><CSValueCode>PLMATR0290IP20-3</CSValueCode><CSValueName>no protection against water</CSValueName><CSValueRank>3</CSValueRank></CSValue></CSItem><CSItem><CSItemCode>PLMITM040027</CSItemCode><CSItemName>Class of protection</CSItemName><CSItemRank>27</CSItemRank><CSItemIsFreeFormat>0</CSItemIsFreeFormat><CSValue><CSValueCode>PLMATR0289I</CSValueCode><CSValueName>I - earthed</CSValueName><CSValueRank>1</CSValueRank></CSValue></CSItem></CSChapter><CSChapter><CSChapterCode>PLMCHP050</CSChapterCode><CSChapterName>Service</CSChapterName><CSChapterRank>50</CSChapterRank><CSItem><CSItemCode>PLMITM050001</CSItemCode><CSItemName>Warranty</CSItemName><CSItemRank>1</CSItemRank><CSItemIsFreeFormat>0</CSItemIsFreeFormat><CSValue><CSValueCode>PLMATR02982</CSValueCode><CSValueName>2 year(s)</CSValueName><CSValueRank>1</CSValueRank></CSValue></CSItem></CSChapter><CSChapter><CSChapterCode>PLMCHP060</CSChapterCode><CSChapterName>Packaging dimensions &amp; weight</CSChapterName><CSChapterRank>60</CSChapterRank><CSItem><CSItemCode>PLMITM060005</CSItemCode><CSItemName>Height</CSItemName><CSItemRank>5</CSItemRank><CSItemIsFreeFormat>1</CSItemIsFreeFormat><CSValue><CSValueCode>VA4042329</CSValueCode><CSValueName>21.9</CSValueName><CSValueRank>1</CSValueRank></CSValue><UnitOfMeasure><UnitOfMeasureCode>3000047</UnitOfMeasureCode><UnitOfMeasureName>inch</UnitOfMeasureName><UnitOfMeasureSymbol>inch</UnitOfMeasureSymbol></UnitOfMeasure></CSItem><CSItem><CSItemCode>PLMITM060006</CSItemCode><CSItemName>Length</CSItemName><CSItemRank>6</CSItemRank><CSItemIsFreeFormat>1</CSItemIsFreeFormat><CSValue><CSValueCode>VA4042337</CSValueCode><CSValueName>21.3</CSValueName><CSValueRank>1</CSValueRank></CSValue><UnitOfMeasure><UnitOfMeasureCode>3000047</UnitOfMeasureCode><UnitOfMeasureName>inch</UnitOfMeasureName><UnitOfMeasureSymbol>inch</UnitOfMeasureSymbol></UnitOfMeasure></CSItem><CSItem><CSItemCode>PLMITM060007</CSItemCode><CSItemName>Depth</CSItemName><CSItemRank>7</CSItemRank><CSItemIsFreeFormat>1</CSItemIsFreeFormat><CSValue><CSValueCode>VA4042334</CSValueCode><CSValueName>15</CSValueName><CSValueRank>1</CSValueRank></CSValue><UnitOfMeasure><UnitOfMeasureCode>3000047</UnitOfMeasureCode><UnitOfMeasureName>inch</UnitOfMeasureName><UnitOfMeasureSymbol>inch</UnitOfMeasureSymbol></UnitOfMeasure></CSItem><CSItem><CSItemCode>PLMITM060008</CSItemCode><CSItemName>Weight</CSItemName><CSItemRank>8</CSItemRank><CSItemIsFreeFormat>1</CSItemIsFreeFormat><CSValue><CSValueCode>VA4042340</CSValueCode><CSValueName>16.755</CSValueName><CSValueRank>1</CSValueRank></CSValue><UnitOfMeasure><UnitOfMeasureCode>3000068</UnitOfMeasureCode><UnitOfMeasureName>pound</UnitOfMeasureName><UnitOfMeasureSymbol>lb</UnitOfMeasureSymbol></UnitOfMeasure></CSItem></CSChapter><CSChapter><CSChapterCode>PLMCHP070</CSChapterCode><CSChapterName>Miscellaneous</CSChapterName><CSChapterRank>70</CSChapterRank><CSItem><CSItemCode>PLMITM070001</CSItemCode><CSItemName>Especially designed for</CSItemName><CSItemRank>1</CSItemRank><CSItemIsFreeFormat>0</CSItemIsFreeFormat><CSValue><CSValueCode>PLMATR0970L_B</CSValueCode><CSValueName>Living- &amp; Bedroom</CSValueName><CSValueRank>1</CSValueRank></CSValue><CSValue><CSValueCode>PLMATR0970HO_S</CSValueCode><CSValueName>Home office &amp; Study</CSValueName><CSValueRank>2</CSValueRank></CSValue></CSItem><CSItem><CSItemCode>PLMITM070002</CSItemCode><CSItemName>Style</CSItemName><CSItemRank>2</CSItemRank><CSItemIsFreeFormat>0</CSItemIsFreeFormat><CSValue><CSValueCode>PLMATR0628MOD</CSValueCode><CSValueName>Modern</CSValueName><CSValueRank>1</CSValueRank></CSValue></CSItem><CSItem><CSItemCode>PLMITM070003</CSItemCode><CSItemName>Type</CSItemName><CSItemRank>3</CSItemRank><CSItemIsFreeFormat>0</CSItemIsFreeFormat><CSValue><CSValueCode>PLMATR0830SUSP</CSValueCode><CSValueName>Suspension light</CSValueName><CSValueRank>1</CSValueRank></CSValue></CSItem></CSChapter><Filters><Purpose type="Comparison"><Features><Feature code="F400083659" rank="1" referenceName="Functional and mood lighting"/><Feature code="F400083538" rank="2" referenceName="Be creative with colors"/><Feature code="F400083541" rank="3" referenceName="Sync with music and movies"/><Feature code="F400083654" rank="4" referenceName="Create your ambiance (HUE LUM)"/><Feature code="F400083660" rank="5" referenceName="Wake up and go to sleep LUM 2017"/><Feature code="F400083545" rank="6" referenceName="Light for your daily routines"/><Feature code="F400083655" rank="7" referenceName="Smart control, home and away LUM 2017"/><Feature code="F400083656" rank="8" referenceName="Timers for your convenience HUE LUM"/><Feature code="F400083552" rank="9" referenceName="Installation free dimming"/><Feature code="F400083556" rank="10" referenceName="Control with your voice"/><Feature code="F400083559" rank="11" referenceName="Requires a Philips Hue bridge"/></Features><CSItems><CSItem code="PLMITM010001" rank="1" referenceName="Design and finishing - Material"/><CSItem code="PLMITM040001" rank="1" referenceName="Technical specifications - Mains power"/><CSItem code="PLMITM050001" rank="1" referenceName="Service - Warranty"/><CSItem code="PLMITM070001" rank="1" referenceName="Miscellaneous - Especially designed for"/><CSItem code="PLMITM010002" rank="2" referenceName="Design and finishing - Color"/><CSItem code="PLMITM0776F2001" rank="2" referenceName="Extra feature/accessory incl. - Dimmable"/><CSItem code="PLMITM070002" rank="2" referenceName="Miscellaneous - Style"/><CSItem code="PLMITM040003" rank="3" referenceName="Technical specifications - Number of bulbs"/><CSItem code="PLMITM070003" rank="3" referenceName="Miscellaneous - Type"/><CSItem code="PLMITM0776FX015" rank="4" referenceName="Extra feature/accessory incl. - Color changing (PowerLED)"/><CSItem code="PLMITM0776FX010" rank="5" referenceName="Extra feature/accessory incl. - Perfectly suited for ambiance creation"/><CSItem code="PLMITM040005" rank="5" referenceName="Technical specifications - Wattage bulb included"/><CSItem code="PLMITM060005" rank="5" referenceName="Packaging dimensions &amp; weight - Height"/><CSItem code="PLMITM0776FX011" rank="6" referenceName="Extra feature/accessory incl. - Diffused light effect"/><CSItem code="PLMITM060006" rank="6" referenceName="Packaging dimensions &amp; weight - Length"/><CSItem code="PLMITM0776FX053" rank="7" referenceName="Extra feature/accessory incl. - ZigBee Light Link"/><CSItem code="PLMITM060007" rank="7" referenceName="Packaging dimensions &amp; weight - Depth"/><CSItem code="PLMITM060008" rank="8" referenceName="Packaging dimensions &amp; weight - Weight"/><CSItem code="PLMITM0400011" rank="11" referenceName="Technical specifications - Total lumen output fixture"/><CSItem code="PLMITM030012" rank="12" referenceName="Product dimensions &amp; weight - Height minimum"/><CSItem code="PLMITM030013" rank="13" referenceName="Product dimensions &amp; weight - Height maximum"/><CSItem code="PLMITM0400013" rank="13" referenceName="Technical specifications - Fixture dimmable"/><CSItem code="PLMITM030014" rank="14" referenceName="Product dimensions &amp; weight - Length"/><CSItem code="PLMITM0400014" rank="14" referenceName="Technical specifications - LED"/><CSItem code="PLMITM030015" rank="15" referenceName="Product dimensions &amp; weight - Width"/><CSItem code="PLMITM030016" rank="16" referenceName="Product dimensions &amp; weight - Net weight"/><CSItem code="PLMITM0400018" rank="18" referenceName="Technical specifications - Lifetime up to"/><CSItem code="PLMITM040026" rank="26" referenceName="Technical specifications - IP code"/><CSItem code="PLMITM040027" rank="27" referenceName="Technical specifications - Class of protection"/></CSItems></Purpose><Purpose type="Detail"><Features><Feature code="F400083659" rank="1" referenceName="Functional and mood lighting"/><Feature code="F400083538" rank="2" referenceName="Be creative with colors"/><Feature code="F400083541" rank="3" referenceName="Sync with music and movies"/><Feature code="F400083654" rank="4" referenceName="Create your ambiance (HUE LUM)"/><Feature code="F400083660" rank="5" referenceName="Wake up and go to sleep LUM 2017"/><Feature code="F400083545" rank="6" referenceName="Light for your daily routines"/><Feature code="F400083655" rank="7" referenceName="Smart control, home and away LUM 2017"/><Feature code="F400083656" rank="8" referenceName="Timers for your convenience HUE LUM"/><Feature code="F400083552" rank="9" referenceName="Installation free dimming"/><Feature code="F400083556" rank="10" referenceName="Control with your voice"/><Feature code="F400083559" rank="11" referenceName="Requires a Philips Hue bridge"/></Features><CSItems><CSItem code="PLMITM010001" rank="1" referenceName="Design and finishing - Material"/><CSItem code="PLMITM040001" rank="1" referenceName="Technical specifications - Mains power"/><CSItem code="PLMITM050001" rank="1" referenceName="Service - Warranty"/><CSItem code="PLMITM070001" rank="1" referenceName="Miscellaneous - Especially designed for"/><CSItem code="PLMITM010002" rank="2" referenceName="Design and finishing - Color"/><CSItem code="PLMITM0776F2001" rank="2" referenceName="Extra feature/accessory incl. - Dimmable"/><CSItem code="PLMITM070002" rank="2" referenceName="Miscellaneous - Style"/><CSItem code="PLMITM040003" rank="3" referenceName="Technical specifications - Number of bulbs"/><CSItem code="PLMITM070003" rank="3" referenceName="Miscellaneous - Type"/><CSItem code="PLMITM0776FX015" rank="4" referenceName="Extra feature/accessory incl. - Color changing (PowerLED)"/><CSItem code="PLMITM0776FX010" rank="5" referenceName="Extra feature/accessory incl. - Perfectly suited for ambiance creation"/><CSItem code="PLMITM040005" rank="5" referenceName="Technical specifications - Wattage bulb included"/><CSItem code="PLMITM060005" rank="5" referenceName="Packaging dimensions &amp; weight - Height"/><CSItem code="PLMITM0776FX011" rank="6" referenceName="Extra feature/accessory incl. - Diffused light effect"/><CSItem code="PLMITM060006" rank="6" referenceName="Packaging dimensions &amp; weight - Length"/><CSItem code="PLMITM0776FX053" rank="7" referenceName="Extra feature/accessory incl. - ZigBee Light Link"/><CSItem code="PLMITM060007" rank="7" referenceName="Packaging dimensions &amp; weight - Depth"/><CSItem code="PLMITM060008" rank="8" referenceName="Packaging dimensions &amp; weight - Weight"/><CSItem code="PLMITM0400011" rank="11" referenceName="Technical specifications - Total lumen output fixture"/><CSItem code="PLMITM030012" rank="12" referenceName="Product dimensions &amp; weight - Height minimum"/><CSItem code="PLMITM030013" rank="13" referenceName="Product dimensions &amp; weight - Height maximum"/><CSItem code="PLMITM0400013" rank="13" referenceName="Technical specifications - Fixture dimmable"/><CSItem code="PLMITM030014" rank="14" referenceName="Product dimensions &amp; weight - Length"/><CSItem code="PLMITM0400014" rank="14" referenceName="Technical specifications - LED"/><CSItem code="PLMITM030015" rank="15" referenceName="Product dimensions &amp; weight - Width"/><CSItem code="PLMITM030016" rank="16" referenceName="Product dimensions &amp; weight - Net weight"/><CSItem code="PLMITM0400018" rank="18" referenceName="Technical specifications - Lifetime up to"/><CSItem code="PLMITM040026" rank="26" referenceName="Technical specifications - IP code"/><CSItem code="PLMITM040027" rank="27" referenceName="Technical specifications - Class of protection"/></CSItems></Purpose></Filters><FeatureCompareGroups/><Disclaimers><Disclaimer code="DIS40011976" rank="1" referenceName="*Hue bridge sold separately"><DisclaimerText>*Hue bridge sold separately</DisclaimerText><DisclaimElements/></Disclaimer></Disclaimers><Award AwardType="global"><AwardCode>GA40017068</AwardCode><AwardName>reddot design award winner 2015</AwardName><AwardDate>2015</AwardDate><AwardPlace>Germany</AwardPlace><AwardDescription>-</AwardDescription><AwardAcknowledgement>-</AwardAcknowledgement><AwardRank>1</AwardRank></Award><Award AwardType="global"><AwardCode>GA40017072</AwardCode><AwardName>iF Universal Design Award 2015</AwardName><AwardDate>2015</AwardDate><AwardPlace>Hannover</AwardPlace><AwardDescription>-</AwardDescription><AwardAcknowledgement>-</AwardAcknowledgement><AwardRank>5</AwardRank></Award><RichTexts/></Product></Products>