<?xml version="1.0" encoding="UTF-8"?><Products xmlns:source="http://apache.org/cocoon/source/1.0" DocStatus="approved" DocTimeStamp="2018-10-23T21:15:06"><Product Country="US" IsAccessory="false" IsMaster="false" Locale="en_US" lastModified="2018-10-23T04:30:06" masterLastModified="2018-10-04T00:36:39"><CTN>046677459031</CTN><Code12NC>929001135097</Code12NC><GTIN>046677459031</GTIN><MarketingVersion>1.0.1</MarketingVersion><MarketingStatus>Final Published</MarketingStatus><CRDate>2017-10-27</CRDate><CRDateYW>201743</CRDateYW><ModelYears><ModelYear>2017</ModelYear></ModelYears><ProductDivision><ProductDivisionCode>0100</ProductDivisionCode><ProductDivisionName>Lighting</ProductDivisionName><FormerPDCode>0100</FormerPDCode></ProductDivision><ProductOwner>Tracy Coon</ProductOwner><DTN>046677459031</DTN><Catalog><StartOfPublication>2017-11-27T00:00:00</StartOfPublication><EndOfPublication>2020-11-27T00:00:00</EndOfPublication><StartOfSales>2017-11-27T00:00:00</StartOfSales><EndOfSales>2020-11-27T00:00:00</EndOfSales><DummyPrice/><Deleted>false</Deleted><DeleteAfterDate/><ProductRank>50</ProductRank></Catalog><FinancialCategorization><BusinessGroupCode>9240</BusinessGroupCode><BusinessGroupName>LED</BusinessGroupName><BusinessUnitCode>0118</BusinessUnitCode><BusinessUnitName>LED Lamps</BusinessUnitName><MainArticleGroupCode>L66</MainArticleGroupCode><MainArticleGroupName>LED Bulbs</MainArticleGroupName><ArticleGroupCode>7008</ArticleGroupCode><ArticleGroupName>R/BR</ArticleGroupName></FinancialCategorization><Categorization type="CONSUMER"><GroupCode>LIGHTING_GR</GroupCode><GroupName>Lighting</GroupName><CategoryCode>CHOOSE_A_BULB_CA</CategoryCode><CategoryName>Choose a bulb</CategoryName><SubcategoryCode>STANDARD_BULB_SU</SubcategoryCode><SubcategoryName>Bulb</SubcategoryName></Categorization><Assets><Asset code="046677459031" description="Leaflet" extension="pdf" lastModified="2018-10-03" locale="en_US" number="001" type="PSS">http://download.p4c.philips.com/files/0/046677459031/046677459031_pss_aenus.pdf</Asset><Asset code="046677459031" description="Retail Trade Leaflet" extension="pdf" lastModified="2018-10-22" locale="en_US" number="001" type="RTL">http://download.p4c.philips.com/files/0/046677459031/046677459031_rtl_aenus.pdf</Asset><Asset code="046677459031" description="Leaflet" extension="pdf" lastModified="2018-10-03" locale="global" number="001" type="PSS">http://download.p4c.philips.com/files/0/046677459031/046677459031_pss_.pdf</Asset><Asset code="046677459031" description="Standard product photograph - highres 2196x1795" extension="tif" lastModified="2017-11-30" locale="global" number="001" type="RTP">http://images.philips.com/is/image/PhilipsConsumer/046677459031-RTP-global-001</Asset><Asset code="046677459031" description="Single product shot" extension="" lastModified="2018-10-23" locale="en_US" number="" type="IMS">http://images.philips.com/is/image/PhilipsConsumer/046677459031-IMS-en_US</Asset><Asset code="046677459031" description="Product gallery image set" extension="" lastModified="2018-10-23" locale="en_US" number="" type="GAL">http://images.philips.com/is/image/PhilipsConsumer/046677459031-GAL-en_US</Asset><Asset code="046677459031" description="Product URL" extension="" lastModified="2018-10-23" locale="en_US" number="" type="URL">http://www.usa.philips.com/c-p/046677459031/led-bulb</Asset></Assets><ProductName>8.5 W (60 W) Medium Screw base Daylight Bulb</ProductName><FullProductName>Philips LED Bulb 046677459031 8.5 W (60 W) Medium Screw base Daylight Non-dimmable</FullProductName><NamingString><MasterBrand><BrandCode>PHI</BrandCode><BrandName>Philips</BrandName></MasterBrand><BrandString>Philips</BrandString><Family><FamilyCode>SB40002784</FamilyCode><FamilyName>LED</FamilyName><FamilyNameUsed>1</FamilyNameUsed></Family><Descriptor><DescriptorCode>D4018729</DescriptorCode><DescriptorName>Bulb</DescriptorName></Descriptor><Alphanumeric>046677459031</Alphanumeric><VersionElement1><VersionElementCode>V4036206</VersionElementCode><VersionElementName>8.5 W (60 W)</VersionElementName></VersionElement1><VersionElement2><VersionElementCode>V4039181</VersionElementCode><VersionElementName>Medium Screw base</VersionElementName></VersionElement2><VersionElement3><VersionElementCode>D4013619</VersionElementCode><VersionElementName>Daylight</VersionElementName></VersionElement3><VersionElement4><VersionElementCode>V4038179</VersionElementCode><VersionElementName>Non-dimmable</VersionElementName></VersionElement4><VersionString>8.5 W (60 W) Medium Screw base Daylight Non-dimmable</VersionString><BrandedFeatureString/><DescriptorBrandedFeatureString>Bulb</DescriptorBrandedFeatureString></NamingString><WOW>The everyday LED bulb, for everywhere in your home</WOW><SubWOW>An energy-efficient replacement for standard bulbs</SubWOW><MarketingTextHeader>Philips LED bulbs offer the familiar look &amp; feel of traditional bulbs and provide trusted performance at an affordable price.</MarketingTextHeader><KeyBenefitArea><KeyBenefitAreaCode>K4029230</KeyBenefitAreaCode><KeyBenefitAreaName>Energy savings</KeyBenefitAreaName><KeyBenefitAreaRank>1</KeyBenefitAreaRank><Feature><FeatureCode>F400079794</FeatureCode><FeatureReferenceName>Energy saving (US)</FeatureReferenceName><FeatureName>Energy saving</FeatureName><FeatureLongDescription>Energy savings</FeatureLongDescription><FeatureGlossary>Enjoy the energy-savings of LEDs without sacrificing light quality</FeatureGlossary><FeatureRank>1</FeatureRank><FeatureTopRank>1</FeatureTopRank></Feature></KeyBenefitArea><KeyBenefitArea><KeyBenefitAreaCode>K4005761</KeyBenefitAreaCode><KeyBenefitAreaName>Long life</KeyBenefitAreaName><KeyBenefitAreaRank>2</KeyBenefitAreaRank><Feature><FeatureCode>F400036332</FeatureCode><FeatureReferenceName>Long Life (Lamps USA)</FeatureReferenceName><FeatureName>Long Life</FeatureName><FeatureLongDescription>Long Life</FeatureLongDescription><FeatureGlossary>Reduce the hassle of replacing bulbs so often</FeatureGlossary><FeatureRank>3</FeatureRank><FeatureTopRank>3</FeatureTopRank></Feature></KeyBenefitArea><KeyBenefitArea><KeyBenefitAreaCode>K4031148</KeyBenefitAreaCode><KeyBenefitAreaName>Instant on</KeyBenefitAreaName><KeyBenefitAreaRank>3</KeyBenefitAreaRank><Feature><FeatureCode>F400052516</FeatureCode><FeatureReferenceName>Instant on - US</FeatureReferenceName><FeatureName>Instant on</FeatureName><FeatureLongDescription>Instant on</FeatureLongDescription><FeatureGlossary>Just by flipping the switch, your room is at full brightness. No slow starting or waiting.</FeatureGlossary><FeatureRank>2</FeatureRank><FeatureTopRank>2</FeatureTopRank></Feature></KeyBenefitArea><KeyBenefitArea><KeyBenefitAreaCode>K4035547</KeyBenefitAreaCode><KeyBenefitAreaName>Comfortable LED light that is easy on your eyes</KeyBenefitAreaName><KeyBenefitAreaRank>4</KeyBenefitAreaRank><Feature><FeatureCode>F400086860</FeatureCode><FeatureReferenceName>EyeComfort [LED lums, LED lamps]</FeatureReferenceName><FeatureName>Gentle LEDs, easy on the eyes</FeatureName><FeatureLongDescription>Designed for the comfort of your eyes</FeatureLongDescription><FeatureGlossary>It's easy to see how harsh lighting can strain the eyes. Too bright, and you get the glare. Too soft and you experience flicker. Now you can gently light up your world with LEDs designed to go easy on the eyes, and create the perfect ambience for your home.</FeatureGlossary><FeatureRank>1</FeatureRank><FeatureTopRank>4</FeatureTopRank></Feature></KeyBenefitArea><FeatureImage><FeatureCode>F400079794</FeatureCode><FeatureReferenceName>Energy saving (US)</FeatureReferenceName><FeatureImageRank>1</FeatureImageRank></FeatureImage><FeatureImage><FeatureCode>F400052516</FeatureCode><FeatureReferenceName>Instant on - US</FeatureReferenceName><FeatureImageRank>2</FeatureImageRank></FeatureImage><FeatureImage><FeatureCode>F400036332</FeatureCode><FeatureReferenceName>Long Life (Lamps USA)</FeatureReferenceName><FeatureImageRank>3</FeatureImageRank></FeatureImage><FeatureImage><FeatureCode>F400086860</FeatureCode><FeatureReferenceName>EyeComfort [LED lums, LED lamps]</FeatureReferenceName><FeatureImageRank>4</FeatureImageRank></FeatureImage><FeatureHighlight><FeatureCode>F400079794</FeatureCode><FeatureReferenceName>Energy saving (US)</FeatureReferenceName><FeatureHighlightRank>1</FeatureHighlightRank></FeatureHighlight><FeatureHighlight><FeatureCode>F400052516</FeatureCode><FeatureReferenceName>Instant on - US</FeatureReferenceName><FeatureHighlightRank>2</FeatureHighlightRank></FeatureHighlight><FeatureHighlight><FeatureCode>F400036332</FeatureCode><FeatureReferenceName>Long Life (Lamps USA)</FeatureReferenceName><FeatureHighlightRank>3</FeatureHighlightRank></FeatureHighlight><FeatureHighlight><FeatureCode>F400086860</FeatureCode><FeatureReferenceName>EyeComfort [LED lums, LED lamps]</FeatureReferenceName><FeatureHighlightRank>4</FeatureHighlightRank></FeatureHighlight><CSChapter><CSChapterCode>CH4006022</CSChapterCode><CSChapterName>Bulb characteristics</CSChapterName><CSChapterRank>1</CSChapterRank><CSItem><CSItemCode>IT4029276</CSItemCode><CSItemName>Base</CSItemName><CSItemRank>1</CSItemRank><CSItemIsFreeFormat>0</CSItemIsFreeFormat><CSValue><CSValueCode>VA4085423</CSValueCode><CSValueName>Medium Screw base</CSValueName><CSValueRank>5</CSValueRank></CSValue></CSItem><CSItem><CSItemCode>IT4029275</CSItemCode><CSItemName>Shape</CSItemName><CSItemRank>13</CSItemRank><CSItemIsFreeFormat>0</CSItemIsFreeFormat><CSValue><CSValueCode>VA4084359</CSValueCode><CSValueName>Bulb</CSValueName><CSValueRank>1</CSValueRank></CSValue></CSItem><CSItem><CSItemCode>IT4029452</CSItemCode><CSItemName>Lamp shape code</CSItemName><CSItemRank>16</CSItemRank><CSItemIsFreeFormat>0</CSItemIsFreeFormat><CSValue><CSValueCode>VA4067983</CSValueCode><CSValueName>A19</CSValueName><CSValueRank>3</CSValueRank></CSValue></CSItem><CSItem><CSItemCode>IT4036606</CSItemCode><CSItemName>Voltage</CSItemName><CSItemRank>17</CSItemRank><CSItemIsFreeFormat>0</CSItemIsFreeFormat><CSValue><CSValueCode>VA4087186</CSValueCode><CSValueName>120 V</CSValueName><CSValueRank>4</CSValueRank></CSValue></CSItem><CSItem><CSItemCode>IT4037689</CSItemCode><CSItemName>Wattage</CSItemName><CSItemRank>18</CSItemRank><CSItemIsFreeFormat>1</CSItemIsFreeFormat><CSValue><CSValueCode>VA4087427</CSValueCode><CSValueName>8.5W</CSValueName><CSValueRank>1</CSValueRank></CSValue></CSItem><CSItem><CSItemCode>IT4037690</CSItemCode><CSItemName>Wattage equivalent</CSItemName><CSItemRank>19</CSItemRank><CSItemIsFreeFormat>1</CSItemIsFreeFormat><CSValue><CSValueCode>VA4087428</CSValueCode><CSValueName>60W</CSValueName><CSValueRank>1</CSValueRank></CSValue></CSItem></CSChapter><CSChapter><CSChapterCode>CH4006021</CSChapterCode><CSChapterName>Bulb dimensions</CSChapterName><CSChapterRank>2</CSChapterRank><CSItem><CSItemCode>IT4029273</CSItemCode><CSItemName>Height</CSItemName><CSItemRank>5</CSItemRank><CSItemIsFreeFormat>1</CSItemIsFreeFormat><CSValue><CSValueCode>VA4067743</CSValueCode><CSValueName>4.21</CSValueName><CSValueRank>1</CSValueRank></CSValue><UnitOfMeasure><UnitOfMeasureCode>3000047</UnitOfMeasureCode><UnitOfMeasureName>inch</UnitOfMeasureName><UnitOfMeasureSymbol>inch</UnitOfMeasureSymbol></UnitOfMeasure></CSItem><CSItem><CSItemCode>IT4029274</CSItemCode><CSItemName>Width</CSItemName><CSItemRank>9</CSItemRank><CSItemIsFreeFormat>1</CSItemIsFreeFormat><CSValue><CSValueCode>VA4067744</CSValueCode><CSValueName>2.4</CSValueName><CSValueRank>1</CSValueRank></CSValue><UnitOfMeasure><UnitOfMeasureCode>3000047</UnitOfMeasureCode><UnitOfMeasureName>inch</UnitOfMeasureName><UnitOfMeasureSymbol>inch</UnitOfMeasureSymbol></UnitOfMeasure></CSItem></CSChapter><CSChapter><CSChapterCode>CH4005204</CSChapterCode><CSChapterName>Durability</CSChapterName><CSChapterRank>3</CSChapterRank><CSItem><CSItemCode>IT4029171</CSItemCode><CSItemName>Number of switch cycles</CSItemName><CSItemRank>10</CSItemRank><CSItemIsFreeFormat>1</CSItemIsFreeFormat><CSValue><CSValueCode>VA4067598</CSValueCode><CSValueName>50000</CSValueName><CSValueRank>1</CSValueRank></CSValue></CSItem><CSItem><CSItemCode>IT4029169</CSItemCode><CSItemName>Lifetime of lamp</CSItemName><CSItemRank>12</CSItemRank><CSItemIsFreeFormat>1</CSItemIsFreeFormat><CSValue><CSValueCode>VA4067595</CSValueCode><CSValueName>10950</CSValueName><CSValueRank>1</CSValueRank></CSValue><UnitOfMeasure><UnitOfMeasureCode>4000007</UnitOfMeasureCode><UnitOfMeasureName>-Hour</UnitOfMeasureName><UnitOfMeasureSymbol>hour(s)</UnitOfMeasureSymbol></UnitOfMeasure></CSItem><CSItem><CSItemCode>IT4029164</CSItemCode><CSItemName>Average life (at 2.7 hrs/day)</CSItemName><CSItemRank>15</CSItemRank><CSItemIsFreeFormat>1</CSItemIsFreeFormat><CSValue><CSValueCode>VA4067588</CSValueCode><CSValueName>10</CSValueName><CSValueRank>1</CSValueRank></CSValue><UnitOfMeasure><UnitOfMeasureCode>4000081</UnitOfMeasureCode><UnitOfMeasureName>Years</UnitOfMeasureName><UnitOfMeasureSymbol>year(s)</UnitOfMeasureSymbol></UnitOfMeasure></CSItem></CSChapter><CSChapter><CSChapterCode>CH4005203</CSChapterCode><CSChapterName>Light characteristics</CSChapterName><CSChapterRank>4</CSChapterRank><CSItem><CSItemCode>IT4035884</CSItemCode><CSItemName>Application</CSItemName><CSItemRank>3</CSItemRank><CSItemIsFreeFormat>0</CSItemIsFreeFormat><CSValue><CSValueCode>VA4085119</CSValueCode><CSValueName>General light</CSValueName><CSValueRank>7</CSValueRank></CSValue></CSItem><CSItem><CSItemCode>IT4029158</CSItemCode><CSItemName>Color</CSItemName><CSItemRank>7</CSItemRank><CSItemIsFreeFormat>0</CSItemIsFreeFormat><CSValue><CSValueCode>VA4085419</CSValueCode><CSValueName>Daylight</CSValueName><CSValueRank>6</CSValueRank></CSValue></CSItem><CSItem><CSItemCode>IT4029170</CSItemCode><CSItemName>Color rendering index (CRI)</CSItemName><CSItemRank>11</CSItemRank><CSItemIsFreeFormat>1</CSItemIsFreeFormat><CSValue><CSValueCode>VA4067596</CSValueCode><CSValueName>80</CSValueName><CSValueRank>1</CSValueRank></CSValue></CSItem><CSItem><CSItemCode>IT4029159</CSItemCode><CSItemName>Color temperature</CSItemName><CSItemRank>14</CSItemRank><CSItemIsFreeFormat>1</CSItemIsFreeFormat><CSValue><CSValueCode>VA4067572</CSValueCode><CSValueName>5000</CSValueName><CSValueRank>1</CSValueRank></CSValue><UnitOfMeasure><UnitOfMeasureCode>4000041</UnitOfMeasureCode><UnitOfMeasureName>Kelvin</UnitOfMeasureName><UnitOfMeasureSymbol>K</UnitOfMeasureSymbol></UnitOfMeasure></CSItem></CSChapter><CSChapter><CSChapterCode>CH4005202</CSChapterCode><CSChapterName>Power consumption</CSChapterName><CSChapterRank>5</CSChapterRank><CSItem><CSItemCode>IT4029451</CSItemCode><CSItemName>Energy Star Certified</CSItemName><CSItemRank>2</CSItemRank><CSItemIsFreeFormat>0</CSItemIsFreeFormat><CSValue><CSValueCode>VA4085099</CSValueCode><CSValueName>No</CSValueName><CSValueRank>2</CSValueRank></CSValue></CSItem><CSItem><CSItemCode>IT4037691</CSItemCode><CSItemName>Light output [lumen value]</CSItemName><CSItemRank>6</CSItemRank><CSItemIsFreeFormat>1</CSItemIsFreeFormat><CSValue><CSValueCode>VA4087429</CSValueCode><CSValueName>800 lumen</CSValueName><CSValueRank>1</CSValueRank></CSValue></CSItem><CSItem><CSItemCode>IT4029053</CSItemCode><CSItemName>Power consumption per 1000h</CSItemName><CSItemRank>8</CSItemRank><CSItemIsFreeFormat>1</CSItemIsFreeFormat><CSValue><CSValueCode>VA4067444</CSValueCode><CSValueName>8.5</CSValueName><CSValueRank>1</CSValueRank></CSValue><UnitOfMeasure><UnitOfMeasureCode>4000161</UnitOfMeasureCode><UnitOfMeasureName>kilowatt hour</UnitOfMeasureName><UnitOfMeasureSymbol>kW·h</UnitOfMeasureSymbol></UnitOfMeasure></CSItem></CSChapter><CSChapter><CSChapterCode>CH4005206</CSChapterCode><CSChapterName>Other characteristics</CSChapterName><CSChapterRank>6</CSChapterRank><CSItem><CSItemCode>IT4026404</CSItemCode><CSItemName>Mercury content</CSItemName><CSItemRank>4</CSItemRank><CSItemIsFreeFormat>1</CSItemIsFreeFormat><CSValue><CSValueCode>VA4062631</CSValueCode><CSValueName>0</CSValueName><CSValueRank>1</CSValueRank></CSValue><UnitOfMeasure><UnitOfMeasureCode>4000142</UnitOfMeasureCode><UnitOfMeasureName>mg</UnitOfMeasureName><UnitOfMeasureSymbol>mg</UnitOfMeasureSymbol></UnitOfMeasure></CSItem></CSChapter><Filters><Purpose type="Comparison"><Features><Feature code="F400079794" rank="1" referenceName="Energy saving (US)"/><Feature code="F400052516" rank="2" referenceName="Instant on - US"/><Feature code="F400036332" rank="3" referenceName="Long Life (Lamps USA)"/><Feature code="F400086860" rank="4" referenceName="EyeComfort [LED lums, LED lamps]"/></Features><CSItems><CSItem code="IT4029276" rank="1" referenceName="Bulb characteristics - Base"/><CSItem code="IT4029451" rank="2" referenceName="Power consumption - Energy Star Certified"/><CSItem code="IT4035884" rank="3" referenceName="Light characteristics - Application"/><CSItem code="IT4026404" rank="4" referenceName="Other characteristics - Mercury content"/><CSItem code="IT4029273" rank="5" referenceName="Bulb dimensions - Height"/><CSItem code="IT4037691" rank="6" referenceName="Power consumption - Light output [lumen value]"/><CSItem code="IT4029158" rank="7" referenceName="Light characteristics - Color"/><CSItem code="IT4029053" rank="8" referenceName="Power consumption - Power consumption per 1000h"/><CSItem code="IT4029274" rank="9" referenceName="Bulb dimensions - Width"/><CSItem code="IT4029171" rank="10" referenceName="Durability - Number of switch cycles"/><CSItem code="IT4029170" rank="11" referenceName="Light characteristics - Color rendering index (CRI)"/><CSItem code="IT4029169" rank="12" referenceName="Durability - Lifetime of lamp"/><CSItem code="IT4029275" rank="13" referenceName="Bulb characteristics - Shape"/><CSItem code="IT4029159" rank="14" referenceName="Light characteristics - Color temperature"/><CSItem code="IT4029164" rank="15" referenceName="Durability - Average life (at 2.7 hrs/day)"/><CSItem code="IT4029452" rank="16" referenceName="Bulb characteristics - Lamp shape code"/><CSItem code="IT4036606" rank="17" referenceName="Bulb characteristics - Voltage"/><CSItem code="IT4037689" rank="18" referenceName="Bulb characteristics - Wattage"/><CSItem code="IT4037690" rank="19" referenceName="Bulb characteristics - Wattage equivalent"/></CSItems></Purpose><Purpose type="Detail"><Features><Feature code="F400079794" rank="1" referenceName="Energy saving (US)"/><Feature code="F400052516" rank="2" referenceName="Instant on - US"/><Feature code="F400036332" rank="3" referenceName="Long Life (Lamps USA)"/><Feature code="F400086860" rank="4" referenceName="EyeComfort [LED lums, LED lamps]"/></Features><CSItems><CSItem code="IT4029276" rank="1" referenceName="Bulb characteristics - Base"/><CSItem code="IT4029451" rank="2" referenceName="Power consumption - Energy Star Certified"/><CSItem code="IT4035884" rank="3" referenceName="Light characteristics - Application"/><CSItem code="IT4026404" rank="4" referenceName="Other characteristics - Mercury content"/><CSItem code="IT4029273" rank="5" referenceName="Bulb dimensions - Height"/><CSItem code="IT4037691" rank="6" referenceName="Power consumption - Light output [lumen value]"/><CSItem code="IT4029158" rank="7" referenceName="Light characteristics - Color"/><CSItem code="IT4029053" rank="8" referenceName="Power consumption - Power consumption per 1000h"/><CSItem code="IT4029274" rank="9" referenceName="Bulb dimensions - Width"/><CSItem code="IT4029171" rank="10" referenceName="Durability - Number of switch cycles"/><CSItem code="IT4029170" rank="11" referenceName="Light characteristics - Color rendering index (CRI)"/><CSItem code="IT4029169" rank="12" referenceName="Durability - Lifetime of lamp"/><CSItem code="IT4029275" rank="13" referenceName="Bulb characteristics - Shape"/><CSItem code="IT4029159" rank="14" referenceName="Light characteristics - Color temperature"/><CSItem code="IT4029164" rank="15" referenceName="Durability - Average life (at 2.7 hrs/day)"/><CSItem code="IT4029452" rank="16" referenceName="Bulb characteristics - Lamp shape code"/><CSItem code="IT4036606" rank="17" referenceName="Bulb characteristics - Voltage"/><CSItem code="IT4037689" rank="18" referenceName="Bulb characteristics - Wattage"/><CSItem code="IT4037690" rank="19" referenceName="Bulb characteristics - Wattage equivalent"/></CSItems></Purpose></Filters><FeatureCompareGroups/><Disclaimers><Disclaimer code="DIS40012516" rank="1" referenceName="Designed for the comfort of your eyes"><DisclaimerText>Designed for the comfort of your eyes. Visit www.philips.com/eyecomfort for flicker, strobe and other criteria and product details.</DisclaimerText><DisclaimElements/></Disclaimer></Disclaimers><RichTexts/></Product></Products>