<?xml version="1.0" encoding="UTF-8"?><Products xmlns:source="http://apache.org/cocoon/source/1.0" DocStatus="approved" DocTimeStamp="2018-10-23T21:15:06"><Product Country="US" IsAccessory="false" IsMaster="false" Locale="en_US" lastModified="2018-10-23T04:30:06" masterLastModified="2018-03-10T00:38:26"><CTN>HX9172/11</CTN><GTIN>00075020047878</GTIN><MarketingVersion>5.1.1</MarketingVersion><MarketingStatus>Final Published</MarketingStatus><CRDate>2015-01-02</CRDate><CRDateYW>201501</CRDateYW><ModelYears><ModelYear>2015</ModelYear></ModelYears><ProductDivision><ProductDivisionCode>0200</ProductDivisionCode><ProductDivisionName>Consumer Lifestyle</ProductDivisionName><FormerPDCode>0300</FormerPDCode></ProductDivision><ProductOwner>Ovgu Tok</ProductOwner><DTN>HX9172/11</DTN><Catalog><StartOfPublication>2015-01-19T00:00:00</StartOfPublication><EndOfPublication>2021-01-19T00:00:00</EndOfPublication><StartOfSales>2015-01-19T00:00:00</StartOfSales><EndOfSales>2021-01-19T00:00:00</EndOfSales><DummyPrice>199.99</DummyPrice><Deleted>false</Deleted><DeleteAfterDate/><ProductRank>98</ProductRank></Catalog><FinancialCategorization><BusinessGroupCode>9050</BusinessGroupCode><BusinessGroupName>Health &amp; Wellness</BusinessGroupName><BusinessUnitCode>0331</BusinessUnitCode><BusinessUnitName>Philips Oral Healthcare</BusinessUnitName><MainArticleGroupCode>E10</MainArticleGroupCode><MainArticleGroupName>Rech. Toothbrushes</MainArticleGroupName><ArticleGroupCode>5089</ArticleGroupCode><ArticleGroupName>High - Flexcare Platinum Handles</ArticleGroupName></FinancialCategorization><Categorization type="CONSUMER"><GroupCode>PERSONAL_CARE_GR</GroupCode><GroupName>Personal care</GroupName><CategoryCode>TOOTHBRUSHES_CA</CategoryCode><CategoryName>Electric toothbrushes</CategoryName><SubcategoryCode>FLEXCARE_PLATINUM_SU</SubcategoryCode><SubcategoryName>FlexCare Platinum</SubcategoryName></Categorization><Assets><Asset code="HX9172_11" description="User manual" extension="pdf" lastModified="2014-10-10" locale="en_US" number="001" type="DFU">http://download.p4c.philips.com/files/h/hx9172_11/hx9172_11_dfu_aen.pdf</Asset><Asset code="HX9172_11" description="High Quality product movie 1" extension="mp4" lastModified="2015-06-08" locale="en_US" number="001" type="HQ1">http://download.p4c.philips.com/files/h/hx9172_11/hx9172_11_hq1_aen.mp4</Asset><Asset code="HX9172_11" description="High Quality product movie 2" extension="mp4" lastModified="2015-06-08" locale="en_US" number="001" type="HQ2">http://download.p4c.philips.com/files/h/hx9172_11/hx9172_11_hq2_aen.mp4</Asset><Asset code="HX9172_11" description="Leaflet" extension="pdf" lastModified="2018-10-21" locale="en_US" number="001" type="PSS">http://download.p4c.philips.com/files/h/hx9172_11/hx9172_11_pss_aenus.pdf</Asset><Asset code="HX9172_11" description="Retail Trade Leaflet" extension="pdf" lastModified="2018-05-01" locale="en_US" number="001" type="RTL">http://download.p4c.philips.com/files/h/hx9172_11/hx9172_11_rtl_aenus.pdf</Asset><Asset code="HX9172_11" description="Product 360 video" extension="flv" lastModified="2014-12-10" locale="global" number="001" type="P3F">http://images.philips.com/is/image/PhilipsConsumer/HX9172_11-P3F-global-001</Asset><Asset code="HX9172_11" description="Leaflet" extension="pdf" lastModified="2018-03-11" locale="global" number="001" type="PSS">http://download.p4c.philips.com/files/h/hx9172_11/hx9172_11_pss_.pdf</Asset><Asset code="HX9172_11" description="Standard product photograph - highres 2196x1795" extension="tif" lastModified="2014-12-10" locale="global" number="001" type="RTP">http://images.philips.com/is/image/PhilipsConsumer/HX9172_11-RTP-global-001</Asset><Asset code="HX9172_11" description="Single product shot" extension="" lastModified="2018-10-23" locale="en_US" number="" type="IMS">http://images.philips.com/is/image/PhilipsConsumer/HX9172_11-IMS-en_US</Asset><Asset code="HX9172_11" description="Product gallery image set" extension="" lastModified="2018-10-23" locale="en_US" number="" type="GAL">http://images.philips.com/is/image/PhilipsConsumer/HX9172_11-GAL-en_US</Asset><Asset code="HX9172_11" description="Product URL" extension="" lastModified="2018-10-23" locale="en_US" number="" type="URL">http://www.usa.philips.com/c-p/HX9172_11/sonicare-flexcare-platinum-sonic-electric-toothbrush</Asset><Asset code="GA_GREEN" description="needs to be blocked as code in CCR Global award logo - master" extension="eps" lastModified="2010-09-22" locale="global" number="001" type="GAL">GA_GREEN-GAL-global-001.eps</Asset><Asset code="GA_GREEN" description="Global award logo - highres 590x590" extension="tif" lastModified="2010-09-22" locale="global" number="001" type="GAP">http://images.philips.com/is/image/PhilipsConsumer/GA_GREEN-GAP-global-001</Asset></Assets><ProductName>3 modes, 3 intensities Sonic electric toothbrush</ProductName><FullProductName>Philips Sonicare FlexCare Platinum Sonic electric toothbrush HX9172/11 3 modes, 3 intensities 2 brush heads With pressure sensor UV brush head sanitizer</FullProductName><NamingString><MasterBrand><BrandCode>PHI</BrandCode><BrandName>Philips</BrandName></MasterBrand><Partner><PartnerBrand><BrandCode>SON</BrandCode><BrandName>Sonicare</BrandName></PartnerBrand><PartnerBrandType>MakersMark</PartnerBrandType></Partner><BrandString>Philips Sonicare</BrandString><Family><FamilyCode>SB40003804</FamilyCode><FamilyName>FlexCare Platinum</FamilyName><FamilyNameUsed>1</FamilyNameUsed></Family><Descriptor><DescriptorCode>NSD_000138</DescriptorCode><DescriptorName>Sonic electric toothbrush</DescriptorName></Descriptor><Alphanumeric>HX9172/11</Alphanumeric><VersionElement1><VersionElementCode>V4030103</VersionElementCode><VersionElementName>3 modes, 3 intensities</VersionElementName></VersionElement1><VersionElement2><VersionElementCode>V4014890</VersionElementCode><VersionElementName>2 brush heads</VersionElementName></VersionElement2><VersionElement3><VersionElementCode>V4030105</VersionElementCode><VersionElementName>With pressure sensor</VersionElementName></VersionElement3><VersionElement4><VersionElementCode>V4030043</VersionElementCode><VersionElementName>UV brush head sanitizer</VersionElementName></VersionElement4><VersionString>3 modes, 3 intensities 2 brush heads With pressure sensor UV brush head sanitizer</VersionString><BrandedFeatureString/><DescriptorBrandedFeatureString>Sonic electric toothbrush</DescriptorBrandedFeatureString></NamingString><WOW>Deep, gentle cleaning</WOW><SubWOW>Removes up to 7x more plaque between teeth*</SubWOW><MarketingTextHeader>With nine unique brushing options, an intuitive pressure sensor and advanced brush head technology, Philips Sonicare FlexCare Platinum goes beyond traditional cleaning to deliver exceptional plaque removal and improved gum health.</MarketingTextHeader><KeyBenefitArea><KeyBenefitAreaCode>K4013176</KeyBenefitAreaCode><KeyBenefitAreaName>Offers a customized brushing experience</KeyBenefitAreaName><KeyBenefitAreaRank>1</KeyBenefitAreaRank><Feature><FeatureCode>F400073299</FeatureCode><FeatureReferenceName>Customized brushing experience [Eldorado]</FeatureReferenceName><FeatureName>Customized brushing experience</FeatureName><FeatureLongDescription>Three intensity settings and three cleaning modes</FeatureLongDescription><FeatureGlossary>With three intensity settings and three cleaning modes, FlexCare Platinum offers optimal comfort as you get a truly deep clean. If you need to pay extra attention to trouble spots, the three-minute Deep Clean mode delivers exceptional results. Use Clean mode for a superb everyday clean, or White mode for stain removal. Set the intensity to Low, Medium or High according to your personal preference.</FeatureGlossary><FeatureRank>1</FeatureRank><FeatureTopRank>2</FeatureTopRank></Feature><Feature><FeatureCode>F400073300</FeatureCode><FeatureReferenceName>Deep Clean mode [Eldorado]</FeatureReferenceName><FeatureName>Deep Clean mode</FeatureName><FeatureLongDescription>New Deep Clean: Effortlessly tackle trouble spots</FeatureLongDescription><FeatureGlossary>Our all-new Deep Clean mode delivers an exceptional clean in hard-to-reach places. The unique motion of the brush head in this mode plus an extended three-minute brushing time makes it the ideal choice when you want to pay extra attention to trouble spots.</FeatureGlossary><FeatureRank>2</FeatureRank><FeatureTopRank>3</FeatureTopRank></Feature></KeyBenefitArea><KeyBenefitArea><KeyBenefitAreaCode>K4023274</KeyBenefitAreaCode><KeyBenefitAreaName>Provides an exceptional clean for teeth and gums</KeyBenefitAreaName><KeyBenefitAreaRank>2</KeyBenefitAreaRank><Feature><FeatureCode>F400052965</FeatureCode><FeatureReferenceName>Reaches deep between teeth</FeatureReferenceName><FeatureName>Reaches deep between teeth</FeatureName><FeatureLongDescription>Removes up to 7x more plaque between teeth</FeatureLongDescription><FeatureGlossary>FlexCare Platinum reaches deep between teeth to provide superior plaque removal. It is clinically proven to remove 7x more plaque between teeth than a manual toothbrush.</FeatureGlossary><FeatureRank>1</FeatureRank><FeatureTopRank>1</FeatureTopRank></Feature><Feature><FeatureCode>F400070604</FeatureCode><FeatureReferenceName>Reach deeper and go further [Eldorado InterCare]</FeatureReferenceName><FeatureName>Reach deeper and go further</FeatureName><FeatureLongDescription>Designed to reach deeper and go further</FeatureLongDescription><FeatureGlossary>Philips Sonicare InterCare toothbrush head features extra-long, high-density bristles to target hidden plaque caught deep between teeth and other hard-to-clean areas.</FeatureGlossary><FeatureRank>2</FeatureRank><FeatureTopRank>4</FeatureTopRank></Feature><Feature><FeatureCode>F400052967</FeatureCode><FeatureReferenceName>Sonic technology [FlexCare Platinum]</FeatureReferenceName><FeatureName>Sonic technology</FeatureName><FeatureLongDescription>Sonic technology for better oral health</FeatureLongDescription><FeatureGlossary>Unlike a traditional electric or power toothbrush, Philips Sonicare features a patented sonic technology. Sonicare’s unique dynamic cleaning action drives fluid between teeth, gently and effectively removing plaque interdentally and along the gum line.</FeatureGlossary><FeatureRank>3</FeatureRank><FeatureTopRank>7</FeatureTopRank></Feature></KeyBenefitArea><KeyBenefitArea><KeyBenefitAreaCode>K4023275</KeyBenefitAreaCode><KeyBenefitAreaName>Fits your lifestyle</KeyBenefitAreaName><KeyBenefitAreaRank>3</KeyBenefitAreaRank><Feature><FeatureCode>F400052976</FeatureCode><FeatureReferenceName>Long battery life and travel case [FlexCare Platinum 2017]</FeatureReferenceName><FeatureName>Designed to fit your lifestyle</FeatureName><FeatureLongDescription>Long battery life and travel case</FeatureLongDescription><FeatureGlossary>Our premium travel case lets you store your toothbrush hygienically, while our compact travel charger keeps you topped up when you’re on the go. You’ll enjoy two weeks of regular use from a single full charge, so being on the move means you needn’t miss out on that fresh feeling.</FeatureGlossary><FeatureRank>1</FeatureRank><FeatureTopRank>9</FeatureTopRank></Feature><Feature><FeatureCode>F400070605</FeatureCode><FeatureReferenceName>Travel case and charger [Eldorado]</FeatureReferenceName><FeatureName>Travel case and charger</FeatureName><FeatureLongDescription>Handy travel case and charger</FeatureLongDescription><FeatureGlossary>It's easy to take your FlexCare Platinum wherever you need it with an easy-to-pack travel case and compact travel charger.</FeatureGlossary><FeatureRank>2</FeatureRank><FeatureTopRank>10</FeatureTopRank></Feature></KeyBenefitArea><KeyBenefitArea><KeyBenefitAreaCode>KBA_0000871</KeyBenefitAreaCode><KeyBenefitAreaName>Helps you meet recommended brushing guidelines</KeyBenefitAreaName><KeyBenefitAreaRank>4</KeyBenefitAreaRank><Feature><FeatureCode>F400073298</FeatureCode><FeatureReferenceName>Intuitive pressure sensor [Eldorado]</FeatureReferenceName><FeatureName>Intuitive pressure sensor</FeatureName><FeatureLongDescription>Alerts you when you're brushing to hard</FeatureLongDescription><FeatureGlossary>You might not notice if you're brushing too hard, but your FlexCare Platinum toothbrush will. If you apply too much pressure, the intuitive pressure sensor will make the toothbrush handle gently vibrate so you know exactly when to adopt a softer touch. In studies, 7 out of 10 aggressive brushers successfully reduced their brushing pressure thanks to the pressure sensor.</FeatureGlossary><FeatureRank>2</FeatureRank><FeatureTopRank>5</FeatureTopRank></Feature><Feature><FeatureCode>F400073302</FeatureCode><FeatureReferenceName>Philips UV sanitizing technology [Eldorado]</FeatureReferenceName><FeatureName>UV Sanitizer</FeatureName><FeatureLongDescription>Kill bacteria with the UV brush head sanitizer</FeatureLongDescription><FeatureGlossary>Keep your brush head really clean with Philips UV sanitizing technology. The UV sanitizer that comes with your FlexCare Platinum sonic toothbrush is specifically designed to help kill germs on brush heads. The sanitizer distributes sanitizing light around the entire top of the brush head, helping to kill up to 99% of bacteria.</FeatureGlossary><FeatureRank>3</FeatureRank><FeatureTopRank>6</FeatureTopRank></Feature><Feature><FeatureCode>F400052973</FeatureCode><FeatureReferenceName>Quadpacer and Smartimer</FeatureReferenceName><FeatureName>Quadpacer and Smartimer</FeatureName><FeatureLongDescription>Timers to help encourage thorough brushing</FeatureLongDescription><FeatureGlossary>FlexCare Platinum offers two timers to help encourage thorough brushing. The Quadpacer interval timer indicates when it’s time to move to another quadrant of the mouth, while the Smartimer helps you reach the dentist recommended brushing time of two minutes.</FeatureGlossary><FeatureRank>1</FeatureRank><FeatureTopRank>8</FeatureTopRank></Feature></KeyBenefitArea><FeatureImage><FeatureCode>F400052965</FeatureCode><FeatureReferenceName>Reaches deep between teeth</FeatureReferenceName><FeatureImageRank>1</FeatureImageRank></FeatureImage><FeatureImage><FeatureCode>F400073299</FeatureCode><FeatureReferenceName>Customized brushing experience [Eldorado]</FeatureReferenceName><FeatureImageRank>2</FeatureImageRank></FeatureImage><FeatureImage><FeatureCode>F400073300</FeatureCode><FeatureReferenceName>Deep Clean mode [Eldorado]</FeatureReferenceName><FeatureImageRank>3</FeatureImageRank></FeatureImage><FeatureImage><FeatureCode>F400070604</FeatureCode><FeatureReferenceName>Reach deeper and go further [Eldorado InterCare]</FeatureReferenceName><FeatureImageRank>4</FeatureImageRank></FeatureImage><FeatureImage><FeatureCode>F400073298</FeatureCode><FeatureReferenceName>Intuitive pressure sensor [Eldorado]</FeatureReferenceName><FeatureImageRank>5</FeatureImageRank></FeatureImage><FeatureImage><FeatureCode>F400073302</FeatureCode><FeatureReferenceName>Philips UV sanitizing technology [Eldorado]</FeatureReferenceName><FeatureImageRank>6</FeatureImageRank></FeatureImage><FeatureImage><FeatureCode>F400052967</FeatureCode><FeatureReferenceName>Sonic technology [FlexCare Platinum]</FeatureReferenceName><FeatureImageRank>7</FeatureImageRank></FeatureImage><FeatureImage><FeatureCode>F400052973</FeatureCode><FeatureReferenceName>Quadpacer and Smartimer</FeatureReferenceName><FeatureImageRank>8</FeatureImageRank></FeatureImage><FeatureImage><FeatureCode>F400052976</FeatureCode><FeatureReferenceName>Long battery life and travel case [FlexCare Platinum 2017]</FeatureReferenceName><FeatureImageRank>9</FeatureImageRank></FeatureImage><FeatureImage><FeatureCode>F400070605</FeatureCode><FeatureReferenceName>Travel case and charger [Eldorado]</FeatureReferenceName><FeatureImageRank>10</FeatureImageRank></FeatureImage><FeatureHighlight><FeatureCode>F400052965</FeatureCode><FeatureReferenceName>Reaches deep between teeth</FeatureReferenceName><FeatureHighlightRank>1</FeatureHighlightRank></FeatureHighlight><FeatureHighlight><FeatureCode>F400073299</FeatureCode><FeatureReferenceName>Customized brushing experience [Eldorado]</FeatureReferenceName><FeatureHighlightRank>2</FeatureHighlightRank></FeatureHighlight><FeatureHighlight><FeatureCode>F400073300</FeatureCode><FeatureReferenceName>Deep Clean mode [Eldorado]</FeatureReferenceName><FeatureHighlightRank>3</FeatureHighlightRank></FeatureHighlight><FeatureHighlight><FeatureCode>F400070604</FeatureCode><FeatureReferenceName>Reach deeper and go further [Eldorado InterCare]</FeatureReferenceName><FeatureHighlightRank>4</FeatureHighlightRank></FeatureHighlight><FeatureHighlight><FeatureCode>F400073298</FeatureCode><FeatureReferenceName>Intuitive pressure sensor [Eldorado]</FeatureReferenceName><FeatureHighlightRank>5</FeatureHighlightRank></FeatureHighlight><FeatureHighlight><FeatureCode>F400073302</FeatureCode><FeatureReferenceName>Philips UV sanitizing technology [Eldorado]</FeatureReferenceName><FeatureHighlightRank>6</FeatureHighlightRank></FeatureHighlight><FeatureHighlight><FeatureCode>F400052967</FeatureCode><FeatureReferenceName>Sonic technology [FlexCare Platinum]</FeatureReferenceName><FeatureHighlightRank>7</FeatureHighlightRank></FeatureHighlight><FeatureHighlight><FeatureCode>F400052973</FeatureCode><FeatureReferenceName>Quadpacer and Smartimer</FeatureReferenceName><FeatureHighlightRank>8</FeatureHighlightRank></FeatureHighlight><FeatureHighlight><FeatureCode>F400052976</FeatureCode><FeatureReferenceName>Long battery life and travel case [FlexCare Platinum 2017]</FeatureReferenceName><FeatureHighlightRank>9</FeatureHighlightRank></FeatureHighlight><FeatureHighlight><FeatureCode>F400070605</FeatureCode><FeatureReferenceName>Travel case and charger [Eldorado]</FeatureReferenceName><FeatureHighlightRank>10</FeatureHighlightRank></FeatureHighlight><CSChapter><CSChapterCode>CH4006741</CSChapterCode><CSChapterName>Modes</CSChapterName><CSChapterRank>1</CSChapterRank><CSItem><CSItemCode>IT4032871</CSItemCode><CSItemName>Clean</CSItemName><CSItemRank>1</CSItemRank><CSItemIsFreeFormat>0</CSItemIsFreeFormat><CSValue><CSValueCode>VA4076686</CSValueCode><CSValueName>For exceptional everyday clean</CSValueName><CSValueRank>1</CSValueRank></CSValue></CSItem><CSItem><CSItemCode>IT4032872</CSItemCode><CSItemName>White</CSItemName><CSItemRank>2</CSItemRank><CSItemIsFreeFormat>0</CSItemIsFreeFormat><CSValue><CSValueCode>VA4076682</CSValueCode><CSValueName>Removes surface stains</CSValueName><CSValueRank>1</CSValueRank></CSValue></CSItem><CSItem><CSItemCode>IT4036984</CSItemCode><CSItemName>Deep Clean</CSItemName><CSItemRank>3</CSItemRank><CSItemIsFreeFormat>0</CSItemIsFreeFormat><CSValue><CSValueCode>VA4086016</CSValueCode><CSValueName>For an invigorating deep clean</CSValueName><CSValueRank>1</CSValueRank></CSValue></CSItem><CSItem><CSItemCode>IT4036083</CSItemCode><CSItemName>3 intensities</CSItemName><CSItemRank>4</CSItemRank><CSItemIsFreeFormat>0</CSItemIsFreeFormat><CSValue><CSValueCode>VA4083945</CSValueCode><CSValueName>Low</CSValueName><CSValueRank>1</CSValueRank></CSValue><CSValue><CSValueCode>VA4083946</CSValueCode><CSValueName>Medium</CSValueName><CSValueRank>2</CSValueRank></CSValue><CSValue><CSValueCode>VA4083947</CSValueCode><CSValueName>High</CSValueName><CSValueRank>3</CSValueRank></CSValue></CSItem></CSChapter><CSChapter><CSChapterCode>CH4002821</CSChapterCode><CSChapterName>Items included</CSChapterName><CSChapterRank>2</CSChapterRank><CSItem><CSItemCode>IT4035144</CSItemCode><CSItemName>Handles</CSItemName><CSItemRank>1</CSItemRank><CSItemIsFreeFormat>1</CSItemIsFreeFormat><CSValue><CSValueCode>VA4081784</CSValueCode><CSValueName>1 FlexCare Platinum</CSValueName><CSValueRank>1</CSValueRank></CSValue></CSItem><CSItem><CSItemCode>IT4015645</CSItemCode><CSItemName>Brush heads</CSItemName><CSItemRank>2</CSItemRank><CSItemIsFreeFormat>0</CSItemIsFreeFormat><CSValue><CSValueCode>VA4083964</CSValueCode><CSValueName>2 InterCare standard</CSValueName><CSValueRank>1</CSValueRank></CSValue></CSItem><CSItem><CSItemCode>IT4015626</CSItemCode><CSItemName>Charger</CSItemName><CSItemRank>3</CSItemRank><CSItemIsFreeFormat>0</CSItemIsFreeFormat><CSValue><CSValueCode>VA4083983</CSValueCode><CSValueName>1</CSValueName><CSValueRank>1</CSValueRank></CSValue></CSItem><CSItem><CSItemCode>IT4015639</CSItemCode><CSItemName>UV sanitizer</CSItemName><CSItemRank>4</CSItemRank><CSItemIsFreeFormat>0</CSItemIsFreeFormat><CSValue><CSValueCode>VA4031207</CSValueCode><CSValueName>1</CSValueName><CSValueRank>1</CSValueRank></CSValue></CSItem><CSItem><CSItemCode>IT4017673</CSItemCode><CSItemName>Travel case</CSItemName><CSItemRank>5</CSItemRank><CSItemIsFreeFormat>0</CSItemIsFreeFormat><CSValue><CSValueCode>VA4083985</CSValueCode><CSValueName>1</CSValueName><CSValueRank>1</CSValueRank></CSValue></CSItem></CSChapter><CSChapter><CSChapterCode>CHA_0000020</CSChapterCode><CSChapterName>Design and finishing</CSChapterName><CSChapterRank>3</CSChapterRank><CSItem><CSItemCode>4010351</CSItemCode><CSItemName>Color</CSItemName><CSItemRank>1</CSItemRank><CSItemIsFreeFormat>0</CSItemIsFreeFormat><CSValue><CSValueCode>VA4086014</CSValueCode><CSValueName>Gray with brushed white panel</CSValueName><CSValueRank>1</CSValueRank></CSValue></CSItem></CSChapter><CSChapter><CSChapterCode>CH4002822</CSChapterCode><CSChapterName>Cleaning performance</CSChapterName><CSChapterRank>4</CSChapterRank><CSItem><CSItemCode>IT4015660</CSItemCode><CSItemName>Speed</CSItemName><CSItemRank>1</CSItemRank><CSItemIsFreeFormat>0</CSItemIsFreeFormat><CSValue><CSValueCode>VA4075704</CSValueCode><CSValueName>Up to 62000 brush movement/min</CSValueName><CSValueRank>1</CSValueRank></CSValue></CSItem><CSItem><CSItemCode>IT4015661</CSItemCode><CSItemName>Performance</CSItemName><CSItemRank>2</CSItemRank><CSItemIsFreeFormat>0</CSItemIsFreeFormat><CSValue><CSValueCode>VA4066202</CSValueCode><CSValueName>Removes up to 7x more plaque*</CSValueName><CSValueRank>1</CSValueRank></CSValue></CSItem><CSItem><CSItemCode>IT4015663</CSItemCode><CSItemName>Health benefits</CSItemName><CSItemRank>3</CSItemRank><CSItemIsFreeFormat>0</CSItemIsFreeFormat><CSValue><CSValueCode>VA4031267</CSValueCode><CSValueName>Improves gum health in only two weeks</CSValueName><CSValueRank>1</CSValueRank></CSValue></CSItem><CSItem><CSItemCode>IT4015664</CSItemCode><CSItemName>Whitening benefits</CSItemName><CSItemRank>4</CSItemRank><CSItemIsFreeFormat>0</CSItemIsFreeFormat><CSValue><CSValueCode>VA4066203</CSValueCode><CSValueName>Helps naturally remove stains</CSValueName><CSValueRank>1</CSValueRank></CSValue></CSItem><CSItem><CSItemCode>IT4015666</CSItemCode><CSItemName>Timer</CSItemName><CSItemRank>5</CSItemRank><CSItemIsFreeFormat>0</CSItemIsFreeFormat><CSValue><CSValueCode>VA4031275</CSValueCode><CSValueName>Smartimer and Quadpacer</CSValueName><CSValueRank>1</CSValueRank></CSValue></CSItem><CSItem><CSItemCode>IT4028372</CSItemCode><CSItemName>Pressure sensor</CSItemName><CSItemRank>6</CSItemRank><CSItemIsFreeFormat>0</CSItemIsFreeFormat><CSValue><CSValueCode>VA4066206</CSValueCode><CSValueName>Vibrates handle to alert user</CSValueName><CSValueRank>1</CSValueRank></CSValue></CSItem></CSChapter><CSChapter><CSChapterCode>CH4001524</CSChapterCode><CSChapterName>Ease of use</CSChapterName><CSChapterRank>5</CSChapterRank><CSItem><CSItemCode>IT4015667</CSItemCode><CSItemName>Brush head system</CSItemName><CSItemRank>1</CSItemRank><CSItemIsFreeFormat>0</CSItemIsFreeFormat><CSValue><CSValueCode>VA4075706</CSValueCode><CSValueName>Easy click-on brush heads</CSValueName><CSValueRank>1</CSValueRank></CSValue></CSItem><CSItem><CSItemCode>IT4015668</CSItemCode><CSItemName>Brushing time</CSItemName><CSItemRank>2</CSItemRank><CSItemIsFreeFormat>0</CSItemIsFreeFormat><CSValue><CSValueCode>VA4040781</CSValueCode><CSValueName>Up to 3 weeks**</CSValueName><CSValueRank>1</CSValueRank></CSValue></CSItem><CSItem><CSItemCode>IT4015669</CSItemCode><CSItemName>Battery indicator</CSItemName><CSItemRank>3</CSItemRank><CSItemIsFreeFormat>0</CSItemIsFreeFormat><CSValue><CSValueCode>VA4079873</CSValueCode><CSValueName>Light shows battery status</CSValueName><CSValueRank>1</CSValueRank></CSValue></CSItem><CSItem><CSItemCode>IT4015670</CSItemCode><CSItemName>Handle</CSItemName><CSItemRank>4</CSItemRank><CSItemIsFreeFormat>0</CSItemIsFreeFormat><CSValue><CSValueCode>VA4031284</CSValueCode><CSValueName>Slim ergonomic design</CSValueName><CSValueRank>1</CSValueRank></CSValue></CSItem><CSItem><CSItemCode>IT4007980</CSItemCode><CSItemName>Display</CSItemName><CSItemRank>5</CSItemRank><CSItemIsFreeFormat>0</CSItemIsFreeFormat><CSValue><CSValueCode>VA4031287</CSValueCode><CSValueName>Illuminated display</CSValueName><CSValueRank>1</CSValueRank></CSValue></CSItem></CSChapter><CSChapter><CSChapterCode>3000956</CSChapterCode><CSChapterName>Technical specifications</CSChapterName><CSChapterRank>6</CSChapterRank><CSItem><CSItemCode>IT4015617</CSItemCode><CSItemName>Battery</CSItemName><CSItemRank>1</CSItemRank><CSItemIsFreeFormat>0</CSItemIsFreeFormat><CSValue><CSValueCode>VA4031164</CSValueCode><CSValueName>Rechargeable</CSValueName><CSValueRank>1</CSValueRank></CSValue></CSItem><CSItem><CSItemCode>IT4017634</CSItemCode><CSItemName>Battery type</CSItemName><CSItemRank>2</CSItemRank><CSItemIsFreeFormat>0</CSItemIsFreeFormat><CSValue><CSValueCode>VA4060246</CSValueCode><CSValueName>Lithium ION</CSValueName><CSValueRank>1</CSValueRank></CSValue></CSItem><CSItem><CSItemCode>IT4015622</CSItemCode><CSItemName>Operating time (full to empty)</CSItemName><CSItemRank>3</CSItemRank><CSItemIsFreeFormat>0</CSItemIsFreeFormat><CSValue><CSValueCode>VA4083881</CSValueCode><CSValueName>Up to 3 weeks**</CSValueName><CSValueRank>1</CSValueRank></CSValue></CSItem></CSChapter><CSChapter><CSChapterCode>3000821</CSChapterCode><CSChapterName>Power</CSChapterName><CSChapterRank>7</CSChapterRank><CSItem><CSItemCode>IT4015625</CSItemCode><CSItemName>Voltage</CSItemName><CSItemRank>1</CSItemRank><CSItemIsFreeFormat>0</CSItemIsFreeFormat><CSValue><CSValueCode>VA4075921</CSValueCode><CSValueName>110-220 V</CSValueName><CSValueRank>1</CSValueRank></CSValue></CSItem></CSChapter><CSChapter><CSChapterCode>CHA_0000049</CSChapterCode><CSChapterName>Service</CSChapterName><CSChapterRank>8</CSChapterRank><CSItem><CSItemCode>IT4015672</CSItemCode><CSItemName>Warranty</CSItemName><CSItemRank>1</CSItemRank><CSItemIsFreeFormat>0</CSItemIsFreeFormat><CSValue><CSValueCode>VA4031299</CSValueCode><CSValueName>2-year limited warranty</CSValueName><CSValueRank>1</CSValueRank></CSValue></CSItem></CSChapter><Filters><Purpose type="Comparison"><Features><Feature code="F400052965" rank="1" referenceName="Reaches deep between teeth"/><Feature code="F400073299" rank="2" referenceName="Customized brushing experience [Eldorado]"/><Feature code="F400073300" rank="3" referenceName="Deep Clean mode [Eldorado]"/><Feature code="F400070604" rank="4" referenceName="Reach deeper and go further [Eldorado InterCare]"/><Feature code="F400073298" rank="5" referenceName="Intuitive pressure sensor [Eldorado]"/><Feature code="F400073302" rank="6" referenceName="Philips UV sanitizing technology [Eldorado]"/><Feature code="F400052967" rank="7" referenceName="Sonic technology [FlexCare Platinum]"/><Feature code="F400052973" rank="8" referenceName="Quadpacer and Smartimer"/><Feature code="F400052976" rank="9" referenceName="Long battery life and travel case [FlexCare Platinum 2017]"/><Feature code="F400070605" rank="10" referenceName="Travel case and charger [Eldorado]"/></Features><CSItems><CSItem code="IT4032871" rank="1" referenceName="Modes - Clean"/><CSItem code="IT4035144" rank="1" referenceName="Items included - Handles"/><CSItem code="4010351" rank="1" referenceName="Design and finishing - Color"/><CSItem code="IT4015660" rank="1" referenceName="Cleaning performance - Speed"/><CSItem code="IT4015667" rank="1" referenceName="Ease of use - Brush head system"/><CSItem code="IT4015617" rank="1" referenceName="Technical specifications - Battery"/><CSItem code="IT4015625" rank="1" referenceName="Power - Voltage"/><CSItem code="IT4015672" rank="1" referenceName="Service - Warranty"/><CSItem code="IT4032872" rank="2" referenceName="Modes - White"/><CSItem code="IT4015645" rank="2" referenceName="Items included - Brush heads"/><CSItem code="IT4015661" rank="2" referenceName="Cleaning performance - Performance"/><CSItem code="IT4015668" rank="2" referenceName="Ease of use - Brushing time"/><CSItem code="IT4017634" rank="2" referenceName="Technical specifications - Battery type"/><CSItem code="IT4036984" rank="3" referenceName="Modes - Deep Clean"/><CSItem code="IT4015626" rank="3" referenceName="Items included - Charger"/><CSItem code="IT4015663" rank="3" referenceName="Cleaning performance - Health benefits"/><CSItem code="IT4015669" rank="3" referenceName="Ease of use - Battery indicator"/><CSItem code="IT4015622" rank="3" referenceName="Technical specifications - Operating time (full to empty)"/><CSItem code="IT4036083" rank="4" referenceName="Modes - 3 intensities"/><CSItem code="IT4015639" rank="4" referenceName="Items included - UV sanitizer"/><CSItem code="IT4015664" rank="4" referenceName="Cleaning performance - Whitening benefits"/><CSItem code="IT4015670" rank="4" referenceName="Ease of use - Handle"/><CSItem code="IT4017673" rank="5" referenceName="Items included - Travel case"/><CSItem code="IT4015666" rank="5" referenceName="Cleaning performance - Timer"/><CSItem code="IT4007980" rank="5" referenceName="Ease of use - Display"/><CSItem code="IT4028372" rank="6" referenceName="Cleaning performance - Pressure sensor"/></CSItems></Purpose><Purpose type="Detail"><Features><Feature code="F400052965" rank="1" referenceName="Reaches deep between teeth"/><Feature code="F400073299" rank="2" referenceName="Customized brushing experience [Eldorado]"/><Feature code="F400073300" rank="3" referenceName="Deep Clean mode [Eldorado]"/><Feature code="F400070604" rank="4" referenceName="Reach deeper and go further [Eldorado InterCare]"/><Feature code="F400073298" rank="5" referenceName="Intuitive pressure sensor [Eldorado]"/><Feature code="F400073302" rank="6" referenceName="Philips UV sanitizing technology [Eldorado]"/><Feature code="F400052967" rank="7" referenceName="Sonic technology [FlexCare Platinum]"/><Feature code="F400052973" rank="8" referenceName="Quadpacer and Smartimer"/><Feature code="F400052976" rank="9" referenceName="Long battery life and travel case [FlexCare Platinum 2017]"/><Feature code="F400070605" rank="10" referenceName="Travel case and charger [Eldorado]"/></Features><CSItems><CSItem code="IT4032871" rank="1" referenceName="Modes - Clean"/><CSItem code="IT4035144" rank="1" referenceName="Items included - Handles"/><CSItem code="4010351" rank="1" referenceName="Design and finishing - Color"/><CSItem code="IT4015660" rank="1" referenceName="Cleaning performance - Speed"/><CSItem code="IT4015667" rank="1" referenceName="Ease of use - Brush head system"/><CSItem code="IT4015617" rank="1" referenceName="Technical specifications - Battery"/><CSItem code="IT4015625" rank="1" referenceName="Power - Voltage"/><CSItem code="IT4015672" rank="1" referenceName="Service - Warranty"/><CSItem code="IT4032872" rank="2" referenceName="Modes - White"/><CSItem code="IT4015645" rank="2" referenceName="Items included - Brush heads"/><CSItem code="IT4015661" rank="2" referenceName="Cleaning performance - Performance"/><CSItem code="IT4015668" rank="2" referenceName="Ease of use - Brushing time"/><CSItem code="IT4017634" rank="2" referenceName="Technical specifications - Battery type"/><CSItem code="IT4036984" rank="3" referenceName="Modes - Deep Clean"/><CSItem code="IT4015626" rank="3" referenceName="Items included - Charger"/><CSItem code="IT4015663" rank="3" referenceName="Cleaning performance - Health benefits"/><CSItem code="IT4015669" rank="3" referenceName="Ease of use - Battery indicator"/><CSItem code="IT4015622" rank="3" referenceName="Technical specifications - Operating time (full to empty)"/><CSItem code="IT4036083" rank="4" referenceName="Modes - 3 intensities"/><CSItem code="IT4015639" rank="4" referenceName="Items included - UV sanitizer"/><CSItem code="IT4015664" rank="4" referenceName="Cleaning performance - Whitening benefits"/><CSItem code="IT4015670" rank="4" referenceName="Ease of use - Handle"/><CSItem code="IT4017673" rank="5" referenceName="Items included - Travel case"/><CSItem code="IT4015666" rank="5" referenceName="Cleaning performance - Timer"/><CSItem code="IT4007980" rank="5" referenceName="Ease of use - Display"/><CSItem code="IT4028372" rank="6" referenceName="Cleaning performance - Pressure sensor"/></CSItems></Purpose></Filters><FeatureCompareGroups/><Disclaimers><Disclaimer code="DIS40006721" rank="1" referenceName="than a manual toothbrush [BMW]"><DisclaimerText>than a manual toothbrush</DisclaimerText><DisclaimElements/></Disclaimer><Disclaimer code="DIS40007989" rank="2" referenceName="based on two periods of two-minute brushings [up to 3 weeks]"><DisclaimerText>*based on two periods of two-minute brushings per day, on clean mode</DisclaimerText><DisclaimElements/></Disclaimer></Disclaimers><Award AwardType="global"><AwardCode>GA_GREEN</AwardCode><AwardName>Philips Green Logo</AwardName><AwardDescription>Philips Green Products can reduce costs, energy consumption and CO2 emissions. How? They offer a significant environmental improvement in one or more of the Philips Green Focal Areas – Energy efficiency, Packaging, Hazardous substances, Weight, Recycling and disposal and Lifetime reliability.</AwardDescription><AwardText>Philips Green Logo</AwardText><AwardRank>3</AwardRank></Award><ProductReference ProductReferenceType="Accessory"><CTN>CRP239/01</CTN><ProductReferenceRank>0</ProductReferenceRank></ProductReference><ProductReference ProductReferenceType="Accessory"><CTN>CRP241/01</CTN><ProductReferenceRank>0</ProductReferenceRank></ProductReference><ProductReference ProductReferenceType="Accessory"><CTN>DIS640/03</CTN><ProductReferenceRank>0</ProductReferenceRank></ProductReference><ProductReference ProductReferenceType="Accessory"><CTN>HX8071/10</CTN><ProductReferenceRank>0</ProductReferenceRank></ProductReference><ProductReference ProductReferenceType="Accessory"><CTN>HX8072/23</CTN><ProductReferenceRank>0</ProductReferenceRank></ProductReference><ProductReference ProductReferenceType="Accessory"><CTN>HX8072/80</CTN><ProductReferenceRank>0</ProductReferenceRank></ProductReference><ProductReference ProductReferenceType="Accessory"><CTN>HX9001/08</CTN><ProductReferenceRank>0</ProductReferenceRank></ProductReference><ProductReference ProductReferenceType="Accessory"><CTN>HX9002/07</CTN><ProductReferenceRank>0</ProductReferenceRank></ProductReference><ProductReference ProductReferenceType="Accessory"><CTN>HX9002/08</CTN><ProductReferenceRank>0</ProductReferenceRank></ProductReference><ProductReference ProductReferenceType="Accessory"><CTN>HX9002/23</CTN><ProductReferenceRank>0</ProductReferenceRank></ProductReference><ProductReference ProductReferenceType="Accessory"><CTN>HX9002/26</CTN><ProductReferenceRank>0</ProductReferenceRank></ProductReference><ProductReference ProductReferenceType="Accessory"><CTN>HX9002/64</CTN><ProductReferenceRank>0</ProductReferenceRank></ProductReference><ProductReference ProductReferenceType="Accessory"><CTN>HX9002/66</CTN><ProductReferenceRank>0</ProductReferenceRank></ProductReference><ProductReference ProductReferenceType="Accessory"><CTN>HX9003/05</CTN><ProductReferenceRank>0</ProductReferenceRank></ProductReference><ProductReference ProductReferenceType="Accessory"><CTN>HX9003/64</CTN><ProductReferenceRank>0</ProductReferenceRank></ProductReference><ProductReference ProductReferenceType="Accessory"><CTN>HX9004/07</CTN><ProductReferenceRank>0</ProductReferenceRank></ProductReference><ProductReference ProductReferenceType="Accessory"><CTN>HX9004/26</CTN><ProductReferenceRank>0</ProductReferenceRank></ProductReference><ProductReference ProductReferenceType="Accessory"><CTN>HX9004/31</CTN><ProductReferenceRank>0</ProductReferenceRank></ProductReference><ProductReference ProductReferenceType="Accessory"><CTN>HX9011/08</CTN><ProductReferenceRank>0</ProductReferenceRank></ProductReference><ProductReference ProductReferenceType="Accessory"><CTN>HX9012/07</CTN><ProductReferenceRank>0</ProductReferenceRank></ProductReference><ProductReference ProductReferenceType="Accessory"><CTN>HX9012/08</CTN><ProductReferenceRank>0</ProductReferenceRank></ProductReference><ProductReference ProductReferenceType="Accessory"><CTN>HX9013/05</CTN><ProductReferenceRank>0</ProductReferenceRank></ProductReference><ProductReference ProductReferenceType="Accessory"><CTN>HX9014/07</CTN><ProductReferenceRank>0</ProductReferenceRank></ProductReference><ProductReference ProductReferenceType="Accessory"><CTN>HX9014/26</CTN><ProductReferenceRank>0</ProductReferenceRank></ProductReference><ProductReference ProductReferenceType="Accessory"><CTN>HX9041/08</CTN><ProductReferenceRank>0</ProductReferenceRank></ProductReference><ProductReference ProductReferenceType="Accessory"><CTN>HX9042/05</CTN><ProductReferenceRank>0</ProductReferenceRank></ProductReference><ProductReference ProductReferenceType="Accessory"><CTN>HX9042/07</CTN><ProductReferenceRank>0</ProductReferenceRank></ProductReference><ProductReference ProductReferenceType="Accessory"><CTN>HX9042/08</CTN><ProductReferenceRank>0</ProductReferenceRank></ProductReference><ProductReference ProductReferenceType="Accessory"><CTN>HX9042/23</CTN><ProductReferenceRank>0</ProductReferenceRank></ProductReference><ProductReference ProductReferenceType="Accessory"><CTN>HX9042/64</CTN><ProductReferenceRank>0</ProductReferenceRank></ProductReference><ProductReference ProductReferenceType="Accessory"><CTN>HX9042/66</CTN><ProductReferenceRank>0</ProductReferenceRank></ProductReference><ProductReference ProductReferenceType="Accessory"><CTN>HX9043/05</CTN><ProductReferenceRank>0</ProductReferenceRank></ProductReference><ProductReference ProductReferenceType="Accessory"><CTN>HX9043/64</CTN><ProductReferenceRank>0</ProductReferenceRank></ProductReference><ProductReference ProductReferenceType="Accessory"><CTN>HX9043/66</CTN><ProductReferenceRank>0</ProductReferenceRank></ProductReference><ProductReference ProductReferenceType="Accessory"><CTN>HX9044/07</CTN><ProductReferenceRank>0</ProductReferenceRank></ProductReference><ProductReference ProductReferenceType="Accessory"><CTN>HX9044/26</CTN><ProductReferenceRank>0</ProductReferenceRank></ProductReference><ProductReference ProductReferenceType="Accessory"><CTN>HX9046/30</CTN><ProductReferenceRank>0</ProductReferenceRank></ProductReference><RichTexts/></Product></Products>