<?xml version="1.0" encoding="UTF-8"?><Products xmlns:source="http://apache.org/cocoon/source/1.0" DocStatus="approved" DocTimeStamp="2018-10-23T21:15:06"><Product Country="US" IsAccessory="false" IsMaster="false" Locale="en_US" lastModified="2018-10-23T04:30:06" masterLastModified="2018-07-05T00:18:35"><CTN>HX8211/20</CTN><GTIN>00075020079015</GTIN><MarketingVersion>2.0.1</MarketingVersion><MarketingStatus>Final Published</MarketingStatus><CRDate>2018-05-04</CRDate><CRDateYW>201818</CRDateYW><ModelYears><ModelYear>2018</ModelYear></ModelYears><ProductDivision><ProductDivisionCode>0200</ProductDivisionCode><ProductDivisionName>Consumer Lifestyle</ProductDivisionName><FormerPDCode>0300</FormerPDCode></ProductDivision><ProductOwner>Ovgu Tok</ProductOwner><DTN>HX8211/20</DTN><Catalog><StartOfPublication>2018-06-04T00:00:00</StartOfPublication><EndOfPublication>2028-06-04T00:00:00</EndOfPublication><StartOfSales>2018-06-04T00:00:00</StartOfSales><EndOfSales>2028-06-04T00:00:00</EndOfSales><DummyPrice/><Deleted>false</Deleted><DeleteAfterDate/><ProductRank>50</ProductRank></Catalog><FinancialCategorization><BusinessGroupCode>9050</BusinessGroupCode><BusinessGroupName>Health &amp; Wellness</BusinessGroupName><BusinessUnitCode>0331</BusinessUnitCode><BusinessUnitName>Philips Oral Healthcare</BusinessUnitName><MainArticleGroupCode>I37</MainArticleGroupCode><MainArticleGroupName>Inter dental</MainArticleGroupName><ArticleGroupCode>3390</ArticleGroupCode><ArticleGroupName>AirFloss Handles</ArticleGroupName></FinancialCategorization><Categorization type="CONSUMER"><GroupCode>PERSONAL_CARE_GR</GroupCode><GroupName>Personal care</GroupName><CategoryCode>AIRFLOSS_CA</CategoryCode><CategoryName>Philips Sonicare AirFloss</CategoryName><SubcategoryCode>AIR_FLOSS_SU</SubcategoryCode><SubcategoryName>AirFloss</SubcategoryName></Categorization><Assets><Asset code="HX8211_20" description="Leaflet" extension="pdf" lastModified="2018-10-01" locale="en_US" number="001" type="PSS">http://download.p4c.philips.com/files/h/hx8211_20/hx8211_20_pss_aenus.pdf</Asset><Asset code="HX8211_20" description="Retail Trade Leaflet" extension="pdf" lastModified="2018-10-05" locale="en_US" number="001" type="RTL">http://download.p4c.philips.com/files/h/hx8211_20/hx8211_20_rtl_aenus.pdf</Asset><Asset code="HX8211_20" description="Leaflet" extension="pdf" lastModified="2018-08-15" locale="global" number="001" type="PSS">http://download.p4c.philips.com/files/h/hx8211_20/hx8211_20_pss_.pdf</Asset><Asset code="HX8211_20" description="Standard product photograph - highres 2196x1795" extension="tif" lastModified="2018-05-21" locale="global" number="001" type="RTP">http://images.philips.com/is/image/PhilipsConsumer/HX8211_20-RTP-global-001</Asset><Asset code="HX8211_20" description="Single product shot" extension="" lastModified="2018-10-23" locale="en_US" number="" type="IMS">http://images.philips.com/is/image/PhilipsConsumer/HX8211_20-IMS-en_US</Asset><Asset code="HX8211_20" description="Product gallery image set" extension="" lastModified="2018-10-23" locale="en_US" number="" type="GAL">http://images.philips.com/is/image/PhilipsConsumer/HX8211_20-GAL-en_US</Asset><Asset code="HX8211_20" description="Product URL" extension="" lastModified="2018-10-23" locale="en_US" number="" type="URL">http://www.usa.philips.com/c-p/HX8211_20/sonicare-airfloss-interdental-rechargeable</Asset></Assets><ProductName>Interdental - Rechargeable</ProductName><FullProductName>Philips Sonicare AirFloss Interdental - Rechargeable HX8211/20 with Fill &amp; Charge Station 1 handle 1 nozzle</FullProductName><NamingString><MasterBrand><BrandCode>PHI</BrandCode><BrandName>Philips</BrandName></MasterBrand><Partner><PartnerBrand><BrandCode>SON</BrandCode><BrandName>Sonicare</BrandName></PartnerBrand><PartnerBrandType>MakersMark</PartnerBrandType></Partner><BrandString>Philips Sonicare</BrandString><Family><FamilyCode>SB40001366</FamilyCode><FamilyName>AirFloss</FamilyName><FamilyNameUsed>1</FamilyNameUsed></Family><Descriptor><DescriptorCode>D4019183</DescriptorCode><DescriptorName>Interdental - Rechargeable</DescriptorName></Descriptor><Alphanumeric>HX8211/20</Alphanumeric><VersionElement1><VersionElementCode>V4042736</VersionElementCode><VersionElementName>with Fill &amp; Charge Station</VersionElementName></VersionElement1><VersionElement2><VersionElementCode>V4046544</VersionElementCode><VersionElementName>1 handle</VersionElementName></VersionElement2><VersionElement3><VersionElementCode>V4042552</VersionElementCode><VersionElementName>1 nozzle</VersionElementName></VersionElement3><VersionString>with Fill &amp; Charge Station 1 handle 1 nozzle</VersionString><BrandedFeatureString/><DescriptorBrandedFeatureString>Interdental - Rechargeable</DescriptorBrandedFeatureString></NamingString><WOW>Don’t floss? Then AirFloss.</WOW><SubWOW>Removes plaque where brushing can’t</SubWOW><MarketingTextHeader>For those who don’t floss consistently, AirFloss is an easy way to start cleaning between teeth. AirFloss can be used with mouthwash or water and features unique air and micro-droplet technology to help remove plaque in hard to reach areas.</MarketingTextHeader><KeyBenefitArea><KeyBenefitAreaCode>K4023115</KeyBenefitAreaCode><KeyBenefitAreaName>Improves oral health</KeyBenefitAreaName><KeyBenefitAreaRank>1</KeyBenefitAreaRank><Feature><FeatureCode>F400052745</FeatureCode><FeatureReferenceName>Removes more plaque between teeth</FeatureReferenceName><FeatureName>Removes more plaque between te</FeatureName><FeatureLongDescription>Removes more plaque between teeth</FeatureLongDescription><FeatureRank>1</FeatureRank><FeatureTopRank>1</FeatureTopRank></Feature><Feature><FeatureCode>F400052817</FeatureCode><FeatureReferenceName>Better gum health</FeatureReferenceName><FeatureName>Better gum health</FeatureName><FeatureLongDescription>Helps improve gum health in just two weeks</FeatureLongDescription><FeatureGlossary>Sonicare AirFloss is clinically proven to improve gum health in just two weeks.</FeatureGlossary><FeatureRank>2</FeatureRank><FeatureTopRank>2</FeatureTopRank></Feature><Feature><FeatureCode>F400052818</FeatureCode><FeatureReferenceName>Helps prevent cavities between teeth</FeatureReferenceName><FeatureName>Helps prevent cavities</FeatureName><FeatureLongDescription>Helps prevent cavities between teeth</FeatureLongDescription><FeatureGlossary>By gently bursting away plaque that brushing missed, Sonicare AirFloss helps prevent cavities from forming in the spaces between your teeth.</FeatureGlossary><FeatureRank>3</FeatureRank><FeatureTopRank>3</FeatureTopRank></Feature><Feature><FeatureCode>F400052812</FeatureCode><FeatureReferenceName>30 Second Clean</FeatureReferenceName><FeatureName>30 Second Clean</FeatureName><FeatureLongDescription>Cleans your entire mouth in just 30 seconds</FeatureLongDescription><FeatureGlossary>With the AirFloss, cleaning your entire mouth takes just 30 seconds. Simply press the button once for a single burst, then move and repeat. To use the new auto-burst feature, hold down the button and move the guidance tip from space to space. It will automatically burst every second.</FeatureGlossary><FeatureRank>4</FeatureRank><FeatureTopRank>7</FeatureTopRank></Feature></KeyBenefitArea><KeyBenefitArea><KeyBenefitAreaCode>K4001231</KeyBenefitAreaCode><KeyBenefitAreaName>Superior technology</KeyBenefitAreaName><KeyBenefitAreaRank>2</KeyBenefitAreaRank><Feature><FeatureCode>F400069671</FeatureCode><FeatureReferenceName>Air and micro-droplet tech [Airfloss Pro/Ultra]</FeatureReferenceName><FeatureName>Micro-droplet technology</FeatureName><FeatureLongDescription>Air and micro-droplet technology</FeatureLongDescription><FeatureGlossary>Our clinically-proven results are possible from our unique technology that combines air and mouthwash or water to powerfully yet gently clean between teeth and along the gumline.</FeatureGlossary><FeatureRank>1</FeatureRank><FeatureTopRank>8</FeatureTopRank></Feature></KeyBenefitArea><KeyBenefitArea><KeyBenefitAreaCode>K4029722</KeyBenefitAreaCode><KeyBenefitAreaName>The easiest way to effectively clean between teeth</KeyBenefitAreaName><KeyBenefitAreaRank>3</KeyBenefitAreaRank><Feature><FeatureCode>F400069677</FeatureCode><FeatureReferenceName>Fresh and clean with mouthwash [Airfloss Pro/Ultra]</FeatureReferenceName><FeatureName>Fresh &amp; clean with mouthwash</FeatureName><FeatureLongDescription>Total daily confidence of a fresh and clean mouth</FeatureLongDescription><FeatureGlossary>Fill the reservoir on the handle with either mouthwash or water, then point and press. Use with mouthwash for the ultimate fresh experience and anti-microbial benefits.</FeatureGlossary><FeatureRank>2</FeatureRank><FeatureTopRank>4</FeatureTopRank></Feature><Feature><FeatureCode>F400079393</FeatureCode><FeatureReferenceName>Up to 2 weeks of mouth wash [AirFloss Pro/Ultra w/station]</FeatureReferenceName><FeatureName>Up to 2 weeks of mouth wash</FeatureName><FeatureLongDescription>Holds up to 2 weeks of mouth wash</FeatureLongDescription><FeatureGlossary>No more need to deal with daily handle spilling from a bottle or worry about spills. The Fill and Charge station holds several weeks of mouth wash to simplify your daily routine.</FeatureGlossary><FeatureRank>4</FeatureRank><FeatureTopRank>5</FeatureTopRank></Feature><Feature><FeatureCode>F400079392</FeatureCode><FeatureReferenceName>Fills in less than 10 seconds [AirFloss Pro/Ultra w/station]</FeatureReferenceName><FeatureName>Fills in less than 10 seconds</FeatureName><FeatureLongDescription>Automatically fills in less than 10 seconds</FeatureLongDescription><FeatureGlossary>When you dock your handle, the Fill and Charge station quickly fills the handle with mouth wash. No more juggling bottles and worrying about spills.</FeatureGlossary><FeatureRank>1</FeatureRank><FeatureTopRank>6</FeatureTopRank></Feature><Feature><FeatureCode>F400079394</FeatureCode><FeatureReferenceName>Keeps your handle charged [AirFloss Pro/Ultra with station]</FeatureReferenceName><FeatureName>Keeps your handle charged</FeatureName><FeatureLongDescription>Keeps your handle charged</FeatureLongDescription><FeatureGlossary>The Fill and Charge station keeps your docked handle charged and also works with many Philips Sonicare toothbrush handles as well.</FeatureGlossary><FeatureRank>3</FeatureRank><FeatureTopRank>9</FeatureTopRank></Feature></KeyBenefitArea><FeatureImage><FeatureCode>F400052745</FeatureCode><FeatureReferenceName>Removes more plaque between teeth</FeatureReferenceName><FeatureImageRank>1</FeatureImageRank></FeatureImage><FeatureImage><FeatureCode>F400052817</FeatureCode><FeatureReferenceName>Better gum health</FeatureReferenceName><FeatureImageRank>2</FeatureImageRank></FeatureImage><FeatureImage><FeatureCode>F400052818</FeatureCode><FeatureReferenceName>Helps prevent cavities between teeth</FeatureReferenceName><FeatureImageRank>3</FeatureImageRank></FeatureImage><FeatureImage><FeatureCode>F400069677</FeatureCode><FeatureReferenceName>Fresh and clean with mouthwash [Airfloss Pro/Ultra]</FeatureReferenceName><FeatureImageRank>4</FeatureImageRank></FeatureImage><FeatureImage><FeatureCode>F400079393</FeatureCode><FeatureReferenceName>Up to 2 weeks of mouth wash [AirFloss Pro/Ultra w/station]</FeatureReferenceName><FeatureImageRank>5</FeatureImageRank></FeatureImage><FeatureImage><FeatureCode>F400079392</FeatureCode><FeatureReferenceName>Fills in less than 10 seconds [AirFloss Pro/Ultra w/station]</FeatureReferenceName><FeatureImageRank>6</FeatureImageRank></FeatureImage><FeatureImage><FeatureCode>F400052812</FeatureCode><FeatureReferenceName>30 Second Clean</FeatureReferenceName><FeatureImageRank>7</FeatureImageRank></FeatureImage><FeatureImage><FeatureCode>F400069671</FeatureCode><FeatureReferenceName>Air and micro-droplet tech [Airfloss Pro/Ultra]</FeatureReferenceName><FeatureImageRank>8</FeatureImageRank></FeatureImage><FeatureImage><FeatureCode>F400079394</FeatureCode><FeatureReferenceName>Keeps your handle charged [AirFloss Pro/Ultra with station]</FeatureReferenceName><FeatureImageRank>9</FeatureImageRank></FeatureImage><FeatureHighlight><FeatureCode>F400052745</FeatureCode><FeatureReferenceName>Removes more plaque between teeth</FeatureReferenceName><FeatureHighlightRank>1</FeatureHighlightRank></FeatureHighlight><FeatureHighlight><FeatureCode>F400052817</FeatureCode><FeatureReferenceName>Better gum health</FeatureReferenceName><FeatureHighlightRank>2</FeatureHighlightRank></FeatureHighlight><FeatureHighlight><FeatureCode>F400052818</FeatureCode><FeatureReferenceName>Helps prevent cavities between teeth</FeatureReferenceName><FeatureHighlightRank>3</FeatureHighlightRank></FeatureHighlight><FeatureHighlight><FeatureCode>F400069677</FeatureCode><FeatureReferenceName>Fresh and clean with mouthwash [Airfloss Pro/Ultra]</FeatureReferenceName><FeatureHighlightRank>4</FeatureHighlightRank></FeatureHighlight><FeatureHighlight><FeatureCode>F400079393</FeatureCode><FeatureReferenceName>Up to 2 weeks of mouth wash [AirFloss Pro/Ultra w/station]</FeatureReferenceName><FeatureHighlightRank>5</FeatureHighlightRank></FeatureHighlight><FeatureHighlight><FeatureCode>F400079392</FeatureCode><FeatureReferenceName>Fills in less than 10 seconds [AirFloss Pro/Ultra w/station]</FeatureReferenceName><FeatureHighlightRank>6</FeatureHighlightRank></FeatureHighlight><FeatureHighlight><FeatureCode>F400052812</FeatureCode><FeatureReferenceName>30 Second Clean</FeatureReferenceName><FeatureHighlightRank>7</FeatureHighlightRank></FeatureHighlight><FeatureHighlight><FeatureCode>F400069671</FeatureCode><FeatureReferenceName>Air and micro-droplet tech [Airfloss Pro/Ultra]</FeatureReferenceName><FeatureHighlightRank>8</FeatureHighlightRank></FeatureHighlight><FeatureHighlight><FeatureCode>F400079394</FeatureCode><FeatureReferenceName>Keeps your handle charged [AirFloss Pro/Ultra with station]</FeatureReferenceName><FeatureHighlightRank>9</FeatureHighlightRank></FeatureHighlight><CSChapter><CSChapterCode>CH4001524</CSChapterCode><CSChapterName>Ease of use</CSChapterName><CSChapterRank>1</CSChapterRank><CSItem><CSItemCode>IT4015670</CSItemCode><CSItemName>Handle</CSItemName><CSItemRank>1</CSItemRank><CSItemIsFreeFormat>0</CSItemIsFreeFormat><CSValue><CSValueCode>VA4031284</CSValueCode><CSValueName>Slim ergonomic design</CSValueName><CSValueRank>8</CSValueRank></CSValue></CSItem><CSItem><CSItemCode>IT4015669</CSItemCode><CSItemName>Battery indicator</CSItemName><CSItemRank>2</CSItemRank><CSItemIsFreeFormat>0</CSItemIsFreeFormat><CSValue><CSValueCode>VA4066068</CSValueCode><CSValueName>Flashing indicates low battery</CSValueName><CSValueRank>13</CSValueRank></CSValue></CSItem><CSItem><CSItemCode>IT4028255</CSItemCode><CSItemName>Battery Life</CSItemName><CSItemRank>3</CSItemRank><CSItemIsFreeFormat>0</CSItemIsFreeFormat><CSValue><CSValueCode>VA4075881</CSValueCode><CSValueName>Up to 3 wks when fully charged</CSValueName><CSValueRank>16</CSValueRank></CSValue></CSItem><CSItem><CSItemCode>IT4028253</CSItemCode><CSItemName>Nozzle system</CSItemName><CSItemRank>4</CSItemRank><CSItemIsFreeFormat>0</CSItemIsFreeFormat><CSValue><CSValueCode>VA4066066</CSValueCode><CSValueName>Easily snaps on and off</CSValueName><CSValueRank>15</CSValueRank></CSValue></CSItem></CSChapter><CSChapter><CSChapterCode>3000956</CSChapterCode><CSChapterName>Technical specifications</CSChapterName><CSChapterRank>2</CSChapterRank><CSItem><CSItemCode>IT4015617</CSItemCode><CSItemName>Battery</CSItemName><CSItemRank>1</CSItemRank><CSItemIsFreeFormat>0</CSItemIsFreeFormat><CSValue><CSValueCode>VA4031164</CSValueCode><CSValueName>Rechargeable</CSValueName><CSValueRank>4</CSValueRank></CSValue></CSItem><CSItem><CSItemCode>IT4015616</CSItemCode><CSItemName>Operating time</CSItemName><CSItemRank>2</CSItemRank><CSItemIsFreeFormat>0</CSItemIsFreeFormat><CSValue><CSValueCode>VA4038581</CSValueCode><CSValueName>Replace nozzle every 6 months</CSValueName><CSValueRank>7</CSValueRank></CSValue></CSItem><CSItem><CSItemCode>IT4017634</CSItemCode><CSItemName>Battery type</CSItemName><CSItemRank>3</CSItemRank><CSItemIsFreeFormat>0</CSItemIsFreeFormat><CSValue><CSValueCode>VA4060246</CSValueCode><CSValueName>Lithium ION</CSValueName><CSValueRank>2</CSValueRank></CSValue></CSItem><CSItem><CSItemCode>IT4028258</CSItemCode><CSItemName>Charge time</CSItemName><CSItemRank>4</CSItemRank><CSItemIsFreeFormat>0</CSItemIsFreeFormat><CSValue><CSValueCode>VA4066076</CSValueCode><CSValueName>24 hours to full charge</CSValueName><CSValueRank>12</CSValueRank></CSValue></CSItem></CSChapter><CSChapter><CSChapterCode>3000821</CSChapterCode><CSChapterName>Power</CSChapterName><CSChapterRank>3</CSChapterRank><CSItem><CSItemCode>IT4015625</CSItemCode><CSItemName>Voltage</CSItemName><CSItemRank>1</CSItemRank><CSItemIsFreeFormat>0</CSItemIsFreeFormat><CSValue><CSValueCode>VA4031182</CSValueCode><CSValueName>Multi-voltage charger</CSValueName><CSValueRank>17</CSValueRank></CSValue></CSItem></CSChapter><CSChapter><CSChapterCode>CHA_0000049</CSChapterCode><CSChapterName>Service</CSChapterName><CSChapterRank>4</CSChapterRank><CSItem><CSItemCode>IT4015672</CSItemCode><CSItemName>Warranty</CSItemName><CSItemRank>1</CSItemRank><CSItemIsFreeFormat>0</CSItemIsFreeFormat><CSValue><CSValueCode>VA4031299</CSValueCode><CSValueName>2-year limited warranty</CSValueName><CSValueRank>1</CSValueRank></CSValue></CSItem></CSChapter><CSChapter><CSChapterCode>CH4002821</CSChapterCode><CSChapterName>Items included</CSChapterName><CSChapterRank>5</CSChapterRank><CSItem><CSItemCode>IT4017675</CSItemCode><CSItemName>AirFloss Handle</CSItemName><CSItemRank>1</CSItemRank><CSItemIsFreeFormat>0</CSItemIsFreeFormat><CSValue><CSValueCode>VA4038396</CSValueCode><CSValueName>1</CSValueName><CSValueRank>6</CSValueRank></CSValue></CSItem><CSItem><CSItemCode>IT4017676</CSItemCode><CSItemName>AirFloss Nozzle</CSItemName><CSItemRank>2</CSItemRank><CSItemIsFreeFormat>0</CSItemIsFreeFormat><CSValue><CSValueCode>VA4038397</CSValueCode><CSValueName>1</CSValueName><CSValueRank>9</CSValueRank></CSValue></CSItem><CSItem><CSItemCode>IT4015626</CSItemCode><CSItemName>Charger</CSItemName><CSItemRank>3</CSItemRank><CSItemIsFreeFormat>0</CSItemIsFreeFormat><CSValue><CSValueCode>VA4083983</CSValueCode><CSValueName>1</CSValueName><CSValueRank>14</CSValueRank></CSValue></CSItem><CSItem><CSItemCode>IT4041762</CSItemCode><CSItemName>Fill &amp; Charge station</CSItemName><CSItemRank>4</CSItemRank><CSItemIsFreeFormat>0</CSItemIsFreeFormat><CSValue><CSValueCode>VA4096870</CSValueCode><CSValueName>1</CSValueName><CSValueRank>3</CSValueRank></CSValue></CSItem></CSChapter><CSChapter><CSChapterCode>CH4002822</CSChapterCode><CSChapterName>Cleaning performance</CSChapterName><CSChapterRank>6</CSChapterRank><CSItem><CSItemCode>IT4015661</CSItemCode><CSItemName>Performance</CSItemName><CSItemRank>1</CSItemRank><CSItemIsFreeFormat>0</CSItemIsFreeFormat><CSValue><CSValueCode>VA4066062</CSValueCode><CSValueName>Removes up to 5x more plaque*</CSValueName><CSValueRank>5</CSValueRank></CSValue></CSItem><CSItem><CSItemCode>IT4015663</CSItemCode><CSItemName>Health benefits</CSItemName><CSItemRank>2</CSItemRank><CSItemIsFreeFormat>0</CSItemIsFreeFormat><CSValue><CSValueCode>VA4031267</CSValueCode><CSValueName>Improves gum health in only two weeks</CSValueName><CSValueRank>19</CSValueRank></CSValue></CSItem><CSItem><CSItemCode>IT4028251</CSItemCode><CSItemName>Auto-burst feature</CSItemName><CSItemRank>3</CSItemRank><CSItemIsFreeFormat>0</CSItemIsFreeFormat><CSValue><CSValueCode>VA4066064</CSValueCode><CSValueName>Cleans entire mouth in 30 sec</CSValueName><CSValueRank>10</CSValueRank></CSValue></CSItem><CSItem><CSItemCode>IT4028252</CSItemCode><CSItemName>Nozzles</CSItemName><CSItemRank>4</CSItemRank><CSItemIsFreeFormat>0</CSItemIsFreeFormat><CSValue><CSValueCode>VA4066065</CSValueCode><CSValueName>Best results change every 6mos</CSValueName><CSValueRank>11</CSValueRank></CSValue></CSItem></CSChapter><CSChapter><CSChapterCode>CHA_0000017</CSChapterCode><CSChapterName>Design specifications</CSChapterName><CSChapterRank>7</CSChapterRank><CSItem><CSItemCode>IT4008100</CSItemCode><CSItemName>Color(s)</CSItemName><CSItemRank>1</CSItemRank><CSItemIsFreeFormat>0</CSItemIsFreeFormat><CSValue><CSValueCode>VA4020260</CSValueCode><CSValueName>White with green accents</CSValueName><CSValueRank>18</CSValueRank></CSValue></CSItem></CSChapter><Filters><Purpose type="Comparison"><Features><Feature code="F400052745" rank="1" referenceName="Removes more plaque between teeth"/><Feature code="F400052817" rank="2" referenceName="Better gum health"/><Feature code="F400052818" rank="3" referenceName="Helps prevent cavities between teeth"/><Feature code="F400069677" rank="4" referenceName="Fresh and clean with mouthwash [Airfloss Pro/Ultra]"/><Feature code="F400079393" rank="5" referenceName="Up to 2 weeks of mouth wash [AirFloss Pro/Ultra w/station]"/><Feature code="F400079392" rank="6" referenceName="Fills in less than 10 seconds [AirFloss Pro/Ultra w/station]"/><Feature code="F400052812" rank="7" referenceName="30 Second Clean"/><Feature code="F400069671" rank="8" referenceName="Air and micro-droplet tech [Airfloss Pro/Ultra]"/><Feature code="F400079394" rank="9" referenceName="Keeps your handle charged [AirFloss Pro/Ultra with station]"/></Features><CSItems><CSItem code="IT4015670" rank="1" referenceName="Ease of use - Handle"/><CSItem code="IT4015617" rank="1" referenceName="Technical specifications - Battery"/><CSItem code="IT4015625" rank="1" referenceName="Power - Voltage"/><CSItem code="IT4015672" rank="1" referenceName="Service - Warranty"/><CSItem code="IT4017675" rank="1" referenceName="Items included - AirFloss Handle"/><CSItem code="IT4015661" rank="1" referenceName="Cleaning performance - Performance"/><CSItem code="IT4008100" rank="1" referenceName="Design specifications - Color(s)"/><CSItem code="IT4015669" rank="2" referenceName="Ease of use - Battery indicator"/><CSItem code="IT4015616" rank="2" referenceName="Technical specifications - Operating time"/><CSItem code="IT4017676" rank="2" referenceName="Items included - AirFloss Nozzle"/><CSItem code="IT4015663" rank="2" referenceName="Cleaning performance - Health benefits"/><CSItem code="IT4028255" rank="3" referenceName="Ease of use - Battery Life"/><CSItem code="IT4017634" rank="3" referenceName="Technical specifications - Battery type"/><CSItem code="IT4015626" rank="3" referenceName="Items included - Charger"/><CSItem code="IT4028251" rank="3" referenceName="Cleaning performance - Auto-burst feature"/><CSItem code="IT4028253" rank="4" referenceName="Ease of use - Nozzle system"/><CSItem code="IT4028258" rank="4" referenceName="Technical specifications - Charge time"/><CSItem code="IT4041762" rank="4" referenceName="Items included - Fill &amp; Charge station"/><CSItem code="IT4028252" rank="4" referenceName="Cleaning performance - Nozzles"/></CSItems></Purpose><Purpose type="Detail"><Features><Feature code="F400052745" rank="1" referenceName="Removes more plaque between teeth"/><Feature code="F400052817" rank="2" referenceName="Better gum health"/><Feature code="F400052818" rank="3" referenceName="Helps prevent cavities between teeth"/><Feature code="F400069677" rank="4" referenceName="Fresh and clean with mouthwash [Airfloss Pro/Ultra]"/><Feature code="F400079393" rank="5" referenceName="Up to 2 weeks of mouth wash [AirFloss Pro/Ultra w/station]"/><Feature code="F400079392" rank="6" referenceName="Fills in less than 10 seconds [AirFloss Pro/Ultra w/station]"/><Feature code="F400052812" rank="7" referenceName="30 Second Clean"/><Feature code="F400069671" rank="8" referenceName="Air and micro-droplet tech [Airfloss Pro/Ultra]"/><Feature code="F400079394" rank="9" referenceName="Keeps your handle charged [AirFloss Pro/Ultra with station]"/></Features><CSItems><CSItem code="IT4015670" rank="1" referenceName="Ease of use - Handle"/><CSItem code="IT4015617" rank="1" referenceName="Technical specifications - Battery"/><CSItem code="IT4015625" rank="1" referenceName="Power - Voltage"/><CSItem code="IT4015672" rank="1" referenceName="Service - Warranty"/><CSItem code="IT4017675" rank="1" referenceName="Items included - AirFloss Handle"/><CSItem code="IT4015661" rank="1" referenceName="Cleaning performance - Performance"/><CSItem code="IT4008100" rank="1" referenceName="Design specifications - Color(s)"/><CSItem code="IT4015669" rank="2" referenceName="Ease of use - Battery indicator"/><CSItem code="IT4015616" rank="2" referenceName="Technical specifications - Operating time"/><CSItem code="IT4017676" rank="2" referenceName="Items included - AirFloss Nozzle"/><CSItem code="IT4015663" rank="2" referenceName="Cleaning performance - Health benefits"/><CSItem code="IT4028255" rank="3" referenceName="Ease of use - Battery Life"/><CSItem code="IT4017634" rank="3" referenceName="Technical specifications - Battery type"/><CSItem code="IT4015626" rank="3" referenceName="Items included - Charger"/><CSItem code="IT4028251" rank="3" referenceName="Cleaning performance - Auto-burst feature"/><CSItem code="IT4028253" rank="4" referenceName="Ease of use - Nozzle system"/><CSItem code="IT4028258" rank="4" referenceName="Technical specifications - Charge time"/><CSItem code="IT4041762" rank="4" referenceName="Items included - Fill &amp; Charge station"/><CSItem code="IT4028252" rank="4" referenceName="Cleaning performance - Nozzles"/></CSItems></Purpose></Filters><FeatureCompareGroups/><Disclaimers><Disclaimer code="DIS40006721" rank="1" referenceName="than a manual toothbrush [BMW]"><DisclaimerText>than a manual toothbrush</DisclaimerText><DisclaimElements/></Disclaimer></Disclaimers><ProductReference ProductReferenceType="Accessory"><CTN>CRP239/01</CTN><ProductReferenceRank>0</ProductReferenceRank></ProductReference><ProductReference ProductReferenceType="Accessory"><CTN>CRP241/01</CTN><ProductReferenceRank>0</ProductReferenceRank></ProductReference><RichTexts/></Product></Products>