<?xml version="1.0" encoding="UTF-8"?><Products xmlns:source="http://apache.org/cocoon/source/1.0" DocStatus="approved" DocTimeStamp="2018-10-23T21:15:06"><Product Country="US" IsAccessory="false" IsMaster="false" Locale="en_US" lastModified="2018-10-23T04:30:06" masterLastModified="2018-10-20T00:22:27"><CTN>SCF348/01</CTN><GTIN>00075020082787</GTIN><MarketingVersion>4.0.1</MarketingVersion><MarketingStatus>Final Published</MarketingStatus><CRDate>2018-06-29</CRDate><CRDateYW>201826</CRDateYW><ModelYears><ModelYear>2018</ModelYear></ModelYears><ProductDivision><ProductDivisionCode>0200</ProductDivisionCode><ProductDivisionName>Consumer Lifestyle</ProductDivisionName><FormerPDCode>0300</FormerPDCode></ProductDivision><ProductOwner>Mireille Verhoeven</ProductOwner><DTN>SCF348/01</DTN><Catalog><StartOfPublication>2018-10-01T00:00:00</StartOfPublication><EndOfPublication>2028-07-29T00:00:00</EndOfPublication><StartOfSales>2018-10-01T00:00:00</StartOfSales><EndOfSales>2028-07-29T00:00:00</EndOfSales><DummyPrice>15.99</DummyPrice><Deleted>false</Deleted><DeleteAfterDate/><ProductRank>50</ProductRank></Catalog><FinancialCategorization><BusinessGroupCode>9050</BusinessGroupCode><BusinessGroupName>Health &amp; Wellness</BusinessGroupName><BusinessUnitCode>0362</BusinessUnitCode><BusinessUnitName>Mother &amp; Child Care</BusinessUnitName><MainArticleGroupCode>E42</MainArticleGroupCode><MainArticleGroupName>Comforting</MainArticleGroupName><ArticleGroupCode>3192</ArticleGroupCode><ArticleGroupName>Soothers</ArticleGroupName></FinancialCategorization><Categorization type="CONSUMER"><GroupCode>MOTHER_AND_CHILD_CARE_GR</GroupCode><GroupName>Mother &amp; child care</GroupName><CategoryCode>PACIFIERS_CA</CategoryCode><CategoryName>Pacifiers</CategoryName><SubcategoryCode>PACIFIERS_SU</SubcategoryCode><SubcategoryName>Pacifiers</SubcategoryName></Categorization><Assets><Asset code="SCF348_01" description="Leaflet" extension="pdf" lastModified="2018-10-21" locale="en_US" number="001" type="PSS">http://download.p4c.philips.com/files/s/scf348_01/scf348_01_pss_aenus.pdf</Asset><Asset code="SCF348_01" description="Retail Trade Leaflet" extension="pdf" lastModified="2018-10-07" locale="en_US" number="001" type="RTL">http://download.p4c.philips.com/files/s/scf348_01/scf348_01_rtl_aenus.pdf</Asset><Asset code="SCF348_01" description="Leaflet" extension="pdf" lastModified="2018-10-21" locale="global" number="001" type="PSS">http://download.p4c.philips.com/files/s/scf348_01/scf348_01_pss_.pdf</Asset><Asset code="SCF348_01" description="Standard product photograph - highres 2196x1795" extension="tif" lastModified="2018-08-10" locale="global" number="001" type="RTP">http://images.philips.com/is/image/PhilipsConsumer/SCF348_01-RTP-global-001</Asset><Asset code="SCF348_01" description="Single product shot" extension="" lastModified="2018-10-23" locale="en_US" number="" type="IMS">http://images.philips.com/is/image/PhilipsConsumer/SCF348_01-IMS-en_US</Asset><Asset code="SCF348_01" description="Product gallery image set" extension="" lastModified="2018-10-23" locale="en_US" number="" type="GAL">http://images.philips.com/is/image/PhilipsConsumer/SCF348_01-GAL-en_US</Asset><Asset code="SCF348_01" description="Product URL" extension="" lastModified="2018-10-23" locale="en_US" number="" type="URL">http://www.usa.philips.com/c-p/SCF348_01/avent-ultra-soft-snuggle</Asset></Assets><ProductName>Toy and ultra soft pacifier 0m+ ultra soft snuggle</ProductName><FullProductName>Philips Avent ultra soft snuggle SCF348/01 Toy and ultra soft pacifier 0m+ Orthodontic &amp; BPA-Free 1x snuggle &amp; 1x 0-6M pacifier</FullProductName><NamingString><MasterBrand><BrandCode>PHI</BrandCode><BrandName>Philips</BrandName></MasterBrand><Partner><PartnerBrand><BrandCode>AVE</BrandCode><BrandName>Avent</BrandName></PartnerBrand><PartnerBrandType>MakersMark</PartnerBrandType></Partner><BrandString>Philips Avent</BrandString><Descriptor><DescriptorCode>D4031099</DescriptorCode><DescriptorName>ultra soft snuggle</DescriptorName></Descriptor><Alphanumeric>SCF348/01</Alphanumeric><VersionElement1><VersionElementCode>V4046870</VersionElementCode><VersionElementName>Toy and ultra soft pacifier</VersionElementName></VersionElement1><VersionElement2><VersionElementCode>V4005487</VersionElementCode><VersionElementName>0m+</VersionElementName></VersionElement2><VersionElement3><VersionElementCode>V4039342</VersionElementCode><VersionElementName>Orthodontic &amp; BPA-Free</VersionElementName></VersionElement3><VersionElement4><VersionElementCode>V4046871</VersionElementCode><VersionElementName>1x snuggle &amp; 1x 0-6M pacifier</VersionElementName></VersionElement4><VersionString>Toy and ultra soft pacifier 0m+ Orthodontic &amp; BPA-Free 1x snuggle &amp; 1x 0-6M pacifier</VersionString><BrandedFeatureString/><DescriptorBrandedFeatureString>ultra soft snuggle</DescriptorBrandedFeatureString></NamingString><WOW>Baby’s first friend</WOW><SubWOW>Includes ultra soft pacifier</SubWOW><MarketingTextHeader>Philips Avent ultra soft snuggle is a plush toy with ultra soft pacifier. It is soft and lightly weighted to help make babies feel secure. The plush toy and pacifier detach for easy cleaning. It's easy for parents and baby to find and hold.</MarketingTextHeader><KeyBenefitArea><KeyBenefitAreaCode>K4035835</KeyBenefitAreaCode><KeyBenefitAreaName>Includes ultra soft pacifier</KeyBenefitAreaName><KeyBenefitAreaRank>1</KeyBenefitAreaRank><Feature><FeatureCode>F400087816</FeatureCode><FeatureReferenceName>Includes ultra soft pacifier (Lana - ultra soft)</FeatureReferenceName><FeatureName>Includes ultra soft pacifier</FeatureName><FeatureLongDescription>Cuddly soft plush toy included with ultra soft pacifier</FeatureLongDescription><FeatureGlossary>Cuddly soft plush toy included with our ultra soft pacifier. Made of flexible silicone, it’s soft on baby’s delicate skin and designed to prevent skin marks.</FeatureGlossary><FeatureRank>1</FeatureRank><FeatureTopRank>1</FeatureTopRank></Feature><Feature><FeatureCode>F400087817</FeatureCode><FeatureReferenceName>Soft, flexible shield (Lana - ultra soft)</FeatureReferenceName><FeatureName>Soft, flexible shield</FeatureName><FeatureLongDescription>Soft flexible shield for more comfort and fewer skin marks*</FeatureLongDescription><FeatureGlossary>To help protect delicate skin, our ultra soft flexible shield follows the shape of baby’s cheeks. It leaves fewer marks and less irritation so that babies can enjoy a more comfortable soothing experience.</FeatureGlossary><FeatureRank>2</FeatureRank><FeatureTopRank>2</FeatureTopRank></Feature><Feature><FeatureCode>F400087818</FeatureCode><FeatureReferenceName>98% accept silicone nipples (Lana - ultra soft)</FeatureReferenceName><FeatureName>98% nipple acceptance</FeatureName><FeatureLongDescription>98% of babies accept the textured silicone nipple*</FeatureLongDescription><FeatureGlossary>Babies know what they like! We asked moms how their little ones respond to our textured silicone nipples and 98% said that their babies accept the Philips Avent ultra soft pacifiers.</FeatureGlossary><FeatureRank>3</FeatureRank><FeatureTopRank>3</FeatureTopRank></Feature></KeyBenefitArea><KeyBenefitArea><KeyBenefitAreaCode>KBA_0000013</KeyBenefitAreaCode><KeyBenefitAreaName>Easy to clean</KeyBenefitAreaName><KeyBenefitAreaRank>2</KeyBenefitAreaRank><Feature><FeatureCode>F400087819</FeatureCode><FeatureReferenceName>Detaches for easy cleaning (Lana - ultra soft)</FeatureReferenceName><FeatureName>Detaches for easy cleaning</FeatureName><FeatureLongDescription>Detachable for easy cleaning</FeatureLongDescription><FeatureGlossary>Plush toy easily detaches from ultra soft pacifier and both are easy to clean.</FeatureGlossary><FeatureRank>1</FeatureRank><FeatureTopRank>4</FeatureTopRank></Feature><Feature><FeatureCode>F400087821</FeatureCode><FeatureReferenceName>Easily cleaned and sterilized (Lana - ultra soft)</FeatureReferenceName><FeatureName>Easily cleaned and sterilized</FeatureName><FeatureLongDescription>The pacifier can be cleaned and sterilized separately</FeatureLongDescription><FeatureGlossary>Plush toy can be machine or hand washed. ultra soft pacifier can be cleaned in dishwasher, a sterilizer or in boiling water. Feel good knowing it is always clean and safe for your little one.</FeatureGlossary><FeatureRank>2</FeatureRank><FeatureTopRank>5</FeatureTopRank></Feature></KeyBenefitArea><KeyBenefitArea><KeyBenefitAreaCode>K4035541</KeyBenefitAreaCode><KeyBenefitAreaName>Designed with baby's comfort in mind</KeyBenefitAreaName><KeyBenefitAreaRank>3</KeyBenefitAreaRank><Feature><FeatureCode>F400087823</FeatureCode><FeatureReferenceName>Easy to find (Lana - ultra soft)</FeatureReferenceName><FeatureName>Easy to find</FeatureName><FeatureLongDescription>Helps you and baby find the pacifier</FeatureLongDescription><FeatureGlossary>No more hunting and searching for pacifiers! The plush toy makes the pacifier easy to find.</FeatureGlossary><FeatureRank>1</FeatureRank><FeatureTopRank>6</FeatureTopRank></Feature><Feature><FeatureCode>F400087824</FeatureCode><FeatureReferenceName>Helps keep pacifier in place (Lana - ultra soft)</FeatureReferenceName><FeatureName>Helps keep pacifier in place</FeatureName><FeatureLongDescription>Plush toy helps keep ultra soft pacifier in place</FeatureLongDescription><FeatureGlossary>Plush toy is soft and lightly weighted, which helps keep ultra soft pacifier close to baby. This helps keep it and the pacifier in place while keeping baby company.</FeatureGlossary><FeatureRank>2</FeatureRank><FeatureTopRank>7</FeatureTopRank></Feature><Feature><FeatureCode>F400086841_SCF348_01</FeatureCode><FeatureReferenceName>Fits Philips Avent pacifiers (Lana - Plush toy)</FeatureReferenceName><FeatureName>Fits Philips Avent pacifiers</FeatureName><FeatureLongDescription>Plush toy is compatible with all Philips Avent pacifiers</FeatureLongDescription><FeatureGlossary>Plush toy is compatible with all Philips Avent Soothies and pacifiers, so you can mix and match and create the product that is right for baby.</FeatureGlossary><FeatureRank>3</FeatureRank><FeatureTopRank>8</FeatureTopRank></Feature></KeyBenefitArea><KeyBenefitArea><KeyBenefitAreaCode>K4035542</KeyBenefitAreaCode><KeyBenefitAreaName>Soft, cute, and friendly</KeyBenefitAreaName><KeyBenefitAreaRank>4</KeyBenefitAreaRank><Feature><FeatureCode>F400087082_SCF348_01</FeatureCode><FeatureReferenceName>A little buddy for your baby (Lana - Plush toy)</FeatureReferenceName><FeatureName>A little buddy for baby</FeatureName><FeatureLongDescription>Pick your favorite or collect all four adorable characters</FeatureLongDescription><FeatureGlossary>Plush toy is a friendly first companion for baby. Choose from four adorable characters: giraffe, monkey, elephant or seal.</FeatureGlossary><FeatureRank>1</FeatureRank><FeatureTopRank>9</FeatureTopRank></Feature></KeyBenefitArea><FeatureImage><FeatureCode>F400087816</FeatureCode><FeatureReferenceName>Includes ultra soft pacifier (Lana - ultra soft)</FeatureReferenceName><FeatureImageRank>1</FeatureImageRank></FeatureImage><FeatureImage><FeatureCode>F400087817</FeatureCode><FeatureReferenceName>Soft, flexible shield (Lana - ultra soft)</FeatureReferenceName><FeatureImageRank>2</FeatureImageRank></FeatureImage><FeatureImage><FeatureCode>F400087818</FeatureCode><FeatureReferenceName>98% accept silicone nipples (Lana - ultra soft)</FeatureReferenceName><FeatureImageRank>3</FeatureImageRank></FeatureImage><FeatureImage><FeatureCode>F400087819</FeatureCode><FeatureReferenceName>Detaches for easy cleaning (Lana - ultra soft)</FeatureReferenceName><FeatureImageRank>4</FeatureImageRank></FeatureImage><FeatureImage><FeatureCode>F400087821</FeatureCode><FeatureReferenceName>Easily cleaned and sterilized (Lana - ultra soft)</FeatureReferenceName><FeatureImageRank>5</FeatureImageRank></FeatureImage><FeatureImage><FeatureCode>F400087823</FeatureCode><FeatureReferenceName>Easy to find (Lana - ultra soft)</FeatureReferenceName><FeatureImageRank>6</FeatureImageRank></FeatureImage><FeatureImage><FeatureCode>F400087824</FeatureCode><FeatureReferenceName>Helps keep pacifier in place (Lana - ultra soft)</FeatureReferenceName><FeatureImageRank>7</FeatureImageRank></FeatureImage><FeatureImage><FeatureCode>F400086841_SCF348_01</FeatureCode><FeatureReferenceName>Fits Philips Avent pacifiers (Lana - Plush toy)</FeatureReferenceName><FeatureImageRank>8</FeatureImageRank></FeatureImage><FeatureImage><FeatureCode>F400087082_SCF348_01</FeatureCode><FeatureReferenceName>A little buddy for your baby (Lana - Plush toy)</FeatureReferenceName><FeatureImageRank>9</FeatureImageRank></FeatureImage><FeatureHighlight><FeatureCode>F400087816</FeatureCode><FeatureReferenceName>Includes ultra soft pacifier (Lana - ultra soft)</FeatureReferenceName><FeatureHighlightRank>1</FeatureHighlightRank></FeatureHighlight><FeatureHighlight><FeatureCode>F400087817</FeatureCode><FeatureReferenceName>Soft, flexible shield (Lana - ultra soft)</FeatureReferenceName><FeatureHighlightRank>2</FeatureHighlightRank></FeatureHighlight><FeatureHighlight><FeatureCode>F400087818</FeatureCode><FeatureReferenceName>98% accept silicone nipples (Lana - ultra soft)</FeatureReferenceName><FeatureHighlightRank>3</FeatureHighlightRank></FeatureHighlight><FeatureHighlight><FeatureCode>F400087819</FeatureCode><FeatureReferenceName>Detaches for easy cleaning (Lana - ultra soft)</FeatureReferenceName><FeatureHighlightRank>4</FeatureHighlightRank></FeatureHighlight><FeatureHighlight><FeatureCode>F400087821</FeatureCode><FeatureReferenceName>Easily cleaned and sterilized (Lana - ultra soft)</FeatureReferenceName><FeatureHighlightRank>5</FeatureHighlightRank></FeatureHighlight><FeatureHighlight><FeatureCode>F400087823</FeatureCode><FeatureReferenceName>Easy to find (Lana - ultra soft)</FeatureReferenceName><FeatureHighlightRank>6</FeatureHighlightRank></FeatureHighlight><FeatureHighlight><FeatureCode>F400087824</FeatureCode><FeatureReferenceName>Helps keep pacifier in place (Lana - ultra soft)</FeatureReferenceName><FeatureHighlightRank>7</FeatureHighlightRank></FeatureHighlight><FeatureHighlight><FeatureCode>F400086841_SCF348_01</FeatureCode><FeatureReferenceName>Fits Philips Avent pacifiers (Lana - Plush toy)</FeatureReferenceName><FeatureHighlightRank>8</FeatureHighlightRank></FeatureHighlight><FeatureHighlight><FeatureCode>F400087082_SCF348_01</FeatureCode><FeatureReferenceName>A little buddy for your baby (Lana - Plush toy)</FeatureReferenceName><FeatureHighlightRank>9</FeatureHighlightRank></FeatureHighlight><CSChapter><CSChapterCode>CHA_0000106</CSChapterCode><CSChapterName>What is included</CSChapterName><CSChapterRank>1</CSChapterRank><CSItem><CSItemCode>IT4045242</CSItemCode><CSItemName>ultra soft snuggle</CSItemName><CSItemRank>1</CSItemRank><CSItemIsFreeFormat>1</CSItemIsFreeFormat><CSValue><CSValueCode>VA4103881</CSValueCode><CSValueName>1</CSValueName><CSValueRank>1</CSValueRank></CSValue><UnitOfMeasure><UnitOfMeasureCode>4000023</UnitOfMeasureCode><UnitOfMeasureName>-Pieces</UnitOfMeasureName><UnitOfMeasureSymbol>pcs</UnitOfMeasureSymbol></UnitOfMeasure></CSItem><CSItem><CSItemCode>IT4045240</CSItemCode><CSItemName>0-6M ultra soft pacifier</CSItemName><CSItemRank>2</CSItemRank><CSItemIsFreeFormat>1</CSItemIsFreeFormat><CSValue><CSValueCode>VA4103880</CSValueCode><CSValueName>1 pcs</CSValueName><CSValueRank>1</CSValueRank></CSValue></CSItem></CSChapter><CSChapter><CSChapterCode>CHA_0000025</CSChapterCode><CSChapterName>Safety</CSChapterName><CSChapterRank>2</CSChapterRank><CSItem><CSItemCode>IT4042325</CSItemCode><CSItemName>BPA-free</CSItemName><CSItemRank>1</CSItemRank><CSItemIsFreeFormat>0</CSItemIsFreeFormat><CSValue><CSValueCode>VA4097863</CSValueCode><CSValueName>Yes</CSValueName><CSValueRank>6</CSValueRank></CSValue></CSItem></CSChapter><CSChapter><CSChapterCode>CH4005821</CSChapterCode><CSChapterName>Hygiene</CSChapterName><CSChapterRank>3</CSChapterRank><CSItem><CSItemCode>IT4042330</CSItemCode><CSItemName>Easy to clean</CSItemName><CSItemRank>1</CSItemRank><CSItemIsFreeFormat>0</CSItemIsFreeFormat><CSValue><CSValueCode>VA4097868</CSValueCode><CSValueName>Yes</CSValueName><CSValueRank>3</CSValueRank></CSValue></CSItem><CSItem><CSItemCode>IT4045532</CSItemCode><CSItemName>Pacifier can be sterilized</CSItemName><CSItemRank>2</CSItemRank><CSItemIsFreeFormat>0</CSItemIsFreeFormat><CSValue><CSValueCode>VA4104508</CSValueCode><CSValueName>Yes</CSValueName><CSValueRank>2</CSValueRank></CSValue></CSItem><CSItem><CSItemCode>IT4045533</CSItemCode><CSItemName>Pacifier is dishwasher safe</CSItemName><CSItemRank>3</CSItemRank><CSItemIsFreeFormat>0</CSItemIsFreeFormat><CSValue><CSValueCode>VA4104509</CSValueCode><CSValueName>Yes</CSValueName><CSValueRank>5</CSValueRank></CSValue></CSItem><CSItem><CSItemCode>IT4045531</CSItemCode><CSItemName>Plush toy is machine washable</CSItemName><CSItemRank>4</CSItemRank><CSItemIsFreeFormat>0</CSItemIsFreeFormat><CSValue><CSValueCode>VA4104507</CSValueCode><CSValueName>Yes</CSValueName><CSValueRank>1</CSValueRank></CSValue></CSItem></CSChapter><Filters><Purpose type="Comparison"><Features><Feature code="F400087816" rank="1" referenceName="Includes ultra soft pacifier (Lana - ultra soft)"/><Feature code="F400087817" rank="2" referenceName="Soft, flexible shield (Lana - ultra soft)"/><Feature code="F400087818" rank="3" referenceName="98% accept silicone nipples (Lana - ultra soft)"/><Feature code="F400087819" rank="4" referenceName="Detaches for easy cleaning (Lana - ultra soft)"/><Feature code="F400087821" rank="5" referenceName="Easily cleaned and sterilized (Lana - ultra soft)"/><Feature code="F400087823" rank="6" referenceName="Easy to find (Lana - ultra soft)"/><Feature code="F400087824" rank="7" referenceName="Helps keep pacifier in place (Lana - ultra soft)"/><Feature code="F400086841_SCF348_01" rank="8" referenceName="Fits Philips Avent pacifiers (Lana - Plush toy)"/><Feature code="F400087082_SCF348_01" rank="9" referenceName="A little buddy for your baby (Lana - Plush toy)"/></Features><CSItems><CSItem code="IT4045242" rank="1" referenceName="What is included - ultra soft snuggle"/><CSItem code="IT4042325" rank="1" referenceName="Safety - BPA-free"/><CSItem code="IT4042330" rank="1" referenceName="Hygiene - Easy to clean"/><CSItem code="IT4045240" rank="2" referenceName="What is included - 0-6M ultra soft pacifier"/><CSItem code="IT4045532" rank="2" referenceName="Hygiene - Pacifier can be sterilized"/><CSItem code="IT4045533" rank="3" referenceName="Hygiene - Pacifier is dishwasher safe"/><CSItem code="IT4045531" rank="4" referenceName="Hygiene - Plush toy is machine washable"/></CSItems></Purpose><Purpose type="Detail"><Features><Feature code="F400087816" rank="1" referenceName="Includes ultra soft pacifier (Lana - ultra soft)"/><Feature code="F400087817" rank="2" referenceName="Soft, flexible shield (Lana - ultra soft)"/><Feature code="F400087818" rank="3" referenceName="98% accept silicone nipples (Lana - ultra soft)"/><Feature code="F400087819" rank="4" referenceName="Detaches for easy cleaning (Lana - ultra soft)"/><Feature code="F400087821" rank="5" referenceName="Easily cleaned and sterilized (Lana - ultra soft)"/><Feature code="F400087823" rank="6" referenceName="Easy to find (Lana - ultra soft)"/><Feature code="F400087824" rank="7" referenceName="Helps keep pacifier in place (Lana - ultra soft)"/><Feature code="F400086841_SCF348_01" rank="8" referenceName="Fits Philips Avent pacifiers (Lana - Plush toy)"/><Feature code="F400087082_SCF348_01" rank="9" referenceName="A little buddy for your baby (Lana - Plush toy)"/></Features><CSItems><CSItem code="IT4045242" rank="1" referenceName="What is included - ultra soft snuggle"/><CSItem code="IT4042325" rank="1" referenceName="Safety - BPA-free"/><CSItem code="IT4042330" rank="1" referenceName="Hygiene - Easy to clean"/><CSItem code="IT4045240" rank="2" referenceName="What is included - 0-6M ultra soft pacifier"/><CSItem code="IT4045532" rank="2" referenceName="Hygiene - Pacifier can be sterilized"/><CSItem code="IT4045533" rank="3" referenceName="Hygiene - Pacifier is dishwasher safe"/><CSItem code="IT4045531" rank="4" referenceName="Hygiene - Plush toy is machine washable"/></CSItems></Purpose></Filters><FeatureCompareGroups/><Disclaimers><Disclaimer code="DIS40013158" rank="1" referenceName="Peach ultra soft"><DisclaimerText>* In a 2016 USA consumer test with 112 moms, 96% said that the shield causes fewer skin marks and less skin irritation.</DisclaimerText><DisclaimElements/></Disclaimer><Disclaimer code="DIS40011983" rank="2" referenceName="98% nipple acceptance (Berry)"><DisclaimerText>2016-2017 US consumer tests show an average of 98% nipple acceptance of the textured Philips Avent nipple used in our ultra air and ultra soft pacifiers.</DisclaimerText><DisclaimElements/></Disclaimer><Disclaimer code="DIS40011350" rank="3" referenceName="No 1 global pacifier brand (Updated content)"><DisclaimerText>No 1 global pacifier brand</DisclaimerText><DisclaimElements/></Disclaimer><Disclaimer code="DIS40011351" rank="4" referenceName="For hygiene reasons, replace pacifiers regularly"><DisclaimerText>For hygiene reasons, replace pacifiers after 4 weeks of use</DisclaimerText><DisclaimElements/></Disclaimer><Disclaimer code="DIS40011352" rank="5" referenceName="Our range supports moms and babies at every development stag"><DisclaimerText>Our range supports moms and babies at every development stage</DisclaimerText><DisclaimElements/></Disclaimer></Disclaimers><RichTexts/></Product></Products>