<?xml version="1.0" encoding="UTF-8"?><Products xmlns:source="http://apache.org/cocoon/source/1.0" DocStatus="approved" DocTimeStamp="2018-10-23T21:15:06"><Product Country="US" IsAccessory="false" IsMaster="false" Locale="en_US" lastModified="2018-10-23T04:30:06" masterLastModified="2018-08-28T00:34:13"><CTN>SCF262/03</CTN><GTIN>00075020068033</GTIN><MarketingVersion>4.0.1</MarketingVersion><MarketingStatus>Final Published</MarketingStatus><CRDate>2017-05-12</CRDate><CRDateYW>201719</CRDateYW><ModelYears><ModelYear>2017</ModelYear></ModelYears><ProductDivision><ProductDivisionCode>0200</ProductDivisionCode><ProductDivisionName>Consumer Lifestyle</ProductDivisionName><FormerPDCode>0300</FormerPDCode></ProductDivision><ProductOwner>Ulrike Krisch</ProductOwner><DTN>SCF262/03</DTN><Catalog><StartOfPublication>2017-11-01T00:00:00</StartOfPublication><EndOfPublication>2021-06-12T00:00:00</EndOfPublication><StartOfSales>2017-11-01T00:00:00</StartOfSales><EndOfSales>2021-06-12T00:00:00</EndOfSales><DummyPrice>7.99</DummyPrice><Deleted>false</Deleted><DeleteAfterDate/><ProductRank>50</ProductRank></Catalog><FinancialCategorization><BusinessGroupCode>9050</BusinessGroupCode><BusinessGroupName>Health &amp; Wellness</BusinessGroupName><BusinessUnitCode>0362</BusinessUnitCode><BusinessUnitName>Mother &amp; Child Care</BusinessUnitName><MainArticleGroupCode>O36</MainArticleGroupCode><MainArticleGroupName>Toddler Drinking Solutions</MainArticleGroupName><ArticleGroupCode>3190</ArticleGroupCode><ArticleGroupName>Cups</ArticleGroupName></FinancialCategorization><Categorization type="CONSUMER"><GroupCode>MOTHER_AND_CHILD_CARE_GR</GroupCode><GroupName>Mother &amp; child care</GroupName><CategoryCode>TODDLER_SIPPY_CUPS_CA</CategoryCode><CategoryName>Toddler sippy cups</CategoryName><SubcategoryCode>TRAINER_CUPS_SU</SubcategoryCode><SubcategoryName>Trainer cups</SubcategoryName></Categorization><Assets><Asset code="SCF262_03" description="Leaflet" extension="pdf" lastModified="2018-09-01" locale="en_US" number="001" type="PSS">http://download.p4c.philips.com/files/s/scf262_03/scf262_03_pss_aenus.pdf</Asset><Asset code="SCF262_03" description="Retail Trade Leaflet" extension="pdf" lastModified="2018-10-05" locale="en_US" number="001" type="RTL">http://download.p4c.philips.com/files/s/scf262_03/scf262_03_rtl_aenus.pdf</Asset><Asset code="SCF262_03" description="Leaflet" extension="pdf" lastModified="2018-08-29" locale="global" number="001" type="PSS">http://download.p4c.philips.com/files/s/scf262_03/scf262_03_pss_.pdf</Asset><Asset code="SCF262_03" description="Standard product photograph - highres 2196x1795" extension="tif" lastModified="2017-03-17" locale="global" number="001" type="RTP">http://images.philips.com/is/image/PhilipsConsumer/SCF262_03-RTP-global-001</Asset><Asset code="SCF262_03" description="Single product shot" extension="" lastModified="2018-10-23" locale="en_US" number="" type="IMS">http://images.philips.com/is/image/PhilipsConsumer/SCF262_03-IMS-en_US</Asset><Asset code="SCF262_03" description="Product gallery image set" extension="" lastModified="2018-10-23" locale="en_US" number="" type="GAL">http://images.philips.com/is/image/PhilipsConsumer/SCF262_03-GAL-en_US</Asset><Asset code="SCF262_03" description="Product URL" extension="" lastModified="2018-10-23" locale="en_US" number="" type="URL">http://www.usa.philips.com/c-p/SCF262_03/avent-natural-trainer-cup</Asset></Assets><ProductName>Natural 150ml / 5oz 4m+ Natural Trainer Cup</ProductName><FullProductName>Philips Avent Natural Trainer Cup SCF262/03 Natural 150ml / 5oz 4m+</FullProductName><NamingString><MasterBrand><BrandCode>PHI</BrandCode><BrandName>Philips</BrandName></MasterBrand><Partner><PartnerBrand><BrandCode>AVE</BrandCode><BrandName>Avent</BrandName></PartnerBrand><PartnerBrandType>MakersMark</PartnerBrandType></Partner><BrandString>Philips Avent</BrandString><Descriptor><DescriptorCode>D4029564</DescriptorCode><DescriptorName>Natural Trainer Cup</DescriptorName></Descriptor><Alphanumeric>SCF262/03</Alphanumeric><VersionElement1><VersionElementCode>V4019584</VersionElementCode><VersionElementName>Natural</VersionElementName></VersionElement1><VersionElement2><VersionElementCode>V4040085</VersionElementCode><VersionElementName>150ml / 5oz</VersionElementName></VersionElement2><VersionElement3><VersionElementCode>V4011684</VersionElementCode><VersionElementName>4m+</VersionElementName></VersionElement3><VersionString>Natural 150ml / 5oz 4m+</VersionString><BrandedFeatureString/><DescriptorBrandedFeatureString>Natural Trainer Cup</DescriptorBrandedFeatureString></NamingString><WOW>Ease your baby's transition to a drinking cup</WOW><MarketingTextHeader>This Natural trainer kit eases your baby into their first cup. The comfort grips help your baby hold the bottle independently while drinking from the familiar nipple. When ready, switch to the silicone spout to complete the transition.</MarketingTextHeader><KeyBenefitArea><KeyBenefitAreaCode>K4011151</KeyBenefitAreaCode><KeyBenefitAreaName>Ideal first step to a drinking cup</KeyBenefitAreaName><KeyBenefitAreaRank>1</KeyBenefitAreaRank><Feature><FeatureCode>F400059546</FeatureCode><FeatureReferenceName>Ergonomically designed trainer handles (Nevada)</FeatureReferenceName><FeatureName>Ergonomic trainer handles</FeatureName><FeatureLongDescription>Soft touch trainer handles for little hands</FeatureLongDescription><FeatureGlossary>Trainer handles help your toddler to hold the cup and drink independently. These handles are shaped for little hands to grab easily and they are also rubberized for a non-slip grip.</FeatureGlossary><FeatureRank>1</FeatureRank><FeatureTopRank>1</FeatureTopRank></Feature></KeyBenefitArea><KeyBenefitArea><KeyBenefitAreaCode>KBA_0001129</KeyBenefitAreaCode><KeyBenefitAreaName>Convenient for you and your baby</KeyBenefitAreaName><KeyBenefitAreaRank>2</KeyBenefitAreaRank><Feature><FeatureCode>F400029769</FeatureCode><FeatureReferenceName>All parts are dishwasher safe for convenience</FeatureReferenceName><FeatureName>Cup is dishwasher safe</FeatureName><FeatureLongDescription>All parts are dishwasher safe for convenience</FeatureLongDescription><FeatureGlossary/><FeatureRank>1</FeatureRank><FeatureTopRank>3</FeatureTopRank></Feature></KeyBenefitArea><KeyBenefitArea><KeyBenefitAreaCode>K4018674</KeyBenefitAreaCode><KeyBenefitAreaName>Other benefits</KeyBenefitAreaName><KeyBenefitAreaRank>3</KeyBenefitAreaRank><Feature><FeatureCode>F400059548</FeatureCode><FeatureReferenceName>Philips Avent compatibility (Entry cups)</FeatureReferenceName><FeatureName>Philips Avent compatibility</FeatureName><FeatureLongDescription>Compatible with Philips Avent bottles and cups</FeatureLongDescription><FeatureGlossary>All Philips Avent bottles and cups are compatible excluding the glass bottles and the Grown-up cups/My First Big Kid Cups. So you can mix and match to create the perfect cup, suiting your toddler's individual development needs.</FeatureGlossary><FeatureRank>1</FeatureRank><FeatureTopRank>4</FeatureTopRank></Feature><Feature><FeatureCode>F400083636</FeatureCode><FeatureReferenceName>Team up with uGrow - NAM - Galaxy - Spiral reat</FeatureReferenceName><FeatureName>Team up with uGrow</FeatureName><FeatureLongDescription>Get expert advice with uGrow</FeatureLongDescription><FeatureGlossary>Download the uGrow app to keep track of your baby's feeds, get expert advice and establish healthy routines.</FeatureGlossary><FeatureRank>2</FeatureRank><FeatureTopRank>5</FeatureTopRank></Feature><Feature><FeatureCode>F400083487</FeatureCode><FeatureReferenceName>Flexible spiral design - NAM - Galaxy - Spiral nipple</FeatureReferenceName><FeatureName>Flexible spiral design</FeatureName><FeatureLongDescription>Flexible spiral design combined with comfort petals</FeatureLongDescription><FeatureGlossary>Flexible spiral design, combined with our unique comfort petals to create a flexible nipple, allowing for a more natural feed without nipple collapse.</FeatureGlossary><FeatureRank>3</FeatureRank><FeatureTopRank>6</FeatureTopRank></Feature><Feature><FeatureCode>F400083489_SCF262_03</FeatureCode><FeatureReferenceName>Anti-colic vent technology - NAM - Galaxy - Spiral reat</FeatureReferenceName><FeatureName>Anti-colic vent technology</FeatureName><FeatureLongDescription>Unique anti-colic Airflex vent technology</FeatureLongDescription><FeatureGlossary>Our unique anti-colic Airflex vent technology was designed to reduce colic and discomfort, by venting air away from your baby's tummy.</FeatureGlossary><FeatureRank>4</FeatureRank><FeatureTopRank>7</FeatureTopRank></Feature><Feature><FeatureCode>F400040115</FeatureCode><FeatureReferenceName>This bottle is BPA free*</FeatureReferenceName><FeatureName>This bottle is BPA free*</FeatureName><FeatureLongDescription>This bottle is BPA free*</FeatureLongDescription><FeatureGlossary>The Philips Avent Natural bottle is made of BPA free* material (polypropylene).</FeatureGlossary><FeatureRank>5</FeatureRank><FeatureTopRank>8</FeatureTopRank></Feature></KeyBenefitArea><FeatureImage><FeatureCode>F400059546</FeatureCode><FeatureReferenceName>Ergonomically designed trainer handles (Nevada)</FeatureReferenceName><FeatureImageRank>1</FeatureImageRank></FeatureImage><FeatureImage><FeatureCode>F400029769</FeatureCode><FeatureReferenceName>All parts are dishwasher safe for convenience</FeatureReferenceName><FeatureImageRank>3</FeatureImageRank></FeatureImage><FeatureImage><FeatureCode>F400059548</FeatureCode><FeatureReferenceName>Philips Avent compatibility (Entry cups)</FeatureReferenceName><FeatureImageRank>4</FeatureImageRank></FeatureImage><FeatureImage><FeatureCode>F400083636</FeatureCode><FeatureReferenceName>Team up with uGrow - NAM - Galaxy - Spiral reat</FeatureReferenceName><FeatureImageRank>5</FeatureImageRank></FeatureImage><FeatureImage><FeatureCode>F400083487</FeatureCode><FeatureReferenceName>Flexible spiral design - NAM - Galaxy - Spiral nipple</FeatureReferenceName><FeatureImageRank>6</FeatureImageRank></FeatureImage><FeatureImage><FeatureCode>F400083489_SCF262_03</FeatureCode><FeatureReferenceName>Anti-colic vent technology - NAM - Galaxy - Spiral reat</FeatureReferenceName><FeatureImageRank>7</FeatureImageRank></FeatureImage><FeatureImage><FeatureCode>F400040115</FeatureCode><FeatureReferenceName>This bottle is BPA free*</FeatureReferenceName><FeatureImageRank>8</FeatureImageRank></FeatureImage><FeatureHighlight><FeatureCode>F400059546</FeatureCode><FeatureReferenceName>Ergonomically designed trainer handles (Nevada)</FeatureReferenceName><FeatureHighlightRank>1</FeatureHighlightRank></FeatureHighlight><FeatureHighlight><FeatureCode>F400029769</FeatureCode><FeatureReferenceName>All parts are dishwasher safe for convenience</FeatureReferenceName><FeatureHighlightRank>3</FeatureHighlightRank></FeatureHighlight><FeatureHighlight><FeatureCode>F400059548</FeatureCode><FeatureReferenceName>Philips Avent compatibility (Entry cups)</FeatureReferenceName><FeatureHighlightRank>4</FeatureHighlightRank></FeatureHighlight><FeatureHighlight><FeatureCode>F400083636</FeatureCode><FeatureReferenceName>Team up with uGrow - NAM - Galaxy - Spiral reat</FeatureReferenceName><FeatureHighlightRank>5</FeatureHighlightRank></FeatureHighlight><FeatureHighlight><FeatureCode>F400083487</FeatureCode><FeatureReferenceName>Flexible spiral design - NAM - Galaxy - Spiral nipple</FeatureReferenceName><FeatureHighlightRank>6</FeatureHighlightRank></FeatureHighlight><FeatureHighlight><FeatureCode>F400083489_SCF262_03</FeatureCode><FeatureReferenceName>Anti-colic vent technology - NAM - Galaxy - Spiral reat</FeatureReferenceName><FeatureHighlightRank>7</FeatureHighlightRank></FeatureHighlight><FeatureHighlight><FeatureCode>F400040115</FeatureCode><FeatureReferenceName>This bottle is BPA free*</FeatureReferenceName><FeatureHighlightRank>8</FeatureHighlightRank></FeatureHighlight><CSChapter><CSChapterCode>CHA_0000021</CSChapterCode><CSChapterName>Country of origin</CSChapterName><CSChapterRank>1</CSChapterRank><CSItem><CSItemCode>IT4031851</CSItemCode><CSItemName>Indonesia</CSItemName><CSItemRank>1</CSItemRank><CSItemIsFreeFormat>0</CSItemIsFreeFormat><CSValue><CSValueCode>VA4074942</CSValueCode><CSValueName>Yes</CSValueName><CSValueRank>4</CSValueRank></CSValue></CSItem></CSChapter><CSChapter><CSChapterCode>CHA_0000098</CSChapterCode><CSChapterName>Material</CSChapterName><CSChapterRank>2</CSChapterRank><CSItem><CSItemCode>IT4022153</CSItemCode><CSItemName>Bottle</CSItemName><CSItemRank>1</CSItemRank><CSItemIsFreeFormat>0</CSItemIsFreeFormat><CSValue><CSValueCode>VA4052667</CSValueCode><CSValueName>Polypropylene</CSValueName><CSValueRank>6</CSValueRank></CSValue><CSValue><CSValueCode>VA4052668</CSValueCode><CSValueName>BPA free*</CSValueName><CSValueRank>10</CSValueRank></CSValue></CSItem><CSItem><CSItemCode>IT4022154</CSItemCode><CSItemName>Nipple</CSItemName><CSItemRank>2</CSItemRank><CSItemIsFreeFormat>0</CSItemIsFreeFormat><CSValue><CSValueCode>VA4052670</CSValueCode><CSValueName>BPA free*</CSValueName><CSValueRank>2</CSValueRank></CSValue><CSValue><CSValueCode>VA4052669</CSValueCode><CSValueName>Silicone</CSValueName><CSValueRank>9</CSValueRank></CSValue></CSItem></CSChapter><CSChapter><CSChapterCode>CHA_0000106</CSChapterCode><CSChapterName>What is included</CSChapterName><CSChapterRank>3</CSChapterRank><CSItem><CSItemCode>IT4010474</CSItemCode><CSItemName>Bottle to 1st trainer cup</CSItemName><CSItemRank>1</CSItemRank><CSItemIsFreeFormat>1</CSItemIsFreeFormat><CSValue><CSValueCode>VA4024363</CSValueCode><CSValueName>1</CSValueName><CSValueRank>1</CSValueRank></CSValue><UnitOfMeasure><UnitOfMeasureCode>4000023</UnitOfMeasureCode><UnitOfMeasureName>-Pieces</UnitOfMeasureName><UnitOfMeasureSymbol>pcs</UnitOfMeasureSymbol></UnitOfMeasure></CSItem><CSItem><CSItemCode>IT4016711</CSItemCode><CSItemName>Snap-on hygienic cap</CSItemName><CSItemRank>2</CSItemRank><CSItemIsFreeFormat>1</CSItemIsFreeFormat><CSValue><CSValueCode>VA4033881</CSValueCode><CSValueName>1</CSValueName><CSValueRank>1</CSValueRank></CSValue><UnitOfMeasure><UnitOfMeasureCode>4000023</UnitOfMeasureCode><UnitOfMeasureName>-Pieces</UnitOfMeasureName><UnitOfMeasureSymbol>pcs</UnitOfMeasureSymbol></UnitOfMeasure></CSItem><CSItem><CSItemCode>IT4003541</CSItemCode><CSItemName>Soft, Medium Flow Nipple</CSItemName><CSItemRank>3</CSItemRank><CSItemIsFreeFormat>1</CSItemIsFreeFormat><CSValue><CSValueCode>VA4012522</CSValueCode><CSValueName>1</CSValueName><CSValueRank>1</CSValueRank></CSValue><UnitOfMeasure><UnitOfMeasureCode>4000023</UnitOfMeasureCode><UnitOfMeasureName>-Pieces</UnitOfMeasureName><UnitOfMeasureSymbol>pcs</UnitOfMeasureSymbol></UnitOfMeasure></CSItem><CSItem><CSItemCode>IT4035347</CSItemCode><CSItemName>Silicone spout</CSItemName><CSItemRank>4</CSItemRank><CSItemIsFreeFormat>1</CSItemIsFreeFormat><CSValue><CSValueCode>VA4082200</CSValueCode><CSValueName>1</CSValueName><CSValueRank>1</CSValueRank></CSValue><UnitOfMeasure><UnitOfMeasureCode>4000023</UnitOfMeasureCode><UnitOfMeasureName>-Pieces</UnitOfMeasureName><UnitOfMeasureSymbol>pcs</UnitOfMeasureSymbol></UnitOfMeasure></CSItem></CSChapter><CSChapter><CSChapterCode>CH4001529</CSChapterCode><CSChapterName>Development stages</CSChapterName><CSChapterRank>4</CSChapterRank><CSItem><CSItemCode>IT4008016</CSItemCode><CSItemName>Stages</CSItemName><CSItemRank>1</CSItemRank><CSItemIsFreeFormat>0</CSItemIsFreeFormat><CSValue><CSValueCode>VA4024372</CSValueCode><CSValueName>4 months +</CSValueName><CSValueRank>13</CSValueRank></CSValue></CSItem></CSChapter><Filters><Purpose type="Comparison"><Features><Feature code="F400059546" rank="1" referenceName="Ergonomically designed trainer handles (Nevada)"/><Feature code="F400029769" rank="3" referenceName="All parts are dishwasher safe for convenience"/><Feature code="F400059548" rank="4" referenceName="Philips Avent compatibility (Entry cups)"/><Feature code="F400083636" rank="5" referenceName="Team up with uGrow - NAM - Galaxy - Spiral reat"/><Feature code="F400083487" rank="6" referenceName="Flexible spiral design - NAM - Galaxy - Spiral nipple"/><Feature code="F400083489_SCF262_03" rank="7" referenceName="Anti-colic vent technology - NAM - Galaxy - Spiral reat"/><Feature code="F400040115" rank="8" referenceName="This bottle is BPA free*"/></Features><CSItems><CSItem code="IT4031851" rank="1" referenceName="Country of origin - Indonesia"/><CSItem code="IT4022153" rank="1" referenceName="Material - Bottle"/><CSItem code="IT4010474" rank="1" referenceName="What is included - Bottle to 1st trainer cup"/><CSItem code="IT4008016" rank="1" referenceName="Development stages - Stages"/><CSItem code="IT4022154" rank="2" referenceName="Material - Nipple"/><CSItem code="IT4016711" rank="2" referenceName="What is included - Snap-on hygienic cap"/><CSItem code="IT4003541" rank="3" referenceName="What is included - Soft, Medium Flow Nipple"/><CSItem code="IT4035347" rank="4" referenceName="What is included - Silicone spout"/></CSItems></Purpose><Purpose type="Detail"><Features><Feature code="F400059546" rank="1" referenceName="Ergonomically designed trainer handles (Nevada)"/><Feature code="F400029769" rank="3" referenceName="All parts are dishwasher safe for convenience"/><Feature code="F400059548" rank="4" referenceName="Philips Avent compatibility (Entry cups)"/><Feature code="F400083636" rank="5" referenceName="Team up with uGrow - NAM - Galaxy - Spiral reat"/><Feature code="F400083487" rank="6" referenceName="Flexible spiral design - NAM - Galaxy - Spiral nipple"/><Feature code="F400083489_SCF262_03" rank="7" referenceName="Anti-colic vent technology - NAM - Galaxy - Spiral reat"/><Feature code="F400040115" rank="8" referenceName="This bottle is BPA free*"/></Features><CSItems><CSItem code="IT4031851" rank="1" referenceName="Country of origin - Indonesia"/><CSItem code="IT4022153" rank="1" referenceName="Material - Bottle"/><CSItem code="IT4010474" rank="1" referenceName="What is included - Bottle to 1st trainer cup"/><CSItem code="IT4008016" rank="1" referenceName="Development stages - Stages"/><CSItem code="IT4022154" rank="2" referenceName="Material - Nipple"/><CSItem code="IT4016711" rank="2" referenceName="What is included - Snap-on hygienic cap"/><CSItem code="IT4003541" rank="3" referenceName="What is included - Soft, Medium Flow Nipple"/><CSItem code="IT4035347" rank="4" referenceName="What is included - Silicone spout"/></CSItems></Purpose></Filters><FeatureCompareGroups/><Disclaimers><Disclaimer code="DIS40003321" rank="1" referenceName="BPA disclaimer - Following EU directive"><DisclaimerText>0% BPA, following EU regulation 10/2011</DisclaimerText><DisclaimElements/></Disclaimer><Disclaimer code="DIS40010403" rank="2" referenceName="Fox - Classic+ 3"><DisclaimerText>What colic is, and how it affects babies? Colic is caused in part by swallowing air while feeding, which creates discomfort in a baby’s digestive system. Symptoms include crying, fussing, gassiness and spit-up.</DisclaimerText><DisclaimElements/></Disclaimer></Disclaimers><RichTexts/></Product></Products>