<?xml version="1.0" encoding="UTF-8"?><Products xmlns:source="http://apache.org/cocoon/source/1.0" DocStatus="approved" DocTimeStamp="2018-10-24T13:07:13"><Product Country="CN" IsAccessory="false" IsMaster="false" Locale="zh_CN" lastModified="2018-10-24T05:16:14" masterLastModified="2018-08-02T00:35:26"><CTN>SPK7101B/93</CTN><Code12NC>867000143635</Code12NC><GTIN>6951613911952</GTIN><MarketingVersion>2.2.1</MarketingVersion><MarketingStatus>Final Published</MarketingStatus><CRDate>2016-11-11</CRDate><CRDateYW>201646</CRDateYW><ModelYears><ModelYear>2016</ModelYear><ModelYear>2017</ModelYear></ModelYears><ProductDivision><ProductDivisionCode>0200</ProductDivisionCode><ProductDivisionName>Consumer Lifestyle</ProductDivisionName><FormerPDCode>3400</FormerPDCode></ProductDivision><ProductOwner>Jessica Chang</ProductOwner><DTN>SPK7101B/93</DTN><Catalog><StartOfPublication>2016-12-11T00:00:00</StartOfPublication><EndOfPublication>2019-06-01T00:00:00</EndOfPublication><StartOfSales>2016-12-11T00:00:00</StartOfSales><EndOfSales>2019-06-01T00:00:00</EndOfSales><DummyPrice/><Deleted>false</Deleted><DeleteAfterDate/><ProductRank>50</ProductRank></Catalog><FinancialCategorization><BusinessGroupCode>6918</BusinessGroupCode><BusinessGroupName>TV</BusinessGroupName><BusinessUnitCode>0655</BusinessUnitCode><BusinessUnitName>Monitors</BusinessUnitName><MainArticleGroupCode>J89</MainArticleGroupCode><MainArticleGroupName>Monitors</MainArticleGroupName><ArticleGroupCode>3789</ArticleGroupCode><ArticleGroupName>Monitors global</ArticleGroupName></FinancialCategorization><Categorization type="CONSUMER"><GroupCode>SOUND_AND_VISION_GR</GroupCode><GroupName>Sound &amp; vision</GroupName><CategoryCode>COMPUTER_ACCESSORIES_CA</CategoryCode><CategoryName>Computer accessories</CategoryName><SubcategoryCode>KEYBOARD_AND_MICE_SU</SubcategoryCode><SubcategoryName>Keyboard &amp; mice</SubcategoryName></Categorization><Assets><Asset code="SPK7101B_93" description="Leaflet" extension="pdf" lastModified="2018-08-03" locale="zh_CN" number="001" type="PSS">http://download.p4c.philips.com/files/s/spk7101b_93/spk7101b_93_pss_zhscn.pdf</Asset><Asset code="SPK7101B_93" description="Retail Trade Leaflet" extension="pdf" lastModified="2018-10-05" locale="zh_CN" number="001" type="RTL">http://download.p4c.philips.com/files/s/spk7101b_93/spk7101b_93_rtl_zhscn.pdf</Asset><Asset code="SPK7101B_93" description="Front product photograph - highres 2196x1795" extension="tif" lastModified="2016-11-17" locale="global" number="001" type="_FP">http://images.philips.com/is/image/PhilipsConsumer/SPK7101B_93-_FP-global-001</Asset><Asset code="SPK7101B_93" description="Leaflet" extension="pdf" lastModified="2018-08-02" locale="global" number="001" type="PSS">http://download.p4c.philips.com/files/s/spk7101b_93/spk7101b_93_pss_.pdf</Asset><Asset code="SPK7101B_93" description="Standard product photograph - highres 2196x1795" extension="tif" lastModified="2016-11-17" locale="global" number="001" type="RTP">http://images.philips.com/is/image/PhilipsConsumer/SPK7101B_93-RTP-global-001</Asset><Asset code="SPK7101B_93" description="Single product shot" extension="" lastModified="2018-10-24" locale="zh_CN" number="" type="IMS">http://images.philips.com/is/image/PhilipsConsumer/SPK7101B_93-IMS-zh_CN</Asset><Asset code="SPK7101B_93" description="Product gallery image set" extension="" lastModified="2018-10-24" locale="zh_CN" number="" type="GAL">http://images.philips.com/is/image/PhilipsConsumer/SPK7101B_93-GAL-zh_CN</Asset><Asset code="SPK7101B_93" description="Product URL" extension="" lastModified="2018-10-24" locale="zh_CN" number="" type="URL">http://www.philips.com.cn/c-p/SPK7101B_93/100-series-wired-mouse</Asset></Assets><ProductName>3 个按钮 USB 有线光电传感器 有线鼠标</ProductName><FullProductName>飞利浦 100 Series 有线鼠标 SPK7101B 3 个按钮 USB 有线光电传感器</FullProductName><NamingString><MasterBrand><BrandCode>PHI</BrandCode><BrandName>Philips</BrandName></MasterBrand><BrandString>飞利浦</BrandString><Concept><ConceptCode>SB40007572</ConceptCode><ConceptName>100 Series</ConceptName><ConceptNameUsed>1</ConceptNameUsed></Concept><Descriptor><DescriptorCode>D4001785</DescriptorCode><DescriptorName>有线鼠标</DescriptorName></Descriptor><Alphanumeric>SPK7101B</Alphanumeric><VersionElement1><VersionElementCode>V4041387</VersionElementCode><VersionElementName>3 个按钮</VersionElementName></VersionElement1><VersionElement2><VersionElementCode>V4041313</VersionElementCode><VersionElementName>USB 有线</VersionElementName></VersionElement2><VersionElement3><VersionElementCode>V4041314</VersionElementCode><VersionElementName>光电传感器</VersionElementName></VersionElement3><VersionString>3 个按钮 USB 有线光电传感器</VersionString><BrandedFeatureString/><DescriptorBrandedFeatureString>有线鼠标</DescriptorBrandedFeatureString></NamingString><WOW>专为满足您的需求而设计</WOW><MarketingTextHeader>这款舒适的鼠标既贴合您的手掌，又能轻松放到包里。鼠标的线缆易于管理，并配有可在大多数表面上工作的光电传感器。</MarketingTextHeader><KeyBenefitArea><KeyBenefitAreaCode>K4032321</KeyBenefitAreaCode><KeyBenefitAreaName>舒适的精确控制</KeyBenefitAreaName><KeyBenefitAreaRank>1</KeyBenefitAreaRank></KeyBenefitArea><KeyBenefitArea><KeyBenefitAreaCode>K4032322</KeyBenefitAreaCode><KeyBenefitAreaName>飞利浦品质保证</KeyBenefitAreaName><KeyBenefitAreaRank>2</KeyBenefitAreaRank></KeyBenefitArea><CSChapter><CSChapterCode>3000956</CSChapterCode><CSChapterName>技术规格</CSChapterName><CSChapterRank>1</CSChapterRank><CSItem><CSItemCode>IT4040368</CSItemCode><CSItemName>产品类型</CSItemName><CSItemRank>1</CSItemRank><CSItemIsFreeFormat>1</CSItemIsFreeFormat><CSValue><CSValueCode>VA4094078</CSValueCode><CSValueName>有线商用鼠标</CSValueName><CSValueRank>1</CSValueRank></CSValue></CSItem><CSItem><CSItemCode>IT4040369</CSItemCode><CSItemName>设计类型</CSItemName><CSItemRank>2</CSItemRank><CSItemIsFreeFormat>1</CSItemIsFreeFormat><CSValue><CSValueCode>VA4094079</CSValueCode><CSValueName>人体工程学设计</CSValueName><CSValueRank>1</CSValueRank></CSValue></CSItem><CSItem><CSItemCode>IT4040370</CSItemCode><CSItemName>连接</CSItemName><CSItemRank>3</CSItemRank><CSItemIsFreeFormat>1</CSItemIsFreeFormat><CSValue><CSValueCode>VA4094080</CSValueCode><CSValueName>USB 2.0 有线</CSValueName><CSValueRank>1</CSValueRank></CSValue></CSItem><CSItem><CSItemCode>IT4040371</CSItemCode><CSItemName>按钮</CSItemName><CSItemRank>4</CSItemRank><CSItemIsFreeFormat>1</CSItemIsFreeFormat><CSValue><CSValueCode>VA4094081</CSValueCode><CSValueName>3 个按钮</CSValueName><CSValueRank>1</CSValueRank></CSValue></CSItem><CSItem><CSItemCode>IT4040372</CSItemCode><CSItemName>精确光电传感器</CSItemName><CSItemRank>5</CSItemRank><CSItemIsFreeFormat>1</CSItemIsFreeFormat><CSValue><CSValueCode>VA4094082</CSValueCode><CSValueName>1000 dpi</CSValueName><CSValueRank>1</CSValueRank></CSValue></CSItem><CSItem><CSItemCode>IT4040376</CSItemCode><CSItemName>驱动程序要求</CSItemName><CSItemRank>6</CSItemRank><CSItemIsFreeFormat>1</CSItemIsFreeFormat><CSValue><CSValueCode>VA4094085</CSValueCode><CSValueName>无需驱动程序</CSValueName><CSValueRank>1</CSValueRank></CSValue></CSItem><CSItem><CSItemCode>IT4040392</CSItemCode><CSItemName>手控类型</CSItemName><CSItemRank>8</CSItemRank><CSItemIsFreeFormat>1</CSItemIsFreeFormat><CSValue><CSValueCode>VA4094100</CSValueCode><CSValueName>左右手通用</CSValueName><CSValueRank>1</CSValueRank></CSValue></CSItem></CSChapter><CSChapter><CSChapterCode>CH4008401</CSChapterCode><CSChapterName>产品尺寸</CSChapterName><CSChapterRank>2</CSChapterRank><CSItem><CSItemCode>IT4040380</CSItemCode><CSItemName>尺寸（长 x 宽 x 高）</CSItemName><CSItemRank>1</CSItemRank><CSItemIsFreeFormat>1</CSItemIsFreeFormat><CSValue><CSValueCode>VA4094089</CSValueCode><CSValueName>112.92 x 60.63 x 37.4（毫米）</CSValueName><CSValueRank>1</CSValueRank></CSValue></CSItem><CSItem><CSItemCode>IT4040381</CSItemCode><CSItemName>重量</CSItemName><CSItemRank>2</CSItemRank><CSItemIsFreeFormat>1</CSItemIsFreeFormat><CSValue><CSValueCode>VA4094090</CSValueCode><CSValueName>97（克）</CSValueName><CSValueRank>1</CSValueRank></CSValue></CSItem></CSChapter><CSChapter><CSChapterCode>CH4008402</CSChapterCode><CSChapterName>操作系统/系统要求</CSChapterName><CSChapterRank>3</CSChapterRank><CSItem><CSItemCode>IT4040382</CSItemCode><CSItemName>系统要求</CSItemName><CSItemRank>1</CSItemRank><CSItemIsFreeFormat>1</CSItemIsFreeFormat><CSValue><CSValueCode>VA4094091</CSValueCode><CSValueName>Microsoft Windows 2000、ME、XP、Vista 及更高版本、Linux、IOS</CSValueName><CSValueRank>1</CSValueRank></CSValue></CSItem></CSChapter><Filters><Purpose type="Comparison"><Features><Feature code="F400077265" rank="1" referenceName="High definition optical tracking for smooth control"/><Feature code="F400077266" rank="2" referenceName="Comfortable ergonomic mouse design feels great"/><Feature code="F400077267" rank="3" referenceName="Ambidextrous shape feels good in right or left hand"/><Feature code="F400077268" rank="4" referenceName="Keys last millions of keystrokes for durability"/></Features><CSItems><CSItem code="IT4040368" rank="1" referenceName="技术规格 - 产品类型"/><CSItem code="IT4040380" rank="1" referenceName="产品尺寸 - 尺寸（长 x 宽 x 高）"/><CSItem code="IT4040382" rank="1" referenceName="操作系统/系统要求 - 系统要求"/><CSItem code="IT4040369" rank="2" referenceName="技术规格 - 设计类型"/><CSItem code="IT4040381" rank="2" referenceName="产品尺寸 - 重量"/><CSItem code="IT4040370" rank="3" referenceName="技术规格 - 连接"/><CSItem code="IT4040371" rank="4" referenceName="技术规格 - 按钮"/><CSItem code="IT4040372" rank="5" referenceName="技术规格 - 精确光电传感器"/><CSItem code="IT4040376" rank="6" referenceName="技术规格 - 驱动程序要求"/><CSItem code="IT4040392" rank="8" referenceName="技术规格 - 手控类型"/></CSItems></Purpose><Purpose type="Detail"><Features><Feature code="F400077265" rank="1" referenceName="High definition optical tracking for smooth control"/><Feature code="F400077266" rank="2" referenceName="Comfortable ergonomic mouse design feels great"/><Feature code="F400077267" rank="3" referenceName="Ambidextrous shape feels good in right or left hand"/><Feature code="F400077268" rank="4" referenceName="Keys last millions of keystrokes for durability"/></Features><CSItems><CSItem code="IT4040368" rank="1" referenceName="技术规格 - 产品类型"/><CSItem code="IT4040380" rank="1" referenceName="产品尺寸 - 尺寸（长 x 宽 x 高）"/><CSItem code="IT4040382" rank="1" referenceName="操作系统/系统要求 - 系统要求"/><CSItem code="IT4040369" rank="2" referenceName="技术规格 - 设计类型"/><CSItem code="IT4040381" rank="2" referenceName="产品尺寸 - 重量"/><CSItem code="IT4040370" rank="3" referenceName="技术规格 - 连接"/><CSItem code="IT4040371" rank="4" referenceName="技术规格 - 按钮"/><CSItem code="IT4040372" rank="5" referenceName="技术规格 - 精确光电传感器"/><CSItem code="IT4040376" rank="6" referenceName="技术规格 - 驱动程序要求"/><CSItem code="IT4040392" rank="8" referenceName="技术规格 - 手控类型"/></CSItems></Purpose></Filters><FeatureCompareGroups/><Disclaimers/><RichTexts/></Product></Products>