<?xml version="1.0" encoding="UTF-8"?><Products xmlns:source="http://apache.org/cocoon/source/1.0" DocStatus="approved" DocTimeStamp="2018-10-24T13:07:13"><Product Country="CN" IsAccessory="false" IsMaster="false" Locale="zh_CN" lastModified="2018-10-24T05:16:14" masterLastModified="2017-01-21T01:01:16"><CTN>S551/12</CTN><GTIN>06947265410349</GTIN><MarketingVersion>4.0.1</MarketingVersion><MarketingStatus>Final Published</MarketingStatus><CRDate>2015-03-06</CRDate><CRDateYW>201510</CRDateYW><ModelYears><ModelYear>2015</ModelYear></ModelYears><ProductDivision><ProductDivisionCode>0200</ProductDivisionCode><ProductDivisionName>Consumer Lifestyle</ProductDivisionName><FormerPDCode>0300</FormerPDCode></ProductDivision><ProductOwner>Lily Dong</ProductOwner><DTN>S551/12</DTN><Catalog><StartOfPublication>2015-03-20T00:00:00</StartOfPublication><EndOfPublication>2019-04-06T00:00:00</EndOfPublication><StartOfSales>2015-03-20T00:00:00</StartOfSales><EndOfSales>2019-04-06T00:00:00</EndOfSales><DummyPrice>469</DummyPrice><Deleted>false</Deleted><DeleteAfterDate/><ProductRank>78</ProductRank></Catalog><FinancialCategorization><BusinessGroupCode>9044</BusinessGroupCode><BusinessGroupName>Personal Care</BusinessGroupName><BusinessUnitCode>0321</BusinessUnitCode><BusinessUnitName>Male Grooming</BusinessUnitName><MainArticleGroupCode>I36</MainArticleGroupCode><MainArticleGroupName>Shaving 2 Heads</MainArticleGroupName><ArticleGroupCode>5041</ArticleGroupCode><ArticleGroupName>Wukong</ArticleGroupName></FinancialCategorization><Categorization type="CONSUMER"><GroupCode>PERSONAL_CARE_GR</GroupCode><GroupName>Personal care</GroupName><CategoryCode>MENS_SHAVING_CA</CategoryCode><CategoryName>FACE Shavers</CategoryName><SubcategoryCode>SERIES_SHAVERS_SU</SubcategoryCode><SubcategoryName>Series shavers</SubcategoryName></Categorization><Assets><Asset code="S551_12" description="User manual" extension="pdf" lastModified="2015-04-07" locale="zh_CN" number="001" type="DFU">http://download.p4c.philips.com/files/s/s551_12/s551_12_dfu_zhs.pdf</Asset><Asset code="S551_12" description="Leaflet" extension="pdf" lastModified="2018-10-19" locale="zh_CN" number="001" type="PSS">http://download.p4c.philips.com/files/s/s551_12/s551_12_pss_zhscn.pdf</Asset><Asset code="S551_12" description="Retail Trade Leaflet" extension="pdf" lastModified="2018-10-19" locale="zh_CN" number="001" type="RTL">http://download.p4c.philips.com/files/s/s551_12/s551_12_rtl_zhscn.pdf</Asset><Asset code="S551_12" description="Packaging photograph - highres 1447x756" extension="tif" lastModified="2015-01-14" locale="global" number="001" type="PID">http://images.philips.com/is/image/PhilipsConsumer/S551_12-PID-global-001</Asset><Asset code="S551_12" description="Leaflet" extension="pdf" lastModified="2017-01-12" locale="global" number="001" type="PSS">http://download.p4c.philips.com/files/s/s551_12/s551_12_pss_.pdf</Asset><Asset code="S551_12" description="Standard product photograph - highres 2196x1795" extension="tif" lastModified="2015-01-14" locale="global" number="001" type="RTP">http://images.philips.com/is/image/PhilipsConsumer/S551_12-RTP-global-001</Asset><Asset code="S551_12" description="Single product shot" extension="" lastModified="2018-10-24" locale="zh_CN" number="" type="IMS">http://images.philips.com/is/image/PhilipsConsumer/S551_12-IMS-zh_CN</Asset><Asset code="S551_12" description="Product gallery image set" extension="" lastModified="2018-10-24" locale="zh_CN" number="" type="GAL">http://images.philips.com/is/image/PhilipsConsumer/S551_12-GAL-zh_CN</Asset><Asset code="S551_12" description="Product URL" extension="" lastModified="2018-10-24" locale="zh_CN" number="" type="URL">http://www.philips.com.cn/c-p/S551_12/shaver-series-500-electric-shaver</Asset><Asset code="GA_GREEN" description="needs to be blocked as code in CCR Global award logo - master" extension="eps" lastModified="2010-09-22" locale="global" number="001" type="GAL">GA_GREEN-GAL-global-001.eps</Asset><Asset code="GA_GREEN" description="Global award logo - highres 590x590" extension="tif" lastModified="2010-09-22" locale="global" number="001" type="GAP">http://images.philips.com/is/image/PhilipsConsumer/GA_GREEN-GAP-global-001</Asset></Assets><ProductName>电动剃须刀</ProductName><FullProductName>飞利浦 Shaver series 500 电动剃须刀 S551/12</FullProductName><NamingString><MasterBrand><BrandCode>PHI</BrandCode><BrandName>Philips</BrandName></MasterBrand><BrandString>飞利浦</BrandString><Family><FamilyCode>SB40005284</FamilyCode><FamilyName>Shaver series 500</FamilyName><FamilyNameUsed>1</FamilyNameUsed></Family><Descriptor><DescriptorCode>NSD_000009</DescriptorCode><DescriptorName>电动剃须刀</DescriptorName></Descriptor><Alphanumeric>S551/12</Alphanumeric><VersionString/><BrandedFeatureString/><DescriptorBrandedFeatureString>电动剃须刀</DescriptorBrandedFeatureString></NamingString><WOW>适用于难以触及的部位</WOW><MarketingTextHeader>全新的飞利浦 S500 系列剃须刀具有所有全新的功能，如专为准确舒适剃须系统而设计的智能贴合。您会对剃须效果以及所拥有的产品信心十足。</MarketingTextHeader><KeyBenefitArea><KeyBenefitAreaCode>K4018895</KeyBenefitAreaCode><KeyBenefitAreaName>顺滑的剃须，温柔呵护皮肤</KeyBenefitAreaName><KeyBenefitAreaRank>1</KeyBenefitAreaRank></KeyBenefitArea><KeyBenefitArea><KeyBenefitAreaCode>K4018894</KeyBenefitAreaCode><KeyBenefitAreaName>即使是难以触及的部位都可轻松剃须</KeyBenefitAreaName><KeyBenefitAreaRank>2</KeyBenefitAreaRank></KeyBenefitArea><KeyBenefitArea><KeyBenefitAreaCode>KBA_0000249</KeyBenefitAreaCode><KeyBenefitAreaName>多功能</KeyBenefitAreaName><KeyBenefitAreaRank>3</KeyBenefitAreaRank></KeyBenefitArea><KeyBenefitArea><KeyBenefitAreaCode>K300000216</KeyBenefitAreaCode><KeyBenefitAreaName>易于使用</KeyBenefitAreaName><KeyBenefitAreaRank>4</KeyBenefitAreaRank></KeyBenefitArea><CSChapter><CSChapterCode>CH4001523</CSChapterCode><CSChapterName>剃须性能</CSChapterName><CSChapterRank>1</CSChapterRank><CSItem><CSItemCode>IT4007976</CSItemCode><CSItemName>剃须系统</CSItemName><CSItemRank>2</CSItemRank><CSItemIsFreeFormat>0</CSItemIsFreeFormat><CSValue><CSValueCode>VA4052865</CSValueCode><CSValueName>舒适切剃剃须系统</CSValueName><CSValueRank>15</CSValueRank></CSValue></CSItem><CSItem><CSItemCode>IT4007977</CSItemCode><CSItemName>面部轮廓跟踪</CSItemName><CSItemRank>12</CSItemRank><CSItemIsFreeFormat>0</CSItemIsFreeFormat><CSValue><CSValueCode>VA4019950</CSValueCode><CSValueName>弹性贴面系统</CSValueName><CSValueRank>13</CSValueRank></CSValue><CSValue><CSValueCode>VA4019953</CSValueCode><CSValueName>3D 智能贴合系统</CSValueName><CSValueRank>17</CSValueRank></CSValue><CSValue><CSValueCode>VA4083851</CSValueCode><CSValueName>AutoFocus 可旋转设计</CSValueName><CSValueRank>26</CSValueRank></CSValue></CSItem></CSChapter><CSChapter><CSChapterCode>3000815</CSChapterCode><CSChapterName>附件</CSChapterName><CSChapterRank>2</CSChapterRank><CSItem><CSItemCode>IT4007992</CSItemCode><CSItemName>维护</CSItemName><CSItemRank>18</CSItemRank><CSItemIsFreeFormat>0</CSItemIsFreeFormat><CSValue><CSValueCode>VA4019995</CSValueCode><CSValueName>清洁刷</CSValueName><CSValueRank>8</CSValueRank></CSValue><CSValue><CSValueCode>VA4019996</CSValueCode><CSValueName>保护盖</CSValueName><CSValueRank>12</CSValueRank></CSValue></CSItem><CSItem><CSItemCode>IT4010248</CSItemCode><CSItemName>附件</CSItemName><CSItemRank>29</CSItemRank><CSItemIsFreeFormat>0</CSItemIsFreeFormat><CSValue><CSValueCode>VA4083849</CSValueCode><CSValueName>卡入式修剪器</CSValueName><CSValueRank>11</CSValueRank></CSValue></CSItem></CSChapter><CSChapter><CSChapterCode>3001096</CSChapterCode><CSChapterName>设计</CSChapterName><CSChapterRank>4</CSChapterRank><CSItem><CSItemCode>IT4008709</CSItemCode><CSItemName>手柄</CSItemName><CSItemRank>4</CSItemRank><CSItemIsFreeFormat>0</CSItemIsFreeFormat><CSValue><CSValueCode>VA4052858</CSValueCode><CSValueName>防滑手柄</CSValueName><CSValueRank>23</CSValueRank></CSValue></CSItem><CSItem><CSItemCode>IT4007987</CSItemCode><CSItemName>表面处理</CSItemName><CSItemRank>8</CSItemRank><CSItemIsFreeFormat>0</CSItemIsFreeFormat><CSValue><CSValueCode>VA4052855</CSValueCode><CSValueName>高光铬环</CSValueName><CSValueRank>29</CSValueRank></CSValue><CSValue><CSValueCode>VA4030650</CSValueCode><CSValueName>前盖（涂漆）</CSValueName><CSValueRank>30</CSValueRank></CSValue></CSItem><CSItem><CSItemCode>S_0000001</CSItemCode><CSItemName>颜色</CSItemName><CSItemRank>23</CSItemRank><CSItemIsFreeFormat>1</CSItemIsFreeFormat><CSValue><CSValueCode>VA4007102</CSValueCode><CSValueName>深褐色</CSValueName><CSValueRank>1</CSValueRank></CSValue></CSItem></CSChapter><CSChapter><CSChapterCode>CH4001524</CSChapterCode><CSChapterName>操作简易</CSChapterName><CSChapterRank>5</CSChapterRank><CSItem><CSItemCode>IT4007980</CSItemCode><CSItemName>显示屏</CSItemName><CSItemRank>7</CSItemRank><CSItemIsFreeFormat>0</CSItemIsFreeFormat><CSValue><CSValueCode>VA4030381</CSValueCode><CSValueName>电池电量低显示灯</CSValueName><CSValueRank>33</CSValueRank></CSValue><CSValue><CSValueCode>VA4079281</CSValueCode><CSValueName>适配器带有充电指示灯</CSValueName><CSValueRank>34</CSValueRank></CSValue><CSValue><CSValueCode>VA4030327</CSValueCode><CSValueName>2 个 LED 指示灯</CSValueName><CSValueRank>35</CSValueRank></CSValue></CSItem><CSItem><CSItemCode>IT4007981</CSItemCode><CSItemName>充电</CSItemName><CSItemRank>11</CSItemRank><CSItemIsFreeFormat>0</CSItemIsFreeFormat><CSValue><CSValueCode>VA4019965</CSValueCode><CSValueName>充电式设计</CSValueName><CSValueRank>1</CSValueRank></CSValue><CSValue><CSValueCode>VA4052859</CSValueCode><CSValueName>电源插头/电源线</CSValueName><CSValueRank>32</CSValueRank></CSValue></CSItem><CSItem><CSItemCode>IT4007985</CSItemCode><CSItemName>清洁</CSItemName><CSItemRank>25</CSItemRank><CSItemIsFreeFormat>0</CSItemIsFreeFormat><CSValue><CSValueCode>VA4063376</CSValueCode><CSValueName>可完全水洗</CSValueName><CSValueRank>18</CSValueRank></CSValue></CSItem><CSItem><CSItemCode>IT4015296</CSItemCode><CSItemName>充电时间</CSItemName><CSItemRank>27</CSItemRank><CSItemIsFreeFormat>0</CSItemIsFreeFormat><CSValue><CSValueCode>VA4052861</CSValueCode><CSValueName>10 小时</CSValueName><CSValueRank>9</CSValueRank></CSValue></CSItem><CSItem><CSItemCode>IT4008711</CSItemCode><CSItemName>剃须时间</CSItemName><CSItemRank>28</CSItemRank><CSItemIsFreeFormat>0</CSItemIsFreeFormat><CSValue><CSValueCode>VA4046655</CSValueCode><CSValueName>30 分钟</CSValueName><CSValueRank>7</CSValueRank></CSValue></CSItem></CSChapter><CSChapter><CSChapterCode>3000821</CSChapterCode><CSChapterName>功率</CSChapterName><CSChapterRank>6</CSChapterRank><CSItem><CSItemCode>3006920</CSItemCode><CSItemName>电池类型</CSItemName><CSItemRank>1</CSItemRank><CSItemIsFreeFormat>0</CSItemIsFreeFormat><CSValue><CSValueCode>3033284</CSValueCode><CSValueName>镍氢电池</CSValueName><CSValueRank>10</CSValueRank></CSValue></CSItem><CSItem><CSItemCode>IT4015297</CSItemCode><CSItemName>自动电压</CSItemName><CSItemRank>15</CSItemRank><CSItemIsFreeFormat>0</CSItemIsFreeFormat><CSValue><CSValueCode>VA4030670</CSValueCode><CSValueName>100-240 伏</CSValueName><CSValueRank>3</CSValueRank></CSValue></CSItem><CSItem><CSItemCode>IT4009439</CSItemCode><CSItemName>待机功耗</CSItemName><CSItemRank>21</CSItemRank><CSItemIsFreeFormat>0</CSItemIsFreeFormat><CSValue><CSValueCode>VA4033102</CSValueCode><CSValueName>&lt; 0.25</CSValueName><CSValueRank>5</CSValueRank></CSValue><UnitOfMeasure><UnitOfMeasureCode>3000072</UnitOfMeasureCode><UnitOfMeasureName>瓦特</UnitOfMeasureName><UnitOfMeasureSymbol>瓦</UnitOfMeasureSymbol></UnitOfMeasure></CSItem></CSChapter><CSChapter><CSChapterCode>CHA_0000049</CSChapterCode><CSChapterName>服务</CSChapterName><CSChapterRank>7</CSChapterRank><CSItem><CSItemCode>IT4002813</CSItemCode><CSItemName>2 年保修</CSItemName><CSItemRank>3</CSItemRank><CSItemIsFreeFormat>0</CSItemIsFreeFormat><CSValue><CSValueCode>VA4011021</CSValueCode><CSValueName>是</CSValueName><CSValueRank>4</CSValueRank></CSValue></CSItem><CSItem><CSItemCode>IT4015371</CSItemCode><CSItemName>替换刀头</CSItemName><CSItemRank>19</CSItemRank><CSItemIsFreeFormat>0</CSItemIsFreeFormat><CSValue><CSValueCode>VA4083781</CSValueCode><CSValueName>每两年使用 SH30 更换一次</CSValueName><CSValueRank>31</CSValueRank></CSValue></CSItem></CSChapter><Filters><Purpose type="Comparison"><Features><Feature code="F400068324" rank="1" referenceName="ComfortCut (Wukong MLU)"/><Feature code="F400068323_S551_12" rank="2" referenceName="3D contour following (Wukong MLU)"/><Feature code="F400068325" rank="3" referenceName="AutoFocus Pivot (Wukong MLU)"/><Feature code="F400068821" rank="4" referenceName="Designed for precision (Wukong MLU)"/><Feature code="F400068326" rank="5" referenceName="SmartClick trimmer (Wukong MLU)"/><Feature code="F400068823" rank="6" referenceName="Washable(Wukong MLU)"/><Feature code="F400068824_S551_12" rank="7" referenceName="Anti slip grip (Wukong MLU)"/><Feature code="F400068827" rank="8" referenceName="Battery Low Indicator (Wukong MLU)"/></Features><CSItems><CSItem code="3006920" rank="1" referenceName="功率 - 电池类型"/><CSItem code="IT4007976" rank="2" referenceName="剃须性能 - 剃须系统"/><CSItem code="IT4002813" rank="3" referenceName="服务 - 2 年保修"/><CSItem code="IT4008709" rank="4" referenceName="设计 - 手柄"/><CSItem code="IT4007980" rank="7" referenceName="操作简易 - 显示屏"/><CSItem code="IT4007987" rank="8" referenceName="设计 - 表面处理"/><CSItem code="IT4007981" rank="11" referenceName="操作简易 - 充电"/><CSItem code="IT4007977" rank="12" referenceName="剃须性能 - 面部轮廓跟踪"/><CSItem code="IT4015297" rank="15" referenceName="功率 - 自动电压"/><CSItem code="IT4007992" rank="18" referenceName="附件 - 维护"/><CSItem code="IT4015371" rank="19" referenceName="服务 - 替换刀头"/><CSItem code="IT4009439" rank="21" referenceName="功率 - 待机功耗"/><CSItem code="S_0000001" rank="23" referenceName="设计 - 颜色"/><CSItem code="IT4007985" rank="25" referenceName="操作简易 - 清洁"/><CSItem code="IT4015296" rank="27" referenceName="操作简易 - 充电时间"/><CSItem code="IT4008711" rank="28" referenceName="操作简易 - 剃须时间"/><CSItem code="IT4010248" rank="29" referenceName="附件 - 附件"/></CSItems></Purpose><Purpose type="Detail"><Features><Feature code="F400068324" rank="1" referenceName="ComfortCut (Wukong MLU)"/><Feature code="F400068323_S551_12" rank="2" referenceName="3D contour following (Wukong MLU)"/><Feature code="F400068325" rank="3" referenceName="AutoFocus Pivot (Wukong MLU)"/><Feature code="F400068821" rank="4" referenceName="Designed for precision (Wukong MLU)"/><Feature code="F400068326" rank="5" referenceName="SmartClick trimmer (Wukong MLU)"/><Feature code="F400068823" rank="6" referenceName="Washable(Wukong MLU)"/><Feature code="F400068824_S551_12" rank="7" referenceName="Anti slip grip (Wukong MLU)"/><Feature code="F400068827" rank="8" referenceName="Battery Low Indicator (Wukong MLU)"/></Features><CSItems><CSItem code="3006920" rank="1" referenceName="功率 - 电池类型"/><CSItem code="IT4007976" rank="2" referenceName="剃须性能 - 剃须系统"/><CSItem code="IT4002813" rank="3" referenceName="服务 - 2 年保修"/><CSItem code="IT4008709" rank="4" referenceName="设计 - 手柄"/><CSItem code="IT4007980" rank="7" referenceName="操作简易 - 显示屏"/><CSItem code="IT4007987" rank="8" referenceName="设计 - 表面处理"/><CSItem code="IT4007981" rank="11" referenceName="操作简易 - 充电"/><CSItem code="IT4007977" rank="12" referenceName="剃须性能 - 面部轮廓跟踪"/><CSItem code="IT4015297" rank="15" referenceName="功率 - 自动电压"/><CSItem code="IT4007992" rank="18" referenceName="附件 - 维护"/><CSItem code="IT4015371" rank="19" referenceName="服务 - 替换刀头"/><CSItem code="IT4009439" rank="21" referenceName="功率 - 待机功耗"/><CSItem code="S_0000001" rank="23" referenceName="设计 - 颜色"/><CSItem code="IT4007985" rank="25" referenceName="操作简易 - 清洁"/><CSItem code="IT4015296" rank="27" referenceName="操作简易 - 充电时间"/><CSItem code="IT4008711" rank="28" referenceName="操作简易 - 剃须时间"/><CSItem code="IT4010248" rank="29" referenceName="附件 - 附件"/></CSItems></Purpose></Filters><FeatureCompareGroups/><Disclaimers/><Award AwardType="global"><AwardCode>GA_GREEN</AwardCode><AwardName>飞利浦绿色标志</AwardName><AwardDescription>飞利浦绿色产品可以降低成本、节省能源和减少二氧化碳排放。如何做到？它们在一个或多个飞利浦绿色焦点领域 – 能效、包装、有害物质、重量、回收和处理，还有使用寿命可靠性做出了显著的环保改善。</AwardDescription><AwardText>飞利浦绿色标志</AwardText><AwardRank>3</AwardRank></Award><ProductReference ProductReferenceType="Accessory"><CTN>CP0480/01</CTN><ProductReferenceRank>0</ProductReferenceRank></ProductReference><ProductReference ProductReferenceType="Accessory"><CTN>CP0481/01</CTN><ProductReferenceRank>0</ProductReferenceRank></ProductReference><ProductReference ProductReferenceType="Accessory"><CTN>HQ110/01</CTN><ProductReferenceRank>0</ProductReferenceRank></ProductReference><ProductReference ProductReferenceType="Accessory"><CTN>HQ110/02</CTN><ProductReferenceRank>0</ProductReferenceRank></ProductReference><ProductReference ProductReferenceType="Accessory"><CTN>HQ110/42</CTN><ProductReferenceRank>0</ProductReferenceRank></ProductReference><ProductReference ProductReferenceType="Accessory"><CTN>SH30/20</CTN><ProductReferenceRank>0</ProductReferenceRank></ProductReference><ProductReference ProductReferenceType="Accessory"><CTN>SH30/21</CTN><ProductReferenceRank>0</ProductReferenceRank></ProductReference><RichTexts/></Product></Products>