<?xml version="1.0" encoding="UTF-8"?><Products xmlns:source="http://apache.org/cocoon/source/1.0" DocStatus="approved" DocTimeStamp="2018-10-24T13:07:13"><Product Country="CN" IsAccessory="false" IsMaster="false" Locale="zh_CN" lastModified="2018-10-24T05:16:14" masterLastModified="2018-10-19T00:31:00"><CTN>436M6VBRAB/93</CTN><Code12NC>867000149609</Code12NC><GTIN>6951613913376</GTIN><MarketingVersion>7.0.1</MarketingVersion><MarketingStatus>Final Published</MarketingStatus><CRDate>2018-02-02</CRDate><CRDateYW>201805</CRDateYW><ModelYears><ModelYear>2018</ModelYear><ModelYear>2019</ModelYear></ModelYears><ProductDivision><ProductDivisionCode>0200</ProductDivisionCode><ProductDivisionName>Consumer Lifestyle</ProductDivisionName><FormerPDCode>3400</FormerPDCode></ProductDivision><ProductOwner>Jessica Chang</ProductOwner><DTN>436M6VBRAB/93</DTN><Catalog><StartOfPublication>2018-03-02T00:00:00</StartOfPublication><EndOfPublication>2023-06-02T00:00:00</EndOfPublication><StartOfSales>2018-03-02T00:00:00</StartOfSales><EndOfSales>2023-06-02T00:00:00</EndOfSales><DummyPrice/><Deleted>false</Deleted><DeleteAfterDate/><ProductRank>93</ProductRank></Catalog><FinancialCategorization><BusinessGroupCode>6918</BusinessGroupCode><BusinessGroupName>TV</BusinessGroupName><BusinessUnitCode>0655</BusinessUnitCode><BusinessUnitName>Monitors</BusinessUnitName><MainArticleGroupCode>J89</MainArticleGroupCode><MainArticleGroupName>Monitors</MainArticleGroupName><ArticleGroupCode>3789</ArticleGroupCode><ArticleGroupName>Monitors global</ArticleGroupName></FinancialCategorization><Categorization type="CONSUMER"><GroupCode>SOUND_AND_VISION_GR</GroupCode><GroupName>Sound &amp; vision</GroupName><CategoryCode>SV_MONITORS_CA</CategoryCode><CategoryName>Monitors</CategoryName><SubcategoryCode>ULTRA_WIDE_SU</SubcategoryCode><SubcategoryName>Ultra-wide</SubcategoryName></Categorization><Assets><Asset code="436M6VBRAB_93" description="User manual" extension="pdf" lastModified="2018-04-09" locale="zh_CN" number="001" type="DFU">http://download.p4c.philips.com/files/4/436m6vbrab_93/436m6vbrab_93_dfu_zhs.pdf</Asset><Asset code="436M6VBRAB_93" description="Leaflet" extension="pdf" lastModified="2018-08-06" locale="zh_CN" number="001" type="PSS">http://download.p4c.philips.com/files/4/436m6vbrab_93/436m6vbrab_93_pss_zhscn.pdf</Asset><Asset code="436M6VBRAB_93" description="Retail Trade Leaflet" extension="pdf" lastModified="2018-10-12" locale="zh_CN" number="001" type="RTL">http://download.p4c.philips.com/files/4/436m6vbrab_93/436m6vbrab_93_rtl_zhscn.pdf</Asset><Asset code="436M6VBRAB_93" description="Front product photograph - highres 2196x1795" extension="tif" lastModified="2017-11-20" locale="global" number="001" type="_FP">http://images.philips.com/is/image/PhilipsConsumer/436M6VBRAB_93-_FP-global-001</Asset><Asset code="436M6VBRAB_93" description="Leaflet" extension="pdf" lastModified="2018-10-21" locale="global" number="001" type="PSS">http://download.p4c.philips.com/files/4/436m6vbrab_93/436m6vbrab_93_pss_.pdf</Asset><Asset code="436M6VBRAB_93" description="Standard product photograph - highres 2196x1795" extension="tif" lastModified="2017-11-10" locale="global" number="001" type="RTP">http://images.philips.com/is/image/PhilipsConsumer/436M6VBRAB_93-RTP-global-001</Asset><Asset code="436M6VBRAB_93" description="Single product shot" extension="" lastModified="2018-10-24" locale="zh_CN" number="" type="IMS">http://images.philips.com/is/image/PhilipsConsumer/436M6VBRAB_93-IMS-zh_CN</Asset><Asset code="436M6VBRAB_93" description="Product gallery image set" extension="" lastModified="2018-10-24" locale="zh_CN" number="" type="GAL">http://images.philips.com/is/image/PhilipsConsumer/436M6VBRAB_93-GAL-zh_CN</Asset><Asset code="436M6VBRAB_93" description="Product URL" extension="" lastModified="2018-10-24" locale="zh_CN" number="" type="URL">http://www.philips.com.cn/c-p/436M6VBRAB_93/momentum-4k-hdr-display-with-ambiglow</Asset></Assets><ProductName>Momentum 4K HDR 显示器，采用 Ambiglow 技术</ProductName><FullProductName>飞利浦 Momentum 4K HDR 显示器，采用 Ambiglow 技术 436M6VBRAB Momentum 43（对角 42.51 英寸/108 厘米）4K UHD (3840 x 2160)</FullProductName><NamingString><MasterBrand><BrandCode>PHI</BrandCode><BrandName>Philips</BrandName></MasterBrand><BrandString>飞利浦</BrandString><Concept><ConceptCode>SB40008911</ConceptCode><ConceptName>Momentum</ConceptName><ConceptNameUsed>1</ConceptNameUsed></Concept><Descriptor><DescriptorCode>D4030187</DescriptorCode><DescriptorName>4K HDR 显示器，采用 Ambiglow 技术</DescriptorName></Descriptor><Alphanumeric>436M6VBRAB</Alphanumeric><VersionElement1><VersionElementCode>V4044268</VersionElementCode><VersionElementName>Momentum</VersionElementName></VersionElement1><VersionElement2><VersionElementCode>V4041177</VersionElementCode><VersionElementName>43（对角 42.51 英寸/108 厘米）</VersionElementName></VersionElement2><VersionElement3><VersionElementCode>V4034503</VersionElementCode><VersionElementName>4K UHD (3840 x 2160)</VersionElementName></VersionElement3><VersionString>Momentum 43（对角 42.51 英寸/108 厘米）4K UHD (3840 x 2160)</VersionString><BrandedFeatureString/><DescriptorBrandedFeatureString>4K HDR 显示器，采用 Ambiglow 技术</DescriptorBrandedFeatureString></NamingString><WOW>尽情享受当下</WOW><MarketingTextHeader>Momentum 显示器搭载 HDR 和身临其境的 Ambiglow 灯光效果，为您带来新层次的沉浸式娱乐体验。超宽超高清显示器搭载 HDR 技术，让您拥有完美画质，尽享所有细节。</MarketingTextHeader><KeyBenefitArea><KeyBenefitAreaCode>K4027898</KeyBenefitAreaCode><KeyBenefitAreaName>延伸您的观赏体验</KeyBenefitAreaName><KeyBenefitAreaRank>1</KeyBenefitAreaRank></KeyBenefitArea><KeyBenefitArea><KeyBenefitAreaCode>K4019514</KeyBenefitAreaCode><KeyBenefitAreaName>卓越的画质</KeyBenefitAreaName><KeyBenefitAreaRank>2</KeyBenefitAreaRank></KeyBenefitArea><KeyBenefitArea><KeyBenefitAreaCode>K4015203</KeyBenefitAreaCode><KeyBenefitAreaName>性能卓越</KeyBenefitAreaName><KeyBenefitAreaRank>3</KeyBenefitAreaRank></KeyBenefitArea><KeyBenefitArea><KeyBenefitAreaCode>K4029064</KeyBenefitAreaCode><KeyBenefitAreaName>专为您的工作方式精心设计</KeyBenefitAreaName><KeyBenefitAreaRank>4</KeyBenefitAreaRank></KeyBenefitArea><CSChapter><CSChapterCode>3000796</CSChapterCode><CSChapterName>图片/显示</CSChapterName><CSChapterRank>1</CSChapterRank><CSItem><CSItemCode>3006169</CSItemCode><CSItemName>LCD 面板类型</CSItemName><CSItemRank>1</CSItemRank><CSItemIsFreeFormat>0</CSItemIsFreeFormat><CSValue><CSValueCode>VA4015326</CSValueCode><CSValueName>MVA</CSValueName><CSValueRank>1</CSValueRank></CSValue></CSItem><CSItem><CSItemCode>IT4007209</CSItemCode><CSItemName>背光类型</CSItemName><CSItemRank>2</CSItemRank><CSItemIsFreeFormat>1</CSItemIsFreeFormat><CSValue><CSValueCode>VA4018797</CSValueCode><CSValueName>W-LED 系统</CSValueName><CSValueRank>1</CSValueRank></CSValue></CSItem><CSItem><CSItemCode>3006180</CSItemCode><CSItemName>面板尺寸</CSItemName><CSItemRank>3</CSItemRank><CSItemIsFreeFormat>1</CSItemIsFreeFormat><CSValue><CSValueCode>3031218</CSValueCode><CSValueName>42.51 英寸/108 厘米</CSValueName><CSValueRank>1</CSValueRank></CSValue></CSItem><CSItem><CSItemCode>IT4044130</CSItemCode><CSItemName>显示屏涂层</CSItemName><CSItemRank>4</CSItemRank><CSItemIsFreeFormat>1</CSItemIsFreeFormat><CSValue><CSValueCode>VA4101537</CSValueCode><CSValueName>防眩，3H，雾度 2%</CSValueName><CSValueRank>1</CSValueRank></CSValue></CSItem><CSItem><CSItemCode>IT4044592</CSItemCode><CSItemName>色域（最小）</CSItemName><CSItemRank>5</CSItemRank><CSItemIsFreeFormat>1</CSItemIsFreeFormat><CSValue><CSValueCode>VA4102434</CSValueCode><CSValueName>BT.709 覆盖范围：100%*；DCI-P3 覆盖范围：97.6%*</CSValueName><CSValueRank>1</CSValueRank></CSValue></CSItem><CSItem><CSItemCode>IT4043471</CSItemCode><CSItemName>HDR</CSItemName><CSItemRank>6</CSItemRank><CSItemIsFreeFormat>1</CSItemIsFreeFormat><CSValue><CSValueCode>VA4100179</CSValueCode><CSValueName>DisplayHDR400 认证</CSValueName><CSValueRank>1</CSValueRank></CSValue></CSItem><CSItem><CSItemCode>3006149</CSItemCode><CSItemName>有效显示区</CSItemName><CSItemRank>7</CSItemRank><CSItemIsFreeFormat>1</CSItemIsFreeFormat><CSValue><CSValueCode>3031161</CSValueCode><CSValueName>941.18（水平）x 529.42（垂直）</CSValueName><CSValueRank>1</CSValueRank></CSValue></CSItem><CSItem><CSItemCode>3006121</CSItemCode><CSItemName>宽高比</CSItemName><CSItemRank>8</CSItemRank><CSItemIsFreeFormat>0</CSItemIsFreeFormat><CSValue><CSValueCode>3031098</CSValueCode><CSValueName>16:9</CSValueName><CSValueRank>1</CSValueRank></CSValue></CSItem><CSItem><CSItemCode>3006193</CSItemCode><CSItemName>最佳分辨率</CSItemName><CSItemRank>9</CSItemRank><CSItemIsFreeFormat>1</CSItemIsFreeFormat><CSValue><CSValueCode>3031277</CSValueCode><CSValueName>3840 x 2160 @ 60 Hz</CSValueName><CSValueRank>1</CSValueRank></CSValue></CSItem><CSItem><CSItemCode>IT4041772</CSItemCode><CSItemName>像素密度</CSItemName><CSItemRank>10</CSItemRank><CSItemIsFreeFormat>1</CSItemIsFreeFormat><CSValue><CSValueCode>VA4096901</CSValueCode><CSValueName>103.64 PPI</CSValueName><CSValueRank>1</CSValueRank></CSValue></CSItem><CSItem><CSItemCode>IT4039893</CSItemCode><CSItemName>响应时间（标准）</CSItemName><CSItemRank>11</CSItemRank><CSItemIsFreeFormat>1</CSItemIsFreeFormat><CSValue><CSValueCode>VA4093235</CSValueCode><CSValueName>4 毫秒（灰阶响应时间）*</CSValueName><CSValueRank>1</CSValueRank></CSValue></CSItem><CSItem><CSItemCode>3006127</CSItemCode><CSItemName>亮度</CSItemName><CSItemRank>12</CSItemRank><CSItemIsFreeFormat>1</CSItemIsFreeFormat><CSValue><CSValueCode>3031110</CSValueCode><CSValueName>450</CSValueName><CSValueRank>1</CSValueRank></CSValue><UnitOfMeasure><UnitOfMeasureCode>3000038</UnitOfMeasureCode><UnitOfMeasureName>cd/m²</UnitOfMeasureName><UnitOfMeasureSymbol>cd/m²</UnitOfMeasureSymbol></UnitOfMeasure></CSItem><CSItem><CSItemCode>3006133</CSItemCode><CSItemName>对比度（标准）</CSItemName><CSItemRank>13</CSItemRank><CSItemIsFreeFormat>1</CSItemIsFreeFormat><CSValue><CSValueCode>3031116</CSValueCode><CSValueName>4000:1</CSValueName><CSValueRank>1</CSValueRank></CSValue></CSItem><CSItem><CSItemCode>IT4006148</CSItemCode><CSItemName>SmartContrast</CSItemName><CSItemRank>14</CSItemRank><CSItemIsFreeFormat>1</CSItemIsFreeFormat><CSValue><CSValueCode>VA4017351</CSValueCode><CSValueName>50,000,000:1</CSValueName><CSValueRank>1</CSValueRank></CSValue></CSItem><CSItem><CSItemCode>3006186</CSItemCode><CSItemName>像素间距</CSItemName><CSItemRank>15</CSItemRank><CSItemIsFreeFormat>1</CSItemIsFreeFormat><CSValue><CSValueCode>3031270</CSValueCode><CSValueName>0.245 x 0.245 毫米</CSValueName><CSValueRank>1</CSValueRank></CSValue></CSItem><CSItem><CSItemCode>3007518</CSItemCode><CSItemName>视角</CSItemName><CSItemRank>16</CSItemRank><CSItemIsFreeFormat>0</CSItemIsFreeFormat><CSValue><CSValueCode>VA4002901</CSValueCode><CSValueName>178º（水平）/178º（垂直）</CSValueName><CSValueRank>1</CSValueRank></CSValue><CSValue><CSValueCode>3035028</CSValueCode><CSValueName>@ C/R &gt; 10</CSValueName><CSValueRank>2</CSValueRank></CSValue></CSItem><CSItem><CSItemCode>IT4036934</CSItemCode><CSItemName>无闪烁</CSItemName><CSItemRank>17</CSItemRank><CSItemIsFreeFormat>1</CSItemIsFreeFormat><CSValue><CSValueCode>VA4085801</CSValueCode><CSValueName>Y</CSValueName><CSValueRank>1</CSValueRank></CSValue></CSItem><CSItem><CSItemCode>3006183</CSItemCode><CSItemName>画面效果增强</CSItemName><CSItemRank>18</CSItemRank><CSItemIsFreeFormat>0</CSItemIsFreeFormat><CSValue><CSValueCode>3049169</CSValueCode><CSValueName>SmartImage</CSValueName><CSValueRank>1</CSValueRank></CSValue></CSItem><CSItem><CSItemCode>3006143</CSItemCode><CSItemName>显示屏色彩</CSItemName><CSItemRank>19</CSItemRank><CSItemIsFreeFormat>1</CSItemIsFreeFormat><CSValue><CSValueCode>3031126</CSValueCode><CSValueName>10.7 亿色（10 位*）</CSValueName><CSValueRank>1</CSValueRank></CSValue></CSItem><CSItem><CSItemCode>IT4006149</CSItemCode><CSItemName>扫描频率</CSItemName><CSItemRank>20</CSItemRank><CSItemIsFreeFormat>1</CSItemIsFreeFormat><CSValue><CSValueCode>VA4017352</CSValueCode><CSValueName>23 - 80 赫兹（垂直）/ 30 - 160 千赫（水平）</CSValueName><CSValueRank>1</CSValueRank></CSValue></CSItem><CSItem><CSItemCode>3006207</CSItemCode><CSItemName>sRGB</CSItemName><CSItemRank>21</CSItemRank><CSItemIsFreeFormat>1</CSItemIsFreeFormat><CSValue><CSValueCode>3031306</CSValueCode><CSValueName>Y</CSValueName><CSValueRank>1</CSValueRank></CSValue></CSItem><CSItem><CSItemCode>IT4042884</CSItemCode><CSItemName>自适应同步</CSItemName><CSItemRank>22</CSItemRank><CSItemIsFreeFormat>1</CSItemIsFreeFormat><CSValue><CSValueCode>VA4099058</CSValueCode><CSValueName>Y</CSValueName><CSValueRank>1</CSValueRank></CSValue></CSItem><CSItem><CSItemCode>IT4042826</CSItemCode><CSItemName>LowBlue 模式</CSItemName><CSItemRank>23</CSItemRank><CSItemIsFreeFormat>1</CSItemIsFreeFormat><CSValue><CSValueCode>VA4098941</CSValueCode><CSValueName>Y</CSValueName><CSValueRank>1</CSValueRank></CSValue></CSItem></CSChapter><CSChapter><CSChapterCode>3000813</CSChapterCode><CSChapterName>连接</CSChapterName><CSChapterRank>2</CSChapterRank><CSItem><CSItemCode>3006576</CSItemCode><CSItemName>信号输入</CSItemName><CSItemRank>1</CSItemRank><CSItemIsFreeFormat>0</CSItemIsFreeFormat><CSValue><CSValueCode>3036216</CSValueCode><CSValueName>VGA（模拟）</CSValueName><CSValueRank>1</CSValueRank></CSValue><CSValue><CSValueCode>VA4104964</CSValueCode><CSValueName>DisplayPort 1.4 x 1</CSValueName><CSValueRank>2</CSValueRank></CSValue><CSValue><CSValueCode>VA4101567</CSValueCode><CSValueName>HDMI 2.0 x 2</CSValueName><CSValueRank>3</CSValueRank></CSValue><CSValue><CSValueCode>VA4101568</CSValueCode><CSValueName>USB-C（DP Alt 模式）</CSValueName><CSValueRank>4</CSValueRank></CSValue></CSItem><CSItem><CSItemCode>3006583</CSItemCode><CSItemName>USB</CSItemName><CSItemRank>2</CSItemRank><CSItemIsFreeFormat>0</CSItemIsFreeFormat><CSValue><CSValueCode>VA4083189</CSValueCode><CSValueName>USB 3.0x3（1 瓦/快速充电）*</CSValueName><CSValueRank>1</CSValueRank></CSValue></CSItem><CSItem><CSItemCode>3006588</CSItemCode><CSItemName>同步输入</CSItemName><CSItemRank>3</CSItemRank><CSItemIsFreeFormat>0</CSItemIsFreeFormat><CSValue><CSValueCode>3032392</CSValueCode><CSValueName>单独同步</CSValueName><CSValueRank>1</CSValueRank></CSValue><CSValue><CSValueCode>3032393</CSValueCode><CSValueName>同步时呈绿色</CSValueName><CSValueRank>2</CSValueRank></CSValue></CSItem><CSItem><CSItemCode>IT4005621</CSItemCode><CSItemName>音频（输入/输出）</CSItemName><CSItemRank>4</CSItemRank><CSItemIsFreeFormat>0</CSItemIsFreeFormat><CSValue><CSValueCode>VA4025083</CSValueCode><CSValueName>电脑音频输入</CSValueName><CSValueRank>1</CSValueRank></CSValue><CSValue><CSValueCode>VA4025085</CSValueCode><CSValueName>耳机输出</CSValueName><CSValueRank>2</CSValueRank></CSValue></CSItem></CSChapter><CSChapter><CSChapterCode>3000814</CSChapterCode><CSChapterName>便利性</CSChapterName><CSChapterRank>3</CSChapterRank><CSItem><CSItemCode>3006718</CSItemCode><CSItemName>遥控器类型</CSItemName><CSItemRank>1</CSItemRank><CSItemIsFreeFormat>1</CSItemIsFreeFormat><CSValue><CSValueCode>3032848</CSValueCode><CSValueName>飞利浦 RC6 遥控器</CSValueName><CSValueRank>1</CSValueRank></CSValue></CSItem><CSItem><CSItemCode>IT4014853</CSItemCode><CSItemName>内置扬声器</CSItemName><CSItemRank>2</CSItemRank><CSItemIsFreeFormat>1</CSItemIsFreeFormat><CSValue><CSValueCode>VA4028064</CSValueCode><CSValueName>7 W x 2（具有 DTS 音效）</CSValueName><CSValueRank>1</CSValueRank></CSValue></CSItem><CSItem><CSItemCode>IT4027495</CSItemCode><CSItemName>多视窗</CSItemName><CSItemRank>3</CSItemRank><CSItemIsFreeFormat>0</CSItemIsFreeFormat><CSValue><CSValueCode>VA4064597</CSValueCode><CSValueName>PIP/PBP 模式</CSValueName><CSValueRank>1</CSValueRank></CSValue><CSValue><CSValueCode>VA4101786</CSValueCode><CSValueName>4x 设备</CSValueName><CSValueRank>2</CSValueRank></CSValue></CSItem><CSItem><CSItemCode>3006633</CSItemCode><CSItemName>方便用户</CSItemName><CSItemRank>4</CSItemRank><CSItemIsFreeFormat>0</CSItemIsFreeFormat><CSValue><CSValueCode>VA4042581</CSValueCode><CSValueName>菜单/确定</CSValueName><CSValueRank>1</CSValueRank></CSValue><CSValue><CSValueCode>VA4090682</CSValueCode><CSValueName>输入/向上</CSValueName><CSValueRank>2</CSValueRank></CSValue><CSValue><CSValueCode>VA4095943</CSValueCode><CSValueName>SmartImage 游戏/返回</CSValueName><CSValueRank>3</CSValueRank></CSValue><CSValue><CSValueCode>VA4064642</CSValueCode><CSValueName>音量/减小</CSValueName><CSValueRank>4</CSValueRank></CSValue><CSValue><CSValueCode>VA4017554</CSValueCode><CSValueName>打开/关闭电源</CSValueName><CSValueRank>5</CSValueRank></CSValue></CSItem><CSItem><CSItemCode>IT4019071</CSItemCode><CSItemName>控制软件</CSItemName><CSItemRank>5</CSItemRank><CSItemIsFreeFormat>0</CSItemIsFreeFormat><CSValue><CSValueCode>VA4085179</CSValueCode><CSValueName>SmartControl</CSValueName><CSValueRank>1</CSValueRank></CSValue></CSItem><CSItem><CSItemCode>3006693</CSItemCode><CSItemName>OSD 语言</CSItemName><CSItemRank>6</CSItemRank><CSItemIsFreeFormat>0</CSItemIsFreeFormat><CSValue><CSValueCode>VA4065363</CSValueCode><CSValueName>巴西葡萄牙语</CSValueName><CSValueRank>1</CSValueRank></CSValue><CSValue><CSValueCode>3034561</CSValueCode><CSValueName>捷克语</CSValueName><CSValueRank>2</CSValueRank></CSValue><CSValue><CSValueCode>3034565</CSValueCode><CSValueName>荷兰语</CSValueName><CSValueRank>3</CSValueRank></CSValue><CSValue><CSValueCode>3032771</CSValueCode><CSValueName>简体中文</CSValueName><CSValueRank>4</CSValueRank></CSValue><CSValue><CSValueCode>VA4063224</CSValueCode><CSValueName>芬兰语</CSValueName><CSValueRank>5</CSValueRank></CSValue><CSValue><CSValueCode>3032772</CSValueCode><CSValueName>法语</CSValueName><CSValueRank>6</CSValueRank></CSValue><CSValue><CSValueCode>3032773</CSValueCode><CSValueName>德语</CSValueName><CSValueRank>7</CSValueRank></CSValue><CSValue><CSValueCode>VA4002508</CSValueCode><CSValueName>希腊语</CSValueName><CSValueRank>8</CSValueRank></CSValue><CSValue><CSValueCode>3034563</CSValueCode><CSValueName>匈牙利语</CSValueName><CSValueRank>9</CSValueRank></CSValue><CSValue><CSValueCode>3032774</CSValueCode><CSValueName>意大利语</CSValueName><CSValueRank>10</CSValueRank></CSValue><CSValue><CSValueCode>3038221</CSValueCode><CSValueName>日语</CSValueName><CSValueRank>11</CSValueRank></CSValue><CSValue><CSValueCode>3039946</CSValueCode><CSValueName>韩语</CSValueName><CSValueRank>12</CSValueRank></CSValue><CSValue><CSValueCode>3034564</CSValueCode><CSValueName>波兰语</CSValueName><CSValueRank>13</CSValueRank></CSValue><CSValue><CSValueCode>3032775</CSValueCode><CSValueName>葡萄牙语</CSValueName><CSValueRank>14</CSValueRank></CSValue><CSValue><CSValueCode>3032776</CSValueCode><CSValueName>俄语</CSValueName><CSValueRank>15</CSValueRank></CSValue><CSValue><CSValueCode>3034114</CSValueCode><CSValueName>简体中文</CSValueName><CSValueRank>16</CSValueRank></CSValue><CSValue><CSValueCode>3032777</CSValueCode><CSValueName>西班牙语</CSValueName><CSValueRank>17</CSValueRank></CSValue><CSValue><CSValueCode>3034562</CSValueCode><CSValueName>瑞典语</CSValueName><CSValueRank>18</CSValueRank></CSValue><CSValue><CSValueCode>3034115</CSValueCode><CSValueName>繁体中文</CSValueName><CSValueRank>19</CSValueRank></CSValue><CSValue><CSValueCode>3035749</CSValueCode><CSValueName>土耳其语</CSValueName><CSValueRank>20</CSValueRank></CSValue><CSValue><CSValueCode>VA4065364</CSValueCode><CSValueName>乌克兰语</CSValueName><CSValueRank>21</CSValueRank></CSValue></CSItem><CSItem><CSItemCode>3006694</CSItemCode><CSItemName>其它便利性</CSItemName><CSItemRank>7</CSItemRank><CSItemIsFreeFormat>0</CSItemIsFreeFormat><CSValue><CSValueCode>VA4098920</CSValueCode><CSValueName>Ambiglow</CSValueName><CSValueRank>1</CSValueRank></CSValue><CSValue><CSValueCode>VA4098918</CSValueCode><CSValueName>低输入迟滞</CSValueName><CSValueRank>2</CSValueRank></CSValue><CSValue><CSValueCode>3032778</CSValueCode><CSValueName>Kensington 锁</CSValueName><CSValueRank>3</CSValueRank></CSValue><CSValue><CSValueCode>VA4083617</CSValueCode><CSValueName>VESA 安装（200x200 毫米）</CSValueName><CSValueRank>4</CSValueRank></CSValue></CSItem><CSItem><CSItemCode>3006699</CSItemCode><CSItemName>即插即用兼容性</CSItemName><CSItemRank>8</CSItemRank><CSItemIsFreeFormat>0</CSItemIsFreeFormat><CSValue><CSValueCode>3043209</CSValueCode><CSValueName>DDC/CI</CSValueName><CSValueRank>1</CSValueRank></CSValue><CSValue><CSValueCode>3046249</CSValueCode><CSValueName>Mac OS X</CSValueName><CSValueRank>2</CSValueRank></CSValue><CSValue><CSValueCode>3032788</CSValueCode><CSValueName>sRGB</CSValueName><CSValueRank>3</CSValueRank></CSValue><CSValue><CSValueCode>VA4091311</CSValueCode><CSValueName>Windows 10 / 8.1 / 8 / 7</CSValueName><CSValueRank>4</CSValueRank></CSValue></CSItem></CSChapter><CSChapter><CSChapterCode>CH4000824</CSChapterCode><CSChapterName>底座</CSChapterName><CSChapterRank>4</CSChapterRank><CSItem><CSItemCode>IT4004954</CSItemCode><CSItemName>倾斜</CSItemName><CSItemRank>1</CSItemRank><CSItemIsFreeFormat>1</CSItemIsFreeFormat><CSValue><CSValueCode>VA4015659</CSValueCode><CSValueName>-5/10</CSValueName><CSValueRank>1</CSValueRank></CSValue><UnitOfMeasure><UnitOfMeasureCode>3000042</UnitOfMeasureCode><UnitOfMeasureName>度</UnitOfMeasureName><UnitOfMeasureSymbol>度</UnitOfMeasureSymbol></UnitOfMeasure></CSItem></CSChapter><CSChapter><CSChapterCode>3000821</CSChapterCode><CSChapterName>功率</CSChapterName><CSChapterRank>5</CSChapterRank><CSItem><CSItemCode>IT4005861</CSItemCode><CSItemName>开启模式</CSItemName><CSItemRank>1</CSItemRank><CSItemIsFreeFormat>1</CSItemIsFreeFormat><CSValue><CSValueCode>VA4017025</CSValueCode><CSValueName>120 瓦（标准）</CSValueName><CSValueRank>1</CSValueRank></CSValue></CSItem><CSItem><CSItemCode>IT4006150</CSItemCode><CSItemName>待机模式</CSItemName><CSItemRank>2</CSItemRank><CSItemIsFreeFormat>1</CSItemIsFreeFormat><CSValue><CSValueCode>VA4017360</CSValueCode><CSValueName>0.5 瓦（标准）</CSValueName><CSValueRank>1</CSValueRank></CSValue></CSItem><CSItem><CSItemCode>IT4006081</CSItemCode><CSItemName>关闭模式</CSItemName><CSItemRank>3</CSItemRank><CSItemIsFreeFormat>1</CSItemIsFreeFormat><CSValue><CSValueCode>VA4017285</CSValueCode><CSValueName>0.3 瓦（标准）</CSValueName><CSValueRank>1</CSValueRank></CSValue></CSItem><CSItem><CSItemCode>3006931</CSItemCode><CSItemName>电源 LED 指示灯</CSItemName><CSItemRank>4</CSItemRank><CSItemIsFreeFormat>0</CSItemIsFreeFormat><CSValue><CSValueCode>VA4015465</CSValueCode><CSValueName>工作 - 白色</CSValueName><CSValueRank>1</CSValueRank></CSValue><CSValue><CSValueCode>VA4017406</CSValueCode><CSValueName>待机模式 - 白色（闪烁）</CSValueName><CSValueRank>2</CSValueRank></CSValue></CSItem><CSItem><CSItemCode>3006932</CSItemCode><CSItemName>电源</CSItemName><CSItemRank>5</CSItemRank><CSItemIsFreeFormat>0</CSItemIsFreeFormat><CSValue><CSValueCode>VA4083295</CSValueCode><CSValueName>内部</CSValueName><CSValueRank>1</CSValueRank></CSValue><CSValue><CSValueCode>VA4050622</CSValueCode><CSValueName>100-240 伏交流，50-60 赫兹</CSValueName><CSValueRank>2</CSValueRank></CSValue></CSItem></CSChapter><CSChapter><CSChapterCode>3000820</CSChapterCode><CSChapterName>尺寸</CSChapterName><CSChapterRank>6</CSChapterRank><CSItem><CSItemCode>IT4005764</CSItemCode><CSItemName>带支座的产品（毫米）</CSItemName><CSItemRank>1</CSItemRank><CSItemIsFreeFormat>1</CSItemIsFreeFormat><CSValue><CSValueCode>VA4016930</CSValueCode><CSValueName>976 x 661 x 264</CSValueName><CSValueRank>1</CSValueRank></CSValue><UnitOfMeasure><UnitOfMeasureCode>3000058</UnitOfMeasureCode><UnitOfMeasureName>毫米</UnitOfMeasureName><UnitOfMeasureSymbol>毫米</UnitOfMeasureSymbol></UnitOfMeasure></CSItem><CSItem><CSItemCode>IT4005765</CSItemCode><CSItemName>不带支座的产品（毫米）</CSItemName><CSItemRank>2</CSItemRank><CSItemIsFreeFormat>1</CSItemIsFreeFormat><CSValue><CSValueCode>VA4016931</CSValueCode><CSValueName>976 x 574 x 63</CSValueName><CSValueRank>1</CSValueRank></CSValue><UnitOfMeasure><UnitOfMeasureCode>3000058</UnitOfMeasureCode><UnitOfMeasureName>毫米</UnitOfMeasureName><UnitOfMeasureSymbol>毫米</UnitOfMeasureSymbol></UnitOfMeasure></CSItem><CSItem><CSItemCode>IT4005766</CSItemCode><CSItemName>包装（宽x高x厚）（毫米）</CSItemName><CSItemRank>3</CSItemRank><CSItemIsFreeFormat>1</CSItemIsFreeFormat><CSValue><CSValueCode>VA4016932</CSValueCode><CSValueName>1090 x 764 x 338</CSValueName><CSValueRank>1</CSValueRank></CSValue><UnitOfMeasure><UnitOfMeasureCode>3000058</UnitOfMeasureCode><UnitOfMeasureName>毫米</UnitOfMeasureName><UnitOfMeasureSymbol>毫米</UnitOfMeasureSymbol></UnitOfMeasure></CSItem></CSChapter><CSChapter><CSChapterCode>CH4000702</CSChapterCode><CSChapterName>重量</CSChapterName><CSChapterRank>7</CSChapterRank><CSItem><CSItemCode>IT4005770</CSItemCode><CSItemName>带支座的产品（千克）</CSItemName><CSItemRank>1</CSItemRank><CSItemIsFreeFormat>1</CSItemIsFreeFormat><CSValue><CSValueCode>VA4016936</CSValueCode><CSValueName>12.72</CSValueName><CSValueRank>1</CSValueRank></CSValue><UnitOfMeasure><UnitOfMeasureCode>3000049</UnitOfMeasureCode><UnitOfMeasureName>千克</UnitOfMeasureName><UnitOfMeasureSymbol>千克</UnitOfMeasureSymbol></UnitOfMeasure></CSItem><CSItem><CSItemCode>IT4005771</CSItemCode><CSItemName>不带支座的产品（千克）</CSItemName><CSItemRank>2</CSItemRank><CSItemIsFreeFormat>1</CSItemIsFreeFormat><CSValue><CSValueCode>VA4016937</CSValueCode><CSValueName>11.97</CSValueName><CSValueRank>1</CSValueRank></CSValue><UnitOfMeasure><UnitOfMeasureCode>3000049</UnitOfMeasureCode><UnitOfMeasureName>千克</UnitOfMeasureName><UnitOfMeasureSymbol>千克</UnitOfMeasureSymbol></UnitOfMeasure></CSItem><CSItem><CSItemCode>IT4005772</CSItemCode><CSItemName>带包装的产品（千克）</CSItemName><CSItemRank>3</CSItemRank><CSItemIsFreeFormat>1</CSItemIsFreeFormat><CSValue><CSValueCode>VA4016938</CSValueCode><CSValueName>18.84</CSValueName><CSValueRank>1</CSValueRank></CSValue><UnitOfMeasure><UnitOfMeasureCode>3000049</UnitOfMeasureCode><UnitOfMeasureName>千克</UnitOfMeasureName><UnitOfMeasureSymbol>千克</UnitOfMeasureSymbol></UnitOfMeasure></CSItem></CSChapter><CSChapter><CSChapterCode>CH4000823</CSChapterCode><CSChapterName>使用条件</CSChapterName><CSChapterRank>8</CSChapterRank><CSItem><CSItemCode>IT4004946</CSItemCode><CSItemName>温度范围（工作）</CSItemName><CSItemRank>1</CSItemRank><CSItemIsFreeFormat>1</CSItemIsFreeFormat><CSValue><CSValueCode>VA4015651</CSValueCode><CSValueName>0 至 40</CSValueName><CSValueRank>1</CSValueRank></CSValue><UnitOfMeasure><UnitOfMeasureCode>3000081</UnitOfMeasureCode><UnitOfMeasureName>摄氏度</UnitOfMeasureName><UnitOfMeasureSymbol>°C</UnitOfMeasureSymbol></UnitOfMeasure></CSItem><CSItem><CSItemCode>IT4004947</CSItemCode><CSItemName>温度范围（存储）</CSItemName><CSItemRank>2</CSItemRank><CSItemIsFreeFormat>1</CSItemIsFreeFormat><CSValue><CSValueCode>VA4015652</CSValueCode><CSValueName>-20 至 60</CSValueName><CSValueRank>1</CSValueRank></CSValue><UnitOfMeasure><UnitOfMeasureCode>3000081</UnitOfMeasureCode><UnitOfMeasureName>摄氏度</UnitOfMeasureName><UnitOfMeasureSymbol>°C</UnitOfMeasureSymbol></UnitOfMeasure></CSItem><CSItem><CSItemCode>IT4004948</CSItemCode><CSItemName>相对湿度</CSItemName><CSItemRank>3</CSItemRank><CSItemIsFreeFormat>1</CSItemIsFreeFormat><CSValue><CSValueCode>VA4015653</CSValueCode><CSValueName>20%-80</CSValueName><CSValueRank>1</CSValueRank></CSValue><UnitOfMeasure><UnitOfMeasureCode>3000065</UnitOfMeasureCode><UnitOfMeasureName>百分比</UnitOfMeasureName><UnitOfMeasureSymbol>%</UnitOfMeasureSymbol></UnitOfMeasure></CSItem><CSItem><CSItemCode>IT4023612</CSItemCode><CSItemName>海拔</CSItemName><CSItemRank>4</CSItemRank><CSItemIsFreeFormat>1</CSItemIsFreeFormat><CSValue><CSValueCode>VA4054761</CSValueCode><CSValueName>工作：+12,000 英尺（3,658 米），非工作：+40,000 英尺（12,192 米）</CSValueName><CSValueRank>1</CSValueRank></CSValue></CSItem><CSItem><CSItemCode>IT4004949</CSItemCode><CSItemName>MTBF</CSItemName><CSItemRank>5</CSItemRank><CSItemIsFreeFormat>1</CSItemIsFreeFormat><CSValue><CSValueCode>VA4015654</CSValueCode><CSValueName>50000 小时（不包括背光）</CSValueName><CSValueRank>1</CSValueRank></CSValue><UnitOfMeasure><UnitOfMeasureCode>4000007</UnitOfMeasureCode><UnitOfMeasureName>-小时</UnitOfMeasureName><UnitOfMeasureSymbol>小时</UnitOfMeasureSymbol></UnitOfMeasure></CSItem></CSChapter><CSChapter><CSChapterCode>CH4000822</CSChapterCode><CSChapterName>可持续发展</CSChapterName><CSChapterRank>9</CSChapterRank><CSItem><CSItemCode>IT4004941</CSItemCode><CSItemName>环境和能源</CSItemName><CSItemRank>1</CSItemRank><CSItemIsFreeFormat>0</CSItemIsFreeFormat><CSValue><CSValueCode>VA4015645</CSValueCode><CSValueName>RoHS</CSValueName><CSValueRank>1</CSValueRank></CSValue><CSValue><CSValueCode>VA4033721</CSValueCode><CSValueName>无铅</CSValueName><CSValueRank>2</CSValueRank></CSValue><CSValue><CSValueCode>VA4033722</CSValueCode><CSValueName>不含汞</CSValueName><CSValueRank>3</CSValueRank></CSValue><CSValue><CSValueCode>VA4017527</CSValueCode><CSValueName>WEEE</CSValueName><CSValueRank>4</CSValueRank></CSValue></CSItem><CSItem><CSItemCode>IT4004944</CSItemCode><CSItemName>可回收包装材料</CSItemName><CSItemRank>2</CSItemRank><CSItemIsFreeFormat>1</CSItemIsFreeFormat><CSValue><CSValueCode>VA4015649</CSValueCode><CSValueName>100</CSValueName><CSValueRank>1</CSValueRank></CSValue><UnitOfMeasure><UnitOfMeasureCode>3000065</UnitOfMeasureCode><UnitOfMeasureName>百分比</UnitOfMeasureName><UnitOfMeasureSymbol>%</UnitOfMeasureSymbol></UnitOfMeasure></CSItem></CSChapter><CSChapter><CSChapterCode>CH4001161</CSChapterCode><CSChapterName>合规性和标准</CSChapterName><CSChapterRank>10</CSChapterRank><CSItem><CSItemCode>IT4006152</CSItemCode><CSItemName>审批机构</CSItemName><CSItemRank>1</CSItemRank><CSItemIsFreeFormat>0</CSItemIsFreeFormat><CSValue><CSValueCode>VA4017364</CSValueCode><CSValueName>CCC</CSValueName><CSValueRank>1</CSValueRank></CSValue><CSValue><CSValueCode>VA4017548</CSValueCode><CSValueName>CECP</CSValueName><CSValueRank>2</CSValueRank></CSValue><CSValue><CSValueCode>VA4083902</CSValueCode><CSValueName>KC</CSValueName><CSValueRank>3</CSValueRank></CSValue><CSValue><CSValueCode>VA4087279</CSValueCode><CSValueName>KCC</CSValueName><CSValueRank>4</CSValueRank></CSValue><CSValue><CSValueCode>VA4083903</CSValueCode><CSValueName>PSE</CSValueName><CSValueRank>5</CSValueRank></CSValue><CSValue><CSValueCode>VA4083904</CSValueCode><CSValueName>VCCI</CSValueName><CSValueRank>6</CSValueRank></CSValue><CSValue><CSValueCode>VA4083909</CSValueCode><CSValueName>J-MOSS</CSValueName><CSValueRank>7</CSValueRank></CSValue><CSValue><CSValueCode>VA4017528</CSValueCode><CSValueName>BSMI</CSValueName><CSValueRank>8</CSValueRank></CSValue><CSValue><CSValueCode>VA4017365</CSValueCode><CSValueName>SEMKO</CSValueName><CSValueRank>9</CSValueRank></CSValue><CSValue><CSValueCode>VA4090213</CSValueCode><CSValueName>RCM</CSValueName><CSValueRank>10</CSValueRank></CSValue><CSValue><CSValueCode>VA4017361</CSValueCode><CSValueName>CE 标记</CSValueName><CSValueRank>11</CSValueRank></CSValue><CSValue><CSValueCode>VA4027482</CSValueCode><CSValueName>FCC B 级</CSValueName><CSValueRank>12</CSValueRank></CSValue><CSValue><CSValueCode>VA4069741</CSValueCode><CSValueName>EAC</CSValueName><CSValueRank>13</CSValueRank></CSValue><CSValue><CSValueCode>VA4064941</CSValueCode><CSValueName>cETLus</CSValueName><CSValueRank>14</CSValueRank></CSValue><CSValue><CSValueCode>VA4050621</CSValueCode><CSValueName>TUV/ISO9241-307</CSValueName><CSValueRank>15</CSValueRank></CSValue><CSValue><CSValueCode>VA4033549</CSValueCode><CSValueName>PSB</CSValueName><CSValueRank>16</CSValueRank></CSValue><CSValue><CSValueCode>VA4083908</CSValueCode><CSValueName>E-待机</CSValueName><CSValueRank>17</CSValueRank></CSValue><CSValue><CSValueCode>VA4033550</CSValueCode><CSValueName>SASO</CSValueName><CSValueRank>18</CSValueRank></CSValue><CSValue><CSValueCode>VA4017529</CSValueCode><CSValueName>CB</CSValueName><CSValueRank>19</CSValueRank></CSValue><CSValue><CSValueCode>VA4086337</CSValueCode><CSValueName>中国 RoHS</CSValueName><CSValueRank>20</CSValueRank></CSValue><CSValue><CSValueCode>VA4085218</CSValueCode><CSValueName>乌克兰语</CSValueName><CSValueRank>21</CSValueRank></CSValue><CSValue><CSValueCode>VA4094108</CSValueCode><CSValueName>科威特</CSValueName><CSValueRank>22</CSValueRank></CSValue><CSValue><CSValueCode>VA4084843</CSValueCode><CSValueName>KUCAS</CSValueName><CSValueRank>23</CSValueRank></CSValue><CSValue><CSValueCode>VA4083905</CSValueCode><CSValueName>ICES-003</CSValueName><CSValueRank>24</CSValueRank></CSValue></CSItem></CSChapter><CSChapter><CSChapterCode>CH4000825</CSChapterCode><CSChapterName>机壳</CSChapterName><CSChapterRank>11</CSChapterRank><CSItem><CSItemCode>IT4004955</CSItemCode><CSItemName>颜色</CSItemName><CSItemRank>1</CSItemRank><CSItemIsFreeFormat>1</CSItemIsFreeFormat><CSValue><CSValueCode>VA4015660</CSValueCode><CSValueName>黑色</CSValueName><CSValueRank>1</CSValueRank></CSValue></CSItem><CSItem><CSItemCode>IT4004956</CSItemCode><CSItemName>表面</CSItemName><CSItemRank>2</CSItemRank><CSItemIsFreeFormat>1</CSItemIsFreeFormat><CSValue><CSValueCode>VA4015661</CSValueCode><CSValueName>光面/纹理</CSValueName><CSValueRank>1</CSValueRank></CSValue></CSItem></CSChapter><Filters><Purpose type="Comparison"><Features><Feature code="F400064846" rank="1" referenceName="UltraClear 4K UHD (3840x2160) resolution for precision"/><Feature code="F400076964" rank="2" referenceName="MultiView technology for 4K"/><Feature code="F400082707" rank="3" referenceName="HDR_monitor"/><Feature code="F400078908" rank="4" referenceName="Ultra Wide-Color Technology"/><Feature code="F400082497" rank="5" referenceName="Ambiglow Technology_6M6"/><Feature code="F400071137" rank="6" referenceName="DTS Sound™"/><Feature code="F400081578" rank="7" referenceName="Low Input Lag"/><Feature code="F400081577" rank="8" referenceName="Adaptive Sync"/><Feature code="F400085705" rank="9" referenceName="USB-C cable_DP ALT mode"/><Feature code="F400066651" rank="10" referenceName="USB 3.0 Hub for convenient access and fast charging"/></Features><CSItems><CSItem code="3006169" rank="1" referenceName="图片/显示 - LCD 面板类型"/><CSItem code="3006576" rank="1" referenceName="连接 - 信号输入"/><CSItem code="3006718" rank="1" referenceName="便利性 - 遥控器类型"/><CSItem code="IT4004954" rank="1" referenceName="底座 - 倾斜"/><CSItem code="IT4005861" rank="1" referenceName="功率 - 开启模式"/><CSItem code="IT4005764" rank="1" referenceName="尺寸 - 带支座的产品（毫米）"/><CSItem code="IT4005770" rank="1" referenceName="重量 - 带支座的产品（千克）"/><CSItem code="IT4004946" rank="1" referenceName="使用条件 - 温度范围（工作）"/><CSItem code="IT4004941" rank="1" referenceName="可持续发展 - 环境和能源"/><CSItem code="IT4006152" rank="1" referenceName="合规性和标准 - 审批机构"/><CSItem code="IT4004955" rank="1" referenceName="机壳 - 颜色"/><CSItem code="IT4007209" rank="2" referenceName="图片/显示 - 背光类型"/><CSItem code="3006583" rank="2" referenceName="连接 - USB"/><CSItem code="IT4014853" rank="2" referenceName="便利性 - 内置扬声器"/><CSItem code="IT4006150" rank="2" referenceName="功率 - 待机模式"/><CSItem code="IT4005765" rank="2" referenceName="尺寸 - 不带支座的产品（毫米）"/><CSItem code="IT4005771" rank="2" referenceName="重量 - 不带支座的产品（千克）"/><CSItem code="IT4004947" rank="2" referenceName="使用条件 - 温度范围（存储）"/><CSItem code="IT4004944" rank="2" referenceName="可持续发展 - 可回收包装材料"/><CSItem code="IT4004956" rank="2" referenceName="机壳 - 表面"/><CSItem code="3006180" rank="3" referenceName="图片/显示 - 面板尺寸"/><CSItem code="3006588" rank="3" referenceName="连接 - 同步输入"/><CSItem code="IT4027495" rank="3" referenceName="便利性 - 多视窗"/><CSItem code="IT4006081" rank="3" referenceName="功率 - 关闭模式"/><CSItem code="IT4005766" rank="3" referenceName="尺寸 - 包装（宽x高x厚）（毫米）"/><CSItem code="IT4005772" rank="3" referenceName="重量 - 带包装的产品（千克）"/><CSItem code="IT4004948" rank="3" referenceName="使用条件 - 相对湿度"/><CSItem code="IT4044130" rank="4" referenceName="图片/显示 - 显示屏涂层"/><CSItem code="IT4005621" rank="4" referenceName="连接 - 音频（输入/输出）"/><CSItem code="3006633" rank="4" referenceName="便利性 - 方便用户"/><CSItem code="3006931" rank="4" referenceName="功率 - 电源 LED 指示灯"/><CSItem code="IT4023612" rank="4" referenceName="使用条件 - 海拔"/><CSItem code="IT4044592" rank="5" referenceName="图片/显示 - 色域（最小）"/><CSItem code="IT4019071" rank="5" referenceName="便利性 - 控制软件"/><CSItem code="3006932" rank="5" referenceName="功率 - 电源"/><CSItem code="IT4004949" rank="5" referenceName="使用条件 - MTBF"/><CSItem code="IT4043471" rank="6" referenceName="图片/显示 - HDR"/><CSItem code="3006693" rank="6" referenceName="便利性 - OSD 语言"/><CSItem code="3006149" rank="7" referenceName="图片/显示 - 有效显示区"/><CSItem code="3006694" rank="7" referenceName="便利性 - 其它便利性"/><CSItem code="3006121" rank="8" referenceName="图片/显示 - 宽高比"/><CSItem code="3006699" rank="8" referenceName="便利性 - 即插即用兼容性"/><CSItem code="3006193" rank="9" referenceName="图片/显示 - 最佳分辨率"/><CSItem code="IT4041772" rank="10" referenceName="图片/显示 - 像素密度"/><CSItem code="IT4039893" rank="11" referenceName="图片/显示 - 响应时间（标准）"/><CSItem code="3006127" rank="12" referenceName="图片/显示 - 亮度"/><CSItem code="3006133" rank="13" referenceName="图片/显示 - 对比度（标准）"/><CSItem code="IT4006148" rank="14" referenceName="图片/显示 - SmartContrast"/><CSItem code="3006186" rank="15" referenceName="图片/显示 - 像素间距"/><CSItem code="3007518" rank="16" referenceName="图片/显示 - 视角"/><CSItem code="IT4036934" rank="17" referenceName="图片/显示 - 无闪烁"/><CSItem code="3006183" rank="18" referenceName="图片/显示 - 画面效果增强"/><CSItem code="3006143" rank="19" referenceName="图片/显示 - 显示屏色彩"/><CSItem code="IT4006149" rank="20" referenceName="图片/显示 - 扫描频率"/><CSItem code="3006207" rank="21" referenceName="图片/显示 - sRGB"/><CSItem code="IT4042884" rank="22" referenceName="图片/显示 - 自适应同步"/><CSItem code="IT4042826" rank="23" referenceName="图片/显示 - LowBlue 模式"/></CSItems></Purpose><Purpose type="Detail"><Features><Feature code="F400064846" rank="1" referenceName="UltraClear 4K UHD (3840x2160) resolution for precision"/><Feature code="F400076964" rank="2" referenceName="MultiView technology for 4K"/><Feature code="F400082707" rank="3" referenceName="HDR_monitor"/><Feature code="F400078908" rank="4" referenceName="Ultra Wide-Color Technology"/><Feature code="F400082497" rank="5" referenceName="Ambiglow Technology_6M6"/><Feature code="F400071137" rank="6" referenceName="DTS Sound™"/><Feature code="F400081578" rank="7" referenceName="Low Input Lag"/><Feature code="F400081577" rank="8" referenceName="Adaptive Sync"/><Feature code="F400085705" rank="9" referenceName="USB-C cable_DP ALT mode"/><Feature code="F400066651" rank="10" referenceName="USB 3.0 Hub for convenient access and fast charging"/></Features><CSItems><CSItem code="3006169" rank="1" referenceName="图片/显示 - LCD 面板类型"/><CSItem code="3006576" rank="1" referenceName="连接 - 信号输入"/><CSItem code="3006718" rank="1" referenceName="便利性 - 遥控器类型"/><CSItem code="IT4004954" rank="1" referenceName="底座 - 倾斜"/><CSItem code="IT4005861" rank="1" referenceName="功率 - 开启模式"/><CSItem code="IT4005764" rank="1" referenceName="尺寸 - 带支座的产品（毫米）"/><CSItem code="IT4005770" rank="1" referenceName="重量 - 带支座的产品（千克）"/><CSItem code="IT4004946" rank="1" referenceName="使用条件 - 温度范围（工作）"/><CSItem code="IT4004941" rank="1" referenceName="可持续发展 - 环境和能源"/><CSItem code="IT4006152" rank="1" referenceName="合规性和标准 - 审批机构"/><CSItem code="IT4004955" rank="1" referenceName="机壳 - 颜色"/><CSItem code="IT4007209" rank="2" referenceName="图片/显示 - 背光类型"/><CSItem code="3006583" rank="2" referenceName="连接 - USB"/><CSItem code="IT4014853" rank="2" referenceName="便利性 - 内置扬声器"/><CSItem code="IT4006150" rank="2" referenceName="功率 - 待机模式"/><CSItem code="IT4005765" rank="2" referenceName="尺寸 - 不带支座的产品（毫米）"/><CSItem code="IT4005771" rank="2" referenceName="重量 - 不带支座的产品（千克）"/><CSItem code="IT4004947" rank="2" referenceName="使用条件 - 温度范围（存储）"/><CSItem code="IT4004944" rank="2" referenceName="可持续发展 - 可回收包装材料"/><CSItem code="IT4004956" rank="2" referenceName="机壳 - 表面"/><CSItem code="3006180" rank="3" referenceName="图片/显示 - 面板尺寸"/><CSItem code="3006588" rank="3" referenceName="连接 - 同步输入"/><CSItem code="IT4027495" rank="3" referenceName="便利性 - 多视窗"/><CSItem code="IT4006081" rank="3" referenceName="功率 - 关闭模式"/><CSItem code="IT4005766" rank="3" referenceName="尺寸 - 包装（宽x高x厚）（毫米）"/><CSItem code="IT4005772" rank="3" referenceName="重量 - 带包装的产品（千克）"/><CSItem code="IT4004948" rank="3" referenceName="使用条件 - 相对湿度"/><CSItem code="IT4044130" rank="4" referenceName="图片/显示 - 显示屏涂层"/><CSItem code="IT4005621" rank="4" referenceName="连接 - 音频（输入/输出）"/><CSItem code="3006633" rank="4" referenceName="便利性 - 方便用户"/><CSItem code="3006931" rank="4" referenceName="功率 - 电源 LED 指示灯"/><CSItem code="IT4023612" rank="4" referenceName="使用条件 - 海拔"/><CSItem code="IT4044592" rank="5" referenceName="图片/显示 - 色域（最小）"/><CSItem code="IT4019071" rank="5" referenceName="便利性 - 控制软件"/><CSItem code="3006932" rank="5" referenceName="功率 - 电源"/><CSItem code="IT4004949" rank="5" referenceName="使用条件 - MTBF"/><CSItem code="IT4043471" rank="6" referenceName="图片/显示 - HDR"/><CSItem code="3006693" rank="6" referenceName="便利性 - OSD 语言"/><CSItem code="3006149" rank="7" referenceName="图片/显示 - 有效显示区"/><CSItem code="3006694" rank="7" referenceName="便利性 - 其它便利性"/><CSItem code="3006121" rank="8" referenceName="图片/显示 - 宽高比"/><CSItem code="3006699" rank="8" referenceName="便利性 - 即插即用兼容性"/><CSItem code="3006193" rank="9" referenceName="图片/显示 - 最佳分辨率"/><CSItem code="IT4041772" rank="10" referenceName="图片/显示 - 像素密度"/><CSItem code="IT4039893" rank="11" referenceName="图片/显示 - 响应时间（标准）"/><CSItem code="3006127" rank="12" referenceName="图片/显示 - 亮度"/><CSItem code="3006133" rank="13" referenceName="图片/显示 - 对比度（标准）"/><CSItem code="IT4006148" rank="14" referenceName="图片/显示 - SmartContrast"/><CSItem code="3006186" rank="15" referenceName="图片/显示 - 像素间距"/><CSItem code="3007518" rank="16" referenceName="图片/显示 - 视角"/><CSItem code="IT4036934" rank="17" referenceName="图片/显示 - 无闪烁"/><CSItem code="3006183" rank="18" referenceName="图片/显示 - 画面效果增强"/><CSItem code="3006143" rank="19" referenceName="图片/显示 - 显示屏色彩"/><CSItem code="IT4006149" rank="20" referenceName="图片/显示 - 扫描频率"/><CSItem code="3006207" rank="21" referenceName="图片/显示 - sRGB"/><CSItem code="IT4042884" rank="22" referenceName="图片/显示 - 自适应同步"/><CSItem code="IT4042826" rank="23" referenceName="图片/显示 - LowBlue 模式"/></CSItems></Purpose></Filters><FeatureCompareGroups/><Disclaimers><Disclaimer code="DIS40009731" rank="1" referenceName="Response time value equal to SmartResponse"><DisclaimerText>响应时间值相当于 SmartResponse</DisclaimerText><DisclaimElements/></Disclaimer><Disclaimer code="DIS40009251" rank="2" referenceName="Fast charging"><DisclaimerText>快速充电符合 USB BC 1.2 标准</DisclaimerText><DisclaimElements/></Disclaimer><Disclaimer code="DIS40011414" rank="3" referenceName="USB-C_For Video transmission via USB-C"><DisclaimerText>要通过 USB-C 传输视频，笔记本电脑/设备必须支持 USB-C DP Alt 模式</DisclaimerText><DisclaimElements/></Disclaimer><Disclaimer code="DIS40011928" rank="4" referenceName="The monitor may look different from feature images."><DisclaimerText>显示器可能看上去不同于特征图像。</DisclaimerText><DisclaimElements/></Disclaimer><Disclaimer code="DIS40012136" rank="5" referenceName="BT. 709 / DCI-P3 Coverage based on CIE1976"><DisclaimerText>BT. 709 / DCI-P3 覆盖范围基于 CIE1976</DisclaimerText><DisclaimElements/></Disclaimer><Disclaimer code="DIS40012538" rank="6" referenceName="10 bit is dithered by 8 bit with FRC"><DisclaimerText>10 位色彩由 8 位色彩借助 FRC 技术抖动而形成</DisclaimerText><DisclaimElements/></Disclaimer></Disclaimers><RichTexts/></Product></Products>