<?xml version="1.0" encoding="UTF-8"?><Products xmlns:source="http://apache.org/cocoon/source/1.0" DocStatus="approved" DocTimeStamp="2018-10-24T13:07:13"><Product Country="CN" IsAccessory="false" IsMaster="false" Locale="zh_CN" lastModified="2018-10-24T05:16:14" masterLastModified="2018-01-30T00:56:37"><CTN>FC8832/82</CTN><GTIN>06923410751529</GTIN><MarketingVersion>6.2.1</MarketingVersion><MarketingStatus>Final Published</MarketingStatus><CRDate>2016-08-26</CRDate><CRDateYW>201635</CRDateYW><ModelYears><ModelYear>2016</ModelYear></ModelYears><ProductDivision><ProductDivisionCode>0200</ProductDivisionCode><ProductDivisionName>Consumer Lifestyle</ProductDivisionName><FormerPDCode>0300</FormerPDCode></ProductDivision><ProductOwner>Aafke Post</ProductOwner><DTN>FC8832/82</DTN><Catalog><StartOfPublication>2016-09-12T00:00:00</StartOfPublication><EndOfPublication>2020-09-26T00:00:00</EndOfPublication><StartOfSales>2016-09-12T00:00:00</StartOfSales><EndOfSales>2020-09-26T00:00:00</EndOfSales><DummyPrice>3499</DummyPrice><Deleted>false</Deleted><DeleteAfterDate/><ProductRank>92</ProductRank></Catalog><FinancialCategorization><BusinessGroupCode>9042</BusinessGroupCode><BusinessGroupName>Domestic Appliances</BusinessGroupName><BusinessUnitCode>0351</BusinessUnitCode><BusinessUnitName>Floor Care</BusinessUnitName><MainArticleGroupCode>F74</MainArticleGroupCode><MainArticleGroupName>Robotics</MainArticleGroupName><ArticleGroupCode>1055</ArticleGroupCode><ArticleGroupName>Robot</ArticleGroupName></FinancialCategorization><Categorization type="CONSUMER"><GroupCode>HOUSEHOLD_PRODUCTS_GR</GroupCode><GroupName>Household products</GroupName><CategoryCode>VACUUM_CLEANERS_CA</CategoryCode><CategoryName>Vacuum Cleaners</CategoryName><SubcategoryCode>ROBOT_VACUUM_CLEANERS_SU</SubcategoryCode><SubcategoryName>Robot vacuum cleaner</SubcategoryName></Categorization><Assets><Asset code="FC8832_82" description="User manual" extension="pdf" lastModified="2016-09-26" locale="zh_CN" number="001" type="DFU">http://download.p4c.philips.com/files/f/fc8832_82/fc8832_82_dfu_zhs.pdf</Asset><Asset code="FC8832_82" description="Leaflet" extension="pdf" lastModified="2018-08-12" locale="zh_CN" number="001" type="PSS">http://download.p4c.philips.com/files/f/fc8832_82/fc8832_82_pss_zhscn.pdf</Asset><Asset code="FC8832_82" description="Retail Trade Leaflet" extension="pdf" lastModified="2018-08-11" locale="zh_CN" number="001" type="RTL">http://download.p4c.philips.com/files/f/fc8832_82/fc8832_82_rtl_zhscn.pdf</Asset><Asset code="FC8832_82" description="Front product photograph - highres 2196x1795" extension="tif" lastModified="2016-11-18" locale="global" number="001" type="_FP">http://images.philips.com/is/image/PhilipsConsumer/FC8832_82-_FP-global-001</Asset><Asset code="FC8832_82" description="Leaflet" extension="pdf" lastModified="2018-03-22" locale="global" number="001" type="PSS">http://download.p4c.philips.com/files/f/fc8832_82/fc8832_82_pss_.pdf</Asset><Asset code="FC8832_82" description="Standard product photograph - highres 2196x1795" extension="tif" lastModified="2016-11-18" locale="global" number="001" type="RTP">http://images.philips.com/is/image/PhilipsConsumer/FC8832_82-RTP-global-001</Asset><Asset code="FC8832_82" description="Single product shot" extension="" lastModified="2018-10-24" locale="zh_CN" number="" type="IMS">http://images.philips.com/is/image/PhilipsConsumer/FC8832_82-IMS-zh_CN</Asset><Asset code="FC8832_82" description="Product gallery image set" extension="" lastModified="2018-10-24" locale="zh_CN" number="" type="GAL">http://images.philips.com/is/image/PhilipsConsumer/FC8832_82-GAL-zh_CN</Asset><Asset code="FC8832_82" description="Product URL" extension="" lastModified="2018-10-24" locale="zh_CN" number="" type="URL">http://www.philips.com.cn/c-p/FC8832_82/smartpro-active-robot-vacuum-cleaner</Asset></Assets><ProductName>免费的智能自动真空吸尘器应用程序</ProductName><FullProductName>飞利浦 SmartPro Active 智能自动真空吸尘器 FC8832/82 免费智能应用程序 3 重清洁系统 120 分钟运行时间 隐形墙</FullProductName><NamingString><MasterBrand><BrandCode>PHI</BrandCode><BrandName>Philips</BrandName></MasterBrand><BrandString>飞利浦</BrandString><Family><FamilyCode>SB40005747</FamilyCode><FamilyName>SmartPro Active</FamilyName><FamilyNameUsed>0</FamilyNameUsed></Family><Descriptor><DescriptorCode>D4007368</DescriptorCode><DescriptorName>智能自动真空吸尘器</DescriptorName></Descriptor><Alphanumeric>FC8832/82</Alphanumeric><VersionElement1><VersionElementCode>V4042203</VersionElementCode><VersionElementName>免费的智能应用程序</VersionElementName></VersionElement1><VersionElement2><VersionElementCode>V4038073</VersionElementCode><VersionElementName>3 重清洁系统</VersionElementName></VersionElement2><VersionElement3><VersionElementCode>V4031217</VersionElementCode><VersionElementName>120 分钟运行时间</VersionElementName></VersionElement3><VersionElement4><VersionElementCode>V4042412</VersionElementCode><VersionElementName>隐形墙</VersionElementName></VersionElement4><VersionString>免费智能应用程序 3 重清洁系统 120 分钟运行时间 隐形墙</VersionString><BrandedFeatureString/><DescriptorBrandedFeatureString>智能自动真空吸尘器</DescriptorBrandedFeatureString></NamingString><WOW>性能全面，智能清洁</WOW><SubWOW>通过智能手机保证家中清洁</SubWOW><MarketingTextHeader>飞利浦 SmartPro 主动式智能自动真空吸尘器附带直观的应用程序，可以确保您家中清洁，并让您可从任何地方进行控制。得益于加大加宽的 TriActive XL 吸嘴，这款吸尘器的清洁速度提升了 2 倍。</MarketingTextHeader><KeyBenefitArea><KeyBenefitAreaCode>K4032941</KeyBenefitAreaCode><KeyBenefitAreaName>通过智能应用程序获得反馈和控制</KeyBenefitAreaName><KeyBenefitAreaRank>1</KeyBenefitAreaRank></KeyBenefitArea><KeyBenefitArea><KeyBenefitAreaCode>K4029764</KeyBenefitAreaCode><KeyBenefitAreaName>全面的清洁效能</KeyBenefitAreaName><KeyBenefitAreaRank>2</KeyBenefitAreaRank></KeyBenefitArea><KeyBenefitArea><KeyBenefitAreaCode>K4010910</KeyBenefitAreaCode><KeyBenefitAreaName>自动清洁</KeyBenefitAreaName><KeyBenefitAreaRank>3</KeyBenefitAreaRank></KeyBenefitArea><CSChapter><CSChapterCode>CH4001562</CSChapterCode><CSChapterName>性能</CSChapterName><CSChapterRank>2</CSChapterRank><CSItem><CSItemCode>IT4035411</CSItemCode><CSItemName>声压级</CSItemName><CSItemRank>1</CSItemRank><CSItemIsFreeFormat>1</CSItemIsFreeFormat><CSValue><CSValueCode>VA4082318</CSValueCode><CSValueName>63.4</CSValueName><CSValueRank>1</CSValueRank></CSValue><UnitOfMeasure><UnitOfMeasureCode>3000041</UnitOfMeasureCode><UnitOfMeasureName>分贝</UnitOfMeasureName><UnitOfMeasureSymbol>分贝</UnitOfMeasureSymbol></UnitOfMeasure></CSItem><CSItem><CSItemCode>4012323</CSItemCode><CSItemName>真空（最大）</CSItemName><CSItemRank>2</CSItemRank><CSItemIsFreeFormat>1</CSItemIsFreeFormat><CSValue><CSValueCode>VA4024673</CSValueCode><CSValueName>1.764</CSValueName><CSValueRank>1</CSValueRank></CSValue><UnitOfMeasure><UnitOfMeasureCode>4000009</UnitOfMeasureCode><UnitOfMeasureName>-千帕斯卡</UnitOfMeasureName><UnitOfMeasureSymbol>千帕</UnitOfMeasureSymbol></UnitOfMeasure></CSItem><CSItem><CSItemCode>IT4009653</CSItemCode><CSItemName>运行时间</CSItemName><CSItemRank>3</CSItemRank><CSItemIsFreeFormat>1</CSItemIsFreeFormat><CSValue><CSValueCode>VA4023063</CSValueCode><CSValueName>120</CSValueName><CSValueRank>1</CSValueRank></CSValue><UnitOfMeasure><UnitOfMeasureCode>4000011</UnitOfMeasureCode><UnitOfMeasureName>-分钟</UnitOfMeasureName><UnitOfMeasureSymbol>分钟</UnitOfMeasureSymbol></UnitOfMeasure></CSItem><CSItem><CSItemCode>IT4009651</CSItemCode><CSItemName>电池电压</CSItemName><CSItemRank>4</CSItemRank><CSItemIsFreeFormat>1</CSItemIsFreeFormat><CSValue><CSValueCode>VA4023061</CSValueCode><CSValueName>14.8</CSValueName><CSValueRank>1</CSValueRank></CSValue><UnitOfMeasure><UnitOfMeasureCode>3000071</UnitOfMeasureCode><UnitOfMeasureName>伏</UnitOfMeasureName><UnitOfMeasureSymbol>伏</UnitOfMeasureSymbol></UnitOfMeasure></CSItem><CSItem><CSItemCode>IT4009198</CSItemCode><CSItemName>电池类型</CSItemName><CSItemRank>5</CSItemRank><CSItemIsFreeFormat>0</CSItemIsFreeFormat><CSValue><CSValueCode>VA4022051</CSValueCode><CSValueName>锂电池</CSValueName><CSValueRank>10</CSValueRank></CSValue></CSItem><CSItem><CSItemCode>4011088</CSItemCode><CSItemName>充电时间</CSItemName><CSItemRank>6</CSItemRank><CSItemIsFreeFormat>1</CSItemIsFreeFormat><CSValue><CSValueCode>VA4024664</CSValueCode><CSValueName>4</CSValueName><CSValueRank>1</CSValueRank></CSValue><UnitOfMeasure><UnitOfMeasureCode>4000007</UnitOfMeasureCode><UnitOfMeasureName>-小时</UnitOfMeasureName><UnitOfMeasureSymbol>小时</UnitOfMeasureSymbol></UnitOfMeasure></CSItem></CSChapter><CSChapter><CSChapterCode>CH4001865</CSChapterCode><CSChapterName>过滤</CSChapterName><CSChapterRank>3</CSChapterRank><CSItem><CSItemCode>4011324</CSItemCode><CSItemName>尘量</CSItemName><CSItemRank>1</CSItemRank><CSItemIsFreeFormat>1</CSItemIsFreeFormat><CSValue><CSValueCode>VA4024695</CSValueCode><CSValueName>0.4</CSValueName><CSValueRank>1</CSValueRank></CSValue><UnitOfMeasure><UnitOfMeasureCode>4000010</UnitOfMeasureCode><UnitOfMeasureName>-升</UnitOfMeasureName><UnitOfMeasureSymbol>升</UnitOfMeasureSymbol></UnitOfMeasure></CSItem><CSItem><CSItemCode>IT4009218</CSItemCode><CSItemName>过滤网</CSItemName><CSItemRank>2</CSItemRank><CSItemIsFreeFormat>0</CSItemIsFreeFormat><CSValue><CSValueCode>VA4102261</CSValueCode><CSValueName>3M 滤网</CSValueName><CSValueRank>28</CSValueRank></CSValue></CSItem></CSChapter><CSChapter><CSChapterCode>3001096</CSChapterCode><CSChapterName>设计</CSChapterName><CSChapterRank>4</CSChapterRank><CSItem><CSItemCode>3011951</CSItemCode><CSItemName>颜色</CSItemName><CSItemRank>1</CSItemRank><CSItemIsFreeFormat>0</CSItemIsFreeFormat><CSValue><CSValueCode>VA4096383</CSValueCode><CSValueName>电镀亮铜色</CSValueName><CSValueRank>36</CSValueRank></CSValue></CSItem></CSChapter><CSChapter><CSChapterCode>CH4000681</CSChapterCode><CSChapterName>吸尘嘴和附件</CSChapterName><CSChapterRank>5</CSChapterRank><CSItem><CSItemCode>IT4009242</CSItemCode><CSItemName>标准吸尘嘴</CSItemName><CSItemRank>1</CSItemRank><CSItemIsFreeFormat>0</CSItemIsFreeFormat><CSValue><CSValueCode>VA4091368</CSValueCode><CSValueName>TriActive XL 吸嘴</CSValueName><CSValueRank>31</CSValueRank></CSValue></CSItem><CSItem><CSItemCode>IT4009243</CSItemCode><CSItemName>包含附件</CSItemName><CSItemRank>2</CSItemRank><CSItemIsFreeFormat>0</CSItemIsFreeFormat><CSValue><CSValueCode>VA4089040</CSValueCode><CSValueName>交流电源适配器</CSValueName><CSValueRank>18</CSValueRank></CSValue><CSValue><CSValueCode>VA4089038</CSValueCode><CSValueName>充电座</CSValueName><CSValueRank>23</CSValueRank></CSValue><CSValue><CSValueCode>VA4089041</CSValueCode><CSValueName>侧毛刷</CSValueName><CSValueRank>30</CSValueRank></CSValue><CSValue><CSValueCode>VA4096327</CSValueCode><CSValueName>隐形墙</CSValueName><CSValueRank>32</CSValueRank></CSValue><CSValue><CSValueCode>VA4096324</CSValueCode><CSValueName>拖把附件</CSValueName><CSValueRank>34</CSValueRank></CSValue><CSValue><CSValueCode>VA4096389</CSValueCode><CSValueName>2 个排风滤网</CSValueName><CSValueRank>35</CSValueRank></CSValue></CSItem></CSChapter><CSChapter><CSChapterCode>CHA_0000004</CSChapterCode><CSChapterName>重量和尺寸</CSChapterName><CSChapterRank>6</CSChapterRank><CSItem><CSItemCode>IT4010199</CSItemCode><CSItemName>产品尺寸（长 x 宽 x 高）</CSItemName><CSItemRank>1</CSItemRank><CSItemIsFreeFormat>1</CSItemIsFreeFormat><CSValue><CSValueCode>VA4023910</CSValueCode><CSValueName>83 x 330</CSValueName><CSValueRank>1</CSValueRank></CSValue><UnitOfMeasure><UnitOfMeasureCode>3000058</UnitOfMeasureCode><UnitOfMeasureName>毫米</UnitOfMeasureName><UnitOfMeasureSymbol>毫米</UnitOfMeasureSymbol></UnitOfMeasure></CSItem><CSItem><CSItemCode>IT4010191</CSItemCode><CSItemName>产品重量</CSItemName><CSItemRank>2</CSItemRank><CSItemIsFreeFormat>1</CSItemIsFreeFormat><CSValue><CSValueCode>VA4023901</CSValueCode><CSValueName>1.95</CSValueName><CSValueRank>1</CSValueRank></CSValue><UnitOfMeasure><UnitOfMeasureCode>3000049</UnitOfMeasureCode><UnitOfMeasureName>千克</UnitOfMeasureName><UnitOfMeasureSymbol>千克</UnitOfMeasureSymbol></UnitOfMeasure></CSItem><CSItem><CSItemCode>IT4038451</CSItemCode><CSItemName>重量（含包装）</CSItemName><CSItemRank>3</CSItemRank><CSItemIsFreeFormat>1</CSItemIsFreeFormat><CSValue><CSValueCode>VA4089394</CSValueCode><CSValueName>4</CSValueName><CSValueRank>1</CSValueRank></CSValue><UnitOfMeasure><UnitOfMeasureCode>3000049</UnitOfMeasureCode><UnitOfMeasureName>千克</UnitOfMeasureName><UnitOfMeasureSymbol>千克</UnitOfMeasureSymbol></UnitOfMeasure></CSItem></CSChapter><CSChapter><CSChapterCode>CH4001866</CSChapterCode><CSChapterName>可用性</CSChapterName><CSChapterRank>7</CSChapterRank><CSItem><CSItemCode>IT4009233</CSItemCode><CSItemName>清洁模式</CSItemName><CSItemRank>1</CSItemRank><CSItemIsFreeFormat>0</CSItemIsFreeFormat><CSValue><CSValueCode>VA4085649</CSValueCode><CSValueName>4</CSValueName><CSValueRank>14</CSValueRank></CSValue></CSItem><CSItem><CSItemCode>IT4041430</CSItemCode><CSItemName>WiFi 连接</CSItemName><CSItemRank>2</CSItemRank><CSItemIsFreeFormat>1</CSItemIsFreeFormat><CSValue><CSValueCode>VA4096306</CSValueCode><CSValueName>飞利浦的免费 SmartPro 主动式应用程序</CSValueName><CSValueRank>1</CSValueRank></CSValue></CSItem><CSItem><CSItemCode>IT4028741</CSItemCode><CSItemName>红外线传感器</CSItemName><CSItemRank>3</CSItemRank><CSItemIsFreeFormat>0</CSItemIsFreeFormat><CSValue><CSValueCode>VA4066759</CSValueCode><CSValueName>Y</CSValueName><CSValueRank>2</CSValueRank></CSValue></CSItem><CSItem><CSItemCode>IT4041431</CSItemCode><CSItemName>传感器</CSItemName><CSItemRank>4</CSItemRank><CSItemIsFreeFormat>1</CSItemIsFreeFormat><CSValue><CSValueCode>VA4096307</CSValueCode><CSValueName>25</CSValueName><CSValueRank>1</CSValueRank></CSValue></CSItem><CSItem><CSItemCode>IT4036863</CSItemCode><CSItemName>每周预定</CSItemName><CSItemRank>5</CSItemRank><CSItemIsFreeFormat>0</CSItemIsFreeFormat><CSValue><CSValueCode>VA4085683</CSValueCode><CSValueName>Y</CSValueName><CSValueRank>11</CSValueRank></CSValue></CSItem><CSItem><CSItemCode>IT4028744</CSItemCode><CSItemName>地板类型</CSItemName><CSItemRank>6</CSItemRank><CSItemIsFreeFormat>0</CSItemIsFreeFormat><CSValue><CSValueCode>VA4066763</CSValueCode><CSValueName>地毯</CSValueName><CSValueRank>1</CSValueRank></CSValue><CSValue><CSValueCode>VA4066762</CSValueCode><CSValueName>硬地板</CSValueName><CSValueRank>17</CSValueRank></CSValue></CSItem><CSItem><CSItemCode>IT4041447</CSItemCode><CSItemName>灰尘传感器</CSItemName><CSItemRank>7</CSItemRank><CSItemIsFreeFormat>0</CSItemIsFreeFormat><CSValue><CSValueCode>VA4096387</CSValueCode><CSValueName>Y</CSValueName><CSValueRank>3</CSValueRank></CSValue></CSItem><CSItem><CSItemCode>IT4041446</CSItemCode><CSItemName>远程排程</CSItemName><CSItemRank>8</CSItemRank><CSItemIsFreeFormat>0</CSItemIsFreeFormat><CSValue><CSValueCode>VA4096388</CSValueCode><CSValueName>Y</CSValueName><CSValueRank>15</CSValueRank></CSValue></CSItem></CSChapter><CSChapter><CSChapterCode>3000816</CSChapterCode><CSChapterName>软件</CSChapterName><CSChapterRank>9</CSChapterRank><CSItem><CSItemCode>IT4039276</CSItemCode><CSItemName>App</CSItemName><CSItemRank>1</CSItemRank><CSItemIsFreeFormat>0</CSItemIsFreeFormat><CSValue><CSValueCode>VA4096624</CSValueCode><CSValueName>飞利浦 SmartPro 主动式应用程序</CSValueName><CSValueRank>9</CSValueRank></CSValue></CSItem><CSItem><CSItemCode>IT4041691</CSItemCode><CSItemName>iOS 兼容性</CSItemName><CSItemRank>2</CSItemRank><CSItemIsFreeFormat>1</CSItemIsFreeFormat><CSValue><CSValueCode>VA4096626</CSValueCode><CSValueName>iOS 兼容性：版本 8.0 及更高</CSValueName><CSValueRank>1</CSValueRank></CSValue></CSItem><CSItem><CSItemCode>IT4041370</CSItemCode><CSItemName>iPhone® 兼容性</CSItemName><CSItemRank>3</CSItemRank><CSItemIsFreeFormat>1</CSItemIsFreeFormat><CSValue><CSValueCode>VA4096186</CSValueCode><CSValueName>4s 及以上</CSValueName><CSValueRank>1</CSValueRank></CSValue></CSItem><CSItem><CSItemCode>IT4038587</CSItemCode><CSItemName>Android 兼容性</CSItemName><CSItemRank>4</CSItemRank><CSItemIsFreeFormat>1</CSItemIsFreeFormat><CSValue><CSValueCode>VA4089663</CSValueCode><CSValueName>4.4 及以上</CSValueName><CSValueRank>1</CSValueRank></CSValue></CSItem><CSItem><CSItemCode>IT4023575</CSItemCode><CSItemName>iPad 兼容性</CSItemName><CSItemRank>5</CSItemRank><CSItemIsFreeFormat>0</CSItemIsFreeFormat><CSValue><CSValueCode>VA4096625</CSValueCode><CSValueName>Y</CSValueName><CSValueRank>6</CSValueRank></CSValue></CSItem><CSItem><CSItemCode>IT4041692</CSItemCode><CSItemName>无线更新</CSItemName><CSItemRank>6</CSItemRank><CSItemIsFreeFormat>0</CSItemIsFreeFormat><CSValue><CSValueCode>VA4096628</CSValueCode><CSValueName>已启用</CSValueName><CSValueRank>12</CSValueRank></CSValue></CSItem></CSChapter><Filters><Purpose type="Comparison"><Features><Feature code="F400069941" rank="1" referenceName="3-step cleaning system"/><Feature code="F400069944" rank="2" referenceName="4 cleaning modes"/><Feature code="F400074932" rank="3" referenceName="Auto-return to docking station"/><Feature code="F400069942" rank="4" referenceName="Dust Sensor"/><Feature code="F400078835" rank="5" referenceName="Easy customization of the cleaning experience"/><Feature code="F400078834" rank="6" referenceName="Free SmartPro App"/><Feature code="F400078837" rank="7" referenceName="Instant feedback"/><Feature code="F400070399" rank="8" referenceName="Powerful Li-Ion battery 120 min (robot vacuum cleaner)"/><Feature code="F400078836" rank="9" referenceName="Smart and advanced control - robotics"/><Feature code="F400078523" rank="10" referenceName="Smart Detection System - RVC"/><Feature code="F400078518" rank="11" referenceName="TriActive XL nozzle - RVC"/><Feature code="F400078839" rank="12" referenceName="TURBO suction mode - RVC"/><Feature code="F400078515" rank="13" referenceName="Remote control, even away from home"/></Features><CSItems><CSItem code="IT4035411" rank="1" referenceName="性能 - 声压级"/><CSItem code="4011324" rank="1" referenceName="过滤 - 尘量"/><CSItem code="3011951" rank="1" referenceName="设计 - 颜色"/><CSItem code="IT4009242" rank="1" referenceName="吸尘嘴和附件 - 标准吸尘嘴"/><CSItem code="IT4010199" rank="1" referenceName="重量和尺寸 - 产品尺寸（长 x 宽 x 高）"/><CSItem code="IT4009233" rank="1" referenceName="可用性 - 清洁模式"/><CSItem code="IT4039276" rank="1" referenceName="软件 - App"/><CSItem code="4012323" rank="2" referenceName="性能 - 真空（最大）"/><CSItem code="IT4009218" rank="2" referenceName="过滤 - 过滤网"/><CSItem code="IT4009243" rank="2" referenceName="吸尘嘴和附件 - 包含附件"/><CSItem code="IT4010191" rank="2" referenceName="重量和尺寸 - 产品重量"/><CSItem code="IT4041430" rank="2" referenceName="可用性 - WiFi 连接"/><CSItem code="IT4041691" rank="2" referenceName="软件 - iOS 兼容性"/><CSItem code="IT4009653" rank="3" referenceName="性能 - 运行时间"/><CSItem code="IT4038451" rank="3" referenceName="重量和尺寸 - 重量（含包装）"/><CSItem code="IT4028741" rank="3" referenceName="可用性 - 红外线传感器"/><CSItem code="IT4041370" rank="3" referenceName="软件 - iPhone® 兼容性"/><CSItem code="IT4009651" rank="4" referenceName="性能 - 电池电压"/><CSItem code="IT4041431" rank="4" referenceName="可用性 - 传感器"/><CSItem code="IT4038587" rank="4" referenceName="软件 - Android 兼容性"/><CSItem code="IT4009198" rank="5" referenceName="性能 - 电池类型"/><CSItem code="IT4036863" rank="5" referenceName="可用性 - 每周预定"/><CSItem code="IT4023575" rank="5" referenceName="软件 - iPad 兼容性"/><CSItem code="4011088" rank="6" referenceName="性能 - 充电时间"/><CSItem code="IT4028744" rank="6" referenceName="可用性 - 地板类型"/><CSItem code="IT4041692" rank="6" referenceName="软件 - 无线更新"/><CSItem code="IT4041447" rank="7" referenceName="可用性 - 灰尘传感器"/><CSItem code="IT4041446" rank="8" referenceName="可用性 - 远程排程"/></CSItems></Purpose><Purpose type="Detail"><Features><Feature code="F400069941" rank="1" referenceName="3-step cleaning system"/><Feature code="F400069944" rank="2" referenceName="4 cleaning modes"/><Feature code="F400074932" rank="3" referenceName="Auto-return to docking station"/><Feature code="F400069942" rank="4" referenceName="Dust Sensor"/><Feature code="F400078835" rank="5" referenceName="Easy customization of the cleaning experience"/><Feature code="F400078834" rank="6" referenceName="Free SmartPro App"/><Feature code="F400078837" rank="7" referenceName="Instant feedback"/><Feature code="F400070399" rank="8" referenceName="Powerful Li-Ion battery 120 min (robot vacuum cleaner)"/><Feature code="F400078836" rank="9" referenceName="Smart and advanced control - robotics"/><Feature code="F400078523" rank="10" referenceName="Smart Detection System - RVC"/><Feature code="F400078518" rank="11" referenceName="TriActive XL nozzle - RVC"/><Feature code="F400078839" rank="12" referenceName="TURBO suction mode - RVC"/><Feature code="F400078515" rank="13" referenceName="Remote control, even away from home"/></Features><CSItems><CSItem code="IT4035411" rank="1" referenceName="性能 - 声压级"/><CSItem code="4011324" rank="1" referenceName="过滤 - 尘量"/><CSItem code="3011951" rank="1" referenceName="设计 - 颜色"/><CSItem code="IT4009242" rank="1" referenceName="吸尘嘴和附件 - 标准吸尘嘴"/><CSItem code="IT4010199" rank="1" referenceName="重量和尺寸 - 产品尺寸（长 x 宽 x 高）"/><CSItem code="IT4009233" rank="1" referenceName="可用性 - 清洁模式"/><CSItem code="IT4039276" rank="1" referenceName="软件 - App"/><CSItem code="4012323" rank="2" referenceName="性能 - 真空（最大）"/><CSItem code="IT4009218" rank="2" referenceName="过滤 - 过滤网"/><CSItem code="IT4009243" rank="2" referenceName="吸尘嘴和附件 - 包含附件"/><CSItem code="IT4010191" rank="2" referenceName="重量和尺寸 - 产品重量"/><CSItem code="IT4041430" rank="2" referenceName="可用性 - WiFi 连接"/><CSItem code="IT4041691" rank="2" referenceName="软件 - iOS 兼容性"/><CSItem code="IT4009653" rank="3" referenceName="性能 - 运行时间"/><CSItem code="IT4038451" rank="3" referenceName="重量和尺寸 - 重量（含包装）"/><CSItem code="IT4028741" rank="3" referenceName="可用性 - 红外线传感器"/><CSItem code="IT4041370" rank="3" referenceName="软件 - iPhone® 兼容性"/><CSItem code="IT4009651" rank="4" referenceName="性能 - 电池电压"/><CSItem code="IT4041431" rank="4" referenceName="可用性 - 传感器"/><CSItem code="IT4038587" rank="4" referenceName="软件 - Android 兼容性"/><CSItem code="IT4009198" rank="5" referenceName="性能 - 电池类型"/><CSItem code="IT4036863" rank="5" referenceName="可用性 - 每周预定"/><CSItem code="IT4023575" rank="5" referenceName="软件 - iPad 兼容性"/><CSItem code="4011088" rank="6" referenceName="性能 - 充电时间"/><CSItem code="IT4028744" rank="6" referenceName="可用性 - 地板类型"/><CSItem code="IT4041692" rank="6" referenceName="软件 - 无线更新"/><CSItem code="IT4041447" rank="7" referenceName="可用性 - 灰尘传感器"/><CSItem code="IT4041446" rank="8" referenceName="可用性 - 远程排程"/></CSItems></Purpose></Filters><FeatureCompareGroups/><Disclaimers><Disclaimer code="DIS40010340" rank="1" referenceName="TriActive XL nozzle for thorough clean, now 2 times faster"><DisclaimerText>基于 IEC 覆盖测试，与 FC8800 相比</DisclaimerText><DisclaimElements/></Disclaimer></Disclaimers><RichTexts/></Product></Products>