<?xml version="1.0" encoding="UTF-8"?><Products xmlns:source="http://apache.org/cocoon/source/1.0" DocStatus="approved" DocTimeStamp="2018-10-24T13:07:13"><Product Country="CN" IsAccessory="false" IsMaster="false" Locale="zh_CN" lastModified="2018-10-24T05:16:14" masterLastModified="2018-08-11T00:28:54"><CTN>HD8927/07</CTN><GTIN>08710103766421</GTIN><MarketingVersion>4.2.1</MarketingVersion><MarketingStatus>Final Published</MarketingStatus><CRDate>2016-11-25</CRDate><CRDateYW>201648</CRDateYW><ModelYears><ModelYear>2016</ModelYear></ModelYears><ProductDivision><ProductDivisionCode>0200</ProductDivisionCode><ProductDivisionName>Consumer Lifestyle</ProductDivisionName><FormerPDCode>0300</FormerPDCode></ProductDivision><ProductOwner>Benedetta Puccetti</ProductOwner><DTN>HD8927/07</DTN><Catalog><StartOfPublication>2016-12-25T00:00:00</StartOfPublication><EndOfPublication>2020-12-25T00:00:00</EndOfPublication><StartOfSales>2016-12-25T00:00:00</StartOfSales><EndOfSales>2020-12-25T00:00:00</EndOfSales><DummyPrice>11299</DummyPrice><Deleted>false</Deleted><DeleteAfterDate/><ProductRank>50</ProductRank></Catalog><FinancialCategorization><BusinessGroupCode>9051</BusinessGroupCode><BusinessGroupName>Coffee</BusinessGroupName><BusinessUnitCode>0418</BusinessUnitCode><BusinessUnitName>Espresso</BusinessUnitName><MainArticleGroupCode>E38</MainArticleGroupCode><MainArticleGroupName>Full Automatic Espresso</MainArticleGroupName><ArticleGroupCode>7883</ArticleGroupCode><ArticleGroupName>PicoBaristo</ArticleGroupName></FinancialCategorization><Categorization type="CONSUMER"><GroupCode>HOUSEHOLD_PRODUCTS_GR</GroupCode><GroupName>Household products</GroupName><CategoryCode>COFFEEMAKERS_AND_KETTLES_CA</CategoryCode><CategoryName>Coffee</CategoryName><SubcategoryCode>BEANTOCUP_SU2</SubcategoryCode><SubcategoryName>Saeco automatic espresso machines</SubcategoryName></Categorization><Assets><Asset code="HD8927_07" description="Leaflet" extension="pdf" lastModified="2018-08-15" locale="zh_CN" number="001" type="PSS">http://download.p4c.philips.com/files/h/hd8927_07/hd8927_07_pss_zhscn.pdf</Asset><Asset code="HD8927_07" description="Retail Trade Leaflet" extension="pdf" lastModified="2018-10-02" locale="zh_CN" number="001" type="RTL">http://download.p4c.philips.com/files/h/hd8927_07/hd8927_07_rtl_zhscn.pdf</Asset><Asset code="HD8927_07" description="Leaflet" extension="pdf" lastModified="2018-08-12" locale="global" number="001" type="PSS">http://download.p4c.philips.com/files/h/hd8927_07/hd8927_07_pss_.pdf</Asset><Asset code="HD8927_07" description="Single product shot" extension="" lastModified="2018-10-24" locale="zh_CN" number="" type="IMS">http://images.philips.com/is/image/PhilipsConsumer/HD8927_07-IMS-zh_CN</Asset><Asset code="HD8927_07" description="Product gallery image set" extension="" lastModified="2018-10-24" locale="zh_CN" number="" type="GAL">http://images.philips.com/is/image/PhilipsConsumer/HD8927_07-GAL-zh_CN</Asset><Asset code="HD8927_07" description="Product URL" extension="" lastModified="2018-10-24" locale="zh_CN" number="" type="URL">http://www.philips.com.cn/c-p/HD8927_07/picobaristo-super-automatic-espresso-machine</Asset></Assets><ProductName>11 种饮品 全自动浓缩咖啡机</ProductName><FullProductName>Saeco PicoBaristo 全自动浓缩咖啡机 HD8927/07 11 种饮品 集成式优质储奶容器 不锈钢 10 档可调节研磨器</FullProductName><NamingString><MasterBrand><BrandCode>SAE</BrandCode><BrandName>Saeco</BrandName></MasterBrand><BrandString>Saeco</BrandString><Family><FamilyCode>SB40006667</FamilyCode><FamilyName>PicoBaristo</FamilyName><FamilyNameUsed>1</FamilyNameUsed></Family><Range><RangeCode>R400001636</RangeCode><RangeName>PicoBaristo 自动浓缩咖啡机</RangeName></Range><Descriptor><DescriptorCode>D4007774</DescriptorCode><DescriptorName>全自动浓缩咖啡机</DescriptorName></Descriptor><Alphanumeric>HD8927/07</Alphanumeric><VersionElement1><VersionElementCode>V4043154</VersionElementCode><VersionElementName>11 种饮品</VersionElementName></VersionElement1><VersionElement2><VersionElementCode>V4039595</VersionElementCode><VersionElementName>集成式优质储奶容器</VersionElementName></VersionElement2><VersionElement3><VersionElementCode>V4001966</VersionElementCode><VersionElementName>不锈钢</VersionElementName></VersionElement3><VersionElement4><VersionElementCode>V4039594</VersionElementCode><VersionElementName>10 档可调节研磨器</VersionElementName></VersionElement4><VersionString>11 种饮品 集成式优质储奶容器 不锈钢 10 档可调节研磨器</VersionString><BrandedFeatureString/><DescriptorBrandedFeatureString>全自动浓缩咖啡机</DescriptorBrandedFeatureString></NamingString><WOW>小巧咖啡机，口味多样</WOW><SubWOW>无需除垢，即可享受 5000 杯咖啡</SubWOW><MarketingTextHeader>PicoBaristo 是一款高档的紧凑型咖啡机，它制作的咖啡口味多样，为咖啡爱好者带来万般娇纵享受。通过用户界面，只需轻轻一触，即可从各种口味中选择自己的喜爱。通过水清洁过滤器，您无需除垢，即可享受 5000 杯咖啡*</MarketingTextHeader><KeyBenefitArea><KeyBenefitAreaCode>K4029865</KeyBenefitAreaCode><KeyBenefitAreaName>专为至臻咖啡而设计的先进技术</KeyBenefitAreaName><KeyBenefitAreaRank>1</KeyBenefitAreaRank></KeyBenefitArea><KeyBenefitArea><KeyBenefitAreaCode>K4029866</KeyBenefitAreaCode><KeyBenefitAreaName>针对您的口味而定制的各种咖啡</KeyBenefitAreaName><KeyBenefitAreaRank>2</KeyBenefitAreaRank></KeyBenefitArea><KeyBenefitArea><KeyBenefitAreaCode>K4029867</KeyBenefitAreaCode><KeyBenefitAreaName>饮用体验惬意无比</KeyBenefitAreaName><KeyBenefitAreaRank>3</KeyBenefitAreaRank></KeyBenefitArea><CSChapter><CSChapterCode>3000815</CSChapterCode><CSChapterName>附件</CSChapterName><CSChapterRank>1</CSChapterRank><CSItem><CSItemCode>IT4014581</CSItemCode><CSItemName>随附</CSItemName><CSItemRank>1</CSItemRank><CSItemIsFreeFormat>0</CSItemIsFreeFormat><CSValue><CSValueCode>VA4089703</CSValueCode><CSValueName>量勺</CSValueName><CSValueRank>1</CSValueRank></CSValue><CSValue><CSValueCode>VA4089701</CSValueCode><CSValueName>水硬度测试条</CSValueName><CSValueRank>2</CSValueRank></CSValue><CSValue><CSValueCode>VA4063116</CSValueCode><CSValueName>清洁刷</CSValueName><CSValueRank>3</CSValueRank></CSValue><CSValue><CSValueCode>VA4089693</CSValueCode><CSValueName>滤水器</CSValueName><CSValueRank>4</CSValueRank></CSValue></CSItem></CSChapter><CSChapter><CSChapterCode>3001096</CSChapterCode><CSChapterName>设计</CSChapterName><CSChapterRank>2</CSChapterRank><CSItem><CSItemCode>3011951</CSItemCode><CSItemName>颜色</CSItemName><CSItemRank>1</CSItemRank><CSItemIsFreeFormat>0</CSItemIsFreeFormat><CSValue><CSValueCode>3051612</CSValueCode><CSValueName>黑色</CSValueName><CSValueRank>1</CSValueRank></CSValue><CSValue><CSValueCode>VA4085343</CSValueCode><CSValueName>不锈钢</CSValueName><CSValueRank>2</CSValueRank></CSValue></CSItem></CSChapter><CSChapter><CSChapterCode>CHA_0000013</CSChapterCode><CSChapterName>表面处理</CSChapterName><CSChapterRank>3</CSChapterRank><CSItem><CSItemCode>IT4038926</CSItemCode><CSItemName>材料 加热器</CSItemName><CSItemRank>1</CSItemRank><CSItemIsFreeFormat>1</CSItemIsFreeFormat><CSValue><CSValueCode>VA4090523</CSValueCode><CSValueName>不锈钢</CSValueName><CSValueRank>1</CSValueRank></CSValue></CSItem><CSItem><CSItemCode>IT4038927</CSItemCode><CSItemName>滴水盘材料</CSItemName><CSItemRank>2</CSItemRank><CSItemIsFreeFormat>1</CSItemIsFreeFormat><CSValue><CSValueCode>VA4090524</CSValueCode><CSValueName>不锈钢</CSValueName><CSValueRank>1</CSValueRank></CSValue></CSItem><CSItem><CSItemCode>IT4038930</CSItemCode><CSItemName>机身材料</CSItemName><CSItemRank>3</CSItemRank><CSItemIsFreeFormat>1</CSItemIsFreeFormat><CSValue><CSValueCode>VA4090527</CSValueCode><CSValueName>不锈钢正面</CSValueName><CSValueRank>1</CSValueRank></CSValue></CSItem><CSItem><CSItemCode>IT4038935</CSItemCode><CSItemName>水箱材料</CSItemName><CSItemRank>4</CSItemRank><CSItemIsFreeFormat>1</CSItemIsFreeFormat><CSValue><CSValueCode>VA4090533</CSValueCode><CSValueName>塑料</CSValueName><CSValueRank>1</CSValueRank></CSValue></CSItem></CSChapter><CSChapter><CSChapterCode>CHA_0000021</CSChapterCode><CSChapterName>原产地</CSChapterName><CSChapterRank>4</CSChapterRank><CSItem><CSItemCode>S_0001744</CSItemCode><CSItemName>原产地</CSItemName><CSItemRank>1</CSItemRank><CSItemIsFreeFormat>1</CSItemIsFreeFormat><CSValue><CSValueCode>VA4008246</CSValueCode><CSValueName>欧洲</CSValueName><CSValueRank>1</CSValueRank></CSValue></CSItem></CSChapter><CSChapter><CSChapterCode>CHA_0000009</CSChapterCode><CSChapterName>普通参数</CSChapterName><CSChapterRank>5</CSChapterRank><CSItem><CSItemCode>IT4038611</CSItemCode><CSItemName>咖啡浓度设置</CSItemName><CSItemRank>1</CSItemRank><CSItemIsFreeFormat>1</CSItemIsFreeFormat><CSValue><CSValueCode>VA4089712</CSValueCode><CSValueName>5</CSValueName><CSValueRank>1</CSValueRank></CSValue></CSItem><CSItem><CSItemCode>IT4038608</CSItemCode><CSItemName>同时冲煮多杯</CSItemName><CSItemRank>2</CSItemRank><CSItemIsFreeFormat>1</CSItemIsFreeFormat><CSValue><CSValueCode>VA4089709</CSValueCode><CSValueName>2</CSValueName><CSValueRank>1</CSValueRank></CSValue></CSItem><CSItem><CSItemCode>IT4038622</CSItemCode><CSItemName>自定义每杯饮料</CSItemName><CSItemRank>3</CSItemRank><CSItemIsFreeFormat>0</CSItemIsFreeFormat><CSValue><CSValueCode>VA4089744</CSValueCode><CSValueName>可调节的咖啡浓度</CSValueName><CSValueRank>1</CSValueRank></CSValue><CSValue><CSValueCode>VA4089749</CSValueCode><CSValueName>可调杯量</CSValueName><CSValueRank>2</CSValueRank></CSValue><CSValue><CSValueCode>VA4089746</CSValueCode><CSValueName>可调节温度</CSValueName><CSValueRank>3</CSValueRank></CSValue><CSValue><CSValueCode>VA4089750</CSValueCode><CSValueName>杯量记忆功能</CSValueName><CSValueRank>4</CSValueRank></CSValue></CSItem><CSItem><CSItemCode>IT4038624</CSItemCode><CSItemName>易于清洁和维护</CSItemName><CSItemRank>4</CSItemRank><CSItemIsFreeFormat>0</CSItemIsFreeFormat><CSValue><CSValueCode>VA4089766</CSValueCode><CSValueName>自动除垢周期</CSValueName><CSValueRank>1</CSValueRank></CSValue><CSValue><CSValueCode>VA4089775</CSValueCode><CSValueName>自动冲洗周期</CSValueName><CSValueRank>2</CSValueRank></CSValue><CSValue><CSValueCode>VA4089774</CSValueCode><CSValueName>除垢指示灯</CSValueName><CSValueRank>3</CSValueRank></CSValue><CSValue><CSValueCode>VA4089773</CSValueCode><CSValueName>自动清洁储奶容器</CSValueName><CSValueRank>4</CSValueRank></CSValue><CSValue><CSValueCode>VA4089770</CSValueCode><CSValueName>所有部件均可用洗碗机清洗</CSValueName><CSValueRank>5</CSValueRank></CSValue><CSValue><CSValueCode>VA4089768</CSValueCode><CSValueName>可分离式烹煮套件</CSValueName><CSValueRank>6</CSValueRank></CSValue><CSValue><CSValueCode>VA4090371</CSValueCode><CSValueName>兼容 AquaClean 滤网</CSValueName><CSValueRank>7</CSValueRank></CSValue></CSItem><CSItem><CSItemCode>IT4038623</CSItemCode><CSItemName>舒适易用</CSItemName><CSItemRank>5</CSItemRank><CSItemIsFreeFormat>0</CSItemIsFreeFormat><CSValue><CSValueCode>VA4089759</CSValueCode><CSValueName>可调节出水口</CSValueName><CSValueRank>1</CSValueRank></CSValue><CSValue><CSValueCode>VA4089758</CSValueCode><CSValueName>显示屏</CSValueName><CSValueRank>2</CSValueRank></CSValue><CSValue><CSValueCode>VA4089760</CSValueCode><CSValueName>可分离式滴水盘</CSValueName><CSValueRank>3</CSValueRank></CSValue><CSValue><CSValueCode>VA4089756</CSValueCode><CSValueName>可分离式水箱</CSValueName><CSValueRank>4</CSValueRank></CSValue><CSValue><CSValueCode>VA4090410</CSValueCode><CSValueName>自动关熄功能</CSValueName><CSValueRank>5</CSValueRank></CSValue></CSItem><CSItem><CSItemCode>IT4038614</CSItemCode><CSItemName>研磨器设置</CSItemName><CSItemRank>6</CSItemRank><CSItemIsFreeFormat>1</CSItemIsFreeFormat><CSValue><CSValueCode>VA4089715</CSValueCode><CSValueName>10</CSValueName><CSValueRank>1</CSValueRank></CSValue></CSItem><CSItem><CSItemCode>IT4038610</CSItemCode><CSItemName>一键制作多种口味咖啡</CSItemName><CSItemRank>7</CSItemRank><CSItemIsFreeFormat>1</CSItemIsFreeFormat><CSValue><CSValueCode>VA4089711</CSValueCode><CSValueName>11</CSValueName><CSValueRank>1</CSValueRank></CSValue></CSItem><CSItem><CSItemCode>IT4038621</CSItemCode><CSItemName>特殊功能</CSItemName><CSItemRank>8</CSItemRank><CSItemIsFreeFormat>0</CSItemIsFreeFormat><CSValue><CSValueCode>VA4089730</CSValueCode><CSValueName>陶瓷研磨器</CSValueName><CSValueRank>1</CSValueRank></CSValue><CSValue><CSValueCode>VA4089739</CSValueCode><CSValueName>热水选项</CSValueName><CSValueRank>2</CSValueRank></CSValue><CSValue><CSValueCode>VA4089734</CSValueCode><CSValueName>集成式储奶容器</CSValueName><CSValueRank>3</CSValueRank></CSValue><CSValue><CSValueCode>VA4089741</CSValueCode><CSValueName>研磨咖啡选项</CSValueName><CSValueRank>4</CSValueRank></CSValue><CSValue><CSValueCode>VA4089736</CSValueCode><CSValueName>预冲煮</CSValueName><CSValueRank>5</CSValueRank></CSValue></CSItem><CSItem><CSItemCode>IT4038613</CSItemCode><CSItemName>温度设置</CSItemName><CSItemRank>9</CSItemRank><CSItemIsFreeFormat>1</CSItemIsFreeFormat><CSValue><CSValueCode>VA4089714</CSValueCode><CSValueName>3</CSValueName><CSValueRank>1</CSValueRank></CSValue></CSItem><CSItem><CSItemCode>IT4038615</CSItemCode><CSItemName>储奶容器类型</CSItemName><CSItemRank>10</CSItemRank><CSItemIsFreeFormat>0</CSItemIsFreeFormat><CSValue><CSValueCode>VA4089717</CSValueCode><CSValueName>优质的储奶容器</CSValueName><CSValueRank>1</CSValueRank></CSValue></CSItem><CSItem><CSItemCode>IT4038618</CSItemCode><CSItemName>显示屏类型</CSItemName><CSItemRank>11</CSItemRank><CSItemIsFreeFormat>0</CSItemIsFreeFormat><CSValue><CSValueCode>VA4089726</CSValueCode><CSValueName>液晶</CSValueName><CSValueRank>1</CSValueRank></CSValue></CSItem><CSItem><CSItemCode>IT4042090</CSItemCode><CSItemName>牛奶溶液</CSItemName><CSItemRank>12</CSItemRank><CSItemIsFreeFormat>0</CSItemIsFreeFormat><CSValue><CSValueCode>VA4097448</CSValueCode><CSValueName>集成式储奶容器</CSValueName><CSValueRank>1</CSValueRank></CSValue></CSItem></CSChapter><CSChapter><CSChapterCode>CHA_0000049</CSChapterCode><CSChapterName>服务</CSChapterName><CSChapterRank>6</CSChapterRank><CSItem><CSItemCode>IT4002813</CSItemCode><CSItemName>2 年保修</CSItemName><CSItemRank>1</CSItemRank><CSItemIsFreeFormat>0</CSItemIsFreeFormat><CSValue><CSValueCode>VA4011021</CSValueCode><CSValueName>Y</CSValueName><CSValueRank>1</CSValueRank></CSValue></CSItem></CSChapter><CSChapter><CSChapterCode>CH4000822</CSChapterCode><CSChapterName>可持续发展</CSChapterName><CSChapterRank>7</CSChapterRank><CSItem><CSItemCode>IT4038704</CSItemCode><CSItemName>能源标签</CSItemName><CSItemRank>1</CSItemRank><CSItemIsFreeFormat>0</CSItemIsFreeFormat><CSValue><CSValueCode>VA4089869</CSValueCode><CSValueName>A 级</CSValueName><CSValueRank>1</CSValueRank></CSValue></CSItem><CSItem><CSItemCode>IT4038654</CSItemCode><CSItemName>冲煮功耗</CSItemName><CSItemRank>2</CSItemRank><CSItemIsFreeFormat>1</CSItemIsFreeFormat><CSValue><CSValueCode>VA4089798</CSValueCode><CSValueName>1850</CSValueName><CSValueRank>1</CSValueRank></CSValue><UnitOfMeasure><UnitOfMeasureCode>3000072</UnitOfMeasureCode><UnitOfMeasureName>瓦特</UnitOfMeasureName><UnitOfMeasureSymbol>瓦</UnitOfMeasureSymbol></UnitOfMeasure></CSItem></CSChapter><CSChapter><CSChapterCode>3000956</CSChapterCode><CSChapterName>技术规格</CSChapterName><CSChapterRank>8</CSChapterRank><CSItem><CSItemCode>IT4038648</CSItemCode><CSItemName>冲煮时间 1 杯</CSItemName><CSItemRank>1</CSItemRank><CSItemIsFreeFormat>1</CSItemIsFreeFormat><CSValue><CSValueCode>VA4089792</CSValueCode><CSValueName>45（浓缩咖啡）至 100（淡咖啡）</CSValueName><CSValueRank>1</CSValueRank></CSValue><UnitOfMeasure><UnitOfMeasureCode>4004401</UnitOfMeasureCode><UnitOfMeasureName>秒</UnitOfMeasureName><UnitOfMeasureSymbol>秒</UnitOfMeasureSymbol></UnitOfMeasure></CSItem><CSItem><CSItemCode>IT4038641</CSItemCode><CSItemName>咖啡豆容器容量</CSItemName><CSItemRank>2</CSItemRank><CSItemIsFreeFormat>1</CSItemIsFreeFormat><CSValue><CSValueCode>VA4089788</CSValueCode><CSValueName>250</CSValueName><CSValueRank>1</CSValueRank></CSValue><UnitOfMeasure><UnitOfMeasureCode>3000101</UnitOfMeasureCode><UnitOfMeasureName>克</UnitOfMeasureName><UnitOfMeasureSymbol>克</UnitOfMeasureSymbol></UnitOfMeasure></CSItem><CSItem><CSItemCode>IT4038640</CSItemCode><CSItemName>储奶容器容量</CSItemName><CSItemRank>3</CSItemRank><CSItemIsFreeFormat>1</CSItemIsFreeFormat><CSValue><CSValueCode>VA4089787</CSValueCode><CSValueName>0.5</CSValueName><CSValueRank>1</CSValueRank></CSValue><UnitOfMeasure><UnitOfMeasureCode>4000010</UnitOfMeasureCode><UnitOfMeasureName>-升</UnitOfMeasureName><UnitOfMeasureSymbol>升</UnitOfMeasureSymbol></UnitOfMeasure></CSItem><CSItem><CSItemCode>IT4038642</CSItemCode><CSItemName>废弃物容器容量</CSItemName><CSItemRank>4</CSItemRank><CSItemIsFreeFormat>1</CSItemIsFreeFormat><CSValue><CSValueCode>VA4089789</CSValueCode><CSValueName>15</CSValueName><CSValueRank>1</CSValueRank></CSValue><UnitOfMeasure><UnitOfMeasureCode>4000101</UnitOfMeasureCode><UnitOfMeasureName>份</UnitOfMeasureName><UnitOfMeasureSymbol>份</UnitOfMeasureSymbol></UnitOfMeasure></CSItem><CSItem><CSItemCode>S_0002799</CSItemCode><CSItemName>水箱容量</CSItemName><CSItemRank>5</CSItemRank><CSItemIsFreeFormat>1</CSItemIsFreeFormat><CSValue><CSValueCode>VA4008924</CSValueCode><CSValueName>1.8</CSValueName><CSValueRank>1</CSValueRank></CSValue><UnitOfMeasure><UnitOfMeasureCode>4000010</UnitOfMeasureCode><UnitOfMeasureName>-升</UnitOfMeasureName><UnitOfMeasureSymbol>升</UnitOfMeasureSymbol></UnitOfMeasure></CSItem><CSItem><CSItemCode>S_0000109</CSItemCode><CSItemName>电线长度</CSItemName><CSItemRank>6</CSItemRank><CSItemIsFreeFormat>1</CSItemIsFreeFormat><CSValue><CSValueCode>VA4007182</CSValueCode><CSValueName>1.2</CSValueName><CSValueRank>1</CSValueRank></CSValue><UnitOfMeasure><UnitOfMeasureCode>3000057</UnitOfMeasureCode><UnitOfMeasureName>米</UnitOfMeasureName><UnitOfMeasureSymbol>米</UnitOfMeasureSymbol></UnitOfMeasure></CSItem><CSItem><CSItemCode>S_0000027</CSItemCode><CSItemName>频率</CSItemName><CSItemRank>7</CSItemRank><CSItemIsFreeFormat>1</CSItemIsFreeFormat><CSValue><CSValueCode>VA4007112</CSValueCode><CSValueName>50</CSValueName><CSValueRank>1</CSValueRank></CSValue><UnitOfMeasure><UnitOfMeasureCode>3000045</UnitOfMeasureCode><UnitOfMeasureName>赫兹</UnitOfMeasureName><UnitOfMeasureSymbol>赫兹</UnitOfMeasureSymbol></UnitOfMeasure></CSItem><CSItem><CSItemCode>IT4038646</CSItemCode><CSItemName>最大杯高度</CSItemName><CSItemRank>8</CSItemRank><CSItemIsFreeFormat>1</CSItemIsFreeFormat><CSValue><CSValueCode>VA4089790</CSValueCode><CSValueName>78 - 164</CSValueName><CSValueRank>1</CSValueRank></CSValue><UnitOfMeasure><UnitOfMeasureCode>3000058</UnitOfMeasureCode><UnitOfMeasureName>毫米</UnitOfMeasureName><UnitOfMeasureSymbol>毫米</UnitOfMeasureSymbol></UnitOfMeasure></CSItem><CSItem><CSItemCode>IT4038637</CSItemCode><CSItemName>泵压</CSItemName><CSItemRank>9</CSItemRank><CSItemIsFreeFormat>1</CSItemIsFreeFormat><CSValue><CSValueCode>VA4089785</CSValueCode><CSValueName>15</CSValueName><CSValueRank>1</CSValueRank></CSValue><UnitOfMeasure><UnitOfMeasureCode>4000002</UnitOfMeasureCode><UnitOfMeasureName>-巴</UnitOfMeasureName><UnitOfMeasureSymbol>巴</UnitOfMeasureSymbol></UnitOfMeasure></CSItem><CSItem><CSItemCode>S_0000026</CSItemCode><CSItemName>电压</CSItemName><CSItemRank>10</CSItemRank><CSItemIsFreeFormat>1</CSItemIsFreeFormat><CSValue><CSValueCode>VA4007111</CSValueCode><CSValueName>220 伏 - 240</CSValueName><CSValueRank>1</CSValueRank></CSValue><UnitOfMeasure><UnitOfMeasureCode>3000071</UnitOfMeasureCode><UnitOfMeasureName>伏</UnitOfMeasureName><UnitOfMeasureSymbol>伏</UnitOfMeasureSymbol></UnitOfMeasure></CSItem><CSItem><CSItemCode>IT4038651</CSItemCode><CSItemName>热水器</CSItemName><CSItemRank>11</CSItemRank><CSItemIsFreeFormat>1</CSItemIsFreeFormat><CSValue><CSValueCode>VA4089795</CSValueCode><CSValueName>1</CSValueName><CSValueRank>1</CSValueRank></CSValue></CSItem></CSChapter><CSChapter><CSChapterCode>CHA_0000004</CSChapterCode><CSChapterName>重量和尺寸</CSChapterName><CSChapterRank>9</CSChapterRank><CSItem><CSItemCode>IT4038660</CSItemCode><CSItemName>产品尺寸（宽x厚x高）</CSItemName><CSItemRank>1</CSItemRank><CSItemIsFreeFormat>1</CSItemIsFreeFormat><CSValue><CSValueCode>VA4089802</CSValueCode><CSValueName>215 x 429 x 330</CSValueName><CSValueRank>1</CSValueRank></CSValue><UnitOfMeasure><UnitOfMeasureCode>3000058</UnitOfMeasureCode><UnitOfMeasureName>毫米</UnitOfMeasureName><UnitOfMeasureSymbol>毫米</UnitOfMeasureSymbol></UnitOfMeasure></CSItem><CSItem><CSItemCode>IT4010191</CSItemCode><CSItemName>产品重量</CSItemName><CSItemRank>2</CSItemRank><CSItemIsFreeFormat>1</CSItemIsFreeFormat><CSValue><CSValueCode>VA4023901</CSValueCode><CSValueName>7.2</CSValueName><CSValueRank>1</CSValueRank></CSValue><UnitOfMeasure><UnitOfMeasureCode>3000049</UnitOfMeasureCode><UnitOfMeasureName>千克</UnitOfMeasureName><UnitOfMeasureSymbol>千克</UnitOfMeasureSymbol></UnitOfMeasure></CSItem></CSChapter><Filters><Purpose type="Comparison"><Features><Feature code="F400073010" rank="1" referenceName="CO-SA-SAE-AquaClean"/><Feature code="F400070293" rank="2" referenceName="CO-SA-SAE-Quick Heat Boiler"/><Feature code="F400070297" rank="3" referenceName="CO-SA-SAE-Strength Memo Function"/><Feature code="F400070292" rank="4" referenceName="CO-SA-SAE-100% Ceramic grinders"/><Feature code="F400073004" rank="5" referenceName="CO-SA-SAE-10-settings adjustable grinder"/><Feature code="F400073470" rank="6" referenceName="CO-SA-SAE-Hot Cappuccino and Latte Macchiato"/><Feature code="F400073345" rank="7" referenceName="CO-SA-SAE-Specialties -From Espresso to Latte Macchiato"/><Feature code="F400073008" rank="8" referenceName="CO-SA-SAE-Premium carafe with Quick Clean"/><Feature code="F400073474" rank="9" referenceName="CO-SA-SAE-CATTIVA-Iconic stainless steel front"/><Feature code="F400073471" rank="10" referenceName="CO-SA-SAE-Intuitive 12 button display (LED)"/></Features><CSItems><CSItem code="IT4014581" rank="1" referenceName="附件 - 随附"/><CSItem code="3011951" rank="1" referenceName="设计 - 颜色"/><CSItem code="IT4038926" rank="1" referenceName="表面处理 - 材料 加热器"/><CSItem code="S_0001744" rank="1" referenceName="原产地 - 原产地"/><CSItem code="IT4038611" rank="1" referenceName="普通参数 - 咖啡浓度设置"/><CSItem code="IT4002813" rank="1" referenceName="服务 - 2 年保修"/><CSItem code="IT4038704" rank="1" referenceName="可持续发展 - 能源标签"/><CSItem code="IT4038648" rank="1" referenceName="技术规格 - 冲煮时间 1 杯"/><CSItem code="IT4038660" rank="1" referenceName="重量和尺寸 - 产品尺寸（宽x厚x高）"/><CSItem code="IT4038927" rank="2" referenceName="表面处理 - 滴水盘材料"/><CSItem code="IT4038608" rank="2" referenceName="普通参数 - 同时冲煮多杯"/><CSItem code="IT4038654" rank="2" referenceName="可持续发展 - 冲煮功耗"/><CSItem code="IT4038641" rank="2" referenceName="技术规格 - 咖啡豆容器容量"/><CSItem code="IT4010191" rank="2" referenceName="重量和尺寸 - 产品重量"/><CSItem code="IT4038930" rank="3" referenceName="表面处理 - 机身材料"/><CSItem code="IT4038622" rank="3" referenceName="普通参数 - 自定义每杯饮料"/><CSItem code="IT4038640" rank="3" referenceName="技术规格 - 储奶容器容量"/><CSItem code="IT4038935" rank="4" referenceName="表面处理 - 水箱材料"/><CSItem code="IT4038624" rank="4" referenceName="普通参数 - 易于清洁和维护"/><CSItem code="IT4038642" rank="4" referenceName="技术规格 - 废弃物容器容量"/><CSItem code="IT4038623" rank="5" referenceName="普通参数 - 舒适易用"/><CSItem code="S_0002799" rank="5" referenceName="技术规格 - 水箱容量"/><CSItem code="IT4038614" rank="6" referenceName="普通参数 - 研磨器设置"/><CSItem code="S_0000109" rank="6" referenceName="技术规格 - 电线长度"/><CSItem code="IT4038610" rank="7" referenceName="普通参数 - 一键制作多种口味咖啡"/><CSItem code="S_0000027" rank="7" referenceName="技术规格 - 频率"/><CSItem code="IT4038621" rank="8" referenceName="普通参数 - 特殊功能"/><CSItem code="IT4038646" rank="8" referenceName="技术规格 - 最大杯高度"/><CSItem code="IT4038613" rank="9" referenceName="普通参数 - 温度设置"/><CSItem code="IT4038637" rank="9" referenceName="技术规格 - 泵压"/><CSItem code="IT4038615" rank="10" referenceName="普通参数 - 储奶容器类型"/><CSItem code="S_0000026" rank="10" referenceName="技术规格 - 电压"/><CSItem code="IT4038618" rank="11" referenceName="普通参数 - 显示屏类型"/><CSItem code="IT4038651" rank="11" referenceName="技术规格 - 热水器"/><CSItem code="IT4042090" rank="12" referenceName="普通参数 - 牛奶溶液"/></CSItems></Purpose><Purpose type="Detail"><Features><Feature code="F400073010" rank="1" referenceName="CO-SA-SAE-AquaClean"/><Feature code="F400070293" rank="2" referenceName="CO-SA-SAE-Quick Heat Boiler"/><Feature code="F400070297" rank="3" referenceName="CO-SA-SAE-Strength Memo Function"/><Feature code="F400070292" rank="4" referenceName="CO-SA-SAE-100% Ceramic grinders"/><Feature code="F400073004" rank="5" referenceName="CO-SA-SAE-10-settings adjustable grinder"/><Feature code="F400073470" rank="6" referenceName="CO-SA-SAE-Hot Cappuccino and Latte Macchiato"/><Feature code="F400073345" rank="7" referenceName="CO-SA-SAE-Specialties -From Espresso to Latte Macchiato"/><Feature code="F400073008" rank="8" referenceName="CO-SA-SAE-Premium carafe with Quick Clean"/><Feature code="F400073474" rank="9" referenceName="CO-SA-SAE-CATTIVA-Iconic stainless steel front"/><Feature code="F400073471" rank="10" referenceName="CO-SA-SAE-Intuitive 12 button display (LED)"/></Features><CSItems><CSItem code="IT4014581" rank="1" referenceName="附件 - 随附"/><CSItem code="3011951" rank="1" referenceName="设计 - 颜色"/><CSItem code="IT4038926" rank="1" referenceName="表面处理 - 材料 加热器"/><CSItem code="S_0001744" rank="1" referenceName="原产地 - 原产地"/><CSItem code="IT4038611" rank="1" referenceName="普通参数 - 咖啡浓度设置"/><CSItem code="IT4002813" rank="1" referenceName="服务 - 2 年保修"/><CSItem code="IT4038704" rank="1" referenceName="可持续发展 - 能源标签"/><CSItem code="IT4038648" rank="1" referenceName="技术规格 - 冲煮时间 1 杯"/><CSItem code="IT4038660" rank="1" referenceName="重量和尺寸 - 产品尺寸（宽x厚x高）"/><CSItem code="IT4038927" rank="2" referenceName="表面处理 - 滴水盘材料"/><CSItem code="IT4038608" rank="2" referenceName="普通参数 - 同时冲煮多杯"/><CSItem code="IT4038654" rank="2" referenceName="可持续发展 - 冲煮功耗"/><CSItem code="IT4038641" rank="2" referenceName="技术规格 - 咖啡豆容器容量"/><CSItem code="IT4010191" rank="2" referenceName="重量和尺寸 - 产品重量"/><CSItem code="IT4038930" rank="3" referenceName="表面处理 - 机身材料"/><CSItem code="IT4038622" rank="3" referenceName="普通参数 - 自定义每杯饮料"/><CSItem code="IT4038640" rank="3" referenceName="技术规格 - 储奶容器容量"/><CSItem code="IT4038935" rank="4" referenceName="表面处理 - 水箱材料"/><CSItem code="IT4038624" rank="4" referenceName="普通参数 - 易于清洁和维护"/><CSItem code="IT4038642" rank="4" referenceName="技术规格 - 废弃物容器容量"/><CSItem code="IT4038623" rank="5" referenceName="普通参数 - 舒适易用"/><CSItem code="S_0002799" rank="5" referenceName="技术规格 - 水箱容量"/><CSItem code="IT4038614" rank="6" referenceName="普通参数 - 研磨器设置"/><CSItem code="S_0000109" rank="6" referenceName="技术规格 - 电线长度"/><CSItem code="IT4038610" rank="7" referenceName="普通参数 - 一键制作多种口味咖啡"/><CSItem code="S_0000027" rank="7" referenceName="技术规格 - 频率"/><CSItem code="IT4038621" rank="8" referenceName="普通参数 - 特殊功能"/><CSItem code="IT4038646" rank="8" referenceName="技术规格 - 最大杯高度"/><CSItem code="IT4038613" rank="9" referenceName="普通参数 - 温度设置"/><CSItem code="IT4038637" rank="9" referenceName="技术规格 - 泵压"/><CSItem code="IT4038615" rank="10" referenceName="普通参数 - 储奶容器类型"/><CSItem code="S_0000026" rank="10" referenceName="技术规格 - 电压"/><CSItem code="IT4038618" rank="11" referenceName="普通参数 - 显示屏类型"/><CSItem code="IT4038651" rank="11" referenceName="技术规格 - 热水器"/><CSItem code="IT4042090" rank="12" referenceName="普通参数 - 牛奶溶液"/></CSItems></Purpose></Filters><FeatureCompareGroups/><Disclaimers><Disclaimer code="DIS40008892" rank="1" referenceName="Aquaclean - Up to 5000 cups"><DisclaimerText>基于咖啡机标示的 8 个替换滤芯。实际杯数取决于所选的咖啡口味、冲洗和清洁模式。</DisclaimerText><DisclaimElements/></Disclaimer></Disclaimers><ProductReference ProductReferenceType="Accessory"><CTN>CA6500/11</CTN><ProductReferenceRank>0</ProductReferenceRank></ProductReference><ProductReference ProductReferenceType="Accessory"><CTN>CA6500/31</CTN><ProductReferenceRank>0</ProductReferenceRank></ProductReference><ProductReference ProductReferenceType="Accessory"><CTN>CA6500/61</CTN><ProductReferenceRank>0</ProductReferenceRank></ProductReference><ProductReference ProductReferenceType="Accessory"><CTN>CA6500/63</CTN><ProductReferenceRank>0</ProductReferenceRank></ProductReference><ProductReference ProductReferenceType="Accessory"><CTN>CA6502/65</CTN><ProductReferenceRank>0</ProductReferenceRank></ProductReference><ProductReference ProductReferenceType="Accessory"><CTN>CA6700/00</CTN><ProductReferenceRank>0</ProductReferenceRank></ProductReference><ProductReference ProductReferenceType="Accessory"><CTN>CA6700/10</CTN><ProductReferenceRank>0</ProductReferenceRank></ProductReference><ProductReference ProductReferenceType="Accessory"><CTN>CA6700/22</CTN><ProductReferenceRank>0</ProductReferenceRank></ProductReference><ProductReference ProductReferenceType="Accessory"><CTN>CA6700/47</CTN><ProductReferenceRank>0</ProductReferenceRank></ProductReference><ProductReference ProductReferenceType="Accessory"><CTN>CA6700/55</CTN><ProductReferenceRank>0</ProductReferenceRank></ProductReference><ProductReference ProductReferenceType="Accessory"><CTN>CA6700/90</CTN><ProductReferenceRank>0</ProductReferenceRank></ProductReference><ProductReference ProductReferenceType="Accessory"><CTN>CA6700/91</CTN><ProductReferenceRank>0</ProductReferenceRank></ProductReference><ProductReference ProductReferenceType="Accessory"><CTN>CA6700/96</CTN><ProductReferenceRank>0</ProductReferenceRank></ProductReference><ProductReference ProductReferenceType="Accessory"><CTN>CA6700/98</CTN><ProductReferenceRank>0</ProductReferenceRank></ProductReference><ProductReference ProductReferenceType="Accessory"><CTN>CA6704/10</CTN><ProductReferenceRank>0</ProductReferenceRank></ProductReference><ProductReference ProductReferenceType="Accessory"><CTN>CA6704/60</CTN><ProductReferenceRank>0</ProductReferenceRank></ProductReference><ProductReference ProductReferenceType="Accessory"><CTN>CA6705/10</CTN><ProductReferenceRank>0</ProductReferenceRank></ProductReference><ProductReference ProductReferenceType="Accessory"><CTN>CA6705/60</CTN><ProductReferenceRank>0</ProductReferenceRank></ProductReference><ProductReference ProductReferenceType="Accessory"><CTN>CA6707/00</CTN><ProductReferenceRank>0</ProductReferenceRank></ProductReference><ProductReference ProductReferenceType="Accessory"><CTN>CA6707/10</CTN><ProductReferenceRank>0</ProductReferenceRank></ProductReference><ProductReference ProductReferenceType="Accessory"><CTN>CA6810/00</CTN><ProductReferenceRank>0</ProductReferenceRank></ProductReference><ProductReference ProductReferenceType="Accessory"><CTN>CA6811/00</CTN><ProductReferenceRank>0</ProductReferenceRank></ProductReference><ProductReference ProductReferenceType="Accessory"><CTN>CA6813/00</CTN><ProductReferenceRank>0</ProductReferenceRank></ProductReference><ProductReference ProductReferenceType="Accessory"><CTN>CA6903/00</CTN><ProductReferenceRank>0</ProductReferenceRank></ProductReference><ProductReference ProductReferenceType="Accessory"><CTN>CA6903/01</CTN><ProductReferenceRank>0</ProductReferenceRank></ProductReference><ProductReference ProductReferenceType="Accessory"><CTN>CA6903/10</CTN><ProductReferenceRank>0</ProductReferenceRank></ProductReference><ProductReference ProductReferenceType="Accessory"><CTN>CA6903/20</CTN><ProductReferenceRank>0</ProductReferenceRank></ProductReference><ProductReference ProductReferenceType="Accessory"><CTN>CA6903/22</CTN><ProductReferenceRank>0</ProductReferenceRank></ProductReference><ProductReference ProductReferenceType="Accessory"><CTN>CA6903/47</CTN><ProductReferenceRank>0</ProductReferenceRank></ProductReference><ProductReference ProductReferenceType="Accessory"><CTN>CA6903/99</CTN><ProductReferenceRank>0</ProductReferenceRank></ProductReference><ProductReference ProductReferenceType="Accessory"><CTN>CP0164/01</CTN><ProductReferenceRank>0</ProductReferenceRank></ProductReference><ProductReference ProductReferenceType="Accessory"><CTN>CP0228/01</CTN><ProductReferenceRank>0</ProductReferenceRank></ProductReference><ProductReference ProductReferenceType="Accessory"><CTN>CP0386/01</CTN><ProductReferenceRank>0</ProductReferenceRank></ProductReference><ProductReference ProductReferenceType="Accessory"><CTN>CP0508/01</CTN><ProductReferenceRank>0</ProductReferenceRank></ProductReference><ProductReference ProductReferenceType="Accessory"><CTN>CP0710/01</CTN><ProductReferenceRank>0</ProductReferenceRank></ProductReference><ProductReference ProductReferenceType="Accessory"><CTN>HD5061/01</CTN><ProductReferenceRank>0</ProductReferenceRank></ProductReference><ProductReference ProductReferenceType="Accessory"><CTN>HD5084/01</CTN><ProductReferenceRank>0</ProductReferenceRank></ProductReference><ProductReference ProductReferenceType="Accessory"><CTN>HD5085/01</CTN><ProductReferenceRank>0</ProductReferenceRank></ProductReference><ProductReference ProductReferenceType="Accessory"><CTN>RI9127/12</CTN><ProductReferenceRank>0</ProductReferenceRank></ProductReference><RichTexts/></Product></Products>