<?xml version="1.0" encoding="UTF-8"?><Products xmlns:source="http://apache.org/cocoon/source/1.0" DocStatus="approved" DocTimeStamp="2018-10-24T13:07:13"><Product Country="CN" IsAccessory="false" IsMaster="false" Locale="zh_CN" lastModified="2018-10-24T05:16:14" masterLastModified="2017-07-27T01:08:03"><CTN>YQ6188/16</CTN><GTIN>06947265411360</GTIN><MarketingVersion>1.1.1</MarketingVersion><MarketingStatus>Final Published</MarketingStatus><CRDate>2015-04-10</CRDate><CRDateYW>201515</CRDateYW><ModelYears><ModelYear>2015</ModelYear></ModelYears><ProductDivision><ProductDivisionCode>0200</ProductDivisionCode><ProductDivisionName>Consumer Lifestyle</ProductDivisionName><FormerPDCode>0300</FormerPDCode></ProductDivision><ProductOwner>Rex Yr Yang</ProductOwner><DTN>YQ6188/16</DTN><Catalog><StartOfPublication>2015-05-10T00:00:00</StartOfPublication><EndOfPublication>2019-05-10T00:00:00</EndOfPublication><StartOfSales>2015-05-10T00:00:00</StartOfSales><EndOfSales>2019-05-10T00:00:00</EndOfSales><DummyPrice>229</DummyPrice><Deleted>false</Deleted><DeleteAfterDate/><ProductRank>27</ProductRank></Catalog><FinancialCategorization><BusinessGroupCode>9044</BusinessGroupCode><BusinessGroupName>Personal Care</BusinessGroupName><BusinessUnitCode>0321</BusinessUnitCode><BusinessUnitName>Male Grooming</BusinessUnitName><MainArticleGroupCode>E01</MainArticleGroupCode><MainArticleGroupName>Shaving 3 Heads</MainArticleGroupName><ArticleGroupCode>8190</ArticleGroupCode><ArticleGroupName>Shaver S1000+S2000</ArticleGroupName></FinancialCategorization><Categorization type="CONSUMER"><GroupCode>PERSONAL_CARE_GR</GroupCode><GroupName>Personal care</GroupName><CategoryCode>MENS_SHAVING_CA</CategoryCode><CategoryName>FACE Shavers</CategoryName><SubcategoryCode>SERIES_SHAVERS_SU</SubcategoryCode><SubcategoryName>Series shavers</SubcategoryName></Categorization><Assets><Asset code="YQ6188_16" description="Retail Trade Leaflet" extension="pdf" lastModified="2018-10-22" locale="zh_CN" number="001" type="RTL">http://download.p4c.philips.com/files/y/yq6188_16/yq6188_16_rtl_zhscn.pdf</Asset><Asset code="YQ6188_16" description="Packaging photograph - highres 1447x756" extension="tif" lastModified="2015-03-18" locale="global" number="001" type="PID">http://images.philips.com/is/image/PhilipsConsumer/YQ6188_16-PID-global-001</Asset><Asset code="YQ6188_16" description="Leaflet" extension="pdf" lastModified="2017-07-27" locale="global" number="001" type="PSS">http://download.p4c.philips.com/files/y/yq6188_16/yq6188_16_pss_.pdf</Asset><Asset code="YQ6188_16" description="Standard product photograph - highres 2196x1795" extension="tif" lastModified="2015-03-18" locale="global" number="001" type="RTP">http://images.philips.com/is/image/PhilipsConsumer/YQ6188_16-RTP-global-001</Asset><Asset code="YQ6188_16" description="Single product shot" extension="" lastModified="2018-10-24" locale="zh_CN" number="" type="IMS">http://images.philips.com/is/image/PhilipsConsumer/YQ6188_16-IMS-zh_CN</Asset><Asset code="YQ6188_16" description="Product gallery image set" extension="" lastModified="2018-10-24" locale="zh_CN" number="" type="GAL">http://images.philips.com/is/image/PhilipsConsumer/YQ6188_16-GAL-zh_CN</Asset><Asset code="YQ6188_16" description="Product URL" extension="" lastModified="2018-10-24" locale="zh_CN" number="" type="URL">http://www.philips.com.cn/c-p/YQ6188_16/shaver-series-3000-dry-electric-shaver</Asset><Asset code="GA_GREEN" description="needs to be blocked as code in CCR Global award logo - master" extension="eps" lastModified="2010-09-22" locale="global" number="001" type="GAL">GA_GREEN-GAL-global-001.eps</Asset><Asset code="GA_GREEN" description="Global award logo - highres 590x590" extension="tif" lastModified="2010-09-22" locale="global" number="001" type="GAP">http://images.philips.com/is/image/PhilipsConsumer/GA_GREEN-GAP-global-001</Asset></Assets><ProductName>清洁切剃刀头 灵活的浮动剃须 电动剃须刀</ProductName><FullProductName>飞利浦 Shaver series 3000 电动剃须刀 YQ6188/16 清洁切剃刀头 灵活的浮动剃须 30 分钟无线使用/8 小时充电</FullProductName><NamingString><MasterBrand><BrandCode>PHI</BrandCode><BrandName>Philips</BrandName></MasterBrand><BrandString>飞利浦</BrandString><Family><FamilyCode>SB40004140</FamilyCode><FamilyName>Shaver series 3000</FamilyName><FamilyNameUsed>0</FamilyNameUsed></Family><Descriptor><DescriptorCode>D4014045</DescriptorCode><DescriptorName>电动剃须刀</DescriptorName></Descriptor><Alphanumeric>YQ6188/16</Alphanumeric><VersionElement1><VersionElementCode>V4030658</VersionElementCode><VersionElementName>清洁切剃刀头 灵活的浮动剃须</VersionElementName></VersionElement1><VersionElement2><VersionElementCode>V4030739</VersionElementCode><VersionElementName>30 分钟无线使用/8 小时充电</VersionElementName></VersionElement2><VersionString>清洁切剃刀头 灵活的浮动剃须 30 分钟无线使用/8 小时充电</VersionString><BrandedFeatureString/><DescriptorBrandedFeatureString>电动剃须刀</DescriptorBrandedFeatureString></NamingString><WOW>贴面又舒适</WOW><SubWOW>清洁切剃刀片</SubWOW><MarketingTextHeader>以优惠的价格享受舒适贴面的剃须体验。灵活的浮动剃须系统结合弹性贴面刀片，确保剃须贴面、舒适。</MarketingTextHeader><KeyBenefitArea><KeyBenefitAreaCode>KBA_0000024</KeyBenefitAreaCode><KeyBenefitAreaName>舒适贴合面部轮廓</KeyBenefitAreaName><KeyBenefitAreaRank>1</KeyBenefitAreaRank></KeyBenefitArea><KeyBenefitArea><KeyBenefitAreaCode>KBA_0000028</KeyBenefitAreaCode><KeyBenefitAreaName>根据您的面部和颈部曲线自动调节剃须角度</KeyBenefitAreaName><KeyBenefitAreaRank>2</KeyBenefitAreaRank></KeyBenefitArea><KeyBenefitArea><KeyBenefitAreaCode>K300000216</KeyBenefitAreaCode><KeyBenefitAreaName>易于使用</KeyBenefitAreaName><KeyBenefitAreaRank>3</KeyBenefitAreaRank></KeyBenefitArea><KeyBenefitArea><KeyBenefitAreaCode>KBA_0001072</KeyBenefitAreaCode><KeyBenefitAreaName>防滑手柄</KeyBenefitAreaName><KeyBenefitAreaRank>4</KeyBenefitAreaRank></KeyBenefitArea><CSChapter><CSChapterCode>3000815</CSChapterCode><CSChapterName>附件</CSChapterName><CSChapterRank>1</CSChapterRank><CSItem><CSItemCode>IT4007992</CSItemCode><CSItemName>维护</CSItemName><CSItemRank>1</CSItemRank><CSItemIsFreeFormat>0</CSItemIsFreeFormat><CSValue><CSValueCode>VA4019995</CSValueCode><CSValueName>清洁刷</CSValueName><CSValueRank>4</CSValueRank></CSValue><CSValue><CSValueCode>VA4019996</CSValueCode><CSValueName>保护盖</CSValueName><CSValueRank>8</CSValueRank></CSValue></CSItem><CSItem><CSItemCode>IT4007991</CSItemCode><CSItemName>旅行软袋</CSItemName><CSItemRank>2</CSItemRank><CSItemIsFreeFormat>0</CSItemIsFreeFormat><CSValue><CSValueCode>VA4019993</CSValueCode><CSValueName>柔软的便携袋</CSValueName><CSValueRank>10</CSValueRank></CSValue></CSItem></CSChapter><CSChapter><CSChapterCode>CH4001524</CSChapterCode><CSChapterName>操作简易</CSChapterName><CSChapterRank>2</CSChapterRank><CSItem><CSItemCode>IT4007981</CSItemCode><CSItemName>充电</CSItemName><CSItemRank>1</CSItemRank><CSItemIsFreeFormat>0</CSItemIsFreeFormat><CSValue><CSValueCode>VA4022645</CSValueCode><CSValueName>8 小时</CSValueName><CSValueRank>9</CSValueRank></CSValue></CSItem><CSItem><CSItemCode>IT4007980</CSItemCode><CSItemName>显示屏</CSItemName><CSItemRank>2</CSItemRank><CSItemIsFreeFormat>0</CSItemIsFreeFormat><CSValue><CSValueCode>VA4020566</CSValueCode><CSValueName>充电显示灯</CSValueName><CSValueRank>22</CSValueRank></CSValue></CSItem><CSItem><CSItemCode>IT4027494</CSItemCode><CSItemName>工作中</CSItemName><CSItemRank>3</CSItemRank><CSItemIsFreeFormat>0</CSItemIsFreeFormat><CSValue><CSValueCode>VA4068070</CSValueCode><CSValueName>可接电源使用也可无线使用</CSValueName><CSValueRank>2</CSValueRank></CSValue></CSItem></CSChapter><CSChapter><CSChapterCode>3000821</CSChapterCode><CSChapterName>功率</CSChapterName><CSChapterRank>3</CSChapterRank><CSItem><CSItemCode>IT4009438</CSItemCode><CSItemName>自动电压</CSItemName><CSItemRank>1</CSItemRank><CSItemIsFreeFormat>1</CSItemIsFreeFormat><CSValue><CSValueCode>VA4022655</CSValueCode><CSValueName>100 - 240</CSValueName><CSValueRank>1</CSValueRank></CSValue><UnitOfMeasure><UnitOfMeasureCode>3000071</UnitOfMeasureCode><UnitOfMeasureName>伏</UnitOfMeasureName><UnitOfMeasureSymbol>伏</UnitOfMeasureSymbol></UnitOfMeasure></CSItem><CSItem><CSItemCode>IT4009435</CSItemCode><CSItemName>使用时间</CSItemName><CSItemRank>2</CSItemRank><CSItemIsFreeFormat>0</CSItemIsFreeFormat><CSValue><CSValueCode>VA4022710</CSValueCode><CSValueName>30</CSValueName><CSValueRank>17</CSValueRank></CSValue><UnitOfMeasure><UnitOfMeasureCode>3000061</UnitOfMeasureCode><UnitOfMeasureName>分钟</UnitOfMeasureName><UnitOfMeasureSymbol>分钟</UnitOfMeasureSymbol></UnitOfMeasure></CSItem></CSChapter><CSChapter><CSChapterCode>CHA_0000049</CSChapterCode><CSChapterName>服务</CSChapterName><CSChapterRank>4</CSChapterRank><CSItem><CSItemCode>IT4015371</CSItemCode><CSItemName>替换刀头</CSItemName><CSItemRank>1</CSItemRank><CSItemIsFreeFormat>0</CSItemIsFreeFormat><CSValue><CSValueCode>VA4034204</CSValueCode><CSValueName>每两年更换一次刀头 HQ56</CSValueName><CSValueRank>7</CSValueRank></CSValue></CSItem></CSChapter><CSChapter><CSChapterCode>CH4001523</CSChapterCode><CSChapterName>剃须性能</CSChapterName><CSChapterRank>5</CSChapterRank><CSItem><CSItemCode>IT4007976</CSItemCode><CSItemName>剃须系统</CSItemName><CSItemRank>1</CSItemRank><CSItemIsFreeFormat>0</CSItemIsFreeFormat><CSValue><CSValueCode>VA4047441</CSValueCode><CSValueName>清洁切剃</CSValueName><CSValueRank>23</CSValueRank></CSValue></CSItem><CSItem><CSItemCode>IT4007977</CSItemCode><CSItemName>面部轮廓跟踪</CSItemName><CSItemRank>2</CSItemRank><CSItemIsFreeFormat>0</CSItemIsFreeFormat><CSValue><CSValueCode>VA4019950</CSValueCode><CSValueName>弹性贴面系统</CSValueName><CSValueRank>20</CSValueRank></CSValue><CSValue><CSValueCode>VA4019951</CSValueCode><CSValueName>独立浮动刀头</CSValueName><CSValueRank>21</CSValueRank></CSValue></CSItem></CSChapter><Filters><Purpose type="Comparison"><Features><Feature code="F400055740" rank="1" referenceName="CloseCut blades(Condor)"/><Feature code="F400030370" rank="2" referenceName="Dynamic Contour Response (PowerTouch)"/><Feature code="F400055839_YQ6188_16" rank="3" referenceName="Corded and cordless use (Condor)(Shaver)"/><Feature code="F400056640_YQ6188_16" rank="4" referenceName="Battery light (charging)"/><Feature code="F400069642" rank="5" referenceName="30+ shaving minutes (30min/8h)"/><Feature code="FEA_0002745_YQ6188_16" rank="6" referenceName="Easy grip for optimal handling(Shaver)"/><Feature code="F400055831" rank="7" referenceName="Built to last(Condor)"/></Features><CSItems><CSItem code="IT4007992" rank="1" referenceName="附件 - 维护"/><CSItem code="IT4007981" rank="1" referenceName="操作简易 - 充电"/><CSItem code="IT4009438" rank="1" referenceName="功率 - 自动电压"/><CSItem code="IT4015371" rank="1" referenceName="服务 - 替换刀头"/><CSItem code="IT4007976" rank="1" referenceName="剃须性能 - 剃须系统"/><CSItem code="IT4007991" rank="2" referenceName="附件 - 旅行软袋"/><CSItem code="IT4007980" rank="2" referenceName="操作简易 - 显示屏"/><CSItem code="IT4009435" rank="2" referenceName="功率 - 使用时间"/><CSItem code="IT4007977" rank="2" referenceName="剃须性能 - 面部轮廓跟踪"/><CSItem code="IT4027494" rank="3" referenceName="操作简易 - 工作中"/></CSItems></Purpose><Purpose type="Detail"><Features><Feature code="F400055740" rank="1" referenceName="CloseCut blades(Condor)"/><Feature code="F400030370" rank="2" referenceName="Dynamic Contour Response (PowerTouch)"/><Feature code="F400055839_YQ6188_16" rank="3" referenceName="Corded and cordless use (Condor)(Shaver)"/><Feature code="F400056640_YQ6188_16" rank="4" referenceName="Battery light (charging)"/><Feature code="F400069642" rank="5" referenceName="30+ shaving minutes (30min/8h)"/><Feature code="FEA_0002745_YQ6188_16" rank="6" referenceName="Easy grip for optimal handling(Shaver)"/><Feature code="F400055831" rank="7" referenceName="Built to last(Condor)"/></Features><CSItems><CSItem code="IT4007992" rank="1" referenceName="附件 - 维护"/><CSItem code="IT4007981" rank="1" referenceName="操作简易 - 充电"/><CSItem code="IT4009438" rank="1" referenceName="功率 - 自动电压"/><CSItem code="IT4015371" rank="1" referenceName="服务 - 替换刀头"/><CSItem code="IT4007976" rank="1" referenceName="剃须性能 - 剃须系统"/><CSItem code="IT4007991" rank="2" referenceName="附件 - 旅行软袋"/><CSItem code="IT4007980" rank="2" referenceName="操作简易 - 显示屏"/><CSItem code="IT4009435" rank="2" referenceName="功率 - 使用时间"/><CSItem code="IT4007977" rank="2" referenceName="剃须性能 - 面部轮廓跟踪"/><CSItem code="IT4027494" rank="3" referenceName="操作简易 - 工作中"/></CSItems></Purpose></Filters><FeatureCompareGroups/><Disclaimers/><AccessoryByPacked><AccessoryByPackedCode>40001839</AccessoryByPackedCode><AccessoryByPackedReference>Cleaning brush</AccessoryByPackedReference><AccessoryByPackedName>清洁刷</AccessoryByPackedName><AccessoryByPackedRank>1</AccessoryByPackedRank></AccessoryByPacked><AccessoryByPacked><AccessoryByPackedCode>40001958</AccessoryByPackedCode><AccessoryByPackedReference>Protection cap</AccessoryByPackedReference><AccessoryByPackedName>保护盖</AccessoryByPackedName><AccessoryByPackedRank>2</AccessoryByPackedRank></AccessoryByPacked><AccessoryByPacked><AccessoryByPackedCode>40001990</AccessoryByPackedCode><AccessoryByPackedReference>Soft travel pouch</AccessoryByPackedReference><AccessoryByPackedName>旅行软袋</AccessoryByPackedName><AccessoryByPackedRank>3</AccessoryByPackedRank></AccessoryByPacked><Award AwardType="global"><AwardCode>GA_GREEN</AwardCode><AwardName>飞利浦绿色标志</AwardName><AwardDescription>飞利浦绿色产品可以降低成本、节省能源和减少二氧化碳排放。如何做到？它们在一个或多个飞利浦绿色焦点领域 – 能效、包装、有害物质、重量、回收和处理，还有使用寿命可靠性做出了显著的环保改善。</AwardDescription><AwardText>飞利浦绿色标志</AwardText><AwardRank>3</AwardRank></Award><ProductReference ProductReferenceType="Accessory"><CTN>HQ110/01</CTN><ProductReferenceRank>0</ProductReferenceRank></ProductReference><ProductReference ProductReferenceType="Accessory"><CTN>HQ110/02</CTN><ProductReferenceRank>0</ProductReferenceRank></ProductReference><ProductReference ProductReferenceType="Accessory"><CTN>HQ110/42</CTN><ProductReferenceRank>0</ProductReferenceRank></ProductReference><ProductReference ProductReferenceType="Accessory"><CTN>HQ56/50</CTN><ProductReferenceRank>0</ProductReferenceRank></ProductReference><ProductReference ProductReferenceType="Accessory"><CTN>HQ56/51</CTN><ProductReferenceRank>0</ProductReferenceRank></ProductReference><ProductReference ProductReferenceType="Accessory"><CTN>HQ56/52</CTN><ProductReferenceRank>0</ProductReferenceRank></ProductReference><ProductReference ProductReferenceType="Accessory"><CTN>HQ56/53</CTN><ProductReferenceRank>0</ProductReferenceRank></ProductReference><RichTexts/></Product></Products>