<?xml version="1.0" encoding="UTF-8"?><Products xmlns:source="http://apache.org/cocoon/source/1.0" DocStatus="approved" DocTimeStamp="2018-10-24T13:07:13"><Product Country="CN" IsAccessory="false" IsMaster="false" Locale="zh_CN" lastModified="2018-10-24T05:16:14" masterLastModified="2018-02-23T00:24:41"><CTN>GC5034/28</CTN><GTIN>08710103848844</GTIN><MarketingVersion>5.1.1</MarketingVersion><MarketingStatus>Final Published</MarketingStatus><CRDate>2017-09-01</CRDate><CRDateYW>201735</CRDateYW><ModelYears><ModelYear>2017</ModelYear></ModelYears><ProductDivision><ProductDivisionCode>0200</ProductDivisionCode><ProductDivisionName>Consumer Lifestyle</ProductDivisionName><FormerPDCode>0300</FormerPDCode></ProductDivision><ProductOwner>Bobby Chedie</ProductOwner><DTN>GC5034/28</DTN><Catalog><StartOfPublication>2018-02-05T00:00:00</StartOfPublication><EndOfPublication>2021-10-01T00:00:00</EndOfPublication><StartOfSales>2018-02-05T00:00:00</StartOfSales><EndOfSales>2021-10-01T00:00:00</EndOfSales><DummyPrice>1299</DummyPrice><Deleted>false</Deleted><DeleteAfterDate/><ProductRank>50</ProductRank></Catalog><FinancialCategorization><BusinessGroupCode>9042</BusinessGroupCode><BusinessGroupName>Domestic Appliances</BusinessGroupName><BusinessUnitCode>0352</BusinessUnitCode><BusinessUnitName>Garment Care</BusinessUnitName><MainArticleGroupCode>E34</MainArticleGroupCode><MainArticleGroupName>Dry/Travel/Steam irons</MainArticleGroupName><ArticleGroupCode>1056</ArticleGroupCode><ArticleGroupName>4000-5000 series: high end irons</ArticleGroupName></FinancialCategorization><Categorization type="CONSUMER"><GroupCode>HOUSEHOLD_PRODUCTS_GR</GroupCode><GroupName>Household products</GroupName><CategoryCode>IRONS_CA</CategoryCode><CategoryName>Ironing</CategoryName><SubcategoryCode>STEAM_IRONS_SU</SubcategoryCode><SubcategoryName>Steam Iron</SubcategoryName></Categorization><Assets><Asset code="GC5034_28" description="User manual" extension="pdf" lastModified="2018-03-09" locale="zh_CN" number="001" type="DFU">http://download.p4c.philips.com/files/g/gc5034_28/gc5034_28_dfu_zhs.pdf</Asset><Asset code="GC5034_28" description="Leaflet" extension="pdf" lastModified="2018-07-20" locale="zh_CN" number="001" type="PSS">http://download.p4c.philips.com/files/g/gc5034_28/gc5034_28_pss_zhscn.pdf</Asset><Asset code="GC5034_28" description="Retail Trade Leaflet" extension="pdf" lastModified="2018-10-05" locale="zh_CN" number="001" type="RTL">http://download.p4c.philips.com/files/g/gc5034_28/gc5034_28_rtl_zhscn.pdf</Asset><Asset code="GC5034_28" description="Leaflet" extension="pdf" lastModified="2018-07-20" locale="global" number="001" type="PSS">http://download.p4c.philips.com/files/g/gc5034_28/gc5034_28_pss_.pdf</Asset><Asset code="GC5034_28" description="Standard product photograph - highres 2196x1795" extension="tif" lastModified="2017-12-15" locale="global" number="001" type="RTP">http://images.philips.com/is/image/PhilipsConsumer/GC5034_28-RTP-global-001</Asset><Asset code="GC5034_28" description="Single product shot" extension="" lastModified="2018-10-24" locale="zh_CN" number="" type="IMS">http://images.philips.com/is/image/PhilipsConsumer/GC5034_28-IMS-zh_CN</Asset><Asset code="GC5034_28" description="Product gallery image set" extension="" lastModified="2018-10-24" locale="zh_CN" number="" type="GAL">http://images.philips.com/is/image/PhilipsConsumer/GC5034_28-GAL-zh_CN</Asset><Asset code="GC5034_28" description="Product URL" extension="" lastModified="2018-10-24" locale="zh_CN" number="" type="URL">http://www.philips.com.cn/c-p/GC5034_28/azur-elite-steam-iron-with-optimaltemp-technology</Asset></Assets><ProductName>2200 瓦 采用 OptimalTEMP 智能温控科技的蒸汽电熨斗</ProductName><FullProductName>飞利浦 Azur Elite 采用 OptimalTEMP 智能温控科技的蒸汽电熨斗 GC5034/28 2200 瓦 55 克/分钟持续蒸汽 260 克蒸汽束喷射 SteamGlide Plus 蒸汽顺滑底板</FullProductName><NamingString><MasterBrand><BrandCode>PHI</BrandCode><BrandName>Philips</BrandName></MasterBrand><BrandString>飞利浦</BrandString><Family><FamilyCode>SB40008992</FamilyCode><FamilyName>Azur Elite</FamilyName><FamilyNameUsed>1</FamilyNameUsed></Family><Descriptor><DescriptorCode>D4029758</DescriptorCode><DescriptorName>采用 OptimalTEMP 智能温控科技的蒸汽电熨斗</DescriptorName></Descriptor><Alphanumeric>GC5034/28</Alphanumeric><VersionElement1><VersionElementCode>V4008047</VersionElementCode><VersionElementName>2200 瓦</VersionElementName></VersionElement1><VersionElement2><VersionElementCode>V4044764</VersionElementCode><VersionElementName>55 克/分钟持续蒸汽输出</VersionElementName></VersionElement2><VersionElement3><VersionElementCode>V4044808</VersionElementCode><VersionElementName>260 克蒸汽束喷射</VersionElementName></VersionElement3><VersionElement4><VersionElementCode>V4037075</VersionElementCode><VersionElementName>SteamGlide Plus 蒸汽顺滑底板</VersionElementName></VersionElement4><VersionString>2200 瓦 55 克/分钟持续蒸汽 260 克蒸汽束喷射 SteamGlide Plus 蒸汽顺滑底板</VersionString><BrandedFeatureString/><DescriptorBrandedFeatureString>采用 OptimalTEMP 智能温控科技的蒸汽电熨斗</DescriptorBrandedFeatureString></NamingString><WOW>我们智能且强劲的蒸汽电熨斗</WOW><SubWOW>安全适用于所有可熨烫衣物，采用智能蒸汽释放</SubWOW><MarketingTextHeader>强大、智能的电熨斗可确保快速获得卓越熨烫效果。凭借 OptimalTEMP 智能温控科技，可熨烫从牛仔面料到丝绸面料的所有可熨烫衣物。高级 DynamiQ 蒸汽模式可确保随时提供强劲的蒸汽量。</MarketingTextHeader><KeyBenefitArea><KeyBenefitAreaCode>K4034569</KeyBenefitAreaCode><KeyBenefitAreaName>智能熨烫带来便利</KeyBenefitAreaName><KeyBenefitAreaRank>1</KeyBenefitAreaRank></KeyBenefitArea><KeyBenefitArea><KeyBenefitAreaCode>K4034078</KeyBenefitAreaCode><KeyBenefitAreaName>熨烫更轻松、更快速</KeyBenefitAreaName><KeyBenefitAreaRank>2</KeyBenefitAreaRank></KeyBenefitArea><KeyBenefitArea><KeyBenefitAreaCode>KBA_0000085</KeyBenefitAreaCode><KeyBenefitAreaName>熨烫加倍舒适</KeyBenefitAreaName><KeyBenefitAreaRank>3</KeyBenefitAreaRank></KeyBenefitArea><CSChapter><CSChapterCode>CH4008281</CSChapterCode><CSChapterName>快速除皱</CSChapterName><CSChapterRank>1</CSChapterRank><CSItem><CSItemCode>IT4039934</CSItemCode><CSItemName>持续蒸汽</CSItemName><CSItemRank>5</CSItemRank><CSItemIsFreeFormat>1</CSItemIsFreeFormat><CSValue><CSValueCode>VA4093311</CSValueCode><CSValueName>55</CSValueName><CSValueRank>1</CSValueRank></CSValue><UnitOfMeasure><UnitOfMeasureCode>4000018</UnitOfMeasureCode><UnitOfMeasureName>-克/分钟</UnitOfMeasureName><UnitOfMeasureSymbol>克/分钟</UnitOfMeasureSymbol></UnitOfMeasure></CSItem><CSItem><CSItemCode>IT4039933</CSItemCode><CSItemName>功率</CSItemName><CSItemRank>8</CSItemRank><CSItemIsFreeFormat>1</CSItemIsFreeFormat><CSValue><CSValueCode>VA4093310</CSValueCode><CSValueName>2200</CSValueName><CSValueRank>1</CSValueRank></CSValue><UnitOfMeasure><UnitOfMeasureCode>3000072</UnitOfMeasureCode><UnitOfMeasureName>瓦特</UnitOfMeasureName><UnitOfMeasureSymbol>瓦</UnitOfMeasureSymbol></UnitOfMeasure></CSItem><CSItem><CSItemCode>IT4039935</CSItemCode><CSItemName>蒸汽束喷射</CSItemName><CSItemRank>10</CSItemRank><CSItemIsFreeFormat>1</CSItemIsFreeFormat><CSValue><CSValueCode>VA4093312</CSValueCode><CSValueName>260</CSValueName><CSValueRank>1</CSValueRank></CSValue><UnitOfMeasure><UnitOfMeasureCode>4000006</UnitOfMeasureCode><UnitOfMeasureName>-克</UnitOfMeasureName><UnitOfMeasureSymbol>克</UnitOfMeasureSymbol></UnitOfMeasure></CSItem><CSItem><CSItemCode>IT4039936</CSItemCode><CSItemName>垂直蒸汽</CSItemName><CSItemRank>12</CSItemRank><CSItemIsFreeFormat>0</CSItemIsFreeFormat><CSValue><CSValueCode>VA4093313</CSValueCode><CSValueName>Y</CSValueName><CSValueRank>4</CSValueRank></CSValue></CSItem></CSChapter><CSChapter><CSChapterCode>CHA_0000026</CSChapterCode><CSChapterName>易于使用</CSChapterName><CSChapterRank>2</CSChapterRank><CSItem><CSItemCode>IT4039948</CSItemCode><CSItemName>底板名称</CSItemName><CSItemRank>3</CSItemRank><CSItemIsFreeFormat>0</CSItemIsFreeFormat><CSValue><CSValueCode>VA4093330</CSValueCode><CSValueName>SteamGlide Plus 蒸汽顺滑底板</CSValueName><CSValueRank>9</CSValueRank></CSValue></CSItem><CSItem><CSItemCode>IT4015768</CSItemCode><CSItemName>水箱容量</CSItemName><CSItemRank>6</CSItemRank><CSItemIsFreeFormat>1</CSItemIsFreeFormat><CSValue><CSValueCode>VA4031461</CSValueCode><CSValueName>350</CSValueName><CSValueRank>1</CSValueRank></CSValue><UnitOfMeasure><UnitOfMeasureCode>4000012</UnitOfMeasureCode><UnitOfMeasureName>-毫升</UnitOfMeasureName><UnitOfMeasureSymbol>毫升</UnitOfMeasureSymbol></UnitOfMeasure></CSItem><CSItem><CSItemCode>IT4040058</CSItemCode><CSItemName>稳固搁架</CSItemName><CSItemRank>11</CSItemRank><CSItemIsFreeFormat>0</CSItemIsFreeFormat><CSValue><CSValueCode>VA4093472</CSValueCode><CSValueName>Y</CSValueName><CSValueRank>6</CSValueRank></CSValue></CSItem><CSItem><CSItemCode>IT4015770</CSItemCode><CSItemName>电源线长度</CSItemName><CSItemRank>13</CSItemRank><CSItemIsFreeFormat>1</CSItemIsFreeFormat><CSValue><CSValueCode>VA4031463</CSValueCode><CSValueName>2.5</CSValueName><CSValueRank>1</CSValueRank></CSValue><UnitOfMeasure><UnitOfMeasureCode>3000057</UnitOfMeasureCode><UnitOfMeasureName>米</UnitOfMeasureName><UnitOfMeasureSymbol>米</UnitOfMeasureSymbol></UnitOfMeasure></CSItem><CSItem><CSItemCode>IT4015743</CSItemCode><CSItemName>防滴漏功能</CSItemName><CSItemRank>14</CSItemRank><CSItemIsFreeFormat>0</CSItemIsFreeFormat><CSValue><CSValueCode>VA4031420</CSValueCode><CSValueName>Y</CSValueName><CSValueRank>8</CSValueRank></CSValue></CSItem><CSItem><CSItemCode>IT4020774</CSItemCode><CSItemName>加大注水孔</CSItemName><CSItemRank>15</CSItemRank><CSItemIsFreeFormat>0</CSItemIsFreeFormat><CSValue><CSValueCode>VA4050543</CSValueCode><CSValueName>Y</CSValueName><CSValueRank>1</CSValueRank></CSValue></CSItem><CSItem><CSItemCode>IT4043750</CSItemCode><CSItemName>自动关熄功能</CSItemName><CSItemRank>16</CSItemRank><CSItemIsFreeFormat>0</CSItemIsFreeFormat><CSValue><CSValueCode>VA4100701</CSValueCode><CSValueName>Y</CSValueName><CSValueRank>7</CSValueRank></CSValue></CSItem></CSChapter><CSChapter><CSChapterCode>CH4008283</CSChapterCode><CSChapterName>水垢处理</CSChapterName><CSChapterRank>3</CSChapterRank><CSItem><CSItemCode>IT4039985</CSItemCode><CSItemName>除垢和清洁</CSItemName><CSItemRank>2</CSItemRank><CSItemIsFreeFormat>0</CSItemIsFreeFormat><CSValue><CSValueCode>VA4100702</CSValueCode><CSValueName>Quick Calc Release</CSValueName><CSValueRank>10</CSValueRank></CSValue></CSItem></CSChapter><CSChapter><CSChapterCode>CH4008284</CSChapterCode><CSChapterName>尺寸和重量</CSChapterName><CSChapterRank>4</CSChapterRank><CSItem><CSItemCode>IT4039999</CSItemCode><CSItemName>产品尺寸 (WxHxL)</CSItemName><CSItemRank>9</CSItemRank><CSItemIsFreeFormat>1</CSItemIsFreeFormat><CSValue><CSValueCode>VA4093410</CSValueCode><CSValueName>33,3 x 17,5 x 13,5</CSValueName><CSValueRank>1</CSValueRank></CSValue><UnitOfMeasure><UnitOfMeasureCode>3000039</UnitOfMeasureCode><UnitOfMeasureName>厘米</UnitOfMeasureName><UnitOfMeasureSymbol>厘米</UnitOfMeasureSymbol></UnitOfMeasure></CSItem></CSChapter><CSChapter><CSChapterCode>CHA_0000075</CSChapterCode><CSChapterName>保修</CSChapterName><CSChapterRank>5</CSChapterRank><CSItem><CSItemCode>IT4039992</CSItemCode><CSItemName>2 年全球保修</CSItemName><CSItemRank>4</CSItemRank><CSItemIsFreeFormat>0</CSItemIsFreeFormat><CSValue><CSValueCode>VA4093403</CSValueCode><CSValueName>Y</CSValueName><CSValueRank>2</CSValueRank></CSValue></CSItem></CSChapter><CSChapter><CSChapterCode>CH4008282</CSChapterCode><CSChapterName>绿色效能</CSChapterName><CSChapterRank>6</CSChapterRank><CSItem><CSItemCode>IT4039980</CSItemCode><CSItemName>节能模式</CSItemName><CSItemRank>1</CSItemRank><CSItemIsFreeFormat>0</CSItemIsFreeFormat><CSValue><CSValueCode>VA4093370</CSValueCode><CSValueName>Y</CSValueName><CSValueRank>5</CSValueRank></CSValue></CSItem><CSItem><CSItemCode>IT4039983</CSItemCode><CSItemName>用户手册</CSItemName><CSItemRank>7</CSItemRank><CSItemIsFreeFormat>0</CSItemIsFreeFormat><CSValue><CSValueCode>VA4093373</CSValueCode><CSValueName>100%可回收纸</CSValueName><CSValueRank>3</CSValueRank></CSValue></CSItem></CSChapter><Filters><Purpose type="Comparison"><Features><Feature code="F400083217" rank="1" referenceName="OptimalTEMP technology: Guaranteed no burns , no settings"/><Feature code="F400083306" rank="2" referenceName="DynamiQ mode, intelligent steam release for perfect results"/><Feature code="F400084082" rank="3" referenceName="Convenient steam modes: DynamiQ, MAX, ECO and OFF"/><Feature code="F400081707" rank="4" referenceName="2200 W for quick heat-up and powerful performance"/><Feature code="F400083312" rank="5" referenceName="Up to 260 g steam boost blasts stubborn creases"/><Feature code="F400083310" rank="7" referenceName="Turbo steam pump pushes up to 50% more steam through fabric*"/><Feature code="F400083320" rank="8" referenceName="Steam output up to 55g/min for faster crease removal"/><Feature code="F400083224" rank="9" referenceName="Quick Calc Release in 15s for long-lasting steam performance"/><Feature code="F400083226" rank="10" referenceName="SteamGlide Plus soleplate for ultimate easy gliding"/><Feature code="F400083305" rank="11" referenceName="Automatic shut-off when the iron is left unattended"/></Features><CSItems><CSItem code="IT4039980" rank="1" referenceName="绿色效能 - 节能模式"/><CSItem code="IT4039985" rank="2" referenceName="水垢处理 - 除垢和清洁"/><CSItem code="IT4039948" rank="3" referenceName="易于使用 - 底板名称"/><CSItem code="IT4039992" rank="4" referenceName="保修 - 2 年全球保修"/><CSItem code="IT4039934" rank="5" referenceName="快速除皱 - 持续蒸汽"/><CSItem code="IT4015768" rank="6" referenceName="易于使用 - 水箱容量"/><CSItem code="IT4039983" rank="7" referenceName="绿色效能 - 用户手册"/><CSItem code="IT4039933" rank="8" referenceName="快速除皱 - 功率"/><CSItem code="IT4039999" rank="9" referenceName="尺寸和重量 - 产品尺寸 (WxHxL)"/><CSItem code="IT4039935" rank="10" referenceName="快速除皱 - 蒸汽束喷射"/><CSItem code="IT4040058" rank="11" referenceName="易于使用 - 稳固搁架"/><CSItem code="IT4039936" rank="12" referenceName="快速除皱 - 垂直蒸汽"/><CSItem code="IT4015770" rank="13" referenceName="易于使用 - 电源线长度"/><CSItem code="IT4015743" rank="14" referenceName="易于使用 - 防滴漏功能"/><CSItem code="IT4020774" rank="15" referenceName="易于使用 - 加大注水孔"/><CSItem code="IT4043750" rank="16" referenceName="易于使用 - 自动关熄功能"/></CSItems></Purpose><Purpose type="Detail"><Features><Feature code="F400083217" rank="1" referenceName="OptimalTEMP technology: Guaranteed no burns , no settings"/><Feature code="F400083306" rank="2" referenceName="DynamiQ mode, intelligent steam release for perfect results"/><Feature code="F400084082" rank="3" referenceName="Convenient steam modes: DynamiQ, MAX, ECO and OFF"/><Feature code="F400081707" rank="4" referenceName="2200 W for quick heat-up and powerful performance"/><Feature code="F400083312" rank="5" referenceName="Up to 260 g steam boost blasts stubborn creases"/><Feature code="F400083310" rank="7" referenceName="Turbo steam pump pushes up to 50% more steam through fabric*"/><Feature code="F400083320" rank="8" referenceName="Steam output up to 55g/min for faster crease removal"/><Feature code="F400083224" rank="9" referenceName="Quick Calc Release in 15s for long-lasting steam performance"/><Feature code="F400083226" rank="10" referenceName="SteamGlide Plus soleplate for ultimate easy gliding"/><Feature code="F400083305" rank="11" referenceName="Automatic shut-off when the iron is left unattended"/></Features><CSItems><CSItem code="IT4039980" rank="1" referenceName="绿色效能 - 节能模式"/><CSItem code="IT4039985" rank="2" referenceName="水垢处理 - 除垢和清洁"/><CSItem code="IT4039948" rank="3" referenceName="易于使用 - 底板名称"/><CSItem code="IT4039992" rank="4" referenceName="保修 - 2 年全球保修"/><CSItem code="IT4039934" rank="5" referenceName="快速除皱 - 持续蒸汽"/><CSItem code="IT4015768" rank="6" referenceName="易于使用 - 水箱容量"/><CSItem code="IT4039983" rank="7" referenceName="绿色效能 - 用户手册"/><CSItem code="IT4039933" rank="8" referenceName="快速除皱 - 功率"/><CSItem code="IT4039999" rank="9" referenceName="尺寸和重量 - 产品尺寸 (WxHxL)"/><CSItem code="IT4039935" rank="10" referenceName="快速除皱 - 蒸汽束喷射"/><CSItem code="IT4040058" rank="11" referenceName="易于使用 - 稳固搁架"/><CSItem code="IT4039936" rank="12" referenceName="快速除皱 - 垂直蒸汽"/><CSItem code="IT4015770" rank="13" referenceName="易于使用 - 电源线长度"/><CSItem code="IT4015743" rank="14" referenceName="易于使用 - 防滴漏功能"/><CSItem code="IT4020774" rank="15" referenceName="易于使用 - 加大注水孔"/><CSItem code="IT4043750" rank="16" referenceName="易于使用 - 自动关熄功能"/></CSItems></Purpose></Filters><FeatureCompareGroups/><Disclaimers><Disclaimer code="DIS40011716" rank="1" referenceName="Compared to GC4910"><DisclaimerText>与 GC4910 相比</DisclaimerText><DisclaimElements/></Disclaimer><Disclaimer code="DIS40011512" rank="2" referenceName="On all ironable fabrics"><DisclaimerText>适合所有可熨烫面料</DisclaimerText><DisclaimElements/></Disclaimer></Disclaimers><ProductReference ProductReferenceType="Accessory"><CTN>GC010/00</CTN><ProductReferenceRank>0</ProductReferenceRank></ProductReference><ProductReference ProductReferenceType="Accessory"><CTN>GC012/00</CTN><ProductReferenceRank>0</ProductReferenceRank></ProductReference><RichTexts/></Product></Products>