<?xml version="1.0" encoding="UTF-8"?><Products xmlns:source="http://apache.org/cocoon/source/1.0" DocStatus="approved" DocTimeStamp="2018-10-24T13:07:13"><Product Country="CN" IsAccessory="false" IsMaster="false" Locale="zh_CN" lastModified="2018-10-24T05:16:14" masterLastModified="2018-06-09T00:55:22"><CTN>S5560/33</CTN><GTIN>06947265411353</GTIN><MarketingVersion>10.1.1</MarketingVersion><MarketingStatus>Final Published</MarketingStatus><CRDate>2015-05-29</CRDate><CRDateYW>201522</CRDateYW><ModelYears><ModelYear>2015</ModelYear></ModelYears><ProductDivision><ProductDivisionCode>0200</ProductDivisionCode><ProductDivisionName>Consumer Lifestyle</ProductDivisionName><FormerPDCode>0300</FormerPDCode></ProductDivision><ProductOwner>Manish Kumar Singh</ProductOwner><DTN>S5560/33</DTN><Catalog><StartOfPublication>2015-06-29T00:00:00</StartOfPublication><EndOfPublication>2019-06-29T00:00:00</EndOfPublication><StartOfSales>2015-06-29T00:00:00</StartOfSales><EndOfSales>2019-06-29T00:00:00</EndOfSales><DummyPrice>1499</DummyPrice><Deleted>false</Deleted><DeleteAfterDate/><ProductRank>86</ProductRank></Catalog><FinancialCategorization><BusinessGroupCode>9044</BusinessGroupCode><BusinessGroupName>Personal Care</BusinessGroupName><BusinessUnitCode>0321</BusinessUnitCode><BusinessUnitName>Male Grooming</BusinessUnitName><MainArticleGroupCode>E01</MainArticleGroupCode><MainArticleGroupName>Shaving 3 Heads</MainArticleGroupName><ArticleGroupCode>7456</ArticleGroupCode><ArticleGroupName>Shaver S5000</ArticleGroupName></FinancialCategorization><Categorization type="CONSUMER"><GroupCode>PERSONAL_CARE_GR</GroupCode><GroupName>Personal care</GroupName><CategoryCode>MENS_SHAVING_CA</CategoryCode><CategoryName>FACE Shavers</CategoryName><SubcategoryCode>SERIES_SHAVERS_SU</SubcategoryCode><SubcategoryName>Series shavers</SubcategoryName></Categorization><Assets><Asset code="S5560_33" description="User manual" extension="pdf" lastModified="2018-08-21" locale="zh_CN" number="001" type="DFU">http://download.p4c.philips.com/files/s/s5560_33/s5560_33_dfu_zhs.pdf</Asset><Asset code="S5560_33" description="Leaflet" extension="pdf" lastModified="2018-06-21" locale="zh_CN" number="001" type="PSS">http://download.p4c.philips.com/files/s/s5560_33/s5560_33_pss_zhscn.pdf</Asset><Asset code="S5560_33" description="Retail Trade Leaflet" extension="pdf" lastModified="2018-07-30" locale="zh_CN" number="001" type="RTL">http://download.p4c.philips.com/files/s/s5560_33/s5560_33_rtl_zhscn.pdf</Asset><Asset code="S5560_33" description="Packaging photograph - highres 1447x756" extension="tif" lastModified="2015-06-24" locale="global" number="001" type="PID">http://images.philips.com/is/image/PhilipsConsumer/S5560_33-PID-global-001</Asset><Asset code="S5560_33" description="Leaflet" extension="pdf" lastModified="2018-04-01" locale="global" number="001" type="PSS">http://download.p4c.philips.com/files/s/s5560_33/s5560_33_pss_.pdf</Asset><Asset code="S5560_33" description="Standard product photograph - highres 2196x1795" extension="tif" lastModified="2015-07-02" locale="global" number="001" type="RTP">http://images.philips.com/is/image/PhilipsConsumer/S5560_33-RTP-global-001</Asset><Asset code="S5560_33" description="Single product shot" extension="" lastModified="2018-10-24" locale="zh_CN" number="" type="IMS">http://images.philips.com/is/image/PhilipsConsumer/S5560_33-IMS-zh_CN</Asset><Asset code="S5560_33" description="Product gallery image set" extension="" lastModified="2018-10-24" locale="zh_CN" number="" type="GAL">http://images.philips.com/is/image/PhilipsConsumer/S5560_33-GAL-zh_CN</Asset><Asset code="S5560_33" description="Product URL" extension="" lastModified="2018-10-24" locale="zh_CN" number="" type="URL">http://www.philips.com.cn/c-p/S5560_33/shaver-series-5000-wet-and-dry-electric-shaver-with-turbo-plus-mode-and-aquatec-wet-dry</Asset><Asset code="GA_GREEN" description="needs to be blocked as code in CCR Global award logo - master" extension="eps" lastModified="2010-09-22" locale="global" number="001" type="GAL">GA_GREEN-GAL-global-001.eps</Asset><Asset code="GA_GREEN" description="Global award logo - highres 590x590" extension="tif" lastModified="2010-09-22" locale="global" number="001" type="GAP">http://images.philips.com/is/image/PhilipsConsumer/GA_GREEN-GAP-global-001</Asset></Assets><ProductName>干湿两用电动剃须刀</ProductName><FullProductName>飞利浦 Shaver series 5000 多功能电动剃须刀 S5560/33 MultiPrecision 刀片系统 5 向 Flex 剃须刀头 洁面刷和胡须造型器 高效智能清洁系统 具有 Turbo+ 模式且干湿两用</FullProductName><NamingString><MasterBrand><BrandCode>PHI</BrandCode><BrandName>Philips</BrandName></MasterBrand><BrandString>飞利浦</BrandString><Family><FamilyCode>SB40004141</FamilyCode><FamilyName>Shaver series 5000</FamilyName><FamilyNameUsed>1</FamilyNameUsed></Family><Range><RangeCode>R400001446</RangeCode><RangeName>5000 系列剃须刀</RangeName></Range><Descriptor><DescriptorCode>D4013822</DescriptorCode><DescriptorName>多功能电动剃须刀</DescriptorName></Descriptor><Alphanumeric>S5560/33</Alphanumeric><VersionElement1><VersionElementCode>V4039234</VersionElementCode><VersionElementName>MultiPrecision 刀片系统</VersionElementName></VersionElement1><VersionElement2><VersionElementCode>V4039235</VersionElementCode><VersionElementName>5 向 Flex 剃须刀头</VersionElementName></VersionElement2><VersionElement3><VersionElementCode>V4032124</VersionElementCode><VersionElementName>洁面刷和胡须造型器</VersionElementName></VersionElement3><VersionElement4><VersionElementCode>V4032663</VersionElementCode><VersionElementName>高效智能清洁系统</VersionElementName></VersionElement4><VersionString>MultiPrecision 刀片系统 5 向 Flex 剃须刀头 洁面刷和胡须造型器 高效智能清洁系统</VersionString><BrandedFeatureCode1>F400072239</BrandedFeatureCode1><BrandedFeatureCode2>F400072238</BrandedFeatureCode2><BrandedFeatureString>具有 Turbo+ 模式且干湿两用</BrandedFeatureString><DescriptorBrandedFeatureString>多功能电动剃须刀具有 Turbo+ 模式且干湿两用</DescriptorBrandedFeatureString></NamingString><WOW>剃须既贴面又快速</WOW><SubWOW>提升20%动力*</SubWOW><MarketingTextHeader>Shaver Series 5000 具有快速操作功能、MultiPrecision 刀片系统和可清洗的剃须刀头，为您早晨呵护剃须提升速度。</MarketingTextHeader><KeyBenefitArea><KeyBenefitAreaCode>K4026734</KeyBenefitAreaCode><KeyBenefitAreaName>舒适剃须</KeyBenefitAreaName><KeyBenefitAreaRank>1</KeyBenefitAreaRank></KeyBenefitArea><KeyBenefitArea><KeyBenefitAreaCode>K4012411</KeyBenefitAreaCode><KeyBenefitAreaName>舒适贴面的享受</KeyBenefitAreaName><KeyBenefitAreaRank>2</KeyBenefitAreaRank></KeyBenefitArea><KeyBenefitArea><KeyBenefitAreaCode>K300000216</KeyBenefitAreaCode><KeyBenefitAreaName>易于使用</KeyBenefitAreaName><KeyBenefitAreaRank>3</KeyBenefitAreaRank></KeyBenefitArea><KeyBenefitArea><KeyBenefitAreaCode>K4028096</KeyBenefitAreaCode><KeyBenefitAreaName>享受剃须刀的多种益处</KeyBenefitAreaName><KeyBenefitAreaRank>4</KeyBenefitAreaRank></KeyBenefitArea><CSChapter><CSChapterCode>CH4001523</CSChapterCode><CSChapterName>剃须性能</CSChapterName><CSChapterRank>1</CSChapterRank><CSItem><CSItemCode>IT4007976</CSItemCode><CSItemName>剃须系统</CSItemName><CSItemRank>1</CSItemRank><CSItemIsFreeFormat>0</CSItemIsFreeFormat><CSValue><CSValueCode>VA4087521</CSValueCode><CSValueName>MultiPrecision 刀片系统</CSValueName><CSValueRank>1</CSValueRank></CSValue><CSValue><CSValueCode>VA4076303</CSValueCode><CSValueName>升级双层刀片设计</CSValueName><CSValueRank>3</CSValueRank></CSValue></CSItem><CSItem><CSItemCode>IT4007977</CSItemCode><CSItemName>面部轮廓跟踪</CSItemName><CSItemRank>1</CSItemRank><CSItemIsFreeFormat>0</CSItemIsFreeFormat><CSValue><CSValueCode>VA4096954</CSValueCode><CSValueName>5 向 Flex 剃须刀头</CSValueName><CSValueRank>1</CSValueRank></CSValue></CSItem><CSItem><CSItemCode>IT4041805</CSItemCode><CSItemName>Turbo+ 模式</CSItemName><CSItemRank>1</CSItemRank><CSItemIsFreeFormat>0</CSItemIsFreeFormat><CSValue><CSValueCode>VA4096958</CSValueCode><CSValueName>剃须，具有 20% 额外电量</CSValueName><CSValueRank>1</CSValueRank></CSValue></CSItem><CSItem><CSItemCode>IT4007978</CSItemCode><CSItemName>肌肤舒适</CSItemName><CSItemRank>2</CSItemRank><CSItemIsFreeFormat>0</CSItemIsFreeFormat><CSValue><CSValueCode>VA4081202</CSValueCode><CSValueName>干湿两用</CSValueName><CSValueRank>1</CSValueRank></CSValue></CSItem></CSChapter><CSChapter><CSChapterCode>3000815</CSChapterCode><CSChapterName>附件</CSChapterName><CSChapterRank>2</CSChapterRank><CSItem><CSItemCode>IT4033151</CSItemCode><CSItemName>高效智能清洁系统</CSItemName><CSItemRank>1</CSItemRank><CSItemIsFreeFormat>0</CSItemIsFreeFormat><CSValue><CSValueCode>VA4077062</CSValueCode><CSValueName>清洁</CSValueName><CSValueRank>1</CSValueRank></CSValue><CSValue><CSValueCode>VA4077063</CSValueCode><CSValueName>充电</CSValueName><CSValueRank>2</CSValueRank></CSValue><CSValue><CSValueCode>VA4077064</CSValueCode><CSValueName>润滑</CSValueName><CSValueRank>3</CSValueRank></CSValue><CSValue><CSValueCode>VA4077065</CSValueCode><CSValueName>清洁滤芯（随附）</CSValueName><CSValueRank>4</CSValueRank></CSValue></CSItem><CSItem><CSItemCode>IT4032633</CSItemCode><CSItemName>卡入式</CSItemName><CSItemRank>2</CSItemRank><CSItemIsFreeFormat>0</CSItemIsFreeFormat><CSValue><CSValueCode>VA4076311</CSValueCode><CSValueName>胡须造型器</CSValueName><CSValueRank>1</CSValueRank></CSValue><CSValue><CSValueCode>VA4086010</CSValueCode><CSValueName>控油洁面刷</CSValueName><CSValueRank>2</CSValueRank></CSValue></CSItem><CSItem><CSItemCode>IT4007991</CSItemCode><CSItemName>旅行软袋</CSItemName><CSItemRank>3</CSItemRank><CSItemIsFreeFormat>0</CSItemIsFreeFormat><CSValue><CSValueCode>VA4046862</CSValueCode><CSValueName>旅行盒</CSValueName><CSValueRank>1</CSValueRank></CSValue></CSItem></CSChapter><CSChapter><CSChapterCode>CH4001524</CSChapterCode><CSChapterName>操作简易</CSChapterName><CSChapterRank>3</CSChapterRank><CSItem><CSItemCode>IT4007980</CSItemCode><CSItemName>显示屏</CSItemName><CSItemRank>1</CSItemRank><CSItemIsFreeFormat>0</CSItemIsFreeFormat><CSValue><CSValueCode>VA4021350</CSValueCode><CSValueName>3 格电池指示</CSValueName><CSValueRank>1</CSValueRank></CSValue><CSValue><CSValueCode>VA4019961</CSValueCode><CSValueName>电池电量不足指示灯</CSValueName><CSValueRank>2</CSValueRank></CSValue><CSValue><CSValueCode>VA4020566</CSValueCode><CSValueName>充电显示灯</CSValueName><CSValueRank>3</CSValueRank></CSValue><CSValue><CSValueCode>VA4022648</CSValueCode><CSValueName>清洁指示灯</CSValueName><CSValueRank>4</CSValueRank></CSValue><CSValue><CSValueCode>VA4019963</CSValueCode><CSValueName>更换刀头提示灯</CSValueName><CSValueRank>5</CSValueRank></CSValue><CSValue><CSValueCode>VA4076314</CSValueCode><CSValueName>旅行锁指示灯</CSValueName><CSValueRank>6</CSValueRank></CSValue></CSItem><CSItem><CSItemCode>IT4007985</CSItemCode><CSItemName>清洁</CSItemName><CSItemRank>2</CSItemRank><CSItemIsFreeFormat>0</CSItemIsFreeFormat><CSValue><CSValueCode>VA4063376</CSValueCode><CSValueName>可全身水洗</CSValueName><CSValueRank>1</CSValueRank></CSValue></CSItem><CSItem><CSItemCode>IT4027494</CSItemCode><CSItemName>工作中</CSItemName><CSItemRank>3</CSItemRank><CSItemIsFreeFormat>0</CSItemIsFreeFormat><CSValue><CSValueCode>VA4090065</CSValueCode><CSValueName>使用前拔掉插头</CSValueName><CSValueRank>1</CSValueRank></CSValue></CSItem></CSChapter><CSChapter><CSChapterCode>3001096</CSChapterCode><CSChapterName>设计</CSChapterName><CSChapterRank>4</CSChapterRank><CSItem><CSItemCode>IT4008709</CSItemCode><CSItemName>手柄</CSItemName><CSItemRank>1</CSItemRank><CSItemIsFreeFormat>0</CSItemIsFreeFormat><CSValue><CSValueCode>VA4076321</CSValueCode><CSValueName>人体工程学手柄和操作</CSValueName><CSValueRank>1</CSValueRank></CSValue></CSItem><CSItem><CSItemCode>S_0000001</CSItemCode><CSItemName>颜色</CSItemName><CSItemRank>2</CSItemRank><CSItemIsFreeFormat>1</CSItemIsFreeFormat><CSValue><CSValueCode>VA4007102</CSValueCode><CSValueName>Angler Burgundy - 黑金色</CSValueName><CSValueRank>1</CSValueRank></CSValue></CSItem></CSChapter><CSChapter><CSChapterCode>3000821</CSChapterCode><CSChapterName>功率</CSChapterName><CSChapterRank>5</CSChapterRank><CSItem><CSItemCode>IT4015297</CSItemCode><CSItemName>自动电压</CSItemName><CSItemRank>1</CSItemRank><CSItemIsFreeFormat>0</CSItemIsFreeFormat><CSValue><CSValueCode>VA4030670</CSValueCode><CSValueName>100-240 伏</CSValueName><CSValueRank>1</CSValueRank></CSValue></CSItem><CSItem><CSItemCode>3006920</CSItemCode><CSItemName>电池类型</CSItemName><CSItemRank>2</CSItemRank><CSItemIsFreeFormat>0</CSItemIsFreeFormat><CSValue><CSValueCode>3033275</CSValueCode><CSValueName>锂离子</CSValueName><CSValueRank>1</CSValueRank></CSValue></CSItem><CSItem><CSItemCode>IT4015298</CSItemCode><CSItemName>使用时间</CSItemName><CSItemRank>3</CSItemRank><CSItemIsFreeFormat>0</CSItemIsFreeFormat><CSValue><CSValueCode>VA4087527</CSValueCode><CSValueName>45 分钟/15 次剃须</CSValueName><CSValueRank>1</CSValueRank></CSValue></CSItem><CSItem><CSItemCode>IT4032891</CSItemCode><CSItemName>充电</CSItemName><CSItemRank>4</CSItemRank><CSItemIsFreeFormat>0</CSItemIsFreeFormat><CSValue><CSValueCode>VA4077304</CSValueCode><CSValueName>1 小时充满电</CSValueName><CSValueRank>1</CSValueRank></CSValue><CSValue><CSValueCode>VA4085067</CSValueCode><CSValueName>快速充电 5 分钟可剃须 1 次</CSValueName><CSValueRank>2</CSValueRank></CSValue></CSItem><CSItem><CSItemCode>IT4009440</CSItemCode><CSItemName>最大功耗</CSItemName><CSItemRank>5</CSItemRank><CSItemIsFreeFormat>0</CSItemIsFreeFormat><CSValue><CSValueCode>VA4076318</CSValueCode><CSValueName>9</CSValueName><CSValueRank>1</CSValueRank></CSValue><UnitOfMeasure><UnitOfMeasureCode>3000072</UnitOfMeasureCode><UnitOfMeasureName>瓦特</UnitOfMeasureName><UnitOfMeasureSymbol>瓦</UnitOfMeasureSymbol></UnitOfMeasure></CSItem><CSItem><CSItemCode>IT4009439</CSItemCode><CSItemName>待机功耗</CSItemName><CSItemRank>6</CSItemRank><CSItemIsFreeFormat>0</CSItemIsFreeFormat><CSValue><CSValueCode>VA4076317</CSValueCode><CSValueName>0.1</CSValueName><CSValueRank>1</CSValueRank></CSValue><UnitOfMeasure><UnitOfMeasureCode>3000072</UnitOfMeasureCode><UnitOfMeasureName>瓦特</UnitOfMeasureName><UnitOfMeasureSymbol>瓦</UnitOfMeasureSymbol></UnitOfMeasure></CSItem></CSChapter><CSChapter><CSChapterCode>CHA_0000049</CSChapterCode><CSChapterName>服务</CSChapterName><CSChapterRank>6</CSChapterRank><CSItem><CSItemCode>IT4002813</CSItemCode><CSItemName>2 年保修</CSItemName><CSItemRank>1</CSItemRank><CSItemIsFreeFormat>0</CSItemIsFreeFormat><CSValue><CSValueCode>VA4011021</CSValueCode><CSValueName>Y</CSValueName><CSValueRank>1</CSValueRank></CSValue></CSItem><CSItem><CSItemCode>IT4015371</CSItemCode><CSItemName>替换刀头</CSItemName><CSItemRank>2</CSItemRank><CSItemIsFreeFormat>0</CSItemIsFreeFormat><CSValue><CSValueCode>VA4087526</CSValueCode><CSValueName>每 2 年使用 SH50 更换一次</CSValueName><CSValueRank>1</CSValueRank></CSValue></CSItem><CSItem><CSItemCode>IT4037103</CSItemCode><CSItemName>造型修剪器</CSItemName><CSItemRank>3</CSItemRank><CSItemIsFreeFormat>0</CSItemIsFreeFormat><CSValue><CSValueCode>VA4086182</CSValueCode><CSValueName>每 2 年更换一次 RQ111</CSValueName><CSValueRank>1</CSValueRank></CSValue></CSItem><CSItem><CSItemCode>IT4030471</CSItemCode><CSItemName>洁面刷 RQ560 或 RQ563</CSItemName><CSItemRank>4</CSItemRank><CSItemIsFreeFormat>0</CSItemIsFreeFormat><CSValue><CSValueCode>VA4069821</CSValueCode><CSValueName>每 3-6 个月更换一次</CSValueName><CSValueRank>1</CSValueRank></CSValue></CSItem></CSChapter><Filters><Purpose type="Comparison"><Features><Feature code="F400072239" rank="1" referenceName="Turbo+ mode (S5000)"/><Feature code="F400072077" rank="2" referenceName="MultiPrecision Blade System (S6000 S5000)"/><Feature code="F400072079_S5560_33" rank="3" referenceName="5-direction Flex Heads (S5000)"/><Feature code="F400072238_S5560_33" rank="4" referenceName="Aquatec Wet &amp; Dry (S6000 S5000)"/><Feature code="F400072242_S5560_33" rank="5" referenceName="45 minutes of cordless shaving (S5000 AT W&amp;D)"/><Feature code="F400072209_S5560_33" rank="6" referenceName="1-hour charging time (S5000 Li-ion)"/><Feature code="F400072329" rank="7" referenceName="SmartClick beard styler (S5000)"/><Feature code="F400072330" rank="8" referenceName="SmartClick cleansing brush (S5000)"/><Feature code="F400072328" rank="9" referenceName="SmartClean System (S5000)"/><Feature code="F400072086" rank="10" referenceName="Super Lift &amp; Cut Action (S5000)"/></Features><CSItems><CSItem code="IT4007976" rank="1" referenceName="剃须性能 - 剃须系统"/><CSItem code="IT4007977" rank="1" referenceName="剃须性能 - 面部轮廓跟踪"/><CSItem code="IT4041805" rank="1" referenceName="剃须性能 - Turbo+ 模式"/><CSItem code="IT4033151" rank="1" referenceName="附件 - 高效智能清洁系统"/><CSItem code="IT4007980" rank="1" referenceName="操作简易 - 显示屏"/><CSItem code="IT4008709" rank="1" referenceName="设计 - 手柄"/><CSItem code="IT4015297" rank="1" referenceName="功率 - 自动电压"/><CSItem code="IT4002813" rank="1" referenceName="服务 - 2 年保修"/><CSItem code="IT4007978" rank="2" referenceName="剃须性能 - 肌肤舒适"/><CSItem code="IT4032633" rank="2" referenceName="附件 - 卡入式"/><CSItem code="IT4007985" rank="2" referenceName="操作简易 - 清洁"/><CSItem code="S_0000001" rank="2" referenceName="设计 - 颜色"/><CSItem code="3006920" rank="2" referenceName="功率 - 电池类型"/><CSItem code="IT4015371" rank="2" referenceName="服务 - 替换刀头"/><CSItem code="IT4007991" rank="3" referenceName="附件 - 旅行软袋"/><CSItem code="IT4027494" rank="3" referenceName="操作简易 - 工作中"/><CSItem code="IT4015298" rank="3" referenceName="功率 - 使用时间"/><CSItem code="IT4037103" rank="3" referenceName="服务 - 造型修剪器"/><CSItem code="IT4032891" rank="4" referenceName="功率 - 充电"/><CSItem code="IT4030471" rank="4" referenceName="服务 - 洁面刷 RQ560 或 RQ563"/><CSItem code="IT4009440" rank="5" referenceName="功率 - 最大功耗"/><CSItem code="IT4009439" rank="6" referenceName="功率 - 待机功耗"/></CSItems></Purpose><Purpose type="Detail"><Features><Feature code="F400072239" rank="1" referenceName="Turbo+ mode (S5000)"/><Feature code="F400072077" rank="2" referenceName="MultiPrecision Blade System (S6000 S5000)"/><Feature code="F400072079_S5560_33" rank="3" referenceName="5-direction Flex Heads (S5000)"/><Feature code="F400072238_S5560_33" rank="4" referenceName="Aquatec Wet &amp; Dry (S6000 S5000)"/><Feature code="F400072242_S5560_33" rank="5" referenceName="45 minutes of cordless shaving (S5000 AT W&amp;D)"/><Feature code="F400072209_S5560_33" rank="6" referenceName="1-hour charging time (S5000 Li-ion)"/><Feature code="F400072329" rank="7" referenceName="SmartClick beard styler (S5000)"/><Feature code="F400072330" rank="8" referenceName="SmartClick cleansing brush (S5000)"/><Feature code="F400072328" rank="9" referenceName="SmartClean System (S5000)"/><Feature code="F400072086" rank="10" referenceName="Super Lift &amp; Cut Action (S5000)"/></Features><CSItems><CSItem code="IT4007976" rank="1" referenceName="剃须性能 - 剃须系统"/><CSItem code="IT4007977" rank="1" referenceName="剃须性能 - 面部轮廓跟踪"/><CSItem code="IT4041805" rank="1" referenceName="剃须性能 - Turbo+ 模式"/><CSItem code="IT4033151" rank="1" referenceName="附件 - 高效智能清洁系统"/><CSItem code="IT4007980" rank="1" referenceName="操作简易 - 显示屏"/><CSItem code="IT4008709" rank="1" referenceName="设计 - 手柄"/><CSItem code="IT4015297" rank="1" referenceName="功率 - 自动电压"/><CSItem code="IT4002813" rank="1" referenceName="服务 - 2 年保修"/><CSItem code="IT4007978" rank="2" referenceName="剃须性能 - 肌肤舒适"/><CSItem code="IT4032633" rank="2" referenceName="附件 - 卡入式"/><CSItem code="IT4007985" rank="2" referenceName="操作简易 - 清洁"/><CSItem code="S_0000001" rank="2" referenceName="设计 - 颜色"/><CSItem code="3006920" rank="2" referenceName="功率 - 电池类型"/><CSItem code="IT4015371" rank="2" referenceName="服务 - 替换刀头"/><CSItem code="IT4007991" rank="3" referenceName="附件 - 旅行软袋"/><CSItem code="IT4027494" rank="3" referenceName="操作简易 - 工作中"/><CSItem code="IT4015298" rank="3" referenceName="功率 - 使用时间"/><CSItem code="IT4037103" rank="3" referenceName="服务 - 造型修剪器"/><CSItem code="IT4032891" rank="4" referenceName="功率 - 充电"/><CSItem code="IT4030471" rank="4" referenceName="服务 - 洁面刷 RQ560 或 RQ563"/><CSItem code="IT4009440" rank="5" referenceName="功率 - 最大功耗"/><CSItem code="IT4009439" rank="6" referenceName="功率 - 待机功耗"/></CSItems></Purpose></Filters><FeatureCompareGroups/><Disclaimers><Disclaimer code="DIS40009031" rank="1" referenceName="Turbo+ mode 20% more power (Better S5000)"><DisclaimerText>提升 20% 的动力 - 与不使用 Turbo+ 模式相比</DisclaimerText><DisclaimElements/></Disclaimer><Disclaimer code="DIS40005121" rank="2" referenceName="SmartClick cleansing brush disclaimer"><DisclaimerText>卡入式洁面刷 - 根据外部临床试验结果（30 位受试者，洁面 3 小时后），相同条件下与手动清洁相比</DisclaimerText><DisclaimElements/></Disclaimer></Disclaimers><AccessoryByPacked><AccessoryByPackedCode>AB40004561</AccessoryByPackedCode><AccessoryByPackedReference>SmartClick beard styler RQ111 black</AccessoryByPackedReference><AccessoryByPackedName>卡入式胡须造型器</AccessoryByPackedName><AccessoryByPackedRank>1</AccessoryByPackedRank></AccessoryByPacked><AccessoryByPacked><AccessoryByPackedCode>AB40004421</AccessoryByPackedCode><AccessoryByPackedReference>SmartClick cleansing brush (RQ585) Black</AccessoryByPackedReference><AccessoryByPackedName>卡入式洁面刷</AccessoryByPackedName><AccessoryByPackedRank>2</AccessoryByPackedRank></AccessoryByPacked><AccessoryByPacked><AccessoryByPackedCode>AB40004541</AccessoryByPackedCode><AccessoryByPackedReference>SmartClean system</AccessoryByPackedReference><AccessoryByPackedName>高效智能清洁系统</AccessoryByPackedName><AccessoryByPackedRank>3</AccessoryByPackedRank></AccessoryByPacked><AccessoryByPacked><AccessoryByPackedCode>AB40004542</AccessoryByPackedCode><AccessoryByPackedReference>Cleaning cartridge</AccessoryByPackedReference><AccessoryByPackedName>清洁滤芯</AccessoryByPackedName><AccessoryByPackedRank>4</AccessoryByPackedRank></AccessoryByPacked><Award AwardType="global"><AwardCode>GA_GREEN</AwardCode><AwardName>飞利浦绿色标志</AwardName><AwardDescription>飞利浦绿色产品可以降低成本、节省能源和减少二氧化碳排放。如何做到？它们在一个或多个飞利浦绿色焦点领域 – 能效、包装、有害物质、重量、回收和处理，还有使用寿命可靠性做出了显著的环保改善。</AwardDescription><AwardText>飞利浦绿色标志</AwardText><AwardRank>3</AwardRank></Award><ProductReference ProductReferenceType="Accessory"><CTN>CP0253/01</CTN><ProductReferenceRank>0</ProductReferenceRank></ProductReference><ProductReference ProductReferenceType="Accessory"><CTN>CP0324/01</CTN><ProductReferenceRank>0</ProductReferenceRank></ProductReference><ProductReference ProductReferenceType="Accessory"><CTN>CP0480/01</CTN><ProductReferenceRank>0</ProductReferenceRank></ProductReference><ProductReference ProductReferenceType="Accessory"><CTN>CP0481/01</CTN><ProductReferenceRank>0</ProductReferenceRank></ProductReference><ProductReference ProductReferenceType="Accessory"><CTN>HQ110/01</CTN><ProductReferenceRank>0</ProductReferenceRank></ProductReference><ProductReference ProductReferenceType="Accessory"><CTN>HQ110/02</CTN><ProductReferenceRank>0</ProductReferenceRank></ProductReference><ProductReference ProductReferenceType="Accessory"><CTN>HQ110/42</CTN><ProductReferenceRank>0</ProductReferenceRank></ProductReference><ProductReference ProductReferenceType="Accessory"><CTN>JC302/50</CTN><ProductReferenceRank>0</ProductReferenceRank></ProductReference><ProductReference ProductReferenceType="Accessory"><CTN>JC302/51</CTN><ProductReferenceRank>0</ProductReferenceRank></ProductReference><ProductReference ProductReferenceType="Accessory"><CTN>JC302/52</CTN><ProductReferenceRank>0</ProductReferenceRank></ProductReference><ProductReference ProductReferenceType="Accessory"><CTN>JC303/50</CTN><ProductReferenceRank>0</ProductReferenceRank></ProductReference><ProductReference ProductReferenceType="Accessory"><CTN>JC303/51</CTN><ProductReferenceRank>0</ProductReferenceRank></ProductReference><ProductReference ProductReferenceType="Accessory"><CTN>JC303/52</CTN><ProductReferenceRank>0</ProductReferenceRank></ProductReference><ProductReference ProductReferenceType="Accessory"><CTN>JC303/53</CTN><ProductReferenceRank>0</ProductReferenceRank></ProductReference><ProductReference ProductReferenceType="Accessory"><CTN>JC304/54</CTN><ProductReferenceRank>0</ProductReferenceRank></ProductReference><ProductReference ProductReferenceType="Accessory"><CTN>JC305/50</CTN><ProductReferenceRank>0</ProductReferenceRank></ProductReference><ProductReference ProductReferenceType="Accessory"><CTN>JC305/51</CTN><ProductReferenceRank>0</ProductReferenceRank></ProductReference><ProductReference ProductReferenceType="Accessory"><CTN>MS590/50</CTN><ProductReferenceRank>0</ProductReferenceRank></ProductReference><ProductReference ProductReferenceType="Accessory"><CTN>MS590/51</CTN><ProductReferenceRank>0</ProductReferenceRank></ProductReference><ProductReference ProductReferenceType="Accessory"><CTN>MS591/50</CTN><ProductReferenceRank>0</ProductReferenceRank></ProductReference><ProductReference ProductReferenceType="Accessory"><CTN>MS591/51</CTN><ProductReferenceRank>0</ProductReferenceRank></ProductReference><ProductReference ProductReferenceType="Accessory"><CTN>MS592/50</CTN><ProductReferenceRank>0</ProductReferenceRank></ProductReference><ProductReference ProductReferenceType="Accessory"><CTN>MS592/51</CTN><ProductReferenceRank>0</ProductReferenceRank></ProductReference><ProductReference ProductReferenceType="Accessory"><CTN>MS594/50</CTN><ProductReferenceRank>0</ProductReferenceRank></ProductReference><ProductReference ProductReferenceType="Accessory"><CTN>MS596/50</CTN><ProductReferenceRank>0</ProductReferenceRank></ProductReference><ProductReference ProductReferenceType="Accessory"><CTN>MS596/51</CTN><ProductReferenceRank>0</ProductReferenceRank></ProductReference><ProductReference ProductReferenceType="Accessory"><CTN>RQ111/50</CTN><ProductReferenceRank>0</ProductReferenceRank></ProductReference><ProductReference ProductReferenceType="Accessory"><CTN>RQ111/51</CTN><ProductReferenceRank>0</ProductReferenceRank></ProductReference><ProductReference ProductReferenceType="Accessory"><CTN>RQ111/52</CTN><ProductReferenceRank>0</ProductReferenceRank></ProductReference><ProductReference ProductReferenceType="Accessory"><CTN>RQ111/53</CTN><ProductReferenceRank>0</ProductReferenceRank></ProductReference><ProductReference ProductReferenceType="Accessory"><CTN>RQ560/50</CTN><ProductReferenceRank>0</ProductReferenceRank></ProductReference><ProductReference ProductReferenceType="Accessory"><CTN>RQ560/51</CTN><ProductReferenceRank>0</ProductReferenceRank></ProductReference><ProductReference ProductReferenceType="Accessory"><CTN>RQ563/50</CTN><ProductReferenceRank>0</ProductReferenceRank></ProductReference><ProductReference ProductReferenceType="Accessory"><CTN>RQ563/51</CTN><ProductReferenceRank>0</ProductReferenceRank></ProductReference><ProductReference ProductReferenceType="Accessory"><CTN>RQ585/50</CTN><ProductReferenceRank>0</ProductReferenceRank></ProductReference><ProductReference ProductReferenceType="Accessory"><CTN>RQ585/51</CTN><ProductReferenceRank>0</ProductReferenceRank></ProductReference><ProductReference ProductReferenceType="Accessory"><CTN>RQ585/52</CTN><ProductReferenceRank>0</ProductReferenceRank></ProductReference><ProductReference ProductReferenceType="Accessory"><CTN>SC51/50</CTN><ProductReferenceRank>0</ProductReferenceRank></ProductReference><ProductReference ProductReferenceType="Accessory"><CTN>SC51/51</CTN><ProductReferenceRank>0</ProductReferenceRank></ProductReference><ProductReference ProductReferenceType="Accessory"><CTN>SH50/50</CTN><ProductReferenceRank>0</ProductReferenceRank></ProductReference><ProductReference ProductReferenceType="Accessory"><CTN>SH50/51</CTN><ProductReferenceRank>0</ProductReferenceRank></ProductReference><ProductReference ProductReferenceType="Accessory"><CTN>SH50/52</CTN><ProductReferenceRank>0</ProductReferenceRank></ProductReference><ProductReference ProductReferenceType="Accessory"><CTN>SH50/53</CTN><ProductReferenceRank>0</ProductReferenceRank></ProductReference><ProductReference ProductReferenceType="Accessory"><CTN>SH560/50</CTN><ProductReferenceRank>0</ProductReferenceRank></ProductReference><ProductReference ProductReferenceType="Accessory"><CTN>SH575/50</CTN><ProductReferenceRank>0</ProductReferenceRank></ProductReference><RichTexts/></Product></Products>