<?xml version="1.0" encoding="UTF-8"?><Products xmlns:source="http://apache.org/cocoon/source/1.0" DocStatus="approved" DocTimeStamp="2018-10-24T13:07:13"><Product Country="CN" IsAccessory="false" IsMaster="false" Locale="zh_CN" lastModified="2018-10-24T05:16:14" masterLastModified="2018-06-21T00:38:15"><CTN>BSC111/06</CTN><GTIN>06923410754803</GTIN><MarketingVersion>5.1.1</MarketingVersion><MarketingStatus>Final Published</MarketingStatus><CRDate>2017-09-29</CRDate><CRDateYW>201739</CRDateYW><ModelYears><ModelYear>2017</ModelYear></ModelYears><ProductDivision><ProductDivisionCode>0200</ProductDivisionCode><ProductDivisionName>Consumer Lifestyle</ProductDivisionName><FormerPDCode>0300</FormerPDCode></ProductDivision><ProductOwner>Cristina Frumuselu</ProductOwner><DTN>BSC111/06</DTN><Catalog><StartOfPublication>2017-10-27T00:00:00</StartOfPublication><EndOfPublication>2021-10-29T00:00:00</EndOfPublication><StartOfSales>2017-10-27T00:00:00</StartOfSales><EndOfSales>2021-10-29T00:00:00</EndOfSales><DummyPrice>399</DummyPrice><Deleted>false</Deleted><DeleteAfterDate/><ProductRank>50</ProductRank></Catalog><FinancialCategorization><BusinessGroupCode>9044</BusinessGroupCode><BusinessGroupName>Personal Care</BusinessGroupName><BusinessUnitCode>9512</BusinessUnitCode><BusinessUnitName>Beauty</BusinessUnitName><MainArticleGroupCode>E14</MainArticleGroupCode><MainArticleGroupName>Skin Care</MainArticleGroupName><ArticleGroupCode>3373</ArticleGroupCode><ArticleGroupName>Cleansing &amp; Care Dev</ArticleGroupName></FinancialCategorization><Categorization type="CONSUMER"><GroupCode>PERSONAL_CARE_GR</GroupCode><GroupName>Personal care</GroupName><CategoryCode>PC_SKINCARE_CA</CategoryCode><CategoryName>Skincare</CategoryName><SubcategoryCode>PC_FACIAL_CLEANSING_SU</SubcategoryCode><SubcategoryName>Facial cleansing</SubcategoryName></Categorization><Assets><Asset code="BSC111_06" description="User manual" extension="pdf" lastModified="2018-10-18" locale="zh_CN" number="001" type="DFU">http://download.p4c.philips.com/files/b/bsc111_06/bsc111_06_dfu_zhs.pdf</Asset><Asset code="BSC111_06" description="Retail Trade Leaflet" extension="pdf" lastModified="2018-10-22" locale="zh_CN" number="001" type="RTL">http://download.p4c.philips.com/files/b/bsc111_06/bsc111_06_rtl_zhscn.pdf</Asset><Asset code="BSC111_06" description="Single product shot" extension="" lastModified="2018-10-24" locale="zh_CN" number="" type="IMS">http://images.philips.com/is/image/PhilipsConsumer/BSC111_06-IMS-zh_CN</Asset><Asset code="BSC111_06" description="Product gallery image set" extension="" lastModified="2018-10-24" locale="zh_CN" number="" type="GAL">http://images.philips.com/is/image/PhilipsConsumer/BSC111_06-GAL-zh_CN</Asset><Asset code="BSC111_06" description="Product URL" extension="" lastModified="2018-10-24" locale="zh_CN" number="" type="URL">http://www.philips.com.cn/c-p/BSC111_06/visapure-mini-facial-cleanser</Asset></Assets><ProductName>旋转技术洁肤迷你洁肤仪</ProductName><FullProductName>飞利浦 VisaPure 迷你洁肤仪 BSC111/06 旋转技术洁肤 1 个刷头 1 档强度设置</FullProductName><NamingString><MasterBrand><BrandCode>PHI</BrandCode><BrandName>Philips</BrandName></MasterBrand><BrandString>飞利浦</BrandString><Family><FamilyCode>SB40004024</FamilyCode><FamilyName>VisaPure</FamilyName><FamilyNameUsed>1</FamilyNameUsed></Family><Descriptor><DescriptorCode>D4029806</DescriptorCode><DescriptorName>迷你洁肤仪</DescriptorName></Descriptor><Alphanumeric>BSC111/06</Alphanumeric><VersionElement1><VersionElementCode>V4044874</VersionElementCode><VersionElementName>旋转技术</VersionElementName></VersionElement1><VersionElement2><VersionElementCode>V4038576</VersionElementCode><VersionElementName>洁肤</VersionElementName></VersionElement2><VersionElement3><VersionElementCode>V4038998</VersionElementCode><VersionElementName>1 个刷头</VersionElementName></VersionElement3><VersionElement4><VersionElementCode>V4039257</VersionElementCode><VersionElementName>1 档强度设置</VersionElementName></VersionElement4><VersionString>旋转技术洁肤 1 个刷头 1 档强度设置</VersionString><BrandedFeatureString/><DescriptorBrandedFeatureString>迷你洁肤仪</DescriptorBrandedFeatureString></NamingString><WOW>1 分钟给您</WOW><SubWOW>1 分钟搞定*</SubWOW><MarketingTextHeader>迷你洁肤仪采用旋转技术。它外形小巧，易于使用，非常适合日常护肤，无论您身在何处。</MarketingTextHeader><KeyBenefitArea><KeyBenefitAreaCode>KBA_0000531</KeyBenefitAreaCode><KeyBenefitAreaName>更好的护肤</KeyBenefitAreaName><KeyBenefitAreaRank>1</KeyBenefitAreaRank></KeyBenefitArea><KeyBenefitArea><KeyBenefitAreaCode>K4027581</KeyBenefitAreaCode><KeyBenefitAreaName>易于使用，轻松融入您的日常肌肤护理</KeyBenefitAreaName><KeyBenefitAreaRank>2</KeyBenefitAreaRank></KeyBenefitArea><KeyBenefitArea><KeyBenefitAreaCode>K4006529</KeyBenefitAreaCode><KeyBenefitAreaName>小巧轻便</KeyBenefitAreaName><KeyBenefitAreaRank>3</KeyBenefitAreaRank></KeyBenefitArea><KeyBenefitArea><KeyBenefitAreaCode>K4034617</KeyBenefitAreaCode><KeyBenefitAreaName>温柔地呵护您的肌肤</KeyBenefitAreaName><KeyBenefitAreaRank>4</KeyBenefitAreaRank></KeyBenefitArea><CSChapter><CSChapterCode>CH4004761</CSChapterCode><CSChapterName>优点</CSChapterName><CSChapterRank>1</CSChapterRank><CSItem><CSItemCode>IT4025014</CSItemCode><CSItemName>吸收效果</CSItemName><CSItemRank>9</CSItemRank><CSItemIsFreeFormat>1</CSItemIsFreeFormat><CSValue><CSValueCode>VA4057024</CSValueCode><CSValueName>激发后续保养品吸收</CSValueName><CSValueRank>1</CSValueRank></CSValue></CSItem><CSItem><CSItemCode>IT4025011</CSItemCode><CSItemName>清洁肌肤</CSItemName><CSItemRank>12</CSItemRank><CSItemIsFreeFormat>1</CSItemIsFreeFormat><CSValue><CSValueCode>VA4057021</CSValueCode><CSValueName>比用手清洁高效 6 倍*</CSValueName><CSValueRank>1</CSValueRank></CSValue></CSItem></CSChapter><CSChapter><CSChapterCode>CH4001524</CSChapterCode><CSChapterName>操作简易</CSChapterName><CSChapterRank>2</CSChapterRank><CSItem><CSItemCode>IT4010077</CSItemCode><CSItemName>无线设计</CSItemName><CSItemRank>11</CSItemRank><CSItemIsFreeFormat>0</CSItemIsFreeFormat><CSValue><CSValueCode>VA4082059</CSValueCode><CSValueName>充满电后最多可使用 20 次</CSValueName><CSValueRank>12</CSValueRank></CSValue></CSItem><CSItem><CSItemCode>IT4015669</CSItemCode><CSItemName>电量不足指示</CSItemName><CSItemRank>14</CSItemRank><CSItemIsFreeFormat>0</CSItemIsFreeFormat><CSValue><CSValueCode>VA4089523</CSValueCode><CSValueName>图标表示电池寿命</CSValueName><CSValueRank>10</CSValueRank></CSValue></CSItem><CSItem><CSItemCode>IT4030451</CSItemCode><CSItemName>1 档速度设置</CSItemName><CSItemRank>15</CSItemRank><CSItemIsFreeFormat>0</CSItemIsFreeFormat><CSValue><CSValueCode>VA4069801</CSValueCode><CSValueName>深透洁净</CSValueName><CSValueRank>9</CSValueRank></CSValue></CSItem><CSItem><CSItemCode>IT4027261</CSItemCode><CSItemName>防水设计</CSItemName><CSItemRank>16</CSItemRank><CSItemIsFreeFormat>0</CSItemIsFreeFormat><CSValue><CSValueCode>VA4071231</CSValueCode><CSValueName>可在淋浴时使用</CSValueName><CSValueRank>8</CSValueRank></CSValue></CSItem></CSChapter><CSChapter><CSChapterCode>CH4003122</CSChapterCode><CSChapterName>适用部位</CSChapterName><CSChapterRank>3</CSChapterRank><CSItem><CSItemCode>IT4025693</CSItemCode><CSItemName>脸部和颈部</CSItemName><CSItemRank>1</CSItemRank><CSItemIsFreeFormat>0</CSItemIsFreeFormat><CSValue><CSValueCode>VA4059303</CSValueCode><CSValueName>脸颊</CSValueName><CSValueRank>5</CSValueRank></CSValue><CSValue><CSValueCode>VA4059306</CSValueCode><CSValueName>下巴</CSValueName><CSValueRank>15</CSValueRank></CSValue><CSValue><CSValueCode>VA4059304</CSValueCode><CSValueName>额头</CSValueName><CSValueRank>16</CSValueRank></CSValue><CSValue><CSValueCode>VA4059307</CSValueCode><CSValueName>颈部</CSValueName><CSValueRank>17</CSValueRank></CSValue><CSValue><CSValueCode>VA4059305</CSValueCode><CSValueName>鼻子</CSValueName><CSValueRank>18</CSValueRank></CSValue></CSItem></CSChapter><CSChapter><CSChapterCode>CH4002821</CSChapterCode><CSChapterName>包含</CSChapterName><CSChapterRank>4</CSChapterRank><CSItem><CSItemCode>IT4015645</CSItemCode><CSItemName>刷头</CSItemName><CSItemRank>4</CSItemRank><CSItemIsFreeFormat>0</CSItemIsFreeFormat><CSValue><CSValueCode>VA4057039</CSValueCode><CSValueName>普通刷头</CSValueName><CSValueRank>1</CSValueRank></CSValue></CSItem><CSItem><CSItemCode>IT4025026</CSItemCode><CSItemName>使用说明</CSItemName><CSItemRank>5</CSItemRank><CSItemIsFreeFormat>0</CSItemIsFreeFormat><CSValue><CSValueCode>VA4071232</CSValueCode><CSValueName>快速指导手册和用户手册</CSValueName><CSValueRank>14</CSValueRank></CSValue></CSItem><CSItem><CSItemCode>IT4025025</CSItemCode><CSItemName>电源适配器</CSItemName><CSItemRank>7</CSItemRank><CSItemIsFreeFormat>0</CSItemIsFreeFormat><CSValue><CSValueCode>VA4057035</CSValueCode><CSValueName>100 - 240 伏电源适配器</CSValueName><CSValueRank>2</CSValueRank></CSValue></CSItem></CSChapter><CSChapter><CSChapterCode>3000956</CSChapterCode><CSChapterName>技术规格</CSChapterName><CSChapterRank>5</CSChapterRank><CSItem><CSItemCode>IT4037205</CSItemCode><CSItemName>单向旋转</CSItemName><CSItemRank>13</CSItemRank><CSItemIsFreeFormat>0</CSItemIsFreeFormat><CSValue><CSValueCode>VA4086421</CSValueCode><CSValueName>Y</CSValueName><CSValueRank>7</CSValueRank></CSValue></CSItem></CSChapter><CSChapter><CSChapterCode>3000821</CSChapterCode><CSChapterName>功率</CSChapterName><CSChapterRank>6</CSChapterRank><CSItem><CSItemCode>IT4016881</CSItemCode><CSItemName>充电时间</CSItemName><CSItemRank>2</CSItemRank><CSItemIsFreeFormat>0</CSItemIsFreeFormat><CSValue><CSValueCode>VA4074801</CSValueCode><CSValueName>8 小时</CSValueName><CSValueRank>13</CSValueRank></CSValue></CSItem><CSItem><CSItemCode>IT4016880</CSItemCode><CSItemName>充电装置</CSItemName><CSItemRank>6</CSItemRank><CSItemIsFreeFormat>0</CSItemIsFreeFormat><CSValue><CSValueCode>VA4034156</CSValueCode><CSValueName>可充电电池</CSValueName><CSValueRank>4</CSValueRank></CSValue></CSItem><CSItem><CSItemCode>IT4016882</CSItemCode><CSItemName>工作时间</CSItemName><CSItemRank>8</CSItemRank><CSItemIsFreeFormat>0</CSItemIsFreeFormat><CSValue><CSValueCode>VA4082062</CSValueCode><CSValueName>充满电后可供清洁 20 次，每次 1 分钟</CSValueName><CSValueRank>11</CSValueRank></CSValue></CSItem><CSItem><CSItemCode>IT4015625</CSItemCode><CSItemName>电压</CSItemName><CSItemRank>10</CSItemRank><CSItemIsFreeFormat>0</CSItemIsFreeFormat><CSValue><CSValueCode>VA4034157</CSValueCode><CSValueName>100-240 伏</CSValueName><CSValueRank>3</CSValueRank></CSValue></CSItem></CSChapter><CSChapter><CSChapterCode>CHA_0000049</CSChapterCode><CSChapterName>服务</CSChapterName><CSChapterRank>7</CSChapterRank><CSItem><CSItemCode>IT4015672</CSItemCode><CSItemName>保修</CSItemName><CSItemRank>3</CSItemRank><CSItemIsFreeFormat>0</CSItemIsFreeFormat><CSValue><CSValueCode>VA4031299</CSValueCode><CSValueName>2 年全球保修</CSValueName><CSValueRank>6</CSValueRank></CSValue></CSItem></CSChapter><Filters><Purpose type="Comparison"><Features><Feature code="F400083448_BSC111_06" rank="1" referenceName="Rotation technology (Eve-Mini)"/><Feature code="F400083450" rank="2" referenceName="6x better cleansing. Ready in 1 minute (Eve-Mini)"/><Feature code="F400083452" rank="3" referenceName="Gentle to your skin (Eve-Mini)"/><Feature code="F400083454_BSC111_06" rank="4" referenceName="100% waterproof (Eve-Mini)"/><Feature code="F400083456" rank="5" referenceName="Rechargeable (Eve-Mini)"/><Feature code="F400083458_BSC111_06" rank="6" referenceName="1 minute cleansing program (Eve-Mini)"/><Feature code="F400083460" rank="7" referenceName="Compatible with all brushes (Eve-Mini)"/><Feature code="F400043034" rank="8" referenceName="Compact for your convenience (Eve-Mini)"/><Feature code="F400087925_BSC111_06" rank="9" referenceName="Optimal hygiene (Skincare brush)"/></Features><CSItems><CSItem code="IT4025693" rank="1" referenceName="适用部位 - 脸部和颈部"/><CSItem code="IT4016881" rank="2" referenceName="功率 - 充电时间"/><CSItem code="IT4015672" rank="3" referenceName="服务 - 保修"/><CSItem code="IT4015645" rank="4" referenceName="包含 - 刷头"/><CSItem code="IT4025026" rank="5" referenceName="包含 - 使用说明"/><CSItem code="IT4016880" rank="6" referenceName="功率 - 充电装置"/><CSItem code="IT4025025" rank="7" referenceName="包含 - 电源适配器"/><CSItem code="IT4016882" rank="8" referenceName="功率 - 工作时间"/><CSItem code="IT4025014" rank="9" referenceName="优点 - 吸收效果"/><CSItem code="IT4015625" rank="10" referenceName="功率 - 电压"/><CSItem code="IT4010077" rank="11" referenceName="操作简易 - 无线设计"/><CSItem code="IT4025011" rank="12" referenceName="优点 - 清洁肌肤"/><CSItem code="IT4037205" rank="13" referenceName="技术规格 - 单向旋转"/><CSItem code="IT4015669" rank="14" referenceName="操作简易 - 电量不足指示"/><CSItem code="IT4030451" rank="15" referenceName="操作简易 - 1 档速度设置"/><CSItem code="IT4027261" rank="16" referenceName="操作简易 - 防水设计"/></CSItems></Purpose><Purpose type="Detail"><Features><Feature code="F400083448_BSC111_06" rank="1" referenceName="Rotation technology (Eve-Mini)"/><Feature code="F400083450" rank="2" referenceName="6x better cleansing. Ready in 1 minute (Eve-Mini)"/><Feature code="F400083452" rank="3" referenceName="Gentle to your skin (Eve-Mini)"/><Feature code="F400083454_BSC111_06" rank="4" referenceName="100% waterproof (Eve-Mini)"/><Feature code="F400083456" rank="5" referenceName="Rechargeable (Eve-Mini)"/><Feature code="F400083458_BSC111_06" rank="6" referenceName="1 minute cleansing program (Eve-Mini)"/><Feature code="F400083460" rank="7" referenceName="Compatible with all brushes (Eve-Mini)"/><Feature code="F400043034" rank="8" referenceName="Compact for your convenience (Eve-Mini)"/><Feature code="F400087925_BSC111_06" rank="9" referenceName="Optimal hygiene (Skincare brush)"/></Features><CSItems><CSItem code="IT4025693" rank="1" referenceName="适用部位 - 脸部和颈部"/><CSItem code="IT4016881" rank="2" referenceName="功率 - 充电时间"/><CSItem code="IT4015672" rank="3" referenceName="服务 - 保修"/><CSItem code="IT4015645" rank="4" referenceName="包含 - 刷头"/><CSItem code="IT4025026" rank="5" referenceName="包含 - 使用说明"/><CSItem code="IT4016880" rank="6" referenceName="功率 - 充电装置"/><CSItem code="IT4025025" rank="7" referenceName="包含 - 电源适配器"/><CSItem code="IT4016882" rank="8" referenceName="功率 - 工作时间"/><CSItem code="IT4025014" rank="9" referenceName="优点 - 吸收效果"/><CSItem code="IT4015625" rank="10" referenceName="功率 - 电压"/><CSItem code="IT4010077" rank="11" referenceName="操作简易 - 无线设计"/><CSItem code="IT4025011" rank="12" referenceName="优点 - 清洁肌肤"/><CSItem code="IT4037205" rank="13" referenceName="技术规格 - 单向旋转"/><CSItem code="IT4015669" rank="14" referenceName="操作简易 - 电量不足指示"/><CSItem code="IT4030451" rank="15" referenceName="操作简易 - 1 档速度设置"/><CSItem code="IT4027261" rank="16" referenceName="操作简易 - 防水设计"/></CSItems></Purpose></Filters><FeatureCompareGroups/><Disclaimers><Disclaimer code="DIS40011732" rank="1" referenceName="*Compared to cleansing by hands. (Eve-Mini)"><DisclaimerText>*与手动清洁相比。数据有案可询。</DisclaimerText><DisclaimElements/></Disclaimer></Disclaimers><ProductReference ProductReferenceType="Accessory"><CTN>CP0670/01</CTN><ProductReferenceRank>0</ProductReferenceRank></ProductReference><ProductReference ProductReferenceType="Accessory"><CTN>CP0671/01</CTN><ProductReferenceRank>0</ProductReferenceRank></ProductReference><RichTexts/></Product></Products>