<?xml version="1.0" encoding="UTF-8"?><Products xmlns:source="http://apache.org/cocoon/source/1.0" DocStatus="approved" DocTimeStamp="2018-10-24T13:07:13"><Product Country="CN" IsAccessory="false" IsMaster="false" Locale="zh_CN" lastModified="2018-10-24T05:16:14" masterLastModified="2015-12-23T00:21:56"><CTN>HD4825/02</CTN><GTIN>06923410737141</GTIN><MarketingVersion>4.0.1</MarketingVersion><MarketingStatus>Final Published</MarketingStatus><CRDate>2014-11-14</CRDate><CRDateYW>201446</CRDateYW><ModelYears><ModelYear>2014</ModelYear></ModelYears><ProductDivision><ProductDivisionCode>0200</ProductDivisionCode><ProductDivisionName>Consumer Lifestyle</ProductDivisionName><FormerPDCode>0300</FormerPDCode></ProductDivision><ProductOwner>Sukhmani Bedi</ProductOwner><DTN>HD4825/02</DTN><Catalog><StartOfPublication>2014-12-20T00:00:00</StartOfPublication><EndOfPublication>2018-12-14T00:00:00</EndOfPublication><StartOfSales>2014-12-20T00:00:00</StartOfSales><EndOfSales>2018-12-14T00:00:00</EndOfSales><DummyPrice>209</DummyPrice><Deleted>false</Deleted><DeleteAfterDate/><ProductRank>50</ProductRank></Catalog><FinancialCategorization><BusinessGroupCode>9042</BusinessGroupCode><BusinessGroupName>Domestic Appliances</BusinessGroupName><BusinessUnitCode>0341</BusinessUnitCode><BusinessUnitName>Philips brand Kitchen Appliances</BusinessUnitName><MainArticleGroupCode>E18</MainArticleGroupCode><MainArticleGroupName>Breakfast</MainArticleGroupName><ArticleGroupCode>1069</ArticleGroupCode><ArticleGroupName>Toasting</ArticleGroupName></FinancialCategorization><Categorization type="CONSUMER"><GroupCode>HOUSEHOLD_PRODUCTS_GR</GroupCode><GroupName>Household products</GroupName><CategoryCode>COOKING_CA</CategoryCode><CategoryName>Cooking</CategoryName><SubcategoryCode>TOASTERS_SU2</SubcategoryCode><SubcategoryName>Toaster</SubcategoryName></Categorization><Assets><Asset code="HD4825_02" description="User manual" extension="pdf" lastModified="2014-12-05" locale="zh_CN" number="001" type="DFU">http://download.p4c.philips.com/files/h/hd4825_02/hd4825_02_dfu_zhs.pdf</Asset><Asset code="HD4825_02" description="Leaflet" extension="pdf" lastModified="2017-11-09" locale="zh_CN" number="001" type="PSS">http://download.p4c.philips.com/files/h/hd4825_02/hd4825_02_pss_zhscn.pdf</Asset><Asset code="HD4825_02" description="Retail Trade Leaflet" extension="pdf" lastModified="2018-10-05" locale="zh_CN" number="001" type="RTL">http://download.p4c.philips.com/files/h/hd4825_02/hd4825_02_rtl_zhscn.pdf</Asset><Asset code="HD4825_02" description="Leaflet" extension="pdf" lastModified="2015-08-10" locale="global" number="001" type="PSS">http://download.p4c.philips.com/files/h/hd4825_02/hd4825_02_pss_.pdf</Asset><Asset code="HD4825_02" description="Standard product photograph - highres 2196x1795" extension="tif" lastModified="2015-02-02" locale="global" number="001" type="RTP">http://images.philips.com/is/image/PhilipsConsumer/HD4825_02-RTP-global-001</Asset><Asset code="HD4825_02" description="Single product shot" extension="" lastModified="2018-10-24" locale="zh_CN" number="" type="IMS">http://images.philips.com/is/image/PhilipsConsumer/HD4825_02-IMS-zh_CN</Asset><Asset code="HD4825_02" description="Product gallery image set" extension="" lastModified="2018-10-24" locale="zh_CN" number="" type="GAL">http://images.philips.com/is/image/PhilipsConsumer/HD4825_02-GAL-zh_CN</Asset><Asset code="HD4825_02" description="Product URL" extension="" lastModified="2018-10-24" locale="zh_CN" number="" type="URL">http://www.philips.com.cn/c-p/HD4825_02/daily-collection-toaster</Asset><Asset code="GA_GREEN" description="needs to be blocked as code in CCR Global award logo - master" extension="eps" lastModified="2010-09-22" locale="global" number="001" type="GAL">GA_GREEN-GAL-global-001.eps</Asset><Asset code="GA_GREEN" description="Global award logo - highres 590x590" extension="tif" lastModified="2010-09-22" locale="global" number="001" type="GAP">http://images.philips.com/is/image/PhilipsConsumer/GA_GREEN-GAP-global-001</Asset></Assets><ProductName>凑型型金属烤面包机</ProductName><FullProductName>飞利浦 Daily Collection 烤面包机 HD4825/02 紧凑型金属</FullProductName><NamingString><MasterBrand><BrandCode>PHI</BrandCode><BrandName>Philips</BrandName></MasterBrand><BrandString>飞利浦</BrandString><Family><FamilyCode>SB40001146</FamilyCode><FamilyName>Daily Collection</FamilyName><FamilyNameUsed>1</FamilyNameUsed></Family><Descriptor><DescriptorCode>NSD_000032</DescriptorCode><DescriptorName>烤面包机</DescriptorName></Descriptor><Alphanumeric>HD4825/02</Alphanumeric><VersionElement1><VersionElementCode>V4016962</VersionElementCode><VersionElementName>金属</VersionElementName></VersionElement1><VersionElement2><VersionElementCode>V4000761</VersionElementCode><VersionElementName>设计精巧</VersionElementName></VersionElement2><VersionString>紧凑型金属</VersionString><BrandedFeatureString/><DescriptorBrandedFeatureString>烤面包机</DescriptorBrandedFeatureString></NamingString><WOW>出色烘烤，无论新鲜食材还是冷冻食材</WOW><SubWOW>金属机身，紧凑设计</SubWOW><MarketingTextHeader>使用这款精致小巧的烤面包机，实现出色烘烤，无论新鲜面包或冷冻面包。采用扩展加热平台，带来更均匀的烘烤，冷冻食材从解冻到烘烤一步到位，焦黄度控制有效满足个人偏好。</MarketingTextHeader><KeyBenefitArea><KeyBenefitAreaCode>K4028558</KeyBenefitAreaCode><KeyBenefitAreaName>完美烘烤新鲜面包或冷冻面包</KeyBenefitAreaName><KeyBenefitAreaRank>1</KeyBenefitAreaRank></KeyBenefitArea><KeyBenefitArea><KeyBenefitAreaCode>K300005006</KeyBenefitAreaCode><KeyBenefitAreaName>易于使用</KeyBenefitAreaName><KeyBenefitAreaRank>2</KeyBenefitAreaRank></KeyBenefitArea><CSChapter><CSChapterCode>CHA_0000017</CSChapterCode><CSChapterName>设计规格</CSChapterName><CSChapterRank>1</CSChapterRank><CSItem><CSItemCode>S_0000123</CSItemCode><CSItemName>材料</CSItemName><CSItemRank>1</CSItemRank><CSItemIsFreeFormat>0</CSItemIsFreeFormat><CSValue><CSValueCode>VA4009638</CSValueCode><CSValueName>金属外壳、塑料旋钮/手柄 (PBT)</CSValueName><CSValueRank>6</CSValueRank></CSValue></CSItem><CSItem><CSItemCode>IT4008100</CSItemCode><CSItemName>颜色</CSItemName><CSItemRank>8</CSItemRank><CSItemIsFreeFormat>0</CSItemIsFreeFormat><CSValue><CSValueCode>VA4063722</CSValueCode><CSValueName>白色和不锈钢</CSValueName><CSValueRank>7</CSValueRank></CSValue></CSItem></CSChapter><CSChapter><CSChapterCode>CHA_0000009</CSChapterCode><CSChapterName>普通参数</CSChapterName><CSChapterRank>2</CSChapterRank><CSItem><CSItemCode>S_0000034</CSItemCode><CSItemName>电源线存储装置</CSItemName><CSItemRank>2</CSItemRank><CSItemIsFreeFormat>0</CSItemIsFreeFormat><CSValue><CSValueCode>VA4010557</CSValueCode><CSValueName>是</CSValueName><CSValueRank>2</CSValueRank></CSValue></CSItem><CSItem><CSItemCode>S_0001751</CSItemCode><CSItemName>自动安全关熄</CSItemName><CSItemRank>7</CSItemRank><CSItemIsFreeFormat>0</CSItemIsFreeFormat><CSValue><CSValueCode>VA4010830</CSValueCode><CSValueName>是</CSValueName><CSValueRank>4</CSValueRank></CSValue></CSItem><CSItem><CSItemCode>IT4025193</CSItemCode><CSItemName>取消按钮</CSItemName><CSItemRank>9</CSItemRank><CSItemIsFreeFormat>0</CSItemIsFreeFormat><CSValue><CSValueCode>VA4058648</CSValueCode><CSValueName>是</CSValueName><CSValueRank>5</CSValueRank></CSValue></CSItem><CSItem><CSItemCode>IT4025194</CSItemCode><CSItemName>提升功能</CSItemName><CSItemRank>10</CSItemRank><CSItemIsFreeFormat>0</CSItemIsFreeFormat><CSValue><CSValueCode>VA4058649</CSValueCode><CSValueName>是</CSValueName><CSValueRank>1</CSValueRank></CSValue></CSItem><CSItem><CSItemCode>IT4025191</CSItemCode><CSItemName>可调节的烘烤程度</CSItemName><CSItemRank>11</CSItemRank><CSItemIsFreeFormat>0</CSItemIsFreeFormat><CSValue><CSValueCode>VA4058646</CSValueCode><CSValueName>是</CSValueName><CSValueRank>3</CSValueRank></CSValue></CSItem></CSChapter><CSChapter><CSChapterCode>3000956</CSChapterCode><CSChapterName>技术规格</CSChapterName><CSChapterRank>3</CSChapterRank><CSItem><CSItemCode>S_0000022</CSItemCode><CSItemName>功率</CSItemName><CSItemRank>4</CSItemRank><CSItemIsFreeFormat>1</CSItemIsFreeFormat><CSValue><CSValueCode>VA4007107</CSValueCode><CSValueName>800</CSValueName><CSValueRank>1</CSValueRank></CSValue><UnitOfMeasure><UnitOfMeasureCode>3000072</UnitOfMeasureCode><UnitOfMeasureName>瓦特</UnitOfMeasureName><UnitOfMeasureSymbol>瓦</UnitOfMeasureSymbol></UnitOfMeasure></CSItem><CSItem><CSItemCode>S_0000026</CSItemCode><CSItemName>电压</CSItemName><CSItemRank>5</CSItemRank><CSItemIsFreeFormat>1</CSItemIsFreeFormat><CSValue><CSValueCode>VA4007111</CSValueCode><CSValueName>220-240</CSValueName><CSValueRank>1</CSValueRank></CSValue><UnitOfMeasure><UnitOfMeasureCode>3000071</UnitOfMeasureCode><UnitOfMeasureName>伏</UnitOfMeasureName><UnitOfMeasureSymbol>伏</UnitOfMeasureSymbol></UnitOfMeasure></CSItem><CSItem><CSItemCode>S_0000027</CSItemCode><CSItemName>频率</CSItemName><CSItemRank>6</CSItemRank><CSItemIsFreeFormat>1</CSItemIsFreeFormat><CSValue><CSValueCode>VA4007112</CSValueCode><CSValueName>50/60</CSValueName><CSValueRank>1</CSValueRank></CSValue><UnitOfMeasure><UnitOfMeasureCode>3000045</UnitOfMeasureCode><UnitOfMeasureName>赫兹</UnitOfMeasureName><UnitOfMeasureSymbol>赫兹</UnitOfMeasureSymbol></UnitOfMeasure></CSItem></CSChapter><CSChapter><CSChapterCode>CHA_0000004</CSChapterCode><CSChapterName>重量和尺寸</CSChapterName><CSChapterRank>4</CSChapterRank><CSItem><CSItemCode>IT4002827</CSItemCode><CSItemName>AC过滤网尺寸（高 x 阔 x 深）</CSItemName><CSItemRank>3</CSItemRank><CSItemIsFreeFormat>1</CSItemIsFreeFormat><CSValue><CSValueCode>VA4009755</CSValueCode><CSValueName>265x157x130</CSValueName><CSValueRank>1</CSValueRank></CSValue><UnitOfMeasure><UnitOfMeasureCode>3000058</UnitOfMeasureCode><UnitOfMeasureName>毫米</UnitOfMeasureName><UnitOfMeasureSymbol>毫米</UnitOfMeasureSymbol></UnitOfMeasure></CSItem></CSChapter><Filters><Purpose type="Comparison"><Features><Feature code="F400067183_HD4825_02" rank="1" referenceName="Extended heating"/><Feature code="F400049732_HD4825_02" rank="2" referenceName="Defrost function"/><Feature code="F400067185_HD4825_02" rank="3" referenceName="Variable browning control"/><Feature code="F400067186_HD4825_02" rank="4" referenceName="High lift feature"/><Feature code="F400067187_HD4825_02" rank="5" referenceName="Cancel function"/><Feature code="F400067188_HD4825_02" rank="6" referenceName="Crumb tray for easy cleaning"/><Feature code="F400067189_HD4825_02" rank="7" referenceName="Compact design toasters"/><Feature code="F400067191_HD4825_02" rank="8" referenceName="Cord storage toaster"/><Feature code="F400068195_HD4825_02" rank="9" referenceName="Reheat (Toaster HD482*)"/></Features><CSItems><CSItem code="S_0000123" rank="1" referenceName="设计规格 - 材料"/><CSItem code="S_0000034" rank="2" referenceName="普通参数 - 电源线存储装置"/><CSItem code="IT4002827" rank="3" referenceName="重量和尺寸 - AC过滤网尺寸（高 x 阔 x 深）"/><CSItem code="S_0000022" rank="4" referenceName="技术规格 - 功率"/><CSItem code="S_0000026" rank="5" referenceName="技术规格 - 电压"/><CSItem code="S_0000027" rank="6" referenceName="技术规格 - 频率"/><CSItem code="S_0001751" rank="7" referenceName="普通参数 - 自动安全关熄"/><CSItem code="IT4008100" rank="8" referenceName="设计规格 - 颜色"/><CSItem code="IT4025193" rank="9" referenceName="普通参数 - 取消按钮"/><CSItem code="IT4025194" rank="10" referenceName="普通参数 - 提升功能"/><CSItem code="IT4025191" rank="11" referenceName="普通参数 - 可调节的烘烤程度"/></CSItems></Purpose><Purpose type="Detail"><Features><Feature code="F400067183_HD4825_02" rank="1" referenceName="Extended heating"/><Feature code="F400049732_HD4825_02" rank="2" referenceName="Defrost function"/><Feature code="F400067185_HD4825_02" rank="3" referenceName="Variable browning control"/><Feature code="F400067186_HD4825_02" rank="4" referenceName="High lift feature"/><Feature code="F400067187_HD4825_02" rank="5" referenceName="Cancel function"/><Feature code="F400067188_HD4825_02" rank="6" referenceName="Crumb tray for easy cleaning"/><Feature code="F400067189_HD4825_02" rank="7" referenceName="Compact design toasters"/><Feature code="F400067191_HD4825_02" rank="8" referenceName="Cord storage toaster"/><Feature code="F400068195_HD4825_02" rank="9" referenceName="Reheat (Toaster HD482*)"/></Features><CSItems><CSItem code="S_0000123" rank="1" referenceName="设计规格 - 材料"/><CSItem code="S_0000034" rank="2" referenceName="普通参数 - 电源线存储装置"/><CSItem code="IT4002827" rank="3" referenceName="重量和尺寸 - AC过滤网尺寸（高 x 阔 x 深）"/><CSItem code="S_0000022" rank="4" referenceName="技术规格 - 功率"/><CSItem code="S_0000026" rank="5" referenceName="技术规格 - 电压"/><CSItem code="S_0000027" rank="6" referenceName="技术规格 - 频率"/><CSItem code="S_0001751" rank="7" referenceName="普通参数 - 自动安全关熄"/><CSItem code="IT4008100" rank="8" referenceName="设计规格 - 颜色"/><CSItem code="IT4025193" rank="9" referenceName="普通参数 - 取消按钮"/><CSItem code="IT4025194" rank="10" referenceName="普通参数 - 提升功能"/><CSItem code="IT4025191" rank="11" referenceName="普通参数 - 可调节的烘烤程度"/></CSItems></Purpose></Filters><FeatureCompareGroups/><Disclaimers/><Award AwardType="global"><AwardCode>GA_GREEN</AwardCode><AwardName>飞利浦绿色标志</AwardName><AwardDescription>飞利浦绿色产品可以降低成本、节省能源和减少二氧化碳排放。如何做到？它们在一个或多个飞利浦绿色焦点领域 – 能效、包装、有害物质、重量、回收和处理，还有使用寿命可靠性做出了显著的环保改善。</AwardDescription><AwardText>飞利浦绿色标志</AwardText><AwardRank>3</AwardRank></Award><RichTexts/></Product></Products>