<?xml version="1.0" encoding="UTF-8"?><Products xmlns:source="http://apache.org/cocoon/source/1.0" DocStatus="approved" DocTimeStamp="2018-10-24T13:07:13"><Product Country="CN" IsAccessory="false" IsMaster="false" Locale="zh_CN" lastModified="2018-10-24T05:16:14" masterLastModified="2017-06-29T00:29:55"><CTN>S529/12</CTN><GTIN>06947265412916</GTIN><MarketingVersion>4.0.1</MarketingVersion><MarketingStatus>Final Published</MarketingStatus><CRDate>2017-08-18</CRDate><CRDateYW>201733</CRDateYW><ModelYears><ModelYear>2017</ModelYear></ModelYears><ProductDivision><ProductDivisionCode>0200</ProductDivisionCode><ProductDivisionName>Consumer Lifestyle</ProductDivisionName><FormerPDCode>0300</FormerPDCode></ProductDivision><ProductOwner>Lily Dong</ProductOwner><DTN>S529</DTN><Catalog><StartOfPublication>2017-09-18T00:00:00</StartOfPublication><EndOfPublication>2021-09-18T00:00:00</EndOfPublication><StartOfSales>2017-09-18T00:00:00</StartOfSales><EndOfSales>2021-09-18T00:00:00</EndOfSales><DummyPrice>299</DummyPrice><Deleted>false</Deleted><DeleteAfterDate/><ProductRank>50</ProductRank></Catalog><FinancialCategorization><BusinessGroupCode>9044</BusinessGroupCode><BusinessGroupName>Personal Care</BusinessGroupName><BusinessUnitCode>0321</BusinessUnitCode><BusinessUnitName>Male Grooming</BusinessUnitName><MainArticleGroupCode>I36</MainArticleGroupCode><MainArticleGroupName>Shaving 2 Heads</MainArticleGroupName><ArticleGroupCode>5041</ArticleGroupCode><ArticleGroupName>Wukong</ArticleGroupName></FinancialCategorization><Categorization type="CONSUMER"><GroupCode>PERSONAL_CARE_GR</GroupCode><GroupName>Personal care</GroupName><CategoryCode>MENS_SHAVING_CA</CategoryCode><CategoryName>FACE Shavers</CategoryName><SubcategoryCode>SERIES_SHAVERS_SU</SubcategoryCode><SubcategoryName>Series shavers</SubcategoryName></Categorization><Assets><Asset code="S529_12" description="User manual" extension="pdf" lastModified="2017-06-21" locale="zh_CN" number="001" type="DFU">http://download.p4c.philips.com/files/s/s529_12/s529_12_dfu_zhs.pdf</Asset><Asset code="S529_12" description="Leaflet" extension="pdf" lastModified="2018-04-01" locale="zh_CN" number="001" type="PSS">http://download.p4c.philips.com/files/s/s529_12/s529_12_pss_zhscn.pdf</Asset><Asset code="S529_12" description="Retail Trade Leaflet" extension="pdf" lastModified="2017-12-12" locale="zh_CN" number="001" type="RTL">http://download.p4c.philips.com/files/s/s529_12/s529_12_rtl_zhscn.pdf</Asset><Asset code="S529_12" description="Packaging photograph - highres 1447x756" extension="tif" lastModified="2017-06-08" locale="global" number="001" type="PID">http://images.philips.com/is/image/PhilipsConsumer/S529_12-PID-global-001</Asset><Asset code="S529_12" description="Leaflet" extension="pdf" lastModified="2018-04-01" locale="global" number="001" type="PSS">http://download.p4c.philips.com/files/s/s529_12/s529_12_pss_.pdf</Asset><Asset code="S529_12" description="Standard product photograph - highres 2196x1795" extension="tif" lastModified="2017-06-08" locale="global" number="001" type="RTP">http://images.philips.com/is/image/PhilipsConsumer/S529_12-RTP-global-001</Asset><Asset code="S529_12" description="Single product shot" extension="" lastModified="2018-10-24" locale="zh_CN" number="" type="IMS">http://images.philips.com/is/image/PhilipsConsumer/S529_12-IMS-zh_CN</Asset><Asset code="S529_12" description="Product gallery image set" extension="" lastModified="2018-10-24" locale="zh_CN" number="" type="GAL">http://images.philips.com/is/image/PhilipsConsumer/S529_12-GAL-zh_CN</Asset><Asset code="S529_12" description="Product URL" extension="" lastModified="2018-10-24" locale="zh_CN" number="" type="URL">http://www.philips.com.cn/c-p/S529_12/shaver-series-500-electric-shaver</Asset></Assets><ProductName>电动剃须刀</ProductName><FullProductName>飞利浦 Shaver series 500 电动剃须刀 S529</FullProductName><NamingString><MasterBrand><BrandCode>PHI</BrandCode><BrandName>Philips</BrandName></MasterBrand><BrandString>飞利浦</BrandString><Family><FamilyCode>SB40005284</FamilyCode><FamilyName>Shaver series 500</FamilyName><FamilyNameUsed>1</FamilyNameUsed></Family><Descriptor><DescriptorCode>NSD_000009</DescriptorCode><DescriptorName>电动剃须刀</DescriptorName></Descriptor><Alphanumeric>S529</Alphanumeric><VersionString/><BrandedFeatureString/><DescriptorBrandedFeatureString>电动剃须刀</DescriptorBrandedFeatureString></NamingString><WOW>亲肤顺滑 舒适剃须</WOW><SubWOW>舒适肌肤，高效剃须 *(与飞利浦传统两头须刀相比）</SubWOW><MarketingTextHeader>飞利浦全新500系列剃须刀，拥有舒适切剃系统及“顺翼”贴面科技，贴合每寸肌肤，征服难剃区域，专为舒适高效剃须设计。</MarketingTextHeader><KeyBenefitArea><KeyBenefitAreaCode>K4034604</KeyBenefitAreaCode><KeyBenefitAreaName>舒适高效剃须体验</KeyBenefitAreaName><KeyBenefitAreaRank>1</KeyBenefitAreaRank></KeyBenefitArea><KeyBenefitArea><KeyBenefitAreaCode>K4034605</KeyBenefitAreaCode><KeyBenefitAreaName>贴合每寸肌肤</KeyBenefitAreaName><KeyBenefitAreaRank>2</KeyBenefitAreaRank></KeyBenefitArea><KeyBenefitArea><KeyBenefitAreaCode>K4034606</KeyBenefitAreaCode><KeyBenefitAreaName>减少摩擦及肌肤损伤</KeyBenefitAreaName><KeyBenefitAreaRank>3</KeyBenefitAreaRank></KeyBenefitArea><KeyBenefitArea><KeyBenefitAreaCode>K300000216</KeyBenefitAreaCode><KeyBenefitAreaName>方便易用</KeyBenefitAreaName><KeyBenefitAreaRank>4</KeyBenefitAreaRank></KeyBenefitArea><CSChapter><CSChapterCode>CH4001523</CSChapterCode><CSChapterName>剃须性能</CSChapterName><CSChapterRank>1</CSChapterRank><CSItem><CSItemCode>IT4007976</CSItemCode><CSItemName>剃须系统</CSItemName><CSItemRank>1</CSItemRank><CSItemIsFreeFormat>0</CSItemIsFreeFormat><CSValue><CSValueCode>VA4059073</CSValueCode><CSValueName>舒适切剃系统</CSValueName><CSValueRank>17</CSValueRank></CSValue></CSItem><CSItem><CSItemCode>IT4007977</CSItemCode><CSItemName>面部轮廓贴合模式</CSItemName><CSItemRank>2</CSItemRank><CSItemIsFreeFormat>0</CSItemIsFreeFormat><CSValue><CSValueCode>VA4096955</CSValueCode><CSValueName>四向旋转刀头</CSValueName><CSValueRank>16</CSValueRank></CSValue></CSItem></CSChapter><CSChapter><CSChapterCode>3001096</CSChapterCode><CSChapterName>设计</CSChapterName><CSChapterRank>3</CSChapterRank><CSItem><CSItemCode>IT4008709</CSItemCode><CSItemName>手柄</CSItemName><CSItemRank>1</CSItemRank><CSItemIsFreeFormat>0</CSItemIsFreeFormat><CSValue><CSValueCode>VA4095726</CSValueCode><CSValueName>黑色</CSValueName><CSValueRank>21</CSValueRank></CSValue></CSItem></CSChapter><CSChapter><CSChapterCode>CH4001524</CSChapterCode><CSChapterName>操作简易</CSChapterName><CSChapterRank>4</CSChapterRank><CSItem><CSItemCode>IT4007980</CSItemCode><CSItemName>显示屏</CSItemName><CSItemRank>1</CSItemRank><CSItemIsFreeFormat>0</CSItemIsFreeFormat><CSValue><CSValueCode>VA4079281</CSValueCode><CSValueName>适配器带有充电指示灯</CSValueName><CSValueRank>24</CSValueRank></CSValue></CSItem><CSItem><CSItemCode>IT4007981</CSItemCode><CSItemName>充电</CSItemName><CSItemRank>2</CSItemRank><CSItemIsFreeFormat>0</CSItemIsFreeFormat><CSValue><CSValueCode>VA4019965</CSValueCode><CSValueName>充电式设计</CSValueName><CSValueRank>1</CSValueRank></CSValue><CSValue><CSValueCode>VA4052859</CSValueCode><CSValueName>电源插头/电源线</CSValueName><CSValueRank>23</CSValueRank></CSValue></CSItem><CSItem><CSItemCode>IT4015296</CSItemCode><CSItemName>充电时间</CSItemName><CSItemRank>3</CSItemRank><CSItemIsFreeFormat>0</CSItemIsFreeFormat><CSValue><CSValueCode>VA4052861</CSValueCode><CSValueName>10 小时</CSValueName><CSValueRank>3</CSValueRank></CSValue></CSItem><CSItem><CSItemCode>IT4008711</CSItemCode><CSItemName>剃须时间</CSItemName><CSItemRank>4</CSItemRank><CSItemIsFreeFormat>0</CSItemIsFreeFormat><CSValue><CSValueCode>VA4052863</CSValueCode><CSValueName>长达 20 分钟</CSValueName><CSValueRank>12</CSValueRank></CSValue></CSItem></CSChapter><CSChapter><CSChapterCode>3000821</CSChapterCode><CSChapterName>功率</CSChapterName><CSChapterRank>5</CSChapterRank><CSItem><CSItemCode>3006920</CSItemCode><CSItemName>电池类型</CSItemName><CSItemRank>1</CSItemRank><CSItemIsFreeFormat>0</CSItemIsFreeFormat><CSValue><CSValueCode>3033284</CSValueCode><CSValueName>镍氢电池</CSValueName><CSValueRank>9</CSValueRank></CSValue></CSItem><CSItem><CSItemCode>IT4015297</CSItemCode><CSItemName>自动电压</CSItemName><CSItemRank>2</CSItemRank><CSItemIsFreeFormat>0</CSItemIsFreeFormat><CSValue><CSValueCode>VA4030670</CSValueCode><CSValueName>100-240 伏</CSValueName><CSValueRank>2</CSValueRank></CSValue></CSItem><CSItem><CSItemCode>IT4009439</CSItemCode><CSItemName>待机功耗</CSItemName><CSItemRank>3</CSItemRank><CSItemIsFreeFormat>0</CSItemIsFreeFormat><CSValue><CSValueCode>VA4076317</CSValueCode><CSValueName>0.1</CSValueName><CSValueRank>11</CSValueRank></CSValue><UnitOfMeasure><UnitOfMeasureCode>3000072</UnitOfMeasureCode><UnitOfMeasureName>瓦特</UnitOfMeasureName><UnitOfMeasureSymbol>瓦</UnitOfMeasureSymbol></UnitOfMeasure></CSItem><CSItem><CSItemCode>IT4008331</CSItemCode><CSItemName>最大功耗</CSItemName><CSItemRank>4</CSItemRank><CSItemIsFreeFormat>1</CSItemIsFreeFormat><CSValue><CSValueCode>VA4020708</CSValueCode><CSValueName>2</CSValueName><CSValueRank>1</CSValueRank></CSValue><UnitOfMeasure><UnitOfMeasureCode>3000072</UnitOfMeasureCode><UnitOfMeasureName>瓦特</UnitOfMeasureName><UnitOfMeasureSymbol>瓦</UnitOfMeasureSymbol></UnitOfMeasure></CSItem></CSChapter><CSChapter><CSChapterCode>CHA_0000049</CSChapterCode><CSChapterName>服务</CSChapterName><CSChapterRank>6</CSChapterRank><CSItem><CSItemCode>IT4002813</CSItemCode><CSItemName>2 年保修</CSItemName><CSItemRank>1</CSItemRank><CSItemIsFreeFormat>0</CSItemIsFreeFormat><CSValue><CSValueCode>VA4011021</CSValueCode><CSValueName>是</CSValueName><CSValueRank>5</CSValueRank></CSValue></CSItem><CSItem><CSItemCode>IT4015371</CSItemCode><CSItemName>替换刀头</CSItemName><CSItemRank>2</CSItemRank><CSItemIsFreeFormat>0</CSItemIsFreeFormat><CSValue><CSValueCode>VA4083781</CSValueCode><CSValueName>每两年使用 SH30 更换一次</CSValueName><CSValueRank>22</CSValueRank></CSValue></CSItem></CSChapter><CSChapter><CSChapterCode>CH4001562</CSChapterCode><CSChapterName>性能</CSChapterName><CSChapterRank>8</CSChapterRank><CSItem><CSItemCode>IT4041090</CSItemCode><CSItemName>卫生</CSItemName><CSItemRank>1</CSItemRank><CSItemIsFreeFormat>0</CSItemIsFreeFormat><CSValue><CSValueCode>VA4095723</CSValueCode><CSValueName>全身水洗</CSValueName><CSValueRank>4</CSValueRank></CSValue></CSItem></CSChapter><Filters><Purpose type="Comparison"><Features><Feature code="F400083369" rank="1" referenceName="10-hour charging"/><Feature code="F400083364" rank="2" referenceName="Anti-slip:"/><Feature code="F400083359" rank="3" referenceName="ComfortCut Blade System (s500)"/><Feature code="F400083362" rank="4" referenceName="Curve-edged shaving head"/><Feature code="F400083360" rank="5" referenceName="Flexwing Technology"/><Feature code="F400083363" rank="6" referenceName="Rounded profile of heads"/><Feature code="F400083361" rank="7" referenceName="Skin Protection System (s500)"/><Feature code="F400083366" rank="8" referenceName="Washable (s500)"/></Features><CSItems><CSItem code="IT4007976" rank="1" referenceName="剃须性能 - 剃须系统"/><CSItem code="IT4008709" rank="1" referenceName="设计 - 手柄"/><CSItem code="IT4007980" rank="1" referenceName="操作简易 - 显示屏"/><CSItem code="3006920" rank="1" referenceName="功率 - 电池类型"/><CSItem code="IT4002813" rank="1" referenceName="服务 - 2 年保修"/><CSItem code="IT4041090" rank="1" referenceName="性能 - 卫生"/><CSItem code="IT4007977" rank="2" referenceName="剃须性能 - 面部轮廓贴合模式"/><CSItem code="IT4007981" rank="2" referenceName="操作简易 - 充电"/><CSItem code="IT4015297" rank="2" referenceName="功率 - 自动电压"/><CSItem code="IT4015371" rank="2" referenceName="服务 - 替换刀头"/><CSItem code="IT4015296" rank="3" referenceName="操作简易 - 充电时间"/><CSItem code="IT4009439" rank="3" referenceName="功率 - 待机功耗"/><CSItem code="IT4008711" rank="4" referenceName="操作简易 - 剃须时间"/><CSItem code="IT4008331" rank="4" referenceName="功率 - 最大功耗"/></CSItems></Purpose><Purpose type="Detail"><Features><Feature code="F400083369" rank="1" referenceName="10-hour charging"/><Feature code="F400083364" rank="2" referenceName="Anti-slip:"/><Feature code="F400083359" rank="3" referenceName="ComfortCut Blade System (s500)"/><Feature code="F400083362" rank="4" referenceName="Curve-edged shaving head"/><Feature code="F400083360" rank="5" referenceName="Flexwing Technology"/><Feature code="F400083363" rank="6" referenceName="Rounded profile of heads"/><Feature code="F400083361" rank="7" referenceName="Skin Protection System (s500)"/><Feature code="F400083366" rank="8" referenceName="Washable (s500)"/></Features><CSItems><CSItem code="IT4007976" rank="1" referenceName="剃须性能 - 剃须系统"/><CSItem code="IT4008709" rank="1" referenceName="设计 - 手柄"/><CSItem code="IT4007980" rank="1" referenceName="操作简易 - 显示屏"/><CSItem code="3006920" rank="1" referenceName="功率 - 电池类型"/><CSItem code="IT4002813" rank="1" referenceName="服务 - 2 年保修"/><CSItem code="IT4041090" rank="1" referenceName="性能 - 卫生"/><CSItem code="IT4007977" rank="2" referenceName="剃须性能 - 面部轮廓贴合模式"/><CSItem code="IT4007981" rank="2" referenceName="操作简易 - 充电"/><CSItem code="IT4015297" rank="2" referenceName="功率 - 自动电压"/><CSItem code="IT4015371" rank="2" referenceName="服务 - 替换刀头"/><CSItem code="IT4015296" rank="3" referenceName="操作简易 - 充电时间"/><CSItem code="IT4009439" rank="3" referenceName="功率 - 待机功耗"/><CSItem code="IT4008711" rank="4" referenceName="操作简易 - 剃须时间"/><CSItem code="IT4008331" rank="4" referenceName="功率 - 最大功耗"/></CSItems></Purpose></Filters><FeatureCompareGroups/><Disclaimers/><ProductReference ProductReferenceType="Accessory"><CTN>CP0480/01</CTN><ProductReferenceRank>0</ProductReferenceRank></ProductReference><ProductReference ProductReferenceType="Accessory"><CTN>CP0481/01</CTN><ProductReferenceRank>0</ProductReferenceRank></ProductReference><ProductReference ProductReferenceType="Accessory"><CTN>HQ110/01</CTN><ProductReferenceRank>0</ProductReferenceRank></ProductReference><ProductReference ProductReferenceType="Accessory"><CTN>HQ110/02</CTN><ProductReferenceRank>0</ProductReferenceRank></ProductReference><ProductReference ProductReferenceType="Accessory"><CTN>HQ110/42</CTN><ProductReferenceRank>0</ProductReferenceRank></ProductReference><ProductReference ProductReferenceType="Accessory"><CTN>SH30/20</CTN><ProductReferenceRank>0</ProductReferenceRank></ProductReference><ProductReference ProductReferenceType="Accessory"><CTN>SH30/21</CTN><ProductReferenceRank>0</ProductReferenceRank></ProductReference><RichTexts/></Product></Products>