<?xml version="1.0" encoding="UTF-8"?><Products xmlns:source="http://apache.org/cocoon/source/1.0" DocStatus="approved" DocTimeStamp="2018-10-24T13:07:13"><Product Country="CN" IsAccessory="false" IsMaster="false" Locale="zh_CN" lastModified="2018-10-24T05:16:14" masterLastModified="2018-01-18T01:02:05"><CTN>GC523/68</CTN><GTIN>06923410754445</GTIN><MarketingVersion>11.0.1</MarketingVersion><MarketingStatus>Final Published</MarketingStatus><CRDate>2017-02-24</CRDate><CRDateYW>201708</CRDateYW><ModelYears><ModelYear>2017</ModelYear></ModelYears><ProductDivision><ProductDivisionCode>0200</ProductDivisionCode><ProductDivisionName>Consumer Lifestyle</ProductDivisionName><FormerPDCode>0300</FormerPDCode></ProductDivision><ProductOwner>Bobby Chedie</ProductOwner><DTN>GC523/68</DTN><Catalog><StartOfPublication>2017-06-15T00:00:00</StartOfPublication><EndOfPublication>2021-03-24T00:00:00</EndOfPublication><StartOfSales>2017-06-15T00:00:00</StartOfSales><EndOfSales>2021-03-24T00:00:00</EndOfSales><DummyPrice>599</DummyPrice><Deleted>false</Deleted><DeleteAfterDate/><ProductRank>50</ProductRank></Catalog><FinancialCategorization><BusinessGroupCode>9042</BusinessGroupCode><BusinessGroupName>Domestic Appliances</BusinessGroupName><BusinessUnitCode>0352</BusinessUnitCode><BusinessUnitName>Garment Care</BusinessUnitName><MainArticleGroupCode>E84</MainArticleGroupCode><MainArticleGroupName>Garment Steamers</MainArticleGroupName><ArticleGroupCode>4305</ArticleGroupCode><ArticleGroupName>Stand steamers</ArticleGroupName></FinancialCategorization><Categorization type="CONSUMER"><GroupCode>HOUSEHOLD_PRODUCTS_GR</GroupCode><GroupName>Household products</GroupName><CategoryCode>IRONS_CA</CategoryCode><CategoryName>Ironing</CategoryName><SubcategoryCode>PORTABLE_STEAMERS_SU</SubcategoryCode><SubcategoryName>Garment Steamer</SubcategoryName></Categorization><Assets><Asset code="GC523_68" description="User manual" extension="pdf" lastModified="2018-03-21" locale="zh_CN" number="001" type="DFU">http://download.p4c.philips.com/files/g/gc523_68/gc523_68_dfu_zhs.pdf</Asset><Asset code="GC523_68" description="Leaflet" extension="pdf" lastModified="2018-08-04" locale="zh_CN" number="001" type="PSS">http://download.p4c.philips.com/files/g/gc523_68/gc523_68_pss_zhscn.pdf</Asset><Asset code="GC523_68" description="Retail Trade Leaflet" extension="pdf" lastModified="2018-10-05" locale="zh_CN" number="001" type="RTL">http://download.p4c.philips.com/files/g/gc523_68/gc523_68_rtl_zhscn.pdf</Asset><Asset code="GC523_68" description="Front product photograph - highres 2196x1795" extension="tif" lastModified="2017-07-13" locale="global" number="001" type="_FP">http://images.philips.com/is/image/PhilipsConsumer/GC523_68-_FP-global-001</Asset><Asset code="GC523_68" description="Packaging photograph - highres 1447x756" extension="tif" lastModified="2017-05-31" locale="global" number="001" type="PID">http://images.philips.com/is/image/PhilipsConsumer/GC523_68-PID-global-001</Asset><Asset code="GC523_68" description="Leaflet" extension="pdf" lastModified="2018-01-18" locale="global" number="001" type="PSS">http://download.p4c.philips.com/files/g/gc523_68/gc523_68_pss_.pdf</Asset><Asset code="GC523_68" description="Standard product photograph - highres 2196x1795" extension="tif" lastModified="2017-07-13" locale="global" number="001" type="RTP">http://images.philips.com/is/image/PhilipsConsumer/GC523_68-RTP-global-001</Asset><Asset code="GC523_68" description="Single product shot" extension="" lastModified="2018-10-24" locale="zh_CN" number="" type="IMS">http://images.philips.com/is/image/PhilipsConsumer/GC523_68-IMS-zh_CN</Asset><Asset code="GC523_68" description="Product gallery image set" extension="" lastModified="2018-10-24" locale="zh_CN" number="" type="GAL">http://images.philips.com/is/image/PhilipsConsumer/GC523_68-GAL-zh_CN</Asset><Asset code="GC523_68" description="Product URL" extension="" lastModified="2018-10-24" locale="zh_CN" number="" type="URL">http://www.philips.com.cn/c-p/GC523_68/easytouch-plus-garment-steamer</Asset></Assets><ProductName>1600 瓦，32 克/分钟，5 档蒸汽设定的蒸汽挂烫机</ProductName><FullProductName>飞利浦 EasyTouch Plus 蒸汽挂烫机 GC523/68 1600 瓦，32 克/分钟，5 档蒸汽设定，1.6 升可分离式水箱，防烫垫附件</FullProductName><NamingString><MasterBrand><BrandCode>PHI</BrandCode><BrandName>Philips</BrandName></MasterBrand><BrandString>飞利浦</BrandString><Family><FamilyCode>SB40008891</FamilyCode><FamilyName>EasyTouch Plus</FamilyName><FamilyNameUsed>0</FamilyNameUsed></Family><Descriptor><DescriptorCode>D4005293</DescriptorCode><DescriptorName>蒸汽挂烫机</DescriptorName></Descriptor><Alphanumeric>GC523/68</Alphanumeric><VersionElement1><VersionElementCode>V4045801</VersionElementCode><VersionElementName>1600 瓦，32 克/分钟</VersionElementName></VersionElement1><VersionElement2><VersionElementCode>V4041905</VersionElementCode><VersionElementName>5 档蒸汽设定</VersionElementName></VersionElement2><VersionElement3><VersionElementCode>V4045802</VersionElementCode><VersionElementName>1.6 升分离式水箱</VersionElementName></VersionElement3><VersionElement4><VersionElementCode>V4045803</VersionElementCode><VersionElementName>防烫垫附件</VersionElementName></VersionElement4><VersionString>1600 瓦，32 克/分钟，5 档蒸汽设定，1.6 升可分离式水箱，防烫垫附件</VersionString><BrandedFeatureString/><DescriptorBrandedFeatureString>蒸汽挂烫机</DescriptorBrandedFeatureString></NamingString><WOW>轻松除皱每一天</WOW><SubWOW>优质蒸汽解决方案为您助力</SubWOW><MarketingTextHeader>飞利浦 EasyTouch Plus 蒸汽挂烫机专为日常快速除皱而设计。其具有一系列优质的蒸汽熨烫解决方案，是快速修整、熨烫精细面料和难熨烫衣物的理想之选。</MarketingTextHeader><KeyBenefitArea><KeyBenefitAreaCode>K4028019</KeyBenefitAreaCode><KeyBenefitAreaName>更高效，更轻松</KeyBenefitAreaName><KeyBenefitAreaRank>1</KeyBenefitAreaRank></KeyBenefitArea><KeyBenefitArea><KeyBenefitAreaCode>K4031618</KeyBenefitAreaCode><KeyBenefitAreaName>安全可靠</KeyBenefitAreaName><KeyBenefitAreaRank>2</KeyBenefitAreaRank></KeyBenefitArea><KeyBenefitArea><KeyBenefitAreaCode>K4034191</KeyBenefitAreaCode><KeyBenefitAreaName>轻松除皱</KeyBenefitAreaName><KeyBenefitAreaRank>3</KeyBenefitAreaRank></KeyBenefitArea><CSChapter><CSChapterCode>CH4008281</CSChapterCode><CSChapterName>快速除皱</CSChapterName><CSChapterRank>1</CSChapterRank><CSItem><CSItemCode>IT4039934</CSItemCode><CSItemName>持续蒸汽</CSItemName><CSItemRank>6</CSItemRank><CSItemIsFreeFormat>1</CSItemIsFreeFormat><CSValue><CSValueCode>VA4093311</CSValueCode><CSValueName>32</CSValueName><CSValueRank>1</CSValueRank></CSValue><UnitOfMeasure><UnitOfMeasureCode>4000018</UnitOfMeasureCode><UnitOfMeasureName>-克/分钟</UnitOfMeasureName><UnitOfMeasureSymbol>克/分钟</UnitOfMeasureSymbol></UnitOfMeasure></CSItem><CSItem><CSItemCode>IT4039933</CSItemCode><CSItemName>功率</CSItemName><CSItemRank>8</CSItemRank><CSItemIsFreeFormat>1</CSItemIsFreeFormat><CSValue><CSValueCode>VA4093310</CSValueCode><CSValueName>1600</CSValueName><CSValueRank>1</CSValueRank></CSValue><UnitOfMeasure><UnitOfMeasureCode>3000072</UnitOfMeasureCode><UnitOfMeasureName>瓦特</UnitOfMeasureName><UnitOfMeasureSymbol>瓦</UnitOfMeasureSymbol></UnitOfMeasure></CSItem><CSItem><CSItemCode>IT4039940</CSItemCode><CSItemName>加热时间</CSItemName><CSItemRank>10</CSItemRank><CSItemIsFreeFormat>1</CSItemIsFreeFormat><CSValue><CSValueCode>VA4093318</CSValueCode><CSValueName>&lt;1</CSValueName><CSValueRank>1</CSValueRank></CSValue><UnitOfMeasure><UnitOfMeasureCode>3000061</UnitOfMeasureCode><UnitOfMeasureName>分钟</UnitOfMeasureName><UnitOfMeasureSymbol>分钟</UnitOfMeasureSymbol></UnitOfMeasure></CSItem><CSItem><CSItemCode>IT4039939</CSItemCode><CSItemName>可调蒸汽量</CSItemName><CSItemRank>12</CSItemRank><CSItemIsFreeFormat>1</CSItemIsFreeFormat><CSValue><CSValueCode>VA4093317</CSValueCode><CSValueName>5</CSValueName><CSValueRank>1</CSValueRank></CSValue><UnitOfMeasure><UnitOfMeasureCode>4025422</UnitOfMeasureCode><UnitOfMeasureName>档</UnitOfMeasureName><UnitOfMeasureSymbol>档</UnitOfMeasureSymbol></UnitOfMeasure></CSItem><CSItem><CSItemCode>IT4039938</CSItemCode><CSItemName>可调蒸汽量</CSItemName><CSItemRank>13</CSItemRank><CSItemIsFreeFormat>0</CSItemIsFreeFormat><CSValue><CSValueCode>VA4093315</CSValueCode><CSValueName>Y</CSValueName><CSValueRank>14</CSValueRank></CSValue></CSItem><CSItem><CSItemCode>IT4039936</CSItemCode><CSItemName>垂直蒸汽</CSItemName><CSItemRank>15</CSItemRank><CSItemIsFreeFormat>0</CSItemIsFreeFormat><CSValue><CSValueCode>VA4093313</CSValueCode><CSValueName>Y</CSValueName><CSValueRank>10</CSValueRank></CSValue></CSItem><CSItem><CSItemCode>IT4039945</CSItemCode><CSItemName>电压</CSItemName><CSItemRank>17</CSItemRank><CSItemIsFreeFormat>1</CSItemIsFreeFormat><CSValue><CSValueCode>VA4093323</CSValueCode><CSValueName>220-240</CSValueName><CSValueRank>1</CSValueRank></CSValue><UnitOfMeasure><UnitOfMeasureCode>3000071</UnitOfMeasureCode><UnitOfMeasureName>伏</UnitOfMeasureName><UnitOfMeasureSymbol>伏</UnitOfMeasureSymbol></UnitOfMeasure></CSItem></CSChapter><CSChapter><CSChapterCode>CHA_0000026</CSChapterCode><CSChapterName>易于使用</CSChapterName><CSChapterRank>2</CSChapterRank><CSItem><CSItemCode>IT4039947</CSItemCode><CSItemName>安全适用于所有可熨烫面料</CSItemName><CSItemRank>2</CSItemRank><CSItemIsFreeFormat>0</CSItemIsFreeFormat><CSValue><CSValueCode>VA4093325</CSValueCode><CSValueName>即便是丝绸等精细面料也可放心熨烫</CSValueName><CSValueRank>6</CSValueRank></CSValue></CSItem><CSItem><CSItemCode>IT4015768</CSItemCode><CSItemName>水箱容量</CSItemName><CSItemRank>9</CSItemRank><CSItemIsFreeFormat>1</CSItemIsFreeFormat><CSValue><CSValueCode>VA4031461</CSValueCode><CSValueName>1600</CSValueName><CSValueRank>1</CSValueRank></CSValue><UnitOfMeasure><UnitOfMeasureCode>4000012</UnitOfMeasureCode><UnitOfMeasureName>-毫升</UnitOfMeasureName><UnitOfMeasureSymbol>毫升</UnitOfMeasureSymbol></UnitOfMeasure></CSItem><CSItem><CSItemCode>IT4040044</CSItemCode><CSItemName>分离式水箱</CSItemName><CSItemRank>11</CSItemRank><CSItemIsFreeFormat>0</CSItemIsFreeFormat><CSValue><CSValueCode>VA4093463</CSValueCode><CSValueName>Y</CSValueName><CSValueRank>8</CSValueRank></CSValue></CSItem><CSItem><CSItemCode>IT4040061</CSItemCode><CSItemName>集成电源插头</CSItemName><CSItemRank>16</CSItemRank><CSItemIsFreeFormat>0</CSItemIsFreeFormat><CSValue><CSValueCode>VA4093474</CSValueCode><CSValueName>Y</CSValueName><CSValueRank>9</CSValueRank></CSValue></CSItem></CSChapter><CSChapter><CSChapterCode>CH4008283</CSChapterCode><CSChapterName>水垢处理</CSChapterName><CSChapterRank>3</CSChapterRank><CSItem><CSItemCode>IT4039985</CSItemCode><CSItemName>除垢和清洁</CSItemName><CSItemRank>1</CSItemRank><CSItemIsFreeFormat>0</CSItemIsFreeFormat><CSValue><CSValueCode>VA4093376</CSValueCode><CSValueName>轻松除垢</CSValueName><CSValueRank>15</CSValueRank></CSValue></CSItem></CSChapter><CSChapter><CSChapterCode>CHA_0000052</CSChapterCode><CSChapterName>包含附件</CSChapterName><CSChapterRank>4</CSChapterRank><CSItem><CSItemCode>IT4040022</CSItemCode><CSItemName>毛刷</CSItemName><CSItemRank>3</CSItemRank><CSItemIsFreeFormat>0</CSItemIsFreeFormat><CSValue><CSValueCode>VA4093435</CSValueCode><CSValueName>Y</CSValueName><CSValueRank>11</CSValueRank></CSValue></CSItem><CSItem><CSItemCode>IT4040011</CSItemCode><CSItemName>防烫手套为您提供保护</CSItemName><CSItemRank>14</CSItemRank><CSItemIsFreeFormat>0</CSItemIsFreeFormat><CSValue><CSValueCode>VA4093424</CSValueCode><CSValueName>Y</CSValueName><CSValueRank>13</CSValueRank></CSValue></CSItem><CSItem><CSItemCode>IT4040023</CSItemCode><CSItemName>衣裤褶线夹</CSItemName><CSItemRank>18</CSItemRank><CSItemIsFreeFormat>0</CSItemIsFreeFormat><CSValue><CSValueCode>VA4093436</CSValueCode><CSValueName>Y</CSValueName><CSValueRank>12</CSValueRank></CSValue></CSItem><CSItem><CSItemCode>IT4043585</CSItemCode><CSItemName>可调节双杆衣架</CSItemName><CSItemRank>19</CSItemRank><CSItemIsFreeFormat>0</CSItemIsFreeFormat><CSValue><CSValueCode>VA4100434</CSValueCode><CSValueName>Y</CSValueName><CSValueRank>1</CSValueRank></CSValue></CSItem><CSItem><CSItemCode>IT4043586</CSItemCode><CSItemName>支撑附件</CSItemName><CSItemRank>20</CSItemRank><CSItemIsFreeFormat>0</CSItemIsFreeFormat><CSValue><CSValueCode>VA4100443</CSValueCode><CSValueName>Y</CSValueName><CSValueRank>3</CSValueRank></CSValue></CSItem><CSItem><CSItemCode>IT4043734</CSItemCode><CSItemName>带 w 形裤夹的衣架</CSItemName><CSItemRank>21</CSItemRank><CSItemIsFreeFormat>0</CSItemIsFreeFormat><CSValue><CSValueCode>VA4100685</CSValueCode><CSValueName>Y</CSValueName><CSValueRank>4</CSValueRank></CSValue></CSItem></CSChapter><CSChapter><CSChapterCode>CHA_0000075</CSChapterCode><CSChapterName>保修</CSChapterName><CSChapterRank>5</CSChapterRank><CSItem><CSItemCode>IT4039992</CSItemCode><CSItemName>2 年全球保修</CSItemName><CSItemRank>4</CSItemRank><CSItemIsFreeFormat>0</CSItemIsFreeFormat><CSValue><CSValueCode>VA4093403</CSValueCode><CSValueName>Y</CSValueName><CSValueRank>5</CSValueRank></CSValue></CSItem></CSChapter><CSChapter><CSChapterCode>CH4008282</CSChapterCode><CSChapterName>绿色效能</CSChapterName><CSChapterRank>6</CSChapterRank><CSItem><CSItemCode>IT4039984</CSItemCode><CSItemName>产品包装</CSItemName><CSItemRank>5</CSItemRank><CSItemIsFreeFormat>0</CSItemIsFreeFormat><CSValue><CSValueCode>VA4093374</CSValueCode><CSValueName>100% 可回收</CSValueName><CSValueRank>2</CSValueRank></CSValue></CSItem><CSItem><CSItemCode>IT4039983</CSItemCode><CSItemName>用户手册</CSItemName><CSItemRank>7</CSItemRank><CSItemIsFreeFormat>0</CSItemIsFreeFormat><CSValue><CSValueCode>VA4093373</CSValueCode><CSValueName>100%可回收纸</CSValueName><CSValueRank>7</CSValueRank></CSValue></CSItem></CSChapter><Filters><Purpose type="Comparison"><Features><Feature code="F400081658" rank="1" referenceName="Cover more in one stroke with 25% larger* steam plate"/><Feature code="F400074906" rank="2" referenceName="5 steam settings (ProTouch/comforttouch)"/><Feature code="F400083681" rank="3" referenceName="Adjustable double pole for various height settings"/><Feature code="F400082904" rank="4" referenceName="Special garment hanger - pants"/><Feature code="F400016217" rank="5" referenceName="Glove for extra protection"/><Feature code="F400081664" rank="6" referenceName="Easy de-calc function for longer product lifetime"/><Feature code="F400081663" rank="7" referenceName="Fabric brush for deeper steam penetration on thick garments"/><Feature code="F400081662" rank="8" referenceName="Large detachable water tank for easy refill anytime"/><Feature code="F400081660" rank="9" referenceName="Support accessory for crisp results achieved easily"/><Feature code="F400074913" rank="10" referenceName="Safe to use on all garments (ProTouch)"/><Feature code="F400052591" rank="11" referenceName="GC-ST - Pleats made easy"/><Feature code="F400016937" rank="12" referenceName="GC-ST-Powerful continuous steam"/></Features><CSItems><CSItem code="IT4039985" rank="1" referenceName="水垢处理 - 除垢和清洁"/><CSItem code="IT4039947" rank="2" referenceName="易于使用 - 安全适用于所有可熨烫面料"/><CSItem code="IT4040022" rank="3" referenceName="包含附件 - 毛刷"/><CSItem code="IT4039992" rank="4" referenceName="保修 - 2 年全球保修"/><CSItem code="IT4039984" rank="5" referenceName="绿色效能 - 产品包装"/><CSItem code="IT4039934" rank="6" referenceName="快速除皱 - 持续蒸汽"/><CSItem code="IT4039983" rank="7" referenceName="绿色效能 - 用户手册"/><CSItem code="IT4039933" rank="8" referenceName="快速除皱 - 功率"/><CSItem code="IT4015768" rank="9" referenceName="易于使用 - 水箱容量"/><CSItem code="IT4039940" rank="10" referenceName="快速除皱 - 加热时间"/><CSItem code="IT4040044" rank="11" referenceName="易于使用 - 分离式水箱"/><CSItem code="IT4039939" rank="12" referenceName="快速除皱 - 可调蒸汽量"/><CSItem code="IT4039938" rank="13" referenceName="快速除皱 - 可调蒸汽量"/><CSItem code="IT4040011" rank="14" referenceName="包含附件 - 防烫手套为您提供保护"/><CSItem code="IT4039936" rank="15" referenceName="快速除皱 - 垂直蒸汽"/><CSItem code="IT4040061" rank="16" referenceName="易于使用 - 集成电源插头"/><CSItem code="IT4039945" rank="17" referenceName="快速除皱 - 电压"/><CSItem code="IT4040023" rank="18" referenceName="包含附件 - 衣裤褶线夹"/><CSItem code="IT4043585" rank="19" referenceName="包含附件 - 可调节双杆衣架"/><CSItem code="IT4043586" rank="20" referenceName="包含附件 - 支撑附件"/><CSItem code="IT4043734" rank="21" referenceName="包含附件 - 带 w 形裤夹的衣架"/></CSItems></Purpose><Purpose type="Detail"><Features><Feature code="F400081658" rank="1" referenceName="Cover more in one stroke with 25% larger* steam plate"/><Feature code="F400074906" rank="2" referenceName="5 steam settings (ProTouch/comforttouch)"/><Feature code="F400083681" rank="3" referenceName="Adjustable double pole for various height settings"/><Feature code="F400082904" rank="4" referenceName="Special garment hanger - pants"/><Feature code="F400016217" rank="5" referenceName="Glove for extra protection"/><Feature code="F400081664" rank="6" referenceName="Easy de-calc function for longer product lifetime"/><Feature code="F400081663" rank="7" referenceName="Fabric brush for deeper steam penetration on thick garments"/><Feature code="F400081662" rank="8" referenceName="Large detachable water tank for easy refill anytime"/><Feature code="F400081660" rank="9" referenceName="Support accessory for crisp results achieved easily"/><Feature code="F400074913" rank="10" referenceName="Safe to use on all garments (ProTouch)"/><Feature code="F400052591" rank="11" referenceName="GC-ST - Pleats made easy"/><Feature code="F400016937" rank="12" referenceName="GC-ST-Powerful continuous steam"/></Features><CSItems><CSItem code="IT4039985" rank="1" referenceName="水垢处理 - 除垢和清洁"/><CSItem code="IT4039947" rank="2" referenceName="易于使用 - 安全适用于所有可熨烫面料"/><CSItem code="IT4040022" rank="3" referenceName="包含附件 - 毛刷"/><CSItem code="IT4039992" rank="4" referenceName="保修 - 2 年全球保修"/><CSItem code="IT4039984" rank="5" referenceName="绿色效能 - 产品包装"/><CSItem code="IT4039934" rank="6" referenceName="快速除皱 - 持续蒸汽"/><CSItem code="IT4039983" rank="7" referenceName="绿色效能 - 用户手册"/><CSItem code="IT4039933" rank="8" referenceName="快速除皱 - 功率"/><CSItem code="IT4015768" rank="9" referenceName="易于使用 - 水箱容量"/><CSItem code="IT4039940" rank="10" referenceName="快速除皱 - 加热时间"/><CSItem code="IT4040044" rank="11" referenceName="易于使用 - 分离式水箱"/><CSItem code="IT4039939" rank="12" referenceName="快速除皱 - 可调蒸汽量"/><CSItem code="IT4039938" rank="13" referenceName="快速除皱 - 可调蒸汽量"/><CSItem code="IT4040011" rank="14" referenceName="包含附件 - 防烫手套为您提供保护"/><CSItem code="IT4039936" rank="15" referenceName="快速除皱 - 垂直蒸汽"/><CSItem code="IT4040061" rank="16" referenceName="易于使用 - 集成电源插头"/><CSItem code="IT4039945" rank="17" referenceName="快速除皱 - 电压"/><CSItem code="IT4040023" rank="18" referenceName="包含附件 - 衣裤褶线夹"/><CSItem code="IT4043585" rank="19" referenceName="包含附件 - 可调节双杆衣架"/><CSItem code="IT4043586" rank="20" referenceName="包含附件 - 支撑附件"/><CSItem code="IT4043734" rank="21" referenceName="包含附件 - 带 w 形裤夹的衣架"/></CSItems></Purpose></Filters><FeatureCompareGroups/><Disclaimers><Disclaimer code="DIS40011326" rank="1" referenceName="*Compared to the predessesor model GC506"><DisclaimerText>与原有型号 GC506 相比</DisclaimerText><DisclaimElements/></Disclaimer></Disclaimers><RichTexts/></Product></Products>