<?xml version="1.0" encoding="UTF-8"?><Products xmlns:source="http://apache.org/cocoon/source/1.0" DocStatus="approved" DocTimeStamp="2018-10-24T13:07:13"><Product Country="CN" IsAccessory="false" IsMaster="false" Locale="zh_CN" lastModified="2018-10-24T05:16:14" masterLastModified="2017-05-13T00:14:12"><CTN>12336LLECOC1</CTN><Code12NC>924096817101</Code12NC><GTIN>8711500777041</GTIN><MarketingVersion>6.0.1</MarketingVersion><MarketingStatus>Final Published</MarketingStatus><CRDate>2013-12-13</CRDate><CRDateYW>201350</CRDateYW><ModelYears><ModelYear>2013</ModelYear></ModelYears><ProductDivision><ProductDivisionCode>0100</ProductDivisionCode><ProductDivisionName>Lighting</ProductDivisionName><FormerPDCode>0100</FormerPDCode></ProductDivision><ProductOwner>Marilyne Denis</ProductOwner><DTN>12336LLECOC1</DTN><Catalog><StartOfPublication>2017-06-15T00:00:00</StartOfPublication><EndOfPublication>2030-06-15T00:00:00</EndOfPublication><StartOfSales>2017-06-15T00:00:00</StartOfSales><EndOfSales>2030-06-15T00:00:00</EndOfSales><DummyPrice/><Deleted>false</Deleted><DeleteAfterDate/><ProductRank>50</ProductRank></Catalog><FinancialCategorization><BusinessGroupCode>9017</BusinessGroupCode><BusinessGroupName>Lamps and Accessoires</BusinessGroupName><BusinessUnitCode>9102</BusinessUnitCode><BusinessUnitName>Automotive Lamps</BusinessUnitName><MainArticleGroupCode>B10</MainArticleGroupCode><MainArticleGroupName>Halogen/Incandescent Headlighting</MainArticleGroupName><ArticleGroupCode>0809</ArticleGroupCode><ArticleGroupName>Halogen HL bulbs one filament ECE</ArticleGroupName></FinancialCategorization><Categorization type="CONSUMER"><GroupCode>AUTOMOTIVE_GR</GroupCode><GroupName>Automotive</GroupName><CategoryCode>CAR_LIGHTS_CA</CategoryCode><CategoryName>Car lights</CategoryName><SubcategoryCode>CAR_HEADLIGHTS_SU</SubcategoryCode><SubcategoryName>Headlights</SubcategoryName></Categorization><Assets><Asset code="12336LLECOC1" description="Leaflet" extension="pdf" lastModified="2018-07-24" locale="zh_CN" number="001" type="PSS">http://download.p4c.philips.com/files/1/12336llecoc1/12336llecoc1_pss_zhscn.pdf</Asset><Asset code="12336LLECOC1" description="Retail Trade Leaflet" extension="pdf" lastModified="2018-10-05" locale="zh_CN" number="001" type="RTL">http://download.p4c.philips.com/files/1/12336llecoc1/12336llecoc1_rtl_zhscn.pdf</Asset><Asset code="12336LLECOC1" description="Leaflet" extension="pdf" lastModified="2018-07-24" locale="global" number="001" type="PSS">http://download.p4c.philips.com/files/1/12336llecoc1/12336llecoc1_pss_.pdf</Asset><Asset code="12336LLECOC1" description="Single product shot" extension="" lastModified="2018-10-24" locale="zh_CN" number="" type="IMS">http://images.philips.com/is/image/PhilipsConsumer/12336LLECOC1-IMS-zh_CN</Asset><Asset code="12336LLECOC1" description="Product gallery image set" extension="" lastModified="2018-10-24" locale="zh_CN" number="" type="GAL">http://images.philips.com/is/image/PhilipsConsumer/12336LLECOC1-GAL-zh_CN</Asset><Asset code="12336LLECOC1" description="Product URL" extension="" lastModified="2018-10-24" locale="zh_CN" number="" type="URL">http://www.philips.com.cn/c-p/12336LLECOC1/longlife-ecovision-car-headlight-bulb</Asset></Assets><ProductName>灯泡类型：H3 每包 1 个 汽车车头灯灯泡</ProductName><FullProductName>飞利浦 LongLife EcoVision 汽车车头灯灯泡 12336LLECOC1 灯泡类型：H3 每包 1 个 12 伏，55 瓦</FullProductName><NamingString><MasterBrand><BrandCode>PHI</BrandCode><BrandName>Philips</BrandName></MasterBrand><BrandString>飞利浦</BrandString><Family><FamilyCode>SB40004945</FamilyCode><FamilyName>LongLife EcoVision</FamilyName><FamilyNameUsed>1</FamilyNameUsed></Family><Descriptor><DescriptorCode>D4021102</DescriptorCode><DescriptorName>汽车车头灯灯泡</DescriptorName></Descriptor><Alphanumeric>12336LLECOC1</Alphanumeric><VersionElement1><VersionElementCode>V4043994</VersionElementCode><VersionElementName>灯泡类型：H3</VersionElementName></VersionElement1><VersionElement2><VersionElementCode>V4043913</VersionElementCode><VersionElementName>每包 1 个</VersionElementName></VersionElement2><VersionElement3><VersionElementCode>V4043920</VersionElementCode><VersionElementName>12 伏，55 瓦</VersionElementName></VersionElement3><VersionString>灯泡类型：H3 每包 1 个 12 伏，55 瓦</VersionString><BrandedFeatureString/><DescriptorBrandedFeatureString>汽车车头灯灯泡</DescriptorBrandedFeatureString></NamingString><WOW>谨慎驾驶</WOW><SubWOW>使用寿命变长，更换次数变少</SubWOW><MarketingTextHeader>是否对频繁更换车头灯灯泡感到厌烦？飞利浦 LongLife EcoVision 汽车灯泡具有加长的使用寿命，是寻求尽可能减少车辆维护工作的驾驶员的理想之选。</MarketingTextHeader><KeyBenefitArea><KeyBenefitAreaCode>K4021616</KeyBenefitAreaCode><KeyBenefitAreaName>使用寿命比普通灯泡显著延长</KeyBenefitAreaName><KeyBenefitAreaRank>1</KeyBenefitAreaRank></KeyBenefitArea><KeyBenefitArea><KeyBenefitAreaCode>K4025436</KeyBenefitAreaCode><KeyBenefitAreaName>原始设备制造商</KeyBenefitAreaName><KeyBenefitAreaRank>2</KeyBenefitAreaRank></KeyBenefitArea><KeyBenefitArea><KeyBenefitAreaCode>K4025539</KeyBenefitAreaCode><KeyBenefitAreaName>品质出众、超久耐用的汽车灯</KeyBenefitAreaName><KeyBenefitAreaRank>3</KeyBenefitAreaRank></KeyBenefitArea><CSChapter><CSChapterCode>3001177</CSChapterCode><CSChapterName>包装数据</CSChapterName><CSChapterRank>1</CSChapterRank><CSItem><CSItemCode>IT4035591</CSItemCode><CSItemName>EAN3</CSItemName><CSItemRank>1</CSItemRank><CSItemIsFreeFormat>1</CSItemIsFreeFormat><CSValue><CSValueCode>VA4082924</CSValueCode><CSValueName>8711500779366</CSValueName><CSValueRank>1</CSValueRank></CSValue></CSItem><CSItem><CSItemCode>IT4035590</CSItemCode><CSItemName>EAN1</CSItemName><CSItemRank>2</CSItemRank><CSItemIsFreeFormat>1</CSItemIsFreeFormat><CSValue><CSValueCode>VA4082922</CSValueCode><CSValueName>8711500777041</CSValueName><CSValueRank>1</CSValueRank></CSValue></CSItem><CSItem><CSItemCode>IT4000721</CSItemCode><CSItemName>包装类型</CSItemName><CSItemRank>3</CSItemRank><CSItemIsFreeFormat>0</CSItemIsFreeFormat><CSValue><CSValueCode>VA4072972</CSValueCode><CSValueName>CP</CSValueName><CSValueRank>11</CSValueRank></CSValue></CSItem></CSChapter><CSChapter><CSChapterCode>CH4006521</CSChapterCode><CSChapterName>电子特性</CSChapterName><CSChapterRank>2</CSChapterRank><CSItem><CSItemCode>IT4031552</CSItemCode><CSItemName>电压</CSItemName><CSItemRank>1</CSItemRank><CSItemIsFreeFormat>0</CSItemIsFreeFormat><CSValue><CSValueCode>VA4073723</CSValueCode><CSValueName>12</CSValueName><CSValueRank>3</CSValueRank></CSValue><UnitOfMeasure><UnitOfMeasureCode>3000071</UnitOfMeasureCode><UnitOfMeasureName>伏</UnitOfMeasureName><UnitOfMeasureSymbol>伏</UnitOfMeasureSymbol></UnitOfMeasure></CSItem><CSItem><CSItemCode>IT4031551</CSItemCode><CSItemName>额定功率</CSItemName><CSItemRank>2</CSItemRank><CSItemIsFreeFormat>0</CSItemIsFreeFormat><CSValue><CSValueCode>VA4073721</CSValueCode><CSValueName>55</CSValueName><CSValueRank>2</CSValueRank></CSValue><UnitOfMeasure><UnitOfMeasureCode>3000072</UnitOfMeasureCode><UnitOfMeasureName>瓦特</UnitOfMeasureName><UnitOfMeasureSymbol>瓦</UnitOfMeasureSymbol></UnitOfMeasure></CSItem></CSChapter><CSChapter><CSChapterCode>CH4006483</CSChapterCode><CSChapterName>寿命</CSChapterName><CSChapterRank>3</CSChapterRank><CSItem><CSItemCode>IT4031525</CSItemCode><CSItemName>寿命</CSItemName><CSItemRank>1</CSItemRank><CSItemIsFreeFormat>0</CSItemIsFreeFormat><CSValue><CSValueCode>VA4072274</CSValueCode><CSValueName>1500 小时</CSValueName><CSValueRank>12</CSValueRank></CSValue></CSItem></CSChapter><CSChapter><CSChapterCode>CH4005203</CSChapterCode><CSChapterName>灯光特征</CSChapterName><CSChapterRank>4</CSChapterRank><CSItem><CSItemCode>IT4031553</CSItemCode><CSItemName>流明</CSItemName><CSItemRank>1</CSItemRank><CSItemIsFreeFormat>0</CSItemIsFreeFormat><CSValue><CSValueCode>VA4073739</CSValueCode><CSValueName>1450</CSValueName><CSValueRank>10</CSValueRank></CSValue><UnitOfMeasure><UnitOfMeasureCode>3000051</UnitOfMeasureCode><UnitOfMeasureName>流明</UnitOfMeasureName><UnitOfMeasureSymbol>lm</UnitOfMeasureSymbol></UnitOfMeasure></CSItem></CSChapter><CSChapter><CSChapterCode>CH4006484</CSChapterCode><CSChapterName>订购信息</CSChapterName><CSChapterRank>5</CSChapterRank><CSItem><CSItemCode>IT4031526</CSItemCode><CSItemName>订单输入</CSItemName><CSItemRank>1</CSItemRank><CSItemIsFreeFormat>0</CSItemIsFreeFormat><CSValue><CSValueCode>VA4072370</CSValueCode><CSValueName>12336LLECOC1</CSValueName><CSValueRank>23</CSValueRank></CSValue></CSItem><CSItem><CSItemCode>IT4031527</CSItemCode><CSItemName>订购代码</CSItemName><CSItemRank>2</CSItemRank><CSItemIsFreeFormat>0</CSItemIsFreeFormat><CSValue><CSValueCode>VA4072693</CSValueCode><CSValueName>77704160</CSValueName><CSValueRank>26</CSValueRank></CSValue></CSItem></CSChapter><CSChapter><CSChapterCode>CH4006541</CSChapterCode><CSChapterName>外包装信息</CSChapterName><CSChapterRank>6</CSChapterRank><CSItem><CSItemCode>IT4031577</CSItemCode><CSItemName>每件毛重</CSItemName><CSItemRank>1</CSItemRank><CSItemIsFreeFormat>0</CSItemIsFreeFormat><CSValue><CSValueCode>VA4074246</CSValueCode><CSValueName>1.2</CSValueName><CSValueRank>21</CSValueRank></CSValue><UnitOfMeasure><UnitOfMeasureCode>3000049</UnitOfMeasureCode><UnitOfMeasureName>千克</UnitOfMeasureName><UnitOfMeasureSymbol>千克</UnitOfMeasureSymbol></UnitOfMeasure></CSItem><CSItem><CSItemCode>IT4031576</CSItemCode><CSItemName>高度</CSItemName><CSItemRank>2</CSItemRank><CSItemIsFreeFormat>0</CSItemIsFreeFormat><CSValue><CSValueCode>VA4074191</CSValueCode><CSValueName>18.5</CSValueName><CSValueRank>16</CSValueRank></CSValue><UnitOfMeasure><UnitOfMeasureCode>3000039</UnitOfMeasureCode><UnitOfMeasureName>厘米</UnitOfMeasureName><UnitOfMeasureSymbol>厘米</UnitOfMeasureSymbol></UnitOfMeasure></CSItem><CSItem><CSItemCode>IT4031574</CSItemCode><CSItemName>长度</CSItemName><CSItemRank>3</CSItemRank><CSItemIsFreeFormat>0</CSItemIsFreeFormat><CSValue><CSValueCode>VA4074116</CSValueCode><CSValueName>26.1</CSValueName><CSValueRank>14</CSValueRank></CSValue><UnitOfMeasure><UnitOfMeasureCode>3000039</UnitOfMeasureCode><UnitOfMeasureName>厘米</UnitOfMeasureName><UnitOfMeasureSymbol>厘米</UnitOfMeasureSymbol></UnitOfMeasure></CSItem><CSItem><CSItemCode>IT4031575</CSItemCode><CSItemName>宽度</CSItemName><CSItemRank>4</CSItemRank><CSItemIsFreeFormat>0</CSItemIsFreeFormat><CSValue><CSValueCode>VA4074151</CSValueCode><CSValueName>13.8</CSValueName><CSValueRank>7</CSValueRank></CSValue><UnitOfMeasure><UnitOfMeasureCode>3000039</UnitOfMeasureCode><UnitOfMeasureName>厘米</UnitOfMeasureName><UnitOfMeasureSymbol>厘米</UnitOfMeasureSymbol></UnitOfMeasure></CSItem></CSChapter><CSChapter><CSChapterCode>CH4006466</CSChapterCode><CSChapterName>产品描述</CSChapterName><CSChapterRank>7</CSChapterRank><CSItem><CSItemCode>IT4031508</CSItemCode><CSItemName>类型</CSItemName><CSItemRank>1</CSItemRank><CSItemIsFreeFormat>0</CSItemIsFreeFormat><CSValue><CSValueCode>VA4071815</CSValueCode><CSValueName>H3</CSValueName><CSValueRank>13</CSValueRank></CSValue></CSItem><CSItem><CSItemCode>IT4031517</CSItemCode><CSItemName>应用</CSItemName><CSItemRank>2</CSItemRank><CSItemIsFreeFormat>0</CSItemIsFreeFormat><CSValue><CSValueCode>VA4071898</CSValueCode><CSValueName>远光灯</CSValueName><CSValueRank>4</CSValueRank></CSValue></CSItem><CSItem><CSItemCode>IT4031518</CSItemCode><CSItemName>规格</CSItemName><CSItemRank>3</CSItemRank><CSItemIsFreeFormat>0</CSItemIsFreeFormat><CSValue><CSValueCode>VA4071945</CSValueCode><CSValueName>H3 LongLife EcoVision</CSValueName><CSValueRank>17</CSValueRank></CSValue></CSItem><CSItem><CSItemCode>IT4031521</CSItemCode><CSItemName>ECE 法规认证</CSItemName><CSItemRank>4</CSItemRank><CSItemIsFreeFormat>0</CSItemIsFreeFormat><CSValue><CSValueCode>VA4072195</CSValueCode><CSValueName>是</CSValueName><CSValueRank>8</CSValueRank></CSValue></CSItem><CSItem><CSItemCode>IT4031519</CSItemCode><CSItemName>范围</CSItemName><CSItemRank>5</CSItemRank><CSItemIsFreeFormat>0</CSItemIsFreeFormat><CSValue><CSValueCode>VA4072108</CSValueCode><CSValueName>恒劲光</CSValueName><CSValueRank>5</CSValueRank></CSValue></CSItem><CSItem><CSItemCode>IT4031500</CSItemCode><CSItemName>技术</CSItemName><CSItemRank>6</CSItemRank><CSItemIsFreeFormat>0</CSItemIsFreeFormat><CSValue><CSValueCode>VA4071791</CSValueCode><CSValueName>卤素灯</CSValueName><CSValueRank>6</CSValueRank></CSValue></CSItem><CSItem><CSItemCode>IT4031520</CSItemCode><CSItemName>基座</CSItemName><CSItemRank>7</CSItemRank><CSItemIsFreeFormat>0</CSItemIsFreeFormat><CSValue><CSValueCode>VA4072133</CSValueCode><CSValueName>PK22s</CSValueName><CSValueRank>24</CSValueRank></CSValue></CSItem></CSChapter><CSChapter><CSChapterCode>CH4006501</CSChapterCode><CSChapterName>包装产品信息</CSChapterName><CSChapterRank>8</CSChapterRank><CSItem><CSItemCode>IT4040439</CSItemCode><CSItemName>包装数量</CSItemName><CSItemRank>1</CSItemRank><CSItemIsFreeFormat>1</CSItemIsFreeFormat><CSValue><CSValueCode>VA4094182</CSValueCode><CSValueName>1</CSValueName><CSValueRank>1</CSValueRank></CSValue></CSItem><CSItem><CSItemCode>IT4040440</CSItemCode><CSItemName>MOQ（适用于专业人士）</CSItemName><CSItemRank>2</CSItemRank><CSItemIsFreeFormat>1</CSItemIsFreeFormat><CSValue><CSValueCode>VA4094183</CSValueCode><CSValueName>10</CSValueName><CSValueRank>1</CSValueRank></CSValue></CSItem><CSItem><CSItemCode>IT4031573</CSItemCode><CSItemName>每件毛重</CSItemName><CSItemRank>3</CSItemRank><CSItemIsFreeFormat>0</CSItemIsFreeFormat><CSValue><CSValueCode>VA4073984</CSValueCode><CSValueName>12</CSValueName><CSValueRank>22</CSValueRank></CSValue><UnitOfMeasure><UnitOfMeasureCode>4000006</UnitOfMeasureCode><UnitOfMeasureName>-克</UnitOfMeasureName><UnitOfMeasureSymbol>克</UnitOfMeasureSymbol></UnitOfMeasure></CSItem><CSItem><CSItemCode>IT4031571</CSItemCode><CSItemName>高度</CSItemName><CSItemRank>4</CSItemRank><CSItemIsFreeFormat>0</CSItemIsFreeFormat><CSValue><CSValueCode>VA4073852</CSValueCode><CSValueName>8.5</CSValueName><CSValueRank>20</CSValueRank></CSValue><UnitOfMeasure><UnitOfMeasureCode>3000039</UnitOfMeasureCode><UnitOfMeasureName>厘米</UnitOfMeasureName><UnitOfMeasureSymbol>厘米</UnitOfMeasureSymbol></UnitOfMeasure></CSItem><CSItem><CSItemCode>IT4031651</CSItemCode><CSItemName>长度</CSItemName><CSItemRank>5</CSItemRank><CSItemIsFreeFormat>0</CSItemIsFreeFormat><CSValue><CSValueCode>VA4074465</CSValueCode><CSValueName>2.5</CSValueName><CSValueRank>18</CSValueRank></CSValue><UnitOfMeasure><UnitOfMeasureCode>3000039</UnitOfMeasureCode><UnitOfMeasureName>厘米</UnitOfMeasureName><UnitOfMeasureSymbol>厘米</UnitOfMeasureSymbol></UnitOfMeasure></CSItem><CSItem><CSItemCode>IT4031572</CSItemCode><CSItemName>每件净重</CSItemName><CSItemRank>6</CSItemRank><CSItemIsFreeFormat>0</CSItemIsFreeFormat><CSValue><CSValueCode>VA4073886</CSValueCode><CSValueName>7</CSValueName><CSValueRank>25</CSValueRank></CSValue><UnitOfMeasure><UnitOfMeasureCode>4000006</UnitOfMeasureCode><UnitOfMeasureName>-克</UnitOfMeasureName><UnitOfMeasureSymbol>克</UnitOfMeasureSymbol></UnitOfMeasure></CSItem><CSItem><CSItemCode>IT4031535</CSItemCode><CSItemName>宽度</CSItemName><CSItemRank>7</CSItemRank><CSItemIsFreeFormat>0</CSItemIsFreeFormat><CSValue><CSValueCode>VA4073823</CSValueCode><CSValueName>2.5</CSValueName><CSValueRank>15</CSValueRank></CSValue><UnitOfMeasure><UnitOfMeasureCode>3000039</UnitOfMeasureCode><UnitOfMeasureName>厘米</UnitOfMeasureName><UnitOfMeasureSymbol>厘米</UnitOfMeasureSymbol></UnitOfMeasure></CSItem></CSChapter><CSChapter><CSChapterCode>CH4006461</CSChapterCode><CSChapterName>市场规格</CSChapterName><CSChapterRank>9</CSChapterRank><CSItem><CSItemCode>IT4031492</CSItemCode><CSItemName>使用效果</CSItemName><CSItemRank>1</CSItemRank><CSItemIsFreeFormat>0</CSItemIsFreeFormat><CSValue><CSValueCode>VA4071767</CSValueCode><CSValueName>持久</CSValueName><CSValueRank>1</CSValueRank></CSValue></CSItem><CSItem><CSItemCode>IT4031498</CSItemCode><CSItemName>产品亮点</CSItemName><CSItemRank>2</CSItemRank><CSItemIsFreeFormat>0</CSItemIsFreeFormat><CSValue><CSValueCode>VA4099675</CSValueCode><CSValueName>更高的使用寿命</CSValueName><CSValueRank>19</CSValueRank></CSValue></CSItem></CSChapter><Filters><Purpose type="Comparison"><Features><Feature code="F400058690" rank="1" referenceName="Change by pairs"/><Feature code="F400058687" rank="2" referenceName="Designed for multiple usage"/><Feature code="F400058848" rank="3" referenceName="Drive several times longer"/><Feature code="F400058693" rank="4" referenceName="ECE homlogation"/><Feature code="F400058694" rank="5" referenceName="High quality quartz glass"/><Feature code="F400058853" rank="6" referenceName="Reduced maintenance"/><Feature code="F400058695" rank="7" referenceName="Resistance against humidity"/><Feature code="F400058692" rank="8" referenceName="Rewarded Car lamps"/><Feature code="F400058696" rank="9" referenceName="UV Resistant"/><Feature code="F400058855" rank="10" referenceName="Reduce waste, drive greener"/><Feature code="F400082727" rank="11" referenceName="Car manufacturers' choice-are the"/><Feature code="F400082728" rank="12" referenceName="ECE homologation-Comply"/></Features><CSItems><CSItem code="IT4035591" rank="1" referenceName="包装数据 - EAN3"/><CSItem code="IT4031552" rank="1" referenceName="电子特性 - 电压"/><CSItem code="IT4031525" rank="1" referenceName="寿命 - 寿命"/><CSItem code="IT4031553" rank="1" referenceName="灯光特征 - 流明"/><CSItem code="IT4031526" rank="1" referenceName="订购信息 - 订单输入"/><CSItem code="IT4031577" rank="1" referenceName="外包装信息 - 每件毛重"/><CSItem code="IT4031508" rank="1" referenceName="产品描述 - 类型"/><CSItem code="IT4040439" rank="1" referenceName="包装产品信息 - 包装数量"/><CSItem code="IT4031492" rank="1" referenceName="市场规格 - 使用效果"/><CSItem code="IT4035590" rank="2" referenceName="包装数据 - EAN1"/><CSItem code="IT4031551" rank="2" referenceName="电子特性 - 额定功率"/><CSItem code="IT4031527" rank="2" referenceName="订购信息 - 订购代码"/><CSItem code="IT4031576" rank="2" referenceName="外包装信息 - 高度"/><CSItem code="IT4031517" rank="2" referenceName="产品描述 - 应用"/><CSItem code="IT4040440" rank="2" referenceName="包装产品信息 - MOQ（适用于专业人士）"/><CSItem code="IT4031498" rank="2" referenceName="市场规格 - 产品亮点"/><CSItem code="IT4000721" rank="3" referenceName="包装数据 - 包装类型"/><CSItem code="IT4031574" rank="3" referenceName="外包装信息 - 长度"/><CSItem code="IT4031518" rank="3" referenceName="产品描述 - 规格"/><CSItem code="IT4031573" rank="3" referenceName="包装产品信息 - 每件毛重"/><CSItem code="IT4031575" rank="4" referenceName="外包装信息 - 宽度"/><CSItem code="IT4031521" rank="4" referenceName="产品描述 - ECE 法规认证"/><CSItem code="IT4031571" rank="4" referenceName="包装产品信息 - 高度"/><CSItem code="IT4031519" rank="5" referenceName="产品描述 - 范围"/><CSItem code="IT4031651" rank="5" referenceName="包装产品信息 - 长度"/><CSItem code="IT4031500" rank="6" referenceName="产品描述 - 技术"/><CSItem code="IT4031572" rank="6" referenceName="包装产品信息 - 每件净重"/><CSItem code="IT4031520" rank="7" referenceName="产品描述 - 基座"/><CSItem code="IT4031535" rank="7" referenceName="包装产品信息 - 宽度"/></CSItems></Purpose><Purpose type="Detail"><Features><Feature code="F400058690" rank="1" referenceName="Change by pairs"/><Feature code="F400058687" rank="2" referenceName="Designed for multiple usage"/><Feature code="F400058848" rank="3" referenceName="Drive several times longer"/><Feature code="F400058693" rank="4" referenceName="ECE homlogation"/><Feature code="F400058694" rank="5" referenceName="High quality quartz glass"/><Feature code="F400058853" rank="6" referenceName="Reduced maintenance"/><Feature code="F400058695" rank="7" referenceName="Resistance against humidity"/><Feature code="F400058692" rank="8" referenceName="Rewarded Car lamps"/><Feature code="F400058696" rank="9" referenceName="UV Resistant"/><Feature code="F400058855" rank="10" referenceName="Reduce waste, drive greener"/><Feature code="F400082727" rank="11" referenceName="Car manufacturers' choice-are the"/><Feature code="F400082728" rank="12" referenceName="ECE homologation-Comply"/></Features><CSItems><CSItem code="IT4035591" rank="1" referenceName="包装数据 - EAN3"/><CSItem code="IT4031552" rank="1" referenceName="电子特性 - 电压"/><CSItem code="IT4031525" rank="1" referenceName="寿命 - 寿命"/><CSItem code="IT4031553" rank="1" referenceName="灯光特征 - 流明"/><CSItem code="IT4031526" rank="1" referenceName="订购信息 - 订单输入"/><CSItem code="IT4031577" rank="1" referenceName="外包装信息 - 每件毛重"/><CSItem code="IT4031508" rank="1" referenceName="产品描述 - 类型"/><CSItem code="IT4040439" rank="1" referenceName="包装产品信息 - 包装数量"/><CSItem code="IT4031492" rank="1" referenceName="市场规格 - 使用效果"/><CSItem code="IT4035590" rank="2" referenceName="包装数据 - EAN1"/><CSItem code="IT4031551" rank="2" referenceName="电子特性 - 额定功率"/><CSItem code="IT4031527" rank="2" referenceName="订购信息 - 订购代码"/><CSItem code="IT4031576" rank="2" referenceName="外包装信息 - 高度"/><CSItem code="IT4031517" rank="2" referenceName="产品描述 - 应用"/><CSItem code="IT4040440" rank="2" referenceName="包装产品信息 - MOQ（适用于专业人士）"/><CSItem code="IT4031498" rank="2" referenceName="市场规格 - 产品亮点"/><CSItem code="IT4000721" rank="3" referenceName="包装数据 - 包装类型"/><CSItem code="IT4031574" rank="3" referenceName="外包装信息 - 长度"/><CSItem code="IT4031518" rank="3" referenceName="产品描述 - 规格"/><CSItem code="IT4031573" rank="3" referenceName="包装产品信息 - 每件毛重"/><CSItem code="IT4031575" rank="4" referenceName="外包装信息 - 宽度"/><CSItem code="IT4031521" rank="4" referenceName="产品描述 - ECE 法规认证"/><CSItem code="IT4031571" rank="4" referenceName="包装产品信息 - 高度"/><CSItem code="IT4031519" rank="5" referenceName="产品描述 - 范围"/><CSItem code="IT4031651" rank="5" referenceName="包装产品信息 - 长度"/><CSItem code="IT4031500" rank="6" referenceName="产品描述 - 技术"/><CSItem code="IT4031572" rank="6" referenceName="包装产品信息 - 每件净重"/><CSItem code="IT4031520" rank="7" referenceName="产品描述 - 基座"/><CSItem code="IT4031535" rank="7" referenceName="包装产品信息 - 宽度"/></CSItems></Purpose></Filters><FeatureCompareGroups/><Disclaimers/><RichTexts/></Product></Products>