<?xml version="1.0" encoding="UTF-8"?><Products xmlns:source="http://apache.org/cocoon/source/1.0" DocStatus="approved" DocTimeStamp="2018-10-23T10:49:56"><Product Country="US" IsAccessory="false" IsMaster="false" Locale="en_US" lastModified="2018-10-23T04:30:06" masterLastModified="2018-06-29T00:38:12"><CTN>SCF555/22</CTN><GTIN>00075020065872</GTIN><MarketingVersion>6.0.1</MarketingVersion><MarketingStatus>Final Published</MarketingStatus><CRDate>2016-11-04</CRDate><CRDateYW>201645</CRDateYW><ModelYears><ModelYear>2016</ModelYear></ModelYears><ProductDivision><ProductDivisionCode>0200</ProductDivisionCode><ProductDivisionName>Consumer Lifestyle</ProductDivisionName><FormerPDCode>0300</FormerPDCode></ProductDivision><ProductOwner>Ulrike Krisch</ProductOwner><DTN>SCF555/22</DTN><Catalog><StartOfPublication>2016-12-04T00:00:00</StartOfPublication><EndOfPublication>2020-12-04T00:00:00</EndOfPublication><StartOfSales>2016-12-04T00:00:00</StartOfSales><EndOfSales>2020-12-04T00:00:00</EndOfSales><DummyPrice>7.49</DummyPrice><Deleted>false</Deleted><DeleteAfterDate/><ProductRank>50</ProductRank></Catalog><FinancialCategorization><BusinessGroupCode>9050</BusinessGroupCode><BusinessGroupName>Health &amp; Wellness</BusinessGroupName><BusinessUnitCode>0362</BusinessUnitCode><BusinessUnitName>Mother &amp; Child Care</BusinessUnitName><MainArticleGroupCode>O36</MainArticleGroupCode><MainArticleGroupName>Toddler Drinking Solutions</MainArticleGroupName><ArticleGroupCode>3190</ArticleGroupCode><ArticleGroupName>Cups</ArticleGroupName></FinancialCategorization><Categorization type="CONSUMER"><GroupCode>MOTHER_AND_CHILD_CARE_GR</GroupCode><GroupName>Mother &amp; child care</GroupName><CategoryCode>TODDLER_SIPPY_CUPS_CA</CategoryCode><CategoryName>Toddler sippy cups</CategoryName><SubcategoryCode>SPOUT_CUPS_SU</SubcategoryCode><SubcategoryName>Spout cups</SubcategoryName></Categorization><Assets><Asset code="SCF555_22" description="User manual" extension="pdf" lastModified="2016-11-29" locale="en_US" number="001" type="DFU">http://download.p4c.philips.com/files/s/scf555_22/scf555_22_dfu_aen.pdf</Asset><Asset code="SCF555_22" description="High Quality product movie 1" extension="mp4" lastModified="2016-10-31" locale="en_US" number="001" type="HQ1">http://download.p4c.philips.com/files/s/scf555_22/scf555_22_hq1_aen.mp4</Asset><Asset code="SCF555_22" description="Leaflet" extension="pdf" lastModified="2018-10-21" locale="en_US" number="001" type="PSS">http://download.p4c.philips.com/files/s/scf555_22/scf555_22_pss_aenus.pdf</Asset><Asset code="SCF555_22" description="Retail Trade Leaflet" extension="pdf" lastModified="2018-10-22" locale="en_US" number="001" type="RTL">http://download.p4c.philips.com/files/s/scf555_22/scf555_22_rtl_aenus.pdf</Asset><Asset code="SCF555_22" description="Alternative product photograph 1 - highres 2196x1795" extension="tif" lastModified="2016-10-31" locale="global" number="001" type="A1P">http://images.philips.com/is/image/PhilipsConsumer/SCF555_22-A1P-global-001</Asset><Asset code="SCF555_22" description="Alternative product photograph 2 - highres 2196x1795" extension="tif" lastModified="2016-10-31" locale="global" number="001" type="A2P">http://images.philips.com/is/image/PhilipsConsumer/SCF555_22-A2P-global-001</Asset><Asset code="SCF555_22" description="Main in-use photograph - highres 2480x1462" extension="tif" lastModified="2016-10-31" locale="global" number="001" type="MI1">http://images.philips.com/is/image/PhilipsConsumer/SCF555_22-MI1-global-001</Asset><Asset code="SCF555_22" description="Leaflet" extension="pdf" lastModified="2018-08-16" locale="global" number="001" type="PSS">http://download.p4c.philips.com/files/s/scf555_22/scf555_22_pss_.pdf</Asset><Asset code="SCF555_22" description="Standard product photograph - highres 2196x1795" extension="tif" lastModified="2016-10-31" locale="global" number="001" type="RTP">http://images.philips.com/is/image/PhilipsConsumer/SCF555_22-RTP-global-001</Asset><Asset code="SCF555_22" description="Product In Use 1 - highres 2196x1795" extension="tif" lastModified="2018-04-16" locale="global" number="001" type="U1P">http://images.philips.com/is/image/PhilipsConsumer/SCF555_22-U1P-global-001</Asset><Asset code="SCF555_22" description="Single product shot" extension="" lastModified="2018-10-23" locale="en_US" number="" type="IMS">http://images.philips.com/is/image/PhilipsConsumer/SCF555_22-IMS-en_US</Asset><Asset code="SCF555_22" description="Product gallery image set" extension="" lastModified="2018-10-23" locale="en_US" number="" type="GAL">http://images.philips.com/is/image/PhilipsConsumer/SCF555_22-GAL-en_US</Asset><Asset code="SCF555_22" description="Product URL" extension="" lastModified="2018-10-23" locale="en_US" number="" type="URL">http://www.usa.philips.com/c-p/SCF555_22/avent-spout-cup</Asset><Asset code="AVE" description="Brand logo - highres 1476x886" extension="jpg" lastModified="2008-08-06" locale="global" number="001" type="BRP">http://images.philips.com/is/image/PhilipsConsumer/AVE-BRP-global-001</Asset><Asset code="F400067158" description="Feature photograph - highres 2100x1170" extension="tif" lastModified="2014-08-07" locale="global" number="001" type="FIL">http://images.philips.com/is/image/PhilipsConsumer/F400067158-FIL-global-001</Asset><Asset code="F400074301" description="Feature photograph - highres 2100x1170" extension="tif" lastModified="2015-06-25" locale="global" number="001" type="FIL">http://images.philips.com/is/image/PhilipsConsumer/F400074301-FIL-global-001</Asset><Asset code="F400074302" description="Feature photograph - highres 2100x1170" extension="tif" lastModified="2015-06-26" locale="global" number="001" type="FIL">http://images.philips.com/is/image/PhilipsConsumer/F400074302-FIL-global-001</Asset><Asset code="F400074526" description="Feature photograph - highres 2100x1170" extension="tif" lastModified="2018-08-14" locale="global" number="001" type="FIL">http://images.philips.com/is/image/PhilipsConsumer/F400074526-FIL-global-001</Asset><Asset code="F400074526" description="Feature movie activation image big - 640 x 360" extension="jpg" lastModified="2016-05-04" locale="global" number="001" type="FMB">http://images.philips.com/is/image/PhilipsConsumer/F400074526-FMB-global-001</Asset><Asset code="F400074526" description="Feature movie (with spoken or written text)" extension="flv" lastModified="2016-04-11" locale="en_US" number="001" type="FML">F400074526-FML-en_US-001.flv</Asset><Asset code="PHI" description="Brand logo - highres 1476x886" extension="tif" lastModified="2016-02-18" locale="global" number="001" type="BRP">http://images.philips.com/is/image/PhilipsConsumer/PHI-BRP-global-001</Asset></Assets><ProductName>My sip n click cup 12oz/340ml 12m+ Spout Cup</ProductName><FullProductName>Philips Avent Spout Cup SCF555/22 My sip n click cup 12oz/340ml 12m+ 2-pack</FullProductName><NamingString><MasterBrand><BrandCode>PHI</BrandCode><BrandName>Philips</BrandName></MasterBrand><Partner><PartnerBrand><BrandCode>AVE</BrandCode><BrandName>Avent</BrandName></PartnerBrand><PartnerBrandType>MakersMark</PartnerBrandType></Partner><BrandString>Philips Avent</BrandString><Descriptor><DescriptorCode>D4010967</DescriptorCode><DescriptorName>Spout Cup</DescriptorName></Descriptor><Alphanumeric>SCF555/22</Alphanumeric><VersionElement1><VersionElementCode>V4040256</VersionElementCode><VersionElementName>My sip n click cup</VersionElementName></VersionElement1><VersionElement2><VersionElementCode>V4033704</VersionElementCode><VersionElementName>12oz/340ml</VersionElementName></VersionElement2><VersionElement3><VersionElementCode>V4005448</VersionElementCode><VersionElementName>12m+</VersionElementName></VersionElement3><VersionElement4><VersionElementCode>V4006231</VersionElementCode><VersionElementName>2-pack</VersionElementName></VersionElement4><VersionString>My sip n click cup 12oz/340ml 12m+ 2-pack</VersionString><BrandedFeatureString/><DescriptorBrandedFeatureString>Spout Cup</DescriptorBrandedFeatureString></NamingString><WOW>Snap-top lid keeps spout clean on the go</WOW><SubWOW>Sippy cup with soft spout for easy drinking</SubWOW><MarketingTextHeader>This BPA-free cup features a snap-top lid for hygienic drinking and leak-free transport. The leak-proof technology in the soft silicone spout means liquid only comes out when pressure is applied to it, ensuring mess-free drinking.</MarketingTextHeader><KeyBenefitArea><KeyBenefitAreaCode>K4031434</KeyBenefitAreaCode><KeyBenefitAreaName>Leak-proof technology</KeyBenefitAreaName><KeyBenefitAreaRank>1</KeyBenefitAreaRank><Feature><FeatureCode>F400074301</FeatureCode><FeatureReferenceName>Leak-proof technology</FeatureReferenceName><FeatureName>Leak-proof technology</FeatureName><FeatureLongDescription>Built in valve for spill free drinking</FeatureLongDescription><FeatureGlossary>The silicone spout features a valve which blocks liquid from flowing out, unless the spout is being activated.</FeatureGlossary><FeatureRank>1</FeatureRank><FeatureTopRank>2</FeatureTopRank></Feature><Feature><FeatureCode>F400074302</FeatureCode><FeatureReferenceName>Snap-top SCF555</FeatureReferenceName><FeatureName>Snap-top lid</FeatureName><FeatureLongDescription>Snap-top lid keeps spout clean</FeatureLongDescription><FeatureGlossary>Snap-top lid keeps spout clean and ensures no leaking, especially while on the go.</FeatureGlossary><FeatureRank>2</FeatureRank><FeatureTopRank>4</FeatureTopRank></Feature></KeyBenefitArea><KeyBenefitArea><KeyBenefitAreaCode>K4028478</KeyBenefitAreaCode><KeyBenefitAreaName>Easy to drink</KeyBenefitAreaName><KeyBenefitAreaRank>2</KeyBenefitAreaRank><Feature><FeatureCode>F400074300</FeatureCode><FeatureReferenceName>Slim shape SCF555</FeatureReferenceName><FeatureName>Slim shape</FeatureName><FeatureLongDescription>Slim shape for steady grip</FeatureLongDescription><FeatureGlossary>Slim container shape for steady grip and easy storage</FeatureGlossary><FeatureRank>4</FeatureRank><FeatureTopRank>3</FeatureTopRank></Feature><Feature><FeatureCode>F400067158</FeatureCode><FeatureReferenceName>Easy drinking (cup)</FeatureReferenceName><FeatureName>Easy drinking</FeatureName><FeatureLongDescription>Soft silicone spout for easy drinking</FeatureLongDescription><FeatureGlossary>The one-piece silicone spout is easy to drink from: liquid starts flowing when pressure is applied to the spout.</FeatureGlossary><FeatureRank>3</FeatureRank><FeatureTopRank>5</FeatureTopRank></Feature></KeyBenefitArea><KeyBenefitArea><KeyBenefitAreaCode>KBA_0000013</KeyBenefitAreaCode><KeyBenefitAreaName>Easy to clean</KeyBenefitAreaName><KeyBenefitAreaRank>3</KeyBenefitAreaRank><Feature><FeatureCode>F400067043</FeatureCode><FeatureReferenceName>One piece spout (Entry)</FeatureReferenceName><FeatureName>One piece spout</FeatureName><FeatureLongDescription>One piece silicone spout for easy assembly</FeatureLongDescription><FeatureGlossary>The valve is built into the spout, ensuring assembly is fast and hassle free.</FeatureGlossary><FeatureRank>7</FeatureRank><FeatureTopRank>6</FeatureTopRank></Feature></KeyBenefitArea><KeyBenefitArea><KeyBenefitAreaCode>K4018674</KeyBenefitAreaCode><KeyBenefitAreaName>Other benefits</KeyBenefitAreaName><KeyBenefitAreaRank>4</KeyBenefitAreaRank><Feature><FeatureCode>F400067159</FeatureCode><FeatureReferenceName>BPA free (Entry cup)</FeatureReferenceName><FeatureName>BPA free</FeatureName><FeatureLongDescription>This sippy cup is made from BPA free material</FeatureLongDescription><FeatureRank>5</FeatureRank><FeatureTopRank>1</FeatureTopRank></Feature><Feature><FeatureCode>F400074526</FeatureCode><FeatureReferenceName>Philips Avent compatibility (SCF555)</FeatureReferenceName><FeatureName>Philips Avent compatibility</FeatureName><FeatureLongDescription>Compatible with Philips Avent bottles and cups</FeatureLongDescription><FeatureGlossary>All Philips Avent bottles and cups are compatible excluding the glass bottles and the My First Big Kid Cups. So you can mixand match to create the perfect cup, suiting your toddler's individual development needs.</FeatureGlossary><FeatureRank>6</FeatureRank><FeatureTopRank>7</FeatureTopRank></Feature></KeyBenefitArea><FeatureImage><FeatureCode>F400067159</FeatureCode><FeatureReferenceName>BPA free (Entry cup)</FeatureReferenceName><FeatureImageRank>1</FeatureImageRank></FeatureImage><FeatureImage><FeatureCode>F400074301</FeatureCode><FeatureReferenceName>Leak-proof technology</FeatureReferenceName><FeatureImageRank>2</FeatureImageRank></FeatureImage><FeatureImage><FeatureCode>F400074300</FeatureCode><FeatureReferenceName>Slim shape SCF555</FeatureReferenceName><FeatureImageRank>3</FeatureImageRank></FeatureImage><FeatureImage><FeatureCode>F400074302</FeatureCode><FeatureReferenceName>Snap-top SCF555</FeatureReferenceName><FeatureImageRank>4</FeatureImageRank></FeatureImage><FeatureImage><FeatureCode>F400067158</FeatureCode><FeatureReferenceName>Easy drinking (cup)</FeatureReferenceName><FeatureImageRank>5</FeatureImageRank></FeatureImage><FeatureImage><FeatureCode>F400067043</FeatureCode><FeatureReferenceName>One piece spout (Entry)</FeatureReferenceName><FeatureImageRank>6</FeatureImageRank></FeatureImage><FeatureImage><FeatureCode>F400074526</FeatureCode><FeatureReferenceName>Philips Avent compatibility (SCF555)</FeatureReferenceName><FeatureImageRank>7</FeatureImageRank></FeatureImage><FeatureHighlight><FeatureCode>F400067159</FeatureCode><FeatureReferenceName>BPA free (Entry cup)</FeatureReferenceName><FeatureHighlightRank>1</FeatureHighlightRank></FeatureHighlight><FeatureHighlight><FeatureCode>F400074301</FeatureCode><FeatureReferenceName>Leak-proof technology</FeatureReferenceName><FeatureHighlightRank>2</FeatureHighlightRank></FeatureHighlight><FeatureHighlight><FeatureCode>F400074300</FeatureCode><FeatureReferenceName>Slim shape SCF555</FeatureReferenceName><FeatureHighlightRank>3</FeatureHighlightRank></FeatureHighlight><FeatureHighlight><FeatureCode>F400074302</FeatureCode><FeatureReferenceName>Snap-top SCF555</FeatureReferenceName><FeatureHighlightRank>4</FeatureHighlightRank></FeatureHighlight><FeatureHighlight><FeatureCode>F400067158</FeatureCode><FeatureReferenceName>Easy drinking (cup)</FeatureReferenceName><FeatureHighlightRank>5</FeatureHighlightRank></FeatureHighlight><FeatureHighlight><FeatureCode>F400067043</FeatureCode><FeatureReferenceName>One piece spout (Entry)</FeatureReferenceName><FeatureHighlightRank>6</FeatureHighlightRank></FeatureHighlight><FeatureHighlight><FeatureCode>F400074526</FeatureCode><FeatureReferenceName>Philips Avent compatibility (SCF555)</FeatureReferenceName><FeatureHighlightRank>7</FeatureHighlightRank></FeatureHighlight><CSChapter><CSChapterCode>CHA_0000106</CSChapterCode><CSChapterName>What is included</CSChapterName><CSChapterRank>1</CSChapterRank><CSItem><CSItemCode>IT4015378</CSItemCode><CSItemName>Cup (340ml/ 12oz)</CSItemName><CSItemRank>16</CSItemRank><CSItemIsFreeFormat>1</CSItemIsFreeFormat><CSValue><CSValueCode>VA4030829</CSValueCode><CSValueName>2</CSValueName><CSValueRank>1</CSValueRank></CSValue><UnitOfMeasure><UnitOfMeasureCode>4000023</UnitOfMeasureCode><UnitOfMeasureName>-Pieces</UnitOfMeasureName><UnitOfMeasureSymbol>pcs</UnitOfMeasureSymbol></UnitOfMeasure></CSItem><CSItem><CSItemCode>IT4035347</CSItemCode><CSItemName>Silicone spout</CSItemName><CSItemRank>19</CSItemRank><CSItemIsFreeFormat>1</CSItemIsFreeFormat><CSValue><CSValueCode>VA4082200</CSValueCode><CSValueName>2</CSValueName><CSValueRank>1</CSValueRank></CSValue><UnitOfMeasure><UnitOfMeasureCode>4000023</UnitOfMeasureCode><UnitOfMeasureName>-Pieces</UnitOfMeasureName><UnitOfMeasureSymbol>pcs</UnitOfMeasureSymbol></UnitOfMeasure></CSItem><CSItem><CSItemCode>IT4035348</CSItemCode><CSItemName>Spout cup</CSItemName><CSItemRank>20</CSItemRank><CSItemIsFreeFormat>1</CSItemIsFreeFormat><CSValue><CSValueCode>VA4082201</CSValueCode><CSValueName>Polypropylene, silicone rubber</CSValueName><CSValueRank>1</CSValueRank></CSValue></CSItem><CSItem><CSItemCode>IT4035349</CSItemCode><CSItemName>Hygene cap</CSItemName><CSItemRank>21</CSItemRank><CSItemIsFreeFormat>1</CSItemIsFreeFormat><CSValue><CSValueCode>VA4082202</CSValueCode><CSValueName>2</CSValueName><CSValueRank>1</CSValueRank></CSValue><UnitOfMeasure><UnitOfMeasureCode>4000023</UnitOfMeasureCode><UnitOfMeasureName>-Pieces</UnitOfMeasureName><UnitOfMeasureSymbol>pcs</UnitOfMeasureSymbol></UnitOfMeasure></CSItem></CSChapter><CSChapter><CSChapterCode>CH4001529</CSChapterCode><CSChapterName>Development stages</CSChapterName><CSChapterRank>2</CSChapterRank><CSItem><CSItemCode>IT4008016</CSItemCode><CSItemName>Stages</CSItemName><CSItemRank>3</CSItemRank><CSItemIsFreeFormat>0</CSItemIsFreeFormat><CSValue><CSValueCode>VA4030833</CSValueCode><CSValueName>12-18 months+</CSValueName><CSValueRank>11</CSValueRank></CSValue></CSItem></CSChapter><CSChapter><CSChapterCode>CHA_0000021</CSChapterCode><CSChapterName>Country of origin</CSChapterName><CSChapterRank>3</CSChapterRank><CSItem><CSItemCode>S_0002286</CSItemCode><CSItemName>China</CSItemName><CSItemRank>4</CSItemRank><CSItemIsFreeFormat>0</CSItemIsFreeFormat><CSValue><CSValueCode>VA4010920</CSValueCode><CSValueName>Yes</CSValueName><CSValueRank>3</CSValueRank></CSValue></CSItem></CSChapter><CSChapter><CSChapterCode>CHA_0000004</CSChapterCode><CSChapterName>Weight and dimensions</CSChapterName><CSChapterRank>4</CSChapterRank><CSItem><CSItemCode>S_0000389</CSItemCode><CSItemName>F-box dimensions</CSItemName><CSItemRank>7</CSItemRank><CSItemIsFreeFormat>1</CSItemIsFreeFormat><CSValue><CSValueCode>VA4007358</CSValueCode><CSValueName>76 (D) X 185 (W) X 216 (H)</CSValueName><CSValueRank>1</CSValueRank></CSValue><UnitOfMeasure><UnitOfMeasureCode>3000058</UnitOfMeasureCode><UnitOfMeasureName>millimeter</UnitOfMeasureName><UnitOfMeasureSymbol>mm</UnitOfMeasureSymbol></UnitOfMeasure></CSItem><CSItem><CSItemCode>S_0000387</CSItemCode><CSItemName>Net product dimensions excl. attachments</CSItemName><CSItemRank>10</CSItemRank><CSItemIsFreeFormat>1</CSItemIsFreeFormat><CSValue><CSValueCode>VA4007356</CSValueCode><CSValueName>76 (D) X 100 (W) X 170 (H)</CSValueName><CSValueRank>1</CSValueRank></CSValue><UnitOfMeasure><UnitOfMeasureCode>3000058</UnitOfMeasureCode><UnitOfMeasureName>millimeter</UnitOfMeasureName><UnitOfMeasureSymbol>mm</UnitOfMeasureSymbol></UnitOfMeasure></CSItem><CSItem><CSItemCode>S_0000528</CSItemCode><CSItemName>Product weight</CSItemName><CSItemRank>14</CSItemRank><CSItemIsFreeFormat>1</CSItemIsFreeFormat><CSValue><CSValueCode>VA4007455</CSValueCode><CSValueName>0.117</CSValueName><CSValueRank>1</CSValueRank></CSValue><UnitOfMeasure><UnitOfMeasureCode>3000049</UnitOfMeasureCode><UnitOfMeasureName>kilogram</UnitOfMeasureName><UnitOfMeasureSymbol>kg</UnitOfMeasureSymbol></UnitOfMeasure></CSItem></CSChapter><CSChapter><CSChapterCode>3000815</CSChapterCode><CSChapterName>Accessories</CSChapterName><CSChapterRank>5</CSChapterRank><CSItem><CSItemCode>IT4031891</CSItemCode><CSItemName>Replacement part</CSItemName><CSItemRank>1</CSItemRank><CSItemIsFreeFormat>0</CSItemIsFreeFormat><CSValue><CSValueCode>VA4082048</CSValueCode><CSValueName>Replacement spout SCF246</CSValueName><CSValueRank>6</CSValueRank></CSValue></CSItem></CSChapter><Filters><Purpose type="Comparison"><Features><Feature code="F400067159" rank="1" referenceName="BPA free (Entry cup)"/><Feature code="F400074301" rank="2" referenceName="Leak-proof technology"/><Feature code="F400074300" rank="3" referenceName="Slim shape SCF555"/><Feature code="F400074302" rank="4" referenceName="Snap-top SCF555"/><Feature code="F400067158" rank="5" referenceName="Easy drinking (cup)"/><Feature code="F400067043" rank="6" referenceName="One piece spout (Entry)"/><Feature code="F400074526" rank="7" referenceName="Philips Avent compatibility (SCF555)"/></Features><CSItems><CSItem code="IT4031891" rank="1" referenceName="Accessories - Replacement part"/><CSItem code="IT4008016" rank="3" referenceName="Development stages - Stages"/><CSItem code="S_0002286" rank="4" referenceName="Country of origin - China"/><CSItem code="S_0000389" rank="7" referenceName="Weight and dimensions - F-box dimensions"/><CSItem code="S_0000387" rank="10" referenceName="Weight and dimensions - Net product dimensions excl. attachments"/><CSItem code="S_0000528" rank="14" referenceName="Weight and dimensions - Product weight"/><CSItem code="IT4015378" rank="16" referenceName="What is included - Cup (340ml/ 12oz)"/><CSItem code="IT4035347" rank="19" referenceName="What is included - Silicone spout"/><CSItem code="IT4035348" rank="20" referenceName="What is included - Spout cup"/><CSItem code="IT4035349" rank="21" referenceName="What is included - Hygene cap"/></CSItems></Purpose><Purpose type="Detail"><Features><Feature code="F400067159" rank="1" referenceName="BPA free (Entry cup)"/><Feature code="F400074301" rank="2" referenceName="Leak-proof technology"/><Feature code="F400074300" rank="3" referenceName="Slim shape SCF555"/><Feature code="F400074302" rank="4" referenceName="Snap-top SCF555"/><Feature code="F400067158" rank="5" referenceName="Easy drinking (cup)"/><Feature code="F400067043" rank="6" referenceName="One piece spout (Entry)"/><Feature code="F400074526" rank="7" referenceName="Philips Avent compatibility (SCF555)"/></Features><CSItems><CSItem code="IT4031891" rank="1" referenceName="Accessories - Replacement part"/><CSItem code="IT4008016" rank="3" referenceName="Development stages - Stages"/><CSItem code="S_0002286" rank="4" referenceName="Country of origin - China"/><CSItem code="S_0000389" rank="7" referenceName="Weight and dimensions - F-box dimensions"/><CSItem code="S_0000387" rank="10" referenceName="Weight and dimensions - Net product dimensions excl. attachments"/><CSItem code="S_0000528" rank="14" referenceName="Weight and dimensions - Product weight"/><CSItem code="IT4015378" rank="16" referenceName="What is included - Cup (340ml/ 12oz)"/><CSItem code="IT4035347" rank="19" referenceName="What is included - Silicone spout"/><CSItem code="IT4035348" rank="20" referenceName="What is included - Spout cup"/><CSItem code="IT4035349" rank="21" referenceName="What is included - Hygene cap"/></CSItems></Purpose></Filters><FeatureCompareGroups/><Disclaimers/><RichTexts/></Product></Products>