<?xml version="1.0" encoding="UTF-8"?><Products xmlns:source="http://apache.org/cocoon/source/1.0" DocStatus="approved" DocTimeStamp="2018-10-23T10:49:56"><Product Country="US" IsAccessory="false" IsMaster="false" Locale="en_US" lastModified="2018-10-23T04:30:06" masterLastModified="2018-06-29T00:38:12"><CTN>HX9903/21</CTN><GTIN>00075020064394</GTIN><MarketingVersion>13.1.1</MarketingVersion><MarketingStatus>Final Published</MarketingStatus><CRDate>2016-11-11</CRDate><CRDateYW>201646</CRDateYW><ModelYears><ModelYear>2017</ModelYear></ModelYears><ProductDivision><ProductDivisionCode>0200</ProductDivisionCode><ProductDivisionName>Consumer Lifestyle</ProductDivisionName><FormerPDCode>0300</FormerPDCode></ProductDivision><ProductOwner>Ovgu Tok</ProductOwner><DTN>HX9903/21</DTN><Catalog><StartOfPublication>2017-07-07T00:00:00</StartOfPublication><EndOfPublication>2027-12-11T00:00:00</EndOfPublication><StartOfSales>2017-07-07T00:00:00</StartOfSales><EndOfSales>2027-12-11T00:00:00</EndOfSales><DummyPrice>229.99</DummyPrice><Deleted>false</Deleted><DeleteAfterDate/><ProductRank>50</ProductRank></Catalog><FinancialCategorization><BusinessGroupCode>9050</BusinessGroupCode><BusinessGroupName>Health &amp; Wellness</BusinessGroupName><BusinessUnitCode>0331</BusinessUnitCode><BusinessUnitName>Philips Oral Healthcare</BusinessUnitName><MainArticleGroupCode>E10</MainArticleGroupCode><MainArticleGroupName>Rech. Toothbrushes</MainArticleGroupName><ArticleGroupCode>8180</ArticleGroupCode><ArticleGroupName>Premium - Shanghai</ArticleGroupName></FinancialCategorization><Categorization type="CONSUMER"><GroupCode>PERSONAL_CARE_GR</GroupCode><GroupName>Personal care</GroupName><CategoryCode>TOOTHBRUSHES_CA</CategoryCode><CategoryName>Electric toothbrushes</CategoryName><SubcategoryCode>DIAMONDCLEAN_SMART_SU</SubcategoryCode><SubcategoryName>DiamondClean Smart</SubcategoryName></Categorization><Assets><Asset code="HX9903_21" description="User manual" extension="pdf" lastModified="2017-04-10" locale="en_US" number="001" type="DFU">http://download.p4c.philips.com/files/h/hx9903_21/hx9903_21_dfu_aen.pdf</Asset><Asset code="HX9903_21" description="High Quality product movie 1" extension="mp4" lastModified="2017-06-28" locale="en_US" number="001" type="HQ1">http://download.p4c.philips.com/files/h/hx9903_21/hx9903_21_hq1_aen.mp4</Asset><Asset code="HX9903_21" description="High Quality product movie 2" extension="mp4" lastModified="2017-04-24" locale="en_US" number="001" type="HQ2">http://download.p4c.philips.com/files/h/hx9903_21/hx9903_21_hq2_aen.mp4</Asset><Asset code="HX9903_21" description="Leaflet" extension="pdf" lastModified="2018-07-06" locale="en_US" number="001" type="PSS">http://download.p4c.philips.com/files/h/hx9903_21/hx9903_21_pss_aenus.pdf</Asset><Asset code="HX9903_21" description="Retail Trade Leaflet" extension="pdf" lastModified="2018-07-15" locale="en_US" number="001" type="RTL">http://download.p4c.philips.com/files/h/hx9903_21/hx9903_21_rtl_aenus.pdf</Asset><Asset code="HX9903_21" description="Alternative product photograph 1 - highres 2196x1795" extension="tif" lastModified="2017-01-05" locale="global" number="001" type="A1P">http://images.philips.com/is/image/PhilipsConsumer/HX9903_21-A1P-global-001</Asset><Asset code="HX9903_21" description="Alternative product photograph - highres 2196x1795" extension="tif" lastModified="2017-03-03" locale="global" number="001" type="APP">http://images.philips.com/is/image/PhilipsConsumer/HX9903_21-APP-global-001</Asset><Asset code="HX9903_21" description="Emotional benefit photograph - highres 514x514" extension="tif" lastModified="2018-03-17" locale="global" number="001" type="BPP">http://images.philips.com/is/image/PhilipsConsumer/HX9903_21-BPP-global-001</Asset><Asset code="HX9903_21" description="Product detail 1 - highres 2196x1795" extension="tif" lastModified="2017-01-03" locale="global" number="001" type="D1P">http://images.philips.com/is/image/PhilipsConsumer/HX9903_21-D1P-global-001</Asset><Asset code="HX9903_21" description="Product detail 2 - highres 2196x1795" extension="tif" lastModified="2017-01-03" locale="global" number="001" type="D2P">http://images.philips.com/is/image/PhilipsConsumer/HX9903_21-D2P-global-001</Asset><Asset code="HX9903_21" description="Main in-use photograph - highres 2480x1462" extension="tif" lastModified="2017-03-05" locale="global" number="001" type="MI1">http://images.philips.com/is/image/PhilipsConsumer/HX9903_21-MI1-global-001</Asset><Asset code="HX9903_21" description="Product 3D" extension="zip" lastModified="2018-02-14" locale="global" number="001" type="P3D">http://images.philips.com/is/image/PhilipsConsumer/HX9903_21-P3D-global</Asset><Asset code="HX9903_21" description="Product 360 video" extension="flv" lastModified="2018-02-14" locale="global" number="001" type="P3F">http://images.philips.com/is/image/PhilipsConsumer/HX9903_21-P3F-global-001</Asset><Asset code="HX9903_21" description="Leaflet" extension="pdf" lastModified="2018-07-11" locale="global" number="001" type="PSS">http://download.p4c.philips.com/files/h/hx9903_21/hx9903_21_pss_.pdf</Asset><Asset code="HX9903_21" description="Standard product photograph - highres 2196x1795" extension="tif" lastModified="2017-05-15" locale="global" number="001" type="RTP">http://images.philips.com/is/image/PhilipsConsumer/HX9903_21-RTP-global-001</Asset><Asset code="HX9903_21" description="Product In Use 1 - highres 2196x1795" extension="tif" lastModified="2018-04-12" locale="global" number="001" type="U1P">http://images.philips.com/is/image/PhilipsConsumer/HX9903_21-U1P-global-001</Asset><Asset code="HX9903_21" description="Product In Use 2 - highres 2196x1795" extension="tif" lastModified="2018-03-23" locale="global" number="001" type="U2P">http://images.philips.com/is/image/PhilipsConsumer/HX9903_21-U2P-global-001</Asset><Asset code="HX9903_21" description="Single product shot" extension="" lastModified="2018-10-23" locale="en_US" number="" type="IMS">http://images.philips.com/is/image/PhilipsConsumer/HX9903_21-IMS-en_US</Asset><Asset code="HX9903_21" description="Product gallery image set" extension="" lastModified="2018-10-23" locale="en_US" number="" type="GAL">http://images.philips.com/is/image/PhilipsConsumer/HX9903_21-GAL-en_US</Asset><Asset code="HX9903_21" description="Product URL" extension="" lastModified="2018-10-23" locale="en_US" number="" type="URL">http://www.usa.philips.com/c-p/HX9903_21/sonicare-diamondclean-smart-sonic-electric-toothbrush-with-app</Asset><Asset code="F400081205" description="Feature photograph - highres 2100x1170" extension="tif" lastModified="2017-02-10" locale="global" number="001" type="FIL">http://images.philips.com/is/image/PhilipsConsumer/F400081205-FIL-global-001</Asset><Asset code="F400081206" description="Feature photograph - highres 2100x1170" extension="tif" lastModified="2017-02-10" locale="global" number="001" type="FIL">http://images.philips.com/is/image/PhilipsConsumer/F400081206-FIL-global-001</Asset><Asset code="F400081208" description="Feature photograph - highres 2100x1170" extension="tif" lastModified="2017-02-10" locale="global" number="001" type="FIL">http://images.philips.com/is/image/PhilipsConsumer/F400081208-FIL-global-001</Asset><Asset code="F400081212" description="Feature photograph - highres 2100x1170" extension="tif" lastModified="2017-02-10" locale="global" number="001" type="FIL">http://images.philips.com/is/image/PhilipsConsumer/F400081212-FIL-global-001</Asset><Asset code="F400081214" description="Feature photograph - highres 2100x1170" extension="tif" lastModified="2017-02-10" locale="global" number="001" type="FIL">http://images.philips.com/is/image/PhilipsConsumer/F400081214-FIL-global-001</Asset><Asset code="F400081217" description="Feature photograph - highres 2100x1170" extension="tif" lastModified="2017-02-10" locale="global" number="001" type="FIL">http://images.philips.com/is/image/PhilipsConsumer/F400081217-FIL-global-001</Asset><Asset code="F400081219" description="Feature photograph - highres 2100x1170" extension="tif" lastModified="2017-02-10" locale="global" number="001" type="FIL">http://images.philips.com/is/image/PhilipsConsumer/F400081219-FIL-global-001</Asset><Asset code="F400081226" description="Feature photograph - highres 2100x1170" extension="tif" lastModified="2017-02-10" locale="global" number="001" type="FIL">http://images.philips.com/is/image/PhilipsConsumer/F400081226-FIL-global-001</Asset><Asset code="F400081230" description="Feature photograph - highres 2100x1170" extension="tif" lastModified="2017-02-10" locale="global" number="001" type="FIL">http://images.philips.com/is/image/PhilipsConsumer/F400081230-FIL-global-001</Asset><Asset code="F400082125" description="Feature photograph - highres 2100x1170" extension="tif" lastModified="2017-03-02" locale="global" number="001" type="FIL">http://images.philips.com/is/image/PhilipsConsumer/F400082125-FIL-global-001</Asset><Asset code="F400082136" description="Feature photograph - highres 2100x1170" extension="tif" lastModified="2017-03-02" locale="global" number="001" type="FIL">http://images.philips.com/is/image/PhilipsConsumer/F400082136-FIL-global-001</Asset><Asset code="F400082149" description="Feature photograph - highres 2100x1170" extension="tif" lastModified="2017-05-08" locale="global" number="001" type="FIL">http://images.philips.com/is/image/PhilipsConsumer/F400082149-FIL-global-001</Asset><Asset code="PHI" description="Brand logo - highres 1476x886" extension="tif" lastModified="2016-02-18" locale="global" number="001" type="BRP">http://images.philips.com/is/image/PhilipsConsumer/PHI-BRP-global-001</Asset><Asset code="SB40008471" description="Concept logo - lowres 198x198" extension="tif" lastModified="2017-02-02" locale="global" number="001" type="CLL">http://images.philips.com/is/image/PhilipsConsumer/SB40008471-CLL-global-001</Asset><Asset code="SON" description="Brand logo - highres 1476x886" extension="jpg" lastModified="2012-02-02" locale="global" number="001" type="BRP">http://images.philips.com/is/image/PhilipsConsumer/SON-BRP-global-001</Asset></Assets><ProductName>Sonic electric toothbrush with app</ProductName><FullProductName>Philips Sonicare DiamondClean Smart Sonic electric toothbrush with app HX9903/21 Personalized coaching Smart brush head sensors Smart brush head recognition 4 modes, 3 intensities</FullProductName><NamingString><MasterBrand><BrandCode>PHI</BrandCode><BrandName>Philips</BrandName></MasterBrand><Partner><PartnerBrand><BrandCode>SON</BrandCode><BrandName>Sonicare</BrandName></PartnerBrand><PartnerBrandType>MakersMark</PartnerBrandType></Partner><BrandString>Philips Sonicare</BrandString><Family><FamilyCode>SB40008471</FamilyCode><FamilyName>DiamondClean Smart</FamilyName><FamilyNameUsed>1</FamilyNameUsed></Family><Descriptor><DescriptorCode>D4027772</DescriptorCode><DescriptorName>Sonic electric toothbrush with app</DescriptorName></Descriptor><Alphanumeric>HX9903/21</Alphanumeric><VersionElement1><VersionElementCode>V4041703</VersionElementCode><VersionElementName>Personalized coaching</VersionElementName></VersionElement1><VersionElement2><VersionElementCode>V4043889</VersionElementCode><VersionElementName>Smart brush head sensors</VersionElementName></VersionElement2><VersionElement3><VersionElementCode>V4043890</VersionElementCode><VersionElementName>Smart brush head recognition</VersionElementName></VersionElement3><VersionElement4><VersionElementCode>V4043892</VersionElementCode><VersionElementName>4 modes, 3 intensities</VersionElementName></VersionElement4><VersionString>Personalized coaching Smart brush head sensors Smart brush head recognition 4 modes, 3 intensities</VersionString><BrandedFeatureString/><DescriptorBrandedFeatureString>Sonic electric toothbrush with app</DescriptorBrandedFeatureString></NamingString><WOW>Our best ever toothbrush, for complete oral care</WOW><SubWOW>Feel confident, with 100% coverage</SubWOW><MarketingTextHeader>The DiamondClean Smart is our best toothbrush, for complete care. Four high-performance brush heads let you focus on all areas of your oral health, and our Smart Sensor technology gives you personalized feedback and coaching.</MarketingTextHeader><KeyBenefitArea><KeyBenefitAreaCode>K4013174</KeyBenefitAreaCode><KeyBenefitAreaName>Proven to improve oral health</KeyBenefitAreaName><KeyBenefitAreaRank>1</KeyBenefitAreaRank><Feature><FeatureCode>F400081208</FeatureCode><FeatureReferenceName>Removes up to 10x more plaque* for a deep clean [Shanghai]</FeatureReferenceName><FeatureName>Say goodbye to plaque</FeatureName><FeatureLongDescription>Removes up to 10x more plaque* for a deep clean</FeatureLongDescription><FeatureGlossary>Click on the Premium plaque control brush head to experience our deepest clean. With soft flexible sides, the bristles contour to the shape of each tooth's surface to provide 4x more surface contact*** and remove up to 10x more plaque from hard-to-reach areas*.</FeatureGlossary><FeatureRank>1</FeatureRank><FeatureTopRank>1</FeatureTopRank></Feature><Feature><FeatureCode>F400081206</FeatureCode><FeatureReferenceName>Up to 7x healthier gums* in just 2 weeks [Shanghai]</FeatureReferenceName><FeatureName>Care for your gums</FeatureName><FeatureLongDescription>Up to 7x healthier gums* in just 2 weeks</FeatureLongDescription><FeatureGlossary>Click on the Premium Gum Care brush head to improve your gum health. Its smaller size and targeted gum line bristles deliver gentle yet effective cleaning along the gum line, where gum disease starts. It's clinically proven to deliver up to 100% less gum inflammation* and up to 7x healthier gums in just two weeks.*</FeatureGlossary><FeatureRank>2</FeatureRank><FeatureTopRank>2</FeatureTopRank></Feature><Feature><FeatureCode>F400081205</FeatureCode><FeatureReferenceName>Remove up to 100% more stains** in just 3 days [Shanghai]</FeatureReferenceName><FeatureName>Whiter teeth, fast</FeatureName><FeatureLongDescription>Remove up to 100% more stains** in just 3 days</FeatureLongDescription><FeatureGlossary>Click on the Premium White brush head to remove surface stains and reveal your whitest smile. With its densely packed central stain removal bristles, it's clinically proven to remove up to 100% more stains in just three days.**</FeatureGlossary><FeatureRank>3</FeatureRank><FeatureTopRank>3</FeatureTopRank></Feature></KeyBenefitArea><KeyBenefitArea><KeyBenefitAreaCode>K4034067</KeyBenefitAreaCode><KeyBenefitAreaName>Personalized in-app coaching to perfect brushing</KeyBenefitAreaName><KeyBenefitAreaRank>2</KeyBenefitAreaRank><Feature><FeatureCode>F400081212</FeatureCode><FeatureReferenceName>Tracks where you've brushed [Shanghai white]</FeatureReferenceName><FeatureName>Never miss a spot</FeatureName><FeatureLongDescription>Tracks where you've brushed, highlights where you haven't</FeatureLongDescription><FeatureGlossary>Thanks to our smart location sensor, you'll always know where you've brushed, and where you haven't. Real-time tracking on the Philips Sonicare app that lets you know when you've achieved a thorough clean, and coaches you to be a better, more mindful brusher.</FeatureGlossary><FeatureRank>1</FeatureRank><FeatureTopRank>4</FeatureTopRank></Feature><Feature><FeatureCode>F400081214</FeatureCode><FeatureReferenceName>Takes you back to any missed spots - White [Shanghai]</FeatureReferenceName><FeatureName>TouchUp feature</FeatureName><FeatureLongDescription>Takes you back to any missed spots for 100% coverage</FeatureLongDescription><FeatureGlossary>If you happen to miss a spot while brushing your teeth, your app's TouchUp feature will show you. You can then go back for a second pass, and be confident you are getting a complete clean, every time.</FeatureGlossary><FeatureRank>2</FeatureRank><FeatureTopRank>5</FeatureTopRank></Feature><Feature><FeatureCode>F400081217</FeatureCode><FeatureReferenceName>Start taking better care [Shanghai white]</FeatureReferenceName><FeatureName>Focus areas and goal-setting</FeatureName><FeatureLongDescription>Start taking better care of your trouble areas</FeatureLongDescription><FeatureGlossary>Any trouble areas your dentist has pointed out? We'll highlight them on your in-app 3D mouth map, and remind you to pay extra attention to these areas.</FeatureGlossary><FeatureRank>3</FeatureRank><FeatureTopRank>6</FeatureTopRank></Feature><Feature><FeatureCode>F400081219</FeatureCode><FeatureReferenceName>Alerts you if you're pressing too hard [Shanghai white]</FeatureReferenceName><FeatureName>Too much pressure?</FeatureName><FeatureLongDescription>Alerts you if you're pressing too hard</FeatureLongDescription><FeatureGlossary>You might not notice when you brush too hard, but your DiamondClean Smart will. If you use too much pressure, the light ring on the end of your handle will flash. This is a gentle reminder to ease off the pressure, and let your brush head do the work. 7 out of 10 people found this feature helped them become a better brusher.</FeatureGlossary><FeatureRank>4</FeatureRank><FeatureTopRank>7</FeatureTopRank></Feature><Feature><FeatureCode>F400082149</FeatureCode><FeatureReferenceName>Guides you to reduce your scrubbing [Shanghai pink]</FeatureReferenceName><FeatureName>Easy does it</FeatureName><FeatureLongDescription>Guides you to reduce your scrubbing</FeatureLongDescription><FeatureGlossary>With an electric toothbrush, you let the brush do the work. We've built a scrubbing sensor into your handle as a gentle reminder to reduce scrubbing. This way, you can improve your technique and get a gentler, more effective clean.</FeatureGlossary><FeatureRank>5</FeatureRank><FeatureTopRank>8</FeatureTopRank></Feature></KeyBenefitArea><KeyBenefitArea><KeyBenefitAreaCode>K4034068</KeyBenefitAreaCode><KeyBenefitAreaName>Optimize your brushing</KeyBenefitAreaName><KeyBenefitAreaRank>3</KeyBenefitAreaRank><Feature><FeatureCode>F400082125</FeatureCode><FeatureReferenceName>Brush heads sync with optimal mode [Shanghai pink]</FeatureReferenceName><FeatureName>BrushSync mode pairing</FeatureName><FeatureLongDescription>Brush heads automatically select the optimal settings</FeatureLongDescription><FeatureGlossary>Wondering which mode and intensity you should use? Wonder no longer. A microchip in your brush head tells your DiamondClean Smart which one you're using. So if you click on a gum-care brush head, for example, your toothbrush knows to select the optimal mode and intensity to provide a gentle yet effective care for your gums. All you need to do is to press the power button.</FeatureGlossary><FeatureRank>1</FeatureRank><FeatureTopRank>9</FeatureTopRank></Feature><Feature><FeatureCode>F400081226</FeatureCode><FeatureReferenceName>Make sure you're getting the most [Shanghai white]</FeatureReferenceName><FeatureName>Smart replacement reminders</FeatureName><FeatureLongDescription>Make sure you're getting the most from your brush head</FeatureLongDescription><FeatureGlossary>Brush heads wear-out over time and become less effective at removing plaque. With smart brush head recognition you'll never lose track of when to replace your brush head. Your toothbrush tracks how long and hard you've brushed with each brush head, and will alert you when it's time to replace. You can also monitor the lifetime of your brush heads in the Philips Sonicare app, and even order replacements so you're never caught short.</FeatureGlossary><FeatureRank>2</FeatureRank><FeatureTopRank>10</FeatureTopRank></Feature><Feature><FeatureCode>F400082136</FeatureCode><FeatureReferenceName>Choose from 4 modes [Shanghai pink]</FeatureReferenceName><FeatureName>4 modes, 3 intensity settings</FeatureName><FeatureLongDescription>Choose from 4 modes and 3 intensity settings</FeatureLongDescription><FeatureGlossary>With DiamondClean Smart you get the full works. Our 3 intensity settings let you boost your clean, and our 4 modes cover all your brushing needs; Clean mode for exceptional daily cleaning, White+ to remove stains, Deep Clean+ for an invigorating deep clean, and Gum Health to gently clean along your gum line.</FeatureGlossary><FeatureRank>3</FeatureRank><FeatureTopRank>11</FeatureTopRank></Feature><Feature><FeatureCode>F400081230</FeatureCode><FeatureReferenceName>Premium charging glass and travel case [Shanghai white]</FeatureReferenceName><FeatureName>Design with storage in mind</FeatureName><FeatureLongDescription>Premium charging glass and travel case</FeatureLongDescription><FeatureGlossary>Charging a toothbrush has never been so effortless. Simply place your toothbrush into the sleek glass holder after brushing, and it instantly starts charging. Not only does your glass charge fit stylishly into your bathroom, it also doubles as a rinsing glass. Enjoy two weeks of regular use from a single full charge. Our premium travel case lets you store your toothbrush hygienically when you're on the go.</FeatureGlossary><FeatureRank>4</FeatureRank><FeatureTopRank>12</FeatureTopRank></Feature></KeyBenefitArea><FeatureImage><FeatureCode>F400081208</FeatureCode><FeatureReferenceName>Removes up to 10x more plaque* for a deep clean [Shanghai]</FeatureReferenceName><FeatureImageRank>1</FeatureImageRank></FeatureImage><FeatureImage><FeatureCode>F400081206</FeatureCode><FeatureReferenceName>Up to 7x healthier gums* in just 2 weeks [Shanghai]</FeatureReferenceName><FeatureImageRank>2</FeatureImageRank></FeatureImage><FeatureImage><FeatureCode>F400081205</FeatureCode><FeatureReferenceName>Remove up to 100% more stains** in just 3 days [Shanghai]</FeatureReferenceName><FeatureImageRank>3</FeatureImageRank></FeatureImage><FeatureImage><FeatureCode>F400081212</FeatureCode><FeatureReferenceName>Tracks where you've brushed [Shanghai white]</FeatureReferenceName><FeatureImageRank>4</FeatureImageRank></FeatureImage><FeatureImage><FeatureCode>F400081214</FeatureCode><FeatureReferenceName>Takes you back to any missed spots - White [Shanghai]</FeatureReferenceName><FeatureImageRank>5</FeatureImageRank></FeatureImage><FeatureImage><FeatureCode>F400081217</FeatureCode><FeatureReferenceName>Start taking better care [Shanghai white]</FeatureReferenceName><FeatureImageRank>6</FeatureImageRank></FeatureImage><FeatureImage><FeatureCode>F400081219</FeatureCode><FeatureReferenceName>Alerts you if you're pressing too hard [Shanghai white]</FeatureReferenceName><FeatureImageRank>7</FeatureImageRank></FeatureImage><FeatureImage><FeatureCode>F400082149</FeatureCode><FeatureReferenceName>Guides you to reduce your scrubbing [Shanghai pink]</FeatureReferenceName><FeatureImageRank>8</FeatureImageRank></FeatureImage><FeatureImage><FeatureCode>F400082125</FeatureCode><FeatureReferenceName>Brush heads sync with optimal mode [Shanghai pink]</FeatureReferenceName><FeatureImageRank>9</FeatureImageRank></FeatureImage><FeatureImage><FeatureCode>F400081226</FeatureCode><FeatureReferenceName>Make sure you're getting the most [Shanghai white]</FeatureReferenceName><FeatureImageRank>10</FeatureImageRank></FeatureImage><FeatureImage><FeatureCode>F400082136</FeatureCode><FeatureReferenceName>Choose from 4 modes [Shanghai pink]</FeatureReferenceName><FeatureImageRank>11</FeatureImageRank></FeatureImage><FeatureImage><FeatureCode>F400081230</FeatureCode><FeatureReferenceName>Premium charging glass and travel case [Shanghai white]</FeatureReferenceName><FeatureImageRank>12</FeatureImageRank></FeatureImage><FeatureHighlight><FeatureCode>F400081208</FeatureCode><FeatureReferenceName>Removes up to 10x more plaque* for a deep clean [Shanghai]</FeatureReferenceName><FeatureHighlightRank>1</FeatureHighlightRank></FeatureHighlight><FeatureHighlight><FeatureCode>F400081206</FeatureCode><FeatureReferenceName>Up to 7x healthier gums* in just 2 weeks [Shanghai]</FeatureReferenceName><FeatureHighlightRank>2</FeatureHighlightRank></FeatureHighlight><FeatureHighlight><FeatureCode>F400081205</FeatureCode><FeatureReferenceName>Remove up to 100% more stains** in just 3 days [Shanghai]</FeatureReferenceName><FeatureHighlightRank>3</FeatureHighlightRank></FeatureHighlight><FeatureHighlight><FeatureCode>F400081212</FeatureCode><FeatureReferenceName>Tracks where you've brushed [Shanghai white]</FeatureReferenceName><FeatureHighlightRank>4</FeatureHighlightRank></FeatureHighlight><FeatureHighlight><FeatureCode>F400081214</FeatureCode><FeatureReferenceName>Takes you back to any missed spots - White [Shanghai]</FeatureReferenceName><FeatureHighlightRank>5</FeatureHighlightRank></FeatureHighlight><FeatureHighlight><FeatureCode>F400081217</FeatureCode><FeatureReferenceName>Start taking better care [Shanghai white]</FeatureReferenceName><FeatureHighlightRank>6</FeatureHighlightRank></FeatureHighlight><FeatureHighlight><FeatureCode>F400081219</FeatureCode><FeatureReferenceName>Alerts you if you're pressing too hard [Shanghai white]</FeatureReferenceName><FeatureHighlightRank>7</FeatureHighlightRank></FeatureHighlight><FeatureHighlight><FeatureCode>F400082149</FeatureCode><FeatureReferenceName>Guides you to reduce your scrubbing [Shanghai pink]</FeatureReferenceName><FeatureHighlightRank>8</FeatureHighlightRank></FeatureHighlight><FeatureHighlight><FeatureCode>F400082125</FeatureCode><FeatureReferenceName>Brush heads sync with optimal mode [Shanghai pink]</FeatureReferenceName><FeatureHighlightRank>9</FeatureHighlightRank></FeatureHighlight><FeatureHighlight><FeatureCode>F400081226</FeatureCode><FeatureReferenceName>Make sure you're getting the most [Shanghai white]</FeatureReferenceName><FeatureHighlightRank>10</FeatureHighlightRank></FeatureHighlight><FeatureHighlight><FeatureCode>F400082136</FeatureCode><FeatureReferenceName>Choose from 4 modes [Shanghai pink]</FeatureReferenceName><FeatureHighlightRank>11</FeatureHighlightRank></FeatureHighlight><FeatureHighlight><FeatureCode>F400081230</FeatureCode><FeatureReferenceName>Premium charging glass and travel case [Shanghai white]</FeatureReferenceName><FeatureHighlightRank>12</FeatureHighlightRank></FeatureHighlight><CSChapter><CSChapterCode>CH4006741</CSChapterCode><CSChapterName>Modes</CSChapterName><CSChapterRank>1</CSChapterRank><CSItem><CSItemCode>IT4032871</CSItemCode><CSItemName>Clean</CSItemName><CSItemRank>1</CSItemRank><CSItemIsFreeFormat>0</CSItemIsFreeFormat><CSValue><CSValueCode>VA4076686</CSValueCode><CSValueName>For exceptional everyday clean</CSValueName><CSValueRank>1</CSValueRank></CSValue></CSItem><CSItem><CSItemCode>IT4042578</CSItemCode><CSItemName>White+</CSItemName><CSItemRank>2</CSItemRank><CSItemIsFreeFormat>0</CSItemIsFreeFormat><CSValue><CSValueCode>VA4098464</CSValueCode><CSValueName>To remove surface stains</CSValueName><CSValueRank>1</CSValueRank></CSValue></CSItem><CSItem><CSItemCode>IT4042579</CSItemCode><CSItemName>Deep Clean+</CSItemName><CSItemRank>3</CSItemRank><CSItemIsFreeFormat>0</CSItemIsFreeFormat><CSValue><CSValueCode>VA4098465</CSValueCode><CSValueName>For an invigorating deep clean</CSValueName><CSValueRank>1</CSValueRank></CSValue></CSItem><CSItem><CSItemCode>IT4042580</CSItemCode><CSItemName>Gum Health</CSItemName><CSItemRank>4</CSItemRank><CSItemIsFreeFormat>0</CSItemIsFreeFormat><CSValue><CSValueCode>VA4098466</CSValueCode><CSValueName>Special attention to molars</CSValueName><CSValueRank>1</CSValueRank></CSValue></CSItem><CSItem><CSItemCode>IT4036083</CSItemCode><CSItemName>3 intensities</CSItemName><CSItemRank>5</CSItemRank><CSItemIsFreeFormat>0</CSItemIsFreeFormat><CSValue><CSValueCode>VA4083947</CSValueCode><CSValueName>High</CSValueName><CSValueRank>1</CSValueRank></CSValue><CSValue><CSValueCode>VA4083945</CSValueCode><CSValueName>Low</CSValueName><CSValueRank>2</CSValueRank></CSValue><CSValue><CSValueCode>VA4083946</CSValueCode><CSValueName>Medium</CSValueName><CSValueRank>3</CSValueRank></CSValue></CSItem></CSChapter><CSChapter><CSChapterCode>CH4002821</CSChapterCode><CSChapterName>Items included</CSChapterName><CSChapterRank>2</CSChapterRank><CSItem><CSItemCode>IT4042582</CSItemCode><CSItemName>Handle</CSItemName><CSItemRank>1</CSItemRank><CSItemIsFreeFormat>0</CSItemIsFreeFormat><CSValue><CSValueCode>VA4098468</CSValueCode><CSValueName>1 DiamondClean Smart</CSValueName><CSValueRank>1</CSValueRank></CSValue></CSItem><CSItem><CSItemCode>IT4015645</CSItemCode><CSItemName>Brush heads</CSItemName><CSItemRank>2</CSItemRank><CSItemIsFreeFormat>0</CSItemIsFreeFormat><CSValue><CSValueCode>VA4098470</CSValueCode><CSValueName>1 C3 Premium Plaque Control</CSValueName><CSValueRank>1</CSValueRank></CSValue><CSValue><CSValueCode>VA4098472</CSValueCode><CSValueName>1 G3 Premium Gum Care</CSValueName><CSValueRank>2</CSValueRank></CSValue><CSValue><CSValueCode>VA4098474</CSValueCode><CSValueName>1 W3 Premium White</CSValueName><CSValueRank>3</CSValueRank></CSValue></CSItem><CSItem><CSItemCode>IT4036043</CSItemCode><CSItemName>Glass charger</CSItemName><CSItemRank>3</CSItemRank><CSItemIsFreeFormat>1</CSItemIsFreeFormat><CSValue><CSValueCode>VA4083880</CSValueCode><CSValueName>1</CSValueName><CSValueRank>1</CSValueRank></CSValue></CSItem><CSItem><CSItemCode>IT4017673</CSItemCode><CSItemName>Travel case</CSItemName><CSItemRank>4</CSItemRank><CSItemIsFreeFormat>0</CSItemIsFreeFormat><CSValue><CSValueCode>VA4098479</CSValueCode><CSValueName>Premium travel case</CSValueName><CSValueRank>1</CSValueRank></CSValue></CSItem></CSChapter><CSChapter><CSChapterCode>CH4008985</CSChapterCode><CSChapterName>BrushSync Mode Pairing</CSChapterName><CSChapterRank>3</CSChapterRank><CSItem><CSItemCode>IT4042583</CSItemCode><CSItemName>C3 Premium Plaque Control</CSItemName><CSItemRank>1</CSItemRank><CSItemIsFreeFormat>0</CSItemIsFreeFormat><CSValue><CSValueCode>VA4098480</CSValueCode><CSValueName>Pairs with Clean mode</CSValueName><CSValueRank>1</CSValueRank></CSValue></CSItem><CSItem><CSItemCode>IT4042584</CSItemCode><CSItemName>G3 Premium Gum Care brush head</CSItemName><CSItemRank>2</CSItemRank><CSItemIsFreeFormat>0</CSItemIsFreeFormat><CSValue><CSValueCode>VA4098481</CSValueCode><CSValueName>Pairs with Gum Health mode</CSValueName><CSValueRank>1</CSValueRank></CSValue></CSItem><CSItem><CSItemCode>IT4042585</CSItemCode><CSItemName>W3 Premium White brush head</CSItemName><CSItemRank>3</CSItemRank><CSItemIsFreeFormat>0</CSItemIsFreeFormat><CSValue><CSValueCode>VA4098482</CSValueCode><CSValueName>Pairs with White+ mode</CSValueName><CSValueRank>1</CSValueRank></CSValue></CSItem></CSChapter><CSChapter><CSChapterCode>3000813</CSChapterCode><CSChapterName>Connectivity</CSChapterName><CSChapterRank>4</CSChapterRank><CSItem><CSItemCode>IT4041133</CSItemCode><CSItemName>Bluetooth® wireless technology</CSItemName><CSItemRank>1</CSItemRank><CSItemIsFreeFormat>0</CSItemIsFreeFormat><CSValue><CSValueCode>VA4095789</CSValueCode><CSValueName>Connected brushing app</CSValueName><CSValueRank>1</CSValueRank></CSValue></CSItem></CSChapter><CSChapter><CSChapterCode>CH4000881</CSChapterCode><CSChapterName>Compatibility</CSChapterName><CSChapterRank>5</CSChapterRank><CSItem><CSItemCode>IT4040069</CSItemCode><CSItemName>Android compatibility</CSItemName><CSItemRank>1</CSItemRank><CSItemIsFreeFormat>0</CSItemIsFreeFormat><CSValue><CSValueCode>VA4093518</CSValueCode><CSValueName>Android phones</CSValueName><CSValueRank>1</CSValueRank></CSValue><CSValue><CSValueCode>VA4093517</CSValueCode><CSValueName>Bluetooth 4.0 enabled tablets</CSValueName><CSValueRank>2</CSValueRank></CSValue></CSItem><CSItem><CSItemCode>IT4040068</CSItemCode><CSItemName>iOS compatibility</CSItemName><CSItemRank>2</CSItemRank><CSItemIsFreeFormat>0</CSItemIsFreeFormat><CSValue><CSValueCode>VA4093515</CSValueCode><CSValueName>iPad 3rd Gen or higher</CSValueName><CSValueRank>1</CSValueRank></CSValue><CSValue><CSValueCode>VA4093514</CSValueCode><CSValueName>iPhone 4S or higher</CSValueName><CSValueRank>2</CSValueRank></CSValue><CSValue><CSValueCode>VA4098503</CSValueCode><CSValueName>with iOS7 or higher</CSValueName><CSValueRank>3</CSValueRank></CSValue></CSItem></CSChapter><CSChapter><CSChapterCode>CHA_0000020</CSChapterCode><CSChapterName>Design and finishing</CSChapterName><CSChapterRank>6</CSChapterRank><CSItem><CSItemCode>4010351</CSItemCode><CSItemName>Color</CSItemName><CSItemRank>1</CSItemRank><CSItemIsFreeFormat>0</CSItemIsFreeFormat><CSValue><CSValueCode>VA4026381</CSValueCode><CSValueName>Pink</CSValueName><CSValueRank>1</CSValueRank></CSValue></CSItem></CSChapter><CSChapter><CSChapterCode>CH4002822</CSChapterCode><CSChapterName>Cleaning performance</CSChapterName><CSChapterRank>7</CSChapterRank><CSItem><CSItemCode>IT4015660</CSItemCode><CSItemName>Speed</CSItemName><CSItemRank>1</CSItemRank><CSItemIsFreeFormat>0</CSItemIsFreeFormat><CSValue><CSValueCode>VA4075704</CSValueCode><CSValueName>Up to 62000 brush movement/min</CSValueName><CSValueRank>1</CSValueRank></CSValue></CSItem><CSItem><CSItemCode>IT4015661</CSItemCode><CSItemName>Performance</CSItemName><CSItemRank>2</CSItemRank><CSItemIsFreeFormat>0</CSItemIsFreeFormat><CSValue><CSValueCode>VA4089920</CSValueCode><CSValueName>Removes up to 10x more plaque*</CSValueName><CSValueRank>1</CSValueRank></CSValue></CSItem><CSItem><CSItemCode>IT4015663</CSItemCode><CSItemName>Health benefits</CSItemName><CSItemRank>3</CSItemRank><CSItemIsFreeFormat>0</CSItemIsFreeFormat><CSValue><CSValueCode>VA4098530</CSValueCode><CSValueName>Up to 7x healthier gums****</CSValueName><CSValueRank>1</CSValueRank></CSValue></CSItem><CSItem><CSItemCode>IT4015664</CSItemCode><CSItemName>Whitening benefits</CSItemName><CSItemRank>4</CSItemRank><CSItemIsFreeFormat>0</CSItemIsFreeFormat><CSValue><CSValueCode>VA4098498</CSValueCode><CSValueName>Up to 100% less stains*****</CSValueName><CSValueRank>1</CSValueRank></CSValue></CSItem><CSItem><CSItemCode>IT4042587</CSItemCode><CSItemName>Pressure feedback</CSItemName><CSItemRank>5</CSItemRank><CSItemIsFreeFormat>0</CSItemIsFreeFormat><CSValue><CSValueCode>VA4098486</CSValueCode><CSValueName>Ring lights up in purple</CSValueName><CSValueRank>1</CSValueRank></CSValue><CSValue><CSValueCode>VA4098487</CSValueCode><CSValueName>Vibrates handle to alert user</CSValueName><CSValueRank>2</CSValueRank></CSValue></CSItem><CSItem><CSItemCode>IT4042588</CSItemCode><CSItemName>TouchUp</CSItemName><CSItemRank>6</CSItemRank><CSItemIsFreeFormat>0</CSItemIsFreeFormat><CSValue><CSValueCode>VA4098488</CSValueCode><CSValueName>Ensures 100% coverage</CSValueName><CSValueRank>1</CSValueRank></CSValue></CSItem><CSItem><CSItemCode>IT4015666</CSItemCode><CSItemName>Timer</CSItemName><CSItemRank>7</CSItemRank><CSItemIsFreeFormat>0</CSItemIsFreeFormat><CSValue><CSValueCode>VA4094966</CSValueCode><CSValueName>BrushPacer and Smartimer</CSValueName><CSValueRank>1</CSValueRank></CSValue></CSItem></CSChapter><CSChapter><CSChapterCode>CH4008986</CSChapterCode><CSChapterName>Smart sensor technology</CSChapterName><CSChapterRank>8</CSChapterRank><CSItem><CSItemCode>IT4042589</CSItemCode><CSItemName>Pressure sensor</CSItemName><CSItemRank>1</CSItemRank><CSItemIsFreeFormat>0</CSItemIsFreeFormat><CSValue><CSValueCode>VA4098489</CSValueCode><CSValueName>Alerts when brushing too hard</CSValueName><CSValueRank>1</CSValueRank></CSValue></CSItem><CSItem><CSItemCode>IT4042590</CSItemCode><CSItemName>Location sensor</CSItemName><CSItemRank>2</CSItemRank><CSItemIsFreeFormat>0</CSItemIsFreeFormat><CSValue><CSValueCode>VA4098490</CSValueCode><CSValueName>Tracks &amp; improves coverage</CSValueName><CSValueRank>1</CSValueRank></CSValue></CSItem><CSItem><CSItemCode>IT4042591</CSItemCode><CSItemName>Scrubbing sensor</CSItemName><CSItemRank>3</CSItemRank><CSItemIsFreeFormat>0</CSItemIsFreeFormat><CSValue><CSValueCode>VA4098491</CSValueCode><CSValueName>Guides to reduce scrubbing</CSValueName><CSValueRank>1</CSValueRank></CSValue></CSItem><CSItem><CSItemCode>IT4042592</CSItemCode><CSItemName>3D mouth map</CSItemName><CSItemRank>4</CSItemRank><CSItemIsFreeFormat>0</CSItemIsFreeFormat><CSValue><CSValueCode>VA4098492</CSValueCode><CSValueName>Highlights trouble areas</CSValueName><CSValueRank>1</CSValueRank></CSValue></CSItem><CSItem><CSItemCode>IT4042593</CSItemCode><CSItemName>TouchUp</CSItemName><CSItemRank>5</CSItemRank><CSItemIsFreeFormat>0</CSItemIsFreeFormat><CSValue><CSValueCode>VA4098493</CSValueCode><CSValueName>To address missed spots</CSValueName><CSValueRank>1</CSValueRank></CSValue></CSItem></CSChapter><CSChapter><CSChapterCode>CH4001524</CSChapterCode><CSChapterName>Ease of use</CSChapterName><CSChapterRank>9</CSChapterRank><CSItem><CSItemCode>IT4042594</CSItemCode><CSItemName>Handle compatibility</CSItemName><CSItemRank>1</CSItemRank><CSItemIsFreeFormat>0</CSItemIsFreeFormat><CSValue><CSValueCode>VA4098494</CSValueCode><CSValueName>Easy click-on brush heads</CSValueName><CSValueRank>1</CSValueRank></CSValue></CSItem><CSItem><CSItemCode>IT4042595</CSItemCode><CSItemName>Brush head recognition</CSItemName><CSItemRank>2</CSItemRank><CSItemIsFreeFormat>0</CSItemIsFreeFormat><CSValue><CSValueCode>VA4098495</CSValueCode><CSValueName>Syncs with optimal mode</CSValueName><CSValueRank>1</CSValueRank></CSValue></CSItem><CSItem><CSItemCode>IT4042596</CSItemCode><CSItemName>Replacement reminder</CSItemName><CSItemRank>3</CSItemRank><CSItemIsFreeFormat>0</CSItemIsFreeFormat><CSValue><CSValueCode>VA4098496</CSValueCode><CSValueName>To always ensure best results</CSValueName><CSValueRank>1</CSValueRank></CSValue><CSValue><CSValueCode>VA4098497</CSValueCode><CSValueName>reminder icon lights up</CSValueName><CSValueRank>2</CSValueRank></CSValue></CSItem><CSItem><CSItemCode>IT4015669</CSItemCode><CSItemName>Battery indicator</CSItemName><CSItemRank>4</CSItemRank><CSItemIsFreeFormat>0</CSItemIsFreeFormat><CSValue><CSValueCode>VA4031282</CSValueCode><CSValueName>Illuminated icon indicates battery life</CSValueName><CSValueRank>1</CSValueRank></CSValue></CSItem><CSItem><CSItemCode>IT4015670</CSItemCode><CSItemName>Handle</CSItemName><CSItemRank>5</CSItemRank><CSItemIsFreeFormat>0</CSItemIsFreeFormat><CSValue><CSValueCode>VA4031284</CSValueCode><CSValueName>Slim ergonomic design</CSValueName><CSValueRank>1</CSValueRank></CSValue></CSItem><CSItem><CSItemCode>IT4007980</CSItemCode><CSItemName>Display</CSItemName><CSItemRank>6</CSItemRank><CSItemIsFreeFormat>0</CSItemIsFreeFormat><CSValue><CSValueCode>VA4031287</CSValueCode><CSValueName>Illuminated display</CSValueName><CSValueRank>1</CSValueRank></CSValue></CSItem></CSChapter><CSChapter><CSChapterCode>3000956</CSChapterCode><CSChapterName>Technical specifications</CSChapterName><CSChapterRank>10</CSChapterRank><CSItem><CSItemCode>IT4015617</CSItemCode><CSItemName>Battery</CSItemName><CSItemRank>1</CSItemRank><CSItemIsFreeFormat>0</CSItemIsFreeFormat><CSValue><CSValueCode>VA4031164</CSValueCode><CSValueName>Rechargeable</CSValueName><CSValueRank>1</CSValueRank></CSValue></CSItem><CSItem><CSItemCode>IT4017634</CSItemCode><CSItemName>Battery type</CSItemName><CSItemRank>2</CSItemRank><CSItemIsFreeFormat>0</CSItemIsFreeFormat><CSValue><CSValueCode>VA4060246</CSValueCode><CSValueName>Lithium ION</CSValueName><CSValueRank>1</CSValueRank></CSValue></CSItem><CSItem><CSItemCode>IT4015622</CSItemCode><CSItemName>Operating time (full to empty)</CSItemName><CSItemRank>3</CSItemRank><CSItemIsFreeFormat>0</CSItemIsFreeFormat><CSValue><CSValueCode>VA4098499</CSValueCode><CSValueName>14 days******</CSValueName><CSValueRank>1</CSValueRank></CSValue></CSItem></CSChapter><CSChapter><CSChapterCode>3000821</CSChapterCode><CSChapterName>Power</CSChapterName><CSChapterRank>11</CSChapterRank><CSItem><CSItemCode>IT4015625</CSItemCode><CSItemName>Voltage</CSItemName><CSItemRank>1</CSItemRank><CSItemIsFreeFormat>0</CSItemIsFreeFormat><CSValue><CSValueCode>VA4075921</CSValueCode><CSValueName>110-220 V</CSValueName><CSValueRank>1</CSValueRank></CSValue></CSItem></CSChapter><CSChapter><CSChapterCode>CHA_0000049</CSChapterCode><CSChapterName>Service</CSChapterName><CSChapterRank>12</CSChapterRank><CSItem><CSItemCode>IT4015672</CSItemCode><CSItemName>Warranty</CSItemName><CSItemRank>1</CSItemRank><CSItemIsFreeFormat>0</CSItemIsFreeFormat><CSValue><CSValueCode>VA4031299</CSValueCode><CSValueName>2-year limited warranty</CSValueName><CSValueRank>1</CSValueRank></CSValue></CSItem></CSChapter><Filters><Purpose type="Comparison"><Features><Feature code="F400081208" rank="1" referenceName="Removes up to 10x more plaque* for a deep clean [Shanghai]"/><Feature code="F400081206" rank="2" referenceName="Up to 7x healthier gums* in just 2 weeks [Shanghai]"/><Feature code="F400081205" rank="3" referenceName="Remove up to 100% more stains** in just 3 days [Shanghai]"/><Feature code="F400081212" rank="4" referenceName="Tracks where you've brushed [Shanghai white]"/><Feature code="F400081214" rank="5" referenceName="Takes you back to any missed spots - White [Shanghai]"/><Feature code="F400081217" rank="6" referenceName="Start taking better care [Shanghai white]"/><Feature code="F400081219" rank="7" referenceName="Alerts you if you're pressing too hard [Shanghai white]"/><Feature code="F400082149" rank="8" referenceName="Guides you to reduce your scrubbing [Shanghai pink]"/><Feature code="F400082125" rank="9" referenceName="Brush heads sync with optimal mode [Shanghai pink]"/><Feature code="F400081226" rank="10" referenceName="Make sure you're getting the most [Shanghai white]"/><Feature code="F400082136" rank="11" referenceName="Choose from 4 modes [Shanghai pink]"/><Feature code="F400081230" rank="12" referenceName="Premium charging glass and travel case [Shanghai white]"/></Features><CSItems><CSItem code="IT4032871" rank="1" referenceName="Modes - Clean"/><CSItem code="IT4042582" rank="1" referenceName="Items included - Handle"/><CSItem code="IT4042583" rank="1" referenceName="BrushSync Mode Pairing - C3 Premium Plaque Control"/><CSItem code="IT4041133" rank="1" referenceName="Connectivity - Bluetooth® wireless technology"/><CSItem code="IT4040069" rank="1" referenceName="Compatibility - Android compatibility"/><CSItem code="4010351" rank="1" referenceName="Design and finishing - Color"/><CSItem code="IT4015660" rank="1" referenceName="Cleaning performance - Speed"/><CSItem code="IT4042589" rank="1" referenceName="Smart sensor technology - Pressure sensor"/><CSItem code="IT4042594" rank="1" referenceName="Ease of use - Handle compatibility"/><CSItem code="IT4015617" rank="1" referenceName="Technical specifications - Battery"/><CSItem code="IT4015625" rank="1" referenceName="Power - Voltage"/><CSItem code="IT4015672" rank="1" referenceName="Service - Warranty"/><CSItem code="IT4042578" rank="2" referenceName="Modes - White+"/><CSItem code="IT4015645" rank="2" referenceName="Items included - Brush heads"/><CSItem code="IT4042584" rank="2" referenceName="BrushSync Mode Pairing - G3 Premium Gum Care brush head"/><CSItem code="IT4040068" rank="2" referenceName="Compatibility - iOS compatibility"/><CSItem code="IT4015661" rank="2" referenceName="Cleaning performance - Performance"/><CSItem code="IT4042590" rank="2" referenceName="Smart sensor technology - Location sensor"/><CSItem code="IT4042595" rank="2" referenceName="Ease of use - Brush head recognition"/><CSItem code="IT4017634" rank="2" referenceName="Technical specifications - Battery type"/><CSItem code="IT4042579" rank="3" referenceName="Modes - Deep Clean+"/><CSItem code="IT4036043" rank="3" referenceName="Items included - Glass charger"/><CSItem code="IT4042585" rank="3" referenceName="BrushSync Mode Pairing - W3 Premium White brush head"/><CSItem code="IT4015663" rank="3" referenceName="Cleaning performance - Health benefits"/><CSItem code="IT4042591" rank="3" referenceName="Smart sensor technology - Scrubbing sensor"/><CSItem code="IT4042596" rank="3" referenceName="Ease of use - Replacement reminder"/><CSItem code="IT4015622" rank="3" referenceName="Technical specifications - Operating time (full to empty)"/><CSItem code="IT4042580" rank="4" referenceName="Modes - Gum Health"/><CSItem code="IT4017673" rank="4" referenceName="Items included - Travel case"/><CSItem code="IT4015664" rank="4" referenceName="Cleaning performance - Whitening benefits"/><CSItem code="IT4042592" rank="4" referenceName="Smart sensor technology - 3D mouth map"/><CSItem code="IT4015669" rank="4" referenceName="Ease of use - Battery indicator"/><CSItem code="IT4036083" rank="5" referenceName="Modes - 3 intensities"/><CSItem code="IT4042587" rank="5" referenceName="Cleaning performance - Pressure feedback"/><CSItem code="IT4042593" rank="5" referenceName="Smart sensor technology - TouchUp"/><CSItem code="IT4015670" rank="5" referenceName="Ease of use - Handle"/><CSItem code="IT4042588" rank="6" referenceName="Cleaning performance - TouchUp"/><CSItem code="IT4007980" rank="6" referenceName="Ease of use - Display"/><CSItem code="IT4015666" rank="7" referenceName="Cleaning performance - Timer"/></CSItems></Purpose><Purpose type="Detail"><Features><Feature code="F400081208" rank="1" referenceName="Removes up to 10x more plaque* for a deep clean [Shanghai]"/><Feature code="F400081206" rank="2" referenceName="Up to 7x healthier gums* in just 2 weeks [Shanghai]"/><Feature code="F400081205" rank="3" referenceName="Remove up to 100% more stains** in just 3 days [Shanghai]"/><Feature code="F400081212" rank="4" referenceName="Tracks where you've brushed [Shanghai white]"/><Feature code="F400081214" rank="5" referenceName="Takes you back to any missed spots - White [Shanghai]"/><Feature code="F400081217" rank="6" referenceName="Start taking better care [Shanghai white]"/><Feature code="F400081219" rank="7" referenceName="Alerts you if you're pressing too hard [Shanghai white]"/><Feature code="F400082149" rank="8" referenceName="Guides you to reduce your scrubbing [Shanghai pink]"/><Feature code="F400082125" rank="9" referenceName="Brush heads sync with optimal mode [Shanghai pink]"/><Feature code="F400081226" rank="10" referenceName="Make sure you're getting the most [Shanghai white]"/><Feature code="F400082136" rank="11" referenceName="Choose from 4 modes [Shanghai pink]"/><Feature code="F400081230" rank="12" referenceName="Premium charging glass and travel case [Shanghai white]"/></Features><CSItems><CSItem code="IT4032871" rank="1" referenceName="Modes - Clean"/><CSItem code="IT4042582" rank="1" referenceName="Items included - Handle"/><CSItem code="IT4042583" rank="1" referenceName="BrushSync Mode Pairing - C3 Premium Plaque Control"/><CSItem code="IT4041133" rank="1" referenceName="Connectivity - Bluetooth® wireless technology"/><CSItem code="IT4040069" rank="1" referenceName="Compatibility - Android compatibility"/><CSItem code="4010351" rank="1" referenceName="Design and finishing - Color"/><CSItem code="IT4015660" rank="1" referenceName="Cleaning performance - Speed"/><CSItem code="IT4042589" rank="1" referenceName="Smart sensor technology - Pressure sensor"/><CSItem code="IT4042594" rank="1" referenceName="Ease of use - Handle compatibility"/><CSItem code="IT4015617" rank="1" referenceName="Technical specifications - Battery"/><CSItem code="IT4015625" rank="1" referenceName="Power - Voltage"/><CSItem code="IT4015672" rank="1" referenceName="Service - Warranty"/><CSItem code="IT4042578" rank="2" referenceName="Modes - White+"/><CSItem code="IT4015645" rank="2" referenceName="Items included - Brush heads"/><CSItem code="IT4042584" rank="2" referenceName="BrushSync Mode Pairing - G3 Premium Gum Care brush head"/><CSItem code="IT4040068" rank="2" referenceName="Compatibility - iOS compatibility"/><CSItem code="IT4015661" rank="2" referenceName="Cleaning performance - Performance"/><CSItem code="IT4042590" rank="2" referenceName="Smart sensor technology - Location sensor"/><CSItem code="IT4042595" rank="2" referenceName="Ease of use - Brush head recognition"/><CSItem code="IT4017634" rank="2" referenceName="Technical specifications - Battery type"/><CSItem code="IT4042579" rank="3" referenceName="Modes - Deep Clean+"/><CSItem code="IT4036043" rank="3" referenceName="Items included - Glass charger"/><CSItem code="IT4042585" rank="3" referenceName="BrushSync Mode Pairing - W3 Premium White brush head"/><CSItem code="IT4015663" rank="3" referenceName="Cleaning performance - Health benefits"/><CSItem code="IT4042591" rank="3" referenceName="Smart sensor technology - Scrubbing sensor"/><CSItem code="IT4042596" rank="3" referenceName="Ease of use - Replacement reminder"/><CSItem code="IT4015622" rank="3" referenceName="Technical specifications - Operating time (full to empty)"/><CSItem code="IT4042580" rank="4" referenceName="Modes - Gum Health"/><CSItem code="IT4017673" rank="4" referenceName="Items included - Travel case"/><CSItem code="IT4015664" rank="4" referenceName="Cleaning performance - Whitening benefits"/><CSItem code="IT4042592" rank="4" referenceName="Smart sensor technology - 3D mouth map"/><CSItem code="IT4015669" rank="4" referenceName="Ease of use - Battery indicator"/><CSItem code="IT4036083" rank="5" referenceName="Modes - 3 intensities"/><CSItem code="IT4042587" rank="5" referenceName="Cleaning performance - Pressure feedback"/><CSItem code="IT4042593" rank="5" referenceName="Smart sensor technology - TouchUp"/><CSItem code="IT4015670" rank="5" referenceName="Ease of use - Handle"/><CSItem code="IT4042588" rank="6" referenceName="Cleaning performance - TouchUp"/><CSItem code="IT4007980" rank="6" referenceName="Ease of use - Display"/><CSItem code="IT4015666" rank="7" referenceName="Cleaning performance - Timer"/></CSItems></Purpose></Filters><FeatureCompareGroups/><Disclaimers><Disclaimer code="DIS40006721" rank="1" referenceName="than a manual toothbrush [BMW]"><DisclaimerText>than a manual toothbrush</DisclaimerText><DisclaimElements/></Disclaimer><Disclaimer code="DIS40011150" rank="2" referenceName="* as compared to a manual toothbrush w/a leading. [Shanghai]"><DisclaimerText>* as compared to a manual toothbrush with a leading whitening toothpaste</DisclaimerText><DisclaimElements/></Disclaimer><Disclaimer code="DIS40011151" rank="3" referenceName="** compared to DiamondClean [Shanghai]"><DisclaimerText>** compared to DiamondClean</DisclaimerText><DisclaimElements/></Disclaimer><Disclaimer code="DIS40011066" rank="4" referenceName="*** in Gum Health mode vs a manual toothbrush at 2 weeks"><DisclaimerText>*** in Gum Health mode vs a manual toothbrush at 2 weeks</DisclaimerText><DisclaimElements/></Disclaimer><Disclaimer code="DIS40011067" rank="5" referenceName="**** after 3 days of use in White+ mode vs a manual"><DisclaimerText>**** after 3 days of use in White+ mode vs a manual toothbrush</DisclaimerText><DisclaimElements/></Disclaimer><Disclaimer code="DIS40011068" rank="6" referenceName="***** based on two periods of two-minute brushings per day"><DisclaimerText>***** based on two periods of two-minute brushings per day on standard mode</DisclaimerText><DisclaimElements/></Disclaimer></Disclaimers><ProductReference ProductReferenceType="Accessory"><CTN>HX8071/17</CTN><ProductReferenceRank>0</ProductReferenceRank></ProductReference><ProductReference ProductReferenceType="Accessory"><CTN>HX8072/01</CTN><ProductReferenceRank>0</ProductReferenceRank></ProductReference><ProductReference ProductReferenceType="Accessory"><CTN>HX8072/11</CTN><ProductReferenceRank>0</ProductReferenceRank></ProductReference><ProductReference ProductReferenceType="Accessory"><CTN>HX9041/18</CTN><ProductReferenceRank>0</ProductReferenceRank></ProductReference><ProductReference ProductReferenceType="Accessory"><CTN>HX9042/17</CTN><ProductReferenceRank>0</ProductReferenceRank></ProductReference><ProductReference ProductReferenceType="Accessory"><CTN>HX9042/24</CTN><ProductReferenceRank>0</ProductReferenceRank></ProductReference><ProductReference ProductReferenceType="Accessory"><CTN>HX9042/33</CTN><ProductReferenceRank>0</ProductReferenceRank></ProductReference><ProductReference ProductReferenceType="Accessory"><CTN>HX9042/65</CTN><ProductReferenceRank>0</ProductReferenceRank></ProductReference><ProductReference ProductReferenceType="Accessory"><CTN>HX9042/67</CTN><ProductReferenceRank>0</ProductReferenceRank></ProductReference><ProductReference ProductReferenceType="Accessory"><CTN>HX9042/95</CTN><ProductReferenceRank>0</ProductReferenceRank></ProductReference><ProductReference ProductReferenceType="Accessory"><CTN>HX9043/15</CTN><ProductReferenceRank>0</ProductReferenceRank></ProductReference><ProductReference ProductReferenceType="Accessory"><CTN>HX9043/24</CTN><ProductReferenceRank>0</ProductReferenceRank></ProductReference><ProductReference ProductReferenceType="Accessory"><CTN>HX9043/25</CTN><ProductReferenceRank>0</ProductReferenceRank></ProductReference><ProductReference ProductReferenceType="Accessory"><CTN>HX9043/32</CTN><ProductReferenceRank>0</ProductReferenceRank></ProductReference><ProductReference ProductReferenceType="Accessory"><CTN>HX9044/06</CTN><ProductReferenceRank>0</ProductReferenceRank></ProductReference><ProductReference ProductReferenceType="Accessory"><CTN>HX9044/08</CTN><ProductReferenceRank>0</ProductReferenceRank></ProductReference><ProductReference ProductReferenceType="Accessory"><CTN>HX9044/17</CTN><ProductReferenceRank>0</ProductReferenceRank></ProductReference><ProductReference ProductReferenceType="Accessory"><CTN>HX9044/33</CTN><ProductReferenceRank>0</ProductReferenceRank></ProductReference><ProductReference ProductReferenceType="Accessory"><CTN>HX9044/65</CTN><ProductReferenceRank>0</ProductReferenceRank></ProductReference><ProductReference ProductReferenceType="Accessory"><CTN>HX9044/95</CTN><ProductReferenceRank>0</ProductReferenceRank></ProductReference><ProductReference ProductReferenceType="Accessory"><CTN>HX9045/50</CTN><ProductReferenceRank>0</ProductReferenceRank></ProductReference><ProductReference ProductReferenceType="Accessory"><CTN>HX9046/71</CTN><ProductReferenceRank>0</ProductReferenceRank></ProductReference><ProductReference ProductReferenceType="Accessory"><CTN>HX9051/08</CTN><ProductReferenceRank>0</ProductReferenceRank></ProductReference><ProductReference ProductReferenceType="Accessory"><CTN>HX9052/17</CTN><ProductReferenceRank>0</ProductReferenceRank></ProductReference><ProductReference ProductReferenceType="Accessory"><CTN>HX9052/24</CTN><ProductReferenceRank>0</ProductReferenceRank></ProductReference><ProductReference ProductReferenceType="Accessory"><CTN>HX9052/25</CTN><ProductReferenceRank>0</ProductReferenceRank></ProductReference><ProductReference ProductReferenceType="Accessory"><CTN>HX9052/33</CTN><ProductReferenceRank>0</ProductReferenceRank></ProductReference><ProductReference ProductReferenceType="Accessory"><CTN>HX9052/65</CTN><ProductReferenceRank>0</ProductReferenceRank></ProductReference><ProductReference ProductReferenceType="Accessory"><CTN>HX9052/67</CTN><ProductReferenceRank>0</ProductReferenceRank></ProductReference><ProductReference ProductReferenceType="Accessory"><CTN>HX9052/95</CTN><ProductReferenceRank>0</ProductReferenceRank></ProductReference><ProductReference ProductReferenceType="Accessory"><CTN>HX9053/15</CTN><ProductReferenceRank>0</ProductReferenceRank></ProductReference><ProductReference ProductReferenceType="Accessory"><CTN>HX9053/24</CTN><ProductReferenceRank>0</ProductReferenceRank></ProductReference><ProductReference ProductReferenceType="Accessory"><CTN>HX9053/25</CTN><ProductReferenceRank>0</ProductReferenceRank></ProductReference><ProductReference ProductReferenceType="Accessory"><CTN>HX9053/32</CTN><ProductReferenceRank>0</ProductReferenceRank></ProductReference><ProductReference ProductReferenceType="Accessory"><CTN>HX9054/06</CTN><ProductReferenceRank>0</ProductReferenceRank></ProductReference><ProductReference ProductReferenceType="Accessory"><CTN>HX9054/17</CTN><ProductReferenceRank>0</ProductReferenceRank></ProductReference><ProductReference ProductReferenceType="Accessory"><CTN>HX9054/33</CTN><ProductReferenceRank>0</ProductReferenceRank></ProductReference><ProductReference ProductReferenceType="Accessory"><CTN>HX9054/65</CTN><ProductReferenceRank>0</ProductReferenceRank></ProductReference><ProductReference ProductReferenceType="Accessory"><CTN>HX9054/95</CTN><ProductReferenceRank>0</ProductReferenceRank></ProductReference><ProductReference ProductReferenceType="Accessory"><CTN>HX9055/50</CTN><ProductReferenceRank>0</ProductReferenceRank></ProductReference><ProductReference ProductReferenceType="Accessory"><CTN>HX9061/08</CTN><ProductReferenceRank>0</ProductReferenceRank></ProductReference><ProductReference ProductReferenceType="Accessory"><CTN>HX9062/15</CTN><ProductReferenceRank>0</ProductReferenceRank></ProductReference><ProductReference ProductReferenceType="Accessory"><CTN>HX9062/17</CTN><ProductReferenceRank>0</ProductReferenceRank></ProductReference><ProductReference ProductReferenceType="Accessory"><CTN>HX9062/33</CTN><ProductReferenceRank>0</ProductReferenceRank></ProductReference><ProductReference ProductReferenceType="Accessory"><CTN>HX9062/65</CTN><ProductReferenceRank>0</ProductReferenceRank></ProductReference><ProductReference ProductReferenceType="Accessory"><CTN>HX9062/67</CTN><ProductReferenceRank>0</ProductReferenceRank></ProductReference><ProductReference ProductReferenceType="Accessory"><CTN>HX9062/95</CTN><ProductReferenceRank>0</ProductReferenceRank></ProductReference><ProductReference ProductReferenceType="Accessory"><CTN>HX9063/15</CTN><ProductReferenceRank>0</ProductReferenceRank></ProductReference><ProductReference ProductReferenceType="Accessory"><CTN>HX9063/32</CTN><ProductReferenceRank>0</ProductReferenceRank></ProductReference><ProductReference ProductReferenceType="Accessory"><CTN>HX9064/06</CTN><ProductReferenceRank>0</ProductReferenceRank></ProductReference><ProductReference ProductReferenceType="Accessory"><CTN>HX9064/17</CTN><ProductReferenceRank>0</ProductReferenceRank></ProductReference><ProductReference ProductReferenceType="Accessory"><CTN>HX9064/33</CTN><ProductReferenceRank>0</ProductReferenceRank></ProductReference><ProductReference ProductReferenceType="Accessory"><CTN>HX9064/65</CTN><ProductReferenceRank>0</ProductReferenceRank></ProductReference><ProductReference ProductReferenceType="Accessory"><CTN>HX9064/95</CTN><ProductReferenceRank>0</ProductReferenceRank></ProductReference><ProductReference ProductReferenceType="Accessory"><CTN>HX9073/07</CTN><ProductReferenceRank>0</ProductReferenceRank></ProductReference><ProductReference ProductReferenceType="Accessory"><CTN>HX9073/15</CTN><ProductReferenceRank>0</ProductReferenceRank></ProductReference><ProductReference ProductReferenceType="Accessory"><CTN>HX9073/32</CTN><ProductReferenceRank>0</ProductReferenceRank></ProductReference><ProductReference ProductReferenceType="Accessory"><CTN>HX9073/33</CTN><ProductReferenceRank>0</ProductReferenceRank></ProductReference><ProductReference ProductReferenceType="Accessory"><CTN>HX9073/65</CTN><ProductReferenceRank>0</ProductReferenceRank></ProductReference><ProductReference ProductReferenceType="Accessory"><CTN>HX9073/67</CTN><ProductReferenceRank>0</ProductReferenceRank></ProductReference><ProductReference ProductReferenceType="Accessory"><CTN>HX9076/07</CTN><ProductReferenceRank>0</ProductReferenceRank></ProductReference><RichTexts/></Product></Products>