<?xml version="1.0" encoding="UTF-8"?><Products xmlns:source="http://apache.org/cocoon/source/1.0" DocStatus="approved" DocTimeStamp="2018-10-23T10:49:56"><Product Country="US" IsAccessory="false" IsMaster="false" Locale="en_US" lastModified="2018-10-23T04:30:06" masterLastModified="2016-01-30T00:02:54"><CTN>7315XL/17</CTN><Code12NC>000000000000</Code12NC><GTIN>00075020004970</GTIN><MarketingVersion>3.0.1</MarketingVersion><MarketingStatus>Final Published</MarketingStatus><CRDate>2008-08-08</CRDate><CRDateYW>200832</CRDateYW><ModelYears><ModelYear>2008</ModelYear><ModelYear>2009</ModelYear><ModelYear>2010</ModelYear></ModelYears><ProductDivision><ProductDivisionCode>0200</ProductDivisionCode><ProductDivisionName>Consumer Lifestyle</ProductDivisionName><FormerPDCode>0300</FormerPDCode></ProductDivision><ProductOwner>Adelina Vlad</ProductOwner><DTN>7315XL</DTN><Catalog><StartOfPublication>2008-09-08T00:00:00</StartOfPublication><EndOfPublication>2099-12-31T00:00:00</EndOfPublication><StartOfSales>2008-09-08T00:00:00</StartOfSales><EndOfSales>2012-09-08T00:00:00</EndOfSales><DummyPrice>54.99</DummyPrice><Deleted>false</Deleted><DeleteAfterDate/><ProductRank>50</ProductRank></Catalog><FinancialCategorization><BusinessGroupCode>9044</BusinessGroupCode><BusinessGroupName>Personal Care</BusinessGroupName><BusinessUnitCode>0321</BusinessUnitCode><BusinessUnitName>Male Grooming</BusinessUnitName><MainArticleGroupCode>E01</MainArticleGroupCode><MainArticleGroupName>Shaving 3 Heads</MainArticleGroupName><ArticleGroupCode>0618</ArticleGroupCode><ArticleGroupName>Other Shaving Core Range</ArticleGroupName></FinancialCategorization><Categorization type="CONSUMER"><GroupCode>PERSONAL_CARE_GR</GroupCode><GroupName>Personal care</GroupName><CategoryCode>MENS_SHAVING_CA</CategoryCode><CategoryName>FACE Shavers</CategoryName><SubcategoryCode>SERIES_SHAVERS_SU</SubcategoryCode><SubcategoryName>Series shavers</SubcategoryName></Categorization><Assets><Asset code="7315XL_17" description="User manual" extension="pdf" lastModified="2008-08-21" locale="en_US" number="001" type="DFU">http://download.p4c.philips.com/files/7/7315xl_17/7315xl_17_dfu_aen.pdf</Asset><Asset code="7315XL_17" description="Leaflet" extension="pdf" lastModified="2018-10-21" locale="en_US" number="001" type="PSS">http://download.p4c.philips.com/files/7/7315xl_17/7315xl_17_pss_aenus.pdf</Asset><Asset code="7315XL_17" description="Front product photograph - highres 2196x1795" extension="jpg" lastModified="2009-10-14" locale="global" number="001" type="_FP">http://images.philips.com/is/image/PhilipsConsumer/7315XL_17-_FP-global-001</Asset><Asset code="7315XL_17" description="Emotional benefit photograph - highres 514x514" extension="tif" lastModified="2018-03-16" locale="global" number="001" type="BPP">http://images.philips.com/is/image/PhilipsConsumer/7315XL_17-BPP-global-001</Asset><Asset code="7315XL_17" description="Product detail 1 - highres 2196x1795" extension="jpg" lastModified="2009-10-16" locale="global" number="001" type="D1P">http://images.philips.com/is/image/PhilipsConsumer/7315XL_17-D1P-global-001</Asset><Asset code="7315XL_17" description="Product detail photograph - highres 2196x2196" extension="tif" lastModified="2009-10-16" locale="global" number="001" type="DPP">http://images.philips.com/is/image/PhilipsConsumer/7315XL_17-DPP-global-001</Asset><Asset code="7315XL_17" description="Leaflet" extension="pdf" lastModified="2018-03-18" locale="global" number="001" type="PSS">http://download.p4c.philips.com/files/7/7315xl_17/7315xl_17_pss_.pdf</Asset><Asset code="7315XL_17" description="Standard product photograph - highres 2196x1795" extension="jpg" lastModified="2008-07-28" locale="global" number="001" type="RTP">http://images.philips.com/is/image/PhilipsConsumer/7315XL_17-RTP-global-001</Asset><Asset code="7315XL_17" description="Single product shot" extension="" lastModified="2018-10-23" locale="en_US" number="" type="IMS">http://images.philips.com/is/image/PhilipsConsumer/7315XL_17-IMS-en_US</Asset><Asset code="7315XL_17" description="Product gallery image set" extension="" lastModified="2018-10-23" locale="en_US" number="" type="GAL">http://images.philips.com/is/image/PhilipsConsumer/7315XL_17-GAL-en_US</Asset><Asset code="7315XL_17" description="Product URL" extension="" lastModified="2018-10-23" locale="en_US" number="" type="URL">http://www.usa.philips.com/c-p/7315XL_17/norelco-7000-series-electric-razor</Asset><Asset code="ALS_10000002" description="Award www" extension="html" lastModified="" locale="en_US" number="001" type="AWW">http://alatest.co.uk/redirect/sources/10000002/50428/</Asset><Asset code="FEA_0000024_7315XL_17" description="Feature photograph - highres 2100x1170" extension="tif" lastModified="2009-09-25" locale="global" number="001" type="FIL">http://images.philips.com/is/image/PhilipsConsumer/FEA_0000024_7315XL_17-FIL-global-001</Asset><Asset code="FEA_0000025_7315XL_17" description="Feature photograph - highres 2100x1170" extension="tif" lastModified="2009-08-06" locale="global" number="001" type="FIL">http://images.philips.com/is/image/PhilipsConsumer/FEA_0000025_7315XL_17-FIL-global-001</Asset><Asset code="FEA_0000029_7315XL_17" description="Feature photograph - highres 2100x1170" extension="tif" lastModified="2009-11-02" locale="global" number="001" type="FIL">http://images.philips.com/is/image/PhilipsConsumer/FEA_0000029_7315XL_17-FIL-global-001</Asset><Asset code="FEA_0000076_7315XL_17" description="Feature photograph - highres 2100x1170" extension="tif" lastModified="2009-08-06" locale="global" number="001" type="FIL">http://images.philips.com/is/image/PhilipsConsumer/FEA_0000076_7315XL_17-FIL-global-001</Asset><Asset code="FEA_0002803_7315XL_17" description="Feature photograph - highres 2100x1170" extension="tif" lastModified="2009-09-25" locale="global" number="001" type="FIL">http://images.philips.com/is/image/PhilipsConsumer/FEA_0002803_7315XL_17-FIL-global-001</Asset><Asset code="NOR" description="Brand logo - highres 1476x886" extension="jpg" lastModified="2011-08-30" locale="global" number="001" type="BRP">http://images.philips.com/is/image/PhilipsConsumer/NOR-BRP-global-001</Asset><Asset code="PHI" description="Brand logo - highres 1476x886" extension="tif" lastModified="2016-02-18" locale="global" number="001" type="BRP">http://images.philips.com/is/image/PhilipsConsumer/PHI-BRP-global-001</Asset></Assets><ProductName>Electric razor</ProductName><FullProductName>Philips Norelco 7000 series Electric razor 7315XL</FullProductName><NamingString><MasterBrand><BrandCode>PHI</BrandCode><BrandName>Philips</BrandName></MasterBrand><Partner><PartnerBrand><BrandCode>NOR</BrandCode><BrandName>Norelco</BrandName></PartnerBrand><PartnerBrandType>MakersMark</PartnerBrandType></Partner><BrandString>Philips Norelco</BrandString><Family><FamilyCode>SB40000441</FamilyCode><FamilyName>7000 series</FamilyName><FamilyNameUsed>0</FamilyNameUsed></Family><Descriptor><DescriptorCode>NSD_000161</DescriptorCode><DescriptorName>Electric razor</DescriptorName></Descriptor><Alphanumeric>7315XL</Alphanumeric><VersionString/><BrandedFeatureString/><DescriptorBrandedFeatureString>Electric razor</DescriptorBrandedFeatureString></NamingString><WOW>Comfortably close</WOW><MarketingTextHeader>This fully washable shaver allows you to rinse the shaver under the tab every time after use. You can count on a comfortable and close shave every day.</MarketingTextHeader><KeyBenefitArea><KeyBenefitAreaCode>KBA_0000027</KeyBenefitAreaCode><KeyBenefitAreaName>Simply rinses clean</KeyBenefitAreaName><KeyBenefitAreaRank>1</KeyBenefitAreaRank><Feature><FeatureCode>FEA_0000029_7315XL_17</FeatureCode><FeatureReferenceName>Washable shaver Image 1 (FL)</FeatureReferenceName><FeatureName>Washable shaver</FeatureName><FeatureLongDescription>Washable shaver</FeatureLongDescription><FeatureGlossary>The waterproof shaver can be easily rinsed under the tap.</FeatureGlossary><FeatureRank>1</FeatureRank><FeatureTopRank>1</FeatureTopRank></Feature></KeyBenefitArea><KeyBenefitArea><KeyBenefitAreaCode>KBA_0001081</KeyBenefitAreaCode><KeyBenefitAreaName>Smooth skin contact</KeyBenefitAreaName><KeyBenefitAreaRank>2</KeyBenefitAreaRank><Feature><FeatureCode>FEA_0002803_7315XL_17</FeatureCode><FeatureReferenceName>Comfort shaving heads</FeatureReferenceName><FeatureName>Comfort shaving heads</FeatureName><FeatureLongDescription>Comfort shaving heads</FeatureLongDescription><FeatureGlossary>The skin friendly profile of these philips shaving heads enables smooth skin contact for a comfortable shave.</FeatureGlossary><FeatureRank>2</FeatureRank><FeatureTopRank>2</FeatureTopRank></Feature></KeyBenefitArea><KeyBenefitArea><KeyBenefitAreaCode>KBA_0000024</KeyBenefitAreaCode><KeyBenefitAreaName>Comfortably close</KeyBenefitAreaName><KeyBenefitAreaRank>3</KeyBenefitAreaRank><Feature><FeatureCode>FEA_0000024_7315XL_17</FeatureCode><FeatureReferenceName>Super Lift &amp; Cut technology (FL)</FeatureReferenceName><FeatureName>Super Lift &amp; Cut technology</FeatureName><FeatureLongDescription>Super Lift &amp; Cut technology</FeatureLongDescription><FeatureGlossary>The dual blade system of this electric shaver lifts hairs to cut comfortably below skin level.</FeatureGlossary><FeatureRank>4</FeatureRank><FeatureTopRank>3</FeatureTopRank></Feature></KeyBenefitArea><KeyBenefitArea><KeyBenefitAreaCode>KBA_0000053</KeyBenefitAreaCode><KeyBenefitAreaName>Moustache and sideburn trimming</KeyBenefitAreaName><KeyBenefitAreaRank>4</KeyBenefitAreaRank><Feature><FeatureCode>FEA_0000076_7315XL_17</FeatureCode><FeatureReferenceName>Pop-up trimmer (spring)</FeatureReferenceName><FeatureName>Pop-up trimmer</FeatureName><FeatureLongDescription>Spring released pop-up trimmer</FeatureLongDescription><FeatureGlossary>Full width, pop-up trimmer is perfect for grooming sideburns and moustache.</FeatureGlossary><FeatureRank>3</FeatureRank><FeatureTopRank>4</FeatureTopRank></Feature></KeyBenefitArea><KeyBenefitArea><KeyBenefitAreaCode>KBA_0000028</KeyBenefitAreaCode><KeyBenefitAreaName>Adjusts to every curve of your face and neck</KeyBenefitAreaName><KeyBenefitAreaRank>5</KeyBenefitAreaRank><Feature><FeatureCode>FEA_0000025_7315XL_17</FeatureCode><FeatureReferenceName>Reflex Action system</FeatureReferenceName><FeatureName>Reflex Action system</FeatureName><FeatureLongDescription>Reflex Action system</FeatureLongDescription><FeatureGlossary>Automatically adjusts to every curve of your face and neck.</FeatureGlossary><FeatureRank>5</FeatureRank><FeatureTopRank>5</FeatureTopRank></Feature></KeyBenefitArea><FeatureImage><FeatureCode>FEA_0000029_7315XL_17</FeatureCode><FeatureReferenceName>Washable shaver Image 1 (FL)</FeatureReferenceName><FeatureImageRank>1</FeatureImageRank></FeatureImage><FeatureImage><FeatureCode>FEA_0002803_7315XL_17</FeatureCode><FeatureReferenceName>Comfort shaving heads</FeatureReferenceName><FeatureImageRank>2</FeatureImageRank></FeatureImage><FeatureImage><FeatureCode>FEA_0000024_7315XL_17</FeatureCode><FeatureReferenceName>Super Lift &amp; Cut technology (FL)</FeatureReferenceName><FeatureImageRank>3</FeatureImageRank></FeatureImage><FeatureImage><FeatureCode>FEA_0000076_7315XL_17</FeatureCode><FeatureReferenceName>Pop-up trimmer (spring)</FeatureReferenceName><FeatureImageRank>4</FeatureImageRank></FeatureImage><FeatureImage><FeatureCode>FEA_0000025_7315XL_17</FeatureCode><FeatureReferenceName>Reflex Action system</FeatureReferenceName><FeatureImageRank>5</FeatureImageRank></FeatureImage><FeatureHighlight><FeatureCode>FEA_0000029_7315XL_17</FeatureCode><FeatureReferenceName>Washable shaver Image 1 (FL)</FeatureReferenceName><FeatureHighlightRank>1</FeatureHighlightRank></FeatureHighlight><FeatureHighlight><FeatureCode>FEA_0002803_7315XL_17</FeatureCode><FeatureReferenceName>Comfort shaving heads</FeatureReferenceName><FeatureHighlightRank>2</FeatureHighlightRank></FeatureHighlight><FeatureHighlight><FeatureCode>FEA_0000024_7315XL_17</FeatureCode><FeatureReferenceName>Super Lift &amp; Cut technology (FL)</FeatureReferenceName><FeatureHighlightRank>3</FeatureHighlightRank></FeatureHighlight><FeatureHighlight><FeatureCode>FEA_0000076_7315XL_17</FeatureCode><FeatureReferenceName>Pop-up trimmer (spring)</FeatureReferenceName><FeatureHighlightRank>4</FeatureHighlightRank></FeatureHighlight><FeatureHighlight><FeatureCode>FEA_0000025_7315XL_17</FeatureCode><FeatureReferenceName>Reflex Action system</FeatureReferenceName><FeatureHighlightRank>5</FeatureHighlightRank></FeatureHighlight><CSChapter><CSChapterCode>CH4001523</CSChapterCode><CSChapterName>Shaving Performance</CSChapterName><CSChapterRank>1</CSChapterRank><CSItem><CSItemCode>IT4007976</CSItemCode><CSItemName>Shaving system</CSItemName><CSItemRank>1</CSItemRank><CSItemIsFreeFormat>0</CSItemIsFreeFormat><CSValue><CSValueCode>VA4019945</CSValueCode><CSValueName>Super Lift &amp; Cut technology</CSValueName><CSValueRank>1</CSValueRank></CSValue></CSItem><CSItem><CSItemCode>IT4007977</CSItemCode><CSItemName>Contour-following</CSItemName><CSItemRank>2</CSItemRank><CSItemIsFreeFormat>0</CSItemIsFreeFormat><CSValue><CSValueCode>VA4019950</CSValueCode><CSValueName>Reflex Action system</CSValueName><CSValueRank>1</CSValueRank></CSValue><CSValue><CSValueCode>VA4019951</CSValueCode><CSValueName>Individual floating heads</CSValueName><CSValueRank>2</CSValueRank></CSValue></CSItem><CSItem><CSItemCode>IT4007978</CSItemCode><CSItemName>Skin comfort</CSItemName><CSItemRank>3</CSItemRank><CSItemIsFreeFormat>0</CSItemIsFreeFormat><CSValue><CSValueCode>VA4019955</CSValueCode><CSValueName>Comfort shaving heads</CSValueName><CSValueRank>1</CSValueRank></CSValue></CSItem></CSChapter><CSChapter><CSChapterCode>CH4001524</CSChapterCode><CSChapterName>Ease of use</CSChapterName><CSChapterRank>2</CSChapterRank><CSItem><CSItemCode>IT4007980</CSItemCode><CSItemName>Display</CSItemName><CSItemRank>1</CSItemRank><CSItemIsFreeFormat>0</CSItemIsFreeFormat><CSValue><CSValueCode>VA4019959</CSValueCode><CSValueName>Battery full indicator</CSValueName><CSValueRank>1</CSValueRank></CSValue><CSValue><CSValueCode>VA4019962</CSValueCode><CSValueName>Charge indicator</CSValueName><CSValueRank>2</CSValueRank></CSValue></CSItem><CSItem><CSItemCode>IT4007981</CSItemCode><CSItemName>Charging</CSItemName><CSItemRank>2</CSItemRank><CSItemIsFreeFormat>0</CSItemIsFreeFormat><CSValue><CSValueCode>VA4019966</CSValueCode><CSValueName>Corded/cordless</CSValueName><CSValueRank>1</CSValueRank></CSValue></CSItem><CSItem><CSItemCode>IT4007982</CSItemCode><CSItemName>Charging</CSItemName><CSItemRank>3</CSItemRank><CSItemIsFreeFormat>1</CSItemIsFreeFormat><CSValue><CSValueCode>VA4019887</CSValueCode><CSValueName>8 hours</CSValueName><CSValueRank>1</CSValueRank></CSValue></CSItem><CSItem><CSItemCode>IT4007984</CSItemCode><CSItemName>Shaving time</CSItemName><CSItemRank>4</CSItemRank><CSItemIsFreeFormat>1</CSItemIsFreeFormat><CSValue><CSValueCode>VA4019888</CSValueCode><CSValueName>10 days</CSValueName><CSValueRank>1</CSValueRank></CSValue></CSItem><CSItem><CSItemCode>IT4007985</CSItemCode><CSItemName>Cleaning</CSItemName><CSItemRank>5</CSItemRank><CSItemIsFreeFormat>0</CSItemIsFreeFormat><CSValue><CSValueCode>VA4019973</CSValueCode><CSValueName>Washable</CSValueName><CSValueRank>1</CSValueRank></CSValue></CSItem></CSChapter><CSChapter><CSChapterCode>3001096</CSChapterCode><CSChapterName>Design</CSChapterName><CSChapterRank>3</CSChapterRank><CSItem><CSItemCode>IT4007987</CSItemCode><CSItemName>Finishing</CSItemName><CSItemRank>1</CSItemRank><CSItemIsFreeFormat>0</CSItemIsFreeFormat><CSValue><CSValueCode>VA4019979</CSValueCode><CSValueName>Lacquer</CSValueName><CSValueRank>1</CSValueRank></CSValue></CSItem></CSChapter><CSChapter><CSChapterCode>3000815</CSChapterCode><CSChapterName>Accessories</CSChapterName><CSChapterRank>4</CSChapterRank><CSItem><CSItemCode>IT4007992</CSItemCode><CSItemName>Maintenance</CSItemName><CSItemRank>2</CSItemRank><CSItemIsFreeFormat>0</CSItemIsFreeFormat><CSValue><CSValueCode>VA4019995</CSValueCode><CSValueName>Cleaning brush</CSValueName><CSValueRank>1</CSValueRank></CSValue><CSValue><CSValueCode>VA4019996</CSValueCode><CSValueName>Protective cap</CSValueName><CSValueRank>2</CSValueRank></CSValue></CSItem></CSChapter><Filters><Purpose type="Comparison"><Features><Feature code="FEA_0000029_7315XL_17" rank="1" referenceName="Washable shaver Image 1 (FL)"/><Feature code="FEA_0002803_7315XL_17" rank="2" referenceName="Comfort shaving heads"/><Feature code="FEA_0000024_7315XL_17" rank="3" referenceName="Super Lift &amp; Cut technology (FL)"/><Feature code="FEA_0000076_7315XL_17" rank="4" referenceName="Pop-up trimmer (spring)"/><Feature code="FEA_0000025_7315XL_17" rank="5" referenceName="Reflex Action system"/></Features><CSItems><CSItem code="IT4007976" rank="1" referenceName="Shaving Performance - Shaving system"/><CSItem code="IT4007980" rank="1" referenceName="Ease of use - Display"/><CSItem code="IT4007987" rank="1" referenceName="Design - Finishing"/><CSItem code="IT4007977" rank="2" referenceName="Shaving Performance - Contour-following"/><CSItem code="IT4007981" rank="2" referenceName="Ease of use - Charging"/><CSItem code="IT4007992" rank="2" referenceName="Accessories - Maintenance"/><CSItem code="IT4007978" rank="3" referenceName="Shaving Performance - Skin comfort"/><CSItem code="IT4007982" rank="3" referenceName="Ease of use - Charging"/><CSItem code="IT4007984" rank="4" referenceName="Ease of use - Shaving time"/><CSItem code="IT4007985" rank="5" referenceName="Ease of use - Cleaning"/></CSItems></Purpose><Purpose type="Detail"><Features><Feature code="FEA_0000029_7315XL_17" rank="1" referenceName="Washable shaver Image 1 (FL)"/><Feature code="FEA_0002803_7315XL_17" rank="2" referenceName="Comfort shaving heads"/><Feature code="FEA_0000024_7315XL_17" rank="3" referenceName="Super Lift &amp; Cut technology (FL)"/><Feature code="FEA_0000076_7315XL_17" rank="4" referenceName="Pop-up trimmer (spring)"/><Feature code="FEA_0000025_7315XL_17" rank="5" referenceName="Reflex Action system"/></Features><CSItems><CSItem code="IT4007976" rank="1" referenceName="Shaving Performance - Shaving system"/><CSItem code="IT4007980" rank="1" referenceName="Ease of use - Display"/><CSItem code="IT4007987" rank="1" referenceName="Design - Finishing"/><CSItem code="IT4007977" rank="2" referenceName="Shaving Performance - Contour-following"/><CSItem code="IT4007981" rank="2" referenceName="Ease of use - Charging"/><CSItem code="IT4007992" rank="2" referenceName="Accessories - Maintenance"/><CSItem code="IT4007978" rank="3" referenceName="Shaving Performance - Skin comfort"/><CSItem code="IT4007982" rank="3" referenceName="Ease of use - Charging"/><CSItem code="IT4007984" rank="4" referenceName="Ease of use - Shaving time"/><CSItem code="IT4007985" rank="5" referenceName="Ease of use - Cleaning"/></CSItems></Purpose></Filters><FeatureCompareGroups/><Disclaimers/><AccessoryByPacked><AccessoryByPackedCode>40001839</AccessoryByPackedCode><AccessoryByPackedReference>Cleaning brush</AccessoryByPackedReference><AccessoryByPackedName>Cleaning brush</AccessoryByPackedName><AccessoryByPackedRank>1</AccessoryByPackedRank></AccessoryByPacked><AccessoryByPacked><AccessoryByPackedCode>40001958</AccessoryByPackedCode><AccessoryByPackedReference>Protection cap</AccessoryByPackedReference><AccessoryByPackedName>Protection cap</AccessoryByPackedName><AccessoryByPackedRank>2</AccessoryByPackedRank></AccessoryByPacked><ProductReference ProductReferenceType="Accessory"><CTN>CRP338/01</CTN><ProductReferenceRank>0</ProductReferenceRank></ProductReference><ProductReference ProductReferenceType="Accessory"><CTN>CRP352/01</CTN><ProductReferenceRank>0</ProductReferenceRank></ProductReference><ProductReference ProductReferenceType="Accessory"><CTN>HQ110/01</CTN><ProductReferenceRank>0</ProductReferenceRank></ProductReference><ProductReference ProductReferenceType="Accessory"><CTN>HQ110/02</CTN><ProductReferenceRank>0</ProductReferenceRank></ProductReference><ProductReference ProductReferenceType="Accessory"><CTN>HQ110/42</CTN><ProductReferenceRank>0</ProductReferenceRank></ProductReference><RichTexts/></Product></Products>