<?xml version="1.0" encoding="UTF-8"?><Products xmlns:source="http://apache.org/cocoon/source/1.0" DocStatus="approved" DocTimeStamp="2018-10-23T10:49:56"><Product Country="US" IsAccessory="false" IsMaster="false" Locale="en_US" lastModified="2018-10-23T04:30:06" masterLastModified="2018-08-02T00:35:26"><CTN>HX9044/95</CTN><GTIN>00075020065254</GTIN><MarketingVersion>15.1.1</MarketingVersion><MarketingStatus>Final Published</MarketingStatus><CRDate>2017-01-20</CRDate><CRDateYW>201703</CRDateYW><ModelYears><ModelYear>2017</ModelYear></ModelYears><ProductDivision><ProductDivisionCode>0200</ProductDivisionCode><ProductDivisionName>Consumer Lifestyle</ProductDivisionName><FormerPDCode>0300</FormerPDCode></ProductDivision><ProductOwner>Pranu Johri</ProductOwner><DTN>HX9044/95</DTN><Catalog><StartOfPublication>2017-06-15T00:00:00</StartOfPublication><EndOfPublication>2028-02-20T00:00:00</EndOfPublication><StartOfSales>2017-06-15T00:00:00</StartOfSales><EndOfSales>2028-02-20T00:00:00</EndOfSales><DummyPrice>48.99</DummyPrice><Deleted>false</Deleted><DeleteAfterDate/><ProductRank>50</ProductRank></Catalog><FinancialCategorization><BusinessGroupCode>9050</BusinessGroupCode><BusinessGroupName>Health &amp; Wellness</BusinessGroupName><BusinessUnitCode>0331</BusinessUnitCode><BusinessUnitName>Philips Oral Healthcare</BusinessUnitName><MainArticleGroupCode>I35</MainArticleGroupCode><MainArticleGroupName>Brush Heads</MainArticleGroupName><ArticleGroupCode>7365</ArticleGroupCode><ArticleGroupName>Adaptive Clean BH</ArticleGroupName></FinancialCategorization><Categorization type="CONSUMER"><GroupCode>PERSONAL_CARE_GR</GroupCode><GroupName>Personal care</GroupName><CategoryCode>TOOTHBRUSH_HEADS_CA</CategoryCode><CategoryName>Toothbrush heads</CategoryName><SubcategoryCode>C3_PREMIUM_PLAQUE_CONTROL_SU</SubcategoryCode><SubcategoryName>C3 Premium Plaque Control</SubcategoryName></Categorization><Assets><Asset code="HX9044_95" description="Leaflet" extension="pdf" lastModified="2018-08-02" locale="en_US" number="001" type="PSS">http://download.p4c.philips.com/files/h/hx9044_95/hx9044_95_pss_aenus.pdf</Asset><Asset code="HX9044_95" description="Retail Trade Leaflet" extension="pdf" lastModified="2018-10-22" locale="en_US" number="001" type="RTL">http://download.p4c.philips.com/files/h/hx9044_95/hx9044_95_rtl_aenus.pdf</Asset><Asset code="HX9044_95" description="Alternative product photograph 1 - highres 2196x1795" extension="tif" lastModified="2017-01-31" locale="global" number="001" type="A1P">http://images.philips.com/is/image/PhilipsConsumer/HX9044_95-A1P-global-001</Asset><Asset code="HX9044_95" description="Alternative product photograph 2 - highres 2196x1795" extension="tif" lastModified="2017-02-08" locale="global" number="001" type="A2P">http://images.philips.com/is/image/PhilipsConsumer/HX9044_95-A2P-global-001</Asset><Asset code="HX9044_95" description="Alternative product photograph - highres 2196x1795" extension="tif" lastModified="2017-01-31" locale="global" number="001" type="APP">http://images.philips.com/is/image/PhilipsConsumer/HX9044_95-APP-global-001</Asset><Asset code="HX9044_95" description="Leaflet" extension="pdf" lastModified="2018-08-02" locale="global" number="001" type="PSS">http://download.p4c.philips.com/files/h/hx9044_95/hx9044_95_pss_.pdf</Asset><Asset code="HX9044_95" description="Standard product photograph - highres 2196x1795" extension="tif" lastModified="2017-02-08" locale="global" number="001" type="RTP">http://images.philips.com/is/image/PhilipsConsumer/HX9044_95-RTP-global-001</Asset><Asset code="HX9044_95" description="Single product shot" extension="" lastModified="2018-10-23" locale="en_US" number="" type="IMS">http://images.philips.com/is/image/PhilipsConsumer/HX9044_95-IMS-en_US</Asset><Asset code="HX9044_95" description="Product gallery image set" extension="" lastModified="2018-10-23" locale="en_US" number="" type="GAL">http://images.philips.com/is/image/PhilipsConsumer/HX9044_95-GAL-en_US</Asset><Asset code="HX9044_95" description="Product URL" extension="" lastModified="2018-10-23" locale="en_US" number="" type="URL">http://www.usa.philips.com/c-p/HX9044_95/sonicare-c3-premium-plaque-control-standard-sonic-toothbrush-heads</Asset><Asset code="F400081618" description="Feature photograph - highres 2100x1170" extension="tif" lastModified="2017-02-09" locale="global" number="001" type="FIL">http://images.philips.com/is/image/PhilipsConsumer/F400081618-FIL-global-001</Asset><Asset code="F400081641" description="Feature photograph - highres 2100x1170" extension="tif" lastModified="2017-02-08" locale="global" number="001" type="FIL">http://images.philips.com/is/image/PhilipsConsumer/F400081641-FIL-global-001</Asset><Asset code="F400081642" description="Feature photograph - highres 2100x1170" extension="tif" lastModified="2017-02-06" locale="global" number="001" type="FIL">http://images.philips.com/is/image/PhilipsConsumer/F400081642-FIL-global-001</Asset><Asset code="F400081720" description="Feature photograph - highres 2100x1170" extension="tif" lastModified="2017-02-09" locale="global" number="001" type="FIL">http://images.philips.com/is/image/PhilipsConsumer/F400081720-FIL-global-001</Asset><Asset code="F400081757" description="Feature photograph - highres 2100x1170" extension="tif" lastModified="2017-08-10" locale="global" number="001" type="FIL">http://images.philips.com/is/image/PhilipsConsumer/F400081757-FIL-global-001</Asset><Asset code="F400081862" description="Feature photograph - highres 2100x1170" extension="tif" lastModified="2017-08-10" locale="global" number="001" type="FIL">http://images.philips.com/is/image/PhilipsConsumer/F400081862-FIL-global-001</Asset><Asset code="F400081868" description="Feature photograph - highres 2100x1170" extension="tif" lastModified="2017-08-10" locale="global" number="001" type="FIL">http://images.philips.com/is/image/PhilipsConsumer/F400081868-FIL-global-001</Asset><Asset code="PHI" description="Brand logo - highres 1476x886" extension="tif" lastModified="2016-02-18" locale="global" number="001" type="BRP">http://images.philips.com/is/image/PhilipsConsumer/PHI-BRP-global-001</Asset><Asset code="SB40008654" description="Concept logo - lowres 198x198" extension="tif" lastModified="2017-03-09" locale="global" number="001" type="CLL">http://images.philips.com/is/image/PhilipsConsumer/SB40008654-CLL-global-001</Asset><Asset code="SON" description="Brand logo - highres 1476x886" extension="jpg" lastModified="2012-02-02" locale="global" number="001" type="BRP">http://images.philips.com/is/image/PhilipsConsumer/SON-BRP-global-001</Asset></Assets><ProductName>4-pack Standard sonic toothbrush heads</ProductName><FullProductName>Philips Sonicare C3 Premium Plaque Control Standard sonic toothbrush heads HX9044/95 4-pack Standard size Click-on BrushSync mode pairing</FullProductName><NamingString><MasterBrand><BrandCode>PHI</BrandCode><BrandName>Philips</BrandName></MasterBrand><Partner><PartnerBrand><BrandCode>SON</BrandCode><BrandName>Sonicare</BrandName></PartnerBrand><PartnerBrandType>MakersMark</PartnerBrandType></Partner><BrandString>Philips Sonicare</BrandString><Family><FamilyCode>SB40008654</FamilyCode><FamilyName>C3 Premium Plaque Control</FamilyName><FamilyNameUsed>1</FamilyNameUsed></Family><Descriptor><DescriptorCode>D4012323</DescriptorCode><DescriptorName>Standard sonic toothbrush heads</DescriptorName></Descriptor><Alphanumeric>HX9044/95</Alphanumeric><VersionElement1><VersionElementCode>V4006238</VersionElementCode><VersionElementName>4-pack</VersionElementName></VersionElement1><VersionElement2><VersionElementCode>V4037888</VersionElementCode><VersionElementName>Standard size</VersionElementName></VersionElement2><VersionElement3><VersionElementCode>V4030655</VersionElementCode><VersionElementName>Click-on</VersionElementName></VersionElement3><VersionElement4><VersionElementCode>V4044218</VersionElementCode><VersionElementName>BrushSync mode pairing</VersionElementName></VersionElement4><VersionString>4-pack Standard size Click-on BrushSync mode pairing</VersionString><BrandedFeatureString/><DescriptorBrandedFeatureString>Standard sonic toothbrush heads</DescriptorBrandedFeatureString></NamingString><WOW>Our deepest cleaning brush head</WOW><SubWOW>Up to 10x more plaque removal* for great results</SubWOW><MarketingTextHeader>Get a clean as unique as your smile. Our Premium plaque control adapts to the contours of your teeth and gums thanks to soft, flexing sides that give you 4x more surface contact than a regular brush head** for a comfortable, deep clean.</MarketingTextHeader><KeyBenefitArea><KeyBenefitAreaCode>K4034190</KeyBenefitAreaCode><KeyBenefitAreaName>For exceptional plaque removal</KeyBenefitAreaName><KeyBenefitAreaRank>1</KeyBenefitAreaRank><Feature><FeatureCode>F400081641</FeatureCode><FeatureReferenceName>Up to 10x more plaque removal than [C3 Premium Plaque]</FeatureReferenceName><FeatureName>Say goodbye to plaque</FeatureName><FeatureLongDescription>Up to 10x more plaque removal than a manual toothbrush</FeatureLongDescription><FeatureGlossary>And thanks to its flexible design, it removes up to 10x more plaque from hard-to-reach areas* for a truly deep clean along the gum line and between teeth.</FeatureGlossary><FeatureRank>1</FeatureRank><FeatureTopRank>1</FeatureTopRank></Feature></KeyBenefitArea><KeyBenefitArea><KeyBenefitAreaCode>K4031094</KeyBenefitAreaCode><KeyBenefitAreaName>Philips Sonicare's deepest clean yet</KeyBenefitAreaName><KeyBenefitAreaRank>2</KeyBenefitAreaRank><Feature><FeatureCode>F400081642</FeatureCode><FeatureReferenceName>Up to 4x more surface contact [C3 Premium Plaque Control]</FeatureReferenceName><FeatureName>Adaptive cleaning technology</FeatureName><FeatureLongDescription>Up to 4x more surface contact** for an effortless deep clean</FeatureLongDescription><FeatureGlossary>You get a personalized clean every time you brush with our adaptive cleaning technology. Soft rubber sides flex to let C3 Premium Plaque Control adapt to the shape of your teeth and gums, absorbing any excess brushing pressure and enhancing our sonic cleaning power. Bristles can then adjust to the shape of your teeth and gums so you get up to 4x more surface contact than a regular brush head** for deeper cleaning in hard-to-reach areas.</FeatureGlossary><FeatureRank>1</FeatureRank><FeatureTopRank>2</FeatureTopRank></Feature></KeyBenefitArea><KeyBenefitArea><KeyBenefitAreaCode>K4030502</KeyBenefitAreaCode><KeyBenefitAreaName>Innovative technology</KeyBenefitAreaName><KeyBenefitAreaRank>3</KeyBenefitAreaRank><Feature><FeatureCode>F400081757</FeatureCode><FeatureReferenceName>Automatically selects optimal [C3 Premium Control Black]</FeatureReferenceName><FeatureName>BrushSync™ mode-pairing</FeatureName><FeatureLongDescription>Automatically selects optimal mode for ultimate results***</FeatureLongDescription><FeatureGlossary>You’ll always get the best possible clean with our BrushSync™ mode-pairing feature*. The Philips Sonicare C3 Premium Plaque Control brush head syncs with your BrushSync™ enabled Philips Sonicare toothbrush handle****, selecting the optimal brushing mode and intensity level for exceptional cleaning. All you need to do is start brushing.</FeatureGlossary><FeatureRank>1</FeatureRank><FeatureTopRank>3</FeatureTopRank></Feature><Feature><FeatureCode>F400081862</FeatureCode><FeatureReferenceName>Engineered to boost our unique sonic [C3 Premium black 62]</FeatureReferenceName><FeatureName>Philips Sonicare technology</FeatureName><FeatureLongDescription>Dynamic cleaning action drives fluid between teeth</FeatureLongDescription><FeatureGlossary>Your Sonicare brush head and handle are the ultimate team. Enhancing our sonic technology, they give you unrivaled cleaning. High-speed vibrations in your toothbrush handle power up to 62,000 brush movements per minute that whip up your toothpaste into gentle cleaning bubbles, driving them deep between your teeth and along the gum line for exceptional cleaning.</FeatureGlossary><FeatureRank>2</FeatureRank><FeatureTopRank>4</FeatureTopRank></Feature></KeyBenefitArea><KeyBenefitArea><KeyBenefitAreaCode>K4013253</KeyBenefitAreaCode><KeyBenefitAreaName>Designed to optimize performance</KeyBenefitAreaName><KeyBenefitAreaRank>4</KeyBenefitAreaRank><Feature><FeatureCode>F400081868</FeatureCode><FeatureReferenceName>Always know when to replace [C3 Premium Cotrol black]</FeatureReferenceName><FeatureName>Brush head replacement cues</FeatureName><FeatureLongDescription>Always know when to replace. Always get an effective clean.</FeatureLongDescription><FeatureGlossary>Brush heads become less effective after 3 months of use, but with BrushSync™ you'll be reminded before this happens. Your smart toothbrush will track how often and how hard you brush, and will notify you when it’s time for a replacement. Don’t have a smart Philips Sonicare toothbrush? Just monitor your blue replacement bristles, and when they turn white you’ll know it’s time for a fresh brush head.</FeatureGlossary><FeatureRank>1</FeatureRank><FeatureTopRank>5</FeatureTopRank></Feature><Feature><FeatureCode>F400081720</FeatureCode><FeatureReferenceName>Click-on design [C3 Premium Plaque Control Black]</FeatureReferenceName><FeatureName>Easy to click-on</FeatureName><FeatureLongDescription>Click-on design for simple brush head placement</FeatureLongDescription><FeatureGlossary>Your C3 Premium Plaque Control brush head fits perfectly with any Philips Sonicare toothbrush handle, except PowerUp Battery and Essence. Simply click on and off for easy replacement and cleaning.</FeatureGlossary><FeatureRank>2</FeatureRank><FeatureTopRank>6</FeatureTopRank></Feature><Feature><FeatureCode>F400081618</FeatureCode><FeatureReferenceName>Tested to meet your oral health needs [Nebraska]</FeatureReferenceName><FeatureName>Brushing with peace of mind</FeatureName><FeatureLongDescription>Tested to meet your oral health needs</FeatureLongDescription><FeatureGlossary>All Philips Sonicare brush heads are safe and gentle on teeth and gums. During tests, each brush head is put through its paces to ensure durability and an exceptional performance every time you brush.</FeatureGlossary><FeatureRank>3</FeatureRank><FeatureTopRank>7</FeatureTopRank></Feature></KeyBenefitArea><FeatureImage><FeatureCode>F400081641</FeatureCode><FeatureReferenceName>Up to 10x more plaque removal than [C3 Premium Plaque]</FeatureReferenceName><FeatureImageRank>1</FeatureImageRank></FeatureImage><FeatureImage><FeatureCode>F400081642</FeatureCode><FeatureReferenceName>Up to 4x more surface contact [C3 Premium Plaque Control]</FeatureReferenceName><FeatureImageRank>2</FeatureImageRank></FeatureImage><FeatureImage><FeatureCode>F400081757</FeatureCode><FeatureReferenceName>Automatically selects optimal [C3 Premium Control Black]</FeatureReferenceName><FeatureImageRank>3</FeatureImageRank></FeatureImage><FeatureImage><FeatureCode>F400081862</FeatureCode><FeatureReferenceName>Engineered to boost our unique sonic [C3 Premium black 62]</FeatureReferenceName><FeatureImageRank>4</FeatureImageRank></FeatureImage><FeatureImage><FeatureCode>F400081868</FeatureCode><FeatureReferenceName>Always know when to replace [C3 Premium Cotrol black]</FeatureReferenceName><FeatureImageRank>5</FeatureImageRank></FeatureImage><FeatureImage><FeatureCode>F400081720</FeatureCode><FeatureReferenceName>Click-on design [C3 Premium Plaque Control Black]</FeatureReferenceName><FeatureImageRank>6</FeatureImageRank></FeatureImage><FeatureImage><FeatureCode>F400081618</FeatureCode><FeatureReferenceName>Tested to meet your oral health needs [Nebraska]</FeatureReferenceName><FeatureImageRank>7</FeatureImageRank></FeatureImage><FeatureHighlight><FeatureCode>F400081641</FeatureCode><FeatureReferenceName>Up to 10x more plaque removal than [C3 Premium Plaque]</FeatureReferenceName><FeatureHighlightRank>1</FeatureHighlightRank></FeatureHighlight><FeatureHighlight><FeatureCode>F400081642</FeatureCode><FeatureReferenceName>Up to 4x more surface contact [C3 Premium Plaque Control]</FeatureReferenceName><FeatureHighlightRank>2</FeatureHighlightRank></FeatureHighlight><FeatureHighlight><FeatureCode>F400081757</FeatureCode><FeatureReferenceName>Automatically selects optimal [C3 Premium Control Black]</FeatureReferenceName><FeatureHighlightRank>3</FeatureHighlightRank></FeatureHighlight><FeatureHighlight><FeatureCode>F400081862</FeatureCode><FeatureReferenceName>Engineered to boost our unique sonic [C3 Premium black 62]</FeatureReferenceName><FeatureHighlightRank>4</FeatureHighlightRank></FeatureHighlight><FeatureHighlight><FeatureCode>F400081868</FeatureCode><FeatureReferenceName>Always know when to replace [C3 Premium Cotrol black]</FeatureReferenceName><FeatureHighlightRank>5</FeatureHighlightRank></FeatureHighlight><FeatureHighlight><FeatureCode>F400081720</FeatureCode><FeatureReferenceName>Click-on design [C3 Premium Plaque Control Black]</FeatureReferenceName><FeatureHighlightRank>6</FeatureHighlightRank></FeatureHighlight><FeatureHighlight><FeatureCode>F400081618</FeatureCode><FeatureReferenceName>Tested to meet your oral health needs [Nebraska]</FeatureReferenceName><FeatureHighlightRank>7</FeatureHighlightRank></FeatureHighlight><CSChapter><CSChapterCode>CH4002821</CSChapterCode><CSChapterName>Items included</CSChapterName><CSChapterRank>1</CSChapterRank><CSItem><CSItemCode>IT4015645</CSItemCode><CSItemName>Brush heads</CSItemName><CSItemRank>1</CSItemRank><CSItemIsFreeFormat>0</CSItemIsFreeFormat><CSValue><CSValueCode>VA4099086</CSValueCode><CSValueName>4 C3 Premium Plaque Control</CSValueName><CSValueRank>42</CSValueRank></CSValue></CSItem></CSChapter><CSChapter><CSChapterCode>CHA_0000020</CSChapterCode><CSChapterName>Design and finishing</CSChapterName><CSChapterRank>2</CSChapterRank><CSItem><CSItemCode>IT4042907</CSItemCode><CSItemName>Smart Brush Head Recognition</CSItemName><CSItemRank>1</CSItemRank><CSItemIsFreeFormat>0</CSItemIsFreeFormat><CSValue><CSValueCode>VA4099157</CSValueCode><CSValueName>Yes</CSValueName><CSValueRank>4</CSValueRank></CSValue></CSItem><CSItem><CSItemCode>IT4036489</CSItemCode><CSItemName>Bristle stiffness feel</CSItemName><CSItemRank>2</CSItemRank><CSItemIsFreeFormat>0</CSItemIsFreeFormat><CSValue><CSValueCode>VA4099158</CSValueCode><CSValueName>Medium soft</CSValueName><CSValueRank>23</CSValueRank></CSValue></CSItem><CSItem><CSItemCode>IT4036490</CSItemCode><CSItemName>Size</CSItemName><CSItemRank>3</CSItemRank><CSItemIsFreeFormat>0</CSItemIsFreeFormat><CSValue><CSValueCode>VA4084702</CSValueCode><CSValueName>Standard</CSValueName><CSValueRank>12</CSValueRank></CSValue></CSItem><CSItem><CSItemCode>4010351</CSItemCode><CSItemName>Color</CSItemName><CSItemRank>4</CSItemRank><CSItemIsFreeFormat>0</CSItemIsFreeFormat><CSValue><CSValueCode>VA4024204</CSValueCode><CSValueName>Black</CSValueName><CSValueRank>9</CSValueRank></CSValue></CSItem><CSItem><CSItemCode>IT4015651</CSItemCode><CSItemName>Material brush head</CSItemName><CSItemRank>5</CSItemRank><CSItemIsFreeFormat>0</CSItemIsFreeFormat><CSValue><CSValueCode>VA4089958</CSValueCode><CSValueName>Soft, flexible rubber sides</CSValueName><CSValueRank>10</CSValueRank></CSValue></CSItem><CSItem><CSItemCode>IT4036491</CSItemCode><CSItemName>Reminder bristles</CSItemName><CSItemRank>6</CSItemRank><CSItemIsFreeFormat>0</CSItemIsFreeFormat><CSValue><CSValueCode>VA4084705</CSValueCode><CSValueName>Blue bristle color fade away</CSValueName><CSValueRank>7</CSValueRank></CSValue></CSItem></CSChapter><CSChapter><CSChapterCode>CH4000881</CSChapterCode><CSChapterName>Compatibility</CSChapterName><CSChapterRank>3</CSChapterRank><CSItem><CSItemCode>IT4036487</CSItemCode><CSItemName>Brush head system</CSItemName><CSItemRank>1</CSItemRank><CSItemIsFreeFormat>0</CSItemIsFreeFormat><CSValue><CSValueCode>VA4084686</CSValueCode><CSValueName>Click-on</CSValueName><CSValueRank>2</CSValueRank></CSValue></CSItem><CSItem><CSItemCode>IT4036488</CSItemCode><CSItemName>Suitable for these models</CSItemName><CSItemRank>2</CSItemRank><CSItemIsFreeFormat>0</CSItemIsFreeFormat><CSValue><CSValueCode>VA4084694</CSValueCode><CSValueName>2 Series plaque control</CSValueName><CSValueRank>1</CSValueRank></CSValue><CSValue><CSValueCode>VA4097014</CSValueCode><CSValueName>2 Series plaque defense</CSValueName><CSValueRank>14</CSValueRank></CSValue><CSValue><CSValueCode>VA4084695</CSValueCode><CSValueName>3 Series gum health</CSValueName><CSValueRank>16</CSValueRank></CSValue><CSValue><CSValueCode>VA4084688</CSValueCode><CSValueName>DiamondClean</CSValueName><CSValueRank>22</CSValueRank></CSValue><CSValue><CSValueCode>VA4099051</CSValueCode><CSValueName>DiamondClean Smart</CSValueName><CSValueRank>25</CSValueRank></CSValue><CSValue><CSValueCode>VA4084696</CSValueCode><CSValueName>EasyClean</CSValueName><CSValueRank>26</CSValueRank></CSValue><CSValue><CSValueCode>VA4084697</CSValueCode><CSValueName>Essence+</CSValueName><CSValueRank>29</CSValueRank></CSValue><CSValue><CSValueCode>VA4084691</CSValueCode><CSValueName>FlexCare</CSValueName><CSValueRank>31</CSValueRank></CSValue><CSValue><CSValueCode>VA4084689</CSValueCode><CSValueName>FlexCare Platinum</CSValueName><CSValueRank>32</CSValueRank></CSValue><CSValue><CSValueCode>VA4099052</CSValueCode><CSValueName>FlexCare Platinum Connected</CSValueName><CSValueRank>35</CSValueRank></CSValue><CSValue><CSValueCode>VA4084690</CSValueCode><CSValueName>FlexCare+</CSValueName><CSValueRank>37</CSValueRank></CSValue><CSValue><CSValueCode>VA4084693</CSValueCode><CSValueName>for Kids</CSValueName><CSValueRank>38</CSValueRank></CSValue><CSValue><CSValueCode>VA4084692</CSValueCode><CSValueName>HealthyWhite</CSValueName><CSValueRank>40</CSValueRank></CSValue><CSValue><CSValueCode>VA4091387</CSValueCode><CSValueName>HealthyWhite+</CSValueName><CSValueRank>43</CSValueRank></CSValue><CSValue><CSValueCode>VA4084698</CSValueCode><CSValueName>PowerUp</CSValueName><CSValueRank>46</CSValueRank></CSValue><CSValue><CSValueCode>VA4100563</CSValueCode><CSValueName>ProtectiveClean</CSValueName><CSValueRank>47</CSValueRank></CSValue></CSItem></CSChapter><CSChapter><CSChapterCode>CH4007361</CSChapterCode><CSChapterName>Quality and performance</CSChapterName><CSChapterRank>4</CSChapterRank><CSItem><CSItemCode>IT4036492</CSItemCode><CSItemName>Replacement</CSItemName><CSItemRank>1</CSItemRank><CSItemIsFreeFormat>0</CSItemIsFreeFormat><CSValue><CSValueCode>VA4084706</CSValueCode><CSValueName>Every 3 months</CSValueName><CSValueRank>6</CSValueRank></CSValue></CSItem><CSItem><CSItemCode>IT4036493</CSItemCode><CSItemName>Tested</CSItemName><CSItemRank>2</CSItemRank><CSItemIsFreeFormat>0</CSItemIsFreeFormat><CSValue><CSValueCode>VA4084707</CSValueCode><CSValueName>for optimal usage</CSValueName><CSValueRank>5</CSValueRank></CSValue></CSItem></CSChapter><CSChapter><CSChapterCode>CH4007362</CSChapterCode><CSChapterName>Health benefits</CSChapterName><CSChapterRank>7</CSChapterRank><CSItem><CSItemCode>IT4036494</CSItemCode><CSItemName>Plaque removal</CSItemName><CSItemRank>1</CSItemRank><CSItemIsFreeFormat>0</CSItemIsFreeFormat><CSValue><CSValueCode>VA4099152</CSValueCode><CSValueName>Removes 10x more plaque*</CSValueName><CSValueRank>17</CSValueRank></CSValue></CSItem></CSChapter><Filters><Purpose type="Comparison"><Features><Feature code="F400081641" rank="1" referenceName="Up to 10x more plaque removal than [C3 Premium Plaque]"/><Feature code="F400081642" rank="2" referenceName="Up to 4x more surface contact [C3 Premium Plaque Control]"/><Feature code="F400081757" rank="3" referenceName="Automatically selects optimal [C3 Premium Control Black]"/><Feature code="F400081862" rank="4" referenceName="Engineered to boost our unique sonic [C3 Premium black 62]"/><Feature code="F400081868" rank="5" referenceName="Always know when to replace [C3 Premium Cotrol black]"/><Feature code="F400081720" rank="6" referenceName="Click-on design [C3 Premium Plaque Control Black]"/><Feature code="F400081618" rank="7" referenceName="Tested to meet your oral health needs [Nebraska]"/></Features><CSItems><CSItem code="IT4015645" rank="1" referenceName="Items included - Brush heads"/><CSItem code="IT4042907" rank="1" referenceName="Design and finishing - Smart Brush Head Recognition"/><CSItem code="IT4036487" rank="1" referenceName="Compatibility - Brush head system"/><CSItem code="IT4036492" rank="1" referenceName="Quality and performance - Replacement"/><CSItem code="IT4036494" rank="1" referenceName="Health benefits - Plaque removal"/><CSItem code="IT4036489" rank="2" referenceName="Design and finishing - Bristle stiffness feel"/><CSItem code="IT4036488" rank="2" referenceName="Compatibility - Suitable for these models"/><CSItem code="IT4036493" rank="2" referenceName="Quality and performance - Tested"/><CSItem code="IT4036490" rank="3" referenceName="Design and finishing - Size"/><CSItem code="4010351" rank="4" referenceName="Design and finishing - Color"/><CSItem code="IT4015651" rank="5" referenceName="Design and finishing - Material brush head"/><CSItem code="IT4036491" rank="6" referenceName="Design and finishing - Reminder bristles"/></CSItems></Purpose><Purpose type="Detail"><Features><Feature code="F400081641" rank="1" referenceName="Up to 10x more plaque removal than [C3 Premium Plaque]"/><Feature code="F400081642" rank="2" referenceName="Up to 4x more surface contact [C3 Premium Plaque Control]"/><Feature code="F400081757" rank="3" referenceName="Automatically selects optimal [C3 Premium Control Black]"/><Feature code="F400081862" rank="4" referenceName="Engineered to boost our unique sonic [C3 Premium black 62]"/><Feature code="F400081868" rank="5" referenceName="Always know when to replace [C3 Premium Cotrol black]"/><Feature code="F400081720" rank="6" referenceName="Click-on design [C3 Premium Plaque Control Black]"/><Feature code="F400081618" rank="7" referenceName="Tested to meet your oral health needs [Nebraska]"/></Features><CSItems><CSItem code="IT4015645" rank="1" referenceName="Items included - Brush heads"/><CSItem code="IT4042907" rank="1" referenceName="Design and finishing - Smart Brush Head Recognition"/><CSItem code="IT4036487" rank="1" referenceName="Compatibility - Brush head system"/><CSItem code="IT4036492" rank="1" referenceName="Quality and performance - Replacement"/><CSItem code="IT4036494" rank="1" referenceName="Health benefits - Plaque removal"/><CSItem code="IT4036489" rank="2" referenceName="Design and finishing - Bristle stiffness feel"/><CSItem code="IT4036488" rank="2" referenceName="Compatibility - Suitable for these models"/><CSItem code="IT4036493" rank="2" referenceName="Quality and performance - Tested"/><CSItem code="IT4036490" rank="3" referenceName="Design and finishing - Size"/><CSItem code="4010351" rank="4" referenceName="Design and finishing - Color"/><CSItem code="IT4015651" rank="5" referenceName="Design and finishing - Material brush head"/><CSItem code="IT4036491" rank="6" referenceName="Design and finishing - Reminder bristles"/></CSItems></Purpose></Filters><FeatureCompareGroups/><Disclaimers><Disclaimer code="DIS40006721" rank="1" referenceName="than a manual toothbrush [BMW]"><DisclaimerText>than a manual toothbrush</DisclaimerText><DisclaimElements/></Disclaimer><Disclaimer code="DIS40011309" rank="2" referenceName="**than a DiamondClean brush head"><DisclaimerText>*than a DiamondClean brush head</DisclaimerText><DisclaimElements/></Disclaimer><Disclaimer code="DIS40011308" rank="3" referenceName="***BrushSync™ mode-pairing is only compatible with [PW]"><DisclaimerText>**BrushSync™ mode-pairing is only compatible with Philips Sonicare BrushSync™ enabled toothbrush handles</DisclaimerText><DisclaimElements/></Disclaimer></Disclaimers><ProductReference ProductReferenceType="Performer"><CTN>HX6410/67</CTN><ProductReferenceRank>0</ProductReferenceRank></ProductReference><ProductReference ProductReferenceType="Performer"><CTN>HX6414/01</CTN><ProductReferenceRank>0</ProductReferenceRank></ProductReference><ProductReference ProductReferenceType="Performer"><CTN>HX6419/66</CTN><ProductReferenceRank>0</ProductReferenceRank></ProductReference><ProductReference ProductReferenceType="Performer"><CTN>HX6421/01</CTN><ProductReferenceRank>0</ProductReferenceRank></ProductReference><ProductReference ProductReferenceType="Performer"><CTN>HX6441/61</CTN><ProductReferenceRank>0</ProductReferenceRank></ProductReference><ProductReference ProductReferenceType="Performer"><CTN>HX6442/95</CTN><ProductReferenceRank>0</ProductReferenceRank></ProductReference><ProductReference ProductReferenceType="Performer"><CTN>HX6445/01</CTN><ProductReferenceRank>0</ProductReferenceRank></ProductReference><ProductReference ProductReferenceType="Performer"><CTN>HX6445/96</CTN><ProductReferenceRank>0</ProductReferenceRank></ProductReference><ProductReference ProductReferenceType="Performer"><CTN>HX6453/68</CTN><ProductReferenceRank>0</ProductReferenceRank></ProductReference><ProductReference ProductReferenceType="Performer"><CTN>HX6456/01</CTN><ProductReferenceRank>0</ProductReferenceRank></ProductReference><ProductReference ProductReferenceType="Performer"><CTN>HX6456/03</CTN><ProductReferenceRank>0</ProductReferenceRank></ProductReference><ProductReference ProductReferenceType="Performer"><CTN>HX6456/69</CTN><ProductReferenceRank>0</ProductReferenceRank></ProductReference><ProductReference ProductReferenceType="Performer"><CTN>HX6457/02</CTN><ProductReferenceRank>0</ProductReferenceRank></ProductReference><ProductReference ProductReferenceType="Performer"><CTN>HX6457/68</CTN><ProductReferenceRank>0</ProductReferenceRank></ProductReference><ProductReference ProductReferenceType="Performer"><CTN>HX6461/05</CTN><ProductReferenceRank>0</ProductReferenceRank></ProductReference><ProductReference ProductReferenceType="Performer"><CTN>HX6462/01</CTN><ProductReferenceRank>0</ProductReferenceRank></ProductReference><ProductReference ProductReferenceType="Performer"><CTN>HX6463/68</CTN><ProductReferenceRank>0</ProductReferenceRank></ProductReference><ProductReference ProductReferenceType="Performer"><CTN>HX6466/69</CTN><ProductReferenceRank>0</ProductReferenceRank></ProductReference><ProductReference ProductReferenceType="Performer"><CTN>HX6467/68</CTN><ProductReferenceRank>0</ProductReferenceRank></ProductReference><ProductReference ProductReferenceType="Performer"><CTN>HX6469/05</CTN><ProductReferenceRank>0</ProductReferenceRank></ProductReference><ProductReference ProductReferenceType="Performer"><CTN>HX6472/01</CTN><ProductReferenceRank>0</ProductReferenceRank></ProductReference><ProductReference ProductReferenceType="Performer"><CTN>HX6473/02</CTN><ProductReferenceRank>0</ProductReferenceRank></ProductReference><ProductReference ProductReferenceType="Performer"><CTN>HX6473/03</CTN><ProductReferenceRank>0</ProductReferenceRank></ProductReference><ProductReference ProductReferenceType="Performer"><CTN>HX6481/20</CTN><ProductReferenceRank>0</ProductReferenceRank></ProductReference><ProductReference ProductReferenceType="Performer"><CTN>HX6489/01</CTN><ProductReferenceRank>0</ProductReferenceRank></ProductReference><ProductReference ProductReferenceType="Performer"><CTN>HX6498/01</CTN><ProductReferenceRank>0</ProductReferenceRank></ProductReference><ProductReference ProductReferenceType="Performer"><CTN>HX6800/03</CTN><ProductReferenceRank>0</ProductReferenceRank></ProductReference><ProductReference ProductReferenceType="Performer"><CTN>HX6800/04</CTN><ProductReferenceRank>0</ProductReferenceRank></ProductReference><ProductReference ProductReferenceType="Performer"><CTN>HX6800/06</CTN><ProductReferenceRank>0</ProductReferenceRank></ProductReference><ProductReference ProductReferenceType="Performer"><CTN>HX6800/28</CTN><ProductReferenceRank>0</ProductReferenceRank></ProductReference><ProductReference ProductReferenceType="Performer"><CTN>HX6800/34</CTN><ProductReferenceRank>0</ProductReferenceRank></ProductReference><ProductReference ProductReferenceType="Performer"><CTN>HX6800/35</CTN><ProductReferenceRank>0</ProductReferenceRank></ProductReference><ProductReference ProductReferenceType="Performer"><CTN>HX6800/63</CTN><ProductReferenceRank>0</ProductReferenceRank></ProductReference><ProductReference ProductReferenceType="Performer"><CTN>HX6801/03</CTN><ProductReferenceRank>0</ProductReferenceRank></ProductReference><ProductReference ProductReferenceType="Performer"><CTN>HX6801/04</CTN><ProductReferenceRank>0</ProductReferenceRank></ProductReference><ProductReference ProductReferenceType="Performer"><CTN>HX6801/08</CTN><ProductReferenceRank>0</ProductReferenceRank></ProductReference><ProductReference ProductReferenceType="Performer"><CTN>HX6802/04</CTN><ProductReferenceRank>0</ProductReferenceRank></ProductReference><ProductReference ProductReferenceType="Performer"><CTN>HX6802/26</CTN><ProductReferenceRank>0</ProductReferenceRank></ProductReference><ProductReference ProductReferenceType="Performer"><CTN>HX6802/28</CTN><ProductReferenceRank>0</ProductReferenceRank></ProductReference><ProductReference ProductReferenceType="Performer"><CTN>HX6802/35</CTN><ProductReferenceRank>0</ProductReferenceRank></ProductReference><ProductReference ProductReferenceType="Performer"><CTN>HX6803/02</CTN><ProductReferenceRank>0</ProductReferenceRank></ProductReference><ProductReference ProductReferenceType="Performer"><CTN>HX6803/03</CTN><ProductReferenceRank>0</ProductReferenceRank></ProductReference><ProductReference ProductReferenceType="Performer"><CTN>HX6803/04</CTN><ProductReferenceRank>0</ProductReferenceRank></ProductReference><ProductReference ProductReferenceType="Performer"><CTN>HX6803/63</CTN><ProductReferenceRank>0</ProductReferenceRank></ProductReference><ProductReference ProductReferenceType="Performer"><CTN>HX6803/64</CTN><ProductReferenceRank>0</ProductReferenceRank></ProductReference><ProductReference ProductReferenceType="Performer"><CTN>HX6803/66</CTN><ProductReferenceRank>0</ProductReferenceRank></ProductReference><ProductReference ProductReferenceType="Performer"><CTN>HX6804/04</CTN><ProductReferenceRank>0</ProductReferenceRank></ProductReference><ProductReference ProductReferenceType="Performer"><CTN>HX6805/03</CTN><ProductReferenceRank>0</ProductReferenceRank></ProductReference><ProductReference ProductReferenceType="Performer"><CTN>HX6805/16</CTN><ProductReferenceRank>0</ProductReferenceRank></ProductReference><ProductReference ProductReferenceType="Performer"><CTN>HX6805/28</CTN><ProductReferenceRank>0</ProductReferenceRank></ProductReference><ProductReference ProductReferenceType="Performer"><CTN>HX6806/02</CTN><ProductReferenceRank>0</ProductReferenceRank></ProductReference><ProductReference ProductReferenceType="Performer"><CTN>HX6806/03</CTN><ProductReferenceRank>0</ProductReferenceRank></ProductReference><ProductReference ProductReferenceType="Performer"><CTN>HX6806/04</CTN><ProductReferenceRank>0</ProductReferenceRank></ProductReference><ProductReference ProductReferenceType="Performer"><CTN>HX6806/65</CTN><ProductReferenceRank>0</ProductReferenceRank></ProductReference><ProductReference ProductReferenceType="Performer"><CTN>HX6807/02</CTN><ProductReferenceRank>0</ProductReferenceRank></ProductReference><ProductReference ProductReferenceType="Performer"><CTN>HX6807/04</CTN><ProductReferenceRank>0</ProductReferenceRank></ProductReference><ProductReference ProductReferenceType="Performer"><CTN>HX6807/06</CTN><ProductReferenceRank>0</ProductReferenceRank></ProductReference><ProductReference ProductReferenceType="Performer"><CTN>HX6807/14</CTN><ProductReferenceRank>0</ProductReferenceRank></ProductReference><ProductReference ProductReferenceType="Performer"><CTN>HX6807/24</CTN><ProductReferenceRank>0</ProductReferenceRank></ProductReference><ProductReference ProductReferenceType="Performer"><CTN>HX6807/28</CTN><ProductReferenceRank>0</ProductReferenceRank></ProductReference><ProductReference ProductReferenceType="Performer"><CTN>HX6807/34</CTN><ProductReferenceRank>0</ProductReferenceRank></ProductReference><ProductReference ProductReferenceType="Performer"><CTN>HX6807/35</CTN><ProductReferenceRank>0</ProductReferenceRank></ProductReference><ProductReference ProductReferenceType="Performer"><CTN>HX6807/51</CTN><ProductReferenceRank>0</ProductReferenceRank></ProductReference><ProductReference ProductReferenceType="Performer"><CTN>HX6807/63</CTN><ProductReferenceRank>0</ProductReferenceRank></ProductReference><ProductReference ProductReferenceType="Performer"><CTN>HX6808/02</CTN><ProductReferenceRank>0</ProductReferenceRank></ProductReference><ProductReference ProductReferenceType="Performer"><CTN>HX6809/02</CTN><ProductReferenceRank>0</ProductReferenceRank></ProductReference><ProductReference ProductReferenceType="Performer"><CTN>HX6809/04</CTN><ProductReferenceRank>0</ProductReferenceRank></ProductReference><ProductReference ProductReferenceType="Performer"><CTN>HX6809/14</CTN><ProductReferenceRank>0</ProductReferenceRank></ProductReference><ProductReference ProductReferenceType="Performer"><CTN>HX6809/16</CTN><ProductReferenceRank>0</ProductReferenceRank></ProductReference><ProductReference ProductReferenceType="Performer"><CTN>HX6809/24</CTN><ProductReferenceRank>0</ProductReferenceRank></ProductReference><ProductReference ProductReferenceType="Performer"><CTN>HX6809/28</CTN><ProductReferenceRank>0</ProductReferenceRank></ProductReference><ProductReference ProductReferenceType="Performer"><CTN>HX6809/29</CTN><ProductReferenceRank>0</ProductReferenceRank></ProductReference><ProductReference ProductReferenceType="Performer"><CTN>HX6809/34</CTN><ProductReferenceRank>0</ProductReferenceRank></ProductReference><ProductReference ProductReferenceType="Performer"><CTN>HX6809/35</CTN><ProductReferenceRank>0</ProductReferenceRank></ProductReference><ProductReference ProductReferenceType="Performer"><CTN>HX6809/81</CTN><ProductReferenceRank>0</ProductReferenceRank></ProductReference><ProductReference ProductReferenceType="Performer"><CTN>HX6809/82</CTN><ProductReferenceRank>0</ProductReferenceRank></ProductReference><ProductReference ProductReferenceType="Performer"><CTN>HX6809/83</CTN><ProductReferenceRank>0</ProductReferenceRank></ProductReference><ProductReference ProductReferenceType="Performer"><CTN>HX6810/06</CTN><ProductReferenceRank>0</ProductReferenceRank></ProductReference><ProductReference ProductReferenceType="Performer"><CTN>HX6810/50</CTN><ProductReferenceRank>0</ProductReferenceRank></ProductReference><ProductReference ProductReferenceType="Performer"><CTN>HX6810/55</CTN><ProductReferenceRank>0</ProductReferenceRank></ProductReference><ProductReference ProductReferenceType="Performer"><CTN>HX6811/01</CTN><ProductReferenceRank>0</ProductReferenceRank></ProductReference><ProductReference ProductReferenceType="Performer"><CTN>HX6811/05</CTN><ProductReferenceRank>0</ProductReferenceRank></ProductReference><ProductReference ProductReferenceType="Performer"><CTN>HX6812/01</CTN><ProductReferenceRank>0</ProductReferenceRank></ProductReference><ProductReference ProductReferenceType="Performer"><CTN>HX6812/02</CTN><ProductReferenceRank>0</ProductReferenceRank></ProductReference><ProductReference ProductReferenceType="Performer"><CTN>HX6812/26</CTN><ProductReferenceRank>0</ProductReferenceRank></ProductReference><ProductReference ProductReferenceType="Performer"><CTN>HX6813/01</CTN><ProductReferenceRank>0</ProductReferenceRank></ProductReference><ProductReference ProductReferenceType="Performer"><CTN>HX6814/01</CTN><ProductReferenceRank>0</ProductReferenceRank></ProductReference><ProductReference ProductReferenceType="Performer"><CTN>HX6815/01</CTN><ProductReferenceRank>0</ProductReferenceRank></ProductReference><ProductReference ProductReferenceType="Performer"><CTN>HX6815/16</CTN><ProductReferenceRank>0</ProductReferenceRank></ProductReference><ProductReference ProductReferenceType="Performer"><CTN>HX6816/01</CTN><ProductReferenceRank>0</ProductReferenceRank></ProductReference><ProductReference ProductReferenceType="Performer"><CTN>HX6817/01</CTN><ProductReferenceRank>0</ProductReferenceRank></ProductReference><ProductReference ProductReferenceType="Performer"><CTN>HX6817/04</CTN><ProductReferenceRank>0</ProductReferenceRank></ProductReference><ProductReference ProductReferenceType="Performer"><CTN>HX6817/06</CTN><ProductReferenceRank>0</ProductReferenceRank></ProductReference><ProductReference ProductReferenceType="Performer"><CTN>HX6817/31</CTN><ProductReferenceRank>0</ProductReferenceRank></ProductReference><ProductReference ProductReferenceType="Performer"><CTN>HX6817/34</CTN><ProductReferenceRank>0</ProductReferenceRank></ProductReference><ProductReference ProductReferenceType="Performer"><CTN>HX6819/04</CTN><ProductReferenceRank>0</ProductReferenceRank></ProductReference><ProductReference ProductReferenceType="Performer"><CTN>HX6819/05</CTN><ProductReferenceRank>0</ProductReferenceRank></ProductReference><ProductReference ProductReferenceType="Performer"><CTN>HX6819/16</CTN><ProductReferenceRank>0</ProductReferenceRank></ProductReference><ProductReference ProductReferenceType="Performer"><CTN>HX6819/24</CTN><ProductReferenceRank>0</ProductReferenceRank></ProductReference><ProductReference ProductReferenceType="Performer"><CTN>HX6819/28</CTN><ProductReferenceRank>0</ProductReferenceRank></ProductReference><ProductReference ProductReferenceType="Performer"><CTN>HX6819/29</CTN><ProductReferenceRank>0</ProductReferenceRank></ProductReference><ProductReference ProductReferenceType="Performer"><CTN>HX6819/34</CTN><ProductReferenceRank>0</ProductReferenceRank></ProductReference><ProductReference ProductReferenceType="Performer"><CTN>HX6820/60</CTN><ProductReferenceRank>0</ProductReferenceRank></ProductReference><ProductReference ProductReferenceType="Performer"><CTN>HX6821/47</CTN><ProductReferenceRank>0</ProductReferenceRank></ProductReference><ProductReference ProductReferenceType="Performer"><CTN>HX6821/74</CTN><ProductReferenceRank>0</ProductReferenceRank></ProductReference><ProductReference ProductReferenceType="Performer"><CTN>HX6822/14</CTN><ProductReferenceRank>0</ProductReferenceRank></ProductReference><ProductReference ProductReferenceType="Performer"><CTN>HX6823/16</CTN><ProductReferenceRank>0</ProductReferenceRank></ProductReference><ProductReference ProductReferenceType="Performer"><CTN>HX6823/29</CTN><ProductReferenceRank>0</ProductReferenceRank></ProductReference><ProductReference ProductReferenceType="Performer"><CTN>HX6827/11</CTN><ProductReferenceRank>0</ProductReferenceRank></ProductReference><ProductReference ProductReferenceType="Performer"><CTN>HX6829/04</CTN><ProductReferenceRank>0</ProductReferenceRank></ProductReference><ProductReference ProductReferenceType="Performer"><CTN>HX6829/14</CTN><ProductReferenceRank>0</ProductReferenceRank></ProductReference><ProductReference ProductReferenceType="Performer"><CTN>HX6829/34</CTN><ProductReferenceRank>0</ProductReferenceRank></ProductReference><ProductReference ProductReferenceType="Performer"><CTN>HX6829/71</CTN><ProductReferenceRank>0</ProductReferenceRank></ProductReference><ProductReference ProductReferenceType="Performer"><CTN>HX6829/74</CTN><ProductReferenceRank>0</ProductReferenceRank></ProductReference><ProductReference ProductReferenceType="Performer"><CTN>HX6829/81</CTN><ProductReferenceRank>0</ProductReferenceRank></ProductReference><ProductReference ProductReferenceType="Performer"><CTN>HX6829/82</CTN><ProductReferenceRank>0</ProductReferenceRank></ProductReference><ProductReference ProductReferenceType="Performer"><CTN>HX6829/83</CTN><ProductReferenceRank>0</ProductReferenceRank></ProductReference><ProductReference ProductReferenceType="Performer"><CTN>HX6830/34</CTN><ProductReferenceRank>0</ProductReferenceRank></ProductReference><ProductReference ProductReferenceType="Performer"><CTN>HX6830/35</CTN><ProductReferenceRank>0</ProductReferenceRank></ProductReference><ProductReference ProductReferenceType="Performer"><CTN>HX6830/44</CTN><ProductReferenceRank>0</ProductReferenceRank></ProductReference><ProductReference ProductReferenceType="Performer"><CTN>HX6830/47</CTN><ProductReferenceRank>0</ProductReferenceRank></ProductReference><ProductReference ProductReferenceType="Performer"><CTN>HX6830/53</CTN><ProductReferenceRank>0</ProductReferenceRank></ProductReference><ProductReference ProductReferenceType="Performer"><CTN>HX6830/67</CTN><ProductReferenceRank>0</ProductReferenceRank></ProductReference><ProductReference ProductReferenceType="Performer"><CTN>HX6831/24</CTN><ProductReferenceRank>0</ProductReferenceRank></ProductReference><ProductReference ProductReferenceType="Performer"><CTN>HX6831/26</CTN><ProductReferenceRank>0</ProductReferenceRank></ProductReference><ProductReference ProductReferenceType="Performer"><CTN>HX6831/34</CTN><ProductReferenceRank>0</ProductReferenceRank></ProductReference><ProductReference ProductReferenceType="Performer"><CTN>HX6833/28</CTN><ProductReferenceRank>0</ProductReferenceRank></ProductReference><ProductReference ProductReferenceType="Performer"><CTN>HX6836/24</CTN><ProductReferenceRank>0</ProductReferenceRank></ProductReference><ProductReference ProductReferenceType="Performer"><CTN>HX6836/26</CTN><ProductReferenceRank>0</ProductReferenceRank></ProductReference><ProductReference ProductReferenceType="Performer"><CTN>HX6836/29</CTN><ProductReferenceRank>0</ProductReferenceRank></ProductReference><ProductReference ProductReferenceType="Performer"><CTN>HX6837/24</CTN><ProductReferenceRank>0</ProductReferenceRank></ProductReference><ProductReference ProductReferenceType="Performer"><CTN>HX6837/28</CTN><ProductReferenceRank>0</ProductReferenceRank></ProductReference><ProductReference ProductReferenceType="Performer"><CTN>HX6837/34</CTN><ProductReferenceRank>0</ProductReferenceRank></ProductReference><ProductReference ProductReferenceType="Performer"><CTN>HX6839/24</CTN><ProductReferenceRank>0</ProductReferenceRank></ProductReference><ProductReference ProductReferenceType="Performer"><CTN>HX6839/28</CTN><ProductReferenceRank>0</ProductReferenceRank></ProductReference><ProductReference ProductReferenceType="Performer"><CTN>HX6839/29</CTN><ProductReferenceRank>0</ProductReferenceRank></ProductReference><ProductReference ProductReferenceType="Performer"><CTN>HX6839/34</CTN><ProductReferenceRank>0</ProductReferenceRank></ProductReference><ProductReference ProductReferenceType="Performer"><CTN>HX6839/52</CTN><ProductReferenceRank>0</ProductReferenceRank></ProductReference><ProductReference ProductReferenceType="Performer"><CTN>HX6839/66</CTN><ProductReferenceRank>0</ProductReferenceRank></ProductReference><ProductReference ProductReferenceType="Performer"><CTN>HX6839/71</CTN><ProductReferenceRank>0</ProductReferenceRank></ProductReference><ProductReference ProductReferenceType="Performer"><CTN>HX6848/92</CTN><ProductReferenceRank>0</ProductReferenceRank></ProductReference><ProductReference ProductReferenceType="Performer"><CTN>HX6850/10</CTN><ProductReferenceRank>0</ProductReferenceRank></ProductReference><ProductReference ProductReferenceType="Performer"><CTN>HX6850/34</CTN><ProductReferenceRank>0</ProductReferenceRank></ProductReference><ProductReference ProductReferenceType="Performer"><CTN>HX6850/47</CTN><ProductReferenceRank>0</ProductReferenceRank></ProductReference><ProductReference ProductReferenceType="Performer"><CTN>HX6850/57</CTN><ProductReferenceRank>0</ProductReferenceRank></ProductReference><ProductReference ProductReferenceType="Performer"><CTN>HX6850/60</CTN><ProductReferenceRank>0</ProductReferenceRank></ProductReference><ProductReference ProductReferenceType="Performer"><CTN>HX6850/64</CTN><ProductReferenceRank>0</ProductReferenceRank></ProductReference><ProductReference ProductReferenceType="Performer"><CTN>HX6851/11</CTN><ProductReferenceRank>0</ProductReferenceRank></ProductReference><ProductReference ProductReferenceType="Performer"><CTN>HX6851/29</CTN><ProductReferenceRank>0</ProductReferenceRank></ProductReference><ProductReference ProductReferenceType="Performer"><CTN>HX6851/34</CTN><ProductReferenceRank>0</ProductReferenceRank></ProductReference><ProductReference ProductReferenceType="Performer"><CTN>HX6851/53</CTN><ProductReferenceRank>0</ProductReferenceRank></ProductReference><ProductReference ProductReferenceType="Performer"><CTN>HX6851/56</CTN><ProductReferenceRank>0</ProductReferenceRank></ProductReference><ProductReference ProductReferenceType="Performer"><CTN>HX6851/59</CTN><ProductReferenceRank>0</ProductReferenceRank></ProductReference><ProductReference ProductReferenceType="Performer"><CTN>HX6851/61</CTN><ProductReferenceRank>0</ProductReferenceRank></ProductReference><ProductReference ProductReferenceType="Performer"><CTN>HX6852/10</CTN><ProductReferenceRank>0</ProductReferenceRank></ProductReference><ProductReference ProductReferenceType="Performer"><CTN>HX6852/11</CTN><ProductReferenceRank>0</ProductReferenceRank></ProductReference><ProductReference ProductReferenceType="Performer"><CTN>HX6852/95</CTN><ProductReferenceRank>0</ProductReferenceRank></ProductReference><ProductReference ProductReferenceType="Performer"><CTN>HX6853/07</CTN><ProductReferenceRank>0</ProductReferenceRank></ProductReference><ProductReference ProductReferenceType="Performer"><CTN>HX6853/11</CTN><ProductReferenceRank>0</ProductReferenceRank></ProductReference><ProductReference ProductReferenceType="Performer"><CTN>HX6853/12</CTN><ProductReferenceRank>0</ProductReferenceRank></ProductReference><ProductReference ProductReferenceType="Performer"><CTN>HX6854/11</CTN><ProductReferenceRank>0</ProductReferenceRank></ProductReference><ProductReference ProductReferenceType="Performer"><CTN>HX6855/11</CTN><ProductReferenceRank>0</ProductReferenceRank></ProductReference><ProductReference ProductReferenceType="Performer"><CTN>HX6855/12</CTN><ProductReferenceRank>0</ProductReferenceRank></ProductReference><ProductReference ProductReferenceType="Performer"><CTN>HX6855/58</CTN><ProductReferenceRank>0</ProductReferenceRank></ProductReference><ProductReference ProductReferenceType="Performer"><CTN>HX6855/96</CTN><ProductReferenceRank>0</ProductReferenceRank></ProductReference><ProductReference ProductReferenceType="Performer"><CTN>HX6856/07</CTN><ProductReferenceRank>0</ProductReferenceRank></ProductReference><ProductReference ProductReferenceType="Performer"><CTN>HX6856/10</CTN><ProductReferenceRank>0</ProductReferenceRank></ProductReference><ProductReference ProductReferenceType="Performer"><CTN>HX6856/11</CTN><ProductReferenceRank>0</ProductReferenceRank></ProductReference><ProductReference ProductReferenceType="Performer"><CTN>HX6856/12</CTN><ProductReferenceRank>0</ProductReferenceRank></ProductReference><ProductReference ProductReferenceType="Performer"><CTN>HX6856/17</CTN><ProductReferenceRank>0</ProductReferenceRank></ProductReference><ProductReference ProductReferenceType="Performer"><CTN>HX6857/11</CTN><ProductReferenceRank>0</ProductReferenceRank></ProductReference><ProductReference ProductReferenceType="Performer"><CTN>HX6857/17</CTN><ProductReferenceRank>0</ProductReferenceRank></ProductReference><ProductReference ProductReferenceType="Performer"><CTN>HX6857/20</CTN><ProductReferenceRank>0</ProductReferenceRank></ProductReference><ProductReference ProductReferenceType="Performer"><CTN>HX6857/24</CTN><ProductReferenceRank>0</ProductReferenceRank></ProductReference><ProductReference ProductReferenceType="Performer"><CTN>HX6857/28</CTN><ProductReferenceRank>0</ProductReferenceRank></ProductReference><ProductReference ProductReferenceType="Performer"><CTN>HX6857/30</CTN><ProductReferenceRank>0</ProductReferenceRank></ProductReference><ProductReference ProductReferenceType="Performer"><CTN>HX6857/32</CTN><ProductReferenceRank>0</ProductReferenceRank></ProductReference><ProductReference ProductReferenceType="Performer"><CTN>HX6857/34</CTN><ProductReferenceRank>0</ProductReferenceRank></ProductReference><ProductReference ProductReferenceType="Performer"><CTN>HX6857/35</CTN><ProductReferenceRank>0</ProductReferenceRank></ProductReference><ProductReference ProductReferenceType="Performer"><CTN>HX6857/43</CTN><ProductReferenceRank>0</ProductReferenceRank></ProductReference><ProductReference ProductReferenceType="Performer"><CTN>HX6857/52</CTN><ProductReferenceRank>0</ProductReferenceRank></ProductReference><ProductReference ProductReferenceType="Performer"><CTN>HX6859/07</CTN><ProductReferenceRank>0</ProductReferenceRank></ProductReference><ProductReference ProductReferenceType="Performer"><CTN>HX6859/12</CTN><ProductReferenceRank>0</ProductReferenceRank></ProductReference><ProductReference ProductReferenceType="Performer"><CTN>HX6859/17</CTN><ProductReferenceRank>0</ProductReferenceRank></ProductReference><ProductReference ProductReferenceType="Performer"><CTN>HX6859/24</CTN><ProductReferenceRank>0</ProductReferenceRank></ProductReference><ProductReference ProductReferenceType="Performer"><CTN>HX6859/28</CTN><ProductReferenceRank>0</ProductReferenceRank></ProductReference><ProductReference ProductReferenceType="Performer"><CTN>HX6859/29</CTN><ProductReferenceRank>0</ProductReferenceRank></ProductReference><ProductReference ProductReferenceType="Performer"><CTN>HX6859/34</CTN><ProductReferenceRank>0</ProductReferenceRank></ProductReference><ProductReference ProductReferenceType="Performer"><CTN>HX6859/35</CTN><ProductReferenceRank>0</ProductReferenceRank></ProductReference><ProductReference ProductReferenceType="Performer"><CTN>HX6859/40</CTN><ProductReferenceRank>0</ProductReferenceRank></ProductReference><ProductReference ProductReferenceType="Performer"><CTN>HX6859/63</CTN><ProductReferenceRank>0</ProductReferenceRank></ProductReference><ProductReference ProductReferenceType="Performer"><CTN>HX6859/68</CTN><ProductReferenceRank>0</ProductReferenceRank></ProductReference><ProductReference ProductReferenceType="Performer"><CTN>HX6863/66</CTN><ProductReferenceRank>0</ProductReferenceRank></ProductReference><ProductReference ProductReferenceType="Performer"><CTN>HX6866/65</CTN><ProductReferenceRank>0</ProductReferenceRank></ProductReference><ProductReference ProductReferenceType="Performer"><CTN>HX6870/34</CTN><ProductReferenceRank>0</ProductReferenceRank></ProductReference><ProductReference ProductReferenceType="Performer"><CTN>HX6870/35</CTN><ProductReferenceRank>0</ProductReferenceRank></ProductReference><ProductReference ProductReferenceType="Performer"><CTN>HX6870/41</CTN><ProductReferenceRank>0</ProductReferenceRank></ProductReference><ProductReference ProductReferenceType="Performer"><CTN>HX6870/45</CTN><ProductReferenceRank>0</ProductReferenceRank></ProductReference><ProductReference ProductReferenceType="Performer"><CTN>HX6870/47</CTN><ProductReferenceRank>0</ProductReferenceRank></ProductReference><ProductReference ProductReferenceType="Performer"><CTN>HX6870/53</CTN><ProductReferenceRank>0</ProductReferenceRank></ProductReference><ProductReference ProductReferenceType="Performer"><CTN>HX6870/55</CTN><ProductReferenceRank>0</ProductReferenceRank></ProductReference><ProductReference ProductReferenceType="Performer"><CTN>HX6870/57</CTN><ProductReferenceRank>0</ProductReferenceRank></ProductReference><ProductReference ProductReferenceType="Performer"><CTN>HX6870/61</CTN><ProductReferenceRank>0</ProductReferenceRank></ProductReference><ProductReference ProductReferenceType="Performer"><CTN>HX6871/39</CTN><ProductReferenceRank>0</ProductReferenceRank></ProductReference><ProductReference ProductReferenceType="Performer"><CTN>HX6871/41</CTN><ProductReferenceRank>0</ProductReferenceRank></ProductReference><ProductReference ProductReferenceType="Performer"><CTN>HX6871/42</CTN><ProductReferenceRank>0</ProductReferenceRank></ProductReference><ProductReference ProductReferenceType="Performer"><CTN>HX6871/47</CTN><ProductReferenceRank>0</ProductReferenceRank></ProductReference><ProductReference ProductReferenceType="Performer"><CTN>HX6871/49</CTN><ProductReferenceRank>0</ProductReferenceRank></ProductReference><ProductReference ProductReferenceType="Performer"><CTN>HX6871/85</CTN><ProductReferenceRank>0</ProductReferenceRank></ProductReference><ProductReference ProductReferenceType="Performer"><CTN>HX6874/41</CTN><ProductReferenceRank>0</ProductReferenceRank></ProductReference><ProductReference ProductReferenceType="Performer"><CTN>HX6874/42</CTN><ProductReferenceRank>0</ProductReferenceRank></ProductReference><ProductReference ProductReferenceType="Performer"><CTN>HX6874/45</CTN><ProductReferenceRank>0</ProductReferenceRank></ProductReference><ProductReference ProductReferenceType="Performer"><CTN>HX6874/47</CTN><ProductReferenceRank>0</ProductReferenceRank></ProductReference><ProductReference ProductReferenceType="Performer"><CTN>HX6876/21</CTN><ProductReferenceRank>0</ProductReferenceRank></ProductReference><ProductReference ProductReferenceType="Performer"><CTN>HX6876/29</CTN><ProductReferenceRank>0</ProductReferenceRank></ProductReference><ProductReference ProductReferenceType="Performer"><CTN>HX6876/38</CTN><ProductReferenceRank>0</ProductReferenceRank></ProductReference><ProductReference ProductReferenceType="Performer"><CTN>HX6876/84</CTN><ProductReferenceRank>0</ProductReferenceRank></ProductReference><ProductReference ProductReferenceType="Performer"><CTN>HX6877/17</CTN><ProductReferenceRank>0</ProductReferenceRank></ProductReference><ProductReference ProductReferenceType="Performer"><CTN>HX6877/21</CTN><ProductReferenceRank>0</ProductReferenceRank></ProductReference><ProductReference ProductReferenceType="Performer"><CTN>HX6877/22</CTN><ProductReferenceRank>0</ProductReferenceRank></ProductReference><ProductReference ProductReferenceType="Performer"><CTN>HX6877/23</CTN><ProductReferenceRank>0</ProductReferenceRank></ProductReference><ProductReference ProductReferenceType="Performer"><CTN>HX6877/24</CTN><ProductReferenceRank>0</ProductReferenceRank></ProductReference><ProductReference ProductReferenceType="Performer"><CTN>HX6877/25</CTN><ProductReferenceRank>0</ProductReferenceRank></ProductReference><ProductReference ProductReferenceType="Performer"><CTN>HX6877/27</CTN><ProductReferenceRank>0</ProductReferenceRank></ProductReference><ProductReference ProductReferenceType="Performer"><CTN>HX6877/28</CTN><ProductReferenceRank>0</ProductReferenceRank></ProductReference><ProductReference ProductReferenceType="Performer"><CTN>HX6877/29</CTN><ProductReferenceRank>0</ProductReferenceRank></ProductReference><ProductReference ProductReferenceType="Performer"><CTN>HX6877/33</CTN><ProductReferenceRank>0</ProductReferenceRank></ProductReference><ProductReference ProductReferenceType="Performer"><CTN>HX6877/34</CTN><ProductReferenceRank>0</ProductReferenceRank></ProductReference><ProductReference ProductReferenceType="Performer"><CTN>HX6877/35</CTN><ProductReferenceRank>0</ProductReferenceRank></ProductReference><ProductReference ProductReferenceType="Performer"><CTN>HX6877/38</CTN><ProductReferenceRank>0</ProductReferenceRank></ProductReference><ProductReference ProductReferenceType="Performer"><CTN>HX6877/48</CTN><ProductReferenceRank>0</ProductReferenceRank></ProductReference><ProductReference ProductReferenceType="Performer"><CTN>HX6877/52</CTN><ProductReferenceRank>0</ProductReferenceRank></ProductReference><ProductReference ProductReferenceType="Performer"><CTN>HX6877/54</CTN><ProductReferenceRank>0</ProductReferenceRank></ProductReference><ProductReference ProductReferenceType="Performer"><CTN>HX6877/68</CTN><ProductReferenceRank>0</ProductReferenceRank></ProductReference><ProductReference ProductReferenceType="Performer"><CTN>HX6877/73</CTN><ProductReferenceRank>0</ProductReferenceRank></ProductReference><ProductReference ProductReferenceType="Performer"><CTN>HX6877/74</CTN><ProductReferenceRank>0</ProductReferenceRank></ProductReference><ProductReference ProductReferenceType="Performer"><CTN>HX6877/84</CTN><ProductReferenceRank>0</ProductReferenceRank></ProductReference><ProductReference ProductReferenceType="Performer"><CTN>HX6877/95</CTN><ProductReferenceRank>0</ProductReferenceRank></ProductReference><ProductReference ProductReferenceType="Performer"><CTN>HX6888/01</CTN><ProductReferenceRank>0</ProductReferenceRank></ProductReference><ProductReference ProductReferenceType="Performer"><CTN>HX6888/18</CTN><ProductReferenceRank>0</ProductReferenceRank></ProductReference><ProductReference ProductReferenceType="Performer"><CTN>HX6888/19</CTN><ProductReferenceRank>0</ProductReferenceRank></ProductReference><ProductReference ProductReferenceType="Performer"><CTN>HX6888/63</CTN><ProductReferenceRank>0</ProductReferenceRank></ProductReference><ProductReference ProductReferenceType="Performer"><CTN>HX6888/88</CTN><ProductReferenceRank>0</ProductReferenceRank></ProductReference><ProductReference ProductReferenceType="Performer"><CTN>HX6888/89</CTN><ProductReferenceRank>0</ProductReferenceRank></ProductReference><ProductReference ProductReferenceType="Performer"><CTN>HX6888/90</CTN><ProductReferenceRank>0</ProductReferenceRank></ProductReference><ProductReference ProductReferenceType="Performer"><CTN>HX6890/45</CTN><ProductReferenceRank>0</ProductReferenceRank></ProductReference><ProductReference ProductReferenceType="Performer"><CTN>HX6890/61</CTN><ProductReferenceRank>0</ProductReferenceRank></ProductReference><ProductReference ProductReferenceType="Performer"><CTN>HX6894/45</CTN><ProductReferenceRank>0</ProductReferenceRank></ProductReference><ProductReference ProductReferenceType="Performer"><CTN>HX6897/22</CTN><ProductReferenceRank>0</ProductReferenceRank></ProductReference><ProductReference ProductReferenceType="Performer"><CTN>HX6897/25</CTN><ProductReferenceRank>0</ProductReferenceRank></ProductReference><ProductReference ProductReferenceType="Performer"><CTN>HX6897/95</CTN><ProductReferenceRank>0</ProductReferenceRank></ProductReference><ProductReference ProductReferenceType="Performer"><CTN>HX7533/01</CTN><ProductReferenceRank>0</ProductReferenceRank></ProductReference><ProductReference ProductReferenceType="Performer"><CTN>HX7533/02</CTN><ProductReferenceRank>0</ProductReferenceRank></ProductReference><ProductReference ProductReferenceType="Performer"><CTN>HX7533/03</CTN><ProductReferenceRank>0</ProductReferenceRank></ProductReference><ProductReference ProductReferenceType="Performer"><CTN>HX7533/04</CTN><ProductReferenceRank>0</ProductReferenceRank></ProductReference><ProductReference ProductReferenceType="Performer"><CTN>HX9901/05</CTN><ProductReferenceRank>0</ProductReferenceRank></ProductReference><ProductReference ProductReferenceType="Performer"><CTN>HX9901/15</CTN><ProductReferenceRank>0</ProductReferenceRank></ProductReference><ProductReference ProductReferenceType="Performer"><CTN>HX9903/01</CTN><ProductReferenceRank>0</ProductReferenceRank></ProductReference><ProductReference ProductReferenceType="Performer"><CTN>HX9903/02</CTN><ProductReferenceRank>0</ProductReferenceRank></ProductReference><ProductReference ProductReferenceType="Performer"><CTN>HX9903/03</CTN><ProductReferenceRank>0</ProductReferenceRank></ProductReference><ProductReference ProductReferenceType="Performer"><CTN>HX9903/06</CTN><ProductReferenceRank>0</ProductReferenceRank></ProductReference><ProductReference ProductReferenceType="Performer"><CTN>HX9903/11</CTN><ProductReferenceRank>0</ProductReferenceRank></ProductReference><ProductReference ProductReferenceType="Performer"><CTN>HX9903/12</CTN><ProductReferenceRank>0</ProductReferenceRank></ProductReference><ProductReference ProductReferenceType="Performer"><CTN>HX9903/13</CTN><ProductReferenceRank>0</ProductReferenceRank></ProductReference><ProductReference ProductReferenceType="Performer"><CTN>HX9903/16</CTN><ProductReferenceRank>0</ProductReferenceRank></ProductReference><ProductReference ProductReferenceType="Performer"><CTN>HX9903/21</CTN><ProductReferenceRank>0</ProductReferenceRank></ProductReference><ProductReference ProductReferenceType="Performer"><CTN>HX9903/22</CTN><ProductReferenceRank>0</ProductReferenceRank></ProductReference><ProductReference ProductReferenceType="Performer"><CTN>HX9903/26</CTN><ProductReferenceRank>0</ProductReferenceRank></ProductReference><ProductReference ProductReferenceType="Performer"><CTN>HX9903/30</CTN><ProductReferenceRank>0</ProductReferenceRank></ProductReference><ProductReference ProductReferenceType="Performer"><CTN>HX9903/31</CTN><ProductReferenceRank>0</ProductReferenceRank></ProductReference><ProductReference ProductReferenceType="Performer"><CTN>HX9903/32</CTN><ProductReferenceRank>0</ProductReferenceRank></ProductReference><ProductReference ProductReferenceType="Performer"><CTN>HX9903/33</CTN><ProductReferenceRank>0</ProductReferenceRank></ProductReference><ProductReference ProductReferenceType="Performer"><CTN>HX9903/41</CTN><ProductReferenceRank>0</ProductReferenceRank></ProductReference><ProductReference ProductReferenceType="Performer"><CTN>HX9903/42</CTN><ProductReferenceRank>0</ProductReferenceRank></ProductReference><ProductReference ProductReferenceType="Performer"><CTN>HX9903/61</CTN><ProductReferenceRank>0</ProductReferenceRank></ProductReference><ProductReference ProductReferenceType="Performer"><CTN>HX9911/05</CTN><ProductReferenceRank>0</ProductReferenceRank></ProductReference><ProductReference ProductReferenceType="Performer"><CTN>HX9911/15</CTN><ProductReferenceRank>0</ProductReferenceRank></ProductReference><ProductReference ProductReferenceType="Performer"><CTN>HX9924/01</CTN><ProductReferenceRank>0</ProductReferenceRank></ProductReference><ProductReference ProductReferenceType="Performer"><CTN>HX9924/02</CTN><ProductReferenceRank>0</ProductReferenceRank></ProductReference><ProductReference ProductReferenceType="Performer"><CTN>HX9924/03</CTN><ProductReferenceRank>0</ProductReferenceRank></ProductReference><ProductReference ProductReferenceType="Performer"><CTN>HX9924/05</CTN><ProductReferenceRank>0</ProductReferenceRank></ProductReference><ProductReference ProductReferenceType="Performer"><CTN>HX9924/06</CTN><ProductReferenceRank>0</ProductReferenceRank></ProductReference><ProductReference ProductReferenceType="Performer"><CTN>HX9924/07</CTN><ProductReferenceRank>0</ProductReferenceRank></ProductReference><ProductReference ProductReferenceType="Performer"><CTN>HX9924/11</CTN><ProductReferenceRank>0</ProductReferenceRank></ProductReference><ProductReference ProductReferenceType="Performer"><CTN>HX9924/12</CTN><ProductReferenceRank>0</ProductReferenceRank></ProductReference><ProductReference ProductReferenceType="Performer"><CTN>HX9924/13</CTN><ProductReferenceRank>0</ProductReferenceRank></ProductReference><ProductReference ProductReferenceType="Performer"><CTN>HX9924/14</CTN><ProductReferenceRank>0</ProductReferenceRank></ProductReference><ProductReference ProductReferenceType="Performer"><CTN>HX9924/15</CTN><ProductReferenceRank>0</ProductReferenceRank></ProductReference><ProductReference ProductReferenceType="Performer"><CTN>HX9924/16</CTN><ProductReferenceRank>0</ProductReferenceRank></ProductReference><ProductReference ProductReferenceType="Performer"><CTN>HX9924/17</CTN><ProductReferenceRank>0</ProductReferenceRank></ProductReference><ProductReference ProductReferenceType="Performer"><CTN>HX9924/21</CTN><ProductReferenceRank>0</ProductReferenceRank></ProductReference><ProductReference ProductReferenceType="Performer"><CTN>HX9924/22</CTN><ProductReferenceRank>0</ProductReferenceRank></ProductReference><ProductReference ProductReferenceType="Performer"><CTN>HX9924/23</CTN><ProductReferenceRank>0</ProductReferenceRank></ProductReference><ProductReference ProductReferenceType="Performer"><CTN>HX9924/25</CTN><ProductReferenceRank>0</ProductReferenceRank></ProductReference><ProductReference ProductReferenceType="Performer"><CTN>HX9924/26</CTN><ProductReferenceRank>0</ProductReferenceRank></ProductReference><ProductReference ProductReferenceType="Performer"><CTN>HX9924/27</CTN><ProductReferenceRank>0</ProductReferenceRank></ProductReference><ProductReference ProductReferenceType="Performer"><CTN>HX9924/34</CTN><ProductReferenceRank>0</ProductReferenceRank></ProductReference><ProductReference ProductReferenceType="Performer"><CTN>HX9924/35</CTN><ProductReferenceRank>0</ProductReferenceRank></ProductReference><ProductReference ProductReferenceType="Performer"><CTN>HX9924/36</CTN><ProductReferenceRank>0</ProductReferenceRank></ProductReference><ProductReference ProductReferenceType="Performer"><CTN>HX9924/37</CTN><ProductReferenceRank>0</ProductReferenceRank></ProductReference><ProductReference ProductReferenceType="Performer"><CTN>HX9924/41</CTN><ProductReferenceRank>0</ProductReferenceRank></ProductReference><ProductReference ProductReferenceType="Performer"><CTN>HX9924/42</CTN><ProductReferenceRank>0</ProductReferenceRank></ProductReference><ProductReference ProductReferenceType="Performer"><CTN>HX9924/43</CTN><ProductReferenceRank>0</ProductReferenceRank></ProductReference><ProductReference ProductReferenceType="Performer"><CTN>HX9924/44</CTN><ProductReferenceRank>0</ProductReferenceRank></ProductReference><ProductReference ProductReferenceType="Performer"><CTN>HX9924/45</CTN><ProductReferenceRank>0</ProductReferenceRank></ProductReference><ProductReference ProductReferenceType="Performer"><CTN>HX9924/46</CTN><ProductReferenceRank>0</ProductReferenceRank></ProductReference><ProductReference ProductReferenceType="Performer"><CTN>HX9924/47</CTN><ProductReferenceRank>0</ProductReferenceRank></ProductReference><ProductReference ProductReferenceType="Performer"><CTN>HX9924/61</CTN><ProductReferenceRank>0</ProductReferenceRank></ProductReference><ProductReference ProductReferenceType="Performer"><CTN>HX9924/91</CTN><ProductReferenceRank>0</ProductReferenceRank></ProductReference><ProductReference ProductReferenceType="Performer"><CTN>HX9926/03</CTN><ProductReferenceRank>0</ProductReferenceRank></ProductReference><ProductReference ProductReferenceType="Performer"><CTN>HX9926/13</CTN><ProductReferenceRank>0</ProductReferenceRank></ProductReference><ProductReference ProductReferenceType="Performer"><CTN>HX9934/05</CTN><ProductReferenceRank>0</ProductReferenceRank></ProductReference><ProductReference ProductReferenceType="Performer"><CTN>HX9934/15</CTN><ProductReferenceRank>0</ProductReferenceRank></ProductReference><ProductReference ProductReferenceType="Performer"><CTN>HX9934/16</CTN><ProductReferenceRank>0</ProductReferenceRank></ProductReference><ProductReference ProductReferenceType="Performer"><CTN>HX9934/25</CTN><ProductReferenceRank>0</ProductReferenceRank></ProductReference><ProductReference ProductReferenceType="Performer"><CTN>HX9934/45</CTN><ProductReferenceRank>0</ProductReferenceRank></ProductReference><ProductReference ProductReferenceType="Performer"><CTN>HX9944/02</CTN><ProductReferenceRank>0</ProductReferenceRank></ProductReference><ProductReference ProductReferenceType="Performer"><CTN>HX9944/03</CTN><ProductReferenceRank>0</ProductReferenceRank></ProductReference><ProductReference ProductReferenceType="Performer"><CTN>HX9944/05</CTN><ProductReferenceRank>0</ProductReferenceRank></ProductReference><ProductReference ProductReferenceType="Performer"><CTN>HX9944/08</CTN><ProductReferenceRank>0</ProductReferenceRank></ProductReference><ProductReference ProductReferenceType="Performer"><CTN>HX9944/09</CTN><ProductReferenceRank>0</ProductReferenceRank></ProductReference><ProductReference ProductReferenceType="Performer"><CTN>HX9944/14</CTN><ProductReferenceRank>0</ProductReferenceRank></ProductReference><ProductReference ProductReferenceType="Performer"><CTN>HX9945/01</CTN><ProductReferenceRank>0</ProductReferenceRank></ProductReference><ProductReference ProductReferenceType="Performer"><CTN>HX9945/07</CTN><ProductReferenceRank>0</ProductReferenceRank></ProductReference><ProductReference ProductReferenceType="Performer"><CTN>HX9945/08</CTN><ProductReferenceRank>0</ProductReferenceRank></ProductReference><ProductReference ProductReferenceType="Performer"><CTN>HX9949/09</CTN><ProductReferenceRank>0</ProductReferenceRank></ProductReference><ProductReference ProductReferenceType="Performer"><CTN>HX9954/52</CTN><ProductReferenceRank>0</ProductReferenceRank></ProductReference><ProductReference ProductReferenceType="Performer"><CTN>HX9954/53</CTN><ProductReferenceRank>0</ProductReferenceRank></ProductReference><ProductReference ProductReferenceType="Performer"><CTN>HX9954/55</CTN><ProductReferenceRank>0</ProductReferenceRank></ProductReference><ProductReference ProductReferenceType="Performer"><CTN>HX9954/56</CTN><ProductReferenceRank>0</ProductReferenceRank></ProductReference><ProductReference ProductReferenceType="Performer"><CTN>HX9954/57</CTN><ProductReferenceRank>0</ProductReferenceRank></ProductReference><ProductReference ProductReferenceType="Performer"><CTN>HX9957/38</CTN><ProductReferenceRank>0</ProductReferenceRank></ProductReference><ProductReference ProductReferenceType="Performer"><CTN>HX9957/51</CTN><ProductReferenceRank>0</ProductReferenceRank></ProductReference><ProductReference ProductReferenceType="Performer"><CTN>HX9957/61</CTN><ProductReferenceRank>0</ProductReferenceRank></ProductReference><ProductReference ProductReferenceType="Performer"><CTN>HX9964/55</CTN><ProductReferenceRank>0</ProductReferenceRank></ProductReference><ProductReference ProductReferenceType="Performer"><CTN>HX9974/26</CTN><ProductReferenceRank>0</ProductReferenceRank></ProductReference><ProductReference ProductReferenceType="Performer"><CTN>HX9984/02</CTN><ProductReferenceRank>0</ProductReferenceRank></ProductReference><ProductReference ProductReferenceType="Performer"><CTN>HX9984/05</CTN><ProductReferenceRank>0</ProductReferenceRank></ProductReference><ProductReference ProductReferenceType="Performer"><CTN>HX9984/07</CTN><ProductReferenceRank>0</ProductReferenceRank></ProductReference><ProductReference ProductReferenceType="Performer"><CTN>HX9984/08</CTN><ProductReferenceRank>0</ProductReferenceRank></ProductReference><ProductReference ProductReferenceType="Performer"><CTN>HX9984/09</CTN><ProductReferenceRank>0</ProductReferenceRank></ProductReference><ProductReference ProductReferenceType="Performer"><CTN>HX9984/15</CTN><ProductReferenceRank>0</ProductReferenceRank></ProductReference><ProductReference ProductReferenceType="Performer"><CTN>HX9984/17</CTN><ProductReferenceRank>0</ProductReferenceRank></ProductReference><ProductReference ProductReferenceType="Performer"><CTN>HX9984/19</CTN><ProductReferenceRank>0</ProductReferenceRank></ProductReference><ProductReference ProductReferenceType="Performer"><CTN>HX9984/25</CTN><ProductReferenceRank>0</ProductReferenceRank></ProductReference><ProductReference ProductReferenceType="Performer"><CTN>HX9984/27</CTN><ProductReferenceRank>0</ProductReferenceRank></ProductReference><ProductReference ProductReferenceType="Performer"><CTN>HX9984/28</CTN><ProductReferenceRank>0</ProductReferenceRank></ProductReference><ProductReference ProductReferenceType="Performer"><CTN>HX9984/45</CTN><ProductReferenceRank>0</ProductReferenceRank></ProductReference><ProductReference ProductReferenceType="Performer"><CTN>HX9984/47</CTN><ProductReferenceRank>0</ProductReferenceRank></ProductReference><ProductReference ProductReferenceType="Performer"><CTN>HX9984/48</CTN><ProductReferenceRank>0</ProductReferenceRank></ProductReference><ProductReference ProductReferenceType="Performer"><CTN>HX9985/01</CTN><ProductReferenceRank>0</ProductReferenceRank></ProductReference><ProductReference ProductReferenceType="Performer"><CTN>HX9985/08</CTN><ProductReferenceRank>0</ProductReferenceRank></ProductReference><ProductReference ProductReferenceType="Performer"><CTN>HX9985/11</CTN><ProductReferenceRank>0</ProductReferenceRank></ProductReference><ProductReference ProductReferenceType="Performer"><CTN>HX9985/18</CTN><ProductReferenceRank>0</ProductReferenceRank></ProductReference><ProductReference ProductReferenceType="Performer"><CTN>HX9985/21</CTN><ProductReferenceRank>0</ProductReferenceRank></ProductReference><ProductReference ProductReferenceType="Performer"><CTN>HX9985/28</CTN><ProductReferenceRank>0</ProductReferenceRank></ProductReference><ProductReference ProductReferenceType="Performer"><CTN>HX9985/41</CTN><ProductReferenceRank>0</ProductReferenceRank></ProductReference><ProductReference ProductReferenceType="Performer"><CTN>HX9985/48</CTN><ProductReferenceRank>0</ProductReferenceRank></ProductReference><RichTexts/></Product></Products>