<?xml version="1.0" encoding="UTF-8"?><Products xmlns:source="http://apache.org/cocoon/source/1.0" DocStatus="approved" DocTimeStamp="2018-10-23T10:49:56"><Product Country="US" IsAccessory="false" IsMaster="false" Locale="en_US" lastModified="2018-10-23T04:30:06" masterLastModified="2018-09-01T00:39:19"><CTN>HF3418/60</CTN><GTIN>00075020045041</GTIN><MarketingVersion>3.0.1</MarketingVersion><MarketingStatus>Final Published</MarketingStatus><CRDate>2017-12-29</CRDate><CRDateYW>201752</CRDateYW><ModelYears><ModelYear>2017</ModelYear></ModelYears><ProductDivision><ProductDivisionCode>0200</ProductDivisionCode><ProductDivisionName>Consumer Lifestyle</ProductDivisionName><FormerPDCode>0300</FormerPDCode></ProductDivision><ProductOwner>Andrea Heinle</ProductOwner><DTN>HF3418</DTN><Catalog><StartOfPublication>2018-01-15T00:00:00</StartOfPublication><EndOfPublication>2024-02-28T00:00:00</EndOfPublication><StartOfSales>2018-01-15T00:00:00</StartOfSales><EndOfSales>2024-02-28T00:00:00</EndOfSales><DummyPrice>169.99</DummyPrice><Deleted>false</Deleted><DeleteAfterDate/><ProductRank>97</ProductRank></Catalog><FinancialCategorization><BusinessGroupCode>9133</BusinessGroupCode><BusinessGroupName>Sleep &amp; Respiratory Care</BusinessGroupName><BusinessUnitCode>3398</BusinessUnitCode><BusinessUnitName>Healthy Sleep Solutions</BusinessUnitName><MainArticleGroupCode>E07</MainArticleGroupCode><MainArticleGroupName>Vita-Light</MainArticleGroupName><ArticleGroupCode>3044</ArticleGroupCode><ArticleGroupName>Energy Light</ArticleGroupName></FinancialCategorization><Categorization type="CONSUMER"><GroupCode>LIGHTING_GR</GroupCode><GroupName>Lighting</GroupName><CategoryCode>LIGHT_THERAPY_CA</CategoryCode><CategoryName>Light therapy</CategoryName><SubcategoryCode>ENERGYLIGHT_SU</SubcategoryCode><SubcategoryName>Energy light</SubcategoryName></Categorization><Assets><Asset code="HF3418_60" description="User manual" extension="pdf" lastModified="2018-07-30" locale="en_US" number="001" type="DFU">http://download.p4c.philips.com/files/h/hf3418_60/hf3418_60_dfu_aen.pdf</Asset><Asset code="HF3418_60" description="Leaflet" extension="pdf" lastModified="2018-09-02" locale="en_US" number="001" type="PSS">http://download.p4c.philips.com/files/h/hf3418_60/hf3418_60_pss_aenus.pdf</Asset><Asset code="HF3418_60" description="Retail Trade Leaflet" extension="pdf" lastModified="2018-10-22" locale="en_US" number="001" type="RTL">http://download.p4c.philips.com/files/h/hf3418_60/hf3418_60_rtl_aenus.pdf</Asset><Asset code="HF3418_60" description="Alternative product photograph 1 - highres 2196x1795" extension="tif" lastModified="2018-01-11" locale="global" number="001" type="A1P">http://images.philips.com/is/image/PhilipsConsumer/HF3418_60-A1P-global-001</Asset><Asset code="HF3418_60" description="Alternative product photograph 3 - highres 2196x1795" extension="tif" lastModified="2018-01-11" locale="global" number="001" type="A3P">http://images.philips.com/is/image/PhilipsConsumer/HF3418_60-A3P-global-001</Asset><Asset code="HF3418_60" description="Product detail 1 - highres 2196x1795" extension="tif" lastModified="2018-01-11" locale="global" number="001" type="D1P">http://images.philips.com/is/image/PhilipsConsumer/HF3418_60-D1P-global-001</Asset><Asset code="HF3418_60" description="Main in-use photograph - highres 2480x1462" extension="tif" lastModified="2018-01-11" locale="global" number="001" type="MI1">http://images.philips.com/is/image/PhilipsConsumer/HF3418_60-MI1-global-001</Asset><Asset code="HF3418_60" description="Leaflet" extension="pdf" lastModified="2018-09-02" locale="global" number="001" type="PSS">http://download.p4c.philips.com/files/h/hf3418_60/hf3418_60_pss_.pdf</Asset><Asset code="HF3418_60" description="Standard product photograph - highres 2196x1795" extension="tif" lastModified="2018-01-11" locale="global" number="001" type="RTP">http://images.philips.com/is/image/PhilipsConsumer/HF3418_60-RTP-global-001</Asset><Asset code="HF3418_60" description="Product In Use 1 - highres 2196x1795" extension="tif" lastModified="2018-04-11" locale="global" number="001" type="U1P">http://images.philips.com/is/image/PhilipsConsumer/HF3418_60-U1P-global-001</Asset><Asset code="HF3418_60" description="Product In Use 2 - highres 2196x1795" extension="tif" lastModified="2018-03-22" locale="global" number="001" type="U2P">http://images.philips.com/is/image/PhilipsConsumer/HF3418_60-U2P-global-001</Asset><Asset code="HF3418_60" description="Product In Use 3 - highres 2196x1795" extension="tif" lastModified="2018-03-17" locale="global" number="001" type="U3P">http://images.philips.com/is/image/PhilipsConsumer/HF3418_60-U3P-global-001</Asset><Asset code="HF3418_60" description="Single product shot" extension="" lastModified="2018-10-23" locale="en_US" number="" type="IMS">http://images.philips.com/is/image/PhilipsConsumer/HF3418_60-IMS-en_US</Asset><Asset code="HF3418_60" description="Product gallery image set" extension="" lastModified="2018-10-23" locale="en_US" number="" type="GAL">http://images.philips.com/is/image/PhilipsConsumer/HF3418_60-GAL-en_US</Asset><Asset code="HF3418_60" description="Product URL" extension="" lastModified="2018-10-23" locale="en_US" number="" type="URL">http://www.usa.philips.com/c-p/HF3418_60/energylight</Asset><Asset code="PHI" description="Brand logo - highres 1476x886" extension="tif" lastModified="2016-02-18" locale="global" number="001" type="BRP">http://images.philips.com/is/image/PhilipsConsumer/PHI-BRP-global-001</Asset></Assets><ProductName>Natural white light EnergyLight</ProductName><FullProductName>Philips EnergyLight HF3418 Natural white light Corded &amp; angle adjustment 10,000 lux light intenstity Treatment time indicator</FullProductName><NamingString><MasterBrand><BrandCode>PHI</BrandCode><BrandName>Philips</BrandName></MasterBrand><BrandString>Philips</BrandString><Descriptor><DescriptorCode>NSD_000005</DescriptorCode><DescriptorName>EnergyLight</DescriptorName></Descriptor><Alphanumeric>HF3418</Alphanumeric><VersionElement1><VersionElementCode>V4040796</VersionElementCode><VersionElementName>Natural white light</VersionElementName></VersionElement1><VersionElement2><VersionElementCode>V4040797</VersionElementCode><VersionElementName>Corded &amp; angle adjustment</VersionElementName></VersionElement2><VersionElement3><VersionElementCode>V4040794</VersionElementCode><VersionElementName>10,000 lux light intenstity</VersionElementName></VersionElement3><VersionElement4><VersionElementCode>V4040793</VersionElementCode><VersionElementName>Treatment time indicator</VersionElementName></VersionElement4><VersionString>Natural white light Corded &amp; angle adjustment 10,000 lux light intenstity Treatment time indicator</VersionString><BrandedFeatureString/><DescriptorBrandedFeatureString>EnergyLight</DescriptorBrandedFeatureString></NamingString><WOW>Feel more energized with light, naturally</WOW><SubWOW>Natural white light energizes like bright daylight</SubWOW><MarketingTextHeader>Philips EnergyLight is an energy light that uses the natural power of daylight to improve energy levels and mood. Just 20-30 minutes a day is all it takes to feel more energized, active and alert, helping you to perform whenever you need to</MarketingTextHeader><KeyBenefitArea><KeyBenefitAreaCode>K4027474</KeyBenefitAreaCode><KeyBenefitAreaName>Clinically proven: energizes naturally with light</KeyBenefitAreaName><KeyBenefitAreaRank>1</KeyBenefitAreaRank><Feature><FeatureCode>F400088050</FeatureCode><FeatureReferenceName>Fights energy dips (EnergyLight)</FeatureReferenceName><FeatureName>Fights energy dips</FeatureName><FeatureLongDescription>Fights energy dips, fatigue and winter blues</FeatureLongDescription><FeatureGlossary>Lack of light during the darker winter months causes many people to experience a noticeable drop off in their energy levels and low spirits as autumn sets in. Known as 'winter blues' (or sub-syndromal seasonal affective disorder, sub-SAD), symptoms may cause the sufferer to feel low, listless and fatigued for weeks or even months on end, affecting both personal performance and mood. Philips EnergyLight fights these symptoms of winter fatigue with the natural energizing power of sunlight, sustaining the body with summer vitality throughout the dark winter months.</FeatureGlossary><FeatureRank>8</FeatureRank><FeatureTopRank>5</FeatureTopRank></Feature><Feature><FeatureCode>F400088051</FeatureCode><FeatureReferenceName>Increases energy level (EnergyLight)</FeatureReferenceName><FeatureName>Increases energy level</FeatureName><FeatureLongDescription>Improves energy levels, alertness and mood</FeatureLongDescription><FeatureGlossary>Today’s busy modern lifestyles demand peak performance all day long – but even the fittest person suffers energy crashes or lows, particularly when deprived of natural daylight, such as in an office in winter. EnergyLight fights energy dips and improves mood using the natural energizing power of sunlight to stimulate the body and improve alertness. With just a single 20-30 minute session proven to be effective, use EnergyLight whenever you need to charge up and energize: to get going in the morning, reboot after lunch, or maintain sustained energy levels throughout the day.</FeatureGlossary><FeatureRank>9</FeatureRank><FeatureTopRank>6</FeatureTopRank></Feature><Feature><FeatureCode>F400088052</FeatureCode><FeatureReferenceName>Light is a natural energizer (EnergyLight)</FeatureReferenceName><FeatureName>Light is a natural energizer</FeatureName><FeatureLongDescription>Light is a natural energizer that fits a healthy lifestyle</FeatureLongDescription><FeatureGlossary>Daylight is essential to well-being and keeping fit and energized throughout the day – just like healthy nutrition and regular exercise. Philips EnergyLight mimics the natural energizing power of daylight on a bright sunny day, stimulating special receptors in the eye that trigger the body’s natural response to sunlight. This helps you to feel more energetic, active and alert. On days when your energy level is low and you’re feeling tired, EnergyLight promotes vitality, naturally.</FeatureGlossary><FeatureRank>10</FeatureRank><FeatureTopRank>8</FeatureTopRank></Feature></KeyBenefitArea><KeyBenefitArea><KeyBenefitAreaCode>K4027476</KeyBenefitAreaCode><KeyBenefitAreaName>Designed to fit into your daily routine easily</KeyBenefitAreaName><KeyBenefitAreaRank>2</KeyBenefitAreaRank><Feature><FeatureCode>F400064707</FeatureCode><FeatureReferenceName>Natural white light (Aeon)</FeatureReferenceName><FeatureName>Natural white light</FeatureName><FeatureLongDescription>Natural white light complements any environment</FeatureLongDescription><FeatureGlossary>Natural white light complements any environment.</FeatureGlossary><FeatureRank>1</FeatureRank><FeatureTopRank>1</FeatureTopRank></Feature><Feature><FeatureCode>F400088053</FeatureCode><FeatureReferenceName>Convenient design (EnergyLight)</FeatureReferenceName><FeatureName>Convenient design</FeatureName><FeatureLongDescription>Includes adjustable stand and wall mount</FeatureLongDescription><FeatureGlossary>EnergyUp is slim and easy to set up. Simply place EnergyLight at about arm’s length within your field of vision. Slightly in front and to the side of you on a desk or table is ideal, with the unit angled upward so that the light reaches your eyes. Or you may attach EnergyLight to a wall using the included wall mount.</FeatureGlossary><FeatureRank>2</FeatureRank><FeatureTopRank>3</FeatureTopRank></Feature><Feature><FeatureCode>F400088055</FeatureCode><FeatureReferenceName>Just 20-30 minutes a day (EnergyLight)</FeatureReferenceName><FeatureName>Just 20-30 minutes a day</FeatureName><FeatureLongDescription>Results in just 20-30 min/day; use while reading, working</FeatureLongDescription><FeatureGlossary>Just 20-30 minutes a day with EnergyLight is proven to revitalize and promote a positive mood. Simply position the energy light at arm’s length so that the light reaches your eyes. There’s no need to look directly into the light, so you can multitask with EnergyLight, benefitting from it at breakfast, or when working or reading. Since the light is UV free and comfortable and safe for eyes, you can use it for as long as you wish during the day (if used in the evening or before bedtime it may delay sleep). With daily use, you are likely to feel EnergyLight's energizing effect within 1-2 weeks.</FeatureGlossary><FeatureRank>3</FeatureRank><FeatureTopRank>7</FeatureTopRank></Feature></KeyBenefitArea><KeyBenefitArea><KeyBenefitAreaCode>K4027477</KeyBenefitAreaCode><KeyBenefitAreaName>Advanced Philips LEDs provide comfortable light</KeyBenefitAreaName><KeyBenefitAreaRank>3</KeyBenefitAreaRank><Feature><FeatureCode>F400088047</FeatureCode><FeatureReferenceName>10,000 lux light intensity (EnergyLight)</FeatureReferenceName><FeatureName>10,000 lux light intensity</FeatureName><FeatureLongDescription>10,000 lux - same intensity, benefits as natural daylight</FeatureLongDescription><FeatureGlossary>Philips EnergyLight produces light with a high luminance of up to 10,000 lux and a color close to natural daylight. This revitalizing light has the same effect on the body as a summer’s day, and is clinically proven to improve vitality and energy levels, and to help fight fatigue and winter blues. EnergyUp uses the latest high-power Philips LED lights and technology; these innovations keep EnergyLight slim in size. As a result, EnergyLight takes up little desk space, and is suitable for use virtually anywhere in the home or workplace.</FeatureGlossary><FeatureRank>4</FeatureRank><FeatureTopRank>2</FeatureTopRank></Feature><Feature><FeatureCode>F400088046</FeatureCode><FeatureReferenceName>Developed by Philips (EnergyLight)</FeatureReferenceName><FeatureName>Developed by Philips</FeatureName><FeatureLongDescription>100+ years of Philips lighting and healthcare knowhow</FeatureLongDescription><FeatureGlossary>Philips was founded more than one hundred years ago as a pioneer of affordable light bulbs, and later used its expertise in vacuum tube technology to develop one of the world’s first X-ray imaging machines. To this day, the company remains a global leader in lighting and healthcare, driven on by the desire to improve people’s lives around the world every day by creating innovations that matter to you. This proud heritage continues with EnergyLight, an innovative product which benefits from all of Philips’ experience as a leading lighting, healthcare and consumer technology company.</FeatureGlossary><FeatureRank>5</FeatureRank><FeatureTopRank>4</FeatureTopRank></Feature><Feature><FeatureCode>F400088048</FeatureCode><FeatureReferenceName>Ultimate eye comfort (EnergyLight)</FeatureReferenceName><FeatureName>Ultimate eye comfort</FeatureName><FeatureLongDescription>Even brightness, ultimate eye comfort</FeatureLongDescription><FeatureGlossary>EnergyLight uses a unique lighting system to control glare for complete eye comfort. A unique combination of diffusers, reflectors and filters distribute the powerful LED light evenly across the whole surface of the screen. This controls glare and prevents bright spots, for diffuse light that is always comfortable and pleasant to experience.</FeatureGlossary><FeatureRank>6</FeatureRank><FeatureTopRank>9</FeatureTopRank></Feature><Feature><FeatureCode>F400088049</FeatureCode><FeatureReferenceName>UV-free (EnergyLight)</FeatureReferenceName><FeatureName>UV-free</FeatureName><FeatureLongDescription>100% UV free light - safe for eyes and skin</FeatureLongDescription><FeatureGlossary>EnergyLight Natural white uses the full natural daylight spectrum of light, but without the harmful UV rays associated with sunlight. EnergyLight is therefore safe to use for eyes and skin.</FeatureGlossary><FeatureRank>7</FeatureRank><FeatureTopRank>10</FeatureTopRank></Feature></KeyBenefitArea><FeatureImage><FeatureCode>F400064707</FeatureCode><FeatureReferenceName>Natural white light (Aeon)</FeatureReferenceName><FeatureImageRank>1</FeatureImageRank></FeatureImage><FeatureImage><FeatureCode>F400088047</FeatureCode><FeatureReferenceName>10,000 lux light intensity (EnergyLight)</FeatureReferenceName><FeatureImageRank>2</FeatureImageRank></FeatureImage><FeatureImage><FeatureCode>F400088053</FeatureCode><FeatureReferenceName>Convenient design (EnergyLight)</FeatureReferenceName><FeatureImageRank>3</FeatureImageRank></FeatureImage><FeatureImage><FeatureCode>F400088046</FeatureCode><FeatureReferenceName>Developed by Philips (EnergyLight)</FeatureReferenceName><FeatureImageRank>4</FeatureImageRank></FeatureImage><FeatureImage><FeatureCode>F400088050</FeatureCode><FeatureReferenceName>Fights energy dips (EnergyLight)</FeatureReferenceName><FeatureImageRank>5</FeatureImageRank></FeatureImage><FeatureImage><FeatureCode>F400088051</FeatureCode><FeatureReferenceName>Increases energy level (EnergyLight)</FeatureReferenceName><FeatureImageRank>6</FeatureImageRank></FeatureImage><FeatureImage><FeatureCode>F400088055</FeatureCode><FeatureReferenceName>Just 20-30 minutes a day (EnergyLight)</FeatureReferenceName><FeatureImageRank>7</FeatureImageRank></FeatureImage><FeatureImage><FeatureCode>F400088052</FeatureCode><FeatureReferenceName>Light is a natural energizer (EnergyLight)</FeatureReferenceName><FeatureImageRank>8</FeatureImageRank></FeatureImage><FeatureImage><FeatureCode>F400088048</FeatureCode><FeatureReferenceName>Ultimate eye comfort (EnergyLight)</FeatureReferenceName><FeatureImageRank>9</FeatureImageRank></FeatureImage><FeatureImage><FeatureCode>F400088049</FeatureCode><FeatureReferenceName>UV-free (EnergyLight)</FeatureReferenceName><FeatureImageRank>10</FeatureImageRank></FeatureImage><FeatureHighlight><FeatureCode>F400064707</FeatureCode><FeatureReferenceName>Natural white light (Aeon)</FeatureReferenceName><FeatureHighlightRank>1</FeatureHighlightRank></FeatureHighlight><FeatureHighlight><FeatureCode>F400088047</FeatureCode><FeatureReferenceName>10,000 lux light intensity (EnergyLight)</FeatureReferenceName><FeatureHighlightRank>2</FeatureHighlightRank></FeatureHighlight><FeatureHighlight><FeatureCode>F400088053</FeatureCode><FeatureReferenceName>Convenient design (EnergyLight)</FeatureReferenceName><FeatureHighlightRank>3</FeatureHighlightRank></FeatureHighlight><FeatureHighlight><FeatureCode>F400088046</FeatureCode><FeatureReferenceName>Developed by Philips (EnergyLight)</FeatureReferenceName><FeatureHighlightRank>4</FeatureHighlightRank></FeatureHighlight><FeatureHighlight><FeatureCode>F400088050</FeatureCode><FeatureReferenceName>Fights energy dips (EnergyLight)</FeatureReferenceName><FeatureHighlightRank>5</FeatureHighlightRank></FeatureHighlight><FeatureHighlight><FeatureCode>F400088051</FeatureCode><FeatureReferenceName>Increases energy level (EnergyLight)</FeatureReferenceName><FeatureHighlightRank>6</FeatureHighlightRank></FeatureHighlight><FeatureHighlight><FeatureCode>F400088055</FeatureCode><FeatureReferenceName>Just 20-30 minutes a day (EnergyLight)</FeatureReferenceName><FeatureHighlightRank>7</FeatureHighlightRank></FeatureHighlight><FeatureHighlight><FeatureCode>F400088052</FeatureCode><FeatureReferenceName>Light is a natural energizer (EnergyLight)</FeatureReferenceName><FeatureHighlightRank>8</FeatureHighlightRank></FeatureHighlight><FeatureHighlight><FeatureCode>F400088048</FeatureCode><FeatureReferenceName>Ultimate eye comfort (EnergyLight)</FeatureReferenceName><FeatureHighlightRank>9</FeatureHighlightRank></FeatureHighlight><FeatureHighlight><FeatureCode>F400088049</FeatureCode><FeatureReferenceName>UV-free (EnergyLight)</FeatureReferenceName><FeatureHighlightRank>10</FeatureHighlightRank></FeatureHighlight><CSChapter><CSChapterCode>CHA_0000026</CSChapterCode><CSChapterName>Easy to use</CSChapterName><CSChapterRank>1</CSChapterRank><CSItem><CSItemCode>S_0000505</CSItemCode><CSItemName>On/off button</CSItemName><CSItemRank>1</CSItemRank><CSItemIsFreeFormat>0</CSItemIsFreeFormat><CSValue><CSValueCode>VA4010656</CSValueCode><CSValueName>Yes</CSValueName><CSValueRank>11</CSValueRank></CSValue></CSItem><CSItem><CSItemCode>IT4006646</CSItemCode><CSItemName>Treatment time indicator</CSItemName><CSItemRank>2</CSItemRank><CSItemIsFreeFormat>0</CSItemIsFreeFormat><CSValue><CSValueCode>VA4018110</CSValueCode><CSValueName>Yes</CSValueName><CSValueRank>1</CSValueRank></CSValue></CSItem><CSItem><CSItemCode>IT4033958</CSItemCode><CSItemName>Touch button operation</CSItemName><CSItemRank>3</CSItemRank><CSItemIsFreeFormat>0</CSItemIsFreeFormat><CSValue><CSValueCode>VA4078993</CSValueCode><CSValueName>Yes</CSValueName><CSValueRank>3</CSValueRank></CSValue></CSItem><CSItem><CSItemCode>IT4033969</CSItemCode><CSItemName>Light intensity settings</CSItemName><CSItemRank>4</CSItemRank><CSItemIsFreeFormat>0</CSItemIsFreeFormat><CSValue><CSValueCode>VA4079009</CSValueCode><CSValueName>5</CSValueName><CSValueRank>18</CSValueRank></CSValue></CSItem><CSItem><CSItemCode>IT4042022</CSItemCode><CSItemName>Light intensity indicator</CSItemName><CSItemRank>5</CSItemRank><CSItemIsFreeFormat>0</CSItemIsFreeFormat><CSValue><CSValueCode>VA4097318</CSValueCode><CSValueName>Yes</CSValueName><CSValueRank>6</CSValueRank></CSValue></CSItem></CSChapter><CSChapter><CSChapterCode>CHA_0000004</CSChapterCode><CSChapterName>Weight and dimensions</CSChapterName><CSChapterRank>2</CSChapterRank><CSItem><CSItemCode>S_0000527</CSItemCode><CSItemName>Product dimensions</CSItemName><CSItemRank>1</CSItemRank><CSItemIsFreeFormat>1</CSItemIsFreeFormat><CSValue><CSValueCode>VA4007454</CSValueCode><CSValueName>29,4 x 37,6 x 4,1</CSValueName><CSValueRank>1</CSValueRank></CSValue><UnitOfMeasure><UnitOfMeasureCode>3000039</UnitOfMeasureCode><UnitOfMeasureName>centimeter</UnitOfMeasureName><UnitOfMeasureSymbol>cm</UnitOfMeasureSymbol></UnitOfMeasure></CSItem><CSItem><CSItemCode>S_0000528</CSItemCode><CSItemName>Product weight</CSItemName><CSItemRank>2</CSItemRank><CSItemIsFreeFormat>1</CSItemIsFreeFormat><CSValue><CSValueCode>VA4007455</CSValueCode><CSValueName>2,0</CSValueName><CSValueRank>1</CSValueRank></CSValue><UnitOfMeasure><UnitOfMeasureCode>3000049</UnitOfMeasureCode><UnitOfMeasureName>kilogram</UnitOfMeasureName><UnitOfMeasureSymbol>kg</UnitOfMeasureSymbol></UnitOfMeasure></CSItem><CSItem><CSItemCode>S_0002335</CSItemCode><CSItemName>F-box weight</CSItemName><CSItemRank>3</CSItemRank><CSItemIsFreeFormat>1</CSItemIsFreeFormat><CSValue><CSValueCode>VA4008606</CSValueCode><CSValueName>3,0</CSValueName><CSValueRank>1</CSValueRank></CSValue><UnitOfMeasure><UnitOfMeasureCode>3000049</UnitOfMeasureCode><UnitOfMeasureName>kilogram</UnitOfMeasureName><UnitOfMeasureSymbol>kg</UnitOfMeasureSymbol></UnitOfMeasure></CSItem><CSItem><CSItemCode>IT4002798</CSItemCode><CSItemName>F-box dimensions</CSItemName><CSItemRank>4</CSItemRank><CSItemIsFreeFormat>1</CSItemIsFreeFormat><CSValue><CSValueCode>VA4009727</CSValueCode><CSValueName>31,7 x 41,4 x 11,2 (WxHxD)</CSValueName><CSValueRank>1</CSValueRank></CSValue><UnitOfMeasure><UnitOfMeasureCode>3000039</UnitOfMeasureCode><UnitOfMeasureName>centimeter</UnitOfMeasureName><UnitOfMeasureSymbol>cm</UnitOfMeasureSymbol></UnitOfMeasure></CSItem><CSItem><CSItemCode>IT4006507</CSItemCode><CSItemName>Master carton</CSItemName><CSItemRank>5</CSItemRank><CSItemIsFreeFormat>1</CSItemIsFreeFormat><CSValue><CSValueCode>VA4017929</CSValueCode><CSValueName>2</CSValueName><CSValueRank>1</CSValueRank></CSValue></CSItem></CSChapter><CSChapter><CSChapterCode>CHA_0000023</CSChapterCode><CSChapterName>Logistic data</CSChapterName><CSChapterRank>3</CSChapterRank><CSItem><CSItemCode>S_0000403</CSItemCode><CSItemName>Country of origin</CSItemName><CSItemRank>1</CSItemRank><CSItemIsFreeFormat>1</CSItemIsFreeFormat><CSValue><CSValueCode>VA4007371</CSValueCode><CSValueName>China</CSValueName><CSValueRank>1</CSValueRank></CSValue></CSItem></CSChapter><CSChapter><CSChapterCode>CHA_0000029</CSChapterCode><CSChapterName>Easy positionable</CSChapterName><CSChapterRank>4</CSChapterRank><CSItem><CSItemCode>S_0000512</CSItemCode><CSItemName>Adjustable angle</CSItemName><CSItemRank>1</CSItemRank><CSItemIsFreeFormat>1</CSItemIsFreeFormat><CSValue><CSValueCode>VA4007441</CSValueCode><CSValueName>Yes</CSValueName><CSValueRank>1</CSValueRank></CSValue></CSItem></CSChapter><CSChapter><CSChapterCode>CHA_0000028</CSChapterCode><CSChapterName>Comfortable light</CSChapterName><CSChapterRank>5</CSChapterRank><CSItem><CSItemCode>IT4014393</CSItemCode><CSItemName>10,000 lux</CSItemName><CSItemRank>1</CSItemRank><CSItemIsFreeFormat>0</CSItemIsFreeFormat><CSValue><CSValueCode>VA4027353</CSValueCode><CSValueName>Yes</CSValueName><CSValueRank>9</CSValueRank></CSValue></CSItem><CSItem><CSItemCode>IT4014394</CSItemCode><CSItemName>Even screen luminance</CSItemName><CSItemRank>2</CSItemRank><CSItemIsFreeFormat>0</CSItemIsFreeFormat><CSValue><CSValueCode>VA4027354</CSValueCode><CSValueName>Yes</CSValueName><CSValueRank>8</CSValueRank></CSValue></CSItem></CSChapter><CSChapter><CSChapterCode>CH4002661</CSChapterCode><CSChapterName>Well-being by light</CSChapterName><CSChapterRank>6</CSChapterRank><CSItem><CSItemCode>IT4014391</CSItemCode><CSItemName>Fight winter blues</CSItemName><CSItemRank>1</CSItemRank><CSItemIsFreeFormat>0</CSItemIsFreeFormat><CSValue><CSValueCode>VA4027423</CSValueCode><CSValueName>Yes</CSValueName><CSValueRank>5</CSValueRank></CSValue></CSItem><CSItem><CSItemCode>IT4014451</CSItemCode><CSItemName>Increase alertness</CSItemName><CSItemRank>2</CSItemRank><CSItemIsFreeFormat>0</CSItemIsFreeFormat><CSValue><CSValueCode>VA4027424</CSValueCode><CSValueName>Yes</CSValueName><CSValueRank>7</CSValueRank></CSValue></CSItem><CSItem><CSItemCode>IT4014452</CSItemCode><CSItemName>Increase energy level</CSItemName><CSItemRank>3</CSItemRank><CSItemIsFreeFormat>0</CSItemIsFreeFormat><CSValue><CSValueCode>VA4027425</CSValueCode><CSValueName>Yes</CSValueName><CSValueRank>2</CSValueRank></CSValue></CSItem><CSItem><CSItemCode>IT4033954</CSItemCode><CSItemName>Lift your mood</CSItemName><CSItemRank>4</CSItemRank><CSItemIsFreeFormat>0</CSItemIsFreeFormat><CSValue><CSValueCode>VA4078989</CSValueCode><CSValueName>Yes</CSValueName><CSValueRank>4</CSValueRank></CSValue></CSItem><CSItem><CSItemCode>IT4033971</CSItemCode><CSItemName>Feel more rested</CSItemName><CSItemRank>5</CSItemRank><CSItemIsFreeFormat>0</CSItemIsFreeFormat><CSValue><CSValueCode>VA4079027</CSValueCode><CSValueName>Yes</CSValueName><CSValueRank>10</CSValueRank></CSValue></CSItem></CSChapter><CSChapter><CSChapterCode>CH4005681</CSChapterCode><CSChapterName>Technical</CSChapterName><CSChapterRank>7</CSChapterRank><CSItem><CSItemCode>IT4027821</CSItemCode><CSItemName>Frequency</CSItemName><CSItemRank>1</CSItemRank><CSItemIsFreeFormat>0</CSItemIsFreeFormat><CSValue><CSValueCode>VA4065246</CSValueCode><CSValueName>50/60 Hz</CSValueName><CSValueRank>14</CSValueRank></CSValue></CSItem><CSItem><CSItemCode>IT4027825</CSItemCode><CSItemName>Type of Lamp</CSItemName><CSItemRank>2</CSItemRank><CSItemIsFreeFormat>0</CSItemIsFreeFormat><CSValue><CSValueCode>VA4104025</CSValueCode><CSValueName>Medium power LED</CSValueName><CSValueRank>22</CSValueRank></CSValue></CSItem><CSItem><CSItemCode>IT4027820</CSItemCode><CSItemName>Voltage</CSItemName><CSItemRank>3</CSItemRank><CSItemIsFreeFormat>0</CSItemIsFreeFormat><CSValue><CSValueCode>VA4104024</CSValueCode><CSValueName>100/240 Vac</CSValueName><CSValueRank>21</CSValueRank></CSValue></CSItem><CSItem><CSItemCode>IT4033967</CSItemCode><CSItemName>Cordlength</CSItemName><CSItemRank>4</CSItemRank><CSItemIsFreeFormat>0</CSItemIsFreeFormat><CSValue><CSValueCode>VA4079003</CSValueCode><CSValueName>210 cm</CSValueName><CSValueRank>15</CSValueRank></CSValue></CSItem><CSItem><CSItemCode>IT4033968</CSItemCode><CSItemName>Power adapter</CSItemName><CSItemRank>5</CSItemRank><CSItemIsFreeFormat>0</CSItemIsFreeFormat><CSValue><CSValueCode>VA4079007</CSValueCode><CSValueName>24W</CSValueName><CSValueRank>19</CSValueRank></CSValue></CSItem></CSChapter><CSChapter><CSChapterCode>CH4006401</CSChapterCode><CSChapterName>Safety and Regulations</CSChapterName><CSChapterRank>8</CSChapterRank><CSItem><CSItemCode>IT4030891</CSItemCode><CSItemName>UV-free</CSItemName><CSItemRank>1</CSItemRank><CSItemIsFreeFormat>0</CSItemIsFreeFormat><CSValue><CSValueCode>VA4077042</CSValueCode><CSValueName>No UV or near UV radiation</CSValueName><CSValueRank>20</CSValueRank></CSValue></CSItem><CSItem><CSItemCode>IT4045330</CSItemCode><CSItemName>Light Emitting Diode Equipment</CSItemName><CSItemRank>2</CSItemRank><CSItemIsFreeFormat>0</CSItemIsFreeFormat><CSValue><CSValueCode>VA4104031</CSValueCode><CSValueName>UL8750</CSValueName><CSValueRank>12</CSValueRank></CSValue></CSItem><CSItem><CSItemCode>IT4035624</CSItemCode><CSItemName>Complies to Portable</CSItemName><CSItemRank>3</CSItemRank><CSItemIsFreeFormat>0</CSItemIsFreeFormat><CSValue><CSValueCode>VA4082961</CSValueCode><CSValueName>CSA22.2 no 12</CSValueName><CSValueRank>13</CSValueRank></CSValue><CSValue><CSValueCode>VA4082960</CSValueCode><CSValueName>Electric Luminaire UL153</CSValueName><CSValueRank>17</CSValueRank></CSValue></CSItem><CSItem><CSItemCode>IT4035625</CSItemCode><CSItemName>cULus certified</CSItemName><CSItemRank>4</CSItemRank><CSItemIsFreeFormat>0</CSItemIsFreeFormat><CSValue><CSValueCode>VA4082962</CSValueCode><CSValueName>Yes</CSValueName><CSValueRank>16</CSValueRank></CSValue></CSItem></CSChapter><Filters><Purpose type="Comparison"><Features><Feature code="F400064707" rank="1" referenceName="Natural white light (Aeon)"/><Feature code="F400088047" rank="2" referenceName="10,000 lux light intensity (EnergyLight)"/><Feature code="F400088053" rank="3" referenceName="Convenient design (EnergyLight)"/><Feature code="F400088046" rank="4" referenceName="Developed by Philips (EnergyLight)"/><Feature code="F400088050" rank="5" referenceName="Fights energy dips (EnergyLight)"/><Feature code="F400088051" rank="6" referenceName="Increases energy level (EnergyLight)"/><Feature code="F400088055" rank="7" referenceName="Just 20-30 minutes a day (EnergyLight)"/><Feature code="F400088052" rank="8" referenceName="Light is a natural energizer (EnergyLight)"/><Feature code="F400088048" rank="9" referenceName="Ultimate eye comfort (EnergyLight)"/><Feature code="F400088049" rank="10" referenceName="UV-free (EnergyLight)"/></Features><CSItems><CSItem code="S_0000505" rank="1" referenceName="Easy to use - On/off button"/><CSItem code="S_0000527" rank="1" referenceName="Weight and dimensions - Product dimensions"/><CSItem code="S_0000403" rank="1" referenceName="Logistic data - Country of origin"/><CSItem code="S_0000512" rank="1" referenceName="Easy positionable - Adjustable angle"/><CSItem code="IT4014393" rank="1" referenceName="Comfortable light - 10,000 lux"/><CSItem code="IT4014391" rank="1" referenceName="Well-being by light - Fight winter blues"/><CSItem code="IT4027821" rank="1" referenceName="Technical - Frequency"/><CSItem code="IT4030891" rank="1" referenceName="Safety and Regulations - UV-free"/><CSItem code="IT4006646" rank="2" referenceName="Easy to use - Treatment time indicator"/><CSItem code="S_0000528" rank="2" referenceName="Weight and dimensions - Product weight"/><CSItem code="IT4014394" rank="2" referenceName="Comfortable light - Even screen luminance"/><CSItem code="IT4014451" rank="2" referenceName="Well-being by light - Increase alertness"/><CSItem code="IT4027825" rank="2" referenceName="Technical - Type of Lamp"/><CSItem code="IT4045330" rank="2" referenceName="Safety and Regulations - Light Emitting Diode Equipment"/><CSItem code="IT4033958" rank="3" referenceName="Easy to use - Touch button operation"/><CSItem code="S_0002335" rank="3" referenceName="Weight and dimensions - F-box weight"/><CSItem code="IT4014452" rank="3" referenceName="Well-being by light - Increase energy level"/><CSItem code="IT4027820" rank="3" referenceName="Technical - Voltage"/><CSItem code="IT4035624" rank="3" referenceName="Safety and Regulations - Complies to Portable"/><CSItem code="IT4033969" rank="4" referenceName="Easy to use - Light intensity settings"/><CSItem code="IT4002798" rank="4" referenceName="Weight and dimensions - F-box dimensions"/><CSItem code="IT4033954" rank="4" referenceName="Well-being by light - Lift your mood"/><CSItem code="IT4033967" rank="4" referenceName="Technical - Cordlength"/><CSItem code="IT4035625" rank="4" referenceName="Safety and Regulations - cULus certified"/><CSItem code="IT4042022" rank="5" referenceName="Easy to use - Light intensity indicator"/><CSItem code="IT4006507" rank="5" referenceName="Weight and dimensions - Master carton"/><CSItem code="IT4033971" rank="5" referenceName="Well-being by light - Feel more rested"/><CSItem code="IT4033968" rank="5" referenceName="Technical - Power adapter"/></CSItems></Purpose><Purpose type="Detail"><Features><Feature code="F400064707" rank="1" referenceName="Natural white light (Aeon)"/><Feature code="F400088047" rank="2" referenceName="10,000 lux light intensity (EnergyLight)"/><Feature code="F400088053" rank="3" referenceName="Convenient design (EnergyLight)"/><Feature code="F400088046" rank="4" referenceName="Developed by Philips (EnergyLight)"/><Feature code="F400088050" rank="5" referenceName="Fights energy dips (EnergyLight)"/><Feature code="F400088051" rank="6" referenceName="Increases energy level (EnergyLight)"/><Feature code="F400088055" rank="7" referenceName="Just 20-30 minutes a day (EnergyLight)"/><Feature code="F400088052" rank="8" referenceName="Light is a natural energizer (EnergyLight)"/><Feature code="F400088048" rank="9" referenceName="Ultimate eye comfort (EnergyLight)"/><Feature code="F400088049" rank="10" referenceName="UV-free (EnergyLight)"/></Features><CSItems><CSItem code="S_0000505" rank="1" referenceName="Easy to use - On/off button"/><CSItem code="S_0000527" rank="1" referenceName="Weight and dimensions - Product dimensions"/><CSItem code="S_0000403" rank="1" referenceName="Logistic data - Country of origin"/><CSItem code="S_0000512" rank="1" referenceName="Easy positionable - Adjustable angle"/><CSItem code="IT4014393" rank="1" referenceName="Comfortable light - 10,000 lux"/><CSItem code="IT4014391" rank="1" referenceName="Well-being by light - Fight winter blues"/><CSItem code="IT4027821" rank="1" referenceName="Technical - Frequency"/><CSItem code="IT4030891" rank="1" referenceName="Safety and Regulations - UV-free"/><CSItem code="IT4006646" rank="2" referenceName="Easy to use - Treatment time indicator"/><CSItem code="S_0000528" rank="2" referenceName="Weight and dimensions - Product weight"/><CSItem code="IT4014394" rank="2" referenceName="Comfortable light - Even screen luminance"/><CSItem code="IT4014451" rank="2" referenceName="Well-being by light - Increase alertness"/><CSItem code="IT4027825" rank="2" referenceName="Technical - Type of Lamp"/><CSItem code="IT4045330" rank="2" referenceName="Safety and Regulations - Light Emitting Diode Equipment"/><CSItem code="IT4033958" rank="3" referenceName="Easy to use - Touch button operation"/><CSItem code="S_0002335" rank="3" referenceName="Weight and dimensions - F-box weight"/><CSItem code="IT4014452" rank="3" referenceName="Well-being by light - Increase energy level"/><CSItem code="IT4027820" rank="3" referenceName="Technical - Voltage"/><CSItem code="IT4035624" rank="3" referenceName="Safety and Regulations - Complies to Portable"/><CSItem code="IT4033969" rank="4" referenceName="Easy to use - Light intensity settings"/><CSItem code="IT4002798" rank="4" referenceName="Weight and dimensions - F-box dimensions"/><CSItem code="IT4033954" rank="4" referenceName="Well-being by light - Lift your mood"/><CSItem code="IT4033967" rank="4" referenceName="Technical - Cordlength"/><CSItem code="IT4035625" rank="4" referenceName="Safety and Regulations - cULus certified"/><CSItem code="IT4042022" rank="5" referenceName="Easy to use - Light intensity indicator"/><CSItem code="IT4006507" rank="5" referenceName="Weight and dimensions - Master carton"/><CSItem code="IT4033971" rank="5" referenceName="Well-being by light - Feel more rested"/><CSItem code="IT4033968" rank="5" referenceName="Technical - Power adapter"/></CSItems></Purpose></Filters><FeatureCompareGroups/><Disclaimers/><RichTexts/></Product></Products>