<?xml version="1.0" encoding="UTF-8"?><Products xmlns:source="http://apache.org/cocoon/source/1.0" DocStatus="approved" DocTimeStamp="2018-10-23T10:49:56"><Product Country="US" IsAccessory="false" IsMaster="false" Locale="en_US" lastModified="2018-10-23T04:30:06" masterLastModified="2018-06-22T00:25:56"><CTN>SH90/62</CTN><GTIN>00075020061607</GTIN><MarketingVersion>6.0.1</MarketingVersion><MarketingStatus>Final Published</MarketingStatus><CRDate>2016-09-30</CRDate><CRDateYW>201640</CRDateYW><ModelYears><ModelYear>2016</ModelYear></ModelYears><ProductDivision><ProductDivisionCode>0200</ProductDivisionCode><ProductDivisionName>Consumer Lifestyle</ProductDivisionName><FormerPDCode>0300</FormerPDCode></ProductDivision><ProductOwner>Sabrina Yang</ProductOwner><DTN>SH90/62</DTN><Catalog><StartOfPublication>2016-10-31T00:00:00</StartOfPublication><EndOfPublication>2020-10-31T00:00:00</EndOfPublication><StartOfSales>2016-10-31T00:00:00</StartOfSales><EndOfSales>2020-10-31T00:00:00</EndOfSales><DummyPrice>59.99</DummyPrice><Deleted>false</Deleted><DeleteAfterDate/><ProductRank>50</ProductRank></Catalog><FinancialCategorization><BusinessGroupCode>9044</BusinessGroupCode><BusinessGroupName>Personal Care</BusinessGroupName><BusinessUnitCode>0321</BusinessUnitCode><BusinessUnitName>Male Grooming</BusinessUnitName><MainArticleGroupCode>W91</MainArticleGroupCode><MainArticleGroupName>Accessories</MainArticleGroupName><ArticleGroupCode>3010</ArticleGroupCode><ArticleGroupName>Shaving heads / units</ArticleGroupName></FinancialCategorization><Categorization type="CONSUMER"><GroupCode>PERSONAL_CARE_GR</GroupCode><GroupName>Personal care</GroupName><CategoryCode>ACCESSORIES_AND_REPLACEMENTS_CA</CategoryCode><CategoryName>Accessories and replacements</CategoryName><SubcategoryCode>REPLACEMENT_HEADS_SU</SubcategoryCode><SubcategoryName>Shaver replacement blades</SubcategoryName></Categorization><Assets><Asset code="SH90_62" description="High Quality product movie 2" extension="mp4" lastModified="2016-06-08" locale="en_US" number="001" type="HQ2">http://download.p4c.philips.com/files/s/sh90_62/sh90_62_hq2_aen.mp4</Asset><Asset code="SH90_62" description="High Quality product movie 3" extension="mp4" lastModified="2016-06-08" locale="en_US" number="001" type="HQ3">http://download.p4c.philips.com/files/s/sh90_62/sh90_62_hq3_aen.mp4</Asset><Asset code="SH90_62" description="Leaflet" extension="pdf" lastModified="2018-06-22" locale="en_US" number="001" type="PSS">http://download.p4c.philips.com/files/s/sh90_62/sh90_62_pss_aenus.pdf</Asset><Asset code="SH90_62" description="Retail Trade Leaflet" extension="pdf" lastModified="2018-06-24" locale="en_US" number="001" type="RTL">http://download.p4c.philips.com/files/s/sh90_62/sh90_62_rtl_aenus.pdf</Asset><Asset code="SH90_62" description="Alternative product photograph - highres 2196x1795" extension="tif" lastModified="2014-05-15" locale="global" number="001" type="APP">http://images.philips.com/is/image/PhilipsConsumer/SH90_62-APP-global-001</Asset><Asset code="SH90_62" description="Product detail photograph - highres 2196x2196" extension="tif" lastModified="2014-05-15" locale="global" number="001" type="DPP">http://images.philips.com/is/image/PhilipsConsumer/SH90_62-DPP-global-001</Asset><Asset code="SH90_62" description="Leaflet" extension="pdf" lastModified="2018-06-22" locale="global" number="001" type="PSS">http://download.p4c.philips.com/files/s/sh90_62/sh90_62_pss_.pdf</Asset><Asset code="SH90_62" description="Standard product photograph - highres 2196x1795" extension="tif" lastModified="2015-12-01" locale="global" number="001" type="RTP">http://images.philips.com/is/image/PhilipsConsumer/SH90_62-RTP-global-001</Asset><Asset code="SH90_62" description="Product in use photograph - highres 2196x1795" extension="tif" lastModified="2018-04-04" locale="global" number="001" type="UPL">http://images.philips.com/is/image/PhilipsConsumer/SH90_62-UPL-global-001</Asset><Asset code="SH90_62" description="Single product shot" extension="" lastModified="2018-10-23" locale="en_US" number="" type="IMS">http://images.philips.com/is/image/PhilipsConsumer/SH90_62-IMS-en_US</Asset><Asset code="SH90_62" description="Product gallery image set" extension="" lastModified="2018-10-23" locale="en_US" number="" type="GAL">http://images.philips.com/is/image/PhilipsConsumer/SH90_62-GAL-en_US</Asset><Asset code="SH90_62" description="Product URL" extension="" lastModified="2018-10-23" locale="en_US" number="" type="URL">http://www.usa.philips.com/c-p/SH90_62/norelco-shaver-series-9000-shaving-heads</Asset><Asset code="F400057545" description="Feature photograph - highres 2100x1170" extension="tif" lastModified="2015-03-11" locale="global" number="001" type="FIL">http://images.philips.com/is/image/PhilipsConsumer/F400057545-FIL-global-001</Asset><Asset code="F400063905" description="Feature photograph - highres 2100x1170" extension="tif" lastModified="2015-03-11" locale="global" number="001" type="FIL">http://images.philips.com/is/image/PhilipsConsumer/F400063905-FIL-global-001</Asset><Asset code="F400070384" description="Feature photograph - highres 2100x1170" extension="tif" lastModified="2014-12-01" locale="global" number="001" type="FIL">http://images.philips.com/is/image/PhilipsConsumer/F400070384-FIL-global-001</Asset><Asset code="F400072863" description="Feature photograph - highres 2100x1170" extension="tif" lastModified="2015-03-11" locale="global" number="001" type="FIL">http://images.philips.com/is/image/PhilipsConsumer/F400072863-FIL-global-001</Asset><Asset code="F400078100" description="Feature photograph - highres 2100x1170" extension="tif" lastModified="2016-07-01" locale="global" number="001" type="FIL">http://images.philips.com/is/image/PhilipsConsumer/F400078100-FIL-global-001</Asset><Asset code="F400086295" description="Feature photograph - highres 2100x1170" extension="tif" lastModified="2018-02-09" locale="global" number="001" type="FIL">http://images.philips.com/is/image/PhilipsConsumer/F400086295-FIL-global-001</Asset><Asset code="NOR" description="Brand logo - highres 1476x886" extension="jpg" lastModified="2011-08-30" locale="global" number="001" type="BRP">http://images.philips.com/is/image/PhilipsConsumer/NOR-BRP-global-001</Asset><Asset code="PHI" description="Brand logo - highres 1476x886" extension="tif" lastModified="2016-02-18" locale="global" number="001" type="BRP">http://images.philips.com/is/image/PhilipsConsumer/PHI-BRP-global-001</Asset></Assets><ProductName>V-Track Precision Blades PRO Shaving heads</ProductName><FullProductName>Philips Norelco Shaver series 9000 Shaving heads SH90/62 V-Track Precision Blades PRO Fits S9000 (S9xxx) Fits Star Wars Shaver SW97xx Fits Star Wars Shaver SW67xx</FullProductName><NamingString><MasterBrand><BrandCode>PHI</BrandCode><BrandName>Philips</BrandName></MasterBrand><Partner><PartnerBrand><BrandCode>NOR</BrandCode><BrandName>Norelco</BrandName></PartnerBrand><PartnerBrandType>MakersMark</PartnerBrandType></Partner><BrandString>Philips Norelco</BrandString><Family><FamilyCode>SB40004164</FamilyCode><FamilyName>Shaver series 9000</FamilyName><FamilyNameUsed>1</FamilyNameUsed></Family><Descriptor><DescriptorCode>NSD_000100</DescriptorCode><DescriptorName>Shaving heads</DescriptorName></Descriptor><Alphanumeric>SH90/62</Alphanumeric><VersionElement1><VersionElementCode>V4042624</VersionElementCode><VersionElementName>V-Track Precision Blades PRO</VersionElementName></VersionElement1><VersionElement2><VersionElementCode>V4045521</VersionElementCode><VersionElementName>Fits S9000 (S9xxx)</VersionElementName></VersionElement2><VersionElement3><VersionElementCode>V4045548</VersionElementCode><VersionElementName>Fits Star Wars Shaver SW97xx</VersionElementName></VersionElement3><VersionElement4><VersionElementCode>V4045551</VersionElementCode><VersionElementName>Fits Star Wars Shaver SW67xx</VersionElementName></VersionElement4><VersionString>V-Track Precision Blades PRO Fits S9000 (S9xxx) Fits Star Wars Shaver SW97xx Fits Star Wars Shaver SW67xx</VersionString><BrandedFeatureString/><DescriptorBrandedFeatureString>Shaving heads</DescriptorBrandedFeatureString></NamingString><WOW>Reset your shaver to new</WOW><SubWOW>Change heads every year for best results</SubWOW><MarketingTextHeader>Within one year your shaver heads cut 4.5 million hairs on your face. Replace the shaver heads and get back peak performance. Compatible with the Series 9000 Shaver.</MarketingTextHeader><KeyBenefitArea><KeyBenefitAreaCode>K300003623</KeyBenefitAreaCode><KeyBenefitAreaName>Compatibility</KeyBenefitAreaName><KeyBenefitAreaRank>1</KeyBenefitAreaRank><Feature><FeatureCode>F400086295</FeatureCode><FeatureReferenceName>Compatible with Series 9000 (shaving heads US)</FeatureReferenceName><FeatureName>Compatible with Series 9000</FeatureName><FeatureLongDescription>Replacement heads for Shaver series 9000</FeatureLongDescription><FeatureGlossary>SH90 replacement heads are compatible with Shaver series 9000 (S9___), 8000 (S8___), Star Wars shaver SW9700 and SW6700.</FeatureGlossary><FeatureRank>1</FeatureRank><FeatureTopRank>1</FeatureTopRank></Feature></KeyBenefitArea><KeyBenefitArea><KeyBenefitAreaCode>K4033291</KeyBenefitAreaCode><KeyBenefitAreaName>Perfection in every pass</KeyBenefitAreaName><KeyBenefitAreaRank>2</KeyBenefitAreaRank><Feature><FeatureCode>F400078100</FeatureCode><FeatureReferenceName>V-Track Precision blade system PRO (Cypress MLU)</FeatureReferenceName><FeatureName>V-Track blade system PRO</FeatureName><FeatureLongDescription>Our best shaving system on 1-3 day beard</FeatureLongDescription><FeatureGlossary>Get the prefect close shave. The V-Track Precision PRO Blades gently positions each hair in the best cutting position, from 1 day up to 3 day beard and even the flat laying and different length of hairs. Cuts 30% closer* in less strokes leaving your skin in great condition.</FeatureGlossary><FeatureRank>1</FeatureRank><FeatureTopRank>2</FeatureTopRank></Feature></KeyBenefitArea><KeyBenefitArea><KeyBenefitAreaCode>K300000216</KeyBenefitAreaCode><KeyBenefitAreaName>Easy to use</KeyBenefitAreaName><KeyBenefitAreaRank>3</KeyBenefitAreaRank><Feature><FeatureCode>F400070384</FeatureCode><FeatureReferenceName>Replacement reminder (SH90)(SH70)(SH30)</FeatureReferenceName><FeatureName>Replacement reminder</FeatureName><FeatureLongDescription>Replacement reminder</FeatureLongDescription><FeatureGlossary>The latest Philips shavers have an inbuilt replacement reminder in the form of a shaving unit symbol. This symbol will light up and indicate you when to replace shaving heads.</FeatureGlossary><FeatureRank>1</FeatureRank><FeatureTopRank>3</FeatureTopRank></Feature><Feature><FeatureCode>F400063905</FeatureCode><FeatureReferenceName>Simple replacement (SH90)</FeatureReferenceName><FeatureName>Simple replacement</FeatureName><FeatureLongDescription>Easy to replace heads</FeatureLongDescription><FeatureGlossary>1. Pull the shaving head holder off. 2. Replace the shavings heads with new ones. 3. Reattach the shaving head holder. 4. To reset the shaver, press and hold the on/off button for more than 5 seconds.</FeatureGlossary><FeatureRank>3</FeatureRank><FeatureTopRank>4</FeatureTopRank></Feature><Feature><FeatureCode>F400057545</FeatureCode><FeatureReferenceName>How to reset your shaver (SH90)</FeatureReferenceName><FeatureName>How to reset your shaver</FeatureName><FeatureLongDescription>Reset your shaver after replacing shaving heads</FeatureLongDescription><FeatureGlossary>After replacing shaving heads, you can reset the replacement reminder by pressing the on/off button for more than 7 seconds. Otherwise, replacement trigger will turn off automatically after 9 successive shaves.</FeatureGlossary><FeatureRank>2</FeatureRank><FeatureTopRank>5</FeatureTopRank></Feature><Feature><FeatureCode>F400072863</FeatureCode><FeatureReferenceName>Reset your shaver to new(US/CA 3-heads)</FeatureReferenceName><FeatureName>Reset your shaver to new</FeatureName><FeatureLongDescription>Reset your shaver to new</FeatureLongDescription><FeatureGlossary>To get back to 100% performance, replace your shaving heads every 12 months.</FeatureGlossary><FeatureRank>4</FeatureRank><FeatureTopRank>6</FeatureTopRank></Feature></KeyBenefitArea><FeatureImage><FeatureCode>F400086295</FeatureCode><FeatureReferenceName>Compatible with Series 9000 (shaving heads US)</FeatureReferenceName><FeatureImageRank>1</FeatureImageRank></FeatureImage><FeatureImage><FeatureCode>F400078100</FeatureCode><FeatureReferenceName>V-Track Precision blade system PRO (Cypress MLU)</FeatureReferenceName><FeatureImageRank>2</FeatureImageRank></FeatureImage><FeatureImage><FeatureCode>F400070384</FeatureCode><FeatureReferenceName>Replacement reminder (SH90)(SH70)(SH30)</FeatureReferenceName><FeatureImageRank>3</FeatureImageRank></FeatureImage><FeatureImage><FeatureCode>F400063905</FeatureCode><FeatureReferenceName>Simple replacement (SH90)</FeatureReferenceName><FeatureImageRank>4</FeatureImageRank></FeatureImage><FeatureImage><FeatureCode>F400057545</FeatureCode><FeatureReferenceName>How to reset your shaver (SH90)</FeatureReferenceName><FeatureImageRank>5</FeatureImageRank></FeatureImage><FeatureImage><FeatureCode>F400072863</FeatureCode><FeatureReferenceName>Reset your shaver to new(US/CA 3-heads)</FeatureReferenceName><FeatureImageRank>6</FeatureImageRank></FeatureImage><FeatureHighlight><FeatureCode>F400086295</FeatureCode><FeatureReferenceName>Compatible with Series 9000 (shaving heads US)</FeatureReferenceName><FeatureHighlightRank>1</FeatureHighlightRank></FeatureHighlight><FeatureHighlight><FeatureCode>F400078100</FeatureCode><FeatureReferenceName>V-Track Precision blade system PRO (Cypress MLU)</FeatureReferenceName><FeatureHighlightRank>2</FeatureHighlightRank></FeatureHighlight><FeatureHighlight><FeatureCode>F400070384</FeatureCode><FeatureReferenceName>Replacement reminder (SH90)(SH70)(SH30)</FeatureReferenceName><FeatureHighlightRank>3</FeatureHighlightRank></FeatureHighlight><FeatureHighlight><FeatureCode>F400063905</FeatureCode><FeatureReferenceName>Simple replacement (SH90)</FeatureReferenceName><FeatureHighlightRank>4</FeatureHighlightRank></FeatureHighlight><FeatureHighlight><FeatureCode>F400057545</FeatureCode><FeatureReferenceName>How to reset your shaver (SH90)</FeatureReferenceName><FeatureHighlightRank>5</FeatureHighlightRank></FeatureHighlight><FeatureHighlight><FeatureCode>F400072863</FeatureCode><FeatureReferenceName>Reset your shaver to new(US/CA 3-heads)</FeatureReferenceName><FeatureHighlightRank>6</FeatureHighlightRank></FeatureHighlight><CSChapter><CSChapterCode>CHA_0000097</CSChapterCode><CSChapterName>Shaving heads</CSChapterName><CSChapterRank>1</CSChapterRank><CSItem><CSItemCode>IT4026713</CSItemCode><CSItemName>Fits product type</CSItemName><CSItemRank>2</CSItemRank><CSItemIsFreeFormat>0</CSItemIsFreeFormat><CSValue><CSValueCode>VA4088693</CSValueCode><CSValueName>Shaver series 9000 (S9___)</CSValueName><CSValueRank>2</CSValueRank></CSValue><CSValue><CSValueCode>VA4094423</CSValueCode><CSValueName>Shaver series 8000 (S8___)</CSValueName><CSValueRank>4</CSValueRank></CSValue></CSItem><CSItem><CSItemCode>IT4002945</CSItemCode><CSItemName>Shaving heads per packaging</CSItemName><CSItemRank>3</CSItemRank><CSItemIsFreeFormat>1</CSItemIsFreeFormat><CSValue><CSValueCode>VA4009863</CSValueCode><CSValueName>3</CSValueName><CSValueRank>1</CSValueRank></CSValue></CSItem></CSChapter><CSChapter><CSChapterCode>3000815</CSChapterCode><CSChapterName>Accessories</CSChapterName><CSChapterRank>2</CSChapterRank><CSItem><CSItemCode>IT4008131</CSItemCode><CSItemName>Included in pack</CSItemName><CSItemRank>4</CSItemRank><CSItemIsFreeFormat>0</CSItemIsFreeFormat><CSValue><CSValueCode>VA4082946</CSValueCode><CSValueName>Retaining ring holder</CSValueName><CSValueRank>1</CSValueRank></CSValue></CSItem></CSChapter><Filters><Purpose type="Comparison"><Features><Feature code="F400086295" rank="1" referenceName="Compatible with Series 9000 (shaving heads US)"/><Feature code="F400078100" rank="2" referenceName="V-Track Precision blade system PRO (Cypress MLU)"/><Feature code="F400070384" rank="3" referenceName="Replacement reminder (SH90)(SH70)(SH30)"/><Feature code="F400063905" rank="4" referenceName="Simple replacement (SH90)"/><Feature code="F400057545" rank="5" referenceName="How to reset your shaver (SH90)"/><Feature code="F400072863" rank="6" referenceName="Reset your shaver to new(US/CA 3-heads)"/></Features><CSItems><CSItem code="IT4026713" rank="2" referenceName="Shaving heads - Fits product type"/><CSItem code="IT4002945" rank="3" referenceName="Shaving heads - Shaving heads per packaging"/><CSItem code="IT4008131" rank="4" referenceName="Accessories - Included in pack"/></CSItems></Purpose><Purpose type="Detail"><Features><Feature code="F400086295" rank="1" referenceName="Compatible with Series 9000 (shaving heads US)"/><Feature code="F400078100" rank="2" referenceName="V-Track Precision blade system PRO (Cypress MLU)"/><Feature code="F400070384" rank="3" referenceName="Replacement reminder (SH90)(SH70)(SH30)"/><Feature code="F400063905" rank="4" referenceName="Simple replacement (SH90)"/><Feature code="F400057545" rank="5" referenceName="How to reset your shaver (SH90)"/><Feature code="F400072863" rank="6" referenceName="Reset your shaver to new(US/CA 3-heads)"/></Features><CSItems><CSItem code="IT4026713" rank="2" referenceName="Shaving heads - Fits product type"/><CSItem code="IT4002945" rank="3" referenceName="Shaving heads - Shaving heads per packaging"/><CSItem code="IT4008131" rank="4" referenceName="Accessories - Included in pack"/></CSItems></Purpose></Filters><FeatureCompareGroups/><Disclaimers><Disclaimer code="DIS40006922" rank="1" referenceName="Versus its Philips predecessor"><DisclaimerText>Versus its Philips predecessor</DisclaimerText><DisclaimElements/></Disclaimer></Disclaimers><ProductReference ProductReferenceType="Accessory"><CTN>HQ110/01</CTN><ProductReferenceRank>0</ProductReferenceRank></ProductReference><ProductReference ProductReferenceType="Accessory"><CTN>HQ110/02</CTN><ProductReferenceRank>0</ProductReferenceRank></ProductReference><ProductReference ProductReferenceType="Accessory"><CTN>HQ110/42</CTN><ProductReferenceRank>0</ProductReferenceRank></ProductReference><ProductReference ProductReferenceType="Performer"><CTN>S8860/61</CTN><ProductReferenceRank>0</ProductReferenceRank></ProductReference><ProductReference ProductReferenceType="Performer"><CTN>S8860/62</CTN><ProductReferenceRank>0</ProductReferenceRank></ProductReference><ProductReference ProductReferenceType="Performer"><CTN>S8860/81</CTN><ProductReferenceRank>0</ProductReferenceRank></ProductReference><ProductReference ProductReferenceType="Performer"><CTN>S8870/62</CTN><ProductReferenceRank>0</ProductReferenceRank></ProductReference><ProductReference ProductReferenceType="Performer"><CTN>S8880/68</CTN><ProductReferenceRank>0</ProductReferenceRank></ProductReference><ProductReference ProductReferenceType="Performer"><CTN>S8880/88</CTN><ProductReferenceRank>0</ProductReferenceRank></ProductReference><ProductReference ProductReferenceType="Performer"><CTN>S8950/12</CTN><ProductReferenceRank>0</ProductReferenceRank></ProductReference><ProductReference ProductReferenceType="Performer"><CTN>S8950/90</CTN><ProductReferenceRank>0</ProductReferenceRank></ProductReference><ProductReference ProductReferenceType="Performer"><CTN>S8950/91</CTN><ProductReferenceRank>0</ProductReferenceRank></ProductReference><ProductReference ProductReferenceType="Performer"><CTN>S8960/11</CTN><ProductReferenceRank>0</ProductReferenceRank></ProductReference><ProductReference ProductReferenceType="Performer"><CTN>S8960/27</CTN><ProductReferenceRank>0</ProductReferenceRank></ProductReference><ProductReference ProductReferenceType="Performer"><CTN>S8980/11</CTN><ProductReferenceRank>0</ProductReferenceRank></ProductReference><ProductReference ProductReferenceType="Performer"><CTN>S8980/12</CTN><ProductReferenceRank>0</ProductReferenceRank></ProductReference><ProductReference ProductReferenceType="Performer"><CTN>S8980/13</CTN><ProductReferenceRank>0</ProductReferenceRank></ProductReference><ProductReference ProductReferenceType="Performer"><CTN>S9000/01</CTN><ProductReferenceRank>0</ProductReferenceRank></ProductReference><ProductReference ProductReferenceType="Performer"><CTN>S9000/97</CTN><ProductReferenceRank>0</ProductReferenceRank></ProductReference><ProductReference ProductReferenceType="Performer"><CTN>S9011/12</CTN><ProductReferenceRank>0</ProductReferenceRank></ProductReference><ProductReference ProductReferenceType="Performer"><CTN>S9011/13</CTN><ProductReferenceRank>0</ProductReferenceRank></ProductReference><ProductReference ProductReferenceType="Performer"><CTN>S9011/26</CTN><ProductReferenceRank>0</ProductReferenceRank></ProductReference><ProductReference ProductReferenceType="Performer"><CTN>S9011/27</CTN><ProductReferenceRank>0</ProductReferenceRank></ProductReference><ProductReference ProductReferenceType="Performer"><CTN>S9011/97</CTN><ProductReferenceRank>0</ProductReferenceRank></ProductReference><ProductReference ProductReferenceType="Performer"><CTN>S9021/12</CTN><ProductReferenceRank>0</ProductReferenceRank></ProductReference><ProductReference ProductReferenceType="Performer"><CTN>S9021/13</CTN><ProductReferenceRank>0</ProductReferenceRank></ProductReference><ProductReference ProductReferenceType="Performer"><CTN>S9021/26</CTN><ProductReferenceRank>0</ProductReferenceRank></ProductReference><ProductReference ProductReferenceType="Performer"><CTN>S9021/27</CTN><ProductReferenceRank>0</ProductReferenceRank></ProductReference><ProductReference ProductReferenceType="Performer"><CTN>S9021/97</CTN><ProductReferenceRank>0</ProductReferenceRank></ProductReference><ProductReference ProductReferenceType="Performer"><CTN>S9031/12</CTN><ProductReferenceRank>0</ProductReferenceRank></ProductReference><ProductReference ProductReferenceType="Performer"><CTN>S9031/13</CTN><ProductReferenceRank>0</ProductReferenceRank></ProductReference><ProductReference ProductReferenceType="Performer"><CTN>S9031/21</CTN><ProductReferenceRank>0</ProductReferenceRank></ProductReference><ProductReference ProductReferenceType="Performer"><CTN>S9031/26</CTN><ProductReferenceRank>0</ProductReferenceRank></ProductReference><ProductReference ProductReferenceType="Performer"><CTN>S9031/27</CTN><ProductReferenceRank>0</ProductReferenceRank></ProductReference><ProductReference ProductReferenceType="Performer"><CTN>S9031/35</CTN><ProductReferenceRank>0</ProductReferenceRank></ProductReference><ProductReference ProductReferenceType="Performer"><CTN>S9031/36</CTN><ProductReferenceRank>0</ProductReferenceRank></ProductReference><ProductReference ProductReferenceType="Performer"><CTN>S9031/97</CTN><ProductReferenceRank>0</ProductReferenceRank></ProductReference><ProductReference ProductReferenceType="Performer"><CTN>S9041/12</CTN><ProductReferenceRank>0</ProductReferenceRank></ProductReference><ProductReference ProductReferenceType="Performer"><CTN>S9041/13</CTN><ProductReferenceRank>0</ProductReferenceRank></ProductReference><ProductReference ProductReferenceType="Performer"><CTN>S9041/26</CTN><ProductReferenceRank>0</ProductReferenceRank></ProductReference><ProductReference ProductReferenceType="Performer"><CTN>S9041/33</CTN><ProductReferenceRank>0</ProductReferenceRank></ProductReference><ProductReference ProductReferenceType="Performer"><CTN>S9041/34</CTN><ProductReferenceRank>0</ProductReferenceRank></ProductReference><ProductReference ProductReferenceType="Performer"><CTN>S9041/35</CTN><ProductReferenceRank>0</ProductReferenceRank></ProductReference><ProductReference ProductReferenceType="Performer"><CTN>S9041/36</CTN><ProductReferenceRank>0</ProductReferenceRank></ProductReference><ProductReference ProductReferenceType="Performer"><CTN>S9041/37</CTN><ProductReferenceRank>0</ProductReferenceRank></ProductReference><ProductReference ProductReferenceType="Performer"><CTN>S9041/43</CTN><ProductReferenceRank>0</ProductReferenceRank></ProductReference><ProductReference ProductReferenceType="Performer"><CTN>S9041/97</CTN><ProductReferenceRank>0</ProductReferenceRank></ProductReference><ProductReference ProductReferenceType="Performer"><CTN>S9045/37</CTN><ProductReferenceRank>0</ProductReferenceRank></ProductReference><ProductReference ProductReferenceType="Performer"><CTN>S9051/12</CTN><ProductReferenceRank>0</ProductReferenceRank></ProductReference><ProductReference ProductReferenceType="Performer"><CTN>S9051/13</CTN><ProductReferenceRank>0</ProductReferenceRank></ProductReference><ProductReference ProductReferenceType="Performer"><CTN>S9051/26</CTN><ProductReferenceRank>0</ProductReferenceRank></ProductReference><ProductReference ProductReferenceType="Performer"><CTN>S9061/12</CTN><ProductReferenceRank>0</ProductReferenceRank></ProductReference><ProductReference ProductReferenceType="Performer"><CTN>S9071/37</CTN><ProductReferenceRank>0</ProductReferenceRank></ProductReference><ProductReference ProductReferenceType="Performer"><CTN>S9090/43</CTN><ProductReferenceRank>0</ProductReferenceRank></ProductReference><ProductReference ProductReferenceType="Performer"><CTN>S9090/44</CTN><ProductReferenceRank>0</ProductReferenceRank></ProductReference><ProductReference ProductReferenceType="Performer"><CTN>S9091/44</CTN><ProductReferenceRank>0</ProductReferenceRank></ProductReference><ProductReference ProductReferenceType="Performer"><CTN>S9111/12</CTN><ProductReferenceRank>0</ProductReferenceRank></ProductReference><ProductReference ProductReferenceType="Performer"><CTN>S9111/13</CTN><ProductReferenceRank>0</ProductReferenceRank></ProductReference><ProductReference ProductReferenceType="Performer"><CTN>S9111/26</CTN><ProductReferenceRank>0</ProductReferenceRank></ProductReference><ProductReference ProductReferenceType="Performer"><CTN>S9111/27</CTN><ProductReferenceRank>0</ProductReferenceRank></ProductReference><ProductReference ProductReferenceType="Performer"><CTN>S9111/31</CTN><ProductReferenceRank>0</ProductReferenceRank></ProductReference><ProductReference ProductReferenceType="Performer"><CTN>S9111/32</CTN><ProductReferenceRank>0</ProductReferenceRank></ProductReference><ProductReference ProductReferenceType="Performer"><CTN>S9111/41</CTN><ProductReferenceRank>0</ProductReferenceRank></ProductReference><ProductReference ProductReferenceType="Performer"><CTN>S9111/42</CTN><ProductReferenceRank>0</ProductReferenceRank></ProductReference><ProductReference ProductReferenceType="Performer"><CTN>S9111/43</CTN><ProductReferenceRank>0</ProductReferenceRank></ProductReference><ProductReference ProductReferenceType="Performer"><CTN>S9111/44</CTN><ProductReferenceRank>0</ProductReferenceRank></ProductReference><ProductReference ProductReferenceType="Performer"><CTN>S9111/45</CTN><ProductReferenceRank>0</ProductReferenceRank></ProductReference><ProductReference ProductReferenceType="Performer"><CTN>S9111/97</CTN><ProductReferenceRank>0</ProductReferenceRank></ProductReference><ProductReference ProductReferenceType="Performer"><CTN>S9112/43</CTN><ProductReferenceRank>0</ProductReferenceRank></ProductReference><ProductReference ProductReferenceType="Performer"><CTN>S9112/97</CTN><ProductReferenceRank>0</ProductReferenceRank></ProductReference><ProductReference ProductReferenceType="Performer"><CTN>S9121/12</CTN><ProductReferenceRank>0</ProductReferenceRank></ProductReference><ProductReference ProductReferenceType="Performer"><CTN>S9121/13</CTN><ProductReferenceRank>0</ProductReferenceRank></ProductReference><ProductReference ProductReferenceType="Performer"><CTN>S9121/26</CTN><ProductReferenceRank>0</ProductReferenceRank></ProductReference><ProductReference ProductReferenceType="Performer"><CTN>S9121/27</CTN><ProductReferenceRank>0</ProductReferenceRank></ProductReference><ProductReference ProductReferenceType="Performer"><CTN>S9121/97</CTN><ProductReferenceRank>0</ProductReferenceRank></ProductReference><ProductReference ProductReferenceType="Performer"><CTN>S9131/37</CTN><ProductReferenceRank>0</ProductReferenceRank></ProductReference><ProductReference ProductReferenceType="Performer"><CTN>S9151/12</CTN><ProductReferenceRank>0</ProductReferenceRank></ProductReference><ProductReference ProductReferenceType="Performer"><CTN>S9151/26</CTN><ProductReferenceRank>0</ProductReferenceRank></ProductReference><ProductReference ProductReferenceType="Performer"><CTN>S9151/31</CTN><ProductReferenceRank>0</ProductReferenceRank></ProductReference><ProductReference ProductReferenceType="Performer"><CTN>S9151/32</CTN><ProductReferenceRank>0</ProductReferenceRank></ProductReference><ProductReference ProductReferenceType="Performer"><CTN>S9151/41</CTN><ProductReferenceRank>0</ProductReferenceRank></ProductReference><ProductReference ProductReferenceType="Performer"><CTN>S9151/42</CTN><ProductReferenceRank>0</ProductReferenceRank></ProductReference><ProductReference ProductReferenceType="Performer"><CTN>S9151/64</CTN><ProductReferenceRank>0</ProductReferenceRank></ProductReference><ProductReference ProductReferenceType="Performer"><CTN>S9151/65</CTN><ProductReferenceRank>0</ProductReferenceRank></ProductReference><ProductReference ProductReferenceType="Performer"><CTN>S9151/97</CTN><ProductReferenceRank>0</ProductReferenceRank></ProductReference><ProductReference ProductReferenceType="Performer"><CTN>S9152/12</CTN><ProductReferenceRank>0</ProductReferenceRank></ProductReference><ProductReference ProductReferenceType="Performer"><CTN>S9152/26</CTN><ProductReferenceRank>0</ProductReferenceRank></ProductReference><ProductReference ProductReferenceType="Performer"><CTN>S9152/97</CTN><ProductReferenceRank>0</ProductReferenceRank></ProductReference><ProductReference ProductReferenceType="Performer"><CTN>S9161/12</CTN><ProductReferenceRank>0</ProductReferenceRank></ProductReference><ProductReference ProductReferenceType="Performer"><CTN>S9161/31</CTN><ProductReferenceRank>0</ProductReferenceRank></ProductReference><ProductReference ProductReferenceType="Performer"><CTN>S9161/32</CTN><ProductReferenceRank>0</ProductReferenceRank></ProductReference><ProductReference ProductReferenceType="Performer"><CTN>S9161/41</CTN><ProductReferenceRank>0</ProductReferenceRank></ProductReference><ProductReference ProductReferenceType="Performer"><CTN>S9161/42</CTN><ProductReferenceRank>0</ProductReferenceRank></ProductReference><ProductReference ProductReferenceType="Performer"><CTN>S9161/69</CTN><ProductReferenceRank>0</ProductReferenceRank></ProductReference><ProductReference ProductReferenceType="Performer"><CTN>S9161/97</CTN><ProductReferenceRank>0</ProductReferenceRank></ProductReference><ProductReference ProductReferenceType="Performer"><CTN>S9171/23</CTN><ProductReferenceRank>0</ProductReferenceRank></ProductReference><ProductReference ProductReferenceType="Performer"><CTN>S9171/31</CTN><ProductReferenceRank>0</ProductReferenceRank></ProductReference><ProductReference ProductReferenceType="Performer"><CTN>S9171/32</CTN><ProductReferenceRank>0</ProductReferenceRank></ProductReference><ProductReference ProductReferenceType="Performer"><CTN>S9171/46</CTN><ProductReferenceRank>0</ProductReferenceRank></ProductReference><ProductReference ProductReferenceType="Performer"><CTN>S9171/69</CTN><ProductReferenceRank>0</ProductReferenceRank></ProductReference><ProductReference ProductReferenceType="Performer"><CTN>S9171/97</CTN><ProductReferenceRank>0</ProductReferenceRank></ProductReference><ProductReference ProductReferenceType="Performer"><CTN>S9181/12</CTN><ProductReferenceRank>0</ProductReferenceRank></ProductReference><ProductReference ProductReferenceType="Performer"><CTN>S9181/13</CTN><ProductReferenceRank>0</ProductReferenceRank></ProductReference><ProductReference ProductReferenceType="Performer"><CTN>S9181/26</CTN><ProductReferenceRank>0</ProductReferenceRank></ProductReference><ProductReference ProductReferenceType="Performer"><CTN>S9181/64</CTN><ProductReferenceRank>0</ProductReferenceRank></ProductReference><ProductReference ProductReferenceType="Performer"><CTN>S9181/65</CTN><ProductReferenceRank>0</ProductReferenceRank></ProductReference><ProductReference ProductReferenceType="Performer"><CTN>S9182/12</CTN><ProductReferenceRank>0</ProductReferenceRank></ProductReference><ProductReference ProductReferenceType="Performer"><CTN>S9182/13</CTN><ProductReferenceRank>0</ProductReferenceRank></ProductReference><ProductReference ProductReferenceType="Performer"><CTN>S9182/26</CTN><ProductReferenceRank>0</ProductReferenceRank></ProductReference><ProductReference ProductReferenceType="Performer"><CTN>S9185/12</CTN><ProductReferenceRank>0</ProductReferenceRank></ProductReference><ProductReference ProductReferenceType="Performer"><CTN>S9185/26</CTN><ProductReferenceRank>0</ProductReferenceRank></ProductReference><ProductReference ProductReferenceType="Performer"><CTN>S9185/37</CTN><ProductReferenceRank>0</ProductReferenceRank></ProductReference><ProductReference ProductReferenceType="Performer"><CTN>S9185/45</CTN><ProductReferenceRank>0</ProductReferenceRank></ProductReference><ProductReference ProductReferenceType="Performer"><CTN>S9185/64</CTN><ProductReferenceRank>0</ProductReferenceRank></ProductReference><ProductReference ProductReferenceType="Performer"><CTN>S9185/65</CTN><ProductReferenceRank>0</ProductReferenceRank></ProductReference><ProductReference ProductReferenceType="Performer"><CTN>S9186/12</CTN><ProductReferenceRank>0</ProductReferenceRank></ProductReference><ProductReference ProductReferenceType="Performer"><CTN>S9186/26</CTN><ProductReferenceRank>0</ProductReferenceRank></ProductReference><ProductReference ProductReferenceType="Performer"><CTN>S9211/12</CTN><ProductReferenceRank>0</ProductReferenceRank></ProductReference><ProductReference ProductReferenceType="Performer"><CTN>S9211/26</CTN><ProductReferenceRank>0</ProductReferenceRank></ProductReference><ProductReference ProductReferenceType="Performer"><CTN>S9211/31</CTN><ProductReferenceRank>0</ProductReferenceRank></ProductReference><ProductReference ProductReferenceType="Performer"><CTN>S9211/32</CTN><ProductReferenceRank>0</ProductReferenceRank></ProductReference><ProductReference ProductReferenceType="Performer"><CTN>S9211/41</CTN><ProductReferenceRank>0</ProductReferenceRank></ProductReference><ProductReference ProductReferenceType="Performer"><CTN>S9211/42</CTN><ProductReferenceRank>0</ProductReferenceRank></ProductReference><ProductReference ProductReferenceType="Performer"><CTN>S9311/26</CTN><ProductReferenceRank>0</ProductReferenceRank></ProductReference><ProductReference ProductReferenceType="Performer"><CTN>S9311/27</CTN><ProductReferenceRank>0</ProductReferenceRank></ProductReference><ProductReference ProductReferenceType="Performer"><CTN>S9311/28</CTN><ProductReferenceRank>0</ProductReferenceRank></ProductReference><ProductReference ProductReferenceType="Performer"><CTN>S9311/84</CTN><ProductReferenceRank>0</ProductReferenceRank></ProductReference><ProductReference ProductReferenceType="Performer"><CTN>S9311/87</CTN><ProductReferenceRank>0</ProductReferenceRank></ProductReference><ProductReference ProductReferenceType="Performer"><CTN>S9311/97</CTN><ProductReferenceRank>0</ProductReferenceRank></ProductReference><ProductReference ProductReferenceType="Performer"><CTN>S9321/88</CTN><ProductReferenceRank>0</ProductReferenceRank></ProductReference><ProductReference ProductReferenceType="Performer"><CTN>S9321/89</CTN><ProductReferenceRank>0</ProductReferenceRank></ProductReference><ProductReference ProductReferenceType="Performer"><CTN>S9321/97</CTN><ProductReferenceRank>0</ProductReferenceRank></ProductReference><ProductReference ProductReferenceType="Performer"><CTN>S9331/84</CTN><ProductReferenceRank>0</ProductReferenceRank></ProductReference><ProductReference ProductReferenceType="Performer"><CTN>S9331/97</CTN><ProductReferenceRank>0</ProductReferenceRank></ProductReference><ProductReference ProductReferenceType="Performer"><CTN>S9371/12</CTN><ProductReferenceRank>0</ProductReferenceRank></ProductReference><ProductReference ProductReferenceType="Performer"><CTN>S9371/13</CTN><ProductReferenceRank>0</ProductReferenceRank></ProductReference><ProductReference ProductReferenceType="Performer"><CTN>S9371/97</CTN><ProductReferenceRank>0</ProductReferenceRank></ProductReference><ProductReference ProductReferenceType="Performer"><CTN>S9511/12</CTN><ProductReferenceRank>0</ProductReferenceRank></ProductReference><ProductReference ProductReferenceType="Performer"><CTN>S9511/13</CTN><ProductReferenceRank>0</ProductReferenceRank></ProductReference><ProductReference ProductReferenceType="Performer"><CTN>S9511/23</CTN><ProductReferenceRank>0</ProductReferenceRank></ProductReference><ProductReference ProductReferenceType="Performer"><CTN>S9511/26</CTN><ProductReferenceRank>0</ProductReferenceRank></ProductReference><ProductReference ProductReferenceType="Performer"><CTN>S9511/27</CTN><ProductReferenceRank>0</ProductReferenceRank></ProductReference><ProductReference ProductReferenceType="Performer"><CTN>S9511/31</CTN><ProductReferenceRank>0</ProductReferenceRank></ProductReference><ProductReference ProductReferenceType="Performer"><CTN>S9511/32</CTN><ProductReferenceRank>0</ProductReferenceRank></ProductReference><ProductReference ProductReferenceType="Performer"><CTN>S9511/35</CTN><ProductReferenceRank>0</ProductReferenceRank></ProductReference><ProductReference ProductReferenceType="Performer"><CTN>S9511/36</CTN><ProductReferenceRank>0</ProductReferenceRank></ProductReference><ProductReference ProductReferenceType="Performer"><CTN>S9511/41</CTN><ProductReferenceRank>0</ProductReferenceRank></ProductReference><ProductReference ProductReferenceType="Performer"><CTN>S9511/42</CTN><ProductReferenceRank>0</ProductReferenceRank></ProductReference><ProductReference ProductReferenceType="Performer"><CTN>S9511/63</CTN><ProductReferenceRank>0</ProductReferenceRank></ProductReference><ProductReference ProductReferenceType="Performer"><CTN>S9511/97</CTN><ProductReferenceRank>0</ProductReferenceRank></ProductReference><ProductReference ProductReferenceType="Performer"><CTN>S9512/12</CTN><ProductReferenceRank>0</ProductReferenceRank></ProductReference><ProductReference ProductReferenceType="Performer"><CTN>S9512/26</CTN><ProductReferenceRank>0</ProductReferenceRank></ProductReference><ProductReference ProductReferenceType="Performer"><CTN>S9521/12</CTN><ProductReferenceRank>0</ProductReferenceRank></ProductReference><ProductReference ProductReferenceType="Performer"><CTN>S9521/13</CTN><ProductReferenceRank>0</ProductReferenceRank></ProductReference><ProductReference ProductReferenceType="Performer"><CTN>S9521/26</CTN><ProductReferenceRank>0</ProductReferenceRank></ProductReference><ProductReference ProductReferenceType="Performer"><CTN>S9521/27</CTN><ProductReferenceRank>0</ProductReferenceRank></ProductReference><ProductReference ProductReferenceType="Performer"><CTN>S9521/31</CTN><ProductReferenceRank>0</ProductReferenceRank></ProductReference><ProductReference ProductReferenceType="Performer"><CTN>S9521/32</CTN><ProductReferenceRank>0</ProductReferenceRank></ProductReference><ProductReference ProductReferenceType="Performer"><CTN>S9521/41</CTN><ProductReferenceRank>0</ProductReferenceRank></ProductReference><ProductReference ProductReferenceType="Performer"><CTN>S9521/42</CTN><ProductReferenceRank>0</ProductReferenceRank></ProductReference><ProductReference ProductReferenceType="Performer"><CTN>S9521/97</CTN><ProductReferenceRank>0</ProductReferenceRank></ProductReference><ProductReference ProductReferenceType="Performer"><CTN>S9522/12</CTN><ProductReferenceRank>0</ProductReferenceRank></ProductReference><ProductReference ProductReferenceType="Performer"><CTN>S9522/26</CTN><ProductReferenceRank>0</ProductReferenceRank></ProductReference><ProductReference ProductReferenceType="Performer"><CTN>S9522/97</CTN><ProductReferenceRank>0</ProductReferenceRank></ProductReference><ProductReference ProductReferenceType="Performer"><CTN>S9531/26</CTN><ProductReferenceRank>0</ProductReferenceRank></ProductReference><ProductReference ProductReferenceType="Performer"><CTN>S9531/27</CTN><ProductReferenceRank>0</ProductReferenceRank></ProductReference><ProductReference ProductReferenceType="Performer"><CTN>S9531/31</CTN><ProductReferenceRank>0</ProductReferenceRank></ProductReference><ProductReference ProductReferenceType="Performer"><CTN>S9531/84</CTN><ProductReferenceRank>0</ProductReferenceRank></ProductReference><ProductReference ProductReferenceType="Performer"><CTN>S9531/97</CTN><ProductReferenceRank>0</ProductReferenceRank></ProductReference><ProductReference ProductReferenceType="Performer"><CTN>S9551/12</CTN><ProductReferenceRank>0</ProductReferenceRank></ProductReference><ProductReference ProductReferenceType="Performer"><CTN>S9551/23</CTN><ProductReferenceRank>0</ProductReferenceRank></ProductReference><ProductReference ProductReferenceType="Performer"><CTN>S9551/26</CTN><ProductReferenceRank>0</ProductReferenceRank></ProductReference><ProductReference ProductReferenceType="Performer"><CTN>S9551/31</CTN><ProductReferenceRank>0</ProductReferenceRank></ProductReference><ProductReference ProductReferenceType="Performer"><CTN>S9551/35</CTN><ProductReferenceRank>0</ProductReferenceRank></ProductReference><ProductReference ProductReferenceType="Performer"><CTN>S9551/38</CTN><ProductReferenceRank>0</ProductReferenceRank></ProductReference><ProductReference ProductReferenceType="Performer"><CTN>S9551/41</CTN><ProductReferenceRank>0</ProductReferenceRank></ProductReference><ProductReference ProductReferenceType="Performer"><CTN>S9551/42</CTN><ProductReferenceRank>0</ProductReferenceRank></ProductReference><ProductReference ProductReferenceType="Performer"><CTN>S9551/63</CTN><ProductReferenceRank>0</ProductReferenceRank></ProductReference><ProductReference ProductReferenceType="Performer"><CTN>S9552/12</CTN><ProductReferenceRank>0</ProductReferenceRank></ProductReference><ProductReference ProductReferenceType="Performer"><CTN>S9552/26</CTN><ProductReferenceRank>0</ProductReferenceRank></ProductReference><ProductReference ProductReferenceType="Performer"><CTN>S9711/23</CTN><ProductReferenceRank>0</ProductReferenceRank></ProductReference><ProductReference ProductReferenceType="Performer"><CTN>S9711/31</CTN><ProductReferenceRank>0</ProductReferenceRank></ProductReference><ProductReference ProductReferenceType="Performer"><CTN>S9711/32</CTN><ProductReferenceRank>0</ProductReferenceRank></ProductReference><ProductReference ProductReferenceType="Performer"><CTN>S9711/33</CTN><ProductReferenceRank>0</ProductReferenceRank></ProductReference><ProductReference ProductReferenceType="Performer"><CTN>S9711/34</CTN><ProductReferenceRank>0</ProductReferenceRank></ProductReference><ProductReference ProductReferenceType="Performer"><CTN>S9711/41</CTN><ProductReferenceRank>0</ProductReferenceRank></ProductReference><ProductReference ProductReferenceType="Performer"><CTN>S9711/97</CTN><ProductReferenceRank>0</ProductReferenceRank></ProductReference><ProductReference ProductReferenceType="Performer"><CTN>S9711V/33</CTN><ProductReferenceRank>0</ProductReferenceRank></ProductReference><ProductReference ProductReferenceType="Performer"><CTN>S9712/33</CTN><ProductReferenceRank>0</ProductReferenceRank></ProductReference><ProductReference ProductReferenceType="Performer"><CTN>S9712/97</CTN><ProductReferenceRank>0</ProductReferenceRank></ProductReference><ProductReference ProductReferenceType="Performer"><CTN>S9712V/33</CTN><ProductReferenceRank>0</ProductReferenceRank></ProductReference><ProductReference ProductReferenceType="Performer"><CTN>S9721/26</CTN><ProductReferenceRank>0</ProductReferenceRank></ProductReference><ProductReference ProductReferenceType="Performer"><CTN>S9721/27</CTN><ProductReferenceRank>0</ProductReferenceRank></ProductReference><ProductReference ProductReferenceType="Performer"><CTN>S9721/31</CTN><ProductReferenceRank>0</ProductReferenceRank></ProductReference><ProductReference ProductReferenceType="Performer"><CTN>S9721/41</CTN><ProductReferenceRank>0</ProductReferenceRank></ProductReference><ProductReference ProductReferenceType="Performer"><CTN>S9721/84</CTN><ProductReferenceRank>0</ProductReferenceRank></ProductReference><ProductReference ProductReferenceType="Performer"><CTN>S9721/87</CTN><ProductReferenceRank>0</ProductReferenceRank></ProductReference><ProductReference ProductReferenceType="Performer"><CTN>S9721/89</CTN><ProductReferenceRank>0</ProductReferenceRank></ProductReference><ProductReference ProductReferenceType="Performer"><CTN>S9721/97</CTN><ProductReferenceRank>0</ProductReferenceRank></ProductReference><ProductReference ProductReferenceType="Performer"><CTN>S9731/31</CTN><ProductReferenceRank>0</ProductReferenceRank></ProductReference><ProductReference ProductReferenceType="Performer"><CTN>S9731/33</CTN><ProductReferenceRank>0</ProductReferenceRank></ProductReference><ProductReference ProductReferenceType="Performer"><CTN>S9731/90</CTN><ProductReferenceRank>0</ProductReferenceRank></ProductReference><ProductReference ProductReferenceType="Performer"><CTN>S9731/97</CTN><ProductReferenceRank>0</ProductReferenceRank></ProductReference><ProductReference ProductReferenceType="Performer"><CTN>S9732/33</CTN><ProductReferenceRank>0</ProductReferenceRank></ProductReference><ProductReference ProductReferenceType="Performer"><CTN>S9732/35</CTN><ProductReferenceRank>0</ProductReferenceRank></ProductReference><ProductReference ProductReferenceType="Performer"><CTN>S9733/90</CTN><ProductReferenceRank>0</ProductReferenceRank></ProductReference><ProductReference ProductReferenceType="Performer"><CTN>S9741/33</CTN><ProductReferenceRank>0</ProductReferenceRank></ProductReference><ProductReference ProductReferenceType="Performer"><CTN>S9741/34</CTN><ProductReferenceRank>0</ProductReferenceRank></ProductReference><ProductReference ProductReferenceType="Performer"><CTN>S9741/97</CTN><ProductReferenceRank>0</ProductReferenceRank></ProductReference><ProductReference ProductReferenceType="Performer"><CTN>S9751/33</CTN><ProductReferenceRank>0</ProductReferenceRank></ProductReference><ProductReference ProductReferenceType="Performer"><CTN>S9781/26</CTN><ProductReferenceRank>0</ProductReferenceRank></ProductReference><ProductReference ProductReferenceType="Performer"><CTN>S9781/35</CTN><ProductReferenceRank>0</ProductReferenceRank></ProductReference><ProductReference ProductReferenceType="Performer"><CTN>S9911/10</CTN><ProductReferenceRank>0</ProductReferenceRank></ProductReference><ProductReference ProductReferenceType="Performer"><CTN>S9911/11</CTN><ProductReferenceRank>0</ProductReferenceRank></ProductReference><ProductReference ProductReferenceType="Performer"><CTN>S9911/33</CTN><ProductReferenceRank>0</ProductReferenceRank></ProductReference><ProductReference ProductReferenceType="Performer"><CTN>S9911/34</CTN><ProductReferenceRank>0</ProductReferenceRank></ProductReference><ProductReference ProductReferenceType="Performer"><CTN>S9911/62</CTN><ProductReferenceRank>0</ProductReferenceRank></ProductReference><ProductReference ProductReferenceType="Performer"><CTN>S9911/97</CTN><ProductReferenceRank>0</ProductReferenceRank></ProductReference><ProductReference ProductReferenceType="Performer"><CTN>S9981/64</CTN><ProductReferenceRank>0</ProductReferenceRank></ProductReference><ProductReference ProductReferenceType="Performer"><CTN>S9981/68</CTN><ProductReferenceRank>0</ProductReferenceRank></ProductReference><ProductReference ProductReferenceType="Performer"><CTN>S9981/97</CTN><ProductReferenceRank>0</ProductReferenceRank></ProductReference><ProductReference ProductReferenceType="Performer"><CTN>S9988/68</CTN><ProductReferenceRank>0</ProductReferenceRank></ProductReference><ProductReference ProductReferenceType="Performer"><CTN>S9988/97</CTN><ProductReferenceRank>0</ProductReferenceRank></ProductReference><ProductReference ProductReferenceType="Performer"><CTN>SP9811/65</CTN><ProductReferenceRank>0</ProductReferenceRank></ProductReference><ProductReference ProductReferenceType="Performer"><CTN>SP9851/70</CTN><ProductReferenceRank>0</ProductReferenceRank></ProductReference><ProductReference ProductReferenceType="Performer"><CTN>SW6700/14</CTN><ProductReferenceRank>0</ProductReferenceRank></ProductReference><ProductReference ProductReferenceType="Performer"><CTN>SW6700/91</CTN><ProductReferenceRank>0</ProductReferenceRank></ProductReference><ProductReference ProductReferenceType="Performer"><CTN>SW6710/14</CTN><ProductReferenceRank>0</ProductReferenceRank></ProductReference><ProductReference ProductReferenceType="Performer"><CTN>SW6710/15</CTN><ProductReferenceRank>0</ProductReferenceRank></ProductReference><ProductReference ProductReferenceType="Performer"><CTN>SW6710/93</CTN><ProductReferenceRank>0</ProductReferenceRank></ProductReference><ProductReference ProductReferenceType="Performer"><CTN>SW7700/67</CTN><ProductReferenceRank>0</ProductReferenceRank></ProductReference><ProductReference ProductReferenceType="Performer"><CTN>SW7700/71</CTN><ProductReferenceRank>0</ProductReferenceRank></ProductReference><ProductReference ProductReferenceType="Performer"><CTN>SW9700/67</CTN><ProductReferenceRank>0</ProductReferenceRank></ProductReference><ProductReference ProductReferenceType="Performer"><CTN>SW9700/71</CTN><ProductReferenceRank>0</ProductReferenceRank></ProductReference><ProductReference ProductReferenceType="Performer"><CTN>SW9700/82</CTN><ProductReferenceRank>0</ProductReferenceRank></ProductReference><ProductReference ProductReferenceType="Performer"><CTN>SW9700/83</CTN><ProductReferenceRank>0</ProductReferenceRank></ProductReference><RichTexts/></Product></Products>