<?xml version="1.0" encoding="UTF-8"?><Products xmlns:source="http://apache.org/cocoon/source/1.0" DocStatus="approved" DocTimeStamp="2018-10-23T10:49:56"><Product Country="US" IsAccessory="false" IsMaster="false" Locale="en_US" lastModified="2018-10-23T04:30:06" masterLastModified="2018-10-04T00:36:39"><CTN>046677469078</CTN><Code12NC>867000155882</Code12NC><GTIN/><MarketingVersion>2.0.1</MarketingVersion><MarketingStatus>Final Published</MarketingStatus><CRDate>2018-01-26</CRDate><CRDateYW>201804</CRDateYW><ModelYears><ModelYear>2018</ModelYear></ModelYears><ProductDivision><ProductDivisionCode>0100</ProductDivisionCode><ProductDivisionName>Lighting</ProductDivisionName><FormerPDCode>0100</FormerPDCode></ProductDivision><ProductOwner>Lucia Parlanti</ProductOwner><DTN>046677469078</DTN><Catalog><StartOfPublication>2018-01-31T00:00:00</StartOfPublication><EndOfPublication>2028-03-29T00:00:00</EndOfPublication><StartOfSales>2018-01-31T00:00:00</StartOfSales><EndOfSales>2028-03-29T00:00:00</EndOfSales><DummyPrice/><Deleted>false</Deleted><DeleteAfterDate/><ProductRank>50</ProductRank></Catalog><FinancialCategorization><BusinessGroupCode>9240</BusinessGroupCode><BusinessGroupName>LED</BusinessGroupName><BusinessUnitCode>0118</BusinessUnitCode><BusinessUnitName>LED Lamps</BusinessUnitName><MainArticleGroupCode>A13</MainArticleGroupCode><MainArticleGroupName>LED Spots</MainArticleGroupName><ArticleGroupCode>4334</ArticleGroupCode><ArticleGroupName>PAR38</ArticleGroupName></FinancialCategorization><Categorization type="CONSUMER"><GroupCode>LIGHTING_GR</GroupCode><GroupName>Lighting</GroupName><CategoryCode>CHOOSE_A_BULB_CA</CategoryCode><CategoryName>Choose a bulb</CategoryName><SubcategoryCode>REFLECTOR_BULB_SU</SubcategoryCode><SubcategoryName>Reflector</SubcategoryName></Categorization><Assets><Asset code="046677469078" description="Leaflet" extension="pdf" lastModified="2018-10-03" locale="en_US" number="001" type="PSS">http://download.p4c.philips.com/files/0/046677469078/046677469078_pss_aenus.pdf</Asset><Asset code="046677469078" description="Retail Trade Leaflet" extension="pdf" lastModified="2018-10-22" locale="en_US" number="001" type="RTL">http://download.p4c.philips.com/files/0/046677469078/046677469078_rtl_aenus.pdf</Asset><Asset code="046677469078" description="Packaging photograph - highres 1447x756" extension="tif" lastModified="2018-06-08" locale="global" number="001" type="PID">http://images.philips.com/is/image/PhilipsConsumer/046677469078-PID-global-001</Asset><Asset code="046677469078" description="Packaging photograph - master" extension="tif" lastModified="2018-06-08" locale="global" number="001" type="PIM">http://download.p4c.philips.com/files/0/046677469078/046677469078_pim_.tif</Asset><Asset code="046677469078" description="Packaging photograph - small 90x65" extension="jpg" lastModified="2018-06-08" locale="global" number="001" type="PIS">http://download.p4c.philips.com/files/0/046677469078/046677469078_pis_.jpg</Asset><Asset code="046677469078" description="Leaflet" extension="pdf" lastModified="2018-10-03" locale="global" number="001" type="PSS">http://download.p4c.philips.com/files/0/046677469078/046677469078_pss_.pdf</Asset><Asset code="046677469078" description="Standard product photograph - highres 2196x1795" extension="tif" lastModified="2018-06-08" locale="global" number="001" type="RTP">http://images.philips.com/is/image/PhilipsConsumer/046677469078-RTP-global-001</Asset><Asset code="046677469078" description="Single product shot" extension="" lastModified="2018-10-23" locale="en_US" number="" type="IMS">http://images.philips.com/is/image/PhilipsConsumer/046677469078-IMS-en_US</Asset><Asset code="046677469078" description="Product gallery image set" extension="" lastModified="2018-10-23" locale="en_US" number="" type="GAL">http://images.philips.com/is/image/PhilipsConsumer/046677469078-GAL-en_US</Asset><Asset code="046677469078" description="Product URL" extension="" lastModified="2018-10-23" locale="en_US" number="" type="URL">http://www.usa.philips.com/c-p/046677469078/led-reflector</Asset><Asset code="F400052516" description="Feature photograph - highres 2100x1170" extension="tif" lastModified="2015-08-21" locale="global" number="001" type="FIL">http://images.philips.com/is/image/PhilipsConsumer/F400052516-FIL-global-001</Asset><Asset code="F400082404" description="Feature photograph - highres 2100x1170" extension="tif" lastModified="2017-06-07" locale="global" number="001" type="FIL">http://images.philips.com/is/image/PhilipsConsumer/F400082404-FIL-global-001</Asset><Asset code="F400082434" description="Feature photograph - highres 2100x1170" extension="tif" lastModified="2017-06-07" locale="global" number="001" type="FIL">http://images.philips.com/is/image/PhilipsConsumer/F400082434-FIL-global-001</Asset><Asset code="F400086860" description="Feature photograph - highres 2100x1170" extension="tif" lastModified="2018-06-08" locale="global" number="001" type="FIL">http://images.philips.com/is/image/PhilipsConsumer/F400086860-FIL-global-001</Asset><Asset code="PHI" description="Brand logo - highres 1476x886" extension="tif" lastModified="2016-02-18" locale="global" number="001" type="BRP">http://images.philips.com/is/image/PhilipsConsumer/PHI-BRP-global-001</Asset></Assets><ProductName>13.5 W E26 Non-dimmable Reflector</ProductName><FullProductName>Philips LED Reflector 046677469078 13.5 W E26 Non-dimmable</FullProductName><NamingString><MasterBrand><BrandCode>PHI</BrandCode><BrandName>Philips</BrandName></MasterBrand><BrandString>Philips</BrandString><Family><FamilyCode>SB40002784</FamilyCode><FamilyName>LED</FamilyName><FamilyNameUsed>1</FamilyNameUsed></Family><Descriptor><DescriptorCode>D4006694</DescriptorCode><DescriptorName>Reflector</DescriptorName></Descriptor><Alphanumeric>046677469078</Alphanumeric><VersionElement1><VersionElementCode>V4035909</VersionElementCode><VersionElementName>13.5 W</VersionElementName></VersionElement1><VersionElement2><VersionElementCode>D4011844</VersionElementCode><VersionElementName>E26</VersionElementName></VersionElement2><VersionElement4><VersionElementCode>V4038179</VersionElementCode><VersionElementName>Non-dimmable</VersionElementName></VersionElement4><VersionString>13.5 W E26 Non-dimmable</VersionString><BrandedFeatureString/><DescriptorBrandedFeatureString>Reflector</DescriptorBrandedFeatureString></NamingString><WOW>Bright LED lighting with excellent light quality</WOW><SubWOW>Avoid the hassle of changing spots</SubWOW><MarketingTextHeader>Philips LEDspots are a perfect replacement for your halogen spot: they deliver halogen-like light and performance that you expect from the LED technology.</MarketingTextHeader><KeyBenefitArea><KeyBenefitAreaCode>K4031148</KeyBenefitAreaCode><KeyBenefitAreaName>Instant on</KeyBenefitAreaName><KeyBenefitAreaRank>1</KeyBenefitAreaRank><Feature><FeatureCode>F400052516</FeatureCode><FeatureReferenceName>Instant on - US</FeatureReferenceName><FeatureName>Instant on</FeatureName><FeatureLongDescription>Instant on</FeatureLongDescription><FeatureGlossary>Just by flipping the switch, your room is at full brightness. No slow starting or waiting.</FeatureGlossary><FeatureRank>1</FeatureRank><FeatureTopRank>1</FeatureTopRank></Feature></KeyBenefitArea><KeyBenefitArea><KeyBenefitAreaCode>K4017554</KeyBenefitAreaCode><KeyBenefitAreaName>Create a warm atmosphere</KeyBenefitAreaName><KeyBenefitAreaRank>2</KeyBenefitAreaRank><Feature><FeatureCode>F400082404</FeatureCode><FeatureReferenceName>Replaces halogen spot</FeatureReferenceName><FeatureName>Replaces halogen spot</FeatureName><FeatureLongDescription>Similar shape and size as halogen reflector</FeatureLongDescription><FeatureGlossary>With its beautifully shaped design and familiar dimensions, this is a modern lighting, LED reflector. The perfect sustainable replacement for traditional halogen reflectors.</FeatureGlossary><FeatureRank>3</FeatureRank><FeatureTopRank>3</FeatureTopRank></Feature></KeyBenefitArea><KeyBenefitArea><KeyBenefitAreaCode>K4034414</KeyBenefitAreaCode><KeyBenefitAreaName>Choose a simple replacement for your old bulbs</KeyBenefitAreaName><KeyBenefitAreaRank>3</KeyBenefitAreaRank><Feature><FeatureCode>F400082434</FeatureCode><FeatureReferenceName>No UV or Infra</FeatureReferenceName><FeatureName>No UV or IR</FeatureName><FeatureLongDescription>No UV or InfraRed</FeatureLongDescription><FeatureGlossary>The light has no infra-red component, so no heat is radiated. Also, there is no ultra-violet component in this light. These two characteristics mean that this light will not cause fabric and other items to fade.</FeatureGlossary><FeatureRank>2</FeatureRank><FeatureTopRank>2</FeatureTopRank></Feature></KeyBenefitArea><KeyBenefitArea><KeyBenefitAreaCode>K4035547</KeyBenefitAreaCode><KeyBenefitAreaName>Comfortable LED light that is easy on your eyes</KeyBenefitAreaName><KeyBenefitAreaRank>4</KeyBenefitAreaRank><Feature><FeatureCode>F400086860</FeatureCode><FeatureReferenceName>EyeComfort [LED lums, LED lamps]</FeatureReferenceName><FeatureName>Gentle LEDs, easy on the eyes</FeatureName><FeatureLongDescription>Designed for the comfort of your eyes</FeatureLongDescription><FeatureGlossary>It's easy to see how harsh lighting can strain the eyes. Too bright, and you get the glare. Too soft and you experience flicker. Now you can gently light up your world with LEDs designed to go easy on the eyes, and create the perfect ambience for your home.</FeatureGlossary><FeatureRank>1</FeatureRank><FeatureTopRank>4</FeatureTopRank></Feature></KeyBenefitArea><FeatureImage><FeatureCode>F400052516</FeatureCode><FeatureReferenceName>Instant on - US</FeatureReferenceName><FeatureImageRank>1</FeatureImageRank></FeatureImage><FeatureImage><FeatureCode>F400082434</FeatureCode><FeatureReferenceName>No UV or Infra</FeatureReferenceName><FeatureImageRank>2</FeatureImageRank></FeatureImage><FeatureImage><FeatureCode>F400082404</FeatureCode><FeatureReferenceName>Replaces halogen spot</FeatureReferenceName><FeatureImageRank>3</FeatureImageRank></FeatureImage><FeatureImage><FeatureCode>F400086860</FeatureCode><FeatureReferenceName>EyeComfort [LED lums, LED lamps]</FeatureReferenceName><FeatureImageRank>4</FeatureImageRank></FeatureImage><FeatureHighlight><FeatureCode>F400052516</FeatureCode><FeatureReferenceName>Instant on - US</FeatureReferenceName><FeatureHighlightRank>1</FeatureHighlightRank></FeatureHighlight><FeatureHighlight><FeatureCode>F400082434</FeatureCode><FeatureReferenceName>No UV or Infra</FeatureReferenceName><FeatureHighlightRank>2</FeatureHighlightRank></FeatureHighlight><FeatureHighlight><FeatureCode>F400082404</FeatureCode><FeatureReferenceName>Replaces halogen spot</FeatureReferenceName><FeatureHighlightRank>3</FeatureHighlightRank></FeatureHighlight><FeatureHighlight><FeatureCode>F400086860</FeatureCode><FeatureReferenceName>EyeComfort [LED lums, LED lamps]</FeatureReferenceName><FeatureHighlightRank>4</FeatureHighlightRank></FeatureHighlight><CSChapter><CSChapterCode>CH4006022</CSChapterCode><CSChapterName>Bulb characteristics</CSChapterName><CSChapterRank>1</CSChapterRank><CSItem><CSItemCode>IT4029277</CSItemCode><CSItemName>Cap/fitting</CSItemName><CSItemRank>3</CSItemRank><CSItemIsFreeFormat>0</CSItemIsFreeFormat><CSValue><CSValueCode>VA4076922</CSValueCode><CSValueName>E26</CSValueName><CSValueRank>7</CSValueRank></CSValue></CSItem><CSItem><CSItemCode>IT4029279</CSItemCode><CSItemName>Dimmable</CSItemName><CSItemRank>8</CSItemRank><CSItemIsFreeFormat>0</CSItemIsFreeFormat><CSValue><CSValueCode>VA4090112</CSValueCode><CSValueName>Non-dimmable</CSValueName><CSValueRank>6</CSValueRank></CSValue></CSItem><CSItem><CSItemCode>IT4036608</CSItemCode><CSItemName>Indoor/Outdoor</CSItemName><CSItemRank>13</CSItemRank><CSItemIsFreeFormat>0</CSItemIsFreeFormat><CSValue><CSValueCode>VA4085103</CSValueCode><CSValueName>Indoor</CSValueName><CSValueRank>4</CSValueRank></CSValue></CSItem><CSItem><CSItemCode>IT4036606</CSItemCode><CSItemName>Voltage</CSItemName><CSItemRank>20</CSItemRank><CSItemIsFreeFormat>0</CSItemIsFreeFormat><CSValue><CSValueCode>VA4087186</CSValueCode><CSValueName>120 V</CSValueName><CSValueRank>9</CSValueRank></CSValue></CSItem><CSItem><CSItemCode>IT4037689</CSItemCode><CSItemName>Wattage</CSItemName><CSItemRank>22</CSItemRank><CSItemIsFreeFormat>1</CSItemIsFreeFormat><CSValue><CSValueCode>VA4087427</CSValueCode><CSValueName>13.5</CSValueName><CSValueRank>1</CSValueRank></CSValue></CSItem><CSItem><CSItemCode>IT4044392</CSItemCode><CSItemName>Lamp shape</CSItemName><CSItemRank>23</CSItemRank><CSItemIsFreeFormat>0</CSItemIsFreeFormat><CSValue><CSValueCode>VA4102363</CSValueCode><CSValueName>Directional reflector</CSValueName><CSValueRank>5</CSValueRank></CSValue></CSItem><CSItem><CSItemCode>IT4044054</CSItemCode><CSItemName>Technology</CSItemName><CSItemRank>24</CSItemRank><CSItemIsFreeFormat>0</CSItemIsFreeFormat><CSValue><CSValueCode>VA4101418</CSValueCode><CSValueName>LED</CSValueName><CSValueRank>3</CSValueRank></CSValue></CSItem></CSChapter><CSChapter><CSChapterCode>CH4006021</CSChapterCode><CSChapterName>Bulb dimensions</CSChapterName><CSChapterRank>2</CSChapterRank><CSItem><CSItemCode>IT4029271</CSItemCode><CSItemName>Height</CSItemName><CSItemRank>6</CSItemRank><CSItemIsFreeFormat>1</CSItemIsFreeFormat><CSValue><CSValueCode>VA4067741</CSValueCode><CSValueName>132</CSValueName><CSValueRank>1</CSValueRank></CSValue><UnitOfMeasure><UnitOfMeasureCode>3000058</UnitOfMeasureCode><UnitOfMeasureName>millimeter</UnitOfMeasureName><UnitOfMeasureSymbol>mm</UnitOfMeasureSymbol></UnitOfMeasure></CSItem><CSItem><CSItemCode>IT4029272</CSItemCode><CSItemName>Width</CSItemName><CSItemRank>15</CSItemRank><CSItemIsFreeFormat>1</CSItemIsFreeFormat><CSValue><CSValueCode>VA4067742</CSValueCode><CSValueName>122</CSValueName><CSValueRank>1</CSValueRank></CSValue><UnitOfMeasure><UnitOfMeasureCode>3000058</UnitOfMeasureCode><UnitOfMeasureName>millimeter</UnitOfMeasureName><UnitOfMeasureSymbol>mm</UnitOfMeasureSymbol></UnitOfMeasure></CSItem></CSChapter><CSChapter><CSChapterCode>CH4005204</CSChapterCode><CSChapterName>Durability</CSChapterName><CSChapterRank>3</CSChapterRank><CSItem><CSItemCode>4026795</CSItemCode><CSItemName>Lifetime of lamps</CSItemName><CSItemRank>4</CSItemRank><CSItemIsFreeFormat>1</CSItemIsFreeFormat><CSValue><CSValueCode>VA4063245</CSValueCode><CSValueName>10950</CSValueName><CSValueRank>1</CSValueRank></CSValue><UnitOfMeasure><UnitOfMeasureCode>4000007</UnitOfMeasureCode><UnitOfMeasureName>-Hour</UnitOfMeasureName><UnitOfMeasureSymbol>hour(s)</UnitOfMeasureSymbol></UnitOfMeasure></CSItem><CSItem><CSItemCode>IT4029171</CSItemCode><CSItemName>Number of switch cycles</CSItemName><CSItemRank>11</CSItemRank><CSItemIsFreeFormat>1</CSItemIsFreeFormat><CSValue><CSValueCode>VA4067598</CSValueCode><CSValueName>10000</CSValueName><CSValueRank>1</CSValueRank></CSValue></CSItem><CSItem><CSItemCode>IT4029164</CSItemCode><CSItemName>Average life (at 2.7 hrs/day)</CSItemName><CSItemRank>17</CSItemRank><CSItemIsFreeFormat>1</CSItemIsFreeFormat><CSValue><CSValueCode>VA4067588</CSValueCode><CSValueName>11</CSValueName><CSValueRank>1</CSValueRank></CSValue><UnitOfMeasure><UnitOfMeasureCode>4000081</UnitOfMeasureCode><UnitOfMeasureName>Years</UnitOfMeasureName><UnitOfMeasureSymbol>year(s)</UnitOfMeasureSymbol></UnitOfMeasure></CSItem></CSChapter><CSChapter><CSChapterCode>CH4005203</CSChapterCode><CSChapterName>Light characteristics</CSChapterName><CSChapterRank>4</CSChapterRank><CSItem><CSItemCode>IT4029158</CSItemCode><CSItemName>Color</CSItemName><CSItemRank>9</CSItemRank><CSItemIsFreeFormat>0</CSItemIsFreeFormat><CSValue><CSValueCode>VA4084486</CSValueCode><CSValueName>Blue</CSValueName><CSValueRank>11</CSValueRank></CSValue></CSItem><CSItem><CSItemCode>IT4029160</CSItemCode><CSItemName>Warm-up time to 60% light</CSItemName><CSItemRank>19</CSItemRank><CSItemIsFreeFormat>0</CSItemIsFreeFormat><CSValue><CSValueCode>VA4067639</CSValueCode><CSValueName>Instant full light</CSValueName><CSValueRank>1</CSValueRank></CSValue></CSItem><CSItem><CSItemCode>IT4026390</CSItemCode><CSItemName>Starting time</CSItemName><CSItemRank>21</CSItemRank><CSItemIsFreeFormat>0</CSItemIsFreeFormat><CSValue><CSValueCode>VA4082665</CSValueCode><CSValueName>&lt;0.5</CSValueName><CSValueRank>2</CSValueRank></CSValue><UnitOfMeasure><UnitOfMeasureCode>3000069</UnitOfMeasureCode><UnitOfMeasureName>second</UnitOfMeasureName><UnitOfMeasureSymbol>s</UnitOfMeasureSymbol></UnitOfMeasure></CSItem></CSChapter><CSChapter><CSChapterCode>CH4005206</CSChapterCode><CSChapterName>Other characteristics</CSChapterName><CSChapterRank>6</CSChapterRank><CSItem><CSItemCode>IT4026404</CSItemCode><CSItemName>Mercury content</CSItemName><CSItemRank>1</CSItemRank><CSItemIsFreeFormat>1</CSItemIsFreeFormat><CSValue><CSValueCode>VA4062631</CSValueCode><CSValueName>0</CSValueName><CSValueRank>1</CSValueRank></CSValue><UnitOfMeasure><UnitOfMeasureCode>4000142</UnitOfMeasureCode><UnitOfMeasureName>mg</UnitOfMeasureName><UnitOfMeasureSymbol>mg</UnitOfMeasureSymbol></UnitOfMeasure></CSItem><CSItem><CSItemCode>IT4026406</CSItemCode><CSItemName>Lamp current</CSItemName><CSItemRank>5</CSItemRank><CSItemIsFreeFormat>1</CSItemIsFreeFormat><CSValue><CSValueCode>VA4062633</CSValueCode><CSValueName>165</CSValueName><CSValueRank>1</CSValueRank></CSValue><UnitOfMeasure><UnitOfMeasureCode>4000141</UnitOfMeasureCode><UnitOfMeasureName>mA</UnitOfMeasureName><UnitOfMeasureSymbol>mA</UnitOfMeasureSymbol></UnitOfMeasure></CSItem><CSItem><CSItemCode>IT4026405</CSItemCode><CSItemName>Power factor</CSItemName><CSItemRank>10</CSItemRank><CSItemIsFreeFormat>1</CSItemIsFreeFormat><CSValue><CSValueCode>VA4062632</CSValueCode><CSValueName>0.5</CSValueName><CSValueRank>1</CSValueRank></CSValue></CSItem></CSChapter><CSChapter><CSChapterCode>CH4005207</CSChapterCode><CSChapterName>Rated values</CSChapterName><CSChapterRank>7</CSChapterRank><CSItem><CSItemCode>IT4029167</CSItemCode><CSItemName>Rated lifetime</CSItemName><CSItemRank>2</CSItemRank><CSItemIsFreeFormat>1</CSItemIsFreeFormat><CSValue><CSValueCode>VA4067593</CSValueCode><CSValueName>10950</CSValueName><CSValueRank>1</CSValueRank></CSValue><UnitOfMeasure><UnitOfMeasureCode>4000007</UnitOfMeasureCode><UnitOfMeasureName>-Hour</UnitOfMeasureName><UnitOfMeasureSymbol>hour(s)</UnitOfMeasureSymbol></UnitOfMeasure></CSItem><CSItem><CSItemCode>IT4026407</CSItemCode><CSItemName>Rated power</CSItemName><CSItemRank>14</CSItemRank><CSItemIsFreeFormat>1</CSItemIsFreeFormat><CSValue><CSValueCode>VA4062634</CSValueCode><CSValueName>13.5</CSValueName><CSValueRank>1</CSValueRank></CSValue><UnitOfMeasure><UnitOfMeasureCode>3000072</UnitOfMeasureCode><UnitOfMeasureName>watt</UnitOfMeasureName><UnitOfMeasureSymbol>W</UnitOfMeasureSymbol></UnitOfMeasure></CSItem></CSChapter><Filters><Purpose type="Comparison"><Features><Feature code="F400052516" rank="1" referenceName="Instant on - US"/><Feature code="F400082434" rank="2" referenceName="No UV or Infra"/><Feature code="F400082404" rank="3" referenceName="Replaces halogen spot"/><Feature code="F400086860" rank="4" referenceName="EyeComfort [LED lums, LED lamps]"/></Features><CSItems><CSItem code="IT4026404" rank="1" referenceName="Other characteristics - Mercury content"/><CSItem code="IT4029167" rank="2" referenceName="Rated values - Rated lifetime"/><CSItem code="IT4029277" rank="3" referenceName="Bulb characteristics - Cap/fitting"/><CSItem code="4026795" rank="4" referenceName="Durability - Lifetime of lamps"/><CSItem code="IT4026406" rank="5" referenceName="Other characteristics - Lamp current"/><CSItem code="IT4029271" rank="6" referenceName="Bulb dimensions - Height"/><CSItem code="IT4029279" rank="8" referenceName="Bulb characteristics - Dimmable"/><CSItem code="IT4029158" rank="9" referenceName="Light characteristics - Color"/><CSItem code="IT4026405" rank="10" referenceName="Other characteristics - Power factor"/><CSItem code="IT4029171" rank="11" referenceName="Durability - Number of switch cycles"/><CSItem code="IT4036608" rank="13" referenceName="Bulb characteristics - Indoor/Outdoor"/><CSItem code="IT4026407" rank="14" referenceName="Rated values - Rated power"/><CSItem code="IT4029272" rank="15" referenceName="Bulb dimensions - Width"/><CSItem code="IT4029164" rank="17" referenceName="Durability - Average life (at 2.7 hrs/day)"/><CSItem code="IT4029160" rank="19" referenceName="Light characteristics - Warm-up time to 60% light"/><CSItem code="IT4036606" rank="20" referenceName="Bulb characteristics - Voltage"/><CSItem code="IT4026390" rank="21" referenceName="Light characteristics - Starting time"/><CSItem code="IT4037689" rank="22" referenceName="Bulb characteristics - Wattage"/><CSItem code="IT4044392" rank="23" referenceName="Bulb characteristics - Lamp shape"/><CSItem code="IT4044054" rank="24" referenceName="Bulb characteristics - Technology"/></CSItems></Purpose><Purpose type="Detail"><Features><Feature code="F400052516" rank="1" referenceName="Instant on - US"/><Feature code="F400082434" rank="2" referenceName="No UV or Infra"/><Feature code="F400082404" rank="3" referenceName="Replaces halogen spot"/><Feature code="F400086860" rank="4" referenceName="EyeComfort [LED lums, LED lamps]"/></Features><CSItems><CSItem code="IT4026404" rank="1" referenceName="Other characteristics - Mercury content"/><CSItem code="IT4029167" rank="2" referenceName="Rated values - Rated lifetime"/><CSItem code="IT4029277" rank="3" referenceName="Bulb characteristics - Cap/fitting"/><CSItem code="4026795" rank="4" referenceName="Durability - Lifetime of lamps"/><CSItem code="IT4026406" rank="5" referenceName="Other characteristics - Lamp current"/><CSItem code="IT4029271" rank="6" referenceName="Bulb dimensions - Height"/><CSItem code="IT4029279" rank="8" referenceName="Bulb characteristics - Dimmable"/><CSItem code="IT4029158" rank="9" referenceName="Light characteristics - Color"/><CSItem code="IT4026405" rank="10" referenceName="Other characteristics - Power factor"/><CSItem code="IT4029171" rank="11" referenceName="Durability - Number of switch cycles"/><CSItem code="IT4036608" rank="13" referenceName="Bulb characteristics - Indoor/Outdoor"/><CSItem code="IT4026407" rank="14" referenceName="Rated values - Rated power"/><CSItem code="IT4029272" rank="15" referenceName="Bulb dimensions - Width"/><CSItem code="IT4029164" rank="17" referenceName="Durability - Average life (at 2.7 hrs/day)"/><CSItem code="IT4029160" rank="19" referenceName="Light characteristics - Warm-up time to 60% light"/><CSItem code="IT4036606" rank="20" referenceName="Bulb characteristics - Voltage"/><CSItem code="IT4026390" rank="21" referenceName="Light characteristics - Starting time"/><CSItem code="IT4037689" rank="22" referenceName="Bulb characteristics - Wattage"/><CSItem code="IT4044392" rank="23" referenceName="Bulb characteristics - Lamp shape"/><CSItem code="IT4044054" rank="24" referenceName="Bulb characteristics - Technology"/></CSItems></Purpose></Filters><FeatureCompareGroups/><Disclaimers><Disclaimer code="DIS40012516" rank="1" referenceName="Designed for the comfort of your eyes"><DisclaimerText>Designed for the comfort of your eyes. Visit www.philips.com/eyecomfort for flicker, strobe and other criteria and product details.</DisclaimerText><DisclaimElements/></Disclaimer></Disclaimers><RichTexts/></Product></Products>