<?xml version="1.0" encoding="UTF-8"?><Products xmlns:source="http://apache.org/cocoon/source/1.0" DocStatus="approved" DocTimeStamp="2018-10-23T10:49:56"><Product Country="US" IsAccessory="false" IsMaster="false" Locale="en_US" lastModified="2018-10-23T04:30:06" masterLastModified="2018-08-08T13:55:45"><CTN>HX9332/30</CTN><GTIN/><MarketingVersion>5.1.1</MarketingVersion><MarketingStatus>Final Published</MarketingStatus><CRDate>2015-04-10</CRDate><CRDateYW>201515</CRDateYW><ModelYears><ModelYear>2015</ModelYear></ModelYears><ProductDivision><ProductDivisionCode>0200</ProductDivisionCode><ProductDivisionName>Consumer Lifestyle</ProductDivisionName><FormerPDCode>0300</FormerPDCode></ProductDivision><ProductOwner>Ovgu Tok</ProductOwner><DTN>HX9332/30</DTN><Catalog><StartOfPublication>2015-05-10T00:00:00</StartOfPublication><EndOfPublication>2028-05-10T00:00:00</EndOfPublication><StartOfSales>2015-05-10T00:00:00</StartOfSales><EndOfSales>2028-05-10T00:00:00</EndOfSales><DummyPrice/><Deleted>false</Deleted><DeleteAfterDate/><ProductRank>50</ProductRank></Catalog><FinancialCategorization><BusinessGroupCode>9050</BusinessGroupCode><BusinessGroupName>Health &amp; Wellness</BusinessGroupName><BusinessUnitCode>0331</BusinessUnitCode><BusinessUnitName>Philips Oral Healthcare</BusinessUnitName><MainArticleGroupCode>E10</MainArticleGroupCode><MainArticleGroupName>Rech. Toothbrushes</MainArticleGroupName><ArticleGroupCode>3128</ArticleGroupCode><ArticleGroupName>Premium - DiamondClean Handles</ArticleGroupName></FinancialCategorization><Categorization type="CONSUMER"><GroupCode>PERSONAL_CARE_GR</GroupCode><GroupName>Personal care</GroupName><CategoryCode>TOOTHBRUSHES_CA</CategoryCode><CategoryName>Electric toothbrushes</CategoryName><SubcategoryCode>DIAMONDCLEAN_SU</SubcategoryCode><SubcategoryName>DiamondClean</SubcategoryName></Categorization><Assets><Asset code="HX9332_30" description="High Quality product movie 1" extension="mp4" lastModified="2015-11-19" locale="en_US" number="001" type="HQ1">http://download.p4c.philips.com/files/h/hx9332_30/hx9332_30_hq1_aen.mp4</Asset><Asset code="HX9332_30" description="Leaflet" extension="pdf" lastModified="2018-10-11" locale="en_US" number="001" type="PSS">http://download.p4c.philips.com/files/h/hx9332_30/hx9332_30_pss_aenus.pdf</Asset><Asset code="HX9332_30" description="Retail Trade Leaflet" extension="pdf" lastModified="2018-10-22" locale="en_US" number="001" type="RTL">http://download.p4c.philips.com/files/h/hx9332_30/hx9332_30_rtl_aenus.pdf</Asset><Asset code="HX9332_30" description="Alternative product photograph 1 - highres 2196x1795" extension="tif" lastModified="2015-06-16" locale="global" number="001" type="A1P">http://images.philips.com/is/image/PhilipsConsumer/HX9332_30-A1P-global-001</Asset><Asset code="HX9332_30" description="Alternative product photograph 2 - highres 2196x1795" extension="tif" lastModified="2015-06-16" locale="global" number="001" type="A2P">http://images.philips.com/is/image/PhilipsConsumer/HX9332_30-A2P-global-001</Asset><Asset code="HX9332_30" description="Alternative product photograph 3 - highres 2196x1795" extension="tif" lastModified="2015-06-16" locale="global" number="001" type="A3P">http://images.philips.com/is/image/PhilipsConsumer/HX9332_30-A3P-global-001</Asset><Asset code="HX9332_30" description="Alternative product photograph - highres 2196x1795" extension="tif" lastModified="2015-06-16" locale="global" number="001" type="APP">http://images.philips.com/is/image/PhilipsConsumer/HX9332_30-APP-global-001</Asset><Asset code="HX9332_30" description="Emotional benefit photograph - highres 514x514" extension="tif" lastModified="2018-03-17" locale="global" number="001" type="BPP">http://images.philips.com/is/image/PhilipsConsumer/HX9332_30-BPP-global-001</Asset><Asset code="HX9332_30" description="Product detail 1 - highres 2196x1795" extension="tif" lastModified="2015-06-24" locale="global" number="001" type="D1P">http://images.philips.com/is/image/PhilipsConsumer/HX9332_30-D1P-global-001</Asset><Asset code="HX9332_30" description="Emotional Benefit 1 - highres 2196x1795" extension="tif" lastModified="2018-03-13" locale="global" number="001" type="E1P">http://images.philips.com/is/image/PhilipsConsumer/HX9332_30-E1P-global-001</Asset><Asset code="HX9332_30" description="Main in-use photograph - highres 2480x1462" extension="tif" lastModified="2015-06-16" locale="global" number="001" type="MI1">http://images.philips.com/is/image/PhilipsConsumer/HX9332_30-MI1-global-001</Asset><Asset code="HX9332_30" description="Product 3D" extension="zip" lastModified="2015-06-16" locale="global" number="001" type="P3D">http://images.philips.com/is/image/PhilipsConsumer/HX9332_30-P3D-global</Asset><Asset code="HX9332_30" description="Product 360 video" extension="flv" lastModified="2015-06-16" locale="global" number="001" type="P3F">http://images.philips.com/is/image/PhilipsConsumer/HX9332_30-P3F-global-001</Asset><Asset code="HX9332_30" description="Leaflet" extension="pdf" lastModified="2018-08-09" locale="global" number="001" type="PSS">http://download.p4c.philips.com/files/h/hx9332_30/hx9332_30_pss_.pdf</Asset><Asset code="HX9332_30" description="Standard product photograph - highres 2196x1795" extension="tif" lastModified="2015-06-16" locale="global" number="001" type="RTP">http://images.philips.com/is/image/PhilipsConsumer/HX9332_30-RTP-global-001</Asset><Asset code="HX9332_30" description="Product In Use 1 - highres 2196x1795" extension="tif" lastModified="2018-04-12" locale="global" number="001" type="U1P">http://images.philips.com/is/image/PhilipsConsumer/HX9332_30-U1P-global-001</Asset><Asset code="HX9332_30" description="Product In Use 2 - highres 2196x1795" extension="tif" lastModified="2018-03-23" locale="global" number="001" type="U2P">http://images.philips.com/is/image/PhilipsConsumer/HX9332_30-U2P-global-001</Asset><Asset code="HX9332_30" description="Single product shot" extension="" lastModified="2018-10-23" locale="en_US" number="" type="IMS">http://images.philips.com/is/image/PhilipsConsumer/HX9332_30-IMS-en_US</Asset><Asset code="HX9332_30" description="Product gallery image set" extension="" lastModified="2018-10-23" locale="en_US" number="" type="GAL">http://images.philips.com/is/image/PhilipsConsumer/HX9332_30-GAL-en_US</Asset><Asset code="HX9332_30" description="Product URL" extension="" lastModified="2018-10-23" locale="en_US" number="" type="URL">http://www.usa.philips.com/c-p/HX9332_30/sonicare-diamondclean-sonic-electric-toothbrush</Asset><Asset code="F400030471" description="Feature photograph - highres 2100x1170" extension="tif" lastModified="2014-08-01" locale="global" number="001" type="FIL">http://images.philips.com/is/image/PhilipsConsumer/F400030471-FIL-global-001</Asset><Asset code="F400030471" description="Feature logo - highres 331x213" extension="tif" lastModified="2012-06-12" locale="global" number="001" type="FLP">http://images.philips.com/is/image/PhilipsConsumer/F400030471-FLP-global-001</Asset><Asset code="F400030474" description="Feature photograph - highres 2100x1170" extension="tif" lastModified="2017-06-05" locale="global" number="001" type="FIL">http://images.philips.com/is/image/PhilipsConsumer/F400030474-FIL-global-001</Asset><Asset code="F400030484" description="Feature photograph - highres 2100x1170" extension="tif" lastModified="2017-05-20" locale="global" number="001" type="FIL">http://images.philips.com/is/image/PhilipsConsumer/F400030484-FIL-global-001</Asset><Asset code="F400033634" description="Feature photograph - highres 2100x1170" extension="tif" lastModified="2014-06-23" locale="global" number="001" type="FIL">http://images.philips.com/is/image/PhilipsConsumer/F400033634-FIL-global-001</Asset><Asset code="F400033636" description="Feature photograph - highres 2100x1170" extension="tif" lastModified="2017-04-20" locale="global" number="001" type="FIL">http://images.philips.com/is/image/PhilipsConsumer/F400033636-FIL-global-001</Asset><Asset code="F400033684" description="Feature photograph - highres 2100x1170" extension="tif" lastModified="2014-12-08" locale="global" number="001" type="FIL">http://images.philips.com/is/image/PhilipsConsumer/F400033684-FIL-global-001</Asset><Asset code="F400043484" description="Feature photograph - highres 2100x1170" extension="tif" lastModified="2014-06-23" locale="global" number="001" type="FIL">http://images.philips.com/is/image/PhilipsConsumer/F400043484-FIL-global-001</Asset><Asset code="F400044246" description="Feature photograph - highres 2100x1170" extension="tif" lastModified="2017-04-20" locale="global" number="001" type="FIL">http://images.philips.com/is/image/PhilipsConsumer/F400044246-FIL-global-001</Asset><Asset code="F400068317" description="Feature photograph - highres 2100x1170" extension="tif" lastModified="2014-06-24" locale="global" number="001" type="FIL">http://images.philips.com/is/image/PhilipsConsumer/F400068317-FIL-global-001</Asset><Asset code="FEA_0001775" description="Feature photograph - highres 2100x1170" extension="tif" lastModified="2014-06-23" locale="global" number="001" type="FIL">http://images.philips.com/is/image/PhilipsConsumer/FEA_0001775-FIL-global-001</Asset><Asset code="PHI" description="Brand logo - highres 1476x886" extension="tif" lastModified="2016-02-18" locale="global" number="001" type="BRP">http://images.philips.com/is/image/PhilipsConsumer/PHI-BRP-global-001</Asset><Asset code="SON" description="Brand logo - highres 1476x886" extension="jpg" lastModified="2012-02-02" locale="global" number="001" type="BRP">http://images.philips.com/is/image/PhilipsConsumer/SON-BRP-global-001</Asset></Assets><ProductName>5 modes 2 brush heads Sonic electric toothbrush</ProductName><FullProductName>Philips Sonicare DiamondClean Sonic electric toothbrush HX9332/30 5 modes 2 brush heads Glass charger USB travel charger</FullProductName><NamingString><MasterBrand><BrandCode>PHI</BrandCode><BrandName>Philips</BrandName></MasterBrand><Partner><PartnerBrand><BrandCode>SON</BrandCode><BrandName>Sonicare</BrandName></PartnerBrand><PartnerBrandType>MakersMark</PartnerBrandType></Partner><BrandString>Philips Sonicare</BrandString><Family><FamilyCode>SB40002305</FamilyCode><FamilyName>DiamondClean</FamilyName><FamilyNameUsed>1</FamilyNameUsed></Family><Descriptor><DescriptorCode>NSD_000138</DescriptorCode><DescriptorName>Sonic electric toothbrush</DescriptorName></Descriptor><Alphanumeric>HX9332/30</Alphanumeric><VersionElement1><VersionElementCode>V4016423</VersionElementCode><VersionElementName>5 modes</VersionElementName></VersionElement1><VersionElement2><VersionElementCode>V4014890</VersionElementCode><VersionElementName>2 brush heads</VersionElementName></VersionElement2><VersionElement3><VersionElementCode>V4029283</VersionElementCode><VersionElementName>Glass charger</VersionElementName></VersionElement3><VersionElement4><VersionElementCode>V4037193</VersionElementCode><VersionElementName>USB travel charger</VersionElementName></VersionElement4><VersionString>5 modes 2 brush heads Glass charger USB travel charger</VersionString><BrandedFeatureString/><DescriptorBrandedFeatureString>Sonic electric toothbrush</DescriptorBrandedFeatureString></NamingString><WOW>Whiter, healthier teeth for life</WOW><SubWOW>Best Philips Sonicare whitening sonic toothbrush</SubWOW><MarketingTextHeader>Sonicare's best whitening in our most elegant Philips Sonicare electric toothbrush. Switch to Sonicare.</MarketingTextHeader><KeyBenefitArea><KeyBenefitAreaCode>K4013174</KeyBenefitAreaCode><KeyBenefitAreaName>Proven to improve oral health</KeyBenefitAreaName><KeyBenefitAreaRank>1</KeyBenefitAreaRank><Feature><FeatureCode>F400033634</FeatureCode><FeatureReferenceName>Removes up to 7X more plaque than a manual to [DiamondClean]</FeatureReferenceName><FeatureName>Removes up to 7x more plaque</FeatureName><FeatureLongDescription>Removes up to 7x more plaque than a manual toothbrush</FeatureLongDescription><FeatureGlossary>Removes up to 7 times more plaque from hard to reach places than a manual toothbrush.</FeatureGlossary><FeatureRank>1</FeatureRank><FeatureTopRank>1</FeatureTopRank></Feature><Feature><FeatureCode>FEA_0001775</FeatureCode><FeatureReferenceName>Improves gum health</FeatureReferenceName><FeatureName>Improves gum health</FeatureName><FeatureLongDescription>Improves gum health in only two weeks</FeatureLongDescription><FeatureGlossary>This Philips Sonicare electric toothbrush provides optimal cleaning between teeth and along the gumline for improved gum health in just two weeks.</FeatureGlossary><FeatureRank>2</FeatureRank><FeatureTopRank>2</FeatureTopRank></Feature><Feature><FeatureCode>F400033636</FeatureCode><FeatureReferenceName>Whitens teeth 2X better [DiamondClean]</FeatureReferenceName><FeatureName>Whitens teeth 2X better</FeatureName><FeatureLongDescription>Whitens teeth more than 2x better than a manual toothbrush</FeatureLongDescription><FeatureGlossary>This Philips Sonicare toothbrush whitens teeth more than 2x better than a manual toothbrush in just 1 week. Removes up to 100% more stains for whiter teeth in just 1 week.</FeatureGlossary><FeatureRank>3</FeatureRank><FeatureTopRank>3</FeatureTopRank></Feature><Feature><FeatureCode>F400030484</FeatureCode><FeatureReferenceName>Sensitive Mode</FeatureReferenceName><FeatureName>Gentle teeth and gum cleaning</FeatureName><FeatureLongDescription>Sensitive Mode: Gentle teeth and gum cleaning</FeatureLongDescription><FeatureGlossary>Philips Sonicare toothbrush with Sensitive Mode: Gentle, yet thorough cleaning for sensitive gums</FeatureGlossary><FeatureRank>4</FeatureRank><FeatureTopRank>6</FeatureTopRank></Feature><Feature><FeatureCode>F400044246</FeatureCode><FeatureReferenceName>Helps whiten teeth</FeatureReferenceName><FeatureName>Helps whiten teeth</FeatureName><FeatureLongDescription>Philips Sonicare toothbrush helps whiten teeth</FeatureLongDescription><FeatureGlossary>This Philips Sonicare electric toothbrush helps to remove and reduce stains on your teeth for a brighter smile.</FeatureGlossary><FeatureRank>5</FeatureRank><FeatureTopRank>9</FeatureTopRank></Feature></KeyBenefitArea><KeyBenefitArea><KeyBenefitAreaCode>K4013175</KeyBenefitAreaCode><KeyBenefitAreaName>Provides a superior clean</KeyBenefitAreaName><KeyBenefitAreaRank>2</KeyBenefitAreaRank><Feature><FeatureCode>F400033684</FeatureCode><FeatureReferenceName>DiamondClean brush head [DiamondClean]</FeatureReferenceName><FeatureName>DiamondClean brush head</FeatureName><FeatureLongDescription>DiamondClean toothbrush head for Sonicare's best whitening</FeatureLongDescription><FeatureGlossary>DiamondClean toothbrush heads, Philips Sonicare's best whitening brush head, have diamond shaped bristles to effectively yet gently remove surface stains and scrape away plaque. Removes stain build up from coffee, tea, red wine, cigarettes and tobacco in just 1 week.</FeatureGlossary><FeatureRank>1</FeatureRank><FeatureTopRank>4</FeatureTopRank></Feature><Feature><FeatureCode>F400068317</FeatureCode><FeatureReferenceName>Sonic technology[DiamondClean]</FeatureReferenceName><FeatureName>Sonic technology</FeatureName><FeatureLongDescription>Sonicare dynamic cleaning action drives fluid between teeth</FeatureLongDescription><FeatureGlossary>Philips Sonicare electric toothbrush's unique dynamic action gently and effectively reaches deep between teeth and along the gumline.</FeatureGlossary><FeatureRank>2</FeatureRank><FeatureTopRank>10</FeatureTopRank></Feature></KeyBenefitArea><KeyBenefitArea><KeyBenefitAreaCode>K300002483</KeyBenefitAreaCode><KeyBenefitAreaName>Designed around you</KeyBenefitAreaName><KeyBenefitAreaRank>3</KeyBenefitAreaRank><Feature><FeatureCode>F400043484</FeatureCode><FeatureReferenceName>Dual Charging System</FeatureReferenceName><FeatureName>Dual Charging System</FeatureName><FeatureLongDescription>Dual Charging System: Charging glass and travel case.</FeatureLongDescription><FeatureGlossary>1) Charger glass - Simply place your Philips Sonicare electric toothbrush in the glass to charge. Can also be used to rinse your mouth after brushing. 2) Charging travel case - Connects to your laptop via USB or can be charged by wall outlet. Allows you to take your DiamondClean anywhere and everywhere.</FeatureGlossary><FeatureRank>1</FeatureRank><FeatureTopRank>5</FeatureTopRank></Feature></KeyBenefitArea><KeyBenefitArea><KeyBenefitAreaCode>K4013172</KeyBenefitAreaCode><KeyBenefitAreaName>Guides you to follow dental recommendations</KeyBenefitAreaName><KeyBenefitAreaRank>4</KeyBenefitAreaRank><Feature><FeatureCode>F400030474</FeatureCode><FeatureReferenceName>Quadpacer</FeatureReferenceName><FeatureName>Quadpacer</FeatureName><FeatureLongDescription>Quadpacer interval timer encourages thorough brushing</FeatureLongDescription><FeatureGlossary>30 seconds interval timer indicates when you have completed each quadrant of your mouth and signals for you to move on resulting in more consistent cleaning throughout your mouth</FeatureGlossary><FeatureRank>1</FeatureRank><FeatureTopRank>7</FeatureTopRank></Feature><Feature><FeatureCode>F400030471</FeatureCode><FeatureReferenceName>Smartimer</FeatureReferenceName><FeatureName>Smartimer</FeatureName><FeatureLongDescription>Two-minute timer helps ensure recommended brushing time</FeatureLongDescription><FeatureGlossary>2-minute timer on this Philips Sonicare electric toothbrush helps ensure dental professional recommended brushing time</FeatureGlossary><FeatureRank>2</FeatureRank><FeatureTopRank>8</FeatureTopRank></Feature></KeyBenefitArea><FeatureImage><FeatureCode>F400033634</FeatureCode><FeatureReferenceName>Removes up to 7X more plaque than a manual to [DiamondClean]</FeatureReferenceName><FeatureImageRank>1</FeatureImageRank></FeatureImage><FeatureImage><FeatureCode>FEA_0001775</FeatureCode><FeatureReferenceName>Improves gum health</FeatureReferenceName><FeatureImageRank>2</FeatureImageRank></FeatureImage><FeatureImage><FeatureCode>F400033636</FeatureCode><FeatureReferenceName>Whitens teeth 2X better [DiamondClean]</FeatureReferenceName><FeatureImageRank>3</FeatureImageRank></FeatureImage><FeatureImage><FeatureCode>F400033684</FeatureCode><FeatureReferenceName>DiamondClean brush head [DiamondClean]</FeatureReferenceName><FeatureImageRank>4</FeatureImageRank></FeatureImage><FeatureImage><FeatureCode>F400043484</FeatureCode><FeatureReferenceName>Dual Charging System</FeatureReferenceName><FeatureImageRank>5</FeatureImageRank></FeatureImage><FeatureImage><FeatureCode>F400030484</FeatureCode><FeatureReferenceName>Sensitive Mode</FeatureReferenceName><FeatureImageRank>6</FeatureImageRank></FeatureImage><FeatureImage><FeatureCode>F400030474</FeatureCode><FeatureReferenceName>Quadpacer</FeatureReferenceName><FeatureImageRank>7</FeatureImageRank></FeatureImage><FeatureImage><FeatureCode>F400030471</FeatureCode><FeatureReferenceName>Smartimer</FeatureReferenceName><FeatureImageRank>8</FeatureImageRank></FeatureImage><FeatureImage><FeatureCode>F400044246</FeatureCode><FeatureReferenceName>Helps whiten teeth</FeatureReferenceName><FeatureImageRank>9</FeatureImageRank></FeatureImage><FeatureImage><FeatureCode>F400068317</FeatureCode><FeatureReferenceName>Sonic technology[DiamondClean]</FeatureReferenceName><FeatureImageRank>10</FeatureImageRank></FeatureImage><FeatureHighlight><FeatureCode>F400033634</FeatureCode><FeatureReferenceName>Removes up to 7X more plaque than a manual to [DiamondClean]</FeatureReferenceName><FeatureHighlightRank>1</FeatureHighlightRank></FeatureHighlight><FeatureHighlight><FeatureCode>FEA_0001775</FeatureCode><FeatureReferenceName>Improves gum health</FeatureReferenceName><FeatureHighlightRank>2</FeatureHighlightRank></FeatureHighlight><FeatureHighlight><FeatureCode>F400033636</FeatureCode><FeatureReferenceName>Whitens teeth 2X better [DiamondClean]</FeatureReferenceName><FeatureHighlightRank>3</FeatureHighlightRank></FeatureHighlight><FeatureHighlight><FeatureCode>F400033684</FeatureCode><FeatureReferenceName>DiamondClean brush head [DiamondClean]</FeatureReferenceName><FeatureHighlightRank>4</FeatureHighlightRank></FeatureHighlight><FeatureHighlight><FeatureCode>F400043484</FeatureCode><FeatureReferenceName>Dual Charging System</FeatureReferenceName><FeatureHighlightRank>5</FeatureHighlightRank></FeatureHighlight><FeatureHighlight><FeatureCode>F400030484</FeatureCode><FeatureReferenceName>Sensitive Mode</FeatureReferenceName><FeatureHighlightRank>6</FeatureHighlightRank></FeatureHighlight><FeatureHighlight><FeatureCode>F400030474</FeatureCode><FeatureReferenceName>Quadpacer</FeatureReferenceName><FeatureHighlightRank>7</FeatureHighlightRank></FeatureHighlight><FeatureHighlight><FeatureCode>F400030471</FeatureCode><FeatureReferenceName>Smartimer</FeatureReferenceName><FeatureHighlightRank>8</FeatureHighlightRank></FeatureHighlight><FeatureHighlight><FeatureCode>F400044246</FeatureCode><FeatureReferenceName>Helps whiten teeth</FeatureReferenceName><FeatureHighlightRank>9</FeatureHighlightRank></FeatureHighlight><FeatureHighlight><FeatureCode>F400068317</FeatureCode><FeatureReferenceName>Sonic technology[DiamondClean]</FeatureReferenceName><FeatureHighlightRank>10</FeatureHighlightRank></FeatureHighlight><CSChapter><CSChapterCode>CH4006741</CSChapterCode><CSChapterName>Modes</CSChapterName><CSChapterRank>1</CSChapterRank><CSItem><CSItemCode>IT4032871</CSItemCode><CSItemName>Clean</CSItemName><CSItemRank>4</CSItemRank><CSItemIsFreeFormat>0</CSItemIsFreeFormat><CSValue><CSValueCode>VA4076686</CSValueCode><CSValueName>For exceptional everyday clean</CSValueName><CSValueRank>3</CSValueRank></CSValue></CSItem><CSItem><CSItemCode>IT4032875</CSItemCode><CSItemName>Gum Care</CSItemName><CSItemRank>9</CSItemRank><CSItemIsFreeFormat>0</CSItemIsFreeFormat><CSValue><CSValueCode>VA4076685</CSValueCode><CSValueName>Gently massages gums</CSValueName><CSValueRank>2</CSValueRank></CSValue></CSItem><CSItem><CSItemCode>IT4032873</CSItemCode><CSItemName>Polish</CSItemName><CSItemRank>14</CSItemRank><CSItemIsFreeFormat>0</CSItemIsFreeFormat><CSValue><CSValueCode>VA4076683</CSValueCode><CSValueName>Brighten and polish your teeth</CSValueName><CSValueRank>10</CSValueRank></CSValue></CSItem><CSItem><CSItemCode>IT4032874</CSItemCode><CSItemName>Sensitive</CSItemName><CSItemRank>18</CSItemRank><CSItemIsFreeFormat>0</CSItemIsFreeFormat><CSValue><CSValueCode>VA4076684</CSValueCode><CSValueName>Gentle teeth and gum cleaning</CSValueName><CSValueRank>11</CSValueRank></CSValue></CSItem><CSItem><CSItemCode>IT4032872</CSItemCode><CSItemName>White</CSItemName><CSItemRank>21</CSItemRank><CSItemIsFreeFormat>0</CSItemIsFreeFormat><CSValue><CSValueCode>VA4076682</CSValueCode><CSValueName>Removes surface stains</CSValueName><CSValueRank>12</CSValueRank></CSValue></CSItem></CSChapter><CSChapter><CSChapterCode>CH4002821</CSChapterCode><CSChapterName>Items included</CSChapterName><CSChapterRank>2</CSChapterRank><CSItem><CSItemCode>IT4035144</CSItemCode><CSItemName>Handles</CSItemName><CSItemRank>6</CSItemRank><CSItemIsFreeFormat>1</CSItemIsFreeFormat><CSValue><CSValueCode>VA4081784</CSValueCode><CSValueName>2 DiamondClean</CSValueName><CSValueRank>1</CSValueRank></CSValue></CSItem><CSItem><CSItemCode>IT4015645</CSItemCode><CSItemName>Brush heads</CSItemName><CSItemRank>10</CSItemRank><CSItemIsFreeFormat>0</CSItemIsFreeFormat><CSValue><CSValueCode>VA4041260</CSValueCode><CSValueName>2 DiamondClean standard</CSValueName><CSValueRank>33</CSValueRank></CSValue></CSItem><CSItem><CSItemCode>IT4036043</CSItemCode><CSItemName>Glass charger</CSItemName><CSItemRank>19</CSItemRank><CSItemIsFreeFormat>1</CSItemIsFreeFormat><CSValue><CSValueCode>VA4083880</CSValueCode><CSValueName>1</CSValueName><CSValueRank>1</CSValueRank></CSValue></CSItem><CSItem><CSItemCode>IT4017673</CSItemCode><CSItemName>Travel case</CSItemName><CSItemRank>24</CSItemRank><CSItemIsFreeFormat>0</CSItemIsFreeFormat><CSValue><CSValueCode>VA4038394</CSValueCode><CSValueName>USB travel charger</CSValueName><CSValueRank>4</CSValueRank></CSValue></CSItem></CSChapter><CSChapter><CSChapterCode>CHA_0000020</CSChapterCode><CSChapterName>Design and finishing</CSChapterName><CSChapterRank>3</CSChapterRank><CSItem><CSItemCode>4010351</CSItemCode><CSItemName>Color</CSItemName><CSItemRank>11</CSItemRank><CSItemIsFreeFormat>0</CSItemIsFreeFormat><CSValue><CSValueCode>VA4038348</CSValueCode><CSValueName>Ceramic white</CSValueName><CSValueRank>34</CSValueRank></CSValue></CSItem></CSChapter><CSChapter><CSChapterCode>CH4002822</CSChapterCode><CSChapterName>Cleaning performance</CSChapterName><CSChapterRank>4</CSChapterRank><CSItem><CSItemCode>IT4015660</CSItemCode><CSItemName>Speed</CSItemName><CSItemRank>1</CSItemRank><CSItemIsFreeFormat>0</CSItemIsFreeFormat><CSValue><CSValueCode>VA4075704</CSValueCode><CSValueName>Up to 62000 brush movement/min</CSValueName><CSValueRank>23</CSValueRank></CSValue></CSItem><CSItem><CSItemCode>IT4015661</CSItemCode><CSItemName>Performance</CSItemName><CSItemRank>8</CSItemRank><CSItemIsFreeFormat>0</CSItemIsFreeFormat><CSValue><CSValueCode>VA4066202</CSValueCode><CSValueName>Removes up to 7x more plaque*</CSValueName><CSValueRank>32</CSValueRank></CSValue></CSItem><CSItem><CSItemCode>IT4015663</CSItemCode><CSItemName>Health benefits</CSItemName><CSItemRank>13</CSItemRank><CSItemIsFreeFormat>0</CSItemIsFreeFormat><CSValue><CSValueCode>VA4031267</CSValueCode><CSValueName>Improves gum health in only two weeks</CSValueName><CSValueRank>15</CSValueRank></CSValue></CSItem><CSItem><CSItemCode>IT4015664</CSItemCode><CSItemName>Whitening benefits</CSItemName><CSItemRank>17</CSItemRank><CSItemIsFreeFormat>0</CSItemIsFreeFormat><CSValue><CSValueCode>VA4041205</CSValueCode><CSValueName>Whitens teeth 2X better*</CSValueName><CSValueRank>22</CSValueRank></CSValue></CSItem><CSItem><CSItemCode>IT4015666</CSItemCode><CSItemName>Timer</CSItemName><CSItemRank>22</CSItemRank><CSItemIsFreeFormat>0</CSItemIsFreeFormat><CSValue><CSValueCode>VA4031275</CSValueCode><CSValueName>Smartimer and Quadpacer</CSValueName><CSValueRank>9</CSValueRank></CSValue></CSItem></CSChapter><CSChapter><CSChapterCode>CH4001524</CSChapterCode><CSChapterName>Ease of use</CSChapterName><CSChapterRank>5</CSChapterRank><CSItem><CSItemCode>IT4015667</CSItemCode><CSItemName>Brush head system</CSItemName><CSItemRank>3</CSItemRank><CSItemIsFreeFormat>0</CSItemIsFreeFormat><CSValue><CSValueCode>VA4075706</CSValueCode><CSValueName>Easy click-on brush heads</CSValueName><CSValueRank>24</CSValueRank></CSValue></CSItem><CSItem><CSItemCode>IT4015668</CSItemCode><CSItemName>Brushing time</CSItemName><CSItemRank>7</CSItemRank><CSItemIsFreeFormat>0</CSItemIsFreeFormat><CSValue><CSValueCode>VA4040781</CSValueCode><CSValueName>Up to 3 weeks**</CSValueName><CSValueRank>16</CSValueRank></CSValue></CSItem><CSItem><CSItemCode>IT4015669</CSItemCode><CSItemName>Battery indicator</CSItemName><CSItemRank>15</CSItemRank><CSItemIsFreeFormat>0</CSItemIsFreeFormat><CSValue><CSValueCode>VA4031282</CSValueCode><CSValueName>Illuminated icon indicates battery life</CSValueName><CSValueRank>20</CSValueRank></CSValue></CSItem><CSItem><CSItemCode>IT4015670</CSItemCode><CSItemName>Handle</CSItemName><CSItemRank>16</CSItemRank><CSItemIsFreeFormat>0</CSItemIsFreeFormat><CSValue><CSValueCode>VA4031284</CSValueCode><CSValueName>Slim ergonomic design</CSValueName><CSValueRank>8</CSValueRank></CSValue></CSItem><CSItem><CSItemCode>IT4007980</CSItemCode><CSItemName>Display</CSItemName><CSItemRank>20</CSItemRank><CSItemIsFreeFormat>0</CSItemIsFreeFormat><CSValue><CSValueCode>VA4031287</CSValueCode><CSValueName>Illuminated display</CSValueName><CSValueRank>13</CSValueRank></CSValue></CSItem></CSChapter><CSChapter><CSChapterCode>3000956</CSChapterCode><CSChapterName>Technical specifications</CSChapterName><CSChapterRank>6</CSChapterRank><CSItem><CSItemCode>IT4015617</CSItemCode><CSItemName>Battery</CSItemName><CSItemRank>12</CSItemRank><CSItemIsFreeFormat>0</CSItemIsFreeFormat><CSValue><CSValueCode>VA4031164</CSValueCode><CSValueName>Rechargeable</CSValueName><CSValueRank>6</CSValueRank></CSValue></CSItem><CSItem><CSItemCode>IT4017634</CSItemCode><CSItemName>Battery type</CSItemName><CSItemRank>25</CSItemRank><CSItemIsFreeFormat>0</CSItemIsFreeFormat><CSValue><CSValueCode>VA4060246</CSValueCode><CSValueName>Lithium ION</CSValueName><CSValueRank>18</CSValueRank></CSValue></CSItem><CSItem><CSItemCode>IT4015622</CSItemCode><CSItemName>Operating time (full to empty)</CSItemName><CSItemRank>26</CSItemRank><CSItemIsFreeFormat>0</CSItemIsFreeFormat><CSValue><CSValueCode>VA4083881</CSValueCode><CSValueName>Up to 3 weeks**</CSValueName><CSValueRank>5</CSValueRank></CSValue></CSItem></CSChapter><CSChapter><CSChapterCode>3000821</CSChapterCode><CSChapterName>Power</CSChapterName><CSChapterRank>7</CSChapterRank><CSItem><CSItemCode>IT4015625</CSItemCode><CSItemName>Voltage</CSItemName><CSItemRank>5</CSItemRank><CSItemIsFreeFormat>0</CSItemIsFreeFormat><CSValue><CSValueCode>VA4075921</CSValueCode><CSValueName>110-220 V</CSValueName><CSValueRank>27</CSValueRank></CSValue></CSItem></CSChapter><CSChapter><CSChapterCode>CHA_0000049</CSChapterCode><CSChapterName>Service</CSChapterName><CSChapterRank>8</CSChapterRank><CSItem><CSItemCode>IT4015672</CSItemCode><CSItemName>Warranty</CSItemName><CSItemRank>2</CSItemRank><CSItemIsFreeFormat>0</CSItemIsFreeFormat><CSValue><CSValueCode>VA4031299</CSValueCode><CSValueName>2-year limited warranty</CSValueName><CSValueRank>1</CSValueRank></CSValue></CSItem></CSChapter><Filters><Purpose type="Comparison"><Features><Feature code="F400033634" rank="1" referenceName="Removes up to 7X more plaque than a manual to [DiamondClean]"/><Feature code="FEA_0001775" rank="2" referenceName="Improves gum health"/><Feature code="F400033636" rank="3" referenceName="Whitens teeth 2X better [DiamondClean]"/><Feature code="F400033684" rank="4" referenceName="DiamondClean brush head [DiamondClean]"/><Feature code="F400043484" rank="5" referenceName="Dual Charging System"/><Feature code="F400030484" rank="6" referenceName="Sensitive Mode"/><Feature code="F400030474" rank="7" referenceName="Quadpacer"/><Feature code="F400030471" rank="8" referenceName="Smartimer"/><Feature code="F400044246" rank="9" referenceName="Helps whiten teeth"/><Feature code="F400068317" rank="10" referenceName="Sonic technology[DiamondClean]"/></Features><CSItems><CSItem code="IT4015660" rank="1" referenceName="Cleaning performance - Speed"/><CSItem code="IT4015672" rank="2" referenceName="Service - Warranty"/><CSItem code="IT4015667" rank="3" referenceName="Ease of use - Brush head system"/><CSItem code="IT4032871" rank="4" referenceName="Modes - Clean"/><CSItem code="IT4015625" rank="5" referenceName="Power - Voltage"/><CSItem code="IT4035144" rank="6" referenceName="Items included - Handles"/><CSItem code="IT4015668" rank="7" referenceName="Ease of use - Brushing time"/><CSItem code="IT4015661" rank="8" referenceName="Cleaning performance - Performance"/><CSItem code="IT4032875" rank="9" referenceName="Modes - Gum Care"/><CSItem code="IT4015645" rank="10" referenceName="Items included - Brush heads"/><CSItem code="4010351" rank="11" referenceName="Design and finishing - Color"/><CSItem code="IT4015617" rank="12" referenceName="Technical specifications - Battery"/><CSItem code="IT4015663" rank="13" referenceName="Cleaning performance - Health benefits"/><CSItem code="IT4032873" rank="14" referenceName="Modes - Polish"/><CSItem code="IT4015669" rank="15" referenceName="Ease of use - Battery indicator"/><CSItem code="IT4015670" rank="16" referenceName="Ease of use - Handle"/><CSItem code="IT4015664" rank="17" referenceName="Cleaning performance - Whitening benefits"/><CSItem code="IT4032874" rank="18" referenceName="Modes - Sensitive"/><CSItem code="IT4036043" rank="19" referenceName="Items included - Glass charger"/><CSItem code="IT4007980" rank="20" referenceName="Ease of use - Display"/><CSItem code="IT4032872" rank="21" referenceName="Modes - White"/><CSItem code="IT4015666" rank="22" referenceName="Cleaning performance - Timer"/><CSItem code="IT4017673" rank="24" referenceName="Items included - Travel case"/><CSItem code="IT4017634" rank="25" referenceName="Technical specifications - Battery type"/><CSItem code="IT4015622" rank="26" referenceName="Technical specifications - Operating time (full to empty)"/></CSItems></Purpose><Purpose type="Detail"><Features><Feature code="F400033634" rank="1" referenceName="Removes up to 7X more plaque than a manual to [DiamondClean]"/><Feature code="FEA_0001775" rank="2" referenceName="Improves gum health"/><Feature code="F400033636" rank="3" referenceName="Whitens teeth 2X better [DiamondClean]"/><Feature code="F400033684" rank="4" referenceName="DiamondClean brush head [DiamondClean]"/><Feature code="F400043484" rank="5" referenceName="Dual Charging System"/><Feature code="F400030484" rank="6" referenceName="Sensitive Mode"/><Feature code="F400030474" rank="7" referenceName="Quadpacer"/><Feature code="F400030471" rank="8" referenceName="Smartimer"/><Feature code="F400044246" rank="9" referenceName="Helps whiten teeth"/><Feature code="F400068317" rank="10" referenceName="Sonic technology[DiamondClean]"/></Features><CSItems><CSItem code="IT4015660" rank="1" referenceName="Cleaning performance - Speed"/><CSItem code="IT4015672" rank="2" referenceName="Service - Warranty"/><CSItem code="IT4015667" rank="3" referenceName="Ease of use - Brush head system"/><CSItem code="IT4032871" rank="4" referenceName="Modes - Clean"/><CSItem code="IT4015625" rank="5" referenceName="Power - Voltage"/><CSItem code="IT4035144" rank="6" referenceName="Items included - Handles"/><CSItem code="IT4015668" rank="7" referenceName="Ease of use - Brushing time"/><CSItem code="IT4015661" rank="8" referenceName="Cleaning performance - Performance"/><CSItem code="IT4032875" rank="9" referenceName="Modes - Gum Care"/><CSItem code="IT4015645" rank="10" referenceName="Items included - Brush heads"/><CSItem code="4010351" rank="11" referenceName="Design and finishing - Color"/><CSItem code="IT4015617" rank="12" referenceName="Technical specifications - Battery"/><CSItem code="IT4015663" rank="13" referenceName="Cleaning performance - Health benefits"/><CSItem code="IT4032873" rank="14" referenceName="Modes - Polish"/><CSItem code="IT4015669" rank="15" referenceName="Ease of use - Battery indicator"/><CSItem code="IT4015670" rank="16" referenceName="Ease of use - Handle"/><CSItem code="IT4015664" rank="17" referenceName="Cleaning performance - Whitening benefits"/><CSItem code="IT4032874" rank="18" referenceName="Modes - Sensitive"/><CSItem code="IT4036043" rank="19" referenceName="Items included - Glass charger"/><CSItem code="IT4007980" rank="20" referenceName="Ease of use - Display"/><CSItem code="IT4032872" rank="21" referenceName="Modes - White"/><CSItem code="IT4015666" rank="22" referenceName="Cleaning performance - Timer"/><CSItem code="IT4017673" rank="24" referenceName="Items included - Travel case"/><CSItem code="IT4017634" rank="25" referenceName="Technical specifications - Battery type"/><CSItem code="IT4015622" rank="26" referenceName="Technical specifications - Operating time (full to empty)"/></CSItems></Purpose></Filters><FeatureCompareGroups/><Disclaimers><Disclaimer code="DIS40007989" rank="1" referenceName="based on two periods of two-minute brushings [up to 3 weeks]"><DisclaimerText>*based on two periods of two-minute brushings per day, on clean mode</DisclaimerText><DisclaimElements/></Disclaimer></Disclaimers><ProductReference ProductReferenceType="Accessory"><CTN>CRP242/01</CTN><ProductReferenceRank>0</ProductReferenceRank></ProductReference><ProductReference ProductReferenceType="Accessory"><CTN>CRP246/01</CTN><ProductReferenceRank>0</ProductReferenceRank></ProductReference><ProductReference ProductReferenceType="Accessory"><CTN>DIS640/03</CTN><ProductReferenceRank>0</ProductReferenceRank></ProductReference><ProductReference ProductReferenceType="Accessory"><CTN>HX6061/08</CTN><ProductReferenceRank>0</ProductReferenceRank></ProductReference><ProductReference ProductReferenceType="Accessory"><CTN>HX6062/05</CTN><ProductReferenceRank>0</ProductReferenceRank></ProductReference><ProductReference ProductReferenceType="Accessory"><CTN>HX6062/07</CTN><ProductReferenceRank>0</ProductReferenceRank></ProductReference><ProductReference ProductReferenceType="Accessory"><CTN>HX6062/08</CTN><ProductReferenceRank>0</ProductReferenceRank></ProductReference><ProductReference ProductReferenceType="Accessory"><CTN>HX6062/23</CTN><ProductReferenceRank>0</ProductReferenceRank></ProductReference><ProductReference ProductReferenceType="Accessory"><CTN>HX6062/26</CTN><ProductReferenceRank>0</ProductReferenceRank></ProductReference><ProductReference ProductReferenceType="Accessory"><CTN>HX6062/31</CTN><ProductReferenceRank>0</ProductReferenceRank></ProductReference><ProductReference ProductReferenceType="Accessory"><CTN>HX6062/33</CTN><ProductReferenceRank>0</ProductReferenceRank></ProductReference><ProductReference ProductReferenceType="Accessory"><CTN>HX6062/60</CTN><ProductReferenceRank>0</ProductReferenceRank></ProductReference><ProductReference ProductReferenceType="Accessory"><CTN>HX6062/62</CTN><ProductReferenceRank>0</ProductReferenceRank></ProductReference><ProductReference ProductReferenceType="Accessory"><CTN>HX6062/64</CTN><ProductReferenceRank>0</ProductReferenceRank></ProductReference><ProductReference ProductReferenceType="Accessory"><CTN>HX6062/66</CTN><ProductReferenceRank>0</ProductReferenceRank></ProductReference><ProductReference ProductReferenceType="Accessory"><CTN>HX6062/94</CTN><ProductReferenceRank>0</ProductReferenceRank></ProductReference><ProductReference ProductReferenceType="Accessory"><CTN>HX6063/05</CTN><ProductReferenceRank>0</ProductReferenceRank></ProductReference><ProductReference ProductReferenceType="Accessory"><CTN>HX6063/35</CTN><ProductReferenceRank>0</ProductReferenceRank></ProductReference><ProductReference ProductReferenceType="Accessory"><CTN>HX6063/60</CTN><ProductReferenceRank>0</ProductReferenceRank></ProductReference><ProductReference ProductReferenceType="Accessory"><CTN>HX6063/62</CTN><ProductReferenceRank>0</ProductReferenceRank></ProductReference><ProductReference ProductReferenceType="Accessory"><CTN>HX6063/64</CTN><ProductReferenceRank>0</ProductReferenceRank></ProductReference><ProductReference ProductReferenceType="Accessory"><CTN>HX6064/05</CTN><ProductReferenceRank>0</ProductReferenceRank></ProductReference><ProductReference ProductReferenceType="Accessory"><CTN>HX6064/07</CTN><ProductReferenceRank>0</ProductReferenceRank></ProductReference><ProductReference ProductReferenceType="Accessory"><CTN>HX6064/26</CTN><ProductReferenceRank>0</ProductReferenceRank></ProductReference><ProductReference ProductReferenceType="Accessory"><CTN>HX6064/31</CTN><ProductReferenceRank>0</ProductReferenceRank></ProductReference><ProductReference ProductReferenceType="Accessory"><CTN>HX6064/33</CTN><ProductReferenceRank>0</ProductReferenceRank></ProductReference><ProductReference ProductReferenceType="Accessory"><CTN>HX6064/35</CTN><ProductReferenceRank>0</ProductReferenceRank></ProductReference><ProductReference ProductReferenceType="Accessory"><CTN>HX6064/62</CTN><ProductReferenceRank>0</ProductReferenceRank></ProductReference><ProductReference ProductReferenceType="Accessory"><CTN>HX6064/64</CTN><ProductReferenceRank>0</ProductReferenceRank></ProductReference><ProductReference ProductReferenceType="Accessory"><CTN>HX6064/94</CTN><ProductReferenceRank>0</ProductReferenceRank></ProductReference><ProductReference ProductReferenceType="Accessory"><CTN>HX6066/30</CTN><ProductReferenceRank>0</ProductReferenceRank></ProductReference><ProductReference ProductReferenceType="Accessory"><CTN>HX6066/31</CTN><ProductReferenceRank>0</ProductReferenceRank></ProductReference><ProductReference ProductReferenceType="Accessory"><CTN>HX6066/39</CTN><ProductReferenceRank>0</ProductReferenceRank></ProductReference><ProductReference ProductReferenceType="Accessory"><CTN>HX6066/70</CTN><ProductReferenceRank>0</ProductReferenceRank></ProductReference><ProductReference ProductReferenceType="Accessory"><CTN>HX6068/01</CTN><ProductReferenceRank>0</ProductReferenceRank></ProductReference><ProductReference ProductReferenceType="Accessory"><CTN>HX6068/26</CTN><ProductReferenceRank>0</ProductReferenceRank></ProductReference><ProductReference ProductReferenceType="Accessory"><CTN>HX6068/31</CTN><ProductReferenceRank>0</ProductReferenceRank></ProductReference><ProductReference ProductReferenceType="Accessory"><CTN>HX6071/08</CTN><ProductReferenceRank>0</ProductReferenceRank></ProductReference><ProductReference ProductReferenceType="Accessory"><CTN>HX6072/05</CTN><ProductReferenceRank>0</ProductReferenceRank></ProductReference><ProductReference ProductReferenceType="Accessory"><CTN>HX6072/07</CTN><ProductReferenceRank>0</ProductReferenceRank></ProductReference><ProductReference ProductReferenceType="Accessory"><CTN>HX6072/08</CTN><ProductReferenceRank>0</ProductReferenceRank></ProductReference><ProductReference ProductReferenceType="Accessory"><CTN>HX6072/21</CTN><ProductReferenceRank>0</ProductReferenceRank></ProductReference><ProductReference ProductReferenceType="Accessory"><CTN>HX6072/23</CTN><ProductReferenceRank>0</ProductReferenceRank></ProductReference><ProductReference ProductReferenceType="Accessory"><CTN>HX6072/60</CTN><ProductReferenceRank>0</ProductReferenceRank></ProductReference><ProductReference ProductReferenceType="Accessory"><CTN>HX6072/62</CTN><ProductReferenceRank>0</ProductReferenceRank></ProductReference><ProductReference ProductReferenceType="Accessory"><CTN>HX6072/66</CTN><ProductReferenceRank>0</ProductReferenceRank></ProductReference><ProductReference ProductReferenceType="Accessory"><CTN>HX6073/05</CTN><ProductReferenceRank>0</ProductReferenceRank></ProductReference><ProductReference ProductReferenceType="Accessory"><CTN>HX6074/05</CTN><ProductReferenceRank>0</ProductReferenceRank></ProductReference><ProductReference ProductReferenceType="Accessory"><CTN>HX6074/07</CTN><ProductReferenceRank>0</ProductReferenceRank></ProductReference><ProductReference ProductReferenceType="Accessory"><CTN>HX6074/26</CTN><ProductReferenceRank>0</ProductReferenceRank></ProductReference><ProductReference ProductReferenceType="Accessory"><CTN>HX8071/10</CTN><ProductReferenceRank>0</ProductReferenceRank></ProductReference><ProductReference ProductReferenceType="Accessory"><CTN>HX8072/23</CTN><ProductReferenceRank>0</ProductReferenceRank></ProductReference><ProductReference ProductReferenceType="Accessory"><CTN>HX8072/80</CTN><ProductReferenceRank>0</ProductReferenceRank></ProductReference><ProductReference ProductReferenceType="Accessory"><CTN>HX9041/08</CTN><ProductReferenceRank>0</ProductReferenceRank></ProductReference><ProductReference ProductReferenceType="Accessory"><CTN>HX9042/05</CTN><ProductReferenceRank>0</ProductReferenceRank></ProductReference><ProductReference ProductReferenceType="Accessory"><CTN>HX9042/07</CTN><ProductReferenceRank>0</ProductReferenceRank></ProductReference><ProductReference ProductReferenceType="Accessory"><CTN>HX9042/08</CTN><ProductReferenceRank>0</ProductReferenceRank></ProductReference><ProductReference ProductReferenceType="Accessory"><CTN>HX9042/22</CTN><ProductReferenceRank>0</ProductReferenceRank></ProductReference><ProductReference ProductReferenceType="Accessory"><CTN>HX9042/23</CTN><ProductReferenceRank>0</ProductReferenceRank></ProductReference><ProductReference ProductReferenceType="Accessory"><CTN>HX9042/64</CTN><ProductReferenceRank>0</ProductReferenceRank></ProductReference><ProductReference ProductReferenceType="Accessory"><CTN>HX9042/66</CTN><ProductReferenceRank>0</ProductReferenceRank></ProductReference><ProductReference ProductReferenceType="Accessory"><CTN>HX9042/94</CTN><ProductReferenceRank>0</ProductReferenceRank></ProductReference><ProductReference ProductReferenceType="Accessory"><CTN>HX9043/05</CTN><ProductReferenceRank>0</ProductReferenceRank></ProductReference><ProductReference ProductReferenceType="Accessory"><CTN>HX9043/35</CTN><ProductReferenceRank>0</ProductReferenceRank></ProductReference><ProductReference ProductReferenceType="Accessory"><CTN>HX9043/64</CTN><ProductReferenceRank>0</ProductReferenceRank></ProductReference><ProductReference ProductReferenceType="Accessory"><CTN>HX9043/66</CTN><ProductReferenceRank>0</ProductReferenceRank></ProductReference><ProductReference ProductReferenceType="Accessory"><CTN>HX9044/07</CTN><ProductReferenceRank>0</ProductReferenceRank></ProductReference><ProductReference ProductReferenceType="Accessory"><CTN>HX9044/26</CTN><ProductReferenceRank>0</ProductReferenceRank></ProductReference><ProductReference ProductReferenceType="Accessory"><CTN>HX9046/30</CTN><ProductReferenceRank>0</ProductReferenceRank></ProductReference><RichTexts/></Product></Products>