<?xml version="1.0" encoding="UTF-8"?><Products xmlns:source="http://apache.org/cocoon/source/1.0"><Product Brand="PHI" Country="US" Division="CE" EndOfPublication="2119-12-31T00:00:00" IsAccessory="false" IsMaster="false" Locale="en_US" StartOfPublication="2011-11-24T00:00:00" lastModified="2017-10-29T10:21:22" masterLastModified="2016-01-29T00:19:14"><CTN>046677141462</CTN><DTN>046677141462</DTN><Categorization><GroupCode>LIGHTING_GR</GroupCode><GroupName>Lighting</GroupName><CategoryCode>CHOOSE_A_BULB_CA</CategoryCode><CategoryName>Choose a bulb</CategoryName><SubcategoryCode>TUBULAR_BULB_SU</SubcategoryCode><SubcategoryName>Tubular</SubcategoryName></Categorization><ProductImage><ProductImageFTLURL>http://www.p4c.philips.com/cgi-bin/dcbint/get?id=046677141462&amp;doctype=FTP&amp;alt=1</ProductImageFTLURL><ProductImageEBURL>http://www.p4c.philips.com/cgi-bin/dcbint/get?id=046677141462&amp;doctype=BPP&amp;alt=1</ProductImageEBURL></ProductImage><Assets><Asset Description="Leaflet" Type="PSS">http://download.p4c.philips.com/files/0/046677141462/046677141462_pss_aenus.pdf</Asset><Asset Description="Leaflet" Type="PSS">http://download.p4c.philips.com/files/0/046677141462/046677141462_pss_.pdf</Asset><Asset Description="Standard product photograph - highres 2196x1795" Type="RTP">http://images.philips.com/is/image/PhilipsConsumer/046677141462-RTP-global-001</Asset></Assets><FullProductName>Philips Tubular Fluorescent 046677141462 15W T12 Soft White</FullProductName><ProductName>15W T12 Soft White Tubular Fluorescent</ProductName><NamingString><MasterBrand><BrandCode>PHI</BrandCode><BrandName>Philips</BrandName></MasterBrand><BrandString>Philips</BrandString><Descriptor><DescriptorCode>D4027235</DescriptorCode><DescriptorName>Tubular Fluorescent</DescriptorName></Descriptor><Alphanumeric>046677141462</Alphanumeric><VersionElement1><VersionElementCode>V4018040</VersionElementCode><VersionElementName>15W</VersionElementName></VersionElement1><VersionElement2><VersionElementCode>V4017975</VersionElementCode><VersionElementName>T12</VersionElementName></VersionElement2><VersionElement3><VersionElementCode>V4018085</VersionElementCode><VersionElementName>Soft White</VersionElementName></VersionElement3><VersionString>15W T12 Soft White</VersionString><BrandedFeatureString/><DescriptorBrandedFeatureString>Tubular Fluorescent</DescriptorBrandedFeatureString></NamingString><WOW>Energy savings and long life.</WOW><MarketingTextHeader>Philips Linear Fluorescent bulbs offer long life and energy savings in an environmentally responsible light bulb. They come in Soft and Cool white, Natural light and Daylight Deluxe colors to help create the mood you desire in the room.</MarketingTextHeader><MarketingTextBody/><SupraFeature/><KeyBenefitArea><KeyBenefitAreaCode>K4004822</KeyBenefitAreaCode><KeyBenefitAreaName>Light effect</KeyBenefitAreaName><KeyBenefitAreaRank>1</KeyBenefitAreaRank><Feature><FeatureCode>F400036321</FeatureCode><FeatureName>Soft white light</FeatureName><FeatureLongDescription>Provides a comfortable and relaxing environment</FeatureLongDescription><FeatureRank>3</FeatureRank><FeatureTopRank>3</FeatureTopRank></Feature></KeyBenefitArea><KeyBenefitArea><KeyBenefitAreaCode>K4005301</KeyBenefitAreaCode><KeyBenefitAreaName>Long lifespan</KeyBenefitAreaName><KeyBenefitAreaRank>2</KeyBenefitAreaRank><Feature><FeatureCode>F400036410</FeatureCode><FeatureName>Lasts at least 9000 hours</FeatureName><FeatureLongDescription>Lasts at least 9000 hours</FeatureLongDescription><FeatureRank>2</FeatureRank><FeatureTopRank>2</FeatureTopRank></Feature></KeyBenefitArea><KeyBenefitArea><KeyBenefitAreaCode>K4015714</KeyBenefitAreaCode><KeyBenefitAreaName>Use in any room in your home</KeyBenefitAreaName><KeyBenefitAreaRank>3</KeyBenefitAreaRank><Feature><FeatureCode>F400036420</FeatureCode><FeatureName>Ideal for Kitchens and Baths</FeatureName><FeatureLongDescription>Warm white light creates a comfortable, pleasant atmosphere</FeatureLongDescription><FeatureRank>1</FeatureRank><FeatureTopRank>1</FeatureTopRank></Feature></KeyBenefitArea><FeatureImage><FeatureCode>F400036420</FeatureCode><FeatureReferenceName>Ideal for Kitchens and Baths (TL)</FeatureReferenceName><FeatureImageRank>1</FeatureImageRank><FeatureImageURL>http://www.p4c.philips.com/cgi-bin/dcbint/get?id=F400036420&amp;doctype=FIP&amp;alt=1</FeatureImageURL></FeatureImage><FeatureImage><FeatureCode>F400036410</FeatureCode><FeatureReferenceName>Lasts at least 9000 hours</FeatureReferenceName><FeatureImageRank>2</FeatureImageRank><FeatureImageURL>http://www.p4c.philips.com/cgi-bin/dcbint/get?id=F400036410&amp;doctype=FIP&amp;alt=1</FeatureImageURL></FeatureImage><FeatureImage><FeatureCode>F400036321</FeatureCode><FeatureReferenceName>Soft white light</FeatureReferenceName><FeatureImageRank>3</FeatureImageRank><FeatureImageURL>http://www.p4c.philips.com/cgi-bin/dcbint/get?id=F400036321&amp;doctype=FIP&amp;alt=1</FeatureImageURL></FeatureImage><FeatureHighlight><FeatureCode>F400036420</FeatureCode><FeatureHighlightRank>1</FeatureHighlightRank></FeatureHighlight><FeatureHighlight><FeatureCode>F400036410</FeatureCode><FeatureHighlightRank>2</FeatureHighlightRank></FeatureHighlight><FeatureHighlight><FeatureCode>F400036321</FeatureCode><FeatureHighlightRank>3</FeatureHighlightRank></FeatureHighlight><CSChapter><CSChapterCode>3000956</CSChapterCode><CSChapterName>Technical specifications</CSChapterName><CSChapterRank>1</CSChapterRank><CSItem><CSItemCode>4010359</CSItemCode><CSItemName>Lamp holder</CSItemName><CSItemRank>3</CSItemRank><CSValue><CSValueCode>VA4046572</CSValueCode><CSValueName>T12</CSValueName><CSValueRank>11</CSValueRank></CSValue></CSItem><CSItem><CSItemCode>4010363</CSItemCode><CSItemName>Placement</CSItemName><CSItemRank>7</CSItemRank><CSValue><CSValueCode>VA4024154</CSValueCode><CSValueName>Ceiling</CSValueName><CSValueRank>2</CSValueRank></CSValue></CSItem><CSItem><CSItemCode>4013682</CSItemCode><CSItemName>Indoor</CSItemName><CSItemRank>11</CSItemRank><CSValue><CSValueCode>VA4026371</CSValueCode><CSValueName>Yes</CSValueName><CSValueRank>4</CSValueRank></CSValue></CSItem><CSItem><CSItemCode>4010362</CSItemCode><CSItemName>Number of lamps</CSItemName><CSItemRank>12</CSItemRank><CSValue><CSValueCode>VA4024142</CSValueCode><CSValueName>1</CSValueName><CSValueRank>1</CSValueRank></CSValue></CSItem><CSItem><CSItemCode>S_0000107</CSItemCode><CSItemName>Wattage</CSItemName><CSItemRank>13</CSItemRank><CSValue><CSValueCode>VA4007180</CSValueCode><CSValueName>15</CSValueName><CSValueRank>1</CSValueRank></CSValue><UnitOfMeasure><UnitOfMeasureCode>3000072</UnitOfMeasureCode><UnitOfMeasureName>watt</UnitOfMeasureName><UnitOfMeasureSymbol>W</UnitOfMeasureSymbol></UnitOfMeasure></CSItem></CSChapter><Disclaimer><DisclaimerCode>DIS40003098</DisclaimerCode><DisclaimerName>Average life under specified test conditions with lamps turned off and restarted no more frequently than once every 3 operating hours. Lamp life is appreciably longer if lamps are started less frequently.</DisclaimerName></Disclaimer><MarketingVersion>3.0.0</MarketingVersion><MarketingStatus>Final Published</MarketingStatus><GTIN>046677141462</GTIN><Code12NC>927882083000</Code12NC></Product></Products>