<?xml version="1.0" encoding="UTF-8"?><Products xmlns:source="http://apache.org/cocoon/source/1.0"><Product Brand="PHI" Country="US" Division="CE" EndOfPublication="2119-02-04T00:00:00" IsAccessory="false" IsMaster="false" Locale="en_US" StartOfPublication="2013-02-04T00:00:00" lastModified="2017-10-29T10:21:22" masterLastModified="2016-09-17T00:07:13"><CTN>046677417406</CTN><DTN>046677417406</DTN><Categorization><GroupCode>LIGHTING_GR</GroupCode><GroupName>Lighting</GroupName><CategoryCode>CHOOSE_A_BULB_CA</CategoryCode><CategoryName>Choose a bulb</CategoryName><SubcategoryCode>CANDLE_BULB_SU</SubcategoryCode><SubcategoryName>Candle</SubcategoryName></Categorization><ProductImage><ProductImageFTLURL>http://www.p4c.philips.com/cgi-bin/dcbint/get?id=046677417406&amp;doctype=FTP&amp;alt=1</ProductImageFTLURL><ProductImageEBURL>http://www.p4c.philips.com/cgi-bin/dcbint/get?id=046677417406&amp;doctype=BPP&amp;alt=1</ProductImageEBURL></ProductImage><Assets><Asset Description="Leaflet" Type="PSS">http://download.p4c.philips.com/files/0/046677417406/046677417406_pss_aenus.pdf</Asset><Asset Description="Leaflet" Type="PSS">http://download.p4c.philips.com/files/0/046677417406/046677417406_pss_.pdf</Asset><Asset Description="Standard product photograph - highres 2196x1795" Type="RTP">http://images.philips.com/is/image/PhilipsConsumer/046677417406-RTP-global-001</Asset></Assets><FullProductName>Philips Energy Saver Candle 046677417406 9w (40w)* Candelabra base (E12) Soft White</FullProductName><ProductName>9w (40w)* Candelabra base (E12) Soft White Candle</ProductName><NamingString><MasterBrand><BrandCode>PHI</BrandCode><BrandName>Philips</BrandName></MasterBrand><BrandString>Philips</BrandString><Concept><ConceptCode>SB40002552</ConceptCode><ConceptName>Energy Saver</ConceptName><ConceptLogoURL>http://www.p4c.philips.com/cgi-bin/dcbint/get?id=SB40002552&amp;doctype=CLL&amp;alt=1</ConceptLogoURL><ConceptNameUsed>1</ConceptNameUsed><IsFamily>1</IsFamily></Concept><Descriptor><DescriptorCode>D4006689</DescriptorCode><DescriptorName>Candle</DescriptorName></Descriptor><Alphanumeric>046677417406</Alphanumeric><VersionElement1><VersionElementCode>V4028703</VersionElementCode><VersionElementName>9w (40w)*</VersionElementName></VersionElement1><VersionElement2><VersionElementCode>V4029324</VersionElementCode><VersionElementName>Candelabra base (E12)</VersionElementName></VersionElement2><VersionElement3><VersionElementCode>V4018085</VersionElementCode><VersionElementName>Soft White</VersionElementName></VersionElement3><VersionString>9w (40w)* Candelabra base (E12) Soft White</VersionString><BrandedFeatureString/><DescriptorBrandedFeatureString>Candle</DescriptorBrandedFeatureString></NamingString><WOW>Complete a room with efficiency and style</WOW><SubWOW>Set the mood with energy saving decorative light</SubWOW><MarketingTextHeader>Philips 9W EnergySaver Decorative Candle Compact Fluorescent bulb provides soft, energy saving light, long life and reduced operating costs. This 9W watt can replace a standard 40 watt incandescent and can save up to $81 in energy costs*.</MarketingTextHeader><MarketingTextBody/><SupraFeature/><KeyBenefitArea><KeyBenefitAreaCode>K4005761</KeyBenefitAreaCode><KeyBenefitAreaName>Long life</KeyBenefitAreaName><KeyBenefitAreaRank>1</KeyBenefitAreaRank><Feature><FeatureCode>F400056498</FeatureCode><FeatureName>Lasts 7.3 years</FeatureName><FeatureLongDescription>Lasts 7.3 years</FeatureLongDescription><FeatureGlossary>By using this bulb, you can reduce the hassle of frequently replacing your light bulbs. It will last up to 7.3 years based on an average use of 3 hours per day, 7 days per week.</FeatureGlossary><FeatureRank>2</FeatureRank><FeatureTopRank>2</FeatureTopRank></Feature></KeyBenefitArea><KeyBenefitArea><KeyBenefitAreaCode>K4013951</KeyBenefitAreaCode><KeyBenefitAreaName>Energy efficient</KeyBenefitAreaName><KeyBenefitAreaRank>2</KeyBenefitAreaRank><Feature><FeatureCode>F400055027</FeatureCode><FeatureName>Reduces energy costs</FeatureName><FeatureLongDescription>Reduces energy costs</FeatureLongDescription><FeatureGlossary>This bulb saves $27.28 in energy costs when you replace a 40 Watt incandescent A shape with this 9 Watt CFL**.</FeatureGlossary><FeatureRank>1</FeatureRank><FeatureTopRank>1</FeatureTopRank></Feature></KeyBenefitArea><KeyBenefitArea><KeyBenefitAreaCode>K4022798</KeyBenefitAreaCode><KeyBenefitAreaName>Soft white light</KeyBenefitAreaName><KeyBenefitAreaRank>3</KeyBenefitAreaRank><Feature><FeatureCode>F400056502</FeatureCode><FeatureName>Provides a soft light</FeatureName><FeatureLongDescription>Provides a soft, comfortable light</FeatureLongDescription><FeatureGlossary>This compact fluorescent bulb provides a soft white light similar to an incandescent bulb, and creates a warm and relaxing atmosphere.</FeatureGlossary><FeatureRank>3</FeatureRank><FeatureTopRank>3</FeatureTopRank></Feature></KeyBenefitArea><FeatureImage><FeatureCode>F400055027</FeatureCode><FeatureReferenceName>CFLi - Reduces energy costs 9w (40w)**</FeatureReferenceName><FeatureImageRank>1</FeatureImageRank><FeatureImageURL>http://www.p4c.philips.com/cgi-bin/dcbint/get?id=F400055027&amp;doctype=FIP&amp;alt=1</FeatureImageURL></FeatureImage><FeatureImage><FeatureCode>F400056498</FeatureCode><FeatureReferenceName>CFLi - lasts 7.3 years</FeatureReferenceName><FeatureImageRank>2</FeatureImageRank><FeatureImageURL>http://www.p4c.philips.com/cgi-bin/dcbint/get?id=F400056498&amp;doctype=FIP&amp;alt=1</FeatureImageURL></FeatureImage><FeatureImage><FeatureCode>F400056502</FeatureCode><FeatureReferenceName>CFLi - soft white comfortable light</FeatureReferenceName><FeatureImageRank>3</FeatureImageRank><FeatureImageURL>http://www.p4c.philips.com/cgi-bin/dcbint/get?id=F400056502&amp;doctype=FIP&amp;alt=1</FeatureImageURL></FeatureImage><FeatureHighlight><FeatureCode>F400055027</FeatureCode><FeatureHighlightRank>1</FeatureHighlightRank></FeatureHighlight><FeatureHighlight><FeatureCode>F400056498</FeatureCode><FeatureHighlightRank>2</FeatureHighlightRank></FeatureHighlight><FeatureHighlight><FeatureCode>F400056502</FeatureCode><FeatureHighlightRank>3</FeatureHighlightRank></FeatureHighlight><CSChapter><CSChapterCode>CH4006022</CSChapterCode><CSChapterName>Bulb characteristics</CSChapterName><CSChapterRank>1</CSChapterRank><CSItem><CSItemCode>IT4029275</CSItemCode><CSItemName>Shape</CSItemName><CSItemRank>2</CSItemRank><CSValue><CSValueCode>VA4067763</CSValueCode><CSValueName>Candle</CSValueName><CSValueRank>6</CSValueRank></CSValue></CSItem><CSItem><CSItemCode>IT4029276</CSItemCode><CSItemName>Base</CSItemName><CSItemRank>14</CSItemRank><CSValue><CSValueCode>VA4081041</CSValueCode><CSValueName>Candelabra Screw (E12)</CSValueName><CSValueRank>8</CSValueRank></CSValue></CSItem><CSItem><CSItemCode>IT4029278</CSItemCode><CSItemName>Voltage</CSItemName><CSItemRank>17</CSItemRank><CSValue><CSValueCode>VA4067745</CSValueCode><CSValueName>120</CSValueName><CSValueRank>1</CSValueRank></CSValue><UnitOfMeasure><UnitOfMeasureCode>3000071</UnitOfMeasureCode><UnitOfMeasureName>volt</UnitOfMeasureName><UnitOfMeasureSymbol>V</UnitOfMeasureSymbol></UnitOfMeasure></CSItem></CSChapter><CSChapter><CSChapterCode>CH4006021</CSChapterCode><CSChapterName>Bulb dimensions</CSChapterName><CSChapterRank>2</CSChapterRank><CSItem><CSItemCode>IT4029273</CSItemCode><CSItemName>Height</CSItemName><CSItemRank>6</CSItemRank><CSValue><CSValueCode>VA4067743</CSValueCode><CSValueName>6.8</CSValueName><CSValueRank>1</CSValueRank></CSValue><UnitOfMeasure><UnitOfMeasureCode>3000047</UnitOfMeasureCode><UnitOfMeasureName>inch</UnitOfMeasureName><UnitOfMeasureSymbol>inch</UnitOfMeasureSymbol></UnitOfMeasure></CSItem><CSItem><CSItemCode>IT4029274</CSItemCode><CSItemName>Width</CSItemName><CSItemRank>11</CSItemRank><CSValue><CSValueCode>VA4067744</CSValueCode><CSValueName>8.7</CSValueName><CSValueRank>1</CSValueRank></CSValue><UnitOfMeasure><UnitOfMeasureCode>3000047</UnitOfMeasureCode><UnitOfMeasureName>inch</UnitOfMeasureName><UnitOfMeasureSymbol>inch</UnitOfMeasureSymbol></UnitOfMeasure></CSItem></CSChapter><CSChapter><CSChapterCode>CH4005204</CSChapterCode><CSChapterName>Durability</CSChapterName><CSChapterRank>3</CSChapterRank><CSItem><CSItemCode>IT4029164</CSItemCode><CSItemName>Average life (at 2.7 hrs/day)</CSItemName><CSItemRank>5</CSItemRank><CSValue><CSValueCode>VA4067588</CSValueCode><CSValueName>7.3</CSValueName><CSValueRank>1</CSValueRank></CSValue><UnitOfMeasure><UnitOfMeasureCode>4000081</UnitOfMeasureCode><UnitOfMeasureName>Years</UnitOfMeasureName><UnitOfMeasureSymbol>year(s)</UnitOfMeasureSymbol></UnitOfMeasure></CSItem><CSItem><CSItemCode>4026795</CSItemCode><CSItemName>Lifetime of lamps</CSItemName><CSItemRank>9</CSItemRank><CSValue><CSValueCode>VA4063245</CSValueCode><CSValueName>8000</CSValueName><CSValueRank>1</CSValueRank></CSValue><UnitOfMeasure><UnitOfMeasureCode>4000007</UnitOfMeasureCode><UnitOfMeasureName>-Hour</UnitOfMeasureName><UnitOfMeasureSymbol>hour(s)</UnitOfMeasureSymbol></UnitOfMeasure></CSItem></CSChapter><CSChapter><CSChapterCode>CH4005203</CSChapterCode><CSChapterName>Light characteristics</CSChapterName><CSChapterRank>4</CSChapterRank><CSItem><CSItemCode>IT4035884</CSItemCode><CSItemName>Application</CSItemName><CSItemRank>1</CSItemRank><CSValue><CSValueCode>VA4083393</CSValueCode><CSValueName>Sparkling light</CSValueName><CSValueRank>1</CSValueRank></CSValue></CSItem><CSItem><CSItemCode>IT4029170</CSItemCode><CSItemName>Color rendering index (CRI)</CSItemName><CSItemRank>3</CSItemRank><CSValue><CSValueCode>VA4067596</CSValueCode><CSValueName>82</CSValueName><CSValueRank>1</CSValueRank></CSValue></CSItem><CSItem><CSItemCode>IT4029159</CSItemCode><CSItemName>Color temperature</CSItemName><CSItemRank>8</CSItemRank><CSValue><CSValueCode>VA4067572</CSValueCode><CSValueName>2700</CSValueName><CSValueRank>1</CSValueRank></CSValue><UnitOfMeasure><UnitOfMeasureCode>4000041</UnitOfMeasureCode><UnitOfMeasureName>Kelvin</UnitOfMeasureName><UnitOfMeasureSymbol>K</UnitOfMeasureSymbol></UnitOfMeasure></CSItem><CSItem><CSItemCode>IT4026387</CSItemCode><CSItemName>Light output</CSItemName><CSItemRank>15</CSItemRank><CSValue><CSValueCode>VA4062484</CSValueCode><CSValueName>410</CSValueName><CSValueRank>1</CSValueRank></CSValue><UnitOfMeasure><UnitOfMeasureCode>4000123</UnitOfMeasureCode><UnitOfMeasureName>Lumen</UnitOfMeasureName><UnitOfMeasureSymbol>lumen</UnitOfMeasureSymbol></UnitOfMeasure></CSItem></CSChapter><CSChapter><CSChapterCode>CH4005202</CSChapterCode><CSChapterName>Power consumption</CSChapterName><CSChapterRank>5</CSChapterRank><CSItem><CSItemCode>IT4029051</CSItemCode><CSItemName>Wattage</CSItemName><CSItemRank>4</CSItemRank><CSValue><CSValueCode>VA4067442</CSValueCode><CSValueName>9</CSValueName><CSValueRank>1</CSValueRank></CSValue><UnitOfMeasure><UnitOfMeasureCode>3000072</UnitOfMeasureCode><UnitOfMeasureName>watt</UnitOfMeasureName><UnitOfMeasureSymbol>W</UnitOfMeasureSymbol></UnitOfMeasure></CSItem><CSItem><CSItemCode>IT4029052</CSItemCode><CSItemName>Wattage equivalent</CSItemName><CSItemRank>10</CSItemRank><CSValue><CSValueCode>VA4067443</CSValueCode><CSValueName>40</CSValueName><CSValueRank>1</CSValueRank></CSValue><UnitOfMeasure><UnitOfMeasureCode>3000072</UnitOfMeasureCode><UnitOfMeasureName>watt</UnitOfMeasureName><UnitOfMeasureSymbol>W</UnitOfMeasureSymbol></UnitOfMeasure></CSItem><CSItem><CSItemCode>IT4029451</CSItemCode><CSItemName>Energy Star Certified</CSItemName><CSItemRank>12</CSItemRank><CSValue><CSValueCode>VA4067982</CSValueCode><CSValueName>Yes</CSValueName><CSValueRank>3</CSValueRank></CSValue></CSItem></CSChapter><Disclaimer><DisclaimerCode>DIS40005475</DisclaimerCode><DisclaimerName>This 9 watt Energy Saver bulb provides soft white light similar to a 40 watt incandescent bulb.</DisclaimerName></Disclaimer><Disclaimer><DisclaimerCode>DIS40005512</DisclaimerCode><DisclaimerName>* At $0.11kWh, this 9 watt Energy Saver bulb rated at 410 lumens uses $7.92 of electricity over its 8000 hour life. This is a $27.28 savings when compared to the $35.20 required to run a 40 watt incandescent bulb rated 295 lumens over the same period.</DisclaimerName></Disclaimer><MarketingVersion>5.0.1</MarketingVersion><MarketingStatus>Final Published</MarketingStatus><GTIN/><Code12NC>000000000000</Code12NC></Product></Products>