<?xml version="1.0" encoding="UTF-8"?><Products xmlns:source="http://apache.org/cocoon/source/1.0"><Product Brand="PHI" Country="US" Division="CE" EndOfPublication="2119-02-04T00:00:00" IsAccessory="false" IsMaster="false" Locale="en_US" StartOfPublication="2013-02-04T00:00:00" lastModified="2018-07-01T05:21:33" masterLastModified="2018-06-09T00:55:22"><CTN>046677418632</CTN><DTN>046677418632</DTN><Categorization><GroupCode>LIGHTING_GR</GroupCode><GroupName>Lighting</GroupName><CategoryCode>CHOOSE_A_BULB_CA</CategoryCode><CategoryName>Choose a bulb</CategoryName><SubcategoryCode>REFLECTOR_BULB_SU</SubcategoryCode><SubcategoryName>Reflector</SubcategoryName></Categorization><ProductImage><ProductImageFTLURL>http://www.p4c.philips.com/cgi-bin/dcbint/get?id=046677418632&amp;doctype=FTP&amp;alt=1</ProductImageFTLURL><ProductImageEBURL>http://www.p4c.philips.com/cgi-bin/dcbint/get?id=046677418632&amp;doctype=BPP&amp;alt=1</ProductImageEBURL></ProductImage><Assets><Asset Description="Leaflet" Type="PSS">http://download.p4c.philips.com/files/0/046677418632/046677418632_pss_aenus.pdf</Asset><Asset Description="Leaflet" Type="PSS">http://download.p4c.philips.com/files/0/046677418632/046677418632_pss_.pdf</Asset><Asset Description="Standard product photograph - highres 2196x1795" Type="RTP">http://images.philips.com/is/image/PhilipsConsumer/046677418632-RTP-global-001</Asset></Assets><FullProductName>Philips Energy Saver Reflector 046677418632 15w (75w)* Medium base (E26) Soft White</FullProductName><ProductName>15w (75w)* Medium base (E26) Soft White Reflector</ProductName><NamingString><MasterBrand><BrandCode>PHI</BrandCode><BrandName>Philips</BrandName></MasterBrand><BrandString>Philips</BrandString><Concept><ConceptCode>SB40002552</ConceptCode><ConceptName>Energy Saver</ConceptName><ConceptLogoURL>http://www.p4c.philips.com/cgi-bin/dcbint/get?id=SB40002552&amp;doctype=CLL&amp;alt=1</ConceptLogoURL><ConceptNameUsed>1</ConceptNameUsed><IsFamily>1</IsFamily></Concept><Descriptor><DescriptorCode>D4006694</DescriptorCode><DescriptorName>Reflector</DescriptorName></Descriptor><Alphanumeric>046677418632</Alphanumeric><VersionElement1><VersionElementCode>V4029463</VersionElementCode><VersionElementName>15w (75w)*</VersionElementName></VersionElement1><VersionElement2><VersionElementCode>V4029323</VersionElementCode><VersionElementName>Medium base (E26)</VersionElementName></VersionElement2><VersionElement3><VersionElementCode>V4018085</VersionElementCode><VersionElementName>Soft White</VersionElementName></VersionElement3><VersionString>15w (75w)* Medium base (E26) Soft White</VersionString><BrandedFeatureString/><DescriptorBrandedFeatureString>Reflector</DescriptorBrandedFeatureString></NamingString><WOW>Complete a room with efficiency and style</WOW><SubWOW>Ambient light for those hard to reach fixtures</SubWOW><MarketingTextHeader>Philips 15W Compact Fluorescent bulb provides long life and reduced operating costs. Ideal for track lighting, recessed cans and outdoor fixtures, this 15W can replace a standard 75W incandescent and can save up to $52 in energy costs*.</MarketingTextHeader><MarketingTextBody/><SupraFeature/><KeyBenefitArea><KeyBenefitAreaCode>K4005761</KeyBenefitAreaCode><KeyBenefitAreaName>Long life</KeyBenefitAreaName><KeyBenefitAreaRank>1</KeyBenefitAreaRank><Feature><FeatureCode>F400056498</FeatureCode><FeatureName>Lasts 7.3 years</FeatureName><FeatureLongDescription>Lasts 7.3 years</FeatureLongDescription><FeatureGlossary>By using this bulb, you can reduce the hassle of frequently replacing your light bulbs. It will last up to 7.3 years based on an average use of 3 hours per day, 7 days per week.</FeatureGlossary><FeatureRank>1</FeatureRank><FeatureTopRank>1</FeatureTopRank></Feature></KeyBenefitArea><KeyBenefitArea><KeyBenefitAreaCode>K4013951</KeyBenefitAreaCode><KeyBenefitAreaName>Energy efficient</KeyBenefitAreaName><KeyBenefitAreaRank>2</KeyBenefitAreaRank><Feature><FeatureCode>F400056482</FeatureCode><FeatureName>Reduces energy costs</FeatureName><FeatureLongDescription>Reduces energy costs</FeatureLongDescription><FeatureGlossary>This bulb saves up to $52.80 in energy costs when you replace a 75 Watt incandecent with this 15 Watt compact fluorescent light bulb**.</FeatureGlossary><FeatureRank>3</FeatureRank><FeatureTopRank>2</FeatureTopRank></Feature></KeyBenefitArea><KeyBenefitArea><KeyBenefitAreaCode>K4022798</KeyBenefitAreaCode><KeyBenefitAreaName>Soft white light</KeyBenefitAreaName><KeyBenefitAreaRank>3</KeyBenefitAreaRank><Feature><FeatureCode>F400056505</FeatureCode><FeatureName>Provides a soft light</FeatureName><FeatureLongDescription>Provides a soft, comfortable light</FeatureLongDescription><FeatureGlossary>This compact fluorescent flood bulb produces a soft white light similar to an incandescent bulb. It creates a comfortable, relaxing atmosphere for any room in the home.</FeatureGlossary><FeatureRank>2</FeatureRank><FeatureTopRank>3</FeatureTopRank></Feature></KeyBenefitArea><FeatureImage><FeatureCode>F400056498</FeatureCode><FeatureReferenceName>CFLi - lasts 7.3 years</FeatureReferenceName><FeatureImageRank>1</FeatureImageRank><FeatureImageURL>http://www.p4c.philips.com/cgi-bin/dcbint/get?id=F400056498&amp;doctype=FIP&amp;alt=1</FeatureImageURL></FeatureImage><FeatureImage><FeatureCode>F400056482</FeatureCode><FeatureReferenceName>CFLi - reduces energy 15w (75w)**</FeatureReferenceName><FeatureImageRank>2</FeatureImageRank><FeatureImageURL>http://www.p4c.philips.com/cgi-bin/dcbint/get?id=F400056482&amp;doctype=FIP&amp;alt=1</FeatureImageURL></FeatureImage><FeatureImage><FeatureCode>F400056505</FeatureCode><FeatureReferenceName>CFLi - flood soft white light</FeatureReferenceName><FeatureImageRank>3</FeatureImageRank><FeatureImageURL>http://www.p4c.philips.com/cgi-bin/dcbint/get?id=F400056505&amp;doctype=FIP&amp;alt=1</FeatureImageURL></FeatureImage><FeatureHighlight><FeatureCode>F400056498</FeatureCode><FeatureHighlightRank>1</FeatureHighlightRank></FeatureHighlight><FeatureHighlight><FeatureCode>F400056482</FeatureCode><FeatureHighlightRank>2</FeatureHighlightRank></FeatureHighlight><FeatureHighlight><FeatureCode>F400056505</FeatureCode><FeatureHighlightRank>3</FeatureHighlightRank></FeatureHighlight><CSChapter><CSChapterCode>CH4006022</CSChapterCode><CSChapterName>Bulb characteristics</CSChapterName><CSChapterRank>1</CSChapterRank><CSItem><CSItemCode>IT4029275</CSItemCode><CSItemName>Shape</CSItemName><CSItemRank>6</CSItemRank><CSValue><CSValueCode>VA4067770</CSValueCode><CSValueName>Reflector</CSValueName><CSValueRank>10</CSValueRank></CSValue></CSItem><CSItem><CSItemCode>IT4029452</CSItemCode><CSItemName>Lamp shape code</CSItemName><CSItemRank>11</CSItemRank><CSValue><CSValueCode>VA4069723</CSValueCode><CSValueName>R30</CSValueName><CSValueRank>9</CSValueRank></CSValue></CSItem><CSItem><CSItemCode>IT4029276</CSItemCode><CSItemName>Base</CSItemName><CSItemRank>16</CSItemRank><CSValue><CSValueCode>VA4068523</CSValueCode><CSValueName>Medium</CSValueName><CSValueRank>5</CSValueRank></CSValue></CSItem><CSItem><CSItemCode>IT4029278</CSItemCode><CSItemName>Voltage</CSItemName><CSItemRank>17</CSItemRank><CSValue><CSValueCode>VA4067745</CSValueCode><CSValueName>120</CSValueName><CSValueRank>1</CSValueRank></CSValue><UnitOfMeasure><UnitOfMeasureCode>3000071</UnitOfMeasureCode><UnitOfMeasureName>volt</UnitOfMeasureName><UnitOfMeasureSymbol>V</UnitOfMeasureSymbol></UnitOfMeasure></CSItem></CSChapter><CSChapter><CSChapterCode>CH4006021</CSChapterCode><CSChapterName>Bulb dimensions</CSChapterName><CSChapterRank>2</CSChapterRank><CSItem><CSItemCode>IT4029273</CSItemCode><CSItemName>Height</CSItemName><CSItemRank>4</CSItemRank><CSValue><CSValueCode>VA4067743</CSValueCode><CSValueName>8</CSValueName><CSValueRank>1</CSValueRank></CSValue><UnitOfMeasure><UnitOfMeasureCode>3000047</UnitOfMeasureCode><UnitOfMeasureName>inch</UnitOfMeasureName><UnitOfMeasureSymbol>inch</UnitOfMeasureSymbol></UnitOfMeasure></CSItem><CSItem><CSItemCode>IT4029274</CSItemCode><CSItemName>Width</CSItemName><CSItemRank>10</CSItemRank><CSValue><CSValueCode>VA4067744</CSValueCode><CSValueName>6.2</CSValueName><CSValueRank>1</CSValueRank></CSValue><UnitOfMeasure><UnitOfMeasureCode>3000047</UnitOfMeasureCode><UnitOfMeasureName>inch</UnitOfMeasureName><UnitOfMeasureSymbol>inch</UnitOfMeasureSymbol></UnitOfMeasure></CSItem></CSChapter><CSChapter><CSChapterCode>CH4005204</CSChapterCode><CSChapterName>Durability</CSChapterName><CSChapterRank>3</CSChapterRank><CSItem><CSItemCode>IT4029164</CSItemCode><CSItemName>Average life (at 2.7 hrs/day)</CSItemName><CSItemRank>2</CSItemRank><CSValue><CSValueCode>VA4067588</CSValueCode><CSValueName>7.3</CSValueName><CSValueRank>1</CSValueRank></CSValue><UnitOfMeasure><UnitOfMeasureCode>4000081</UnitOfMeasureCode><UnitOfMeasureName>Years</UnitOfMeasureName><UnitOfMeasureSymbol>year(s)</UnitOfMeasureSymbol></UnitOfMeasure></CSItem><CSItem><CSItemCode>4026795</CSItemCode><CSItemName>Lifetime of lamps</CSItemName><CSItemRank>9</CSItemRank><CSValue><CSValueCode>VA4063245</CSValueCode><CSValueName>8000</CSValueName><CSValueRank>1</CSValueRank></CSValue><UnitOfMeasure><UnitOfMeasureCode>4000007</UnitOfMeasureCode><UnitOfMeasureName>-Hour</UnitOfMeasureName><UnitOfMeasureSymbol>hour(s)</UnitOfMeasureSymbol></UnitOfMeasure></CSItem></CSChapter><CSChapter><CSChapterCode>CH4005203</CSChapterCode><CSChapterName>Light characteristics</CSChapterName><CSChapterRank>4</CSChapterRank><CSItem><CSItemCode>IT4029170</CSItemCode><CSItemName>Color rendering index (CRI)</CSItemName><CSItemRank>1</CSItemRank><CSValue><CSValueCode>VA4067596</CSValueCode><CSValueName>82</CSValueName><CSValueRank>1</CSValueRank></CSValue></CSItem><CSItem><CSItemCode>IT4035884</CSItemCode><CSItemName>Application</CSItemName><CSItemRank>1</CSItemRank><CSValue><CSValueCode>VA4083396</CSValueCode><CSValueName>Accent light</CSValueName><CSValueRank>3</CSValueRank></CSValue></CSItem><CSItem><CSItemCode>IT4029159</CSItemCode><CSItemName>Color temperature</CSItemName><CSItemRank>7</CSItemRank><CSValue><CSValueCode>VA4067572</CSValueCode><CSValueName>2700</CSValueName><CSValueRank>1</CSValueRank></CSValue><UnitOfMeasure><UnitOfMeasureCode>4000041</UnitOfMeasureCode><UnitOfMeasureName>Kelvin</UnitOfMeasureName><UnitOfMeasureSymbol>K</UnitOfMeasureSymbol></UnitOfMeasure></CSItem><CSItem><CSItemCode>IT4026387</CSItemCode><CSItemName>Light output</CSItemName><CSItemRank>13</CSItemRank><CSValue><CSValueCode>VA4062484</CSValueCode><CSValueName>750</CSValueName><CSValueRank>1</CSValueRank></CSValue><UnitOfMeasure><UnitOfMeasureCode>4000123</UnitOfMeasureCode><UnitOfMeasureName>Lumen</UnitOfMeasureName><UnitOfMeasureSymbol>lumen</UnitOfMeasureSymbol></UnitOfMeasure></CSItem></CSChapter><CSChapter><CSChapterCode>CH4005202</CSChapterCode><CSChapterName>Power consumption</CSChapterName><CSChapterRank>5</CSChapterRank><CSItem><CSItemCode>IT4029051</CSItemCode><CSItemName>Wattage</CSItemName><CSItemRank>3</CSItemRank><CSValue><CSValueCode>VA4067442</CSValueCode><CSValueName>15</CSValueName><CSValueRank>1</CSValueRank></CSValue><UnitOfMeasure><UnitOfMeasureCode>3000072</UnitOfMeasureCode><UnitOfMeasureName>watt</UnitOfMeasureName><UnitOfMeasureSymbol>W</UnitOfMeasureSymbol></UnitOfMeasure></CSItem><CSItem><CSItemCode>IT4029052</CSItemCode><CSItemName>Wattage equivalent</CSItemName><CSItemRank>8</CSItemRank><CSValue><CSValueCode>VA4067443</CSValueCode><CSValueName>75</CSValueName><CSValueRank>1</CSValueRank></CSValue><UnitOfMeasure><UnitOfMeasureCode>3000072</UnitOfMeasureCode><UnitOfMeasureName>watt</UnitOfMeasureName><UnitOfMeasureSymbol>W</UnitOfMeasureSymbol></UnitOfMeasure></CSItem></CSChapter><Disclaimer><DisclaimerCode>DIS40005490</DisclaimerCode><DisclaimerName>This 15 watt Energy Saver bulb provides soft white light similar to a 75 watt incandescent bulb.</DisclaimerName></Disclaimer><Disclaimer><DisclaimerCode>DIS40005525</DisclaimerCode><DisclaimerName>* At $0.11kWh, this 15 watt Energy Saver bulb rated at 750 lumens uses $13.20 of electricity over its 8000 hour life. This is a $52.80 savings when compared to the $66.00 required to run a 75 watt incandescent bulb rated 750 lumens over the same period.</DisclaimerName></Disclaimer><MarketingVersion>6.1.1</MarketingVersion><MarketingStatus>Final Published</MarketingStatus><GTIN>8712581704544</GTIN><Code12NC>000000000000</Code12NC></Product></Products>