<?xml version="1.0" encoding="UTF-8"?><Products xmlns:source="http://apache.org/cocoon/source/1.0"><Product Brand="PHI" Country="US" Division="CE" EndOfPublication="2099-12-31T00:00:00" IsAccessory="false" IsMaster="false" Locale="en_US" StartOfPublication="2011-11-10T00:00:00" lastModified="2016-02-20T04:18:40" masterLastModified="2011-10-10T16:22:21"><CTN>046677388751</CTN><DTN>046677388751</DTN><Categorization><GroupCode>LIGHTING_GR</GroupCode><GroupName>Lighting</GroupName><CategoryCode>CHOOSE_A_BULB_CA</CategoryCode><CategoryName>Choose a bulb</CategoryName><SubcategoryCode>REFLECTOR_BULB_SU</SubcategoryCode><SubcategoryName>Reflector</SubcategoryName></Categorization><ProductImage><ProductImageFTLURL>http://www.p4c.philips.com/cgi-bin/dcbint/get?id=046677388751&amp;doctype=FTP&amp;alt=1</ProductImageFTLURL><ProductImageEBURL>http://www.p4c.philips.com/cgi-bin/dcbint/get?id=046677388751&amp;doctype=BPP&amp;alt=1</ProductImageEBURL></ProductImage><Assets/><FullProductName>Philips LED lamp 046677388751</FullProductName><ProductName>LED lamp</ProductName><NamingString><MasterBrand><BrandCode>PHI</BrandCode><BrandName>Philips</BrandName></MasterBrand><BrandString>Philips</BrandString><Descriptor><DescriptorCode>D4003672</DescriptorCode><DescriptorName>LED lamp</DescriptorName></Descriptor><Alphanumeric>046677388751</Alphanumeric><VersionString/><BrandedFeatureString/><DescriptorBrandedFeatureString>LED lamp</DescriptorBrandedFeatureString></NamingString><MarketingTextBody/><SupraFeature/><MarketingVersion>1.0.0</MarketingVersion><MarketingStatus>Final Published</MarketingStatus><GTIN>046677388751</GTIN><Code12NC>928601106700</Code12NC></Product></Products>