<?xml version="1.0" encoding="UTF-8"?><Products xmlns:source="http://apache.org/cocoon/source/1.0"><Product Brand="PHI" Country="US" Division="CE" EndOfPublication="2119-12-31T00:00:00" IsAccessory="false" IsMaster="false" Locale="en_US" StartOfPublication="2011-11-24T00:00:00" lastModified="2017-10-30T08:25:07" masterLastModified="2015-09-15T00:20:36"><CTN>046677417086</CTN><DTN>046677417086</DTN><Categorization><GroupCode>LIGHTING_GR</GroupCode><GroupName>Lighting</GroupName><CategoryCode>CHOOSE_A_BULB_CA</CategoryCode><CategoryName>Choose a bulb</CategoryName><SubcategoryCode>SPIRAL_BULB_SU</SubcategoryCode><SubcategoryName>Spiral</SubcategoryName></Categorization><ProductImage><ProductImageFTLURL>http://www.p4c.philips.com/cgi-bin/dcbint/get?id=046677417086&amp;doctype=FTP&amp;alt=1</ProductImageFTLURL><ProductImageEBURL>http://www.p4c.philips.com/cgi-bin/dcbint/get?id=046677417086&amp;doctype=BPP&amp;alt=1</ProductImageEBURL></ProductImage><Assets><Asset Description="Leaflet" Type="PSS">http://download.p4c.philips.com/files/0/046677417086/046677417086_pss_aenus.pdf</Asset><Asset Description="Leaflet" Type="PSS">http://download.p4c.philips.com/files/0/046677417086/046677417086_pss_.pdf</Asset><Asset Description="Standard product photograph - highres 2196x1795" Type="RTP">http://images.philips.com/is/image/PhilipsConsumer/046677417086-RTP-global-001</Asset></Assets><FullProductName>Philips EnergySaver Household 046677417086 18W T2 Twister Soft White</FullProductName><ProductName>18W T2 Twister Soft White Household</ProductName><NamingString><MasterBrand><BrandCode>PHI</BrandCode><BrandName>Philips</BrandName></MasterBrand><BrandString>Philips</BrandString><Concept><ConceptCode>SB40002547</ConceptCode><ConceptName>EnergySaver</ConceptName><ConceptLogoURL>http://www.p4c.philips.com/cgi-bin/dcbint/get?id=SB40002547&amp;doctype=CLL&amp;alt=1</ConceptLogoURL><ConceptNameUsed>1</ConceptNameUsed><IsFamily>1</IsFamily></Concept><Descriptor><DescriptorCode>D4013711</DescriptorCode><DescriptorName>Household</DescriptorName></Descriptor><Alphanumeric>046677417086</Alphanumeric><VersionElement1><VersionElementCode>V4018043</VersionElementCode><VersionElementName>18W</VersionElementName></VersionElement1><VersionElement2><VersionElementCode>V4017976</VersionElementCode><VersionElementName>T2 Twister</VersionElementName></VersionElement2><VersionElement3><VersionElementCode>V4018085</VersionElementCode><VersionElementName>Soft White</VersionElementName></VersionElement3><VersionString>18W T2 Twister Soft White</VersionString><BrandedFeatureString/><DescriptorBrandedFeatureString>Household</DescriptorBrandedFeatureString></NamingString><WOW>Lasts up to 13 times longer than incandescents</WOW><SubWOW>Energy Star qualified</SubWOW><MarketingTextHeader>Philips Energy Saving Compact Fluorescent light bulbs have terrific energy savings and extra long life. They are a direct replacement for incandescent lamps and use up to 70% less energy.</MarketingTextHeader><MarketingTextBody/><SupraFeature/><KeyBenefitArea><KeyBenefitAreaCode>K4013951</KeyBenefitAreaCode><KeyBenefitAreaName>Energy efficient</KeyBenefitAreaName><KeyBenefitAreaRank>1</KeyBenefitAreaRank><Feature><FeatureCode>F400036360</FeatureCode><FeatureName>Replace your current bulb</FeatureName><FeatureLongDescription>Replaces a 75W incandescent light bulb</FeatureLongDescription><FeatureRank>3</FeatureRank><FeatureTopRank>2</FeatureTopRank></Feature></KeyBenefitArea><KeyBenefitArea><KeyBenefitAreaCode>K4004822</KeyBenefitAreaCode><KeyBenefitAreaName>Light effect</KeyBenefitAreaName><KeyBenefitAreaRank>2</KeyBenefitAreaRank><Feature><FeatureCode>F400036320</FeatureCode><FeatureName>Similar to incandescent light</FeatureName><FeatureLongDescription>Provides a soft white light</FeatureLongDescription><FeatureRank>2</FeatureRank><FeatureTopRank>3</FeatureTopRank></Feature></KeyBenefitArea><KeyBenefitArea><KeyBenefitAreaCode>K4015714</KeyBenefitAreaCode><KeyBenefitAreaName>Use in any room in your home</KeyBenefitAreaName><KeyBenefitAreaRank>3</KeyBenefitAreaRank><Feature><FeatureCode>F400036425</FeatureCode><FeatureName>Ideal for general room light</FeatureName><FeatureLongDescription>For use in table lamps, floor lamps and pendant fixtures</FeatureLongDescription><FeatureRank>1</FeatureRank><FeatureTopRank>1</FeatureTopRank></Feature></KeyBenefitArea><FeatureImage><FeatureCode>F400036425</FeatureCode><FeatureReferenceName>Ideal for general room light</FeatureReferenceName><FeatureImageRank>1</FeatureImageRank><FeatureImageURL>http://www.p4c.philips.com/cgi-bin/dcbint/get?id=F400036425&amp;doctype=FIP&amp;alt=1</FeatureImageURL></FeatureImage><FeatureImage><FeatureCode>F400036360</FeatureCode><FeatureReferenceName>Replaces your current bulb (75W incandescent)</FeatureReferenceName><FeatureImageRank>2</FeatureImageRank><FeatureImageURL>http://www.p4c.philips.com/cgi-bin/dcbint/get?id=F400036360&amp;doctype=FIP&amp;alt=1</FeatureImageURL></FeatureImage><FeatureImage><FeatureCode>F400036320</FeatureCode><FeatureReferenceName>Similar to incandescent light</FeatureReferenceName><FeatureImageRank>3</FeatureImageRank><FeatureImageURL>http://www.p4c.philips.com/cgi-bin/dcbint/get?id=F400036320&amp;doctype=FIP&amp;alt=1</FeatureImageURL></FeatureImage><FeatureHighlight><FeatureCode>F400036425</FeatureCode><FeatureHighlightRank>1</FeatureHighlightRank></FeatureHighlight><FeatureHighlight><FeatureCode>F400036360</FeatureCode><FeatureHighlightRank>2</FeatureHighlightRank></FeatureHighlight><FeatureHighlight><FeatureCode>F400036320</FeatureCode><FeatureHighlightRank>3</FeatureHighlightRank></FeatureHighlight><CSChapter><CSChapterCode>3000956</CSChapterCode><CSChapterName>Technical specifications</CSChapterName><CSChapterRank>1</CSChapterRank><CSItem><CSItemCode>4010359</CSItemCode><CSItemName>Lamp holder</CSItemName><CSItemRank>4</CSItemRank><CSValue><CSValueCode>VA4046601</CSValueCode><CSValueName>T2 Twister</CSValueName><CSValueRank>13</CSValueRank></CSValue></CSItem><CSItem><CSItemCode>4010363</CSItemCode><CSItemName>Placement</CSItemName><CSItemRank>8</CSItemRank><CSValue><CSValueCode>VA4046744</CSValueCode><CSValueName>Ceiling fixtures</CSValueName><CSValueRank>7</CSValueRank></CSValue><CSValue><CSValueCode>VA4046759</CSValueCode><CSValueName>Floor lamps</CSValueName><CSValueRank>12</CSValueRank></CSValue><CSValue><CSValueCode>VA4046774</CSValueCode><CSValueName>Pendant fixtures</CSValueName><CSValueRank>14</CSValueRank></CSValue><CSValue><CSValueCode>VA4046793</CSValueCode><CSValueName>Table lamps</CSValueName><CSValueRank>15</CSValueRank></CSValue></CSItem><CSItem><CSItemCode>4013682</CSItemCode><CSItemName>Indoor</CSItemName><CSItemRank>12</CSItemRank><CSValue><CSValueCode>VA4026371</CSValueCode><CSValueName>Yes</CSValueName><CSValueRank>5</CSValueRank></CSValue></CSItem><CSItem><CSItemCode>4010362</CSItemCode><CSItemName>Number of lamps</CSItemName><CSItemRank>13</CSItemRank><CSValue><CSValueCode>VA4024142</CSValueCode><CSValueName>4</CSValueName><CSValueRank>1</CSValueRank></CSValue></CSItem><CSItem><CSItemCode>4010364</CSItemCode><CSItemName>Power supply</CSItemName><CSItemRank>14</CSItemRank><CSValue><CSValueCode>VA4024143</CSValueCode><CSValueName>120</CSValueName><CSValueRank>1</CSValueRank></CSValue><UnitOfMeasure><UnitOfMeasureCode>3000071</UnitOfMeasureCode><UnitOfMeasureName>volt</UnitOfMeasureName><UnitOfMeasureSymbol>V</UnitOfMeasureSymbol></UnitOfMeasure></CSItem><CSItem><CSItemCode>S_0000107</CSItemCode><CSItemName>Wattage</CSItemName><CSItemRank>15</CSItemRank><CSValue><CSValueCode>VA4007180</CSValueCode><CSValueName>18</CSValueName><CSValueRank>1</CSValueRank></CSValue><UnitOfMeasure><UnitOfMeasureCode>3000072</UnitOfMeasureCode><UnitOfMeasureName>watt</UnitOfMeasureName><UnitOfMeasureSymbol>W</UnitOfMeasureSymbol></UnitOfMeasure></CSItem></CSChapter><CSChapter><CSChapterCode>CH4005202</CSChapterCode><CSChapterName>Power consumption</CSChapterName><CSChapterRank>5</CSChapterRank><CSItem><CSItemCode>IT4029451</CSItemCode><CSItemName>Energy Star Certified</CSItemName><CSItemRank>3</CSItemRank><CSValue><CSValueCode>VA4067982</CSValueCode><CSValueName>Yes</CSValueName><CSValueRank>4</CSValueRank></CSValue></CSItem></CSChapter><Disclaimer><DisclaimerCode>DIS40003089</DisclaimerCode><DisclaimerName>This 18W Energy Saver bulb provides soft white light similar to a 75W incandescent bulb.</DisclaimerName></Disclaimer><Disclaimer><DisclaimerCode>DIS40003082</DisclaimerCode><DisclaimerName>ENERGY STAR Bulb: As an ENERGY STAR Partner, Philips has determined that this product meets the ENERGY STAR guidelines for energy efficiency.</DisclaimerName></Disclaimer><MarketingVersion>5.0.0</MarketingVersion><MarketingStatus>Final Published</MarketingStatus><GTIN>046677417086</GTIN><Code12NC>929689988500</Code12NC></Product></Products>