<?xml version="1.0" encoding="UTF-8"?><Products xmlns:source="http://apache.org/cocoon/source/1.0"><Product Brand="PHI" Country="US" Division="CE" EndOfPublication="2119-12-31T00:00:00" IsAccessory="false" IsMaster="false" Locale="en_US" StartOfPublication="2011-11-24T00:00:00" lastModified="2017-10-29T10:21:22" masterLastModified="2016-09-17T23:46:31"><CTN>046677415396</CTN><DTN>046677415396</DTN><Categorization><GroupCode>LIGHTING_GR</GroupCode><GroupName>Lighting</GroupName><CategoryCode>CHOOSE_A_BULB_CA</CategoryCode><CategoryName>Choose a bulb</CategoryName><SubcategoryCode>MINIREFLECTOR_BULB_SU</SubcategoryCode><SubcategoryName>Mini Reflector</SubcategoryName></Categorization><ProductImage><ProductImageFTLURL>http://www.p4c.philips.com/cgi-bin/dcbint/get?id=046677415396&amp;doctype=FTP&amp;alt=1</ProductImageFTLURL><ProductImageEBURL>http://www.p4c.philips.com/cgi-bin/dcbint/get?id=046677415396&amp;doctype=BPP&amp;alt=1</ProductImageEBURL></ProductImage><Assets><Asset Description="Leaflet" Type="PSS">http://download.p4c.philips.com/files/0/046677415396/046677415396_pss_aenus.pdf</Asset><Asset Description="Leaflet" Type="PSS">http://download.p4c.philips.com/files/0/046677415396/046677415396_pss_.pdf</Asset><Asset Description="Standard product photograph - highres 2196x1795" Type="RTP">http://images.philips.com/is/image/PhilipsConsumer/046677415396-RTP-global-001</Asset></Assets><FullProductName>Philips Indoor Spot Light 046677415396 40W R14 Intermediate Base</FullProductName><ProductName>40W R14 Intermediate Base Indoor Spot Light</ProductName><NamingString><MasterBrand><BrandCode>PHI</BrandCode><BrandName>Philips</BrandName></MasterBrand><BrandString>Philips</BrandString><Descriptor><DescriptorCode>D4013715</DescriptorCode><DescriptorName>Indoor Spot Light</DescriptorName></Descriptor><Alphanumeric>046677415396</Alphanumeric><VersionElement1><VersionElementCode>V4007407</VersionElementCode><VersionElementName>40W</VersionElementName></VersionElement1><VersionElement2><VersionElementCode>V4017965</VersionElementCode><VersionElementName>R14</VersionElementName></VersionElement2><VersionElement3><VersionElementCode>V4018001</VersionElementCode><VersionElementName>Intermediate Base</VersionElementName></VersionElement3><VersionString>40W R14 Intermediate Base</VersionString><BrandedFeatureString/><DescriptorBrandedFeatureString>Indoor Spot Light</DescriptorBrandedFeatureString></NamingString><WOW>Light for all of your specialized fixtures</WOW><MarketingTextHeader>Philips Specialty Incandescent and halogen bulbs provide the perfect light for accent and display lighting as well as general lighting in a variety of applications.</MarketingTextHeader><MarketingTextBody/><SupraFeature/><KeyBenefitArea><KeyBenefitAreaCode>K4015916</KeyBenefitAreaCode><KeyBenefitAreaName>Specialty bulb</KeyBenefitAreaName><KeyBenefitAreaRank>1</KeyBenefitAreaRank><Feature><FeatureCode>F400036433</FeatureCode><FeatureName>Compact spot light</FeatureName><FeatureLongDescription>Ideal for cabinet and display lighting</FeatureLongDescription><FeatureRank>1</FeatureRank><FeatureTopRank>1</FeatureTopRank></Feature></KeyBenefitArea><KeyBenefitArea><KeyBenefitAreaCode>K4015915</KeyBenefitAreaCode><KeyBenefitAreaName>Perfect Shape</KeyBenefitAreaName><KeyBenefitAreaRank>2</KeyBenefitAreaRank><Feature><FeatureCode>F400036399</FeatureCode><FeatureName>For indoor spot light fixtures</FeatureName><FeatureLongDescription>Ideal for recessed cans and track light fixtures</FeatureLongDescription><FeatureRank>1</FeatureRank><FeatureTopRank>2</FeatureTopRank></Feature></KeyBenefitArea><FeatureImage><FeatureCode>F400036433</FeatureCode><FeatureReferenceName>Compact spot light</FeatureReferenceName><FeatureImageRank>1</FeatureImageRank><FeatureImageURL>http://www.p4c.philips.com/cgi-bin/dcbint/get?id=F400036433&amp;doctype=FIP&amp;alt=1</FeatureImageURL></FeatureImage><FeatureImage><FeatureCode>F400036399</FeatureCode><FeatureReferenceName>For indoor spot light fixtures</FeatureReferenceName><FeatureImageRank>2</FeatureImageRank><FeatureImageURL>http://www.p4c.philips.com/cgi-bin/dcbint/get?id=F400036399&amp;doctype=FIP&amp;alt=1</FeatureImageURL></FeatureImage><FeatureHighlight><FeatureCode>F400036433</FeatureCode><FeatureHighlightRank>1</FeatureHighlightRank></FeatureHighlight><FeatureHighlight><FeatureCode>F400036399</FeatureCode><FeatureHighlightRank>2</FeatureHighlightRank></FeatureHighlight><CSChapter><CSChapterCode>3000956</CSChapterCode><CSChapterName>Technical specifications</CSChapterName><CSChapterRank>1</CSChapterRank><CSItem><CSItemCode>4013682</CSItemCode><CSItemName>Indoor</CSItemName><CSItemRank>1</CSItemRank><CSValue><CSValueCode>VA4026371</CSValueCode><CSValueName>Yes</CSValueName><CSValueRank>1</CSValueRank></CSValue></CSItem><CSItem><CSItemCode>4010359</CSItemCode><CSItemName>Lamp holder</CSItemName><CSItemRank>2</CSItemRank><CSValue><CSValueCode>VA4046608</CSValueCode><CSValueName>R14</CSValueName><CSValueRank>2</CSValueRank></CSValue></CSItem><CSItem><CSItemCode>4010362</CSItemCode><CSItemName>Number of lamps</CSItemName><CSItemRank>4</CSItemRank><CSValue><CSValueCode>VA4024142</CSValueCode><CSValueName>1</CSValueName><CSValueRank>1</CSValueRank></CSValue></CSItem><CSItem><CSItemCode>4010363</CSItemCode><CSItemName>Placement</CSItemName><CSItemRank>5</CSItemRank><CSValue><CSValueCode>VA4046742</CSValueCode><CSValueName>Cabinets</CSValueName><CSValueRank>5</CSValueRank></CSValue><CSValue><CSValueCode>VA4046750</CSValueCode><CSValueName>Displays</CSValueName><CSValueRank>6</CSValueRank></CSValue><CSValue><CSValueCode>VA4046780</CSValueCode><CSValueName>Recessed cans</CSValueName><CSValueRank>7</CSValueRank></CSValue><CSValue><CSValueCode>VA4046795</CSValueCode><CSValueName>Track light</CSValueName><CSValueRank>8</CSValueRank></CSValue></CSItem><CSItem><CSItemCode>4010364</CSItemCode><CSItemName>Power supply</CSItemName><CSItemRank>6</CSItemRank><CSValue><CSValueCode>VA4024143</CSValueCode><CSValueName>120</CSValueName><CSValueRank>1</CSValueRank></CSValue><UnitOfMeasure><UnitOfMeasureCode>3000071</UnitOfMeasureCode><UnitOfMeasureName>volt</UnitOfMeasureName><UnitOfMeasureSymbol>V</UnitOfMeasureSymbol></UnitOfMeasure></CSItem><CSItem><CSItemCode>S_0000107</CSItemCode><CSItemName>Wattage</CSItemName><CSItemRank>8</CSItemRank><CSValue><CSValueCode>VA4007180</CSValueCode><CSValueName>40</CSValueName><CSValueRank>1</CSValueRank></CSValue><UnitOfMeasure><UnitOfMeasureCode>3000072</UnitOfMeasureCode><UnitOfMeasureName>watt</UnitOfMeasureName><UnitOfMeasureSymbol>W</UnitOfMeasureSymbol></UnitOfMeasure></CSItem></CSChapter><CSChapter><CSChapterCode>CH4005203</CSChapterCode><CSChapterName>Light characteristics</CSChapterName><CSChapterRank>1</CSChapterRank><CSItem><CSItemCode>IT4035884</CSItemCode><CSItemName>Application</CSItemName><CSItemRank>1</CSItemRank><CSValue><CSValueCode>VA4083396</CSValueCode><CSValueName>Accent light</CSValueName><CSValueRank>1</CSValueRank></CSValue></CSItem></CSChapter><MarketingVersion>1.0.0</MarketingVersion><MarketingStatus>Final Published</MarketingStatus><GTIN>046677415396</GTIN><Code12NC>925173136300</Code12NC></Product></Products>