<?xml version="1.0" encoding="UTF-8"?><Products xmlns:source="http://apache.org/cocoon/source/1.0"><Product Brand="PHI" Country="US" Division="CE" EndOfPublication="2044-01-12T00:00:00" IsAccessory="false" IsMaster="false" Locale="en_US" StartOfPublication="2015-01-12T00:00:00" lastModified="2018-07-01T05:21:33" masterLastModified="2018-06-09T00:55:22"><CTN>046677225209</CTN><DTN>046677225209</DTN><Categorization><GroupCode>LIGHTING_GR</GroupCode><GroupName>Lighting</GroupName><CategoryCode>CHOOSE_A_BULB_CA</CategoryCode><CategoryName>Choose a bulb</CategoryName><SubcategoryCode>REFLECTOR_BULB_SU</SubcategoryCode><SubcategoryName>Reflector</SubcategoryName></Categorization><ProductImage><ProductImageFTLURL>http://www.p4c.philips.com/cgi-bin/dcbint/get?id=046677225209&amp;doctype=FTP&amp;alt=1</ProductImageFTLURL><ProductImageEBURL>http://www.p4c.philips.com/cgi-bin/dcbint/get?id=046677225209&amp;doctype=BPP&amp;alt=1</ProductImageEBURL></ProductImage><Assets><Asset Description="Leaflet" Type="PSS">http://download.p4c.philips.com/files/0/046677225209/046677225209_pss_aenus.pdf</Asset><Asset Description="Leaflet" Type="PSS">http://download.p4c.philips.com/files/0/046677225209/046677225209_pss_.pdf</Asset><Asset Description="Standard product photograph - highres 2196x1795" Type="RTP">http://images.philips.com/is/image/PhilipsConsumer/046677225209-RTP-global-001</Asset></Assets><FullProductName>Philips Incandescent Incandescent Reflector Flood 046677225209 65W Medium Base Clear</FullProductName><ProductName>65W Medium Base Clear Incandescent Reflector Flood</ProductName><NamingString><MasterBrand><BrandCode>PHI</BrandCode><BrandName>Philips</BrandName></MasterBrand><BrandString>Philips</BrandString><Concept><ConceptCode>SB40006067</ConceptCode><ConceptName>Incandescent</ConceptName><ConceptLogoURL>http://www.p4c.philips.com/cgi-bin/dcbint/get?id=SB40006067&amp;doctype=CLL&amp;alt=1</ConceptLogoURL><ConceptNameUsed>1</ConceptNameUsed><IsFamily>1</IsFamily></Concept><Descriptor><DescriptorCode>D4026393</DescriptorCode><DescriptorName>Incandescent Reflector Flood</DescriptorName></Descriptor><Alphanumeric>046677225209</Alphanumeric><VersionElement1><VersionElementCode>V4018064</VersionElementCode><VersionElementName>65W</VersionElementName></VersionElement1><VersionElement2><VersionElementCode>V4018004</VersionElementCode><VersionElementName>Medium Base</VersionElementName></VersionElement2><VersionElement3><VersionElementCode>V4001223</VersionElementCode><VersionElementName>Clear</VersionElementName></VersionElement3><VersionString>65W Medium Base Clear</VersionString><BrandedFeatureString/><DescriptorBrandedFeatureString>Incandescent Reflector Flood</DescriptorBrandedFeatureString></NamingString><WOW>Brighten your home with infinite possibilities</WOW><SubWOW>Create an inviting ambiance with recessed light</SubWOW><MarketingTextHeader>Philips 65W standard reflector flood incandescent bulb is ideal for use in indoor recessed lighting. This 65W 130 Volt bulb emits a soft subdued white light, creating an ambient light effect that lasts 1.8 years* &amp; an estimate cost $7.83**</MarketingTextHeader><MarketingTextBody/><SupraFeature/><KeyBenefitArea><KeyBenefitAreaCode>K4011090</KeyBenefitAreaCode><KeyBenefitAreaName>Ambiant light effect</KeyBenefitAreaName><KeyBenefitAreaRank>1</KeyBenefitAreaRank><Feature><FeatureCode>F400073938</FeatureCode><FeatureName>Wide beam of ambient light</FeatureName><FeatureLongDescription>Offers a wide beam of ambient light</FeatureLongDescription><FeatureGlossary>This reflector flood provides a wide beam of light ideal for use in kitchens, hallways and family rooms. It offers a downlight specifically made for recessed ceiling and track fixtures</FeatureGlossary><FeatureRank>3</FeatureRank><FeatureTopRank>3</FeatureTopRank></Feature></KeyBenefitArea><KeyBenefitArea><KeyBenefitAreaCode>K4005766</KeyBenefitAreaCode><KeyBenefitAreaName>Dimmable</KeyBenefitAreaName><KeyBenefitAreaRank>2</KeyBenefitAreaRank><Feature><FeatureCode>F400071792</FeatureCode><FeatureName>Dimmable</FeatureName><FeatureLongDescription>Dimmable</FeatureLongDescription><FeatureGlossary>This bulb can be used with most dimmers to create your desired ambience.</FeatureGlossary><FeatureRank>2</FeatureRank><FeatureTopRank>1</FeatureTopRank></Feature></KeyBenefitArea><KeyBenefitArea><KeyBenefitAreaCode>K4031148</KeyBenefitAreaCode><KeyBenefitAreaName>Instant on</KeyBenefitAreaName><KeyBenefitAreaRank>3</KeyBenefitAreaRank><Feature><FeatureCode>F400052516</FeatureCode><FeatureName>Instant on</FeatureName><FeatureLongDescription>Instant on</FeatureLongDescription><FeatureGlossary>Just by flipping the switch, your room is at full brightness. No slow starting or waiting.</FeatureGlossary><FeatureRank>1</FeatureRank><FeatureTopRank>2</FeatureTopRank></Feature></KeyBenefitArea><FeatureImage><FeatureCode>F400071792</FeatureCode><FeatureReferenceName>Dimmable [Incandescent]</FeatureReferenceName><FeatureImageRank>1</FeatureImageRank><FeatureImageURL>http://www.p4c.philips.com/cgi-bin/dcbint/get?id=F400071792&amp;doctype=FIP&amp;alt=1</FeatureImageURL></FeatureImage><FeatureImage><FeatureCode>F400052516</FeatureCode><FeatureReferenceName>Instant on - US</FeatureReferenceName><FeatureImageRank>2</FeatureImageRank><FeatureImageURL>http://www.p4c.philips.com/cgi-bin/dcbint/get?id=F400052516&amp;doctype=FIP&amp;alt=1</FeatureImageURL></FeatureImage><FeatureImage><FeatureCode>F400073938</FeatureCode><FeatureReferenceName>Offers a wide beam of ambient light</FeatureReferenceName><FeatureImageRank>3</FeatureImageRank><FeatureImageURL>http://www.p4c.philips.com/cgi-bin/dcbint/get?id=F400073938&amp;doctype=FIP&amp;alt=1</FeatureImageURL></FeatureImage><FeatureHighlight><FeatureCode>F400071792</FeatureCode><FeatureHighlightRank>1</FeatureHighlightRank></FeatureHighlight><FeatureHighlight><FeatureCode>F400052516</FeatureCode><FeatureHighlightRank>2</FeatureHighlightRank></FeatureHighlight><FeatureHighlight><FeatureCode>F400073938</FeatureCode><FeatureHighlightRank>3</FeatureHighlightRank></FeatureHighlight><CSChapter><CSChapterCode>CH4006022</CSChapterCode><CSChapterName>Bulb characteristics</CSChapterName><CSChapterRank>2</CSChapterRank><CSItem><CSItemCode>IT4029276</CSItemCode><CSItemName>Base</CSItemName><CSItemRank>5</CSItemRank><CSValue><CSValueCode>VA4090614</CSValueCode><CSValueName>Medium Base</CSValueName><CSValueRank>12</CSValueRank></CSValue></CSItem><CSItem><CSItemCode>IT4029279</CSItemCode><CSItemName>Dimmable</CSItemName><CSItemRank>11</CSItemRank><CSValue><CSValueCode>VA4067747</CSValueCode><CSValueName>No</CSValueName><CSValueRank>1</CSValueRank></CSValue></CSItem><CSItem><CSItemCode>IT4029275</CSItemCode><CSItemName>Shape</CSItemName><CSItemRank>14</CSItemRank><CSValue><CSValueCode>VA4067770</CSValueCode><CSValueName>Reflector</CSValueName><CSValueRank>13</CSValueRank></CSValue></CSItem><CSItem><CSItemCode>IT4029452</CSItemCode><CSItemName>Lamp shape code</CSItemName><CSItemRank>17</CSItemRank><CSValue><CSValueCode>VA4068543</CSValueCode><CSValueName>BR30</CSValueName><CSValueRank>11</CSValueRank></CSValue></CSItem><CSItem><CSItemCode>IT4036606</CSItemCode><CSItemName>Voltage</CSItemName><CSItemRank>22</CSItemRank><CSValue><CSValueCode>VA4090616</CSValueCode><CSValueName>130 V</CSValueName><CSValueRank>8</CSValueRank></CSValue></CSItem></CSChapter><CSChapter><CSChapterCode>CH4006021</CSChapterCode><CSChapterName>Bulb dimensions</CSChapterName><CSChapterRank>3</CSChapterRank><CSItem><CSItemCode>IT4029273</CSItemCode><CSItemName>Height</CSItemName><CSItemRank>3</CSItemRank><CSValue><CSValueCode>VA4067743</CSValueCode><CSValueName>5 3/8</CSValueName><CSValueRank>1</CSValueRank></CSValue><UnitOfMeasure><UnitOfMeasureCode>3000047</UnitOfMeasureCode><UnitOfMeasureName>inch</UnitOfMeasureName><UnitOfMeasureSymbol>inch</UnitOfMeasureSymbol></UnitOfMeasure></CSItem><CSItem><CSItemCode>IT4029274</CSItemCode><CSItemName>Width</CSItemName><CSItemRank>9</CSItemRank><CSValue><CSValueCode>VA4067744</CSValueCode><CSValueName>3.75</CSValueName><CSValueRank>1</CSValueRank></CSValue><UnitOfMeasure><UnitOfMeasureCode>3000047</UnitOfMeasureCode><UnitOfMeasureName>inch</UnitOfMeasureName><UnitOfMeasureSymbol>inch</UnitOfMeasureSymbol></UnitOfMeasure></CSItem></CSChapter><CSChapter><CSChapterCode>CH4005203</CSChapterCode><CSChapterName>Light characteristics</CSChapterName><CSChapterRank>4</CSChapterRank><CSItem><CSItemCode>IT4029170</CSItemCode><CSItemName>Color rendering index (CRI)</CSItemName><CSItemRank>2</CSItemRank><CSValue><CSValueCode>VA4067596</CSValueCode><CSValueName>100</CSValueName><CSValueRank>1</CSValueRank></CSValue></CSItem><CSItem><CSItemCode>IT4029159</CSItemCode><CSItemName>Color temperature</CSItemName><CSItemRank>7</CSItemRank><CSValue><CSValueCode>VA4067572</CSValueCode><CSValueName>2700</CSValueName><CSValueRank>1</CSValueRank></CSValue><UnitOfMeasure><UnitOfMeasureCode>4000041</UnitOfMeasureCode><UnitOfMeasureName>Kelvin</UnitOfMeasureName><UnitOfMeasureSymbol>K</UnitOfMeasureSymbol></UnitOfMeasure></CSItem><CSItem><CSItemCode>IT4026384</CSItemCode><CSItemName>Light effect/finish</CSItemName><CSItemRank>12</CSItemRank><CSValue><CSValueCode>VA4081681</CSValueCode><CSValueName>Soft White</CSValueName><CSValueRank>15</CSValueRank></CSValue></CSItem><CSItem><CSItemCode>IT4026387</CSItemCode><CSItemName>Light output</CSItemName><CSItemRank>16</CSItemRank><CSValue><CSValueCode>VA4062484</CSValueCode><CSValueName>605</CSValueName><CSValueRank>1</CSValueRank></CSValue><UnitOfMeasure><UnitOfMeasureCode>4000123</UnitOfMeasureCode><UnitOfMeasureName>Lumen</UnitOfMeasureName><UnitOfMeasureSymbol>lumen</UnitOfMeasureSymbol></UnitOfMeasure></CSItem><CSItem><CSItemCode>IT4029156</CSItemCode><CSItemName>Beam angle</CSItemName><CSItemRank>21</CSItemRank><CSValue><CSValueCode>VA4067567</CSValueCode><CSValueName>55</CSValueName><CSValueRank>1</CSValueRank></CSValue><UnitOfMeasure><UnitOfMeasureCode>3000042</UnitOfMeasureCode><UnitOfMeasureName>degree</UnitOfMeasureName><UnitOfMeasureSymbol>degree</UnitOfMeasureSymbol></UnitOfMeasure></CSItem><CSItem><CSItemCode>IT4029158</CSItemCode><CSItemName>Color</CSItemName><CSItemRank>24</CSItemRank><CSValue><CSValueCode>VA4090615</CSValueCode><CSValueName>Frost</CSValueName><CSValueRank>3</CSValueRank></CSValue></CSItem><CSItem><CSItemCode>IT4026390</CSItemCode><CSItemName>Starting time</CSItemName><CSItemRank>25</CSItemRank><CSValue><CSValueCode>VA4062495</CSValueCode><CSValueName>0</CSValueName><CSValueRank>4</CSValueRank></CSValue><UnitOfMeasure><UnitOfMeasureCode>3000069</UnitOfMeasureCode><UnitOfMeasureName>second</UnitOfMeasureName><UnitOfMeasureSymbol>s</UnitOfMeasureSymbol></UnitOfMeasure></CSItem><CSItem><CSItemCode>IT4029160</CSItemCode><CSItemName>Warm-up time to 60% light</CSItemName><CSItemRank>26</CSItemRank><CSValue><CSValueCode>VA4067639</CSValueCode><CSValueName>Instant full light</CSValueName><CSValueRank>2</CSValueRank></CSValue></CSItem></CSChapter><CSChapter><CSChapterCode>CH4005202</CSChapterCode><CSChapterName>Power consumption</CSChapterName><CSChapterRank>5</CSChapterRank><CSItem><CSItemCode>IT4029051</CSItemCode><CSItemName>Wattage</CSItemName><CSItemRank>6</CSItemRank><CSValue><CSValueCode>VA4067442</CSValueCode><CSValueName>65</CSValueName><CSValueRank>1</CSValueRank></CSValue><UnitOfMeasure><UnitOfMeasureCode>3000072</UnitOfMeasureCode><UnitOfMeasureName>watt</UnitOfMeasureName><UnitOfMeasureSymbol>W</UnitOfMeasureSymbol></UnitOfMeasure></CSItem><CSItem><CSItemCode>IT4029053</CSItemCode><CSItemName>Power consumption per 1000h</CSItemName><CSItemRank>15</CSItemRank><CSValue><CSValueCode>VA4067444</CSValueCode><CSValueName>7.82925</CSValueName><CSValueRank>1</CSValueRank></CSValue><UnitOfMeasure><UnitOfMeasureCode>4000161</UnitOfMeasureCode><UnitOfMeasureName>kilowatt hour</UnitOfMeasureName><UnitOfMeasureSymbol>kW·h</UnitOfMeasureSymbol></UnitOfMeasure></CSItem></CSChapter><CSChapter><CSChapterCode>CH4005204</CSChapterCode><CSChapterName>Durability</CSChapterName><CSChapterRank>6</CSChapterRank><CSItem><CSItemCode>IT4029164</CSItemCode><CSItemName>Average life (at 2.7 hrs/day)</CSItemName><CSItemRank>1</CSItemRank><CSValue><CSValueCode>VA4067588</CSValueCode><CSValueName>1.8</CSValueName><CSValueRank>1</CSValueRank></CSValue><UnitOfMeasure><UnitOfMeasureCode>4000081</UnitOfMeasureCode><UnitOfMeasureName>Years</UnitOfMeasureName><UnitOfMeasureSymbol>year(s)</UnitOfMeasureSymbol></UnitOfMeasure></CSItem><CSItem><CSItemCode>4026795</CSItemCode><CSItemName>Lifetime of lamps</CSItemName><CSItemRank>8</CSItemRank><CSValue><CSValueCode>VA4063245</CSValueCode><CSValueName>2000</CSValueName><CSValueRank>1</CSValueRank></CSValue><UnitOfMeasure><UnitOfMeasureCode>4000007</UnitOfMeasureCode><UnitOfMeasureName>-Hour</UnitOfMeasureName><UnitOfMeasureSymbol>hour(s)</UnitOfMeasureSymbol></UnitOfMeasure></CSItem></CSChapter><Disclaimer><DisclaimerCode>DIS40008594</DisclaimerCode><DisclaimerName>**Based on 3 hrs/day, 11¢/kWh. Cost depends on rates and use.</DisclaimerName></Disclaimer><Disclaimer><DisclaimerCode>DIS40008599</DisclaimerCode><DisclaimerName>*1.8 years means rated average life based on engineering testing and probability analysis where the bulb is used on average 3 hours/day, 7 days a week.</DisclaimerName></Disclaimer><MarketingVersion>1.0.1</MarketingVersion><MarketingStatus>Final Published</MarketingStatus><GTIN>046677225209</GTIN><Code12NC>920681036112</Code12NC></Product></Products>