<?xml version="1.0" encoding="UTF-8"?><Products xmlns:source="http://apache.org/cocoon/source/1.0"><Product Brand="PHI" Country="US" Division="CE" EndOfPublication="2119-12-31T00:00:00" IsAccessory="false" IsMaster="false" Locale="en_US" StartOfPublication="2011-11-24T00:00:00" lastModified="2017-12-31T05:53:57" masterLastModified="2017-12-08T00:31:08"><CTN>046677135638</CTN><DTN>046677135638</DTN><Categorization><GroupCode>LIGHTING_GR</GroupCode><GroupName>Lighting</GroupName><CategoryCode>CHOOSE_A_BULB_CA</CategoryCode><CategoryName>Choose a bulb</CategoryName><SubcategoryCode>GLOBE_BULB_SU</SubcategoryCode><SubcategoryName>Globe</SubcategoryName></Categorization><ProductImage><ProductImageFTLURL>http://www.p4c.philips.com/cgi-bin/dcbint/get?id=046677135638&amp;doctype=FTP&amp;alt=1</ProductImageFTLURL><ProductImageEBURL>http://www.p4c.philips.com/cgi-bin/dcbint/get?id=046677135638&amp;doctype=BPP&amp;alt=1</ProductImageEBURL></ProductImage><Assets><Asset Description="Leaflet" Type="PSS">http://download.p4c.philips.com/files/0/046677135638/046677135638_pss_aenus.pdf</Asset><Asset Description="Leaflet" Type="PSS">http://download.p4c.philips.com/files/0/046677135638/046677135638_pss_.pdf</Asset><Asset Description="Standard product photograph - highres 2196x1795" Type="RTP">http://images.philips.com/is/image/PhilipsConsumer/046677135638-RTP-global-001</Asset></Assets><FullProductName>Philips Natural Light Globe 046677135638 40W G25 Medium Base</FullProductName><ProductName>40W G25 Medium Base Globe</ProductName><NamingString><MasterBrand><BrandCode>PHI</BrandCode><BrandName>Philips</BrandName></MasterBrand><BrandString>Philips</BrandString><Concept><ConceptCode>SB40002551</ConceptCode><ConceptName>Natural Light</ConceptName><ConceptLogoURL>http://www.p4c.philips.com/cgi-bin/dcbint/get?id=SB40002551&amp;doctype=CLL&amp;alt=1</ConceptLogoURL><ConceptNameUsed>1</ConceptNameUsed><IsFamily>1</IsFamily></Concept><Descriptor><DescriptorCode>D4006691</DescriptorCode><DescriptorName>Globe</DescriptorName></Descriptor><Alphanumeric>046677135638</Alphanumeric><VersionElement1><VersionElementCode>V4007407</VersionElementCode><VersionElementName>40W</VersionElementName></VersionElement1><VersionElement2><VersionElementCode>V4017948</VersionElementCode><VersionElementName>G25</VersionElementName></VersionElement2><VersionElement3><VersionElementCode>V4018004</VersionElementCode><VersionElementName>Medium Base</VersionElementName></VersionElement3><VersionString>40W G25 Medium Base</VersionString><BrandedFeatureString/><DescriptorBrandedFeatureString>Globe</DescriptorBrandedFeatureString></NamingString><WOW>Bring out true colors in your home</WOW><SubWOW>Provides vibrant, natural light</SubWOW><MarketingTextHeader>Natural Light bulbs help you see things the way they should be. Natural Light's distinctive blue coating reduces dull light effects to provide light that is similar to natural daylight.</MarketingTextHeader><MarketingTextBody/><SupraFeature/><KeyBenefitArea><KeyBenefitAreaCode>K4004822</KeyBenefitAreaCode><KeyBenefitAreaName>Light effect</KeyBenefitAreaName><KeyBenefitAreaRank>1</KeyBenefitAreaRank><Feature><FeatureCode>F400036319</FeatureCode><FeatureName>Similar to natural daylight</FeatureName><FeatureLongDescription>Provides a glare-free whiter light</FeatureLongDescription><FeatureRank>2</FeatureRank><FeatureTopRank>3</FeatureTopRank></Feature></KeyBenefitArea><KeyBenefitArea><KeyBenefitAreaCode>K4004662</KeyBenefitAreaCode><KeyBenefitAreaName>Match your interior style</KeyBenefitAreaName><KeyBenefitAreaRank>2</KeyBenefitAreaRank><Feature><FeatureCode>F400036317</FeatureCode><FeatureName>Distictive blue coating</FeatureName><FeatureLongDescription>Reduces dull light effects to bring out true vibrant colors</FeatureLongDescription><FeatureRank>3</FeatureRank><FeatureTopRank>1</FeatureTopRank></Feature></KeyBenefitArea><KeyBenefitArea><KeyBenefitAreaCode>K4015714</KeyBenefitAreaCode><KeyBenefitAreaName>Use in any room in your home</KeyBenefitAreaName><KeyBenefitAreaRank>3</KeyBenefitAreaRank><Feature><FeatureCode>F400036429</FeatureCode><FeatureName>Ideal for Kitchens and Baths</FeatureName><FeatureLongDescription>Ideal for vanity fixtures and hanging pendants</FeatureLongDescription><FeatureRank>1</FeatureRank><FeatureTopRank>2</FeatureTopRank></Feature></KeyBenefitArea><FeatureImage><FeatureCode>F400036317</FeatureCode><FeatureReferenceName>Distictive blue coating</FeatureReferenceName><FeatureImageRank>1</FeatureImageRank><FeatureImageURL>http://www.p4c.philips.com/cgi-bin/dcbint/get?id=F400036317&amp;doctype=FIP&amp;alt=1</FeatureImageURL></FeatureImage><FeatureImage><FeatureCode>F400036429</FeatureCode><FeatureReferenceName>Ideal for Kitchens and Baths (globes)</FeatureReferenceName><FeatureImageRank>2</FeatureImageRank><FeatureImageURL>http://www.p4c.philips.com/cgi-bin/dcbint/get?id=F400036429&amp;doctype=FIP&amp;alt=1</FeatureImageURL></FeatureImage><FeatureImage><FeatureCode>F400036319</FeatureCode><FeatureReferenceName>Similar to natural daylight</FeatureReferenceName><FeatureImageRank>3</FeatureImageRank><FeatureImageURL>http://www.p4c.philips.com/cgi-bin/dcbint/get?id=F400036319&amp;doctype=FIP&amp;alt=1</FeatureImageURL></FeatureImage><FeatureHighlight><FeatureCode>F400036317</FeatureCode><FeatureHighlightRank>1</FeatureHighlightRank></FeatureHighlight><FeatureHighlight><FeatureCode>F400036429</FeatureCode><FeatureHighlightRank>2</FeatureHighlightRank></FeatureHighlight><FeatureHighlight><FeatureCode>F400036319</FeatureCode><FeatureHighlightRank>3</FeatureHighlightRank></FeatureHighlight><CSChapter><CSChapterCode>3000956</CSChapterCode><CSChapterName>Technical specifications</CSChapterName><CSChapterRank>1</CSChapterRank><CSItem><CSItemCode>4010359</CSItemCode><CSItemName>Lamp holder</CSItemName><CSItemRank>2</CSItemRank><CSValue><CSValueCode>VA4046712</CSValueCode><CSValueName>G25</CSValueName><CSValueRank>10</CSValueRank></CSValue></CSItem><CSItem><CSItemCode>4010363</CSItemCode><CSItemName>Placement</CSItemName><CSItemRank>6</CSItemRank><CSValue><CSValueCode>VA4046761</CSValueCode><CSValueName>Hanging pendant</CSValueName><CSValueRank>8</CSValueRank></CSValue><CSValue><CSValueCode>VA4046797</CSValueCode><CSValueName>Vanity</CSValueName><CSValueRank>9</CSValueRank></CSValue></CSItem><CSItem><CSItemCode>4013682</CSItemCode><CSItemName>Indoor</CSItemName><CSItemRank>8</CSItemRank><CSValue><CSValueCode>VA4026371</CSValueCode><CSValueName>Yes</CSValueName><CSValueRank>1</CSValueRank></CSValue></CSItem><CSItem><CSItemCode>4010362</CSItemCode><CSItemName>Number of lamps</CSItemName><CSItemRank>9</CSItemRank><CSValue><CSValueCode>VA4024142</CSValueCode><CSValueName>1</CSValueName><CSValueRank>1</CSValueRank></CSValue></CSItem><CSItem><CSItemCode>4010364</CSItemCode><CSItemName>Power supply</CSItemName><CSItemRank>10</CSItemRank><CSValue><CSValueCode>VA4024143</CSValueCode><CSValueName>120</CSValueName><CSValueRank>1</CSValueRank></CSValue><UnitOfMeasure><UnitOfMeasureCode>3000071</UnitOfMeasureCode><UnitOfMeasureName>volt</UnitOfMeasureName><UnitOfMeasureSymbol>V</UnitOfMeasureSymbol></UnitOfMeasure></CSItem><CSItem><CSItemCode>S_0000107</CSItemCode><CSItemName>Wattage</CSItemName><CSItemRank>11</CSItemRank><CSValue><CSValueCode>VA4007180</CSValueCode><CSValueName>40</CSValueName><CSValueRank>1</CSValueRank></CSValue><UnitOfMeasure><UnitOfMeasureCode>3000072</UnitOfMeasureCode><UnitOfMeasureName>watt</UnitOfMeasureName><UnitOfMeasureSymbol>W</UnitOfMeasureSymbol></UnitOfMeasure></CSItem></CSChapter><CSChapter><CSChapterCode>CH4005203</CSChapterCode><CSChapterName>Light characteristics</CSChapterName><CSChapterRank>3</CSChapterRank><CSItem><CSItemCode>IT4035884</CSItemCode><CSItemName>Application</CSItemName><CSItemRank>7</CSItemRank><CSValue><CSValueCode>VA4083392</CSValueCode><CSValueName>Comfortable light</CSValueName><CSValueRank>5</CSValueRank></CSValue><CSValue><CSValueCode>VA4084399</CSValueCode><CSValueName>Soft light</CSValueName><CSValueRank>6</CSValueRank></CSValue></CSItem></CSChapter><MarketingVersion>2.0.0</MarketingVersion><MarketingStatus>Final Published</MarketingStatus><GTIN>046677135638</GTIN><Code12NC>925172036300</Code12NC></Product></Products>