<?xml version="1.0" encoding="UTF-8"?><Products xmlns:source="http://apache.org/cocoon/source/1.0"><Product Brand="PHI" Country="US" Division="CE" EndOfPublication="2119-12-31T00:00:00" IsAccessory="false" IsMaster="false" Locale="en_US" StartOfPublication="2011-11-24T00:00:00" lastModified="2017-12-16T12:22:35" masterLastModified="2016-09-17T23:46:31"><CTN>046677134099</CTN><DTN>046677134099</DTN><Categorization><GroupCode>LIGHTING_GR</GroupCode><GroupName>Lighting</GroupName><CategoryCode>CHOOSE_A_BULB_CA</CategoryCode><CategoryName>Choose a bulb</CategoryName><SubcategoryCode>MINIREFLECTOR_BULB_SU</SubcategoryCode><SubcategoryName>Mini Reflector</SubcategoryName></Categorization><ProductImage><ProductImageFTLURL>http://www.p4c.philips.com/cgi-bin/dcbint/get?id=046677134099&amp;doctype=FTP&amp;alt=1</ProductImageFTLURL><ProductImageEBURL>http://www.p4c.philips.com/cgi-bin/dcbint/get?id=046677134099&amp;doctype=BPP&amp;alt=1</ProductImageEBURL></ProductImage><Assets><Asset Description="Leaflet" Type="PSS">http://download.p4c.philips.com/files/0/046677134099/046677134099_pss_aenus.pdf</Asset><Asset Description="Leaflet" Type="PSS">http://download.p4c.philips.com/files/0/046677134099/046677134099_pss_.pdf</Asset><Asset Description="Standard product photograph - highres 2196x1795" Type="RTP">http://images.philips.com/is/image/PhilipsConsumer/046677134099-RTP-global-001</Asset></Assets><FullProductName>Philips Halogena Indoor/Outdoor Spot Light 046677134099 75W PAR30L Longneck</FullProductName><ProductName>75W PAR30L Longneck Indoor/Outdoor Spot Light</ProductName><NamingString><MasterBrand><BrandCode>PHI</BrandCode><BrandName>Philips</BrandName></MasterBrand><BrandString>Philips</BrandString><Concept><ConceptCode>SB40002544</ConceptCode><ConceptName>Halogena</ConceptName><ConceptLogoURL>http://www.p4c.philips.com/cgi-bin/dcbint/get?id=SB40002544&amp;doctype=CLL&amp;alt=1</ConceptLogoURL><ConceptNameUsed>1</ConceptNameUsed><IsFamily>1</IsFamily></Concept><Descriptor><DescriptorCode>D4013717</DescriptorCode><DescriptorName>Indoor/Outdoor Spot Light</DescriptorName></Descriptor><Alphanumeric>046677134099</Alphanumeric><VersionElement1><VersionElementCode>V4018069</VersionElementCode><VersionElementName>75W</VersionElementName></VersionElement1><VersionElement2><VersionElementCode>V4017956</VersionElementCode><VersionElementName>PAR30L</VersionElementName></VersionElement2><VersionElement3><VersionElementCode>V4018003</VersionElementCode><VersionElementName>Longneck</VersionElementName></VersionElement3><VersionString>75W PAR30L Longneck</VersionString><BrandedFeatureString/><DescriptorBrandedFeatureString>Indoor/Outdoor Spot Light</DescriptorBrandedFeatureString></NamingString><WOW>Bright white light for indoor and outdoor spaces.</WOW><SubWOW>Long life alternative</SubWOW><MarketingTextHeader>Philips Halogena light bulbs are a great replacement for standard incandescent bulbs. They provide a crisp white light, last for two years and are fully dimmable - so you can easily change the mood of the room.</MarketingTextHeader><MarketingTextBody/><SupraFeature/><KeyBenefitArea><KeyBenefitAreaCode>K4015915</KeyBenefitAreaCode><KeyBenefitAreaName>Perfect Shape</KeyBenefitAreaName><KeyBenefitAreaRank>1</KeyBenefitAreaRank><Feature><FeatureCode>F400036399</FeatureCode><FeatureName>For indoor spot light fixtures</FeatureName><FeatureLongDescription>Ideal for recessed cans and track light fixtures</FeatureLongDescription><FeatureRank>1</FeatureRank><FeatureTopRank>1</FeatureTopRank></Feature><Feature><FeatureCode>F400036402</FeatureCode><FeatureName>Use in outdoor spot fixtures</FeatureName><FeatureLongDescription>Ideal for outdoor security and spot light fixtures</FeatureLongDescription><FeatureRank>2</FeatureRank><FeatureTopRank>2</FeatureTopRank></Feature></KeyBenefitArea><KeyBenefitArea><KeyBenefitAreaCode>K4004822</KeyBenefitAreaCode><KeyBenefitAreaName>Light effect</KeyBenefitAreaName><KeyBenefitAreaRank>2</KeyBenefitAreaRank><Feature><FeatureCode>F400036318</FeatureCode><FeatureName>Superior light quality</FeatureName><FeatureLongDescription>Provides a bright white light</FeatureLongDescription><FeatureRank>1</FeatureRank><FeatureTopRank>3</FeatureTopRank></Feature></KeyBenefitArea><KeyBenefitArea><KeyBenefitAreaCode>K300000390</KeyBenefitAreaCode><KeyBenefitAreaName>Ease of use</KeyBenefitAreaName><KeyBenefitAreaRank>3</KeyBenefitAreaRank><Feature><FeatureCode>F400036313</FeatureCode><FeatureName>Fully Dimmable</FeatureName><FeatureLongDescription>Easily changes the mood of any room</FeatureLongDescription><FeatureRank>1</FeatureRank><FeatureTopRank>4</FeatureTopRank></Feature></KeyBenefitArea><KeyBenefitArea><KeyBenefitAreaCode>K4005301</KeyBenefitAreaCode><KeyBenefitAreaName>Long lifespan</KeyBenefitAreaName><KeyBenefitAreaRank>4</KeyBenefitAreaRank><Feature><FeatureCode>F400036332</FeatureCode><FeatureName>Long Life</FeatureName><FeatureLongDescription>Long Life</FeatureLongDescription><FeatureGlossary>Reduce the hassle of replacing bulbs so often</FeatureGlossary><FeatureRank>1</FeatureRank><FeatureTopRank>5</FeatureTopRank></Feature></KeyBenefitArea><FeatureImage><FeatureCode>F400036399</FeatureCode><FeatureReferenceName>For indoor spot light fixtures</FeatureReferenceName><FeatureImageRank>1</FeatureImageRank><FeatureImageURL>http://www.p4c.philips.com/cgi-bin/dcbint/get?id=F400036399&amp;doctype=FIP&amp;alt=1</FeatureImageURL></FeatureImage><FeatureImage><FeatureCode>F400036402</FeatureCode><FeatureReferenceName>Use in outdoor spot fixtures</FeatureReferenceName><FeatureImageRank>2</FeatureImageRank><FeatureImageURL>http://www.p4c.philips.com/cgi-bin/dcbint/get?id=F400036402&amp;doctype=FIP&amp;alt=1</FeatureImageURL></FeatureImage><FeatureImage><FeatureCode>F400036318</FeatureCode><FeatureReferenceName>Superior light quality</FeatureReferenceName><FeatureImageRank>3</FeatureImageRank><FeatureImageURL>http://www.p4c.philips.com/cgi-bin/dcbint/get?id=F400036318&amp;doctype=FIP&amp;alt=1</FeatureImageURL></FeatureImage><FeatureImage><FeatureCode>F400036313</FeatureCode><FeatureReferenceName>Fully Dimmable</FeatureReferenceName><FeatureImageRank>4</FeatureImageRank><FeatureImageURL>http://www.p4c.philips.com/cgi-bin/dcbint/get?id=F400036313&amp;doctype=FIP&amp;alt=1</FeatureImageURL></FeatureImage><FeatureImage><FeatureCode>F400036332</FeatureCode><FeatureReferenceName>Long Life (Lamps USA)</FeatureReferenceName><FeatureImageRank>5</FeatureImageRank><FeatureImageURL>http://www.p4c.philips.com/cgi-bin/dcbint/get?id=F400036332&amp;doctype=FIP&amp;alt=1</FeatureImageURL></FeatureImage><FeatureHighlight><FeatureCode>F400036399</FeatureCode><FeatureHighlightRank>1</FeatureHighlightRank></FeatureHighlight><FeatureHighlight><FeatureCode>F400036402</FeatureCode><FeatureHighlightRank>2</FeatureHighlightRank></FeatureHighlight><FeatureHighlight><FeatureCode>F400036318</FeatureCode><FeatureHighlightRank>3</FeatureHighlightRank></FeatureHighlight><FeatureHighlight><FeatureCode>F400036313</FeatureCode><FeatureHighlightRank>4</FeatureHighlightRank></FeatureHighlight><FeatureHighlight><FeatureCode>F400036332</FeatureCode><FeatureHighlightRank>5</FeatureHighlightRank></FeatureHighlight><CSChapter><CSChapterCode>3000956</CSChapterCode><CSChapterName>Technical specifications</CSChapterName><CSChapterRank>1</CSChapterRank><CSItem><CSItemCode>4010358</CSItemCode><CSItemName>Dimmable</CSItemName><CSItemRank>1</CSItemRank><CSValue><CSValueCode>VA4024186</CSValueCode><CSValueName>Yes</CSValueName><CSValueRank>1</CSValueRank></CSValue></CSItem><CSItem><CSItemCode>4013682</CSItemCode><CSItemName>Indoor</CSItemName><CSItemRank>2</CSItemRank><CSValue><CSValueCode>VA4026371</CSValueCode><CSValueName>Yes</CSValueName><CSValueRank>2</CSValueRank></CSValue></CSItem><CSItem><CSItemCode>4010359</CSItemCode><CSItemName>Lamp holder</CSItemName><CSItemRank>3</CSItemRank><CSValue><CSValueCode>VA4046571</CSValueCode><CSValueName>PAR30L</CSValueName><CSValueRank>3</CSValueRank></CSValue></CSItem><CSItem><CSItemCode>4010362</CSItemCode><CSItemName>Number of lamps</CSItemName><CSItemRank>5</CSItemRank><CSValue><CSValueCode>VA4024142</CSValueCode><CSValueName>1</CSValueName><CSValueRank>1</CSValueRank></CSValue></CSItem><CSItem><CSItemCode>4013683</CSItemCode><CSItemName>Outdoor</CSItemName><CSItemRank>6</CSItemRank><CSValue><CSValueCode>VA4026389</CSValueCode><CSValueName>Yes</CSValueName><CSValueRank>7</CSValueRank></CSValue></CSItem><CSItem><CSItemCode>4010363</CSItemCode><CSItemName>Placement</CSItemName><CSItemRank>7</CSItemRank><CSValue><CSValueCode>VA4046771</CSValueCode><CSValueName>Outdoor spot light</CSValueName><CSValueRank>8</CSValueRank></CSValue><CSValue><CSValueCode>VA4046780</CSValueCode><CSValueName>Recessed cans</CSValueName><CSValueRank>9</CSValueRank></CSValue><CSValue><CSValueCode>VA4046795</CSValueCode><CSValueName>Track light</CSValueName><CSValueRank>10</CSValueRank></CSValue></CSItem><CSItem><CSItemCode>4010364</CSItemCode><CSItemName>Power supply</CSItemName><CSItemRank>8</CSItemRank><CSValue><CSValueCode>VA4024143</CSValueCode><CSValueName>120</CSValueName><CSValueRank>1</CSValueRank></CSValue><UnitOfMeasure><UnitOfMeasureCode>3000071</UnitOfMeasureCode><UnitOfMeasureName>volt</UnitOfMeasureName><UnitOfMeasureSymbol>V</UnitOfMeasureSymbol></UnitOfMeasure></CSItem><CSItem><CSItemCode>S_0000107</CSItemCode><CSItemName>Wattage</CSItemName><CSItemRank>10</CSItemRank><CSValue><CSValueCode>VA4007180</CSValueCode><CSValueName>75</CSValueName><CSValueRank>1</CSValueRank></CSValue><UnitOfMeasure><UnitOfMeasureCode>3000072</UnitOfMeasureCode><UnitOfMeasureName>watt</UnitOfMeasureName><UnitOfMeasureSymbol>W</UnitOfMeasureSymbol></UnitOfMeasure></CSItem></CSChapter><CSChapter><CSChapterCode>CH4005203</CSChapterCode><CSChapterName>Light characteristics</CSChapterName><CSChapterRank>1</CSChapterRank><CSItem><CSItemCode>IT4035884</CSItemCode><CSItemName>Application</CSItemName><CSItemRank>1</CSItemRank><CSValue><CSValueCode>VA4083396</CSValueCode><CSValueName>Accent light</CSValueName><CSValueRank>1</CSValueRank></CSValue></CSItem></CSChapter><MarketingVersion>1.0.0</MarketingVersion><MarketingStatus>Final Published</MarketingStatus><GTIN>046677134099</GTIN><Code12NC>924757101900</Code12NC></Product></Products>