<?xml version="1.0" encoding="UTF-8"?><Products xmlns:source="http://apache.org/cocoon/source/1.0"><Product Brand="PHI" Country="US" Division="CE" EndOfPublication="2119-12-31T00:00:00" IsAccessory="false" IsMaster="false" Locale="en_US" StartOfPublication="2011-11-24T00:00:00" lastModified="2017-10-31T05:42:08" masterLastModified="2016-09-17T23:46:31"><CTN>046677415440</CTN><DTN>046677415440</DTN><Categorization><GroupCode>LIGHTING_GR</GroupCode><GroupName>Lighting</GroupName><CategoryCode>CHOOSE_A_BULB_CA</CategoryCode><CategoryName>Choose a bulb</CategoryName><SubcategoryCode>SPECIALTY_BULB_SU</SubcategoryCode><SubcategoryName>Specialty</SubcategoryName></Categorization><ProductImage><ProductImageFTLURL>http://www.p4c.philips.com/cgi-bin/dcbint/get?id=046677415440&amp;doctype=FTP&amp;alt=1</ProductImageFTLURL><ProductImageEBURL>http://www.p4c.philips.com/cgi-bin/dcbint/get?id=046677415440&amp;doctype=BPP&amp;alt=1</ProductImageEBURL></ProductImage><Assets><Asset Description="Leaflet" Type="PSS">http://download.p4c.philips.com/files/0/046677415440/046677415440_pss_aenus.pdf</Asset><Asset Description="Leaflet" Type="PSS">http://download.p4c.philips.com/files/0/046677415440/046677415440_pss_.pdf</Asset><Asset Description="Standard product photograph - highres 2196x1795" Type="RTP">http://images.philips.com/is/image/PhilipsConsumer/046677415440-RTP-global-001</Asset></Assets><FullProductName>Philips Night light 046677415440 7.5W S11 Clear Medium Base</FullProductName><ProductName>7.5W S11 Clear Medium Base Night light</ProductName><NamingString><MasterBrand><BrandCode>PHI</BrandCode><BrandName>Philips</BrandName></MasterBrand><BrandString>Philips</BrandString><Descriptor><DescriptorCode>D4013542</DescriptorCode><DescriptorName>Night light</DescriptorName></Descriptor><Alphanumeric>046677415440</Alphanumeric><VersionElement1><VersionElementCode>V4018033</VersionElementCode><VersionElementName>7.5W</VersionElementName></VersionElement1><VersionElement2><VersionElementCode>V4017970</VersionElementCode><VersionElementName>S11</VersionElementName></VersionElement2><VersionElement3><VersionElementCode>V4017991</VersionElementCode><VersionElementName>Clear Medium Base</VersionElementName></VersionElement3><VersionString>7.5W S11 Clear Medium Base</VersionString><BrandedFeatureString/><DescriptorBrandedFeatureString>Night light</DescriptorBrandedFeatureString></NamingString><WOW>Light for all of your specialized fixtures</WOW><MarketingTextHeader>Philips Specialty Incandescent and halogen bulbs provide the perfect light for accent and display lighting as well as general lighting in a variety of applications.</MarketingTextHeader><MarketingTextBody/><SupraFeature/><KeyBenefitArea><KeyBenefitAreaCode>K4015914</KeyBenefitAreaCode><KeyBenefitAreaName>Safety and Security</KeyBenefitAreaName><KeyBenefitAreaRank>1</KeyBenefitAreaRank><Feature><FeatureCode>F400036396</FeatureCode><FeatureName>Provides a gentle light</FeatureName><FeatureLongDescription>Soft light for night time safety, convenience and security</FeatureLongDescription><FeatureRank>1</FeatureRank><FeatureTopRank>1</FeatureTopRank></Feature></KeyBenefitArea><FeatureImage><FeatureCode>F400036396</FeatureCode><FeatureReferenceName>Provides a gentle light</FeatureReferenceName><FeatureImageRank>1</FeatureImageRank><FeatureImageURL>http://www.p4c.philips.com/cgi-bin/dcbint/get?id=F400036396&amp;doctype=FIP&amp;alt=1</FeatureImageURL></FeatureImage><FeatureHighlight><FeatureCode>F400036396</FeatureCode><FeatureHighlightRank>1</FeatureHighlightRank></FeatureHighlight><CSChapter><CSChapterCode>3000956</CSChapterCode><CSChapterName>Technical specifications</CSChapterName><CSChapterRank>1</CSChapterRank><CSItem><CSItemCode>S_0000107</CSItemCode><CSItemName>Wattage</CSItemName><CSItemRank>1</CSItemRank><CSValue><CSValueCode>VA4007180</CSValueCode><CSValueName>7.5</CSValueName><CSValueRank>1</CSValueRank></CSValue><UnitOfMeasure><UnitOfMeasureCode>3000072</UnitOfMeasureCode><UnitOfMeasureName>watt</UnitOfMeasureName><UnitOfMeasureSymbol>W</UnitOfMeasureSymbol></UnitOfMeasure></CSItem><CSItem><CSItemCode>4010359</CSItemCode><CSItemName>Lamp holder</CSItemName><CSItemRank>2</CSItemRank><CSValue><CSValueCode>VA4046607</CSValueCode><CSValueName>S11</CSValueName><CSValueRank>8</CSValueRank></CSValue></CSItem><CSItem><CSItemCode>4010362</CSItemCode><CSItemName>Number of lamps</CSItemName><CSItemRank>5</CSItemRank><CSValue><CSValueCode>VA4024142</CSValueCode><CSValueName>1</CSValueName><CSValueRank>1</CSValueRank></CSValue></CSItem><CSItem><CSItemCode>4010363</CSItemCode><CSItemName>Placement</CSItemName><CSItemRank>6</CSItemRank><CSValue><CSValueCode>VA4046766</CSValueCode><CSValueName>Night light fixture</CSValueName><CSValueRank>7</CSValueRank></CSValue></CSItem><CSItem><CSItemCode>4010364</CSItemCode><CSItemName>Power supply</CSItemName><CSItemRank>7</CSItemRank><CSValue><CSValueCode>VA4024143</CSValueCode><CSValueName>120/130</CSValueName><CSValueRank>1</CSValueRank></CSValue><UnitOfMeasure><UnitOfMeasureCode>3000071</UnitOfMeasureCode><UnitOfMeasureName>volt</UnitOfMeasureName><UnitOfMeasureSymbol>V</UnitOfMeasureSymbol></UnitOfMeasure></CSItem><CSItem><CSItemCode>4013682</CSItemCode><CSItemName>Indoor</CSItemName><CSItemRank>8</CSItemRank><CSValue><CSValueCode>VA4026371</CSValueCode><CSValueName>Yes</CSValueName><CSValueRank>1</CSValueRank></CSValue></CSItem></CSChapter><CSChapter><CSChapterCode>CH4005203</CSChapterCode><CSChapterName>Light characteristics</CSChapterName><CSChapterRank>1</CSChapterRank><CSItem><CSItemCode>IT4035884</CSItemCode><CSItemName>Application</CSItemName><CSItemRank>1</CSItemRank><CSValue><CSValueCode>VA4083395</CSValueCode><CSValueName>Special application</CSValueName><CSValueRank>1</CSValueRank></CSValue></CSItem></CSChapter><MarketingVersion>2.0.0</MarketingVersion><MarketingStatus>Final Published</MarketingStatus><GTIN>046677415440</GTIN><Code12NC>922740034300</Code12NC></Product></Products>