<?xml version="1.0" encoding="UTF-8"?><Products xmlns:source="http://apache.org/cocoon/source/1.0"><Product Brand="PHI" Country="US" Division="CE" EndOfPublication="2099-12-31T00:00:00" IsAccessory="false" IsMaster="false" Locale="en_US" StartOfPublication="2011-11-10T00:00:00" lastModified="2016-02-20T04:18:40" masterLastModified="2011-10-14T15:14:29"><CTN>046677412487</CTN><DTN>046677412487</DTN><Categorization><GroupCode>LIGHTING_GR</GroupCode><GroupName>Lighting</GroupName><CategoryCode>CHOOSE_A_BULB_CA</CategoryCode><CategoryName>Choose a bulb</CategoryName><SubcategoryCode>STANDARD_BULB_SU</SubcategoryCode><SubcategoryName>Bulb</SubcategoryName></Categorization><ProductImage><ProductImageFTLURL>http://www.p4c.philips.com/cgi-bin/dcbint/get?id=046677412487&amp;doctype=FTP&amp;alt=1</ProductImageFTLURL><ProductImageEBURL>http://www.p4c.philips.com/cgi-bin/dcbint/get?id=046677412487&amp;doctype=BPP&amp;alt=1</ProductImageEBURL></ProductImage><Assets><Asset Description="Leaflet" Type="PSS"/></Assets><FullProductName>Philips LED lamp 046677412487</FullProductName><ProductName>LED lamp</ProductName><NamingString><MasterBrand><BrandCode>PHI</BrandCode><BrandName>Philips</BrandName></MasterBrand><BrandString>Philips</BrandString><Descriptor><DescriptorCode>D4003672</DescriptorCode><DescriptorName>LED lamp</DescriptorName></Descriptor><Alphanumeric>046677412487</Alphanumeric><VersionString/><BrandedFeatureString/><DescriptorBrandedFeatureString>LED lamp</DescriptorBrandedFeatureString></NamingString><MarketingTextBody/><SupraFeature/><MarketingVersion>1.0.0</MarketingVersion><MarketingStatus>Final Published</MarketingStatus><GTIN>046677412487</GTIN><Code12NC>927991984000</Code12NC></Product></Products>