<?xml version="1.0" encoding="UTF-8"?><Products xmlns:source="http://apache.org/cocoon/source/1.0" DocStatus="approved" DocTimeStamp="2018-10-31T11:31:02" DocType="PMT" DocVersion="xUCDM_product_external_CQ5_1_1_25"><Product Country="NL" IsAccessory="false" IsLocalized="true" IsMaster="false" Locale="nl_NL" lastModified="2018-10-31T04:39:04" masterLastModified="2018-10-25T00:24:53"><CTN>49PUS7503/12</CTN><Code12NC>867000151808</Code12NC><GTIN>8718863015124</GTIN><MarketingVersion>7.0.1</MarketingVersion><MarketingStatus>Final Published</MarketingStatus><CRDate>2018-03-02</CRDate><CRDateYW>201809</CRDateYW><ModelYears/><ProductDivision><ProductDivisionCode>0200</ProductDivisionCode><ProductDivisionName>Consumer Lifestyle</ProductDivisionName><FormerPDCode>3400</FormerPDCode></ProductDivision><ProductOwner>Albert Lin</ProductOwner><DTN>49PUS7503/12</DTN><Assets><Asset code="49PUS7503_12" description="User manual" extension="pdf" extent="1632600" lastModified="2018-10-31" locale="nl_NL" number="001" type="DFU">http://download.p4c.philips.com/files/4/49pus7503_12/49pus7503_12_dfu_nld.pdf</Asset><Asset code="49PUS7503_12" description="Product Fiche" extension="pdf" extent="114904" lastModified="2018-10-31" locale="nl_NL" number="001" type="PRF">http://download.p4c.philips.com/files/4/49pus7503_12/49pus7503_12_prf_nld.pdf</Asset><Asset code="49PUS7503_12" description="Leaflet" extension="pdf" extent="775503" lastModified="2018-10-31" locale="nl_NL" number="001" type="PSS">http://download.p4c.philips.com/files/4/49pus7503_12/49pus7503_12_pss_nldnl.pdf</Asset><Asset code="49PUS7503_12" description="Quick start guide" extension="pdf" extent="1688213" lastModified="2018-10-31" locale="nl_NL" number="001" type="QSG">http://download.p4c.philips.com/files/4/49pus7503_12/49pus7503_12_qsg_nld.pdf</Asset><Asset code="49PUS7503_12" description="Retail Trade Leaflet" extension="pdf" extent="213959" lastModified="2018-10-31" locale="nl_NL" number="001" type="RTL">http://download.p4c.philips.com/files/4/49pus7503_12/49pus7503_12_rtl_nldnl.pdf</Asset><Asset code="49PUS7503_12" description="Front product photograph - highres 2196x1795" extension="tif" extent="4471350" lastModified="2018-10-31" locale="global" number="001" type="_FP">http://images.philips.com/is/image/PhilipsConsumer/49PUS7503_12-_FP-global-001</Asset><Asset code="49PUS7503_12" description="Connector side drawing - highres 2362x1181" extension="tif" extent="668448" lastModified="2018-10-31" locale="global" number="001" type="COP">http://images.philips.com/is/image/PhilipsConsumer/49PUS7503_12-COP-global-001</Asset><Asset code="49PUS7503_12" description="Product detail 1 - highres 2196x1795" extension="tif" extent="6270150" lastModified="2018-10-31" locale="global" number="001" type="D1P">http://images.philips.com/is/image/PhilipsConsumer/49PUS7503_12-D1P-global-001</Asset><Asset code="49PUS7503_12" description="Product detail photograph - highres 2196x2196" extension="tif" extent="5152958" lastModified="2018-10-31" locale="global" number="001" type="DPP">http://images.philips.com/is/image/PhilipsConsumer/49PUS7503_12-DPP-global-001</Asset><Asset code="49PUS7503_12" description="Energy Label - Rainbow " extension="pdf" extent="78910" lastModified="2018-10-31" locale="global" number="001" type="ELR">http://download.p4c.philips.com/files/4/49pus7503_12/49pus7503_12_elr_.pdf</Asset><Asset code="49PUS7503_12" description="Main in-use photograph - highres 2480x1462" extension="tif" extent="3551196" lastModified="2018-10-31" locale="global" number="001" type="MI1">http://images.philips.com/is/image/PhilipsConsumer/49PUS7503_12-MI1-global-001</Asset><Asset code="49PUS7503_12" description="Product 3D" extension="zip" extent="15426291" lastModified="2018-10-31" locale="global" number="001" type="P3D">http://images.philips.com/is/image/PhilipsConsumer/49PUS7503_12-P3D-global</Asset><Asset code="49PUS7503_12" description="Leaflet" extension="pdf" extent="775267" lastModified="2018-10-31" locale="global" number="001" type="PSS">http://download.p4c.philips.com/files/4/49pus7503_12/49pus7503_12_pss_.pdf</Asset><Asset code="49PUS7503_12" description="Remote control photograph - highres 1772x2953" extension="tif" extent="5696100" lastModified="2018-10-31" locale="global" number="001" type="RCP">http://images.philips.com/is/image/PhilipsConsumer/49PUS7503_12-RCP-global-001</Asset><Asset code="49PUS7503_12" description="Standard product photograph - highres 2196x1795" extension="tif" extent="5642588" lastModified="2018-10-31" locale="global" number="001" type="RTP">http://images.philips.com/is/image/PhilipsConsumer/49PUS7503_12-RTP-global-001</Asset><Asset code="49PUS7503_12" description="Product In Use 1 - highres 2196x1795" extension="tif" extent="4640774" lastModified="2018-10-31" locale="global" number="001" type="U1P">http://images.philips.com/is/image/PhilipsConsumer/49PUS7503_12-U1P-global-001</Asset><Asset code="49PUS7503_12" description="Product In Use 2 - highres 2196x1795" extension="tif" extent="3912978" lastModified="2018-10-31" locale="global" number="001" type="U2P">http://images.philips.com/is/image/PhilipsConsumer/49PUS7503_12-U2P-global-001</Asset><Asset code="49PUS7503_12" description="Product In Use 3 - highres 2196x1795" extension="tif" extent="4329388" lastModified="2018-10-31" locale="global" number="001" type="U3P">http://images.philips.com/is/image/PhilipsConsumer/49PUS7503_12-U3P-global-001</Asset><Asset code="49PUS7503_12" description="Product in use photograph - highres 2196x1795" extension="tif" extent="3928126" lastModified="2018-10-31" locale="global" number="001" type="UPL">http://images.philips.com/is/image/PhilipsConsumer/49PUS7503_12-UPL-global-001</Asset><Asset code="49PUS7503_12" description="Single product shot" extension="" lastModified="2018-10-31" locale="nl_NL" number="" type="IMS">http://images.philips.com/is/image/PhilipsConsumer/49PUS7503_12-IMS-nl_NL</Asset><Asset code="49PUS7503_12" description="Product gallery image set" extension="" lastModified="2018-10-31" locale="nl_NL" number="" type="GAL">http://images.philips.com/is/image/PhilipsConsumer/49PUS7503_12-GAL-nl_NL</Asset><Asset code="49PUS7503_12" description="Product URL" extension="" lastModified="2018-10-31" locale="nl_NL" number="" type="URL">http://www.philips.nl/c-p/49PUS7503_12/7500-series-ultraslanke-4k-uhd-led-android-tv-met-driezijdig-ambilight</Asset><Asset code="EC_EU_7_T3" description="Energy Label" extension="tif" extent="546367" lastModified="2018-10-31" locale="global" number="001" type="ENL">http://images.philips.com/is/image/PhilipsConsumer/EC_EU_7_T3-ENL-global-001</Asset><Asset code="F400076569" description="Feature photograph - highres 2100x1170" extension="tif" extent="2303892" lastModified="2018-10-31" locale="global" number="001" type="FIL">http://images.philips.com/is/image/PhilipsConsumer/F400076569-FIL-global-001</Asset><Asset code="F400076569" description="Feature logo - highres 331x213" extension="tif" extent="56804" lastModified="2018-10-31" locale="global" number="001" type="FLP">http://images.philips.com/is/image/PhilipsConsumer/F400076569-FLP-global-001</Asset><Asset code="F400076576" description="Feature photograph - highres 2100x1170" extension="tif" extent="2998784" lastModified="2018-10-31" locale="global" number="001" type="FIL">http://images.philips.com/is/image/PhilipsConsumer/F400076576-FIL-global-001</Asset><Asset code="F400076576" description="Feature logo - highres 331x213" extension="tif" extent="637116" lastModified="2018-10-31" locale="global" number="001" type="FLP">http://images.philips.com/is/image/PhilipsConsumer/F400076576-FLP-global-001</Asset><Asset code="F400076576" description="Feature movie activation image big - 640 x 360" extension="jpg" extent="171162" lastModified="2018-10-31" locale="global" number="001" type="FMB">http://images.philips.com/is/image/PhilipsConsumer/F400076576-FMB-global-001</Asset><Asset code="F400076576" description="Feature movie (with spoken or written text)" extension="flv" extent="159205264" lastModified="2018-10-31" locale="nl_NL" number="001" type="FML">http://images.philips.com/is/content/PhilipsConsumer/CCR1608180356-FML-global-001</Asset><Asset code="F400076589" description="Feature logo - highres 331x213" extension="tif" extent="87480" lastModified="2018-10-31" locale="global" number="001" type="FLP">http://images.philips.com/is/image/PhilipsConsumer/F400076589-FLP-global-001</Asset><Asset code="F400078749" description="Feature photograph - highres 2100x1170" extension="tif" extent="6525698" lastModified="2018-10-31" locale="global" number="001" type="FIL">http://images.philips.com/is/image/PhilipsConsumer/F400078749-FIL-global-001</Asset><Asset code="F400078749" description="Feature logo - highres 331x213" extension="tif" extent="80404" lastModified="2018-10-31" locale="global" number="001" type="FLP">http://images.philips.com/is/image/PhilipsConsumer/F400078749-FLP-global-001</Asset><Asset code="F400082103" description="Feature logo - highres 331x213" extension="tif" extent="653606" lastModified="2018-10-31" locale="global" number="001" type="FLP">http://images.philips.com/is/image/PhilipsConsumer/F400082103-FLP-global-001</Asset><Asset code="F400084940" description="Feature logo - highres 331x213" extension="tif" extent="590022" lastModified="2018-10-31" locale="global" number="001" type="FLP">http://images.philips.com/is/image/PhilipsConsumer/F400084940-FLP-global-001</Asset><Asset code="F400085243_49PUS7503_12" description="Feature photograph - highres 2100x1170" extension="tif" extent="6525698" lastModified="2018-10-31" locale="global" number="001" type="FIL">http://images.philips.com/is/image/PhilipsConsumer/F400085243_49PUS7503_12-FIL-global-001</Asset><Asset code="F400085243_49PUS7503_12" description="Feature logo - highres 331x213" extension="tif" extent="80404" lastModified="2018-10-31" locale="global" number="001" type="FLP">http://images.philips.com/is/image/PhilipsConsumer/F400085243_49PUS7503_12-FLP-global-001</Asset><Asset code="F400085245" description="Feature logo - highres 331x213" extension="tif" extent="58614" lastModified="2018-10-31" locale="global" number="001" type="FLP">http://images.philips.com/is/image/PhilipsConsumer/F400085245-FLP-global-001</Asset><Asset code="F400085408" description="Feature logo - highres 331x213" extension="tif" extent="175432" lastModified="2018-10-31" locale="global" number="001" type="FLP">http://images.philips.com/is/image/PhilipsConsumer/F400085408-FLP-global-001</Asset><Asset code="F400085586" description="Feature photograph - highres 2100x1170" extension="tif" extent="3812502" lastModified="2018-10-31" locale="global" number="001" type="FIL">http://images.philips.com/is/image/PhilipsConsumer/F400085586-FIL-global-001</Asset><Asset code="F400085586" description="Feature logo - highres 331x213" extension="tif" extent="994406" lastModified="2018-10-31" locale="global" number="001" type="FLP">http://images.philips.com/is/image/PhilipsConsumer/F400085586-FLP-global-001</Asset><Asset code="F400085586" description="Feature movie activation image big - 640 x 360" extension="jpg" extent="191030" lastModified="2018-10-31" locale="global" number="001" type="FMB">http://images.philips.com/is/image/PhilipsConsumer/F400085586-FMB-global-001</Asset><Asset code="F400085586_49PUS7503_12" description="Feature photograph - highres 2100x1170" extension="tif" extent="3812502" lastModified="2018-10-31" locale="global" number="001" type="FIL">http://images.philips.com/is/image/PhilipsConsumer/F400085586_49PUS7503_12-FIL-global-001</Asset><Asset code="F400085586_49PUS7503_12" description="Feature logo - highres 331x213" extension="tif" extent="994406" lastModified="2018-10-31" locale="global" number="001" type="FLP">http://images.philips.com/is/image/PhilipsConsumer/F400085586_49PUS7503_12-FLP-global-001</Asset><Asset code="F400085586_49PUS7503_12" description="Feature movie activation image big - 640 x 360" extension="jpg" extent="191030" lastModified="2018-10-31" locale="global" number="001" type="FMB">http://images.philips.com/is/image/PhilipsConsumer/F400085586_49PUS7503_12-FMB-global-001</Asset><Asset code="F400085602" description="Feature photograph - highres 2100x1170" extension="tif" extent="4942564" lastModified="2018-10-31" locale="global" number="001" type="FIL">http://images.philips.com/is/image/PhilipsConsumer/F400085602-FIL-global-001</Asset><Asset code="F400085602" description="Feature logo - highres 331x213" extension="tif" extent="44102" lastModified="2018-10-31" locale="global" number="001" type="FLP">http://images.philips.com/is/image/PhilipsConsumer/F400085602-FLP-global-001</Asset><Asset code="F400085602" description="Feature movie activation image big - 640 x 360" extension="jpg" extent="227762" lastModified="2018-10-31" locale="global" number="001" type="FMB">http://images.philips.com/is/image/PhilipsConsumer/F400085602-FMB-global-001</Asset><Asset code="F400085602_49PUS7503_12" description="Feature photograph - highres 2100x1170" extension="tif" extent="4942564" lastModified="2018-10-31" locale="global" number="001" type="FIL">http://images.philips.com/is/image/PhilipsConsumer/F400085602_49PUS7503_12-FIL-global-001</Asset><Asset code="F400085602_49PUS7503_12" description="Feature logo - highres 331x213" extension="tif" extent="44102" lastModified="2018-10-31" locale="global" number="001" type="FLP">http://images.philips.com/is/image/PhilipsConsumer/F400085602_49PUS7503_12-FLP-global-001</Asset><Asset code="F400085602_49PUS7503_12" description="Feature movie activation image big - 640 x 360" extension="jpg" extent="227762" lastModified="2018-10-31" locale="global" number="001" type="FMB">http://images.philips.com/is/image/PhilipsConsumer/F400085602_49PUS7503_12-FMB-global-001</Asset><Asset code="F400085602_49PUS7503_12" description="Feature movie (with spoken or written text)" extension="mp4" extent="66970536" lastModified="2018-10-31" locale="nl_NL" number="001" type="FML">http://images.philips.com/is/content/PhilipsConsumer/CCR18041102TK-FML-global-001</Asset><Asset code="F400085607_49PUS7503_12" description="Feature photograph - highres 2100x1170" extension="tif" extent="2091700" lastModified="2018-10-31" locale="global" number="001" type="FIL">http://images.philips.com/is/image/PhilipsConsumer/F400085607_49PUS7503_12-FIL-global-001</Asset><Asset code="F400086570" description="Feature logo - highres 331x213" extension="tif" extent="611628" lastModified="2018-10-31" locale="global" number="001" type="FLP">http://images.philips.com/is/image/PhilipsConsumer/F400086570-FLP-global-001</Asset><Asset code="F400086612" description="Feature logo - highres 331x213" extension="tif" extent="565528" lastModified="2018-10-31" locale="global" number="001" type="FLP">http://images.philips.com/is/image/PhilipsConsumer/F400086612-FLP-global-001</Asset><Asset code="PHI" description="Brand logo - highres 1476x886" extension="tif" extent="641666" lastModified="2018-10-31" locale="global" number="001" type="BRP">http://images.philips.com/is/image/PhilipsConsumer/PHI-BRP-global-001</Asset></Assets><ProductName>Ultraslanke 4K UHD LED Android TV</ProductName><NamingString><MasterBrand><BrandCode>PHI</BrandCode><BrandName>Philips</BrandName></MasterBrand><BrandString>Philips</BrandString><Concept><ConceptCode>SB40009385</ConceptCode><ConceptName>7500 series</ConceptName><ConceptNameUsed>1</ConceptNameUsed></Concept><Descriptor><DescriptorCode>D4030715</DescriptorCode><DescriptorName>Ultraslanke 4K UHD LED Android TV</DescriptorName></Descriptor><Alphanumeric>49PUS7503</Alphanumeric><VersionElement1><VersionElementCode>V4046335</VersionElementCode><VersionElementName>123 cm (49") Ambilight TV</VersionElementName></VersionElement1><VersionElement2><VersionElementCode>V4046028</VersionElementCode><VersionElementName>1700 Picture Performance Index</VersionElementName></VersionElement2><VersionElement3><VersionElementCode>V4046021</VersionElementCode><VersionElementName>HDR Plus</VersionElementName></VersionElement3><VersionElement4><VersionElementCode>V4046024</VersionElementCode><VersionElementName>P5 Perfect Picture Engine</VersionElementName></VersionElement4><VersionString>123 cm (49") Ambilight TV, 1700 Picture Performance Index, HDR Plus P5 Perfect Picture Engine</VersionString><BrandedFeatureCode1>F400085586_49PUS7503_12</BrandedFeatureCode1><BrandedFeatureString>met driezijdig Ambilight</BrandedFeatureString><DescriptorBrandedFeatureString>Ultraslanke 4K UHD LED Android TV met driezijdig Ambilight</DescriptorBrandedFeatureString></NamingString><WOW>Ultraslanke 4K UHD LED Android TV</WOW><SubWOW>met driezijdig Ambilight</SubWOW><MarketingTextHeader>Dankzij de zichtbare voorluidsprekers en Ambilight-technologie tilt de Philips 7500 uw TV-ervaring naar een nieuw niveau. Stream vanaf meerdere bronnen met Android TV en de ingebouwde Chromecastoplossing.</MarketingTextHeader><KeyBenefitArea><KeyBenefitAreaCode>K4030253</KeyBenefitAreaCode><KeyBenefitAreaName>Uitzonderlijk oog voor detail</KeyBenefitAreaName><KeyBenefitAreaRank>1</KeyBenefitAreaRank><Feature><FeatureCode>F400081557</FeatureCode><FeatureReferenceName>Metallic silver open frame stand</FeatureReferenceName><FeatureName>Metallic zilveren standaard</FeatureName><FeatureLongDescription>Metallic zilveren, open standaard in zwevend design</FeatureLongDescription><FeatureGlossary>Ongelofelijk design dankzij onze nieuwe metallic zilveren open standaard die lijkt te zweven. Dit wordt mogelijk gemaakt door precies gesneden, ultrasterk hoogwaardig staal voor een futuristische uitstraling.</FeatureGlossary><FeatureRank>2</FeatureRank><FeatureTopRank>1</FeatureTopRank></Feature><Feature><FeatureCode>F400085586_49PUS7503_12</FeatureCode><FeatureReferenceName>Ambilight 3-sided EU</FeatureReferenceName><FeatureName>Driezijdig Ambilight</FeatureName><FeatureLongDescription>Ambilight. De emotie spat van het scherm af.</FeatureLongDescription><FeatureGlossary>Met Philips Ambilight krijgen films en games extra diepte. Uw muziek krijgt een eigen lichtshow. En het scherm voelt groter dan het is. De intelligente LED's aan de randen van de TV schijnen de kleuren op het scherm in realtime naar de muren en de rest van de kamer. U krijgt perfect afgestemde sfeerverlichting en dus een extra reden om van uw TV te houden.</FeatureGlossary><FeatureRank>1</FeatureRank><FeatureTopRank>2</FeatureTopRank></Feature></KeyBenefitArea><KeyBenefitArea><KeyBenefitAreaCode>K4030248</KeyBenefitAreaCode><KeyBenefitAreaName>Passie voor beeldkwaliteit</KeyBenefitAreaName><KeyBenefitAreaRank>2</KeyBenefitAreaRank><Feature><FeatureCode>F400085602_49PUS7503_12</FeatureCode><FeatureReferenceName>P5 Processing Engine EU</FeatureReferenceName><FeatureName>P5 Perfect Picture Engine</FeatureName><FeatureLongDescription>Philips P5-engine. Altijd perfect, ongeacht de bron.</FeatureLongDescription><FeatureGlossary>De Philips P5 Perfect Picture Engine zorgt voor een beeld dat net zo fantastisch is als wat u graag kijkt. Details hebben meer diepte. Kleuren zijn levendig en huidtinten zien er natuurlijk uit. Contrast is zo helder dat u elk detail haast kun voelen. En bewegingen zijn zo vloeiend dat u de bal nooit uit het oog verliest, ongeacht hoe snel er wordt gespeeld.</FeatureGlossary><FeatureRank>2</FeatureRank><FeatureTopRank>3</FeatureTopRank></Feature><Feature><FeatureCode>F400085245</FeatureCode><FeatureReferenceName>4K Ultra HD (2018)</FeatureReferenceName><FeatureName>4K Ultra HD</FeatureName><FeatureLongDescription>4K Ultra HD is ongeëvenaard</FeatureLongDescription><FeatureGlossary>Met Ultra HD geniet u van vier keer de resolutie van gewoon Full HD dankzij meer dan acht miljoen pixels en onze unieke Ultra Resolution Upscaling-technologie. Geniet van beter en scherper beeld met meer diepte, contrast, natuurlijke bewegingen en levendige details, ongeacht de originele content.</FeatureGlossary><FeatureRank>1</FeatureRank><FeatureTopRank>4</FeatureTopRank></Feature><Feature><FeatureCode>F400085243_49PUS7503_12</FeatureCode><FeatureReferenceName>HDR Plus (2018)</FeatureReferenceName><FeatureName>HDR Plus</FeatureName><FeatureLongDescription>Ervaar beter contrast, betere kleurprestaties en scherpte met HDR Plus</FeatureLongDescription><FeatureGlossary>High Dynamic Range Plus biedt een nieuwe standaard voor home entertainment. De geavanceerde beeldverwerkingskracht prikkelt al uw zintuigen. Ervaar content precies zoals deze bedoeld is. Geniet als nooit tevoren van meer helderheid, contrast, kleuren en details.</FeatureGlossary><FeatureRank>3</FeatureRank><FeatureTopRank>5</FeatureTopRank></Feature><Feature><FeatureCode>F400076569</FeatureCode><FeatureReferenceName>Micro Dimming Pro (2016)</FeatureReferenceName><FeatureName>Micro Dimming Pro</FeatureName><FeatureLongDescription>Micro Dimming Pro voor ongelooflijk contrast</FeatureLongDescription><FeatureGlossary>Micro Dimming Pro optimaliseert het contrast op uw TV op basis van de lichtomstandigheden in uw kamer. Dankzij de combinatie met de speciale software die het beeld in 6400 verschillende zones analyseert, kunt u genieten van ongelooflijk contrast en beeldkwaliteit voor een levensechte visuele beleving, zowel overdag als 's avonds.</FeatureGlossary><FeatureRank>4</FeatureRank><FeatureTopRank>6</FeatureTopRank></Feature></KeyBenefitArea><KeyBenefitArea><KeyBenefitAreaCode>K4030254</KeyBenefitAreaCode><KeyBenefitAreaName>Met Android kan uw TV dit allemaal</KeyBenefitAreaName><KeyBenefitAreaRank>3</KeyBenefitAreaRank><Feature><FeatureCode>F400085607_49PUS7503_12</FeatureCode><FeatureReferenceName>Google Play + Philips TV/STA gallery + 16GB memory EU</FeatureReferenceName><FeatureName>TV-inhoud</FeatureName><FeatureLongDescription>Google Play Store en de Philips App Gallery. Nog meer voordelen.</FeatureLongDescription><FeatureGlossary>Breid het gewone aanbod TV-programma's uit met Google Play Store en Philips App Gallery. Geniet eindeloos van films, TV, muziek, apps en games online. Nog meer voordelen.</FeatureGlossary><FeatureRank>1</FeatureRank><FeatureTopRank>7</FeatureTopRank></Feature><Feature><FeatureCode>F400085630</FeatureCode><FeatureReferenceName>Quad Core + Android EU</FeatureReferenceName><FeatureName>Quad Core + Android</FeatureName><FeatureLongDescription>Quad Core-processor en Android. Ontketen uw content.</FeatureLongDescription><FeatureGlossary>De Philips Quad Core-processor complementeert de kracht van Android voor een spannende game-ervaring. En met Android op uw TV kunt u supersnel, super-intuïtief en met superveel plezier navigeren, apps starten en video's afspelen.</FeatureGlossary><FeatureRank>2</FeatureRank><FeatureTopRank>8</FeatureTopRank></Feature></KeyBenefitArea><KeyBenefitArea><KeyBenefitAreaCode>K4034175</KeyBenefitAreaCode><KeyBenefitAreaName>Geluid zag er nog nooit zo goed uit</KeyBenefitAreaName><KeyBenefitAreaRank>4</KeyBenefitAreaRank><Feature><FeatureCode>F400076589</FeatureCode><FeatureReferenceName>Visible sound articulation (2016)</FeatureReferenceName><FeatureName>Visible sound</FeatureName><FeatureLongDescription>Visible sound toont u de schoonheid van geluid</FeatureLongDescription><FeatureGlossary>Geluid vormgegeven in een slank ontwerp. Geniet van ongelooflijke hoge tonen en levensechte middentonen uit een grote hoeveelheid microdrivers in een gestroomlijnde luidsprekerbalk. U kunt elk gefluister, elke stap en het kraken van de vloer horen, dus u kunt zich voorstellen hoe krachtig en helder elke crash, knal en explosie zal klinken. En de bas komt volledig tot zijn recht met strategisch geplaatste achterluidsprekers voor diepe, rijke tonen. Het geluid van deze TV is net zo mooi als het uiterlijk.</FeatureGlossary><FeatureRank>1</FeatureRank><FeatureTopRank>9</FeatureTopRank></Feature><Feature><FeatureCode>F400084940</FeatureCode><FeatureReferenceName>DTS HD Premium Sound (2018)</FeatureReferenceName><FeatureName>DTS-HD eersteklas geluid</FeatureName><FeatureLongDescription>Hoor elk detail met DTS-HD eersteklas geluid</FeatureLongDescription><FeatureGlossary>De DTS-HD Premium-suite levert hoogwaardige audioverwerking voor een beter geluid uit uw luidsprekers. De zuiverheid van de oorspronkelijke content wordt behouden, waardoor u kunt genieten van diepe bastonen en kristalheldere dialogen, zonder schommelingen, kraken of vervorming.</FeatureGlossary><FeatureRank>2</FeatureRank><FeatureTopRank>10</FeatureTopRank></Feature></KeyBenefitArea><FeatureLogo><FeatureCode>F400085586_49PUS7503_12</FeatureCode><FeatureReferenceName>Ambilight 3-sided EU</FeatureReferenceName><FeatureLogoRank>1</FeatureLogoRank></FeatureLogo><FeatureLogo><FeatureCode>F400076576</FeatureCode><FeatureReferenceName>4K Ultra HD (2016)</FeatureReferenceName><FeatureLogoRank>4</FeatureLogoRank></FeatureLogo><FeatureLogo><FeatureCode>F400085602_49PUS7503_12</FeatureCode><FeatureReferenceName>P5 Processing Engine EU</FeatureReferenceName><FeatureLogoRank>5</FeatureLogoRank></FeatureLogo><FeatureLogo><FeatureCode>F400078749</FeatureCode><FeatureReferenceName>HDR Plus (2016)</FeatureReferenceName><FeatureLogoRank>6</FeatureLogoRank></FeatureLogo><FeatureLogo><FeatureCode>F400085408</FeatureCode><FeatureReferenceName>1700 PPI</FeatureReferenceName><FeatureLogoRank>7</FeatureLogoRank></FeatureLogo><FeatureLogo><FeatureCode>F400082103</FeatureCode><FeatureReferenceName>Android TV (2017)</FeatureReferenceName><FeatureLogoRank>8</FeatureLogoRank></FeatureLogo><FeatureLogo><FeatureCode>F400086612</FeatureCode><FeatureReferenceName>Dolby Audio (2018)</FeatureReferenceName><FeatureLogoRank>9</FeatureLogoRank></FeatureLogo><FeatureLogo><FeatureCode>F400086570</FeatureCode><FeatureReferenceName>25W RMS Sound (2018)</FeatureReferenceName><FeatureLogoRank>10</FeatureLogoRank></FeatureLogo><FeatureImage><FeatureCode>F400085586_49PUS7503_12</FeatureCode><FeatureReferenceName>Ambilight 3-sided EU</FeatureReferenceName><FeatureImageRank>2</FeatureImageRank></FeatureImage><FeatureImage><FeatureCode>F400085602_49PUS7503_12</FeatureCode><FeatureReferenceName>P5 Processing Engine EU</FeatureReferenceName><FeatureImageRank>3</FeatureImageRank></FeatureImage><FeatureImage><FeatureCode>F400085243_49PUS7503_12</FeatureCode><FeatureReferenceName>HDR Plus (2018)</FeatureReferenceName><FeatureImageRank>5</FeatureImageRank></FeatureImage><FeatureImage><FeatureCode>F400076569</FeatureCode><FeatureReferenceName>Micro Dimming Pro (2016)</FeatureReferenceName><FeatureImageRank>6</FeatureImageRank></FeatureImage><FeatureImage><FeatureCode>F400085607_49PUS7503_12</FeatureCode><FeatureReferenceName>Google Play + Philips TV/STA gallery + 16GB memory EU</FeatureReferenceName><FeatureImageRank>7</FeatureImageRank></FeatureImage><FeatureImage><FeatureCode>F400085630</FeatureCode><FeatureReferenceName>Quad Core + Android EU</FeatureReferenceName><FeatureImageRank>8</FeatureImageRank></FeatureImage><FeatureHighlight><FeatureCode>F400081557</FeatureCode><FeatureReferenceName>Metallic silver open frame stand</FeatureReferenceName><FeatureHighlightRank>1</FeatureHighlightRank></FeatureHighlight><FeatureHighlight><FeatureCode>F400085586_49PUS7503_12</FeatureCode><FeatureReferenceName>Ambilight 3-sided EU</FeatureReferenceName><FeatureHighlightRank>2</FeatureHighlightRank></FeatureHighlight><FeatureHighlight><FeatureCode>F400085602_49PUS7503_12</FeatureCode><FeatureReferenceName>P5 Processing Engine EU</FeatureReferenceName><FeatureHighlightRank>3</FeatureHighlightRank></FeatureHighlight><FeatureHighlight><FeatureCode>F400085245</FeatureCode><FeatureReferenceName>4K Ultra HD (2018)</FeatureReferenceName><FeatureHighlightRank>4</FeatureHighlightRank></FeatureHighlight><FeatureHighlight><FeatureCode>F400085243_49PUS7503_12</FeatureCode><FeatureReferenceName>HDR Plus (2018)</FeatureReferenceName><FeatureHighlightRank>5</FeatureHighlightRank></FeatureHighlight><FeatureHighlight><FeatureCode>F400076569</FeatureCode><FeatureReferenceName>Micro Dimming Pro (2016)</FeatureReferenceName><FeatureHighlightRank>6</FeatureHighlightRank></FeatureHighlight><FeatureHighlight><FeatureCode>F400085607_49PUS7503_12</FeatureCode><FeatureReferenceName>Google Play + Philips TV/STA gallery + 16GB memory EU</FeatureReferenceName><FeatureHighlightRank>7</FeatureHighlightRank></FeatureHighlight><FeatureHighlight><FeatureCode>F400085630</FeatureCode><FeatureReferenceName>Quad Core + Android EU</FeatureReferenceName><FeatureHighlightRank>8</FeatureHighlightRank></FeatureHighlight><FeatureHighlight><FeatureCode>F400076589</FeatureCode><FeatureReferenceName>Visible sound articulation (2016)</FeatureReferenceName><FeatureHighlightRank>9</FeatureHighlightRank></FeatureHighlight><FeatureHighlight><FeatureCode>F400084940</FeatureCode><FeatureReferenceName>DTS HD Premium Sound (2018)</FeatureReferenceName><FeatureHighlightRank>10</FeatureHighlightRank></FeatureHighlight><CSChapter><CSChapterCode>3000798</CSChapterCode><CSChapterName>Ambilight</CSChapterName><CSChapterRank>1</CSChapterRank><CSItem><CSItemCode>IT4008761</CSItemCode><CSItemName>Ambilight-versie</CSItemName><CSItemRank>1</CSItemRank><CSItemIsFreeFormat>0</CSItemIsFreeFormat><CSValue><CSValueCode>VA4021434</CSValueCode><CSValueName>Driezijdig</CSValueName><CSValueRank>1</CSValueRank></CSValue></CSItem><CSItem><CSItemCode>3006240</CSItemCode><CSItemName>Ambilight-functies</CSItemName><CSItemRank>2</CSItemRank><CSItemIsFreeFormat>0</CSItemIsFreeFormat><CSValue><CSValueCode>VA4079461</CSValueCode><CSValueName>Geïntegreerd Ambilight + Hue</CSValueName><CSValueRank>1</CSValueRank></CSValue><CSValue><CSValueCode>VA4091343</CSValueCode><CSValueName>Ambilight Music</CSValueName><CSValueRank>2</CSValueRank></CSValue><CSValue><CSValueCode>VA4089018</CSValueCode><CSValueName>Gamemodus</CSValueName><CSValueRank>3</CSValueRank></CSValue><CSValue><CSValueCode>VA4022574</CSValueCode><CSValueName>Past zich aan de muurkleur aan</CSValueName><CSValueRank>4</CSValueRank></CSValue><CSValue><CSValueCode>VA4077822</CSValueCode><CSValueName>Lounge-modus</CSValueName><CSValueRank>5</CSValueRank></CSValue></CSItem></CSChapter><CSChapter><CSChapterCode>3000796</CSChapterCode><CSChapterName>Beeld/scherm</CSChapterName><CSChapterRank>2</CSChapterRank><CSItem><CSItemCode>IT4009349</CSItemCode><CSItemName>Display</CSItemName><CSItemRank>1</CSItemRank><CSItemIsFreeFormat>0</CSItemIsFreeFormat><CSValue><CSValueCode>VA4079466</CSValueCode><CSValueName>4K Ultra HD-LED</CSValueName><CSValueRank>1</CSValueRank></CSValue></CSItem><CSItem><CSItemCode>3006140</CSItemCode><CSItemName>Schermdiagonaal (centimeters)</CSItemName><CSItemRank>2</CSItemRank><CSItemIsFreeFormat>1</CSItemIsFreeFormat><CSValue><CSValueCode>3031123</CSValueCode><CSValueName>123</CSValueName><CSValueRank>1</CSValueRank></CSValue><UnitOfMeasure><UnitOfMeasureCode>3000039</UnitOfMeasureCode><UnitOfMeasureName>centimeter</UnitOfMeasureName><UnitOfMeasureSymbol>cm</UnitOfMeasureSymbol></UnitOfMeasure></CSItem><CSItem><CSItemCode>3006139</CSItemCode><CSItemName>Schermdiagonaal (inch)</CSItemName><CSItemRank>3</CSItemRank><CSItemIsFreeFormat>1</CSItemIsFreeFormat><CSValue><CSValueCode>3031122</CSValueCode><CSValueName>49</CSValueName><CSValueRank>1</CSValueRank></CSValue><UnitOfMeasure><UnitOfMeasureCode>3000047</UnitOfMeasureCode><UnitOfMeasureName>inch</UnitOfMeasureName><UnitOfMeasureSymbol>inch</UnitOfMeasureSymbol></UnitOfMeasure></CSItem><CSItem><CSItemCode>3006177</CSItemCode><CSItemName>Schermresolutie</CSItemName><CSItemRank>4</CSItemRank><CSItemIsFreeFormat>0</CSItemIsFreeFormat><CSValue><CSValueCode>VA4079565</CSValueCode><CSValueName>3840 x 2160</CSValueName><CSValueRank>1</CSValueRank></CSValue></CSItem><CSItem><CSItemCode>3006121</CSItemCode><CSItemName>Beeldformaat</CSItemName><CSItemRank>5</CSItemRank><CSItemIsFreeFormat>0</CSItemIsFreeFormat><CSValue><CSValueCode>3031098</CSValueCode><CSValueName>16:9</CSValueName><CSValueRank>1</CSValueRank></CSValue></CSItem><CSItem><CSItemCode>IT4034274</CSItemCode><CSItemName>Pixel Engine</CSItemName><CSItemRank>6</CSItemRank><CSItemIsFreeFormat>0</CSItemIsFreeFormat><CSValue><CSValueCode>VA4099315</CSValueCode><CSValueName>P5 Perfect Picture Engine</CSValueName><CSValueRank>1</CSValueRank></CSValue></CSItem><CSItem><CSItemCode>3006183</CSItemCode><CSItemName>Beeldverbetering</CSItemName><CSItemRank>7</CSItemRank><CSItemIsFreeFormat>0</CSItemIsFreeFormat><CSValue><CSValueCode>VA4068029</CSValueCode><CSValueName>Ultra-resolutie</CSValueName><CSValueRank>1</CSValueRank></CSValue><CSValue><CSValueCode>VA4068668</CSValueCode><CSValueName>Micro Dimming Pro</CSValueName><CSValueRank>2</CSValueRank></CSValue><CSValue><CSValueCode>VA4101612</CSValueCode><CSValueName>1700 PPI</CSValueName><CSValueRank>3</CSValueRank></CSValue></CSItem></CSChapter><CSChapter><CSChapterCode>CH4007021</CSChapterCode><CSChapterName>Android</CSChapterName><CSChapterRank>3</CSChapterRank><CSItem><CSItemCode>IT4037473</CSItemCode><CSItemName>Besturingssysteem</CSItemName><CSItemRank>1</CSItemRank><CSItemIsFreeFormat>0</CSItemIsFreeFormat><CSValue><CSValueCode>VA4101455</CSValueCode><CSValueName>Android™ 8.0 (Oreo)</CSValueName><CSValueRank>1</CSValueRank></CSValue></CSItem><CSItem><CSItemCode>IT4034666</CSItemCode><CSItemName>Vooraf geïnstalleerde apps</CSItemName><CSItemRank>2</CSItemRank><CSItemIsFreeFormat>0</CSItemIsFreeFormat><CSValue><CSValueCode>VA4080696</CSValueCode><CSValueName>Google Play Movies*</CSValueName><CSValueRank>1</CSValueRank></CSValue><CSValue><CSValueCode>VA4080697</CSValueCode><CSValueName>Google Play Music*</CSValueName><CSValueRank>2</CSValueRank></CSValue><CSValue><CSValueCode>VA4086880</CSValueCode><CSValueName>Google zoeken</CSValueName><CSValueRank>3</CSValueRank></CSValue><CSValue><CSValueCode>VA4080698</CSValueCode><CSValueName>YouTube</CSValueName><CSValueRank>4</CSValueRank></CSValue></CSItem><CSItem><CSItemCode>IT4037607</CSItemCode><CSItemName>Geheugencapaciteit</CSItemName><CSItemRank>3</CSItemRank><CSItemIsFreeFormat>0</CSItemIsFreeFormat><CSValue><CSValueCode>VA4087301</CSValueCode><CSValueName>16 GB</CSValueName><CSValueRank>1</CSValueRank></CSValue></CSItem></CSChapter><CSChapter><CSChapterCode>CH4007621</CSChapterCode><CSChapterName>Smart TV-functies</CSChapterName><CSChapterRank>4</CSChapterRank><CSItem><CSItemCode>IT4037464</CSItemCode><CSItemName>Gebruikersinteractie</CSItemName><CSItemRank>1</CSItemRank><CSItemIsFreeFormat>0</CSItemIsFreeFormat><CSValue><CSValueCode>VA4086945</CSValueCode><CSValueName>MultiRoom Client en Server</CSValueName><CSValueRank>1</CSValueRank></CSValue><CSValue><CSValueCode>VA4086943</CSValueCode><CSValueName>SimplyShare</CSValueName><CSValueRank>2</CSValueRank></CSValue></CSItem><CSItem><CSItemCode>IT4037465</CSItemCode><CSItemName>Interactieve TV</CSItemName><CSItemRank>2</CSItemRank><CSItemIsFreeFormat>0</CSItemIsFreeFormat><CSValue><CSValueCode>VA4086947</CSValueCode><CSValueName>HbbTV</CSValueName><CSValueRank>1</CSValueRank></CSValue></CSItem><CSItem><CSItemCode>IT4037466</CSItemCode><CSItemName>Programmeren</CSItemName><CSItemRank>3</CSItemRank><CSItemIsFreeFormat>0</CSItemIsFreeFormat><CSValue><CSValueCode>VA4086948</CSValueCode><CSValueName>TV pauzeren</CSValueName><CSValueRank>1</CSValueRank></CSValue><CSValue><CSValueCode>VA4086949</CSValueCode><CSValueName>Opnemen via USB*</CSValueName><CSValueRank>2</CSValueRank></CSValue></CSItem><CSItem><CSItemCode>IT4037467</CSItemCode><CSItemName>SmartTV-apps*</CSItemName><CSItemRank>4</CSItemRank><CSItemIsFreeFormat>0</CSItemIsFreeFormat><CSValue><CSValueCode>VA4086951</CSValueCode><CSValueName>Onlinevideotheken</CSValueName><CSValueRank>1</CSValueRank></CSValue><CSValue><CSValueCode>VA4086957</CSValueCode><CSValueName>Internetbrowser openen</CSValueName><CSValueRank>2</CSValueRank></CSValue><CSValue><CSValueCode>VA4086956</CSValueCode><CSValueName>Social TV</CSValueName><CSValueRank>3</CSValueRank></CSValue><CSValue><CSValueCode>VA4086950</CSValueCode><CSValueName>TV on Demand</CSValueName><CSValueRank>4</CSValueRank></CSValue><CSValue><CSValueCode>VA4086955</CSValueCode><CSValueName>YouTube</CSValueName><CSValueRank>5</CSValueRank></CSValue></CSItem><CSItem><CSItemCode>IT4037468</CSItemCode><CSItemName>Gemakkelijk te installeren</CSItemName><CSItemRank>5</CSItemRank><CSItemIsFreeFormat>0</CSItemIsFreeFormat><CSValue><CSValueCode>VA4086958</CSValueCode><CSValueName>Automatische detectie van Philips-apparaten</CSValueName><CSValueRank>1</CSValueRank></CSValue><CSValue><CSValueCode>VA4086959</CSValueCode><CSValueName>Apparaataansluitwizard</CSValueName><CSValueRank>2</CSValueRank></CSValue><CSValue><CSValueCode>VA4086960</CSValueCode><CSValueName>Netwerkinstallatiewizard</CSValueName><CSValueRank>3</CSValueRank></CSValue><CSValue><CSValueCode>VA4086961</CSValueCode><CSValueName>Instellingenwizard</CSValueName><CSValueRank>4</CSValueRank></CSValue></CSItem><CSItem><CSItemCode>IT4037469</CSItemCode><CSItemName>Gebruiksgemak</CSItemName><CSItemRank>6</CSItemRank><CSItemIsFreeFormat>0</CSItemIsFreeFormat><CSValue><CSValueCode>VA4086962</CSValueCode><CSValueName>Smart menu-knop</CSValueName><CSValueRank>1</CSValueRank></CSValue><CSValue><CSValueCode>VA4086963</CSValueCode><CSValueName>Gebruikershandleiding op scherm</CSValueName><CSValueRank>2</CSValueRank></CSValue></CSItem><CSItem><CSItemCode>IT4037470</CSItemCode><CSItemName>Firmware-upgrade mogelijk</CSItemName><CSItemRank>7</CSItemRank><CSItemIsFreeFormat>0</CSItemIsFreeFormat><CSValue><CSValueCode>VA4086964</CSValueCode><CSValueName>Auto-upgradewizard voor firmware</CSValueName><CSValueRank>1</CSValueRank></CSValue><CSValue><CSValueCode>VA4086965</CSValueCode><CSValueName>Firmware te upgraden via USB</CSValueName><CSValueRank>2</CSValueRank></CSValue><CSValue><CSValueCode>VA4086966</CSValueCode><CSValueName>Onlinefirmware-upgrade</CSValueName><CSValueRank>3</CSValueRank></CSValue></CSItem><CSItem><CSItemCode>IT4037471</CSItemCode><CSItemName>Aanpassingen van beeldformaat</CSItemName><CSItemRank>8</CSItemRank><CSItemIsFreeFormat>0</CSItemIsFreeFormat><CSValue><CSValueCode>VA4086973</CSValueCode><CSValueName>Standaard - Schermvullend</CSValueName><CSValueRank>1</CSValueRank></CSValue><CSValue><CSValueCode>VA4086974</CSValueCode><CSValueName>Aanpassen aan scherm</CSValueName><CSValueRank>2</CSValueRank></CSValue><CSValue><CSValueCode>VA4086975</CSValueCode><CSValueName>Geavanceerd - Shift</CSValueName><CSValueRank>3</CSValueRank></CSValue><CSValue><CSValueCode>VA4086976</CSValueCode><CSValueName>Zoomen, Uitrekken</CSValueName><CSValueRank>4</CSValueRank></CSValue></CSItem><CSItem><CSItemCode>IT4037472</CSItemCode><CSItemName>Philips TV Remote-app*</CSItemName><CSItemRank>9</CSItemRank><CSItemIsFreeFormat>0</CSItemIsFreeFormat><CSValue><CSValueCode>VA4086985</CSValueCode><CSValueName>Apps</CSValueName><CSValueRank>1</CSValueRank></CSValue><CSValue><CSValueCode>VA4086984</CSValueCode><CSValueName>Zenders</CSValueName><CSValueRank>2</CSValueRank></CSValue><CSValue><CSValueCode>VA4086978</CSValueCode><CSValueName>Controle</CSValueName><CSValueRank>3</CSValueRank></CSValue><CSValue><CSValueCode>VA4086983</CSValueCode><CSValueName>NowOnTV</CSValueName><CSValueRank>4</CSValueRank></CSValue><CSValue><CSValueCode>VA4086981</CSValueCode><CSValueName>TV-gids</CSValueName><CSValueRank>5</CSValueRank></CSValue><CSValue><CSValueCode>VA4086982</CSValueCode><CSValueName>Video on demand</CSValueName><CSValueRank>6</CSValueRank></CSValue></CSItem><CSItem><CSItemCode>IT4037475</CSItemCode><CSItemName>Afstandsbediening</CSItemName><CSItemRank>10</CSItemRank><CSItemIsFreeFormat>0</CSItemIsFreeFormat><CSValue><CSValueCode>VA4086992</CSValueCode><CSValueName>met toetsenbord</CSValueName><CSValueRank>1</CSValueRank></CSValue><CSValue><CSValueCode>VA4086994</CSValueCode><CSValueName>met spraak</CSValueName><CSValueRank>2</CSValueRank></CSValue></CSItem></CSChapter><CSChapter><CSChapterCode>CH4006082</CSChapterCode><CSChapterName>Bezig met verwerken</CSChapterName><CSChapterRank>5</CSChapterRank><CSItem><CSItemCode>IT4029505</CSItemCode><CSItemName>Verwerkingskracht</CSItemName><CSItemRank>1</CSItemRank><CSItemIsFreeFormat>0</CSItemIsFreeFormat><CSValue><CSValueCode>VA4068064</CSValueCode><CSValueName>Quad Core</CSValueName><CSValueRank>1</CSValueRank></CSValue></CSItem></CSChapter><CSChapter><CSChapterCode>3000799</CSChapterCode><CSChapterName>Geluid</CSChapterName><CSChapterRank>6</CSChapterRank><CSItem><CSItemCode>3006270</CSItemCode><CSItemName>Uitgangsvermogen (RMS)</CSItemName><CSItemRank>1</CSItemRank><CSItemIsFreeFormat>1</CSItemIsFreeFormat><CSValue><CSValueCode>3031400</CSValueCode><CSValueName>25 W</CSValueName><CSValueRank>1</CSValueRank></CSValue></CSItem><CSItem><CSItemCode>3006277</CSItemCode><CSItemName>Geluidsverbetering</CSItemName><CSItemRank>2</CSItemRank><CSItemIsFreeFormat>0</CSItemIsFreeFormat><CSValue><CSValueCode>3031442</CSValueCode><CSValueName>Smart Sound</CSValueName><CSValueRank>1</CSValueRank></CSValue><CSValue><CSValueCode>VA4099061</CSValueCode><CSValueName>DTS-HD eersteklas geluid</CSValueName><CSValueRank>2</CSValueRank><CSValueDescription>DTS-HD eersteklas geluid</CSValueDescription></CSValue><CSValue><CSValueCode>VA4102990</CSValueCode><CSValueName>Compatibel met Dolby Atmos</CSValueName><CSValueRank>3</CSValueRank><CSValueDescription>Compatibel met Dolby Atmos</CSValueDescription></CSValue><CSValue><CSValueCode>VA4077945</CSValueCode><CSValueName>DTS-studiogeluid</CSValueName><CSValueRank>4</CSValueRank></CSValue><CSValue><CSValueCode>VA4068698</CSValueCode><CSValueName>DTS TruSurround</CSValueName><CSValueRank>5</CSValueRank></CSValue></CSItem><CSItem><CSItemCode>IT4045565</CSItemCode><CSItemName>Luidsprekerconfiguratie</CSItemName><CSItemRank>3</CSItemRank><CSItemIsFreeFormat>1</CSItemIsFreeFormat><CSValue><CSValueCode>VA4104615</CSValueCode><CSValueName>2x 6,25 W voorluidsprekers voor midden en hoog, 12,5 W woofer</CSValueName><CSValueRank>1</CSValueRank></CSValue></CSItem></CSChapter><CSChapter><CSChapterCode>3000813</CSChapterCode><CSChapterName>Connectiviteit</CSChapterName><CSChapterRank>7</CSChapterRank><CSItem><CSItemCode>IT4006781</CSItemCode><CSItemName>Aantal HDMI-aansluitingen</CSItemName><CSItemRank>1</CSItemRank><CSItemIsFreeFormat>0</CSItemIsFreeFormat><CSValue><CSValueCode>VA4018288</CSValueCode><CSValueName>4</CSValueName><CSValueRank>1</CSValueRank></CSValue></CSItem><CSItem><CSItemCode>IT4015984</CSItemCode><CSItemName>Aantal USB-aansluitingen</CSItemName><CSItemRank>2</CSItemRank><CSItemIsFreeFormat>0</CSItemIsFreeFormat><CSValue><CSValueCode>VA4032422</CSValueCode><CSValueName>2</CSValueName><CSValueRank>1</CSValueRank></CSValue></CSItem><CSItem><CSItemCode>IT4015985</CSItemCode><CSItemName>Aantal componentingangen (YPbPr)</CSItemName><CSItemRank>3</CSItemRank><CSItemIsFreeFormat>0</CSItemIsFreeFormat><CSValue><CSValueCode>VA4032424</CSValueCode><CSValueName>1</CSValueName><CSValueRank>1</CSValueRank></CSValue></CSItem><CSItem><CSItemCode>3006591</CSItemCode><CSItemName>Draadloze verbindingen</CSItemName><CSItemRank>4</CSItemRank><CSItemIsFreeFormat>0</CSItemIsFreeFormat><CSValue><CSValueCode>VA4078095</CSValueCode><CSValueName>Dual band</CSValueName><CSValueRank>1</CSValueRank></CSValue><CSValue><CSValueCode>VA4094466</CSValueCode><CSValueName>Geïntegreerde Wi-Fi 11ac 2x2</CSValueName><CSValueRank>2</CSValueRank></CSValue></CSItem><CSItem><CSItemCode>3006573</CSItemCode><CSItemName>Andere aansluitingen</CSItemName><CSItemRank>5</CSItemRank><CSItemIsFreeFormat>0</CSItemIsFreeFormat><CSValue><CSValueCode>3032285</CSValueCode><CSValueName>IEC75-antenne</CSValueName><CSValueRank>1</CSValueRank></CSValue><CSValue><CSValueCode>VA4067670</CSValueCode><CSValueName>Satellietaansluiting</CSValueName><CSValueRank>2</CSValueRank></CSValue><CSValue><CSValueCode>VA4019747</CSValueCode><CSValueName>Common Interface Plus (CI+)</CSValueName><CSValueRank>3</CSValueRank></CSValue><CSValue><CSValueCode>VA4032430</CSValueCode><CSValueName>Digitale audio-uitgang (optisch)</CSValueName><CSValueRank>4</CSValueRank></CSValue><CSValue><CSValueCode>VA4022502</CSValueCode><CSValueName>Ethernet-LAN RJ-45</CSValueName><CSValueRank>5</CSValueRank></CSValue><CSValue><CSValueCode>VA4018008</CSValueCode><CSValueName>Audio L/R in</CSValueName><CSValueRank>6</CSValueRank></CSValue><CSValue><CSValueCode>VA4001121</CSValueCode><CSValueName>Hoofdtelefoonuitgang</CSValueName><CSValueRank>7</CSValueRank></CSValue></CSItem><CSItem><CSItemCode>IT4001801</CSItemCode><CSItemName>HDMI-functies</CSItemName><CSItemRank>6</CSItemRank><CSItemIsFreeFormat>0</CSItemIsFreeFormat><CSValue><CSValueCode>VA4080937</CSValueCode><CSValueName>4K</CSValueName><CSValueRank>1</CSValueRank></CSValue><CSValue><CSValueCode>VA4021426</CSValueCode><CSValueName>Audio Return Channel</CSValueName><CSValueRank>2</CSValueRank></CSValue></CSItem><CSItem><CSItemCode>IT4001802</CSItemCode><CSItemName>EasyLink (HDMI-CEC)</CSItemName><CSItemRank>7</CSItemRank><CSItemIsFreeFormat>0</CSItemIsFreeFormat><CSValue><CSValueCode>VA4006305</CSValueCode><CSValueName>Passthrough van afstandsbedieningen</CSValueName><CSValueRank>1</CSValueRank></CSValue><CSValue><CSValueCode>VA4006303</CSValueCode><CSValueName>Audiobediening</CSValueName><CSValueRank>2</CSValueRank></CSValue><CSValue><CSValueCode>VA4004662</CSValueCode><CSValueName>Stand-by</CSValueName><CSValueRank>3</CSValueRank></CSValue><CSValue><CSValueCode>VA4004661</CSValueCode><CSValueName>Afspelen met één druk op de knop</CSValueName><CSValueRank>4</CSValueRank></CSValue></CSItem><CSItem><CSItemCode>IT4034211</CSItemCode><CSItemName>HDCP 2.2</CSItemName><CSItemRank>8</CSItemRank><CSItemIsFreeFormat>0</CSItemIsFreeFormat><CSValue><CSValueCode>VA4086885</CSValueCode><CSValueName>Ja op alle HDMI</CSValueName><CSValueRank>1</CSValueRank></CSValue></CSItem></CSChapter><CSChapter><CSChapterCode>3000811</CSChapterCode><CSChapterName>Multimediatoepassingen</CSChapterName><CSChapterRank>8</CSChapterRank><CSItem><CSItemCode>IT4008764</CSItemCode><CSItemName>Videoweergaveformaten</CSItemName><CSItemRank>1</CSItemRank><CSItemIsFreeFormat>0</CSItemIsFreeFormat><CSValue><CSValueCode>VA4021454</CSValueCode><CSValueName>Containers: AVI, MKV</CSValueName><CSValueRank>1</CSValueRank></CSValue><CSValue><CSValueCode>VA4021455</CSValueCode><CSValueName>H264/MPEG-4 AVC</CSValueName><CSValueRank>2</CSValueRank></CSValue><CSValue><CSValueCode>VA4021451</CSValueCode><CSValueName>MPEG-1</CSValueName><CSValueRank>3</CSValueRank></CSValue><CSValue><CSValueCode>VA4021452</CSValueCode><CSValueName>MPEG-2</CSValueName><CSValueRank>4</CSValueRank></CSValue><CSValue><CSValueCode>VA4021453</CSValueCode><CSValueName>MPEG-4</CSValueName><CSValueRank>5</CSValueRank></CSValue><CSValue><CSValueCode>VA4021456</CSValueCode><CSValueName>WMV9/VC1</CSValueName><CSValueRank>6</CSValueRank></CSValue><CSValue><CSValueCode>VA4098821</CSValueCode><CSValueName>HEVC (H.265)</CSValueName><CSValueRank>7</CSValueRank></CSValue><CSValue><CSValueCode>VA4091744</CSValueCode><CSValueName>VP9</CSValueName><CSValueRank>8</CSValueRank></CSValue></CSItem><CSItem><CSItemCode>IT4033451</CSItemCode><CSItemName>Ondersteunde ondertitelindelingen</CSItemName><CSItemRank>2</CSItemRank><CSItemIsFreeFormat>0</CSItemIsFreeFormat><CSValue><CSValueCode>VA4077783</CSValueCode><CSValueName>.SRT</CSValueName><CSValueRank>1</CSValueRank></CSValue><CSValue><CSValueCode>VA4077786</CSValueCode><CSValueName>.SUB</CSValueName><CSValueRank>2</CSValueRank></CSValue><CSValue><CSValueCode>VA4077788</CSValueCode><CSValueName>.TXT</CSValueName><CSValueRank>3</CSValueRank></CSValue><CSValue><CSValueCode>VA4077784</CSValueCode><CSValueName>.SMI</CSValueName><CSValueRank>4</CSValueRank></CSValue></CSItem><CSItem><CSItemCode>IT4008762</CSItemCode><CSItemName>Muziekweergaveformaten</CSItemName><CSItemRank>3</CSItemRank><CSItemIsFreeFormat>0</CSItemIsFreeFormat><CSValue><CSValueCode>VA4021478</CSValueCode><CSValueName>AAC</CSValueName><CSValueRank>1</CSValueRank></CSValue><CSValue><CSValueCode>VA4021448</CSValueCode><CSValueName>MP3</CSValueName><CSValueRank>2</CSValueRank></CSValue><CSValue><CSValueCode>VA4086481</CSValueCode><CSValueName>WAV</CSValueName><CSValueRank>3</CSValueRank></CSValue><CSValue><CSValueCode>VA4021450</CSValueCode><CSValueName>WMA (versie 2 tot versie 9.2)</CSValueName><CSValueRank>4</CSValueRank></CSValue><CSValue><CSValueCode>VA4086886</CSValueCode><CSValueName>WMA-PRO (v9 en v10)</CSValueName><CSValueRank>5</CSValueRank></CSValue></CSItem><CSItem><CSItemCode>IT4008763</CSItemCode><CSItemName>Beeldweergaveformaten</CSItemName><CSItemRank>4</CSItemRank><CSItemIsFreeFormat>0</CSItemIsFreeFormat><CSValue><CSValueCode>VA4021449</CSValueCode><CSValueName>JPEG</CSValueName><CSValueRank>1</CSValueRank></CSValue><CSValue><CSValueCode>VA4065613</CSValueCode><CSValueName>BMP</CSValueName><CSValueRank>2</CSValueRank></CSValue><CSValue><CSValueCode>VA4065611</CSValueCode><CSValueName>GIF</CSValueName><CSValueRank>3</CSValueRank></CSValue><CSValue><CSValueCode>VA4065612</CSValueCode><CSValueName>PNG</CSValueName><CSValueRank>4</CSValueRank></CSValue></CSItem></CSChapter><CSChapter><CSChapterCode>3000797</CSChapterCode><CSChapterName>Ondersteunde beeldschermresolutie</CSChapterName><CSChapterRank>9</CSChapterRank><CSItem><CSItemCode>IT4041111</CSItemCode><CSItemName>Computeringangen op HDMI1/2</CSItemName><CSItemRank>1</CSItemRank><CSItemIsFreeFormat>0</CSItemIsFreeFormat><CSValue><CSValueCode>VA4095761</CSValueCode><CSValueName>tot 4K UHD 3840 x 2160 bij 60 Hz</CSValueName><CSValueRank>1</CSValueRank></CSValue><CSValue><CSValueCode>VA4104722</CSValueCode><CSValueName>HDR ondersteund, HDR10/ HLG</CSValueName><CSValueRank>2</CSValueRank></CSValue></CSItem><CSItem><CSItemCode>IT4041112</CSItemCode><CSItemName>Computeringangen op HDMI3/4</CSItemName><CSItemRank>2</CSItemRank><CSItemIsFreeFormat>0</CSItemIsFreeFormat><CSValue><CSValueCode>VA4097242</CSValueCode><CSValueName>tot 4K UHD 3840 x 2160 bij 60 Hz</CSValueName><CSValueRank>1</CSValueRank></CSValue></CSItem><CSItem><CSItemCode>IT4041113</CSItemCode><CSItemName>Video-ingangen op HDMI1/2</CSItemName><CSItemRank>3</CSItemRank><CSItemIsFreeFormat>0</CSItemIsFreeFormat><CSValue><CSValueCode>VA4097235</CSValueCode><CSValueName>tot 4K UHD 3840 x 2160 bij 60 Hz</CSValueName><CSValueRank>1</CSValueRank></CSValue><CSValue><CSValueCode>VA4104731</CSValueCode><CSValueName>HDR ondersteund, HDR10/ HLG</CSValueName><CSValueRank>2</CSValueRank></CSValue></CSItem><CSItem><CSItemCode>IT4041114</CSItemCode><CSItemName>Video-ingangen op HDMI3/4</CSItemName><CSItemRank>4</CSItemRank><CSItemIsFreeFormat>0</CSItemIsFreeFormat><CSValue><CSValueCode>VA4097240</CSValueCode><CSValueName>tot 4K UHD 3840 x 2160 bij 60 Hz</CSValueName><CSValueRank>1</CSValueRank></CSValue></CSItem></CSChapter><CSChapter><CSChapterCode>3000812</CSChapterCode><CSChapterName>Tuner/ontvangst/transmissie</CSChapterName><CSChapterRank>10</CSChapterRank><CSItem><CSItemCode>IT4041210</CSItemCode><CSItemName>HEVC-ondersteuning</CSItemName><CSItemRank>1</CSItemRank><CSItemIsFreeFormat>0</CSItemIsFreeFormat><CSValue><CSValueCode>VA4095925</CSValueCode><CSValueName>Ja</CSValueName><CSValueRank>1</CSValueRank></CSValue></CSItem><CSItem><CSItemCode>3007491</CSItemCode><CSItemName>Digitale TV</CSItemName><CSItemRank>2</CSItemRank><CSItemIsFreeFormat>0</CSItemIsFreeFormat><CSValue><CSValueCode>VA4097064</CSValueCode><CSValueName>DVB-T/T2/T2-HD/C/S/S2</CSValueName><CSValueRank>1</CSValueRank></CSValue></CSItem><CSItem><CSItemCode>IT4028192</CSItemCode><CSItemName>MPEG-ondersteuning</CSItemName><CSItemRank>3</CSItemRank><CSItemIsFreeFormat>0</CSItemIsFreeFormat><CSValue><CSValueCode>VA4065926</CSValueCode><CSValueName>MPEG2</CSValueName><CSValueRank>1</CSValueRank></CSValue><CSValue><CSValueCode>VA4065927</CSValueCode><CSValueName>MPEG4</CSValueName><CSValueRank>2</CSValueRank></CSValue></CSItem><CSItem><CSItemCode>3006515</CSItemCode><CSItemName>Videoweergave</CSItemName><CSItemRank>4</CSItemRank><CSItemIsFreeFormat>0</CSItemIsFreeFormat><CSValue><CSValueCode>3032144</CSValueCode><CSValueName>NTSC</CSValueName><CSValueRank>1</CSValueRank></CSValue><CSValue><CSValueCode>3032145</CSValueCode><CSValueName>PAL</CSValueName><CSValueRank>2</CSValueRank></CSValue><CSValue><CSValueCode>3032146</CSValueCode><CSValueName>SECAM</CSValueName><CSValueRank>3</CSValueRank></CSValue></CSItem><CSItem><CSItemCode>IT4034213</CSItemCode><CSItemName>TV-programmagids*</CSItemName><CSItemRank>5</CSItemRank><CSItemIsFreeFormat>0</CSItemIsFreeFormat><CSValue><CSValueCode>VA4079472</CSValueCode><CSValueName>Elektronische programmagids voor 8 dagen</CSValueName><CSValueRank>1</CSValueRank></CSValue></CSItem><CSItem><CSItemCode>IT4034214</CSItemCode><CSItemName>Signaalsterkte-indicator</CSItemName><CSItemRank>6</CSItemRank><CSItemIsFreeFormat>0</CSItemIsFreeFormat><CSValue><CSValueCode>VA4079473</CSValueCode><CSValueName>Ja</CSValueName><CSValueRank>1</CSValueRank></CSValue></CSItem><CSItem><CSItemCode>IT4034215</CSItemCode><CSItemName>Teletekst</CSItemName><CSItemRank>7</CSItemRank><CSItemIsFreeFormat>0</CSItemIsFreeFormat><CSValue><CSValueCode>VA4079474</CSValueCode><CSValueName>1000 pagina's Hypertext</CSValueName><CSValueRank>1</CSValueRank></CSValue></CSItem></CSChapter><CSChapter><CSChapterCode>3000821</CSChapterCode><CSChapterName>Vermogen</CSChapterName><CSChapterRank>11</CSChapterRank><CSItem><CSItemCode>3007003</CSItemCode><CSItemName>Netspanning</CSItemName><CSItemRank>1</CSItemRank><CSItemIsFreeFormat>1</CSItemIsFreeFormat><CSValue><CSValueCode>3033675</CSValueCode><CSValueName>220 - 240 V, 50/60 Hz</CSValueName><CSValueRank>1</CSValueRank></CSValue></CSItem><CSItem><CSItemCode>3007001</CSItemCode><CSItemName>Stroomverbruik in stand-bystand</CSItemName><CSItemRank>2</CSItemRank><CSItemIsFreeFormat>1</CSItemIsFreeFormat><CSValue><CSValueCode>3033673</CSValueCode><CSValueName>&lt; 0,3 W</CSValueName><CSValueRank>1</CSValueRank></CSValue></CSItem><CSItem><CSItemCode>IT4009431</CSItemCode><CSItemName>Energieverbruik wanneer uitgeschakeld</CSItemName><CSItemRank>3</CSItemRank><CSItemIsFreeFormat>1</CSItemIsFreeFormat><CSValue><CSValueCode>VA4022642</CSValueCode><CSValueName>0,3</CSValueName><CSValueRank>1</CSValueRank></CSValue><UnitOfMeasure><UnitOfMeasureCode>3000072</UnitOfMeasureCode><UnitOfMeasureName>watt</UnitOfMeasureName><UnitOfMeasureSymbol>W</UnitOfMeasureSymbol></UnitOfMeasure></CSItem><CSItem><CSItemCode>4000081</CSItemCode><CSItemName>Omgevingstemperatuur</CSItemName><CSItemRank>4</CSItemRank><CSItemIsFreeFormat>0</CSItemIsFreeFormat><CSValue><CSValueCode>VA4002861</CSValueCode><CSValueName>5 °C tot 35 °C</CSValueName><CSValueRank>1</CSValueRank></CSValue></CSItem><CSItem><CSItemCode>IT4008765</CSItemCode><CSItemName>Functies voor energiebesparing</CSItemName><CSItemRank>5</CSItemRank><CSItemIsFreeFormat>0</CSItemIsFreeFormat><CSValue><CSValueCode>VA4021464</CSValueCode><CSValueName>Timer voor automatisch uitschakelen</CSValueName><CSValueRank>1</CSValueRank></CSValue><CSValue><CSValueCode>VA4021463</CSValueCode><CSValueName>Beeld uit (voor radio)</CSValueName><CSValueRank>2</CSValueRank></CSValue><CSValue><CSValueCode>VA4021460</CSValueCode><CSValueName>Lichtsensor</CSValueName><CSValueRank>3</CSValueRank></CSValue></CSItem><CSItem><CSItemCode>IT4015354</CSItemCode><CSItemName>Energieklasse</CSItemName><CSItemRank>6</CSItemRank><CSItemIsFreeFormat>0</CSItemIsFreeFormat><CSValue><CSValueCode>VA4030804</CSValueCode><CSValueName>A</CSValueName><CSValueRank>1</CSValueRank></CSValue></CSItem><CSItem><CSItemCode>IT4016791</CSItemCode><CSItemName>Europees energielabel (vermogen)</CSItemName><CSItemRank>7</CSItemRank><CSItemIsFreeFormat>1</CSItemIsFreeFormat><CSValue><CSValueCode>VA4033965</CSValueCode><CSValueName>86</CSValueName><CSValueRank>1</CSValueRank></CSValue><UnitOfMeasure><UnitOfMeasureCode>3000072</UnitOfMeasureCode><UnitOfMeasureName>watt</UnitOfMeasureName><UnitOfMeasureSymbol>W</UnitOfMeasureSymbol></UnitOfMeasure></CSItem><CSItem><CSItemCode>IT4013218</CSItemCode><CSItemName>Jaarlijks energieverbruik</CSItemName><CSItemRank>8</CSItemRank><CSItemIsFreeFormat>1</CSItemIsFreeFormat><CSValue><CSValueCode>VA4025546</CSValueCode><CSValueName>126</CSValueName><CSValueRank>1</CSValueRank></CSValue><UnitOfMeasure><UnitOfMeasureCode>4000161</UnitOfMeasureCode><UnitOfMeasureName>kilowattuur</UnitOfMeasureName><UnitOfMeasureSymbol>kWh</UnitOfMeasureSymbol></UnitOfMeasure></CSItem><CSItem><CSItemCode>IT4013217</CSItemCode><CSItemName>Hoeveelheid kwik</CSItemName><CSItemRank>9</CSItemRank><CSItemIsFreeFormat>1</CSItemIsFreeFormat><CSValue><CSValueCode>VA4025545</CSValueCode><CSValueName>0</CSValueName><CSValueRank>1</CSValueRank></CSValue><UnitOfMeasure><UnitOfMeasureCode>4000142</UnitOfMeasureCode><UnitOfMeasureName>mg</UnitOfMeasureName><UnitOfMeasureSymbol>mg</UnitOfMeasureSymbol></UnitOfMeasure></CSItem><CSItem><CSItemCode>IT4013214</CSItemCode><CSItemName>Aanwezigheid lood</CSItemName><CSItemRank>10</CSItemRank><CSItemIsFreeFormat>0</CSItemIsFreeFormat><CSValue><CSValueCode>VA4025541</CSValueCode><CSValueName>Ja*</CSValueName><CSValueRank>1</CSValueRank></CSValue></CSItem></CSChapter><CSChapter><CSChapterCode>3000820</CSChapterCode><CSChapterName>Afmetingen</CSChapterName><CSChapterRank>12</CSChapterRank><CSItem><CSItemCode>3006821</CSItemCode><CSItemName>Breedte van de doos</CSItemName><CSItemRank>1</CSItemRank><CSItemIsFreeFormat>1</CSItemIsFreeFormat><CSValue><CSValueCode>3033149</CSValueCode><CSValueName>1205</CSValueName><CSValueRank>1</CSValueRank></CSValue><UnitOfMeasure><UnitOfMeasureCode>3000058</UnitOfMeasureCode><UnitOfMeasureName>millimeter</UnitOfMeasureName><UnitOfMeasureSymbol>millimeter</UnitOfMeasureSymbol></UnitOfMeasure></CSItem><CSItem><CSItemCode>3006820</CSItemCode><CSItemName>Hoogte van de doos</CSItemName><CSItemRank>2</CSItemRank><CSItemIsFreeFormat>1</CSItemIsFreeFormat><CSValue><CSValueCode>3033148</CSValueCode><CSValueName>810</CSValueName><CSValueRank>1</CSValueRank></CSValue><UnitOfMeasure><UnitOfMeasureCode>3000058</UnitOfMeasureCode><UnitOfMeasureName>millimeter</UnitOfMeasureName><UnitOfMeasureSymbol>millimeter</UnitOfMeasureSymbol></UnitOfMeasure></CSItem><CSItem><CSItemCode>3006819</CSItemCode><CSItemName>Diepte van de doos</CSItemName><CSItemRank>3</CSItemRank><CSItemIsFreeFormat>1</CSItemIsFreeFormat><CSValue><CSValueCode>3033147</CSValueCode><CSValueName>150</CSValueName><CSValueRank>1</CSValueRank></CSValue><UnitOfMeasure><UnitOfMeasureCode>3000058</UnitOfMeasureCode><UnitOfMeasureName>millimeter</UnitOfMeasureName><UnitOfMeasureSymbol>millimeter</UnitOfMeasureSymbol></UnitOfMeasure></CSItem><CSItem><CSItemCode>3006884</CSItemCode><CSItemName>Breedte van het apparaat</CSItemName><CSItemRank>4</CSItemRank><CSItemIsFreeFormat>1</CSItemIsFreeFormat><CSValue><CSValueCode>3033219</CSValueCode><CSValueName>1106,6</CSValueName><CSValueRank>1</CSValueRank></CSValue><UnitOfMeasure><UnitOfMeasureCode>3000058</UnitOfMeasureCode><UnitOfMeasureName>millimeter</UnitOfMeasureName><UnitOfMeasureSymbol>millimeter</UnitOfMeasureSymbol></UnitOfMeasure></CSItem><CSItem><CSItemCode>3006882</CSItemCode><CSItemName>Hoogte van het apparaat</CSItemName><CSItemRank>5</CSItemRank><CSItemIsFreeFormat>1</CSItemIsFreeFormat><CSValue><CSValueCode>3033217</CSValueCode><CSValueName>732,9</CSValueName><CSValueRank>1</CSValueRank></CSValue><UnitOfMeasure><UnitOfMeasureCode>3000058</UnitOfMeasureCode><UnitOfMeasureName>millimeter</UnitOfMeasureName><UnitOfMeasureSymbol>millimeter</UnitOfMeasureSymbol></UnitOfMeasure></CSItem><CSItem><CSItemCode>3006881</CSItemCode><CSItemName>Diepte van het apparaat</CSItemName><CSItemRank>6</CSItemRank><CSItemIsFreeFormat>1</CSItemIsFreeFormat><CSValue><CSValueCode>3033216</CSValueCode><CSValueName>68,2</CSValueName><CSValueRank>1</CSValueRank></CSValue><UnitOfMeasure><UnitOfMeasureCode>3000058</UnitOfMeasureCode><UnitOfMeasureName>millimeter</UnitOfMeasureName><UnitOfMeasureSymbol>millimeter</UnitOfMeasureSymbol></UnitOfMeasure></CSItem><CSItem><CSItemCode>3010081</CSItemCode><CSItemName>Breedte van het apparaat (met standaard)</CSItemName><CSItemRank>7</CSItemRank><CSItemIsFreeFormat>1</CSItemIsFreeFormat><CSValue><CSValueCode>3045267</CSValueCode><CSValueName>1106,6</CSValueName><CSValueRank>1</CSValueRank></CSValue><UnitOfMeasure><UnitOfMeasureCode>3000058</UnitOfMeasureCode><UnitOfMeasureName>millimeter</UnitOfMeasureName><UnitOfMeasureSymbol>millimeter</UnitOfMeasureSymbol></UnitOfMeasure></CSItem><CSItem><CSItemCode>3010080</CSItemCode><CSItemName>Hoogte van het apparaat (met standaard)</CSItemName><CSItemRank>8</CSItemRank><CSItemIsFreeFormat>1</CSItemIsFreeFormat><CSValue><CSValueCode>3045266</CSValueCode><CSValueName>792,9</CSValueName><CSValueRank>1</CSValueRank></CSValue><UnitOfMeasure><UnitOfMeasureCode>3000058</UnitOfMeasureCode><UnitOfMeasureName>millimeter</UnitOfMeasureName><UnitOfMeasureSymbol>millimeter</UnitOfMeasureSymbol></UnitOfMeasure></CSItem><CSItem><CSItemCode>3010079</CSItemCode><CSItemName>Diepte van het apparaat (met standaard)</CSItemName><CSItemRank>9</CSItemRank><CSItemIsFreeFormat>1</CSItemIsFreeFormat><CSValue><CSValueCode>3045265</CSValueCode><CSValueName>266,3</CSValueName><CSValueRank>1</CSValueRank></CSValue><UnitOfMeasure><UnitOfMeasureCode>3000058</UnitOfMeasureCode><UnitOfMeasureName>millimeter</UnitOfMeasureName><UnitOfMeasureSymbol>millimeter</UnitOfMeasureSymbol></UnitOfMeasure></CSItem><CSItem><CSItemCode>IT4042932</CSItemCode><CSItemName>Breedte TV-standaard</CSItemName><CSItemRank>10</CSItemRank><CSItemIsFreeFormat>1</CSItemIsFreeFormat><CSValue><CSValueCode>VA4099201</CSValueCode><CSValueName>780</CSValueName><CSValueRank>1</CSValueRank></CSValue><UnitOfMeasure><UnitOfMeasureCode>3000058</UnitOfMeasureCode><UnitOfMeasureName>millimeter</UnitOfMeasureName><UnitOfMeasureSymbol>millimeter</UnitOfMeasureSymbol></UnitOfMeasure></CSItem><CSItem><CSItemCode>4000961</CSItemCode><CSItemName>Compatibel met VESA-wandmontagesysteem</CSItemName><CSItemRank>11</CSItemRank><CSItemIsFreeFormat>0</CSItemIsFreeFormat><CSValue><CSValueCode>VA4006542</CSValueCode><CSValueName>200 x 200 mm</CSValueName><CSValueRank>1</CSValueRank></CSValue></CSItem><CSItem><CSItemCode>3006873</CSItemCode><CSItemName>Gewicht van het product</CSItemName><CSItemRank>12</CSItemRank><CSItemIsFreeFormat>1</CSItemIsFreeFormat><CSValue><CSValueCode>3033208</CSValueCode><CSValueName>13,4</CSValueName><CSValueRank>1</CSValueRank></CSValue><UnitOfMeasure><UnitOfMeasureCode>3000049</UnitOfMeasureCode><UnitOfMeasureName>kilogram</UnitOfMeasureName><UnitOfMeasureSymbol>kg</UnitOfMeasureSymbol></UnitOfMeasure></CSItem><CSItem><CSItemCode>3010611</CSItemCode><CSItemName>Gewicht (incl. standaard)</CSItemName><CSItemRank>13</CSItemRank><CSItemIsFreeFormat>1</CSItemIsFreeFormat><CSValue><CSValueCode>3047710</CSValueCode><CSValueName>14,2</CSValueName><CSValueRank>1</CSValueRank></CSValue><UnitOfMeasure><UnitOfMeasureCode>3000049</UnitOfMeasureCode><UnitOfMeasureName>kilogram</UnitOfMeasureName><UnitOfMeasureSymbol>kg</UnitOfMeasureSymbol></UnitOfMeasure></CSItem><CSItem><CSItemCode>3006911</CSItemCode><CSItemName>Gewicht (incl. verpakking)</CSItemName><CSItemRank>14</CSItemRank><CSItemIsFreeFormat>1</CSItemIsFreeFormat><CSValue><CSValueCode>3033246</CSValueCode><CSValueName>17,6</CSValueName><CSValueRank>1</CSValueRank></CSValue><UnitOfMeasure><UnitOfMeasureCode>3000049</UnitOfMeasureCode><UnitOfMeasureName>kilogram</UnitOfMeasureName><UnitOfMeasureSymbol>kg</UnitOfMeasureSymbol></UnitOfMeasure></CSItem></CSChapter><CSChapter><CSChapterCode>CH4007881</CSChapterCode><CSChapterName>Kleur en afwerking</CSChapterName><CSChapterRank>13</CSChapterRank><CSItem><CSItemCode>IT4038828</CSItemCode><CSItemName>Voorkant TV</CSItemName><CSItemRank>1</CSItemRank><CSItemIsFreeFormat>0</CSItemIsFreeFormat><CSValue><CSValueCode>VA4101756</CSValueCode><CSValueName>Donker zilver</CSValueName><CSValueRank>1</CSValueRank></CSValue></CSItem></CSChapter><CSChapter><CSChapterCode>3000815</CSChapterCode><CSChapterName>Accessoires</CSChapterName><CSChapterRank>14</CSChapterRank><CSItem><CSItemCode>3006778</CSItemCode><CSItemName>Meegeleverde accessoires</CSItemName><CSItemRank>1</CSItemRank><CSItemIsFreeFormat>0</CSItemIsFreeFormat><CSValue><CSValueCode>3033001</CSValueCode><CSValueName>Afstandsbediening</CSValueName><CSValueRank>1</CSValueRank></CSValue><CSValue><CSValueCode>3033554</CSValueCode><CSValueName>Voedingskabel</CSValueName><CSValueRank>2</CSValueRank></CSValue><CSValue><CSValueCode>VA4056481</CSValueCode><CSValueName>Mini-aansluiting L/R-kabel</CSValueName><CSValueRank>3</CSValueRank></CSValue><CSValue><CSValueCode>VA4054201</CSValueCode><CSValueName>Mini-aansluiting YPbPr-kabel</CSValueName><CSValueRank>4</CSValueRank></CSValue><CSValue><CSValueCode>3033561</CSValueCode><CSValueName>Snelstartgids</CSValueName><CSValueRank>5</CSValueRank></CSValue><CSValue><CSValueCode>VA4015925</CSValueCode><CSValueName>Brochure met wettelijk verplichte informatie en veiligheidsgegevens</CSValueName><CSValueRank>6</CSValueRank></CSValue><CSValue><CSValueCode>3033021</CSValueCode><CSValueName>Tafelstandaard</CSValueName><CSValueRank>7</CSValueRank></CSValue><CSValue><CSValueCode>3047450</CSValueCode><CSValueName>2 AA-batterijen</CSValueName><CSValueRank>8</CSValueRank></CSValue></CSItem></CSChapter><Filters><Purpose type="Comparison"><Features><Feature code="F400081557" rank="1" referenceName="Metallic silver open frame stand"/><Feature code="F400085586_49PUS7503_12" rank="2" referenceName="Ambilight 3-sided EU"/><Feature code="F400085602_49PUS7503_12" rank="3" referenceName="P5 Processing Engine EU"/><Feature code="F400085245" rank="4" referenceName="4K Ultra HD (2018)"/><Feature code="F400085243_49PUS7503_12" rank="5" referenceName="HDR Plus (2018)"/><Feature code="F400076569" rank="6" referenceName="Micro Dimming Pro (2016)"/><Feature code="F400085607_49PUS7503_12" rank="7" referenceName="Google Play + Philips TV/STA gallery + 16GB memory EU"/><Feature code="F400085630" rank="8" referenceName="Quad Core + Android EU"/><Feature code="F400076589" rank="9" referenceName="Visible sound articulation (2016)"/><Feature code="F400084940" rank="10" referenceName="DTS HD Premium Sound (2018)"/></Features><CSItems><CSItem code="3006270" rank="1" referenceName="Sound - Output power (RMS)"/><CSItem code="3006778" rank="1" referenceName="Accessories - Included accessories"/><CSItem code="3006821" rank="1" referenceName="Dimensions - Box width"/><CSItem code="3007003" rank="1" referenceName="Power - Mains power"/><CSItem code="IT4006781" rank="1" referenceName="Connectivity - Number of HDMI connections"/><CSItem code="IT4008761" rank="1" referenceName="Ambilight - Ambilight Version"/><CSItem code="IT4008764" rank="1" referenceName="Multimedia Applications - Video Playback Formats"/><CSItem code="IT4009349" rank="1" referenceName="Picture/Display - Display"/><CSItem code="IT4029505" rank="1" referenceName="Processing - Processing Power"/><CSItem code="IT4037464" rank="1" referenceName="Smart TV Features - User Interaction"/><CSItem code="IT4037473" rank="1" referenceName="Android - OS"/><CSItem code="IT4038828" rank="1" referenceName="Color &amp; Finishing - TV Front"/><CSItem code="IT4041111" rank="1" referenceName="Supported Display Resolution - Computer inputs on HDMI1/2"/><CSItem code="IT4041210" rank="1" referenceName="Tuner/Reception/Transmission - HEVC support"/><CSItem code="3006140" rank="2" referenceName="Picture/Display - Diagonal screen size (metric)"/><CSItem code="3006240" rank="2" referenceName="Ambilight - Ambilight Features"/><CSItem code="3006277" rank="2" referenceName="Sound - Sound Enhancement"/><CSItem code="3006820" rank="2" referenceName="Dimensions - Box height"/><CSItem code="3007001" rank="2" referenceName="Power - Standby power consumption"/><CSItem code="3007491" rank="2" referenceName="Tuner/Reception/Transmission - Digital TV"/><CSItem code="IT4015984" rank="2" referenceName="Connectivity - Number of USBs"/><CSItem code="IT4033451" rank="2" referenceName="Multimedia Applications - Subtitles Formats Support"/><CSItem code="IT4034666" rank="2" referenceName="Android - Pre-installed apps"/><CSItem code="IT4037465" rank="2" referenceName="Smart TV Features - Interactive TV"/><CSItem code="IT4041112" rank="2" referenceName="Supported Display Resolution - Computer inputs on HDMI3/4"/><CSItem code="3006139" rank="3" referenceName="Picture/Display - Diagonal screen size (inch)"/><CSItem code="3006819" rank="3" referenceName="Dimensions - Box depth"/><CSItem code="IT4008762" rank="3" referenceName="Multimedia Applications - Music Playback Formats"/><CSItem code="IT4009431" rank="3" referenceName="Power - Off mode power consumption"/><CSItem code="IT4015985" rank="3" referenceName="Connectivity - Number of component in (YPbPr)"/><CSItem code="IT4028192" rank="3" referenceName="Tuner/Reception/Transmission - MPEG Support"/><CSItem code="IT4037466" rank="3" referenceName="Smart TV Features - Program"/><CSItem code="IT4037607" rank="3" referenceName="Android - Memory size"/><CSItem code="IT4041113" rank="3" referenceName="Supported Display Resolution - Video inputs on HDMI1/2"/><CSItem code="IT4045565" rank="3" referenceName="Sound - Speaker configuration"/><CSItem code="3006177" rank="4" referenceName="Picture/Display - Panel resolution"/><CSItem code="3006515" rank="4" referenceName="Tuner/Reception/Transmission - Video Playback"/><CSItem code="3006591" rank="4" referenceName="Connectivity - Wireless connections"/><CSItem code="3006884" rank="4" referenceName="Dimensions - Set Width"/><CSItem code="4000081" rank="4" referenceName="Power - Ambient temperature"/><CSItem code="IT4008763" rank="4" referenceName="Multimedia Applications - Picture Playback Formats"/><CSItem code="IT4037467" rank="4" referenceName="Smart TV Features - SmartTV apps*"/><CSItem code="IT4041114" rank="4" referenceName="Supported Display Resolution - Video inputs on HDMI3/4"/><CSItem code="3006121" rank="5" referenceName="Picture/Display - Aspect ratio"/><CSItem code="3006573" rank="5" referenceName="Connectivity - Other connections"/><CSItem code="3006882" rank="5" referenceName="Dimensions - Set Height"/><CSItem code="IT4008765" rank="5" referenceName="Power - Power Saving Features"/><CSItem code="IT4034213" rank="5" referenceName="Tuner/Reception/Transmission - TV Program guide*"/><CSItem code="IT4037468" rank="5" referenceName="Smart TV Features - Ease of Installation"/><CSItem code="3006881" rank="6" referenceName="Dimensions - Set Depth"/><CSItem code="IT4001801" rank="6" referenceName="Connectivity - HDMI features"/><CSItem code="IT4015354" rank="6" referenceName="Power - Energy Label Class"/><CSItem code="IT4034214" rank="6" referenceName="Tuner/Reception/Transmission - Signal strength indication"/><CSItem code="IT4034274" rank="6" referenceName="Picture/Display - Pixel engine"/><CSItem code="IT4037469" rank="6" referenceName="Smart TV Features - Ease of Use"/><CSItem code="3006183" rank="7" referenceName="Picture/Display - Picture enhancement"/><CSItem code="3010081" rank="7" referenceName="Dimensions - Set width (with stand)"/><CSItem code="IT4001802" rank="7" referenceName="Connectivity - EasyLink (HDMI-CEC)"/><CSItem code="IT4016791" rank="7" referenceName="Power - Eu Energy Label power"/><CSItem code="IT4034215" rank="7" referenceName="Tuner/Reception/Transmission - Teletext"/><CSItem code="IT4037470" rank="7" referenceName="Smart TV Features - Firmware upgradeable"/><CSItem code="3010080" rank="8" referenceName="Dimensions - Set height (with stand)"/><CSItem code="IT4013218" rank="8" referenceName="Power - Annual energy consumption"/><CSItem code="IT4034211" rank="8" referenceName="Connectivity - HDCP 2.2"/><CSItem code="IT4037471" rank="8" referenceName="Smart TV Features - Screen Format Adjustments"/><CSItem code="3010079" rank="9" referenceName="Dimensions - Set depth (with stand)"/><CSItem code="IT4013217" rank="9" referenceName="Power - Mercury content"/><CSItem code="IT4037472" rank="9" referenceName="Smart TV Features - Philips TV Remote app*"/><CSItem code="IT4013214" rank="10" referenceName="Power - Presence of lead"/><CSItem code="IT4037475" rank="10" referenceName="Smart TV Features - Remote Control"/><CSItem code="IT4042932" rank="10" referenceName="Dimensions - TV stand width distance"/><CSItem code="4000961" rank="11" referenceName="Dimensions - VESA wall mount compatible"/><CSItem code="3006873" rank="12" referenceName="Dimensions - Product weight"/><CSItem code="3010611" rank="13" referenceName="Dimensions - Product weight (+stand)"/><CSItem code="3006911" rank="14" referenceName="Dimensions - Weight incl. Packaging"/></CSItems></Purpose><Purpose type="Detail"><Features><Feature code="F400081557" rank="1" referenceName="Metallic silver open frame stand"/><Feature code="F400085586_49PUS7503_12" rank="2" referenceName="Ambilight 3-sided EU"/><Feature code="F400085602_49PUS7503_12" rank="3" referenceName="P5 Processing Engine EU"/><Feature code="F400085245" rank="4" referenceName="4K Ultra HD (2018)"/><Feature code="F400085243_49PUS7503_12" rank="5" referenceName="HDR Plus (2018)"/><Feature code="F400076569" rank="6" referenceName="Micro Dimming Pro (2016)"/><Feature code="F400085607_49PUS7503_12" rank="7" referenceName="Google Play + Philips TV/STA gallery + 16GB memory EU"/><Feature code="F400085630" rank="8" referenceName="Quad Core + Android EU"/><Feature code="F400076589" rank="9" referenceName="Visible sound articulation (2016)"/><Feature code="F400084940" rank="10" referenceName="DTS HD Premium Sound (2018)"/></Features><CSItems><CSItem code="3006270" rank="1" referenceName="Sound - Output power (RMS)"/><CSItem code="3006778" rank="1" referenceName="Accessories - Included accessories"/><CSItem code="3006821" rank="1" referenceName="Dimensions - Box width"/><CSItem code="3007003" rank="1" referenceName="Power - Mains power"/><CSItem code="IT4006781" rank="1" referenceName="Connectivity - Number of HDMI connections"/><CSItem code="IT4008761" rank="1" referenceName="Ambilight - Ambilight Version"/><CSItem code="IT4008764" rank="1" referenceName="Multimedia Applications - Video Playback Formats"/><CSItem code="IT4009349" rank="1" referenceName="Picture/Display - Display"/><CSItem code="IT4029505" rank="1" referenceName="Processing - Processing Power"/><CSItem code="IT4037464" rank="1" referenceName="Smart TV Features - User Interaction"/><CSItem code="IT4037473" rank="1" referenceName="Android - OS"/><CSItem code="IT4038828" rank="1" referenceName="Color &amp; Finishing - TV Front"/><CSItem code="IT4041111" rank="1" referenceName="Supported Display Resolution - Computer inputs on HDMI1/2"/><CSItem code="IT4041210" rank="1" referenceName="Tuner/Reception/Transmission - HEVC support"/><CSItem code="3006140" rank="2" referenceName="Picture/Display - Diagonal screen size (metric)"/><CSItem code="3006240" rank="2" referenceName="Ambilight - Ambilight Features"/><CSItem code="3006277" rank="2" referenceName="Sound - Sound Enhancement"/><CSItem code="3006820" rank="2" referenceName="Dimensions - Box height"/><CSItem code="3007001" rank="2" referenceName="Power - Standby power consumption"/><CSItem code="3007491" rank="2" referenceName="Tuner/Reception/Transmission - Digital TV"/><CSItem code="IT4015984" rank="2" referenceName="Connectivity - Number of USBs"/><CSItem code="IT4033451" rank="2" referenceName="Multimedia Applications - Subtitles Formats Support"/><CSItem code="IT4034666" rank="2" referenceName="Android - Pre-installed apps"/><CSItem code="IT4037465" rank="2" referenceName="Smart TV Features - Interactive TV"/><CSItem code="IT4041112" rank="2" referenceName="Supported Display Resolution - Computer inputs on HDMI3/4"/><CSItem code="3006139" rank="3" referenceName="Picture/Display - Diagonal screen size (inch)"/><CSItem code="3006819" rank="3" referenceName="Dimensions - Box depth"/><CSItem code="IT4008762" rank="3" referenceName="Multimedia Applications - Music Playback Formats"/><CSItem code="IT4009431" rank="3" referenceName="Power - Off mode power consumption"/><CSItem code="IT4015985" rank="3" referenceName="Connectivity - Number of component in (YPbPr)"/><CSItem code="IT4028192" rank="3" referenceName="Tuner/Reception/Transmission - MPEG Support"/><CSItem code="IT4037466" rank="3" referenceName="Smart TV Features - Program"/><CSItem code="IT4037607" rank="3" referenceName="Android - Memory size"/><CSItem code="IT4041113" rank="3" referenceName="Supported Display Resolution - Video inputs on HDMI1/2"/><CSItem code="IT4045565" rank="3" referenceName="Sound - Speaker configuration"/><CSItem code="3006177" rank="4" referenceName="Picture/Display - Panel resolution"/><CSItem code="3006515" rank="4" referenceName="Tuner/Reception/Transmission - Video Playback"/><CSItem code="3006591" rank="4" referenceName="Connectivity - Wireless connections"/><CSItem code="3006884" rank="4" referenceName="Dimensions - Set Width"/><CSItem code="4000081" rank="4" referenceName="Power - Ambient temperature"/><CSItem code="IT4008763" rank="4" referenceName="Multimedia Applications - Picture Playback Formats"/><CSItem code="IT4037467" rank="4" referenceName="Smart TV Features - SmartTV apps*"/><CSItem code="IT4041114" rank="4" referenceName="Supported Display Resolution - Video inputs on HDMI3/4"/><CSItem code="3006121" rank="5" referenceName="Picture/Display - Aspect ratio"/><CSItem code="3006573" rank="5" referenceName="Connectivity - Other connections"/><CSItem code="3006882" rank="5" referenceName="Dimensions - Set Height"/><CSItem code="IT4008765" rank="5" referenceName="Power - Power Saving Features"/><CSItem code="IT4034213" rank="5" referenceName="Tuner/Reception/Transmission - TV Program guide*"/><CSItem code="IT4037468" rank="5" referenceName="Smart TV Features - Ease of Installation"/><CSItem code="3006881" rank="6" referenceName="Dimensions - Set Depth"/><CSItem code="IT4001801" rank="6" referenceName="Connectivity - HDMI features"/><CSItem code="IT4015354" rank="6" referenceName="Power - Energy Label Class"/><CSItem code="IT4034214" rank="6" referenceName="Tuner/Reception/Transmission - Signal strength indication"/><CSItem code="IT4034274" rank="6" referenceName="Picture/Display - Pixel engine"/><CSItem code="IT4037469" rank="6" referenceName="Smart TV Features - Ease of Use"/><CSItem code="3006183" rank="7" referenceName="Picture/Display - Picture enhancement"/><CSItem code="3010081" rank="7" referenceName="Dimensions - Set width (with stand)"/><CSItem code="IT4001802" rank="7" referenceName="Connectivity - EasyLink (HDMI-CEC)"/><CSItem code="IT4016791" rank="7" referenceName="Power - Eu Energy Label power"/><CSItem code="IT4034215" rank="7" referenceName="Tuner/Reception/Transmission - Teletext"/><CSItem code="IT4037470" rank="7" referenceName="Smart TV Features - Firmware upgradeable"/><CSItem code="3010080" rank="8" referenceName="Dimensions - Set height (with stand)"/><CSItem code="IT4013218" rank="8" referenceName="Power - Annual energy consumption"/><CSItem code="IT4034211" rank="8" referenceName="Connectivity - HDCP 2.2"/><CSItem code="IT4037471" rank="8" referenceName="Smart TV Features - Screen Format Adjustments"/><CSItem code="3010079" rank="9" referenceName="Dimensions - Set depth (with stand)"/><CSItem code="IT4013217" rank="9" referenceName="Power - Mercury content"/><CSItem code="IT4037472" rank="9" referenceName="Smart TV Features - Philips TV Remote app*"/><CSItem code="IT4013214" rank="10" referenceName="Power - Presence of lead"/><CSItem code="IT4037475" rank="10" referenceName="Smart TV Features - Remote Control"/><CSItem code="IT4042932" rank="10" referenceName="Dimensions - TV stand width distance"/><CSItem code="4000961" rank="11" referenceName="Dimensions - VESA wall mount compatible"/><CSItem code="3006873" rank="12" referenceName="Dimensions - Product weight"/><CSItem code="3010611" rank="13" referenceName="Dimensions - Product weight (+stand)"/><CSItem code="3006911" rank="14" referenceName="Dimensions - Weight incl. Packaging"/></CSItems></Purpose></Filters><FeatureCompareGroups/><Disclaimers><Disclaimer code="DIS40004404" rank="1" referenceName="8 days EPG"><DisclaimerText>EPG en actuele gegevens (tot 8 dagen) zijn afhankelijk van land en kabelmaatschappij.</DisclaimerText><DisclaimElements/></Disclaimer><Disclaimer code="DIS40008492" rank="2" referenceName="Android Apps (2015)"><DisclaimerText>Het aanbod aan Android-app's verschilt per land. Ga voor meer informatie naar uw plaatselijke Google Play Store.</DisclaimerText><DisclaimElements/></Disclaimer><Disclaimer code="DIS40001802" rank="3" referenceName="Annual energy consumption"><DisclaimerText>Energieverbruik in kWh per jaar, op basis van het stroomverbruik van de televisie als deze 4 uur per dag, 365 dagen per jaar is ingeschakeld. Het werkelijke energieverbruik hangt af van hoe de televisie wordt gebruikt.</DisclaimerText><DisclaimElements/></Disclaimer><Disclaimer code="DIS40001441" rank="4" referenceName="DVB  disclaimer (2010)"><DisclaimerText>De TV biedt ondersteuning voor gratis DVB-uitzendingen. Mogelijk worden bepaalde DVB-aanbieders niet ondersteund. Ga voor een recente lijst met aanbieders naar het gedeelte met veelgestelde vragen van de ondersteuningswebsite van Philips. Voor bepaalde aanbieders zijn voorwaarden en een abonnement vereist. Neem voor meer informatie contact op met uw aanbieder.</DisclaimerText><DisclaimElements/></Disclaimer><Disclaimer code="DIS40008490" rank="5" referenceName="Philips TV Remote app (2015)"><DisclaimerText>Philips TV Remote-app en verwante functionaliteiten verschillen per TV-model, provider en land, smart device-model en besturingssysteem. Ga voor meer informatie naar: www.philips.com/TVRemoteapp.</DisclaimerText><DisclaimElements/></Disclaimer><Disclaimer code="DIS40008491" rank="6" referenceName="Smart TV Apps (2015)"><DisclaimerText>Het aanbod van Smart TV-apps verschilt per TV-model en land. Ga voor meer informatie naar: www.philips.com/smarttv.</DisclaimerText><DisclaimElements/></Disclaimer><Disclaimer code="DIS40004402" rank="7" referenceName="USB recording"><DisclaimerText>Alleen opnemen via USB voor digitale kanalen. Opnamen kunnen worden beperkt door een kopieerbeveiliging (CI+). Voor bepaalde landen en kanalen zijn mogelijk beperkingen van toepassing.</DisclaimerText><DisclaimElements/></Disclaimer><Disclaimer code="DIS40010923" rank="8" referenceName="Amazon Availability (2016)"><DisclaimerText>Uw Amazon-apps zijn mogelijk niet beschikbaar in uw land. (De Amazon-apps werken momenteel alleen in het Verenigd Koninkrijk, Duitsland en Oostenrijk)</DisclaimerText><DisclaimElements/></Disclaimer><Disclaimer code="DIS40001803" rank="9" referenceName="This television contains lead only in certain parts"><DisclaimerText>Deze televisie bevat lood in bepaalde onderdelen of componenten waarvoor geen alternatieve technologie bestaat, in overeenstemming met bestaande vrijstellingsclausules van de RoHS-richtlijn.</DisclaimerText><DisclaimElements/></Disclaimer><Disclaimer code="DIS40012460" rank="10" referenceName="GA* is fantastic"><DisclaimerText>Google Assistant ingebouwd is beschikbaar als software-update voor Android TV's uit 2018.</DisclaimerText><DisclaimElements/></Disclaimer><Disclaimer code="DIS40011750" rank="11" referenceName="Bluetooth soundbar"><DisclaimerText>HDMI-aansluiting vereist voor SoundBars, luidsprekers en andere audioapparaten.</DisclaimerText><DisclaimElements/></Disclaimer><Disclaimer code="DIS40012116" rank="12" referenceName="ChromeCast built-in"><DisclaimerText>De functionaliteit is onderhevig aan apps met ChromeCast ingebouwd en smart devices. Voor meer details gaat u naar pagina's over producten met ChromeCast ingebouwd.</DisclaimerText><DisclaimElements/></Disclaimer></Disclaimers><KeyValuePairs><KeyValuePair><Key>4043520</Key><Value>4100365</Value><Type>String</Type></KeyValuePair><KeyValuePair><Key>4043520</Key><Value>4100366</Value><Type>String</Type></KeyValuePair><KeyValuePair><Key>4043520</Key><Value>4100367</Value><Type>String</Type></KeyValuePair><KeyValuePair><Key>4043520</Key><Value>4100368</Value><Type>String</Type></KeyValuePair><KeyValuePair><Key>FdaFlag</Key><Value>false</Value><Type>String</Type></KeyValuePair><KeyValuePair><Key>GrantGroup</Key><Value>TPVISION</Value><Type>String</Type></KeyValuePair><KeyValuePair><Key>IT4032271</Key><Value>VA4075764</Value><Type>String</Type></KeyValuePair><KeyValuePair><Key>IT4033691</Key><Value>VA4078345</Value><Type>String</Type></KeyValuePair><KeyValuePair><Key>IT4033692</Key><Value>VA4078364</Value><Type>String</Type></KeyValuePair><KeyValuePair><Key>IT4033694</Key><Value>VA4080201</Value><Type>String</Type></KeyValuePair><KeyValuePair><Key>IT4033695</Key><Value>VA4078404</Value><Type>String</Type></KeyValuePair><KeyValuePair><Key>IT4033696</Key><Value>VA4078441</Value><Type>String</Type></KeyValuePair><KeyValuePair><Key>IT4033697</Key><Value>VA4078446</Value><Type>String</Type></KeyValuePair><KeyValuePair><Key>IT4033697</Key><Value>VA4094074</Value><Type>String</Type></KeyValuePair><KeyValuePair><Key>IT4033713</Key><Value>VA4094070</Value><Type>String</Type></KeyValuePair><KeyValuePair><Key>IT4033713</Key><Value>VA4094071</Value><Type>String</Type></KeyValuePair><KeyValuePair><Key>IT4033713</Key><Value>VA4100012</Value><Type>String</Type></KeyValuePair><KeyValuePair><Key>IT4034274</Key><Value>VA4099315</Value><Type>String</Type></KeyValuePair></KeyValuePairs><AccessoryByPacked><AccessoryByPackedCode>ABPP_3033001</AccessoryByPackedCode><AccessoryByPackedReference>Afstandsbediening</AccessoryByPackedReference><AccessoryByPackedName>Afstandsbediening</AccessoryByPackedName><AccessoryByPackedRank>1</AccessoryByPackedRank></AccessoryByPacked><AccessoryByPacked><AccessoryByPackedCode>ABPP_3033554</AccessoryByPackedCode><AccessoryByPackedReference>Voedingskabel</AccessoryByPackedReference><AccessoryByPackedName>Voedingskabel</AccessoryByPackedName><AccessoryByPackedRank>2</AccessoryByPackedRank></AccessoryByPacked><AccessoryByPacked><AccessoryByPackedCode>ABPP_VA4056481</AccessoryByPackedCode><AccessoryByPackedReference>Mini-aansluiting L/R-kabel</AccessoryByPackedReference><AccessoryByPackedName>Mini-aansluiting L/R-kabel</AccessoryByPackedName><AccessoryByPackedRank>3</AccessoryByPackedRank></AccessoryByPacked><AccessoryByPacked><AccessoryByPackedCode>ABPP_VA4054201</AccessoryByPackedCode><AccessoryByPackedReference>Mini-aansluiting YPbPr-kabel</AccessoryByPackedReference><AccessoryByPackedName>Mini-aansluiting YPbPr-kabel</AccessoryByPackedName><AccessoryByPackedRank>4</AccessoryByPackedRank></AccessoryByPacked><AccessoryByPacked><AccessoryByPackedCode>ABPP_3033561</AccessoryByPackedCode><AccessoryByPackedReference>Snelstartgids</AccessoryByPackedReference><AccessoryByPackedName>Snelstartgids</AccessoryByPackedName><AccessoryByPackedRank>5</AccessoryByPackedRank></AccessoryByPacked><AccessoryByPacked><AccessoryByPackedCode>ABPP_VA4015925</AccessoryByPackedCode><AccessoryByPackedReference>Brochure met wettelijk verplichte informatie en veiligheidsgegevens</AccessoryByPackedReference><AccessoryByPackedName>Brochure met wettelijk verplichte informatie en veiligheidsgegevens</AccessoryByPackedName><AccessoryByPackedRank>6</AccessoryByPackedRank></AccessoryByPacked><AccessoryByPacked><AccessoryByPackedCode>ABPP_3033021</AccessoryByPackedCode><AccessoryByPackedReference>Tafelstandaard</AccessoryByPackedReference><AccessoryByPackedName>Tafelstandaard</AccessoryByPackedName><AccessoryByPackedRank>7</AccessoryByPackedRank></AccessoryByPacked><AccessoryByPacked><AccessoryByPackedCode>ABPP_3047450</AccessoryByPackedCode><AccessoryByPackedReference>2 AA-batterijen</AccessoryByPackedReference><AccessoryByPackedName>2 AA-batterijen</AccessoryByPackedName><AccessoryByPackedRank>8</AccessoryByPackedRank></AccessoryByPacked><ProductClusters/><ProductRefs/><RichTexts/><GreenData><GreenAwards/><EnergyLabel><Name>Energielabel</Name><ShortDescription/><LongDescription>Philips werkt al jaren proactief aan de energiezuinigheid van haar producten. De meeste producten van Philips hebben zo een groen energielabel verworven. Hoe groener het label, des te lager het energieverbruik en uw energierekening, en hoe beter voor het milieu.</LongDescription><Text/><EnergyClass rank="4"><Code>EC_EU_7_T3</Code><Countrycode>NL</Countrycode><Value>A</Value><Description>NETHERLANDS</Description></EnergyClass></EnergyLabel></GreenData></Product></Products>