<?xml version="1.0" encoding="UTF-8"?><Products xmlns:source="http://apache.org/cocoon/source/1.0" DocStatus="approved" DocTimeStamp="2018-10-31T11:31:02" DocType="PMT" DocVersion="xUCDM_product_external_CQ5_1_1_25"><Product Country="NL" IsAccessory="false" IsLocalized="true" IsMaster="false" Locale="nl_NL" lastModified="2018-10-31T04:39:04" masterLastModified="2017-05-10T23:52:48"><CTN>49PUS6101/12</CTN><Code12NC>867000136414</Code12NC><GTIN>8718863008577</GTIN><MarketingVersion>14.0.1</MarketingVersion><MarketingStatus>Final Published</MarketingStatus><CRDate>2016-04-15</CRDate><CRDateYW>201616</CRDateYW><ModelYears/><ProductDivision><ProductDivisionCode>0200</ProductDivisionCode><ProductDivisionName>Consumer Lifestyle</ProductDivisionName><FormerPDCode>3400</FormerPDCode></ProductDivision><ProductOwner>Alex Wu</ProductOwner><DTN>49PUS6101/12</DTN><Assets><Asset code="49PUS6101_12" description="User manual" extension="pdf" extent="2571136" lastModified="2018-10-31" locale="nl_NL" number="001" type="DFU">http://download.p4c.philips.com/files/4/49pus6101_12/49pus6101_12_dfu_nld.pdf</Asset><Asset code="49PUS6101_12" description="Product Fiche" extension="pdf" extent="108344" lastModified="2018-10-31" locale="nl_NL" number="001" type="PRF">http://download.p4c.philips.com/files/4/49pus6101_12/49pus6101_12_prf_nld.pdf</Asset><Asset code="49PUS6101_12" description="Leaflet" extension="pdf" extent="903267" lastModified="2018-10-31" locale="nl_NL" number="001" type="PSS">http://download.p4c.philips.com/files/4/49pus6101_12/49pus6101_12_pss_nldnl.pdf</Asset><Asset code="49PUS6101_12" description="Quick start guide" extension="pdf" extent="3031954" lastModified="2018-10-31" locale="nl_NL" number="001" type="QSG">http://download.p4c.philips.com/files/4/49pus6101_12/49pus6101_12_qsg_nld.pdf</Asset><Asset code="49PUS6101_12" description="Retail Trade Leaflet" extension="pdf" extent="197557" lastModified="2018-10-31" locale="nl_NL" number="001" type="RTL">http://download.p4c.philips.com/files/4/49pus6101_12/49pus6101_12_rtl_nldnl.pdf</Asset><Asset code="49PUS6101_12" description="Front product photograph - highres 2196x1795" extension="tif" extent="3476352" lastModified="2018-10-31" locale="global" number="001" type="_FP">http://images.philips.com/is/image/PhilipsConsumer/49PUS6101_12-_FP-global-001</Asset><Asset code="49PUS6101_12" description="Connector side drawing - highres 2362x1181" extension="tif" extent="695600" lastModified="2018-10-31" locale="global" number="001" type="COP">http://images.philips.com/is/image/PhilipsConsumer/49PUS6101_12-COP-global-001</Asset><Asset code="49PUS6101_12" description="Energy Label - Rainbow " extension="pdf" extent="73977" lastModified="2018-10-31" locale="global" number="001" type="ELR">http://download.p4c.philips.com/files/4/49pus6101_12/49pus6101_12_elr_.pdf</Asset><Asset code="49PUS6101_12" description="Main in-use photograph - highres 2480x1462" extension="tif" extent="2910352" lastModified="2018-10-31" locale="global" number="001" type="MI1">http://images.philips.com/is/image/PhilipsConsumer/49PUS6101_12-MI1-global-001</Asset><Asset code="49PUS6101_12" description="Leaflet" extension="pdf" extent="904228" lastModified="2018-10-31" locale="global" number="001" type="PSS">http://download.p4c.philips.com/files/4/49pus6101_12/49pus6101_12_pss_.pdf</Asset><Asset code="49PUS6101_12" description="Remote control photograph - highres 1772x2953" extension="tif" extent="2888150" lastModified="2018-10-31" locale="global" number="001" type="RCP">http://images.philips.com/is/image/PhilipsConsumer/49PUS6101_12-RCP-global-001</Asset><Asset code="49PUS6101_12" description="Standard product photograph - highres 2196x1795" extension="tif" extent="4284214" lastModified="2018-10-31" locale="global" number="001" type="RTP">http://images.philips.com/is/image/PhilipsConsumer/49PUS6101_12-RTP-global-001</Asset><Asset code="49PUS6101_12" description="Single product shot" extension="" lastModified="2018-10-31" locale="nl_NL" number="" type="IMS">http://images.philips.com/is/image/PhilipsConsumer/49PUS6101_12-IMS-nl_NL</Asset><Asset code="49PUS6101_12" description="Product gallery image set" extension="" lastModified="2018-10-31" locale="nl_NL" number="" type="GAL">http://images.philips.com/is/image/PhilipsConsumer/49PUS6101_12-GAL-nl_NL</Asset><Asset code="49PUS6101_12" description="Product URL" extension="" lastModified="2018-10-31" locale="nl_NL" number="" type="URL">http://www.philips.nl/c-p/49PUS6101_12/6000-series-ultraslanke-4k-smart-led-tv-met-pixel-plus-ultra-hd</Asset><Asset code="ALA_224794949NL" description="Award rank" extension="png" extent="0" lastModified="2018-10-31" locale="nl_NL" number="001" type="AWR">http://images.philips.com/is/image/PhilipsConsumer/ALR089-AWR-nl_NL-001</Asset><Asset code="ALA_224794949NL" description="Award URL" extension="html" extent="0" lastModified="2018-10-31" locale="nl_NL" number="001" type="AWU">http://alatest.nl/professionele-reviews/televisies/a/po3-224794949,33/#partner:50428</Asset><Asset code="ALA_68175751" description="Award rank" extension="png" extent="0" lastModified="2018-10-31" locale="nl_NL" number="001" type="AWR">http://images.philips.com/is/image/PhilipsConsumer/ALR004-AWR-nl_NL-001</Asset><Asset code="ALA_68175751" description="Award URL" extension="html" extent="0" lastModified="2018-10-31" locale="nl_NL" number="001" type="AWU">http://www.brand-reviews.philips.nl/7543b-nl_nl/55PUS6101_12/philips-philips-6000-series-ultraslanke-4k-smart-led-tv-55pus6101-139-cm-55-4k-dual-core-ultra-hd-led-tv-met-dvb-t-t2-c-s-s2-met-pixel-plus-ultra-hd-reviews/reviews.htm?reviewID=68175751</Asset><Asset code="ALA_68589291" description="Award rank" extension="png" extent="0" lastModified="2018-10-31" locale="nl_NL" number="001" type="AWR">http://images.philips.com/is/image/PhilipsConsumer/ALR005-AWR-nl_NL-001</Asset><Asset code="ALA_68589291" description="Award URL" extension="html" extent="0" lastModified="2018-10-31" locale="nl_NL" number="001" type="AWU">http://www.brand-reviews.philips.nl/7543b-nl_nl/43PUS6101_12/philips-philips-6000-series-ultraslanke-4k-smart-led-tv-43pus6101-108-cm-43-4k-dual-core-ultra-hd-led-tv-met-dvb-t-t2-c-s-s2-met-pixel-plus-ultra-hd-reviews/reviews.htm?reviewID=68589291</Asset><Asset code="ALA_68665060" description="Award rank" extension="png" extent="0" lastModified="2018-10-31" locale="nl_NL" number="001" type="AWR">http://images.philips.com/is/image/PhilipsConsumer/ALR005-AWR-nl_NL-001</Asset><Asset code="ALA_68665060" description="Award URL" extension="html" extent="0" lastModified="2018-10-31" locale="nl_NL" number="001" type="AWU">http://www.brand-reviews.philips.nl/7543b-nl_nl/49PUS6101_12/philips-philips-6000-series-ultraslanke-4k-smart-led-tv-49pus6101-123-cm-49-4k-dual-core-ultra-hd-led-tv-met-dvb-t-t2-c-s-s2-met-pixel-plus-ultra-hd-reviews/reviews.htm?reviewID=68665060</Asset><Asset code="ALS_10000002" description="Award source logo" extension="png" extent="0" lastModified="2018-10-31" locale="nl_NL" number="001" type="AWL">http://images.philips.com/is/image/PhilipsConsumer/ALS_10000002-AWL-nl_NL-001</Asset><Asset code="ALS_10000002" description="Award www" extension="html" extent="0" lastModified="2018-10-31" locale="nl_NL" number="001" type="AWW">http://alatest.co.uk/redirect/sources/10000002/50428/</Asset><Asset code="ALS_12101" description="Award source logo" extension="png" extent="0" lastModified="2018-10-31" locale="nl_NL" number="001" type="AWL">http://images.philips.com/is/image/PhilipsConsumer/ALS_12101-AWL-nl_NL-001</Asset><Asset code="EC_EU_8_T2" description="Energy Label" extension="tif" extent="546367" lastModified="2018-10-31" locale="global" number="001" type="ENL">http://images.philips.com/is/image/PhilipsConsumer/EC_EU_8_T2-ENL-global-001</Asset><Asset code="F400063347" description="Feature photograph - highres 2100x1170" extension="tif" extent="3028276" lastModified="2018-10-31" locale="global" number="001" type="FIL">http://images.philips.com/is/image/PhilipsConsumer/F400063347-FIL-global-001</Asset><Asset code="F400063347" description="Feature logo - highres 331x213" extension="tif" extent="602194" lastModified="2018-10-31" locale="global" number="001" type="FLP">http://images.philips.com/is/image/PhilipsConsumer/F400063347-FLP-global-001</Asset><Asset code="F400063347" description="Feature movie activation image big - 640 x 360" extension="jpg" extent="115556" lastModified="2018-10-31" locale="global" number="001" type="FMB">http://images.philips.com/is/image/PhilipsConsumer/F400063347-FMB-global-001</Asset><Asset code="F400063365" description="Feature photograph - highres 2100x1170" extension="tif" extent="2525172" lastModified="2018-10-31" locale="global" number="001" type="FIL">http://images.philips.com/is/image/PhilipsConsumer/F400063365-FIL-global-001</Asset><Asset code="F400063365" description="Feature logo - highres 331x213" extension="tif" extent="607766" lastModified="2018-10-31" locale="global" number="001" type="FLP">http://images.philips.com/is/image/PhilipsConsumer/F400063365-FLP-global-001</Asset><Asset code="F400063365" description="Feature movie activation image big - 640 x 360" extension="jpg" extent="171595" lastModified="2018-10-31" locale="global" number="001" type="FMB">http://images.philips.com/is/image/PhilipsConsumer/F400063365-FMB-global-001</Asset><Asset code="F400070645" description="Feature photograph - highres 2100x1170" extension="tif" extent="2337670" lastModified="2018-10-31" locale="global" number="001" type="FIL">http://images.philips.com/is/image/PhilipsConsumer/F400070645-FIL-global-001</Asset><Asset code="F400070645" description="Feature logo - highres 331x213" extension="tif" extent="676240" lastModified="2018-10-31" locale="global" number="001" type="FLP">http://images.philips.com/is/image/PhilipsConsumer/F400070645-FLP-global-001</Asset><Asset code="F400072858" description="Feature logo - highres 331x213" extension="tif" extent="662404" lastModified="2018-10-31" locale="global" number="001" type="FLP">http://images.philips.com/is/image/PhilipsConsumer/F400072858-FLP-global-001</Asset><Asset code="F400076576" description="Feature photograph - highres 2100x1170" extension="tif" extent="2998784" lastModified="2018-10-31" locale="global" number="001" type="FIL">http://images.philips.com/is/image/PhilipsConsumer/F400076576-FIL-global-001</Asset><Asset code="F400076576" description="Feature logo - highres 331x213" extension="tif" extent="637116" lastModified="2018-10-31" locale="global" number="001" type="FLP">http://images.philips.com/is/image/PhilipsConsumer/F400076576-FLP-global-001</Asset><Asset code="F400076576" description="Feature movie activation image big - 640 x 360" extension="jpg" extent="171162" lastModified="2018-10-31" locale="global" number="001" type="FMB">http://images.philips.com/is/image/PhilipsConsumer/F400076576-FMB-global-001</Asset><Asset code="F400076576" description="Feature movie (with spoken or written text)" extension="flv" extent="159205264" lastModified="2018-10-31" locale="nl_NL" number="001" type="FML">http://images.philips.com/is/content/PhilipsConsumer/CCR1608180356-FML-global-001</Asset><Asset code="F400076583" description="Feature logo - highres 331x213" extension="tif" extent="51782" lastModified="2018-10-31" locale="global" number="001" type="FLP">http://images.philips.com/is/image/PhilipsConsumer/F400076583-FLP-global-001</Asset><Asset code="F400076631" description="Feature logo - highres 331x213" extension="tif" extent="107886" lastModified="2018-10-31" locale="global" number="001" type="FLP">http://images.philips.com/is/image/PhilipsConsumer/F400076631-FLP-global-001</Asset><Asset code="GA40018083" description="Global award logo - highres 590x590" extension="tif" extent="49966" lastModified="2018-10-31" locale="global" number="001" type="GAP">http://images.philips.com/is/image/PhilipsConsumer/GA40018083-GAP-global-001</Asset><Asset code="GA40018086" description="Global award logo - highres 590x590" extension="tif" extent="637116" lastModified="2018-10-31" locale="global" number="001" type="GAP">http://images.philips.com/is/image/PhilipsConsumer/GA40018086-GAP-global-001</Asset><Asset code="GA40018087" description="Global award logo - highres 590x590" extension="tif" extent="58524" lastModified="2018-10-31" locale="global" number="001" type="GAP">http://images.philips.com/is/image/PhilipsConsumer/GA40018087-GAP-global-001</Asset><Asset code="PHI" description="Brand logo - highres 1476x886" extension="tif" extent="641666" lastModified="2018-10-31" locale="global" number="001" type="BRP">http://images.philips.com/is/image/PhilipsConsumer/PHI-BRP-global-001</Asset></Assets><ProductName>123 cm (49") ultraslanke 4K Smart LED-TV</ProductName><NamingString><MasterBrand><BrandCode>PHI</BrandCode><BrandName>Philips</BrandName></MasterBrand><BrandString>Philips</BrandString><Concept><ConceptCode>SB40001228</ConceptCode><ConceptName>6000 series</ConceptName><ConceptNameUsed>1</ConceptNameUsed></Concept><Descriptor><DescriptorCode>D4027263</DescriptorCode><DescriptorName>Ultraslanke 4K Smart LED-TV</DescriptorName></Descriptor><Alphanumeric>49PUS6101</Alphanumeric><VersionElement1><VersionElementCode>V4035265</VersionElementCode><VersionElementName>123 cm (49")</VersionElementName></VersionElement1><VersionElement2><VersionElementCode>V4032883</VersionElementCode><VersionElementName>4K Ultra HD-LED TV</VersionElementName></VersionElement2><VersionElement3><VersionElementCode>V4032887</VersionElementCode><VersionElementName>Dual Core</VersionElementName></VersionElement3><VersionElement4><VersionElementCode>V4042871</VersionElementCode><VersionElementName>DVB T/C/T2/T2-HD/S/S2</VersionElementName></VersionElement4><VersionString>123 cm (49") 4K Dual Core Ultra HD LED-TV met DVB T/C/T2/T2-HD/S/S2</VersionString><BrandedFeatureCode1>F400076583</BrandedFeatureCode1><BrandedFeatureString>met Pixel Plus Ultra HD</BrandedFeatureString><DescriptorBrandedFeatureString>Ultraslanke 4K Smart LED-TV met Pixel Plus Ultra HD</DescriptorBrandedFeatureString></NamingString><WOW>Ultraslanke 4K Smart LED-TV</WOW><SubWOW>met Pixel Plus Ultra HD</SubWOW><MarketingTextHeader>Geniet van functionele elegantie en slimme connectiviteit. De Philips 6100-serie biedt 4K Ultra HD-beeldkwaliteit voor geweldige details en de geïntegreerde Smart TV is eenvoudig te gebruiken - een uitstekende keuze voor comfortabel entertainment.</MarketingTextHeader><KeyBenefitArea><KeyBenefitAreaCode>K4032201</KeyBenefitAreaCode><KeyBenefitAreaName>De beste functies in een elegant design</KeyBenefitAreaName><KeyBenefitAreaRank>1</KeyBenefitAreaRank><Feature><FeatureCode>F400063347</FeatureCode><FeatureReferenceName>Ultra Slim profile (2014)</FeatureReferenceName><FeatureName>Uiterst gestroomlijnd</FeatureName><FeatureLongDescription>Uiterst gestroomlijnd voor een elegante uitstraling</FeatureLongDescription><FeatureGlossary>Gestroomlijnd. Geavanceerd. Elegant. Nauwkeurig. Het Philips Ultra Slim-silhouet. Dat zo iets subtiels zo kan inspireren is niet verrassend, het is een verrijking van uw interieur.</FeatureGlossary><FeatureRank>4</FeatureRank><FeatureTopRank>1</FeatureTopRank></Feature><Feature><FeatureCode>F400076560</FeatureCode><FeatureReferenceName>Black blade stands (2016)</FeatureReferenceName><FeatureName>Zwarte standaarden</FeatureName><FeatureLongDescription>Ultradunne zwarte standaarden</FeatureLongDescription><FeatureGlossary>Donker, mysterieus en ongelooflijk sterk. De zwarte standaarden van Philips tillen uw TV naar een hoger niveau. De duurzame constructie met een subtiel design straalt precies dezelfde elegantie en stijl uit als uw nieuwe TV. Het is een wonder dat zoiets kleins zo sterk kan zijn.</FeatureGlossary><FeatureRank>3</FeatureRank><FeatureTopRank>6</FeatureTopRank></Feature></KeyBenefitArea><KeyBenefitArea><KeyBenefitAreaCode>K4030248</KeyBenefitAreaCode><KeyBenefitAreaName>Passie voor beeldkwaliteit</KeyBenefitAreaName><KeyBenefitAreaRank>2</KeyBenefitAreaRank><Feature><FeatureCode>F400076576</FeatureCode><FeatureReferenceName>4K Ultra HD (2016)</FeatureReferenceName><FeatureName>4K Ultra HD</FeatureName><FeatureLongDescription>4K Ultra HD is ongeëvenaard</FeatureLongDescription><FeatureGlossary>Een Ultra HD-TV heeft vier keer de resolutie van een conventionele Full HD-TV. Met meer dan 8 miljoen pixels en onze unieke Ultra Resolution Upscaling-technologie profiteert u van de best mogelijke beeldkwaliteit. Hoe hoger de kwaliteit van uw oorspronkelijke content, hoe beter de beeldkwaliteit en de resolutie is. Geniet van verbeterde scherpte, een grotere diepteweergave, superieur contrast, vloeiende, natuurlijke bewegingen en perfecte details.</FeatureGlossary><FeatureRank>2</FeatureRank><FeatureTopRank>2</FeatureTopRank></Feature><Feature><FeatureCode>F400076583</FeatureCode><FeatureReferenceName>Pixel Plus Ultra HD (2016)</FeatureReferenceName><FeatureName>Pixel Plus Ultra HD</FeatureName><FeatureLongDescription>Ontdek Ultra HD-beeldkwaliteit met Pixel Plus Ultra HD</FeatureLongDescription><FeatureGlossary>Ervaar 4K Ultra HD-scherpte met de Philips Pixel Plus Ultra HD-engine. Deze optimaliseert de beeldkwaliteit voor vloeiende beelden met ongelooflijk veel details en diepte. Geniet keer op keer van scherpere 4K-beelden met helderder wit en dieper zwart.</FeatureGlossary><FeatureRank>5</FeatureRank><FeatureTopRank>3</FeatureTopRank></Feature><Feature><FeatureCode>F400070645</FeatureCode><FeatureReferenceName>Micro Dimming (2015)</FeatureReferenceName><FeatureName>Micro Dimming</FeatureName><FeatureLongDescription>Micro Dimming optimaliseert het contrast op uw TV</FeatureLongDescription><FeatureGlossary>Dankzij onze speciale software wordt het beeld in 6400 verschillende zones geanalyseerd en dienovereenkomstig aangepast, voor fantastisch contrast, levensechte beeldkwaliteit en een geweldige visuele beleving.</FeatureGlossary><FeatureRank>6</FeatureRank><FeatureTopRank>5</FeatureTopRank></Feature><Feature><FeatureCode>F400081308</FeatureCode><FeatureReferenceName>HEVC (H.265)</FeatureReferenceName><FeatureName>HEVC-ondersteuning voor 4K-uitzending</FeatureName><FeatureLongDescription>De nieuwe geïntegreerde HEVC-standaard om van hoogwaardige 4K te genieten</FeatureLongDescription><FeatureGlossary>Dankzij de nieuwe geïntegreerde HEVC-standaard (H.265) kunt u genieten van hoogwaardige 4K-uitzendingen.</FeatureGlossary><FeatureRank>7</FeatureRank><FeatureTopRank>7</FeatureTopRank></Feature></KeyBenefitArea><KeyBenefitArea><KeyBenefitAreaCode>K4032203</KeyBenefitAreaCode><KeyBenefitAreaName>Deze Smart TV verruimt uw kijkervaring</KeyBenefitAreaName><KeyBenefitAreaRank>3</KeyBenefitAreaRank><Feature><FeatureCode>F400063365</FeatureCode><FeatureReferenceName>Smart TV generic no apps (2014)</FeatureReferenceName><FeatureName>Smart TV</FeatureName><FeatureLongDescription>Smart TV: een geheel nieuwe wereld om te ontdekken</FeatureLongDescription><FeatureGlossary>Ontdek een slimmere ervaring die veel verder gaat dan traditionele TV. Huur en stream films, video's of games van online videotheken. Bekijk gemiste uitzendingen van uw favoriete zenders en geniet van het groeiende aantal online apps met Smart TV.</FeatureGlossary><FeatureRank>1</FeatureRank><FeatureTopRank>4</FeatureTopRank></Feature></KeyBenefitArea><FeatureLogo><FeatureCode>F400076583</FeatureCode><FeatureReferenceName>Pixel Plus Ultra HD (2016)</FeatureReferenceName><FeatureLogoRank>1</FeatureLogoRank></FeatureLogo><FeatureLogo><FeatureCode>F400070645</FeatureCode><FeatureReferenceName>Micro Dimming (2015)</FeatureReferenceName><FeatureLogoRank>4</FeatureLogoRank></FeatureLogo><FeatureLogo><FeatureCode>F400076631</FeatureCode><FeatureReferenceName>800 PPI (2016)</FeatureReferenceName><FeatureLogoRank>5</FeatureLogoRank></FeatureLogo><FeatureLogo><FeatureCode>F400078571</FeatureCode><FeatureReferenceName>HEVC support for 4k broadcast (2016)</FeatureReferenceName><FeatureLogoRank>6</FeatureLogoRank></FeatureLogo><FeatureLogo><FeatureCode>F400072858</FeatureCode><FeatureReferenceName>Energy Class A+</FeatureReferenceName><FeatureLogoRank>7</FeatureLogoRank></FeatureLogo><FeatureImage><FeatureCode>F400063347</FeatureCode><FeatureReferenceName>Ultra Slim profile (2014)</FeatureReferenceName><FeatureImageRank>1</FeatureImageRank></FeatureImage><FeatureImage><FeatureCode>F400076576</FeatureCode><FeatureReferenceName>4K Ultra HD (2016)</FeatureReferenceName><FeatureImageRank>2</FeatureImageRank></FeatureImage><FeatureImage><FeatureCode>F400076583</FeatureCode><FeatureReferenceName>Pixel Plus Ultra HD (2016)</FeatureReferenceName><FeatureImageRank>3</FeatureImageRank></FeatureImage><FeatureImage><FeatureCode>F400063365</FeatureCode><FeatureReferenceName>Smart TV generic no apps (2014)</FeatureReferenceName><FeatureImageRank>4</FeatureImageRank></FeatureImage><FeatureImage><FeatureCode>F400070645</FeatureCode><FeatureReferenceName>Micro Dimming (2015)</FeatureReferenceName><FeatureImageRank>5</FeatureImageRank></FeatureImage><FeatureImage><FeatureCode>F400076560</FeatureCode><FeatureReferenceName>Black blade stands (2016)</FeatureReferenceName><FeatureImageRank>6</FeatureImageRank></FeatureImage><FeatureImage><FeatureCode>F400081308</FeatureCode><FeatureReferenceName>HEVC (H.265)</FeatureReferenceName><FeatureImageRank>7</FeatureImageRank></FeatureImage><FeatureHighlight><FeatureCode>F400063347</FeatureCode><FeatureReferenceName>Ultra Slim profile (2014)</FeatureReferenceName><FeatureHighlightRank>1</FeatureHighlightRank></FeatureHighlight><FeatureHighlight><FeatureCode>F400076576</FeatureCode><FeatureReferenceName>4K Ultra HD (2016)</FeatureReferenceName><FeatureHighlightRank>2</FeatureHighlightRank></FeatureHighlight><FeatureHighlight><FeatureCode>F400076583</FeatureCode><FeatureReferenceName>Pixel Plus Ultra HD (2016)</FeatureReferenceName><FeatureHighlightRank>3</FeatureHighlightRank></FeatureHighlight><FeatureHighlight><FeatureCode>F400063365</FeatureCode><FeatureReferenceName>Smart TV generic no apps (2014)</FeatureReferenceName><FeatureHighlightRank>4</FeatureHighlightRank></FeatureHighlight><FeatureHighlight><FeatureCode>F400070645</FeatureCode><FeatureReferenceName>Micro Dimming (2015)</FeatureReferenceName><FeatureHighlightRank>5</FeatureHighlightRank></FeatureHighlight><FeatureHighlight><FeatureCode>F400076560</FeatureCode><FeatureReferenceName>Black blade stands (2016)</FeatureReferenceName><FeatureHighlightRank>6</FeatureHighlightRank></FeatureHighlight><FeatureHighlight><FeatureCode>F400081308</FeatureCode><FeatureReferenceName>HEVC (H.265)</FeatureReferenceName><FeatureHighlightRank>7</FeatureHighlightRank></FeatureHighlight><CSChapter><CSChapterCode>3000796</CSChapterCode><CSChapterName>Beeld/scherm</CSChapterName><CSChapterRank>1</CSChapterRank><CSItem><CSItemCode>IT4009349</CSItemCode><CSItemName>Display</CSItemName><CSItemRank>1</CSItemRank><CSItemIsFreeFormat>0</CSItemIsFreeFormat><CSValue><CSValueCode>VA4079466</CSValueCode><CSValueName>4K Ultra HD-LED</CSValueName><CSValueRank>1</CSValueRank></CSValue></CSItem><CSItem><CSItemCode>IT4013216</CSItemCode><CSItemName>Verhouding maximale helderheid</CSItemName><CSItemRank>1</CSItemRank><CSItemIsFreeFormat>1</CSItemIsFreeFormat><CSValue><CSValueCode>VA4025544</CSValueCode><CSValueName>65</CSValueName><CSValueRank>1</CSValueRank></CSValue><UnitOfMeasure><UnitOfMeasureCode>3000065</UnitOfMeasureCode><UnitOfMeasureName>percentage</UnitOfMeasureName><UnitOfMeasureSymbol>%</UnitOfMeasureSymbol></UnitOfMeasure></CSItem><CSItem><CSItemCode>3006140</CSItemCode><CSItemName>Schermdiagonaal (centimeters)</CSItemName><CSItemRank>2</CSItemRank><CSItemIsFreeFormat>1</CSItemIsFreeFormat><CSValue><CSValueCode>3031123</CSValueCode><CSValueName>123</CSValueName><CSValueRank>1</CSValueRank></CSValue><UnitOfMeasure><UnitOfMeasureCode>3000039</UnitOfMeasureCode><UnitOfMeasureName>centimeter</UnitOfMeasureName><UnitOfMeasureSymbol>cm</UnitOfMeasureSymbol></UnitOfMeasure></CSItem><CSItem><CSItemCode>3006139</CSItemCode><CSItemName>Schermdiagonaal (inch)</CSItemName><CSItemRank>3</CSItemRank><CSItemIsFreeFormat>1</CSItemIsFreeFormat><CSValue><CSValueCode>3031122</CSValueCode><CSValueName>49</CSValueName><CSValueRank>1</CSValueRank></CSValue><UnitOfMeasure><UnitOfMeasureCode>3000047</UnitOfMeasureCode><UnitOfMeasureName>inch</UnitOfMeasureName><UnitOfMeasureSymbol>inch</UnitOfMeasureSymbol></UnitOfMeasure></CSItem><CSItem><CSItemCode>3006177</CSItemCode><CSItemName>Schermresolutie</CSItemName><CSItemRank>4</CSItemRank><CSItemIsFreeFormat>0</CSItemIsFreeFormat><CSValue><CSValueCode>VA4079565</CSValueCode><CSValueName>3840 x 2160</CSValueName><CSValueRank>1</CSValueRank></CSValue></CSItem><CSItem><CSItemCode>3006121</CSItemCode><CSItemName>Beeldformaat</CSItemName><CSItemRank>5</CSItemRank><CSItemIsFreeFormat>0</CSItemIsFreeFormat><CSValue><CSValueCode>3031098</CSValueCode><CSValueName>16:9</CSValueName><CSValueRank>1</CSValueRank></CSValue></CSItem><CSItem><CSItemCode>3006127</CSItemCode><CSItemName>Helderheid</CSItemName><CSItemRank>6</CSItemRank><CSItemIsFreeFormat>1</CSItemIsFreeFormat><CSValue><CSValueCode>3031110</CSValueCode><CSValueName>350</CSValueName><CSValueRank>1</CSValueRank></CSValue><UnitOfMeasure><UnitOfMeasureCode>3000038</UnitOfMeasureCode><UnitOfMeasureName>candela per vierkante meter</UnitOfMeasureName><UnitOfMeasureSymbol>cd/m²</UnitOfMeasureSymbol></UnitOfMeasure></CSItem><CSItem><CSItemCode>3006183</CSItemCode><CSItemName>Beeldverbetering</CSItemName><CSItemRank>7</CSItemRank><CSItemIsFreeFormat>0</CSItemIsFreeFormat><CSValue><CSValueCode>VA4078301</CSValueCode><CSValueName>Pixel Plus Ultra HD</CSValueName><CSValueRank>1</CSValueRank></CSValue><CSValue><CSValueCode>VA4047451</CSValueCode><CSValueName>Micro Dimming</CSValueName><CSValueRank>2</CSValueRank></CSValue></CSItem></CSChapter><CSChapter><CSChapterCode>CH4007621</CSChapterCode><CSChapterName>Smart TV-functies</CSChapterName><CSChapterRank>2</CSChapterRank><CSItem><CSItemCode>IT4037464</CSItemCode><CSItemName>Gebruikersinteractie</CSItemName><CSItemRank>1</CSItemRank><CSItemIsFreeFormat>0</CSItemIsFreeFormat><CSValue><CSValueCode>VA4086944</CSValueCode><CSValueName>MultiRoom Client</CSValueName><CSValueRank>1</CSValueRank></CSValue><CSValue><CSValueCode>VA4086943</CSValueCode><CSValueName>SimplyShare</CSValueName><CSValueRank>2</CSValueRank></CSValue><CSValue><CSValueCode>VA4086946</CSValueCode><CSValueName>Gecertificeerd voor Wi-Fi Miracast*</CSValueName><CSValueRank>3</CSValueRank></CSValue></CSItem><CSItem><CSItemCode>IT4037465</CSItemCode><CSItemName>Interactieve TV</CSItemName><CSItemRank>2</CSItemRank><CSItemIsFreeFormat>0</CSItemIsFreeFormat><CSValue><CSValueCode>VA4086947</CSValueCode><CSValueName>HbbTV</CSValueName><CSValueRank>1</CSValueRank></CSValue></CSItem><CSItem><CSItemCode>IT4037466</CSItemCode><CSItemName>Programmeren</CSItemName><CSItemRank>3</CSItemRank><CSItemIsFreeFormat>0</CSItemIsFreeFormat><CSValue><CSValueCode>VA4086948</CSValueCode><CSValueName>TV pauzeren</CSValueName><CSValueRank>1</CSValueRank></CSValue><CSValue><CSValueCode>VA4086949</CSValueCode><CSValueName>Opnemen via USB*</CSValueName><CSValueRank>2</CSValueRank></CSValue></CSItem><CSItem><CSItemCode>IT4037467</CSItemCode><CSItemName>SmartTV-apps*</CSItemName><CSItemRank>4</CSItemRank><CSItemIsFreeFormat>0</CSItemIsFreeFormat><CSValue><CSValueCode>VA4086951</CSValueCode><CSValueName>Onlinevideotheken</CSValueName><CSValueRank>1</CSValueRank></CSValue><CSValue><CSValueCode>VA4086957</CSValueCode><CSValueName>Internetbrowser openen</CSValueName><CSValueRank>2</CSValueRank></CSValue><CSValue><CSValueCode>VA4086956</CSValueCode><CSValueName>Social TV</CSValueName><CSValueRank>3</CSValueRank></CSValue><CSValue><CSValueCode>VA4086950</CSValueCode><CSValueName>TV on Demand</CSValueName><CSValueRank>4</CSValueRank></CSValue><CSValue><CSValueCode>VA4086955</CSValueCode><CSValueName>YouTube</CSValueName><CSValueRank>5</CSValueRank></CSValue></CSItem><CSItem><CSItemCode>IT4037468</CSItemCode><CSItemName>Gemakkelijk te installeren</CSItemName><CSItemRank>5</CSItemRank><CSItemIsFreeFormat>0</CSItemIsFreeFormat><CSValue><CSValueCode>VA4086958</CSValueCode><CSValueName>Automatische detectie van Philips-apparaten</CSValueName><CSValueRank>1</CSValueRank></CSValue><CSValue><CSValueCode>VA4086959</CSValueCode><CSValueName>Apparaataansluitwizard</CSValueName><CSValueRank>2</CSValueRank></CSValue><CSValue><CSValueCode>VA4086960</CSValueCode><CSValueName>Netwerkinstallatiewizard</CSValueName><CSValueRank>3</CSValueRank></CSValue><CSValue><CSValueCode>VA4086961</CSValueCode><CSValueName>Instellingenwizard</CSValueName><CSValueRank>4</CSValueRank></CSValue></CSItem><CSItem><CSItemCode>IT4037470</CSItemCode><CSItemName>Firmware-upgrade mogelijk</CSItemName><CSItemRank>6</CSItemRank><CSItemIsFreeFormat>0</CSItemIsFreeFormat><CSValue><CSValueCode>VA4086964</CSValueCode><CSValueName>Auto-upgradewizard voor firmware</CSValueName><CSValueRank>1</CSValueRank></CSValue><CSValue><CSValueCode>VA4086965</CSValueCode><CSValueName>Firmware te upgraden via USB</CSValueName><CSValueRank>2</CSValueRank></CSValue><CSValue><CSValueCode>VA4086966</CSValueCode><CSValueName>Onlinefirmware-upgrade</CSValueName><CSValueRank>3</CSValueRank></CSValue></CSItem><CSItem><CSItemCode>IT4037471</CSItemCode><CSItemName>Aanpassingen van beeldformaat</CSItemName><CSItemRank>7</CSItemRank><CSItemIsFreeFormat>0</CSItemIsFreeFormat><CSValue><CSValueCode>VA4086975</CSValueCode><CSValueName>Geavanceerd - Shift</CSValueName><CSValueRank>1</CSValueRank></CSValue><CSValue><CSValueCode>VA4086973</CSValueCode><CSValueName>Standaard - Schermvullend</CSValueName><CSValueRank>2</CSValueRank></CSValue><CSValue><CSValueCode>VA4086974</CSValueCode><CSValueName>Aanpassen aan scherm</CSValueName><CSValueRank>3</CSValueRank></CSValue><CSValue><CSValueCode>VA4086976</CSValueCode><CSValueName>Zoomen, Uitrekken</CSValueName><CSValueRank>4</CSValueRank></CSValue></CSItem><CSItem><CSItemCode>IT4037472</CSItemCode><CSItemName>Philips TV Remote-app*</CSItemName><CSItemRank>8</CSItemRank><CSItemIsFreeFormat>0</CSItemIsFreeFormat><CSValue><CSValueCode>VA4086985</CSValueCode><CSValueName>Apps</CSValueName><CSValueRank>1</CSValueRank></CSValue><CSValue><CSValueCode>VA4086984</CSValueCode><CSValueName>Zenders</CSValueName><CSValueRank>2</CSValueRank></CSValue><CSValue><CSValueCode>VA4086978</CSValueCode><CSValueName>Controle</CSValueName><CSValueRank>3</CSValueRank></CSValue><CSValue><CSValueCode>VA4086983</CSValueCode><CSValueName>NowOnTV</CSValueName><CSValueRank>4</CSValueRank></CSValue><CSValue><CSValueCode>VA4086981</CSValueCode><CSValueName>TV-gids</CSValueName><CSValueRank>5</CSValueRank></CSValue><CSValue><CSValueCode>VA4086982</CSValueCode><CSValueName>Video on demand</CSValueName><CSValueRank>6</CSValueRank></CSValue></CSItem></CSChapter><CSChapter><CSChapterCode>3000799</CSChapterCode><CSChapterName>Geluid</CSChapterName><CSChapterRank>3</CSChapterRank><CSItem><CSItemCode>3006270</CSItemCode><CSItemName>Uitgangsvermogen (RMS)</CSItemName><CSItemRank>1</CSItemRank><CSItemIsFreeFormat>1</CSItemIsFreeFormat><CSValue><CSValueCode>3031400</CSValueCode><CSValueName>16 W</CSValueName><CSValueRank>1</CSValueRank></CSValue></CSItem><CSItem><CSItemCode>3006277</CSItemCode><CSItemName>Geluidsverbetering</CSItemName><CSItemRank>2</CSItemRank><CSItemIsFreeFormat>0</CSItemIsFreeFormat><CSValue><CSValueCode>3031432</CSValueCode><CSValueName>Incredible Surround</CSValueName><CSValueRank>1</CSValueRank></CSValue><CSValue><CSValueCode>VA4021459</CSValueCode><CSValueName>Kristalhelder geluid</CSValueName><CSValueRank>2</CSValueRank></CSValue><CSValue><CSValueCode>3031412</CSValueCode><CSValueName>Automatische volumeregelaar</CSValueName><CSValueRank>3</CSValueRank></CSValue><CSValue><CSValueCode>3031442</CSValueCode><CSValueName>Smart Sound</CSValueName><CSValueRank>4</CSValueRank></CSValue></CSItem></CSChapter><CSChapter><CSChapterCode>3000813</CSChapterCode><CSChapterName>Connectiviteit</CSChapterName><CSChapterRank>4</CSChapterRank><CSItem><CSItemCode>IT4006781</CSItemCode><CSItemName>Aantal HDMI-aansluitingen</CSItemName><CSItemRank>1</CSItemRank><CSItemIsFreeFormat>0</CSItemIsFreeFormat><CSValue><CSValueCode>VA4018288</CSValueCode><CSValueName>4</CSValueName><CSValueRank>1</CSValueRank></CSValue></CSItem><CSItem><CSItemCode>IT4015985</CSItemCode><CSItemName>Aantal componentingangen (YPbPr)</CSItemName><CSItemRank>2</CSItemRank><CSItemIsFreeFormat>0</CSItemIsFreeFormat><CSValue><CSValueCode>VA4032424</CSValueCode><CSValueName>1</CSValueName><CSValueRank>1</CSValueRank></CSValue></CSItem><CSItem><CSItemCode>IT4015982</CSItemCode><CSItemName>Aantal scart-aansluitingen (RGB/CVBS)</CSItemName><CSItemRank>3</CSItemRank><CSItemIsFreeFormat>0</CSItemIsFreeFormat><CSValue><CSValueCode>VA4032420</CSValueCode><CSValueName>1</CSValueName><CSValueRank>1</CSValueRank></CSValue></CSItem><CSItem><CSItemCode>IT4015984</CSItemCode><CSItemName>Aantal USB-aansluitingen</CSItemName><CSItemRank>4</CSItemRank><CSItemIsFreeFormat>0</CSItemIsFreeFormat><CSValue><CSValueCode>VA4032423</CSValueCode><CSValueName>3</CSValueName><CSValueRank>1</CSValueRank></CSValue></CSItem><CSItem><CSItemCode>3006591</CSItemCode><CSItemName>Draadloze verbindingen</CSItemName><CSItemRank>5</CSItemRank><CSItemIsFreeFormat>0</CSItemIsFreeFormat><CSValue><CSValueCode>VA4079025</CSValueCode><CSValueName>Geïntegreerde Wi-Fi 11n 2x2</CSValueName><CSValueRank>1</CSValueRank></CSValue><CSValue><CSValueCode>VA4078096</CSValueCode><CSValueName>Wi-Fi Direct</CSValueName><CSValueRank>2</CSValueRank></CSValue></CSItem><CSItem><CSItemCode>3006573</CSItemCode><CSItemName>Andere aansluitingen</CSItemName><CSItemRank>6</CSItemRank><CSItemIsFreeFormat>0</CSItemIsFreeFormat><CSValue><CSValueCode>3032285</CSValueCode><CSValueName>IEC75-antenne</CSValueName><CSValueRank>1</CSValueRank></CSValue><CSValue><CSValueCode>VA4019747</CSValueCode><CSValueName>Common Interface Plus (CI+)</CSValueName><CSValueRank>2</CSValueRank></CSValue><CSValue><CSValueCode>VA4032430</CSValueCode><CSValueName>Digitale audio-uitgang (optisch)</CSValueName><CSValueRank>3</CSValueRank></CSValue><CSValue><CSValueCode>VA4018008</CSValueCode><CSValueName>Audio L/R in</CSValueName><CSValueRank>4</CSValueRank></CSValue><CSValue><CSValueCode>VA4081218</CSValueCode><CSValueName>Audio-ingang (DVI)</CSValueName><CSValueRank>5</CSValueRank></CSValue><CSValue><CSValueCode>VA4001121</CSValueCode><CSValueName>Hoofdtelefoonuitgang</CSValueName><CSValueRank>6</CSValueRank></CSValue><CSValue><CSValueCode>3035133</CSValueCode><CSValueName>Serviceaansluiting</CSValueName><CSValueRank>7</CSValueRank></CSValue><CSValue><CSValueCode>VA4022502</CSValueCode><CSValueName>Ethernet-LAN RJ-45</CSValueName><CSValueRank>8</CSValueRank></CSValue></CSItem><CSItem><CSItemCode>IT4001801</CSItemCode><CSItemName>HDMI-functies</CSItemName><CSItemRank>7</CSItemRank><CSItemIsFreeFormat>0</CSItemIsFreeFormat><CSValue><CSValueCode>VA4021426</CSValueCode><CSValueName>Audio Return Channel</CSValueName><CSValueRank>1</CSValueRank></CSValue></CSItem><CSItem><CSItemCode>IT4001802</CSItemCode><CSItemName>EasyLink (HDMI-CEC)</CSItemName><CSItemRank>8</CSItemRank><CSItemIsFreeFormat>0</CSItemIsFreeFormat><CSValue><CSValueCode>VA4006305</CSValueCode><CSValueName>Passthrough van afstandsbedieningen</CSValueName><CSValueRank>1</CSValueRank></CSValue><CSValue><CSValueCode>VA4006303</CSValueCode><CSValueName>Audiobediening</CSValueName><CSValueRank>2</CSValueRank></CSValue><CSValue><CSValueCode>VA4004662</CSValueCode><CSValueName>Stand-by</CSValueName><CSValueRank>3</CSValueRank></CSValue><CSValue><CSValueCode>VA4078702</CSValueCode><CSValueName>Pixel Plus Link (Philips)*</CSValueName><CSValueRank>4</CSValueRank></CSValue><CSValue><CSValueCode>VA4004661</CSValueCode><CSValueName>Afspelen met één druk op de knop</CSValueName><CSValueRank>5</CSValueRank></CSValue></CSItem></CSChapter><CSChapter><CSChapterCode>3000811</CSChapterCode><CSChapterName>Multimediatoepassingen</CSChapterName><CSChapterRank>5</CSChapterRank><CSItem><CSItemCode>IT4008764</CSItemCode><CSItemName>Videoweergaveformaten</CSItemName><CSItemRank>1</CSItemRank><CSItemIsFreeFormat>0</CSItemIsFreeFormat><CSValue><CSValueCode>VA4021454</CSValueCode><CSValueName>Containers: AVI, MKV</CSValueName><CSValueRank>1</CSValueRank></CSValue><CSValue><CSValueCode>VA4021455</CSValueCode><CSValueName>H264/MPEG-4 AVC</CSValueName><CSValueRank>2</CSValueRank></CSValue><CSValue><CSValueCode>VA4021451</CSValueCode><CSValueName>MPEG-1</CSValueName><CSValueRank>3</CSValueRank></CSValue><CSValue><CSValueCode>VA4021452</CSValueCode><CSValueName>MPEG-2</CSValueName><CSValueRank>4</CSValueRank></CSValue><CSValue><CSValueCode>VA4021453</CSValueCode><CSValueName>MPEG-4</CSValueName><CSValueRank>5</CSValueRank></CSValue><CSValue><CSValueCode>VA4021456</CSValueCode><CSValueName>WMV9/VC1</CSValueName><CSValueRank>6</CSValueRank></CSValue><CSValue><CSValueCode>VA4091744</CSValueCode><CSValueName>VP9</CSValueName><CSValueRank>7</CSValueRank></CSValue><CSValue><CSValueCode>VA4098821</CSValueCode><CSValueName>HEVC (H.265)</CSValueName><CSValueRank>8</CSValueRank><CSValueDescription>EU-TV-serie</CSValueDescription></CSValue></CSItem><CSItem><CSItemCode>IT4033451</CSItemCode><CSItemName>Ondersteunde ondertitelindelingen</CSItemName><CSItemRank>2</CSItemRank><CSItemIsFreeFormat>0</CSItemIsFreeFormat><CSValue><CSValueCode>VA4077784</CSValueCode><CSValueName>.SMI</CSValueName><CSValueRank>1</CSValueRank></CSValue><CSValue><CSValueCode>VA4077783</CSValueCode><CSValueName>.SRT</CSValueName><CSValueRank>2</CSValueRank></CSValue><CSValue><CSValueCode>VA4077786</CSValueCode><CSValueName>.SUB</CSValueName><CSValueRank>3</CSValueRank></CSValue><CSValue><CSValueCode>VA4077788</CSValueCode><CSValueName>.TXT</CSValueName><CSValueRank>4</CSValueRank></CSValue><CSValue><CSValueCode>VA4077787</CSValueCode><CSValueName>.AAS</CSValueName><CSValueRank>5</CSValueRank></CSValue></CSItem><CSItem><CSItemCode>IT4008762</CSItemCode><CSItemName>Muziekweergaveformaten</CSItemName><CSItemRank>3</CSItemRank><CSItemIsFreeFormat>0</CSItemIsFreeFormat><CSValue><CSValueCode>VA4021478</CSValueCode><CSValueName>AAC</CSValueName><CSValueRank>1</CSValueRank></CSValue><CSValue><CSValueCode>VA4021448</CSValueCode><CSValueName>MP3</CSValueName><CSValueRank>2</CSValueRank></CSValue><CSValue><CSValueCode>VA4086481</CSValueCode><CSValueName>WAV</CSValueName><CSValueRank>3</CSValueRank></CSValue><CSValue><CSValueCode>VA4021450</CSValueCode><CSValueName>WMA (versie 2 tot versie 9.2)</CSValueName><CSValueRank>4</CSValueRank></CSValue><CSValue><CSValueCode>VA4086886</CSValueCode><CSValueName>WMA-PRO (v9 en v10)</CSValueName><CSValueRank>5</CSValueRank></CSValue></CSItem><CSItem><CSItemCode>IT4008763</CSItemCode><CSItemName>Beeldweergaveformaten</CSItemName><CSItemRank>4</CSItemRank><CSItemIsFreeFormat>0</CSItemIsFreeFormat><CSValue><CSValueCode>VA4021449</CSValueCode><CSValueName>JPEG</CSValueName><CSValueRank>1</CSValueRank></CSValue><CSValue><CSValueCode>VA4065613</CSValueCode><CSValueName>BMP</CSValueName><CSValueRank>2</CSValueRank></CSValue><CSValue><CSValueCode>VA4065611</CSValueCode><CSValueName>GIF</CSValueName><CSValueRank>3</CSValueRank></CSValue><CSValue><CSValueCode>VA4065612</CSValueCode><CSValueName>PNG</CSValueName><CSValueRank>4</CSValueRank></CSValue></CSItem></CSChapter><CSChapter><CSChapterCode>3000797</CSChapterCode><CSChapterName>Ondersteunde beeldschermresolutie</CSChapterName><CSChapterRank>6</CSChapterRank><CSItem><CSItemCode>IT4041111</CSItemCode><CSItemName>Computeringangen op HDMI1/2</CSItemName><CSItemRank>1</CSItemRank><CSItemIsFreeFormat>0</CSItemIsFreeFormat><CSValue><CSValueCode>VA4097146</CSValueCode><CSValueName>tot FHD 1920 x 1080 bij 60 Hz</CSValueName><CSValueRank>1</CSValueRank></CSValue><CSValue><CSValueCode>VA4097241</CSValueCode><CSValueName>tot 4K UHD 3840 x 2160 bij 30Hz</CSValueName><CSValueRank>2</CSValueRank></CSValue></CSItem><CSItem><CSItemCode>IT4041112</CSItemCode><CSItemName>Computeringangen op HDMI3/4</CSItemName><CSItemRank>2</CSItemRank><CSItemIsFreeFormat>0</CSItemIsFreeFormat><CSValue><CSValueCode>VA4097242</CSValueCode><CSValueName>tot 4K UHD 3840 x 2160 bij 60 Hz</CSValueName><CSValueRank>1</CSValueRank></CSValue></CSItem><CSItem><CSItemCode>IT4041113</CSItemCode><CSItemName>Video-ingangen op HDMI1/2</CSItemName><CSItemRank>3</CSItemRank><CSItemIsFreeFormat>0</CSItemIsFreeFormat><CSValue><CSValueCode>VA4097236</CSValueCode><CSValueName>tot 4K UHD 3840 x 2160 bij 30Hz</CSValueName><CSValueRank>1</CSValueRank></CSValue><CSValue><CSValueCode>VA4097237</CSValueCode><CSValueName>tot FHD 1920 x 1080 bij 60 Hz</CSValueName><CSValueRank>2</CSValueRank></CSValue></CSItem><CSItem><CSItemCode>IT4041114</CSItemCode><CSItemName>Video-ingangen op HDMI3/4</CSItemName><CSItemRank>4</CSItemRank><CSItemIsFreeFormat>0</CSItemIsFreeFormat><CSValue><CSValueCode>VA4097240</CSValueCode><CSValueName>tot 4K UHD 3840 x 2160 bij 60 Hz</CSValueName><CSValueRank>1</CSValueRank></CSValue></CSItem></CSChapter><CSChapter><CSChapterCode>3000812</CSChapterCode><CSChapterName>Tuner/ontvangst/transmissie</CSChapterName><CSChapterRank>7</CSChapterRank><CSItem><CSItemCode>IT4041210</CSItemCode><CSItemName>HEVC-ondersteuning</CSItemName><CSItemRank>1</CSItemRank><CSItemIsFreeFormat>0</CSItemIsFreeFormat><CSValue><CSValueCode>VA4095925</CSValueCode><CSValueName>Ja</CSValueName><CSValueRank>1</CSValueRank></CSValue></CSItem><CSItem><CSItemCode>3007491</CSItemCode><CSItemName>Digitale TV</CSItemName><CSItemRank>2</CSItemRank><CSItemIsFreeFormat>0</CSItemIsFreeFormat><CSValue><CSValueCode>VA4097064</CSValueCode><CSValueName>DVB-T/T2/T2-HD/C/S/S2</CSValueName><CSValueRank>1</CSValueRank></CSValue></CSItem><CSItem><CSItemCode>IT4028192</CSItemCode><CSItemName>MPEG-ondersteuning</CSItemName><CSItemRank>3</CSItemRank><CSItemIsFreeFormat>0</CSItemIsFreeFormat><CSValue><CSValueCode>VA4065926</CSValueCode><CSValueName>MPEG2</CSValueName><CSValueRank>1</CSValueRank></CSValue><CSValue><CSValueCode>VA4065927</CSValueCode><CSValueName>MPEG4</CSValueName><CSValueRank>2</CSValueRank></CSValue></CSItem><CSItem><CSItemCode>3006515</CSItemCode><CSItemName>Videoweergave</CSItemName><CSItemRank>4</CSItemRank><CSItemIsFreeFormat>0</CSItemIsFreeFormat><CSValue><CSValueCode>3032144</CSValueCode><CSValueName>NTSC</CSValueName><CSValueRank>1</CSValueRank></CSValue><CSValue><CSValueCode>3032145</CSValueCode><CSValueName>PAL</CSValueName><CSValueRank>2</CSValueRank></CSValue><CSValue><CSValueCode>3032146</CSValueCode><CSValueName>SECAM</CSValueName><CSValueRank>3</CSValueRank></CSValue></CSItem><CSItem><CSItemCode>IT4034213</CSItemCode><CSItemName>TV-programmagids*</CSItemName><CSItemRank>5</CSItemRank><CSItemIsFreeFormat>0</CSItemIsFreeFormat><CSValue><CSValueCode>VA4079472</CSValueCode><CSValueName>Elektronische programmagids voor 8 dagen</CSValueName><CSValueRank>1</CSValueRank></CSValue></CSItem><CSItem><CSItemCode>IT4034214</CSItemCode><CSItemName>Signaalsterkte-indicator</CSItemName><CSItemRank>6</CSItemRank><CSItemIsFreeFormat>0</CSItemIsFreeFormat><CSValue><CSValueCode>VA4079473</CSValueCode><CSValueName>Ja</CSValueName><CSValueRank>1</CSValueRank></CSValue></CSItem><CSItem><CSItemCode>IT4034215</CSItemCode><CSItemName>Teletekst</CSItemName><CSItemRank>7</CSItemRank><CSItemIsFreeFormat>0</CSItemIsFreeFormat><CSValue><CSValueCode>VA4079474</CSValueCode><CSValueName>1000 pagina's Hypertext</CSValueName><CSValueRank>1</CSValueRank></CSValue></CSItem></CSChapter><CSChapter><CSChapterCode>3000821</CSChapterCode><CSChapterName>Vermogen</CSChapterName><CSChapterRank>8</CSChapterRank><CSItem><CSItemCode>3007003</CSItemCode><CSItemName>Netspanning</CSItemName><CSItemRank>1</CSItemRank><CSItemIsFreeFormat>1</CSItemIsFreeFormat><CSValue><CSValueCode>3033675</CSValueCode><CSValueName>220 - 240 V, 50/60 Hz</CSValueName><CSValueRank>1</CSValueRank></CSValue></CSItem><CSItem><CSItemCode>IT4013214</CSItemCode><CSItemName>Aanwezigheid lood</CSItemName><CSItemRank>1</CSItemRank><CSItemIsFreeFormat>0</CSItemIsFreeFormat><CSValue><CSValueCode>VA4025541</CSValueCode><CSValueName>Ja*</CSValueName><CSValueRank>1</CSValueRank></CSValue></CSItem><CSItem><CSItemCode>IT4013217</CSItemCode><CSItemName>Hoeveelheid kwik</CSItemName><CSItemRank>1</CSItemRank><CSItemIsFreeFormat>1</CSItemIsFreeFormat><CSValue><CSValueCode>VA4025545</CSValueCode><CSValueName>0</CSValueName><CSValueRank>1</CSValueRank></CSValue><UnitOfMeasure><UnitOfMeasureCode>4000142</UnitOfMeasureCode><UnitOfMeasureName>mg</UnitOfMeasureName><UnitOfMeasureSymbol>mg</UnitOfMeasureSymbol></UnitOfMeasure></CSItem><CSItem><CSItemCode>4000081</CSItemCode><CSItemName>Omgevingstemperatuur</CSItemName><CSItemRank>2</CSItemRank><CSItemIsFreeFormat>0</CSItemIsFreeFormat><CSValue><CSValueCode>VA4002861</CSValueCode><CSValueName>5 °C tot 35 °C</CSValueName><CSValueRank>1</CSValueRank></CSValue></CSItem><CSItem><CSItemCode>IT4016791</CSItemCode><CSItemName>Europees energielabel (vermogen)</CSItemName><CSItemRank>3</CSItemRank><CSItemIsFreeFormat>1</CSItemIsFreeFormat><CSValue><CSValueCode>VA4033965</CSValueCode><CSValueName>66</CSValueName><CSValueRank>1</CSValueRank></CSValue><UnitOfMeasure><UnitOfMeasureCode>3000072</UnitOfMeasureCode><UnitOfMeasureName>watt</UnitOfMeasureName><UnitOfMeasureSymbol>W</UnitOfMeasureSymbol></UnitOfMeasure></CSItem><CSItem><CSItemCode>IT4013218</CSItemCode><CSItemName>Jaarlijks energieverbruik</CSItemName><CSItemRank>4</CSItemRank><CSItemIsFreeFormat>1</CSItemIsFreeFormat><CSValue><CSValueCode>VA4025546</CSValueCode><CSValueName>96</CSValueName><CSValueRank>1</CSValueRank></CSValue><UnitOfMeasure><UnitOfMeasureCode>4000161</UnitOfMeasureCode><UnitOfMeasureName>kilowattuur</UnitOfMeasureName><UnitOfMeasureSymbol>kWh</UnitOfMeasureSymbol></UnitOfMeasure></CSItem><CSItem><CSItemCode>IT4015354</CSItemCode><CSItemName>Energieklasse</CSItemName><CSItemRank>5</CSItemRank><CSItemIsFreeFormat>0</CSItemIsFreeFormat><CSValue><CSValueCode>VA4030805</CSValueCode><CSValueName>A+</CSValueName><CSValueRank>1</CSValueRank></CSValue></CSItem><CSItem><CSItemCode>3007001</CSItemCode><CSItemName>Stroomverbruik in stand-bystand</CSItemName><CSItemRank>6</CSItemRank><CSItemIsFreeFormat>1</CSItemIsFreeFormat><CSValue><CSValueCode>3033673</CSValueCode><CSValueName>&lt; 0,3 W</CSValueName><CSValueRank>1</CSValueRank></CSValue></CSItem><CSItem><CSItemCode>IT4009431</CSItemCode><CSItemName>Energieverbruik wanneer uitgeschakeld</CSItemName><CSItemRank>7</CSItemRank><CSItemIsFreeFormat>1</CSItemIsFreeFormat><CSValue><CSValueCode>VA4022642</CSValueCode><CSValueName>0,3</CSValueName><CSValueRank>1</CSValueRank></CSValue><UnitOfMeasure><UnitOfMeasureCode>3000072</UnitOfMeasureCode><UnitOfMeasureName>watt</UnitOfMeasureName><UnitOfMeasureSymbol>W</UnitOfMeasureSymbol></UnitOfMeasure></CSItem><CSItem><CSItemCode>IT4008765</CSItemCode><CSItemName>Functies voor energiebesparing</CSItemName><CSItemRank>8</CSItemRank><CSItemIsFreeFormat>0</CSItemIsFreeFormat><CSValue><CSValueCode>VA4021464</CSValueCode><CSValueName>Timer voor automatisch uitschakelen</CSValueName><CSValueRank>1</CSValueRank></CSValue><CSValue><CSValueCode>VA4021463</CSValueCode><CSValueName>Beeld uit (voor radio)</CSValueName><CSValueRank>2</CSValueRank></CSValue></CSItem></CSChapter><CSChapter><CSChapterCode>3000820</CSChapterCode><CSChapterName>Afmetingen</CSChapterName><CSChapterRank>9</CSChapterRank><CSItem><CSItemCode>3006819</CSItemCode><CSItemName>Diepte van de doos</CSItemName><CSItemRank>1</CSItemRank><CSItemIsFreeFormat>1</CSItemIsFreeFormat><CSValue><CSValueCode>3033147</CSValueCode><CSValueName>160</CSValueName><CSValueRank>1</CSValueRank></CSValue><UnitOfMeasure><UnitOfMeasureCode>3000058</UnitOfMeasureCode><UnitOfMeasureName>millimeter</UnitOfMeasureName><UnitOfMeasureSymbol>mm</UnitOfMeasureSymbol></UnitOfMeasure></CSItem><CSItem><CSItemCode>IT4042932</CSItemCode><CSItemName>Breedte TV-standaard</CSItemName><CSItemRank>1</CSItemRank><CSItemIsFreeFormat>1</CSItemIsFreeFormat><CSValue><CSValueCode>VA4099201</CSValueCode><CSValueName>799,2</CSValueName><CSValueRank>1</CSValueRank></CSValue><UnitOfMeasure><UnitOfMeasureCode>3000058</UnitOfMeasureCode><UnitOfMeasureName>millimeter</UnitOfMeasureName><UnitOfMeasureSymbol>mm</UnitOfMeasureSymbol></UnitOfMeasure></CSItem><CSItem><CSItemCode>3006820</CSItemCode><CSItemName>Hoogte van de doos</CSItemName><CSItemRank>2</CSItemRank><CSItemIsFreeFormat>1</CSItemIsFreeFormat><CSValue><CSValueCode>3033148</CSValueCode><CSValueName>747</CSValueName><CSValueRank>1</CSValueRank></CSValue><UnitOfMeasure><UnitOfMeasureCode>3000058</UnitOfMeasureCode><UnitOfMeasureName>millimeter</UnitOfMeasureName><UnitOfMeasureSymbol>mm</UnitOfMeasureSymbol></UnitOfMeasure></CSItem><CSItem><CSItemCode>3006821</CSItemCode><CSItemName>Breedte van de doos</CSItemName><CSItemRank>3</CSItemRank><CSItemIsFreeFormat>1</CSItemIsFreeFormat><CSValue><CSValueCode>3033149</CSValueCode><CSValueName>1200</CSValueName><CSValueRank>1</CSValueRank></CSValue><UnitOfMeasure><UnitOfMeasureCode>3000058</UnitOfMeasureCode><UnitOfMeasureName>millimeter</UnitOfMeasureName><UnitOfMeasureSymbol>mm</UnitOfMeasureSymbol></UnitOfMeasure></CSItem><CSItem><CSItemCode>3006881</CSItemCode><CSItemName>Diepte van het apparaat</CSItemName><CSItemRank>4</CSItemRank><CSItemIsFreeFormat>1</CSItemIsFreeFormat><CSValue><CSValueCode>3033216</CSValueCode><CSValueName>79</CSValueName><CSValueRank>1</CSValueRank></CSValue><UnitOfMeasure><UnitOfMeasureCode>3000058</UnitOfMeasureCode><UnitOfMeasureName>millimeter</UnitOfMeasureName><UnitOfMeasureSymbol>mm</UnitOfMeasureSymbol></UnitOfMeasure></CSItem><CSItem><CSItemCode>3006882</CSItemCode><CSItemName>Hoogte van het apparaat</CSItemName><CSItemRank>5</CSItemRank><CSItemIsFreeFormat>1</CSItemIsFreeFormat><CSValue><CSValueCode>3033217</CSValueCode><CSValueName>645</CSValueName><CSValueRank>1</CSValueRank></CSValue><UnitOfMeasure><UnitOfMeasureCode>3000058</UnitOfMeasureCode><UnitOfMeasureName>millimeter</UnitOfMeasureName><UnitOfMeasureSymbol>mm</UnitOfMeasureSymbol></UnitOfMeasure></CSItem><CSItem><CSItemCode>3006884</CSItemCode><CSItemName>Breedte van het apparaat</CSItemName><CSItemRank>6</CSItemRank><CSItemIsFreeFormat>1</CSItemIsFreeFormat><CSValue><CSValueCode>3033219</CSValueCode><CSValueName>1099</CSValueName><CSValueRank>1</CSValueRank></CSValue><UnitOfMeasure><UnitOfMeasureCode>3000058</UnitOfMeasureCode><UnitOfMeasureName>millimeter</UnitOfMeasureName><UnitOfMeasureSymbol>mm</UnitOfMeasureSymbol></UnitOfMeasure></CSItem><CSItem><CSItemCode>3010079</CSItemCode><CSItemName>Diepte van het apparaat (met standaard)</CSItemName><CSItemRank>7</CSItemRank><CSItemIsFreeFormat>1</CSItemIsFreeFormat><CSValue><CSValueCode>3045265</CSValueCode><CSValueName>211</CSValueName><CSValueRank>1</CSValueRank></CSValue><UnitOfMeasure><UnitOfMeasureCode>3000058</UnitOfMeasureCode><UnitOfMeasureName>millimeter</UnitOfMeasureName><UnitOfMeasureSymbol>mm</UnitOfMeasureSymbol></UnitOfMeasure></CSItem><CSItem><CSItemCode>3010080</CSItemCode><CSItemName>Hoogte van het apparaat (met standaard)</CSItemName><CSItemRank>8</CSItemRank><CSItemIsFreeFormat>1</CSItemIsFreeFormat><CSValue><CSValueCode>3045266</CSValueCode><CSValueName>700</CSValueName><CSValueRank>1</CSValueRank></CSValue><UnitOfMeasure><UnitOfMeasureCode>3000058</UnitOfMeasureCode><UnitOfMeasureName>millimeter</UnitOfMeasureName><UnitOfMeasureSymbol>mm</UnitOfMeasureSymbol></UnitOfMeasure></CSItem><CSItem><CSItemCode>3010081</CSItemCode><CSItemName>Breedte van het apparaat (met standaard)</CSItemName><CSItemRank>9</CSItemRank><CSItemIsFreeFormat>1</CSItemIsFreeFormat><CSValue><CSValueCode>3045267</CSValueCode><CSValueName>1099</CSValueName><CSValueRank>1</CSValueRank></CSValue><UnitOfMeasure><UnitOfMeasureCode>3000058</UnitOfMeasureCode><UnitOfMeasureName>millimeter</UnitOfMeasureName><UnitOfMeasureSymbol>mm</UnitOfMeasureSymbol></UnitOfMeasure></CSItem><CSItem><CSItemCode>3006873</CSItemCode><CSItemName>Gewicht van het product</CSItemName><CSItemRank>10</CSItemRank><CSItemIsFreeFormat>1</CSItemIsFreeFormat><CSValue><CSValueCode>3033208</CSValueCode><CSValueName>11</CSValueName><CSValueRank>1</CSValueRank></CSValue><UnitOfMeasure><UnitOfMeasureCode>3000049</UnitOfMeasureCode><UnitOfMeasureName>kilogram</UnitOfMeasureName><UnitOfMeasureSymbol>kg</UnitOfMeasureSymbol></UnitOfMeasure></CSItem><CSItem><CSItemCode>3010611</CSItemCode><CSItemName>Gewicht (incl. standaard)</CSItemName><CSItemRank>11</CSItemRank><CSItemIsFreeFormat>1</CSItemIsFreeFormat><CSValue><CSValueCode>3047710</CSValueCode><CSValueName>11,5</CSValueName><CSValueRank>1</CSValueRank></CSValue><UnitOfMeasure><UnitOfMeasureCode>3000049</UnitOfMeasureCode><UnitOfMeasureName>kilogram</UnitOfMeasureName><UnitOfMeasureSymbol>kg</UnitOfMeasureSymbol></UnitOfMeasure></CSItem><CSItem><CSItemCode>3006911</CSItemCode><CSItemName>Gewicht (incl. verpakking)</CSItemName><CSItemRank>12</CSItemRank><CSItemIsFreeFormat>1</CSItemIsFreeFormat><CSValue><CSValueCode>3033246</CSValueCode><CSValueName>14,9</CSValueName><CSValueRank>1</CSValueRank></CSValue><UnitOfMeasure><UnitOfMeasureCode>3000049</UnitOfMeasureCode><UnitOfMeasureName>kilogram</UnitOfMeasureName><UnitOfMeasureSymbol>kg</UnitOfMeasureSymbol></UnitOfMeasure></CSItem><CSItem><CSItemCode>4000961</CSItemCode><CSItemName>Compatibel met VESA-wandmontagesysteem</CSItemName><CSItemRank>13</CSItemRank><CSItemIsFreeFormat>0</CSItemIsFreeFormat><CSValue><CSValueCode>VA4002662</CSValueCode><CSValueName>400 x 200 mm</CSValueName><CSValueRank>1</CSValueRank></CSValue></CSItem></CSChapter><CSChapter><CSChapterCode>3000815</CSChapterCode><CSChapterName>Accessoires</CSChapterName><CSChapterRank>10</CSChapterRank><CSItem><CSItemCode>3006778</CSItemCode><CSItemName>Meegeleverde accessoires</CSItemName><CSItemRank>1</CSItemRank><CSItemIsFreeFormat>0</CSItemIsFreeFormat><CSValue><CSValueCode>3033001</CSValueCode><CSValueName>Afstandsbediening</CSValueName><CSValueRank>1</CSValueRank></CSValue><CSValue><CSValueCode>3047450</CSValueCode><CSValueName>2 AA-batterijen</CSValueName><CSValueRank>2</CSValueRank></CSValue><CSValue><CSValueCode>3033554</CSValueCode><CSValueName>Voedingskabel</CSValueName><CSValueRank>3</CSValueRank></CSValue><CSValue><CSValueCode>3033561</CSValueCode><CSValueName>Snelstartgids</CSValueName><CSValueRank>4</CSValueRank></CSValue><CSValue><CSValueCode>VA4015925</CSValueCode><CSValueName>Brochure met wettelijk verplichte informatie en veiligheidsgegevens</CSValueName><CSValueRank>5</CSValueRank></CSValue><CSValue><CSValueCode>3033021</CSValueCode><CSValueName>Tafelstandaard</CSValueName><CSValueRank>6</CSValueRank></CSValue></CSItem></CSChapter><Filters><Purpose type="Comparison"><Features><Feature code="F400063347" rank="1" referenceName="Ultra Slim profile (2014)"/><Feature code="F400076576" rank="2" referenceName="4K Ultra HD (2016)"/><Feature code="F400076583" rank="3" referenceName="Pixel Plus Ultra HD (2016)"/><Feature code="F400063365" rank="4" referenceName="Smart TV generic no apps (2014)"/><Feature code="F400070645" rank="5" referenceName="Micro Dimming (2015)"/><Feature code="F400076560" rank="6" referenceName="Black blade stands (2016)"/><Feature code="F400081308" rank="7" referenceName="HEVC (H.265)"/></Features><CSItems><CSItem code="3006270" rank="1" referenceName="Sound - Output power (RMS)"/><CSItem code="3006778" rank="1" referenceName="Accessories - Included accessories"/><CSItem code="3006819" rank="1" referenceName="Dimensions - Box depth"/><CSItem code="3007003" rank="1" referenceName="Power - Mains power"/><CSItem code="IT4006781" rank="1" referenceName="Connectivity - Number of HDMI connections"/><CSItem code="IT4008764" rank="1" referenceName="Multimedia Applications - Video Playback Formats"/><CSItem code="IT4009349" rank="1" referenceName="Picture/Display - Display"/><CSItem code="IT4013214" rank="1" referenceName="Power - Presence of lead"/><CSItem code="IT4013216" rank="1" referenceName="Picture/Display - Peak Luminance ratio"/><CSItem code="IT4013217" rank="1" referenceName="Power - Mercury content"/><CSItem code="IT4037464" rank="1" referenceName="Smart TV Features - User Interaction"/><CSItem code="IT4041111" rank="1" referenceName="Supported Display Resolution - Computer inputs on HDMI1/2"/><CSItem code="IT4041210" rank="1" referenceName="Tuner/Reception/Transmission - HEVC support"/><CSItem code="IT4042932" rank="1" referenceName="Dimensions - TV stand width distance"/><CSItem code="3006140" rank="2" referenceName="Picture/Display - Diagonal screen size (metric)"/><CSItem code="3006277" rank="2" referenceName="Sound - Sound Enhancement"/><CSItem code="3006820" rank="2" referenceName="Dimensions - Box height"/><CSItem code="3007491" rank="2" referenceName="Tuner/Reception/Transmission - Digital TV"/><CSItem code="4000081" rank="2" referenceName="Power - Ambient temperature"/><CSItem code="IT4015985" rank="2" referenceName="Connectivity - Number of component in (YPbPr)"/><CSItem code="IT4033451" rank="2" referenceName="Multimedia Applications - Subtitles Formats Support"/><CSItem code="IT4037465" rank="2" referenceName="Smart TV Features - Interactive TV"/><CSItem code="IT4041112" rank="2" referenceName="Supported Display Resolution - Computer inputs on HDMI3/4"/><CSItem code="3006139" rank="3" referenceName="Picture/Display - Diagonal screen size (inch)"/><CSItem code="3006821" rank="3" referenceName="Dimensions - Box width"/><CSItem code="IT4008762" rank="3" referenceName="Multimedia Applications - Music Playback Formats"/><CSItem code="IT4015982" rank="3" referenceName="Connectivity - Number of scarts (RGB/CVBS)"/><CSItem code="IT4016791" rank="3" referenceName="Power - Eu Energy Label power"/><CSItem code="IT4028192" rank="3" referenceName="Tuner/Reception/Transmission - MPEG Support"/><CSItem code="IT4037466" rank="3" referenceName="Smart TV Features - Program"/><CSItem code="IT4041113" rank="3" referenceName="Supported Display Resolution - Video inputs on HDMI1/2"/><CSItem code="3006177" rank="4" referenceName="Picture/Display - Panel resolution"/><CSItem code="3006515" rank="4" referenceName="Tuner/Reception/Transmission - Video Playback"/><CSItem code="3006881" rank="4" referenceName="Dimensions - Set Depth"/><CSItem code="IT4008763" rank="4" referenceName="Multimedia Applications - Picture Playback Formats"/><CSItem code="IT4013218" rank="4" referenceName="Power - Annual energy consumption"/><CSItem code="IT4015984" rank="4" referenceName="Connectivity - Number of USBs"/><CSItem code="IT4037467" rank="4" referenceName="Smart TV Features - SmartTV apps*"/><CSItem code="IT4041114" rank="4" referenceName="Supported Display Resolution - Video inputs on HDMI3/4"/><CSItem code="3006121" rank="5" referenceName="Picture/Display - Aspect ratio"/><CSItem code="3006591" rank="5" referenceName="Connectivity - Wireless connections"/><CSItem code="3006882" rank="5" referenceName="Dimensions - Set Height"/><CSItem code="IT4015354" rank="5" referenceName="Power - Energy Label Class"/><CSItem code="IT4034213" rank="5" referenceName="Tuner/Reception/Transmission - TV Program guide*"/><CSItem code="IT4037468" rank="5" referenceName="Smart TV Features - Ease of Installation"/><CSItem code="3006127" rank="6" referenceName="Picture/Display - Brightness"/><CSItem code="3006573" rank="6" referenceName="Connectivity - Other connections"/><CSItem code="3006884" rank="6" referenceName="Dimensions - Set Width"/><CSItem code="3007001" rank="6" referenceName="Power - Standby power consumption"/><CSItem code="IT4034214" rank="6" referenceName="Tuner/Reception/Transmission - Signal strength indication"/><CSItem code="IT4037470" rank="6" referenceName="Smart TV Features - Firmware upgradeable"/><CSItem code="3006183" rank="7" referenceName="Picture/Display - Picture enhancement"/><CSItem code="3010079" rank="7" referenceName="Dimensions - Set depth (with stand)"/><CSItem code="IT4001801" rank="7" referenceName="Connectivity - HDMI features"/><CSItem code="IT4009431" rank="7" referenceName="Power - Off mode power consumption"/><CSItem code="IT4034215" rank="7" referenceName="Tuner/Reception/Transmission - Teletext"/><CSItem code="IT4037471" rank="7" referenceName="Smart TV Features - Screen Format Adjustments"/><CSItem code="3010080" rank="8" referenceName="Dimensions - Set height (with stand)"/><CSItem code="IT4001802" rank="8" referenceName="Connectivity - EasyLink (HDMI-CEC)"/><CSItem code="IT4008765" rank="8" referenceName="Power - Power Saving Features"/><CSItem code="IT4037472" rank="8" referenceName="Smart TV Features - Philips TV Remote app*"/><CSItem code="3010081" rank="9" referenceName="Dimensions - Set width (with stand)"/><CSItem code="3006873" rank="10" referenceName="Dimensions - Product weight"/><CSItem code="3010611" rank="11" referenceName="Dimensions - Product weight (+stand)"/><CSItem code="3006911" rank="12" referenceName="Dimensions - Weight incl. Packaging"/><CSItem code="4000961" rank="13" referenceName="Dimensions - VESA wall mount compatible"/></CSItems></Purpose><Purpose type="Detail"><Features><Feature code="F400063347" rank="1" referenceName="Ultra Slim profile (2014)"/><Feature code="F400076576" rank="2" referenceName="4K Ultra HD (2016)"/><Feature code="F400076583" rank="3" referenceName="Pixel Plus Ultra HD (2016)"/><Feature code="F400063365" rank="4" referenceName="Smart TV generic no apps (2014)"/><Feature code="F400070645" rank="5" referenceName="Micro Dimming (2015)"/><Feature code="F400076560" rank="6" referenceName="Black blade stands (2016)"/><Feature code="F400081308" rank="7" referenceName="HEVC (H.265)"/></Features><CSItems><CSItem code="3006270" rank="1" referenceName="Sound - Output power (RMS)"/><CSItem code="3006778" rank="1" referenceName="Accessories - Included accessories"/><CSItem code="3006819" rank="1" referenceName="Dimensions - Box depth"/><CSItem code="3007003" rank="1" referenceName="Power - Mains power"/><CSItem code="IT4006781" rank="1" referenceName="Connectivity - Number of HDMI connections"/><CSItem code="IT4008764" rank="1" referenceName="Multimedia Applications - Video Playback Formats"/><CSItem code="IT4009349" rank="1" referenceName="Picture/Display - Display"/><CSItem code="IT4013214" rank="1" referenceName="Power - Presence of lead"/><CSItem code="IT4013216" rank="1" referenceName="Picture/Display - Peak Luminance ratio"/><CSItem code="IT4013217" rank="1" referenceName="Power - Mercury content"/><CSItem code="IT4037464" rank="1" referenceName="Smart TV Features - User Interaction"/><CSItem code="IT4041111" rank="1" referenceName="Supported Display Resolution - Computer inputs on HDMI1/2"/><CSItem code="IT4041210" rank="1" referenceName="Tuner/Reception/Transmission - HEVC support"/><CSItem code="IT4042932" rank="1" referenceName="Dimensions - TV stand width distance"/><CSItem code="3006140" rank="2" referenceName="Picture/Display - Diagonal screen size (metric)"/><CSItem code="3006277" rank="2" referenceName="Sound - Sound Enhancement"/><CSItem code="3006820" rank="2" referenceName="Dimensions - Box height"/><CSItem code="3007491" rank="2" referenceName="Tuner/Reception/Transmission - Digital TV"/><CSItem code="4000081" rank="2" referenceName="Power - Ambient temperature"/><CSItem code="IT4015985" rank="2" referenceName="Connectivity - Number of component in (YPbPr)"/><CSItem code="IT4033451" rank="2" referenceName="Multimedia Applications - Subtitles Formats Support"/><CSItem code="IT4037465" rank="2" referenceName="Smart TV Features - Interactive TV"/><CSItem code="IT4041112" rank="2" referenceName="Supported Display Resolution - Computer inputs on HDMI3/4"/><CSItem code="3006139" rank="3" referenceName="Picture/Display - Diagonal screen size (inch)"/><CSItem code="3006821" rank="3" referenceName="Dimensions - Box width"/><CSItem code="IT4008762" rank="3" referenceName="Multimedia Applications - Music Playback Formats"/><CSItem code="IT4015982" rank="3" referenceName="Connectivity - Number of scarts (RGB/CVBS)"/><CSItem code="IT4016791" rank="3" referenceName="Power - Eu Energy Label power"/><CSItem code="IT4028192" rank="3" referenceName="Tuner/Reception/Transmission - MPEG Support"/><CSItem code="IT4037466" rank="3" referenceName="Smart TV Features - Program"/><CSItem code="IT4041113" rank="3" referenceName="Supported Display Resolution - Video inputs on HDMI1/2"/><CSItem code="3006177" rank="4" referenceName="Picture/Display - Panel resolution"/><CSItem code="3006515" rank="4" referenceName="Tuner/Reception/Transmission - Video Playback"/><CSItem code="3006881" rank="4" referenceName="Dimensions - Set Depth"/><CSItem code="IT4008763" rank="4" referenceName="Multimedia Applications - Picture Playback Formats"/><CSItem code="IT4013218" rank="4" referenceName="Power - Annual energy consumption"/><CSItem code="IT4015984" rank="4" referenceName="Connectivity - Number of USBs"/><CSItem code="IT4037467" rank="4" referenceName="Smart TV Features - SmartTV apps*"/><CSItem code="IT4041114" rank="4" referenceName="Supported Display Resolution - Video inputs on HDMI3/4"/><CSItem code="3006121" rank="5" referenceName="Picture/Display - Aspect ratio"/><CSItem code="3006591" rank="5" referenceName="Connectivity - Wireless connections"/><CSItem code="3006882" rank="5" referenceName="Dimensions - Set Height"/><CSItem code="IT4015354" rank="5" referenceName="Power - Energy Label Class"/><CSItem code="IT4034213" rank="5" referenceName="Tuner/Reception/Transmission - TV Program guide*"/><CSItem code="IT4037468" rank="5" referenceName="Smart TV Features - Ease of Installation"/><CSItem code="3006127" rank="6" referenceName="Picture/Display - Brightness"/><CSItem code="3006573" rank="6" referenceName="Connectivity - Other connections"/><CSItem code="3006884" rank="6" referenceName="Dimensions - Set Width"/><CSItem code="3007001" rank="6" referenceName="Power - Standby power consumption"/><CSItem code="IT4034214" rank="6" referenceName="Tuner/Reception/Transmission - Signal strength indication"/><CSItem code="IT4037470" rank="6" referenceName="Smart TV Features - Firmware upgradeable"/><CSItem code="3006183" rank="7" referenceName="Picture/Display - Picture enhancement"/><CSItem code="3010079" rank="7" referenceName="Dimensions - Set depth (with stand)"/><CSItem code="IT4001801" rank="7" referenceName="Connectivity - HDMI features"/><CSItem code="IT4009431" rank="7" referenceName="Power - Off mode power consumption"/><CSItem code="IT4034215" rank="7" referenceName="Tuner/Reception/Transmission - Teletext"/><CSItem code="IT4037471" rank="7" referenceName="Smart TV Features - Screen Format Adjustments"/><CSItem code="3010080" rank="8" referenceName="Dimensions - Set height (with stand)"/><CSItem code="IT4001802" rank="8" referenceName="Connectivity - EasyLink (HDMI-CEC)"/><CSItem code="IT4008765" rank="8" referenceName="Power - Power Saving Features"/><CSItem code="IT4037472" rank="8" referenceName="Smart TV Features - Philips TV Remote app*"/><CSItem code="3010081" rank="9" referenceName="Dimensions - Set width (with stand)"/><CSItem code="3006873" rank="10" referenceName="Dimensions - Product weight"/><CSItem code="3010611" rank="11" referenceName="Dimensions - Product weight (+stand)"/><CSItem code="3006911" rank="12" referenceName="Dimensions - Weight incl. Packaging"/><CSItem code="4000961" rank="13" referenceName="Dimensions - VESA wall mount compatible"/></CSItems></Purpose></Filters><FeatureCompareGroups/><Disclaimers><Disclaimer code="DIS40004404" rank="1" referenceName="8 days EPG"><DisclaimerText>EPG en actuele gegevens (tot 8 dagen) zijn afhankelijk van land en kabelmaatschappij.</DisclaimerText><DisclaimElements/></Disclaimer><Disclaimer code="DIS40001802" rank="2" referenceName="Annual energy consumption"><DisclaimerText>Energieverbruik in kWh per jaar, op basis van het stroomverbruik van de televisie als deze 4 uur per dag, 365 dagen per jaar is ingeschakeld. Het werkelijke energieverbruik hangt af van hoe de televisie wordt gebruikt.</DisclaimerText><DisclaimElements/></Disclaimer><Disclaimer code="DIS40001441" rank="3" referenceName="DVB  disclaimer (2010)"><DisclaimerText>De TV biedt ondersteuning voor gratis DVB-uitzendingen. Mogelijk worden bepaalde DVB-aanbieders niet ondersteund. Ga voor een recente lijst met aanbieders naar het gedeelte met veelgestelde vragen van de ondersteuningswebsite van Philips. Voor bepaalde aanbieders zijn voorwaarden en een abonnement vereist. Neem voor meer informatie contact op met uw aanbieder.</DisclaimerText><DisclaimElements/></Disclaimer><Disclaimer code="DIS40006403" rank="4" referenceName="for all (Philips)"><DisclaimerText>(Philips) alleen compatibel met specifieke Philips player-apparaten.</DisclaimerText><DisclaimElements/></Disclaimer><Disclaimer code="DIS40008490" rank="5" referenceName="Philips TV Remote app (2015)"><DisclaimerText>Philips TV Remote-app en verwante functionaliteiten verschillen per TV-model, provider en land, smart device-model en besturingssysteem. Ga voor meer informatie naar: www.philips.com/TVRemoteapp.</DisclaimerText><DisclaimElements/></Disclaimer><Disclaimer code="DIS40008491" rank="6" referenceName="Smart TV Apps (2015)"><DisclaimerText>Het aanbod van Smart TV-apps verschilt per TV-model en land. Ga voor meer informatie naar: www.philips.com/smarttv.</DisclaimerText><DisclaimElements/></Disclaimer><Disclaimer code="DIS40004402" rank="7" referenceName="USB recording"><DisclaimerText>Alleen opnemen via USB voor digitale kanalen. Opnamen kunnen worden beperkt door een kopieerbeveiliging (CI+). Voor bepaalde landen en kanalen zijn mogelijk beperkingen van toepassing.</DisclaimerText><DisclaimElements/></Disclaimer><Disclaimer code="DIS40006381" rank="8" referenceName="Wi-Fi Miracast (2014)"><DisclaimerText>Compatibiliteit hangt af van Wi-Fi Miracast-certificering in Android 4.2 of hoger. Raadpleeg de handleiding van uw apparaat voor meer informatie.</DisclaimerText><DisclaimElements/></Disclaimer></Disclaimers><KeyValuePairs><KeyValuePair><Key>4043520</Key><Value>4100366</Value><Type>String</Type></KeyValuePair><KeyValuePair><Key>4043520</Key><Value>4100367</Value><Type>String</Type></KeyValuePair><KeyValuePair><Key>FdaFlag</Key><Value>false</Value><Type>String</Type></KeyValuePair><KeyValuePair><Key>GrantGroup</Key><Value>TPVISION</Value><Type>String</Type></KeyValuePair><KeyValuePair><Key>IT4032271</Key><Value>VA4075765</Value><Type>String</Type></KeyValuePair><KeyValuePair><Key>IT4033691</Key><Value>VA4078346</Value><Type>String</Type></KeyValuePair><KeyValuePair><Key>IT4033692</Key><Value>VA4078376</Value><Type>String</Type></KeyValuePair><KeyValuePair><Key>IT4033694</Key><Value>VA4080201</Value><Type>String</Type></KeyValuePair><KeyValuePair><Key>IT4033695</Key><Value>VA4078404</Value><Type>String</Type></KeyValuePair><KeyValuePair><Key>IT4033696</Key><Value>VA4078443</Value><Type>String</Type></KeyValuePair><KeyValuePair><Key>IT4033697</Key><Value>VA4094074</Value><Type>String</Type></KeyValuePair><KeyValuePair><Key>IT4033713</Key><Value>VA4094071</Value><Type>String</Type></KeyValuePair></KeyValuePairs><ReviewStatistics><ReviewStatistics source="110117"><AverageOverallRating>4.6667</AverageOverallRating><OverallRatingRange>5</OverallRatingRange><TotalReviewCount>3</TotalReviewCount><RatingsOnlyReviewCount>0</RatingsOnlyReviewCount><RecommendedCount>3</RecommendedCount><AverageRatingValues/><RatingDistribution><RatingDistributionItem><RatingValue>5</RatingValue><Count>2</Count></RatingDistributionItem><RatingDistributionItem><RatingValue>4</RatingValue><Count>1</Count></RatingDistributionItem><RatingDistributionItem><RatingValue>3</RatingValue><Count>0</Count></RatingDistributionItem><RatingDistributionItem><RatingValue>2</RatingValue><Count>0</Count></RatingDistributionItem><RatingDistributionItem><RatingValue>1</RatingValue><Count>0</Count></RatingDistributionItem></RatingDistribution></ReviewStatistics></ReviewStatistics><AccessoryByPacked><AccessoryByPackedCode>ABPP_3033001</AccessoryByPackedCode><AccessoryByPackedReference>Afstandsbediening</AccessoryByPackedReference><AccessoryByPackedName>Afstandsbediening</AccessoryByPackedName><AccessoryByPackedRank>1</AccessoryByPackedRank></AccessoryByPacked><AccessoryByPacked><AccessoryByPackedCode>ABPP_3047450</AccessoryByPackedCode><AccessoryByPackedReference>2 AA-batterijen</AccessoryByPackedReference><AccessoryByPackedName>2 AA-batterijen</AccessoryByPackedName><AccessoryByPackedRank>2</AccessoryByPackedRank></AccessoryByPacked><AccessoryByPacked><AccessoryByPackedCode>ABPP_3033554</AccessoryByPackedCode><AccessoryByPackedReference>Voedingskabel</AccessoryByPackedReference><AccessoryByPackedName>Voedingskabel</AccessoryByPackedName><AccessoryByPackedRank>3</AccessoryByPackedRank></AccessoryByPacked><AccessoryByPacked><AccessoryByPackedCode>ABPP_3033561</AccessoryByPackedCode><AccessoryByPackedReference>Snelstartgids</AccessoryByPackedReference><AccessoryByPackedName>Snelstartgids</AccessoryByPackedName><AccessoryByPackedRank>4</AccessoryByPackedRank></AccessoryByPacked><AccessoryByPacked><AccessoryByPackedCode>ABPP_VA4015925</AccessoryByPackedCode><AccessoryByPackedReference>Brochure met wettelijk verplichte informatie en veiligheidsgegevens</AccessoryByPackedReference><AccessoryByPackedName>Brochure met wettelijk verplichte informatie en veiligheidsgegevens</AccessoryByPackedName><AccessoryByPackedRank>5</AccessoryByPackedRank></AccessoryByPacked><AccessoryByPacked><AccessoryByPackedCode>ABPP_3033021</AccessoryByPackedCode><AccessoryByPackedReference>Tafelstandaard</AccessoryByPackedReference><AccessoryByPackedName>Tafelstandaard</AccessoryByPackedName><AccessoryByPackedRank>6</AccessoryByPackedRank></AccessoryByPacked><Award AwardType="global"><AwardCode>GA40018083</AwardCode><AwardName>Smart TV</AwardName><AwardDate>2015</AwardDate><AwardPlace>Internationaal</AwardPlace><AwardDescription>Smart TV</AwardDescription><AwardAcknowledgement>Smart TV</AwardAcknowledgement><AwardRank>1</AwardRank></Award><Award AwardType="global"><AwardCode>GA40018086</AwardCode><AwardName>4K Ultra HD</AwardName><AwardDate>2015</AwardDate><AwardPlace>Internationaal</AwardPlace><AwardDescription>4K Ultra HD</AwardDescription><AwardAcknowledgement>4K Ultra HD</AwardAcknowledgement><AwardRank>5</AwardRank></Award><Award AwardType="global"><AwardCode>GA40018087</AwardCode><AwardName>Dual Core</AwardName><AwardDate>2015</AwardDate><AwardPlace>Internationaal</AwardPlace><AwardDescription>Dual Core</AwardDescription><AwardAcknowledgement>Dual Core</AwardAcknowledgement><AwardRank>6</AwardRank></Award><Award AwardType="ala_summary" awardAlid="224794949" globalSource="false" status="Final Published"><AwardCode>ALA_224794949NL</AwardCode><AwardName>Review samenvatting voor de Philips 43PUS6101</AwardName><AwardDate/><Title>alaTest.nl</Title><Rating>89</Rating><AwardAuthor>alaTest</AwardAuthor><TestPros/><TestCons/><AwardDescription/><AwardAcknowledgement>alaTest heeft 32 reviews verzameld en geanalyseerd voor Philips 43PUS6101. De gemiddelde beoordeling voor dit product is 4.5/5, vergeleken met een gemiddelde beoordeling van 4.3/5 voor andere Televisies.</AwardAcknowledgement><AwardVerdict>We hebben de consumenten- en expertbeoordelingen, de leeftijd van het product en andere factoren geanalyseerd. Vergeleken met andere Televisies krijgt de Philips 43PUS6101 een alaScore™ van 89/100 = Zeer goed.</AwardVerdict><AwardText/><AwardRank>7</AwardRank><AwardSourceCode>ALS_12101</AwardSourceCode><AwardCategory/><AwardSourceLocale>nl_NL</AwardSourceLocale></Award><ProductClusters/><ProductRefs/><RichTexts/><GreenData><GreenAwards/><EnergyLabel><Name>Energielabel</Name><ShortDescription/><LongDescription>Philips werkt al jaren proactief aan de energiezuinigheid van haar producten. De meeste producten van Philips hebben zo een groen energielabel verworven. Hoe groener het label, des te lager het energieverbruik en uw energierekening, en hoe beter voor het milieu.</LongDescription><Text/><EnergyClass rank="4"><Code>EC_EU_8_T2</Code><Countrycode>NL</Countrycode><Value>A+</Value><Description>NETHERLANDS</Description></EnergyClass></EnergyLabel></GreenData></Product></Products>