<?xml version="1.0" encoding="UTF-8"?><Products xmlns:source="http://apache.org/cocoon/source/1.0" DocStatus="approved" DocTimeStamp="2018-10-31T11:31:02" DocType="PMT" DocVersion="xUCDM_product_external_CQ5_1_1_25"><Product Country="NL" IsAccessory="false" IsLocalized="true" IsMaster="false" Locale="nl_NL" lastModified="2018-10-31T04:39:04" masterLastModified="2018-06-15T00:01:20"><CTN>5046231P7</CTN><Code12NC>915005515501</Code12NC><GTIN>8718696164068</GTIN><MarketingVersion>4.0.4</MarketingVersion><MarketingStatus>Final Published</MarketingStatus><CRDate>2017-04-21</CRDate><CRDateYW>201716</CRDateYW><ModelYears/><ProductDivision><ProductDivisionCode>0100</ProductDivisionCode><ProductDivisionName>Lighting</ProductDivisionName><FormerPDCode>0100</FormerPDCode></ProductDivision><ProductOwner>Bob Visser</ProductOwner><DTN>50462/31/P7</DTN><Assets><Asset code="5046231P7" description="Leaflet" extension="pdf" extent="475593" lastModified="2018-10-31" locale="nl_NL" number="001" type="PSS">http://download.p4c.philips.com/files/5/5046231p7/5046231p7_pss_nldnl.pdf</Asset><Asset code="5046231P7" description="Retail Trade Leaflet" extension="pdf" extent="208416" lastModified="2018-10-31" locale="nl_NL" number="001" type="RTL">http://download.p4c.philips.com/files/5/5046231p7/5046231p7_rtl_nldnl.pdf</Asset><Asset code="5046231P7" description="Alternative product photograph 1 - highres 2196x1795" extension="tif" extent="666028" lastModified="2018-10-31" locale="global" number="001" type="A1P">http://images.philips.com/is/image/PhilipsConsumer/5046231P7-A1P-global-001</Asset><Asset code="5046231P7" description="Main in-use photograph - highres 2480x1462" extension="tif" extent="5252660" lastModified="2018-10-31" locale="global" number="001" type="MI1">http://images.philips.com/is/image/PhilipsConsumer/5046231P7-MI1-global-001</Asset><Asset code="5046231P7" description="Packaging photograph - highres 1447x756" extension="tif" extent="300432" lastModified="2018-10-31" locale="global" number="001" type="PID">http://images.philips.com/is/image/PhilipsConsumer/5046231P7-PID-global-001</Asset><Asset code="5046231P7" description="Leaflet" extension="pdf" extent="519431" lastModified="2018-10-31" locale="global" number="001" type="PSS">http://download.p4c.philips.com/files/5/5046231p7/5046231p7_pss_.pdf</Asset><Asset code="5046231P7" description="Standard product photograph - highres 2196x1795" extension="tif" extent="692900" lastModified="2018-10-31" locale="global" number="001" type="RTP">http://images.philips.com/is/image/PhilipsConsumer/5046231P7-RTP-global-001</Asset><Asset code="5046231P7" description="Product In Use 1 - highres 2196x1795" extension="tif" extent="4696052" lastModified="2018-10-31" locale="global" number="001" type="U1P">http://images.philips.com/is/image/PhilipsConsumer/5046231P7-U1P-global-001</Asset><Asset code="5046231P7" description="Single product shot" extension="" lastModified="2018-10-31" locale="nl_NL" number="" type="IMS">http://images.philips.com/is/image/PhilipsConsumer/5046231P7-IMS-nl_NL</Asset><Asset code="5046231P7" description="Product gallery image set" extension="" lastModified="2018-10-31" locale="nl_NL" number="" type="GAL">http://images.philips.com/is/image/PhilipsConsumer/5046231P7-GAL-nl_NL</Asset><Asset code="5046231P7" description="Product URL" extension="" lastModified="2018-10-31" locale="nl_NL" number="" type="URL">http://www.philips.nl/c-p/5046231P7/hue-white-ambiance-buratto-dubbele-spotlight</Asset><Asset code="EEL03" description="Energy Label" extension="tiff" extent="3174" lastModified="2018-10-31" locale="global" number="001" type="ENL">http://images.philips.com/is/image/PhilipsConsumer/EEL03-ENL-global-001</Asset><Asset code="F400083537" description="Feature photograph - highres 2100x1170" extension="tif" extent="8062314" lastModified="2018-10-31" locale="global" number="001" type="FIL">http://images.philips.com/is/image/PhilipsConsumer/F400083537-FIL-global-001</Asset><Asset code="F400083543" description="Feature photograph - highres 2100x1170" extension="tif" extent="6333636" lastModified="2018-10-31" locale="global" number="001" type="FIL">http://images.philips.com/is/image/PhilipsConsumer/F400083543-FIL-global-001</Asset><Asset code="F400083545" description="Feature photograph - highres 2100x1170" extension="tif" extent="6812122" lastModified="2018-10-31" locale="global" number="001" type="FIL">http://images.philips.com/is/image/PhilipsConsumer/F400083545-FIL-global-001</Asset><Asset code="F400083553" description="Feature photograph - highres 2100x1170" extension="tif" extent="7692604" lastModified="2018-10-31" locale="global" number="001" type="FIL">http://images.philips.com/is/image/PhilipsConsumer/F400083553-FIL-global-001</Asset><Asset code="F400083652" description="Feature photograph - highres 2100x1170" extension="tif" extent="8229224" lastModified="2018-10-31" locale="global" number="001" type="FIL">http://images.philips.com/is/image/PhilipsConsumer/F400083652-FIL-global-001</Asset><Asset code="F400083655" description="Feature photograph - highres 2100x1170" extension="tif" extent="10397658" lastModified="2018-10-31" locale="global" number="001" type="FIL">http://images.philips.com/is/image/PhilipsConsumer/F400083655-FIL-global-001</Asset><Asset code="F400083656" description="Feature photograph - highres 2100x1170" extension="tif" extent="7909708" lastModified="2018-10-31" locale="global" number="001" type="FIL">http://images.philips.com/is/image/PhilipsConsumer/F400083656-FIL-global-001</Asset><Asset code="F400083660" description="Feature photograph - highres 2100x1170" extension="tif" extent="9124708" lastModified="2018-10-31" locale="global" number="001" type="FIL">http://images.philips.com/is/image/PhilipsConsumer/F400083660-FIL-global-001</Asset><Asset code="PHI" description="Brand logo - highres 1476x886" extension="tif" extent="641666" lastModified="2018-10-31" locale="global" number="001" type="BRP">http://images.philips.com/is/image/PhilipsConsumer/PHI-BRP-global-001</Asset></Assets><ProductName>Inclusief dimmer, Buratto, dubbele spotlight</ProductName><NamingString><MasterBrand><BrandCode>PHI</BrandCode><BrandName>Philips</BrandName></MasterBrand><BrandString>Philips</BrandString><Family><FamilyCode>PLM0345002</FamilyCode><FamilyName>Hue White ambiance</FamilyName><FamilyNameUsed>1</FamilyNameUsed></Family><Descriptor><DescriptorCode>PLM1000031</DescriptorCode><DescriptorName>Buratto, dubbele spotlight</DescriptorName></Descriptor><Alphanumeric>50462/31/P7</Alphanumeric><VersionElement1><VersionElementCode>PLM1000043</VersionElementCode><VersionElementName>Inclusief dimmer switch</VersionElementName></VersionElement1><VersionElement2><VersionElementCode>PLM1000013</VersionElementCode><VersionElementName>GU10</VersionElementName></VersionElement2><VersionElement3><VersionElementCode>PLM1000007</VersionElementCode><VersionElementName>Wit</VersionElementName></VersionElement3><VersionElement4><VersionElementCode>PLM1000044</VersionElementCode><VersionElementName>Slimme bediening met Hue Bridge*</VersionElementName></VersionElement4><VersionString>Inclusief dimmer, GU10, wit, slimme bediening met Hue Bridge*</VersionString><BrandedFeatureString/><DescriptorBrandedFeatureString>Buratto, dubbele spotlight</DescriptorBrandedFeatureString></NamingString><WOW>Licht voor jouw speciale momenten</WOW><SubWOW>van zonsopkomst tot zonsondergang</SubWOW><MarketingTextHeader>De Philips Hue white ambiance spotlights Buratto worden geleverd met een draadloze dimmer en een white ambiance GU10 LED-lamp die je helpt te ontspannen, lezen, concentreren en energie opdoen. Geniet van natuurlijk wit licht dat je kunt aanpassen aan je dagelijkse bezigheden.</MarketingTextHeader><KeyBenefitArea><KeyBenefitAreaCode>K4034655</KeyBenefitAreaCode><KeyBenefitAreaName>Licht en ontwerp van hoge kwaliteit</KeyBenefitAreaName><KeyBenefitAreaRank>1</KeyBenefitAreaRank><Feature><FeatureCode>F400083650</FeatureCode><FeatureReferenceName>High light output 2017 LUM</FeatureReferenceName><FeatureName>Krachtige verlichting</FeatureName><FeatureLongDescription>Krachtige verlichting</FeatureLongDescription><FeatureGlossary>Licht van hoge kwaliteit met een sterke lichtopbrengst die zorgt voor volop wit licht voor elke taak of gelegenheid.</FeatureGlossary><FeatureRank>1</FeatureRank><FeatureTopRank>1</FeatureTopRank></Feature></KeyBenefitArea><KeyBenefitArea><KeyBenefitAreaCode>K4034641</KeyBenefitAreaCode><KeyBenefitAreaName>Licht voor jouw speciale momenten</KeyBenefitAreaName><KeyBenefitAreaRank>2</KeyBenefitAreaRank><Feature><FeatureCode>F400083652</FeatureCode><FeatureReferenceName>Dimmer switch (included)</FeatureReferenceName><FeatureName>Dimmer switch (meegeleverd)</FeatureName><FeatureLongDescription>Gemakkelijke draadloze bediening met de dimmer (meegeleverd)</FeatureLongDescription><FeatureGlossary>Met de dimmer switch op batterijvoeding voor Philips Hue kun je gemakkelijk het licht van je white ambiance-lampen regelen. Blader door de vier verschillende lichtscènes door eenvoudig op de 'aan'-knop te drukken, dim of versterk het licht, en ga zitten voor gebruiksgemak. De dimmer kan in zijn kleine en elegante houder overal geplaatst worden en heeft geen bedrading nodig. Gebruik hem als afstandsbediening of als lichtschakelaar aan de wand, en geniet van het juiste lichtrecept voor elk moment van je dag. Je kunt met één dimmer tot 10 Hue lampen bedienen.</FeatureGlossary><FeatureRank>1</FeatureRank><FeatureTopRank>2</FeatureTopRank></Feature><Feature><FeatureCode>F400083545</FeatureCode><FeatureReferenceName>Light for your daily routines</FeatureReferenceName><FeatureName>Licht voor je dagelijkse activiteiten</FeatureName><FeatureLongDescription>Ontspannen, lezen, concentreren en energie opdoen met lichtrecepten</FeatureLongDescription><FeatureGlossary>Licht beïnvloedt onze stemming en ons gedrag. Philips Hue kan je helpen je dagelijkse bezigheden te veranderen in momenten waar je van geniet. Sla je ochtendkoffie over en maak je klaar voor de dag met koel, helder wit daglicht dat je helpt je lichaam en geest te verfrissen. Blijf geconcentreerd met fijn afgestemd helder wit licht. Of leg je benen omhoog en ontspan met een zachte gloed van wit licht voor een perfect einde van de dag.</FeatureGlossary><FeatureRank>2</FeatureRank><FeatureTopRank>3</FeatureTopRank></Feature></KeyBenefitArea><KeyBenefitArea><KeyBenefitAreaCode>K4034656</KeyBenefitAreaCode><KeyBenefitAreaName>Volledige controle vanaf smartphone of tablet met de Hue bridge</KeyBenefitAreaName><KeyBenefitAreaRank>3</KeyBenefitAreaRank><Feature><FeatureCode>F400083537</FeatureCode><FeatureReferenceName>Full control with Hue bridge</FeatureReferenceName><FeatureName>Volledige controle met de Hue bridge</FeatureName><FeatureLongDescription>Volledige controle vanaf smartphone of tablet met de Hue bridge</FeatureLongDescription><FeatureGlossary>Verbind je Philips Hue lampen met de bridge en ontgrendel de eindeloze mogelijkheden van het systeem.</FeatureGlossary><FeatureRank>1</FeatureRank><FeatureTopRank>4</FeatureTopRank></Feature><Feature><FeatureCode>F400083543</FeatureCode><FeatureReferenceName>Create your ambiance</FeatureReferenceName><FeatureName>Creëer de gewenste sfeer</FeatureName><FeatureLongDescription>Creëer je eigen sfeer met warmwit tot koel daglicht</FeatureLongDescription><FeatureGlossary>Schep voor elk moment de juiste sfeer en decoreer je woning met warm tot koelwit licht. Profiteer het hele jaar door van verschillende stijlen, met helderwit licht dat doet denken aan een frisse lentebries, het warmwitte licht van de zomerzon of ijskoud winters daglicht.</FeatureGlossary><FeatureRank>2</FeatureRank><FeatureTopRank>5</FeatureTopRank></Feature><Feature><FeatureCode>F400083660</FeatureCode><FeatureReferenceName>Wake up and go to sleep LUM 2017</FeatureReferenceName><FeatureName>Natuurlijk wakker worden en gaan slapen</FeatureName><FeatureLongDescription>Natuurlijk wakker worden en gaan slapen</FeatureLongDescription><FeatureGlossary>Philips Hue helpt je uit bed te komen op de manier die jij wilt en helpt je zo je dag met een fris gevoel te beginnen. De helderheid van het licht neemt geleidelijk toe om het effect van een zonsopkomst na te bootsen. Daardoor word je op een natuurlijke manier wakker in plaats van gewekt te worden door het lawaai van een wekker. Begin je dag goed. 's Avonds helpt het ontspannende warmwitte licht je te ontspannen en je lichaam voor te bereiden op een goede nachtrust. Voor deze functie is verbinding met de Philips Hue Bridge vereist.</FeatureGlossary><FeatureRank>3</FeatureRank><FeatureTopRank>6</FeatureTopRank></Feature><Feature><FeatureCode>F400083655</FeatureCode><FeatureReferenceName>Smart control, home and away LUM 2017</FeatureReferenceName><FeatureName>Slimme bediening, thuis en als je weg bent</FeatureName><FeatureLongDescription>Slimme bediening, thuis en als je weg bent</FeatureLongDescription><FeatureGlossary>Met de apps voor Philips Hue op iOS en Android kun je je lampen op afstand bedienen van waar je ook bent. Controleer of je de lampen wel hebt uitgedaan voordat je van huis vertrok of schakel ze in als je moet overwerken. Voor deze functie is verbinding met de Philips Hue Bridge vereist.</FeatureGlossary><FeatureRank>4</FeatureRank><FeatureTopRank>7</FeatureTopRank></Feature><Feature><FeatureCode>F400083656</FeatureCode><FeatureReferenceName>Timers for your convenience HUE LUM</FeatureReferenceName><FeatureName>Handige timers</FeatureName><FeatureLongDescription>Stel handige timers in</FeatureLongDescription><FeatureGlossary>Met de timerfunctie in de Philips Hue App kan Philips Hue het doen lijken of je thuis bent, ook al is dat niet het geval. Stel de lampen zo in dat ze op een vooraf ingestelde tijd gaan branden, zodat ze aan zijn als je thuiskomt. Je kunt zelfs instellen dat het licht in bepaalde kamers op verschillende tijdstippen aan gaat. En natuurlijk kun je de lampen 's avonds geleidelijk uit laten gaan, zodat je nooit zorgen hoeft te hebben of je misschien lampen hebt laten branden. Voor deze functie is verbinding met de Philips Hue bridge vereist.</FeatureGlossary><FeatureRank>5</FeatureRank><FeatureTopRank>8</FeatureTopRank></Feature><Feature><FeatureCode>F400083553</FeatureCode><FeatureReferenceName>Control it your way</FeatureReferenceName><FeatureName>Bedien het op jouw manier</FeatureName><FeatureLongDescription>Bedien het op jouw manier</FeatureLongDescription><FeatureGlossary>Verbind jouw Philips Hue-lampen met de Bridge en begin de eindeloze mogelijkheden te ontdekken. Bedien de lampen vanaf je smartphone of tablet via de Philips Hue App, of voeg schakelaars toe aan je systeem om je lampen te activeren. Stel voor een complete beleving van Philips Hue timers, waarschuwingen, alarmen en meer in. Philips Hue werkt zelfs met Amazon Alexa, Apple Homekit en Google Home zodat je je lampen met je eigen stem kunt bedienen.</FeatureGlossary><FeatureRank>6</FeatureRank><FeatureTopRank>9</FeatureTopRank></Feature></KeyBenefitArea><FeatureImage><FeatureCode>F400083650</FeatureCode><FeatureReferenceName>High light output 2017 LUM</FeatureReferenceName><FeatureImageRank>1</FeatureImageRank></FeatureImage><FeatureImage><FeatureCode>F400083652</FeatureCode><FeatureReferenceName>Dimmer switch (included)</FeatureReferenceName><FeatureImageRank>2</FeatureImageRank></FeatureImage><FeatureImage><FeatureCode>F400083545</FeatureCode><FeatureReferenceName>Light for your daily routines</FeatureReferenceName><FeatureImageRank>3</FeatureImageRank></FeatureImage><FeatureImage><FeatureCode>F400083537</FeatureCode><FeatureReferenceName>Full control with Hue bridge</FeatureReferenceName><FeatureImageRank>4</FeatureImageRank></FeatureImage><FeatureImage><FeatureCode>F400083543</FeatureCode><FeatureReferenceName>Create your ambiance</FeatureReferenceName><FeatureImageRank>5</FeatureImageRank></FeatureImage><FeatureImage><FeatureCode>F400083660</FeatureCode><FeatureReferenceName>Wake up and go to sleep LUM 2017</FeatureReferenceName><FeatureImageRank>6</FeatureImageRank></FeatureImage><FeatureImage><FeatureCode>F400083655</FeatureCode><FeatureReferenceName>Smart control, home and away LUM 2017</FeatureReferenceName><FeatureImageRank>7</FeatureImageRank></FeatureImage><FeatureImage><FeatureCode>F400083656</FeatureCode><FeatureReferenceName>Timers for your convenience HUE LUM</FeatureReferenceName><FeatureImageRank>8</FeatureImageRank></FeatureImage><FeatureImage><FeatureCode>F400083553</FeatureCode><FeatureReferenceName>Control it your way</FeatureReferenceName><FeatureImageRank>9</FeatureImageRank></FeatureImage><FeatureHighlight><FeatureCode>F400083650</FeatureCode><FeatureReferenceName>High light output 2017 LUM</FeatureReferenceName><FeatureHighlightRank>1</FeatureHighlightRank></FeatureHighlight><FeatureHighlight><FeatureCode>F400083652</FeatureCode><FeatureReferenceName>Dimmer switch (included)</FeatureReferenceName><FeatureHighlightRank>2</FeatureHighlightRank></FeatureHighlight><FeatureHighlight><FeatureCode>F400083545</FeatureCode><FeatureReferenceName>Light for your daily routines</FeatureReferenceName><FeatureHighlightRank>3</FeatureHighlightRank></FeatureHighlight><FeatureHighlight><FeatureCode>F400083537</FeatureCode><FeatureReferenceName>Full control with Hue bridge</FeatureReferenceName><FeatureHighlightRank>4</FeatureHighlightRank></FeatureHighlight><FeatureHighlight><FeatureCode>F400083543</FeatureCode><FeatureReferenceName>Create your ambiance</FeatureReferenceName><FeatureHighlightRank>5</FeatureHighlightRank></FeatureHighlight><FeatureHighlight><FeatureCode>F400083660</FeatureCode><FeatureReferenceName>Wake up and go to sleep LUM 2017</FeatureReferenceName><FeatureHighlightRank>6</FeatureHighlightRank></FeatureHighlight><FeatureHighlight><FeatureCode>F400083655</FeatureCode><FeatureReferenceName>Smart control, home and away LUM 2017</FeatureReferenceName><FeatureHighlightRank>7</FeatureHighlightRank></FeatureHighlight><FeatureHighlight><FeatureCode>F400083656</FeatureCode><FeatureReferenceName>Timers for your convenience HUE LUM</FeatureReferenceName><FeatureHighlightRank>8</FeatureHighlightRank></FeatureHighlight><FeatureHighlight><FeatureCode>F400083553</FeatureCode><FeatureReferenceName>Control it your way</FeatureReferenceName><FeatureHighlightRank>9</FeatureHighlightRank></FeatureHighlight><CSChapter><CSChapterCode>PLMCHP010</CSChapterCode><CSChapterName>Design en afwerking</CSChapterName><CSChapterRank>10</CSChapterRank><CSItem><CSItemCode>PLMITM010001</CSItemCode><CSItemName>Materiaal</CSItemName><CSItemRank>1</CSItemRank><CSItemIsFreeFormat>0</CSItemIsFreeFormat><CSValue><CSValueCode>PLMATR0105METAL</CSValueCode><CSValueName>metaal</CSValueName><CSValueRank>1</CSValueRank></CSValue></CSItem><CSItem><CSItemCode>PLMITM010002</CSItemCode><CSItemName>Kleur</CSItemName><CSItemRank>2</CSItemRank><CSItemIsFreeFormat>0</CSItemIsFreeFormat><CSValue><CSValueCode>PLMATR018331</CSValueCode><CSValueName>wit</CSValueName><CSValueRank>1</CSValueRank></CSValue></CSItem></CSChapter><CSChapter><CSChapterCode>PLMCHP020</CSChapterCode><CSChapterName>Extra onderdeel/accessoire meegeleverd</CSChapterName><CSChapterRank>20</CSChapterRank><CSItem><CSItemCode>PLMITM0776F2010</CSItemCode><CSItemName>Dimbaar met Hue App en dimmer</CSItemName><CSItemRank>2</CSItemRank><CSItemIsFreeFormat>0</CSItemIsFreeFormat><CSValue><CSValueCode>PLMATR0776F2010YES</CSValueCode><CSValueName>Ja</CSValueName><CSValueRank>1</CSValueRank></CSValue></CSItem><CSItem><CSItemCode>PLMITM0776F3006</CSItemCode><CSItemName>hue-schakelaar</CSItemName><CSItemRank>3</CSItemRank><CSItemIsFreeFormat>0</CSItemIsFreeFormat><CSValue><CSValueCode>PLMATR0776F3006YES</CSValueCode><CSValueName>Ja</CSValueName><CSValueRank>1</CSValueRank></CSValue></CSItem><CSItem><CSItemCode>PLMITM0776FX003</CSItemCode><CSItemName>Inclusief LED-lamp(en)</CSItemName><CSItemRank>4</CSItemRank><CSItemIsFreeFormat>0</CSItemIsFreeFormat><CSValue><CSValueCode>PLMATR0776FX003YES</CSValueCode><CSValueName>Ja</CSValueName><CSValueRank>1</CSValueRank></CSValue></CSItem><CSItem><CSItemCode>PLMITM0776FX040</CSItemCode><CSItemName>Draaibare spot</CSItemName><CSItemRank>5</CSItemRank><CSItemIsFreeFormat>0</CSItemIsFreeFormat><CSValue><CSValueCode>PLMATR0776FX040YES</CSValueCode><CSValueName>Ja</CSValueName><CSValueRank>1</CSValueRank></CSValue></CSItem></CSChapter><CSChapter><CSChapterCode>PLMCHP030</CSChapterCode><CSChapterName>Afmetingen en gewicht van product</CSChapterName><CSChapterRank>30</CSChapterRank><CSItem><CSItemCode>PLMITM030001</CSItemCode><CSItemName>Hoogte</CSItemName><CSItemRank>1</CSItemRank><CSItemIsFreeFormat>1</CSItemIsFreeFormat><CSValue><CSValueCode>VA4042333</CSValueCode><CSValueName>11,2</CSValueName><CSValueRank>1</CSValueRank></CSValue><UnitOfMeasure><UnitOfMeasureCode>3000039</UnitOfMeasureCode><UnitOfMeasureName>centimeter</UnitOfMeasureName><UnitOfMeasureSymbol>cm</UnitOfMeasureSymbol></UnitOfMeasure></CSItem><CSItem><CSItemCode>PLMITM030004</CSItemCode><CSItemName>Lengte</CSItemName><CSItemRank>4</CSItemRank><CSItemIsFreeFormat>1</CSItemIsFreeFormat><CSValue><CSValueCode>VA4042309</CSValueCode><CSValueName>24</CSValueName><CSValueRank>1</CSValueRank></CSValue><UnitOfMeasure><UnitOfMeasureCode>3000039</UnitOfMeasureCode><UnitOfMeasureName>centimeter</UnitOfMeasureName><UnitOfMeasureSymbol>cm</UnitOfMeasureSymbol></UnitOfMeasure></CSItem><CSItem><CSItemCode>PLMITM030005</CSItemCode><CSItemName>Breedte</CSItemName><CSItemRank>5</CSItemRank><CSItemIsFreeFormat>1</CSItemIsFreeFormat><CSValue><CSValueCode>VA4042311</CSValueCode><CSValueName>13,1</CSValueName><CSValueRank>1</CSValueRank></CSValue><UnitOfMeasure><UnitOfMeasureCode>3000039</UnitOfMeasureCode><UnitOfMeasureName>centimeter</UnitOfMeasureName><UnitOfMeasureSymbol>cm</UnitOfMeasureSymbol></UnitOfMeasure></CSItem><CSItem><CSItemCode>PLMITM030006</CSItemCode><CSItemName>Nettogewicht</CSItemName><CSItemRank>6</CSItemRank><CSItemIsFreeFormat>1</CSItemIsFreeFormat><CSValue><CSValueCode>VA4042308</CSValueCode><CSValueName>1,145</CSValueName><CSValueRank>1</CSValueRank></CSValue><UnitOfMeasure><UnitOfMeasureCode>3000049</UnitOfMeasureCode><UnitOfMeasureName>kilogram</UnitOfMeasureName><UnitOfMeasureSymbol>kg</UnitOfMeasureSymbol></UnitOfMeasure></CSItem></CSChapter><CSChapter><CSChapterCode>PLMCHP040</CSChapterCode><CSChapterName>Technische specificaties</CSChapterName><CSChapterRank>40</CSChapterRank><CSItem><CSItemCode>PLMITM040001</CSItemCode><CSItemName>Netspanning</CSItemName><CSItemRank>1</CSItemRank><CSItemIsFreeFormat>0</CSItemIsFreeFormat><CSValue><CSValueCode>PLMATR0719220-240</CSValueCode><CSValueName>Bereik 220 V - 240 V</CSValueName><CSValueRank>1</CSValueRank></CSValue><CSValue><CSValueCode>PLMATR067350/60HZ</CSValueCode><CSValueName>50-60 Hz</CSValueName><CSValueRank>2</CSValueRank></CSValue></CSItem><CSItem><CSItemCode>PLMITM040002</CSItemCode><CSItemName>Lamptechnologie</CSItemName><CSItemRank>2</CSItemRank><CSItemIsFreeFormat>0</CSItemIsFreeFormat><CSValue><CSValueCode>PLMATR0329230</CSValueCode><CSValueName>230 V</CSValueName><CSValueRank>2</CSValueRank></CSValue></CSItem><CSItem><CSItemCode>PLMITM040003</CSItemCode><CSItemName>Aantal lampen</CSItemName><CSItemRank>3</CSItemRank><CSItemIsFreeFormat>1</CSItemIsFreeFormat><CSValue><CSValueCode>VA4042306</CSValueCode><CSValueName>2</CSValueName><CSValueRank>1</CSValueRank></CSValue></CSItem><CSItem><CSItemCode>PLMITM040004</CSItemCode><CSItemName>Lamphouder/lampvoet</CSItemName><CSItemRank>4</CSItemRank><CSItemIsFreeFormat>0</CSItemIsFreeFormat><CSValue><CSValueCode>PLMATR0341GU10</CSValueCode><CSValueName>GU10</CSValueName><CSValueRank>1</CSValueRank></CSValue></CSItem><CSItem><CSItemCode>PLMITM040005</CSItemCode><CSItemName>Vermogen meegeleverde lamp</CSItemName><CSItemRank>5</CSItemRank><CSItemIsFreeFormat>0</CSItemIsFreeFormat><CSValue><CSValueCode>PLMATR04605_5</CSValueCode><CSValueName>5,5 W</CSValueName><CSValueRank>1</CSValueRank></CSValue></CSItem><CSItem><CSItemCode>PLMITM040006</CSItemCode><CSItemName>Maximaal vermogen vervangende lamp</CSItemName><CSItemRank>6</CSItemRank><CSItemIsFreeFormat>0</CSItemIsFreeFormat><CSValue><CSValueCode>PLMATR03335_5</CSValueCode><CSValueName>5,5 W</CSValueName><CSValueRank>1</CSValueRank></CSValue></CSItem><CSItem><CSItemCode>PLMITM040007</CSItemCode><CSItemName>Lichtkleur</CSItemName><CSItemRank>7</CSItemRank><CSItemIsFreeFormat>0</CSItemIsFreeFormat><CSValue><CSValueCode>PLMATRBOIBULB106244000_K</CSValueCode><CSValueName>koel wit</CSValueName><CSValueRank>1</CSValueRank></CSValue></CSItem><CSItem><CSItemCode>PLMITM040009</CSItemCode><CSItemName>Stralingshoek</CSItemName><CSItemRank>9</CSItemRank><CSItemIsFreeFormat>0</CSItemIsFreeFormat><CSValue><CSValueCode>PLMATRBOIBULB1061145</CSValueCode><CSValueName>45°</CSValueName><CSValueRank>1</CSValueRank></CSValue></CSItem><CSItem><CSItemCode>PLMITM0400013</CSItemCode><CSItemName>Armatuur dimbaar</CSItemName><CSItemRank>13</CSItemRank><CSItemIsFreeFormat>0</CSItemIsFreeFormat><CSValue><CSValueCode>PLMATR1075Y</CSValueCode><CSValueName>Ja</CSValueName><CSValueRank>1</CSValueRank></CSValue></CSItem><CSItem><CSItemCode>PLMITM0400014</CSItemCode><CSItemName>LED</CSItemName><CSItemRank>14</CSItemRank><CSItemIsFreeFormat>0</CSItemIsFreeFormat><CSValue><CSValueCode>PLMATR0814Y</CSValueCode><CSValueName>Ja</CSValueName><CSValueRank>1</CSValueRank></CSValue></CSItem><CSItem><CSItemCode>PLMITM0400015</CSItemCode><CSItemName>Geïntegreerde LED</CSItemName><CSItemRank>15</CSItemRank><CSItemIsFreeFormat>0</CSItemIsFreeFormat><CSValue><CSValueCode>PLMATR1095EEL01-3</CSValueCode><CSValueName>NO</CSValueName><CSValueRank>1</CSValueRank></CSValue></CSItem><CSItem><CSItemCode>PLMITM0400016</CSItemCode><CSItemName>Energieklasse meegeleverde lichtbron</CSItemName><CSItemRank>16</CSItemRank><CSItemIsFreeFormat>0</CSItemIsFreeFormat><CSValue><CSValueCode>PLMATR1095EEL03-1</CSValueCode><CSValueName>A</CSValueName><CSValueRank>1</CSValueRank></CSValue></CSItem><CSItem><CSItemCode>PLMITM0400017</CSItemCode><CSItemName>Armatuur is compatibel met lamp(en) uit klasse</CSItemName><CSItemRank>17</CSItemRank><CSItemIsFreeFormat>0</CSItemIsFreeFormat><CSValue><CSValueCode>PLMATR1095EEL03-2</CSValueCode><CSValueName>A+ t/m E</CSValueName><CSValueRank>1</CSValueRank></CSValue></CSItem><CSItem><CSItemCode>PLMITM0400018</CSItemCode><CSItemName>Levensduur tot</CSItemName><CSItemRank>18</CSItemRank><CSItemIsFreeFormat>1</CSItemIsFreeFormat><CSValue><CSValueCode>VA4094468</CSValueCode><CSValueName>15.000</CSValueName><CSValueRank>1</CSValueRank></CSValue><UnitOfMeasure><UnitOfMeasureCode>4000213</UnitOfMeasureCode><UnitOfMeasureName>uur</UnitOfMeasureName><UnitOfMeasureSymbol>uur</UnitOfMeasureSymbol></UnitOfMeasure></CSItem><CSItem><CSItemCode>PLMITM040026</CSItemCode><CSItemName>IP-code</CSItemName><CSItemRank>26</CSItemRank><CSItemIsFreeFormat>0</CSItemIsFreeFormat><CSValue><CSValueCode>PLMATR0290IP20</CSValueCode><CSValueName>IP20</CSValueName><CSValueRank>1</CSValueRank></CSValue><CSValue><CSValueCode>PLMATR0290IP20-2</CSValueCode><CSValueName>bestand tegen voorwerpen groter dan 12,5 mm</CSValueName><CSValueRank>2</CSValueRank></CSValue><CSValue><CSValueCode>PLMATR0290IP20-3</CSValueCode><CSValueName>niet bestand tegen water</CSValueName><CSValueRank>3</CSValueRank></CSValue></CSItem><CSItem><CSItemCode>PLMITM040027</CSItemCode><CSItemName>Beschermingsklasse</CSItemName><CSItemRank>27</CSItemRank><CSItemIsFreeFormat>0</CSItemIsFreeFormat><CSValue><CSValueCode>PLMATR0289I</CSValueCode><CSValueName>I - geaard</CSValueName><CSValueRank>1</CSValueRank></CSValue></CSItem><CSItem><CSItemCode>PLMITM0400051</CSItemCode><CSItemName>Lichtbron equivalent aan traditionele lamp van</CSItemName><CSItemRank>51</CSItemRank><CSItemIsFreeFormat>1</CSItemIsFreeFormat><CSValue><CSValueCode>VA4081551</CSValueCode><CSValueName>25</CSValueName><CSValueRank>1</CSValueRank></CSValue><UnitOfMeasure><UnitOfMeasureCode>3000072</UnitOfMeasureCode><UnitOfMeasureName>watt</UnitOfMeasureName><UnitOfMeasureSymbol>W</UnitOfMeasureSymbol></UnitOfMeasure></CSItem><CSItem><CSItemCode>PLMITM0400052</CSItemCode><CSItemName>lumen meegeleverde lamp</CSItemName><CSItemRank>52</CSItemRank><CSItemIsFreeFormat>1</CSItemIsFreeFormat><CSValue><CSValueCode>VA4081549</CSValueCode><CSValueName>250</CSValueName><CSValueRank>1</CSValueRank></CSValue><UnitOfMeasure><UnitOfMeasureCode>3000051</UnitOfMeasureCode><UnitOfMeasureName>lumen</UnitOfMeasureName><UnitOfMeasureSymbol>lm</UnitOfMeasureSymbol></UnitOfMeasure></CSItem></CSChapter><CSChapter><CSChapterCode>PLMCHP050</CSChapterCode><CSChapterName>Service</CSChapterName><CSChapterRank>50</CSChapterRank><CSItem><CSItemCode>PLMITM050001</CSItemCode><CSItemName>Garantie</CSItemName><CSItemRank>1</CSItemRank><CSItemIsFreeFormat>0</CSItemIsFreeFormat><CSValue><CSValueCode>PLMATR02982</CSValueCode><CSValueName>2 jaar</CSValueName><CSValueRank>1</CSValueRank></CSValue></CSItem></CSChapter><CSChapter><CSChapterCode>PLMCHP060</CSChapterCode><CSChapterName>Afmetingen en gewicht inclusief verpakking</CSChapterName><CSChapterRank>60</CSChapterRank><CSItem><CSItemCode>PLMITM060001</CSItemCode><CSItemName>Hoogte</CSItemName><CSItemRank>1</CSItemRank><CSItemIsFreeFormat>1</CSItemIsFreeFormat><CSValue><CSValueCode>VA4042312</CSValueCode><CSValueName>10,9</CSValueName><CSValueRank>1</CSValueRank></CSValue><UnitOfMeasure><UnitOfMeasureCode>3000039</UnitOfMeasureCode><UnitOfMeasureName>centimeter</UnitOfMeasureName><UnitOfMeasureSymbol>cm</UnitOfMeasureSymbol></UnitOfMeasure></CSItem><CSItem><CSItemCode>PLMITM060002</CSItemCode><CSItemName>Lengte</CSItemName><CSItemRank>2</CSItemRank><CSItemIsFreeFormat>1</CSItemIsFreeFormat><CSValue><CSValueCode>VA4042313</CSValueCode><CSValueName>25,3</CSValueName><CSValueRank>1</CSValueRank></CSValue><UnitOfMeasure><UnitOfMeasureCode>3000039</UnitOfMeasureCode><UnitOfMeasureName>centimeter</UnitOfMeasureName><UnitOfMeasureSymbol>cm</UnitOfMeasureSymbol></UnitOfMeasure></CSItem><CSItem><CSItemCode>PLMITM060003</CSItemCode><CSItemName>Breedte</CSItemName><CSItemRank>3</CSItemRank><CSItemIsFreeFormat>1</CSItemIsFreeFormat><CSValue><CSValueCode>VA4042307</CSValueCode><CSValueName>19,8</CSValueName><CSValueRank>1</CSValueRank></CSValue><UnitOfMeasure><UnitOfMeasureCode>3000039</UnitOfMeasureCode><UnitOfMeasureName>centimeter</UnitOfMeasureName><UnitOfMeasureSymbol>cm</UnitOfMeasureSymbol></UnitOfMeasure></CSItem><CSItem><CSItemCode>PLMITM060004</CSItemCode><CSItemName>Gewicht</CSItemName><CSItemRank>4</CSItemRank><CSItemIsFreeFormat>1</CSItemIsFreeFormat><CSValue><CSValueCode>VA4042304</CSValueCode><CSValueName>1,428</CSValueName><CSValueRank>1</CSValueRank></CSValue><UnitOfMeasure><UnitOfMeasureCode>3000049</UnitOfMeasureCode><UnitOfMeasureName>kilogram</UnitOfMeasureName><UnitOfMeasureSymbol>kg</UnitOfMeasureSymbol></UnitOfMeasure></CSItem></CSChapter><CSChapter><CSChapterCode>PLMCHP070</CSChapterCode><CSChapterName>Diversen</CSChapterName><CSChapterRank>70</CSChapterRank><CSItem><CSItemCode>PLMITM070001</CSItemCode><CSItemName>Speciaal ontworpen voor</CSItemName><CSItemRank>1</CSItemRank><CSItemIsFreeFormat>0</CSItemIsFreeFormat><CSValue><CSValueCode>PLMATR0970L_B</CSValueCode><CSValueName>Woonkamer/slaapkamer</CSValueName><CSValueRank>1</CSValueRank></CSValue></CSItem><CSItem><CSItemCode>PLMITM070002</CSItemCode><CSItemName>Stijl</CSItemName><CSItemRank>2</CSItemRank><CSItemIsFreeFormat>0</CSItemIsFreeFormat><CSValue><CSValueCode>PLMATR0628MOD</CSValueCode><CSValueName>Modern</CSValueName><CSValueRank>1</CSValueRank></CSValue></CSItem><CSItem><CSItemCode>PLMITM070003</CSItemCode><CSItemName>Type</CSItemName><CSItemRank>3</CSItemRank><CSItemIsFreeFormat>0</CSItemIsFreeFormat><CSValue><CSValueCode>PLMATR0830SPOT</CSValueCode><CSValueName>Spotlamp</CSValueName><CSValueRank>1</CSValueRank></CSValue></CSItem></CSChapter><Filters><Purpose type="Comparison"><Features><Feature code="F400083650" rank="1" referenceName="High light output 2017 LUM"/><Feature code="F400083652" rank="2" referenceName="Dimmer switch (included)"/><Feature code="F400083545" rank="3" referenceName="Light for your daily routines"/><Feature code="F400083537" rank="4" referenceName="Full control with Hue bridge"/><Feature code="F400083543" rank="5" referenceName="Create your ambiance"/><Feature code="F400083660" rank="6" referenceName="Wake up and go to sleep LUM 2017"/><Feature code="F400083655" rank="7" referenceName="Smart control, home and away LUM 2017"/><Feature code="F400083656" rank="8" referenceName="Timers for your convenience HUE LUM"/><Feature code="F400083553" rank="9" referenceName="Control it your way"/></Features><CSItems><CSItem code="PLMITM010001" rank="1" referenceName="Design and finishing - Material"/><CSItem code="PLMITM030001" rank="1" referenceName="Product dimensions &amp; weight - Height"/><CSItem code="PLMITM040001" rank="1" referenceName="Technical specifications - Mains power"/><CSItem code="PLMITM050001" rank="1" referenceName="Service - Warranty"/><CSItem code="PLMITM060001" rank="1" referenceName="Packaging dimensions &amp; weight - Height"/><CSItem code="PLMITM070001" rank="1" referenceName="Miscellaneous - Especially designed for"/><CSItem code="PLMITM010002" rank="2" referenceName="Design and finishing - Color"/><CSItem code="PLMITM040002" rank="2" referenceName="Technical specifications - Bulb technology"/><CSItem code="PLMITM060002" rank="2" referenceName="Packaging dimensions &amp; weight - Length"/><CSItem code="PLMITM070002" rank="2" referenceName="Miscellaneous - Style"/><CSItem code="PLMITM0776F2010" rank="2" referenceName="Extra feature/accessory incl. - Dimmable with Hue app and switch"/><CSItem code="PLMITM040003" rank="3" referenceName="Technical specifications - Number of bulbs"/><CSItem code="PLMITM060003" rank="3" referenceName="Packaging dimensions &amp; weight - Width"/><CSItem code="PLMITM070003" rank="3" referenceName="Miscellaneous - Type"/><CSItem code="PLMITM0776F3006" rank="3" referenceName="Extra feature/accessory incl. - Hue Switch"/><CSItem code="PLMITM030004" rank="4" referenceName="Product dimensions &amp; weight - Length"/><CSItem code="PLMITM040004" rank="4" referenceName="Technical specifications - Fitting/cap"/><CSItem code="PLMITM060004" rank="4" referenceName="Packaging dimensions &amp; weight - Weight"/><CSItem code="PLMITM0776FX003" rank="4" referenceName="Extra feature/accessory incl. - LED lamp(s) included"/><CSItem code="PLMITM030005" rank="5" referenceName="Product dimensions &amp; weight - Width"/><CSItem code="PLMITM040005" rank="5" referenceName="Technical specifications - Wattage bulb included"/><CSItem code="PLMITM0776FX040" rank="5" referenceName="Extra feature/accessory incl. - Adjustable spot head"/><CSItem code="PLMITM030006" rank="6" referenceName="Product dimensions &amp; weight - Net weight"/><CSItem code="PLMITM040006" rank="6" referenceName="Technical specifications - Maximum wattage replacement bulb"/><CSItem code="PLMITM040007" rank="7" referenceName="Technical specifications - Light color"/><CSItem code="PLMITM040009" rank="9" referenceName="Technical specifications - Beam angle"/><CSItem code="PLMITM0400013" rank="13" referenceName="Technical specifications - Fixture dimmable"/><CSItem code="PLMITM0400014" rank="14" referenceName="Technical specifications - LED"/><CSItem code="PLMITM0400015" rank="15" referenceName="Technical specifications - Built in LED"/><CSItem code="PLMITM0400016" rank="16" referenceName="Technical specifications - Energy class included light source"/><CSItem code="PLMITM0400017" rank="17" referenceName="Technical specifications - Fixture is compatible with bulb(s) of class"/><CSItem code="PLMITM0400018" rank="18" referenceName="Technical specifications - Lifetime up to"/><CSItem code="PLMITM040026" rank="26" referenceName="Technical specifications - IP code"/><CSItem code="PLMITM040027" rank="27" referenceName="Technical specifications - Class of protection"/><CSItem code="PLMITM0400051" rank="51" referenceName="Technical specifications - Light source equivalent to traditional bulb of"/><CSItem code="PLMITM0400052" rank="52" referenceName="Technical specifications - Lumen output bulb included"/></CSItems></Purpose><Purpose type="Detail"><Features><Feature code="F400083650" rank="1" referenceName="High light output 2017 LUM"/><Feature code="F400083652" rank="2" referenceName="Dimmer switch (included)"/><Feature code="F400083545" rank="3" referenceName="Light for your daily routines"/><Feature code="F400083537" rank="4" referenceName="Full control with Hue bridge"/><Feature code="F400083543" rank="5" referenceName="Create your ambiance"/><Feature code="F400083660" rank="6" referenceName="Wake up and go to sleep LUM 2017"/><Feature code="F400083655" rank="7" referenceName="Smart control, home and away LUM 2017"/><Feature code="F400083656" rank="8" referenceName="Timers for your convenience HUE LUM"/><Feature code="F400083553" rank="9" referenceName="Control it your way"/></Features><CSItems><CSItem code="PLMITM010001" rank="1" referenceName="Design and finishing - Material"/><CSItem code="PLMITM030001" rank="1" referenceName="Product dimensions &amp; weight - Height"/><CSItem code="PLMITM040001" rank="1" referenceName="Technical specifications - Mains power"/><CSItem code="PLMITM050001" rank="1" referenceName="Service - Warranty"/><CSItem code="PLMITM060001" rank="1" referenceName="Packaging dimensions &amp; weight - Height"/><CSItem code="PLMITM070001" rank="1" referenceName="Miscellaneous - Especially designed for"/><CSItem code="PLMITM010002" rank="2" referenceName="Design and finishing - Color"/><CSItem code="PLMITM040002" rank="2" referenceName="Technical specifications - Bulb technology"/><CSItem code="PLMITM060002" rank="2" referenceName="Packaging dimensions &amp; weight - Length"/><CSItem code="PLMITM070002" rank="2" referenceName="Miscellaneous - Style"/><CSItem code="PLMITM0776F2010" rank="2" referenceName="Extra feature/accessory incl. - Dimmable with Hue app and switch"/><CSItem code="PLMITM040003" rank="3" referenceName="Technical specifications - Number of bulbs"/><CSItem code="PLMITM060003" rank="3" referenceName="Packaging dimensions &amp; weight - Width"/><CSItem code="PLMITM070003" rank="3" referenceName="Miscellaneous - Type"/><CSItem code="PLMITM0776F3006" rank="3" referenceName="Extra feature/accessory incl. - Hue Switch"/><CSItem code="PLMITM030004" rank="4" referenceName="Product dimensions &amp; weight - Length"/><CSItem code="PLMITM040004" rank="4" referenceName="Technical specifications - Fitting/cap"/><CSItem code="PLMITM060004" rank="4" referenceName="Packaging dimensions &amp; weight - Weight"/><CSItem code="PLMITM0776FX003" rank="4" referenceName="Extra feature/accessory incl. - LED lamp(s) included"/><CSItem code="PLMITM030005" rank="5" referenceName="Product dimensions &amp; weight - Width"/><CSItem code="PLMITM040005" rank="5" referenceName="Technical specifications - Wattage bulb included"/><CSItem code="PLMITM0776FX040" rank="5" referenceName="Extra feature/accessory incl. - Adjustable spot head"/><CSItem code="PLMITM030006" rank="6" referenceName="Product dimensions &amp; weight - Net weight"/><CSItem code="PLMITM040006" rank="6" referenceName="Technical specifications - Maximum wattage replacement bulb"/><CSItem code="PLMITM040007" rank="7" referenceName="Technical specifications - Light color"/><CSItem code="PLMITM040009" rank="9" referenceName="Technical specifications - Beam angle"/><CSItem code="PLMITM0400013" rank="13" referenceName="Technical specifications - Fixture dimmable"/><CSItem code="PLMITM0400014" rank="14" referenceName="Technical specifications - LED"/><CSItem code="PLMITM0400015" rank="15" referenceName="Technical specifications - Built in LED"/><CSItem code="PLMITM0400016" rank="16" referenceName="Technical specifications - Energy class included light source"/><CSItem code="PLMITM0400017" rank="17" referenceName="Technical specifications - Fixture is compatible with bulb(s) of class"/><CSItem code="PLMITM0400018" rank="18" referenceName="Technical specifications - Lifetime up to"/><CSItem code="PLMITM040026" rank="26" referenceName="Technical specifications - IP code"/><CSItem code="PLMITM040027" rank="27" referenceName="Technical specifications - Class of protection"/><CSItem code="PLMITM0400051" rank="51" referenceName="Technical specifications - Light source equivalent to traditional bulb of"/><CSItem code="PLMITM0400052" rank="52" referenceName="Technical specifications - Lumen output bulb included"/></CSItems></Purpose></Filters><FeatureCompareGroups/><Disclaimers><Disclaimer code="DIS40011976" rank="1" referenceName="*Hue bridge sold separately"><DisclaimerText>* Hue bridge afzonderlijk verkrijgbaar</DisclaimerText><DisclaimElements/></Disclaimer></Disclaimers><KeyValuePairs><KeyValuePair><Key>FdaFlag</Key><Value>false</Value><Type>String</Type></KeyValuePair><KeyValuePair><Key>GrantGroup</Key><Value>PHILIPS</Value><Type>String</Type></KeyValuePair><KeyValuePair><Key>PLMITM070001</Key><Value>PLMATR0970L_B</Value><Type>String</Type></KeyValuePair><KeyValuePair><Key>PLMITM070002</Key><Value>PLMATR0628MOD</Value><Type>String</Type></KeyValuePair><KeyValuePair><Key>PLMITM070003</Key><Value>PLMATR0830SPOT</Value><Type>String</Type></KeyValuePair><KeyValuePair><Key>PLMITM080001</Key><Value>PLMATR0571002</Value><Type>String</Type></KeyValuePair><KeyValuePair><Key>PLMITM090001</Key><Value>PLMATR0614001</Value><Type>String</Type></KeyValuePair><KeyValuePair><Key>PLMITM090002</Key><Value>PLMATR0615003</Value><Type>String</Type></KeyValuePair><KeyValuePair><Key>PLMITM090003</Key><Value>PLMATR0738006</Value><Type>String</Type></KeyValuePair><KeyValuePair><Key>PLMITM090004</Key><Value>PLMATR0739003</Value><Type>String</Type></KeyValuePair><KeyValuePair><Key>PLMITM090005</Key><Value>PLMATR0740007</Value><Type>String</Type></KeyValuePair></KeyValuePairs><ProductClusters/><ProductRefs><ProductReference ProductReferenceType="Accessory"><CTN>5046131P8</CTN></ProductReference></ProductRefs><RichTexts/><GreenData><GreenAwards/><EnergyLabel><Name>Energielabel</Name><ShortDescription/><LongDescription>Philips werkt al jaren proactief aan de energiezuinigheid van haar producten. De meeste producten van Philips hebben zo een groen energielabel verworven. Hoe groener het label, des te lager het energieverbruik en uw energierekening, en hoe beter voor het milieu.</LongDescription><Text/><EnergyClass rank="4"><Code>EEL03</Code><Countrycode>NL</Countrycode><Value>A</Value><Description>Netherlands</Description></EnergyClass></EnergyLabel><GreenChapter><GreenChapterCode>ENE</GreenChapterCode><GreenChapterName>Energie</GreenChapterName><GreenItem><GreenItemName>Dimbaar</GreenItemName><GreenItemRank>1</GreenItemRank><GreenValue><GreenValueName>Ja</GreenValueName><GreenValueRank>1</GreenValueRank></GreenValue><UnitOfMeasure><UnitOfMeasureName/><UnitOfMeasureSymbol/></UnitOfMeasure></GreenItem><GreenItem><GreenItemName>Energiebesparende bediening</GreenItemName><GreenItemRank>2</GreenItemRank><GreenValue><GreenValueName>Dimbaar met Hue App en dimmer</GreenValueName><GreenValueRank>1</GreenValueRank></GreenValue><UnitOfMeasure><UnitOfMeasureName/><UnitOfMeasureSymbol/></UnitOfMeasure></GreenItem><GreenItem><GreenItemName>Vermogen</GreenItemName><GreenItemRank>3</GreenItemRank><GreenValue><GreenValueName>11,00</GreenValueName><GreenValueRank>1</GreenValueRank></GreenValue><UnitOfMeasure><UnitOfMeasureName>watt</UnitOfMeasureName><UnitOfMeasureSymbol>W</UnitOfMeasureSymbol></UnitOfMeasure></GreenItem></GreenChapter><GreenChapter><GreenChapterCode>PAC</GreenChapterCode><GreenChapterName>Verpakking</GreenChapterName><GreenItem><GreenItemName>Karton</GreenItemName><GreenItemRank>1</GreenItemRank><GreenValue><GreenValueName>59</GreenValueName><GreenValueRank>1</GreenValueRank></GreenValue><UnitOfMeasure><UnitOfMeasureName>gram</UnitOfMeasureName><UnitOfMeasureSymbol>g</UnitOfMeasureSymbol></UnitOfMeasure></GreenItem><GreenItem><GreenItemName>Kunststoffen</GreenItemName><GreenItemRank>2</GreenItemRank><GreenValue><GreenValueName>6</GreenValueName><GreenValueRank>1</GreenValueRank></GreenValue><UnitOfMeasure><UnitOfMeasureName>gram</UnitOfMeasureName><UnitOfMeasureSymbol>g</UnitOfMeasureSymbol></UnitOfMeasure></GreenItem></GreenChapter><GreenChapter><GreenChapterCode>WEI</GreenChapterCode><GreenChapterName>Gewicht</GreenChapterName><GreenItem><GreenItemName>Gewicht van het product</GreenItemName><GreenItemRank>1</GreenItemRank><GreenValue><GreenValueName>1145</GreenValueName><GreenValueRank>1</GreenValueRank></GreenValue><UnitOfMeasure><UnitOfMeasureName>gram</UnitOfMeasureName><UnitOfMeasureSymbol>g</UnitOfMeasureSymbol></UnitOfMeasure></GreenItem></GreenChapter><GreenChapter><GreenChapterCode>REL</GreenChapterCode><GreenChapterName>Betrouwbaarheid</GreenChapterName><GreenItem><GreenItemName>Levensduur</GreenItemName><GreenItemRank>1</GreenItemRank><GreenValue><GreenValueName>15000</GreenValueName><GreenValueRank>1</GreenValueRank></GreenValue><UnitOfMeasure><UnitOfMeasureName>uur</UnitOfMeasureName><UnitOfMeasureSymbol>h</UnitOfMeasureSymbol></UnitOfMeasure></GreenItem></GreenChapter></GreenData></Product></Products>