<?xml version="1.0" encoding="UTF-8"?><Products xmlns:source="http://apache.org/cocoon/source/1.0" DocStatus="approved" DocTimeStamp="2018-10-31T11:31:02" DocType="PMT" DocVersion="xUCDM_product_external_CQ5_1_1_25"><Product Country="NL" IsAccessory="false" IsLocalized="true" IsMaster="false" Locale="nl_NL" lastModified="2018-10-31T04:39:04" masterLastModified="2018-10-05T00:35:25"><CTN>850863116</CTN><Code12NC>915005058701</Code12NC><GTIN>8718696127506</GTIN><MarketingVersion>3.0.1</MarketingVersion><MarketingStatus>Final Published</MarketingStatus><CRDate>2014-09-05</CRDate><CRDateYW>201436</CRDateYW><ModelYears/><ProductDivision><ProductDivisionCode>0100</ProductDivisionCode><ProductDivisionName>Lighting</ProductDivisionName><FormerPDCode>0100</FormerPDCode></ProductDivision><ProductOwner>Fatih Boyla</ProductOwner><DTN>85086/31/16</DTN><Assets><Asset code="850863116" description="User manual" extension="pdf" extent="1129156" lastModified="2018-10-31" locale="nl_NL" number="001" type="DFU">http://download.p4c.philips.com/files/8/850863116/850863116_dfu_nld.pdf</Asset><Asset code="850863116" description="Leaflet" extension="pdf" extent="385593" lastModified="2018-10-31" locale="nl_NL" number="001" type="PSS">http://download.p4c.philips.com/files/8/850863116/850863116_pss_nldnl.pdf</Asset><Asset code="850863116" description="Quick start guide" extension="pdf" extent="998088" lastModified="2018-10-31" locale="nl_NL" number="001" type="QSG">http://download.p4c.philips.com/files/8/850863116/850863116_qsg_nld.pdf</Asset><Asset code="850863116" description="Retail Trade Leaflet" extension="pdf" extent="153762" lastModified="2018-10-31" locale="nl_NL" number="001" type="RTL">http://download.p4c.philips.com/files/8/850863116/850863116_rtl_nldnl.pdf</Asset><Asset code="850863116" description="Alternative product photograph 1 - highres 2196x1795" extension="tif" extent="595836" lastModified="2018-10-31" locale="global" number="001" type="A1P">http://images.philips.com/is/image/PhilipsConsumer/850863116-A1P-global-001</Asset><Asset code="850863116" description="Alternative product photograph 2 - highres 2196x1795" extension="tif" extent="732020" lastModified="2018-10-31" locale="global" number="001" type="A2P">http://images.philips.com/is/image/PhilipsConsumer/850863116-A2P-global-001</Asset><Asset code="850863116" description="Alternative product photograph 3 - highres 2196x1795" extension="tif" extent="862284" lastModified="2018-10-31" locale="global" number="001" type="A3P">http://images.philips.com/is/image/PhilipsConsumer/850863116-A3P-global-001</Asset><Asset code="850863116" description="Alternative product photograph 4 - highres 2196x1795" extension="tif" extent="1107182" lastModified="2018-10-31" locale="global" number="001" type="A4P">http://images.philips.com/is/image/PhilipsConsumer/850863116-A4P-global-001</Asset><Asset code="850863116" description="Alternative product photograph 5 - highres 2196x1795" extension="tif" extent="1003408" lastModified="2018-10-31" locale="global" number="001" type="A5P">http://images.philips.com/is/image/PhilipsConsumer/850863116-A5P-global-001</Asset><Asset code="850863116" description="Alternative product photograph - highres 2196x1795" extension="tif" extent="987708" lastModified="2018-10-31" locale="global" number="001" type="APP">http://images.philips.com/is/image/PhilipsConsumer/850863116-APP-global-001</Asset><Asset code="850863116" description="Product detail 1 - highres 2196x1795" extension="tif" extent="908924" lastModified="2018-10-31" locale="global" number="001" type="D1P">http://images.philips.com/is/image/PhilipsConsumer/850863116-D1P-global-001</Asset><Asset code="850863116" description="Product detail 2 - highres 2196x1795" extension="tif" extent="903414" lastModified="2018-10-31" locale="global" number="001" type="D2P">http://images.philips.com/is/image/PhilipsConsumer/850863116-D2P-global-001</Asset><Asset code="850863116" description="Product detail 3 - highres 2196x1795" extension="tif" extent="817544" lastModified="2018-10-31" locale="global" number="001" type="D3P">http://images.philips.com/is/image/PhilipsConsumer/850863116-D3P-global-001</Asset><Asset code="850863116" description="Product detail 4 - highres 2196x1795" extension="tif" extent="773234" lastModified="2018-10-31" locale="global" number="001" type="D4P">http://images.philips.com/is/image/PhilipsConsumer/850863116-D4P-global-001</Asset><Asset code="850863116" description="Product detail 5 - highres 2196x1795" extension="tif" extent="656674" lastModified="2018-10-31" locale="global" number="001" type="D5P">http://images.philips.com/is/image/PhilipsConsumer/850863116-D5P-global-001</Asset><Asset code="850863116" description="Product detail photograph - highres 2196x2196" extension="tif" extent="826590" lastModified="2018-10-31" locale="global" number="001" type="DPP">http://images.philips.com/is/image/PhilipsConsumer/850863116-DPP-global-001</Asset><Asset code="850863116" description="Energy Label - Rainbow " extension="pdf" extent="182252" lastModified="2018-10-31" locale="global" number="001" type="ELR">http://download.p4c.philips.com/files/8/850863116/850863116_elr_.pdf</Asset><Asset code="850863116" description="Leaflet" extension="pdf" extent="383601" lastModified="2018-10-31" locale="global" number="001" type="PSS">http://download.p4c.philips.com/files/8/850863116/850863116_pss_.pdf</Asset><Asset code="850863116" description="Standard product photograph - highres 2196x1795" extension="tif" extent="656114" lastModified="2018-10-31" locale="global" number="001" type="RTP">http://images.philips.com/is/image/PhilipsConsumer/850863116-RTP-global-001</Asset><Asset code="850863116" description="Single product shot" extension="" lastModified="2018-10-31" locale="nl_NL" number="" type="IMS">http://images.philips.com/is/image/PhilipsConsumer/850863116-IMS-nl_NL</Asset><Asset code="850863116" description="Product gallery image set" extension="" lastModified="2018-10-31" locale="nl_NL" number="" type="GAL">http://images.philips.com/is/image/PhilipsConsumer/850863116-GAL-nl_NL</Asset><Asset code="850863116" description="Product URL" extension="" lastModified="2018-10-31" locale="nl_NL" number="" type="URL">http://www.philips.nl/c-p/850863116/linea-verlichting-voor-onder-kastjes</Asset><Asset code="F400057526" description="Feature photograph - highres 2100x1170" extension="tif" extent="100432" lastModified="2018-10-31" locale="global" number="001" type="FIL">http://images.philips.com/is/image/PhilipsConsumer/F400057526-FIL-global-001</Asset><Asset code="F400057627" description="Feature photograph - highres 2100x1170" extension="tif" extent="388920" lastModified="2018-10-31" locale="global" number="001" type="FIL">http://images.philips.com/is/image/PhilipsConsumer/F400057627-FIL-global-001</Asset><Asset code="F400057629" description="Feature photograph - highres 2100x1170" extension="tif" extent="1081276" lastModified="2018-10-31" locale="global" number="001" type="FIL">http://images.philips.com/is/image/PhilipsConsumer/F400057629-FIL-global-001</Asset><Asset code="F400057630" description="Feature photograph - highres 2100x1170" extension="tif" extent="378138" lastModified="2018-10-31" locale="global" number="001" type="FIL">http://images.philips.com/is/image/PhilipsConsumer/F400057630-FIL-global-001</Asset><Asset code="F400057635" description="Feature photograph - highres 2100x1170" extension="tif" extent="66220" lastModified="2018-10-31" locale="global" number="001" type="FIL">http://images.philips.com/is/image/PhilipsConsumer/F400057635-FIL-global-001</Asset><Asset code="F400057645" description="Feature photograph - highres 2100x1170" extension="tif" extent="231100" lastModified="2018-10-31" locale="global" number="001" type="FIL">http://images.philips.com/is/image/PhilipsConsumer/F400057645-FIL-global-001</Asset><Asset code="F400076495" description="Feature photograph - highres 2100x1170" extension="tif" extent="1171582" lastModified="2018-10-31" locale="global" number="001" type="FIL">http://images.philips.com/is/image/PhilipsConsumer/F400076495-FIL-global-001</Asset><Asset code="PHI" description="Brand logo - highres 1476x886" extension="tif" extent="641666" lastModified="2018-10-31" locale="global" number="001" type="BRP">http://images.philips.com/is/image/PhilipsConsumer/PHI-BRP-global-001</Asset><Asset code="PLM0108DLI" description="Concept logo - lowres 198x198" extension="tif" extent="601376" lastModified="2018-10-31" locale="global" number="001" type="CLL">http://images.philips.com/is/image/PhilipsConsumer/PLM0108DLI-CLL-global-001</Asset><Asset code="PLM0108DLI" description="Concept logo reversed - highres 1476x886" extension="tif" extent="597006" lastModified="2018-10-31" locale="global" number="001" type="MCP">http://images.philips.com/is/image/PhilipsConsumer/PLM0108DLI-MCP-global-001</Asset></Assets><ProductName>LINEAR LED 2700K, wit, LED, verlichting onder kastjes</ProductName><NamingString><MasterBrand><BrandCode>PHI</BrandCode><BrandName>Philips</BrandName></MasterBrand><BrandString>Philips</BrandString><Concept><ConceptCode>PLM0108DLI</ConceptCode><ConceptName>Linea</ConceptName><ConceptNameUsed>1</ConceptNameUsed></Concept><Descriptor><DescriptorCode>PLM0830CAB</DescriptorCode><DescriptorName>Verlichting voor onder kastjes</DescriptorName></Descriptor><Alphanumeric>85086/31/16</Alphanumeric><VersionElement1><VersionElementCode>PLM0005282</VersionElementCode><VersionElementName>LINEAR LED, 2700 K</VersionElementName></VersionElement1><VersionElement2><VersionElementCode>PLM018331</VersionElementCode><VersionElementName>wit</VersionElementName></VersionElement2><VersionElement3><VersionElementCode>PLM0814Y</VersionElementCode><VersionElementName>LED</VersionElementName></VersionElement3><VersionString>LINEAR LED, 2700 K, wit, LED</VersionString><BrandedFeatureString/><DescriptorBrandedFeatureString>Verlichting voor onder kastjes</DescriptorBrandedFeatureString></NamingString><WOW>Richt uw huis in met licht</WOW><MarketingTextHeader>Bespaar maar liefst 80% energie met deze rechte Philips LED-buizen. De geïntegreerde LED geeft hoogwaardig, warm wit licht, dat ideaal is voor algemene verlichting. Dankzij het modulaire systeem kunt u eenvoudig meerdere buizen verbinden.</MarketingTextHeader><KeyBenefitArea><KeyBenefitAreaCode>K4005041</KeyBenefitAreaCode><KeyBenefitAreaName>Duurzame verlichting</KeyBenefitAreaName><KeyBenefitAreaRank>1</KeyBenefitAreaRank><Feature><FeatureCode>F400057629</FeatureCode><FeatureReferenceName>High quality LED light (LED retrofit)</FeatureReferenceName><FeatureName>LED-licht van topkwaliteit</FeatureName><FeatureLongDescription>LED-licht van topkwaliteit</FeatureLongDescription><FeatureGlossary>De ingebouwde LED-lamp is een unieke door Philips ontwikkelde oplossing. De lamp kan onmiddellijk worden ingeschakeld, biedt een optimale lichtopbrengst en brengt levendige kleuren in uw huis.</FeatureGlossary><FeatureRank>4</FeatureRank><FeatureTopRank>1</FeatureTopRank></Feature><Feature><FeatureCode>F400076495</FeatureCode><FeatureReferenceName>5 year warranty on LED system</FeatureReferenceName><FeatureName>5 jaar garantie</FeatureName><FeatureLongDescription>Philips biedt standaard een garantie van 5 jaar op deze geïntegreerde LED-binnenverlichting.</FeatureLongDescription><FeatureGlossary>Naast de standaard 2 jaar garantie op deze lamp biedt Philips ook nog eens 5 jaar garantie op alle geïntegreerde LED-verlichting.</FeatureGlossary><FeatureRank>1</FeatureRank><FeatureTopRank>2</FeatureTopRank></Feature><Feature><FeatureCode>F400057627</FeatureCode><FeatureReferenceName>Energy saving (general NEW)</FeatureReferenceName><FeatureName>Energiezuinig</FeatureName><FeatureLongDescription>Energiezuinig</FeatureLongDescription><FeatureGlossary>Deze energiebesparende Philips lamp verbruikt minder stroom dan traditionele lichtbronnen. Zo bespaat u op uw energierekening en draagt u bij aan een beter milieu.</FeatureGlossary><FeatureRank>2</FeatureRank><FeatureTopRank>3</FeatureTopRank></Feature><Feature><FeatureCode>F400057630</FeatureCode><FeatureReferenceName>Long operating life (20 yrs lighting)</FeatureReferenceName><FeatureName>Lange levensduur</FeatureName><FeatureLongDescription>Lange levensduur - tot 20 jaar</FeatureLongDescription><FeatureGlossary>Een lichtbron waarop u kunt vertrouwen. De LED's in deze LED-lamp van Philips bieden een zeer lange levensduur van minimaal 20.000 uur (dit staat gelijk aan 20 jaar bij een gemiddeld gebruik van 3 uur per dag en minimaal 13.000 schakelcycli). Dit geeft een prettig gevoel: u hoeft zich nooit meer zorgen te maken over onderhoud of het vervangen van een lamp en u kunt thuis genieten van de perfecte sfeerverlichting.</FeatureGlossary><FeatureRank>5</FeatureRank><FeatureTopRank>4</FeatureTopRank></Feature><Feature><FeatureCode>F400057635</FeatureCode><FeatureReferenceName>Warm white light (NEW lighting)</FeatureReferenceName><FeatureName>Warm wit licht</FeatureName><FeatureLongDescription>Warm wit licht</FeatureLongDescription><FeatureGlossary>Licht kan verschillende kleurtemperaturen hebben, die worden aangegeven in de eenheid Kelvin (K). Lampen met een lage Kelvin-waarde produceren een warmer, gezelliger licht, terwijl lampen met een hoge Kelvin-waarde een koeler, meer energiek licht produceren. Deze lamp van Philips geeft warm wit licht voor een gezellige sfeer.</FeatureGlossary><FeatureRank>6</FeatureRank><FeatureTopRank>7</FeatureTopRank></Feature></KeyBenefitArea><KeyBenefitArea><KeyBenefitAreaCode>K4013393</KeyBenefitAreaCode><KeyBenefitAreaName>Speciale kenmerken</KeyBenefitAreaName><KeyBenefitAreaRank>2</KeyBenefitAreaRank><Feature><FeatureCode>F400057645</FeatureCode><FeatureReferenceName>On/off switch on article (NEW lighting)</FeatureReferenceName><FeatureName>Aan-uitschakelaar op product</FeatureName><FeatureLongDescription>Aan-uitschakelaar op product</FeatureLongDescription><FeatureGlossary>De knop is discreet geïntegreerd in de lamp. Je kunt dus eenvoudig het licht in- en uitschakelen.</FeatureGlossary><FeatureRank>7</FeatureRank><FeatureTopRank>5</FeatureTopRank></Feature><Feature><FeatureCode>F400057526</FeatureCode><FeatureReferenceName>Connectable product (myKitchen)</FeatureReferenceName><FeatureName>Onderling koppelbaar product</FeatureName><FeatureLongDescription>Kan op producten van dezelfde familie worden aangesloten</FeatureLongDescription><FeatureGlossary>Dit product is koppelbaar met een vergelijkbaar product of met andere producten uit dezelfde familie.</FeatureGlossary><FeatureRank>3</FeatureRank><FeatureTopRank>6</FeatureTopRank></Feature></KeyBenefitArea><FeatureImage><FeatureCode>F400057629</FeatureCode><FeatureReferenceName>High quality LED light (LED retrofit)</FeatureReferenceName><FeatureImageRank>1</FeatureImageRank></FeatureImage><FeatureImage><FeatureCode>F400076495</FeatureCode><FeatureReferenceName>5 year warranty on LED system</FeatureReferenceName><FeatureImageRank>2</FeatureImageRank></FeatureImage><FeatureImage><FeatureCode>F400057627</FeatureCode><FeatureReferenceName>Energy saving (general NEW)</FeatureReferenceName><FeatureImageRank>3</FeatureImageRank></FeatureImage><FeatureImage><FeatureCode>F400057630</FeatureCode><FeatureReferenceName>Long operating life (20 yrs lighting)</FeatureReferenceName><FeatureImageRank>4</FeatureImageRank></FeatureImage><FeatureImage><FeatureCode>F400057645</FeatureCode><FeatureReferenceName>On/off switch on article (NEW lighting)</FeatureReferenceName><FeatureImageRank>5</FeatureImageRank></FeatureImage><FeatureImage><FeatureCode>F400057526</FeatureCode><FeatureReferenceName>Connectable product (myKitchen)</FeatureReferenceName><FeatureImageRank>6</FeatureImageRank></FeatureImage><FeatureImage><FeatureCode>F400057635</FeatureCode><FeatureReferenceName>Warm white light (NEW lighting)</FeatureReferenceName><FeatureImageRank>7</FeatureImageRank></FeatureImage><FeatureHighlight><FeatureCode>F400057629</FeatureCode><FeatureReferenceName>High quality LED light (LED retrofit)</FeatureReferenceName><FeatureHighlightRank>1</FeatureHighlightRank></FeatureHighlight><FeatureHighlight><FeatureCode>F400076495</FeatureCode><FeatureReferenceName>5 year warranty on LED system</FeatureReferenceName><FeatureHighlightRank>2</FeatureHighlightRank></FeatureHighlight><FeatureHighlight><FeatureCode>F400057627</FeatureCode><FeatureReferenceName>Energy saving (general NEW)</FeatureReferenceName><FeatureHighlightRank>3</FeatureHighlightRank></FeatureHighlight><FeatureHighlight><FeatureCode>F400057630</FeatureCode><FeatureReferenceName>Long operating life (20 yrs lighting)</FeatureReferenceName><FeatureHighlightRank>4</FeatureHighlightRank></FeatureHighlight><FeatureHighlight><FeatureCode>F400057645</FeatureCode><FeatureReferenceName>On/off switch on article (NEW lighting)</FeatureReferenceName><FeatureHighlightRank>5</FeatureHighlightRank></FeatureHighlight><FeatureHighlight><FeatureCode>F400057526</FeatureCode><FeatureReferenceName>Connectable product (myKitchen)</FeatureReferenceName><FeatureHighlightRank>6</FeatureHighlightRank></FeatureHighlight><FeatureHighlight><FeatureCode>F400057635</FeatureCode><FeatureReferenceName>Warm white light (NEW lighting)</FeatureReferenceName><FeatureHighlightRank>7</FeatureHighlightRank></FeatureHighlight><CSChapter><CSChapterCode>PLMCHP010</CSChapterCode><CSChapterName>Design en afwerking</CSChapterName><CSChapterRank>10</CSChapterRank><CSItem><CSItemCode>PLMITM010001</CSItemCode><CSItemName>Materiaal</CSItemName><CSItemRank>1</CSItemRank><CSItemIsFreeFormat>0</CSItemIsFreeFormat><CSValue><CSValueCode>PLMATR0105SYNTH</CSValueCode><CSValueName>kunststof</CSValueName><CSValueRank>1</CSValueRank></CSValue></CSItem><CSItem><CSItemCode>PLMITM010002</CSItemCode><CSItemName>Kleur</CSItemName><CSItemRank>2</CSItemRank><CSItemIsFreeFormat>0</CSItemIsFreeFormat><CSValue><CSValueCode>PLMATR018331</CSValueCode><CSValueName>wit</CSValueName><CSValueRank>1</CSValueRank></CSValue></CSItem></CSChapter><CSChapter><CSChapterCode>PLMCHP020</CSChapterCode><CSChapterName>Extra onderdeel/accessoire meegeleverd</CSChapterName><CSChapterRank>20</CSChapterRank><CSItem><CSItemCode>PLMITM0776F3001</CSItemCode><CSItemName>Aan-uitschakelaar op product</CSItemName><CSItemRank>3</CSItemRank><CSItemIsFreeFormat>0</CSItemIsFreeFormat><CSValue><CSValueCode>PLMATR0776F3001YES</CSValueCode><CSValueName>JA</CSValueName><CSValueRank>1</CSValueRank></CSValue></CSItem><CSItem><CSItemCode>PLMITM0776FX065</CSItemCode><CSItemName>5 jaar garantie</CSItemName><CSItemRank>4</CSItemRank><CSItemIsFreeFormat>0</CSItemIsFreeFormat><CSValue><CSValueCode>PLMATR0776FX065YES</CSValueCode><CSValueName>JA</CSValueName><CSValueRank>1</CSValueRank></CSValue></CSItem></CSChapter><CSChapter><CSChapterCode>PLMCHP030</CSChapterCode><CSChapterName>Afmetingen en gewicht van product</CSChapterName><CSChapterRank>30</CSChapterRank><CSItem><CSItemCode>PLMITM030001</CSItemCode><CSItemName>Hoogte</CSItemName><CSItemRank>1</CSItemRank><CSItemIsFreeFormat>1</CSItemIsFreeFormat><CSValue><CSValueCode>VA4042333</CSValueCode><CSValueName>3,6</CSValueName><CSValueRank>1</CSValueRank></CSValue><UnitOfMeasure><UnitOfMeasureCode>3000039</UnitOfMeasureCode><UnitOfMeasureName>centimeter</UnitOfMeasureName><UnitOfMeasureSymbol>cm</UnitOfMeasureSymbol></UnitOfMeasure></CSItem><CSItem><CSItemCode>PLMITM030004</CSItemCode><CSItemName>Lengte</CSItemName><CSItemRank>4</CSItemRank><CSItemIsFreeFormat>1</CSItemIsFreeFormat><CSValue><CSValueCode>VA4042309</CSValueCode><CSValueName>54,8</CSValueName><CSValueRank>1</CSValueRank></CSValue><UnitOfMeasure><UnitOfMeasureCode>3000039</UnitOfMeasureCode><UnitOfMeasureName>centimeter</UnitOfMeasureName><UnitOfMeasureSymbol>cm</UnitOfMeasureSymbol></UnitOfMeasure></CSItem><CSItem><CSItemCode>PLMITM030005</CSItemCode><CSItemName>Breedte</CSItemName><CSItemRank>5</CSItemRank><CSItemIsFreeFormat>1</CSItemIsFreeFormat><CSValue><CSValueCode>VA4042311</CSValueCode><CSValueName>2,5</CSValueName><CSValueRank>1</CSValueRank></CSValue><UnitOfMeasure><UnitOfMeasureCode>3000039</UnitOfMeasureCode><UnitOfMeasureName>centimeter</UnitOfMeasureName><UnitOfMeasureSymbol>cm</UnitOfMeasureSymbol></UnitOfMeasure></CSItem><CSItem><CSItemCode>PLMITM030006</CSItemCode><CSItemName>Nettogewicht</CSItemName><CSItemRank>6</CSItemRank><CSItemIsFreeFormat>1</CSItemIsFreeFormat><CSValue><CSValueCode>VA4042308</CSValueCode><CSValueName>0,143</CSValueName><CSValueRank>1</CSValueRank></CSValue><UnitOfMeasure><UnitOfMeasureCode>3000049</UnitOfMeasureCode><UnitOfMeasureName>kilogram</UnitOfMeasureName><UnitOfMeasureSymbol>kg</UnitOfMeasureSymbol></UnitOfMeasure></CSItem></CSChapter><CSChapter><CSChapterCode>PLMCHP040</CSChapterCode><CSChapterName>Technische specificaties</CSChapterName><CSChapterRank>40</CSChapterRank><CSItem><CSItemCode>PLMITM040001</CSItemCode><CSItemName>Netspanning</CSItemName><CSItemRank>1</CSItemRank><CSItemIsFreeFormat>0</CSItemIsFreeFormat><CSValue><CSValueCode>PLMATR0719220-240</CSValueCode><CSValueName>Bereik 220 V - 240 V</CSValueName><CSValueRank>1</CSValueRank></CSValue><CSValue><CSValueCode>PLMATR067350/60HZ</CSValueCode><CSValueName>50-60 Hz</CSValueName><CSValueRank>2</CSValueRank></CSValue></CSItem><CSItem><CSItemCode>PLMITM040002</CSItemCode><CSItemName>Lamptechnologie</CSItemName><CSItemRank>2</CSItemRank><CSItemIsFreeFormat>0</CSItemIsFreeFormat><CSValue><CSValueCode>PLMATRBOIBULB10131LED</CSValueCode><CSValueName>LED</CSValueName><CSValueRank>1</CSValueRank></CSValue><CSValue><CSValueCode>PLMATR0329230</CSValueCode><CSValueName>230 V</CSValueName><CSValueRank>2</CSValueRank></CSValue></CSItem><CSItem><CSItemCode>PLMITM040003</CSItemCode><CSItemName>Aantal lampen</CSItemName><CSItemRank>3</CSItemRank><CSItemIsFreeFormat>1</CSItemIsFreeFormat><CSValue><CSValueCode>VA4042306</CSValueCode><CSValueName>1</CSValueName><CSValueRank>1</CSValueRank></CSValue></CSItem><CSItem><CSItemCode>PLMITM040005</CSItemCode><CSItemName>Wattage meegeleverde lamp</CSItemName><CSItemRank>5</CSItemRank><CSItemIsFreeFormat>0</CSItemIsFreeFormat><CSValue><CSValueCode>PLMATR04609</CSValueCode><CSValueName>9W</CSValueName><CSValueRank>1</CSValueRank></CSValue></CSItem><CSItem><CSItemCode>PLMITM040007</CSItemCode><CSItemName>Lichtkleur</CSItemName><CSItemRank>7</CSItemRank><CSItemIsFreeFormat>0</CSItemIsFreeFormat><CSValue><CSValueCode>PLMATRBOIBULB106242700_K</CSValueCode><CSValueName>warm wit</CSValueName><CSValueRank>1</CSValueRank></CSValue></CSItem><CSItem><CSItemCode>PLMITM0400011</CSItemCode><CSItemName>Totaal lumen armatuur</CSItemName><CSItemRank>11</CSItemRank><CSItemIsFreeFormat>0</CSItemIsFreeFormat><CSValue><CSValueCode>PLMATR1096800</CSValueCode><CSValueName>800 lm</CSValueName><CSValueRank>1</CSValueRank></CSValue></CSItem><CSItem><CSItemCode>PLMITM0400013</CSItemCode><CSItemName>Armatuur dimbaar</CSItemName><CSItemRank>13</CSItemRank><CSItemIsFreeFormat>0</CSItemIsFreeFormat><CSValue><CSValueCode>PLMATR1075N</CSValueCode><CSValueName>Nee</CSValueName><CSValueRank>1</CSValueRank></CSValue></CSItem><CSItem><CSItemCode>PLMITM0400014</CSItemCode><CSItemName>LED</CSItemName><CSItemRank>14</CSItemRank><CSItemIsFreeFormat>0</CSItemIsFreeFormat><CSValue><CSValueCode>PLMATR0814Y</CSValueCode><CSValueName>Ja</CSValueName><CSValueRank>1</CSValueRank></CSValue></CSItem><CSItem><CSItemCode>PLMITM0400018</CSItemCode><CSItemName>Levensduur tot</CSItemName><CSItemRank>18</CSItemRank><CSItemIsFreeFormat>1</CSItemIsFreeFormat><CSValue><CSValueCode>VA4094468</CSValueCode><CSValueName>20.000</CSValueName><CSValueRank>1</CSValueRank></CSValue><UnitOfMeasure><UnitOfMeasureCode>4000213</UnitOfMeasureCode><UnitOfMeasureName>uur</UnitOfMeasureName><UnitOfMeasureSymbol>uur</UnitOfMeasureSymbol></UnitOfMeasure></CSItem><CSItem><CSItemCode>PLMITM040026</CSItemCode><CSItemName>IP-code</CSItemName><CSItemRank>26</CSItemRank><CSItemIsFreeFormat>0</CSItemIsFreeFormat><CSValue><CSValueCode>PLMATR0290IP20</CSValueCode><CSValueName>IP20</CSValueName><CSValueRank>1</CSValueRank></CSValue><CSValue><CSValueCode>PLMATR0290IP20-2</CSValueCode><CSValueName>bestand tegen voorwerpen groter dan 12,5 mm</CSValueName><CSValueRank>2</CSValueRank></CSValue><CSValue><CSValueCode>PLMATR0290IP20-3</CSValueCode><CSValueName>niet bestand tegen water</CSValueName><CSValueRank>3</CSValueRank></CSValue></CSItem><CSItem><CSItemCode>PLMITM040027</CSItemCode><CSItemName>Beschermingsklasse</CSItemName><CSItemRank>27</CSItemRank><CSItemIsFreeFormat>0</CSItemIsFreeFormat><CSValue><CSValueCode>PLMATR0289II</CSValueCode><CSValueName>II - dubbel geïsoleerd</CSValueName><CSValueRank>1</CSValueRank></CSValue></CSItem><CSItem><CSItemCode>PLMITM0400051</CSItemCode><CSItemName>Lichtbron equivalent aan traditionele lamp van</CSItemName><CSItemRank>51</CSItemRank><CSItemIsFreeFormat>1</CSItemIsFreeFormat><CSValue><CSValueCode>VA4081551</CSValueCode><CSValueName>80</CSValueName><CSValueRank>1</CSValueRank></CSValue><UnitOfMeasure><UnitOfMeasureCode>3000072</UnitOfMeasureCode><UnitOfMeasureName>watt</UnitOfMeasureName><UnitOfMeasureSymbol>W</UnitOfMeasureSymbol></UnitOfMeasure></CSItem></CSChapter><CSChapter><CSChapterCode>PLMCHP050</CSChapterCode><CSChapterName>Service</CSChapterName><CSChapterRank>50</CSChapterRank><CSItem><CSItemCode>PLMITM050001</CSItemCode><CSItemName>Garantie</CSItemName><CSItemRank>1</CSItemRank><CSItemIsFreeFormat>0</CSItemIsFreeFormat><CSValue><CSValueCode>PLMATR02985</CSValueCode><CSValueName>5 jaar</CSValueName><CSValueRank>1</CSValueRank></CSValue></CSItem></CSChapter><CSChapter><CSChapterCode>PLMCHP060</CSChapterCode><CSChapterName>Afmetingen en gewicht inclusief verpakking</CSChapterName><CSChapterRank>60</CSChapterRank><CSItem><CSItemCode>PLMITM060001</CSItemCode><CSItemName>Hoogte</CSItemName><CSItemRank>1</CSItemRank><CSItemIsFreeFormat>1</CSItemIsFreeFormat><CSValue><CSValueCode>VA4042312</CSValueCode><CSValueName>58,4</CSValueName><CSValueRank>1</CSValueRank></CSValue><UnitOfMeasure><UnitOfMeasureCode>3000039</UnitOfMeasureCode><UnitOfMeasureName>centimeter</UnitOfMeasureName><UnitOfMeasureSymbol>cm</UnitOfMeasureSymbol></UnitOfMeasure></CSItem><CSItem><CSItemCode>PLMITM060002</CSItemCode><CSItemName>Lengte</CSItemName><CSItemRank>2</CSItemRank><CSItemIsFreeFormat>1</CSItemIsFreeFormat><CSValue><CSValueCode>VA4042313</CSValueCode><CSValueName>7,3</CSValueName><CSValueRank>1</CSValueRank></CSValue><UnitOfMeasure><UnitOfMeasureCode>3000039</UnitOfMeasureCode><UnitOfMeasureName>centimeter</UnitOfMeasureName><UnitOfMeasureSymbol>cm</UnitOfMeasureSymbol></UnitOfMeasure></CSItem><CSItem><CSItemCode>PLMITM060003</CSItemCode><CSItemName>Breedte</CSItemName><CSItemRank>3</CSItemRank><CSItemIsFreeFormat>1</CSItemIsFreeFormat><CSValue><CSValueCode>VA4042307</CSValueCode><CSValueName>3,1</CSValueName><CSValueRank>1</CSValueRank></CSValue><UnitOfMeasure><UnitOfMeasureCode>3000039</UnitOfMeasureCode><UnitOfMeasureName>centimeter</UnitOfMeasureName><UnitOfMeasureSymbol>cm</UnitOfMeasureSymbol></UnitOfMeasure></CSItem><CSItem><CSItemCode>PLMITM060004</CSItemCode><CSItemName>Gewicht</CSItemName><CSItemRank>4</CSItemRank><CSItemIsFreeFormat>1</CSItemIsFreeFormat><CSValue><CSValueCode>VA4042304</CSValueCode><CSValueName>0,327</CSValueName><CSValueRank>1</CSValueRank></CSValue><UnitOfMeasure><UnitOfMeasureCode>3000049</UnitOfMeasureCode><UnitOfMeasureName>kilogram</UnitOfMeasureName><UnitOfMeasureSymbol>kg</UnitOfMeasureSymbol></UnitOfMeasure></CSItem></CSChapter><CSChapter><CSChapterCode>PLMCHP070</CSChapterCode><CSChapterName>Diversen</CSChapterName><CSChapterRank>70</CSChapterRank><CSItem><CSItemCode>PLMITM070001</CSItemCode><CSItemName>Speciaal ontworpen voor</CSItemName><CSItemRank>1</CSItemRank><CSItemIsFreeFormat>0</CSItemIsFreeFormat><CSValue><CSValueCode>PLMATR0970FUNC</CSValueCode><CSValueName>Functioneel</CSValueName><CSValueRank>1</CSValueRank></CSValue></CSItem><CSItem><CSItemCode>PLMITM070002</CSItemCode><CSItemName>Stijl</CSItemName><CSItemRank>2</CSItemRank><CSItemIsFreeFormat>0</CSItemIsFreeFormat><CSValue><CSValueCode>PLMATR0628CON</CSValueCode><CSValueName>Modern</CSValueName><CSValueRank>1</CSValueRank></CSValue></CSItem><CSItem><CSItemCode>PLMITM070003</CSItemCode><CSItemName>Type</CSItemName><CSItemRank>3</CSItemRank><CSItemIsFreeFormat>0</CSItemIsFreeFormat><CSValue><CSValueCode>PLMATR0830CABIN</CSValueCode><CSValueName>Verlichting voor onder kastjes</CSValueName><CSValueRank>1</CSValueRank></CSValue></CSItem></CSChapter><Filters><Purpose type="Comparison"><Features><Feature code="F400057629" rank="1" referenceName="High quality LED light (LED retrofit)"/><Feature code="F400076495" rank="2" referenceName="5 year warranty on LED system"/><Feature code="F400057627" rank="3" referenceName="Energy saving (general NEW)"/><Feature code="F400057630" rank="4" referenceName="Long operating life (20 yrs lighting)"/><Feature code="F400057645" rank="5" referenceName="On/off switch on article (NEW lighting)"/><Feature code="F400057526" rank="6" referenceName="Connectable product (myKitchen)"/><Feature code="F400057635" rank="7" referenceName="Warm white light (NEW lighting)"/></Features><CSItems><CSItem code="PLMITM010001" rank="1" referenceName="Design and finishing - Material"/><CSItem code="PLMITM030001" rank="1" referenceName="Product dimensions &amp; weight - Height"/><CSItem code="PLMITM040001" rank="1" referenceName="Technical specifications - Mains power"/><CSItem code="PLMITM050001" rank="1" referenceName="Service - Warranty"/><CSItem code="PLMITM060001" rank="1" referenceName="Packaging dimensions &amp; weight - Height"/><CSItem code="PLMITM070001" rank="1" referenceName="Miscellaneous - Especially designed for"/><CSItem code="PLMITM010002" rank="2" referenceName="Design and finishing - Color"/><CSItem code="PLMITM040002" rank="2" referenceName="Technical specifications - Bulb technology"/><CSItem code="PLMITM060002" rank="2" referenceName="Packaging dimensions &amp; weight - Length"/><CSItem code="PLMITM070002" rank="2" referenceName="Miscellaneous - Style"/><CSItem code="PLMITM040003" rank="3" referenceName="Technical specifications - Number of bulbs"/><CSItem code="PLMITM060003" rank="3" referenceName="Packaging dimensions &amp; weight - Width"/><CSItem code="PLMITM070003" rank="3" referenceName="Miscellaneous - Type"/><CSItem code="PLMITM0776F3001" rank="3" referenceName="Extra feature/accessory incl. - On/off switch on article"/><CSItem code="PLMITM030004" rank="4" referenceName="Product dimensions &amp; weight - Length"/><CSItem code="PLMITM060004" rank="4" referenceName="Packaging dimensions &amp; weight - Weight"/><CSItem code="PLMITM0776FX065" rank="4" referenceName="Extra feature/accessory incl. - 5 years warranty"/><CSItem code="PLMITM030005" rank="5" referenceName="Product dimensions &amp; weight - Width"/><CSItem code="PLMITM040005" rank="5" referenceName="Technical specifications - Wattage bulb included"/><CSItem code="PLMITM030006" rank="6" referenceName="Product dimensions &amp; weight - Net weight"/><CSItem code="PLMITM040007" rank="7" referenceName="Technical specifications - Light color"/><CSItem code="PLMITM0400011" rank="11" referenceName="Technical specifications - Total lumen output fixture"/><CSItem code="PLMITM0400013" rank="13" referenceName="Technical specifications - Fixture dimmable"/><CSItem code="PLMITM0400014" rank="14" referenceName="Technical specifications - LED"/><CSItem code="PLMITM0400018" rank="18" referenceName="Technical specifications - Lifetime up to"/><CSItem code="PLMITM040026" rank="26" referenceName="Technical specifications - IP code"/><CSItem code="PLMITM040027" rank="27" referenceName="Technical specifications - Class of protection"/><CSItem code="PLMITM0400051" rank="51" referenceName="Technical specifications - Light source equivalent to traditional bulb of"/></CSItems></Purpose><Purpose type="Detail"><Features><Feature code="F400057629" rank="1" referenceName="High quality LED light (LED retrofit)"/><Feature code="F400076495" rank="2" referenceName="5 year warranty on LED system"/><Feature code="F400057627" rank="3" referenceName="Energy saving (general NEW)"/><Feature code="F400057630" rank="4" referenceName="Long operating life (20 yrs lighting)"/><Feature code="F400057645" rank="5" referenceName="On/off switch on article (NEW lighting)"/><Feature code="F400057526" rank="6" referenceName="Connectable product (myKitchen)"/><Feature code="F400057635" rank="7" referenceName="Warm white light (NEW lighting)"/></Features><CSItems><CSItem code="PLMITM010001" rank="1" referenceName="Design and finishing - Material"/><CSItem code="PLMITM030001" rank="1" referenceName="Product dimensions &amp; weight - Height"/><CSItem code="PLMITM040001" rank="1" referenceName="Technical specifications - Mains power"/><CSItem code="PLMITM050001" rank="1" referenceName="Service - Warranty"/><CSItem code="PLMITM060001" rank="1" referenceName="Packaging dimensions &amp; weight - Height"/><CSItem code="PLMITM070001" rank="1" referenceName="Miscellaneous - Especially designed for"/><CSItem code="PLMITM010002" rank="2" referenceName="Design and finishing - Color"/><CSItem code="PLMITM040002" rank="2" referenceName="Technical specifications - Bulb technology"/><CSItem code="PLMITM060002" rank="2" referenceName="Packaging dimensions &amp; weight - Length"/><CSItem code="PLMITM070002" rank="2" referenceName="Miscellaneous - Style"/><CSItem code="PLMITM040003" rank="3" referenceName="Technical specifications - Number of bulbs"/><CSItem code="PLMITM060003" rank="3" referenceName="Packaging dimensions &amp; weight - Width"/><CSItem code="PLMITM070003" rank="3" referenceName="Miscellaneous - Type"/><CSItem code="PLMITM0776F3001" rank="3" referenceName="Extra feature/accessory incl. - On/off switch on article"/><CSItem code="PLMITM030004" rank="4" referenceName="Product dimensions &amp; weight - Length"/><CSItem code="PLMITM060004" rank="4" referenceName="Packaging dimensions &amp; weight - Weight"/><CSItem code="PLMITM0776FX065" rank="4" referenceName="Extra feature/accessory incl. - 5 years warranty"/><CSItem code="PLMITM030005" rank="5" referenceName="Product dimensions &amp; weight - Width"/><CSItem code="PLMITM040005" rank="5" referenceName="Technical specifications - Wattage bulb included"/><CSItem code="PLMITM030006" rank="6" referenceName="Product dimensions &amp; weight - Net weight"/><CSItem code="PLMITM040007" rank="7" referenceName="Technical specifications - Light color"/><CSItem code="PLMITM0400011" rank="11" referenceName="Technical specifications - Total lumen output fixture"/><CSItem code="PLMITM0400013" rank="13" referenceName="Technical specifications - Fixture dimmable"/><CSItem code="PLMITM0400014" rank="14" referenceName="Technical specifications - LED"/><CSItem code="PLMITM0400018" rank="18" referenceName="Technical specifications - Lifetime up to"/><CSItem code="PLMITM040026" rank="26" referenceName="Technical specifications - IP code"/><CSItem code="PLMITM040027" rank="27" referenceName="Technical specifications - Class of protection"/><CSItem code="PLMITM0400051" rank="51" referenceName="Technical specifications - Light source equivalent to traditional bulb of"/></CSItems></Purpose></Filters><FeatureCompareGroups/><Disclaimers/><KeyValuePairs><KeyValuePair><Key>FdaFlag</Key><Value>false</Value><Type>String</Type></KeyValuePair><KeyValuePair><Key>GrantGroup</Key><Value>PHILIPS</Value><Type>String</Type></KeyValuePair><KeyValuePair><Key>ITLIGHTLOGO</Key><Value>VLEDLOGO</Value><Type>String</Type></KeyValuePair><KeyValuePair><Key>PLMITM070001</Key><Value>PLMATR0970FUNC</Value><Type>String</Type></KeyValuePair><KeyValuePair><Key>PLMITM070002</Key><Value>PLMATR0628CON</Value><Type>String</Type></KeyValuePair><KeyValuePair><Key>PLMITM070003</Key><Value>PLMATR0830CABIN</Value><Type>String</Type></KeyValuePair></KeyValuePairs><ProductClusters/><ProductRefs/><RichTexts/><GreenData><GreenAwards/><EnergyLabel><Name>Energielabel</Name><ShortDescription/><LongDescription>Vele jarenlang heeft Philips proactief gewerkt aan energie-efficiëntie. Daardoor hebben de meeste Philips-producten groene energielabels verworven. Hoe groener het label, hoe lager het energieverbruik, hoe lager uw energierekening en hoe vriendelijker voor het milieu.</LongDescription><Text/><EnergyClass rank="4"><Code>EEL LED A+ only</Code><Countrycode>NL</Countrycode><Value/><Description>Netherlands</Description></EnergyClass></EnergyLabel><GreenChapter><GreenChapterCode>ENE</GreenChapterCode><GreenChapterName>Energie</GreenChapterName><GreenItem><GreenItemName>Dimbaar</GreenItemName><GreenItemRank>1</GreenItemRank><GreenValue><GreenValueName>Nee</GreenValueName><GreenValueRank>1</GreenValueRank></GreenValue><UnitOfMeasure><UnitOfMeasureName/><UnitOfMeasureSymbol/></UnitOfMeasure></GreenItem><GreenItem><GreenItemName>Vermogen</GreenItemName><GreenItemRank>2</GreenItemRank><GreenValue><GreenValueName>9,00</GreenValueName><GreenValueRank>1</GreenValueRank></GreenValue><UnitOfMeasure><UnitOfMeasureName>watt</UnitOfMeasureName><UnitOfMeasureSymbol>W</UnitOfMeasureSymbol></UnitOfMeasure></GreenItem></GreenChapter><GreenChapter><GreenChapterCode>PAC</GreenChapterCode><GreenChapterName>Verpakking</GreenChapterName><GreenItem><GreenItemName>Karton</GreenItemName><GreenItemRank>1</GreenItemRank><GreenValue><GreenValueName>61</GreenValueName><GreenValueRank>1</GreenValueRank></GreenValue><UnitOfMeasure><UnitOfMeasureName>gram</UnitOfMeasureName><UnitOfMeasureSymbol>g</UnitOfMeasureSymbol></UnitOfMeasure></GreenItem><GreenItem><GreenItemName>Kunststoffen</GreenItemName><GreenItemRank>2</GreenItemRank><GreenValue><GreenValueName>100</GreenValueName><GreenValueRank>1</GreenValueRank></GreenValue><UnitOfMeasure><UnitOfMeasureName>gram</UnitOfMeasureName><UnitOfMeasureSymbol>g</UnitOfMeasureSymbol></UnitOfMeasure></GreenItem></GreenChapter><GreenChapter><GreenChapterCode>REC</GreenChapterCode><GreenChapterName>Recycling</GreenChapterName><GreenItem><GreenItemName>Duurzame houten onderdelen</GreenItemName><GreenItemRank>1</GreenItemRank><GreenValue><GreenValueName>Ja</GreenValueName><GreenValueRank>1</GreenValueRank></GreenValue><UnitOfMeasure><UnitOfMeasureName/><UnitOfMeasureSymbol/></UnitOfMeasure></GreenItem></GreenChapter><GreenChapter><GreenChapterCode>SUB</GreenChapterCode><GreenChapterName>Stoffen</GreenChapterName><GreenItem><GreenItemName>Hoeveelheid kwik</GreenItemName><GreenItemRank>1</GreenItemRank><GreenValue><GreenValueName>0,0</GreenValueName><GreenValueRank>1</GreenValueRank></GreenValue><UnitOfMeasure><UnitOfMeasureName>milligram</UnitOfMeasureName><UnitOfMeasureSymbol>mg</UnitOfMeasureSymbol></UnitOfMeasure></GreenItem><GreenItem><GreenItemName>Compatibel met RoHS</GreenItemName><GreenItemRank>2</GreenItemRank><GreenValue><GreenValueName>Ja</GreenValueName><GreenValueRank>1</GreenValueRank></GreenValue><UnitOfMeasure><UnitOfMeasureName/><UnitOfMeasureSymbol/></UnitOfMeasure></GreenItem><GreenItem><GreenItemName>Compatibel met REACH</GreenItemName><GreenItemRank>3</GreenItemRank><GreenValue><GreenValueName>Ja</GreenValueName><GreenValueRank>1</GreenValueRank></GreenValue><UnitOfMeasure><UnitOfMeasureName/><UnitOfMeasureSymbol/></UnitOfMeasure></GreenItem></GreenChapter><GreenChapter><GreenChapterCode>WEI</GreenChapterCode><GreenChapterName>Gewicht</GreenChapterName><GreenItem><GreenItemName>Gewicht van het product</GreenItemName><GreenItemRank>1</GreenItemRank><GreenValue><GreenValueName>143</GreenValueName><GreenValueRank>1</GreenValueRank></GreenValue><UnitOfMeasure><UnitOfMeasureName>gram</UnitOfMeasureName><UnitOfMeasureSymbol>g</UnitOfMeasureSymbol></UnitOfMeasure></GreenItem></GreenChapter><GreenChapter><GreenChapterCode>REL</GreenChapterCode><GreenChapterName>Betrouwbaarheid</GreenChapterName><GreenItem><GreenItemName>Levensduur</GreenItemName><GreenItemRank>1</GreenItemRank><GreenValue><GreenValueName>20000</GreenValueName><GreenValueRank>1</GreenValueRank></GreenValue><UnitOfMeasure><UnitOfMeasureName>uur</UnitOfMeasureName><UnitOfMeasureSymbol>h</UnitOfMeasureSymbol></UnitOfMeasure></GreenItem></GreenChapter></GreenData></Product></Products>