<?xml version="1.0" encoding="UTF-8"?><Products xmlns:source="http://apache.org/cocoon/source/1.0" DocStatus="approved" DocTimeStamp="2018-10-31T11:31:02" DocType="PMT" DocVersion="xUCDM_product_external_CQ5_1_1_25"><Product Country="NL" IsAccessory="false" IsLocalized="true" IsMaster="false" Locale="nl_NL" lastModified="2018-10-31T04:39:04" masterLastModified="2018-10-20T00:22:27"><CTN>223S7EYMB/01</CTN><Code12NC>867000143026</Code12NC><GTIN>8712581744410</GTIN><MarketingVersion>7.0.1</MarketingVersion><MarketingStatus>Final Published</MarketingStatus><CRDate>2017-04-07</CRDate><CRDateYW>201714</CRDateYW><ModelYears/><ProductDivision><ProductDivisionCode>0200</ProductDivisionCode><ProductDivisionName>Consumer Lifestyle</ProductDivisionName><FormerPDCode>3400</FormerPDCode></ProductDivision><ProductOwner>Jessica Chang</ProductOwner><DTN>223S7EYMB/01</DTN><Assets><Asset code="223S7EYMB_01" description="User manual" extension="pdf" extent="3082644" lastModified="2018-10-31" locale="nl_NL" number="001" type="DFU">http://download.p4c.philips.com/files/2/223s7eymb_01/223s7eymb_01_dfu_nld.pdf</Asset><Asset code="223S7EYMB_01" description="Leaflet" extension="pdf" extent="890141" lastModified="2018-10-31" locale="nl_NL" number="001" type="PSS">http://download.p4c.philips.com/files/2/223s7eymb_01/223s7eymb_01_pss_nldnl.pdf</Asset><Asset code="223S7EYMB_01" description="Retail Trade Leaflet" extension="pdf" extent="251867" lastModified="2018-10-31" locale="nl_NL" number="001" type="RTL">http://download.p4c.philips.com/files/2/223s7eymb_01/223s7eymb_01_rtl_nldnl.pdf</Asset><Asset code="223S7EYMB_01" description="Front product photograph - highres 2196x1795" extension="tif" extent="5571880" lastModified="2018-10-31" locale="global" number="001" type="_FP">http://images.philips.com/is/image/PhilipsConsumer/223S7EYMB_01-_FP-global-001</Asset><Asset code="223S7EYMB_01" description="Alternative product photograph - highres 2196x1795" extension="tif" extent="2812914" lastModified="2018-10-31" locale="global" number="001" type="APP">http://images.philips.com/is/image/PhilipsConsumer/223S7EYMB_01-APP-global-001</Asset><Asset code="223S7EYMB_01" description="Energy Label - Rainbow " extension="pdf" extent="253114" lastModified="2018-10-31" locale="global" number="001" type="ELR">http://download.p4c.philips.com/files/2/223s7eymb_01/223s7eymb_01_elr_.pdf</Asset><Asset code="223S7EYMB_01" description="Leaflet" extension="pdf" extent="913535" lastModified="2018-10-31" locale="global" number="001" type="PSS">http://download.p4c.philips.com/files/2/223s7eymb_01/223s7eymb_01_pss_.pdf</Asset><Asset code="223S7EYMB_01" description="Standard product photograph - highres 2196x1795" extension="tif" extent="5458232" lastModified="2018-10-31" locale="global" number="001" type="RTP">http://images.philips.com/is/image/PhilipsConsumer/223S7EYMB_01-RTP-global-001</Asset><Asset code="223S7EYMB_01" description="Single product shot" extension="" lastModified="2018-10-31" locale="nl_NL" number="" type="IMS">http://images.philips.com/is/image/PhilipsConsumer/223S7EYMB_01-IMS-nl_NL</Asset><Asset code="223S7EYMB_01" description="Product gallery image set" extension="" lastModified="2018-10-31" locale="nl_NL" number="" type="GAL">http://images.philips.com/is/image/PhilipsConsumer/223S7EYMB_01-GAL-nl_NL</Asset><Asset code="223S7EYMB_01" description="Product URL" extension="" lastModified="2018-10-31" locale="nl_NL" number="" type="URL">http://www.philips.nl/c-p/223S7EYMB_01/lcd-monitor-met-softblue-technologie</Asset><Asset code="EC_EU_7_T2" description="Energy Label" extension="tif" extent="546367" lastModified="2018-10-31" locale="global" number="001" type="ENL">http://images.philips.com/is/image/PhilipsConsumer/EC_EU_7_T2-ENL-global-001</Asset><Asset code="F300004082" description="Feature logo - highres 331x213" extension="tif" extent="44250" lastModified="2018-10-31" locale="global" number="001" type="FLP">http://images.philips.com/is/image/PhilipsConsumer/F300004082-FLP-global-001</Asset><Asset code="F300009903" description="Feature logo - highres 331x213" extension="tif" extent="20862" lastModified="2018-10-31" locale="global" number="001" type="FLP">http://images.philips.com/is/image/PhilipsConsumer/F300009903-FLP-global-001</Asset><Asset code="F400029739" description="Feature logo - highres 331x213" extension="tif" extent="27294" lastModified="2018-10-31" locale="global" number="001" type="FLP">http://images.philips.com/is/image/PhilipsConsumer/F400029739-FLP-global-001</Asset><Asset code="F400035281" description="Feature logo - highres 331x213" extension="tif" extent="44250" lastModified="2018-10-31" locale="global" number="001" type="FLP">http://images.philips.com/is/image/PhilipsConsumer/F400035281-FLP-global-001</Asset><Asset code="F400035282" description="Feature photograph - highres 2100x1170" extension="tif" extent="819084" lastModified="2018-10-31" locale="global" number="001" type="FIL">http://images.philips.com/is/image/PhilipsConsumer/F400035282-FIL-global-001</Asset><Asset code="F400035289" description="Feature photograph - highres 2100x1170" extension="tif" extent="2752968" lastModified="2018-10-31" locale="global" number="001" type="FIL">http://images.philips.com/is/image/PhilipsConsumer/F400035289-FIL-global-001</Asset><Asset code="F400035289" description="Feature logo - highres 331x213" extension="tif" extent="726184" lastModified="2018-10-31" locale="global" number="001" type="FLP">http://images.philips.com/is/image/PhilipsConsumer/F400035289-FLP-global-001</Asset><Asset code="F400035325" description="Feature photograph - highres 2100x1170" extension="tif" extent="1578866" lastModified="2018-10-31" locale="global" number="001" type="FIL">http://images.philips.com/is/image/PhilipsConsumer/F400035325-FIL-global-001</Asset><Asset code="F400035325" description="Feature logo - highres 331x213" extension="tif" extent="20862" lastModified="2018-10-31" locale="global" number="001" type="FLP">http://images.philips.com/is/image/PhilipsConsumer/F400035325-FLP-global-001</Asset><Asset code="F400045216" description="Feature photograph - highres 2100x1170" extension="tif" extent="3309284" lastModified="2018-10-31" locale="global" number="001" type="FIL">http://images.philips.com/is/image/PhilipsConsumer/F400045216-FIL-global-001</Asset><Asset code="F400045216" description="Feature logo - highres 331x213" extension="tif" extent="21012" lastModified="2018-10-31" locale="global" number="001" type="FLP">http://images.philips.com/is/image/PhilipsConsumer/F400045216-FLP-global-001</Asset><Asset code="F400047611" description="Feature logo - highres 331x213" extension="tif" extent="725820" lastModified="2018-10-31" locale="global" number="001" type="FLP">http://images.philips.com/is/image/PhilipsConsumer/F400047611-FLP-global-001</Asset><Asset code="F400047611" description="Feature movie (with spoken or written text)" extension="flv" extent="80207483" lastModified="2018-10-31" locale="nl_NL" number="001" type="FML">http://images.philips.com/is/content/PhilipsConsumer/CCR1305070S44-FML-global-001</Asset><Asset code="F400064766" description="Feature photograph - highres 2100x1170" extension="tif" extent="1495818" lastModified="2018-10-31" locale="global" number="001" type="FIL">http://images.philips.com/is/image/PhilipsConsumer/F400064766-FIL-global-001</Asset><Asset code="F400064766" description="Feature logo - highres 331x213" extension="tif" extent="24674" lastModified="2018-10-31" locale="global" number="001" type="FLP">http://images.philips.com/is/image/PhilipsConsumer/F400064766-FLP-global-001</Asset><Asset code="F400066642" description="Feature photograph - highres 2100x1170" extension="tif" extent="3309284" lastModified="2018-10-31" locale="global" number="001" type="FIL">http://images.philips.com/is/image/PhilipsConsumer/F400066642-FIL-global-001</Asset><Asset code="F400066642" description="Feature logo - highres 331x213" extension="tif" extent="21012" lastModified="2018-10-31" locale="global" number="001" type="FLP">http://images.philips.com/is/image/PhilipsConsumer/F400066642-FLP-global-001</Asset><Asset code="F400067665" description="Feature photograph - highres 2100x1170" extension="tif" extent="6514016" lastModified="2018-10-31" locale="global" number="001" type="FIL">http://images.philips.com/is/image/PhilipsConsumer/F400067665-FIL-global-001</Asset><Asset code="F400067665" description="Feature logo - highres 331x213" extension="tif" extent="15516" lastModified="2018-10-31" locale="global" number="001" type="FLP">http://images.philips.com/is/image/PhilipsConsumer/F400067665-FLP-global-001</Asset><Asset code="F400067989" description="Feature photograph - highres 2100x1170" extension="tif" extent="4733326" lastModified="2018-10-31" locale="global" number="001" type="FIL">http://images.philips.com/is/image/PhilipsConsumer/F400067989-FIL-global-001</Asset><Asset code="F400067989" description="Feature logo - highres 331x213" extension="tif" extent="654066" lastModified="2018-10-31" locale="global" number="001" type="FLP">http://images.philips.com/is/image/PhilipsConsumer/F400067989-FLP-global-001</Asset><Asset code="F400067989" description="Feature movie activation image big - 640 x 360" extension="jpg" extent="85626" lastModified="2018-10-31" locale="global" number="001" type="FMB">http://images.philips.com/is/image/PhilipsConsumer/F400067989-FMB-global-001</Asset><Asset code="F400067989" description="Feature movie (with spoken or written text)" extension="flv" extent="33509665" lastModified="2018-10-31" locale="nl_NL" number="001" type="FML">http://images.philips.com/is/content/PhilipsConsumer/CCR151211019S-FML-global-001</Asset><Asset code="F400071757" description="Feature photograph - highres 2100x1170" extension="tif" extent="2903992" lastModified="2018-10-31" locale="global" number="001" type="FIL">http://images.philips.com/is/image/PhilipsConsumer/F400071757-FIL-global-001</Asset><Asset code="F400071757" description="Feature logo - highres 331x213" extension="tif" extent="611488" lastModified="2018-10-31" locale="global" number="001" type="FLP">http://images.philips.com/is/image/PhilipsConsumer/F400071757-FLP-global-001</Asset><Asset code="F400079049" description="Feature photograph - highres 2100x1170" extension="tif" extent="1471620" lastModified="2018-10-31" locale="global" number="001" type="FIL">http://images.philips.com/is/image/PhilipsConsumer/F400079049-FIL-global-001</Asset><Asset code="F400079049" description="Feature logo - highres 331x213" extension="tif" extent="636548" lastModified="2018-10-31" locale="global" number="001" type="FLP">http://images.philips.com/is/image/PhilipsConsumer/F400079049-FLP-global-001</Asset><Asset code="F400080297" description="Feature photograph - highres 2100x1170" extension="tif" extent="3605640" lastModified="2018-10-31" locale="global" number="001" type="FIL">http://images.philips.com/is/image/PhilipsConsumer/F400080297-FIL-global-001</Asset><Asset code="F400080297" description="Feature logo - highres 331x213" extension="tif" extent="32152" lastModified="2018-10-31" locale="global" number="001" type="FLP">http://images.philips.com/is/image/PhilipsConsumer/F400080297-FLP-global-001</Asset><Asset code="F400083289" description="Feature photograph - highres 2100x1170" extension="tif" extent="3849942" lastModified="2018-10-31" locale="global" number="001" type="FIL">http://images.philips.com/is/image/PhilipsConsumer/F400083289-FIL-global-001</Asset><Asset code="PHI" description="Brand logo - highres 1476x886" extension="tif" extent="641666" lastModified="2018-10-31" locale="global" number="001" type="BRP">http://images.philips.com/is/image/PhilipsConsumer/PHI-BRP-global-001</Asset></Assets><ProductName>S Line LCD-monitor met SoftBlue-technologie</ProductName><NamingString><MasterBrand><BrandCode>PHI</BrandCode><BrandName>Philips</BrandName></MasterBrand><BrandString>Philips</BrandString><Descriptor><DescriptorCode>D4027231</DescriptorCode><DescriptorName>LCD-monitor met SoftBlue-technologie</DescriptorName></Descriptor><Alphanumeric>223S7EYMB</Alphanumeric><VersionElement1><VersionElementCode>V4013276</VersionElementCode><VersionElementName>S Line</VersionElementName></VersionElement1><VersionElement2><VersionElementCode>V4031865</VersionElementCode><VersionElementName>22 (54,6 cm / 21,5" diag.)</VersionElementName></VersionElement2><VersionElement3><VersionElementCode>V4035286</VersionElementCode><VersionElementName>Full HD (1920 x 1080)</VersionElementName></VersionElement3><VersionString>S Line 22 (54,6 cm (21,5") diag.) Full HD (1920 x 1080)</VersionString><BrandedFeatureString/><DescriptorBrandedFeatureString>LCD-monitor met SoftBlue-technologie</DescriptorBrandedFeatureString></NamingString><WOW>Betrouwbare en essentiële functies</WOW><SubWOW>die zakelijke efficiëntie verbeteren</SubWOW><MarketingTextHeader>Onze S Line-monitor biedt zakelijke efficiëntie. Het brede IPS-scherm met SoftBlue-technologie helpt bij optimale productiviteit zonder dat gebruikers last krijgen van hun ogen. De monitor is in hoogte verstelbaar en frameloos, en kan voor een uitgebreide weergave worden gecombineerd met meerdere schermen.</MarketingTextHeader><KeyBenefitArea><KeyBenefitAreaCode>K4015203</KeyBenefitAreaCode><KeyBenefitAreaName>Verbluffende prestaties</KeyBenefitAreaName><KeyBenefitAreaRank>1</KeyBenefitAreaRank><Feature><FeatureCode>F400071757</FeatureCode><FeatureReferenceName>16:9 Full HD display_2015</FeatureReferenceName><FeatureName>16:9 Full HD-scherm</FeatureName><FeatureLongDescription>16:9 Full HD-scherm voor extreem scherpe beelden</FeatureLongDescription><FeatureGlossary>Beeldkwaliteit is belangrijk. Normale schermen leveren kwaliteit, maar u verwacht meer. Dit display beschikt over een geavanceerde Full HD-resolutie van 1920 x 1080. Full HD zorgt voor scherpe details met hoge helderheid, ongelofelijk contrast en realistische kleuren dus verwacht levensechte beelden.</FeatureGlossary><FeatureRank>1</FeatureRank><FeatureTopRank>1</FeatureTopRank></Feature><Feature><FeatureCode>F400066642</FeatureCode><FeatureReferenceName>IPS technology (with Pivot)</FeatureReferenceName><FeatureName>IPS-technologie</FeatureName><FeatureLongDescription>IPS-technologie voor volle kleuren en een brede kijkhoek</FeatureLongDescription><FeatureGlossary>IPS-schermen maken gebruik van een geavanceerde technologie waardoor u kunt genieten van een extra brede kijkhoek van 178/178 graden. Hierdoor kunt u het scherm vanuit bijna elke hoek zien, zelfs in een draaimodus van 90 graden! De IPS-schermen bieden, in tegenstelling tot de normale TN-panelen, scherpe beelden met levendige kleuren. Niet alleen ideaal voor het bekijken van foto's, het afspelen van films en het surfen op internet, maar ook voor professionele toepassingen waarbij kleurnauwkeurigheid en constante helderheid zeer belangrijk is.</FeatureGlossary><FeatureRank>2</FeatureRank><FeatureTopRank>2</FeatureTopRank></Feature><Feature><FeatureCode>F400079049</FeatureCode><FeatureReferenceName>UltraNarrow Border</FeatureReferenceName><FeatureName>Ultradunne rand</FeatureName><FeatureLongDescription>Scherm met smalle rand voor een naadloos uiterlijk</FeatureLongDescription><FeatureGlossary>De nieuwe Philips-schermen hebben zeer smalle randen die zorgen voor minimale afleiding en een maximale kijkgrootte. Deze schermen zijn bij uitstek geschikt voor opstellingen met meerdere schermen zoals bij gaming, grafisch ontwerp of professionele toepassingen. Dankzij de zeer smalle rand hebt u het gevoel dat u één groot scherm gebruikt.</FeatureGlossary><FeatureRank>3</FeatureRank><FeatureTopRank>3</FeatureTopRank></Feature><Feature><FeatureCode>F400035289</FeatureCode><FeatureReferenceName>M4 SmartImage</FeatureReferenceName><FeatureName>SmartImage</FeatureName><FeatureLongDescription>SmartImage-presets voor eenvoudig optimaliseren van beeldinstellingen</FeatureLongDescription><FeatureGlossary>SmartImage is een exclusieve, geavanceerde technologie van Philips die de inhoud van uw scherm analyseert voor optimale beeldprestaties. In de gebruiksvriendelijke interface kunt u verschillende modi selecteren, zoals Kantoor, Foto, Film, Game, Economisch enz., zodat de weergave altijd optimaal is afgestemd op de toepassing die u gebruikt. Afhankelijk van uw keuze optimaliseert SmartImage op dynamische wijze het contrast, de kleurverzadiging en de scherpte van afbeeldingen en video's voor optimale weergaveprestaties; de modus Economisch biedt opzienbarende energiebesparingen. En dat alles in realtime en met één druk op de knop!</FeatureGlossary><FeatureRank>4</FeatureRank><FeatureTopRank>4</FeatureTopRank></Feature></KeyBenefitArea><KeyBenefitArea><KeyBenefitAreaCode>K4033201</KeyBenefitAreaCode><KeyBenefitAreaName>Ontworpen voor comfortabele productiviteit</KeyBenefitAreaName><KeyBenefitAreaRank>2</KeyBenefitAreaRank><Feature><FeatureCode>F400067989</FeatureCode><FeatureReferenceName>SoftBlue Technology</FeatureReferenceName><FeatureName>SoftBlue-technologie</FeatureName><FeatureLongDescription>SoftBlue-technologie, rijke kleuren en zacht voor uw ogen</FeatureLongDescription><FeatureGlossary>Softblue LED-technologie maakt gebruik van een slimme technologie voor het verminderen van schadelijke blauwe lichtstralen met een korte golflengte zonder de kleur of het beeld te beïnvloeden. Softblue LED-technologie is door de internationale organisatie TUV Rheinland gecertificeerd als technologie die schadelijk blauw licht vermindert.</FeatureGlossary><FeatureRank>1</FeatureRank><FeatureTopRank>5</FeatureTopRank></Feature><Feature><FeatureCode>F400083289</FeatureCode><FeatureReferenceName>EasyRead mode_Pivot</FeatureReferenceName><FeatureName>EasyRead-modus</FeatureName><FeatureLongDescription>EasyRead-modus voor lezen zoals van papier</FeatureLongDescription><FeatureRank>2</FeatureRank><FeatureTopRank>6</FeatureTopRank></Feature><Feature><FeatureCode>F400067665</FeatureCode><FeatureReferenceName>Flicker-free technology</FeatureReferenceName><FeatureName>Trillingsvrije technologie</FeatureName><FeatureLongDescription>Minder vermoeide ogen met trillingsvrije technologie</FeatureLongDescription><FeatureGlossary>Door de manier waarop de helderheid wordt aangestuurd op schermen met LED-achtergrondverlichting ervaren sommige gebruikers trillingen op het scherm die vermoeide ogen veroorzaken. Trillingsvrije technologie van Philips biedt een nieuwe oplossing voor het reguleren van de helderheid en het verminderen van trillingen voor meer kijkplezier.</FeatureGlossary><FeatureRank>3</FeatureRank><FeatureTopRank>7</FeatureTopRank></Feature><Feature><FeatureCode>F400035325</FeatureCode><FeatureReferenceName>SmartErgoBase</FeatureReferenceName><FeatureName>SmartErgoBase</FeatureName><FeatureLongDescription>SmartErgoBase maakt gebruiksvriendelijke, ergonomische aanpassingen mogelijk</FeatureLongDescription><FeatureGlossary>De SmartErgoBase-monitorvoet biedt ergonomisch kijkcomfort en kabelbeheer. De gebruiksvriendelijke voet is in hoogte en hoek verstelbaar en heeft een kantel- en zwenkfunctie voor maximaal comfort, om de fysieke ongemakken van een lange werkdag te verminderen. Het kabelbeheersysteem voorkomt dat kabels in de knoop raken, zodat uw werkplek er netjes en professioneel uitziet.</FeatureGlossary><FeatureRank>4</FeatureRank><FeatureTopRank>8</FeatureTopRank></Feature><Feature><FeatureCode>F400035282</FeatureCode><FeatureReferenceName>Low bezel-to-table height</FeatureReferenceName><FeatureName>Laag instelbare monitor</FeatureName><FeatureLongDescription>Laag instelbare monitor voor maximaal leescomfort</FeatureLongDescription><FeatureGlossary>De Philips-monitor kan dankzij de geavanceerde SmartErgoBase bijna tot bureauniveau worden verlaagd voor een comfortabele kijkhoek. Dit is ideaal als u een bril met bifocale, trifocale of progressieve lenzen draagt bij werkzaamheden op de computer. Bovendien kunnen gebruikers van verschillende lengten de hoek en hoogte van de monitor naar wens instellen, voor minder vermoeidheid en een betere ergonomie.</FeatureGlossary><FeatureRank>5</FeatureRank><FeatureTopRank>9</FeatureTopRank></Feature></KeyBenefitArea><KeyBenefitArea><KeyBenefitAreaCode>K4033202</KeyBenefitAreaCode><KeyBenefitAreaName>Ontworpen voor uw manier van werken</KeyBenefitAreaName><KeyBenefitAreaRank>3</KeyBenefitAreaRank><Feature><FeatureCode>F400064766</FeatureCode><FeatureReferenceName>DisplayPort connection for maximum visuals</FeatureReferenceName><FeatureName>DisplayPort-aansluiting</FeatureName><FeatureLongDescription>DisplayPort-aansluiting voor het beste beeld</FeatureLongDescription><FeatureGlossary>DisplayPort is een digitale koppeling tussen de PC en monitor, zonder conversie. Met ondersteuning voor kabels van maximaal 15 meter en een gegevensoverdracht van 10,8 Gbps/sec liggen de capaciteiten van een DisplayPort hoger dan die van een DVI-poort. De goede prestaties en verwaarloosbare vertraging zorgen voor de snelste beeld- en vernieuwingsfrequenties, wat DisplayPort niet alleen de beste keus maakt voor algemeen gebruik bij u thuis of op kantoor, maar ook voor veeleisende games en films, videobewerking en meer. DisplayPort kan op diverse adapters worden aangesloten voor nog meer gebruiksgemak.</FeatureGlossary><FeatureRank>1</FeatureRank><FeatureTopRank>10</FeatureTopRank></Feature><Feature><FeatureCode>F400035281</FeatureCode><FeatureReferenceName>Built-in stereo speakers for multimedia</FeatureReferenceName><FeatureName>Ingebouwde stereoluidsprekers</FeatureName><FeatureLongDescription>Ingebouwde stereoluidsprekers voor multimedia</FeatureLongDescription><FeatureGlossary>Er zijn twee stereoluidsprekers van hoge kwaliteit geïntegreerd in het beeldscherm. Deze kunnen in het zicht naar voren of uit het zicht omlaag, omhoog, naar achteren, enz. gericht zijn, afhankelijk van het model en het ontwerp.</FeatureGlossary><FeatureRank>2</FeatureRank><FeatureTopRank>11</FeatureTopRank></Feature></KeyBenefitArea><FeatureLogo><FeatureCode>F400045216</FeatureCode><FeatureReferenceName>IPS technology_Carina 2 (none Pivot)</FeatureReferenceName><FeatureLogoRank>4</FeatureLogoRank></FeatureLogo><FeatureLogo><FeatureCode>F400047611</FeatureCode><FeatureReferenceName>Ultra Narrow Bezel</FeatureReferenceName><FeatureLogoRank>5</FeatureLogoRank></FeatureLogo><FeatureLogo><FeatureCode>F400035289</FeatureCode><FeatureReferenceName>M4 SmartImage</FeatureReferenceName><FeatureLogoRank>6</FeatureLogoRank></FeatureLogo><FeatureLogo><FeatureCode>F400067989</FeatureCode><FeatureReferenceName>SoftBlue Technology</FeatureReferenceName><FeatureLogoRank>7</FeatureLogoRank></FeatureLogo><FeatureLogo><FeatureCode>F400080297</FeatureCode><FeatureReferenceName>EasyRead mode_non Pivot</FeatureReferenceName><FeatureLogoRank>8</FeatureLogoRank></FeatureLogo><FeatureLogo><FeatureCode>F400067665</FeatureCode><FeatureReferenceName>Flicker-free technology</FeatureReferenceName><FeatureLogoRank>9</FeatureLogoRank></FeatureLogo><FeatureLogo><FeatureCode>F300009903</FeatureCode><FeatureReferenceName>Super Ergo Base</FeatureReferenceName><FeatureLogoRank>10</FeatureLogoRank></FeatureLogo><FeatureLogo><FeatureCode>F400029739</FeatureCode><FeatureReferenceName>DisplayPort</FeatureReferenceName><FeatureLogoRank>11</FeatureLogoRank></FeatureLogo><FeatureLogo><FeatureCode>F300004082</FeatureCode><FeatureReferenceName>Built-in speakers (business)</FeatureReferenceName><FeatureLogoRank>12</FeatureLogoRank></FeatureLogo><FeatureImage><FeatureCode>F400071757</FeatureCode><FeatureReferenceName>16:9 Full HD display_2015</FeatureReferenceName><FeatureImageRank>1</FeatureImageRank></FeatureImage><FeatureImage><FeatureCode>F400066642</FeatureCode><FeatureReferenceName>IPS technology (with Pivot)</FeatureReferenceName><FeatureImageRank>2</FeatureImageRank></FeatureImage><FeatureImage><FeatureCode>F400079049</FeatureCode><FeatureReferenceName>UltraNarrow Border</FeatureReferenceName><FeatureImageRank>3</FeatureImageRank></FeatureImage><FeatureImage><FeatureCode>F400035289</FeatureCode><FeatureReferenceName>M4 SmartImage</FeatureReferenceName><FeatureImageRank>4</FeatureImageRank></FeatureImage><FeatureImage><FeatureCode>F400067989</FeatureCode><FeatureReferenceName>SoftBlue Technology</FeatureReferenceName><FeatureImageRank>5</FeatureImageRank></FeatureImage><FeatureImage><FeatureCode>F400083289</FeatureCode><FeatureReferenceName>EasyRead mode_Pivot</FeatureReferenceName><FeatureImageRank>6</FeatureImageRank></FeatureImage><FeatureImage><FeatureCode>F400067665</FeatureCode><FeatureReferenceName>Flicker-free technology</FeatureReferenceName><FeatureImageRank>7</FeatureImageRank></FeatureImage><FeatureImage><FeatureCode>F400035325</FeatureCode><FeatureReferenceName>SmartErgoBase</FeatureReferenceName><FeatureImageRank>8</FeatureImageRank></FeatureImage><FeatureImage><FeatureCode>F400035282</FeatureCode><FeatureReferenceName>Low bezel-to-table height</FeatureReferenceName><FeatureImageRank>9</FeatureImageRank></FeatureImage><FeatureImage><FeatureCode>F400064766</FeatureCode><FeatureReferenceName>DisplayPort connection for maximum visuals</FeatureReferenceName><FeatureImageRank>10</FeatureImageRank></FeatureImage><FeatureImage><FeatureCode>F400035281</FeatureCode><FeatureReferenceName>Built-in stereo speakers for multimedia</FeatureReferenceName><FeatureImageRank>11</FeatureImageRank></FeatureImage><FeatureHighlight><FeatureCode>F400071757</FeatureCode><FeatureReferenceName>16:9 Full HD display_2015</FeatureReferenceName><FeatureHighlightRank>1</FeatureHighlightRank></FeatureHighlight><FeatureHighlight><FeatureCode>F400066642</FeatureCode><FeatureReferenceName>IPS technology (with Pivot)</FeatureReferenceName><FeatureHighlightRank>2</FeatureHighlightRank></FeatureHighlight><FeatureHighlight><FeatureCode>F400079049</FeatureCode><FeatureReferenceName>UltraNarrow Border</FeatureReferenceName><FeatureHighlightRank>3</FeatureHighlightRank></FeatureHighlight><FeatureHighlight><FeatureCode>F400035289</FeatureCode><FeatureReferenceName>M4 SmartImage</FeatureReferenceName><FeatureHighlightRank>4</FeatureHighlightRank></FeatureHighlight><FeatureHighlight><FeatureCode>F400067989</FeatureCode><FeatureReferenceName>SoftBlue Technology</FeatureReferenceName><FeatureHighlightRank>5</FeatureHighlightRank></FeatureHighlight><FeatureHighlight><FeatureCode>F400083289</FeatureCode><FeatureReferenceName>EasyRead mode_Pivot</FeatureReferenceName><FeatureHighlightRank>6</FeatureHighlightRank></FeatureHighlight><FeatureHighlight><FeatureCode>F400067665</FeatureCode><FeatureReferenceName>Flicker-free technology</FeatureReferenceName><FeatureHighlightRank>7</FeatureHighlightRank></FeatureHighlight><FeatureHighlight><FeatureCode>F400035325</FeatureCode><FeatureReferenceName>SmartErgoBase</FeatureReferenceName><FeatureHighlightRank>8</FeatureHighlightRank></FeatureHighlight><FeatureHighlight><FeatureCode>F400035282</FeatureCode><FeatureReferenceName>Low bezel-to-table height</FeatureReferenceName><FeatureHighlightRank>9</FeatureHighlightRank></FeatureHighlight><FeatureHighlight><FeatureCode>F400064766</FeatureCode><FeatureReferenceName>DisplayPort connection for maximum visuals</FeatureReferenceName><FeatureHighlightRank>10</FeatureHighlightRank></FeatureHighlight><FeatureHighlight><FeatureCode>F400035281</FeatureCode><FeatureReferenceName>Built-in stereo speakers for multimedia</FeatureReferenceName><FeatureHighlightRank>11</FeatureHighlightRank></FeatureHighlight><CSChapter><CSChapterCode>3000796</CSChapterCode><CSChapterName>Beeld/scherm</CSChapterName><CSChapterRank>1</CSChapterRank><CSItem><CSItemCode>3006169</CSItemCode><CSItemName>Type LCD-scherm</CSItemName><CSItemRank>1</CSItemRank><CSItemIsFreeFormat>0</CSItemIsFreeFormat><CSValue><CSValueCode>VA4095423</CSValueCode><CSValueName>IPS-technologie</CSValueName><CSValueRank>1</CSValueRank></CSValue></CSItem><CSItem><CSItemCode>IT4007209</CSItemCode><CSItemName>Type achtergrondverlichting</CSItemName><CSItemRank>2</CSItemRank><CSItemIsFreeFormat>1</CSItemIsFreeFormat><CSValue><CSValueCode>VA4018797</CSValueCode><CSValueName>W-LED-systeem</CSValueName><CSValueRank>1</CSValueRank></CSValue></CSItem><CSItem><CSItemCode>3006180</CSItemCode><CSItemName>Schermgrootte</CSItemName><CSItemRank>3</CSItemRank><CSItemIsFreeFormat>1</CSItemIsFreeFormat><CSValue><CSValueCode>3031218</CSValueCode><CSValueName>54,6 cm (21,5")</CSValueName><CSValueRank>1</CSValueRank></CSValue></CSItem><CSItem><CSItemCode>3006149</CSItemCode><CSItemName>Effectief weergavegebied</CSItemName><CSItemRank>4</CSItemRank><CSItemIsFreeFormat>1</CSItemIsFreeFormat><CSValue><CSValueCode>3031161</CSValueCode><CSValueName>476,1 x 267,8 (h x v)</CSValueName><CSValueRank>1</CSValueRank></CSValue></CSItem><CSItem><CSItemCode>3006121</CSItemCode><CSItemName>Beeldformaat</CSItemName><CSItemRank>5</CSItemRank><CSItemIsFreeFormat>0</CSItemIsFreeFormat><CSValue><CSValueCode>3031098</CSValueCode><CSValueName>16:9</CSValueName><CSValueRank>1</CSValueRank></CSValue></CSItem><CSItem><CSItemCode>3006193</CSItemCode><CSItemName>Optimale resolutie</CSItemName><CSItemRank>6</CSItemRank><CSItemIsFreeFormat>1</CSItemIsFreeFormat><CSValue><CSValueCode>3031277</CSValueCode><CSValueName>1920 x 1080 bij 60 Hz</CSValueName><CSValueRank>1</CSValueRank></CSValue></CSItem><CSItem><CSItemCode>IT4039893</CSItemCode><CSItemName>Responstijd (normaal)</CSItemName><CSItemRank>7</CSItemRank><CSItemIsFreeFormat>1</CSItemIsFreeFormat><CSValue><CSValueCode>VA4093235</CSValueCode><CSValueName>5 ms (grijs naar grijs)*</CSValueName><CSValueRank>1</CSValueRank></CSValue></CSItem><CSItem><CSItemCode>IT4041772</CSItemCode><CSItemName>Pixeldichtheid</CSItemName><CSItemRank>8</CSItemRank><CSItemIsFreeFormat>1</CSItemIsFreeFormat><CSValue><CSValueCode>VA4096901</CSValueCode><CSValueName>102 PPI</CSValueName><CSValueRank>1</CSValueRank></CSValue></CSItem><CSItem><CSItemCode>3006127</CSItemCode><CSItemName>Helderheid</CSItemName><CSItemRank>9</CSItemRank><CSItemIsFreeFormat>1</CSItemIsFreeFormat><CSValue><CSValueCode>3031110</CSValueCode><CSValueName>250</CSValueName><CSValueRank>1</CSValueRank></CSValue><UnitOfMeasure><UnitOfMeasureCode>3000038</UnitOfMeasureCode><UnitOfMeasureName>candela per vierkante meter</UnitOfMeasureName><UnitOfMeasureSymbol>cd/m²</UnitOfMeasureSymbol></UnitOfMeasure></CSItem><CSItem><CSItemCode>3006133</CSItemCode><CSItemName>Contrastverhouding (normaal)</CSItemName><CSItemRank>10</CSItemRank><CSItemIsFreeFormat>1</CSItemIsFreeFormat><CSValue><CSValueCode>3031116</CSValueCode><CSValueName>1000:1</CSValueName><CSValueRank>1</CSValueRank></CSValue></CSItem><CSItem><CSItemCode>IT4006148</CSItemCode><CSItemName>SmartContrast</CSItemName><CSItemRank>11</CSItemRank><CSItemIsFreeFormat>1</CSItemIsFreeFormat><CSValue><CSValueCode>VA4017351</CSValueCode><CSValueName>20.000.000:1</CSValueName><CSValueRank>1</CSValueRank></CSValue></CSItem><CSItem><CSItemCode>3006186</CSItemCode><CSItemName>Pixelpitch</CSItemName><CSItemRank>12</CSItemRank><CSItemIsFreeFormat>1</CSItemIsFreeFormat><CSValue><CSValueCode>3031270</CSValueCode><CSValueName>0,248 x 0,248 mm</CSValueName><CSValueRank>1</CSValueRank></CSValue></CSItem><CSItem><CSItemCode>3007518</CSItemCode><CSItemName>Kijkhoek</CSItemName><CSItemRank>13</CSItemRank><CSItemIsFreeFormat>0</CSItemIsFreeFormat><CSValue><CSValueCode>VA4002901</CSValueCode><CSValueName>178º (H)/178º (V)</CSValueName><CSValueRank>1</CSValueRank></CSValue><CSValue><CSValueCode>3035028</CSValueCode><CSValueName>bij C/R &gt; 10</CSValueName><CSValueRank>2</CSValueRank></CSValue></CSItem><CSItem><CSItemCode>3006183</CSItemCode><CSItemName>Beeldverbetering</CSItemName><CSItemRank>14</CSItemRank><CSItemIsFreeFormat>0</CSItemIsFreeFormat><CSValue><CSValueCode>3049169</CSValueCode><CSValueName>SmartImage</CSValueName><CSValueRank>1</CSValueRank></CSValue></CSItem><CSItem><CSItemCode>3006143</CSItemCode><CSItemName>Schermkleuren</CSItemName><CSItemRank>15</CSItemRank><CSItemIsFreeFormat>1</CSItemIsFreeFormat><CSValue><CSValueCode>3031126</CSValueCode><CSValueName>16,7 M</CSValueName><CSValueRank>1</CSValueRank></CSValue></CSItem><CSItem><CSItemCode>IT4006149</CSItemCode><CSItemName>Scanfrequentie</CSItemName><CSItemRank>16</CSItemRank><CSItemIsFreeFormat>1</CSItemIsFreeFormat><CSValue><CSValueCode>VA4017352</CSValueCode><CSValueName>30 - 83 kHz (H)/56 - 76 Hz (V)</CSValueName><CSValueRank>1</CSValueRank></CSValue></CSItem><CSItem><CSItemCode>IT4036546</CSItemCode><CSItemName>SoftBlue</CSItemName><CSItemRank>17</CSItemRank><CSItemIsFreeFormat>1</CSItemIsFreeFormat><CSValue><CSValueCode>VA4084849</CSValueCode><CSValueName>Ja</CSValueName><CSValueRank>1</CSValueRank></CSValue></CSItem><CSItem><CSItemCode>IT4036934</CSItemCode><CSItemName>Trillingsvrij</CSItemName><CSItemRank>18</CSItemRank><CSItemIsFreeFormat>1</CSItemIsFreeFormat><CSValue><CSValueCode>VA4085801</CSValueCode><CSValueName>Ja</CSValueName><CSValueRank>1</CSValueRank></CSValue></CSItem><CSItem><CSItemCode>3006207</CSItemCode><CSItemName>sRGB</CSItemName><CSItemRank>19</CSItemRank><CSItemIsFreeFormat>1</CSItemIsFreeFormat><CSValue><CSValueCode>3031306</CSValueCode><CSValueName>Ja</CSValueName><CSValueRank>1</CSValueRank></CSValue></CSItem><CSItem><CSItemCode>IT4042894</CSItemCode><CSItemName>EasyRead</CSItemName><CSItemRank>20</CSItemRank><CSItemIsFreeFormat>1</CSItemIsFreeFormat><CSValue><CSValueCode>VA4099133</CSValueCode><CSValueName>Ja</CSValueName><CSValueRank>1</CSValueRank></CSValue></CSItem></CSChapter><CSChapter><CSChapterCode>3000813</CSChapterCode><CSChapterName>Connectiviteit</CSChapterName><CSChapterRank>3</CSChapterRank><CSItem><CSItemCode>3006576</CSItemCode><CSItemName>Signaalinvoer</CSItemName><CSItemRank>1</CSItemRank><CSItemIsFreeFormat>0</CSItemIsFreeFormat><CSValue><CSValueCode>3036216</CSValueCode><CSValueName>VGA (analoog)</CSValueName><CSValueRank>1</CSValueRank></CSValue><CSValue><CSValueCode>VA4056148</CSValueCode><CSValueName>DisplayPort 1.2</CSValueName><CSValueRank>2</CSValueRank></CSValue></CSItem><CSItem><CSItemCode>3006588</CSItemCode><CSItemName>Gesynchroniseerde invoer</CSItemName><CSItemRank>2</CSItemRank><CSItemIsFreeFormat>0</CSItemIsFreeFormat><CSValue><CSValueCode>3032392</CSValueCode><CSValueName>Aparte synchronisatie</CSValueName><CSValueRank>1</CSValueRank></CSValue><CSValue><CSValueCode>3032393</CSValueCode><CSValueName>Synchronisatie op groen</CSValueName><CSValueRank>2</CSValueRank></CSValue></CSItem><CSItem><CSItemCode>IT4005621</CSItemCode><CSItemName>Audio (in/uit)</CSItemName><CSItemRank>3</CSItemRank><CSItemIsFreeFormat>0</CSItemIsFreeFormat><CSValue><CSValueCode>VA4025083</CSValueCode><CSValueName>Audio-ingang voor PC</CSValueName><CSValueRank>1</CSValueRank></CSValue><CSValue><CSValueCode>VA4025085</CSValueCode><CSValueName>Hoofdtelefoonuitgang</CSValueName><CSValueRank>2</CSValueRank></CSValue></CSItem></CSChapter><CSChapter><CSChapterCode>3000814</CSChapterCode><CSChapterName>Comfort</CSChapterName><CSChapterRank>4</CSChapterRank><CSItem><CSItemCode>IT4014853</CSItemCode><CSItemName>Ingebouwde luidsprekers</CSItemName><CSItemRank>1</CSItemRank><CSItemIsFreeFormat>1</CSItemIsFreeFormat><CSValue><CSValueCode>VA4028064</CSValueCode><CSValueName>2 W x 2</CSValueName><CSValueRank>1</CSValueRank></CSValue></CSItem><CSItem><CSItemCode>3006633</CSItemCode><CSItemName>Gebruikersgemak</CSItemName><CSItemRank>2</CSItemRank><CSItemIsFreeFormat>0</CSItemIsFreeFormat><CSValue><CSValueCode>VA4015428</CSValueCode><CSValueName>SmartImage</CSValueName><CSValueRank>1</CSValueRank></CSValue><CSValue><CSValueCode>VA4017358</CSValueCode><CSValueName>Input</CSValueName><CSValueRank>2</CSValueRank></CSValue><CSValue><CSValueCode>VA4017355</CSValueCode><CSValueName>Volume</CSValueName><CSValueRank>3</CSValueRank></CSValue><CSValue><CSValueCode>VA4017357</CSValueCode><CSValueName>Menu</CSValueName><CSValueRank>4</CSValueRank></CSValue><CSValue><CSValueCode>VA4017554</CSValueCode><CSValueName>Aan/Uit</CSValueName><CSValueRank>5</CSValueRank></CSValue></CSItem><CSItem><CSItemCode>IT4019071</CSItemCode><CSItemName>Beheersoftware</CSItemName><CSItemRank>3</CSItemRank><CSItemIsFreeFormat>0</CSItemIsFreeFormat><CSValue><CSValueCode>VA4085179</CSValueCode><CSValueName>SmartControl</CSValueName><CSValueRank>1</CSValueRank></CSValue></CSItem><CSItem><CSItemCode>3006693</CSItemCode><CSItemName>OSD-talen</CSItemName><CSItemRank>4</CSItemRank><CSItemIsFreeFormat>0</CSItemIsFreeFormat><CSValue><CSValueCode>VA4065363</CSValueCode><CSValueName>Braziliaans Portugees</CSValueName><CSValueRank>1</CSValueRank></CSValue><CSValue><CSValueCode>3034561</CSValueCode><CSValueName>Tsjechisch</CSValueName><CSValueRank>2</CSValueRank></CSValue><CSValue><CSValueCode>3034565</CSValueCode><CSValueName>Nederlands</CSValueName><CSValueRank>3</CSValueRank></CSValue><CSValue><CSValueCode>3032771</CSValueCode><CSValueName>Engels</CSValueName><CSValueRank>4</CSValueRank></CSValue><CSValue><CSValueCode>VA4063224</CSValueCode><CSValueName>Fins</CSValueName><CSValueRank>5</CSValueRank></CSValue><CSValue><CSValueCode>3032772</CSValueCode><CSValueName>Frans</CSValueName><CSValueRank>6</CSValueRank></CSValue><CSValue><CSValueCode>3032773</CSValueCode><CSValueName>Duits</CSValueName><CSValueRank>7</CSValueRank></CSValue><CSValue><CSValueCode>VA4002508</CSValueCode><CSValueName>Grieks</CSValueName><CSValueRank>8</CSValueRank></CSValue><CSValue><CSValueCode>3034563</CSValueCode><CSValueName>Hongaars</CSValueName><CSValueRank>9</CSValueRank></CSValue><CSValue><CSValueCode>3032774</CSValueCode><CSValueName>Italiaans</CSValueName><CSValueRank>10</CSValueRank></CSValue><CSValue><CSValueCode>3038221</CSValueCode><CSValueName>Japans</CSValueName><CSValueRank>11</CSValueRank></CSValue><CSValue><CSValueCode>3039946</CSValueCode><CSValueName>Koreaans</CSValueName><CSValueRank>12</CSValueRank></CSValue><CSValue><CSValueCode>3034564</CSValueCode><CSValueName>Pools</CSValueName><CSValueRank>13</CSValueRank></CSValue><CSValue><CSValueCode>3032775</CSValueCode><CSValueName>Portugees</CSValueName><CSValueRank>14</CSValueRank></CSValue><CSValue><CSValueCode>3032776</CSValueCode><CSValueName>Russisch</CSValueName><CSValueRank>15</CSValueRank></CSValue><CSValue><CSValueCode>3034114</CSValueCode><CSValueName>Vereenvoudigd Chinees</CSValueName><CSValueRank>16</CSValueRank></CSValue><CSValue><CSValueCode>3032777</CSValueCode><CSValueName>Spaans</CSValueName><CSValueRank>17</CSValueRank></CSValue><CSValue><CSValueCode>3034562</CSValueCode><CSValueName>Zweeds</CSValueName><CSValueRank>18</CSValueRank></CSValue><CSValue><CSValueCode>3034115</CSValueCode><CSValueName>Traditioneel Chinees</CSValueName><CSValueRank>19</CSValueRank></CSValue><CSValue><CSValueCode>3035749</CSValueCode><CSValueName>Turks</CSValueName><CSValueRank>20</CSValueRank></CSValue><CSValue><CSValueCode>VA4065364</CSValueCode><CSValueName>Oekraïens</CSValueName><CSValueRank>21</CSValueRank></CSValue></CSItem><CSItem><CSItemCode>3006694</CSItemCode><CSItemName>Andere handige opties</CSItemName><CSItemRank>5</CSItemRank><CSItemIsFreeFormat>0</CSItemIsFreeFormat><CSValue><CSValueCode>3032778</CSValueCode><CSValueName>Kensington-slot</CSValueName><CSValueRank>1</CSValueRank></CSValue><CSValue><CSValueCode>VA4016754</CSValueCode><CSValueName>VESA-standaard (100 x 100 mm)</CSValueName><CSValueRank>2</CSValueRank></CSValue></CSItem><CSItem><CSItemCode>3006699</CSItemCode><CSItemName>Plug &amp; Play-compatibiliteit</CSItemName><CSItemRank>6</CSItemRank><CSItemIsFreeFormat>0</CSItemIsFreeFormat><CSValue><CSValueCode>3043209</CSValueCode><CSValueName>DDC/CI</CSValueName><CSValueRank>1</CSValueRank></CSValue><CSValue><CSValueCode>3046249</CSValueCode><CSValueName>Mac OS X</CSValueName><CSValueRank>2</CSValueRank></CSValue><CSValue><CSValueCode>3032788</CSValueCode><CSValueName>sRGB</CSValueName><CSValueRank>3</CSValueRank></CSValue><CSValue><CSValueCode>VA4091311</CSValueCode><CSValueName>Windows 10 / 8.1 / 8 / 7</CSValueName><CSValueRank>4</CSValueRank></CSValue></CSItem></CSChapter><CSChapter><CSChapterCode>CH4000824</CSChapterCode><CSChapterName>Standaard</CSChapterName><CSChapterRank>5</CSChapterRank><CSItem><CSItemCode>IT4004951</CSItemCode><CSItemName>In hoogte verstelbaar</CSItemName><CSItemRank>1</CSItemRank><CSItemIsFreeFormat>1</CSItemIsFreeFormat><CSValue><CSValueCode>VA4015656</CSValueCode><CSValueName>130</CSValueName><CSValueRank>1</CSValueRank></CSValue><UnitOfMeasure><UnitOfMeasureCode>3000058</UnitOfMeasureCode><UnitOfMeasureName>millimeter</UnitOfMeasureName><UnitOfMeasureSymbol>millimeter</UnitOfMeasureSymbol></UnitOfMeasure></CSItem><CSItem><CSItemCode>IT4004952</CSItemCode><CSItemName>Pivot</CSItemName><CSItemRank>2</CSItemRank><CSItemIsFreeFormat>1</CSItemIsFreeFormat><CSValue><CSValueCode>VA4015657</CSValueCode><CSValueName>90 graden</CSValueName><CSValueRank>1</CSValueRank></CSValue></CSItem><CSItem><CSItemCode>IT4004953</CSItemCode><CSItemName>Draaivoet</CSItemName><CSItemRank>3</CSItemRank><CSItemIsFreeFormat>1</CSItemIsFreeFormat><CSValue><CSValueCode>VA4015658</CSValueCode><CSValueName>-175/+175</CSValueName><CSValueRank>1</CSValueRank></CSValue><UnitOfMeasure><UnitOfMeasureCode>3000042</UnitOfMeasureCode><UnitOfMeasureName>graad</UnitOfMeasureName><UnitOfMeasureSymbol>graad</UnitOfMeasureSymbol></UnitOfMeasure></CSItem><CSItem><CSItemCode>IT4004954</CSItemCode><CSItemName>Kantelfunctie</CSItemName><CSItemRank>4</CSItemRank><CSItemIsFreeFormat>1</CSItemIsFreeFormat><CSValue><CSValueCode>VA4015659</CSValueCode><CSValueName>-5/25</CSValueName><CSValueRank>1</CSValueRank></CSValue><UnitOfMeasure><UnitOfMeasureCode>3000042</UnitOfMeasureCode><UnitOfMeasureName>graad</UnitOfMeasureName><UnitOfMeasureSymbol>graad</UnitOfMeasureSymbol></UnitOfMeasure></CSItem></CSChapter><CSChapter><CSChapterCode>3000821</CSChapterCode><CSChapterName>Vermogen</CSChapterName><CSChapterRank>6</CSChapterRank><CSItem><CSItemCode>IT4006562</CSItemCode><CSItemName>ECO-modus</CSItemName><CSItemRank>1</CSItemRank><CSItemIsFreeFormat>1</CSItemIsFreeFormat><CSValue><CSValueCode>VA4017986</CSValueCode><CSValueName>10 W (normaal)</CSValueName><CSValueRank>1</CSValueRank></CSValue></CSItem><CSItem><CSItemCode>IT4005861</CSItemCode><CSItemName>Ingeschakeld</CSItemName><CSItemRank>2</CSItemRank><CSItemIsFreeFormat>1</CSItemIsFreeFormat><CSValue><CSValueCode>VA4017025</CSValueCode><CSValueName>12,5 W (normaal) (testmethode EnergyStar 7.0)</CSValueName><CSValueRank>1</CSValueRank></CSValue></CSItem><CSItem><CSItemCode>IT4006150</CSItemCode><CSItemName>Stand-bymodus</CSItemName><CSItemRank>3</CSItemRank><CSItemIsFreeFormat>1</CSItemIsFreeFormat><CSValue><CSValueCode>VA4017360</CSValueCode><CSValueName>&lt; 0,5 W (normaal)</CSValueName><CSValueRank>1</CSValueRank></CSValue></CSItem><CSItem><CSItemCode>IT4006081</CSItemCode><CSItemName>Uitmodus</CSItemName><CSItemRank>4</CSItemRank><CSItemIsFreeFormat>1</CSItemIsFreeFormat><CSValue><CSValueCode>VA4017285</CSValueCode><CSValueName>&lt; 0,3 W (normaal)</CSValueName><CSValueRank>1</CSValueRank></CSValue></CSItem><CSItem><CSItemCode>3006931</CSItemCode><CSItemName>LED-indicator voor voeding</CSItemName><CSItemRank>5</CSItemRank><CSItemIsFreeFormat>0</CSItemIsFreeFormat><CSValue><CSValueCode>VA4015465</CSValueCode><CSValueName>In werking - wit</CSValueName><CSValueRank>1</CSValueRank></CSValue><CSValue><CSValueCode>VA4017406</CSValueCode><CSValueName>Stand-bymodus - wit (knipperend)</CSValueName><CSValueRank>2</CSValueRank></CSValue></CSItem><CSItem><CSItemCode>3006932</CSItemCode><CSItemName>Stroomvoorziening</CSItemName><CSItemRank>6</CSItemRank><CSItemIsFreeFormat>0</CSItemIsFreeFormat><CSValue><CSValueCode>VA4050622</CSValueCode><CSValueName>100 - 240 V AC, 50-60 Hz</CSValueName><CSValueRank>1</CSValueRank></CSValue><CSValue><CSValueCode>3033321</CSValueCode><CSValueName>Ingebouwd</CSValueName><CSValueRank>2</CSValueRank></CSValue></CSItem></CSChapter><CSChapter><CSChapterCode>3000820</CSChapterCode><CSChapterName>Afmetingen</CSChapterName><CSChapterRank>7</CSChapterRank><CSItem><CSItemCode>IT4005764</CSItemCode><CSItemName>Product met standaard (mm)</CSItemName><CSItemRank>1</CSItemRank><CSItemIsFreeFormat>1</CSItemIsFreeFormat><CSValue><CSValueCode>VA4016930</CSValueCode><CSValueName>490 x 455 x 202</CSValueName><CSValueRank>1</CSValueRank></CSValue><UnitOfMeasure><UnitOfMeasureCode>3000058</UnitOfMeasureCode><UnitOfMeasureName>millimeter</UnitOfMeasureName><UnitOfMeasureSymbol>millimeter</UnitOfMeasureSymbol></UnitOfMeasure></CSItem><CSItem><CSItemCode>IT4005765</CSItemCode><CSItemName>Product zonder standaard (mm)</CSItemName><CSItemRank>2</CSItemRank><CSItemIsFreeFormat>1</CSItemIsFreeFormat><CSValue><CSValueCode>VA4016931</CSValueCode><CSValueName>490 x 296 x 45</CSValueName><CSValueRank>1</CSValueRank></CSValue><UnitOfMeasure><UnitOfMeasureCode>3000058</UnitOfMeasureCode><UnitOfMeasureName>millimeter</UnitOfMeasureName><UnitOfMeasureSymbol>millimeter</UnitOfMeasureSymbol></UnitOfMeasure></CSItem><CSItem><CSItemCode>IT4005766</CSItemCode><CSItemName>Verpakking in mm (b x h x d)</CSItemName><CSItemRank>3</CSItemRank><CSItemIsFreeFormat>1</CSItemIsFreeFormat><CSValue><CSValueCode>VA4016932</CSValueCode><CSValueName>552 x 420 x 194</CSValueName><CSValueRank>1</CSValueRank></CSValue><UnitOfMeasure><UnitOfMeasureCode>3000058</UnitOfMeasureCode><UnitOfMeasureName>millimeter</UnitOfMeasureName><UnitOfMeasureSymbol>millimeter</UnitOfMeasureSymbol></UnitOfMeasure></CSItem></CSChapter><CSChapter><CSChapterCode>CH4000702</CSChapterCode><CSChapterName>Gewicht</CSChapterName><CSChapterRank>8</CSChapterRank><CSItem><CSItemCode>IT4005770</CSItemCode><CSItemName>Product met standaard (kg)</CSItemName><CSItemRank>1</CSItemRank><CSItemIsFreeFormat>1</CSItemIsFreeFormat><CSValue><CSValueCode>VA4016936</CSValueCode><CSValueName>4,51</CSValueName><CSValueRank>1</CSValueRank></CSValue><UnitOfMeasure><UnitOfMeasureCode>3000049</UnitOfMeasureCode><UnitOfMeasureName>kilogram</UnitOfMeasureName><UnitOfMeasureSymbol>kg</UnitOfMeasureSymbol></UnitOfMeasure></CSItem><CSItem><CSItemCode>IT4005771</CSItemCode><CSItemName>Product zonder standaard (kg)</CSItemName><CSItemRank>2</CSItemRank><CSItemIsFreeFormat>1</CSItemIsFreeFormat><CSValue><CSValueCode>VA4016937</CSValueCode><CSValueName>2,63</CSValueName><CSValueRank>1</CSValueRank></CSValue><UnitOfMeasure><UnitOfMeasureCode>3000049</UnitOfMeasureCode><UnitOfMeasureName>kilogram</UnitOfMeasureName><UnitOfMeasureSymbol>kg</UnitOfMeasureSymbol></UnitOfMeasure></CSItem><CSItem><CSItemCode>IT4005772</CSItemCode><CSItemName>Product met verpakking (kg)</CSItemName><CSItemRank>3</CSItemRank><CSItemIsFreeFormat>1</CSItemIsFreeFormat><CSValue><CSValueCode>VA4016938</CSValueCode><CSValueName>6,56</CSValueName><CSValueRank>1</CSValueRank></CSValue><UnitOfMeasure><UnitOfMeasureCode>3000049</UnitOfMeasureCode><UnitOfMeasureName>kilogram</UnitOfMeasureName><UnitOfMeasureSymbol>kg</UnitOfMeasureSymbol></UnitOfMeasure></CSItem></CSChapter><CSChapter><CSChapterCode>CH4000823</CSChapterCode><CSChapterName>Voorwaarden voor een goede werking</CSChapterName><CSChapterRank>9</CSChapterRank><CSItem><CSItemCode>IT4004946</CSItemCode><CSItemName>Temperatuurbereik (in bedrijf)</CSItemName><CSItemRank>1</CSItemRank><CSItemIsFreeFormat>1</CSItemIsFreeFormat><CSValue><CSValueCode>VA4015651</CSValueCode><CSValueName>0 °C tot 40 °C</CSValueName><CSValueRank>1</CSValueRank></CSValue><UnitOfMeasure><UnitOfMeasureCode>3000081</UnitOfMeasureCode><UnitOfMeasureName>graden Celsius</UnitOfMeasureName><UnitOfMeasureSymbol>°C</UnitOfMeasureSymbol></UnitOfMeasure></CSItem><CSItem><CSItemCode>IT4004947</CSItemCode><CSItemName>Temperatuurbereik (opslag)</CSItemName><CSItemRank>2</CSItemRank><CSItemIsFreeFormat>1</CSItemIsFreeFormat><CSValue><CSValueCode>VA4015652</CSValueCode><CSValueName>-20 °C tot 60 °C</CSValueName><CSValueRank>1</CSValueRank></CSValue><UnitOfMeasure><UnitOfMeasureCode>3000081</UnitOfMeasureCode><UnitOfMeasureName>graden Celsius</UnitOfMeasureName><UnitOfMeasureSymbol>°C</UnitOfMeasureSymbol></UnitOfMeasure></CSItem><CSItem><CSItemCode>IT4004948</CSItemCode><CSItemName>Relatieve vochtigheid</CSItemName><CSItemRank>3</CSItemRank><CSItemIsFreeFormat>1</CSItemIsFreeFormat><CSValue><CSValueCode>VA4015653</CSValueCode><CSValueName>20%-80</CSValueName><CSValueRank>1</CSValueRank></CSValue><UnitOfMeasure><UnitOfMeasureCode>3000065</UnitOfMeasureCode><UnitOfMeasureName>percentage</UnitOfMeasureName><UnitOfMeasureSymbol>%</UnitOfMeasureSymbol></UnitOfMeasure></CSItem><CSItem><CSItemCode>IT4023612</CSItemCode><CSItemName>Hoogte</CSItemName><CSItemRank>4</CSItemRank><CSItemIsFreeFormat>1</CSItemIsFreeFormat><CSValue><CSValueCode>VA4054761</CSValueCode><CSValueName>In werking: 3658 m, niet in werking: 12.192 m</CSValueName><CSValueRank>1</CSValueRank></CSValue></CSItem><CSItem><CSItemCode>IT4036063</CSItemCode><CSItemName>MTBF (aangetoond)</CSItemName><CSItemRank>5</CSItemRank><CSItemIsFreeFormat>1</CSItemIsFreeFormat><CSValue><CSValueCode>VA4083919</CSValueCode><CSValueName>70.000 uur (achtergrondverlichting niet meegerekend)</CSValueName><CSValueRank>1</CSValueRank></CSValue></CSItem></CSChapter><CSChapter><CSChapterCode>CH4000822</CSChapterCode><CSChapterName>Duurzaamheid</CSChapterName><CSChapterRank>10</CSChapterRank><CSItem><CSItemCode>IT4004941</CSItemCode><CSItemName>Milieu en energie</CSItemName><CSItemRank>1</CSItemRank><CSItemIsFreeFormat>0</CSItemIsFreeFormat><CSValue><CSValueCode>VA4094404</CSValueCode><CSValueName>EnergyStar 7.0</CSValueName><CSValueRank>1</CSValueRank></CSValue><CSValue><CSValueCode>VA4060101</CSValueCode><CSValueName>EPEAT Gold*</CSValueName><CSValueRank>2</CSValueRank></CSValue><CSValue><CSValueCode>VA4015645</CSValueCode><CSValueName>RoHS</CSValueName><CSValueRank>3</CSValueRank></CSValue></CSItem><CSItem><CSItemCode>IT4004944</CSItemCode><CSItemName>Recyclebaar verpakkingsmateriaal</CSItemName><CSItemRank>2</CSItemRank><CSItemIsFreeFormat>1</CSItemIsFreeFormat><CSValue><CSValueCode>VA4015649</CSValueCode><CSValueName>100</CSValueName><CSValueRank>1</CSValueRank></CSValue><UnitOfMeasure><UnitOfMeasureCode>3000065</UnitOfMeasureCode><UnitOfMeasureName>percentage</UnitOfMeasureName><UnitOfMeasureSymbol>%</UnitOfMeasureSymbol></UnitOfMeasure></CSItem><CSItem><CSItemCode>IT4018633</CSItemCode><CSItemName>Specifieke stoffen</CSItemName><CSItemRank>3</CSItemRank><CSItemIsFreeFormat>0</CSItemIsFreeFormat><CSValue><CSValueCode>VA4039543</CSValueCode><CSValueName>PVC/BFR-vrije behuizing</CSValueName><CSValueRank>1</CSValueRank></CSValue><CSValue><CSValueCode>VA4042544</CSValueCode><CSValueName>Kwikvrij</CSValueName><CSValueRank>2</CSValueRank></CSValue><CSValue><CSValueCode>VA4042543</CSValueCode><CSValueName>Loodvrij</CSValueName><CSValueRank>3</CSValueRank></CSValue></CSItem></CSChapter><CSChapter><CSChapterCode>CH4001161</CSChapterCode><CSChapterName>Voldoet aan de normen</CSChapterName><CSChapterRank>11</CSChapterRank><CSItem><CSItemCode>IT4006152</CSItemCode><CSItemName>Officiële goedkeuringen</CSItemName><CSItemRank>1</CSItemRank><CSItemIsFreeFormat>0</CSItemIsFreeFormat><CSValue><CSValueCode>VA4017361</CSValueCode><CSValueName>CE-markering</CSValueName><CSValueRank>1</CSValueRank></CSValue><CSValue><CSValueCode>VA4027482</CSValueCode><CSValueName>FCC-klasse B</CSValueName><CSValueRank>2</CSValueRank></CSValue><CSValue><CSValueCode>VA4017365</CSValueCode><CSValueName>SEMKO</CSValueName><CSValueRank>3</CSValueRank></CSValue><CSValue><CSValueCode>VA4064941</CSValueCode><CSValueName>cETLus</CSValueName><CSValueRank>4</CSValueRank></CSValue><CSValue><CSValueCode>VA4083906</CSValueCode><CSValueName>CU-EAC</CSValueName><CSValueRank>5</CSValueRank></CSValue><CSValue><CSValueCode>VA4033548</CSValueCode><CSValueName>TCO-gecertificeerd</CSValueName><CSValueRank>6</CSValueRank></CSValue><CSValue><CSValueCode>VA4054941</CSValueCode><CSValueName>EPA</CSValueName><CSValueRank>7</CSValueRank></CSValue><CSValue><CSValueCode>VA4033547</CSValueCode><CSValueName>WEEE</CSValueName><CSValueRank>8</CSValueRank></CSValue><CSValue><CSValueCode>VA4085218</CSValueCode><CSValueName>OEKRAÏENS</CSValueName><CSValueRank>9</CSValueRank></CSValue><CSValue><CSValueCode>VA4083905</CSValueCode><CSValueName>ICES-003</CSValueName><CSValueRank>10</CSValueRank></CSValue><CSValue><CSValueCode>VA4050621</CSValueCode><CSValueName>TÜV/ISO 9241-307</CSValueName><CSValueRank>11</CSValueRank></CSValue><CSValue><CSValueCode>VA4033549</CSValueCode><CSValueName>PSB</CSValueName><CSValueRank>12</CSValueRank></CSValue><CSValue><CSValueCode>VA4087159</CSValueCode><CSValueName>TUV-gecert. - beperkt blauw licht</CSValueName><CSValueRank>13</CSValueRank></CSValue></CSItem></CSChapter><CSChapter><CSChapterCode>CH4000825</CSChapterCode><CSChapterName>Kast</CSChapterName><CSChapterRank>12</CSChapterRank><CSItem><CSItemCode>IT4019074</CSItemCode><CSItemName>Rand voorzijde</CSItemName><CSItemRank>1</CSItemRank><CSItemIsFreeFormat>1</CSItemIsFreeFormat><CSValue><CSValueCode>VA4042547</CSValueCode><CSValueName>Zwart</CSValueName><CSValueRank>1</CSValueRank></CSValue></CSItem><CSItem><CSItemCode>IT4019075</CSItemCode><CSItemName>Achterzijde</CSItemName><CSItemRank>2</CSItemRank><CSItemIsFreeFormat>1</CSItemIsFreeFormat><CSValue><CSValueCode>VA4042548</CSValueCode><CSValueName>Zwart</CSValueName><CSValueRank>1</CSValueRank></CSValue></CSItem><CSItem><CSItemCode>IT4019076</CSItemCode><CSItemName>Voet</CSItemName><CSItemRank>3</CSItemRank><CSItemIsFreeFormat>1</CSItemIsFreeFormat><CSValue><CSValueCode>VA4042549</CSValueCode><CSValueName>Zwart</CSValueName><CSValueRank>1</CSValueRank></CSValue></CSItem><CSItem><CSItemCode>IT4004956</CSItemCode><CSItemName>Afwerking</CSItemName><CSItemRank>4</CSItemRank><CSItemIsFreeFormat>1</CSItemIsFreeFormat><CSValue><CSValueCode>VA4015661</CSValueCode><CSValueName>Volume</CSValueName><CSValueRank>1</CSValueRank></CSValue></CSItem></CSChapter><CSChapter><CSChapterCode>CH4008581</CSChapterCode><CSChapterName>Wat zit er in de doos?</CSChapterName><CSChapterRank>14</CSChapterRank><CSItem><CSItemCode>IT4040999</CSItemCode><CSItemName>Monitor met standaard</CSItemName><CSItemRank>1</CSItemRank><CSItemIsFreeFormat>1</CSItemIsFreeFormat><CSValue><CSValueCode>VA4095569</CSValueCode><CSValueName>Ja</CSValueName><CSValueRank>1</CSValueRank></CSValue></CSItem><CSItem><CSItemCode>IT4041000</CSItemCode><CSItemName>Kabels</CSItemName><CSItemRank>2</CSItemRank><CSItemIsFreeFormat>1</CSItemIsFreeFormat><CSValue><CSValueCode>VA4095570</CSValueCode><CSValueName>D-Sub-kabel, DP-kabel, audiokabel, voedingskabel</CSValueName><CSValueRank>1</CSValueRank></CSValue></CSItem><CSItem><CSItemCode>IT4041030</CSItemCode><CSItemName>Gebruikersdocumentatie</CSItemName><CSItemRank>3</CSItemRank><CSItemIsFreeFormat>1</CSItemIsFreeFormat><CSValue><CSValueCode>VA4095604</CSValueCode><CSValueName>Ja</CSValueName><CSValueRank>1</CSValueRank></CSValue></CSItem></CSChapter><Filters><Purpose type="Comparison"><Features><Feature code="F400071757" rank="1" referenceName="16:9 Full HD display_2015"/><Feature code="F400066642" rank="2" referenceName="IPS technology (with Pivot)"/><Feature code="F400079049" rank="3" referenceName="UltraNarrow Border"/><Feature code="F400035289" rank="4" referenceName="M4 SmartImage"/><Feature code="F400067989" rank="5" referenceName="SoftBlue Technology"/><Feature code="F400083289" rank="6" referenceName="EasyRead mode_Pivot"/><Feature code="F400067665" rank="7" referenceName="Flicker-free technology"/><Feature code="F400035325" rank="8" referenceName="SmartErgoBase"/><Feature code="F400035282" rank="9" referenceName="Low bezel-to-table height"/><Feature code="F400064766" rank="10" referenceName="DisplayPort connection for maximum visuals"/><Feature code="F400035281" rank="11" referenceName="Built-in stereo speakers for multimedia"/></Features><CSItems><CSItem code="3006169" rank="1" referenceName="Picture/Display - LCD panel type"/><CSItem code="3006576" rank="1" referenceName="Connectivity - Signal Input"/><CSItem code="IT4004941" rank="1" referenceName="Sustainability - Environmental and energy"/><CSItem code="IT4004946" rank="1" referenceName="Operating conditions - Temperature range (operation)"/><CSItem code="IT4004951" rank="1" referenceName="Stand - Height adjustment"/><CSItem code="IT4005764" rank="1" referenceName="Dimensions - Product with stand (mm)"/><CSItem code="IT4005770" rank="1" referenceName="Weight - Product with stand (kg)"/><CSItem code="IT4006152" rank="1" referenceName="Compliance and standards - Regulatory Approvals"/><CSItem code="IT4006562" rank="1" referenceName="Power - ECO mode"/><CSItem code="IT4014853" rank="1" referenceName="Convenience - Built-in Speakers"/><CSItem code="IT4019074" rank="1" referenceName="Cabinet - Front bezel"/><CSItem code="IT4040999" rank="1" referenceName="What's in the box? - Monitor with stand"/><CSItem code="3006588" rank="2" referenceName="Connectivity - Sync Input"/><CSItem code="3006633" rank="2" referenceName="Convenience - User convenience"/><CSItem code="IT4004944" rank="2" referenceName="Sustainability - Recyclable packaging material"/><CSItem code="IT4004947" rank="2" referenceName="Operating conditions - Temperature range (storage)"/><CSItem code="IT4004952" rank="2" referenceName="Stand - Pivot"/><CSItem code="IT4005765" rank="2" referenceName="Dimensions - Product without stand (mm)"/><CSItem code="IT4005771" rank="2" referenceName="Weight - Product without stand (kg)"/><CSItem code="IT4005861" rank="2" referenceName="Power - On mode"/><CSItem code="IT4007209" rank="2" referenceName="Picture/Display - Backlight type"/><CSItem code="IT4019075" rank="2" referenceName="Cabinet - Rear cover"/><CSItem code="IT4041000" rank="2" referenceName="What's in the box? - Cables"/><CSItem code="3006180" rank="3" referenceName="Picture/Display - Panel Size"/><CSItem code="IT4004948" rank="3" referenceName="Operating conditions - Relative humidity"/><CSItem code="IT4004953" rank="3" referenceName="Stand - Swivel"/><CSItem code="IT4005621" rank="3" referenceName="Connectivity - Audio (In/Out)"/><CSItem code="IT4005766" rank="3" referenceName="Dimensions - Packaging in mm (WxHxD)"/><CSItem code="IT4005772" rank="3" referenceName="Weight - Product with packaging (kg)"/><CSItem code="IT4006150" rank="3" referenceName="Power - Standby mode"/><CSItem code="IT4018633" rank="3" referenceName="Sustainability - Specific Substances"/><CSItem code="IT4019071" rank="3" referenceName="Convenience - Control software"/><CSItem code="IT4019076" rank="3" referenceName="Cabinet - Foot"/><CSItem code="IT4041030" rank="3" referenceName="What's in the box? - User Documentation"/><CSItem code="3006149" rank="4" referenceName="Picture/Display - Effective viewing area"/><CSItem code="3006693" rank="4" referenceName="Convenience - OSD Languages"/><CSItem code="IT4004954" rank="4" referenceName="Stand - Tilt"/><CSItem code="IT4004956" rank="4" referenceName="Cabinet - Finish"/><CSItem code="IT4006081" rank="4" referenceName="Power - Off mode"/><CSItem code="IT4023612" rank="4" referenceName="Operating conditions - Altitude"/><CSItem code="3006121" rank="5" referenceName="Picture/Display - Aspect ratio"/><CSItem code="3006694" rank="5" referenceName="Convenience - Other convenience"/><CSItem code="3006931" rank="5" referenceName="Power - Power LED indicator"/><CSItem code="IT4036063" rank="5" referenceName="Operating conditions - MTBF (demonstrated)"/><CSItem code="3006193" rank="6" referenceName="Picture/Display - Optimum resolution"/><CSItem code="3006699" rank="6" referenceName="Convenience - Plug &amp; Play Compatibility"/><CSItem code="3006932" rank="6" referenceName="Power - Power supply"/><CSItem code="IT4039893" rank="7" referenceName="Picture/Display - Response time (typical)"/><CSItem code="IT4041772" rank="8" referenceName="Picture/Display - Pixel Density"/><CSItem code="3006127" rank="9" referenceName="Picture/Display - Brightness"/><CSItem code="3006133" rank="10" referenceName="Picture/Display - Contrast ratio (typical)"/><CSItem code="IT4006148" rank="11" referenceName="Picture/Display - SmartContrast"/><CSItem code="3006186" rank="12" referenceName="Picture/Display - Pixel pitch"/><CSItem code="3007518" rank="13" referenceName="Picture/Display - Viewing angle"/><CSItem code="3006183" rank="14" referenceName="Picture/Display - Picture enhancement"/><CSItem code="3006143" rank="15" referenceName="Picture/Display - Display colors"/><CSItem code="IT4006149" rank="16" referenceName="Picture/Display - Scanning Frequency"/><CSItem code="IT4036546" rank="17" referenceName="Picture/Display - SoftBlue"/><CSItem code="IT4036934" rank="18" referenceName="Picture/Display - Flicker-free"/><CSItem code="3006207" rank="19" referenceName="Picture/Display - sRGB"/><CSItem code="IT4042894" rank="20" referenceName="Picture/Display - EasyRead"/></CSItems></Purpose><Purpose type="Detail"><Features><Feature code="F400071757" rank="1" referenceName="16:9 Full HD display_2015"/><Feature code="F400066642" rank="2" referenceName="IPS technology (with Pivot)"/><Feature code="F400079049" rank="3" referenceName="UltraNarrow Border"/><Feature code="F400035289" rank="4" referenceName="M4 SmartImage"/><Feature code="F400067989" rank="5" referenceName="SoftBlue Technology"/><Feature code="F400083289" rank="6" referenceName="EasyRead mode_Pivot"/><Feature code="F400067665" rank="7" referenceName="Flicker-free technology"/><Feature code="F400035325" rank="8" referenceName="SmartErgoBase"/><Feature code="F400035282" rank="9" referenceName="Low bezel-to-table height"/><Feature code="F400064766" rank="10" referenceName="DisplayPort connection for maximum visuals"/><Feature code="F400035281" rank="11" referenceName="Built-in stereo speakers for multimedia"/></Features><CSItems><CSItem code="3006169" rank="1" referenceName="Picture/Display - LCD panel type"/><CSItem code="3006576" rank="1" referenceName="Connectivity - Signal Input"/><CSItem code="IT4004941" rank="1" referenceName="Sustainability - Environmental and energy"/><CSItem code="IT4004946" rank="1" referenceName="Operating conditions - Temperature range (operation)"/><CSItem code="IT4004951" rank="1" referenceName="Stand - Height adjustment"/><CSItem code="IT4005764" rank="1" referenceName="Dimensions - Product with stand (mm)"/><CSItem code="IT4005770" rank="1" referenceName="Weight - Product with stand (kg)"/><CSItem code="IT4006152" rank="1" referenceName="Compliance and standards - Regulatory Approvals"/><CSItem code="IT4006562" rank="1" referenceName="Power - ECO mode"/><CSItem code="IT4014853" rank="1" referenceName="Convenience - Built-in Speakers"/><CSItem code="IT4019074" rank="1" referenceName="Cabinet - Front bezel"/><CSItem code="IT4040999" rank="1" referenceName="What's in the box? - Monitor with stand"/><CSItem code="3006588" rank="2" referenceName="Connectivity - Sync Input"/><CSItem code="3006633" rank="2" referenceName="Convenience - User convenience"/><CSItem code="IT4004944" rank="2" referenceName="Sustainability - Recyclable packaging material"/><CSItem code="IT4004947" rank="2" referenceName="Operating conditions - Temperature range (storage)"/><CSItem code="IT4004952" rank="2" referenceName="Stand - Pivot"/><CSItem code="IT4005765" rank="2" referenceName="Dimensions - Product without stand (mm)"/><CSItem code="IT4005771" rank="2" referenceName="Weight - Product without stand (kg)"/><CSItem code="IT4005861" rank="2" referenceName="Power - On mode"/><CSItem code="IT4007209" rank="2" referenceName="Picture/Display - Backlight type"/><CSItem code="IT4019075" rank="2" referenceName="Cabinet - Rear cover"/><CSItem code="IT4041000" rank="2" referenceName="What's in the box? - Cables"/><CSItem code="3006180" rank="3" referenceName="Picture/Display - Panel Size"/><CSItem code="IT4004948" rank="3" referenceName="Operating conditions - Relative humidity"/><CSItem code="IT4004953" rank="3" referenceName="Stand - Swivel"/><CSItem code="IT4005621" rank="3" referenceName="Connectivity - Audio (In/Out)"/><CSItem code="IT4005766" rank="3" referenceName="Dimensions - Packaging in mm (WxHxD)"/><CSItem code="IT4005772" rank="3" referenceName="Weight - Product with packaging (kg)"/><CSItem code="IT4006150" rank="3" referenceName="Power - Standby mode"/><CSItem code="IT4018633" rank="3" referenceName="Sustainability - Specific Substances"/><CSItem code="IT4019071" rank="3" referenceName="Convenience - Control software"/><CSItem code="IT4019076" rank="3" referenceName="Cabinet - Foot"/><CSItem code="IT4041030" rank="3" referenceName="What's in the box? - User Documentation"/><CSItem code="3006149" rank="4" referenceName="Picture/Display - Effective viewing area"/><CSItem code="3006693" rank="4" referenceName="Convenience - OSD Languages"/><CSItem code="IT4004954" rank="4" referenceName="Stand - Tilt"/><CSItem code="IT4004956" rank="4" referenceName="Cabinet - Finish"/><CSItem code="IT4006081" rank="4" referenceName="Power - Off mode"/><CSItem code="IT4023612" rank="4" referenceName="Operating conditions - Altitude"/><CSItem code="3006121" rank="5" referenceName="Picture/Display - Aspect ratio"/><CSItem code="3006694" rank="5" referenceName="Convenience - Other convenience"/><CSItem code="3006931" rank="5" referenceName="Power - Power LED indicator"/><CSItem code="IT4036063" rank="5" referenceName="Operating conditions - MTBF (demonstrated)"/><CSItem code="3006193" rank="6" referenceName="Picture/Display - Optimum resolution"/><CSItem code="3006699" rank="6" referenceName="Convenience - Plug &amp; Play Compatibility"/><CSItem code="3006932" rank="6" referenceName="Power - Power supply"/><CSItem code="IT4039893" rank="7" referenceName="Picture/Display - Response time (typical)"/><CSItem code="IT4041772" rank="8" referenceName="Picture/Display - Pixel Density"/><CSItem code="3006127" rank="9" referenceName="Picture/Display - Brightness"/><CSItem code="3006133" rank="10" referenceName="Picture/Display - Contrast ratio (typical)"/><CSItem code="IT4006148" rank="11" referenceName="Picture/Display - SmartContrast"/><CSItem code="3006186" rank="12" referenceName="Picture/Display - Pixel pitch"/><CSItem code="3007518" rank="13" referenceName="Picture/Display - Viewing angle"/><CSItem code="3006183" rank="14" referenceName="Picture/Display - Picture enhancement"/><CSItem code="3006143" rank="15" referenceName="Picture/Display - Display colors"/><CSItem code="IT4006149" rank="16" referenceName="Picture/Display - Scanning Frequency"/><CSItem code="IT4036546" rank="17" referenceName="Picture/Display - SoftBlue"/><CSItem code="IT4036934" rank="18" referenceName="Picture/Display - Flicker-free"/><CSItem code="3006207" rank="19" referenceName="Picture/Display - sRGB"/><CSItem code="IT4042894" rank="20" referenceName="Picture/Display - EasyRead"/></CSItems></Purpose></Filters><FeatureCompareGroups/><Disclaimers><Disclaimer code="DIS40004221" rank="1" referenceName="IPS technology"><DisclaimerText>"IPS"-naam/handelsmerk en verwante octrooien voor technologieën zijn eigendom van hun respectieve eigenaars.</DisclaimerText><DisclaimElements/></Disclaimer><Disclaimer code="DIS40009731" rank="2" referenceName="Response time value equal to SmartResponse"><DisclaimerText>Waarde responstijd gelijk aan SmartResponse</DisclaimerText><DisclaimElements/></Disclaimer><Disclaimer code="DIS40004161" rank="3" referenceName="EPEAT Gold_Silver*"><DisclaimerText>EPEAT Gold of Silver is alleen geldig waar Philips het product registreert. Ga naar www.epeat.net voor informatie over de registratiestatus in uw land.</DisclaimerText><DisclaimElements/></Disclaimer></Disclaimers><KeyValuePairs><KeyValuePair><Key>4043544</Key><Value>VA4100527</Value><Type>String</Type></KeyValuePair><KeyValuePair><Key>4043544</Key><Value>VA4104254</Value><Type>String</Type></KeyValuePair><KeyValuePair><Key>FdaFlag</Key><Value>false</Value><Type>String</Type></KeyValuePair><KeyValuePair><Key>GrantGroup</Key><Value>TPV</Value><Type>String</Type></KeyValuePair><KeyValuePair><Key>IT4015919</Key><Value>VA4038427</Value><Type>String</Type></KeyValuePair><KeyValuePair><Key>IT4015920</Key><Value>VA5027921</Value><Type>String</Type></KeyValuePair><KeyValuePair><Key>IT4041093</Key><Value>VA4095735</Value><Type>String</Type></KeyValuePair></KeyValuePairs><ProductClusters/><ProductRefs/><RichTexts/><GreenData><GreenAwards/><EnergyLabel><Name>Energielabel</Name><ShortDescription/><LongDescription>Philips werkt al jaren proactief aan de energiezuinigheid van haar producten. De meeste producten van Philips hebben zo een groen energielabel verworven. Hoe groener het label, des te lager het energieverbruik en uw energierekening, en hoe beter voor het milieu.</LongDescription><Text/><EnergyClass rank="4"><Code>EC_EU_7_T2</Code><Countrycode>NL</Countrycode><Value>A</Value><Description>NETHERLANDS</Description></EnergyClass></EnergyLabel></GreenData></Product></Products>