<?xml version="1.0" encoding="UTF-8"?><Products xmlns:source="http://apache.org/cocoon/source/1.0" DocStatus="approved" DocTimeStamp="2018-10-31T11:31:02" DocType="PMT" DocVersion="xUCDM_product_external_CQ5_1_1_25"><Product Country="NL" IsAccessory="false" IsLocalized="true" IsMaster="false" Locale="nl_NL" lastModified="2018-10-31T04:39:04" masterLastModified="2018-08-22T00:41:37"><CTN>5061331P0</CTN><Code12NC>915005695701</Code12NC><GTIN>8718696169988</GTIN><MarketingVersion>2.0.1</MarketingVersion><MarketingStatus>Final Published</MarketingStatus><CRDate>2018-02-09</CRDate><CRDateYW>201806</CRDateYW><ModelYears/><ProductDivision><ProductDivisionCode>0100</ProductDivisionCode><ProductDivisionName>Lighting</ProductDivisionName><FormerPDCode>0100</FormerPDCode></ProductDivision><ProductOwner>Mihaela Mihaylova</ProductOwner><DTN>50613/31/P0</DTN><Assets><Asset code="5061331P0" description="Leaflet" extension="pdf" extent="349164" lastModified="2018-10-31" locale="nl_NL" number="001" type="PSS">http://download.p4c.philips.com/files/5/5061331p0/5061331p0_pss_nldnl.pdf</Asset><Asset code="5061331P0" description="Retail Trade Leaflet" extension="pdf" extent="96240" lastModified="2018-10-31" locale="nl_NL" number="001" type="RTL">http://download.p4c.philips.com/files/5/5061331p0/5061331p0_rtl_nldnl.pdf</Asset><Asset code="5061331P0" description="Alternative product photograph - highres 2196x1795" extension="tif" extent="713966" lastModified="2018-10-31" locale="global" number="001" type="APP">http://images.philips.com/is/image/PhilipsConsumer/5061331P0-APP-global-001</Asset><Asset code="5061331P0" description="Main in-use photograph - highres 2480x1462" extension="tif" extent="4656662" lastModified="2018-10-31" locale="global" number="001" type="MI1">http://images.philips.com/is/image/PhilipsConsumer/5061331P0-MI1-global-001</Asset><Asset code="5061331P0" description="Packaging photograph - highres 1447x756" extension="tif" extent="1475350" lastModified="2018-10-31" locale="global" number="001" type="PID">http://images.philips.com/is/image/PhilipsConsumer/5061331P0-PID-global-001</Asset><Asset code="5061331P0" description="Leaflet" extension="pdf" extent="334662" lastModified="2018-10-31" locale="global" number="001" type="PSS">http://download.p4c.philips.com/files/5/5061331p0/5061331p0_pss_.pdf</Asset><Asset code="5061331P0" description="Standard product photograph - highres 2196x1795" extension="tif" extent="783708" lastModified="2018-10-31" locale="global" number="001" type="RTP">http://images.philips.com/is/image/PhilipsConsumer/5061331P0-RTP-global-001</Asset><Asset code="5061331P0" description="Single product shot" extension="" lastModified="2018-10-31" locale="nl_NL" number="" type="IMS">http://images.philips.com/is/image/PhilipsConsumer/5061331P0-IMS-nl_NL</Asset><Asset code="5061331P0" description="Product gallery image set" extension="" lastModified="2018-10-31" locale="nl_NL" number="" type="GAL">http://images.philips.com/is/image/PhilipsConsumer/5061331P0-GAL-nl_NL</Asset><Asset code="5061331P0" description="Product URL" extension="" lastModified="2018-10-31" locale="nl_NL" number="" type="URL">http://www.philips.nl/c-p/5061331P0/myliving-spot</Asset><Asset code="EEL02" description="Energy Label" extension="tiff" extent="3271" lastModified="2018-10-31" locale="global" number="001" type="ENL">http://images.philips.com/is/image/PhilipsConsumer/EEL02-ENL-global-001</Asset><Asset code="F400086696" description="Feature logo - highres 331x213" extension="tif" extent="18590" lastModified="2018-10-31" locale="global" number="001" type="FLP">http://images.philips.com/is/image/PhilipsConsumer/F400086696-FLP-global-001</Asset><Asset code="F400086699" description="Feature logo - highres 331x213" extension="tif" extent="602546" lastModified="2018-10-31" locale="global" number="001" type="FLP">http://images.philips.com/is/image/PhilipsConsumer/F400086699-FLP-global-001</Asset><Asset code="F400086700" description="Feature logo - highres 331x213" extension="tif" extent="599578" lastModified="2018-10-31" locale="global" number="001" type="FLP">http://images.philips.com/is/image/PhilipsConsumer/F400086700-FLP-global-001</Asset><Asset code="F400086704" description="Feature logo - highres 331x213" extension="tif" extent="24584" lastModified="2018-10-31" locale="global" number="001" type="FLP">http://images.philips.com/is/image/PhilipsConsumer/F400086704-FLP-global-001</Asset><Asset code="F400086706" description="Feature logo - highres 331x213" extension="tif" extent="24734" lastModified="2018-10-31" locale="global" number="001" type="FLP">http://images.philips.com/is/image/PhilipsConsumer/F400086706-FLP-global-001</Asset><Asset code="F400086860" description="Feature photograph - highres 2100x1170" extension="tif" extent="591624" lastModified="2018-10-31" locale="global" number="001" type="FIL">http://images.philips.com/is/image/PhilipsConsumer/F400086860-FIL-global-001</Asset><Asset code="F400086938" description="Feature logo - highres 331x213" extension="tif" extent="928474" lastModified="2018-10-31" locale="global" number="001" type="FLP">http://images.philips.com/is/image/PhilipsConsumer/F400086938-FLP-global-001</Asset><Asset code="F400086939" description="Feature logo - highres 331x213" extension="tif" extent="628798" lastModified="2018-10-31" locale="global" number="001" type="FLP">http://images.philips.com/is/image/PhilipsConsumer/F400086939-FLP-global-001</Asset><Asset code="PHI" description="Brand logo - highres 1476x886" extension="tif" extent="641666" lastModified="2018-10-31" locale="global" number="001" type="BRP">http://images.philips.com/is/image/PhilipsConsumer/PHI-BRP-global-001</Asset></Assets><ProductName>RIVANO, wit, LED-spot</ProductName><NamingString><MasterBrand><BrandCode>PHI</BrandCode><BrandName>Philips</BrandName></MasterBrand><BrandString>Philips</BrandString><Concept><ConceptCode>PLM0108MYL</ConceptCode><ConceptName>myLiving</ConceptName><ConceptNameUsed>1</ConceptNameUsed></Concept><Descriptor><DescriptorCode>PLM0830SPO</DescriptorCode><DescriptorName>Spot</DescriptorName></Descriptor><Alphanumeric>50613/31/P0</Alphanumeric><VersionElement1><VersionElementCode>PLM0007469</VersionElementCode><VersionElementName>RIVANO</VersionElementName></VersionElement1><VersionElement2><VersionElementCode>PLM018331</VersionElementCode><VersionElementName>wit</VersionElementName></VersionElement2><VersionElement3><VersionElementCode>PLM0814Y</VersionElementCode><VersionElementName>Led</VersionElementName></VersionElement3><VersionString>RIVANO, wit, LED</VersionString><BrandedFeatureString/><DescriptorBrandedFeatureString>Spot</DescriptorBrandedFeatureString></NamingString><WOW>Comfortabel LED-licht dat aangenaam is voor uw ogen</WOW><MarketingTextHeader>De Philips LED Rivano spot sluit naadloos aan bij de inrichting van uw huis en verlicht de ruimte met een ingebouwde LED-lamp die is ontworpen voor het comfort van uw ogen. Een echt oogstrelende lichtervaring.</MarketingTextHeader><KeyBenefitArea><KeyBenefitAreaCode>K4035549</KeyBenefitAreaCode><KeyBenefitAreaName>Gemakkelijke verlichting zonder zorgen</KeyBenefitAreaName><KeyBenefitAreaRank>1</KeyBenefitAreaRank><Feature><FeatureCode>F400086860</FeatureCode><FeatureReferenceName>EyeComfort [LED lums, Spots]</FeatureReferenceName><FeatureName>Zachte LED's, aangenaam voor de ogen</FeatureName><FeatureLongDescription>Ontworpen voor uw oogcomfort†</FeatureLongDescription><FeatureGlossary>Harde verlichting is vermoeiend voor de ogen. Te fel licht is verblindend. Te zacht licht geeft flikkering. U kunt nu uw omgeving aangenaam verlichten met LED's die comfortabel zijn voor uw ogen en de perfecte sfeer in huis creëren.</FeatureGlossary><FeatureRank>1</FeatureRank><FeatureTopRank>1</FeatureTopRank></Feature><Feature><FeatureCode>F400086938</FeatureCode><FeatureReferenceName>Integrated LED light [LED lums, Spots]</FeatureReferenceName><FeatureName>Geïntegreerde LED-lamp</FeatureName><FeatureLongDescription>Geïntegreerde LED-lamp</FeatureLongDescription><FeatureGlossary>Deze spot heeft een hoogwaardige geïntegreerde LED-lamp met een optimale lichtopbrengst.</FeatureGlossary><FeatureRank>4</FeatureRank><FeatureTopRank>2</FeatureTopRank></Feature><Feature><FeatureCode>F400087066</FeatureCode><FeatureReferenceName>High light output - 1290 lumen [LED lums, Spots]</FeatureReferenceName><FeatureName>Hoge lichtopbrengst: 1290 lumen</FeatureName><FeatureLongDescription>Hoge lichtopbrengst: 1290 lumen</FeatureLongDescription><FeatureGlossary>Verlicht uw huis met licht van hoge kwaliteit</FeatureGlossary><FeatureRank>5</FeatureRank><FeatureTopRank>3</FeatureTopRank></Feature><Feature><FeatureCode>F400086939</FeatureCode><FeatureReferenceName>5 year warranty [LED lums, Spots]</FeatureReferenceName><FeatureName>5 jaar garantie</FeatureName><FeatureLongDescription>5 jaar garantie voor zorgeloos gebruik</FeatureLongDescription><FeatureGlossary>Al onze spotlights zijn gebouwd om lang mee te gaan. Ze worden geleverd met 5 jaar volledige garantie op het hele product, zodat u elke dag weer kunt genieten van verlichting die haar kwaliteit behoudt.</FeatureGlossary><FeatureRank>8</FeatureRank><FeatureTopRank>4</FeatureTopRank></Feature><Feature><FeatureCode>F400086706</FeatureCode><FeatureReferenceName>Warm white light [LED lums, Spots]</FeatureReferenceName><FeatureName>Warmwit licht</FeatureName><FeatureLongDescription>Warmwit licht voor een comfortabele sfeer</FeatureLongDescription><FeatureGlossary>Licht kan verschillende kleurtemperaturen hebben, die worden aangeduid in kelvin (K). Lampen met een lage kelvinwaarde produceren een warm, sfeervol licht, terwijl lampen met een hogere kelvinwaarde een koel, vitaliserend licht produceren.</FeatureGlossary><FeatureRank>2</FeatureRank><FeatureTopRank>6</FeatureTopRank></Feature><Feature><FeatureCode>F400086696</FeatureCode><FeatureReferenceName>Energy saving LED light [LED lums, Spots]</FeatureReferenceName><FeatureName>Energiezuinig LED-licht</FeatureName><FeatureLongDescription>Bespaar energie met hoogwaardig LED-licht</FeatureLongDescription><FeatureGlossary>LED-lampen leveren een besparing op van tot wel 80 procent, vergeleken met traditionele verlichting met dezelfde lichtopbrengst. Wanneer u een Philips LED-lamp koopt, bespaart u meteen geld. Elke keer dat u een traditionele lichtbron vervangt door een LED-lamp, ziet u dat meteen terug in een lagere energierekening.</FeatureGlossary><FeatureRank>6</FeatureRank><FeatureTopRank>7</FeatureTopRank></Feature><Feature><FeatureCode>F400087069</FeatureCode><FeatureReferenceName>Lamp lifetime for up to 20 years of use [LED lums, Spots]</FeatureReferenceName><FeatureName>Levensduur van tot wel 20 jaar</FeatureName><FeatureLongDescription>Lampen met een levensduur van tot wel 20 jaar</FeatureLongDescription><FeatureGlossary>LED-lampen gaan langer mee, dus u hoeft uw lichtbron veel minder vaak te vervangen. Dit leidt tot aanzienlijk minder afval en bespaart u op de lange termijn ook geld.</FeatureGlossary><FeatureRank>7</FeatureRank><FeatureTopRank>8</FeatureTopRank></Feature><Feature><FeatureCode>F400086704</FeatureCode><FeatureReferenceName>Instant brightness [LED lums, Spots]</FeatureReferenceName><FeatureName>Onmiddellijke helderheid</FeatureName><FeatureLongDescription>Onmiddellijk helder licht na inschakelen</FeatureLongDescription><FeatureGlossary>Met Philips LED-spots hoeft u nooit te wachten. Ze leveren onmiddellijk nadat ze zijn ingeschakeld hun volledige helderheidsniveau. Het warmwitte licht lijkt echt op gloeilamplicht en zorgt meteen voor een gezellige, uitnodigende sfeer.</FeatureGlossary><FeatureRank>3</FeatureRank><FeatureTopRank>9</FeatureTopRank></Feature></KeyBenefitArea><KeyBenefitArea><KeyBenefitAreaCode>K4035695</KeyBenefitAreaCode><KeyBenefitAreaName>Superieur ontwerp voor een optimaal lichteffect</KeyBenefitAreaName><KeyBenefitAreaRank>2</KeyBenefitAreaRank><Feature><FeatureCode>F400086699</FeatureCode><FeatureReferenceName>High quality material [LED lums, Spots]</FeatureReferenceName><FeatureName>Hoogwaardige onderdelen</FeatureName><FeatureLongDescription>Duurzaam materiaal van hoge kwaliteit</FeatureLongDescription><FeatureGlossary>Deze spot is gemaakt van duurzame, hoogwaardige materialen met een superieure afwerking. Het stevige, duurzame resultaat gaat vele jaren mee is een aanwinst voor uw huis.</FeatureGlossary><FeatureRank>3</FeatureRank><FeatureTopRank>5</FeatureTopRank></Feature><Feature><FeatureCode>F400086702</FeatureCode><FeatureReferenceName>Accent lighting [LED lums, Spots]</FeatureReferenceName><FeatureName>Perfect voor accentverlichting</FeatureName><FeatureLongDescription>De perfecte lichtbundel voor accentverlichting</FeatureLongDescription><FeatureGlossary>Deze LED-spot levert moderne verlichting met een vertrouwde lichtopbrengst onder een grote hoek (40 graden) en is geschikt voor zowel accentverlichting als algemene verlichting. Ideaal voor gebruik in keukens, woonkamers en eetkamers.</FeatureGlossary><FeatureRank>1</FeatureRank><FeatureTopRank>11</FeatureTopRank></Feature><Feature><FeatureCode>F400086700</FeatureCode><FeatureReferenceName>Adjustable spot head (multiple directions) [LED lums, Spots]</FeatureReferenceName><FeatureName>Eenvoudig te richten spot</FeatureName><FeatureLongDescription>Draaibare spot voor maximale flexibiliteit</FeatureLongDescription><FeatureGlossary>De draaibare spot is zo ontworpen dat u het licht op elke gewenste plek kunt richten.</FeatureGlossary><FeatureRank>2</FeatureRank><FeatureTopRank>12</FeatureTopRank></Feature></KeyBenefitArea><FeatureImage><FeatureCode>F400086860</FeatureCode><FeatureReferenceName>EyeComfort [LED lums, Spots]</FeatureReferenceName><FeatureImageRank>1</FeatureImageRank></FeatureImage><FeatureImage><FeatureCode>F400086938</FeatureCode><FeatureReferenceName>Integrated LED light [LED lums, Spots]</FeatureReferenceName><FeatureImageRank>2</FeatureImageRank></FeatureImage><FeatureImage><FeatureCode>F400087066</FeatureCode><FeatureReferenceName>High light output - 1290 lumen [LED lums, Spots]</FeatureReferenceName><FeatureImageRank>3</FeatureImageRank></FeatureImage><FeatureImage><FeatureCode>F400086939</FeatureCode><FeatureReferenceName>5 year warranty [LED lums, Spots]</FeatureReferenceName><FeatureImageRank>4</FeatureImageRank></FeatureImage><FeatureImage><FeatureCode>F400086699</FeatureCode><FeatureReferenceName>High quality material [LED lums, Spots]</FeatureReferenceName><FeatureImageRank>5</FeatureImageRank></FeatureImage><FeatureImage><FeatureCode>F400086706</FeatureCode><FeatureReferenceName>Warm white light [LED lums, Spots]</FeatureReferenceName><FeatureImageRank>6</FeatureImageRank></FeatureImage><FeatureImage><FeatureCode>F400086696</FeatureCode><FeatureReferenceName>Energy saving LED light [LED lums, Spots]</FeatureReferenceName><FeatureImageRank>7</FeatureImageRank></FeatureImage><FeatureImage><FeatureCode>F400087069</FeatureCode><FeatureReferenceName>Lamp lifetime for up to 20 years of use [LED lums, Spots]</FeatureReferenceName><FeatureImageRank>8</FeatureImageRank></FeatureImage><FeatureImage><FeatureCode>F400086704</FeatureCode><FeatureReferenceName>Instant brightness [LED lums, Spots]</FeatureReferenceName><FeatureImageRank>9</FeatureImageRank></FeatureImage><FeatureImage><FeatureCode>F400086702</FeatureCode><FeatureReferenceName>Accent lighting [LED lums, Spots]</FeatureReferenceName><FeatureImageRank>11</FeatureImageRank></FeatureImage><FeatureImage><FeatureCode>F400086700</FeatureCode><FeatureReferenceName>Adjustable spot head (multiple directions) [LED lums, Spots]</FeatureReferenceName><FeatureImageRank>12</FeatureImageRank></FeatureImage><FeatureHighlight><FeatureCode>F400086860</FeatureCode><FeatureReferenceName>EyeComfort [LED lums, Spots]</FeatureReferenceName><FeatureHighlightRank>1</FeatureHighlightRank></FeatureHighlight><FeatureHighlight><FeatureCode>F400086938</FeatureCode><FeatureReferenceName>Integrated LED light [LED lums, Spots]</FeatureReferenceName><FeatureHighlightRank>2</FeatureHighlightRank></FeatureHighlight><FeatureHighlight><FeatureCode>F400087066</FeatureCode><FeatureReferenceName>High light output - 1290 lumen [LED lums, Spots]</FeatureReferenceName><FeatureHighlightRank>3</FeatureHighlightRank></FeatureHighlight><FeatureHighlight><FeatureCode>F400086939</FeatureCode><FeatureReferenceName>5 year warranty [LED lums, Spots]</FeatureReferenceName><FeatureHighlightRank>4</FeatureHighlightRank></FeatureHighlight><FeatureHighlight><FeatureCode>F400086699</FeatureCode><FeatureReferenceName>High quality material [LED lums, Spots]</FeatureReferenceName><FeatureHighlightRank>5</FeatureHighlightRank></FeatureHighlight><FeatureHighlight><FeatureCode>F400086706</FeatureCode><FeatureReferenceName>Warm white light [LED lums, Spots]</FeatureReferenceName><FeatureHighlightRank>6</FeatureHighlightRank></FeatureHighlight><FeatureHighlight><FeatureCode>F400086696</FeatureCode><FeatureReferenceName>Energy saving LED light [LED lums, Spots]</FeatureReferenceName><FeatureHighlightRank>7</FeatureHighlightRank></FeatureHighlight><FeatureHighlight><FeatureCode>F400087069</FeatureCode><FeatureReferenceName>Lamp lifetime for up to 20 years of use [LED lums, Spots]</FeatureReferenceName><FeatureHighlightRank>8</FeatureHighlightRank></FeatureHighlight><FeatureHighlight><FeatureCode>F400086704</FeatureCode><FeatureReferenceName>Instant brightness [LED lums, Spots]</FeatureReferenceName><FeatureHighlightRank>9</FeatureHighlightRank></FeatureHighlight><FeatureHighlight><FeatureCode>F400086702</FeatureCode><FeatureReferenceName>Accent lighting [LED lums, Spots]</FeatureReferenceName><FeatureHighlightRank>11</FeatureHighlightRank></FeatureHighlight><FeatureHighlight><FeatureCode>F400086700</FeatureCode><FeatureReferenceName>Adjustable spot head (multiple directions) [LED lums, Spots]</FeatureReferenceName><FeatureHighlightRank>12</FeatureHighlightRank></FeatureHighlight><CSChapter><CSChapterCode>PLMCHP010</CSChapterCode><CSChapterName>Design en afwerking</CSChapterName><CSChapterRank>10</CSChapterRank><CSItem><CSItemCode>PLMITM010001</CSItemCode><CSItemName>Materiaal</CSItemName><CSItemRank>1</CSItemRank><CSItemIsFreeFormat>0</CSItemIsFreeFormat><CSValue><CSValueCode>PLMATR0105METAL</CSValueCode><CSValueName>metaal</CSValueName><CSValueRank>1</CSValueRank></CSValue></CSItem><CSItem><CSItemCode>PLMITM010002</CSItemCode><CSItemName>Kleur</CSItemName><CSItemRank>2</CSItemRank><CSItemIsFreeFormat>0</CSItemIsFreeFormat><CSValue><CSValueCode>PLMATR018331</CSValueCode><CSValueName>wit</CSValueName><CSValueRank>1</CSValueRank></CSValue></CSItem></CSChapter><CSChapter><CSChapterCode>PLMCHP020</CSChapterCode><CSChapterName>Extra onderdeel/accessoire meegeleverd</CSChapterName><CSChapterRank>20</CSChapterRank><CSItem><CSItemCode>PLMITM0776FX081</CSItemCode><CSItemName>EyeComfort</CSItemName><CSItemRank>4</CSItemRank><CSItemIsFreeFormat>0</CSItemIsFreeFormat><CSValue><CSValueCode>PLMATR0776FX081YES</CSValueCode><CSValueName>JA</CSValueName><CSValueRank>1</CSValueRank></CSValue></CSItem><CSItem><CSItemCode>PLMITM0776FX040</CSItemCode><CSItemName>Draaibare spot</CSItemName><CSItemRank>6</CSItemRank><CSItemIsFreeFormat>0</CSItemIsFreeFormat><CSValue><CSValueCode>PLMATR0776FX040YES</CSValueCode><CSValueName>JA</CSValueName><CSValueRank>1</CSValueRank></CSValue></CSItem></CSChapter><CSChapter><CSChapterCode>PLMCHP030</CSChapterCode><CSChapterName>Afmetingen en gewicht van product</CSChapterName><CSChapterRank>30</CSChapterRank><CSItem><CSItemCode>PLMITM030001</CSItemCode><CSItemName>Hoogte</CSItemName><CSItemRank>1</CSItemRank><CSItemIsFreeFormat>1</CSItemIsFreeFormat><CSValue><CSValueCode>VA4042333</CSValueCode><CSValueName>17,7</CSValueName><CSValueRank>1</CSValueRank></CSValue><UnitOfMeasure><UnitOfMeasureCode>3000039</UnitOfMeasureCode><UnitOfMeasureName>centimeter</UnitOfMeasureName><UnitOfMeasureSymbol>cm</UnitOfMeasureSymbol></UnitOfMeasure></CSItem><CSItem><CSItemCode>PLMITM030004</CSItemCode><CSItemName>Lengte</CSItemName><CSItemRank>4</CSItemRank><CSItemIsFreeFormat>1</CSItemIsFreeFormat><CSValue><CSValueCode>VA4042309</CSValueCode><CSValueName>68</CSValueName><CSValueRank>1</CSValueRank></CSValue><UnitOfMeasure><UnitOfMeasureCode>3000039</UnitOfMeasureCode><UnitOfMeasureName>centimeter</UnitOfMeasureName><UnitOfMeasureSymbol>cm</UnitOfMeasureSymbol></UnitOfMeasure></CSItem><CSItem><CSItemCode>PLMITM030005</CSItemCode><CSItemName>Breedte</CSItemName><CSItemRank>5</CSItemRank><CSItemIsFreeFormat>1</CSItemIsFreeFormat><CSValue><CSValueCode>VA4042311</CSValueCode><CSValueName>12</CSValueName><CSValueRank>1</CSValueRank></CSValue><UnitOfMeasure><UnitOfMeasureCode>3000039</UnitOfMeasureCode><UnitOfMeasureName>centimeter</UnitOfMeasureName><UnitOfMeasureSymbol>cm</UnitOfMeasureSymbol></UnitOfMeasure></CSItem><CSItem><CSItemCode>PLMITM030006</CSItemCode><CSItemName>Nettogewicht</CSItemName><CSItemRank>6</CSItemRank><CSItemIsFreeFormat>1</CSItemIsFreeFormat><CSValue><CSValueCode>VA4042308</CSValueCode><CSValueName>1,010</CSValueName><CSValueRank>1</CSValueRank></CSValue><UnitOfMeasure><UnitOfMeasureCode>3000049</UnitOfMeasureCode><UnitOfMeasureName>kilogram</UnitOfMeasureName><UnitOfMeasureSymbol>kg</UnitOfMeasureSymbol></UnitOfMeasure></CSItem></CSChapter><CSChapter><CSChapterCode>PLMCHP040</CSChapterCode><CSChapterName>Technische specificaties</CSChapterName><CSChapterRank>40</CSChapterRank><CSItem><CSItemCode>PLMITM040001</CSItemCode><CSItemName>Netspanning</CSItemName><CSItemRank>1</CSItemRank><CSItemIsFreeFormat>0</CSItemIsFreeFormat><CSValue><CSValueCode>PLMATR0719220-240</CSValueCode><CSValueName>Bereik 220 V - 240 V</CSValueName><CSValueRank>1</CSValueRank></CSValue><CSValue><CSValueCode>PLMATR067350/60HZ</CSValueCode><CSValueName>50-60 Hz</CSValueName><CSValueRank>2</CSValueRank></CSValue></CSItem><CSItem><CSItemCode>PLMITM040002</CSItemCode><CSItemName>Lamptechnologie</CSItemName><CSItemRank>2</CSItemRank><CSItemIsFreeFormat>0</CSItemIsFreeFormat><CSValue><CSValueCode>PLMATRBOIBULB10131LED</CSValueCode><CSValueName>Led</CSValueName><CSValueRank>1</CSValueRank></CSValue><CSValue><CSValueCode>PLMATR032924</CSValueCode><CSValueName>24 V</CSValueName><CSValueRank>2</CSValueRank></CSValue></CSItem><CSItem><CSItemCode>PLMITM040003</CSItemCode><CSItemName>Aantal lampen</CSItemName><CSItemRank>3</CSItemRank><CSItemIsFreeFormat>1</CSItemIsFreeFormat><CSValue><CSValueCode>VA4042306</CSValueCode><CSValueName>3</CSValueName><CSValueRank>1</CSValueRank></CSValue></CSItem><CSItem><CSItemCode>PLMITM040005</CSItemCode><CSItemName>Vermogen meegeleverde lamp</CSItemName><CSItemRank>5</CSItemRank><CSItemIsFreeFormat>0</CSItemIsFreeFormat><CSValue><CSValueCode>PLMATR04604_3</CSValueCode><CSValueName>4,3 W</CSValueName><CSValueRank>1</CSValueRank></CSValue></CSItem><CSItem><CSItemCode>PLMITM040007</CSItemCode><CSItemName>Kleurtemperatuur</CSItemName><CSItemRank>7</CSItemRank><CSItemIsFreeFormat>0</CSItemIsFreeFormat><CSValue><CSValueCode>PLMATRBOIBULB106242700_K</CSValueCode><CSValueName>warm wit</CSValueName><CSValueRank>1</CSValueRank></CSValue></CSItem><CSItem><CSItemCode>PLMITM0400011</CSItemCode><CSItemName>Totaal lumen armatuur</CSItemName><CSItemRank>11</CSItemRank><CSItemIsFreeFormat>0</CSItemIsFreeFormat><CSValue><CSValueCode>PLMATR10961290</CSValueCode><CSValueName>1290 lm</CSValueName><CSValueRank>1</CSValueRank></CSValue></CSItem><CSItem><CSItemCode>PLMITM0400013</CSItemCode><CSItemName>Dimbaar armatuur</CSItemName><CSItemRank>13</CSItemRank><CSItemIsFreeFormat>0</CSItemIsFreeFormat><CSValue><CSValueCode>PLMATR1075N</CSValueCode><CSValueName>Nee</CSValueName><CSValueRank>1</CSValueRank></CSValue></CSItem><CSItem><CSItemCode>PLMITM0400014</CSItemCode><CSItemName>Led</CSItemName><CSItemRank>14</CSItemRank><CSItemIsFreeFormat>0</CSItemIsFreeFormat><CSValue><CSValueCode>PLMATR0814Y</CSValueCode><CSValueName>Ja</CSValueName><CSValueRank>1</CSValueRank></CSValue></CSItem><CSItem><CSItemCode>PLMITM0400015</CSItemCode><CSItemName>Geïntegreerde LED</CSItemName><CSItemRank>15</CSItemRank><CSItemIsFreeFormat>0</CSItemIsFreeFormat><CSValue><CSValueCode>PLMATR1095EEL01-3</CSValueCode><CSValueName>NO</CSValueName><CSValueRank>1</CSValueRank></CSValue></CSItem><CSItem><CSItemCode>PLMITM0400016</CSItemCode><CSItemName>Energieklasse meegeleverde lichtbron</CSItemName><CSItemRank>16</CSItemRank><CSItemIsFreeFormat>0</CSItemIsFreeFormat><CSValue><CSValueCode>PLMATR1095EEL02-1</CSValueCode><CSValueName>A+</CSValueName><CSValueRank>1</CSValueRank></CSValue></CSItem><CSItem><CSItemCode>PLMITM0400017</CSItemCode><CSItemName>Armatuur is compatibel met lamp(en) uit klasse</CSItemName><CSItemRank>17</CSItemRank><CSItemIsFreeFormat>0</CSItemIsFreeFormat><CSValue><CSValueCode>PLMATR1095EEL01-2</CSValueCode><CSValueName>A++ t/m E</CSValueName><CSValueRank>1</CSValueRank></CSValue></CSItem><CSItem><CSItemCode>PLMITM0400018</CSItemCode><CSItemName>Levensduur tot</CSItemName><CSItemRank>18</CSItemRank><CSItemIsFreeFormat>1</CSItemIsFreeFormat><CSValue><CSValueCode>VA4094468</CSValueCode><CSValueName>20.000</CSValueName><CSValueRank>1</CSValueRank></CSValue><UnitOfMeasure><UnitOfMeasureCode>4000213</UnitOfMeasureCode><UnitOfMeasureName>uur</UnitOfMeasureName><UnitOfMeasureSymbol>uur</UnitOfMeasureSymbol></UnitOfMeasure></CSItem><CSItem><CSItemCode>PLMITM040026</CSItemCode><CSItemName>IP-code</CSItemName><CSItemRank>26</CSItemRank><CSItemIsFreeFormat>0</CSItemIsFreeFormat><CSValue><CSValueCode>PLMATR0290IP20</CSValueCode><CSValueName>IP20</CSValueName><CSValueRank>1</CSValueRank></CSValue><CSValue><CSValueCode>PLMATR0290IP20-2</CSValueCode><CSValueName>bestand tegen voorwerpen groter dan 12,5 mm</CSValueName><CSValueRank>2</CSValueRank></CSValue><CSValue><CSValueCode>PLMATR0290IP20-3</CSValueCode><CSValueName>niet bestand tegen water</CSValueName><CSValueRank>3</CSValueRank></CSValue></CSItem><CSItem><CSItemCode>PLMITM040027</CSItemCode><CSItemName>Beschermingsklasse</CSItemName><CSItemRank>27</CSItemRank><CSItemIsFreeFormat>0</CSItemIsFreeFormat><CSValue><CSValueCode>PLMATR0289I</CSValueCode><CSValueName>I - geaard</CSValueName><CSValueRank>1</CSValueRank></CSValue></CSItem><CSItem><CSItemCode>PLMITM0400051</CSItemCode><CSItemName>Lichtbron equivalent aan traditionele lamp van</CSItemName><CSItemRank>51</CSItemRank><CSItemIsFreeFormat>1</CSItemIsFreeFormat><CSValue><CSValueCode>VA4081551</CSValueCode><CSValueName>37</CSValueName><CSValueRank>1</CSValueRank></CSValue><UnitOfMeasure><UnitOfMeasureCode>3000072</UnitOfMeasureCode><UnitOfMeasureName>watt</UnitOfMeasureName><UnitOfMeasureSymbol>W</UnitOfMeasureSymbol></UnitOfMeasure></CSItem></CSChapter><CSChapter><CSChapterCode>PLMCHP050</CSChapterCode><CSChapterName>Service</CSChapterName><CSChapterRank>50</CSChapterRank><CSItem><CSItemCode>PLMITM050001</CSItemCode><CSItemName>Garantie</CSItemName><CSItemRank>1</CSItemRank><CSItemIsFreeFormat>0</CSItemIsFreeFormat><CSValue><CSValueCode>PLMATR02985</CSValueCode><CSValueName>5 jaar</CSValueName><CSValueRank>1</CSValueRank></CSValue></CSItem></CSChapter><CSChapter><CSChapterCode>PLMCHP060</CSChapterCode><CSChapterName>Afmetingen en gewicht inclusief verpakking</CSChapterName><CSChapterRank>60</CSChapterRank><CSItem><CSItemCode>PLMITM060001</CSItemCode><CSItemName>Hoogte</CSItemName><CSItemRank>1</CSItemRank><CSItemIsFreeFormat>1</CSItemIsFreeFormat><CSValue><CSValueCode>VA4042312</CSValueCode><CSValueName>70,1</CSValueName><CSValueRank>1</CSValueRank></CSValue><UnitOfMeasure><UnitOfMeasureCode>3000039</UnitOfMeasureCode><UnitOfMeasureName>centimeter</UnitOfMeasureName><UnitOfMeasureSymbol>cm</UnitOfMeasureSymbol></UnitOfMeasure></CSItem><CSItem><CSItemCode>PLMITM060002</CSItemCode><CSItemName>Lengte</CSItemName><CSItemRank>2</CSItemRank><CSItemIsFreeFormat>1</CSItemIsFreeFormat><CSValue><CSValueCode>VA4042313</CSValueCode><CSValueName>18,1</CSValueName><CSValueRank>1</CSValueRank></CSValue><UnitOfMeasure><UnitOfMeasureCode>3000039</UnitOfMeasureCode><UnitOfMeasureName>centimeter</UnitOfMeasureName><UnitOfMeasureSymbol>cm</UnitOfMeasureSymbol></UnitOfMeasure></CSItem><CSItem><CSItemCode>PLMITM060003</CSItemCode><CSItemName>Breedte</CSItemName><CSItemRank>3</CSItemRank><CSItemIsFreeFormat>1</CSItemIsFreeFormat><CSValue><CSValueCode>VA4042307</CSValueCode><CSValueName>13,1</CSValueName><CSValueRank>1</CSValueRank></CSValue><UnitOfMeasure><UnitOfMeasureCode>3000039</UnitOfMeasureCode><UnitOfMeasureName>centimeter</UnitOfMeasureName><UnitOfMeasureSymbol>cm</UnitOfMeasureSymbol></UnitOfMeasure></CSItem><CSItem><CSItemCode>PLMITM060004</CSItemCode><CSItemName>Gewicht</CSItemName><CSItemRank>4</CSItemRank><CSItemIsFreeFormat>1</CSItemIsFreeFormat><CSValue><CSValueCode>VA4042304</CSValueCode><CSValueName>1,506</CSValueName><CSValueRank>1</CSValueRank></CSValue><UnitOfMeasure><UnitOfMeasureCode>3000049</UnitOfMeasureCode><UnitOfMeasureName>kilogram</UnitOfMeasureName><UnitOfMeasureSymbol>kg</UnitOfMeasureSymbol></UnitOfMeasure></CSItem></CSChapter><CSChapter><CSChapterCode>PLMCHP070</CSChapterCode><CSChapterName>Diversen</CSChapterName><CSChapterRank>70</CSChapterRank><CSItem><CSItemCode>PLMITM070001</CSItemCode><CSItemName>Speciaal ontworpen voor</CSItemName><CSItemRank>1</CSItemRank><CSItemIsFreeFormat>0</CSItemIsFreeFormat><CSValue><CSValueCode>PLMATR0970L_B</CSValueCode><CSValueName>Woonkamer/slaapkamer</CSValueName><CSValueRank>1</CSValueRank></CSValue></CSItem><CSItem><CSItemCode>PLMITM070002</CSItemCode><CSItemName>Stijl</CSItemName><CSItemRank>2</CSItemRank><CSItemIsFreeFormat>0</CSItemIsFreeFormat><CSValue><CSValueCode>PLMATR0628CON</CSValueCode><CSValueName>Modern</CSValueName><CSValueRank>1</CSValueRank></CSValue></CSItem><CSItem><CSItemCode>PLMITM070003</CSItemCode><CSItemName>Type</CSItemName><CSItemRank>3</CSItemRank><CSItemIsFreeFormat>0</CSItemIsFreeFormat><CSValue><CSValueCode>PLMATR0830SPOT</CSValueCode><CSValueName>Spot</CSValueName><CSValueRank>1</CSValueRank></CSValue></CSItem></CSChapter><Filters><Purpose type="Comparison"><Features><Feature code="F400086860" rank="1" referenceName="EyeComfort [LED lums, LED lamps]"/><Feature code="F400086938" rank="2" referenceName="Integrated LED light [LED lums, Spots]"/><Feature code="F400087066" rank="3" referenceName="High light output - 1290 lumen [LED lums, Spots]"/><Feature code="F400086939" rank="4" referenceName="5 year warranty [LED lums, Spots]"/><Feature code="F400086699" rank="5" referenceName="High quality material [LED lums, Spots]"/><Feature code="F400086706" rank="6" referenceName="Warm white light [LED lums, Spots]"/><Feature code="F400086696" rank="7" referenceName="Energy saving LED light [LED lums, Spots]"/><Feature code="F400087069" rank="8" referenceName="Lamp lifetime for up to 20 years of use [LED lums, Spots]"/><Feature code="F400086704" rank="9" referenceName="Instant brightness [LED lums, Spots]"/><Feature code="F400086702" rank="11" referenceName="Accent lighting [LED lums, Spots]"/><Feature code="F400086700" rank="12" referenceName="Adjustable spot head (multiple directions) [LED lums, Spots]"/></Features><CSItems><CSItem code="PLMITM010001" rank="1" referenceName="Design and finishing - Material"/><CSItem code="PLMITM030001" rank="1" referenceName="Product dimensions &amp; weight - Height"/><CSItem code="PLMITM040001" rank="1" referenceName="Technical specifications - Mains power"/><CSItem code="PLMITM050001" rank="1" referenceName="Service - Warranty"/><CSItem code="PLMITM060001" rank="1" referenceName="Packaging dimensions &amp; weight - Height"/><CSItem code="PLMITM070001" rank="1" referenceName="Miscellaneous - Especially designed for"/><CSItem code="PLMITM010002" rank="2" referenceName="Design and finishing - Color"/><CSItem code="PLMITM040002" rank="2" referenceName="Technical specifications - Bulb technology"/><CSItem code="PLMITM060002" rank="2" referenceName="Packaging dimensions &amp; weight - Length"/><CSItem code="PLMITM070002" rank="2" referenceName="Miscellaneous - Style"/><CSItem code="PLMITM040003" rank="3" referenceName="Technical specifications - Number of bulbs"/><CSItem code="PLMITM060003" rank="3" referenceName="Packaging dimensions &amp; weight - Width"/><CSItem code="PLMITM070003" rank="3" referenceName="Miscellaneous - Type"/><CSItem code="PLMITM030004" rank="4" referenceName="Product dimensions &amp; weight - Length"/><CSItem code="PLMITM060004" rank="4" referenceName="Packaging dimensions &amp; weight - Weight"/><CSItem code="PLMITM0776FX081" rank="4" referenceName="Extra feature/accessory incl. - EyeComfort"/><CSItem code="PLMITM030005" rank="5" referenceName="Product dimensions &amp; weight - Width"/><CSItem code="PLMITM040005" rank="5" referenceName="Technical specifications - Wattage bulb included"/><CSItem code="PLMITM030006" rank="6" referenceName="Product dimensions &amp; weight - Net weight"/><CSItem code="PLMITM0776FX040" rank="6" referenceName="Extra feature/accessory incl. - Adjustable spot head"/><CSItem code="PLMITM040007" rank="7" referenceName="Technical specifications - Light color"/><CSItem code="PLMITM0400011" rank="11" referenceName="Technical specifications - Total lumen output fixture"/><CSItem code="PLMITM0400013" rank="13" referenceName="Technical specifications - Fixture dimmable"/><CSItem code="PLMITM0400014" rank="14" referenceName="Technical specifications - LED"/><CSItem code="PLMITM0400015" rank="15" referenceName="Technical specifications - Built in LED"/><CSItem code="PLMITM0400016" rank="16" referenceName="Technical specifications - Energy class included light source"/><CSItem code="PLMITM0400017" rank="17" referenceName="Technical specifications - Fixture is compatible with bulb(s) of class"/><CSItem code="PLMITM0400018" rank="18" referenceName="Technical specifications - Lifetime up to"/><CSItem code="PLMITM040026" rank="26" referenceName="Technical specifications - IP code"/><CSItem code="PLMITM040027" rank="27" referenceName="Technical specifications - Class of protection"/><CSItem code="PLMITM0400051" rank="51" referenceName="Technical specifications - Light source equivalent to traditional bulb of"/></CSItems></Purpose><Purpose type="Detail"><Features><Feature code="F400086860" rank="1" referenceName="EyeComfort [LED lums, LED lamps]"/><Feature code="F400086938" rank="2" referenceName="Integrated LED light [LED lums, Spots]"/><Feature code="F400087066" rank="3" referenceName="High light output - 1290 lumen [LED lums, Spots]"/><Feature code="F400086939" rank="4" referenceName="5 year warranty [LED lums, Spots]"/><Feature code="F400086699" rank="5" referenceName="High quality material [LED lums, Spots]"/><Feature code="F400086706" rank="6" referenceName="Warm white light [LED lums, Spots]"/><Feature code="F400086696" rank="7" referenceName="Energy saving LED light [LED lums, Spots]"/><Feature code="F400087069" rank="8" referenceName="Lamp lifetime for up to 20 years of use [LED lums, Spots]"/><Feature code="F400086704" rank="9" referenceName="Instant brightness [LED lums, Spots]"/><Feature code="F400086702" rank="11" referenceName="Accent lighting [LED lums, Spots]"/><Feature code="F400086700" rank="12" referenceName="Adjustable spot head (multiple directions) [LED lums, Spots]"/></Features><CSItems><CSItem code="PLMITM010001" rank="1" referenceName="Design and finishing - Material"/><CSItem code="PLMITM030001" rank="1" referenceName="Product dimensions &amp; weight - Height"/><CSItem code="PLMITM040001" rank="1" referenceName="Technical specifications - Mains power"/><CSItem code="PLMITM050001" rank="1" referenceName="Service - Warranty"/><CSItem code="PLMITM060001" rank="1" referenceName="Packaging dimensions &amp; weight - Height"/><CSItem code="PLMITM070001" rank="1" referenceName="Miscellaneous - Especially designed for"/><CSItem code="PLMITM010002" rank="2" referenceName="Design and finishing - Color"/><CSItem code="PLMITM040002" rank="2" referenceName="Technical specifications - Bulb technology"/><CSItem code="PLMITM060002" rank="2" referenceName="Packaging dimensions &amp; weight - Length"/><CSItem code="PLMITM070002" rank="2" referenceName="Miscellaneous - Style"/><CSItem code="PLMITM040003" rank="3" referenceName="Technical specifications - Number of bulbs"/><CSItem code="PLMITM060003" rank="3" referenceName="Packaging dimensions &amp; weight - Width"/><CSItem code="PLMITM070003" rank="3" referenceName="Miscellaneous - Type"/><CSItem code="PLMITM030004" rank="4" referenceName="Product dimensions &amp; weight - Length"/><CSItem code="PLMITM060004" rank="4" referenceName="Packaging dimensions &amp; weight - Weight"/><CSItem code="PLMITM0776FX081" rank="4" referenceName="Extra feature/accessory incl. - EyeComfort"/><CSItem code="PLMITM030005" rank="5" referenceName="Product dimensions &amp; weight - Width"/><CSItem code="PLMITM040005" rank="5" referenceName="Technical specifications - Wattage bulb included"/><CSItem code="PLMITM030006" rank="6" referenceName="Product dimensions &amp; weight - Net weight"/><CSItem code="PLMITM0776FX040" rank="6" referenceName="Extra feature/accessory incl. - Adjustable spot head"/><CSItem code="PLMITM040007" rank="7" referenceName="Technical specifications - Light color"/><CSItem code="PLMITM0400011" rank="11" referenceName="Technical specifications - Total lumen output fixture"/><CSItem code="PLMITM0400013" rank="13" referenceName="Technical specifications - Fixture dimmable"/><CSItem code="PLMITM0400014" rank="14" referenceName="Technical specifications - LED"/><CSItem code="PLMITM0400015" rank="15" referenceName="Technical specifications - Built in LED"/><CSItem code="PLMITM0400016" rank="16" referenceName="Technical specifications - Energy class included light source"/><CSItem code="PLMITM0400017" rank="17" referenceName="Technical specifications - Fixture is compatible with bulb(s) of class"/><CSItem code="PLMITM0400018" rank="18" referenceName="Technical specifications - Lifetime up to"/><CSItem code="PLMITM040026" rank="26" referenceName="Technical specifications - IP code"/><CSItem code="PLMITM040027" rank="27" referenceName="Technical specifications - Class of protection"/><CSItem code="PLMITM0400051" rank="51" referenceName="Technical specifications - Light source equivalent to traditional bulb of"/></CSItems></Purpose></Filters><FeatureCompareGroups/><Disclaimers><Disclaimer code="DIS40012516" rank="1" referenceName="Designed for the comfort of your eyes"><DisclaimerText>† Ontworpen voor uw oogcomfort. Ga naar www.philips.com/eyecomfort voor knippereffecten, stroboscoopeffecten en andere criteria. Ook vindt u daar productgegevens.</DisclaimerText><DisclaimElements/></Disclaimer></Disclaimers><KeyValuePairs><KeyValuePair><Key>FdaFlag</Key><Value>false</Value><Type>String</Type></KeyValuePair><KeyValuePair><Key>GrantGroup</Key><Value>PHILIPS</Value><Type>String</Type></KeyValuePair><KeyValuePair><Key>PLMITM070001</Key><Value>PLMATR0970L_B</Value><Type>String</Type></KeyValuePair><KeyValuePair><Key>PLMITM070002</Key><Value>PLMATR0628CON</Value><Type>String</Type></KeyValuePair><KeyValuePair><Key>PLMITM070003</Key><Value>PLMATR0830SPOT</Value><Type>String</Type></KeyValuePair></KeyValuePairs><ProductClusters/><ProductRefs/><RichTexts/><GreenData><GreenAwards/><EnergyLabel><Name>Energielabel</Name><ShortDescription/><LongDescription>Jarenlang heeft Philips proactief gewerkt aan energie-efficiëntie. Daardoor hebben de meeste Philips producten groene energielabels verworven. Hoe groener het label, hoe lager het energieverbruik, hoe lager uw energierekening en hoe vriendelijker voor het milieu.</LongDescription><Text/><EnergyClass rank="4"><Code>EEL02</Code><Countrycode>NL</Countrycode><Value>A+</Value><Description>Netherlands</Description></EnergyClass></EnergyLabel><GreenChapter><GreenChapterCode>ENE</GreenChapterCode><GreenChapterName>Energie</GreenChapterName><GreenItem><GreenItemName>Dimbaar</GreenItemName><GreenItemRank>1</GreenItemRank><GreenValue><GreenValueName>Nee</GreenValueName><GreenValueRank>1</GreenValueRank></GreenValue><UnitOfMeasure><UnitOfMeasureName/><UnitOfMeasureSymbol/></UnitOfMeasure></GreenItem><GreenItem><GreenItemName>Rendement</GreenItemName><GreenItemRank>2</GreenItemRank><GreenValue><GreenValueName>100,0</GreenValueName><GreenValueRank>1</GreenValueRank></GreenValue><UnitOfMeasure><UnitOfMeasureName>lumen per watt</UnitOfMeasureName><UnitOfMeasureSymbol>lm/W</UnitOfMeasureSymbol></UnitOfMeasure></GreenItem><GreenItem><GreenItemName>Vermogen</GreenItemName><GreenItemRank>3</GreenItemRank><GreenValue><GreenValueName>12,90</GreenValueName><GreenValueRank>1</GreenValueRank></GreenValue><UnitOfMeasure><UnitOfMeasureName>watt</UnitOfMeasureName><UnitOfMeasureSymbol>W</UnitOfMeasureSymbol></UnitOfMeasure></GreenItem></GreenChapter><GreenChapter><GreenChapterCode>PAC</GreenChapterCode><GreenChapterName>Verpakking</GreenChapterName><GreenItem><GreenItemName>Karton</GreenItemName><GreenItemRank>1</GreenItemRank><GreenValue><GreenValueName>187</GreenValueName><GreenValueRank>1</GreenValueRank></GreenValue><UnitOfMeasure><UnitOfMeasureName>gram</UnitOfMeasureName><UnitOfMeasureSymbol>g</UnitOfMeasureSymbol></UnitOfMeasure></GreenItem><GreenItem><GreenItemName>Kunststoffen</GreenItemName><GreenItemRank>2</GreenItemRank><GreenValue><GreenValueName>15</GreenValueName><GreenValueRank>1</GreenValueRank></GreenValue><UnitOfMeasure><UnitOfMeasureName>gram</UnitOfMeasureName><UnitOfMeasureSymbol>g</UnitOfMeasureSymbol></UnitOfMeasure></GreenItem></GreenChapter><GreenChapter><GreenChapterCode>SUB</GreenChapterCode><GreenChapterName>Stoffen</GreenChapterName><GreenItem><GreenItemName>Hoeveelheid kwik</GreenItemName><GreenItemRank>1</GreenItemRank><GreenValue><GreenValueName>0,0</GreenValueName><GreenValueRank>1</GreenValueRank></GreenValue><UnitOfMeasure><UnitOfMeasureName>milligram</UnitOfMeasureName><UnitOfMeasureSymbol>mg</UnitOfMeasureSymbol></UnitOfMeasure></GreenItem><GreenItem><GreenItemName>Compatibel met RoHS</GreenItemName><GreenItemRank>2</GreenItemRank><GreenValue><GreenValueName>Ja</GreenValueName><GreenValueRank>1</GreenValueRank></GreenValue><UnitOfMeasure><UnitOfMeasureName/><UnitOfMeasureSymbol/></UnitOfMeasure></GreenItem><GreenItem><GreenItemName>Compatibel met REACH</GreenItemName><GreenItemRank>3</GreenItemRank><GreenValue><GreenValueName>Ja</GreenValueName><GreenValueRank>1</GreenValueRank></GreenValue><UnitOfMeasure><UnitOfMeasureName/><UnitOfMeasureSymbol/></UnitOfMeasure></GreenItem></GreenChapter><GreenChapter><GreenChapterCode>WEI</GreenChapterCode><GreenChapterName>Gewicht</GreenChapterName><GreenItem><GreenItemName>Gewicht van het product</GreenItemName><GreenItemRank>1</GreenItemRank><GreenValue><GreenValueName>1010</GreenValueName><GreenValueRank>1</GreenValueRank></GreenValue><UnitOfMeasure><UnitOfMeasureName>gram</UnitOfMeasureName><UnitOfMeasureSymbol>g</UnitOfMeasureSymbol></UnitOfMeasure></GreenItem></GreenChapter><GreenChapter><GreenChapterCode>REL</GreenChapterCode><GreenChapterName>Betrouwbaarheid</GreenChapterName><GreenItem><GreenItemName>Levensduur</GreenItemName><GreenItemRank>1</GreenItemRank><GreenValue><GreenValueName>20000</GreenValueName><GreenValueRank>1</GreenValueRank></GreenValue><UnitOfMeasure><UnitOfMeasureName>uur</UnitOfMeasureName><UnitOfMeasureSymbol>h</UnitOfMeasureSymbol></UnitOfMeasure></GreenItem></GreenChapter></GreenData></Product></Products>