<?xml version="1.0" encoding="UTF-8"?><Products xmlns:source="http://apache.org/cocoon/source/1.0" DocStatus="approved" DocTimeStamp="2018-10-31T11:31:02" DocType="PMT" DocVersion="xUCDM_product_external_CQ5_1_1_25"><Product Country="NL" IsAccessory="false" IsLocalized="true" IsMaster="false" Locale="nl_NL" lastModified="2018-10-31T04:39:04" masterLastModified="2018-10-15T00:24:42"><CTN>7820331P7</CTN><Code12NC>915005735501</Code12NC><GTIN>8718696170809</GTIN><MarketingVersion>3.0.1</MarketingVersion><MarketingStatus>Final Published</MarketingStatus><CRDate>2018-04-13</CRDate><CRDateYW>201815</CRDateYW><ModelYears/><ProductDivision><ProductDivisionCode>0100</ProductDivisionCode><ProductDivisionName>Lighting</ProductDivisionName><FormerPDCode>0100</FormerPDCode></ProductDivision><ProductOwner>Elze Verbeek</ProductOwner><DTN>78203/31/P7</DTN><Assets><Asset code="7820331P7" description="Leaflet" extension="pdf" extent="406131" lastModified="2018-10-31" locale="nl_NL" number="001" type="PSS">http://download.p4c.philips.com/files/7/7820331p7/7820331p7_pss_nldnl.pdf</Asset><Asset code="7820331P7" description="Retail Trade Leaflet" extension="pdf" extent="175055" lastModified="2018-10-31" locale="nl_NL" number="001" type="RTL">http://download.p4c.philips.com/files/7/7820331p7/7820331p7_rtl_nldnl.pdf</Asset><Asset code="7820331P7" description="Alternative product photograph 1 - highres 2196x1795" extension="tif" extent="887900" lastModified="2018-10-31" locale="global" number="001" type="A1P">http://images.philips.com/is/image/PhilipsConsumer/7820331P7-A1P-global-001</Asset><Asset code="7820331P7" description="Alternative product photograph 2 - highres 2196x1795" extension="tif" extent="816508" lastModified="2018-10-31" locale="global" number="001" type="A2P">http://images.philips.com/is/image/PhilipsConsumer/7820331P7-A2P-global-001</Asset><Asset code="7820331P7" description="Alternative product photograph 3 - highres 2196x1795" extension="tif" extent="1112096" lastModified="2018-10-31" locale="global" number="001" type="A3P">http://images.philips.com/is/image/PhilipsConsumer/7820331P7-A3P-global-001</Asset><Asset code="7820331P7" description="Alternative product photograph 4 - highres 2196x1795" extension="tif" extent="1149672" lastModified="2018-10-31" locale="global" number="001" type="A4P">http://images.philips.com/is/image/PhilipsConsumer/7820331P7-A4P-global-001</Asset><Asset code="7820331P7" description="Alternative product photograph 5 - highres 2196x1795" extension="tif" extent="1121866" lastModified="2018-10-31" locale="global" number="001" type="A5P">http://images.philips.com/is/image/PhilipsConsumer/7820331P7-A5P-global-001</Asset><Asset code="7820331P7" description="Alternative product photograph - highres 2196x1795" extension="tif" extent="1276410" lastModified="2018-10-31" locale="global" number="001" type="APP">http://images.philips.com/is/image/PhilipsConsumer/7820331P7-APP-global-001</Asset><Asset code="7820331P7" description="Product detail 1 - highres 2196x1795" extension="tif" extent="1505080" lastModified="2018-10-31" locale="global" number="001" type="D1P">http://images.philips.com/is/image/PhilipsConsumer/7820331P7-D1P-global-001</Asset><Asset code="7820331P7" description="Product detail 2 - highres 2196x1795" extension="tif" extent="1249464" lastModified="2018-10-31" locale="global" number="001" type="D2P">http://images.philips.com/is/image/PhilipsConsumer/7820331P7-D2P-global-001</Asset><Asset code="7820331P7" description="Product detail 3 - highres 2196x1795" extension="tif" extent="2864204" lastModified="2018-10-31" locale="global" number="001" type="D3P">http://images.philips.com/is/image/PhilipsConsumer/7820331P7-D3P-global-001</Asset><Asset code="7820331P7" description="Main in-use photograph - highres 2480x1462" extension="tif" extent="2070392" lastModified="2018-10-31" locale="global" number="001" type="MI1">http://images.philips.com/is/image/PhilipsConsumer/7820331P7-MI1-global-001</Asset><Asset code="7820331P7" description="Packaging photograph - highres 1447x756" extension="tif" extent="1468018" lastModified="2018-10-31" locale="global" number="001" type="PID">http://images.philips.com/is/image/PhilipsConsumer/7820331P7-PID-global-001</Asset><Asset code="7820331P7" description="Leaflet" extension="pdf" extent="404108" lastModified="2018-10-31" locale="global" number="001" type="PSS">http://download.p4c.philips.com/files/7/7820331p7/7820331p7_pss_.pdf</Asset><Asset code="7820331P7" description="Standard product photograph - highres 2196x1795" extension="tif" extent="990150" lastModified="2018-10-31" locale="global" number="001" type="RTP">http://images.philips.com/is/image/PhilipsConsumer/7820331P7-RTP-global-001</Asset><Asset code="7820331P7" description="Product In Use 1 - highres 2196x1795" extension="tif" extent="3860064" lastModified="2018-10-31" locale="global" number="001" type="U1P">http://images.philips.com/is/image/PhilipsConsumer/7820331P7-U1P-global-001</Asset><Asset code="7820331P7" description="Product in use photograph - highres 2196x1795" extension="tif" extent="4212942" lastModified="2018-10-31" locale="global" number="001" type="UPL">http://images.philips.com/is/image/PhilipsConsumer/7820331P7-UPL-global-001</Asset><Asset code="7820331P7" description="Single product shot" extension="" lastModified="2018-10-31" locale="nl_NL" number="" type="IMS">http://images.philips.com/is/image/PhilipsConsumer/7820331P7-IMS-nl_NL</Asset><Asset code="7820331P7" description="Product gallery image set" extension="" lastModified="2018-10-31" locale="nl_NL" number="" type="GAL">http://images.philips.com/is/image/PhilipsConsumer/7820331P7-GAL-nl_NL</Asset><Asset code="7820331P7" description="Product URL" extension="" lastModified="2018-10-31" locale="nl_NL" number="" type="URL">http://www.philips.nl/c-p/7820331P7/hue-white-and-color-ambiance-play-lichtbalk-uitbreidingsset</Asset><Asset code="F400083537" description="Feature photograph - highres 2100x1170" extension="tif" extent="8062314" lastModified="2018-10-31" locale="global" number="001" type="FIL">http://images.philips.com/is/image/PhilipsConsumer/F400083537-FIL-global-001</Asset><Asset code="F400087906" description="Feature photograph - highres 2100x1170" extension="tif" extent="3379456" lastModified="2018-10-31" locale="global" number="001" type="FIL">http://images.philips.com/is/image/PhilipsConsumer/F400087906-FIL-global-001</Asset><Asset code="F400087907" description="Feature photograph - highres 2100x1170" extension="tif" extent="3035834" lastModified="2018-10-31" locale="global" number="001" type="FIL">http://images.philips.com/is/image/PhilipsConsumer/F400087907-FIL-global-001</Asset><Asset code="F400087908" description="Feature photograph - highres 2100x1170" extension="tif" extent="3905170" lastModified="2018-10-31" locale="global" number="001" type="FIL">http://images.philips.com/is/image/PhilipsConsumer/F400087908-FIL-global-001</Asset><Asset code="F400087910" description="Feature photograph - highres 2100x1170" extension="tif" extent="3816648" lastModified="2018-10-31" locale="global" number="001" type="FIL">http://images.philips.com/is/image/PhilipsConsumer/F400087910-FIL-global-001</Asset><Asset code="F400088265" description="Feature photograph - highres 2100x1170" extension="tif" extent="4157644" lastModified="2018-10-31" locale="global" number="001" type="FIL">http://images.philips.com/is/image/PhilipsConsumer/F400088265-FIL-global-001</Asset><Asset code="F400088266" description="Feature photograph - highres 2100x1170" extension="tif" extent="4525182" lastModified="2018-10-31" locale="global" number="001" type="FIL">http://images.philips.com/is/image/PhilipsConsumer/F400088266-FIL-global-001</Asset><Asset code="F400088267" description="Feature photograph - highres 2100x1170" extension="tif" extent="4343972" lastModified="2018-10-31" locale="global" number="001" type="FIL">http://images.philips.com/is/image/PhilipsConsumer/F400088267-FIL-global-001</Asset><Asset code="PHI" description="Brand logo - highres 1476x886" extension="tif" extent="641666" lastModified="2018-10-31" locale="global" number="001" type="BRP">http://images.philips.com/is/image/PhilipsConsumer/PHI-BRP-global-001</Asset></Assets><ProductName>Uitbreidingsset, 1 stuk, Play lichtbalk uitbreidingsset</ProductName><NamingString><MasterBrand><BrandCode>PHI</BrandCode><BrandName>Philips</BrandName></MasterBrand><BrandString>Philips</BrandString><Family><FamilyCode>PLM0345003</FamilyCode><FamilyName>Hue White and color ambiance</FamilyName><FamilyNameUsed>1</FamilyNameUsed></Family><Descriptor><DescriptorCode>PLM1000166</DescriptorCode><DescriptorName>Play lichtbalk uitbreidingsset</DescriptorName></Descriptor><Alphanumeric>78203/31/P7</Alphanumeric><VersionElement1><VersionElementCode>PLM1000167</VersionElementCode><VersionElementName>Uitbreidingsset, 1 stuk</VersionElementName></VersionElement1><VersionElement2><VersionElementCode>PLM1000009</VersionElementCode><VersionElementName>Ingebouwde LED</VersionElementName></VersionElement2><VersionElement3><VersionElementCode>PLM1000007</VersionElementCode><VersionElementName>Wit</VersionElementName></VersionElement3><VersionElement4><VersionElementCode>PLM1000044</VersionElementCode><VersionElementName>Slimme bediening met Hue Bridge*</VersionElementName></VersionElement4><VersionString>Uitbreidingsset, 1 stuk, geïntegreerde LED, wit, slimme bediening met Hue bridge*</VersionString><BrandedFeatureString/><DescriptorBrandedFeatureString>Play lichtbalk uitbreidingsset</DescriptorBrandedFeatureString></NamingString><WOW>Compact ontwerp</WOW><SubWOW>voor een complete lichtbeleving</SubWOW><MarketingTextHeader>Breng nog meer leven in huis met een extra Hue Play lichtbalk. Kies uit 16 miljoen kleuren en geniet van verschillende lichtscènes. Leg de lichtbalk op de vloer, zet hem op een kast of bevestig hem aan de achterkant van de televisie om je muur met licht te kleuren.</MarketingTextHeader><KeyBenefitArea><KeyBenefitAreaCode>K4035943</KeyBenefitAreaCode><KeyBenefitAreaName>Compact ontwerp voor een complete lichtbeleving</KeyBenefitAreaName><KeyBenefitAreaRank>1</KeyBenefitAreaRank><Feature><FeatureCode>F400087906</FeatureCode><FeatureReferenceName>Perfect TV backlight (Hue Play)</FeatureReferenceName><FeatureName>Perfecte achtergrondverlichting voor je tv</FeatureName><FeatureLongDescription>Perfecte achtergrondverlichting voor je tv</FeatureLongDescription><FeatureGlossary>Creëer de mooiste achtergrondverlichting voor je televisie. Bevestig de Philips Hue Play aan de achterkant van het scherm met de meegeleverde clips en dubbelzijdige tape, en verbeter je kijkervaring met lichteffecten rond de televisie. Beleef elke avond een andere sfeer op de bank.</FeatureGlossary><FeatureRank>3</FeatureRank><FeatureTopRank>1</FeatureTopRank></Feature><Feature><FeatureCode>F400087907</FeatureCode><FeatureReferenceName>Create ambience with warm white to cool daylight (Hue Play))</FeatureReferenceName><FeatureName>Creëer je eigen sfeer</FeatureName><FeatureLongDescription>Creëer je eigen sfeer met warmwit tot koel daglicht</FeatureLongDescription><FeatureGlossary>Schep voor elk moment de juiste sfeer en decoreer je woning met warm tot koelwit licht. Profiteer het hele jaar door van verschillende stijlen, met helderwit licht dat doet denken aan een frisse lentebries, het warmwitte licht van de zomerzon of ijskoud winters daglicht. Voor deze functie is verbinding met de Philips Hue Bridge vereist.</FeatureGlossary><FeatureRank>4</FeatureRank><FeatureTopRank>2</FeatureTopRank></Feature><Feature><FeatureCode>F400087908</FeatureCode><FeatureReferenceName>Sync with music, movies and games (Hue Play)</FeatureReferenceName><FeatureName>Synchroniseer met entertainment</FeatureName><FeatureLongDescription>Synchroniseer met muziek, films en games</FeatureLongDescription><FeatureGlossary>Breid je kijkbeleving uit naar de hele kamer of synchroniseer je verlichting met je favoriete muziek en zie hoe licht reageert op het ritme. Download Hue Sync en ontdek de verbazingwekkende dingen die je kunt doen met Philips Hue.</FeatureGlossary><FeatureRank>5</FeatureRank><FeatureTopRank>3</FeatureTopRank></Feature><Feature><FeatureCode>F400087910</FeatureCode><FeatureReferenceName>Control it your way (Hue Play)</FeatureReferenceName><FeatureName>Bedien het op jouw manier</FeatureName><FeatureLongDescription>Bedien het op jouw manier</FeatureLongDescription><FeatureGlossary>Verbind je Philips Hue lampen met de Bridge en ontdek de eindeloze mogelijkheden. Bedien de lampen vanaf je smartphone of tablet via de Philips Hue App, of voeg schakelaars toe aan je systeem om de lampen te activeren. Voor een complete Philips Hue beleving kun je timers, waarschuwingen, alarmen enzovoort instellen. Philips Hue werkt ook met Amazon Alexa, Apple Homekit en Google Home, zodat je de lampen met je stem kunt bedienen.</FeatureGlossary><FeatureRank>7</FeatureRank><FeatureTopRank>4</FeatureTopRank></Feature><Feature><FeatureCode>F400088266</FeatureCode><FeatureReferenceName>Be creative with 16 million colors (Hue Play White)</FeatureReferenceName><FeatureName>Speel met licht</FeatureName><FeatureLongDescription>Wees creatief met 16 miljoen kleuren</FeatureLongDescription><FeatureGlossary>Speel met licht en kies uit 16 miljoen kleuren om de sfeer en het uiterlijk van je kamer aan te passen. Stel moeiteloos de gewenste scène in met één druk op de knop. Gebruik een favoriete foto en herleef dat speciale moment met gekleurde lichteffecten. Bewaar je favoriete lichtinstellingen en selecteer ze met één vingerbeweging, wanneer je maar wilt.</FeatureGlossary><FeatureRank>2</FeatureRank><FeatureTopRank>6</FeatureTopRank></Feature><Feature><FeatureCode>F400088265</FeatureCode><FeatureReferenceName>Compact and versatile (Hue Play White)</FeatureReferenceName><FeatureName>Compact en veelzijdig</FeatureName><FeatureLongDescription>Compact en veelzijdig: perfect voor in je woonkamer</FeatureLongDescription><FeatureGlossary>Je kunt de Philips Hue Play altijd zo aanpassen dat hij perfect bij je interieur past. Je kunt de lichtbalk op een kast zetten om een prettige sfeer te creëren, aan de achterkant van de televisie bevestigen, of zelfs plat op de vloer leggen om je muren van de vloer tot aan het plafond met licht te kleuren. Plaats de Philips Hue Play waar je maar wilt en je zult zien dat hij perfect is voor elke woonkamer.</FeatureGlossary><FeatureRank>1</FeatureRank><FeatureTopRank>7</FeatureTopRank></Feature><Feature><FeatureCode>F400088267</FeatureCode><FeatureReferenceName>One socket. 3 Hue Plays. (Hue Play White)</FeatureReferenceName><FeatureName>Eén stopcontact, drie Hue Plays</FeatureName><FeatureLongDescription>Eén stopcontact, drie Hue Plays</FeatureLongDescription><FeatureGlossary>Ben je op zoek naar een unieke lichtbeleving? Maar raak je vaak verdwaald in een kluwen van draden en heb je te weinig stopcontacten achter de televisie? In plaats van één kun je nu tot wel drie Hue Plays op hetzelfde stopcontact aansluiten, zodat er genoeg ruimte overblijft voor andere apparaten. Met elke extra Hue Play wordt de lichtbeleving intenser. Kies zelf je kleurencombinaties en creëer je eigen sfeer. Weg met die snoeren en geniet van een magische ervaring.</FeatureGlossary><FeatureRank>6</FeatureRank><FeatureTopRank>8</FeatureTopRank></Feature></KeyBenefitArea><KeyBenefitArea><KeyBenefitAreaCode>K4034656</KeyBenefitAreaCode><KeyBenefitAreaName>Volledige controle vanaf smartphone of tablet met de Hue bridge</KeyBenefitAreaName><KeyBenefitAreaRank>2</KeyBenefitAreaRank><Feature><FeatureCode>F400083537</FeatureCode><FeatureReferenceName>Full control with Hue bridge</FeatureReferenceName><FeatureName>Volledige controle met de Hue bridge</FeatureName><FeatureLongDescription>Volledige controle vanaf smartphone of tablet met de Hue bridge</FeatureLongDescription><FeatureGlossary>Verbind je Philips Hue lampen met de Bridge en ontgrendel de eindeloze mogelijkheden van het systeem.</FeatureGlossary><FeatureRank>1</FeatureRank><FeatureTopRank>5</FeatureTopRank></Feature></KeyBenefitArea><FeatureImage><FeatureCode>F400087906</FeatureCode><FeatureReferenceName>Perfect TV backlight (Hue Play)</FeatureReferenceName><FeatureImageRank>1</FeatureImageRank></FeatureImage><FeatureImage><FeatureCode>F400087907</FeatureCode><FeatureReferenceName>Create ambience with warm white to cool daylight (Hue Play))</FeatureReferenceName><FeatureImageRank>2</FeatureImageRank></FeatureImage><FeatureImage><FeatureCode>F400087908</FeatureCode><FeatureReferenceName>Sync with music, movies and games (Hue Play)</FeatureReferenceName><FeatureImageRank>3</FeatureImageRank></FeatureImage><FeatureImage><FeatureCode>F400087910</FeatureCode><FeatureReferenceName>Control it your way (Hue Play)</FeatureReferenceName><FeatureImageRank>4</FeatureImageRank></FeatureImage><FeatureImage><FeatureCode>F400083537</FeatureCode><FeatureReferenceName>Full control with Hue bridge</FeatureReferenceName><FeatureImageRank>5</FeatureImageRank></FeatureImage><FeatureImage><FeatureCode>F400088266</FeatureCode><FeatureReferenceName>Be creative with 16 million colors (Hue Play White)</FeatureReferenceName><FeatureImageRank>6</FeatureImageRank></FeatureImage><FeatureImage><FeatureCode>F400088265</FeatureCode><FeatureReferenceName>Compact and versatile (Hue Play White)</FeatureReferenceName><FeatureImageRank>7</FeatureImageRank></FeatureImage><FeatureImage><FeatureCode>F400088267</FeatureCode><FeatureReferenceName>One socket. 3 Hue Plays. (Hue Play White)</FeatureReferenceName><FeatureImageRank>8</FeatureImageRank></FeatureImage><FeatureHighlight><FeatureCode>F400087906</FeatureCode><FeatureReferenceName>Perfect TV backlight (Hue Play)</FeatureReferenceName><FeatureHighlightRank>1</FeatureHighlightRank></FeatureHighlight><FeatureHighlight><FeatureCode>F400087907</FeatureCode><FeatureReferenceName>Create ambience with warm white to cool daylight (Hue Play))</FeatureReferenceName><FeatureHighlightRank>2</FeatureHighlightRank></FeatureHighlight><FeatureHighlight><FeatureCode>F400087908</FeatureCode><FeatureReferenceName>Sync with music, movies and games (Hue Play)</FeatureReferenceName><FeatureHighlightRank>3</FeatureHighlightRank></FeatureHighlight><FeatureHighlight><FeatureCode>F400087910</FeatureCode><FeatureReferenceName>Control it your way (Hue Play)</FeatureReferenceName><FeatureHighlightRank>4</FeatureHighlightRank></FeatureHighlight><FeatureHighlight><FeatureCode>F400083537</FeatureCode><FeatureReferenceName>Full control with Hue bridge</FeatureReferenceName><FeatureHighlightRank>5</FeatureHighlightRank></FeatureHighlight><FeatureHighlight><FeatureCode>F400088266</FeatureCode><FeatureReferenceName>Be creative with 16 million colors (Hue Play White)</FeatureReferenceName><FeatureHighlightRank>6</FeatureHighlightRank></FeatureHighlight><FeatureHighlight><FeatureCode>F400088265</FeatureCode><FeatureReferenceName>Compact and versatile (Hue Play White)</FeatureReferenceName><FeatureHighlightRank>7</FeatureHighlightRank></FeatureHighlight><FeatureHighlight><FeatureCode>F400088267</FeatureCode><FeatureReferenceName>One socket. 3 Hue Plays. (Hue Play White)</FeatureReferenceName><FeatureHighlightRank>8</FeatureHighlightRank></FeatureHighlight><CSChapter><CSChapterCode>PLMCHP010</CSChapterCode><CSChapterName>design en afwerking</CSChapterName><CSChapterRank>10</CSChapterRank><CSItem><CSItemCode>PLMITM010001</CSItemCode><CSItemName>Materiaal</CSItemName><CSItemRank>1</CSItemRank><CSItemIsFreeFormat>0</CSItemIsFreeFormat><CSValue><CSValueCode>PLMATR0105SYNTH</CSValueCode><CSValueName>kunststof</CSValueName><CSValueRank>1</CSValueRank></CSValue></CSItem><CSItem><CSItemCode>PLMITM010002</CSItemCode><CSItemName>Kleur</CSItemName><CSItemRank>2</CSItemRank><CSItemIsFreeFormat>0</CSItemIsFreeFormat><CSValue><CSValueCode>PLMATR018331</CSValueCode><CSValueName>wit</CSValueName><CSValueRank>1</CSValueRank></CSValue></CSItem></CSChapter><CSChapter><CSChapterCode>PLMCHP030</CSChapterCode><CSChapterName>Afmetingen en gewicht van product</CSChapterName><CSChapterRank>30</CSChapterRank><CSItem><CSItemCode>PLMITM030001</CSItemCode><CSItemName>Hoogte</CSItemName><CSItemRank>1</CSItemRank><CSItemIsFreeFormat>1</CSItemIsFreeFormat><CSValue><CSValueCode>VA4042333</CSValueCode><CSValueName>3,6</CSValueName><CSValueRank>1</CSValueRank></CSValue><UnitOfMeasure><UnitOfMeasureCode>3000039</UnitOfMeasureCode><UnitOfMeasureName>centimeter</UnitOfMeasureName><UnitOfMeasureSymbol>cm</UnitOfMeasureSymbol></UnitOfMeasure></CSItem><CSItem><CSItemCode>PLMITM030004</CSItemCode><CSItemName>Lengte</CSItemName><CSItemRank>4</CSItemRank><CSItemIsFreeFormat>1</CSItemIsFreeFormat><CSValue><CSValueCode>VA4042309</CSValueCode><CSValueName>25,3</CSValueName><CSValueRank>1</CSValueRank></CSValue><UnitOfMeasure><UnitOfMeasureCode>3000039</UnitOfMeasureCode><UnitOfMeasureName>centimeter</UnitOfMeasureName><UnitOfMeasureSymbol>cm</UnitOfMeasureSymbol></UnitOfMeasure></CSItem><CSItem><CSItemCode>PLMITM030005</CSItemCode><CSItemName>Breedte</CSItemName><CSItemRank>5</CSItemRank><CSItemIsFreeFormat>1</CSItemIsFreeFormat><CSValue><CSValueCode>VA4042311</CSValueCode><CSValueName>4,4</CSValueName><CSValueRank>1</CSValueRank></CSValue><UnitOfMeasure><UnitOfMeasureCode>3000039</UnitOfMeasureCode><UnitOfMeasureName>centimeter</UnitOfMeasureName><UnitOfMeasureSymbol>cm</UnitOfMeasureSymbol></UnitOfMeasure></CSItem><CSItem><CSItemCode>PLMITM030006</CSItemCode><CSItemName>Nettogewicht</CSItemName><CSItemRank>6</CSItemRank><CSItemIsFreeFormat>1</CSItemIsFreeFormat><CSValue><CSValueCode>VA4042308</CSValueCode><CSValueName>0,280</CSValueName><CSValueRank>1</CSValueRank></CSValue><UnitOfMeasure><UnitOfMeasureCode>3000049</UnitOfMeasureCode><UnitOfMeasureName>kilogram</UnitOfMeasureName><UnitOfMeasureSymbol>kg</UnitOfMeasureSymbol></UnitOfMeasure></CSItem></CSChapter><CSChapter><CSChapterCode>PLMCHP040</CSChapterCode><CSChapterName>Technische specificaties</CSChapterName><CSChapterRank>40</CSChapterRank><CSItem><CSItemCode>PLMITM040001</CSItemCode><CSItemName>Netspanning</CSItemName><CSItemRank>1</CSItemRank><CSItemIsFreeFormat>0</CSItemIsFreeFormat><CSValue><CSValueCode>PLMATR0719110-240</CSValueCode><CSValueName>Bereik 110 V - 240 V</CSValueName><CSValueRank>1</CSValueRank></CSValue><CSValue><CSValueCode>PLMATR067350/60HZ</CSValueCode><CSValueName>50-60 Hz</CSValueName><CSValueRank>2</CSValueRank></CSValue></CSItem><CSItem><CSItemCode>PLMITM0400011</CSItemCode><CSItemName>Totaal lumen armatuur</CSItemName><CSItemRank>11</CSItemRank><CSItemIsFreeFormat>0</CSItemIsFreeFormat><CSValue><CSValueCode>PLMATR1096530</CSValueCode><CSValueName>530 lm</CSValueName><CSValueRank>1</CSValueRank></CSValue></CSItem><CSItem><CSItemCode>PLMITM0400013</CSItemCode><CSItemName>Dimbaar armatuur</CSItemName><CSItemRank>13</CSItemRank><CSItemIsFreeFormat>0</CSItemIsFreeFormat><CSValue><CSValueCode>PLMATR1075Y</CSValueCode><CSValueName>Ja</CSValueName><CSValueRank>1</CSValueRank></CSValue></CSItem><CSItem><CSItemCode>PLMITM0400014</CSItemCode><CSItemName>LED</CSItemName><CSItemRank>14</CSItemRank><CSItemIsFreeFormat>0</CSItemIsFreeFormat><CSValue><CSValueCode>PLMATR0814Y</CSValueCode><CSValueName>Ja</CSValueName><CSValueRank>1</CSValueRank></CSValue></CSItem><CSItem><CSItemCode>PLMITM0400018</CSItemCode><CSItemName>Levensduur tot</CSItemName><CSItemRank>18</CSItemRank><CSItemIsFreeFormat>1</CSItemIsFreeFormat><CSValue><CSValueCode>VA4094468</CSValueCode><CSValueName>25.000</CSValueName><CSValueRank>1</CSValueRank></CSValue><UnitOfMeasure><UnitOfMeasureCode>4000213</UnitOfMeasureCode><UnitOfMeasureName>uur</UnitOfMeasureName><UnitOfMeasureSymbol>uur</UnitOfMeasureSymbol></UnitOfMeasure></CSItem><CSItem><CSItemCode>PLMITM040026</CSItemCode><CSItemName>IP-classificatie</CSItemName><CSItemRank>26</CSItemRank><CSItemIsFreeFormat>0</CSItemIsFreeFormat><CSValue><CSValueCode>PLMATR0290IP20</CSValueCode><CSValueName>IP20</CSValueName><CSValueRank>1</CSValueRank></CSValue><CSValue><CSValueCode>PLMATR0290IP20-2</CSValueCode><CSValueName>bestand tegen voorwerpen groter dan 12,5 mm</CSValueName><CSValueRank>2</CSValueRank></CSValue><CSValue><CSValueCode>PLMATR0290IP20-3</CSValueCode><CSValueName>niet bestand tegen water</CSValueName><CSValueRank>3</CSValueRank></CSValue></CSItem><CSItem><CSItemCode>PLMITM040027</CSItemCode><CSItemName>Beschermingsklasse</CSItemName><CSItemRank>27</CSItemRank><CSItemIsFreeFormat>0</CSItemIsFreeFormat><CSValue><CSValueCode>PLMATR0289III</CSValueCode><CSValueName>III - veilig, extra laag voltage</CSValueName><CSValueRank>1</CSValueRank></CSValue></CSItem></CSChapter><CSChapter><CSChapterCode>PLMCHP060</CSChapterCode><CSChapterName>Afmetingen en gewicht inclusief verpakking</CSChapterName><CSChapterRank>60</CSChapterRank><CSItem><CSItemCode>PLMITM060001</CSItemCode><CSItemName>Hoogte</CSItemName><CSItemRank>1</CSItemRank><CSItemIsFreeFormat>1</CSItemIsFreeFormat><CSValue><CSValueCode>VA4042312</CSValueCode><CSValueName>9,6</CSValueName><CSValueRank>1</CSValueRank></CSValue><UnitOfMeasure><UnitOfMeasureCode>3000039</UnitOfMeasureCode><UnitOfMeasureName>centimeter</UnitOfMeasureName><UnitOfMeasureSymbol>cm</UnitOfMeasureSymbol></UnitOfMeasure></CSItem><CSItem><CSItemCode>PLMITM060002</CSItemCode><CSItemName>Lengte</CSItemName><CSItemRank>2</CSItemRank><CSItemIsFreeFormat>1</CSItemIsFreeFormat><CSValue><CSValueCode>VA4042313</CSValueCode><CSValueName>29,8</CSValueName><CSValueRank>1</CSValueRank></CSValue><UnitOfMeasure><UnitOfMeasureCode>3000039</UnitOfMeasureCode><UnitOfMeasureName>centimeter</UnitOfMeasureName><UnitOfMeasureSymbol>cm</UnitOfMeasureSymbol></UnitOfMeasure></CSItem><CSItem><CSItemCode>PLMITM060003</CSItemCode><CSItemName>Breedte</CSItemName><CSItemRank>3</CSItemRank><CSItemIsFreeFormat>1</CSItemIsFreeFormat><CSValue><CSValueCode>VA4042307</CSValueCode><CSValueName>10,2</CSValueName><CSValueRank>1</CSValueRank></CSValue><UnitOfMeasure><UnitOfMeasureCode>3000039</UnitOfMeasureCode><UnitOfMeasureName>centimeter</UnitOfMeasureName><UnitOfMeasureSymbol>cm</UnitOfMeasureSymbol></UnitOfMeasure></CSItem><CSItem><CSItemCode>PLMITM060004</CSItemCode><CSItemName>Gewicht</CSItemName><CSItemRank>4</CSItemRank><CSItemIsFreeFormat>1</CSItemIsFreeFormat><CSValue><CSValueCode>VA4042304</CSValueCode><CSValueName>0,510</CSValueName><CSValueRank>1</CSValueRank></CSValue><UnitOfMeasure><UnitOfMeasureCode>3000049</UnitOfMeasureCode><UnitOfMeasureName>kilogram</UnitOfMeasureName><UnitOfMeasureSymbol>kg</UnitOfMeasureSymbol></UnitOfMeasure></CSItem></CSChapter><CSChapter><CSChapterCode>PLMCHP070</CSChapterCode><CSChapterName>Diversen</CSChapterName><CSChapterRank>70</CSChapterRank><CSItem><CSItemCode>PLMITM070001</CSItemCode><CSItemName>Speciaal ontworpen voor</CSItemName><CSItemRank>1</CSItemRank><CSItemIsFreeFormat>0</CSItemIsFreeFormat><CSValue><CSValueCode>PLMATR0970L_B</CSValueCode><CSValueName>Woonkamer/slaapkamer</CSValueName><CSValueRank>1</CSValueRank></CSValue></CSItem><CSItem><CSItemCode>PLMITM070002</CSItemCode><CSItemName>Stijl</CSItemName><CSItemRank>2</CSItemRank><CSItemIsFreeFormat>0</CSItemIsFreeFormat><CSValue><CSValueCode>PLMATR0628EXP</CSValueCode><CSValueName>Expressive</CSValueName><CSValueRank>1</CSValueRank></CSValue></CSItem></CSChapter><Filters><Purpose type="Comparison"><Features><Feature code="F400087906" rank="1" referenceName="Perfect TV backlight (Hue Play)"/><Feature code="F400087907" rank="2" referenceName="Create ambience with warm white to cool daylight (Hue Play))"/><Feature code="F400087908" rank="3" referenceName="Sync with music, movies and games (Hue Play)"/><Feature code="F400087910" rank="4" referenceName="Control it your way (Hue Play)"/><Feature code="F400083537" rank="5" referenceName="Full control with Hue bridge"/><Feature code="F400088266" rank="6" referenceName="Be creative with 16 million colors (Hue Play White)"/><Feature code="F400088265" rank="7" referenceName="Compact and versatile (Hue Play White)"/><Feature code="F400088267" rank="8" referenceName="One socket. 3 Hue Plays. (Hue Play White)"/></Features><CSItems><CSItem code="PLMITM010001" rank="1" referenceName="Design and finishing - Material"/><CSItem code="PLMITM030001" rank="1" referenceName="Product dimensions &amp; weight - Height"/><CSItem code="PLMITM040001" rank="1" referenceName="Technical specifications - Mains power"/><CSItem code="PLMITM060001" rank="1" referenceName="Packaging dimensions &amp; weight - Height"/><CSItem code="PLMITM070001" rank="1" referenceName="Miscellaneous - Especially designed for"/><CSItem code="PLMITM010002" rank="2" referenceName="Design and finishing - Color"/><CSItem code="PLMITM060002" rank="2" referenceName="Packaging dimensions &amp; weight - Length"/><CSItem code="PLMITM070002" rank="2" referenceName="Miscellaneous - Style"/><CSItem code="PLMITM060003" rank="3" referenceName="Packaging dimensions &amp; weight - Width"/><CSItem code="PLMITM030004" rank="4" referenceName="Product dimensions &amp; weight - Length"/><CSItem code="PLMITM060004" rank="4" referenceName="Packaging dimensions &amp; weight - Weight"/><CSItem code="PLMITM030005" rank="5" referenceName="Product dimensions &amp; weight - Width"/><CSItem code="PLMITM030006" rank="6" referenceName="Product dimensions &amp; weight - Net weight"/><CSItem code="PLMITM0400011" rank="11" referenceName="Technical specifications - Total lumen output fixture"/><CSItem code="PLMITM0400013" rank="13" referenceName="Technical specifications - Fixture dimmable"/><CSItem code="PLMITM0400014" rank="14" referenceName="Technical specifications - LED"/><CSItem code="PLMITM0400018" rank="18" referenceName="Technical specifications - Lifetime up to"/><CSItem code="PLMITM040026" rank="26" referenceName="Technical specifications - IP code"/><CSItem code="PLMITM040027" rank="27" referenceName="Technical specifications - Class of protection"/></CSItems></Purpose><Purpose type="Detail"><Features><Feature code="F400087906" rank="1" referenceName="Perfect TV backlight (Hue Play)"/><Feature code="F400087907" rank="2" referenceName="Create ambience with warm white to cool daylight (Hue Play))"/><Feature code="F400087908" rank="3" referenceName="Sync with music, movies and games (Hue Play)"/><Feature code="F400087910" rank="4" referenceName="Control it your way (Hue Play)"/><Feature code="F400083537" rank="5" referenceName="Full control with Hue bridge"/><Feature code="F400088266" rank="6" referenceName="Be creative with 16 million colors (Hue Play White)"/><Feature code="F400088265" rank="7" referenceName="Compact and versatile (Hue Play White)"/><Feature code="F400088267" rank="8" referenceName="One socket. 3 Hue Plays. (Hue Play White)"/></Features><CSItems><CSItem code="PLMITM010001" rank="1" referenceName="Design and finishing - Material"/><CSItem code="PLMITM030001" rank="1" referenceName="Product dimensions &amp; weight - Height"/><CSItem code="PLMITM040001" rank="1" referenceName="Technical specifications - Mains power"/><CSItem code="PLMITM060001" rank="1" referenceName="Packaging dimensions &amp; weight - Height"/><CSItem code="PLMITM070001" rank="1" referenceName="Miscellaneous - Especially designed for"/><CSItem code="PLMITM010002" rank="2" referenceName="Design and finishing - Color"/><CSItem code="PLMITM060002" rank="2" referenceName="Packaging dimensions &amp; weight - Length"/><CSItem code="PLMITM070002" rank="2" referenceName="Miscellaneous - Style"/><CSItem code="PLMITM060003" rank="3" referenceName="Packaging dimensions &amp; weight - Width"/><CSItem code="PLMITM030004" rank="4" referenceName="Product dimensions &amp; weight - Length"/><CSItem code="PLMITM060004" rank="4" referenceName="Packaging dimensions &amp; weight - Weight"/><CSItem code="PLMITM030005" rank="5" referenceName="Product dimensions &amp; weight - Width"/><CSItem code="PLMITM030006" rank="6" referenceName="Product dimensions &amp; weight - Net weight"/><CSItem code="PLMITM0400011" rank="11" referenceName="Technical specifications - Total lumen output fixture"/><CSItem code="PLMITM0400013" rank="13" referenceName="Technical specifications - Fixture dimmable"/><CSItem code="PLMITM0400014" rank="14" referenceName="Technical specifications - LED"/><CSItem code="PLMITM0400018" rank="18" referenceName="Technical specifications - Lifetime up to"/><CSItem code="PLMITM040026" rank="26" referenceName="Technical specifications - IP code"/><CSItem code="PLMITM040027" rank="27" referenceName="Technical specifications - Class of protection"/></CSItems></Purpose></Filters><FeatureCompareGroups/><Disclaimers/><KeyValuePairs><KeyValuePair><Key>FdaFlag</Key><Value>false</Value><Type>String</Type></KeyValuePair><KeyValuePair><Key>GrantGroup</Key><Value>PHILIPS</Value><Type>String</Type></KeyValuePair><KeyValuePair><Key>PLMITM070001</Key><Value>PLMATR0970L_B</Value><Type>String</Type></KeyValuePair><KeyValuePair><Key>PLMITM070002</Key><Value>PLMATR0628EXP</Value><Type>String</Type></KeyValuePair><KeyValuePair><Key>PLMITM080001</Key><Value>PLMATR0571003</Value><Type>String</Type></KeyValuePair><KeyValuePair><Key>PLMITM090001</Key><Value>PLMATR0614001</Value><Type>String</Type></KeyValuePair><KeyValuePair><Key>PLMITM090005</Key><Value>PLMATR0740004</Value><Type>String</Type></KeyValuePair></KeyValuePairs><ProductClusters/><ProductRefs/><RichTexts/><GreenData><GreenAwards/><EnergyLabel><Name>Energielabel</Name><ShortDescription/><LongDescription>Philips werkt al jaren proactief aan de energiezuinigheid van haar producten. De meeste producten van Philips hebben zo een groen energielabel verworven. Hoe groener het label, des te lager het energieverbruik en je energierekening, en hoe beter voor het milieu.</LongDescription><Text/><EnergyClass rank="4"><Code>EEL LED A+ only</Code><Countrycode>NL</Countrycode><Value>A+</Value><Description>Netherlands</Description></EnergyClass></EnergyLabel><GreenChapter><GreenChapterCode>ENE</GreenChapterCode><GreenChapterName>Energie</GreenChapterName><GreenItem><GreenItemName>Dimbaar</GreenItemName><GreenItemRank>1</GreenItemRank><GreenValue><GreenValueName>Ja</GreenValueName><GreenValueRank>1</GreenValueRank></GreenValue><UnitOfMeasure><UnitOfMeasureName/><UnitOfMeasureSymbol/></UnitOfMeasure></GreenItem><GreenItem><GreenItemName>Rendement</GreenItemName><GreenItemRank>2</GreenItemRank><GreenValue><GreenValueName>76,0</GreenValueName><GreenValueRank>1</GreenValueRank></GreenValue><UnitOfMeasure><UnitOfMeasureName>lumen per watt</UnitOfMeasureName><UnitOfMeasureSymbol>lm/W</UnitOfMeasureSymbol></UnitOfMeasure></GreenItem></GreenChapter><GreenChapter><GreenChapterCode>PAC</GreenChapterCode><GreenChapterName>Verpakking</GreenChapterName><GreenItem><GreenItemName>Karton</GreenItemName><GreenItemRank>1</GreenItemRank><GreenValue><GreenValueName>230</GreenValueName><GreenValueRank>1</GreenValueRank></GreenValue><UnitOfMeasure><UnitOfMeasureName>gram</UnitOfMeasureName><UnitOfMeasureSymbol>g</UnitOfMeasureSymbol></UnitOfMeasure></GreenItem></GreenChapter><GreenChapter><GreenChapterCode>SUB</GreenChapterCode><GreenChapterName>Stoffen</GreenChapterName><GreenItem><GreenItemName>Hoeveelheid kwik</GreenItemName><GreenItemRank>1</GreenItemRank><GreenValue><GreenValueName>0,0</GreenValueName><GreenValueRank>1</GreenValueRank></GreenValue><UnitOfMeasure><UnitOfMeasureName>milligram</UnitOfMeasureName><UnitOfMeasureSymbol>mg</UnitOfMeasureSymbol></UnitOfMeasure></GreenItem></GreenChapter><GreenChapter><GreenChapterCode>WEI</GreenChapterCode><GreenChapterName>Gewicht</GreenChapterName><GreenItem><GreenItemName>Gewicht van het product</GreenItemName><GreenItemRank>1</GreenItemRank><GreenValue><GreenValueName>280</GreenValueName><GreenValueRank>1</GreenValueRank></GreenValue><UnitOfMeasure><UnitOfMeasureName>gram</UnitOfMeasureName><UnitOfMeasureSymbol>g</UnitOfMeasureSymbol></UnitOfMeasure></GreenItem></GreenChapter><GreenChapter><GreenChapterCode>REL</GreenChapterCode><GreenChapterName>Betrouwbaarheid</GreenChapterName><GreenItem><GreenItemName>Levensduur</GreenItemName><GreenItemRank>1</GreenItemRank><GreenValue><GreenValueName>25000</GreenValueName><GreenValueRank>1</GreenValueRank></GreenValue><UnitOfMeasure><UnitOfMeasureName>uur</UnitOfMeasureName><UnitOfMeasureSymbol>h</UnitOfMeasureSymbol></UnitOfMeasure></GreenItem></GreenChapter></GreenData></Product></Products>