<?xml version="1.0" encoding="UTF-8"?><Products xmlns:source="http://apache.org/cocoon/source/1.0" DocStatus="approved" DocTimeStamp="2018-10-31T11:35:06" DocType="PMT" DocVersion="xUCDM_product_external_CQ5_1_1_25"><Product Country="CN" IsAccessory="false" IsMaster="false" Locale="zh_CN" lastModified="2018-10-31T04:39:04" masterLastModified="2018-10-24T00:35:00"><CTN>AT800/16</CTN><GTIN>06947265411124</GTIN><MarketingVersion>2.1.1</MarketingVersion><MarketingStatus>Final Published</MarketingStatus><CRDate>2015-02-13</CRDate><CRDateYW>201507</CRDateYW><ModelYears/><ProductDivision><ProductDivisionCode>0200</ProductDivisionCode><ProductDivisionName>Consumer Lifestyle</ProductDivisionName><FormerPDCode>0300</FormerPDCode></ProductDivision><ProductOwner>Manish Kumar Singh</ProductOwner><DTN>AT800/16</DTN><Assets><Asset code="AT800_16" description="User manual" extension="pdf" extent="2400479" lastModified="2018-10-31" locale="zh_CN" number="001" type="DFU">http://download.p4c.philips.com/files/a/at800_16/at800_16_dfu_zhs.pdf</Asset><Asset code="AT800_16" description="Find your model number - export" extension="tif" extent="723200" lastModified="2018-10-31" locale="zh_CN" number="001" type="FMN">http://images.philips.com/is/image/PhilipsConsumer/AT800_16-FMN-zh_CN-001</Asset><Asset code="AT800_16" description="Leaflet" extension="pdf" extent="645174" lastModified="2018-10-31" locale="zh_CN" number="001" type="PSS">http://download.p4c.philips.com/files/a/at800_16/at800_16_pss_zhscn.pdf</Asset><Asset code="AT800_16" description="Alternative product photograph 1 - highres 2196x1795" extension="tif" extent="3038382" lastModified="2018-10-31" locale="global" number="001" type="A1P">http://images.philips.com/is/image/PhilipsConsumer/AT800_16-A1P-global-001</Asset><Asset code="AT800_16" description="Product 3D" extension="zip" extent="103662415" lastModified="2018-10-31" locale="global" number="001" type="P3D">http://images.philips.com/is/image/PhilipsConsumer/AT800_16-P3D-global</Asset><Asset code="AT800_16" description="Product 360 video" extension="flv" extent="1344657" lastModified="2018-10-31" locale="global" number="001" type="P3F">http://images.philips.com/is/image/PhilipsConsumer/AT800_16-P3F-global-001</Asset><Asset code="AT800_16" description="Leaflet" extension="pdf" extent="469360" lastModified="2018-10-31" locale="global" number="001" type="PSS">http://download.p4c.philips.com/files/a/at800_16/at800_16_pss_.pdf</Asset><Asset code="AT800_16" description="Standard product photograph - highres 2196x1795" extension="tif" extent="2918716" lastModified="2018-10-31" locale="global" number="001" type="RTP">http://images.philips.com/is/image/PhilipsConsumer/AT800_16-RTP-global-001</Asset><Asset code="AT800_16" description="Single product shot" extension="" lastModified="2018-10-31" locale="zh_CN" number="" type="IMS">http://images.philips.com/is/image/PhilipsConsumer/AT800_16-IMS-zh_CN</Asset><Asset code="AT800_16" description="Product gallery image set" extension="" lastModified="2018-10-31" locale="zh_CN" number="" type="GAL">http://images.philips.com/is/image/PhilipsConsumer/AT800_16-GAL-zh_CN</Asset><Asset code="AT800_16" description="Product URL" extension="" lastModified="2018-10-31" locale="zh_CN" number="" type="URL">http://www.philips.com.cn/c-p/AT800_16/aquatouch-wet-and-dry-electric-shaver-with-aquatec-wet-dry-and-pop-up-trimmer</Asset><Asset code="F400055463" description="Feature photograph - highres 2100x1170" extension="tif" extent="3434172" lastModified="2018-10-31" locale="global" number="001" type="FIL">http://images.philips.com/is/image/PhilipsConsumer/F400055463-FIL-global-001</Asset><Asset code="F400055468" description="Feature photograph - highres 2100x1170" extension="tif" extent="351126" lastModified="2018-10-31" locale="global" number="001" type="FIL">http://images.philips.com/is/image/PhilipsConsumer/F400055468-FIL-global-001</Asset><Asset code="F400055470_AT800_16" description="Feature photograph - highres 2100x1170" extension="tif" extent="4809432" lastModified="2018-10-31" locale="global" number="001" type="FIL">http://images.philips.com/is/image/PhilipsConsumer/F400055470_AT800_16-FIL-global-001</Asset><Asset code="F400055471" description="Feature photograph - highres 2100x1170" extension="tif" extent="329026" lastModified="2018-10-31" locale="global" number="001" type="FIL">http://images.philips.com/is/image/PhilipsConsumer/F400055471-FIL-global-001</Asset><Asset code="F400055473_AT800_16" description="Feature photograph - highres 2100x1170" extension="tif" extent="2476132" lastModified="2018-10-31" locale="global" number="001" type="FIL">http://images.philips.com/is/image/PhilipsConsumer/F400055473_AT800_16-FIL-global-001</Asset><Asset code="F400055474" description="Feature photograph - highres 2100x1170" extension="tif" extent="2362562" lastModified="2018-10-31" locale="global" number="001" type="FIL">http://images.philips.com/is/image/PhilipsConsumer/F400055474-FIL-global-001</Asset><Asset code="F400056683" description="Feature photograph - highres 2100x1170" extension="tif" extent="2689712" lastModified="2018-10-31" locale="global" number="001" type="FIL">http://images.philips.com/is/image/PhilipsConsumer/F400056683-FIL-global-001</Asset><Asset code="PHI" description="Brand logo - highres 1476x886" extension="tif" extent="641666" lastModified="2018-10-31" locale="global" number="001" type="BRP">http://images.philips.com/is/image/PhilipsConsumer/PHI-BRP-global-001</Asset></Assets><ProductName>干湿两用电动剃须刀</ProductName><NamingString><MasterBrand><BrandCode>PHI</BrandCode><BrandName>Philips</BrandName></MasterBrand><BrandString>飞利浦</BrandString><Family><FamilyCode>SB40003504</FamilyCode><FamilyName>AquaTouch</FamilyName><FamilyNameUsed>1</FamilyNameUsed></Family><Descriptor><DescriptorCode>D4013822</DescriptorCode><DescriptorName>干湿两用电动剃须刀</DescriptorName></Descriptor><Alphanumeric>AT800/16</Alphanumeric><VersionElement1><VersionElementCode>V4026424</VersionElementCode><VersionElementName>舒适切剃刀片系统</VersionElementName></VersionElement1><VersionElement2><VersionElementCode>V4018159</VersionElementCode><VersionElementName>浮动刀头</VersionElementName></VersionElement2><VersionString>舒适切剃刀片系统 浮动刀头</VersionString><BrandedFeatureCode1>F400055463</BrandedFeatureCode1><BrandedFeatureCode2>F400055473</BrandedFeatureCode2><BrandedFeatureString>具有干湿双剃技术和弹出式修剪器</BrandedFeatureString><DescriptorBrandedFeatureString>干湿两用电动剃须刀（具有干湿双剃技术和弹出式修剪器）</DescriptorBrandedFeatureString></NamingString><WOW>湿剃，保护皮肤</WOW><MarketingTextHeader>现在就享受清新净爽的剃须吧，不用担心会损伤皮肤。飞利浦防水干湿双剃设计可确保舒适的干剃和清新净爽的湿剃。湿剃配合剃须泡沫使用，可增强皮肤舒适度。</MarketingTextHeader><KeyBenefitArea><KeyBenefitAreaCode>K4013672</KeyBenefitAreaCode><KeyBenefitAreaName>湿剃还可增强肌肤舒适度</KeyBenefitAreaName><KeyBenefitAreaRank>1</KeyBenefitAreaRank><Feature><FeatureCode>F400055463</FeatureCode><FeatureReferenceName>Aquatec wet &amp; dry(AquaTouch1)</FeatureReferenceName><FeatureName>干湿两用</FeatureName><FeatureLongDescription>干湿双剃技术：带给您清新的湿剃（使用泡沫）或轻松的干剃</FeatureLongDescription><FeatureGlossary>具有干湿双剃技术的剃须刀可高度防水。您可以在沐浴时使用您的剃须啫喱或泡沫，加倍呵护肌肤。您也可以方便地进行干剃。剃须完成后，只需弹出刀头，在水龙头下冲洗即可轻松清洁剃须刀。</FeatureGlossary><FeatureRank>1</FeatureRank><FeatureTopRank>1</FeatureTopRank></Feature></KeyBenefitArea><KeyBenefitArea><KeyBenefitAreaCode>K4012912</KeyBenefitAreaCode><KeyBenefitAreaName>剃须顺畅</KeyBenefitAreaName><KeyBenefitAreaRank>2</KeyBenefitAreaRank><Feature><FeatureCode>F400056683</FeatureCode><FeatureReferenceName>ComfortCut blades (AquaTouch)</FeatureReferenceName><FeatureName>舒适切剃刀片</FeatureName><FeatureLongDescription>舒适切剃刀片，在皮肤上轻柔滑动，获得贴面顺滑剃须体验</FeatureLongDescription><FeatureGlossary>ComfortCut 刀片采用弧边设计，可使刀片在皮肤上顺畅滑动，确保您始终获得贴面舒适的剃须体验。</FeatureGlossary><FeatureRank>1</FeatureRank><FeatureTopRank>9</FeatureTopRank></Feature></KeyBenefitArea><KeyBenefitArea><KeyBenefitAreaCode>K4012910</KeyBenefitAreaCode><KeyBenefitAreaName>保护您的皮肤</KeyBenefitAreaName><KeyBenefitAreaRank>3</KeyBenefitAreaRank><Feature><FeatureCode>F400055471</FeatureCode><FeatureReferenceName>Skin protection system(AquaTouch1)</FeatureReferenceName><FeatureName>皮肤保护系统</FeatureName><FeatureLongDescription>根据面部曲线实现须刀与面部无暇贴合</FeatureLongDescription><FeatureGlossary>圆形低摩擦保护刀头可顺应您的面部曲线，防止肌肤损伤。</FeatureGlossary><FeatureRank>1</FeatureRank><FeatureTopRank>6</FeatureTopRank></Feature></KeyBenefitArea><KeyBenefitArea><KeyBenefitAreaCode>K300000390</KeyBenefitAreaCode><KeyBenefitAreaName>操作简易</KeyBenefitAreaName><KeyBenefitAreaRank>4</KeyBenefitAreaRank><Feature><FeatureCode>F400055468</FeatureCode><FeatureReferenceName>50+ Shaving Minutes(AquaTouch1)</FeatureReferenceName><FeatureName>超过 50 分钟的剃须时间</FeatureName><FeatureLongDescription>充电 1 小时即可获得 50 分钟的剃须时间</FeatureLongDescription><FeatureGlossary>每次充电后，高效强劲的锂电池可提供多的剃须次数。充电 1 小时，便可获得 50 分钟剃须时间 - 约可剃须 17 次。充电 3 分钟，便可获得完成一次剃须所需的电量。</FeatureGlossary><FeatureRank>1</FeatureRank><FeatureTopRank>4</FeatureTopRank></Feature><Feature><FeatureCode>F400055470_AT800_16</FeatureCode><FeatureReferenceName>Fully waterproof(AquaTouch1)</FeatureReferenceName><FeatureName>全方位防水设计</FeatureName><FeatureLongDescription>配备 QuickRinse 系统的可水洗剃须刀</FeatureLongDescription><FeatureGlossary>配备 QuickRinse 系统，可在水龙头下清洗，也可在沐浴时使用。</FeatureGlossary><FeatureRank>2</FeatureRank><FeatureTopRank>5</FeatureTopRank></Feature><Feature><FeatureCode>F400055473_AT800_16</FeatureCode><FeatureReferenceName>Pop up trimmer(AquaTouch1)</FeatureReferenceName><FeatureName>弹出式修剪器</FeatureName><FeatureLongDescription>准确修剪鬓角和须髭</FeatureLongDescription><FeatureGlossary>用弹出式修剪器完成造型。适用于维护须髭和修剪鬓角。</FeatureGlossary><FeatureRank>3</FeatureRank><FeatureTopRank>7</FeatureTopRank></Feature><Feature><FeatureCode>F400055474</FeatureCode><FeatureReferenceName>Quick charge for 1 shave(AquaTouch1)</FeatureReferenceName><FeatureName>快速充电可满足一次剃须所需的电量</FeatureName><FeatureLongDescription>3 分钟快速充电可完成一次剃须</FeatureLongDescription><FeatureGlossary>3 分钟快速充电提供的电量足够完成一次剃须，因此，即使电池电量耗尽时，您也能够实现快速剃须</FeatureGlossary><FeatureRank>4</FeatureRank><FeatureTopRank>8</FeatureTopRank></Feature></KeyBenefitArea><FeatureImage><FeatureCode>F400055463</FeatureCode><FeatureReferenceName>Aquatec wet &amp; dry(AquaTouch1)</FeatureReferenceName><FeatureImageRank>1</FeatureImageRank></FeatureImage><FeatureImage><FeatureCode>F400055468</FeatureCode><FeatureReferenceName>50+ Shaving Minutes(AquaTouch1)</FeatureReferenceName><FeatureImageRank>4</FeatureImageRank></FeatureImage><FeatureImage><FeatureCode>F400055470_AT800_16</FeatureCode><FeatureReferenceName>Fully waterproof(AquaTouch1)</FeatureReferenceName><FeatureImageRank>5</FeatureImageRank></FeatureImage><FeatureImage><FeatureCode>F400055471</FeatureCode><FeatureReferenceName>Skin protection system(AquaTouch1)</FeatureReferenceName><FeatureImageRank>6</FeatureImageRank></FeatureImage><FeatureImage><FeatureCode>F400055473_AT800_16</FeatureCode><FeatureReferenceName>Pop up trimmer(AquaTouch1)</FeatureReferenceName><FeatureImageRank>7</FeatureImageRank></FeatureImage><FeatureImage><FeatureCode>F400055474</FeatureCode><FeatureReferenceName>Quick charge for 1 shave(AquaTouch1)</FeatureReferenceName><FeatureImageRank>8</FeatureImageRank></FeatureImage><FeatureImage><FeatureCode>F400056683</FeatureCode><FeatureReferenceName>ComfortCut blades (AquaTouch)</FeatureReferenceName><FeatureImageRank>9</FeatureImageRank></FeatureImage><FeatureHighlight><FeatureCode>F400055463</FeatureCode><FeatureReferenceName>Aquatec wet &amp; dry(AquaTouch1)</FeatureReferenceName><FeatureHighlightRank>1</FeatureHighlightRank></FeatureHighlight><FeatureHighlight><FeatureCode>F400055468</FeatureCode><FeatureReferenceName>50+ Shaving Minutes(AquaTouch1)</FeatureReferenceName><FeatureHighlightRank>4</FeatureHighlightRank></FeatureHighlight><FeatureHighlight><FeatureCode>F400055470_AT800_16</FeatureCode><FeatureReferenceName>Fully waterproof(AquaTouch1)</FeatureReferenceName><FeatureHighlightRank>5</FeatureHighlightRank></FeatureHighlight><FeatureHighlight><FeatureCode>F400055471</FeatureCode><FeatureReferenceName>Skin protection system(AquaTouch1)</FeatureReferenceName><FeatureHighlightRank>6</FeatureHighlightRank></FeatureHighlight><FeatureHighlight><FeatureCode>F400055473_AT800_16</FeatureCode><FeatureReferenceName>Pop up trimmer(AquaTouch1)</FeatureReferenceName><FeatureHighlightRank>7</FeatureHighlightRank></FeatureHighlight><FeatureHighlight><FeatureCode>F400055474</FeatureCode><FeatureReferenceName>Quick charge for 1 shave(AquaTouch1)</FeatureReferenceName><FeatureHighlightRank>8</FeatureHighlightRank></FeatureHighlight><FeatureHighlight><FeatureCode>F400056683</FeatureCode><FeatureReferenceName>ComfortCut blades (AquaTouch)</FeatureReferenceName><FeatureHighlightRank>9</FeatureHighlightRank></FeatureHighlight><CSChapter><CSChapterCode>CH4001523</CSChapterCode><CSChapterName>剃须性能</CSChapterName><CSChapterRank>1</CSChapterRank><CSItem><CSItemCode>IT4007976</CSItemCode><CSItemName>剃须系统</CSItemName><CSItemRank>1</CSItemRank><CSItemIsFreeFormat>0</CSItemIsFreeFormat><CSValue><CSValueCode>VA4059073</CSValueCode><CSValueName>舒适切剃刀片系统</CSValueName><CSValueRank>2</CSValueRank></CSValue></CSItem><CSItem><CSItemCode>IT4007977</CSItemCode><CSItemName>智能贴合</CSItemName><CSItemRank>2</CSItemRank><CSItemIsFreeFormat>0</CSItemIsFreeFormat><CSValue><CSValueCode>VA4064620</CSValueCode><CSValueName>动态轮廓响应</CSValueName><CSValueRank>1</CSValueRank></CSValue></CSItem><CSItem><CSItemCode>IT4007978</CSItemCode><CSItemName>肌肤舒适</CSItemName><CSItemRank>3</CSItemRank><CSItemIsFreeFormat>0</CSItemIsFreeFormat><CSValue><CSValueCode>VA4033823</CSValueCode><CSValueName>皮肤保护系统</CSValueName><CSValueRank>1</CSValueRank></CSValue><CSValue><CSValueCode>VA4081202</CSValueCode><CSValueName>干湿两用</CSValueName><CSValueRank>1</CSValueRank></CSValue></CSItem><CSItem><CSItemCode>IT4007979</CSItemCode><CSItemName>胡须造型</CSItemName><CSItemRank>4</CSItemRank><CSItemIsFreeFormat>0</CSItemIsFreeFormat><CSValue><CSValueCode>VA4030127</CSValueCode><CSValueName>集成弹出式修剪器</CSValueName><CSValueRank>1</CSValueRank></CSValue></CSItem></CSChapter><CSChapter><CSChapterCode>3000815</CSChapterCode><CSChapterName>附件</CSChapterName><CSChapterRank>2</CSChapterRank><CSItem><CSItemCode>IT4007992</CSItemCode><CSItemName>维护</CSItemName><CSItemRank>1</CSItemRank><CSItemIsFreeFormat>0</CSItemIsFreeFormat><CSValue><CSValueCode>VA4019995</CSValueCode><CSValueName>清洁刷</CSValueName><CSValueRank>1</CSValueRank></CSValue><CSValue><CSValueCode>VA4019996</CSValueCode><CSValueName>保护盖</CSValueName><CSValueRank>2</CSValueRank></CSValue><CSValue><CSValueCode>VA4066321</CSValueCode><CSValueName>充电底座</CSValueName><CSValueRank>3</CSValueRank></CSValue></CSItem></CSChapter><CSChapter><CSChapterCode>CH4001524</CSChapterCode><CSChapterName>操作简易</CSChapterName><CSChapterRank>3</CSChapterRank><CSItem><CSItemCode>IT4007983</CSItemCode><CSItemName>干湿两用</CSItemName><CSItemRank>1</CSItemRank><CSItemIsFreeFormat>0</CSItemIsFreeFormat><CSValue><CSValueCode>VA4064611</CSValueCode><CSValueName>Y</CSValueName><CSValueRank>1</CSValueRank></CSValue></CSItem><CSItem><CSItemCode>IT4007980</CSItemCode><CSItemName>显示屏</CSItemName><CSItemRank>2</CSItemRank><CSItemIsFreeFormat>0</CSItemIsFreeFormat><CSValue><CSValueCode>VA4064603</CSValueCode><CSValueName>1 个 LED 指示灯</CSValueName><CSValueRank>1</CSValueRank></CSValue><CSValue><CSValueCode>VA4019959</CSValueCode><CSValueName>电池电量充足指示灯</CSValueName><CSValueRank>2</CSValueRank></CSValue><CSValue><CSValueCode>VA4019961</CSValueCode><CSValueName>电池电量不足指示灯</CSValueName><CSValueRank>3</CSValueRank></CSValue><CSValue><CSValueCode>VA4020566</CSValueCode><CSValueName>充电显示灯</CSValueName><CSValueRank>4</CSValueRank></CSValue></CSItem><CSItem><CSItemCode>IT4027494</CSItemCode><CSItemName>工作中</CSItemName><CSItemRank>3</CSItemRank><CSItemIsFreeFormat>0</CSItemIsFreeFormat><CSValue><CSValueCode>VA4064594</CSValueCode><CSValueName>无线使用</CSValueName><CSValueRank>1</CSValueRank></CSValue></CSItem><CSItem><CSItemCode>IT4007985</CSItemCode><CSItemName>清洁</CSItemName><CSItemRank>4</CSItemRank><CSItemIsFreeFormat>0</CSItemIsFreeFormat><CSValue><CSValueCode>VA4033821</CSValueCode><CSValueName>全方位防水设计</CSValueName><CSValueRank>1</CSValueRank></CSValue></CSItem></CSChapter><CSChapter><CSChapterCode>3001096</CSChapterCode><CSChapterName>设计</CSChapterName><CSChapterRank>4</CSChapterRank><CSItem><CSItemCode>IT4008709</CSItemCode><CSItemName>手柄</CSItemName><CSItemRank>1</CSItemRank><CSItemIsFreeFormat>0</CSItemIsFreeFormat><CSValue><CSValueCode>VA4064587</CSValueCode><CSValueName>人体工程学易握手柄</CSValueName><CSValueRank>1</CSValueRank></CSValue><CSValue><CSValueCode>VA4030648</CSValueCode><CSValueName>橡胶手柄</CSValueName><CSValueRank>2</CSValueRank></CSValue></CSItem></CSChapter><CSChapter><CSChapterCode>3000821</CSChapterCode><CSChapterName>功率</CSChapterName><CSChapterRank>5</CSChapterRank><CSItem><CSItemCode>IT4015298</CSItemCode><CSItemName>使用时间</CSItemName><CSItemRank>1</CSItemRank><CSItemIsFreeFormat>0</CSItemIsFreeFormat><CSValue><CSValueCode>VA4084225</CSValueCode><CSValueName>50 分钟</CSValueName><CSValueRank>1</CSValueRank></CSValue></CSItem><CSItem><CSItemCode>IT4032891</CSItemCode><CSItemName>充电</CSItemName><CSItemRank>2</CSItemRank><CSItemIsFreeFormat>0</CSItemIsFreeFormat><CSValue><CSValueCode>VA4076701</CSValueCode><CSValueName>充电式设计</CSValueName><CSValueRank>1</CSValueRank></CSValue><CSValue><CSValueCode>VA4077304</CSValueCode><CSValueName>1 小时充满电</CSValueName><CSValueRank>2</CSValueRank></CSValue><CSValue><CSValueCode>VA4076703</CSValueCode><CSValueName>快速充电可满足一次剃须所需的电量</CSValueName><CSValueRank>3</CSValueRank></CSValue></CSItem><CSItem><CSItemCode>IT4015297</CSItemCode><CSItemName>自动电压</CSItemName><CSItemRank>3</CSItemRank><CSItemIsFreeFormat>0</CSItemIsFreeFormat><CSValue><CSValueCode>VA4030670</CSValueCode><CSValueName>100-240 伏</CSValueName><CSValueRank>1</CSValueRank></CSValue></CSItem><CSItem><CSItemCode>IT4027497</CSItemCode><CSItemName>最大功耗</CSItemName><CSItemRank>4</CSItemRank><CSItemIsFreeFormat>0</CSItemIsFreeFormat><CSValue><CSValueCode>VA4064612</CSValueCode><CSValueName>5.4</CSValueName><CSValueRank>1</CSValueRank></CSValue><UnitOfMeasure><UnitOfMeasureCode>3000072</UnitOfMeasureCode><UnitOfMeasureName>瓦特</UnitOfMeasureName><UnitOfMeasureSymbol>瓦</UnitOfMeasureSymbol></UnitOfMeasure></CSItem><CSItem><CSItemCode>IT4009439</CSItemCode><CSItemName>待机功耗</CSItemName><CSItemRank>5</CSItemRank><CSItemIsFreeFormat>0</CSItemIsFreeFormat><CSValue><CSValueCode>VA4033102</CSValueCode><CSValueName>&lt; 0.25</CSValueName><CSValueRank>1</CSValueRank></CSValue><UnitOfMeasure><UnitOfMeasureCode>3000072</UnitOfMeasureCode><UnitOfMeasureName>瓦特</UnitOfMeasureName><UnitOfMeasureSymbol>瓦</UnitOfMeasureSymbol></UnitOfMeasure></CSItem></CSChapter><CSChapter><CSChapterCode>CHA_0000049</CSChapterCode><CSChapterName>服务</CSChapterName><CSChapterRank>6</CSChapterRank><CSItem><CSItemCode>IT4002813</CSItemCode><CSItemName>2 年保修</CSItemName><CSItemRank>1</CSItemRank><CSItemIsFreeFormat>0</CSItemIsFreeFormat><CSValue><CSValueCode>VA4011021</CSValueCode><CSValueName>Y</CSValueName><CSValueRank>1</CSValueRank></CSValue></CSItem><CSItem><CSItemCode>IT4015371</CSItemCode><CSItemName>替换刀头</CSItemName><CSItemRank>1</CSItemRank><CSItemIsFreeFormat>0</CSItemIsFreeFormat><CSValue><CSValueCode>VA4100579</CSValueCode><CSValueName>HQ8 已由 SH50 替代</CSValueName><CSValueRank>1</CSValueRank></CSValue></CSItem><CSItem><CSItemCode>IT4027499</CSItemCode><CSItemName>替换刀头</CSItemName><CSItemRank>2</CSItemRank><CSItemIsFreeFormat>0</CSItemIsFreeFormat><CSValue><CSValueCode>VA4064615</CSValueCode><CSValueName>每 2 年更换一次 HQ8 剃须刀头</CSValueName><CSValueRank>1</CSValueRank></CSValue></CSItem></CSChapter><Filters><Purpose type="Comparison"><Features><Feature code="F400055463" rank="1" referenceName="Aquatec wet &amp; dry(AquaTouch1)"/><Feature code="F400055468" rank="4" referenceName="50+ Shaving Minutes(AquaTouch1)"/><Feature code="F400055470_AT800_16" rank="5" referenceName="Fully waterproof(AquaTouch1)"/><Feature code="F400055471" rank="6" referenceName="Skin protection system(AquaTouch1)"/><Feature code="F400055473_AT800_16" rank="7" referenceName="Pop up trimmer(AquaTouch1)"/><Feature code="F400055474" rank="8" referenceName="Quick charge for 1 shave(AquaTouch1)"/><Feature code="F400056683" rank="9" referenceName="ComfortCut blades (AquaTouch)"/></Features><CSItems><CSItem code="IT4002813" rank="1" referenceName="Service - 2-year guarantee"/><CSItem code="IT4007976" rank="1" referenceName="Shaving Performance - Shaving system"/><CSItem code="IT4007983" rank="1" referenceName="Ease of use - Wet &amp; Dry"/><CSItem code="IT4007992" rank="1" referenceName="Accessories - Maintenance"/><CSItem code="IT4008709" rank="1" referenceName="Design - Handle"/><CSItem code="IT4015298" rank="1" referenceName="Power - Run time"/><CSItem code="IT4015371" rank="1" referenceName="Service - Replacement head"/><CSItem code="IT4007977" rank="2" referenceName="Shaving Performance - Contour following"/><CSItem code="IT4007980" rank="2" referenceName="Ease of use - Display"/><CSItem code="IT4027499" rank="2" referenceName="Service - Replacement heads"/><CSItem code="IT4032891" rank="2" referenceName="Power - Charging"/><CSItem code="IT4007978" rank="3" referenceName="Shaving Performance - Skin comfort"/><CSItem code="IT4015297" rank="3" referenceName="Power - Automatic voltage"/><CSItem code="IT4027494" rank="3" referenceName="Ease of use - Operation"/><CSItem code="IT4007979" rank="4" referenceName="Shaving Performance - Styling"/><CSItem code="IT4007985" rank="4" referenceName="Ease of use - Cleaning"/><CSItem code="IT4027497" rank="4" referenceName="Power - Maximum power consumption"/><CSItem code="IT4009439" rank="5" referenceName="Power - Stand-by power"/></CSItems></Purpose><Purpose type="Detail"><Features><Feature code="F400055463" rank="1" referenceName="Aquatec wet &amp; dry(AquaTouch1)"/><Feature code="F400055468" rank="4" referenceName="50+ Shaving Minutes(AquaTouch1)"/><Feature code="F400055470_AT800_16" rank="5" referenceName="Fully waterproof(AquaTouch1)"/><Feature code="F400055471" rank="6" referenceName="Skin protection system(AquaTouch1)"/><Feature code="F400055473_AT800_16" rank="7" referenceName="Pop up trimmer(AquaTouch1)"/><Feature code="F400055474" rank="8" referenceName="Quick charge for 1 shave(AquaTouch1)"/><Feature code="F400056683" rank="9" referenceName="ComfortCut blades (AquaTouch)"/></Features><CSItems><CSItem code="IT4002813" rank="1" referenceName="Service - 2-year guarantee"/><CSItem code="IT4007976" rank="1" referenceName="Shaving Performance - Shaving system"/><CSItem code="IT4007983" rank="1" referenceName="Ease of use - Wet &amp; Dry"/><CSItem code="IT4007992" rank="1" referenceName="Accessories - Maintenance"/><CSItem code="IT4008709" rank="1" referenceName="Design - Handle"/><CSItem code="IT4015298" rank="1" referenceName="Power - Run time"/><CSItem code="IT4015371" rank="1" referenceName="Service - Replacement head"/><CSItem code="IT4007977" rank="2" referenceName="Shaving Performance - Contour following"/><CSItem code="IT4007980" rank="2" referenceName="Ease of use - Display"/><CSItem code="IT4027499" rank="2" referenceName="Service - Replacement heads"/><CSItem code="IT4032891" rank="2" referenceName="Power - Charging"/><CSItem code="IT4007978" rank="3" referenceName="Shaving Performance - Skin comfort"/><CSItem code="IT4015297" rank="3" referenceName="Power - Automatic voltage"/><CSItem code="IT4027494" rank="3" referenceName="Ease of use - Operation"/><CSItem code="IT4007979" rank="4" referenceName="Shaving Performance - Styling"/><CSItem code="IT4007985" rank="4" referenceName="Ease of use - Cleaning"/><CSItem code="IT4027497" rank="4" referenceName="Power - Maximum power consumption"/><CSItem code="IT4009439" rank="5" referenceName="Power - Stand-by power"/></CSItems></Purpose></Filters><FeatureCompareGroups/><Disclaimers/><KeyValuePairs><KeyValuePair><Key>FdaFlag</Key><Value>false</Value><Type>String</Type></KeyValuePair><KeyValuePair><Key>GrantGroup</Key><Value>PHILIPS</Value><Type>String</Type></KeyValuePair><KeyValuePair><Key>IT4018831</Key><Value>VA4042138</Value><Type>String</Type></KeyValuePair><KeyValuePair><Key>IT4018832</Key><Value>VA4042142</Value><Type>String</Type></KeyValuePair><KeyValuePair><Key>IT4018833</Key><Value>VA4042145</Value><Type>String</Type></KeyValuePair><KeyValuePair><Key>IT4018834</Key><Value>VA4042150</Value><Type>String</Type></KeyValuePair><KeyValuePair><Key>IT4018835</Key><Value>VA4042155</Value><Type>String</Type></KeyValuePair><KeyValuePair><Key>IT4018836</Key><Value>VA4042157</Value><Type>String</Type></KeyValuePair><KeyValuePair><Key>IT4018837</Key><Value>VA4042161</Value><Type>String</Type></KeyValuePair><KeyValuePair><Key>IT4030251</Key><Value>VA4069223</Value><Type>String</Type></KeyValuePair></KeyValuePairs><ProductClusters/><ProductRefs><ProductReference ProductReferenceType="Accessory"><CTN>CRP338/01</CTN><CTN>HQ110/01</CTN><CTN>HQ110/02</CTN><CTN>HQ110/42</CTN><CTN>HQ8/50</CTN><CTN>HQ8/51</CTN><CTN>HQ8/52</CTN><CTN>HQ8/53</CTN><CTN>SH50/50</CTN><CTN>SH50/51</CTN><CTN>SH50/52</CTN><CTN>SH50/53</CTN></ProductReference></ProductRefs><RichTexts/><GreenData><GreenAwards/><EnergyLabel/></GreenData></Product></Products>