<?xml version="1.0" encoding="UTF-8"?><Products xmlns:source="http://apache.org/cocoon/source/1.0" DocStatus="approved" DocTimeStamp="2018-10-31T11:35:06" DocType="PMT" DocVersion="xUCDM_product_external_CQ5_1_1_25"><Product Country="CN" IsAccessory="false" IsMaster="false" Locale="zh_CN" lastModified="2018-10-31T04:39:04" masterLastModified="2017-05-27T00:00:09"><CTN>12342WHVSM</CTN><Code12NC>924837040601</Code12NC><GTIN>8711500788863</GTIN><MarketingVersion>4.4.1</MarketingVersion><MarketingStatus>Final Published</MarketingStatus><CRDate>2014-08-29</CRDate><CRDateYW>201435</CRDateYW><ModelYears/><ProductDivision><ProductDivisionCode>0100</ProductDivisionCode><ProductDivisionName>Lighting</ProductDivisionName><FormerPDCode>0100</FormerPDCode></ProductDivision><ProductOwner>Marilyne Denis</ProductOwner><DTN>12342WHVSM</DTN><Assets><Asset code="12342WHVSM" description="Leaflet" extension="pdf" extent="433115" lastModified="2018-10-31" locale="zh_CN" number="001" type="PSS">http://download.p4c.philips.com/files/1/12342whvsm/12342whvsm_pss_zhscn.pdf</Asset><Asset code="12342WHVSM" description="Retail Trade Leaflet" extension="pdf" extent="308744" lastModified="2018-10-31" locale="zh_CN" number="001" type="RTL">http://download.p4c.philips.com/files/1/12342whvsm/12342whvsm_rtl_zhscn.pdf</Asset><Asset code="12342WHVSM" description="Standard product photograph - highres 2196x1795" extension="tif" extent="4745588" lastModified="2018-10-31" locale="zh_CN" number="001" type="RTP">http://images.philips.com/is/image/PhilipsConsumer/12342WHVSM-RTP-zh_CN-001</Asset><Asset code="12342WHVSM" description="Alternative product photograph 5 - highres 2196x1795" extension="tif" extent="913504" lastModified="2018-10-31" locale="global" number="001" type="A5P">http://images.philips.com/is/image/PhilipsConsumer/12342WHVSM-A5P-global-001</Asset><Asset code="12342WHVSM" description="Alternative product photograph - highres 2196x1795" extension="tif" extent="945534" lastModified="2018-10-31" locale="global" number="001" type="APP">http://images.philips.com/is/image/PhilipsConsumer/12342WHVSM-APP-global-001</Asset><Asset code="12342WHVSM" description="Main in-use photograph - highres 2480x1462" extension="tif" extent="4565332" lastModified="2018-10-31" locale="global" number="001" type="MI1">http://images.philips.com/is/image/PhilipsConsumer/12342WHVSM-MI1-global-001</Asset><Asset code="12342WHVSM" description="Packaging photograph - highres 1447x756" extension="tif" extent="2639272" lastModified="2018-10-31" locale="global" number="001" type="PID">http://images.philips.com/is/image/PhilipsConsumer/12342WHVSM-PID-global-001</Asset><Asset code="12342WHVSM" description="Leaflet" extension="pdf" extent="356950" lastModified="2018-10-31" locale="global" number="001" type="PSS">http://download.p4c.philips.com/files/1/12342whvsm/12342whvsm_pss_.pdf</Asset><Asset code="12342WHVSM" description="Product In Use 1 - highres 2196x1795" extension="tif" extent="5378568" lastModified="2018-10-31" locale="global" number="001" type="U1P">http://images.philips.com/is/image/PhilipsConsumer/12342WHVSM-U1P-global-001</Asset><Asset code="12342WHVSM" description="Product In Use 2 - highres 2196x1795" extension="tif" extent="5966252" lastModified="2018-10-31" locale="global" number="001" type="U2P">http://images.philips.com/is/image/PhilipsConsumer/12342WHVSM-U2P-global-001</Asset><Asset code="12342WHVSM" description="Product In Use 3 - highres 2196x1795" extension="tif" extent="7344414" lastModified="2018-10-31" locale="global" number="001" type="U3P">http://images.philips.com/is/image/PhilipsConsumer/12342WHVSM-U3P-global-001</Asset><Asset code="12342WHVSM" description="Single product shot" extension="" lastModified="2018-10-31" locale="zh_CN" number="" type="IMS">http://images.philips.com/is/image/PhilipsConsumer/12342WHVSM-IMS-zh_CN</Asset><Asset code="12342WHVSM" description="Product gallery image set" extension="" lastModified="2018-10-31" locale="zh_CN" number="" type="GAL">http://images.philips.com/is/image/PhilipsConsumer/12342WHVSM-GAL-zh_CN</Asset><Asset code="12342WHVSM" description="Product URL" extension="" lastModified="2018-10-31" locale="zh_CN" number="" type="URL">http://www.philips.com.cn/c-p/12342WHVSM/whitevision-car-headlight-bulb</Asset><Asset code="F400067792" description="Feature photograph - highres 2100x1170" extension="tif" extent="1272586" lastModified="2018-10-31" locale="global" number="001" type="FIL">http://images.philips.com/is/image/PhilipsConsumer/F400067792-FIL-global-001</Asset><Asset code="PHI" description="Brand logo - highres 1476x886" extension="tif" extent="641666" lastModified="2018-10-31" locale="global" number="001" type="BRP">http://images.philips.com/is/image/PhilipsConsumer/PHI-BRP-global-001</Asset></Assets><ProductName>灯泡类型：H4 每包 4 个 汽车车头灯灯泡</ProductName><NamingString><MasterBrand><BrandCode>PHI</BrandCode><BrandName>Philips</BrandName></MasterBrand><BrandString>飞利浦</BrandString><Family><FamilyCode>SB40004724</FamilyCode><FamilyName>WhiteVision</FamilyName><FamilyNameUsed>1</FamilyNameUsed></Family><Descriptor><DescriptorCode>D4021102</DescriptorCode><DescriptorName>汽车车头灯灯泡</DescriptorName></Descriptor><Alphanumeric>12342WHVSM</Alphanumeric><VersionElement1><VersionElementCode>V4044084</VersionElementCode><VersionElementName>灯泡类型：H4</VersionElementName></VersionElement1><VersionElement2><VersionElementCode>V4043917</VersionElementCode><VersionElementName>每包 4 个</VersionElementName></VersionElement2><VersionElement3><VersionElementCode>V4043919</VersionElementCode><VersionElementName>12 伏，60/55 瓦</VersionElementName></VersionElement3><VersionElement4><VersionElementCode>V4044646</VersionElementCode><VersionElementName>提供 w5w 示廓灯</VersionElementName></VersionElement4><VersionString>灯泡类型：H4 每包 4 个，12 伏，60/55 瓦，提供 w5w 示廓灯</VersionString><BrandedFeatureString/><DescriptorBrandedFeatureString>汽车车头灯灯泡</DescriptorBrandedFeatureString></NamingString><WOW>安全从未如此引人瞩目</WOW><SubWOW>明亮的氙气白光效果</SubWOW><MarketingTextHeader>飞利浦亮白光系列灯泡为汽车车头灯增添了明亮的氙气白光效果，带来优越的驾驶体验。亮度显著提高的白光令白光系列成为时尚和安全的完美组合。</MarketingTextHeader><KeyBenefitArea><KeyBenefitAreaCode>K4029046</KeyBenefitAreaCode><KeyBenefitAreaName>优良可视度，优质光效</KeyBenefitAreaName><KeyBenefitAreaRank>1</KeyBenefitAreaRank><Feature><FeatureCode>F400068308</FeatureCode><FeatureReferenceName>A premium driving experience</FeatureReferenceName><FeatureName>独特驾驶体验</FeatureName><FeatureLongDescription>明亮的氙气白光效果，带来独特的夜间驾驶体验</FeatureLongDescription><FeatureGlossary>飞利浦亮白光系列车头灯性能优于市场上的任何蓝光车灯，是希望时尚驾车，而又不想影响安全性的驾驶员的正确选择。亮白光系列具有高色温和时尚的白色灯帽，是车头灯的进一步升级。飞利浦第 3 代涂层技术是逐步发展而成的杰作，它使亮白光系列成为领先发出真正白光的车头灯。</FeatureGlossary><FeatureRank>1</FeatureRank><FeatureTopRank>1</FeatureTopRank></Feature><Feature><FeatureCode>F400083261</FeatureCode><FeatureReferenceName>Crisp white beam-WV</FeatureReferenceName><FeatureName>通透的白光束</FeatureName><FeatureLongDescription>通透光束，高强度白光</FeatureLongDescription><FeatureGlossary>飞利浦亮白光系列车头灯可射出高达 3700 K 的白光，通透的白光光束照亮前方道路，瞬间消除黑暗。优质的光束带来优质的驾车体验。</FeatureGlossary><FeatureRank>2</FeatureRank><FeatureTopRank>5</FeatureTopRank></Feature><Feature><FeatureCode>F400083173</FeatureCode><FeatureReferenceName>Up to 60% more vision-light</FeatureReferenceName><FeatureName>视野增加 60%</FeatureName><FeatureLongDescription>视野增加达 60%，尽可能提高清晰度</FeatureLongDescription><FeatureGlossary>光线输出增加 60%，可让其他行人更清晰地看到您。让您有更多时间对潜在危险作出反应，从而增强安全性。</FeatureGlossary><FeatureRank>4</FeatureRank><FeatureTopRank>8</FeatureTopRank></Feature><Feature><FeatureCode>F400083172</FeatureCode><FeatureReferenceName>White Xenon effect-color</FeatureReferenceName><FeatureName>氙气白光效果</FeatureName><FeatureLongDescription>氙气白光效果与高端外观匹配</FeatureLongDescription><FeatureGlossary>WhiteVision 随附两个颜色匹配的 w5w 示廓灯，让您的爱车拥有高端车型的优质外观。</FeatureGlossary><FeatureRank>3</FeatureRank><FeatureTopRank>9</FeatureTopRank></Feature></KeyBenefitArea><KeyBenefitArea><KeyBenefitAreaCode>K4029047</KeyBenefitAreaCode><KeyBenefitAreaName>极致白光，对比度更高</KeyBenefitAreaName><KeyBenefitAreaRank>2</KeyBenefitAreaRank><Feature><FeatureCode>F400083175</FeatureCode><FeatureReferenceName>Greater contrast, safer drive-3700K</FeatureReferenceName><FeatureName>更高的对比度，更安全的驾驶</FeatureName><FeatureLongDescription>对比度提高，可见性提高，驾驶安全性提高</FeatureLongDescription><FeatureGlossary>色温达到 3700 K 的超亮白光意味着车头灯可更好地照亮道路标记和标志。白光让您在夜间也能保持警醒，这样您就可以享受更舒适的夜间驾驶体验。</FeatureGlossary><FeatureRank>1</FeatureRank><FeatureTopRank>6</FeatureTopRank></Feature></KeyBenefitArea><KeyBenefitArea><KeyBenefitAreaCode>K4033854</KeyBenefitAreaCode><KeyBenefitAreaName>原装设备，100% 符合道路法规要求</KeyBenefitAreaName><KeyBenefitAreaRank>3</KeyBenefitAreaRank><Feature><FeatureCode>F400068694</FeatureCode><FeatureReferenceName>100% road legal- singaling WHV</FeatureReferenceName><FeatureName>100% 符合道路法规要求</FeatureName><FeatureLongDescription>100% 符合道路法规要求，100% 高强度白光</FeatureLongDescription><FeatureGlossary>亮白光系列是首款经 ECE 认证，并符合道路法规要求的明亮白光型车灯。该产品可通过照亮汽车前方为您提供最佳可视度，确保驾驶安全。</FeatureGlossary><FeatureRank>1</FeatureRank><FeatureTopRank>2</FeatureTopRank></Feature><Feature><FeatureCode>F400083176</FeatureCode><FeatureReferenceName>Best-in-class lifetime-extend</FeatureReferenceName><FeatureName>最佳使用寿命</FeatureName><FeatureLongDescription>优秀使用寿命，延长驾驶乐趣</FeatureLongDescription><FeatureGlossary>飞利浦亮白光系列车头灯（提供 H1、H3、H4、H7、HB3）经久耐用。它们为您提供 450 小时长久可靠的照明功效。与竞争对手提供的产品相比，使用寿命显著增长。这样可令更换更少，更省钱。（*在 13.2 伏标准电压下测试的 H4 和 H7）</FeatureGlossary><FeatureRank>2</FeatureRank><FeatureTopRank>3</FeatureTopRank></Feature><Feature><FeatureCode>F400067792</FeatureCode><FeatureReferenceName>Car manufacturers' choice - std</FeatureReferenceName><FeatureName>汽车制造商的选择</FeatureName><FeatureLongDescription>飞利浦是主要汽车制造商的选择</FeatureLongDescription><FeatureGlossary>近100年来，飞利浦的技术创新一直引领汽车照明市场，推动行业技术的不断变革与发展。目前，欧洲每两辆汽车、全球每三辆汽车中就有一辆采用飞利浦汽车照明解决方案。</FeatureGlossary><FeatureRank>4</FeatureRank><FeatureTopRank>4</FeatureTopRank></Feature><Feature><FeatureCode>F400068559</FeatureCode><FeatureReferenceName>High quality, high resistance</FeatureReferenceName><FeatureName>高品质，高耐用性</FeatureName><FeatureLongDescription>飞利浦汽车灯具有高耐用性</FeatureLongDescription><FeatureGlossary>紫外线石英玻璃强于硬质玻璃，高度耐受极限温度且高度抗震，消除了爆裂的风险。飞利浦紫外线石英玻璃汽车灯可承受的灯内压力更大，从而产生更强的光照，并延长使用寿命。</FeatureGlossary><FeatureRank>3</FeatureRank><FeatureTopRank>7</FeatureTopRank></Feature></KeyBenefitArea><FeatureImage><FeatureCode>F400068308</FeatureCode><FeatureReferenceName>A premium driving experience</FeatureReferenceName><FeatureImageRank>1</FeatureImageRank></FeatureImage><FeatureImage><FeatureCode>F400068694</FeatureCode><FeatureReferenceName>100% road legal- singaling WHV</FeatureReferenceName><FeatureImageRank>2</FeatureImageRank></FeatureImage><FeatureImage><FeatureCode>F400083176</FeatureCode><FeatureReferenceName>Best-in-class lifetime-extend</FeatureReferenceName><FeatureImageRank>3</FeatureImageRank></FeatureImage><FeatureImage><FeatureCode>F400067792</FeatureCode><FeatureReferenceName>Car manufacturers' choice - std</FeatureReferenceName><FeatureImageRank>4</FeatureImageRank></FeatureImage><FeatureImage><FeatureCode>F400083261</FeatureCode><FeatureReferenceName>Crisp white beam-WV</FeatureReferenceName><FeatureImageRank>5</FeatureImageRank></FeatureImage><FeatureImage><FeatureCode>F400083175</FeatureCode><FeatureReferenceName>Greater contrast, safer drive-3700K</FeatureReferenceName><FeatureImageRank>6</FeatureImageRank></FeatureImage><FeatureImage><FeatureCode>F400068559</FeatureCode><FeatureReferenceName>High quality, high resistance</FeatureReferenceName><FeatureImageRank>7</FeatureImageRank></FeatureImage><FeatureImage><FeatureCode>F400083173</FeatureCode><FeatureReferenceName>Up to 60% more vision-light</FeatureReferenceName><FeatureImageRank>8</FeatureImageRank></FeatureImage><FeatureImage><FeatureCode>F400083172</FeatureCode><FeatureReferenceName>White Xenon effect-color</FeatureReferenceName><FeatureImageRank>9</FeatureImageRank></FeatureImage><FeatureHighlight><FeatureCode>F400068308</FeatureCode><FeatureReferenceName>A premium driving experience</FeatureReferenceName><FeatureHighlightRank>1</FeatureHighlightRank></FeatureHighlight><FeatureHighlight><FeatureCode>F400068694</FeatureCode><FeatureReferenceName>100% road legal- singaling WHV</FeatureReferenceName><FeatureHighlightRank>2</FeatureHighlightRank></FeatureHighlight><FeatureHighlight><FeatureCode>F400083176</FeatureCode><FeatureReferenceName>Best-in-class lifetime-extend</FeatureReferenceName><FeatureHighlightRank>3</FeatureHighlightRank></FeatureHighlight><FeatureHighlight><FeatureCode>F400067792</FeatureCode><FeatureReferenceName>Car manufacturers' choice - std</FeatureReferenceName><FeatureHighlightRank>4</FeatureHighlightRank></FeatureHighlight><FeatureHighlight><FeatureCode>F400083261</FeatureCode><FeatureReferenceName>Crisp white beam-WV</FeatureReferenceName><FeatureHighlightRank>5</FeatureHighlightRank></FeatureHighlight><FeatureHighlight><FeatureCode>F400083175</FeatureCode><FeatureReferenceName>Greater contrast, safer drive-3700K</FeatureReferenceName><FeatureHighlightRank>6</FeatureHighlightRank></FeatureHighlight><FeatureHighlight><FeatureCode>F400068559</FeatureCode><FeatureReferenceName>High quality, high resistance</FeatureReferenceName><FeatureHighlightRank>7</FeatureHighlightRank></FeatureHighlight><FeatureHighlight><FeatureCode>F400083173</FeatureCode><FeatureReferenceName>Up to 60% more vision-light</FeatureReferenceName><FeatureHighlightRank>8</FeatureHighlightRank></FeatureHighlight><FeatureHighlight><FeatureCode>F400083172</FeatureCode><FeatureReferenceName>White Xenon effect-color</FeatureReferenceName><FeatureHighlightRank>9</FeatureHighlightRank></FeatureHighlight><CSChapter><CSChapterCode>CH4006466</CSChapterCode><CSChapterName>产品描述</CSChapterName><CSChapterRank>1</CSChapterRank><CSItem><CSItemCode>IT4031500</CSItemCode><CSItemName>技术</CSItemName><CSItemRank>1</CSItemRank><CSItemIsFreeFormat>0</CSItemIsFreeFormat><CSValue><CSValueCode>VA4071791</CSValueCode><CSValueName>卤素灯</CSValueName><CSValueRank>2</CSValueRank></CSValue></CSItem><CSItem><CSItemCode>IT4031508</CSItemCode><CSItemName>类型</CSItemName><CSItemRank>2</CSItemRank><CSItemIsFreeFormat>0</CSItemIsFreeFormat><CSValue><CSValueCode>VA4071816</CSValueCode><CSValueName>H4</CSValueName><CSValueRank>4</CSValueRank></CSValue></CSItem><CSItem><CSItemCode>IT4031519</CSItemCode><CSItemName>范围</CSItemName><CSItemRank>3</CSItemRank><CSItemIsFreeFormat>0</CSItemIsFreeFormat><CSValue><CSValueCode>VA4079933</CSValueCode><CSValueName>亮白光</CSValueName><CSValueRank>9</CSValueRank></CSValue></CSItem><CSItem><CSItemCode>IT4031517</CSItemCode><CSItemName>应用</CSItemName><CSItemRank>4</CSItemRank><CSItemIsFreeFormat>0</CSItemIsFreeFormat><CSValue><CSValueCode>VA4071898</CSValueCode><CSValueName>远光灯</CSValueName><CSValueRank>3</CSValueRank></CSValue><CSValue><CSValueCode>VA4071899</CSValueCode><CSValueName>近光灯</CSValueName><CSValueRank>8</CSValueRank></CSValue></CSItem><CSItem><CSItemCode>IT4031518</CSItemCode><CSItemName>规格</CSItemName><CSItemRank>5</CSItemRank><CSItemIsFreeFormat>0</CSItemIsFreeFormat><CSValue><CSValueCode>VA4080021</CSValueCode><CSValueName>H7 亮白光系列</CSValueName><CSValueRank>17</CSValueRank></CSValue></CSItem><CSItem><CSItemCode>IT4031521</CSItemCode><CSItemName>ECE 认证</CSItemName><CSItemRank>6</CSItemRank><CSItemIsFreeFormat>0</CSItemIsFreeFormat><CSValue><CSValueCode>VA4072195</CSValueCode><CSValueName>是</CSValueName><CSValueRank>10</CSValueRank></CSValue></CSItem><CSItem><CSItemCode>IT4031520</CSItemCode><CSItemName>基座</CSItemName><CSItemRank>7</CSItemRank><CSItemIsFreeFormat>0</CSItemIsFreeFormat><CSValue><CSValueCode>VA4072135</CSValueCode><CSValueName>PX26d</CSValueName><CSValueRank>13</CSValueRank></CSValue></CSItem></CSChapter><CSChapter><CSChapterCode>CH4006521</CSChapterCode><CSChapterName>电子特性</CSChapterName><CSChapterRank>2</CSChapterRank><CSItem><CSItemCode>IT4031552</CSItemCode><CSItemName>电压</CSItemName><CSItemRank>1</CSItemRank><CSItemIsFreeFormat>0</CSItemIsFreeFormat><CSValue><CSValueCode>VA4073723</CSValueCode><CSValueName>12</CSValueName><CSValueRank>1</CSValueRank></CSValue><UnitOfMeasure><UnitOfMeasureCode>3000071</UnitOfMeasureCode><UnitOfMeasureName>伏</UnitOfMeasureName><UnitOfMeasureSymbol>伏</UnitOfMeasureSymbol></UnitOfMeasure></CSItem><CSItem><CSItemCode>IT4031551</CSItemCode><CSItemName>额定功率</CSItemName><CSItemRank>2</CSItemRank><CSItemIsFreeFormat>0</CSItemIsFreeFormat><CSValue><CSValueCode>VA4073722</CSValueCode><CSValueName>60/55</CSValueName><CSValueRank>5</CSValueRank></CSValue><UnitOfMeasure><UnitOfMeasureCode>3000072</UnitOfMeasureCode><UnitOfMeasureName>瓦特</UnitOfMeasureName><UnitOfMeasureSymbol>瓦</UnitOfMeasureSymbol></UnitOfMeasure></CSItem></CSChapter><CSChapter><CSChapterCode>CH4005203</CSChapterCode><CSChapterName>灯光特征</CSChapterName><CSChapterRank>3</CSChapterRank><CSItem><CSItemCode>IT4031553</CSItemCode><CSItemName>流明</CSItemName><CSItemRank>1</CSItemRank><CSItemIsFreeFormat>0</CSItemIsFreeFormat><CSValue><CSValueCode>VA4083737</CSValueCode><CSValueName>1650 ±15%/1000 ±15%</CSValueName><CSValueRank>16</CSValueRank></CSValue><UnitOfMeasure><UnitOfMeasureCode>3000051</UnitOfMeasureCode><UnitOfMeasureName>流明</UnitOfMeasureName><UnitOfMeasureSymbol>lm</UnitOfMeasureSymbol></UnitOfMeasure></CSItem><CSItem><CSItemCode>IT4031654</CSItemCode><CSItemName>色温</CSItemName><CSItemRank>2</CSItemRank><CSItemIsFreeFormat>0</CSItemIsFreeFormat><CSValue><CSValueCode>VA4089997</CSValueCode><CSValueName>3700 K</CSValueName><CSValueRank>15</CSValueRank></CSValue><UnitOfMeasure><UnitOfMeasureCode>4000041</UnitOfMeasureCode><UnitOfMeasureName>K</UnitOfMeasureName><UnitOfMeasureSymbol>K</UnitOfMeasureSymbol></UnitOfMeasure></CSItem></CSChapter><CSChapter><CSChapterCode>CH4006483</CSChapterCode><CSChapterName>寿命</CSChapterName><CSChapterRank>4</CSChapterRank><CSItem><CSItemCode>IT4031525</CSItemCode><CSItemName>寿命</CSItemName><CSItemRank>1</CSItemRank><CSItemIsFreeFormat>0</CSItemIsFreeFormat><CSValue><CSValueCode>VA4072273</CSValueCode><CSValueName>400 小时</CSValueName><CSValueRank>11</CSValueRank></CSValue><CSValue><CSValueCode>VA4089180</CSValueCode><CSValueName>450h</CSValueName><CSValueRank>14</CSValueRank></CSValue></CSItem></CSChapter><CSChapter><CSChapterCode>CH4006484</CSChapterCode><CSChapterName>订购信息</CSChapterName><CSChapterRank>5</CSChapterRank><CSItem><CSItemCode>IT4031526</CSItemCode><CSItemName>订单输入</CSItemName><CSItemRank>1</CSItemRank><CSItemIsFreeFormat>0</CSItemIsFreeFormat><CSValue><CSValueCode>VA4083556</CSValueCode><CSValueName>12342WHVSM</CSValueName><CSValueRank>18</CSValueRank></CSValue></CSItem><CSItem><CSItemCode>IT4035593</CSItemCode><CSItemName>订购代码</CSItemName><CSItemRank>2</CSItemRank><CSItemIsFreeFormat>1</CSItemIsFreeFormat><CSValue><CSValueCode>VA4082926</CSValueCode><CSValueName>34028030</CSValueName><CSValueRank>1</CSValueRank></CSValue></CSItem></CSChapter><CSChapter><CSChapterCode>3001177</CSChapterCode><CSChapterName>包装数据</CSChapterName><CSChapterRank>6</CSChapterRank><CSItem><CSItemCode>IT4035590</CSItemCode><CSItemName>EAN1</CSItemName><CSItemRank>1</CSItemRank><CSItemIsFreeFormat>1</CSItemIsFreeFormat><CSValue><CSValueCode>VA4082922</CSValueCode><CSValueName>8727900340280</CSValueName><CSValueRank>1</CSValueRank></CSValue></CSItem><CSItem><CSItemCode>IT4035591</CSItemCode><CSItemName>EAN3</CSItemName><CSItemRank>2</CSItemRank><CSItemIsFreeFormat>1</CSItemIsFreeFormat><CSValue><CSValueCode>VA4082924</CSValueCode><CSValueName>8727900340297</CSValueName><CSValueRank>1</CSValueRank></CSValue></CSItem><CSItem><CSItemCode>IT4035805</CSItemCode><CSItemName>包装类型</CSItemName><CSItemRank>3</CSItemRank><CSItemIsFreeFormat>1</CSItemIsFreeFormat><CSValue><CSValueCode>VA4083279</CSValueCode><CSValueName>SM</CSValueName><CSValueRank>1</CSValueRank></CSValue></CSItem></CSChapter><CSChapter><CSChapterCode>CH4006501</CSChapterCode><CSChapterName>包装产品信息</CSChapterName><CSChapterRank>7</CSChapterRank><CSItem><CSItemCode>IT4040439</CSItemCode><CSItemName>包装数量</CSItemName><CSItemRank>1</CSItemRank><CSItemIsFreeFormat>1</CSItemIsFreeFormat><CSValue><CSValueCode>VA4094182</CSValueCode><CSValueName>2</CSValueName><CSValueRank>1</CSValueRank></CSValue></CSItem><CSItem><CSItemCode>IT4040440</CSItemCode><CSItemName>MOQ（适用于专业人士）</CSItemName><CSItemRank>2</CSItemRank><CSItemIsFreeFormat>1</CSItemIsFreeFormat><CSValue><CSValueCode>VA4094183</CSValueCode><CSValueName>5</CSValueName><CSValueRank>1</CSValueRank></CSValue></CSItem><CSItem><CSItemCode>IT4035760</CSItemCode><CSItemName>高度</CSItemName><CSItemRank>3</CSItemRank><CSItemIsFreeFormat>1</CSItemIsFreeFormat><CSValue><CSValueCode>VA4083198</CSValueCode><CSValueName>12.8</CSValueName><CSValueRank>1</CSValueRank></CSValue><UnitOfMeasure><UnitOfMeasureCode>3000039</UnitOfMeasureCode><UnitOfMeasureName>厘米</UnitOfMeasureName><UnitOfMeasureSymbol>厘米</UnitOfMeasureSymbol></UnitOfMeasure></CSItem><CSItem><CSItemCode>IT4035758</CSItemCode><CSItemName>长度</CSItemName><CSItemRank>4</CSItemRank><CSItemIsFreeFormat>1</CSItemIsFreeFormat><CSValue><CSValueCode>VA4083195</CSValueCode><CSValueName>11.0</CSValueName><CSValueRank>1</CSValueRank></CSValue><UnitOfMeasure><UnitOfMeasureCode>3000039</UnitOfMeasureCode><UnitOfMeasureName>厘米</UnitOfMeasureName><UnitOfMeasureSymbol>厘米</UnitOfMeasureSymbol></UnitOfMeasure></CSItem><CSItem><CSItemCode>IT4035759</CSItemCode><CSItemName>宽度</CSItemName><CSItemRank>5</CSItemRank><CSItemIsFreeFormat>1</CSItemIsFreeFormat><CSValue><CSValueCode>VA4083196</CSValueCode><CSValueName>4.7</CSValueName><CSValueRank>1</CSValueRank></CSValue><UnitOfMeasure><UnitOfMeasureCode>3000039</UnitOfMeasureCode><UnitOfMeasureName>厘米</UnitOfMeasureName><UnitOfMeasureSymbol>厘米</UnitOfMeasureSymbol></UnitOfMeasure></CSItem></CSChapter><CSChapter><CSChapterCode>CH4006541</CSChapterCode><CSChapterName>外包装信息</CSChapterName><CSChapterRank>8</CSChapterRank><CSItem><CSItemCode>IT4035766</CSItemCode><CSItemName>每件毛重</CSItemName><CSItemRank>1</CSItemRank><CSItemIsFreeFormat>1</CSItemIsFreeFormat><CSValue><CSValueCode>VA4083205</CSValueCode><CSValueName>660</CSValueName><CSValueRank>1</CSValueRank></CSValue><UnitOfMeasure><UnitOfMeasureCode>4000006</UnitOfMeasureCode><UnitOfMeasureName>-克</UnitOfMeasureName><UnitOfMeasureSymbol>克</UnitOfMeasureSymbol></UnitOfMeasure></CSItem><CSItem><CSItemCode>IT4035764</CSItemCode><CSItemName>高度</CSItemName><CSItemRank>2</CSItemRank><CSItemIsFreeFormat>1</CSItemIsFreeFormat><CSValue><CSValueCode>VA4083203</CSValueCode><CSValueName>13.6</CSValueName><CSValueRank>1</CSValueRank></CSValue><UnitOfMeasure><UnitOfMeasureCode>3000039</UnitOfMeasureCode><UnitOfMeasureName>厘米</UnitOfMeasureName><UnitOfMeasureSymbol>厘米</UnitOfMeasureSymbol></UnitOfMeasure></CSItem><CSItem><CSItemCode>IT4035762</CSItemCode><CSItemName>长度</CSItemName><CSItemRank>3</CSItemRank><CSItemIsFreeFormat>1</CSItemIsFreeFormat><CSValue><CSValueCode>VA4083201</CSValueCode><CSValueName>29</CSValueName><CSValueRank>1</CSValueRank></CSValue><UnitOfMeasure><UnitOfMeasureCode>3000039</UnitOfMeasureCode><UnitOfMeasureName>厘米</UnitOfMeasureName><UnitOfMeasureSymbol>厘米</UnitOfMeasureSymbol></UnitOfMeasure></CSItem><CSItem><CSItemCode>IT4035763</CSItemCode><CSItemName>宽度</CSItemName><CSItemRank>4</CSItemRank><CSItemIsFreeFormat>1</CSItemIsFreeFormat><CSValue><CSValueCode>VA4083202</CSValueCode><CSValueName>12</CSValueName><CSValueRank>1</CSValueRank></CSValue><UnitOfMeasure><UnitOfMeasureCode>3000039</UnitOfMeasureCode><UnitOfMeasureName>厘米</UnitOfMeasureName><UnitOfMeasureSymbol>厘米</UnitOfMeasureSymbol></UnitOfMeasure></CSItem></CSChapter><CSChapter><CSChapterCode>CH4006461</CSChapterCode><CSChapterName>市场规格</CSChapterName><CSChapterRank>9</CSChapterRank><CSItem><CSItemCode>IT4031492</CSItemCode><CSItemName>使用效果</CSItemName><CSItemRank>1</CSItemRank><CSItemIsFreeFormat>0</CSItemIsFreeFormat><CSValue><CSValueCode>VA4071778</CSValueCode><CSValueName>风格</CSValueName><CSValueRank>7</CSValueRank></CSValue></CSItem><CSItem><CSItemCode>IT4031498</CSItemCode><CSItemName>产品亮点</CSItemName><CSItemRank>2</CSItemRank><CSItemIsFreeFormat>0</CSItemIsFreeFormat><CSValue><CSValueCode>VA4083595</CSValueCode><CSValueName>明亮的氙气白光效果</CSValueName><CSValueRank>6</CSValueRank></CSValue></CSItem></CSChapter><Filters><Purpose type="Comparison"><Features><Feature code="F400068308" rank="1" referenceName="A premium driving experience"/><Feature code="F400068694" rank="2" referenceName="100% road legal- singaling WHV"/><Feature code="F400083176" rank="3" referenceName="Best-in-class lifetime-extend"/><Feature code="F400067792" rank="4" referenceName="Car manufacturers' choice - std"/><Feature code="F400083261" rank="5" referenceName="Crisp white beam-WV"/><Feature code="F400083175" rank="6" referenceName="Greater contrast, safer drive-3700K"/><Feature code="F400068559" rank="7" referenceName="High quality, high resistance"/><Feature code="F400083173" rank="8" referenceName="Up to 60% more vision-light"/><Feature code="F400083172" rank="9" referenceName="White Xenon effect-color"/></Features><CSItems><CSItem code="IT4031492" rank="1" referenceName="Marketing specifications - Expected benefits"/><CSItem code="IT4031500" rank="1" referenceName="Product description - Technology"/><CSItem code="IT4031525" rank="1" referenceName="Lifetime - Life time "/><CSItem code="IT4031526" rank="1" referenceName="Ordering information - Order entry"/><CSItem code="IT4031552" rank="1" referenceName="Electrical characteristics - Voltage"/><CSItem code="IT4031553" rank="1" referenceName="Light characteristics - Lumens"/><CSItem code="IT4035590" rank="1" referenceName="Packaging Data - EAN1"/><CSItem code="IT4035766" rank="1" referenceName="Outerpack information - Gross weight per piece"/><CSItem code="IT4040439" rank="1" referenceName="Packed product information - Pack Quantity"/><CSItem code="IT4031498" rank="2" referenceName="Marketing specifications - Product highlight"/><CSItem code="IT4031508" rank="2" referenceName="Product description - Type"/><CSItem code="IT4031551" rank="2" referenceName="Electrical characteristics - Wattage"/><CSItem code="IT4031654" rank="2" referenceName="Light characteristics - Color temperature"/><CSItem code="IT4035591" rank="2" referenceName="Packaging Data - EAN3"/><CSItem code="IT4035593" rank="2" referenceName="Ordering information - Ordering code"/><CSItem code="IT4035764" rank="2" referenceName="Outerpack information - Height"/><CSItem code="IT4040440" rank="2" referenceName="Packed product information - MOQ (for professionals)"/><CSItem code="IT4031519" rank="3" referenceName="Product description - Range"/><CSItem code="IT4035760" rank="3" referenceName="Packed product information - Height"/><CSItem code="IT4035762" rank="3" referenceName="Outerpack information - Length"/><CSItem code="IT4035805" rank="3" referenceName="Packaging Data - Packaging type"/><CSItem code="IT4031517" rank="4" referenceName="Product description - Application"/><CSItem code="IT4035758" rank="4" referenceName="Packed product information - Length"/><CSItem code="IT4035763" rank="4" referenceName="Outerpack information - Width"/><CSItem code="IT4031518" rank="5" referenceName="Product description - Designation"/><CSItem code="IT4035759" rank="5" referenceName="Packed product information - Width"/><CSItem code="IT4031521" rank="6" referenceName="Product description - Homologation ECE"/><CSItem code="IT4031520" rank="7" referenceName="Product description - Base "/></CSItems></Purpose><Purpose type="Detail"><Features><Feature code="F400068308" rank="1" referenceName="A premium driving experience"/><Feature code="F400068694" rank="2" referenceName="100% road legal- singaling WHV"/><Feature code="F400083176" rank="3" referenceName="Best-in-class lifetime-extend"/><Feature code="F400067792" rank="4" referenceName="Car manufacturers' choice - std"/><Feature code="F400083261" rank="5" referenceName="Crisp white beam-WV"/><Feature code="F400083175" rank="6" referenceName="Greater contrast, safer drive-3700K"/><Feature code="F400068559" rank="7" referenceName="High quality, high resistance"/><Feature code="F400083173" rank="8" referenceName="Up to 60% more vision-light"/><Feature code="F400083172" rank="9" referenceName="White Xenon effect-color"/></Features><CSItems><CSItem code="IT4031492" rank="1" referenceName="Marketing specifications - Expected benefits"/><CSItem code="IT4031500" rank="1" referenceName="Product description - Technology"/><CSItem code="IT4031525" rank="1" referenceName="Lifetime - Life time "/><CSItem code="IT4031526" rank="1" referenceName="Ordering information - Order entry"/><CSItem code="IT4031552" rank="1" referenceName="Electrical characteristics - Voltage"/><CSItem code="IT4031553" rank="1" referenceName="Light characteristics - Lumens"/><CSItem code="IT4035590" rank="1" referenceName="Packaging Data - EAN1"/><CSItem code="IT4035766" rank="1" referenceName="Outerpack information - Gross weight per piece"/><CSItem code="IT4040439" rank="1" referenceName="Packed product information - Pack Quantity"/><CSItem code="IT4031498" rank="2" referenceName="Marketing specifications - Product highlight"/><CSItem code="IT4031508" rank="2" referenceName="Product description - Type"/><CSItem code="IT4031551" rank="2" referenceName="Electrical characteristics - Wattage"/><CSItem code="IT4031654" rank="2" referenceName="Light characteristics - Color temperature"/><CSItem code="IT4035591" rank="2" referenceName="Packaging Data - EAN3"/><CSItem code="IT4035593" rank="2" referenceName="Ordering information - Ordering code"/><CSItem code="IT4035764" rank="2" referenceName="Outerpack information - Height"/><CSItem code="IT4040440" rank="2" referenceName="Packed product information - MOQ (for professionals)"/><CSItem code="IT4031519" rank="3" referenceName="Product description - Range"/><CSItem code="IT4035760" rank="3" referenceName="Packed product information - Height"/><CSItem code="IT4035762" rank="3" referenceName="Outerpack information - Length"/><CSItem code="IT4035805" rank="3" referenceName="Packaging Data - Packaging type"/><CSItem code="IT4031517" rank="4" referenceName="Product description - Application"/><CSItem code="IT4035758" rank="4" referenceName="Packed product information - Length"/><CSItem code="IT4035763" rank="4" referenceName="Outerpack information - Width"/><CSItem code="IT4031518" rank="5" referenceName="Product description - Designation"/><CSItem code="IT4035759" rank="5" referenceName="Packed product information - Width"/><CSItem code="IT4031521" rank="6" referenceName="Product description - Homologation ECE"/><CSItem code="IT4031520" rank="7" referenceName="Product description - Base "/></CSItems></Purpose></Filters><FeatureCompareGroups/><Disclaimers/><KeyValuePairs><KeyValuePair><Key>FdaFlag</Key><Value>false</Value><Type>String</Type></KeyValuePair><KeyValuePair><Key>GrantGroup</Key><Value>AUTOMOTIVE</Value><Type>String</Type></KeyValuePair><KeyValuePair><Key>IT4042660</Key><Value>VA4098551</Value><Type>String</Type></KeyValuePair></KeyValuePairs><ProductClusters/><ProductRefs/><RichTexts/></Product></Products>