<?xml version="1.0" encoding="UTF-8"?><Products xmlns:source="http://apache.org/cocoon/source/1.0" DocStatus="approved" DocTimeStamp="2018-10-31T11:35:06" DocType="PMT" DocVersion="xUCDM_product_external_CQ5_1_1_25"><Product Country="CN" IsAccessory="false" IsMaster="false" Locale="zh_CN" lastModified="2018-10-31T09:50:31" masterLastModified="2018-10-12T00:42:21"><CTN>CTE331KBR/93</CTN><Code12NC>867000154697</Code12NC><GTIN>6931555214526</GTIN><MarketingVersion>1.0.1</MarketingVersion><MarketingStatus>Final Published</MarketingStatus><CRDate>2018-10-05</CRDate><CRDateYW>201840</CRDateYW><ModelYears/><ProductDivision><ProductDivisionCode>0200</ProductDivisionCode><ProductDivisionName>Consumer Lifestyle</ProductDivisionName><FormerPDCode>3400</FormerPDCode></ProductDivision><ProductOwner>Michelle Gao</ProductOwner><DTN>CTE331KBR/93</DTN><Assets><Asset code="CTE331KBR_93" description="User manual" extension="pdf" extent="2443844" lastModified="2018-10-31" locale="zh_CN" number="001" type="DFU">http://download.p4c.philips.com/files/c/cte331kbr_93/cte331kbr_93_dfu_zhs.pdf</Asset><Asset code="CTE331KBR_93" description="Leaflet" extension="pdf" extent="562067" lastModified="2018-10-31" locale="zh_CN" number="001" type="PSS">http://download.p4c.philips.com/files/c/cte331kbr_93/cte331kbr_93_pss_zhscn.pdf</Asset><Asset code="CTE331KBR_93" description="Retail Trade Leaflet" extension="pdf" extent="319845" lastModified="2018-10-31" locale="zh_CN" number="001" type="RTL">http://download.p4c.philips.com/files/c/cte331kbr_93/cte331kbr_93_rtl_zhscn.pdf</Asset><Asset code="CTE331KBR_93" description="Front product photograph - highres 2196x1795" extension="tif" extent="3225130" lastModified="2018-10-31" locale="global" number="001" type="_FP">http://images.philips.com/is/image/PhilipsConsumer/CTE331KBR_93-_FP-global-001</Asset><Asset code="CTE331KBR_93" description="Alternative product photograph 1 - highres 2196x1795" extension="tif" extent="3181544" lastModified="2018-10-31" locale="global" number="001" type="A1P">http://images.philips.com/is/image/PhilipsConsumer/CTE331KBR_93-A1P-global-001</Asset><Asset code="CTE331KBR_93" description="Alternative product photograph 2 - highres 2196x1795" extension="tif" extent="2719638" lastModified="2018-10-31" locale="global" number="001" type="A2P">http://images.philips.com/is/image/PhilipsConsumer/CTE331KBR_93-A2P-global-001</Asset><Asset code="CTE331KBR_93" description="Leaflet" extension="pdf" extent="469048" lastModified="2018-10-31" locale="global" number="001" type="PSS">http://download.p4c.philips.com/files/c/cte331kbr_93/cte331kbr_93_pss_.pdf</Asset><Asset code="CTE331KBR_93" description="Standard product photograph - highres 2196x1795" extension="tif" extent="4684052" lastModified="2018-10-31" locale="global" number="001" type="RTP">http://images.philips.com/is/image/PhilipsConsumer/CTE331KBR_93-RTP-global-001</Asset><Asset code="CTE331KBR_93" description="Single product shot" extension="" lastModified="2018-10-31" locale="zh_CN" number="" type="IMS">http://images.philips.com/is/image/PhilipsConsumer/CTE331KBR_93-IMS-zh_CN</Asset><Asset code="CTE331KBR_93" description="Product gallery image set" extension="" lastModified="2018-10-31" locale="zh_CN" number="" type="GAL">http://images.philips.com/is/image/PhilipsConsumer/CTE331KBR_93-GAL-zh_CN</Asset><Asset code="CTE331KBR_93" description="Product URL" extension="" lastModified="2018-10-31" locale="zh_CN" number="" type="URL">http://www.philips.com.cn/c-p/CTE331KBR_93/xenium-mobile-phone</Asset><Asset code="F400051331" description="Feature photograph - highres 2100x1170" extension="tif" extent="2979268" lastModified="2018-10-31" locale="global" number="001" type="FIL">http://images.philips.com/is/image/PhilipsConsumer/F400051331-FIL-global-001</Asset><Asset code="F400051332" description="Feature photograph - highres 2100x1170" extension="tif" extent="4350792" lastModified="2018-10-31" locale="global" number="001" type="FIL">http://images.philips.com/is/image/PhilipsConsumer/F400051332-FIL-global-001</Asset><Asset code="F400051335" description="Feature photograph - highres 2100x1170" extension="tif" extent="181948" lastModified="2018-10-31" locale="global" number="001" type="FIL">http://images.philips.com/is/image/PhilipsConsumer/F400051335-FIL-global-001</Asset><Asset code="PHI" description="Brand logo - highres 1476x886" extension="tif" extent="641666" lastModified="2018-10-31" locale="global" number="001" type="BRP">http://images.philips.com/is/image/PhilipsConsumer/PHI-BRP-global-001</Asset><Asset code="SB30000107" description="Concept logo - lowres 198x198" extension="jpg" extent="10009" lastModified="2018-10-31" locale="global" number="001" type="CLL">http://images.philips.com/is/image/PhilipsConsumer/SB30000107-CLL-global-001</Asset><Asset code="SB30000107" description="Concept logo reversed - highres 1476x886" extension="tif" extent="11910" lastModified="2018-10-31" locale="global" number="001" type="MCP">http://images.philips.com/is/image/PhilipsConsumer/SB30000107-MCP-global-001</Asset></Assets><ProductName>E331 棕色手机</ProductName><NamingString><MasterBrand><BrandCode>PHI</BrandCode><BrandName>Philips</BrandName></MasterBrand><BrandString>飞利浦</BrandString><Family><FamilyCode>SB30000107</FamilyCode><FamilyName>Xenium</FamilyName><FamilyNameUsed>1</FamilyNameUsed></Family><Descriptor><DescriptorCode>D300000078</DescriptorCode><DescriptorName>手机</DescriptorName></Descriptor><Alphanumeric>CTE331KBR</Alphanumeric><VersionElement1><VersionElementCode>V4045044</VersionElementCode><VersionElementName>E331</VersionElementName></VersionElement1><VersionElement2><VersionElementCode>V4004063</VersionElementCode><VersionElementName>褐色</VersionElementName></VersionElement2><VersionString>E331 棕色</VersionString><BrandedFeatureString/><DescriptorBrandedFeatureString>手机</DescriptorBrandedFeatureString></NamingString><WOW>简单但功能丰富卓越</WOW><MarketingTextHeader>通过实用的飞利浦 E331K 与您的爱人轻松、清晰地大声联络。它具有大屏幕、大字体、大按钮以及非凡的电量，帮助您传达您最关切的重要信息。</MarketingTextHeader><KeyBenefitArea><KeyBenefitAreaCode>K300004347</KeyBenefitAreaCode><KeyBenefitAreaName>为您度身定做</KeyBenefitAreaName><KeyBenefitAreaRank>1</KeyBenefitAreaRank><Feature><FeatureCode>F400082726</FeatureCode><FeatureReferenceName>2.4'' QVGA display</FeatureReferenceName><FeatureName>2.4 英寸 QVGA 显示屏</FeatureName><FeatureLongDescription>2.4 英寸 QVGA 显示屏，令图片栩栩如生、绚丽多彩</FeatureLongDescription><FeatureGlossary>明亮的 2.4 英寸 QVGA 显示屏，分辨率为 240x320 像素。</FeatureGlossary><FeatureRank>1</FeatureRank><FeatureTopRank>1</FeatureTopRank></Feature><Feature><FeatureCode>F400081957</FeatureCode><FeatureReferenceName>1600mAh battery</FeatureReferenceName><FeatureName>1600 毫安时电池</FeatureName><FeatureLongDescription>超凡 1600 毫安时电池</FeatureLongDescription><FeatureGlossary>您的飞利浦手机随附一个性能卓越的 1600 毫安时电池，确保您在外出时能够持久连接。拥有如此持久的蓄电性能，您再也不必担心错过任何一个工作通话或家人通话。</FeatureGlossary><FeatureRank>2</FeatureRank><FeatureTopRank>2</FeatureTopRank></Feature></KeyBenefitArea><KeyBenefitArea><KeyBenefitAreaCode>K4022637</KeyBenefitAreaCode><KeyBenefitAreaName>简单易用</KeyBenefitAreaName><KeyBenefitAreaRank>2</KeyBenefitAreaRank><Feature><FeatureCode>F400051335</FeatureCode><FeatureReferenceName>Big buttons and fonts</FeatureReferenceName><FeatureName>宽大的按钮和字体</FeatureName><FeatureLongDescription>大键盘和大字体，易于拨号和阅读</FeatureLongDescription><FeatureGlossary>飞利浦手机具有大键盘和大字体，使您拨号或发短信更加舒适便捷。得益于其大尺寸显示字体，您现在可以舒服地阅读屏幕上的文字，而不会伤害您的眼睛。</FeatureGlossary><FeatureRank>1</FeatureRank><FeatureTopRank>3</FeatureTopRank></Feature><Feature><FeatureCode>F400051332</FeatureCode><FeatureReferenceName>High volume speaker</FeatureReferenceName><FeatureName>大音量扬声器</FeatureName><FeatureLongDescription>大音量扬声器，提供放大的音效</FeatureLongDescription><FeatureGlossary>使用大音量扬声器，必要时可将手机设置成比正常铃声更大的声音。特别是在家中或旅途中有极大的噪音干扰的情况下，您也不必须担心错过重要来电。您也可以选择以适合自己的更大音量欣赏喜爱的 FM 收音机节目和音乐。</FeatureGlossary><FeatureRank>2</FeatureRank><FeatureTopRank>4</FeatureTopRank></Feature><Feature><FeatureCode>F400051331</FeatureCode><FeatureReferenceName>Play FM radio out loud</FeatureReferenceName><FeatureName>大音量播放 FM 收音机</FeatureName><FeatureLongDescription>通过扬声器大声播放收音机中的音乐</FeatureLongDescription><FeatureGlossary>使用飞利浦手机的内置天线和扬声器功能，您不必始终插上耳机收听收音机。现在您可以根据心情或环境，通过扬声器大声播放或插上耳机欣赏您喜爱的电台节目。</FeatureGlossary><FeatureRank>3</FeatureRank><FeatureTopRank>5</FeatureTopRank></Feature><Feature><FeatureCode>F400086049</FeatureCode><FeatureReferenceName>Digital still camera</FeatureReferenceName><FeatureName>数码相机</FeatureName><FeatureLongDescription>数码相机</FeatureLongDescription><FeatureGlossary>集成式数码相机，可捕捉您的生活中珍贵的时刻。</FeatureGlossary><FeatureRank>4</FeatureRank><FeatureTopRank>6</FeatureTopRank></Feature><Feature><FeatureCode>F400086053</FeatureCode><FeatureReferenceName>Dedicated flashlight button</FeatureReferenceName><FeatureName>专用手电筒按钮</FeatureName><FeatureLongDescription>专用按钮可打开手电筒</FeatureLongDescription><FeatureGlossary>如果您不喜欢呆在黑暗环境中，手机上的手电筒按钮功能非常适合您。即使是在关机的情况下，您仍可通过按下专用开关将飞利浦手机变成方便的小手电筒。始终将其放在身边，您便永远不会再摸黑走路。</FeatureGlossary><FeatureRank>5</FeatureRank><FeatureTopRank>7</FeatureTopRank></Feature><Feature><FeatureCode>F400086048</FeatureCode><FeatureReferenceName>Dual-SIM</FeatureReferenceName><FeatureName>双 SIM 卡</FeatureName><FeatureLongDescription>双 SIM 卡</FeatureLongDescription><FeatureGlossary>手机支持使用双 SIM 卡。该选项十分实用，可让您选择最实用的资费，节省移动通信费用。</FeatureGlossary><FeatureRank>6</FeatureRank><FeatureTopRank>8</FeatureTopRank></Feature></KeyBenefitArea><FeatureImage><FeatureCode>F400082726</FeatureCode><FeatureReferenceName>2.4'' QVGA display</FeatureReferenceName><FeatureImageRank>1</FeatureImageRank></FeatureImage><FeatureImage><FeatureCode>F400081957</FeatureCode><FeatureReferenceName>1600mAh battery</FeatureReferenceName><FeatureImageRank>2</FeatureImageRank></FeatureImage><FeatureImage><FeatureCode>F400051335</FeatureCode><FeatureReferenceName>Big buttons and fonts</FeatureReferenceName><FeatureImageRank>3</FeatureImageRank></FeatureImage><FeatureImage><FeatureCode>F400051332</FeatureCode><FeatureReferenceName>High volume speaker</FeatureReferenceName><FeatureImageRank>4</FeatureImageRank></FeatureImage><FeatureImage><FeatureCode>F400051331</FeatureCode><FeatureReferenceName>Play FM radio out loud</FeatureReferenceName><FeatureImageRank>5</FeatureImageRank></FeatureImage><FeatureImage><FeatureCode>F400086049</FeatureCode><FeatureReferenceName>Digital still camera</FeatureReferenceName><FeatureImageRank>6</FeatureImageRank></FeatureImage><FeatureImage><FeatureCode>F400086053</FeatureCode><FeatureReferenceName>Dedicated flashlight button</FeatureReferenceName><FeatureImageRank>7</FeatureImageRank></FeatureImage><FeatureImage><FeatureCode>F400086048</FeatureCode><FeatureReferenceName>Dual-SIM</FeatureReferenceName><FeatureImageRank>8</FeatureImageRank></FeatureImage><FeatureHighlight><FeatureCode>F400082726</FeatureCode><FeatureReferenceName>2.4'' QVGA display</FeatureReferenceName><FeatureHighlightRank>1</FeatureHighlightRank></FeatureHighlight><FeatureHighlight><FeatureCode>F400081957</FeatureCode><FeatureReferenceName>1600mAh battery</FeatureReferenceName><FeatureHighlightRank>2</FeatureHighlightRank></FeatureHighlight><FeatureHighlight><FeatureCode>F400051335</FeatureCode><FeatureReferenceName>Big buttons and fonts</FeatureReferenceName><FeatureHighlightRank>3</FeatureHighlightRank></FeatureHighlight><FeatureHighlight><FeatureCode>F400051332</FeatureCode><FeatureReferenceName>High volume speaker</FeatureReferenceName><FeatureHighlightRank>4</FeatureHighlightRank></FeatureHighlight><FeatureHighlight><FeatureCode>F400051331</FeatureCode><FeatureReferenceName>Play FM radio out loud</FeatureReferenceName><FeatureHighlightRank>5</FeatureHighlightRank></FeatureHighlight><FeatureHighlight><FeatureCode>F400086049</FeatureCode><FeatureReferenceName>Digital still camera</FeatureReferenceName><FeatureHighlightRank>6</FeatureHighlightRank></FeatureHighlight><FeatureHighlight><FeatureCode>F400086053</FeatureCode><FeatureReferenceName>Dedicated flashlight button</FeatureReferenceName><FeatureHighlightRank>7</FeatureHighlightRank></FeatureHighlight><FeatureHighlight><FeatureCode>F400086048</FeatureCode><FeatureReferenceName>Dual-SIM</FeatureReferenceName><FeatureHighlightRank>8</FeatureHighlightRank></FeatureHighlight><CSChapter><CSChapterCode>3000820</CSChapterCode><CSChapterName>尺寸</CSChapterName><CSChapterRank>1</CSChapterRank><CSItem><CSItemCode>3007041</CSItemCode><CSItemName>天线</CSItemName><CSItemRank>1</CSItemRank><CSItemIsFreeFormat>0</CSItemIsFreeFormat><CSValue><CSValueCode>3033899</CSValueCode><CSValueName>集成式</CSValueName><CSValueRank>19</CSValueRank></CSValue></CSItem><CSItem><CSItemCode>3007038</CSItemCode><CSItemName>形状因数</CSItemName><CSItemRank>2</CSItemRank><CSItemIsFreeFormat>0</CSItemIsFreeFormat><CSValue><CSValueCode>3033895</CSValueCode><CSValueName>直板</CSValueName><CSValueRank>3</CSValueRank></CSValue></CSItem><CSItem><CSItemCode>3007040</CSItemCode><CSItemName>手机颜色</CSItemName><CSItemRank>3</CSItemRank><CSItemIsFreeFormat>1</CSItemIsFreeFormat><CSValue><CSValueCode>3033898</CSValueCode><CSValueName>褐色</CSValueName><CSValueRank>1</CSValueRank></CSValue></CSItem><CSItem><CSItemCode>3007552</CSItemCode><CSItemName>产品尺寸（宽x厚x高）</CSItemName><CSItemRank>4</CSItemRank><CSItemIsFreeFormat>1</CSItemIsFreeFormat><CSValue><CSValueCode>3035117</CSValueCode><CSValueName>134.2 毫米 x 56.2 毫米 x 15 毫米</CSValueName><CSValueRank>1</CSValueRank></CSValue></CSItem><CSItem><CSItemCode>3009293</CSItemCode><CSItemName>产品重量</CSItemName><CSItemRank>5</CSItemRank><CSItemIsFreeFormat>1</CSItemIsFreeFormat><CSValue><CSValueCode>3042310</CSValueCode><CSValueName>111.5 克</CSValueName><CSValueRank>1</CSValueRank></CSValue></CSItem></CSChapter><CSChapter><CSChapterCode>3000837</CSChapterCode><CSChapterName>网络功能</CSChapterName><CSChapterRank>2</CSChapterRank><CSItem><CSItemCode>3007031</CSItemCode><CSItemName>GPRS (Rx+Tx)</CSItemName><CSItemRank>1</CSItemRank><CSItemIsFreeFormat>0</CSItemIsFreeFormat><CSValue><CSValueCode>VA4030705</CSValueCode><CSValueName>Class 12, Class B</CSValueName><CSValueRank>23</CSValueRank></CSValue></CSItem><CSItem><CSItemCode>3008769</CSItemCode><CSItemName>GSM 频段</CSItemName><CSItemRank>2</CSItemRank><CSItemIsFreeFormat>0</CSItemIsFreeFormat><CSValue><CSValueCode>3039878</CSValueCode><CSValueName>900</CSValueName><CSValueRank>20</CSValueRank></CSValue><CSValue><CSValueCode>3039879</CSValueCode><CSValueName>1800</CSValueName><CSValueRank>29</CSValueRank></CSValue><UnitOfMeasure><UnitOfMeasureCode>3000056</UnitOfMeasureCode><UnitOfMeasureName>兆赫</UnitOfMeasureName><UnitOfMeasureSymbol>MHz</UnitOfMeasureSymbol></UnitOfMeasure></CSItem><CSItem><CSItemCode>3007723</CSItemCode><CSItemName>信息收发</CSItemName><CSItemRank>3</CSItemRank><CSItemIsFreeFormat>0</CSItemIsFreeFormat><CSValue><CSValueCode>3035598</CSValueCode><CSValueName>SMS（短消息服务）</CSValueName><CSValueRank>57</CSValueRank></CSValue></CSItem><CSItem><CSItemCode>3007029</CSItemCode><CSItemName>语音编解码器</CSItemName><CSItemRank>4</CSItemRank><CSItemIsFreeFormat>0</CSItemIsFreeFormat><CSValue><CSValueCode>3035419</CSValueCode><CSValueName>FR/EFR/AMR/HR</CSValueName><CSValueRank>27</CSValueRank></CSValue></CSItem><CSItem><CSItemCode>IT4004901</CSItemCode><CSItemName>GSM 频段（主 SIM）</CSItemName><CSItemRank>5</CSItemRank><CSItemIsFreeFormat>0</CSItemIsFreeFormat><CSValue><CSValueCode>VA4015608</CSValueCode><CSValueName>1800</CSValueName><CSValueRank>10</CSValueRank></CSValue><CSValue><CSValueCode>VA4015607</CSValueCode><CSValueName>900</CSValueName><CSValueRank>31</CSValueRank></CSValue><UnitOfMeasure><UnitOfMeasureCode>3000056</UnitOfMeasureCode><UnitOfMeasureName>兆赫</UnitOfMeasureName><UnitOfMeasureSymbol>MHz</UnitOfMeasureSymbol></UnitOfMeasure></CSItem><CSItem><CSItemCode>IT4004902</CSItemCode><CSItemName>GSM 频段（次 SIM）</CSItemName><CSItemRank>6</CSItemRank><CSItemIsFreeFormat>0</CSItemIsFreeFormat><CSValue><CSValueCode>VA4015612</CSValueCode><CSValueName>1800</CSValueName><CSValueRank>9</CSValueRank></CSValue><CSValue><CSValueCode>VA4015611</CSValueCode><CSValueName>900</CSValueName><CSValueRank>38</CSValueRank></CSValue><UnitOfMeasure><UnitOfMeasureCode>3000056</UnitOfMeasureCode><UnitOfMeasureName>兆赫</UnitOfMeasureName><UnitOfMeasureSymbol>MHz</UnitOfMeasureSymbol></UnitOfMeasure></CSItem></CSChapter><CSChapter><CSChapterCode>3000796</CSChapterCode><CSChapterName>图片/显示</CSChapterName><CSChapterRank>3</CSChapterRank><CSItem><CSItemCode>3006139</CSItemCode><CSItemName>屏幕对角线尺寸（英寸）</CSItemName><CSItemRank>1</CSItemRank><CSItemIsFreeFormat>1</CSItemIsFreeFormat><CSValue><CSValueCode>3031122</CSValueCode><CSValueName>2.4</CSValueName><CSValueRank>1</CSValueRank></CSValue><UnitOfMeasure><UnitOfMeasureCode>3000047</UnitOfMeasureCode><UnitOfMeasureName>英寸</UnitOfMeasureName><UnitOfMeasureSymbol>英寸</UnitOfMeasureSymbol></UnitOfMeasure></CSItem><CSItem><CSItemCode>3007749</CSItemCode><CSItemName>主屏颜色</CSItemName><CSItemRank>2</CSItemRank><CSItemIsFreeFormat>0</CSItemIsFreeFormat><CSValue><CSValueCode>3042949</CSValueCode><CSValueName>26.2 万色</CSValueName><CSValueRank>43</CSValueRank></CSValue></CSItem><CSItem><CSItemCode>3007693</CSItemCode><CSItemName>主屏分辨率</CSItemName><CSItemRank>3</CSItemRank><CSItemIsFreeFormat>0</CSItemIsFreeFormat><CSValue><CSValueCode>3042950</CSValueCode><CSValueName>240x320</CSValueName><CSValueRank>50</CSValueRank></CSValue><UnitOfMeasure><UnitOfMeasureCode>3000067</UnitOfMeasureCode><UnitOfMeasureName>像素</UnitOfMeasureName><UnitOfMeasureSymbol>像素</UnitOfMeasureSymbol></UnitOfMeasure></CSItem><CSItem><CSItemCode>3007694</CSItemCode><CSItemName>主屏技术</CSItemName><CSItemRank>4</CSItemRank><CSItemIsFreeFormat>0</CSItemIsFreeFormat><CSValue><CSValueCode>3035443</CSValueCode><CSValueName>TFT</CSValueName><CSValueRank>21</CSValueRank></CSValue></CSItem></CSChapter><CSChapter><CSChapterCode>3000807</CSChapterCode><CSChapterName>静态照片播放</CSChapterName><CSChapterRank>4</CSChapterRank><CSItem><CSItemCode>3006410</CSItemCode><CSItemName>图像压缩格式</CSItemName><CSItemRank>1</CSItemRank><CSItemIsFreeFormat>0</CSItemIsFreeFormat><CSValue><CSValueCode>3031918</CSValueCode><CSValueName>BMP</CSValueName><CSValueRank>8</CSValueRank></CSValue><CSValue><CSValueCode>3031919</CSValueCode><CSValueName>GIF</CSValueName><CSValueRank>24</CSValueRank></CSValue><CSValue><CSValueCode>3031920</CSValueCode><CSValueName>JPEG</CSValueName><CSValueRank>33</CSValueRank></CSValue><CSValue><CSValueCode>3043013</CSValueCode><CSValueName>PNG</CSValueName><CSValueRank>44</CSValueRank></CSValue></CSItem></CSChapter><CSChapter><CSChapterCode>3000804</CSChapterCode><CSChapterName>音频播放</CSChapterName><CSChapterRank>5</CSChapterRank><CSItem><CSItemCode>3007019</CSItemCode><CSItemName>音频支持格式</CSItemName><CSItemRank>1</CSItemRank><CSItemIsFreeFormat>0</CSItemIsFreeFormat><CSValue><CSValueCode>3033851</CSValueCode><CSValueName>AMR</CSValueName><CSValueRank>22</CSValueRank></CSValue><CSValue><CSValueCode>3033853</CSValueCode><CSValueName>Midi</CSValueName><CSValueRank>30</CSValueRank></CSValue><CSValue><CSValueCode>3033855</CSValueCode><CSValueName>MP3</CSValueName><CSValueRank>34</CSValueRank></CSValue></CSItem></CSChapter><CSChapter><CSChapterCode>3000805</CSChapterCode><CSChapterName>音频录制</CSChapterName><CSChapterRank>6</CSChapterRank><CSItem><CSItemCode>3006397</CSItemCode><CSItemName>录制您自己的声音</CSItemName><CSItemRank>1</CSItemRank><CSItemIsFreeFormat>0</CSItemIsFreeFormat><CSValue><CSValueCode>3031881</CSValueCode><CSValueName>Y</CSValueName><CSValueRank>4</CSValueRank></CSValue></CSItem></CSChapter><CSChapter><CSChapterCode>3000799</CSChapterCode><CSChapterName>声音</CSChapterName><CSChapterRank>7</CSChapterRank><CSItem><CSItemCode>3007018</CSItemCode><CSItemName>铃声</CSItemName><CSItemRank>1</CSItemRank><CSItemIsFreeFormat>0</CSItemIsFreeFormat><CSValue><CSValueCode>3033850</CSValueCode><CSValueName>MP3 铃声</CSValueName><CSValueRank>7</CSValueRank></CSValue><CSValue><CSValueCode>3037717</CSValueCode><CSValueName>64 和弦</CSValueName><CSValueRank>42</CSValueRank></CSValue><CSValue><CSValueCode>VA4012783</CSValueCode><CSValueName>AMR 铃声</CSValueName><CSValueRank>52</CSValueRank></CSValue><CSValue><CSValueCode>VA4058978</CSValueCode><CSValueName>MIDI</CSValueName><CSValueRank>59</CSValueRank></CSValue></CSItem></CSChapter><CSChapter><CSChapterCode>3000810</CSChapterCode><CSChapterName>存储介质</CSChapterName><CSChapterRank>8</CSChapterRank><CSItem><CSItemCode>3006454</CSItemCode><CSItemName>存储卡类型</CSItemName><CSItemRank>1</CSItemRank><CSItemIsFreeFormat>0</CSItemIsFreeFormat><CSValue><CSValueCode>VA4000284</CSValueCode><CSValueName>Micro SD</CSValueName><CSValueRank>26</CSValueRank></CSValue></CSItem><CSItem><CSItemCode>3006451</CSItemCode><CSItemName>存储卡最大容量</CSItemName><CSItemRank>2</CSItemRank><CSItemIsFreeFormat>1</CSItemIsFreeFormat><CSValue><CSValueCode>3032000</CSValueCode><CSValueName>16</CSValueName><CSValueRank>1</CSValueRank></CSValue><UnitOfMeasure><UnitOfMeasureCode>3000044</UnitOfMeasureCode><UnitOfMeasureName>十亿字节</UnitOfMeasureName><UnitOfMeasureSymbol>GB</UnitOfMeasureSymbol></UnitOfMeasure></CSItem></CSChapter><CSChapter><CSChapterCode>3000814</CSChapterCode><CSChapterName>便利性</CSChapterName><CSChapterRank>9</CSChapterRank><CSItem><CSItemCode>3006623</CSItemCode><CSItemName>按钮和控制</CSItemName><CSItemRank>1</CSItemRank><CSItemIsFreeFormat>0</CSItemIsFreeFormat><CSValue><CSValueCode>3032485</CSValueCode><CSValueName>自定义热键</CSValueName><CSValueRank>39</CSValueRank></CSValue><CSValue><CSValueCode>3037719</CSValueCode><CSValueName>侧键</CSValueName><CSValueRank>47</CSValueRank></CSValue><CSValue><CSValueCode>3049929</CSValueCode><CSValueName>2 向导航键</CSValueName><CSValueRank>53</CSValueRank></CSValue><CSValue><CSValueCode>3049930</CSValueCode><CSValueName>软键</CSValueName><CSValueRank>55</CSValueRank></CSValue></CSItem><CSItem><CSItemCode>3007709</CSItemCode><CSItemName>通话管理</CSItemName><CSItemRank>2</CSItemRank><CSItemIsFreeFormat>0</CSItemIsFreeFormat><CSValue><CSValueCode>3035458</CSValueCode><CSValueName>通话计数器</CSValueName><CSValueRank>14</CSValueRank></CSValue><CSValue><CSValueCode>3035456</CSValueCode><CSValueName>通话计时</CSValueName><CSValueRank>41</CSValueRank></CSValue><CSValue><CSValueCode>3035460</CSValueCode><CSValueName>呼叫等待*</CSValueName><CSValueRank>45</CSValueRank></CSValue><CSValue><CSValueCode>3035459</CSValueCode><CSValueName>来电显示*</CSValueName><CSValueRank>49</CSValueRank></CSValue><CSValue><CSValueCode>3035465</CSValueCode><CSValueName>紧急电话</CSValueName><CSValueRank>61</CSValueRank></CSValue><CSValue><CSValueCode>3035709</CSValueCode><CSValueName>麦克风静音</CSValueName><CSValueRank>64</CSValueRank></CSValue><CSValue><CSValueCode>3035454</CSValueCode><CSValueName>未接电话</CSValueName><CSValueRank>65</CSValueRank></CSValue><CSValue><CSValueCode>3035455</CSValueCode><CSValueName>已接来电</CSValueName><CSValueRank>68</CSValueRank></CSValue><CSValue><CSValueCode>VA4055882</CSValueCode><CSValueName>黑名单</CSValueName><CSValueRank>70</CSValueRank></CSValue></CSItem><CSItem><CSItemCode>3006628</CSItemCode><CSItemName>时钟/版本</CSItemName><CSItemRank>3</CSItemRank><CSItemIsFreeFormat>0</CSItemIsFreeFormat><CSValue><CSValueCode>3032500</CSValueCode><CSValueName>数字</CSValueName><CSValueRank>25</CSValueRank></CSValue></CSItem><CSItem><CSItemCode>3006654</CSItemCode><CSItemName>易于使用</CSItemName><CSItemRank>4</CSItemRank><CSItemIsFreeFormat>0</CSItemIsFreeFormat><CSValue><CSValueCode>3034417</CSValueCode><CSValueName>图形用户界面</CSValueName><CSValueRank>40</CSValueRank></CSValue><CSValue><CSValueCode>3035514</CSValueCode><CSValueName>免提模式</CSValueName><CSValueRank>46</CSValueRank></CSValue><CSValue><CSValueCode>3035516</CSValueCode><CSValueName>热键</CSValueName><CSValueRank>51</CSValueRank></CSValue><CSValue><CSValueCode>3035517</CSValueCode><CSValueName>键盘锁</CSValueName><CSValueRank>60</CSValueRank></CSValue><CSValue><CSValueCode>3043324</CSValueCode><CSValueName>软键</CSValueName><CSValueRank>63</CSValueRank></CSValue><CSValue><CSValueCode>3035518</CSValueCode><CSValueName>振动提示</CSValueName><CSValueRank>66</CSValueRank></CSValue><CSValue><CSValueCode>VA4004870</CSValueCode><CSValueName>双 SIM 卡</CSValueName><CSValueRank>67</CSValueRank></CSValue></CSItem><CSItem><CSItemCode>3007713</CSItemCode><CSItemName>游戏和应用程序</CSItemName><CSItemRank>5</CSItemRank><CSItemIsFreeFormat>0</CSItemIsFreeFormat><CSValue><CSValueCode>3035483</CSValueCode><CSValueName>日程表</CSValueName><CSValueRank>1</CSValueRank></CSValue><CSValue><CSValueCode>3035480</CSValueCode><CSValueName>闹钟</CSValueName><CSValueRank>17</CSValueRank></CSValue><CSValue><CSValueCode>3035481</CSValueCode><CSValueName>计算器</CSValueName><CSValueRank>28</CSValueRank></CSValue><CSValue><CSValueCode>3035484</CSValueCode><CSValueName>日历</CSValueName><CSValueRank>37</CSValueRank></CSValue><CSValue><CSValueCode>3035485</CSValueCode><CSValueName>阴历</CSValueName><CSValueRank>58</CSValueRank></CSValue><CSValue><CSValueCode>VA4065631</CSValueCode><CSValueName>文件管理器</CSValueName><CSValueRank>72</CSValueRank></CSValue><CSValue><CSValueCode>VA4097308</CSValueCode><CSValueName>手电筒</CSValueName><CSValueRank>74</CSValueRank></CSValue></CSItem><CSItem><CSItemCode>3007719</CSItemCode><CSItemName>可用语言：界面</CSItemName><CSItemRank>6</CSItemRank><CSItemIsFreeFormat>0</CSItemIsFreeFormat><CSValue><CSValueCode>3035529</CSValueCode><CSValueName>简体中文</CSValueName><CSValueRank>16</CSValueRank></CSValue><CSValue><CSValueCode>3035535</CSValueCode><CSValueName>简体中文</CSValueName><CSValueRank>56</CSValueRank></CSValue></CSItem><CSItem><CSItemCode>3007718</CSItemCode><CSItemName>多媒体</CSItemName><CSItemRank>7</CSItemRank><CSItemIsFreeFormat>0</CSItemIsFreeFormat><CSValue><CSValueCode>3035527</CSValueCode><CSValueName>FM 收音机</CSValueName><CSValueRank>18</CSValueRank></CSValue></CSItem><CSItem><CSItemCode>3007715</CSItemCode><CSItemName>个性化/自定义</CSItemName><CSItemRank>8</CSItemRank><CSItemIsFreeFormat>0</CSItemIsFreeFormat><CSValue><CSValueCode>3035490</CSValueCode><CSValueName>墙纸</CSValueName><CSValueRank>54</CSValueRank></CSValue><CSValue><CSValueCode>3049932</CSValueCode><CSValueName>铃声</CSValueName><CSValueRank>62</CSValueRank></CSValue></CSItem><CSItem><CSItemCode>3007292</CSItemCode><CSItemName>文本输入</CSItemName><CSItemRank>9</CSItemRank><CSItemIsFreeFormat>0</CSItemIsFreeFormat><CSValue><CSValueCode>3049931</CSValueCode><CSValueName>智能预测输入</CSValueName><CSValueRank>32</CSValueRank></CSValue></CSItem><CSItem><CSItemCode>3007293</CSItemCode><CSItemName>振铃</CSItemName><CSItemRank>10</CSItemRank><CSItemIsFreeFormat>0</CSItemIsFreeFormat><CSValue><CSValueCode>3034445</CSValueCode><CSValueName>Y</CSValueName><CSValueRank>5</CSValueRank></CSValue></CSItem></CSChapter><CSChapter><CSChapterCode>3000813</CSChapterCode><CSChapterName>连接</CSChapterName><CSChapterRank>10</CSChapterRank><CSItem><CSItemCode>3008350</CSItemCode><CSItemName>耳机</CSItemName><CSItemRank>1</CSItemRank><CSItemIsFreeFormat>0</CSItemIsFreeFormat><CSValue><CSValueCode>VA4071604</CSValueCode><CSValueName>通过 3.5 毫米 CTIA 接口插孔</CSValueName><CSValueRank>48</CSValueRank></CSValue></CSItem><CSItem><CSItemCode>3007032</CSItemCode><CSItemName>串行连接</CSItemName><CSItemRank>2</CSItemRank><CSItemIsFreeFormat>0</CSItemIsFreeFormat><CSValue><CSValueCode>VA4058984</CSValueCode><CSValueName>USB-MicroUSB 数据线</CSValueName><CSValueRank>35</CSValueRank></CSValue></CSItem></CSChapter><CSChapter><CSChapterCode>3000815</CSChapterCode><CSChapterName>附件</CSChapterName><CSChapterRank>11</CSChapterRank><CSItem><CSItemCode>3007773</CSItemCode><CSItemName>标准包装包括</CSItemName><CSItemRank>1</CSItemRank><CSItemIsFreeFormat>0</CSItemIsFreeFormat><CSValue><CSValueCode>3035717</CSValueCode><CSValueName>电池</CSValueName><CSValueRank>15</CSValueRank></CSValue><CSValue><CSValueCode>3035718</CSValueCode><CSValueName>充电器</CSValueName><CSValueRank>36</CSValueRank></CSValue><CSValue><CSValueCode>3042589</CSValueCode><CSValueName>USB 数据线</CSValueName><CSValueRank>69</CSValueRank></CSValue><CSValue><CSValueCode>VA4022639</CSValueCode><CSValueName>QSG（快速入门指南）</CSValueName><CSValueRank>71</CSValueRank></CSValue><CSValue><CSValueCode>VA4102216</CSValueCode><CSValueName>保修卡</CSValueName><CSValueRank>73</CSValueRank></CSValue></CSItem><CSItem><CSItemCode>3006763</CSItemCode><CSItemName>电池</CSItemName><CSItemRank>2</CSItemRank><CSItemIsFreeFormat>1</CSItemIsFreeFormat><CSValue><CSValueCode>3032936</CSValueCode><CSValueName>1600 mAh</CSValueName><CSValueRank>1</CSValueRank></CSValue></CSItem></CSChapter><CSChapter><CSChapterCode>3000821</CSChapterCode><CSChapterName>功率</CSChapterName><CSChapterRank>12</CSChapterRank><CSItem><CSItemCode>3006916</CSItemCode><CSItemName>电池容量</CSItemName><CSItemRank>1</CSItemRank><CSItemIsFreeFormat>1</CSItemIsFreeFormat><CSValue><CSValueCode>3033251</CSValueCode><CSValueName>1600 mAh</CSValueName><CSValueRank>1</CSValueRank></CSValue></CSItem><CSItem><CSItemCode>3006920</CSItemCode><CSItemName>电池类型</CSItemName><CSItemRank>2</CSItemRank><CSItemIsFreeFormat>0</CSItemIsFreeFormat><CSValue><CSValueCode>3033275</CSValueCode><CSValueName>锂离子</CSValueName><CSValueRank>13</CSValueRank></CSValue></CSItem><CSItem><CSItemCode>3007374</CSItemCode><CSItemName>待机时间</CSItemName><CSItemRank>3</CSItemRank><CSItemIsFreeFormat>1</CSItemIsFreeFormat><CSValue><CSValueCode>3034621</CSValueCode><CSValueName>长达 1146 小时（待机状态下的最佳情况）</CSValueName><CSValueRank>1</CSValueRank></CSValue></CSItem><CSItem><CSItemCode>3007045</CSItemCode><CSItemName>通话时间</CSItemName><CSItemRank>4</CSItemRank><CSItemIsFreeFormat>1</CSItemIsFreeFormat><CSValue><CSValueCode>3033909</CSValueCode><CSValueName>长达 25 小时（待机状态下的最佳情况）</CSValueName><CSValueRank>1</CSValueRank></CSValue></CSItem></CSChapter><CSChapter><CSChapterCode>3000818</CSChapterCode><CSChapterName>环保规格</CSChapterName><CSChapterRank>13</CSChapterRank><CSItem><CSItemCode>3006812</CSItemCode><CSItemName>无铅焊接产品</CSItemName><CSItemRank>1</CSItemRank><CSItemIsFreeFormat>0</CSItemIsFreeFormat><CSValue><CSValueCode>3033134</CSValueCode><CSValueName>Y</CSValueName><CSValueRank>11</CSValueRank></CSValue></CSItem><CSItem><CSItemCode>3006813</CSItemCode><CSItemName>包装材料</CSItemName><CSItemRank>2</CSItemRank><CSItemIsFreeFormat>0</CSItemIsFreeFormat><CSValue><CSValueCode>3033135</CSValueCode><CSValueName>箱体</CSValueName><CSValueRank>6</CSValueRank></CSValue></CSItem><CSItem><CSItemCode>3006816</CSItemCode><CSItemName>用户手册：再造纸</CSItemName><CSItemRank>3</CSItemRank><CSItemIsFreeFormat>0</CSItemIsFreeFormat><CSValue><CSValueCode>3033143</CSValueCode><CSValueName>Y</CSValueName><CSValueRank>12</CSValueRank></CSValue></CSItem></CSChapter><Filters><Purpose type="Comparison"><Features><Feature code="F400082726" rank="1" referenceName="2.4'' QVGA display"/><Feature code="F400081957" rank="2" referenceName="1600mAh battery"/><Feature code="F400051335" rank="3" referenceName="Big buttons and fonts"/><Feature code="F400051332" rank="4" referenceName="High volume speaker"/><Feature code="F400051331" rank="5" referenceName="Play FM radio out loud"/><Feature code="F400086049" rank="6" referenceName="Digital still camera"/><Feature code="F400086053" rank="7" referenceName="Dedicated flashlight button"/><Feature code="F400086048" rank="8" referenceName="Dual-SIM"/></Features><CSItems><CSItem code="3006139" rank="1" referenceName="Picture/Display - Diagonal screen size (inch)"/><CSItem code="3006397" rank="1" referenceName="Audio Recording - Record your own voice"/><CSItem code="3006410" rank="1" referenceName="Still Picture Playback - Picture Compression Format"/><CSItem code="3006454" rank="1" referenceName="Storage Media - Memory Card Types"/><CSItem code="3006623" rank="1" referenceName="Convenience - Buttons and controls"/><CSItem code="3006812" rank="1" referenceName="Green Specifications - Lead-free soldered product"/><CSItem code="3006916" rank="1" referenceName="Power - Battery capacity"/><CSItem code="3007018" rank="1" referenceName="Sound - Ringers"/><CSItem code="3007019" rank="1" referenceName="Audio Playback - Audio supported formats"/><CSItem code="3007031" rank="1" referenceName="Network Features - GPRS (Rx+Tx)"/><CSItem code="3007041" rank="1" referenceName="Dimensions - Antenna"/><CSItem code="3007773" rank="1" referenceName="Accessories - Standard Package Includes"/><CSItem code="3008350" rank="1" referenceName="Connectivity - Headset"/><CSItem code="3006451" rank="2" referenceName="Storage Media - Maximum memory card capacity"/><CSItem code="3006763" rank="2" referenceName="Accessories - Batteries"/><CSItem code="3006813" rank="2" referenceName="Green Specifications - Packaging material"/><CSItem code="3006920" rank="2" referenceName="Power - Battery Type"/><CSItem code="3007032" rank="2" referenceName="Connectivity - Serial connections"/><CSItem code="3007038" rank="2" referenceName="Dimensions - Form Factor"/><CSItem code="3007709" rank="2" referenceName="Convenience - Call Management"/><CSItem code="3007749" rank="2" referenceName="Picture/Display - Main Display Colors"/><CSItem code="3008769" rank="2" referenceName="Network Features - GSM band"/><CSItem code="3006628" rank="3" referenceName="Convenience - Clock/Version"/><CSItem code="3006816" rank="3" referenceName="Green Specifications - User manual: Recycled paper"/><CSItem code="3007040" rank="3" referenceName="Dimensions - Handset color"/><CSItem code="3007374" rank="3" referenceName="Power - Standby time"/><CSItem code="3007693" rank="3" referenceName="Picture/Display - Main Display Resolution"/><CSItem code="3007723" rank="3" referenceName="Network Features - Messaging"/><CSItem code="3006654" rank="4" referenceName="Convenience - Ease of Use"/><CSItem code="3007029" rank="4" referenceName="Network Features - Voice Codec"/><CSItem code="3007045" rank="4" referenceName="Power - Talk time"/><CSItem code="3007552" rank="4" referenceName="Dimensions - Product dimensions (WxDxH)"/><CSItem code="3007694" rank="4" referenceName="Picture/Display - Main Display Technology"/><CSItem code="3007713" rank="5" referenceName="Convenience - Games and applications"/><CSItem code="3009293" rank="5" referenceName="Dimensions - Product weight (g)"/><CSItem code="IT4004901" rank="5" referenceName="Network Features - GSM band(Primary SIM)"/><CSItem code="3007719" rank="6" referenceName="Convenience - Language available: UI"/><CSItem code="IT4004902" rank="6" referenceName="Network Features - GSM band(Secondary SIM)"/><CSItem code="3007718" rank="7" referenceName="Convenience - Multimedia"/><CSItem code="3007715" rank="8" referenceName="Convenience - Personalisation/Customization"/><CSItem code="3007292" rank="9" referenceName="Convenience - Text input"/><CSItem code="3007293" rank="10" referenceName="Convenience - Vibrator"/></CSItems></Purpose><Purpose type="Detail"><Features><Feature code="F400082726" rank="1" referenceName="2.4'' QVGA display"/><Feature code="F400081957" rank="2" referenceName="1600mAh battery"/><Feature code="F400051335" rank="3" referenceName="Big buttons and fonts"/><Feature code="F400051332" rank="4" referenceName="High volume speaker"/><Feature code="F400051331" rank="5" referenceName="Play FM radio out loud"/><Feature code="F400086049" rank="6" referenceName="Digital still camera"/><Feature code="F400086053" rank="7" referenceName="Dedicated flashlight button"/><Feature code="F400086048" rank="8" referenceName="Dual-SIM"/></Features><CSItems><CSItem code="3006139" rank="1" referenceName="Picture/Display - Diagonal screen size (inch)"/><CSItem code="3006397" rank="1" referenceName="Audio Recording - Record your own voice"/><CSItem code="3006410" rank="1" referenceName="Still Picture Playback - Picture Compression Format"/><CSItem code="3006454" rank="1" referenceName="Storage Media - Memory Card Types"/><CSItem code="3006623" rank="1" referenceName="Convenience - Buttons and controls"/><CSItem code="3006812" rank="1" referenceName="Green Specifications - Lead-free soldered product"/><CSItem code="3006916" rank="1" referenceName="Power - Battery capacity"/><CSItem code="3007018" rank="1" referenceName="Sound - Ringers"/><CSItem code="3007019" rank="1" referenceName="Audio Playback - Audio supported formats"/><CSItem code="3007031" rank="1" referenceName="Network Features - GPRS (Rx+Tx)"/><CSItem code="3007041" rank="1" referenceName="Dimensions - Antenna"/><CSItem code="3007773" rank="1" referenceName="Accessories - Standard Package Includes"/><CSItem code="3008350" rank="1" referenceName="Connectivity - Headset"/><CSItem code="3006451" rank="2" referenceName="Storage Media - Maximum memory card capacity"/><CSItem code="3006763" rank="2" referenceName="Accessories - Batteries"/><CSItem code="3006813" rank="2" referenceName="Green Specifications - Packaging material"/><CSItem code="3006920" rank="2" referenceName="Power - Battery Type"/><CSItem code="3007032" rank="2" referenceName="Connectivity - Serial connections"/><CSItem code="3007038" rank="2" referenceName="Dimensions - Form Factor"/><CSItem code="3007709" rank="2" referenceName="Convenience - Call Management"/><CSItem code="3007749" rank="2" referenceName="Picture/Display - Main Display Colors"/><CSItem code="3008769" rank="2" referenceName="Network Features - GSM band"/><CSItem code="3006628" rank="3" referenceName="Convenience - Clock/Version"/><CSItem code="3006816" rank="3" referenceName="Green Specifications - User manual: Recycled paper"/><CSItem code="3007040" rank="3" referenceName="Dimensions - Handset color"/><CSItem code="3007374" rank="3" referenceName="Power - Standby time"/><CSItem code="3007693" rank="3" referenceName="Picture/Display - Main Display Resolution"/><CSItem code="3007723" rank="3" referenceName="Network Features - Messaging"/><CSItem code="3006654" rank="4" referenceName="Convenience - Ease of Use"/><CSItem code="3007029" rank="4" referenceName="Network Features - Voice Codec"/><CSItem code="3007045" rank="4" referenceName="Power - Talk time"/><CSItem code="3007552" rank="4" referenceName="Dimensions - Product dimensions (WxDxH)"/><CSItem code="3007694" rank="4" referenceName="Picture/Display - Main Display Technology"/><CSItem code="3007713" rank="5" referenceName="Convenience - Games and applications"/><CSItem code="3009293" rank="5" referenceName="Dimensions - Product weight (g)"/><CSItem code="IT4004901" rank="5" referenceName="Network Features - GSM band(Primary SIM)"/><CSItem code="3007719" rank="6" referenceName="Convenience - Language available: UI"/><CSItem code="IT4004902" rank="6" referenceName="Network Features - GSM band(Secondary SIM)"/><CSItem code="3007718" rank="7" referenceName="Convenience - Multimedia"/><CSItem code="3007715" rank="8" referenceName="Convenience - Personalisation/Customization"/><CSItem code="3007292" rank="9" referenceName="Convenience - Text input"/><CSItem code="3007293" rank="10" referenceName="Convenience - Vibrator"/></CSItems></Purpose></Filters><FeatureCompareGroups/><Disclaimers><Disclaimer code="DIS40005283" rank="1" referenceName="MicroSD card"><DisclaimerText>不含 MicroSD 存储卡。</DisclaimerText><DisclaimElements/></Disclaimer><Disclaimer code="DIS40005682" rank="2" referenceName="All visuals provided are for reference purposes only."><DisclaimerText>所有视觉画面仅供参考。手机颜色和屏幕截图等产品实际功能可能与示例图有所不同。</DisclaimerText><DisclaimElements/></Disclaimer></Disclaimers><KeyValuePairs><KeyValuePair><Key>4043553</Key><Value>4100342</Value><Type>String</Type></KeyValuePair><KeyValuePair><Key>FdaFlag</Key><Value>false</Value><Type>String</Type></KeyValuePair><KeyValuePair><Key>GrantGroup</Key><Value>SANGFEI</Value><Type>String</Type></KeyValuePair></KeyValuePairs><AccessoryByPacked><AccessoryByPackedCode>ABPP_3035717</AccessoryByPackedCode><AccessoryByPackedReference>电池</AccessoryByPackedReference><AccessoryByPackedName>电池</AccessoryByPackedName><AccessoryByPackedRank>1</AccessoryByPackedRank></AccessoryByPacked><AccessoryByPacked><AccessoryByPackedCode>ABPP_3035718</AccessoryByPackedCode><AccessoryByPackedReference>充电器</AccessoryByPackedReference><AccessoryByPackedName>充电器</AccessoryByPackedName><AccessoryByPackedRank>2</AccessoryByPackedRank></AccessoryByPacked><AccessoryByPacked><AccessoryByPackedCode>ABPP_3042589</AccessoryByPackedCode><AccessoryByPackedReference>USB 数据线</AccessoryByPackedReference><AccessoryByPackedName>USB 数据线</AccessoryByPackedName><AccessoryByPackedRank>3</AccessoryByPackedRank></AccessoryByPacked><AccessoryByPacked><AccessoryByPackedCode>ABPP_VA4022639</AccessoryByPackedCode><AccessoryByPackedReference>QSG（快速入门指南）</AccessoryByPackedReference><AccessoryByPackedName>QSG（快速入门指南）</AccessoryByPackedName><AccessoryByPackedRank>4</AccessoryByPackedRank></AccessoryByPacked><AccessoryByPacked><AccessoryByPackedCode>ABPP_VA4102216</AccessoryByPackedCode><AccessoryByPackedReference>保修卡</AccessoryByPackedReference><AccessoryByPackedName>保修卡</AccessoryByPackedName><AccessoryByPackedRank>5</AccessoryByPackedRank></AccessoryByPacked><ProductClusters/><ProductRefs/><RichTexts/><GreenData><GreenAwards/><EnergyLabel/></GreenData></Product></Products>