<?xml version="1.0" encoding="UTF-8"?><Products xmlns:source="http://apache.org/cocoon/source/1.0" DocStatus="approved" DocTimeStamp="2018-10-31T11:35:06" DocType="PMT" DocVersion="xUCDM_product_external_CQ5_1_1_25"><Product Country="CN" IsAccessory="false" IsMaster="false" Locale="zh_CN" lastModified="2018-10-31T09:50:31" masterLastModified="2015-12-23T00:21:56"><CTN>HP8110/70</CTN><GTIN>06947265408834</GTIN><MarketingVersion>1.0.1</MarketingVersion><MarketingStatus>Final Published</MarketingStatus><CRDate>2013-09-06</CRDate><CRDateYW>201336</CRDateYW><ModelYears/><ProductDivision><ProductDivisionCode>0200</ProductDivisionCode><ProductDivisionName>Consumer Lifestyle</ProductDivisionName><FormerPDCode>0300</FormerPDCode></ProductDivision><ProductOwner>Stella Y Zhou</ProductOwner><DTN>HP8110/70</DTN><Assets><Asset code="HP8110_70" description="User manual" extension="pdf" extent="947198" lastModified="2018-10-31" locale="zh_CN" number="001" type="DFU">http://download.p4c.philips.com/files/h/hp8110_70/hp8110_70_dfu_zhs.pdf</Asset><Asset code="HP8110_70" description="Leaflet" extension="pdf" extent="3372724" lastModified="2018-10-31" locale="zh_CN" number="001" type="PSS">http://download.p4c.philips.com/files/h/hp8110_70/hp8110_70_pss_zhscn.pdf</Asset><Asset code="HP8110_70" description="Retail Trade Leaflet" extension="pdf" extent="296420" lastModified="2018-10-31" locale="zh_CN" number="001" type="RTL">http://download.p4c.philips.com/files/h/hp8110_70/hp8110_70_rtl_zhscn.pdf</Asset><Asset code="HP8110_70" description="Product 3D" extension="zip" extent="31535915" lastModified="2018-10-31" locale="global" number="001" type="P3D">http://images.philips.com/is/image/PhilipsConsumer/HP8110_70-P3D-global</Asset><Asset code="HP8110_70" description="Product 360 video" extension="flv" extent="582919" lastModified="2018-10-31" locale="global" number="001" type="P3F">http://images.philips.com/is/image/PhilipsConsumer/HP8110_70-P3F-global-001</Asset><Asset code="HP8110_70" description="Packaging photograph - highres 1447x756" extension="jpg" extent="2937922" lastModified="2018-10-31" locale="global" number="001" type="PID">http://images.philips.com/is/image/PhilipsConsumer/HP8110_70-PID-global-001</Asset><Asset code="HP8110_70" description="Leaflet" extension="pdf" extent="3264712" lastModified="2018-10-31" locale="global" number="001" type="PSS">http://download.p4c.philips.com/files/h/hp8110_70/hp8110_70_pss_.pdf</Asset><Asset code="HP8110_70" description="Standard product photograph - highres 2196x1795" extension="tif" extent="1704790" lastModified="2018-10-31" locale="global" number="001" type="RTP">http://images.philips.com/is/image/PhilipsConsumer/HP8110_70-RTP-global-001</Asset><Asset code="HP8110_70" description="Single product shot" extension="" lastModified="2018-10-31" locale="zh_CN" number="" type="IMS">http://images.philips.com/is/image/PhilipsConsumer/HP8110_70-IMS-zh_CN</Asset><Asset code="HP8110_70" description="Product gallery image set" extension="" lastModified="2018-10-31" locale="zh_CN" number="" type="GAL">http://images.philips.com/is/image/PhilipsConsumer/HP8110_70-GAL-zh_CN</Asset><Asset code="HP8110_70" description="Product URL" extension="" lastModified="2018-10-31" locale="zh_CN" number="" type="URL">http://www.philips.com.cn/c-p/HP8110_70/compact-care-hair-dryer</Asset><Asset code="F400051745" description="Feature photograph - highres 2100x1170" extension="tif" extent="706514" lastModified="2018-10-31" locale="global" number="001" type="FIL">http://images.philips.com/is/image/PhilipsConsumer/F400051745-FIL-global-001</Asset><Asset code="F400051747" description="Feature photograph - highres 2100x1170" extension="tif" extent="604090" lastModified="2018-10-31" locale="global" number="001" type="FIL">http://images.philips.com/is/image/PhilipsConsumer/F400051747-FIL-global-001</Asset><Asset code="F400051749" description="Feature photograph - highres 2100x1170" extension="tif" extent="670640" lastModified="2018-10-31" locale="global" number="001" type="FIL">http://images.philips.com/is/image/PhilipsConsumer/F400051749-FIL-global-001</Asset><Asset code="F400051751" description="Feature photograph - highres 2100x1170" extension="tif" extent="1064574" lastModified="2018-10-31" locale="global" number="001" type="FIL">http://images.philips.com/is/image/PhilipsConsumer/F400051751-FIL-global-001</Asset><Asset code="F400051752" description="Feature photograph - highres 2100x1170" extension="tif" extent="901260" lastModified="2018-10-31" locale="global" number="001" type="FIL">http://images.philips.com/is/image/PhilipsConsumer/F400051752-FIL-global-001</Asset><Asset code="GA_GREEN" description="Global award logo - highres 590x590" extension="tif" extent="106076" lastModified="2018-10-31" locale="global" number="001" type="GAP">http://images.philips.com/is/image/PhilipsConsumer/GA_GREEN-GAP-global-001</Asset><Asset code="PHI" description="Brand logo - highres 1476x886" extension="tif" extent="641666" lastModified="2018-10-31" locale="global" number="001" type="BRP">http://images.philips.com/is/image/PhilipsConsumer/PHI-BRP-global-001</Asset></Assets><ProductName>1000 瓦 Compact Care 电吹风</ProductName><NamingString><MasterBrand><BrandCode>PHI</BrandCode><BrandName>Philips</BrandName></MasterBrand><BrandString>飞利浦</BrandString><Descriptor><DescriptorCode>D4018782</DescriptorCode><DescriptorName>Compact Care 电吹风</DescriptorName></Descriptor><Alphanumeric>HP8110/70</Alphanumeric><VersionElement1><VersionElementCode>V4008030</VersionElementCode><VersionElementName>1000 瓦</VersionElementName></VersionElement1><VersionElement2><VersionElementCode>V4027284</VersionElementCode><VersionElementName>2 档可调风速设定</VersionElementName></VersionElement2><VersionString>1000 瓦 2 档可调风速设定</VersionString><BrandedFeatureString/><DescriptorBrandedFeatureString>Compact Care 电吹风</DescriptorBrandedFeatureString></NamingString><WOW>让呵护秀发变得简单</WOW><MarketingTextHeader>电吹风外形小巧，设计精美，可快速吹干您的头发。</MarketingTextHeader><KeyBenefitArea><KeyBenefitAreaCode>K300000216</KeyBenefitAreaCode><KeyBenefitAreaName>易于使用</KeyBenefitAreaName><KeyBenefitAreaRank>1</KeyBenefitAreaRank><Feature><FeatureCode>F400051752</FeatureCode><FeatureReferenceName>Easy storage hook (XiaoQiao)</FeatureReferenceName><FeatureName>简便存放挂钩</FeatureName><FeatureLongDescription>简便存放挂钩，便于存放电吹风</FeatureLongDescription><FeatureGlossary>手柄底部配有一个橡胶挂钩，方便用户存放电吹风，在家里或酒店内使用尤其方便。</FeatureGlossary><FeatureRank>3</FeatureRank><FeatureTopRank>3</FeatureTopRank></Feature><Feature><FeatureCode>F400051751</FeatureCode><FeatureReferenceName>Compact design (XiaoQiao)</FeatureReferenceName><FeatureName>小巧身形</FeatureName><FeatureLongDescription>外形小巧，便于操作</FeatureLongDescription><FeatureGlossary>本电吹风采用人体工程学设计，外形小巧，设计时尚。它体积轻、易携带，几乎可以随意存放。</FeatureGlossary><FeatureRank>2</FeatureRank><FeatureTopRank>5</FeatureTopRank></Feature></KeyBenefitArea><KeyBenefitArea><KeyBenefitAreaCode>K4011511</KeyBenefitAreaCode><KeyBenefitAreaName>呵护秀发</KeyBenefitAreaName><KeyBenefitAreaRank>2</KeyBenefitAreaRank><Feature><FeatureCode>F400051747</FeatureCode><FeatureReferenceName>2 flexible speed settings (XiaoQiao)</FeatureReferenceName><FeatureName>2 档可调风速设定</FeatureName><FeatureLongDescription>2 档可调风速设定，以呵护的方式吹干头发</FeatureLongDescription><FeatureGlossary>这款小巧的电吹风有 2 档热量和风速的组合可选，轻松快速吹干同时呵护秀发。</FeatureGlossary><FeatureRank>1</FeatureRank><FeatureTopRank>1</FeatureTopRank></Feature></KeyBenefitArea><KeyBenefitArea><KeyBenefitAreaCode>K4011512</KeyBenefitAreaCode><KeyBenefitAreaName>靓丽造型</KeyBenefitAreaName><KeyBenefitAreaRank>3</KeyBenefitAreaRank><Feature><FeatureCode>F400051749</FeatureCode><FeatureReferenceName>Concentrator (XiaoQiao)</FeatureReferenceName><FeatureName>集风嘴</FeatureName><FeatureLongDescription>集风嘴产生集中气流</FeatureLongDescription><FeatureGlossary>集风嘴通过出风口将气流集中吹到头发上的特定位置，精确快速吹干秀发。</FeatureGlossary><FeatureRank>5</FeatureRank><FeatureTopRank>2</FeatureTopRank></Feature><Feature><FeatureCode>F400051745</FeatureCode><FeatureReferenceName>1000W (XiaoQiao)</FeatureReferenceName><FeatureName>1000 瓦</FeatureName><FeatureLongDescription>1000 瓦塑造靓丽秀发</FeatureLongDescription><FeatureGlossary>这款 1000 瓦的电吹风可产生至佳的气流和轻柔的吹干动力，让您每天拥有靓丽发型。</FeatureGlossary><FeatureRank>4</FeatureRank><FeatureTopRank>4</FeatureTopRank></Feature></KeyBenefitArea><FeatureImage><FeatureCode>F400051747</FeatureCode><FeatureReferenceName>2 flexible speed settings (XiaoQiao)</FeatureReferenceName><FeatureImageRank>1</FeatureImageRank></FeatureImage><FeatureImage><FeatureCode>F400051749</FeatureCode><FeatureReferenceName>Concentrator (XiaoQiao)</FeatureReferenceName><FeatureImageRank>2</FeatureImageRank></FeatureImage><FeatureImage><FeatureCode>F400051752</FeatureCode><FeatureReferenceName>Easy storage hook (XiaoQiao)</FeatureReferenceName><FeatureImageRank>3</FeatureImageRank></FeatureImage><FeatureImage><FeatureCode>F400051745</FeatureCode><FeatureReferenceName>1000W (XiaoQiao)</FeatureReferenceName><FeatureImageRank>4</FeatureImageRank></FeatureImage><FeatureImage><FeatureCode>F400051751</FeatureCode><FeatureReferenceName>Compact design (XiaoQiao)</FeatureReferenceName><FeatureImageRank>5</FeatureImageRank></FeatureImage><FeatureHighlight><FeatureCode>F400051747</FeatureCode><FeatureReferenceName>2 flexible speed settings (XiaoQiao)</FeatureReferenceName><FeatureHighlightRank>1</FeatureHighlightRank></FeatureHighlight><FeatureHighlight><FeatureCode>F400051749</FeatureCode><FeatureReferenceName>Concentrator (XiaoQiao)</FeatureReferenceName><FeatureHighlightRank>2</FeatureHighlightRank></FeatureHighlight><FeatureHighlight><FeatureCode>F400051752</FeatureCode><FeatureReferenceName>Easy storage hook (XiaoQiao)</FeatureReferenceName><FeatureHighlightRank>3</FeatureHighlightRank></FeatureHighlight><FeatureHighlight><FeatureCode>F400051745</FeatureCode><FeatureReferenceName>1000W (XiaoQiao)</FeatureReferenceName><FeatureHighlightRank>4</FeatureHighlightRank></FeatureHighlight><FeatureHighlight><FeatureCode>F400051751</FeatureCode><FeatureReferenceName>Compact design (XiaoQiao)</FeatureReferenceName><FeatureHighlightRank>5</FeatureHighlightRank></FeatureHighlight><CSChapter><CSChapterCode>3000956</CSChapterCode><CSChapterName>技术规格</CSChapterName><CSChapterRank>1</CSChapterRank><CSItem><CSItemCode>S_0000107</CSItemCode><CSItemName>瓦特</CSItemName><CSItemRank>4</CSItemRank><CSItemIsFreeFormat>1</CSItemIsFreeFormat><CSValue><CSValueCode>VA4007180</CSValueCode><CSValueName>1000</CSValueName><CSValueRank>1</CSValueRank></CSValue><UnitOfMeasure><UnitOfMeasureCode>3000072</UnitOfMeasureCode><UnitOfMeasureName>瓦特</UnitOfMeasureName><UnitOfMeasureSymbol>瓦</UnitOfMeasureSymbol></UnitOfMeasure></CSItem><CSItem><CSItemCode>S_0000109</CSItemCode><CSItemName>电线长度</CSItemName><CSItemRank>5</CSItemRank><CSItemIsFreeFormat>1</CSItemIsFreeFormat><CSValue><CSValueCode>VA4007182</CSValueCode><CSValueName>1.5</CSValueName><CSValueRank>1</CSValueRank></CSValue><UnitOfMeasure><UnitOfMeasureCode>3000057</UnitOfMeasureCode><UnitOfMeasureName>米</UnitOfMeasureName><UnitOfMeasureSymbol>米</UnitOfMeasureSymbol></UnitOfMeasure></CSItem><CSItem><CSItemCode>IT4021792</CSItemCode><CSItemName>电压</CSItemName><CSItemRank>8</CSItemRank><CSItemIsFreeFormat>0</CSItemIsFreeFormat><CSValue><CSValueCode>VA4059777</CSValueCode><CSValueName>220伏</CSValueName><CSValueRank>2</CSValueRank></CSValue></CSItem></CSChapter><CSChapter><CSChapterCode>CHA_0000006</CSChapterCode><CSChapterName>功能</CSChapterName><CSChapterRank>2</CSChapterRank><CSItem><CSItemCode>IT4024584</CSItemCode><CSItemName>挂环</CSItemName><CSItemRank>6</CSItemRank><CSItemIsFreeFormat>0</CSItemIsFreeFormat><CSValue><CSValueCode>VA4056196</CSValueCode><CSValueName>是</CSValueName><CSValueRank>3</CSValueRank></CSValue></CSItem><CSItem><CSItemCode>IT4027771</CSItemCode><CSItemName>存放挂钩</CSItemName><CSItemRank>7</CSItemRank><CSItemIsFreeFormat>0</CSItemIsFreeFormat><CSValue><CSValueCode>VA4065141</CSValueCode><CSValueName>是</CSValueName><CSValueRank>1</CSValueRank></CSValue></CSItem></CSChapter><CSChapter><CSChapterCode>CHA_0000049</CSChapterCode><CSChapterName>服务</CSChapterName><CSChapterRank>3</CSChapterRank><CSItem><CSItemCode>IT4002813</CSItemCode><CSItemName>2 年保修</CSItemName><CSItemRank>1</CSItemRank><CSItemIsFreeFormat>0</CSItemIsFreeFormat><CSValue><CSValueCode>VA4011021</CSValueCode><CSValueName>是</CSValueName><CSValueRank>5</CSValueRank></CSValue></CSItem></CSChapter><CSChapter><CSChapterCode>3000815</CSChapterCode><CSChapterName>附件</CSChapterName><CSChapterRank>4</CSChapterRank><CSItem><CSItemCode>IT4010248</CSItemCode><CSItemName>附件</CSItemName><CSItemRank>3</CSItemRank><CSItemIsFreeFormat>0</CSItemIsFreeFormat><CSValue><CSValueCode>VA4024002</CSValueCode><CSValueName>集风嘴</CSValueName><CSValueRank>4</CSValueRank></CSValue></CSItem></CSChapter><CSChapter><CSChapterCode>3001096</CSChapterCode><CSChapterName>设计</CSChapterName><CSChapterRank>5</CSChapterRank><CSItem><CSItemCode>3011951</CSItemCode><CSItemName>颜色</CSItemName><CSItemRank>2</CSItemRank><CSItemIsFreeFormat>0</CSItemIsFreeFormat><CSValue><CSValueCode>VA4071342</CSValueCode><CSValueName>糖果粉</CSValueName><CSValueRank>6</CSValueRank></CSValue></CSItem></CSChapter><Filters><Purpose type="Comparison"><Features><Feature code="F400051747" rank="1" referenceName="2 flexible speed settings (XiaoQiao)"/><Feature code="F400051749" rank="2" referenceName="Concentrator (XiaoQiao)"/><Feature code="F400051752" rank="3" referenceName="Easy storage hook (XiaoQiao)"/><Feature code="F400051745" rank="4" referenceName="1000W (XiaoQiao)"/><Feature code="F400051751" rank="5" referenceName="Compact design (XiaoQiao)"/></Features><CSItems><CSItem code="IT4002813" rank="1" referenceName="Service - 2-year guarantee"/><CSItem code="3011951" rank="2" referenceName="Design - Color"/><CSItem code="IT4010248" rank="3" referenceName="Accessories - Attachments"/><CSItem code="S_0000107" rank="4" referenceName="Technical specifications - Wattage"/><CSItem code="S_0000109" rank="5" referenceName="Technical specifications - Cord length"/><CSItem code="IT4024584" rank="6" referenceName="Features - Hanging loop"/><CSItem code="IT4027771" rank="7" referenceName="Features - Storage hook"/><CSItem code="IT4021792" rank="8" referenceName="Technical specifications - Voltage"/></CSItems></Purpose><Purpose type="Detail"><Features><Feature code="F400051747" rank="1" referenceName="2 flexible speed settings (XiaoQiao)"/><Feature code="F400051749" rank="2" referenceName="Concentrator (XiaoQiao)"/><Feature code="F400051752" rank="3" referenceName="Easy storage hook (XiaoQiao)"/><Feature code="F400051745" rank="4" referenceName="1000W (XiaoQiao)"/><Feature code="F400051751" rank="5" referenceName="Compact design (XiaoQiao)"/></Features><CSItems><CSItem code="IT4002813" rank="1" referenceName="Service - 2-year guarantee"/><CSItem code="3011951" rank="2" referenceName="Design - Color"/><CSItem code="IT4010248" rank="3" referenceName="Accessories - Attachments"/><CSItem code="S_0000107" rank="4" referenceName="Technical specifications - Wattage"/><CSItem code="S_0000109" rank="5" referenceName="Technical specifications - Cord length"/><CSItem code="IT4024584" rank="6" referenceName="Features - Hanging loop"/><CSItem code="IT4027771" rank="7" referenceName="Features - Storage hook"/><CSItem code="IT4021792" rank="8" referenceName="Technical specifications - Voltage"/></CSItems></Purpose><Purpose type="Discriminators"><Features/><CSItems><CSItem code="IT4010248" rank="3" referenceName="Attachments"/><CSItem code="S_0000107" rank="4" referenceName="Wattage"/><CSItem code="S_0000109" rank="9" referenceName="Cord length"/></CSItems></Purpose></Filters><FeatureCompareGroups/><Disclaimers/><KeyValuePairs><KeyValuePair><Key>FdaFlag</Key><Value>false</Value><Type>String</Type></KeyValuePair><KeyValuePair><Key>GrantGroup</Key><Value>PHILIPS</Value><Type>String</Type></KeyValuePair></KeyValuePairs><Award AwardType="global"><AwardCode>GA_GREEN</AwardCode><AwardName>飞利浦绿色标志</AwardName><AwardDescription>飞利浦绿色产品可以降低成本、节省能源和减少二氧化碳排放。如何做到？它们在一个或多个飞利浦绿色焦点领域 – 能效、包装、有害物质、重量、回收和处理，还有使用寿命可靠性做出了显著的环保改善。</AwardDescription><AwardText>飞利浦绿色标志</AwardText><AwardRank>3</AwardRank></Award><ProductClusters/><ProductRefs/><RichTexts/><GreenData><GreenAwards><GreenAward code="GA_GREEN" name="PhilipsGreenLogo"/></GreenAwards><EnergyLabel/></GreenData></Product></Products>