<?xml version="1.0" encoding="UTF-8"?><Products xmlns:source="http://apache.org/cocoon/source/1.0" DocStatus="approved" DocTimeStamp="2018-10-31T11:35:06" DocType="PMT" DocVersion="xUCDM_product_external_CQ5_1_1_25"><Product Country="CN" IsAccessory="false" IsMaster="false" Locale="zh_CN" lastModified="2018-10-31T09:50:31" masterLastModified="2018-10-24T00:35:00"><CTN>SW6710/15</CTN><GTIN>06947265413845</GTIN><MarketingVersion>1.4.1</MarketingVersion><MarketingStatus>Final Published</MarketingStatus><CRDate>2018-02-23</CRDate><CRDateYW>201808</CRDateYW><ModelYears/><ProductDivision><ProductDivisionCode>0200</ProductDivisionCode><ProductDivisionName>Consumer Lifestyle</ProductDivisionName><FormerPDCode>0300</FormerPDCode></ProductDivision><ProductOwner>Aymen Mnif</ProductOwner><DTN>SW6710/15</DTN><Assets><Asset code="SW6710_15" description="User manual" extension="pdf" extent="1490249" lastModified="2018-10-31" locale="zh_CN" number="001" type="DFU">http://download.p4c.philips.com/files/s/sw6710_15/sw6710_15_dfu_zhs.pdf</Asset><Asset code="SW6710_15" description="Leaflet" extension="pdf" extent="1055407" lastModified="2018-10-31" locale="zh_CN" number="001" type="PSS">http://download.p4c.philips.com/files/s/sw6710_15/sw6710_15_pss_zhscn.pdf</Asset><Asset code="SW6710_15" description="Retail Trade Leaflet" extension="pdf" extent="415745" lastModified="2018-10-31" locale="zh_CN" number="001" type="RTL">http://download.p4c.philips.com/files/s/sw6710_15/sw6710_15_rtl_zhscn.pdf</Asset><Asset code="SW6710_15" description="Alternative product photograph 1 - highres 2196x1795" extension="tif" extent="2645444" lastModified="2018-10-31" locale="global" number="001" type="A1P">http://images.philips.com/is/image/PhilipsConsumer/SW6710_15-A1P-global-001</Asset><Asset code="SW6710_15" description="Alternative product photograph 2 - highres 2196x1795" extension="tif" extent="2543904" lastModified="2018-10-31" locale="global" number="001" type="A2P">http://images.philips.com/is/image/PhilipsConsumer/SW6710_15-A2P-global-001</Asset><Asset code="SW6710_15" description="Alternative product photograph - highres 2196x1795" extension="tif" extent="2559910" lastModified="2018-10-31" locale="global" number="001" type="APP">http://images.philips.com/is/image/PhilipsConsumer/SW6710_15-APP-global-001</Asset><Asset code="SW6710_15" description="Product detail photograph - highres 2196x2196" extension="tif" extent="4469964" lastModified="2018-10-31" locale="global" number="001" type="DPP">http://images.philips.com/is/image/PhilipsConsumer/SW6710_15-DPP-global-001</Asset><Asset code="SW6710_15" description="Product 3D" extension="zip" extent="45035076" lastModified="2018-10-31" locale="global" number="001" type="P3D">http://images.philips.com/is/image/PhilipsConsumer/SW6710_15-P3D-global</Asset><Asset code="SW6710_15" description="Packaging photograph - highres 1447x756" extension="tif" extent="4557120" lastModified="2018-10-31" locale="global" number="001" type="PID">http://images.philips.com/is/image/PhilipsConsumer/SW6710_15-PID-global-001</Asset><Asset code="SW6710_15" description="Leaflet" extension="pdf" extent="818306" lastModified="2018-10-31" locale="global" number="001" type="PSS">http://download.p4c.philips.com/files/s/sw6710_15/sw6710_15_pss_.pdf</Asset><Asset code="SW6710_15" description="Standard product photograph - highres 2196x1795" extension="tif" extent="4662610" lastModified="2018-10-31" locale="global" number="001" type="RTP">http://images.philips.com/is/image/PhilipsConsumer/SW6710_15-RTP-global-001</Asset><Asset code="SW6710_15" description="Product In Use 1 - highres 2196x1795" extension="tif" extent="4135890" lastModified="2018-10-31" locale="global" number="001" type="U1P">http://images.philips.com/is/image/PhilipsConsumer/SW6710_15-U1P-global-001</Asset><Asset code="SW6710_15" description="Product In Use 2 - highres 2196x1795" extension="tif" extent="3957064" lastModified="2018-10-31" locale="global" number="001" type="U2P">http://images.philips.com/is/image/PhilipsConsumer/SW6710_15-U2P-global-001</Asset><Asset code="SW6710_15" description="Product In Use 3 - highres 2196x1795" extension="tif" extent="4760224" lastModified="2018-10-31" locale="global" number="001" type="U3P">http://images.philips.com/is/image/PhilipsConsumer/SW6710_15-U3P-global-001</Asset><Asset code="SW6710_15" description="Product In Use 4 - highres 2196x1795" extension="tif" extent="3792130" lastModified="2018-10-31" locale="global" number="001" type="U4P">http://images.philips.com/is/image/PhilipsConsumer/SW6710_15-U4P-global-001</Asset><Asset code="SW6710_15" description="Product In Use 5 - highres 2196x1795" extension="tif" extent="4235004" lastModified="2018-10-31" locale="global" number="001" type="U5P">http://images.philips.com/is/image/PhilipsConsumer/SW6710_15-U5P-global-001</Asset><Asset code="SW6710_15" description="Product in use photograph - highres 2196x1795" extension="tif" extent="3722830" lastModified="2018-10-31" locale="global" number="001" type="UPL">http://images.philips.com/is/image/PhilipsConsumer/SW6710_15-UPL-global-001</Asset><Asset code="SW6710_15" description="Single product shot" extension="" lastModified="2018-10-31" locale="zh_CN" number="" type="IMS">http://images.philips.com/is/image/PhilipsConsumer/SW6710_15-IMS-zh_CN</Asset><Asset code="SW6710_15" description="Product gallery image set" extension="" lastModified="2018-10-31" locale="zh_CN" number="" type="GAL">http://images.philips.com/is/image/PhilipsConsumer/SW6710_15-GAL-zh_CN</Asset><Asset code="SW6710_15" description="Product URL" extension="" lastModified="2018-10-31" locale="zh_CN" number="" type="URL">http://www.philips.com.cn/c-p/SW6710_15/star-wars-special-edition-wet-and-dry-electric-shaver</Asset><Asset code="F400038722" description="Feature photograph - highres 2100x1170" extension="tif" extent="793100" lastModified="2018-10-31" locale="global" number="001" type="FIL">http://images.philips.com/is/image/PhilipsConsumer/F400038722-FIL-global-001</Asset><Asset code="F400061906_SW6710_15" description="Feature photograph - highres 2100x1170" extension="tif" extent="2505884" lastModified="2018-10-31" locale="global" number="001" type="FIL">http://images.philips.com/is/image/PhilipsConsumer/F400061906_SW6710_15-FIL-global-001</Asset><Asset code="F400072085_SW6710_15" description="Feature photograph - highres 2100x1170" extension="tif" extent="1394628" lastModified="2018-10-31" locale="global" number="001" type="FIL">http://images.philips.com/is/image/PhilipsConsumer/F400072085_SW6710_15-FIL-global-001</Asset><Asset code="F400072209_SW6710_15" description="Feature photograph - highres 2100x1170" extension="tif" extent="4852402" lastModified="2018-10-31" locale="global" number="001" type="FIL">http://images.philips.com/is/image/PhilipsConsumer/F400072209_SW6710_15-FIL-global-001</Asset><Asset code="F400072238_SW6710_15" description="Feature photograph - highres 2100x1170" extension="tif" extent="4449778" lastModified="2018-10-31" locale="global" number="001" type="FIL">http://images.philips.com/is/image/PhilipsConsumer/F400072238_SW6710_15-FIL-global-001</Asset><Asset code="F400072239_SW6710_15" description="Feature photograph - highres 2100x1170" extension="tif" extent="3629752" lastModified="2018-10-31" locale="global" number="001" type="FIL">http://images.philips.com/is/image/PhilipsConsumer/F400072239_SW6710_15-FIL-global-001</Asset><Asset code="F400078102_SW6710_15" description="Feature photograph - highres 2100x1170" extension="tif" extent="5150444" lastModified="2018-10-31" locale="global" number="001" type="FIL">http://images.philips.com/is/image/PhilipsConsumer/F400078102_SW6710_15-FIL-global-001</Asset><Asset code="F400081586_SW6710_15" description="Feature photograph - highres 2100x1170" extension="tif" extent="4500732" lastModified="2018-10-31" locale="global" number="001" type="FIL">http://images.philips.com/is/image/PhilipsConsumer/F400081586_SW6710_15-FIL-global-001</Asset><Asset code="F400083405_SW6710_15" description="Feature photograph - highres 2100x1170" extension="tif" extent="3523002" lastModified="2018-10-31" locale="global" number="001" type="FIL">http://images.philips.com/is/image/PhilipsConsumer/F400083405_SW6710_15-FIL-global-001</Asset><Asset code="F400083632_SW6710_15" description="Feature photograph - highres 2100x1170" extension="tif" extent="2568620" lastModified="2018-10-31" locale="global" number="001" type="FIL">http://images.philips.com/is/image/PhilipsConsumer/F400083632_SW6710_15-FIL-global-001</Asset><Asset code="F400084156" description="Feature logo - highres 331x213" extension="tif" extent="960836" lastModified="2018-10-31" locale="global" number="001" type="FLP">http://images.philips.com/is/image/PhilipsConsumer/F400084156-FLP-global-001</Asset><Asset code="F400084158" description="Feature logo - highres 331x213" extension="tif" extent="801794" lastModified="2018-10-31" locale="global" number="001" type="FLP">http://images.philips.com/is/image/PhilipsConsumer/F400084158-FLP-global-001</Asset><Asset code="F400086009" description="Feature logo - highres 331x213" extension="tif" extent="757790" lastModified="2018-10-31" locale="global" number="001" type="FLP">http://images.philips.com/is/image/PhilipsConsumer/F400086009-FLP-global-001</Asset><Asset code="F400086013" description="Feature logo - highres 331x213" extension="tif" extent="710110" lastModified="2018-10-31" locale="global" number="001" type="FLP">http://images.philips.com/is/image/PhilipsConsumer/F400086013-FLP-global-001</Asset><Asset code="GA40021466" description="Global award logo - highres 590x590" extension="tif" extent="847952" lastModified="2018-10-31" locale="global" number="001" type="GAP">http://images.philips.com/is/image/PhilipsConsumer/GA40021466-GAP-global-001</Asset><Asset code="GA40021468" description="Global award logo - highres 590x590" extension="tif" extent="760028" lastModified="2018-10-31" locale="global" number="001" type="GAP">http://images.philips.com/is/image/PhilipsConsumer/GA40021468-GAP-global-001</Asset><Asset code="PHI" description="Brand logo - highres 1476x886" extension="tif" extent="641666" lastModified="2018-10-31" locale="global" number="001" type="BRP">http://images.philips.com/is/image/PhilipsConsumer/PHI-BRP-global-001</Asset></Assets><ProductName>干湿两用电动剃须刀</ProductName><NamingString><MasterBrand><BrandCode>PHI</BrandCode><BrandName>Philips</BrandName></MasterBrand><BrandString>飞利浦</BrandString><Family><FamilyCode>SB40008971</FamilyCode><FamilyName>Star Wars special edition</FamilyName><FamilyNameUsed>1</FamilyNameUsed></Family><Descriptor><DescriptorCode>D4013822</DescriptorCode><DescriptorName>星球大战系列干湿两用电动剃须刀</DescriptorName></Descriptor><Alphanumeric>SW6710/15</Alphanumeric><VersionElement1><VersionElementCode>V4044858</VersionElementCode><VersionElementName>V-track PRO 切剃系统</VersionElementName></VersionElement1><VersionElement2><VersionElementCode>V4033045</VersionElementCode><VersionElementName>8 向轮廓跟踪剃须刀头</VersionElementName></VersionElement2><VersionElement3><VersionElementCode>V4039376</VersionElementCode><VersionElementName>Turbo+ 模式</VersionElementName></VersionElement3><VersionElement4><VersionElementCode>V4032126</VersionElementCode><VersionElementName>卡入式准确修剪器</VersionElementName></VersionElement4><VersionString>V-track PRO 切剃系统 8 向轮廓跟踪剃须刀头 Turbo+ 模式 卡入式准确修剪器</VersionString><BrandedFeatureString/><DescriptorBrandedFeatureString>星球大战系列干湿两用电动剃须刀</DescriptorBrandedFeatureString></NamingString><WOW>功能强大的剃须，可带来出色的舒适贴面效果</WOW><SubWOW>V-track PRO 系统营造光速剃须效果！</SubWOW><MarketingTextHeader>通过 V-track PRO 修剪较长须发，让您展现魅力。我们的 V-Track PRO 切剃系统拉扯力较小，即使有留了 3 天的短茬，也能轻松应对。*</MarketingTextHeader><KeyBenefitArea><KeyBenefitAreaCode>K4026714</KeyBenefitAreaCode><KeyBenefitAreaName>别出心裁的设计，只为卓越</KeyBenefitAreaName><KeyBenefitAreaRank>1</KeyBenefitAreaRank><Feature><FeatureCode>F400083405_SW6710_15</FeatureCode><FeatureReferenceName>V-Track Precision PRO Blades (Star Wars)</FeatureReferenceName><FeatureName>V-track PRO 切剃系统</FeatureName><FeatureLongDescription>V-track PRO 切剃系统，对于 3 天的须茬也可获得出色剃须效果</FeatureLongDescription><FeatureGlossary>实现贴面剃须。V-track PRO 切剃系统可将须发轻柔定位于 3 天的须茬准确的剃除位置，即使是平伏和不同长度的须发。更少来回即可贴面切剃 30% 须发，让您的皮肤保持整洁。</FeatureGlossary><FeatureRank>1</FeatureRank><FeatureTopRank>1</FeatureTopRank></Feature><Feature><FeatureCode>F400083632_SW6710_15</FeatureCode><FeatureReferenceName>72 self-sharpening blades (Star Wars)</FeatureReferenceName><FeatureName>72 片自动研磨刀片</FeatureName><FeatureLongDescription>72 片旋转刀锋，可不同角度捕捉和修剪毛发</FeatureLongDescription><FeatureGlossary>72 片自动研磨刀片。每分钟完成 151000 次修剪。达到剃须后脸部没有胡须残留的效果。</FeatureGlossary><FeatureRank>3</FeatureRank><FeatureTopRank>2</FeatureTopRank></Feature><Feature><FeatureCode>F400061906_SW6710_15</FeatureCode><FeatureReferenceName>8-direction ContourDetectHeads (Cypress MLU)</FeatureReferenceName><FeatureName>8 向轮廓跟踪剃须刀头</FeatureName><FeatureLongDescription>8 向灵动刀头，实现出色剃须效果</FeatureLongDescription><FeatureGlossary>8 向轮廓跟踪剃须刀头，贴合您面部和颈部的每处轮廓。每次剃除比一般多 20% 的须发。获得贴合、顺畅的剃须效果。</FeatureGlossary><FeatureRank>4</FeatureRank><FeatureTopRank>3</FeatureTopRank></Feature></KeyBenefitArea><KeyBenefitArea><KeyBenefitAreaCode>K4012411</KeyBenefitAreaCode><KeyBenefitAreaName>舒适贴面的享受</KeyBenefitAreaName><KeyBenefitAreaRank>2</KeyBenefitAreaRank><Feature><FeatureCode>F400072239_SW6710_15</FeatureCode><FeatureReferenceName>Turbo+ mode (S5000)</FeatureReferenceName><FeatureName>Turbo+ 模式</FeatureName><FeatureLongDescription>提升 20% 的动力，快速为胡须密集区域剃须</FeatureLongDescription><FeatureGlossary>通过启用 Turbo+ 模式提升 20% 的动力，加快胡须浓密部位的剃须速度。</FeatureGlossary><FeatureRank>5</FeatureRank><FeatureTopRank>4</FeatureTopRank></Feature><Feature><FeatureCode>F400072238_SW6710_15</FeatureCode><FeatureReferenceName>Aquatec Wet &amp; Dry (S6000 S5000)</FeatureReferenceName><FeatureName>干湿两用</FeatureName><FeatureLongDescription>干湿两用，既可享受舒适的干剃，也可享受清新净爽的湿剃</FeatureLongDescription><FeatureGlossary>选择自己喜爱的剃须方式。凭借防水干湿双剃设计，您可选择快速而舒适的干剃，也可以选择湿剃 – 与啫喱或剃须泡沫配合使用 – 甚至在淋浴时使用。</FeatureGlossary><FeatureRank>2</FeatureRank><FeatureTopRank>5</FeatureTopRank></Feature></KeyBenefitArea><KeyBenefitArea><KeyBenefitAreaCode>K300000216</KeyBenefitAreaCode><KeyBenefitAreaName>易于使用</KeyBenefitAreaName><KeyBenefitAreaRank>3</KeyBenefitAreaRank><Feature><FeatureCode>F400081586_SW6710_15</FeatureCode><FeatureReferenceName>60 minutes of cordless shaving (S5000 W&amp;D)</FeatureReferenceName><FeatureName>60 分钟无线剃须</FeatureName><FeatureLongDescription>60 分钟无线剃须</FeatureLongDescription><FeatureGlossary>提供 60+ 分钟使用时间 – 剃须约 20 次 – 充电 1 小时。该剃须刀只能在无绳模式下操作。</FeatureGlossary><FeatureRank>7</FeatureRank><FeatureTopRank>6</FeatureTopRank></Feature><Feature><FeatureCode>F400072209_SW6710_15</FeatureCode><FeatureReferenceName>1-hour charging time (S5000 Li-ion)</FeatureReferenceName><FeatureName>1 小时充电时间</FeatureName><FeatureLongDescription>1 小时充电时间</FeatureLongDescription><FeatureGlossary>得益于强劲节能、持久耐用的锂电池，每次充电后均可获得长时间剃须。快速充电 5 分钟，便可获得完成一次剃须所需的电量。</FeatureGlossary><FeatureRank>8</FeatureRank><FeatureTopRank>7</FeatureTopRank></Feature><Feature><FeatureCode>F400078102_SW6710_15</FeatureCode><FeatureReferenceName>Fully washable shaver (Cypress MLU S6000 US)</FeatureReferenceName><FeatureName>全身可水洗剃须刀</FeatureName><FeatureLongDescription>可在水龙头下冲洗的剃须刀</FeatureLongDescription><FeatureGlossary>只需打开剃须刀头，在水龙头下冲洗即可。</FeatureGlossary><FeatureRank>10</FeatureRank><FeatureTopRank>8</FeatureTopRank></Feature><Feature><FeatureCode>F400038722</FeatureCode><FeatureReferenceName>Built to last (shaver)</FeatureReferenceName><FeatureName>经久耐用</FeatureName><FeatureLongDescription>2 年保修，全球电压以及可替换刀片</FeatureLongDescription><FeatureGlossary>我们的所有剃须刀均提供 2 年全球保修并可适应各种电压。刀片持久耐用，仅需每 2 年更换一次。</FeatureGlossary><FeatureRank>9</FeatureRank><FeatureTopRank>10</FeatureTopRank></Feature></KeyBenefitArea><KeyBenefitArea><KeyBenefitAreaCode>K4028096</KeyBenefitAreaCode><KeyBenefitAreaName>享受剃须刀的多种益处</KeyBenefitAreaName><KeyBenefitAreaRank>4</KeyBenefitAreaRank><Feature><FeatureCode>F400072085_SW6710_15</FeatureCode><FeatureReferenceName>SmartClick precision trimmer (S5000)</FeatureReferenceName><FeatureName>卡入式准确修剪器</FeatureName><FeatureLongDescription>卡入式修剪器，确保准确修剪须髭和鬓角</FeatureLongDescription><FeatureGlossary>卡入我们呵护皮肤的准确修剪器，为您打造完美造型。尤为适合打理须髭和修剪鬓角。</FeatureGlossary><FeatureRank>6</FeatureRank><FeatureTopRank>9</FeatureTopRank></Feature></KeyBenefitArea><FeatureLogo><FeatureCode>F400086009</FeatureCode><FeatureReferenceName>Han Solo logo Star Wars</FeatureReferenceName><FeatureLogoRank>4</FeatureLogoRank></FeatureLogo><FeatureLogo><FeatureCode>F400086013</FeatureCode><FeatureReferenceName>Star Wars logo Han Solo Movie</FeatureReferenceName><FeatureLogoRank>5</FeatureLogoRank></FeatureLogo><FeatureLogo><FeatureCode>F400084156</FeatureCode><FeatureReferenceName>Lucasflims logo Star Wars</FeatureReferenceName><FeatureLogoRank>6</FeatureLogoRank></FeatureLogo><FeatureLogo><FeatureCode>F400084158</FeatureCode><FeatureReferenceName>Disney logo Star Wars</FeatureReferenceName><FeatureLogoRank>7</FeatureLogoRank></FeatureLogo><FeatureImage><FeatureCode>F400083405_SW6710_15</FeatureCode><FeatureReferenceName>V-Track Precision PRO Blades (Star Wars)</FeatureReferenceName><FeatureImageRank>1</FeatureImageRank></FeatureImage><FeatureImage><FeatureCode>F400083632_SW6710_15</FeatureCode><FeatureReferenceName>72 self-sharpening blades (Star Wars)</FeatureReferenceName><FeatureImageRank>2</FeatureImageRank></FeatureImage><FeatureImage><FeatureCode>F400061906_SW6710_15</FeatureCode><FeatureReferenceName>8-direction ContourDetectHeads (Cypress MLU)</FeatureReferenceName><FeatureImageRank>3</FeatureImageRank></FeatureImage><FeatureImage><FeatureCode>F400072239_SW6710_15</FeatureCode><FeatureReferenceName>Turbo+ mode (S5000)</FeatureReferenceName><FeatureImageRank>4</FeatureImageRank></FeatureImage><FeatureImage><FeatureCode>F400072238_SW6710_15</FeatureCode><FeatureReferenceName>Aquatec Wet &amp; Dry (S6000 S5000)</FeatureReferenceName><FeatureImageRank>5</FeatureImageRank></FeatureImage><FeatureImage><FeatureCode>F400081586_SW6710_15</FeatureCode><FeatureReferenceName>60 minutes of cordless shaving (S5000 W&amp;D)</FeatureReferenceName><FeatureImageRank>6</FeatureImageRank></FeatureImage><FeatureImage><FeatureCode>F400072209_SW6710_15</FeatureCode><FeatureReferenceName>1-hour charging time (S5000 Li-ion)</FeatureReferenceName><FeatureImageRank>7</FeatureImageRank></FeatureImage><FeatureImage><FeatureCode>F400078102_SW6710_15</FeatureCode><FeatureReferenceName>Fully washable shaver (Cypress MLU S6000 US)</FeatureReferenceName><FeatureImageRank>8</FeatureImageRank></FeatureImage><FeatureImage><FeatureCode>F400072085_SW6710_15</FeatureCode><FeatureReferenceName>SmartClick precision trimmer (S5000)</FeatureReferenceName><FeatureImageRank>9</FeatureImageRank></FeatureImage><FeatureImage><FeatureCode>F400038722</FeatureCode><FeatureReferenceName>Built to last (shaver)</FeatureReferenceName><FeatureImageRank>10</FeatureImageRank></FeatureImage><FeatureHighlight><FeatureCode>F400083405_SW6710_15</FeatureCode><FeatureReferenceName>V-Track Precision PRO Blades (Star Wars)</FeatureReferenceName><FeatureHighlightRank>1</FeatureHighlightRank></FeatureHighlight><FeatureHighlight><FeatureCode>F400083632_SW6710_15</FeatureCode><FeatureReferenceName>72 self-sharpening blades (Star Wars)</FeatureReferenceName><FeatureHighlightRank>2</FeatureHighlightRank></FeatureHighlight><FeatureHighlight><FeatureCode>F400061906_SW6710_15</FeatureCode><FeatureReferenceName>8-direction ContourDetectHeads (Cypress MLU)</FeatureReferenceName><FeatureHighlightRank>3</FeatureHighlightRank></FeatureHighlight><FeatureHighlight><FeatureCode>F400072239_SW6710_15</FeatureCode><FeatureReferenceName>Turbo+ mode (S5000)</FeatureReferenceName><FeatureHighlightRank>4</FeatureHighlightRank></FeatureHighlight><FeatureHighlight><FeatureCode>F400072238_SW6710_15</FeatureCode><FeatureReferenceName>Aquatec Wet &amp; Dry (S6000 S5000)</FeatureReferenceName><FeatureHighlightRank>5</FeatureHighlightRank></FeatureHighlight><FeatureHighlight><FeatureCode>F400081586_SW6710_15</FeatureCode><FeatureReferenceName>60 minutes of cordless shaving (S5000 W&amp;D)</FeatureReferenceName><FeatureHighlightRank>6</FeatureHighlightRank></FeatureHighlight><FeatureHighlight><FeatureCode>F400072209_SW6710_15</FeatureCode><FeatureReferenceName>1-hour charging time (S5000 Li-ion)</FeatureReferenceName><FeatureHighlightRank>7</FeatureHighlightRank></FeatureHighlight><FeatureHighlight><FeatureCode>F400078102_SW6710_15</FeatureCode><FeatureReferenceName>Fully washable shaver (Cypress MLU S6000 US)</FeatureReferenceName><FeatureHighlightRank>8</FeatureHighlightRank></FeatureHighlight><FeatureHighlight><FeatureCode>F400072085_SW6710_15</FeatureCode><FeatureReferenceName>SmartClick precision trimmer (S5000)</FeatureReferenceName><FeatureHighlightRank>9</FeatureHighlightRank></FeatureHighlight><FeatureHighlight><FeatureCode>F400038722</FeatureCode><FeatureReferenceName>Built to last (shaver)</FeatureReferenceName><FeatureHighlightRank>10</FeatureHighlightRank></FeatureHighlight><CSChapter><CSChapterCode>CH4001523</CSChapterCode><CSChapterName>剃须性能</CSChapterName><CSChapterRank>1</CSChapterRank><CSItem><CSItemCode>IT4007976</CSItemCode><CSItemName>剃须系统</CSItemName><CSItemRank>1</CSItemRank><CSItemIsFreeFormat>0</CSItemIsFreeFormat><CSValue><CSValueCode>VA4079593</CSValueCode><CSValueName>V-track PRO 切剃系统</CSValueName><CSValueRank>32</CSValueRank></CSValue><CSValue><CSValueCode>VA4100426</CSValueCode><CSValueName>72 片自动研磨刀片</CSValueName><CSValueRank>33</CSValueRank></CSValue></CSItem><CSItem><CSItemCode>IT4007977</CSItemCode><CSItemName>智能贴合</CSItemName><CSItemRank>2</CSItemRank><CSItemIsFreeFormat>0</CSItemIsFreeFormat><CSValue><CSValueCode>VA4096952</CSValueCode><CSValueName>8 向轮廓跟踪剃须刀头</CSValueName><CSValueRank>15</CSValueRank></CSValue></CSItem><CSItem><CSItemCode>IT4007978</CSItemCode><CSItemName>肌肤舒适</CSItemName><CSItemRank>3</CSItemRank><CSItemIsFreeFormat>0</CSItemIsFreeFormat><CSValue><CSValueCode>VA4033823</CSValueCode><CSValueName>皮肤保护系统</CSValueName><CSValueRank>26</CSValueRank></CSValue><CSValue><CSValueCode>VA4081202</CSValueCode><CSValueName>干湿两用</CSValueName><CSValueRank>28</CSValueRank></CSValue></CSItem><CSItem><CSItemCode>IT4041805</CSItemCode><CSItemName>Turbo+ 模式</CSItemName><CSItemRank>4</CSItemRank><CSItemIsFreeFormat>0</CSItemIsFreeFormat><CSValue><CSValueCode>VA4096958</CSValueCode><CSValueName>剃须，具有 20% 额外电量</CSValueName><CSValueRank>5</CSValueRank></CSValue></CSItem></CSChapter><CSChapter><CSChapterCode>3000815</CSChapterCode><CSChapterName>附件</CSChapterName><CSChapterRank>2</CSChapterRank><CSItem><CSItemCode>IT4032633</CSItemCode><CSItemName>卡入式</CSItemName><CSItemRank>1</CSItemRank><CSItemIsFreeFormat>0</CSItemIsFreeFormat><CSValue><CSValueCode>VA4076320</CSValueCode><CSValueName>准确修剪器</CSValueName><CSValueRank>14</CSValueRank></CSValue></CSItem><CSItem><CSItemCode>IT4007991</CSItemCode><CSItemName>旅行软袋</CSItemName><CSItemRank>2</CSItemRank><CSItemIsFreeFormat>0</CSItemIsFreeFormat><CSValue><CSValueCode>VA4046862</CSValueCode><CSValueName>旅行盒</CSValueName><CSValueRank>22</CSValueRank></CSValue></CSItem></CSChapter><CSChapter><CSChapterCode>3000821</CSChapterCode><CSChapterName>功率</CSChapterName><CSChapterRank>3</CSChapterRank><CSItem><CSItemCode>IT4015298</CSItemCode><CSItemName>使用时间</CSItemName><CSItemRank>1</CSItemRank><CSItemIsFreeFormat>0</CSItemIsFreeFormat><CSValue><CSValueCode>VA4095197</CSValueCode><CSValueName>60 分钟/20 次剃须</CSValueName><CSValueRank>31</CSValueRank></CSValue></CSItem><CSItem><CSItemCode>IT4032891</CSItemCode><CSItemName>充电</CSItemName><CSItemRank>2</CSItemRank><CSItemIsFreeFormat>0</CSItemIsFreeFormat><CSValue><CSValueCode>VA4077304</CSValueCode><CSValueName>1 小时充满电</CSValueName><CSValueRank>2</CSValueRank></CSValue><CSValue><CSValueCode>VA4085067</CSValueCode><CSValueName>快速充电 5 分钟可剃须 1 次</CSValueName><CSValueRank>27</CSValueRank></CSValue></CSItem><CSItem><CSItemCode>3006920</CSItemCode><CSItemName>电池类型</CSItemName><CSItemRank>3</CSItemRank><CSItemIsFreeFormat>0</CSItemIsFreeFormat><CSValue><CSValueCode>3033275</CSValueCode><CSValueName>锂离子</CSValueName><CSValueRank>9</CSValueRank></CSValue></CSItem><CSItem><CSItemCode>IT4015297</CSItemCode><CSItemName>自动电压</CSItemName><CSItemRank>4</CSItemRank><CSItemIsFreeFormat>0</CSItemIsFreeFormat><CSValue><CSValueCode>VA4030670</CSValueCode><CSValueName>100-240 伏</CSValueName><CSValueRank>7</CSValueRank></CSValue></CSItem><CSItem><CSItemCode>IT4009440</CSItemCode><CSItemName>最大功耗</CSItemName><CSItemRank>5</CSItemRank><CSItemIsFreeFormat>0</CSItemIsFreeFormat><CSValue><CSValueCode>VA4076318</CSValueCode><CSValueName>9</CSValueName><CSValueRank>23</CSValueRank></CSValue><UnitOfMeasure><UnitOfMeasureCode>3000072</UnitOfMeasureCode><UnitOfMeasureName>瓦特</UnitOfMeasureName><UnitOfMeasureSymbol>瓦</UnitOfMeasureSymbol></UnitOfMeasure></CSItem><CSItem><CSItemCode>IT4009439</CSItemCode><CSItemName>待机功耗</CSItemName><CSItemRank>6</CSItemRank><CSItemIsFreeFormat>0</CSItemIsFreeFormat><CSValue><CSValueCode>VA4076317</CSValueCode><CSValueName>0.1</CSValueName><CSValueRank>21</CSValueRank></CSValue><UnitOfMeasure><UnitOfMeasureCode>3000072</UnitOfMeasureCode><UnitOfMeasureName>瓦特</UnitOfMeasureName><UnitOfMeasureSymbol>瓦</UnitOfMeasureSymbol></UnitOfMeasure></CSItem></CSChapter><CSChapter><CSChapterCode>CH4001524</CSChapterCode><CSChapterName>操作简易</CSChapterName><CSChapterRank>4</CSChapterRank><CSItem><CSItemCode>IT4007985</CSItemCode><CSItemName>清洁</CSItemName><CSItemRank>1</CSItemRank><CSItemIsFreeFormat>0</CSItemIsFreeFormat><CSValue><CSValueCode>VA4063376</CSValueCode><CSValueName>可全身水洗</CSValueName><CSValueRank>1</CSValueRank></CSValue></CSItem><CSItem><CSItemCode>IT4007983</CSItemCode><CSItemName>干湿两用</CSItemName><CSItemRank>2</CSItemRank><CSItemIsFreeFormat>0</CSItemIsFreeFormat><CSValue><CSValueCode>VA4021352</CSValueCode><CSValueName>干湿两用</CSValueName><CSValueRank>8</CSValueRank></CSValue></CSItem><CSItem><CSItemCode>IT4027494</CSItemCode><CSItemName>工作中</CSItemName><CSItemRank>3</CSItemRank><CSItemIsFreeFormat>0</CSItemIsFreeFormat><CSValue><CSValueCode>VA4064594</CSValueCode><CSValueName>无线使用</CSValueName><CSValueRank>24</CSValueRank></CSValue><CSValue><CSValueCode>VA4090065</CSValueCode><CSValueName>使用前拔掉插头</CSValueName><CSValueRank>29</CSValueRank></CSValue></CSItem></CSChapter><CSChapter><CSChapterCode>3001096</CSChapterCode><CSChapterName>设计</CSChapterName><CSChapterRank>5</CSChapterRank><CSItem><CSItemCode>IT4008709</CSItemCode><CSItemName>手柄</CSItemName><CSItemRank>1</CSItemRank><CSItemIsFreeFormat>0</CSItemIsFreeFormat><CSValue><CSValueCode>VA4076321</CSValueCode><CSValueName>人体工程学手柄和操作</CSValueName><CSValueRank>3</CSValueRank></CSValue></CSItem><CSItem><CSItemCode>S_0000001</CSItemCode><CSItemName>颜色</CSItemName><CSItemRank>2</CSItemRank><CSItemIsFreeFormat>1</CSItemIsFreeFormat><CSValue><CSValueCode>VA4007102</CSValueCode><CSValueName>Star Wars Han Solo</CSValueName><CSValueRank>1</CSValueRank></CSValue></CSItem></CSChapter><CSChapter><CSChapterCode>CHA_0000049</CSChapterCode><CSChapterName>服务</CSChapterName><CSChapterRank>6</CSChapterRank><CSItem><CSItemCode>IT4002813</CSItemCode><CSItemName>2 年保修</CSItemName><CSItemRank>1</CSItemRank><CSItemIsFreeFormat>0</CSItemIsFreeFormat><CSValue><CSValueCode>VA4011021</CSValueCode><CSValueName>Y</CSValueName><CSValueRank>16</CSValueRank></CSValue></CSItem><CSItem><CSItemCode>IT4015371</CSItemCode><CSItemName>替换刀头</CSItemName><CSItemRank>2</CSItemRank><CSItemIsFreeFormat>0</CSItemIsFreeFormat><CSValue><CSValueCode>VA4076319</CSValueCode><CSValueName>每两年使用 SH90 更换一次</CSValueName><CSValueRank>13</CSValueRank></CSValue></CSItem></CSChapter><Filters><Purpose type="Comparison"><Features><Feature code="F400083405_SW6710_15" rank="1" referenceName="V-Track Precision PRO Blades (Star Wars)"/><Feature code="F400083632_SW6710_15" rank="2" referenceName="72 self-sharpening blades (Star Wars)"/><Feature code="F400061906_SW6710_15" rank="3" referenceName="8-direction ContourDetectHeads (Cypress MLU)"/><Feature code="F400072239_SW6710_15" rank="4" referenceName="Turbo+ mode (S5000)"/><Feature code="F400072238_SW6710_15" rank="5" referenceName="Aquatec Wet &amp; Dry (S6000 S5000)"/><Feature code="F400081586_SW6710_15" rank="6" referenceName="60 minutes of cordless shaving (S5000 W&amp;D)"/><Feature code="F400072209_SW6710_15" rank="7" referenceName="1-hour charging time (S5000 Li-ion)"/><Feature code="F400078102_SW6710_15" rank="8" referenceName="Fully washable shaver (Cypress MLU S6000 US)"/><Feature code="F400072085_SW6710_15" rank="9" referenceName="SmartClick precision trimmer (S5000)"/><Feature code="F400038722" rank="10" referenceName="Built to last (shaver)"/></Features><CSItems><CSItem code="IT4002813" rank="1" referenceName="Service - 2-year guarantee"/><CSItem code="IT4007976" rank="1" referenceName="Shaving Performance - Shaving system"/><CSItem code="IT4007985" rank="1" referenceName="Ease of use - Cleaning"/><CSItem code="IT4008709" rank="1" referenceName="Design - Handle"/><CSItem code="IT4015298" rank="1" referenceName="Power - Run time"/><CSItem code="IT4032633" rank="1" referenceName="Accessories - SmartClick"/><CSItem code="IT4007977" rank="2" referenceName="Shaving Performance - Contour following"/><CSItem code="IT4007983" rank="2" referenceName="Ease of use - Wet &amp; Dry"/><CSItem code="IT4007991" rank="2" referenceName="Accessories - Pouch"/><CSItem code="IT4015371" rank="2" referenceName="Service - Replacement head"/><CSItem code="IT4032891" rank="2" referenceName="Power - Charging"/><CSItem code="S_0000001" rank="2" referenceName="Design - Color"/><CSItem code="3006920" rank="3" referenceName="Power - Battery Type"/><CSItem code="IT4007978" rank="3" referenceName="Shaving Performance - Skin comfort"/><CSItem code="IT4027494" rank="3" referenceName="Ease of use - Operation"/><CSItem code="IT4015297" rank="4" referenceName="Power - Automatic voltage"/><CSItem code="IT4041805" rank="4" referenceName="Shaving Performance - Turbo+ mode"/><CSItem code="IT4009440" rank="5" referenceName="Power - Max power consumption"/><CSItem code="IT4009439" rank="6" referenceName="Power - Stand-by power"/></CSItems></Purpose><Purpose type="Detail"><Features><Feature code="F400083405_SW6710_15" rank="1" referenceName="V-Track Precision PRO Blades (Star Wars)"/><Feature code="F400083632_SW6710_15" rank="2" referenceName="72 self-sharpening blades (Star Wars)"/><Feature code="F400061906_SW6710_15" rank="3" referenceName="8-direction ContourDetectHeads (Cypress MLU)"/><Feature code="F400072239_SW6710_15" rank="4" referenceName="Turbo+ mode (S5000)"/><Feature code="F400072238_SW6710_15" rank="5" referenceName="Aquatec Wet &amp; Dry (S6000 S5000)"/><Feature code="F400081586_SW6710_15" rank="6" referenceName="60 minutes of cordless shaving (S5000 W&amp;D)"/><Feature code="F400072209_SW6710_15" rank="7" referenceName="1-hour charging time (S5000 Li-ion)"/><Feature code="F400078102_SW6710_15" rank="8" referenceName="Fully washable shaver (Cypress MLU S6000 US)"/><Feature code="F400072085_SW6710_15" rank="9" referenceName="SmartClick precision trimmer (S5000)"/><Feature code="F400038722" rank="10" referenceName="Built to last (shaver)"/></Features><CSItems><CSItem code="IT4002813" rank="1" referenceName="Service - 2-year guarantee"/><CSItem code="IT4007976" rank="1" referenceName="Shaving Performance - Shaving system"/><CSItem code="IT4007985" rank="1" referenceName="Ease of use - Cleaning"/><CSItem code="IT4008709" rank="1" referenceName="Design - Handle"/><CSItem code="IT4015298" rank="1" referenceName="Power - Run time"/><CSItem code="IT4032633" rank="1" referenceName="Accessories - SmartClick"/><CSItem code="IT4007977" rank="2" referenceName="Shaving Performance - Contour following"/><CSItem code="IT4007983" rank="2" referenceName="Ease of use - Wet &amp; Dry"/><CSItem code="IT4007991" rank="2" referenceName="Accessories - Pouch"/><CSItem code="IT4015371" rank="2" referenceName="Service - Replacement head"/><CSItem code="IT4032891" rank="2" referenceName="Power - Charging"/><CSItem code="S_0000001" rank="2" referenceName="Design - Color"/><CSItem code="3006920" rank="3" referenceName="Power - Battery Type"/><CSItem code="IT4007978" rank="3" referenceName="Shaving Performance - Skin comfort"/><CSItem code="IT4027494" rank="3" referenceName="Ease of use - Operation"/><CSItem code="IT4015297" rank="4" referenceName="Power - Automatic voltage"/><CSItem code="IT4041805" rank="4" referenceName="Shaving Performance - Turbo+ mode"/><CSItem code="IT4009440" rank="5" referenceName="Power - Max power consumption"/><CSItem code="IT4009439" rank="6" referenceName="Power - Stand-by power"/></CSItems></Purpose><Purpose type="Discriminators"><Features/><CSItems><CSItem code="IT4007976" rank="1" referenceName="Shaving system"/><CSItem code="IT4007977" rank="2" referenceName="Contour following"/><CSItem code="IT4007978" rank="3" referenceName="Skin comfort"/><CSItem code="IT4032633" rank="4" referenceName="SmartClick"/><CSItem code="IT4015298" rank="7" referenceName="Run time"/><CSItem code="IT4007985" rank="8" referenceName="Cleaning"/></CSItems></Purpose></Filters><FeatureCompareGroups/><Disclaimers><Disclaimer code="DIS40011875" rank="1" referenceName="Cut 30% closer in less strokes  (Vtrack Pro)"><DisclaimerText>与飞利浦上一代产品相比，更少来回即可贴面切剃 30% 须发</DisclaimerText><DisclaimElements/></Disclaimer><Disclaimer code="DIS40011874" rank="2" referenceName="Cuts up to 20% more hair (8-direction Flex Head)"><DisclaimerText>与飞利浦上一代产品相比，剃除较普通剃须刀多达 20% 的胡须</DisclaimerText><DisclaimElements/></Disclaimer><Disclaimer code="DIS40009031" rank="3" referenceName="Turbo+ mode 20% more power (Better S5000)"><DisclaimerText>提升 20% 的动力 - 与不使用 Turbo+ 模式相比</DisclaimerText><DisclaimElements/></Disclaimer><Disclaimer code="DIS40012079" rank="4" referenceName="Less pulling on a 3-day stubble"><DisclaimerText>剃留了 3 天的须茬也不会有明显的拉扯感 - 与飞利浦上一代产品相比</DisclaimerText><DisclaimElements/></Disclaimer></Disclaimers><KeyValuePairs><KeyValuePair><Key>FdaFlag</Key><Value>false</Value><Type>String</Type></KeyValuePair><KeyValuePair><Key>GrantGroup</Key><Value>PHILIPS</Value><Type>String</Type></KeyValuePair><KeyValuePair><Key>IT4018831</Key><Value>VA4042138</Value><Type>String</Type></KeyValuePair><KeyValuePair><Key>IT4018832</Key><Value>VA4042140</Value><Type>String</Type></KeyValuePair><KeyValuePair><Key>IT4018832</Key><Value>VA4094828</Value><Type>String</Type></KeyValuePair><KeyValuePair><Key>IT4018835</Key><Value>VA4042155</Value><Type>String</Type></KeyValuePair><KeyValuePair><Key>IT4030251</Key><Value>VA4069221</Value><Type>String</Type></KeyValuePair><KeyValuePair><Key>IT4040670</Key><Value>VA4094804</Value><Type>String</Type></KeyValuePair><KeyValuePair><Key>IT4040671</Key><Value>VA4094808</Value><Type>String</Type></KeyValuePair><KeyValuePair><Key>IT4040672</Key><Value>VA4094814</Value><Type>String</Type></KeyValuePair><KeyValuePair><Key>IT4040673</Key><Value>VA4094817</Value><Type>String</Type></KeyValuePair><KeyValuePair><Key>IT4040674</Key><Value>VA4094823</Value><Type>String</Type></KeyValuePair><KeyValuePair><Key>IT4040675</Key><Value>VA4094824</Value><Type>String</Type></KeyValuePair></KeyValuePairs><AccessoryByPacked><AccessoryByPackedCode>AB40004543</AccessoryByPackedCode><AccessoryByPackedReference>SmartClick precision trimmer Black</AccessoryByPackedReference><AccessoryByPackedName>卡入式准确修剪器</AccessoryByPackedName><AccessoryByPackedRank>1</AccessoryByPackedRank></AccessoryByPacked><AccessoryByPacked><AccessoryByPackedCode>AB40003302</AccessoryByPackedCode><AccessoryByPackedReference>Luxurious pouch</AccessoryByPackedReference><AccessoryByPackedName>精美旅行软袋</AccessoryByPackedName><AccessoryByPackedRank>2</AccessoryByPackedRank></AccessoryByPacked><Award AwardType="global_highlight"><AwardCode>GA40021466</AwardCode><AwardName>Han Solo</AwardName><AwardDate>2018</AwardDate><AwardPlace>NL</AwardPlace><AwardDescription>Han Solo</AwardDescription><AwardAcknowledgement>Star Wars</AwardAcknowledgement><AwardRank>1</AwardRank></Award><Award AwardType="global_highlight"><AwardCode>GA40021468</AwardCode><AwardName>Star Wars</AwardName><AwardDate>2018</AwardDate><AwardPlace>NL</AwardPlace><AwardDescription>Star Wars</AwardDescription><AwardAcknowledgement>Star Wars</AwardAcknowledgement><AwardRank>5</AwardRank></Award><ProductClusters/><ProductRefs><ProductReference ProductReferenceType="Accessory"><CTN>HQ110/01</CTN><CTN>HQ110/02</CTN><CTN>HQ110/42</CTN><CTN>RQ111/50</CTN><CTN>RQ111/51</CTN><CTN>RQ111/52</CTN><CTN>RQ111/53</CTN><CTN>RQ585/50</CTN><CTN>RQ585/51</CTN><CTN>RQ585/52</CTN><CTN>SH575/50</CTN><CTN>SH90/50</CTN><CTN>SH90/51</CTN><CTN>SH90/52</CTN><CTN>SH90/60</CTN><CTN>SH90/62</CTN><CTN>SH90/63</CTN></ProductReference></ProductRefs><RichTexts/><GreenData><GreenAwards/><EnergyLabel/></GreenData></Product></Products>