<?xml version="1.0" encoding="UTF-8"?><Products xmlns:source="http://apache.org/cocoon/source/1.0" DocStatus="approved" DocTimeStamp="2018-10-31T11:35:06" DocType="PMT" DocVersion="xUCDM_product_external_CQ5_1_1_25"><Product Country="CN" IsAccessory="false" IsMaster="false" Locale="zh_CN" lastModified="2018-10-31T04:39:04" masterLastModified="2018-08-02T00:35:26"><CTN>HX9053/15</CTN><GTIN>06947265412749</GTIN><MarketingVersion>7.0.1</MarketingVersion><MarketingStatus>Final Published</MarketingStatus><CRDate>2017-01-20</CRDate><CRDateYW>201703</CRDateYW><ModelYears/><ProductDivision><ProductDivisionCode>0200</ProductDivisionCode><ProductDivisionName>Consumer Lifestyle</ProductDivisionName><FormerPDCode>0300</FormerPDCode></ProductDivision><ProductOwner>Mathias Mys</ProductOwner><DTN>HX9053/15</DTN><Assets><Asset code="HX9053_15" description="Leaflet" extension="pdf" extent="642773" lastModified="2018-10-31" locale="zh_CN" number="001" type="PSS">http://download.p4c.philips.com/files/h/hx9053_15/hx9053_15_pss_zhscn.pdf</Asset><Asset code="HX9053_15" description="Retail Trade Leaflet" extension="pdf" extent="337302" lastModified="2018-10-31" locale="zh_CN" number="001" type="RTL">http://download.p4c.philips.com/files/h/hx9053_15/hx9053_15_rtl_zhscn.pdf</Asset><Asset code="HX9053_15" description="Alternative product photograph 1 - highres 2196x1795" extension="tif" extent="1102876" lastModified="2018-10-31" locale="global" number="001" type="A1P">http://images.philips.com/is/image/PhilipsConsumer/HX9053_15-A1P-global-001</Asset><Asset code="HX9053_15" description="Alternative product photograph 2 - highres 2196x1795" extension="tif" extent="1096372" lastModified="2018-10-31" locale="global" number="001" type="A2P">http://images.philips.com/is/image/PhilipsConsumer/HX9053_15-A2P-global-001</Asset><Asset code="HX9053_15" description="Alternative product photograph - highres 2196x1795" extension="tif" extent="940126" lastModified="2018-10-31" locale="global" number="001" type="APP">http://images.philips.com/is/image/PhilipsConsumer/HX9053_15-APP-global-001</Asset><Asset code="HX9053_15" description="Product Specific Image - Print" extension="tif" extent="616306" lastModified="2018-10-31" locale="global" number="001" type="PSP">http://images.philips.com/is/image/PhilipsConsumer/HX9053_15-PSP-global-001</Asset><Asset code="HX9053_15" description="Leaflet" extension="pdf" extent="534365" lastModified="2018-10-31" locale="global" number="001" type="PSS">http://download.p4c.philips.com/files/h/hx9053_15/hx9053_15_pss_.pdf</Asset><Asset code="HX9053_15" description="Standard product photograph - highres 2196x1795" extension="tif" extent="2053510" lastModified="2018-10-31" locale="global" number="001" type="RTP">http://images.philips.com/is/image/PhilipsConsumer/HX9053_15-RTP-global-001</Asset><Asset code="HX9053_15" description="Single product shot" extension="" lastModified="2018-10-31" locale="zh_CN" number="" type="IMS">http://images.philips.com/is/image/PhilipsConsumer/HX9053_15-IMS-zh_CN</Asset><Asset code="HX9053_15" description="Product gallery image set" extension="" lastModified="2018-10-31" locale="zh_CN" number="" type="GAL">http://images.philips.com/is/image/PhilipsConsumer/HX9053_15-GAL-zh_CN</Asset><Asset code="HX9053_15" description="Product URL" extension="" lastModified="2018-10-31" locale="zh_CN" number="" type="URL">http://www.philips.com.cn/c-p/HX9053_15/sonicare-g3-premium-gum-care-standard-sonic-toothbrush-heads</Asset><Asset code="F400081616" description="Feature photograph - highres 2100x1170" extension="tif" extent="1551070" lastModified="2018-10-31" locale="global" number="001" type="FIL">http://images.philips.com/is/image/PhilipsConsumer/F400081616-FIL-global-001</Asset><Asset code="F400081618" description="Feature photograph - highres 2100x1170" extension="tif" extent="705798" lastModified="2018-10-31" locale="global" number="001" type="FIL">http://images.philips.com/is/image/PhilipsConsumer/F400081618-FIL-global-001</Asset><Asset code="F400081632" description="Feature photograph - highres 2100x1170" extension="tif" extent="690780" lastModified="2018-10-31" locale="global" number="001" type="FIL">http://images.philips.com/is/image/PhilipsConsumer/F400081632-FIL-global-001</Asset><Asset code="F400081633" description="Feature photograph - highres 2100x1170" extension="tif" extent="1086410" lastModified="2018-10-31" locale="global" number="001" type="FIL">http://images.philips.com/is/image/PhilipsConsumer/F400081633-FIL-global-001</Asset><Asset code="F400081634" description="Feature photograph - highres 2100x1170" extension="tif" extent="1206908" lastModified="2018-10-31" locale="global" number="001" type="FIL">http://images.philips.com/is/image/PhilipsConsumer/F400081634-FIL-global-001</Asset><Asset code="F400081635" description="Feature photograph - highres 2100x1170" extension="tif" extent="1175932" lastModified="2018-10-31" locale="global" number="001" type="FIL">http://images.philips.com/is/image/PhilipsConsumer/F400081635-FIL-global-001</Asset><Asset code="F400081636" description="Feature photograph - highres 2100x1170" extension="tif" extent="697322" lastModified="2018-10-31" locale="global" number="001" type="FIL">http://images.philips.com/is/image/PhilipsConsumer/F400081636-FIL-global-001</Asset><Asset code="F400081637" description="Feature photograph - highres 2100x1170" extension="tif" extent="1435470" lastModified="2018-10-31" locale="global" number="001" type="FIL">http://images.philips.com/is/image/PhilipsConsumer/F400081637-FIL-global-001</Asset><Asset code="PHI" description="Brand logo - highres 1476x886" extension="tif" extent="641666" lastModified="2018-10-31" locale="global" number="001" type="BRP">http://images.philips.com/is/image/PhilipsConsumer/PHI-BRP-global-001</Asset><Asset code="SB40008655" description="Concept logo - lowres 198x198" extension="tif" extent="690802" lastModified="2018-10-31" locale="global" number="001" type="CLL">http://images.philips.com/is/image/PhilipsConsumer/SB40008655-CLL-global-001</Asset><Asset code="SB40008655" description="Concept logo reversed - highres 1476x886" extension="tif" extent="601604" lastModified="2018-10-31" locale="global" number="001" type="MCP">http://images.philips.com/is/image/PhilipsConsumer/SB40008655-MCP-global-001</Asset><Asset code="SON" description="Brand logo - highres 1476x886" extension="jpg" extent="217565" lastModified="2018-10-31" locale="global" number="001" type="BRP">http://images.philips.com/is/image/PhilipsConsumer/SON-BRP-global-001</Asset></Assets><ProductName>3 支装标准型声波震动牙刷头</ProductName><NamingString><MasterBrand><BrandCode>PHI</BrandCode><BrandName>Philips</BrandName></MasterBrand><Partner><PartnerBrand><BrandCode>SON</BrandCode><BrandName>Sonicare</BrandName></PartnerBrand><PartnerBrandType>MakersMark</PartnerBrandType></Partner><BrandString>飞利浦 Sonicare</BrandString><Family><FamilyCode>SB40008655</FamilyCode><FamilyName>G3 Premium Gum Care</FamilyName><FamilyNameUsed>1</FamilyNameUsed></Family><Descriptor><DescriptorCode>D4012323</DescriptorCode><DescriptorName>标准型声波震动牙刷头</DescriptorName></Descriptor><Alphanumeric>HX9053/15</Alphanumeric><VersionElement1><VersionElementCode>V300000357</VersionElementCode><VersionElementName>3 支装</VersionElementName></VersionElement1><VersionElement2><VersionElementCode>V4037888</VersionElementCode><VersionElementName>标准规格</VersionElementName></VersionElement2><VersionElement3><VersionElementCode>V4030655</VersionElementCode><VersionElementName>卡入式</VersionElementName></VersionElement3><VersionElement4><VersionElementCode>V4044218</VersionElementCode><VersionElementName>BrushSync 模式配对</VersionElementName></VersionElement4><VersionString>3 支装 标准规格 卡入式 BrushSync 模式配对</VersionString><BrandedFeatureString/><DescriptorBrandedFeatureString>标准型声波震动牙刷头</DescriptorBrandedFeatureString></NamingString><WOW>牙龈健康，微笑灿烂</WOW><SubWOW>2 周提升牙龈健康高达 7 倍*</SubWOW><MarketingTextHeader>健康的牙齿源于健康的牙龈。请使用我们智臻牙龈保健刷头来呵护牙齿。柔软侧边富有弹性，可根据您的牙龈轮廓进行调节，接触面贴合度高出 2 倍多**，可有效地去除牙龈线牙菌斑。</MarketingTextHeader><KeyBenefitArea><KeyBenefitAreaCode>K4034189</KeyBenefitAreaCode><KeyBenefitAreaName>提供出色的牙龈保健</KeyBenefitAreaName><KeyBenefitAreaRank>1</KeyBenefitAreaRank><Feature><FeatureCode>F400081633</FeatureCode><FeatureReferenceName>Up to 7x healthier gums in just 2 weeks [Premium Gum white]</FeatureReferenceName><FeatureName>专注于牙龈健康</FeatureName><FeatureLongDescription>只需 2 周即可提供 7 倍健康的牙龈***</FeatureLongDescription><FeatureGlossary>有了飞利浦 Sonicare 智臻护龈刷头，即使是最深层清洁，也会变得异常柔和。在牙刷顺着牙龈线移动时，Premium 护龈刷头柔软的侧面和刷毛可吸收任何多余的压力，使得牙龈得到保护，即使您刷得太过用力也没问题。刷毛可沿着牙龈线尽力去除牙菌斑和细菌，从而帮助改善牙龈健康。多亏了这款刷头的弧形设计，您可以确保刷毛接触面达到理想状态。</FeatureGlossary><FeatureRank>1</FeatureRank><FeatureTopRank>1</FeatureTopRank></Feature></KeyBenefitArea><KeyBenefitArea><KeyBenefitAreaCode>K4034210</KeyBenefitAreaCode><KeyBenefitAreaName>不可思议的深层清洁效果</KeyBenefitAreaName><KeyBenefitAreaRank>2</KeyBenefitAreaRank><Feature><FeatureCode>F400081634</FeatureCode><FeatureReferenceName>Up to 2x more surface contact [Premium Gum white]</FeatureReferenceName><FeatureName>自适应清洁技术</FeatureName><FeatureLongDescription>高达 2 倍多的接触面贴合度，**获得省力的深层清洁</FeatureLongDescription><FeatureGlossary>每次使用我们的自适应清洁技术刷牙时，您都会获得个性化的清洁体验。柔软的橡胶侧边非常灵活，可让 Premium 护龈刷头自动适应牙齿和牙龈的形状，吸收任何多余的刷牙压力并增强声波震动的清洁效能。刷毛然后可根据牙齿和牙龈的形状进行调整，因此其表面接触力可高达普通刷头的 2 倍**，在难以触及的部位做到深层的清洁。</FeatureGlossary><FeatureRank>1</FeatureRank><FeatureTopRank>2</FeatureTopRank></Feature><Feature><FeatureCode>F400081635</FeatureCode><FeatureReferenceName>Up to 10x more plaque removal [Premium Gum white]</FeatureReferenceName><FeatureName>告别牙菌斑</FeatureName><FeatureLongDescription>清除多达 10 倍的牙菌斑</FeatureLongDescription><FeatureGlossary>得益于其灵活的设计，智臻牙龈保健刷头能清除多达 10 倍以上的牙菌斑。它继续增强我们创新的飞利浦 Sonicare 清洁技术，这样无论您怎样刷牙，都能获得看得到、摸得着的优异清洁效果。</FeatureGlossary><FeatureRank>2</FeatureRank><FeatureTopRank>3</FeatureTopRank></Feature></KeyBenefitArea><KeyBenefitArea><KeyBenefitAreaCode>K4030502</KeyBenefitAreaCode><KeyBenefitAreaName>创新技术</KeyBenefitAreaName><KeyBenefitAreaRank>3</KeyBenefitAreaRank><Feature><FeatureCode>F400081616</FeatureCode><FeatureReferenceName>Engineered to boost our unique sonic [C3 Premium white 62]</FeatureReferenceName><FeatureName>飞利浦 Sonicare 技术</FeatureName><FeatureLongDescription>经过精心设计，增强了创新的声波清洁能力</FeatureLongDescription><FeatureGlossary>Sonicare 刷头和刷柄是理想组合。它们增强了声波技术，带来出色的清洁效果。牙刷柄的高速振动可产生高达每分钟 62,000 次的刷头振动，把牙膏打成轻柔清洁的泡沫，将其沿着牙龈线推入齿间深处，达到出色的清洁效果。</FeatureGlossary><FeatureRank>1</FeatureRank><FeatureTopRank>4</FeatureTopRank></Feature><Feature><FeatureCode>F400081632</FeatureCode><FeatureReferenceName>Automatically selects optimal mode [PGC White]</FeatureReferenceName><FeatureName>BrushSync™ 模式配对</FeatureName><FeatureLongDescription>自动选择理想模式，达到极致结果****</FeatureLongDescription><FeatureGlossary>通过 BrushSync™ 模式配对功能，您将始终获得尽可能理想的清洁效果****。飞利浦 Sonicare C2 Optimal Clean 刷头与支持 BrushSync™ 的飞利浦 Sonicare 牙刷柄同步****，选择理想的刷牙模式和强度级别，带来非同凡响的清洁效果。您要做的就是开始刷牙。</FeatureGlossary><FeatureRank>2</FeatureRank><FeatureTopRank>8</FeatureTopRank></Feature></KeyBenefitArea><KeyBenefitArea><KeyBenefitAreaCode>K4013253</KeyBenefitAreaCode><KeyBenefitAreaName>优化性能的设计</KeyBenefitAreaName><KeyBenefitAreaRank>4</KeyBenefitAreaRank><Feature><FeatureCode>F400081636</FeatureCode><FeatureReferenceName>Always know when to replace[Premium Gum white]</FeatureReferenceName><FeatureName>刷头更换提示</FeatureName><FeatureLongDescription>始终了解何时需要更换。始终获得有效清洁。</FeatureLongDescription><FeatureGlossary>刷头使用 3 个月后效果将变差，但是有了 BrushSync™，您就会在这种情况发生之前得到提醒。智能牙刷会跟踪刷牙力度，并在需要更换时通知您。还没有飞利浦 Sonicare 智能牙刷？只需观察蓝色的替换刷毛，当它们变白时，您就知道该换新刷头了。</FeatureGlossary><FeatureRank>1</FeatureRank><FeatureTopRank>5</FeatureTopRank></Feature><Feature><FeatureCode>F400081637</FeatureCode><FeatureReferenceName>Click-on design for simple brush head placement [PGC White]</FeatureReferenceName><FeatureName>轻松卡入</FeatureName><FeatureLongDescription>卡入式设计，轻松安装刷头</FeatureLongDescription><FeatureGlossary>除了 PowerUp Battery 和 Essence 之外，Premium 护龈刷头适合任何飞利浦 Sonicare 牙刷柄。只需卡入和松脱，便可轻松替换和清洗。</FeatureGlossary><FeatureRank>2</FeatureRank><FeatureTopRank>6</FeatureTopRank></Feature><Feature><FeatureCode>F400081618</FeatureCode><FeatureReferenceName>Tested to meet your oral health needs [Nebraska]</FeatureReferenceName><FeatureName>放心刷牙</FeatureName><FeatureLongDescription>经过测试，可满足您的口腔健康需求</FeatureLongDescription><FeatureGlossary>所有飞利浦 Sonicare 刷头都可安全柔和地作用于牙齿和牙龈。测试过程中，每个刷头都要通过测试，确保您每次刷牙时它都经久耐用且效果出色。</FeatureGlossary><FeatureRank>3</FeatureRank><FeatureTopRank>7</FeatureTopRank></Feature></KeyBenefitArea><FeatureImage><FeatureCode>F400081633</FeatureCode><FeatureReferenceName>Up to 7x healthier gums in just 2 weeks [Premium Gum white]</FeatureReferenceName><FeatureImageRank>1</FeatureImageRank></FeatureImage><FeatureImage><FeatureCode>F400081634</FeatureCode><FeatureReferenceName>Up to 2x more surface contact [Premium Gum white]</FeatureReferenceName><FeatureImageRank>2</FeatureImageRank></FeatureImage><FeatureImage><FeatureCode>F400081635</FeatureCode><FeatureReferenceName>Up to 10x more plaque removal [Premium Gum white]</FeatureReferenceName><FeatureImageRank>3</FeatureImageRank></FeatureImage><FeatureImage><FeatureCode>F400081616</FeatureCode><FeatureReferenceName>Engineered to boost our unique sonic [C3 Premium white 62]</FeatureReferenceName><FeatureImageRank>4</FeatureImageRank></FeatureImage><FeatureImage><FeatureCode>F400081636</FeatureCode><FeatureReferenceName>Always know when to replace[Premium Gum white]</FeatureReferenceName><FeatureImageRank>5</FeatureImageRank></FeatureImage><FeatureImage><FeatureCode>F400081637</FeatureCode><FeatureReferenceName>Click-on design for simple brush head placement [PGC White]</FeatureReferenceName><FeatureImageRank>6</FeatureImageRank></FeatureImage><FeatureImage><FeatureCode>F400081618</FeatureCode><FeatureReferenceName>Tested to meet your oral health needs [Nebraska]</FeatureReferenceName><FeatureImageRank>7</FeatureImageRank></FeatureImage><FeatureImage><FeatureCode>F400081632</FeatureCode><FeatureReferenceName>Automatically selects optimal mode [PGC White]</FeatureReferenceName><FeatureImageRank>8</FeatureImageRank></FeatureImage><FeatureHighlight><FeatureCode>F400081633</FeatureCode><FeatureReferenceName>Up to 7x healthier gums in just 2 weeks [Premium Gum white]</FeatureReferenceName><FeatureHighlightRank>1</FeatureHighlightRank></FeatureHighlight><FeatureHighlight><FeatureCode>F400081634</FeatureCode><FeatureReferenceName>Up to 2x more surface contact [Premium Gum white]</FeatureReferenceName><FeatureHighlightRank>2</FeatureHighlightRank></FeatureHighlight><FeatureHighlight><FeatureCode>F400081635</FeatureCode><FeatureReferenceName>Up to 10x more plaque removal [Premium Gum white]</FeatureReferenceName><FeatureHighlightRank>3</FeatureHighlightRank></FeatureHighlight><FeatureHighlight><FeatureCode>F400081616</FeatureCode><FeatureReferenceName>Engineered to boost our unique sonic [C3 Premium white 62]</FeatureReferenceName><FeatureHighlightRank>4</FeatureHighlightRank></FeatureHighlight><FeatureHighlight><FeatureCode>F400081636</FeatureCode><FeatureReferenceName>Always know when to replace[Premium Gum white]</FeatureReferenceName><FeatureHighlightRank>5</FeatureHighlightRank></FeatureHighlight><FeatureHighlight><FeatureCode>F400081637</FeatureCode><FeatureReferenceName>Click-on design for simple brush head placement [PGC White]</FeatureReferenceName><FeatureHighlightRank>6</FeatureHighlightRank></FeatureHighlight><FeatureHighlight><FeatureCode>F400081618</FeatureCode><FeatureReferenceName>Tested to meet your oral health needs [Nebraska]</FeatureReferenceName><FeatureHighlightRank>7</FeatureHighlightRank></FeatureHighlight><FeatureHighlight><FeatureCode>F400081632</FeatureCode><FeatureReferenceName>Automatically selects optimal mode [PGC White]</FeatureReferenceName><FeatureHighlightRank>8</FeatureHighlightRank></FeatureHighlight><CSChapter><CSChapterCode>CH4002821</CSChapterCode><CSChapterName>包含</CSChapterName><CSChapterRank>1</CSChapterRank><CSItem><CSItemCode>IT4015645</CSItemCode><CSItemName>刷头</CSItemName><CSItemRank>1</CSItemRank><CSItemIsFreeFormat>0</CSItemIsFreeFormat><CSValue><CSValueCode>VA4099081</CSValueCode><CSValueName>3 个智臻护龈刷头（G3）</CSValueName><CSValueRank>29</CSValueRank></CSValue></CSItem></CSChapter><CSChapter><CSChapterCode>CHA_0000020</CSChapterCode><CSChapterName>设计和外观</CSChapterName><CSChapterRank>2</CSChapterRank><CSItem><CSItemCode>IT4042907</CSItemCode><CSItemName>智能刷头识别</CSItemName><CSItemRank>1</CSItemRank><CSItemIsFreeFormat>0</CSItemIsFreeFormat><CSValue><CSValueCode>VA4099157</CSValueCode><CSValueName>Y</CSValueName><CSValueRank>4</CSValueRank></CSValue></CSItem><CSItem><CSItemCode>IT4036489</CSItemCode><CSItemName>刷毛硬度</CSItemName><CSItemRank>2</CSItemRank><CSItemIsFreeFormat>0</CSItemIsFreeFormat><CSValue><CSValueCode>VA4084700</CSValueCode><CSValueName>柔软</CSValueName><CSValueRank>9</CSValueRank></CSValue></CSItem><CSItem><CSItemCode>IT4036490</CSItemCode><CSItemName>规格</CSItemName><CSItemRank>3</CSItemRank><CSItemIsFreeFormat>0</CSItemIsFreeFormat><CSValue><CSValueCode>VA4084702</CSValueCode><CSValueName>标准</CSValueName><CSValueRank>13</CSValueRank></CSValue></CSItem><CSItem><CSItemCode>4010351</CSItemCode><CSItemName>颜色</CSItemName><CSItemRank>4</CSItemRank><CSItemIsFreeFormat>0</CSItemIsFreeFormat><CSValue><CSValueCode>VA4024171</CSValueCode><CSValueName>白色</CSValueName><CSValueRank>10</CSValueRank></CSValue></CSItem><CSItem><CSItemCode>IT4015651</CSItemCode><CSItemName>刷头材料</CSItemName><CSItemRank>5</CSItemRank><CSItemIsFreeFormat>0</CSItemIsFreeFormat><CSValue><CSValueCode>VA4089958</CSValueCode><CSValueName>柔软、灵活的橡胶侧边</CSValueName><CSValueRank>11</CSValueRank></CSValue></CSItem><CSItem><CSItemCode>IT4036491</CSItemCode><CSItemName>提示型刷毛</CSItemName><CSItemRank>6</CSItemRank><CSItemIsFreeFormat>0</CSItemIsFreeFormat><CSValue><CSValueCode>VA4084705</CSValueCode><CSValueName>蓝色刷毛逐渐褪色</CSValueName><CSValueRank>7</CSValueRank></CSValue></CSItem></CSChapter><CSChapter><CSChapterCode>CH4000881</CSChapterCode><CSChapterName>兼容性</CSChapterName><CSChapterRank>3</CSChapterRank><CSItem><CSItemCode>IT4036487</CSItemCode><CSItemName>牙刷头系统</CSItemName><CSItemRank>1</CSItemRank><CSItemIsFreeFormat>0</CSItemIsFreeFormat><CSValue><CSValueCode>VA4084686</CSValueCode><CSValueName>卡入式</CSValueName><CSValueRank>3</CSValueRank></CSValue></CSItem><CSItem><CSItemCode>IT4036488</CSItemCode><CSItemName>适用型号</CSItemName><CSItemRank>2</CSItemRank><CSItemIsFreeFormat>0</CSItemIsFreeFormat><CSValue><CSValueCode>VA4084694</CSValueCode><CSValueName>2 系列牙菌斑防御型</CSValueName><CSValueRank>1</CSValueRank></CSValue><CSValue><CSValueCode>VA4097014</CSValueCode><CSValueName>2 系列牙菌斑抵御型</CSValueName><CSValueRank>15</CSValueRank></CSValue><CSValue><CSValueCode>VA4084695</CSValueCode><CSValueName>3 系列牙龈健康型</CSValueName><CSValueRank>17</CSValueRank></CSValue><CSValue><CSValueCode>VA4084688</CSValueCode><CSValueName>钻石亮白型</CSValueName><CSValueRank>20</CSValueRank></CSValue><CSValue><CSValueCode>VA4099051</CSValueCode><CSValueName>DiamondClean Smart</CSValueName><CSValueRank>22</CSValueRank></CSValue><CSValue><CSValueCode>VA4084696</CSValueCode><CSValueName>EasyClean</CSValueName><CSValueRank>23</CSValueRank></CSValue><CSValue><CSValueCode>VA4084697</CSValueCode><CSValueName>Essence+</CSValueName><CSValueRank>26</CSValueRank></CSValue><CSValue><CSValueCode>VA4084691</CSValueCode><CSValueName>FlexCare</CSValueName><CSValueRank>27</CSValueRank></CSValue><CSValue><CSValueCode>VA4084689</CSValueCode><CSValueName>致臻护齿型</CSValueName><CSValueRank>30</CSValueRank></CSValue><CSValue><CSValueCode>VA4099052</CSValueCode><CSValueName>致臻护齿型（已连接）</CSValueName><CSValueRank>33</CSValueRank></CSValue><CSValue><CSValueCode>VA4084690</CSValueCode><CSValueName>深层净护型</CSValueName><CSValueRank>35</CSValueRank></CSValue><CSValue><CSValueCode>VA4084693</CSValueCode><CSValueName>儿童</CSValueName><CSValueRank>36</CSValueRank></CSValue><CSValue><CSValueCode>VA4084692</CSValueCode><CSValueName>健康净白型</CSValueName><CSValueRank>39</CSValueRank></CSValue><CSValue><CSValueCode>VA4091387</CSValueCode><CSValueName>HealthyWhite+</CSValueName><CSValueRank>40</CSValueRank></CSValue><CSValue><CSValueCode>VA4084698</CSValueCode><CSValueName>PowerUp</CSValueName><CSValueRank>43</CSValueRank></CSValue></CSItem></CSChapter><CSChapter><CSChapterCode>CH4007361</CSChapterCode><CSChapterName>质量和性能</CSChapterName><CSChapterRank>4</CSChapterRank><CSItem><CSItemCode>IT4036492</CSItemCode><CSItemName>替换</CSItemName><CSItemRank>1</CSItemRank><CSItemIsFreeFormat>0</CSItemIsFreeFormat><CSValue><CSValueCode>VA4084706</CSValueCode><CSValueName>每隔 3 个月</CSValueName><CSValueRank>6</CSValueRank></CSValue></CSItem><CSItem><CSItemCode>IT4036493</CSItemCode><CSItemName>经过测试</CSItemName><CSItemRank>2</CSItemRank><CSItemIsFreeFormat>0</CSItemIsFreeFormat><CSValue><CSValueCode>VA4084707</CSValueCode><CSValueName>带来理想使用效果</CSValueName><CSValueRank>5</CSValueRank></CSValue></CSItem></CSChapter><CSChapter><CSChapterCode>CH4007362</CSChapterCode><CSChapterName>健康益处</CSChapterName><CSChapterRank>7</CSChapterRank><CSItem><CSItemCode>IT4036495</CSItemCode><CSItemName>牙龈健康</CSItemName><CSItemRank>1</CSItemRank><CSItemIsFreeFormat>0</CSItemIsFreeFormat><CSValue><CSValueCode>VA4099150</CSValueCode><CSValueName>提供 7 倍更健康的牙龈*</CSValueName><CSValueRank>2</CSValueRank></CSValue></CSItem><CSItem><CSItemCode>IT4036494</CSItemCode><CSItemName>去除牙菌斑</CSItemName><CSItemRank>2</CSItemRank><CSItemIsFreeFormat>0</CSItemIsFreeFormat><CSValue><CSValueCode>VA4099151</CSValueCode><CSValueName>去除多达 10 倍的牙菌斑*****</CSValueName><CSValueRank>12</CSValueRank></CSValue></CSItem></CSChapter><Filters><Purpose type="Comparison"><Features><Feature code="F400081633" rank="1" referenceName="Up to 7x healthier gums in just 2 weeks [Premium Gum white]"/><Feature code="F400081634" rank="2" referenceName="Up to 2x more surface contact [Premium Gum white]"/><Feature code="F400081635" rank="3" referenceName="Up to 10x more plaque removal [Premium Gum white]"/><Feature code="F400081616" rank="4" referenceName="Engineered to boost our unique sonic [C3 Premium white 62]"/><Feature code="F400081636" rank="5" referenceName="Always know when to replace[Premium Gum white]"/><Feature code="F400081637" rank="6" referenceName="Click-on design for simple brush head placement [PGC White]"/><Feature code="F400081618" rank="7" referenceName="Tested to meet your oral health needs [Nebraska]"/><Feature code="F400081632" rank="8" referenceName="Automatically selects optimal mode [PGC White]"/></Features><CSItems><CSItem code="IT4015645" rank="1" referenceName="Items included - Brush heads"/><CSItem code="IT4036487" rank="1" referenceName="Compatibility - Brush head system"/><CSItem code="IT4036492" rank="1" referenceName="Quality and performance - Replacement"/><CSItem code="IT4036495" rank="1" referenceName="Health benefits - Gum health"/><CSItem code="IT4042907" rank="1" referenceName="Design and finishing - Smart Brush Head Recognition"/><CSItem code="IT4036488" rank="2" referenceName="Compatibility - Suitable for these models"/><CSItem code="IT4036489" rank="2" referenceName="Design and finishing - Bristle stiffness feel"/><CSItem code="IT4036493" rank="2" referenceName="Quality and performance - Tested"/><CSItem code="IT4036494" rank="2" referenceName="Health benefits - Plaque removal"/><CSItem code="IT4036490" rank="3" referenceName="Design and finishing - Size"/><CSItem code="4010351" rank="4" referenceName="Design and finishing - Color"/><CSItem code="IT4015651" rank="5" referenceName="Design and finishing - Material brush head"/><CSItem code="IT4036491" rank="6" referenceName="Design and finishing - Reminder bristles"/></CSItems></Purpose><Purpose type="Detail"><Features><Feature code="F400081633" rank="1" referenceName="Up to 7x healthier gums in just 2 weeks [Premium Gum white]"/><Feature code="F400081634" rank="2" referenceName="Up to 2x more surface contact [Premium Gum white]"/><Feature code="F400081635" rank="3" referenceName="Up to 10x more plaque removal [Premium Gum white]"/><Feature code="F400081616" rank="4" referenceName="Engineered to boost our unique sonic [C3 Premium white 62]"/><Feature code="F400081636" rank="5" referenceName="Always know when to replace[Premium Gum white]"/><Feature code="F400081637" rank="6" referenceName="Click-on design for simple brush head placement [PGC White]"/><Feature code="F400081618" rank="7" referenceName="Tested to meet your oral health needs [Nebraska]"/><Feature code="F400081632" rank="8" referenceName="Automatically selects optimal mode [PGC White]"/></Features><CSItems><CSItem code="IT4015645" rank="1" referenceName="Items included - Brush heads"/><CSItem code="IT4036487" rank="1" referenceName="Compatibility - Brush head system"/><CSItem code="IT4036492" rank="1" referenceName="Quality and performance - Replacement"/><CSItem code="IT4036495" rank="1" referenceName="Health benefits - Gum health"/><CSItem code="IT4042907" rank="1" referenceName="Design and finishing - Smart Brush Head Recognition"/><CSItem code="IT4036488" rank="2" referenceName="Compatibility - Suitable for these models"/><CSItem code="IT4036489" rank="2" referenceName="Design and finishing - Bristle stiffness feel"/><CSItem code="IT4036493" rank="2" referenceName="Quality and performance - Tested"/><CSItem code="IT4036494" rank="2" referenceName="Health benefits - Plaque removal"/><CSItem code="IT4036490" rank="3" referenceName="Design and finishing - Size"/><CSItem code="4010351" rank="4" referenceName="Design and finishing - Color"/><CSItem code="IT4015651" rank="5" referenceName="Design and finishing - Material brush head"/><CSItem code="IT4036491" rank="6" referenceName="Design and finishing - Reminder bristles"/></CSItems></Purpose></Filters><FeatureCompareGroups/><Disclaimers><Disclaimer code="DIS40011310" rank="1" referenceName="*in Gum Care Mode vs a manual toothbrush w/leading whitening"><DisclaimerText>*护龈模式与手动牙刷对比；由 GBI 测量</DisclaimerText><DisclaimElements/></Disclaimer><Disclaimer code="DIS40011309" rank="2" referenceName="**than a DiamondClean brush head"><DisclaimerText>*与 DiamondClean 刷头相比</DisclaimerText><DisclaimElements/></Disclaimer><Disclaimer code="DIS40011311" rank="3" referenceName="***in Gum Care Mode vs a manual toothbrush; measured by GBI"><DisclaimerText>**在牙龈保健模式下，与手动牙刷相比，由 GBI 测得</DisclaimerText><DisclaimElements/></Disclaimer><Disclaimer code="DIS40011348" rank="4" referenceName="****BrushSync™ mode-pairing is only compatible with Philips"><DisclaimerText>*** BrushSync™ 模式配对仅与飞利浦 Sonicare 支持 BrushSync™ 的牙刷柄兼容</DisclaimerText><DisclaimElements/></Disclaimer><Disclaimer code="DIS40011349" rank="5" referenceName="*****than a manual toothbrush"><DisclaimerText>****与手动牙刷相比</DisclaimerText><DisclaimElements/></Disclaimer></Disclaimers><KeyValuePairs><KeyValuePair><Key>FdaFlag</Key><Value>true</Value><Type>String</Type></KeyValuePair><KeyValuePair><Key>GrantGroup</Key><Value>PHILIPS</Value><Type>String</Type></KeyValuePair><KeyValuePair><Key>IT4027932</Key><Value>VA4065485</Value><Type>String</Type></KeyValuePair><KeyValuePair><Key>IT4036498</Key><Value>VA4084720</Value><Type>String</Type></KeyValuePair><KeyValuePair><Key>IT4036498</Key><Value>VA4084721</Value><Type>String</Type></KeyValuePair><KeyValuePair><Key>IT4036498</Key><Value>VA4084722</Value><Type>String</Type></KeyValuePair><KeyValuePair><Key>IT4036498</Key><Value>VA4084723</Value><Type>String</Type></KeyValuePair><KeyValuePair><Key>IT4036498</Key><Value>VA4084724</Value><Type>String</Type></KeyValuePair><KeyValuePair><Key>IT4036498</Key><Value>VA4084725</Value><Type>String</Type></KeyValuePair><KeyValuePair><Key>IT4036498</Key><Value>VA4084726</Value><Type>String</Type></KeyValuePair><KeyValuePair><Key>IT4036498</Key><Value>VA4084727</Value><Type>String</Type></KeyValuePair><KeyValuePair><Key>IT4036498</Key><Value>VA4084728</Value><Type>String</Type></KeyValuePair><KeyValuePair><Key>IT4036498</Key><Value>VA4084729</Value><Type>String</Type></KeyValuePair><KeyValuePair><Key>IT4036498</Key><Value>VA4084730</Value><Type>String</Type></KeyValuePair><KeyValuePair><Key>IT4036498</Key><Value>VA4091386</Value><Type>String</Type></KeyValuePair><KeyValuePair><Key>IT4036498</Key><Value>VA4097015</Value><Type>String</Type></KeyValuePair><KeyValuePair><Key>IT4036498</Key><Value>VA4099055</Value><Type>String</Type></KeyValuePair><KeyValuePair><Key>IT4036498</Key><Value>VA4099056</Value><Type>String</Type></KeyValuePair></KeyValuePairs><ProductClusters/><ProductRefs><ProductReference ProductReferenceType="Performer"><CTN>HX6857/20</CTN><CTN>HX6856/12</CTN><CTN>HX6851/59</CTN><CTN>HX6808/02</CTN><CTN>HX9984/02</CTN><CTN>HX6853/12</CTN><CTN>HX6809/02</CTN><CTN>HX9924/22</CTN><CTN>HX9903/42</CTN><CTN>HX6807/02</CTN><CTN>HX9954/52</CTN><CTN>HX6803/02</CTN><CTN>HX6871/42</CTN><CTN>HX9924/12</CTN><CTN>HX6897/22</CTN><CTN>HX6874/42</CTN><CTN>HX6859/12</CTN><CTN>HX6855/12</CTN><CTN>HX6806/02</CTN><CTN>HX9944/02</CTN><CTN>HX9903/02</CTN><CTN>HX6877/27</CTN></ProductReference></ProductRefs><RichTexts/><GreenData><GreenAwards/><EnergyLabel/></GreenData></Product></Products>