<?xml version="1.0" encoding="UTF-8"?><Products xmlns:source="http://apache.org/cocoon/source/1.0" DocStatus="approved" DocTimeStamp="2018-10-31T11:35:06" DocType="PMT" DocVersion="xUCDM_product_external_CQ5_1_1_25"><Product Country="CN" IsAccessory="false" IsMaster="false" Locale="zh_CN" lastModified="2018-10-31T09:50:31" masterLastModified="2018-10-24T00:35:00"><CTN>S210/12</CTN><GTIN>06947265411599</GTIN><MarketingVersion>5.1.1</MarketingVersion><MarketingStatus>Final Published</MarketingStatus><CRDate>2016-02-12</CRDate><CRDateYW>201607</CRDateYW><ModelYears/><ProductDivision><ProductDivisionCode>0200</ProductDivisionCode><ProductDivisionName>Consumer Lifestyle</ProductDivisionName><FormerPDCode>0300</FormerPDCode></ProductDivision><ProductOwner>Lily Dong</ProductOwner><DTN>S210</DTN><Assets><Asset code="S210_12" description="User manual" extension="pdf" extent="989740" lastModified="2018-10-31" locale="zh_CN" number="001" type="DFU">http://download.p4c.philips.com/files/s/s210_12/s210_12_dfu_zhs.pdf</Asset><Asset code="S210_12" description="Leaflet" extension="pdf" extent="498785" lastModified="2018-10-31" locale="zh_CN" number="001" type="PSS">http://download.p4c.philips.com/files/s/s210_12/s210_12_pss_zhscn.pdf</Asset><Asset code="S210_12" description="Retail Trade Leaflet" extension="pdf" extent="292726" lastModified="2018-10-31" locale="zh_CN" number="001" type="RTL">http://download.p4c.philips.com/files/s/s210_12/s210_12_rtl_zhscn.pdf</Asset><Asset code="S210_12" description="Alternative product photograph 1 - highres 2196x1795" extension="tif" extent="3327322" lastModified="2018-10-31" locale="global" number="001" type="A1P">http://images.philips.com/is/image/PhilipsConsumer/S210_12-A1P-global-001</Asset><Asset code="S210_12" description="Product detail 1 - highres 2196x1795" extension="tif" extent="3038182" lastModified="2018-10-31" locale="global" number="001" type="D1P">http://images.philips.com/is/image/PhilipsConsumer/S210_12-D1P-global-001</Asset><Asset code="S210_12" description="Product detail 2 - highres 2196x1795" extension="tif" extent="2610892" lastModified="2018-10-31" locale="global" number="001" type="D2P">http://images.philips.com/is/image/PhilipsConsumer/S210_12-D2P-global-001</Asset><Asset code="S210_12" description="Product 3D" extension="zip" extent="48021018" lastModified="2018-10-31" locale="global" number="001" type="P3D">http://images.philips.com/is/image/PhilipsConsumer/S210_12-P3D-global</Asset><Asset code="S210_12" description="Product 360 video" extension="flv" extent="606796" lastModified="2018-10-31" locale="global" number="001" type="P3F">http://images.philips.com/is/image/PhilipsConsumer/S210_12-P3F-global-001</Asset><Asset code="S210_12" description="Product with accessory photograph - highres425x377" extension="tif" extent="4266584" lastModified="2018-10-31" locale="global" number="001" type="PA1">http://images.philips.com/is/image/PhilipsConsumer/S210_12-PA1-global-001</Asset><Asset code="S210_12" description="Product with accessory photograph-highres2196x1795" extension="tif" extent="4266584" lastModified="2018-10-31" locale="global" number="001" type="PAH">http://images.philips.com/is/image/PhilipsConsumer/S210_12-PAH-global-001</Asset><Asset code="S210_12" description="Packaging photograph - highres 1447x756" extension="tif" extent="3853442" lastModified="2018-10-31" locale="global" number="001" type="PID">http://images.philips.com/is/image/PhilipsConsumer/S210_12-PID-global-001</Asset><Asset code="S210_12" description="Leaflet" extension="pdf" extent="515752" lastModified="2018-10-31" locale="global" number="001" type="PSS">http://download.p4c.philips.com/files/s/s210_12/s210_12_pss_.pdf</Asset><Asset code="S210_12" description="Standard product photograph - highres 2196x1795" extension="tif" extent="4935038" lastModified="2018-10-31" locale="global" number="001" type="RTP">http://images.philips.com/is/image/PhilipsConsumer/S210_12-RTP-global-001</Asset><Asset code="S210_12" description="Single product shot" extension="" lastModified="2018-10-31" locale="zh_CN" number="" type="IMS">http://images.philips.com/is/image/PhilipsConsumer/S210_12-IMS-zh_CN</Asset><Asset code="S210_12" description="Product gallery image set" extension="" lastModified="2018-10-31" locale="zh_CN" number="" type="GAL">http://images.philips.com/is/image/PhilipsConsumer/S210_12-GAL-zh_CN</Asset><Asset code="S210_12" description="Product URL" extension="" lastModified="2018-10-31" locale="zh_CN" number="" type="URL">http://www.philips.com.cn/c-p/S210_12/primarycell-non-rechargable-shaver</Asset><Asset code="F400035730_S210_12" description="Feature photograph - highres 2100x1170" extension="tif" extent="1062332" lastModified="2018-10-31" locale="global" number="001" type="FIL">http://images.philips.com/is/image/PhilipsConsumer/F400035730_S210_12-FIL-global-001</Asset><Asset code="F400076330" description="Feature photograph - highres 2100x1170" extension="tif" extent="675936" lastModified="2018-10-31" locale="global" number="001" type="FIL">http://images.philips.com/is/image/PhilipsConsumer/F400076330-FIL-global-001</Asset><Asset code="F400076331" description="Feature photograph - highres 2100x1170" extension="tif" extent="681386" lastModified="2018-10-31" locale="global" number="001" type="FIL">http://images.philips.com/is/image/PhilipsConsumer/F400076331-FIL-global-001</Asset><Asset code="F400076395" description="Feature photograph - highres 2100x1170" extension="tif" extent="759644" lastModified="2018-10-31" locale="global" number="001" type="FIL">http://images.philips.com/is/image/PhilipsConsumer/F400076395-FIL-global-001</Asset><Asset code="PHI" description="Brand logo - highres 1476x886" extension="tif" extent="641666" lastModified="2018-10-31" locale="global" number="001" type="BRP">http://images.philips.com/is/image/PhilipsConsumer/PHI-BRP-global-001</Asset></Assets><ProductName>免充电剃须刀</ProductName><NamingString><MasterBrand><BrandCode>PHI</BrandCode><BrandName>Philips</BrandName></MasterBrand><BrandString>飞利浦</BrandString><Concept><ConceptCode>SB40007329</ConceptCode><ConceptName>PrimaryCell</ConceptName><ConceptNameUsed>0</ConceptNameUsed></Concept><Family><FamilyCode>SB40007330</FamilyCode><FamilyName>PrimaryCell</FamilyName><FamilyNameUsed>1</FamilyNameUsed></Family><Descriptor><DescriptorCode>D4027232</DescriptorCode><DescriptorName>免充电剃须刀</DescriptorName></Descriptor><Alphanumeric>S210</Alphanumeric><VersionString/><BrandedFeatureString/><DescriptorBrandedFeatureString>免充电剃须刀</DescriptorBrandedFeatureString></NamingString><WOW>外出途中也能获得方便舒适的剃须体验</WOW><MarketingTextHeader>全新的 Primary Cell 剃须刀配备经久耐用的电池，可连续使用长达 430 分钟。须刀采用 Ag+ 银离子抑菌材料并配备清洁切剃系统，确保外出途中也能获得方便舒适的剃须体验。</MarketingTextHeader><KeyBenefitArea><KeyBenefitAreaCode>K4032108</KeyBenefitAreaCode><KeyBenefitAreaName>电池经久耐用，可使用长达 430 分钟</KeyBenefitAreaName><KeyBenefitAreaRank>1</KeyBenefitAreaRank><Feature><FeatureCode>F400076330</FeatureCode><FeatureReferenceName>Long lasting power</FeatureReferenceName><FeatureName>电池经久耐用</FeatureName><FeatureLongDescription>无需充电可使用长达 430 分钟</FeatureLongDescription><FeatureGlossary>电池经久耐用，可连续使用长达 430 分钟而无需充电，可供 2 年随行剃须*。</FeatureGlossary><FeatureRank>2</FeatureRank><FeatureTopRank>1</FeatureTopRank></Feature></KeyBenefitArea><KeyBenefitArea><KeyBenefitAreaCode>K4029262</KeyBenefitAreaCode><KeyBenefitAreaName>卫生剃须</KeyBenefitAreaName><KeyBenefitAreaRank>2</KeyBenefitAreaRank><Feature><FeatureCode>F400076331</FeatureCode><FeatureReferenceName>Antibacterial material</FeatureReferenceName><FeatureName>抑菌材料</FeatureName><FeatureLongDescription>有效抑制 99% 的细菌，确保剃须卫生</FeatureLongDescription><FeatureGlossary>抑菌材料可有效抑制 99% 的细菌*，确保剃须刀随时随地洁净卫生。</FeatureGlossary><FeatureRank>3</FeatureRank><FeatureTopRank>2</FeatureTopRank></Feature></KeyBenefitArea><KeyBenefitArea><KeyBenefitAreaCode>K4032110</KeyBenefitAreaCode><KeyBenefitAreaName>高效剃须</KeyBenefitAreaName><KeyBenefitAreaRank>3</KeyBenefitAreaRank><Feature><FeatureCode>F400076395</FeatureCode><FeatureReferenceName>CloseCut shaving system</FeatureReferenceName><FeatureName>清洁切剃系统</FeatureName><FeatureLongDescription>进口剃须刀头，带给您舒适的剃须体验</FeatureLongDescription><FeatureRank>4</FeatureRank><FeatureTopRank>3</FeatureTopRank></Feature></KeyBenefitArea><KeyBenefitArea><KeyBenefitAreaCode>K4032111</KeyBenefitAreaCode><KeyBenefitAreaName>适合外出使用</KeyBenefitAreaName><KeyBenefitAreaRank>4</KeyBenefitAreaRank><Feature><FeatureCode>F400076333</FeatureCode><FeatureReferenceName>Compact design (PrimaryCell)</FeatureReferenceName><FeatureName>小巧身形</FeatureName><FeatureLongDescription>轻便小巧，可轻松放入行李箱或车内</FeatureLongDescription><FeatureRank>1</FeatureRank><FeatureTopRank>4</FeatureTopRank></Feature><Feature><FeatureCode>F400035730_S210_12</FeatureCode><FeatureReferenceName>Travel Lock (Wukong MLU)</FeatureReferenceName><FeatureName>旅行锁</FeatureName><FeatureLongDescription>旅行锁</FeatureLongDescription><FeatureGlossary>旅行锁可防止剃须刀意外开启。</FeatureGlossary><FeatureRank>5</FeatureRank><FeatureTopRank>5</FeatureTopRank></Feature></KeyBenefitArea><FeatureImage><FeatureCode>F400076330</FeatureCode><FeatureReferenceName>Long lasting power</FeatureReferenceName><FeatureImageRank>1</FeatureImageRank></FeatureImage><FeatureImage><FeatureCode>F400076331</FeatureCode><FeatureReferenceName>Antibacterial material</FeatureReferenceName><FeatureImageRank>2</FeatureImageRank></FeatureImage><FeatureImage><FeatureCode>F400076395</FeatureCode><FeatureReferenceName>CloseCut shaving system</FeatureReferenceName><FeatureImageRank>3</FeatureImageRank></FeatureImage><FeatureImage><FeatureCode>F400076333</FeatureCode><FeatureReferenceName>Compact design (PrimaryCell)</FeatureReferenceName><FeatureImageRank>4</FeatureImageRank></FeatureImage><FeatureImage><FeatureCode>F400035730_S210_12</FeatureCode><FeatureReferenceName>Travel Lock (Wukong MLU)</FeatureReferenceName><FeatureImageRank>5</FeatureImageRank></FeatureImage><FeatureHighlight><FeatureCode>F400076330</FeatureCode><FeatureReferenceName>Long lasting power</FeatureReferenceName><FeatureHighlightRank>1</FeatureHighlightRank></FeatureHighlight><FeatureHighlight><FeatureCode>F400076331</FeatureCode><FeatureReferenceName>Antibacterial material</FeatureReferenceName><FeatureHighlightRank>2</FeatureHighlightRank></FeatureHighlight><FeatureHighlight><FeatureCode>F400076395</FeatureCode><FeatureReferenceName>CloseCut shaving system</FeatureReferenceName><FeatureHighlightRank>3</FeatureHighlightRank></FeatureHighlight><FeatureHighlight><FeatureCode>F400076333</FeatureCode><FeatureReferenceName>Compact design (PrimaryCell)</FeatureReferenceName><FeatureHighlightRank>4</FeatureHighlightRank></FeatureHighlight><FeatureHighlight><FeatureCode>F400035730_S210_12</FeatureCode><FeatureReferenceName>Travel Lock (Wukong MLU)</FeatureReferenceName><FeatureHighlightRank>5</FeatureHighlightRank></FeatureHighlight><CSChapter><CSChapterCode>3000815</CSChapterCode><CSChapterName>附件</CSChapterName><CSChapterRank>1</CSChapterRank><CSItem><CSItemCode>IT4007992</CSItemCode><CSItemName>维护</CSItemName><CSItemRank>4</CSItemRank><CSItemIsFreeFormat>0</CSItemIsFreeFormat><CSValue><CSValueCode>VA4019995</CSValueCode><CSValueName>清洁刷</CSValueName><CSValueRank>6</CSValueRank></CSValue></CSItem><CSItem><CSItemCode>IT4007991</CSItemCode><CSItemName>旅行软袋</CSItemName><CSItemRank>6</CSItemRank><CSItemIsFreeFormat>0</CSItemIsFreeFormat><CSValue><CSValueCode>VA4019993</CSValueCode><CSValueName>柔软的便携袋</CSValueName><CSValueRank>5</CSValueRank></CSValue></CSItem></CSChapter><CSChapter><CSChapterCode>3001096</CSChapterCode><CSChapterName>设计</CSChapterName><CSChapterRank>2</CSChapterRank><CSItem><CSItemCode>3011951</CSItemCode><CSItemName>颜色</CSItemName><CSItemRank>3</CSItemRank><CSItemIsFreeFormat>0</CSItemIsFreeFormat><CSValue><CSValueCode>VA4022010</CSValueCode><CSValueName>热巧克力</CSValueName><CSValueRank>8</CSValueRank></CSValue></CSItem><CSItem><CSItemCode>IT4008709</CSItemCode><CSItemName>手柄</CSItemName><CSItemRank>9</CSItemRank><CSItemIsFreeFormat>0</CSItemIsFreeFormat><CSValue><CSValueCode>VA4021329</CSValueCode><CSValueName>防滑手柄</CSValueName><CSValueRank>7</CSValueRank></CSValue></CSItem></CSChapter><CSChapter><CSChapterCode>CH4001524</CSChapterCode><CSChapterName>操作简易</CSChapterName><CSChapterRank>3</CSChapterRank><CSItem><CSItemCode>IT4007981</CSItemCode><CSItemName>充电</CSItemName><CSItemRank>1</CSItemRank><CSItemIsFreeFormat>0</CSItemIsFreeFormat><CSValue><CSValueCode>VA4093494</CSValueCode><CSValueName>免充电式</CSValueName><CSValueRank>1</CSValueRank></CSValue></CSItem><CSItem><CSItemCode>IT4008711</CSItemCode><CSItemName>剃须时间</CSItemName><CSItemRank>8</CSItemRank><CSItemIsFreeFormat>0</CSItemIsFreeFormat><CSValue><CSValueCode>VA4093493</CSValueCode><CSValueName>430 分钟</CSValueName><CSValueRank>2</CSValueRank></CSValue></CSItem></CSChapter><CSChapter><CSChapterCode>CH4001523</CSChapterCode><CSChapterName>剃须性能</CSChapterName><CSChapterRank>4</CSChapterRank><CSItem><CSItemCode>IT4007977</CSItemCode><CSItemName>智能贴合</CSItemName><CSItemRank>2</CSItemRank><CSItemIsFreeFormat>0</CSItemIsFreeFormat><CSValue><CSValueCode>VA4019951</CSValueCode><CSValueName>独立浮动刀头</CSValueName><CSValueRank>4</CSValueRank></CSValue></CSItem><CSItem><CSItemCode>IT4007976</CSItemCode><CSItemName>剃须系统</CSItemName><CSItemRank>7</CSItemRank><CSItemIsFreeFormat>0</CSItemIsFreeFormat><CSValue><CSValueCode>VA4093495</CSValueCode><CSValueName>清洁切剃系统</CSValueName><CSValueRank>3</CSValueRank></CSValue><CSValue><CSValueCode>VA4055393</CSValueCode><CSValueName>欧洲进口</CSValueName><CSValueRank>9</CSValueRank></CSValue></CSItem></CSChapter><Filters><Purpose type="Comparison"><Features><Feature code="F400076330" rank="1" referenceName="Long lasting power"/><Feature code="F400076331" rank="2" referenceName="Antibacterial material"/><Feature code="F400076395" rank="3" referenceName="CloseCut shaving system"/><Feature code="F400076333" rank="4" referenceName="Compact design (PrimaryCell)"/><Feature code="F400035730_S210_12" rank="5" referenceName="Travel Lock (Wukong MLU)"/></Features><CSItems><CSItem code="IT4007981" rank="1" referenceName="Ease of use - Charging"/><CSItem code="IT4007977" rank="2" referenceName="Shaving Performance - Contour following"/><CSItem code="3011951" rank="3" referenceName="Design - Color"/><CSItem code="IT4007992" rank="4" referenceName="Accessories - Maintenance"/><CSItem code="IT4007991" rank="6" referenceName="Accessories - Pouch"/><CSItem code="IT4007976" rank="7" referenceName="Shaving Performance - Shaving system"/><CSItem code="IT4008711" rank="8" referenceName="Ease of use - Shaving time"/><CSItem code="IT4008709" rank="9" referenceName="Design - Handle"/></CSItems></Purpose><Purpose type="Detail"><Features><Feature code="F400076330" rank="1" referenceName="Long lasting power"/><Feature code="F400076331" rank="2" referenceName="Antibacterial material"/><Feature code="F400076395" rank="3" referenceName="CloseCut shaving system"/><Feature code="F400076333" rank="4" referenceName="Compact design (PrimaryCell)"/><Feature code="F400035730_S210_12" rank="5" referenceName="Travel Lock (Wukong MLU)"/></Features><CSItems><CSItem code="IT4007981" rank="1" referenceName="Ease of use - Charging"/><CSItem code="IT4007977" rank="2" referenceName="Shaving Performance - Contour following"/><CSItem code="3011951" rank="3" referenceName="Design - Color"/><CSItem code="IT4007992" rank="4" referenceName="Accessories - Maintenance"/><CSItem code="IT4007991" rank="6" referenceName="Accessories - Pouch"/><CSItem code="IT4007976" rank="7" referenceName="Shaving Performance - Shaving system"/><CSItem code="IT4008711" rank="8" referenceName="Ease of use - Shaving time"/><CSItem code="IT4008709" rank="9" referenceName="Design - Handle"/></CSItems></Purpose></Filters><FeatureCompareGroups/><Disclaimers><Disclaimer code="DIS40009736" rank="1" referenceName="Long lasting power(primarycell)"><DisclaimerText>*根据第三方研究机构提供的平均外出剃须时间及频率计算得出。</DisclaimerText><DisclaimElements/></Disclaimer><Disclaimer code="DIS40009737" rank="2" referenceName="Antibacterial material"><DisclaimerText>*基于授权机构根据 GB21551.2-2010 标准所做测试的结果，采用 Ag+ 银离子抑菌材料的刀头环架可抑制 99% 的大肠杆菌、金黄色葡萄球菌。</DisclaimerText><DisclaimElements/></Disclaimer></Disclaimers><KeyValuePairs><KeyValuePair><Key>FdaFlag</Key><Value>false</Value><Type>String</Type></KeyValuePair><KeyValuePair><Key>GrantGroup</Key><Value>PHILIPS</Value><Type>String</Type></KeyValuePair><KeyValuePair><Key>IT4030251</Key><Value>VA4069222</Value><Type>String</Type></KeyValuePair></KeyValuePairs><ProductClusters/><ProductRefs><ProductReference ProductReferenceType="Accessory"><CTN>HQ110/01</CTN><CTN>HQ110/02</CTN><CTN>HQ110/42</CTN></ProductReference></ProductRefs><RichTexts/><GreenData><GreenAwards/><EnergyLabel/></GreenData></Product></Products>