<?xml version="1.0" encoding="UTF-8"?><Products xmlns:source="http://apache.org/cocoon/source/1.0" DocStatus="approved" DocTimeStamp="2018-10-31T11:35:06" DocType="PMT" DocVersion="xUCDM_product_external_CQ5_1_1_25"><Product Country="CN" IsAccessory="false" IsMaster="false" Locale="zh_CN" lastModified="2018-10-31T09:50:31" masterLastModified="2018-06-30T00:18:36"><CTN>SCF751/32</CTN><GTIN>08710103827610</GTIN><MarketingVersion>4.0.1</MarketingVersion><MarketingStatus>Final Published</MarketingStatus><CRDate>2017-07-28</CRDate><CRDateYW>201730</CRDateYW><ModelYears/><ProductDivision><ProductDivisionCode>0200</ProductDivisionCode><ProductDivisionName>Consumer Lifestyle</ProductDivisionName><FormerPDCode>0300</FormerPDCode></ProductDivision><ProductOwner>Ulrike Krisch</ProductOwner><DTN>SCF751/32</DTN><Assets><Asset code="SCF751_32" description="User manual" extension="pdf" extent="1292202" lastModified="2018-10-31" locale="zh_CN" number="001" type="DFU">http://download.p4c.philips.com/files/s/scf751_32/scf751_32_dfu_zhs.pdf</Asset><Asset code="SCF751_32" description="Leaflet" extension="pdf" extent="536711" lastModified="2018-10-31" locale="zh_CN" number="001" type="PSS">http://download.p4c.philips.com/files/s/scf751_32/scf751_32_pss_zhscn.pdf</Asset><Asset code="SCF751_32" description="Retail Trade Leaflet" extension="pdf" extent="319200" lastModified="2018-10-31" locale="zh_CN" number="001" type="RTL">http://download.p4c.philips.com/files/s/scf751_32/scf751_32_rtl_zhscn.pdf</Asset><Asset code="SCF751_32" description="Alternative product photograph 1 - highres 2196x1795" extension="tif" extent="2176376" lastModified="2018-10-31" locale="global" number="001" type="A1P">http://images.philips.com/is/image/PhilipsConsumer/SCF751_32-A1P-global-001</Asset><Asset code="SCF751_32" description="Alternative product photograph 2 - highres 2196x1795" extension="tif" extent="1857672" lastModified="2018-10-31" locale="global" number="001" type="A2P">http://images.philips.com/is/image/PhilipsConsumer/SCF751_32-A2P-global-001</Asset><Asset code="SCF751_32" description="Alternative product photograph - highres 2196x1795" extension="tif" extent="2398674" lastModified="2018-10-31" locale="global" number="001" type="APP">http://images.philips.com/is/image/PhilipsConsumer/SCF751_32-APP-global-001</Asset><Asset code="SCF751_32" description="Eco passport " extension="pdf" extent="110194" lastModified="2018-10-31" locale="global" number="001" type="ECO">http://download.p4c.philips.com/files/s/scf751_32/scf751_32_eco_.pdf</Asset><Asset code="SCF751_32" description="Main in-use photograph - highres 2480x1462" extension="tif" extent="6137402" lastModified="2018-10-31" locale="global" number="001" type="MI1">http://images.philips.com/is/image/PhilipsConsumer/SCF751_32-MI1-global-001</Asset><Asset code="SCF751_32" description="Leaflet" extension="pdf" extent="473958" lastModified="2018-10-31" locale="global" number="001" type="PSS">http://download.p4c.philips.com/files/s/scf751_32/scf751_32_pss_.pdf</Asset><Asset code="SCF751_32" description="Standard product photograph - highres 2196x1795" extension="tif" extent="2868570" lastModified="2018-10-31" locale="global" number="001" type="RTP">http://images.philips.com/is/image/PhilipsConsumer/SCF751_32-RTP-global-001</Asset><Asset code="SCF751_32" description="Single product shot" extension="" lastModified="2018-10-31" locale="zh_CN" number="" type="IMS">http://images.philips.com/is/image/PhilipsConsumer/SCF751_32-IMS-zh_CN</Asset><Asset code="SCF751_32" description="Product gallery image set" extension="" lastModified="2018-10-31" locale="zh_CN" number="" type="GAL">http://images.philips.com/is/image/PhilipsConsumer/SCF751_32-GAL-zh_CN</Asset><Asset code="SCF751_32" description="Product URL" extension="" lastModified="2018-10-31" locale="zh_CN" number="" type="URL">http://www.philips.com.cn/c-p/SCF751_32/avent-spout-cup</Asset><Asset code="AVE" description="Brand logo - highres 1476x886" extension="jpg" extent="164687" lastModified="2018-10-31" locale="global" number="001" type="BRP">http://images.philips.com/is/image/PhilipsConsumer/AVE-BRP-global-001</Asset><Asset code="F400029769" description="Feature photograph - highres 2100x1170" extension="tif" extent="689106" lastModified="2018-10-31" locale="global" number="001" type="FIL">http://images.philips.com/is/image/PhilipsConsumer/F400029769-FIL-global-001</Asset><Asset code="F400035085" description="Feature photograph - highres 2100x1170" extension="tif" extent="691996" lastModified="2018-10-31" locale="global" number="001" type="FIL">http://images.philips.com/is/image/PhilipsConsumer/F400035085-FIL-global-001</Asset><Asset code="F400059526" description="Feature photograph - highres 2100x1170" extension="tif" extent="1066436" lastModified="2018-10-31" locale="global" number="001" type="FIL">http://images.philips.com/is/image/PhilipsConsumer/F400059526-FIL-global-001</Asset><Asset code="F400059546" description="Feature photograph - highres 2100x1170" extension="tif" extent="2922654" lastModified="2018-10-31" locale="global" number="001" type="FIL">http://images.philips.com/is/image/PhilipsConsumer/F400059546-FIL-global-001</Asset><Asset code="F400059548" description="Feature photograph - highres 2100x1170" extension="tif" extent="1675984" lastModified="2018-10-31" locale="global" number="001" type="FIL">http://images.philips.com/is/image/PhilipsConsumer/F400059548-FIL-global-001</Asset><Asset code="GA_GREEN" description="Global award logo - highres 590x590" extension="tif" extent="106076" lastModified="2018-10-31" locale="global" number="001" type="GAP">http://images.philips.com/is/image/PhilipsConsumer/GA_GREEN-GAP-global-001</Asset><Asset code="PHI" description="Brand logo - highres 1476x886" extension="tif" extent="641666" lastModified="2018-10-31" locale="global" number="001" type="BRP">http://images.philips.com/is/image/PhilipsConsumer/PHI-BRP-global-001</Asset></Assets><ProductName>啜饮 无渗漏 7 安士/200 毫升 软嘴杯（6 个月以上）</ProductName><NamingString><MasterBrand><BrandCode>PHI</BrandCode><BrandName>Philips</BrandName></MasterBrand><Partner><PartnerBrand><BrandCode>AVE</BrandCode><BrandName>Avent</BrandName></PartnerBrand><PartnerBrandType>MakersMark</PartnerBrandType></Partner><BrandString>飞利浦新安怡</BrandString><Descriptor><DescriptorCode>D4010967</DescriptorCode><DescriptorName>软嘴杯</DescriptorName></Descriptor><Alphanumeric>SCF751/32</Alphanumeric><VersionElement1><VersionElementCode>V4033706</VersionElementCode><VersionElementName>啜饮 不漏水</VersionElementName></VersionElement1><VersionElement2><VersionElementCode>V4033703</VersionElementCode><VersionElementName>7 安士/200 毫升</VersionElementName></VersionElement2><VersionElement3><VersionElementCode>V4005447</VersionElementCode><VersionElementName>6 个月以上</VersionElementName></VersionElement3><VersionString>啜饮 不漏水 7 安士/200 毫升 6 个月以上</VersionString><BrandedFeatureString/></NamingString><WOW>啜饮，不漏水</WOW><SubWOW>从奶瓶轻松过渡到水杯</SubWOW><MarketingTextHeader>飞利浦新安怡全新啜饮杯不含双酚 A，其软硅橡胶杯嘴可确保无漏饮水，而软质握把则可使您的学步期宝宝学会独立饮水。方便您和宝宝使用。</MarketingTextHeader><KeyBenefitArea><KeyBenefitAreaCode>K4009349</KeyBenefitAreaCode><KeyBenefitAreaName>防溢漏</KeyBenefitAreaName><KeyBenefitAreaRank>1</KeyBenefitAreaRank><Feature><FeatureCode>F400067045</FeatureCode><FeatureReferenceName>Spill-free (Entry)</FeatureReferenceName><FeatureName>防溢漏杯</FeatureName><FeatureLongDescription>内置阀门，确保无溢漏饮水</FeatureLongDescription><FeatureRank>6</FeatureRank><FeatureTopRank>1</FeatureTopRank></Feature></KeyBenefitArea><KeyBenefitArea><KeyBenefitAreaCode>K4011151</KeyBenefitAreaCode><KeyBenefitAreaName>转到自然啜饮杯的理想一步</KeyBenefitAreaName><KeyBenefitAreaRank>2</KeyBenefitAreaRank><Feature><FeatureCode>F400059526</FeatureCode><FeatureReferenceName>Angled spout (Nevada)</FeatureReferenceName><FeatureName>弯曲式软嘴</FeatureName><FeatureLongDescription>弯曲式软嘴，减小头部后倾角度</FeatureLongDescription><FeatureGlossary>弯曲式软嘴旨在帮助宝宝轻松实现啜饮，不必把头过度向后倾。</FeatureGlossary><FeatureRank>5</FeatureRank><FeatureTopRank>2</FeatureTopRank></Feature><Feature><FeatureCode>F400059546</FeatureCode><FeatureReferenceName>Ergonomically designed trainer handles (Nevada)</FeatureReferenceName><FeatureName>符合人体工程学的训练把手</FeatureName><FeatureLongDescription>柔软触感的训练把手，适合小手抓握</FeatureLongDescription><FeatureGlossary>训练把手帮助宝宝握住杯子并独立饮用。这些把手形状舒适，适合小手轻松抓握，而且采用橡胶防滑设计。</FeatureGlossary><FeatureRank>7</FeatureRank><FeatureTopRank>3</FeatureTopRank></Feature></KeyBenefitArea><KeyBenefitArea><KeyBenefitAreaCode>KBA_0001129</KeyBenefitAreaCode><KeyBenefitAreaName>为您和您的孩子带来方便</KeyBenefitAreaName><KeyBenefitAreaRank>3</KeyBenefitAreaRank><Feature><FeatureCode>F400029769</FeatureCode><FeatureReferenceName>All parts are dishwasher safe for convenience</FeatureReferenceName><FeatureName>可用洗碗机清洗杯子</FeatureName><FeatureLongDescription>所有部件均可用洗碗机清洗，清洁起来很方便</FeatureLongDescription><FeatureGlossary/><FeatureRank>3</FeatureRank><FeatureTopRank>5</FeatureTopRank></Feature><Feature><FeatureCode>F400059547</FeatureCode><FeatureReferenceName>Hygiene cap (Nevada)</FeatureReferenceName><FeatureName>卫生防护盖</FeatureName><FeatureLongDescription>卫生防护盖，外出时保持杯子清洁</FeatureLongDescription><FeatureGlossary>无论在家还是外出，卫生防护盖均能保持软嘴的清洁。</FeatureGlossary><FeatureRank>4</FeatureRank><FeatureTopRank>7</FeatureTopRank></Feature></KeyBenefitArea><KeyBenefitArea><KeyBenefitAreaCode>K4018674</KeyBenefitAreaCode><KeyBenefitAreaName>其它优势</KeyBenefitAreaName><KeyBenefitAreaRank>4</KeyBenefitAreaRank><Feature><FeatureCode>F400035085</FeatureCode><FeatureReferenceName>BPA Free</FeatureReferenceName><FeatureName>不含双酚 A</FeatureName><FeatureLongDescription>此杯由不含双酚 A 的材料制成</FeatureLongDescription><FeatureGlossary>这款飞利浦新安怡啜饮杯由不含双酚 A 的材料制成。</FeatureGlossary><FeatureRank>1</FeatureRank><FeatureTopRank>4</FeatureTopRank></Feature><Feature><FeatureCode>F400059548</FeatureCode><FeatureReferenceName>Philips Avent compatibility (Entry cups)</FeatureReferenceName><FeatureName>兼容飞利浦新安怡系列产品</FeatureName><FeatureLongDescription>兼容飞利浦新安怡自然系列</FeatureLongDescription><FeatureGlossary>全新飞利浦新安怡啜饮杯兼容飞利浦新安怡自然系列（玻璃奶瓶除外），以及所有其他飞利浦新安怡啜饮杯（自然系列啜饮杯除外）。</FeatureGlossary><FeatureRank>2</FeatureRank><FeatureTopRank>6</FeatureTopRank></Feature></KeyBenefitArea><FeatureImage><FeatureCode>F400067045</FeatureCode><FeatureReferenceName>Spill-free (Entry)</FeatureReferenceName><FeatureImageRank>1</FeatureImageRank></FeatureImage><FeatureImage><FeatureCode>F400059526</FeatureCode><FeatureReferenceName>Angled spout (Nevada)</FeatureReferenceName><FeatureImageRank>2</FeatureImageRank></FeatureImage><FeatureImage><FeatureCode>F400059546</FeatureCode><FeatureReferenceName>Ergonomically designed trainer handles (Nevada)</FeatureReferenceName><FeatureImageRank>3</FeatureImageRank></FeatureImage><FeatureImage><FeatureCode>F400035085</FeatureCode><FeatureReferenceName>BPA Free</FeatureReferenceName><FeatureImageRank>4</FeatureImageRank></FeatureImage><FeatureImage><FeatureCode>F400029769</FeatureCode><FeatureReferenceName>All parts are dishwasher safe for convenience</FeatureReferenceName><FeatureImageRank>5</FeatureImageRank></FeatureImage><FeatureImage><FeatureCode>F400059548</FeatureCode><FeatureReferenceName>Philips Avent compatibility (Entry cups)</FeatureReferenceName><FeatureImageRank>6</FeatureImageRank></FeatureImage><FeatureImage><FeatureCode>F400059547</FeatureCode><FeatureReferenceName>Hygiene cap (Nevada)</FeatureReferenceName><FeatureImageRank>7</FeatureImageRank></FeatureImage><FeatureHighlight><FeatureCode>F400067045</FeatureCode><FeatureReferenceName>Spill-free (Entry)</FeatureReferenceName><FeatureHighlightRank>1</FeatureHighlightRank></FeatureHighlight><FeatureHighlight><FeatureCode>F400059526</FeatureCode><FeatureReferenceName>Angled spout (Nevada)</FeatureReferenceName><FeatureHighlightRank>2</FeatureHighlightRank></FeatureHighlight><FeatureHighlight><FeatureCode>F400059546</FeatureCode><FeatureReferenceName>Ergonomically designed trainer handles (Nevada)</FeatureReferenceName><FeatureHighlightRank>3</FeatureHighlightRank></FeatureHighlight><FeatureHighlight><FeatureCode>F400035085</FeatureCode><FeatureReferenceName>BPA Free</FeatureReferenceName><FeatureHighlightRank>4</FeatureHighlightRank></FeatureHighlight><FeatureHighlight><FeatureCode>F400029769</FeatureCode><FeatureReferenceName>All parts are dishwasher safe for convenience</FeatureReferenceName><FeatureHighlightRank>5</FeatureHighlightRank></FeatureHighlight><FeatureHighlight><FeatureCode>F400059548</FeatureCode><FeatureReferenceName>Philips Avent compatibility (Entry cups)</FeatureReferenceName><FeatureHighlightRank>6</FeatureHighlightRank></FeatureHighlight><FeatureHighlight><FeatureCode>F400059547</FeatureCode><FeatureReferenceName>Hygiene cap (Nevada)</FeatureReferenceName><FeatureHighlightRank>7</FeatureHighlightRank></FeatureHighlight><CSChapter><CSChapterCode>CHA_0000106</CSChapterCode><CSChapterName>包装内物品</CSChapterName><CSChapterRank>1</CSChapterRank><CSItem><CSItemCode>IT4015374</CSItemCode><CSItemName>手柄</CSItemName><CSItemRank>14</CSItemRank><CSItemIsFreeFormat>1</CSItemIsFreeFormat><CSValue><CSValueCode>VA4030826</CSValueCode><CSValueName>1</CSValueName><CSValueRank>1</CSValueRank></CSValue><UnitOfMeasure><UnitOfMeasureCode>4000023</UnitOfMeasureCode><UnitOfMeasureName>-件</UnitOfMeasureName><UnitOfMeasureSymbol>件</UnitOfMeasureSymbol></UnitOfMeasure></CSItem><CSItem><CSItemCode>IT4016711</CSItemCode><CSItemName>卡入式卫生盖</CSItemName><CSItemRank>18</CSItemRank><CSItemIsFreeFormat>1</CSItemIsFreeFormat><CSValue><CSValueCode>VA4033881</CSValueCode><CSValueName>1</CSValueName><CSValueRank>1</CSValueRank></CSValue><UnitOfMeasure><UnitOfMeasureCode>4000023</UnitOfMeasureCode><UnitOfMeasureName>-件</UnitOfMeasureName><UnitOfMeasureSymbol>件</UnitOfMeasureSymbol></UnitOfMeasure></CSItem><CSItem><CSItemCode>IT4035347</CSItemCode><CSItemName>硅橡胶软嘴</CSItemName><CSItemRank>19</CSItemRank><CSItemIsFreeFormat>1</CSItemIsFreeFormat><CSValue><CSValueCode>VA4082200</CSValueCode><CSValueName>1</CSValueName><CSValueRank>1</CSValueRank></CSValue><UnitOfMeasure><UnitOfMeasureCode>4000023</UnitOfMeasureCode><UnitOfMeasureName>-件</UnitOfMeasureName><UnitOfMeasureSymbol>件</UnitOfMeasureSymbol></UnitOfMeasure></CSItem><CSItem><CSItemCode>IT4015373</CSItemCode><CSItemName>杯（200 毫升/7 安士）</CSItemName><CSItemRank>20</CSItemRank><CSItemIsFreeFormat>1</CSItemIsFreeFormat><CSValue><CSValueCode>VA4030825</CSValueCode><CSValueName>1</CSValueName><CSValueRank>1</CSValueRank></CSValue><UnitOfMeasure><UnitOfMeasureCode>4000023</UnitOfMeasureCode><UnitOfMeasureName>-件</UnitOfMeasureName><UnitOfMeasureSymbol>件</UnitOfMeasureSymbol></UnitOfMeasure></CSItem></CSChapter><CSChapter><CSChapterCode>CHA_0000021</CSChapterCode><CSChapterName>原产地</CSChapterName><CSChapterRank>2</CSChapterRank><CSItem><CSItemCode>IT4031851</CSItemCode><CSItemName>印度尼西亚</CSItemName><CSItemRank>7</CSItemRank><CSItemIsFreeFormat>0</CSItemIsFreeFormat><CSValue><CSValueCode>VA4074942</CSValueCode><CSValueName>Y</CSValueName><CSValueRank>3</CSValueRank></CSValue></CSItem></CSChapter><CSChapter><CSChapterCode>CH4001529</CSChapterCode><CSChapterName>发育阶段</CSChapterName><CSChapterRank>3</CSChapterRank><CSItem><CSItemCode>IT4008016</CSItemCode><CSItemName>阶段</CSItemName><CSItemRank>2</CSItemRank><CSItemIsFreeFormat>0</CSItemIsFreeFormat><CSValue><CSValueCode>VA4030835</CSValueCode><CSValueName>6 个月以上</CSValueName><CSValueRank>13</CSValueRank></CSValue></CSItem></CSChapter><CSChapter><CSChapterCode>CHA_0000098</CSChapterCode><CSChapterName>材料</CSChapterName><CSChapterRank>4</CSChapterRank><CSItem><CSItemCode>IT4026037</CSItemCode><CSItemName>软嘴杯</CSItemName><CSItemRank>5</CSItemRank><CSItemIsFreeFormat>0</CSItemIsFreeFormat><CSValue><CSValueCode>VA4059989</CSValueCode><CSValueName>聚丙烯</CSValueName><CSValueRank>1</CSValueRank></CSValue><CSValue><CSValueCode>VA4074882</CSValueCode><CSValueName>硅橡胶</CSValueName><CSValueRank>6</CSValueRank></CSValue></CSItem></CSChapter><CSChapter><CSChapterCode>CH4002881</CSChapterCode><CSChapterName>产品尺寸和重量</CSChapterName><CSChapterRank>5</CSChapterRank><CSItem><CSItemCode>IT4015893</CSItemCode><CSItemName>高度</CSItemName><CSItemRank>6</CSItemRank><CSItemIsFreeFormat>1</CSItemIsFreeFormat><CSValue><CSValueCode>VA4031622</CSValueCode><CSValueName>12.5</CSValueName><CSValueRank>1</CSValueRank></CSValue><UnitOfMeasure><UnitOfMeasureCode>3000039</UnitOfMeasureCode><UnitOfMeasureName>厘米</UnitOfMeasureName><UnitOfMeasureSymbol>厘米</UnitOfMeasureSymbol></UnitOfMeasure></CSItem><CSItem><CSItemCode>IT4015896</CSItemCode><CSItemName>宽度</CSItemName><CSItemRank>9</CSItemRank><CSItemIsFreeFormat>1</CSItemIsFreeFormat><CSValue><CSValueCode>VA4031628</CSValueCode><CSValueName>12.5</CSValueName><CSValueRank>1</CSValueRank></CSValue><UnitOfMeasure><UnitOfMeasureCode>3000039</UnitOfMeasureCode><UnitOfMeasureName>厘米</UnitOfMeasureName><UnitOfMeasureSymbol>厘米</UnitOfMeasureSymbol></UnitOfMeasure></CSItem><CSItem><CSItemCode>IT4043344</CSItemCode><CSItemName>厚度</CSItemName><CSItemRank>11</CSItemRank><CSItemIsFreeFormat>1</CSItemIsFreeFormat><CSValue><CSValueCode>VA4100029</CSValueCode><CSValueName>9</CSValueName><CSValueRank>1</CSValueRank></CSValue><UnitOfMeasure><UnitOfMeasureCode>3000039</UnitOfMeasureCode><UnitOfMeasureName>厘米</UnitOfMeasureName><UnitOfMeasureSymbol>厘米</UnitOfMeasureSymbol></UnitOfMeasure></CSItem><CSItem><CSItemCode>IT4043345</CSItemCode><CSItemName>重量</CSItemName><CSItemRank>13</CSItemRank><CSItemIsFreeFormat>1</CSItemIsFreeFormat><CSValue><CSValueCode>VA4100030</CSValueCode><CSValueName>95</CSValueName><CSValueRank>1</CSValueRank></CSValue><UnitOfMeasure><UnitOfMeasureCode>3000101</UnitOfMeasureCode><UnitOfMeasureName>克</UnitOfMeasureName><UnitOfMeasureSymbol>克</UnitOfMeasureSymbol></UnitOfMeasure></CSItem></CSChapter><CSChapter><CSChapterCode>3000815</CSChapterCode><CSChapterName>附件</CSChapterName><CSChapterRank>8</CSChapterRank><CSItem><CSItemCode>IT4031891</CSItemCode><CSItemName>替换部件</CSItemName><CSItemRank>1</CSItemRank><CSItemIsFreeFormat>0</CSItemIsFreeFormat><CSValue><CSValueCode>VA4074941</CSValueCode><CSValueName>替换软嘴 SCF252</CSValueName><CSValueRank>2</CSValueRank></CSValue></CSItem></CSChapter><Filters><Purpose type="Comparison"><Features><Feature code="F400067045" rank="1" referenceName="Spill-free (Entry)"/><Feature code="F400059526" rank="2" referenceName="Angled spout (Nevada)"/><Feature code="F400059546" rank="3" referenceName="Ergonomically designed trainer handles (Nevada)"/><Feature code="F400035085" rank="4" referenceName="BPA Free"/><Feature code="F400029769" rank="5" referenceName="All parts are dishwasher safe for convenience"/><Feature code="F400059548" rank="6" referenceName="Philips Avent compatibility (Entry cups)"/><Feature code="F400059547" rank="7" referenceName="Hygiene cap (Nevada)"/></Features><CSItems><CSItem code="IT4031891" rank="1" referenceName="Accessories - Replacement part"/><CSItem code="IT4008016" rank="2" referenceName="Development stages - Stages"/><CSItem code="IT4026037" rank="5" referenceName="Material - Spout cup"/><CSItem code="IT4015893" rank="6" referenceName="Product dimensions and weight - Height"/><CSItem code="IT4031851" rank="7" referenceName="Country of origin - Indonesia"/><CSItem code="IT4015896" rank="9" referenceName="Product dimensions and weight - Width"/><CSItem code="IT4043344" rank="11" referenceName="Product dimensions and weight - Depth"/><CSItem code="IT4043345" rank="13" referenceName="Product dimensions and weight - Weight"/><CSItem code="IT4015374" rank="14" referenceName="What is included - Handle"/><CSItem code="IT4016711" rank="18" referenceName="What is included - Snap-on hygienic cap"/><CSItem code="IT4035347" rank="19" referenceName="What is included - Silicone spout"/><CSItem code="IT4015373" rank="20" referenceName="What is included - Cup (200ml/ 7oz)"/></CSItems></Purpose><Purpose type="Detail"><Features><Feature code="F400067045" rank="1" referenceName="Spill-free (Entry)"/><Feature code="F400059526" rank="2" referenceName="Angled spout (Nevada)"/><Feature code="F400059546" rank="3" referenceName="Ergonomically designed trainer handles (Nevada)"/><Feature code="F400035085" rank="4" referenceName="BPA Free"/><Feature code="F400029769" rank="5" referenceName="All parts are dishwasher safe for convenience"/><Feature code="F400059548" rank="6" referenceName="Philips Avent compatibility (Entry cups)"/><Feature code="F400059547" rank="7" referenceName="Hygiene cap (Nevada)"/></Features><CSItems><CSItem code="IT4031891" rank="1" referenceName="Accessories - Replacement part"/><CSItem code="IT4008016" rank="2" referenceName="Development stages - Stages"/><CSItem code="IT4026037" rank="5" referenceName="Material - Spout cup"/><CSItem code="IT4015893" rank="6" referenceName="Product dimensions and weight - Height"/><CSItem code="IT4031851" rank="7" referenceName="Country of origin - Indonesia"/><CSItem code="IT4015896" rank="9" referenceName="Product dimensions and weight - Width"/><CSItem code="IT4043344" rank="11" referenceName="Product dimensions and weight - Depth"/><CSItem code="IT4043345" rank="13" referenceName="Product dimensions and weight - Weight"/><CSItem code="IT4015374" rank="14" referenceName="What is included - Handle"/><CSItem code="IT4016711" rank="18" referenceName="What is included - Snap-on hygienic cap"/><CSItem code="IT4035347" rank="19" referenceName="What is included - Silicone spout"/><CSItem code="IT4015373" rank="20" referenceName="What is included - Cup (200ml/ 7oz)"/></CSItems></Purpose></Filters><FeatureCompareGroups/><Disclaimers/><KeyValuePairs><KeyValuePair><Key>FdaFlag</Key><Value>false</Value><Type>String</Type></KeyValuePair><KeyValuePair><Key>GrantGroup</Key><Value>PHILIPS</Value><Type>String</Type></KeyValuePair><KeyValuePair><Key>IT4034175</Key><Value>VA4079408</Value><Type>String</Type></KeyValuePair><KeyValuePair><Key>IT4042510</Key><Value>VA4098164</Value><Type>String</Type></KeyValuePair><KeyValuePair><Key>IT4042719</Key><Value>VA4098678</Value><Type>String</Type></KeyValuePair><KeyValuePair><Key>IT4042722</Key><Value>VA4102603</Value><Type>String</Type></KeyValuePair><KeyValuePair><Key>IT4042728</Key><Value>VA4098706</Value><Type>String</Type></KeyValuePair><KeyValuePair><Key>IT4042729</Key><Value>VA4098712</Value><Type>String</Type></KeyValuePair><KeyValuePair><Key>IT4044712</Key><Value>VA4102654</Value><Type>String</Type></KeyValuePair><KeyValuePair><Key>IT4044732</Key><Value>VA4102616</Value><Type>String</Type></KeyValuePair></KeyValuePairs><Award AwardType="global"><AwardCode>GA_GREEN</AwardCode><AwardName>飞利浦绿色标志</AwardName><AwardDescription>飞利浦绿色产品可以降低成本、节省能源和减少二氧化碳排放。如何做到？它们在一个或多个飞利浦绿色焦点领域 – 能效、包装、有害物质、重量、回收和处理，还有使用寿命可靠性做出了显著的环保改善。</AwardDescription><AwardText>飞利浦绿色标志</AwardText><AwardRank>3</AwardRank></Award><ProductClusters/><ProductRefs/><RichTexts/><GreenData><GreenAwards><GreenAward code="GA_GREEN" name="PhilipsGreenLogo"/></GreenAwards><EnergyLabel/></GreenData></Product></Products>