<?xml version="1.0" encoding="UTF-8"?><Products xmlns:source="http://apache.org/cocoon/source/1.0" DocStatus="approved" DocTimeStamp="2018-10-31T11:35:06" DocType="PMT" DocVersion="xUCDM_product_external_CQ5_1_1_25"><Product Country="CN" IsAccessory="false" IsMaster="false" Locale="zh_CN" lastModified="2018-10-31T04:39:04" masterLastModified="2018-08-24T00:20:53"><CTN>349P7FUBEB/00</CTN><Code12NC>867000153916</Code12NC><GTIN>8712581752279</GTIN><MarketingVersion>4.0.1</MarketingVersion><MarketingStatus>Final Published</MarketingStatus><CRDate>2018-06-01</CRDate><CRDateYW>201822</CRDateYW><ModelYears/><ProductDivision><ProductDivisionCode>0200</ProductDivisionCode><ProductDivisionName>Consumer Lifestyle</ProductDivisionName><FormerPDCode>3400</FormerPDCode></ProductDivision><ProductOwner>Jessica Chang</ProductOwner><DTN>349P7FUBEB/00</DTN><Assets><Asset code="349P7FUBEB_00" description="User manual" extension="pdf" extent="4747052" lastModified="2018-10-31" locale="zh_CN" number="001" type="DFU">http://download.p4c.philips.com/files/3/349p7fubeb_00/349p7fubeb_00_dfu_zhs.pdf</Asset><Asset code="349P7FUBEB_00" description="Leaflet" extension="pdf" extent="840256" lastModified="2018-10-31" locale="zh_CN" number="001" type="PSS">http://download.p4c.philips.com/files/3/349p7fubeb_00/349p7fubeb_00_pss_zhscn.pdf</Asset><Asset code="349P7FUBEB_00" description="Retail Trade Leaflet" extension="pdf" extent="434526" lastModified="2018-10-31" locale="zh_CN" number="001" type="RTL">http://download.p4c.philips.com/files/3/349p7fubeb_00/349p7fubeb_00_rtl_zhscn.pdf</Asset><Asset code="349P7FUBEB_00" description="Front product photograph - highres 2196x1795" extension="tif" extent="4127260" lastModified="2018-10-31" locale="global" number="001" type="_FP">http://images.philips.com/is/image/PhilipsConsumer/349P7FUBEB_00-_FP-global-001</Asset><Asset code="349P7FUBEB_00" description="Alternative product photograph 1 - highres 2196x1795" extension="tif" extent="756716" lastModified="2018-10-31" locale="global" number="001" type="A1P">http://images.philips.com/is/image/PhilipsConsumer/349P7FUBEB_00-A1P-global-001</Asset><Asset code="349P7FUBEB_00" description="Alternative product photograph 2 - highres 2196x1795" extension="tif" extent="4482832" lastModified="2018-10-31" locale="global" number="001" type="A2P">http://images.philips.com/is/image/PhilipsConsumer/349P7FUBEB_00-A2P-global-001</Asset><Asset code="349P7FUBEB_00" description="Alternative product photograph - highres 2196x1795" extension="tif" extent="1000868" lastModified="2018-10-31" locale="global" number="001" type="APP">http://images.philips.com/is/image/PhilipsConsumer/349P7FUBEB_00-APP-global-001</Asset><Asset code="349P7FUBEB_00" description="Connector side drawing - highres 2362x1181" extension="tif" extent="611032" lastModified="2018-10-31" locale="global" number="001" type="COP">http://images.philips.com/is/image/PhilipsConsumer/349P7FUBEB_00-COP-global-001</Asset><Asset code="349P7FUBEB_00" description="Energy Label - Rainbow " extension="pdf" extent="203028" lastModified="2018-10-31" locale="global" number="001" type="ELR">http://download.p4c.philips.com/files/3/349p7fubeb_00/349p7fubeb_00_elr_.pdf</Asset><Asset code="349P7FUBEB_00" description="Main in-use photograph - highres 2480x1462" extension="tif" extent="2081042" lastModified="2018-10-31" locale="global" number="001" type="MI1">http://images.philips.com/is/image/PhilipsConsumer/349P7FUBEB_00-MI1-global-001</Asset><Asset code="349P7FUBEB_00" description="Leaflet" extension="pdf" extent="713524" lastModified="2018-10-31" locale="global" number="001" type="PSS">http://download.p4c.philips.com/files/3/349p7fubeb_00/349p7fubeb_00_pss_.pdf</Asset><Asset code="349P7FUBEB_00" description="Standard product photograph - highres 2196x1795" extension="tif" extent="5062188" lastModified="2018-10-31" locale="global" number="001" type="RTP">http://images.philips.com/is/image/PhilipsConsumer/349P7FUBEB_00-RTP-global-001</Asset><Asset code="349P7FUBEB_00" description="Single product shot" extension="" lastModified="2018-10-31" locale="zh_CN" number="" type="IMS">http://images.philips.com/is/image/PhilipsConsumer/349P7FUBEB_00-IMS-zh_CN</Asset><Asset code="349P7FUBEB_00" description="Product gallery image set" extension="" lastModified="2018-10-31" locale="zh_CN" number="" type="GAL">http://images.philips.com/is/image/PhilipsConsumer/349P7FUBEB_00-GAL-zh_CN</Asset><Asset code="349P7FUBEB_00" description="Product URL" extension="" lastModified="2018-10-31" locale="zh_CN" number="" type="URL">http://www.philips.com.cn/c-p/349P7FUBEB_00/brilliance-curved-ultrawide-display-with-usb-c-dock</Asset><Asset code="F300003686" description="Feature photograph - highres 2100x1170" extension="tif" extent="1101928" lastModified="2018-10-31" locale="global" number="001" type="FIL">http://images.philips.com/is/image/PhilipsConsumer/F300003686-FIL-global-001</Asset><Asset code="F300016753" description="Feature logo - highres 331x213" extension="tif" extent="668434" lastModified="2018-10-31" locale="global" number="001" type="FLP">http://images.philips.com/is/image/PhilipsConsumer/F300016753-FLP-global-001</Asset><Asset code="F400016234" description="Feature photograph - highres 2100x1170" extension="tif" extent="1564082" lastModified="2018-10-31" locale="global" number="001" type="FIL">http://images.philips.com/is/image/PhilipsConsumer/F400016234-FIL-global-001</Asset><Asset code="F400016234" description="Feature logo - highres 331x213" extension="tif" extent="60290" lastModified="2018-10-31" locale="global" number="001" type="FLP">http://images.philips.com/is/image/PhilipsConsumer/F400016234-FLP-global-001</Asset><Asset code="F400029739" description="Feature logo - highres 331x213" extension="tif" extent="27294" lastModified="2018-10-31" locale="global" number="001" type="FLP">http://images.philips.com/is/image/PhilipsConsumer/F400029739-FLP-global-001</Asset><Asset code="F400047611" description="Feature logo - highres 331x213" extension="tif" extent="725820" lastModified="2018-10-31" locale="global" number="001" type="FLP">http://images.philips.com/is/image/PhilipsConsumer/F400047611-FLP-global-001</Asset><Asset code="F400047654" description="Feature logo - highres 331x213" extension="tif" extent="15154" lastModified="2018-10-31" locale="global" number="001" type="FLP">http://images.philips.com/is/image/PhilipsConsumer/F400047654-FLP-global-001</Asset><Asset code="F400048347" description="Feature logo - highres 331x213" extension="tif" extent="15258" lastModified="2018-10-31" locale="global" number="001" type="FLP">http://images.philips.com/is/image/PhilipsConsumer/F400048347-FLP-global-001</Asset><Asset code="F400054885" description="Feature photograph - highres 2100x1170" extension="tif" extent="3310440" lastModified="2018-10-31" locale="global" number="001" type="FIL">http://images.philips.com/is/image/PhilipsConsumer/F400054885-FIL-global-001</Asset><Asset code="F400054885" description="Feature logo - highres 331x213" extension="tif" extent="699674" lastModified="2018-10-31" locale="global" number="001" type="FLP">http://images.philips.com/is/image/PhilipsConsumer/F400054885-FLP-global-001</Asset><Asset code="F400067424" description="Feature photograph - highres 2100x1170" extension="tif" extent="3455338" lastModified="2018-10-31" locale="global" number="001" type="FIL">http://images.philips.com/is/image/PhilipsConsumer/F400067424-FIL-global-001</Asset><Asset code="F400067424" description="Feature logo - highres 331x213" extension="tif" extent="121094" lastModified="2018-10-31" locale="global" number="001" type="FLP">http://images.philips.com/is/image/PhilipsConsumer/F400067424-FLP-global-001</Asset><Asset code="F400067665" description="Feature photograph - highres 2100x1170" extension="tif" extent="6514016" lastModified="2018-10-31" locale="global" number="001" type="FIL">http://images.philips.com/is/image/PhilipsConsumer/F400067665-FIL-global-001</Asset><Asset code="F400067665" description="Feature logo - highres 331x213" extension="tif" extent="15516" lastModified="2018-10-31" locale="global" number="001" type="FLP">http://images.philips.com/is/image/PhilipsConsumer/F400067665-FLP-global-001</Asset><Asset code="F400071117" description="Feature photograph - highres 2100x1170" extension="tif" extent="2222448" lastModified="2018-10-31" locale="global" number="001" type="FIL">http://images.philips.com/is/image/PhilipsConsumer/F400071117-FIL-global-001</Asset><Asset code="F400071117" description="Feature logo - highres 331x213" extension="tif" extent="859698" lastModified="2018-10-31" locale="global" number="001" type="FLP">http://images.philips.com/is/image/PhilipsConsumer/F400071117-FLP-global-001</Asset><Asset code="F400077479" description="Feature photograph - highres 2100x1170" extension="tif" extent="1894050" lastModified="2018-10-31" locale="global" number="001" type="FIL">http://images.philips.com/is/image/PhilipsConsumer/F400077479-FIL-global-001</Asset><Asset code="F400077479" description="Feature logo - highres 331x213" extension="tif" extent="38780" lastModified="2018-10-31" locale="global" number="001" type="FLP">http://images.philips.com/is/image/PhilipsConsumer/F400077479-FLP-global-001</Asset><Asset code="F400078908" description="Feature photograph - highres 2100x1170" extension="tif" extent="2136904" lastModified="2018-10-31" locale="global" number="001" type="FIL">http://images.philips.com/is/image/PhilipsConsumer/F400078908-FIL-global-001</Asset><Asset code="F400078908" description="Feature logo - highres 331x213" extension="tif" extent="28636" lastModified="2018-10-31" locale="global" number="001" type="FLP">http://images.philips.com/is/image/PhilipsConsumer/F400078908-FLP-global-001</Asset><Asset code="F400078929" description="Feature photograph - highres 2100x1170" extension="tif" extent="4942898" lastModified="2018-10-31" locale="global" number="001" type="FIL">http://images.philips.com/is/image/PhilipsConsumer/F400078929-FIL-global-001</Asset><Asset code="F400078929" description="Feature logo - highres 331x213" extension="tif" extent="709952" lastModified="2018-10-31" locale="global" number="001" type="FLP">http://images.philips.com/is/image/PhilipsConsumer/F400078929-FLP-global-001</Asset><Asset code="F400081098" description="Feature photograph - highres 2100x1170" extension="tif" extent="1471620" lastModified="2018-10-31" locale="global" number="001" type="FIL">http://images.philips.com/is/image/PhilipsConsumer/F400081098-FIL-global-001</Asset><Asset code="F400081577" description="Feature logo - highres 331x213" extension="tif" extent="38498" lastModified="2018-10-31" locale="global" number="001" type="FLP">http://images.philips.com/is/image/PhilipsConsumer/F400081577-FLP-global-001</Asset><Asset code="F400084504" description="Feature photograph - highres 2100x1170" extension="tif" extent="1894050" lastModified="2018-10-31" locale="global" number="001" type="FIL">http://images.philips.com/is/image/PhilipsConsumer/F400084504-FIL-global-001</Asset><Asset code="F400084606" description="Feature logo - highres 331x213" extension="tif" extent="774798" lastModified="2018-10-31" locale="global" number="001" type="FLP">http://images.philips.com/is/image/PhilipsConsumer/F400084606-FLP-global-001</Asset><Asset code="F400086342" description="Feature logo - highres 331x213" extension="tif" extent="739908" lastModified="2018-10-31" locale="global" number="001" type="FLP">http://images.philips.com/is/image/PhilipsConsumer/F400086342-FLP-global-001</Asset><Asset code="PHI" description="Brand logo - highres 1476x886" extension="tif" extent="641666" lastModified="2018-10-31" locale="global" number="001" type="BRP">http://images.philips.com/is/image/PhilipsConsumer/PHI-BRP-global-001</Asset><Asset code="SB30000063" description="Concept logo - lowres 198x198" extension="jpg" extent="87065" lastModified="2018-10-31" locale="global" number="001" type="CLL">http://images.philips.com/is/image/PhilipsConsumer/SB30000063-CLL-global-001</Asset><Asset code="SB30000063" description="Concept logo reversed - highres 1476x886" extension="jpg" extent="87674" lastModified="2018-10-31" locale="global" number="001" type="MCP">http://images.philips.com/is/image/PhilipsConsumer/SB30000063-MCP-global-001</Asset></Assets><ProductName>采用 USB-C 基座的 P 系列曲面超宽显示屏</ProductName><NamingString><MasterBrand><BrandCode>PHI</BrandCode><BrandName>Philips</BrandName></MasterBrand><BrandString>飞利浦</BrandString><Concept><ConceptCode>SB30000063</ConceptCode><ConceptName>Brilliance</ConceptName><ConceptNameUsed>1</ConceptNameUsed></Concept><Descriptor><DescriptorCode>D4030606</DescriptorCode><DescriptorName>采用 USB-C 基座的曲面超宽显示屏</DescriptorName></Descriptor><Alphanumeric>349P7FUBEB</Alphanumeric><VersionElement1><VersionElementCode>V4013439</VersionElementCode><VersionElementName>P 系列</VersionElementName></VersionElement1><VersionElement2><VersionElementCode>V4043468</VersionElementCode><VersionElementName>34 英寸（86.36 厘米）</VersionElementName></VersionElement2><VersionElement3><VersionElementCode>V4023643</VersionElementCode><VersionElementName>WQHD (3440 x 1440)</VersionElementName></VersionElement3><VersionString>P 系列 34 英寸（86.36 厘米）WQHD (3440 x 1440)</VersionString><BrandedFeatureString/><DescriptorBrandedFeatureString>采用 USB-C 基座的曲面超宽显示屏</DescriptorBrandedFeatureString></NamingString><WOW>简化您的连接</WOW><SubWOW>革命性的 USB-C</SubWOW><MarketingTextHeader>使用飞利浦 Brilliance 34 英寸曲面超宽显示屏，满足您更多的视听和操作需求。晶晰宽大的四倍高清曲面显示屏使您成为关注的焦点。一体式 USB-C 和高度可调的支架为您带来出色的安装体验</MarketingTextHeader><KeyBenefitArea><KeyBenefitAreaCode>K4033694</KeyBenefitAreaCode><KeyBenefitAreaName>先进设计，塑就极致创造力</KeyBenefitAreaName><KeyBenefitAreaRank>1</KeyBenefitAreaRank><Feature><FeatureCode>F400071117</FeatureCode><FeatureReferenceName>Curved display design for more immersive experience</FeatureReferenceName><FeatureName>曲面显示屏设计</FeatureName><FeatureLongDescription>曲面显示屏设计，带给您身临其境的体验</FeatureLongDescription><FeatureGlossary>桌面显示器提供个性化用户体验，非常适合曲线设计。曲线设计可提供愉悦、微妙的、令人陶醉的效果，让您聚焦于桌面的中心。</FeatureGlossary><FeatureRank>1</FeatureRank><FeatureTopRank>1</FeatureTopRank></Feature><Feature><FeatureCode>F400081098</FeatureCode><FeatureReferenceName>UltraNarrow Border_V7</FeatureReferenceName><FeatureName>超窄边框</FeatureName><FeatureLongDescription>窄边框呈现出无缝外观</FeatureLongDescription><FeatureGlossary>全新飞利浦显示屏采用细窄边框，最大限度地减少了干扰，增加了观看尺寸。本款超窄边框显示屏特别适用于多重显示或平铺设置，如游戏、图形设计和专业应用，让您感觉好像使用大显示屏一样。</FeatureGlossary><FeatureRank>2</FeatureRank><FeatureTopRank>2</FeatureTopRank></Feature></KeyBenefitArea><KeyBenefitArea><KeyBenefitAreaCode>K4015203</KeyBenefitAreaCode><KeyBenefitAreaName>性能卓越</KeyBenefitAreaName><KeyBenefitAreaRank>2</KeyBenefitAreaRank><Feature><FeatureCode>F400078908</FeatureCode><FeatureReferenceName>Ultra Wide-Color Technology</FeatureReferenceName><FeatureName>广色域技术</FeatureName><FeatureLongDescription>广色域色彩多样，提供逼真的图像</FeatureLongDescription><FeatureGlossary>广色域技术提供更多光谱颜色，可呈现更绚丽的画面。广色域的“色域范围”更宽，可实现更自然靓丽的绿色、鲜艳的红色和更深的蓝色。采用广色域技术，可使媒体娱乐、图像呈现更富有活力和艳丽的色彩。</FeatureGlossary><FeatureRank>1</FeatureRank><FeatureTopRank>4</FeatureTopRank></Feature><Feature><FeatureCode>F400067424</FeatureCode><FeatureReferenceName>CrystalClear images with UltraWide QHD 3440 x 1440 pixels</FeatureReferenceName><FeatureName>超宽晶晰图像</FeatureName><FeatureLongDescription>超宽四倍高清 3440 x 1440 像素的晶晰图像</FeatureLongDescription><FeatureGlossary>这些最新的飞利浦显示屏可提供四倍高清 3440 x 1440 像素的超宽晶晰图像。采用具有高密度像素数的高性能面板、178/178 超宽视角，这些新显示屏可让您的图像和图形栩栩如生。超宽 21:9 格式可提供更多空间进行并列比较，容纳更多可查看的电子表格列，从而实现更高的生产效率。无论您是要求极高的专业人员，需要极其详尽的 CAD-CAM 解决方案信息，还是处理大型电子表格的金融奇才，飞利浦显示屏都能呈现晶晰图像。</FeatureGlossary><FeatureRank>2</FeatureRank><FeatureTopRank>5</FeatureTopRank></Feature><Feature><FeatureCode>F400048347</FeatureCode><FeatureReferenceName>MultiView technology</FeatureReferenceName><FeatureName>多视窗技术</FeatureName><FeatureLongDescription>多视窗可同时启用有源双连接和查看</FeatureLongDescription><FeatureGlossary>借助飞利浦多视窗超高分辨率显示屏，您现在可以在办公室或家中舒适地体验互连世界。多视窗支持有源双连接和查看，因此您可以同步并行使用多个设备，例如电脑和笔记本电脑，从而轻松处理复杂的多重任务。您可以在右侧通过机顶盒观看足球比赛直播，同时在左侧通过笔记本电脑浏览互联网，现在，这一切都轻松自如。您可能还希望在小窗口中通过音频关注新闻动态消息，同时关注最新博客。</FeatureGlossary><FeatureRank>3</FeatureRank><FeatureTopRank>6</FeatureTopRank></Feature><Feature><FeatureCode>F400084606</FeatureCode><FeatureReferenceName>100Hz Fast refresh</FeatureReferenceName><FeatureName>100 赫兹快速刷新</FeatureName><FeatureLongDescription>100 赫兹刷新率，实现超顺畅的图像</FeatureLongDescription><FeatureGlossary>对于游戏和视频性能，您要求显示器提供无迟滞的超顺畅图像。这款飞利浦显示器每秒钟可重绘屏幕图像多达 100 次，速度比标准显示器快得多。较低的帧速率使敌人在屏幕上呈现点对点的跳动状态，很难瞄准攻击目标。而 100 赫兹帧速率可将敌人的动作特别流畅地呈现在屏幕上，您再也不会缺失关键图像，这样就可以轻松瞄准目标。</FeatureGlossary><FeatureRank>4</FeatureRank><FeatureTopRank>7</FeatureTopRank></Feature></KeyBenefitArea><KeyBenefitArea><KeyBenefitAreaCode>K4033202</KeyBenefitAreaCode><KeyBenefitAreaName>各种功能，适合您的工作方式</KeyBenefitAreaName><KeyBenefitAreaRank>3</KeyBenefitAreaRank><Feature><FeatureCode>F400084504</FeatureCode><FeatureReferenceName>All your connections through one USB-C cable_non 4K</FeatureReferenceName><FeatureName>USB - C 基座</FeatureName><FeatureLongDescription>通过一根 USB-C 线缆完成所有连接</FeatureLongDescription><FeatureGlossary>全新 USB 3.1 Type-C 线缆配有纤巧的正反随意插拔接口，提供了便利的单线缆插接。借助 USB 3.1，您可以获得相当于 USB 2.0 20 倍的最快数据速度，这让您可以前所未有的速度将数据从 HDD 传输到电脑。简化连接，通过一根连接至笔记本电脑的线缆将所有外设连接至显示器（作为基座），包括从电脑至显示器的高分辨率视频输出。此外，有供电能力的 USB-C 甚至可以通过显示器为笔记本电脑供电和充电，而无需额外的电源线。</FeatureGlossary><FeatureRank>1</FeatureRank><FeatureTopRank>3</FeatureTopRank></Feature><Feature><FeatureCode>F400066651</FeatureCode><FeatureReferenceName>USB 3.0 Hub for convenient access and fast charging</FeatureReferenceName><FeatureName>USB 3.0 集线器（带 FastCharge）</FeatureName><FeatureLongDescription>USB 3.0 集线器，便于访问和快速充电</FeatureLongDescription><FeatureGlossary>超高速 USB 3.0 采用 5.0 Gbit/秒的传输速率，比 USB 2.0 标准快 10 倍左右，极大地缩短了数据传输时间，省时又省钱。凭借其更大的带宽、超高速传输速率、更优质的电源管理和卓越的整体性能，USB 3.0 设定了最新的全球标准，允许您使用大容量存储设备。现在，您不必因设备充电而长时间等待。全新 FastCharge 功能能够快速充电，即充即用。USB 3.0 还向后兼容 USB 2.0 设备。</FeatureGlossary><FeatureRank>2</FeatureRank><FeatureTopRank>10</FeatureTopRank></Feature></KeyBenefitArea><KeyBenefitArea><KeyBenefitAreaCode>K4033201</KeyBenefitAreaCode><KeyBenefitAreaName>为舒适高效而设计</KeyBenefitAreaName><KeyBenefitAreaRank>4</KeyBenefitAreaRank><Feature><FeatureCode>F300016753</FeatureCode><FeatureReferenceName>Compact Ergo Base</FeatureReferenceName><FeatureName>迷你旋转底座</FeatureName><FeatureShortDescription>查看位置调整</FeatureShortDescription><FeatureLongDescription>屏幕倾角、旋转和高度调整以取得理想的观看位置</FeatureLongDescription><FeatureGlossary>迷你旋转底座是飞利浦显示器底座，利用倾角、旋转和高度调整实现了“用户友好”的理念，便于任何用户都能将显示器摆放在最适宜查看的位置。</FeatureGlossary><FeatureRank>2</FeatureRank><FeatureTopRank>8</FeatureTopRank></Feature><Feature><FeatureCode>F400078929</FeatureCode><FeatureReferenceName>LowBlue Mode</FeatureReferenceName><FeatureName>LowBlue 模式</FeatureName><FeatureLongDescription>LowBlue 模式，高效保护视力</FeatureLongDescription><FeatureGlossary>研究表明，与紫外线可能导致眼睛伤害一样，LED 显示屏短波长蓝光也可以造成眼睛损伤，长期使用还可能影响视力。飞利浦 LowBlue 模式设置专为健康工作而开发，其采用智能软件技术减少有害短波长蓝光。</FeatureGlossary><FeatureRank>1</FeatureRank><FeatureTopRank>9</FeatureTopRank></Feature></KeyBenefitArea><FeatureLogo><FeatureCode>F400086342</FeatureCode><FeatureReferenceName>Curved UltraWide 21:9</FeatureReferenceName><FeatureLogoRank>4</FeatureLogoRank></FeatureLogo><FeatureLogo><FeatureCode>F400078908</FeatureCode><FeatureReferenceName>Ultra Wide-Color Technology</FeatureReferenceName><FeatureLogoRank>5</FeatureLogoRank></FeatureLogo><FeatureLogo><FeatureCode>F400067424</FeatureCode><FeatureReferenceName>CrystalClear images with UltraWide QHD 3440 x 1440 pixels</FeatureReferenceName><FeatureLogoRank>6</FeatureLogoRank></FeatureLogo><FeatureLogo><FeatureCode>F400048347</FeatureCode><FeatureReferenceName>MultiView technology</FeatureReferenceName><FeatureLogoRank>7</FeatureLogoRank></FeatureLogo><FeatureLogo><FeatureCode>F400081577</FeatureCode><FeatureReferenceName>Adaptive Sync</FeatureReferenceName><FeatureLogoRank>8</FeatureLogoRank></FeatureLogo><FeatureLogo><FeatureCode>F400084606</FeatureCode><FeatureReferenceName>100Hz Fast refresh</FeatureReferenceName><FeatureLogoRank>9</FeatureLogoRank></FeatureLogo><FeatureLogo><FeatureCode>F400077479</FeatureCode><FeatureReferenceName>All your connections through one USB-C cable</FeatureReferenceName><FeatureLogoRank>10</FeatureLogoRank></FeatureLogo><FeatureLogo><FeatureCode>F300016753</FeatureCode><FeatureReferenceName>Compact Ergo Base</FeatureReferenceName><FeatureLogoRank>11</FeatureLogoRank></FeatureLogo><FeatureLogo><FeatureCode>F400016234</FeatureCode><FeatureReferenceName>HDMI Ready</FeatureReferenceName><FeatureLogoRank>12</FeatureLogoRank></FeatureLogo><FeatureLogo><FeatureCode>F400047654</FeatureCode><FeatureReferenceName>USB 3.0 SuperSpeed hub</FeatureReferenceName><FeatureLogoRank>13</FeatureLogoRank></FeatureLogo><FeatureLogo><FeatureCode>F400078929</FeatureCode><FeatureReferenceName>LowBlue Mode</FeatureReferenceName><FeatureLogoRank>14</FeatureLogoRank></FeatureLogo><FeatureLogo><FeatureCode>F400054885</FeatureCode><FeatureReferenceName>MVA LED display</FeatureReferenceName><FeatureLogoRank>15</FeatureLogoRank></FeatureLogo><FeatureLogo><FeatureCode>F300003686</FeatureCode><FeatureReferenceName>Built-in speaker</FeatureReferenceName><FeatureLogoRank>16</FeatureLogoRank></FeatureLogo><FeatureLogo><FeatureCode>F400029739</FeatureCode><FeatureReferenceName>DisplayPort</FeatureReferenceName><FeatureLogoRank>17</FeatureLogoRank></FeatureLogo><FeatureLogo><FeatureCode>F400067665</FeatureCode><FeatureReferenceName>Flicker-free technology</FeatureReferenceName><FeatureLogoRank>18</FeatureLogoRank></FeatureLogo><FeatureLogo><FeatureCode>F400047611</FeatureCode><FeatureReferenceName>Ultra Narrow Bezel</FeatureReferenceName><FeatureLogoRank>19</FeatureLogoRank></FeatureLogo><FeatureImage><FeatureCode>F400071117</FeatureCode><FeatureReferenceName>Curved display design for more immersive experience</FeatureReferenceName><FeatureImageRank>1</FeatureImageRank></FeatureImage><FeatureImage><FeatureCode>F400081098</FeatureCode><FeatureReferenceName>UltraNarrow Border_V7</FeatureReferenceName><FeatureImageRank>2</FeatureImageRank></FeatureImage><FeatureImage><FeatureCode>F400084504</FeatureCode><FeatureReferenceName>All your connections through one USB-C cable_non 4K</FeatureReferenceName><FeatureImageRank>3</FeatureImageRank></FeatureImage><FeatureImage><FeatureCode>F400078908</FeatureCode><FeatureReferenceName>Ultra Wide-Color Technology</FeatureReferenceName><FeatureImageRank>4</FeatureImageRank></FeatureImage><FeatureImage><FeatureCode>F400067424</FeatureCode><FeatureReferenceName>CrystalClear images with UltraWide QHD 3440 x 1440 pixels</FeatureReferenceName><FeatureImageRank>5</FeatureImageRank></FeatureImage><FeatureImage><FeatureCode>F400048347</FeatureCode><FeatureReferenceName>MultiView technology</FeatureReferenceName><FeatureImageRank>6</FeatureImageRank></FeatureImage><FeatureImage><FeatureCode>F400084606</FeatureCode><FeatureReferenceName>100Hz Fast refresh</FeatureReferenceName><FeatureImageRank>7</FeatureImageRank></FeatureImage><FeatureImage><FeatureCode>F400078929</FeatureCode><FeatureReferenceName>LowBlue Mode</FeatureReferenceName><FeatureImageRank>9</FeatureImageRank></FeatureImage><FeatureImage><FeatureCode>F400066651</FeatureCode><FeatureReferenceName>USB 3.0 Hub for convenient access and fast charging</FeatureReferenceName><FeatureImageRank>10</FeatureImageRank></FeatureImage><FeatureHighlight><FeatureCode>F400071117</FeatureCode><FeatureReferenceName>Curved display design for more immersive experience</FeatureReferenceName><FeatureHighlightRank>1</FeatureHighlightRank></FeatureHighlight><FeatureHighlight><FeatureCode>F400081098</FeatureCode><FeatureReferenceName>UltraNarrow Border_V7</FeatureReferenceName><FeatureHighlightRank>2</FeatureHighlightRank></FeatureHighlight><FeatureHighlight><FeatureCode>F400084504</FeatureCode><FeatureReferenceName>All your connections through one USB-C cable_non 4K</FeatureReferenceName><FeatureHighlightRank>3</FeatureHighlightRank></FeatureHighlight><FeatureHighlight><FeatureCode>F400078908</FeatureCode><FeatureReferenceName>Ultra Wide-Color Technology</FeatureReferenceName><FeatureHighlightRank>4</FeatureHighlightRank></FeatureHighlight><FeatureHighlight><FeatureCode>F400067424</FeatureCode><FeatureReferenceName>CrystalClear images with UltraWide QHD 3440 x 1440 pixels</FeatureReferenceName><FeatureHighlightRank>5</FeatureHighlightRank></FeatureHighlight><FeatureHighlight><FeatureCode>F400048347</FeatureCode><FeatureReferenceName>MultiView technology</FeatureReferenceName><FeatureHighlightRank>6</FeatureHighlightRank></FeatureHighlight><FeatureHighlight><FeatureCode>F400084606</FeatureCode><FeatureReferenceName>100Hz Fast refresh</FeatureReferenceName><FeatureHighlightRank>7</FeatureHighlightRank></FeatureHighlight><FeatureHighlight><FeatureCode>F400078929</FeatureCode><FeatureReferenceName>LowBlue Mode</FeatureReferenceName><FeatureHighlightRank>9</FeatureHighlightRank></FeatureHighlight><FeatureHighlight><FeatureCode>F400066651</FeatureCode><FeatureReferenceName>USB 3.0 Hub for convenient access and fast charging</FeatureReferenceName><FeatureHighlightRank>10</FeatureHighlightRank></FeatureHighlight><CSChapter><CSChapterCode>3000796</CSChapterCode><CSChapterName>图片/显示</CSChapterName><CSChapterRank>1</CSChapterRank><CSItem><CSItemCode>3006169</CSItemCode><CSItemName>LCD 面板类型</CSItemName><CSItemRank>1</CSItemRank><CSItemIsFreeFormat>0</CSItemIsFreeFormat><CSValue><CSValueCode>VA4015326</CSValueCode><CSValueName>MVA</CSValueName><CSValueRank>1</CSValueRank></CSValue></CSItem><CSItem><CSItemCode>IT4007209</CSItemCode><CSItemName>背光类型</CSItemName><CSItemRank>2</CSItemRank><CSItemIsFreeFormat>1</CSItemIsFreeFormat><CSValue><CSValueCode>VA4018797</CSValueCode><CSValueName>W-LED 系统</CSValueName><CSValueRank>1</CSValueRank></CSValue></CSItem><CSItem><CSItemCode>3006180</CSItemCode><CSItemName>面板尺寸</CSItemName><CSItemRank>3</CSItemRank><CSItemIsFreeFormat>1</CSItemIsFreeFormat><CSValue><CSValueCode>3031218</CSValueCode><CSValueName>34 英寸 / 86.36 厘米</CSValueName><CSValueRank>1</CSValueRank></CSValue></CSItem><CSItem><CSItemCode>IT4044130</CSItemCode><CSItemName>显示屏涂层</CSItemName><CSItemRank>4</CSItemRank><CSItemIsFreeFormat>1</CSItemIsFreeFormat><CSValue><CSValueCode>VA4101537</CSValueCode><CSValueName>防眩光，雾度 25%</CSValueName><CSValueRank>1</CSValueRank></CSValue></CSItem><CSItem><CSItemCode>IT4034031</CSItemCode><CSItemName>色域（标准）</CSItemName><CSItemRank>5</CSItemRank><CSItemIsFreeFormat>1</CSItemIsFreeFormat><CSValue><CSValueCode>VA4079201</CSValueCode><CSValueName>NTSC 99.8%*，sRGB 117.3%*</CSValueName><CSValueRank>1</CSValueRank></CSValue></CSItem><CSItem><CSItemCode>3006149</CSItemCode><CSItemName>有效显示区</CSItemName><CSItemRank>6</CSItemRank><CSItemIsFreeFormat>1</CSItemIsFreeFormat><CSValue><CSValueCode>3031161</CSValueCode><CSValueName>797.22（水平）x 333.72（垂直）- 1800 R 曲率*</CSValueName><CSValueRank>1</CSValueRank></CSValue></CSItem><CSItem><CSItemCode>3006121</CSItemCode><CSItemName>宽高比</CSItemName><CSItemRank>7</CSItemRank><CSItemIsFreeFormat>0</CSItemIsFreeFormat><CSValue><CSValueCode>VA4015265</CSValueCode><CSValueName>21:9</CSValueName><CSValueRank>1</CSValueRank></CSValue></CSItem><CSItem><CSItemCode>3006193</CSItemCode><CSItemName>最佳分辨率</CSItemName><CSItemRank>8</CSItemRank><CSItemIsFreeFormat>1</CSItemIsFreeFormat><CSValue><CSValueCode>3031277</CSValueCode><CSValueName>3440 x 1440 @ 60Hz</CSValueName><CSValueRank>1</CSValueRank></CSValue></CSItem><CSItem><CSItemCode>IT4041772</CSItemCode><CSItemName>像素密度</CSItemName><CSItemRank>9</CSItemRank><CSItemIsFreeFormat>1</CSItemIsFreeFormat><CSValue><CSValueCode>VA4096901</CSValueCode><CSValueName>109.68 PPI</CSValueName><CSValueRank>1</CSValueRank></CSValue></CSItem><CSItem><CSItemCode>IT4039893</CSItemCode><CSItemName>响应时间（标准）</CSItemName><CSItemRank>10</CSItemRank><CSItemIsFreeFormat>1</CSItemIsFreeFormat><CSValue><CSValueCode>VA4093235</CSValueCode><CSValueName>4 毫秒（灰阶响应时间）*</CSValueName><CSValueRank>1</CSValueRank></CSValue></CSItem><CSItem><CSItemCode>3006127</CSItemCode><CSItemName>亮度</CSItemName><CSItemRank>11</CSItemRank><CSItemIsFreeFormat>1</CSItemIsFreeFormat><CSValue><CSValueCode>3031110</CSValueCode><CSValueName>300</CSValueName><CSValueRank>1</CSValueRank></CSValue><UnitOfMeasure><UnitOfMeasureCode>3000038</UnitOfMeasureCode><UnitOfMeasureName>cd/m²</UnitOfMeasureName><UnitOfMeasureSymbol>cd/m²</UnitOfMeasureSymbol></UnitOfMeasure></CSItem><CSItem><CSItemCode>3006133</CSItemCode><CSItemName>对比度（标准）</CSItemName><CSItemRank>12</CSItemRank><CSItemIsFreeFormat>1</CSItemIsFreeFormat><CSValue><CSValueCode>3031116</CSValueCode><CSValueName>3,000:1</CSValueName><CSValueRank>1</CSValueRank></CSValue></CSItem><CSItem><CSItemCode>IT4006148</CSItemCode><CSItemName>SmartContrast</CSItemName><CSItemRank>13</CSItemRank><CSItemIsFreeFormat>1</CSItemIsFreeFormat><CSValue><CSValueCode>VA4017351</CSValueCode><CSValueName>50,000,000:1</CSValueName><CSValueRank>1</CSValueRank></CSValue></CSItem><CSItem><CSItemCode>3006186</CSItemCode><CSItemName>像素间距</CSItemName><CSItemRank>14</CSItemRank><CSItemIsFreeFormat>1</CSItemIsFreeFormat><CSValue><CSValueCode>3031270</CSValueCode><CSValueName>0.232 x 0.232 毫米</CSValueName><CSValueRank>1</CSValueRank></CSValue></CSItem><CSItem><CSItemCode>3007518</CSItemCode><CSItemName>视角</CSItemName><CSItemRank>15</CSItemRank><CSItemIsFreeFormat>0</CSItemIsFreeFormat><CSValue><CSValueCode>VA4002901</CSValueCode><CSValueName>178º（水平）/178º（垂直）</CSValueName><CSValueRank>1</CSValueRank></CSValue><CSValue><CSValueCode>3035028</CSValueCode><CSValueName>@ C/R &gt; 10</CSValueName><CSValueRank>2</CSValueRank></CSValue></CSItem><CSItem><CSItemCode>IT4036934</CSItemCode><CSItemName>无闪烁</CSItemName><CSItemRank>16</CSItemRank><CSItemIsFreeFormat>1</CSItemIsFreeFormat><CSValue><CSValueCode>VA4085801</CSValueCode><CSValueName>Y</CSValueName><CSValueRank>1</CSValueRank></CSValue></CSItem><CSItem><CSItemCode>3006183</CSItemCode><CSItemName>画面效果增强</CSItemName><CSItemRank>17</CSItemRank><CSItemIsFreeFormat>0</CSItemIsFreeFormat><CSValue><CSValueCode>3049169</CSValueCode><CSValueName>SmartImage</CSValueName><CSValueRank>1</CSValueRank></CSValue></CSItem><CSItem><CSItemCode>3006143</CSItemCode><CSItemName>显示屏色彩</CSItemName><CSItemRank>18</CSItemRank><CSItemIsFreeFormat>1</CSItemIsFreeFormat><CSValue><CSValueCode>3031126</CSValueCode><CSValueName>16.7 M</CSValueName><CSValueRank>1</CSValueRank></CSValue></CSItem><CSItem><CSItemCode>IT4006149</CSItemCode><CSItemName>扫描频率</CSItemName><CSItemRank>19</CSItemRank><CSItemIsFreeFormat>1</CSItemIsFreeFormat><CSValue><CSValueCode>VA4017352</CSValueCode><CSValueName>30 - 160 千赫（水平）/40 - 102 赫兹（垂直）(DisplayPort、USB-C)、23 - 102 赫兹（垂直）(HDMI)</CSValueName><CSValueRank>1</CSValueRank></CSValue></CSItem><CSItem><CSItemCode>3006207</CSItemCode><CSItemName>sRGB</CSItemName><CSItemRank>20</CSItemRank><CSItemIsFreeFormat>1</CSItemIsFreeFormat><CSValue><CSValueCode>3031306</CSValueCode><CSValueName>Y</CSValueName><CSValueRank>1</CSValueRank></CSValue></CSItem><CSItem><CSItemCode>IT4042826</CSItemCode><CSItemName>LowBlue 模式</CSItemName><CSItemRank>21</CSItemRank><CSItemIsFreeFormat>1</CSItemIsFreeFormat><CSValue><CSValueCode>VA4098941</CSValueCode><CSValueName>Y</CSValueName><CSValueRank>1</CSValueRank></CSValue></CSItem><CSItem><CSItemCode>IT4042884</CSItemCode><CSItemName>自适应同步</CSItemName><CSItemRank>22</CSItemRank><CSItemIsFreeFormat>1</CSItemIsFreeFormat><CSValue><CSValueCode>VA4099058</CSValueCode><CSValueName>Y</CSValueName><CSValueRank>1</CSValueRank></CSValue></CSItem></CSChapter><CSChapter><CSChapterCode>3000813</CSChapterCode><CSChapterName>连接</CSChapterName><CSChapterRank>4</CSChapterRank><CSItem><CSItemCode>3006576</CSItemCode><CSItemName>信号输入</CSItemName><CSItemRank>1</CSItemRank><CSItemIsFreeFormat>0</CSItemIsFreeFormat><CSValue><CSValueCode>VA4056148</CSValueCode><CSValueName>DisplayPort 1.2</CSValueName><CSValueRank>1</CSValueRank></CSValue><CSValue><CSValueCode>VA4086355</CSValueCode><CSValueName>HDMI 2.0 x 1</CSValueName><CSValueRank>2</CSValueRank></CSValue><CSValue><CSValueCode>VA4102564</CSValueCode><CSValueName>USB-C（PD 60 瓦）</CSValueName><CSValueRank>3</CSValueRank></CSValue></CSItem><CSItem><CSItemCode>3006583</CSItemCode><CSItemName>USB</CSItemName><CSItemRank>2</CSItemRank><CSItemIsFreeFormat>0</CSItemIsFreeFormat><CSValue><CSValueCode>VA4083189</CSValueCode><CSValueName>USB 3.0x3（1 瓦/快速充电）*</CSValueName><CSValueRank>1</CSValueRank></CSValue></CSItem><CSItem><CSItemCode>3006588</CSItemCode><CSItemName>同步输入</CSItemName><CSItemRank>3</CSItemRank><CSItemIsFreeFormat>0</CSItemIsFreeFormat><CSValue><CSValueCode>3032392</CSValueCode><CSValueName>单独同步</CSValueName><CSValueRank>1</CSValueRank></CSValue><CSValue><CSValueCode>3032393</CSValueCode><CSValueName>同步时呈绿色</CSValueName><CSValueRank>2</CSValueRank></CSValue></CSItem><CSItem><CSItemCode>IT4005621</CSItemCode><CSItemName>音频（输入/输出）</CSItemName><CSItemRank>4</CSItemRank><CSItemIsFreeFormat>0</CSItemIsFreeFormat><CSValue><CSValueCode>VA4025083</CSValueCode><CSValueName>电脑音频输入</CSValueName><CSValueRank>1</CSValueRank></CSValue><CSValue><CSValueCode>VA4025085</CSValueCode><CSValueName>耳机输出</CSValueName><CSValueRank>2</CSValueRank></CSValue></CSItem></CSChapter><CSChapter><CSChapterCode>3000814</CSChapterCode><CSChapterName>便利性</CSChapterName><CSChapterRank>5</CSChapterRank><CSItem><CSItemCode>IT4014853</CSItemCode><CSItemName>内置扬声器</CSItemName><CSItemRank>1</CSItemRank><CSItemIsFreeFormat>1</CSItemIsFreeFormat><CSValue><CSValueCode>VA4028064</CSValueCode><CSValueName>5 W x 2</CSValueName><CSValueRank>1</CSValueRank></CSValue></CSItem><CSItem><CSItemCode>IT4027495</CSItemCode><CSItemName>多视窗</CSItemName><CSItemRank>2</CSItemRank><CSItemIsFreeFormat>0</CSItemIsFreeFormat><CSValue><CSValueCode>VA4103131</CSValueCode><CSValueName>PIP/PBP 模式*</CSValueName><CSValueRank>1</CSValueRank></CSValue><CSValue><CSValueCode>VA4064598</CSValueCode><CSValueName>2x 设备</CSValueName><CSValueRank>2</CSValueRank></CSValue></CSItem><CSItem><CSItemCode>3006633</CSItemCode><CSItemName>方便用户</CSItemName><CSItemRank>3</CSItemRank><CSItemIsFreeFormat>0</CSItemIsFreeFormat><CSValue><CSValueCode>VA4042581</CSValueCode><CSValueName>菜单/确定</CSValueName><CSValueRank>1</CSValueRank></CSValue><CSValue><CSValueCode>VA4103403</CSValueCode><CSValueName>用户/向下</CSValueName><CSValueRank>2</CSValueRank></CSValue><CSValue><CSValueCode>VA4086624</CSValueCode><CSValueName>SmartImage/返回</CSValueName><CSValueRank>3</CSValueRank></CSValue><CSValue><CSValueCode>VA4103404</CSValueCode><CSValueName>多视窗/向上</CSValueName><CSValueRank>4</CSValueRank></CSValue><CSValue><CSValueCode>VA4017554</CSValueCode><CSValueName>打开/关闭电源</CSValueName><CSValueRank>5</CSValueRank></CSValue></CSItem><CSItem><CSItemCode>IT4019071</CSItemCode><CSItemName>控制软件</CSItemName><CSItemRank>4</CSItemRank><CSItemIsFreeFormat>0</CSItemIsFreeFormat><CSValue><CSValueCode>VA4085179</CSValueCode><CSValueName>SmartControl</CSValueName><CSValueRank>1</CSValueRank></CSValue></CSItem><CSItem><CSItemCode>3006693</CSItemCode><CSItemName>OSD 语言</CSItemName><CSItemRank>5</CSItemRank><CSItemIsFreeFormat>0</CSItemIsFreeFormat><CSValue><CSValueCode>VA4065363</CSValueCode><CSValueName>巴西葡萄牙语</CSValueName><CSValueRank>1</CSValueRank></CSValue><CSValue><CSValueCode>3034561</CSValueCode><CSValueName>捷克语</CSValueName><CSValueRank>2</CSValueRank></CSValue><CSValue><CSValueCode>3034565</CSValueCode><CSValueName>荷兰语</CSValueName><CSValueRank>3</CSValueRank></CSValue><CSValue><CSValueCode>3032771</CSValueCode><CSValueName>简体中文</CSValueName><CSValueRank>4</CSValueRank></CSValue><CSValue><CSValueCode>3032772</CSValueCode><CSValueName>法语</CSValueName><CSValueRank>5</CSValueRank></CSValue><CSValue><CSValueCode>VA4063224</CSValueCode><CSValueName>芬兰语</CSValueName><CSValueRank>6</CSValueRank></CSValue><CSValue><CSValueCode>3032773</CSValueCode><CSValueName>德语</CSValueName><CSValueRank>7</CSValueRank></CSValue><CSValue><CSValueCode>VA4002508</CSValueCode><CSValueName>希腊语</CSValueName><CSValueRank>8</CSValueRank></CSValue><CSValue><CSValueCode>3034563</CSValueCode><CSValueName>匈牙利语</CSValueName><CSValueRank>9</CSValueRank></CSValue><CSValue><CSValueCode>3032774</CSValueCode><CSValueName>意大利语</CSValueName><CSValueRank>10</CSValueRank></CSValue><CSValue><CSValueCode>3038221</CSValueCode><CSValueName>日语</CSValueName><CSValueRank>11</CSValueRank></CSValue><CSValue><CSValueCode>3039946</CSValueCode><CSValueName>韩语</CSValueName><CSValueRank>12</CSValueRank></CSValue><CSValue><CSValueCode>3032775</CSValueCode><CSValueName>葡萄牙语</CSValueName><CSValueRank>13</CSValueRank></CSValue><CSValue><CSValueCode>3034564</CSValueCode><CSValueName>波兰语</CSValueName><CSValueRank>14</CSValueRank></CSValue><CSValue><CSValueCode>3032776</CSValueCode><CSValueName>俄语</CSValueName><CSValueRank>15</CSValueRank></CSValue><CSValue><CSValueCode>3034114</CSValueCode><CSValueName>简体中文</CSValueName><CSValueRank>16</CSValueRank></CSValue><CSValue><CSValueCode>3032777</CSValueCode><CSValueName>西班牙语</CSValueName><CSValueRank>17</CSValueRank></CSValue><CSValue><CSValueCode>3034562</CSValueCode><CSValueName>瑞典语</CSValueName><CSValueRank>18</CSValueRank></CSValue><CSValue><CSValueCode>3034115</CSValueCode><CSValueName>繁体中文</CSValueName><CSValueRank>19</CSValueRank></CSValue><CSValue><CSValueCode>3035749</CSValueCode><CSValueName>土耳其语</CSValueName><CSValueRank>20</CSValueRank></CSValue><CSValue><CSValueCode>VA4065364</CSValueCode><CSValueName>乌克兰语</CSValueName><CSValueRank>21</CSValueRank></CSValue></CSItem><CSItem><CSItemCode>3006694</CSItemCode><CSItemName>其它便利性</CSItemName><CSItemRank>6</CSItemRank><CSItemIsFreeFormat>0</CSItemIsFreeFormat><CSValue><CSValueCode>3032778</CSValueCode><CSValueName>Kensington 锁</CSValueName><CSValueRank>1</CSValueRank></CSValue><CSValue><CSValueCode>VA4016754</CSValueCode><CSValueName>VESA 安装架（100 x 100 毫米）</CSValueName><CSValueRank>2</CSValueRank></CSValue></CSItem><CSItem><CSItemCode>3006699</CSItemCode><CSItemName>即插即用兼容性</CSItemName><CSItemRank>7</CSItemRank><CSItemIsFreeFormat>0</CSItemIsFreeFormat><CSValue><CSValueCode>3043209</CSValueCode><CSValueName>DDC/CI</CSValueName><CSValueRank>1</CSValueRank></CSValue><CSValue><CSValueCode>3046249</CSValueCode><CSValueName>Mac OS X</CSValueName><CSValueRank>2</CSValueRank></CSValue><CSValue><CSValueCode>3032788</CSValueCode><CSValueName>sRGB</CSValueName><CSValueRank>3</CSValueRank></CSValue><CSValue><CSValueCode>VA4091311</CSValueCode><CSValueName>Windows 10 / 8.1 / 8 / 7</CSValueName><CSValueRank>4</CSValueRank></CSValue></CSItem></CSChapter><CSChapter><CSChapterCode>CH4000824</CSChapterCode><CSChapterName>底座</CSChapterName><CSChapterRank>6</CSChapterRank><CSItem><CSItemCode>IT4004951</CSItemCode><CSItemName>高度调节</CSItemName><CSItemRank>1</CSItemRank><CSItemIsFreeFormat>1</CSItemIsFreeFormat><CSValue><CSValueCode>VA4015656</CSValueCode><CSValueName>180</CSValueName><CSValueRank>1</CSValueRank></CSValue><UnitOfMeasure><UnitOfMeasureCode>3000058</UnitOfMeasureCode><UnitOfMeasureName>毫米</UnitOfMeasureName><UnitOfMeasureSymbol>毫米</UnitOfMeasureSymbol></UnitOfMeasure></CSItem><CSItem><CSItemCode>IT4004953</CSItemCode><CSItemName>旋转</CSItemName><CSItemRank>2</CSItemRank><CSItemIsFreeFormat>1</CSItemIsFreeFormat><CSValue><CSValueCode>VA4015658</CSValueCode><CSValueName>-170/170</CSValueName><CSValueRank>1</CSValueRank></CSValue><UnitOfMeasure><UnitOfMeasureCode>3000042</UnitOfMeasureCode><UnitOfMeasureName>度</UnitOfMeasureName><UnitOfMeasureSymbol>度</UnitOfMeasureSymbol></UnitOfMeasure></CSItem><CSItem><CSItemCode>IT4004954</CSItemCode><CSItemName>倾斜</CSItemName><CSItemRank>3</CSItemRank><CSItemIsFreeFormat>1</CSItemIsFreeFormat><CSValue><CSValueCode>VA4015659</CSValueCode><CSValueName>-5/20</CSValueName><CSValueRank>1</CSValueRank></CSValue><UnitOfMeasure><UnitOfMeasureCode>3000042</UnitOfMeasureCode><UnitOfMeasureName>度</UnitOfMeasureName><UnitOfMeasureSymbol>度</UnitOfMeasureSymbol></UnitOfMeasure></CSItem></CSChapter><CSChapter><CSChapterCode>3000821</CSChapterCode><CSChapterName>功率</CSChapterName><CSChapterRank>7</CSChapterRank><CSItem><CSItemCode>IT4005861</CSItemCode><CSItemName>开启模式</CSItemName><CSItemRank>1</CSItemRank><CSItemIsFreeFormat>1</CSItemIsFreeFormat><CSValue><CSValueCode>VA4017025</CSValueCode><CSValueName>67.09 瓦（标准）</CSValueName><CSValueRank>1</CSValueRank></CSValue></CSItem><CSItem><CSItemCode>IT4006150</CSItemCode><CSItemName>待机模式</CSItemName><CSItemRank>2</CSItemRank><CSItemIsFreeFormat>1</CSItemIsFreeFormat><CSValue><CSValueCode>VA4017360</CSValueCode><CSValueName>&lt; 0.5 瓦（标准）</CSValueName><CSValueRank>1</CSValueRank></CSValue></CSItem><CSItem><CSItemCode>IT4006081</CSItemCode><CSItemName>关闭模式</CSItemName><CSItemRank>3</CSItemRank><CSItemIsFreeFormat>1</CSItemIsFreeFormat><CSValue><CSValueCode>VA4017285</CSValueCode><CSValueName>&lt; 0.3 瓦（标准）</CSValueName><CSValueRank>1</CSValueRank></CSValue></CSItem><CSItem><CSItemCode>3006931</CSItemCode><CSItemName>电源 LED 指示灯</CSItemName><CSItemRank>4</CSItemRank><CSItemIsFreeFormat>0</CSItemIsFreeFormat><CSValue><CSValueCode>VA4015465</CSValueCode><CSValueName>工作 - 白色</CSValueName><CSValueRank>1</CSValueRank></CSValue><CSValue><CSValueCode>VA4017406</CSValueCode><CSValueName>待机模式 - 白色（闪烁）</CSValueName><CSValueRank>2</CSValueRank></CSValue></CSItem><CSItem><CSItemCode>3006932</CSItemCode><CSItemName>电源</CSItemName><CSItemRank>5</CSItemRank><CSItemIsFreeFormat>0</CSItemIsFreeFormat><CSValue><CSValueCode>3033322</CSValueCode><CSValueName>外部</CSValueName><CSValueRank>1</CSValueRank></CSValue><CSValue><CSValueCode>VA4050622</CSValueCode><CSValueName>100-240 伏交流，50-60 赫兹</CSValueName><CSValueRank>2</CSValueRank></CSValue></CSItem></CSChapter><CSChapter><CSChapterCode>3000820</CSChapterCode><CSChapterName>尺寸</CSChapterName><CSChapterRank>8</CSChapterRank><CSItem><CSItemCode>IT4005764</CSItemCode><CSItemName>带支座的产品（毫米）</CSItemName><CSItemRank>1</CSItemRank><CSItemIsFreeFormat>1</CSItemIsFreeFormat><CSValue><CSValueCode>VA4016930</CSValueCode><CSValueName>810 x 621 x 311</CSValueName><CSValueRank>1</CSValueRank></CSValue><UnitOfMeasure><UnitOfMeasureCode>3000058</UnitOfMeasureCode><UnitOfMeasureName>毫米</UnitOfMeasureName><UnitOfMeasureSymbol>毫米</UnitOfMeasureSymbol></UnitOfMeasure></CSItem><CSItem><CSItemCode>IT4005765</CSItemCode><CSItemName>不带支座的产品（毫米）</CSItemName><CSItemRank>2</CSItemRank><CSItemIsFreeFormat>1</CSItemIsFreeFormat><CSValue><CSValueCode>VA4016931</CSValueCode><CSValueName>810 x 369 x 98</CSValueName><CSValueRank>1</CSValueRank></CSValue><UnitOfMeasure><UnitOfMeasureCode>3000058</UnitOfMeasureCode><UnitOfMeasureName>毫米</UnitOfMeasureName><UnitOfMeasureSymbol>毫米</UnitOfMeasureSymbol></UnitOfMeasure></CSItem><CSItem><CSItemCode>IT4005766</CSItemCode><CSItemName>包装（宽x高x厚）（毫米）</CSItemName><CSItemRank>3</CSItemRank><CSItemIsFreeFormat>1</CSItemIsFreeFormat><CSValue><CSValueCode>VA4016932</CSValueCode><CSValueName>944 x 578 x 224</CSValueName><CSValueRank>1</CSValueRank></CSValue><UnitOfMeasure><UnitOfMeasureCode>3000058</UnitOfMeasureCode><UnitOfMeasureName>毫米</UnitOfMeasureName><UnitOfMeasureSymbol>毫米</UnitOfMeasureSymbol></UnitOfMeasure></CSItem></CSChapter><CSChapter><CSChapterCode>CH4000702</CSChapterCode><CSChapterName>重量</CSChapterName><CSChapterRank>9</CSChapterRank><CSItem><CSItemCode>IT4005770</CSItemCode><CSItemName>带支座的产品（千克）</CSItemName><CSItemRank>1</CSItemRank><CSItemIsFreeFormat>1</CSItemIsFreeFormat><CSValue><CSValueCode>VA4016936</CSValueCode><CSValueName>9.60</CSValueName><CSValueRank>1</CSValueRank></CSValue><UnitOfMeasure><UnitOfMeasureCode>3000049</UnitOfMeasureCode><UnitOfMeasureName>千克</UnitOfMeasureName><UnitOfMeasureSymbol>千克</UnitOfMeasureSymbol></UnitOfMeasure></CSItem><CSItem><CSItemCode>IT4005771</CSItemCode><CSItemName>不带支座的产品（千克）</CSItemName><CSItemRank>2</CSItemRank><CSItemIsFreeFormat>1</CSItemIsFreeFormat><CSValue><CSValueCode>VA4016937</CSValueCode><CSValueName>6.60</CSValueName><CSValueRank>1</CSValueRank></CSValue><UnitOfMeasure><UnitOfMeasureCode>3000049</UnitOfMeasureCode><UnitOfMeasureName>千克</UnitOfMeasureName><UnitOfMeasureSymbol>千克</UnitOfMeasureSymbol></UnitOfMeasure></CSItem><CSItem><CSItemCode>IT4005772</CSItemCode><CSItemName>带包装的产品（千克）</CSItemName><CSItemRank>3</CSItemRank><CSItemIsFreeFormat>1</CSItemIsFreeFormat><CSValue><CSValueCode>VA4016938</CSValueCode><CSValueName>14.88</CSValueName><CSValueRank>1</CSValueRank></CSValue><UnitOfMeasure><UnitOfMeasureCode>3000049</UnitOfMeasureCode><UnitOfMeasureName>千克</UnitOfMeasureName><UnitOfMeasureSymbol>千克</UnitOfMeasureSymbol></UnitOfMeasure></CSItem></CSChapter><CSChapter><CSChapterCode>CH4000823</CSChapterCode><CSChapterName>使用条件</CSChapterName><CSChapterRank>10</CSChapterRank><CSItem><CSItemCode>IT4004946</CSItemCode><CSItemName>温度范围（工作）</CSItemName><CSItemRank>1</CSItemRank><CSItemIsFreeFormat>1</CSItemIsFreeFormat><CSValue><CSValueCode>VA4015651</CSValueCode><CSValueName>0°C 至 40°C</CSValueName><CSValueRank>1</CSValueRank></CSValue><UnitOfMeasure><UnitOfMeasureCode>3000081</UnitOfMeasureCode><UnitOfMeasureName>摄氏度</UnitOfMeasureName><UnitOfMeasureSymbol>°C</UnitOfMeasureSymbol></UnitOfMeasure></CSItem><CSItem><CSItemCode>IT4004947</CSItemCode><CSItemName>温度范围（存储）</CSItemName><CSItemRank>2</CSItemRank><CSItemIsFreeFormat>1</CSItemIsFreeFormat><CSValue><CSValueCode>VA4015652</CSValueCode><CSValueName>-20°C 至 60°C</CSValueName><CSValueRank>1</CSValueRank></CSValue><UnitOfMeasure><UnitOfMeasureCode>3000081</UnitOfMeasureCode><UnitOfMeasureName>摄氏度</UnitOfMeasureName><UnitOfMeasureSymbol>°C</UnitOfMeasureSymbol></UnitOfMeasure></CSItem><CSItem><CSItemCode>IT4004948</CSItemCode><CSItemName>相对湿度</CSItemName><CSItemRank>3</CSItemRank><CSItemIsFreeFormat>1</CSItemIsFreeFormat><CSValue><CSValueCode>VA4015653</CSValueCode><CSValueName>20%-80</CSValueName><CSValueRank>1</CSValueRank></CSValue><UnitOfMeasure><UnitOfMeasureCode>3000065</UnitOfMeasureCode><UnitOfMeasureName>百分比</UnitOfMeasureName><UnitOfMeasureSymbol>%</UnitOfMeasureSymbol></UnitOfMeasure></CSItem><CSItem><CSItemCode>IT4023612</CSItemCode><CSItemName>海拔</CSItemName><CSItemRank>4</CSItemRank><CSItemIsFreeFormat>1</CSItemIsFreeFormat><CSValue><CSValueCode>VA4054761</CSValueCode><CSValueName>工作：+12,000 英尺（3,658 米），非工作：+40,000 英尺（12,192 米）</CSValueName><CSValueRank>1</CSValueRank></CSValue></CSItem><CSItem><CSItemCode>IT4004949</CSItemCode><CSItemName>MTBF</CSItemName><CSItemRank>5</CSItemRank><CSItemIsFreeFormat>1</CSItemIsFreeFormat><CSValue><CSValueCode>VA4015654</CSValueCode><CSValueName>50000（不包括背光）</CSValueName><CSValueRank>1</CSValueRank></CSValue><UnitOfMeasure><UnitOfMeasureCode>4000007</UnitOfMeasureCode><UnitOfMeasureName>-小时</UnitOfMeasureName><UnitOfMeasureSymbol>小时</UnitOfMeasureSymbol></UnitOfMeasure></CSItem></CSChapter><CSChapter><CSChapterCode>CH4000822</CSChapterCode><CSChapterName>可持续发展</CSChapterName><CSChapterRank>11</CSChapterRank><CSItem><CSItemCode>IT4004941</CSItemCode><CSItemName>环境和能源</CSItemName><CSItemRank>1</CSItemRank><CSItemIsFreeFormat>0</CSItemIsFreeFormat><CSValue><CSValueCode>VA4015645</CSValueCode><CSValueName>RoHS</CSValueName><CSValueRank>1</CSValueRank></CSValue><CSValue><CSValueCode>VA4033721</CSValueCode><CSValueName>无铅</CSValueName><CSValueRank>2</CSValueRank></CSValue><CSValue><CSValueCode>VA4033722</CSValueCode><CSValueName>不含汞</CSValueName><CSValueRank>3</CSValueRank></CSValue><CSValue><CSValueCode>VA4017527</CSValueCode><CSValueName>WEEE</CSValueName><CSValueRank>4</CSValueRank></CSValue></CSItem><CSItem><CSItemCode>IT4004944</CSItemCode><CSItemName>可回收包装材料</CSItemName><CSItemRank>2</CSItemRank><CSItemIsFreeFormat>1</CSItemIsFreeFormat><CSValue><CSValueCode>VA4015649</CSValueCode><CSValueName>100</CSValueName><CSValueRank>1</CSValueRank></CSValue><UnitOfMeasure><UnitOfMeasureCode>3000065</UnitOfMeasureCode><UnitOfMeasureName>百分比</UnitOfMeasureName><UnitOfMeasureSymbol>%</UnitOfMeasureSymbol></UnitOfMeasure></CSItem></CSChapter><CSChapter><CSChapterCode>CH4001161</CSChapterCode><CSChapterName>合规性和标准</CSChapterName><CSChapterRank>12</CSChapterRank><CSItem><CSItemCode>IT4006152</CSItemCode><CSItemName>审批机构</CSItemName><CSItemRank>1</CSItemRank><CSItemIsFreeFormat>0</CSItemIsFreeFormat><CSValue><CSValueCode>VA4017361</CSValueCode><CSValueName>CE 标记</CSValueName><CSValueRank>1</CSValueRank></CSValue><CSValue><CSValueCode>VA4083906</CSValueCode><CSValueName>CU-EAC</CSValueName><CSValueRank>2</CSValueRank></CSValue><CSValue><CSValueCode>VA4090213</CSValueCode><CSValueName>RCM</CSValueName><CSValueRank>3</CSValueRank></CSValue><CSValue><CSValueCode>VA4017529</CSValueCode><CSValueName>CB</CSValueName><CSValueRank>4</CSValueRank></CSValue><CSValue><CSValueCode>VA4069742</CSValueCode><CSValueName>GS</CSValueName><CSValueRank>5</CSValueRank></CSValue><CSValue><CSValueCode>VA4050621</CSValueCode><CSValueName>TUV/ISO9241-307</CSValueName><CSValueRank>6</CSValueRank></CSValue><CSValue><CSValueCode>VA4017365</CSValueCode><CSValueName>SEMKO</CSValueName><CSValueRank>7</CSValueRank></CSValue><CSValue><CSValueCode>VA4084844</CSValueCode><CSValueName>MEPS</CSValueName><CSValueRank>8</CSValueRank></CSValue></CSItem></CSChapter><CSChapter><CSChapterCode>CH4000825</CSChapterCode><CSChapterName>机壳</CSChapterName><CSChapterRank>13</CSChapterRank><CSItem><CSItemCode>IT4004955</CSItemCode><CSItemName>颜色</CSItemName><CSItemRank>1</CSItemRank><CSItemIsFreeFormat>1</CSItemIsFreeFormat><CSValue><CSValueCode>VA4015660</CSValueCode><CSValueName>黑色</CSValueName><CSValueRank>1</CSValueRank></CSValue></CSItem><CSItem><CSItemCode>IT4019076</CSItemCode><CSItemName>基座</CSItemName><CSItemRank>2</CSItemRank><CSItemIsFreeFormat>1</CSItemIsFreeFormat><CSValue><CSValueCode>VA4042549</CSValueCode><CSValueName>黑色 / 银色</CSValueName><CSValueRank>1</CSValueRank></CSValue></CSItem><CSItem><CSItemCode>IT4004956</CSItemCode><CSItemName>表面</CSItemName><CSItemRank>3</CSItemRank><CSItemIsFreeFormat>1</CSItemIsFreeFormat><CSValue><CSValueCode>VA4015661</CSValueCode><CSValueName>纹理结构</CSValueName><CSValueRank>1</CSValueRank></CSValue></CSItem></CSChapter><CSChapter><CSChapterCode>CH4008581</CSChapterCode><CSChapterName>包装盒内物品：</CSChapterName><CSChapterRank>15</CSChapterRank><CSItem><CSItemCode>IT4040999</CSItemCode><CSItemName>带底座的显示器</CSItemName><CSItemRank>1</CSItemRank><CSItemIsFreeFormat>1</CSItemIsFreeFormat><CSValue><CSValueCode>VA4095569</CSValueCode><CSValueName>Y</CSValueName><CSValueRank>1</CSValueRank></CSValue></CSItem><CSItem><CSItemCode>IT4041000</CSItemCode><CSItemName>线缆</CSItemName><CSItemRank>2</CSItemRank><CSItemIsFreeFormat>1</CSItemIsFreeFormat><CSValue><CSValueCode>VA4095570</CSValueCode><CSValueName>USB-C 到 USB-C 线缆、USB-C 到 USB-A 线缆、HDMI 线缆、DP 线缆、音频线缆、电源线</CSValueName><CSValueRank>1</CSValueRank></CSValue></CSItem><CSItem><CSItemCode>IT4041030</CSItemCode><CSItemName>用户文档</CSItemName><CSItemRank>3</CSItemRank><CSItemIsFreeFormat>1</CSItemIsFreeFormat><CSValue><CSValueCode>VA4095604</CSValueCode><CSValueName>Y</CSValueName><CSValueRank>1</CSValueRank></CSValue></CSItem></CSChapter><Filters><Purpose type="Comparison"><Features><Feature code="F400071117" rank="1" referenceName="Curved display design for more immersive experience"/><Feature code="F400081098" rank="2" referenceName="UltraNarrow Border_V7"/><Feature code="F400084504" rank="3" referenceName="All your connections through one USB-C cable_non 4K"/><Feature code="F400078908" rank="4" referenceName="Ultra Wide-Color Technology"/><Feature code="F400067424" rank="5" referenceName="CrystalClear images with UltraWide QHD 3440 x 1440 pixels"/><Feature code="F400048347" rank="6" referenceName="MultiView technology"/><Feature code="F400084606" rank="7" referenceName="100Hz Fast refresh"/><Feature code="F300016753" rank="8" referenceName="Compact Ergo Base"/><Feature code="F400078929" rank="9" referenceName="LowBlue Mode"/><Feature code="F400066651" rank="10" referenceName="USB 3.0 Hub for convenient access and  fast charging"/></Features><CSItems><CSItem code="3006169" rank="1" referenceName="Picture/Display - LCD panel type"/><CSItem code="3006576" rank="1" referenceName="Connectivity - Signal Input"/><CSItem code="IT4004941" rank="1" referenceName="Sustainability - Environmental and energy"/><CSItem code="IT4004946" rank="1" referenceName="Operating conditions - Temperature range (operation)"/><CSItem code="IT4004951" rank="1" referenceName="Stand - Height adjustment"/><CSItem code="IT4004955" rank="1" referenceName="Cabinet - Color"/><CSItem code="IT4005764" rank="1" referenceName="Dimensions - Product with stand (mm)"/><CSItem code="IT4005770" rank="1" referenceName="Weight - Product with stand (kg)"/><CSItem code="IT4005861" rank="1" referenceName="Power - On mode"/><CSItem code="IT4006152" rank="1" referenceName="Compliance and standards - Regulatory Approvals"/><CSItem code="IT4014853" rank="1" referenceName="Convenience - Built-in Speakers"/><CSItem code="IT4040999" rank="1" referenceName="What's in the box? - Monitor with stand"/><CSItem code="3006583" rank="2" referenceName="Connectivity - USB"/><CSItem code="IT4004944" rank="2" referenceName="Sustainability - Recyclable packaging material"/><CSItem code="IT4004947" rank="2" referenceName="Operating conditions - Temperature range (storage)"/><CSItem code="IT4004953" rank="2" referenceName="Stand - Swivel"/><CSItem code="IT4005765" rank="2" referenceName="Dimensions - Product without stand (mm)"/><CSItem code="IT4005771" rank="2" referenceName="Weight - Product without stand (kg)"/><CSItem code="IT4006150" rank="2" referenceName="Power - Standby mode"/><CSItem code="IT4007209" rank="2" referenceName="Picture/Display - Backlight type"/><CSItem code="IT4019076" rank="2" referenceName="Cabinet - Foot"/><CSItem code="IT4027495" rank="2" referenceName="Convenience - MultiView"/><CSItem code="IT4041000" rank="2" referenceName="What's in the box? - Cables"/><CSItem code="3006180" rank="3" referenceName="Picture/Display - Panel Size"/><CSItem code="3006588" rank="3" referenceName="Connectivity - Sync Input"/><CSItem code="3006633" rank="3" referenceName="Convenience - User convenience"/><CSItem code="IT4004948" rank="3" referenceName="Operating conditions - Relative humidity"/><CSItem code="IT4004954" rank="3" referenceName="Stand - Tilt"/><CSItem code="IT4004956" rank="3" referenceName="Cabinet - Finish"/><CSItem code="IT4005766" rank="3" referenceName="Dimensions - Packaging in mm (WxHxD)"/><CSItem code="IT4005772" rank="3" referenceName="Weight - Product with packaging (kg)"/><CSItem code="IT4006081" rank="3" referenceName="Power - Off mode"/><CSItem code="IT4041030" rank="3" referenceName="What's in the box? - User Documentation"/><CSItem code="3006931" rank="4" referenceName="Power - Power LED indicator"/><CSItem code="IT4005621" rank="4" referenceName="Connectivity - Audio (In/Out)"/><CSItem code="IT4019071" rank="4" referenceName="Convenience - Control software"/><CSItem code="IT4023612" rank="4" referenceName="Operating conditions - Altitude"/><CSItem code="IT4044130" rank="4" referenceName="Picture/Display - Display Screen Coating"/><CSItem code="3006693" rank="5" referenceName="Convenience - OSD Languages"/><CSItem code="3006932" rank="5" referenceName="Power - Power supply"/><CSItem code="IT4004949" rank="5" referenceName="Operating conditions - MTBF"/><CSItem code="IT4034031" rank="5" referenceName="Picture/Display - Color gamut (typical)"/><CSItem code="3006149" rank="6" referenceName="Picture/Display - Effective viewing area"/><CSItem code="3006694" rank="6" referenceName="Convenience - Other convenience"/><CSItem code="3006121" rank="7" referenceName="Picture/Display - Aspect ratio"/><CSItem code="3006699" rank="7" referenceName="Convenience - Plug &amp; Play Compatibility"/><CSItem code="3006176" rank="8" referenceName="Picture/Display - Maximum Resolution"/><CSItem code="IT4041772" rank="9" referenceName="Picture/Display - Pixel Density"/><CSItem code="IT4039893" rank="10" referenceName="Picture/Display - Response time (typical)"/><CSItem code="3006127" rank="11" referenceName="Picture/Display - Brightness"/><CSItem code="3006133" rank="12" referenceName="Picture/Display - Contrast ratio (typical)"/><CSItem code="IT4006148" rank="13" referenceName="Picture/Display - SmartContrast"/><CSItem code="3006186" rank="14" referenceName="Picture/Display - Pixel pitch"/><CSItem code="3007518" rank="15" referenceName="Picture/Display - Viewing angle"/><CSItem code="IT4036934" rank="16" referenceName="Picture/Display - Flicker-free"/><CSItem code="3006183" rank="17" referenceName="Picture/Display - Picture enhancement"/><CSItem code="3006143" rank="18" referenceName="Picture/Display - Display colors"/><CSItem code="IT4006149" rank="19" referenceName="Picture/Display - Scanning Frequency"/><CSItem code="3006207" rank="20" referenceName="Picture/Display - sRGB"/><CSItem code="IT4042826" rank="21" referenceName="Picture/Display - LowBlue Mode"/><CSItem code="IT4042884" rank="22" referenceName="Picture/Display - Adaptive sync"/></CSItems></Purpose><Purpose type="Detail"><Features><Feature code="F400071117" rank="1" referenceName="Curved display design for more immersive experience"/><Feature code="F400081098" rank="2" referenceName="UltraNarrow Border_V7"/><Feature code="F400084504" rank="3" referenceName="All your connections through one USB-C cable_non 4K"/><Feature code="F400078908" rank="4" referenceName="Ultra Wide-Color Technology"/><Feature code="F400067424" rank="5" referenceName="CrystalClear images with UltraWide QHD 3440 x 1440 pixels"/><Feature code="F400048347" rank="6" referenceName="MultiView technology"/><Feature code="F400084606" rank="7" referenceName="100Hz Fast refresh"/><Feature code="F300016753" rank="8" referenceName="Compact Ergo Base"/><Feature code="F400078929" rank="9" referenceName="LowBlue Mode"/><Feature code="F400066651" rank="10" referenceName="USB 3.0 Hub for convenient access and  fast charging"/></Features><CSItems><CSItem code="3006169" rank="1" referenceName="Picture/Display - LCD panel type"/><CSItem code="3006576" rank="1" referenceName="Connectivity - Signal Input"/><CSItem code="IT4004941" rank="1" referenceName="Sustainability - Environmental and energy"/><CSItem code="IT4004946" rank="1" referenceName="Operating conditions - Temperature range (operation)"/><CSItem code="IT4004951" rank="1" referenceName="Stand - Height adjustment"/><CSItem code="IT4004955" rank="1" referenceName="Cabinet - Color"/><CSItem code="IT4005764" rank="1" referenceName="Dimensions - Product with stand (mm)"/><CSItem code="IT4005770" rank="1" referenceName="Weight - Product with stand (kg)"/><CSItem code="IT4005861" rank="1" referenceName="Power - On mode"/><CSItem code="IT4006152" rank="1" referenceName="Compliance and standards - Regulatory Approvals"/><CSItem code="IT4014853" rank="1" referenceName="Convenience - Built-in Speakers"/><CSItem code="IT4040999" rank="1" referenceName="What's in the box? - Monitor with stand"/><CSItem code="3006583" rank="2" referenceName="Connectivity - USB"/><CSItem code="IT4004944" rank="2" referenceName="Sustainability - Recyclable packaging material"/><CSItem code="IT4004947" rank="2" referenceName="Operating conditions - Temperature range (storage)"/><CSItem code="IT4004953" rank="2" referenceName="Stand - Swivel"/><CSItem code="IT4005765" rank="2" referenceName="Dimensions - Product without stand (mm)"/><CSItem code="IT4005771" rank="2" referenceName="Weight - Product without stand (kg)"/><CSItem code="IT4006150" rank="2" referenceName="Power - Standby mode"/><CSItem code="IT4007209" rank="2" referenceName="Picture/Display - Backlight type"/><CSItem code="IT4019076" rank="2" referenceName="Cabinet - Foot"/><CSItem code="IT4027495" rank="2" referenceName="Convenience - MultiView"/><CSItem code="IT4041000" rank="2" referenceName="What's in the box? - Cables"/><CSItem code="3006180" rank="3" referenceName="Picture/Display - Panel Size"/><CSItem code="3006588" rank="3" referenceName="Connectivity - Sync Input"/><CSItem code="3006633" rank="3" referenceName="Convenience - User convenience"/><CSItem code="IT4004948" rank="3" referenceName="Operating conditions - Relative humidity"/><CSItem code="IT4004954" rank="3" referenceName="Stand - Tilt"/><CSItem code="IT4004956" rank="3" referenceName="Cabinet - Finish"/><CSItem code="IT4005766" rank="3" referenceName="Dimensions - Packaging in mm (WxHxD)"/><CSItem code="IT4005772" rank="3" referenceName="Weight - Product with packaging (kg)"/><CSItem code="IT4006081" rank="3" referenceName="Power - Off mode"/><CSItem code="IT4041030" rank="3" referenceName="What's in the box? - User Documentation"/><CSItem code="3006931" rank="4" referenceName="Power - Power LED indicator"/><CSItem code="IT4005621" rank="4" referenceName="Connectivity - Audio (In/Out)"/><CSItem code="IT4019071" rank="4" referenceName="Convenience - Control software"/><CSItem code="IT4023612" rank="4" referenceName="Operating conditions - Altitude"/><CSItem code="IT4044130" rank="4" referenceName="Picture/Display - Display Screen Coating"/><CSItem code="3006693" rank="5" referenceName="Convenience - OSD Languages"/><CSItem code="3006932" rank="5" referenceName="Power - Power supply"/><CSItem code="IT4004949" rank="5" referenceName="Operating conditions - MTBF"/><CSItem code="IT4034031" rank="5" referenceName="Picture/Display - Color gamut (typical)"/><CSItem code="3006149" rank="6" referenceName="Picture/Display - Effective viewing area"/><CSItem code="3006694" rank="6" referenceName="Convenience - Other convenience"/><CSItem code="3006121" rank="7" referenceName="Picture/Display - Aspect ratio"/><CSItem code="3006699" rank="7" referenceName="Convenience - Plug &amp; Play Compatibility"/><CSItem code="3006176" rank="8" referenceName="Picture/Display - Maximum Resolution"/><CSItem code="IT4041772" rank="9" referenceName="Picture/Display - Pixel Density"/><CSItem code="IT4039893" rank="10" referenceName="Picture/Display - Response time (typical)"/><CSItem code="3006127" rank="11" referenceName="Picture/Display - Brightness"/><CSItem code="3006133" rank="12" referenceName="Picture/Display - Contrast ratio (typical)"/><CSItem code="IT4006148" rank="13" referenceName="Picture/Display - SmartContrast"/><CSItem code="3006186" rank="14" referenceName="Picture/Display - Pixel pitch"/><CSItem code="3007518" rank="15" referenceName="Picture/Display - Viewing angle"/><CSItem code="IT4036934" rank="16" referenceName="Picture/Display - Flicker-free"/><CSItem code="3006183" rank="17" referenceName="Picture/Display - Picture enhancement"/><CSItem code="3006143" rank="18" referenceName="Picture/Display - Display colors"/><CSItem code="IT4006149" rank="19" referenceName="Picture/Display - Scanning Frequency"/><CSItem code="3006207" rank="20" referenceName="Picture/Display - sRGB"/><CSItem code="IT4042826" rank="21" referenceName="Picture/Display - LowBlue Mode"/><CSItem code="IT4042884" rank="22" referenceName="Picture/Display - Adaptive sync"/></CSItems></Purpose></Filters><FeatureCompareGroups/><Disclaimers><Disclaimer code="DIS40009223" rank="1" referenceName="Curved_Radius of the arc of the display curvature in mm"><DisclaimerText>显示屏的圆弧半径以毫米为单位</DisclaimerText><DisclaimElements/></Disclaimer><Disclaimer code="DIS40011414" rank="2" referenceName="USB-C_For Video transmission via USB-C"><DisclaimerText>要通过 USB-C 传输视频，笔记本电脑/设备必须支持 USB-C DP Alt 模式</DisclaimerText><DisclaimElements/></Disclaimer><Disclaimer code="DIS40004603" rank="3" referenceName="USB monitor_impact on network performance..."><DisclaimerText>屏幕共享、通过互联网在线流式播送视频和音频等活动可能影响您的网络性能。您的硬件、网络带宽及其性能将决定音频和视频的总体质量。</DisclaimerText><DisclaimElements/></Disclaimer><Disclaimer code="DIS40012258" rank="4" referenceName="USB-C power and charging function"><DisclaimerText>您的笔记本电脑/设备必须支持 USB-C 标准动力输送规格才能使用 USB-C 供电和充电功能。请查看您的笔记本电脑用户手册或咨询制造商以了解更多详细信息。</DisclaimerText><DisclaimElements/></Disclaimer><Disclaimer code="DIS40009731" rank="5" referenceName="Response time value equal to SmartResponse"><DisclaimerText>响应时间值相当于 SmartResponse</DisclaimerText><DisclaimElements/></Disclaimer><Disclaimer code="DIS40011416" rank="6" referenceName="NTSC Area based on CIE1976"><DisclaimerText>NTSC 色域基于 CIE1976</DisclaimerText><DisclaimElements/></Disclaimer><Disclaimer code="DIS40011417" rank="7" referenceName="sRGB Area based on CIE 1931"><DisclaimerText>sRGB 色域基于 CIE 1931</DisclaimerText><DisclaimElements/></Disclaimer><Disclaimer code="DIS40012417" rank="8" referenceName="PIP/PBP mode*"><DisclaimerText>不能同时支持用于 PIP/PBP 的 USB-C 与 HDMI</DisclaimerText><DisclaimElements/></Disclaimer><Disclaimer code="DIS40011928" rank="9" referenceName="The monitor may look different from feature images."><DisclaimerText>显示器可能看上去不同于特征图像。</DisclaimerText><DisclaimElements/></Disclaimer></Disclaimers><KeyValuePairs><KeyValuePair><Key>4043544</Key><Value>4100344</Value><Type>String</Type></KeyValuePair><KeyValuePair><Key>4043544</Key><Value>4100346</Value><Type>String</Type></KeyValuePair><KeyValuePair><Key>4043544</Key><Value>VA4104254</Value><Type>String</Type></KeyValuePair><KeyValuePair><Key>FdaFlag</Key><Value>false</Value><Type>String</Type></KeyValuePair><KeyValuePair><Key>GrantGroup</Key><Value>TPV</Value><Type>String</Type></KeyValuePair><KeyValuePair><Key>IT4015919</Key><Value>VA4038427</Value><Type>String</Type></KeyValuePair><KeyValuePair><Key>IT4015920</Key><Value>VA5027921</Value><Type>String</Type></KeyValuePair><KeyValuePair><Key>IT4041093</Key><Value>VA4095733</Value><Type>String</Type></KeyValuePair></KeyValuePairs><ProductClusters/><ProductRefs/><RichTexts/><GreenData><GreenAwards/><EnergyLabel/></GreenData></Product></Products>