<?xml version="1.0" encoding="UTF-8"?><Products xmlns:source="http://apache.org/cocoon/source/1.0" DocStatus="approved" DocTimeStamp="2018-10-31T11:35:06" DocType="PMT" DocVersion="xUCDM_product_external_CQ5_1_1_25"><Product Country="CN" IsAccessory="false" IsMaster="false" Locale="zh_CN" lastModified="2018-10-31T04:39:04" masterLastModified="2018-10-24T00:35:00"><CTN>PT735/14</CTN><GTIN>06947265403051</GTIN><MarketingVersion>5.2.2</MarketingVersion><MarketingStatus>Final Published</MarketingStatus><CRDate>2011-07-01</CRDate><CRDateYW>201126</CRDateYW><ModelYears/><ProductDivision><ProductDivisionCode>0200</ProductDivisionCode><ProductDivisionName>Consumer Lifestyle</ProductDivisionName><FormerPDCode>0300</FormerPDCode></ProductDivision><ProductOwner>Manish Kumar Singh</ProductOwner><DTN>PT735/14</DTN><Assets><Asset code="PT735_14" description="User manual" extension="pdf" extent="2775620" lastModified="2018-10-31" locale="zh_CN" number="001" type="DFU">http://download.p4c.philips.com/files/p/pt735_14/pt735_14_dfu_zhs.pdf</Asset><Asset code="PT735_14" description="Leaflet" extension="pdf" extent="650610" lastModified="2018-10-31" locale="zh_CN" number="001" type="PSS">http://download.p4c.philips.com/files/p/pt735_14/pt735_14_pss_zhscn.pdf</Asset><Asset code="PT735_14" description="Alternative product photograph 1 - highres 2196x1795" extension="jpg" extent="202854" lastModified="2018-10-31" locale="global" number="001" type="A1P">http://images.philips.com/is/image/PhilipsConsumer/PT735_14-A1P-global-001</Asset><Asset code="PT735_14" description="Alternative product photograph 2 - highres 2196x1795" extension="jpg" extent="154855" lastModified="2018-10-31" locale="global" number="001" type="A2P">http://images.philips.com/is/image/PhilipsConsumer/PT735_14-A2P-global-001</Asset><Asset code="PT735_14" description="Alternative product photograph - highres 2196x1795" extension="jpg" extent="210223" lastModified="2018-10-31" locale="global" number="001" type="APP">http://images.philips.com/is/image/PhilipsConsumer/PT735_14-APP-global-001</Asset><Asset code="PT735_14" description="Product detail 1 - highres 2196x1795" extension="jpg" extent="295117" lastModified="2018-10-31" locale="global" number="001" type="D1P">http://images.philips.com/is/image/PhilipsConsumer/PT735_14-D1P-global-001</Asset><Asset code="PT735_14" description="Product detail 2 - highres 2196x1795" extension="jpg" extent="637045" lastModified="2018-10-31" locale="global" number="001" type="D2P">http://images.philips.com/is/image/PhilipsConsumer/PT735_14-D2P-global-001</Asset><Asset code="PT735_14" description="Product detail 4 - highres 2196x1795" extension="jpg" extent="332090" lastModified="2018-10-31" locale="global" number="001" type="D4P">http://images.philips.com/is/image/PhilipsConsumer/PT735_14-D4P-global-001</Asset><Asset code="PT735_14" description="Product detail 5 - highres 2196x1795" extension="jpg" extent="383862" lastModified="2018-10-31" locale="global" number="001" type="D5P">http://images.philips.com/is/image/PhilipsConsumer/PT735_14-D5P-global-001</Asset><Asset code="PT735_14" description="Product detail photograph - highres 2196x2196" extension="tif" extent="2727306" lastModified="2018-10-31" locale="global" number="001" type="DPP">http://images.philips.com/is/image/PhilipsConsumer/PT735_14-DPP-global-001</Asset><Asset code="PT735_14" description="Product 3D" extension="zip" extent="51381631" lastModified="2018-10-31" locale="global" number="001" type="P3D">http://images.philips.com/is/image/PhilipsConsumer/PT735_14-P3D-global</Asset><Asset code="PT735_14" description="Packaging photograph - highres 1447x756" extension="jpg" extent="914049" lastModified="2018-10-31" locale="global" number="001" type="PID">http://images.philips.com/is/image/PhilipsConsumer/PT735_14-PID-global-001</Asset><Asset code="PT735_14" description="Leaflet" extension="pdf" extent="523756" lastModified="2018-10-31" locale="global" number="001" type="PSS">http://download.p4c.philips.com/files/p/pt735_14/pt735_14_pss_.pdf</Asset><Asset code="PT735_14" description="Standard product photograph - highres 2196x1795" extension="jpg" extent="243459" lastModified="2018-10-31" locale="global" number="001" type="RTP">http://images.philips.com/is/image/PhilipsConsumer/PT735_14-RTP-global-001</Asset><Asset code="PT735_14" description="Product In Use 1 - highres 2196x1795" extension="jpg" extent="719451" lastModified="2018-10-31" locale="global" number="001" type="U1P">http://images.philips.com/is/image/PhilipsConsumer/PT735_14-U1P-global-001</Asset><Asset code="PT735_14" description="Product In Use 2 - highres 2196x1795" extension="jpg" extent="616568" lastModified="2018-10-31" locale="global" number="001" type="U2P">http://images.philips.com/is/image/PhilipsConsumer/PT735_14-U2P-global-001</Asset><Asset code="PT735_14" description="Product In Use 3 - highres 2196x1795" extension="jpg" extent="527298" lastModified="2018-10-31" locale="global" number="001" type="U3P">http://images.philips.com/is/image/PhilipsConsumer/PT735_14-U3P-global-001</Asset><Asset code="PT735_14" description="Product In Use 4 - highres 2196x1795" extension="jpg" extent="504578" lastModified="2018-10-31" locale="global" number="001" type="U4P">http://images.philips.com/is/image/PhilipsConsumer/PT735_14-U4P-global-001</Asset><Asset code="PT735_14" description="Product In Use 5 - highres 2196x1795" extension="jpg" extent="400764" lastModified="2018-10-31" locale="global" number="001" type="U5P">http://images.philips.com/is/image/PhilipsConsumer/PT735_14-U5P-global-001</Asset><Asset code="PT735_14" description="Product in use photograph - highres 2196x1795" extension="jpg" extent="571657" lastModified="2018-10-31" locale="global" number="001" type="UPL">http://images.philips.com/is/image/PhilipsConsumer/PT735_14-UPL-global-001</Asset><Asset code="PT735_14" description="Single product shot" extension="" lastModified="2018-10-31" locale="zh_CN" number="" type="IMS">http://images.philips.com/is/image/PhilipsConsumer/PT735_14-IMS-zh_CN</Asset><Asset code="PT735_14" description="Product gallery image set" extension="" lastModified="2018-10-31" locale="zh_CN" number="" type="GAL">http://images.philips.com/is/image/PhilipsConsumer/PT735_14-GAL-zh_CN</Asset><Asset code="PT735_14" description="Product URL" extension="" lastModified="2018-10-31" locale="zh_CN" number="" type="URL">http://www.philips.com.cn/c-p/PT735_14/powertouch-dry-electric-shaver</Asset><Asset code="F400029680" description="Feature photograph - highres 2100x1170" extension="tif" extent="1454894" lastModified="2018-10-31" locale="global" number="001" type="FIL">http://images.philips.com/is/image/PhilipsConsumer/F400029680-FIL-global-001</Asset><Asset code="F400029683" description="Feature photograph - highres 2100x1170" extension="tif" extent="1491436" lastModified="2018-10-31" locale="global" number="001" type="FIL">http://images.philips.com/is/image/PhilipsConsumer/F400029683-FIL-global-001</Asset><Asset code="F400029825" description="Feature photograph - highres 2100x1170" extension="tif" extent="1499720" lastModified="2018-10-31" locale="global" number="001" type="FIL">http://images.philips.com/is/image/PhilipsConsumer/F400029825-FIL-global-001</Asset><Asset code="F400030369" description="Feature photograph - highres 2100x1170" extension="tif" extent="1772026" lastModified="2018-10-31" locale="global" number="001" type="FIL">http://images.philips.com/is/image/PhilipsConsumer/F400030369-FIL-global-001</Asset><Asset code="F400030370" description="Feature photograph - highres 2100x1170" extension="tif" extent="1535090" lastModified="2018-10-31" locale="global" number="001" type="FIL">http://images.philips.com/is/image/PhilipsConsumer/F400030370-FIL-global-001</Asset><Asset code="GA_GREEN" description="Global award logo - highres 590x590" extension="tif" extent="106076" lastModified="2018-10-31" locale="global" number="001" type="GAP">http://images.philips.com/is/image/PhilipsConsumer/GA_GREEN-GAP-global-001</Asset><Asset code="PHI" description="Brand logo - highres 1476x886" extension="tif" extent="641666" lastModified="2018-10-31" locale="global" number="001" type="BRP">http://images.philips.com/is/image/PhilipsConsumer/PHI-BRP-global-001</Asset><Asset code="SB40001644" description="Concept logo reversed - highres 1476x886" extension="tif" extent="27592" lastModified="2018-10-31" locale="global" number="001" type="MCP">http://images.philips.com/is/image/PhilipsConsumer/SB40001644-MCP-global-001</Asset></Assets><ProductName>双重准确刀片电动剃须刀</ProductName><NamingString><MasterBrand><BrandCode>PHI</BrandCode><BrandName>Philips</BrandName></MasterBrand><BrandString>飞利浦</BrandString><Concept><ConceptCode>SB40001644</ConceptCode><ConceptName>PowerTouch</ConceptName><ConceptNameUsed>0</ConceptNameUsed></Concept><Family><FamilyCode>SB40004140</FamilyCode><FamilyName>Shaver series 3000</FamilyName><FamilyNameUsed>1</FamilyNameUsed></Family><Descriptor><DescriptorCode>D4014045</DescriptorCode><DescriptorName>电动剃须刀</DescriptorName></Descriptor><Alphanumeric>PT735/14</Alphanumeric><VersionElement1><VersionElementCode>V4018152</VersionElementCode><VersionElementName>双倍准确剃须刀片</VersionElementName></VersionElement1><VersionElement2><VersionElementCode>V4018159</VersionElementCode><VersionElementName>浮动刀头</VersionElementName></VersionElement2><VersionString>双倍准确剃须刀片 浮动刀头</VersionString><BrandedFeatureString/></NamingString><WOW>贴近、洁净的剃须</WOW><MarketingTextHeader>这款飞利浦 PowerTouch 电动剃须刀为每天早晨的呵护剃须注入活力。凭借精密的设计、强耐水性和可靠的升级双层剃须性能，其确保您每天早晨享受随时快捷的剃须体验。</MarketingTextHeader><KeyBenefitArea><KeyBenefitAreaCode>K4012410</KeyBenefitAreaCode><KeyBenefitAreaName>每日晨间剃须的捷径</KeyBenefitAreaName><KeyBenefitAreaRank>1</KeyBenefitAreaRank><Feature><FeatureCode>F400029680</FeatureCode><FeatureReferenceName>Efficient Power System: 40+ minutes</FeatureReferenceName><FeatureName>高效能电源系统：40+ 分钟</FeatureName><FeatureLongDescription>40+ 分钟的无线剃须时间（需充电 8 小时）</FeatureLongDescription><FeatureGlossary>40+ 分钟可无线剃须 14 次。8 小时完全充电，因此您总是可以随时使用</FeatureGlossary><FeatureRank>1</FeatureRank><FeatureTopRank>1</FeatureTopRank></Feature><Feature><FeatureCode>F400029683</FeatureCode><FeatureReferenceName>Fully washable shaver (PowerTouch EU)</FeatureReferenceName><FeatureName>全身可水洗剃须刀</FeatureName><FeatureLongDescription>配备 QuickRinse 系统的可水洗剃须刀</FeatureLongDescription><FeatureGlossary>配备 QuickRinse 系统的全身可水洗电动剃须刀，洁净快速</FeatureGlossary><FeatureRank>2</FeatureRank><FeatureTopRank>5</FeatureTopRank></Feature></KeyBenefitArea><KeyBenefitArea><KeyBenefitAreaCode>K4012411</KeyBenefitAreaCode><KeyBenefitAreaName>舒适贴面的享受</KeyBenefitAreaName><KeyBenefitAreaRank>2</KeyBenefitAreaRank><Feature><FeatureCode>F400029825</FeatureCode><FeatureReferenceName>Super Lift &amp; Cut Action (PowerTouch - EU)</FeatureReferenceName><FeatureName>升级双层刀片设计</FeatureName><FeatureLongDescription>升级双层刀片设计，舒适贴面的剃须感受</FeatureLongDescription><FeatureGlossary>我们的电动剃须刀中集成的双层刀片系统可将须发提起，从肤下将须发舒服地剃掉，实现贴面的剃须</FeatureGlossary><FeatureRank>2</FeatureRank><FeatureTopRank>2</FeatureTopRank></Feature><Feature><FeatureCode>F400030370</FeatureCode><FeatureReferenceName>Dynamic Contour Response (PowerTouch)</FeatureReferenceName><FeatureName>动态轮廓响应</FeatureName><FeatureLongDescription>动态轮廓响应可根据您的面部和颈部曲线进行调节</FeatureLongDescription><FeatureGlossary>剃须刀可根据面部和颈部曲线自行调节剃须角度，剃须贴面</FeatureGlossary><FeatureRank>3</FeatureRank><FeatureTopRank>3</FeatureTopRank></Feature><Feature><FeatureCode>F400030369</FeatureCode><FeatureReferenceName>DualPrecision Cutting (PowerTouch)</FeatureReferenceName><FeatureName>双重准确切剃系统</FeatureName><FeatureLongDescription>双重准确剃须，即使须茬再短，也可轻松剃除</FeatureLongDescription><FeatureGlossary>该电动剃须刀的双重准确剃须刀头具有剃除普通长度毛发的沟槽和剃除较短须茬的圆孔</FeatureGlossary><FeatureRank>1</FeatureRank><FeatureTopRank>4</FeatureTopRank></Feature></KeyBenefitArea><FeatureImage><FeatureCode>F400029680</FeatureCode><FeatureReferenceName>Efficient Power System: 40+ minutes</FeatureReferenceName><FeatureImageRank>1</FeatureImageRank></FeatureImage><FeatureImage><FeatureCode>F400029825</FeatureCode><FeatureReferenceName>Super Lift &amp; Cut Action (PowerTouch - EU)</FeatureReferenceName><FeatureImageRank>2</FeatureImageRank></FeatureImage><FeatureImage><FeatureCode>F400030370</FeatureCode><FeatureReferenceName>Dynamic Contour Response (PowerTouch)</FeatureReferenceName><FeatureImageRank>3</FeatureImageRank></FeatureImage><FeatureImage><FeatureCode>F400030369</FeatureCode><FeatureReferenceName>DualPrecision Cutting (PowerTouch)</FeatureReferenceName><FeatureImageRank>4</FeatureImageRank></FeatureImage><FeatureImage><FeatureCode>F400029683</FeatureCode><FeatureReferenceName>Fully washable shaver (PowerTouch EU)</FeatureReferenceName><FeatureImageRank>5</FeatureImageRank></FeatureImage><FeatureHighlight><FeatureCode>F400029680</FeatureCode><FeatureReferenceName>Efficient Power System: 40+ minutes</FeatureReferenceName><FeatureHighlightRank>1</FeatureHighlightRank></FeatureHighlight><FeatureHighlight><FeatureCode>F400029825</FeatureCode><FeatureReferenceName>Super Lift &amp; Cut Action (PowerTouch - EU)</FeatureReferenceName><FeatureHighlightRank>2</FeatureHighlightRank></FeatureHighlight><FeatureHighlight><FeatureCode>F400030370</FeatureCode><FeatureReferenceName>Dynamic Contour Response (PowerTouch)</FeatureReferenceName><FeatureHighlightRank>3</FeatureHighlightRank></FeatureHighlight><FeatureHighlight><FeatureCode>F400030369</FeatureCode><FeatureReferenceName>DualPrecision Cutting (PowerTouch)</FeatureReferenceName><FeatureHighlightRank>4</FeatureHighlightRank></FeatureHighlight><FeatureHighlight><FeatureCode>F400029683</FeatureCode><FeatureReferenceName>Fully washable shaver (PowerTouch EU)</FeatureReferenceName><FeatureHighlightRank>5</FeatureHighlightRank></FeatureHighlight><CSChapter><CSChapterCode>CH4001523</CSChapterCode><CSChapterName>剃须性能</CSChapterName><CSChapterRank>1</CSChapterRank><CSItem><CSItemCode>IT4007976</CSItemCode><CSItemName>剃须系统</CSItemName><CSItemRank>1</CSItemRank><CSItemIsFreeFormat>0</CSItemIsFreeFormat><CSValue><CSValueCode>VA4030124</CSValueCode><CSValueName>双重精确切剃系统</CSValueName><CSValueRank>1</CSValueRank></CSValue><CSValue><CSValueCode>VA4030125</CSValueCode><CSValueName>升级双层刀片</CSValueName><CSValueRank>2</CSValueRank></CSValue></CSItem><CSItem><CSItemCode>IT4007977</CSItemCode><CSItemName>智能贴合</CSItemName><CSItemRank>2</CSItemRank><CSItemIsFreeFormat>0</CSItemIsFreeFormat><CSValue><CSValueCode>VA4030126</CSValueCode><CSValueName>动态轮廓响应</CSValueName><CSValueRank>1</CSValueRank></CSValue></CSItem></CSChapter><CSChapter><CSChapterCode>CH4001524</CSChapterCode><CSChapterName>操作简易</CSChapterName><CSChapterRank>3</CSChapterRank><CSItem><CSItemCode>IT4008711</CSItemCode><CSItemName>剃须时间</CSItemName><CSItemRank>1</CSItemRank><CSItemIsFreeFormat>0</CSItemIsFreeFormat><CSValue><CSValueCode>VA4030129</CSValueCode><CSValueName>40+ 分钟</CSValueName><CSValueRank>1</CSValueRank></CSValue></CSItem><CSItem><CSItemCode>IT4007981</CSItemCode><CSItemName>充电</CSItemName><CSItemRank>2</CSItemRank><CSItemIsFreeFormat>0</CSItemIsFreeFormat><CSValue><CSValueCode>VA4019965</CSValueCode><CSValueName>充电式设计</CSValueName><CSValueRank>1</CSValueRank></CSValue><CSValue><CSValueCode>VA4030132</CSValueCode><CSValueName>不接电和接电均可使用</CSValueName><CSValueRank>2</CSValueRank></CSValue><CSValue><CSValueCode>VA4030681</CSValueCode><CSValueName>3 分钟快速充电可剃须 1 次</CSValueName><CSValueRank>3</CSValueRank></CSValue></CSItem><CSItem><CSItemCode>IT4015296</CSItemCode><CSItemName>充电时间</CSItemName><CSItemRank>3</CSItemRank><CSItemIsFreeFormat>0</CSItemIsFreeFormat><CSValue><CSValueCode>VA4030236</CSValueCode><CSValueName>8 小时</CSValueName><CSValueRank>1</CSValueRank></CSValue></CSItem><CSItem><CSItemCode>IT4007980</CSItemCode><CSItemName>显示屏</CSItemName><CSItemRank>4</CSItemRank><CSItemIsFreeFormat>0</CSItemIsFreeFormat><CSValue><CSValueCode>VA4030300</CSValueCode><CSValueName>1 个 LED 指示灯</CSValueName><CSValueRank>1</CSValueRank></CSValue><CSValue><CSValueCode>VA4030378</CSValueCode><CSValueName>充电显示灯</CSValueName><CSValueRank>2</CSValueRank></CSValue><CSValue><CSValueCode>VA4030381</CSValueCode><CSValueName>电池电量低显示灯</CSValueName><CSValueRank>3</CSValueRank></CSValue><CSValue><CSValueCode>VA4030382</CSValueCode><CSValueName>电池电量充足指示</CSValueName><CSValueRank>4</CSValueRank></CSValue><CSValue><CSValueCode>VA4030383</CSValueCode><CSValueName>快速充电指示灯</CSValueName><CSValueRank>5</CSValueRank></CSValue></CSItem><CSItem><CSItemCode>IT4007985</CSItemCode><CSItemName>清洁</CSItemName><CSItemRank>5</CSItemRank><CSItemIsFreeFormat>0</CSItemIsFreeFormat><CSValue><CSValueCode>VA4030402</CSValueCode><CSValueName>全身可水洗剃须刀</CSValueName><CSValueRank>1</CSValueRank></CSValue><CSValue><CSValueCode>VA4030415</CSValueCode><CSValueName>快速冲洗胡茬储藏室</CSValueName><CSValueRank>2</CSValueRank></CSValue></CSItem></CSChapter><CSChapter><CSChapterCode>3001096</CSChapterCode><CSChapterName>设计</CSChapterName><CSChapterRank>4</CSChapterRank><CSItem><CSItemCode>IT4008709</CSItemCode><CSItemName>手柄</CSItemName><CSItemRank>1</CSItemRank><CSItemIsFreeFormat>0</CSItemIsFreeFormat><CSValue><CSValueCode>VA4021328</CSValueCode><CSValueName>防滑手柄</CSValueName><CSValueRank>1</CSValueRank></CSValue><CSValue><CSValueCode>VA4030648</CSValueCode><CSValueName>橡胶手柄</CSValueName><CSValueRank>2</CSValueRank></CSValue></CSItem><CSItem><CSItemCode>IT4007987</CSItemCode><CSItemName>表面处理</CSItemName><CSItemRank>2</CSItemRank><CSItemIsFreeFormat>0</CSItemIsFreeFormat><CSValue><CSValueCode>VA4030649</CSValueCode><CSValueName>高光塑料前盖</CSValueName><CSValueRank>1</CSValueRank></CSValue><CSValue><CSValueCode>VA4030652</CSValueCode><CSValueName>涂漆装饰环</CSValueName><CSValueRank>2</CSValueRank></CSValue></CSItem><CSItem><CSItemCode>3011951</CSItemCode><CSItemName>颜色</CSItemName><CSItemRank>3</CSItemRank><CSItemIsFreeFormat>0</CSItemIsFreeFormat><CSValue><CSValueCode>VA4030658</CSValueCode><CSValueName>大西洋蓝和大西洋银</CSValueName><CSValueRank>1</CSValueRank></CSValue></CSItem></CSChapter><CSChapter><CSChapterCode>3000815</CSChapterCode><CSChapterName>附件</CSChapterName><CSChapterRank>5</CSChapterRank><CSItem><CSItemCode>IT4007992</CSItemCode><CSItemName>维护</CSItemName><CSItemRank>1</CSItemRank><CSItemIsFreeFormat>0</CSItemIsFreeFormat><CSValue><CSValueCode>VA4019995</CSValueCode><CSValueName>清洁刷</CSValueName><CSValueRank>1</CSValueRank></CSValue><CSValue><CSValueCode>VA4019996</CSValueCode><CSValueName>保护盖</CSValueName><CSValueRank>2</CSValueRank></CSValue></CSItem></CSChapter><CSChapter><CSChapterCode>3000821</CSChapterCode><CSChapterName>功率</CSChapterName><CSChapterRank>6</CSChapterRank><CSItem><CSItemCode>3006919</CSItemCode><CSItemName>电池类型</CSItemName><CSItemRank>1</CSItemRank><CSItemIsFreeFormat>0</CSItemIsFreeFormat><CSValue><CSValueCode>VA4030665</CSValueCode><CSValueName>锂离子</CSValueName><CSValueRank>1</CSValueRank></CSValue></CSItem><CSItem><CSItemCode>IT4015297</CSItemCode><CSItemName>自动电压</CSItemName><CSItemRank>2</CSItemRank><CSItemIsFreeFormat>0</CSItemIsFreeFormat><CSValue><CSValueCode>VA4030670</CSValueCode><CSValueName>100-240 伏</CSValueName><CSValueRank>1</CSValueRank></CSValue></CSItem><CSItem><CSItemCode>IT4009439</CSItemCode><CSItemName>待机功耗</CSItemName><CSItemRank>3</CSItemRank><CSItemIsFreeFormat>0</CSItemIsFreeFormat><CSValue><CSValueCode>VA4032332</CSValueCode><CSValueName>&lt; 0.2</CSValueName><CSValueRank>1</CSValueRank></CSValue><UnitOfMeasure><UnitOfMeasureCode>3000072</UnitOfMeasureCode><UnitOfMeasureName>瓦特</UnitOfMeasureName><UnitOfMeasureSymbol>瓦</UnitOfMeasureSymbol></UnitOfMeasure></CSItem><CSItem><CSItemCode>IT4009440</CSItemCode><CSItemName>最大功耗</CSItemName><CSItemRank>4</CSItemRank><CSItemIsFreeFormat>0</CSItemIsFreeFormat><CSValue><CSValueCode>VA4030673</CSValueCode><CSValueName>5.4</CSValueName><CSValueRank>1</CSValueRank></CSValue><UnitOfMeasure><UnitOfMeasureCode>3000072</UnitOfMeasureCode><UnitOfMeasureName>瓦特</UnitOfMeasureName><UnitOfMeasureSymbol>瓦</UnitOfMeasureSymbol></UnitOfMeasure></CSItem></CSChapter><CSChapter><CSChapterCode>CHA_0000049</CSChapterCode><CSChapterName>服务</CSChapterName><CSChapterRank>7</CSChapterRank><CSItem><CSItemCode>IT4002813</CSItemCode><CSItemName>2 年保修</CSItemName><CSItemRank>1</CSItemRank><CSItemIsFreeFormat>0</CSItemIsFreeFormat><CSValue><CSValueCode>VA4011021</CSValueCode><CSValueName>Y</CSValueName><CSValueRank>1</CSValueRank></CSValue></CSItem><CSItem><CSItemCode>IT4015371</CSItemCode><CSItemName>替换刀头</CSItemName><CSItemRank>2</CSItemRank><CSItemIsFreeFormat>0</CSItemIsFreeFormat><CSValue><CSValueCode>VA4031301</CSValueCode><CSValueName>每 2 年更换一次 HQ8 剃须刀头</CSValueName><CSValueRank>1</CSValueRank></CSValue><CSValue><CSValueCode>VA4100579</CSValueCode><CSValueName>HQ8 已由 SH50 替代</CSValueName><CSValueRank>1</CSValueRank></CSValue></CSItem></CSChapter><Filters><Purpose type="Comparison"><Features><Feature code="F400029680" rank="1" referenceName="Efficient Power System: 40+ minutes"/><Feature code="F400029825" rank="2" referenceName="Super Lift &amp; Cut Action (PowerTouch - EU)"/><Feature code="F400030370" rank="3" referenceName="Dynamic Contour Response (PowerTouch)"/><Feature code="F400030369" rank="4" referenceName="DualPrecision Cutting (PowerTouch)"/><Feature code="F400029683" rank="5" referenceName="Fully washable shaver (PowerTouch EU)"/></Features><CSItems><CSItem code="3006919" rank="1" referenceName="Power - Battery type"/><CSItem code="IT4002813" rank="1" referenceName="Service - 2-year guarantee"/><CSItem code="IT4007976" rank="1" referenceName="Shaving Performance - Shaving system"/><CSItem code="IT4007992" rank="1" referenceName="Accessories - Maintenance"/><CSItem code="IT4008709" rank="1" referenceName="Design - Handle"/><CSItem code="IT4008711" rank="1" referenceName="Ease of use - Shaving time"/><CSItem code="IT4007977" rank="2" referenceName="Shaving Performance - Contour following"/><CSItem code="IT4007981" rank="2" referenceName="Ease of use - Charging"/><CSItem code="IT4007987" rank="2" referenceName="Design - Finishing"/><CSItem code="IT4015297" rank="2" referenceName="Power - Automatic voltage"/><CSItem code="IT4015371" rank="2" referenceName="Service - Replacement head"/><CSItem code="3011951" rank="3" referenceName="Design - Color"/><CSItem code="IT4009439" rank="3" referenceName="Power - Stand-by power"/><CSItem code="IT4015296" rank="3" referenceName="Ease of use - Charging time"/><CSItem code="IT4007980" rank="4" referenceName="Ease of use - Display"/><CSItem code="IT4009440" rank="4" referenceName="Power - Max power consumption"/><CSItem code="IT4007985" rank="5" referenceName="Ease of use - Cleaning"/></CSItems></Purpose><Purpose type="Detail"><Features><Feature code="F400029680" rank="1" referenceName="Efficient Power System: 40+ minutes"/><Feature code="F400029825" rank="2" referenceName="Super Lift &amp; Cut Action (PowerTouch - EU)"/><Feature code="F400030370" rank="3" referenceName="Dynamic Contour Response (PowerTouch)"/><Feature code="F400030369" rank="4" referenceName="DualPrecision Cutting (PowerTouch)"/><Feature code="F400029683" rank="5" referenceName="Fully washable shaver (PowerTouch EU)"/></Features><CSItems><CSItem code="3006919" rank="1" referenceName="Power - Battery type"/><CSItem code="IT4002813" rank="1" referenceName="Service - 2-year guarantee"/><CSItem code="IT4007976" rank="1" referenceName="Shaving Performance - Shaving system"/><CSItem code="IT4007992" rank="1" referenceName="Accessories - Maintenance"/><CSItem code="IT4008709" rank="1" referenceName="Design - Handle"/><CSItem code="IT4008711" rank="1" referenceName="Ease of use - Shaving time"/><CSItem code="IT4007977" rank="2" referenceName="Shaving Performance - Contour following"/><CSItem code="IT4007981" rank="2" referenceName="Ease of use - Charging"/><CSItem code="IT4007987" rank="2" referenceName="Design - Finishing"/><CSItem code="IT4015297" rank="2" referenceName="Power - Automatic voltage"/><CSItem code="IT4015371" rank="2" referenceName="Service - Replacement head"/><CSItem code="3011951" rank="3" referenceName="Design - Color"/><CSItem code="IT4009439" rank="3" referenceName="Power - Stand-by power"/><CSItem code="IT4015296" rank="3" referenceName="Ease of use - Charging time"/><CSItem code="IT4007980" rank="4" referenceName="Ease of use - Display"/><CSItem code="IT4009440" rank="4" referenceName="Power - Max power consumption"/><CSItem code="IT4007985" rank="5" referenceName="Ease of use - Cleaning"/></CSItems></Purpose><Purpose type="Discriminators"><Features/><CSItems/></Purpose></Filters><FeatureCompareGroups/><Disclaimers/><KeyValuePairs><KeyValuePair><Key>FdaFlag</Key><Value>false</Value><Type>String</Type></KeyValuePair><KeyValuePair><Key>GrantGroup</Key><Value>PHILIPS</Value><Type>String</Type></KeyValuePair><KeyValuePair><Key>IT4018831</Key><Value>VA4042139</Value><Type>String</Type></KeyValuePair><KeyValuePair><Key>IT4018832</Key><Value>VA4042140</Value><Type>String</Type></KeyValuePair><KeyValuePair><Key>IT4018833</Key><Value>VA4042145</Value><Type>String</Type></KeyValuePair><KeyValuePair><Key>IT4018834</Key><Value>VA4042149</Value><Type>String</Type></KeyValuePair><KeyValuePair><Key>IT4018834</Key><Value>VA4042150</Value><Type>String</Type></KeyValuePair><KeyValuePair><Key>IT4018835</Key><Value>VA4042155</Value><Type>String</Type></KeyValuePair><KeyValuePair><Key>IT4018836</Key><Value>VA4042158</Value><Type>String</Type></KeyValuePair><KeyValuePair><Key>IT4018837</Key><Value>VA4042160</Value><Type>String</Type></KeyValuePair><KeyValuePair><Key>IT4030251</Key><Value>VA4069221</Value><Type>String</Type></KeyValuePair><KeyValuePair><Key>IT4030252</Key><Value>VA4075643</Value><Type>String</Type></KeyValuePair><KeyValuePair><Key>IT4030253</Key><Value>VA4075644</Value><Type>String</Type></KeyValuePair><KeyValuePair><Key>IT4030254</Key><Value>VA4075642</Value><Type>String</Type></KeyValuePair><KeyValuePair><Key>IT4030351</Key><Value>VA4075641</Value><Type>String</Type></KeyValuePair></KeyValuePairs><Award AwardType="global"><AwardCode>GA_GREEN</AwardCode><AwardName>飞利浦绿色标志</AwardName><AwardDescription>飞利浦绿色产品可以降低成本、节省能源和减少二氧化碳排放。如何做到？它们在一个或多个飞利浦绿色焦点领域 – 能效、包装、有害物质、重量、回收和处理，还有使用寿命可靠性做出了显著的环保改善。</AwardDescription><AwardText>飞利浦绿色标志</AwardText><AwardRank>3</AwardRank></Award><ProductClusters><ProductCluster code="-" rank="0" type="range"><Name>3000 系列剃须刀</Name></ProductCluster><ProductCluster code="R400001447" rank="11" referenceName="Shaver series 3000" type="range"><Name>Shaver series 3000</Name></ProductCluster><ProductCluster code="-" rank="21" referenceName="SHAVER Series 3000" type="range"><Name>SHAVER Series 3000</Name></ProductCluster></ProductClusters><ProductRefs><ProductReference ProductReferenceType="Accessory"><CTN>CP9301/01</CTN><CTN>CRP136/01</CTN><CTN>CRP138/01</CTN><CTN>CRP143/01</CTN><CTN>CRP147/01</CTN><CTN>CRP154/01</CTN><CTN>CRP156/01</CTN><CTN>CRP338/01</CTN><CTN>HQ110/01</CTN><CTN>HQ110/02</CTN><CTN>HQ110/42</CTN><CTN>HQ8/50</CTN><CTN>HQ8/51</CTN><CTN>HQ8/52</CTN><CTN>HQ8/53</CTN><CTN>SH50/50</CTN><CTN>SH50/51</CTN><CTN>SH50/52</CTN><CTN>SH50/53</CTN></ProductReference></ProductRefs><RichTexts/><GreenData><GreenAwards><GreenAward code="GA_GREEN" name="PhilipsGreenLogo"/></GreenAwards><EnergyLabel/></GreenData></Product></Products>