<?xml version="1.0" encoding="UTF-8"?><Products xmlns:source="http://apache.org/cocoon/source/1.0" DocStatus="approved" DocTimeStamp="2018-10-31T11:35:06" DocType="PMT" DocVersion="xUCDM_product_external_CQ5_1_1_25"><Product Country="CN" IsAccessory="false" IsMaster="false" Locale="zh_CN" lastModified="2018-10-31T09:50:31" masterLastModified="2018-05-01T00:38:29"><CTN>QT4000/15</CTN><GTIN>08710103680147</GTIN><MarketingVersion>8.0.1</MarketingVersion><MarketingStatus>Final Published</MarketingStatus><CRDate>2013-03-01</CRDate><CRDateYW>201309</CRDateYW><ModelYears/><ProductDivision><ProductDivisionCode>0200</ProductDivisionCode><ProductDivisionName>Consumer Lifestyle</ProductDivisionName><FormerPDCode>0300</FormerPDCode></ProductDivision><ProductOwner>Vidyut Kaul</ProductOwner><DTN>QT4000/15</DTN><Assets><Asset code="QT4000_15" description="User manual" extension="pdf" extent="916941" lastModified="2018-10-31" locale="zh_CN" number="001" type="DFU">http://download.p4c.philips.com/files/q/qt4000_15/qt4000_15_dfu_zhs.pdf</Asset><Asset code="QT4000_15" description="Packaging photograph - highres 1447x756" extension="tif" extent="3415128" lastModified="2018-10-31" locale="zh_CN" number="001" type="PID">http://images.philips.com/is/image/PhilipsConsumer/QT4000_15-PID-zh_CN-001</Asset><Asset code="QT4000_15" description="Leaflet" extension="pdf" extent="3897278" lastModified="2018-10-31" locale="zh_CN" number="001" type="PSS">http://download.p4c.philips.com/files/q/qt4000_15/qt4000_15_pss_zhscn.pdf</Asset><Asset code="QT4000_15" description="Retail Trade Leaflet" extension="pdf" extent="298589" lastModified="2018-10-31" locale="zh_CN" number="001" type="RTL">http://download.p4c.philips.com/files/q/qt4000_15/qt4000_15_rtl_zhscn.pdf</Asset><Asset code="QT4000_15" description="Alternative product photograph 1 - highres 2196x1795" extension="tif" extent="2362894" lastModified="2018-10-31" locale="global" number="001" type="A1P">http://images.philips.com/is/image/PhilipsConsumer/QT4000_15-A1P-global-001</Asset><Asset code="QT4000_15" description="Alternative product photograph 2 - highres 2196x1795" extension="tif" extent="1689544" lastModified="2018-10-31" locale="global" number="001" type="A2P">http://images.philips.com/is/image/PhilipsConsumer/QT4000_15-A2P-global-001</Asset><Asset code="QT4000_15" description="Product detail 1 - highres 2196x1795" extension="tif" extent="6377384" lastModified="2018-10-31" locale="global" number="001" type="D1P">http://images.philips.com/is/image/PhilipsConsumer/QT4000_15-D1P-global-001</Asset><Asset code="QT4000_15" description="Product detail 3 - highres 2196x1795" extension="tif" extent="2138406" lastModified="2018-10-31" locale="global" number="001" type="D3P">http://images.philips.com/is/image/PhilipsConsumer/QT4000_15-D3P-global-001</Asset><Asset code="QT4000_15" description="Main in-use photograph - highres 2480x1462" extension="tif" extent="5894142" lastModified="2018-10-31" locale="global" number="001" type="MI1">http://images.philips.com/is/image/PhilipsConsumer/QT4000_15-MI1-global-001</Asset><Asset code="QT4000_15" description="Product 3D" extension="zip" extent="72495844" lastModified="2018-10-31" locale="global" number="001" type="P3D">http://images.philips.com/is/image/PhilipsConsumer/QT4000_15-P3D-global</Asset><Asset code="QT4000_15" description="Product 360 video" extension="flv" extent="1113054" lastModified="2018-10-31" locale="global" number="001" type="P3F">http://images.philips.com/is/image/PhilipsConsumer/QT4000_15-P3F-global-001</Asset><Asset code="QT4000_15" description="Leaflet" extension="pdf" extent="3791291" lastModified="2018-10-31" locale="global" number="001" type="PSS">http://download.p4c.philips.com/files/q/qt4000_15/qt4000_15_pss_.pdf</Asset><Asset code="QT4000_15" description="Standard product photograph - highres 2196x1795" extension="tif" extent="2420858" lastModified="2018-10-31" locale="global" number="001" type="RTP">http://images.philips.com/is/image/PhilipsConsumer/QT4000_15-RTP-global-001</Asset><Asset code="QT4000_15" description="Product In Use 1 - highres 2196x1795" extension="tif" extent="4588856" lastModified="2018-10-31" locale="global" number="001" type="U1P">http://images.philips.com/is/image/PhilipsConsumer/QT4000_15-U1P-global-001</Asset><Asset code="QT4000_15" description="Product In Use 2 - highres 2196x1795" extension="tif" extent="5074532" lastModified="2018-10-31" locale="global" number="001" type="U2P">http://images.philips.com/is/image/PhilipsConsumer/QT4000_15-U2P-global-001</Asset><Asset code="QT4000_15" description="Product in use photograph - highres 2196x1795" extension="tif" extent="5611166" lastModified="2018-10-31" locale="global" number="001" type="UPL">http://images.philips.com/is/image/PhilipsConsumer/QT4000_15-UPL-global-001</Asset><Asset code="QT4000_15" description="Single product shot" extension="" lastModified="2018-10-31" locale="zh_CN" number="" type="IMS">http://images.philips.com/is/image/PhilipsConsumer/QT4000_15-IMS-zh_CN</Asset><Asset code="QT4000_15" description="Product gallery image set" extension="" lastModified="2018-10-31" locale="zh_CN" number="" type="GAL">http://images.philips.com/is/image/PhilipsConsumer/QT4000_15-GAL-zh_CN</Asset><Asset code="QT4000_15" description="Product URL" extension="" lastModified="2018-10-31" locale="zh_CN" number="" type="URL">http://www.philips.com.cn/c-p/QT4000_15/beardtrimmer-series-3000-beard-trimmer</Asset><Asset code="F400037789" description="Feature photograph - highres 2100x1170" extension="tif" extent="3227280" lastModified="2018-10-31" locale="global" number="001" type="FIL">http://images.philips.com/is/image/PhilipsConsumer/F400037789-FIL-global-001</Asset><Asset code="F400045116" description="Feature photograph - highres 2100x1170" extension="tif" extent="4140524" lastModified="2018-10-31" locale="global" number="001" type="FIL">http://images.philips.com/is/image/PhilipsConsumer/F400045116-FIL-global-001</Asset><Asset code="F400045117" description="Feature photograph - highres 2100x1170" extension="tif" extent="4432512" lastModified="2018-10-31" locale="global" number="001" type="FIL">http://images.philips.com/is/image/PhilipsConsumer/F400045117-FIL-global-001</Asset><Asset code="F400045123" description="Feature photograph - highres 2100x1170" extension="tif" extent="4963314" lastModified="2018-10-31" locale="global" number="001" type="FIL">http://images.philips.com/is/image/PhilipsConsumer/F400045123-FIL-global-001</Asset><Asset code="F400047931" description="Feature photograph - highres 2100x1170" extension="tif" extent="839550" lastModified="2018-10-31" locale="global" number="001" type="FIL">http://images.philips.com/is/image/PhilipsConsumer/F400047931-FIL-global-001</Asset><Asset code="F400048686" description="Feature photograph - highres 2100x1170" extension="tif" extent="4109828" lastModified="2018-10-31" locale="global" number="001" type="FIL">http://images.philips.com/is/image/PhilipsConsumer/F400048686-FIL-global-001</Asset><Asset code="F400056687" description="Feature photograph - highres 2100x1170" extension="tif" extent="4987584" lastModified="2018-10-31" locale="global" number="001" type="FIL">http://images.philips.com/is/image/PhilipsConsumer/F400056687-FIL-global-001</Asset><Asset code="F400079791" description="Feature photograph - highres 2100x1170" extension="tif" extent="2233452" lastModified="2018-10-31" locale="global" number="001" type="FIL">http://images.philips.com/is/image/PhilipsConsumer/F400079791-FIL-global-001</Asset><Asset code="PHI" description="Brand logo - highres 1476x886" extension="tif" extent="641666" lastModified="2018-10-31" locale="global" number="001" type="BRP">http://images.philips.com/is/image/PhilipsConsumer/PHI-BRP-global-001</Asset></Assets><ProductName>1 毫米准确设定胡须修剪器</ProductName><NamingString><MasterBrand><BrandCode>PHI</BrandCode><BrandName>Philips</BrandName></MasterBrand><BrandString>飞利浦</BrandString><Family><FamilyCode>SB40004138</FamilyCode><FamilyName>Beardtrimmer series 3000</FamilyName><FamilyNameUsed>1</FamilyNameUsed></Family><Descriptor><DescriptorCode>D4021334</DescriptorCode><DescriptorName>胡须修剪器</DescriptorName></Descriptor><Alphanumeric>QT4000/15</Alphanumeric><VersionElement1><VersionElementCode>V4030583</VersionElementCode><VersionElementName>1 毫米准确设定</VersionElementName></VersionElement1><VersionElement2><VersionElementCode>V4030003</VersionElementCode><VersionElementName>不锈钢刀片</VersionElementName></VersionElement2><VersionElement3><VersionElementCode>V4030624</VersionElementCode><VersionElementName>10 小时充电/45 分钟无线使用</VersionElementName></VersionElement3><VersionString>1 毫米精确设定 不锈钢刀片 10 小时充电/45 分钟无线使用</VersionString><BrandedFeatureString/><DescriptorBrandedFeatureString>胡须修剪器</DescriptorBrandedFeatureString></NamingString><WOW>理想胡须，轻松打造</WOW><SubWOW>以便利的方式开始打造您的胡须</SubWOW><MarketingTextHeader>使用这款胡须修剪器以您喜欢的方式为胡须造型。准确度从短至 1 毫米到 10 毫米。</MarketingTextHeader><KeyBenefitArea><KeyBenefitAreaCode>K4015376</KeyBenefitAreaCode><KeyBenefitAreaName>准确</KeyBenefitAreaName><KeyBenefitAreaRank>1</KeyBenefitAreaRank><Feature><FeatureCode>F400048686</FeatureCode><FeatureReferenceName>Perfect beard every day (Grooming 2012 - 2013)</FeatureReferenceName><FeatureName>每天打造理想胡须</FeatureName><FeatureLongDescription>1 毫米准确度</FeatureLongDescription><FeatureGlossary>将修剪器设定在最低档，打造只有 1 毫米长的理想 3 日须。</FeatureGlossary><FeatureRank>1</FeatureRank><FeatureTopRank>1</FeatureTopRank></Feature><Feature><FeatureCode>F400045116</FeatureCode><FeatureReferenceName>10 lock-in length settings</FeatureReferenceName><FeatureName>10 档固定长度设定</FeatureName><FeatureLongDescription>易于选择和锁定的 1-10 毫米固定长度设定</FeatureLongDescription><FeatureGlossary>旋转滚轮即可选择和锁定所需的长度设定：从 1 毫米短胡须至 10 毫米大胡子。1 毫米准确步长。</FeatureGlossary><FeatureRank>2</FeatureRank><FeatureTopRank>2</FeatureTopRank></Feature></KeyBenefitArea><KeyBenefitArea><KeyBenefitAreaCode>K4018516</KeyBenefitAreaCode><KeyBenefitAreaName>亲肤性能</KeyBenefitAreaName><KeyBenefitAreaRank>2</KeyBenefitAreaRank><Feature><FeatureCode>F400079791</FeatureCode><FeatureReferenceName>Stainless Steel Blades (BT3000 BT1000 Idefix)</FeatureReferenceName><FeatureName>不锈钢刀片</FeatureName><FeatureLongDescription>不锈钢刀片，带来持久的锋利度</FeatureLongDescription><FeatureGlossary>提供理想和保护性修剪效果，经久耐用。修剪器的锈钢刀片会相互轻轻摩擦，在修剪时自我研磨，因此它们持久保持锋利和高效，正如第一天使用。</FeatureGlossary><FeatureRank>1</FeatureRank><FeatureTopRank>3</FeatureTopRank></Feature><Feature><FeatureCode>F400045117</FeatureCode><FeatureReferenceName>Skin-friendly high-performance (Low End Beard Trimer)</FeatureReferenceName><FeatureName>呵护皮肤的高性能</FeatureName><FeatureLongDescription>呵护皮肤的弧形梳齿，顺滑地接触皮肤</FeatureLongDescription><FeatureGlossary>刀片持久保持锋利，确保始终整齐、高效修剪毛发，而弧形刀片尖部和梳齿设计可防止刺激皮肤。</FeatureGlossary><FeatureRank>2</FeatureRank><FeatureTopRank>4</FeatureTopRank></Feature></KeyBenefitArea><KeyBenefitArea><KeyBenefitAreaCode>K300000216</KeyBenefitAreaCode><KeyBenefitAreaName>易于使用</KeyBenefitAreaName><KeyBenefitAreaRank>3</KeyBenefitAreaRank><Feature><FeatureCode>F400056687</FeatureCode><FeatureReferenceName>Cordless Use (asterix)(10h/45min)</FeatureReferenceName><FeatureName>无线使用</FeatureName><FeatureLongDescription>充电 10 小时即可无线使用 45 分钟</FeatureLongDescription><FeatureGlossary>仅限充电使用。充电 10 小时即可不接电源线使用 45 分钟。</FeatureGlossary><FeatureRank>1</FeatureRank><FeatureTopRank>5</FeatureTopRank></Feature><Feature><FeatureCode>F400037789</FeatureCode><FeatureReferenceName>Ergonomic design (Astrix BT3000 BT1000)</FeatureReferenceName><FeatureName>人体工程学设计</FeatureName><FeatureLongDescription>人体工程学设计，便于操作</FeatureLongDescription><FeatureGlossary>方便抓握、使用。旨在帮助您修剪难以触及的部位。</FeatureGlossary><FeatureRank>2</FeatureRank><FeatureTopRank>6</FeatureTopRank></Feature><Feature><FeatureCode>F400045123</FeatureCode><FeatureReferenceName>Easy to clean (washable attachment Asterix BT3000 BT1000)</FeatureReferenceName><FeatureName>易于清洗</FeatureName><FeatureLongDescription>可拆卸式刀头，方便清洁</FeatureLongDescription><FeatureGlossary>卸下刀头并在水龙头下冲洗，方便清洁。晾干后再将其放回产品中。</FeatureGlossary><FeatureRank>3</FeatureRank><FeatureTopRank>7</FeatureTopRank></Feature><Feature><FeatureCode>F400047931</FeatureCode><FeatureReferenceName>Built to last (Asterix BT3000 BT1000)</FeatureReferenceName><FeatureName>经久耐用</FeatureName><FeatureLongDescription>2 年保修，全球电压，无需润滑油</FeatureLongDescription><FeatureGlossary>我们为这款飞利浦修剪器提供 2 年保修：我们的理容产品都经久耐用，无需使用润滑油，而且兼容所有全球电压。</FeatureGlossary><FeatureRank>4</FeatureRank><FeatureTopRank>8</FeatureTopRank></Feature></KeyBenefitArea><FeatureImage><FeatureCode>F400048686</FeatureCode><FeatureReferenceName>Perfect beard every day (Grooming 2012 - 2013)</FeatureReferenceName><FeatureImageRank>1</FeatureImageRank></FeatureImage><FeatureImage><FeatureCode>F400045116</FeatureCode><FeatureReferenceName>10 lock-in length settings</FeatureReferenceName><FeatureImageRank>2</FeatureImageRank></FeatureImage><FeatureImage><FeatureCode>F400079791</FeatureCode><FeatureReferenceName>Stainless Steel Blades (BT3000 BT1000 Idefix)</FeatureReferenceName><FeatureImageRank>3</FeatureImageRank></FeatureImage><FeatureImage><FeatureCode>F400045117</FeatureCode><FeatureReferenceName>Skin-friendly high-performance (Low End Beard Trimer)</FeatureReferenceName><FeatureImageRank>4</FeatureImageRank></FeatureImage><FeatureImage><FeatureCode>F400056687</FeatureCode><FeatureReferenceName>Cordless Use (asterix)(10h/45min)</FeatureReferenceName><FeatureImageRank>5</FeatureImageRank></FeatureImage><FeatureImage><FeatureCode>F400037789</FeatureCode><FeatureReferenceName>Ergonomic design (Astrix BT3000 BT1000)</FeatureReferenceName><FeatureImageRank>6</FeatureImageRank></FeatureImage><FeatureImage><FeatureCode>F400045123</FeatureCode><FeatureReferenceName>Easy to clean (washable attachment Asterix BT3000 BT1000)</FeatureReferenceName><FeatureImageRank>7</FeatureImageRank></FeatureImage><FeatureImage><FeatureCode>F400047931</FeatureCode><FeatureReferenceName>Built to last (Asterix BT3000 BT1000)</FeatureReferenceName><FeatureImageRank>8</FeatureImageRank></FeatureImage><FeatureHighlight><FeatureCode>F400048686</FeatureCode><FeatureReferenceName>Perfect beard every day (Grooming 2012 - 2013)</FeatureReferenceName><FeatureHighlightRank>1</FeatureHighlightRank></FeatureHighlight><FeatureHighlight><FeatureCode>F400045116</FeatureCode><FeatureReferenceName>10 lock-in length settings</FeatureReferenceName><FeatureHighlightRank>2</FeatureHighlightRank></FeatureHighlight><FeatureHighlight><FeatureCode>F400079791</FeatureCode><FeatureReferenceName>Stainless Steel Blades (BT3000 BT1000 Idefix)</FeatureReferenceName><FeatureHighlightRank>3</FeatureHighlightRank></FeatureHighlight><FeatureHighlight><FeatureCode>F400045117</FeatureCode><FeatureReferenceName>Skin-friendly high-performance (Low End Beard Trimer)</FeatureReferenceName><FeatureHighlightRank>4</FeatureHighlightRank></FeatureHighlight><FeatureHighlight><FeatureCode>F400056687</FeatureCode><FeatureReferenceName>Cordless Use (asterix)(10h/45min)</FeatureReferenceName><FeatureHighlightRank>5</FeatureHighlightRank></FeatureHighlight><FeatureHighlight><FeatureCode>F400037789</FeatureCode><FeatureReferenceName>Ergonomic design (Astrix BT3000 BT1000)</FeatureReferenceName><FeatureHighlightRank>6</FeatureHighlightRank></FeatureHighlight><FeatureHighlight><FeatureCode>F400045123</FeatureCode><FeatureReferenceName>Easy to clean (washable attachment Asterix BT3000 BT1000)</FeatureReferenceName><FeatureHighlightRank>7</FeatureHighlightRank></FeatureHighlight><FeatureHighlight><FeatureCode>F400047931</FeatureCode><FeatureReferenceName>Built to last (Asterix BT3000 BT1000)</FeatureReferenceName><FeatureHighlightRank>8</FeatureHighlightRank></FeatureHighlight><CSChapter><CSChapterCode>CHA_0000049</CSChapterCode><CSChapterName>服务</CSChapterName><CSChapterRank>2</CSChapterRank><CSItem><CSItemCode>IT4010194</CSItemCode><CSItemName>2 年全球保修</CSItemName><CSItemRank>1</CSItemRank><CSItemIsFreeFormat>0</CSItemIsFreeFormat><CSValue><CSValueCode>VA4023904</CSValueCode><CSValueName>Y</CSValueName><CSValueRank>1</CSValueRank></CSValue></CSItem></CSChapter><CSChapter><CSChapterCode>3000815</CSChapterCode><CSChapterName>附件</CSChapterName><CSChapterRank>3</CSChapterRank><CSItem><CSItemCode>S_0000083</CSItemCode><CSItemName>清洁刷</CSItemName><CSItemRank>1</CSItemRank><CSItemIsFreeFormat>1</CSItemIsFreeFormat><CSValue><CSValueCode>VA4007168</CSValueCode><CSValueName>Y</CSValueName><CSValueRank>1</CSValueRank></CSValue></CSItem></CSChapter><CSChapter><CSChapterCode>CH4001561</CSChapterCode><CSChapterName>塑造百变形象</CSChapterName><CSChapterRank>4</CSChapterRank><CSItem><CSItemCode>IT4010552</CSItemCode><CSItemName>造型</CSItemName><CSItemRank>1</CSItemRank><CSItemIsFreeFormat>0</CSItemIsFreeFormat><CSValue><CSValueCode>VA4024562</CSValueCode><CSValueName>短胡须</CSValueName><CSValueRank>1</CSValueRank></CSValue></CSItem></CSChapter><CSChapter><CSChapterCode>CHA_0000076</CSChapterCode><CSChapterName>切剃装置</CSChapterName><CSChapterRank>5</CSChapterRank><CSItem><CSItemCode>S_0001544</CSItemCode><CSItemName>修剪阔度</CSItemName><CSItemRank>1</CSItemRank><CSItemIsFreeFormat>1</CSItemIsFreeFormat><CSValue><CSValueCode>VA4008117</CSValueCode><CSValueName>32</CSValueName><CSValueRank>1</CSValueRank></CSValue><UnitOfMeasure><UnitOfMeasureCode>3000058</UnitOfMeasureCode><UnitOfMeasureName>毫米</UnitOfMeasureName><UnitOfMeasureSymbol>毫米</UnitOfMeasureSymbol></UnitOfMeasure></CSItem><CSItem><CSItemCode>IT4010252</CSItemCode><CSItemName>长度设定档数</CSItemName><CSItemRank>2</CSItemRank><CSItemIsFreeFormat>0</CSItemIsFreeFormat><CSValue><CSValueCode>VA4024046</CSValueCode><CSValueName>10</CSValueName><CSValueRank>1</CSValueRank></CSValue></CSItem><CSItem><CSItemCode>IT4010237</CSItemCode><CSItemName>准确度（步长）</CSItemName><CSItemRank>3</CSItemRank><CSItemIsFreeFormat>0</CSItemIsFreeFormat><CSValue><CSValueCode>VA4023974</CSValueCode><CSValueName>1</CSValueName><CSValueRank>1</CSValueRank></CSValue><UnitOfMeasure><UnitOfMeasureCode>3000058</UnitOfMeasureCode><UnitOfMeasureName>毫米</UnitOfMeasureName><UnitOfMeasureSymbol>毫米</UnitOfMeasureSymbol></UnitOfMeasure></CSItem><CSItem><CSItemCode>IT4010246</CSItemCode><CSItemName>修剪梳型号</CSItemName><CSItemRank>4</CSItemRank><CSItemIsFreeFormat>0</CSItemIsFreeFormat><CSValue><CSValueCode>VA4023992</CSValueCode><CSValueName>短茬</CSValueName><CSValueRank>1</CSValueRank></CSValue></CSItem><CSItem><CSItemCode>IT4010232</CSItemCode><CSItemName>防刮擦梳齿</CSItemName><CSItemRank>5</CSItemRank><CSItemIsFreeFormat>0</CSItemIsFreeFormat><CSValue><CSValueCode>VA4023962</CSValueCode><CSValueName>更加舒适</CSValueName><CSValueRank>1</CSValueRank></CSValue></CSItem><CSItem><CSItemCode>IT4010243</CSItemCode><CSItemName>长度设定范围</CSItemName><CSItemRank>6</CSItemRank><CSItemIsFreeFormat>1</CSItemIsFreeFormat><CSValue><CSValueCode>VA4023983</CSValueCode><CSValueName>1 至 10</CSValueName><CSValueRank>1</CSValueRank></CSValue><UnitOfMeasure><UnitOfMeasureCode>3000058</UnitOfMeasureCode><UnitOfMeasureName>毫米</UnitOfMeasureName><UnitOfMeasureSymbol>毫米</UnitOfMeasureSymbol></UnitOfMeasure></CSItem><CSItem><CSItemCode>IT4010244</CSItemCode><CSItemName>修剪部件</CSItemName><CSItemRank>7</CSItemRank><CSItemIsFreeFormat>0</CSItemIsFreeFormat><CSValue><CSValueCode>VA4023985</CSValueCode><CSValueName>不锈钢刀片</CSValueName><CSValueRank>1</CSValueRank></CSValue></CSItem></CSChapter><CSChapter><CSChapterCode>CH4001524</CSChapterCode><CSChapterName>操作简易</CSChapterName><CSChapterRank>6</CSChapterRank><CSItem><CSItemCode>IT4010234</CSItemCode><CSItemName>固定长度设定</CSItemName><CSItemRank>1</CSItemRank><CSItemIsFreeFormat>0</CSItemIsFreeFormat><CSValue><CSValueCode>VA4023964</CSValueCode><CSValueName>Y</CSValueName><CSValueRank>1</CSValueRank></CSValue></CSItem><CSItem><CSItemCode>IT4010241</CSItemCode><CSItemName>缩放轮</CSItemName><CSItemRank>2</CSItemRank><CSItemIsFreeFormat>0</CSItemIsFreeFormat><CSValue><CSValueCode>VA4023982</CSValueCode><CSValueName>轻松调整长度设定</CSValueName><CSValueRank>1</CSValueRank></CSValue></CSItem><CSItem><CSItemCode>IT4023376</CSItemCode><CSItemName>充电指示灯</CSItemName><CSItemRank>3</CSItemRank><CSItemIsFreeFormat>0</CSItemIsFreeFormat><CSValue><CSValueCode>VA4054357</CSValueCode><CSValueName>位于插头上</CSValueName><CSValueRank>1</CSValueRank></CSValue></CSItem><CSItem><CSItemCode>IT4023377</CSItemCode><CSItemName>电池</CSItemName><CSItemRank>4</CSItemRank><CSItemIsFreeFormat>0</CSItemIsFreeFormat><CSValue><CSValueCode>VA4054362</CSValueCode><CSValueName>1 节 AAA 镍氢电池</CSValueName><CSValueRank>1</CSValueRank></CSValue></CSItem><CSItem><CSItemCode>IT4029771</CSItemCode><CSItemName>便于清洁</CSItemName><CSItemRank>5</CSItemRank><CSItemIsFreeFormat>0</CSItemIsFreeFormat><CSValue><CSValueCode>VA4068446</CSValueCode><CSValueName>可水洗附件</CSValueName><CSValueRank>1</CSValueRank></CSValue></CSItem></CSChapter><CSChapter><CSChapterCode>CHA_0000011</CSChapterCode><CSChapterName>充电装置</CSChapterName><CSChapterRank>7</CSChapterRank><CSItem><CSItemCode>IT4008255</CSItemCode><CSItemName>充电时间</CSItemName><CSItemRank>1</CSItemRank><CSItemIsFreeFormat>0</CSItemIsFreeFormat><CSValue><CSValueCode>VA4020552</CSValueCode><CSValueName>10 小时</CSValueName><CSValueRank>1</CSValueRank></CSValue></CSItem><CSItem><CSItemCode>IT4008256</CSItemCode><CSItemName>工作时间</CSItemName><CSItemRank>2</CSItemRank><CSItemIsFreeFormat>0</CSItemIsFreeFormat><CSValue><CSValueCode>VA4076081</CSValueCode><CSValueName>长达 45 分钟</CSValueName><CSValueRank>1</CSValueRank></CSValue></CSItem><CSItem><CSItemCode>IT4010217</CSItemCode><CSItemName>电池类型</CSItemName><CSItemRank>3</CSItemRank><CSItemIsFreeFormat>0</CSItemIsFreeFormat><CSValue><CSValueCode>VA4030722</CSValueCode><CSValueName>镍氢</CSValueName><CSValueRank>1</CSValueRank></CSValue></CSItem><CSItem><CSItemCode>IT4018447</CSItemCode><CSItemName>全球电压</CSItemName><CSItemRank>4</CSItemRank><CSItemIsFreeFormat>0</CSItemIsFreeFormat><CSValue><CSValueCode>VA4039342</CSValueCode><CSValueName>100-240 伏</CSValueName><CSValueRank>1</CSValueRank></CSValue></CSItem></CSChapter><CSChapter><CSChapterCode>3001096</CSChapterCode><CSChapterName>设计</CSChapterName><CSChapterRank>8</CSChapterRank><CSItem><CSItemCode>IT4008709</CSItemCode><CSItemName>手柄</CSItemName><CSItemRank>1</CSItemRank><CSItemIsFreeFormat>0</CSItemIsFreeFormat><CSValue><CSValueCode>VA4021328</CSValueCode><CSValueName>防滑手柄</CSValueName><CSValueRank>1</CSValueRank></CSValue></CSItem></CSChapter><Filters><Purpose type="Comparison"><Features><Feature code="F400048686" rank="1" referenceName="Perfect beard every day (Grooming 2012 - 2013)"/><Feature code="F400045116" rank="2" referenceName="10 lock-in length settings"/><Feature code="F400079791" rank="3" referenceName="Stainless Steel Blades (BT3000 BT1000 Idefix)"/><Feature code="F400045117" rank="4" referenceName="Skin-friendly high-performance (Low End Beard Trimer)"/><Feature code="F400056687" rank="5" referenceName="Cordless Use (asterix)(10h/45min)"/><Feature code="F400037789" rank="6" referenceName="Ergonomic design (Astrix BT3000 BT1000)"/><Feature code="F400045123" rank="7" referenceName="Easy to clean (washable attachment Asterix BT3000 BT1000)"/><Feature code="F400047931" rank="8" referenceName="Built to last (Asterix BT3000 BT1000)"/></Features><CSItems><CSItem code="IT4008255" rank="1" referenceName="Power system - Charging time"/><CSItem code="IT4008709" rank="1" referenceName="Design - Handle"/><CSItem code="IT4010194" rank="1" referenceName="Service - 2-year worldwide guarantee"/><CSItem code="IT4010234" rank="1" referenceName="Ease of use - Secured length settings"/><CSItem code="IT4010552" rank="1" referenceName="Create the look you want - Styles"/><CSItem code="S_0000083" rank="1" referenceName="Accessories - Cleaning brush"/><CSItem code="S_0001544" rank="1" referenceName="Cutting system - Cutter width"/><CSItem code="IT4008256" rank="2" referenceName="Power system - Running time"/><CSItem code="IT4010241" rank="2" referenceName="Ease of use - Zoom wheel"/><CSItem code="IT4010252" rank="2" referenceName="Cutting system - Number of length settings"/><CSItem code="IT4010217" rank="3" referenceName="Power system - Battery type"/><CSItem code="IT4010237" rank="3" referenceName="Cutting system - Precision (size of steps)"/><CSItem code="IT4023376" rank="3" referenceName="Ease of use - Charge indication"/><CSItem code="IT4010246" rank="4" referenceName="Cutting system - Comb type"/><CSItem code="IT4018447" rank="4" referenceName="Power system - Worldwide voltage"/><CSItem code="IT4023377" rank="4" referenceName="Ease of use - Battery"/><CSItem code="IT4010232" rank="5" referenceName="Cutting system - Non-scratching teeth"/><CSItem code="IT4029771" rank="5" referenceName="Ease of use - Easy Cleaning"/><CSItem code="IT4010243" rank="6" referenceName="Cutting system - Range of length settings"/><CSItem code="IT4010244" rank="7" referenceName="Cutting system - Cutting element"/></CSItems></Purpose><Purpose type="Detail"><Features><Feature code="F400048686" rank="1" referenceName="Perfect beard every day (Grooming 2012 - 2013)"/><Feature code="F400045116" rank="2" referenceName="10 lock-in length settings"/><Feature code="F400079791" rank="3" referenceName="Stainless Steel Blades (BT3000 BT1000 Idefix)"/><Feature code="F400045117" rank="4" referenceName="Skin-friendly high-performance (Low End Beard Trimer)"/><Feature code="F400056687" rank="5" referenceName="Cordless Use (asterix)(10h/45min)"/><Feature code="F400037789" rank="6" referenceName="Ergonomic design (Astrix BT3000 BT1000)"/><Feature code="F400045123" rank="7" referenceName="Easy to clean (washable attachment Asterix BT3000 BT1000)"/><Feature code="F400047931" rank="8" referenceName="Built to last (Asterix BT3000 BT1000)"/></Features><CSItems><CSItem code="IT4008255" rank="1" referenceName="Power system - Charging time"/><CSItem code="IT4008709" rank="1" referenceName="Design - Handle"/><CSItem code="IT4010194" rank="1" referenceName="Service - 2-year worldwide guarantee"/><CSItem code="IT4010234" rank="1" referenceName="Ease of use - Secured length settings"/><CSItem code="IT4010552" rank="1" referenceName="Create the look you want - Styles"/><CSItem code="S_0000083" rank="1" referenceName="Accessories - Cleaning brush"/><CSItem code="S_0001544" rank="1" referenceName="Cutting system - Cutter width"/><CSItem code="IT4008256" rank="2" referenceName="Power system - Running time"/><CSItem code="IT4010241" rank="2" referenceName="Ease of use - Zoom wheel"/><CSItem code="IT4010252" rank="2" referenceName="Cutting system - Number of length settings"/><CSItem code="IT4010217" rank="3" referenceName="Power system - Battery type"/><CSItem code="IT4010237" rank="3" referenceName="Cutting system - Precision (size of steps)"/><CSItem code="IT4023376" rank="3" referenceName="Ease of use - Charge indication"/><CSItem code="IT4010246" rank="4" referenceName="Cutting system - Comb type"/><CSItem code="IT4018447" rank="4" referenceName="Power system - Worldwide voltage"/><CSItem code="IT4023377" rank="4" referenceName="Ease of use - Battery"/><CSItem code="IT4010232" rank="5" referenceName="Cutting system - Non-scratching teeth"/><CSItem code="IT4029771" rank="5" referenceName="Ease of use - Easy Cleaning"/><CSItem code="IT4010243" rank="6" referenceName="Cutting system - Range of length settings"/><CSItem code="IT4010244" rank="7" referenceName="Cutting system - Cutting element"/></CSItems></Purpose></Filters><FeatureCompareGroups/><Disclaimers/><KeyValuePairs><KeyValuePair><Key>FdaFlag</Key><Value>false</Value><Type>String</Type></KeyValuePair><KeyValuePair><Key>GrantGroup</Key><Value>PHILIPS</Value><Type>String</Type></KeyValuePair><KeyValuePair><Key>IT4018851</Key><Value>VA4042182</Value><Type>String</Type></KeyValuePair><KeyValuePair><Key>IT4018851</Key><Value>VA4042183</Value><Type>String</Type></KeyValuePair><KeyValuePair><Key>IT4018851</Key><Value>VA4042184</Value><Type>String</Type></KeyValuePair><KeyValuePair><Key>IT4018851</Key><Value>VA4042185</Value><Type>String</Type></KeyValuePair><KeyValuePair><Key>IT4018852</Key><Value>VA4068447</Value><Type>String</Type></KeyValuePair><KeyValuePair><Key>IT4018853</Key><Value>VA4081337</Value><Type>String</Type></KeyValuePair><KeyValuePair><Key>IT4018854</Key><Value>VA4042197</Value><Type>String</Type></KeyValuePair><KeyValuePair><Key>IT4025714</Key><Value>VA4059338</Value><Type>String</Type></KeyValuePair><KeyValuePair><Key>IT4025714</Key><Value>VA4059339</Value><Type>String</Type></KeyValuePair><KeyValuePair><Key>IT4025717</Key><Value>VA4059346</Value><Type>String</Type></KeyValuePair><KeyValuePair><Key>IT4025717</Key><Value>VA4059347</Value><Type>String</Type></KeyValuePair><KeyValuePair><Key>IT4025719</Key><Value>VA4059352</Value><Type>String</Type></KeyValuePair><KeyValuePair><Key>IT4025720</Key><Value>VA4059357</Value><Type>String</Type></KeyValuePair><KeyValuePair><Key>IT4025720</Key><Value>VA4059358</Value><Type>String</Type></KeyValuePair><KeyValuePair><Key>IT4025803</Key><Value>VA4063232</Value><Type>String</Type></KeyValuePair><KeyValuePair><Key>IT4025831</Key><Value>VA4059622</Value><Type>String</Type></KeyValuePair><KeyValuePair><Key>IT4030252</Key><Value>VA4069227</Value><Type>String</Type></KeyValuePair><KeyValuePair><Key>IT4030253</Key><Value>VA4075644</Value><Type>String</Type></KeyValuePair><KeyValuePair><Key>IT4030254</Key><Value>VA4075642</Value><Type>String</Type></KeyValuePair><KeyValuePair><Key>IT4030351</Key><Value>VA4075641</Value><Type>String</Type></KeyValuePair><KeyValuePair><Key>IT4039189</Key><Value>VA4091134</Value><Type>String</Type></KeyValuePair><KeyValuePair><Key>IT4039190</Key><Value>VA4091138</Value><Type>String</Type></KeyValuePair><KeyValuePair><Key>IT4039191</Key><Value>VA4091142</Value><Type>String</Type></KeyValuePair><KeyValuePair><Key>IT4039192</Key><Value>VA4091143</Value><Type>String</Type></KeyValuePair><KeyValuePair><Key>IT4039194</Key><Value>VA4091157</Value><Type>String</Type></KeyValuePair><KeyValuePair><Key>IT4039195</Key><Value>VA4091160</Value><Type>String</Type></KeyValuePair><KeyValuePair><Key>IT4041863</Key><Value>VA4097078</Value><Type>String</Type></KeyValuePair></KeyValuePairs><ProductClusters/><ProductRefs><ProductReference ProductReferenceType="Accessory"><CTN>CP0262/01</CTN><CTN>CRP338/01</CTN><CTN>HQ110/01</CTN><CTN>HQ110/02</CTN><CTN>HQ110/42</CTN></ProductReference></ProductRefs><RichTexts/><GreenData><GreenAwards/><EnergyLabel/></GreenData></Product></Products>