<?xml version="1.0" encoding="UTF-8"?><Products xmlns:source="http://apache.org/cocoon/source/1.0" DocStatus="approved" DocTimeStamp="2018-10-31T11:35:06" DocType="PMT" DocVersion="xUCDM_product_external_CQ5_1_1_25"><Product Country="CN" IsAccessory="false" IsMaster="false" Locale="zh_CN" lastModified="2018-10-31T04:39:04" masterLastModified="2018-09-05T00:41:02"><CTN>323E7QSA8/93</CTN><Code12NC>867000132848</Code12NC><GTIN>6951613909362</GTIN><MarketingVersion>3.0.1</MarketingVersion><MarketingStatus>Final Published</MarketingStatus><CRDate>2015-10-23</CRDate><CRDateYW>201543</CRDateYW><ModelYears/><ProductDivision><ProductDivisionCode>0200</ProductDivisionCode><ProductDivisionName>Consumer Lifestyle</ProductDivisionName><FormerPDCode>3400</FormerPDCode></ProductDivision><ProductOwner>Curt Yang</ProductOwner><DTN>323E7QSA8/93</DTN><Assets><Asset code="323E7QSA8_93" description="User manual" extension="pdf" extent="2082074" lastModified="2018-10-31" locale="zh_CN" number="001" type="DFU">http://download.p4c.philips.com/files/3/323e7qsa8_93/323e7qsa8_93_dfu_zhs.pdf</Asset><Asset code="323E7QSA8_93" description="Leaflet" extension="pdf" extent="934557" lastModified="2018-10-31" locale="zh_CN" number="001" type="PSS">http://download.p4c.philips.com/files/3/323e7qsa8_93/323e7qsa8_93_pss_zhscn.pdf</Asset><Asset code="323E7QSA8_93" description="Retail Trade Leaflet" extension="pdf" extent="432469" lastModified="2018-10-31" locale="zh_CN" number="001" type="RTL">http://download.p4c.philips.com/files/3/323e7qsa8_93/323e7qsa8_93_rtl_zhscn.pdf</Asset><Asset code="323E7QSA8_93" description="Front product photograph - highres 2196x1795" extension="tif" extent="5356554" lastModified="2018-10-31" locale="global" number="001" type="_FP">http://images.philips.com/is/image/PhilipsConsumer/323E7QSA8_93-_FP-global-001</Asset><Asset code="323E7QSA8_93" description="Alternative product photograph - highres 2196x1795" extension="tif" extent="1863258" lastModified="2018-10-31" locale="global" number="001" type="APP">http://images.philips.com/is/image/PhilipsConsumer/323E7QSA8_93-APP-global-001</Asset><Asset code="323E7QSA8_93" description="Leaflet" extension="pdf" extent="827360" lastModified="2018-10-31" locale="global" number="001" type="PSS">http://download.p4c.philips.com/files/3/323e7qsa8_93/323e7qsa8_93_pss_.pdf</Asset><Asset code="323E7QSA8_93" description="Standard product photograph - highres 2196x1795" extension="tif" extent="5965396" lastModified="2018-10-31" locale="global" number="001" type="RTP">http://images.philips.com/is/image/PhilipsConsumer/323E7QSA8_93-RTP-global-001</Asset><Asset code="323E7QSA8_93" description="Single product shot" extension="" lastModified="2018-10-31" locale="zh_CN" number="" type="IMS">http://images.philips.com/is/image/PhilipsConsumer/323E7QSA8_93-IMS-zh_CN</Asset><Asset code="323E7QSA8_93" description="Product gallery image set" extension="" lastModified="2018-10-31" locale="zh_CN" number="" type="GAL">http://images.philips.com/is/image/PhilipsConsumer/323E7QSA8_93-GAL-zh_CN</Asset><Asset code="323E7QSA8_93" description="Product URL" extension="" lastModified="2018-10-31" locale="zh_CN" number="" type="URL">http://www.philips.com.cn/c-p/323E7QSA8_93/lcd-display</Asset><Asset code="F400000200" description="Feature logo - highres 331x213" extension="tif" extent="122266" lastModified="2018-10-31" locale="global" number="001" type="FLP">http://images.philips.com/is/image/PhilipsConsumer/F400000200-FLP-global-001</Asset><Asset code="F400016059" description="Feature logo - highres 331x213" extension="tif" extent="221981" lastModified="2018-10-31" locale="global" number="001" type="FLP">http://images.philips.com/is/image/PhilipsConsumer/F400016059-FLP-global-001</Asset><Asset code="F400019722" description="Feature logo - highres 331x213" extension="tif" extent="102254" lastModified="2018-10-31" locale="global" number="001" type="FLP">http://images.philips.com/is/image/PhilipsConsumer/F400019722-FLP-global-001</Asset><Asset code="F400023546" description="Feature photograph - highres 2100x1170" extension="tif" extent="2062270" lastModified="2018-10-31" locale="global" number="001" type="FIL">http://images.philips.com/is/image/PhilipsConsumer/F400023546-FIL-global-001</Asset><Asset code="F400023546" description="Feature logo - highres 331x213" extension="tif" extent="86336" lastModified="2018-10-31" locale="global" number="001" type="FLP">http://images.philips.com/is/image/PhilipsConsumer/F400023546-FLP-global-001</Asset><Asset code="F400032215" description="Feature logo - highres 331x213" extension="tif" extent="143382" lastModified="2018-10-31" locale="global" number="001" type="FLP">http://images.philips.com/is/image/PhilipsConsumer/F400032215-FLP-global-001</Asset><Asset code="F400032622" description="Feature logo - highres 331x213" extension="tif" extent="137993" lastModified="2018-10-31" locale="global" number="001" type="FLP">http://images.philips.com/is/image/PhilipsConsumer/F400032622-FLP-global-001</Asset><Asset code="F400065686" description="Feature logo - highres 331x213" extension="tif" extent="732050" lastModified="2018-10-31" locale="global" number="001" type="FLP">http://images.philips.com/is/image/PhilipsConsumer/F400065686-FLP-global-001</Asset><Asset code="F400065688" description="Feature photograph - highres 2100x1170" extension="tif" extent="2619450" lastModified="2018-10-31" locale="global" number="001" type="FIL">http://images.philips.com/is/image/PhilipsConsumer/F400065688-FIL-global-001</Asset><Asset code="F400066723" description="Feature photograph - highres 2100x1170" extension="tif" extent="3311396" lastModified="2018-10-31" locale="global" number="001" type="FIL">http://images.philips.com/is/image/PhilipsConsumer/F400066723-FIL-global-001</Asset><Asset code="F400066723" description="Feature logo - highres 331x213" extension="tif" extent="702372" lastModified="2018-10-31" locale="global" number="001" type="FLP">http://images.philips.com/is/image/PhilipsConsumer/F400066723-FLP-global-001</Asset><Asset code="F400067665" description="Feature photograph - highres 2100x1170" extension="tif" extent="6514016" lastModified="2018-10-31" locale="global" number="001" type="FIL">http://images.philips.com/is/image/PhilipsConsumer/F400067665-FIL-global-001</Asset><Asset code="F400067665" description="Feature logo - highres 331x213" extension="tif" extent="15516" lastModified="2018-10-31" locale="global" number="001" type="FLP">http://images.philips.com/is/image/PhilipsConsumer/F400067665-FLP-global-001</Asset><Asset code="F400070499" description="Feature photograph - highres 2100x1170" extension="tif" extent="2338996" lastModified="2018-10-31" locale="global" number="001" type="FIL">http://images.philips.com/is/image/PhilipsConsumer/F400070499-FIL-global-001</Asset><Asset code="F400070499" description="Feature logo - highres 331x213" extension="tif" extent="661938" lastModified="2018-10-31" locale="global" number="001" type="FLP">http://images.philips.com/is/image/PhilipsConsumer/F400070499-FLP-global-001</Asset><Asset code="F400071757" description="Feature photograph - highres 2100x1170" extension="tif" extent="2903992" lastModified="2018-10-31" locale="global" number="001" type="FIL">http://images.philips.com/is/image/PhilipsConsumer/F400071757-FIL-global-001</Asset><Asset code="F400071757" description="Feature logo - highres 331x213" extension="tif" extent="611488" lastModified="2018-10-31" locale="global" number="001" type="FLP">http://images.philips.com/is/image/PhilipsConsumer/F400071757-FLP-global-001</Asset><Asset code="PHI" description="Brand logo - highres 1476x886" extension="tif" extent="641666" lastModified="2018-10-31" locale="global" number="001" type="BRP">http://images.philips.com/is/image/PhilipsConsumer/PHI-BRP-global-001</Asset></Assets><ProductName>E 系列 32（31.5 英寸/80 厘米可视尺寸）液晶显示屏</ProductName><NamingString><MasterBrand><BrandCode>PHI</BrandCode><BrandName>Philips</BrandName></MasterBrand><BrandString>飞利浦</BrandString><Descriptor><DescriptorCode>D4023282</DescriptorCode><DescriptorName>LCD 液晶显示屏</DescriptorName></Descriptor><Alphanumeric>323E7QSA8</Alphanumeric><VersionElement1><VersionElementCode>V4013896</VersionElementCode><VersionElementName>E 系列</VersionElementName></VersionElement1><VersionElement2><VersionElementCode>V4035083</VersionElementCode><VersionElementName>32（31.5 英寸/80 厘米可视尺寸）</VersionElementName></VersionElement2><VersionElement3><VersionElementCode>V4035286</VersionElementCode><VersionElementName>全高清（1920 x 1080）</VersionElementName></VersionElement3><VersionString>E 系列 32（31.5 英寸/80 厘米可视尺寸）全高清 (1920 x 1080)</VersionString><BrandedFeatureString/><DescriptorBrandedFeatureString>LCD 液晶显示屏</DescriptorBrandedFeatureString></NamingString><WOW>延伸您的体验</WOW><MarketingTextHeader>通过这款大尺寸飞利浦显示屏延伸您的观赏体验。使用这款 32 英寸全高清大显示屏，您可以真正沉浸于美妙的游戏之中，甚至可以获得所需的显示空间，更好地开展工作。</MarketingTextHeader><KeyBenefitArea><KeyBenefitAreaCode>K4019514</KeyBenefitAreaCode><KeyBenefitAreaName>卓越的画质</KeyBenefitAreaName><KeyBenefitAreaRank>1</KeyBenefitAreaRank><Feature><FeatureCode>F400066723</FeatureCode><FeatureReferenceName>IPS-ADS</FeatureReferenceName><FeatureName>IPS-ADS 技术</FeatureName><FeatureLongDescription>IPS-ADS 宽视角技术，确保图像和颜色精确度</FeatureLongDescription><FeatureGlossary>IPS-ADS 显示屏采用可带给您 178/178 度超宽视角的先进技术，几乎可在任何角度观看显示屏。与标准 TN 面板不同，IPS-ADS 显示屏可带给您色彩艳丽、极为清晰的图像，不仅适合欣赏照片、观看电影和浏览网页，而且适合要求始终确保色彩精确度和亮度一致性的专业应用领域。</FeatureGlossary><FeatureRank>1</FeatureRank><FeatureTopRank>1</FeatureTopRank></Feature><Feature><FeatureCode>F400071757</FeatureCode><FeatureReferenceName>16:9 Full HD display_2015</FeatureReferenceName><FeatureName>16:9 全高清显示屏</FeatureName><FeatureLongDescription>16:9 全高清显示屏，显示图像清晰细腻</FeatureLongDescription><FeatureGlossary>画质很关键。普通显示屏提供高质量画质，但您期望获得更好的画质。该显示屏具有增强的全高清 1920 x 1080 分辨率。凭借全高清分辨率，清澈的细节配以高亮度、令人难以置信的对比度和逼真的色彩，眼前便会呈现出栩栩如生的画面。</FeatureGlossary><FeatureRank>3</FeatureRank><FeatureTopRank>2</FeatureTopRank></Feature><Feature><FeatureCode>F400067665</FeatureCode><FeatureReferenceName>Flicker-free technology</FeatureReferenceName><FeatureName>无闪烁技术</FeatureName><FeatureLongDescription>借助无闪烁技术减少眼部疲劳</FeatureLongDescription><FeatureGlossary>由于在 LED 背光屏幕上控制亮度，某些用户会在屏幕上看到闪烁，这会导致眼部疲劳。飞利浦无闪烁技术应用新的解决方案来调节亮度，同时消除闪烁，带给您更舒适的观看体验。</FeatureGlossary><FeatureRank>4</FeatureRank><FeatureTopRank>3</FeatureTopRank></Feature><Feature><FeatureCode>F400065688</FeatureCode><FeatureReferenceName>SmartContrast for deep black level details</FeatureReferenceName><FeatureName>SmartContrast</FeatureName><FeatureLongDescription>SmartContrast 深黑色层次细节</FeatureLongDescription><FeatureGlossary>SmartContrast 是飞利浦推出的一项技术，当观看暗色调的视频或玩暗色调的游戏时，它会分析所显示的内容，自动调节色彩并控制背光亮度，从而实现对比度的动态增强，展现优异的数字画面。选择“节能”模式时，经过微调的对比度和背光可使日常办公应用程序呈现恰如其分的显示效果，将功耗保持在较低水平。</FeatureGlossary><FeatureRank>5</FeatureRank><FeatureTopRank>4</FeatureTopRank></Feature><Feature><FeatureCode>F400065686</FeatureCode><FeatureReferenceName>SmartImage Lite for easy optimized image settings</FeatureReferenceName><FeatureName>SmartImage Lite</FeatureName><FeatureLongDescription>SmartImage Lite 可轻松优化图像设置</FeatureLongDescription><FeatureGlossary>SmartImage Lite 是飞利浦独有的一项先进技术，能够对屏幕上显示的内容作出分析。基于您选择的情况，SmartImage Lite 能够动态增强图像和视频的对比度、色彩饱和度和清晰度。只需按下一个按钮，就可实时获得最佳显示效果。</FeatureGlossary><FeatureRank>6</FeatureRank><FeatureTopRank>5</FeatureTopRank></Feature><Feature><FeatureCode>F400065902</FeatureCode><FeatureReferenceName>Expansive 31.5-inch brilliant display</FeatureReferenceName><FeatureName>31.5 英寸炫丽大屏</FeatureName><FeatureLongDescription>31.5 英寸炫丽大屏</FeatureLongDescription><FeatureRank>2</FeatureRank><FeatureTopRank>12</FeatureTopRank></Feature></KeyBenefitArea><KeyBenefitArea><KeyBenefitAreaCode>K4019515</KeyBenefitAreaCode><KeyBenefitAreaName>雅致的外观</KeyBenefitAreaName><KeyBenefitAreaRank>2</KeyBenefitAreaRank><Feature><FeatureCode>F400070499</FeatureCode><FeatureReferenceName>EasySelect Menu Toggle Key</FeatureReferenceName><FeatureName>EasySelect 菜单切换键</FeatureName><FeatureLongDescription>EasySelect 菜单切换键，快速访问屏幕菜单</FeatureLongDescription><FeatureGlossary>精心布置的 EasySelect 菜单切换键，让您可在屏幕显示菜单中快速轻松地调整显示器设置。</FeatureGlossary><FeatureRank>1</FeatureRank><FeatureTopRank>6</FeatureTopRank></Feature><Feature><FeatureCode>F400036719</FeatureCode><FeatureReferenceName>Superb glossy finish</FeatureReferenceName><FeatureName>高品质抛光表面</FeatureName><FeatureLongDescription>卓越的抛光表面，提升您的家装品位</FeatureLongDescription><FeatureRank>3</FeatureRank><FeatureTopRank>10</FeatureTopRank></Feature><Feature><FeatureCode>F400032210</FeatureCode><FeatureReferenceName>Elegant, slim design complements your home decor</FeatureReferenceName><FeatureName>纤巧设计</FeatureName><FeatureLongDescription>雅致纤巧的设计，装点您的家居生活</FeatureLongDescription><FeatureRank>2</FeatureRank><FeatureTopRank>11</FeatureTopRank></Feature></KeyBenefitArea><KeyBenefitArea><KeyBenefitAreaCode>K4011695</KeyBenefitAreaCode><KeyBenefitAreaName>居家更节能，环保每一天</KeyBenefitAreaName><KeyBenefitAreaRank>3</KeyBenefitAreaRank><Feature><FeatureCode>F400044227</FeatureCode><FeatureReferenceName>Low power consumption saves energy bills</FeatureReferenceName><FeatureName>低功耗</FeatureName><FeatureLongDescription>低功耗，节省电费</FeatureLongDescription><FeatureRank>1</FeatureRank><FeatureTopRank>7</FeatureTopRank></Feature><Feature><FeatureCode>F400019722</FeatureCode><FeatureReferenceName>Mercury Free</FeatureReferenceName><FeatureName>不含汞</FeatureName><FeatureLongDescription>无汞环保显示器</FeatureLongDescription><FeatureGlossary>飞利浦显示器采用 LED 背光照明且不含汞物质，汞是毒性最强的自然物质之一，可严重危害人体和动物健康。该产品还可减少显示器对环境的影响，环保属性贯穿从制造到废弃的整个产品生命周期。</FeatureGlossary><FeatureRank>3</FeatureRank><FeatureTopRank>8</FeatureTopRank></Feature><Feature><FeatureCode>F400061605</FeatureCode><FeatureReferenceName>Eco-friendly materials meet major international standards</FeatureReferenceName><FeatureName>环保材料</FeatureName><FeatureLongDescription>符合主流国际标准的环保材料</FeatureLongDescription><FeatureGlossary>飞利浦致力于在整个显示器系列中采用可持续的环保材料。所有主体塑料部件、金属外壳部件和包装材料都采用可全面回收利用的材料。在某些特定型号中，我们采用高达 65% 的消费后可回收塑料。我们严格遵循 RoHS 标准，以确保大幅度降低或消除有害物质，例如铅。带 CCFL 背光源的显示器中的汞含量已显著降低，而带 LED 背光源的显示器中的汞含量已完全消除。</FeatureGlossary><FeatureRank>2</FeatureRank><FeatureTopRank>9</FeatureTopRank></Feature></KeyBenefitArea><FeatureLogo><FeatureCode>F400066723</FeatureCode><FeatureReferenceName>IPS-ADS</FeatureReferenceName><FeatureLogoRank>4</FeatureLogoRank></FeatureLogo><FeatureLogo><FeatureCode>F400032215</FeatureCode><FeatureReferenceName>LED technology for brilliant images</FeatureReferenceName><FeatureLogoRank>5</FeatureLogoRank></FeatureLogo><FeatureLogo><FeatureCode>F400016059</FeatureCode><FeatureReferenceName>Full HD 1920x1080p LCD display</FeatureReferenceName><FeatureLogoRank>6</FeatureLogoRank></FeatureLogo><FeatureLogo><FeatureCode>F400067665</FeatureCode><FeatureReferenceName>Flicker-free technology</FeatureReferenceName><FeatureLogoRank>7</FeatureLogoRank></FeatureLogo><FeatureLogo><FeatureCode>F400023546</FeatureCode><FeatureReferenceName>SmartContrast ratio 20000000:1</FeatureReferenceName><FeatureLogoRank>8</FeatureLogoRank></FeatureLogo><FeatureLogo><FeatureCode>F400000200</FeatureCode><FeatureReferenceName>SmartImage Lite</FeatureReferenceName><FeatureLogoRank>9</FeatureLogoRank></FeatureLogo><FeatureLogo><FeatureCode>F400070499</FeatureCode><FeatureReferenceName>EasySelect Menu Toggle Key</FeatureReferenceName><FeatureLogoRank>10</FeatureLogoRank></FeatureLogo><FeatureLogo><FeatureCode>F400032622</FeatureCode><FeatureReferenceName>Low power</FeatureReferenceName><FeatureLogoRank>11</FeatureLogoRank></FeatureLogo><FeatureLogo><FeatureCode>F400019722</FeatureCode><FeatureReferenceName>Mercury Free</FeatureReferenceName><FeatureLogoRank>12</FeatureLogoRank></FeatureLogo><FeatureImage><FeatureCode>F400066723</FeatureCode><FeatureReferenceName>IPS-ADS</FeatureReferenceName><FeatureImageRank>1</FeatureImageRank></FeatureImage><FeatureImage><FeatureCode>F400071757</FeatureCode><FeatureReferenceName>16:9 Full HD display_2015</FeatureReferenceName><FeatureImageRank>2</FeatureImageRank></FeatureImage><FeatureImage><FeatureCode>F400067665</FeatureCode><FeatureReferenceName>Flicker-free technology</FeatureReferenceName><FeatureImageRank>3</FeatureImageRank></FeatureImage><FeatureImage><FeatureCode>F400065688</FeatureCode><FeatureReferenceName>SmartContrast for deep black level details</FeatureReferenceName><FeatureImageRank>4</FeatureImageRank></FeatureImage><FeatureImage><FeatureCode>F400065686</FeatureCode><FeatureReferenceName>SmartImage Lite for easy optimized image settings</FeatureReferenceName><FeatureImageRank>5</FeatureImageRank></FeatureImage><FeatureImage><FeatureCode>F400070499</FeatureCode><FeatureReferenceName>EasySelect Menu Toggle Key</FeatureReferenceName><FeatureImageRank>6</FeatureImageRank></FeatureImage><FeatureImage><FeatureCode>F400019722</FeatureCode><FeatureReferenceName>Mercury Free</FeatureReferenceName><FeatureImageRank>8</FeatureImageRank></FeatureImage><FeatureImage><FeatureCode>F400061605</FeatureCode><FeatureReferenceName>Eco-friendly materials meet major international standards</FeatureReferenceName><FeatureImageRank>9</FeatureImageRank></FeatureImage><FeatureHighlight><FeatureCode>F400066723</FeatureCode><FeatureReferenceName>IPS-ADS</FeatureReferenceName><FeatureHighlightRank>1</FeatureHighlightRank></FeatureHighlight><FeatureHighlight><FeatureCode>F400071757</FeatureCode><FeatureReferenceName>16:9 Full HD display_2015</FeatureReferenceName><FeatureHighlightRank>2</FeatureHighlightRank></FeatureHighlight><FeatureHighlight><FeatureCode>F400067665</FeatureCode><FeatureReferenceName>Flicker-free technology</FeatureReferenceName><FeatureHighlightRank>3</FeatureHighlightRank></FeatureHighlight><FeatureHighlight><FeatureCode>F400065688</FeatureCode><FeatureReferenceName>SmartContrast for deep black level details</FeatureReferenceName><FeatureHighlightRank>4</FeatureHighlightRank></FeatureHighlight><FeatureHighlight><FeatureCode>F400065686</FeatureCode><FeatureReferenceName>SmartImage Lite for easy optimized image settings</FeatureReferenceName><FeatureHighlightRank>5</FeatureHighlightRank></FeatureHighlight><FeatureHighlight><FeatureCode>F400070499</FeatureCode><FeatureReferenceName>EasySelect Menu Toggle Key</FeatureReferenceName><FeatureHighlightRank>6</FeatureHighlightRank></FeatureHighlight><FeatureHighlight><FeatureCode>F400019722</FeatureCode><FeatureReferenceName>Mercury Free</FeatureReferenceName><FeatureHighlightRank>8</FeatureHighlightRank></FeatureHighlight><FeatureHighlight><FeatureCode>F400061605</FeatureCode><FeatureReferenceName>Eco-friendly materials meet major international standards</FeatureReferenceName><FeatureHighlightRank>9</FeatureHighlightRank></FeatureHighlight><CSChapter><CSChapterCode>3000796</CSChapterCode><CSChapterName>图片/显示</CSChapterName><CSChapterRank>1</CSChapterRank><CSItem><CSItemCode>3006169</CSItemCode><CSItemName>LCD 面板类型</CSItemName><CSItemRank>1</CSItemRank><CSItemIsFreeFormat>0</CSItemIsFreeFormat><CSValue><CSValueCode>VA4082020</CSValueCode><CSValueName>IPS-ADS LCD</CSValueName><CSValueRank>1</CSValueRank></CSValue></CSItem><CSItem><CSItemCode>IT4007209</CSItemCode><CSItemName>背光类型</CSItemName><CSItemRank>2</CSItemRank><CSItemIsFreeFormat>1</CSItemIsFreeFormat><CSValue><CSValueCode>VA4018797</CSValueCode><CSValueName>W-LED 系统</CSValueName><CSValueRank>1</CSValueRank></CSValue></CSItem><CSItem><CSItemCode>3006180</CSItemCode><CSItemName>面板尺寸</CSItemName><CSItemRank>3</CSItemRank><CSItemIsFreeFormat>1</CSItemIsFreeFormat><CSValue><CSValueCode>3031218</CSValueCode><CSValueName>31.5 英寸/80 厘米</CSValueName><CSValueRank>1</CSValueRank></CSValue></CSItem><CSItem><CSItemCode>3006149</CSItemCode><CSItemName>有效显示区</CSItemName><CSItemRank>4</CSItemRank><CSItemIsFreeFormat>1</CSItemIsFreeFormat><CSValue><CSValueCode>3031161</CSValueCode><CSValueName>698.4（水平）x 392.85（垂直）</CSValueName><CSValueRank>1</CSValueRank></CSValue></CSItem><CSItem><CSItemCode>3006121</CSItemCode><CSItemName>宽高比</CSItemName><CSItemRank>5</CSItemRank><CSItemIsFreeFormat>0</CSItemIsFreeFormat><CSValue><CSValueCode>3031098</CSValueCode><CSValueName>16:9</CSValueName><CSValueRank>1</CSValueRank></CSValue></CSItem><CSItem><CSItemCode>3006193</CSItemCode><CSItemName>最佳分辨率</CSItemName><CSItemRank>6</CSItemRank><CSItemIsFreeFormat>1</CSItemIsFreeFormat><CSValue><CSValueCode>3031277</CSValueCode><CSValueName>1920 x 1080，60 赫兹</CSValueName><CSValueRank>1</CSValueRank></CSValue></CSItem><CSItem><CSItemCode>3006197</CSItemCode><CSItemName>响应时间（标准）</CSItemName><CSItemRank>7</CSItemRank><CSItemIsFreeFormat>1</CSItemIsFreeFormat><CSValue><CSValueCode>3031281</CSValueCode><CSValueName>8（灰阶）</CSValueName><CSValueRank>1</CSValueRank></CSValue><UnitOfMeasure><UnitOfMeasureCode>3000059</UnitOfMeasureCode><UnitOfMeasureName>毫秒</UnitOfMeasureName><UnitOfMeasureSymbol>毫秒</UnitOfMeasureSymbol></UnitOfMeasure></CSItem><CSItem><CSItemCode>IT4016511</CSItemCode><CSItemName>SmartResponse（标准）</CSItemName><CSItemRank>8</CSItemRank><CSItemIsFreeFormat>1</CSItemIsFreeFormat><CSValue><CSValueCode>VA4033561</CSValueCode><CSValueName>4 毫秒（灰阶）</CSValueName><CSValueRank>1</CSValueRank></CSValue></CSItem><CSItem><CSItemCode>3006127</CSItemCode><CSItemName>亮度</CSItemName><CSItemRank>9</CSItemRank><CSItemIsFreeFormat>1</CSItemIsFreeFormat><CSValue><CSValueCode>3031110</CSValueCode><CSValueName>300</CSValueName><CSValueRank>1</CSValueRank></CSValue><UnitOfMeasure><UnitOfMeasureCode>3000038</UnitOfMeasureCode><UnitOfMeasureName>cd/m²</UnitOfMeasureName><UnitOfMeasureSymbol>cd/m²</UnitOfMeasureSymbol></UnitOfMeasure></CSItem><CSItem><CSItemCode>3006133</CSItemCode><CSItemName>对比度（标准）</CSItemName><CSItemRank>10</CSItemRank><CSItemIsFreeFormat>1</CSItemIsFreeFormat><CSValue><CSValueCode>3031116</CSValueCode><CSValueName>1200:1</CSValueName><CSValueRank>1</CSValueRank></CSValue></CSItem><CSItem><CSItemCode>IT4006148</CSItemCode><CSItemName>SmartContrast</CSItemName><CSItemRank>11</CSItemRank><CSItemIsFreeFormat>1</CSItemIsFreeFormat><CSValue><CSValueCode>VA4017351</CSValueCode><CSValueName>20,000,000:1</CSValueName><CSValueRank>1</CSValueRank></CSValue></CSItem><CSItem><CSItemCode>3006186</CSItemCode><CSItemName>像素间距</CSItemName><CSItemRank>12</CSItemRank><CSItemIsFreeFormat>1</CSItemIsFreeFormat><CSValue><CSValueCode>3031270</CSValueCode><CSValueName>0.364 x 0.364 毫米</CSValueName><CSValueRank>1</CSValueRank></CSValue></CSItem><CSItem><CSItemCode>3007518</CSItemCode><CSItemName>视角</CSItemName><CSItemRank>13</CSItemRank><CSItemIsFreeFormat>0</CSItemIsFreeFormat><CSValue><CSValueCode>VA4002901</CSValueCode><CSValueName>178º（水平）/178º（垂直）</CSValueName><CSValueRank>1</CSValueRank></CSValue><CSValue><CSValueCode>3035028</CSValueCode><CSValueName>@ C/R &gt; 10</CSValueName><CSValueRank>2</CSValueRank></CSValue></CSItem><CSItem><CSItemCode>IT4036934</CSItemCode><CSItemName>无闪烁</CSItemName><CSItemRank>14</CSItemRank><CSItemIsFreeFormat>1</CSItemIsFreeFormat><CSValue><CSValueCode>VA4085801</CSValueCode><CSValueName>Y</CSValueName><CSValueRank>1</CSValueRank></CSValue></CSItem><CSItem><CSItemCode>3006183</CSItemCode><CSItemName>画面效果增强</CSItemName><CSItemRank>15</CSItemRank><CSItemIsFreeFormat>0</CSItemIsFreeFormat><CSValue><CSValueCode>VA4000341</CSValueCode><CSValueName>SmartImage Lite</CSValueName><CSValueRank>1</CSValueRank></CSValue></CSItem><CSItem><CSItemCode>3006143</CSItemCode><CSItemName>显示屏色彩</CSItemName><CSItemRank>16</CSItemRank><CSItemIsFreeFormat>1</CSItemIsFreeFormat><CSValue><CSValueCode>3031126</CSValueCode><CSValueName>16.7 M</CSValueName><CSValueRank>1</CSValueRank></CSValue></CSItem><CSItem><CSItemCode>IT4006149</CSItemCode><CSItemName>扫描频率</CSItemName><CSItemRank>17</CSItemRank><CSItemIsFreeFormat>1</CSItemIsFreeFormat><CSValue><CSValueCode>VA4017352</CSValueCode><CSValueName>30 - 83 千赫（水平）/ 56 -76 赫兹（垂直）</CSValueName><CSValueRank>1</CSValueRank></CSValue></CSItem><CSItem><CSItemCode>3006207</CSItemCode><CSItemName>sRGB</CSItemName><CSItemRank>18</CSItemRank><CSItemIsFreeFormat>1</CSItemIsFreeFormat><CSValue><CSValueCode>3031306</CSValueCode><CSValueName>Y</CSValueName><CSValueRank>1</CSValueRank></CSValue></CSItem></CSChapter><CSChapter><CSChapterCode>3000813</CSChapterCode><CSChapterName>连接</CSChapterName><CSChapterRank>2</CSChapterRank><CSItem><CSItemCode>3006576</CSItemCode><CSItemName>信号输入</CSItemName><CSItemRank>1</CSItemRank><CSItemIsFreeFormat>0</CSItemIsFreeFormat><CSValue><CSValueCode>3036216</CSValueCode><CSValueName>VGA（模拟）</CSValueName><CSValueRank>1</CSValueRank></CSValue><CSValue><CSValueCode>VA4015427</CSValueCode><CSValueName>DVI-D（数字，HDCP）</CSValueName><CSValueRank>2</CSValueRank></CSValue></CSItem><CSItem><CSItemCode>3006588</CSItemCode><CSItemName>同步输入</CSItemName><CSItemRank>2</CSItemRank><CSItemIsFreeFormat>0</CSItemIsFreeFormat><CSValue><CSValueCode>3032392</CSValueCode><CSValueName>单独同步</CSValueName><CSValueRank>1</CSValueRank></CSValue><CSValue><CSValueCode>3032393</CSValueCode><CSValueName>同步时呈绿色</CSValueName><CSValueRank>2</CSValueRank></CSValue></CSItem></CSChapter><CSChapter><CSChapterCode>3000814</CSChapterCode><CSChapterName>便利性</CSChapterName><CSChapterRank>3</CSChapterRank><CSItem><CSItemCode>3006633</CSItemCode><CSItemName>方便用户</CSItemName><CSItemRank>1</CSItemRank><CSItemIsFreeFormat>0</CSItemIsFreeFormat><CSValue><CSValueCode>VA4017554</CSValueCode><CSValueName>打开/关闭电源</CSValueName><CSValueRank>1</CSValueRank></CSValue><CSValue><CSValueCode>VA4017357</CSValueCode><CSValueName>菜单</CSValueName><CSValueRank>2</CSValueRank></CSValue><CSValue><CSValueCode>VA4023882</CSValueCode><CSValueName>4:3 / 宽屏</CSValueName><CSValueRank>3</CSValueRank></CSValue><CSValue><CSValueCode>VA4017358</CSValueCode><CSValueName>输入</CSValueName><CSValueRank>4</CSValueRank></CSValue><CSValue><CSValueCode>VA4022518</CSValueCode><CSValueName>SmartImage lite</CSValueName><CSValueRank>5</CSValueRank></CSValue></CSItem><CSItem><CSItemCode>3006693</CSItemCode><CSItemName>OSD 语言</CSItemName><CSItemRank>2</CSItemRank><CSItemIsFreeFormat>0</CSItemIsFreeFormat><CSValue><CSValueCode>VA4065363</CSValueCode><CSValueName>巴西葡萄牙语</CSValueName><CSValueRank>1</CSValueRank></CSValue><CSValue><CSValueCode>3034561</CSValueCode><CSValueName>捷克语</CSValueName><CSValueRank>2</CSValueRank></CSValue><CSValue><CSValueCode>3034565</CSValueCode><CSValueName>荷兰语</CSValueName><CSValueRank>3</CSValueRank></CSValue><CSValue><CSValueCode>3032771</CSValueCode><CSValueName>简体中文</CSValueName><CSValueRank>4</CSValueRank></CSValue><CSValue><CSValueCode>VA4063224</CSValueCode><CSValueName>芬兰语</CSValueName><CSValueRank>5</CSValueRank></CSValue><CSValue><CSValueCode>3032772</CSValueCode><CSValueName>法语</CSValueName><CSValueRank>6</CSValueRank></CSValue><CSValue><CSValueCode>3032773</CSValueCode><CSValueName>德语</CSValueName><CSValueRank>7</CSValueRank></CSValue><CSValue><CSValueCode>VA4002508</CSValueCode><CSValueName>希腊语</CSValueName><CSValueRank>8</CSValueRank></CSValue><CSValue><CSValueCode>3034563</CSValueCode><CSValueName>匈牙利语</CSValueName><CSValueRank>9</CSValueRank></CSValue><CSValue><CSValueCode>3032774</CSValueCode><CSValueName>意大利语</CSValueName><CSValueRank>10</CSValueRank></CSValue><CSValue><CSValueCode>3038221</CSValueCode><CSValueName>日语</CSValueName><CSValueRank>11</CSValueRank></CSValue><CSValue><CSValueCode>3039946</CSValueCode><CSValueName>韩语</CSValueName><CSValueRank>12</CSValueRank></CSValue><CSValue><CSValueCode>3034564</CSValueCode><CSValueName>波兰语</CSValueName><CSValueRank>13</CSValueRank></CSValue><CSValue><CSValueCode>3032775</CSValueCode><CSValueName>葡萄牙语</CSValueName><CSValueRank>14</CSValueRank></CSValue><CSValue><CSValueCode>3032776</CSValueCode><CSValueName>俄语</CSValueName><CSValueRank>15</CSValueRank></CSValue><CSValue><CSValueCode>3034114</CSValueCode><CSValueName>简体中文</CSValueName><CSValueRank>16</CSValueRank></CSValue><CSValue><CSValueCode>3032777</CSValueCode><CSValueName>西班牙语</CSValueName><CSValueRank>17</CSValueRank></CSValue><CSValue><CSValueCode>3034562</CSValueCode><CSValueName>瑞典语</CSValueName><CSValueRank>18</CSValueRank></CSValue><CSValue><CSValueCode>3034115</CSValueCode><CSValueName>繁体中文</CSValueName><CSValueRank>19</CSValueRank></CSValue><CSValue><CSValueCode>3035749</CSValueCode><CSValueName>土耳其语</CSValueName><CSValueRank>20</CSValueRank></CSValue><CSValue><CSValueCode>VA4065364</CSValueCode><CSValueName>乌克兰语</CSValueName><CSValueRank>21</CSValueRank></CSValue></CSItem><CSItem><CSItemCode>3006694</CSItemCode><CSItemName>其它便利性</CSItemName><CSItemRank>3</CSItemRank><CSItemIsFreeFormat>0</CSItemIsFreeFormat><CSValue><CSValueCode>3032778</CSValueCode><CSValueName>Kensington 锁</CSValueName><CSValueRank>1</CSValueRank></CSValue><CSValue><CSValueCode>VA4016754</CSValueCode><CSValueName>VESA 安装架（100 x 100 毫米）</CSValueName><CSValueRank>2</CSValueRank></CSValue></CSItem><CSItem><CSItemCode>3006699</CSItemCode><CSItemName>即插即用兼容性</CSItemName><CSItemRank>4</CSItemRank><CSItemIsFreeFormat>0</CSItemIsFreeFormat><CSValue><CSValueCode>3043209</CSValueCode><CSValueName>DDC/CI</CSValueName><CSValueRank>1</CSValueRank></CSValue><CSValue><CSValueCode>3046249</CSValueCode><CSValueName>Mac OS X</CSValueName><CSValueRank>2</CSValueRank></CSValue><CSValue><CSValueCode>3032788</CSValueCode><CSValueName>sRGB</CSValueName><CSValueRank>3</CSValueRank></CSValue><CSValue><CSValueCode>VA4091311</CSValueCode><CSValueName>Windows 10 / 8.1 / 8 / 7</CSValueName><CSValueRank>4</CSValueRank></CSValue></CSItem></CSChapter><CSChapter><CSChapterCode>CH4000824</CSChapterCode><CSChapterName>底座</CSChapterName><CSChapterRank>4</CSChapterRank><CSItem><CSItemCode>IT4004954</CSItemCode><CSItemName>倾斜</CSItemName><CSItemRank>1</CSItemRank><CSItemIsFreeFormat>1</CSItemIsFreeFormat><CSValue><CSValueCode>VA4015659</CSValueCode><CSValueName>-5/10</CSValueName><CSValueRank>1</CSValueRank></CSValue><UnitOfMeasure><UnitOfMeasureCode>3000042</UnitOfMeasureCode><UnitOfMeasureName>度</UnitOfMeasureName><UnitOfMeasureSymbol>度</UnitOfMeasureSymbol></UnitOfMeasure></CSItem></CSChapter><CSChapter><CSChapterCode>3000821</CSChapterCode><CSChapterName>功率</CSChapterName><CSChapterRank>5</CSChapterRank><CSItem><CSItemCode>IT4005861</CSItemCode><CSItemName>开启模式</CSItemName><CSItemRank>1</CSItemRank><CSItemIsFreeFormat>1</CSItemIsFreeFormat><CSValue><CSValueCode>VA4017025</CSValueCode><CSValueName>48 瓦（标准），52 瓦（最大）</CSValueName><CSValueRank>1</CSValueRank></CSValue></CSItem><CSItem><CSItemCode>IT4006150</CSItemCode><CSItemName>待机模式</CSItemName><CSItemRank>2</CSItemRank><CSItemIsFreeFormat>1</CSItemIsFreeFormat><CSValue><CSValueCode>VA4017360</CSValueCode><CSValueName>0.5 瓦</CSValueName><CSValueRank>1</CSValueRank></CSValue></CSItem><CSItem><CSItemCode>IT4006081</CSItemCode><CSItemName>关闭模式</CSItemName><CSItemRank>3</CSItemRank><CSItemIsFreeFormat>1</CSItemIsFreeFormat><CSValue><CSValueCode>VA4017285</CSValueCode><CSValueName>0.5 瓦</CSValueName><CSValueRank>1</CSValueRank></CSValue></CSItem><CSItem><CSItemCode>3006931</CSItemCode><CSItemName>电源 LED 指示灯</CSItemName><CSItemRank>4</CSItemRank><CSItemIsFreeFormat>0</CSItemIsFreeFormat><CSValue><CSValueCode>VA4015465</CSValueCode><CSValueName>工作 - 白色</CSValueName><CSValueRank>1</CSValueRank></CSValue><CSValue><CSValueCode>VA4017406</CSValueCode><CSValueName>待机模式 - 白色（闪烁）</CSValueName><CSValueRank>2</CSValueRank></CSValue></CSItem><CSItem><CSItemCode>3006932</CSItemCode><CSItemName>电源</CSItemName><CSItemRank>5</CSItemRank><CSItemIsFreeFormat>0</CSItemIsFreeFormat><CSValue><CSValueCode>3033321</CSValueCode><CSValueName>内置</CSValueName><CSValueRank>1</CSValueRank></CSValue><CSValue><CSValueCode>VA4050622</CSValueCode><CSValueName>100-240 伏交流，50-60 赫兹</CSValueName><CSValueRank>2</CSValueRank></CSValue></CSItem></CSChapter><CSChapter><CSChapterCode>3000820</CSChapterCode><CSChapterName>尺寸</CSChapterName><CSChapterRank>6</CSChapterRank><CSItem><CSItemCode>IT4005764</CSItemCode><CSItemName>带支座的产品（毫米）</CSItemName><CSItemRank>1</CSItemRank><CSItemIsFreeFormat>1</CSItemIsFreeFormat><CSValue><CSValueCode>VA4016930</CSValueCode><CSValueName>730 x 523 x 216</CSValueName><CSValueRank>1</CSValueRank></CSValue><UnitOfMeasure><UnitOfMeasureCode>3000058</UnitOfMeasureCode><UnitOfMeasureName>毫米</UnitOfMeasureName><UnitOfMeasureSymbol>毫米</UnitOfMeasureSymbol></UnitOfMeasure></CSItem><CSItem><CSItemCode>IT4005765</CSItemCode><CSItemName>不带支座的产品（毫米）</CSItemName><CSItemRank>2</CSItemRank><CSItemIsFreeFormat>1</CSItemIsFreeFormat><CSValue><CSValueCode>VA4016931</CSValueCode><CSValueName>730 x 432 x 72</CSValueName><CSValueRank>1</CSValueRank></CSValue><UnitOfMeasure><UnitOfMeasureCode>3000058</UnitOfMeasureCode><UnitOfMeasureName>毫米</UnitOfMeasureName><UnitOfMeasureSymbol>毫米</UnitOfMeasureSymbol></UnitOfMeasure></CSItem><CSItem><CSItemCode>IT4005766</CSItemCode><CSItemName>包装（宽x高x厚）（毫米）</CSItemName><CSItemRank>3</CSItemRank><CSItemIsFreeFormat>1</CSItemIsFreeFormat><CSValue><CSValueCode>VA4016932</CSValueCode><CSValueName>801 x 581 x 161</CSValueName><CSValueRank>1</CSValueRank></CSValue><UnitOfMeasure><UnitOfMeasureCode>3000058</UnitOfMeasureCode><UnitOfMeasureName>毫米</UnitOfMeasureName><UnitOfMeasureSymbol>毫米</UnitOfMeasureSymbol></UnitOfMeasure></CSItem></CSChapter><CSChapter><CSChapterCode>CH4000702</CSChapterCode><CSChapterName>重量</CSChapterName><CSChapterRank>7</CSChapterRank><CSItem><CSItemCode>IT4005770</CSItemCode><CSItemName>带支座的产品（千克）</CSItemName><CSItemRank>1</CSItemRank><CSItemIsFreeFormat>1</CSItemIsFreeFormat><CSValue><CSValueCode>VA4016936</CSValueCode><CSValueName>7.3</CSValueName><CSValueRank>1</CSValueRank></CSValue><UnitOfMeasure><UnitOfMeasureCode>3000049</UnitOfMeasureCode><UnitOfMeasureName>千克</UnitOfMeasureName><UnitOfMeasureSymbol>千克</UnitOfMeasureSymbol></UnitOfMeasure></CSItem><CSItem><CSItemCode>IT4005771</CSItemCode><CSItemName>不带支座的产品（千克）</CSItemName><CSItemRank>2</CSItemRank><CSItemIsFreeFormat>1</CSItemIsFreeFormat><CSValue><CSValueCode>VA4016937</CSValueCode><CSValueName>6.8</CSValueName><CSValueRank>1</CSValueRank></CSValue><UnitOfMeasure><UnitOfMeasureCode>3000049</UnitOfMeasureCode><UnitOfMeasureName>千克</UnitOfMeasureName><UnitOfMeasureSymbol>千克</UnitOfMeasureSymbol></UnitOfMeasure></CSItem><CSItem><CSItemCode>IT4005772</CSItemCode><CSItemName>带包装的产品（千克）</CSItemName><CSItemRank>3</CSItemRank><CSItemIsFreeFormat>1</CSItemIsFreeFormat><CSValue><CSValueCode>VA4016938</CSValueCode><CSValueName>9.3</CSValueName><CSValueRank>1</CSValueRank></CSValue><UnitOfMeasure><UnitOfMeasureCode>3000049</UnitOfMeasureCode><UnitOfMeasureName>千克</UnitOfMeasureName><UnitOfMeasureSymbol>千克</UnitOfMeasureSymbol></UnitOfMeasure></CSItem></CSChapter><CSChapter><CSChapterCode>CH4000823</CSChapterCode><CSChapterName>使用条件</CSChapterName><CSChapterRank>8</CSChapterRank><CSItem><CSItemCode>IT4004946</CSItemCode><CSItemName>温度范围（工作）</CSItemName><CSItemRank>1</CSItemRank><CSItemIsFreeFormat>1</CSItemIsFreeFormat><CSValue><CSValueCode>VA4015651</CSValueCode><CSValueName>0 至 40</CSValueName><CSValueRank>1</CSValueRank></CSValue><UnitOfMeasure><UnitOfMeasureCode>3000081</UnitOfMeasureCode><UnitOfMeasureName>摄氏度</UnitOfMeasureName><UnitOfMeasureSymbol>°C</UnitOfMeasureSymbol></UnitOfMeasure></CSItem><CSItem><CSItemCode>IT4004947</CSItemCode><CSItemName>温度范围（存储）</CSItemName><CSItemRank>2</CSItemRank><CSItemIsFreeFormat>1</CSItemIsFreeFormat><CSValue><CSValueCode>VA4015652</CSValueCode><CSValueName>-20 至 60</CSValueName><CSValueRank>1</CSValueRank></CSValue><UnitOfMeasure><UnitOfMeasureCode>3000081</UnitOfMeasureCode><UnitOfMeasureName>摄氏度</UnitOfMeasureName><UnitOfMeasureSymbol>°C</UnitOfMeasureSymbol></UnitOfMeasure></CSItem><CSItem><CSItemCode>IT4004948</CSItemCode><CSItemName>相对湿度</CSItemName><CSItemRank>3</CSItemRank><CSItemIsFreeFormat>1</CSItemIsFreeFormat><CSValue><CSValueCode>VA4015653</CSValueCode><CSValueName>20%-80</CSValueName><CSValueRank>1</CSValueRank></CSValue><UnitOfMeasure><UnitOfMeasureCode>3000065</UnitOfMeasureCode><UnitOfMeasureName>百分比</UnitOfMeasureName><UnitOfMeasureSymbol>%</UnitOfMeasureSymbol></UnitOfMeasure></CSItem><CSItem><CSItemCode>IT4023612</CSItemCode><CSItemName>海拔</CSItemName><CSItemRank>4</CSItemRank><CSItemIsFreeFormat>1</CSItemIsFreeFormat><CSValue><CSValueCode>VA4054761</CSValueCode><CSValueName>工作：+12,000 英尺（3,658 米），非工作：+40,000 英尺（12,192 米）</CSValueName><CSValueRank>1</CSValueRank></CSValue></CSItem><CSItem><CSItemCode>IT4004949</CSItemCode><CSItemName>MTBF</CSItemName><CSItemRank>5</CSItemRank><CSItemIsFreeFormat>1</CSItemIsFreeFormat><CSValue><CSValueCode>VA4015654</CSValueCode><CSValueName>50000 小时（不包括背光）</CSValueName><CSValueRank>1</CSValueRank></CSValue><UnitOfMeasure><UnitOfMeasureCode>4000007</UnitOfMeasureCode><UnitOfMeasureName>-小时</UnitOfMeasureName><UnitOfMeasureSymbol>小时</UnitOfMeasureSymbol></UnitOfMeasure></CSItem></CSChapter><CSChapter><CSChapterCode>CH4000822</CSChapterCode><CSChapterName>可持续发展</CSChapterName><CSChapterRank>9</CSChapterRank><CSItem><CSItemCode>IT4004941</CSItemCode><CSItemName>环境和能源</CSItemName><CSItemRank>1</CSItemRank><CSItemIsFreeFormat>0</CSItemIsFreeFormat><CSValue><CSValueCode>VA4015645</CSValueCode><CSValueName>RoHS</CSValueName><CSValueRank>1</CSValueRank></CSValue><CSValue><CSValueCode>VA4033721</CSValueCode><CSValueName>无铅</CSValueName><CSValueRank>2</CSValueRank></CSValue><CSValue><CSValueCode>VA4033722</CSValueCode><CSValueName>不含汞</CSValueName><CSValueRank>3</CSValueRank></CSValue></CSItem><CSItem><CSItemCode>IT4004944</CSItemCode><CSItemName>可回收包装材料</CSItemName><CSItemRank>2</CSItemRank><CSItemIsFreeFormat>1</CSItemIsFreeFormat><CSValue><CSValueCode>VA4015649</CSValueCode><CSValueName>100</CSValueName><CSValueRank>1</CSValueRank></CSValue><UnitOfMeasure><UnitOfMeasureCode>3000065</UnitOfMeasureCode><UnitOfMeasureName>百分比</UnitOfMeasureName><UnitOfMeasureSymbol>%</UnitOfMeasureSymbol></UnitOfMeasure></CSItem></CSChapter><CSChapter><CSChapterCode>CH4001161</CSChapterCode><CSChapterName>合规性和标准</CSChapterName><CSChapterRank>10</CSChapterRank><CSItem><CSItemCode>IT4006152</CSItemCode><CSItemName>审批机构</CSItemName><CSItemRank>1</CSItemRank><CSItemIsFreeFormat>0</CSItemIsFreeFormat><CSValue><CSValueCode>VA4017364</CSValueCode><CSValueName>CCC</CSValueName><CSValueRank>1</CSValueRank></CSValue><CSValue><CSValueCode>VA4054950</CSValueCode><CSValueName>CEL</CSValueName><CSValueRank>2</CSValueRank></CSValue><CSValue><CSValueCode>VA4033547</CSValueCode><CSValueName>WEEE</CSValueName><CSValueRank>3</CSValueRank></CSValue><CSValue><CSValueCode>VA4017548</CSValueCode><CSValueName>CECP</CSValueName><CSValueRank>4</CSValueRank></CSValue></CSItem></CSChapter><CSChapter><CSChapterCode>CH4000825</CSChapterCode><CSChapterName>机壳</CSChapterName><CSChapterRank>11</CSChapterRank><CSItem><CSItemCode>IT4004955</CSItemCode><CSItemName>颜色</CSItemName><CSItemRank>1</CSItemRank><CSItemIsFreeFormat>1</CSItemIsFreeFormat><CSValue><CSValueCode>VA4015660</CSValueCode><CSValueName>白色/银色</CSValueName><CSValueRank>1</CSValueRank></CSValue></CSItem><CSItem><CSItemCode>IT4004956</CSItemCode><CSItemName>表面</CSItemName><CSItemRank>2</CSItemRank><CSItemIsFreeFormat>1</CSItemIsFreeFormat><CSValue><CSValueCode>VA4015661</CSValueCode><CSValueName>光面</CSValueName><CSValueRank>1</CSValueRank></CSValue></CSItem></CSChapter><Filters><Purpose type="Comparison"><Features><Feature code="F400066723" rank="1" referenceName="IPS-ADS"/><Feature code="F400071757" rank="2" referenceName="16:9 Full HD display_2015"/><Feature code="F400067665" rank="3" referenceName="Flicker-free technology"/><Feature code="F400065688" rank="4" referenceName="SmartContrast for deep black level details"/><Feature code="F400065686" rank="5" referenceName="SmartImage Lite for easy optimized image settings"/><Feature code="F400070499" rank="6" referenceName="EasySelect Menu Toggle Key"/><Feature code="F400044227" rank="7" referenceName="Low power consumption saves energy bills"/><Feature code="F400019722" rank="8" referenceName="Mercury Free"/><Feature code="F400061605" rank="9" referenceName="Eco-friendly materials meet major international standards"/><Feature code="F400036719" rank="10" referenceName="Superb glossy finish"/><Feature code="F400032210" rank="11" referenceName="Elegant, slim design complements your home decor"/><Feature code="F400065902" rank="12" referenceName="Expansive 31.5-inch brilliant display"/></Features><CSItems><CSItem code="3006169" rank="1" referenceName="Picture/Display - LCD panel type"/><CSItem code="3006576" rank="1" referenceName="Connectivity - Signal Input"/><CSItem code="3006633" rank="1" referenceName="Convenience - User convenience"/><CSItem code="IT4004941" rank="1" referenceName="Sustainability - Environmental and energy"/><CSItem code="IT4004946" rank="1" referenceName="Operating conditions - Temperature range (operation)"/><CSItem code="IT4004954" rank="1" referenceName="Stand - Tilt"/><CSItem code="IT4004955" rank="1" referenceName="Cabinet - Color"/><CSItem code="IT4005764" rank="1" referenceName="Dimensions - Product with stand (mm)"/><CSItem code="IT4005770" rank="1" referenceName="Weight - Product with stand (kg)"/><CSItem code="IT4005861" rank="1" referenceName="Power - On mode"/><CSItem code="IT4006152" rank="1" referenceName="Compliance and standards - Regulatory Approvals"/><CSItem code="3006588" rank="2" referenceName="Connectivity - Sync Input"/><CSItem code="3006693" rank="2" referenceName="Convenience - OSD Languages"/><CSItem code="IT4004944" rank="2" referenceName="Sustainability - Recyclable packaging material"/><CSItem code="IT4004947" rank="2" referenceName="Operating conditions - Temperature range (storage)"/><CSItem code="IT4004956" rank="2" referenceName="Cabinet - Finish"/><CSItem code="IT4005765" rank="2" referenceName="Dimensions - Product without stand (mm)"/><CSItem code="IT4005771" rank="2" referenceName="Weight - Product without stand (kg)"/><CSItem code="IT4006150" rank="2" referenceName="Power - Standby mode"/><CSItem code="IT4007209" rank="2" referenceName="Picture/Display - Backlight type"/><CSItem code="3006180" rank="3" referenceName="Picture/Display - Panel Size"/><CSItem code="3006694" rank="3" referenceName="Convenience - Other convenience"/><CSItem code="IT4004948" rank="3" referenceName="Operating conditions - Relative humidity"/><CSItem code="IT4005766" rank="3" referenceName="Dimensions - Packaging in mm (WxHxD)"/><CSItem code="IT4005772" rank="3" referenceName="Weight - Product with packaging (kg)"/><CSItem code="IT4006081" rank="3" referenceName="Power - Off mode"/><CSItem code="3006149" rank="4" referenceName="Picture/Display - Effective viewing area"/><CSItem code="3006699" rank="4" referenceName="Convenience - Plug &amp; Play Compatibility"/><CSItem code="3006931" rank="4" referenceName="Power - Power LED indicator"/><CSItem code="IT4023612" rank="4" referenceName="Operating conditions - Altitude"/><CSItem code="3006121" rank="5" referenceName="Picture/Display - Aspect ratio"/><CSItem code="3006932" rank="5" referenceName="Power - Power supply"/><CSItem code="IT4004949" rank="5" referenceName="Operating conditions - MTBF"/><CSItem code="3006193" rank="6" referenceName="Picture/Display - Optimum resolution"/><CSItem code="3006197" rank="7" referenceName="Picture/Display - Response time (typical)"/><CSItem code="IT4016511" rank="8" referenceName="Picture/Display - SmartResponse (typical)"/><CSItem code="3006127" rank="9" referenceName="Picture/Display - Brightness"/><CSItem code="3006133" rank="10" referenceName="Picture/Display - Contrast ratio (typical)"/><CSItem code="IT4006148" rank="11" referenceName="Picture/Display - SmartContrast"/><CSItem code="3006186" rank="12" referenceName="Picture/Display - Pixel pitch"/><CSItem code="3007518" rank="13" referenceName="Picture/Display - Viewing angle"/><CSItem code="IT4036934" rank="14" referenceName="Picture/Display - Flicker-free"/><CSItem code="3006183" rank="15" referenceName="Picture/Display - Picture enhancement"/><CSItem code="3006143" rank="16" referenceName="Picture/Display - Display colors"/><CSItem code="IT4006149" rank="17" referenceName="Picture/Display - Scanning Frequency"/><CSItem code="3006207" rank="18" referenceName="Picture/Display - sRGB"/></CSItems></Purpose><Purpose type="Detail"><Features><Feature code="F400066723" rank="1" referenceName="IPS-ADS"/><Feature code="F400071757" rank="2" referenceName="16:9 Full HD display_2015"/><Feature code="F400067665" rank="3" referenceName="Flicker-free technology"/><Feature code="F400065688" rank="4" referenceName="SmartContrast for deep black level details"/><Feature code="F400065686" rank="5" referenceName="SmartImage Lite for easy optimized image settings"/><Feature code="F400070499" rank="6" referenceName="EasySelect Menu Toggle Key"/><Feature code="F400044227" rank="7" referenceName="Low power consumption saves energy bills"/><Feature code="F400019722" rank="8" referenceName="Mercury Free"/><Feature code="F400061605" rank="9" referenceName="Eco-friendly materials meet major international standards"/><Feature code="F400036719" rank="10" referenceName="Superb glossy finish"/><Feature code="F400032210" rank="11" referenceName="Elegant, slim design complements your home decor"/><Feature code="F400065902" rank="12" referenceName="Expansive 31.5-inch brilliant display"/></Features><CSItems><CSItem code="3006169" rank="1" referenceName="Picture/Display - LCD panel type"/><CSItem code="3006576" rank="1" referenceName="Connectivity - Signal Input"/><CSItem code="3006633" rank="1" referenceName="Convenience - User convenience"/><CSItem code="IT4004941" rank="1" referenceName="Sustainability - Environmental and energy"/><CSItem code="IT4004946" rank="1" referenceName="Operating conditions - Temperature range (operation)"/><CSItem code="IT4004954" rank="1" referenceName="Stand - Tilt"/><CSItem code="IT4004955" rank="1" referenceName="Cabinet - Color"/><CSItem code="IT4005764" rank="1" referenceName="Dimensions - Product with stand (mm)"/><CSItem code="IT4005770" rank="1" referenceName="Weight - Product with stand (kg)"/><CSItem code="IT4005861" rank="1" referenceName="Power - On mode"/><CSItem code="IT4006152" rank="1" referenceName="Compliance and standards - Regulatory Approvals"/><CSItem code="3006588" rank="2" referenceName="Connectivity - Sync Input"/><CSItem code="3006693" rank="2" referenceName="Convenience - OSD Languages"/><CSItem code="IT4004944" rank="2" referenceName="Sustainability - Recyclable packaging material"/><CSItem code="IT4004947" rank="2" referenceName="Operating conditions - Temperature range (storage)"/><CSItem code="IT4004956" rank="2" referenceName="Cabinet - Finish"/><CSItem code="IT4005765" rank="2" referenceName="Dimensions - Product without stand (mm)"/><CSItem code="IT4005771" rank="2" referenceName="Weight - Product without stand (kg)"/><CSItem code="IT4006150" rank="2" referenceName="Power - Standby mode"/><CSItem code="IT4007209" rank="2" referenceName="Picture/Display - Backlight type"/><CSItem code="3006180" rank="3" referenceName="Picture/Display - Panel Size"/><CSItem code="3006694" rank="3" referenceName="Convenience - Other convenience"/><CSItem code="IT4004948" rank="3" referenceName="Operating conditions - Relative humidity"/><CSItem code="IT4005766" rank="3" referenceName="Dimensions - Packaging in mm (WxHxD)"/><CSItem code="IT4005772" rank="3" referenceName="Weight - Product with packaging (kg)"/><CSItem code="IT4006081" rank="3" referenceName="Power - Off mode"/><CSItem code="3006149" rank="4" referenceName="Picture/Display - Effective viewing area"/><CSItem code="3006699" rank="4" referenceName="Convenience - Plug &amp; Play Compatibility"/><CSItem code="3006931" rank="4" referenceName="Power - Power LED indicator"/><CSItem code="IT4023612" rank="4" referenceName="Operating conditions - Altitude"/><CSItem code="3006121" rank="5" referenceName="Picture/Display - Aspect ratio"/><CSItem code="3006932" rank="5" referenceName="Power - Power supply"/><CSItem code="IT4004949" rank="5" referenceName="Operating conditions - MTBF"/><CSItem code="3006193" rank="6" referenceName="Picture/Display - Optimum resolution"/><CSItem code="3006197" rank="7" referenceName="Picture/Display - Response time (typical)"/><CSItem code="IT4016511" rank="8" referenceName="Picture/Display - SmartResponse (typical)"/><CSItem code="3006127" rank="9" referenceName="Picture/Display - Brightness"/><CSItem code="3006133" rank="10" referenceName="Picture/Display - Contrast ratio (typical)"/><CSItem code="IT4006148" rank="11" referenceName="Picture/Display - SmartContrast"/><CSItem code="3006186" rank="12" referenceName="Picture/Display - Pixel pitch"/><CSItem code="3007518" rank="13" referenceName="Picture/Display - Viewing angle"/><CSItem code="IT4036934" rank="14" referenceName="Picture/Display - Flicker-free"/><CSItem code="3006183" rank="15" referenceName="Picture/Display - Picture enhancement"/><CSItem code="3006143" rank="16" referenceName="Picture/Display - Display colors"/><CSItem code="IT4006149" rank="17" referenceName="Picture/Display - Scanning Frequency"/><CSItem code="3006207" rank="18" referenceName="Picture/Display - sRGB"/></CSItems></Purpose></Filters><FeatureCompareGroups/><Disclaimers><Disclaimer code="DIS40004221" rank="1" referenceName="IPS technology"><DisclaimerText>“IPS”字样/商标和相关技术专利均属于其各自的所有者。</DisclaimerText><DisclaimElements/></Disclaimer><Disclaimer code="DIS40005141" rank="2" referenceName="Smart response time"><DisclaimerText>智能响应时间是 GtG 或 GtG (BW) 测试的最佳值。</DisclaimerText><DisclaimElements/></Disclaimer></Disclaimers><KeyValuePairs><KeyValuePair><Key>4043544</Key><Value>VA4100527</Value><Type>String</Type></KeyValuePair><KeyValuePair><Key>4043544</Key><Value>VA4104253</Value><Type>String</Type></KeyValuePair><KeyValuePair><Key>FdaFlag</Key><Value>false</Value><Type>String</Type></KeyValuePair><KeyValuePair><Key>GrantGroup</Key><Value>TPV</Value><Type>String</Type></KeyValuePair><KeyValuePair><Key>IT4015919</Key><Value>VA4038427</Value><Type>String</Type></KeyValuePair><KeyValuePair><Key>IT4015920</Key><Value>VA5027922</Value><Type>String</Type></KeyValuePair><KeyValuePair><Key>IT4041093</Key><Value>VA4095735</Value><Type>String</Type></KeyValuePair></KeyValuePairs><ProductClusters/><ProductRefs/><RichTexts/><GreenData><GreenAwards/><EnergyLabel/></GreenData></Product></Products>