<?xml version="1.0" encoding="UTF-8"?><Products xmlns:source="http://apache.org/cocoon/source/1.0" DocStatus="approved" DocTimeStamp="2018-10-31T11:35:06" DocType="PMT" DocVersion="xUCDM_product_external_CQ5_1_1_25"><Product Country="CN" IsAccessory="false" IsMaster="false" Locale="zh_CN" lastModified="2018-10-31T04:39:04" masterLastModified="2018-10-24T00:35:00"><CTN>S510/12</CTN><GTIN>06947265410257</GTIN><MarketingVersion>3.0.1</MarketingVersion><MarketingStatus>Final Published</MarketingStatus><CRDate>2014-11-07</CRDate><CRDateYW>201445</CRDateYW><ModelYears/><ProductDivision><ProductDivisionCode>0200</ProductDivisionCode><ProductDivisionName>Consumer Lifestyle</ProductDivisionName><FormerPDCode>0300</FormerPDCode></ProductDivision><ProductOwner>Lily Dong</ProductOwner><DTN>S510/12</DTN><Assets><Asset code="S510_12" description="User manual" extension="pdf" extent="7004953" lastModified="2018-10-31" locale="zh_CN" number="001" type="DFU">http://download.p4c.philips.com/files/s/s510_12/s510_12_dfu_zhs.pdf</Asset><Asset code="S510_12" description="High Quality product movie 1" extension="mp4" extent="36186292" lastModified="2018-10-31" locale="zh_CN" number="001" type="HQ1">http://images.philips.com/is/content/PhilipsConsumer/CCR150319004P-HQ1-global-001</Asset><Asset code="S510_12" description="Product movie 1" extension="flv" extent="12370785" lastModified="2018-10-31" locale="zh_CN" number="001" type="PRM">http://images.philips.com/is/content/PhilipsConsumer/CCR150319004O-PRM-global-001</Asset><Asset code="S510_12" description="Leaflet" extension="pdf" extent="527642" lastModified="2018-10-31" locale="zh_CN" number="001" type="PSS">http://download.p4c.philips.com/files/s/s510_12/s510_12_pss_zhscn.pdf</Asset><Asset code="S510_12" description="Retail Trade Leaflet" extension="pdf" extent="313691" lastModified="2018-10-31" locale="zh_CN" number="001" type="RTL">http://download.p4c.philips.com/files/s/s510_12/s510_12_rtl_zhscn.pdf</Asset><Asset code="S510_12" description="Alternative product photograph 1 - highres 2196x1795" extension="tif" extent="1882090" lastModified="2018-10-31" locale="global" number="001" type="A1P">http://images.philips.com/is/image/PhilipsConsumer/S510_12-A1P-global-001</Asset><Asset code="S510_12" description="Alternative product photograph 2 - highres 2196x1795" extension="tif" extent="2044034" lastModified="2018-10-31" locale="global" number="001" type="A2P">http://images.philips.com/is/image/PhilipsConsumer/S510_12-A2P-global-001</Asset><Asset code="S510_12" description="Alternative product photograph 3 - highres 2196x1795" extension="tif" extent="2119662" lastModified="2018-10-31" locale="global" number="001" type="A3P">http://images.philips.com/is/image/PhilipsConsumer/S510_12-A3P-global-001</Asset><Asset code="S510_12" description="Product detail 1 - highres 2196x1795" extension="tif" extent="3123868" lastModified="2018-10-31" locale="global" number="001" type="D1P">http://images.philips.com/is/image/PhilipsConsumer/S510_12-D1P-global-001</Asset><Asset code="S510_12" description="Product detail 2 - highres 2196x1795" extension="tif" extent="3201240" lastModified="2018-10-31" locale="global" number="001" type="D2P">http://images.philips.com/is/image/PhilipsConsumer/S510_12-D2P-global-001</Asset><Asset code="S510_12" description="Product detail 3 - highres 2196x1795" extension="tif" extent="5103594" lastModified="2018-10-31" locale="global" number="001" type="D3P">http://images.philips.com/is/image/PhilipsConsumer/S510_12-D3P-global-001</Asset><Asset code="S510_12" description="Packaging photograph - highres 1447x756" extension="tif" extent="3918552" lastModified="2018-10-31" locale="global" number="001" type="PID">http://images.philips.com/is/image/PhilipsConsumer/S510_12-PID-global-001</Asset><Asset code="S510_12" description="Leaflet" extension="pdf" extent="406696" lastModified="2018-10-31" locale="global" number="001" type="PSS">http://download.p4c.philips.com/files/s/s510_12/s510_12_pss_.pdf</Asset><Asset code="S510_12" description="Standard product photograph - highres 2196x1795" extension="tif" extent="2154096" lastModified="2018-10-31" locale="global" number="001" type="RTP">http://images.philips.com/is/image/PhilipsConsumer/S510_12-RTP-global-001</Asset><Asset code="S510_12" description="Single product shot" extension="" lastModified="2018-10-31" locale="zh_CN" number="" type="IMS">http://images.philips.com/is/image/PhilipsConsumer/S510_12-IMS-zh_CN</Asset><Asset code="S510_12" description="Product gallery image set" extension="" lastModified="2018-10-31" locale="zh_CN" number="" type="GAL">http://images.philips.com/is/image/PhilipsConsumer/S510_12-GAL-zh_CN</Asset><Asset code="S510_12" description="Product URL" extension="" lastModified="2018-10-31" locale="zh_CN" number="" type="URL">http://www.philips.com.cn/c-p/S510_12/shaver-series-500-electric-shaver</Asset><Asset code="F400068324" description="Feature photograph - highres 2100x1170" extension="tif" extent="5462102" lastModified="2018-10-31" locale="global" number="001" type="FIL">http://images.philips.com/is/image/PhilipsConsumer/F400068324-FIL-global-001</Asset><Asset code="F400068325" description="Feature photograph - highres 2100x1170" extension="tif" extent="5198218" lastModified="2018-10-31" locale="global" number="001" type="FIL">http://images.philips.com/is/image/PhilipsConsumer/F400068325-FIL-global-001</Asset><Asset code="F400068821" description="Feature photograph - highres 2100x1170" extension="tif" extent="5344388" lastModified="2018-10-31" locale="global" number="001" type="FIL">http://images.philips.com/is/image/PhilipsConsumer/F400068821-FIL-global-001</Asset><Asset code="F400068822_S510_12" description="Feature photograph - highres 2100x1170" extension="tif" extent="9270516" lastModified="2018-10-31" locale="global" number="001" type="FIL">http://images.philips.com/is/image/PhilipsConsumer/F400068822_S510_12-FIL-global-001</Asset><Asset code="F400068823" description="Feature photograph - highres 2100x1170" extension="tif" extent="2957144" lastModified="2018-10-31" locale="global" number="001" type="FIL">http://images.philips.com/is/image/PhilipsConsumer/F400068823-FIL-global-001</Asset><Asset code="GA_GREEN" description="Global award logo - highres 590x590" extension="tif" extent="106076" lastModified="2018-10-31" locale="global" number="001" type="GAP">http://images.philips.com/is/image/PhilipsConsumer/GA_GREEN-GAP-global-001</Asset><Asset code="PHI" description="Brand logo - highres 1476x886" extension="tif" extent="641666" lastModified="2018-10-31" locale="global" number="001" type="BRP">http://images.philips.com/is/image/PhilipsConsumer/PHI-BRP-global-001</Asset></Assets><ProductName>2D 智能贴合电动剃须刀</ProductName><NamingString><MasterBrand><BrandCode>PHI</BrandCode><BrandName>Philips</BrandName></MasterBrand><BrandString>飞利浦</BrandString><Family><FamilyCode>SB40005284</FamilyCode><FamilyName>Shaver series 500</FamilyName><FamilyNameUsed>1</FamilyNameUsed></Family><Descriptor><DescriptorCode>NSD_000009</DescriptorCode><DescriptorName>电动剃须刀</DescriptorName></Descriptor><Alphanumeric>S510/12</Alphanumeric><VersionElement1><VersionElementCode>V4035606</VersionElementCode><VersionElementName>2D 智能贴合系统</VersionElementName></VersionElement1><VersionString>2D 智能贴合系统</VersionString><BrandedFeatureString/><DescriptorBrandedFeatureString>电动剃须刀</DescriptorBrandedFeatureString></NamingString><WOW>适用于难以触及的部位</WOW><MarketingTextHeader>全新的飞利浦 S500 系列剃须刀具有所有全新的功能，如专为准确舒适剃须系统而设计的智能贴合。您会对剃须效果以及所拥有的产品信心十足。</MarketingTextHeader><KeyBenefitArea><KeyBenefitAreaCode>K4018895</KeyBenefitAreaCode><KeyBenefitAreaName>顺滑的剃须，温柔呵护皮肤</KeyBenefitAreaName><KeyBenefitAreaRank>1</KeyBenefitAreaRank><Feature><FeatureCode>F400068324</FeatureCode><FeatureReferenceName>ComfortCut (Wukong MLU)</FeatureReferenceName><FeatureName>舒适切剃系统</FeatureName><FeatureLongDescription>舒适切剃系统，令剃须过程顺畅</FeatureLongDescription><FeatureGlossary>进口的剃须刀头带给您顺滑剃须，温柔呵护皮肤。</FeatureGlossary><FeatureRank>1</FeatureRank><FeatureTopRank>1</FeatureTopRank></Feature></KeyBenefitArea><KeyBenefitArea><KeyBenefitAreaCode>K4018894</KeyBenefitAreaCode><KeyBenefitAreaName>即使是难以触及的部位都可轻松剃须</KeyBenefitAreaName><KeyBenefitAreaRank>2</KeyBenefitAreaRank><Feature><FeatureCode>F400068822_S510_12</FeatureCode><FeatureReferenceName>2D contour following (Wukong MLU)</FeatureReferenceName><FeatureName>2D 智能贴合系统</FeatureName><FeatureLongDescription>2D 智能贴合系统，根据面部曲线自行调节剃须角度</FeatureLongDescription><FeatureGlossary>2D 智能贴合系统，根据面部和颈部曲线自行调节剃须角度。</FeatureGlossary><FeatureRank>3</FeatureRank><FeatureTopRank>2</FeatureTopRank></Feature><Feature><FeatureCode>F400068325</FeatureCode><FeatureReferenceName>AutoFocus Pivot (Wukong MLU)</FeatureReferenceName><FeatureName>AutoFocus 可旋转设计</FeatureName><FeatureLongDescription>AF 可旋转设计，准确捕捉毛发</FeatureLongDescription><FeatureGlossary>AF 可旋转设计可自动精细调节剃须角度，准确地在难以触及的部位捕捉毛发。</FeatureGlossary><FeatureRank>2</FeatureRank><FeatureTopRank>3</FeatureTopRank></Feature><Feature><FeatureCode>F400068821</FeatureCode><FeatureReferenceName>Designed for precision (Wukong MLU)</FeatureReferenceName><FeatureName>准确设计</FeatureName><FeatureLongDescription>薄形设计的剃须刀头</FeatureLongDescription><FeatureGlossary>剃须刀头设计纤巧；即使是在您面部难以触及的部位，也可轻松剃须。</FeatureGlossary><FeatureRank>4</FeatureRank><FeatureTopRank>4</FeatureTopRank></Feature></KeyBenefitArea><KeyBenefitArea><KeyBenefitAreaCode>K300000216</KeyBenefitAreaCode><KeyBenefitAreaName>易于使用</KeyBenefitAreaName><KeyBenefitAreaRank>3</KeyBenefitAreaRank><Feature><FeatureCode>F400068823</FeatureCode><FeatureReferenceName>Washable(Wukong MLU)</FeatureReferenceName><FeatureName>水洗设计</FeatureName><FeatureLongDescription>全身可水洗</FeatureLongDescription><FeatureGlossary/><FeatureRank>5</FeatureRank><FeatureTopRank>5</FeatureTopRank></Feature></KeyBenefitArea><FeatureImage><FeatureCode>F400068324</FeatureCode><FeatureReferenceName>ComfortCut (Wukong MLU)</FeatureReferenceName><FeatureImageRank>1</FeatureImageRank></FeatureImage><FeatureImage><FeatureCode>F400068822_S510_12</FeatureCode><FeatureReferenceName>2D contour following (Wukong MLU)</FeatureReferenceName><FeatureImageRank>2</FeatureImageRank></FeatureImage><FeatureImage><FeatureCode>F400068325</FeatureCode><FeatureReferenceName>AutoFocus Pivot (Wukong MLU)</FeatureReferenceName><FeatureImageRank>3</FeatureImageRank></FeatureImage><FeatureImage><FeatureCode>F400068821</FeatureCode><FeatureReferenceName>Designed for precision (Wukong MLU)</FeatureReferenceName><FeatureImageRank>4</FeatureImageRank></FeatureImage><FeatureImage><FeatureCode>F400068823</FeatureCode><FeatureReferenceName>Washable(Wukong MLU)</FeatureReferenceName><FeatureImageRank>5</FeatureImageRank></FeatureImage><FeatureHighlight><FeatureCode>F400068324</FeatureCode><FeatureReferenceName>ComfortCut (Wukong MLU)</FeatureReferenceName><FeatureHighlightRank>1</FeatureHighlightRank></FeatureHighlight><FeatureHighlight><FeatureCode>F400068822_S510_12</FeatureCode><FeatureReferenceName>2D contour following (Wukong MLU)</FeatureReferenceName><FeatureHighlightRank>2</FeatureHighlightRank></FeatureHighlight><FeatureHighlight><FeatureCode>F400068325</FeatureCode><FeatureReferenceName>AutoFocus Pivot (Wukong MLU)</FeatureReferenceName><FeatureHighlightRank>3</FeatureHighlightRank></FeatureHighlight><FeatureHighlight><FeatureCode>F400068821</FeatureCode><FeatureReferenceName>Designed for precision (Wukong MLU)</FeatureReferenceName><FeatureHighlightRank>4</FeatureHighlightRank></FeatureHighlight><FeatureHighlight><FeatureCode>F400068823</FeatureCode><FeatureReferenceName>Washable(Wukong MLU)</FeatureReferenceName><FeatureHighlightRank>5</FeatureHighlightRank></FeatureHighlight><CSChapter><CSChapterCode>CH4001523</CSChapterCode><CSChapterName>剃须性能</CSChapterName><CSChapterRank>1</CSChapterRank><CSItem><CSItemCode>IT4007976</CSItemCode><CSItemName>剃须系统</CSItemName><CSItemRank>2</CSItemRank><CSItemIsFreeFormat>0</CSItemIsFreeFormat><CSValue><CSValueCode>VA4052865</CSValueCode><CSValueName>舒适切剃剃须系统</CSValueName><CSValueRank>29</CSValueRank></CSValue></CSItem><CSItem><CSItemCode>IT4007977</CSItemCode><CSItemName>智能贴合</CSItemName><CSItemRank>11</CSItemRank><CSItemIsFreeFormat>0</CSItemIsFreeFormat><CSValue><CSValueCode>VA4019950</CSValueCode><CSValueName>弹性贴面系统</CSValueName><CSValueRank>12</CSValueRank></CSValue><CSValue><CSValueCode>VA4083851</CSValueCode><CSValueName>AutoFocus 可旋转设计</CSValueName><CSValueRank>22</CSValueRank></CSValue></CSItem></CSChapter><CSChapter><CSChapterCode>3000815</CSChapterCode><CSChapterName>附件</CSChapterName><CSChapterRank>2</CSChapterRank><CSItem><CSItemCode>IT4007992</CSItemCode><CSItemName>维护</CSItemName><CSItemRank>17</CSItemRank><CSItemIsFreeFormat>0</CSItemIsFreeFormat><CSValue><CSValueCode>VA4019995</CSValueCode><CSValueName>清洁刷</CSValueName><CSValueRank>7</CSValueRank></CSValue><CSValue><CSValueCode>VA4019996</CSValueCode><CSValueName>保护盖</CSValueName><CSValueRank>10</CSValueRank></CSValue></CSItem></CSChapter><CSChapter><CSChapterCode>3001096</CSChapterCode><CSChapterName>设计</CSChapterName><CSChapterRank>4</CSChapterRank><CSItem><CSItemCode>IT4007987</CSItemCode><CSItemName>表面处理</CSItemName><CSItemRank>7</CSItemRank><CSItemIsFreeFormat>0</CSItemIsFreeFormat><CSValue><CSValueCode>VA4052855</CSValueCode><CSValueName>高光铬环</CSValueName><CSValueRank>25</CSValueRank></CSValue><CSValue><CSValueCode>VA4052856</CSValueCode><CSValueName>前盖（半透明）</CSValueName><CSValueRank>27</CSValueRank></CSValue></CSItem><CSItem><CSItemCode>S_0000001</CSItemCode><CSItemName>颜色</CSItemName><CSItemRank>21</CSItemRank><CSItemIsFreeFormat>1</CSItemIsFreeFormat><CSValue><CSValueCode>VA4007102</CSValueCode><CSValueName>神秘黑</CSValueName><CSValueRank>1</CSValueRank></CSValue></CSItem></CSChapter><CSChapter><CSChapterCode>CH4001524</CSChapterCode><CSChapterName>操作简易</CSChapterName><CSChapterRank>5</CSChapterRank><CSItem><CSItemCode>IT4007980</CSItemCode><CSItemName>显示屏</CSItemName><CSItemRank>6</CSItemRank><CSItemIsFreeFormat>0</CSItemIsFreeFormat><CSValue><CSValueCode>VA4079281</CSValueCode><CSValueName>适配器带有充电指示灯</CSValueName><CSValueRank>30</CSValueRank></CSValue><CSValue><CSValueCode>VA4030300</CSValueCode><CSValueName>1 个 LED 指示灯</CSValueName><CSValueRank>31</CSValueRank></CSValue></CSItem><CSItem><CSItemCode>IT4007981</CSItemCode><CSItemName>充电</CSItemName><CSItemRank>10</CSItemRank><CSItemIsFreeFormat>0</CSItemIsFreeFormat><CSValue><CSValueCode>VA4019965</CSValueCode><CSValueName>充电式设计</CSValueName><CSValueRank>1</CSValueRank></CSValue><CSValue><CSValueCode>VA4052859</CSValueCode><CSValueName>电源插头/电源线</CSValueName><CSValueRank>28</CSValueRank></CSValue></CSItem><CSItem><CSItemCode>IT4007985</CSItemCode><CSItemName>清洁</CSItemName><CSItemRank>24</CSItemRank><CSItemIsFreeFormat>0</CSItemIsFreeFormat><CSValue><CSValueCode>VA4063376</CSValueCode><CSValueName>可全身水洗</CSValueName><CSValueRank>15</CSValueRank></CSValue></CSItem><CSItem><CSItemCode>IT4015296</CSItemCode><CSItemName>充电时间</CSItemName><CSItemRank>26</CSItemRank><CSItemIsFreeFormat>0</CSItemIsFreeFormat><CSValue><CSValueCode>VA4052861</CSValueCode><CSValueName>10 小时</CSValueName><CSValueRank>8</CSValueRank></CSValue></CSItem><CSItem><CSItemCode>IT4008711</CSItemCode><CSItemName>剃须时间</CSItemName><CSItemRank>27</CSItemRank><CSItemIsFreeFormat>0</CSItemIsFreeFormat><CSValue><CSValueCode>VA4052863</CSValueCode><CSValueName>长达 20 分钟</CSValueName><CSValueRank>13</CSValueRank></CSValue></CSItem></CSChapter><CSChapter><CSChapterCode>3000821</CSChapterCode><CSChapterName>功率</CSChapterName><CSChapterRank>6</CSChapterRank><CSItem><CSItemCode>3006920</CSItemCode><CSItemName>电池类型</CSItemName><CSItemRank>1</CSItemRank><CSItemIsFreeFormat>0</CSItemIsFreeFormat><CSValue><CSValueCode>3033284</CSValueCode><CSValueName>镍氢电池</CSValueName><CSValueRank>9</CSValueRank></CSValue></CSItem><CSItem><CSItemCode>IT4015297</CSItemCode><CSItemName>自动电压</CSItemName><CSItemRank>14</CSItemRank><CSItemIsFreeFormat>0</CSItemIsFreeFormat><CSValue><CSValueCode>VA4030670</CSValueCode><CSValueName>100-240 伏</CSValueName><CSValueRank>2</CSValueRank></CSValue></CSItem><CSItem><CSItemCode>IT4027497</CSItemCode><CSItemName>最大功耗</CSItemName><CSItemRank>23</CSItemRank><CSItemIsFreeFormat>0</CSItemIsFreeFormat><CSValue><CSValueCode>VA4075102</CSValueCode><CSValueName>2.0</CSValueName><CSValueRank>4</CSValueRank></CSValue><UnitOfMeasure><UnitOfMeasureCode>3000072</UnitOfMeasureCode><UnitOfMeasureName>瓦特</UnitOfMeasureName><UnitOfMeasureSymbol>瓦</UnitOfMeasureSymbol></UnitOfMeasure></CSItem></CSChapter><CSChapter><CSChapterCode>CHA_0000049</CSChapterCode><CSChapterName>服务</CSChapterName><CSChapterRank>7</CSChapterRank><CSItem><CSItemCode>IT4002813</CSItemCode><CSItemName>2 年保修</CSItemName><CSItemRank>3</CSItemRank><CSItemIsFreeFormat>0</CSItemIsFreeFormat><CSValue><CSValueCode>VA4011021</CSValueCode><CSValueName>Y</CSValueName><CSValueRank>3</CSValueRank></CSValue></CSItem><CSItem><CSItemCode>IT4015371</CSItemCode><CSItemName>替换刀头</CSItemName><CSItemRank>18</CSItemRank><CSItemIsFreeFormat>0</CSItemIsFreeFormat><CSValue><CSValueCode>VA4083781</CSValueCode><CSValueName>每两年使用 SH30 更换一次</CSValueName><CSValueRank>26</CSValueRank></CSValue></CSItem></CSChapter><Filters><Purpose type="Comparison"><Features><Feature code="F400068324" rank="1" referenceName="ComfortCut (Wukong MLU)"/><Feature code="F400068822_S510_12" rank="2" referenceName="2D contour following (Wukong MLU)"/><Feature code="F400068325" rank="3" referenceName="AutoFocus Pivot (Wukong MLU)"/><Feature code="F400068821" rank="4" referenceName="Designed for precision (Wukong MLU)"/><Feature code="F400068823" rank="5" referenceName="Washable(Wukong MLU)"/></Features><CSItems><CSItem code="3006920" rank="1" referenceName="Power - Battery Type"/><CSItem code="IT4007976" rank="2" referenceName="Shaving Performance - Shaving system"/><CSItem code="IT4002813" rank="3" referenceName="Service - 2-year guarantee"/><CSItem code="IT4007980" rank="6" referenceName="Ease of use - Display"/><CSItem code="IT4007987" rank="7" referenceName="Design - Finishing"/><CSItem code="IT4007981" rank="10" referenceName="Ease of use - Charging"/><CSItem code="IT4007977" rank="11" referenceName="Shaving Performance - Contour following"/><CSItem code="IT4015297" rank="14" referenceName="Power - Automatic voltage"/><CSItem code="IT4007992" rank="17" referenceName="Accessories - Maintenance"/><CSItem code="IT4015371" rank="18" referenceName="Service - Replacement head"/><CSItem code="S_0000001" rank="21" referenceName="Design - Color"/><CSItem code="IT4027497" rank="23" referenceName="Power - Maximum power consumption"/><CSItem code="IT4007985" rank="24" referenceName="Ease of use - Cleaning"/><CSItem code="IT4015296" rank="26" referenceName="Ease of use - Charging time"/><CSItem code="IT4008711" rank="27" referenceName="Ease of use - Shaving time"/></CSItems></Purpose><Purpose type="Detail"><Features><Feature code="F400068324" rank="1" referenceName="ComfortCut (Wukong MLU)"/><Feature code="F400068822_S510_12" rank="2" referenceName="2D contour following (Wukong MLU)"/><Feature code="F400068325" rank="3" referenceName="AutoFocus Pivot (Wukong MLU)"/><Feature code="F400068821" rank="4" referenceName="Designed for precision (Wukong MLU)"/><Feature code="F400068823" rank="5" referenceName="Washable(Wukong MLU)"/></Features><CSItems><CSItem code="3006920" rank="1" referenceName="Power - Battery Type"/><CSItem code="IT4007976" rank="2" referenceName="Shaving Performance - Shaving system"/><CSItem code="IT4002813" rank="3" referenceName="Service - 2-year guarantee"/><CSItem code="IT4007980" rank="6" referenceName="Ease of use - Display"/><CSItem code="IT4007987" rank="7" referenceName="Design - Finishing"/><CSItem code="IT4007981" rank="10" referenceName="Ease of use - Charging"/><CSItem code="IT4007977" rank="11" referenceName="Shaving Performance - Contour following"/><CSItem code="IT4015297" rank="14" referenceName="Power - Automatic voltage"/><CSItem code="IT4007992" rank="17" referenceName="Accessories - Maintenance"/><CSItem code="IT4015371" rank="18" referenceName="Service - Replacement head"/><CSItem code="S_0000001" rank="21" referenceName="Design - Color"/><CSItem code="IT4027497" rank="23" referenceName="Power - Maximum power consumption"/><CSItem code="IT4007985" rank="24" referenceName="Ease of use - Cleaning"/><CSItem code="IT4015296" rank="26" referenceName="Ease of use - Charging time"/><CSItem code="IT4008711" rank="27" referenceName="Ease of use - Shaving time"/></CSItems></Purpose><Purpose type="Discriminators"><Features/><CSItems><CSItem code="IT4007976" rank="1" referenceName="Shaving system"/><CSItem code="IT4007977" rank="2" referenceName="Contour following"/><CSItem code="IT4008711" rank="9" referenceName="Shaving time"/><CSItem code="IT4007985" rank="10" referenceName="Cleaning"/></CSItems></Purpose></Filters><FeatureCompareGroups/><Disclaimers/><KeyValuePairs><KeyValuePair><Key>FdaFlag</Key><Value>false</Value><Type>String</Type></KeyValuePair><KeyValuePair><Key>GrantGroup</Key><Value>PHILIPS</Value><Type>String</Type></KeyValuePair><KeyValuePair><Key>IT4018831</Key><Value>VA4042139</Value><Type>String</Type></KeyValuePair><KeyValuePair><Key>IT4018831</Key><Value>VA4094827</Value><Type>String</Type></KeyValuePair><KeyValuePair><Key>IT4018832</Key><Value>VA4042140</Value><Type>String</Type></KeyValuePair><KeyValuePair><Key>IT4018833</Key><Value>VA4050061</Value><Type>String</Type></KeyValuePair><KeyValuePair><Key>IT4018834</Key><Value>VA4059072</Value><Type>String</Type></KeyValuePair><KeyValuePair><Key>IT4018835</Key><Value>VA4042154</Value><Type>String</Type></KeyValuePair><KeyValuePair><Key>IT4018836</Key><Value>VA4050065</Value><Type>String</Type></KeyValuePair><KeyValuePair><Key>IT4018837</Key><Value>VA4050067</Value><Type>String</Type></KeyValuePair><KeyValuePair><Key>IT4030251</Key><Value>VA4069221</Value><Type>String</Type></KeyValuePair><KeyValuePair><Key>IT4030252</Key><Value>VA4075643</Value><Type>String</Type></KeyValuePair><KeyValuePair><Key>IT4030253</Key><Value>VA4075644</Value><Type>String</Type></KeyValuePair><KeyValuePair><Key>IT4030254</Key><Value>VA4075642</Value><Type>String</Type></KeyValuePair><KeyValuePair><Key>IT4030351</Key><Value>VA4075641</Value><Type>String</Type></KeyValuePair><KeyValuePair><Key>IT4040670</Key><Value>VA4096916</Value><Type>String</Type></KeyValuePair><KeyValuePair><Key>IT4040671</Key><Value>VA4094811</Value><Type>String</Type></KeyValuePair><KeyValuePair><Key>IT4040672</Key><Value>VA4094816</Value><Type>String</Type></KeyValuePair><KeyValuePair><Key>IT4040674</Key><Value>VA4094823</Value><Type>String</Type></KeyValuePair><KeyValuePair><Key>IT4040675</Key><Value>VA4094826</Value><Type>String</Type></KeyValuePair></KeyValuePairs><Award AwardType="global"><AwardCode>GA_GREEN</AwardCode><AwardName>飞利浦绿色标志</AwardName><AwardDescription>飞利浦绿色产品可以降低成本、节省能源和减少二氧化碳排放。如何做到？它们在一个或多个飞利浦绿色焦点领域 – 能效、包装、有害物质、重量、回收和处理，还有使用寿命可靠性做出了显著的环保改善。</AwardDescription><AwardText>飞利浦绿色标志</AwardText><AwardRank>3</AwardRank></Award><ProductClusters/><ProductRefs><ProductReference ProductReferenceType="Accessory"><CTN>CP0480/01</CTN><CTN>CP0481/01</CTN><CTN>HQ110/01</CTN><CTN>HQ110/02</CTN><CTN>HQ110/42</CTN><CTN>SH30/20</CTN><CTN>SH30/21</CTN></ProductReference></ProductRefs><RichTexts/><GreenData><GreenAwards><GreenAward code="GA_GREEN" name="PhilipsGreenLogo"/></GreenAwards><EnergyLabel/></GreenData></Product></Products>