<?xml version="1.0" encoding="UTF-8"?><Products xmlns:source="http://apache.org/cocoon/source/1.0" DocStatus="approved" DocTimeStamp="2018-10-24T12:10:33" DocType="PMT" DocVersion="xUCDM_product_external_CQ5_1_1_25"><Product Country="NL" IsAccessory="false" IsMaster="false" Locale="nl_NL" lastModified="2018-10-24T05:16:14" masterLastModified="2018-01-11T00:50:08"><CTN>320173116</CTN><Code12NC>915002575702</Code12NC><GTIN>8718291475422</GTIN><MarketingVersion>1.0.1</MarketingVersion><MarketingStatus>Final Published</MarketingStatus><CRDate>2013-11-29</CRDate><CRDateYW>201348</CRDateYW><ModelYears/><ProductDivision><ProductDivisionCode>0100</ProductDivisionCode><ProductDivisionName>Lighting</ProductDivisionName><FormerPDCode>0100</FormerPDCode></ProductDivision><ProductOwner>Tom Raman</ProductOwner><DTN>32017/31/16</DTN><Assets><Asset code="320173116" description="User manual" extension="pdf" extent="1795343" lastModified="2018-10-24" locale="nl_NL" number="001" type="DFU">http://download.p4c.philips.com/files/3/320173116/320173116_dfu_nld.pdf</Asset><Asset code="320173116" description="Leaflet" extension="pdf" extent="386474" lastModified="2018-10-24" locale="nl_NL" number="001" type="PSS">http://download.p4c.philips.com/files/3/320173116/320173116_pss_nldnl.pdf</Asset><Asset code="320173116" description="Quick start guide" extension="pdf" extent="1023496" lastModified="2018-10-24" locale="nl_NL" number="001" type="QSG">http://download.p4c.philips.com/files/3/320173116/320173116_qsg_nld.pdf</Asset><Asset code="320173116" description="Retail Trade Leaflet" extension="pdf" extent="119814" lastModified="2018-10-24" locale="nl_NL" number="001" type="RTL">http://download.p4c.philips.com/files/3/320173116/320173116_rtl_nldnl.pdf</Asset><Asset code="320173116" description="Alternative product photograph 1 - highres 2196x1795" extension="jpg" extent="91986" lastModified="2018-10-24" locale="global" number="001" type="A1P">http://images.philips.com/is/image/PhilipsConsumer/320173116-A1P-global-001</Asset><Asset code="320173116" description="Alternative product photograph - highres 2196x1795" extension="jpg" extent="108847" lastModified="2018-10-24" locale="global" number="001" type="APP">http://images.philips.com/is/image/PhilipsConsumer/320173116-APP-global-001</Asset><Asset code="320173116" description="Energy Label - Rainbow " extension="pdf" extent="190172" lastModified="2018-10-24" locale="global" number="001" type="ELR">http://download.p4c.philips.com/files/3/320173116/320173116_elr_.pdf</Asset><Asset code="320173116" description="Leaflet" extension="pdf" extent="385409" lastModified="2018-10-24" locale="global" number="001" type="PSS">http://download.p4c.philips.com/files/3/320173116/320173116_pss_.pdf</Asset><Asset code="320173116" description="Standard product photograph - highres 2196x1795" extension="tif" extent="2404342" lastModified="2018-10-24" locale="global" number="001" type="RTP">http://images.philips.com/is/image/PhilipsConsumer/320173116-RTP-global-001</Asset><Asset code="320173116" description="Single product shot" extension="" lastModified="2018-10-24" locale="nl_NL" number="" type="IMS">http://images.philips.com/is/image/PhilipsConsumer/320173116-IMS-nl_NL</Asset><Asset code="320173116" description="Product gallery image set" extension="" lastModified="2018-10-24" locale="nl_NL" number="" type="GAL">http://images.philips.com/is/image/PhilipsConsumer/320173116-GAL-nl_NL</Asset><Asset code="320173116" description="Product URL" extension="" lastModified="2018-10-24" locale="nl_NL" number="" type="URL">http://www.philips.nl/c-p/320173116/mybathroom-plafonniere</Asset><Asset code="F400043166" description="Feature photograph - highres 2100x1170" extension="tif" extent="243264" lastModified="2018-10-24" locale="global" number="001" type="FIL">http://images.philips.com/is/image/PhilipsConsumer/F400043166-FIL-global-001</Asset><Asset code="F400050711" description="Feature photograph - highres 2100x1170" extension="tif" extent="959500" lastModified="2018-10-24" locale="global" number="001" type="FIL">http://images.philips.com/is/image/PhilipsConsumer/F400050711-FIL-global-001</Asset><Asset code="F400057505" description="Feature photograph - highres 2100x1170" extension="tif" extent="74072" lastModified="2018-10-24" locale="global" number="001" type="FIL">http://images.philips.com/is/image/PhilipsConsumer/F400057505-FIL-global-001</Asset><Asset code="F400057506" description="Feature photograph - highres 2100x1170" extension="tif" extent="677558" lastModified="2018-10-24" locale="global" number="001" type="FIL">http://images.philips.com/is/image/PhilipsConsumer/F400057506-FIL-global-001</Asset><Asset code="F400057627" description="Feature photograph - highres 2100x1170" extension="tif" extent="388920" lastModified="2018-10-24" locale="global" number="001" type="FIL">http://images.philips.com/is/image/PhilipsConsumer/F400057627-FIL-global-001</Asset><Asset code="F400057635" description="Feature photograph - highres 2100x1170" extension="tif" extent="66220" lastModified="2018-10-24" locale="global" number="001" type="FIL">http://images.philips.com/is/image/PhilipsConsumer/F400057635-FIL-global-001</Asset><Asset code="PHI" description="Brand logo - highres 1476x886" extension="tif" extent="641666" lastModified="2018-10-24" locale="global" number="001" type="BRP">http://images.philips.com/is/image/PhilipsConsumer/PHI-BRP-global-001</Asset><Asset code="PLM0108MYB" description="Concept logo - lowres 198x198" extension="jpg" extent="105999" lastModified="2018-10-24" locale="global" number="001" type="CLL">http://images.philips.com/is/image/PhilipsConsumer/PLM0108MYB-CLL-global-001</Asset><Asset code="PLM0108MYB" description="Concept logo reversed - highres 1476x886" extension="tif" extent="1040593" lastModified="2018-10-24" locale="global" number="001" type="MCP">http://images.philips.com/is/image/PhilipsConsumer/PLM0108MYB-MCP-global-001</Asset></Assets><ProductName>Celestial, wit, plafondlamp</ProductName><NamingString><MasterBrand><BrandCode>PHI</BrandCode><BrandName>Philips</BrandName></MasterBrand><BrandString>Philips</BrandString><Concept><ConceptCode>PLM0108MYB</ConceptCode><ConceptName>myBathroom</ConceptName><ConceptNameUsed>1</ConceptNameUsed></Concept><Descriptor><DescriptorCode>PLM0830CEI</DescriptorCode><DescriptorName>Plafonnière</DescriptorName></Descriptor><Alphanumeric>32017/31/16</Alphanumeric><VersionElement1><VersionElementCode>PLM0001079</VersionElementCode><VersionElementName>Celestial</VersionElementName></VersionElement1><VersionElement2><VersionElementCode>PLM018331</VersionElementCode><VersionElementName>wit</VersionElementName></VersionElement2><VersionString>Celestial, wit</VersionString><BrandedFeatureString/><DescriptorBrandedFeatureString>Plafonnière</DescriptorBrandedFeatureString></NamingString><WOW>Bekijk uzelf op uw best met mooi natuurlijk licht</WOW><MarketingTextHeader>Koester u in het warme en diffuse licht van de Philips myBathroom Celestial-plafonnière. Het licht streelt uw huid en geeft uw teint realistisch weer door de opaalwitte kwaliteitsdiffuser.</MarketingTextHeader><KeyBenefitArea><KeyBenefitAreaCode>K4025074</KeyBenefitAreaCode><KeyBenefitAreaName>Ontworpen voor uw badkamer</KeyBenefitAreaName><KeyBenefitAreaRank>1</KeyBenefitAreaRank><Feature><FeatureCode>F400057505</FeatureCode><FeatureReferenceName>True skin color (bathroom lighting)</FeatureReferenceName><FeatureName>Realistische huidskleur</FeatureName><FeatureLongDescription>Realistische huidkleur dankzij de uitstekende lichtkwaliteit</FeatureLongDescription><FeatureGlossary>Deze badkamerlamp van Philips laat kleuren weerspiegelen op een natuurlijke en nauwkeurige manier, net zoals de zon dat zou doen.</FeatureGlossary><FeatureRank>1</FeatureRank><FeatureTopRank>1</FeatureTopRank></Feature><Feature><FeatureCode>F400057506</FeatureCode><FeatureReferenceName>IP21 - bathroom safe (bathroom lighting)</FeatureReferenceName><FeatureName>IP21 - badkamerveilig</FeatureName><FeatureLongDescription>IP21, perfect geschikt voor uw badkamer</FeatureLongDescription><FeatureGlossary>Deze Philips-badkamerlamp is speciaal voor vochtige buitenomgevingen ontworpen en is uitvoerig getest op waterbestendigheid. Het IP-niveau wordt aangegeven met twee cijfers: het eerste cijfer geeft het beschermingsniveau tegen stof aan en het tweede cijfer geeft de vochtbestendigheid aan. Deze lamp is met IP21 ontworpen: hij is beschermd tegen spattend en druipend water.</FeatureGlossary><FeatureRank>2</FeatureRank><FeatureTopRank>6</FeatureTopRank></Feature></KeyBenefitArea><KeyBenefitArea><KeyBenefitAreaCode>K4005041</KeyBenefitAreaCode><KeyBenefitAreaName>Duurzame verlichting</KeyBenefitAreaName><KeyBenefitAreaRank>2</KeyBenefitAreaRank><Feature><FeatureCode>F400057635</FeatureCode><FeatureReferenceName>Warm white light (NEW lighting)</FeatureReferenceName><FeatureName>Warmwit licht</FeatureName><FeatureLongDescription>Warmwit licht</FeatureLongDescription><FeatureGlossary>Licht kan verschillende kleurtemperaturen hebben, die worden aangegeven in de eenheid Kelvin (K). Lampen met een lage Kelvin-waarde produceren een warmer, gezelliger licht, terwijl lampen met een hoge Kelvin-waarde een koeler, meer energiek licht produceren. Deze lamp van Philips geeft warmwit licht voor een gezellige sfeer.</FeatureGlossary><FeatureRank>4</FeatureRank><FeatureTopRank>2</FeatureTopRank></Feature><Feature><FeatureCode>F400050711</FeatureCode><FeatureReferenceName>Always a Philips bulb included (CLASSIC)</FeatureReferenceName><FeatureName>Altijd inclusief een Philips-lamp</FeatureName><FeatureLongDescription>Altijd inclusief een Philips-lamp</FeatureLongDescription><FeatureGlossary>Hoogwaardige Philips lampen worden meegeleverd voor het beste lichteffect.</FeatureGlossary><FeatureRank>5</FeatureRank><FeatureTopRank>3</FeatureTopRank></Feature><Feature><FeatureCode>F400043166</FeatureCode><FeatureReferenceName>DIMMABLE (general)</FeatureReferenceName><FeatureName>Dimbaar</FeatureName><FeatureLongDescription>Lichtintensiteit instelbaar met dimmer</FeatureLongDescription><FeatureGlossary>Pas de lichtintensiteit van deze Philips lamp aan met een dimmer (niet meegeleverd). Zo kunt u een bepaald object accentueren of de sfeer aanpassen aan elke gelegenheid, of het nu om een romantisch diner voor twee gaat of een gezellige avond met familie en vrienden.</FeatureGlossary><FeatureRank>6</FeatureRank><FeatureTopRank>4</FeatureTopRank></Feature><Feature><FeatureCode>F400057627</FeatureCode><FeatureReferenceName>Energy saving (general NEW)</FeatureReferenceName><FeatureName>Energiezuinig</FeatureName><FeatureLongDescription>Energiezuinig</FeatureLongDescription><FeatureGlossary>Deze energiebesparende Philips-lamp verbruikt minder stroom dan traditionele lichtbronnen. Zo bespaar je op uw energierekening en draag je bij aan een beter milieu.</FeatureGlossary><FeatureRank>3</FeatureRank><FeatureTopRank>5</FeatureTopRank></Feature></KeyBenefitArea><FeatureImage><FeatureCode>F400057505</FeatureCode><FeatureReferenceName>True skin color (bathroom lighting)</FeatureReferenceName><FeatureImageRank>1</FeatureImageRank></FeatureImage><FeatureImage><FeatureCode>F400057635</FeatureCode><FeatureReferenceName>Warm white light (NEW lighting)</FeatureReferenceName><FeatureImageRank>2</FeatureImageRank></FeatureImage><FeatureImage><FeatureCode>F400050711</FeatureCode><FeatureReferenceName>Always a Philips bulb included (CLASSIC)</FeatureReferenceName><FeatureImageRank>3</FeatureImageRank></FeatureImage><FeatureImage><FeatureCode>F400043166</FeatureCode><FeatureReferenceName>DIMMABLE (general)</FeatureReferenceName><FeatureImageRank>4</FeatureImageRank></FeatureImage><FeatureImage><FeatureCode>F400057627</FeatureCode><FeatureReferenceName>Energy saving (general NEW)</FeatureReferenceName><FeatureImageRank>5</FeatureImageRank></FeatureImage><FeatureImage><FeatureCode>F400057506</FeatureCode><FeatureReferenceName>IP21 - bathroom safe (bathroom lighting)</FeatureReferenceName><FeatureImageRank>6</FeatureImageRank></FeatureImage><FeatureHighlight><FeatureCode>F400057505</FeatureCode><FeatureReferenceName>True skin color (bathroom lighting)</FeatureReferenceName><FeatureHighlightRank>1</FeatureHighlightRank></FeatureHighlight><FeatureHighlight><FeatureCode>F400057635</FeatureCode><FeatureReferenceName>Warm white light (NEW lighting)</FeatureReferenceName><FeatureHighlightRank>2</FeatureHighlightRank></FeatureHighlight><FeatureHighlight><FeatureCode>F400050711</FeatureCode><FeatureReferenceName>Always a Philips bulb included (CLASSIC)</FeatureReferenceName><FeatureHighlightRank>3</FeatureHighlightRank></FeatureHighlight><FeatureHighlight><FeatureCode>F400043166</FeatureCode><FeatureReferenceName>DIMMABLE (general)</FeatureReferenceName><FeatureHighlightRank>4</FeatureHighlightRank></FeatureHighlight><FeatureHighlight><FeatureCode>F400057627</FeatureCode><FeatureReferenceName>Energy saving (general NEW)</FeatureReferenceName><FeatureHighlightRank>5</FeatureHighlightRank></FeatureHighlight><FeatureHighlight><FeatureCode>F400057506</FeatureCode><FeatureReferenceName>IP21 - bathroom safe (bathroom lighting)</FeatureReferenceName><FeatureHighlightRank>6</FeatureHighlightRank></FeatureHighlight><CSChapter><CSChapterCode>PLMCHP010</CSChapterCode><CSChapterName>Design en afwerking</CSChapterName><CSChapterRank>10</CSChapterRank><CSItem><CSItemCode>PLMITM010001</CSItemCode><CSItemName>Materiaal</CSItemName><CSItemRank>1</CSItemRank><CSItemIsFreeFormat>0</CSItemIsFreeFormat><CSValue><CSValueCode>PLMATR0105AL</CSValueCode><CSValueName>aluminium</CSValueName><CSValueRank>1</CSValueRank></CSValue><CSValue><CSValueCode>PLMATR0105ALABA</CSValueCode><CSValueName>glas</CSValueName><CSValueRank>2</CSValueRank></CSValue></CSItem><CSItem><CSItemCode>PLMITM010002</CSItemCode><CSItemName>Kleur</CSItemName><CSItemRank>2</CSItemRank><CSItemIsFreeFormat>0</CSItemIsFreeFormat><CSValue><CSValueCode>PLMATR018331</CSValueCode><CSValueName>wit</CSValueName><CSValueRank>1</CSValueRank></CSValue></CSItem></CSChapter><CSChapter><CSChapterCode>PLMCHP020</CSChapterCode><CSChapterName>Extra onderdeel/accessoire meegeleverd</CSChapterName><CSChapterRank>20</CSChapterRank><CSItem><CSItemCode>PLMITM0776F2001</CSItemCode><CSItemName>Dimbaar</CSItemName><CSItemRank>2</CSItemRank><CSItemIsFreeFormat>0</CSItemIsFreeFormat><CSValue><CSValueCode>PLMATR0776F2001YES</CSValueCode><CSValueName>JA</CSValueName><CSValueRank>1</CSValueRank></CSValue></CSItem></CSChapter><CSChapter><CSChapterCode>PLMCHP030</CSChapterCode><CSChapterName>Afmetingen en gewicht van product</CSChapterName><CSChapterRank>30</CSChapterRank><CSItem><CSItemCode>PLMITM030001</CSItemCode><CSItemName>Hoogte</CSItemName><CSItemRank>1</CSItemRank><CSItemIsFreeFormat>1</CSItemIsFreeFormat><CSValue><CSValueCode>VA4042333</CSValueCode><CSValueName>12,7</CSValueName><CSValueRank>1</CSValueRank></CSValue><UnitOfMeasure><UnitOfMeasureCode>3000039</UnitOfMeasureCode><UnitOfMeasureName>centimeter</UnitOfMeasureName><UnitOfMeasureSymbol>cm</UnitOfMeasureSymbol></UnitOfMeasure></CSItem><CSItem><CSItemCode>PLMITM030004</CSItemCode><CSItemName>Lengte</CSItemName><CSItemRank>4</CSItemRank><CSItemIsFreeFormat>1</CSItemIsFreeFormat><CSValue><CSValueCode>VA4042309</CSValueCode><CSValueName>28,7</CSValueName><CSValueRank>1</CSValueRank></CSValue><UnitOfMeasure><UnitOfMeasureCode>3000039</UnitOfMeasureCode><UnitOfMeasureName>centimeter</UnitOfMeasureName><UnitOfMeasureSymbol>cm</UnitOfMeasureSymbol></UnitOfMeasure></CSItem><CSItem><CSItemCode>PLMITM030005</CSItemCode><CSItemName>Breedte</CSItemName><CSItemRank>5</CSItemRank><CSItemIsFreeFormat>1</CSItemIsFreeFormat><CSValue><CSValueCode>VA4042311</CSValueCode><CSValueName>28,7</CSValueName><CSValueRank>1</CSValueRank></CSValue><UnitOfMeasure><UnitOfMeasureCode>3000039</UnitOfMeasureCode><UnitOfMeasureName>centimeter</UnitOfMeasureName><UnitOfMeasureSymbol>cm</UnitOfMeasureSymbol></UnitOfMeasure></CSItem><CSItem><CSItemCode>PLMITM030006</CSItemCode><CSItemName>Nettogewicht</CSItemName><CSItemRank>6</CSItemRank><CSItemIsFreeFormat>1</CSItemIsFreeFormat><CSValue><CSValueCode>VA4042308</CSValueCode><CSValueName>1,275</CSValueName><CSValueRank>1</CSValueRank></CSValue><UnitOfMeasure><UnitOfMeasureCode>3000049</UnitOfMeasureCode><UnitOfMeasureName>kilogram</UnitOfMeasureName><UnitOfMeasureSymbol>kg</UnitOfMeasureSymbol></UnitOfMeasure></CSItem></CSChapter><CSChapter><CSChapterCode>PLMCHP040</CSChapterCode><CSChapterName>Technische specificaties</CSChapterName><CSChapterRank>40</CSChapterRank><CSItem><CSItemCode>PLMITM040001</CSItemCode><CSItemName>Netspanning</CSItemName><CSItemRank>1</CSItemRank><CSItemIsFreeFormat>0</CSItemIsFreeFormat><CSValue><CSValueCode>PLMATR0719220-240</CSValueCode><CSValueName>Bereik 220 V - 240 V</CSValueName><CSValueRank>1</CSValueRank></CSValue><CSValue><CSValueCode>PLMATR067350/60HZ</CSValueCode><CSValueName>50-60 Hz</CSValueName><CSValueRank>2</CSValueRank></CSValue></CSItem><CSItem><CSItemCode>PLMITM040002</CSItemCode><CSItemName>Lamptechnologie</CSItemName><CSItemRank>2</CSItemRank><CSItemIsFreeFormat>0</CSItemIsFreeFormat><CSValue><CSValueCode>PLMATRBOIBULB10131HALO</CSValueCode><CSValueName>halogeen</CSValueName><CSValueRank>1</CSValueRank></CSValue><CSValue><CSValueCode>PLMATR0329230</CSValueCode><CSValueName>230 V</CSValueName><CSValueRank>2</CSValueRank></CSValue></CSItem><CSItem><CSItemCode>PLMITM040003</CSItemCode><CSItemName>Aantal lampen</CSItemName><CSItemRank>3</CSItemRank><CSItemIsFreeFormat>1</CSItemIsFreeFormat><CSValue><CSValueCode>VA4042306</CSValueCode><CSValueName>1</CSValueName><CSValueRank>1</CSValueRank></CSValue></CSItem><CSItem><CSItemCode>PLMITM040004</CSItemCode><CSItemName>Lamphouder/lampvoet</CSItemName><CSItemRank>4</CSItemRank><CSItemIsFreeFormat>0</CSItemIsFreeFormat><CSValue><CSValueCode>PLMATR0341E27</CSValueCode><CSValueName>E27</CSValueName><CSValueRank>1</CSValueRank></CSValue></CSItem><CSItem><CSItemCode>PLMITM040005</CSItemCode><CSItemName>Vermogen meegeleverde lamp</CSItemName><CSItemRank>5</CSItemRank><CSItemIsFreeFormat>0</CSItemIsFreeFormat><CSValue><CSValueCode>PLMATR046053</CSValueCode><CSValueName>53W</CSValueName><CSValueRank>1</CSValueRank></CSValue></CSItem><CSItem><CSItemCode>PLMITM040006</CSItemCode><CSItemName>Maximaal vermogen vervangende lamp</CSItemName><CSItemRank>6</CSItemRank><CSItemIsFreeFormat>0</CSItemIsFreeFormat><CSValue><CSValueCode>PLMATR033360</CSValueCode><CSValueName>60 W</CSValueName><CSValueRank>1</CSValueRank></CSValue></CSItem><CSItem><CSItemCode>PLMITM040007</CSItemCode><CSItemName>Lichtkleur</CSItemName><CSItemRank>7</CSItemRank><CSItemIsFreeFormat>0</CSItemIsFreeFormat><CSValue><CSValueCode>PLMATRBOIBULB106242700_K</CSValueCode><CSValueName>warm wit</CSValueName><CSValueRank>1</CSValueRank></CSValue></CSItem><CSItem><CSItemCode>PLMITM0400013</CSItemCode><CSItemName>Dimbaar armatuur</CSItemName><CSItemRank>13</CSItemRank><CSItemIsFreeFormat>0</CSItemIsFreeFormat><CSValue><CSValueCode>PLMATR1075Y</CSValueCode><CSValueName>Ja</CSValueName><CSValueRank>1</CSValueRank></CSValue></CSItem><CSItem><CSItemCode>PLMITM0400014</CSItemCode><CSItemName>LED</CSItemName><CSItemRank>14</CSItemRank><CSItemIsFreeFormat>0</CSItemIsFreeFormat><CSValue><CSValueCode>PLMATR0814N</CSValueCode><CSValueName>Nee</CSValueName><CSValueRank>1</CSValueRank></CSValue></CSItem><CSItem><CSItemCode>PLMITM0400015</CSItemCode><CSItemName>Geïntegreerde LED</CSItemName><CSItemRank>15</CSItemRank><CSItemIsFreeFormat>0</CSItemIsFreeFormat><CSValue><CSValueCode>PLMATR1095EEL01-3</CSValueCode><CSValueName>NO</CSValueName><CSValueRank>1</CSValueRank></CSValue></CSItem><CSItem><CSItemCode>PLMITM0400016</CSItemCode><CSItemName>Energieklasse meegeleverde lichtbron</CSItemName><CSItemRank>16</CSItemRank><CSItemIsFreeFormat>0</CSItemIsFreeFormat><CSValue><CSValueCode>PLMATR1095EEL06-1</CSValueCode><CSValueName>D</CSValueName><CSValueRank>1</CSValueRank></CSValue></CSItem><CSItem><CSItemCode>PLMITM0400017</CSItemCode><CSItemName>Armatuur is compatibel met lamp(en) uit klasse</CSItemName><CSItemRank>17</CSItemRank><CSItemIsFreeFormat>0</CSItemIsFreeFormat><CSValue><CSValueCode>PLMATR1095EEL06-2</CSValueCode><CSValueName>C t/m E</CSValueName><CSValueRank>1</CSValueRank></CSValue></CSItem><CSItem><CSItemCode>PLMITM0400018</CSItemCode><CSItemName>Levensduur tot</CSItemName><CSItemRank>18</CSItemRank><CSItemIsFreeFormat>1</CSItemIsFreeFormat><CSValue><CSValueCode>VA4094468</CSValueCode><CSValueName>2000</CSValueName><CSValueRank>1</CSValueRank></CSValue><UnitOfMeasure><UnitOfMeasureCode>4000213</UnitOfMeasureCode><UnitOfMeasureName>uur</UnitOfMeasureName><UnitOfMeasureSymbol>uur</UnitOfMeasureSymbol></UnitOfMeasure></CSItem><CSItem><CSItemCode>PLMITM040026</CSItemCode><CSItemName>IP-classificatie</CSItemName><CSItemRank>26</CSItemRank><CSItemIsFreeFormat>0</CSItemIsFreeFormat><CSValue><CSValueCode>PLMATR0290IP21</CSValueCode><CSValueName>IP21</CSValueName><CSValueRank>1</CSValueRank></CSValue><CSValue><CSValueCode>PLMATR0290IP20-2</CSValueCode><CSValueName>bescherming tegen voorwerpen groter dan 12,5 mm</CSValueName><CSValueRank>2</CSValueRank></CSValue><CSValue><CSValueCode>PLMATR0290IP21-3</CSValueCode><CSValueName>bestand tegen vallende druppels</CSValueName><CSValueRank>3</CSValueRank></CSValue></CSItem><CSItem><CSItemCode>PLMITM040027</CSItemCode><CSItemName>Beschermingsklasse</CSItemName><CSItemRank>27</CSItemRank><CSItemIsFreeFormat>0</CSItemIsFreeFormat><CSValue><CSValueCode>PLMATR0289I</CSValueCode><CSValueName>I - geaard</CSValueName><CSValueRank>1</CSValueRank></CSValue></CSItem><CSItem><CSItemCode>PLMITM0400051</CSItemCode><CSItemName>Lichtbron equivalent aan traditionele lamp van</CSItemName><CSItemRank>51</CSItemRank><CSItemIsFreeFormat>1</CSItemIsFreeFormat><CSValue><CSValueCode>VA4081551</CSValueCode><CSValueName>70</CSValueName><CSValueRank>1</CSValueRank></CSValue><UnitOfMeasure><UnitOfMeasureCode>3000072</UnitOfMeasureCode><UnitOfMeasureName>watt</UnitOfMeasureName><UnitOfMeasureSymbol>W</UnitOfMeasureSymbol></UnitOfMeasure></CSItem><CSItem><CSItemCode>PLMITM0400052</CSItemCode><CSItemName>Aantal lumen van bijgeleverde lamp</CSItemName><CSItemRank>52</CSItemRank><CSItemIsFreeFormat>1</CSItemIsFreeFormat><CSValue><CSValueCode>VA4081549</CSValueCode><CSValueName>850</CSValueName><CSValueRank>1</CSValueRank></CSValue><UnitOfMeasure><UnitOfMeasureCode>3000051</UnitOfMeasureCode><UnitOfMeasureName>lumen</UnitOfMeasureName><UnitOfMeasureSymbol>lm</UnitOfMeasureSymbol></UnitOfMeasure></CSItem></CSChapter><CSChapter><CSChapterCode>PLMCHP050</CSChapterCode><CSChapterName>Service</CSChapterName><CSChapterRank>50</CSChapterRank><CSItem><CSItemCode>PLMITM050001</CSItemCode><CSItemName>Garantie</CSItemName><CSItemRank>1</CSItemRank><CSItemIsFreeFormat>0</CSItemIsFreeFormat><CSValue><CSValueCode>PLMATR02982</CSValueCode><CSValueName>2 jaar</CSValueName><CSValueRank>1</CSValueRank></CSValue></CSItem></CSChapter><CSChapter><CSChapterCode>PLMCHP060</CSChapterCode><CSChapterName>Afmetingen en gewicht inclusief verpakking</CSChapterName><CSChapterRank>60</CSChapterRank><CSItem><CSItemCode>PLMITM060001</CSItemCode><CSItemName>Hoogte</CSItemName><CSItemRank>1</CSItemRank><CSItemIsFreeFormat>1</CSItemIsFreeFormat><CSValue><CSValueCode>VA4042312</CSValueCode><CSValueName>30,3</CSValueName><CSValueRank>1</CSValueRank></CSValue><UnitOfMeasure><UnitOfMeasureCode>3000039</UnitOfMeasureCode><UnitOfMeasureName>centimeter</UnitOfMeasureName><UnitOfMeasureSymbol>cm</UnitOfMeasureSymbol></UnitOfMeasure></CSItem><CSItem><CSItemCode>PLMITM060002</CSItemCode><CSItemName>Lengte</CSItemName><CSItemRank>2</CSItemRank><CSItemIsFreeFormat>1</CSItemIsFreeFormat><CSValue><CSValueCode>VA4042313</CSValueCode><CSValueName>29,8</CSValueName><CSValueRank>1</CSValueRank></CSValue><UnitOfMeasure><UnitOfMeasureCode>3000039</UnitOfMeasureCode><UnitOfMeasureName>centimeter</UnitOfMeasureName><UnitOfMeasureSymbol>cm</UnitOfMeasureSymbol></UnitOfMeasure></CSItem><CSItem><CSItemCode>PLMITM060003</CSItemCode><CSItemName>Breedte</CSItemName><CSItemRank>3</CSItemRank><CSItemIsFreeFormat>1</CSItemIsFreeFormat><CSValue><CSValueCode>VA4042307</CSValueCode><CSValueName>14,8</CSValueName><CSValueRank>1</CSValueRank></CSValue><UnitOfMeasure><UnitOfMeasureCode>3000039</UnitOfMeasureCode><UnitOfMeasureName>centimeter</UnitOfMeasureName><UnitOfMeasureSymbol>cm</UnitOfMeasureSymbol></UnitOfMeasure></CSItem><CSItem><CSItemCode>PLMITM060004</CSItemCode><CSItemName>Gewicht</CSItemName><CSItemRank>4</CSItemRank><CSItemIsFreeFormat>1</CSItemIsFreeFormat><CSValue><CSValueCode>VA4042304</CSValueCode><CSValueName>1,780</CSValueName><CSValueRank>1</CSValueRank></CSValue><UnitOfMeasure><UnitOfMeasureCode>3000049</UnitOfMeasureCode><UnitOfMeasureName>kilogram</UnitOfMeasureName><UnitOfMeasureSymbol>kg</UnitOfMeasureSymbol></UnitOfMeasure></CSItem></CSChapter><CSChapter><CSChapterCode>PLMCHP070</CSChapterCode><CSChapterName>Diversen</CSChapterName><CSChapterRank>70</CSChapterRank><CSItem><CSItemCode>PLMITM070001</CSItemCode><CSItemName>Speciaal ontworpen voor</CSItemName><CSItemRank>1</CSItemRank><CSItemIsFreeFormat>0</CSItemIsFreeFormat><CSValue><CSValueCode>PLMATR0970BATH</CSValueCode><CSValueName>Badkamer</CSValueName><CSValueRank>1</CSValueRank></CSValue></CSItem><CSItem><CSItemCode>PLMITM070002</CSItemCode><CSItemName>Stijl</CSItemName><CSItemRank>2</CSItemRank><CSItemIsFreeFormat>0</CSItemIsFreeFormat><CSValue><CSValueCode>PLMATR0628CON</CSValueCode><CSValueName>Modern</CSValueName><CSValueRank>1</CSValueRank></CSValue></CSItem><CSItem><CSItemCode>PLMITM070003</CSItemCode><CSItemName>Type</CSItemName><CSItemRank>3</CSItemRank><CSItemIsFreeFormat>0</CSItemIsFreeFormat><CSValue><CSValueCode>PLMATR0830CEIL</CSValueCode><CSValueName>Plafonnière</CSValueName><CSValueRank>1</CSValueRank></CSValue></CSItem></CSChapter><Filters><Purpose type="Comparison"><Features><Feature code="F400057505" rank="1" referenceName="True skin color (bathroom lighting)"/><Feature code="F400057635" rank="2" referenceName="Warm white light (NEW lighting)"/><Feature code="F400050711" rank="3" referenceName="Always a Philips bulb included (CLASSIC)"/><Feature code="F400043166" rank="4" referenceName="DIMMABLE (general)"/><Feature code="F400057627" rank="5" referenceName="Energy saving (general NEW)"/><Feature code="F400057506" rank="6" referenceName="IP21 - bathroom safe (bathroom lighting)"/></Features><CSItems><CSItem code="PLMITM010001" rank="1" referenceName="Design and finishing - Material"/><CSItem code="PLMITM030001" rank="1" referenceName="Product dimensions &amp; weight - Height"/><CSItem code="PLMITM040001" rank="1" referenceName="Technical specifications - Mains power"/><CSItem code="PLMITM050001" rank="1" referenceName="Service - Warranty"/><CSItem code="PLMITM060001" rank="1" referenceName="Packaging dimensions &amp; weight - Height"/><CSItem code="PLMITM070001" rank="1" referenceName="Miscellaneous - Especially designed for"/><CSItem code="PLMITM010002" rank="2" referenceName="Design and finishing - Color"/><CSItem code="PLMITM040002" rank="2" referenceName="Technical specifications - Bulb technology"/><CSItem code="PLMITM060002" rank="2" referenceName="Packaging dimensions &amp; weight - Length"/><CSItem code="PLMITM070002" rank="2" referenceName="Miscellaneous - Style"/><CSItem code="PLMITM0776F2001" rank="2" referenceName="Extra feature/accessory incl. - Dimmable"/><CSItem code="PLMITM040003" rank="3" referenceName="Technical specifications - Number of bulbs"/><CSItem code="PLMITM060003" rank="3" referenceName="Packaging dimensions &amp; weight - Width"/><CSItem code="PLMITM070003" rank="3" referenceName="Miscellaneous - Type"/><CSItem code="PLMITM030004" rank="4" referenceName="Product dimensions &amp; weight - Length"/><CSItem code="PLMITM040004" rank="4" referenceName="Technical specifications - Fitting/cap"/><CSItem code="PLMITM060004" rank="4" referenceName="Packaging dimensions &amp; weight - Weight"/><CSItem code="PLMITM030005" rank="5" referenceName="Product dimensions &amp; weight - Width"/><CSItem code="PLMITM040005" rank="5" referenceName="Technical specifications - Wattage bulb included"/><CSItem code="PLMITM030006" rank="6" referenceName="Product dimensions &amp; weight - Net weight"/><CSItem code="PLMITM040006" rank="6" referenceName="Technical specifications - Maximum wattage replacement bulb"/><CSItem code="PLMITM040007" rank="7" referenceName="Technical specifications - Light color"/><CSItem code="PLMITM0400013" rank="13" referenceName="Technical specifications - Fixture dimmable"/><CSItem code="PLMITM0400014" rank="14" referenceName="Technical specifications - LED"/><CSItem code="PLMITM0400015" rank="15" referenceName="Technical specifications - Built in LED"/><CSItem code="PLMITM0400016" rank="16" referenceName="Technical specifications - Energy class included light source"/><CSItem code="PLMITM0400017" rank="17" referenceName="Technical specifications - Fixture is compatible with bulb(s) of class"/><CSItem code="PLMITM0400018" rank="18" referenceName="Technical specifications - Lifetime up to"/><CSItem code="PLMITM040026" rank="26" referenceName="Technical specifications - IP code"/><CSItem code="PLMITM040027" rank="27" referenceName="Technical specifications - Class of protection"/><CSItem code="PLMITM0400051" rank="51" referenceName="Technical specifications - Light source equivalent to traditional bulb of"/><CSItem code="PLMITM0400052" rank="52" referenceName="Technical specifications - Lumen output bulb included"/></CSItems></Purpose><Purpose type="Detail"><Features><Feature code="F400057505" rank="1" referenceName="True skin color (bathroom lighting)"/><Feature code="F400057635" rank="2" referenceName="Warm white light (NEW lighting)"/><Feature code="F400050711" rank="3" referenceName="Always a Philips bulb included (CLASSIC)"/><Feature code="F400043166" rank="4" referenceName="DIMMABLE (general)"/><Feature code="F400057627" rank="5" referenceName="Energy saving (general NEW)"/><Feature code="F400057506" rank="6" referenceName="IP21 - bathroom safe (bathroom lighting)"/></Features><CSItems><CSItem code="PLMITM010001" rank="1" referenceName="Design and finishing - Material"/><CSItem code="PLMITM030001" rank="1" referenceName="Product dimensions &amp; weight - Height"/><CSItem code="PLMITM040001" rank="1" referenceName="Technical specifications - Mains power"/><CSItem code="PLMITM050001" rank="1" referenceName="Service - Warranty"/><CSItem code="PLMITM060001" rank="1" referenceName="Packaging dimensions &amp; weight - Height"/><CSItem code="PLMITM070001" rank="1" referenceName="Miscellaneous - Especially designed for"/><CSItem code="PLMITM010002" rank="2" referenceName="Design and finishing - Color"/><CSItem code="PLMITM040002" rank="2" referenceName="Technical specifications - Bulb technology"/><CSItem code="PLMITM060002" rank="2" referenceName="Packaging dimensions &amp; weight - Length"/><CSItem code="PLMITM070002" rank="2" referenceName="Miscellaneous - Style"/><CSItem code="PLMITM0776F2001" rank="2" referenceName="Extra feature/accessory incl. - Dimmable"/><CSItem code="PLMITM040003" rank="3" referenceName="Technical specifications - Number of bulbs"/><CSItem code="PLMITM060003" rank="3" referenceName="Packaging dimensions &amp; weight - Width"/><CSItem code="PLMITM070003" rank="3" referenceName="Miscellaneous - Type"/><CSItem code="PLMITM030004" rank="4" referenceName="Product dimensions &amp; weight - Length"/><CSItem code="PLMITM040004" rank="4" referenceName="Technical specifications - Fitting/cap"/><CSItem code="PLMITM060004" rank="4" referenceName="Packaging dimensions &amp; weight - Weight"/><CSItem code="PLMITM030005" rank="5" referenceName="Product dimensions &amp; weight - Width"/><CSItem code="PLMITM040005" rank="5" referenceName="Technical specifications - Wattage bulb included"/><CSItem code="PLMITM030006" rank="6" referenceName="Product dimensions &amp; weight - Net weight"/><CSItem code="PLMITM040006" rank="6" referenceName="Technical specifications - Maximum wattage replacement bulb"/><CSItem code="PLMITM040007" rank="7" referenceName="Technical specifications - Light color"/><CSItem code="PLMITM0400013" rank="13" referenceName="Technical specifications - Fixture dimmable"/><CSItem code="PLMITM0400014" rank="14" referenceName="Technical specifications - LED"/><CSItem code="PLMITM0400015" rank="15" referenceName="Technical specifications - Built in LED"/><CSItem code="PLMITM0400016" rank="16" referenceName="Technical specifications - Energy class included light source"/><CSItem code="PLMITM0400017" rank="17" referenceName="Technical specifications - Fixture is compatible with bulb(s) of class"/><CSItem code="PLMITM0400018" rank="18" referenceName="Technical specifications - Lifetime up to"/><CSItem code="PLMITM040026" rank="26" referenceName="Technical specifications - IP code"/><CSItem code="PLMITM040027" rank="27" referenceName="Technical specifications - Class of protection"/><CSItem code="PLMITM0400051" rank="51" referenceName="Technical specifications - Light source equivalent to traditional bulb of"/><CSItem code="PLMITM0400052" rank="52" referenceName="Technical specifications - Lumen output bulb included"/></CSItems></Purpose></Filters><FeatureCompareGroups/><Disclaimers/><KeyValuePairs><KeyValuePair><Key>FdaFlag</Key><Value>false</Value><Type>String</Type></KeyValuePair><KeyValuePair><Key>GrantGroup</Key><Value>PHILIPS</Value><Type>String</Type></KeyValuePair><KeyValuePair><Key>PLMITM070001</Key><Value>PLMATR0970BATH</Value><Type>String</Type></KeyValuePair><KeyValuePair><Key>PLMITM070002</Key><Value>PLMATR0628CON</Value><Type>String</Type></KeyValuePair><KeyValuePair><Key>PLMITM070003</Key><Value>PLMATR0830CEIL</Value><Type>String</Type></KeyValuePair></KeyValuePairs><ProductClusters/><ProductRefs/><RichTexts/><GreenData><GreenAwards/><EnergyLabel/></GreenData></Product></Products>