<?xml version="1.0" encoding="UTF-8"?><Products xmlns:source="http://apache.org/cocoon/source/1.0" DocStatus="approved" DocTimeStamp="2018-10-23T10:52:26"><Product Country="DE" IsAccessory="false" IsMaster="false" Locale="de_DE" lastModified="2018-10-23T04:30:06" masterLastModified="2018-10-17T00:39:29"><CTN>CP0232/01</CTN><GTIN/><MarketingVersion>3.0.1</MarketingVersion><MarketingStatus>Final Published</MarketingStatus><CRDate>2016-01-01</CRDate><CRDateYW>201601</CRDateYW><ModelYears><ModelYear>2016</ModelYear></ModelYears><ProductDivision><ProductDivisionCode>0200</ProductDivisionCode><ProductDivisionName>Consumer Lifestyle</ProductDivisionName><FormerPDCode>0300</FormerPDCode></ProductDivision><ProductOwner>Bobby Chedie</ProductOwner><DTN>CP0232</DTN><Catalog><StartOfPublication>2016-02-01T00:00:00</StartOfPublication><EndOfPublication>2090-02-01T00:00:00</EndOfPublication><StartOfSales>2016-02-01T00:00:00</StartOfSales><EndOfSales>2090-02-01T00:00:00</EndOfSales><DummyPrice/><Deleted>false</Deleted><DeleteAfterDate/><ProductRank>50</ProductRank></Catalog><FinancialCategorization><BusinessGroupCode>6801</BusinessGroupCode><BusinessGroupName>PH Service</BusinessGroupName><BusinessUnitCode>1481</BusinessUnitCode><BusinessUnitName>Service</BusinessUnitName><MainArticleGroupCode>X05</MainArticleGroupCode><MainArticleGroupName>CL spares DA</MainArticleGroupName><ArticleGroupCode>0990</ArticleGroupCode><ArticleGroupName>Floor Care CRP's</ArticleGroupName></FinancialCategorization><Categorization type="CONSUMER"><GroupCode>HOUSEHOLD_PRODUCTS_GR</GroupCode><GroupName>Household products</GroupName><CategoryCode>VACUUM_CLEANER_ACC_CA</CategoryCode><CategoryName>Vacuum Cleaner accessories</CategoryName><SubcategoryCode>VACUUM_CLEANER_PARTS_SU</SubcategoryCode><SubcategoryName>Vaccum cleaner parts</SubcategoryName></Categorization><Assets><Asset code="CP0232_01" description="Leaflet" extension="pdf" lastModified="2018-10-19" locale="de_DE" number="001" type="PSS">http://download.p4c.philips.com/files/c/cp0232_01/cp0232_01_pss_deude.pdf</Asset><Asset code="CP0232_01" description="Retail Trade Leaflet" extension="pdf" lastModified="2018-10-22" locale="de_DE" number="001" type="RTL">http://download.p4c.philips.com/files/c/cp0232_01/cp0232_01_rtl_deude.pdf</Asset><Asset code="CP0232_01" description="Leaflet" extension="pdf" lastModified="2018-10-18" locale="global" number="001" type="PSS">http://download.p4c.philips.com/files/c/cp0232_01/cp0232_01_pss_.pdf</Asset><Asset code="CP0232_01" description="Single product shot" extension="" lastModified="2018-10-23" locale="de_DE" number="" type="IMS">http://images.philips.com/is/image/PhilipsConsumer/CP0232_01-IMS-de_DE</Asset><Asset code="CP0232_01" description="Product gallery image set" extension="" lastModified="2018-10-23" locale="de_DE" number="" type="GAL">http://images.philips.com/is/image/PhilipsConsumer/CP0232_01-GAL-de_DE</Asset><Asset code="CP0232_01" description="Product URL" extension="" lastModified="2018-10-23" locale="de_DE" number="" type="URL">http://www.philips.de/c-p/CP0232_01/schlauch-plus-handgriff-basic</Asset><Asset code="PHI" description="Brand logo - highres 1476x886" extension="tif" lastModified="2016-02-18" locale="global" number="001" type="BRP">http://images.philips.com/is/image/PhilipsConsumer/PHI-BRP-global-001</Asset></Assets><ProductName>Schlauch+Handgriff, Basic</ProductName><FullProductName>Philips Schlauch+Handgriff, Basic CP0232</FullProductName><NamingString><MasterBrand><BrandCode>PHI</BrandCode><BrandName>Philips</BrandName></MasterBrand><BrandString>Philips</BrandString><Descriptor><DescriptorCode>D4027242</DescriptorCode><DescriptorName>Schlauch+Handgriff, Basic</DescriptorName></Descriptor><Alphanumeric>CP0232</Alphanumeric><VersionString/><BrandedFeatureString/><DescriptorBrandedFeatureString>Schlauch+Handgriff, Basic</DescriptorBrandedFeatureString></NamingString><WOW>Schlauch und extra langer ergonomischer Griff</WOW><SubWOW>Kompatible Produkte finden Sie unter "Technische Daten"</SubWOW><MarketingTextHeader>Der ergonomisch geformte Griff ist bequem in der Anwendung, und dank seiner extra langen Form lassen sich auch schwer erreichbare Stellen mühelos reinigen.</MarketingTextHeader><KeyBenefitArea><KeyBenefitAreaCode>K4014994</KeyBenefitAreaCode><KeyBenefitAreaName>Einfach zu verwendende Philips Ersatzteile</KeyBenefitAreaName><KeyBenefitAreaRank>1</KeyBenefitAreaRank><Feature><FeatureCode>F400034785</FeatureCode><FeatureReferenceName>CO-ACC-Easy replacement</FeatureReferenceName><FeatureName>Einfacher Austausch von Produktteilen</FeatureName><FeatureLongDescription>Halten Sie Ihr Produkt ganz einfach mit Philips Original Ersatzteilen in Stand.</FeatureLongDescription><FeatureGlossary>Von Zeit zu Zeit benötigt Ihr Gerät eine Erneuerung. Noch nie war das so einfach wie mit den Original Ersatzteilen von Philips. Natürlich mit garantierter Philips Qualität.</FeatureGlossary><FeatureRank>1</FeatureRank><FeatureTopRank>1</FeatureTopRank></Feature></KeyBenefitArea><FeatureImage><FeatureCode>F400034785</FeatureCode><FeatureReferenceName>CO-ACC-Easy replacement</FeatureReferenceName><FeatureImageRank>1</FeatureImageRank></FeatureImage><FeatureHighlight><FeatureCode>F400034785</FeatureCode><FeatureReferenceName>CO-ACC-Easy replacement</FeatureReferenceName><FeatureHighlightRank>1</FeatureHighlightRank></FeatureHighlight><CSChapter><CSChapterCode>CH4003901</CSChapterCode><CSChapterName>Geeignet für</CSChapterName><CSChapterRank>1</CSChapterRank><CSItem><CSItemCode>IT4029213</CSItemCode><CSItemName>PerformerActive</CSItemName><CSItemRank>1</CSItemRank><CSItemIsFreeFormat>0</CSItemIsFreeFormat><CSValue><CSValueCode>VA4093534</CSValueCode><CSValueName>FC8575/09-FC8579/09</CSValueName><CSValueRank>1</CSValueRank></CSValue><CSValue><CSValueCode>VA4093535</CSValueCode><CSValueName>FC8585/01</CSValueName><CSValueRank>2</CSValueRank></CSValue><CSValue><CSValueCode>VA4093537</CSValueCode><CSValueName>FC8589/01</CSValueName><CSValueRank>3</CSValueRank></CSValue><CSValue><CSValueCode>VA4093538</CSValueCode><CSValueName>FC8592/91</CSValueName><CSValueRank>4</CSValueRank></CSValue><CSValue><CSValueCode>VA4093539</CSValueCode><CSValueName>FC8593/91</CSValueName><CSValueRank>5</CSValueRank></CSValue><CSValue><CSValueCode>VA4099457</CSValueCode><CSValueName>FC8563</CSValueName><CSValueRank>6</CSValueRank></CSValue></CSItem></CSChapter><Filters><Purpose type="Comparison"><Features><Feature code="F400034785" rank="1" referenceName="CO-ACC-Easy replacement"/></Features><CSItems><CSItem code="IT4029213" rank="1" referenceName="Geeignet für - PerformerActive"/></CSItems></Purpose><Purpose type="Detail"><Features><Feature code="F400034785" rank="1" referenceName="CO-ACC-Easy replacement"/></Features><CSItems><CSItem code="IT4029213" rank="1" referenceName="Geeignet für - PerformerActive"/></CSItems></Purpose></Filters><FeatureCompareGroups/><Disclaimers/><ProductReference ProductReferenceType="Performer"><CTN>FC8563/09</CTN><ProductReferenceRank>0</ProductReferenceRank></ProductReference><ProductReference ProductReferenceType="Performer"><CTN>FC8574/09</CTN><ProductReferenceRank>0</ProductReferenceRank></ProductReference><ProductReference ProductReferenceType="Performer"><CTN>FC8575/09</CTN><ProductReferenceRank>0</ProductReferenceRank></ProductReference><ProductReference ProductReferenceType="Performer"><CTN>FC8575/19</CTN><ProductReferenceRank>0</ProductReferenceRank></ProductReference><ProductReference ProductReferenceType="Performer"><CTN>FC8576/09</CTN><ProductReferenceRank>0</ProductReferenceRank></ProductReference><ProductReference ProductReferenceType="Performer"><CTN>FC8577/09</CTN><ProductReferenceRank>0</ProductReferenceRank></ProductReference><ProductReference ProductReferenceType="Performer"><CTN>FC8577/19</CTN><ProductReferenceRank>0</ProductReferenceRank></ProductReference><ProductReference ProductReferenceType="Performer"><CTN>FC8578/09</CTN><ProductReferenceRank>0</ProductReferenceRank></ProductReference><ProductReference ProductReferenceType="Performer"><CTN>FC8578/69</CTN><ProductReferenceRank>0</ProductReferenceRank></ProductReference><ProductReference ProductReferenceType="Performer"><CTN>FC8579/09</CTN><ProductReferenceRank>0</ProductReferenceRank></ProductReference><ProductReference ProductReferenceType="Performer"><CTN>FC8579/29</CTN><ProductReferenceRank>0</ProductReferenceRank></ProductReference><ProductReference ProductReferenceType="Performer"><CTN>FC8585/01</CTN><ProductReferenceRank>0</ProductReferenceRank></ProductReference><ProductReference ProductReferenceType="Performer"><CTN>FC8589/01</CTN><ProductReferenceRank>0</ProductReferenceRank></ProductReference><RichTexts/></Product></Products>