<?xml version="1.0" encoding="UTF-8"?><Products xmlns:source="http://apache.org/cocoon/source/1.0" DocStatus="approved" DocTimeStamp="2018-10-23T10:52:26"><Product Country="DE" IsAccessory="false" IsLocalized="true" IsMaster="false" Locale="de_DE" lastModified="2018-10-23T04:30:06" masterLastModified="2018-06-29T00:38:12"><CTN>50PFS5823/12</CTN><Code12NC>867000152857</Code12NC><GTIN>8718863015889</GTIN><MarketingVersion>5.0.1</MarketingVersion><MarketingStatus>Final Published</MarketingStatus><CRDate>2018-04-06</CRDate><CRDateYW>201814</CRDateYW><ModelYears><ModelYear>2018</ModelYear><ModelYear>2019</ModelYear><ModelYear>2020</ModelYear></ModelYears><ProductDivision><ProductDivisionCode>0200</ProductDivisionCode><ProductDivisionName>Consumer Lifestyle</ProductDivisionName><FormerPDCode>3400</FormerPDCode></ProductDivision><ProductOwner>Albert Lin</ProductOwner><DTN>50PFS5823/12</DTN><Catalog><StartOfPublication>2018-05-06T00:00:00</StartOfPublication><EndOfPublication>2019-08-06T00:00:00</EndOfPublication><StartOfSales>2018-05-06T00:00:00</StartOfSales><EndOfSales>2019-08-06T00:00:00</EndOfSales><DummyPrice/><Deleted>false</Deleted><DeleteAfterDate/><ProductRank>50</ProductRank></Catalog><FinancialCategorization><BusinessGroupCode>6918</BusinessGroupCode><BusinessGroupName>TV</BusinessGroupName><BusinessUnitCode>0680</BusinessUnitCode><BusinessUnitName>TV</BusinessUnitName><MainArticleGroupCode>C76</MainArticleGroupCode><MainArticleGroupName>Philips LCD - XL Screen &gt;=50 =&lt;54i</MainArticleGroupName><ArticleGroupCode>3991</ArticleGroupCode><ArticleGroupName>Philips LCD - XL Screen &gt;=50 =&lt;54i</ArticleGroupName></FinancialCategorization><Categorization type="CONSUMER"><GroupCode>SOUND_AND_VISION_GR</GroupCode><GroupName>Sound &amp; vision</GroupName><CategoryCode>TV_CA</CategoryCode><CategoryName>TV</CategoryName><SubcategoryCode>SMART_TV_SU</SubcategoryCode><SubcategoryName>Smart TV</SubcategoryName></Categorization><Assets><Asset code="50PFS5823_12" description="User manual" extension="pdf" lastModified="2018-05-15" locale="de_DE" number="001" type="DFU">http://download.p4c.philips.com/files/5/50pfs5823_12/50pfs5823_12_dfu_deu.pdf</Asset><Asset code="50PFS5823_12" description="Leaflet" extension="pdf" lastModified="2018-08-03" locale="de_DE" number="001" type="PSS">http://download.p4c.philips.com/files/5/50pfs5823_12/50pfs5823_12_pss_deude.pdf</Asset><Asset code="50PFS5823_12" description="Quick start guide" extension="pdf" lastModified="2018-08-02" locale="de_DE" number="001" type="QSG">http://download.p4c.philips.com/files/5/50pfs5823_12/50pfs5823_12_qsg_deu.pdf</Asset><Asset code="50PFS5823_12" description="Retail Trade Leaflet" extension="pdf" lastModified="2018-10-22" locale="de_DE" number="001" type="RTL">http://download.p4c.philips.com/files/5/50pfs5823_12/50pfs5823_12_rtl_deude.pdf</Asset><Asset code="50PFS5823_12" description="Front product photograph - highres 2196x1795" extension="tif" lastModified="2018-03-08" locale="global" number="001" type="_FP">http://images.philips.com/is/image/PhilipsConsumer/50PFS5823_12-_FP-global-001</Asset><Asset code="50PFS5823_12" description="Connector side drawing - highres 2362x1181" extension="tif" lastModified="2018-02-23" locale="global" number="001" type="COP">http://images.philips.com/is/image/PhilipsConsumer/50PFS5823_12-COP-global-001</Asset><Asset code="50PFS5823_12" description="Energy Label - Rainbow " extension="pdf" lastModified="2018-03-27" locale="global" number="001" type="ELR">http://download.p4c.philips.com/files/5/50pfs5823_12/50pfs5823_12_elr_.pdf</Asset><Asset code="50PFS5823_12" description="Main in-use photograph - highres 2480x1462" extension="tif" lastModified="2018-03-08" locale="global" number="001" type="MI1">http://images.philips.com/is/image/PhilipsConsumer/50PFS5823_12-MI1-global-001</Asset><Asset code="50PFS5823_12" description="Product 3D" extension="zip" lastModified="2018-09-04" locale="global" number="001" type="P3D">http://images.philips.com/is/image/PhilipsConsumer/50PFS5823_12-P3D-global</Asset><Asset code="50PFS5823_12" description="Leaflet" extension="pdf" lastModified="2018-08-03" locale="global" number="001" type="PSS">http://download.p4c.philips.com/files/5/50pfs5823_12/50pfs5823_12_pss_.pdf</Asset><Asset code="50PFS5823_12" description="Remote control photograph - highres 1772x2953" extension="tif" lastModified="2017-12-19" locale="global" number="001" type="RCP">http://images.philips.com/is/image/PhilipsConsumer/50PFS5823_12-RCP-global-001</Asset><Asset code="50PFS5823_12" description="Standard product photograph - highres 2196x1795" extension="tif" lastModified="2018-03-08" locale="global" number="001" type="RTP">http://images.philips.com/is/image/PhilipsConsumer/50PFS5823_12-RTP-global-001</Asset><Asset code="50PFS5823_12" description="Single product shot" extension="" lastModified="2018-10-23" locale="de_DE" number="" type="IMS">http://images.philips.com/is/image/PhilipsConsumer/50PFS5823_12-IMS-de_DE</Asset><Asset code="50PFS5823_12" description="Product gallery image set" extension="" lastModified="2018-10-23" locale="de_DE" number="" type="GAL">http://images.philips.com/is/image/PhilipsConsumer/50PFS5823_12-GAL-de_DE</Asset><Asset code="50PFS5823_12" description="Product URL" extension="" lastModified="2018-10-23" locale="de_DE" number="" type="URL">http://www.philips.de/c-p/50PFS5823_12/5800-series-ultraflacher-full-hd-led-smart-tv</Asset><Asset code="F400063306" description="Feature logo - highres 331x213" extension="tif" lastModified="2014-03-13" locale="global" number="001" type="FLP">http://images.philips.com/is/image/PhilipsConsumer/F400063306-FLP-global-001</Asset><Asset code="F400063309" description="Feature photograph - highres 2100x1170" extension="tif" lastModified="2015-04-09" locale="global" number="001" type="FIL">http://images.philips.com/is/image/PhilipsConsumer/F400063309-FIL-global-001</Asset><Asset code="F400063309" description="Feature logo - highres 331x213" extension="tif" lastModified="2014-03-19" locale="global" number="001" type="FLP">http://images.philips.com/is/image/PhilipsConsumer/F400063309-FLP-global-001</Asset><Asset code="F400063309" description="Feature movie activation image big - 640 x 360" extension="jpg" lastModified="2014-07-04" locale="global" number="001" type="FMB">http://images.philips.com/is/image/PhilipsConsumer/F400063309-FMB-global-001</Asset><Asset code="F400063331" description="Feature logo - highres 331x213" extension="tif" lastModified="2014-03-20" locale="global" number="001" type="FLP">http://images.philips.com/is/image/PhilipsConsumer/F400063331-FLP-global-001</Asset><Asset code="F400076580" description="Feature logo - highres 331x213" extension="tif" lastModified="2016-01-27" locale="global" number="001" type="FLP">http://images.philips.com/is/image/PhilipsConsumer/F400076580-FLP-global-001</Asset><Asset code="F400076633" description="Feature logo - highres 331x213" extension="tif" lastModified="2016-01-20" locale="global" number="001" type="FLP">http://images.philips.com/is/image/PhilipsConsumer/F400076633-FLP-global-001</Asset><Asset code="F400080074" description="Feature logo - highres 331x213" extension="tif" lastModified="2016-08-23" locale="global" number="001" type="FLP">http://images.philips.com/is/image/PhilipsConsumer/F400080074-FLP-global-001</Asset><Asset code="F400085566" description="Feature logo - highres 331x213" extension="tif" lastModified="2017-12-21" locale="global" number="001" type="FLP">http://images.philips.com/is/image/PhilipsConsumer/F400085566-FLP-global-001</Asset><Asset code="F400085583" description="Feature logo - highres 331x213" extension="tif" lastModified="2018-08-02" locale="global" number="001" type="FLP">http://images.philips.com/is/image/PhilipsConsumer/F400085583-FLP-global-001</Asset><Asset code="F400086612" description="Feature logo - highres 331x213" extension="tif" lastModified="2018-03-06" locale="global" number="001" type="FLP">http://images.philips.com/is/image/PhilipsConsumer/F400086612-FLP-global-001</Asset><Asset code="PHI" description="Brand logo - highres 1476x886" extension="tif" lastModified="2016-02-18" locale="global" number="001" type="BRP">http://images.philips.com/is/image/PhilipsConsumer/PHI-BRP-global-001</Asset></Assets><ProductName>Ultraflacher Full HD-LED-Smart TV mit 126 cm (50")</ProductName><FullProductName>Philips 5800 series Ultraflacher Full HD-LED-Smart TV 50PFS5823 126 cm (50") 500 Picture Performance Index FHD Pixel Plus HD</FullProductName><NamingString><MasterBrand><BrandCode>PHI</BrandCode><BrandName>Philips</BrandName></MasterBrand><BrandString>Philips</BrandString><Concept><ConceptCode>SB40008172</ConceptCode><ConceptName>5800 series</ConceptName><ConceptNameUsed>1</ConceptNameUsed></Concept><Descriptor><DescriptorCode>D4030717</DescriptorCode><DescriptorName>Ultraflacher Full HD-LED-Smart TV</DescriptorName></Descriptor><Alphanumeric>50PFS5823</Alphanumeric><VersionElement1><VersionElementCode>V4039056</VersionElementCode><VersionElementName>126 cm (50")</VersionElementName></VersionElement1><VersionElement2><VersionElementCode>V4046033</VersionElementCode><VersionElementName>500 Picture Performance Index</VersionElementName></VersionElement2><VersionElement3><VersionElementCode>V4046022</VersionElementCode><VersionElementName>FHD</VersionElementName></VersionElement3><VersionElement4><VersionElementCode>V4002524</VersionElementCode><VersionElementName>Pixel Plus HD</VersionElementName></VersionElement4><VersionString>126 cm (50") 500 Picture Performance Index FHD Pixel Plus HD</VersionString><BrandedFeatureString/><DescriptorBrandedFeatureString>Ultraflacher Full HD-LED-Smart TV</DescriptorBrandedFeatureString></NamingString><WOW>Ultraflacher Full HD-LED-Smart TV</WOW><SubWOW>mit Pixel Plus HD</SubWOW><MarketingTextHeader>Die Philips 5800er Serie mit Smart TV vereint Ihre Lieblings-Apps und -inhalte auf einem großen Bildschirm in Full HD. Jetzt erleben Sie Kinofilme, Sportevents und Spiele mit mehreren Teilnehmern in nur wenigen Klicks.</MarketingTextHeader><KeyBenefitArea><KeyBenefitAreaCode>K4030253</KeyBenefitAreaCode><KeyBenefitAreaName>Hervorragende Detailtreue</KeyBenefitAreaName><KeyBenefitAreaRank>1</KeyBenefitAreaRank><Feature><FeatureCode>F400081553</FeatureCode><FeatureReferenceName>open stand 2017</FeatureReferenceName><FeatureName>Neuer offener Standfuß</FeatureName><FeatureLongDescription>Der offene Standfuß erzeugt ein Gefühl der Leichtigkeit</FeatureLongDescription><FeatureGlossary>Ein Fernseher mit modernen, definierten Linien verdient einen Standfuß, der ihn über allem schweben lässt. Deswegen haben sich die Entwickler der Philips Fernseher diesen einmaligen Standfuß mit offenem Design einfallen lassen, der sich optimal in Ihre Inneneinrichtung integriert.</FeatureGlossary><FeatureRank>1</FeatureRank><FeatureTopRank>1</FeatureTopRank></Feature></KeyBenefitArea><KeyBenefitArea><KeyBenefitAreaCode>K4030252</KeyBenefitAreaCode><KeyBenefitAreaName>Erleben Sie jedes Detail</KeyBenefitAreaName><KeyBenefitAreaRank>2</KeyBenefitAreaRank><Feature><FeatureCode>F400076580</FeatureCode><FeatureReferenceName>Pixel Plus HD (2016)</FeatureReferenceName><FeatureName>Pixel Plus HD</FeatureName><FeatureLongDescription>Pixel Plus HD für wunderschöne Bilder, die Sie lieben werden</FeatureLongDescription><FeatureGlossary>Philips Pixel Plus HD optimiert die Bildqualität für gestochen scharfe Bilder mit tollen Kontrasten. Egal ob Sie Online-Inhalte streamen oder eine Disc ansehen, Sie erhalten immer schärfere Bilder mit dunkleren Schwarz- und helleren Weißtönen.</FeatureGlossary><FeatureRank>1</FeatureRank><FeatureTopRank>2</FeatureTopRank></Feature><Feature><FeatureCode>F400063331</FeatureCode><FeatureReferenceName>Full HD LED TV (2014)</FeatureReferenceName><FeatureName>Full-HD-LED-Fernseher</FeatureName><FeatureLongDescription>Full-HD-LED-Fernseher – brillante LED-Bilder mit beeindruckenden Kontrasten</FeatureLongDescription><FeatureGlossary>Die Bildqualität macht den Unterschied. Normale HDTVs liefern Qualität, aber Sie erwarten mehr. Stellen Sie sich gestochen scharfe Details in Kombination mit hoher Helligkeit, unglaublichem Kontrast und realistische Farben für ein lebensechtes Bild vor.</FeatureGlossary><FeatureRank>2</FeatureRank><FeatureTopRank>3</FeatureTopRank></Feature></KeyBenefitArea><KeyBenefitArea><KeyBenefitAreaCode>K4032203</KeyBenefitAreaCode><KeyBenefitAreaName>Dieser Smart-TV verbindet Sie mit einer noch größeren Welt</KeyBenefitAreaName><KeyBenefitAreaRank>3</KeyBenefitAreaRank><Feature><FeatureCode>F400070661</FeatureCode><FeatureReferenceName>Philips TV/STA gallery (2015)</FeatureReferenceName><FeatureName>Philips Fernseher/STA-Galerie</FeatureName><FeatureLongDescription>Die Philips App-Galerie bringt Entertainment zu Ihnen nach Hause</FeatureLongDescription><FeatureGlossary>Die Philips App-Galerie ist eine umfassende Sammlung von Online-Apps, auf die Sie zugreifen können, sobald Sie Ihren Smart TV mit dem Internet verbunden haben. So einfach ist das! Schalten Sie einfach Ihren Fernseher ein, stellen Sie eine Internetverbindung her, und entdecken Sie eine neue Ära der Unterhaltung im Internet.</FeatureGlossary><FeatureRank>1</FeatureRank><FeatureTopRank>4</FeatureTopRank></Feature><Feature><FeatureCode>F400085583</FeatureCode><FeatureReferenceName>Saphi TV system EU</FeatureReferenceName><FeatureName>SAPHI</FeatureName><FeatureLongDescription>SAPHI. Der intelligente Weg für mehr Spaß mit Ihrem Fernseher</FeatureLongDescription><FeatureGlossary>SAPHI ist ein schnelles, intuitives Betriebssystem, mit dem die Verwendung Ihres Philips Smart TV ein ganz besonderes Erlebnis wird. Genießen Sie hervorragende Bildqualität, und erhalten Sie per Tastendruck Zugriff auf eine klare Menüführung. Bedienen Sie Ihren Fernseher ganz einfach, und navigieren Sie schnell zu den beliebtesten Philips Smart TV-Apps wie z. B. YouTube, Netflix und viele mehr.</FeatureGlossary><FeatureRank>2</FeatureRank><FeatureTopRank>5</FeatureTopRank></Feature></KeyBenefitArea><KeyBenefitArea><KeyBenefitAreaCode>K4022561</KeyBenefitAreaCode><KeyBenefitAreaName>Fernsehen ganz nach Ihrem Geschmack</KeyBenefitAreaName><KeyBenefitAreaRank>4</KeyBenefitAreaRank><Feature><FeatureCode>F400063306</FeatureCode><FeatureReferenceName>Two HDMI inputs with Easylink (2014)</FeatureReferenceName><FeatureName>Zwei HDMI-Eingänge mit EasyLink</FeatureName><FeatureLongDescription>Zwei HDMI-Eingänge und EasyLink für integrierte Konnektivität</FeatureLongDescription><FeatureGlossary>Vermeiden Sie Kabelsalat mit einem einzelnen HDMI-Kabel zur Übertragung von Audio- und Videosignalen von Ihren Geräten auf Ihren Fernseher. HDMI verwendet unkomprimierte Signale für eine optimale Qualität von der Quelle bis zum Bildschirm. In Kombination mit Philips EasyLink benötigen Sie nur noch eine Fernbedienung für Fernseher, DVD-, Blu-ray-Player, Set-Top-Box oder Home Entertainment-System.</FeatureGlossary><FeatureRank>1</FeatureRank><FeatureTopRank>6</FeatureTopRank></Feature><Feature><FeatureCode>F400063309</FeatureCode><FeatureReferenceName>USB (photos, music, video) (2014)</FeatureReferenceName><FeatureName>USB (Fotos, Musik, Video)</FeatureName><FeatureLongDescription>USB zur Multimedia-Wiedergabe</FeatureLongDescription><FeatureGlossary>Gemeinsam genießen. Verbinden Sie Ihren USB-Speicherstick, Ihre Digitalkamera, Ihren MP3-Player oder andere Multimediageräte mit dem USB-Anschluss Ihres Fernsehers, um Fotos, Videos und Musik bequem über den benutzerfreundlichen Bildschirm-Browser zu genießen.</FeatureGlossary><FeatureRank>2</FeatureRank><FeatureTopRank>7</FeatureTopRank></Feature></KeyBenefitArea><FeatureLogo><FeatureCode>F400063331</FeatureCode><FeatureReferenceName>Full HD LED TV (2014)</FeatureReferenceName><FeatureLogoRank>4</FeatureLogoRank></FeatureLogo><FeatureLogo><FeatureCode>F400076580</FeatureCode><FeatureReferenceName>Pixel Plus HD (2016)</FeatureReferenceName><FeatureLogoRank>5</FeatureLogoRank></FeatureLogo><FeatureLogo><FeatureCode>F400076633</FeatureCode><FeatureReferenceName>500 PPI (2016)</FeatureReferenceName><FeatureLogoRank>6</FeatureLogoRank></FeatureLogo><FeatureLogo><FeatureCode>F400085583</FeatureCode><FeatureReferenceName>Saphi TV system EU</FeatureReferenceName><FeatureLogoRank>7</FeatureLogoRank></FeatureLogo><FeatureLogo><FeatureCode>F400063306</FeatureCode><FeatureReferenceName>Two HDMI inputs with Easylink (2014)</FeatureReferenceName><FeatureLogoRank>8</FeatureLogoRank></FeatureLogo><FeatureLogo><FeatureCode>F400080074</FeatureCode><FeatureReferenceName>20W RMS Sound (2016)</FeatureReferenceName><FeatureLogoRank>9</FeatureLogoRank></FeatureLogo><FeatureLogo><FeatureCode>F400086612</FeatureCode><FeatureReferenceName>Dolby Audio (2018)</FeatureReferenceName><FeatureLogoRank>10</FeatureLogoRank></FeatureLogo><FeatureLogo><FeatureCode>F400085566</FeatureCode><FeatureReferenceName>DTS HD (M6)</FeatureReferenceName><FeatureLogoRank>11</FeatureLogoRank></FeatureLogo><FeatureHighlight><FeatureCode>F400081553</FeatureCode><FeatureReferenceName>open stand 2017</FeatureReferenceName><FeatureHighlightRank>1</FeatureHighlightRank></FeatureHighlight><FeatureHighlight><FeatureCode>F400076580</FeatureCode><FeatureReferenceName>Pixel Plus HD (2016)</FeatureReferenceName><FeatureHighlightRank>2</FeatureHighlightRank></FeatureHighlight><FeatureHighlight><FeatureCode>F400063331</FeatureCode><FeatureReferenceName>Full HD LED TV (2014)</FeatureReferenceName><FeatureHighlightRank>3</FeatureHighlightRank></FeatureHighlight><FeatureHighlight><FeatureCode>F400070661</FeatureCode><FeatureReferenceName>Philips TV/STA gallery (2015)</FeatureReferenceName><FeatureHighlightRank>4</FeatureHighlightRank></FeatureHighlight><FeatureHighlight><FeatureCode>F400085583</FeatureCode><FeatureReferenceName>Saphi TV system EU</FeatureReferenceName><FeatureHighlightRank>5</FeatureHighlightRank></FeatureHighlight><FeatureHighlight><FeatureCode>F400063306</FeatureCode><FeatureReferenceName>Two HDMI inputs with Easylink (2014)</FeatureReferenceName><FeatureHighlightRank>6</FeatureHighlightRank></FeatureHighlight><FeatureHighlight><FeatureCode>F400063309</FeatureCode><FeatureReferenceName>USB (photos, music, video) (2014)</FeatureReferenceName><FeatureHighlightRank>7</FeatureHighlightRank></FeatureHighlight><CSChapter><CSChapterCode>3000796</CSChapterCode><CSChapterName>Bild/Anzeige</CSChapterName><CSChapterRank>1</CSChapterRank><CSItem><CSItemCode>IT4009349</CSItemCode><CSItemName>Anzeige</CSItemName><CSItemRank>1</CSItemRank><CSItemIsFreeFormat>0</CSItemIsFreeFormat><CSValue><CSValueCode>VA4026243</CSValueCode><CSValueName>Full HD, LED</CSValueName><CSValueRank>1</CSValueRank></CSValue></CSItem><CSItem><CSItemCode>3006140</CSItemCode><CSItemName>Bildschirmgröße diagonal (cm)</CSItemName><CSItemRank>2</CSItemRank><CSItemIsFreeFormat>1</CSItemIsFreeFormat><CSValue><CSValueCode>3031123</CSValueCode><CSValueName>126</CSValueName><CSValueRank>1</CSValueRank></CSValue><UnitOfMeasure><UnitOfMeasureCode>3000039</UnitOfMeasureCode><UnitOfMeasureName>Zentimeter</UnitOfMeasureName><UnitOfMeasureSymbol>cm</UnitOfMeasureSymbol></UnitOfMeasure></CSItem><CSItem><CSItemCode>3006139</CSItemCode><CSItemName>Bildschirmgröße diagonal (Zoll)</CSItemName><CSItemRank>3</CSItemRank><CSItemIsFreeFormat>1</CSItemIsFreeFormat><CSValue><CSValueCode>3031122</CSValueCode><CSValueName>50</CSValueName><CSValueRank>1</CSValueRank></CSValue><UnitOfMeasure><UnitOfMeasureCode>3000047</UnitOfMeasureCode><UnitOfMeasureName>Zoll</UnitOfMeasureName><UnitOfMeasureSymbol>Zoll</UnitOfMeasureSymbol></UnitOfMeasure></CSItem><CSItem><CSItemCode>3006177</CSItemCode><CSItemName>Auflösung des Displays</CSItemName><CSItemRank>4</CSItemRank><CSItemIsFreeFormat>0</CSItemIsFreeFormat><CSValue><CSValueCode>3042789</CSValueCode><CSValueName>1.920 x 1.080p</CSValueName><CSValueRank>1</CSValueRank></CSValue></CSItem><CSItem><CSItemCode>3006121</CSItemCode><CSItemName>Bildformat</CSItemName><CSItemRank>5</CSItemRank><CSItemIsFreeFormat>0</CSItemIsFreeFormat><CSValue><CSValueCode>VA4077789</CSValueCode><CSValueName>4:3/16:9</CSValueName><CSValueRank>1</CSValueRank></CSValue></CSItem><CSItem><CSItemCode>IT4013216</CSItemCode><CSItemName>Spitzenluminanzverhältnis</CSItemName><CSItemRank>6</CSItemRank><CSItemIsFreeFormat>1</CSItemIsFreeFormat><CSValue><CSValueCode>VA4025544</CSValueCode><CSValueName>65</CSValueName><CSValueRank>1</CSValueRank></CSValue><UnitOfMeasure><UnitOfMeasureCode>3000065</UnitOfMeasureCode><UnitOfMeasureName>Prozent</UnitOfMeasureName><UnitOfMeasureSymbol>%</UnitOfMeasureSymbol></UnitOfMeasure></CSItem><CSItem><CSItemCode>3006183</CSItemCode><CSItemName>Bildoptimierung</CSItemName><CSItemRank>7</CSItemRank><CSItemIsFreeFormat>0</CSItemIsFreeFormat><CSValue><CSValueCode>VA4002941</CSValueCode><CSValueName>Pixel Plus HD</CSValueName><CSValueRank>1</CSValueRank></CSValue></CSItem></CSChapter><CSChapter><CSChapterCode>CH4007621</CSChapterCode><CSChapterName>Smart TV-Funktionen</CSChapterName><CSChapterRank>3</CSChapterRank><CSItem><CSItemCode>IT4037468</CSItemCode><CSItemName>Einfache Installation</CSItemName><CSItemRank>1</CSItemRank><CSItemIsFreeFormat>0</CSItemIsFreeFormat><CSValue><CSValueCode>VA4086958</CSValueCode><CSValueName>Automatisches Erkennen von Philips Geräten</CSValueName><CSValueRank>1</CSValueRank></CSValue><CSValue><CSValueCode>VA4086959</CSValueCode><CSValueName>Geräte-Verbindungsassistent</CSValueName><CSValueRank>2</CSValueRank></CSValue><CSValue><CSValueCode>VA4086960</CSValueCode><CSValueName>Netzwerkinstallationsassistent</CSValueName><CSValueRank>3</CSValueRank></CSValue><CSValue><CSValueCode>VA4086961</CSValueCode><CSValueName>Einstellungsassistent</CSValueName><CSValueRank>4</CSValueRank></CSValue></CSItem><CSItem><CSItemCode>IT4037469</CSItemCode><CSItemName>Einfache Bedienung</CSItemName><CSItemRank>2</CSItemRank><CSItemIsFreeFormat>0</CSItemIsFreeFormat><CSValue><CSValueCode>VA4086962</CSValueCode><CSValueName>Benutzerfreundliche Smart-Menü-Taste</CSValueName><CSValueRank>1</CSValueRank></CSValue><CSValue><CSValueCode>VA4086963</CSValueCode><CSValueName>Bildschirm-Benutzerhandbuch</CSValueName><CSValueRank>2</CSValueRank></CSValue></CSItem><CSItem><CSItemCode>IT4037470</CSItemCode><CSItemName>Upgradefähige Firmware</CSItemName><CSItemRank>3</CSItemRank><CSItemIsFreeFormat>0</CSItemIsFreeFormat><CSValue><CSValueCode>VA4086964</CSValueCode><CSValueName>Assistent für autom. Firmware-Akt.</CSValueName><CSValueRank>1</CSValueRank></CSValue><CSValue><CSValueCode>VA4086965</CSValueCode><CSValueName>Firmware-Upgrade über USB</CSValueName><CSValueRank>2</CSValueRank></CSValue><CSValue><CSValueCode>VA4086966</CSValueCode><CSValueName>Online-Aktualisierung der Firmware</CSValueName><CSValueRank>3</CSValueRank></CSValue></CSItem><CSItem><CSItemCode>IT4037465</CSItemCode><CSItemName>Interactive TV</CSItemName><CSItemRank>4</CSItemRank><CSItemIsFreeFormat>0</CSItemIsFreeFormat><CSValue><CSValueCode>VA4086947</CSValueCode><CSValueName>HbbTV</CSValueName><CSValueRank>1</CSValueRank></CSValue></CSItem><CSItem><CSItemCode>IT4037472</CSItemCode><CSItemName>Philips TV Remote App*</CSItemName><CSItemRank>5</CSItemRank><CSItemIsFreeFormat>0</CSItemIsFreeFormat><CSValue><CSValueCode>VA4086985</CSValueCode><CSValueName>Apps</CSValueName><CSValueRank>1</CSValueRank></CSValue><CSValue><CSValueCode>VA4086984</CSValueCode><CSValueName>Programme</CSValueName><CSValueRank>2</CSValueRank></CSValue><CSValue><CSValueCode>VA4086978</CSValueCode><CSValueName>Steuerung</CSValueName><CSValueRank>3</CSValueRank></CSValue><CSValue><CSValueCode>VA4086983</CSValueCode><CSValueName>NowOnTV</CSValueName><CSValueRank>4</CSValueRank></CSValue><CSValue><CSValueCode>VA4086981</CSValueCode><CSValueName>TV-Guide</CSValueName><CSValueRank>5</CSValueRank></CSValue><CSValue><CSValueCode>VA4086982</CSValueCode><CSValueName>Video-on-Demand</CSValueName><CSValueRank>6</CSValueRank></CSValue></CSItem><CSItem><CSItemCode>IT4037466</CSItemCode><CSItemName>Sendung</CSItemName><CSItemRank>6</CSItemRank><CSItemIsFreeFormat>0</CSItemIsFreeFormat><CSValue><CSValueCode>VA4086948</CSValueCode><CSValueName>Pause TV</CSValueName><CSValueRank>1</CSValueRank></CSValue><CSValue><CSValueCode>VA4086949</CSValueCode><CSValueName>USB-Aufnahme*</CSValueName><CSValueRank>2</CSValueRank></CSValue></CSItem><CSItem><CSItemCode>IT4037471</CSItemCode><CSItemName>Bildschirmformat-Anpassung</CSItemName><CSItemRank>7</CSItemRank><CSItemIsFreeFormat>0</CSItemIsFreeFormat><CSValue><CSValueCode>VA4086973</CSValueCode><CSValueName>Einfach – Bildschirm ausfüllen</CSValueName><CSValueRank>1</CSValueRank></CSValue><CSValue><CSValueCode>VA4086974</CSValueCode><CSValueName>Vollbild</CSValueName><CSValueRank>2</CSValueRank></CSValue><CSValue><CSValueCode>VA4086976</CSValueCode><CSValueName>Zoom, Stretch</CSValueName><CSValueRank>3</CSValueRank></CSValue></CSItem><CSItem><CSItemCode>IT4037467</CSItemCode><CSItemName>SmartTV-Apps*</CSItemName><CSItemRank>8</CSItemRank><CSItemIsFreeFormat>0</CSItemIsFreeFormat><CSValue><CSValueCode>VA4086951</CSValueCode><CSValueName>Online-Videoshops</CSValueName><CSValueRank>1</CSValueRank></CSValue><CSValue><CSValueCode>VA4086957</CSValueCode><CSValueName>Browser für öffentliches Internet</CSValueName><CSValueRank>2</CSValueRank></CSValue><CSValue><CSValueCode>VA4086956</CSValueCode><CSValueName>Social TV</CSValueName><CSValueRank>3</CSValueRank></CSValue><CSValue><CSValueCode>VA4086950</CSValueCode><CSValueName>TV on Demand</CSValueName><CSValueRank>4</CSValueRank></CSValue><CSValue><CSValueCode>VA4086955</CSValueCode><CSValueName>YouTube</CSValueName><CSValueRank>5</CSValueRank></CSValue></CSItem><CSItem><CSItemCode>IT4037464</CSItemCode><CSItemName>Benutzerinteraktion</CSItemName><CSItemRank>9</CSItemRank><CSItemIsFreeFormat>0</CSItemIsFreeFormat><CSValue><CSValueCode>VA4086943</CSValueCode><CSValueName>SimplyShare</CSValueName><CSValueRank>1</CSValueRank></CSValue></CSItem></CSChapter><CSChapter><CSChapterCode>3000799</CSChapterCode><CSChapterName>Ton</CSChapterName><CSChapterRank>4</CSChapterRank><CSItem><CSItemCode>3006270</CSItemCode><CSItemName>Ausgangsleistung (RMS)</CSItemName><CSItemRank>1</CSItemRank><CSItemIsFreeFormat>1</CSItemIsFreeFormat><CSValue><CSValueCode>3031400</CSValueCode><CSValueName>20 W</CSValueName><CSValueRank>1</CSValueRank></CSValue></CSItem><CSItem><CSItemCode>3006277</CSItemCode><CSItemName>Verbesserung der Soundqualität</CSItemName><CSItemRank>2</CSItemRank><CSItemIsFreeFormat>0</CSItemIsFreeFormat><CSValue><CSValueCode>3031432</CSValueCode><CSValueName>Incredible Surround</CSValueName><CSValueRank>1</CSValueRank></CSValue><CSValue><CSValueCode>VA4021459</CSValueCode><CSValueName>Klarer Klang</CSValueName><CSValueRank>2</CSValueRank></CSValue><CSValue><CSValueCode>3031412</CSValueCode><CSValueName>Automatische Lautstärkeeinstellung</CSValueName><CSValueRank>3</CSValueRank></CSValue><CSValue><CSValueCode>VA4080232</CSValueCode><CSValueName>Bass Control</CSValueName><CSValueRank>4</CSValueRank></CSValue><CSValue><CSValueCode>3031442</CSValueCode><CSValueName>Smart Sound</CSValueName><CSValueRank>5</CSValueRank></CSValue></CSItem></CSChapter><CSChapter><CSChapterCode>3000813</CSChapterCode><CSChapterName>Anschlüsse</CSChapterName><CSChapterRank>5</CSChapterRank><CSItem><CSItemCode>IT4006781</CSItemCode><CSItemName>Anzahl HDMI-Anschlüsse</CSItemName><CSItemRank>1</CSItemRank><CSItemIsFreeFormat>0</CSItemIsFreeFormat><CSValue><CSValueCode>VA4018286</CSValueCode><CSValueName>2</CSValueName><CSValueRank>1</CSValueRank></CSValue></CSItem><CSItem><CSItemCode>IT4015984</CSItemCode><CSItemName>Anzahl der USB-Anschlüsse</CSItemName><CSItemRank>2</CSItemRank><CSItemIsFreeFormat>0</CSItemIsFreeFormat><CSValue><CSValueCode>VA4032422</CSValueCode><CSValueName>2</CSValueName><CSValueRank>1</CSValueRank></CSValue></CSItem><CSItem><CSItemCode>3006573</CSItemCode><CSItemName>Weitere Anschlüsse</CSItemName><CSItemRank>3</CSItemRank><CSItemIsFreeFormat>0</CSItemIsFreeFormat><CSValue><CSValueCode>VA4019747</CSValueCode><CSValueName>Common Interface Plus (CI+)</CSValueName><CSValueRank>1</CSValueRank></CSValue><CSValue><CSValueCode>VA4032430</CSValueCode><CSValueName>Digitaler Audio-Ausgang (optisch)</CSValueName><CSValueRank>2</CSValueRank></CSValue><CSValue><CSValueCode>3032285</CSValueCode><CSValueName>Antenne IEC75</CSValueName><CSValueRank>3</CSValueRank></CSValue><CSValue><CSValueCode>VA4022502</CSValueCode><CSValueName>Ethernet-LAN RJ-45</CSValueName><CSValueRank>4</CSValueRank></CSValue><CSValue><CSValueCode>VA4067670</CSValueCode><CSValueName>Satellitenanschluss</CSValueName><CSValueRank>5</CSValueRank></CSValue><CSValue><CSValueCode>VA4001121</CSValueCode><CSValueName>Kopfhörer-Ausgang</CSValueName><CSValueRank>6</CSValueRank></CSValue></CSItem><CSItem><CSItemCode>IT4001802</CSItemCode><CSItemName>EasyLink (HDMI-CEC)</CSItemName><CSItemRank>4</CSItemRank><CSItemIsFreeFormat>0</CSItemIsFreeFormat><CSValue><CSValueCode>VA4006305</CSValueCode><CSValueName>Fernbedienungs-Durchleitung</CSValueName><CSValueRank>1</CSValueRank></CSValue><CSValue><CSValueCode>VA4006303</CSValueCode><CSValueName>System-Audiosteuerung</CSValueName><CSValueRank>2</CSValueRank></CSValue><CSValue><CSValueCode>VA4004662</CSValueCode><CSValueName>System Standby-Modus</CSValueName><CSValueRank>3</CSValueRank></CSValue><CSValue><CSValueCode>VA4004661</CSValueCode><CSValueName>System-Start</CSValueName><CSValueRank>4</CSValueRank></CSValue></CSItem><CSItem><CSItemCode>3006591</CSItemCode><CSItemName>Kabellose Verbindungen</CSItemName><CSItemRank>5</CSItemRank><CSItemIsFreeFormat>0</CSItemIsFreeFormat><CSValue><CSValueCode>VA4094397</CSValueCode><CSValueName>1T1R Singleband integriert</CSValueName><CSValueRank>1</CSValueRank></CSValue></CSItem></CSChapter><CSChapter><CSChapterCode>3000811</CSChapterCode><CSChapterName>Multimedia-Anwendungen</CSChapterName><CSChapterRank>6</CSChapterRank><CSItem><CSItemCode>IT4008764</CSItemCode><CSItemName>Videowiedergabeformate</CSItemName><CSItemRank>1</CSItemRank><CSItemIsFreeFormat>0</CSItemIsFreeFormat><CSValue><CSValueCode>VA4021454</CSValueCode><CSValueName>Dateien: AVI, MKV</CSValueName><CSValueRank>1</CSValueRank></CSValue><CSValue><CSValueCode>VA4021455</CSValueCode><CSValueName>H264/MPEG-4 (AVC)</CSValueName><CSValueRank>2</CSValueRank></CSValue><CSValue><CSValueCode>VA4021451</CSValueCode><CSValueName>MPEG-1</CSValueName><CSValueRank>3</CSValueRank></CSValue><CSValue><CSValueCode>VA4021452</CSValueCode><CSValueName>MPEG-2</CSValueName><CSValueRank>4</CSValueRank></CSValue><CSValue><CSValueCode>VA4021453</CSValueCode><CSValueName>MPEG-4</CSValueName><CSValueRank>5</CSValueRank></CSValue><CSValue><CSValueCode>VA4021456</CSValueCode><CSValueName>WMV9/VC1</CSValueName><CSValueRank>6</CSValueRank></CSValue><CSValue><CSValueCode>VA4098821</CSValueCode><CSValueName>HEVC (H.265)</CSValueName><CSValueRank>7</CSValueRank></CSValue><CSValue><CSValueCode>VA4091744</CSValueCode><CSValueName>VP9</CSValueName><CSValueRank>8</CSValueRank></CSValue></CSItem><CSItem><CSItemCode>IT4033451</CSItemCode><CSItemName>Unterstützte Untertitelformate</CSItemName><CSItemRank>2</CSItemRank><CSItemIsFreeFormat>0</CSItemIsFreeFormat><CSValue><CSValueCode>VA4077784</CSValueCode><CSValueName>.SMI</CSValueName><CSValueRank>1</CSValueRank></CSValue><CSValue><CSValueCode>VA4077783</CSValueCode><CSValueName>.SRT</CSValueName><CSValueRank>2</CSValueRank></CSValue><CSValue><CSValueCode>VA4077785</CSValueCode><CSValueName>.SSA</CSValueName><CSValueRank>3</CSValueRank></CSValue><CSValue><CSValueCode>VA4077786</CSValueCode><CSValueName>.SUB</CSValueName><CSValueRank>4</CSValueRank></CSValue><CSValue><CSValueCode>VA4077788</CSValueCode><CSValueName>.TXT</CSValueName><CSValueRank>5</CSValueRank></CSValue><CSValue><CSValueCode>VA4086482</CSValueCode><CSValueName>.ASS</CSValueName><CSValueRank>6</CSValueRank></CSValue></CSItem><CSItem><CSItemCode>IT4008762</CSItemCode><CSItemName>Musikwiedergabeformate</CSItemName><CSItemRank>3</CSItemRank><CSItemIsFreeFormat>0</CSItemIsFreeFormat><CSValue><CSValueCode>VA4021478</CSValueCode><CSValueName>AAC</CSValueName><CSValueRank>1</CSValueRank></CSValue><CSValue><CSValueCode>VA4021448</CSValueCode><CSValueName>MP3</CSValueName><CSValueRank>2</CSValueRank></CSValue><CSValue><CSValueCode>VA4086481</CSValueCode><CSValueName>WAV</CSValueName><CSValueRank>3</CSValueRank></CSValue><CSValue><CSValueCode>VA4021450</CSValueCode><CSValueName>WMA (v2 bis v9.2)</CSValueName><CSValueRank>4</CSValueRank></CSValue></CSItem><CSItem><CSItemCode>IT4008763</CSItemCode><CSItemName>Bildwiedergabeformate</CSItemName><CSItemRank>4</CSItemRank><CSItemIsFreeFormat>0</CSItemIsFreeFormat><CSValue><CSValueCode>VA4021449</CSValueCode><CSValueName>JPEG</CSValueName><CSValueRank>1</CSValueRank></CSValue><CSValue><CSValueCode>VA4065613</CSValueCode><CSValueName>BMP</CSValueName><CSValueRank>2</CSValueRank></CSValue><CSValue><CSValueCode>VA4065611</CSValueCode><CSValueName>GIF</CSValueName><CSValueRank>3</CSValueRank></CSValue><CSValue><CSValueCode>VA4065612</CSValueCode><CSValueName>PNG</CSValueName><CSValueRank>4</CSValueRank></CSValue></CSItem></CSChapter><CSChapter><CSChapterCode>3000797</CSChapterCode><CSChapterName>Unterstützte Display-Auflösung</CSChapterName><CSChapterRank>7</CSChapterRank><CSItem><CSItemCode>IT4009352</CSItemCode><CSItemName>Computereingänge</CSItemName><CSItemRank>1</CSItemRank><CSItemIsFreeFormat>0</CSItemIsFreeFormat><CSValue><CSValueCode>VA4022503</CSValueCode><CSValueName>bis zu 1.920 x 1.080 bei 60 Hz</CSValueName><CSValueRank>1</CSValueRank></CSValue></CSItem><CSItem><CSItemCode>IT4009351</CSItemCode><CSItemName>Videoeingänge</CSItemName><CSItemRank>2</CSItemRank><CSItemIsFreeFormat>0</CSItemIsFreeFormat><CSValue><CSValueCode>VA4022493</CSValueCode><CSValueName>bis zu 1.920 x 1.080p</CSValueName><CSValueRank>1</CSValueRank></CSValue></CSItem></CSChapter><CSChapter><CSChapterCode>3000812</CSChapterCode><CSChapterName>Tuner/Empfang/Übertragung</CSChapterName><CSChapterRank>8</CSChapterRank><CSItem><CSItemCode>IT4041210</CSItemCode><CSItemName>HEVC-Unterstützung</CSItemName><CSItemRank>1</CSItemRank><CSItemIsFreeFormat>0</CSItemIsFreeFormat><CSValue><CSValueCode>VA4095925</CSValueCode><CSValueName>Ja</CSValueName><CSValueRank>1</CSValueRank></CSValue></CSItem><CSItem><CSItemCode>3007491</CSItemCode><CSItemName>Digitales Fernsehen</CSItemName><CSItemRank>2</CSItemRank><CSItemIsFreeFormat>0</CSItemIsFreeFormat><CSValue><CSValueCode>VA4097064</CSValueCode><CSValueName>DVB-T/T2/T2-HD/C/S/S2</CSValueName><CSValueRank>1</CSValueRank></CSValue></CSItem><CSItem><CSItemCode>IT4028192</CSItemCode><CSItemName>MPEG-Unterstützung</CSItemName><CSItemRank>3</CSItemRank><CSItemIsFreeFormat>0</CSItemIsFreeFormat><CSValue><CSValueCode>VA4065926</CSValueCode><CSValueName>MPEG2</CSValueName><CSValueRank>1</CSValueRank></CSValue><CSValue><CSValueCode>VA4065927</CSValueCode><CSValueName>MPEG4</CSValueName><CSValueRank>2</CSValueRank></CSValue></CSItem><CSItem><CSItemCode>3006515</CSItemCode><CSItemName>Videowiedergabe</CSItemName><CSItemRank>4</CSItemRank><CSItemIsFreeFormat>0</CSItemIsFreeFormat><CSValue><CSValueCode>3032144</CSValueCode><CSValueName>NTSC</CSValueName><CSValueRank>1</CSValueRank></CSValue><CSValue><CSValueCode>3032145</CSValueCode><CSValueName>PAL</CSValueName><CSValueRank>2</CSValueRank></CSValue><CSValue><CSValueCode>3032146</CSValueCode><CSValueName>Secam</CSValueName><CSValueRank>3</CSValueRank></CSValue></CSItem></CSChapter><CSChapter><CSChapterCode>3000821</CSChapterCode><CSChapterName>Leistung</CSChapterName><CSChapterRank>9</CSChapterRank><CSItem><CSItemCode>3007003</CSItemCode><CSItemName>Netzstrom</CSItemName><CSItemRank>1</CSItemRank><CSItemIsFreeFormat>1</CSItemIsFreeFormat><CSValue><CSValueCode>3033675</CSValueCode><CSValueName>AC: 220 bis 240 V, 50/60 Hz</CSValueName><CSValueRank>1</CSValueRank></CSValue></CSItem><CSItem><CSItemCode>3007001</CSItemCode><CSItemName>Standby-Stromverbrauch</CSItemName><CSItemRank>2</CSItemRank><CSItemIsFreeFormat>1</CSItemIsFreeFormat><CSValue><CSValueCode>3033673</CSValueCode><CSValueName>&lt; 0,3 W</CSValueName><CSValueRank>1</CSValueRank></CSValue></CSItem><CSItem><CSItemCode>IT4009431</CSItemCode><CSItemName>Stromverbrauch (ausgeschaltet)</CSItemName><CSItemRank>3</CSItemRank><CSItemIsFreeFormat>1</CSItemIsFreeFormat><CSValue><CSValueCode>VA4022642</CSValueCode><CSValueName>&lt; 0,3</CSValueName><CSValueRank>1</CSValueRank></CSValue><UnitOfMeasure><UnitOfMeasureCode>3000072</UnitOfMeasureCode><UnitOfMeasureName>Watt</UnitOfMeasureName><UnitOfMeasureSymbol>W</UnitOfMeasureSymbol></UnitOfMeasure></CSItem><CSItem><CSItemCode>4000081</CSItemCode><CSItemName>Umgebungstemperatur</CSItemName><CSItemRank>4</CSItemRank><CSItemIsFreeFormat>0</CSItemIsFreeFormat><CSValue><CSValueCode>VA4002861</CSValueCode><CSValueName>5 °C bis 35 °C</CSValueName><CSValueRank>1</CSValueRank></CSValue></CSItem><CSItem><CSItemCode>IT4008765</CSItemCode><CSItemName>Energiesparfunktionen</CSItemName><CSItemRank>5</CSItemRank><CSItemIsFreeFormat>0</CSItemIsFreeFormat><CSValue><CSValueCode>VA4021464</CSValueCode><CSValueName>Ausschalt-Timer</CSValueName><CSValueRank>1</CSValueRank></CSValue><CSValue><CSValueCode>VA4021461</CSValueCode><CSValueName>Eco mode (Ökomodus)</CSValueName><CSValueRank>2</CSValueRank></CSValue><CSValue><CSValueCode>VA4021463</CSValueCode><CSValueName>Bildabschaltung (bei Radiobetrieb)</CSValueName><CSValueRank>3</CSValueRank></CSValue></CSItem><CSItem><CSItemCode>IT4015354</CSItemCode><CSItemName>Energieeffizienzklasse</CSItemName><CSItemRank>6</CSItemRank><CSItemIsFreeFormat>0</CSItemIsFreeFormat><CSValue><CSValueCode>VA4036661</CSValueCode><CSValueName>A++</CSValueName><CSValueRank>1</CSValueRank></CSValue></CSItem><CSItem><CSItemCode>IT4016791</CSItemCode><CSItemName>Stromversorgung mit EU-Energie-Label</CSItemName><CSItemRank>7</CSItemRank><CSItemIsFreeFormat>1</CSItemIsFreeFormat><CSValue><CSValueCode>VA4033965</CSValueCode><CSValueName>39</CSValueName><CSValueRank>1</CSValueRank></CSValue><UnitOfMeasure><UnitOfMeasureCode>3000072</UnitOfMeasureCode><UnitOfMeasureName>Watt</UnitOfMeasureName><UnitOfMeasureSymbol>W</UnitOfMeasureSymbol></UnitOfMeasure></CSItem><CSItem><CSItemCode>IT4013218</CSItemCode><CSItemName>Jährlicher Energieverbrauch</CSItemName><CSItemRank>8</CSItemRank><CSItemIsFreeFormat>1</CSItemIsFreeFormat><CSValue><CSValueCode>VA4025546</CSValueCode><CSValueName>57</CSValueName><CSValueRank>1</CSValueRank></CSValue><UnitOfMeasure><UnitOfMeasureCode>4000161</UnitOfMeasureCode><UnitOfMeasureName>Kilowattstunde</UnitOfMeasureName><UnitOfMeasureSymbol>kWh</UnitOfMeasureSymbol></UnitOfMeasure></CSItem><CSItem><CSItemCode>IT4013217</CSItemCode><CSItemName>Quecksilbergehalt</CSItemName><CSItemRank>9</CSItemRank><CSItemIsFreeFormat>1</CSItemIsFreeFormat><CSValue><CSValueCode>VA4025545</CSValueCode><CSValueName>0</CSValueName><CSValueRank>1</CSValueRank></CSValue><UnitOfMeasure><UnitOfMeasureCode>4000142</UnitOfMeasureCode><UnitOfMeasureName>mg</UnitOfMeasureName><UnitOfMeasureSymbol>mg</UnitOfMeasureSymbol></UnitOfMeasure></CSItem><CSItem><CSItemCode>IT4013214</CSItemCode><CSItemName>Bleihaltig</CSItemName><CSItemRank>10</CSItemRank><CSItemIsFreeFormat>0</CSItemIsFreeFormat><CSValue><CSValueCode>VA4025541</CSValueCode><CSValueName>Ja*</CSValueName><CSValueRank>1</CSValueRank></CSValue></CSItem></CSChapter><CSChapter><CSChapterCode>3000820</CSChapterCode><CSChapterName>Abmessungen</CSChapterName><CSChapterRank>10</CSChapterRank><CSItem><CSItemCode>3006821</CSItemCode><CSItemName>Verpackungsbreite</CSItemName><CSItemRank>1</CSItemRank><CSItemIsFreeFormat>1</CSItemIsFreeFormat><CSValue><CSValueCode>3033149</CSValueCode><CSValueName>1240</CSValueName><CSValueRank>1</CSValueRank></CSValue><UnitOfMeasure><UnitOfMeasureCode>3000058</UnitOfMeasureCode><UnitOfMeasureName>Millimeter</UnitOfMeasureName><UnitOfMeasureSymbol>mm</UnitOfMeasureSymbol></UnitOfMeasure></CSItem><CSItem><CSItemCode>3006820</CSItemCode><CSItemName>Verpackungshöhe</CSItemName><CSItemRank>2</CSItemRank><CSItemIsFreeFormat>1</CSItemIsFreeFormat><CSValue><CSValueCode>3033148</CSValueCode><CSValueName>800</CSValueName><CSValueRank>1</CSValueRank></CSValue><UnitOfMeasure><UnitOfMeasureCode>3000058</UnitOfMeasureCode><UnitOfMeasureName>Millimeter</UnitOfMeasureName><UnitOfMeasureSymbol>mm</UnitOfMeasureSymbol></UnitOfMeasure></CSItem><CSItem><CSItemCode>3006819</CSItemCode><CSItemName>Verpackungstiefe</CSItemName><CSItemRank>3</CSItemRank><CSItemIsFreeFormat>1</CSItemIsFreeFormat><CSValue><CSValueCode>3033147</CSValueCode><CSValueName>150</CSValueName><CSValueRank>1</CSValueRank></CSValue><UnitOfMeasure><UnitOfMeasureCode>3000058</UnitOfMeasureCode><UnitOfMeasureName>Millimeter</UnitOfMeasureName><UnitOfMeasureSymbol>mm</UnitOfMeasureSymbol></UnitOfMeasure></CSItem><CSItem><CSItemCode>3006884</CSItemCode><CSItemName>Gerätebreite</CSItemName><CSItemRank>4</CSItemRank><CSItemIsFreeFormat>1</CSItemIsFreeFormat><CSValue><CSValueCode>3033219</CSValueCode><CSValueName>1127,5</CSValueName><CSValueRank>1</CSValueRank></CSValue><UnitOfMeasure><UnitOfMeasureCode>3000058</UnitOfMeasureCode><UnitOfMeasureName>Millimeter</UnitOfMeasureName><UnitOfMeasureSymbol>mm</UnitOfMeasureSymbol></UnitOfMeasure></CSItem><CSItem><CSItemCode>3006882</CSItemCode><CSItemName>Gerätehöhe</CSItemName><CSItemRank>5</CSItemRank><CSItemIsFreeFormat>1</CSItemIsFreeFormat><CSValue><CSValueCode>3033217</CSValueCode><CSValueName>655,3</CSValueName><CSValueRank>1</CSValueRank></CSValue><UnitOfMeasure><UnitOfMeasureCode>3000058</UnitOfMeasureCode><UnitOfMeasureName>Millimeter</UnitOfMeasureName><UnitOfMeasureSymbol>mm</UnitOfMeasureSymbol></UnitOfMeasure></CSItem><CSItem><CSItemCode>3006881</CSItemCode><CSItemName>Gerätetiefe</CSItemName><CSItemRank>6</CSItemRank><CSItemIsFreeFormat>1</CSItemIsFreeFormat><CSValue><CSValueCode>3033216</CSValueCode><CSValueName>85,9</CSValueName><CSValueRank>1</CSValueRank></CSValue><UnitOfMeasure><UnitOfMeasureCode>3000058</UnitOfMeasureCode><UnitOfMeasureName>Millimeter</UnitOfMeasureName><UnitOfMeasureSymbol>mm</UnitOfMeasureSymbol></UnitOfMeasure></CSItem><CSItem><CSItemCode>3010081</CSItemCode><CSItemName>Gerätebreite (inkl. Fuß)</CSItemName><CSItemRank>7</CSItemRank><CSItemIsFreeFormat>1</CSItemIsFreeFormat><CSValue><CSValueCode>3045267</CSValueCode><CSValueName>1127,5</CSValueName><CSValueRank>1</CSValueRank></CSValue><UnitOfMeasure><UnitOfMeasureCode>3000058</UnitOfMeasureCode><UnitOfMeasureName>Millimeter</UnitOfMeasureName><UnitOfMeasureSymbol>mm</UnitOfMeasureSymbol></UnitOfMeasure></CSItem><CSItem><CSItemCode>3010080</CSItemCode><CSItemName>Gerätehöhe (inkl. Fuß)</CSItemName><CSItemRank>8</CSItemRank><CSItemIsFreeFormat>1</CSItemIsFreeFormat><CSValue><CSValueCode>3045266</CSValueCode><CSValueName>679,0</CSValueName><CSValueRank>1</CSValueRank></CSValue><UnitOfMeasure><UnitOfMeasureCode>3000058</UnitOfMeasureCode><UnitOfMeasureName>Millimeter</UnitOfMeasureName><UnitOfMeasureSymbol>mm</UnitOfMeasureSymbol></UnitOfMeasure></CSItem><CSItem><CSItemCode>3010079</CSItemCode><CSItemName>Gerätetiefe (inkl. Fuß)</CSItemName><CSItemRank>9</CSItemRank><CSItemIsFreeFormat>1</CSItemIsFreeFormat><CSValue><CSValueCode>3045265</CSValueCode><CSValueName>241,4</CSValueName><CSValueRank>1</CSValueRank></CSValue><UnitOfMeasure><UnitOfMeasureCode>3000058</UnitOfMeasureCode><UnitOfMeasureName>Millimeter</UnitOfMeasureName><UnitOfMeasureSymbol>mm</UnitOfMeasureSymbol></UnitOfMeasure></CSItem><CSItem><CSItemCode>IT4042932</CSItemCode><CSItemName>Breitenabstand des Standfußes</CSItemName><CSItemRank>10</CSItemRank><CSItemIsFreeFormat>1</CSItemIsFreeFormat><CSValue><CSValueCode>VA4099201</CSValueCode><CSValueName>938,0</CSValueName><CSValueRank>1</CSValueRank></CSValue><UnitOfMeasure><UnitOfMeasureCode>3000058</UnitOfMeasureCode><UnitOfMeasureName>Millimeter</UnitOfMeasureName><UnitOfMeasureSymbol>mm</UnitOfMeasureSymbol></UnitOfMeasure></CSItem><CSItem><CSItemCode>3006873</CSItemCode><CSItemName>Produktgewicht</CSItemName><CSItemRank>11</CSItemRank><CSItemIsFreeFormat>1</CSItemIsFreeFormat><CSValue><CSValueCode>3033208</CSValueCode><CSValueName>11,2</CSValueName><CSValueRank>1</CSValueRank></CSValue><UnitOfMeasure><UnitOfMeasureCode>3000049</UnitOfMeasureCode><UnitOfMeasureName>Kilogramm</UnitOfMeasureName><UnitOfMeasureSymbol>kg</UnitOfMeasureSymbol></UnitOfMeasure></CSItem><CSItem><CSItemCode>3010611</CSItemCode><CSItemName>Produktgewicht (+ Ständer)</CSItemName><CSItemRank>12</CSItemRank><CSItemIsFreeFormat>1</CSItemIsFreeFormat><CSValue><CSValueCode>3047710</CSValueCode><CSValueName>11,4</CSValueName><CSValueRank>1</CSValueRank></CSValue><UnitOfMeasure><UnitOfMeasureCode>3000049</UnitOfMeasureCode><UnitOfMeasureName>Kilogramm</UnitOfMeasureName><UnitOfMeasureSymbol>kg</UnitOfMeasureSymbol></UnitOfMeasure></CSItem><CSItem><CSItemCode>3006911</CSItemCode><CSItemName>Gewicht (inkl. Verpackung)</CSItemName><CSItemRank>13</CSItemRank><CSItemIsFreeFormat>1</CSItemIsFreeFormat><CSValue><CSValueCode>3033246</CSValueCode><CSValueName>15,8</CSValueName><CSValueRank>1</CSValueRank></CSValue><UnitOfMeasure><UnitOfMeasureCode>3000049</UnitOfMeasureCode><UnitOfMeasureName>Kilogramm</UnitOfMeasureName><UnitOfMeasureSymbol>kg</UnitOfMeasureSymbol></UnitOfMeasure></CSItem><CSItem><CSItemCode>4000961</CSItemCode><CSItemName>VESA-kompatible Wandhalterung</CSItemName><CSItemRank>14</CSItemRank><CSItemIsFreeFormat>0</CSItemIsFreeFormat><CSValue><CSValueCode>VA4006542</CSValueCode><CSValueName>200 x 200 mm</CSValueName><CSValueRank>1</CSValueRank></CSValue></CSItem></CSChapter><CSChapter><CSChapterCode>CH4007881</CSChapterCode><CSChapterName>Farbe und Design</CSChapterName><CSChapterRank>11</CSChapterRank><CSItem><CSItemCode>IT4038828</CSItemCode><CSItemName>Vorderseite des Fernsehers</CSItemName><CSItemRank>1</CSItemRank><CSItemIsFreeFormat>0</CSItemIsFreeFormat><CSValue><CSValueCode>VA4090138</CSValueCode><CSValueName>Silberfarben</CSValueName><CSValueRank>1</CSValueRank></CSValue></CSItem></CSChapter><CSChapter><CSChapterCode>3000815</CSChapterCode><CSChapterName>Zubehör</CSChapterName><CSChapterRank>12</CSChapterRank><CSItem><CSItemCode>3006778</CSItemCode><CSItemName>Mitgeliefertes Zubehör</CSItemName><CSItemRank>1</CSItemRank><CSItemIsFreeFormat>0</CSItemIsFreeFormat><CSValue><CSValueCode>3033001</CSValueCode><CSValueName>Fernbedienung</CSValueName><CSValueRank>1</CSValueRank></CSValue><CSValue><CSValueCode>3047451</CSValueCode><CSValueName>2 AAA-Batterien</CSValueName><CSValueRank>2</CSValueRank></CSValue><CSValue><CSValueCode>3033554</CSValueCode><CSValueName>Netzkabel</CSValueName><CSValueRank>3</CSValueRank></CSValue><CSValue><CSValueCode>3033561</CSValueCode><CSValueName>Kurzanleitung</CSValueName><CSValueRank>4</CSValueRank></CSValue><CSValue><CSValueCode>VA4015925</CSValueCode><CSValueName>Broschüre zu rechtlichen und Sicherheitsinformationen</CSValueName><CSValueRank>5</CSValueRank></CSValue><CSValue><CSValueCode>3033021</CSValueCode><CSValueName>Tischfuß</CSValueName><CSValueRank>6</CSValueRank></CSValue></CSItem></CSChapter><Filters><Purpose type="Comparison"><Features><Feature code="F400081553" rank="1" referenceName="open stand 2017"/><Feature code="F400076580" rank="2" referenceName="Pixel Plus HD (2016)"/><Feature code="F400063331" rank="3" referenceName="Full HD LED TV (2014)"/><Feature code="F400070661" rank="4" referenceName="Philips TV/STA gallery (2015)"/><Feature code="F400085583" rank="5" referenceName="Saphi TV system EU"/><Feature code="F400063306" rank="6" referenceName="Two HDMI inputs with Easylink (2014)"/><Feature code="F400063309" rank="7" referenceName="USB (photos, music, video) (2014)"/></Features><CSItems><CSItem code="IT4009349" rank="1" referenceName="Bild/Anzeige - Anzeige"/><CSItem code="IT4037468" rank="1" referenceName="Smart TV-Funktionen - Einfache Installation"/><CSItem code="3006270" rank="1" referenceName="Ton - Ausgangsleistung (RMS)"/><CSItem code="IT4006781" rank="1" referenceName="Anschlüsse - Anzahl HDMI-Anschlüsse"/><CSItem code="IT4008764" rank="1" referenceName="Multimedia-Anwendungen - Videowiedergabeformate"/><CSItem code="IT4009352" rank="1" referenceName="Unterstützte Display-Auflösung - Computereingänge"/><CSItem code="IT4041210" rank="1" referenceName="Tuner/Empfang/Übertragung - HEVC-Unterstützung"/><CSItem code="3007003" rank="1" referenceName="Leistung - Netzstrom"/><CSItem code="3006821" rank="1" referenceName="Abmessungen - Verpackungsbreite"/><CSItem code="IT4038828" rank="1" referenceName="Farbe und Design - Vorderseite des Fernsehers"/><CSItem code="3006778" rank="1" referenceName="Zubehör - Mitgeliefertes Zubehör"/><CSItem code="3006140" rank="2" referenceName="Bild/Anzeige - Bildschirmgröße diagonal (cm)"/><CSItem code="IT4037469" rank="2" referenceName="Smart TV-Funktionen - Einfache Bedienung"/><CSItem code="3006277" rank="2" referenceName="Ton - Verbesserung der Soundqualität"/><CSItem code="IT4015984" rank="2" referenceName="Anschlüsse - Anzahl der USB-Anschlüsse"/><CSItem code="IT4033451" rank="2" referenceName="Multimedia-Anwendungen - Unterstützte Untertitelformate"/><CSItem code="IT4009351" rank="2" referenceName="Unterstützte Display-Auflösung - Videoeingänge"/><CSItem code="3007491" rank="2" referenceName="Tuner/Empfang/Übertragung - Digitales Fernsehen"/><CSItem code="3007001" rank="2" referenceName="Leistung - Standby-Stromverbrauch"/><CSItem code="3006820" rank="2" referenceName="Abmessungen - Verpackungshöhe"/><CSItem code="3006139" rank="3" referenceName="Bild/Anzeige - Bildschirmgröße diagonal (Zoll)"/><CSItem code="IT4037470" rank="3" referenceName="Smart TV-Funktionen - Upgradefähige Firmware"/><CSItem code="3006573" rank="3" referenceName="Anschlüsse - Weitere Anschlüsse"/><CSItem code="IT4008762" rank="3" referenceName="Multimedia-Anwendungen - Musikwiedergabeformate"/><CSItem code="IT4028192" rank="3" referenceName="Tuner/Empfang/Übertragung - MPEG-Unterstützung"/><CSItem code="IT4009431" rank="3" referenceName="Leistung - Stromverbrauch (ausgeschaltet)"/><CSItem code="3006819" rank="3" referenceName="Abmessungen - Verpackungstiefe"/><CSItem code="3006177" rank="4" referenceName="Bild/Anzeige - Auflösung des Displays"/><CSItem code="IT4037465" rank="4" referenceName="Smart TV-Funktionen - Interactive TV"/><CSItem code="IT4001802" rank="4" referenceName="Anschlüsse - EasyLink (HDMI-CEC)"/><CSItem code="IT4008763" rank="4" referenceName="Multimedia-Anwendungen - Bildwiedergabeformate"/><CSItem code="3006515" rank="4" referenceName="Tuner/Empfang/Übertragung - Videowiedergabe"/><CSItem code="4000081" rank="4" referenceName="Leistung - Umgebungstemperatur"/><CSItem code="3006884" rank="4" referenceName="Abmessungen - Gerätebreite"/><CSItem code="3006121" rank="5" referenceName="Bild/Anzeige - Bildformat"/><CSItem code="IT4037472" rank="5" referenceName="Smart TV-Funktionen - Philips TV Remote App*"/><CSItem code="3006591" rank="5" referenceName="Anschlüsse - Kabellose Verbindungen"/><CSItem code="IT4008765" rank="5" referenceName="Leistung - Energiesparfunktionen"/><CSItem code="3006882" rank="5" referenceName="Abmessungen - Gerätehöhe"/><CSItem code="IT4013216" rank="6" referenceName="Bild/Anzeige - Spitzenluminanzverhältnis"/><CSItem code="IT4037466" rank="6" referenceName="Smart TV-Funktionen - Sendung"/><CSItem code="IT4015354" rank="6" referenceName="Leistung - Energieeffizienzklasse"/><CSItem code="3006881" rank="6" referenceName="Abmessungen - Gerätetiefe"/><CSItem code="3006183" rank="7" referenceName="Bild/Anzeige - Bildoptimierung"/><CSItem code="IT4037471" rank="7" referenceName="Smart TV-Funktionen - Bildschirmformat-Anpassung"/><CSItem code="IT4016791" rank="7" referenceName="Leistung - Stromversorgung mit EU-Energie-Label"/><CSItem code="3010081" rank="7" referenceName="Abmessungen - Gerätebreite (inkl. Fuß)"/><CSItem code="IT4037467" rank="8" referenceName="Smart TV-Funktionen - SmartTV-Apps*"/><CSItem code="IT4013218" rank="8" referenceName="Leistung - Jährlicher Energieverbrauch"/><CSItem code="3010080" rank="8" referenceName="Abmessungen - Gerätehöhe (inkl. Fuß)"/><CSItem code="IT4037464" rank="9" referenceName="Smart TV-Funktionen - Benutzerinteraktion"/><CSItem code="IT4013217" rank="9" referenceName="Leistung - Quecksilbergehalt"/><CSItem code="3010079" rank="9" referenceName="Abmessungen - Gerätetiefe (inkl. Fuß)"/><CSItem code="IT4013214" rank="10" referenceName="Leistung - Bleihaltig"/><CSItem code="IT4042932" rank="10" referenceName="Abmessungen - Breitenabstand des Standfußes"/><CSItem code="3006873" rank="11" referenceName="Abmessungen - Produktgewicht"/><CSItem code="3010611" rank="12" referenceName="Abmessungen - Produktgewicht (+ Ständer)"/><CSItem code="3006911" rank="13" referenceName="Abmessungen - Gewicht (inkl. Verpackung)"/><CSItem code="4000961" rank="14" referenceName="Abmessungen - VESA-kompatible Wandhalterung"/></CSItems></Purpose><Purpose type="Detail"><Features><Feature code="F400081553" rank="1" referenceName="open stand 2017"/><Feature code="F400076580" rank="2" referenceName="Pixel Plus HD (2016)"/><Feature code="F400063331" rank="3" referenceName="Full HD LED TV (2014)"/><Feature code="F400070661" rank="4" referenceName="Philips TV/STA gallery (2015)"/><Feature code="F400085583" rank="5" referenceName="Saphi TV system EU"/><Feature code="F400063306" rank="6" referenceName="Two HDMI inputs with Easylink (2014)"/><Feature code="F400063309" rank="7" referenceName="USB (photos, music, video) (2014)"/></Features><CSItems><CSItem code="IT4009349" rank="1" referenceName="Bild/Anzeige - Anzeige"/><CSItem code="IT4037468" rank="1" referenceName="Smart TV-Funktionen - Einfache Installation"/><CSItem code="3006270" rank="1" referenceName="Ton - Ausgangsleistung (RMS)"/><CSItem code="IT4006781" rank="1" referenceName="Anschlüsse - Anzahl HDMI-Anschlüsse"/><CSItem code="IT4008764" rank="1" referenceName="Multimedia-Anwendungen - Videowiedergabeformate"/><CSItem code="IT4009352" rank="1" referenceName="Unterstützte Display-Auflösung - Computereingänge"/><CSItem code="IT4041210" rank="1" referenceName="Tuner/Empfang/Übertragung - HEVC-Unterstützung"/><CSItem code="3007003" rank="1" referenceName="Leistung - Netzstrom"/><CSItem code="3006821" rank="1" referenceName="Abmessungen - Verpackungsbreite"/><CSItem code="IT4038828" rank="1" referenceName="Farbe und Design - Vorderseite des Fernsehers"/><CSItem code="3006778" rank="1" referenceName="Zubehör - Mitgeliefertes Zubehör"/><CSItem code="3006140" rank="2" referenceName="Bild/Anzeige - Bildschirmgröße diagonal (cm)"/><CSItem code="IT4037469" rank="2" referenceName="Smart TV-Funktionen - Einfache Bedienung"/><CSItem code="3006277" rank="2" referenceName="Ton - Verbesserung der Soundqualität"/><CSItem code="IT4015984" rank="2" referenceName="Anschlüsse - Anzahl der USB-Anschlüsse"/><CSItem code="IT4033451" rank="2" referenceName="Multimedia-Anwendungen - Unterstützte Untertitelformate"/><CSItem code="IT4009351" rank="2" referenceName="Unterstützte Display-Auflösung - Videoeingänge"/><CSItem code="3007491" rank="2" referenceName="Tuner/Empfang/Übertragung - Digitales Fernsehen"/><CSItem code="3007001" rank="2" referenceName="Leistung - Standby-Stromverbrauch"/><CSItem code="3006820" rank="2" referenceName="Abmessungen - Verpackungshöhe"/><CSItem code="3006139" rank="3" referenceName="Bild/Anzeige - Bildschirmgröße diagonal (Zoll)"/><CSItem code="IT4037470" rank="3" referenceName="Smart TV-Funktionen - Upgradefähige Firmware"/><CSItem code="3006573" rank="3" referenceName="Anschlüsse - Weitere Anschlüsse"/><CSItem code="IT4008762" rank="3" referenceName="Multimedia-Anwendungen - Musikwiedergabeformate"/><CSItem code="IT4028192" rank="3" referenceName="Tuner/Empfang/Übertragung - MPEG-Unterstützung"/><CSItem code="IT4009431" rank="3" referenceName="Leistung - Stromverbrauch (ausgeschaltet)"/><CSItem code="3006819" rank="3" referenceName="Abmessungen - Verpackungstiefe"/><CSItem code="3006177" rank="4" referenceName="Bild/Anzeige - Auflösung des Displays"/><CSItem code="IT4037465" rank="4" referenceName="Smart TV-Funktionen - Interactive TV"/><CSItem code="IT4001802" rank="4" referenceName="Anschlüsse - EasyLink (HDMI-CEC)"/><CSItem code="IT4008763" rank="4" referenceName="Multimedia-Anwendungen - Bildwiedergabeformate"/><CSItem code="3006515" rank="4" referenceName="Tuner/Empfang/Übertragung - Videowiedergabe"/><CSItem code="4000081" rank="4" referenceName="Leistung - Umgebungstemperatur"/><CSItem code="3006884" rank="4" referenceName="Abmessungen - Gerätebreite"/><CSItem code="3006121" rank="5" referenceName="Bild/Anzeige - Bildformat"/><CSItem code="IT4037472" rank="5" referenceName="Smart TV-Funktionen - Philips TV Remote App*"/><CSItem code="3006591" rank="5" referenceName="Anschlüsse - Kabellose Verbindungen"/><CSItem code="IT4008765" rank="5" referenceName="Leistung - Energiesparfunktionen"/><CSItem code="3006882" rank="5" referenceName="Abmessungen - Gerätehöhe"/><CSItem code="IT4013216" rank="6" referenceName="Bild/Anzeige - Spitzenluminanzverhältnis"/><CSItem code="IT4037466" rank="6" referenceName="Smart TV-Funktionen - Sendung"/><CSItem code="IT4015354" rank="6" referenceName="Leistung - Energieeffizienzklasse"/><CSItem code="3006881" rank="6" referenceName="Abmessungen - Gerätetiefe"/><CSItem code="3006183" rank="7" referenceName="Bild/Anzeige - Bildoptimierung"/><CSItem code="IT4037471" rank="7" referenceName="Smart TV-Funktionen - Bildschirmformat-Anpassung"/><CSItem code="IT4016791" rank="7" referenceName="Leistung - Stromversorgung mit EU-Energie-Label"/><CSItem code="3010081" rank="7" referenceName="Abmessungen - Gerätebreite (inkl. Fuß)"/><CSItem code="IT4037467" rank="8" referenceName="Smart TV-Funktionen - SmartTV-Apps*"/><CSItem code="IT4013218" rank="8" referenceName="Leistung - Jährlicher Energieverbrauch"/><CSItem code="3010080" rank="8" referenceName="Abmessungen - Gerätehöhe (inkl. Fuß)"/><CSItem code="IT4037464" rank="9" referenceName="Smart TV-Funktionen - Benutzerinteraktion"/><CSItem code="IT4013217" rank="9" referenceName="Leistung - Quecksilbergehalt"/><CSItem code="3010079" rank="9" referenceName="Abmessungen - Gerätetiefe (inkl. Fuß)"/><CSItem code="IT4013214" rank="10" referenceName="Leistung - Bleihaltig"/><CSItem code="IT4042932" rank="10" referenceName="Abmessungen - Breitenabstand des Standfußes"/><CSItem code="3006873" rank="11" referenceName="Abmessungen - Produktgewicht"/><CSItem code="3010611" rank="12" referenceName="Abmessungen - Produktgewicht (+ Ständer)"/><CSItem code="3006911" rank="13" referenceName="Abmessungen - Gewicht (inkl. Verpackung)"/><CSItem code="4000961" rank="14" referenceName="Abmessungen - VESA-kompatible Wandhalterung"/></CSItems></Purpose></Filters><FeatureCompareGroups/><Disclaimers><Disclaimer code="DIS40004404" rank="1" referenceName="8 days EPG"><DisclaimerText>EPG und der darin angezeigte Sendezeitraum (bis zu 8 Tage) ist vom Land und Anbieter anhängig.</DisclaimerText><DisclaimElements/></Disclaimer><Disclaimer code="DIS40001802" rank="2" referenceName="Annual energy consumption"><DisclaimerText>Energieverbrauch in kWh pro Jahr, beruhend auf dem Stromverbrauch des Fernsehers, wenn dieser 4 Stunden pro Tag an 365 Tagen in Betrieb ist. Der tatsächliche Energieverbrauch hängt davon ab, wie der Fernseher verwendet wird.</DisclaimerText><DisclaimElements/></Disclaimer><Disclaimer code="DIS40001441" rank="3" referenceName="DVB  disclaimer (2010)"><DisclaimerText>Der Fernseher unterstützt DVB-T-Empfang für Free-to-Air-Übertragungen. Bestimmte DVB-T-Betreiber werden möglicherweise nicht unterstützt. Eine aktuelle Liste dieser Betreiber finden Sie in den FAQs auf der Philips Support-Website. Bei einigen Betreibern sind Conditional Access und ein Abonnement erforderlich. Weitere Informationen erhalten Sie von Ihrem Betreiber.</DisclaimerText><DisclaimElements/></Disclaimer><Disclaimer code="DIS40006403" rank="4" referenceName="for all (Philips)"><DisclaimerText>(Philips) nur mit spezifischem Philips Player kompatibel.</DisclaimerText><DisclaimElements/></Disclaimer><Disclaimer code="DIS40001803" rank="5" referenceName="This television contains lead only in certain parts"><DisclaimerText>Einige Komponenten dieses Fernsehers, bei denen technologisch keine Alternative besteht, enthalten Blei. Dies entspricht der geltenden Ausnahmeregelung der RoHS-Richtlinie.</DisclaimerText><DisclaimElements/></Disclaimer></Disclaimers><AccessoryByPacked><AccessoryByPackedCode>ABPP_3033001</AccessoryByPackedCode><AccessoryByPackedReference>Fernbedienung</AccessoryByPackedReference><AccessoryByPackedName>Fernbedienung</AccessoryByPackedName><AccessoryByPackedRank>1</AccessoryByPackedRank></AccessoryByPacked><AccessoryByPacked><AccessoryByPackedCode>ABPP_3047451</AccessoryByPackedCode><AccessoryByPackedReference>2 AAA-Batterien</AccessoryByPackedReference><AccessoryByPackedName>2 AAA-Batterien</AccessoryByPackedName><AccessoryByPackedRank>2</AccessoryByPackedRank></AccessoryByPacked><AccessoryByPacked><AccessoryByPackedCode>ABPP_3033554</AccessoryByPackedCode><AccessoryByPackedReference>Netzkabel</AccessoryByPackedReference><AccessoryByPackedName>Netzkabel</AccessoryByPackedName><AccessoryByPackedRank>3</AccessoryByPackedRank></AccessoryByPacked><AccessoryByPacked><AccessoryByPackedCode>ABPP_3033561</AccessoryByPackedCode><AccessoryByPackedReference>Kurzanleitung</AccessoryByPackedReference><AccessoryByPackedName>Kurzanleitung</AccessoryByPackedName><AccessoryByPackedRank>4</AccessoryByPackedRank></AccessoryByPacked><AccessoryByPacked><AccessoryByPackedCode>ABPP_VA4015925</AccessoryByPackedCode><AccessoryByPackedReference>Broschüre zu rechtlichen und Sicherheitsinformationen</AccessoryByPackedReference><AccessoryByPackedName>Broschüre zu rechtlichen und Sicherheitsinformationen</AccessoryByPackedName><AccessoryByPackedRank>5</AccessoryByPackedRank></AccessoryByPacked><AccessoryByPacked><AccessoryByPackedCode>ABPP_3033021</AccessoryByPackedCode><AccessoryByPackedReference>Tischfuß</AccessoryByPackedReference><AccessoryByPackedName>Tischfuß</AccessoryByPackedName><AccessoryByPackedRank>6</AccessoryByPackedRank></AccessoryByPacked><ProductReference ProductReferenceType="Accessory"><CTN>SQM6125/10</CTN><ProductReferenceRank>0</ProductReferenceRank></ProductReference><ProductReference ProductReferenceType="Accessory"><CTN>SQM6175/10</CTN><ProductReferenceRank>0</ProductReferenceRank></ProductReference><RichTexts/></Product></Products>