<?xml version="1.0" encoding="UTF-8"?><Products xmlns:source="http://apache.org/cocoon/source/1.0" DocStatus="approved" DocTimeStamp="2018-10-23T10:52:26"><Product Country="DE" IsAccessory="false" IsLocalized="true" IsMaster="false" Locale="de_DE" lastModified="2018-10-22T04:18:25" masterLastModified="2018-10-05T00:35:25"><CTN>5049130P0</CTN><Code12NC>915005528001</Code12NC><GTIN>8718696164518</GTIN><MarketingVersion>3.0.2</MarketingVersion><MarketingStatus>Final Published</MarketingStatus><CRDate>2017-04-21</CRDate><CRDateYW>201716</CRDateYW><ModelYears><ModelYear>2017</ModelYear></ModelYears><ProductDivision><ProductDivisionCode>0100</ProductDivisionCode><ProductDivisionName>Lighting</ProductDivisionName><FormerPDCode>0100</FormerPDCode></ProductDivision><ProductOwner>Mihaela Mihaylova</ProductOwner><DTN>50491/30/P0</DTN><Catalog><StartOfPublication>2017-07-03T00:00:00</StartOfPublication><EndOfPublication>2300-01-01T00:00:00</EndOfPublication><StartOfSales>2017-07-03T00:00:00</StartOfSales><EndOfSales>2300-01-01T00:00:00</EndOfSales><DummyPrice/><Deleted>false</Deleted><DeleteAfterDate/><ProductRank>50</ProductRank></Catalog><FinancialCategorization><BusinessGroupCode>9021</BusinessGroupCode><BusinessGroupName>Home</BusinessGroupName><BusinessUnitCode>9159</BusinessUnitCode><BusinessUnitName>Home Luminaires</BusinessUnitName><MainArticleGroupCode>G77</MainArticleGroupCode><MainArticleGroupName>Build-on Spots</MainArticleGroupName><ArticleGroupCode>4915</ArticleGroupCode><ArticleGroupName>Build-On Spots - Single/Clip Spot</ArticleGroupName></FinancialCategorization><Categorization type="CONSUMER"><GroupCode>LIGHTING_GR</GroupCode><GroupName>Lighting</GroupName><CategoryCode>CHOOSE_YOUR_LUMINAIRE_CA</CategoryCode><CategoryName>Choose a fixture</CategoryName><SubcategoryCode>CONCEPT_MYLIVING_SU</SubcategoryCode><SubcategoryName>myLiving</SubcategoryName></Categorization><Assets><Asset code="5049130P0" description="Leaflet" extension="pdf" lastModified="2018-10-20" locale="de_DE" number="001" type="PSS">http://download.p4c.philips.com/files/5/5049130p0/5049130p0_pss_deude.pdf</Asset><Asset code="5049130P0" description="Retail Trade Leaflet" extension="pdf" lastModified="2018-10-17" locale="de_DE" number="001" type="RTL">http://download.p4c.philips.com/files/5/5049130p0/5049130p0_rtl_deude.pdf</Asset><Asset code="5049130P0" description="Alternative product photograph 1 - highres 2196x1795" extension="tif" lastModified="2017-05-23" locale="global" number="001" type="A1P">http://images.philips.com/is/image/PhilipsConsumer/5049130P0-A1P-global-001</Asset><Asset code="5049130P0" description="Alternative product photograph - highres 2196x1795" extension="tif" lastModified="2017-05-23" locale="global" number="001" type="APP">http://images.philips.com/is/image/PhilipsConsumer/5049130P0-APP-global-001</Asset><Asset code="5049130P0" description="Main in-use photograph - highres 2480x1462" extension="tif" lastModified="2018-06-21" locale="global" number="001" type="MI1">http://images.philips.com/is/image/PhilipsConsumer/5049130P0-MI1-global-001</Asset><Asset code="5049130P0" description="Packaging photograph - highres 1447x756" extension="tif" lastModified="2018-02-06" locale="global" number="001" type="PID">http://images.philips.com/is/image/PhilipsConsumer/5049130P0-PID-global-001</Asset><Asset code="5049130P0" description="Packaging photograph - master" extension="jpg" lastModified="2018-02-06" locale="global" number="001" type="PIM">http://download.p4c.philips.com/files/5/5049130p0/5049130p0_pim_.jpg</Asset><Asset code="5049130P0" description="Packaging photograph - small 90x65" extension="jpg" lastModified="2018-02-06" locale="global" number="001" type="PIS">http://download.p4c.philips.com/files/5/5049130p0/5049130p0_pis_.jpg</Asset><Asset code="5049130P0" description="Leaflet" extension="pdf" lastModified="2018-10-20" locale="global" number="001" type="PSS">http://download.p4c.philips.com/files/5/5049130p0/5049130p0_pss_.pdf</Asset><Asset code="5049130P0" description="Standard product photograph - highres 2196x1795" extension="tif" lastModified="2018-06-21" locale="global" number="001" type="RTP">http://images.philips.com/is/image/PhilipsConsumer/5049130P0-RTP-global-001</Asset><Asset code="5049130P0" description="Product In Use 1 - highres 2196x1795" extension="tif" lastModified="2018-04-04" locale="global" number="001" type="U1P">http://images.philips.com/is/image/PhilipsConsumer/5049130P0-U1P-global-001</Asset><Asset code="5049130P0" description="Product In Use 2 - highres 2196x1795" extension="tif" lastModified="2018-03-19" locale="global" number="001" type="U2P">http://images.philips.com/is/image/PhilipsConsumer/5049130P0-U2P-global-001</Asset><Asset code="5049130P0" description="Product In Use 3 - highres 2196x1795" extension="tif" lastModified="2018-03-17" locale="global" number="001" type="U3P">http://images.philips.com/is/image/PhilipsConsumer/5049130P0-U3P-global-001</Asset><Asset code="5049130P0" description="Single product shot" extension="" lastModified="2018-10-22" locale="de_DE" number="" type="IMS">http://images.philips.com/is/image/PhilipsConsumer/5049130P0-IMS-de_DE</Asset><Asset code="5049130P0" description="Product gallery image set" extension="" lastModified="2018-10-22" locale="de_DE" number="" type="GAL">http://images.philips.com/is/image/PhilipsConsumer/5049130P0-GAL-de_DE</Asset><Asset code="5049130P0" description="Product URL" extension="" lastModified="2018-10-22" locale="de_DE" number="" type="URL">http://www.philips.de/c-p/5049130P0/warmglow-led-box-einzel-spotleuchte</Asset><Asset code="F400084848" description="Feature photograph - highres 2100x1170" extension="tif" lastModified="2017-11-02" locale="global" number="001" type="FIL">http://images.philips.com/is/image/PhilipsConsumer/F400084848-FIL-global-001</Asset><Asset code="F400084848" description="Feature logo - highres 331x213" extension="tif" lastModified="2017-11-02" locale="global" number="001" type="FLP">http://images.philips.com/is/image/PhilipsConsumer/F400084848-FLP-global-001</Asset><Asset code="F400086696" description="Feature logo - highres 331x213" extension="tif" lastModified="2018-04-10" locale="global" number="001" type="FLP">http://images.philips.com/is/image/PhilipsConsumer/F400086696-FLP-global-001</Asset><Asset code="F400086697" description="Feature logo - highres 331x213" extension="tif" lastModified="2018-04-10" locale="global" number="001" type="FLP">http://images.philips.com/is/image/PhilipsConsumer/F400086697-FLP-global-001</Asset><Asset code="F400086699" description="Feature logo - highres 331x213" extension="tif" lastModified="2018-04-10" locale="global" number="001" type="FLP">http://images.philips.com/is/image/PhilipsConsumer/F400086699-FLP-global-001</Asset><Asset code="F400086704" description="Feature logo - highres 331x213" extension="tif" lastModified="2018-04-10" locale="global" number="001" type="FLP">http://images.philips.com/is/image/PhilipsConsumer/F400086704-FLP-global-001</Asset><Asset code="F400086848" description="Feature logo - highres 331x213" extension="tif" lastModified="2018-04-11" locale="global" number="001" type="FLP">http://images.philips.com/is/image/PhilipsConsumer/F400086848-FLP-global-001</Asset><Asset code="F400086860" description="Feature photograph - highres 2100x1170" extension="tif" lastModified="2018-06-08" locale="global" number="001" type="FIL">http://images.philips.com/is/image/PhilipsConsumer/F400086860-FIL-global-001</Asset><Asset code="F400086938" description="Feature logo - highres 331x213" extension="tif" lastModified="2018-04-10" locale="global" number="001" type="FLP">http://images.philips.com/is/image/PhilipsConsumer/F400086938-FLP-global-001</Asset><Asset code="F400086939" description="Feature logo - highres 331x213" extension="tif" lastModified="2018-04-09" locale="global" number="001" type="FLP">http://images.philips.com/is/image/PhilipsConsumer/F400086939-FLP-global-001</Asset><Asset code="PHI" description="Brand logo - highres 1476x886" extension="tif" lastModified="2016-02-18" locale="global" number="001" type="BRP">http://images.philips.com/is/image/PhilipsConsumer/PHI-BRP-global-001</Asset></Assets><ProductName>WarmGlow dimmbare Leuchte Box Einzel-Spotleuchte</ProductName><FullProductName>Philips Warmglow LED Box Einzel-Spotleuchte 50491/30/P0 Warmglow dimmbare Leuchte Perfekt zum Schaffen von Atmosphäre Sanftes LED-Licht, schont die Augen Hochwertige Materialien</FullProductName><NamingString><MasterBrand><BrandCode>PHI</BrandCode><BrandName>Philips</BrandName></MasterBrand><BrandString>Philips</BrandString><Family><FamilyCode>PLM0345005</FamilyCode><FamilyName>Warmglow LED</FamilyName><FamilyNameUsed>1</FamilyNameUsed></Family><Descriptor><DescriptorCode>PLM1000246</DescriptorCode><DescriptorName>Box Einzel-Spotleuchte</DescriptorName></Descriptor><Alphanumeric>50491/30/P0</Alphanumeric><VersionElement1><VersionElementCode>PLM1000236</VersionElementCode><VersionElementName>WarmGlow dimmbare Leuchte</VersionElementName></VersionElement1><VersionElement2><VersionElementCode>PLM1000206</VersionElementCode><VersionElementName>Perfekt zum Schaffen von Atmosphäre</VersionElementName></VersionElement2><VersionElement3><VersionElementCode>PLM1000207</VersionElementCode><VersionElementName>Sanfte LED, schont die Augen</VersionElementName></VersionElement3><VersionElement4><VersionElementCode>PLM1000208</VersionElementCode><VersionElementName>Qualitativ hochwertiges Material</VersionElementName></VersionElement4><VersionString>Warmglow dimmbare Leuchte Perfekt zum Schaffen von Atmosphäre Sanftes LED-Licht, schont die Augen Hochwertige Materialien</VersionString><BrandedFeatureString/><DescriptorBrandedFeatureString>Box Einzel-Spotleuchte</DescriptorBrandedFeatureString></NamingString><WOW>Je mehr Sie dimmen, desto wärmer das Licht</WOW><SubWOW>Mit einem Großteil der LED-Dimmer kompatibel</SubWOW><MarketingTextHeader>Verändere dein Raumambiente passend zu der aktuellen Umgebung. Mit den Philips WarmGlow LED-Spots kannst du die gewünschte Lichtintensität stufenlos einstellen – von funktional hell bis einladend warm für eine gemütliche Atmosphäre. Je mehr du dimmst, desto wärmer das Licht.</MarketingTextHeader><KeyBenefitArea><KeyBenefitAreaCode>K4035550</KeyBenefitAreaCode><KeyBenefitAreaName>Vielseitige Beleuchtung für jeden Moment deines Tages</KeyBenefitAreaName><KeyBenefitAreaRank>1</KeyBenefitAreaRank><Feature><FeatureCode>F400084848</FeatureCode><FeatureReferenceName>WarmGlow [LED lums, Spots]</FeatureReferenceName><FeatureName>Warmes, dimmbares Licht</FeatureName><FeatureLongDescription>Ändern Sie das Ambiente mit einer Umdrehung Ihres Dimmers</FeatureLongDescription><FeatureGlossary>Ändern Sie das Ambiente im Raum passend zu Ihren Aktivitäten. Mit den Philips WarmGlow LED-Spots können Sie das perfekte Ambiente mit einer Umdrehung Ihres Dimmers schaffen. Dimmen Sie sachte von praktischem hellen Licht (ca. 2700 K) zu einladendem warmen Licht (ca. 2200 K) für lauschige Abende. Je mehr Sie dimmen, desto wärmer wird das Licht.</FeatureGlossary><FeatureRank>1</FeatureRank><FeatureTopRank>1</FeatureTopRank></Feature></KeyBenefitArea><KeyBenefitArea><KeyBenefitAreaCode>K4035549</KeyBenefitAreaCode><KeyBenefitAreaName>Beleuchtung nach deinen Bedürfnissen und für deine Sicherheit</KeyBenefitAreaName><KeyBenefitAreaRank>2</KeyBenefitAreaRank><Feature><FeatureCode>F400086860</FeatureCode><FeatureReferenceName>EyeComfort [LED lums, LED lamps]</FeatureReferenceName><FeatureName>Sanfte, angenehme LEDs</FeatureName><FeatureLongDescription>Gestaltet für deinen Sehkomfort</FeatureLongDescription><FeatureGlossary>Eine schlechte Beleuchtung kann die Augen sehr belasten: Zu helles Licht blendet die Augen, zu weiches Licht erzeugt ein Flackern in den Augen. Jetzt kannst du deine Umgebung mit LEDs beleuchten, die für angenehmes Licht entwickelt wurden, und das perfekte Ambiente für dein Zuhause einrichten.</FeatureGlossary><FeatureRank>1</FeatureRank><FeatureTopRank>2</FeatureTopRank></Feature><Feature><FeatureCode>F400086848</FeatureCode><FeatureReferenceName>High light output - 500 lumen [LED lums, Spots]</FeatureReferenceName><FeatureName>Hohe Lichtleistung – 500 Lumen</FeatureName><FeatureLongDescription>Hohe Lichtleistung – 500 Lumen</FeatureLongDescription><FeatureRank>2</FeatureRank><FeatureTopRank>3</FeatureTopRank></Feature><Feature><FeatureCode>F400086938</FeatureCode><FeatureReferenceName>Integrated LED light [LED lums, Spots]</FeatureReferenceName><FeatureName>Integrierte LED-Lichtquelle</FeatureName><FeatureLongDescription>Integrierte LED-Lichtquelle</FeatureLongDescription><FeatureGlossary>Dieser Spot verfügt über eine integrierte hochwertige LED-Leuchte, die eine optimale Lichtausbeute bietet.</FeatureGlossary><FeatureRank>3</FeatureRank><FeatureTopRank>4</FeatureTopRank></Feature><Feature><FeatureCode>F400086939</FeatureCode><FeatureReferenceName>5 year warranty [LED lums, Spots]</FeatureReferenceName><FeatureName>5 Jahre Garantie</FeatureName><FeatureLongDescription>5 Jahre Garantie für Ihre Sicherheit</FeatureLongDescription><FeatureGlossary>Alle unsere Spot-Leuchten werden für eine lange Lebensdauer hergestellt. Für das komplette Produkt gilt eine volle 5-jährige Garantie, sodass Sie jeden Tag eine langlebige, hochwertige Beleuchtung genießen können.</FeatureGlossary><FeatureRank>4</FeatureRank><FeatureTopRank>5</FeatureTopRank></Feature><Feature><FeatureCode>F400086697</FeatureCode><FeatureReferenceName>Lamp lifetime for up to 30 years of use [LED lums, Spots]</FeatureReferenceName><FeatureName>Lebensdauer bis zu 30 Jahre</FeatureName><FeatureLongDescription>Lampenlebensdauer von bis zu 30 Jahren</FeatureLongDescription><FeatureGlossary>LED-Leuchten halten länger und vermeiden so den Aufwand durch häufigen Austausch deiner Lichtquelle. Dies reduziert Abfälle erheblich, spart dir aber auch langfristig Geld.</FeatureGlossary><FeatureRank>5</FeatureRank><FeatureTopRank>6</FeatureTopRank></Feature><Feature><FeatureCode>F400086696</FeatureCode><FeatureReferenceName>Energy saving LED light [LED lums, Spots]</FeatureReferenceName><FeatureName>Energiesparende LED-Leuchte</FeatureName><FeatureLongDescription>Entscheide dich für eine hochwertige LED-Leuchte und spare Energie</FeatureLongDescription><FeatureGlossary>LED-Leuchten sparen bis zu 80 % Energie im Vergleich zu herkömmlicher Beleuchtung mit der gleichen Lichtleistung. Mit dem Kauf einer Philips LED-Lampe oder Glühbirne sparst du von Beginn an Kosten. Mit jeder Lichtquelle, die du durch eine LED-Leuchte ersetzt, wirst du anhand deiner geringeren Stromrechnung sofort Vorteile erkennen.</FeatureGlossary><FeatureRank>6</FeatureRank><FeatureTopRank>7</FeatureTopRank></Feature><Feature><FeatureCode>F400086704</FeatureCode><FeatureReferenceName>Instant brightness [LED lums, Spots]</FeatureReferenceName><FeatureName>Sofort hell</FeatureName><FeatureLongDescription>Beim Einschalten sofort hell</FeatureLongDescription><FeatureGlossary>Es besteht keine Notwendigkeit, mit Philips LED-Spots zu warten. Sie bieten ihre volle Helligkeit sofort beim Einschalten. Ihr echtes, Glühlampen-artiges, warmweißes Licht schafft sofort eine gemütliche und einladende Atmosphäre.</FeatureGlossary><FeatureRank>7</FeatureRank><FeatureTopRank>8</FeatureTopRank></Feature></KeyBenefitArea><KeyBenefitArea><KeyBenefitAreaCode>K4035695</KeyBenefitAreaCode><KeyBenefitAreaName>Besseres Design für optimale Beleuchtung</KeyBenefitAreaName><KeyBenefitAreaRank>3</KeyBenefitAreaRank><Feature><FeatureCode>F400086702</FeatureCode><FeatureReferenceName>Accent lighting [LED lums, Spots]</FeatureReferenceName><FeatureName>Perfekt zur Akzentbeleuchtung</FeatureName><FeatureLongDescription>Der perfekte Lichtstrahl für Akzentbeleuchtung</FeatureLongDescription><FeatureGlossary>Dieser LED-Spot sorgt mit weitem Abstrahlwinkel (40 Grad) für eine moderne Beleuchtung und eignet sich sowohl für die Akzentbeleuchtung als auch für die Allgemeinbeleuchtung. Verwende ihn zur Beleuchtung deiner Küche oder deines Wohn- und Esszimmers.</FeatureGlossary><FeatureRank>1</FeatureRank><FeatureTopRank>9</FeatureTopRank></Feature><Feature><FeatureCode>F400087359</FeatureCode><FeatureReferenceName>Adjustable spot head (2 directions) [LED lums, Spots]</FeatureReferenceName><FeatureName>Leicht schwenkbarer Spotkopf</FeatureName><FeatureLongDescription>Schwenkbarer Spotkopf für maximale Flexibilität</FeatureLongDescription><FeatureGlossary>Der schwenkbare Spotkopf wurde entworfen, um das Licht dorthin zu leiten, wo du es am meisten benötigst.</FeatureGlossary><FeatureRank>2</FeatureRank><FeatureTopRank>10</FeatureTopRank></Feature><Feature><FeatureCode>F400086699</FeatureCode><FeatureReferenceName>High quality material [LED lums, Spots]</FeatureReferenceName><FeatureName>Qualitativ hochwertiges Material</FeatureName><FeatureLongDescription>Langlebiges, hochwertiges Material</FeatureLongDescription><FeatureGlossary>Dieser Spot besteht aus langlebigen, hochwertigen Materialien mit überragender Optik. Dies sorgt für eine lange Lebensdauer des Produkts und dafür, dass es dein Zuhause über viele Jahre hinweg bereichert und beleuchtet.</FeatureGlossary><FeatureRank>3</FeatureRank><FeatureTopRank>11</FeatureTopRank></Feature></KeyBenefitArea><FeatureImage><FeatureCode>F400084848</FeatureCode><FeatureReferenceName>WarmGlow [LED lums, Spots]</FeatureReferenceName><FeatureImageRank>1</FeatureImageRank></FeatureImage><FeatureImage><FeatureCode>F400086860</FeatureCode><FeatureReferenceName>EyeComfort [LED lums, LED lamps]</FeatureReferenceName><FeatureImageRank>2</FeatureImageRank></FeatureImage><FeatureImage><FeatureCode>F400086848</FeatureCode><FeatureReferenceName>High light output - 500 lumen [LED lums, Spots]</FeatureReferenceName><FeatureImageRank>3</FeatureImageRank></FeatureImage><FeatureImage><FeatureCode>F400086938</FeatureCode><FeatureReferenceName>Integrated LED light [LED lums, Spots]</FeatureReferenceName><FeatureImageRank>4</FeatureImageRank></FeatureImage><FeatureImage><FeatureCode>F400086939</FeatureCode><FeatureReferenceName>5 year warranty [LED lums, Spots]</FeatureReferenceName><FeatureImageRank>5</FeatureImageRank></FeatureImage><FeatureImage><FeatureCode>F400086697</FeatureCode><FeatureReferenceName>Lamp lifetime for up to 30 years of use [LED lums, Spots]</FeatureReferenceName><FeatureImageRank>6</FeatureImageRank></FeatureImage><FeatureImage><FeatureCode>F400086696</FeatureCode><FeatureReferenceName>Energy saving LED light [LED lums, Spots]</FeatureReferenceName><FeatureImageRank>7</FeatureImageRank></FeatureImage><FeatureImage><FeatureCode>F400086704</FeatureCode><FeatureReferenceName>Instant brightness [LED lums, Spots]</FeatureReferenceName><FeatureImageRank>8</FeatureImageRank></FeatureImage><FeatureImage><FeatureCode>F400086702</FeatureCode><FeatureReferenceName>Accent lighting [LED lums, Spots]</FeatureReferenceName><FeatureImageRank>9</FeatureImageRank></FeatureImage><FeatureImage><FeatureCode>F400087359</FeatureCode><FeatureReferenceName>Adjustable spot head (2 directions) [LED lums, Spots]</FeatureReferenceName><FeatureImageRank>10</FeatureImageRank></FeatureImage><FeatureImage><FeatureCode>F400086699</FeatureCode><FeatureReferenceName>High quality material [LED lums, Spots]</FeatureReferenceName><FeatureImageRank>11</FeatureImageRank></FeatureImage><FeatureHighlight><FeatureCode>F400084848</FeatureCode><FeatureReferenceName>WarmGlow [LED lums, Spots]</FeatureReferenceName><FeatureHighlightRank>1</FeatureHighlightRank></FeatureHighlight><FeatureHighlight><FeatureCode>F400086860</FeatureCode><FeatureReferenceName>EyeComfort [LED lums, LED lamps]</FeatureReferenceName><FeatureHighlightRank>2</FeatureHighlightRank></FeatureHighlight><FeatureHighlight><FeatureCode>F400086848</FeatureCode><FeatureReferenceName>High light output - 500 lumen [LED lums, Spots]</FeatureReferenceName><FeatureHighlightRank>3</FeatureHighlightRank></FeatureHighlight><FeatureHighlight><FeatureCode>F400086938</FeatureCode><FeatureReferenceName>Integrated LED light [LED lums, Spots]</FeatureReferenceName><FeatureHighlightRank>4</FeatureHighlightRank></FeatureHighlight><FeatureHighlight><FeatureCode>F400086939</FeatureCode><FeatureReferenceName>5 year warranty [LED lums, Spots]</FeatureReferenceName><FeatureHighlightRank>5</FeatureHighlightRank></FeatureHighlight><FeatureHighlight><FeatureCode>F400086697</FeatureCode><FeatureReferenceName>Lamp lifetime for up to 30 years of use [LED lums, Spots]</FeatureReferenceName><FeatureHighlightRank>6</FeatureHighlightRank></FeatureHighlight><FeatureHighlight><FeatureCode>F400086696</FeatureCode><FeatureReferenceName>Energy saving LED light [LED lums, Spots]</FeatureReferenceName><FeatureHighlightRank>7</FeatureHighlightRank></FeatureHighlight><FeatureHighlight><FeatureCode>F400086704</FeatureCode><FeatureReferenceName>Instant brightness [LED lums, Spots]</FeatureReferenceName><FeatureHighlightRank>8</FeatureHighlightRank></FeatureHighlight><FeatureHighlight><FeatureCode>F400086702</FeatureCode><FeatureReferenceName>Accent lighting [LED lums, Spots]</FeatureReferenceName><FeatureHighlightRank>9</FeatureHighlightRank></FeatureHighlight><FeatureHighlight><FeatureCode>F400087359</FeatureCode><FeatureReferenceName>Adjustable spot head (2 directions) [LED lums, Spots]</FeatureReferenceName><FeatureHighlightRank>10</FeatureHighlightRank></FeatureHighlight><FeatureHighlight><FeatureCode>F400086699</FeatureCode><FeatureReferenceName>High quality material [LED lums, Spots]</FeatureReferenceName><FeatureHighlightRank>11</FeatureHighlightRank></FeatureHighlight><CSChapter><CSChapterCode>PLMCHP010</CSChapterCode><CSChapterName>Design und Materialausführung</CSChapterName><CSChapterRank>10</CSChapterRank><CSItem><CSItemCode>PLMITM010001</CSItemCode><CSItemName>Material</CSItemName><CSItemRank>1</CSItemRank><CSItemIsFreeFormat>0</CSItemIsFreeFormat><CSValue><CSValueCode>PLMATR0105METAL</CSValueCode><CSValueName>Metall</CSValueName><CSValueRank>1</CSValueRank></CSValue></CSItem><CSItem><CSItemCode>PLMITM010002</CSItemCode><CSItemName>Farbe</CSItemName><CSItemRank>2</CSItemRank><CSItemIsFreeFormat>0</CSItemIsFreeFormat><CSValue><CSValueCode>PLMATR018309</CSValueCode><CSValueName>Schwarz</CSValueName><CSValueRank>1</CSValueRank></CSValue></CSItem></CSChapter><CSChapter><CSChapterCode>PLMCHP020</CSChapterCode><CSChapterName>Zusatzfunktion/Zubehör im Lieferumfang enthalten</CSChapterName><CSChapterRank>20</CSChapterRank><CSItem><CSItemCode>PLMITM0776FX064</CSItemCode><CSItemName>Warmes, dimmbares Licht</CSItemName><CSItemRank>4</CSItemRank><CSItemIsFreeFormat>0</CSItemIsFreeFormat><CSValue><CSValueCode>PLMATR0776FX064YES</CSValueCode><CSValueName>JA</CSValueName><CSValueRank>1</CSValueRank></CSValue></CSItem></CSChapter><CSChapter><CSChapterCode>PLMCHP030</CSChapterCode><CSChapterName>Produktabmessungen und -gewicht</CSChapterName><CSChapterRank>30</CSChapterRank><CSItem><CSItemCode>PLMITM030001</CSItemCode><CSItemName>Höhe</CSItemName><CSItemRank>1</CSItemRank><CSItemIsFreeFormat>1</CSItemIsFreeFormat><CSValue><CSValueCode>VA4042333</CSValueCode><CSValueName>10</CSValueName><CSValueRank>1</CSValueRank></CSValue><UnitOfMeasure><UnitOfMeasureCode>3000039</UnitOfMeasureCode><UnitOfMeasureName>Zentimeter</UnitOfMeasureName><UnitOfMeasureSymbol>cm</UnitOfMeasureSymbol></UnitOfMeasure></CSItem><CSItem><CSItemCode>PLMITM030004</CSItemCode><CSItemName>Länge</CSItemName><CSItemRank>4</CSItemRank><CSItemIsFreeFormat>1</CSItemIsFreeFormat><CSValue><CSValueCode>VA4042309</CSValueCode><CSValueName>10,3</CSValueName><CSValueRank>1</CSValueRank></CSValue><UnitOfMeasure><UnitOfMeasureCode>3000039</UnitOfMeasureCode><UnitOfMeasureName>Zentimeter</UnitOfMeasureName><UnitOfMeasureSymbol>cm</UnitOfMeasureSymbol></UnitOfMeasure></CSItem><CSItem><CSItemCode>PLMITM030005</CSItemCode><CSItemName>Breite</CSItemName><CSItemRank>5</CSItemRank><CSItemIsFreeFormat>1</CSItemIsFreeFormat><CSValue><CSValueCode>VA4042311</CSValueCode><CSValueName>10,3</CSValueName><CSValueRank>1</CSValueRank></CSValue><UnitOfMeasure><UnitOfMeasureCode>3000039</UnitOfMeasureCode><UnitOfMeasureName>Zentimeter</UnitOfMeasureName><UnitOfMeasureSymbol>cm</UnitOfMeasureSymbol></UnitOfMeasure></CSItem><CSItem><CSItemCode>PLMITM030006</CSItemCode><CSItemName>Nettogewicht</CSItemName><CSItemRank>6</CSItemRank><CSItemIsFreeFormat>1</CSItemIsFreeFormat><CSValue><CSValueCode>VA4042308</CSValueCode><CSValueName>0,610</CSValueName><CSValueRank>1</CSValueRank></CSValue><UnitOfMeasure><UnitOfMeasureCode>3000049</UnitOfMeasureCode><UnitOfMeasureName>Kilogramm</UnitOfMeasureName><UnitOfMeasureSymbol>kg</UnitOfMeasureSymbol></UnitOfMeasure></CSItem></CSChapter><CSChapter><CSChapterCode>PLMCHP040</CSChapterCode><CSChapterName>Technische Daten</CSChapterName><CSChapterRank>40</CSChapterRank><CSItem><CSItemCode>PLMITM040001</CSItemCode><CSItemName>Netzstrom</CSItemName><CSItemRank>1</CSItemRank><CSItemIsFreeFormat>0</CSItemIsFreeFormat><CSValue><CSValueCode>PLMATR0719220-240</CSValueCode><CSValueName>Bereich 220V – 240V</CSValueName><CSValueRank>1</CSValueRank></CSValue><CSValue><CSValueCode>PLMATR067350/60HZ</CSValueCode><CSValueName>50-60 Hz</CSValueName><CSValueRank>2</CSValueRank></CSValue></CSItem><CSItem><CSItemCode>PLMITM040002</CSItemCode><CSItemName>Lichttechnologie</CSItemName><CSItemRank>2</CSItemRank><CSItemIsFreeFormat>0</CSItemIsFreeFormat><CSValue><CSValueCode>PLMATRBOIBULB10131LED</CSValueCode><CSValueName>LED</CSValueName><CSValueRank>1</CSValueRank></CSValue><CSValue><CSValueCode>PLMATR0329SEL</CSValueCode><CSValueName>Schutzkleinspannung</CSValueName><CSValueRank>2</CSValueRank></CSValue></CSItem><CSItem><CSItemCode>PLMITM040003</CSItemCode><CSItemName>Anzahl Lichtquellen</CSItemName><CSItemRank>3</CSItemRank><CSItemIsFreeFormat>1</CSItemIsFreeFormat><CSValue><CSValueCode>VA4042306</CSValueCode><CSValueName>1</CSValueName><CSValueRank>1</CSValueRank></CSValue></CSItem><CSItem><CSItemCode>PLMITM040005</CSItemCode><CSItemName>Wattage der im Lieferumfang enthaltenen Leuchte</CSItemName><CSItemRank>5</CSItemRank><CSItemIsFreeFormat>0</CSItemIsFreeFormat><CSValue><CSValueCode>PLMATR04604_5</CSValueCode><CSValueName>4,5 W</CSValueName><CSValueRank>1</CSValueRank></CSValue></CSItem><CSItem><CSItemCode>PLMITM040007</CSItemCode><CSItemName>Lichtfarbe</CSItemName><CSItemRank>7</CSItemRank><CSItemIsFreeFormat>0</CSItemIsFreeFormat><CSValue><CSValueCode>PLMATRBOIBULB106242700_K</CSValueCode><CSValueName>Warmweiß</CSValueName><CSValueRank>1</CSValueRank></CSValue></CSItem><CSItem><CSItemCode>PLMITM0400011</CSItemCode><CSItemName>Gesamtleistung in Lumen</CSItemName><CSItemRank>11</CSItemRank><CSItemIsFreeFormat>0</CSItemIsFreeFormat><CSValue><CSValueCode>PLMATR1096500</CSValueCode><CSValueName>500 lm</CSValueName><CSValueRank>1</CSValueRank></CSValue></CSItem><CSItem><CSItemCode>PLMITM0400013</CSItemCode><CSItemName>Leuchte dimmbar</CSItemName><CSItemRank>13</CSItemRank><CSItemIsFreeFormat>0</CSItemIsFreeFormat><CSValue><CSValueCode>PLMATR1075Y</CSValueCode><CSValueName>Ja</CSValueName><CSValueRank>1</CSValueRank></CSValue></CSItem><CSItem><CSItemCode>PLMITM0400014</CSItemCode><CSItemName>LED</CSItemName><CSItemRank>14</CSItemRank><CSItemIsFreeFormat>0</CSItemIsFreeFormat><CSValue><CSValueCode>PLMATR0814Y</CSValueCode><CSValueName>Ja</CSValueName><CSValueRank>1</CSValueRank></CSValue></CSItem><CSItem><CSItemCode>PLMITM0400018</CSItemCode><CSItemName>Lebensdauer von bis zu</CSItemName><CSItemRank>18</CSItemRank><CSItemIsFreeFormat>1</CSItemIsFreeFormat><CSValue><CSValueCode>VA4094468</CSValueCode><CSValueName>30.000</CSValueName><CSValueRank>1</CSValueRank></CSValue><UnitOfMeasure><UnitOfMeasureCode>4000213</UnitOfMeasureCode><UnitOfMeasureName>Stunden</UnitOfMeasureName><UnitOfMeasureSymbol>Stunden</UnitOfMeasureSymbol></UnitOfMeasure></CSItem><CSItem><CSItemCode>PLMITM040026</CSItemCode><CSItemName>IP-Code</CSItemName><CSItemRank>26</CSItemRank><CSItemIsFreeFormat>0</CSItemIsFreeFormat><CSValue><CSValueCode>PLMATR0290IP20</CSValueCode><CSValueName>IP20</CSValueName><CSValueRank>1</CSValueRank></CSValue><CSValue><CSValueCode>PLMATR0290IP20-2</CSValueCode><CSValueName>Schutz gegen Objekte, die größer als 12,5 mm sind</CSValueName><CSValueRank>2</CSValueRank></CSValue><CSValue><CSValueCode>PLMATR0290IP20-3</CSValueCode><CSValueName>Kein Schutz vor Wasser</CSValueName><CSValueRank>3</CSValueRank></CSValue></CSItem><CSItem><CSItemCode>PLMITM040027</CSItemCode><CSItemName>Schutzklasse</CSItemName><CSItemRank>27</CSItemRank><CSItemIsFreeFormat>0</CSItemIsFreeFormat><CSValue><CSValueCode>PLMATR0289I</CSValueCode><CSValueName>I – Erdung</CSValueName><CSValueRank>1</CSValueRank></CSValue></CSItem><CSItem><CSItemCode>PLMITM0400051</CSItemCode><CSItemName>Lichtquelle entspricht Standardlampe</CSItemName><CSItemRank>51</CSItemRank><CSItemIsFreeFormat>1</CSItemIsFreeFormat><CSValue><CSValueCode>VA4081551</CSValueCode><CSValueName>41</CSValueName><CSValueRank>1</CSValueRank></CSValue><UnitOfMeasure><UnitOfMeasureCode>3000072</UnitOfMeasureCode><UnitOfMeasureName>Watt</UnitOfMeasureName><UnitOfMeasureSymbol>W</UnitOfMeasureSymbol></UnitOfMeasure></CSItem></CSChapter><CSChapter><CSChapterCode>PLMCHP050</CSChapterCode><CSChapterName>Service</CSChapterName><CSChapterRank>50</CSChapterRank><CSItem><CSItemCode>PLMITM050001</CSItemCode><CSItemName>Garantie</CSItemName><CSItemRank>1</CSItemRank><CSItemIsFreeFormat>0</CSItemIsFreeFormat><CSValue><CSValueCode>PLMATR02985</CSValueCode><CSValueName>5 Jahr(e)</CSValueName><CSValueRank>1</CSValueRank></CSValue></CSItem></CSChapter><CSChapter><CSChapterCode>PLMCHP060</CSChapterCode><CSChapterName>Verpackungsmaße und -gewicht</CSChapterName><CSChapterRank>60</CSChapterRank><CSItem><CSItemCode>PLMITM060001</CSItemCode><CSItemName>Höhe</CSItemName><CSItemRank>1</CSItemRank><CSItemIsFreeFormat>1</CSItemIsFreeFormat><CSValue><CSValueCode>VA4042312</CSValueCode><CSValueName>14,6</CSValueName><CSValueRank>1</CSValueRank></CSValue><UnitOfMeasure><UnitOfMeasureCode>3000039</UnitOfMeasureCode><UnitOfMeasureName>Zentimeter</UnitOfMeasureName><UnitOfMeasureSymbol>cm</UnitOfMeasureSymbol></UnitOfMeasure></CSItem><CSItem><CSItemCode>PLMITM060002</CSItemCode><CSItemName>Länge</CSItemName><CSItemRank>2</CSItemRank><CSItemIsFreeFormat>1</CSItemIsFreeFormat><CSValue><CSValueCode>VA4042313</CSValueCode><CSValueName>14,5</CSValueName><CSValueRank>1</CSValueRank></CSValue><UnitOfMeasure><UnitOfMeasureCode>3000039</UnitOfMeasureCode><UnitOfMeasureName>Zentimeter</UnitOfMeasureName><UnitOfMeasureSymbol>cm</UnitOfMeasureSymbol></UnitOfMeasure></CSItem><CSItem><CSItemCode>PLMITM060003</CSItemCode><CSItemName>Breite</CSItemName><CSItemRank>3</CSItemRank><CSItemIsFreeFormat>1</CSItemIsFreeFormat><CSValue><CSValueCode>VA4042307</CSValueCode><CSValueName>12,1</CSValueName><CSValueRank>1</CSValueRank></CSValue><UnitOfMeasure><UnitOfMeasureCode>3000039</UnitOfMeasureCode><UnitOfMeasureName>Zentimeter</UnitOfMeasureName><UnitOfMeasureSymbol>cm</UnitOfMeasureSymbol></UnitOfMeasure></CSItem><CSItem><CSItemCode>PLMITM060004</CSItemCode><CSItemName>Gewicht</CSItemName><CSItemRank>4</CSItemRank><CSItemIsFreeFormat>1</CSItemIsFreeFormat><CSValue><CSValueCode>VA4042304</CSValueCode><CSValueName>0,727</CSValueName><CSValueRank>1</CSValueRank></CSValue><UnitOfMeasure><UnitOfMeasureCode>3000049</UnitOfMeasureCode><UnitOfMeasureName>Kilogramm</UnitOfMeasureName><UnitOfMeasureSymbol>kg</UnitOfMeasureSymbol></UnitOfMeasure></CSItem></CSChapter><CSChapter><CSChapterCode>PLMCHP070</CSChapterCode><CSChapterName>Verschiedenes</CSChapterName><CSChapterRank>70</CSChapterRank><CSItem><CSItemCode>PLMITM070001</CSItemCode><CSItemName>Speziell geeignet für</CSItemName><CSItemRank>1</CSItemRank><CSItemIsFreeFormat>0</CSItemIsFreeFormat><CSValue><CSValueCode>PLMATR0970L_B</CSValueCode><CSValueName>Wohn- und Schlafzimmer</CSValueName><CSValueRank>1</CSValueRank></CSValue></CSItem><CSItem><CSItemCode>PLMITM070002</CSItemCode><CSItemName>Style</CSItemName><CSItemRank>2</CSItemRank><CSItemIsFreeFormat>0</CSItemIsFreeFormat><CSValue><CSValueCode>PLMATR0628CON</CSValueCode><CSValueName>Zeitgenössisch</CSValueName><CSValueRank>1</CSValueRank></CSValue></CSItem><CSItem><CSItemCode>PLMITM070003</CSItemCode><CSItemName>Typ</CSItemName><CSItemRank>3</CSItemRank><CSItemIsFreeFormat>0</CSItemIsFreeFormat><CSValue><CSValueCode>PLMATR0830SPOT</CSValueCode><CSValueName>Spot</CSValueName><CSValueRank>1</CSValueRank></CSValue></CSItem></CSChapter><Filters><Purpose type="Comparison"><Features><Feature code="F400084848" rank="1" referenceName="WarmGlow [LED lums, Spots]"/><Feature code="F400086860" rank="2" referenceName="EyeComfort [LED lums, LED lamps]"/><Feature code="F400086848" rank="3" referenceName="High light output - 500 lumen [LED lums, Spots]"/><Feature code="F400086938" rank="4" referenceName="Integrated LED light [LED lums, Spots]"/><Feature code="F400086939" rank="5" referenceName="5 year warranty [LED lums, Spots]"/><Feature code="F400086697" rank="6" referenceName="Lamp lifetime for up to 30 years of use [LED lums, Spots]"/><Feature code="F400086696" rank="7" referenceName="Energy saving LED light [LED lums, Spots]"/><Feature code="F400086704" rank="8" referenceName="Instant brightness [LED lums, Spots]"/><Feature code="F400086702" rank="9" referenceName="Accent lighting [LED lums, Spots]"/><Feature code="F400087359" rank="10" referenceName="Adjustable spot head (2 directions) [LED lums, Spots]"/><Feature code="F400086699" rank="11" referenceName="High quality material [LED lums, Spots]"/></Features><CSItems><CSItem code="PLMITM010001" rank="1" referenceName="Design und Materialausführung - Material"/><CSItem code="PLMITM030001" rank="1" referenceName="Produktabmessungen und -gewicht - Höhe"/><CSItem code="PLMITM040001" rank="1" referenceName="Technische Daten - Netzstrom"/><CSItem code="PLMITM050001" rank="1" referenceName="Service - Garantie"/><CSItem code="PLMITM060001" rank="1" referenceName="Verpackungsmaße und -gewicht - Höhe"/><CSItem code="PLMITM070001" rank="1" referenceName="Verschiedenes - Speziell geeignet für"/><CSItem code="PLMITM010002" rank="2" referenceName="Design und Materialausführung - Farbe"/><CSItem code="PLMITM040002" rank="2" referenceName="Technische Daten - Lichttechnologie"/><CSItem code="PLMITM060002" rank="2" referenceName="Verpackungsmaße und -gewicht - Länge"/><CSItem code="PLMITM070002" rank="2" referenceName="Verschiedenes - Style"/><CSItem code="PLMITM040003" rank="3" referenceName="Technische Daten - Anzahl Lichtquellen"/><CSItem code="PLMITM060003" rank="3" referenceName="Verpackungsmaße und -gewicht - Breite"/><CSItem code="PLMITM070003" rank="3" referenceName="Verschiedenes - Typ"/><CSItem code="PLMITM0776FX064" rank="4" referenceName="Zusatzfunktion/Zubehör im Lieferumfang enthalten - Warmes, dimmbares Licht"/><CSItem code="PLMITM030004" rank="4" referenceName="Produktabmessungen und -gewicht - Länge"/><CSItem code="PLMITM060004" rank="4" referenceName="Verpackungsmaße und -gewicht - Gewicht"/><CSItem code="PLMITM030005" rank="5" referenceName="Produktabmessungen und -gewicht - Breite"/><CSItem code="PLMITM040005" rank="5" referenceName="Technische Daten - Wattage der im Lieferumfang enthaltenen Leuchte"/><CSItem code="PLMITM030006" rank="6" referenceName="Produktabmessungen und -gewicht - Nettogewicht"/><CSItem code="PLMITM040007" rank="7" referenceName="Technische Daten - Lichtfarbe"/><CSItem code="PLMITM0400011" rank="11" referenceName="Technische Daten - Gesamtleistung in Lumen"/><CSItem code="PLMITM0400013" rank="13" referenceName="Technische Daten - Leuchte dimmbar"/><CSItem code="PLMITM0400014" rank="14" referenceName="Technische Daten - LED"/><CSItem code="PLMITM0400018" rank="18" referenceName="Technische Daten - Lebensdauer von bis zu"/><CSItem code="PLMITM040026" rank="26" referenceName="Technische Daten - IP-Code"/><CSItem code="PLMITM040027" rank="27" referenceName="Technische Daten - Schutzklasse"/><CSItem code="PLMITM0400051" rank="51" referenceName="Technische Daten - Lichtquelle entspricht Standardlampe"/></CSItems></Purpose><Purpose type="Detail"><Features><Feature code="F400084848" rank="1" referenceName="WarmGlow [LED lums, Spots]"/><Feature code="F400086860" rank="2" referenceName="EyeComfort [LED lums, LED lamps]"/><Feature code="F400086848" rank="3" referenceName="High light output - 500 lumen [LED lums, Spots]"/><Feature code="F400086938" rank="4" referenceName="Integrated LED light [LED lums, Spots]"/><Feature code="F400086939" rank="5" referenceName="5 year warranty [LED lums, Spots]"/><Feature code="F400086697" rank="6" referenceName="Lamp lifetime for up to 30 years of use [LED lums, Spots]"/><Feature code="F400086696" rank="7" referenceName="Energy saving LED light [LED lums, Spots]"/><Feature code="F400086704" rank="8" referenceName="Instant brightness [LED lums, Spots]"/><Feature code="F400086702" rank="9" referenceName="Accent lighting [LED lums, Spots]"/><Feature code="F400087359" rank="10" referenceName="Adjustable spot head (2 directions) [LED lums, Spots]"/><Feature code="F400086699" rank="11" referenceName="High quality material [LED lums, Spots]"/></Features><CSItems><CSItem code="PLMITM010001" rank="1" referenceName="Design und Materialausführung - Material"/><CSItem code="PLMITM030001" rank="1" referenceName="Produktabmessungen und -gewicht - Höhe"/><CSItem code="PLMITM040001" rank="1" referenceName="Technische Daten - Netzstrom"/><CSItem code="PLMITM050001" rank="1" referenceName="Service - Garantie"/><CSItem code="PLMITM060001" rank="1" referenceName="Verpackungsmaße und -gewicht - Höhe"/><CSItem code="PLMITM070001" rank="1" referenceName="Verschiedenes - Speziell geeignet für"/><CSItem code="PLMITM010002" rank="2" referenceName="Design und Materialausführung - Farbe"/><CSItem code="PLMITM040002" rank="2" referenceName="Technische Daten - Lichttechnologie"/><CSItem code="PLMITM060002" rank="2" referenceName="Verpackungsmaße und -gewicht - Länge"/><CSItem code="PLMITM070002" rank="2" referenceName="Verschiedenes - Style"/><CSItem code="PLMITM040003" rank="3" referenceName="Technische Daten - Anzahl Lichtquellen"/><CSItem code="PLMITM060003" rank="3" referenceName="Verpackungsmaße und -gewicht - Breite"/><CSItem code="PLMITM070003" rank="3" referenceName="Verschiedenes - Typ"/><CSItem code="PLMITM0776FX064" rank="4" referenceName="Zusatzfunktion/Zubehör im Lieferumfang enthalten - Warmes, dimmbares Licht"/><CSItem code="PLMITM030004" rank="4" referenceName="Produktabmessungen und -gewicht - Länge"/><CSItem code="PLMITM060004" rank="4" referenceName="Verpackungsmaße und -gewicht - Gewicht"/><CSItem code="PLMITM030005" rank="5" referenceName="Produktabmessungen und -gewicht - Breite"/><CSItem code="PLMITM040005" rank="5" referenceName="Technische Daten - Wattage der im Lieferumfang enthaltenen Leuchte"/><CSItem code="PLMITM030006" rank="6" referenceName="Produktabmessungen und -gewicht - Nettogewicht"/><CSItem code="PLMITM040007" rank="7" referenceName="Technische Daten - Lichtfarbe"/><CSItem code="PLMITM0400011" rank="11" referenceName="Technische Daten - Gesamtleistung in Lumen"/><CSItem code="PLMITM0400013" rank="13" referenceName="Technische Daten - Leuchte dimmbar"/><CSItem code="PLMITM0400014" rank="14" referenceName="Technische Daten - LED"/><CSItem code="PLMITM0400018" rank="18" referenceName="Technische Daten - Lebensdauer von bis zu"/><CSItem code="PLMITM040026" rank="26" referenceName="Technische Daten - IP-Code"/><CSItem code="PLMITM040027" rank="27" referenceName="Technische Daten - Schutzklasse"/><CSItem code="PLMITM0400051" rank="51" referenceName="Technische Daten - Lichtquelle entspricht Standardlampe"/></CSItems></Purpose></Filters><FeatureCompareGroups/><Disclaimers/><RichTexts/></Product></Products>