<?xml version="1.0" encoding="UTF-8"?><Products xmlns:source="http://apache.org/cocoon/source/1.0" DocStatus="approved" DocTimeStamp="2018-10-23T10:52:26"><Product Country="DE" IsAccessory="false" IsLocalized="true" IsMaster="false" Locale="de_DE" lastModified="2018-10-23T04:30:06" masterLastModified="2018-08-24T00:20:53"><CTN>65PUS7803/12</CTN><Code12NC>867000151815</Code12NC><GTIN>8718863015162</GTIN><MarketingVersion>6.0.1</MarketingVersion><MarketingStatus>Final Published</MarketingStatus><CRDate>2018-04-13</CRDate><CRDateYW>201815</CRDateYW><ModelYears><ModelYear>2018</ModelYear><ModelYear>2019</ModelYear><ModelYear>2020</ModelYear></ModelYears><ProductDivision><ProductDivisionCode>0200</ProductDivisionCode><ProductDivisionName>Consumer Lifestyle</ProductDivisionName><FormerPDCode>3400</FormerPDCode></ProductDivision><ProductOwner>Amy Liao</ProductOwner><DTN>65PUS7803/12</DTN><Catalog><StartOfPublication>2018-05-13T00:00:00</StartOfPublication><EndOfPublication>2019-08-13T00:00:00</EndOfPublication><StartOfSales>2018-05-13T00:00:00</StartOfSales><EndOfSales>2019-08-13T00:00:00</EndOfSales><DummyPrice>1899</DummyPrice><Deleted>false</Deleted><DeleteAfterDate/><ProductRank>87</ProductRank></Catalog><FinancialCategorization><BusinessGroupCode>6918</BusinessGroupCode><BusinessGroupName>TV</BusinessGroupName><BusinessUnitCode>0680</BusinessUnitCode><BusinessUnitName>TV</BusinessUnitName><MainArticleGroupCode>D18</MainArticleGroupCode><MainArticleGroupName>Philips LCD - XL Screen &gt;=60i</MainArticleGroupName><ArticleGroupCode>7509</ArticleGroupCode><ArticleGroupName>Philips LCD - XL Screen &gt;=60i</ArticleGroupName></FinancialCategorization><Categorization type="CONSUMER"><GroupCode>SOUND_AND_VISION_GR</GroupCode><GroupName>Sound &amp; vision</GroupName><CategoryCode>TV_CA</CategoryCode><CategoryName>TV</CategoryName><SubcategoryCode>AMBLIGHT_SU</SubcategoryCode><SubcategoryName>Ambilight</SubcategoryName></Categorization><Assets><Asset code="65PUS7803_12" description="User manual" extension="pdf" lastModified="2018-03-31" locale="de_DE" number="001" type="DFU">http://download.p4c.philips.com/files/6/65pus7803_12/65pus7803_12_dfu_deu.pdf</Asset><Asset code="65PUS7803_12" description="Leaflet" extension="pdf" lastModified="2018-09-01" locale="de_DE" number="001" type="PSS">http://download.p4c.philips.com/files/6/65pus7803_12/65pus7803_12_pss_deude.pdf</Asset><Asset code="65PUS7803_12" description="Quick start guide" extension="pdf" lastModified="2018-08-10" locale="de_DE" number="001" type="QSG">http://download.p4c.philips.com/files/6/65pus7803_12/65pus7803_12_qsg_deu.pdf</Asset><Asset code="65PUS7803_12" description="Retail Trade Leaflet" extension="pdf" lastModified="2018-10-22" locale="de_DE" number="001" type="RTL">http://download.p4c.philips.com/files/6/65pus7803_12/65pus7803_12_rtl_deude.pdf</Asset><Asset code="65PUS7803_12" description="Front product photograph - highres 2196x1795" extension="tif" lastModified="2018-03-27" locale="global" number="001" type="_FP">http://images.philips.com/is/image/PhilipsConsumer/65PUS7803_12-_FP-global-001</Asset><Asset code="65PUS7803_12" description="Connector side drawing - highres 2362x1181" extension="tif" lastModified="2018-02-23" locale="global" number="001" type="COP">http://images.philips.com/is/image/PhilipsConsumer/65PUS7803_12-COP-global-001</Asset><Asset code="65PUS7803_12" description="Energy Label - Rainbow " extension="pdf" lastModified="2018-02-08" locale="global" number="001" type="ELR">http://download.p4c.philips.com/files/6/65pus7803_12/65pus7803_12_elr_.pdf</Asset><Asset code="65PUS7803_12" description="Main in-use photograph - highres 2480x1462" extension="tif" lastModified="2018-01-24" locale="global" number="001" type="MI1">http://images.philips.com/is/image/PhilipsConsumer/65PUS7803_12-MI1-global-001</Asset><Asset code="65PUS7803_12" description="Leaflet" extension="pdf" lastModified="2018-08-25" locale="global" number="001" type="PSS">http://download.p4c.philips.com/files/6/65pus7803_12/65pus7803_12_pss_.pdf</Asset><Asset code="65PUS7803_12" description="Remote control photograph - highres 1772x2953" extension="tif" lastModified="2018-05-03" locale="global" number="001" type="RCP">http://images.philips.com/is/image/PhilipsConsumer/65PUS7803_12-RCP-global-001</Asset><Asset code="65PUS7803_12" description="Standard product photograph - highres 2196x1795" extension="tif" lastModified="2018-01-24" locale="global" number="001" type="RTP">http://images.philips.com/is/image/PhilipsConsumer/65PUS7803_12-RTP-global-001</Asset><Asset code="65PUS7803_12" description="Single product shot" extension="" lastModified="2018-10-23" locale="de_DE" number="" type="IMS">http://images.philips.com/is/image/PhilipsConsumer/65PUS7803_12-IMS-de_DE</Asset><Asset code="65PUS7803_12" description="Product gallery image set" extension="" lastModified="2018-10-23" locale="de_DE" number="" type="GAL">http://images.philips.com/is/image/PhilipsConsumer/65PUS7803_12-GAL-de_DE</Asset><Asset code="65PUS7803_12" description="Product URL" extension="" lastModified="2018-10-23" locale="de_DE" number="" type="URL">http://www.philips.de/c-p/65PUS7803_12/7800-series-ultraflacher-4k-uhd-led-android-fernseher-mit-3-seitigem-ambilight</Asset><Asset code="F400051153" description="Feature photograph - highres 2100x1170" extension="tif" lastModified="2013-01-04" locale="global" number="001" type="FIL">http://images.philips.com/is/image/PhilipsConsumer/F400051153-FIL-global-001</Asset><Asset code="F400051153" description="Feature logo - highres 331x213" extension="tif" lastModified="2013-01-23" locale="global" number="001" type="FLP">http://images.philips.com/is/image/PhilipsConsumer/F400051153-FLP-global-001</Asset><Asset code="F400070646" description="Feature photograph - highres 2100x1170" extension="tif" lastModified="2015-07-15" locale="global" number="001" type="FIL">http://images.philips.com/is/image/PhilipsConsumer/F400070646-FIL-global-001</Asset><Asset code="F400070646" description="Feature logo - highres 331x213" extension="tif" lastModified="2015-06-18" locale="global" number="001" type="FLP">http://images.philips.com/is/image/PhilipsConsumer/F400070646-FLP-global-001</Asset><Asset code="F400070646" description="Feature movie activation image big - 640 x 360" extension="jpg" lastModified="2015-08-28" locale="global" number="001" type="FMB">http://images.philips.com/is/image/PhilipsConsumer/F400070646-FMB-global-001</Asset><Asset code="F400070646" description="Feature movie (with spoken or written text)" extension="flv" lastModified="2015-08-28" locale="de_DE" number="001" type="FML">F400070646-FML-de_DE-001.flv</Asset><Asset code="F400070656" description="Feature photograph - highres 2100x1170" extension="tif" lastModified="2016-02-01" locale="global" number="001" type="FIL">http://images.philips.com/is/image/PhilipsConsumer/F400070656-FIL-global-001</Asset><Asset code="F400070656" description="Feature logo - highres 331x213" extension="tif" lastModified="2015-06-18" locale="global" number="001" type="FLP">http://images.philips.com/is/image/PhilipsConsumer/F400070656-FLP-global-001</Asset><Asset code="F400070656" description="Feature movie activation image big - 640 x 360" extension="jpg" lastModified="2016-08-16" locale="global" number="001" type="FMB">http://images.philips.com/is/image/PhilipsConsumer/F400070656-FMB-global-001</Asset><Asset code="F400070656" description="Feature movie (with spoken or written text)" extension="flv" lastModified="2016-08-18" locale="de_DE" number="001" type="FML">F400070656-FML-de_DE-001.flv</Asset><Asset code="F400076576" description="Feature photograph - highres 2100x1170" extension="tif" lastModified="2016-08-09" locale="global" number="001" type="FIL">http://images.philips.com/is/image/PhilipsConsumer/F400076576-FIL-global-001</Asset><Asset code="F400076576" description="Feature logo - highres 331x213" extension="tif" lastModified="2016-01-27" locale="global" number="001" type="FLP">http://images.philips.com/is/image/PhilipsConsumer/F400076576-FLP-global-001</Asset><Asset code="F400076576" description="Feature movie activation image big - 640 x 360" extension="jpg" lastModified="2016-08-16" locale="global" number="001" type="FMB">http://images.philips.com/is/image/PhilipsConsumer/F400076576-FMB-global-001</Asset><Asset code="F400076576" description="Feature movie (with spoken or written text)" extension="flv" lastModified="2016-08-18" locale="de_DE" number="001" type="FML">F400076576-FML-de_DE-001.flv</Asset><Asset code="F400078749" description="Feature photograph - highres 2100x1170" extension="tif" lastModified="2018-04-25" locale="global" number="001" type="FIL">http://images.philips.com/is/image/PhilipsConsumer/F400078749-FIL-global-001</Asset><Asset code="F400078749" description="Feature logo - highres 331x213" extension="tif" lastModified="2016-05-12" locale="global" number="001" type="FLP">http://images.philips.com/is/image/PhilipsConsumer/F400078749-FLP-global-001</Asset><Asset code="F400082103" description="Feature logo - highres 331x213" extension="tif" lastModified="2017-03-16" locale="global" number="001" type="FLP">http://images.philips.com/is/image/PhilipsConsumer/F400082103-FLP-global-001</Asset><Asset code="F400084936_65PUS7803_12" description="Feature logo - highres 331x213" extension="tif" lastModified="2017-11-21" locale="global" number="001" type="FLP">http://images.philips.com/is/image/PhilipsConsumer/F400084936_65PUS7803_12-FLP-global-001</Asset><Asset code="F400084936_65PUS7803_12" description="Feature movie activation image big - 640 x 360" extension="jpg" lastModified="2018-04-17" locale="global" number="001" type="FMB">http://images.philips.com/is/image/PhilipsConsumer/F400084936_65PUS7803_12-FMB-global-001</Asset><Asset code="F400084940" description="Feature logo - highres 331x213" extension="tif" lastModified="2017-11-16" locale="global" number="001" type="FLP">http://images.philips.com/is/image/PhilipsConsumer/F400084940-FLP-global-001</Asset><Asset code="F400085243_65PUS7803_12" description="Feature photograph - highres 2100x1170" extension="tif" lastModified="2018-04-17" locale="global" number="001" type="FIL">http://images.philips.com/is/image/PhilipsConsumer/F400085243_65PUS7803_12-FIL-global-001</Asset><Asset code="F400085243_65PUS7803_12" description="Feature logo - highres 331x213" extension="tif" lastModified="2017-12-21" locale="global" number="001" type="FLP">http://images.philips.com/is/image/PhilipsConsumer/F400085243_65PUS7803_12-FLP-global-001</Asset><Asset code="F400085245" description="Feature logo - highres 331x213" extension="tif" lastModified="2018-10-16" locale="global" number="001" type="FLP">http://images.philips.com/is/image/PhilipsConsumer/F400085245-FLP-global-001</Asset><Asset code="F400085408" description="Feature logo - highres 331x213" extension="tif" lastModified="2017-12-20" locale="global" number="001" type="FLP">http://images.philips.com/is/image/PhilipsConsumer/F400085408-FLP-global-001</Asset><Asset code="F400085586" description="Feature photograph - highres 2100x1170" extension="tif" lastModified="2018-04-25" locale="global" number="001" type="FIL">http://images.philips.com/is/image/PhilipsConsumer/F400085586-FIL-global-001</Asset><Asset code="F400085586" description="Feature logo - highres 331x213" extension="tif" lastModified="2018-01-12" locale="global" number="001" type="FLP">http://images.philips.com/is/image/PhilipsConsumer/F400085586-FLP-global-001</Asset><Asset code="F400085586" description="Feature movie activation image big - 640 x 360" extension="jpg" lastModified="2018-04-18" locale="global" number="001" type="FMB">http://images.philips.com/is/image/PhilipsConsumer/F400085586-FMB-global-001</Asset><Asset code="F400085586_65PUS7803_12" description="Feature photograph - highres 2100x1170" extension="tif" lastModified="2018-04-25" locale="global" number="001" type="FIL">http://images.philips.com/is/image/PhilipsConsumer/F400085586_65PUS7803_12-FIL-global-001</Asset><Asset code="F400085586_65PUS7803_12" description="Feature logo - highres 331x213" extension="tif" lastModified="2018-01-12" locale="global" number="001" type="FLP">http://images.philips.com/is/image/PhilipsConsumer/F400085586_65PUS7803_12-FLP-global-001</Asset><Asset code="F400085586_65PUS7803_12" description="Feature movie activation image big - 640 x 360" extension="jpg" lastModified="2018-04-18" locale="global" number="001" type="FMB">http://images.philips.com/is/image/PhilipsConsumer/F400085586_65PUS7803_12-FMB-global-001</Asset><Asset code="F400085602" description="Feature photograph - highres 2100x1170" extension="tif" lastModified="2018-04-17" locale="global" number="001" type="FIL">http://images.philips.com/is/image/PhilipsConsumer/F400085602-FIL-global-001</Asset><Asset code="F400085602" description="Feature logo - highres 331x213" extension="tif" lastModified="2018-01-12" locale="global" number="001" type="FLP">http://images.philips.com/is/image/PhilipsConsumer/F400085602-FLP-global-001</Asset><Asset code="F400085602" description="Feature movie activation image big - 640 x 360" extension="jpg" lastModified="2018-04-17" locale="global" number="001" type="FMB">http://images.philips.com/is/image/PhilipsConsumer/F400085602-FMB-global-001</Asset><Asset code="F400086612" description="Feature logo - highres 331x213" extension="tif" lastModified="2018-03-06" locale="global" number="001" type="FLP">http://images.philips.com/is/image/PhilipsConsumer/F400086612-FLP-global-001</Asset><Asset code="PHI" description="Brand logo - highres 1476x886" extension="tif" lastModified="2016-02-18" locale="global" number="001" type="BRP">http://images.philips.com/is/image/PhilipsConsumer/PHI-BRP-global-001</Asset></Assets><ProductName>Ultraflacher 4K UHD-LED-Android-Fernseher</ProductName><FullProductName>Philips 7800 series Ultraflacher 4K UHD-LED-Android-Fernseher 65PUS7803 164 cm (65") Fernseher mit Ambilight 1700 Picture Performance Index HDR Plus P5 Perfect Picture Engine mit 3-seitigem Ambilight</FullProductName><NamingString><MasterBrand><BrandCode>PHI</BrandCode><BrandName>Philips</BrandName></MasterBrand><BrandString>Philips</BrandString><Concept><ConceptCode>SB40004665</ConceptCode><ConceptName>7800 series</ConceptName><ConceptNameUsed>1</ConceptNameUsed></Concept><Descriptor><DescriptorCode>D4030715</DescriptorCode><DescriptorName>Ultraflacher 4K UHD-LED-Android-Fernseher</DescriptorName></Descriptor><Alphanumeric>65PUS7803</Alphanumeric><VersionElement1><VersionElementCode>V4046333</VersionElementCode><VersionElementName>164 cm (65") Fernseher mit Ambilight</VersionElementName></VersionElement1><VersionElement2><VersionElementCode>V4046028</VersionElementCode><VersionElementName>1700 Picture Performance Index</VersionElementName></VersionElement2><VersionElement3><VersionElementCode>V4046021</VersionElementCode><VersionElementName>HDR Plus</VersionElementName></VersionElement3><VersionElement4><VersionElementCode>V4046024</VersionElementCode><VersionElementName>P5 Perfect Picture Engine</VersionElementName></VersionElement4><VersionString>164 cm (65") Fernseher mit Ambilight 1700 Picture Performance Index HDR Plus P5 Perfect Picture Engine</VersionString><BrandedFeatureCode1>F400085586_65PUS7803_12</BrandedFeatureCode1><BrandedFeatureString>mit 3-seitigem Ambilight</BrandedFeatureString><DescriptorBrandedFeatureString>Ultraflacher 4K UHD-LED-Android-Fernseher mit 3-seitigem Ambilight</DescriptorBrandedFeatureString></NamingString><WOW>Ultraflacher 4K UHD-LED-Android-Fernseher</WOW><SubWOW>mit 3-seitigem Ambilight</SubWOW><MarketingTextHeader>Elegantes Design aus authentischen Materialien. Erleben Sie spektakuläre 4K-Auflösung auf dem ultradünnen Philips 7800. Dank unserer P5 Bildverarbeitungs-Engine streamen Sie Ihre Lieblingsshow in verbesserter Bildqualität.</MarketingTextHeader><KeyBenefitArea><KeyBenefitAreaCode>K4030253</KeyBenefitAreaCode><KeyBenefitAreaName>Hervorragende Detailtreue</KeyBenefitAreaName><KeyBenefitAreaRank>1</KeyBenefitAreaRank><Feature><FeatureCode>F400085586_65PUS7803_12</FeatureCode><FeatureReferenceName>Ambilight 3-sided EU</FeatureReferenceName><FeatureName>3-seitiges Ambilight</FeatureName><FeatureLongDescription>Ambilight. Emotionen über den Bildschirm hinaus.</FeatureLongDescription><FeatureGlossary>Mit Philips Ambilight können Sie vollständig in Ihre Filme und Spiele eintauchen. Die Musik bekommt eine eigene Lightshow. Und der Bildschirm wirkt größer als er ist. Intelligente LEDs an den Seiten des Fernsehers projizieren die auf dem Bildschirm angezeigten Farben in Echtzeit an die Wände und in den Raum. Sie genießen eine perfekt abgestimmte Umgebungsbeleuchtung und erhalten einen weiteren Grund, Ihren Fernseher zu lieben.</FeatureGlossary><FeatureRank>1</FeatureRank><FeatureTopRank>1</FeatureTopRank></Feature></KeyBenefitArea><KeyBenefitArea><KeyBenefitAreaCode>K4030252</KeyBenefitAreaCode><KeyBenefitAreaName>Erleben Sie jedes Detail</KeyBenefitAreaName><KeyBenefitAreaRank>2</KeyBenefitAreaRank><Feature><FeatureCode>F400085602</FeatureCode><FeatureReferenceName>P5 Processing Engine EU</FeatureReferenceName><FeatureName>P5 Perfect Picture Engine</FeatureName><FeatureLongDescription>Philips P5 Engine. Egal welche Quelle – Perfektion ist garantiert.</FeatureLongDescription><FeatureGlossary>Die Philips P5 Perfect Picture Engine sorgt dafür, dass das Bild stets so brillant ist wie Ihre Lieblingsinhalte. Details haben sichtbar mehr Tiefe. Die Farben leuchten, und die Hauttöne wirken natürlicher. Der Kontrast ist so scharf, dass Sie jedes Detail regelrecht spüren können. Und Bewegungsabläufe sind so fließend, dass Sie den Ball nie aus den Augen verlieren, ganz egal, wie schnell das Spiel ist.</FeatureGlossary><FeatureRank>1</FeatureRank><FeatureTopRank>2</FeatureTopRank></Feature><Feature><FeatureCode>F400085245</FeatureCode><FeatureReferenceName>4K Ultra HD (2018)</FeatureReferenceName><FeatureName>4K Ultra HD</FeatureName><FeatureLongDescription>4K Ultra HD ist besser als jede Auflösung zuvor</FeatureLongDescription><FeatureGlossary>Mit der vierfachen Auflösung von Full HD erhellt Ultra HD Ihren Bildschirm mit mehr als 8 Millionen Pixeln und unserer einzigartigen Ultra Resolution-Skalierungstechnologie. Erleben Sie bessere Bildqualität, unabhängig vom ursprünglichen Inhalt, und genießen Sie ein schärferes Bild mit überragender Tiefe, starkem Kontrast, natürlichen Bewegungen und lebendigen Details.</FeatureGlossary><FeatureRank>2</FeatureRank><FeatureTopRank>3</FeatureTopRank></Feature><Feature><FeatureCode>F400085243_65PUS7803_12</FeatureCode><FeatureReferenceName>HDR Plus (2018)</FeatureReferenceName><FeatureName>HDR Plus</FeatureName><FeatureLongDescription>Erleben Sie besseren Kontrast sowie bessere Farbleistung und Schärfe mit HDR Plus</FeatureLongDescription><FeatureGlossary>High Dynamic Range Plus ist die Revolution des Home Entertainment. Begeben Sie sich mit seiner fortschrittlichen Verarbeitungsleistung auf eine sensorische Reise. Erleben Sie Inhalte so lebendig und kräftig, wie es die Produzenten wollten. Machen Sie sich bereit für hellere Highlights, stärkeren Kontrast, ein breiteres Farbspektrum und Details wie nie zuvor.</FeatureGlossary><FeatureRank>3</FeatureRank><FeatureTopRank>4</FeatureTopRank></Feature><Feature><FeatureCode>F400070646</FeatureCode><FeatureReferenceName>Micro Dimming Pro (2015)</FeatureReferenceName><FeatureName>Micro Dimming Pro</FeatureName><FeatureLongDescription>Micro Dimming Pro für unglaubliche Kontraste</FeatureLongDescription><FeatureGlossary>Micro Dimming Pro optimiert Kontraste auf Ihrem Fernseher auf der Basis der Lichtverhältnisse in Ihrer Umgebung. Ein Lichtsensor und spezielle Software analysieren das Bild in 6400 unterschiedlichen Zonen, sodass Sie perfekte Kontraste und Bildqualität für ein wahrhaft lebensechtes visuelles Erlebnis erhalten – Tag und Nacht.</FeatureGlossary><FeatureRank>4</FeatureRank><FeatureTopRank>5</FeatureTopRank></Feature></KeyBenefitArea><KeyBenefitArea><KeyBenefitAreaCode>K4030254</KeyBenefitAreaCode><KeyBenefitAreaName>Mit Android sind Ihrem Fernseher keine Grenzen gesetzt</KeyBenefitAreaName><KeyBenefitAreaRank>3</KeyBenefitAreaRank><Feature><FeatureCode>F400084936_65PUS7803_12</FeatureCode><FeatureReferenceName>Google Play + Philips TV/STA gallery (2018)</FeatureReferenceName><FeatureName>Fernsehinhalte</FeatureName><FeatureLongDescription>Google Play Store und Philips App-Galerie: über den Fernseher hinaus</FeatureLongDescription><FeatureGlossary>Gehen Sie mit dem Google Play Store und der Philips App Gallery über das traditionelle TV-Programm hinaus. Erleben Sie endlose Filme, TV, Musik, Apps und Spiele online.</FeatureGlossary><FeatureRank>1</FeatureRank><FeatureTopRank>6</FeatureTopRank></Feature><Feature><FeatureCode>F400070656</FeatureCode><FeatureReferenceName>Quad Core + Android (2015)</FeatureReferenceName><FeatureName>Quad Core und Android</FeatureName><FeatureLongDescription>Entfesseln Sie die Leistung von Quad Core und integriertem Android</FeatureLongDescription><FeatureGlossary>Der Philips Quad Core-Prozessor trifft auf die Leistung von Android – dies sorgt für ein aufregendes Spielerlebnis. Mit Android auf Ihrem Fernseher können schnell und intuitiv durch Apps navigieren, sie starten und Videos wiedergeben.</FeatureGlossary><FeatureRank>2</FeatureRank><FeatureTopRank>7</FeatureTopRank></Feature></KeyBenefitArea><KeyBenefitArea><KeyBenefitAreaCode>K4034175</KeyBenefitAreaCode><KeyBenefitAreaName>Sound sah noch nie so gut aus</KeyBenefitAreaName><KeyBenefitAreaRank>4</KeyBenefitAreaRank><Feature><FeatureCode>F400084940</FeatureCode><FeatureReferenceName>DTS HD Premium Sound (2018)</FeatureReferenceName><FeatureName>DTS HD Premium Sound</FeatureName><FeatureLongDescription>Hören Sie jedes Detail mit dem DTS HD Premium Sound</FeatureLongDescription><FeatureGlossary>Die DTS HD Premium Suite bietet High-End-Audioverarbeitung für besseren Klang aus Ihren Lautsprechern. Unter Beibehaltung der Reinheit des Originalinhalts genießen Sie einen eindringlichen Klang, tiefe Bässe und einen kristallklaren Dialog ohne Schwankungen, Ausschnitte oder Verzerrungen.</FeatureGlossary><FeatureRank>1</FeatureRank><FeatureTopRank>8</FeatureTopRank></Feature><Feature><FeatureCode>F400081556</FeatureCode><FeatureReferenceName>Sound processing 2017</FeatureReferenceName><FeatureName>Soundverarbeitung</FeatureName><FeatureLongDescription>Effektive Soundverarbeitung für kompromisslos klaren Sound</FeatureLongDescription><FeatureGlossary>Eine Windböe, ein Blatt, das zu Boden fällt, das Geräusch von Reifen, die eine windige Straße hinunterrasen. Kleine Details erwecken das Bild zum Leben. Die Soundverarbeitung von Philips gibt diese Details, zusammen mit kompromisslos klarem Sound, wieder. Hören Sie alles genau so, wie es der Regisseur beabsichtigte, mit einer Tonmischung wie im Studio, die Original-Audioaufnahmen unterstützt und bei Bedarf den Sound verstärkt. Ein tiefer Bass, klare Dialoge und faszinierende Details sind nur der Anfang.</FeatureGlossary><FeatureRank>2</FeatureRank><FeatureTopRank>9</FeatureTopRank></Feature></KeyBenefitArea><FeatureLogo><FeatureCode>F400085586_65PUS7803_12</FeatureCode><FeatureReferenceName>Ambilight 3-sided EU</FeatureReferenceName><FeatureLogoRank>1</FeatureLogoRank></FeatureLogo><FeatureLogo><FeatureCode>F400076576</FeatureCode><FeatureReferenceName>4K Ultra HD (2016)</FeatureReferenceName><FeatureLogoRank>4</FeatureLogoRank></FeatureLogo><FeatureLogo><FeatureCode>F400085602</FeatureCode><FeatureReferenceName>P5 Processing Engine EU</FeatureReferenceName><FeatureLogoRank>5</FeatureLogoRank></FeatureLogo><FeatureLogo><FeatureCode>F400078749</FeatureCode><FeatureReferenceName>HDR Plus (2016)</FeatureReferenceName><FeatureLogoRank>6</FeatureLogoRank></FeatureLogo><FeatureLogo><FeatureCode>F400085408</FeatureCode><FeatureReferenceName>1700 PPI</FeatureReferenceName><FeatureLogoRank>7</FeatureLogoRank></FeatureLogo><FeatureLogo><FeatureCode>F400082103</FeatureCode><FeatureReferenceName>Android TV (2017)</FeatureReferenceName><FeatureLogoRank>8</FeatureLogoRank></FeatureLogo><FeatureLogo><FeatureCode>F400086612</FeatureCode><FeatureReferenceName>Dolby Audio (2018)</FeatureReferenceName><FeatureLogoRank>9</FeatureLogoRank></FeatureLogo><FeatureLogo><FeatureCode>F400051153</FeatureCode><FeatureReferenceName>Four HDMI inputs with Easylink (2013)</FeatureReferenceName><FeatureLogoRank>10</FeatureLogoRank></FeatureLogo><FeatureImage><FeatureCode>F400085586_65PUS7803_12</FeatureCode><FeatureReferenceName>Ambilight 3-sided EU</FeatureReferenceName><FeatureImageRank>1</FeatureImageRank></FeatureImage><FeatureImage><FeatureCode>F400085602</FeatureCode><FeatureReferenceName>P5 Processing Engine EU</FeatureReferenceName><FeatureImageRank>2</FeatureImageRank></FeatureImage><FeatureImage><FeatureCode>F400085243_65PUS7803_12</FeatureCode><FeatureReferenceName>HDR Plus (2018)</FeatureReferenceName><FeatureImageRank>4</FeatureImageRank></FeatureImage><FeatureImage><FeatureCode>F400084936_65PUS7803_12</FeatureCode><FeatureReferenceName>Google Play + Philips TV/STA gallery (2018)</FeatureReferenceName><FeatureImageRank>6</FeatureImageRank></FeatureImage><FeatureHighlight><FeatureCode>F400085586_65PUS7803_12</FeatureCode><FeatureReferenceName>Ambilight 3-sided EU</FeatureReferenceName><FeatureHighlightRank>1</FeatureHighlightRank></FeatureHighlight><FeatureHighlight><FeatureCode>F400085602</FeatureCode><FeatureReferenceName>P5 Processing Engine EU</FeatureReferenceName><FeatureHighlightRank>2</FeatureHighlightRank></FeatureHighlight><FeatureHighlight><FeatureCode>F400085245</FeatureCode><FeatureReferenceName>4K Ultra HD (2018)</FeatureReferenceName><FeatureHighlightRank>3</FeatureHighlightRank></FeatureHighlight><FeatureHighlight><FeatureCode>F400085243_65PUS7803_12</FeatureCode><FeatureReferenceName>HDR Plus (2018)</FeatureReferenceName><FeatureHighlightRank>4</FeatureHighlightRank></FeatureHighlight><FeatureHighlight><FeatureCode>F400070646</FeatureCode><FeatureReferenceName>Micro Dimming Pro (2015)</FeatureReferenceName><FeatureHighlightRank>5</FeatureHighlightRank></FeatureHighlight><FeatureHighlight><FeatureCode>F400084936_65PUS7803_12</FeatureCode><FeatureReferenceName>Google Play + Philips TV/STA gallery (2018)</FeatureReferenceName><FeatureHighlightRank>6</FeatureHighlightRank></FeatureHighlight><FeatureHighlight><FeatureCode>F400070656</FeatureCode><FeatureReferenceName>Quad Core + Android (2015)</FeatureReferenceName><FeatureHighlightRank>7</FeatureHighlightRank></FeatureHighlight><FeatureHighlight><FeatureCode>F400084940</FeatureCode><FeatureReferenceName>DTS HD Premium Sound (2018)</FeatureReferenceName><FeatureHighlightRank>8</FeatureHighlightRank></FeatureHighlight><FeatureHighlight><FeatureCode>F400081556</FeatureCode><FeatureReferenceName>Sound processing 2017</FeatureReferenceName><FeatureHighlightRank>9</FeatureHighlightRank></FeatureHighlight><CSChapter><CSChapterCode>3000798</CSChapterCode><CSChapterName>Ambilight</CSChapterName><CSChapterRank>1</CSChapterRank><CSItem><CSItemCode>IT4008761</CSItemCode><CSItemName>Ambilight-Version</CSItemName><CSItemRank>1</CSItemRank><CSItemIsFreeFormat>0</CSItemIsFreeFormat><CSValue><CSValueCode>VA4021434</CSValueCode><CSValueName>3-seitig</CSValueName><CSValueRank>1</CSValueRank></CSValue></CSItem><CSItem><CSItemCode>3006240</CSItemCode><CSItemName>Ambilight-Funktionen</CSItemName><CSItemRank>2</CSItemRank><CSItemIsFreeFormat>0</CSItemIsFreeFormat><CSValue><CSValueCode>VA4079461</CSValueCode><CSValueName>Integriertes Ambilight+Hue</CSValueName><CSValueRank>1</CSValueRank></CSValue><CSValue><CSValueCode>VA4091343</CSValueCode><CSValueName>Ambilight Musik</CSValueName><CSValueRank>2</CSValueRank></CSValue><CSValue><CSValueCode>VA4089018</CSValueCode><CSValueName>Spielmodus</CSValueName><CSValueRank>3</CSValueRank></CSValue><CSValue><CSValueCode>VA4022574</CSValueCode><CSValueName>Anpassung an die Wandfarbe</CSValueName><CSValueRank>4</CSValueRank></CSValue><CSValue><CSValueCode>VA4077822</CSValueCode><CSValueName>Lounge-Modus</CSValueName><CSValueRank>5</CSValueRank></CSValue></CSItem></CSChapter><CSChapter><CSChapterCode>3000796</CSChapterCode><CSChapterName>Bild/Anzeige</CSChapterName><CSChapterRank>2</CSChapterRank><CSItem><CSItemCode>IT4009349</CSItemCode><CSItemName>Anzeige</CSItemName><CSItemRank>1</CSItemRank><CSItemIsFreeFormat>0</CSItemIsFreeFormat><CSValue><CSValueCode>VA4079466</CSValueCode><CSValueName>4K Ultra HD LED</CSValueName><CSValueRank>1</CSValueRank></CSValue></CSItem><CSItem><CSItemCode>3006140</CSItemCode><CSItemName>Bildschirmgröße diagonal (cm)</CSItemName><CSItemRank>2</CSItemRank><CSItemIsFreeFormat>1</CSItemIsFreeFormat><CSValue><CSValueCode>3031123</CSValueCode><CSValueName>164</CSValueName><CSValueRank>1</CSValueRank></CSValue><UnitOfMeasure><UnitOfMeasureCode>3000039</UnitOfMeasureCode><UnitOfMeasureName>Zentimeter</UnitOfMeasureName><UnitOfMeasureSymbol>cm</UnitOfMeasureSymbol></UnitOfMeasure></CSItem><CSItem><CSItemCode>3006139</CSItemCode><CSItemName>Bildschirmgröße diagonal (Zoll)</CSItemName><CSItemRank>3</CSItemRank><CSItemIsFreeFormat>1</CSItemIsFreeFormat><CSValue><CSValueCode>3031122</CSValueCode><CSValueName>65</CSValueName><CSValueRank>1</CSValueRank></CSValue><UnitOfMeasure><UnitOfMeasureCode>3000047</UnitOfMeasureCode><UnitOfMeasureName>Zoll</UnitOfMeasureName><UnitOfMeasureSymbol>Zoll</UnitOfMeasureSymbol></UnitOfMeasure></CSItem><CSItem><CSItemCode>3006177</CSItemCode><CSItemName>Auflösung des Displays</CSItemName><CSItemRank>4</CSItemRank><CSItemIsFreeFormat>0</CSItemIsFreeFormat><CSValue><CSValueCode>VA4079565</CSValueCode><CSValueName>3.840 x 2.160</CSValueName><CSValueRank>1</CSValueRank></CSValue></CSItem><CSItem><CSItemCode>3006121</CSItemCode><CSItemName>Bildformat</CSItemName><CSItemRank>5</CSItemRank><CSItemIsFreeFormat>0</CSItemIsFreeFormat><CSValue><CSValueCode>3031098</CSValueCode><CSValueName>16:9</CSValueName><CSValueRank>1</CSValueRank></CSValue></CSItem><CSItem><CSItemCode>3006183</CSItemCode><CSItemName>Bildoptimierung</CSItemName><CSItemRank>6</CSItemRank><CSItemIsFreeFormat>0</CSItemIsFreeFormat><CSValue><CSValueCode>VA4068029</CSValueCode><CSValueName>Ultra Resolution</CSValueName><CSValueRank>1</CSValueRank></CSValue><CSValue><CSValueCode>VA4068668</CSValueCode><CSValueName>Micro Dimming Pro</CSValueName><CSValueRank>2</CSValueRank></CSValue><CSValue><CSValueCode>VA4101612</CSValueCode><CSValueName>1700 PPI</CSValueName><CSValueRank>3</CSValueRank></CSValue></CSItem></CSChapter><CSChapter><CSChapterCode>CH4007021</CSChapterCode><CSChapterName>Android</CSChapterName><CSChapterRank>3</CSChapterRank><CSItem><CSItemCode>IT4037473</CSItemCode><CSItemName>Betriebssystem</CSItemName><CSItemRank>1</CSItemRank><CSItemIsFreeFormat>0</CSItemIsFreeFormat><CSValue><CSValueCode>VA4101453</CSValueCode><CSValueName>Android Nougat</CSValueName><CSValueRank>1</CSValueRank></CSValue></CSItem><CSItem><CSItemCode>IT4034666</CSItemCode><CSItemName>Vorinstallierte Apps</CSItemName><CSItemRank>2</CSItemRank><CSItemIsFreeFormat>0</CSItemIsFreeFormat><CSValue><CSValueCode>VA4080696</CSValueCode><CSValueName>Google Play Movies*</CSValueName><CSValueRank>1</CSValueRank></CSValue><CSValue><CSValueCode>VA4080697</CSValueCode><CSValueName>Google Play Music*</CSValueName><CSValueRank>2</CSValueRank></CSValue><CSValue><CSValueCode>VA4086880</CSValueCode><CSValueName>Google-Suche</CSValueName><CSValueRank>3</CSValueRank></CSValue><CSValue><CSValueCode>VA4080698</CSValueCode><CSValueName>YouTube</CSValueName><CSValueRank>4</CSValueRank></CSValue></CSItem><CSItem><CSItemCode>IT4037607</CSItemCode><CSItemName>Speichergröße</CSItemName><CSItemRank>3</CSItemRank><CSItemIsFreeFormat>0</CSItemIsFreeFormat><CSValue><CSValueCode>VA4087301</CSValueCode><CSValueName>16 GB</CSValueName><CSValueRank>1</CSValueRank></CSValue></CSItem></CSChapter><CSChapter><CSChapterCode>CH4007621</CSChapterCode><CSChapterName>Smart TV-Funktionen</CSChapterName><CSChapterRank>4</CSChapterRank><CSItem><CSItemCode>IT4037464</CSItemCode><CSItemName>Benutzerinteraktion</CSItemName><CSItemRank>1</CSItemRank><CSItemIsFreeFormat>0</CSItemIsFreeFormat><CSValue><CSValueCode>VA4086945</CSValueCode><CSValueName>MultiRoom-Client und -Server</CSValueName><CSValueRank>1</CSValueRank></CSValue><CSValue><CSValueCode>VA4086943</CSValueCode><CSValueName>SimplyShare</CSValueName><CSValueRank>2</CSValueRank></CSValue></CSItem><CSItem><CSItemCode>IT4037465</CSItemCode><CSItemName>Interactive TV</CSItemName><CSItemRank>2</CSItemRank><CSItemIsFreeFormat>0</CSItemIsFreeFormat><CSValue><CSValueCode>VA4086947</CSValueCode><CSValueName>HbbTV</CSValueName><CSValueRank>1</CSValueRank></CSValue></CSItem><CSItem><CSItemCode>IT4037466</CSItemCode><CSItemName>Sendung</CSItemName><CSItemRank>3</CSItemRank><CSItemIsFreeFormat>0</CSItemIsFreeFormat><CSValue><CSValueCode>VA4086948</CSValueCode><CSValueName>Pause TV</CSValueName><CSValueRank>1</CSValueRank></CSValue><CSValue><CSValueCode>VA4086949</CSValueCode><CSValueName>USB-Aufnahme*</CSValueName><CSValueRank>2</CSValueRank></CSValue></CSItem><CSItem><CSItemCode>IT4037467</CSItemCode><CSItemName>SmartTV-Apps*</CSItemName><CSItemRank>4</CSItemRank><CSItemIsFreeFormat>0</CSItemIsFreeFormat><CSValue><CSValueCode>VA4086951</CSValueCode><CSValueName>Online-Videoshops</CSValueName><CSValueRank>1</CSValueRank></CSValue><CSValue><CSValueCode>VA4086957</CSValueCode><CSValueName>Browser für öffentliches Internet</CSValueName><CSValueRank>2</CSValueRank></CSValue><CSValue><CSValueCode>VA4086956</CSValueCode><CSValueName>Social TV</CSValueName><CSValueRank>3</CSValueRank></CSValue><CSValue><CSValueCode>VA4086950</CSValueCode><CSValueName>TV on Demand</CSValueName><CSValueRank>4</CSValueRank></CSValue><CSValue><CSValueCode>VA4086955</CSValueCode><CSValueName>YouTube</CSValueName><CSValueRank>5</CSValueRank></CSValue></CSItem><CSItem><CSItemCode>IT4037468</CSItemCode><CSItemName>Einfache Installation</CSItemName><CSItemRank>5</CSItemRank><CSItemIsFreeFormat>0</CSItemIsFreeFormat><CSValue><CSValueCode>VA4086958</CSValueCode><CSValueName>Automatisches Erkennen von Philips Geräten</CSValueName><CSValueRank>1</CSValueRank></CSValue><CSValue><CSValueCode>VA4086959</CSValueCode><CSValueName>Geräte-Verbindungsassistent</CSValueName><CSValueRank>2</CSValueRank></CSValue><CSValue><CSValueCode>VA4086960</CSValueCode><CSValueName>Netzwerkinstallationsassistent</CSValueName><CSValueRank>3</CSValueRank></CSValue><CSValue><CSValueCode>VA4086961</CSValueCode><CSValueName>Einstellungsassistent</CSValueName><CSValueRank>4</CSValueRank></CSValue></CSItem><CSItem><CSItemCode>IT4037469</CSItemCode><CSItemName>Einfache Bedienung</CSItemName><CSItemRank>6</CSItemRank><CSItemIsFreeFormat>0</CSItemIsFreeFormat><CSValue><CSValueCode>VA4086962</CSValueCode><CSValueName>Benutzerfreundliche Smart-Menü-Taste</CSValueName><CSValueRank>1</CSValueRank></CSValue><CSValue><CSValueCode>VA4086963</CSValueCode><CSValueName>Bildschirm-Benutzerhandbuch</CSValueName><CSValueRank>2</CSValueRank></CSValue></CSItem><CSItem><CSItemCode>IT4037470</CSItemCode><CSItemName>Upgradefähige Firmware</CSItemName><CSItemRank>7</CSItemRank><CSItemIsFreeFormat>0</CSItemIsFreeFormat><CSValue><CSValueCode>VA4086964</CSValueCode><CSValueName>Assistent für autom. Firmware-Akt.</CSValueName><CSValueRank>1</CSValueRank></CSValue><CSValue><CSValueCode>VA4086965</CSValueCode><CSValueName>Firmware-Upgrade über USB</CSValueName><CSValueRank>2</CSValueRank></CSValue><CSValue><CSValueCode>VA4086966</CSValueCode><CSValueName>Online-Aktualisierung der Firmware</CSValueName><CSValueRank>3</CSValueRank></CSValue></CSItem><CSItem><CSItemCode>IT4037471</CSItemCode><CSItemName>Bildschirmformat-Anpassung</CSItemName><CSItemRank>8</CSItemRank><CSItemIsFreeFormat>0</CSItemIsFreeFormat><CSValue><CSValueCode>VA4086973</CSValueCode><CSValueName>Einfach – Bildschirm ausfüllen</CSValueName><CSValueRank>1</CSValueRank></CSValue><CSValue><CSValueCode>VA4086974</CSValueCode><CSValueName>Vollbild</CSValueName><CSValueRank>2</CSValueRank></CSValue><CSValue><CSValueCode>VA4086975</CSValueCode><CSValueName>Erweitert – Verschieben</CSValueName><CSValueRank>3</CSValueRank></CSValue><CSValue><CSValueCode>VA4086976</CSValueCode><CSValueName>Zoom, Stretch</CSValueName><CSValueRank>4</CSValueRank></CSValue></CSItem><CSItem><CSItemCode>IT4037472</CSItemCode><CSItemName>Philips TV Remote App*</CSItemName><CSItemRank>9</CSItemRank><CSItemIsFreeFormat>0</CSItemIsFreeFormat><CSValue><CSValueCode>VA4086985</CSValueCode><CSValueName>Apps</CSValueName><CSValueRank>1</CSValueRank></CSValue><CSValue><CSValueCode>VA4086984</CSValueCode><CSValueName>Programme</CSValueName><CSValueRank>2</CSValueRank></CSValue><CSValue><CSValueCode>VA4086978</CSValueCode><CSValueName>Steuerung</CSValueName><CSValueRank>3</CSValueRank></CSValue><CSValue><CSValueCode>VA4086983</CSValueCode><CSValueName>NowOnTV</CSValueName><CSValueRank>4</CSValueRank></CSValue><CSValue><CSValueCode>VA4086981</CSValueCode><CSValueName>TV-Guide</CSValueName><CSValueRank>5</CSValueRank></CSValue><CSValue><CSValueCode>VA4086982</CSValueCode><CSValueName>Video-on-Demand</CSValueName><CSValueRank>6</CSValueRank></CSValue></CSItem><CSItem><CSItemCode>IT4037475</CSItemCode><CSItemName>Fernbedienung</CSItemName><CSItemRank>10</CSItemRank><CSItemIsFreeFormat>0</CSItemIsFreeFormat><CSValue><CSValueCode>VA4086992</CSValueCode><CSValueName>mit Tastatur</CSValueName><CSValueRank>1</CSValueRank></CSValue><CSValue><CSValueCode>VA4086994</CSValueCode><CSValueName>mit Sprachsteuerung</CSValueName><CSValueRank>2</CSValueRank></CSValue></CSItem></CSChapter><CSChapter><CSChapterCode>CH4006082</CSChapterCode><CSChapterName>Verarbeitung</CSChapterName><CSChapterRank>5</CSChapterRank><CSItem><CSItemCode>IT4029505</CSItemCode><CSItemName>Verarbeitungsleistung</CSItemName><CSItemRank>1</CSItemRank><CSItemIsFreeFormat>0</CSItemIsFreeFormat><CSValue><CSValueCode>VA4068064</CSValueCode><CSValueName>Quad Core</CSValueName><CSValueRank>1</CSValueRank></CSValue></CSItem></CSChapter><CSChapter><CSChapterCode>3000799</CSChapterCode><CSChapterName>Ton</CSChapterName><CSChapterRank>6</CSChapterRank><CSItem><CSItemCode>3006270</CSItemCode><CSItemName>Ausgangsleistung (RMS)</CSItemName><CSItemRank>1</CSItemRank><CSItemIsFreeFormat>1</CSItemIsFreeFormat><CSValue><CSValueCode>3031400</CSValueCode><CSValueName>20 W</CSValueName><CSValueRank>1</CSValueRank></CSValue></CSItem><CSItem><CSItemCode>3006277</CSItemCode><CSItemName>Verbesserung der Soundqualität</CSItemName><CSItemRank>2</CSItemRank><CSItemIsFreeFormat>0</CSItemIsFreeFormat><CSValue><CSValueCode>3031442</CSValueCode><CSValueName>Smart Sound</CSValueName><CSValueRank>1</CSValueRank></CSValue><CSValue><CSValueCode>VA4099061</CSValueCode><CSValueName>DTS-HD Premium Sound</CSValueName><CSValueRank>2</CSValueRank></CSValue><CSValue><CSValueCode>VA4102990</CSValueCode><CSValueName>Dolby Atmos kompatibel</CSValueName><CSValueRank>3</CSValueRank></CSValue><CSValue><CSValueCode>VA4077945</CSValueCode><CSValueName>DTS Studio Sound</CSValueName><CSValueRank>4</CSValueRank></CSValue><CSValue><CSValueCode>VA4068698</CSValueCode><CSValueName>DTS TruSurround</CSValueName><CSValueRank>5</CSValueRank></CSValue></CSItem><CSItem><CSItemCode>IT4045565</CSItemCode><CSItemName>Lautsprecherkonfiguration</CSItemName><CSItemRank>3</CSItemRank><CSItemIsFreeFormat>1</CSItemIsFreeFormat><CSValue><CSValueCode>VA4104615</CSValueCode><CSValueName>2 x 10 W Full-Range-Lautsprecher</CSValueName><CSValueRank>1</CSValueRank></CSValue></CSItem></CSChapter><CSChapter><CSChapterCode>3000813</CSChapterCode><CSChapterName>Anschlüsse</CSChapterName><CSChapterRank>7</CSChapterRank><CSItem><CSItemCode>IT4006781</CSItemCode><CSItemName>Anzahl HDMI-Anschlüsse</CSItemName><CSItemRank>1</CSItemRank><CSItemIsFreeFormat>0</CSItemIsFreeFormat><CSValue><CSValueCode>VA4018288</CSValueCode><CSValueName>4</CSValueName><CSValueRank>1</CSValueRank></CSValue></CSItem><CSItem><CSItemCode>IT4015984</CSItemCode><CSItemName>Anzahl der USB-Anschlüsse</CSItemName><CSItemRank>2</CSItemRank><CSItemIsFreeFormat>0</CSItemIsFreeFormat><CSValue><CSValueCode>VA4032422</CSValueCode><CSValueName>2</CSValueName><CSValueRank>1</CSValueRank></CSValue></CSItem><CSItem><CSItemCode>IT4015985</CSItemCode><CSItemName>Anzahl der Komponenteneingänge (YPbPr)</CSItemName><CSItemRank>3</CSItemRank><CSItemIsFreeFormat>0</CSItemIsFreeFormat><CSValue><CSValueCode>VA4032424</CSValueCode><CSValueName>1</CSValueName><CSValueRank>1</CSValueRank></CSValue></CSItem><CSItem><CSItemCode>3006591</CSItemCode><CSItemName>Kabellose Verbindungen</CSItemName><CSItemRank>4</CSItemRank><CSItemIsFreeFormat>0</CSItemIsFreeFormat><CSValue><CSValueCode>VA4078095</CSValueCode><CSValueName>Dualband</CSValueName><CSValueRank>1</CSValueRank></CSValue><CSValue><CSValueCode>VA4094466</CSValueCode><CSValueName>Integriertes WiFi 11ac 2x2</CSValueName><CSValueRank>2</CSValueRank></CSValue></CSItem><CSItem><CSItemCode>3006573</CSItemCode><CSItemName>Weitere Anschlüsse</CSItemName><CSItemRank>5</CSItemRank><CSItemIsFreeFormat>0</CSItemIsFreeFormat><CSValue><CSValueCode>VA4019747</CSValueCode><CSValueName>Common Interface Plus (CI+)</CSValueName><CSValueRank>1</CSValueRank></CSValue><CSValue><CSValueCode>VA4032430</CSValueCode><CSValueName>Digitaler Audio-Ausgang (optisch)</CSValueName><CSValueRank>2</CSValueRank></CSValue><CSValue><CSValueCode>3032285</CSValueCode><CSValueName>Antenne IEC75</CSValueName><CSValueRank>3</CSValueRank></CSValue><CSValue><CSValueCode>VA4067670</CSValueCode><CSValueName>Satellitenanschluss</CSValueName><CSValueRank>4</CSValueRank></CSValue><CSValue><CSValueCode>VA4022502</CSValueCode><CSValueName>Ethernet-LAN RJ-45</CSValueName><CSValueRank>5</CSValueRank></CSValue><CSValue><CSValueCode>VA4018008</CSValueCode><CSValueName>Linker/rechter Audio-Eingang</CSValueName><CSValueRank>6</CSValueRank></CSValue><CSValue><CSValueCode>VA4001121</CSValueCode><CSValueName>Kopfhörer-Ausgang</CSValueName><CSValueRank>7</CSValueRank></CSValue></CSItem><CSItem><CSItemCode>IT4001801</CSItemCode><CSItemName>HDMI Funktionen</CSItemName><CSItemRank>6</CSItemRank><CSItemIsFreeFormat>0</CSItemIsFreeFormat><CSValue><CSValueCode>VA4080937</CSValueCode><CSValueName>4K</CSValueName><CSValueRank>1</CSValueRank></CSValue><CSValue><CSValueCode>VA4021426</CSValueCode><CSValueName>Audio-Rückkanal</CSValueName><CSValueRank>2</CSValueRank></CSValue></CSItem><CSItem><CSItemCode>IT4001802</CSItemCode><CSItemName>EasyLink (HDMI-CEC)</CSItemName><CSItemRank>7</CSItemRank><CSItemIsFreeFormat>0</CSItemIsFreeFormat><CSValue><CSValueCode>VA4006305</CSValueCode><CSValueName>Fernbedienungs-Durchleitung</CSValueName><CSValueRank>1</CSValueRank></CSValue><CSValue><CSValueCode>VA4006303</CSValueCode><CSValueName>System-Audiosteuerung</CSValueName><CSValueRank>2</CSValueRank></CSValue><CSValue><CSValueCode>VA4004662</CSValueCode><CSValueName>System Standby-Modus</CSValueName><CSValueRank>3</CSValueRank></CSValue><CSValue><CSValueCode>VA4004661</CSValueCode><CSValueName>System-Start</CSValueName><CSValueRank>4</CSValueRank></CSValue></CSItem><CSItem><CSItemCode>IT4034211</CSItemCode><CSItemName>HDCP 2.2</CSItemName><CSItemRank>8</CSItemRank><CSItemIsFreeFormat>0</CSItemIsFreeFormat><CSValue><CSValueCode>VA4086885</CSValueCode><CSValueName>Ja, auf allen HDMI</CSValueName><CSValueRank>1</CSValueRank></CSValue></CSItem></CSChapter><CSChapter><CSChapterCode>3000811</CSChapterCode><CSChapterName>Multimedia-Anwendungen</CSChapterName><CSChapterRank>8</CSChapterRank><CSItem><CSItemCode>IT4008764</CSItemCode><CSItemName>Videowiedergabeformate</CSItemName><CSItemRank>1</CSItemRank><CSItemIsFreeFormat>0</CSItemIsFreeFormat><CSValue><CSValueCode>VA4021454</CSValueCode><CSValueName>Dateien: AVI, MKV</CSValueName><CSValueRank>1</CSValueRank></CSValue><CSValue><CSValueCode>VA4021455</CSValueCode><CSValueName>H264/MPEG-4 (AVC)</CSValueName><CSValueRank>2</CSValueRank></CSValue><CSValue><CSValueCode>VA4021451</CSValueCode><CSValueName>MPEG-1</CSValueName><CSValueRank>3</CSValueRank></CSValue><CSValue><CSValueCode>VA4021452</CSValueCode><CSValueName>MPEG-2</CSValueName><CSValueRank>4</CSValueRank></CSValue><CSValue><CSValueCode>VA4021453</CSValueCode><CSValueName>MPEG-4</CSValueName><CSValueRank>5</CSValueRank></CSValue><CSValue><CSValueCode>VA4021456</CSValueCode><CSValueName>WMV9/VC1</CSValueName><CSValueRank>6</CSValueRank></CSValue><CSValue><CSValueCode>VA4098821</CSValueCode><CSValueName>HEVC (H.265)</CSValueName><CSValueRank>7</CSValueRank></CSValue><CSValue><CSValueCode>VA4091744</CSValueCode><CSValueName>VP9</CSValueName><CSValueRank>8</CSValueRank></CSValue></CSItem><CSItem><CSItemCode>IT4033451</CSItemCode><CSItemName>Unterstützte Untertitelformate</CSItemName><CSItemRank>2</CSItemRank><CSItemIsFreeFormat>0</CSItemIsFreeFormat><CSValue><CSValueCode>VA4077783</CSValueCode><CSValueName>.SRT</CSValueName><CSValueRank>1</CSValueRank></CSValue><CSValue><CSValueCode>VA4077786</CSValueCode><CSValueName>.SUB</CSValueName><CSValueRank>2</CSValueRank></CSValue><CSValue><CSValueCode>VA4077788</CSValueCode><CSValueName>.TXT</CSValueName><CSValueRank>3</CSValueRank></CSValue><CSValue><CSValueCode>VA4077784</CSValueCode><CSValueName>.SMI</CSValueName><CSValueRank>4</CSValueRank></CSValue></CSItem><CSItem><CSItemCode>IT4008762</CSItemCode><CSItemName>Musikwiedergabeformate</CSItemName><CSItemRank>3</CSItemRank><CSItemIsFreeFormat>0</CSItemIsFreeFormat><CSValue><CSValueCode>VA4021478</CSValueCode><CSValueName>AAC</CSValueName><CSValueRank>1</CSValueRank></CSValue><CSValue><CSValueCode>VA4021448</CSValueCode><CSValueName>MP3</CSValueName><CSValueRank>2</CSValueRank></CSValue><CSValue><CSValueCode>VA4086481</CSValueCode><CSValueName>WAV</CSValueName><CSValueRank>3</CSValueRank></CSValue><CSValue><CSValueCode>VA4021450</CSValueCode><CSValueName>WMA (v2 bis v9.2)</CSValueName><CSValueRank>4</CSValueRank></CSValue><CSValue><CSValueCode>VA4086886</CSValueCode><CSValueName>WMA-PRO (v9 und v10)</CSValueName><CSValueRank>5</CSValueRank></CSValue></CSItem><CSItem><CSItemCode>IT4008763</CSItemCode><CSItemName>Bildwiedergabeformate</CSItemName><CSItemRank>4</CSItemRank><CSItemIsFreeFormat>0</CSItemIsFreeFormat><CSValue><CSValueCode>VA4021449</CSValueCode><CSValueName>JPEG</CSValueName><CSValueRank>1</CSValueRank></CSValue><CSValue><CSValueCode>VA4065613</CSValueCode><CSValueName>BMP</CSValueName><CSValueRank>2</CSValueRank></CSValue><CSValue><CSValueCode>VA4065611</CSValueCode><CSValueName>GIF</CSValueName><CSValueRank>3</CSValueRank></CSValue><CSValue><CSValueCode>VA4065612</CSValueCode><CSValueName>PNG</CSValueName><CSValueRank>4</CSValueRank></CSValue></CSItem></CSChapter><CSChapter><CSChapterCode>3000797</CSChapterCode><CSChapterName>Unterstützte Display-Auflösung</CSChapterName><CSChapterRank>9</CSChapterRank><CSItem><CSItemCode>IT4041111</CSItemCode><CSItemName>Computereingänge auf HDMI1/2</CSItemName><CSItemRank>1</CSItemRank><CSItemIsFreeFormat>0</CSItemIsFreeFormat><CSValue><CSValueCode>VA4095761</CSValueCode><CSValueName>Bis zu 4K UHD 3.840 x 2.160 bei 60 Hz</CSValueName><CSValueRank>1</CSValueRank></CSValue></CSItem><CSItem><CSItemCode>IT4041112</CSItemCode><CSItemName>Computereingänge auf HDMI3/4</CSItemName><CSItemRank>2</CSItemRank><CSItemIsFreeFormat>0</CSItemIsFreeFormat><CSValue><CSValueCode>VA4095765</CSValueCode><CSValueName>Bis zu 4K UHD 3.840 x 2.160 bei 30 Hz</CSValueName><CSValueRank>1</CSValueRank></CSValue></CSItem><CSItem><CSItemCode>IT4041113</CSItemCode><CSItemName>Videoeingänge auf HDMI 1/2</CSItemName><CSItemRank>3</CSItemRank><CSItemIsFreeFormat>0</CSItemIsFreeFormat><CSValue><CSValueCode>VA4097235</CSValueCode><CSValueName>Bis zu 4K UHD 3.840 x 2.160 bei 60 Hz</CSValueName><CSValueRank>1</CSValueRank></CSValue></CSItem><CSItem><CSItemCode>IT4041114</CSItemCode><CSItemName>Videoeingänge auf HDMI3/4</CSItemName><CSItemRank>4</CSItemRank><CSItemIsFreeFormat>0</CSItemIsFreeFormat><CSValue><CSValueCode>VA4097239</CSValueCode><CSValueName>Bis zu 4K UHD 3.840 x 2.160 bei 30 Hz</CSValueName><CSValueRank>1</CSValueRank></CSValue></CSItem></CSChapter><CSChapter><CSChapterCode>3000812</CSChapterCode><CSChapterName>Tuner/Empfang/Übertragung</CSChapterName><CSChapterRank>10</CSChapterRank><CSItem><CSItemCode>IT4041210</CSItemCode><CSItemName>HEVC-Unterstützung</CSItemName><CSItemRank>1</CSItemRank><CSItemIsFreeFormat>0</CSItemIsFreeFormat><CSValue><CSValueCode>VA4095925</CSValueCode><CSValueName>Ja</CSValueName><CSValueRank>1</CSValueRank></CSValue></CSItem><CSItem><CSItemCode>3007491</CSItemCode><CSItemName>Digitales Fernsehen</CSItemName><CSItemRank>2</CSItemRank><CSItemIsFreeFormat>0</CSItemIsFreeFormat><CSValue><CSValueCode>VA4097064</CSValueCode><CSValueName>DVB-T/T2/T2-HD/C/S/S2</CSValueName><CSValueRank>1</CSValueRank></CSValue></CSItem><CSItem><CSItemCode>IT4028192</CSItemCode><CSItemName>MPEG-Unterstützung</CSItemName><CSItemRank>3</CSItemRank><CSItemIsFreeFormat>0</CSItemIsFreeFormat><CSValue><CSValueCode>VA4065926</CSValueCode><CSValueName>MPEG2</CSValueName><CSValueRank>1</CSValueRank></CSValue><CSValue><CSValueCode>VA4065927</CSValueCode><CSValueName>MPEG4</CSValueName><CSValueRank>2</CSValueRank></CSValue></CSItem><CSItem><CSItemCode>3006515</CSItemCode><CSItemName>Videowiedergabe</CSItemName><CSItemRank>4</CSItemRank><CSItemIsFreeFormat>0</CSItemIsFreeFormat><CSValue><CSValueCode>3032144</CSValueCode><CSValueName>NTSC</CSValueName><CSValueRank>1</CSValueRank></CSValue><CSValue><CSValueCode>3032145</CSValueCode><CSValueName>PAL</CSValueName><CSValueRank>2</CSValueRank></CSValue><CSValue><CSValueCode>3032146</CSValueCode><CSValueName>Secam</CSValueName><CSValueRank>3</CSValueRank></CSValue></CSItem><CSItem><CSItemCode>IT4034213</CSItemCode><CSItemName>TV-Programmführer*</CSItemName><CSItemRank>5</CSItemRank><CSItemIsFreeFormat>0</CSItemIsFreeFormat><CSValue><CSValueCode>VA4079472</CSValueCode><CSValueName>8-Tage-EPG</CSValueName><CSValueRank>1</CSValueRank></CSValue></CSItem><CSItem><CSItemCode>IT4034214</CSItemCode><CSItemName>Signalstärkeanzeige</CSItemName><CSItemRank>6</CSItemRank><CSItemIsFreeFormat>0</CSItemIsFreeFormat><CSValue><CSValueCode>VA4079473</CSValueCode><CSValueName>Ja</CSValueName><CSValueRank>1</CSValueRank></CSValue></CSItem><CSItem><CSItemCode>IT4034215</CSItemCode><CSItemName>Videotext</CSItemName><CSItemRank>7</CSItemRank><CSItemIsFreeFormat>0</CSItemIsFreeFormat><CSValue><CSValueCode>VA4079474</CSValueCode><CSValueName>1.000 Seiten Hypertext</CSValueName><CSValueRank>1</CSValueRank></CSValue></CSItem></CSChapter><CSChapter><CSChapterCode>3000821</CSChapterCode><CSChapterName>Leistung</CSChapterName><CSChapterRank>11</CSChapterRank><CSItem><CSItemCode>3007003</CSItemCode><CSItemName>Netzstrom</CSItemName><CSItemRank>1</CSItemRank><CSItemIsFreeFormat>1</CSItemIsFreeFormat><CSValue><CSValueCode>3033675</CSValueCode><CSValueName>AC: 220 bis 240 V, 50/60 Hz</CSValueName><CSValueRank>1</CSValueRank></CSValue></CSItem><CSItem><CSItemCode>3007001</CSItemCode><CSItemName>Standby-Stromverbrauch</CSItemName><CSItemRank>2</CSItemRank><CSItemIsFreeFormat>1</CSItemIsFreeFormat><CSValue><CSValueCode>3033673</CSValueCode><CSValueName>&lt; 0,3 W</CSValueName><CSValueRank>1</CSValueRank></CSValue></CSItem><CSItem><CSItemCode>IT4009431</CSItemCode><CSItemName>Stromverbrauch (ausgeschaltet)</CSItemName><CSItemRank>3</CSItemRank><CSItemIsFreeFormat>1</CSItemIsFreeFormat><CSValue><CSValueCode>VA4022642</CSValueCode><CSValueName>0,3</CSValueName><CSValueRank>1</CSValueRank></CSValue><UnitOfMeasure><UnitOfMeasureCode>3000072</UnitOfMeasureCode><UnitOfMeasureName>Watt</UnitOfMeasureName><UnitOfMeasureSymbol>W</UnitOfMeasureSymbol></UnitOfMeasure></CSItem><CSItem><CSItemCode>IT4008765</CSItemCode><CSItemName>Energiesparfunktionen</CSItemName><CSItemRank>4</CSItemRank><CSItemIsFreeFormat>0</CSItemIsFreeFormat><CSValue><CSValueCode>VA4021464</CSValueCode><CSValueName>Ausschalt-Timer</CSValueName><CSValueRank>1</CSValueRank></CSValue><CSValue><CSValueCode>VA4021463</CSValueCode><CSValueName>Bildabschaltung (bei Radiobetrieb)</CSValueName><CSValueRank>2</CSValueRank></CSValue><CSValue><CSValueCode>VA4021460</CSValueCode><CSValueName>Lichtsensor</CSValueName><CSValueRank>3</CSValueRank></CSValue></CSItem><CSItem><CSItemCode>4000081</CSItemCode><CSItemName>Umgebungstemperatur</CSItemName><CSItemRank>5</CSItemRank><CSItemIsFreeFormat>0</CSItemIsFreeFormat><CSValue><CSValueCode>VA4002861</CSValueCode><CSValueName>5 °C bis 35 °C</CSValueName><CSValueRank>1</CSValueRank></CSValue></CSItem><CSItem><CSItemCode>IT4016791</CSItemCode><CSItemName>Stromversorgung mit EU-Energie-Label</CSItemName><CSItemRank>6</CSItemRank><CSItemIsFreeFormat>1</CSItemIsFreeFormat><CSValue><CSValueCode>VA4033965</CSValueCode><CSValueName>104</CSValueName><CSValueRank>1</CSValueRank></CSValue><UnitOfMeasure><UnitOfMeasureCode>3000072</UnitOfMeasureCode><UnitOfMeasureName>Watt</UnitOfMeasureName><UnitOfMeasureSymbol>W</UnitOfMeasureSymbol></UnitOfMeasure></CSItem><CSItem><CSItemCode>IT4013218</CSItemCode><CSItemName>Jährlicher Energieverbrauch</CSItemName><CSItemRank>7</CSItemRank><CSItemIsFreeFormat>1</CSItemIsFreeFormat><CSValue><CSValueCode>VA4025546</CSValueCode><CSValueName>152</CSValueName><CSValueRank>1</CSValueRank></CSValue><UnitOfMeasure><UnitOfMeasureCode>4000161</UnitOfMeasureCode><UnitOfMeasureName>Kilowattstunde</UnitOfMeasureName><UnitOfMeasureSymbol>kWh</UnitOfMeasureSymbol></UnitOfMeasure></CSItem><CSItem><CSItemCode>IT4013217</CSItemCode><CSItemName>Quecksilbergehalt</CSItemName><CSItemRank>8</CSItemRank><CSItemIsFreeFormat>1</CSItemIsFreeFormat><CSValue><CSValueCode>VA4025545</CSValueCode><CSValueName>0</CSValueName><CSValueRank>1</CSValueRank></CSValue><UnitOfMeasure><UnitOfMeasureCode>4000142</UnitOfMeasureCode><UnitOfMeasureName>mg</UnitOfMeasureName><UnitOfMeasureSymbol>mg</UnitOfMeasureSymbol></UnitOfMeasure></CSItem><CSItem><CSItemCode>IT4013214</CSItemCode><CSItemName>Bleihaltig</CSItemName><CSItemRank>9</CSItemRank><CSItemIsFreeFormat>0</CSItemIsFreeFormat><CSValue><CSValueCode>VA4025541</CSValueCode><CSValueName>Ja*</CSValueName><CSValueRank>1</CSValueRank></CSValue></CSItem><CSItem><CSItemCode>IT4015354</CSItemCode><CSItemName>Energieeffizienzklasse</CSItemName><CSItemRank>10</CSItemRank><CSItemIsFreeFormat>0</CSItemIsFreeFormat><CSValue><CSValueCode>VA4030805</CSValueCode><CSValueName>A+</CSValueName><CSValueRank>1</CSValueRank></CSValue></CSItem></CSChapter><CSChapter><CSChapterCode>3000820</CSChapterCode><CSChapterName>Abmessungen</CSChapterName><CSChapterRank>12</CSChapterRank><CSItem><CSItemCode>3006821</CSItemCode><CSItemName>Verpackungsbreite</CSItemName><CSItemRank>1</CSItemRank><CSItemIsFreeFormat>1</CSItemIsFreeFormat><CSValue><CSValueCode>3033149</CSValueCode><CSValueName>1600</CSValueName><CSValueRank>1</CSValueRank></CSValue><UnitOfMeasure><UnitOfMeasureCode>3000058</UnitOfMeasureCode><UnitOfMeasureName>Millimeter</UnitOfMeasureName><UnitOfMeasureSymbol>mm</UnitOfMeasureSymbol></UnitOfMeasure></CSItem><CSItem><CSItemCode>3006820</CSItemCode><CSItemName>Verpackungshöhe</CSItemName><CSItemRank>2</CSItemRank><CSItemIsFreeFormat>1</CSItemIsFreeFormat><CSValue><CSValueCode>3033148</CSValueCode><CSValueName>995</CSValueName><CSValueRank>1</CSValueRank></CSValue><UnitOfMeasure><UnitOfMeasureCode>3000058</UnitOfMeasureCode><UnitOfMeasureName>Millimeter</UnitOfMeasureName><UnitOfMeasureSymbol>mm</UnitOfMeasureSymbol></UnitOfMeasure></CSItem><CSItem><CSItemCode>3006819</CSItemCode><CSItemName>Verpackungstiefe</CSItemName><CSItemRank>3</CSItemRank><CSItemIsFreeFormat>1</CSItemIsFreeFormat><CSValue><CSValueCode>3033147</CSValueCode><CSValueName>185</CSValueName><CSValueRank>1</CSValueRank></CSValue><UnitOfMeasure><UnitOfMeasureCode>3000058</UnitOfMeasureCode><UnitOfMeasureName>Millimeter</UnitOfMeasureName><UnitOfMeasureSymbol>mm</UnitOfMeasureSymbol></UnitOfMeasure></CSItem><CSItem><CSItemCode>3006884</CSItemCode><CSItemName>Gerätebreite</CSItemName><CSItemRank>4</CSItemRank><CSItemIsFreeFormat>1</CSItemIsFreeFormat><CSValue><CSValueCode>3033219</CSValueCode><CSValueName>1455,1</CSValueName><CSValueRank>1</CSValueRank></CSValue><UnitOfMeasure><UnitOfMeasureCode>3000058</UnitOfMeasureCode><UnitOfMeasureName>Millimeter</UnitOfMeasureName><UnitOfMeasureSymbol>mm</UnitOfMeasureSymbol></UnitOfMeasure></CSItem><CSItem><CSItemCode>3006882</CSItemCode><CSItemName>Gerätehöhe</CSItemName><CSItemRank>5</CSItemRank><CSItemIsFreeFormat>1</CSItemIsFreeFormat><CSValue><CSValueCode>3033217</CSValueCode><CSValueName>837,2</CSValueName><CSValueRank>1</CSValueRank></CSValue><UnitOfMeasure><UnitOfMeasureCode>3000058</UnitOfMeasureCode><UnitOfMeasureName>Millimeter</UnitOfMeasureName><UnitOfMeasureSymbol>mm</UnitOfMeasureSymbol></UnitOfMeasure></CSItem><CSItem><CSItemCode>3006881</CSItemCode><CSItemName>Gerätetiefe</CSItemName><CSItemRank>6</CSItemRank><CSItemIsFreeFormat>1</CSItemIsFreeFormat><CSValue><CSValueCode>3033216</CSValueCode><CSValueName>50,3</CSValueName><CSValueRank>1</CSValueRank></CSValue><UnitOfMeasure><UnitOfMeasureCode>3000058</UnitOfMeasureCode><UnitOfMeasureName>Millimeter</UnitOfMeasureName><UnitOfMeasureSymbol>mm</UnitOfMeasureSymbol></UnitOfMeasure></CSItem><CSItem><CSItemCode>3010081</CSItemCode><CSItemName>Gerätebreite (inkl. Fuß)</CSItemName><CSItemRank>7</CSItemRank><CSItemIsFreeFormat>1</CSItemIsFreeFormat><CSValue><CSValueCode>3045267</CSValueCode><CSValueName>1455,1</CSValueName><CSValueRank>1</CSValueRank></CSValue><UnitOfMeasure><UnitOfMeasureCode>3000058</UnitOfMeasureCode><UnitOfMeasureName>Millimeter</UnitOfMeasureName><UnitOfMeasureSymbol>mm</UnitOfMeasureSymbol></UnitOfMeasure></CSItem><CSItem><CSItemCode>3010080</CSItemCode><CSItemName>Gerätehöhe (inkl. Fuß)</CSItemName><CSItemRank>8</CSItemRank><CSItemIsFreeFormat>1</CSItemIsFreeFormat><CSValue><CSValueCode>3045266</CSValueCode><CSValueName>889,8</CSValueName><CSValueRank>1</CSValueRank></CSValue><UnitOfMeasure><UnitOfMeasureCode>3000058</UnitOfMeasureCode><UnitOfMeasureName>Millimeter</UnitOfMeasureName><UnitOfMeasureSymbol>mm</UnitOfMeasureSymbol></UnitOfMeasure></CSItem><CSItem><CSItemCode>3010079</CSItemCode><CSItemName>Gerätetiefe (inkl. Fuß)</CSItemName><CSItemRank>9</CSItemRank><CSItemIsFreeFormat>1</CSItemIsFreeFormat><CSValue><CSValueCode>3045265</CSValueCode><CSValueName>304,5</CSValueName><CSValueRank>1</CSValueRank></CSValue><UnitOfMeasure><UnitOfMeasureCode>3000058</UnitOfMeasureCode><UnitOfMeasureName>Millimeter</UnitOfMeasureName><UnitOfMeasureSymbol>mm</UnitOfMeasureSymbol></UnitOfMeasure></CSItem><CSItem><CSItemCode>IT4042932</CSItemCode><CSItemName>Breitenabstand des Standfußes</CSItemName><CSItemRank>10</CSItemRank><CSItemIsFreeFormat>1</CSItemIsFreeFormat><CSValue><CSValueCode>VA4099201</CSValueCode><CSValueName>568,0</CSValueName><CSValueRank>1</CSValueRank></CSValue><UnitOfMeasure><UnitOfMeasureCode>3000058</UnitOfMeasureCode><UnitOfMeasureName>Millimeter</UnitOfMeasureName><UnitOfMeasureSymbol>mm</UnitOfMeasureSymbol></UnitOfMeasure></CSItem><CSItem><CSItemCode>4000961</CSItemCode><CSItemName>VESA-kompatible Wandhalterung</CSItemName><CSItemRank>11</CSItemRank><CSItemIsFreeFormat>0</CSItemIsFreeFormat><CSValue><CSValueCode>VA4021752</CSValueCode><CSValueName>400 x 300 mm</CSValueName><CSValueRank>1</CSValueRank></CSValue></CSItem><CSItem><CSItemCode>3006873</CSItemCode><CSItemName>Produktgewicht</CSItemName><CSItemRank>12</CSItemRank><CSItemIsFreeFormat>1</CSItemIsFreeFormat><CSValue><CSValueCode>3033208</CSValueCode><CSValueName>28,8</CSValueName><CSValueRank>1</CSValueRank></CSValue><UnitOfMeasure><UnitOfMeasureCode>3000049</UnitOfMeasureCode><UnitOfMeasureName>Kilogramm</UnitOfMeasureName><UnitOfMeasureSymbol>kg</UnitOfMeasureSymbol></UnitOfMeasure></CSItem><CSItem><CSItemCode>3010611</CSItemCode><CSItemName>Produktgewicht (+ Ständer)</CSItemName><CSItemRank>13</CSItemRank><CSItemIsFreeFormat>1</CSItemIsFreeFormat><CSValue><CSValueCode>3047710</CSValueCode><CSValueName>31,9</CSValueName><CSValueRank>1</CSValueRank></CSValue><UnitOfMeasure><UnitOfMeasureCode>3000049</UnitOfMeasureCode><UnitOfMeasureName>Kilogramm</UnitOfMeasureName><UnitOfMeasureSymbol>kg</UnitOfMeasureSymbol></UnitOfMeasure></CSItem><CSItem><CSItemCode>3006911</CSItemCode><CSItemName>Gewicht (inkl. Verpackung)</CSItemName><CSItemRank>14</CSItemRank><CSItemIsFreeFormat>1</CSItemIsFreeFormat><CSValue><CSValueCode>3033246</CSValueCode><CSValueName>40,8</CSValueName><CSValueRank>1</CSValueRank></CSValue><UnitOfMeasure><UnitOfMeasureCode>3000049</UnitOfMeasureCode><UnitOfMeasureName>Kilogramm</UnitOfMeasureName><UnitOfMeasureSymbol>kg</UnitOfMeasureSymbol></UnitOfMeasure></CSItem></CSChapter><CSChapter><CSChapterCode>CH4007881</CSChapterCode><CSChapterName>Farbe und Design</CSChapterName><CSChapterRank>13</CSChapterRank><CSItem><CSItemCode>IT4038828</CSItemCode><CSItemName>Vorderseite des Fernsehers</CSItemName><CSItemRank>1</CSItemRank><CSItemIsFreeFormat>0</CSItemIsFreeFormat><CSValue><CSValueCode>VA4090138</CSValueCode><CSValueName>Silberfarben</CSValueName><CSValueRank>1</CSValueRank></CSValue></CSItem></CSChapter><CSChapter><CSChapterCode>3000815</CSChapterCode><CSChapterName>Zubehör</CSChapterName><CSChapterRank>14</CSChapterRank><CSItem><CSItemCode>3006778</CSItemCode><CSItemName>Mitgeliefertes Zubehör</CSItemName><CSItemRank>1</CSItemRank><CSItemIsFreeFormat>0</CSItemIsFreeFormat><CSValue><CSValueCode>3033001</CSValueCode><CSValueName>Fernbedienung</CSValueName><CSValueRank>1</CSValueRank></CSValue><CSValue><CSValueCode>3033554</CSValueCode><CSValueName>Netzkabel</CSValueName><CSValueRank>2</CSValueRank></CSValue><CSValue><CSValueCode>VA4056481</CSValueCode><CSValueName>L/R-Kabelanschluss mit Mini-Buchse</CSValueName><CSValueRank>3</CSValueRank></CSValue><CSValue><CSValueCode>VA4054201</CSValueCode><CSValueName>YPbPr-Kabel mit Mini-Buchse</CSValueName><CSValueRank>4</CSValueRank></CSValue><CSValue><CSValueCode>3033561</CSValueCode><CSValueName>Kurzanleitung</CSValueName><CSValueRank>5</CSValueRank></CSValue><CSValue><CSValueCode>VA4015925</CSValueCode><CSValueName>Broschüre zu rechtlichen und Sicherheitsinformationen</CSValueName><CSValueRank>6</CSValueRank></CSValue><CSValue><CSValueCode>3033021</CSValueCode><CSValueName>Tischfuß</CSValueName><CSValueRank>7</CSValueRank></CSValue><CSValue><CSValueCode>3047450</CSValueCode><CSValueName>2 x AA-Batterien</CSValueName><CSValueRank>8</CSValueRank></CSValue></CSItem></CSChapter><Filters><Purpose type="Comparison"><Features><Feature code="F400085586_65PUS7803_12" rank="1" referenceName="Ambilight 3-sided EU"/><Feature code="F400085602" rank="2" referenceName="P5 Processing Engine EU"/><Feature code="F400085245" rank="3" referenceName="4K Ultra HD (2018)"/><Feature code="F400085243_65PUS7803_12" rank="4" referenceName="HDR Plus (2018)"/><Feature code="F400070646" rank="5" referenceName="Micro Dimming Pro (2015)"/><Feature code="F400084936_65PUS7803_12" rank="6" referenceName="Google Play + Philips TV/STA gallery (2018)"/><Feature code="F400070656" rank="7" referenceName="Quad Core + Android (2015)"/><Feature code="F400084940" rank="8" referenceName="DTS HD Premium Sound (2018)"/><Feature code="F400081556" rank="9" referenceName="Sound processing 2017"/></Features><CSItems><CSItem code="IT4008761" rank="1" referenceName="Ambilight - Ambilight-Version"/><CSItem code="IT4009349" rank="1" referenceName="Bild/Anzeige - Anzeige"/><CSItem code="IT4037473" rank="1" referenceName="Android - Betriebssystem"/><CSItem code="IT4037464" rank="1" referenceName="Smart TV-Funktionen - Benutzerinteraktion"/><CSItem code="IT4029505" rank="1" referenceName="Verarbeitung - Verarbeitungsleistung"/><CSItem code="3006270" rank="1" referenceName="Ton - Ausgangsleistung (RMS)"/><CSItem code="IT4006781" rank="1" referenceName="Anschlüsse - Anzahl HDMI-Anschlüsse"/><CSItem code="IT4008764" rank="1" referenceName="Multimedia-Anwendungen - Videowiedergabeformate"/><CSItem code="IT4041111" rank="1" referenceName="Unterstützte Display-Auflösung - Computereingänge auf HDMI1/2"/><CSItem code="IT4041210" rank="1" referenceName="Tuner/Empfang/Übertragung - HEVC-Unterstützung"/><CSItem code="3007003" rank="1" referenceName="Leistung - Netzstrom"/><CSItem code="3006821" rank="1" referenceName="Abmessungen - Verpackungsbreite"/><CSItem code="IT4038828" rank="1" referenceName="Farbe und Design - Vorderseite des Fernsehers"/><CSItem code="3006778" rank="1" referenceName="Zubehör - Mitgeliefertes Zubehör"/><CSItem code="3006240" rank="2" referenceName="Ambilight - Ambilight-Funktionen"/><CSItem code="3006140" rank="2" referenceName="Bild/Anzeige - Bildschirmgröße diagonal (cm)"/><CSItem code="IT4034666" rank="2" referenceName="Android - Vorinstallierte Apps"/><CSItem code="IT4037465" rank="2" referenceName="Smart TV-Funktionen - Interactive TV"/><CSItem code="3006277" rank="2" referenceName="Ton - Verbesserung der Soundqualität"/><CSItem code="IT4015984" rank="2" referenceName="Anschlüsse - Anzahl der USB-Anschlüsse"/><CSItem code="IT4033451" rank="2" referenceName="Multimedia-Anwendungen - Unterstützte Untertitelformate"/><CSItem code="IT4041112" rank="2" referenceName="Unterstützte Display-Auflösung - Computereingänge auf HDMI3/4"/><CSItem code="3007491" rank="2" referenceName="Tuner/Empfang/Übertragung - Digitales Fernsehen"/><CSItem code="3007001" rank="2" referenceName="Leistung - Standby-Stromverbrauch"/><CSItem code="3006820" rank="2" referenceName="Abmessungen - Verpackungshöhe"/><CSItem code="3006139" rank="3" referenceName="Bild/Anzeige - Bildschirmgröße diagonal (Zoll)"/><CSItem code="IT4037607" rank="3" referenceName="Android - Speichergröße"/><CSItem code="IT4037466" rank="3" referenceName="Smart TV-Funktionen - Sendung"/><CSItem code="IT4045565" rank="3" referenceName="Ton - Lautsprecherkonfiguration"/><CSItem code="IT4015985" rank="3" referenceName="Anschlüsse - Anzahl der Komponenteneingänge (YPbPr)"/><CSItem code="IT4008762" rank="3" referenceName="Multimedia-Anwendungen - Musikwiedergabeformate"/><CSItem code="IT4041113" rank="3" referenceName="Unterstützte Display-Auflösung - Videoeingänge auf HDMI 1/2"/><CSItem code="IT4028192" rank="3" referenceName="Tuner/Empfang/Übertragung - MPEG-Unterstützung"/><CSItem code="IT4009431" rank="3" referenceName="Leistung - Stromverbrauch (ausgeschaltet)"/><CSItem code="3006819" rank="3" referenceName="Abmessungen - Verpackungstiefe"/><CSItem code="3006177" rank="4" referenceName="Bild/Anzeige - Auflösung des Displays"/><CSItem code="IT4037467" rank="4" referenceName="Smart TV-Funktionen - SmartTV-Apps*"/><CSItem code="3006591" rank="4" referenceName="Anschlüsse - Kabellose Verbindungen"/><CSItem code="IT4008763" rank="4" referenceName="Multimedia-Anwendungen - Bildwiedergabeformate"/><CSItem code="IT4041114" rank="4" referenceName="Unterstützte Display-Auflösung - Videoeingänge auf HDMI3/4"/><CSItem code="3006515" rank="4" referenceName="Tuner/Empfang/Übertragung - Videowiedergabe"/><CSItem code="IT4008765" rank="4" referenceName="Leistung - Energiesparfunktionen"/><CSItem code="3006884" rank="4" referenceName="Abmessungen - Gerätebreite"/><CSItem code="3006121" rank="5" referenceName="Bild/Anzeige - Bildformat"/><CSItem code="IT4037468" rank="5" referenceName="Smart TV-Funktionen - Einfache Installation"/><CSItem code="3006573" rank="5" referenceName="Anschlüsse - Weitere Anschlüsse"/><CSItem code="IT4034213" rank="5" referenceName="Tuner/Empfang/Übertragung - TV-Programmführer*"/><CSItem code="4000081" rank="5" referenceName="Leistung - Umgebungstemperatur"/><CSItem code="3006882" rank="5" referenceName="Abmessungen - Gerätehöhe"/><CSItem code="3006183" rank="6" referenceName="Bild/Anzeige - Bildoptimierung"/><CSItem code="IT4037469" rank="6" referenceName="Smart TV-Funktionen - Einfache Bedienung"/><CSItem code="IT4001801" rank="6" referenceName="Anschlüsse - HDMI Funktionen"/><CSItem code="IT4034214" rank="6" referenceName="Tuner/Empfang/Übertragung - Signalstärkeanzeige"/><CSItem code="IT4016791" rank="6" referenceName="Leistung - Stromversorgung mit EU-Energie-Label"/><CSItem code="3006881" rank="6" referenceName="Abmessungen - Gerätetiefe"/><CSItem code="IT4037470" rank="7" referenceName="Smart TV-Funktionen - Upgradefähige Firmware"/><CSItem code="IT4001802" rank="7" referenceName="Anschlüsse - EasyLink (HDMI-CEC)"/><CSItem code="IT4034215" rank="7" referenceName="Tuner/Empfang/Übertragung - Videotext"/><CSItem code="IT4013218" rank="7" referenceName="Leistung - Jährlicher Energieverbrauch"/><CSItem code="3010081" rank="7" referenceName="Abmessungen - Gerätebreite (inkl. Fuß)"/><CSItem code="IT4037471" rank="8" referenceName="Smart TV-Funktionen - Bildschirmformat-Anpassung"/><CSItem code="IT4034211" rank="8" referenceName="Anschlüsse - HDCP 2.2"/><CSItem code="IT4013217" rank="8" referenceName="Leistung - Quecksilbergehalt"/><CSItem code="3010080" rank="8" referenceName="Abmessungen - Gerätehöhe (inkl. Fuß)"/><CSItem code="IT4037472" rank="9" referenceName="Smart TV-Funktionen - Philips TV Remote App*"/><CSItem code="IT4013214" rank="9" referenceName="Leistung - Bleihaltig"/><CSItem code="3010079" rank="9" referenceName="Abmessungen - Gerätetiefe (inkl. Fuß)"/><CSItem code="IT4037475" rank="10" referenceName="Smart TV-Funktionen - Fernbedienung"/><CSItem code="IT4015354" rank="10" referenceName="Leistung - Energieeffizienzklasse"/><CSItem code="IT4042932" rank="10" referenceName="Abmessungen - Breitenabstand des Standfußes"/><CSItem code="4000961" rank="11" referenceName="Abmessungen - VESA-kompatible Wandhalterung"/><CSItem code="3006873" rank="12" referenceName="Abmessungen - Produktgewicht"/><CSItem code="3010611" rank="13" referenceName="Abmessungen - Produktgewicht (+ Ständer)"/><CSItem code="3006911" rank="14" referenceName="Abmessungen - Gewicht (inkl. Verpackung)"/></CSItems></Purpose><Purpose type="Detail"><Features><Feature code="F400085586_65PUS7803_12" rank="1" referenceName="Ambilight 3-sided EU"/><Feature code="F400085602" rank="2" referenceName="P5 Processing Engine EU"/><Feature code="F400085245" rank="3" referenceName="4K Ultra HD (2018)"/><Feature code="F400085243_65PUS7803_12" rank="4" referenceName="HDR Plus (2018)"/><Feature code="F400070646" rank="5" referenceName="Micro Dimming Pro (2015)"/><Feature code="F400084936_65PUS7803_12" rank="6" referenceName="Google Play + Philips TV/STA gallery (2018)"/><Feature code="F400070656" rank="7" referenceName="Quad Core + Android (2015)"/><Feature code="F400084940" rank="8" referenceName="DTS HD Premium Sound (2018)"/><Feature code="F400081556" rank="9" referenceName="Sound processing 2017"/></Features><CSItems><CSItem code="IT4008761" rank="1" referenceName="Ambilight - Ambilight-Version"/><CSItem code="IT4009349" rank="1" referenceName="Bild/Anzeige - Anzeige"/><CSItem code="IT4037473" rank="1" referenceName="Android - Betriebssystem"/><CSItem code="IT4037464" rank="1" referenceName="Smart TV-Funktionen - Benutzerinteraktion"/><CSItem code="IT4029505" rank="1" referenceName="Verarbeitung - Verarbeitungsleistung"/><CSItem code="3006270" rank="1" referenceName="Ton - Ausgangsleistung (RMS)"/><CSItem code="IT4006781" rank="1" referenceName="Anschlüsse - Anzahl HDMI-Anschlüsse"/><CSItem code="IT4008764" rank="1" referenceName="Multimedia-Anwendungen - Videowiedergabeformate"/><CSItem code="IT4041111" rank="1" referenceName="Unterstützte Display-Auflösung - Computereingänge auf HDMI1/2"/><CSItem code="IT4041210" rank="1" referenceName="Tuner/Empfang/Übertragung - HEVC-Unterstützung"/><CSItem code="3007003" rank="1" referenceName="Leistung - Netzstrom"/><CSItem code="3006821" rank="1" referenceName="Abmessungen - Verpackungsbreite"/><CSItem code="IT4038828" rank="1" referenceName="Farbe und Design - Vorderseite des Fernsehers"/><CSItem code="3006778" rank="1" referenceName="Zubehör - Mitgeliefertes Zubehör"/><CSItem code="3006240" rank="2" referenceName="Ambilight - Ambilight-Funktionen"/><CSItem code="3006140" rank="2" referenceName="Bild/Anzeige - Bildschirmgröße diagonal (cm)"/><CSItem code="IT4034666" rank="2" referenceName="Android - Vorinstallierte Apps"/><CSItem code="IT4037465" rank="2" referenceName="Smart TV-Funktionen - Interactive TV"/><CSItem code="3006277" rank="2" referenceName="Ton - Verbesserung der Soundqualität"/><CSItem code="IT4015984" rank="2" referenceName="Anschlüsse - Anzahl der USB-Anschlüsse"/><CSItem code="IT4033451" rank="2" referenceName="Multimedia-Anwendungen - Unterstützte Untertitelformate"/><CSItem code="IT4041112" rank="2" referenceName="Unterstützte Display-Auflösung - Computereingänge auf HDMI3/4"/><CSItem code="3007491" rank="2" referenceName="Tuner/Empfang/Übertragung - Digitales Fernsehen"/><CSItem code="3007001" rank="2" referenceName="Leistung - Standby-Stromverbrauch"/><CSItem code="3006820" rank="2" referenceName="Abmessungen - Verpackungshöhe"/><CSItem code="3006139" rank="3" referenceName="Bild/Anzeige - Bildschirmgröße diagonal (Zoll)"/><CSItem code="IT4037607" rank="3" referenceName="Android - Speichergröße"/><CSItem code="IT4037466" rank="3" referenceName="Smart TV-Funktionen - Sendung"/><CSItem code="IT4045565" rank="3" referenceName="Ton - Lautsprecherkonfiguration"/><CSItem code="IT4015985" rank="3" referenceName="Anschlüsse - Anzahl der Komponenteneingänge (YPbPr)"/><CSItem code="IT4008762" rank="3" referenceName="Multimedia-Anwendungen - Musikwiedergabeformate"/><CSItem code="IT4041113" rank="3" referenceName="Unterstützte Display-Auflösung - Videoeingänge auf HDMI 1/2"/><CSItem code="IT4028192" rank="3" referenceName="Tuner/Empfang/Übertragung - MPEG-Unterstützung"/><CSItem code="IT4009431" rank="3" referenceName="Leistung - Stromverbrauch (ausgeschaltet)"/><CSItem code="3006819" rank="3" referenceName="Abmessungen - Verpackungstiefe"/><CSItem code="3006177" rank="4" referenceName="Bild/Anzeige - Auflösung des Displays"/><CSItem code="IT4037467" rank="4" referenceName="Smart TV-Funktionen - SmartTV-Apps*"/><CSItem code="3006591" rank="4" referenceName="Anschlüsse - Kabellose Verbindungen"/><CSItem code="IT4008763" rank="4" referenceName="Multimedia-Anwendungen - Bildwiedergabeformate"/><CSItem code="IT4041114" rank="4" referenceName="Unterstützte Display-Auflösung - Videoeingänge auf HDMI3/4"/><CSItem code="3006515" rank="4" referenceName="Tuner/Empfang/Übertragung - Videowiedergabe"/><CSItem code="IT4008765" rank="4" referenceName="Leistung - Energiesparfunktionen"/><CSItem code="3006884" rank="4" referenceName="Abmessungen - Gerätebreite"/><CSItem code="3006121" rank="5" referenceName="Bild/Anzeige - Bildformat"/><CSItem code="IT4037468" rank="5" referenceName="Smart TV-Funktionen - Einfache Installation"/><CSItem code="3006573" rank="5" referenceName="Anschlüsse - Weitere Anschlüsse"/><CSItem code="IT4034213" rank="5" referenceName="Tuner/Empfang/Übertragung - TV-Programmführer*"/><CSItem code="4000081" rank="5" referenceName="Leistung - Umgebungstemperatur"/><CSItem code="3006882" rank="5" referenceName="Abmessungen - Gerätehöhe"/><CSItem code="3006183" rank="6" referenceName="Bild/Anzeige - Bildoptimierung"/><CSItem code="IT4037469" rank="6" referenceName="Smart TV-Funktionen - Einfache Bedienung"/><CSItem code="IT4001801" rank="6" referenceName="Anschlüsse - HDMI Funktionen"/><CSItem code="IT4034214" rank="6" referenceName="Tuner/Empfang/Übertragung - Signalstärkeanzeige"/><CSItem code="IT4016791" rank="6" referenceName="Leistung - Stromversorgung mit EU-Energie-Label"/><CSItem code="3006881" rank="6" referenceName="Abmessungen - Gerätetiefe"/><CSItem code="IT4037470" rank="7" referenceName="Smart TV-Funktionen - Upgradefähige Firmware"/><CSItem code="IT4001802" rank="7" referenceName="Anschlüsse - EasyLink (HDMI-CEC)"/><CSItem code="IT4034215" rank="7" referenceName="Tuner/Empfang/Übertragung - Videotext"/><CSItem code="IT4013218" rank="7" referenceName="Leistung - Jährlicher Energieverbrauch"/><CSItem code="3010081" rank="7" referenceName="Abmessungen - Gerätebreite (inkl. Fuß)"/><CSItem code="IT4037471" rank="8" referenceName="Smart TV-Funktionen - Bildschirmformat-Anpassung"/><CSItem code="IT4034211" rank="8" referenceName="Anschlüsse - HDCP 2.2"/><CSItem code="IT4013217" rank="8" referenceName="Leistung - Quecksilbergehalt"/><CSItem code="3010080" rank="8" referenceName="Abmessungen - Gerätehöhe (inkl. Fuß)"/><CSItem code="IT4037472" rank="9" referenceName="Smart TV-Funktionen - Philips TV Remote App*"/><CSItem code="IT4013214" rank="9" referenceName="Leistung - Bleihaltig"/><CSItem code="3010079" rank="9" referenceName="Abmessungen - Gerätetiefe (inkl. Fuß)"/><CSItem code="IT4037475" rank="10" referenceName="Smart TV-Funktionen - Fernbedienung"/><CSItem code="IT4015354" rank="10" referenceName="Leistung - Energieeffizienzklasse"/><CSItem code="IT4042932" rank="10" referenceName="Abmessungen - Breitenabstand des Standfußes"/><CSItem code="4000961" rank="11" referenceName="Abmessungen - VESA-kompatible Wandhalterung"/><CSItem code="3006873" rank="12" referenceName="Abmessungen - Produktgewicht"/><CSItem code="3010611" rank="13" referenceName="Abmessungen - Produktgewicht (+ Ständer)"/><CSItem code="3006911" rank="14" referenceName="Abmessungen - Gewicht (inkl. Verpackung)"/></CSItems></Purpose></Filters><FeatureCompareGroups/><Disclaimers><Disclaimer code="DIS40004404" rank="1" referenceName="8 days EPG"><DisclaimerText>EPG und der darin angezeigte Sendezeitraum (bis zu 8 Tage) ist vom Land und Anbieter anhängig.</DisclaimerText><DisclaimElements/></Disclaimer><Disclaimer code="DIS40008492" rank="2" referenceName="Android Apps (2015)"><DisclaimerText>Android-App-Angebote variieren je nach Land. Weitere Informationen finden Sie in Ihrem lokalen Google Play Store.</DisclaimerText><DisclaimElements/></Disclaimer><Disclaimer code="DIS40001802" rank="3" referenceName="Annual energy consumption"><DisclaimerText>Energieverbrauch in kWh pro Jahr, beruhend auf dem Stromverbrauch des Fernsehers, wenn dieser 4 Stunden pro Tag an 365 Tagen in Betrieb ist. Der tatsächliche Energieverbrauch hängt davon ab, wie der Fernseher verwendet wird.</DisclaimerText><DisclaimElements/></Disclaimer><Disclaimer code="DIS40001441" rank="4" referenceName="DVB  disclaimer (2010)"><DisclaimerText>Der Fernseher unterstützt DVB-T-Empfang für Free-to-Air-Übertragungen. Bestimmte DVB-T-Betreiber werden möglicherweise nicht unterstützt. Eine aktuelle Liste dieser Betreiber finden Sie in den FAQs auf der Philips Support-Website. Bei einigen Betreibern sind Conditional Access und ein Abonnement erforderlich. Weitere Informationen erhalten Sie von Ihrem Betreiber.</DisclaimerText><DisclaimElements/></Disclaimer><Disclaimer code="DIS40008490" rank="5" referenceName="Philips TV Remote app (2015)"><DisclaimerText>Die Philips TV Remote App und ihre Funktionen können je nach Fernsehermodell, Anbieter und Land sowie je nach mobilem Gerät und Betriebssystem abweichen. Weitere Informationen finden Sie unter www.philips.com/TVRemoteapp.</DisclaimerText><DisclaimElements/></Disclaimer><Disclaimer code="DIS40008491" rank="6" referenceName="Smart TV Apps (2015)"><DisclaimerText>Das Angebot für Smart TV-Apps variiert je nach Modell und Land. Weitere Informationen finden Sie unter www.philips.com/smarttv.</DisclaimerText><DisclaimElements/></Disclaimer><Disclaimer code="DIS40004402" rank="7" referenceName="USB recording"><DisclaimerText>USB-Aufnahme nur für digitale Sender. Aufnahmen können durch Kopierschutz (CI+) eingeschränkt sein. Es können länder- und senderspezifische Einschränkungen gelten.</DisclaimerText><DisclaimElements/></Disclaimer><Disclaimer code="DIS40010923" rank="8" referenceName="Amazon Availability (2016)"><DisclaimerText>Bitte beachten Sie, dass Ihre Amazon-Apps möglicherweise nicht immer in Ihrem Land zur Verfügung stehen. (Derzeit funktionieren Amazon-Apps nur in Deutschland, Österreich und Großbritannien)</DisclaimerText><DisclaimElements/></Disclaimer><Disclaimer code="DIS40001803" rank="9" referenceName="This television contains lead only in certain parts"><DisclaimerText>Einige Komponenten dieses Fernsehers, bei denen technologisch keine Alternative besteht, enthalten Blei. Dies entspricht der geltenden Ausnahmeregelung der RoHS-Richtlinie.</DisclaimerText><DisclaimElements/></Disclaimer><Disclaimer code="DIS40012460" rank="10" referenceName="GA* is fantastic"><DisclaimerText>Der integrierte Google Assistent wird als Software-Update für Android-Fernseher-Modelle aus dem Jahr 2018 eingeführt.</DisclaimerText><DisclaimElements/></Disclaimer><Disclaimer code="DIS40008493" rank="11" referenceName="Cloud Gaming (2015)"><DisclaimerText>Cloud-Gaming-Angebote abhängig vom Spieleanbieter.</DisclaimerText><DisclaimElements/></Disclaimer><Disclaimer code="DIS40012116" rank="12" referenceName="ChromeCast built-in"><DisclaimerText>Die Funktionalität ist abhängig von den integrierten ChromeCast Apps und Smart-Geräten. Weitere Einzelheiten erhalten Sie auf den entsprechenden Seiten der integrierten ChromeCast Produkte.</DisclaimerText><DisclaimElements/></Disclaimer><Disclaimer code="DIS40006403" rank="13" referenceName="for all (Philips)"><DisclaimerText>(Philips) nur mit spezifischem Philips Player kompatibel.</DisclaimerText><DisclaimElements/></Disclaimer></Disclaimers><AccessoryByPacked><AccessoryByPackedCode>ABPP_3033001</AccessoryByPackedCode><AccessoryByPackedReference>Fernbedienung</AccessoryByPackedReference><AccessoryByPackedName>Fernbedienung</AccessoryByPackedName><AccessoryByPackedRank>1</AccessoryByPackedRank></AccessoryByPacked><AccessoryByPacked><AccessoryByPackedCode>ABPP_3033554</AccessoryByPackedCode><AccessoryByPackedReference>Netzkabel</AccessoryByPackedReference><AccessoryByPackedName>Netzkabel</AccessoryByPackedName><AccessoryByPackedRank>2</AccessoryByPackedRank></AccessoryByPacked><AccessoryByPacked><AccessoryByPackedCode>ABPP_VA4056481</AccessoryByPackedCode><AccessoryByPackedReference>L/R-Kabelanschluss mit Mini-Buchse</AccessoryByPackedReference><AccessoryByPackedName>L/R-Kabelanschluss mit Mini-Buchse</AccessoryByPackedName><AccessoryByPackedRank>3</AccessoryByPackedRank></AccessoryByPacked><AccessoryByPacked><AccessoryByPackedCode>ABPP_VA4054201</AccessoryByPackedCode><AccessoryByPackedReference>YPbPr-Kabel mit Mini-Buchse</AccessoryByPackedReference><AccessoryByPackedName>YPbPr-Kabel mit Mini-Buchse</AccessoryByPackedName><AccessoryByPackedRank>4</AccessoryByPackedRank></AccessoryByPacked><AccessoryByPacked><AccessoryByPackedCode>ABPP_3033561</AccessoryByPackedCode><AccessoryByPackedReference>Kurzanleitung</AccessoryByPackedReference><AccessoryByPackedName>Kurzanleitung</AccessoryByPackedName><AccessoryByPackedRank>5</AccessoryByPackedRank></AccessoryByPacked><AccessoryByPacked><AccessoryByPackedCode>ABPP_VA4015925</AccessoryByPackedCode><AccessoryByPackedReference>Broschüre zu rechtlichen und Sicherheitsinformationen</AccessoryByPackedReference><AccessoryByPackedName>Broschüre zu rechtlichen und Sicherheitsinformationen</AccessoryByPackedName><AccessoryByPackedRank>6</AccessoryByPackedRank></AccessoryByPacked><AccessoryByPacked><AccessoryByPackedCode>ABPP_3033021</AccessoryByPackedCode><AccessoryByPackedReference>Tischfuß</AccessoryByPackedReference><AccessoryByPackedName>Tischfuß</AccessoryByPackedName><AccessoryByPackedRank>7</AccessoryByPackedRank></AccessoryByPacked><AccessoryByPacked><AccessoryByPackedCode>ABPP_3047450</AccessoryByPackedCode><AccessoryByPackedReference>2 x AA-Batterien</AccessoryByPackedReference><AccessoryByPackedName>2 x AA-Batterien</AccessoryByPackedName><AccessoryByPackedRank>8</AccessoryByPackedRank></AccessoryByPacked><RichTexts/></Product></Products>