<?xml version="1.0" encoding="UTF-8"?><Products xmlns:source="http://apache.org/cocoon/source/1.0" DocStatus="approved" DocTimeStamp="2018-10-23T10:52:26"><Product Country="DE" IsAccessory="false" IsLocalized="true" IsMaster="false" Locale="de_DE" lastModified="2018-10-23T04:30:06" masterLastModified="2018-10-05T00:35:25"><CTN>154723116</CTN><Code12NC>915004576401</Code12NC><GTIN>8718696123065</GTIN><MarketingVersion>2.0.1</MarketingVersion><MarketingStatus>Final Published</MarketingStatus><CRDate>2014-05-30</CRDate><CRDateYW>201422</CRDateYW><ModelYears><ModelYear>2014</ModelYear></ModelYears><ProductDivision><ProductDivisionCode>0100</ProductDivisionCode><ProductDivisionName>Lighting</ProductDivisionName><FormerPDCode>0100</FormerPDCode></ProductDivision><ProductOwner>Tom Raman</ProductOwner><DTN>15472/31/16</DTN><Catalog><StartOfPublication>2015-03-23T00:00:00</StartOfPublication><EndOfPublication>2300-01-01T00:00:00</EndOfPublication><StartOfSales>2015-03-23T00:00:00</StartOfSales><EndOfSales>2300-01-01T00:00:00</EndOfSales><DummyPrice/><Deleted>false</Deleted><DeleteAfterDate/><ProductRank>50</ProductRank></Catalog><FinancialCategorization><BusinessGroupCode>9021</BusinessGroupCode><BusinessGroupName>Home</BusinessGroupName><BusinessUnitCode>9159</BusinessUnitCode><BusinessUnitName>Home Luminaires</BusinessUnitName><MainArticleGroupCode>G79</MainArticleGroupCode><MainArticleGroupName>Outdoor</MainArticleGroupName><ArticleGroupCode>4948</ArticleGroupCode><ArticleGroupName>Outdoor Pedestal / Spike</ArticleGroupName></FinancialCategorization><Categorization type="CONSUMER"><GroupCode>LIGHTING_GR</GroupCode><GroupName>Lighting</GroupName><CategoryCode>CHOOSE_YOUR_LUMINAIRE_CA</CategoryCode><CategoryName>Choose a fixture</CategoryName><SubcategoryCode>CONCEPT_MYGARDEN_SU</SubcategoryCode><SubcategoryName>myGarden</SubcategoryName></Categorization><Assets><Asset code="154723116" description="User manual" extension="pdf" lastModified="2014-10-13" locale="de_DE" number="001" type="DFU">http://download.p4c.philips.com/files/1/154723116/154723116_dfu_deu.pdf</Asset><Asset code="154723116" description="Leaflet" extension="pdf" lastModified="2018-10-10" locale="de_DE" number="001" type="PSS">http://download.p4c.philips.com/files/1/154723116/154723116_pss_deude.pdf</Asset><Asset code="154723116" description="Quick start guide" extension="pdf" lastModified="2014-10-13" locale="de_DE" number="001" type="QSG">http://download.p4c.philips.com/files/1/154723116/154723116_qsg_deu.pdf</Asset><Asset code="154723116" description="Retail Trade Leaflet" extension="pdf" lastModified="2018-10-22" locale="de_DE" number="001" type="RTL">http://download.p4c.philips.com/files/1/154723116/154723116_rtl_deude.pdf</Asset><Asset code="154723116" description="Alternative product photograph 1 - highres 2196x1795" extension="tif" lastModified="2015-01-15" locale="global" number="001" type="A1P">http://images.philips.com/is/image/PhilipsConsumer/154723116-A1P-global-001</Asset><Asset code="154723116" description="Alternative product photograph - highres 2196x1795" extension="tif" lastModified="2015-01-15" locale="global" number="001" type="APP">http://images.philips.com/is/image/PhilipsConsumer/154723116-APP-global-001</Asset><Asset code="154723116" description="Energy Label - Rainbow " extension="pdf" lastModified="2014-12-03" locale="global" number="001" type="ELR">http://download.p4c.philips.com/files/1/154723116/154723116_elr_.pdf</Asset><Asset code="154723116" description="Leaflet" extension="pdf" lastModified="2018-10-06" locale="global" number="001" type="PSS">http://download.p4c.philips.com/files/1/154723116/154723116_pss_.pdf</Asset><Asset code="154723116" description="Standard product photograph - highres 2196x1795" extension="tif" lastModified="2014-09-30" locale="global" number="001" type="RTP">http://images.philips.com/is/image/PhilipsConsumer/154723116-RTP-global-001</Asset><Asset code="154723116" description="Product In Use 1 - highres 2196x1795" extension="tif" lastModified="2018-04-04" locale="global" number="001" type="U1P">http://images.philips.com/is/image/PhilipsConsumer/154723116-U1P-global-001</Asset><Asset code="154723116" description="Product in use photograph - highres 2196x1795" extension="tif" lastModified="2018-03-26" locale="global" number="001" type="UPL">http://images.philips.com/is/image/PhilipsConsumer/154723116-UPL-global-001</Asset><Asset code="154723116" description="Single product shot" extension="" lastModified="2018-10-23" locale="de_DE" number="" type="IMS">http://images.philips.com/is/image/PhilipsConsumer/154723116-IMS-de_DE</Asset><Asset code="154723116" description="Product gallery image set" extension="" lastModified="2018-10-23" locale="de_DE" number="" type="GAL">http://images.philips.com/is/image/PhilipsConsumer/154723116-GAL-de_DE</Asset><Asset code="154723116" description="Product URL" extension="" lastModified="2018-10-23" locale="de_DE" number="" type="URL">http://www.philips.de/c-p/154723116/mygarden-sockel-wegeleuchte</Asset><Asset code="F400057605" description="Feature photograph - highres 2100x1170" extension="tif" lastModified="2013-07-30" locale="global" number="001" type="FIL">http://images.philips.com/is/image/PhilipsConsumer/F400057605-FIL-global-001</Asset><Asset code="F400057627" description="Feature photograph - highres 2100x1170" extension="tif" lastModified="2013-07-30" locale="global" number="001" type="FIL">http://images.philips.com/is/image/PhilipsConsumer/F400057627-FIL-global-001</Asset><Asset code="F400057628" description="Feature photograph - highres 2100x1170" extension="tif" lastModified="2014-05-16" locale="global" number="001" type="FIL">http://images.philips.com/is/image/PhilipsConsumer/F400057628-FIL-global-001</Asset><Asset code="F400057631" description="Feature photograph - highres 2100x1170" extension="tif" lastModified="2013-07-30" locale="global" number="001" type="FIL">http://images.philips.com/is/image/PhilipsConsumer/F400057631-FIL-global-001</Asset><Asset code="F400057635_154723116" description="Feature photograph - highres 2100x1170" extension="tif" lastModified="2014-10-03" locale="global" number="001" type="FIL">http://images.philips.com/is/image/PhilipsConsumer/F400057635_154723116-FIL-global-001</Asset><Asset code="F400076495" description="Feature photograph - highres 2100x1170" extension="tif" lastModified="2016-01-18" locale="global" number="001" type="FIL">http://images.philips.com/is/image/PhilipsConsumer/F400076495-FIL-global-001</Asset><Asset code="PHI" description="Brand logo - highres 1476x886" extension="tif" lastModified="2016-02-18" locale="global" number="001" type="BRP">http://images.philips.com/is/image/PhilipsConsumer/PHI-BRP-global-001</Asset></Assets><ProductName>Robin LED-Sockel-/Wegeleuchte weiß</ProductName><FullProductName>Philips myGarden Sockel-/Wegeleuchte 15472/31/16 Robin LED, weiß</FullProductName><NamingString><MasterBrand><BrandCode>PHI</BrandCode><BrandName>Philips</BrandName></MasterBrand><BrandString>Philips</BrandString><Concept><ConceptCode>PLM0108MYG</ConceptCode><ConceptName>myGarden</ConceptName><ConceptNameUsed>1</ConceptNameUsed></Concept><Descriptor><DescriptorCode>PLM0830POS</DescriptorCode><DescriptorName>Sockel-/Wegeleuchte</DescriptorName></Descriptor><Alphanumeric>15472/31/16</Alphanumeric><VersionElement1><VersionElementCode>PLM0005050</VersionElementCode><VersionElementName>Robin</VersionElementName></VersionElement1><VersionElement2><VersionElementCode>PLM018331</VersionElementCode><VersionElementName>Weiß</VersionElementName></VersionElement2><VersionElement3><VersionElementCode>PLM0814Y</VersionElementCode><VersionElementName>LED</VersionElementName></VersionElement3><VersionString>Robin LED, weiß</VersionString><BrandedFeatureString/><DescriptorBrandedFeatureString>Sockel-/Wegeleuchte</DescriptorBrandedFeatureString></NamingString><WOW>Genießen Sie Ihren wunderschönen Garten mit Licht</WOW><MarketingTextHeader>Eine klassische Form sowie moderne Details machen die Philips myGarden Robin LED-Sockelleuchte in Weiß zu einem eleganten und zeitgemäßen Gartenaccessoire. Die hochwertigen LEDs von Philips tauchen Ihren Außenbereich die ganze Nacht über in warmweißes Licht.</MarketingTextHeader><KeyBenefitArea><KeyBenefitAreaCode>K4025076</KeyBenefitAreaCode><KeyBenefitAreaName>Entworfen für Ihren Garten</KeyBenefitAreaName><KeyBenefitAreaRank>1</KeyBenefitAreaRank><Feature><FeatureCode>F400057605</FeatureCode><FeatureReferenceName>IP44 - weather proof (outdoor lighting)</FeatureReferenceName><FeatureName>IP44 – wetterfest</FeatureName><FeatureLongDescription>IP44 – wetterfest</FeatureLongDescription><FeatureGlossary>Diese Außenleuchte von Philips wurde speziell für feuchte Umgebungen im Freien entwickelt. Sie wurde strengen Tests unterzogen, die die Wasserfestigkeit absichern sollen. Die IP-Stufe wird durch zwei Ziffern festgelegt: Die erste bezieht sich auf die Schutzstufe gegen das Eindringen von Staub, die zweite auf die Schutzstufe gegen das Eindringen von Wasser. Diese Außenleuchte verfügt über die Schutzart IP44, d. h. sie ist gegen Spritzwasser geschützt, ideal für die Verwendung im Freien.</FeatureGlossary><FeatureRank>5</FeatureRank><FeatureTopRank>5</FeatureTopRank></Feature></KeyBenefitArea><KeyBenefitArea><KeyBenefitAreaCode>K4005041</KeyBenefitAreaCode><KeyBenefitAreaName>Nachhaltige Lichtlösungen</KeyBenefitAreaName><KeyBenefitAreaRank>2</KeyBenefitAreaRank><Feature><FeatureCode>F400057628</FeatureCode><FeatureReferenceName>High quality LED light (LED integrated)</FeatureReferenceName><FeatureName>Hochwertiges LED-Licht</FeatureName><FeatureLongDescription>Hochwertiges LED-Licht</FeatureLongDescription><FeatureGlossary>Bei der LED Technologie, die in diese Philips Leuchte integriert ist, handelt es sich um eine einzigartige, von Philips entwickelte Lösung. Während das Licht sofort eingeschaltet ist, sorgt die Technologie für eine optimale Lichtleistung und bringt lebendige Farben in Ihr Zuhause.</FeatureGlossary><FeatureRank>1</FeatureRank><FeatureTopRank>1</FeatureTopRank></Feature><Feature><FeatureCode>F400076495</FeatureCode><FeatureReferenceName>5 year warranty on LED system</FeatureReferenceName><FeatureName>5 Jahre Garantie auf LED-System</FeatureName><FeatureLongDescription>Philips bietet 5 Jahre Garantie auf LED-Modul und Treiber</FeatureLongDescription><FeatureGlossary>Zusätzliche zur Standardgarantie von 2 Jahren bietet Philips für diese Leuchte 5 Jahre Garantie auf das LED-System, d. h. auf das LED-Modul und den Treiber in dieser Leuchte.</FeatureGlossary><FeatureRank>2</FeatureRank><FeatureTopRank>2</FeatureTopRank></Feature><Feature><FeatureCode>F400057635_154723116</FeatureCode><FeatureReferenceName>Warm white light (NEW lighting)</FeatureReferenceName><FeatureName>Warmweißes Licht</FeatureName><FeatureLongDescription>Warmweißes Licht</FeatureLongDescription><FeatureGlossary>Licht kann verschiedene Farbtemperaturen aufweisen, die in der Einheit Kelvin (K) angegeben werden. Leuchten mit einem niedrigen Kelvin-Wert erzeugen ein warmes, gemütlicheres Licht, wohingegen Leuchten mit einem höheren Kelvin-Wert ein kühles, belebenderes Licht erzeugen. Diese Philips Leuchte bietet warmweißes Licht für eine gemütliche Atmosphäre.</FeatureGlossary><FeatureRank>4</FeatureRank><FeatureTopRank>3</FeatureTopRank></Feature><Feature><FeatureCode>F400057627</FeatureCode><FeatureReferenceName>Energy saving (general NEW)</FeatureReferenceName><FeatureName>Energiesparend</FeatureName><FeatureLongDescription>Energiesparend</FeatureLongDescription><FeatureGlossary>Diese Philips Energiesparlampe ist im Vergleich zu herkömmlichen Glühlampen so energiesparend, dass Sie Geld bei Ihrer Stromrechnung sparen und einen Beitrag zur Umwelt leisten.</FeatureGlossary><FeatureRank>3</FeatureRank><FeatureTopRank>4</FeatureTopRank></Feature><Feature><FeatureCode>F400057631</FeatureCode><FeatureReferenceName>Long operating life (15 yrs lighting)</FeatureReferenceName><FeatureName>Lange Lebensdauer</FeatureName><FeatureLongDescription>Lange Lebensdauer von bis zu 15 Jahren</FeatureLongDescription><FeatureGlossary>Eine zuverlässige Lichtquelle auf die Sie sich immer verlassen können. Die in dieser LED-Lampe von Philips integrierten LEDs haben eine Lebensdauer von bis zu 15.000 Stunden (entspricht 15 Jahren bei einer durchschnittlichen Nutzung von 3 Stunden/Tag mit mindestens 13.000 Ein-/Ausschaltzyklen). Durch Philips-LED müssen Sie sich keine Gedanken mehr über die Wartung oder den Austausch der Lampe machen und können in Ihrem Zuhause immer eine perfekt beleuchtete Atmosphäre genießen.</FeatureGlossary><FeatureRank>6</FeatureRank><FeatureTopRank>6</FeatureTopRank></Feature></KeyBenefitArea><FeatureImage><FeatureCode>F400057628</FeatureCode><FeatureReferenceName>High quality LED light (LED integrated)</FeatureReferenceName><FeatureImageRank>1</FeatureImageRank></FeatureImage><FeatureImage><FeatureCode>F400076495</FeatureCode><FeatureReferenceName>5 year warranty on LED system</FeatureReferenceName><FeatureImageRank>2</FeatureImageRank></FeatureImage><FeatureImage><FeatureCode>F400057635_154723116</FeatureCode><FeatureReferenceName>Warm white light (NEW lighting)</FeatureReferenceName><FeatureImageRank>3</FeatureImageRank></FeatureImage><FeatureImage><FeatureCode>F400057627</FeatureCode><FeatureReferenceName>Energy saving (general NEW)</FeatureReferenceName><FeatureImageRank>4</FeatureImageRank></FeatureImage><FeatureImage><FeatureCode>F400057605</FeatureCode><FeatureReferenceName>IP44 - weather proof (outdoor lighting)</FeatureReferenceName><FeatureImageRank>5</FeatureImageRank></FeatureImage><FeatureImage><FeatureCode>F400057631</FeatureCode><FeatureReferenceName>Long operating life (15 yrs lighting)</FeatureReferenceName><FeatureImageRank>6</FeatureImageRank></FeatureImage><FeatureHighlight><FeatureCode>F400057628</FeatureCode><FeatureReferenceName>High quality LED light (LED integrated)</FeatureReferenceName><FeatureHighlightRank>1</FeatureHighlightRank></FeatureHighlight><FeatureHighlight><FeatureCode>F400076495</FeatureCode><FeatureReferenceName>5 year warranty on LED system</FeatureReferenceName><FeatureHighlightRank>2</FeatureHighlightRank></FeatureHighlight><FeatureHighlight><FeatureCode>F400057635_154723116</FeatureCode><FeatureReferenceName>Warm white light (NEW lighting)</FeatureReferenceName><FeatureHighlightRank>3</FeatureHighlightRank></FeatureHighlight><FeatureHighlight><FeatureCode>F400057627</FeatureCode><FeatureReferenceName>Energy saving (general NEW)</FeatureReferenceName><FeatureHighlightRank>4</FeatureHighlightRank></FeatureHighlight><FeatureHighlight><FeatureCode>F400057605</FeatureCode><FeatureReferenceName>IP44 - weather proof (outdoor lighting)</FeatureReferenceName><FeatureHighlightRank>5</FeatureHighlightRank></FeatureHighlight><FeatureHighlight><FeatureCode>F400057631</FeatureCode><FeatureReferenceName>Long operating life (15 yrs lighting)</FeatureReferenceName><FeatureHighlightRank>6</FeatureHighlightRank></FeatureHighlight><CSChapter><CSChapterCode>PLMCHP010</CSChapterCode><CSChapterName>Design und Materialausführung</CSChapterName><CSChapterRank>10</CSChapterRank><CSItem><CSItemCode>PLMITM010001</CSItemCode><CSItemName>Material</CSItemName><CSItemRank>1</CSItemRank><CSItemIsFreeFormat>0</CSItemIsFreeFormat><CSValue><CSValueCode>PLMATR0105AL</CSValueCode><CSValueName>Aluminium</CSValueName><CSValueRank>1</CSValueRank></CSValue><CSValue><CSValueCode>PLMATR0105SYNTH</CSValueCode><CSValueName>Synthetik</CSValueName><CSValueRank>2</CSValueRank></CSValue></CSItem><CSItem><CSItemCode>PLMITM010002</CSItemCode><CSItemName>Farbe</CSItemName><CSItemRank>2</CSItemRank><CSItemIsFreeFormat>0</CSItemIsFreeFormat><CSValue><CSValueCode>PLMATR018331</CSValueCode><CSValueName>Weiß</CSValueName><CSValueRank>1</CSValueRank></CSValue></CSItem></CSChapter><CSChapter><CSChapterCode>PLMCHP020</CSChapterCode><CSChapterName>Zusatzfunktion/Zubehör im Lieferumfang enthalten</CSChapterName><CSChapterRank>20</CSChapterRank><CSItem><CSItemCode>PLMITM0776FX031</CSItemCode><CSItemName>Vollständig witterungsbeständig</CSItemName><CSItemRank>4</CSItemRank><CSItemIsFreeFormat>0</CSItemIsFreeFormat><CSValue><CSValueCode>PLMATR0776FX031YES</CSValueCode><CSValueName>JA</CSValueName><CSValueRank>1</CSValueRank></CSValue></CSItem><CSItem><CSItemCode>PLMITM0776FX065</CSItemCode><CSItemName>5 Jahre Garantie</CSItemName><CSItemRank>5</CSItemRank><CSItemIsFreeFormat>0</CSItemIsFreeFormat><CSValue><CSValueCode>PLMATR0776FX065YES</CSValueCode><CSValueName>JA</CSValueName><CSValueRank>1</CSValueRank></CSValue></CSItem></CSChapter><CSChapter><CSChapterCode>PLMCHP030</CSChapterCode><CSChapterName>Produktabmessungen und -gewicht</CSChapterName><CSChapterRank>30</CSChapterRank><CSItem><CSItemCode>PLMITM030001</CSItemCode><CSItemName>Höhe</CSItemName><CSItemRank>1</CSItemRank><CSItemIsFreeFormat>1</CSItemIsFreeFormat><CSValue><CSValueCode>VA4042333</CSValueCode><CSValueName>33,5</CSValueName><CSValueRank>1</CSValueRank></CSValue><UnitOfMeasure><UnitOfMeasureCode>3000039</UnitOfMeasureCode><UnitOfMeasureName>Zentimeter</UnitOfMeasureName><UnitOfMeasureSymbol>cm</UnitOfMeasureSymbol></UnitOfMeasure></CSItem><CSItem><CSItemCode>PLMITM030004</CSItemCode><CSItemName>Länge</CSItemName><CSItemRank>4</CSItemRank><CSItemIsFreeFormat>1</CSItemIsFreeFormat><CSValue><CSValueCode>VA4042309</CSValueCode><CSValueName>17,4</CSValueName><CSValueRank>1</CSValueRank></CSValue><UnitOfMeasure><UnitOfMeasureCode>3000039</UnitOfMeasureCode><UnitOfMeasureName>Zentimeter</UnitOfMeasureName><UnitOfMeasureSymbol>cm</UnitOfMeasureSymbol></UnitOfMeasure></CSItem><CSItem><CSItemCode>PLMITM030005</CSItemCode><CSItemName>Breite</CSItemName><CSItemRank>5</CSItemRank><CSItemIsFreeFormat>1</CSItemIsFreeFormat><CSValue><CSValueCode>VA4042311</CSValueCode><CSValueName>17,4</CSValueName><CSValueRank>1</CSValueRank></CSValue><UnitOfMeasure><UnitOfMeasureCode>3000039</UnitOfMeasureCode><UnitOfMeasureName>Zentimeter</UnitOfMeasureName><UnitOfMeasureSymbol>cm</UnitOfMeasureSymbol></UnitOfMeasure></CSItem><CSItem><CSItemCode>PLMITM030006</CSItemCode><CSItemName>Nettogewicht</CSItemName><CSItemRank>6</CSItemRank><CSItemIsFreeFormat>1</CSItemIsFreeFormat><CSValue><CSValueCode>VA4042308</CSValueCode><CSValueName>0,650</CSValueName><CSValueRank>1</CSValueRank></CSValue><UnitOfMeasure><UnitOfMeasureCode>3000049</UnitOfMeasureCode><UnitOfMeasureName>Kilogramm</UnitOfMeasureName><UnitOfMeasureSymbol>kg</UnitOfMeasureSymbol></UnitOfMeasure></CSItem></CSChapter><CSChapter><CSChapterCode>PLMCHP040</CSChapterCode><CSChapterName>Technische Daten</CSChapterName><CSChapterRank>40</CSChapterRank><CSItem><CSItemCode>PLMITM040001</CSItemCode><CSItemName>Netzstrom</CSItemName><CSItemRank>1</CSItemRank><CSItemIsFreeFormat>0</CSItemIsFreeFormat><CSValue><CSValueCode>PLMATR0719220-240</CSValueCode><CSValueName>Bereich 220V – 240V</CSValueName><CSValueRank>1</CSValueRank></CSValue><CSValue><CSValueCode>PLMATR067350/60HZ</CSValueCode><CSValueName>50-60 Hz</CSValueName><CSValueRank>2</CSValueRank></CSValue></CSItem><CSItem><CSItemCode>PLMITM040002</CSItemCode><CSItemName>Lichttechnologie</CSItemName><CSItemRank>2</CSItemRank><CSItemIsFreeFormat>0</CSItemIsFreeFormat><CSValue><CSValueCode>PLMATRBOIBULB10131LED</CSValueCode><CSValueName>LED</CSValueName><CSValueRank>1</CSValueRank></CSValue><CSValue><CSValueCode>PLMATR0329230</CSValueCode><CSValueName>230 V</CSValueName><CSValueRank>2</CSValueRank></CSValue></CSItem><CSItem><CSItemCode>PLMITM040003</CSItemCode><CSItemName>Anzahl Lichtquellen</CSItemName><CSItemRank>3</CSItemRank><CSItemIsFreeFormat>1</CSItemIsFreeFormat><CSValue><CSValueCode>VA4042306</CSValueCode><CSValueName>1</CSValueName><CSValueRank>1</CSValueRank></CSValue></CSItem><CSItem><CSItemCode>PLMITM040005</CSItemCode><CSItemName>Wattage der im Lieferumfang enthaltenen Leuchte</CSItemName><CSItemRank>5</CSItemRank><CSItemIsFreeFormat>0</CSItemIsFreeFormat><CSValue><CSValueCode>PLMATR04604_5</CSValueCode><CSValueName>4,5 W</CSValueName><CSValueRank>1</CSValueRank></CSValue></CSItem><CSItem><CSItemCode>PLMITM040007</CSItemCode><CSItemName>Lichtfarbe</CSItemName><CSItemRank>7</CSItemRank><CSItemIsFreeFormat>0</CSItemIsFreeFormat><CSValue><CSValueCode>PLMATRBOIBULB106242700_K</CSValueCode><CSValueName>Warmweiß</CSValueName><CSValueRank>1</CSValueRank></CSValue></CSItem><CSItem><CSItemCode>PLMITM0400011</CSItemCode><CSItemName>Gesamtleistung in Lumen</CSItemName><CSItemRank>11</CSItemRank><CSItemIsFreeFormat>0</CSItemIsFreeFormat><CSValue><CSValueCode>PLMATR1096430</CSValueCode><CSValueName>430 lm</CSValueName><CSValueRank>1</CSValueRank></CSValue></CSItem><CSItem><CSItemCode>PLMITM0400013</CSItemCode><CSItemName>Leuchte dimmbar</CSItemName><CSItemRank>13</CSItemRank><CSItemIsFreeFormat>0</CSItemIsFreeFormat><CSValue><CSValueCode>PLMATR1075N</CSValueCode><CSValueName>Nein</CSValueName><CSValueRank>1</CSValueRank></CSValue></CSItem><CSItem><CSItemCode>PLMITM0400014</CSItemCode><CSItemName>LED</CSItemName><CSItemRank>14</CSItemRank><CSItemIsFreeFormat>0</CSItemIsFreeFormat><CSValue><CSValueCode>PLMATR0814Y</CSValueCode><CSValueName>Ja</CSValueName><CSValueRank>1</CSValueRank></CSValue></CSItem><CSItem><CSItemCode>PLMITM0400018</CSItemCode><CSItemName>Lebensdauer von bis zu</CSItemName><CSItemRank>18</CSItemRank><CSItemIsFreeFormat>1</CSItemIsFreeFormat><CSValue><CSValueCode>VA4094468</CSValueCode><CSValueName>25.000</CSValueName><CSValueRank>1</CSValueRank></CSValue><UnitOfMeasure><UnitOfMeasureCode>4000213</UnitOfMeasureCode><UnitOfMeasureName>Std.</UnitOfMeasureName><UnitOfMeasureSymbol>Std.</UnitOfMeasureSymbol></UnitOfMeasure></CSItem><CSItem><CSItemCode>PLMITM040026</CSItemCode><CSItemName>IP-Code</CSItemName><CSItemRank>26</CSItemRank><CSItemIsFreeFormat>0</CSItemIsFreeFormat><CSValue><CSValueCode>PLMATR0290IP44</CSValueCode><CSValueName>IP44</CSValueName><CSValueRank>1</CSValueRank></CSValue><CSValue><CSValueCode>PLMATR0290IP41-2</CSValueCode><CSValueName>Schutz gegen Objekte, die größer als 1 mm sind</CSValueName><CSValueRank>2</CSValueRank></CSValue><CSValue><CSValueCode>PLMATR0290IP24-3</CSValueCode><CSValueName>Schutz gegen Spritzwasser</CSValueName><CSValueRank>3</CSValueRank></CSValue></CSItem><CSItem><CSItemCode>PLMITM040027</CSItemCode><CSItemName>Schutzklasse</CSItemName><CSItemRank>27</CSItemRank><CSItemIsFreeFormat>0</CSItemIsFreeFormat><CSValue><CSValueCode>PLMATR0289I</CSValueCode><CSValueName>I – Erdung</CSValueName><CSValueRank>1</CSValueRank></CSValue></CSItem><CSItem><CSItemCode>PLMITM0400051</CSItemCode><CSItemName>Lichtquelle entspricht Standardlampe</CSItemName><CSItemRank>51</CSItemRank><CSItemIsFreeFormat>1</CSItemIsFreeFormat><CSValue><CSValueCode>VA4081551</CSValueCode><CSValueName>42</CSValueName><CSValueRank>1</CSValueRank></CSValue><UnitOfMeasure><UnitOfMeasureCode>3000072</UnitOfMeasureCode><UnitOfMeasureName>Watt</UnitOfMeasureName><UnitOfMeasureSymbol>W</UnitOfMeasureSymbol></UnitOfMeasure></CSItem></CSChapter><CSChapter><CSChapterCode>PLMCHP050</CSChapterCode><CSChapterName>Service</CSChapterName><CSChapterRank>50</CSChapterRank><CSItem><CSItemCode>PLMITM050001</CSItemCode><CSItemName>Garantie</CSItemName><CSItemRank>1</CSItemRank><CSItemIsFreeFormat>0</CSItemIsFreeFormat><CSValue><CSValueCode>PLMATR02985</CSValueCode><CSValueName>5 Jahr(e)</CSValueName><CSValueRank>1</CSValueRank></CSValue></CSItem></CSChapter><CSChapter><CSChapterCode>PLMCHP060</CSChapterCode><CSChapterName>Verpackungsmaße und -gewicht</CSChapterName><CSChapterRank>60</CSChapterRank><CSItem><CSItemCode>PLMITM060001</CSItemCode><CSItemName>Höhe</CSItemName><CSItemRank>1</CSItemRank><CSItemIsFreeFormat>1</CSItemIsFreeFormat><CSValue><CSValueCode>VA4042312</CSValueCode><CSValueName>35,8</CSValueName><CSValueRank>1</CSValueRank></CSValue><UnitOfMeasure><UnitOfMeasureCode>3000039</UnitOfMeasureCode><UnitOfMeasureName>Zentimeter</UnitOfMeasureName><UnitOfMeasureSymbol>cm</UnitOfMeasureSymbol></UnitOfMeasure></CSItem><CSItem><CSItemCode>PLMITM060002</CSItemCode><CSItemName>Länge</CSItemName><CSItemRank>2</CSItemRank><CSItemIsFreeFormat>1</CSItemIsFreeFormat><CSValue><CSValueCode>VA4042313</CSValueCode><CSValueName>18,3</CSValueName><CSValueRank>1</CSValueRank></CSValue><UnitOfMeasure><UnitOfMeasureCode>3000039</UnitOfMeasureCode><UnitOfMeasureName>Zentimeter</UnitOfMeasureName><UnitOfMeasureSymbol>cm</UnitOfMeasureSymbol></UnitOfMeasure></CSItem><CSItem><CSItemCode>PLMITM060003</CSItemCode><CSItemName>Breite</CSItemName><CSItemRank>3</CSItemRank><CSItemIsFreeFormat>1</CSItemIsFreeFormat><CSValue><CSValueCode>VA4042307</CSValueCode><CSValueName>18,3</CSValueName><CSValueRank>1</CSValueRank></CSValue><UnitOfMeasure><UnitOfMeasureCode>3000039</UnitOfMeasureCode><UnitOfMeasureName>Zentimeter</UnitOfMeasureName><UnitOfMeasureSymbol>cm</UnitOfMeasureSymbol></UnitOfMeasure></CSItem><CSItem><CSItemCode>PLMITM060004</CSItemCode><CSItemName>Gewicht</CSItemName><CSItemRank>4</CSItemRank><CSItemIsFreeFormat>1</CSItemIsFreeFormat><CSValue><CSValueCode>VA4042304</CSValueCode><CSValueName>0,857</CSValueName><CSValueRank>1</CSValueRank></CSValue><UnitOfMeasure><UnitOfMeasureCode>3000049</UnitOfMeasureCode><UnitOfMeasureName>Kilogramm</UnitOfMeasureName><UnitOfMeasureSymbol>kg</UnitOfMeasureSymbol></UnitOfMeasure></CSItem></CSChapter><CSChapter><CSChapterCode>PLMCHP070</CSChapterCode><CSChapterName>Verschiedenes</CSChapterName><CSChapterRank>70</CSChapterRank><CSItem><CSItemCode>PLMITM070001</CSItemCode><CSItemName>Speziell geeignet für</CSItemName><CSItemRank>1</CSItemRank><CSItemIsFreeFormat>0</CSItemIsFreeFormat><CSValue><CSValueCode>PLMATR0970G_P</CSValueCode><CSValueName>Garten und Terrasse</CSValueName><CSValueRank>1</CSValueRank></CSValue></CSItem><CSItem><CSItemCode>PLMITM070002</CSItemCode><CSItemName>Style</CSItemName><CSItemRank>2</CSItemRank><CSItemIsFreeFormat>0</CSItemIsFreeFormat><CSValue><CSValueCode>PLMATR0628HER</CSValueCode><CSValueName>Traditionell</CSValueName><CSValueRank>1</CSValueRank></CSValue></CSItem><CSItem><CSItemCode>PLMITM070003</CSItemCode><CSItemName>Typ</CSItemName><CSItemRank>3</CSItemRank><CSItemIsFreeFormat>0</CSItemIsFreeFormat><CSValue><CSValueCode>PLMATR0830POST</CSValueCode><CSValueName>Sockel-/Wegeleuchte</CSValueName><CSValueRank>1</CSValueRank></CSValue></CSItem></CSChapter><Filters><Purpose type="Comparison"><Features><Feature code="F400057628" rank="1" referenceName="High quality LED light (LED integrated)"/><Feature code="F400076495" rank="2" referenceName="5 year warranty on LED system"/><Feature code="F400057635_154723116" rank="3" referenceName="Warm white light (NEW lighting)"/><Feature code="F400057627" rank="4" referenceName="Energy saving (general NEW)"/><Feature code="F400057605" rank="5" referenceName="IP44 - weather proof (outdoor lighting)"/><Feature code="F400057631" rank="6" referenceName="Long operating life (15 yrs lighting)"/></Features><CSItems><CSItem code="PLMITM010001" rank="1" referenceName="Design und Materialausführung - Material"/><CSItem code="PLMITM030001" rank="1" referenceName="Produktabmessungen und -gewicht - Höhe"/><CSItem code="PLMITM040001" rank="1" referenceName="Technische Daten - Netzstrom"/><CSItem code="PLMITM050001" rank="1" referenceName="Service - Garantie"/><CSItem code="PLMITM060001" rank="1" referenceName="Verpackungsmaße und -gewicht - Höhe"/><CSItem code="PLMITM070001" rank="1" referenceName="Verschiedenes - Speziell geeignet für"/><CSItem code="PLMITM010002" rank="2" referenceName="Design und Materialausführung - Farbe"/><CSItem code="PLMITM040002" rank="2" referenceName="Technische Daten - Lichttechnologie"/><CSItem code="PLMITM060002" rank="2" referenceName="Verpackungsmaße und -gewicht - Länge"/><CSItem code="PLMITM070002" rank="2" referenceName="Verschiedenes - Style"/><CSItem code="PLMITM040003" rank="3" referenceName="Technische Daten - Anzahl Lichtquellen"/><CSItem code="PLMITM060003" rank="3" referenceName="Verpackungsmaße und -gewicht - Breite"/><CSItem code="PLMITM070003" rank="3" referenceName="Verschiedenes - Typ"/><CSItem code="PLMITM0776FX031" rank="4" referenceName="Zusatzfunktion/Zubehör im Lieferumfang enthalten - Vollständig witterungsbeständig"/><CSItem code="PLMITM030004" rank="4" referenceName="Produktabmessungen und -gewicht - Länge"/><CSItem code="PLMITM060004" rank="4" referenceName="Verpackungsmaße und -gewicht - Gewicht"/><CSItem code="PLMITM0776FX065" rank="5" referenceName="Zusatzfunktion/Zubehör im Lieferumfang enthalten - 5 Jahre Garantie"/><CSItem code="PLMITM030005" rank="5" referenceName="Produktabmessungen und -gewicht - Breite"/><CSItem code="PLMITM040005" rank="5" referenceName="Technische Daten - Wattage der im Lieferumfang enthaltenen Leuchte"/><CSItem code="PLMITM030006" rank="6" referenceName="Produktabmessungen und -gewicht - Nettogewicht"/><CSItem code="PLMITM040007" rank="7" referenceName="Technische Daten - Lichtfarbe"/><CSItem code="PLMITM0400011" rank="11" referenceName="Technische Daten - Gesamtleistung in Lumen"/><CSItem code="PLMITM0400013" rank="13" referenceName="Technische Daten - Leuchte dimmbar"/><CSItem code="PLMITM0400014" rank="14" referenceName="Technische Daten - LED"/><CSItem code="PLMITM0400018" rank="18" referenceName="Technische Daten - Lebensdauer von bis zu"/><CSItem code="PLMITM040026" rank="26" referenceName="Technische Daten - IP-Code"/><CSItem code="PLMITM040027" rank="27" referenceName="Technische Daten - Schutzklasse"/><CSItem code="PLMITM0400051" rank="51" referenceName="Technische Daten - Lichtquelle entspricht Standardlampe"/></CSItems></Purpose><Purpose type="Detail"><Features><Feature code="F400057628" rank="1" referenceName="High quality LED light (LED integrated)"/><Feature code="F400076495" rank="2" referenceName="5 year warranty on LED system"/><Feature code="F400057635_154723116" rank="3" referenceName="Warm white light (NEW lighting)"/><Feature code="F400057627" rank="4" referenceName="Energy saving (general NEW)"/><Feature code="F400057605" rank="5" referenceName="IP44 - weather proof (outdoor lighting)"/><Feature code="F400057631" rank="6" referenceName="Long operating life (15 yrs lighting)"/></Features><CSItems><CSItem code="PLMITM010001" rank="1" referenceName="Design und Materialausführung - Material"/><CSItem code="PLMITM030001" rank="1" referenceName="Produktabmessungen und -gewicht - Höhe"/><CSItem code="PLMITM040001" rank="1" referenceName="Technische Daten - Netzstrom"/><CSItem code="PLMITM050001" rank="1" referenceName="Service - Garantie"/><CSItem code="PLMITM060001" rank="1" referenceName="Verpackungsmaße und -gewicht - Höhe"/><CSItem code="PLMITM070001" rank="1" referenceName="Verschiedenes - Speziell geeignet für"/><CSItem code="PLMITM010002" rank="2" referenceName="Design und Materialausführung - Farbe"/><CSItem code="PLMITM040002" rank="2" referenceName="Technische Daten - Lichttechnologie"/><CSItem code="PLMITM060002" rank="2" referenceName="Verpackungsmaße und -gewicht - Länge"/><CSItem code="PLMITM070002" rank="2" referenceName="Verschiedenes - Style"/><CSItem code="PLMITM040003" rank="3" referenceName="Technische Daten - Anzahl Lichtquellen"/><CSItem code="PLMITM060003" rank="3" referenceName="Verpackungsmaße und -gewicht - Breite"/><CSItem code="PLMITM070003" rank="3" referenceName="Verschiedenes - Typ"/><CSItem code="PLMITM0776FX031" rank="4" referenceName="Zusatzfunktion/Zubehör im Lieferumfang enthalten - Vollständig witterungsbeständig"/><CSItem code="PLMITM030004" rank="4" referenceName="Produktabmessungen und -gewicht - Länge"/><CSItem code="PLMITM060004" rank="4" referenceName="Verpackungsmaße und -gewicht - Gewicht"/><CSItem code="PLMITM0776FX065" rank="5" referenceName="Zusatzfunktion/Zubehör im Lieferumfang enthalten - 5 Jahre Garantie"/><CSItem code="PLMITM030005" rank="5" referenceName="Produktabmessungen und -gewicht - Breite"/><CSItem code="PLMITM040005" rank="5" referenceName="Technische Daten - Wattage der im Lieferumfang enthaltenen Leuchte"/><CSItem code="PLMITM030006" rank="6" referenceName="Produktabmessungen und -gewicht - Nettogewicht"/><CSItem code="PLMITM040007" rank="7" referenceName="Technische Daten - Lichtfarbe"/><CSItem code="PLMITM0400011" rank="11" referenceName="Technische Daten - Gesamtleistung in Lumen"/><CSItem code="PLMITM0400013" rank="13" referenceName="Technische Daten - Leuchte dimmbar"/><CSItem code="PLMITM0400014" rank="14" referenceName="Technische Daten - LED"/><CSItem code="PLMITM0400018" rank="18" referenceName="Technische Daten - Lebensdauer von bis zu"/><CSItem code="PLMITM040026" rank="26" referenceName="Technische Daten - IP-Code"/><CSItem code="PLMITM040027" rank="27" referenceName="Technische Daten - Schutzklasse"/><CSItem code="PLMITM0400051" rank="51" referenceName="Technische Daten - Lichtquelle entspricht Standardlampe"/></CSItems></Purpose></Filters><FeatureCompareGroups/><Disclaimers/><RichTexts/></Product></Products>