<?xml version="1.0" encoding="UTF-8"?><Products xmlns:source="http://apache.org/cocoon/source/1.0" DocStatus="approved" DocTimeStamp="2018-10-23T10:52:26"><Product Country="DE" IsAccessory="false" IsLocalized="true" IsMaster="false" Locale="de_DE" lastModified="2018-10-23T04:30:06" masterLastModified="2018-09-05T00:41:02"><CTN>276E8VJSB/01</CTN><Code12NC>867000156522</Code12NC><GTIN>8712581753672</GTIN><MarketingVersion>2.0.1</MarketingVersion><MarketingStatus>Final Published</MarketingStatus><CRDate>2018-09-21</CRDate><CRDateYW>201838</CRDateYW><ModelYears><ModelYear>2018</ModelYear><ModelYear>2019</ModelYear></ModelYears><ProductDivision><ProductDivisionCode>0200</ProductDivisionCode><ProductDivisionName>Consumer Lifestyle</ProductDivisionName><FormerPDCode>3400</FormerPDCode></ProductDivision><ProductOwner>Jessica Chang</ProductOwner><DTN>276E8VJSB/01</DTN><Catalog><StartOfPublication>2018-09-21T00:00:00</StartOfPublication><EndOfPublication>2024-01-21T00:00:00</EndOfPublication><StartOfSales>2018-09-21T00:00:00</StartOfSales><EndOfSales>2024-01-21T00:00:00</EndOfSales><DummyPrice/><Deleted>false</Deleted><DeleteAfterDate/><ProductRank>50</ProductRank></Catalog><FinancialCategorization><BusinessGroupCode>6918</BusinessGroupCode><BusinessGroupName>TV</BusinessGroupName><BusinessUnitCode>0655</BusinessUnitCode><BusinessUnitName>Monitors</BusinessUnitName><MainArticleGroupCode>J89</MainArticleGroupCode><MainArticleGroupName>Monitors</MainArticleGroupName><ArticleGroupCode>3789</ArticleGroupCode><ArticleGroupName>Monitors global</ArticleGroupName></FinancialCategorization><Categorization type="CONSUMER"><GroupCode>SOUND_AND_VISION_GR</GroupCode><GroupName>Sound &amp; vision</GroupName><CategoryCode>SV_MONITORS_CA</CategoryCode><CategoryName>Monitors</CategoryName><SubcategoryCode>ULTRA_WIDE_SU</SubcategoryCode><SubcategoryName>Ultra-wide</SubcategoryName></Categorization><Assets><Asset code="276E8VJSB_01" description="User manual" extension="pdf" lastModified="2018-08-28" locale="de_DE" number="001" type="DFU">http://download.p4c.philips.com/files/2/276e8vjsb_01/276e8vjsb_01_dfu_deu.pdf</Asset><Asset code="276E8VJSB_01" description="Leaflet" extension="pdf" lastModified="2018-09-12" locale="de_DE" number="001" type="PSS">http://download.p4c.philips.com/files/2/276e8vjsb_01/276e8vjsb_01_pss_deude.pdf</Asset><Asset code="276E8VJSB_01" description="Retail Trade Leaflet" extension="pdf" lastModified="2018-10-22" locale="de_DE" number="001" type="RTL">http://download.p4c.philips.com/files/2/276e8vjsb_01/276e8vjsb_01_rtl_deude.pdf</Asset><Asset code="276E8VJSB_01" description="Front product photograph - highres 2196x1795" extension="tif" lastModified="2018-08-16" locale="global" number="001" type="_FP">http://images.philips.com/is/image/PhilipsConsumer/276E8VJSB_01-_FP-global-001</Asset><Asset code="276E8VJSB_01" description="Alternative product photograph 1 - highres 2196x1795" extension="tif" lastModified="2018-08-16" locale="global" number="001" type="A1P">http://images.philips.com/is/image/PhilipsConsumer/276E8VJSB_01-A1P-global-001</Asset><Asset code="276E8VJSB_01" description="Alternative product photograph 2 - highres 2196x1795" extension="tif" lastModified="2018-08-16" locale="global" number="001" type="A2P">http://images.philips.com/is/image/PhilipsConsumer/276E8VJSB_01-A2P-global-001</Asset><Asset code="276E8VJSB_01" description="Alternative product photograph - highres 2196x1795" extension="tif" lastModified="2018-08-16" locale="global" number="001" type="APP">http://images.philips.com/is/image/PhilipsConsumer/276E8VJSB_01-APP-global-001</Asset><Asset code="276E8VJSB_01" description="Energy Label - Rainbow " extension="pdf" lastModified="2018-08-17" locale="global" number="001" type="ELR">http://download.p4c.philips.com/files/2/276e8vjsb_01/276e8vjsb_01_elr_.pdf</Asset><Asset code="276E8VJSB_01" description="Leaflet" extension="pdf" lastModified="2018-09-06" locale="global" number="001" type="PSS">http://download.p4c.philips.com/files/2/276e8vjsb_01/276e8vjsb_01_pss_.pdf</Asset><Asset code="276E8VJSB_01" description="Standard product photograph - highres 2196x1795" extension="tif" lastModified="2018-08-16" locale="global" number="001" type="RTP">http://images.philips.com/is/image/PhilipsConsumer/276E8VJSB_01-RTP-global-001</Asset><Asset code="276E8VJSB_01" description="Single product shot" extension="" lastModified="2018-10-23" locale="de_DE" number="" type="IMS">http://images.philips.com/is/image/PhilipsConsumer/276E8VJSB_01-IMS-de_DE</Asset><Asset code="276E8VJSB_01" description="Product gallery image set" extension="" lastModified="2018-10-23" locale="de_DE" number="" type="GAL">http://images.philips.com/is/image/PhilipsConsumer/276E8VJSB_01-GAL-de_DE</Asset><Asset code="276E8VJSB_01" description="Product URL" extension="" lastModified="2018-10-23" locale="de_DE" number="" type="URL">http://www.philips.de/c-p/276E8VJSB_01/4k-ultra-hd-lcd-monitor</Asset><Asset code="F400016234" description="Feature photograph - highres 2100x1170" extension="tif" lastModified="2017-10-31" locale="global" number="001" type="FIL">http://images.philips.com/is/image/PhilipsConsumer/F400016234-FIL-global-001</Asset><Asset code="F400016234" description="Feature logo - highres 331x213" extension="tif" lastModified="2010-07-21" locale="global" number="001" type="FLP">http://images.philips.com/is/image/PhilipsConsumer/F400016234-FLP-global-001</Asset><Asset code="F400019722" description="Feature logo - highres 331x213" extension="tif" lastModified="2010-01-19" locale="global" number="001" type="FLP">http://images.philips.com/is/image/PhilipsConsumer/F400019722-FLP-global-001</Asset><Asset code="F400027327" description="Feature photograph - highres 2100x1170" extension="tif" lastModified="2017-10-31" locale="global" number="001" type="FIL">http://images.philips.com/is/image/PhilipsConsumer/F400027327-FIL-global-001</Asset><Asset code="F400027327" description="Feature logo - highres 331x213" extension="tif" lastModified="2010-09-24" locale="global" number="001" type="FLP">http://images.philips.com/is/image/PhilipsConsumer/F400027327-FLP-global-001</Asset><Asset code="F400029739" description="Feature logo - highres 331x213" extension="tif" lastModified="2013-04-01" locale="global" number="001" type="FLP">http://images.philips.com/is/image/PhilipsConsumer/F400029739-FLP-global-001</Asset><Asset code="F400045216" description="Feature photograph - highres 2100x1170" extension="tif" lastModified="2017-10-31" locale="global" number="001" type="FIL">http://images.philips.com/is/image/PhilipsConsumer/F400045216-FIL-global-001</Asset><Asset code="F400045216" description="Feature logo - highres 331x213" extension="tif" lastModified="2017-11-15" locale="global" number="001" type="FLP">http://images.philips.com/is/image/PhilipsConsumer/F400045216-FLP-global-001</Asset><Asset code="F400047169" description="Feature photograph - highres 2100x1170" extension="tif" lastModified="2013-04-03" locale="global" number="001" type="FIL">http://images.philips.com/is/image/PhilipsConsumer/F400047169-FIL-global-001</Asset><Asset code="F400047169" description="Feature logo - highres 331x213" extension="tif" lastModified="2012-08-07" locale="global" number="001" type="FLP">http://images.philips.com/is/image/PhilipsConsumer/F400047169-FLP-global-001</Asset><Asset code="F400047611" description="Feature logo - highres 331x213" extension="tif" lastModified="2017-11-15" locale="global" number="001" type="FLP">http://images.philips.com/is/image/PhilipsConsumer/F400047611-FLP-global-001</Asset><Asset code="F400047611" description="Feature movie (with spoken or written text)" extension="flv" lastModified="2013-04-18" locale="de_DE" number="001" type="FML">F400047611-FML-de_DE-001.flv</Asset><Asset code="F400048347" description="Feature logo - highres 331x213" extension="tif" lastModified="2015-08-24" locale="global" number="001" type="FLP">http://images.philips.com/is/image/PhilipsConsumer/F400048347-FLP-global-001</Asset><Asset code="F400057965" description="Feature photograph - highres 2100x1170" extension="tif" lastModified="2017-10-31" locale="global" number="001" type="FIL">http://images.philips.com/is/image/PhilipsConsumer/F400057965-FIL-global-001</Asset><Asset code="F400057965" description="Feature logo - highres 331x213" extension="tif" lastModified="2015-08-24" locale="global" number="001" type="FLP">http://images.philips.com/is/image/PhilipsConsumer/F400057965-FLP-global-001</Asset><Asset code="F400064846" description="Feature photograph - highres 2100x1170" extension="tif" lastModified="2014-03-06" locale="global" number="001" type="FIL">http://images.philips.com/is/image/PhilipsConsumer/F400064846-FIL-global-001</Asset><Asset code="F400064846" description="Feature logo - highres 331x213" extension="tif" lastModified="2015-08-26" locale="global" number="001" type="FLP">http://images.philips.com/is/image/PhilipsConsumer/F400064846-FLP-global-001</Asset><Asset code="F400067665" description="Feature photograph - highres 2100x1170" extension="tif" lastModified="2017-10-31" locale="global" number="001" type="FIL">http://images.philips.com/is/image/PhilipsConsumer/F400067665-FIL-global-001</Asset><Asset code="F400067665" description="Feature logo - highres 331x213" extension="tif" lastModified="2017-11-15" locale="global" number="001" type="FLP">http://images.philips.com/is/image/PhilipsConsumer/F400067665-FLP-global-001</Asset><Asset code="F400068330" description="Feature photograph - highres 2100x1170" extension="tif" lastModified="2015-03-02" locale="global" number="001" type="FIL">http://images.philips.com/is/image/PhilipsConsumer/F400068330-FIL-global-001</Asset><Asset code="F400078929" description="Feature photograph - highres 2100x1170" extension="tif" lastModified="2017-10-31" locale="global" number="001" type="FIL">http://images.philips.com/is/image/PhilipsConsumer/F400078929-FIL-global-001</Asset><Asset code="F400078929" description="Feature logo - highres 331x213" extension="tif" lastModified="2017-11-15" locale="global" number="001" type="FLP">http://images.philips.com/is/image/PhilipsConsumer/F400078929-FLP-global-001</Asset><Asset code="F400079049" description="Feature photograph - highres 2100x1170" extension="tif" lastModified="2017-10-31" locale="global" number="001" type="FIL">http://images.philips.com/is/image/PhilipsConsumer/F400079049-FIL-global-001</Asset><Asset code="F400079049" description="Feature logo - highres 331x213" extension="tif" lastModified="2018-09-14" locale="global" number="001" type="FLP">http://images.philips.com/is/image/PhilipsConsumer/F400079049-FLP-global-001</Asset><Asset code="PHI" description="Brand logo - highres 1476x886" extension="tif" lastModified="2016-02-18" locale="global" number="001" type="BRP">http://images.philips.com/is/image/PhilipsConsumer/PHI-BRP-global-001</Asset></Assets><ProductName>E-Line 27" (68,6 cm) 4K Ultra HD-LCD-Monitor</ProductName><FullProductName>Philips 4K Ultra HD-LCD-Monitor 276E8VJSB E-Line 27" (68,6 cm) 4K UHD (3.840 x 2.160)</FullProductName><NamingString><MasterBrand><BrandCode>PHI</BrandCode><BrandName>Philips</BrandName></MasterBrand><BrandString>Philips</BrandString><Descriptor><DescriptorCode>D4023022</DescriptorCode><DescriptorName>4K Ultra HD-LCD-Monitor</DescriptorName></Descriptor><Alphanumeric>276E8VJSB</Alphanumeric><VersionElement1><VersionElementCode>V4013896</VersionElementCode><VersionElementName>E-line</VersionElementName></VersionElement1><VersionElement2><VersionElementCode>V4013897</VersionElementCode><VersionElementName>68,6 cm (27")</VersionElementName></VersionElement2><VersionElement3><VersionElementCode>V4034503</VersionElementCode><VersionElementName>4K UHD (3.840 x 2.160)</VersionElementName></VersionElement3><VersionString>E-Line 27" (68,6 cm) 4K UHD (3.840 x 2.160)</VersionString><BrandedFeatureString/><DescriptorBrandedFeatureString>4K Ultra HD-LCD-Monitor</DescriptorBrandedFeatureString></NamingString><WOW>Beeindruckende Bildqualität in einem eleganten Design</WOW><MarketingTextHeader>Der 27" (68,6 cm) große Philips 4K UHD-Monitor bietet kristallklare Bildqualität. 4K UHD mit großem Betrachtungswinkel ermöglicht es, von vorne aus jedem Blickwinkel dieselbe ultimative Klarheit und lebensechte Bildqualität genießen zu können. Die flimmerfreie Bildwiedergabe sorgt für geringere Augenermüdung nach langem Fernsehen.</MarketingTextHeader><KeyBenefitArea><KeyBenefitAreaCode>K4019514</KeyBenefitAreaCode><KeyBenefitAreaName>Erstklassige Bildqualität</KeyBenefitAreaName><KeyBenefitAreaRank>1</KeyBenefitAreaRank><Feature><FeatureCode>F400064846</FeatureCode><FeatureReferenceName>UltraClear 4K UHD (3840x2160) resolution for precision</FeatureReferenceName><FeatureName>UltraClear 4K UHD-Auflösung</FeatureName><FeatureLongDescription>UltraClear 4K UHD-Auflösung (3.840 x 2.160) für Präzision</FeatureLongDescription><FeatureGlossary>Diese neuesten Philips Monitore verwenden Hochleistungsanzeigen für eine kristallklare Auflösung mit 4K UHD (3.840 x 2.160). Egal ob Sie hohe Ansprüche an detaillierte Daten für professionelle CAD-Lösungen stellen, 3D-Grafiken verwenden oder mit riesigen Tabellenkalkulationen arbeiten, mit Philips Monitoren werden Ihre Bilder und Grafiken zum Leben erweckt.</FeatureGlossary><FeatureRank>1</FeatureRank><FeatureTopRank>1</FeatureTopRank></Feature><Feature><FeatureCode>F400057965</FeatureCode><FeatureReferenceName>IPS technology_M5 (none Pivot)</FeatureReferenceName><FeatureName>IPS-Technologie</FeatureName><FeatureLongDescription>IPS-LED-Technologie für einen größeren Blickwinkel und verbesserte Bildgenauigkeit und Farbtreue</FeatureLongDescription><FeatureGlossary>IPS-Monitore verwenden eine fortschrittliche Technologie, die für einen besonders großen Blickwinkel von 178/178 Grad sorgt und es so ermöglicht, Inhalte auf dem Monitor aus nahezu jedem Winkel zu sehen! Im Gegensatz zur standardmäßigen TN-Technologie erhalten Sie mit IPS herausragend scharfe Bilder mit lebendigen Farben. Dadurch eignet sich die Technologie nicht nur ideal für Fotos, Filme und Internet, sondern auch für professionelle Anwendungen mit hohen Anforderungen an Farbtreue und Farbkonsistenz.</FeatureGlossary><FeatureRank>2</FeatureRank><FeatureTopRank>2</FeatureTopRank></Feature><Feature><FeatureCode>F400068330</FeatureCode><FeatureReferenceName>10-bit colors</FeatureReferenceName><FeatureName>10 Bit Farben</FeatureName><FeatureLongDescription>1,074 Milliarden Farben für fließende Farbübergänge und Details</FeatureLongDescription><FeatureGlossary>Das 10-Bit-Display bietet eine umfangreiche Farbtiefe mit 1,074 Milliarden Farben und einer internen12-Bit-Videoverarbeitung für einen glatten Farbverlauf und natürliche Farben ohne Abstufungen und Farbverschiebungen.</FeatureGlossary><FeatureRank>3</FeatureRank><FeatureTopRank>3</FeatureTopRank></Feature></KeyBenefitArea><KeyBenefitArea><KeyBenefitAreaCode>K4019515</KeyBenefitAreaCode><KeyBenefitAreaName>Elegantes Design</KeyBenefitAreaName><KeyBenefitAreaRank>2</KeyBenefitAreaRank><Feature><FeatureCode>F400079049</FeatureCode><FeatureReferenceName>UltraNarrow Border_3 sides frameless</FeatureReferenceName><FeatureName>Ultraschmaler Rahmen</FeatureName><FeatureLongDescription>Monitor mit schmalem Rahmen für eine nahtlose Wiedergabe</FeatureLongDescription><FeatureGlossary>Die neuen Philips Monitore verfügen über extrem schmale Rahmen, die größtmögliche Bildgröße bei geringsten Ablenkungen ermöglichen. Besonders geeignet für Mehrfach-Display- oder Tiling-Aufstellungen etwa für Spiele, Grafikdesign oder berufliche Anwendungen, gibt Ihnen der Monitor mit ultraschmalem Rahmen das Gefühl, einen großen Monitor zu verwenden.</FeatureGlossary><FeatureRank>2</FeatureRank><FeatureTopRank>4</FeatureTopRank></Feature><Feature><FeatureCode>F400032210</FeatureCode><FeatureReferenceName>Elegant, slim design complements your home decor</FeatureReferenceName><FeatureName>Schlankes Design</FeatureName><FeatureLongDescription>Elegantes, schlankes Design verschönert Ihr Zuhause</FeatureLongDescription><FeatureRank>1</FeatureRank><FeatureTopRank>11</FeatureTopRank></Feature></KeyBenefitArea><KeyBenefitArea><KeyBenefitAreaCode>K4031312</KeyBenefitAreaCode><KeyBenefitAreaName>Funktionen – auf Sie zugeschnitten</KeyBenefitAreaName><KeyBenefitAreaRank>3</KeyBenefitAreaRank><Feature><FeatureCode>F400048347</FeatureCode><FeatureReferenceName>MultiView technology</FeatureReferenceName><FeatureName>MultiView-Technologie</FeatureName><FeatureLongDescription>MultiView ermöglicht zwei aktive angeschlossene Geräte und deren Anzeige gleichzeitig</FeatureLongDescription><FeatureGlossary>Mit dem ultrahochauflösenden Philips MultiView-Monitor erleben Sie im Büro oder zu Hause umfassende Konnektivität auf bequeme Weise. MultiView ermöglicht den Anschluss und die Anzeige zweiter Geräte, sodass Sie beispielsweise gleichzeitig und nebeneinander auf dem PC und Ihrem Notebook arbeiten können. So wird komplexes Multitasking zum Kinderspiel. Sehen Sie auf der rechten Seite aktuelle Fußball-News von Ihrer Set-Top-Box, und durchsuchen Sie gleichzeitig auf der linken Seite das Internet über Ihr Notebook. So bleiben Sie beispielsweise über Audiobenachrichtigungen in einem kleinen Fenster auf dem neuesten Nachrichtenstand und können parallel an Ihrem neuen Blogeintrag arbeiten.</FeatureGlossary><FeatureRank>1</FeatureRank><FeatureTopRank>5</FeatureTopRank></Feature><Feature><FeatureCode>F400027327</FeatureCode><FeatureReferenceName>HDMI Ready(entertainment)</FeatureReferenceName><FeatureName>HDMI ready</FeatureName><FeatureLongDescription>HDMI-ready für perfekte Unterhaltung in Full HD</FeatureLongDescription><FeatureGlossary>Ein HDMI ready-Gerät verfügt über sämtliche Hardware für den Empfang von HDMI-Signalen (High-Definition Multimedia Interface). Ein HDMI-Kabel ermöglicht hochwertige Audio- und Videosignale, die über ein einziges Kabel von einem PC oder anderen AV-Quellen (z. B. von Set-Top-Boxen, DVD-Playern, A/V-Receivern und Videokameras) übertragen werden.</FeatureGlossary><FeatureRank>2</FeatureRank><FeatureTopRank>6</FeatureTopRank></Feature><Feature><FeatureCode>F400067665</FeatureCode><FeatureReferenceName>Flicker-free technology</FeatureReferenceName><FeatureName>"Flicker-Free"-Technologie</FeatureName><FeatureLongDescription>Geringere Ermüdung der Augen dank "Flicker-Free"-Technologie</FeatureLongDescription><FeatureGlossary>Aufgrund der Art und Weise, wie die Helligkeit auf Bildschirmen mit LED-Hintergrundbeleuchtung geregelt wird, empfinden einige Benutzer ein Flimmern auf dem Bildschirm, was zur Ermüdung der Augen führt. Philips "Flicker-Free"-Technologie wendet eine neue Lösung zur Helligkeitsregelung an und reduziert so das Flimmern für mehr Sehkomfort.</FeatureGlossary><FeatureRank>3</FeatureRank><FeatureTopRank>7</FeatureTopRank></Feature><Feature><FeatureCode>F400078929</FeatureCode><FeatureReferenceName>LowBlue Mode</FeatureReferenceName><FeatureName>LowBlue-Modus</FeatureName><FeatureLongDescription>LowBlue-Modus für augenschonende Produktivität</FeatureLongDescription><FeatureGlossary>Studien haben gezeigt, dass kurzwellige blaue Lichtstrahlen von LED-Bildschirmen genau wie UV-Strahlen zu Augenschäden führen und das Sehvermögen im Laufe der Zeit beeinflussen können. Der Philips LowBlue-Modus verwendet eine intelligente Software-Technologie zur Reduzierung von schädlichem kurzwelligen blauen Licht und sorgt somit rundum für Wohlbefinden.</FeatureGlossary><FeatureRank>4</FeatureRank><FeatureTopRank>8</FeatureTopRank></Feature></KeyBenefitArea><KeyBenefitArea><KeyBenefitAreaCode>K4011695</KeyBenefitAreaCode><KeyBenefitAreaName>Täglich etwas Gutes für die Umwelt tun</KeyBenefitAreaName><KeyBenefitAreaRank>4</KeyBenefitAreaRank><Feature><FeatureCode>F400061605</FeatureCode><FeatureReferenceName>Eco-friendly materials meet major international standards</FeatureReferenceName><FeatureName>Umweltfreundliche Materialien</FeatureName><FeatureLongDescription>Die umweltfreundliche Materialien entsprechen den wichtigsten internationalen Normen</FeatureLongDescription><FeatureGlossary>Philips ist bestrebt, für seine Monitore nachhaltige und umweltfreundliche Materialien zu verwenden. Alle Kunststoffteile, Gehäuseteile aus Metall sowie das Verpackungsmaterial sind zu 100 % recycelbar. Bei einigen Modellen verwenden wir bis zu 65 % wiederverwertete Kunststoffe. Wir halten uns außerdem strikt an die RoHS-Normen, um eine wesentliche Reduktion bzw. die Eliminierung von giftigen Stoffen wie Blei zu gewährleisten. Der Quecksilbergehalt in den Monitoren mit CCFL-Hintergrundbeleuchtung wurde erheblich gesenkt während die Monitore mit LED-Hintergrundbeleuchtung bereits vollständig ohne Quecksilber hergestellt werden.</FeatureGlossary><FeatureRank>1</FeatureRank><FeatureTopRank>9</FeatureTopRank></Feature><Feature><FeatureCode>F400044227</FeatureCode><FeatureReferenceName>Low power consumption saves energy bills</FeatureReferenceName><FeatureName>Niedriger Stromverbrauch</FeatureName><FeatureLongDescription>Niedriger Stromverbrauch für Einsparungen auf der Stromrechnung</FeatureLongDescription><FeatureRank>2</FeatureRank><FeatureTopRank>10</FeatureTopRank></Feature></KeyBenefitArea><FeatureLogo><FeatureCode>F400064846</FeatureCode><FeatureReferenceName>UltraClear 4K UHD (3840x2160) resolution for precision</FeatureReferenceName><FeatureLogoRank>4</FeatureLogoRank></FeatureLogo><FeatureLogo><FeatureCode>F400045216</FeatureCode><FeatureReferenceName>IPS technology_Carina 2 (none Pivot)</FeatureReferenceName><FeatureLogoRank>5</FeatureLogoRank></FeatureLogo><FeatureLogo><FeatureCode>F400047611</FeatureCode><FeatureReferenceName>Ultra Narrow Bezel</FeatureReferenceName><FeatureLogoRank>6</FeatureLogoRank></FeatureLogo><FeatureLogo><FeatureCode>F400016234</FeatureCode><FeatureReferenceName>HDMI Ready</FeatureReferenceName><FeatureLogoRank>7</FeatureLogoRank></FeatureLogo><FeatureLogo><FeatureCode>F400029739</FeatureCode><FeatureReferenceName>DisplayPort</FeatureReferenceName><FeatureLogoRank>8</FeatureLogoRank></FeatureLogo><FeatureLogo><FeatureCode>F400048347</FeatureCode><FeatureReferenceName>MultiView technology</FeatureReferenceName><FeatureLogoRank>9</FeatureLogoRank></FeatureLogo><FeatureLogo><FeatureCode>F400067665</FeatureCode><FeatureReferenceName>Flicker-free technology</FeatureReferenceName><FeatureLogoRank>10</FeatureLogoRank></FeatureLogo><FeatureLogo><FeatureCode>F400078929</FeatureCode><FeatureReferenceName>LowBlue Mode</FeatureReferenceName><FeatureLogoRank>11</FeatureLogoRank></FeatureLogo><FeatureLogo><FeatureCode>F400047169</FeatureCode><FeatureReferenceName>SmartImage Game</FeatureReferenceName><FeatureLogoRank>12</FeatureLogoRank></FeatureLogo><FeatureLogo><FeatureCode>F400019722</FeatureCode><FeatureReferenceName>Mercury Free</FeatureReferenceName><FeatureLogoRank>13</FeatureLogoRank></FeatureLogo><FeatureImage><FeatureCode>F400064846</FeatureCode><FeatureReferenceName>UltraClear 4K UHD (3840x2160) resolution for precision</FeatureReferenceName><FeatureImageRank>1</FeatureImageRank></FeatureImage><FeatureImage><FeatureCode>F400057965</FeatureCode><FeatureReferenceName>IPS technology_M5 (none Pivot)</FeatureReferenceName><FeatureImageRank>2</FeatureImageRank></FeatureImage><FeatureImage><FeatureCode>F400068330</FeatureCode><FeatureReferenceName>10-bit colors</FeatureReferenceName><FeatureImageRank>3</FeatureImageRank></FeatureImage><FeatureImage><FeatureCode>F400079049</FeatureCode><FeatureReferenceName>UltraNarrow Border_3 sides frameless</FeatureReferenceName><FeatureImageRank>4</FeatureImageRank></FeatureImage><FeatureImage><FeatureCode>F400048347</FeatureCode><FeatureReferenceName>MultiView technology</FeatureReferenceName><FeatureImageRank>5</FeatureImageRank></FeatureImage><FeatureImage><FeatureCode>F400027327</FeatureCode><FeatureReferenceName>HDMI Ready(entertainment)</FeatureReferenceName><FeatureImageRank>6</FeatureImageRank></FeatureImage><FeatureImage><FeatureCode>F400067665</FeatureCode><FeatureReferenceName>Flicker-free technology</FeatureReferenceName><FeatureImageRank>7</FeatureImageRank></FeatureImage><FeatureImage><FeatureCode>F400078929</FeatureCode><FeatureReferenceName>LowBlue Mode</FeatureReferenceName><FeatureImageRank>8</FeatureImageRank></FeatureImage><FeatureImage><FeatureCode>F400061605</FeatureCode><FeatureReferenceName>Eco-friendly materials meet major international standards</FeatureReferenceName><FeatureImageRank>9</FeatureImageRank></FeatureImage><FeatureHighlight><FeatureCode>F400064846</FeatureCode><FeatureReferenceName>UltraClear 4K UHD (3840x2160) resolution for precision</FeatureReferenceName><FeatureHighlightRank>1</FeatureHighlightRank></FeatureHighlight><FeatureHighlight><FeatureCode>F400057965</FeatureCode><FeatureReferenceName>IPS technology_M5 (none Pivot)</FeatureReferenceName><FeatureHighlightRank>2</FeatureHighlightRank></FeatureHighlight><FeatureHighlight><FeatureCode>F400068330</FeatureCode><FeatureReferenceName>10-bit colors</FeatureReferenceName><FeatureHighlightRank>3</FeatureHighlightRank></FeatureHighlight><FeatureHighlight><FeatureCode>F400079049</FeatureCode><FeatureReferenceName>UltraNarrow Border_3 sides frameless</FeatureReferenceName><FeatureHighlightRank>4</FeatureHighlightRank></FeatureHighlight><FeatureHighlight><FeatureCode>F400048347</FeatureCode><FeatureReferenceName>MultiView technology</FeatureReferenceName><FeatureHighlightRank>5</FeatureHighlightRank></FeatureHighlight><FeatureHighlight><FeatureCode>F400027327</FeatureCode><FeatureReferenceName>HDMI Ready(entertainment)</FeatureReferenceName><FeatureHighlightRank>6</FeatureHighlightRank></FeatureHighlight><FeatureHighlight><FeatureCode>F400067665</FeatureCode><FeatureReferenceName>Flicker-free technology</FeatureReferenceName><FeatureHighlightRank>7</FeatureHighlightRank></FeatureHighlight><FeatureHighlight><FeatureCode>F400078929</FeatureCode><FeatureReferenceName>LowBlue Mode</FeatureReferenceName><FeatureHighlightRank>8</FeatureHighlightRank></FeatureHighlight><FeatureHighlight><FeatureCode>F400061605</FeatureCode><FeatureReferenceName>Eco-friendly materials meet major international standards</FeatureReferenceName><FeatureHighlightRank>9</FeatureHighlightRank></FeatureHighlight><CSChapter><CSChapterCode>3000796</CSChapterCode><CSChapterName>Bild/Anzeige</CSChapterName><CSChapterRank>2</CSChapterRank><CSItem><CSItemCode>3006169</CSItemCode><CSItemName>LCD-Displaytyp</CSItemName><CSItemRank>1</CSItemRank><CSItemIsFreeFormat>0</CSItemIsFreeFormat><CSValue><CSValueCode>VA4095423</CSValueCode><CSValueName>IPS-Technologie</CSValueName><CSValueRank>1</CSValueRank></CSValue></CSItem><CSItem><CSItemCode>IT4007209</CSItemCode><CSItemName>Art der Hintergrundbeleuchtung</CSItemName><CSItemRank>2</CSItemRank><CSItemIsFreeFormat>1</CSItemIsFreeFormat><CSValue><CSValueCode>VA4018797</CSValueCode><CSValueName>W-LED-System</CSValueName><CSValueRank>1</CSValueRank></CSValue></CSItem><CSItem><CSItemCode>3006180</CSItemCode><CSItemName>Größe des Displays</CSItemName><CSItemRank>3</CSItemRank><CSItemIsFreeFormat>1</CSItemIsFreeFormat><CSValue><CSValueCode>3031218</CSValueCode><CSValueName>68,6 cm (27")</CSValueName><CSValueRank>1</CSValueRank></CSValue></CSItem><CSItem><CSItemCode>IT4044130</CSItemCode><CSItemName>Bildschirmbeschichtung</CSItemName><CSItemRank>4</CSItemRank><CSItemIsFreeFormat>1</CSItemIsFreeFormat><CSValue><CSValueCode>VA4101537</CSValueCode><CSValueName>Blendfrei, 3 H, Glanzschleier 25 %</CSValueName><CSValueRank>1</CSValueRank></CSValue></CSItem><CSItem><CSItemCode>3006149</CSItemCode><CSItemName>Effektive Bildfläche</CSItemName><CSItemRank>5</CSItemRank><CSItemIsFreeFormat>1</CSItemIsFreeFormat><CSValue><CSValueCode>3031161</CSValueCode><CSValueName>596,74 (H) x 335,66 (V)</CSValueName><CSValueRank>1</CSValueRank></CSValue></CSItem><CSItem><CSItemCode>3006121</CSItemCode><CSItemName>Bildformat</CSItemName><CSItemRank>6</CSItemRank><CSItemIsFreeFormat>0</CSItemIsFreeFormat><CSValue><CSValueCode>3031098</CSValueCode><CSValueName>16:9</CSValueName><CSValueRank>1</CSValueRank></CSValue></CSItem><CSItem><CSItemCode>3006193</CSItemCode><CSItemName>Optimale Auflösung</CSItemName><CSItemRank>7</CSItemRank><CSItemIsFreeFormat>1</CSItemIsFreeFormat><CSValue><CSValueCode>3031277</CSValueCode><CSValueName>3.840 x 2.160 bei 60 Hz</CSValueName><CSValueRank>1</CSValueRank></CSValue></CSItem><CSItem><CSItemCode>IT4041772</CSItemCode><CSItemName>Pixeldichte</CSItemName><CSItemRank>8</CSItemRank><CSItemIsFreeFormat>1</CSItemIsFreeFormat><CSValue><CSValueCode>VA4096901</CSValueCode><CSValueName>163 PPI</CSValueName><CSValueRank>1</CSValueRank></CSValue></CSItem><CSItem><CSItemCode>IT4039893</CSItemCode><CSItemName>Reaktionszeit (normal)</CSItemName><CSItemRank>9</CSItemRank><CSItemIsFreeFormat>1</CSItemIsFreeFormat><CSValue><CSValueCode>VA4093235</CSValueCode><CSValueName>5 ms (Grau zu Grau)*</CSValueName><CSValueRank>1</CSValueRank></CSValue></CSItem><CSItem><CSItemCode>3006127</CSItemCode><CSItemName>Helligkeit</CSItemName><CSItemRank>10</CSItemRank><CSItemIsFreeFormat>1</CSItemIsFreeFormat><CSValue><CSValueCode>3031110</CSValueCode><CSValueName>350</CSValueName><CSValueRank>1</CSValueRank></CSValue><UnitOfMeasure><UnitOfMeasureCode>3000038</UnitOfMeasureCode><UnitOfMeasureName>Candela pro Quadratmeter</UnitOfMeasureName><UnitOfMeasureSymbol>cd/m²</UnitOfMeasureSymbol></UnitOfMeasure></CSItem><CSItem><CSItemCode>3006133</CSItemCode><CSItemName>Kontrastverhältnis (normal)</CSItemName><CSItemRank>11</CSItemRank><CSItemIsFreeFormat>1</CSItemIsFreeFormat><CSValue><CSValueCode>3031116</CSValueCode><CSValueName>1.000:1</CSValueName><CSValueRank>1</CSValueRank></CSValue></CSItem><CSItem><CSItemCode>IT4006148</CSItemCode><CSItemName>SmartContrast</CSItemName><CSItemRank>12</CSItemRank><CSItemIsFreeFormat>1</CSItemIsFreeFormat><CSValue><CSValueCode>VA4017351</CSValueCode><CSValueName>20.000.000:1</CSValueName><CSValueRank>1</CSValueRank></CSValue></CSItem><CSItem><CSItemCode>3006186</CSItemCode><CSItemName>Pixelabstand</CSItemName><CSItemRank>13</CSItemRank><CSItemIsFreeFormat>1</CSItemIsFreeFormat><CSValue><CSValueCode>3031270</CSValueCode><CSValueName>0,155 x 0,155 mm</CSValueName><CSValueRank>1</CSValueRank></CSValue></CSItem><CSItem><CSItemCode>3007518</CSItemCode><CSItemName>Betrachtungswinkel</CSItemName><CSItemRank>14</CSItemRank><CSItemIsFreeFormat>0</CSItemIsFreeFormat><CSValue><CSValueCode>VA4002901</CSValueCode><CSValueName>178º (H)/178º (V)</CSValueName><CSValueRank>1</CSValueRank></CSValue><CSValue><CSValueCode>3035028</CSValueCode><CSValueName>bei C/R &gt; 10</CSValueName><CSValueRank>2</CSValueRank></CSValue></CSItem><CSItem><CSItemCode>IT4036934</CSItemCode><CSItemName>Flimmerfrei</CSItemName><CSItemRank>15</CSItemRank><CSItemIsFreeFormat>1</CSItemIsFreeFormat><CSValue><CSValueCode>VA4085801</CSValueCode><CSValueName>Ja</CSValueName><CSValueRank>1</CSValueRank></CSValue></CSItem><CSItem><CSItemCode>3006183</CSItemCode><CSItemName>Bildoptimierung</CSItemName><CSItemRank>16</CSItemRank><CSItemIsFreeFormat>0</CSItemIsFreeFormat><CSValue><CSValueCode>VA4058761</CSValueCode><CSValueName>SmartImage Spiel</CSValueName><CSValueRank>1</CSValueRank></CSValue></CSItem><CSItem><CSItemCode>3006143</CSItemCode><CSItemName>Display-Farben</CSItemName><CSItemRank>17</CSItemRank><CSItemIsFreeFormat>1</CSItemIsFreeFormat><CSValue><CSValueCode>3031126</CSValueCode><CSValueName>Farbdarstellung: 1,07 Milliarden Farben</CSValueName><CSValueRank>1</CSValueRank></CSValue></CSItem><CSItem><CSItemCode>IT4006149</CSItemCode><CSItemName>Abtastfrequenz</CSItemName><CSItemRank>18</CSItemRank><CSItemIsFreeFormat>1</CSItemIsFreeFormat><CSValue><CSValueCode>VA4017352</CSValueCode><CSValueName>30 bis 83 kHz (H)/59 bis 61 Hz (V)</CSValueName><CSValueRank>1</CSValueRank></CSValue></CSItem><CSItem><CSItemCode>IT4042826</CSItemCode><CSItemName>LowBlue-Modus</CSItemName><CSItemRank>19</CSItemRank><CSItemIsFreeFormat>1</CSItemIsFreeFormat><CSValue><CSValueCode>VA4098941</CSValueCode><CSValueName>Ja</CSValueName><CSValueRank>1</CSValueRank></CSValue></CSItem><CSItem><CSItemCode>3006207</CSItemCode><CSItemName>sRGB</CSItemName><CSItemRank>20</CSItemRank><CSItemIsFreeFormat>1</CSItemIsFreeFormat><CSValue><CSValueCode>3031306</CSValueCode><CSValueName>Ja</CSValueName><CSValueRank>1</CSValueRank></CSValue></CSItem></CSChapter><CSChapter><CSChapterCode>3000813</CSChapterCode><CSChapterName>Anschlüsse</CSChapterName><CSChapterRank>3</CSChapterRank><CSItem><CSItemCode>3006576</CSItemCode><CSItemName>Signal-Eingang</CSItemName><CSItemRank>1</CSItemRank><CSItemIsFreeFormat>0</CSItemIsFreeFormat><CSValue><CSValueCode>VA4056148</CSValueCode><CSValueName>DisplayPort 1.2</CSValueName><CSValueRank>1</CSValueRank></CSValue><CSValue><CSValueCode>VA4101567</CSValueCode><CSValueName>HDMI 2.0 x 2</CSValueName><CSValueRank>2</CSValueRank></CSValue></CSItem><CSItem><CSItemCode>3006588</CSItemCode><CSItemName>Synchronisationseingang</CSItemName><CSItemRank>2</CSItemRank><CSItemIsFreeFormat>0</CSItemIsFreeFormat><CSValue><CSValueCode>3032392</CSValueCode><CSValueName>Separate Synchronisation</CSValueName><CSValueRank>1</CSValueRank></CSValue><CSValue><CSValueCode>3032393</CSValueCode><CSValueName>Synchronisation auf Grün</CSValueName><CSValueRank>2</CSValueRank></CSValue></CSItem><CSItem><CSItemCode>IT4005621</CSItemCode><CSItemName>Audio-Ein-/Ausgang</CSItemName><CSItemRank>3</CSItemRank><CSItemIsFreeFormat>0</CSItemIsFreeFormat><CSValue><CSValueCode>VA4033327</CSValueCode><CSValueName>HDMI-Audio-Ausgang</CSValueName><CSValueRank>1</CSValueRank></CSValue></CSItem></CSChapter><CSChapter><CSChapterCode>3000814</CSChapterCode><CSChapterName>Komfort</CSChapterName><CSChapterRank>4</CSChapterRank><CSItem><CSItemCode>IT4027495</CSItemCode><CSItemName>MultiView</CSItemName><CSItemRank>1</CSItemRank><CSItemIsFreeFormat>0</CSItemIsFreeFormat><CSValue><CSValueCode>VA4064597</CSValueCode><CSValueName>PIP/PBP-Modus</CSValueName><CSValueRank>1</CSValueRank></CSValue><CSValue><CSValueCode>VA4064598</CSValueCode><CSValueName>2 x Geräte</CSValueName><CSValueRank>2</CSValueRank></CSValue></CSItem><CSItem><CSItemCode>3006633</CSItemCode><CSItemName>Benutzerkomfort</CSItemName><CSItemRank>2</CSItemRank><CSItemIsFreeFormat>0</CSItemIsFreeFormat><CSValue><CSValueCode>VA4017554</CSValueCode><CSValueName>Ein-/Ausschalter</CSValueName><CSValueRank>1</CSValueRank></CSValue><CSValue><CSValueCode>VA4017357</CSValueCode><CSValueName>Menü</CSValueName><CSValueRank>2</CSValueRank></CSValue><CSValue><CSValueCode>VA4017356</CSValueCode><CSValueName>Helligkeit</CSValueName><CSValueRank>3</CSValueRank></CSValue><CSValue><CSValueCode>VA4017358</CSValueCode><CSValueName>Input</CSValueName><CSValueRank>4</CSValueRank></CSValue><CSValue><CSValueCode>VA4101731</CSValueCode><CSValueName>SmartImage Spiel</CSValueName><CSValueRank>5</CSValueRank></CSValue></CSItem><CSItem><CSItemCode>3006693</CSItemCode><CSItemName>OSD-Sprachen (Bildschirmanzeige)</CSItemName><CSItemRank>3</CSItemRank><CSItemIsFreeFormat>0</CSItemIsFreeFormat><CSValue><CSValueCode>VA4065363</CSValueCode><CSValueName>Portugiesisch (Brasilien)</CSValueName><CSValueRank>1</CSValueRank></CSValue><CSValue><CSValueCode>3034561</CSValueCode><CSValueName>Tschechische Republik</CSValueName><CSValueRank>2</CSValueRank></CSValue><CSValue><CSValueCode>3034565</CSValueCode><CSValueName>Niederländ.</CSValueName><CSValueRank>3</CSValueRank></CSValue><CSValue><CSValueCode>3032771</CSValueCode><CSValueName>Englisch</CSValueName><CSValueRank>4</CSValueRank></CSValue><CSValue><CSValueCode>VA4063224</CSValueCode><CSValueName>Finnisch</CSValueName><CSValueRank>5</CSValueRank></CSValue><CSValue><CSValueCode>3032772</CSValueCode><CSValueName>Französisch</CSValueName><CSValueRank>6</CSValueRank></CSValue><CSValue><CSValueCode>3032773</CSValueCode><CSValueName>Deutsch</CSValueName><CSValueRank>7</CSValueRank></CSValue><CSValue><CSValueCode>VA4002508</CSValueCode><CSValueName>Griechisch</CSValueName><CSValueRank>8</CSValueRank></CSValue><CSValue><CSValueCode>3034563</CSValueCode><CSValueName>Ungarisch</CSValueName><CSValueRank>9</CSValueRank></CSValue><CSValue><CSValueCode>3032774</CSValueCode><CSValueName>Italienisch</CSValueName><CSValueRank>10</CSValueRank></CSValue><CSValue><CSValueCode>3038221</CSValueCode><CSValueName>Japanisch</CSValueName><CSValueRank>11</CSValueRank></CSValue><CSValue><CSValueCode>3039946</CSValueCode><CSValueName>Koreanisch</CSValueName><CSValueRank>12</CSValueRank></CSValue><CSValue><CSValueCode>3034564</CSValueCode><CSValueName>Polish</CSValueName><CSValueRank>13</CSValueRank></CSValue><CSValue><CSValueCode>3032775</CSValueCode><CSValueName>Portugiesisch</CSValueName><CSValueRank>14</CSValueRank></CSValue><CSValue><CSValueCode>3032776</CSValueCode><CSValueName>Russisch</CSValueName><CSValueRank>15</CSValueRank></CSValue><CSValue><CSValueCode>3034114</CSValueCode><CSValueName>Chinesisch</CSValueName><CSValueRank>16</CSValueRank></CSValue><CSValue><CSValueCode>3032777</CSValueCode><CSValueName>Spanisch</CSValueName><CSValueRank>17</CSValueRank></CSValue><CSValue><CSValueCode>3034562</CSValueCode><CSValueName>Schwedisch</CSValueName><CSValueRank>18</CSValueRank></CSValue><CSValue><CSValueCode>3034115</CSValueCode><CSValueName>Chinesisch (traditionell)</CSValueName><CSValueRank>19</CSValueRank></CSValue><CSValue><CSValueCode>3035749</CSValueCode><CSValueName>Türkisch</CSValueName><CSValueRank>20</CSValueRank></CSValue><CSValue><CSValueCode>VA4065364</CSValueCode><CSValueName>Ukrainisch</CSValueName><CSValueRank>21</CSValueRank></CSValue></CSItem><CSItem><CSItemCode>3006694</CSItemCode><CSItemName>Weiterer Komfort</CSItemName><CSItemRank>4</CSItemRank><CSItemIsFreeFormat>0</CSItemIsFreeFormat><CSValue><CSValueCode>3032778</CSValueCode><CSValueName>Kensington-Sicherung</CSValueName><CSValueRank>1</CSValueRank></CSValue></CSItem><CSItem><CSItemCode>3006699</CSItemCode><CSItemName>Plug &amp; Play-Kompatibilität</CSItemName><CSItemRank>5</CSItemRank><CSItemIsFreeFormat>0</CSItemIsFreeFormat><CSValue><CSValueCode>3043209</CSValueCode><CSValueName>DDC/CI</CSValueName><CSValueRank>1</CSValueRank></CSValue><CSValue><CSValueCode>3046249</CSValueCode><CSValueName>Mac OS X</CSValueName><CSValueRank>2</CSValueRank></CSValue><CSValue><CSValueCode>3032788</CSValueCode><CSValueName>sRGB</CSValueName><CSValueRank>3</CSValueRank></CSValue><CSValue><CSValueCode>VA4091311</CSValueCode><CSValueName>Windows 10/8.1/8/7</CSValueName><CSValueRank>4</CSValueRank></CSValue></CSItem></CSChapter><CSChapter><CSChapterCode>CH4000824</CSChapterCode><CSChapterName>Standfuß</CSChapterName><CSChapterRank>5</CSChapterRank><CSItem><CSItemCode>IT4004954</CSItemCode><CSItemName>Neigung</CSItemName><CSItemRank>1</CSItemRank><CSItemIsFreeFormat>1</CSItemIsFreeFormat><CSValue><CSValueCode>VA4015659</CSValueCode><CSValueName>-5/20</CSValueName><CSValueRank>1</CSValueRank></CSValue><UnitOfMeasure><UnitOfMeasureCode>3000042</UnitOfMeasureCode><UnitOfMeasureName>Grad</UnitOfMeasureName><UnitOfMeasureSymbol>Grad</UnitOfMeasureSymbol></UnitOfMeasure></CSItem></CSChapter><CSChapter><CSChapterCode>3000821</CSChapterCode><CSChapterName>Leistung</CSChapterName><CSChapterRank>6</CSChapterRank><CSItem><CSItemCode>IT4005861</CSItemCode><CSItemName>Eingeschaltet</CSItemName><CSItemRank>1</CSItemRank><CSItemIsFreeFormat>1</CSItemIsFreeFormat><CSValue><CSValueCode>VA4017025</CSValueCode><CSValueName>19,9 W (norm.) (Testmethode EnergyStar 7.0)</CSValueName><CSValueRank>1</CSValueRank></CSValue></CSItem><CSItem><CSItemCode>IT4006150</CSItemCode><CSItemName>Standby-Modus</CSItemName><CSItemRank>2</CSItemRank><CSItemIsFreeFormat>1</CSItemIsFreeFormat><CSValue><CSValueCode>VA4017360</CSValueCode><CSValueName>&lt; 0,5 W (norm.)</CSValueName><CSValueRank>1</CSValueRank></CSValue></CSItem><CSItem><CSItemCode>IT4006081</CSItemCode><CSItemName>Ausgeschaltet</CSItemName><CSItemRank>3</CSItemRank><CSItemIsFreeFormat>1</CSItemIsFreeFormat><CSValue><CSValueCode>VA4017285</CSValueCode><CSValueName>&lt; 0,3 W (norm.)</CSValueName><CSValueRank>1</CSValueRank></CSValue></CSItem><CSItem><CSItemCode>IT4015354</CSItemCode><CSItemName>Energieeffizienzklasse</CSItemName><CSItemRank>4</CSItemRank><CSItemIsFreeFormat>0</CSItemIsFreeFormat><CSValue><CSValueCode>VA4030806</CSValueCode><CSValueName>B</CSValueName><CSValueRank>1</CSValueRank></CSValue></CSItem><CSItem><CSItemCode>3006931</CSItemCode><CSItemName>Leistungs-LED-Anzeige</CSItemName><CSItemRank>5</CSItemRank><CSItemIsFreeFormat>0</CSItemIsFreeFormat><CSValue><CSValueCode>VA4015465</CSValueCode><CSValueName>Betrieb – Weiß</CSValueName><CSValueRank>1</CSValueRank></CSValue><CSValue><CSValueCode>VA4017406</CSValueCode><CSValueName>Standby-Modus – Weiß (blinkend)</CSValueName><CSValueRank>2</CSValueRank></CSValue></CSItem><CSItem><CSItemCode>3006932</CSItemCode><CSItemName>Stromversorgung</CSItemName><CSItemRank>6</CSItemRank><CSItemIsFreeFormat>0</CSItemIsFreeFormat><CSValue><CSValueCode>3033322</CSValueCode><CSValueName>Extern</CSValueName><CSValueRank>1</CSValueRank></CSValue><CSValue><CSValueCode>VA4050622</CSValueCode><CSValueName>100 bis 240 V AC, 50 bis 60 Hz</CSValueName><CSValueRank>2</CSValueRank></CSValue></CSItem></CSChapter><CSChapter><CSChapterCode>3000820</CSChapterCode><CSChapterName>Abmessungen</CSChapterName><CSChapterRank>7</CSChapterRank><CSItem><CSItemCode>IT4005764</CSItemCode><CSItemName>Produkt mit Standfuß (in mm)</CSItemName><CSItemRank>1</CSItemRank><CSItemIsFreeFormat>1</CSItemIsFreeFormat><CSValue><CSValueCode>VA4016930</CSValueCode><CSValueName>613 x 466 x 189</CSValueName><CSValueRank>1</CSValueRank></CSValue><UnitOfMeasure><UnitOfMeasureCode>3000058</UnitOfMeasureCode><UnitOfMeasureName>Millimeter</UnitOfMeasureName><UnitOfMeasureSymbol>mm</UnitOfMeasureSymbol></UnitOfMeasure></CSItem><CSItem><CSItemCode>IT4005765</CSItemCode><CSItemName>Produkt ohne Standfuß (in mm)</CSItemName><CSItemRank>2</CSItemRank><CSItemIsFreeFormat>1</CSItemIsFreeFormat><CSValue><CSValueCode>VA4016931</CSValueCode><CSValueName>613 x 374 x 41</CSValueName><CSValueRank>1</CSValueRank></CSValue><UnitOfMeasure><UnitOfMeasureCode>3000058</UnitOfMeasureCode><UnitOfMeasureName>Millimeter</UnitOfMeasureName><UnitOfMeasureSymbol>mm</UnitOfMeasureSymbol></UnitOfMeasure></CSItem><CSItem><CSItemCode>IT4005766</CSItemCode><CSItemName>Verpackung in mm (B x H x T)</CSItemName><CSItemRank>3</CSItemRank><CSItemIsFreeFormat>1</CSItemIsFreeFormat><CSValue><CSValueCode>VA4016932</CSValueCode><CSValueName>660 x 523 x 135</CSValueName><CSValueRank>1</CSValueRank></CSValue><UnitOfMeasure><UnitOfMeasureCode>3000058</UnitOfMeasureCode><UnitOfMeasureName>Millimeter</UnitOfMeasureName><UnitOfMeasureSymbol>mm</UnitOfMeasureSymbol></UnitOfMeasure></CSItem></CSChapter><CSChapter><CSChapterCode>CH4000702</CSChapterCode><CSChapterName>Gewicht</CSChapterName><CSChapterRank>8</CSChapterRank><CSItem><CSItemCode>IT4005770</CSItemCode><CSItemName>Produkt mit Standfuß (in kg)</CSItemName><CSItemRank>1</CSItemRank><CSItemIsFreeFormat>1</CSItemIsFreeFormat><CSValue><CSValueCode>VA4016936</CSValueCode><CSValueName>4,84</CSValueName><CSValueRank>1</CSValueRank></CSValue><UnitOfMeasure><UnitOfMeasureCode>3000049</UnitOfMeasureCode><UnitOfMeasureName>Kilogramm</UnitOfMeasureName><UnitOfMeasureSymbol>kg</UnitOfMeasureSymbol></UnitOfMeasure></CSItem><CSItem><CSItemCode>IT4005771</CSItemCode><CSItemName>Produkt ohne Standfuß (in kg)</CSItemName><CSItemRank>2</CSItemRank><CSItemIsFreeFormat>1</CSItemIsFreeFormat><CSValue><CSValueCode>VA4016937</CSValueCode><CSValueName>4,23</CSValueName><CSValueRank>1</CSValueRank></CSValue><UnitOfMeasure><UnitOfMeasureCode>3000049</UnitOfMeasureCode><UnitOfMeasureName>Kilogramm</UnitOfMeasureName><UnitOfMeasureSymbol>kg</UnitOfMeasureSymbol></UnitOfMeasure></CSItem><CSItem><CSItemCode>IT4005772</CSItemCode><CSItemName>Produkt mit Verpackung (in kg)</CSItemName><CSItemRank>3</CSItemRank><CSItemIsFreeFormat>1</CSItemIsFreeFormat><CSValue><CSValueCode>VA4016938</CSValueCode><CSValueName>6,53</CSValueName><CSValueRank>1</CSValueRank></CSValue><UnitOfMeasure><UnitOfMeasureCode>3000049</UnitOfMeasureCode><UnitOfMeasureName>Kilogramm</UnitOfMeasureName><UnitOfMeasureSymbol>kg</UnitOfMeasureSymbol></UnitOfMeasure></CSItem></CSChapter><CSChapter><CSChapterCode>CH4000823</CSChapterCode><CSChapterName>Betriebsbedingungen</CSChapterName><CSChapterRank>9</CSChapterRank><CSItem><CSItemCode>IT4004946</CSItemCode><CSItemName>Temperaturbereich (in Betrieb)</CSItemName><CSItemRank>1</CSItemRank><CSItemIsFreeFormat>1</CSItemIsFreeFormat><CSValue><CSValueCode>VA4015651</CSValueCode><CSValueName>0 bis 40</CSValueName><CSValueRank>1</CSValueRank></CSValue><UnitOfMeasure><UnitOfMeasureCode>3000081</UnitOfMeasureCode><UnitOfMeasureName>Grad Celsius</UnitOfMeasureName><UnitOfMeasureSymbol>°C</UnitOfMeasureSymbol></UnitOfMeasure></CSItem><CSItem><CSItemCode>IT4004947</CSItemCode><CSItemName>Temperaturbereich (außer Betrieb)</CSItemName><CSItemRank>2</CSItemRank><CSItemIsFreeFormat>1</CSItemIsFreeFormat><CSValue><CSValueCode>VA4015652</CSValueCode><CSValueName>-20 bis 60</CSValueName><CSValueRank>1</CSValueRank></CSValue><UnitOfMeasure><UnitOfMeasureCode>3000081</UnitOfMeasureCode><UnitOfMeasureName>Grad Celsius</UnitOfMeasureName><UnitOfMeasureSymbol>°C</UnitOfMeasureSymbol></UnitOfMeasure></CSItem><CSItem><CSItemCode>IT4004948</CSItemCode><CSItemName>Relative Luftfeuchtigkeit</CSItemName><CSItemRank>3</CSItemRank><CSItemIsFreeFormat>1</CSItemIsFreeFormat><CSValue><CSValueCode>VA4015653</CSValueCode><CSValueName>20 % bis 80 %</CSValueName><CSValueRank>1</CSValueRank></CSValue><UnitOfMeasure><UnitOfMeasureCode>3000065</UnitOfMeasureCode><UnitOfMeasureName>Prozent</UnitOfMeasureName><UnitOfMeasureSymbol>%</UnitOfMeasureSymbol></UnitOfMeasure></CSItem><CSItem><CSItemCode>IT4023612</CSItemCode><CSItemName>Höhenlage</CSItemName><CSItemRank>4</CSItemRank><CSItemIsFreeFormat>1</CSItemIsFreeFormat><CSValue><CSValueCode>VA4054761</CSValueCode><CSValueName>Betrieb: 3.658 m, außer Betrieb: 12.192 m</CSValueName><CSValueRank>1</CSValueRank></CSValue></CSItem><CSItem><CSItemCode>IT4004949</CSItemCode><CSItemName>MTBF</CSItemName><CSItemRank>5</CSItemRank><CSItemIsFreeFormat>1</CSItemIsFreeFormat><CSValue><CSValueCode>VA4015654</CSValueCode><CSValueName>50.000 Stunden (ohne Hintergrundbeleuchtung)</CSValueName><CSValueRank>1</CSValueRank></CSValue><UnitOfMeasure><UnitOfMeasureCode>4000007</UnitOfMeasureCode><UnitOfMeasureName>Stunde</UnitOfMeasureName><UnitOfMeasureSymbol>Stunde(n)</UnitOfMeasureSymbol></UnitOfMeasure></CSItem></CSChapter><CSChapter><CSChapterCode>CH4000822</CSChapterCode><CSChapterName>Nachhaltigkeit</CSChapterName><CSChapterRank>10</CSChapterRank><CSItem><CSItemCode>IT4004941</CSItemCode><CSItemName>Umweltschutz und Energie</CSItemName><CSItemRank>1</CSItemRank><CSItemIsFreeFormat>0</CSItemIsFreeFormat><CSValue><CSValueCode>VA4094404</CSValueCode><CSValueName>EnergyStar 7.0</CSValueName><CSValueRank>1</CSValueRank></CSValue><CSValue><CSValueCode>VA4015646</CSValueCode><CSValueName>EPEAT Silber</CSValueName><CSValueRank>2</CSValueRank></CSValue><CSValue><CSValueCode>VA4015645</CSValueCode><CSValueName>RoHS</CSValueName><CSValueRank>3</CSValueRank></CSValue><CSValue><CSValueCode>VA4033721</CSValueCode><CSValueName>Bleifrei</CSValueName><CSValueRank>4</CSValueRank></CSValue><CSValue><CSValueCode>VA4033722</CSValueCode><CSValueName>Frei von Quecksilber</CSValueName><CSValueRank>5</CSValueRank></CSValue><CSValue><CSValueCode>VA4102696</CSValueCode><CSValueName>TCO-zertifiziert</CSValueName><CSValueRank>6</CSValueRank></CSValue><CSValue><CSValueCode>VA4017527</CSValueCode><CSValueName>WEEE</CSValueName><CSValueRank>7</CSValueRank></CSValue></CSItem><CSItem><CSItemCode>IT4004944</CSItemCode><CSItemName>Recycelbares Verpackungsmaterial</CSItemName><CSItemRank>2</CSItemRank><CSItemIsFreeFormat>1</CSItemIsFreeFormat><CSValue><CSValueCode>VA4015649</CSValueCode><CSValueName>100</CSValueName><CSValueRank>1</CSValueRank></CSValue><UnitOfMeasure><UnitOfMeasureCode>3000065</UnitOfMeasureCode><UnitOfMeasureName>Prozent</UnitOfMeasureName><UnitOfMeasureSymbol>%</UnitOfMeasureSymbol></UnitOfMeasure></CSItem></CSChapter><CSChapter><CSChapterCode>CH4001161</CSChapterCode><CSChapterName>Kompatibilität und Standards</CSChapterName><CSChapterRank>11</CSChapterRank><CSItem><CSItemCode>IT4006152</CSItemCode><CSItemName>Behördliche Zulassung</CSItemName><CSItemRank>1</CSItemRank><CSItemIsFreeFormat>0</CSItemIsFreeFormat><CSValue><CSValueCode>VA4017361</CSValueCode><CSValueName>CE-Zeichen</CSValueName><CSValueRank>1</CSValueRank></CSValue><CSValue><CSValueCode>VA4027482</CSValueCode><CSValueName>FCC Klasse B</CSValueName><CSValueRank>2</CSValueRank></CSValue><CSValue><CSValueCode>VA4083906</CSValueCode><CSValueName>CU-EAC</CSValueName><CSValueRank>3</CSValueRank></CSValue><CSValue><CSValueCode>VA4050621</CSValueCode><CSValueName>TÜV/ISO9241-307</CSValueName><CSValueRank>4</CSValueRank></CSValue><CSValue><CSValueCode>VA4090213</CSValueCode><CSValueName>RCM</CSValueName><CSValueRank>5</CSValueRank></CSValue><CSValue><CSValueCode>VA4017528</CSValueCode><CSValueName>BSMI</CSValueName><CSValueRank>6</CSValueRank></CSValue><CSValue><CSValueCode>VA4054941</CSValueCode><CSValueName>EPA</CSValueName><CSValueRank>7</CSValueRank></CSValue><CSValue><CSValueCode>VA4017364</CSValueCode><CSValueName>CCC</CSValueName><CSValueRank>8</CSValueRank></CSValue><CSValue><CSValueCode>VA4017548</CSValueCode><CSValueName>CECP</CSValueName><CSValueRank>9</CSValueRank></CSValue><CSValue><CSValueCode>VA4083904</CSValueCode><CSValueName>VCCI</CSValueName><CSValueRank>10</CSValueRank></CSValue><CSValue><CSValueCode>VA4083905</CSValueCode><CSValueName>ICES-003</CSValueName><CSValueRank>11</CSValueRank></CSValue><CSValue><CSValueCode>VA4064941</CSValueCode><CSValueName>cETLus</CSValueName><CSValueRank>12</CSValueRank></CSValue><CSValue><CSValueCode>VA4084844</CSValueCode><CSValueName>MEPS</CSValueName><CSValueRank>13</CSValueRank></CSValue><CSValue><CSValueCode>VA4054950</CSValueCode><CSValueName>CEL</CSValueName><CSValueRank>14</CSValueRank></CSValue></CSItem></CSChapter><CSChapter><CSChapterCode>CH4000825</CSChapterCode><CSChapterName>Gehäuse</CSChapterName><CSChapterRank>12</CSChapterRank><CSItem><CSItemCode>IT4004955</CSItemCode><CSItemName>Farbe</CSItemName><CSItemRank>1</CSItemRank><CSItemIsFreeFormat>1</CSItemIsFreeFormat><CSValue><CSValueCode>VA4015660</CSValueCode><CSValueName>Schwarz/Metallisch</CSValueName><CSValueRank>1</CSValueRank></CSValue></CSItem><CSItem><CSItemCode>IT4004956</CSItemCode><CSItemName>Abschließen</CSItemName><CSItemRank>2</CSItemRank><CSItemIsFreeFormat>1</CSItemIsFreeFormat><CSValue><CSValueCode>VA4015661</CSValueCode><CSValueName>Hochglanz</CSValueName><CSValueRank>1</CSValueRank></CSValue></CSItem></CSChapter><CSChapter><CSChapterCode>CH4008581</CSChapterCode><CSChapterName>Lieferumfang</CSChapterName><CSChapterRank>14</CSChapterRank><CSItem><CSItemCode>IT4040999</CSItemCode><CSItemName>Monitor mit Standfuß</CSItemName><CSItemRank>1</CSItemRank><CSItemIsFreeFormat>1</CSItemIsFreeFormat><CSValue><CSValueCode>VA4095569</CSValueCode><CSValueName>Ja</CSValueName><CSValueRank>1</CSValueRank></CSValue></CSItem><CSItem><CSItemCode>IT4041000</CSItemCode><CSItemName>Kabel</CSItemName><CSItemRank>2</CSItemRank><CSItemIsFreeFormat>1</CSItemIsFreeFormat><CSValue><CSValueCode>VA4095570</CSValueCode><CSValueName>HDMI-Kabel, Netzkabel</CSValueName><CSValueRank>1</CSValueRank></CSValue></CSItem><CSItem><CSItemCode>IT4041030</CSItemCode><CSItemName>Benutzerdokumentation</CSItemName><CSItemRank>3</CSItemRank><CSItemIsFreeFormat>1</CSItemIsFreeFormat><CSValue><CSValueCode>VA4095604</CSValueCode><CSValueName>Ja</CSValueName><CSValueRank>1</CSValueRank></CSValue></CSItem></CSChapter><Filters><Purpose type="Comparison"><Features><Feature code="F400064846" rank="1" referenceName="UltraClear 4K UHD (3840x2160) resolution for precision"/><Feature code="F400057965" rank="2" referenceName="IPS technology_M5 (none Pivot)"/><Feature code="F400068330" rank="3" referenceName="10-bit colors"/><Feature code="F400079049" rank="4" referenceName="UltraNarrow Border_3 sides frameless"/><Feature code="F400048347" rank="5" referenceName="MultiView technology"/><Feature code="F400027327" rank="6" referenceName="HDMI Ready(entertainment)"/><Feature code="F400067665" rank="7" referenceName="Flicker-free technology"/><Feature code="F400078929" rank="8" referenceName="LowBlue Mode"/><Feature code="F400061605" rank="9" referenceName="Eco-friendly materials meet major international standards"/><Feature code="F400044227" rank="10" referenceName="Low power consumption saves energy bills"/><Feature code="F400032210" rank="11" referenceName="Elegant, slim design complements your home decor"/></Features><CSItems><CSItem code="3006169" rank="1" referenceName="Bild/Anzeige - LCD-Displaytyp"/><CSItem code="3006576" rank="1" referenceName="Anschlüsse - Signal-Eingang"/><CSItem code="IT4027495" rank="1" referenceName="Komfort - MultiView"/><CSItem code="IT4004954" rank="1" referenceName="Standfuß - Neigung"/><CSItem code="IT4005861" rank="1" referenceName="Leistung - Eingeschaltet"/><CSItem code="IT4005764" rank="1" referenceName="Abmessungen - Produkt mit Standfuß (in mm)"/><CSItem code="IT4005770" rank="1" referenceName="Gewicht - Produkt mit Standfuß (in kg)"/><CSItem code="IT4004946" rank="1" referenceName="Betriebsbedingungen - Temperaturbereich (in Betrieb)"/><CSItem code="IT4004941" rank="1" referenceName="Nachhaltigkeit - Umweltschutz und Energie"/><CSItem code="IT4006152" rank="1" referenceName="Kompatibilität und Standards - Behördliche Zulassung"/><CSItem code="IT4004955" rank="1" referenceName="Gehäuse - Farbe"/><CSItem code="IT4040999" rank="1" referenceName="Lieferumfang - Monitor mit Standfuß"/><CSItem code="IT4007209" rank="2" referenceName="Bild/Anzeige - Art der Hintergrundbeleuchtung"/><CSItem code="3006588" rank="2" referenceName="Anschlüsse - Synchronisationseingang"/><CSItem code="3006633" rank="2" referenceName="Komfort - Benutzerkomfort"/><CSItem code="IT4006150" rank="2" referenceName="Leistung - Standby-Modus"/><CSItem code="IT4005765" rank="2" referenceName="Abmessungen - Produkt ohne Standfuß (in mm)"/><CSItem code="IT4005771" rank="2" referenceName="Gewicht - Produkt ohne Standfuß (in kg)"/><CSItem code="IT4004947" rank="2" referenceName="Betriebsbedingungen - Temperaturbereich (außer Betrieb)"/><CSItem code="IT4004944" rank="2" referenceName="Nachhaltigkeit - Recycelbares Verpackungsmaterial"/><CSItem code="IT4004956" rank="2" referenceName="Gehäuse - Abschließen"/><CSItem code="IT4041000" rank="2" referenceName="Lieferumfang - Kabel"/><CSItem code="3006180" rank="3" referenceName="Bild/Anzeige - Größe des Displays"/><CSItem code="IT4005621" rank="3" referenceName="Anschlüsse - Audio-Ein-/Ausgang"/><CSItem code="3006693" rank="3" referenceName="Komfort - OSD-Sprachen (Bildschirmanzeige)"/><CSItem code="IT4006081" rank="3" referenceName="Leistung - Ausgeschaltet"/><CSItem code="IT4005766" rank="3" referenceName="Abmessungen - Verpackung in mm (B x H x T)"/><CSItem code="IT4005772" rank="3" referenceName="Gewicht - Produkt mit Verpackung (in kg)"/><CSItem code="IT4004948" rank="3" referenceName="Betriebsbedingungen - Relative Luftfeuchtigkeit"/><CSItem code="IT4041030" rank="3" referenceName="Lieferumfang - Benutzerdokumentation"/><CSItem code="IT4044130" rank="4" referenceName="Bild/Anzeige - Bildschirmbeschichtung"/><CSItem code="3006694" rank="4" referenceName="Komfort - Weiterer Komfort"/><CSItem code="IT4015354" rank="4" referenceName="Leistung - Energieeffizienzklasse"/><CSItem code="IT4023612" rank="4" referenceName="Betriebsbedingungen - Höhenlage"/><CSItem code="3006149" rank="5" referenceName="Bild/Anzeige - Effektive Bildfläche"/><CSItem code="3006699" rank="5" referenceName="Komfort - Plug &amp; Play-Kompatibilität"/><CSItem code="3006931" rank="5" referenceName="Leistung - Leistungs-LED-Anzeige"/><CSItem code="IT4004949" rank="5" referenceName="Betriebsbedingungen - MTBF"/><CSItem code="3006121" rank="6" referenceName="Bild/Anzeige - Bildformat"/><CSItem code="3006932" rank="6" referenceName="Leistung - Stromversorgung"/><CSItem code="3006193" rank="7" referenceName="Bild/Anzeige - Optimale Auflösung"/><CSItem code="IT4041772" rank="8" referenceName="Bild/Anzeige - Pixeldichte"/><CSItem code="IT4039893" rank="9" referenceName="Bild/Anzeige - Reaktionszeit (normal)"/><CSItem code="3006127" rank="10" referenceName="Bild/Anzeige - Helligkeit"/><CSItem code="3006133" rank="11" referenceName="Bild/Anzeige - Kontrastverhältnis (normal)"/><CSItem code="IT4006148" rank="12" referenceName="Bild/Anzeige - SmartContrast"/><CSItem code="3006186" rank="13" referenceName="Bild/Anzeige - Pixelabstand"/><CSItem code="3007518" rank="14" referenceName="Bild/Anzeige - Betrachtungswinkel"/><CSItem code="IT4036934" rank="15" referenceName="Bild/Anzeige - Flimmerfrei"/><CSItem code="3006183" rank="16" referenceName="Bild/Anzeige - Bildoptimierung"/><CSItem code="3006143" rank="17" referenceName="Bild/Anzeige - Display-Farben"/><CSItem code="IT4006149" rank="18" referenceName="Bild/Anzeige - Abtastfrequenz"/><CSItem code="IT4042826" rank="19" referenceName="Bild/Anzeige - LowBlue-Modus"/><CSItem code="3006207" rank="20" referenceName="Bild/Anzeige - sRGB"/></CSItems></Purpose><Purpose type="Detail"><Features><Feature code="F400064846" rank="1" referenceName="UltraClear 4K UHD (3840x2160) resolution for precision"/><Feature code="F400057965" rank="2" referenceName="IPS technology_M5 (none Pivot)"/><Feature code="F400068330" rank="3" referenceName="10-bit colors"/><Feature code="F400079049" rank="4" referenceName="UltraNarrow Border_3 sides frameless"/><Feature code="F400048347" rank="5" referenceName="MultiView technology"/><Feature code="F400027327" rank="6" referenceName="HDMI Ready(entertainment)"/><Feature code="F400067665" rank="7" referenceName="Flicker-free technology"/><Feature code="F400078929" rank="8" referenceName="LowBlue Mode"/><Feature code="F400061605" rank="9" referenceName="Eco-friendly materials meet major international standards"/><Feature code="F400044227" rank="10" referenceName="Low power consumption saves energy bills"/><Feature code="F400032210" rank="11" referenceName="Elegant, slim design complements your home decor"/></Features><CSItems><CSItem code="3006169" rank="1" referenceName="Bild/Anzeige - LCD-Displaytyp"/><CSItem code="3006576" rank="1" referenceName="Anschlüsse - Signal-Eingang"/><CSItem code="IT4027495" rank="1" referenceName="Komfort - MultiView"/><CSItem code="IT4004954" rank="1" referenceName="Standfuß - Neigung"/><CSItem code="IT4005861" rank="1" referenceName="Leistung - Eingeschaltet"/><CSItem code="IT4005764" rank="1" referenceName="Abmessungen - Produkt mit Standfuß (in mm)"/><CSItem code="IT4005770" rank="1" referenceName="Gewicht - Produkt mit Standfuß (in kg)"/><CSItem code="IT4004946" rank="1" referenceName="Betriebsbedingungen - Temperaturbereich (in Betrieb)"/><CSItem code="IT4004941" rank="1" referenceName="Nachhaltigkeit - Umweltschutz und Energie"/><CSItem code="IT4006152" rank="1" referenceName="Kompatibilität und Standards - Behördliche Zulassung"/><CSItem code="IT4004955" rank="1" referenceName="Gehäuse - Farbe"/><CSItem code="IT4040999" rank="1" referenceName="Lieferumfang - Monitor mit Standfuß"/><CSItem code="IT4007209" rank="2" referenceName="Bild/Anzeige - Art der Hintergrundbeleuchtung"/><CSItem code="3006588" rank="2" referenceName="Anschlüsse - Synchronisationseingang"/><CSItem code="3006633" rank="2" referenceName="Komfort - Benutzerkomfort"/><CSItem code="IT4006150" rank="2" referenceName="Leistung - Standby-Modus"/><CSItem code="IT4005765" rank="2" referenceName="Abmessungen - Produkt ohne Standfuß (in mm)"/><CSItem code="IT4005771" rank="2" referenceName="Gewicht - Produkt ohne Standfuß (in kg)"/><CSItem code="IT4004947" rank="2" referenceName="Betriebsbedingungen - Temperaturbereich (außer Betrieb)"/><CSItem code="IT4004944" rank="2" referenceName="Nachhaltigkeit - Recycelbares Verpackungsmaterial"/><CSItem code="IT4004956" rank="2" referenceName="Gehäuse - Abschließen"/><CSItem code="IT4041000" rank="2" referenceName="Lieferumfang - Kabel"/><CSItem code="3006180" rank="3" referenceName="Bild/Anzeige - Größe des Displays"/><CSItem code="IT4005621" rank="3" referenceName="Anschlüsse - Audio-Ein-/Ausgang"/><CSItem code="3006693" rank="3" referenceName="Komfort - OSD-Sprachen (Bildschirmanzeige)"/><CSItem code="IT4006081" rank="3" referenceName="Leistung - Ausgeschaltet"/><CSItem code="IT4005766" rank="3" referenceName="Abmessungen - Verpackung in mm (B x H x T)"/><CSItem code="IT4005772" rank="3" referenceName="Gewicht - Produkt mit Verpackung (in kg)"/><CSItem code="IT4004948" rank="3" referenceName="Betriebsbedingungen - Relative Luftfeuchtigkeit"/><CSItem code="IT4041030" rank="3" referenceName="Lieferumfang - Benutzerdokumentation"/><CSItem code="IT4044130" rank="4" referenceName="Bild/Anzeige - Bildschirmbeschichtung"/><CSItem code="3006694" rank="4" referenceName="Komfort - Weiterer Komfort"/><CSItem code="IT4015354" rank="4" referenceName="Leistung - Energieeffizienzklasse"/><CSItem code="IT4023612" rank="4" referenceName="Betriebsbedingungen - Höhenlage"/><CSItem code="3006149" rank="5" referenceName="Bild/Anzeige - Effektive Bildfläche"/><CSItem code="3006699" rank="5" referenceName="Komfort - Plug &amp; Play-Kompatibilität"/><CSItem code="3006931" rank="5" referenceName="Leistung - Leistungs-LED-Anzeige"/><CSItem code="IT4004949" rank="5" referenceName="Betriebsbedingungen - MTBF"/><CSItem code="3006121" rank="6" referenceName="Bild/Anzeige - Bildformat"/><CSItem code="3006932" rank="6" referenceName="Leistung - Stromversorgung"/><CSItem code="3006193" rank="7" referenceName="Bild/Anzeige - Optimale Auflösung"/><CSItem code="IT4041772" rank="8" referenceName="Bild/Anzeige - Pixeldichte"/><CSItem code="IT4039893" rank="9" referenceName="Bild/Anzeige - Reaktionszeit (normal)"/><CSItem code="3006127" rank="10" referenceName="Bild/Anzeige - Helligkeit"/><CSItem code="3006133" rank="11" referenceName="Bild/Anzeige - Kontrastverhältnis (normal)"/><CSItem code="IT4006148" rank="12" referenceName="Bild/Anzeige - SmartContrast"/><CSItem code="3006186" rank="13" referenceName="Bild/Anzeige - Pixelabstand"/><CSItem code="3007518" rank="14" referenceName="Bild/Anzeige - Betrachtungswinkel"/><CSItem code="IT4036934" rank="15" referenceName="Bild/Anzeige - Flimmerfrei"/><CSItem code="3006183" rank="16" referenceName="Bild/Anzeige - Bildoptimierung"/><CSItem code="3006143" rank="17" referenceName="Bild/Anzeige - Display-Farben"/><CSItem code="IT4006149" rank="18" referenceName="Bild/Anzeige - Abtastfrequenz"/><CSItem code="IT4042826" rank="19" referenceName="Bild/Anzeige - LowBlue-Modus"/><CSItem code="3006207" rank="20" referenceName="Bild/Anzeige - sRGB"/></CSItems></Purpose></Filters><FeatureCompareGroups/><Disclaimers><Disclaimer code="DIS40004221" rank="1" referenceName="IPS technology"><DisclaimerText>Die Wortmarke/das Warenzeichen "IPS" und ähnliche Patente auf Technologien sind Eigentum der jeweiligen Unternehmen.</DisclaimerText><DisclaimElements/></Disclaimer><Disclaimer code="DIS40009731" rank="2" referenceName="Response time value equal to SmartResponse"><DisclaimerText>Reaktionszeitwert gleich SmartResponse</DisclaimerText><DisclaimElements/></Disclaimer><Disclaimer code="DIS40011928" rank="3" referenceName="The monitor may look different from feature images."><DisclaimerText>Der Monitor kann von den Abbildungen abweichen.</DisclaimerText><DisclaimElements/></Disclaimer></Disclaimers><RichTexts/></Product></Products>