<?xml version="1.0" encoding="UTF-8"?><Products xmlns:source="http://apache.org/cocoon/source/1.0" DocStatus="approved" DocTimeStamp="2018-10-23T10:52:26"><Product Country="DE" IsAccessory="false" IsLocalized="true" IsMaster="false" Locale="de_DE" lastModified="2018-10-22T04:18:25" masterLastModified="2018-10-05T00:35:25"><CTN>5047130P8</CTN><Code12NC>915005516801</Code12NC><GTIN>8718696164198</GTIN><MarketingVersion>2.0.2</MarketingVersion><MarketingStatus>Final Published</MarketingStatus><CRDate>2017-04-21</CRDate><CRDateYW>201716</CRDateYW><ModelYears><ModelYear>2017</ModelYear></ModelYears><ProductDivision><ProductDivisionCode>0100</ProductDivisionCode><ProductDivisionName>Lighting</ProductDivisionName><FormerPDCode>0100</FormerPDCode></ProductDivision><ProductOwner>Mihaela Mihaylova</ProductOwner><DTN>50471/30/P8</DTN><Catalog><StartOfPublication>2017-09-01T00:00:00</StartOfPublication><EndOfPublication>2300-01-01T00:00:00</EndOfPublication><StartOfSales>2017-09-01T00:00:00</StartOfSales><EndOfSales>2300-01-01T00:00:00</EndOfSales><DummyPrice/><Deleted>false</Deleted><DeleteAfterDate/><ProductRank>50</ProductRank></Catalog><FinancialCategorization><BusinessGroupCode>9021</BusinessGroupCode><BusinessGroupName>Home</BusinessGroupName><BusinessUnitCode>9159</BusinessUnitCode><BusinessUnitName>Home Luminaires</BusinessUnitName><MainArticleGroupCode>G77</MainArticleGroupCode><MainArticleGroupName>Build-on Spots</MainArticleGroupName><ArticleGroupCode>4915</ArticleGroupCode><ArticleGroupName>Build-On Spots - Single/Clip Spot</ArticleGroupName></FinancialCategorization><Categorization type="CONSUMER"><GroupCode>LIGHTING_GR</GroupCode><GroupName>Lighting</GroupName><CategoryCode>HUEWIRELESS_CA</CategoryCode><CategoryName>Hue</CategoryName><SubcategoryCode>LAMPS_SU</SubcategoryCode><SubcategoryName>Lamps</SubcategoryName></Categorization><Assets><Asset code="5047130P8" description="Leaflet" extension="pdf" lastModified="2018-10-20" locale="de_DE" number="001" type="PSS">http://download.p4c.philips.com/files/5/5047130p8/5047130p8_pss_deude.pdf</Asset><Asset code="5047130P8" description="Retail Trade Leaflet" extension="pdf" lastModified="2018-10-18" locale="de_DE" number="001" type="RTL">http://download.p4c.philips.com/files/5/5047130p8/5047130p8_rtl_deude.pdf</Asset><Asset code="5047130P8" description="Alternative product photograph 1 - highres 2196x1795" extension="tif" lastModified="2017-05-19" locale="global" number="001" type="A1P">http://images.philips.com/is/image/PhilipsConsumer/5047130P8-A1P-global-001</Asset><Asset code="5047130P8" description="Main in-use photograph - highres 2480x1462" extension="tif" lastModified="2018-03-26" locale="global" number="001" type="MI1">http://images.philips.com/is/image/PhilipsConsumer/5047130P8-MI1-global-001</Asset><Asset code="5047130P8" description="Packaging photograph - highres 1447x756" extension="tif" lastModified="2018-03-26" locale="global" number="001" type="PID">http://images.philips.com/is/image/PhilipsConsumer/5047130P8-PID-global-001</Asset><Asset code="5047130P8" description="Packaging photograph - master" extension="jpg" lastModified="2018-03-26" locale="global" number="001" type="PIM">http://download.p4c.philips.com/files/5/5047130p8/5047130p8_pim_.jpg</Asset><Asset code="5047130P8" description="Packaging photograph - small 90x65" extension="jpg" lastModified="2018-03-26" locale="global" number="001" type="PIS">http://download.p4c.philips.com/files/5/5047130p8/5047130p8_pis_.jpg</Asset><Asset code="5047130P8" description="Leaflet" extension="pdf" lastModified="2018-10-20" locale="global" number="001" type="PSS">http://download.p4c.philips.com/files/5/5047130p8/5047130p8_pss_.pdf</Asset><Asset code="5047130P8" description="Standard product photograph - highres 2196x1795" extension="tif" lastModified="2018-03-26" locale="global" number="001" type="RTP">http://images.philips.com/is/image/PhilipsConsumer/5047130P8-RTP-global-001</Asset><Asset code="5047130P8" description="Product In Use 1 - highres 2196x1795" extension="tif" lastModified="2018-04-04" locale="global" number="001" type="U1P">http://images.philips.com/is/image/PhilipsConsumer/5047130P8-U1P-global-001</Asset><Asset code="5047130P8" description="Single product shot" extension="" lastModified="2018-10-22" locale="de_DE" number="" type="IMS">http://images.philips.com/is/image/PhilipsConsumer/5047130P8-IMS-de_DE</Asset><Asset code="5047130P8" description="Product gallery image set" extension="" lastModified="2018-10-22" locale="de_DE" number="" type="GAL">http://images.philips.com/is/image/PhilipsConsumer/5047130P8-GAL-de_DE</Asset><Asset code="5047130P8" description="Product URL" extension="" lastModified="2018-10-22" locale="de_DE" number="" type="URL">http://www.philips.de/c-p/5047130P8/hue-white-ambiance-buckram-einzelscheinwerfer-ext.</Asset><Asset code="F400083545" description="Feature photograph - highres 2100x1170" extension="tif" lastModified="2017-07-13" locale="global" number="001" type="FIL">http://images.philips.com/is/image/PhilipsConsumer/F400083545-FIL-global-001</Asset><Asset code="F400083552" description="Feature photograph - highres 2100x1170" extension="tif" lastModified="2017-07-13" locale="global" number="001" type="FIL">http://images.philips.com/is/image/PhilipsConsumer/F400083552-FIL-global-001</Asset><Asset code="F400083553" description="Feature photograph - highres 2100x1170" extension="tif" lastModified="2017-07-13" locale="global" number="001" type="FIL">http://images.philips.com/is/image/PhilipsConsumer/F400083553-FIL-global-001</Asset><Asset code="F400083654" description="Feature photograph - highres 2100x1170" extension="tif" lastModified="2017-07-13" locale="global" number="001" type="FIL">http://images.philips.com/is/image/PhilipsConsumer/F400083654-FIL-global-001</Asset><Asset code="F400083655" description="Feature photograph - highres 2100x1170" extension="tif" lastModified="2017-07-13" locale="global" number="001" type="FIL">http://images.philips.com/is/image/PhilipsConsumer/F400083655-FIL-global-001</Asset><Asset code="F400083656" description="Feature photograph - highres 2100x1170" extension="tif" lastModified="2017-07-13" locale="global" number="001" type="FIL">http://images.philips.com/is/image/PhilipsConsumer/F400083656-FIL-global-001</Asset><Asset code="F400083658" description="Feature photograph - highres 2100x1170" extension="tif" lastModified="2017-07-13" locale="global" number="001" type="FIL">http://images.philips.com/is/image/PhilipsConsumer/F400083658-FIL-global-001</Asset><Asset code="F400083660" description="Feature photograph - highres 2100x1170" extension="tif" lastModified="2017-07-13" locale="global" number="001" type="FIL">http://images.philips.com/is/image/PhilipsConsumer/F400083660-FIL-global-001</Asset><Asset code="PHI" description="Brand logo - highres 1476x886" extension="tif" lastModified="2016-02-18" locale="global" number="001" type="BRP">http://images.philips.com/is/image/PhilipsConsumer/PHI-BRP-global-001</Asset></Assets><ProductName>Zusatzscheinwerfer Buckram Einzelscheinwerfer ext.</ProductName><FullProductName>Philips Hue White ambiance Buckram Einzelscheinwerfer ext. 50471/30/P8 Erweiterungsspot GU10 schwarz smarte Steuerung mit Hue Bridge*</FullProductName><NamingString><MasterBrand><BrandCode>PHI</BrandCode><BrandName>Philips</BrandName></MasterBrand><BrandString>Philips</BrandString><Family><FamilyCode>PLM0345002</FamilyCode><FamilyName>Hue White ambiance</FamilyName><FamilyNameUsed>1</FamilyNameUsed></Family><Descriptor><DescriptorCode>PLM1000037</DescriptorCode><DescriptorName>Buckram Einzelscheinwerfer ext.</DescriptorName></Descriptor><Alphanumeric>50471/30/P8</Alphanumeric><VersionElement1><VersionElementCode>PLM1000045</VersionElementCode><VersionElementName>Zusatzscheinwerfer</VersionElementName></VersionElement1><VersionElement2><VersionElementCode>PLM1000013</VersionElementCode><VersionElementName>GU10</VersionElementName></VersionElement2><VersionElement3><VersionElementCode>PLM1000004</VersionElementCode><VersionElementName>Schwarz</VersionElementName></VersionElement3><VersionElement4><VersionElementCode>PLM1000044</VersionElementCode><VersionElementName>Intelligente Steuerung via Hue Bridge*</VersionElementName></VersionElement4><VersionString>Erweiterungsspot GU10 schwarz smarte Steuerung mit Hue Bridge*</VersionString><BrandedFeatureString/><DescriptorBrandedFeatureString>Buckram Einzelscheinwerfer ext.</DescriptorBrandedFeatureString></NamingString><WOW>Licht für jeden Moment</WOW><SubWOW>von Sonnenaufgang bis Sonnenuntergang</SubWOW><MarketingTextHeader>Erweitere Dein Philips Hue System mit zusätzlichen White Ambiance-Spots, und genieße warmes und natürliches weißes Licht. Zur intelligenten Steuerung benötigst Du nur die Philips Hue Bridge, die in jedem Starter-Kit enthalten ist. Verbinde den Spot mit der Bridge, und regel ihn nach Belieben.</MarketingTextHeader><KeyBenefitArea><KeyBenefitAreaCode>K4034655</KeyBenefitAreaCode><KeyBenefitAreaName>Hochwertiges Licht und Design</KeyBenefitAreaName><KeyBenefitAreaRank>1</KeyBenefitAreaRank><Feature><FeatureCode>F400083650</FeatureCode><FeatureReferenceName>High light output 2017 LUM</FeatureReferenceName><FeatureName>Hohe Lichtleistung</FeatureName><FeatureLongDescription>Hohe Lichtleistung</FeatureLongDescription><FeatureGlossary>Hochwertiges Licht mit einer hohen Lichtleistung für jede Menge weißes Licht für jeden Moment und jede Aufgabe.</FeatureGlossary><FeatureRank>1</FeatureRank><FeatureTopRank>1</FeatureTopRank></Feature></KeyBenefitArea><KeyBenefitArea><KeyBenefitAreaCode>K4034641</KeyBenefitAreaCode><KeyBenefitAreaName>Licht für jeden Moment</KeyBenefitAreaName><KeyBenefitAreaRank>2</KeyBenefitAreaRank><Feature><FeatureCode>F400083545</FeatureCode><FeatureReferenceName>Light for your daily routines</FeatureReferenceName><FeatureName>Licht für Deinen Alltag</FeatureName><FeatureLongDescription>Mit Lichtszenen einfacher entspannen, lesen, konzentrieren und Energie tanken</FeatureLongDescription><FeatureGlossary>Licht beeinflusst unsere Stimmung und unser Verhalten. Philips Hue kann Dir helfen, Deinen Alltag in genussvolle Momente umzuwandeln. Überspringe Deinen Morgenkaffee, und bereite dich mit kühlem, strahlendem Tageslichtweiß auf den Tag vor, um Körper und Geist zu wecken. Erhalte Deine Konzentration mit Hilfe von fein abgestimmtem, hellem Weißlicht aufrecht. Oder lege die Füße hoch und entspanne Dich bei weichem Licht und lasse so den Tag perfekt ausklingen.</FeatureGlossary><FeatureRank>1</FeatureRank><FeatureTopRank>2</FeatureTopRank></Feature><Feature><FeatureCode>F400083552</FeatureCode><FeatureReferenceName>Installation free dimming</FeatureReferenceName><FeatureName>Dimmen ohne Installation</FeatureName><FeatureLongDescription>Dimmen ohne Installation</FeatureLongDescription><FeatureGlossary>Erlebe garantiert einfaches Dimmen mit Philips Hue. Nicht zu hell. Nicht zu dunkel. Einfach genau richtig. Kabel, Elektriker und Installation sind nicht nötig.</FeatureGlossary><FeatureRank>2</FeatureRank><FeatureTopRank>3</FeatureTopRank></Feature><Feature><FeatureCode>F400083655</FeatureCode><FeatureReferenceName>Smart control, home and away LUM 2017</FeatureReferenceName><FeatureName>Intelligente Steuerung, zuhause und unterwegs</FeatureName><FeatureLongDescription>Intelligente Steuerung, zuhause und unterwegs</FeatureLongDescription><FeatureGlossary>Mit den Philips Hue iOS- und Android-Apps kannst Du Deine Leuchten aus der Ferne steuern, wo immer Du gerade bist. Überprüfe, ob Du das Licht angelassen hast, bevor Du das Haus verlässt, und schalte es ein, wenn Du erst später nach Hause kommst. Für diese Funktion ist eine Verbindung mit der Philips Hue Bridge erforderlich.</FeatureGlossary><FeatureRank>3</FeatureRank><FeatureTopRank>4</FeatureTopRank></Feature><Feature><FeatureCode>F400083660</FeatureCode><FeatureReferenceName>Wake up and go to sleep LUM 2017</FeatureReferenceName><FeatureName>Aufwachen und einschlafen</FeatureName><FeatureLongDescription>Bei natürlichem Licht aufwachen und einschlafen</FeatureLongDescription><FeatureGlossary>Philips Hue hilft dabei, so aufzuwachen, wie Du es möchtest, um den Tag ausgeruht zu beginnen. Das Licht wird allmählich heller und imitiert den Sonnenaufgang, was Dir das Aufwachen leichter macht, als wenn Du vom lauten Geräusch eines Weckers aus dem Schlaf gerissen wirst. Beginne den Tag positiv. Abends hilft Dir das angenehme warmweiße Licht dabei, zu entspannen und Deinen Körper auf einen guten Schlaf vorzubereiten. Für diese Funktion ist eine Verbindung mit der Philips Hue Bridge erforderlich.</FeatureGlossary><FeatureRank>4</FeatureRank><FeatureTopRank>5</FeatureTopRank></Feature><Feature><FeatureCode>F400083654</FeatureCode><FeatureReferenceName>Create your ambiance (HUE LUM)</FeatureReferenceName><FeatureName>Schaffe Dir Dein persönliches Ambiente</FeatureName><FeatureLongDescription>Schaffe Dir Dein persönliches Ambiente mit Licht von warmweiß bis tageslichtweiß</FeatureLongDescription><FeatureGlossary>Kreiere die passende Atmosphäre für jede Gelegenheit, und gestalte Dein Zuhause wahlweise mit warmem oder kühlem weißem Licht. Du kannst im Laufe des Jahres verschiedene Stile ausprobieren: Wähle ein frisches Weißlicht, das Dich an eine Frühlingsbrise erinnert, ein warmes Licht wie die Sommersonne, oder ein kühles Winterlicht. Für diese Funktion ist eine Verbindung mit der Philips Philips Hue Bridge erforderlich.</FeatureGlossary><FeatureRank>5</FeatureRank><FeatureTopRank>6</FeatureTopRank></Feature><Feature><FeatureCode>F400083656</FeatureCode><FeatureReferenceName>Timers for your convenience HUE LUM</FeatureReferenceName><FeatureName>Timer ganz nach Deinen Bedürfnissen</FeatureName><FeatureLongDescription>Stelle Dir den Timer ganz nach Deinen Bedürfnissen ein</FeatureLongDescription><FeatureGlossary>Über die Programmierungsfunktion in der Philips Hue App kannst Du Deine Philips Hue Leuchten den Anschein erwecken, als wärst Du zu Hause. Lege eine Einschaltzeit fest, damit das Licht eingeschaltet ist, wenn Du nach Hause kommst. Du kannst sogar die Beleuchtung in den einzelnen Räumen zu unterschiedlichen Zeiten steuern. Und natürlich kannst Du das Licht abends nach und nach ausschalten, sodass Du Dich nie wieder fragen musst, ob Du das Licht angelassen hast. Für diese Funktion ist eine Verbindung mit der Philips Hue Bridge erforderlich.</FeatureGlossary><FeatureRank>6</FeatureRank><FeatureTopRank>7</FeatureTopRank></Feature><Feature><FeatureCode>F400083553</FeatureCode><FeatureReferenceName>Control it your way</FeatureReferenceName><FeatureName>Steuerung nach Belieben</FeatureName><FeatureLongDescription>Steuerung nach Belieben</FeatureLongDescription><FeatureGlossary>Verbinde Deine Philips Hue Lampen mit der Bridge und entdecke endlose Möglichkeiten. Steuere Deine Beleuchtung über Dein Smartphone oder Tablet mit der Philips Hue App, oder füge Schalter zu Deinem System hinzu, um Deine Leuchten zu steuern. Programmiere Timer, Benachrichtigungen, Alarme und vieles mehr für ein umfassendes Philips Hue Erlebnis. Philips Hue funktioniert sogar mit Amazon Alexa, Apple HomeKit und Google Home, sodass Du Deine Beleuchtung per Sprachsteuerung anpassen kannst.</FeatureGlossary><FeatureRank>7</FeatureRank><FeatureTopRank>8</FeatureTopRank></Feature><Feature><FeatureCode>F400083658</FeatureCode><FeatureReferenceName>Requires a bridge or switch</FeatureReferenceName><FeatureName>Erfordert eine Bridge oder einen Schalter</FeatureName><FeatureLongDescription>Erfordert eine Bridge oder einen Schalter</FeatureLongDescription><FeatureGlossary>Verbinde Deine Philips Hue Lampen mit der Bridge, um Deine Beleuchtung über Dein Smartphone oder Tablet mit der Philips Hue App zu steuern. Oder steuere Deine Philips Hue Lampen mit dem Philips Hue Dimmschalter zum Ein-/Ausschalten und Dimmen oder um die Lichtszenen zu durchlaufen.</FeatureGlossary><FeatureRank>8</FeatureRank><FeatureTopRank>9</FeatureTopRank></Feature></KeyBenefitArea><FeatureImage><FeatureCode>F400083650</FeatureCode><FeatureReferenceName>High light output 2017 LUM</FeatureReferenceName><FeatureImageRank>1</FeatureImageRank></FeatureImage><FeatureImage><FeatureCode>F400083545</FeatureCode><FeatureReferenceName>Light for your daily routines</FeatureReferenceName><FeatureImageRank>2</FeatureImageRank></FeatureImage><FeatureImage><FeatureCode>F400083552</FeatureCode><FeatureReferenceName>Installation free dimming</FeatureReferenceName><FeatureImageRank>3</FeatureImageRank></FeatureImage><FeatureImage><FeatureCode>F400083655</FeatureCode><FeatureReferenceName>Smart control, home and away LUM 2017</FeatureReferenceName><FeatureImageRank>4</FeatureImageRank></FeatureImage><FeatureImage><FeatureCode>F400083660</FeatureCode><FeatureReferenceName>Wake up and go to sleep LUM 2017</FeatureReferenceName><FeatureImageRank>5</FeatureImageRank></FeatureImage><FeatureImage><FeatureCode>F400083654</FeatureCode><FeatureReferenceName>Create your ambiance (HUE LUM)</FeatureReferenceName><FeatureImageRank>6</FeatureImageRank></FeatureImage><FeatureImage><FeatureCode>F400083656</FeatureCode><FeatureReferenceName>Timers for your convenience HUE LUM</FeatureReferenceName><FeatureImageRank>7</FeatureImageRank></FeatureImage><FeatureImage><FeatureCode>F400083553</FeatureCode><FeatureReferenceName>Control it your way</FeatureReferenceName><FeatureImageRank>8</FeatureImageRank></FeatureImage><FeatureImage><FeatureCode>F400083658</FeatureCode><FeatureReferenceName>Requires a bridge or switch</FeatureReferenceName><FeatureImageRank>9</FeatureImageRank></FeatureImage><FeatureHighlight><FeatureCode>F400083650</FeatureCode><FeatureReferenceName>High light output 2017 LUM</FeatureReferenceName><FeatureHighlightRank>1</FeatureHighlightRank></FeatureHighlight><FeatureHighlight><FeatureCode>F400083545</FeatureCode><FeatureReferenceName>Light for your daily routines</FeatureReferenceName><FeatureHighlightRank>2</FeatureHighlightRank></FeatureHighlight><FeatureHighlight><FeatureCode>F400083552</FeatureCode><FeatureReferenceName>Installation free dimming</FeatureReferenceName><FeatureHighlightRank>3</FeatureHighlightRank></FeatureHighlight><FeatureHighlight><FeatureCode>F400083655</FeatureCode><FeatureReferenceName>Smart control, home and away LUM 2017</FeatureReferenceName><FeatureHighlightRank>4</FeatureHighlightRank></FeatureHighlight><FeatureHighlight><FeatureCode>F400083660</FeatureCode><FeatureReferenceName>Wake up and go to sleep LUM 2017</FeatureReferenceName><FeatureHighlightRank>5</FeatureHighlightRank></FeatureHighlight><FeatureHighlight><FeatureCode>F400083654</FeatureCode><FeatureReferenceName>Create your ambiance (HUE LUM)</FeatureReferenceName><FeatureHighlightRank>6</FeatureHighlightRank></FeatureHighlight><FeatureHighlight><FeatureCode>F400083656</FeatureCode><FeatureReferenceName>Timers for your convenience HUE LUM</FeatureReferenceName><FeatureHighlightRank>7</FeatureHighlightRank></FeatureHighlight><FeatureHighlight><FeatureCode>F400083553</FeatureCode><FeatureReferenceName>Control it your way</FeatureReferenceName><FeatureHighlightRank>8</FeatureHighlightRank></FeatureHighlight><FeatureHighlight><FeatureCode>F400083658</FeatureCode><FeatureReferenceName>Requires a bridge or switch</FeatureReferenceName><FeatureHighlightRank>9</FeatureHighlightRank></FeatureHighlight><CSChapter><CSChapterCode>PLMCHP010</CSChapterCode><CSChapterName>Design und Materialausführung</CSChapterName><CSChapterRank>10</CSChapterRank><CSItem><CSItemCode>PLMITM010001</CSItemCode><CSItemName>Material</CSItemName><CSItemRank>1</CSItemRank><CSItemIsFreeFormat>0</CSItemIsFreeFormat><CSValue><CSValueCode>PLMATR0105METAL</CSValueCode><CSValueName>Metall</CSValueName><CSValueRank>1</CSValueRank></CSValue><CSValue><CSValueCode>PLMATR0105SYNTH</CSValueCode><CSValueName>Kunststoff</CSValueName><CSValueRank>2</CSValueRank></CSValue></CSItem><CSItem><CSItemCode>PLMITM010002</CSItemCode><CSItemName>Farbe</CSItemName><CSItemRank>2</CSItemRank><CSItemIsFreeFormat>0</CSItemIsFreeFormat><CSValue><CSValueCode>PLMATR018309</CSValueCode><CSValueName>Schwarz</CSValueName><CSValueRank>1</CSValueRank></CSValue></CSItem></CSChapter><CSChapter><CSChapterCode>PLMCHP020</CSChapterCode><CSChapterName>Zusatzfunktion/Zubehör im Lieferumfang enthalten</CSChapterName><CSChapterRank>20</CSChapterRank><CSItem><CSItemCode>PLMITM0776F2010</CSItemCode><CSItemName>Dimmbar mit Hue App und Schalter</CSItemName><CSItemRank>2</CSItemRank><CSItemIsFreeFormat>0</CSItemIsFreeFormat><CSValue><CSValueCode>PLMATR0776F2010YES</CSValueCode><CSValueName>JA</CSValueName><CSValueRank>1</CSValueRank></CSValue></CSItem><CSItem><CSItemCode>PLMITM0776FX003</CSItemCode><CSItemName>LED-Lampe(n) im Lieferumfang enthalten</CSItemName><CSItemRank>4</CSItemRank><CSItemIsFreeFormat>0</CSItemIsFreeFormat><CSValue><CSValueCode>PLMATR0776FX003YES</CSValueCode><CSValueName>JA</CSValueName><CSValueRank>1</CSValueRank></CSValue></CSItem><CSItem><CSItemCode>PLMITM0776FX040</CSItemCode><CSItemName>Schwenkbarer Spotkopf</CSItemName><CSItemRank>5</CSItemRank><CSItemIsFreeFormat>0</CSItemIsFreeFormat><CSValue><CSValueCode>PLMATR0776FX040YES</CSValueCode><CSValueName>JA</CSValueName><CSValueRank>1</CSValueRank></CSValue></CSItem><CSItem><CSItemCode>PLMITM0776FX052</CSItemCode><CSItemName>ClickFix – einfache Montage</CSItemName><CSItemRank>6</CSItemRank><CSItemIsFreeFormat>0</CSItemIsFreeFormat><CSValue><CSValueCode>PLMATR0776FX052YES</CSValueCode><CSValueName>JA</CSValueName><CSValueRank>1</CSValueRank></CSValue></CSItem></CSChapter><CSChapter><CSChapterCode>PLMCHP030</CSChapterCode><CSChapterName>Produktabmessungen und -gewicht</CSChapterName><CSChapterRank>30</CSChapterRank><CSItem><CSItemCode>PLMITM030001</CSItemCode><CSItemName>Höhe</CSItemName><CSItemRank>1</CSItemRank><CSItemIsFreeFormat>1</CSItemIsFreeFormat><CSValue><CSValueCode>VA4042333</CSValueCode><CSValueName>10,3</CSValueName><CSValueRank>1</CSValueRank></CSValue><UnitOfMeasure><UnitOfMeasureCode>3000039</UnitOfMeasureCode><UnitOfMeasureName>Zentimeter</UnitOfMeasureName><UnitOfMeasureSymbol>cm</UnitOfMeasureSymbol></UnitOfMeasure></CSItem><CSItem><CSItemCode>PLMITM030004</CSItemCode><CSItemName>Länge</CSItemName><CSItemRank>4</CSItemRank><CSItemIsFreeFormat>1</CSItemIsFreeFormat><CSValue><CSValueCode>VA4042309</CSValueCode><CSValueName>10,2</CSValueName><CSValueRank>1</CSValueRank></CSValue><UnitOfMeasure><UnitOfMeasureCode>3000039</UnitOfMeasureCode><UnitOfMeasureName>Zentimeter</UnitOfMeasureName><UnitOfMeasureSymbol>cm</UnitOfMeasureSymbol></UnitOfMeasure></CSItem><CSItem><CSItemCode>PLMITM030005</CSItemCode><CSItemName>Breite</CSItemName><CSItemRank>5</CSItemRank><CSItemIsFreeFormat>1</CSItemIsFreeFormat><CSValue><CSValueCode>VA4042311</CSValueCode><CSValueName>10,2</CSValueName><CSValueRank>1</CSValueRank></CSValue><UnitOfMeasure><UnitOfMeasureCode>3000039</UnitOfMeasureCode><UnitOfMeasureName>Zentimeter</UnitOfMeasureName><UnitOfMeasureSymbol>cm</UnitOfMeasureSymbol></UnitOfMeasure></CSItem><CSItem><CSItemCode>PLMITM030006</CSItemCode><CSItemName>Nettogewicht</CSItemName><CSItemRank>6</CSItemRank><CSItemIsFreeFormat>1</CSItemIsFreeFormat><CSValue><CSValueCode>VA4042308</CSValueCode><CSValueName>0,49</CSValueName><CSValueRank>1</CSValueRank></CSValue><UnitOfMeasure><UnitOfMeasureCode>3000049</UnitOfMeasureCode><UnitOfMeasureName>Kilogramm</UnitOfMeasureName><UnitOfMeasureSymbol>kg</UnitOfMeasureSymbol></UnitOfMeasure></CSItem></CSChapter><CSChapter><CSChapterCode>PLMCHP040</CSChapterCode><CSChapterName>Technische Daten</CSChapterName><CSChapterRank>40</CSChapterRank><CSItem><CSItemCode>PLMITM040001</CSItemCode><CSItemName>Netzstrom</CSItemName><CSItemRank>1</CSItemRank><CSItemIsFreeFormat>0</CSItemIsFreeFormat><CSValue><CSValueCode>PLMATR0719220-240</CSValueCode><CSValueName>Bereich 220 V – 240 V</CSValueName><CSValueRank>1</CSValueRank></CSValue><CSValue><CSValueCode>PLMATR067350/60HZ</CSValueCode><CSValueName>50-60 Hz</CSValueName><CSValueRank>2</CSValueRank></CSValue></CSItem><CSItem><CSItemCode>PLMITM040002</CSItemCode><CSItemName>Lichttechnologie</CSItemName><CSItemRank>2</CSItemRank><CSItemIsFreeFormat>0</CSItemIsFreeFormat><CSValue><CSValueCode>PLMATR0329230</CSValueCode><CSValueName>230 V</CSValueName><CSValueRank>2</CSValueRank></CSValue></CSItem><CSItem><CSItemCode>PLMITM040003</CSItemCode><CSItemName>Anzahl Lichtquellen</CSItemName><CSItemRank>3</CSItemRank><CSItemIsFreeFormat>1</CSItemIsFreeFormat><CSValue><CSValueCode>VA4042306</CSValueCode><CSValueName>1</CSValueName><CSValueRank>1</CSValueRank></CSValue></CSItem><CSItem><CSItemCode>PLMITM040004</CSItemCode><CSItemName>Fassung/Sockel</CSItemName><CSItemRank>4</CSItemRank><CSItemIsFreeFormat>0</CSItemIsFreeFormat><CSValue><CSValueCode>PLMATR0341GU10</CSValueCode><CSValueName>GU10</CSValueName><CSValueRank>1</CSValueRank></CSValue></CSItem><CSItem><CSItemCode>PLMITM040005</CSItemCode><CSItemName>Wattage der im Lieferumfang enthaltenen Leuchte</CSItemName><CSItemRank>5</CSItemRank><CSItemIsFreeFormat>0</CSItemIsFreeFormat><CSValue><CSValueCode>PLMATR04605_5</CSValueCode><CSValueName>5,5 W</CSValueName><CSValueRank>1</CSValueRank></CSValue></CSItem><CSItem><CSItemCode>PLMITM040006</CSItemCode><CSItemName>Maximale Wattage der Ersatzlampe</CSItemName><CSItemRank>6</CSItemRank><CSItemIsFreeFormat>0</CSItemIsFreeFormat><CSValue><CSValueCode>PLMATR03335_5</CSValueCode><CSValueName>5,5 W</CSValueName><CSValueRank>1</CSValueRank></CSValue></CSItem><CSItem><CSItemCode>PLMITM040007</CSItemCode><CSItemName>Lichtfarbe</CSItemName><CSItemRank>7</CSItemRank><CSItemIsFreeFormat>0</CSItemIsFreeFormat><CSValue><CSValueCode>PLMATRBOIBULB106244000_K</CSValueCode><CSValueName>Neutralweiß</CSValueName><CSValueRank>1</CSValueRank></CSValue></CSItem><CSItem><CSItemCode>PLMITM040009</CSItemCode><CSItemName>Abstrahlungswinkel</CSItemName><CSItemRank>9</CSItemRank><CSItemIsFreeFormat>0</CSItemIsFreeFormat><CSValue><CSValueCode>PLMATRBOIBULB1061145</CSValueCode><CSValueName>45°</CSValueName><CSValueRank>1</CSValueRank></CSValue></CSItem><CSItem><CSItemCode>PLMITM0400013</CSItemCode><CSItemName>Leuchte dimmbar</CSItemName><CSItemRank>13</CSItemRank><CSItemIsFreeFormat>0</CSItemIsFreeFormat><CSValue><CSValueCode>PLMATR1075Y</CSValueCode><CSValueName>Ja</CSValueName><CSValueRank>1</CSValueRank></CSValue></CSItem><CSItem><CSItemCode>PLMITM0400014</CSItemCode><CSItemName>LED</CSItemName><CSItemRank>14</CSItemRank><CSItemIsFreeFormat>0</CSItemIsFreeFormat><CSValue><CSValueCode>PLMATR0814Y</CSValueCode><CSValueName>Ja</CSValueName><CSValueRank>1</CSValueRank></CSValue></CSItem><CSItem><CSItemCode>PLMITM0400015</CSItemCode><CSItemName>Integrierte LED</CSItemName><CSItemRank>15</CSItemRank><CSItemIsFreeFormat>0</CSItemIsFreeFormat><CSValue><CSValueCode>PLMATR1095EEL01-3</CSValueCode><CSValueName>Nein</CSValueName><CSValueRank>1</CSValueRank></CSValue></CSItem><CSItem><CSItemCode>PLMITM0400016</CSItemCode><CSItemName>Energieklasse der im Lieferumfang enthaltenen Lichtquelle</CSItemName><CSItemRank>16</CSItemRank><CSItemIsFreeFormat>0</CSItemIsFreeFormat><CSValue><CSValueCode>PLMATR1095EEL03-1</CSValueCode><CSValueName>A</CSValueName><CSValueRank>1</CSValueRank></CSValue></CSItem><CSItem><CSItemCode>PLMITM0400017</CSItemCode><CSItemName>Leuchte ist kompatibel mit Lampe(n) der Klasse</CSItemName><CSItemRank>17</CSItemRank><CSItemIsFreeFormat>0</CSItemIsFreeFormat><CSValue><CSValueCode>PLMATR1095EEL03-2</CSValueCode><CSValueName>A+ bis E</CSValueName><CSValueRank>1</CSValueRank></CSValue></CSItem><CSItem><CSItemCode>PLMITM0400018</CSItemCode><CSItemName>Lebensdauer von bis zu</CSItemName><CSItemRank>18</CSItemRank><CSItemIsFreeFormat>1</CSItemIsFreeFormat><CSValue><CSValueCode>VA4094468</CSValueCode><CSValueName>15.000</CSValueName><CSValueRank>1</CSValueRank></CSValue><UnitOfMeasure><UnitOfMeasureCode>4000213</UnitOfMeasureCode><UnitOfMeasureName>Std.</UnitOfMeasureName><UnitOfMeasureSymbol>Std.</UnitOfMeasureSymbol></UnitOfMeasure></CSItem><CSItem><CSItemCode>PLMITM040026</CSItemCode><CSItemName>IP-Code</CSItemName><CSItemRank>26</CSItemRank><CSItemIsFreeFormat>0</CSItemIsFreeFormat><CSValue><CSValueCode>PLMATR0290IP20</CSValueCode><CSValueName>IP20</CSValueName><CSValueRank>1</CSValueRank></CSValue><CSValue><CSValueCode>PLMATR0290IP20-2</CSValueCode><CSValueName>Schutz gegen Objekte, die größer als 12,5 mm sind</CSValueName><CSValueRank>2</CSValueRank></CSValue><CSValue><CSValueCode>PLMATR0290IP20-3</CSValueCode><CSValueName>Kein Schutz vor Wasser</CSValueName><CSValueRank>3</CSValueRank></CSValue></CSItem><CSItem><CSItemCode>PLMITM040027</CSItemCode><CSItemName>Schutzklasse</CSItemName><CSItemRank>27</CSItemRank><CSItemIsFreeFormat>0</CSItemIsFreeFormat><CSValue><CSValueCode>PLMATR0289I</CSValueCode><CSValueName>I – Erdung</CSValueName><CSValueRank>1</CSValueRank></CSValue></CSItem><CSItem><CSItemCode>PLMITM0400051</CSItemCode><CSItemName>Lichtquelle entspricht Standardlampe</CSItemName><CSItemRank>51</CSItemRank><CSItemIsFreeFormat>1</CSItemIsFreeFormat><CSValue><CSValueCode>VA4081551</CSValueCode><CSValueName>25</CSValueName><CSValueRank>1</CSValueRank></CSValue><UnitOfMeasure><UnitOfMeasureCode>3000072</UnitOfMeasureCode><UnitOfMeasureName>Watt</UnitOfMeasureName><UnitOfMeasureSymbol>W</UnitOfMeasureSymbol></UnitOfMeasure></CSItem><CSItem><CSItemCode>PLMITM0400052</CSItemCode><CSItemName>Lumenausgabe der im Lieferumfang enthaltenen Lampe</CSItemName><CSItemRank>52</CSItemRank><CSItemIsFreeFormat>1</CSItemIsFreeFormat><CSValue><CSValueCode>VA4081549</CSValueCode><CSValueName>250</CSValueName><CSValueRank>1</CSValueRank></CSValue><UnitOfMeasure><UnitOfMeasureCode>3000051</UnitOfMeasureCode><UnitOfMeasureName>Lumen</UnitOfMeasureName><UnitOfMeasureSymbol>lm</UnitOfMeasureSymbol></UnitOfMeasure></CSItem></CSChapter><CSChapter><CSChapterCode>PLMCHP050</CSChapterCode><CSChapterName>Service</CSChapterName><CSChapterRank>50</CSChapterRank><CSItem><CSItemCode>PLMITM050001</CSItemCode><CSItemName>Garantie</CSItemName><CSItemRank>1</CSItemRank><CSItemIsFreeFormat>0</CSItemIsFreeFormat><CSValue><CSValueCode>PLMATR02982</CSValueCode><CSValueName>2 Jahr(e)</CSValueName><CSValueRank>1</CSValueRank></CSValue></CSItem></CSChapter><CSChapter><CSChapterCode>PLMCHP060</CSChapterCode><CSChapterName>Verpackungsmaße und -gewicht</CSChapterName><CSChapterRank>60</CSChapterRank><CSItem><CSItemCode>PLMITM060001</CSItemCode><CSItemName>Höhe</CSItemName><CSItemRank>1</CSItemRank><CSItemIsFreeFormat>1</CSItemIsFreeFormat><CSValue><CSValueCode>VA4042312</CSValueCode><CSValueName>14,4</CSValueName><CSValueRank>1</CSValueRank></CSValue><UnitOfMeasure><UnitOfMeasureCode>3000039</UnitOfMeasureCode><UnitOfMeasureName>Zentimeter</UnitOfMeasureName><UnitOfMeasureSymbol>cm</UnitOfMeasureSymbol></UnitOfMeasure></CSItem><CSItem><CSItemCode>PLMITM060002</CSItemCode><CSItemName>Länge</CSItemName><CSItemRank>2</CSItemRank><CSItemIsFreeFormat>1</CSItemIsFreeFormat><CSValue><CSValueCode>VA4042313</CSValueCode><CSValueName>13,4</CSValueName><CSValueRank>1</CSValueRank></CSValue><UnitOfMeasure><UnitOfMeasureCode>3000039</UnitOfMeasureCode><UnitOfMeasureName>Zentimeter</UnitOfMeasureName><UnitOfMeasureSymbol>cm</UnitOfMeasureSymbol></UnitOfMeasure></CSItem><CSItem><CSItemCode>PLMITM060003</CSItemCode><CSItemName>Breite</CSItemName><CSItemRank>3</CSItemRank><CSItemIsFreeFormat>1</CSItemIsFreeFormat><CSValue><CSValueCode>VA4042307</CSValueCode><CSValueName>11,5</CSValueName><CSValueRank>1</CSValueRank></CSValue><UnitOfMeasure><UnitOfMeasureCode>3000039</UnitOfMeasureCode><UnitOfMeasureName>Zentimeter</UnitOfMeasureName><UnitOfMeasureSymbol>cm</UnitOfMeasureSymbol></UnitOfMeasure></CSItem><CSItem><CSItemCode>PLMITM060004</CSItemCode><CSItemName>Gewicht</CSItemName><CSItemRank>4</CSItemRank><CSItemIsFreeFormat>1</CSItemIsFreeFormat><CSValue><CSValueCode>VA4042304</CSValueCode><CSValueName>0,641</CSValueName><CSValueRank>1</CSValueRank></CSValue><UnitOfMeasure><UnitOfMeasureCode>3000049</UnitOfMeasureCode><UnitOfMeasureName>Kilogramm</UnitOfMeasureName><UnitOfMeasureSymbol>kg</UnitOfMeasureSymbol></UnitOfMeasure></CSItem></CSChapter><CSChapter><CSChapterCode>PLMCHP070</CSChapterCode><CSChapterName>Verschiedenes</CSChapterName><CSChapterRank>70</CSChapterRank><CSItem><CSItemCode>PLMITM070001</CSItemCode><CSItemName>Speziell geeignet für</CSItemName><CSItemRank>1</CSItemRank><CSItemIsFreeFormat>0</CSItemIsFreeFormat><CSValue><CSValueCode>PLMATR0970L_B</CSValueCode><CSValueName>Wohn- und Schlafzimmer</CSValueName><CSValueRank>1</CSValueRank></CSValue></CSItem><CSItem><CSItemCode>PLMITM070002</CSItemCode><CSItemName>Style</CSItemName><CSItemRank>2</CSItemRank><CSItemIsFreeFormat>0</CSItemIsFreeFormat><CSValue><CSValueCode>PLMATR0628MOD</CSValueCode><CSValueName>Modern</CSValueName><CSValueRank>1</CSValueRank></CSValue></CSItem><CSItem><CSItemCode>PLMITM070003</CSItemCode><CSItemName>Typ</CSItemName><CSItemRank>3</CSItemRank><CSItemIsFreeFormat>0</CSItemIsFreeFormat><CSValue><CSValueCode>PLMATR0830SPOT</CSValueCode><CSValueName>Spot</CSValueName><CSValueRank>1</CSValueRank></CSValue></CSItem></CSChapter><Filters><Purpose type="Comparison"><Features><Feature code="F400083650" rank="1" referenceName="High light output 2017 LUM"/><Feature code="F400083545" rank="2" referenceName="Light for your daily routines"/><Feature code="F400083552" rank="3" referenceName="Installation free dimming"/><Feature code="F400083655" rank="4" referenceName="Smart control, home and away LUM 2017"/><Feature code="F400083660" rank="5" referenceName="Wake up and go to sleep LUM 2017"/><Feature code="F400083654" rank="6" referenceName="Create your ambiance (HUE LUM)"/><Feature code="F400083656" rank="7" referenceName="Timers for your convenience HUE LUM"/><Feature code="F400083553" rank="8" referenceName="Control it your way"/><Feature code="F400083658" rank="9" referenceName="Requires a bridge or switch"/></Features><CSItems><CSItem code="PLMITM010001" rank="1" referenceName="Design und Materialausführung - Material"/><CSItem code="PLMITM030001" rank="1" referenceName="Produktabmessungen und -gewicht - Höhe"/><CSItem code="PLMITM040001" rank="1" referenceName="Technische Daten - Netzstrom"/><CSItem code="PLMITM050001" rank="1" referenceName="Service - Garantie"/><CSItem code="PLMITM060001" rank="1" referenceName="Verpackungsmaße und -gewicht - Höhe"/><CSItem code="PLMITM070001" rank="1" referenceName="Verschiedenes - Speziell geeignet für"/><CSItem code="PLMITM010002" rank="2" referenceName="Design und Materialausführung - Farbe"/><CSItem code="PLMITM0776F2010" rank="2" referenceName="Zusatzfunktion/Zubehör im Lieferumfang enthalten - Dimmbar mit Hue App und Schalter"/><CSItem code="PLMITM040002" rank="2" referenceName="Technische Daten - Lichttechnologie"/><CSItem code="PLMITM060002" rank="2" referenceName="Verpackungsmaße und -gewicht - Länge"/><CSItem code="PLMITM070002" rank="2" referenceName="Verschiedenes - Style"/><CSItem code="PLMITM040003" rank="3" referenceName="Technische Daten - Anzahl Lichtquellen"/><CSItem code="PLMITM060003" rank="3" referenceName="Verpackungsmaße und -gewicht - Breite"/><CSItem code="PLMITM070003" rank="3" referenceName="Verschiedenes - Typ"/><CSItem code="PLMITM0776FX003" rank="4" referenceName="Zusatzfunktion/Zubehör im Lieferumfang enthalten - LED-Lampe(n) im Lieferumfang enthalten"/><CSItem code="PLMITM030004" rank="4" referenceName="Produktabmessungen und -gewicht - Länge"/><CSItem code="PLMITM040004" rank="4" referenceName="Technische Daten - Fassung/Sockel"/><CSItem code="PLMITM060004" rank="4" referenceName="Verpackungsmaße und -gewicht - Gewicht"/><CSItem code="PLMITM0776FX040" rank="5" referenceName="Zusatzfunktion/Zubehör im Lieferumfang enthalten - Schwenkbarer Spotkopf"/><CSItem code="PLMITM030005" rank="5" referenceName="Produktabmessungen und -gewicht - Breite"/><CSItem code="PLMITM040005" rank="5" referenceName="Technische Daten - Wattage der im Lieferumfang enthaltenen Leuchte"/><CSItem code="PLMITM0776FX052" rank="6" referenceName="Zusatzfunktion/Zubehör im Lieferumfang enthalten - ClickFix – einfache Montage"/><CSItem code="PLMITM030006" rank="6" referenceName="Produktabmessungen und -gewicht - Nettogewicht"/><CSItem code="PLMITM040006" rank="6" referenceName="Technische Daten - Maximale Wattage der Ersatzlampe"/><CSItem code="PLMITM040007" rank="7" referenceName="Technische Daten - Lichtfarbe"/><CSItem code="PLMITM040009" rank="9" referenceName="Technische Daten - Abstrahlungswinkel"/><CSItem code="PLMITM0400013" rank="13" referenceName="Technische Daten - Leuchte dimmbar"/><CSItem code="PLMITM0400014" rank="14" referenceName="Technische Daten - LED"/><CSItem code="PLMITM0400015" rank="15" referenceName="Technische Daten - Integrierte LED"/><CSItem code="PLMITM0400016" rank="16" referenceName="Technische Daten - Energieklasse der im Lieferumfang enthaltenen Lichtquelle"/><CSItem code="PLMITM0400017" rank="17" referenceName="Technische Daten - Leuchte ist kompatibel mit Lampe(n) der Klasse"/><CSItem code="PLMITM0400018" rank="18" referenceName="Technische Daten - Lebensdauer von bis zu"/><CSItem code="PLMITM040026" rank="26" referenceName="Technische Daten - IP-Code"/><CSItem code="PLMITM040027" rank="27" referenceName="Technische Daten - Schutzklasse"/><CSItem code="PLMITM0400051" rank="51" referenceName="Technische Daten - Lichtquelle entspricht Standardlampe"/><CSItem code="PLMITM0400052" rank="52" referenceName="Technische Daten - Lumenausgabe der im Lieferumfang enthaltenen Lampe"/></CSItems></Purpose><Purpose type="Detail"><Features><Feature code="F400083650" rank="1" referenceName="High light output 2017 LUM"/><Feature code="F400083545" rank="2" referenceName="Light for your daily routines"/><Feature code="F400083552" rank="3" referenceName="Installation free dimming"/><Feature code="F400083655" rank="4" referenceName="Smart control, home and away LUM 2017"/><Feature code="F400083660" rank="5" referenceName="Wake up and go to sleep LUM 2017"/><Feature code="F400083654" rank="6" referenceName="Create your ambiance (HUE LUM)"/><Feature code="F400083656" rank="7" referenceName="Timers for your convenience HUE LUM"/><Feature code="F400083553" rank="8" referenceName="Control it your way"/><Feature code="F400083658" rank="9" referenceName="Requires a bridge or switch"/></Features><CSItems><CSItem code="PLMITM010001" rank="1" referenceName="Design und Materialausführung - Material"/><CSItem code="PLMITM030001" rank="1" referenceName="Produktabmessungen und -gewicht - Höhe"/><CSItem code="PLMITM040001" rank="1" referenceName="Technische Daten - Netzstrom"/><CSItem code="PLMITM050001" rank="1" referenceName="Service - Garantie"/><CSItem code="PLMITM060001" rank="1" referenceName="Verpackungsmaße und -gewicht - Höhe"/><CSItem code="PLMITM070001" rank="1" referenceName="Verschiedenes - Speziell geeignet für"/><CSItem code="PLMITM010002" rank="2" referenceName="Design und Materialausführung - Farbe"/><CSItem code="PLMITM0776F2010" rank="2" referenceName="Zusatzfunktion/Zubehör im Lieferumfang enthalten - Dimmbar mit Hue App und Schalter"/><CSItem code="PLMITM040002" rank="2" referenceName="Technische Daten - Lichttechnologie"/><CSItem code="PLMITM060002" rank="2" referenceName="Verpackungsmaße und -gewicht - Länge"/><CSItem code="PLMITM070002" rank="2" referenceName="Verschiedenes - Style"/><CSItem code="PLMITM040003" rank="3" referenceName="Technische Daten - Anzahl Lichtquellen"/><CSItem code="PLMITM060003" rank="3" referenceName="Verpackungsmaße und -gewicht - Breite"/><CSItem code="PLMITM070003" rank="3" referenceName="Verschiedenes - Typ"/><CSItem code="PLMITM0776FX003" rank="4" referenceName="Zusatzfunktion/Zubehör im Lieferumfang enthalten - LED-Lampe(n) im Lieferumfang enthalten"/><CSItem code="PLMITM030004" rank="4" referenceName="Produktabmessungen und -gewicht - Länge"/><CSItem code="PLMITM040004" rank="4" referenceName="Technische Daten - Fassung/Sockel"/><CSItem code="PLMITM060004" rank="4" referenceName="Verpackungsmaße und -gewicht - Gewicht"/><CSItem code="PLMITM0776FX040" rank="5" referenceName="Zusatzfunktion/Zubehör im Lieferumfang enthalten - Schwenkbarer Spotkopf"/><CSItem code="PLMITM030005" rank="5" referenceName="Produktabmessungen und -gewicht - Breite"/><CSItem code="PLMITM040005" rank="5" referenceName="Technische Daten - Wattage der im Lieferumfang enthaltenen Leuchte"/><CSItem code="PLMITM0776FX052" rank="6" referenceName="Zusatzfunktion/Zubehör im Lieferumfang enthalten - ClickFix – einfache Montage"/><CSItem code="PLMITM030006" rank="6" referenceName="Produktabmessungen und -gewicht - Nettogewicht"/><CSItem code="PLMITM040006" rank="6" referenceName="Technische Daten - Maximale Wattage der Ersatzlampe"/><CSItem code="PLMITM040007" rank="7" referenceName="Technische Daten - Lichtfarbe"/><CSItem code="PLMITM040009" rank="9" referenceName="Technische Daten - Abstrahlungswinkel"/><CSItem code="PLMITM0400013" rank="13" referenceName="Technische Daten - Leuchte dimmbar"/><CSItem code="PLMITM0400014" rank="14" referenceName="Technische Daten - LED"/><CSItem code="PLMITM0400015" rank="15" referenceName="Technische Daten - Integrierte LED"/><CSItem code="PLMITM0400016" rank="16" referenceName="Technische Daten - Energieklasse der im Lieferumfang enthaltenen Lichtquelle"/><CSItem code="PLMITM0400017" rank="17" referenceName="Technische Daten - Leuchte ist kompatibel mit Lampe(n) der Klasse"/><CSItem code="PLMITM0400018" rank="18" referenceName="Technische Daten - Lebensdauer von bis zu"/><CSItem code="PLMITM040026" rank="26" referenceName="Technische Daten - IP-Code"/><CSItem code="PLMITM040027" rank="27" referenceName="Technische Daten - Schutzklasse"/><CSItem code="PLMITM0400051" rank="51" referenceName="Technische Daten - Lichtquelle entspricht Standardlampe"/><CSItem code="PLMITM0400052" rank="52" referenceName="Technische Daten - Lumenausgabe der im Lieferumfang enthaltenen Lampe"/></CSItems></Purpose></Filters><FeatureCompareGroups/><Disclaimers><Disclaimer code="DIS40011976" rank="1" referenceName="*Hue bridge sold separately"><DisclaimerText>*Hue Bridge separat erhältlich</DisclaimerText><DisclaimElements/></Disclaimer></Disclaimers><ProductReference ProductReferenceType="Performer"><CTN>5047130P7</CTN><ProductReferenceRank>0</ProductReferenceRank></ProductReference><ProductReference ProductReferenceType="Performer"><CTN>5047230P7</CTN><ProductReferenceRank>0</ProductReferenceRank></ProductReference><ProductReference ProductReferenceType="Performer"><CTN>5047330P7</CTN><ProductReferenceRank>0</ProductReferenceRank></ProductReference><ProductReference ProductReferenceType="Performer"><CTN>5047430P7</CTN><ProductReferenceRank>0</ProductReferenceRank></ProductReference><RichTexts/></Product></Products>