<?xml version="1.0" encoding="UTF-8"?><Products xmlns:source="http://apache.org/cocoon/source/1.0" DocStatus="approved" DocTimeStamp="2018-10-23T10:52:26"><Product Country="DE" IsAccessory="false" IsLocalized="true" IsMaster="false" Locale="de_DE" lastModified="2018-10-23T04:30:06" masterLastModified="2018-10-05T00:35:25"><CTN>366943816</CTN><Code12NC>915005050801</Code12NC><GTIN>8718696126790</GTIN><MarketingVersion>2.0.1</MarketingVersion><MarketingStatus>Final Published</MarketingStatus><CRDate>2015-01-09</CRDate><CRDateYW>201502</CRDateYW><ModelYears><ModelYear>2015</ModelYear></ModelYears><ProductDivision><ProductDivisionCode>0100</ProductDivisionCode><ProductDivisionName>Lighting</ProductDivisionName><FormerPDCode>0100</FormerPDCode></ProductDivision><ProductOwner>Tom Raman</ProductOwner><DTN>36694/38/16</DTN><Catalog><StartOfPublication>2015-08-24T00:00:00</StartOfPublication><EndOfPublication>2300-01-01T00:00:00</EndOfPublication><StartOfSales>2015-08-24T00:00:00</StartOfSales><EndOfSales>2300-01-01T00:00:00</EndOfSales><DummyPrice/><Deleted>false</Deleted><DeleteAfterDate/><ProductRank>50</ProductRank></Catalog><FinancialCategorization><BusinessGroupCode>9021</BusinessGroupCode><BusinessGroupName>Home</BusinessGroupName><BusinessUnitCode>9159</BusinessUnitCode><BusinessUnitName>Home Luminaires</BusinessUnitName><MainArticleGroupCode>G76</MainArticleGroupCode><MainArticleGroupName>Livingroom</MainArticleGroupName><ArticleGroupCode>4907</ArticleGroupCode><ArticleGroupName>Table</ArticleGroupName></FinancialCategorization><Categorization type="CONSUMER"><GroupCode>LIGHTING_GR</GroupCode><GroupName>Lighting</GroupName><CategoryCode>CHOOSE_YOUR_LUMINAIRE_CA</CategoryCode><CategoryName>Choose a fixture</CategoryName><SubcategoryCode>CONCEPT_MYLIVING_SU</SubcategoryCode><SubcategoryName>myLiving</SubcategoryName></Categorization><Assets><Asset code="366943816" description="User manual" extension="pdf" lastModified="2015-07-29" locale="de_DE" number="001" type="DFU">http://download.p4c.philips.com/files/3/366943816/366943816_dfu_deu.pdf</Asset><Asset code="366943816" description="Leaflet" extension="pdf" lastModified="2017-12-24" locale="de_DE" number="001" type="PSS">http://download.p4c.philips.com/files/3/366943816/366943816_pss_deude.pdf</Asset><Asset code="366943816" description="Quick start guide" extension="pdf" lastModified="2015-07-29" locale="de_DE" number="001" type="QSG">http://download.p4c.philips.com/files/3/366943816/366943816_qsg_deu.pdf</Asset><Asset code="366943816" description="Retail Trade Leaflet" extension="pdf" lastModified="2018-10-22" locale="de_DE" number="001" type="RTL">http://download.p4c.philips.com/files/3/366943816/366943816_rtl_deude.pdf</Asset><Asset code="366943816" description="Alternative product photograph 1 - highres 2196x1795" extension="tif" lastModified="2015-07-29" locale="global" number="001" type="A1P">http://images.philips.com/is/image/PhilipsConsumer/366943816-A1P-global-001</Asset><Asset code="366943816" description="Alternative product photograph 2 - highres 2196x1795" extension="tif" lastModified="2015-07-29" locale="global" number="001" type="A2P">http://images.philips.com/is/image/PhilipsConsumer/366943816-A2P-global-001</Asset><Asset code="366943816" description="Alternative product photograph - highres 2196x1795" extension="tif" lastModified="2015-07-29" locale="global" number="001" type="APP">http://images.philips.com/is/image/PhilipsConsumer/366943816-APP-global-001</Asset><Asset code="366943816" description="Main in-use photograph - highres 2480x1462" extension="tif" lastModified="2015-07-29" locale="global" number="001" type="MI1">http://images.philips.com/is/image/PhilipsConsumer/366943816-MI1-global-001</Asset><Asset code="366943816" description="Leaflet" extension="pdf" lastModified="2018-10-06" locale="global" number="001" type="PSS">http://download.p4c.philips.com/files/3/366943816/366943816_pss_.pdf</Asset><Asset code="366943816" description="Standard product photograph - highres 2196x1795" extension="tif" lastModified="2015-05-28" locale="global" number="001" type="RTP">http://images.philips.com/is/image/PhilipsConsumer/366943816-RTP-global-001</Asset><Asset code="366943816" description="Product In Use 1 - highres 2196x1795" extension="tif" lastModified="2018-04-04" locale="global" number="001" type="U1P">http://images.philips.com/is/image/PhilipsConsumer/366943816-U1P-global-001</Asset><Asset code="366943816" description="Product in use photograph - highres 2196x1795" extension="tif" lastModified="2018-03-26" locale="global" number="001" type="UPL">http://images.philips.com/is/image/PhilipsConsumer/366943816-UPL-global-001</Asset><Asset code="366943816" description="Single product shot" extension="" lastModified="2018-10-23" locale="de_DE" number="" type="IMS">http://images.philips.com/is/image/PhilipsConsumer/366943816-IMS-de_DE</Asset><Asset code="366943816" description="Product gallery image set" extension="" lastModified="2018-10-23" locale="de_DE" number="" type="GAL">http://images.philips.com/is/image/PhilipsConsumer/366943816-GAL-de_DE</Asset><Asset code="366943816" description="Product URL" extension="" lastModified="2018-10-23" locale="de_DE" number="" type="URL">http://www.philips.de/c-p/366943816/myliving-tischleuchte</Asset><Asset code="F400047608_366943816" description="Feature photograph - highres 2100x1170" extension="tif" lastModified="2015-07-29" locale="global" number="001" type="FIL">http://images.philips.com/is/image/PhilipsConsumer/F400047608_366943816-FIL-global-001</Asset><Asset code="F400057627" description="Feature photograph - highres 2100x1170" extension="tif" lastModified="2013-07-30" locale="global" number="001" type="FIL">http://images.philips.com/is/image/PhilipsConsumer/F400057627-FIL-global-001</Asset><Asset code="F400057628" description="Feature photograph - highres 2100x1170" extension="tif" lastModified="2014-05-16" locale="global" number="001" type="FIL">http://images.philips.com/is/image/PhilipsConsumer/F400057628-FIL-global-001</Asset><Asset code="F400057635" description="Feature photograph - highres 2100x1170" extension="tif" lastModified="2013-07-30" locale="global" number="001" type="FIL">http://images.philips.com/is/image/PhilipsConsumer/F400057635-FIL-global-001</Asset><Asset code="F400065394_366943816" description="Feature photograph - highres 2100x1170" extension="tif" lastModified="2015-07-29" locale="global" number="001" type="FIL">http://images.philips.com/is/image/PhilipsConsumer/F400065394_366943816-FIL-global-001</Asset><Asset code="F400065396_366943816" description="Feature photograph - highres 2100x1170" extension="tif" lastModified="2015-07-29" locale="global" number="001" type="FIL">http://images.philips.com/is/image/PhilipsConsumer/F400065396_366943816-FIL-global-001</Asset><Asset code="F400076495" description="Feature photograph - highres 2100x1170" extension="tif" lastModified="2016-01-18" locale="global" number="001" type="FIL">http://images.philips.com/is/image/PhilipsConsumer/F400076495-FIL-global-001</Asset><Asset code="PHI" description="Brand logo - highres 1476x886" extension="tif" lastModified="2016-02-18" locale="global" number="001" type="BRP">http://images.philips.com/is/image/PhilipsConsumer/PHI-BRP-global-001</Asset><Asset code="PLM0108MYL" description="Concept logo - lowres 198x198" extension="jpg" lastModified="2011-09-06" locale="global" number="001" type="CLL">http://images.philips.com/is/image/PhilipsConsumer/PLM0108MYL-CLL-global-001</Asset></Assets><ProductName>VARANDE LED-Tischleuchte, weiß</ProductName><FullProductName>Philips myLiving Tischleuchte 36694/38/16 VARANDE LED, weiß</FullProductName><NamingString><MasterBrand><BrandCode>PHI</BrandCode><BrandName>Philips</BrandName></MasterBrand><BrandString>Philips</BrandString><Concept><ConceptCode>PLM0108MYL</ConceptCode><ConceptName>myLiving</ConceptName><ConceptNameUsed>1</ConceptNameUsed></Concept><Descriptor><DescriptorCode>PLM0830TAB</DescriptorCode><DescriptorName>Tischleuchte</DescriptorName></Descriptor><Alphanumeric>36694/38/16</Alphanumeric><VersionElement1><VersionElementCode>PLM0005276</VersionElementCode><VersionElementName>VARANDE</VersionElementName></VersionElement1><VersionElement2><VersionElementCode>PLM018331</VersionElementCode><VersionElementName>Weiß</VersionElementName></VersionElement2><VersionElement3><VersionElementCode>PLM0814Y</VersionElementCode><VersionElementName>LED</VersionElementName></VersionElement3><VersionString>VARANDE LED, weiß</VersionString><BrandedFeatureString/><DescriptorBrandedFeatureString>Tischleuchte</DescriptorBrandedFeatureString></NamingString><WOW>Gestalten Sie Ihr Zuhause mit Licht</WOW><MarketingTextHeader>Diese Philips myLiving Varande Tischleuchte aus kugelförmigem, cremefarbenem Glas beleuchtet die Umgebung mit viel warmweißem LED-Licht. Das kugelförmige Design ist bei Tag und bei Nacht ein wunderschönes Dekorationsobjekt. Der Lichtschalter befindet sich am Kabel.</MarketingTextHeader><KeyBenefitArea><KeyBenefitAreaCode>K4027674</KeyBenefitAreaCode><KeyBenefitAreaName>Wie für Ihr Wohn- und Schlafzimmer gemacht</KeyBenefitAreaName><KeyBenefitAreaRank>1</KeyBenefitAreaRank><Feature><FeatureCode>F400065396_366943816</FeatureCode><FeatureReferenceName>Create a stylish atmosphere (LUMS)</FeatureReferenceName><FeatureName>Schaffen Sie eine stilvolle Atmosphäre</FeatureName><FeatureLongDescription>Schaffen Sie eine stilvolle und einladende Atmosphäre</FeatureLongDescription><FeatureGlossary>Diese Leuchte wurde nach gängigen Trends und Lebensstilen entwickelt. Sie fügt sich mühelos in Ihre Einrichtung ein und schafft so die von Ihnen gewünschte Atmosphäre.</FeatureGlossary><FeatureRank>1</FeatureRank><FeatureTopRank>6</FeatureTopRank></Feature><Feature><FeatureCode>F400065394_366943816</FeatureCode><FeatureReferenceName>Perfect to relax and socialise (LUMS)</FeatureReferenceName><FeatureName>Perfekt zum Entspannen und Verweilen</FeatureName><FeatureLongDescription>Perfekt zum Entspannen und Verweilen</FeatureLongDescription><FeatureGlossary>Das Wohnzimmer bildet das Herz jedes Zuhauses – es ist der Ort, an dem die Familie sich versammelt, entspannt und Gäste empfängt. Die Beleuchtung für Ihr Wohn- und Schlafzimmer muss flexibel sein und einfach an die unterschiedlichen Beleuchtungsbedürfnisse über den Tag hinweg angepasst werden können. Mit einer durchdachten Platzierung unterschiedlicher Lichtquellen und durch das Experimentieren mit mehrstufigen Beleuchtungsmöglichkeiten schaffen Sie Atmosphäre im Raum und verleihen ihm ein warmes, einladendes Ambiente.</FeatureGlossary><FeatureRank>2</FeatureRank><FeatureTopRank>7</FeatureTopRank></Feature></KeyBenefitArea><KeyBenefitArea><KeyBenefitAreaCode>K4005041</KeyBenefitAreaCode><KeyBenefitAreaName>Nachhaltige Lichtlösungen</KeyBenefitAreaName><KeyBenefitAreaRank>2</KeyBenefitAreaRank><Feature><FeatureCode>F400057628</FeatureCode><FeatureReferenceName>High quality LED light (LED integrated)</FeatureReferenceName><FeatureName>Hochwertiges LED-Licht</FeatureName><FeatureLongDescription>Hochwertiges LED-Licht</FeatureLongDescription><FeatureGlossary>Bei der LED Technologie, die in diese Philips Leuchte integriert ist, handelt es sich um eine einzigartige, von Philips entwickelte Lösung. Während das Licht sofort eingeschaltet ist, sorgt die Technologie für eine optimale Lichtleistung und bringt lebendige Farben in Ihr Zuhause.</FeatureGlossary><FeatureRank>3</FeatureRank><FeatureTopRank>1</FeatureTopRank></Feature><Feature><FeatureCode>F400076495</FeatureCode><FeatureReferenceName>5 year warranty on LED system</FeatureReferenceName><FeatureName>5 Jahre Garantie auf LED-System</FeatureName><FeatureLongDescription>Philips bietet 5 Jahre Garantie auf LED-Modul und Treiber</FeatureLongDescription><FeatureGlossary>Zusätzliche zur Standardgarantie von 2 Jahren bietet Philips für diese Leuchte 5 Jahre Garantie auf das LED-System, d. h. auf das LED-Modul und den Treiber in dieser Leuchte.</FeatureGlossary><FeatureRank>5</FeatureRank><FeatureTopRank>2</FeatureTopRank></Feature><Feature><FeatureCode>F400057635</FeatureCode><FeatureReferenceName>Warm white light (NEW lighting)</FeatureReferenceName><FeatureName>Warmweißes Licht</FeatureName><FeatureLongDescription>Warmweißes Licht</FeatureLongDescription><FeatureGlossary>Licht kann verschiedene Farbtemperaturen aufweisen, die in der Einheit Kelvin (K) angegeben werden. Leuchten mit einem niedrigen Kelvin-Wert erzeugen ein warmes, gemütlicheres Licht, wohingegen Leuchten mit einem höheren Kelvin-Wert ein kühles, belebenderes Licht erzeugen. Diese Philips Leuchte bietet warmweißes Licht für eine gemütliche Atmosphäre.</FeatureGlossary><FeatureRank>7</FeatureRank><FeatureTopRank>3</FeatureTopRank></Feature><Feature><FeatureCode>F400057627</FeatureCode><FeatureReferenceName>Energy saving (general NEW)</FeatureReferenceName><FeatureName>Energiesparend</FeatureName><FeatureLongDescription>Energiesparend</FeatureLongDescription><FeatureGlossary>Diese Philips Energiesparlampe ist im Vergleich zu herkömmlichen Glühlampen so energiesparend, dass Sie Geld bei Ihrer Stromrechnung sparen und einen Beitrag zur Umwelt leisten.</FeatureGlossary><FeatureRank>6</FeatureRank><FeatureTopRank>4</FeatureTopRank></Feature></KeyBenefitArea><KeyBenefitArea><KeyBenefitAreaCode>K4013393</KeyBenefitAreaCode><KeyBenefitAreaName>Besondere Eigenschaften</KeyBenefitAreaName><KeyBenefitAreaRank>3</KeyBenefitAreaRank><Feature><FeatureCode>F400047608_366943816</FeatureCode><FeatureReferenceName>On/off switch on cable</FeatureReferenceName><FeatureName>Ein-/Ausschalter am Kabel</FeatureName><FeatureLongDescription>Ein-/Ausschalter am Kabel</FeatureLongDescription><FeatureGlossary>Mit dem dezenten Schalter am Kabel können Sie die Leuchte einfach ein- und ausschalten.</FeatureGlossary><FeatureRank>4</FeatureRank><FeatureTopRank>5</FeatureTopRank></Feature></KeyBenefitArea><FeatureImage><FeatureCode>F400057628</FeatureCode><FeatureReferenceName>High quality LED light (LED integrated)</FeatureReferenceName><FeatureImageRank>1</FeatureImageRank></FeatureImage><FeatureImage><FeatureCode>F400076495</FeatureCode><FeatureReferenceName>5 year warranty on LED system</FeatureReferenceName><FeatureImageRank>2</FeatureImageRank></FeatureImage><FeatureImage><FeatureCode>F400057635</FeatureCode><FeatureReferenceName>Warm white light (NEW lighting)</FeatureReferenceName><FeatureImageRank>3</FeatureImageRank></FeatureImage><FeatureImage><FeatureCode>F400057627</FeatureCode><FeatureReferenceName>Energy saving (general NEW)</FeatureReferenceName><FeatureImageRank>4</FeatureImageRank></FeatureImage><FeatureImage><FeatureCode>F400047608_366943816</FeatureCode><FeatureReferenceName>On/off switch on cable</FeatureReferenceName><FeatureImageRank>5</FeatureImageRank></FeatureImage><FeatureImage><FeatureCode>F400065396_366943816</FeatureCode><FeatureReferenceName>Create a stylish atmosphere (LUMS)</FeatureReferenceName><FeatureImageRank>6</FeatureImageRank></FeatureImage><FeatureImage><FeatureCode>F400065394_366943816</FeatureCode><FeatureReferenceName>Perfect to relax and socialise (LUMS)</FeatureReferenceName><FeatureImageRank>7</FeatureImageRank></FeatureImage><FeatureHighlight><FeatureCode>F400057628</FeatureCode><FeatureReferenceName>High quality LED light (LED integrated)</FeatureReferenceName><FeatureHighlightRank>1</FeatureHighlightRank></FeatureHighlight><FeatureHighlight><FeatureCode>F400076495</FeatureCode><FeatureReferenceName>5 year warranty on LED system</FeatureReferenceName><FeatureHighlightRank>2</FeatureHighlightRank></FeatureHighlight><FeatureHighlight><FeatureCode>F400057635</FeatureCode><FeatureReferenceName>Warm white light (NEW lighting)</FeatureReferenceName><FeatureHighlightRank>3</FeatureHighlightRank></FeatureHighlight><FeatureHighlight><FeatureCode>F400057627</FeatureCode><FeatureReferenceName>Energy saving (general NEW)</FeatureReferenceName><FeatureHighlightRank>4</FeatureHighlightRank></FeatureHighlight><FeatureHighlight><FeatureCode>F400047608_366943816</FeatureCode><FeatureReferenceName>On/off switch on cable</FeatureReferenceName><FeatureHighlightRank>5</FeatureHighlightRank></FeatureHighlight><FeatureHighlight><FeatureCode>F400065396_366943816</FeatureCode><FeatureReferenceName>Create a stylish atmosphere (LUMS)</FeatureReferenceName><FeatureHighlightRank>6</FeatureHighlightRank></FeatureHighlight><FeatureHighlight><FeatureCode>F400065394_366943816</FeatureCode><FeatureReferenceName>Perfect to relax and socialise (LUMS)</FeatureReferenceName><FeatureHighlightRank>7</FeatureHighlightRank></FeatureHighlight><CSChapter><CSChapterCode>PLMCHP010</CSChapterCode><CSChapterName>Design und Materialausführung</CSChapterName><CSChapterRank>10</CSChapterRank><CSItem><CSItemCode>PLMITM010001</CSItemCode><CSItemName>Material</CSItemName><CSItemRank>1</CSItemRank><CSItemIsFreeFormat>0</CSItemIsFreeFormat><CSValue><CSValueCode>PLMATR0105ALABA</CSValueCode><CSValueName>Glas</CSValueName><CSValueRank>1</CSValueRank></CSValue></CSItem><CSItem><CSItemCode>PLMITM010002</CSItemCode><CSItemName>Farbe</CSItemName><CSItemRank>2</CSItemRank><CSItemIsFreeFormat>0</CSItemIsFreeFormat><CSValue><CSValueCode>PLMATR018331</CSValueCode><CSValueName>Weiß</CSValueName><CSValueRank>1</CSValueRank></CSValue></CSItem></CSChapter><CSChapter><CSChapterCode>PLMCHP020</CSChapterCode><CSChapterName>Zusatzfunktion/Zubehör im Lieferumfang enthalten</CSChapterName><CSChapterRank>20</CSChapterRank><CSItem><CSItemCode>PLMITM0776F3002</CSItemCode><CSItemName>Ein-/Ausschalter am Kabel</CSItemName><CSItemRank>3</CSItemRank><CSItemIsFreeFormat>0</CSItemIsFreeFormat><CSValue><CSValueCode>PLMATR0776F3002YES</CSValueCode><CSValueName>JA</CSValueName><CSValueRank>1</CSValueRank></CSValue></CSItem><CSItem><CSItemCode>PLMITM0776FX006</CSItemCode><CSItemName>LED integriert</CSItemName><CSItemRank>4</CSItemRank><CSItemIsFreeFormat>0</CSItemIsFreeFormat><CSValue><CSValueCode>PLMATR0776FX006YES</CSValueCode><CSValueName>JA</CSValueName><CSValueRank>1</CSValueRank></CSValue></CSItem><CSItem><CSItemCode>PLMITM0776FX065</CSItemCode><CSItemName>5 Jahre Garantie</CSItemName><CSItemRank>5</CSItemRank><CSItemIsFreeFormat>0</CSItemIsFreeFormat><CSValue><CSValueCode>PLMATR0776FX065YES</CSValueCode><CSValueName>JA</CSValueName><CSValueRank>1</CSValueRank></CSValue></CSItem></CSChapter><CSChapter><CSChapterCode>PLMCHP030</CSChapterCode><CSChapterName>Produktabmessungen und -gewicht</CSChapterName><CSChapterRank>30</CSChapterRank><CSItem><CSItemCode>PLMITM030001</CSItemCode><CSItemName>Höhe</CSItemName><CSItemRank>1</CSItemRank><CSItemIsFreeFormat>1</CSItemIsFreeFormat><CSValue><CSValueCode>VA4042333</CSValueCode><CSValueName>18</CSValueName><CSValueRank>1</CSValueRank></CSValue><UnitOfMeasure><UnitOfMeasureCode>3000039</UnitOfMeasureCode><UnitOfMeasureName>Zentimeter</UnitOfMeasureName><UnitOfMeasureSymbol>cm</UnitOfMeasureSymbol></UnitOfMeasure></CSItem><CSItem><CSItemCode>PLMITM030004</CSItemCode><CSItemName>Länge</CSItemName><CSItemRank>4</CSItemRank><CSItemIsFreeFormat>1</CSItemIsFreeFormat><CSValue><CSValueCode>VA4042309</CSValueCode><CSValueName>18</CSValueName><CSValueRank>1</CSValueRank></CSValue><UnitOfMeasure><UnitOfMeasureCode>3000039</UnitOfMeasureCode><UnitOfMeasureName>Zentimeter</UnitOfMeasureName><UnitOfMeasureSymbol>cm</UnitOfMeasureSymbol></UnitOfMeasure></CSItem><CSItem><CSItemCode>PLMITM030005</CSItemCode><CSItemName>Breite</CSItemName><CSItemRank>5</CSItemRank><CSItemIsFreeFormat>1</CSItemIsFreeFormat><CSValue><CSValueCode>VA4042311</CSValueCode><CSValueName>18</CSValueName><CSValueRank>1</CSValueRank></CSValue><UnitOfMeasure><UnitOfMeasureCode>3000039</UnitOfMeasureCode><UnitOfMeasureName>Zentimeter</UnitOfMeasureName><UnitOfMeasureSymbol>cm</UnitOfMeasureSymbol></UnitOfMeasure></CSItem><CSItem><CSItemCode>PLMITM030006</CSItemCode><CSItemName>Nettogewicht</CSItemName><CSItemRank>6</CSItemRank><CSItemIsFreeFormat>1</CSItemIsFreeFormat><CSValue><CSValueCode>VA4042308</CSValueCode><CSValueName>0,921</CSValueName><CSValueRank>1</CSValueRank></CSValue><UnitOfMeasure><UnitOfMeasureCode>3000049</UnitOfMeasureCode><UnitOfMeasureName>Kilogramm</UnitOfMeasureName><UnitOfMeasureSymbol>kg</UnitOfMeasureSymbol></UnitOfMeasure></CSItem></CSChapter><CSChapter><CSChapterCode>PLMCHP040</CSChapterCode><CSChapterName>Technische Daten</CSChapterName><CSChapterRank>40</CSChapterRank><CSItem><CSItemCode>PLMITM040001</CSItemCode><CSItemName>Netzstrom</CSItemName><CSItemRank>1</CSItemRank><CSItemIsFreeFormat>0</CSItemIsFreeFormat><CSValue><CSValueCode>PLMATR0719220-240</CSValueCode><CSValueName>Bereich 220V – 240V</CSValueName><CSValueRank>1</CSValueRank></CSValue><CSValue><CSValueCode>PLMATR067350/60HZ</CSValueCode><CSValueName>50-60 Hz</CSValueName><CSValueRank>2</CSValueRank></CSValue></CSItem><CSItem><CSItemCode>PLMITM040002</CSItemCode><CSItemName>Lichttechnologie</CSItemName><CSItemRank>2</CSItemRank><CSItemIsFreeFormat>0</CSItemIsFreeFormat><CSValue><CSValueCode>PLMATRBOIBULB10131LED</CSValueCode><CSValueName>LED</CSValueName><CSValueRank>1</CSValueRank></CSValue><CSValue><CSValueCode>PLMATR0329230</CSValueCode><CSValueName>230 V</CSValueName><CSValueRank>2</CSValueRank></CSValue></CSItem><CSItem><CSItemCode>PLMITM040003</CSItemCode><CSItemName>Anzahl Lichtquellen</CSItemName><CSItemRank>3</CSItemRank><CSItemIsFreeFormat>1</CSItemIsFreeFormat><CSValue><CSValueCode>VA4042306</CSValueCode><CSValueName>1</CSValueName><CSValueRank>1</CSValueRank></CSValue></CSItem><CSItem><CSItemCode>PLMITM040005</CSItemCode><CSItemName>Wattage des im Lieferumfang enthaltenen Leuchtmittels</CSItemName><CSItemRank>5</CSItemRank><CSItemIsFreeFormat>0</CSItemIsFreeFormat><CSValue><CSValueCode>PLMATR04603_5</CSValueCode><CSValueName>3,5 W</CSValueName><CSValueRank>1</CSValueRank></CSValue></CSItem><CSItem><CSItemCode>PLMITM040007</CSItemCode><CSItemName>Lichtfarbe</CSItemName><CSItemRank>7</CSItemRank><CSItemIsFreeFormat>0</CSItemIsFreeFormat><CSValue><CSValueCode>PLMATRBOIBULB106242700_K</CSValueCode><CSValueName>Warmweiß</CSValueName><CSValueRank>1</CSValueRank></CSValue></CSItem><CSItem><CSItemCode>PLMITM0400011</CSItemCode><CSItemName>Gesamtleistung in Lumen</CSItemName><CSItemRank>11</CSItemRank><CSItemIsFreeFormat>0</CSItemIsFreeFormat><CSValue><CSValueCode>PLMATR1096320</CSValueCode><CSValueName>320 lm</CSValueName><CSValueRank>1</CSValueRank></CSValue></CSItem><CSItem><CSItemCode>PLMITM0400013</CSItemCode><CSItemName>Leuchte dimmbar</CSItemName><CSItemRank>13</CSItemRank><CSItemIsFreeFormat>0</CSItemIsFreeFormat><CSValue><CSValueCode>PLMATR1075N</CSValueCode><CSValueName>Nein</CSValueName><CSValueRank>1</CSValueRank></CSValue></CSItem><CSItem><CSItemCode>PLMITM0400014</CSItemCode><CSItemName>LED</CSItemName><CSItemRank>14</CSItemRank><CSItemIsFreeFormat>0</CSItemIsFreeFormat><CSValue><CSValueCode>PLMATR0814Y</CSValueCode><CSValueName>Ja</CSValueName><CSValueRank>1</CSValueRank></CSValue></CSItem><CSItem><CSItemCode>PLMITM0400018</CSItemCode><CSItemName>Lebensdauer von bis zu</CSItemName><CSItemRank>18</CSItemRank><CSItemIsFreeFormat>1</CSItemIsFreeFormat><CSValue><CSValueCode>VA4094468</CSValueCode><CSValueName>25.000</CSValueName><CSValueRank>1</CSValueRank></CSValue><UnitOfMeasure><UnitOfMeasureCode>4000213</UnitOfMeasureCode><UnitOfMeasureName>Std.</UnitOfMeasureName><UnitOfMeasureSymbol>Std.</UnitOfMeasureSymbol></UnitOfMeasure></CSItem><CSItem><CSItemCode>PLMITM040026</CSItemCode><CSItemName>IP-Code</CSItemName><CSItemRank>26</CSItemRank><CSItemIsFreeFormat>0</CSItemIsFreeFormat><CSValue><CSValueCode>PLMATR0290IP20</CSValueCode><CSValueName>IP20</CSValueName><CSValueRank>1</CSValueRank></CSValue><CSValue><CSValueCode>PLMATR0290IP20-2</CSValueCode><CSValueName>Schutz gegen Objekte, die größer als 12,5 mm sind</CSValueName><CSValueRank>2</CSValueRank></CSValue><CSValue><CSValueCode>PLMATR0290IP20-3</CSValueCode><CSValueName>Kein Schutz vor Wasser</CSValueName><CSValueRank>3</CSValueRank></CSValue></CSItem><CSItem><CSItemCode>PLMITM040027</CSItemCode><CSItemName>Schutzklasse</CSItemName><CSItemRank>27</CSItemRank><CSItemIsFreeFormat>0</CSItemIsFreeFormat><CSValue><CSValueCode>PLMATR0289II</CSValueCode><CSValueName>II – Doppelte Isolierung</CSValueName><CSValueRank>1</CSValueRank></CSValue></CSItem><CSItem><CSItemCode>PLMITM0400051</CSItemCode><CSItemName>Lichtquelle entspricht Standardlampe</CSItemName><CSItemRank>51</CSItemRank><CSItemIsFreeFormat>1</CSItemIsFreeFormat><CSValue><CSValueCode>VA4081551</CSValueCode><CSValueName>30</CSValueName><CSValueRank>1</CSValueRank></CSValue><UnitOfMeasure><UnitOfMeasureCode>3000072</UnitOfMeasureCode><UnitOfMeasureName>Watt</UnitOfMeasureName><UnitOfMeasureSymbol>W</UnitOfMeasureSymbol></UnitOfMeasure></CSItem></CSChapter><CSChapter><CSChapterCode>PLMCHP050</CSChapterCode><CSChapterName>Service</CSChapterName><CSChapterRank>50</CSChapterRank><CSItem><CSItemCode>PLMITM050001</CSItemCode><CSItemName>Garantie</CSItemName><CSItemRank>1</CSItemRank><CSItemIsFreeFormat>0</CSItemIsFreeFormat><CSValue><CSValueCode>PLMATR02985</CSValueCode><CSValueName>5 Jahr(e)</CSValueName><CSValueRank>1</CSValueRank></CSValue></CSItem></CSChapter><CSChapter><CSChapterCode>PLMCHP060</CSChapterCode><CSChapterName>Verpackungsmaße und -gewicht</CSChapterName><CSChapterRank>60</CSChapterRank><CSItem><CSItemCode>PLMITM060001</CSItemCode><CSItemName>Höhe</CSItemName><CSItemRank>1</CSItemRank><CSItemIsFreeFormat>1</CSItemIsFreeFormat><CSValue><CSValueCode>VA4042312</CSValueCode><CSValueName>23,1</CSValueName><CSValueRank>1</CSValueRank></CSValue><UnitOfMeasure><UnitOfMeasureCode>3000039</UnitOfMeasureCode><UnitOfMeasureName>Zentimeter</UnitOfMeasureName><UnitOfMeasureSymbol>cm</UnitOfMeasureSymbol></UnitOfMeasure></CSItem><CSItem><CSItemCode>PLMITM060002</CSItemCode><CSItemName>Länge</CSItemName><CSItemRank>2</CSItemRank><CSItemIsFreeFormat>1</CSItemIsFreeFormat><CSValue><CSValueCode>VA4042313</CSValueCode><CSValueName>21,6</CSValueName><CSValueRank>1</CSValueRank></CSValue><UnitOfMeasure><UnitOfMeasureCode>3000039</UnitOfMeasureCode><UnitOfMeasureName>Zentimeter</UnitOfMeasureName><UnitOfMeasureSymbol>cm</UnitOfMeasureSymbol></UnitOfMeasure></CSItem><CSItem><CSItemCode>PLMITM060003</CSItemCode><CSItemName>Breite</CSItemName><CSItemRank>3</CSItemRank><CSItemIsFreeFormat>1</CSItemIsFreeFormat><CSValue><CSValueCode>VA4042307</CSValueCode><CSValueName>21,6</CSValueName><CSValueRank>1</CSValueRank></CSValue><UnitOfMeasure><UnitOfMeasureCode>3000039</UnitOfMeasureCode><UnitOfMeasureName>Zentimeter</UnitOfMeasureName><UnitOfMeasureSymbol>cm</UnitOfMeasureSymbol></UnitOfMeasure></CSItem><CSItem><CSItemCode>PLMITM060004</CSItemCode><CSItemName>Gewicht</CSItemName><CSItemRank>4</CSItemRank><CSItemIsFreeFormat>1</CSItemIsFreeFormat><CSValue><CSValueCode>VA4042304</CSValueCode><CSValueName>1,179</CSValueName><CSValueRank>1</CSValueRank></CSValue><UnitOfMeasure><UnitOfMeasureCode>3000049</UnitOfMeasureCode><UnitOfMeasureName>Kilogramm</UnitOfMeasureName><UnitOfMeasureSymbol>kg</UnitOfMeasureSymbol></UnitOfMeasure></CSItem></CSChapter><CSChapter><CSChapterCode>PLMCHP070</CSChapterCode><CSChapterName>Verschiedenes</CSChapterName><CSChapterRank>70</CSChapterRank><CSItem><CSItemCode>PLMITM070001</CSItemCode><CSItemName>Speziell geeignet für</CSItemName><CSItemRank>1</CSItemRank><CSItemIsFreeFormat>0</CSItemIsFreeFormat><CSValue><CSValueCode>PLMATR0970L_B</CSValueCode><CSValueName>Wohn- und Schlafzimmer</CSValueName><CSValueRank>1</CSValueRank></CSValue></CSItem><CSItem><CSItemCode>PLMITM070002</CSItemCode><CSItemName>Style</CSItemName><CSItemRank>2</CSItemRank><CSItemIsFreeFormat>0</CSItemIsFreeFormat><CSValue><CSValueCode>PLMATR0628HER</CSValueCode><CSValueName>Traditionell</CSValueName><CSValueRank>1</CSValueRank></CSValue></CSItem><CSItem><CSItemCode>PLMITM070003</CSItemCode><CSItemName>Typ</CSItemName><CSItemRank>3</CSItemRank><CSItemIsFreeFormat>0</CSItemIsFreeFormat><CSValue><CSValueCode>PLMATR0830TABLE</CSValueCode><CSValueName>Tischleuchte</CSValueName><CSValueRank>1</CSValueRank></CSValue></CSItem></CSChapter><Filters><Purpose type="Comparison"><Features><Feature code="F400057628" rank="1" referenceName="High quality LED light (LED integrated)"/><Feature code="F400076495" rank="2" referenceName="5 year warranty on LED system"/><Feature code="F400057635" rank="3" referenceName="Warm white light (NEW lighting)"/><Feature code="F400057627" rank="4" referenceName="Energy saving (general NEW)"/><Feature code="F400047608_366943816" rank="5" referenceName="On/off switch on cable"/><Feature code="F400065396_366943816" rank="6" referenceName="Create a stylish atmosphere (LUMS)"/><Feature code="F400065394_366943816" rank="7" referenceName="Perfect to relax and socialise (LUMS)"/></Features><CSItems><CSItem code="PLMITM010001" rank="1" referenceName="Design und Materialausführung - Material"/><CSItem code="PLMITM030001" rank="1" referenceName="Produktabmessungen und -gewicht - Höhe"/><CSItem code="PLMITM040001" rank="1" referenceName="Technische Daten - Netzstrom"/><CSItem code="PLMITM050001" rank="1" referenceName="Service - Garantie"/><CSItem code="PLMITM060001" rank="1" referenceName="Verpackungsmaße und -gewicht - Höhe"/><CSItem code="PLMITM070001" rank="1" referenceName="Verschiedenes - Speziell geeignet für"/><CSItem code="PLMITM010002" rank="2" referenceName="Design und Materialausführung - Farbe"/><CSItem code="PLMITM040002" rank="2" referenceName="Technische Daten - Lichttechnologie"/><CSItem code="PLMITM060002" rank="2" referenceName="Verpackungsmaße und -gewicht - Länge"/><CSItem code="PLMITM070002" rank="2" referenceName="Verschiedenes - Style"/><CSItem code="PLMITM0776F3002" rank="3" referenceName="Zusatzfunktion/Zubehör im Lieferumfang enthalten - Ein-/Ausschalter am Kabel"/><CSItem code="PLMITM040003" rank="3" referenceName="Technische Daten - Anzahl Lichtquellen"/><CSItem code="PLMITM060003" rank="3" referenceName="Verpackungsmaße und -gewicht - Breite"/><CSItem code="PLMITM070003" rank="3" referenceName="Verschiedenes - Typ"/><CSItem code="PLMITM0776FX006" rank="4" referenceName="Zusatzfunktion/Zubehör im Lieferumfang enthalten - LED integriert"/><CSItem code="PLMITM030004" rank="4" referenceName="Produktabmessungen und -gewicht - Länge"/><CSItem code="PLMITM060004" rank="4" referenceName="Verpackungsmaße und -gewicht - Gewicht"/><CSItem code="PLMITM0776FX065" rank="5" referenceName="Zusatzfunktion/Zubehör im Lieferumfang enthalten - 5 Jahre Garantie"/><CSItem code="PLMITM030005" rank="5" referenceName="Produktabmessungen und -gewicht - Breite"/><CSItem code="PLMITM040005" rank="5" referenceName="Technische Daten - Wattage des im Lieferumfang enthaltenen Leuchtmittels"/><CSItem code="PLMITM030006" rank="6" referenceName="Produktabmessungen und -gewicht - Nettogewicht"/><CSItem code="PLMITM040007" rank="7" referenceName="Technische Daten - Lichtfarbe"/><CSItem code="PLMITM0400011" rank="11" referenceName="Technische Daten - Gesamtleistung in Lumen"/><CSItem code="PLMITM0400013" rank="13" referenceName="Technische Daten - Leuchte dimmbar"/><CSItem code="PLMITM0400014" rank="14" referenceName="Technische Daten - LED"/><CSItem code="PLMITM0400018" rank="18" referenceName="Technische Daten - Lebensdauer von bis zu"/><CSItem code="PLMITM040026" rank="26" referenceName="Technische Daten - IP-Code"/><CSItem code="PLMITM040027" rank="27" referenceName="Technische Daten - Schutzklasse"/><CSItem code="PLMITM0400051" rank="51" referenceName="Technische Daten - Lichtquelle entspricht Standardlampe"/></CSItems></Purpose><Purpose type="Detail"><Features><Feature code="F400057628" rank="1" referenceName="High quality LED light (LED integrated)"/><Feature code="F400076495" rank="2" referenceName="5 year warranty on LED system"/><Feature code="F400057635" rank="3" referenceName="Warm white light (NEW lighting)"/><Feature code="F400057627" rank="4" referenceName="Energy saving (general NEW)"/><Feature code="F400047608_366943816" rank="5" referenceName="On/off switch on cable"/><Feature code="F400065396_366943816" rank="6" referenceName="Create a stylish atmosphere (LUMS)"/><Feature code="F400065394_366943816" rank="7" referenceName="Perfect to relax and socialise (LUMS)"/></Features><CSItems><CSItem code="PLMITM010001" rank="1" referenceName="Design und Materialausführung - Material"/><CSItem code="PLMITM030001" rank="1" referenceName="Produktabmessungen und -gewicht - Höhe"/><CSItem code="PLMITM040001" rank="1" referenceName="Technische Daten - Netzstrom"/><CSItem code="PLMITM050001" rank="1" referenceName="Service - Garantie"/><CSItem code="PLMITM060001" rank="1" referenceName="Verpackungsmaße und -gewicht - Höhe"/><CSItem code="PLMITM070001" rank="1" referenceName="Verschiedenes - Speziell geeignet für"/><CSItem code="PLMITM010002" rank="2" referenceName="Design und Materialausführung - Farbe"/><CSItem code="PLMITM040002" rank="2" referenceName="Technische Daten - Lichttechnologie"/><CSItem code="PLMITM060002" rank="2" referenceName="Verpackungsmaße und -gewicht - Länge"/><CSItem code="PLMITM070002" rank="2" referenceName="Verschiedenes - Style"/><CSItem code="PLMITM0776F3002" rank="3" referenceName="Zusatzfunktion/Zubehör im Lieferumfang enthalten - Ein-/Ausschalter am Kabel"/><CSItem code="PLMITM040003" rank="3" referenceName="Technische Daten - Anzahl Lichtquellen"/><CSItem code="PLMITM060003" rank="3" referenceName="Verpackungsmaße und -gewicht - Breite"/><CSItem code="PLMITM070003" rank="3" referenceName="Verschiedenes - Typ"/><CSItem code="PLMITM0776FX006" rank="4" referenceName="Zusatzfunktion/Zubehör im Lieferumfang enthalten - LED integriert"/><CSItem code="PLMITM030004" rank="4" referenceName="Produktabmessungen und -gewicht - Länge"/><CSItem code="PLMITM060004" rank="4" referenceName="Verpackungsmaße und -gewicht - Gewicht"/><CSItem code="PLMITM0776FX065" rank="5" referenceName="Zusatzfunktion/Zubehör im Lieferumfang enthalten - 5 Jahre Garantie"/><CSItem code="PLMITM030005" rank="5" referenceName="Produktabmessungen und -gewicht - Breite"/><CSItem code="PLMITM040005" rank="5" referenceName="Technische Daten - Wattage des im Lieferumfang enthaltenen Leuchtmittels"/><CSItem code="PLMITM030006" rank="6" referenceName="Produktabmessungen und -gewicht - Nettogewicht"/><CSItem code="PLMITM040007" rank="7" referenceName="Technische Daten - Lichtfarbe"/><CSItem code="PLMITM0400011" rank="11" referenceName="Technische Daten - Gesamtleistung in Lumen"/><CSItem code="PLMITM0400013" rank="13" referenceName="Technische Daten - Leuchte dimmbar"/><CSItem code="PLMITM0400014" rank="14" referenceName="Technische Daten - LED"/><CSItem code="PLMITM0400018" rank="18" referenceName="Technische Daten - Lebensdauer von bis zu"/><CSItem code="PLMITM040026" rank="26" referenceName="Technische Daten - IP-Code"/><CSItem code="PLMITM040027" rank="27" referenceName="Technische Daten - Schutzklasse"/><CSItem code="PLMITM0400051" rank="51" referenceName="Technische Daten - Lichtquelle entspricht Standardlampe"/></CSItems></Purpose></Filters><FeatureCompareGroups/><Disclaimers/><RichTexts/></Product></Products>