<?xml version="1.0" encoding="UTF-8"?><Products xmlns:source="http://apache.org/cocoon/source/1.0" DocStatus="approved" DocTimeStamp="2018-10-23T10:52:26"><Product Country="DE" IsAccessory="false" IsLocalized="true" IsMaster="false" Locale="de_DE" lastModified="2018-10-23T04:30:06" masterLastModified="2017-11-08T00:30:49"><CTN>8718696706275</CTN><Code12NC>929001345401</Code12NC><GTIN>8718696706275</GTIN><MarketingVersion>4.1.1</MarketingVersion><MarketingStatus>Final Published</MarketingStatus><CRDate>2017-05-05</CRDate><CRDateYW>201718</CRDateYW><ModelYears><ModelYear>2017</ModelYear></ModelYears><ProductDivision><ProductDivisionCode>0100</ProductDivisionCode><ProductDivisionName>Lighting</ProductDivisionName><FormerPDCode>0100</FormerPDCode></ProductDivision><ProductOwner>Daphne Lafond</ProductOwner><DTN>8718696706275</DTN><Catalog><StartOfPublication>2017-06-05T00:00:00</StartOfPublication><EndOfPublication>2027-06-05T00:00:00</EndOfPublication><StartOfSales>2017-06-05T00:00:00</StartOfSales><EndOfSales>2027-06-05T00:00:00</EndOfSales><DummyPrice/><Deleted>false</Deleted><DeleteAfterDate/><ProductRank>50</ProductRank></Catalog><FinancialCategorization><BusinessGroupCode>9240</BusinessGroupCode><BusinessGroupName>LED</BusinessGroupName><BusinessUnitCode>0118</BusinessUnitCode><BusinessUnitName>LED Lamps</BusinessUnitName><MainArticleGroupCode>L70</MainArticleGroupCode><MainArticleGroupName>LED Candle &amp; Lustre</MainArticleGroupName><ArticleGroupCode>3946</ArticleGroupCode><ArticleGroupName>Candles &amp; Lustres - Glass</ArticleGroupName></FinancialCategorization><Categorization type="CONSUMER"><GroupCode>LIGHTING_GR</GroupCode><GroupName>Lighting</GroupName><CategoryCode>CHOOSE_A_BULB_CA</CategoryCode><CategoryName>Choose a bulb</CategoryName><SubcategoryCode>LUSTER_BULB_SU</SubcategoryCode><SubcategoryName>Luster</SubcategoryName></Categorization><Assets><Asset code="8718696706275" description="Leaflet" extension="pdf" lastModified="2017-12-24" locale="de_DE" number="001" type="PSS">http://download.p4c.philips.com/files/8/8718696706275/8718696706275_pss_deude.pdf</Asset><Asset code="8718696706275" description="Retail Trade Leaflet" extension="pdf" lastModified="2018-10-05" locale="de_DE" number="001" type="RTL">http://download.p4c.philips.com/files/8/8718696706275/8718696706275_rtl_deude.pdf</Asset><Asset code="8718696706275" description="Emotional Benefit 1 - highres 2196x1795" extension="tif" lastModified="2018-03-09" locale="global" number="001" type="E1P">http://images.philips.com/is/image/PhilipsConsumer/8718696706275-E1P-global-001</Asset><Asset code="8718696706275" description="Europeen Energy Label" extension="pdf" lastModified="2017-04-04" locale="global" number="001" type="EEL">http://download.p4c.philips.com/files/8/8718696706275/8718696706275_eel_.pdf</Asset><Asset code="8718696706275" description="Energy Label - Rainbow " extension="pdf" lastModified="2017-05-23" locale="global" number="001" type="ELR">http://download.p4c.philips.com/files/8/8718696706275/8718696706275_elr_.pdf</Asset><Asset code="8718696706275" description="Packaging photograph - highres 1447x756" extension="tif" lastModified="2017-04-20" locale="global" number="001" type="PID">http://images.philips.com/is/image/PhilipsConsumer/8718696706275-PID-global-001</Asset><Asset code="8718696706275" description="Packaging photograph - master" extension="jpg" lastModified="2017-04-20" locale="global" number="001" type="PIM">http://download.p4c.philips.com/files/8/8718696706275/8718696706275_pim_.jpg</Asset><Asset code="8718696706275" description="Packaging photograph - small 90x65" extension="jpg" lastModified="2017-04-20" locale="global" number="001" type="PIS">http://download.p4c.philips.com/files/8/8718696706275/8718696706275_pis_.jpg</Asset><Asset code="8718696706275" description="Leaflet" extension="pdf" lastModified="2018-10-03" locale="global" number="001" type="PSS">http://download.p4c.philips.com/files/8/8718696706275/8718696706275_pss_.pdf</Asset><Asset code="8718696706275" description="Standard product photograph - highres 2196x1795" extension="tif" lastModified="2017-04-20" locale="global" number="001" type="RTP">http://images.philips.com/is/image/PhilipsConsumer/8718696706275-RTP-global-001</Asset><Asset code="8718696706275" description="Product in use photograph - highres 2196x1795" extension="tif" lastModified="2018-03-27" locale="global" number="001" type="UPL">http://images.philips.com/is/image/PhilipsConsumer/8718696706275-UPL-global-001</Asset><Asset code="8718696706275" description="Single product shot" extension="" lastModified="2018-10-23" locale="de_DE" number="" type="IMS">http://images.philips.com/is/image/PhilipsConsumer/8718696706275-IMS-de_DE</Asset><Asset code="8718696706275" description="Product gallery image set" extension="" lastModified="2018-10-23" locale="de_DE" number="" type="GAL">http://images.philips.com/is/image/PhilipsConsumer/8718696706275-GAL-de_DE</Asset><Asset code="8718696706275" description="Product URL" extension="" lastModified="2018-10-23" locale="de_DE" number="" type="URL">http://www.philips.de/c-p/8718696706275/led-tropfenform</Asset><Asset code="F400082348" description="Feature photograph - highres 2100x1170" extension="tif" lastModified="2017-06-07" locale="global" number="001" type="FIL">http://images.philips.com/is/image/PhilipsConsumer/F400082348-FIL-global-001</Asset><Asset code="F400082355" description="Feature photograph - highres 2100x1170" extension="tif" lastModified="2017-06-07" locale="global" number="001" type="FIL">http://images.philips.com/is/image/PhilipsConsumer/F400082355-FIL-global-001</Asset><Asset code="F400082363" description="Feature photograph - highres 2100x1170" extension="tif" lastModified="2017-06-07" locale="global" number="001" type="FIL">http://images.philips.com/is/image/PhilipsConsumer/F400082363-FIL-global-001</Asset><Asset code="F400082385" description="Feature photograph - highres 2100x1170" extension="tif" lastModified="2017-06-07" locale="global" number="001" type="FIL">http://images.philips.com/is/image/PhilipsConsumer/F400082385-FIL-global-001</Asset><Asset code="F400082396" description="Feature photograph - highres 2100x1170" extension="tif" lastModified="2017-06-07" locale="global" number="001" type="FIL">http://images.philips.com/is/image/PhilipsConsumer/F400082396-FIL-global-001</Asset><Asset code="F400082434" description="Feature photograph - highres 2100x1170" extension="tif" lastModified="2017-06-07" locale="global" number="001" type="FIL">http://images.philips.com/is/image/PhilipsConsumer/F400082434-FIL-global-001</Asset><Asset code="F400082440" description="Feature photograph - highres 2100x1170" extension="tif" lastModified="2017-06-07" locale="global" number="001" type="FIL">http://images.philips.com/is/image/PhilipsConsumer/F400082440-FIL-global-001</Asset><Asset code="F400086860" description="Feature photograph - highres 2100x1170" extension="tif" lastModified="2018-06-08" locale="global" number="001" type="FIL">http://images.philips.com/is/image/PhilipsConsumer/F400086860-FIL-global-001</Asset><Asset code="PHI" description="Brand logo - highres 1476x886" extension="tif" lastModified="2016-02-18" locale="global" number="001" type="BRP">http://images.philips.com/is/image/PhilipsConsumer/PHI-BRP-global-001</Asset></Assets><ProductName>2,2 W (25 W), E14, warmweiß, nicht dimmbar, Tropfenform</ProductName><FullProductName>Philips LED Tropfenform 8718696706275 2,2 W (25 W), E14, warmweiß, nicht dimmbar</FullProductName><NamingString><MasterBrand><BrandCode>PHI</BrandCode><BrandName>Philips</BrandName></MasterBrand><BrandString>Philips</BrandString><Family><FamilyCode>SB40002784</FamilyCode><FamilyName>LED</FamilyName><FamilyNameUsed>1</FamilyNameUsed></Family><Descriptor><DescriptorCode>D4020022</DescriptorCode><DescriptorName>Tropfenform</DescriptorName></Descriptor><Alphanumeric>8718696706275</Alphanumeric><VersionElement1><VersionElementCode>V4044487</VersionElementCode><VersionElementName>2,2 W (25 W)</VersionElementName></VersionElement1><VersionElement2><VersionElementCode>D4011845</VersionElementCode><VersionElementName>E14</VersionElementName></VersionElement2><VersionElement3><VersionElementCode>V4008533</VersionElementCode><VersionElementName>Warmweiß</VersionElementName></VersionElement3><VersionElement4><VersionElementCode>V4038179</VersionElementCode><VersionElementName>Nicht dimmbar</VersionElementName></VersionElement4><VersionString>2,2 W (25 W), E14, warmweiß, nicht dimmbar</VersionString><BrandedFeatureString/><DescriptorBrandedFeatureString>Tropfenform</DescriptorBrandedFeatureString></NamingString><WOW>Entwickelt, um gesehen zu werden</WOW><SubWOW>Sieht nicht nur ein- sondern auch ausgeschaltet gut aus</SubWOW><MarketingTextHeader>Formen, die Sie kennen und lieben. Sie verbrauchen aufgrund der neuen LED-Energiespartechnologie etwa 80 % weniger Energie als herkömmliche Glühbirnen und haben eine zehnmal höhere Lebensdauer.</MarketingTextHeader><KeyBenefitArea><KeyBenefitAreaCode>K4034413</KeyBenefitAreaCode><KeyBenefitAreaName>Entscheiden Sie sich für hochwertige Lampen</KeyBenefitAreaName><KeyBenefitAreaRank>1</KeyBenefitAreaRank><Feature><FeatureCode>F400082355</FeatureCode><FeatureReferenceName>2700K [LED lamps]</FeatureReferenceName><FeatureName>Warmweißes Licht wie bei einer Glühlampe</FeatureName><FeatureLongDescription>Warmweißes Licht wie bei einer Glühlampe</FeatureLongDescription><FeatureGlossary>Diese Glühlampe hat eine Farbtemperatur von 2700 K und bietet Ihnen eine warme und ruhige Atmosphäre, die perfekt zum Entspannen ist. Sie eignet sich ideal zur Beleuchtung Ihres Zuhauses.</FeatureGlossary><FeatureRank>2</FeatureRank><FeatureTopRank>1</FeatureTopRank></Feature><Feature><FeatureCode>F400082348</FeatureCode><FeatureReferenceName>Learn about light</FeatureReferenceName><FeatureName>Erfahren Sie mehr über Licht</FeatureName><FeatureLongDescription>Erfahren Sie mehr über Licht</FeatureLongDescription><FeatureGlossary>Farbtemperatur: Licht kann verschiedene Farbtemperaturen aufweisen, die in der Einheit Kelvin (K) angegeben werden. Lampen mit einem niedrigen Kelvin-Wert erzeugen ein warmes, ruhiges Licht, wohingegen Lampen mit einem höheren Kelvin-Wert ein kühles, belebendes Licht erzeugen. CRI: Der Farbwiedergabeindex (CRI) beschreibt die Wirkung einer Lichtquelle auf die Farbausgabe. Natürliches Sonnenlicht hat einen CRI von 100. Der CRI von Philips LED-Glühlampen liegt stets über 80, was eine natürliche Farbdarstellung garantiert.</FeatureGlossary><FeatureRank>6</FeatureRank><FeatureTopRank>7</FeatureTopRank></Feature></KeyBenefitArea><KeyBenefitArea><KeyBenefitAreaCode>K4034414</KeyBenefitAreaCode><KeyBenefitAreaName>Wählen Sie einen einfachen Ersatz für Ihre alten Glühbirnen</KeyBenefitAreaName><KeyBenefitAreaRank>2</KeyBenefitAreaRank><Feature><FeatureCode>F400082396</FeatureCode><FeatureReferenceName>Replaces luster incandescent</FeatureReferenceName><FeatureName>Ersetzt Glühlampen in Tropfenform</FeatureName><FeatureLongDescription>Ähnliche Form und Größe wie Glühlampen in Tropfenform</FeatureLongDescription><FeatureGlossary>Mit ihrem wunderschönen Design und den gebräuchlichen Abmessungen ist dies eine zeitgenössische LED-Tropfenlampe. Der perfekte nachhaltige Ersatz für herkömmliche Glühlampen in Tropfenform.</FeatureGlossary><FeatureRank>5</FeatureRank><FeatureTopRank>2</FeatureTopRank></Feature><Feature><FeatureCode>F400082434</FeatureCode><FeatureReferenceName>No UV or Infra</FeatureReferenceName><FeatureName>Kein UV oder IR</FeatureName><FeatureLongDescription>Kein UV oder Infrarot</FeatureLongDescription><FeatureGlossary>Das Licht hat keine Infrarotkomponente, sodass keine Wärme abgegeben wird. Ebenso ist keine Ultraviolettkomponente enthalten. Diese beiden Merkmale bedeuten, dass Stoffe und andere Gegenstände durch dieses Licht nicht verblassen.</FeatureGlossary><FeatureRank>7</FeatureRank><FeatureTopRank>6</FeatureTopRank></Feature></KeyBenefitArea><KeyBenefitArea><KeyBenefitAreaCode>K4034415</KeyBenefitAreaCode><KeyBenefitAreaName>Entscheiden Sie sich für eine nachhaltige Lösung</KeyBenefitAreaName><KeyBenefitAreaRank>3</KeyBenefitAreaRank><Feature><FeatureCode>F400082363</FeatureCode><FeatureReferenceName>15,000-hour rated average life</FeatureReferenceName><FeatureName>15.000 Stunden durchschnittliche Lebensdauer</FeatureName><FeatureLongDescription>Lampen mit langer Lebensdauer – bis zu 15 Jahre</FeatureLongDescription><FeatureGlossary>Mit einer Lebensdauer von bis zu 15.000 Stunden reduzieren Sie den Aufwand, der durch häufiges Austauschen Ihrer Lampen entsteht, und können über 15 Jahre eine perfekte Beleuchtungslösung genießen.</FeatureGlossary><FeatureRank>1</FeatureRank><FeatureTopRank>3</FeatureTopRank></Feature><Feature><FeatureCode>F400082440</FeatureCode><FeatureReferenceName>Saves up to 80% NRJ</FeatureReferenceName><FeatureName>Spart bis zu 80 % Energie</FeatureName><FeatureLongDescription>Schont den Geldbeutel und die Umwelt</FeatureLongDescription><FeatureGlossary>Die LED-Technologie spart bis zu 80 % Energie im Vergleich zu einer herkömmlichen Glühlampe. Sie macht sich schnell bezahlt und spart Ihnen Jahr um Jahr bares Geld. Darüber hinaus trägt sie zum Schutz der Umwelt bei.</FeatureGlossary><FeatureRank>3</FeatureRank><FeatureTopRank>4</FeatureTopRank></Feature></KeyBenefitArea><KeyBenefitArea><KeyBenefitAreaCode>K4034416</KeyBenefitAreaCode><KeyBenefitAreaName>Schaffen Sie das richtige Licht für Ihr Zuhause</KeyBenefitAreaName><KeyBenefitAreaRank>4</KeyBenefitAreaRank><Feature><FeatureCode>F400082385</FeatureCode><FeatureReferenceName>Lustre [LED lamps]</FeatureReferenceName><FeatureName>Perfekt für dekorative Leuchten</FeatureName><FeatureLongDescription>Perfekt für dekorative Leuchten</FeatureLongDescription><FeatureGlossary>Moderne Beleuchtung mit LED-Tropfenlampen von Philips für dekorative Leuchten wie Kronleuchter, Deckenventilatoren, Spiegelbeleuchtungen und Wegeleuchten.</FeatureGlossary><FeatureRank>4</FeatureRank><FeatureTopRank>5</FeatureTopRank></Feature></KeyBenefitArea><FeatureImage><FeatureCode>F400082355</FeatureCode><FeatureReferenceName>2700K [LED lamps]</FeatureReferenceName><FeatureImageRank>1</FeatureImageRank></FeatureImage><FeatureImage><FeatureCode>F400082396</FeatureCode><FeatureReferenceName>Replaces luster incandescent</FeatureReferenceName><FeatureImageRank>2</FeatureImageRank></FeatureImage><FeatureImage><FeatureCode>F400082363</FeatureCode><FeatureReferenceName>15,000-hour rated average life</FeatureReferenceName><FeatureImageRank>3</FeatureImageRank></FeatureImage><FeatureImage><FeatureCode>F400082440</FeatureCode><FeatureReferenceName>Saves up to 80% NRJ</FeatureReferenceName><FeatureImageRank>4</FeatureImageRank></FeatureImage><FeatureImage><FeatureCode>F400082385</FeatureCode><FeatureReferenceName>Lustre [LED lamps]</FeatureReferenceName><FeatureImageRank>5</FeatureImageRank></FeatureImage><FeatureImage><FeatureCode>F400082434</FeatureCode><FeatureReferenceName>No UV or Infra</FeatureReferenceName><FeatureImageRank>6</FeatureImageRank></FeatureImage><FeatureImage><FeatureCode>F400082348</FeatureCode><FeatureReferenceName>Learn about light</FeatureReferenceName><FeatureImageRank>7</FeatureImageRank></FeatureImage><FeatureHighlight><FeatureCode>F400082355</FeatureCode><FeatureReferenceName>2700K [LED lamps]</FeatureReferenceName><FeatureHighlightRank>1</FeatureHighlightRank></FeatureHighlight><FeatureHighlight><FeatureCode>F400082396</FeatureCode><FeatureReferenceName>Replaces luster incandescent</FeatureReferenceName><FeatureHighlightRank>2</FeatureHighlightRank></FeatureHighlight><FeatureHighlight><FeatureCode>F400082363</FeatureCode><FeatureReferenceName>15,000-hour rated average life</FeatureReferenceName><FeatureHighlightRank>3</FeatureHighlightRank></FeatureHighlight><FeatureHighlight><FeatureCode>F400082440</FeatureCode><FeatureReferenceName>Saves up to 80% NRJ</FeatureReferenceName><FeatureHighlightRank>4</FeatureHighlightRank></FeatureHighlight><FeatureHighlight><FeatureCode>F400082385</FeatureCode><FeatureReferenceName>Lustre [LED lamps]</FeatureReferenceName><FeatureHighlightRank>5</FeatureHighlightRank></FeatureHighlight><FeatureHighlight><FeatureCode>F400082434</FeatureCode><FeatureReferenceName>No UV or Infra</FeatureReferenceName><FeatureHighlightRank>6</FeatureHighlightRank></FeatureHighlight><FeatureHighlight><FeatureCode>F400082348</FeatureCode><FeatureReferenceName>Learn about light</FeatureReferenceName><FeatureHighlightRank>7</FeatureHighlightRank></FeatureHighlight><CSChapter><CSChapterCode>CH4006022</CSChapterCode><CSChapterName>Lampeneigenschaften</CSChapterName><CSChapterRank>1</CSChapterRank><CSItem><CSItemCode>IT4029275</CSItemCode><CSItemName>Form</CSItemName><CSItemRank>8</CSItemRank><CSItemIsFreeFormat>0</CSItemIsFreeFormat><CSValue><CSValueCode>VA4067768</CSValueCode><CSValueName>Tropfenform</CSValueName><CSValueRank>17</CSValueRank></CSValue></CSItem><CSItem><CSItemCode>IT4029277</CSItemCode><CSItemName>Sockel/Fassung</CSItemName><CSItemRank>14</CSItemRank><CSItemIsFreeFormat>0</CSItemIsFreeFormat><CSValue><CSValueCode>VA4067779</CSValueCode><CSValueName>E14</CSValueName><CSValueRank>14</CSValueRank></CSValue></CSItem><CSItem><CSItemCode>IT4029279</CSItemCode><CSItemName>Dimmbar</CSItemName><CSItemRank>20</CSItemRank><CSItemIsFreeFormat>0</CSItemIsFreeFormat><CSValue><CSValueCode>VA4067747</CSValueCode><CSValueName>Nein</CSValueName><CSValueRank>2</CSValueRank></CSValue></CSItem><CSItem><CSItemCode>IT4036606</CSItemCode><CSItemName>Spannung</CSItemName><CSItemRank>24</CSItemRank><CSItemIsFreeFormat>0</CSItemIsFreeFormat><CSValue><CSValueCode>VA4085091</CSValueCode><CSValueName>220 bis 240 V</CSValueName><CSValueRank>15</CSValueRank></CSValue></CSItem><CSItem><CSItemCode>IT4037689</CSItemCode><CSItemName>Wattleistung</CSItemName><CSItemRank>27</CSItemRank><CSItemIsFreeFormat>1</CSItemIsFreeFormat><CSValue><CSValueCode>VA4087427</CSValueCode><CSValueName>2,2</CSValueName><CSValueRank>1</CSValueRank></CSValue></CSItem><CSItem><CSItemCode>IT4037690</CSItemCode><CSItemName>Vergleichbare Wattleistung einer Glühlampe</CSItemName><CSItemRank>32</CSItemRank><CSItemIsFreeFormat>1</CSItemIsFreeFormat><CSValue><CSValueCode>VA4087428</CSValueCode><CSValueName>25</CSValueName><CSValueRank>1</CSValueRank></CSValue></CSItem></CSChapter><CSChapter><CSChapterCode>CH4005202</CSChapterCode><CSChapterName>Stromverbrauch</CSChapterName><CSChapterRank>2</CSChapterRank><CSItem><CSItemCode>IT4026378</CSItemCode><CSItemName>Energieeffizienzklasse</CSItemName><CSItemRank>7</CSItemRank><CSItemIsFreeFormat>0</CSItemIsFreeFormat><CSValue><CSValueCode>VA4082939</CSValueCode><CSValueName>A++</CSValueName><CSValueRank>13</CSValueRank></CSValue></CSItem><CSItem><CSItemCode>IT4029053</CSItemCode><CSItemName>Energieverbrauch pro 1000 Std.</CSItemName><CSItemRank>12</CSItemRank><CSItemIsFreeFormat>1</CSItemIsFreeFormat><CSValue><CSValueCode>VA4067444</CSValueCode><CSValueName>3</CSValueName><CSValueRank>1</CSValueRank></CSValue><UnitOfMeasure><UnitOfMeasureCode>4000161</UnitOfMeasureCode><UnitOfMeasureName>Kilowattstunde</UnitOfMeasureName><UnitOfMeasureSymbol>kWh</UnitOfMeasureSymbol></UnitOfMeasure></CSItem></CSChapter><CSChapter><CSChapterCode>CH4005203</CSChapterCode><CSChapterName>Lichteigenschaften</CSChapterName><CSChapterRank>3</CSChapterRank><CSItem><CSItemCode>IT4026387</CSItemCode><CSItemName>Lichtleistung</CSItemName><CSItemRank>1</CSItemRank><CSItemIsFreeFormat>1</CSItemIsFreeFormat><CSValue><CSValueCode>VA4062484</CSValueCode><CSValueName>250</CSValueName><CSValueRank>1</CSValueRank></CSValue><UnitOfMeasure><UnitOfMeasureCode>4000123</UnitOfMeasureCode><UnitOfMeasureName>Lumen</UnitOfMeasureName><UnitOfMeasureSymbol>Lumen</UnitOfMeasureSymbol></UnitOfMeasure></CSItem><CSItem><CSItemCode>IT4029158</CSItemCode><CSItemName>Farbe</CSItemName><CSItemRank>21</CSItemRank><CSItemIsFreeFormat>0</CSItemIsFreeFormat><CSValue><CSValueCode>VA4067569</CSValueCode><CSValueName>Warmweiß</CSValueName><CSValueRank>1</CSValueRank></CSValue></CSItem><CSItem><CSItemCode>IT4029159</CSItemCode><CSItemName>Farbtemperatur</CSItemName><CSItemRank>22</CSItemRank><CSItemIsFreeFormat>1</CSItemIsFreeFormat><CSValue><CSValueCode>VA4067572</CSValueCode><CSValueName>2700</CSValueName><CSValueRank>1</CSValueRank></CSValue><UnitOfMeasure><UnitOfMeasureCode>4000041</UnitOfMeasureCode><UnitOfMeasureName>Kelvin</UnitOfMeasureName><UnitOfMeasureSymbol>K</UnitOfMeasureSymbol></UnitOfMeasure></CSItem><CSItem><CSItemCode>IT4026384</CSItemCode><CSItemName>Lichteffekt/-farbe</CSItemName><CSItemRank>30</CSItemRank><CSItemIsFreeFormat>0</CSItemIsFreeFormat><CSValue><CSValueCode>VA4062505</CSValueCode><CSValueName>Warmweiß</CSValueName><CSValueRank>8</CSValueRank></CSValue></CSItem><CSItem><CSItemCode>IT4029170</CSItemCode><CSItemName>Farbwiedergabeindex (CRI)</CSItemName><CSItemRank>31</CSItemRank><CSItemIsFreeFormat>1</CSItemIsFreeFormat><CSValue><CSValueCode>VA4067596</CSValueCode><CSValueName>80</CSValueName><CSValueRank>1</CSValueRank></CSValue></CSItem><CSItem><CSItemCode>IT4026390</CSItemCode><CSItemName>Startzeit</CSItemName><CSItemRank>33</CSItemRank><CSItemIsFreeFormat>0</CSItemIsFreeFormat><CSValue><CSValueCode>VA4082665</CSValueCode><CSValueName>&lt; 0,5</CSValueName><CSValueRank>12</CSValueRank></CSValue><UnitOfMeasure><UnitOfMeasureCode>3000069</UnitOfMeasureCode><UnitOfMeasureName>Sekunde</UnitOfMeasureName><UnitOfMeasureSymbol>s</UnitOfMeasureSymbol></UnitOfMeasure></CSItem><CSItem><CSItemCode>IT4029160</CSItemCode><CSItemName>Anlaufzeit, bis 60% der maximalen Helligkeit erreicht sind</CSItemName><CSItemRank>34</CSItemRank><CSItemIsFreeFormat>0</CSItemIsFreeFormat><CSValue><CSValueCode>VA4067639</CSValueCode><CSValueName>Sofort volle Lichtleistung</CSValueName><CSValueRank>9</CSValueRank></CSValue></CSItem><CSItem><CSItemCode>IT4043370</CSItemCode><CSItemName>Augenfreundlich</CSItemName><CSItemRank>35</CSItemRank><CSItemIsFreeFormat>0</CSItemIsFreeFormat><CSValue><CSValueCode>VA4100049</CSValueCode><CSValueName>Augenfreundlich</CSValueName><CSValueRank>3</CSValueRank></CSValue></CSItem></CSChapter><CSChapter><CSChapterCode>CH4005204</CSChapterCode><CSChapterName>Lebensdauer</CSChapterName><CSChapterRank>4</CSChapterRank><CSItem><CSItemCode>IT4029169</CSItemCode><CSItemName>Lebensdauer der Lampe</CSItemName><CSItemRank>5</CSItemRank><CSItemIsFreeFormat>1</CSItemIsFreeFormat><CSValue><CSValueCode>VA4067595</CSValueCode><CSValueName>15000</CSValueName><CSValueRank>1</CSValueRank></CSValue><UnitOfMeasure><UnitOfMeasureCode>4000007</UnitOfMeasureCode><UnitOfMeasureName>Stunde</UnitOfMeasureName><UnitOfMeasureSymbol>Stunde(n)</UnitOfMeasureSymbol></UnitOfMeasure></CSItem><CSItem><CSItemCode>IT4029171</CSItemCode><CSItemName>Anzahl der Schaltzyklen</CSItemName><CSItemRank>10</CSItemRank><CSItemIsFreeFormat>1</CSItemIsFreeFormat><CSValue><CSValueCode>VA4067598</CSValueCode><CSValueName>20000</CSValueName><CSValueRank>1</CSValueRank></CSValue></CSItem><CSItem><CSItemCode>IT4029193</CSItemCode><CSItemName>Lichtstromerhalt</CSItemName><CSItemRank>18</CSItemRank><CSItemIsFreeFormat>0</CSItemIsFreeFormat><CSValue><CSValueCode>VA4067614</CSValueCode><CSValueName>0,7</CSValueName><CSValueRank>7</CSValueRank></CSValue></CSItem><CSItem><CSItemCode>IT4029164</CSItemCode><CSItemName>Durchschnittliche Lebensdauer (bei 2,7 Stunden/Tag)</CSItemName><CSItemRank>23</CSItemRank><CSItemIsFreeFormat>1</CSItemIsFreeFormat><CSValue><CSValueCode>VA4067588</CSValueCode><CSValueName>15</CSValueName><CSValueRank>1</CSValueRank></CSValue><UnitOfMeasure><UnitOfMeasureCode>4000081</UnitOfMeasureCode><UnitOfMeasureName>Jahre</UnitOfMeasureName><UnitOfMeasureSymbol>Jahr(e)</UnitOfMeasureSymbol></UnitOfMeasure></CSItem></CSChapter><CSChapter><CSChapterCode>CH4006021</CSChapterCode><CSChapterName>Lampenabmessungen</CSChapterName><CSChapterRank>5</CSChapterRank><CSItem><CSItemCode>IT4029271</CSItemCode><CSItemName>Höhe</CSItemName><CSItemRank>3</CSItemRank><CSItemIsFreeFormat>1</CSItemIsFreeFormat><CSValue><CSValueCode>VA4067741</CSValueCode><CSValueName>80</CSValueName><CSValueRank>1</CSValueRank></CSValue><UnitOfMeasure><UnitOfMeasureCode>3000058</UnitOfMeasureCode><UnitOfMeasureName>Millimeter</UnitOfMeasureName><UnitOfMeasureSymbol>mm</UnitOfMeasureSymbol></UnitOfMeasure></CSItem><CSItem><CSItemCode>IT4029272</CSItemCode><CSItemName>Breite</CSItemName><CSItemRank>16</CSItemRank><CSItemIsFreeFormat>1</CSItemIsFreeFormat><CSValue><CSValueCode>VA4067742</CSValueCode><CSValueName>45</CSValueName><CSValueRank>1</CSValueRank></CSValue><UnitOfMeasure><UnitOfMeasureCode>3000058</UnitOfMeasureCode><UnitOfMeasureName>Millimeter</UnitOfMeasureName><UnitOfMeasureSymbol>mm</UnitOfMeasureSymbol></UnitOfMeasure></CSItem></CSChapter><CSChapter><CSChapterCode>CH4005206</CSChapterCode><CSChapterName>Andere Eigenschaften</CSChapterName><CSChapterRank>6</CSChapterRank><CSItem><CSItemCode>IT4026404</CSItemCode><CSItemName>Quecksilbergehalt</CSItemName><CSItemRank>4</CSItemRank><CSItemIsFreeFormat>1</CSItemIsFreeFormat><CSValue><CSValueCode>VA4062631</CSValueCode><CSValueName>0</CSValueName><CSValueRank>1</CSValueRank></CSValue><UnitOfMeasure><UnitOfMeasureCode>4000142</UnitOfMeasureCode><UnitOfMeasureName>mg</UnitOfMeasureName><UnitOfMeasureSymbol>mg</UnitOfMeasureSymbol></UnitOfMeasure></CSItem><CSItem><CSItemCode>IT4026405</CSItemCode><CSItemName>Leistungsfaktor</CSItemName><CSItemRank>11</CSItemRank><CSItemIsFreeFormat>1</CSItemIsFreeFormat><CSValue><CSValueCode>VA4062632</CSValueCode><CSValueName>0,4</CSValueName><CSValueRank>1</CSValueRank></CSValue></CSItem><CSItem><CSItemCode>IT4026406</CSItemCode><CSItemName>Lampenstrom</CSItemName><CSItemRank>17</CSItemRank><CSItemIsFreeFormat>1</CSItemIsFreeFormat><CSValue><CSValueCode>VA4062633</CSValueCode><CSValueName>21</CSValueName><CSValueRank>1</CSValueRank></CSValue><UnitOfMeasure><UnitOfMeasureCode>4000141</UnitOfMeasureCode><UnitOfMeasureName>mA</UnitOfMeasureName><UnitOfMeasureSymbol>mA</UnitOfMeasureSymbol></UnitOfMeasure></CSItem><CSItem><CSItemCode>IT4041312</CSItemCode><CSItemName>Bereich</CSItemName><CSItemRank>25</CSItemRank><CSItemIsFreeFormat>0</CSItemIsFreeFormat><CSValue><CSValueCode>VA4096083</CSValueCode><CSValueName>LED Classic</CSValueName><CSValueRank>6</CSValueRank></CSValue></CSItem><CSItem><CSItemCode>IT4041650</CSItemCode><CSItemName>Lampenklassifizierung Risikogruppe</CSItemName><CSItemRank>28</CSItemRank><CSItemIsFreeFormat>0</CSItemIsFreeFormat><CSValue><CSValueCode>VA4096588</CSValueCode><CSValueName>RG1</CSValueName><CSValueRank>10</CSValueRank></CSValue></CSItem></CSChapter><CSChapter><CSChapterCode>CH4005207</CSChapterCode><CSChapterName>Nennwerte</CSChapterName><CSChapterRank>7</CSChapterRank><CSItem><CSItemCode>IT4026407</CSItemCode><CSItemName>Nennleistung</CSItemName><CSItemRank>2</CSItemRank><CSItemIsFreeFormat>1</CSItemIsFreeFormat><CSValue><CSValueCode>VA4062634</CSValueCode><CSValueName>2,2</CSValueName><CSValueRank>1</CSValueRank></CSValue><UnitOfMeasure><UnitOfMeasureCode>3000072</UnitOfMeasureCode><UnitOfMeasureName>Watt</UnitOfMeasureName><UnitOfMeasureSymbol>W</UnitOfMeasureSymbol></UnitOfMeasure></CSItem><CSItem><CSItemCode>IT4026408</CSItemCode><CSItemName>Nennlichtstrom</CSItemName><CSItemRank>9</CSItemRank><CSItemIsFreeFormat>1</CSItemIsFreeFormat><CSValue><CSValueCode>VA4062635</CSValueCode><CSValueName>250</CSValueName><CSValueRank>1</CSValueRank></CSValue><UnitOfMeasure><UnitOfMeasureCode>4000123</UnitOfMeasureCode><UnitOfMeasureName>Lumen</UnitOfMeasureName><UnitOfMeasureSymbol>Lumen</UnitOfMeasureSymbol></UnitOfMeasure></CSItem><CSItem><CSItemCode>IT4029167</CSItemCode><CSItemName>Nennlebensdauer</CSItemName><CSItemRank>15</CSItemRank><CSItemIsFreeFormat>1</CSItemIsFreeFormat><CSValue><CSValueCode>VA4067593</CSValueCode><CSValueName>15000</CSValueName><CSValueRank>1</CSValueRank></CSValue><UnitOfMeasure><UnitOfMeasureCode>4000007</UnitOfMeasureCode><UnitOfMeasureName>Stunde</UnitOfMeasureName><UnitOfMeasureSymbol>Stunde(n)</UnitOfMeasureSymbol></UnitOfMeasure></CSItem></CSChapter><Filters><Purpose type="Comparison"><Features><Feature code="F400082355" rank="1" referenceName="2700K [LED lamps]"/><Feature code="F400082396" rank="2" referenceName="Replaces luster incandescent"/><Feature code="F400082363" rank="3" referenceName="15,000-hour rated average life"/><Feature code="F400082440" rank="4" referenceName="Saves up to 80% NRJ"/><Feature code="F400082385" rank="5" referenceName="Lustre [LED lamps]"/><Feature code="F400082434" rank="6" referenceName="No UV or Infra"/><Feature code="F400082348" rank="7" referenceName="Learn about light"/></Features><CSItems><CSItem code="IT4026387" rank="1" referenceName="Lichteigenschaften - Lichtleistung"/><CSItem code="IT4026407" rank="2" referenceName="Nennwerte - Nennleistung"/><CSItem code="IT4029271" rank="3" referenceName="Lampenabmessungen - Höhe"/><CSItem code="IT4026404" rank="4" referenceName="Andere Eigenschaften - Quecksilbergehalt"/><CSItem code="IT4029169" rank="5" referenceName="Lebensdauer - Lebensdauer der Lampe"/><CSItem code="IT4026378" rank="7" referenceName="Stromverbrauch - Energieeffizienzklasse"/><CSItem code="IT4029275" rank="8" referenceName="Lampeneigenschaften - Form"/><CSItem code="IT4026408" rank="9" referenceName="Nennwerte - Nennlichtstrom"/><CSItem code="IT4029171" rank="10" referenceName="Lebensdauer - Anzahl der Schaltzyklen"/><CSItem code="IT4026405" rank="11" referenceName="Andere Eigenschaften - Leistungsfaktor"/><CSItem code="IT4029053" rank="12" referenceName="Stromverbrauch - Energieverbrauch pro 1000 Std."/><CSItem code="IT4029277" rank="14" referenceName="Lampeneigenschaften - Sockel/Fassung"/><CSItem code="IT4029167" rank="15" referenceName="Nennwerte - Nennlebensdauer"/><CSItem code="IT4029272" rank="16" referenceName="Lampenabmessungen - Breite"/><CSItem code="IT4026406" rank="17" referenceName="Andere Eigenschaften - Lampenstrom"/><CSItem code="IT4029193" rank="18" referenceName="Lebensdauer - Lichtstromerhalt"/><CSItem code="IT4029279" rank="20" referenceName="Lampeneigenschaften - Dimmbar"/><CSItem code="IT4029158" rank="21" referenceName="Lichteigenschaften - Farbe"/><CSItem code="IT4029159" rank="22" referenceName="Lichteigenschaften - Farbtemperatur"/><CSItem code="IT4029164" rank="23" referenceName="Lebensdauer - Durchschnittliche Lebensdauer (bei 2,7 Stunden/Tag)"/><CSItem code="IT4036606" rank="24" referenceName="Lampeneigenschaften - Spannung"/><CSItem code="IT4041312" rank="25" referenceName="Andere Eigenschaften - Bereich"/><CSItem code="IT4037689" rank="27" referenceName="Lampeneigenschaften - Wattleistung"/><CSItem code="IT4041650" rank="28" referenceName="Andere Eigenschaften - Lampenklassifizierung Risikogruppe"/><CSItem code="IT4026384" rank="30" referenceName="Lichteigenschaften - Lichteffekt/-farbe"/><CSItem code="IT4029170" rank="31" referenceName="Lichteigenschaften - Farbwiedergabeindex (CRI)"/><CSItem code="IT4037690" rank="32" referenceName="Lampeneigenschaften - Vergleichbare Wattleistung einer Glühlampe"/><CSItem code="IT4026390" rank="33" referenceName="Lichteigenschaften - Startzeit"/><CSItem code="IT4029160" rank="34" referenceName="Lichteigenschaften - Anlaufzeit, bis 60% der maximalen Helligkeit erreicht sind"/><CSItem code="IT4043370" rank="35" referenceName="Lichteigenschaften - Augenfreundlich"/></CSItems></Purpose><Purpose type="Detail"><Features><Feature code="F400082355" rank="1" referenceName="2700K [LED lamps]"/><Feature code="F400082396" rank="2" referenceName="Replaces luster incandescent"/><Feature code="F400082363" rank="3" referenceName="15,000-hour rated average life"/><Feature code="F400082440" rank="4" referenceName="Saves up to 80% NRJ"/><Feature code="F400082385" rank="5" referenceName="Lustre [LED lamps]"/><Feature code="F400082434" rank="6" referenceName="No UV or Infra"/><Feature code="F400082348" rank="7" referenceName="Learn about light"/></Features><CSItems><CSItem code="IT4026387" rank="1" referenceName="Lichteigenschaften - Lichtleistung"/><CSItem code="IT4026407" rank="2" referenceName="Nennwerte - Nennleistung"/><CSItem code="IT4029271" rank="3" referenceName="Lampenabmessungen - Höhe"/><CSItem code="IT4026404" rank="4" referenceName="Andere Eigenschaften - Quecksilbergehalt"/><CSItem code="IT4029169" rank="5" referenceName="Lebensdauer - Lebensdauer der Lampe"/><CSItem code="IT4026378" rank="7" referenceName="Stromverbrauch - Energieeffizienzklasse"/><CSItem code="IT4029275" rank="8" referenceName="Lampeneigenschaften - Form"/><CSItem code="IT4026408" rank="9" referenceName="Nennwerte - Nennlichtstrom"/><CSItem code="IT4029171" rank="10" referenceName="Lebensdauer - Anzahl der Schaltzyklen"/><CSItem code="IT4026405" rank="11" referenceName="Andere Eigenschaften - Leistungsfaktor"/><CSItem code="IT4029053" rank="12" referenceName="Stromverbrauch - Energieverbrauch pro 1000 Std."/><CSItem code="IT4029277" rank="14" referenceName="Lampeneigenschaften - Sockel/Fassung"/><CSItem code="IT4029167" rank="15" referenceName="Nennwerte - Nennlebensdauer"/><CSItem code="IT4029272" rank="16" referenceName="Lampenabmessungen - Breite"/><CSItem code="IT4026406" rank="17" referenceName="Andere Eigenschaften - Lampenstrom"/><CSItem code="IT4029193" rank="18" referenceName="Lebensdauer - Lichtstromerhalt"/><CSItem code="IT4029279" rank="20" referenceName="Lampeneigenschaften - Dimmbar"/><CSItem code="IT4029158" rank="21" referenceName="Lichteigenschaften - Farbe"/><CSItem code="IT4029159" rank="22" referenceName="Lichteigenschaften - Farbtemperatur"/><CSItem code="IT4029164" rank="23" referenceName="Lebensdauer - Durchschnittliche Lebensdauer (bei 2,7 Stunden/Tag)"/><CSItem code="IT4036606" rank="24" referenceName="Lampeneigenschaften - Spannung"/><CSItem code="IT4041312" rank="25" referenceName="Andere Eigenschaften - Bereich"/><CSItem code="IT4037689" rank="27" referenceName="Lampeneigenschaften - Wattleistung"/><CSItem code="IT4041650" rank="28" referenceName="Andere Eigenschaften - Lampenklassifizierung Risikogruppe"/><CSItem code="IT4026384" rank="30" referenceName="Lichteigenschaften - Lichteffekt/-farbe"/><CSItem code="IT4029170" rank="31" referenceName="Lichteigenschaften - Farbwiedergabeindex (CRI)"/><CSItem code="IT4037690" rank="32" referenceName="Lampeneigenschaften - Vergleichbare Wattleistung einer Glühlampe"/><CSItem code="IT4026390" rank="33" referenceName="Lichteigenschaften - Startzeit"/><CSItem code="IT4029160" rank="34" referenceName="Lichteigenschaften - Anlaufzeit, bis 60% der maximalen Helligkeit erreicht sind"/><CSItem code="IT4043370" rank="35" referenceName="Lichteigenschaften - Augenfreundlich"/></CSItems></Purpose></Filters><FeatureCompareGroups/><Disclaimers/><RichTexts/></Product></Products>