<?xml version="1.0" encoding="UTF-8"?><Products xmlns:source="http://apache.org/cocoon/source/1.0" DocStatus="approved" DocTimeStamp="2018-10-23T10:52:26"><Product Country="DE" IsAccessory="false" IsMaster="false" Locale="de_DE" lastModified="2018-10-23T04:30:06" masterLastModified="2018-10-19T00:31:00"><CTN>CP0362/01</CTN><GTIN/><MarketingVersion>5.0.1</MarketingVersion><MarketingStatus>Final Published</MarketingStatus><CRDate>2016-04-15</CRDate><CRDateYW>201616</CRDateYW><ModelYears><ModelYear>2016</ModelYear></ModelYears><ProductDivision><ProductDivisionCode>0200</ProductDivisionCode><ProductDivisionName>Consumer Lifestyle</ProductDivisionName><FormerPDCode>0300</FormerPDCode></ProductDivision><ProductOwner>Huanhuan Guo</ProductOwner><DTN>CP0362</DTN><Catalog><StartOfPublication>2016-05-15T00:00:00</StartOfPublication><EndOfPublication>2090-05-15T00:00:00</EndOfPublication><StartOfSales>2016-05-15T00:00:00</StartOfSales><EndOfSales>2090-05-15T00:00:00</EndOfSales><DummyPrice/><Deleted>false</Deleted><DeleteAfterDate/><ProductRank>50</ProductRank></Catalog><FinancialCategorization><BusinessGroupCode>9044</BusinessGroupCode><BusinessGroupName>Personal Care</BusinessGroupName><BusinessUnitCode>0321</BusinessUnitCode><BusinessUnitName>Male Grooming</BusinessUnitName><MainArticleGroupCode>E01</MainArticleGroupCode><MainArticleGroupName>Shaving 3 Heads</MainArticleGroupName><ArticleGroupCode>0618</ArticleGroupCode><ArticleGroupName>Other Shaving Core Range</ArticleGroupName></FinancialCategorization><Categorization type="CONSUMER"><GroupCode>PERSONAL_CARE_GR</GroupCode><GroupName>Personal care</GroupName><CategoryCode>ACCESSORIES_AND_REPLACEMENTS_CA</CategoryCode><CategoryName>Accessories and replacements</CategoryName><SubcategoryCode>SERVICABLE_PARTS_SU</SubcategoryCode><SubcategoryName>Serviceable parts</SubcategoryName></Categorization><Assets><Asset code="CP0362_01" description="Leaflet" extension="pdf" lastModified="2018-10-21" locale="de_DE" number="001" type="PSS">http://download.p4c.philips.com/files/c/cp0362_01/cp0362_01_pss_deude.pdf</Asset><Asset code="CP0362_01" description="Retail Trade Leaflet" extension="pdf" lastModified="2018-10-22" locale="de_DE" number="001" type="RTL">http://download.p4c.philips.com/files/c/cp0362_01/cp0362_01_rtl_deude.pdf</Asset><Asset code="CP0362_01" description="Leaflet" extension="pdf" lastModified="2018-10-10" locale="global" number="001" type="PSS">http://download.p4c.philips.com/files/c/cp0362_01/cp0362_01_pss_.pdf</Asset><Asset code="CP0362_01" description="Leaflet" extension="pdf" lastModified="2018-10-10" locale="en_US" number="001" type="PSS">http://download.p4c.philips.com/files/c/cp0362_01/cp0362_01_pss_aenus.pdf</Asset><Asset code="CP0362_01" description="Standard product photograph - highres 2196x1795" extension="tif" lastModified="2016-06-22" locale="global" number="001" type="RTP">http://images.philips.com/is/image/PhilipsConsumer/CP0362_01-RTP-global-001</Asset><Asset code="CP0362_01" description="Single product shot" extension="" lastModified="2018-10-23" locale="de_DE" number="" type="IMS">http://images.philips.com/is/image/PhilipsConsumer/CP0362_01-IMS-de_DE</Asset><Asset code="CP0362_01" description="Product gallery image set" extension="" lastModified="2018-10-23" locale="de_DE" number="" type="GAL">http://images.philips.com/is/image/PhilipsConsumer/CP0362_01-GAL-de_DE</Asset><Asset code="CP0362_01" description="Product URL" extension="" lastModified="2018-10-23" locale="de_DE" number="" type="URL">http://www.philips.de/c-p/CP0362_01/kamm</Asset><Asset code="PHI" description="Brand logo - highres 1476x886" extension="tif" lastModified="2016-02-18" locale="global" number="001" type="BRP">http://images.philips.com/is/image/PhilipsConsumer/PHI-BRP-global-001</Asset></Assets><ProductName>Für OneBlade, Kammaufsatz, 1 mm</ProductName><FullProductName>Philips Kamm CP0362 Für OneBlade, Kammaufsatz, 1 mm</FullProductName><NamingString><MasterBrand><BrandCode>PHI</BrandCode><BrandName>Philips</BrandName></MasterBrand><BrandString>Philips</BrandString><Descriptor><DescriptorCode>D4023249</DescriptorCode><DescriptorName>Kamm</DescriptorName></Descriptor><Alphanumeric>CP0362</Alphanumeric><VersionElement1><VersionElementCode>V4042063</VersionElementCode><VersionElementName>Für OneBlade</VersionElementName></VersionElement1><VersionElement2><VersionElementCode>V4042064</VersionElementCode><VersionElementName>Kammaufsatz, 1 mm</VersionElementName></VersionElement2><VersionString>Für OneBlade, Kammaufsatz, 1 mm</VersionString><BrandedFeatureString/><DescriptorBrandedFeatureString>Kamm</DescriptorBrandedFeatureString></NamingString><WOW>Teil Ihres OneBlade</WOW><SubWOW>Informationen zur Kompatibilität prüfen.</SubWOW><MarketingTextHeader>Mit diesem Kamm, der ein Teil Ihres OneBlade ist, können Sie Ihren Bart nach Ihren Wünschen kürzen und stylen. Garantiert unvergleichbare Präzision, um genau den Look zu kreieren, den Sie sich vorgestellt haben!</MarketingTextHeader><KeyBenefitArea><KeyBenefitAreaCode>K4014994</KeyBenefitAreaCode><KeyBenefitAreaName>Einfach zu verwendende Philips Ersatzteile</KeyBenefitAreaName><KeyBenefitAreaRank>1</KeyBenefitAreaRank><Feature><FeatureCode>F400034785</FeatureCode><FeatureReferenceName>CO-ACC-Easy replacement</FeatureReferenceName><FeatureName>Einfacher Austausch von Produktteilen</FeatureName><FeatureLongDescription>Halten Sie Ihr Produkt ganz einfach mit Philips Original Ersatzteilen in Stand.</FeatureLongDescription><FeatureGlossary>Von Zeit zu Zeit benötigt Ihr Gerät eine Erneuerung. Noch nie war das so einfach wie mit den Original Ersatzteilen von Philips. Natürlich mit garantierter Philips Qualität.</FeatureGlossary><FeatureRank>1</FeatureRank><FeatureTopRank>1</FeatureTopRank></Feature></KeyBenefitArea><FeatureImage><FeatureCode>F400034785</FeatureCode><FeatureReferenceName>CO-ACC-Easy replacement</FeatureReferenceName><FeatureImageRank>1</FeatureImageRank></FeatureImage><FeatureHighlight><FeatureCode>F400034785</FeatureCode><FeatureReferenceName>CO-ACC-Easy replacement</FeatureReferenceName><FeatureHighlightRank>1</FeatureHighlightRank></FeatureHighlight><CSChapter><CSChapterCode>4003141</CSChapterCode><CSChapterName>Ersatzteil</CSChapterName><CSChapterRank>1</CSChapterRank><CSItem><CSItemCode>IT4025151</CSItemCode><CSItemName>Funktioniert mit Produkttyp:</CSItemName><CSItemRank>2</CSItemRank><CSItemIsFreeFormat>0</CSItemIsFreeFormat><CSValue><CSValueCode>VA4094335</CSValueCode><CSValueName>QP2520</CSValueName><CSValueRank>3</CSValueRank></CSValue><CSValue><CSValueCode>VA4094336</CSValueCode><CSValueName>QP2521</CSValueName><CSValueRank>4</CSValueRank></CSValue><CSValue><CSValueCode>VA4094337</CSValueCode><CSValueName>QP2522</CSValueName><CSValueRank>5</CSValueRank></CSValue><CSValue><CSValueCode>VA4095667</CSValueCode><CSValueName>QP2530</CSValueName><CSValueRank>8</CSValueRank></CSValue><CSValue><CSValueCode>VA4095668</CSValueCode><CSValueName>QP2531</CSValueName><CSValueRank>9</CSValueRank></CSValue><CSValue><CSValueCode>VA4098248</CSValueCode><CSValueName>QP2511</CSValueName><CSValueRank>10</CSValueRank></CSValue></CSItem><CSItem><CSItemCode>IT4041534</CSItemCode><CSItemName>Kompatibel mit der Produktfamilie</CSItemName><CSItemRank>3</CSItemRank><CSItemIsFreeFormat>0</CSItemIsFreeFormat><CSValue><CSValueCode>VA4097305</CSValueCode><CSValueName>QP2510</CSValueName><CSValueRank>1</CSValueRank></CSValue><CSValue><CSValueCode>VA4101018</CSValueCode><CSValueName>QP2620</CSValueName><CSValueRank>6</CSValueRank></CSValue><CSValue><CSValueCode>VA4101019</CSValueCode><CSValueName>QP2630</CSValueName><CSValueRank>7</CSValueRank></CSValue></CSItem></CSChapter><Filters><Purpose type="Comparison"><Features><Feature code="F400034785" rank="1" referenceName="CO-ACC-Easy replacement"/></Features><CSItems><CSItem code="IT4025151" rank="2" referenceName="Ersatzteil - Funktioniert mit Produkttyp:"/><CSItem code="IT4041534" rank="3" referenceName="Ersatzteil - Kompatibel mit der Produktfamilie"/></CSItems></Purpose><Purpose type="Detail"><Features><Feature code="F400034785" rank="1" referenceName="CO-ACC-Easy replacement"/></Features><CSItems><CSItem code="IT4025151" rank="2" referenceName="Ersatzteil - Funktioniert mit Produkttyp:"/><CSItem code="IT4041534" rank="3" referenceName="Ersatzteil - Kompatibel mit der Produktfamilie"/></CSItems></Purpose></Filters><FeatureCompareGroups/><Disclaimers/><ProductReference ProductReferenceType="Performer"><CTN>QP2520/20</CTN><ProductReferenceRank>0</ProductReferenceRank></ProductReference><ProductReference ProductReferenceType="Performer"><CTN>QP2520/21</CTN><ProductReferenceRank>0</ProductReferenceRank></ProductReference><ProductReference ProductReferenceType="Performer"><CTN>QP2520/25</CTN><ProductReferenceRank>0</ProductReferenceRank></ProductReference><ProductReference ProductReferenceType="Performer"><CTN>QP2520/30</CTN><ProductReferenceRank>0</ProductReferenceRank></ProductReference><ProductReference ProductReferenceType="Performer"><CTN>QP2520/60</CTN><ProductReferenceRank>0</ProductReferenceRank></ProductReference><ProductReference ProductReferenceType="Performer"><CTN>QP2520/61</CTN><ProductReferenceRank>0</ProductReferenceRank></ProductReference><ProductReference ProductReferenceType="Performer"><CTN>QP2520/62</CTN><ProductReferenceRank>0</ProductReferenceRank></ProductReference><ProductReference ProductReferenceType="Performer"><CTN>QP2520/64</CTN><ProductReferenceRank>0</ProductReferenceRank></ProductReference><ProductReference ProductReferenceType="Performer"><CTN>QP2520/65</CTN><ProductReferenceRank>0</ProductReferenceRank></ProductReference><ProductReference ProductReferenceType="Performer"><CTN>QP2520/66</CTN><ProductReferenceRank>0</ProductReferenceRank></ProductReference><ProductReference ProductReferenceType="Performer"><CTN>QP2520/70</CTN><ProductReferenceRank>0</ProductReferenceRank></ProductReference><ProductReference ProductReferenceType="Performer"><CTN>QP2520/71</CTN><ProductReferenceRank>0</ProductReferenceRank></ProductReference><ProductReference ProductReferenceType="Performer"><CTN>QP2520/72</CTN><ProductReferenceRank>0</ProductReferenceRank></ProductReference><ProductReference ProductReferenceType="Performer"><CTN>QP2520/75</CTN><ProductReferenceRank>0</ProductReferenceRank></ProductReference><ProductReference ProductReferenceType="Performer"><CTN>QP2520/90</CTN><ProductReferenceRank>0</ProductReferenceRank></ProductReference><ProductReference ProductReferenceType="Performer"><CTN>QP2520/92</CTN><ProductReferenceRank>0</ProductReferenceRank></ProductReference><ProductReference ProductReferenceType="Performer"><CTN>QP2520/97</CTN><ProductReferenceRank>0</ProductReferenceRank></ProductReference><ProductReference ProductReferenceType="Performer"><CTN>QP2521/10</CTN><ProductReferenceRank>0</ProductReferenceRank></ProductReference><ProductReference ProductReferenceType="Performer"><CTN>QP2521/97</CTN><ProductReferenceRank>0</ProductReferenceRank></ProductReference><ProductReference ProductReferenceType="Performer"><CTN>QP2522/10</CTN><ProductReferenceRank>0</ProductReferenceRank></ProductReference><ProductReference ProductReferenceType="Performer"><CTN>QP2522/97</CTN><ProductReferenceRank>0</ProductReferenceRank></ProductReference><ProductReference ProductReferenceType="Performer"><CTN>QP2530/10</CTN><ProductReferenceRank>0</ProductReferenceRank></ProductReference><ProductReference ProductReferenceType="Performer"><CTN>QP2530/20</CTN><ProductReferenceRank>0</ProductReferenceRank></ProductReference><ProductReference ProductReferenceType="Performer"><CTN>QP2530/21</CTN><ProductReferenceRank>0</ProductReferenceRank></ProductReference><ProductReference ProductReferenceType="Performer"><CTN>QP2530/25</CTN><ProductReferenceRank>0</ProductReferenceRank></ProductReference><ProductReference ProductReferenceType="Performer"><CTN>QP2530/30</CTN><ProductReferenceRank>0</ProductReferenceRank></ProductReference><ProductReference ProductReferenceType="Performer"><CTN>QP2530/60</CTN><ProductReferenceRank>0</ProductReferenceRank></ProductReference><ProductReference ProductReferenceType="Performer"><CTN>QP2530/70</CTN><ProductReferenceRank>0</ProductReferenceRank></ProductReference><ProductReference ProductReferenceType="Performer"><CTN>QP2530/75</CTN><ProductReferenceRank>0</ProductReferenceRank></ProductReference><ProductReference ProductReferenceType="Performer"><CTN>QP2530/90</CTN><ProductReferenceRank>0</ProductReferenceRank></ProductReference><ProductReference ProductReferenceType="Performer"><CTN>QP2530/97</CTN><ProductReferenceRank>0</ProductReferenceRank></ProductReference><ProductReference ProductReferenceType="Performer"><CTN>QP2531/21</CTN><ProductReferenceRank>0</ProductReferenceRank></ProductReference><ProductReference ProductReferenceType="Performer"><CTN>QP2531/26</CTN><ProductReferenceRank>0</ProductReferenceRank></ProductReference><ProductReference ProductReferenceType="Performer"><CTN>QP2620/20</CTN><ProductReferenceRank>0</ProductReferenceRank></ProductReference><ProductReference ProductReferenceType="Performer"><CTN>QP2620/25</CTN><ProductReferenceRank>0</ProductReferenceRank></ProductReference><ProductReference ProductReferenceType="Performer"><CTN>QP2630/21</CTN><ProductReferenceRank>0</ProductReferenceRank></ProductReference><ProductReference ProductReferenceType="Performer"><CTN>QP2630/30</CTN><ProductReferenceRank>0</ProductReferenceRank></ProductReference><ProductReference ProductReferenceType="Performer"><CTN>QP2630/70</CTN><ProductReferenceRank>0</ProductReferenceRank></ProductReference><ProductReference ProductReferenceType="Performer"><CTN>QP2630/72</CTN><ProductReferenceRank>0</ProductReferenceRank></ProductReference><ProductReference ProductReferenceType="Performer"><CTN>QP2630/75</CTN><ProductReferenceRank>0</ProductReferenceRank></ProductReference><ProductReference ProductReferenceType="Performer"><CTN>QP2630/90</CTN><ProductReferenceRank>0</ProductReferenceRank></ProductReference><RichTexts/></Product></Products>