<?xml version="1.0" encoding="UTF-8"?><Products xmlns:source="http://apache.org/cocoon/source/1.0" DocStatus="approved" DocTimeStamp="2018-10-23T10:52:26"><Product Country="DE" IsAccessory="false" IsLocalized="true" IsMaster="false" Locale="de_DE" lastModified="2018-10-23T04:30:06" masterLastModified="2018-10-04T00:36:39"><CTN>8718696562604</CTN><Code12NC>929001217558</Code12NC><GTIN>8718696562604</GTIN><MarketingVersion>3.0.1</MarketingVersion><MarketingStatus>Final Published</MarketingStatus><CRDate>2017-01-06</CRDate><CRDateYW>201701</CRDateYW><ModelYears><ModelYear>2017</ModelYear></ModelYears><ProductDivision><ProductDivisionCode>0100</ProductDivisionCode><ProductDivisionName>Lighting</ProductDivisionName><FormerPDCode>0100</FormerPDCode></ProductDivision><ProductOwner>Mellissa van Heest - Cooijman</ProductOwner><DTN>8718696562604</DTN><Catalog><StartOfPublication>2017-06-05T00:00:00</StartOfPublication><EndOfPublication>2027-06-05T00:00:00</EndOfPublication><StartOfSales>2017-06-05T00:00:00</StartOfSales><EndOfSales>2027-06-05T00:00:00</EndOfSales><DummyPrice/><Deleted>false</Deleted><DeleteAfterDate/><ProductRank>50</ProductRank></Catalog><FinancialCategorization><BusinessGroupCode>9240</BusinessGroupCode><BusinessGroupName>LED</BusinessGroupName><BusinessUnitCode>0118</BusinessUnitCode><BusinessUnitName>LED Lamps</BusinessUnitName><MainArticleGroupCode>A13</MainArticleGroupCode><MainArticleGroupName>LED Spots</MainArticleGroupName><ArticleGroupCode>0235</ArticleGroupCode><ArticleGroupName>GU10 - Affordable</ArticleGroupName></FinancialCategorization><Categorization type="CONSUMER"><GroupCode>LIGHTING_GR</GroupCode><GroupName>Lighting</GroupName><CategoryCode>CHOOSE_A_BULB_CA</CategoryCode><CategoryName>Choose a bulb</CategoryName><SubcategoryCode>SPOT_BULB_SU</SubcategoryCode><SubcategoryName>Spot</SubcategoryName></Categorization><Assets><Asset code="8718696562604" description="Leaflet" extension="pdf" lastModified="2018-10-01" locale="de_DE" number="001" type="PSS">http://download.p4c.philips.com/files/8/8718696562604/8718696562604_pss_deude.pdf</Asset><Asset code="8718696562604" description="Retail Trade Leaflet" extension="pdf" lastModified="2018-10-14" locale="de_DE" number="001" type="RTL">http://download.p4c.philips.com/files/8/8718696562604/8718696562604_rtl_deude.pdf</Asset><Asset code="8718696562604" description="Emotional Benefit 1 - highres 2196x1795" extension="tif" lastModified="2018-03-09" locale="global" number="001" type="E1P">http://images.philips.com/is/image/PhilipsConsumer/8718696562604-E1P-global-001</Asset><Asset code="8718696562604" description="Europeen Energy Label" extension="pdf" lastModified="2017-04-04" locale="global" number="001" type="EEL">http://download.p4c.philips.com/files/8/8718696562604/8718696562604_eel_.pdf</Asset><Asset code="8718696562604" description="Energy Label - Rainbow " extension="pdf" lastModified="2017-05-23" locale="global" number="001" type="ELR">http://download.p4c.philips.com/files/8/8718696562604/8718696562604_elr_.pdf</Asset><Asset code="8718696562604" description="Packaging photograph - highres 1447x756" extension="tif" lastModified="2017-04-20" locale="global" number="001" type="PID">http://images.philips.com/is/image/PhilipsConsumer/8718696562604-PID-global-001</Asset><Asset code="8718696562604" description="Packaging photograph - master" extension="jpg" lastModified="2017-04-20" locale="global" number="001" type="PIM">http://download.p4c.philips.com/files/8/8718696562604/8718696562604_pim_.jpg</Asset><Asset code="8718696562604" description="Packaging photograph - small 90x65" extension="jpg" lastModified="2017-04-20" locale="global" number="001" type="PIS">http://download.p4c.philips.com/files/8/8718696562604/8718696562604_pis_.jpg</Asset><Asset code="8718696562604" description="Leaflet" extension="pdf" lastModified="2018-10-03" locale="global" number="001" type="PSS">http://download.p4c.philips.com/files/8/8718696562604/8718696562604_pss_.pdf</Asset><Asset code="8718696562604" description="Standard product photograph - highres 2196x1795" extension="tif" lastModified="2017-04-19" locale="global" number="001" type="RTP">http://images.philips.com/is/image/PhilipsConsumer/8718696562604-RTP-global-001</Asset><Asset code="8718696562604" description="Product in use photograph - highres 2196x1795" extension="tif" lastModified="2018-03-27" locale="global" number="001" type="UPL">http://images.philips.com/is/image/PhilipsConsumer/8718696562604-UPL-global-001</Asset><Asset code="8718696562604" description="Single product shot" extension="" lastModified="2018-10-23" locale="de_DE" number="" type="IMS">http://images.philips.com/is/image/PhilipsConsumer/8718696562604-IMS-de_DE</Asset><Asset code="8718696562604" description="Product gallery image set" extension="" lastModified="2018-10-23" locale="de_DE" number="" type="GAL">http://images.philips.com/is/image/PhilipsConsumer/8718696562604-GAL-de_DE</Asset><Asset code="8718696562604" description="Product URL" extension="" lastModified="2018-10-23" locale="de_DE" number="" type="URL">http://www.philips.de/c-p/8718696562604/led-reflektor</Asset><Asset code="F400082348" description="Feature photograph - highres 2100x1170" extension="tif" lastModified="2017-06-07" locale="global" number="001" type="FIL">http://images.philips.com/is/image/PhilipsConsumer/F400082348-FIL-global-001</Asset><Asset code="F400082355" description="Feature photograph - highres 2100x1170" extension="tif" lastModified="2017-06-07" locale="global" number="001" type="FIL">http://images.philips.com/is/image/PhilipsConsumer/F400082355-FIL-global-001</Asset><Asset code="F400082363" description="Feature photograph - highres 2100x1170" extension="tif" lastModified="2017-06-07" locale="global" number="001" type="FIL">http://images.philips.com/is/image/PhilipsConsumer/F400082363-FIL-global-001</Asset><Asset code="F400082375" description="Feature photograph - highres 2100x1170" extension="tif" lastModified="2017-06-07" locale="global" number="001" type="FIL">http://images.philips.com/is/image/PhilipsConsumer/F400082375-FIL-global-001</Asset><Asset code="F400082404" description="Feature photograph - highres 2100x1170" extension="tif" lastModified="2017-06-07" locale="global" number="001" type="FIL">http://images.philips.com/is/image/PhilipsConsumer/F400082404-FIL-global-001</Asset><Asset code="F400082416" description="Feature photograph - highres 2100x1170" extension="tif" lastModified="2017-06-07" locale="global" number="001" type="FIL">http://images.philips.com/is/image/PhilipsConsumer/F400082416-FIL-global-001</Asset><Asset code="F400082434" description="Feature photograph - highres 2100x1170" extension="tif" lastModified="2017-06-07" locale="global" number="001" type="FIL">http://images.philips.com/is/image/PhilipsConsumer/F400082434-FIL-global-001</Asset><Asset code="F400082440" description="Feature photograph - highres 2100x1170" extension="tif" lastModified="2017-06-07" locale="global" number="001" type="FIL">http://images.philips.com/is/image/PhilipsConsumer/F400082440-FIL-global-001</Asset><Asset code="F400086860" description="Feature photograph - highres 2100x1170" extension="tif" lastModified="2018-06-08" locale="global" number="001" type="FIL">http://images.philips.com/is/image/PhilipsConsumer/F400086860-FIL-global-001</Asset><Asset code="PHI" description="Brand logo - highres 1476x886" extension="tif" lastModified="2016-02-18" locale="global" number="001" type="BRP">http://images.philips.com/is/image/PhilipsConsumer/PHI-BRP-global-001</Asset></Assets><ProductName>3,1 W (25 W), GU10, warmweiß, nicht dimmbar, Spot</ProductName><FullProductName>Philips LED Reflektor 8718696562604 3,1 W (25 W), GU10, warmweiß, nicht dimmbar</FullProductName><NamingString><MasterBrand><BrandCode>PHI</BrandCode><BrandName>Philips</BrandName></MasterBrand><BrandString>Philips</BrandString><Family><FamilyCode>SB40002784</FamilyCode><FamilyName>LED</FamilyName><FamilyNameUsed>1</FamilyNameUsed></Family><Descriptor><DescriptorCode>D4015482</DescriptorCode><DescriptorName>Reflektor</DescriptorName></Descriptor><Alphanumeric>8718696562604</Alphanumeric><VersionElement1><VersionElementCode>V4042493</VersionElementCode><VersionElementName>3,1 W (25 W)</VersionElementName></VersionElement1><VersionElement2><VersionElementCode>V4008532</VersionElementCode><VersionElementName>GU10</VersionElementName></VersionElement2><VersionElement3><VersionElementCode>V4008533</VersionElementCode><VersionElementName>Warmweiß</VersionElementName></VersionElement3><VersionElement4><VersionElementCode>V4038179</VersionElementCode><VersionElementName>Nicht dimmbar</VersionElementName></VersionElement4><VersionString>3,1 W (25 W), GU10, warmweiß, nicht dimmbar</VersionString><BrandedFeatureString/><DescriptorBrandedFeatureString>Reflektor</DescriptorBrandedFeatureString></NamingString><WOW>Licht, das Ihre Augen schont</WOW><SubWOW>Komfortables Licht vom Weltmarktführer für Beleuchtung</SubWOW><MarketingTextHeader>Eine schlechte Lichtqualität kann die Gesundheit der Augen beeinträchtigen. Es ist wichtiger denn je, das eigene Zuhause richtig zu beleuchten. Philips LED-Lampen erfüllen strenge Prüfkriterien, um sicherzustellen, dass sie unseren Anforderungen an den Sehkomfort entsprechen.†</MarketingTextHeader><KeyBenefitArea><KeyBenefitAreaCode>K4034413</KeyBenefitAreaCode><KeyBenefitAreaName>Entscheiden Sie sich für hochwertiges Licht</KeyBenefitAreaName><KeyBenefitAreaRank>1</KeyBenefitAreaRank><Feature><FeatureCode>F400082348</FeatureCode><FeatureReferenceName>Learn about light</FeatureReferenceName><FeatureName>Erfahren Sie mehr über Licht</FeatureName><FeatureLongDescription>Erfahren Sie mehr über Licht</FeatureLongDescription><FeatureGlossary>Farbtemperatur: Licht kann verschiedene Farbtemperaturen aufweisen, die in der Einheit Kelvin (K) angegeben werden. Lampen mit einem niedrigen Kelvin-Wert erzeugen ein warmes, ruhiges Licht, wohingegen Lampen mit einem höheren Kelvin-Wert ein kühles, belebendes Licht erzeugen. CRI: Der Farbwiedergabeindex (CRI) beschreibt die Wirkung einer Lichtquelle auf die Farbausgabe. Natürliches Sonnenlicht hat einen CRI von 100. Der CRI von Philips LED-Glühlampen liegt stets über 80, was eine natürliche Farbdarstellung garantiert.</FeatureGlossary><FeatureRank>1</FeatureRank><FeatureTopRank>1</FeatureTopRank></Feature><Feature><FeatureCode>F400082355</FeatureCode><FeatureReferenceName>2700K [LED lamps]</FeatureReferenceName><FeatureName>Warmweißes Licht wie bei einer Glühlampe</FeatureName><FeatureLongDescription>Warmweißes Licht wie bei einer Glühlampe</FeatureLongDescription><FeatureGlossary>Diese Glühlampe hat eine Farbtemperatur von 2700 K und bietet Ihnen eine warme und ruhige Atmosphäre, die perfekt zum Entspannen ist. Sie eignet sich ideal zur Beleuchtung Ihres Zuhauses.</FeatureGlossary><FeatureRank>3</FeatureRank><FeatureTopRank>2</FeatureTopRank></Feature><Feature><FeatureCode>F400082416</FeatureCode><FeatureReferenceName>Homogen beam pattern</FeatureReferenceName><FeatureName>Gleichmäßige Lichtverteilung</FeatureName><FeatureLongDescription>Gleichmäßige Lichtverteilung</FeatureLongDescription><FeatureGlossary>Die einzelne optische Linse liefert einen vorzüglichen Lichtstrahl ohne die Schatten, die bei herkömmlichen Halogen-Spots am Strahlrand auftreten.</FeatureGlossary><FeatureRank>7</FeatureRank><FeatureTopRank>3</FeatureTopRank></Feature></KeyBenefitArea><KeyBenefitArea><KeyBenefitAreaCode>K4034414</KeyBenefitAreaCode><KeyBenefitAreaName>Wählen Sie einen einfachen Ersatz für Ihre alten Glühlampen</KeyBenefitAreaName><KeyBenefitAreaRank>2</KeyBenefitAreaRank><Feature><FeatureCode>F400082404</FeatureCode><FeatureReferenceName>Replaces halogen spot</FeatureReferenceName><FeatureName>Ersetzt Halogen-Spots</FeatureName><FeatureLongDescription>Ähnliche Form und Größe wie Halogen-Reflektorlampen</FeatureLongDescription><FeatureGlossary>Mit ihrem wunderschönen Design und den gebräuchlichen Abmessungen ist dies eine moderne LED-Reflektorlampe. Der perfekte nachhaltige Ersatz für herkömmliche LED-Reflektorlampen.</FeatureGlossary><FeatureRank>5</FeatureRank><FeatureTopRank>4</FeatureTopRank></Feature><Feature><FeatureCode>F400082434</FeatureCode><FeatureReferenceName>No UV or Infra</FeatureReferenceName><FeatureName>Kein UV oder IR</FeatureName><FeatureLongDescription>Kein UV oder Infrarot</FeatureLongDescription><FeatureGlossary>Das Licht hat keine Infrarotkomponente, sodass keine Wärme abgegeben wird. Ebenso ist keine Ultraviolettkomponente enthalten. Diese beiden Merkmale bedeuten, dass Stoffe und andere Gegenstände durch dieses Licht nicht verblassen.</FeatureGlossary><FeatureRank>8</FeatureRank><FeatureTopRank>8</FeatureTopRank></Feature></KeyBenefitArea><KeyBenefitArea><KeyBenefitAreaCode>K4034415</KeyBenefitAreaCode><KeyBenefitAreaName>Entscheiden Sie sich für eine nachhaltige Lösung</KeyBenefitAreaName><KeyBenefitAreaRank>3</KeyBenefitAreaRank><Feature><FeatureCode>F400082363</FeatureCode><FeatureReferenceName>15,000-hour rated average life</FeatureReferenceName><FeatureName>15.000 Stunden durchschnittliche Lebensdauer</FeatureName><FeatureLongDescription>Lampen mit langer Lebensdauer – bis zu 15 Jahre</FeatureLongDescription><FeatureGlossary>Mit einer Lebensdauer von bis zu 15.000 Stunden reduzieren Sie den Aufwand, der durch häufiges Austauschen Ihrer Lampen entsteht, und können über 15 Jahre eine perfekte Beleuchtungslösung genießen.</FeatureGlossary><FeatureRank>2</FeatureRank><FeatureTopRank>5</FeatureTopRank></Feature><Feature><FeatureCode>F400082440</FeatureCode><FeatureReferenceName>Saves up to 80% NRJ</FeatureReferenceName><FeatureName>Energieeinsparung von bis zu 80 %</FeatureName><FeatureLongDescription>Schont den Geldbeutel und die Umwelt</FeatureLongDescription><FeatureGlossary>Die LED-Technologie spart bis zu 80 % Energie im Vergleich zu einer herkömmlichen Glühlampe. Sie macht sich schnell bezahlt und spart Ihnen Jahr um Jahr bares Geld. Darüber hinaus trägt sie zum Schutz der Umwelt bei.</FeatureGlossary><FeatureRank>6</FeatureRank><FeatureTopRank>6</FeatureTopRank></Feature></KeyBenefitArea><KeyBenefitArea><KeyBenefitAreaCode>K4034416</KeyBenefitAreaCode><KeyBenefitAreaName>Schaffen Sie das richtige Licht für Ihr Zuhause</KeyBenefitAreaName><KeyBenefitAreaRank>4</KeyBenefitAreaRank><Feature><FeatureCode>F400082375</FeatureCode><FeatureReferenceName>36º beam - spot [LED lamps]</FeatureReferenceName><FeatureName>Perfekt zur Akzentbeleuchtung</FeatureName><FeatureLongDescription>Perfekt zur Akzentbeleuchtung</FeatureLongDescription><FeatureGlossary>Dieser LED-Spot sorgt mit weitem Abstrahlwinkel (36 Grad) für eine moderne Beleuchtung und eignet sich sowohl für die Akzentbeleuchtung als auch für die Allgemeinbeleuchtung. Verwenden Sie ihn in eingelassenen Fassungen oder Schienenleuchten zur Beleuchtung Ihrer Küche, Ihrer Kochinsel oder Ihres Wohn- und Esszimmers.</FeatureGlossary><FeatureRank>4</FeatureRank><FeatureTopRank>7</FeatureTopRank></Feature></KeyBenefitArea><KeyBenefitArea><KeyBenefitAreaCode>K4035547</KeyBenefitAreaCode><KeyBenefitAreaName>Komfortable LED-Beleuchtung, die deinen Augen gut tut</KeyBenefitAreaName><KeyBenefitAreaRank>5</KeyBenefitAreaRank><Feature><FeatureCode>F400086860</FeatureCode><FeatureReferenceName>EyeComfort [LED lums, LED lamps]</FeatureReferenceName><FeatureName>Sanfte, angenehme LEDs</FeatureName><FeatureLongDescription>Gestaltet für deinen Sehkomfort</FeatureLongDescription><FeatureGlossary>Eine schlechte Beleuchtung kann die Augen sehr belasten: Zu helles Licht blendet die Augen, zu weiches Licht erzeugt ein Flackern in den Augen. Jetzt können Sie Ihre Umgebung mit LEDs beleuchten, die für angenehmes Licht entwickelt wurden, und das perfekte Ambiente für Ihr Zuhause einrichten.</FeatureGlossary><FeatureRank>1</FeatureRank><FeatureTopRank>9</FeatureTopRank></Feature><Feature><FeatureCode>F400088656</FeatureCode><FeatureReferenceName>No visible flicker [bulbs]</FeatureReferenceName><FeatureName>Kein sichtbares Flimmern</FeatureName><FeatureLongDescription>Kein sichtbares Flimmern</FeatureLongDescription><FeatureGlossary>Wenn Ihre Beleuchtung in schneller Folge flimmert, kann es für die Augen anstrengend sein, Kopfschmerzen verursachen und bei Personen mit lichtempfindlicher Epilepsie sogar einen Anfall auslösen. Es ist sowohl unangenehm als auch unnötig. LEDs können aufgrund ihrer schnellen Reaktion auf den Betriebsstrom flimmern. Da Philips-LEDs jedoch so konstruiert sind, dass Änderungen der Ausgangsstroms am Treiber minimiert werden, beseitigen sie auch die Faktoren, die zu Flimmern führen. Sie werden es daher nicht bemerken, nicht einmal ansatzweise.</FeatureGlossary><FeatureRank>2</FeatureRank><FeatureTopRank>10</FeatureTopRank></Feature></KeyBenefitArea><FeatureImage><FeatureCode>F400082348</FeatureCode><FeatureReferenceName>Learn about light</FeatureReferenceName><FeatureImageRank>1</FeatureImageRank></FeatureImage><FeatureImage><FeatureCode>F400082355</FeatureCode><FeatureReferenceName>2700K [LED lamps]</FeatureReferenceName><FeatureImageRank>2</FeatureImageRank></FeatureImage><FeatureImage><FeatureCode>F400082416</FeatureCode><FeatureReferenceName>Homogen beam pattern</FeatureReferenceName><FeatureImageRank>3</FeatureImageRank></FeatureImage><FeatureImage><FeatureCode>F400082404</FeatureCode><FeatureReferenceName>Replaces halogen spot</FeatureReferenceName><FeatureImageRank>4</FeatureImageRank></FeatureImage><FeatureImage><FeatureCode>F400082363</FeatureCode><FeatureReferenceName>15,000-hour rated average life</FeatureReferenceName><FeatureImageRank>5</FeatureImageRank></FeatureImage><FeatureImage><FeatureCode>F400082440</FeatureCode><FeatureReferenceName>Saves up to 80% NRJ</FeatureReferenceName><FeatureImageRank>6</FeatureImageRank></FeatureImage><FeatureImage><FeatureCode>F400082375</FeatureCode><FeatureReferenceName>36º beam - spot [LED lamps]</FeatureReferenceName><FeatureImageRank>7</FeatureImageRank></FeatureImage><FeatureImage><FeatureCode>F400082434</FeatureCode><FeatureReferenceName>No UV or Infra</FeatureReferenceName><FeatureImageRank>8</FeatureImageRank></FeatureImage><FeatureImage><FeatureCode>F400086860</FeatureCode><FeatureReferenceName>EyeComfort [LED lums, LED lamps]</FeatureReferenceName><FeatureImageRank>9</FeatureImageRank></FeatureImage><FeatureImage><FeatureCode>F400088656</FeatureCode><FeatureReferenceName>No visible flicker [bulbs]</FeatureReferenceName><FeatureImageRank>10</FeatureImageRank></FeatureImage><FeatureHighlight><FeatureCode>F400082348</FeatureCode><FeatureReferenceName>Learn about light</FeatureReferenceName><FeatureHighlightRank>1</FeatureHighlightRank></FeatureHighlight><FeatureHighlight><FeatureCode>F400082355</FeatureCode><FeatureReferenceName>2700K [LED lamps]</FeatureReferenceName><FeatureHighlightRank>2</FeatureHighlightRank></FeatureHighlight><FeatureHighlight><FeatureCode>F400082416</FeatureCode><FeatureReferenceName>Homogen beam pattern</FeatureReferenceName><FeatureHighlightRank>3</FeatureHighlightRank></FeatureHighlight><FeatureHighlight><FeatureCode>F400082404</FeatureCode><FeatureReferenceName>Replaces halogen spot</FeatureReferenceName><FeatureHighlightRank>4</FeatureHighlightRank></FeatureHighlight><FeatureHighlight><FeatureCode>F400082363</FeatureCode><FeatureReferenceName>15,000-hour rated average life</FeatureReferenceName><FeatureHighlightRank>5</FeatureHighlightRank></FeatureHighlight><FeatureHighlight><FeatureCode>F400082440</FeatureCode><FeatureReferenceName>Saves up to 80% NRJ</FeatureReferenceName><FeatureHighlightRank>6</FeatureHighlightRank></FeatureHighlight><FeatureHighlight><FeatureCode>F400082375</FeatureCode><FeatureReferenceName>36º beam - spot [LED lamps]</FeatureReferenceName><FeatureHighlightRank>7</FeatureHighlightRank></FeatureHighlight><FeatureHighlight><FeatureCode>F400082434</FeatureCode><FeatureReferenceName>No UV or Infra</FeatureReferenceName><FeatureHighlightRank>8</FeatureHighlightRank></FeatureHighlight><FeatureHighlight><FeatureCode>F400086860</FeatureCode><FeatureReferenceName>EyeComfort [LED lums, LED lamps]</FeatureReferenceName><FeatureHighlightRank>9</FeatureHighlightRank></FeatureHighlight><FeatureHighlight><FeatureCode>F400088656</FeatureCode><FeatureReferenceName>No visible flicker [bulbs]</FeatureReferenceName><FeatureHighlightRank>10</FeatureHighlightRank></FeatureHighlight><CSChapter><CSChapterCode>CH4006022</CSChapterCode><CSChapterName>Lampeneigenschaften</CSChapterName><CSChapterRank>1</CSChapterRank><CSItem><CSItemCode>IT4029275</CSItemCode><CSItemName>Form</CSItemName><CSItemRank>7</CSItemRank><CSItemIsFreeFormat>0</CSItemIsFreeFormat><CSValue><CSValueCode>VA4067772</CSValueCode><CSValueName>Reflektor</CSValueName><CSValueRank>14</CSValueRank></CSValue></CSItem><CSItem><CSItemCode>IT4029277</CSItemCode><CSItemName>Sockel/Fassung</CSItemName><CSItemRank>14</CSItemRank><CSItemIsFreeFormat>0</CSItemIsFreeFormat><CSValue><CSValueCode>VA4067784</CSValueCode><CSValueName>GU10</CSValueName><CSValueRank>13</CSValueRank></CSValue></CSItem><CSItem><CSItemCode>IT4029279</CSItemCode><CSItemName>Dimmbar</CSItemName><CSItemRank>20</CSItemRank><CSItemIsFreeFormat>0</CSItemIsFreeFormat><CSValue><CSValueCode>VA4067747</CSValueCode><CSValueName>Nein</CSValueName><CSValueRank>3</CSValueRank></CSValue></CSItem><CSItem><CSItemCode>IT4036606</CSItemCode><CSItemName>Spannung</CSItemName><CSItemRank>25</CSItemRank><CSItemIsFreeFormat>0</CSItemIsFreeFormat><CSValue><CSValueCode>VA4085091</CSValueCode><CSValueName>220 bis 240 V</CSValueName><CSValueRank>12</CSValueRank></CSValue></CSItem><CSItem><CSItemCode>IT4037689</CSItemCode><CSItemName>Wattleistung</CSItemName><CSItemRank>28</CSItemRank><CSItemIsFreeFormat>1</CSItemIsFreeFormat><CSValue><CSValueCode>VA4087427</CSValueCode><CSValueName>3,1 W</CSValueName><CSValueRank>1</CSValueRank></CSValue></CSItem><CSItem><CSItemCode>IT4037690</CSItemCode><CSItemName>Vergleichbare Wattleistung einer Glühlampe</CSItemName><CSItemRank>30</CSItemRank><CSItemIsFreeFormat>1</CSItemIsFreeFormat><CSValue><CSValueCode>VA4087428</CSValueCode><CSValueName>25 W</CSValueName><CSValueRank>1</CSValueRank></CSValue></CSItem></CSChapter><CSChapter><CSChapterCode>CH4005202</CSChapterCode><CSChapterName>Stromverbrauch</CSChapterName><CSChapterRank>2</CSChapterRank><CSItem><CSItemCode>IT4026378</CSItemCode><CSItemName>Energieeffizienzklasse</CSItemName><CSItemRank>8</CSItemRank><CSItemIsFreeFormat>0</CSItemIsFreeFormat><CSValue><CSValueCode>VA4067612</CSValueCode><CSValueName>A+</CSValueName><CSValueRank>8</CSValueRank></CSValue></CSItem><CSItem><CSItemCode>IT4029053</CSItemCode><CSItemName>Energieverbrauch pro 1000 Std.</CSItemName><CSItemRank>12</CSItemRank><CSItemIsFreeFormat>1</CSItemIsFreeFormat><CSValue><CSValueCode>VA4067444</CSValueCode><CSValueName>4</CSValueName><CSValueRank>1</CSValueRank></CSValue><UnitOfMeasure><UnitOfMeasureCode>4000161</UnitOfMeasureCode><UnitOfMeasureName>Kilowattstunde</UnitOfMeasureName><UnitOfMeasureSymbol>kWh</UnitOfMeasureSymbol></UnitOfMeasure></CSItem></CSChapter><CSChapter><CSChapterCode>CH4005203</CSChapterCode><CSChapterName>Lichteigenschaften</CSChapterName><CSChapterRank>3</CSChapterRank><CSItem><CSItemCode>IT4043370</CSItemCode><CSItemName>Augenfreundlich</CSItemName><CSItemRank>1</CSItemRank><CSItemIsFreeFormat>0</CSItemIsFreeFormat><CSValue><CSValueCode>VA4100049</CSValueCode><CSValueName>Augenfreundlich</CSValueName><CSValueRank>1</CSValueRank></CSValue></CSItem><CSItem><CSItemCode>IT4026387</CSItemCode><CSItemName>Lichtleistung</CSItemName><CSItemRank>2</CSItemRank><CSItemIsFreeFormat>1</CSItemIsFreeFormat><CSValue><CSValueCode>VA4062484</CSValueCode><CSValueName>215</CSValueName><CSValueRank>1</CSValueRank></CSValue><UnitOfMeasure><UnitOfMeasureCode>4000123</UnitOfMeasureCode><UnitOfMeasureName>Lumen</UnitOfMeasureName><UnitOfMeasureSymbol>Lumen</UnitOfMeasureSymbol></UnitOfMeasure></CSItem><CSItem><CSItemCode>IT4029156</CSItemCode><CSItemName>Abstrahlwinkel</CSItemName><CSItemRank>9</CSItemRank><CSItemIsFreeFormat>1</CSItemIsFreeFormat><CSValue><CSValueCode>VA4067567</CSValueCode><CSValueName>36</CSValueName><CSValueRank>1</CSValueRank></CSValue><UnitOfMeasure><UnitOfMeasureCode>3000042</UnitOfMeasureCode><UnitOfMeasureName>Grad</UnitOfMeasureName><UnitOfMeasureSymbol>Grad</UnitOfMeasureSymbol></UnitOfMeasure></CSItem><CSItem><CSItemCode>IT4029158</CSItemCode><CSItemName>Farbe</CSItemName><CSItemRank>21</CSItemRank><CSItemIsFreeFormat>0</CSItemIsFreeFormat><CSValue><CSValueCode>VA4067569</CSValueCode><CSValueName>Warmweiß</CSValueName><CSValueRank>2</CSValueRank></CSValue></CSItem><CSItem><CSItemCode>IT4029159</CSItemCode><CSItemName>Farbtemperatur</CSItemName><CSItemRank>23</CSItemRank><CSItemIsFreeFormat>1</CSItemIsFreeFormat><CSValue><CSValueCode>VA4067572</CSValueCode><CSValueName>2700</CSValueName><CSValueRank>1</CSValueRank></CSValue><UnitOfMeasure><UnitOfMeasureCode>4000041</UnitOfMeasureCode><UnitOfMeasureName>Kelvin</UnitOfMeasureName><UnitOfMeasureSymbol>K</UnitOfMeasureSymbol></UnitOfMeasure></CSItem><CSItem><CSItemCode>IT4029170</CSItemCode><CSItemName>Farbwiedergabeindex (CRI)</CSItemName><CSItemRank>29</CSItemRank><CSItemIsFreeFormat>1</CSItemIsFreeFormat><CSValue><CSValueCode>VA4067596</CSValueCode><CSValueName>80</CSValueName><CSValueRank>1</CSValueRank></CSValue></CSItem><CSItem><CSItemCode>IT4026390</CSItemCode><CSItemName>Startzeit</CSItemName><CSItemRank>31</CSItemRank><CSItemIsFreeFormat>0</CSItemIsFreeFormat><CSValue><CSValueCode>VA4082665</CSValueCode><CSValueName>&lt; 0,5</CSValueName><CSValueRank>10</CSValueRank></CSValue><UnitOfMeasure><UnitOfMeasureCode>3000069</UnitOfMeasureCode><UnitOfMeasureName>Sekunde</UnitOfMeasureName><UnitOfMeasureSymbol>s</UnitOfMeasureSymbol></UnitOfMeasure></CSItem><CSItem><CSItemCode>IT4029160</CSItemCode><CSItemName>Anlaufzeit, bis 60% der maximalen Helligkeit erreicht sind</CSItemName><CSItemRank>32</CSItemRank><CSItemIsFreeFormat>0</CSItemIsFreeFormat><CSValue><CSValueCode>VA4067639</CSValueCode><CSValueName>Sofort volle Lichtleistung</CSValueName><CSValueRank>9</CSValueRank></CSValue></CSItem><CSItem><CSItemCode>IT4029157</CSItemCode><CSItemName>Nennintensität des Strahlmittelpunkts</CSItemName><CSItemRank>33</CSItemRank><CSItemIsFreeFormat>1</CSItemIsFreeFormat><CSValue><CSValueCode>VA4067568</CSValueCode><CSValueName>470</CSValueName><CSValueRank>1</CSValueRank></CSValue><UnitOfMeasure><UnitOfMeasureCode>4001161</UnitOfMeasureCode><UnitOfMeasureName>Candela</UnitOfMeasureName><UnitOfMeasureSymbol>cd</UnitOfMeasureSymbol></UnitOfMeasure></CSItem></CSChapter><CSChapter><CSChapterCode>CH4005204</CSChapterCode><CSChapterName>Lebensdauer</CSChapterName><CSChapterRank>4</CSChapterRank><CSItem><CSItemCode>IT4029169</CSItemCode><CSItemName>Lebensdauer der Lampe</CSItemName><CSItemRank>5</CSItemRank><CSItemIsFreeFormat>1</CSItemIsFreeFormat><CSValue><CSValueCode>VA4067595</CSValueCode><CSValueName>15000</CSValueName><CSValueRank>1</CSValueRank></CSValue><UnitOfMeasure><UnitOfMeasureCode>4000007</UnitOfMeasureCode><UnitOfMeasureName>Stunde</UnitOfMeasureName><UnitOfMeasureSymbol>Stunde(n)</UnitOfMeasureSymbol></UnitOfMeasure></CSItem><CSItem><CSItemCode>IT4029171</CSItemCode><CSItemName>Anzahl der Schaltzyklen</CSItemName><CSItemRank>10</CSItemRank><CSItemIsFreeFormat>1</CSItemIsFreeFormat><CSValue><CSValueCode>VA4067598</CSValueCode><CSValueName>50000</CSValueName><CSValueRank>1</CSValueRank></CSValue></CSItem><CSItem><CSItemCode>IT4029193</CSItemCode><CSItemName>Lichtstromerhalt</CSItemName><CSItemRank>18</CSItemRank><CSItemIsFreeFormat>0</CSItemIsFreeFormat><CSValue><CSValueCode>VA4067614</CSValueCode><CSValueName>0,7</CSValueName><CSValueRank>5</CSValueRank></CSValue></CSItem><CSItem><CSItemCode>IT4029164</CSItemCode><CSItemName>Durchschnittliche Lebensdauer (bei 2,7 Stunden/Tag)</CSItemName><CSItemRank>24</CSItemRank><CSItemIsFreeFormat>1</CSItemIsFreeFormat><CSValue><CSValueCode>VA4067588</CSValueCode><CSValueName>15</CSValueName><CSValueRank>1</CSValueRank></CSValue><UnitOfMeasure><UnitOfMeasureCode>4000081</UnitOfMeasureCode><UnitOfMeasureName>Jahre</UnitOfMeasureName><UnitOfMeasureSymbol>Jahr(e)</UnitOfMeasureSymbol></UnitOfMeasure></CSItem></CSChapter><CSChapter><CSChapterCode>CH4006021</CSChapterCode><CSChapterName>Lampenabmessungen</CSChapterName><CSChapterRank>5</CSChapterRank><CSItem><CSItemCode>IT4029271</CSItemCode><CSItemName>Höhe</CSItemName><CSItemRank>1</CSItemRank><CSItemIsFreeFormat>1</CSItemIsFreeFormat><CSValue><CSValueCode>VA4067741</CSValueCode><CSValueName>54</CSValueName><CSValueRank>1</CSValueRank></CSValue><UnitOfMeasure><UnitOfMeasureCode>3000058</UnitOfMeasureCode><UnitOfMeasureName>Millimeter</UnitOfMeasureName><UnitOfMeasureSymbol>mm</UnitOfMeasureSymbol></UnitOfMeasure></CSItem><CSItem><CSItemCode>IT4029272</CSItemCode><CSItemName>Breite</CSItemName><CSItemRank>16</CSItemRank><CSItemIsFreeFormat>1</CSItemIsFreeFormat><CSValue><CSValueCode>VA4067742</CSValueCode><CSValueName>50</CSValueName><CSValueRank>1</CSValueRank></CSValue><UnitOfMeasure><UnitOfMeasureCode>3000058</UnitOfMeasureCode><UnitOfMeasureName>Millimeter</UnitOfMeasureName><UnitOfMeasureSymbol>mm</UnitOfMeasureSymbol></UnitOfMeasure></CSItem></CSChapter><CSChapter><CSChapterCode>CH4005206</CSChapterCode><CSChapterName>Andere Eigenschaften</CSChapterName><CSChapterRank>6</CSChapterRank><CSItem><CSItemCode>IT4026404</CSItemCode><CSItemName>Quecksilbergehalt</CSItemName><CSItemRank>4</CSItemRank><CSItemIsFreeFormat>1</CSItemIsFreeFormat><CSValue><CSValueCode>VA4062631</CSValueCode><CSValueName>0</CSValueName><CSValueRank>1</CSValueRank></CSValue><UnitOfMeasure><UnitOfMeasureCode>4000142</UnitOfMeasureCode><UnitOfMeasureName>mg</UnitOfMeasureName><UnitOfMeasureSymbol>mg</UnitOfMeasureSymbol></UnitOfMeasure></CSItem><CSItem><CSItemCode>IT4026405</CSItemCode><CSItemName>Leistungsfaktor</CSItemName><CSItemRank>11</CSItemRank><CSItemIsFreeFormat>1</CSItemIsFreeFormat><CSValue><CSValueCode>VA4062632</CSValueCode><CSValueName>.5</CSValueName><CSValueRank>1</CSValueRank></CSValue></CSItem><CSItem><CSItemCode>IT4026406</CSItemCode><CSItemName>Lampenstrom</CSItemName><CSItemRank>17</CSItemRank><CSItemIsFreeFormat>1</CSItemIsFreeFormat><CSValue><CSValueCode>VA4062633</CSValueCode><CSValueName>29</CSValueName><CSValueRank>1</CSValueRank></CSValue><UnitOfMeasure><UnitOfMeasureCode>4000141</UnitOfMeasureCode><UnitOfMeasureName>mA</UnitOfMeasureName><UnitOfMeasureSymbol>mA</UnitOfMeasureSymbol></UnitOfMeasure></CSItem><CSItem><CSItemCode>IT4041312</CSItemCode><CSItemName>Bereich</CSItemName><CSItemRank>26</CSItemRank><CSItemIsFreeFormat>0</CSItemIsFreeFormat><CSValue><CSValueCode>VA4096083</CSValueCode><CSValueName>LED Classic</CSValueName><CSValueRank>1</CSValueRank></CSValue></CSItem></CSChapter><CSChapter><CSChapterCode>CH4005207</CSChapterCode><CSChapterName>Nennwerte</CSChapterName><CSChapterRank>7</CSChapterRank><CSItem><CSItemCode>IT4026407</CSItemCode><CSItemName>Nennleistung</CSItemName><CSItemRank>3</CSItemRank><CSItemIsFreeFormat>1</CSItemIsFreeFormat><CSValue><CSValueCode>VA4062634</CSValueCode><CSValueName>3,1</CSValueName><CSValueRank>1</CSValueRank></CSValue><UnitOfMeasure><UnitOfMeasureCode>3000072</UnitOfMeasureCode><UnitOfMeasureName>Watt</UnitOfMeasureName><UnitOfMeasureSymbol>W</UnitOfMeasureSymbol></UnitOfMeasure></CSItem><CSItem><CSItemCode>IT4029167</CSItemCode><CSItemName>Nennlebensdauer</CSItemName><CSItemRank>15</CSItemRank><CSItemIsFreeFormat>1</CSItemIsFreeFormat><CSValue><CSValueCode>VA4067593</CSValueCode><CSValueName>15000</CSValueName><CSValueRank>1</CSValueRank></CSValue><UnitOfMeasure><UnitOfMeasureCode>4000007</UnitOfMeasureCode><UnitOfMeasureName>Stunde</UnitOfMeasureName><UnitOfMeasureSymbol>Stunde(n)</UnitOfMeasureSymbol></UnitOfMeasure></CSItem><CSItem><CSItemCode>IT4029168</CSItemCode><CSItemName>Nennabstrahlwinkel</CSItemName><CSItemRank>22</CSItemRank><CSItemIsFreeFormat>1</CSItemIsFreeFormat><CSValue><CSValueCode>VA4067594</CSValueCode><CSValueName>36</CSValueName><CSValueRank>1</CSValueRank></CSValue><UnitOfMeasure><UnitOfMeasureCode>3000042</UnitOfMeasureCode><UnitOfMeasureName>Grad</UnitOfMeasureName><UnitOfMeasureSymbol>Grad</UnitOfMeasureSymbol></UnitOfMeasure></CSItem></CSChapter><Filters><Purpose type="Comparison"><Features><Feature code="F400082348" rank="1" referenceName="Learn about light"/><Feature code="F400082355" rank="2" referenceName="2700K [LED lamps]"/><Feature code="F400082416" rank="3" referenceName="Homogen beam pattern"/><Feature code="F400082404" rank="4" referenceName="Replaces halogen spot"/><Feature code="F400082363" rank="5" referenceName="15,000-hour rated average life"/><Feature code="F400082440" rank="6" referenceName="Saves up to 80% NRJ"/><Feature code="F400082375" rank="7" referenceName="36º beam - spot [LED lamps]"/><Feature code="F400082434" rank="8" referenceName="No UV or Infra"/><Feature code="F400086860" rank="9" referenceName="EyeComfort [LED lums, LED lamps]"/><Feature code="F400088656" rank="10" referenceName="No visible flicker [bulbs]"/></Features><CSItems><CSItem code="IT4043370" rank="1" referenceName="Lichteigenschaften - Augenfreundlich"/><CSItem code="IT4029271" rank="1" referenceName="Lampenabmessungen - Höhe"/><CSItem code="IT4026387" rank="2" referenceName="Lichteigenschaften - Lichtleistung"/><CSItem code="IT4026407" rank="3" referenceName="Nennwerte - Nennleistung"/><CSItem code="IT4026404" rank="4" referenceName="Andere Eigenschaften - Quecksilbergehalt"/><CSItem code="IT4029169" rank="5" referenceName="Lebensdauer - Lebensdauer der Lampe"/><CSItem code="IT4029275" rank="7" referenceName="Lampeneigenschaften - Form"/><CSItem code="IT4026378" rank="8" referenceName="Stromverbrauch - Energieeffizienzklasse"/><CSItem code="IT4029156" rank="9" referenceName="Lichteigenschaften - Abstrahlwinkel"/><CSItem code="IT4029171" rank="10" referenceName="Lebensdauer - Anzahl der Schaltzyklen"/><CSItem code="IT4026405" rank="11" referenceName="Andere Eigenschaften - Leistungsfaktor"/><CSItem code="IT4029053" rank="12" referenceName="Stromverbrauch - Energieverbrauch pro 1000 Std."/><CSItem code="IT4029277" rank="14" referenceName="Lampeneigenschaften - Sockel/Fassung"/><CSItem code="IT4029167" rank="15" referenceName="Nennwerte - Nennlebensdauer"/><CSItem code="IT4029272" rank="16" referenceName="Lampenabmessungen - Breite"/><CSItem code="IT4026406" rank="17" referenceName="Andere Eigenschaften - Lampenstrom"/><CSItem code="IT4029193" rank="18" referenceName="Lebensdauer - Lichtstromerhalt"/><CSItem code="IT4029279" rank="20" referenceName="Lampeneigenschaften - Dimmbar"/><CSItem code="IT4029158" rank="21" referenceName="Lichteigenschaften - Farbe"/><CSItem code="IT4029168" rank="22" referenceName="Nennwerte - Nennabstrahlwinkel"/><CSItem code="IT4029159" rank="23" referenceName="Lichteigenschaften - Farbtemperatur"/><CSItem code="IT4029164" rank="24" referenceName="Lebensdauer - Durchschnittliche Lebensdauer (bei 2,7 Stunden/Tag)"/><CSItem code="IT4036606" rank="25" referenceName="Lampeneigenschaften - Spannung"/><CSItem code="IT4041312" rank="26" referenceName="Andere Eigenschaften - Bereich"/><CSItem code="IT4037689" rank="28" referenceName="Lampeneigenschaften - Wattleistung"/><CSItem code="IT4029170" rank="29" referenceName="Lichteigenschaften - Farbwiedergabeindex (CRI)"/><CSItem code="IT4037690" rank="30" referenceName="Lampeneigenschaften - Vergleichbare Wattleistung einer Glühlampe"/><CSItem code="IT4026390" rank="31" referenceName="Lichteigenschaften - Startzeit"/><CSItem code="IT4029160" rank="32" referenceName="Lichteigenschaften - Anlaufzeit, bis 60% der maximalen Helligkeit erreicht sind"/><CSItem code="IT4029157" rank="33" referenceName="Lichteigenschaften - Nennintensität des Strahlmittelpunkts"/></CSItems></Purpose><Purpose type="Detail"><Features><Feature code="F400082348" rank="1" referenceName="Learn about light"/><Feature code="F400082355" rank="2" referenceName="2700K [LED lamps]"/><Feature code="F400082416" rank="3" referenceName="Homogen beam pattern"/><Feature code="F400082404" rank="4" referenceName="Replaces halogen spot"/><Feature code="F400082363" rank="5" referenceName="15,000-hour rated average life"/><Feature code="F400082440" rank="6" referenceName="Saves up to 80% NRJ"/><Feature code="F400082375" rank="7" referenceName="36º beam - spot [LED lamps]"/><Feature code="F400082434" rank="8" referenceName="No UV or Infra"/><Feature code="F400086860" rank="9" referenceName="EyeComfort [LED lums, LED lamps]"/><Feature code="F400088656" rank="10" referenceName="No visible flicker [bulbs]"/></Features><CSItems><CSItem code="IT4043370" rank="1" referenceName="Lichteigenschaften - Augenfreundlich"/><CSItem code="IT4029271" rank="1" referenceName="Lampenabmessungen - Höhe"/><CSItem code="IT4026387" rank="2" referenceName="Lichteigenschaften - Lichtleistung"/><CSItem code="IT4026407" rank="3" referenceName="Nennwerte - Nennleistung"/><CSItem code="IT4026404" rank="4" referenceName="Andere Eigenschaften - Quecksilbergehalt"/><CSItem code="IT4029169" rank="5" referenceName="Lebensdauer - Lebensdauer der Lampe"/><CSItem code="IT4029275" rank="7" referenceName="Lampeneigenschaften - Form"/><CSItem code="IT4026378" rank="8" referenceName="Stromverbrauch - Energieeffizienzklasse"/><CSItem code="IT4029156" rank="9" referenceName="Lichteigenschaften - Abstrahlwinkel"/><CSItem code="IT4029171" rank="10" referenceName="Lebensdauer - Anzahl der Schaltzyklen"/><CSItem code="IT4026405" rank="11" referenceName="Andere Eigenschaften - Leistungsfaktor"/><CSItem code="IT4029053" rank="12" referenceName="Stromverbrauch - Energieverbrauch pro 1000 Std."/><CSItem code="IT4029277" rank="14" referenceName="Lampeneigenschaften - Sockel/Fassung"/><CSItem code="IT4029167" rank="15" referenceName="Nennwerte - Nennlebensdauer"/><CSItem code="IT4029272" rank="16" referenceName="Lampenabmessungen - Breite"/><CSItem code="IT4026406" rank="17" referenceName="Andere Eigenschaften - Lampenstrom"/><CSItem code="IT4029193" rank="18" referenceName="Lebensdauer - Lichtstromerhalt"/><CSItem code="IT4029279" rank="20" referenceName="Lampeneigenschaften - Dimmbar"/><CSItem code="IT4029158" rank="21" referenceName="Lichteigenschaften - Farbe"/><CSItem code="IT4029168" rank="22" referenceName="Nennwerte - Nennabstrahlwinkel"/><CSItem code="IT4029159" rank="23" referenceName="Lichteigenschaften - Farbtemperatur"/><CSItem code="IT4029164" rank="24" referenceName="Lebensdauer - Durchschnittliche Lebensdauer (bei 2,7 Stunden/Tag)"/><CSItem code="IT4036606" rank="25" referenceName="Lampeneigenschaften - Spannung"/><CSItem code="IT4041312" rank="26" referenceName="Andere Eigenschaften - Bereich"/><CSItem code="IT4037689" rank="28" referenceName="Lampeneigenschaften - Wattleistung"/><CSItem code="IT4029170" rank="29" referenceName="Lichteigenschaften - Farbwiedergabeindex (CRI)"/><CSItem code="IT4037690" rank="30" referenceName="Lampeneigenschaften - Vergleichbare Wattleistung einer Glühlampe"/><CSItem code="IT4026390" rank="31" referenceName="Lichteigenschaften - Startzeit"/><CSItem code="IT4029160" rank="32" referenceName="Lichteigenschaften - Anlaufzeit, bis 60% der maximalen Helligkeit erreicht sind"/><CSItem code="IT4029157" rank="33" referenceName="Lichteigenschaften - Nennintensität des Strahlmittelpunkts"/></CSItems></Purpose></Filters><FeatureCompareGroups/><Disclaimers><Disclaimer code="DIS40012516" rank="1" referenceName="Designed for the comfort of your eyes"><DisclaimerText>Entwickelt, um Ihre Augen zu schonen. Besuchen Sie www.philips.com/eyecomfort für Informationen zu den Produkten sowie über Flimmern, stroboskopische Lichteffekte und weitere Kriterien für augenschonendes Licht.</DisclaimerText><DisclaimElements/></Disclaimer><Disclaimer code="DIS40012976" rank="2" referenceName="No flicker disclaimer"><DisclaimerText>PstLM ist kleiner oder gleich 1,0, gemessen entsprechend IEC 61547-1 und IEC 61000-4-15.</DisclaimerText><DisclaimElements/></Disclaimer></Disclaimers><RichTexts/></Product></Products>