<?xml version="1.0" encoding="UTF-8"?><Products xmlns:source="http://apache.org/cocoon/source/1.0" DocStatus="approved" DocTimeStamp="2018-10-23T10:52:26"><Product Country="DE" IsAccessory="false" IsLocalized="true" IsMaster="false" Locale="de_DE" lastModified="2018-10-23T04:30:06" masterLastModified="2018-10-19T00:31:00"><CTN>1742030P7</CTN><Code12NC>915005630301</Code12NC><GTIN>8718696167991</GTIN><MarketingVersion>5.2.1</MarketingVersion><MarketingStatus>Final Published</MarketingStatus><CRDate>2017-09-08</CRDate><CRDateYW>201736</CRDateYW><ModelYears><ModelYear>2017</ModelYear></ModelYears><ProductDivision><ProductDivisionCode>0100</ProductDivisionCode><ProductDivisionName>Lighting</ProductDivisionName><FormerPDCode>0100</FormerPDCode></ProductDivision><ProductOwner>Erwin Deproost</ProductOwner><DTN>17420/30/P7</DTN><Catalog><StartOfPublication>2018-05-09T00:00:00</StartOfPublication><EndOfPublication>2023-04-30T00:00:00</EndOfPublication><StartOfSales>2018-05-09T00:00:00</StartOfSales><EndOfSales>2023-04-30T00:00:00</EndOfSales><DummyPrice>99.99</DummyPrice><Deleted>false</Deleted><DeleteAfterDate/><ProductRank>85</ProductRank></Catalog><FinancialCategorization><BusinessGroupCode>9021</BusinessGroupCode><BusinessGroupName>Home</BusinessGroupName><BusinessUnitCode>9159</BusinessUnitCode><BusinessUnitName>Home Luminaires</BusinessUnitName><MainArticleGroupCode>G79</MainArticleGroupCode><MainArticleGroupName>Outdoor</MainArticleGroupName><ArticleGroupCode>4946</ArticleGroupCode><ArticleGroupName>Outdoor Gardenspot</ArticleGroupName></FinancialCategorization><Categorization type="CONSUMER"><GroupCode>LIGHTING_GR</GroupCode><GroupName>Lighting</GroupName><CategoryCode>HUEWIRELESS_CA</CategoryCode><CategoryName>Hue</CategoryName><SubcategoryCode>LAMPS_SU</SubcategoryCode><SubcategoryName>Lamps</SubcategoryName></Categorization><Assets><Asset code="1742030P7" description="Leaflet" extension="pdf" lastModified="2018-06-20" locale="de_DE" number="001" type="PSS">http://download.p4c.philips.com/files/1/1742030p7/1742030p7_pss_deude.pdf</Asset><Asset code="1742030P7" description="Retail Trade Leaflet" extension="pdf" lastModified="2018-10-19" locale="de_DE" number="001" type="RTL">http://download.p4c.philips.com/files/1/1742030p7/1742030p7_rtl_deude.pdf</Asset><Asset code="1742030P7" description="Alternative product photograph 1 - highres 2196x1795" extension="tif" lastModified="2018-04-09" locale="global" number="001" type="A1P">http://images.philips.com/is/image/PhilipsConsumer/1742030P7-A1P-global-001</Asset><Asset code="1742030P7" description="Alternative product photograph 2 - highres 2196x1795" extension="tif" lastModified="2018-04-09" locale="global" number="001" type="A2P">http://images.philips.com/is/image/PhilipsConsumer/1742030P7-A2P-global-001</Asset><Asset code="1742030P7" description="Alternative product photograph 3 - highres 2196x1795" extension="tif" lastModified="2018-04-09" locale="global" number="001" type="A3P">http://images.philips.com/is/image/PhilipsConsumer/1742030P7-A3P-global-001</Asset><Asset code="1742030P7" description="Alternative product photograph 4 - highres 2196x1795" extension="tif" lastModified="2018-04-09" locale="global" number="001" type="A4P">http://images.philips.com/is/image/PhilipsConsumer/1742030P7-A4P-global-001</Asset><Asset code="1742030P7" description="Alternative product photograph - highres 2196x1795" extension="tif" lastModified="2018-06-28" locale="global" number="001" type="APP">http://images.philips.com/is/image/PhilipsConsumer/1742030P7-APP-global-001</Asset><Asset code="1742030P7" description="Product detail 1 - highres 2196x1795" extension="tif" lastModified="2018-04-09" locale="global" number="001" type="D1P">http://images.philips.com/is/image/PhilipsConsumer/1742030P7-D1P-global-001</Asset><Asset code="1742030P7" description="Product detail 2 - highres 2196x1795" extension="tif" lastModified="2018-06-28" locale="global" number="001" type="D2P">http://images.philips.com/is/image/PhilipsConsumer/1742030P7-D2P-global-001</Asset><Asset code="1742030P7" description="Product detail 4 - highres 2196x1795" extension="tif" lastModified="2018-06-28" locale="global" number="001" type="D4P">http://images.philips.com/is/image/PhilipsConsumer/1742030P7-D4P-global-001</Asset><Asset code="1742030P7" description="Main in-use photograph - highres 2480x1462" extension="tif" lastModified="2018-04-12" locale="global" number="001" type="MI1">http://images.philips.com/is/image/PhilipsConsumer/1742030P7-MI1-global-001</Asset><Asset code="1742030P7" description="Packaging photograph - highres 1447x756" extension="tif" lastModified="2018-04-09" locale="global" number="001" type="PID">http://images.philips.com/is/image/PhilipsConsumer/1742030P7-PID-global-001</Asset><Asset code="1742030P7" description="Packaging photograph - master" extension="tif" lastModified="2018-04-09" locale="global" number="001" type="PIM">http://download.p4c.philips.com/files/1/1742030p7/1742030p7_pim_.tif</Asset><Asset code="1742030P7" description="Packaging photograph - small 90x65" extension="jpg" lastModified="2018-04-09" locale="global" number="001" type="PIS">http://download.p4c.philips.com/files/1/1742030p7/1742030p7_pis_.jpg</Asset><Asset code="1742030P7" description="Leaflet" extension="pdf" lastModified="2018-04-24" locale="global" number="001" type="PSS">http://download.p4c.philips.com/files/1/1742030p7/1742030p7_pss_.pdf</Asset><Asset code="1742030P7" description="Standard product photograph - highres 2196x1795" extension="tif" lastModified="2018-04-09" locale="global" number="001" type="RTP">http://images.philips.com/is/image/PhilipsConsumer/1742030P7-RTP-global-001</Asset><Asset code="1742030P7" description="Product In Use 1 - highres 2196x1795" extension="tif" lastModified="2018-04-10" locale="global" number="001" type="U1P">http://images.philips.com/is/image/PhilipsConsumer/1742030P7-U1P-global-001</Asset><Asset code="1742030P7" description="Product in use photograph - highres 2196x1795" extension="tif" lastModified="2018-04-10" locale="global" number="001" type="UPL">http://images.philips.com/is/image/PhilipsConsumer/1742030P7-UPL-global-001</Asset><Asset code="1742030P7" description="Single product shot" extension="" lastModified="2018-10-23" locale="de_DE" number="" type="IMS">http://images.philips.com/is/image/PhilipsConsumer/1742030P7-IMS-de_DE</Asset><Asset code="1742030P7" description="Product gallery image set" extension="" lastModified="2018-10-23" locale="de_DE" number="" type="GAL">http://images.philips.com/is/image/PhilipsConsumer/1742030P7-GAL-de_DE</Asset><Asset code="1742030P7" description="Product URL" extension="" lastModified="2018-10-23" locale="de_DE" number="" type="URL">http://www.philips.de/c-p/1742030P7/hue-white-and-color-ambiance-calla-aussen-sockelleuchte</Asset><Asset code="F400086649" description="Feature photograph - highres 2100x1170" extension="tif" lastModified="2018-03-27" locale="global" number="001" type="FIL">http://images.philips.com/is/image/PhilipsConsumer/F400086649-FIL-global-001</Asset><Asset code="F400086672" description="Feature photograph - highres 2100x1170" extension="tif" lastModified="2018-03-20" locale="global" number="001" type="FIL">http://images.philips.com/is/image/PhilipsConsumer/F400086672-FIL-global-001</Asset><Asset code="F400086673" description="Feature photograph - highres 2100x1170" extension="tif" lastModified="2018-03-27" locale="global" number="001" type="FIL">http://images.philips.com/is/image/PhilipsConsumer/F400086673-FIL-global-001</Asset><Asset code="F400086675" description="Feature photograph - highres 2100x1170" extension="tif" lastModified="2018-03-20" locale="global" number="001" type="FIL">http://images.philips.com/is/image/PhilipsConsumer/F400086675-FIL-global-001</Asset><Asset code="F400086678" description="Feature photograph - highres 2100x1170" extension="tif" lastModified="2018-03-27" locale="global" number="001" type="FIL">http://images.philips.com/is/image/PhilipsConsumer/F400086678-FIL-global-001</Asset><Asset code="F400086679" description="Feature photograph - highres 2100x1170" extension="tif" lastModified="2018-03-20" locale="global" number="001" type="FIL">http://images.philips.com/is/image/PhilipsConsumer/F400086679-FIL-global-001</Asset><Asset code="F400086681" description="Feature photograph - highres 2100x1170" extension="tif" lastModified="2018-03-27" locale="global" number="001" type="FIL">http://images.philips.com/is/image/PhilipsConsumer/F400086681-FIL-global-001</Asset><Asset code="F400086682" description="Feature photograph - highres 2100x1170" extension="tif" lastModified="2018-03-20" locale="global" number="001" type="FIL">http://images.philips.com/is/image/PhilipsConsumer/F400086682-FIL-global-001</Asset><Asset code="F400086685" description="Feature photograph - highres 2100x1170" extension="tif" lastModified="2018-03-28" locale="global" number="001" type="FIL">http://images.philips.com/is/image/PhilipsConsumer/F400086685-FIL-global-001</Asset><Asset code="F400086686" description="Feature photograph - highres 2100x1170" extension="tif" lastModified="2018-04-05" locale="global" number="001" type="FIL">http://images.philips.com/is/image/PhilipsConsumer/F400086686-FIL-global-001</Asset><Asset code="PHI" description="Brand logo - highres 1476x886" extension="tif" lastModified="2016-02-18" locale="global" number="001" type="BRP">http://images.philips.com/is/image/PhilipsConsumer/PHI-BRP-global-001</Asset></Assets><ProductName>Calla Außen-Sockelleuchte Erweiterung LED integriert</ProductName><FullProductName>Philips Hue White and color ambiance Calla Außen-Sockelleuchte 17420/30/P7 Erweiterung, LED integriert, Schwarz, Intelligente Steuerung via Hue Bridge*</FullProductName><NamingString><MasterBrand><BrandCode>PHI</BrandCode><BrandName>Philips</BrandName></MasterBrand><BrandString>Philips</BrandString><Family><FamilyCode>PLM0345003</FamilyCode><FamilyName>Hue White and color ambiance</FamilyName><FamilyNameUsed>1</FamilyNameUsed></Family><Descriptor><DescriptorCode>PLM1000129</DescriptorCode><DescriptorName>Calla Außen-Sockelleuchte</DescriptorName></Descriptor><Alphanumeric>17420/30/P7</Alphanumeric><VersionElement1><VersionElementCode>PLM1000009</VersionElementCode><VersionElementName>LED integriert</VersionElementName></VersionElement1><VersionElement2><VersionElementCode>PLM1000050</VersionElementCode><VersionElementName>Erweiterung</VersionElementName></VersionElement2><VersionElement3><VersionElementCode>PLM1000004</VersionElementCode><VersionElementName>Schwarz</VersionElementName></VersionElement3><VersionElement4><VersionElementCode>PLM1000044</VersionElementCode><VersionElementName>Intelligente Steuerung via Hue Bridge*</VersionElementName></VersionElement4><VersionString>Erweiterung, LED integriert, Schwarz, Intelligente Steuerung via Hue Bridge*</VersionString><BrandedFeatureString/><DescriptorBrandedFeatureString>Calla Außen-Sockelleuchte</DescriptorBrandedFeatureString></NamingString><WOW>Einfach einstecken und Ihre Außenbereiche beleuchten</WOW><MarketingTextHeader>Mit unseren Hue Sockelleuchten für den Außenbereich bringst Du Licht in Deinen Garten, auf die Veranda, auf die Terrasse, die Hofeinfahrt oder Deinen Balkon! Mache Dich jetzt bereit für die nächste Gartenparty und überrasche Deine Gäste mit farbenfrohen Lichtakzenten und tollem Ambiente. Oder genieße lange Abende bei warmweißem Licht zum Entspannen. Alles was Du benötigst ist ein Basis-Set mit Netzteil, an welches bis zu 5 Hue Niedervolt-Leuchten (Lily und Calla) angeschlossen werden können.</MarketingTextHeader><KeyBenefitArea><KeyBenefitAreaCode>K4034400</KeyBenefitAreaCode><KeyBenefitAreaName>Unbegrenzte Möglichkeiten</KeyBenefitAreaName><KeyBenefitAreaRank>1</KeyBenefitAreaRank><Feature><FeatureCode>F400086649</FeatureCode><FeatureReferenceName>Paint your outdoors with 16 million colors (Hue outdoor)</FeatureReferenceName><FeatureName>Verschönere Deinen Garten</FeatureName><FeatureLongDescription>Verschönere Deinen Garten mit 16 Millionen Farben</FeatureLongDescription><FeatureGlossary>Mit Philips Hue sind keine Grenzen gesetzt: Experimentiere mit 16 Millionen Farben und allen Weißtönen, um die gewünschte Wirkung zu erzeugen und Deinen Garten zu verschönern. Hebe Gegenstände, Bäume oder Wege hervor, um Deinen Außenbereich ins rechte Licht zu rücken. Speichere mit Hilfe der Hue App Deine bevorzugten Einstellungen, um sie jederzeit aufrufen zu können.</FeatureGlossary><FeatureRank>9</FeatureRank><FeatureTopRank>1</FeatureTopRank></Feature><Feature><FeatureCode>F400086679</FeatureCode><FeatureReferenceName>Unwind with warm to cool white light (Hue outdoor)</FeatureReferenceName><FeatureName>Von warmem bis hin zu kühlem Weiß</FeatureName><FeatureLongDescription>Entspannen mit warmem Weißlicht</FeatureLongDescription><FeatureGlossary>Verlängere Deine Abende mit der Außenbeleuchtung von Philips Hue. Sorge für die passende Atmosphäre auf Terrasse, Balkon oder Veranda und lehne Dich entspannt zurück. Wechsel von einem warmweißen Licht einer Sommersonne hin zu einem kühleren Winterlicht: Du kannst das ganze Jahr über passend zu Deiner Stimmung jeden beliebigen Weißton einstellen.</FeatureGlossary><FeatureRank>10</FeatureRank><FeatureTopRank>2</FeatureTopRank></Feature><Feature><FeatureCode>F400086681</FeatureCode><FeatureReferenceName>Special light for special occasions (Hue outdoor)</FeatureReferenceName><FeatureName>Besondere Anlässe</FeatureName><FeatureLongDescription>Besonderes Licht für besondere Anlässe</FeatureLongDescription><FeatureGlossary>Erwartest Du Besuch von Freunden oder Familie? Stelle Deine Außenbeleuchtung passend zum Anlass ein. Egal ob gemütliches Abendessen auf dem Balkon, Grillen auf der Terrasse oder Party im Garten – mit Philips Hue kannst Du jedes Beisammensein in ein magisches Licht rücken. Erstelle farbenfrohe Szenen, um diese besonderen Momente in vollen Zügen zu genießen.</FeatureGlossary><FeatureRank>11</FeatureRank><FeatureTopRank>3</FeatureTopRank></Feature></KeyBenefitArea><KeyBenefitArea><KeyBenefitAreaCode>K4034643</KeyBenefitAreaCode><KeyBenefitAreaName>Einfache und bequeme Bedienung</KeyBenefitAreaName><KeyBenefitAreaRank>2</KeyBenefitAreaRank><Feature><FeatureCode>F400086672</FeatureCode><FeatureReferenceName>Set timers for your convenience (Hue outdoor)</FeatureReferenceName><FeatureName>Timer ganz nach Deinen Bedürfnissen</FeatureName><FeatureLongDescription>Stelle den Timer ganz nach Deinen Bedürfnissen ein</FeatureLongDescription><FeatureGlossary>Genieße lange Abende draußen, beende Deine Gartenarbeit oder bringe einfach spät abends den Müll raus. Schalte Deine Beleuchtung über die Philips Hue App automatisch ein, indem Du individuelle Zeitpläne einrichtest oder die Beleuchtung nach Sonnenuntergang/-aufgang ausrichtest. Auf die gleiche Art und Weise kannst Du die Beleuchtung auch ausschalten oder dimmen. Du musst Dir nie wieder darüber Gedanken machen, ob Du das Licht angelassen hast oder nicht.</FeatureGlossary><FeatureRank>3</FeatureRank><FeatureTopRank>4</FeatureTopRank></Feature><Feature><FeatureCode>F400086673</FeatureCode><FeatureReferenceName>Installation free dimming (Hue outdoor)</FeatureReferenceName><FeatureName>Dimmen ohne Installation</FeatureName><FeatureLongDescription>Dimmen ohne Installation</FeatureLongDescription><FeatureGlossary>Erlebe garantiert einfaches Dimmen mit Philips Hue. Nicht zu hell. Nicht zu dunkel. Einfach genau richtig. Kabel, Elektriker und Installation sind zum Dimmen Deiner Beleuchtung nicht nötig.</FeatureGlossary><FeatureRank>5</FeatureRank><FeatureTopRank>5</FeatureTopRank></Feature><Feature><FeatureCode>F400086678</FeatureCode><FeatureReferenceName>Control it your way (Hue outdoor)</FeatureReferenceName><FeatureName>Nach Belieben steuerbar</FeatureName><FeatureLongDescription>Nach Belieben steuerbar</FeatureLongDescription><FeatureGlossary>Noch nie war die Steuerung Deiner Außenbeleuchtung so einfach: Steuere Deine Beleuchtung über Dein Smartphone oder Tablet mit der Philips Hue App, oder füge Innenschalter zu Deinem System hinzu, um Deine Leuchten zu steuern. Programmiere Timer, Benachrichtigungen, Alarme und vieles mehr. Philips Hue funktioniert sogar mit Amazon Alexa, Apple HomeKit und Google Assistant, so dass Du Deine Beleuchtung per Sprachsteuerung anpassen kannst.</FeatureGlossary><FeatureRank>6</FeatureRank><FeatureTopRank>6</FeatureTopRank></Feature></KeyBenefitArea><KeyBenefitArea><KeyBenefitAreaCode>K4035539</KeyBenefitAreaCode><KeyBenefitAreaName>Speziell für Deine Außenbereiche entwickelt</KeyBenefitAreaName><KeyBenefitAreaRank>3</KeyBenefitAreaRank><Feature><FeatureCode>F400086682</FeatureCode><FeatureReferenceName>Easy to install and extend (Hue outdoor)</FeatureReferenceName><FeatureName>Einfache Installation und Erweiterung</FeatureName><FeatureLongDescription>Einfache Installation und Erweiterung</FeatureLongDescription><FeatureGlossary>Beleuchte dunkle Pfade, setzte Highlights in Deiner Gartengestaltung oder schaffe ein einzigartiges Ambiente auf der Terrasse. Mit Hue Spots oder Sockelleuchten kannst Du das problemlos in Eigenregie tun. Die Produkte arbeiten mit niedriger Spannung und sind deshalb sicher in der Nutzung und einfach zu installieren. Komplexität in der Außenbeleuchtung gehört der Vergangenheit an: Lasse Deiner Kreativität mit Erweiterungen freien Lauf.</FeatureGlossary><FeatureRank>1</FeatureRank><FeatureTopRank>7</FeatureTopRank></Feature><Feature><FeatureCode>F400086683</FeatureCode><FeatureReferenceName>Power supply and plug included EU (Hue outdoor)</FeatureReferenceName><FeatureName>Netzteil und Stecker im Lieferumfang enthalten</FeatureName><FeatureLongDescription>Netzteil und Stecker im Lieferumfang enthalten</FeatureLongDescription><FeatureGlossary>Im Lieferumfang des Basis-Sets ist alles enthalten, was Du für die ersten Schritte benötigst – Lichtpunkte, Netzteil, Verlängerungskabel und Verbindungsstücke. Du musst Deine Beleuchtung also lediglich auspacken, am Ort Deiner Wahl platzieren und einschalten.</FeatureGlossary><FeatureRank>2</FeatureRank><FeatureTopRank>8</FeatureTopRank></Feature><Feature><FeatureCode>F400086686</FeatureCode><FeatureReferenceName>High-quality aluminum and superior synthetics (Hue outdoor)</FeatureReferenceName><FeatureName>Hochwertiges Material</FeatureName><FeatureLongDescription>Qualitativ hochwertiges Material</FeatureLongDescription><FeatureGlossary>Die Produkte sind speziell für den Einsatz in Außenbereichen entwickelt. Wir verwenden die hochwertigsten Materialien, um die beste Leistung in Außenbereichen zu gewährleisten. Außerdem setzen wir die Materialien intelligent ein, um die elektromagnetische Verträglichkeit zu optimieren.</FeatureGlossary><FeatureRank>4</FeatureRank><FeatureTopRank>9</FeatureTopRank></Feature><Feature><FeatureCode>F400086685</FeatureCode><FeatureReferenceName>Weather-proof (IP65) (Hue outdoor)</FeatureReferenceName><FeatureName>Wetterfest (IP65)</FeatureName><FeatureLongDescription>Wetterfest (IP65)</FeatureLongDescription><FeatureGlossary>Diese Philips Außenleuchte wurde speziell für Umgebungen im Freien entworfen und strengen Tests unterzogen, die ihre Leistung gewährleisten. Die IP-Stufe wird durch zwei Ziffern festgelegt: die erste bezieht sich auf die Schutzstufe gegen Staub, die zweite auf die Schutzstufe gegen Wasser. Diese Leuchte ist mit IP65 ausgelegt, was bedeutet, dass sie gegen Strahlwasser mit geringem Druck geschützt ist. Dies ist ein höheres Schutzniveau als IP44 und kommt üblicherweise zum Einsatz, wenn Leuchten in Bodennähe installiert werden oder aufgrund bestimmter Verhältnisse im Freien einen stärkeren Schutz benötigen.</FeatureGlossary><FeatureRank>7</FeatureRank><FeatureTopRank>10</FeatureTopRank></Feature></KeyBenefitArea><KeyBenefitArea><KeyBenefitAreaCode>K4034656</KeyBenefitAreaCode><KeyBenefitAreaName>Volle Kontrolle über Dein Mobilgerät via Hue Bridge</KeyBenefitAreaName><KeyBenefitAreaRank>4</KeyBenefitAreaRank><Feature><FeatureCode>F400086675</FeatureCode><FeatureReferenceName>Requires a Philips Hue bridge (Hue outdoor)</FeatureReferenceName><FeatureName>Erfordert eine Philips Hue Bridge</FeatureName><FeatureLongDescription>Erfordert eine Philips Hue Bridge</FeatureLongDescription><FeatureGlossary>Verbinde Deine Philips Hue Lampen mit der Bridge, um Deine Beleuchtung über Dein Smartphone oder Tablet mit der Philips Hue App zu steuern. Sobald die Leuchten in Dein Hue System eingebunden sind, kannst Du sie auch mithilfe der weiteren Steuerungsmöglichkeiten für Philips Hue steuern, z.B. via Dimmschalter oder Sprachsteuerung.</FeatureGlossary><FeatureRank>8</FeatureRank><FeatureTopRank>11</FeatureTopRank></Feature></KeyBenefitArea><FeatureImage><FeatureCode>F400086649</FeatureCode><FeatureReferenceName>Paint your outdoors with 16 million colors (Hue outdoor)</FeatureReferenceName><FeatureImageRank>1</FeatureImageRank></FeatureImage><FeatureImage><FeatureCode>F400086679</FeatureCode><FeatureReferenceName>Unwind with warm to cool white light (Hue outdoor)</FeatureReferenceName><FeatureImageRank>2</FeatureImageRank></FeatureImage><FeatureImage><FeatureCode>F400086681</FeatureCode><FeatureReferenceName>Special light for special occasions (Hue outdoor)</FeatureReferenceName><FeatureImageRank>3</FeatureImageRank></FeatureImage><FeatureImage><FeatureCode>F400086672</FeatureCode><FeatureReferenceName>Set timers for your convenience (Hue outdoor)</FeatureReferenceName><FeatureImageRank>4</FeatureImageRank></FeatureImage><FeatureImage><FeatureCode>F400086673</FeatureCode><FeatureReferenceName>Installation free dimming (Hue outdoor)</FeatureReferenceName><FeatureImageRank>5</FeatureImageRank></FeatureImage><FeatureImage><FeatureCode>F400086678</FeatureCode><FeatureReferenceName>Control it your way (Hue outdoor)</FeatureReferenceName><FeatureImageRank>6</FeatureImageRank></FeatureImage><FeatureImage><FeatureCode>F400086682</FeatureCode><FeatureReferenceName>Easy to install and extend (Hue outdoor)</FeatureReferenceName><FeatureImageRank>7</FeatureImageRank></FeatureImage><FeatureImage><FeatureCode>F400086683</FeatureCode><FeatureReferenceName>Power supply and plug included EU (Hue outdoor)</FeatureReferenceName><FeatureImageRank>8</FeatureImageRank></FeatureImage><FeatureImage><FeatureCode>F400086686</FeatureCode><FeatureReferenceName>High-quality aluminum and superior synthetics (Hue outdoor)</FeatureReferenceName><FeatureImageRank>9</FeatureImageRank></FeatureImage><FeatureImage><FeatureCode>F400086685</FeatureCode><FeatureReferenceName>Weather-proof (IP65) (Hue outdoor)</FeatureReferenceName><FeatureImageRank>10</FeatureImageRank></FeatureImage><FeatureImage><FeatureCode>F400086675</FeatureCode><FeatureReferenceName>Requires a Philips Hue bridge (Hue outdoor)</FeatureReferenceName><FeatureImageRank>11</FeatureImageRank></FeatureImage><FeatureHighlight><FeatureCode>F400086649</FeatureCode><FeatureReferenceName>Paint your outdoors with 16 million colors (Hue outdoor)</FeatureReferenceName><FeatureHighlightRank>1</FeatureHighlightRank></FeatureHighlight><FeatureHighlight><FeatureCode>F400086679</FeatureCode><FeatureReferenceName>Unwind with warm to cool white light (Hue outdoor)</FeatureReferenceName><FeatureHighlightRank>2</FeatureHighlightRank></FeatureHighlight><FeatureHighlight><FeatureCode>F400086681</FeatureCode><FeatureReferenceName>Special light for special occasions (Hue outdoor)</FeatureReferenceName><FeatureHighlightRank>3</FeatureHighlightRank></FeatureHighlight><FeatureHighlight><FeatureCode>F400086672</FeatureCode><FeatureReferenceName>Set timers for your convenience (Hue outdoor)</FeatureReferenceName><FeatureHighlightRank>4</FeatureHighlightRank></FeatureHighlight><FeatureHighlight><FeatureCode>F400086673</FeatureCode><FeatureReferenceName>Installation free dimming (Hue outdoor)</FeatureReferenceName><FeatureHighlightRank>5</FeatureHighlightRank></FeatureHighlight><FeatureHighlight><FeatureCode>F400086678</FeatureCode><FeatureReferenceName>Control it your way (Hue outdoor)</FeatureReferenceName><FeatureHighlightRank>6</FeatureHighlightRank></FeatureHighlight><FeatureHighlight><FeatureCode>F400086682</FeatureCode><FeatureReferenceName>Easy to install and extend (Hue outdoor)</FeatureReferenceName><FeatureHighlightRank>7</FeatureHighlightRank></FeatureHighlight><FeatureHighlight><FeatureCode>F400086683</FeatureCode><FeatureReferenceName>Power supply and plug included EU (Hue outdoor)</FeatureReferenceName><FeatureHighlightRank>8</FeatureHighlightRank></FeatureHighlight><FeatureHighlight><FeatureCode>F400086686</FeatureCode><FeatureReferenceName>High-quality aluminum and superior synthetics (Hue outdoor)</FeatureReferenceName><FeatureHighlightRank>9</FeatureHighlightRank></FeatureHighlight><FeatureHighlight><FeatureCode>F400086685</FeatureCode><FeatureReferenceName>Weather-proof (IP65) (Hue outdoor)</FeatureReferenceName><FeatureHighlightRank>10</FeatureHighlightRank></FeatureHighlight><FeatureHighlight><FeatureCode>F400086675</FeatureCode><FeatureReferenceName>Requires a Philips Hue bridge (Hue outdoor)</FeatureReferenceName><FeatureHighlightRank>11</FeatureHighlightRank></FeatureHighlight><CSChapter><CSChapterCode>PLMCHP010</CSChapterCode><CSChapterName>Design und Materialausführung</CSChapterName><CSChapterRank>10</CSChapterRank><CSItem><CSItemCode>PLMITM010001</CSItemCode><CSItemName>Material</CSItemName><CSItemRank>1</CSItemRank><CSItemIsFreeFormat>0</CSItemIsFreeFormat><CSValue><CSValueCode>PLMATR0105AL</CSValueCode><CSValueName>Aluminium</CSValueName><CSValueRank>1</CSValueRank></CSValue></CSItem><CSItem><CSItemCode>PLMITM010002</CSItemCode><CSItemName>Farbe</CSItemName><CSItemRank>2</CSItemRank><CSItemIsFreeFormat>0</CSItemIsFreeFormat><CSValue><CSValueCode>PLMATR018315</CSValueCode><CSValueName>Matt verchromt</CSValueName><CSValueRank>1</CSValueRank></CSValue></CSItem></CSChapter><CSChapter><CSChapterCode>PLMCHP030</CSChapterCode><CSChapterName>Produktabmessungen und -gewicht</CSChapterName><CSChapterRank>30</CSChapterRank><CSItem><CSItemCode>PLMITM030001</CSItemCode><CSItemName>Höhe</CSItemName><CSItemRank>1</CSItemRank><CSItemIsFreeFormat>1</CSItemIsFreeFormat><CSValue><CSValueCode>VA4042333</CSValueCode><CSValueName>25,2</CSValueName><CSValueRank>1</CSValueRank></CSValue><UnitOfMeasure><UnitOfMeasureCode>3000039</UnitOfMeasureCode><UnitOfMeasureName>Zentimeter</UnitOfMeasureName><UnitOfMeasureSymbol>cm</UnitOfMeasureSymbol></UnitOfMeasure></CSItem><CSItem><CSItemCode>PLMITM030004</CSItemCode><CSItemName>Länge</CSItemName><CSItemRank>4</CSItemRank><CSItemIsFreeFormat>1</CSItemIsFreeFormat><CSValue><CSValueCode>VA4042309</CSValueCode><CSValueName>10,4</CSValueName><CSValueRank>1</CSValueRank></CSValue><UnitOfMeasure><UnitOfMeasureCode>3000039</UnitOfMeasureCode><UnitOfMeasureName>Zentimeter</UnitOfMeasureName><UnitOfMeasureSymbol>cm</UnitOfMeasureSymbol></UnitOfMeasure></CSItem><CSItem><CSItemCode>PLMITM030005</CSItemCode><CSItemName>Breite</CSItemName><CSItemRank>5</CSItemRank><CSItemIsFreeFormat>1</CSItemIsFreeFormat><CSValue><CSValueCode>VA4042311</CSValueCode><CSValueName>10,4</CSValueName><CSValueRank>1</CSValueRank></CSValue><UnitOfMeasure><UnitOfMeasureCode>3000039</UnitOfMeasureCode><UnitOfMeasureName>Zentimeter</UnitOfMeasureName><UnitOfMeasureSymbol>cm</UnitOfMeasureSymbol></UnitOfMeasure></CSItem><CSItem><CSItemCode>PLMITM030006</CSItemCode><CSItemName>Nettogewicht</CSItemName><CSItemRank>6</CSItemRank><CSItemIsFreeFormat>1</CSItemIsFreeFormat><CSValue><CSValueCode>VA4042308</CSValueCode><CSValueName>0,735</CSValueName><CSValueRank>1</CSValueRank></CSValue><UnitOfMeasure><UnitOfMeasureCode>3000049</UnitOfMeasureCode><UnitOfMeasureName>Kilogramm</UnitOfMeasureName><UnitOfMeasureSymbol>kg</UnitOfMeasureSymbol></UnitOfMeasure></CSItem><CSItem><CSItemCode>PLMITM030010</CSItemCode><CSItemName>Kabellänge</CSItemName><CSItemRank>10</CSItemRank><CSItemIsFreeFormat>1</CSItemIsFreeFormat><CSValue><CSValueCode>VA4053615</CSValueCode><CSValueName>0,5</CSValueName><CSValueRank>1</CSValueRank></CSValue><UnitOfMeasure><UnitOfMeasureCode>3000057</UnitOfMeasureCode><UnitOfMeasureName>Meter</UnitOfMeasureName><UnitOfMeasureSymbol>m</UnitOfMeasureSymbol></UnitOfMeasure></CSItem></CSChapter><CSChapter><CSChapterCode>PLMCHP040</CSChapterCode><CSChapterName>Technische Daten</CSChapterName><CSChapterRank>40</CSChapterRank><CSItem><CSItemCode>PLMITM040001</CSItemCode><CSItemName>Netzstrom</CSItemName><CSItemRank>1</CSItemRank><CSItemIsFreeFormat>0</CSItemIsFreeFormat><CSValue><CSValueCode>PLMATR0719220-240</CSValueCode><CSValueName>Bereich 220 V – 240 V</CSValueName><CSValueRank>1</CSValueRank></CSValue></CSItem><CSItem><CSItemCode>PLMITM040002</CSItemCode><CSItemName>Lichttechnologie</CSItemName><CSItemRank>2</CSItemRank><CSItemIsFreeFormat>0</CSItemIsFreeFormat><CSValue><CSValueCode>PLMATRBOIBULB10131LED</CSValueCode><CSValueName>LED</CSValueName><CSValueRank>1</CSValueRank></CSValue><CSValue><CSValueCode>PLMATR032924</CSValueCode><CSValueName>24 V</CSValueName><CSValueRank>2</CSValueRank></CSValue></CSItem><CSItem><CSItemCode>PLMITM040003</CSItemCode><CSItemName>Anzahl Lichtquellen</CSItemName><CSItemRank>3</CSItemRank><CSItemIsFreeFormat>1</CSItemIsFreeFormat><CSValue><CSValueCode>VA4042306</CSValueCode><CSValueName>1</CSValueName><CSValueRank>1</CSValueRank></CSValue></CSItem><CSItem><CSItemCode>PLMITM040005</CSItemCode><CSItemName>Wattage des im Lieferumfang enthaltenen Leuchtmittels</CSItemName><CSItemRank>5</CSItemRank><CSItemIsFreeFormat>0</CSItemIsFreeFormat><CSValue><CSValueCode>PLMATR04608</CSValueCode><CSValueName>8 W</CSValueName><CSValueRank>1</CSValueRank></CSValue></CSItem><CSItem><CSItemCode>PLMITM040006</CSItemCode><CSItemName>Maximale Wattage der Ersatzlampe</CSItemName><CSItemRank>6</CSItemRank><CSItemIsFreeFormat>0</CSItemIsFreeFormat><CSValue><CSValueCode>PLMATR03338</CSValueCode><CSValueName>8 W</CSValueName><CSValueRank>1</CSValueRank></CSValue></CSItem><CSItem><CSItemCode>PLMITM040007</CSItemCode><CSItemName>Lichtfarbe</CSItemName><CSItemRank>7</CSItemRank><CSItemIsFreeFormat>0</CSItemIsFreeFormat><CSValue><CSValueCode>PLMATRBOIBULB106242000-6500K</CSValueCode><CSValueName>2.000 - 6.500 Hue White Color Ambiance</CSValueName><CSValueRank>1</CSValueRank></CSValue></CSItem><CSItem><CSItemCode>PLMITM0400011</CSItemCode><CSItemName>Gesamtleistung in Lumen</CSItemName><CSItemRank>11</CSItemRank><CSItemIsFreeFormat>0</CSItemIsFreeFormat><CSValue><CSValueCode>PLMATR1096600</CSValueCode><CSValueName>600 lm</CSValueName><CSValueRank>1</CSValueRank></CSValue></CSItem><CSItem><CSItemCode>PLMITM0400013</CSItemCode><CSItemName>Leuchte dimmbar</CSItemName><CSItemRank>13</CSItemRank><CSItemIsFreeFormat>0</CSItemIsFreeFormat><CSValue><CSValueCode>PLMATR1075Y</CSValueCode><CSValueName>Ja</CSValueName><CSValueRank>1</CSValueRank></CSValue></CSItem><CSItem><CSItemCode>PLMITM0400014</CSItemCode><CSItemName>LED</CSItemName><CSItemRank>14</CSItemRank><CSItemIsFreeFormat>0</CSItemIsFreeFormat><CSValue><CSValueCode>PLMATR0814Y</CSValueCode><CSValueName>Ja</CSValueName><CSValueRank>1</CSValueRank></CSValue></CSItem><CSItem><CSItemCode>PLMITM0400015</CSItemCode><CSItemName>Integrierte LED</CSItemName><CSItemRank>15</CSItemRank><CSItemIsFreeFormat>0</CSItemIsFreeFormat><CSValue><CSValueCode>PLMATR1095EEL01-3</CSValueCode><CSValueName>Nein</CSValueName><CSValueRank>1</CSValueRank></CSValue></CSItem><CSItem><CSItemCode>PLMITM0400016</CSItemCode><CSItemName>Energieklasse der im Lieferumfang enthaltenen Lichtquelle</CSItemName><CSItemRank>16</CSItemRank><CSItemIsFreeFormat>0</CSItemIsFreeFormat><CSValue><CSValueCode>PLMATR1095EEL03-1</CSValueCode><CSValueName>A</CSValueName><CSValueRank>1</CSValueRank></CSValue></CSItem><CSItem><CSItemCode>PLMITM0400017</CSItemCode><CSItemName>Leuchte ist kompatibel mit Lampe(n) der Klasse</CSItemName><CSItemRank>17</CSItemRank><CSItemIsFreeFormat>0</CSItemIsFreeFormat><CSValue><CSValueCode>PLMATR1095EEL03-2</CSValueCode><CSValueName>A+ bis E</CSValueName><CSValueRank>1</CSValueRank></CSValue></CSItem><CSItem><CSItemCode>PLMITM0400018</CSItemCode><CSItemName>Lebensdauer von bis zu</CSItemName><CSItemRank>18</CSItemRank><CSItemIsFreeFormat>1</CSItemIsFreeFormat><CSValue><CSValueCode>VA4094468</CSValueCode><CSValueName>25.000</CSValueName><CSValueRank>1</CSValueRank></CSValue><UnitOfMeasure><UnitOfMeasureCode>4000213</UnitOfMeasureCode><UnitOfMeasureName>Stunden</UnitOfMeasureName><UnitOfMeasureSymbol>Stunden</UnitOfMeasureSymbol></UnitOfMeasure></CSItem><CSItem><CSItemCode>PLMITM040026</CSItemCode><CSItemName>IP-Code</CSItemName><CSItemRank>26</CSItemRank><CSItemIsFreeFormat>0</CSItemIsFreeFormat><CSValue><CSValueCode>PLMATR0290IP65</CSValueCode><CSValueName>IP65</CSValueName><CSValueRank>1</CSValueRank></CSValue><CSValue><CSValueCode>PLMATR0290IP64-2</CSValueCode><CSValueName>Staubdicht</CSValueName><CSValueRank>2</CSValueRank></CSValue><CSValue><CSValueCode>PLMATR0290IP55-3</CSValueCode><CSValueName>Schutz gegen Strahlwasser</CSValueName><CSValueRank>3</CSValueRank></CSValue></CSItem><CSItem><CSItemCode>PLMITM040027</CSItemCode><CSItemName>Schutzklasse</CSItemName><CSItemRank>27</CSItemRank><CSItemIsFreeFormat>0</CSItemIsFreeFormat><CSValue><CSValueCode>PLMATR0289II</CSValueCode><CSValueName>II – Doppelte Isolierung</CSValueName><CSValueRank>1</CSValueRank></CSValue></CSItem><CSItem><CSItemCode>PLMITM0400051</CSItemCode><CSItemName>Lichtquelle entspricht Standardlampe</CSItemName><CSItemRank>51</CSItemRank><CSItemIsFreeFormat>1</CSItemIsFreeFormat><CSValue><CSValueCode>VA4081551</CSValueCode><CSValueName>49</CSValueName><CSValueRank>1</CSValueRank></CSValue><UnitOfMeasure><UnitOfMeasureCode>3000072</UnitOfMeasureCode><UnitOfMeasureName>Watt</UnitOfMeasureName><UnitOfMeasureSymbol>W</UnitOfMeasureSymbol></UnitOfMeasure></CSItem></CSChapter><CSChapter><CSChapterCode>PLMCHP050</CSChapterCode><CSChapterName>Service</CSChapterName><CSChapterRank>50</CSChapterRank><CSItem><CSItemCode>PLMITM050001</CSItemCode><CSItemName>Garantie</CSItemName><CSItemRank>1</CSItemRank><CSItemIsFreeFormat>0</CSItemIsFreeFormat><CSValue><CSValueCode>PLMATR02982</CSValueCode><CSValueName>2 Jahr(e)</CSValueName><CSValueRank>1</CSValueRank></CSValue></CSItem></CSChapter><CSChapter><CSChapterCode>PLMCHP060</CSChapterCode><CSChapterName>Verpackungsmaße und -gewicht</CSChapterName><CSChapterRank>60</CSChapterRank><CSItem><CSItemCode>PLMITM060001</CSItemCode><CSItemName>Höhe</CSItemName><CSItemRank>1</CSItemRank><CSItemIsFreeFormat>1</CSItemIsFreeFormat><CSValue><CSValueCode>VA4042312</CSValueCode><CSValueName>29,8</CSValueName><CSValueRank>1</CSValueRank></CSValue><UnitOfMeasure><UnitOfMeasureCode>3000039</UnitOfMeasureCode><UnitOfMeasureName>Zentimeter</UnitOfMeasureName><UnitOfMeasureSymbol>cm</UnitOfMeasureSymbol></UnitOfMeasure></CSItem><CSItem><CSItemCode>PLMITM060002</CSItemCode><CSItemName>Länge</CSItemName><CSItemRank>2</CSItemRank><CSItemIsFreeFormat>1</CSItemIsFreeFormat><CSValue><CSValueCode>VA4042313</CSValueCode><CSValueName>17</CSValueName><CSValueRank>1</CSValueRank></CSValue><UnitOfMeasure><UnitOfMeasureCode>3000039</UnitOfMeasureCode><UnitOfMeasureName>Zentimeter</UnitOfMeasureName><UnitOfMeasureSymbol>cm</UnitOfMeasureSymbol></UnitOfMeasure></CSItem><CSItem><CSItemCode>PLMITM060003</CSItemCode><CSItemName>Breite</CSItemName><CSItemRank>3</CSItemRank><CSItemIsFreeFormat>1</CSItemIsFreeFormat><CSValue><CSValueCode>VA4042307</CSValueCode><CSValueName>14,5</CSValueName><CSValueRank>1</CSValueRank></CSValue><UnitOfMeasure><UnitOfMeasureCode>3000039</UnitOfMeasureCode><UnitOfMeasureName>Zentimeter</UnitOfMeasureName><UnitOfMeasureSymbol>cm</UnitOfMeasureSymbol></UnitOfMeasure></CSItem><CSItem><CSItemCode>PLMITM060004</CSItemCode><CSItemName>Gewicht</CSItemName><CSItemRank>4</CSItemRank><CSItemIsFreeFormat>1</CSItemIsFreeFormat><CSValue><CSValueCode>VA4042304</CSValueCode><CSValueName>1,450</CSValueName><CSValueRank>1</CSValueRank></CSValue><UnitOfMeasure><UnitOfMeasureCode>3000049</UnitOfMeasureCode><UnitOfMeasureName>Kilogramm</UnitOfMeasureName><UnitOfMeasureSymbol>kg</UnitOfMeasureSymbol></UnitOfMeasure></CSItem></CSChapter><CSChapter><CSChapterCode>PLMCHP070</CSChapterCode><CSChapterName>Verschiedenes</CSChapterName><CSChapterRank>70</CSChapterRank><CSItem><CSItemCode>PLMITM070001</CSItemCode><CSItemName>Speziell geeignet für</CSItemName><CSItemRank>1</CSItemRank><CSItemIsFreeFormat>0</CSItemIsFreeFormat><CSValue><CSValueCode>PLMATR0970G_P</CSValueCode><CSValueName>Garten und Terrasse</CSValueName><CSValueRank>2</CSValueRank></CSValue></CSItem><CSItem><CSItemCode>PLMITM070002</CSItemCode><CSItemName>Style</CSItemName><CSItemRank>2</CSItemRank><CSItemIsFreeFormat>0</CSItemIsFreeFormat><CSValue><CSValueCode>PLMATR0628MOD</CSValueCode><CSValueName>Modern</CSValueName><CSValueRank>1</CSValueRank></CSValue></CSItem><CSItem><CSItemCode>PLMITM070003</CSItemCode><CSItemName>Typ</CSItemName><CSItemRank>3</CSItemRank><CSItemIsFreeFormat>0</CSItemIsFreeFormat><CSValue><CSValueCode>PLMATR0830POST</CSValueCode><CSValueName>Sockel-/Wegeleuchte</CSValueName><CSValueRank>1</CSValueRank></CSValue></CSItem></CSChapter><Filters><Purpose type="Comparison"><Features><Feature code="F400086649" rank="1" referenceName="Paint your outdoors with 16 million colors (Hue outdoor)"/><Feature code="F400086679" rank="2" referenceName="Unwind with warm to cool white light (Hue outdoor)"/><Feature code="F400086681" rank="3" referenceName="Special light for special occasions (Hue outdoor)"/><Feature code="F400086672" rank="4" referenceName="Set timers for your convenience (Hue outdoor)"/><Feature code="F400086673" rank="5" referenceName="Installation free dimming (Hue outdoor)"/><Feature code="F400086678" rank="6" referenceName="Control it your way (Hue outdoor)"/><Feature code="F400086682" rank="7" referenceName="Easy to install and extend (Hue outdoor)"/><Feature code="F400086683" rank="8" referenceName="Power supply and plug included EU (Hue outdoor)"/><Feature code="F400086686" rank="9" referenceName="High-quality aluminum and superior synthetics (Hue outdoor)"/><Feature code="F400086685" rank="10" referenceName="Weather-proof (IP65) (Hue outdoor)"/><Feature code="F400086675" rank="11" referenceName="Requires a Philips Hue bridge (Hue outdoor)"/></Features><CSItems><CSItem code="PLMITM010001" rank="1" referenceName="Design und Materialausführung - Material"/><CSItem code="PLMITM030001" rank="1" referenceName="Produktabmessungen und -gewicht - Höhe"/><CSItem code="PLMITM040001" rank="1" referenceName="Technische Daten - Netzstrom"/><CSItem code="PLMITM050001" rank="1" referenceName="Service - Garantie"/><CSItem code="PLMITM060001" rank="1" referenceName="Verpackungsmaße und -gewicht - Höhe"/><CSItem code="PLMITM070001" rank="1" referenceName="Verschiedenes - Speziell geeignet für"/><CSItem code="PLMITM010002" rank="2" referenceName="Design und Materialausführung - Farbe"/><CSItem code="PLMITM040002" rank="2" referenceName="Technische Daten - Lichttechnologie"/><CSItem code="PLMITM060002" rank="2" referenceName="Verpackungsmaße und -gewicht - Länge"/><CSItem code="PLMITM070002" rank="2" referenceName="Verschiedenes - Style"/><CSItem code="PLMITM040003" rank="3" referenceName="Technische Daten - Anzahl Lichtquellen"/><CSItem code="PLMITM060003" rank="3" referenceName="Verpackungsmaße und -gewicht - Breite"/><CSItem code="PLMITM070003" rank="3" referenceName="Verschiedenes - Typ"/><CSItem code="PLMITM030004" rank="4" referenceName="Produktabmessungen und -gewicht - Länge"/><CSItem code="PLMITM060004" rank="4" referenceName="Verpackungsmaße und -gewicht - Gewicht"/><CSItem code="PLMITM030005" rank="5" referenceName="Produktabmessungen und -gewicht - Breite"/><CSItem code="PLMITM040005" rank="5" referenceName="Technische Daten - Wattage des im Lieferumfang enthaltenen Leuchtmittels"/><CSItem code="PLMITM030006" rank="6" referenceName="Produktabmessungen und -gewicht - Nettogewicht"/><CSItem code="PLMITM040006" rank="6" referenceName="Technische Daten - Maximale Wattage der Ersatzlampe"/><CSItem code="PLMITM040007" rank="7" referenceName="Technische Daten - Lichtfarbe"/><CSItem code="PLMITM030010" rank="10" referenceName="Produktabmessungen und -gewicht - Kabellänge"/><CSItem code="PLMITM0400011" rank="11" referenceName="Technische Daten - Gesamtleistung in Lumen"/><CSItem code="PLMITM0400013" rank="13" referenceName="Technische Daten - Leuchte dimmbar"/><CSItem code="PLMITM0400014" rank="14" referenceName="Technische Daten - LED"/><CSItem code="PLMITM0400015" rank="15" referenceName="Technische Daten - Integrierte LED"/><CSItem code="PLMITM0400016" rank="16" referenceName="Technische Daten - Energieklasse der im Lieferumfang enthaltenen Lichtquelle"/><CSItem code="PLMITM0400017" rank="17" referenceName="Technische Daten - Leuchte ist kompatibel mit Lampe(n) der Klasse"/><CSItem code="PLMITM0400018" rank="18" referenceName="Technische Daten - Lebensdauer von bis zu"/><CSItem code="PLMITM040026" rank="26" referenceName="Technische Daten - IP-Code"/><CSItem code="PLMITM040027" rank="27" referenceName="Technische Daten - Schutzklasse"/><CSItem code="PLMITM0400051" rank="51" referenceName="Technische Daten - Lichtquelle entspricht Standardlampe"/></CSItems></Purpose><Purpose type="Detail"><Features><Feature code="F400086649" rank="1" referenceName="Paint your outdoors with 16 million colors (Hue outdoor)"/><Feature code="F400086679" rank="2" referenceName="Unwind with warm to cool white light (Hue outdoor)"/><Feature code="F400086681" rank="3" referenceName="Special light for special occasions (Hue outdoor)"/><Feature code="F400086672" rank="4" referenceName="Set timers for your convenience (Hue outdoor)"/><Feature code="F400086673" rank="5" referenceName="Installation free dimming (Hue outdoor)"/><Feature code="F400086678" rank="6" referenceName="Control it your way (Hue outdoor)"/><Feature code="F400086682" rank="7" referenceName="Easy to install and extend (Hue outdoor)"/><Feature code="F400086683" rank="8" referenceName="Power supply and plug included EU (Hue outdoor)"/><Feature code="F400086686" rank="9" referenceName="High-quality aluminum and superior synthetics (Hue outdoor)"/><Feature code="F400086685" rank="10" referenceName="Weather-proof (IP65) (Hue outdoor)"/><Feature code="F400086675" rank="11" referenceName="Requires a Philips Hue bridge (Hue outdoor)"/></Features><CSItems><CSItem code="PLMITM010001" rank="1" referenceName="Design und Materialausführung - Material"/><CSItem code="PLMITM030001" rank="1" referenceName="Produktabmessungen und -gewicht - Höhe"/><CSItem code="PLMITM040001" rank="1" referenceName="Technische Daten - Netzstrom"/><CSItem code="PLMITM050001" rank="1" referenceName="Service - Garantie"/><CSItem code="PLMITM060001" rank="1" referenceName="Verpackungsmaße und -gewicht - Höhe"/><CSItem code="PLMITM070001" rank="1" referenceName="Verschiedenes - Speziell geeignet für"/><CSItem code="PLMITM010002" rank="2" referenceName="Design und Materialausführung - Farbe"/><CSItem code="PLMITM040002" rank="2" referenceName="Technische Daten - Lichttechnologie"/><CSItem code="PLMITM060002" rank="2" referenceName="Verpackungsmaße und -gewicht - Länge"/><CSItem code="PLMITM070002" rank="2" referenceName="Verschiedenes - Style"/><CSItem code="PLMITM040003" rank="3" referenceName="Technische Daten - Anzahl Lichtquellen"/><CSItem code="PLMITM060003" rank="3" referenceName="Verpackungsmaße und -gewicht - Breite"/><CSItem code="PLMITM070003" rank="3" referenceName="Verschiedenes - Typ"/><CSItem code="PLMITM030004" rank="4" referenceName="Produktabmessungen und -gewicht - Länge"/><CSItem code="PLMITM060004" rank="4" referenceName="Verpackungsmaße und -gewicht - Gewicht"/><CSItem code="PLMITM030005" rank="5" referenceName="Produktabmessungen und -gewicht - Breite"/><CSItem code="PLMITM040005" rank="5" referenceName="Technische Daten - Wattage des im Lieferumfang enthaltenen Leuchtmittels"/><CSItem code="PLMITM030006" rank="6" referenceName="Produktabmessungen und -gewicht - Nettogewicht"/><CSItem code="PLMITM040006" rank="6" referenceName="Technische Daten - Maximale Wattage der Ersatzlampe"/><CSItem code="PLMITM040007" rank="7" referenceName="Technische Daten - Lichtfarbe"/><CSItem code="PLMITM030010" rank="10" referenceName="Produktabmessungen und -gewicht - Kabellänge"/><CSItem code="PLMITM0400011" rank="11" referenceName="Technische Daten - Gesamtleistung in Lumen"/><CSItem code="PLMITM0400013" rank="13" referenceName="Technische Daten - Leuchte dimmbar"/><CSItem code="PLMITM0400014" rank="14" referenceName="Technische Daten - LED"/><CSItem code="PLMITM0400015" rank="15" referenceName="Technische Daten - Integrierte LED"/><CSItem code="PLMITM0400016" rank="16" referenceName="Technische Daten - Energieklasse der im Lieferumfang enthaltenen Lichtquelle"/><CSItem code="PLMITM0400017" rank="17" referenceName="Technische Daten - Leuchte ist kompatibel mit Lampe(n) der Klasse"/><CSItem code="PLMITM0400018" rank="18" referenceName="Technische Daten - Lebensdauer von bis zu"/><CSItem code="PLMITM040026" rank="26" referenceName="Technische Daten - IP-Code"/><CSItem code="PLMITM040027" rank="27" referenceName="Technische Daten - Schutzklasse"/><CSItem code="PLMITM0400051" rank="51" referenceName="Technische Daten - Lichtquelle entspricht Standardlampe"/></CSItems></Purpose></Filters><FeatureCompareGroups/><Disclaimers/><RichTexts/></Product></Products>