<?xml version="1.0" encoding="UTF-8"?><Products xmlns:source="http://apache.org/cocoon/source/1.0" DocStatus="approved" DocTimeStamp="2018-10-27T23:32:08"><Product Country="CN" IsAccessory="false" IsMaster="false" Locale="zh_CN" lastModified="2018-10-19T04:27:58" masterLastModified="2017-11-28T00:43:07"><CTN>6947939128556</CTN><Code12NC>929001173704</Code12NC><GTIN>6947939128556</GTIN><MarketingVersion>2.0.1</MarketingVersion><MarketingStatus>Final Published</MarketingStatus><CRDate>2015-01-02</CRDate><CRDateYW>201501</CRDateYW><ModelYears><ModelYear>2015</ModelYear></ModelYears><ProductDivision><ProductDivisionCode>0100</ProductDivisionCode><ProductDivisionName>Lighting</ProductDivisionName><FormerPDCode>0100</FormerPDCode></ProductDivision><ProductOwner>Bob Visser</ProductOwner><DTN>6947939128556</DTN><Catalog><StartOfPublication>2017-09-18T00:00:00</StartOfPublication><EndOfPublication>2027-09-18T00:00:00</EndOfPublication><StartOfSales>2017-09-18T00:00:00</StartOfSales><EndOfSales>2027-09-18T00:00:00</EndOfSales><DummyPrice/><Deleted>false</Deleted><DeleteAfterDate/><ProductRank>50</ProductRank></Catalog><FinancialCategorization><BusinessGroupCode>9021</BusinessGroupCode><BusinessGroupName>Home</BusinessGroupName><BusinessUnitCode>9540</BusinessUnitCode><BusinessUnitName>Home Systems</BusinessUnitName><MainArticleGroupCode>W74</MainArticleGroupCode><MainArticleGroupName>Smart Accessory</MainArticleGroupName><ArticleGroupCode>8481</ArticleGroupCode><ArticleGroupName>Hue Dimmer Switch</ArticleGroupName></FinancialCategorization><Categorization type="CONSUMER"><GroupCode>LIGHTING_GR</GroupCode><GroupName>Lighting</GroupName><CategoryCode>HUEWIRELESS_CA</CategoryCode><CategoryName>Hue</CategoryName><SubcategoryCode>CONTROLS_SU</SubcategoryCode><SubcategoryName>Controls</SubcategoryName></Categorization><Assets><Asset code="6947939128556" description="Leaflet" extension="pdf" lastModified="2018-03-20" locale="zh_CN" number="001" type="PSS">http://download.p4c.philips.com/files/6/6947939128556/6947939128556_pss_zhscn.pdf</Asset><Asset code="6947939128556" description="Retail Trade Leaflet" extension="pdf" lastModified="2018-07-26" locale="zh_CN" number="001" type="RTL">http://download.p4c.philips.com/files/6/6947939128556/6947939128556_rtl_zhscn.pdf</Asset><Asset code="6947939128556" description="Packaging photograph - highres 1447x756" extension="tif" lastModified="2017-07-24" locale="global" number="001" type="PID">http://images.philips.com/is/image/PhilipsConsumer/6947939128556-PID-global-001</Asset><Asset code="6947939128556" description="Leaflet" extension="pdf" lastModified="2018-03-18" locale="global" number="001" type="PSS">http://download.p4c.philips.com/files/6/6947939128556/6947939128556_pss_.pdf</Asset><Asset code="6947939128556" description="Standard product photograph - highres 2196x1795" extension="tif" lastModified="2017-07-13" locale="global" number="001" type="RTP">http://images.philips.com/is/image/PhilipsConsumer/6947939128556-RTP-global-001</Asset><Asset code="6947939128556" description="Single product shot" extension="" lastModified="2018-10-19" locale="zh_CN" number="" type="IMS">http://images.philips.com/is/image/PhilipsConsumer/6947939128556-IMS-zh_CN</Asset><Asset code="6947939128556" description="Product gallery image set" extension="" lastModified="2018-10-19" locale="zh_CN" number="" type="GAL">http://images.philips.com/is/image/PhilipsConsumer/6947939128556-GAL-zh_CN</Asset><Asset code="6947939128556" description="Product URL" extension="" lastModified="2018-10-19" locale="zh_CN" number="" type="URL">http://www.philips.com.cn/c-p/6947939128556/hue-dimmer-switch</Asset><Asset code="F400083564" description="Feature photograph - highres 2100x1170" extension="tif" lastModified="2017-07-13" locale="global" number="001" type="FIL">http://images.philips.com/is/image/PhilipsConsumer/F400083564-FIL-global-001</Asset><Asset code="F400083600" description="Feature photograph - highres 2100x1170" extension="tif" lastModified="2017-07-13" locale="global" number="001" type="FIL">http://images.philips.com/is/image/PhilipsConsumer/F400083600-FIL-global-001</Asset><Asset code="F400083601" description="Feature photograph - highres 2100x1170" extension="tif" lastModified="2017-07-13" locale="global" number="001" type="FIL">http://images.philips.com/is/image/PhilipsConsumer/F400083601-FIL-global-001</Asset><Asset code="F400083602" description="Feature photograph - highres 2100x1170" extension="tif" lastModified="2017-07-13" locale="global" number="001" type="FIL">http://images.philips.com/is/image/PhilipsConsumer/F400083602-FIL-global-001</Asset><Asset code="F400083604" description="Feature photograph - highres 2100x1170" extension="tif" lastModified="2017-07-13" locale="global" number="001" type="FIL">http://images.philips.com/is/image/PhilipsConsumer/F400083604-FIL-global-001</Asset><Asset code="F400083605" description="Feature photograph - highres 2100x1170" extension="tif" lastModified="2017-07-13" locale="global" number="001" type="FIL">http://images.philips.com/is/image/PhilipsConsumer/F400083605-FIL-global-001</Asset><Asset code="PHI" description="Brand logo - highres 1476x886" extension="tif" lastModified="2016-02-18" locale="global" number="001" type="BRP">http://images.philips.com/is/image/PhilipsConsumer/PHI-BRP-global-001</Asset></Assets><ProductName>调光器开关</ProductName><FullProductName>飞利浦 Hue 调光器开关 6947939128556</FullProductName><NamingString><MasterBrand><BrandCode>PHI</BrandCode><BrandName>Philips</BrandName></MasterBrand><BrandString>飞利浦</BrandString><Family><FamilyCode>SB40009379</FamilyCode><FamilyName>Hue</FamilyName><FamilyNameUsed>1</FamilyNameUsed></Family><Descriptor><DescriptorCode>D4026885</DescriptorCode><DescriptorName>调光器开关</DescriptorName></Descriptor><Alphanumeric>6947939128556</Alphanumeric><VersionString/><BrandedFeatureString/><DescriptorBrandedFeatureString>调光器开关</DescriptorBrandedFeatureString></NamingString><WOW>可在家中的任何角度</WOW><SubWOW>控制灯</SubWOW><MarketingTextHeader>使用飞利浦 Hue 调光器开关丰富您的系统，享受畅通无线调光。该开关与普通壁式开关和调光器的工作原理相同。在开关的背板上使用螺钉或胶带进行固定，即可将其放置在任何您想要的位置。</MarketingTextHeader><KeyBenefitArea><KeyBenefitAreaCode>K4034648</KeyBenefitAreaCode><KeyBenefitAreaName>轻松操控</KeyBenefitAreaName><KeyBenefitAreaRank>1</KeyBenefitAreaRank><Feature><FeatureCode>F400083600</FeatureCode><FeatureReferenceName>Dim your Philips Hue lights HUE ACC 2017</FeatureReferenceName><FeatureName>对您的飞利浦 Hue 灯进行调光</FeatureName><FeatureLongDescription>对您的飞利浦 Hue 灯进行调光</FeatureLongDescription><FeatureGlossary>通过使用飞利浦 Hue 调光器开关，您可以顺畅地将您喜爱的灯光设置亮度调高和调低</FeatureGlossary><FeatureRank>1</FeatureRank><FeatureTopRank>1</FeatureTopRank></Feature><Feature><FeatureCode>F400083601</FeatureCode><FeatureReferenceName>Place it anywhere HUE ACC 2017 DIMMER SWITCH</FeatureReferenceName><FeatureName>随意放置</FeatureName><FeatureLongDescription>随意放置</FeatureLongDescription><FeatureGlossary>飞利浦 Hue 调光器开关与普通壁式开关和调光器的工作原理相同。在开关的背板上使用螺钉或胶带进行固定，即可将其放置在任何您想要的位置</FeatureGlossary><FeatureRank>2</FeatureRank><FeatureTopRank>2</FeatureTopRank></Feature><Feature><FeatureCode>F400083564</FeatureCode><FeatureReferenceName>Use as a remote control</FeatureReferenceName><FeatureName>用作遥控器</FeatureName><FeatureLongDescription>用作遥控器</FeatureLongDescription><FeatureGlossary>可在您想要舒适使用的任何位置拿起并使用遥控器。开关的控制装置带磁性且可从底座中拆下。</FeatureGlossary><FeatureRank>3</FeatureRank><FeatureTopRank>3</FeatureTopRank></Feature><Feature><FeatureCode>F400083602</FeatureCode><FeatureReferenceName>No wires - battery powered HUE ACC 2017</FeatureReferenceName><FeatureName>无线 - 电池供电</FeatureName><FeatureLongDescription>无线 - 电池供电</FeatureLongDescription><FeatureGlossary>飞利浦 Hue 调光器开关为电池供电，因此，无需安装</FeatureGlossary><FeatureRank>4</FeatureRank><FeatureTopRank>4</FeatureTopRank></Feature><Feature><FeatureCode>F400083604</FeatureCode><FeatureReferenceName>Switch between scenes HUE ACC 2017</FeatureReferenceName><FeatureName>在各场景之间进行切换</FeatureName><FeatureLongDescription>在各场景之间进行切换</FeatureLongDescription><FeatureGlossary>在将调光器开关与飞利浦 Hue 白色光氛围或飞利浦 Hue 白色和彩色光氛围产品配合使用时，您可以使用打开按钮在 4 种灯光氛围之间进行切换，或使用飞利浦 Hue 应用程序来配置您喜爱的 4 种场景。让您随心所欲</FeatureGlossary><FeatureRank>5</FeatureRank><FeatureTopRank>5</FeatureTopRank></Feature><Feature><FeatureCode>F400083605</FeatureCode><FeatureReferenceName>Requires a Philips Hue bridge HUE ACC. 2017</FeatureReferenceName><FeatureName>需要一个飞利浦 Hue 桥</FeatureName><FeatureLongDescription>需要一个飞利浦 Hue 桥</FeatureLongDescription><FeatureGlossary>本产品需要一个到飞利浦 Hue 桥的接头</FeatureGlossary><FeatureRank>6</FeatureRank><FeatureTopRank>6</FeatureTopRank></Feature></KeyBenefitArea><FeatureImage><FeatureCode>F400083600</FeatureCode><FeatureReferenceName>Dim your Philips Hue lights HUE ACC 2017</FeatureReferenceName><FeatureImageRank>1</FeatureImageRank></FeatureImage><FeatureImage><FeatureCode>F400083601</FeatureCode><FeatureReferenceName>Place it anywhere HUE ACC 2017 DIMMER SWITCH</FeatureReferenceName><FeatureImageRank>2</FeatureImageRank></FeatureImage><FeatureImage><FeatureCode>F400083564</FeatureCode><FeatureReferenceName>Use as a remote control</FeatureReferenceName><FeatureImageRank>3</FeatureImageRank></FeatureImage><FeatureImage><FeatureCode>F400083602</FeatureCode><FeatureReferenceName>No wires - battery powered HUE ACC 2017</FeatureReferenceName><FeatureImageRank>4</FeatureImageRank></FeatureImage><FeatureImage><FeatureCode>F400083604</FeatureCode><FeatureReferenceName>Switch between scenes HUE ACC 2017</FeatureReferenceName><FeatureImageRank>5</FeatureImageRank></FeatureImage><FeatureImage><FeatureCode>F400083605</FeatureCode><FeatureReferenceName>Requires a Philips Hue bridge HUE ACC. 2017</FeatureReferenceName><FeatureImageRank>6</FeatureImageRank></FeatureImage><FeatureHighlight><FeatureCode>F400083600</FeatureCode><FeatureReferenceName>Dim your Philips Hue lights HUE ACC 2017</FeatureReferenceName><FeatureHighlightRank>1</FeatureHighlightRank></FeatureHighlight><FeatureHighlight><FeatureCode>F400083601</FeatureCode><FeatureReferenceName>Place it anywhere HUE ACC 2017 DIMMER SWITCH</FeatureReferenceName><FeatureHighlightRank>2</FeatureHighlightRank></FeatureHighlight><FeatureHighlight><FeatureCode>F400083564</FeatureCode><FeatureReferenceName>Use as a remote control</FeatureReferenceName><FeatureHighlightRank>3</FeatureHighlightRank></FeatureHighlight><FeatureHighlight><FeatureCode>F400083602</FeatureCode><FeatureReferenceName>No wires - battery powered HUE ACC 2017</FeatureReferenceName><FeatureHighlightRank>4</FeatureHighlightRank></FeatureHighlight><FeatureHighlight><FeatureCode>F400083604</FeatureCode><FeatureReferenceName>Switch between scenes HUE ACC 2017</FeatureReferenceName><FeatureHighlightRank>5</FeatureHighlightRank></FeatureHighlight><FeatureHighlight><FeatureCode>F400083605</FeatureCode><FeatureReferenceName>Requires a Philips Hue bridge HUE ACC. 2017</FeatureReferenceName><FeatureHighlightRank>6</FeatureHighlightRank></FeatureHighlight><CSChapter><CSChapterCode>CH4008163</CSChapterCode><CSChapterName>开关</CSChapterName><CSChapterRank>2</CSChapterRank><CSItem><CSItemCode>IT4039639</CSItemCode><CSItemName>配有电池</CSItemName><CSItemRank>2</CSItemRank><CSItemIsFreeFormat>0</CSItemIsFreeFormat><CSValue><CSValueCode>VA4092562</CSValueCode><CSValueName>1 x CR2450</CSValueName><CSValueRank>6</CSValueRank></CSValue></CSItem><CSItem><CSItemCode>IT4039640</CSItemCode><CSItemName>频段</CSItemName><CSItemRank>6</CSItemRank><CSItemIsFreeFormat>1</CSItemIsFreeFormat><CSValue><CSValueCode>VA4092563</CSValueCode><CSValueName>2400 – 2483.5 MHz</CSValueName><CSValueRank>1</CSValueRank></CSValue></CSItem><CSItem><CSItemCode>IT4039637</CSItemCode><CSItemName>寿命</CSItemName><CSItemRank>8</CSItemRank><CSItemIsFreeFormat>1</CSItemIsFreeFormat><CSValue><CSValueCode>VA4092560</CSValueCode><CSValueName>50000 次开关</CSValueName><CSValueRank>1</CSValueRank></CSValue></CSItem><CSItem><CSItemCode>IT4039658</CSItemCode><CSItemName>每个开关的最大光线亮度</CSItemName><CSItemRank>9</CSItemRank><CSItemIsFreeFormat>0</CSItemIsFreeFormat><CSValue><CSValueCode>VA4092581</CSValueCode><CSValueName>10（如果未链接至 Hue Bridge）</CSValueName><CSValueRank>1</CSValueRank></CSValue></CSItem><CSItem><CSItemCode>IT4039638</CSItemCode><CSItemName>最小电池使用寿命</CSItemName><CSItemRank>10</CSItemRank><CSItemIsFreeFormat>1</CSItemIsFreeFormat><CSValue><CSValueCode>VA4092561</CSValueCode><CSValueName>3</CSValueName><CSValueRank>1</CSValueRank></CSValue><UnitOfMeasure><UnitOfMeasureCode>4000081</UnitOfMeasureCode><UnitOfMeasureName>年</UnitOfMeasureName><UnitOfMeasureSymbol>年</UnitOfMeasureSymbol></UnitOfMeasure></CSItem><CSItem><CSItemCode>IT4039643</CSItemCode><CSItemName>最小室内距离</CSItemName><CSItemRank>11</CSItemRank><CSItemIsFreeFormat>1</CSItemIsFreeFormat><CSValue><CSValueCode>VA4092566</CSValueCode><CSValueName>500</CSValueName><CSValueRank>1</CSValueRank></CSValue><UnitOfMeasure><UnitOfMeasureCode>3000047</UnitOfMeasureCode><UnitOfMeasureName>英寸</UnitOfMeasureName><UnitOfMeasureSymbol>英寸</UnitOfMeasureSymbol></UnitOfMeasure></CSItem><CSItem><CSItemCode>IT4039641</CSItemCode><CSItemName>软件可升级</CSItemName><CSItemRank>12</CSItemRank><CSItemIsFreeFormat>0</CSItemIsFreeFormat><CSValue><CSValueCode>VA4092564</CSValueCode><CSValueName>连接至 Hue bridge 时</CSValueName><CSValueRank>3</CSValueRank></CSValue></CSItem><CSItem><CSItemCode>IT4039656</CSItemCode><CSItemName>开关厚度</CSItemName><CSItemRank>13</CSItemRank><CSItemIsFreeFormat>1</CSItemIsFreeFormat><CSValue><CSValueCode>VA4092579</CSValueCode><CSValueName>11</CSValueName><CSValueRank>1</CSValueRank></CSValue><UnitOfMeasure><UnitOfMeasureCode>3000058</UnitOfMeasureCode><UnitOfMeasureName>毫米</UnitOfMeasureName><UnitOfMeasureSymbol>毫米</UnitOfMeasureSymbol></UnitOfMeasure></CSItem><CSItem><CSItemCode>IT4039652</CSItemCode><CSItemName>开关高度</CSItemName><CSItemRank>14</CSItemRank><CSItemIsFreeFormat>1</CSItemIsFreeFormat><CSValue><CSValueCode>VA4092575</CSValueCode><CSValueName>92</CSValueName><CSValueRank>1</CSValueRank></CSValue><UnitOfMeasure><UnitOfMeasureCode>3000058</UnitOfMeasureCode><UnitOfMeasureName>毫米</UnitOfMeasureName><UnitOfMeasureSymbol>毫米</UnitOfMeasureSymbol></UnitOfMeasure></CSItem><CSItem><CSItemCode>IT4039654</CSItemCode><CSItemName>开关宽度</CSItemName><CSItemRank>15</CSItemRank><CSItemIsFreeFormat>1</CSItemIsFreeFormat><CSValue><CSValueCode>VA4092577</CSValueCode><CSValueName>35</CSValueName><CSValueRank>1</CSValueRank></CSValue><UnitOfMeasure><UnitOfMeasureCode>3000058</UnitOfMeasureCode><UnitOfMeasureName>毫米</UnitOfMeasureName><UnitOfMeasureSymbol>毫米</UnitOfMeasureSymbol></UnitOfMeasure></CSItem><CSItem><CSItemCode>IT4039644</CSItemCode><CSItemName>开关重量</CSItemName><CSItemRank>16</CSItemRank><CSItemIsFreeFormat>1</CSItemIsFreeFormat><CSValue><CSValueCode>VA4092567</CSValueCode><CSValueName>37</CSValueName><CSValueRank>1</CSValueRank></CSValue><UnitOfMeasure><UnitOfMeasureCode>4000006</UnitOfMeasureCode><UnitOfMeasureName>-克</UnitOfMeasureName><UnitOfMeasureSymbol>克</UnitOfMeasureSymbol></UnitOfMeasure></CSItem><CSItem><CSItemCode>IT4039650</CSItemCode><CSItemName>壁装插座板厚度</CSItemName><CSItemRank>17</CSItemRank><CSItemIsFreeFormat>1</CSItemIsFreeFormat><CSValue><CSValueCode>VA4092573</CSValueCode><CSValueName>14</CSValueName><CSValueRank>1</CSValueRank></CSValue><UnitOfMeasure><UnitOfMeasureCode>3000058</UnitOfMeasureCode><UnitOfMeasureName>毫米</UnitOfMeasureName><UnitOfMeasureSymbol>毫米</UnitOfMeasureSymbol></UnitOfMeasure></CSItem><CSItem><CSItemCode>IT4039646</CSItemCode><CSItemName>壁装插座板高度</CSItemName><CSItemRank>18</CSItemRank><CSItemIsFreeFormat>1</CSItemIsFreeFormat><CSValue><CSValueCode>VA4092569</CSValueCode><CSValueName>115</CSValueName><CSValueRank>1</CSValueRank></CSValue><UnitOfMeasure><UnitOfMeasureCode>3000058</UnitOfMeasureCode><UnitOfMeasureName>毫米</UnitOfMeasureName><UnitOfMeasureSymbol>毫米</UnitOfMeasureSymbol></UnitOfMeasure></CSItem><CSItem><CSItemCode>IT4039649</CSItemCode><CSItemName>壁装插座板宽度</CSItemName><CSItemRank>19</CSItemRank><CSItemIsFreeFormat>1</CSItemIsFreeFormat><CSValue><CSValueCode>VA4092572</CSValueCode><CSValueName>70</CSValueName><CSValueRank>1</CSValueRank></CSValue><UnitOfMeasure><UnitOfMeasureCode>3000058</UnitOfMeasureCode><UnitOfMeasureName>毫米</UnitOfMeasureName><UnitOfMeasureSymbol>毫米</UnitOfMeasureSymbol></UnitOfMeasure></CSItem><CSItem><CSItemCode>IT4039645</CSItemCode><CSItemName>重量（含壁装插座板）</CSItemName><CSItemRank>20</CSItemRank><CSItemIsFreeFormat>1</CSItemIsFreeFormat><CSValue><CSValueCode>VA4092568</CSValueCode><CSValueName>67</CSValueName><CSValueRank>1</CSValueRank></CSValue><UnitOfMeasure><UnitOfMeasureCode>4000006</UnitOfMeasureCode><UnitOfMeasureName>-克</UnitOfMeasureName><UnitOfMeasureSymbol>克</UnitOfMeasureSymbol></UnitOfMeasure></CSItem><CSItem><CSItemCode>IT4039636</CSItemCode><CSItemName>Zigbee Light link</CSItemName><CSItemRank>21</CSItemRank><CSItemIsFreeFormat>0</CSItemIsFreeFormat><CSValue><CSValueCode>VA4092559</CSValueCode><CSValueName>协议 IEEE 802.15.4</CSValueName><CSValueRank>5</CSValueRank></CSValue></CSItem></CSChapter><CSChapter><CSChapterCode>CH4005962</CSChapterCode><CSChapterName>包装盒内物品：</CSChapterName><CSChapterRank>3</CSChapterRank><CSItem><CSItemCode>IT4039589</CSItemCode><CSItemName>Hue 调光器开关</CSItemName><CSItemRank>7</CSItemRank><CSItemIsFreeFormat>1</CSItemIsFreeFormat><CSValue><CSValueCode>VA4092472</CSValueCode><CSValueName>1</CSValueName><CSValueRank>1</CSValueRank></CSValue></CSItem></CSChapter><CSChapter><CSChapterCode>CH4005961</CSChapterCode><CSChapterName>环境参数</CSChapterName><CSChapterRank>4</CSChapterRank><CSItem><CSItemCode>IT4029075</CSItemCode><CSItemName>工作湿度</CSItemName><CSItemRank>3</CSItemRank><CSItemIsFreeFormat>0</CSItemIsFreeFormat><CSValue><CSValueCode>VA4092548</CSValueCode><CSValueName>5% &lt; H &lt; 95%（非冷凝）</CSValueName><CSValueRank>8</CSValueRank></CSValue></CSItem><CSItem><CSItemCode>IT4029074</CSItemCode><CSItemName>工作温度</CSItemName><CSItemRank>5</CSItemRank><CSItemIsFreeFormat>0</CSItemIsFreeFormat><CSValue><CSValueCode>VA4092549</CSValueCode><CSValueName>-10°C – 45°C</CSValueName><CSValueRank>7</CSValueRank></CSValue></CSItem></CSChapter><CSChapter><CSChapterCode>CHA_0000075</CSChapterCode><CSChapterName>保修</CSChapterName><CSChapterRank>5</CSChapterRank><CSItem><CSItemCode>IT4022831</CSItemCode><CSItemName>2 年</CSItemName><CSItemRank>1</CSItemRank><CSItemIsFreeFormat>0</CSItemIsFreeFormat><CSValue><CSValueCode>VA4053581</CSValueCode><CSValueName>是</CSValueName><CSValueRank>4</CSValueRank></CSValue></CSItem></CSChapter><Filters><Purpose type="Comparison"><Features><Feature code="F400083600" rank="1" referenceName="Dim your Philips Hue lights HUE ACC 2017"/><Feature code="F400083601" rank="2" referenceName="Place it anywhere HUE ACC 2017 DIMMER SWITCH"/><Feature code="F400083564" rank="3" referenceName="Use as a remote control"/><Feature code="F400083602" rank="4" referenceName="No wires - battery powered HUE ACC 2017"/><Feature code="F400083604" rank="5" referenceName="Switch between scenes HUE ACC 2017"/><Feature code="F400083605" rank="6" referenceName="Requires a Philips Hue bridge HUE ACC. 2017"/></Features><CSItems><CSItem code="IT4022831" rank="1" referenceName="保修 - 2 年"/><CSItem code="IT4039639" rank="2" referenceName="开关 - 配有电池"/><CSItem code="IT4029075" rank="3" referenceName="环境参数 - 工作湿度"/><CSItem code="IT4029074" rank="5" referenceName="环境参数 - 工作温度"/><CSItem code="IT4039640" rank="6" referenceName="开关 - 频段"/><CSItem code="IT4039589" rank="7" referenceName="包装盒内物品： - Hue 调光器开关"/><CSItem code="IT4039637" rank="8" referenceName="开关 - 寿命"/><CSItem code="IT4039658" rank="9" referenceName="开关 - 每个开关的最大光线亮度"/><CSItem code="IT4039638" rank="10" referenceName="开关 - 最小电池使用寿命"/><CSItem code="IT4039643" rank="11" referenceName="开关 - 最小室内距离"/><CSItem code="IT4039641" rank="12" referenceName="开关 - 软件可升级"/><CSItem code="IT4039656" rank="13" referenceName="开关 - 开关厚度"/><CSItem code="IT4039652" rank="14" referenceName="开关 - 开关高度"/><CSItem code="IT4039654" rank="15" referenceName="开关 - 开关宽度"/><CSItem code="IT4039644" rank="16" referenceName="开关 - 开关重量"/><CSItem code="IT4039650" rank="17" referenceName="开关 - 壁装插座板厚度"/><CSItem code="IT4039646" rank="18" referenceName="开关 - 壁装插座板高度"/><CSItem code="IT4039649" rank="19" referenceName="开关 - 壁装插座板宽度"/><CSItem code="IT4039645" rank="20" referenceName="开关 - 重量（含壁装插座板）"/><CSItem code="IT4039636" rank="21" referenceName="开关 - Zigbee Light link"/></CSItems></Purpose><Purpose type="Detail"><Features><Feature code="F400083600" rank="1" referenceName="Dim your Philips Hue lights HUE ACC 2017"/><Feature code="F400083601" rank="2" referenceName="Place it anywhere HUE ACC 2017 DIMMER SWITCH"/><Feature code="F400083564" rank="3" referenceName="Use as a remote control"/><Feature code="F400083602" rank="4" referenceName="No wires - battery powered HUE ACC 2017"/><Feature code="F400083604" rank="5" referenceName="Switch between scenes HUE ACC 2017"/><Feature code="F400083605" rank="6" referenceName="Requires a Philips Hue bridge HUE ACC. 2017"/></Features><CSItems><CSItem code="IT4022831" rank="1" referenceName="保修 - 2 年"/><CSItem code="IT4039639" rank="2" referenceName="开关 - 配有电池"/><CSItem code="IT4029075" rank="3" referenceName="环境参数 - 工作湿度"/><CSItem code="IT4029074" rank="5" referenceName="环境参数 - 工作温度"/><CSItem code="IT4039640" rank="6" referenceName="开关 - 频段"/><CSItem code="IT4039589" rank="7" referenceName="包装盒内物品： - Hue 调光器开关"/><CSItem code="IT4039637" rank="8" referenceName="开关 - 寿命"/><CSItem code="IT4039658" rank="9" referenceName="开关 - 每个开关的最大光线亮度"/><CSItem code="IT4039638" rank="10" referenceName="开关 - 最小电池使用寿命"/><CSItem code="IT4039643" rank="11" referenceName="开关 - 最小室内距离"/><CSItem code="IT4039641" rank="12" referenceName="开关 - 软件可升级"/><CSItem code="IT4039656" rank="13" referenceName="开关 - 开关厚度"/><CSItem code="IT4039652" rank="14" referenceName="开关 - 开关高度"/><CSItem code="IT4039654" rank="15" referenceName="开关 - 开关宽度"/><CSItem code="IT4039644" rank="16" referenceName="开关 - 开关重量"/><CSItem code="IT4039650" rank="17" referenceName="开关 - 壁装插座板厚度"/><CSItem code="IT4039646" rank="18" referenceName="开关 - 壁装插座板高度"/><CSItem code="IT4039649" rank="19" referenceName="开关 - 壁装插座板宽度"/><CSItem code="IT4039645" rank="20" referenceName="开关 - 重量（含壁装插座板）"/><CSItem code="IT4039636" rank="21" referenceName="开关 - Zigbee Light link"/></CSItems></Purpose></Filters><FeatureCompareGroups/><Disclaimers/><RichTexts/></Product></Products>