<?xml version="1.0" encoding="UTF-8"?><Products xmlns:source="http://apache.org/cocoon/source/1.0" DocStatus="approved" DocTimeStamp="2018-10-27T23:32:08"><Product Country="CN" IsAccessory="false" IsMaster="false" Locale="zh_CN" lastModified="2018-10-26T04:44:29" masterLastModified="2018-07-06T00:30:07"><CTN>8718696822609</CTN><Code12NC>867000155523</Code12NC><GTIN/><MarketingVersion>1.0.1</MarketingVersion><MarketingStatus>Final Published</MarketingStatus><CRDate>2018-01-05</CRDate><CRDateYW>201801</CRDateYW><ModelYears><ModelYear>2018</ModelYear></ModelYears><ProductDivision><ProductDivisionCode>0100</ProductDivisionCode><ProductDivisionName>Lighting</ProductDivisionName><FormerPDCode>0100</FormerPDCode></ProductDivision><ProductOwner>Mellissa van Heest - Cooijman</ProductOwner><DTN>8718696822609</DTN><Catalog><StartOfPublication>2018-02-05T00:00:00</StartOfPublication><EndOfPublication>2021-02-05T00:00:00</EndOfPublication><StartOfSales>2018-02-05T00:00:00</StartOfSales><EndOfSales>2021-02-05T00:00:00</EndOfSales><DummyPrice/><Deleted>false</Deleted><DeleteAfterDate/><ProductRank>50</ProductRank></Catalog><FinancialCategorization><BusinessGroupCode>9240</BusinessGroupCode><BusinessGroupName>LED</BusinessGroupName><BusinessUnitCode>0118</BusinessUnitCode><BusinessUnitName>LED Lamps</BusinessUnitName><MainArticleGroupCode>L66</MainArticleGroupCode><MainArticleGroupName>LED Bulbs</MainArticleGroupName><ArticleGroupCode>7009</ArticleGroupCode><ArticleGroupName>Bulbs Entry - Plastic</ArticleGroupName></FinancialCategorization><Categorization type="CONSUMER"><GroupCode>LIGHTING_GR</GroupCode><GroupName>Lighting</GroupName><CategoryCode>CHOOSE_A_BULB_CA</CategoryCode><CategoryName>Choose a bulb</CategoryName><SubcategoryCode>STANDARD_BULB_SU</SubcategoryCode><SubcategoryName>Bulb</SubcategoryName></Categorization><Assets><Asset code="8718696822609" description="Leaflet" extension="pdf" lastModified="2018-08-21" locale="zh_CN" number="001" type="PSS">http://download.p4c.philips.com/files/8/8718696822609/8718696822609_pss_zhscn.pdf</Asset><Asset code="8718696822609" description="Retail Trade Leaflet" extension="pdf" lastModified="2018-10-25" locale="zh_CN" number="001" type="RTL">http://download.p4c.philips.com/files/8/8718696822609/8718696822609_rtl_zhscn.pdf</Asset><Asset code="8718696822609" description="Leaflet" extension="pdf" lastModified="2018-07-11" locale="global" number="001" type="PSS">http://download.p4c.philips.com/files/8/8718696822609/8718696822609_pss_.pdf</Asset><Asset code="8718696822609" description="Single product shot" extension="" lastModified="2018-10-26" locale="zh_CN" number="" type="IMS">http://images.philips.com/is/image/PhilipsConsumer/8718696822609-IMS-zh_CN</Asset><Asset code="8718696822609" description="Product gallery image set" extension="" lastModified="2018-10-26" locale="zh_CN" number="" type="GAL">http://images.philips.com/is/image/PhilipsConsumer/8718696822609-GAL-zh_CN</Asset><Asset code="8718696822609" description="Product URL" extension="" lastModified="2018-10-26" locale="zh_CN" number="" type="URL">http://www.philips.com.cn/c-p/8718696822609/led-bulb</Asset><Asset code="F400082426" description="Feature photograph - highres 2100x1170" extension="tif" lastModified="2017-04-25" locale="global" number="001" type="FIL">http://images.philips.com/is/image/PhilipsConsumer/F400082426-FIL-global-001</Asset><Asset code="PHI" description="Brand logo - highres 1476x886" extension="tif" lastModified="2016-02-18" locale="global" number="001" type="BRP">http://images.philips.com/is/image/PhilipsConsumer/PHI-BRP-global-001</Asset></Assets><ProductName>12 瓦（98 瓦）E27 灯头 白色 不可调光 灯泡</ProductName><FullProductName>飞利浦 LED 复古 LED 球泡 8718696822609 12 瓦（98 瓦）E27 灯头 白色 不可调光</FullProductName><NamingString><MasterBrand><BrandCode>PHI</BrandCode><BrandName>Philips</BrandName></MasterBrand><BrandString>飞利浦</BrandString><Family><FamilyCode>SB40002784</FamilyCode><FamilyName>LED</FamilyName><FamilyNameUsed>0</FamilyNameUsed></Family><Descriptor><DescriptorCode>D4006687</DescriptorCode><DescriptorName>复古 LED 球泡</DescriptorName></Descriptor><Alphanumeric>8718696822609</Alphanumeric><VersionElement1><VersionElementCode>V4046499</VersionElementCode><VersionElementName>12 瓦（98 瓦）</VersionElementName></VersionElement1><VersionElement2><VersionElementCode>D4025345</VersionElementCode><VersionElementName>E27 灯头</VersionElementName></VersionElement2><VersionElement3><VersionElementCode>V300000398</VersionElementCode><VersionElementName>白色</VersionElementName></VersionElement3><VersionElement4><VersionElementCode>V4038179</VersionElementCode><VersionElementName>不可调光</VersionElementName></VersionElement4><VersionString>12 瓦（98 瓦）E27 灯头 白色 不可调光</VersionString><BrandedFeatureString/><DescriptorBrandedFeatureString>复古 LED 球泡</DescriptorBrandedFeatureString></NamingString><WOW>明亮 LED 照明，拥有卓越照明质量</WOW><SubWOW>营造温馨亲切氛围</SubWOW><MarketingTextHeader>飞利浦 LED 灯泡散发迷人的冷白光，具有超长的使用寿命，可立即为您带来显著的节能效果。这款灯泡的设计纯粹而优雅，是昏暗传统灯泡的理想替换之选。</MarketingTextHeader><KeyBenefitArea><KeyBenefitAreaCode>K4017554</KeyBenefitAreaCode><KeyBenefitAreaName>营造温馨氛围</KeyBenefitAreaName><KeyBenefitAreaRank>1</KeyBenefitAreaRank><Feature><FeatureCode>F400082426</FeatureCode><FeatureReferenceName>A simple LED for everyday use 2</FeatureReferenceName><FeatureName>满足日常使用的简单 LED</FeatureName><FeatureLongDescription>满足日常使用的简单 LED</FeatureLongDescription><FeatureGlossary>飞利浦日常 LED 灯泡是满足您基本照明需求的绝佳选择。它可为您提供迷人的灯光效果和可靠的 LED 性能，同时还兼具实惠的价格。</FeatureGlossary><FeatureRank>3</FeatureRank><FeatureTopRank>1</FeatureTopRank></Feature></KeyBenefitArea><KeyBenefitArea><KeyBenefitAreaCode>K4011091</KeyBenefitAreaCode><KeyBenefitAreaName>节能</KeyBenefitAreaName><KeyBenefitAreaRank>2</KeyBenefitAreaRank><Feature><FeatureCode>F400027164</FeatureCode><FeatureReferenceName>Energy saving</FeatureReferenceName><FeatureName>节能</FeatureName><FeatureLongDescription>灯具的能耗得到降低</FeatureLongDescription><FeatureRank>2</FeatureRank><FeatureTopRank>3</FeatureTopRank></Feature></KeyBenefitArea><KeyBenefitArea><KeyBenefitAreaCode>K4031148</KeyBenefitAreaCode><KeyBenefitAreaName>即时开启</KeyBenefitAreaName><KeyBenefitAreaRank>3</KeyBenefitAreaRank><Feature><FeatureCode>F400014513</FeatureCode><FeatureReferenceName>Instant on</FeatureReferenceName><FeatureName>即时开启</FeatureName><FeatureLongDescription>即时开启</FeatureLongDescription><FeatureRank>1</FeatureRank><FeatureTopRank>2</FeatureTopRank></Feature></KeyBenefitArea><FeatureImage><FeatureCode>F400082426</FeatureCode><FeatureReferenceName>A simple LED for everyday use 2</FeatureReferenceName><FeatureImageRank>1</FeatureImageRank></FeatureImage><FeatureImage><FeatureCode>F400014513</FeatureCode><FeatureReferenceName>Instant on</FeatureReferenceName><FeatureImageRank>2</FeatureImageRank></FeatureImage><FeatureImage><FeatureCode>F400027164</FeatureCode><FeatureReferenceName>Energy saving</FeatureReferenceName><FeatureImageRank>3</FeatureImageRank></FeatureImage><FeatureHighlight><FeatureCode>F400082426</FeatureCode><FeatureReferenceName>A simple LED for everyday use 2</FeatureReferenceName><FeatureHighlightRank>1</FeatureHighlightRank></FeatureHighlight><FeatureHighlight><FeatureCode>F400014513</FeatureCode><FeatureReferenceName>Instant on</FeatureReferenceName><FeatureHighlightRank>2</FeatureHighlightRank></FeatureHighlight><FeatureHighlight><FeatureCode>F400027164</FeatureCode><FeatureReferenceName>Energy saving</FeatureReferenceName><FeatureHighlightRank>3</FeatureHighlightRank></FeatureHighlight><CSChapter><CSChapterCode>CH4006022</CSChapterCode><CSChapterName>灯泡特征</CSChapterName><CSChapterRank>1</CSChapterRank><CSItem><CSItemCode>IT4029277</CSItemCode><CSItemName>灯头</CSItemName><CSItemRank>9</CSItemRank><CSItemIsFreeFormat>0</CSItemIsFreeFormat><CSValue><CSValueCode>VA4067780</CSValueCode><CSValueName>E27</CSValueName><CSValueRank>13</CSValueRank></CSValue></CSItem><CSItem><CSItemCode>IT4029279</CSItemCode><CSItemName>可调光</CSItemName><CSItemRank>22</CSItemRank><CSItemIsFreeFormat>0</CSItemIsFreeFormat><CSValue><CSValueCode>VA4067747</CSValueCode><CSValueName>否</CSValueName><CSValueRank>1</CSValueRank></CSValue></CSItem><CSItem><CSItemCode>IT4036606</CSItemCode><CSItemName>电压</CSItemName><CSItemRank>29</CSItemRank><CSItemIsFreeFormat>0</CSItemIsFreeFormat><CSValue><CSValueCode>VA4085091</CSValueCode><CSValueName>220 - 240 伏</CSValueName><CSValueRank>9</CSValueRank></CSValue></CSItem><CSItem><CSItemCode>IT4044392</CSItemCode><CSItemName>灯的外形</CSItemName><CSItemRank>30</CSItemRank><CSItemIsFreeFormat>0</CSItemIsFreeFormat><CSValue><CSValueCode>VA4102170</CSValueCode><CSValueName>非定向光灯泡</CSValueName><CSValueRank>2</CSValueRank></CSValue></CSItem><CSItem><CSItemCode>IT4044053</CSItemCode><CSItemName>玻璃类型</CSItemName><CSItemRank>32</CSItemRank><CSItemIsFreeFormat>0</CSItemIsFreeFormat><CSValue><CSValueCode>VA4101416</CSValueCode><CSValueName>磨砂</CSValueName><CSValueRank>10</CSValueRank></CSValue></CSItem><CSItem><CSItemCode>IT4044055</CSItemCode><CSItemName>预期用途</CSItemName><CSItemRank>33</CSItemRank><CSItemIsFreeFormat>0</CSItemIsFreeFormat><CSValue><CSValueCode>VA4101422</CSValueCode><CSValueName>室内</CSValueName><CSValueRank>8</CSValueRank></CSValue></CSItem></CSChapter><CSChapter><CSChapterCode>CH4005202</CSChapterCode><CSChapterName>功耗</CSChapterName><CSChapterRank>2</CSChapterRank><CSItem><CSItemCode>IT4029051</CSItemCode><CSItemName>额定功率</CSItemName><CSItemRank>6</CSItemRank><CSItemIsFreeFormat>1</CSItemIsFreeFormat><CSValue><CSValueCode>VA4067442</CSValueCode><CSValueName>12</CSValueName><CSValueRank>1</CSValueRank></CSValue><UnitOfMeasure><UnitOfMeasureCode>3000072</UnitOfMeasureCode><UnitOfMeasureName>瓦特</UnitOfMeasureName><UnitOfMeasureSymbol>瓦</UnitOfMeasureSymbol></UnitOfMeasure></CSItem><CSItem><CSItemCode>IT4029052</CSItemCode><CSItemName>瓦数相当于白炽灯</CSItemName><CSItemRank>12</CSItemRank><CSItemIsFreeFormat>1</CSItemIsFreeFormat><CSValue><CSValueCode>VA4067443</CSValueCode><CSValueName>98</CSValueName><CSValueRank>1</CSValueRank></CSValue><UnitOfMeasure><UnitOfMeasureCode>3000072</UnitOfMeasureCode><UnitOfMeasureName>瓦特</UnitOfMeasureName><UnitOfMeasureSymbol>瓦</UnitOfMeasureSymbol></UnitOfMeasure></CSItem><CSItem><CSItemCode>IT4026378</CSItemCode><CSItemName>具有节能特点</CSItemName><CSItemRank>18</CSItemRank><CSItemIsFreeFormat>0</CSItemIsFreeFormat><CSValue><CSValueCode>VA4103075</CSValueCode><CSValueName>三级</CSValueName><CSValueRank>15</CSValueRank></CSValue></CSItem></CSChapter><CSChapter><CSChapterCode>CH4005203</CSChapterCode><CSChapterName>灯光特征</CSChapterName><CSChapterRank>3</CSChapterRank><CSItem><CSItemCode>IT4026387</CSItemCode><CSItemName>亮度</CSItemName><CSItemRank>2</CSItemRank><CSItemIsFreeFormat>1</CSItemIsFreeFormat><CSValue><CSValueCode>VA4062484</CSValueCode><CSValueName>1360</CSValueName><CSValueRank>1</CSValueRank></CSValue><UnitOfMeasure><UnitOfMeasureCode>4000123</UnitOfMeasureCode><UnitOfMeasureName>流明</UnitOfMeasureName><UnitOfMeasureSymbol>流明</UnitOfMeasureSymbol></UnitOfMeasure></CSItem><CSItem><CSItemCode>IT4029156</CSItemCode><CSItemName>光束角</CSItemName><CSItemRank>11</CSItemRank><CSItemIsFreeFormat>1</CSItemIsFreeFormat><CSValue><CSValueCode>VA4067567</CSValueCode><CSValueName>200</CSValueName><CSValueRank>1</CSValueRank></CSValue><UnitOfMeasure><UnitOfMeasureCode>3000042</UnitOfMeasureCode><UnitOfMeasureName>度</UnitOfMeasureName><UnitOfMeasureSymbol>度</UnitOfMeasureSymbol></UnitOfMeasure></CSItem><CSItem><CSItemCode>IT4029159</CSItemCode><CSItemName>色温</CSItemName><CSItemRank>20</CSItemRank><CSItemIsFreeFormat>1</CSItemIsFreeFormat><CSValue><CSValueCode>VA4067572</CSValueCode><CSValueName>3000</CSValueName><CSValueRank>1</CSValueRank></CSValue><UnitOfMeasure><UnitOfMeasureCode>4000041</UnitOfMeasureCode><UnitOfMeasureName>K</UnitOfMeasureName><UnitOfMeasureSymbol>K</UnitOfMeasureSymbol></UnitOfMeasure></CSItem><CSItem><CSItemCode>IT4029170</CSItemCode><CSItemName>显色指数 (CRI)</CSItemName><CSItemRank>27</CSItemRank><CSItemIsFreeFormat>1</CSItemIsFreeFormat><CSValue><CSValueCode>VA4067596</CSValueCode><CSValueName>80</CSValueName><CSValueRank>1</CSValueRank></CSValue></CSItem><CSItem><CSItemCode>IT4026390</CSItemCode><CSItemName>启动时间</CSItemName><CSItemRank>28</CSItemRank><CSItemIsFreeFormat>0</CSItemIsFreeFormat><CSValue><CSValueCode>VA4082665</CSValueCode><CSValueName>&lt;0.5</CSValueName><CSValueRank>12</CSValueRank></CSValue><UnitOfMeasure><UnitOfMeasureCode>3000069</UnitOfMeasureCode><UnitOfMeasureName>秒</UnitOfMeasureName><UnitOfMeasureSymbol>秒</UnitOfMeasureSymbol></UnitOfMeasure></CSItem><CSItem><CSItemCode>IT4029160</CSItemCode><CSItemName>启动时间（达到 60% 亮度）</CSItemName><CSItemRank>31</CSItemRank><CSItemIsFreeFormat>0</CSItemIsFreeFormat><CSValue><CSValueCode>VA4067639</CSValueCode><CSValueName>即亮</CSValueName><CSValueRank>11</CSValueRank></CSValue></CSItem><CSItem><CSItemCode>IT4029158</CSItemCode><CSItemName>颜色</CSItemName><CSItemRank>34</CSItemRank><CSItemIsFreeFormat>0</CSItemIsFreeFormat><CSValue><CSValueCode>VA4067609</CSValueCode><CSValueName>白色</CSValueName><CSValueRank>14</CSValueRank></CSValue></CSItem></CSChapter><CSChapter><CSChapterCode>CH4005204</CSChapterCode><CSChapterName>耐用性</CSChapterName><CSChapterRank>4</CSChapterRank><CSItem><CSItemCode>IT4029169</CSItemCode><CSItemName>灯泡寿命</CSItemName><CSItemRank>7</CSItemRank><CSItemIsFreeFormat>1</CSItemIsFreeFormat><CSValue><CSValueCode>VA4067595</CSValueCode><CSValueName>15000</CSValueName><CSValueRank>1</CSValueRank></CSValue><UnitOfMeasure><UnitOfMeasureCode>4000007</UnitOfMeasureCode><UnitOfMeasureName>-小时</UnitOfMeasureName><UnitOfMeasureSymbol>小时</UnitOfMeasureSymbol></UnitOfMeasure></CSItem><CSItem><CSItemCode>IT4029171</CSItemCode><CSItemName>开关次数</CSItemName><CSItemRank>14</CSItemRank><CSItemIsFreeFormat>1</CSItemIsFreeFormat><CSValue><CSValueCode>VA4067598</CSValueCode><CSValueName>50000</CSValueName><CSValueRank>1</CSValueRank></CSValue></CSItem><CSItem><CSItemCode>IT4029193</CSItemCode><CSItemName>亮度维持率</CSItemName><CSItemRank>16</CSItemRank><CSItemIsFreeFormat>0</CSItemIsFreeFormat><CSValue><CSValueCode>VA4067614</CSValueCode><CSValueName>0.7</CSValueName><CSValueRank>6</CSValueRank></CSValue></CSItem><CSItem><CSItemCode>IT4029164</CSItemCode><CSItemName>平均使用寿命（每天使用 2.7 小时）</CSItemName><CSItemRank>25</CSItemRank><CSItemIsFreeFormat>1</CSItemIsFreeFormat><CSValue><CSValueCode>VA4067588</CSValueCode><CSValueName>15</CSValueName><CSValueRank>1</CSValueRank></CSValue><UnitOfMeasure><UnitOfMeasureCode>4000081</UnitOfMeasureCode><UnitOfMeasureName>年</UnitOfMeasureName><UnitOfMeasureSymbol>年</UnitOfMeasureSymbol></UnitOfMeasure></CSItem></CSChapter><CSChapter><CSChapterCode>CH4006021</CSChapterCode><CSChapterName>灯泡尺寸</CSChapterName><CSChapterRank>5</CSChapterRank><CSItem><CSItemCode>IT4029271</CSItemCode><CSItemName>高度</CSItemName><CSItemRank>4</CSItemRank><CSItemIsFreeFormat>1</CSItemIsFreeFormat><CSValue><CSValueCode>VA4067741</CSValueCode><CSValueName>110</CSValueName><CSValueRank>1</CSValueRank></CSValue><UnitOfMeasure><UnitOfMeasureCode>3000058</UnitOfMeasureCode><UnitOfMeasureName>毫米</UnitOfMeasureName><UnitOfMeasureSymbol>毫米</UnitOfMeasureSymbol></UnitOfMeasure></CSItem><CSItem><CSItemCode>IT4029272</CSItemCode><CSItemName>宽度</CSItemName><CSItemRank>10</CSItemRank><CSItemIsFreeFormat>1</CSItemIsFreeFormat><CSValue><CSValueCode>VA4067742</CSValueCode><CSValueName>60</CSValueName><CSValueRank>1</CSValueRank></CSValue><UnitOfMeasure><UnitOfMeasureCode>3000058</UnitOfMeasureCode><UnitOfMeasureName>毫米</UnitOfMeasureName><UnitOfMeasureSymbol>毫米</UnitOfMeasureSymbol></UnitOfMeasure></CSItem></CSChapter><CSChapter><CSChapterCode>CH4005206</CSChapterCode><CSChapterName>其他特性</CSChapterName><CSChapterRank>6</CSChapterRank><CSItem><CSItemCode>IT4026404</CSItemCode><CSItemName>汞含量</CSItemName><CSItemRank>5</CSItemRank><CSItemIsFreeFormat>1</CSItemIsFreeFormat><CSValue><CSValueCode>VA4062631</CSValueCode><CSValueName>0</CSValueName><CSValueRank>1</CSValueRank></CSValue><UnitOfMeasure><UnitOfMeasureCode>4000142</UnitOfMeasureCode><UnitOfMeasureName>毫克</UnitOfMeasureName><UnitOfMeasureSymbol>毫克</UnitOfMeasureSymbol></UnitOfMeasure></CSItem><CSItem><CSItemCode>IT4026405</CSItemCode><CSItemName>功率系数</CSItemName><CSItemRank>15</CSItemRank><CSItemIsFreeFormat>1</CSItemIsFreeFormat><CSValue><CSValueCode>VA4062632</CSValueCode><CSValueName>.5</CSValueName><CSValueRank>1</CSValueRank></CSValue></CSItem><CSItem><CSItemCode>IT4026406</CSItemCode><CSItemName>电流</CSItemName><CSItemRank>21</CSItemRank><CSItemIsFreeFormat>1</CSItemIsFreeFormat><CSValue><CSValueCode>VA4062633</CSValueCode><CSValueName>120</CSValueName><CSValueRank>1</CSValueRank></CSValue><UnitOfMeasure><UnitOfMeasureCode>4000141</UnitOfMeasureCode><UnitOfMeasureName>毫安</UnitOfMeasureName><UnitOfMeasureSymbol>毫安</UnitOfMeasureSymbol></UnitOfMeasure></CSItem></CSChapter><CSChapter><CSChapterCode>CH4005207</CSChapterCode><CSChapterName>额定值</CSChapterName><CSChapterRank>7</CSChapterRank><CSItem><CSItemCode>IT4026407</CSItemCode><CSItemName>额定功率</CSItemName><CSItemRank>3</CSItemRank><CSItemIsFreeFormat>1</CSItemIsFreeFormat><CSValue><CSValueCode>VA4062634</CSValueCode><CSValueName>12</CSValueName><CSValueRank>1</CSValueRank></CSValue><UnitOfMeasure><UnitOfMeasureCode>3000072</UnitOfMeasureCode><UnitOfMeasureName>瓦特</UnitOfMeasureName><UnitOfMeasureSymbol>瓦</UnitOfMeasureSymbol></UnitOfMeasure></CSItem><CSItem><CSItemCode>IT4026408</CSItemCode><CSItemName>光通量</CSItemName><CSItemRank>13</CSItemRank><CSItemIsFreeFormat>1</CSItemIsFreeFormat><CSValue><CSValueCode>VA4062635</CSValueCode><CSValueName>1360</CSValueName><CSValueRank>1</CSValueRank></CSValue><UnitOfMeasure><UnitOfMeasureCode>4000123</UnitOfMeasureCode><UnitOfMeasureName>流明</UnitOfMeasureName><UnitOfMeasureSymbol>流明</UnitOfMeasureSymbol></UnitOfMeasure></CSItem><CSItem><CSItemCode>IT4029167</CSItemCode><CSItemName>使用寿命</CSItemName><CSItemRank>19</CSItemRank><CSItemIsFreeFormat>1</CSItemIsFreeFormat><CSValue><CSValueCode>VA4067593</CSValueCode><CSValueName>15000</CSValueName><CSValueRank>1</CSValueRank></CSValue><UnitOfMeasure><UnitOfMeasureCode>4000007</UnitOfMeasureCode><UnitOfMeasureName>-小时</UnitOfMeasureName><UnitOfMeasureSymbol>小时</UnitOfMeasureSymbol></UnitOfMeasure></CSItem><CSItem><CSItemCode>IT4029168</CSItemCode><CSItemName>光束角</CSItemName><CSItemRank>24</CSItemRank><CSItemIsFreeFormat>1</CSItemIsFreeFormat><CSValue><CSValueCode>VA4067594</CSValueCode><CSValueName>200</CSValueName><CSValueRank>1</CSValueRank></CSValue><UnitOfMeasure><UnitOfMeasureCode>3000042</UnitOfMeasureCode><UnitOfMeasureName>度</UnitOfMeasureName><UnitOfMeasureSymbol>度</UnitOfMeasureSymbol></UnitOfMeasure></CSItem></CSChapter><Filters><Purpose type="Comparison"><Features><Feature code="F400082426" rank="1" referenceName="A simple LED for everyday use 2"/><Feature code="F400014513" rank="2" referenceName="Instant on"/><Feature code="F400027164" rank="3" referenceName="Energy saving"/></Features><CSItems><CSItem code="IT4026387" rank="2" referenceName="灯光特征 - 亮度"/><CSItem code="IT4026407" rank="3" referenceName="额定值 - 额定功率"/><CSItem code="IT4029271" rank="4" referenceName="灯泡尺寸 - 高度"/><CSItem code="IT4026404" rank="5" referenceName="其他特性 - 汞含量"/><CSItem code="IT4029051" rank="6" referenceName="功耗 - 额定功率"/><CSItem code="IT4029169" rank="7" referenceName="耐用性 - 灯泡寿命"/><CSItem code="IT4029277" rank="9" referenceName="灯泡特征 - 灯头"/><CSItem code="IT4029272" rank="10" referenceName="灯泡尺寸 - 宽度"/><CSItem code="IT4029156" rank="11" referenceName="灯光特征 - 光束角"/><CSItem code="IT4029052" rank="12" referenceName="功耗 - 瓦数相当于白炽灯"/><CSItem code="IT4026408" rank="13" referenceName="额定值 - 光通量"/><CSItem code="IT4029171" rank="14" referenceName="耐用性 - 开关次数"/><CSItem code="IT4026405" rank="15" referenceName="其他特性 - 功率系数"/><CSItem code="IT4029193" rank="16" referenceName="耐用性 - 亮度维持率"/><CSItem code="IT4026378" rank="18" referenceName="功耗 - 具有节能特点"/><CSItem code="IT4029167" rank="19" referenceName="额定值 - 使用寿命"/><CSItem code="IT4029159" rank="20" referenceName="灯光特征 - 色温"/><CSItem code="IT4026406" rank="21" referenceName="其他特性 - 电流"/><CSItem code="IT4029279" rank="22" referenceName="灯泡特征 - 可调光"/><CSItem code="IT4029168" rank="24" referenceName="额定值 - 光束角"/><CSItem code="IT4029164" rank="25" referenceName="耐用性 - 平均使用寿命（每天使用 2.7 小时）"/><CSItem code="IT4029170" rank="27" referenceName="灯光特征 - 显色指数 (CRI)"/><CSItem code="IT4026390" rank="28" referenceName="灯光特征 - 启动时间"/><CSItem code="IT4036606" rank="29" referenceName="灯泡特征 - 电压"/><CSItem code="IT4044392" rank="30" referenceName="灯泡特征 - 灯的外形"/><CSItem code="IT4029160" rank="31" referenceName="灯光特征 - 启动时间（达到 60% 亮度）"/><CSItem code="IT4044053" rank="32" referenceName="灯泡特征 - 玻璃类型"/><CSItem code="IT4044055" rank="33" referenceName="灯泡特征 - 预期用途"/><CSItem code="IT4029158" rank="34" referenceName="灯光特征 - 颜色"/></CSItems></Purpose><Purpose type="Detail"><Features><Feature code="F400082426" rank="1" referenceName="A simple LED for everyday use 2"/><Feature code="F400014513" rank="2" referenceName="Instant on"/><Feature code="F400027164" rank="3" referenceName="Energy saving"/></Features><CSItems><CSItem code="IT4026387" rank="2" referenceName="灯光特征 - 亮度"/><CSItem code="IT4026407" rank="3" referenceName="额定值 - 额定功率"/><CSItem code="IT4029271" rank="4" referenceName="灯泡尺寸 - 高度"/><CSItem code="IT4026404" rank="5" referenceName="其他特性 - 汞含量"/><CSItem code="IT4029051" rank="6" referenceName="功耗 - 额定功率"/><CSItem code="IT4029169" rank="7" referenceName="耐用性 - 灯泡寿命"/><CSItem code="IT4029277" rank="9" referenceName="灯泡特征 - 灯头"/><CSItem code="IT4029272" rank="10" referenceName="灯泡尺寸 - 宽度"/><CSItem code="IT4029156" rank="11" referenceName="灯光特征 - 光束角"/><CSItem code="IT4029052" rank="12" referenceName="功耗 - 瓦数相当于白炽灯"/><CSItem code="IT4026408" rank="13" referenceName="额定值 - 光通量"/><CSItem code="IT4029171" rank="14" referenceName="耐用性 - 开关次数"/><CSItem code="IT4026405" rank="15" referenceName="其他特性 - 功率系数"/><CSItem code="IT4029193" rank="16" referenceName="耐用性 - 亮度维持率"/><CSItem code="IT4026378" rank="18" referenceName="功耗 - 具有节能特点"/><CSItem code="IT4029167" rank="19" referenceName="额定值 - 使用寿命"/><CSItem code="IT4029159" rank="20" referenceName="灯光特征 - 色温"/><CSItem code="IT4026406" rank="21" referenceName="其他特性 - 电流"/><CSItem code="IT4029279" rank="22" referenceName="灯泡特征 - 可调光"/><CSItem code="IT4029168" rank="24" referenceName="额定值 - 光束角"/><CSItem code="IT4029164" rank="25" referenceName="耐用性 - 平均使用寿命（每天使用 2.7 小时）"/><CSItem code="IT4029170" rank="27" referenceName="灯光特征 - 显色指数 (CRI)"/><CSItem code="IT4026390" rank="28" referenceName="灯光特征 - 启动时间"/><CSItem code="IT4036606" rank="29" referenceName="灯泡特征 - 电压"/><CSItem code="IT4044392" rank="30" referenceName="灯泡特征 - 灯的外形"/><CSItem code="IT4029160" rank="31" referenceName="灯光特征 - 启动时间（达到 60% 亮度）"/><CSItem code="IT4044053" rank="32" referenceName="灯泡特征 - 玻璃类型"/><CSItem code="IT4044055" rank="33" referenceName="灯泡特征 - 预期用途"/><CSItem code="IT4029158" rank="34" referenceName="灯光特征 - 颜色"/></CSItems></Purpose></Filters><FeatureCompareGroups/><Disclaimers/><RichTexts/></Product></Products>