<?xml version="1.0" encoding="UTF-8"?><Products xmlns:source="http://apache.org/cocoon/source/1.0" DocStatus="approved" DocTimeStamp="2018-10-27T23:32:08"><Product Country="CN" IsAccessory="false" IsMaster="false" Locale="zh_CN" lastModified="2018-10-26T04:44:29" masterLastModified="2018-10-20T00:22:27"><CTN>328M6FJRMB/93</CTN><Code12NC>867000145548</Code12NC><GTIN>6951613912485</GTIN><MarketingVersion>5.0.1</MarketingVersion><MarketingStatus>Final Published</MarketingStatus><CRDate>2017-07-28</CRDate><CRDateYW>201730</CRDateYW><ModelYears><ModelYear>2017</ModelYear><ModelYear>2018</ModelYear></ModelYears><ProductDivision><ProductDivisionCode>0200</ProductDivisionCode><ProductDivisionName>Consumer Lifestyle</ProductDivisionName><FormerPDCode>3400</FormerPDCode></ProductDivision><ProductOwner>Jessica Chang</ProductOwner><DTN>328M6FJRMB/93</DTN><Catalog><StartOfPublication>2017-08-28T00:00:00</StartOfPublication><EndOfPublication>2018-11-28T00:00:00</EndOfPublication><StartOfSales>2017-08-28T00:00:00</StartOfSales><EndOfSales>2018-11-28T00:00:00</EndOfSales><DummyPrice/><Deleted>false</Deleted><DeleteAfterDate/><ProductRank>82</ProductRank></Catalog><FinancialCategorization><BusinessGroupCode>6918</BusinessGroupCode><BusinessGroupName>TV</BusinessGroupName><BusinessUnitCode>0655</BusinessUnitCode><BusinessUnitName>Monitors</BusinessUnitName><MainArticleGroupCode>J89</MainArticleGroupCode><MainArticleGroupName>Monitors</MainArticleGroupName><ArticleGroupCode>3789</ArticleGroupCode><ArticleGroupName>Monitors global</ArticleGroupName></FinancialCategorization><Categorization type="CONSUMER"><GroupCode>SOUND_AND_VISION_GR</GroupCode><GroupName>Sound &amp; vision</GroupName><CategoryCode>SV_MONITORS_CA</CategoryCode><CategoryName>Monitors</CategoryName><SubcategoryCode>CURVED_SU</SubcategoryCode><SubcategoryName>Curved</SubcategoryName></Categorization><Assets><Asset code="328M6FJRMB_93" description="Leaflet" extension="pdf" lastModified="2018-10-13" locale="zh_CN" number="001" type="PSS">http://download.p4c.philips.com/files/3/328m6fjrmb_93/328m6fjrmb_93_pss_zhscn.pdf</Asset><Asset code="328M6FJRMB_93" description="Retail Trade Leaflet" extension="pdf" lastModified="2018-10-14" locale="zh_CN" number="001" type="RTL">http://download.p4c.philips.com/files/3/328m6fjrmb_93/328m6fjrmb_93_rtl_zhscn.pdf</Asset><Asset code="328M6FJRMB_93" description="Front product photograph - highres 2196x1795" extension="tif" lastModified="2018-10-11" locale="global" number="001" type="_FP">http://images.philips.com/is/image/PhilipsConsumer/328M6FJRMB_93-_FP-global-001</Asset><Asset code="328M6FJRMB_93" description="Leaflet" extension="pdf" lastModified="2018-10-21" locale="global" number="001" type="PSS">http://download.p4c.philips.com/files/3/328m6fjrmb_93/328m6fjrmb_93_pss_.pdf</Asset><Asset code="328M6FJRMB_93" description="Standard product photograph - highres 2196x1795" extension="tif" lastModified="2018-10-11" locale="global" number="001" type="RTP">http://images.philips.com/is/image/PhilipsConsumer/328M6FJRMB_93-RTP-global-001</Asset><Asset code="328M6FJRMB_93" description="Single product shot" extension="" lastModified="2018-10-26" locale="zh_CN" number="" type="IMS">http://images.philips.com/is/image/PhilipsConsumer/328M6FJRMB_93-IMS-zh_CN</Asset><Asset code="328M6FJRMB_93" description="Product gallery image set" extension="" lastModified="2018-10-26" locale="zh_CN" number="" type="GAL">http://images.philips.com/is/image/PhilipsConsumer/328M6FJRMB_93-GAL-zh_CN</Asset><Asset code="328M6FJRMB_93" description="Product URL" extension="" lastModified="2018-10-26" locale="zh_CN" number="" type="URL">http://www.philips.com.cn/c-p/328M6FJRMB_93/momentum-curved-qhd-lcd-display-with-ambiglow</Asset><Asset code="F400016234" description="Feature photograph - highres 2100x1170" extension="tif" lastModified="2017-10-31" locale="global" number="001" type="FIL">http://images.philips.com/is/image/PhilipsConsumer/F400016234-FIL-global-001</Asset><Asset code="F400016234" description="Feature logo - highres 331x213" extension="tif" lastModified="2010-07-21" locale="global" number="001" type="FLP">http://images.philips.com/is/image/PhilipsConsumer/F400016234-FLP-global-001</Asset><Asset code="F400029739" description="Feature logo - highres 331x213" extension="tif" lastModified="2013-04-01" locale="global" number="001" type="FLP">http://images.philips.com/is/image/PhilipsConsumer/F400029739-FLP-global-001</Asset><Asset code="F400042605" description="Feature photograph - highres 2100x1170" extension="tif" lastModified="2012-08-30" locale="global" number="001" type="FIL">http://images.philips.com/is/image/PhilipsConsumer/F400042605-FIL-global-001</Asset><Asset code="F400042605" description="Feature logo - highres 331x213" extension="tif" lastModified="2017-12-22" locale="global" number="001" type="FLP">http://images.philips.com/is/image/PhilipsConsumer/F400042605-FLP-global-001</Asset><Asset code="F400047169" description="Feature photograph - highres 2100x1170" extension="tif" lastModified="2013-04-03" locale="global" number="001" type="FIL">http://images.philips.com/is/image/PhilipsConsumer/F400047169-FIL-global-001</Asset><Asset code="F400047169" description="Feature logo - highres 331x213" extension="tif" lastModified="2012-08-07" locale="global" number="001" type="FLP">http://images.philips.com/is/image/PhilipsConsumer/F400047169-FLP-global-001</Asset><Asset code="F400048758" description="Feature logo - highres 331x213" extension="tif" lastModified="2015-08-26" locale="global" number="001" type="FLP">http://images.philips.com/is/image/PhilipsConsumer/F400048758-FLP-global-001</Asset><Asset code="F400053126" description="Feature photograph - highres 2100x1170" extension="tif" lastModified="2017-05-31" locale="global" number="001" type="FIL">http://images.philips.com/is/image/PhilipsConsumer/F400053126-FIL-global-001</Asset><Asset code="F400053126" description="Feature logo - highres 331x213" extension="tif" lastModified="2013-03-06" locale="global" number="001" type="FLP">http://images.philips.com/is/image/PhilipsConsumer/F400053126-FLP-global-001</Asset><Asset code="F400054885" description="Feature photograph - highres 2100x1170" extension="tif" lastModified="2015-05-28" locale="global" number="001" type="FIL">http://images.philips.com/is/image/PhilipsConsumer/F400054885-FIL-global-001</Asset><Asset code="F400054885" description="Feature logo - highres 331x213" extension="tif" lastModified="2015-05-18" locale="global" number="001" type="FLP">http://images.philips.com/is/image/PhilipsConsumer/F400054885-FLP-global-001</Asset><Asset code="F400067665" description="Feature photograph - highres 2100x1170" extension="tif" lastModified="2017-10-31" locale="global" number="001" type="FIL">http://images.philips.com/is/image/PhilipsConsumer/F400067665-FIL-global-001</Asset><Asset code="F400067665" description="Feature logo - highres 331x213" extension="tif" lastModified="2017-11-15" locale="global" number="001" type="FLP">http://images.philips.com/is/image/PhilipsConsumer/F400067665-FLP-global-001</Asset><Asset code="F400071117" description="Feature photograph - highres 2100x1170" extension="tif" lastModified="2015-05-20" locale="global" number="001" type="FIL">http://images.philips.com/is/image/PhilipsConsumer/F400071117-FIL-global-001</Asset><Asset code="F400071117" description="Feature logo - highres 331x213" extension="tif" lastModified="2015-05-08" locale="global" number="001" type="FLP">http://images.philips.com/is/image/PhilipsConsumer/F400071117-FLP-global-001</Asset><Asset code="F400078908" description="Feature photograph - highres 2100x1170" extension="tif" lastModified="2016-11-22" locale="global" number="001" type="FIL">http://images.philips.com/is/image/PhilipsConsumer/F400078908-FIL-global-001</Asset><Asset code="F400078908" description="Feature logo - highres 331x213" extension="tif" lastModified="2016-11-22" locale="global" number="001" type="FLP">http://images.philips.com/is/image/PhilipsConsumer/F400078908-FLP-global-001</Asset><Asset code="F400078929" description="Feature photograph - highres 2100x1170" extension="tif" lastModified="2017-10-31" locale="global" number="001" type="FIL">http://images.philips.com/is/image/PhilipsConsumer/F400078929-FIL-global-001</Asset><Asset code="F400078929" description="Feature logo - highres 331x213" extension="tif" lastModified="2017-11-15" locale="global" number="001" type="FLP">http://images.philips.com/is/image/PhilipsConsumer/F400078929-FLP-global-001</Asset><Asset code="F400081577" description="Feature logo - highres 331x213" extension="tif" lastModified="2017-01-24" locale="global" number="001" type="FLP">http://images.philips.com/is/image/PhilipsConsumer/F400081577-FLP-global-001</Asset><Asset code="F400082498" description="Feature photograph - highres 2100x1170" extension="tif" lastModified="2017-03-27" locale="global" number="001" type="FIL">http://images.philips.com/is/image/PhilipsConsumer/F400082498-FIL-global-001</Asset><Asset code="F400082707" description="Feature photograph - highres 2100x1170" extension="tif" lastModified="2017-08-03" locale="global" number="001" type="FIL">http://images.philips.com/is/image/PhilipsConsumer/F400082707-FIL-global-001</Asset><Asset code="F400082707" description="Feature logo - highres 331x213" extension="tif" lastModified="2017-04-18" locale="global" number="001" type="FLP">http://images.philips.com/is/image/PhilipsConsumer/F400082707-FLP-global-001</Asset><Asset code="F400085570" description="Feature photograph - highres 2100x1170" extension="tif" lastModified="2018-06-08" locale="global" number="001" type="FIL">http://images.philips.com/is/image/PhilipsConsumer/F400085570-FIL-global-001</Asset><Asset code="F400085570" description="Feature logo - highres 331x213" extension="tif" lastModified="2017-12-15" locale="global" number="001" type="FLP">http://images.philips.com/is/image/PhilipsConsumer/F400085570-FLP-global-001</Asset><Asset code="PHI" description="Brand logo - highres 1476x886" extension="tif" lastModified="2016-02-18" locale="global" number="001" type="BRP">http://images.philips.com/is/image/PhilipsConsumer/PHI-BRP-global-001</Asset></Assets><ProductName>采用 Ambiglow 技术的 Momentum 曲面四倍高清液晶显示屏</ProductName><FullProductName>飞利浦 Momentum 采用 Ambiglow 技术的曲面四倍高清液晶显示屏 328M6FJRMB Momentum 32（对角 31.5 英寸/80 厘米）四倍高清 (2560 x 1440)</FullProductName><NamingString><MasterBrand><BrandCode>PHI</BrandCode><BrandName>Philips</BrandName></MasterBrand><BrandString>飞利浦</BrandString><Concept><ConceptCode>SB40008911</ConceptCode><ConceptName>Momentum</ConceptName><ConceptNameUsed>1</ConceptNameUsed></Concept><Descriptor><DescriptorCode>D4029277</DescriptorCode><DescriptorName>采用 Ambiglow 技术的曲面四倍高清液晶显示屏</DescriptorName></Descriptor><Alphanumeric>328M6FJRMB</Alphanumeric><VersionElement1><VersionElementCode>V4044268</VersionElementCode><VersionElementName>Momentum</VersionElementName></VersionElement1><VersionElement2><VersionElementCode>V4042988</VersionElementCode><VersionElementName>32（31.5 英寸/80 厘米对角线尺寸）</VersionElementName></VersionElement2><VersionElement3><VersionElementCode>V4037593</VersionElementCode><VersionElementName>四倍高清 (2560 x 1440)</VersionElementName></VersionElement3><VersionString>Momentum 32（对角 31.5 英寸/80 厘米）四倍高清 (2560 x 1440)</VersionString><BrandedFeatureString/><DescriptorBrandedFeatureString>采用 Ambiglow 技术的曲面四倍高清液晶显示屏</DescriptorBrandedFeatureString></NamingString><WOW>尽情享受当下</WOW><MarketingTextHeader>搭载 HDR 的 Momentum 显示器采用 Ambiglow 技术，打造让人身临其境的灯光效果，为您带来新层次的沉浸式体验。144 赫兹的快速刷新率让您无论是玩游戏还是看电影，都能感受到顺滑流畅的娱乐体验。</MarketingTextHeader><KeyBenefitArea><KeyBenefitAreaCode>K4034248</KeyBenefitAreaCode><KeyBenefitAreaName>为增强感观而设计</KeyBenefitAreaName><KeyBenefitAreaRank>1</KeyBenefitAreaRank><Feature><FeatureCode>F400082498</FeatureCode><FeatureReferenceName>Ambiglow Technology_8M6</FeatureReferenceName><FeatureName>Ambiglow 技术</FeatureName><FeatureLongDescription>Ambiglow 利用光环提升您的娱乐体验</FeatureLongDescription><FeatureGlossary>Ambiglow 将您的观赏体验提升到了一个新的层次。创新的 Ambiglow 技术可通过形成沉浸式光环来放大屏幕。它具有的快速处理器可分析传入的图像内容，并不断调节发射光的颜色和亮度来匹配图像。用户友好的选项可让您调节您喜欢的氛围。飞利浦 Ambiglow 尤其适用于观看电影、体育节目或玩游戏，为您提供引人入胜的独特观赏体验。</FeatureGlossary><FeatureRank>1</FeatureRank><FeatureTopRank>1</FeatureTopRank></Feature><Feature><FeatureCode>F400071117</FeatureCode><FeatureReferenceName>Curved display design for more immersive experience</FeatureReferenceName><FeatureName>曲面显示屏设计</FeatureName><FeatureLongDescription>曲面显示屏设计，带给您身临其境的体验</FeatureLongDescription><FeatureGlossary>桌面显示器提供个性化用户体验，非常适合曲线设计。曲线设计可提供愉悦、微妙的、令人陶醉的效果，让您聚焦于桌面的中心。</FeatureGlossary><FeatureRank>2</FeatureRank><FeatureTopRank>2</FeatureTopRank></Feature><Feature><FeatureCode>F400081835</FeatureCode><FeatureReferenceName>Crafted with premium materials for a sophisticated look</FeatureReferenceName><FeatureName>采用优质材料精心打造</FeatureName><FeatureLongDescription>采用优质材料精心打造，形成精致的外观</FeatureLongDescription><FeatureRank>3</FeatureRank><FeatureTopRank>10</FeatureTopRank></Feature></KeyBenefitArea><KeyBenefitArea><KeyBenefitAreaCode>K4019514</KeyBenefitAreaCode><KeyBenefitAreaName>卓越的画质</KeyBenefitAreaName><KeyBenefitAreaRank>2</KeyBenefitAreaRank><Feature><FeatureCode>F400048758</FeatureCode><FeatureReferenceName>Crystalclear Quad HD</FeatureReferenceName><FeatureName>晶晰图像</FeatureName><FeatureLongDescription>四倍高清 2560 x 1440 像素的晶晰图像</FeatureLongDescription><FeatureGlossary>这些最新的飞利浦显示屏可提供四倍高清 2560x1440 或 2560x1080 像素的晶晰图像。通过采用具有高密度像素数的高性能面板，并且支持高带宽来源（如 Displayport、HDMI、双链接 DVI），这些新显示屏可让您的图像和图形栩栩如生。无论您是否专业需要 CAD-CAM 解决方案的极详尽信息，通过使用 3D 图形应用程序或在处理大量电子表格的财务向导，飞利浦显示屏将为您呈现晶晰图像。</FeatureGlossary><FeatureRank>1</FeatureRank><FeatureTopRank>3</FeatureTopRank></Feature><Feature><FeatureCode>F400078908</FeatureCode><FeatureReferenceName>Ultra Wide-Color Technology</FeatureReferenceName><FeatureName>广色域技术</FeatureName><FeatureLongDescription>广色域色彩多样，提供逼真的图像</FeatureLongDescription><FeatureGlossary>广色域技术提供更多光谱颜色，可呈现更绚丽的画面。广色域的“色域范围”更宽，可实现更自然靓丽的绿色、鲜艳的红色和更深的蓝色。采用广色域技术，可使媒体娱乐、图像呈现更富有活力和艳丽的色彩。</FeatureGlossary><FeatureRank>2</FeatureRank><FeatureTopRank>4</FeatureTopRank></Feature><Feature><FeatureCode>F400082707</FeatureCode><FeatureReferenceName>HDR_monitor</FeatureReferenceName><FeatureName>高动态范围 (HDR)</FeatureName><FeatureLongDescription>高动态范围 (HDR) 产生更逼真的彩色视觉效果</FeatureLongDescription><FeatureGlossary>高动态范围提供了大为不同的视觉体验。凭借惊人的亮度、无可比拟的对比度和迷人的色彩，图像以更高的亮度焕发生机，同时呈现更深邃、更细致的暗度。它呈现了以前从未在显示屏上见到过的更全面的丰富新颜色的调色板，提供了吸引感官并激发情感的视觉体验。</FeatureGlossary><FeatureRank>3</FeatureRank><FeatureTopRank>5</FeatureTopRank></Feature></KeyBenefitArea><KeyBenefitArea><KeyBenefitAreaCode>K4034249</KeyBenefitAreaCode><KeyBenefitAreaName>专为快速操作而打造</KeyBenefitAreaName><KeyBenefitAreaRank>3</KeyBenefitAreaRank><Feature><FeatureCode>F400053126</FeatureCode><FeatureReferenceName>144Hz Gaming</FeatureReferenceName><FeatureName>144 赫兹游戏</FeatureName><FeatureLongDescription>144 赫兹刷新率，呈现超顺畅的逼真图像</FeatureLongDescription><FeatureGlossary>激烈的竞技游戏要求显示器能够提供无迟滞的超顺畅图像。这款飞利浦显示器每秒钟可将屏幕图像重绘 144 次，速度比标准显示器有效提升 2.4 倍。较低的帧速率使敌人在屏幕上呈现点对点的跳动状态，很难瞄准攻击目标。而 144 赫兹帧速率可将敌人的动作特别流畅地呈现在屏幕上，您再也不会缺失关键图像，可以轻松瞄准目标。这款飞利浦显示器具有超低输入迟滞并可确保不会发生屏幕图像撕裂现象，是您完美的游戏伙伴</FeatureGlossary><FeatureRank>1</FeatureRank><FeatureTopRank>6</FeatureTopRank></Feature></KeyBenefitArea><KeyBenefitArea><KeyBenefitAreaCode>K4034250</KeyBenefitAreaCode><KeyBenefitAreaName>倍感舒适</KeyBenefitAreaName><KeyBenefitAreaRank>4</KeyBenefitAreaRank><Feature><FeatureCode>F400032025</FeatureCode><FeatureReferenceName>M4 height adjustment</FeatureReferenceName><FeatureName>人体工程学设计</FeatureName><FeatureLongDescription>高度调节，坐姿更理想</FeatureLongDescription><FeatureGlossary>智能人体工程学底座是一种“人性化”的底座，可提供屏幕旋转、转动、倾斜和高度调节，改善了人体工程学设计和智能线缆管理，从而打造整洁的工作空间。</FeatureGlossary><FeatureRank>1</FeatureRank><FeatureTopRank>7</FeatureTopRank></Feature><Feature><FeatureCode>F400078929</FeatureCode><FeatureReferenceName>LowBlue Mode</FeatureReferenceName><FeatureName>LowBlue 模式</FeatureName><FeatureLongDescription>LowBlue 模式，高效保护视力</FeatureLongDescription><FeatureGlossary>研究表明，与紫外线可能导致眼睛伤害一样，LED 显示屏短波长蓝光也可以造成眼睛损伤，长期使用还可能影响视力。飞利浦 LowBlue 模式设置专为健康工作而开发，其采用智能软件技术减少有害短波长蓝光。</FeatureGlossary><FeatureRank>2</FeatureRank><FeatureTopRank>8</FeatureTopRank></Feature><Feature><FeatureCode>F400067665</FeatureCode><FeatureReferenceName>Flicker-free technology</FeatureReferenceName><FeatureName>无闪烁技术</FeatureName><FeatureLongDescription>借助无闪烁技术减少眼部疲劳</FeatureLongDescription><FeatureGlossary>由于在 LED 背光屏幕上控制亮度，某些用户会在屏幕上看到闪烁，这会导致眼部疲劳。飞利浦无闪烁技术应用新的解决方案来调节亮度，同时消除闪烁，带给您更舒适的观看体验。</FeatureGlossary><FeatureRank>3</FeatureRank><FeatureTopRank>9</FeatureTopRank></Feature></KeyBenefitArea><FeatureLogo><FeatureCode>F400042605</FeatureCode><FeatureReferenceName>Ambiglow technology</FeatureReferenceName><FeatureLogoRank>4</FeatureLogoRank></FeatureLogo><FeatureLogo><FeatureCode>F400071117</FeatureCode><FeatureReferenceName>Curved display design for more immersive experience</FeatureReferenceName><FeatureLogoRank>5</FeatureLogoRank></FeatureLogo><FeatureLogo><FeatureCode>F400048758</FeatureCode><FeatureReferenceName>Crystalclear Quad HD</FeatureReferenceName><FeatureLogoRank>6</FeatureLogoRank></FeatureLogo><FeatureLogo><FeatureCode>F400078908</FeatureCode><FeatureReferenceName>Ultra Wide-Color Technology</FeatureReferenceName><FeatureLogoRank>7</FeatureLogoRank></FeatureLogo><FeatureLogo><FeatureCode>F400085570</FeatureCode><FeatureReferenceName>HDR_400</FeatureReferenceName><FeatureLogoRank>8</FeatureLogoRank></FeatureLogo><FeatureLogo><FeatureCode>F400081577</FeatureCode><FeatureReferenceName>Adaptive Sync</FeatureReferenceName><FeatureLogoRank>9</FeatureLogoRank></FeatureLogo><FeatureLogo><FeatureCode>F400053126</FeatureCode><FeatureReferenceName>144Hz Gaming</FeatureReferenceName><FeatureLogoRank>10</FeatureLogoRank></FeatureLogo><FeatureLogo><FeatureCode>F400047169</FeatureCode><FeatureReferenceName>SmartImage Game</FeatureReferenceName><FeatureLogoRank>11</FeatureLogoRank></FeatureLogo><FeatureLogo><FeatureCode>F400016234</FeatureCode><FeatureReferenceName>HDMI Ready</FeatureReferenceName><FeatureLogoRank>12</FeatureLogoRank></FeatureLogo><FeatureLogo><FeatureCode>F400078929</FeatureCode><FeatureReferenceName>LowBlue Mode</FeatureReferenceName><FeatureLogoRank>13</FeatureLogoRank></FeatureLogo><FeatureLogo><FeatureCode>F400067665</FeatureCode><FeatureReferenceName>Flicker-free technology</FeatureReferenceName><FeatureLogoRank>14</FeatureLogoRank></FeatureLogo><FeatureLogo><FeatureCode>F400029739</FeatureCode><FeatureReferenceName>DisplayPort</FeatureReferenceName><FeatureLogoRank>15</FeatureLogoRank></FeatureLogo><FeatureLogo><FeatureCode>F400054885</FeatureCode><FeatureReferenceName>MVA LED display</FeatureReferenceName><FeatureLogoRank>16</FeatureLogoRank></FeatureLogo><FeatureImage><FeatureCode>F400082498</FeatureCode><FeatureReferenceName>Ambiglow Technology_8M6</FeatureReferenceName><FeatureImageRank>1</FeatureImageRank></FeatureImage><FeatureImage><FeatureCode>F400071117</FeatureCode><FeatureReferenceName>Curved display design for more immersive experience</FeatureReferenceName><FeatureImageRank>2</FeatureImageRank></FeatureImage><FeatureImage><FeatureCode>F400048758</FeatureCode><FeatureReferenceName>Crystalclear Quad HD</FeatureReferenceName><FeatureImageRank>3</FeatureImageRank></FeatureImage><FeatureImage><FeatureCode>F400078908</FeatureCode><FeatureReferenceName>Ultra Wide-Color Technology</FeatureReferenceName><FeatureImageRank>4</FeatureImageRank></FeatureImage><FeatureImage><FeatureCode>F400082707</FeatureCode><FeatureReferenceName>HDR_monitor</FeatureReferenceName><FeatureImageRank>5</FeatureImageRank></FeatureImage><FeatureImage><FeatureCode>F400053126</FeatureCode><FeatureReferenceName>144Hz Gaming</FeatureReferenceName><FeatureImageRank>6</FeatureImageRank></FeatureImage><FeatureImage><FeatureCode>F400032025</FeatureCode><FeatureReferenceName>M4 height adjustment</FeatureReferenceName><FeatureImageRank>7</FeatureImageRank></FeatureImage><FeatureImage><FeatureCode>F400078929</FeatureCode><FeatureReferenceName>LowBlue Mode</FeatureReferenceName><FeatureImageRank>8</FeatureImageRank></FeatureImage><FeatureImage><FeatureCode>F400067665</FeatureCode><FeatureReferenceName>Flicker-free technology</FeatureReferenceName><FeatureImageRank>9</FeatureImageRank></FeatureImage><FeatureHighlight><FeatureCode>F400082498</FeatureCode><FeatureReferenceName>Ambiglow Technology_8M6</FeatureReferenceName><FeatureHighlightRank>1</FeatureHighlightRank></FeatureHighlight><FeatureHighlight><FeatureCode>F400071117</FeatureCode><FeatureReferenceName>Curved display design for more immersive experience</FeatureReferenceName><FeatureHighlightRank>2</FeatureHighlightRank></FeatureHighlight><FeatureHighlight><FeatureCode>F400048758</FeatureCode><FeatureReferenceName>Crystalclear Quad HD</FeatureReferenceName><FeatureHighlightRank>3</FeatureHighlightRank></FeatureHighlight><FeatureHighlight><FeatureCode>F400078908</FeatureCode><FeatureReferenceName>Ultra Wide-Color Technology</FeatureReferenceName><FeatureHighlightRank>4</FeatureHighlightRank></FeatureHighlight><FeatureHighlight><FeatureCode>F400082707</FeatureCode><FeatureReferenceName>HDR_monitor</FeatureReferenceName><FeatureHighlightRank>5</FeatureHighlightRank></FeatureHighlight><FeatureHighlight><FeatureCode>F400053126</FeatureCode><FeatureReferenceName>144Hz Gaming</FeatureReferenceName><FeatureHighlightRank>6</FeatureHighlightRank></FeatureHighlight><FeatureHighlight><FeatureCode>F400032025</FeatureCode><FeatureReferenceName>M4 height adjustment</FeatureReferenceName><FeatureHighlightRank>7</FeatureHighlightRank></FeatureHighlight><FeatureHighlight><FeatureCode>F400078929</FeatureCode><FeatureReferenceName>LowBlue Mode</FeatureReferenceName><FeatureHighlightRank>8</FeatureHighlightRank></FeatureHighlight><FeatureHighlight><FeatureCode>F400067665</FeatureCode><FeatureReferenceName>Flicker-free technology</FeatureReferenceName><FeatureHighlightRank>9</FeatureHighlightRank></FeatureHighlight><CSChapter><CSChapterCode>3000796</CSChapterCode><CSChapterName>图片/显示</CSChapterName><CSChapterRank>1</CSChapterRank><CSItem><CSItemCode>3006169</CSItemCode><CSItemName>LCD 面板类型</CSItemName><CSItemRank>1</CSItemRank><CSItemIsFreeFormat>0</CSItemIsFreeFormat><CSValue><CSValueCode>VA4015326</CSValueCode><CSValueName>MVA</CSValueName><CSValueRank>1</CSValueRank></CSValue></CSItem><CSItem><CSItemCode>IT4007209</CSItemCode><CSItemName>背光类型</CSItemName><CSItemRank>2</CSItemRank><CSItemIsFreeFormat>1</CSItemIsFreeFormat><CSValue><CSValueCode>VA4018797</CSValueCode><CSValueName>W-LED 系统</CSValueName><CSValueRank>1</CSValueRank></CSValue></CSItem><CSItem><CSItemCode>3006180</CSItemCode><CSItemName>面板尺寸</CSItemName><CSItemRank>3</CSItemRank><CSItemIsFreeFormat>1</CSItemIsFreeFormat><CSValue><CSValueCode>3031218</CSValueCode><CSValueName>31.5 英寸/80 厘米</CSValueName><CSValueRank>1</CSValueRank></CSValue></CSItem><CSItem><CSItemCode>IT4044592</CSItemCode><CSItemName>色域（最小）</CSItemName><CSItemRank>4</CSItemRank><CSItemIsFreeFormat>1</CSItemIsFreeFormat><CSValue><CSValueCode>VA4102434</CSValueCode><CSValueName>BT. 709 覆盖范围：98.3 %*；DCI-P3 覆盖范围：90.9%*</CSValueName><CSValueRank>1</CSValueRank></CSValue></CSItem><CSItem><CSItemCode>IT4034031</CSItemCode><CSItemName>色域（标准）</CSItemName><CSItemRank>5</CSItemRank><CSItemIsFreeFormat>1</CSItemIsFreeFormat><CSValue><CSValueCode>VA4079201</CSValueCode><CSValueName>NTSC 101%*，sRGB 121%*</CSValueName><CSValueRank>1</CSValueRank></CSValue></CSItem><CSItem><CSItemCode>IT4043471</CSItemCode><CSItemName>HDR</CSItemName><CSItemRank>6</CSItemRank><CSItemIsFreeFormat>1</CSItemIsFreeFormat><CSValue><CSValueCode>VA4100179</CSValueCode><CSValueName>DisplayHDR 400 认证</CSValueName><CSValueRank>1</CSValueRank></CSValue></CSItem><CSItem><CSItemCode>3006149</CSItemCode><CSItemName>有效显示区</CSItemName><CSItemRank>7</CSItemRank><CSItemIsFreeFormat>1</CSItemIsFreeFormat><CSValue><CSValueCode>3031161</CSValueCode><CSValueName>697.34（水平）x 392.26（垂直）- 1800R 曲率*</CSValueName><CSValueRank>1</CSValueRank></CSValue></CSItem><CSItem><CSItemCode>3006121</CSItemCode><CSItemName>宽高比</CSItemName><CSItemRank>8</CSItemRank><CSItemIsFreeFormat>0</CSItemIsFreeFormat><CSValue><CSValueCode>3031098</CSValueCode><CSValueName>16:9</CSValueName><CSValueRank>1</CSValueRank></CSValue></CSItem><CSItem><CSItemCode>3006193</CSItemCode><CSItemName>最佳分辨率</CSItemName><CSItemRank>9</CSItemRank><CSItemIsFreeFormat>1</CSItemIsFreeFormat><CSValue><CSValueCode>3031277</CSValueCode><CSValueName>2560 x 1440 @ 144 Hz</CSValueName><CSValueRank>1</CSValueRank></CSValue></CSItem><CSItem><CSItemCode>IT4039893</CSItemCode><CSItemName>响应时间（标准）</CSItemName><CSItemRank>10</CSItemRank><CSItemIsFreeFormat>1</CSItemIsFreeFormat><CSValue><CSValueCode>VA4093235</CSValueCode><CSValueName>4 毫秒（灰阶）*</CSValueName><CSValueRank>1</CSValueRank></CSValue></CSItem><CSItem><CSItemCode>IT4041772</CSItemCode><CSItemName>像素密度</CSItemName><CSItemRank>11</CSItemRank><CSItemIsFreeFormat>1</CSItemIsFreeFormat><CSValue><CSValueCode>VA4096901</CSValueCode><CSValueName>93 PPI</CSValueName><CSValueRank>1</CSValueRank></CSValue></CSItem><CSItem><CSItemCode>3006127</CSItemCode><CSItemName>亮度</CSItemName><CSItemRank>12</CSItemRank><CSItemIsFreeFormat>1</CSItemIsFreeFormat><CSValue><CSValueCode>3031110</CSValueCode><CSValueName>400</CSValueName><CSValueRank>1</CSValueRank></CSValue><UnitOfMeasure><UnitOfMeasureCode>3000038</UnitOfMeasureCode><UnitOfMeasureName>cd/m²</UnitOfMeasureName><UnitOfMeasureSymbol>cd/m²</UnitOfMeasureSymbol></UnitOfMeasure></CSItem><CSItem><CSItemCode>3006133</CSItemCode><CSItemName>对比度（标准）</CSItemName><CSItemRank>13</CSItemRank><CSItemIsFreeFormat>1</CSItemIsFreeFormat><CSValue><CSValueCode>3031116</CSValueCode><CSValueName>3000:1</CSValueName><CSValueRank>1</CSValueRank></CSValue></CSItem><CSItem><CSItemCode>IT4006148</CSItemCode><CSItemName>SmartContrast</CSItemName><CSItemRank>14</CSItemRank><CSItemIsFreeFormat>1</CSItemIsFreeFormat><CSValue><CSValueCode>VA4017351</CSValueCode><CSValueName>50,000,000:1</CSValueName><CSValueRank>1</CSValueRank></CSValue></CSItem><CSItem><CSItemCode>3006186</CSItemCode><CSItemName>像素间距</CSItemName><CSItemRank>15</CSItemRank><CSItemIsFreeFormat>1</CSItemIsFreeFormat><CSValue><CSValueCode>3031270</CSValueCode><CSValueName>0.272 x 0.272 毫米</CSValueName><CSValueRank>1</CSValueRank></CSValue></CSItem><CSItem><CSItemCode>3007518</CSItemCode><CSItemName>视角</CSItemName><CSItemRank>16</CSItemRank><CSItemIsFreeFormat>0</CSItemIsFreeFormat><CSValue><CSValueCode>VA4002901</CSValueCode><CSValueName>178º（水平）/178º（垂直）</CSValueName><CSValueRank>1</CSValueRank></CSValue><CSValue><CSValueCode>3035028</CSValueCode><CSValueName>@ C/R &gt; 10</CSValueName><CSValueRank>2</CSValueRank></CSValue></CSItem><CSItem><CSItemCode>IT4036934</CSItemCode><CSItemName>无闪烁</CSItemName><CSItemRank>17</CSItemRank><CSItemIsFreeFormat>1</CSItemIsFreeFormat><CSValue><CSValueCode>VA4085801</CSValueCode><CSValueName>Y</CSValueName><CSValueRank>1</CSValueRank></CSValue></CSItem><CSItem><CSItemCode>3006183</CSItemCode><CSItemName>画面效果增强</CSItemName><CSItemRank>18</CSItemRank><CSItemIsFreeFormat>0</CSItemIsFreeFormat><CSValue><CSValueCode>VA4058761</CSValueCode><CSValueName>SmartImage 游戏</CSValueName><CSValueRank>1</CSValueRank></CSValue></CSItem><CSItem><CSItemCode>3006143</CSItemCode><CSItemName>显示屏色彩</CSItemName><CSItemRank>19</CSItemRank><CSItemIsFreeFormat>1</CSItemIsFreeFormat><CSValue><CSValueCode>3031126</CSValueCode><CSValueName>16.7 M</CSValueName><CSValueRank>1</CSValueRank></CSValue></CSItem><CSItem><CSItemCode>IT4006149</CSItemCode><CSItemName>扫描频率</CSItemName><CSItemRank>20</CSItemRank><CSItemIsFreeFormat>1</CSItemIsFreeFormat><CSValue><CSValueCode>VA4017352</CSValueCode><CSValueName>30 - 230 千赫（水平）/ 48 - 144 赫兹（垂直）</CSValueName><CSValueRank>1</CSValueRank></CSValue></CSItem><CSItem><CSItemCode>3006207</CSItemCode><CSItemName>sRGB</CSItemName><CSItemRank>21</CSItemRank><CSItemIsFreeFormat>1</CSItemIsFreeFormat><CSValue><CSValueCode>3031306</CSValueCode><CSValueName>Y</CSValueName><CSValueRank>1</CSValueRank></CSValue></CSItem><CSItem><CSItemCode>IT4042826</CSItemCode><CSItemName>LowBlue 模式</CSItemName><CSItemRank>22</CSItemRank><CSItemIsFreeFormat>1</CSItemIsFreeFormat><CSValue><CSValueCode>VA4098941</CSValueCode><CSValueName>Y</CSValueName><CSValueRank>1</CSValueRank></CSValue></CSItem><CSItem><CSItemCode>IT4042884</CSItemCode><CSItemName>自适应同步</CSItemName><CSItemRank>23</CSItemRank><CSItemIsFreeFormat>1</CSItemIsFreeFormat><CSValue><CSValueCode>VA4099058</CSValueCode><CSValueName>Y</CSValueName><CSValueRank>1</CSValueRank></CSValue></CSItem></CSChapter><CSChapter><CSChapterCode>3000813</CSChapterCode><CSChapterName>连接</CSChapterName><CSChapterRank>2</CSChapterRank><CSItem><CSItemCode>3006576</CSItemCode><CSItemName>信号输入</CSItemName><CSItemRank>1</CSItemRank><CSItemIsFreeFormat>0</CSItemIsFreeFormat><CSValue><CSValueCode>3036216</CSValueCode><CSValueName>VGA（模拟）</CSValueName><CSValueRank>1</CSValueRank></CSValue><CSValue><CSValueCode>VA4105023</CSValueCode><CSValueName>DisplayPort 1.4 x 2</CSValueName><CSValueRank>2</CSValueRank></CSValue><CSValue><CSValueCode>VA4089627</CSValueCode><CSValueName>HDMI 1.4 x 1</CSValueName><CSValueRank>3</CSValueRank></CSValue><CSValue><CSValueCode>VA4086355</CSValueCode><CSValueName>HDMI 2.0 x 1</CSValueName><CSValueRank>4</CSValueRank></CSValue></CSItem><CSItem><CSItemCode>3006588</CSItemCode><CSItemName>同步输入</CSItemName><CSItemRank>2</CSItemRank><CSItemIsFreeFormat>0</CSItemIsFreeFormat><CSValue><CSValueCode>3032392</CSValueCode><CSValueName>单独同步</CSValueName><CSValueRank>1</CSValueRank></CSValue><CSValue><CSValueCode>3032393</CSValueCode><CSValueName>同步时呈绿色</CSValueName><CSValueRank>2</CSValueRank></CSValue></CSItem><CSItem><CSItemCode>IT4005621</CSItemCode><CSItemName>音频（输入/输出）</CSItemName><CSItemRank>3</CSItemRank><CSItemIsFreeFormat>0</CSItemIsFreeFormat><CSValue><CSValueCode>VA4025083</CSValueCode><CSValueName>电脑音频输入</CSValueName><CSValueRank>1</CSValueRank></CSValue><CSValue><CSValueCode>VA4025085</CSValueCode><CSValueName>耳机输出</CSValueName><CSValueRank>2</CSValueRank></CSValue></CSItem></CSChapter><CSChapter><CSChapterCode>3000814</CSChapterCode><CSChapterName>便利性</CSChapterName><CSChapterRank>3</CSChapterRank><CSItem><CSItemCode>IT4014853</CSItemCode><CSItemName>内置扬声器</CSItemName><CSItemRank>1</CSItemRank><CSItemIsFreeFormat>1</CSItemIsFreeFormat><CSValue><CSValueCode>VA4028064</CSValueCode><CSValueName>5 W x 2</CSValueName><CSValueRank>1</CSValueRank></CSValue></CSItem><CSItem><CSItemCode>3006633</CSItemCode><CSItemName>方便用户</CSItemName><CSItemRank>2</CSItemRank><CSItemIsFreeFormat>0</CSItemIsFreeFormat><CSValue><CSValueCode>VA4042581</CSValueCode><CSValueName>菜单/确定</CSValueName><CSValueRank>1</CSValueRank></CSValue><CSValue><CSValueCode>VA4090682</CSValueCode><CSValueName>输入/向上</CSValueName><CSValueRank>2</CSValueRank></CSValue><CSValue><CSValueCode>VA4095943</CSValueCode><CSValueName>SmartImage 游戏/返回</CSValueName><CSValueRank>3</CSValueRank></CSValue><CSValue><CSValueCode>VA4095944</CSValueCode><CSValueName>SmartSize/向下</CSValueName><CSValueRank>4</CSValueRank></CSValue><CSValue><CSValueCode>VA4017554</CSValueCode><CSValueName>打开/关闭电源</CSValueName><CSValueRank>5</CSValueRank></CSValue></CSItem><CSItem><CSItemCode>IT4019071</CSItemCode><CSItemName>控制软件</CSItemName><CSItemRank>3</CSItemRank><CSItemIsFreeFormat>0</CSItemIsFreeFormat><CSValue><CSValueCode>VA4085179</CSValueCode><CSValueName>SmartControl</CSValueName><CSValueRank>1</CSValueRank></CSValue></CSItem><CSItem><CSItemCode>3006693</CSItemCode><CSItemName>OSD 语言</CSItemName><CSItemRank>4</CSItemRank><CSItemIsFreeFormat>0</CSItemIsFreeFormat><CSValue><CSValueCode>VA4065363</CSValueCode><CSValueName>巴西葡萄牙语</CSValueName><CSValueRank>1</CSValueRank></CSValue><CSValue><CSValueCode>3034561</CSValueCode><CSValueName>捷克语</CSValueName><CSValueRank>2</CSValueRank></CSValue><CSValue><CSValueCode>3034565</CSValueCode><CSValueName>荷兰语</CSValueName><CSValueRank>3</CSValueRank></CSValue><CSValue><CSValueCode>3032771</CSValueCode><CSValueName>简体中文</CSValueName><CSValueRank>4</CSValueRank></CSValue><CSValue><CSValueCode>VA4063224</CSValueCode><CSValueName>芬兰语</CSValueName><CSValueRank>5</CSValueRank></CSValue><CSValue><CSValueCode>3032772</CSValueCode><CSValueName>法语</CSValueName><CSValueRank>6</CSValueRank></CSValue><CSValue><CSValueCode>3032773</CSValueCode><CSValueName>德语</CSValueName><CSValueRank>7</CSValueRank></CSValue><CSValue><CSValueCode>VA4002508</CSValueCode><CSValueName>希腊语</CSValueName><CSValueRank>8</CSValueRank></CSValue><CSValue><CSValueCode>3034563</CSValueCode><CSValueName>匈牙利语</CSValueName><CSValueRank>9</CSValueRank></CSValue><CSValue><CSValueCode>3032774</CSValueCode><CSValueName>意大利语</CSValueName><CSValueRank>10</CSValueRank></CSValue><CSValue><CSValueCode>3038221</CSValueCode><CSValueName>日语</CSValueName><CSValueRank>11</CSValueRank></CSValue><CSValue><CSValueCode>3039946</CSValueCode><CSValueName>韩语</CSValueName><CSValueRank>12</CSValueRank></CSValue><CSValue><CSValueCode>3034564</CSValueCode><CSValueName>波兰语</CSValueName><CSValueRank>13</CSValueRank></CSValue><CSValue><CSValueCode>3032775</CSValueCode><CSValueName>葡萄牙语</CSValueName><CSValueRank>14</CSValueRank></CSValue><CSValue><CSValueCode>3032776</CSValueCode><CSValueName>俄语</CSValueName><CSValueRank>15</CSValueRank></CSValue><CSValue><CSValueCode>3034114</CSValueCode><CSValueName>简体中文</CSValueName><CSValueRank>16</CSValueRank></CSValue><CSValue><CSValueCode>3032777</CSValueCode><CSValueName>西班牙语</CSValueName><CSValueRank>17</CSValueRank></CSValue><CSValue><CSValueCode>3034562</CSValueCode><CSValueName>瑞典语</CSValueName><CSValueRank>18</CSValueRank></CSValue><CSValue><CSValueCode>3034115</CSValueCode><CSValueName>繁体中文</CSValueName><CSValueRank>19</CSValueRank></CSValue><CSValue><CSValueCode>3035749</CSValueCode><CSValueName>土耳其语</CSValueName><CSValueRank>20</CSValueRank></CSValue><CSValue><CSValueCode>VA4065364</CSValueCode><CSValueName>乌克兰语</CSValueName><CSValueRank>21</CSValueRank></CSValue></CSItem><CSItem><CSItemCode>3006694</CSItemCode><CSItemName>其它便利性</CSItemName><CSItemRank>5</CSItemRank><CSItemIsFreeFormat>0</CSItemIsFreeFormat><CSValue><CSValueCode>VA4098920</CSValueCode><CSValueName>Ambiglow</CSValueName><CSValueRank>1</CSValueRank></CSValue><CSValue><CSValueCode>3032778</CSValueCode><CSValueName>Kensington 锁</CSValueName><CSValueRank>2</CSValueRank></CSValue><CSValue><CSValueCode>VA4016754</CSValueCode><CSValueName>VESA 安装架（100 x 100 毫米）</CSValueName><CSValueRank>3</CSValueRank></CSValue></CSItem><CSItem><CSItemCode>3006699</CSItemCode><CSItemName>即插即用兼容性</CSItemName><CSItemRank>6</CSItemRank><CSItemIsFreeFormat>0</CSItemIsFreeFormat><CSValue><CSValueCode>3043209</CSValueCode><CSValueName>DDC/CI</CSValueName><CSValueRank>1</CSValueRank></CSValue><CSValue><CSValueCode>3046249</CSValueCode><CSValueName>Mac OS X</CSValueName><CSValueRank>2</CSValueRank></CSValue><CSValue><CSValueCode>3032788</CSValueCode><CSValueName>sRGB</CSValueName><CSValueRank>3</CSValueRank></CSValue><CSValue><CSValueCode>VA4091311</CSValueCode><CSValueName>Windows 10 / 8.1 / 8 / 7</CSValueName><CSValueRank>4</CSValueRank></CSValue></CSItem></CSChapter><CSChapter><CSChapterCode>CH4000824</CSChapterCode><CSChapterName>底座</CSChapterName><CSChapterRank>4</CSChapterRank><CSItem><CSItemCode>IT4004951</CSItemCode><CSItemName>高度调节</CSItemName><CSItemRank>1</CSItemRank><CSItemIsFreeFormat>1</CSItemIsFreeFormat><CSValue><CSValueCode>VA4015656</CSValueCode><CSValueName>130</CSValueName><CSValueRank>1</CSValueRank></CSValue><UnitOfMeasure><UnitOfMeasureCode>3000058</UnitOfMeasureCode><UnitOfMeasureName>毫米</UnitOfMeasureName><UnitOfMeasureSymbol>毫米</UnitOfMeasureSymbol></UnitOfMeasure></CSItem><CSItem><CSItemCode>IT4004954</CSItemCode><CSItemName>倾斜</CSItemName><CSItemRank>2</CSItemRank><CSItemIsFreeFormat>1</CSItemIsFreeFormat><CSValue><CSValueCode>VA4015659</CSValueCode><CSValueName>-5/20</CSValueName><CSValueRank>1</CSValueRank></CSValue><UnitOfMeasure><UnitOfMeasureCode>3000042</UnitOfMeasureCode><UnitOfMeasureName>度</UnitOfMeasureName><UnitOfMeasureSymbol>度</UnitOfMeasureSymbol></UnitOfMeasure></CSItem></CSChapter><CSChapter><CSChapterCode>3000821</CSChapterCode><CSChapterName>功率</CSChapterName><CSChapterRank>5</CSChapterRank><CSItem><CSItemCode>IT4005861</CSItemCode><CSItemName>开启模式</CSItemName><CSItemRank>1</CSItemRank><CSItemIsFreeFormat>1</CSItemIsFreeFormat><CSValue><CSValueCode>VA4017025</CSValueCode><CSValueName>61 瓦（标准）</CSValueName><CSValueRank>1</CSValueRank></CSValue></CSItem><CSItem><CSItemCode>IT4006150</CSItemCode><CSItemName>待机模式</CSItemName><CSItemRank>2</CSItemRank><CSItemIsFreeFormat>1</CSItemIsFreeFormat><CSValue><CSValueCode>VA4017360</CSValueCode><CSValueName>0.5 瓦（标准）</CSValueName><CSValueRank>1</CSValueRank></CSValue></CSItem><CSItem><CSItemCode>IT4006081</CSItemCode><CSItemName>关闭模式</CSItemName><CSItemRank>3</CSItemRank><CSItemIsFreeFormat>1</CSItemIsFreeFormat><CSValue><CSValueCode>VA4017285</CSValueCode><CSValueName>0.3 瓦（标准）</CSValueName><CSValueRank>1</CSValueRank></CSValue></CSItem><CSItem><CSItemCode>3006931</CSItemCode><CSItemName>电源 LED 指示灯</CSItemName><CSItemRank>4</CSItemRank><CSItemIsFreeFormat>0</CSItemIsFreeFormat><CSValue><CSValueCode>VA4015465</CSValueCode><CSValueName>工作 - 白色</CSValueName><CSValueRank>1</CSValueRank></CSValue><CSValue><CSValueCode>VA4017406</CSValueCode><CSValueName>待机模式 - 白色（闪烁）</CSValueName><CSValueRank>2</CSValueRank></CSValue></CSItem><CSItem><CSItemCode>3006932</CSItemCode><CSItemName>电源</CSItemName><CSItemRank>5</CSItemRank><CSItemIsFreeFormat>0</CSItemIsFreeFormat><CSValue><CSValueCode>3033322</CSValueCode><CSValueName>外部</CSValueName><CSValueRank>1</CSValueRank></CSValue><CSValue><CSValueCode>VA4050622</CSValueCode><CSValueName>100-240 伏交流，50-60 赫兹</CSValueName><CSValueRank>2</CSValueRank></CSValue></CSItem></CSChapter><CSChapter><CSChapterCode>3000820</CSChapterCode><CSChapterName>尺寸</CSChapterName><CSChapterRank>6</CSChapterRank><CSItem><CSItemCode>IT4027351</CSItemCode><CSItemName>带支座的产品（最大高度）</CSItemName><CSItemRank>1</CSItemRank><CSItemIsFreeFormat>1</CSItemIsFreeFormat><CSValue><CSValueCode>VA4064381</CSValueCode><CSValueName>713 x 606 x 286</CSValueName><CSValueRank>1</CSValueRank></CSValue><UnitOfMeasure><UnitOfMeasureCode>3000058</UnitOfMeasureCode><UnitOfMeasureName>毫米</UnitOfMeasureName><UnitOfMeasureSymbol>毫米</UnitOfMeasureSymbol></UnitOfMeasure></CSItem><CSItem><CSItemCode>IT4005765</CSItemCode><CSItemName>不带支座的产品（毫米）</CSItemName><CSItemRank>2</CSItemRank><CSItemIsFreeFormat>1</CSItemIsFreeFormat><CSValue><CSValueCode>VA4016931</CSValueCode><CSValueName>713 x 427 x 52</CSValueName><CSValueRank>1</CSValueRank></CSValue><UnitOfMeasure><UnitOfMeasureCode>3000058</UnitOfMeasureCode><UnitOfMeasureName>毫米</UnitOfMeasureName><UnitOfMeasureSymbol>毫米</UnitOfMeasureSymbol></UnitOfMeasure></CSItem><CSItem><CSItemCode>IT4005766</CSItemCode><CSItemName>包装（宽x高x厚）（毫米）</CSItemName><CSItemRank>3</CSItemRank><CSItemIsFreeFormat>1</CSItemIsFreeFormat><CSValue><CSValueCode>VA4016932</CSValueCode><CSValueName>831 x 607 x 396</CSValueName><CSValueRank>1</CSValueRank></CSValue><UnitOfMeasure><UnitOfMeasureCode>3000058</UnitOfMeasureCode><UnitOfMeasureName>毫米</UnitOfMeasureName><UnitOfMeasureSymbol>毫米</UnitOfMeasureSymbol></UnitOfMeasure></CSItem></CSChapter><CSChapter><CSChapterCode>CH4000702</CSChapterCode><CSChapterName>重量</CSChapterName><CSChapterRank>7</CSChapterRank><CSItem><CSItemCode>IT4005770</CSItemCode><CSItemName>带支座的产品（千克）</CSItemName><CSItemRank>1</CSItemRank><CSItemIsFreeFormat>1</CSItemIsFreeFormat><CSValue><CSValueCode>VA4016936</CSValueCode><CSValueName>7.87</CSValueName><CSValueRank>1</CSValueRank></CSValue><UnitOfMeasure><UnitOfMeasureCode>3000049</UnitOfMeasureCode><UnitOfMeasureName>千克</UnitOfMeasureName><UnitOfMeasureSymbol>千克</UnitOfMeasureSymbol></UnitOfMeasure></CSItem><CSItem><CSItemCode>IT4005771</CSItemCode><CSItemName>不带支座的产品（千克）</CSItemName><CSItemRank>2</CSItemRank><CSItemIsFreeFormat>1</CSItemIsFreeFormat><CSValue><CSValueCode>VA4016937</CSValueCode><CSValueName>6.11</CSValueName><CSValueRank>1</CSValueRank></CSValue><UnitOfMeasure><UnitOfMeasureCode>3000049</UnitOfMeasureCode><UnitOfMeasureName>千克</UnitOfMeasureName><UnitOfMeasureSymbol>千克</UnitOfMeasureSymbol></UnitOfMeasure></CSItem><CSItem><CSItemCode>IT4005772</CSItemCode><CSItemName>带包装的产品（千克）</CSItemName><CSItemRank>3</CSItemRank><CSItemIsFreeFormat>1</CSItemIsFreeFormat><CSValue><CSValueCode>VA4016938</CSValueCode><CSValueName>12.16</CSValueName><CSValueRank>1</CSValueRank></CSValue><UnitOfMeasure><UnitOfMeasureCode>3000049</UnitOfMeasureCode><UnitOfMeasureName>千克</UnitOfMeasureName><UnitOfMeasureSymbol>千克</UnitOfMeasureSymbol></UnitOfMeasure></CSItem></CSChapter><CSChapter><CSChapterCode>CH4000823</CSChapterCode><CSChapterName>使用条件</CSChapterName><CSChapterRank>8</CSChapterRank><CSItem><CSItemCode>IT4004946</CSItemCode><CSItemName>温度范围（工作）</CSItemName><CSItemRank>1</CSItemRank><CSItemIsFreeFormat>1</CSItemIsFreeFormat><CSValue><CSValueCode>VA4015651</CSValueCode><CSValueName>0 至 40</CSValueName><CSValueRank>1</CSValueRank></CSValue><UnitOfMeasure><UnitOfMeasureCode>3000081</UnitOfMeasureCode><UnitOfMeasureName>摄氏度</UnitOfMeasureName><UnitOfMeasureSymbol>°C</UnitOfMeasureSymbol></UnitOfMeasure></CSItem><CSItem><CSItemCode>IT4004947</CSItemCode><CSItemName>温度范围（存储）</CSItemName><CSItemRank>2</CSItemRank><CSItemIsFreeFormat>1</CSItemIsFreeFormat><CSValue><CSValueCode>VA4015652</CSValueCode><CSValueName>-20 至 60</CSValueName><CSValueRank>1</CSValueRank></CSValue><UnitOfMeasure><UnitOfMeasureCode>3000081</UnitOfMeasureCode><UnitOfMeasureName>摄氏度</UnitOfMeasureName><UnitOfMeasureSymbol>°C</UnitOfMeasureSymbol></UnitOfMeasure></CSItem><CSItem><CSItemCode>IT4004948</CSItemCode><CSItemName>相对湿度</CSItemName><CSItemRank>3</CSItemRank><CSItemIsFreeFormat>1</CSItemIsFreeFormat><CSValue><CSValueCode>VA4015653</CSValueCode><CSValueName>20%-80</CSValueName><CSValueRank>1</CSValueRank></CSValue><UnitOfMeasure><UnitOfMeasureCode>3000065</UnitOfMeasureCode><UnitOfMeasureName>百分比</UnitOfMeasureName><UnitOfMeasureSymbol>%</UnitOfMeasureSymbol></UnitOfMeasure></CSItem><CSItem><CSItemCode>IT4023612</CSItemCode><CSItemName>海拔</CSItemName><CSItemRank>4</CSItemRank><CSItemIsFreeFormat>1</CSItemIsFreeFormat><CSValue><CSValueCode>VA4054761</CSValueCode><CSValueName>工作：+12,000 英尺（3,658 米），非工作：+40,000 英尺（12,192 米）</CSValueName><CSValueRank>1</CSValueRank></CSValue></CSItem><CSItem><CSItemCode>IT4004949</CSItemCode><CSItemName>MTBF</CSItemName><CSItemRank>5</CSItemRank><CSItemIsFreeFormat>1</CSItemIsFreeFormat><CSValue><CSValueCode>VA4015654</CSValueCode><CSValueName>50000 小时（不包括背光）</CSValueName><CSValueRank>1</CSValueRank></CSValue><UnitOfMeasure><UnitOfMeasureCode>4000007</UnitOfMeasureCode><UnitOfMeasureName>-小时</UnitOfMeasureName><UnitOfMeasureSymbol>小时</UnitOfMeasureSymbol></UnitOfMeasure></CSItem></CSChapter><CSChapter><CSChapterCode>CH4000822</CSChapterCode><CSChapterName>可持续发展</CSChapterName><CSChapterRank>9</CSChapterRank><CSItem><CSItemCode>IT4004941</CSItemCode><CSItemName>环境和能源</CSItemName><CSItemRank>1</CSItemRank><CSItemIsFreeFormat>0</CSItemIsFreeFormat><CSValue><CSValueCode>VA4015645</CSValueCode><CSValueName>RoHS</CSValueName><CSValueRank>1</CSValueRank></CSValue><CSValue><CSValueCode>VA4033721</CSValueCode><CSValueName>无铅</CSValueName><CSValueRank>2</CSValueRank></CSValue><CSValue><CSValueCode>VA4033722</CSValueCode><CSValueName>不含汞</CSValueName><CSValueRank>3</CSValueRank></CSValue><CSValue><CSValueCode>VA4017527</CSValueCode><CSValueName>WEEE</CSValueName><CSValueRank>4</CSValueRank></CSValue></CSItem><CSItem><CSItemCode>IT4004944</CSItemCode><CSItemName>可回收包装材料</CSItemName><CSItemRank>2</CSItemRank><CSItemIsFreeFormat>1</CSItemIsFreeFormat><CSValue><CSValueCode>VA4015649</CSValueCode><CSValueName>100</CSValueName><CSValueRank>1</CSValueRank></CSValue><UnitOfMeasure><UnitOfMeasureCode>3000065</UnitOfMeasureCode><UnitOfMeasureName>百分比</UnitOfMeasureName><UnitOfMeasureSymbol>%</UnitOfMeasureSymbol></UnitOfMeasure></CSItem></CSChapter><CSChapter><CSChapterCode>CH4001161</CSChapterCode><CSChapterName>合规性和标准</CSChapterName><CSChapterRank>10</CSChapterRank><CSItem><CSItemCode>IT4006152</CSItemCode><CSItemName>审批机构</CSItemName><CSItemRank>1</CSItemRank><CSItemIsFreeFormat>0</CSItemIsFreeFormat><CSValue><CSValueCode>VA4017361</CSValueCode><CSValueName>CE 标记</CSValueName><CSValueRank>1</CSValueRank></CSValue><CSValue><CSValueCode>VA4027482</CSValueCode><CSValueName>FCC B 级</CSValueName><CSValueRank>2</CSValueRank></CSValue><CSValue><CSValueCode>VA4083906</CSValueCode><CSValueName>CU-EAC</CSValueName><CSValueRank>3</CSValueRank></CSValue><CSValue><CSValueCode>VA4090213</CSValueCode><CSValueName>RCM</CSValueName><CSValueRank>4</CSValueRank></CSValue><CSValue><CSValueCode>VA4017364</CSValueCode><CSValueName>CCC</CSValueName><CSValueRank>5</CSValueRank></CSValue></CSItem></CSChapter><CSChapter><CSChapterCode>CH4000825</CSChapterCode><CSChapterName>机壳</CSChapterName><CSChapterRank>11</CSChapterRank><CSItem><CSItemCode>IT4004955</CSItemCode><CSItemName>颜色</CSItemName><CSItemRank>1</CSItemRank><CSItemIsFreeFormat>1</CSItemIsFreeFormat><CSValue><CSValueCode>VA4015660</CSValueCode><CSValueName>黑色</CSValueName><CSValueRank>1</CSValueRank></CSValue></CSItem><CSItem><CSItemCode>IT4004956</CSItemCode><CSItemName>表面</CSItemName><CSItemRank>2</CSItemRank><CSItemIsFreeFormat>1</CSItemIsFreeFormat><CSValue><CSValueCode>VA4015661</CSValueCode><CSValueName>光面/纹理</CSValueName><CSValueRank>1</CSValueRank></CSValue></CSItem></CSChapter><Filters><Purpose type="Comparison"><Features><Feature code="F400082498" rank="1" referenceName="Ambiglow Technology_8M6"/><Feature code="F400071117" rank="2" referenceName="Curved display design for more immersive experience"/><Feature code="F400048758" rank="3" referenceName="Crystalclear Quad HD"/><Feature code="F400078908" rank="4" referenceName="Ultra Wide-Color Technology"/><Feature code="F400082707" rank="5" referenceName="HDR_monitor"/><Feature code="F400053126" rank="6" referenceName="144Hz Gaming"/><Feature code="F400032025" rank="7" referenceName="M4 height adjustment"/><Feature code="F400078929" rank="8" referenceName="LowBlue Mode"/><Feature code="F400067665" rank="9" referenceName="Flicker-free technology"/><Feature code="F400081835" rank="10" referenceName="Crafted with premium materials for a sophisticated look"/></Features><CSItems><CSItem code="3006169" rank="1" referenceName="图片/显示 - LCD 面板类型"/><CSItem code="3006576" rank="1" referenceName="连接 - 信号输入"/><CSItem code="IT4014853" rank="1" referenceName="便利性 - 内置扬声器"/><CSItem code="IT4004951" rank="1" referenceName="底座 - 高度调节"/><CSItem code="IT4005861" rank="1" referenceName="功率 - 开启模式"/><CSItem code="IT4027351" rank="1" referenceName="尺寸 - 带支座的产品（最大高度）"/><CSItem code="IT4005770" rank="1" referenceName="重量 - 带支座的产品（千克）"/><CSItem code="IT4004946" rank="1" referenceName="使用条件 - 温度范围（工作）"/><CSItem code="IT4004941" rank="1" referenceName="可持续发展 - 环境和能源"/><CSItem code="IT4006152" rank="1" referenceName="合规性和标准 - 审批机构"/><CSItem code="IT4004955" rank="1" referenceName="机壳 - 颜色"/><CSItem code="IT4007209" rank="2" referenceName="图片/显示 - 背光类型"/><CSItem code="3006588" rank="2" referenceName="连接 - 同步输入"/><CSItem code="3006633" rank="2" referenceName="便利性 - 方便用户"/><CSItem code="IT4004954" rank="2" referenceName="底座 - 倾斜"/><CSItem code="IT4006150" rank="2" referenceName="功率 - 待机模式"/><CSItem code="IT4005765" rank="2" referenceName="尺寸 - 不带支座的产品（毫米）"/><CSItem code="IT4005771" rank="2" referenceName="重量 - 不带支座的产品（千克）"/><CSItem code="IT4004947" rank="2" referenceName="使用条件 - 温度范围（存储）"/><CSItem code="IT4004944" rank="2" referenceName="可持续发展 - 可回收包装材料"/><CSItem code="IT4004956" rank="2" referenceName="机壳 - 表面"/><CSItem code="3006180" rank="3" referenceName="图片/显示 - 面板尺寸"/><CSItem code="IT4005621" rank="3" referenceName="连接 - 音频（输入/输出）"/><CSItem code="IT4019071" rank="3" referenceName="便利性 - 控制软件"/><CSItem code="IT4006081" rank="3" referenceName="功率 - 关闭模式"/><CSItem code="IT4005766" rank="3" referenceName="尺寸 - 包装（宽x高x厚）（毫米）"/><CSItem code="IT4005772" rank="3" referenceName="重量 - 带包装的产品（千克）"/><CSItem code="IT4004948" rank="3" referenceName="使用条件 - 相对湿度"/><CSItem code="IT4044592" rank="4" referenceName="图片/显示 - 色域（最小）"/><CSItem code="3006693" rank="4" referenceName="便利性 - OSD 语言"/><CSItem code="3006931" rank="4" referenceName="功率 - 电源 LED 指示灯"/><CSItem code="IT4023612" rank="4" referenceName="使用条件 - 海拔"/><CSItem code="IT4034031" rank="5" referenceName="图片/显示 - 色域（标准）"/><CSItem code="3006694" rank="5" referenceName="便利性 - 其它便利性"/><CSItem code="3006932" rank="5" referenceName="功率 - 电源"/><CSItem code="IT4004949" rank="5" referenceName="使用条件 - MTBF"/><CSItem code="IT4043471" rank="6" referenceName="图片/显示 - HDR"/><CSItem code="3006699" rank="6" referenceName="便利性 - 即插即用兼容性"/><CSItem code="3006149" rank="7" referenceName="图片/显示 - 有效显示区"/><CSItem code="3006121" rank="8" referenceName="图片/显示 - 宽高比"/><CSItem code="3006193" rank="9" referenceName="图片/显示 - 最佳分辨率"/><CSItem code="IT4039893" rank="10" referenceName="图片/显示 - 响应时间（标准）"/><CSItem code="IT4041772" rank="11" referenceName="图片/显示 - 像素密度"/><CSItem code="3006127" rank="12" referenceName="图片/显示 - 亮度"/><CSItem code="3006133" rank="13" referenceName="图片/显示 - 对比度（标准）"/><CSItem code="IT4006148" rank="14" referenceName="图片/显示 - SmartContrast"/><CSItem code="3006186" rank="15" referenceName="图片/显示 - 像素间距"/><CSItem code="3007518" rank="16" referenceName="图片/显示 - 视角"/><CSItem code="IT4036934" rank="17" referenceName="图片/显示 - 无闪烁"/><CSItem code="3006183" rank="18" referenceName="图片/显示 - 画面效果增强"/><CSItem code="3006143" rank="19" referenceName="图片/显示 - 显示屏色彩"/><CSItem code="IT4006149" rank="20" referenceName="图片/显示 - 扫描频率"/><CSItem code="3006207" rank="21" referenceName="图片/显示 - sRGB"/><CSItem code="IT4042826" rank="22" referenceName="图片/显示 - LowBlue 模式"/><CSItem code="IT4042884" rank="23" referenceName="图片/显示 - 自适应同步"/></CSItems></Purpose><Purpose type="Detail"><Features><Feature code="F400082498" rank="1" referenceName="Ambiglow Technology_8M6"/><Feature code="F400071117" rank="2" referenceName="Curved display design for more immersive experience"/><Feature code="F400048758" rank="3" referenceName="Crystalclear Quad HD"/><Feature code="F400078908" rank="4" referenceName="Ultra Wide-Color Technology"/><Feature code="F400082707" rank="5" referenceName="HDR_monitor"/><Feature code="F400053126" rank="6" referenceName="144Hz Gaming"/><Feature code="F400032025" rank="7" referenceName="M4 height adjustment"/><Feature code="F400078929" rank="8" referenceName="LowBlue Mode"/><Feature code="F400067665" rank="9" referenceName="Flicker-free technology"/><Feature code="F400081835" rank="10" referenceName="Crafted with premium materials for a sophisticated look"/></Features><CSItems><CSItem code="3006169" rank="1" referenceName="图片/显示 - LCD 面板类型"/><CSItem code="3006576" rank="1" referenceName="连接 - 信号输入"/><CSItem code="IT4014853" rank="1" referenceName="便利性 - 内置扬声器"/><CSItem code="IT4004951" rank="1" referenceName="底座 - 高度调节"/><CSItem code="IT4005861" rank="1" referenceName="功率 - 开启模式"/><CSItem code="IT4027351" rank="1" referenceName="尺寸 - 带支座的产品（最大高度）"/><CSItem code="IT4005770" rank="1" referenceName="重量 - 带支座的产品（千克）"/><CSItem code="IT4004946" rank="1" referenceName="使用条件 - 温度范围（工作）"/><CSItem code="IT4004941" rank="1" referenceName="可持续发展 - 环境和能源"/><CSItem code="IT4006152" rank="1" referenceName="合规性和标准 - 审批机构"/><CSItem code="IT4004955" rank="1" referenceName="机壳 - 颜色"/><CSItem code="IT4007209" rank="2" referenceName="图片/显示 - 背光类型"/><CSItem code="3006588" rank="2" referenceName="连接 - 同步输入"/><CSItem code="3006633" rank="2" referenceName="便利性 - 方便用户"/><CSItem code="IT4004954" rank="2" referenceName="底座 - 倾斜"/><CSItem code="IT4006150" rank="2" referenceName="功率 - 待机模式"/><CSItem code="IT4005765" rank="2" referenceName="尺寸 - 不带支座的产品（毫米）"/><CSItem code="IT4005771" rank="2" referenceName="重量 - 不带支座的产品（千克）"/><CSItem code="IT4004947" rank="2" referenceName="使用条件 - 温度范围（存储）"/><CSItem code="IT4004944" rank="2" referenceName="可持续发展 - 可回收包装材料"/><CSItem code="IT4004956" rank="2" referenceName="机壳 - 表面"/><CSItem code="3006180" rank="3" referenceName="图片/显示 - 面板尺寸"/><CSItem code="IT4005621" rank="3" referenceName="连接 - 音频（输入/输出）"/><CSItem code="IT4019071" rank="3" referenceName="便利性 - 控制软件"/><CSItem code="IT4006081" rank="3" referenceName="功率 - 关闭模式"/><CSItem code="IT4005766" rank="3" referenceName="尺寸 - 包装（宽x高x厚）（毫米）"/><CSItem code="IT4005772" rank="3" referenceName="重量 - 带包装的产品（千克）"/><CSItem code="IT4004948" rank="3" referenceName="使用条件 - 相对湿度"/><CSItem code="IT4044592" rank="4" referenceName="图片/显示 - 色域（最小）"/><CSItem code="3006693" rank="4" referenceName="便利性 - OSD 语言"/><CSItem code="3006931" rank="4" referenceName="功率 - 电源 LED 指示灯"/><CSItem code="IT4023612" rank="4" referenceName="使用条件 - 海拔"/><CSItem code="IT4034031" rank="5" referenceName="图片/显示 - 色域（标准）"/><CSItem code="3006694" rank="5" referenceName="便利性 - 其它便利性"/><CSItem code="3006932" rank="5" referenceName="功率 - 电源"/><CSItem code="IT4004949" rank="5" referenceName="使用条件 - MTBF"/><CSItem code="IT4043471" rank="6" referenceName="图片/显示 - HDR"/><CSItem code="3006699" rank="6" referenceName="便利性 - 即插即用兼容性"/><CSItem code="3006149" rank="7" referenceName="图片/显示 - 有效显示区"/><CSItem code="3006121" rank="8" referenceName="图片/显示 - 宽高比"/><CSItem code="3006193" rank="9" referenceName="图片/显示 - 最佳分辨率"/><CSItem code="IT4039893" rank="10" referenceName="图片/显示 - 响应时间（标准）"/><CSItem code="IT4041772" rank="11" referenceName="图片/显示 - 像素密度"/><CSItem code="3006127" rank="12" referenceName="图片/显示 - 亮度"/><CSItem code="3006133" rank="13" referenceName="图片/显示 - 对比度（标准）"/><CSItem code="IT4006148" rank="14" referenceName="图片/显示 - SmartContrast"/><CSItem code="3006186" rank="15" referenceName="图片/显示 - 像素间距"/><CSItem code="3007518" rank="16" referenceName="图片/显示 - 视角"/><CSItem code="IT4036934" rank="17" referenceName="图片/显示 - 无闪烁"/><CSItem code="3006183" rank="18" referenceName="图片/显示 - 画面效果增强"/><CSItem code="3006143" rank="19" referenceName="图片/显示 - 显示屏色彩"/><CSItem code="IT4006149" rank="20" referenceName="图片/显示 - 扫描频率"/><CSItem code="3006207" rank="21" referenceName="图片/显示 - sRGB"/><CSItem code="IT4042826" rank="22" referenceName="图片/显示 - LowBlue 模式"/><CSItem code="IT4042884" rank="23" referenceName="图片/显示 - 自适应同步"/></CSItems></Purpose></Filters><FeatureCompareGroups/><Disclaimers><Disclaimer code="DIS40011389" rank="1" referenceName="144Hz - HDMI_DP"><DisclaimerText>这款飞利浦显示器通过 HDMI 2.0 和 DisplayPort 接口能够获得高达 144 赫兹的刷新率。请确保您的显卡具有 144 赫兹刷新率并更新为最新的驱动程序。</DisclaimerText><DisclaimElements/></Disclaimer><Disclaimer code="DIS40004882" rank="2" referenceName="144Hz II"><DisclaimerText>有关 144 赫兹性能的任何问题，请直接联系您的显卡供应商。</DisclaimerText><DisclaimElements/></Disclaimer><Disclaimer code="DIS40009223" rank="3" referenceName="Curved_Radius of the arc of the display curvature in mm"><DisclaimerText>显示屏的圆弧半径以毫米为单位</DisclaimerText><DisclaimElements/></Disclaimer><Disclaimer code="DIS40009731" rank="4" referenceName="Response time value equal to SmartResponse"><DisclaimerText>响应时间值相当于 SmartResponse</DisclaimerText><DisclaimElements/></Disclaimer><Disclaimer code="DIS40011416" rank="5" referenceName="NTSC Area based on CIE1976"><DisclaimerText>NTSC 色域基于 CIE1976</DisclaimerText><DisclaimElements/></Disclaimer><Disclaimer code="DIS40011417" rank="6" referenceName="sRGB Area based on CIE 1931"><DisclaimerText>sRGB 色域基于 CIE 1931</DisclaimerText><DisclaimElements/></Disclaimer><Disclaimer code="DIS40011928" rank="7" referenceName="The monitor may look different from feature images."><DisclaimerText>显示器可能看上去不同于特征图像。</DisclaimerText><DisclaimElements/></Disclaimer></Disclaimers><RichTexts/></Product></Products>