<?xml version="1.0" encoding="UTF-8"?><Products xmlns:source="http://apache.org/cocoon/source/1.0" DocStatus="approved" DocTimeStamp="2018-10-27T23:32:08"><Product Country="CN" IsAccessory="false" IsMaster="false" Locale="zh_CN" lastModified="2018-10-17T04:37:35" masterLastModified="2018-08-29T00:33:13"><CTN>55OLED803/T3</CTN><Code12NC>867000156812</Code12NC><GTIN>6959033856297</GTIN><MarketingVersion>4.1.6</MarketingVersion><MarketingStatus>Final Published</MarketingStatus><CRDate>2018-09-14</CRDate><CRDateYW>201837</CRDateYW><ModelYears><ModelYear>2018</ModelYear><ModelYear>2019</ModelYear></ModelYears><ProductDivision><ProductDivisionCode>0200</ProductDivisionCode><ProductDivisionName>Consumer Lifestyle</ProductDivisionName><FormerPDCode>3400</FormerPDCode></ProductDivision><ProductOwner>Ryan Ming Lin</ProductOwner><DTN>55OLED803/T3</DTN><Catalog><StartOfPublication>2018-10-14T00:00:00</StartOfPublication><EndOfPublication>2020-01-14T00:00:00</EndOfPublication><StartOfSales>2018-10-14T00:00:00</StartOfSales><EndOfSales>2020-01-14T00:00:00</EndOfSales><DummyPrice/><Deleted>false</Deleted><DeleteAfterDate/><ProductRank>50</ProductRank></Catalog><FinancialCategorization><BusinessGroupCode>6918</BusinessGroupCode><BusinessGroupName>TV</BusinessGroupName><BusinessUnitCode>0680</BusinessUnitCode><BusinessUnitName>TV</BusinessUnitName><MainArticleGroupCode>C78</MainArticleGroupCode><MainArticleGroupName>Philips LCD - XL Screen &gt;=55 =&lt;59i</MainArticleGroupName><ArticleGroupCode>3992</ArticleGroupCode><ArticleGroupName>Philips LCD - XL Screen &gt;=55 =&lt;59i</ArticleGroupName></FinancialCategorization><Categorization type="CONSUMER"><GroupCode>SOUND_AND_VISION_GR</GroupCode><GroupName>Sound &amp; vision</GroupName><CategoryCode>TV_CA</CategoryCode><CategoryName>TV</CategoryName><SubcategoryCode>AMBLIGHT_SU</SubcategoryCode><SubcategoryName>Ambilight</SubcategoryName></Categorization><Assets><Asset code="55OLED803_T3" description="User manual" extension="pdf" lastModified="2018-07-30" locale="zh_CN" number="001" type="DFU">http://download.p4c.philips.com/files/5/55oled803_t3/55oled803_t3_dfu_zhs.pdf</Asset><Asset code="55OLED803_T3" description="Leaflet" extension="pdf" lastModified="2018-09-07" locale="zh_CN" number="001" type="PSS">http://download.p4c.philips.com/files/5/55oled803_t3/55oled803_t3_pss_zhscn.pdf</Asset><Asset code="55OLED803_T3" description="Retail Trade Leaflet" extension="pdf" lastModified="2018-10-15" locale="zh_CN" number="001" type="RTL">http://download.p4c.philips.com/files/5/55oled803_t3/55oled803_t3_rtl_zhscn.pdf</Asset><Asset code="55OLED803_T3" description="Front product photograph - highres 2196x1795" extension="tif" lastModified="2018-07-30" locale="global" number="001" type="_FP">http://images.philips.com/is/image/PhilipsConsumer/55OLED803_T3-_FP-global-001</Asset><Asset code="55OLED803_T3" description="Connector side drawing - highres 2362x1181" extension="tif" lastModified="2018-08-28" locale="global" number="001" type="COP">http://images.philips.com/is/image/PhilipsConsumer/55OLED803_T3-COP-global-001</Asset><Asset code="55OLED803_T3" description="Leaflet" extension="pdf" lastModified="2018-08-31" locale="global" number="001" type="PSS">http://download.p4c.philips.com/files/5/55oled803_t3/55oled803_t3_pss_.pdf</Asset><Asset code="55OLED803_T3" description="Remote control photograph - highres 1772x2953" extension="tif" lastModified="2018-07-19" locale="global" number="001" type="RCP">http://images.philips.com/is/image/PhilipsConsumer/55OLED803_T3-RCP-global-001</Asset><Asset code="55OLED803_T3" description="Standard product photograph - highres 2196x1795" extension="tif" lastModified="2018-07-30" locale="global" number="001" type="RTP">http://images.philips.com/is/image/PhilipsConsumer/55OLED803_T3-RTP-global-001</Asset><Asset code="55OLED803_T3" description="Single product shot" extension="" lastModified="2018-10-17" locale="zh_CN" number="" type="IMS">http://images.philips.com/is/image/PhilipsConsumer/55OLED803_T3-IMS-zh_CN</Asset><Asset code="55OLED803_T3" description="Product gallery image set" extension="" lastModified="2018-10-17" locale="zh_CN" number="" type="GAL">http://images.philips.com/is/image/PhilipsConsumer/55OLED803_T3-GAL-zh_CN</Asset><Asset code="55OLED803_T3" description="Product URL" extension="" lastModified="2018-10-17" locale="zh_CN" number="" type="URL">http://www.philips.com.cn/c-p/55OLED803_T3/oled-8-series-4k-ultra-slim-smart-led-tv-with-ambilight-3-sided-and-perfect-pixel-ultra-hd</Asset><Asset code="F400063365" description="Feature photograph - highres 2100x1170" extension="tif" lastModified="2015-04-08" locale="global" number="001" type="FIL">http://images.philips.com/is/image/PhilipsConsumer/F400063365-FIL-global-001</Asset><Asset code="F400063365" description="Feature logo - highres 331x213" extension="tif" lastModified="2014-03-20" locale="global" number="001" type="FLP">http://images.philips.com/is/image/PhilipsConsumer/F400063365-FLP-global-001</Asset><Asset code="F400063365" description="Feature movie activation image big - 640 x 360" extension="jpg" lastModified="2014-07-04" locale="global" number="001" type="FMB">http://images.philips.com/is/image/PhilipsConsumer/F400063365-FMB-global-001</Asset><Asset code="F400076565" description="Feature logo - highres 331x213" extension="tif" lastModified="2016-01-27" locale="global" number="001" type="FLP">http://images.philips.com/is/image/PhilipsConsumer/F400076565-FLP-global-001</Asset><Asset code="F400076576" description="Feature photograph - highres 2100x1170" extension="tif" lastModified="2016-08-09" locale="global" number="001" type="FIL">http://images.philips.com/is/image/PhilipsConsumer/F400076576-FIL-global-001</Asset><Asset code="F400076576" description="Feature logo - highres 331x213" extension="tif" lastModified="2016-01-27" locale="global" number="001" type="FLP">http://images.philips.com/is/image/PhilipsConsumer/F400076576-FLP-global-001</Asset><Asset code="F400076576" description="Feature movie activation image big - 640 x 360" extension="jpg" lastModified="2016-08-16" locale="global" number="001" type="FMB">http://images.philips.com/is/image/PhilipsConsumer/F400076576-FMB-global-001</Asset><Asset code="F400076586" description="Feature photograph - highres 2100x1170" extension="tif" lastModified="2016-08-09" locale="global" number="001" type="FIL">http://images.philips.com/is/image/PhilipsConsumer/F400076586-FIL-global-001</Asset><Asset code="F400076586" description="Feature logo - highres 331x213" extension="tif" lastModified="2016-01-27" locale="global" number="001" type="FLP">http://images.philips.com/is/image/PhilipsConsumer/F400076586-FLP-global-001</Asset><Asset code="F400078751" description="Feature photograph - highres 2100x1170" extension="tif" lastModified="2018-04-25" locale="global" number="001" type="FIL">http://images.philips.com/is/image/PhilipsConsumer/F400078751-FIL-global-001</Asset><Asset code="F400078751" description="Feature logo - highres 331x213" extension="tif" lastModified="2016-05-12" locale="global" number="001" type="FLP">http://images.philips.com/is/image/PhilipsConsumer/F400078751-FLP-global-001</Asset><Asset code="F400078991" description="Feature photograph - highres 2100x1170" extension="tif" lastModified="2018-04-25" locale="global" number="001" type="FIL">http://images.philips.com/is/image/PhilipsConsumer/F400078991-FIL-global-001</Asset><Asset code="F400078991" description="Feature logo - highres 331x213" extension="tif" lastModified="2016-08-24" locale="global" number="001" type="FLP">http://images.philips.com/is/image/PhilipsConsumer/F400078991-FLP-global-001</Asset><Asset code="F400082159" description="Feature photograph - highres 2100x1170" extension="tif" lastModified="2018-04-25" locale="global" number="001" type="FIL">http://images.philips.com/is/image/PhilipsConsumer/F400082159-FIL-global-001</Asset><Asset code="F400082159" description="Feature logo - highres 331x213" extension="tif" lastModified="2017-10-24" locale="global" number="001" type="FLP">http://images.philips.com/is/image/PhilipsConsumer/F400082159-FLP-global-001</Asset><Asset code="F400083529" description="Feature logo - highres 331x213" extension="tif" lastModified="2017-06-19" locale="global" number="001" type="FLP">http://images.philips.com/is/image/PhilipsConsumer/F400083529-FLP-global-001</Asset><Asset code="F400084602" description="Feature logo - highres 331x213" extension="tif" lastModified="2017-09-28" locale="global" number="001" type="FLP">http://images.philips.com/is/image/PhilipsConsumer/F400084602-FLP-global-001</Asset><Asset code="PHI" description="Brand logo - highres 1476x886" extension="tif" lastModified="2016-02-18" locale="global" number="001" type="BRP">http://images.philips.com/is/image/PhilipsConsumer/PHI-BRP-global-001</Asset></Assets><ProductName>139 厘米（55 英寸）4K 超薄智能 LED 电视</ProductName><FullProductName>飞利浦 OLED 8 series 4K 超薄智能 LED 电视 55OLED803 139 厘米（55 英寸）4K 超高清 OLED 电视 DTMB 三侧流光溢彩和 Perfect Pixel Ultra HD 技术</FullProductName><NamingString><MasterBrand><BrandCode>PHI</BrandCode><BrandName>Philips</BrandName></MasterBrand><BrandString>飞利浦</BrandString><Concept><ConceptCode>SB40009214</ConceptCode><ConceptName>OLED 8 series</ConceptName><ConceptNameUsed>1</ConceptNameUsed></Concept><Descriptor><DescriptorCode>D4027263</DescriptorCode><DescriptorName>4K 超薄智能 LED 电视</DescriptorName></Descriptor><Alphanumeric>55OLED803</Alphanumeric><VersionElement1><VersionElementCode>V4034847</VersionElementCode><VersionElementName>139 厘米（55 英寸）</VersionElementName></VersionElement1><VersionElement2><VersionElementCode>V4042721</VersionElementCode><VersionElementName>4K 超高清 OLED 电视</VersionElementName></VersionElement2><VersionElement3><VersionElementCode>V4034863</VersionElementCode><VersionElementName>DTMB</VersionElementName></VersionElement3><VersionString>139 厘米（55 英寸）4K 超高清 OLED 电视 DTMB</VersionString><BrandedFeatureCode1>F400082159</BrandedFeatureCode1><BrandedFeatureCode2>F400076586</BrandedFeatureCode2><BrandedFeatureString>三侧流光溢彩和 Perfect Pixel Ultra HD 技术</BrandedFeatureString><DescriptorBrandedFeatureString>4K 超薄智能 LED 电视采用三侧流光溢彩和 Perfect Pixel Ultra HD 技术</DescriptorBrandedFeatureString></NamingString><WOW>4K 超薄 OLED 智能电视</WOW><SubWOW>三侧流光溢彩</SubWOW><MarketingTextHeader>飞利浦 OLED 电视简介。现在，您可以享受更深的黑度、4K 超高清分辨率带来令人印象深刻的色彩、动人心魄的运动画面以及更宽的视角，让您尽情体验电影导演预期的影片效果。</MarketingTextHeader><KeyBenefitArea><KeyBenefitAreaCode>K4033477</KeyBenefitAreaCode><KeyBenefitAreaName>可见光</KeyBenefitAreaName><KeyBenefitAreaRank>1</KeyBenefitAreaRank><Feature><FeatureCode>F400082159</FeatureCode><FeatureReferenceName>Ambilight 3-sided (2017)</FeatureReferenceName><FeatureName>三侧流光溢彩</FeatureName><FeatureLongDescription>流光溢彩恒久改变电视观赏体验</FeatureLongDescription><FeatureGlossary>您创建了一个家，而不仅仅是一座房子，那么为何还不选择一台温馨亲切的电视呢？飞利浦独特的流光溢彩技术通过从电视屏幕的三侧向周围的墙壁投射超宽光束，使屏幕看起来更宽广，观赏体验更为身临其境。将超越屏幕范围的色彩、活力和激动人心的感受融入起居室，为您带来超越平凡的观赏体验。</FeatureGlossary><FeatureRank>1</FeatureRank><FeatureTopRank>6</FeatureTopRank></Feature></KeyBenefitArea><KeyBenefitArea><KeyBenefitAreaCode>K4033476</KeyBenefitAreaCode><KeyBenefitAreaName>与导演预期的效果一样</KeyBenefitAreaName><KeyBenefitAreaRank>2</KeyBenefitAreaRank><Feature><FeatureCode>F400078991</FeatureCode><FeatureReferenceName>OLED TV</FeatureReferenceName><FeatureName>OLED 电视</FeatureName><FeatureLongDescription>OLED 电视：只有完美的黑度才能打造完美的色彩</FeatureLongDescription><FeatureGlossary>飞利浦 OLED 是新一代电视新技术。与传统 LED 电视不同，OLED 无需背光。每个像素生成自己的色彩和灯光。关闭电视，电视将呈纯黑色。这种更深的黑色为您带来更艳丽的色彩和令人惊艳的对比度，飞利浦电视让您尽享最清晰、最逼真的图像。</FeatureGlossary><FeatureRank>1</FeatureRank><FeatureTopRank>1</FeatureTopRank></Feature><Feature><FeatureCode>F400076576</FeatureCode><FeatureReferenceName>4K Ultra HD (2016)</FeatureReferenceName><FeatureName>4K 超高清</FeatureName><FeatureLongDescription>4K 超高清呈现前所未有的分辨率</FeatureLongDescription><FeatureGlossary>超高清电视的分辨率是传统全高清电视的四倍。超过 800 万像素以及我们独一无二的超高分辨率提升技术，您将体验到最佳的画面质量。原始画面质量越高，您体验到的图像和分辨率效果就越好。尽享经过优化的清晰度、更强的立体感、卓越的对比度、流畅的自然动态以及完美细节。</FeatureGlossary><FeatureRank>2</FeatureRank><FeatureTopRank>2</FeatureTopRank></Feature><Feature><FeatureCode>F400076586</FeatureCode><FeatureReferenceName>Perfect Pixel Ultra HD (2016)</FeatureReferenceName><FeatureName>Perfect Pixel Ultra HD</FeatureName><FeatureLongDescription>Perfect Pixel Ultra HD 只为呈现终极画质</FeatureLongDescription><FeatureGlossary>在我们屡获殊荣的超高清画质传统基础之上，我们已将高清画质带到一个全新的层次。借助我们 Perfect Pixel Ultra HD 引擎中先进的画面处理软件，画面将转化为清晰的 4K 超高清分辨率。这样您就可以享受到最幽深的黑色、最明亮的白色、最逼真的彩色与自然肤色的画面效果。所有这一切都随着我们最流畅、锋锐的画质随时从任何信号源焕发出活力。</FeatureGlossary><FeatureRank>3</FeatureRank><FeatureTopRank>3</FeatureTopRank></Feature><Feature><FeatureCode>F400078751</FeatureCode><FeatureReferenceName>HDR Perfect</FeatureReferenceName><FeatureName>完美高动态范围</FeatureName><FeatureLongDescription>HDR Perfect 带来鲜明的对比度、色彩和清晰度</FeatureLongDescription><FeatureGlossary>完美的高动态范围是通过高级对比度和色彩重新定义家庭娱乐的超凡选择。尽享能够捕捉原始的丰富饱满与生动活泼同时又能准确反映导演意图的感官体验。最终效果是什么？现在您可以享受更明亮的光线、极致对比度和色彩。带来无与伦比的纯净逼真的细节，这就是 HDR Perfect；这像是一台您从未看到过的电视。</FeatureGlossary><FeatureRank>4</FeatureRank><FeatureTopRank>4</FeatureTopRank></Feature></KeyBenefitArea><KeyBenefitArea><KeyBenefitAreaCode>K4032203</KeyBenefitAreaCode><KeyBenefitAreaName>通过此智能电视接触更加广阔的世界</KeyBenefitAreaName><KeyBenefitAreaRank>3</KeyBenefitAreaRank><Feature><FeatureCode>F400063365</FeatureCode><FeatureReferenceName>Smart TV generic no apps (2014)</FeatureReferenceName><FeatureName>智能电视</FeatureName><FeatureLongDescription>智能电视：等待您探索的新世界</FeatureLongDescription><FeatureGlossary>探索超越传统电视的更智能的体验。通过在线视频商店租赁和传输电影、视频或游戏。通过智能电视回看喜爱频道的电视节目，享用选择性越来越多的在线应用程序。</FeatureGlossary><FeatureRank>1</FeatureRank><FeatureTopRank>5</FeatureTopRank></Feature></KeyBenefitArea><FeatureLogo><FeatureCode>F400082159</FeatureCode><FeatureReferenceName>Ambilight 3-sided (2017)</FeatureReferenceName><FeatureLogoRank>1</FeatureLogoRank></FeatureLogo><FeatureLogo><FeatureCode>F400076586</FeatureCode><FeatureReferenceName>Perfect Pixel Ultra HD (2016)</FeatureReferenceName><FeatureLogoRank>2</FeatureLogoRank></FeatureLogo><FeatureLogo><FeatureCode>F400078991</FeatureCode><FeatureReferenceName>OLED TV</FeatureReferenceName><FeatureLogoRank>4</FeatureLogoRank></FeatureLogo><FeatureLogo><FeatureCode>F400078751</FeatureCode><FeatureReferenceName>HDR Perfect</FeatureReferenceName><FeatureLogoRank>5</FeatureLogoRank></FeatureLogo><FeatureLogo><FeatureCode>F400076565</FeatureCode><FeatureReferenceName>Perfect Color (2016)</FeatureReferenceName><FeatureLogoRank>6</FeatureLogoRank></FeatureLogo><FeatureLogo><FeatureCode>F400084602</FeatureCode><FeatureReferenceName>EISA Awards - China (2017)</FeatureReferenceName><FeatureLogoRank>7</FeatureLogoRank></FeatureLogo><FeatureLogo><FeatureCode>F400083529</FeatureCode><FeatureReferenceName>4K Ultra HD (China)</FeatureReferenceName><FeatureLogoRank>8</FeatureLogoRank></FeatureLogo><FeatureHighlight><FeatureCode>F400078991</FeatureCode><FeatureReferenceName>OLED TV</FeatureReferenceName><FeatureHighlightRank>1</FeatureHighlightRank></FeatureHighlight><FeatureHighlight><FeatureCode>F400076576</FeatureCode><FeatureReferenceName>4K Ultra HD (2016)</FeatureReferenceName><FeatureHighlightRank>2</FeatureHighlightRank></FeatureHighlight><FeatureHighlight><FeatureCode>F400076586</FeatureCode><FeatureReferenceName>Perfect Pixel Ultra HD (2016)</FeatureReferenceName><FeatureHighlightRank>3</FeatureHighlightRank></FeatureHighlight><FeatureHighlight><FeatureCode>F400063365</FeatureCode><FeatureReferenceName>Smart TV generic no apps (2014)</FeatureReferenceName><FeatureHighlightRank>5</FeatureHighlightRank></FeatureHighlight><FeatureHighlight><FeatureCode>F400082159</FeatureCode><FeatureReferenceName>Ambilight 3-sided (2017)</FeatureReferenceName><FeatureHighlightRank>6</FeatureHighlightRank></FeatureHighlight><CSChapter><CSChapterCode>3000798</CSChapterCode><CSChapterName>流光溢彩</CSChapterName><CSChapterRank>2</CSChapterRank><CSItem><CSItemCode>IT4008761</CSItemCode><CSItemName>流光溢彩版本</CSItemName><CSItemRank>1</CSItemRank><CSItemIsFreeFormat>0</CSItemIsFreeFormat><CSValue><CSValueCode>VA4021434</CSValueCode><CSValueName>三面</CSValueName><CSValueRank>1</CSValueRank></CSValue></CSItem><CSItem><CSItemCode>3006240</CSItemCode><CSItemName>流光溢彩功能</CSItemName><CSItemRank>2</CSItemRank><CSItemIsFreeFormat>0</CSItemIsFreeFormat><CSValue><CSValueCode>VA4091343</CSValueCode><CSValueName>流光溢彩音乐</CSValueName><CSValueRank>1</CSValueRank></CSValue><CSValue><CSValueCode>VA4089018</CSValueCode><CSValueName>游戏模式</CSValueName><CSValueRank>2</CSValueRank></CSValue><CSValue><CSValueCode>VA4022574</CSValueCode><CSValueName>自适应墙壁色彩</CSValueName><CSValueRank>3</CSValueRank></CSValue><CSValue><CSValueCode>VA4077822</CSValueCode><CSValueName>闲置模式</CSValueName><CSValueRank>4</CSValueRank></CSValue></CSItem></CSChapter><CSChapter><CSChapterCode>3000796</CSChapterCode><CSChapterName>图片/显示</CSChapterName><CSChapterRank>3</CSChapterRank><CSItem><CSItemCode>IT4009349</CSItemCode><CSItemName>显示屏</CSItemName><CSItemRank>1</CSItemRank><CSItemIsFreeFormat>0</CSItemIsFreeFormat><CSValue><CSValueCode>VA4099789</CSValueCode><CSValueName>4K 超高清 OLED 电视</CSValueName><CSValueRank>1</CSValueRank></CSValue></CSItem><CSItem><CSItemCode>3006177</CSItemCode><CSItemName>面板分辨率</CSItemName><CSItemRank>2</CSItemRank><CSItemIsFreeFormat>0</CSItemIsFreeFormat><CSValue><CSValueCode>VA4079565</CSValueCode><CSValueName>3840x2160</CSValueName><CSValueRank>1</CSValueRank></CSValue></CSItem><CSItem><CSItemCode>3006121</CSItemCode><CSItemName>宽高比</CSItemName><CSItemRank>3</CSItemRank><CSItemIsFreeFormat>0</CSItemIsFreeFormat><CSValue><CSValueCode>3031098</CSValueCode><CSValueName>16:9</CSValueName><CSValueRank>1</CSValueRank></CSValue></CSItem><CSItem><CSItemCode>IT4034274</CSItemCode><CSItemName>像素引擎</CSItemName><CSItemRank>4</CSItemRank><CSItemIsFreeFormat>0</CSItemIsFreeFormat><CSValue><CSValueCode>VA4081341</CSValueCode><CSValueName>Perfect Pixel Ultra HD</CSValueName><CSValueRank>1</CSValueRank></CSValue></CSItem><CSItem><CSItemCode>3006183</CSItemCode><CSItemName>画面效果增强</CSItemName><CSItemRank>5</CSItemRank><CSItemIsFreeFormat>0</CSItemIsFreeFormat><CSValue><CSValueCode>VA4068029</CSValueCode><CSValueName>Ultra Resolution</CSValueName><CSValueRank>1</CSValueRank></CSValue><CSValue><CSValueCode>VA4006309</CSValueCode><CSValueName>锐腾自然动感</CSValueName><CSValueRank>2</CSValueRank></CSValue></CSItem></CSChapter><CSChapter><CSChapterCode>CH4007621</CSChapterCode><CSChapterName>智能电视功能</CSChapterName><CSChapterRank>4</CSChapterRank><CSItem><CSItemCode>IT4037464</CSItemCode><CSItemName>用户交互</CSItemName><CSItemRank>1</CSItemRank><CSItemIsFreeFormat>0</CSItemIsFreeFormat><CSValue><CSValueCode>VA4086943</CSValueCode><CSValueName>SimplyShare 互联易享</CSValueName><CSValueRank>1</CSValueRank></CSValue></CSItem><CSItem><CSItemCode>IT4037466</CSItemCode><CSItemName>节目</CSItemName><CSItemRank>2</CSItemRank><CSItemIsFreeFormat>0</CSItemIsFreeFormat><CSValue><CSValueCode>VA4086949</CSValueCode><CSValueName>USB 录制*</CSValueName><CSValueRank>1</CSValueRank></CSValue></CSItem><CSItem><CSItemCode>IT4037467</CSItemCode><CSItemName>智能电视应用程序*</CSItemName><CSItemRank>3</CSItemRank><CSItemIsFreeFormat>0</CSItemIsFreeFormat><CSValue><CSValueCode>VA4086951</CSValueCode><CSValueName>在线视频商店</CSValueName><CSValueRank>1</CSValueRank></CSValue><CSValue><CSValueCode>VA4086956</CSValueCode><CSValueName>社交电视</CSValueName><CSValueRank>2</CSValueRank></CSValue><CSValue><CSValueCode>VA4086950</CSValueCode><CSValueName>TV on Demand</CSValueName><CSValueRank>3</CSValueRank></CSValue></CSItem><CSItem><CSItemCode>IT4037468</CSItemCode><CSItemName>便于安装</CSItemName><CSItemRank>4</CSItemRank><CSItemIsFreeFormat>0</CSItemIsFreeFormat><CSValue><CSValueCode>VA4086958</CSValueCode><CSValueName>自动检测飞利浦设备</CSValueName><CSValueRank>1</CSValueRank></CSValue><CSValue><CSValueCode>VA4086959</CSValueCode><CSValueName>设备连接向导</CSValueName><CSValueRank>2</CSValueRank></CSValue><CSValue><CSValueCode>VA4086960</CSValueCode><CSValueName>网络安装向导</CSValueName><CSValueRank>3</CSValueRank></CSValue><CSValue><CSValueCode>VA4086961</CSValueCode><CSValueName>设置辅助向导</CSValueName><CSValueRank>4</CSValueRank></CSValue></CSItem><CSItem><CSItemCode>IT4037469</CSItemCode><CSItemName>易于使用</CSItemName><CSItemRank>5</CSItemRank><CSItemIsFreeFormat>0</CSItemIsFreeFormat><CSValue><CSValueCode>VA4086962</CSValueCode><CSValueName>一站式智能菜单按钮</CSValueName><CSValueRank>1</CSValueRank></CSValue><CSValue><CSValueCode>VA4086963</CSValueCode><CSValueName>屏上用户手册</CSValueName><CSValueRank>2</CSValueRank></CSValue></CSItem><CSItem><CSItemCode>IT4037470</CSItemCode><CSItemName>固件可升级</CSItemName><CSItemRank>6</CSItemRank><CSItemIsFreeFormat>0</CSItemIsFreeFormat><CSValue><CSValueCode>VA4086964</CSValueCode><CSValueName>固件自动升级向导</CSValueName><CSValueRank>1</CSValueRank></CSValue><CSValue><CSValueCode>VA4086965</CSValueCode><CSValueName>可通过 USB 升级固件</CSValueName><CSValueRank>2</CSValueRank></CSValue><CSValue><CSValueCode>VA4086966</CSValueCode><CSValueName>在线固件升级</CSValueName><CSValueRank>3</CSValueRank></CSValue></CSItem><CSItem><CSItemCode>IT4037471</CSItemCode><CSItemName>屏幕格式调整</CSItemName><CSItemRank>7</CSItemRank><CSItemIsFreeFormat>0</CSItemIsFreeFormat><CSValue><CSValueCode>VA4086972</CSValueCode><CSValueName>4:3</CSValueName><CSValueRank>1</CSValueRank></CSValue><CSValue><CSValueCode>VA4086969</CSValueCode><CSValueName>电影扩展 16:9</CSValueName><CSValueRank>2</CSValueRank></CSValue><CSValue><CSValueCode>VA4086971</CSValueCode><CSValueName>无格式转换</CSValueName><CSValueRank>3</CSValueRank></CSValue><CSValue><CSValueCode>VA4086970</CSValueCode><CSValueName>宽屏幕</CSValueName><CSValueRank>4</CSValueRank></CSValue></CSItem><CSItem><CSItemCode>IT4037472</CSItemCode><CSItemName>飞利浦电视遥控应用程序*</CSItemName><CSItemRank>8</CSItemRank><CSItemIsFreeFormat>0</CSItemIsFreeFormat><CSValue><CSValueCode>VA4086985</CSValueCode><CSValueName>应用程序</CSValueName><CSValueRank>1</CSValueRank></CSValue><CSValue><CSValueCode>VA4086984</CSValueCode><CSValueName>频道</CSValueName><CSValueRank>2</CSValueRank></CSValue><CSValue><CSValueCode>VA4086978</CSValueCode><CSValueName>控制</CSValueName><CSValueRank>3</CSValueRank></CSValue><CSValue><CSValueCode>VA4086981</CSValueCode><CSValueName>电视指南</CSValueName><CSValueRank>4</CSValueRank></CSValue><CSValue><CSValueCode>VA4086982</CSValueCode><CSValueName>随选视频</CSValueName><CSValueRank>5</CSValueRank></CSValue></CSItem></CSChapter><CSChapter><CSChapterCode>CH4006082</CSChapterCode><CSChapterName>正在处理</CSChapterName><CSChapterRank>5</CSChapterRank><CSItem><CSItemCode>IT4029505</CSItemCode><CSItemName>处理能力</CSItemName><CSItemRank>1</CSItemRank><CSItemIsFreeFormat>0</CSItemIsFreeFormat><CSValue><CSValueCode>VA4068064</CSValueCode><CSValueName>四核</CSValueName><CSValueRank>1</CSValueRank></CSValue></CSItem></CSChapter><CSChapter><CSChapterCode>3000799</CSChapterCode><CSChapterName>声音</CSChapterName><CSChapterRank>6</CSChapterRank><CSItem><CSItemCode>3006270</CSItemCode><CSItemName>输出功率 (RMS)</CSItemName><CSItemRank>1</CSItemRank><CSItemIsFreeFormat>1</CSItemIsFreeFormat><CSValue><CSValueCode>3031400</CSValueCode><CSValueName>2 X 7.5 瓦 + 12 瓦</CSValueName><CSValueRank>1</CSValueRank></CSValue></CSItem><CSItem><CSItemCode>3006277</CSItemCode><CSItemName>音效增强</CSItemName><CSItemRank>2</CSItemRank><CSItemIsFreeFormat>0</CSItemIsFreeFormat><CSValue><CSValueCode>VA4066745</CSValueCode><CSValueName>虚拟环绕声</CSValueName><CSValueRank>1</CSValueRank></CSValue></CSItem></CSChapter><CSChapter><CSChapterCode>3000813</CSChapterCode><CSChapterName>连接</CSChapterName><CSChapterRank>7</CSChapterRank><CSItem><CSItemCode>IT4006781</CSItemCode><CSItemName>HDMI 接口数</CSItemName><CSItemRank>1</CSItemRank><CSItemIsFreeFormat>0</CSItemIsFreeFormat><CSValue><CSValueCode>VA4018287</CSValueCode><CSValueName>3</CSValueName><CSValueRank>1</CSValueRank></CSValue></CSItem><CSItem><CSItemCode>IT4015984</CSItemCode><CSItemName>USB 数量</CSItemName><CSItemRank>2</CSItemRank><CSItemIsFreeFormat>0</CSItemIsFreeFormat><CSValue><CSValueCode>VA4032422</CSValueCode><CSValueName>2</CSValueName><CSValueRank>1</CSValueRank></CSValue></CSItem><CSItem><CSItemCode>3006591</CSItemCode><CSItemName>无线连接</CSItemName><CSItemRank>3</CSItemRank><CSItemIsFreeFormat>0</CSItemIsFreeFormat><CSValue><CSValueCode>VA4095849</CSValueCode><CSValueName>Y</CSValueName><CSValueRank>1</CSValueRank></CSValue></CSItem><CSItem><CSItemCode>3006573</CSItemCode><CSItemName>其它接口</CSItemName><CSItemRank>4</CSItemRank><CSItemIsFreeFormat>0</CSItemIsFreeFormat><CSValue><CSValueCode>3032285</CSValueCode><CSValueName>天线 IEC75</CSValueName><CSValueRank>1</CSValueRank></CSValue><CSValue><CSValueCode>VA4022502</CSValueCode><CSValueName>以太网-LAN RJ-45</CSValueName><CSValueRank>2</CSValueRank></CSValue><CSValue><CSValueCode>VA4032429</CSValueCode><CSValueName>数字音频输出（同轴）</CSValueName><CSValueRank>3</CSValueRank></CSValue><CSValue><CSValueCode>VA4018008</CSValueCode><CSValueName>音频 L/R 输入</CSValueName><CSValueRank>4</CSValueRank></CSValue><CSValue><CSValueCode>VA4079787</CSValueCode><CSValueName>音频输出（3.5 毫米）</CSValueName><CSValueRank>5</CSValueRank></CSValue><CSValue><CSValueCode>3040740</CSValueCode><CSValueName>AV 输出</CSValueName><CSValueRank>6</CSValueRank></CSValue><CSValue><CSValueCode>VA4100384</CSValueCode><CSValueName>CVBS +音频 L / R 输入</CSValueName><CSValueRank>7</CSValueRank></CSValue></CSItem><CSItem><CSItemCode>IT4001801</CSItemCode><CSItemName>HDMI 功能</CSItemName><CSItemRank>5</CSItemRank><CSItemIsFreeFormat>0</CSItemIsFreeFormat><CSValue><CSValueCode>VA4080937</CSValueCode><CSValueName>4K</CSValueName><CSValueRank>1</CSValueRank></CSValue><CSValue><CSValueCode>VA4021426</CSValueCode><CSValueName>音频回传通道</CSValueName><CSValueRank>2</CSValueRank></CSValue></CSItem><CSItem><CSItemCode>IT4001802</CSItemCode><CSItemName>EasyLink (HDMI-CEC)</CSItemName><CSItemRank>6</CSItemRank><CSItemIsFreeFormat>0</CSItemIsFreeFormat><CSValue><CSValueCode>VA4006305</CSValueCode><CSValueName>遥控器功能转移</CSValueName><CSValueRank>1</CSValueRank></CSValue><CSValue><CSValueCode>VA4006303</CSValueCode><CSValueName>系统音频控制</CSValueName><CSValueRank>2</CSValueRank></CSValue><CSValue><CSValueCode>VA4004662</CSValueCode><CSValueName>系统待机</CSValueName><CSValueRank>3</CSValueRank></CSValue><CSValue><CSValueCode>VA4004661</CSValueCode><CSValueName>单键式播放</CSValueName><CSValueRank>4</CSValueRank></CSValue></CSItem><CSItem><CSItemCode>IT4034211</CSItemCode><CSItemName>HDCP 2.2</CSItemName><CSItemRank>7</CSItemRank><CSItemIsFreeFormat>0</CSItemIsFreeFormat><CSValue><CSValueCode>VA4086885</CSValueCode><CSValueName>是，位于所有 HDMI 上</CSValueName><CSValueRank>1</CSValueRank></CSValue></CSItem><CSItem><CSItemCode>IT4039528</CSItemCode><CSItemName>CVBS 数量</CSItemName><CSItemRank>8</CSItemRank><CSItemIsFreeFormat>0</CSItemIsFreeFormat><CSValue><CSValueCode>VA4092329</CSValueCode><CSValueName>1</CSValueName><CSValueRank>1</CSValueRank></CSValue></CSItem></CSChapter><CSChapter><CSChapterCode>3000811</CSChapterCode><CSChapterName>多媒体应用</CSChapterName><CSChapterRank>8</CSChapterRank><CSItem><CSItemCode>IT4008764</CSItemCode><CSItemName>视频播放格式</CSItemName><CSItemRank>1</CSItemRank><CSItemIsFreeFormat>0</CSItemIsFreeFormat><CSValue><CSValueCode>VA4021454</CSValueCode><CSValueName>兼容：AVI、MKV</CSValueName><CSValueRank>1</CSValueRank></CSValue><CSValue><CSValueCode>VA4021455</CSValueCode><CSValueName>H264/MPEG-4 AVC</CSValueName><CSValueRank>2</CSValueRank></CSValue><CSValue><CSValueCode>VA4021451</CSValueCode><CSValueName>MPEG-1</CSValueName><CSValueRank>3</CSValueRank></CSValue><CSValue><CSValueCode>VA4021452</CSValueCode><CSValueName>MPEG-2</CSValueName><CSValueRank>4</CSValueRank></CSValue><CSValue><CSValueCode>VA4021453</CSValueCode><CSValueName>MPEG-4</CSValueName><CSValueRank>5</CSValueRank></CSValue><CSValue><CSValueCode>VA4021456</CSValueCode><CSValueName>WMV9/VC1</CSValueName><CSValueRank>6</CSValueRank></CSValue></CSItem><CSItem><CSItemCode>IT4008762</CSItemCode><CSItemName>音乐播放格式</CSItemName><CSItemRank>2</CSItemRank><CSItemIsFreeFormat>0</CSItemIsFreeFormat><CSValue><CSValueCode>VA4021478</CSValueCode><CSValueName>AAC</CSValueName><CSValueRank>1</CSValueRank></CSValue><CSValue><CSValueCode>VA4021448</CSValueCode><CSValueName>MP3</CSValueName><CSValueRank>2</CSValueRank></CSValue><CSValue><CSValueCode>VA4086481</CSValueCode><CSValueName>WAV</CSValueName><CSValueRank>3</CSValueRank></CSValue><CSValue><CSValueCode>VA4021450</CSValueCode><CSValueName>WMA（v2 至 v9.2）</CSValueName><CSValueRank>4</CSValueRank></CSValue><CSValue><CSValueCode>VA4086886</CSValueCode><CSValueName>WMA-PRO（v9 和 v10）</CSValueName><CSValueRank>5</CSValueRank></CSValue></CSItem><CSItem><CSItemCode>IT4008763</CSItemCode><CSItemName>图片播放格式</CSItemName><CSItemRank>3</CSItemRank><CSItemIsFreeFormat>0</CSItemIsFreeFormat><CSValue><CSValueCode>VA4021449</CSValueCode><CSValueName>JPEG</CSValueName><CSValueRank>1</CSValueRank></CSValue><CSValue><CSValueCode>VA4065613</CSValueCode><CSValueName>BMP</CSValueName><CSValueRank>2</CSValueRank></CSValue><CSValue><CSValueCode>VA4065612</CSValueCode><CSValueName>PNG</CSValueName><CSValueRank>3</CSValueRank></CSValue><CSValue><CSValueCode>VA4065611</CSValueCode><CSValueName>GIF</CSValueName><CSValueRank>4</CSValueRank></CSValue></CSItem></CSChapter><CSChapter><CSChapterCode>3000797</CSChapterCode><CSChapterName>支持的显示分辨率</CSChapterName><CSChapterRank>9</CSChapterRank><CSItem><CSItemCode>IT4030151</CSItemCode><CSItemName>电脑输入均通过 HDMI 传输</CSItemName><CSItemRank>1</CSItemRank><CSItemIsFreeFormat>0</CSItemIsFreeFormat><CSValue><CSValueCode>VA4097244</CSValueCode><CSValueName>最高可达 4K UHD 3840x2160 @60Hz</CSValueName><CSValueRank>1</CSValueRank></CSValue></CSItem><CSItem><CSItemCode>IT4030153</CSItemCode><CSItemName>视频输入均通过 HDMI 传输</CSItemName><CSItemRank>2</CSItemRank><CSItemIsFreeFormat>0</CSItemIsFreeFormat><CSValue><CSValueCode>VA4097245</CSValueCode><CSValueName>最高可达 4K UHD 3840x2160 @60Hz</CSValueName><CSValueRank>1</CSValueRank></CSValue></CSItem></CSChapter><CSChapter><CSChapterCode>3000812</CSChapterCode><CSChapterName>调谐器/接收/发送</CSChapterName><CSChapterRank>10</CSChapterRank><CSItem><CSItemCode>3007491</CSItemCode><CSItemName>数字电视</CSItemName><CSItemRank>1</CSItemRank><CSItemIsFreeFormat>0</CSItemIsFreeFormat><CSValue><CSValueCode>VA4079584</CSValueCode><CSValueName>DTMB</CSValueName><CSValueRank>1</CSValueRank></CSValue></CSItem><CSItem><CSItemCode>IT4028192</CSItemCode><CSItemName>支持 MPEG</CSItemName><CSItemRank>2</CSItemRank><CSItemIsFreeFormat>0</CSItemIsFreeFormat><CSValue><CSValueCode>VA4065926</CSValueCode><CSValueName>MPEG2</CSValueName><CSValueRank>1</CSValueRank></CSValue><CSValue><CSValueCode>VA4065927</CSValueCode><CSValueName>MPEG4</CSValueName><CSValueRank>2</CSValueRank></CSValue></CSItem><CSItem><CSItemCode>3006515</CSItemCode><CSItemName>视频播放</CSItemName><CSItemRank>3</CSItemRank><CSItemIsFreeFormat>0</CSItemIsFreeFormat><CSValue><CSValueCode>3032144</CSValueCode><CSValueName>NTSC</CSValueName><CSValueRank>1</CSValueRank></CSValue><CSValue><CSValueCode>3032145</CSValueCode><CSValueName>PAL</CSValueName><CSValueRank>2</CSValueRank></CSValue><CSValue><CSValueCode>3032146</CSValueCode><CSValueName>SECAM</CSValueName><CSValueRank>3</CSValueRank></CSValue></CSItem><CSItem><CSItemCode>IT4034213</CSItemCode><CSItemName>电视节目指南*</CSItemName><CSItemRank>4</CSItemRank><CSItemIsFreeFormat>0</CSItemIsFreeFormat><CSValue><CSValueCode>VA4079472</CSValueCode><CSValueName>8 天电子节目指导</CSValueName><CSValueRank>1</CSValueRank></CSValue></CSItem><CSItem><CSItemCode>IT4041210</CSItemCode><CSItemName>HEVC 支持</CSItemName><CSItemRank>5</CSItemRank><CSItemIsFreeFormat>0</CSItemIsFreeFormat><CSValue><CSValueCode>VA4095925</CSValueCode><CSValueName>Y</CSValueName><CSValueRank>1</CSValueRank></CSValue></CSItem></CSChapter><CSChapter><CSChapterCode>3000821</CSChapterCode><CSChapterName>功率</CSChapterName><CSChapterRank>11</CSChapterRank><CSItem><CSItemCode>3007003</CSItemCode><CSItemName>主电源</CSItemName><CSItemRank>1</CSItemRank><CSItemIsFreeFormat>1</CSItemIsFreeFormat><CSValue><CSValueCode>3033675</CSValueCode><CSValueName>交流 220 - 240 伏 50/60 赫兹</CSValueName><CSValueRank>1</CSValueRank></CSValue></CSItem><CSItem><CSItemCode>4000081</CSItemCode><CSItemName>环境温度</CSItemName><CSItemRank>2</CSItemRank><CSItemIsFreeFormat>0</CSItemIsFreeFormat><CSValue><CSValueCode>4000365</CSValueCode><CSValueName>5 °C 至 45 °C</CSValueName><CSValueRank>1</CSValueRank></CSValue></CSItem><CSItem><CSItemCode>IT4008765</CSItemCode><CSItemName>节能功能</CSItemName><CSItemRank>3</CSItemRank><CSItemIsFreeFormat>0</CSItemIsFreeFormat><CSValue><CSValueCode>VA4021464</CSValueCode><CSValueName>定时器自动关闭</CSValueName><CSValueRank>1</CSValueRank></CSValue><CSValue><CSValueCode>VA4021460</CSValueCode><CSValueName>光传感器</CSValueName><CSValueRank>2</CSValueRank></CSValue></CSItem><CSItem><CSItemCode>3006992</CSItemCode><CSItemName>功耗</CSItemName><CSItemRank>4</CSItemRank><CSItemIsFreeFormat>1</CSItemIsFreeFormat><CSValue><CSValueCode>3033646</CSValueCode><CSValueName>360</CSValueName><CSValueRank>1</CSValueRank></CSValue><UnitOfMeasure><UnitOfMeasureCode>3000072</UnitOfMeasureCode><UnitOfMeasureName>瓦特</UnitOfMeasureName><UnitOfMeasureSymbol>瓦</UnitOfMeasureSymbol></UnitOfMeasure></CSItem></CSChapter><CSChapter><CSChapterCode>3000820</CSChapterCode><CSChapterName>尺寸</CSChapterName><CSChapterRank>12</CSChapterRank><CSItem><CSItemCode>3006819</CSItemCode><CSItemName>包装盒厚度</CSItemName><CSItemRank>1</CSItemRank><CSItemIsFreeFormat>1</CSItemIsFreeFormat><CSValue><CSValueCode>3033147</CSValueCode><CSValueName>160</CSValueName><CSValueRank>1</CSValueRank></CSValue><UnitOfMeasure><UnitOfMeasureCode>3000058</UnitOfMeasureCode><UnitOfMeasureName>毫米</UnitOfMeasureName><UnitOfMeasureSymbol>毫米</UnitOfMeasureSymbol></UnitOfMeasure></CSItem><CSItem><CSItemCode>3006820</CSItemCode><CSItemName>包装盒高度</CSItemName><CSItemRank>2</CSItemRank><CSItemIsFreeFormat>1</CSItemIsFreeFormat><CSValue><CSValueCode>3033148</CSValueCode><CSValueName>867</CSValueName><CSValueRank>1</CSValueRank></CSValue><UnitOfMeasure><UnitOfMeasureCode>3000058</UnitOfMeasureCode><UnitOfMeasureName>毫米</UnitOfMeasureName><UnitOfMeasureSymbol>毫米</UnitOfMeasureSymbol></UnitOfMeasure></CSItem><CSItem><CSItemCode>3006821</CSItemCode><CSItemName>包装盒宽度</CSItemName><CSItemRank>3</CSItemRank><CSItemIsFreeFormat>1</CSItemIsFreeFormat><CSValue><CSValueCode>3033149</CSValueCode><CSValueName>1400</CSValueName><CSValueRank>1</CSValueRank></CSValue><UnitOfMeasure><UnitOfMeasureCode>3000058</UnitOfMeasureCode><UnitOfMeasureName>毫米</UnitOfMeasureName><UnitOfMeasureSymbol>毫米</UnitOfMeasureSymbol></UnitOfMeasure></CSItem><CSItem><CSItemCode>3006881</CSItemCode><CSItemName>机身厚度</CSItemName><CSItemRank>4</CSItemRank><CSItemIsFreeFormat>1</CSItemIsFreeFormat><CSValue><CSValueCode>3033216</CSValueCode><CSValueName>47</CSValueName><CSValueRank>1</CSValueRank></CSValue><UnitOfMeasure><UnitOfMeasureCode>3000058</UnitOfMeasureCode><UnitOfMeasureName>毫米</UnitOfMeasureName><UnitOfMeasureSymbol>毫米</UnitOfMeasureSymbol></UnitOfMeasure></CSItem><CSItem><CSItemCode>3006884</CSItemCode><CSItemName>机身宽度</CSItemName><CSItemRank>5</CSItemRank><CSItemIsFreeFormat>1</CSItemIsFreeFormat><CSValue><CSValueCode>3033219</CSValueCode><CSValueName>1227.8</CSValueName><CSValueRank>1</CSValueRank></CSValue><UnitOfMeasure><UnitOfMeasureCode>3000058</UnitOfMeasureCode><UnitOfMeasureName>毫米</UnitOfMeasureName><UnitOfMeasureSymbol>毫米</UnitOfMeasureSymbol></UnitOfMeasure></CSItem><CSItem><CSItemCode>3010079</CSItemCode><CSItemName>机身厚度（含桌架）</CSItemName><CSItemRank>6</CSItemRank><CSItemIsFreeFormat>1</CSItemIsFreeFormat><CSValue><CSValueCode>3045265</CSValueCode><CSValueName>230</CSValueName><CSValueRank>1</CSValueRank></CSValue><UnitOfMeasure><UnitOfMeasureCode>3000058</UnitOfMeasureCode><UnitOfMeasureName>毫米</UnitOfMeasureName><UnitOfMeasureSymbol>毫米</UnitOfMeasureSymbol></UnitOfMeasure></CSItem><CSItem><CSItemCode>3010080</CSItemCode><CSItemName>机身高度（含桌架）</CSItemName><CSItemRank>7</CSItemRank><CSItemIsFreeFormat>1</CSItemIsFreeFormat><CSValue><CSValueCode>3045266</CSValueCode><CSValueName>716.6</CSValueName><CSValueRank>1</CSValueRank></CSValue><UnitOfMeasure><UnitOfMeasureCode>3000058</UnitOfMeasureCode><UnitOfMeasureName>毫米</UnitOfMeasureName><UnitOfMeasureSymbol>毫米</UnitOfMeasureSymbol></UnitOfMeasure></CSItem><CSItem><CSItemCode>3010081</CSItemCode><CSItemName>身机宽度（含桌架）</CSItemName><CSItemRank>8</CSItemRank><CSItemIsFreeFormat>1</CSItemIsFreeFormat><CSValue><CSValueCode>3045267</CSValueCode><CSValueName>1227.8</CSValueName><CSValueRank>1</CSValueRank></CSValue><UnitOfMeasure><UnitOfMeasureCode>3000058</UnitOfMeasureCode><UnitOfMeasureName>毫米</UnitOfMeasureName><UnitOfMeasureSymbol>毫米</UnitOfMeasureSymbol></UnitOfMeasure></CSItem><CSItem><CSItemCode>4000961</CSItemCode><CSItemName>VESA 壁挂</CSItemName><CSItemRank>9</CSItemRank><CSItemIsFreeFormat>0</CSItemIsFreeFormat><CSValue><CSValueCode>VA4005843</CSValueCode><CSValueName>300 x 300 毫米</CSValueName><CSValueRank>1</CSValueRank></CSValue></CSItem><CSItem><CSItemCode>3006873</CSItemCode><CSItemName>产品重量</CSItemName><CSItemRank>10</CSItemRank><CSItemIsFreeFormat>1</CSItemIsFreeFormat><CSValue><CSValueCode>3033208</CSValueCode><CSValueName>20.7</CSValueName><CSValueRank>1</CSValueRank></CSValue><UnitOfMeasure><UnitOfMeasureCode>3000049</UnitOfMeasureCode><UnitOfMeasureName>千克</UnitOfMeasureName><UnitOfMeasureSymbol>千克</UnitOfMeasureSymbol></UnitOfMeasure></CSItem><CSItem><CSItemCode>3010611</CSItemCode><CSItemName>产品重量（含桌架）</CSItemName><CSItemRank>11</CSItemRank><CSItemIsFreeFormat>1</CSItemIsFreeFormat><CSValue><CSValueCode>3047710</CSValueCode><CSValueName>21.1</CSValueName><CSValueRank>1</CSValueRank></CSValue><UnitOfMeasure><UnitOfMeasureCode>3000049</UnitOfMeasureCode><UnitOfMeasureName>千克</UnitOfMeasureName><UnitOfMeasureSymbol>千克</UnitOfMeasureSymbol></UnitOfMeasure></CSItem><CSItem><CSItemCode>3006882</CSItemCode><CSItemName>机身高度</CSItemName><CSItemRank>12</CSItemRank><CSItemIsFreeFormat>1</CSItemIsFreeFormat><CSValue><CSValueCode>3033217</CSValueCode><CSValueName>702</CSValueName><CSValueRank>1</CSValueRank></CSValue><UnitOfMeasure><UnitOfMeasureCode>3000058</UnitOfMeasureCode><UnitOfMeasureName>毫米</UnitOfMeasureName><UnitOfMeasureSymbol>毫米</UnitOfMeasureSymbol></UnitOfMeasure></CSItem></CSChapter><CSChapter><CSChapterCode>3000815</CSChapterCode><CSChapterName>附件</CSChapterName><CSChapterRank>13</CSChapterRank><CSItem><CSItemCode>3006778</CSItemCode><CSItemName>随附的附件</CSItemName><CSItemRank>1</CSItemRank><CSItemIsFreeFormat>0</CSItemIsFreeFormat><CSValue><CSValueCode>3033001</CSValueCode><CSValueName>遥控器</CSValueName><CSValueRank>1</CSValueRank></CSValue><CSValue><CSValueCode>3033021</CSValueCode><CSValueName>桌架</CSValueName><CSValueRank>2</CSValueRank></CSValue><CSValue><CSValueCode>3033554</CSValueCode><CSValueName>电源线</CSValueName><CSValueRank>3</CSValueRank></CSValue><CSValue><CSValueCode>3033561</CSValueCode><CSValueName>快速入门指南</CSValueName><CSValueRank>4</CSValueRank></CSValue><CSValue><CSValueCode>VA4015925</CSValueCode><CSValueName>法律及安全手册</CSValueName><CSValueRank>5</CSValueRank></CSValue></CSItem><CSItem><CSItemCode>3006780</CSItemCode><CSItemName>随附电池</CSItemName><CSItemRank>2</CSItemRank><CSItemIsFreeFormat>0</CSItemIsFreeFormat><CSValue><CSValueCode>VA4096811</CSValueCode><CSValueName>4 节 AAA 电池</CSValueName><CSValueRank>1</CSValueRank></CSValue></CSItem></CSChapter><CSChapter><CSChapterCode>3000814</CSChapterCode><CSChapterName>便利性</CSChapterName><CSChapterRank>16</CSChapterRank><CSItem><CSItemCode>IT4016631</CSItemCode><CSItemName>定时关机</CSItemName><CSItemRank>1</CSItemRank><CSItemIsFreeFormat>0</CSItemIsFreeFormat><CSValue><CSValueCode>VA4033681</CSValueCode><CSValueName>Y</CSValueName><CSValueRank>1</CSValueRank></CSValue></CSItem></CSChapter><Filters><Purpose type="Comparison"><Features><Feature code="F400078991" rank="1" referenceName="OLED TV"/><Feature code="F400076576" rank="2" referenceName="4K Ultra HD (2016)"/><Feature code="F400076586" rank="3" referenceName="Perfect Pixel Ultra HD (2016)"/><Feature code="F400078751" rank="4" referenceName="HDR Perfect"/><Feature code="F400063365" rank="5" referenceName="Smart TV generic no apps (2014)"/><Feature code="F400082159" rank="6" referenceName="Ambilight 3-sided (2017)"/></Features><CSItems><CSItem code="IT4008761" rank="1" referenceName="流光溢彩 - 流光溢彩版本"/><CSItem code="IT4009349" rank="1" referenceName="图片/显示 - 显示屏"/><CSItem code="IT4037464" rank="1" referenceName="智能电视功能 - 用户交互"/><CSItem code="IT4029505" rank="1" referenceName="正在处理 - 处理能力"/><CSItem code="3006270" rank="1" referenceName="声音 - 输出功率 (RMS)"/><CSItem code="IT4006781" rank="1" referenceName="连接 - HDMI 接口数"/><CSItem code="IT4008764" rank="1" referenceName="多媒体应用 - 视频播放格式"/><CSItem code="IT4030151" rank="1" referenceName="支持的显示分辨率 - 电脑输入均通过 HDMI 传输"/><CSItem code="3007491" rank="1" referenceName="调谐器/接收/发送 - 数字电视"/><CSItem code="3007003" rank="1" referenceName="功率 - 主电源"/><CSItem code="3006819" rank="1" referenceName="尺寸 - 包装盒厚度"/><CSItem code="3006778" rank="1" referenceName="附件 - 随附的附件"/><CSItem code="IT4016631" rank="1" referenceName="便利性 - 定时关机"/><CSItem code="3006240" rank="2" referenceName="流光溢彩 - 流光溢彩功能"/><CSItem code="3006177" rank="2" referenceName="图片/显示 - 面板分辨率"/><CSItem code="IT4037466" rank="2" referenceName="智能电视功能 - 节目"/><CSItem code="3006277" rank="2" referenceName="声音 - 音效增强"/><CSItem code="IT4015984" rank="2" referenceName="连接 - USB 数量"/><CSItem code="IT4008762" rank="2" referenceName="多媒体应用 - 音乐播放格式"/><CSItem code="IT4030153" rank="2" referenceName="支持的显示分辨率 - 视频输入均通过 HDMI 传输"/><CSItem code="IT4028192" rank="2" referenceName="调谐器/接收/发送 - 支持 MPEG"/><CSItem code="4000081" rank="2" referenceName="功率 - 环境温度"/><CSItem code="3006820" rank="2" referenceName="尺寸 - 包装盒高度"/><CSItem code="3006780" rank="2" referenceName="附件 - 随附电池"/><CSItem code="3006121" rank="3" referenceName="图片/显示 - 宽高比"/><CSItem code="IT4037467" rank="3" referenceName="智能电视功能 - 智能电视应用程序*"/><CSItem code="3006591" rank="3" referenceName="连接 - 无线连接"/><CSItem code="IT4008763" rank="3" referenceName="多媒体应用 - 图片播放格式"/><CSItem code="3006515" rank="3" referenceName="调谐器/接收/发送 - 视频播放"/><CSItem code="IT4008765" rank="3" referenceName="功率 - 节能功能"/><CSItem code="3006821" rank="3" referenceName="尺寸 - 包装盒宽度"/><CSItem code="IT4034274" rank="4" referenceName="图片/显示 - 像素引擎"/><CSItem code="IT4037468" rank="4" referenceName="智能电视功能 - 便于安装"/><CSItem code="3006573" rank="4" referenceName="连接 - 其它接口"/><CSItem code="IT4034213" rank="4" referenceName="调谐器/接收/发送 - 电视节目指南*"/><CSItem code="3006992" rank="4" referenceName="功率 - 功耗"/><CSItem code="3006881" rank="4" referenceName="尺寸 - 机身厚度"/><CSItem code="3006183" rank="5" referenceName="图片/显示 - 画面效果增强"/><CSItem code="IT4037469" rank="5" referenceName="智能电视功能 - 易于使用"/><CSItem code="IT4001801" rank="5" referenceName="连接 - HDMI 功能"/><CSItem code="IT4041210" rank="5" referenceName="调谐器/接收/发送 - HEVC 支持"/><CSItem code="3006884" rank="5" referenceName="尺寸 - 机身宽度"/><CSItem code="IT4037470" rank="6" referenceName="智能电视功能 - 固件可升级"/><CSItem code="IT4001802" rank="6" referenceName="连接 - EasyLink (HDMI-CEC)"/><CSItem code="3010079" rank="6" referenceName="尺寸 - 机身厚度（含桌架）"/><CSItem code="IT4037471" rank="7" referenceName="智能电视功能 - 屏幕格式调整"/><CSItem code="IT4034211" rank="7" referenceName="连接 - HDCP 2.2"/><CSItem code="3010080" rank="7" referenceName="尺寸 - 机身高度（含桌架）"/><CSItem code="IT4037472" rank="8" referenceName="智能电视功能 - 飞利浦电视遥控应用程序*"/><CSItem code="IT4039528" rank="8" referenceName="连接 - CVBS 数量"/><CSItem code="3010081" rank="8" referenceName="尺寸 - 身机宽度（含桌架）"/><CSItem code="4000961" rank="9" referenceName="尺寸 - VESA 壁挂"/><CSItem code="3006873" rank="10" referenceName="尺寸 - 产品重量"/><CSItem code="3010611" rank="11" referenceName="尺寸 - 产品重量（含桌架）"/><CSItem code="3006882" rank="12" referenceName="尺寸 - 机身高度"/></CSItems></Purpose><Purpose type="Detail"><Features><Feature code="F400078991" rank="1" referenceName="OLED TV"/><Feature code="F400076576" rank="2" referenceName="4K Ultra HD (2016)"/><Feature code="F400076586" rank="3" referenceName="Perfect Pixel Ultra HD (2016)"/><Feature code="F400078751" rank="4" referenceName="HDR Perfect"/><Feature code="F400063365" rank="5" referenceName="Smart TV generic no apps (2014)"/><Feature code="F400082159" rank="6" referenceName="Ambilight 3-sided (2017)"/></Features><CSItems><CSItem code="IT4008761" rank="1" referenceName="流光溢彩 - 流光溢彩版本"/><CSItem code="IT4009349" rank="1" referenceName="图片/显示 - 显示屏"/><CSItem code="IT4037464" rank="1" referenceName="智能电视功能 - 用户交互"/><CSItem code="IT4029505" rank="1" referenceName="正在处理 - 处理能力"/><CSItem code="3006270" rank="1" referenceName="声音 - 输出功率 (RMS)"/><CSItem code="IT4006781" rank="1" referenceName="连接 - HDMI 接口数"/><CSItem code="IT4008764" rank="1" referenceName="多媒体应用 - 视频播放格式"/><CSItem code="IT4030151" rank="1" referenceName="支持的显示分辨率 - 电脑输入均通过 HDMI 传输"/><CSItem code="3007491" rank="1" referenceName="调谐器/接收/发送 - 数字电视"/><CSItem code="3007003" rank="1" referenceName="功率 - 主电源"/><CSItem code="3006819" rank="1" referenceName="尺寸 - 包装盒厚度"/><CSItem code="3006778" rank="1" referenceName="附件 - 随附的附件"/><CSItem code="IT4016631" rank="1" referenceName="便利性 - 定时关机"/><CSItem code="3006240" rank="2" referenceName="流光溢彩 - 流光溢彩功能"/><CSItem code="3006177" rank="2" referenceName="图片/显示 - 面板分辨率"/><CSItem code="IT4037466" rank="2" referenceName="智能电视功能 - 节目"/><CSItem code="3006277" rank="2" referenceName="声音 - 音效增强"/><CSItem code="IT4015984" rank="2" referenceName="连接 - USB 数量"/><CSItem code="IT4008762" rank="2" referenceName="多媒体应用 - 音乐播放格式"/><CSItem code="IT4030153" rank="2" referenceName="支持的显示分辨率 - 视频输入均通过 HDMI 传输"/><CSItem code="IT4028192" rank="2" referenceName="调谐器/接收/发送 - 支持 MPEG"/><CSItem code="4000081" rank="2" referenceName="功率 - 环境温度"/><CSItem code="3006820" rank="2" referenceName="尺寸 - 包装盒高度"/><CSItem code="3006780" rank="2" referenceName="附件 - 随附电池"/><CSItem code="3006121" rank="3" referenceName="图片/显示 - 宽高比"/><CSItem code="IT4037467" rank="3" referenceName="智能电视功能 - 智能电视应用程序*"/><CSItem code="3006591" rank="3" referenceName="连接 - 无线连接"/><CSItem code="IT4008763" rank="3" referenceName="多媒体应用 - 图片播放格式"/><CSItem code="3006515" rank="3" referenceName="调谐器/接收/发送 - 视频播放"/><CSItem code="IT4008765" rank="3" referenceName="功率 - 节能功能"/><CSItem code="3006821" rank="3" referenceName="尺寸 - 包装盒宽度"/><CSItem code="IT4034274" rank="4" referenceName="图片/显示 - 像素引擎"/><CSItem code="IT4037468" rank="4" referenceName="智能电视功能 - 便于安装"/><CSItem code="3006573" rank="4" referenceName="连接 - 其它接口"/><CSItem code="IT4034213" rank="4" referenceName="调谐器/接收/发送 - 电视节目指南*"/><CSItem code="3006992" rank="4" referenceName="功率 - 功耗"/><CSItem code="3006881" rank="4" referenceName="尺寸 - 机身厚度"/><CSItem code="3006183" rank="5" referenceName="图片/显示 - 画面效果增强"/><CSItem code="IT4037469" rank="5" referenceName="智能电视功能 - 易于使用"/><CSItem code="IT4001801" rank="5" referenceName="连接 - HDMI 功能"/><CSItem code="IT4041210" rank="5" referenceName="调谐器/接收/发送 - HEVC 支持"/><CSItem code="3006884" rank="5" referenceName="尺寸 - 机身宽度"/><CSItem code="IT4037470" rank="6" referenceName="智能电视功能 - 固件可升级"/><CSItem code="IT4001802" rank="6" referenceName="连接 - EasyLink (HDMI-CEC)"/><CSItem code="3010079" rank="6" referenceName="尺寸 - 机身厚度（含桌架）"/><CSItem code="IT4037471" rank="7" referenceName="智能电视功能 - 屏幕格式调整"/><CSItem code="IT4034211" rank="7" referenceName="连接 - HDCP 2.2"/><CSItem code="3010080" rank="7" referenceName="尺寸 - 机身高度（含桌架）"/><CSItem code="IT4037472" rank="8" referenceName="智能电视功能 - 飞利浦电视遥控应用程序*"/><CSItem code="IT4039528" rank="8" referenceName="连接 - CVBS 数量"/><CSItem code="3010081" rank="8" referenceName="尺寸 - 身机宽度（含桌架）"/><CSItem code="4000961" rank="9" referenceName="尺寸 - VESA 壁挂"/><CSItem code="3006873" rank="10" referenceName="尺寸 - 产品重量"/><CSItem code="3010611" rank="11" referenceName="尺寸 - 产品重量（含桌架）"/><CSItem code="3006882" rank="12" referenceName="尺寸 - 机身高度"/></CSItems></Purpose></Filters><FeatureCompareGroups/><Disclaimers><Disclaimer code="DIS40004404" rank="1" referenceName="8 days EPG"><DisclaimerText>EPG 及其实际可视时间（长达 8 天）视国家/地区和运营商而定。</DisclaimerText><DisclaimElements/></Disclaimer><Disclaimer code="DIS40006403" rank="2" referenceName="for all (Philips)"><DisclaimerText>（飞利浦）仅兼容特定飞利浦播放机设备。</DisclaimerText><DisclaimElements/></Disclaimer><Disclaimer code="DIS40008491" rank="3" referenceName="Smart TV Apps (2015)"><DisclaimerText>智能电视应用程序产品因电视型号和国家/地区而异。有关更多详细信息，请访问：www.philips.com/smarttv。</DisclaimerText><DisclaimElements/></Disclaimer><Disclaimer code="DIS40004402" rank="4" referenceName="USB recording"><DisclaimerText>USB 录制功能仅限于数字频道，录制可能会受到广播复制保护 (CI+) 限制。可能存在国家/地区和频道限制。</DisclaimerText><DisclaimElements/></Disclaimer><Disclaimer code="DIS40011671" rank="5" referenceName="HDR (2017)"><DisclaimerText>请注意，电视中的 HDR 功能当前仅通过传输和 USB 提供支持。</DisclaimerText><DisclaimElements/></Disclaimer></Disclaimers><AccessoryByPacked><AccessoryByPackedCode>ABPP_3033001</AccessoryByPackedCode><AccessoryByPackedReference>遥控器</AccessoryByPackedReference><AccessoryByPackedName>遥控器</AccessoryByPackedName><AccessoryByPackedRank>1</AccessoryByPackedRank></AccessoryByPacked><AccessoryByPacked><AccessoryByPackedCode>ABPP_3033021</AccessoryByPackedCode><AccessoryByPackedReference>桌架</AccessoryByPackedReference><AccessoryByPackedName>桌架</AccessoryByPackedName><AccessoryByPackedRank>2</AccessoryByPackedRank></AccessoryByPacked><AccessoryByPacked><AccessoryByPackedCode>ABPP_3033554</AccessoryByPackedCode><AccessoryByPackedReference>电源线</AccessoryByPackedReference><AccessoryByPackedName>电源线</AccessoryByPackedName><AccessoryByPackedRank>3</AccessoryByPackedRank></AccessoryByPacked><AccessoryByPacked><AccessoryByPackedCode>ABPP_3033561</AccessoryByPackedCode><AccessoryByPackedReference>快速入门指南</AccessoryByPackedReference><AccessoryByPackedName>快速入门指南</AccessoryByPackedName><AccessoryByPackedRank>4</AccessoryByPackedRank></AccessoryByPacked><AccessoryByPacked><AccessoryByPackedCode>ABPP_VA4015925</AccessoryByPackedCode><AccessoryByPackedReference>法律及安全手册</AccessoryByPackedReference><AccessoryByPackedName>法律及安全手册</AccessoryByPackedName><AccessoryByPackedRank>5</AccessoryByPackedRank></AccessoryByPacked><AccessoryByPacked><AccessoryByPackedCode>ABPP_VA4096811</AccessoryByPackedCode><AccessoryByPackedReference>随附电池: 4 节 AAA 电池</AccessoryByPackedReference><AccessoryByPackedName>随附电池: 4 节 AAA 电池</AccessoryByPackedName><AccessoryByPackedRank>6</AccessoryByPackedRank></AccessoryByPacked><RichTexts/></Product></Products>