<?xml version="1.0" encoding="UTF-8"?><Products xmlns:source="http://apache.org/cocoon/source/1.0" DocStatus="approved" DocTimeStamp="2018-10-27T23:32:08"><Product Country="CN" IsAccessory="false" IsMaster="false" Locale="zh_CN" lastModified="2018-10-26T04:44:29" masterLastModified="2018-06-19T00:39:50"><CTN>129576000KX1</CTN><Code12NC>867000127352</Code12NC><GTIN/><MarketingVersion>5.1.1</MarketingVersion><MarketingStatus>Final Published</MarketingStatus><CRDate>2015-02-20</CRDate><CRDateYW>201508</CRDateYW><ModelYears><ModelYear>2015</ModelYear></ModelYears><ProductDivision><ProductDivisionCode>0100</ProductDivisionCode><ProductDivisionName>Lighting</ProductDivisionName><FormerPDCode>0100</FormerPDCode></ProductDivision><ProductOwner>Marilyne Denis</ProductOwner><DTN>129576000KX1</DTN><Catalog><StartOfPublication>2015-03-20T00:00:00</StartOfPublication><EndOfPublication>2099-09-20T00:00:00</EndOfPublication><StartOfSales>2015-03-20T00:00:00</StartOfSales><EndOfSales>2099-09-20T00:00:00</EndOfSales><DummyPrice/><Deleted>false</Deleted><DeleteAfterDate/><ProductRank>50</ProductRank></Catalog><FinancialCategorization><BusinessGroupCode>9017</BusinessGroupCode><BusinessGroupName>Lamps and Accessoires</BusinessGroupName><BusinessUnitCode>9106</BusinessUnitCode><BusinessUnitName>Auto Accessories</BusinessUnitName><MainArticleGroupCode>L74</MainArticleGroupCode><MainArticleGroupName>LED Bike Systems</MainArticleGroupName><ArticleGroupCode>7056</ArticleGroupCode><ArticleGroupName>LED Bike Others</ArticleGroupName></FinancialCategorization><Categorization type="CONSUMER"><GroupCode>AUTOMOTIVE_GR</GroupCode><GroupName>Automotive</GroupName><CategoryCode>CAR_LIGHTS_CA</CategoryCode><CategoryName>Car lights</CategoryName><SubcategoryCode>SINGALLING_AND_INTERIOR_LIGHTING_SU</SubcategoryCode><SubcategoryName>Signaling and interior lighting</SubcategoryName></Categorization><Assets><Asset code="129576000KX1" description="Leaflet" extension="pdf" lastModified="2018-06-20" locale="zh_CN" number="001" type="PSS">http://download.p4c.philips.com/files/1/129576000kx1/129576000kx1_pss_zhscn.pdf</Asset><Asset code="129576000KX1" description="Retail Trade Leaflet" extension="pdf" lastModified="2018-10-05" locale="zh_CN" number="001" type="RTL">http://download.p4c.philips.com/files/1/129576000kx1/129576000kx1_rtl_zhscn.pdf</Asset><Asset code="129576000KX1" description="Leaflet" extension="pdf" lastModified="2018-09-07" locale="global" number="001" type="PSS">http://download.p4c.philips.com/files/1/129576000kx1/129576000kx1_pss_.pdf</Asset><Asset code="129576000KX1" description="Standard product photograph - highres 2196x1795" extension="tif" lastModified="2018-01-12" locale="global" number="001" type="RTP">http://images.philips.com/is/image/PhilipsConsumer/129576000KX1-RTP-global-001</Asset><Asset code="129576000KX1" description="Single product shot" extension="" lastModified="2018-10-26" locale="zh_CN" number="" type="IMS">http://images.philips.com/is/image/PhilipsConsumer/129576000KX1-IMS-zh_CN</Asset><Asset code="129576000KX1" description="Product gallery image set" extension="" lastModified="2018-10-26" locale="zh_CN" number="" type="GAL">http://images.philips.com/is/image/PhilipsConsumer/129576000KX1-GAL-zh_CN</Asset><Asset code="129576000KX1" description="Product URL" extension="" lastModified="2018-10-26" locale="zh_CN" number="" type="URL">http://www.philips.com.cn/c-p/129576000KX1/x-tremeultinon-led-interior-car-light</Asset><Asset code="PHI" description="Brand logo - highres 1476x886" extension="tif" lastModified="2016-02-18" locale="global" number="001" type="BRP">http://images.philips.com/is/image/PhilipsConsumer/PHI-BRP-global-001</Asset></Assets><ProductName>多功能灯座 车内灯 白色 6000K 车灯</ProductName><FullProductName>飞利浦 X-tremeUltinon LED 车灯 129576000KX1 多功能灯座 车内灯 白色 6000K 60 流明 内饰灯</FullProductName><NamingString><MasterBrand><BrandCode>PHI</BrandCode><BrandName>Philips</BrandName></MasterBrand><BrandString>飞利浦</BrandString><Family><FamilyCode>SB40008691</FamilyCode><FamilyName>X-tremeUltinon LED</FamilyName><FamilyNameUsed>1</FamilyNameUsed></Family><Descriptor><DescriptorCode>D4028214</DescriptorCode><DescriptorName>车灯</DescriptorName></Descriptor><Alphanumeric>129576000KX1</Alphanumeric><VersionElement1><VersionElementCode>V4041501</VersionElementCode><VersionElementName>多功能灯座 车内灯</VersionElementName></VersionElement1><VersionElement2><VersionElementCode>V4035646</VersionElementCode><VersionElementName>白色 6000K</VersionElementName></VersionElement2><VersionElement3><VersionElementCode>V4041807</VersionElementCode><VersionElementName>60 流明</VersionElementName></VersionElement3><VersionElement4><VersionElementCode>V4038542</VersionElementCode><VersionElementName>车内灯</VersionElementName></VersionElement4><VersionString>多功能灯座 车内灯 白色 6000K 60 流明 内饰灯</VersionString><BrandedFeatureString/><DescriptorBrandedFeatureString>车灯</DescriptorBrandedFeatureString></NamingString><WOW>明亮的现代内饰</WOW><SubWOW>车内清晰可见</SubWOW><MarketingTextHeader>高亮度白色 6000K LED 内饰灯，车内清晰可见。均匀光导漫射。持久耐用的 LED 具有 12 年使用寿命。</MarketingTextHeader><KeyBenefitArea><KeyBenefitAreaCode>K4030467</KeyBenefitAreaCode><KeyBenefitAreaName>车内清晰可见</KeyBenefitAreaName><KeyBenefitAreaRank>1</KeyBenefitAreaRank><Feature><FeatureCode>F400071715</FeatureCode><FeatureReferenceName>High brightness LED 6000K</FeatureReferenceName><FeatureName>高亮度 LED</FeatureName><FeatureLongDescription>高亮度 LED</FeatureLongDescription><FeatureGlossary>高亮度日光效果 (6000K) LED 车灯，确保车内清晰可见。</FeatureGlossary><FeatureRank>4</FeatureRank><FeatureTopRank>1</FeatureTopRank></Feature></KeyBenefitArea><KeyBenefitArea><KeyBenefitAreaCode>K4030465</KeyBenefitAreaCode><KeyBenefitAreaName>均匀光导漫射</KeyBenefitAreaName><KeyBenefitAreaRank>2</KeyBenefitAreaRank><Feature><FeatureCode>F400071711</FeatureCode><FeatureReferenceName>Uniform light diffusion</FeatureReferenceName><FeatureName>均匀光导漫射</FeatureName><FeatureLongDescription>均匀光导漫射</FeatureLongDescription><FeatureGlossary>光学设计，实现均匀光导漫射。</FeatureGlossary><FeatureRank>2</FeatureRank><FeatureTopRank>2</FeatureTopRank></Feature></KeyBenefitArea><KeyBenefitArea><KeyBenefitAreaCode>K300005468</KeyBenefitAreaCode><KeyBenefitAreaName>轻松安装</KeyBenefitAreaName><KeyBenefitAreaRank>3</KeyBenefitAreaRank><Feature><FeatureCode>F400071673</FeatureCode><FeatureReferenceName>Multi-sockets installation options</FeatureReferenceName><FeatureName>多功能灯座安装方式</FeatureName><FeatureLongDescription>多功能灯座安装选项</FeatureLongDescription><FeatureGlossary>我们的车内灯随附多功能灯座选项，可轻松替换 T10 和 Festoon 30 毫米型车内灯</FeatureGlossary><FeatureRank>1</FeatureRank><FeatureTopRank>3</FeatureTopRank></Feature></KeyBenefitArea><KeyBenefitArea><KeyBenefitAreaCode>K4028076</KeyBenefitAreaCode><KeyBenefitAreaName>12 年使用寿命</KeyBenefitAreaName><KeyBenefitAreaRank>4</KeyBenefitAreaRank><Feature><FeatureCode>F400066417</FeatureCode><FeatureReferenceName>High heat and vibration resistant</FeatureReferenceName><FeatureName>12 年使用寿命</FeatureName><FeatureLongDescription>12 年使用寿命</FeatureLongDescription><FeatureGlossary/><FeatureRank>3</FeatureRank><FeatureTopRank>4</FeatureTopRank></Feature><Feature><FeatureCode>F400071746</FeatureCode><FeatureReferenceName>3 year limited warranty</FeatureReferenceName><FeatureName>3 年有限质保</FeatureName><FeatureLongDescription>为客户提供 3 年有限保修</FeatureLongDescription><FeatureRank>5</FeatureRank><FeatureTopRank>5</FeatureTopRank></Feature></KeyBenefitArea><FeatureImage><FeatureCode>F400071715</FeatureCode><FeatureReferenceName>High brightness LED 6000K</FeatureReferenceName><FeatureImageRank>1</FeatureImageRank></FeatureImage><FeatureImage><FeatureCode>F400071711</FeatureCode><FeatureReferenceName>Uniform light diffusion</FeatureReferenceName><FeatureImageRank>2</FeatureImageRank></FeatureImage><FeatureImage><FeatureCode>F400071673</FeatureCode><FeatureReferenceName>Multi-sockets installation options</FeatureReferenceName><FeatureImageRank>3</FeatureImageRank></FeatureImage><FeatureImage><FeatureCode>F400066417</FeatureCode><FeatureReferenceName>High heat and vibration resistant</FeatureReferenceName><FeatureImageRank>4</FeatureImageRank></FeatureImage><FeatureImage><FeatureCode>F400071746</FeatureCode><FeatureReferenceName>3 year limited warranty</FeatureReferenceName><FeatureImageRank>5</FeatureImageRank></FeatureImage><FeatureHighlight><FeatureCode>F400071715</FeatureCode><FeatureReferenceName>High brightness LED 6000K</FeatureReferenceName><FeatureHighlightRank>1</FeatureHighlightRank></FeatureHighlight><FeatureHighlight><FeatureCode>F400071711</FeatureCode><FeatureReferenceName>Uniform light diffusion</FeatureReferenceName><FeatureHighlightRank>2</FeatureHighlightRank></FeatureHighlight><FeatureHighlight><FeatureCode>F400071673</FeatureCode><FeatureReferenceName>Multi-sockets installation options</FeatureReferenceName><FeatureHighlightRank>3</FeatureHighlightRank></FeatureHighlight><FeatureHighlight><FeatureCode>F400066417</FeatureCode><FeatureReferenceName>High heat and vibration resistant</FeatureReferenceName><FeatureHighlightRank>4</FeatureHighlightRank></FeatureHighlight><FeatureHighlight><FeatureCode>F400071746</FeatureCode><FeatureReferenceName>3 year limited warranty</FeatureReferenceName><FeatureHighlightRank>5</FeatureHighlightRank></FeatureHighlight><CSChapter><CSChapterCode>CH4006461</CSChapterCode><CSChapterName>市场规格</CSChapterName><CSChapterRank>1</CSChapterRank><CSItem><CSItemCode>IT4031492</CSItemCode><CSItemName>使用效果</CSItemName><CSItemRank>2</CSItemRank><CSItemIsFreeFormat>0</CSItemIsFreeFormat><CSValue><CSValueCode>VA4087014</CSValueCode><CSValueName>明亮的现代内饰</CSValueName><CSValueRank>13</CSValueRank></CSValue></CSItem><CSItem><CSItemCode>IT4031498</CSItemCode><CSItemName>产品亮点</CSItemName><CSItemRank>5</CSItemRank><CSItemIsFreeFormat>0</CSItemIsFreeFormat><CSValue><CSValueCode>VA4083018</CSValueCode><CSValueName>12 年使用寿命</CSValueName><CSValueRank>9</CSValueRank></CSValue><CSValue><CSValueCode>VA4087016</CSValueCode><CSValueName>车内清晰可见</CSValueName><CSValueRank>14</CSValueRank></CSValue><CSValue><CSValueCode>VA4087380</CSValueCode><CSValueName>360° 光导漫射</CSValueName><CSValueRank>15</CSValueRank></CSValue></CSItem></CSChapter><CSChapter><CSChapterCode>CH4006466</CSChapterCode><CSChapterName>产品描述</CSChapterName><CSChapterRank>2</CSChapterRank><CSItem><CSItemCode>IT4031500</CSItemCode><CSItemName>技术</CSItemName><CSItemRank>1</CSItemRank><CSItemIsFreeFormat>0</CSItemIsFreeFormat><CSValue><CSValueCode>VA4071793</CSValueCode><CSValueName>LED</CSValueName><CSValueRank>3</CSValueRank></CSValue></CSItem><CSItem><CSItemCode>IT4031517</CSItemCode><CSItemName>应用</CSItemName><CSItemRank>3</CSItemRank><CSItemIsFreeFormat>0</CSItemIsFreeFormat><CSValue><CSValueCode>VA4086309</CSValueCode><CSValueName>车内灯</CSValueName><CSValueRank>16</CSValueRank></CSValue></CSItem><CSItem><CSItemCode>IT4031520</CSItemCode><CSItemName>基座</CSItemName><CSItemRank>6</CSItemRank><CSItemIsFreeFormat>0</CSItemIsFreeFormat><CSValue><CSValueCode>VA4081281</CSValueCode><CSValueName>SV8.5-8</CSValueName><CSValueRank>8</CSValueRank></CSValue><CSValue><CSValueCode>VA4072159</CSValueCode><CSValueName>BA9s</CSValueName><CSValueRank>11</CSValueRank></CSValue><CSValue><CSValueCode>VA4081887</CSValueCode><CSValueName>w2.1x9.5d</CSValueName><CSValueRank>12</CSValueRank></CSValue></CSItem><CSItem><CSItemCode>IT4031519</CSItemCode><CSItemName>范围</CSItemName><CSItemRank>9</CSItemRank><CSItemIsFreeFormat>0</CSItemIsFreeFormat><CSValue><CSValueCode>VA4081263</CSValueCode><CSValueName>X-treme Ultinon LED</CSValueName><CSValueRank>4</CSValueRank></CSValue></CSItem><CSItem><CSItemCode>IT4031508</CSItemCode><CSItemName>类型</CSItemName><CSItemRank>11</CSItemRank><CSItemIsFreeFormat>0</CSItemIsFreeFormat><CSValue><CSValueCode>VA4094304</CSValueCode><CSValueName>多功能灯座 车内灯</CSValueName><CSValueRank>17</CSValueRank></CSValue></CSItem><CSItem><CSItemCode>IT4034911</CSItemCode><CSItemName>色温</CSItemName><CSItemRank>13</CSItemRank><CSItemIsFreeFormat>0</CSItemIsFreeFormat><CSValue><CSValueCode>VA4081303</CSValueCode><CSValueName>白色 6000K</CSValueName><CSValueRank>6</CSValueRank></CSValue></CSItem><CSItem><CSItemCode>IT4037487</CSItemCode><CSItemName>使用寿命</CSItemName><CSItemRank>14</CSItemRank><CSItemIsFreeFormat>0</CSItemIsFreeFormat><CSValue><CSValueCode>VA4087074</CSValueCode><CSValueName>12 年</CSValueName><CSValueRank>2</CSValueRank></CSValue></CSItem><CSItem><CSItemCode>IT4037486</CSItemCode><CSItemName>流明 [lm]</CSItemName><CSItemRank>15</CSItemRank><CSItemIsFreeFormat>0</CSItemIsFreeFormat><CSValue><CSValueCode>VA4087069</CSValueCode><CSValueName>60</CSValueName><CSValueRank>10</CSValueRank></CSValue></CSItem><CSItem><CSItemCode>IT4037483</CSItemCode><CSItemName>电压 [V]</CSItemName><CSItemRank>16</CSItemRank><CSItemIsFreeFormat>0</CSItemIsFreeFormat><CSValue><CSValueCode>VA4087062</CSValueCode><CSValueName>12</CSValueName><CSValueRank>1</CSValueRank></CSValue></CSItem><CSItem><CSItemCode>IT4037482</CSItemCode><CSItemName>功率 [W]</CSItemName><CSItemRank>17</CSItemRank><CSItemIsFreeFormat>0</CSItemIsFreeFormat><CSValue><CSValueCode>VA4087059</CSValueCode><CSValueName>0.9</CSValueName><CSValueRank>5</CSValueRank></CSValue></CSItem></CSChapter><CSChapter><CSChapterCode>CHA_0000023</CSChapterCode><CSChapterName>物流信息</CSChapterName><CSChapterRank>3</CSChapterRank><CSItem><CSItemCode>IT4037164</CSItemCode><CSItemName>箱规</CSItemName><CSItemRank>7</CSItemRank><CSItemIsFreeFormat>1</CSItemIsFreeFormat><CSValue><CSValueCode>VA4086330</CSValueCode><CSValueName>X1</CSValueName><CSValueRank>1</CSValueRank></CSValue></CSItem><CSItem><CSItemCode>IT4037165</CSItemCode><CSItemName>参考</CSItemName><CSItemRank>8</CSItemRank><CSItemIsFreeFormat>1</CSItemIsFreeFormat><CSValue><CSValueCode>VA4086331</CSValueCode><CSValueName>129576000KX1</CSValueName><CSValueRank>1</CSValueRank></CSValue></CSItem><CSItem><CSItemCode>IT4037494</CSItemCode><CSItemName>EAN（日本）</CSItemName><CSItemRank>10</CSItemRank><CSItemIsFreeFormat>1</CSItemIsFreeFormat><CSValue><CSValueCode>VA4087105</CSValueCode><CSValueName>8727900393590</CSValueName><CSValueRank>1</CSValueRank></CSValue></CSItem><CSItem><CSItemCode>IT4037493</CSItemCode><CSItemName>订购代码（日本）</CSItemName><CSItemRank>12</CSItemRank><CSItemIsFreeFormat>1</CSItemIsFreeFormat><CSValue><CSValueCode>VA4087104</CSValueCode><CSValueName>39359030</CSValueName><CSValueRank>1</CSValueRank></CSValue></CSItem></CSChapter><Filters><Purpose type="Comparison"><Features><Feature code="F400071715" rank="1" referenceName="High brightness LED 6000K"/><Feature code="F400071711" rank="2" referenceName="Uniform light diffusion"/><Feature code="F400071673" rank="3" referenceName="Multi-sockets installation options"/><Feature code="F400066417" rank="4" referenceName="High heat and vibration resistant"/><Feature code="F400071746" rank="5" referenceName="3 year limited warranty"/></Features><CSItems><CSItem code="IT4031500" rank="1" referenceName="产品描述 - 技术"/><CSItem code="IT4031492" rank="2" referenceName="市场规格 - 使用效果"/><CSItem code="IT4031517" rank="3" referenceName="产品描述 - 应用"/><CSItem code="IT4031498" rank="5" referenceName="市场规格 - 产品亮点"/><CSItem code="IT4031520" rank="6" referenceName="产品描述 - 基座"/><CSItem code="IT4037164" rank="7" referenceName="物流信息 - 箱规"/><CSItem code="IT4037165" rank="8" referenceName="物流信息 - 参考"/><CSItem code="IT4031519" rank="9" referenceName="产品描述 - 范围"/><CSItem code="IT4037494" rank="10" referenceName="物流信息 - EAN（日本）"/><CSItem code="IT4031508" rank="11" referenceName="产品描述 - 类型"/><CSItem code="IT4037493" rank="12" referenceName="物流信息 - 订购代码（日本）"/><CSItem code="IT4034911" rank="13" referenceName="产品描述 - 色温"/><CSItem code="IT4037487" rank="14" referenceName="产品描述 - 使用寿命"/><CSItem code="IT4037486" rank="15" referenceName="产品描述 - 流明 [lm]"/><CSItem code="IT4037483" rank="16" referenceName="产品描述 - 电压 [V]"/><CSItem code="IT4037482" rank="17" referenceName="产品描述 - 功率 [W]"/></CSItems></Purpose><Purpose type="Detail"><Features><Feature code="F400071715" rank="1" referenceName="High brightness LED 6000K"/><Feature code="F400071711" rank="2" referenceName="Uniform light diffusion"/><Feature code="F400071673" rank="3" referenceName="Multi-sockets installation options"/><Feature code="F400066417" rank="4" referenceName="High heat and vibration resistant"/><Feature code="F400071746" rank="5" referenceName="3 year limited warranty"/></Features><CSItems><CSItem code="IT4031500" rank="1" referenceName="产品描述 - 技术"/><CSItem code="IT4031492" rank="2" referenceName="市场规格 - 使用效果"/><CSItem code="IT4031517" rank="3" referenceName="产品描述 - 应用"/><CSItem code="IT4031498" rank="5" referenceName="市场规格 - 产品亮点"/><CSItem code="IT4031520" rank="6" referenceName="产品描述 - 基座"/><CSItem code="IT4037164" rank="7" referenceName="物流信息 - 箱规"/><CSItem code="IT4037165" rank="8" referenceName="物流信息 - 参考"/><CSItem code="IT4031519" rank="9" referenceName="产品描述 - 范围"/><CSItem code="IT4037494" rank="10" referenceName="物流信息 - EAN（日本）"/><CSItem code="IT4031508" rank="11" referenceName="产品描述 - 类型"/><CSItem code="IT4037493" rank="12" referenceName="物流信息 - 订购代码（日本）"/><CSItem code="IT4034911" rank="13" referenceName="产品描述 - 色温"/><CSItem code="IT4037487" rank="14" referenceName="产品描述 - 使用寿命"/><CSItem code="IT4037486" rank="15" referenceName="产品描述 - 流明 [lm]"/><CSItem code="IT4037483" rank="16" referenceName="产品描述 - 电压 [V]"/><CSItem code="IT4037482" rank="17" referenceName="产品描述 - 功率 [W]"/></CSItems></Purpose></Filters><FeatureCompareGroups/><Disclaimers/><RichTexts/></Product></Products>