<?xml version="1.0" encoding="UTF-8"?><Products xmlns:source="http://apache.org/cocoon/source/1.0" DocStatus="approved" DocTimeStamp="2018-10-27T23:32:08"><Product Country="CN" IsAccessory="false" IsMaster="false" Locale="zh_CN" lastModified="2018-10-21T16:24:22" masterLastModified="2017-07-05T00:39:32"><CTN>284E5QSW/93</CTN><Code12NC>867000104681</Code12NC><GTIN>6951613903704</GTIN><MarketingVersion>1.0.1</MarketingVersion><MarketingStatus>Final Published</MarketingStatus><CRDate>2013-12-27</CRDate><CRDateYW>201352</CRDateYW><ModelYears><ModelYear>2013</ModelYear><ModelYear>2014</ModelYear></ModelYears><ProductDivision><ProductDivisionCode>0200</ProductDivisionCode><ProductDivisionName>Consumer Lifestyle</ProductDivisionName><FormerPDCode>3400</FormerPDCode></ProductDivision><ProductOwner>Karen Lee</ProductOwner><DTN>284E5QSW/93</DTN><Catalog><StartOfPublication>2014-01-27T00:00:00</StartOfPublication><EndOfPublication>2019-04-27T00:00:00</EndOfPublication><StartOfSales>2014-01-27T00:00:00</StartOfSales><EndOfSales>2019-04-27T00:00:00</EndOfSales><DummyPrice/><Deleted>false</Deleted><DeleteAfterDate/><ProductRank>28</ProductRank></Catalog><FinancialCategorization><BusinessGroupCode>6918</BusinessGroupCode><BusinessGroupName>TV</BusinessGroupName><BusinessUnitCode>0655</BusinessUnitCode><BusinessUnitName>Monitors</BusinessUnitName><MainArticleGroupCode>J89</MainArticleGroupCode><MainArticleGroupName>Monitors</MainArticleGroupName><ArticleGroupCode>3789</ArticleGroupCode><ArticleGroupName>Monitors global</ArticleGroupName></FinancialCategorization><Categorization type="CONSUMER"><GroupCode>SOUND_AND_VISION_GR</GroupCode><GroupName>Sound &amp; vision</GroupName><CategoryCode>SV_MONITORS_CA</CategoryCode><CategoryName>Monitors</CategoryName><SubcategoryCode>SV_OTHERS_SU</SubcategoryCode><SubcategoryName>Others</SubcategoryName></Categorization><Assets><Asset code="284E5QSW_93" description="User manual" extension="pdf" lastModified="2013-11-08" locale="zh_CN" number="001" type="DFU">http://download.p4c.philips.com/files/2/284e5qsw_93/284e5qsw_93_dfu_zhs.pdf</Asset><Asset code="284E5QSW_93" description="Leaflet" extension="pdf" lastModified="2018-01-01" locale="zh_CN" number="001" type="PSS">http://download.p4c.philips.com/files/2/284e5qsw_93/284e5qsw_93_pss_zhscn.pdf</Asset><Asset code="284E5QSW_93" description="Retail Trade Leaflet" extension="pdf" lastModified="2018-09-08" locale="zh_CN" number="001" type="RTL">http://download.p4c.philips.com/files/2/284e5qsw_93/284e5qsw_93_rtl_zhscn.pdf</Asset><Asset code="284E5QSW_93" description="Front product photograph - highres 2196x1795" extension="tif" lastModified="2014-01-21" locale="global" number="001" type="_FP">http://images.philips.com/is/image/PhilipsConsumer/284E5QSW_93-_FP-global-001</Asset><Asset code="284E5QSW_93" description="Leaflet" extension="pdf" lastModified="2018-01-01" locale="global" number="001" type="PSS">http://download.p4c.philips.com/files/2/284e5qsw_93/284e5qsw_93_pss_.pdf</Asset><Asset code="284E5QSW_93" description="Standard product photograph - highres 2196x1795" extension="tif" lastModified="2014-01-21" locale="global" number="001" type="RTP">http://images.philips.com/is/image/PhilipsConsumer/284E5QSW_93-RTP-global-001</Asset><Asset code="284E5QSW_93" description="Single product shot" extension="" lastModified="2018-10-21" locale="zh_CN" number="" type="IMS">http://images.philips.com/is/image/PhilipsConsumer/284E5QSW_93-IMS-zh_CN</Asset><Asset code="284E5QSW_93" description="Product gallery image set" extension="" lastModified="2018-10-21" locale="zh_CN" number="" type="GAL">http://images.philips.com/is/image/PhilipsConsumer/284E5QSW_93-GAL-zh_CN</Asset><Asset code="284E5QSW_93" description="Product URL" extension="" lastModified="2018-10-21" locale="zh_CN" number="" type="URL">http://www.philips.com.cn/c-p/284E5QSW_93/lcd-monitor-with-smartimage-lite</Asset><Asset code="F300015008" description="Feature logo - highres 331x213" extension="tif" lastModified="2012-03-06" locale="global" number="001" type="FLP">http://images.philips.com/is/image/PhilipsConsumer/F300015008-FLP-global-001</Asset><Asset code="F400000200" description="Feature logo - highres 331x213" extension="tif" lastModified="2010-05-19" locale="global" number="001" type="FLP">http://images.philips.com/is/image/PhilipsConsumer/F400000200-FLP-global-001</Asset><Asset code="F400019722" description="Feature logo - highres 331x213" extension="tif" lastModified="2010-01-19" locale="global" number="001" type="FLP">http://images.philips.com/is/image/PhilipsConsumer/F400019722-FLP-global-001</Asset><Asset code="F400023546" description="Feature photograph - highres 2100x1170" extension="tif" lastModified="2011-04-21" locale="global" number="001" type="FIL">http://images.philips.com/is/image/PhilipsConsumer/F400023546-FIL-global-001</Asset><Asset code="F400023546" description="Feature logo - highres 331x213" extension="tif" lastModified="2011-11-25" locale="global" number="001" type="FLP">http://images.philips.com/is/image/PhilipsConsumer/F400023546-FLP-global-001</Asset><Asset code="F400032206" description="Feature logo - highres 331x213" extension="tif" lastModified="2011-04-21" locale="global" number="001" type="FLP">http://images.philips.com/is/image/PhilipsConsumer/F400032206-FLP-global-001</Asset><Asset code="F400032208" description="Feature photograph - highres 2100x1170" extension="tif" lastModified="2011-04-10" locale="global" number="001" type="FIL">http://images.philips.com/is/image/PhilipsConsumer/F400032208-FIL-global-001</Asset><Asset code="F400032208" description="Feature logo - highres 331x213" extension="tif" lastModified="2017-11-15" locale="global" number="001" type="FLP">http://images.philips.com/is/image/PhilipsConsumer/F400032208-FLP-global-001</Asset><Asset code="F400032622" description="Feature logo - highres 331x213" extension="tif" lastModified="2011-04-25" locale="global" number="001" type="FLP">http://images.philips.com/is/image/PhilipsConsumer/F400032622-FLP-global-001</Asset><Asset code="F400035275" description="Feature photograph - highres 2100x1170" extension="tif" lastModified="2011-08-25" locale="global" number="001" type="FIL">http://images.philips.com/is/image/PhilipsConsumer/F400035275-FIL-global-001</Asset><Asset code="F400035275" description="Feature logo - highres 331x213" extension="tif" lastModified="2011-08-25" locale="global" number="001" type="FLP">http://images.philips.com/is/image/PhilipsConsumer/F400035275-FLP-global-001</Asset><Asset code="F400054885" description="Feature photograph - highres 2100x1170" extension="tif" lastModified="2015-05-28" locale="global" number="001" type="FIL">http://images.philips.com/is/image/PhilipsConsumer/F400054885-FIL-global-001</Asset><Asset code="F400054885" description="Feature logo - highres 331x213" extension="tif" lastModified="2015-05-18" locale="global" number="001" type="FLP">http://images.philips.com/is/image/PhilipsConsumer/F400054885-FLP-global-001</Asset><Asset code="PHI" description="Brand logo - highres 1476x886" extension="tif" lastModified="2016-02-18" locale="global" number="001" type="BRP">http://images.philips.com/is/image/PhilipsConsumer/PHI-BRP-global-001</Asset></Assets><ProductName>采用 SmartImage lite 技术的 E 系列液晶显示器</ProductName><FullProductName>飞利浦 采用 SmartImage lite 技术的液晶显示器 284E5QSW E 系列 28 英寸/71.1 厘米 全高清 MVA 显示屏</FullProductName><NamingString><MasterBrand><BrandCode>PHI</BrandCode><BrandName>Philips</BrandName></MasterBrand><BrandString>飞利浦</BrandString><Descriptor><DescriptorCode>D4007716</DescriptorCode><DescriptorName>采用 SmartImage lite 技术的液晶显示器</DescriptorName></Descriptor><Alphanumeric>284E5QSW</Alphanumeric><VersionElement1><VersionElementCode>V4013896</VersionElementCode><VersionElementName>E 系列</VersionElementName></VersionElement1><VersionElement2><VersionElementCode>V4027931</VersionElementCode><VersionElementName>28 英寸/71.1 厘米</VersionElementName></VersionElement2><VersionElement3><VersionElementCode>V4028963</VersionElementCode><VersionElementName>全高清 MVA 显示屏</VersionElementName></VersionElement3><VersionString>E 系列 28 英寸/71.1 厘米 全高清 MVA 显示屏</VersionString><BrandedFeatureString/><DescriptorBrandedFeatureString>采用 SmartImage lite 技术的液晶显示器</DescriptorBrandedFeatureString></NamingString><WOW>MVA 显示屏，带来鲜艳的图像</WOW><MarketingTextHeader>这款极具魅力的大尺寸飞利浦显示器具有窄边框和 MVA 屏幕，能让您获得绚丽色彩的超棒图像。</MarketingTextHeader><KeyBenefitArea><KeyBenefitAreaCode>K4022616</KeyBenefitAreaCode><KeyBenefitAreaName>超棒画质</KeyBenefitAreaName><KeyBenefitAreaRank>1</KeyBenefitAreaRank><Feature><FeatureCode>F400054885</FeatureCode><FeatureReferenceName>MVA LED display</FeatureReferenceName><FeatureName>MV LED显示屏</FeatureName><FeatureLongDescription>MVA 显示屏采用宽视角，可带给您卓越的画质</FeatureLongDescription><FeatureGlossary>飞利浦 MVA LED 显示屏采用先进的多域垂直校准技术，可为您带来超高的静态对比率，让您享受更加鲜艳明亮的图像。尽管标准办公应用程序处理起来非常容易，但本显示屏尤其适用于照片、网页浏览、电影、游戏和最严苛的图形应用程序。它具有的象素管理技术可为您带来超宽视角，带来清晰无比的图像。</FeatureGlossary><FeatureRank>1</FeatureRank><FeatureTopRank>1</FeatureTopRank></Feature><Feature><FeatureCode>F400000200</FeatureCode><FeatureReferenceName>SmartImage Lite</FeatureReferenceName><FeatureName>SmartImage Lite</FeatureName><FeatureShortDescription>SmartImage 显示屏增强</FeatureShortDescription><FeatureLongDescription>SmartImage Lite 提升液晶观赏体验</FeatureLongDescription><FeatureGlossary>SmartImage Lite 是飞利浦独有的一项先进技术，能够对屏幕上显示的内容作出分析。基于您选择的情况，SmartImage Lite 能够动态增强图像和视频的对比度、色彩饱和度和清晰度。只需按下一个按钮，就可实时获得最佳显示效果。</FeatureGlossary><FeatureRank>4</FeatureRank><FeatureTopRank>2</FeatureTopRank></Feature><Feature><FeatureCode>F400032208</FeatureCode><FeatureReferenceName>16:9 Full HD display for best viewing experience</FeatureReferenceName><FeatureName>16:9 全高清</FeatureName><FeatureLongDescription>16:9 全高清显示屏，带给您最佳观赏体验</FeatureLongDescription><FeatureGlossary>全高清屏幕具有 1920 x 1080 的分辨率。这是目前体现优秀画面质量的高清信号源的最高分辨率。它支持来自所有信号源的 1080p 信号，包括最新的蓝光技术和先进的高清游戏控制台，为未来做好了充分的准备。全面升级的信号处理功能可支持更高的信号质量和分辨率。它可生成具有出色的亮度和超凡的色彩的靓丽无闪烁的逐行扫描图像。</FeatureGlossary><FeatureRank>2</FeatureRank><FeatureTopRank>3</FeatureTopRank></Feature><Feature><FeatureCode>F400035275</FeatureCode><FeatureReferenceName>TrueVision ensures lab quality images</FeatureReferenceName><FeatureName>TrueVision</FeatureName><FeatureLongDescription>TrueVision 可确保实验室级高品质图像</FeatureLongDescription><FeatureGlossary>TrueVision 是飞利浦的一项专利技术，它采用先进的算法测试和校准显示器屏幕，为您带来极致屏幕性能。飞利浦确保 TrueVision 显示器在出厂时 已按照此流程进行精调，带给您始终如一的颜色和图像质量。</FeatureGlossary><FeatureRank>3</FeatureRank><FeatureTopRank>4</FeatureTopRank></Feature></KeyBenefitArea><KeyBenefitArea><KeyBenefitAreaCode>K300000240</KeyBenefitAreaCode><KeyBenefitAreaName>时尚设计</KeyBenefitAreaName><KeyBenefitAreaRank>2</KeyBenefitAreaRank><Feature><FeatureCode>F400051314</FeatureCode><FeatureReferenceName>Superb glossy and texture finish</FeatureReferenceName><FeatureName>高品质抛光和纹理</FeatureName><FeatureLongDescription>高品质抛光和纹理表面</FeatureLongDescription><FeatureRank>2</FeatureRank><FeatureTopRank>5</FeatureTopRank></Feature><Feature><FeatureCode>F400051315</FeatureCode><FeatureReferenceName>VESA mount for convenience</FeatureReferenceName><FeatureName>VESA 安装架，方便使用</FeatureName><FeatureLongDescription>VESA 安装架，方便使用</FeatureLongDescription><FeatureRank>3</FeatureRank><FeatureTopRank>8</FeatureTopRank></Feature><Feature><FeatureCode>F400054005</FeatureCode><FeatureReferenceName>Elegant design with slim bezel</FeatureReferenceName><FeatureName>窄边框优雅设计</FeatureName><FeatureLongDescription>窄边框优雅设计</FeatureLongDescription><FeatureRank>1</FeatureRank><FeatureTopRank>10</FeatureTopRank></Feature></KeyBenefitArea><KeyBenefitArea><KeyBenefitAreaCode>K4011695</KeyBenefitAreaCode><KeyBenefitAreaName>居家更节能，环保每一天</KeyBenefitAreaName><KeyBenefitAreaRank>3</KeyBenefitAreaRank><Feature><FeatureCode>F400019722</FeatureCode><FeatureReferenceName>Mercury Free</FeatureReferenceName><FeatureName>不含汞</FeatureName><FeatureLongDescription>无汞环保显示器</FeatureLongDescription><FeatureGlossary>飞利浦显示器采用 LED 背光照明且不含汞物质，汞是毒性最强的自然物质之一，可严重危害人体和动物健康。该产品还可减少显示器对环境的影响，环保属性贯穿从制造到废弃的整个产品生命周期。</FeatureGlossary><FeatureRank>2</FeatureRank><FeatureTopRank>6</FeatureTopRank></Feature><Feature><FeatureCode>F400017416</FeatureCode><FeatureReferenceName>Eco-friendly materials</FeatureReferenceName><FeatureName>环保材料</FeatureName><FeatureLongDescription>符合国际标准的环保材料</FeatureLongDescription><FeatureGlossary>飞利浦致力于在整个显示器系列中采用可持续的环保材料。所有主体塑料部件、金属外壳部件和包装材料都采用可全面回收利用的材料。在某些特定型号中，我们采用高达 65% 的消费后可回收塑料。我们严格遵循 RoHS 标准，以确保大幅度降低或消除有害物质，例如铅。带 CCFL 背光源的显示器中的汞含量已显著降低，而带 LED 背光源的显示器中的汞含量已完全消除。请访问飞利浦 http://www.asimpleswitch.com/global/ 了解更多信息。</FeatureGlossary><FeatureRank>3</FeatureRank><FeatureTopRank>7</FeatureTopRank></Feature><Feature><FeatureCode>F400044227</FeatureCode><FeatureReferenceName>Low power consumption saves energy bills</FeatureReferenceName><FeatureName>低功耗</FeatureName><FeatureLongDescription>低功耗，节省电费</FeatureLongDescription><FeatureRank>1</FeatureRank><FeatureTopRank>9</FeatureTopRank></Feature></KeyBenefitArea><FeatureLogo><FeatureCode>F400054885</FeatureCode><FeatureReferenceName>MVA LED display</FeatureReferenceName><FeatureLogoRank>4</FeatureLogoRank></FeatureLogo><FeatureLogo><FeatureCode>F300015008</FeatureCode><FeatureReferenceName>Widest viewing angle (178°)</FeatureReferenceName><FeatureLogoRank>5</FeatureLogoRank></FeatureLogo><FeatureLogo><FeatureCode>F400032206</FeatureCode><FeatureReferenceName>LED technology for natural colors</FeatureReferenceName><FeatureLogoRank>6</FeatureLogoRank></FeatureLogo><FeatureLogo><FeatureCode>F400000200</FeatureCode><FeatureReferenceName>SmartImage Lite</FeatureReferenceName><FeatureLogoRank>7</FeatureLogoRank></FeatureLogo><FeatureLogo><FeatureCode>F400023546</FeatureCode><FeatureReferenceName>SmartContrast ratio 20000000:1</FeatureReferenceName><FeatureLogoRank>8</FeatureLogoRank></FeatureLogo><FeatureLogo><FeatureCode>F400032208</FeatureCode><FeatureReferenceName>16:9 Full HD display for best viewing experience</FeatureReferenceName><FeatureLogoRank>9</FeatureLogoRank></FeatureLogo><FeatureLogo><FeatureCode>F400032622</FeatureCode><FeatureReferenceName>Low power</FeatureReferenceName><FeatureLogoRank>10</FeatureLogoRank></FeatureLogo><FeatureLogo><FeatureCode>F400019722</FeatureCode><FeatureReferenceName>Mercury Free</FeatureReferenceName><FeatureLogoRank>11</FeatureLogoRank></FeatureLogo><FeatureImage><FeatureCode>F400054885</FeatureCode><FeatureReferenceName>MVA LED display</FeatureReferenceName><FeatureImageRank>1</FeatureImageRank></FeatureImage><FeatureImage><FeatureCode>F400000200</FeatureCode><FeatureReferenceName>SmartImage Lite</FeatureReferenceName><FeatureImageRank>2</FeatureImageRank></FeatureImage><FeatureImage><FeatureCode>F400032208</FeatureCode><FeatureReferenceName>16:9 Full HD display for best viewing experience</FeatureReferenceName><FeatureImageRank>3</FeatureImageRank></FeatureImage><FeatureImage><FeatureCode>F400035275</FeatureCode><FeatureReferenceName>TrueVision ensures lab quality images</FeatureReferenceName><FeatureImageRank>4</FeatureImageRank></FeatureImage><FeatureImage><FeatureCode>F400019722</FeatureCode><FeatureReferenceName>Mercury Free</FeatureReferenceName><FeatureImageRank>6</FeatureImageRank></FeatureImage><FeatureImage><FeatureCode>F400017416</FeatureCode><FeatureReferenceName>Eco-friendly materials</FeatureReferenceName><FeatureImageRank>7</FeatureImageRank></FeatureImage><FeatureHighlight><FeatureCode>F400054885</FeatureCode><FeatureReferenceName>MVA LED display</FeatureReferenceName><FeatureHighlightRank>1</FeatureHighlightRank></FeatureHighlight><FeatureHighlight><FeatureCode>F400000200</FeatureCode><FeatureReferenceName>SmartImage Lite</FeatureReferenceName><FeatureHighlightRank>2</FeatureHighlightRank></FeatureHighlight><FeatureHighlight><FeatureCode>F400032208</FeatureCode><FeatureReferenceName>16:9 Full HD display for best viewing experience</FeatureReferenceName><FeatureHighlightRank>3</FeatureHighlightRank></FeatureHighlight><FeatureHighlight><FeatureCode>F400035275</FeatureCode><FeatureReferenceName>TrueVision ensures lab quality images</FeatureReferenceName><FeatureHighlightRank>4</FeatureHighlightRank></FeatureHighlight><FeatureHighlight><FeatureCode>F400019722</FeatureCode><FeatureReferenceName>Mercury Free</FeatureReferenceName><FeatureHighlightRank>6</FeatureHighlightRank></FeatureHighlight><FeatureHighlight><FeatureCode>F400017416</FeatureCode><FeatureReferenceName>Eco-friendly materials</FeatureReferenceName><FeatureHighlightRank>7</FeatureHighlightRank></FeatureHighlight><CSChapter><CSChapterCode>3000796</CSChapterCode><CSChapterName>图片/显示</CSChapterName><CSChapterRank>1</CSChapterRank><CSItem><CSItemCode>3006169</CSItemCode><CSItemName>LCD 面板类型</CSItemName><CSItemRank>1</CSItemRank><CSItemIsFreeFormat>0</CSItemIsFreeFormat><CSValue><CSValueCode>VA4015326</CSValueCode><CSValueName>MVA</CSValueName><CSValueRank>1</CSValueRank></CSValue></CSItem><CSItem><CSItemCode>IT4007209</CSItemCode><CSItemName>背光类型</CSItemName><CSItemRank>2</CSItemRank><CSItemIsFreeFormat>1</CSItemIsFreeFormat><CSValue><CSValueCode>VA4018797</CSValueCode><CSValueName>W-LED 系统</CSValueName><CSValueRank>1</CSValueRank></CSValue></CSItem><CSItem><CSItemCode>3006180</CSItemCode><CSItemName>面板尺寸</CSItemName><CSItemRank>3</CSItemRank><CSItemIsFreeFormat>1</CSItemIsFreeFormat><CSValue><CSValueCode>3031218</CSValueCode><CSValueName>28 英寸 / 71.1 厘米</CSValueName><CSValueRank>1</CSValueRank></CSValue></CSItem><CSItem><CSItemCode>3006149</CSItemCode><CSItemName>有效显示区</CSItemName><CSItemRank>4</CSItemRank><CSItemIsFreeFormat>1</CSItemIsFreeFormat><CSValue><CSValueCode>3031161</CSValueCode><CSValueName>619.8（水平）x 348.6（垂直）</CSValueName><CSValueRank>1</CSValueRank></CSValue></CSItem><CSItem><CSItemCode>3006121</CSItemCode><CSItemName>宽高比</CSItemName><CSItemRank>5</CSItemRank><CSItemIsFreeFormat>0</CSItemIsFreeFormat><CSValue><CSValueCode>3031098</CSValueCode><CSValueName>16:9</CSValueName><CSValueRank>1</CSValueRank></CSValue></CSItem><CSItem><CSItemCode>3006193</CSItemCode><CSItemName>最佳分辨率</CSItemName><CSItemRank>6</CSItemRank><CSItemIsFreeFormat>1</CSItemIsFreeFormat><CSValue><CSValueCode>3031277</CSValueCode><CSValueName>1920 x 1080，60 赫兹</CSValueName><CSValueRank>1</CSValueRank></CSValue></CSItem><CSItem><CSItemCode>3006197</CSItemCode><CSItemName>响应时间（标准）</CSItemName><CSItemRank>7</CSItemRank><CSItemIsFreeFormat>1</CSItemIsFreeFormat><CSValue><CSValueCode>3031281</CSValueCode><CSValueName>6.5</CSValueName><CSValueRank>1</CSValueRank></CSValue><UnitOfMeasure><UnitOfMeasureCode>3000059</UnitOfMeasureCode><UnitOfMeasureName>毫秒</UnitOfMeasureName><UnitOfMeasureSymbol>毫秒</UnitOfMeasureSymbol></UnitOfMeasure></CSItem><CSItem><CSItemCode>IT4016511</CSItemCode><CSItemName>SmartResponse（标准）</CSItemName><CSItemRank>8</CSItemRank><CSItemIsFreeFormat>1</CSItemIsFreeFormat><CSValue><CSValueCode>VA4033561</CSValueCode><CSValueName>4 毫秒（灰阶响应时间）</CSValueName><CSValueRank>1</CSValueRank></CSValue></CSItem><CSItem><CSItemCode>3006127</CSItemCode><CSItemName>亮度</CSItemName><CSItemRank>9</CSItemRank><CSItemIsFreeFormat>1</CSItemIsFreeFormat><CSValue><CSValueCode>3031110</CSValueCode><CSValueName>300</CSValueName><CSValueRank>1</CSValueRank></CSValue><UnitOfMeasure><UnitOfMeasureCode>3000038</UnitOfMeasureCode><UnitOfMeasureName>cd/m²</UnitOfMeasureName><UnitOfMeasureSymbol>cd/m²</UnitOfMeasureSymbol></UnitOfMeasure></CSItem><CSItem><CSItemCode>3006133</CSItemCode><CSItemName>对比度（标准）</CSItemName><CSItemRank>10</CSItemRank><CSItemIsFreeFormat>1</CSItemIsFreeFormat><CSValue><CSValueCode>3031116</CSValueCode><CSValueName>3000:1</CSValueName><CSValueRank>1</CSValueRank></CSValue></CSItem><CSItem><CSItemCode>IT4006148</CSItemCode><CSItemName>SmartContrast</CSItemName><CSItemRank>11</CSItemRank><CSItemIsFreeFormat>1</CSItemIsFreeFormat><CSValue><CSValueCode>VA4017351</CSValueCode><CSValueName>20,000,000:1</CSValueName><CSValueRank>1</CSValueRank></CSValue></CSItem><CSItem><CSItemCode>3006186</CSItemCode><CSItemName>像素间距</CSItemName><CSItemRank>12</CSItemRank><CSItemIsFreeFormat>1</CSItemIsFreeFormat><CSValue><CSValueCode>3031270</CSValueCode><CSValueName>0.32 x 0.32 毫米</CSValueName><CSValueRank>1</CSValueRank></CSValue></CSItem><CSItem><CSItemCode>3007518</CSItemCode><CSItemName>视角</CSItemName><CSItemRank>13</CSItemRank><CSItemIsFreeFormat>0</CSItemIsFreeFormat><CSValue><CSValueCode>3037826</CSValueCode><CSValueName>176º (H) / 176º (V)</CSValueName><CSValueRank>1</CSValueRank></CSValue><CSValue><CSValueCode>3035028</CSValueCode><CSValueName>@ C/R &gt; 10</CSValueName><CSValueRank>2</CSValueRank></CSValue></CSItem><CSItem><CSItemCode>3006183</CSItemCode><CSItemName>画面效果增强</CSItemName><CSItemRank>14</CSItemRank><CSItemIsFreeFormat>0</CSItemIsFreeFormat><CSValue><CSValueCode>VA4000341</CSValueCode><CSValueName>SmartImage Lite</CSValueName><CSValueRank>1</CSValueRank></CSValue></CSItem><CSItem><CSItemCode>3006143</CSItemCode><CSItemName>显示屏色彩</CSItemName><CSItemRank>15</CSItemRank><CSItemIsFreeFormat>1</CSItemIsFreeFormat><CSValue><CSValueCode>3031126</CSValueCode><CSValueName>16.7 M</CSValueName><CSValueRank>1</CSValueRank></CSValue></CSItem><CSItem><CSItemCode>IT4006149</CSItemCode><CSItemName>扫描频率</CSItemName><CSItemRank>16</CSItemRank><CSItemIsFreeFormat>1</CSItemIsFreeFormat><CSValue><CSValueCode>VA4017352</CSValueCode><CSValueName>30 - 83 千赫（水平）/ 56 -75 赫兹（垂直）</CSValueName><CSValueRank>1</CSValueRank></CSValue></CSItem><CSItem><CSItemCode>3006207</CSItemCode><CSItemName>sRGB</CSItemName><CSItemRank>17</CSItemRank><CSItemIsFreeFormat>1</CSItemIsFreeFormat><CSValue><CSValueCode>3031306</CSValueCode><CSValueName>是</CSValueName><CSValueRank>1</CSValueRank></CSValue></CSItem></CSChapter><CSChapter><CSChapterCode>3000813</CSChapterCode><CSChapterName>连接</CSChapterName><CSChapterRank>2</CSChapterRank><CSItem><CSItemCode>3006576</CSItemCode><CSItemName>信号输入</CSItemName><CSItemRank>1</CSItemRank><CSItemIsFreeFormat>0</CSItemIsFreeFormat><CSValue><CSValueCode>3036216</CSValueCode><CSValueName>VGA（模拟）</CSValueName><CSValueRank>1</CSValueRank></CSValue><CSValue><CSValueCode>VA4015427</CSValueCode><CSValueName>DVI-D（数字，HDCP）</CSValueName><CSValueRank>2</CSValueRank></CSValue></CSItem><CSItem><CSItemCode>3006588</CSItemCode><CSItemName>同步输入</CSItemName><CSItemRank>2</CSItemRank><CSItemIsFreeFormat>0</CSItemIsFreeFormat><CSValue><CSValueCode>3032392</CSValueCode><CSValueName>单独同步</CSValueName><CSValueRank>1</CSValueRank></CSValue><CSValue><CSValueCode>3032393</CSValueCode><CSValueName>同步时呈绿色</CSValueName><CSValueRank>2</CSValueRank></CSValue></CSItem></CSChapter><CSChapter><CSChapterCode>3000814</CSChapterCode><CSChapterName>便利性</CSChapterName><CSChapterRank>3</CSChapterRank><CSItem><CSItemCode>3006633</CSItemCode><CSItemName>方便用户</CSItemName><CSItemRank>1</CSItemRank><CSItemIsFreeFormat>0</CSItemIsFreeFormat><CSValue><CSValueCode>VA4017554</CSValueCode><CSValueName>打开/关闭电源</CSValueName><CSValueRank>1</CSValueRank></CSValue><CSValue><CSValueCode>VA4017357</CSValueCode><CSValueName>菜单</CSValueName><CSValueRank>2</CSValueRank></CSValue><CSValue><CSValueCode>VA4023882</CSValueCode><CSValueName>4:3 / 宽屏</CSValueName><CSValueRank>3</CSValueRank></CSValue><CSValue><CSValueCode>VA4017358</CSValueCode><CSValueName>输入</CSValueName><CSValueRank>4</CSValueRank></CSValue><CSValue><CSValueCode>VA4022518</CSValueCode><CSValueName>SmartImage lite</CSValueName><CSValueRank>5</CSValueRank></CSValue></CSItem><CSItem><CSItemCode>3006693</CSItemCode><CSItemName>OSD 语言</CSItemName><CSItemRank>2</CSItemRank><CSItemIsFreeFormat>0</CSItemIsFreeFormat><CSValue><CSValueCode>VA4065363</CSValueCode><CSValueName>巴西葡萄牙语</CSValueName><CSValueRank>1</CSValueRank></CSValue><CSValue><CSValueCode>3034561</CSValueCode><CSValueName>捷克语</CSValueName><CSValueRank>2</CSValueRank></CSValue><CSValue><CSValueCode>3034565</CSValueCode><CSValueName>荷兰语</CSValueName><CSValueRank>3</CSValueRank></CSValue><CSValue><CSValueCode>3032771</CSValueCode><CSValueName>简体中文</CSValueName><CSValueRank>4</CSValueRank></CSValue><CSValue><CSValueCode>VA4063224</CSValueCode><CSValueName>芬兰语</CSValueName><CSValueRank>5</CSValueRank></CSValue><CSValue><CSValueCode>3032772</CSValueCode><CSValueName>法语</CSValueName><CSValueRank>6</CSValueRank></CSValue><CSValue><CSValueCode>3032773</CSValueCode><CSValueName>德语</CSValueName><CSValueRank>7</CSValueRank></CSValue><CSValue><CSValueCode>VA4002508</CSValueCode><CSValueName>希腊语</CSValueName><CSValueRank>8</CSValueRank></CSValue><CSValue><CSValueCode>3034563</CSValueCode><CSValueName>匈牙利语</CSValueName><CSValueRank>9</CSValueRank></CSValue><CSValue><CSValueCode>3032774</CSValueCode><CSValueName>意大利语</CSValueName><CSValueRank>10</CSValueRank></CSValue><CSValue><CSValueCode>3038221</CSValueCode><CSValueName>日语</CSValueName><CSValueRank>11</CSValueRank></CSValue><CSValue><CSValueCode>3039946</CSValueCode><CSValueName>韩语</CSValueName><CSValueRank>12</CSValueRank></CSValue><CSValue><CSValueCode>3034564</CSValueCode><CSValueName>波兰语</CSValueName><CSValueRank>13</CSValueRank></CSValue><CSValue><CSValueCode>3032775</CSValueCode><CSValueName>葡萄牙语</CSValueName><CSValueRank>14</CSValueRank></CSValue><CSValue><CSValueCode>3032776</CSValueCode><CSValueName>俄语</CSValueName><CSValueRank>15</CSValueRank></CSValue><CSValue><CSValueCode>3034114</CSValueCode><CSValueName>简体中文</CSValueName><CSValueRank>16</CSValueRank></CSValue><CSValue><CSValueCode>3032777</CSValueCode><CSValueName>西班牙语</CSValueName><CSValueRank>17</CSValueRank></CSValue><CSValue><CSValueCode>3034562</CSValueCode><CSValueName>瑞典语</CSValueName><CSValueRank>18</CSValueRank></CSValue><CSValue><CSValueCode>3034115</CSValueCode><CSValueName>繁体中文</CSValueName><CSValueRank>19</CSValueRank></CSValue><CSValue><CSValueCode>3035749</CSValueCode><CSValueName>土耳其语</CSValueName><CSValueRank>20</CSValueRank></CSValue><CSValue><CSValueCode>VA4065364</CSValueCode><CSValueName>乌克兰语</CSValueName><CSValueRank>21</CSValueRank></CSValue></CSItem><CSItem><CSItemCode>3006694</CSItemCode><CSItemName>其它便利性</CSItemName><CSItemRank>3</CSItemRank><CSItemIsFreeFormat>0</CSItemIsFreeFormat><CSValue><CSValueCode>3032778</CSValueCode><CSValueName>Kensington 锁</CSValueName><CSValueRank>1</CSValueRank></CSValue><CSValue><CSValueCode>VA4016754</CSValueCode><CSValueName>VESA 安装（100x100 毫米）</CSValueName><CSValueRank>2</CSValueRank></CSValue></CSItem><CSItem><CSItemCode>3006699</CSItemCode><CSItemName>即插即用兼容性</CSItemName><CSItemRank>4</CSItemRank><CSItemIsFreeFormat>0</CSItemIsFreeFormat><CSValue><CSValueCode>3043209</CSValueCode><CSValueName>DDC/CI</CSValueName><CSValueRank>1</CSValueRank></CSValue><CSValue><CSValueCode>3046249</CSValueCode><CSValueName>Mac OS X</CSValueName><CSValueRank>2</CSValueRank></CSValue><CSValue><CSValueCode>3032788</CSValueCode><CSValueName>sRGB</CSValueName><CSValueRank>3</CSValueRank></CSValue><CSValue><CSValueCode>VA4021211</CSValueCode><CSValueName>Windows 7</CSValueName><CSValueRank>4</CSValueRank></CSValue><CSValue><CSValueCode>VA4061981</CSValueCode><CSValueName>Windows 8</CSValueName><CSValueRank>5</CSValueRank></CSValue></CSItem></CSChapter><CSChapter><CSChapterCode>CH4000824</CSChapterCode><CSChapterName>底座</CSChapterName><CSChapterRank>4</CSChapterRank><CSItem><CSItemCode>IT4004954</CSItemCode><CSItemName>倾斜</CSItemName><CSItemRank>1</CSItemRank><CSItemIsFreeFormat>1</CSItemIsFreeFormat><CSValue><CSValueCode>VA4015659</CSValueCode><CSValueName>-5/20</CSValueName><CSValueRank>1</CSValueRank></CSValue><UnitOfMeasure><UnitOfMeasureCode>3000042</UnitOfMeasureCode><UnitOfMeasureName>度</UnitOfMeasureName><UnitOfMeasureSymbol>度</UnitOfMeasureSymbol></UnitOfMeasure></CSItem></CSChapter><CSChapter><CSChapterCode>3000821</CSChapterCode><CSChapterName>功率</CSChapterName><CSChapterRank>5</CSChapterRank><CSItem><CSItemCode>IT4005861</CSItemCode><CSItemName>开启模式</CSItemName><CSItemRank>1</CSItemRank><CSItemIsFreeFormat>1</CSItemIsFreeFormat><CSValue><CSValueCode>VA4017025</CSValueCode><CSValueName>22.9 瓦（标准）（能源之星 6.0 测试方法）</CSValueName><CSValueRank>1</CSValueRank></CSValue></CSItem><CSItem><CSItemCode>IT4006150</CSItemCode><CSItemName>待机模式</CSItemName><CSItemRank>2</CSItemRank><CSItemIsFreeFormat>1</CSItemIsFreeFormat><CSValue><CSValueCode>VA4017360</CSValueCode><CSValueName>0.5 瓦（标准）</CSValueName><CSValueRank>1</CSValueRank></CSValue></CSItem><CSItem><CSItemCode>IT4006081</CSItemCode><CSItemName>关闭模式</CSItemName><CSItemRank>3</CSItemRank><CSItemIsFreeFormat>1</CSItemIsFreeFormat><CSValue><CSValueCode>VA4017285</CSValueCode><CSValueName>0.3 瓦（标准）</CSValueName><CSValueRank>1</CSValueRank></CSValue></CSItem><CSItem><CSItemCode>3006931</CSItemCode><CSItemName>电源 LED 指示灯</CSItemName><CSItemRank>4</CSItemRank><CSItemIsFreeFormat>0</CSItemIsFreeFormat><CSValue><CSValueCode>VA4015465</CSValueCode><CSValueName>工作 - 白色</CSValueName><CSValueRank>1</CSValueRank></CSValue><CSValue><CSValueCode>VA4017406</CSValueCode><CSValueName>待机模式 - 白色（闪烁）</CSValueName><CSValueRank>2</CSValueRank></CSValue></CSItem><CSItem><CSItemCode>3006932</CSItemCode><CSItemName>电源</CSItemName><CSItemRank>5</CSItemRank><CSItemIsFreeFormat>0</CSItemIsFreeFormat><CSValue><CSValueCode>3033322</CSValueCode><CSValueName>外部</CSValueName><CSValueRank>1</CSValueRank></CSValue><CSValue><CSValueCode>VA4050622</CSValueCode><CSValueName>100-240 伏交流，50-60 赫兹</CSValueName><CSValueRank>2</CSValueRank></CSValue></CSItem></CSChapter><CSChapter><CSChapterCode>3000820</CSChapterCode><CSChapterName>尺寸</CSChapterName><CSChapterRank>6</CSChapterRank><CSItem><CSItemCode>IT4005764</CSItemCode><CSItemName>带支座的产品（毫米）</CSItemName><CSItemRank>1</CSItemRank><CSItemIsFreeFormat>1</CSItemIsFreeFormat><CSValue><CSValueCode>VA4016930</CSValueCode><CSValueName>663 x 485 x 237</CSValueName><CSValueRank>1</CSValueRank></CSValue><UnitOfMeasure><UnitOfMeasureCode>3000058</UnitOfMeasureCode><UnitOfMeasureName>毫米</UnitOfMeasureName><UnitOfMeasureSymbol>毫米</UnitOfMeasureSymbol></UnitOfMeasure></CSItem><CSItem><CSItemCode>IT4005765</CSItemCode><CSItemName>不带支座的产品（毫米）</CSItemName><CSItemRank>2</CSItemRank><CSItemIsFreeFormat>1</CSItemIsFreeFormat><CSValue><CSValueCode>VA4016931</CSValueCode><CSValueName>663 x 390 x 54</CSValueName><CSValueRank>1</CSValueRank></CSValue><UnitOfMeasure><UnitOfMeasureCode>3000058</UnitOfMeasureCode><UnitOfMeasureName>毫米</UnitOfMeasureName><UnitOfMeasureSymbol>毫米</UnitOfMeasureSymbol></UnitOfMeasure></CSItem><CSItem><CSItemCode>IT4005766</CSItemCode><CSItemName>包装（宽x高x厚）（毫米）</CSItemName><CSItemRank>3</CSItemRank><CSItemIsFreeFormat>1</CSItemIsFreeFormat><CSValue><CSValueCode>VA4016932</CSValueCode><CSValueName>719 x 542 x 126</CSValueName><CSValueRank>1</CSValueRank></CSValue><UnitOfMeasure><UnitOfMeasureCode>3000058</UnitOfMeasureCode><UnitOfMeasureName>毫米</UnitOfMeasureName><UnitOfMeasureSymbol>毫米</UnitOfMeasureSymbol></UnitOfMeasure></CSItem></CSChapter><CSChapter><CSChapterCode>CH4000702</CSChapterCode><CSChapterName>重量</CSChapterName><CSChapterRank>7</CSChapterRank><CSItem><CSItemCode>IT4005770</CSItemCode><CSItemName>带支座的产品（千克）</CSItemName><CSItemRank>1</CSItemRank><CSItemIsFreeFormat>1</CSItemIsFreeFormat><CSValue><CSValueCode>VA4016936</CSValueCode><CSValueName>4.73</CSValueName><CSValueRank>1</CSValueRank></CSValue><UnitOfMeasure><UnitOfMeasureCode>3000049</UnitOfMeasureCode><UnitOfMeasureName>千克</UnitOfMeasureName><UnitOfMeasureSymbol>千克</UnitOfMeasureSymbol></UnitOfMeasure></CSItem><CSItem><CSItemCode>IT4005771</CSItemCode><CSItemName>不带支座的产品（千克）</CSItemName><CSItemRank>2</CSItemRank><CSItemIsFreeFormat>1</CSItemIsFreeFormat><CSValue><CSValueCode>VA4016937</CSValueCode><CSValueName>4.21</CSValueName><CSValueRank>1</CSValueRank></CSValue><UnitOfMeasure><UnitOfMeasureCode>3000049</UnitOfMeasureCode><UnitOfMeasureName>千克</UnitOfMeasureName><UnitOfMeasureSymbol>千克</UnitOfMeasureSymbol></UnitOfMeasure></CSItem><CSItem><CSItemCode>IT4005772</CSItemCode><CSItemName>带包装的产品（千克）</CSItemName><CSItemRank>3</CSItemRank><CSItemIsFreeFormat>1</CSItemIsFreeFormat><CSValue><CSValueCode>VA4016938</CSValueCode><CSValueName>6.67</CSValueName><CSValueRank>1</CSValueRank></CSValue><UnitOfMeasure><UnitOfMeasureCode>3000049</UnitOfMeasureCode><UnitOfMeasureName>千克</UnitOfMeasureName><UnitOfMeasureSymbol>千克</UnitOfMeasureSymbol></UnitOfMeasure></CSItem></CSChapter><CSChapter><CSChapterCode>CH4000823</CSChapterCode><CSChapterName>使用条件</CSChapterName><CSChapterRank>8</CSChapterRank><CSItem><CSItemCode>IT4004946</CSItemCode><CSItemName>温度范围（工作）</CSItemName><CSItemRank>1</CSItemRank><CSItemIsFreeFormat>1</CSItemIsFreeFormat><CSValue><CSValueCode>VA4015651</CSValueCode><CSValueName>0°C 至 40°C</CSValueName><CSValueRank>1</CSValueRank></CSValue><UnitOfMeasure><UnitOfMeasureCode>3000081</UnitOfMeasureCode><UnitOfMeasureName>摄氏度</UnitOfMeasureName><UnitOfMeasureSymbol>°C</UnitOfMeasureSymbol></UnitOfMeasure></CSItem><CSItem><CSItemCode>IT4004947</CSItemCode><CSItemName>温度范围（存储）</CSItemName><CSItemRank>2</CSItemRank><CSItemIsFreeFormat>1</CSItemIsFreeFormat><CSValue><CSValueCode>VA4015652</CSValueCode><CSValueName>-20°C 至 60°C</CSValueName><CSValueRank>1</CSValueRank></CSValue><UnitOfMeasure><UnitOfMeasureCode>3000081</UnitOfMeasureCode><UnitOfMeasureName>摄氏度</UnitOfMeasureName><UnitOfMeasureSymbol>°C</UnitOfMeasureSymbol></UnitOfMeasure></CSItem><CSItem><CSItemCode>IT4004948</CSItemCode><CSItemName>相对湿度</CSItemName><CSItemRank>3</CSItemRank><CSItemIsFreeFormat>1</CSItemIsFreeFormat><CSValue><CSValueCode>VA4015653</CSValueCode><CSValueName>20%-80</CSValueName><CSValueRank>1</CSValueRank></CSValue><UnitOfMeasure><UnitOfMeasureCode>3000065</UnitOfMeasureCode><UnitOfMeasureName>百分比</UnitOfMeasureName><UnitOfMeasureSymbol>%</UnitOfMeasureSymbol></UnitOfMeasure></CSItem><CSItem><CSItemCode>IT4023612</CSItemCode><CSItemName>海拔</CSItemName><CSItemRank>4</CSItemRank><CSItemIsFreeFormat>1</CSItemIsFreeFormat><CSValue><CSValueCode>VA4054761</CSValueCode><CSValueName>工作：+12,000 英尺（3,658 米），非工作：+40,000 英尺（12,192 米）</CSValueName><CSValueRank>1</CSValueRank></CSValue></CSItem><CSItem><CSItemCode>IT4004949</CSItemCode><CSItemName>MTBF</CSItemName><CSItemRank>5</CSItemRank><CSItemIsFreeFormat>1</CSItemIsFreeFormat><CSValue><CSValueCode>VA4015654</CSValueCode><CSValueName>30,000</CSValueName><CSValueRank>1</CSValueRank></CSValue><UnitOfMeasure><UnitOfMeasureCode>4000007</UnitOfMeasureCode><UnitOfMeasureName>-小时</UnitOfMeasureName><UnitOfMeasureSymbol>小时</UnitOfMeasureSymbol></UnitOfMeasure></CSItem></CSChapter><CSChapter><CSChapterCode>CH4000822</CSChapterCode><CSChapterName>可持续发展</CSChapterName><CSChapterRank>9</CSChapterRank><CSItem><CSItemCode>IT4004941</CSItemCode><CSItemName>环境和能源</CSItemName><CSItemRank>1</CSItemRank><CSItemIsFreeFormat>0</CSItemIsFreeFormat><CSValue><CSValueCode>VA4053186</CSValueCode><CSValueName>能源之星 6.0</CSValueName><CSValueRank>1</CSValueRank></CSValue><CSValue><CSValueCode>VA4015646</CSValueCode><CSValueName>EPEAT 银牌</CSValueName><CSValueRank>2</CSValueRank></CSValue><CSValue><CSValueCode>VA4015645</CSValueCode><CSValueName>RoHS</CSValueName><CSValueRank>3</CSValueRank></CSValue><CSValue><CSValueCode>VA4033721</CSValueCode><CSValueName>无铅</CSValueName><CSValueRank>4</CSValueRank></CSValue><CSValue><CSValueCode>VA4033722</CSValueCode><CSValueName>不含汞</CSValueName><CSValueRank>5</CSValueRank></CSValue></CSItem><CSItem><CSItemCode>IT4004944</CSItemCode><CSItemName>可回收包装材料</CSItemName><CSItemRank>2</CSItemRank><CSItemIsFreeFormat>1</CSItemIsFreeFormat><CSValue><CSValueCode>VA4015649</CSValueCode><CSValueName>100</CSValueName><CSValueRank>1</CSValueRank></CSValue><UnitOfMeasure><UnitOfMeasureCode>3000065</UnitOfMeasureCode><UnitOfMeasureName>百分比</UnitOfMeasureName><UnitOfMeasureSymbol>%</UnitOfMeasureSymbol></UnitOfMeasure></CSItem></CSChapter><CSChapter><CSChapterCode>CH4001161</CSChapterCode><CSChapterName>合规性和标准</CSChapterName><CSChapterRank>10</CSChapterRank><CSItem><CSItemCode>IT4006152</CSItemCode><CSItemName>审批机构</CSItemName><CSItemRank>1</CSItemRank><CSItemIsFreeFormat>0</CSItemIsFreeFormat><CSValue><CSValueCode>VA4017528</CSValueCode><CSValueName>BSMI</CSValueName><CSValueRank>1</CSValueRank></CSValue><CSValue><CSValueCode>VA4017361</CSValueCode><CSValueName>CE 标记</CSValueName><CSValueRank>2</CSValueRank></CSValue><CSValue><CSValueCode>VA4017364</CSValueCode><CSValueName>CCC</CSValueName><CSValueRank>3</CSValueRank></CSValue><CSValue><CSValueCode>VA4027482</CSValueCode><CSValueName>FCC B 级</CSValueName><CSValueRank>4</CSValueRank></CSValue><CSValue><CSValueCode>VA4017536</CSValueCode><CSValueName>GOST</CSValueName><CSValueRank>5</CSValueRank></CSValue><CSValue><CSValueCode>VA4033550</CSValueCode><CSValueName>SASO</CSValueName><CSValueRank>6</CSValueRank></CSValue><CSValue><CSValueCode>VA4017365</CSValueCode><CSValueName>SEMKO</CSValueName><CSValueRank>7</CSValueRank></CSValue><CSValue><CSValueCode>VA4053108</CSValueCode><CSValueName>TCO 6.0</CSValueName><CSValueRank>8</CSValueRank></CSValue><CSValue><CSValueCode>VA4050621</CSValueCode><CSValueName>TUV/ISO9241-307</CSValueName><CSValueRank>9</CSValueRank></CSValue><CSValue><CSValueCode>VA4064941</CSValueCode><CSValueName>cETLus</CSValueName><CSValueRank>10</CSValueRank></CSValue><CSValue><CSValueCode>VA4033547</CSValueCode><CSValueName>WEEE</CSValueName><CSValueRank>11</CSValueRank></CSValue></CSItem></CSChapter><CSChapter><CSChapterCode>CH4000825</CSChapterCode><CSChapterName>机壳</CSChapterName><CSChapterRank>11</CSChapterRank><CSItem><CSItemCode>IT4004955</CSItemCode><CSItemName>颜色</CSItemName><CSItemRank>1</CSItemRank><CSItemIsFreeFormat>1</CSItemIsFreeFormat><CSValue><CSValueCode>VA4015660</CSValueCode><CSValueName>白色</CSValueName><CSValueRank>1</CSValueRank></CSValue></CSItem><CSItem><CSItemCode>IT4004956</CSItemCode><CSItemName>表面</CSItemName><CSItemRank>2</CSItemRank><CSItemIsFreeFormat>1</CSItemIsFreeFormat><CSValue><CSValueCode>VA4015661</CSValueCode><CSValueName>光面</CSValueName><CSValueRank>1</CSValueRank></CSValue></CSItem></CSChapter><Filters><Purpose type="Comparison"><Features><Feature code="F400054885" rank="1" referenceName="MVA LED display"/><Feature code="F400000200" rank="2" referenceName="SmartImage Lite"/><Feature code="F400032208" rank="3" referenceName="16:9 Full HD display for best viewing experience"/><Feature code="F400035275" rank="4" referenceName="TrueVision ensures lab quality images"/><Feature code="F400051314" rank="5" referenceName="Superb glossy and texture finish"/><Feature code="F400019722" rank="6" referenceName="Mercury Free"/><Feature code="F400017416" rank="7" referenceName="Eco-friendly materials"/><Feature code="F400051315" rank="8" referenceName="VESA mount for convenience"/><Feature code="F400044227" rank="9" referenceName="Low power consumption saves energy bills"/><Feature code="F400054005" rank="10" referenceName="Elegant design with slim bezel"/></Features><CSItems><CSItem code="3006169" rank="1" referenceName="图片/显示 - LCD 面板类型"/><CSItem code="3006576" rank="1" referenceName="连接 - 信号输入"/><CSItem code="3006633" rank="1" referenceName="便利性 - 方便用户"/><CSItem code="IT4004954" rank="1" referenceName="底座 - 倾斜"/><CSItem code="IT4005861" rank="1" referenceName="功率 - 开启模式"/><CSItem code="IT4005764" rank="1" referenceName="尺寸 - 带支座的产品（毫米）"/><CSItem code="IT4005770" rank="1" referenceName="重量 - 带支座的产品（千克）"/><CSItem code="IT4004946" rank="1" referenceName="使用条件 - 温度范围（工作）"/><CSItem code="IT4004941" rank="1" referenceName="可持续发展 - 环境和能源"/><CSItem code="IT4006152" rank="1" referenceName="合规性和标准 - 审批机构"/><CSItem code="IT4004955" rank="1" referenceName="机壳 - 颜色"/><CSItem code="IT4007209" rank="2" referenceName="图片/显示 - 背光类型"/><CSItem code="3006588" rank="2" referenceName="连接 - 同步输入"/><CSItem code="3006693" rank="2" referenceName="便利性 - OSD 语言"/><CSItem code="IT4006150" rank="2" referenceName="功率 - 待机模式"/><CSItem code="IT4005765" rank="2" referenceName="尺寸 - 不带支座的产品（毫米）"/><CSItem code="IT4005771" rank="2" referenceName="重量 - 不带支座的产品（千克）"/><CSItem code="IT4004947" rank="2" referenceName="使用条件 - 温度范围（存储）"/><CSItem code="IT4004944" rank="2" referenceName="可持续发展 - 可回收包装材料"/><CSItem code="IT4004956" rank="2" referenceName="机壳 - 表面"/><CSItem code="3006180" rank="3" referenceName="图片/显示 - 面板尺寸"/><CSItem code="3006694" rank="3" referenceName="便利性 - 其它便利性"/><CSItem code="IT4006081" rank="3" referenceName="功率 - 关闭模式"/><CSItem code="IT4005766" rank="3" referenceName="尺寸 - 包装（宽x高x厚）（毫米）"/><CSItem code="IT4005772" rank="3" referenceName="重量 - 带包装的产品（千克）"/><CSItem code="IT4004948" rank="3" referenceName="使用条件 - 相对湿度"/><CSItem code="3006149" rank="4" referenceName="图片/显示 - 有效显示区"/><CSItem code="3006699" rank="4" referenceName="便利性 - 即插即用兼容性"/><CSItem code="3006931" rank="4" referenceName="功率 - 电源 LED 指示灯"/><CSItem code="IT4023612" rank="4" referenceName="使用条件 - 海拔"/><CSItem code="3006121" rank="5" referenceName="图片/显示 - 宽高比"/><CSItem code="3006932" rank="5" referenceName="功率 - 电源"/><CSItem code="IT4004949" rank="5" referenceName="使用条件 - MTBF"/><CSItem code="3006193" rank="6" referenceName="图片/显示 - 最佳分辨率"/><CSItem code="3006197" rank="7" referenceName="图片/显示 - 响应时间（标准）"/><CSItem code="IT4016511" rank="8" referenceName="图片/显示 - SmartResponse（标准）"/><CSItem code="3006127" rank="9" referenceName="图片/显示 - 亮度"/><CSItem code="3006133" rank="10" referenceName="图片/显示 - 对比度（标准）"/><CSItem code="IT4006148" rank="11" referenceName="图片/显示 - SmartContrast"/><CSItem code="3006186" rank="12" referenceName="图片/显示 - 像素间距"/><CSItem code="3007518" rank="13" referenceName="图片/显示 - 视角"/><CSItem code="3006183" rank="14" referenceName="图片/显示 - 画面效果增强"/><CSItem code="3006143" rank="15" referenceName="图片/显示 - 显示屏色彩"/><CSItem code="IT4006149" rank="16" referenceName="图片/显示 - 扫描频率"/><CSItem code="3006207" rank="17" referenceName="图片/显示 - sRGB"/></CSItems></Purpose><Purpose type="Detail"><Features><Feature code="F400054885" rank="1" referenceName="MVA LED display"/><Feature code="F400000200" rank="2" referenceName="SmartImage Lite"/><Feature code="F400032208" rank="3" referenceName="16:9 Full HD display for best viewing experience"/><Feature code="F400035275" rank="4" referenceName="TrueVision ensures lab quality images"/><Feature code="F400051314" rank="5" referenceName="Superb glossy and texture finish"/><Feature code="F400019722" rank="6" referenceName="Mercury Free"/><Feature code="F400017416" rank="7" referenceName="Eco-friendly materials"/><Feature code="F400051315" rank="8" referenceName="VESA mount for convenience"/><Feature code="F400044227" rank="9" referenceName="Low power consumption saves energy bills"/><Feature code="F400054005" rank="10" referenceName="Elegant design with slim bezel"/></Features><CSItems><CSItem code="3006169" rank="1" referenceName="图片/显示 - LCD 面板类型"/><CSItem code="3006576" rank="1" referenceName="连接 - 信号输入"/><CSItem code="3006633" rank="1" referenceName="便利性 - 方便用户"/><CSItem code="IT4004954" rank="1" referenceName="底座 - 倾斜"/><CSItem code="IT4005861" rank="1" referenceName="功率 - 开启模式"/><CSItem code="IT4005764" rank="1" referenceName="尺寸 - 带支座的产品（毫米）"/><CSItem code="IT4005770" rank="1" referenceName="重量 - 带支座的产品（千克）"/><CSItem code="IT4004946" rank="1" referenceName="使用条件 - 温度范围（工作）"/><CSItem code="IT4004941" rank="1" referenceName="可持续发展 - 环境和能源"/><CSItem code="IT4006152" rank="1" referenceName="合规性和标准 - 审批机构"/><CSItem code="IT4004955" rank="1" referenceName="机壳 - 颜色"/><CSItem code="IT4007209" rank="2" referenceName="图片/显示 - 背光类型"/><CSItem code="3006588" rank="2" referenceName="连接 - 同步输入"/><CSItem code="3006693" rank="2" referenceName="便利性 - OSD 语言"/><CSItem code="IT4006150" rank="2" referenceName="功率 - 待机模式"/><CSItem code="IT4005765" rank="2" referenceName="尺寸 - 不带支座的产品（毫米）"/><CSItem code="IT4005771" rank="2" referenceName="重量 - 不带支座的产品（千克）"/><CSItem code="IT4004947" rank="2" referenceName="使用条件 - 温度范围（存储）"/><CSItem code="IT4004944" rank="2" referenceName="可持续发展 - 可回收包装材料"/><CSItem code="IT4004956" rank="2" referenceName="机壳 - 表面"/><CSItem code="3006180" rank="3" referenceName="图片/显示 - 面板尺寸"/><CSItem code="3006694" rank="3" referenceName="便利性 - 其它便利性"/><CSItem code="IT4006081" rank="3" referenceName="功率 - 关闭模式"/><CSItem code="IT4005766" rank="3" referenceName="尺寸 - 包装（宽x高x厚）（毫米）"/><CSItem code="IT4005772" rank="3" referenceName="重量 - 带包装的产品（千克）"/><CSItem code="IT4004948" rank="3" referenceName="使用条件 - 相对湿度"/><CSItem code="3006149" rank="4" referenceName="图片/显示 - 有效显示区"/><CSItem code="3006699" rank="4" referenceName="便利性 - 即插即用兼容性"/><CSItem code="3006931" rank="4" referenceName="功率 - 电源 LED 指示灯"/><CSItem code="IT4023612" rank="4" referenceName="使用条件 - 海拔"/><CSItem code="3006121" rank="5" referenceName="图片/显示 - 宽高比"/><CSItem code="3006932" rank="5" referenceName="功率 - 电源"/><CSItem code="IT4004949" rank="5" referenceName="使用条件 - MTBF"/><CSItem code="3006193" rank="6" referenceName="图片/显示 - 最佳分辨率"/><CSItem code="3006197" rank="7" referenceName="图片/显示 - 响应时间（标准）"/><CSItem code="IT4016511" rank="8" referenceName="图片/显示 - SmartResponse（标准）"/><CSItem code="3006127" rank="9" referenceName="图片/显示 - 亮度"/><CSItem code="3006133" rank="10" referenceName="图片/显示 - 对比度（标准）"/><CSItem code="IT4006148" rank="11" referenceName="图片/显示 - SmartContrast"/><CSItem code="3006186" rank="12" referenceName="图片/显示 - 像素间距"/><CSItem code="3007518" rank="13" referenceName="图片/显示 - 视角"/><CSItem code="3006183" rank="14" referenceName="图片/显示 - 画面效果增强"/><CSItem code="3006143" rank="15" referenceName="图片/显示 - 显示屏色彩"/><CSItem code="IT4006149" rank="16" referenceName="图片/显示 - 扫描频率"/><CSItem code="3006207" rank="17" referenceName="图片/显示 - sRGB"/></CSItems></Purpose></Filters><FeatureCompareGroups/><Disclaimers><Disclaimer code="DIS40005141" rank="1" referenceName="Smart response time"><DisclaimerText>智能响应时间是 GtG 或 GtG (BW) 测试的最佳值。</DisclaimerText><DisclaimElements/></Disclaimer></Disclaimers><RichTexts/></Product></Products>