<?xml version="1.0" encoding="UTF-8"?><Products xmlns:source="http://apache.org/cocoon/source/1.0" DocStatus="approved" DocTimeStamp="2018-10-27T23:32:08"><Product Country="CN" IsAccessory="false" IsMaster="false" Locale="zh_CN" lastModified="2018-10-25T04:58:36" masterLastModified="2018-07-31T00:38:24"><CTN>4505848C5</CTN><Code12NC>915005572801</Code12NC><GTIN>6947830437030</GTIN><MarketingVersion>3.0.1</MarketingVersion><MarketingStatus>Final Published</MarketingStatus><CRDate>2017-06-30</CRDate><CRDateYW>201726</CRDateYW><ModelYears><ModelYear>2017</ModelYear></ModelYears><ProductDivision><ProductDivisionCode>0100</ProductDivisionCode><ProductDivisionName>Lighting</ProductDivisionName><FormerPDCode>0100</FormerPDCode></ProductDivision><ProductOwner>Yan Zheng</ProductOwner><DTN>45058/48/C5</DTN><Catalog><StartOfPublication>2017-07-31T00:00:00</StartOfPublication><EndOfPublication>2099-09-04T00:00:00</EndOfPublication><StartOfSales>2017-07-31T00:00:00</StartOfSales><EndOfSales>2099-09-04T00:00:00</EndOfSales><DummyPrice/><Deleted>false</Deleted><DeleteAfterDate/><ProductRank>50</ProductRank></Catalog><FinancialCategorization><BusinessGroupCode>9021</BusinessGroupCode><BusinessGroupName>Home</BusinessGroupName><BusinessUnitCode>9159</BusinessUnitCode><BusinessUnitName>Home Luminaires</BusinessUnitName><MainArticleGroupCode>G76</MainArticleGroupCode><MainArticleGroupName>Livingroom</MainArticleGroupName><ArticleGroupCode>4907</ArticleGroupCode><ArticleGroupName>Table</ArticleGroupName></FinancialCategorization><Categorization type="CONSUMER"><GroupCode>LIGHTING_GR</GroupCode><GroupName>Lighting</GroupName><CategoryCode>HUEWIRELESS_CA</CategoryCode><CategoryName>Hue</CategoryName><SubcategoryCode>LAMPS_SU</SubcategoryCode><SubcategoryName>Lamps</SubcategoryName></Categorization><Assets><Asset code="4505848C5" description="User manual" extension="pdf" lastModified="2018-01-30" locale="zh_CN" number="001" type="DFU">http://download.p4c.philips.com/files/4/4505848c5/4505848c5_dfu_zhs.pdf</Asset><Asset code="4505848C5" description="Leaflet" extension="pdf" lastModified="2018-10-11" locale="zh_CN" number="001" type="PSS">http://download.p4c.philips.com/files/4/4505848c5/4505848c5_pss_zhscn.pdf</Asset><Asset code="4505848C5" description="Retail Trade Leaflet" extension="pdf" lastModified="2018-10-11" locale="zh_CN" number="001" type="RTL">http://download.p4c.philips.com/files/4/4505848c5/4505848c5_rtl_zhscn.pdf</Asset><Asset code="4505848C5" description="Leaflet" extension="pdf" lastModified="2018-04-04" locale="global" number="001" type="PSS">http://download.p4c.philips.com/files/4/4505848c5/4505848c5_pss_.pdf</Asset><Asset code="4505848C5" description="Standard product photograph - highres 2196x1795" extension="tif" lastModified="2017-10-17" locale="global" number="001" type="RTP">http://images.philips.com/is/image/PhilipsConsumer/4505848C5-RTP-global-001</Asset><Asset code="4505848C5" description="Single product shot" extension="" lastModified="2018-10-25" locale="zh_CN" number="" type="IMS">http://images.philips.com/is/image/PhilipsConsumer/4505848C5-IMS-zh_CN</Asset><Asset code="4505848C5" description="Product gallery image set" extension="" lastModified="2018-10-25" locale="zh_CN" number="" type="GAL">http://images.philips.com/is/image/PhilipsConsumer/4505848C5-GAL-zh_CN</Asset><Asset code="4505848C5" description="Product URL" extension="" lastModified="2018-10-25" locale="zh_CN" number="" type="URL">http://www.philips.com.cn/c-p/4505848C5/hue-white-ambiance-within-table-light</Asset><Asset code="F400083540" description="Feature photograph - highres 2100x1170" extension="tif" lastModified="2017-07-13" locale="global" number="001" type="FIL">http://images.philips.com/is/image/PhilipsConsumer/F400083540-FIL-global-001</Asset><Asset code="F400083552" description="Feature photograph - highres 2100x1170" extension="tif" lastModified="2017-07-13" locale="global" number="001" type="FIL">http://images.philips.com/is/image/PhilipsConsumer/F400083552-FIL-global-001</Asset><Asset code="F400083559" description="Feature photograph - highres 2100x1170" extension="tif" lastModified="2017-07-13" locale="global" number="001" type="FIL">http://images.philips.com/is/image/PhilipsConsumer/F400083559-FIL-global-001</Asset><Asset code="F400083652" description="Feature photograph - highres 2100x1170" extension="tif" lastModified="2017-07-13" locale="global" number="001" type="FIL">http://images.philips.com/is/image/PhilipsConsumer/F400083652-FIL-global-001</Asset><Asset code="F400083656" description="Feature photograph - highres 2100x1170" extension="tif" lastModified="2017-07-13" locale="global" number="001" type="FIL">http://images.philips.com/is/image/PhilipsConsumer/F400083656-FIL-global-001</Asset><Asset code="F400087510" description="Feature photograph - highres 2100x1170" extension="tif" lastModified="2018-05-22" locale="global" number="001" type="FIL">http://images.philips.com/is/image/PhilipsConsumer/F400087510-FIL-global-001</Asset><Asset code="F400087511" description="Feature photograph - highres 2100x1170" extension="tif" lastModified="2018-05-22" locale="global" number="001" type="FIL">http://images.philips.com/is/image/PhilipsConsumer/F400087511-FIL-global-001</Asset><Asset code="PHI" description="Brand logo - highres 1476x886" extension="tif" lastModified="2016-02-18" locale="global" number="001" type="BRP">http://images.philips.com/is/image/PhilipsConsumer/PHI-BRP-global-001</Asset></Assets><ProductName>飞利浦 秀 睿哲桌灯内随附调光器开关</ProductName><FullProductName>飞利浦 Hue White ambiance 飞利浦 秀 睿哲智能LED台灯 45058/48/C5 集成 LED 铝制 通过飞利浦 秀 桥接器实现智能控制*</FullProductName><NamingString><MasterBrand><BrandCode>PHI</BrandCode><BrandName>Philips</BrandName></MasterBrand><BrandString>飞利浦</BrandString><Family><FamilyCode>PLM0345002</FamilyCode><FamilyName>Hue White ambiance</FamilyName><FamilyNameUsed>1</FamilyNameUsed></Family><Descriptor><DescriptorCode>PLM1000149</DescriptorCode><DescriptorName>飞利浦 秀 睿哲智能LED台灯</DescriptorName></Descriptor><Alphanumeric>45058/48/C5</Alphanumeric><VersionElement2><VersionElementCode>PLM1000009</VersionElementCode><VersionElementName>集成 LED</VersionElementName></VersionElement2><VersionElement3><VersionElementCode>PLM1000021</VersionElementCode><VersionElementName>铝制</VersionElementName></VersionElement3><VersionElement4><VersionElementCode>PLM1000044</VersionElementCode><VersionElementName>通过飞利浦 秀 桥接器实现智能控制*</VersionElementName></VersionElement4><VersionString>集成 LED 铝制 通过飞利浦 秀 桥接器实现智能控制*</VersionString><BrandedFeatureString/><DescriptorBrandedFeatureString>飞利浦 秀 睿哲智能LED台灯</DescriptorBrandedFeatureString></NamingString><WOW>陪你度过美好时光</WOW><MarketingTextHeader>飞利浦 秀 睿哲桌灯可调节亮度和光色，为您打造理想照明效果。灯杆线条美观，光洁透亮，充满时尚气息，结合智能照明技术，打造美妙的家居体验。</MarketingTextHeader><KeyBenefitArea><KeyBenefitAreaCode>K4034641</KeyBenefitAreaCode><KeyBenefitAreaName>陪你度过美好时光</KeyBenefitAreaName><KeyBenefitAreaRank>1</KeyBenefitAreaRank><Feature><FeatureCode>F400083552</FeatureCode><FeatureReferenceName>Installation free dimming</FeatureReferenceName><FeatureName>免安装调光</FeatureName><FeatureLongDescription>免安装调光</FeatureLongDescription><FeatureGlossary>使用飞利浦 秀 尽享柔和调光体验。选择最合适的亮度。无需电工重新布线安装。</FeatureGlossary><FeatureRank>6</FeatureRank><FeatureTopRank>1</FeatureTopRank></Feature><Feature><FeatureCode>F400083656</FeatureCode><FeatureReferenceName>Timers for your convenience HUE LUM</FeatureReferenceName><FeatureName>计时器，使用更方便</FeatureName><FeatureLongDescription>设置计时器，使用更方便</FeatureLongDescription><FeatureGlossary>通过使用飞利浦 秀 应用程序 (Philips Hue App) 中的预定功能，飞利浦 秀 可让其在您外出时具有您在家的效果。将灯设置为在预设时间亮起，因此，当您到家时灯会亮起。您还可以设置在不同的时间让房间中的灯亮起。当然，您可以让灯在夜间慢慢关闭，因此，您无需担心忘记关灯。连接此功能需要的飞利浦 秀 桥接器。</FeatureGlossary><FeatureRank>4</FeatureRank><FeatureTopRank>2</FeatureTopRank></Feature><Feature><FeatureCode>F400083540</FeatureCode><FeatureReferenceName>Wake up and go to sleep</FeatureReferenceName><FeatureName>入眠和唤醒</FeatureName><FeatureLongDescription>自然入眠，轻柔唤醒</FeatureLongDescription><FeatureGlossary>飞利浦 秀 将有助于您按照喜爱的方式醒来，从而让您神清气爽的开始新一天。灯光亮度可慢慢增加，模拟日出效果，有助于您自然地苏醒，而不是被闹钟的声音给吵醒。用适当的方式开启全新的一天。晚上，令人放松的暖白光能帮助您减压，让您获得整晚安眠。</FeatureGlossary><FeatureRank>3</FeatureRank><FeatureTopRank>3</FeatureTopRank></Feature><Feature><FeatureCode>F400083652</FeatureCode><FeatureReferenceName>Dimmer switch (included)</FeatureReferenceName><FeatureName>调光开关（随附）</FeatureName><FeatureLongDescription>调光开关（随附）轻松实现无线控制</FeatureLongDescription><FeatureGlossary>您可以得利用电池供电的飞利浦 秀 调光开关，轻松控制白色氛围灯的灯光。只需触按“打开”按钮，即可实现 4 种不同的灯光场景循环切换，轻松调节灯光亮度，简便易用。调光开关可放入小巧优雅底座，安装在任何位置，且无需布线。调光开关既可用作遥控器，也可安装在墙上作为照明开关，让您每时每刻尽享适宜的光照配方。每个调光开关可添加最多 10 个飞利浦 秀 灯。</FeatureGlossary><FeatureRank>8</FeatureRank><FeatureTopRank>4</FeatureTopRank></Feature><Feature><FeatureCode>F400083559</FeatureCode><FeatureReferenceName>Requires a Philips Hue bridge</FeatureReferenceName><FeatureName>需要一个飞利浦 秀 桥接器</FeatureName><FeatureLongDescription>需要一个飞利浦 秀 桥接器</FeatureLongDescription><FeatureGlossary>将您的飞利浦 秀 灯与桥接器相连，以通过飞利浦 秀 应用程序 (Philips Hue App) 从智能手机或平板电脑控制光线。</FeatureGlossary><FeatureRank>7</FeatureRank><FeatureTopRank>5</FeatureTopRank></Feature><Feature><FeatureCode>F400087512</FeatureCode><FeatureReferenceName>Control it your way (GMGC)</FeatureReferenceName><FeatureName>随意控制</FeatureName><FeatureLongDescription>随意控制</FeatureLongDescription><FeatureGlossary>将飞利浦 秀 灯与飞利浦 秀 桥接器相连，通过飞利浦 秀 应用程序 (Philips Hue App) 从智能设备实现对灯光的卓越控制，或为您的系统添加开关以开启灯光。设置提醒功能、通知、闹钟等功能，尽享飞利浦 秀 体验。飞利浦 秀 还可与 Amazon Alexa*、Apple HomeKit、Google Home* 和 DingDong* 配合使用，实现无缝语音控制。通过语音，可便捷地进行开关灯控制，改变色彩氛围，调出预设场景。</FeatureGlossary><FeatureRank>5</FeatureRank><FeatureTopRank>6</FeatureTopRank></Feature><Feature><FeatureCode>F400087510</FeatureCode><FeatureReferenceName>Create your ambiance (GMGC)</FeatureReferenceName><FeatureName>营造属于您的氛围</FeatureName><FeatureLongDescription>提供暖白色到冷白色光，营造属于您的氛围</FeatureLongDescription><FeatureGlossary>提供暖白色到冷白色光，可随时营造适宜的氛围并装饰您的家居环境。暖白色光可营造温馨舒适的环境和氛围，有助于放松身心，舒缓情绪。自然白光或冷白光可营造清晰明亮的环境，是日常活动的理想之选。</FeatureGlossary><FeatureRank>1</FeatureRank><FeatureTopRank>7</FeatureTopRank></Feature><Feature><FeatureCode>F400087511</FeatureCode><FeatureReferenceName>Light for your daily routines (GMGC)</FeatureReferenceName><FeatureName>适合您日常活动的灯</FeatureName><FeatureLongDescription>放松休息、静心阅读、全神贯注、活力四射的灯光氛围</FeatureLongDescription><FeatureGlossary>灯光会影响我们的心情和行为。飞利浦 秀 有助于您定制您的日常活动，让您尽享每一瞬间。在明亮的冷白光中享用丰美早餐，可改善您的身心。精细调谐的明亮白光可让您潜心阅读和写作。柔和的白光可帮助您放松身心，酣然入睡，完美地结束一天的生活。</FeatureGlossary><FeatureRank>2</FeatureRank><FeatureTopRank>8</FeatureTopRank></Feature></KeyBenefitArea><FeatureImage><FeatureCode>F400083552</FeatureCode><FeatureReferenceName>Installation free dimming</FeatureReferenceName><FeatureImageRank>1</FeatureImageRank></FeatureImage><FeatureImage><FeatureCode>F400083656</FeatureCode><FeatureReferenceName>Timers for your convenience HUE LUM</FeatureReferenceName><FeatureImageRank>2</FeatureImageRank></FeatureImage><FeatureImage><FeatureCode>F400083540</FeatureCode><FeatureReferenceName>Wake up and go to sleep</FeatureReferenceName><FeatureImageRank>3</FeatureImageRank></FeatureImage><FeatureImage><FeatureCode>F400083652</FeatureCode><FeatureReferenceName>Dimmer switch (included)</FeatureReferenceName><FeatureImageRank>4</FeatureImageRank></FeatureImage><FeatureImage><FeatureCode>F400083559</FeatureCode><FeatureReferenceName>Requires a Philips Hue bridge</FeatureReferenceName><FeatureImageRank>5</FeatureImageRank></FeatureImage><FeatureImage><FeatureCode>F400087512</FeatureCode><FeatureReferenceName>Control it your way (GMGC)</FeatureReferenceName><FeatureImageRank>6</FeatureImageRank></FeatureImage><FeatureImage><FeatureCode>F400087510</FeatureCode><FeatureReferenceName>Create your ambiance (GMGC)</FeatureReferenceName><FeatureImageRank>7</FeatureImageRank></FeatureImage><FeatureImage><FeatureCode>F400087511</FeatureCode><FeatureReferenceName>Light for your daily routines (GMGC)</FeatureReferenceName><FeatureImageRank>8</FeatureImageRank></FeatureImage><FeatureHighlight><FeatureCode>F400083552</FeatureCode><FeatureReferenceName>Installation free dimming</FeatureReferenceName><FeatureHighlightRank>1</FeatureHighlightRank></FeatureHighlight><FeatureHighlight><FeatureCode>F400083656</FeatureCode><FeatureReferenceName>Timers for your convenience HUE LUM</FeatureReferenceName><FeatureHighlightRank>2</FeatureHighlightRank></FeatureHighlight><FeatureHighlight><FeatureCode>F400083540</FeatureCode><FeatureReferenceName>Wake up and go to sleep</FeatureReferenceName><FeatureHighlightRank>3</FeatureHighlightRank></FeatureHighlight><FeatureHighlight><FeatureCode>F400083652</FeatureCode><FeatureReferenceName>Dimmer switch (included)</FeatureReferenceName><FeatureHighlightRank>4</FeatureHighlightRank></FeatureHighlight><FeatureHighlight><FeatureCode>F400083559</FeatureCode><FeatureReferenceName>Requires a Philips Hue bridge</FeatureReferenceName><FeatureHighlightRank>5</FeatureHighlightRank></FeatureHighlight><FeatureHighlight><FeatureCode>F400087512</FeatureCode><FeatureReferenceName>Control it your way (GMGC)</FeatureReferenceName><FeatureHighlightRank>6</FeatureHighlightRank></FeatureHighlight><FeatureHighlight><FeatureCode>F400087510</FeatureCode><FeatureReferenceName>Create your ambiance (GMGC)</FeatureReferenceName><FeatureHighlightRank>7</FeatureHighlightRank></FeatureHighlight><FeatureHighlight><FeatureCode>F400087511</FeatureCode><FeatureReferenceName>Light for your daily routines (GMGC)</FeatureReferenceName><FeatureHighlightRank>8</FeatureHighlightRank></FeatureHighlight><CSChapter><CSChapterCode>PLMCHP010</CSChapterCode><CSChapterName>设计和外观</CSChapterName><CSChapterRank>10</CSChapterRank><CSItem><CSItemCode>PLMITM010001</CSItemCode><CSItemName>材料</CSItemName><CSItemRank>1</CSItemRank><CSItemIsFreeFormat>0</CSItemIsFreeFormat><CSValue><CSValueCode>PLMATR0105METAL</CSValueCode><CSValueName>金属</CSValueName><CSValueRank>1</CSValueRank></CSValue><CSValue><CSValueCode>PLMATR0105SYNTH</CSValueCode><CSValueName>人工合成（绝缘材料）</CSValueName><CSValueRank>2</CSValueRank></CSValue></CSItem><CSItem><CSItemCode>PLMITM010002</CSItemCode><CSItemName>颜色</CSItemName><CSItemRank>2</CSItemRank><CSItemIsFreeFormat>0</CSItemIsFreeFormat><CSValue><CSValueCode>PLMATR018348</CSValueCode><CSValueName>铝制</CSValueName><CSValueRank>1</CSValueRank></CSValue></CSItem></CSChapter><CSChapter><CSChapterCode>PLMCHP030</CSChapterCode><CSChapterName>产品尺寸和重量</CSChapterName><CSChapterRank>30</CSChapterRank><CSItem><CSItemCode>PLMITM030001</CSItemCode><CSItemName>高度</CSItemName><CSItemRank>1</CSItemRank><CSItemIsFreeFormat>1</CSItemIsFreeFormat><CSValue><CSValueCode>VA4042333</CSValueCode><CSValueName>35.3</CSValueName><CSValueRank>1</CSValueRank></CSValue><UnitOfMeasure><UnitOfMeasureCode>3000039</UnitOfMeasureCode><UnitOfMeasureName>厘米</UnitOfMeasureName><UnitOfMeasureSymbol>厘米</UnitOfMeasureSymbol></UnitOfMeasure></CSItem><CSItem><CSItemCode>PLMITM030004</CSItemCode><CSItemName>长度</CSItemName><CSItemRank>4</CSItemRank><CSItemIsFreeFormat>1</CSItemIsFreeFormat><CSValue><CSValueCode>VA4042309</CSValueCode><CSValueName>17.5</CSValueName><CSValueRank>1</CSValueRank></CSValue><UnitOfMeasure><UnitOfMeasureCode>3000039</UnitOfMeasureCode><UnitOfMeasureName>厘米</UnitOfMeasureName><UnitOfMeasureSymbol>厘米</UnitOfMeasureSymbol></UnitOfMeasure></CSItem><CSItem><CSItemCode>PLMITM030005</CSItemCode><CSItemName>宽度</CSItemName><CSItemRank>5</CSItemRank><CSItemIsFreeFormat>1</CSItemIsFreeFormat><CSValue><CSValueCode>VA4042311</CSValueCode><CSValueName>38</CSValueName><CSValueRank>1</CSValueRank></CSValue><UnitOfMeasure><UnitOfMeasureCode>3000039</UnitOfMeasureCode><UnitOfMeasureName>厘米</UnitOfMeasureName><UnitOfMeasureSymbol>厘米</UnitOfMeasureSymbol></UnitOfMeasure></CSItem><CSItem><CSItemCode>PLMITM030006</CSItemCode><CSItemName>净重</CSItemName><CSItemRank>6</CSItemRank><CSItemIsFreeFormat>1</CSItemIsFreeFormat><CSValue><CSValueCode>VA4042308</CSValueCode><CSValueName>1.110</CSValueName><CSValueRank>1</CSValueRank></CSValue><UnitOfMeasure><UnitOfMeasureCode>3000049</UnitOfMeasureCode><UnitOfMeasureName>千克</UnitOfMeasureName><UnitOfMeasureSymbol>千克</UnitOfMeasureSymbol></UnitOfMeasure></CSItem></CSChapter><CSChapter><CSChapterCode>PLMCHP040</CSChapterCode><CSChapterName>技术规格</CSChapterName><CSChapterRank>40</CSChapterRank><CSItem><CSItemCode>PLMITM040001</CSItemCode><CSItemName>主电源</CSItemName><CSItemRank>1</CSItemRank><CSItemIsFreeFormat>0</CSItemIsFreeFormat><CSValue><CSValueCode>PLMATR0719100-240</CSValueCode><CSValueName>100 伏 - 240 伏</CSValueName><CSValueRank>1</CSValueRank></CSValue><CSValue><CSValueCode>PLMATR067350/60HZ</CSValueCode><CSValueName>50-60 赫兹</CSValueName><CSValueRank>2</CSValueRank></CSValue></CSItem><CSItem><CSItemCode>PLMITM040003</CSItemCode><CSItemName>灯泡数量</CSItemName><CSItemRank>3</CSItemRank><CSItemIsFreeFormat>1</CSItemIsFreeFormat><CSValue><CSValueCode>VA4042306</CSValueCode><CSValueName>1</CSValueName><CSValueRank>1</CSValueRank></CSValue></CSItem><CSItem><CSItemCode>PLMITM040005</CSItemCode><CSItemName>附赠光源瓦数</CSItemName><CSItemRank>5</CSItemRank><CSItemIsFreeFormat>0</CSItemIsFreeFormat><CSValue><CSValueCode>PLMATR046018</CSValueCode><CSValueName>18 瓦</CSValueName><CSValueRank>1</CSValueRank></CSValue></CSItem><CSItem><CSItemCode>PLMITM040006</CSItemCode><CSItemName>替换灯泡的最大瓦数</CSItemName><CSItemRank>6</CSItemRank><CSItemIsFreeFormat>0</CSItemIsFreeFormat><CSValue><CSValueCode>PLMATR033318</CSValueCode><CSValueName>18 瓦</CSValueName><CSValueRank>1</CSValueRank></CSValue></CSItem><CSItem><CSItemCode>PLMITM0400011</CSItemCode><CSItemName>灯具亮度</CSItemName><CSItemRank>11</CSItemRank><CSItemIsFreeFormat>0</CSItemIsFreeFormat><CSValue><CSValueCode>PLMATR1096650</CSValueCode><CSValueName>650 流明</CSValueName><CSValueRank>1</CSValueRank></CSValue></CSItem><CSItem><CSItemCode>PLMITM0400013</CSItemCode><CSItemName>亮度可调</CSItemName><CSItemRank>13</CSItemRank><CSItemIsFreeFormat>0</CSItemIsFreeFormat><CSValue><CSValueCode>PLMATR1075Y</CSValueCode><CSValueName>是</CSValueName><CSValueRank>1</CSValueRank></CSValue></CSItem><CSItem><CSItemCode>PLMITM0400014</CSItemCode><CSItemName>LED</CSItemName><CSItemRank>14</CSItemRank><CSItemIsFreeFormat>0</CSItemIsFreeFormat><CSValue><CSValueCode>PLMATR0814Y</CSValueCode><CSValueName>是</CSValueName><CSValueRank>1</CSValueRank></CSValue></CSItem><CSItem><CSItemCode>PLMITM0400015</CSItemCode><CSItemName>内置 LED</CSItemName><CSItemRank>15</CSItemRank><CSItemIsFreeFormat>0</CSItemIsFreeFormat><CSValue><CSValueCode>PLMATR1095EEL09-3</CSValueCode><CSValueName>是</CSValueName><CSValueRank>1</CSValueRank></CSValue></CSItem><CSItem><CSItemCode>PLMITM0400018</CSItemCode><CSItemName>使用寿命长达</CSItemName><CSItemRank>18</CSItemRank><CSItemIsFreeFormat>1</CSItemIsFreeFormat><CSValue><CSValueCode>VA4094468</CSValueCode><CSValueName>23,000</CSValueName><CSValueRank>1</CSValueRank></CSValue><UnitOfMeasure><UnitOfMeasureCode>4000213</UnitOfMeasureCode><UnitOfMeasureName>小时</UnitOfMeasureName><UnitOfMeasureSymbol>小时</UnitOfMeasureSymbol></UnitOfMeasure></CSItem><CSItem><CSItemCode>PLMITM040026</CSItemCode><CSItemName>IP 码</CSItemName><CSItemRank>26</CSItemRank><CSItemIsFreeFormat>0</CSItemIsFreeFormat><CSValue><CSValueCode>PLMATR0290IP20</CSValueCode><CSValueName>IP20</CSValueName><CSValueRank>1</CSValueRank></CSValue><CSValue><CSValueCode>PLMATR0290IP20-2</CSValueCode><CSValueName>可防止直径大于 12.5mm 的固体外物侵入</CSValueName><CSValueRank>2</CSValueRank></CSValue><CSValue><CSValueCode>PLMATR0290IP20-3</CSValueCode><CSValueName>不防水</CSValueName><CSValueRank>3</CSValueRank></CSValue></CSItem><CSItem><CSItemCode>PLMITM040027</CSItemCode><CSItemName>保护级别</CSItemName><CSItemRank>27</CSItemRank><CSItemIsFreeFormat>0</CSItemIsFreeFormat><CSValue><CSValueCode>PLMATR0289II</CSValueCode><CSValueName>II - 双重绝缘</CSValueName><CSValueRank>1</CSValueRank></CSValue></CSItem></CSChapter><CSChapter><CSChapterCode>PLMCHP050</CSChapterCode><CSChapterName>服务</CSChapterName><CSChapterRank>50</CSChapterRank><CSItem><CSItemCode>PLMITM050001</CSItemCode><CSItemName>保修</CSItemName><CSItemRank>1</CSItemRank><CSItemIsFreeFormat>0</CSItemIsFreeFormat><CSValue><CSValueCode>PLMATR02981</CSValueCode><CSValueName>1 年</CSValueName><CSValueRank>1</CSValueRank></CSValue></CSItem></CSChapter><CSChapter><CSChapterCode>PLMCHP060</CSChapterCode><CSChapterName>包装尺寸和重量</CSChapterName><CSChapterRank>60</CSChapterRank><CSItem><CSItemCode>PLMITM060001</CSItemCode><CSItemName>高度</CSItemName><CSItemRank>1</CSItemRank><CSItemIsFreeFormat>1</CSItemIsFreeFormat><CSValue><CSValueCode>VA4042312</CSValueCode><CSValueName>36</CSValueName><CSValueRank>1</CSValueRank></CSValue><UnitOfMeasure><UnitOfMeasureCode>3000039</UnitOfMeasureCode><UnitOfMeasureName>厘米</UnitOfMeasureName><UnitOfMeasureSymbol>厘米</UnitOfMeasureSymbol></UnitOfMeasure></CSItem><CSItem><CSItemCode>PLMITM060002</CSItemCode><CSItemName>长度</CSItemName><CSItemRank>2</CSItemRank><CSItemIsFreeFormat>1</CSItemIsFreeFormat><CSValue><CSValueCode>VA4042313</CSValueCode><CSValueName>21.5</CSValueName><CSValueRank>1</CSValueRank></CSValue><UnitOfMeasure><UnitOfMeasureCode>3000039</UnitOfMeasureCode><UnitOfMeasureName>厘米</UnitOfMeasureName><UnitOfMeasureSymbol>厘米</UnitOfMeasureSymbol></UnitOfMeasure></CSItem><CSItem><CSItemCode>PLMITM060003</CSItemCode><CSItemName>宽度</CSItemName><CSItemRank>3</CSItemRank><CSItemIsFreeFormat>1</CSItemIsFreeFormat><CSValue><CSValueCode>VA4042307</CSValueCode><CSValueName>21.5</CSValueName><CSValueRank>1</CSValueRank></CSValue><UnitOfMeasure><UnitOfMeasureCode>3000039</UnitOfMeasureCode><UnitOfMeasureName>厘米</UnitOfMeasureName><UnitOfMeasureSymbol>厘米</UnitOfMeasureSymbol></UnitOfMeasure></CSItem><CSItem><CSItemCode>PLMITM060004</CSItemCode><CSItemName>重量</CSItemName><CSItemRank>4</CSItemRank><CSItemIsFreeFormat>1</CSItemIsFreeFormat><CSValue><CSValueCode>VA4042304</CSValueCode><CSValueName>1.750</CSValueName><CSValueRank>1</CSValueRank></CSValue><UnitOfMeasure><UnitOfMeasureCode>3000049</UnitOfMeasureCode><UnitOfMeasureName>千克</UnitOfMeasureName><UnitOfMeasureSymbol>千克</UnitOfMeasureSymbol></UnitOfMeasure></CSItem></CSChapter><CSChapter><CSChapterCode>PLMCHP070</CSChapterCode><CSChapterName>其他条款</CSChapterName><CSChapterRank>70</CSChapterRank><CSItem><CSItemCode>PLMITM070001</CSItemCode><CSItemName>设计用于</CSItemName><CSItemRank>1</CSItemRank><CSItemIsFreeFormat>0</CSItemIsFreeFormat><CSValue><CSValueCode>PLMATR0970L_B</CSValueCode><CSValueName>客厅和卧室</CSValueName><CSValueRank>1</CSValueRank></CSValue></CSItem><CSItem><CSItemCode>PLMITM070002</CSItemCode><CSItemName>风格</CSItemName><CSItemRank>2</CSItemRank><CSItemIsFreeFormat>0</CSItemIsFreeFormat><CSValue><CSValueCode>PLMATR0628MOD</CSValueCode><CSValueName>现代简约</CSValueName><CSValueRank>1</CSValueRank></CSValue></CSItem><CSItem><CSItemCode>PLMITM070003</CSItemCode><CSItemName>类型</CSItemName><CSItemRank>3</CSItemRank><CSItemIsFreeFormat>0</CSItemIsFreeFormat><CSValue><CSValueCode>PLMATR0830TABLE</CSValueCode><CSValueName>桌灯</CSValueName><CSValueRank>1</CSValueRank></CSValue></CSItem></CSChapter><Filters><Purpose type="Comparison"><Features><Feature code="F400083552" rank="1" referenceName="Installation free dimming"/><Feature code="F400083656" rank="2" referenceName="Timers for your convenience HUE LUM"/><Feature code="F400083540" rank="3" referenceName="Wake up and go to sleep"/><Feature code="F400083652" rank="4" referenceName="Dimmer switch (included)"/><Feature code="F400083559" rank="5" referenceName="Requires a Philips Hue bridge"/><Feature code="F400087512" rank="6" referenceName="Control it your way (GMGC)"/><Feature code="F400087510" rank="7" referenceName="Create your ambiance (GMGC)"/><Feature code="F400087511" rank="8" referenceName="Light for your daily routines (GMGC)"/></Features><CSItems><CSItem code="PLMITM010001" rank="1" referenceName="设计和外观 - 材料"/><CSItem code="PLMITM030001" rank="1" referenceName="产品尺寸和重量 - 高度"/><CSItem code="PLMITM040001" rank="1" referenceName="技术规格 - 主电源"/><CSItem code="PLMITM050001" rank="1" referenceName="服务 - 保修"/><CSItem code="PLMITM060001" rank="1" referenceName="包装尺寸和重量 - 高度"/><CSItem code="PLMITM070001" rank="1" referenceName="其他条款 - 设计用于"/><CSItem code="PLMITM010002" rank="2" referenceName="设计和外观 - 颜色"/><CSItem code="PLMITM060002" rank="2" referenceName="包装尺寸和重量 - 长度"/><CSItem code="PLMITM070002" rank="2" referenceName="其他条款 - 风格"/><CSItem code="PLMITM040003" rank="3" referenceName="技术规格 - 灯泡数量"/><CSItem code="PLMITM060003" rank="3" referenceName="包装尺寸和重量 - 宽度"/><CSItem code="PLMITM070003" rank="3" referenceName="其他条款 - 类型"/><CSItem code="PLMITM030004" rank="4" referenceName="产品尺寸和重量 - 长度"/><CSItem code="PLMITM060004" rank="4" referenceName="包装尺寸和重量 - 重量"/><CSItem code="PLMITM030005" rank="5" referenceName="产品尺寸和重量 - 宽度"/><CSItem code="PLMITM040005" rank="5" referenceName="技术规格 - 附赠光源瓦数"/><CSItem code="PLMITM030006" rank="6" referenceName="产品尺寸和重量 - 净重"/><CSItem code="PLMITM040006" rank="6" referenceName="技术规格 - 替换灯泡的最大瓦数"/><CSItem code="PLMITM0400011" rank="11" referenceName="技术规格 - 灯具亮度"/><CSItem code="PLMITM0400013" rank="13" referenceName="技术规格 - 亮度可调"/><CSItem code="PLMITM0400014" rank="14" referenceName="技术规格 - LED"/><CSItem code="PLMITM0400015" rank="15" referenceName="技术规格 - 内置 LED"/><CSItem code="PLMITM0400018" rank="18" referenceName="技术规格 - 使用寿命长达"/><CSItem code="PLMITM040026" rank="26" referenceName="技术规格 - IP 码"/><CSItem code="PLMITM040027" rank="27" referenceName="技术规格 - 保护级别"/></CSItems></Purpose><Purpose type="Detail"><Features><Feature code="F400083552" rank="1" referenceName="Installation free dimming"/><Feature code="F400083656" rank="2" referenceName="Timers for your convenience HUE LUM"/><Feature code="F400083540" rank="3" referenceName="Wake up and go to sleep"/><Feature code="F400083652" rank="4" referenceName="Dimmer switch (included)"/><Feature code="F400083559" rank="5" referenceName="Requires a Philips Hue bridge"/><Feature code="F400087512" rank="6" referenceName="Control it your way (GMGC)"/><Feature code="F400087510" rank="7" referenceName="Create your ambiance (GMGC)"/><Feature code="F400087511" rank="8" referenceName="Light for your daily routines (GMGC)"/></Features><CSItems><CSItem code="PLMITM010001" rank="1" referenceName="设计和外观 - 材料"/><CSItem code="PLMITM030001" rank="1" referenceName="产品尺寸和重量 - 高度"/><CSItem code="PLMITM040001" rank="1" referenceName="技术规格 - 主电源"/><CSItem code="PLMITM050001" rank="1" referenceName="服务 - 保修"/><CSItem code="PLMITM060001" rank="1" referenceName="包装尺寸和重量 - 高度"/><CSItem code="PLMITM070001" rank="1" referenceName="其他条款 - 设计用于"/><CSItem code="PLMITM010002" rank="2" referenceName="设计和外观 - 颜色"/><CSItem code="PLMITM060002" rank="2" referenceName="包装尺寸和重量 - 长度"/><CSItem code="PLMITM070002" rank="2" referenceName="其他条款 - 风格"/><CSItem code="PLMITM040003" rank="3" referenceName="技术规格 - 灯泡数量"/><CSItem code="PLMITM060003" rank="3" referenceName="包装尺寸和重量 - 宽度"/><CSItem code="PLMITM070003" rank="3" referenceName="其他条款 - 类型"/><CSItem code="PLMITM030004" rank="4" referenceName="产品尺寸和重量 - 长度"/><CSItem code="PLMITM060004" rank="4" referenceName="包装尺寸和重量 - 重量"/><CSItem code="PLMITM030005" rank="5" referenceName="产品尺寸和重量 - 宽度"/><CSItem code="PLMITM040005" rank="5" referenceName="技术规格 - 附赠光源瓦数"/><CSItem code="PLMITM030006" rank="6" referenceName="产品尺寸和重量 - 净重"/><CSItem code="PLMITM040006" rank="6" referenceName="技术规格 - 替换灯泡的最大瓦数"/><CSItem code="PLMITM0400011" rank="11" referenceName="技术规格 - 灯具亮度"/><CSItem code="PLMITM0400013" rank="13" referenceName="技术规格 - 亮度可调"/><CSItem code="PLMITM0400014" rank="14" referenceName="技术规格 - LED"/><CSItem code="PLMITM0400015" rank="15" referenceName="技术规格 - 内置 LED"/><CSItem code="PLMITM0400018" rank="18" referenceName="技术规格 - 使用寿命长达"/><CSItem code="PLMITM040026" rank="26" referenceName="技术规格 - IP 码"/><CSItem code="PLMITM040027" rank="27" referenceName="技术规格 - 保护级别"/></CSItems></Purpose></Filters><FeatureCompareGroups/><Disclaimers/><RichTexts/></Product></Products>