<?xml version="1.0" encoding="UTF-8"?><Products xmlns:source="http://apache.org/cocoon/source/1.0" DocStatus="approved" DocTimeStamp="2018-10-27T23:32:08"><Product Country="CN" IsAccessory="false" IsMaster="false" Locale="zh_CN" lastModified="2018-10-25T04:58:36" masterLastModified="2017-06-16T00:19:51"><CTN>42402C1</CTN><Code12NC>928532524409</Code12NC><GTIN>046677713423</GTIN><MarketingVersion>6.1.1</MarketingVersion><MarketingStatus>Final Published</MarketingStatus><CRDate>2001-02-12</CRDate><CRDateYW>200107</CRDateYW><ModelYears><ModelYear>2012</ModelYear></ModelYears><ProductDivision><ProductDivisionCode>0100</ProductDivisionCode><ProductDivisionName>Lighting</ProductDivisionName><FormerPDCode>0100</FormerPDCode></ProductDivision><ProductOwner>Marilyne Denis</ProductOwner><DTN>42402C1</DTN><Catalog><StartOfPublication>2017-06-15T00:00:00</StartOfPublication><EndOfPublication>2030-06-15T00:00:00</EndOfPublication><StartOfSales>2017-06-15T00:00:00</StartOfSales><EndOfSales>2030-06-15T00:00:00</EndOfSales><DummyPrice/><Deleted>false</Deleted><DeleteAfterDate/><ProductRank>50</ProductRank></Catalog><FinancialCategorization><BusinessGroupCode>9017</BusinessGroupCode><BusinessGroupName>Lamps and Accessoires</BusinessGroupName><BusinessUnitCode>9102</BusinessUnitCode><BusinessUnitName>Automotive Lamps</BusinessUnitName><MainArticleGroupCode>B11</MainArticleGroupCode><MainArticleGroupName>High pressure gasdischarge headlamp</MainArticleGroupName><ArticleGroupCode>0820</ArticleGroupCode><ArticleGroupName>Xenon bulbs</ArticleGroupName></FinancialCategorization><Categorization type="CONSUMER"><GroupCode>AUTOMOTIVE_GR</GroupCode><GroupName>Automotive</GroupName><CategoryCode>CAR_LIGHTS_CA</CategoryCode><CategoryName>Car lights</CategoryName><SubcategoryCode>CAR_HEADLIGHTS_SU</SubcategoryCode><SubcategoryName>Headlights</SubcategoryName></Categorization><Assets><Asset code="42402C1" description="Leaflet" extension="pdf" lastModified="2018-09-27" locale="zh_CN" number="001" type="PSS">http://download.p4c.philips.com/files/4/42402c1/42402c1_pss_zhscn.pdf</Asset><Asset code="42402C1" description="Retail Trade Leaflet" extension="pdf" lastModified="2018-10-05" locale="zh_CN" number="001" type="RTL">http://download.p4c.philips.com/files/4/42402c1/42402c1_rtl_zhscn.pdf</Asset><Asset code="42402C1" description="Leaflet" extension="pdf" lastModified="2018-09-27" locale="global" number="001" type="PSS">http://download.p4c.philips.com/files/4/42402c1/42402c1_pss_.pdf</Asset><Asset code="42402C1" description="Leaflet" extension="pdf" lastModified="2018-09-27" locale="en_US" number="001" type="PSS">http://download.p4c.philips.com/files/4/42402c1/42402c1_pss_aenus.pdf</Asset><Asset code="42402C1" description="Standard product photograph - highres 2196x1795" extension="tif" lastModified="2016-04-09" locale="global" number="001" type="RTP">http://images.philips.com/is/image/PhilipsConsumer/42402C1-RTP-global-001</Asset><Asset code="42402C1" description="Single product shot" extension="" lastModified="2018-10-25" locale="zh_CN" number="" type="IMS">http://images.philips.com/is/image/PhilipsConsumer/42402C1-IMS-zh_CN</Asset><Asset code="42402C1" description="Product gallery image set" extension="" lastModified="2018-10-25" locale="zh_CN" number="" type="GAL">http://images.philips.com/is/image/PhilipsConsumer/42402C1-GAL-zh_CN</Asset><Asset code="42402C1" description="Product URL" extension="" lastModified="2018-10-25" locale="zh_CN" number="" type="URL">http://www.philips.com.cn/c-p/42402C1/xenon-standard-xenon</Asset><Asset code="F400058694" description="Feature photograph - highres 2100x1170" extension="tif" lastModified="2013-09-24" locale="global" number="001" type="FIL">http://images.philips.com/is/image/PhilipsConsumer/F400058694-FIL-global-001</Asset><Asset code="F400058696" description="Feature photograph - highres 2100x1170" extension="tif" lastModified="2013-09-24" locale="global" number="001" type="FIL">http://images.philips.com/is/image/PhilipsConsumer/F400058696-FIL-global-001</Asset><Asset code="F400067401" description="Feature photograph - highres 2100x1170" extension="tif" lastModified="2014-05-15" locale="global" number="001" type="FIL">http://images.philips.com/is/image/PhilipsConsumer/F400067401-FIL-global-001</Asset><Asset code="F400067790" description="Feature photograph - highres 2100x1170" extension="tif" lastModified="2016-07-04" locale="global" number="001" type="FIL">http://images.philips.com/is/image/PhilipsConsumer/F400067790-FIL-global-001</Asset><Asset code="F400067793" description="Feature photograph - highres 2100x1170" extension="tif" lastModified="2014-06-03" locale="global" number="001" type="FIL">http://images.philips.com/is/image/PhilipsConsumer/F400067793-FIL-global-001</Asset><Asset code="PHI" description="Brand logo - highres 1476x886" extension="tif" lastModified="2016-02-18" locale="global" number="001" type="BRP">http://images.philips.com/is/image/PhilipsConsumer/PHI-BRP-global-001</Asset></Assets><ProductName>灯泡类型：D4R 每包 1 个 42 伏，35 瓦 氙气灯</ProductName><FullProductName>飞利浦 Xenon Standard 氙气灯 42402C1 灯泡类型：D4R 每包 1 个 42 伏，35 瓦 标准</FullProductName><NamingString><MasterBrand><BrandCode>PHI</BrandCode><BrandName>Philips</BrandName></MasterBrand><BrandString>飞利浦</BrandString><Family><FamilyCode>SB40003106</FamilyCode><FamilyName>Xenon Standard</FamilyName><FamilyNameUsed>1</FamilyNameUsed></Family><Descriptor><DescriptorCode>D4024125</DescriptorCode><DescriptorName>氙气灯</DescriptorName></Descriptor><Alphanumeric>42402C1</Alphanumeric><VersionElement1><VersionElementCode>V4044021</VersionElementCode><VersionElementName>灯泡类型：D4R</VersionElementName></VersionElement1><VersionElement2><VersionElementCode>V4043913</VersionElementCode><VersionElementName>每包 1 个</VersionElementName></VersionElement2><VersionElement3><VersionElementCode>V4043944</VersionElementCode><VersionElementName>42 伏，35 瓦</VersionElementName></VersionElement3><VersionElement4><VersionElementCode>V4004705</VersionElementCode><VersionElementName>标准</VersionElementName></VersionElement4><VersionString>灯泡类型：D4R 每包 1 个 42 伏，35 瓦 标准</VersionString><BrandedFeatureString/><DescriptorBrandedFeatureString>氙气灯</DescriptorBrandedFeatureString></NamingString><WOW>感觉更安全，驾驶更安心</WOW><SubWOW>原装品质</SubWOW><MarketingTextHeader>飞利浦标准型氙气灯可替换烧坏的灯泡。它与原装灯泡具有相同的质量和性能</MarketingTextHeader><KeyBenefitArea><KeyBenefitAreaCode>K4028841</KeyBenefitAreaCode><KeyBenefitAreaName>原装品质，便于替换车头灯</KeyBenefitAreaName><KeyBenefitAreaRank>1</KeyBenefitAreaRank><Feature><FeatureCode>F400067790</FeatureCode><FeatureReferenceName>Original quality replacement - std</FeatureReferenceName><FeatureName>原装品质更换件</FeatureName><FeatureLongDescription>标准型氙气灯是原装品质更换选件</FeatureLongDescription><FeatureGlossary>飞利浦标准型氙气灯提供新车的原装品质性能。灯泡质量得到所有主要汽车制造商的认可。</FeatureGlossary><FeatureRank>1</FeatureRank><FeatureTopRank>1</FeatureTopRank></Feature></KeyBenefitArea><KeyBenefitArea><KeyBenefitAreaCode>K4028663</KeyBenefitAreaCode><KeyBenefitAreaName>Xenon HID 带来强大安全性</KeyBenefitAreaName><KeyBenefitAreaRank>2</KeyBenefitAreaRank><Feature><FeatureCode>F400080696</FeatureCode><FeatureReferenceName>Maximum safety with Xenon HID - APR</FeatureReferenceName><FeatureName>Xenon HID 带来强大安全性</FeatureName><FeatureLongDescription>Xenon HID 灯泡射出的强光带来强大安全性</FeatureLongDescription><FeatureGlossary>Xenon HID（高强度放电）灯提供两倍光亮*，让任何情况下的驾驶都更加安全。Xenon HID 氙气车灯产生的高强度白光可以和日光媲美。研究表明，氙气车灯能帮助驾驶员将注意力集中在道路上，并且可比传统车灯更快地识别障碍物和道路标志。* 与普通卤素灯光相比</FeatureGlossary><FeatureRank>4</FeatureRank><FeatureTopRank>2</FeatureTopRank></Feature></KeyBenefitArea><KeyBenefitArea><KeyBenefitAreaCode>K4028664</KeyBenefitAreaCode><KeyBenefitAreaName>原始设备制造商</KeyBenefitAreaName><KeyBenefitAreaRank>3</KeyBenefitAreaRank><Feature><FeatureCode>F400082979</FeatureCode><FeatureReferenceName>Car manufacturers' choice-Xenon HID</FeatureReferenceName><FeatureName>汽车制造商的选择</FeatureName><FeatureLongDescription>飞利浦是主要汽车制造商的选择。</FeatureLongDescription><FeatureGlossary>近100年来，飞利浦的技术创新一直引领汽车照明市场，推动行业技术的不断变革与发展。目前，欧洲每两辆汽车、全球每三辆汽车中就有一辆采用飞利浦汽车照明解决方案。</FeatureGlossary><FeatureRank>6</FeatureRank><FeatureTopRank>3</FeatureTopRank></Feature><Feature><FeatureCode>F400067793</FeatureCode><FeatureReferenceName>ECE homologation - std</FeatureReferenceName><FeatureName>ECE 认证</FeatureName><FeatureLongDescription>符合 ECE 法规认证的高质量标准</FeatureLongDescription><FeatureGlossary>飞利浦汽车专门为原始设备制造商市场以及售后市场生产优秀的产品，并提供优秀的服务。我们的产品采用优质材料制造，并按照高规格进行测试，以求为客户带来超高的安全性和驾驶舒适度。我们的整个生产都经过精心测试、控制和认证（ISO 9001、ISO 14001 和 QSO 9000），符合 ECE 要求。</FeatureGlossary><FeatureRank>2</FeatureRank><FeatureTopRank>4</FeatureTopRank></Feature><Feature><FeatureCode>F400058694</FeatureCode><FeatureReferenceName>High quality quartz glass</FeatureReferenceName><FeatureName>高品质的石英玻璃</FeatureName><FeatureLongDescription>飞利浦汽车灯均采用高质量的石英玻璃制造</FeatureLongDescription><FeatureGlossary>紫外线石英玻璃强于硬质玻璃，高度耐受极限温度且高度抗震，这消除了爆裂的风险。飞利浦石英玻璃灯（灯丝 2650ºC，玻璃 800ºC）能够承受剧烈的热冲击。由于灯内压力增大，因此紫外线石英玻璃能够产生更强的光照。</FeatureGlossary><FeatureRank>3</FeatureRank><FeatureTopRank>5</FeatureTopRank></Feature><Feature><FeatureCode>F400082980</FeatureCode><FeatureReferenceName>Resistance against humidity-xenon as</FeatureReferenceName><FeatureName>抗湿性</FeatureName><FeatureLongDescription>飞利浦汽车灯高度抗湿</FeatureLongDescription><FeatureGlossary>灯泡点亮时，只有石英玻璃制成的灯泡（灯丝 2650°C，玻璃 800°C）才能抵抗热冲击：例如，如果一滴冷水接触到热灯泡，当您带着破损的车头灯装置驶过水塘时就可能发生这种情况。</FeatureGlossary><FeatureRank>7</FeatureRank><FeatureTopRank>6</FeatureTopRank></Feature><Feature><FeatureCode>F400058696</FeatureCode><FeatureReferenceName>UV Resistant</FeatureReferenceName><FeatureName>抗紫外线</FeatureName><FeatureLongDescription>飞利浦汽车灯高度抗紫外线</FeatureLongDescription><FeatureGlossary>飞利浦特殊的防紫外线涂层技术可保护车头灯，使其免受有害的紫外线辐射，这使得飞利浦紫外线涂层石英玻璃非常适合所有驾驶条件，并保证车头灯的使用寿命</FeatureGlossary><FeatureRank>8</FeatureRank><FeatureTopRank>7</FeatureTopRank></Feature><Feature><FeatureCode>F400067401</FeatureCode><FeatureReferenceName>Commended Car lamps</FeatureReferenceName><FeatureName>备受赞赏的汽车灯</FeatureName><FeatureLongDescription>屡获殊荣的汽车灯制造商</FeatureLongDescription><FeatureGlossary>我们的汽车灯经常受到汽车专家的交口称赞。</FeatureGlossary><FeatureRank>5</FeatureRank><FeatureTopRank>8</FeatureTopRank></Feature></KeyBenefitArea><FeatureImage><FeatureCode>F400067790</FeatureCode><FeatureReferenceName>Original quality replacement - std</FeatureReferenceName><FeatureImageRank>1</FeatureImageRank></FeatureImage><FeatureImage><FeatureCode>F400080696</FeatureCode><FeatureReferenceName>Maximum safety with Xenon HID - APR</FeatureReferenceName><FeatureImageRank>2</FeatureImageRank></FeatureImage><FeatureImage><FeatureCode>F400082979</FeatureCode><FeatureReferenceName>Car manufacturers' choice-Xenon HID</FeatureReferenceName><FeatureImageRank>3</FeatureImageRank></FeatureImage><FeatureImage><FeatureCode>F400067793</FeatureCode><FeatureReferenceName>ECE homologation - std</FeatureReferenceName><FeatureImageRank>4</FeatureImageRank></FeatureImage><FeatureImage><FeatureCode>F400058694</FeatureCode><FeatureReferenceName>High quality quartz glass</FeatureReferenceName><FeatureImageRank>5</FeatureImageRank></FeatureImage><FeatureImage><FeatureCode>F400082980</FeatureCode><FeatureReferenceName>Resistance against humidity-xenon as</FeatureReferenceName><FeatureImageRank>6</FeatureImageRank></FeatureImage><FeatureImage><FeatureCode>F400058696</FeatureCode><FeatureReferenceName>UV Resistant</FeatureReferenceName><FeatureImageRank>7</FeatureImageRank></FeatureImage><FeatureImage><FeatureCode>F400067401</FeatureCode><FeatureReferenceName>Commended Car lamps</FeatureReferenceName><FeatureImageRank>8</FeatureImageRank></FeatureImage><FeatureHighlight><FeatureCode>F400067790</FeatureCode><FeatureReferenceName>Original quality replacement - std</FeatureReferenceName><FeatureHighlightRank>1</FeatureHighlightRank></FeatureHighlight><FeatureHighlight><FeatureCode>F400080696</FeatureCode><FeatureReferenceName>Maximum safety with Xenon HID - APR</FeatureReferenceName><FeatureHighlightRank>2</FeatureHighlightRank></FeatureHighlight><FeatureHighlight><FeatureCode>F400082979</FeatureCode><FeatureReferenceName>Car manufacturers' choice-Xenon HID</FeatureReferenceName><FeatureHighlightRank>3</FeatureHighlightRank></FeatureHighlight><FeatureHighlight><FeatureCode>F400067793</FeatureCode><FeatureReferenceName>ECE homologation - std</FeatureReferenceName><FeatureHighlightRank>4</FeatureHighlightRank></FeatureHighlight><FeatureHighlight><FeatureCode>F400058694</FeatureCode><FeatureReferenceName>High quality quartz glass</FeatureReferenceName><FeatureHighlightRank>5</FeatureHighlightRank></FeatureHighlight><FeatureHighlight><FeatureCode>F400082980</FeatureCode><FeatureReferenceName>Resistance against humidity-xenon as</FeatureReferenceName><FeatureHighlightRank>6</FeatureHighlightRank></FeatureHighlight><FeatureHighlight><FeatureCode>F400058696</FeatureCode><FeatureReferenceName>UV Resistant</FeatureReferenceName><FeatureHighlightRank>7</FeatureHighlightRank></FeatureHighlight><FeatureHighlight><FeatureCode>F400067401</FeatureCode><FeatureReferenceName>Commended Car lamps</FeatureReferenceName><FeatureHighlightRank>8</FeatureHighlightRank></FeatureHighlight><CSChapter><CSChapterCode>CH4006466</CSChapterCode><CSChapterName>产品描述</CSChapterName><CSChapterRank>1</CSChapterRank><CSItem><CSItemCode>IT4031500</CSItemCode><CSItemName>技术</CSItemName><CSItemRank>1</CSItemRank><CSItemIsFreeFormat>0</CSItemIsFreeFormat><CSValue><CSValueCode>VA4071792</CSValueCode><CSValueName>氙气灯</CSValueName><CSValueRank>4</CSValueRank></CSValue></CSItem><CSItem><CSItemCode>IT4031517</CSItemCode><CSItemName>应用</CSItemName><CSItemRank>4</CSItemRank><CSItemIsFreeFormat>0</CSItemIsFreeFormat><CSValue><CSValueCode>VA4071898</CSValueCode><CSValueName>远光灯</CSValueName><CSValueRank>3</CSValueRank></CSValue><CSValue><CSValueCode>VA4071899</CSValueCode><CSValueName>近光灯</CSValueName><CSValueRank>5</CSValueRank></CSValue></CSItem><CSItem><CSItemCode>IT4034965</CSItemCode><CSItemName>规格</CSItemName><CSItemRank>9</CSItemRank><CSItemIsFreeFormat>1</CSItemIsFreeFormat><CSValue><CSValueCode>VA4081495</CSValueCode><CSValueName>D4S</CSValueName><CSValueRank>1</CSValueRank></CSValue></CSItem><CSItem><CSItemCode>IT4031521</CSItemCode><CSItemName>ECE 认证</CSItemName><CSItemRank>10</CSItemRank><CSItemIsFreeFormat>0</CSItemIsFreeFormat><CSValue><CSValueCode>VA4072195</CSValueCode><CSValueName>是</CSValueName><CSValueRank>1</CSValueRank></CSValue></CSItem><CSItem><CSItemCode>IT4031519</CSItemCode><CSItemName>范围</CSItemName><CSItemRank>11</CSItemRank><CSItemIsFreeFormat>0</CSItemIsFreeFormat><CSValue><CSValueCode>VA4083292</CSValueCode><CSValueName>标准型氙气灯</CSValueName><CSValueRank>6</CSValueRank></CSValue></CSItem><CSItem><CSItemCode>IT4031508</CSItemCode><CSItemName>类型</CSItemName><CSItemRank>12</CSItemRank><CSItemIsFreeFormat>0</CSItemIsFreeFormat><CSValue><CSValueCode>VA4071811</CSValueCode><CSValueName>D4S</CSValueName><CSValueRank>7</CSValueRank></CSValue></CSItem><CSItem><CSItemCode>IT4035423</CSItemCode><CSItemName>基座</CSItemName><CSItemRank>13</CSItemRank><CSItemIsFreeFormat>1</CSItemIsFreeFormat><CSValue><CSValueCode>VA4082341</CSValueCode><CSValueName>P32d-5</CSValueName><CSValueRank>1</CSValueRank></CSValue></CSItem><CSItem><CSItemCode>IT4035563</CSItemCode><CSItemName>ECE 标志</CSItemName><CSItemRank>14</CSItemRank><CSItemIsFreeFormat>1</CSItemIsFreeFormat><CSValue><CSValueCode>VA4082797</CSValueCode><CSValueName>E4 0A5</CSValueName><CSValueRank>1</CSValueRank></CSValue></CSItem></CSChapter><CSChapter><CSChapterCode>CH4006521</CSChapterCode><CSChapterName>电子特性</CSChapterName><CSChapterRank>2</CSChapterRank><CSItem><CSItemCode>IT4035426</CSItemCode><CSItemName>额定功率</CSItemName><CSItemRank>5</CSItemRank><CSItemIsFreeFormat>1</CSItemIsFreeFormat><CSValue><CSValueCode>VA4082344</CSValueCode><CSValueName>35</CSValueName><CSValueRank>1</CSValueRank></CSValue><UnitOfMeasure><UnitOfMeasureCode>3000072</UnitOfMeasureCode><UnitOfMeasureName>瓦特</UnitOfMeasureName><UnitOfMeasureSymbol>瓦</UnitOfMeasureSymbol></UnitOfMeasure></CSItem><CSItem><CSItemCode>IT4035564</CSItemCode><CSItemName>电压</CSItemName><CSItemRank>7</CSItemRank><CSItemIsFreeFormat>1</CSItemIsFreeFormat><CSValue><CSValueCode>VA4082798</CSValueCode><CSValueName>42</CSValueName><CSValueRank>1</CSValueRank></CSValue><UnitOfMeasure><UnitOfMeasureCode>3000071</UnitOfMeasureCode><UnitOfMeasureName>伏</UnitOfMeasureName><UnitOfMeasureSymbol>伏</UnitOfMeasureSymbol></UnitOfMeasure></CSItem></CSChapter><CSChapter><CSChapterCode>CH4006483</CSChapterCode><CSChapterName>寿命</CSChapterName><CSChapterRank>3</CSChapterRank><CSItem><CSItemCode>IT4035428</CSItemCode><CSItemName>寿命</CSItemName><CSItemRank>2</CSItemRank><CSItemIsFreeFormat>1</CSItemIsFreeFormat><CSValue><CSValueCode>VA4082346</CSValueCode><CSValueName>B3/Tc = 1500/2500</CSValueName><CSValueRank>1</CSValueRank></CSValue></CSItem></CSChapter><CSChapter><CSChapterCode>CH4005203</CSChapterCode><CSChapterName>灯光特征</CSChapterName><CSChapterRank>4</CSChapterRank><CSItem><CSItemCode>IT4035427</CSItemCode><CSItemName>流明</CSItemName><CSItemRank>6</CSItemRank><CSItemIsFreeFormat>1</CSItemIsFreeFormat><CSValue><CSValueCode>VA4082345</CSValueCode><CSValueName>3200 ±450</CSValueName><CSValueRank>1</CSValueRank></CSValue></CSItem><CSItem><CSItemCode>IT4035565</CSItemCode><CSItemName>色温</CSItemName><CSItemRank>8</CSItemRank><CSItemIsFreeFormat>1</CSItemIsFreeFormat><CSValue><CSValueCode>VA4082799</CSValueCode><CSValueName>4200</CSValueName><CSValueRank>1</CSValueRank></CSValue></CSItem></CSChapter><Filters><Purpose type="Comparison"><Features><Feature code="F400067790" rank="1" referenceName="Original quality replacement - std"/><Feature code="F400080696" rank="2" referenceName="Maximum safety with Xenon HID - APR"/><Feature code="F400082979" rank="3" referenceName="Car manufacturers' choice-Xenon HID"/><Feature code="F400067793" rank="4" referenceName="ECE homologation - std"/><Feature code="F400058694" rank="5" referenceName="High quality quartz glass"/><Feature code="F400082980" rank="6" referenceName="Resistance against humidity-xenon as"/><Feature code="F400058696" rank="7" referenceName="UV Resistant"/><Feature code="F400067401" rank="8" referenceName="Commended Car lamps"/></Features><CSItems><CSItem code="IT4031500" rank="1" referenceName="产品描述 - 技术"/><CSItem code="IT4035428" rank="2" referenceName="寿命 - 寿命"/><CSItem code="IT4031517" rank="4" referenceName="产品描述 - 应用"/><CSItem code="IT4035426" rank="5" referenceName="电子特性 - 额定功率"/><CSItem code="IT4035427" rank="6" referenceName="灯光特征 - 流明"/><CSItem code="IT4035564" rank="7" referenceName="电子特性 - 电压"/><CSItem code="IT4035565" rank="8" referenceName="灯光特征 - 色温"/><CSItem code="IT4034965" rank="9" referenceName="产品描述 - 规格"/><CSItem code="IT4031521" rank="10" referenceName="产品描述 - ECE 认证"/><CSItem code="IT4031519" rank="11" referenceName="产品描述 - 范围"/><CSItem code="IT4031508" rank="12" referenceName="产品描述 - 类型"/><CSItem code="IT4035423" rank="13" referenceName="产品描述 - 基座"/><CSItem code="IT4035563" rank="14" referenceName="产品描述 - ECE 标志"/></CSItems></Purpose><Purpose type="Detail"><Features><Feature code="F400067790" rank="1" referenceName="Original quality replacement - std"/><Feature code="F400080696" rank="2" referenceName="Maximum safety with Xenon HID - APR"/><Feature code="F400082979" rank="3" referenceName="Car manufacturers' choice-Xenon HID"/><Feature code="F400067793" rank="4" referenceName="ECE homologation - std"/><Feature code="F400058694" rank="5" referenceName="High quality quartz glass"/><Feature code="F400082980" rank="6" referenceName="Resistance against humidity-xenon as"/><Feature code="F400058696" rank="7" referenceName="UV Resistant"/><Feature code="F400067401" rank="8" referenceName="Commended Car lamps"/></Features><CSItems><CSItem code="IT4031500" rank="1" referenceName="产品描述 - 技术"/><CSItem code="IT4035428" rank="2" referenceName="寿命 - 寿命"/><CSItem code="IT4031517" rank="4" referenceName="产品描述 - 应用"/><CSItem code="IT4035426" rank="5" referenceName="电子特性 - 额定功率"/><CSItem code="IT4035427" rank="6" referenceName="灯光特征 - 流明"/><CSItem code="IT4035564" rank="7" referenceName="电子特性 - 电压"/><CSItem code="IT4035565" rank="8" referenceName="灯光特征 - 色温"/><CSItem code="IT4034965" rank="9" referenceName="产品描述 - 规格"/><CSItem code="IT4031521" rank="10" referenceName="产品描述 - ECE 认证"/><CSItem code="IT4031519" rank="11" referenceName="产品描述 - 范围"/><CSItem code="IT4031508" rank="12" referenceName="产品描述 - 类型"/><CSItem code="IT4035423" rank="13" referenceName="产品描述 - 基座"/><CSItem code="IT4035563" rank="14" referenceName="产品描述 - ECE 标志"/></CSItems></Purpose></Filters><FeatureCompareGroups/><Disclaimers><Disclaimer code="DIS40007629" rank="1" referenceName="Compared to standard halogen bulbs"><DisclaimerText>与标准卤素灯泡比较</DisclaimerText><DisclaimElements/></Disclaimer></Disclaimers><RichTexts/></Product></Products>