<?xml version="1.0" encoding="UTF-8"?><Products xmlns:source="http://apache.org/cocoon/source/1.0" DocStatus="approved" DocTimeStamp="2018-10-27T23:59:01"><Product Country="RU" IsAccessory="false" IsMaster="false" Locale="ru_RU" lastModified="2018-10-21T16:24:22" masterLastModified="2018-08-28T00:34:13"><CTN>221S6QYMB/01</CTN><Code12NC>867000116763</Code12NC><GTIN>8712581725389</GTIN><MarketingVersion>5.0.1</MarketingVersion><MarketingStatus>Final Published</MarketingStatus><CRDate>2014-09-05</CRDate><CRDateYW>201436</CRDateYW><ModelYears><ModelYear>2014</ModelYear><ModelYear>2015</ModelYear></ModelYears><ProductDivision><ProductDivisionCode>0200</ProductDivisionCode><ProductDivisionName>Consumer Lifestyle</ProductDivisionName><FormerPDCode>3400</FormerPDCode></ProductDivision><ProductOwner>HO CATHERINE</ProductOwner><DTN>221S6QYMB/01</DTN><Catalog><StartOfPublication>2014-10-05T00:00:00</StartOfPublication><EndOfPublication>2024-02-23T00:00:00</EndOfPublication><StartOfSales>2014-10-05T00:00:00</StartOfSales><EndOfSales>2024-02-23T00:00:00</EndOfSales><DummyPrice/><Deleted>false</Deleted><DeleteAfterDate/><ProductRank>50</ProductRank></Catalog><FinancialCategorization><BusinessGroupCode>6918</BusinessGroupCode><BusinessGroupName>TV</BusinessGroupName><BusinessUnitCode>0655</BusinessUnitCode><BusinessUnitName>Monitors</BusinessUnitName><MainArticleGroupCode>J89</MainArticleGroupCode><MainArticleGroupName>Monitors</MainArticleGroupName><ArticleGroupCode>3789</ArticleGroupCode><ArticleGroupName>Monitors global</ArticleGroupName></FinancialCategorization><Categorization type="CONSUMER"><GroupCode>SOUND_AND_VISION_GR</GroupCode><GroupName>Sound &amp; vision</GroupName><CategoryCode>SV_MONITORS_CA</CategoryCode><CategoryName>Monitors</CategoryName><SubcategoryCode>SV_OTHERS_SU</SubcategoryCode><SubcategoryName>Others</SubcategoryName></Categorization><Assets><Asset code="221S6QYMB_01" description="Single product shot" extension="" lastModified="2018-10-21" locale="ru_RU" number="" type="IMS">http://images.philips.com/is/image/PhilipsConsumer/221S6QYMB_01-IMS-ru_RU</Asset><Asset code="221S6QYMB_01" description="Product gallery image set" extension="" lastModified="2018-10-21" locale="ru_RU" number="" type="GAL">http://images.philips.com/is/image/PhilipsConsumer/221S6QYMB_01-GAL-ru_RU</Asset><Asset code="221S6QYMB_01" description="Product URL" extension="" lastModified="2018-10-21" locale="ru_RU" number="" type="URL">http://www.philips.ru/c-p/221S6QYMB_01/brilliance-led-backlit-lcd-monitor-with-smartimage</Asset></Assets><ProductName>ЖК-монитор S Line: технология SmartImage, светодиодная подсветка</ProductName><FullProductName>Philips Brilliance ЖК-монитор со светодиодной подсветкой 221S6QYMB S Line 22 (диагональ 54,6 см/21,5"), Full HD (1920 x 1080) с функцией SmartImage</FullProductName><NamingString><MasterBrand><BrandCode>PHI</BrandCode><BrandName>Philips</BrandName></MasterBrand><BrandString>Philips</BrandString><Concept><ConceptCode>SB30000063</ConceptCode><ConceptName>Brilliance</ConceptName><ConceptNameUsed>0</ConceptNameUsed></Concept><Descriptor><DescriptorCode>D4023462</DescriptorCode><DescriptorName>ЖК-монитор со светодиодной подсветкой</DescriptorName></Descriptor><Alphanumeric>221S6QYMB</Alphanumeric><VersionElement1><VersionElementCode>V4013276</VersionElementCode><VersionElementName>S Line</VersionElementName></VersionElement1><VersionElement2><VersionElementCode>V4031865</VersionElementCode><VersionElementName>22 (диагональ 54,6 см/21,5")</VersionElementName></VersionElement2><VersionElement3><VersionElementCode>V4035286</VersionElementCode><VersionElementName>Full HD (1920 x 1080)</VersionElementName></VersionElement3><VersionString>S Line 22 (диагональ 54,6 см/21,5"), Full HD (1920 x 1080)</VersionString><BrandedFeatureCode1>F400035289</BrandedFeatureCode1><BrandedFeatureString>с функцией SmartImage</BrandedFeatureString><DescriptorBrandedFeatureString>ЖК-монитор с технологией SmartImage и светодиодной подсветкой</DescriptorBrandedFeatureString></NamingString><WOW>Удобные функции и непревзойденное качество работы</WOW><SubWOW>для эффективных результатов</SubWOW><MarketingTextHeader>Удобный светодиодный дисплей Philips AH-IPS на 25 % состоит из переработанных материалов, а его корпус не содержит ПВХ и бромсодержащего антипирена — идеальное решение для тех, кто ценит высокую производительность и экологичность</MarketingTextHeader><KeyBenefitArea><KeyBenefitAreaCode>K4015194</KeyBenefitAreaCode><KeyBenefitAreaName>Экологичный дизайн</KeyBenefitAreaName><KeyBenefitAreaRank>1</KeyBenefitAreaRank><Feature><FeatureCode>F400035268</FeatureCode><FeatureReferenceName>EPEAT Gold 2</FeatureReferenceName><FeatureName>Стандарт EPEAT Gold</FeatureName><FeatureLongDescription>25 % переработанных материалов по стандарту EPEAT Gold</FeatureLongDescription><FeatureGlossary>Мониторы Philips с сертификатом EPEAT GOLD безопасны для человека и окружающей среды. Они имеют низкое энергопотребление, что способствует снижению выбросов вредных парниковых газов. Программа EPEAT при поддержке Агентства по охране окружающей среды США помогает потребителям оценивать, сравнивать и выбирать мониторы по 51 критерию воздействия на окружающую среду. Сертификат GOLD гарантирует, что по меньшей мере 30% пластика является продуктом переработки отходов, что обеспечивает низкий уровень токсичных материалов и опасных отходов. Стандарт EPEAT Gold действителен в странах, в которых зарегистрированы продукты Philips. Для получения данных о состоянии регистрации в вашей стране посетите сайт www.epeat.net.</FeatureGlossary><FeatureRank>1</FeatureRank><FeatureTopRank>9</FeatureTopRank></Feature><Feature><FeatureCode>F400020191</FeatureCode><FeatureReferenceName>MMD: SmartPower 50%</FeatureReferenceName><FeatureName>SmartPower</FeatureName><FeatureLongDescription>SmartPower: экономия электроэнергии до 50%</FeatureLongDescription><FeatureGlossary>SmartPower — это технология искусственного интеллекта, которая динамически анализирует содержимое изображения на экране, позволяя таким образом экономить электроэнергию. Интенсивность подсветки может автоматически регулироваться и предустанавливаться системой, которая снижает энергопотребление на 50%, что существенно сказывается на расходах.</FeatureGlossary><FeatureRank>2</FeatureRank><FeatureTopRank>10</FeatureTopRank></Feature></KeyBenefitArea><KeyBenefitArea><KeyBenefitAreaCode>K4015195</KeyBenefitAreaCode><KeyBenefitAreaName>Отличные рабочие характеристики</KeyBenefitAreaName><KeyBenefitAreaRank>2</KeyBenefitAreaRank><Feature><FeatureCode>F400048329</FeatureCode><FeatureReferenceName>AH-IPS LED gives brilliant images with vivid colors</FeatureReferenceName><FeatureName>Технология AH-IPS</FeatureName><FeatureLongDescription>Технология AH-IPS для яркого, реалистичного изображения</FeatureLongDescription><FeatureGlossary>Новая модель дисплея Philips оснащена усовершенствованной панелью AH-IPS, обеспечивает великолепную цветопередачу и отличается превосходными характеристиками по таким параметрам, как время отклика и энергопотребление. В отличие от стандартных TN-панелей, дисплеи AH-IPS обеспечивают равномерную цветопередачу даже при угле просмотра 178 градусов и повернутом мониторе. Превосходное качество создаваемого изображения делает этот дисплей идеальным для приложений, требующих неизменно точной передачи цветов и яркости, таких как фоторедакторы, графические приложения и веб-браузеры.</FeatureGlossary><FeatureRank>1</FeatureRank><FeatureTopRank>1</FeatureTopRank></Feature><Feature><FeatureCode>F400067665</FeatureCode><FeatureReferenceName>Flicker-free technology</FeatureReferenceName><FeatureName>Технология для устранения мерцания</FeatureName><FeatureLongDescription>Технология для устранения мерцания уменьшает нагрузку на глаза</FeatureLongDescription><FeatureGlossary>Из-за особенностей системы управления яркостью на экранах со светодиодной подсветкой изображение может мерцать, что приводит к усталости глаз. Технология Philips для устранения мерцания использует инновационный способ регулировки яркости, обеспечивая более комфортный просмотр.</FeatureGlossary><FeatureRank>2</FeatureRank><FeatureTopRank>2</FeatureTopRank></Feature><Feature><FeatureCode>F400035289</FeatureCode><FeatureReferenceName>M4 SmartImage</FeatureReferenceName><FeatureName>SmartImage</FeatureName><FeatureLongDescription>Технология SmartImage для удобной настройки изображения</FeatureLongDescription><FeatureGlossary>SmartImage — это уникальная современная технология Philips, позволяющая анализировать отображаемое содержимое на экране для оптимизации характеристик дисплея. Удобный для пользователя интерфейс предоставляет выбор различных режимов, таких как "Офис", "Фото", "Видео", "Игра", "Экономичный" и т. д. в соответствии с используемым приложением. В зависимости от выбранного режима SmartImage динамически оптимизирует контрастность, насыщенность цвета и резкость изображений и видео, обеспечивая исключительное качество изображения. В режиме "Экономичный" потребление энергии максимально снижено. В любое время можно легко установить необходимый режим нажатием одной кнопки.</FeatureGlossary><FeatureRank>3</FeatureRank><FeatureTopRank>3</FeatureTopRank></Feature><Feature><FeatureCode>F400035274</FeatureCode><FeatureReferenceName>SmartContrast gives enhanced rich black details</FeatureReferenceName><FeatureName>SmartContrast</FeatureName><FeatureLongDescription>SmartContrast усиливает насыщенность оттенков черного</FeatureLongDescription><FeatureGlossary>SmartContrast — технология Philips, которая анализирует отображаемый контент и автоматически настраивает цвета и интенсивность подсветки для динамичного улучшения контраста. Тем самым обеспечивается оптимальный уровень контрастности и наилучшее качество цифрового изображения, а также большая насыщенность темных оттенков, что особенно важно во время игр. При выборе экономичного режима уровень контрастности регулируется, а подсветка настраивается для оптимальной работы со стандартными офисными приложениями и экономии электроэнергии.</FeatureGlossary><FeatureRank>4</FeatureRank><FeatureTopRank>4</FeatureTopRank></Feature></KeyBenefitArea><KeyBenefitArea><KeyBenefitAreaCode>K4015204</KeyBenefitAreaCode><KeyBenefitAreaName>Сделано для людей</KeyBenefitAreaName><KeyBenefitAreaRank>3</KeyBenefitAreaRank><Feature><FeatureCode>F400035325</FeatureCode><FeatureReferenceName>SmartErgoBase</FeatureReferenceName><FeatureName>SmartErgoBase</FeatureName><FeatureLongDescription>SmartErgoBase для эргономичного расположения и удобства пользователя</FeatureLongDescription><FeatureGlossary>SmartErgoBase — это подставка под монитор для удобного и эргономичного расположения дисплея и организации кабелей. Регулировка высоты, разворота, наклона и угла поворота обеспечивает максимальный комфорт пользователя и уменьшает физическую усталость в течение рабочего дня, а возможность организации кабелей уменьшает беспорядок и придает рабочему месту профессиональный вид.</FeatureGlossary><FeatureRank>1</FeatureRank><FeatureTopRank>5</FeatureTopRank></Feature><Feature><FeatureCode>F400035282</FeatureCode><FeatureReferenceName>Low bezel-to-table height</FeatureReferenceName><FeatureName>Малое расстояние между рамкой и столом</FeatureName><FeatureLongDescription>Малое расстояние между рамкой и столом для максимально комфортного чтения</FeatureLongDescription><FeatureGlossary>Благодаря усовершенствованной подставке SmartErgoBase монитор Philips можно опустить практически до уровня стола и оптимально отрегулировать угол обзора. Малое расстояние между рамкой и столом — идеальное решение для тех, кто за компьютером использует очки с бифокальными, трифокальными или прогрессивными линзами. Кроме того такая конструкция позволяет пользователям с очень разным ростом менять угол и высоту монитора под себя, сокращая усталость и напряжение при работе.</FeatureGlossary><FeatureRank>2</FeatureRank><FeatureTopRank>6</FeatureTopRank></Feature><Feature><FeatureCode>F400044228</FeatureCode><FeatureReferenceName>VESA mount allows for flexibility</FeatureReferenceName><FeatureName>крепление VESA</FeatureName><FeatureLongDescription>Крепление VESA для гибкости при установке</FeatureLongDescription><FeatureRank>3</FeatureRank><FeatureTopRank>11</FeatureTopRank></Feature></KeyBenefitArea><KeyBenefitArea><KeyBenefitAreaCode>K300005006</KeyBenefitAreaCode><KeyBenefitAreaName>Простота использования</KeyBenefitAreaName><KeyBenefitAreaRank>4</KeyBenefitAreaRank><Feature><FeatureCode>F400035281</FeatureCode><FeatureReferenceName>Built-in stereo speakers for multimedia</FeatureReferenceName><FeatureName>Встроенные стерео АС</FeatureName><FeatureLongDescription>Встроенные стерео АС для воспроизведения мультимедиа</FeatureLongDescription><FeatureGlossary>Два высококачественных стереодинамика встроены в дисплей. В зависимости от модели и дизайна устройства динамики могут быть видны при расположении во фронтальной части или не видны при расположении в нижней, верхней или задней частях устройства.</FeatureGlossary><FeatureRank>1</FeatureRank><FeatureTopRank>7</FeatureTopRank></Feature><Feature><FeatureCode>F400064766</FeatureCode><FeatureReferenceName>DisplayPort connection for maximum visuals</FeatureReferenceName><FeatureName>Разъем DisplayPort</FeatureName><FeatureLongDescription>Разъем DisplayPort для наилучшего качества изображения</FeatureLongDescription><FeatureGlossary>Интерфейс DisplayPort осуществляет прямую передачу цифровых сигналов с компьютера на монитор без преобразования. DisplayPort превосходит стандарт DVI и полностью поддерживает передачу данных с помощью 15-метрового кабеля со скоростью 10,8 Гбит/с. Высокая производительность и нулевая задержка обеспечивают наиболее быструю частоту обновления изображения. Поэтому интерфейс DisplayPort — это лучший выбор не только для повседневного использования дома или на работе, но и для ресурсоемких игр, просмотра фильмов, редактирования видео и т. д. А вопросы совместимости решаются использованием различных адаптеров.</FeatureGlossary><FeatureRank>2</FeatureRank><FeatureTopRank>8</FeatureTopRank></Feature></KeyBenefitArea><FeatureLogo><FeatureCode>F400035289</FeatureCode><FeatureReferenceName>M4 SmartImage</FeatureReferenceName><FeatureLogoRank>1</FeatureLogoRank></FeatureLogo><FeatureLogo><FeatureCode>F400048329</FeatureCode><FeatureReferenceName>AH-IPS LED gives brilliant images with vivid colors</FeatureReferenceName><FeatureLogoRank>4</FeatureLogoRank></FeatureLogo><FeatureLogo><FeatureCode>F300015008</FeatureCode><FeatureReferenceName>Widest viewing angle (178°)</FeatureReferenceName><FeatureLogoRank>5</FeatureLogoRank></FeatureLogo><FeatureLogo><FeatureCode>F400067665</FeatureCode><FeatureReferenceName>Flicker-free technology</FeatureReferenceName><FeatureLogoRank>6</FeatureLogoRank></FeatureLogo><FeatureLogo><FeatureCode>F300009903</FeatureCode><FeatureReferenceName>Super Ergo Base</FeatureReferenceName><FeatureLogoRank>7</FeatureLogoRank></FeatureLogo><FeatureLogo><FeatureCode>F300004082</FeatureCode><FeatureReferenceName>Built-in speakers (business)</FeatureReferenceName><FeatureLogoRank>8</FeatureLogoRank></FeatureLogo><FeatureLogo><FeatureCode>F400035294</FeatureCode><FeatureReferenceName>Displayport</FeatureReferenceName><FeatureLogoRank>9</FeatureLogoRank></FeatureLogo><FeatureLogo><FeatureCode>F400020191</FeatureCode><FeatureReferenceName>MMD: SmartPower 50%</FeatureReferenceName><FeatureLogoRank>10</FeatureLogoRank></FeatureLogo><FeatureLogo><FeatureCode>F400018029</FeatureCode><FeatureReferenceName>EPEAT Gold</FeatureReferenceName><FeatureLogoRank>11</FeatureLogoRank></FeatureLogo><FeatureImage><FeatureCode>F400048329</FeatureCode><FeatureReferenceName>AH-IPS LED gives brilliant images with vivid colors</FeatureReferenceName><FeatureImageRank>1</FeatureImageRank></FeatureImage><FeatureImage><FeatureCode>F400067665</FeatureCode><FeatureReferenceName>Flicker-free technology</FeatureReferenceName><FeatureImageRank>2</FeatureImageRank></FeatureImage><FeatureImage><FeatureCode>F400035289</FeatureCode><FeatureReferenceName>M4 SmartImage</FeatureReferenceName><FeatureImageRank>3</FeatureImageRank></FeatureImage><FeatureImage><FeatureCode>F400035274</FeatureCode><FeatureReferenceName>SmartContrast gives enhanced rich black details</FeatureReferenceName><FeatureImageRank>4</FeatureImageRank></FeatureImage><FeatureImage><FeatureCode>F400035325</FeatureCode><FeatureReferenceName>SmartErgoBase</FeatureReferenceName><FeatureImageRank>5</FeatureImageRank></FeatureImage><FeatureImage><FeatureCode>F400035282</FeatureCode><FeatureReferenceName>Low bezel-to-table height</FeatureReferenceName><FeatureImageRank>6</FeatureImageRank></FeatureImage><FeatureImage><FeatureCode>F400035281</FeatureCode><FeatureReferenceName>Built-in stereo speakers for multimedia</FeatureReferenceName><FeatureImageRank>7</FeatureImageRank></FeatureImage><FeatureImage><FeatureCode>F400064766</FeatureCode><FeatureReferenceName>DisplayPort connection for maximum visuals</FeatureReferenceName><FeatureImageRank>8</FeatureImageRank></FeatureImage><FeatureImage><FeatureCode>F400035268</FeatureCode><FeatureReferenceName>EPEAT Gold 2</FeatureReferenceName><FeatureImageRank>9</FeatureImageRank></FeatureImage><FeatureImage><FeatureCode>F400020191</FeatureCode><FeatureReferenceName>MMD: SmartPower 50%</FeatureReferenceName><FeatureImageRank>10</FeatureImageRank></FeatureImage><FeatureHighlight><FeatureCode>F400048329</FeatureCode><FeatureReferenceName>AH-IPS LED gives brilliant images with vivid colors</FeatureReferenceName><FeatureHighlightRank>1</FeatureHighlightRank></FeatureHighlight><FeatureHighlight><FeatureCode>F400067665</FeatureCode><FeatureReferenceName>Flicker-free technology</FeatureReferenceName><FeatureHighlightRank>2</FeatureHighlightRank></FeatureHighlight><FeatureHighlight><FeatureCode>F400035289</FeatureCode><FeatureReferenceName>M4 SmartImage</FeatureReferenceName><FeatureHighlightRank>3</FeatureHighlightRank></FeatureHighlight><FeatureHighlight><FeatureCode>F400035274</FeatureCode><FeatureReferenceName>SmartContrast gives enhanced rich black details</FeatureReferenceName><FeatureHighlightRank>4</FeatureHighlightRank></FeatureHighlight><FeatureHighlight><FeatureCode>F400035325</FeatureCode><FeatureReferenceName>SmartErgoBase</FeatureReferenceName><FeatureHighlightRank>5</FeatureHighlightRank></FeatureHighlight><FeatureHighlight><FeatureCode>F400035282</FeatureCode><FeatureReferenceName>Low bezel-to-table height</FeatureReferenceName><FeatureHighlightRank>6</FeatureHighlightRank></FeatureHighlight><FeatureHighlight><FeatureCode>F400035281</FeatureCode><FeatureReferenceName>Built-in stereo speakers for multimedia</FeatureReferenceName><FeatureHighlightRank>7</FeatureHighlightRank></FeatureHighlight><FeatureHighlight><FeatureCode>F400064766</FeatureCode><FeatureReferenceName>DisplayPort connection for maximum visuals</FeatureReferenceName><FeatureHighlightRank>8</FeatureHighlightRank></FeatureHighlight><FeatureHighlight><FeatureCode>F400035268</FeatureCode><FeatureReferenceName>EPEAT Gold 2</FeatureReferenceName><FeatureHighlightRank>9</FeatureHighlightRank></FeatureHighlight><FeatureHighlight><FeatureCode>F400020191</FeatureCode><FeatureReferenceName>MMD: SmartPower 50%</FeatureReferenceName><FeatureHighlightRank>10</FeatureHighlightRank></FeatureHighlight><CSChapter><CSChapterCode>3000796</CSChapterCode><CSChapterName>Изображение/дисплей</CSChapterName><CSChapterRank>1</CSChapterRank><CSItem><CSItemCode>3006169</CSItemCode><CSItemName>Тип ЖК-панели</CSItemName><CSItemRank>1</CSItemRank><CSItemIsFreeFormat>0</CSItemIsFreeFormat><CSValue><CSValueCode>VA4063341</CSValueCode><CSValueName>AH-IPS ЖКД</CSValueName><CSValueRank>1</CSValueRank></CSValue></CSItem><CSItem><CSItemCode>IT4007209</CSItemCode><CSItemName>Тип подсветки</CSItemName><CSItemRank>2</CSItemRank><CSItemIsFreeFormat>1</CSItemIsFreeFormat><CSValue><CSValueCode>VA4018797</CSValueCode><CSValueName>Система W-LED</CSValueName><CSValueRank>1</CSValueRank></CSValue></CSItem><CSItem><CSItemCode>3006180</CSItemCode><CSItemName>Размер панели</CSItemName><CSItemRank>3</CSItemRank><CSItemIsFreeFormat>1</CSItemIsFreeFormat><CSValue><CSValueCode>3031218</CSValueCode><CSValueName>21,5 дюйма / 54,6 см</CSValueName><CSValueRank>1</CSValueRank></CSValue></CSItem><CSItem><CSItemCode>3006149</CSItemCode><CSItemName>Рабочая область просмотра</CSItemName><CSItemRank>4</CSItemRank><CSItemIsFreeFormat>1</CSItemIsFreeFormat><CSValue><CSValueCode>3031161</CSValueCode><CSValueName>476,06 (Г) x 267,79 (В)</CSValueName><CSValueRank>1</CSValueRank></CSValue></CSItem><CSItem><CSItemCode>3006121</CSItemCode><CSItemName>Формат изображения</CSItemName><CSItemRank>5</CSItemRank><CSItemIsFreeFormat>0</CSItemIsFreeFormat><CSValue><CSValueCode>3031098</CSValueCode><CSValueName>16:9</CSValueName><CSValueRank>1</CSValueRank></CSValue></CSItem><CSItem><CSItemCode>3006193</CSItemCode><CSItemName>Оптимальное разрешение</CSItemName><CSItemRank>6</CSItemRank><CSItemIsFreeFormat>1</CSItemIsFreeFormat><CSValue><CSValueCode>3031277</CSValueCode><CSValueName>1920 x 1080 при 60 Гц</CSValueName><CSValueRank>1</CSValueRank></CSValue></CSItem><CSItem><CSItemCode>IT4039893</CSItemCode><CSItemName>Время отклика (типич.)</CSItemName><CSItemRank>7</CSItemRank><CSItemIsFreeFormat>1</CSItemIsFreeFormat><CSValue><CSValueCode>VA4093235</CSValueCode><CSValueName>5 мс (серый к серому)*</CSValueName><CSValueRank>1</CSValueRank></CSValue></CSItem><CSItem><CSItemCode>3006127</CSItemCode><CSItemName>Яркость</CSItemName><CSItemRank>8</CSItemRank><CSItemIsFreeFormat>1</CSItemIsFreeFormat><CSValue><CSValueCode>3031110</CSValueCode><CSValueName>250</CSValueName><CSValueRank>1</CSValueRank></CSValue><UnitOfMeasure><UnitOfMeasureCode>3000038</UnitOfMeasureCode><UnitOfMeasureName>кандел на квадратный метр</UnitOfMeasureName><UnitOfMeasureSymbol>кд/м²</UnitOfMeasureSymbol></UnitOfMeasure></CSItem><CSItem><CSItemCode>3006133</CSItemCode><CSItemName>Коэфф. контрастности (типич.)</CSItemName><CSItemRank>9</CSItemRank><CSItemIsFreeFormat>1</CSItemIsFreeFormat><CSValue><CSValueCode>3031116</CSValueCode><CSValueName>1000:1</CSValueName><CSValueRank>1</CSValueRank></CSValue></CSItem><CSItem><CSItemCode>IT4006148</CSItemCode><CSItemName>SmartContrast</CSItemName><CSItemRank>10</CSItemRank><CSItemIsFreeFormat>1</CSItemIsFreeFormat><CSValue><CSValueCode>VA4017351</CSValueCode><CSValueName>20 000 000:1</CSValueName><CSValueRank>1</CSValueRank></CSValue></CSItem><CSItem><CSItemCode>3006186</CSItemCode><CSItemName>Шаг пикселей</CSItemName><CSItemRank>11</CSItemRank><CSItemIsFreeFormat>1</CSItemIsFreeFormat><CSValue><CSValueCode>3031270</CSValueCode><CSValueName>0,248 x 0,248 мм</CSValueName><CSValueRank>1</CSValueRank></CSValue></CSItem><CSItem><CSItemCode>3007518</CSItemCode><CSItemName>Угол просмотра</CSItemName><CSItemRank>12</CSItemRank><CSItemIsFreeFormat>0</CSItemIsFreeFormat><CSValue><CSValueCode>VA4002901</CSValueCode><CSValueName>178º (Г) / 178º (В)</CSValueName><CSValueRank>1</CSValueRank></CSValue><CSValue><CSValueCode>3035028</CSValueCode><CSValueName>@ C/R &gt; 10</CSValueName><CSValueRank>2</CSValueRank></CSValue></CSItem><CSItem><CSItemCode>3006183</CSItemCode><CSItemName>Улучшение изображения</CSItemName><CSItemRank>13</CSItemRank><CSItemIsFreeFormat>0</CSItemIsFreeFormat><CSValue><CSValueCode>3049169</CSValueCode><CSValueName>SmartImage</CSValueName><CSValueRank>1</CSValueRank></CSValue></CSItem><CSItem><CSItemCode>3006143</CSItemCode><CSItemName>Цвета дисплея</CSItemName><CSItemRank>14</CSItemRank><CSItemIsFreeFormat>1</CSItemIsFreeFormat><CSValue><CSValueCode>3031126</CSValueCode><CSValueName>16,7 M</CSValueName><CSValueRank>1</CSValueRank></CSValue></CSItem><CSItem><CSItemCode>IT4006149</CSItemCode><CSItemName>Частота сканирования</CSItemName><CSItemRank>15</CSItemRank><CSItemIsFreeFormat>1</CSItemIsFreeFormat><CSValue><CSValueCode>VA4017352</CSValueCode><CSValueName>30 — 83 кГц (Г) / 56 -76 Гц (В)</CSValueName><CSValueRank>1</CSValueRank></CSValue></CSItem><CSItem><CSItemCode>3006207</CSItemCode><CSItemName>sRGB</CSItemName><CSItemRank>16</CSItemRank><CSItemIsFreeFormat>1</CSItemIsFreeFormat><CSValue><CSValueCode>3031306</CSValueCode><CSValueName>Да</CSValueName><CSValueRank>1</CSValueRank></CSValue></CSItem></CSChapter><CSChapter><CSChapterCode>3000813</CSChapterCode><CSChapterName>Подключения</CSChapterName><CSChapterRank>2</CSChapterRank><CSItem><CSItemCode>3006576</CSItemCode><CSItemName>Вход сигнала</CSItemName><CSItemRank>1</CSItemRank><CSItemIsFreeFormat>0</CSItemIsFreeFormat><CSValue><CSValueCode>VA4028301</CSValueCode><CSValueName>DisplayPort</CSValueName><CSValueRank>1</CSValueRank></CSValue><CSValue><CSValueCode>VA4015427</CSValueCode><CSValueName>DVI-D (цифровой HDCP)</CSValueName><CSValueRank>2</CSValueRank></CSValue><CSValue><CSValueCode>3036216</CSValueCode><CSValueName>VGA (аналоговый)</CSValueName><CSValueRank>3</CSValueRank></CSValue></CSItem><CSItem><CSItemCode>3006588</CSItemCode><CSItemName>Синхронизация входного сигнала</CSItemName><CSItemRank>2</CSItemRank><CSItemIsFreeFormat>0</CSItemIsFreeFormat><CSValue><CSValueCode>3032392</CSValueCode><CSValueName>Раздельная синхронизация</CSValueName><CSValueRank>1</CSValueRank></CSValue><CSValue><CSValueCode>3032393</CSValueCode><CSValueName>Синхронизация по зеленому</CSValueName><CSValueRank>2</CSValueRank></CSValue></CSItem><CSItem><CSItemCode>IT4005621</CSItemCode><CSItemName>Аудиовход/аудиовыход</CSItemName><CSItemRank>3</CSItemRank><CSItemIsFreeFormat>0</CSItemIsFreeFormat><CSValue><CSValueCode>VA4025083</CSValueCode><CSValueName>Аудиовход ПК</CSValueName><CSValueRank>1</CSValueRank></CSValue><CSValue><CSValueCode>VA4025085</CSValueCode><CSValueName>Выход для наушников</CSValueName><CSValueRank>2</CSValueRank></CSValue></CSItem></CSChapter><CSChapter><CSChapterCode>3000814</CSChapterCode><CSChapterName>Комфорт</CSChapterName><CSChapterRank>3</CSChapterRank><CSItem><CSItemCode>IT4014853</CSItemCode><CSItemName>Встроенные АС</CSItemName><CSItemRank>1</CSItemRank><CSItemIsFreeFormat>1</CSItemIsFreeFormat><CSValue><CSValueCode>VA4028064</CSValueCode><CSValueName>2 Вт x 2</CSValueName><CSValueRank>1</CSValueRank></CSValue></CSItem><CSItem><CSItemCode>3006633</CSItemCode><CSItemName>Удобство пользователя</CSItemName><CSItemRank>2</CSItemRank><CSItemIsFreeFormat>0</CSItemIsFreeFormat><CSValue><CSValueCode>VA4015428</CSValueCode><CSValueName>SmartImage</CSValueName><CSValueRank>1</CSValueRank></CSValue><CSValue><CSValueCode>VA4017355</CSValueCode><CSValueName>Громкость</CSValueName><CSValueRank>2</CSValueRank></CSValue><CSValue><CSValueCode>VA4022515</CSValueCode><CSValueName>SmartPower</CSValueName><CSValueRank>3</CSValueRank></CSValue><CSValue><CSValueCode>VA4017357</CSValueCode><CSValueName>Меню</CSValueName><CSValueRank>4</CSValueRank></CSValue><CSValue><CSValueCode>VA4017554</CSValueCode><CSValueName>Вкл./выкл. питание</CSValueName><CSValueRank>5</CSValueRank></CSValue></CSItem><CSItem><CSItemCode>IT4019071</CSItemCode><CSItemName>ПО для управления</CSItemName><CSItemRank>3</CSItemRank><CSItemIsFreeFormat>0</CSItemIsFreeFormat><CSValue><CSValueCode>VA4042541</CSValueCode><CSValueName>SmartControl Premium</CSValueName><CSValueRank>1</CSValueRank></CSValue></CSItem><CSItem><CSItemCode>3006693</CSItemCode><CSItemName>Языки экранных меню</CSItemName><CSItemRank>4</CSItemRank><CSItemIsFreeFormat>0</CSItemIsFreeFormat><CSValue><CSValueCode>VA4065363</CSValueCode><CSValueName>Португальский (Бразилия)</CSValueName><CSValueRank>1</CSValueRank></CSValue><CSValue><CSValueCode>3034561</CSValueCode><CSValueName>Чешский</CSValueName><CSValueRank>2</CSValueRank></CSValue><CSValue><CSValueCode>3034565</CSValueCode><CSValueName>Голландский</CSValueName><CSValueRank>3</CSValueRank></CSValue><CSValue><CSValueCode>3032771</CSValueCode><CSValueName>Английский</CSValueName><CSValueRank>4</CSValueRank></CSValue><CSValue><CSValueCode>VA4063224</CSValueCode><CSValueName>Финский</CSValueName><CSValueRank>5</CSValueRank></CSValue><CSValue><CSValueCode>3032772</CSValueCode><CSValueName>Французский</CSValueName><CSValueRank>6</CSValueRank></CSValue><CSValue><CSValueCode>3032773</CSValueCode><CSValueName>Немецкий</CSValueName><CSValueRank>7</CSValueRank></CSValue><CSValue><CSValueCode>VA4002508</CSValueCode><CSValueName>Греческий</CSValueName><CSValueRank>8</CSValueRank></CSValue><CSValue><CSValueCode>3034563</CSValueCode><CSValueName>Венгерский</CSValueName><CSValueRank>9</CSValueRank></CSValue><CSValue><CSValueCode>3032774</CSValueCode><CSValueName>Итальянский</CSValueName><CSValueRank>10</CSValueRank></CSValue><CSValue><CSValueCode>3038221</CSValueCode><CSValueName>Японский</CSValueName><CSValueRank>11</CSValueRank></CSValue><CSValue><CSValueCode>3039946</CSValueCode><CSValueName>Корейский</CSValueName><CSValueRank>12</CSValueRank></CSValue><CSValue><CSValueCode>3032775</CSValueCode><CSValueName>Португальский</CSValueName><CSValueRank>13</CSValueRank></CSValue><CSValue><CSValueCode>3034564</CSValueCode><CSValueName>Польский</CSValueName><CSValueRank>14</CSValueRank></CSValue><CSValue><CSValueCode>3032776</CSValueCode><CSValueName>Русский</CSValueName><CSValueRank>15</CSValueRank></CSValue><CSValue><CSValueCode>3034114</CSValueCode><CSValueName>Упрощенный китайский</CSValueName><CSValueRank>16</CSValueRank></CSValue><CSValue><CSValueCode>3032777</CSValueCode><CSValueName>Испанский</CSValueName><CSValueRank>17</CSValueRank></CSValue><CSValue><CSValueCode>3034562</CSValueCode><CSValueName>Шведский</CSValueName><CSValueRank>18</CSValueRank></CSValue><CSValue><CSValueCode>3034115</CSValueCode><CSValueName>Традиционный китайский</CSValueName><CSValueRank>19</CSValueRank></CSValue><CSValue><CSValueCode>3035749</CSValueCode><CSValueName>Турецкий</CSValueName><CSValueRank>20</CSValueRank></CSValue><CSValue><CSValueCode>VA4065364</CSValueCode><CSValueName>Украинский</CSValueName><CSValueRank>21</CSValueRank></CSValue></CSItem><CSItem><CSItemCode>3006694</CSItemCode><CSItemName>Другие удобства</CSItemName><CSItemRank>5</CSItemRank><CSItemIsFreeFormat>0</CSItemIsFreeFormat><CSValue><CSValueCode>3032778</CSValueCode><CSValueName>Замок Kensington</CSValueName><CSValueRank>1</CSValueRank></CSValue><CSValue><CSValueCode>VA4016754</CSValueCode><CSValueName>Крепление VESA (100x100 мм)</CSValueName><CSValueRank>2</CSValueRank></CSValue></CSItem><CSItem><CSItemCode>3006699</CSItemCode><CSItemName>Совместимость с системой Plug &amp; Play</CSItemName><CSItemRank>6</CSItemRank><CSItemIsFreeFormat>0</CSItemIsFreeFormat><CSValue><CSValueCode>3043209</CSValueCode><CSValueName>DDC CI</CSValueName><CSValueRank>1</CSValueRank></CSValue><CSValue><CSValueCode>3046249</CSValueCode><CSValueName>Mac OS X</CSValueName><CSValueRank>2</CSValueRank></CSValue><CSValue><CSValueCode>3032788</CSValueCode><CSValueName>sRGB</CSValueName><CSValueRank>3</CSValueRank></CSValue><CSValue><CSValueCode>VA4091311</CSValueCode><CSValueName>Windows 10/8.1/8/7</CSValueName><CSValueRank>4</CSValueRank></CSValue></CSItem></CSChapter><CSChapter><CSChapterCode>CH4000824</CSChapterCode><CSChapterName>Подставка</CSChapterName><CSChapterRank>4</CSChapterRank><CSItem><CSItemCode>IT4004951</CSItemCode><CSItemName>Настройка высоты</CSItemName><CSItemRank>1</CSItemRank><CSItemIsFreeFormat>1</CSItemIsFreeFormat><CSValue><CSValueCode>VA4015656</CSValueCode><CSValueName>110</CSValueName><CSValueRank>1</CSValueRank></CSValue><UnitOfMeasure><UnitOfMeasureCode>3000058</UnitOfMeasureCode><UnitOfMeasureName>миллиметра</UnitOfMeasureName><UnitOfMeasureSymbol>мм</UnitOfMeasureSymbol></UnitOfMeasure></CSItem><CSItem><CSItemCode>IT4004952</CSItemCode><CSItemName>Поворот на шарнире</CSItemName><CSItemRank>2</CSItemRank><CSItemIsFreeFormat>1</CSItemIsFreeFormat><CSValue><CSValueCode>VA4015657</CSValueCode><CSValueName>90 градусов</CSValueName><CSValueRank>1</CSValueRank></CSValue></CSItem><CSItem><CSItemCode>IT4004953</CSItemCode><CSItemName>поворотный</CSItemName><CSItemRank>3</CSItemRank><CSItemIsFreeFormat>1</CSItemIsFreeFormat><CSValue><CSValueCode>VA4015658</CSValueCode><CSValueName>-75/75</CSValueName><CSValueRank>1</CSValueRank></CSValue><UnitOfMeasure><UnitOfMeasureCode>3000042</UnitOfMeasureCode><UnitOfMeasureName>градусов</UnitOfMeasureName><UnitOfMeasureSymbol>градусов</UnitOfMeasureSymbol></UnitOfMeasure></CSItem><CSItem><CSItemCode>IT4004954</CSItemCode><CSItemName>Наклон</CSItemName><CSItemRank>4</CSItemRank><CSItemIsFreeFormat>1</CSItemIsFreeFormat><CSValue><CSValueCode>VA4015659</CSValueCode><CSValueName>-5/20</CSValueName><CSValueRank>1</CSValueRank></CSValue><UnitOfMeasure><UnitOfMeasureCode>3000042</UnitOfMeasureCode><UnitOfMeasureName>градусов</UnitOfMeasureName><UnitOfMeasureSymbol>градусов</UnitOfMeasureSymbol></UnitOfMeasure></CSItem></CSChapter><CSChapter><CSChapterCode>3000821</CSChapterCode><CSChapterName>Мощность</CSChapterName><CSChapterRank>5</CSChapterRank><CSItem><CSItemCode>IT4006562</CSItemCode><CSItemName>Режим ECO</CSItemName><CSItemRank>1</CSItemRank><CSItemIsFreeFormat>1</CSItemIsFreeFormat><CSValue><CSValueCode>VA4017986</CSValueCode><CSValueName>13,4 Вт (типич.)</CSValueName><CSValueRank>1</CSValueRank></CSValue></CSItem><CSItem><CSItemCode>IT4005861</CSItemCode><CSItemName>В активном режиме</CSItemName><CSItemRank>2</CSItemRank><CSItemIsFreeFormat>1</CSItemIsFreeFormat><CSValue><CSValueCode>VA4017025</CSValueCode><CSValueName>16,96 Вт (типич.) (метод проверки EnergyStar 6.0)</CSValueName><CSValueRank>1</CSValueRank></CSValue></CSItem><CSItem><CSItemCode>IT4006150</CSItemCode><CSItemName>В режиме ожидания</CSItemName><CSItemRank>3</CSItemRank><CSItemIsFreeFormat>1</CSItemIsFreeFormat><CSValue><CSValueCode>VA4017360</CSValueCode><CSValueName>&lt; 0,3 Вт (типич.)</CSValueName><CSValueRank>1</CSValueRank></CSValue></CSItem><CSItem><CSItemCode>IT4006081</CSItemCode><CSItemName>В выключенном состоянии</CSItemName><CSItemRank>4</CSItemRank><CSItemIsFreeFormat>1</CSItemIsFreeFormat><CSValue><CSValueCode>VA4017285</CSValueCode><CSValueName>&lt; 0,2 Вт (типич.)</CSValueName><CSValueRank>1</CSValueRank></CSValue></CSItem><CSItem><CSItemCode>3006931</CSItemCode><CSItemName>LED-индикатор питания</CSItemName><CSItemRank>5</CSItemRank><CSItemIsFreeFormat>0</CSItemIsFreeFormat><CSValue><CSValueCode>VA4015465</CSValueCode><CSValueName>Режим работы — белый</CSValueName><CSValueRank>1</CSValueRank></CSValue><CSValue><CSValueCode>VA4017406</CSValueCode><CSValueName>Режим ожидания — белый (мигающий)</CSValueName><CSValueRank>2</CSValueRank></CSValue></CSItem><CSItem><CSItemCode>3006932</CSItemCode><CSItemName>Источник питания</CSItemName><CSItemRank>6</CSItemRank><CSItemIsFreeFormat>0</CSItemIsFreeFormat><CSValue><CSValueCode>VA4050622</CSValueCode><CSValueName>100—240 В перем. тока, 50—60 Гц</CSValueName><CSValueRank>1</CSValueRank></CSValue><CSValue><CSValueCode>3033321</CSValueCode><CSValueName>Встроенный</CSValueName><CSValueRank>2</CSValueRank></CSValue></CSItem></CSChapter><CSChapter><CSChapterCode>3000820</CSChapterCode><CSChapterName>Размеры</CSChapterName><CSChapterRank>6</CSChapterRank><CSItem><CSItemCode>IT4005764</CSItemCode><CSItemName>Изделие с подставкой (мм)</CSItemName><CSItemRank>1</CSItemRank><CSItemIsFreeFormat>1</CSItemIsFreeFormat><CSValue><CSValueCode>VA4016930</CSValueCode><CSValueName>511 x 483 x 227</CSValueName><CSValueRank>1</CSValueRank></CSValue><UnitOfMeasure><UnitOfMeasureCode>3000058</UnitOfMeasureCode><UnitOfMeasureName>миллиметра</UnitOfMeasureName><UnitOfMeasureSymbol>мм</UnitOfMeasureSymbol></UnitOfMeasure></CSItem><CSItem><CSItemCode>IT4005765</CSItemCode><CSItemName>Изделие без подставки (мм)</CSItemName><CSItemRank>2</CSItemRank><CSItemIsFreeFormat>1</CSItemIsFreeFormat><CSValue><CSValueCode>VA4016931</CSValueCode><CSValueName>511 x 319 x 52</CSValueName><CSValueRank>1</CSValueRank></CSValue><UnitOfMeasure><UnitOfMeasureCode>3000058</UnitOfMeasureCode><UnitOfMeasureName>миллиметра</UnitOfMeasureName><UnitOfMeasureSymbol>мм</UnitOfMeasureSymbol></UnitOfMeasure></CSItem><CSItem><CSItemCode>IT4005766</CSItemCode><CSItemName>Размеры упаковки в мм (ШxВxГ)</CSItemName><CSItemRank>3</CSItemRank><CSItemIsFreeFormat>1</CSItemIsFreeFormat><CSValue><CSValueCode>VA4016932</CSValueCode><CSValueName>565 x 422 x 184</CSValueName><CSValueRank>1</CSValueRank></CSValue><UnitOfMeasure><UnitOfMeasureCode>3000058</UnitOfMeasureCode><UnitOfMeasureName>миллиметра</UnitOfMeasureName><UnitOfMeasureSymbol>мм</UnitOfMeasureSymbol></UnitOfMeasure></CSItem></CSChapter><CSChapter><CSChapterCode>CH4000702</CSChapterCode><CSChapterName>Вес</CSChapterName><CSChapterRank>7</CSChapterRank><CSItem><CSItemCode>IT4005770</CSItemCode><CSItemName>Изделие с подставкой (кг)</CSItemName><CSItemRank>1</CSItemRank><CSItemIsFreeFormat>1</CSItemIsFreeFormat><CSValue><CSValueCode>VA4016936</CSValueCode><CSValueName>4,90</CSValueName><CSValueRank>1</CSValueRank></CSValue><UnitOfMeasure><UnitOfMeasureCode>3000049</UnitOfMeasureCode><UnitOfMeasureName>(килограммы)</UnitOfMeasureName><UnitOfMeasureSymbol>кг</UnitOfMeasureSymbol></UnitOfMeasure></CSItem><CSItem><CSItemCode>IT4005771</CSItemCode><CSItemName>Изделие без подставки (кг)</CSItemName><CSItemRank>2</CSItemRank><CSItemIsFreeFormat>1</CSItemIsFreeFormat><CSValue><CSValueCode>VA4016937</CSValueCode><CSValueName>3,10</CSValueName><CSValueRank>1</CSValueRank></CSValue><UnitOfMeasure><UnitOfMeasureCode>3000049</UnitOfMeasureCode><UnitOfMeasureName>(килограммы)</UnitOfMeasureName><UnitOfMeasureSymbol>кг</UnitOfMeasureSymbol></UnitOfMeasure></CSItem><CSItem><CSItemCode>IT4005772</CSItemCode><CSItemName>Изделие с упаковкой (кг)</CSItemName><CSItemRank>3</CSItemRank><CSItemIsFreeFormat>1</CSItemIsFreeFormat><CSValue><CSValueCode>VA4016938</CSValueCode><CSValueName>6,78</CSValueName><CSValueRank>1</CSValueRank></CSValue><UnitOfMeasure><UnitOfMeasureCode>3000049</UnitOfMeasureCode><UnitOfMeasureName>(килограммы)</UnitOfMeasureName><UnitOfMeasureSymbol>кг</UnitOfMeasureSymbol></UnitOfMeasure></CSItem></CSChapter><CSChapter><CSChapterCode>CH4000823</CSChapterCode><CSChapterName>Условия эксплуатации</CSChapterName><CSChapterRank>8</CSChapterRank><CSItem><CSItemCode>IT4004946</CSItemCode><CSItemName>Диапазон температур (эксплуатация)</CSItemName><CSItemRank>1</CSItemRank><CSItemIsFreeFormat>1</CSItemIsFreeFormat><CSValue><CSValueCode>VA4015651</CSValueCode><CSValueName>от 0 °C до 40 °C</CSValueName><CSValueRank>1</CSValueRank></CSValue><UnitOfMeasure><UnitOfMeasureCode>3000081</UnitOfMeasureCode><UnitOfMeasureName>градусов Цельсия</UnitOfMeasureName><UnitOfMeasureSymbol>°C</UnitOfMeasureSymbol></UnitOfMeasure></CSItem><CSItem><CSItemCode>IT4004947</CSItemCode><CSItemName>Диапазон температур (хранение)</CSItemName><CSItemRank>2</CSItemRank><CSItemIsFreeFormat>1</CSItemIsFreeFormat><CSValue><CSValueCode>VA4015652</CSValueCode><CSValueName>от -20 °C до 60 °C</CSValueName><CSValueRank>1</CSValueRank></CSValue><UnitOfMeasure><UnitOfMeasureCode>3000081</UnitOfMeasureCode><UnitOfMeasureName>градусов Цельсия</UnitOfMeasureName><UnitOfMeasureSymbol>°C</UnitOfMeasureSymbol></UnitOfMeasure></CSItem><CSItem><CSItemCode>IT4004948</CSItemCode><CSItemName>Относительная влажность</CSItemName><CSItemRank>3</CSItemRank><CSItemIsFreeFormat>1</CSItemIsFreeFormat><CSValue><CSValueCode>VA4015653</CSValueCode><CSValueName>20–80</CSValueName><CSValueRank>1</CSValueRank></CSValue><UnitOfMeasure><UnitOfMeasureCode>3000065</UnitOfMeasureCode><UnitOfMeasureName>процентов</UnitOfMeasureName><UnitOfMeasureSymbol>%</UnitOfMeasureSymbol></UnitOfMeasure></CSItem><CSItem><CSItemCode>IT4023612</CSItemCode><CSItemName>Высота</CSItemName><CSItemRank>4</CSItemRank><CSItemIsFreeFormat>1</CSItemIsFreeFormat><CSValue><CSValueCode>VA4054761</CSValueCode><CSValueName>Рабочий режим: +3658 м, бездействие: +12 192 м</CSValueName><CSValueRank>1</CSValueRank></CSValue></CSItem><CSItem><CSItemCode>IT4004949</CSItemCode><CSItemName>Среднее время между отказами</CSItemName><CSItemRank>5</CSItemRank><CSItemIsFreeFormat>1</CSItemIsFreeFormat><CSValue><CSValueCode>VA4015654</CSValueCode><CSValueName>30 000</CSValueName><CSValueRank>1</CSValueRank></CSValue><UnitOfMeasure><UnitOfMeasureCode>4000007</UnitOfMeasureCode><UnitOfMeasureName>- часов</UnitOfMeasureName><UnitOfMeasureSymbol>часов</UnitOfMeasureSymbol></UnitOfMeasure></CSItem></CSChapter><CSChapter><CSChapterCode>CH4000822</CSChapterCode><CSChapterName>Забота об окружающей среде</CSChapterName><CSChapterRank>9</CSChapterRank><CSItem><CSItemCode>IT4004941</CSItemCode><CSItemName>Окружающая среда и электроэнергия</CSItemName><CSItemRank>1</CSItemRank><CSItemIsFreeFormat>0</CSItemIsFreeFormat><CSValue><CSValueCode>VA4053186</CSValueCode><CSValueName>EnergyStar 6.0</CSValueName><CSValueRank>1</CSValueRank></CSValue><CSValue><CSValueCode>VA4060101</CSValueCode><CSValueName>EPEAT Gold*</CSValueName><CSValueRank>2</CSValueRank></CSValue><CSValue><CSValueCode>VA4015645</CSValueCode><CSValueName>RoHS</CSValueName><CSValueRank>3</CSValueRank></CSValue></CSItem><CSItem><CSItemCode>IT4004944</CSItemCode><CSItemName>Упаковка пригодна для вторичной переработки</CSItemName><CSItemRank>2</CSItemRank><CSItemIsFreeFormat>1</CSItemIsFreeFormat><CSValue><CSValueCode>VA4015649</CSValueCode><CSValueName>100</CSValueName><CSValueRank>1</CSValueRank></CSValue><UnitOfMeasure><UnitOfMeasureCode>3000065</UnitOfMeasureCode><UnitOfMeasureName>процентов</UnitOfMeasureName><UnitOfMeasureSymbol>%</UnitOfMeasureSymbol></UnitOfMeasure></CSItem><CSItem><CSItemCode>IT4019072</CSItemCode><CSItemName>Доля переработанных материалов</CSItemName><CSItemRank>3</CSItemRank><CSItemIsFreeFormat>0</CSItemIsFreeFormat><CSValue><CSValueCode>VA4042550</CSValueCode><CSValueName>25 %</CSValueName><CSValueRank>1</CSValueRank></CSValue></CSItem><CSItem><CSItemCode>IT4018633</CSItemCode><CSItemName>Специфические вещества</CSItemName><CSItemRank>4</CSItemRank><CSItemIsFreeFormat>0</CSItemIsFreeFormat><CSValue><CSValueCode>VA4039543</CSValueCode><CSValueName>Не содержит ПВХ/бромсодержащий антипирен</CSValueName><CSValueRank>1</CSValueRank></CSValue><CSValue><CSValueCode>VA4042544</CSValueCode><CSValueName>Не содержит ртуть</CSValueName><CSValueRank>2</CSValueRank></CSValue><CSValue><CSValueCode>VA4042543</CSValueCode><CSValueName>Не содержит свинца</CSValueName><CSValueRank>3</CSValueRank></CSValue></CSItem></CSChapter><CSChapter><CSChapterCode>CH4001161</CSChapterCode><CSChapterName>Соответствие стандартам</CSChapterName><CSChapterRank>10</CSChapterRank><CSItem><CSItemCode>IT4006152</CSItemCode><CSItemName>Подтверждение соответствия нормативам</CSItemName><CSItemRank>1</CSItemRank><CSItemIsFreeFormat>0</CSItemIsFreeFormat><CSValue><CSValueCode>VA4017528</CSValueCode><CSValueName>BSMI</CSValueName><CSValueRank>1</CSValueRank></CSValue><CSValue><CSValueCode>VA4064941</CSValueCode><CSValueName>cETLus</CSValueName><CSValueRank>2</CSValueRank></CSValue><CSValue><CSValueCode>VA4017361</CSValueCode><CSValueName>Маркировка CE</CSValueName><CSValueRank>3</CSValueRank></CSValue><CSValue><CSValueCode>VA4027482</CSValueCode><CSValueName>FCC класс B</CSValueName><CSValueRank>4</CSValueRank></CSValue><CSValue><CSValueCode>VA4017536</CSValueCode><CSValueName>GOST</CSValueName><CSValueRank>5</CSValueRank></CSValue><CSValue><CSValueCode>VA4033550</CSValueCode><CSValueName>SASO</CSValueName><CSValueRank>6</CSValueRank></CSValue><CSValue><CSValueCode>VA4017365</CSValueCode><CSValueName>SEMKO</CSValueName><CSValueRank>7</CSValueRank></CSValue><CSValue><CSValueCode>VA4053108</CSValueCode><CSValueName>TCO 6.0</CSValueName><CSValueRank>8</CSValueRank></CSValue><CSValue><CSValueCode>VA4017369</CSValueCode><CSValueName>TUV Ergo</CSValueName><CSValueRank>9</CSValueRank></CSValue><CSValue><CSValueCode>VA4017368</CSValueCode><CSValueName>TUV/GS</CSValueName><CSValueRank>10</CSValueRank></CSValue><CSValue><CSValueCode>VA4033547</CSValueCode><CSValueName>WEEE</CSValueName><CSValueRank>11</CSValueRank></CSValue></CSItem></CSChapter><CSChapter><CSChapterCode>CH4000825</CSChapterCode><CSChapterName>Корпус</CSChapterName><CSChapterRank>11</CSChapterRank><CSItem><CSItemCode>IT4019074</CSItemCode><CSItemName>Фронтальная рамка</CSItemName><CSItemRank>1</CSItemRank><CSItemIsFreeFormat>1</CSItemIsFreeFormat><CSValue><CSValueCode>VA4042547</CSValueCode><CSValueName>Черный</CSValueName><CSValueRank>1</CSValueRank></CSValue></CSItem><CSItem><CSItemCode>IT4019075</CSItemCode><CSItemName>Задняя панель</CSItemName><CSItemRank>2</CSItemRank><CSItemIsFreeFormat>1</CSItemIsFreeFormat><CSValue><CSValueCode>VA4042548</CSValueCode><CSValueName>Черный</CSValueName><CSValueRank>1</CSValueRank></CSValue></CSItem><CSItem><CSItemCode>IT4019076</CSItemCode><CSItemName>Основание</CSItemName><CSItemRank>3</CSItemRank><CSItemIsFreeFormat>1</CSItemIsFreeFormat><CSValue><CSValueCode>VA4042549</CSValueCode><CSValueName>Черный</CSValueName><CSValueRank>1</CSValueRank></CSValue></CSItem><CSItem><CSItemCode>IT4004956</CSItemCode><CSItemName>Отделка</CSItemName><CSItemRank>4</CSItemRank><CSItemIsFreeFormat>1</CSItemIsFreeFormat><CSValue><CSValueCode>VA4015661</CSValueCode><CSValueName>Текстура</CSValueName><CSValueRank>1</CSValueRank></CSValue></CSItem></CSChapter><CSChapter><CSChapterCode>CH4008581</CSChapterCode><CSChapterName>Комплект поставки</CSChapterName><CSChapterRank>13</CSChapterRank><CSItem><CSItemCode>IT4040999</CSItemCode><CSItemName>Монитор с подставкой</CSItemName><CSItemRank>1</CSItemRank><CSItemIsFreeFormat>1</CSItemIsFreeFormat><CSValue><CSValueCode>VA4095569</CSValueCode><CSValueName>Да</CSValueName><CSValueRank>1</CSValueRank></CSValue></CSItem><CSItem><CSItemCode>IT4041000</CSItemCode><CSItemName>Кабели</CSItemName><CSItemRank>2</CSItemRank><CSItemIsFreeFormat>1</CSItemIsFreeFormat><CSValue><CSValueCode>VA4095570</CSValueCode><CSValueName>VGA, аудиокабель, кабель питания</CSValueName><CSValueRank>1</CSValueRank></CSValue></CSItem><CSItem><CSItemCode>IT4041030</CSItemCode><CSItemName>Пользовательская документация</CSItemName><CSItemRank>3</CSItemRank><CSItemIsFreeFormat>1</CSItemIsFreeFormat><CSValue><CSValueCode>VA4095604</CSValueCode><CSValueName>Да</CSValueName><CSValueRank>1</CSValueRank></CSValue></CSItem></CSChapter><Filters><Purpose type="Comparison"><Features><Feature code="F400048329" rank="1" referenceName="AH-IPS LED gives brilliant images with vivid colors"/><Feature code="F400067665" rank="2" referenceName="Flicker-free technology"/><Feature code="F400035289" rank="3" referenceName="M4 SmartImage"/><Feature code="F400035274" rank="4" referenceName="SmartContrast gives enhanced rich black details"/><Feature code="F400035325" rank="5" referenceName="SmartErgoBase"/><Feature code="F400035282" rank="6" referenceName="Low bezel-to-table height"/><Feature code="F400035281" rank="7" referenceName="Built-in stereo speakers for multimedia"/><Feature code="F400064766" rank="8" referenceName="DisplayPort connection for maximum visuals"/><Feature code="F400035268" rank="9" referenceName="EPEAT Gold 2"/><Feature code="F400020191" rank="10" referenceName="MMD: SmartPower 50%"/><Feature code="F400044228" rank="11" referenceName="VESA mount allows for flexibility"/></Features><CSItems><CSItem code="3006169" rank="1" referenceName="Изображение/дисплей - Тип ЖК-панели"/><CSItem code="3006576" rank="1" referenceName="Подключения - Вход сигнала"/><CSItem code="IT4014853" rank="1" referenceName="Комфорт - Встроенные АС"/><CSItem code="IT4004951" rank="1" referenceName="Подставка - Настройка высоты"/><CSItem code="IT4006562" rank="1" referenceName="Мощность - Режим ECO"/><CSItem code="IT4005764" rank="1" referenceName="Размеры - Изделие с подставкой (мм)"/><CSItem code="IT4005770" rank="1" referenceName="Вес - Изделие с подставкой (кг)"/><CSItem code="IT4004946" rank="1" referenceName="Условия эксплуатации - Диапазон температур (эксплуатация)"/><CSItem code="IT4004941" rank="1" referenceName="Забота об окружающей среде - Окружающая среда и электроэнергия"/><CSItem code="IT4006152" rank="1" referenceName="Соответствие стандартам - Подтверждение соответствия нормативам"/><CSItem code="IT4019074" rank="1" referenceName="Корпус - Фронтальная рамка"/><CSItem code="IT4040999" rank="1" referenceName="Комплект поставки - Монитор с подставкой"/><CSItem code="IT4007209" rank="2" referenceName="Изображение/дисплей - Тип подсветки"/><CSItem code="3006588" rank="2" referenceName="Подключения - Синхронизация входного сигнала"/><CSItem code="3006633" rank="2" referenceName="Комфорт - Удобство пользователя"/><CSItem code="IT4004952" rank="2" referenceName="Подставка - Поворот на шарнире"/><CSItem code="IT4005861" rank="2" referenceName="Мощность - В активном режиме"/><CSItem code="IT4005765" rank="2" referenceName="Размеры - Изделие без подставки (мм)"/><CSItem code="IT4005771" rank="2" referenceName="Вес - Изделие без подставки (кг)"/><CSItem code="IT4004947" rank="2" referenceName="Условия эксплуатации - Диапазон температур (хранение)"/><CSItem code="IT4004944" rank="2" referenceName="Забота об окружающей среде - Упаковка пригодна для вторичной переработки"/><CSItem code="IT4019075" rank="2" referenceName="Корпус - Задняя панель"/><CSItem code="IT4041000" rank="2" referenceName="Комплект поставки - Кабели"/><CSItem code="3006180" rank="3" referenceName="Изображение/дисплей - Размер панели"/><CSItem code="IT4005621" rank="3" referenceName="Подключения - Аудиовход/аудиовыход"/><CSItem code="IT4019071" rank="3" referenceName="Комфорт - ПО для управления"/><CSItem code="IT4004953" rank="3" referenceName="Подставка - поворотный"/><CSItem code="IT4006150" rank="3" referenceName="Мощность - В режиме ожидания"/><CSItem code="IT4005766" rank="3" referenceName="Размеры - Размеры упаковки в мм (ШxВxГ)"/><CSItem code="IT4005772" rank="3" referenceName="Вес - Изделие с упаковкой (кг)"/><CSItem code="IT4004948" rank="3" referenceName="Условия эксплуатации - Относительная влажность"/><CSItem code="IT4019072" rank="3" referenceName="Забота об окружающей среде - Доля переработанных материалов"/><CSItem code="IT4019076" rank="3" referenceName="Корпус - Основание"/><CSItem code="IT4041030" rank="3" referenceName="Комплект поставки - Пользовательская документация"/><CSItem code="3006149" rank="4" referenceName="Изображение/дисплей - Рабочая область просмотра"/><CSItem code="3006693" rank="4" referenceName="Комфорт - Языки экранных меню"/><CSItem code="IT4004954" rank="4" referenceName="Подставка - Наклон"/><CSItem code="IT4006081" rank="4" referenceName="Мощность - В выключенном состоянии"/><CSItem code="IT4023612" rank="4" referenceName="Условия эксплуатации - Высота"/><CSItem code="IT4018633" rank="4" referenceName="Забота об окружающей среде - Специфические вещества"/><CSItem code="IT4004956" rank="4" referenceName="Корпус - Отделка"/><CSItem code="3006121" rank="5" referenceName="Изображение/дисплей - Формат изображения"/><CSItem code="3006694" rank="5" referenceName="Комфорт - Другие удобства"/><CSItem code="3006931" rank="5" referenceName="Мощность - LED-индикатор питания"/><CSItem code="IT4004949" rank="5" referenceName="Условия эксплуатации - Среднее время между отказами"/><CSItem code="3006193" rank="6" referenceName="Изображение/дисплей - Оптимальное разрешение"/><CSItem code="3006699" rank="6" referenceName="Комфорт - Совместимость с системой Plug &amp; Play"/><CSItem code="3006932" rank="6" referenceName="Мощность - Источник питания"/><CSItem code="IT4039893" rank="7" referenceName="Изображение/дисплей - Время отклика (типич.)"/><CSItem code="3006127" rank="8" referenceName="Изображение/дисплей - Яркость"/><CSItem code="3006133" rank="9" referenceName="Изображение/дисплей - Коэфф. контрастности (типич.)"/><CSItem code="IT4006148" rank="10" referenceName="Изображение/дисплей - SmartContrast"/><CSItem code="3006186" rank="11" referenceName="Изображение/дисплей - Шаг пикселей"/><CSItem code="3007518" rank="12" referenceName="Изображение/дисплей - Угол просмотра"/><CSItem code="3006183" rank="13" referenceName="Изображение/дисплей - Улучшение изображения"/><CSItem code="3006143" rank="14" referenceName="Изображение/дисплей - Цвета дисплея"/><CSItem code="IT4006149" rank="15" referenceName="Изображение/дисплей - Частота сканирования"/><CSItem code="3006207" rank="16" referenceName="Изображение/дисплей - sRGB"/></CSItems></Purpose><Purpose type="Detail"><Features><Feature code="F400048329" rank="1" referenceName="AH-IPS LED gives brilliant images with vivid colors"/><Feature code="F400067665" rank="2" referenceName="Flicker-free technology"/><Feature code="F400035289" rank="3" referenceName="M4 SmartImage"/><Feature code="F400035274" rank="4" referenceName="SmartContrast gives enhanced rich black details"/><Feature code="F400035325" rank="5" referenceName="SmartErgoBase"/><Feature code="F400035282" rank="6" referenceName="Low bezel-to-table height"/><Feature code="F400035281" rank="7" referenceName="Built-in stereo speakers for multimedia"/><Feature code="F400064766" rank="8" referenceName="DisplayPort connection for maximum visuals"/><Feature code="F400035268" rank="9" referenceName="EPEAT Gold 2"/><Feature code="F400020191" rank="10" referenceName="MMD: SmartPower 50%"/><Feature code="F400044228" rank="11" referenceName="VESA mount allows for flexibility"/></Features><CSItems><CSItem code="3006169" rank="1" referenceName="Изображение/дисплей - Тип ЖК-панели"/><CSItem code="3006576" rank="1" referenceName="Подключения - Вход сигнала"/><CSItem code="IT4014853" rank="1" referenceName="Комфорт - Встроенные АС"/><CSItem code="IT4004951" rank="1" referenceName="Подставка - Настройка высоты"/><CSItem code="IT4006562" rank="1" referenceName="Мощность - Режим ECO"/><CSItem code="IT4005764" rank="1" referenceName="Размеры - Изделие с подставкой (мм)"/><CSItem code="IT4005770" rank="1" referenceName="Вес - Изделие с подставкой (кг)"/><CSItem code="IT4004946" rank="1" referenceName="Условия эксплуатации - Диапазон температур (эксплуатация)"/><CSItem code="IT4004941" rank="1" referenceName="Забота об окружающей среде - Окружающая среда и электроэнергия"/><CSItem code="IT4006152" rank="1" referenceName="Соответствие стандартам - Подтверждение соответствия нормативам"/><CSItem code="IT4019074" rank="1" referenceName="Корпус - Фронтальная рамка"/><CSItem code="IT4040999" rank="1" referenceName="Комплект поставки - Монитор с подставкой"/><CSItem code="IT4007209" rank="2" referenceName="Изображение/дисплей - Тип подсветки"/><CSItem code="3006588" rank="2" referenceName="Подключения - Синхронизация входного сигнала"/><CSItem code="3006633" rank="2" referenceName="Комфорт - Удобство пользователя"/><CSItem code="IT4004952" rank="2" referenceName="Подставка - Поворот на шарнире"/><CSItem code="IT4005861" rank="2" referenceName="Мощность - В активном режиме"/><CSItem code="IT4005765" rank="2" referenceName="Размеры - Изделие без подставки (мм)"/><CSItem code="IT4005771" rank="2" referenceName="Вес - Изделие без подставки (кг)"/><CSItem code="IT4004947" rank="2" referenceName="Условия эксплуатации - Диапазон температур (хранение)"/><CSItem code="IT4004944" rank="2" referenceName="Забота об окружающей среде - Упаковка пригодна для вторичной переработки"/><CSItem code="IT4019075" rank="2" referenceName="Корпус - Задняя панель"/><CSItem code="IT4041000" rank="2" referenceName="Комплект поставки - Кабели"/><CSItem code="3006180" rank="3" referenceName="Изображение/дисплей - Размер панели"/><CSItem code="IT4005621" rank="3" referenceName="Подключения - Аудиовход/аудиовыход"/><CSItem code="IT4019071" rank="3" referenceName="Комфорт - ПО для управления"/><CSItem code="IT4004953" rank="3" referenceName="Подставка - поворотный"/><CSItem code="IT4006150" rank="3" referenceName="Мощность - В режиме ожидания"/><CSItem code="IT4005766" rank="3" referenceName="Размеры - Размеры упаковки в мм (ШxВxГ)"/><CSItem code="IT4005772" rank="3" referenceName="Вес - Изделие с упаковкой (кг)"/><CSItem code="IT4004948" rank="3" referenceName="Условия эксплуатации - Относительная влажность"/><CSItem code="IT4019072" rank="3" referenceName="Забота об окружающей среде - Доля переработанных материалов"/><CSItem code="IT4019076" rank="3" referenceName="Корпус - Основание"/><CSItem code="IT4041030" rank="3" referenceName="Комплект поставки - Пользовательская документация"/><CSItem code="3006149" rank="4" referenceName="Изображение/дисплей - Рабочая область просмотра"/><CSItem code="3006693" rank="4" referenceName="Комфорт - Языки экранных меню"/><CSItem code="IT4004954" rank="4" referenceName="Подставка - Наклон"/><CSItem code="IT4006081" rank="4" referenceName="Мощность - В выключенном состоянии"/><CSItem code="IT4023612" rank="4" referenceName="Условия эксплуатации - Высота"/><CSItem code="IT4018633" rank="4" referenceName="Забота об окружающей среде - Специфические вещества"/><CSItem code="IT4004956" rank="4" referenceName="Корпус - Отделка"/><CSItem code="3006121" rank="5" referenceName="Изображение/дисплей - Формат изображения"/><CSItem code="3006694" rank="5" referenceName="Комфорт - Другие удобства"/><CSItem code="3006931" rank="5" referenceName="Мощность - LED-индикатор питания"/><CSItem code="IT4004949" rank="5" referenceName="Условия эксплуатации - Среднее время между отказами"/><CSItem code="3006193" rank="6" referenceName="Изображение/дисплей - Оптимальное разрешение"/><CSItem code="3006699" rank="6" referenceName="Комфорт - Совместимость с системой Plug &amp; Play"/><CSItem code="3006932" rank="6" referenceName="Мощность - Источник питания"/><CSItem code="IT4039893" rank="7" referenceName="Изображение/дисплей - Время отклика (типич.)"/><CSItem code="3006127" rank="8" referenceName="Изображение/дисплей - Яркость"/><CSItem code="3006133" rank="9" referenceName="Изображение/дисплей - Коэфф. контрастности (типич.)"/><CSItem code="IT4006148" rank="10" referenceName="Изображение/дисплей - SmartContrast"/><CSItem code="3006186" rank="11" referenceName="Изображение/дисплей - Шаг пикселей"/><CSItem code="3007518" rank="12" referenceName="Изображение/дисплей - Угол просмотра"/><CSItem code="3006183" rank="13" referenceName="Изображение/дисплей - Улучшение изображения"/><CSItem code="3006143" rank="14" referenceName="Изображение/дисплей - Цвета дисплея"/><CSItem code="IT4006149" rank="15" referenceName="Изображение/дисплей - Частота сканирования"/><CSItem code="3006207" rank="16" referenceName="Изображение/дисплей - sRGB"/></CSItems></Purpose></Filters><FeatureCompareGroups/><Disclaimers><Disclaimer code="DIS40004421" rank="1" referenceName="AH-IPS technology"><DisclaimerText>Логотип/товарный знак "AH-IPS" и применимые патенты на технологии являются собственностью соответствующих владельцев.</DisclaimerText><DisclaimElements/></Disclaimer><Disclaimer code="DIS40004161" rank="2" referenceName="EPEAT Gold_Silver*"><DisclaimerText>Стандарт EPEAT уровня Gold или Silver действителен только в странах, в которых зарегистрированы продукты Philips. Для получения информации о регистрации в вашей стране посетите веб-сайт www.epeat.net.</DisclaimerText><DisclaimElements/></Disclaimer><Disclaimer code="DIS40009731" rank="3" referenceName="Response time value equal to SmartResponse"><DisclaimerText>Время отклика соответствует значению SmartResponse</DisclaimerText><DisclaimElements/></Disclaimer></Disclaimers><RichTexts/></Product></Products>