<?xml version="1.0" encoding="UTF-8"?><Products xmlns:source="http://apache.org/cocoon/source/1.0" DocStatus="approved" DocTimeStamp="2018-10-27T23:59:01"><Product Country="RU" IsAccessory="false" IsMaster="false" Locale="ru_RU" lastModified="2018-10-20T04:44:09" masterLastModified="2018-09-19T00:33:21"><CTN>12258XVGS2</CTN><Code12NC>867000156906</Code12NC><GTIN/><MarketingVersion>3.0.1</MarketingVersion><MarketingStatus>Final Published</MarketingStatus><CRDate>2018-09-07</CRDate><CRDateYW>201836</CRDateYW><ModelYears><ModelYear>2018</ModelYear></ModelYears><ProductDivision><ProductDivisionCode>0100</ProductDivisionCode><ProductDivisionName>Lighting</ProductDivisionName><FormerPDCode>0100</FormerPDCode></ProductDivision><ProductOwner>Marilyne Denis</ProductOwner><DTN>12258XVGS2</DTN><Catalog><StartOfPublication>2018-09-10T00:00:00</StartOfPublication><EndOfPublication>2099-12-31T00:00:00</EndOfPublication><StartOfSales>2018-09-10T00:00:00</StartOfSales><EndOfSales>2099-12-31T00:00:00</EndOfSales><DummyPrice/><Deleted>false</Deleted><DeleteAfterDate/><ProductRank>50</ProductRank></Catalog><FinancialCategorization><BusinessGroupCode>9017</BusinessGroupCode><BusinessGroupName>Lamps and Accessoires</BusinessGroupName><BusinessUnitCode>9102</BusinessUnitCode><BusinessUnitName>Automotive Lamps</BusinessUnitName><MainArticleGroupCode>B10</MainArticleGroupCode><MainArticleGroupName>Halogen/Incandescent Headlighting</MainArticleGroupName><ArticleGroupCode>0811</ArticleGroupCode><ArticleGroupName>Halogen HL bulbs two filament ECE</ArticleGroupName></FinancialCategorization><Categorization type="CONSUMER"><GroupCode>AUTOMOTIVE_GR</GroupCode><GroupName>Automotive</GroupName><CategoryCode>CAR_LIGHTS_CA</CategoryCode><CategoryName>Car lights</CategoryName><SubcategoryCode>CAR_HEADLIGHTS_SU</SubcategoryCode><SubcategoryName>Headlights</SubcategoryName></Categorization><Assets><Asset code="12258XVGS2" description="Single product shot" extension="" lastModified="2018-10-20" locale="ru_RU" number="" type="IMS">http://images.philips.com/is/image/PhilipsConsumer/12258XVGS2-IMS-ru_RU</Asset><Asset code="12258XVGS2" description="Product gallery image set" extension="" lastModified="2018-10-20" locale="ru_RU" number="" type="GAL">http://images.philips.com/is/image/PhilipsConsumer/12258XVGS2-GAL-ru_RU</Asset><Asset code="12258XVGS2" description="Product URL" extension="" lastModified="2018-10-20" locale="ru_RU" number="" type="URL">http://www.philips.ru/c-p/12258XVGS2/x-tremevision-g-force-car-headlight-bulb</Asset></Assets><ProductName>Тип лампы: H1; в упаковке 2 шт; лампа для фар головного освещения</ProductName><FullProductName>Philips X-tremeVision G-force лампа для автомобильных фар 12258XVGS2 Тип лампы: H1; в упаковке 2 шт.; 12 В, 55 Вт; больше света</FullProductName><NamingString><MasterBrand><BrandCode>PHI</BrandCode><BrandName>Philips</BrandName></MasterBrand><BrandString>Philips</BrandString><Family><FamilyCode>SB40010175</FamilyCode><FamilyName>X-tremeVision G-force</FamilyName><FamilyNameUsed>1</FamilyNameUsed></Family><Descriptor><DescriptorCode>D4021102</DescriptorCode><DescriptorName>лампа для автомобильных фар</DescriptorName></Descriptor><Alphanumeric>12258XVGS2</Alphanumeric><VersionElement1><VersionElementCode>V4043974</VersionElementCode><VersionElementName>Тип лампы: H1</VersionElementName></VersionElement1><VersionElement2><VersionElementCode>V4043914</VersionElementCode><VersionElementName>В упаковке 2 шт.</VersionElementName></VersionElement2><VersionElement3><VersionElementCode>V4045430</VersionElementCode><VersionElementName>12 В, 55 Вт</VersionElementName></VersionElement3><VersionElement4><VersionElementCode>V4043912</VersionElementCode><VersionElementName>Больше света</VersionElementName></VersionElement4><VersionString>Тип лампы: H1; в упаковке 2 шт.; 12 В, 55 Вт; больше света</VersionString><BrandedFeatureString/><DescriptorBrandedFeatureString>лампа для автомобильных фар</DescriptorBrandedFeatureString></NamingString><WOW>Идеальная видимость на дороге при любых условиях</WOW><SubWOW>До 130% более яркий свет</SubWOW><MarketingTextHeader>Автомобильные лампы Philips X-tremeVision G-force H1 — одни из самых ярких ламп, представленных на рынке. Они излучают на 130% больше света, а также характеризуются более длинным световым лучом. Увеличение обзора, сокращение времени реакции и большая безопасность — все это Philips X-tremeVision G-force Н1.</MarketingTextHeader><KeyBenefitArea><KeyBenefitAreaCode>K4036163</KeyBenefitAreaCode><KeyBenefitAreaName>До 130% более яркий свет для превосходного обзора</KeyBenefitAreaName><KeyBenefitAreaRank>1</KeyBenefitAreaRank><Feature><FeatureCode>F400088318</FeatureCode><FeatureReferenceName>Up to 130% more brightness-lamps</FeatureReferenceName><FeatureName>До 130% больше яркости</FeatureName><FeatureLongDescription>До 130% больше яркости для увеличения обзора и сокращения времени реакции</FeatureLongDescription><FeatureGlossary>Безупречное освещение особенно важно на расстоянии: как правило, необходимо осветить 75–100 метров перед автомобилем. Лампы Philips X-tremeVision G-force обеспечивают до 130% больше света на дороге, улучшая тем самым видимость. Вы сможете раньше распознавать препятствия или потенциальные опасности (по сравнению с возможностями большинства других галогенных ламп головного освещения).</FeatureGlossary><FeatureRank>1</FeatureRank><FeatureTopRank>1</FeatureTopRank></Feature><Feature><FeatureCode>F400088319</FeatureCode><FeatureReferenceName>Ultimate light performance</FeatureReferenceName><FeatureName>Высокое качество освещения</FeatureName><FeatureLongDescription>Одна из самых ярких ламп для великолепного качества освещения</FeatureLongDescription><FeatureGlossary>Благодаря оптимизированной, высокоточной геометрии нитей накаливания, газу под высоким давлением (до 13 бар) и кварцевому стеклу с качественным покрытием и защитой от УФ-излучения лампы Philips X-tremeVision G-force задают новый стандарт автомобильного освещения. Непревзойденное качество служит гарантией идеальной видимости.</FeatureGlossary><FeatureRank>2</FeatureRank><FeatureTopRank>2</FeatureTopRank></Feature></KeyBenefitArea><KeyBenefitArea><KeyBenefitAreaCode>K4036164</KeyBenefitAreaCode><KeyBenefitAreaName>Белый свет для оптимальной контрастности</KeyBenefitAreaName><KeyBenefitAreaRank>2</KeyBenefitAreaRank><Feature><FeatureCode>F400088321</FeatureCode><FeatureReferenceName>Significantly whiter light-lamps</FeatureReferenceName><FeatureName>Превосходный белый свет</FeatureName><FeatureLongDescription>Свет значительно белее для большего комфорта и безопасности</FeatureLongDescription><FeatureGlossary>Яркий свет с цветовой температурой, достигающей 3500 К, значительно белее света стандартных ламп головного освещения. Запатентованная технология Philips Gradient Coating обеспечивает более мощный световой поток. Один из высочайших показателей яркости и невероятный комфорт в темное время суток.</FeatureGlossary><FeatureRank>1</FeatureRank><FeatureTopRank>3</FeatureTopRank></Feature></KeyBenefitArea><KeyBenefitArea><KeyBenefitAreaCode>K4036166</KeyBenefitAreaCode><KeyBenefitAreaName>Надежные лампы с устойчивостью к вибрациям</KeyBenefitAreaName><KeyBenefitAreaRank>3</KeyBenefitAreaRank><Feature><FeatureCode>F400088328</FeatureCode><FeatureReferenceName>A lifetime of safety-Lamps</FeatureReferenceName><FeatureName>Больше срок службы, выше уровень безопасности</FeatureName><FeatureLongDescription>Больше срок службы, выше уровень безопасности: лучше видите вы, лучше видят вас</FeatureLongDescription><FeatureGlossary>Любая потенциальная неисправность запасных частей — это риск для вас и вашего автомобиля. В первую очередь это относится к лампам головного освещения. Каждая перегоревшая лампа сокращает видимость и безопасность для вас и для водителей на встречной полосе. Надежные лампы Philips X-tremeVision G-force рассчитаны на более длительный срок службы. Они гарантируют отличный обзор дольше, чем другие лампы с улучшенными характеристиками.</FeatureGlossary><FeatureRank>1</FeatureRank><FeatureTopRank>4</FeatureTopRank></Feature><Feature><FeatureCode>F400088326</FeatureCode><FeatureReferenceName>More light and higher lifetime</FeatureReferenceName><FeatureName>Больше света и долгий срок службы</FeatureName><FeatureLongDescription>Высокая производительность обеспечивает больше света и продлевает срок службы</FeatureLongDescription><FeatureGlossary>Лампы головного освещения Philips X-tremeVision G-force отличаются выдающимися характеристиками: до 130% больше яркости и до 450 часов дольше срок службы*. Это делает лампы Philips X-tremeVision G-force лучше большинства решений конкурентов (*при стандартном напряжении 13,2 В).</FeatureGlossary><FeatureRank>2</FeatureRank><FeatureTopRank>5</FeatureTopRank></Feature><Feature><FeatureCode>F400088325</FeatureCode><FeatureReferenceName>Vibration resistant endurance-Lamps</FeatureReferenceName><FeatureName>Устойчивость к вибрациям</FeatureName><FeatureLongDescription>Надежные лампы с устойчивостью к вибрациям</FeatureLongDescription><FeatureGlossary>С какими бы препятствиями вам ни пришлось столкнуться на дороге, и как бы ни была разбита сама дорога, вы можете не беспокоиться за автомобильные лампы. Philips X-tremeVision G-force отличаются исключительной надежностью.</FeatureGlossary><FeatureRank>3</FeatureRank><FeatureTopRank>6</FeatureTopRank></Feature></KeyBenefitArea><KeyBenefitArea><KeyBenefitAreaCode>K4035899</KeyBenefitAreaCode><KeyBenefitAreaName>Больше безопасности</KeyBenefitAreaName><KeyBenefitAreaRank>4</KeyBenefitAreaRank><Feature><FeatureCode>F400088323</FeatureCode><FeatureReferenceName>Safe road-legal headlights</FeatureReferenceName><FeatureName>Безопасное головное освещение для дорог общей сети</FeatureName><FeatureLongDescription>Одни из самых безопасных ламп для дорог общей сети</FeatureLongDescription><FeatureGlossary>Philips X-tremeVision G-force — одни из самых безопасных и эффективных ламп головного освещения, разрешенных к использованию на дорогах общей сети. Они полностью сертифицированы по стандартам ECE.</FeatureGlossary><FeatureRank>1</FeatureRank><FeatureTopRank>7</FeatureTopRank></Feature></KeyBenefitArea><KeyBenefitArea><KeyBenefitAreaCode>K4035900</KeyBenefitAreaCode><KeyBenefitAreaName>Качество Philips</KeyBenefitAreaName><KeyBenefitAreaRank>5</KeyBenefitAreaRank><Feature><FeatureCode>F400088322</FeatureCode><FeatureReferenceName>Highest quality car lighting-lamps</FeatureReferenceName><FeatureName>Первоклассные автомобильные лампы</FeatureName><FeatureLongDescription>Philips — выбор большинства ведущих автопроизводителей</FeatureLongDescription><FeatureGlossary>Высокотехнологичные системы освещения Philips известны во всем мире уже более 100 лет. Автомобильная продукция Philips разрабатывается и совершенствуется в соответствии со строгими требованиями (включая нормы ISO), что обеспечивает неизменное соблюдение высоких стандартов качества. Лампы X-tremeVision G-force подходят для автомобилей крупнейших производителей, таких как Audi, BMW, Ford, GM, Toyota и Volkswagen. Дополнительную информацию см. в руководстве по выбору товара.</FeatureGlossary><FeatureRank>1</FeatureRank><FeatureTopRank>8</FeatureTopRank></Feature></KeyBenefitArea><FeatureImage><FeatureCode>F400088318</FeatureCode><FeatureReferenceName>Up to 130% more brightness-lamps</FeatureReferenceName><FeatureImageRank>1</FeatureImageRank></FeatureImage><FeatureImage><FeatureCode>F400088319</FeatureCode><FeatureReferenceName>Ultimate light performance</FeatureReferenceName><FeatureImageRank>2</FeatureImageRank></FeatureImage><FeatureImage><FeatureCode>F400088321</FeatureCode><FeatureReferenceName>Significantly whiter light-lamps</FeatureReferenceName><FeatureImageRank>3</FeatureImageRank></FeatureImage><FeatureImage><FeatureCode>F400088328</FeatureCode><FeatureReferenceName>A lifetime of safety-Lamps</FeatureReferenceName><FeatureImageRank>4</FeatureImageRank></FeatureImage><FeatureImage><FeatureCode>F400088326</FeatureCode><FeatureReferenceName>More light and higher lifetime</FeatureReferenceName><FeatureImageRank>5</FeatureImageRank></FeatureImage><FeatureImage><FeatureCode>F400088325</FeatureCode><FeatureReferenceName>Vibration resistant endurance-Lamps</FeatureReferenceName><FeatureImageRank>6</FeatureImageRank></FeatureImage><FeatureImage><FeatureCode>F400088323</FeatureCode><FeatureReferenceName>Safe road-legal headlights</FeatureReferenceName><FeatureImageRank>7</FeatureImageRank></FeatureImage><FeatureImage><FeatureCode>F400088322</FeatureCode><FeatureReferenceName>Highest quality car lighting-lamps</FeatureReferenceName><FeatureImageRank>8</FeatureImageRank></FeatureImage><FeatureHighlight><FeatureCode>F400088318</FeatureCode><FeatureReferenceName>Up to 130% more brightness-lamps</FeatureReferenceName><FeatureHighlightRank>1</FeatureHighlightRank></FeatureHighlight><FeatureHighlight><FeatureCode>F400088319</FeatureCode><FeatureReferenceName>Ultimate light performance</FeatureReferenceName><FeatureHighlightRank>2</FeatureHighlightRank></FeatureHighlight><FeatureHighlight><FeatureCode>F400088321</FeatureCode><FeatureReferenceName>Significantly whiter light-lamps</FeatureReferenceName><FeatureHighlightRank>3</FeatureHighlightRank></FeatureHighlight><FeatureHighlight><FeatureCode>F400088328</FeatureCode><FeatureReferenceName>A lifetime of safety-Lamps</FeatureReferenceName><FeatureHighlightRank>4</FeatureHighlightRank></FeatureHighlight><FeatureHighlight><FeatureCode>F400088326</FeatureCode><FeatureReferenceName>More light and higher lifetime</FeatureReferenceName><FeatureHighlightRank>5</FeatureHighlightRank></FeatureHighlight><FeatureHighlight><FeatureCode>F400088325</FeatureCode><FeatureReferenceName>Vibration resistant endurance-Lamps</FeatureReferenceName><FeatureHighlightRank>6</FeatureHighlightRank></FeatureHighlight><FeatureHighlight><FeatureCode>F400088323</FeatureCode><FeatureReferenceName>Safe road-legal headlights</FeatureReferenceName><FeatureHighlightRank>7</FeatureHighlightRank></FeatureHighlight><FeatureHighlight><FeatureCode>F400088322</FeatureCode><FeatureReferenceName>Highest quality car lighting-lamps</FeatureReferenceName><FeatureHighlightRank>8</FeatureHighlightRank></FeatureHighlight><CSChapter><CSChapterCode>3001177</CSChapterCode><CSChapterName>Информация об упаковке</CSChapterName><CSChapterRank>1</CSChapterRank><CSItem><CSItemCode>IT4000721</CSItemCode><CSItemName>Тип упаковки</CSItemName><CSItemRank>3</CSItemRank><CSItemIsFreeFormat>0</CSItemIsFreeFormat><CSValue><CSValueCode>VA4072969</CSValueCode><CSValueName>S2</CSValueName><CSValueRank>10</CSValueRank></CSValue></CSItem><CSItem><CSItemCode>IT4035590</CSItemCode><CSItemName>EAN1</CSItemName><CSItemRank>14</CSItemRank><CSItemIsFreeFormat>1</CSItemIsFreeFormat><CSValue><CSValueCode>VA4082922</CSValueCode><CSValueName>8727900355208</CSValueName><CSValueRank>1</CSValueRank></CSValue></CSItem><CSItem><CSItemCode>IT4035591</CSItemCode><CSItemName>EAN3</CSItemName><CSItemRank>16</CSItemRank><CSItemIsFreeFormat>1</CSItemIsFreeFormat><CSValue><CSValueCode>VA4082924</CSValueCode><CSValueName>8727900355215</CSValueName><CSValueRank>1</CSValueRank></CSValue></CSItem></CSChapter><CSChapter><CSChapterCode>CH4006521</CSChapterCode><CSChapterName>Электрические характеристики</CSChapterName><CSChapterRank>2</CSChapterRank><CSItem><CSItemCode>IT4031552</CSItemCode><CSItemName>напряжение</CSItemName><CSItemRank>2</CSItemRank><CSItemIsFreeFormat>0</CSItemIsFreeFormat><CSValue><CSValueCode>VA4073723</CSValueCode><CSValueName>12</CSValueName><CSValueRank>1</CSValueRank></CSValue><UnitOfMeasure><UnitOfMeasureCode>3000071</UnitOfMeasureCode><UnitOfMeasureName>вольт</UnitOfMeasureName><UnitOfMeasureSymbol>В</UnitOfMeasureSymbol></UnitOfMeasure></CSItem><CSItem><CSItemCode>IT4044447</CSItemCode><CSItemName>мощность в ваттах</CSItemName><CSItemRank>11</CSItemRank><CSItemIsFreeFormat>1</CSItemIsFreeFormat><CSValue><CSValueCode>VA4102143</CSValueCode><CSValueName>55 Вт</CSValueName><CSValueRank>1</CSValueRank></CSValue></CSItem></CSChapter><CSChapter><CSChapterCode>CH4006483</CSChapterCode><CSChapterName>Срок службы</CSChapterName><CSChapterRank>3</CSChapterRank><CSItem><CSItemCode>IT4035428</CSItemCode><CSItemName>Срок службы</CSItemName><CSItemRank>8</CSItemRank><CSItemIsFreeFormat>1</CSItemIsFreeFormat><CSValue><CSValueCode>VA4082346</CSValueCode><CSValueName>350 часов</CSValueName><CSValueRank>1</CSValueRank></CSValue></CSItem></CSChapter><CSChapter><CSChapterCode>CH4005203</CSChapterCode><CSChapterName>Световые характеристики</CSChapterName><CSChapterRank>4</CSChapterRank><CSItem><CSItemCode>IT4035427</CSItemCode><CSItemName>Люмен</CSItemName><CSItemRank>9</CSItemRank><CSItemIsFreeFormat>1</CSItemIsFreeFormat><CSValue><CSValueCode>VA4082345</CSValueCode><CSValueName>1550 ±15% лм</CSValueName><CSValueRank>1</CSValueRank></CSValue></CSItem><CSItem><CSItemCode>IT4029159</CSItemCode><CSItemName>Цветовая температура</CSItemName><CSItemRank>15</CSItemRank><CSItemIsFreeFormat>1</CSItemIsFreeFormat><CSValue><CSValueCode>VA4067572</CSValueCode><CSValueName>3500</CSValueName><CSValueRank>1</CSValueRank></CSValue><UnitOfMeasure><UnitOfMeasureCode>4000041</UnitOfMeasureCode><UnitOfMeasureName>кельвин</UnitOfMeasureName><UnitOfMeasureSymbol>K</UnitOfMeasureSymbol></UnitOfMeasure></CSItem></CSChapter><CSChapter><CSChapterCode>CH4006484</CSChapterCode><CSChapterName>Информация для заказа</CSChapterName><CSChapterRank>5</CSChapterRank><CSItem><CSItemCode>IT4035592</CSItemCode><CSItemName>Регистрация заказа</CSItemName><CSItemRank>10</CSItemRank><CSItemIsFreeFormat>1</CSItemIsFreeFormat><CSValue><CSValueCode>VA4082925</CSValueCode><CSValueName>12258XVGS2</CSValueName><CSValueRank>1</CSValueRank></CSValue></CSItem><CSItem><CSItemCode>IT4035593</CSItemCode><CSItemName>Код для заказа</CSItemName><CSItemRank>13</CSItemRank><CSItemIsFreeFormat>1</CSItemIsFreeFormat><CSValue><CSValueCode>VA4082926</CSValueCode><CSValueName>35520828</CSValueName><CSValueRank>1</CSValueRank></CSValue></CSItem></CSChapter><CSChapter><CSChapterCode>CH4006541</CSChapterCode><CSChapterName>Информация об упаковке</CSChapterName><CSChapterRank>6</CSChapterRank><CSItem><CSItemCode>IT4035764</CSItemCode><CSItemName>высота</CSItemName><CSItemRank>20</CSItemRank><CSItemIsFreeFormat>1</CSItemIsFreeFormat><CSValue><CSValueCode>VA4083203</CSValueCode><CSValueName>12</CSValueName><CSValueRank>1</CSValueRank></CSValue><UnitOfMeasure><UnitOfMeasureCode>3000039</UnitOfMeasureCode><UnitOfMeasureName>сантиметра</UnitOfMeasureName><UnitOfMeasureSymbol>см</UnitOfMeasureSymbol></UnitOfMeasure></CSItem><CSItem><CSItemCode>IT4035762</CSItemCode><CSItemName>Длина</CSItemName><CSItemRank>23</CSItemRank><CSItemIsFreeFormat>1</CSItemIsFreeFormat><CSValue><CSValueCode>VA4083201</CSValueCode><CSValueName>28,6</CSValueName><CSValueRank>1</CSValueRank></CSValue><UnitOfMeasure><UnitOfMeasureCode>3000039</UnitOfMeasureCode><UnitOfMeasureName>сантиметра</UnitOfMeasureName><UnitOfMeasureSymbol>см</UnitOfMeasureSymbol></UnitOfMeasure></CSItem><CSItem><CSItemCode>IT4035763</CSItemCode><CSItemName>ширина</CSItemName><CSItemRank>26</CSItemRank><CSItemIsFreeFormat>1</CSItemIsFreeFormat><CSValue><CSValueCode>VA4083202</CSValueCode><CSValueName>14,1</CSValueName><CSValueRank>1</CSValueRank></CSValue><UnitOfMeasure><UnitOfMeasureCode>3000039</UnitOfMeasureCode><UnitOfMeasureName>сантиметра</UnitOfMeasureName><UnitOfMeasureSymbol>см</UnitOfMeasureSymbol></UnitOfMeasure></CSItem><CSItem><CSItemCode>IT4036935</CSItemCode><CSItemName>Вес брутто одного изделия</CSItemName><CSItemRank>28</CSItemRank><CSItemIsFreeFormat>1</CSItemIsFreeFormat><CSValue><CSValueCode>VA4085803</CSValueCode><CSValueName>0,45</CSValueName><CSValueRank>1</CSValueRank></CSValue><UnitOfMeasure><UnitOfMeasureCode>3000049</UnitOfMeasureCode><UnitOfMeasureName>килограмма</UnitOfMeasureName><UnitOfMeasureSymbol>кг</UnitOfMeasureSymbol></UnitOfMeasure></CSItem></CSChapter><CSChapter><CSChapterCode>CH4006466</CSChapterCode><CSChapterName>Описание продукта</CSChapterName><CSChapterRank>7</CSChapterRank><CSItem><CSItemCode>IT4031508</CSItemCode><CSItemName>Тип</CSItemName><CSItemRank>1</CSItemRank><CSItemIsFreeFormat>0</CSItemIsFreeFormat><CSValue><CSValueCode>VA4071813</CSValueCode><CSValueName>H1</CSValueName><CSValueRank>4</CSValueRank></CSValue></CSItem><CSItem><CSItemCode>IT4031517</CSItemCode><CSItemName>Применение</CSItemName><CSItemRank>5</CSItemRank><CSItemIsFreeFormat>0</CSItemIsFreeFormat><CSValue><CSValueCode>VA4071898</CSValueCode><CSValueName>Дальний свет</CSValueName><CSValueRank>2</CSValueRank></CSValue><CSValue><CSValueCode>VA4071899</CSValueCode><CSValueName>Ближний свет</CSValueName><CSValueRank>8</CSValueRank></CSValue><CSValue><CSValueCode>VA4089882</CSValueCode><CSValueName>Передняя противотуманная фара</CSValueName><CSValueRank>12</CSValueRank></CSValue></CSItem><CSItem><CSItemCode>IT4031521</CSItemCode><CSItemName>Соответствие нормам ECE</CSItemName><CSItemRank>12</CSItemRank><CSItemIsFreeFormat>0</CSItemIsFreeFormat><CSValue><CSValueCode>VA4072195</CSValueCode><CSValueName>ДА</CSValueName><CSValueRank>5</CSValueRank></CSValue></CSItem><CSItem><CSItemCode>IT4031519</CSItemCode><CSItemName>Линейка продукции</CSItemName><CSItemRank>17</CSItemRank><CSItemIsFreeFormat>0</CSItemIsFreeFormat><CSValue><CSValueCode>VA4104335</CSValueCode><CSValueName>X-tremeVision G-force</CSValueName><CSValueRank>11</CSValueRank></CSValue></CSItem><CSItem><CSItemCode>IT4031500</CSItemCode><CSItemName>Технология</CSItemName><CSItemRank>18</CSItemRank><CSItemIsFreeFormat>0</CSItemIsFreeFormat><CSValue><CSValueCode>VA4071791</CSValueCode><CSValueName>Галоген</CSValueName><CSValueRank>3</CSValueRank></CSValue></CSItem><CSItem><CSItemCode>IT4031520</CSItemCode><CSItemName>Цоколь</CSItemName><CSItemRank>21</CSItemRank><CSItemIsFreeFormat>0</CSItemIsFreeFormat><CSValue><CSValueCode>VA4072131</CSValueCode><CSValueName>P14,5s</CSValueName><CSValueRank>14</CSValueRank></CSValue></CSItem><CSItem><CSItemCode>IT4034965</CSItemCode><CSItemName>Обозначение</CSItemName><CSItemRank>24</CSItemRank><CSItemIsFreeFormat>1</CSItemIsFreeFormat><CSValue><CSValueCode>VA4081495</CSValueCode><CSValueName>12258XVGS2</CSValueName><CSValueRank>1</CSValueRank></CSValue></CSItem></CSChapter><CSChapter><CSChapterCode>CH4006501</CSChapterCode><CSChapterName>Информация об упакованном продукте</CSChapterName><CSChapterRank>8</CSChapterRank><CSItem><CSItemCode>IT4035756</CSItemCode><CSItemName>Вес брутто одного изделия</CSItemName><CSItemRank>19</CSItemRank><CSItemIsFreeFormat>1</CSItemIsFreeFormat><CSValue><CSValueCode>VA4083193</CSValueCode><CSValueName>73,9</CSValueName><CSValueRank>1</CSValueRank></CSValue><UnitOfMeasure><UnitOfMeasureCode>4000006</UnitOfMeasureCode><UnitOfMeasureName>грамма</UnitOfMeasureName><UnitOfMeasureSymbol>г</UnitOfMeasureSymbol></UnitOfMeasure></CSItem><CSItem><CSItemCode>IT4035760</CSItemCode><CSItemName>высота</CSItemName><CSItemRank>22</CSItemRank><CSItemIsFreeFormat>1</CSItemIsFreeFormat><CSValue><CSValueCode>VA4083198</CSValueCode><CSValueName>13,3</CSValueName><CSValueRank>1</CSValueRank></CSValue><UnitOfMeasure><UnitOfMeasureCode>3000039</UnitOfMeasureCode><UnitOfMeasureName>сантиметра</UnitOfMeasureName><UnitOfMeasureSymbol>см</UnitOfMeasureSymbol></UnitOfMeasure></CSItem><CSItem><CSItemCode>IT4035758</CSItemCode><CSItemName>Длина</CSItemName><CSItemRank>25</CSItemRank><CSItemIsFreeFormat>1</CSItemIsFreeFormat><CSValue><CSValueCode>VA4083195</CSValueCode><CSValueName>11</CSValueName><CSValueRank>1</CSValueRank></CSValue><UnitOfMeasure><UnitOfMeasureCode>3000039</UnitOfMeasureCode><UnitOfMeasureName>сантиметра</UnitOfMeasureName><UnitOfMeasureSymbol>см</UnitOfMeasureSymbol></UnitOfMeasure></CSItem><CSItem><CSItemCode>IT4035759</CSItemCode><CSItemName>ширина</CSItemName><CSItemRank>27</CSItemRank><CSItemIsFreeFormat>1</CSItemIsFreeFormat><CSValue><CSValueCode>VA4083196</CSValueCode><CSValueName>5,3</CSValueName><CSValueRank>1</CSValueRank></CSValue><UnitOfMeasure><UnitOfMeasureCode>3000039</UnitOfMeasureCode><UnitOfMeasureName>сантиметра</UnitOfMeasureName><UnitOfMeasureSymbol>см</UnitOfMeasureSymbol></UnitOfMeasure></CSItem><CSItem><CSItemCode>IT4040440</CSItemCode><CSItemName>Минимальный оптовый заказ (профессиональное применение)</CSItemName><CSItemRank>29</CSItemRank><CSItemIsFreeFormat>1</CSItemIsFreeFormat><CSValue><CSValueCode>VA4094183</CSValueCode><CSValueName>10</CSValueName><CSValueRank>1</CSValueRank></CSValue></CSItem><CSItem><CSItemCode>IT4040439</CSItemCode><CSItemName>Количество упаковок</CSItemName><CSItemRank>30</CSItemRank><CSItemIsFreeFormat>1</CSItemIsFreeFormat><CSValue><CSValueCode>VA4094182</CSValueCode><CSValueName>2</CSValueName><CSValueRank>1</CSValueRank></CSValue></CSItem></CSChapter><CSChapter><CSChapterCode>CH4006461</CSChapterCode><CSChapterName>Особенности изделия</CSChapterName><CSChapterRank>9</CSChapterRank><CSItem><CSItemCode>IT4031492</CSItemCode><CSItemName>Ожидаемые преимущества</CSItemName><CSItemRank>4</CSItemRank><CSItemIsFreeFormat>0</CSItemIsFreeFormat><CSValue><CSValueCode>VA4071778</CSValueCode><CSValueName>Стиль</CSValueName><CSValueRank>7</CSValueRank></CSValue><CSValue><CSValueCode>VA4104333</CSValueCode><CSValueName>Производительность</CSValueName><CSValueRank>9</CSValueRank></CSValue></CSItem><CSItem><CSItemCode>IT4031498</CSItemCode><CSItemName>Характеристики изделия</CSItemName><CSItemRank>6</CSItemRank><CSItemIsFreeFormat>0</CSItemIsFreeFormat><CSValue><CSValueCode>VA4104334</CSValueCode><CSValueName>Больше света</CSValueName><CSValueRank>13</CSValueRank></CSValue></CSItem></CSChapter><Filters><Purpose type="Comparison"><Features><Feature code="F400088318" rank="1" referenceName="Up to 130% more brightness-lamps"/><Feature code="F400088319" rank="2" referenceName="Ultimate light performance"/><Feature code="F400088321" rank="3" referenceName="Significantly whiter light-lamps"/><Feature code="F400088328" rank="4" referenceName="A lifetime of safety-Lamps"/><Feature code="F400088326" rank="5" referenceName="More light and higher lifetime"/><Feature code="F400088325" rank="6" referenceName="Vibration resistant endurance-Lamps"/><Feature code="F400088323" rank="7" referenceName="Safe road-legal headlights"/><Feature code="F400088322" rank="8" referenceName="Highest quality car lighting-lamps"/></Features><CSItems><CSItem code="IT4031508" rank="1" referenceName="Описание продукта - Тип"/><CSItem code="IT4031552" rank="2" referenceName="Электрические характеристики - напряжение"/><CSItem code="IT4000721" rank="3" referenceName="Информация об упаковке - Тип упаковки"/><CSItem code="IT4031492" rank="4" referenceName="Особенности изделия - Ожидаемые преимущества"/><CSItem code="IT4031517" rank="5" referenceName="Описание продукта - Применение"/><CSItem code="IT4031498" rank="6" referenceName="Особенности изделия - Характеристики изделия"/><CSItem code="IT4035428" rank="8" referenceName="Срок службы - Срок службы"/><CSItem code="IT4035427" rank="9" referenceName="Световые характеристики - Люмен"/><CSItem code="IT4035592" rank="10" referenceName="Информация для заказа - Регистрация заказа"/><CSItem code="IT4044447" rank="11" referenceName="Электрические характеристики - мощность в ваттах"/><CSItem code="IT4031521" rank="12" referenceName="Описание продукта - Соответствие нормам ECE"/><CSItem code="IT4035593" rank="13" referenceName="Информация для заказа - Код для заказа"/><CSItem code="IT4035590" rank="14" referenceName="Информация об упаковке - EAN1"/><CSItem code="IT4029159" rank="15" referenceName="Световые характеристики - Цветовая температура"/><CSItem code="IT4035591" rank="16" referenceName="Информация об упаковке - EAN3"/><CSItem code="IT4031519" rank="17" referenceName="Описание продукта - Линейка продукции"/><CSItem code="IT4031500" rank="18" referenceName="Описание продукта - Технология"/><CSItem code="IT4035756" rank="19" referenceName="Информация об упакованном продукте - Вес брутто одного изделия"/><CSItem code="IT4035764" rank="20" referenceName="Информация об упаковке - высота"/><CSItem code="IT4031520" rank="21" referenceName="Описание продукта - Цоколь"/><CSItem code="IT4035760" rank="22" referenceName="Информация об упакованном продукте - высота"/><CSItem code="IT4035762" rank="23" referenceName="Информация об упаковке - Длина"/><CSItem code="IT4034965" rank="24" referenceName="Описание продукта - Обозначение"/><CSItem code="IT4035758" rank="25" referenceName="Информация об упакованном продукте - Длина"/><CSItem code="IT4035763" rank="26" referenceName="Информация об упаковке - ширина"/><CSItem code="IT4035759" rank="27" referenceName="Информация об упакованном продукте - ширина"/><CSItem code="IT4036935" rank="28" referenceName="Информация об упаковке - Вес брутто одного изделия"/><CSItem code="IT4040440" rank="29" referenceName="Информация об упакованном продукте - Минимальный оптовый заказ (профессиональное применение)"/><CSItem code="IT4040439" rank="30" referenceName="Информация об упакованном продукте - Количество упаковок"/></CSItems></Purpose><Purpose type="Detail"><Features><Feature code="F400088318" rank="1" referenceName="Up to 130% more brightness-lamps"/><Feature code="F400088319" rank="2" referenceName="Ultimate light performance"/><Feature code="F400088321" rank="3" referenceName="Significantly whiter light-lamps"/><Feature code="F400088328" rank="4" referenceName="A lifetime of safety-Lamps"/><Feature code="F400088326" rank="5" referenceName="More light and higher lifetime"/><Feature code="F400088325" rank="6" referenceName="Vibration resistant endurance-Lamps"/><Feature code="F400088323" rank="7" referenceName="Safe road-legal headlights"/><Feature code="F400088322" rank="8" referenceName="Highest quality car lighting-lamps"/></Features><CSItems><CSItem code="IT4031508" rank="1" referenceName="Описание продукта - Тип"/><CSItem code="IT4031552" rank="2" referenceName="Электрические характеристики - напряжение"/><CSItem code="IT4000721" rank="3" referenceName="Информация об упаковке - Тип упаковки"/><CSItem code="IT4031492" rank="4" referenceName="Особенности изделия - Ожидаемые преимущества"/><CSItem code="IT4031517" rank="5" referenceName="Описание продукта - Применение"/><CSItem code="IT4031498" rank="6" referenceName="Особенности изделия - Характеристики изделия"/><CSItem code="IT4035428" rank="8" referenceName="Срок службы - Срок службы"/><CSItem code="IT4035427" rank="9" referenceName="Световые характеристики - Люмен"/><CSItem code="IT4035592" rank="10" referenceName="Информация для заказа - Регистрация заказа"/><CSItem code="IT4044447" rank="11" referenceName="Электрические характеристики - мощность в ваттах"/><CSItem code="IT4031521" rank="12" referenceName="Описание продукта - Соответствие нормам ECE"/><CSItem code="IT4035593" rank="13" referenceName="Информация для заказа - Код для заказа"/><CSItem code="IT4035590" rank="14" referenceName="Информация об упаковке - EAN1"/><CSItem code="IT4029159" rank="15" referenceName="Световые характеристики - Цветовая температура"/><CSItem code="IT4035591" rank="16" referenceName="Информация об упаковке - EAN3"/><CSItem code="IT4031519" rank="17" referenceName="Описание продукта - Линейка продукции"/><CSItem code="IT4031500" rank="18" referenceName="Описание продукта - Технология"/><CSItem code="IT4035756" rank="19" referenceName="Информация об упакованном продукте - Вес брутто одного изделия"/><CSItem code="IT4035764" rank="20" referenceName="Информация об упаковке - высота"/><CSItem code="IT4031520" rank="21" referenceName="Описание продукта - Цоколь"/><CSItem code="IT4035760" rank="22" referenceName="Информация об упакованном продукте - высота"/><CSItem code="IT4035762" rank="23" referenceName="Информация об упаковке - Длина"/><CSItem code="IT4034965" rank="24" referenceName="Описание продукта - Обозначение"/><CSItem code="IT4035758" rank="25" referenceName="Информация об упакованном продукте - Длина"/><CSItem code="IT4035763" rank="26" referenceName="Информация об упаковке - ширина"/><CSItem code="IT4035759" rank="27" referenceName="Информация об упакованном продукте - ширина"/><CSItem code="IT4036935" rank="28" referenceName="Информация об упаковке - Вес брутто одного изделия"/><CSItem code="IT4040440" rank="29" referenceName="Информация об упакованном продукте - Минимальный оптовый заказ (профессиональное применение)"/><CSItem code="IT4040439" rank="30" referenceName="Информация об упакованном продукте - Количество упаковок"/></CSItems></Purpose></Filters><FeatureCompareGroups/><Disclaimers/><RichTexts/></Product></Products>