<?xml version="1.0" encoding="UTF-8"?><Products xmlns:source="http://apache.org/cocoon/source/1.0" DocStatus="approved" DocTimeStamp="2018-10-27T23:59:01"><Product Country="RU" IsAccessory="false" IsMaster="false" Locale="ru_RU" lastModified="2018-10-25T04:58:36" masterLastModified="2017-02-08T23:59:14"><CTN>85415WHV2S1</CTN><Code12NC>867000140337</Code12NC><GTIN/><MarketingVersion>3.0.1</MarketingVersion><MarketingStatus>Final Published</MarketingStatus><CRDate>2016-04-22</CRDate><CRDateYW>201617</CRDateYW><ModelYears><ModelYear>2016</ModelYear></ModelYears><ProductDivision><ProductDivisionCode>0100</ProductDivisionCode><ProductDivisionName>Lighting</ProductDivisionName><FormerPDCode>0100</FormerPDCode></ProductDivision><ProductOwner>Marilyne Denis</ProductOwner><DTN>85415WHV2S1</DTN><Catalog><StartOfPublication>2016-08-29T00:00:00</StartOfPublication><EndOfPublication>2024-06-24T00:00:00</EndOfPublication><StartOfSales>2016-08-29T00:00:00</StartOfSales><EndOfSales>2024-06-24T00:00:00</EndOfSales><DummyPrice/><Deleted>false</Deleted><DeleteAfterDate/><ProductRank>50</ProductRank></Catalog><FinancialCategorization><BusinessGroupCode>9017</BusinessGroupCode><BusinessGroupName>Lamps and Accessoires</BusinessGroupName><BusinessUnitCode>9102</BusinessUnitCode><BusinessUnitName>Automotive Lamps</BusinessUnitName><MainArticleGroupCode>B11</MainArticleGroupCode><MainArticleGroupName>High pressure gasdischarge headlamp</MainArticleGroupName><ArticleGroupCode>0820</ArticleGroupCode><ArticleGroupName>Xenon bulbs</ArticleGroupName></FinancialCategorization><Categorization type="CONSUMER"><GroupCode>AUTOMOTIVE_GR</GroupCode><GroupName>Automotive</GroupName><CategoryCode>CAR_LIGHTS_CA</CategoryCode><CategoryName>Car lights</CategoryName><SubcategoryCode>CAR_HEADLIGHTS_SU</SubcategoryCode><SubcategoryName>Headlights</SubcategoryName></Categorization><Assets><Asset code="85415WHV2S1" description="Single product shot" extension="" lastModified="2018-10-25" locale="ru_RU" number="" type="IMS">http://images.philips.com/is/image/PhilipsConsumer/85415WHV2S1-IMS-ru_RU</Asset><Asset code="85415WHV2S1" description="Product gallery image set" extension="" lastModified="2018-10-25" locale="ru_RU" number="" type="GAL">http://images.philips.com/is/image/PhilipsConsumer/85415WHV2S1-GAL-ru_RU</Asset><Asset code="85415WHV2S1" description="Product URL" extension="" lastModified="2018-10-25" locale="ru_RU" number="" type="URL">http://www.philips.ru/c-p/85415WHV2S1/xenon-whitevision-gen2-xenon-car-headlight-bulb</Asset></Assets><ProductName>Тип лампы: ксеноновая лампа для фар головного освещения D1S</ProductName><FullProductName>Philips Xenon WhiteVision gen2 Ксеноновая лампа для фар головного освещения 85415WHV2S1 Тип лампы: D1S; в наборе: 1; 85 В, 35 Вт</FullProductName><NamingString><MasterBrand><BrandCode>PHI</BrandCode><BrandName>Philips</BrandName></MasterBrand><BrandString>Philips</BrandString><Family><FamilyCode>SB40008016</FamilyCode><FamilyName>Xenon WhiteVision gen2</FamilyName><FamilyNameUsed>1</FamilyNameUsed></Family><Descriptor><DescriptorCode>D4022062</DescriptorCode><DescriptorName>Ксеноновая лампа для фар головного освещения</DescriptorName></Descriptor><Alphanumeric>85415WHV2S1</Alphanumeric><VersionElement1><VersionElementCode>V4044016</VersionElementCode><VersionElementName>Тип лампы: D1S</VersionElementName></VersionElement1><VersionElement2><VersionElementCode>V4043913</VersionElementCode><VersionElementName>В наборе: 1</VersionElementName></VersionElement2><VersionElement3><VersionElementCode>V4043943</VersionElementCode><VersionElementName>85 В, 35 Вт</VersionElementName></VersionElement3><VersionString>Тип лампы: D1S; в наборе: 1; 85 В, 35 Вт</VersionString><BrandedFeatureString/><DescriptorBrandedFeatureString>Ксеноновая лампа для фар головного освещения</DescriptorBrandedFeatureString></NamingString><WOW>Чистый, яркий белый свет рассеивает темноту</WOW><SubWOW>Яркий, более белый свет повышает концентрацию внимания водителя</SubWOW><MarketingTextHeader>Автомобильные лампы Philips Xenon WhiteVision второго поколения обладают насыщенным белым светом, который более ярко и равномерно освещает дорогу. Идеальный выбор: ксеноновые лампы головного освещения, цветовая температура которых совпадает с температурой светодиодных ламп.</MarketingTextHeader><KeyBenefitArea><KeyBenefitAreaCode>K4033316</KeyBenefitAreaCode><KeyBenefitAreaName>Идеальное сочетание с другими светодиодными лампами автомобиля</KeyBenefitAreaName><KeyBenefitAreaRank>1</KeyBenefitAreaRank><Feature><FeatureCode>F400079195</FeatureCode><FeatureReferenceName>Ultimate white LED effect XWHV gen2</FeatureReferenceName><FeatureName>Непревзойденный белый свет светодиодов</FeatureName><FeatureLongDescription>Непревзойденный белый свет, который максимально приближен к свету других светодиодных ламп автомобиля</FeatureLongDescription><FeatureGlossary>Лампы головного освещения Philips Xenon WhiteVision второго поколения — это прекрасный выбор для водителей, которые предпочитают четкий белый свет, как у светодиодных ламп. Обладая цветовой температурой светодиодных ламп, ксеноновые лампы Xenon WhiteVision второго поколения идеально подходят для головного освещения.</FeatureGlossary><FeatureRank>1</FeatureRank><FeatureTopRank>1</FeatureTopRank></Feature></KeyBenefitArea><KeyBenefitArea><KeyBenefitAreaCode>K4033317</KeyBenefitAreaCode><KeyBenefitAreaName>Белый свет до 5000 кельвин</KeyBenefitAreaName><KeyBenefitAreaRank>2</KeyBenefitAreaRank><Feature><FeatureCode>F400079196</FeatureCode><FeatureReferenceName>Crisp, pure white beam XWHV gen2</FeatureReferenceName><FeatureName>Кристально чистый белый свет</FeatureName><FeatureLongDescription>Кристально чистый белый свет для улучшенной видимости</FeatureLongDescription><FeatureGlossary>Благодаря цветовой температуре до 5000 К лампы Philips Xenon WhiteVision освещают дорогу перед вами четким, чистым белым светом, который рассеивает темноту. Вместо того чтобы постоянно всматриваться вдаль, вы можете наслаждаться безопасной и захватывающей поездкой. С автомобильным освещением Philips вы больше не будете ограничены в возможностях при вождении в темноте.</FeatureGlossary><FeatureRank>4</FeatureRank><FeatureTopRank>2</FeatureTopRank></Feature></KeyBenefitArea><KeyBenefitArea><KeyBenefitAreaCode>K4033318</KeyBenefitAreaCode><KeyBenefitAreaName>Очень яркий однородный белый свет</KeyBenefitAreaName><KeyBenefitAreaRank>3</KeyBenefitAreaRank><Feature><FeatureCode>F400079197</FeatureCode><FeatureReferenceName>Greater contrast, safer drive XWHV gen2</FeatureReferenceName><FeatureName>Высокая контрастность, более безопасное вождение</FeatureName><FeatureLongDescription>Высокая контрастность для улучшения видимости и более безопасного вождения</FeatureLongDescription><FeatureGlossary>Управляя автомобилем в темноте, крайне необходимо быстро замечать дорожные знаки и разметку на дороге. Лампы Xenon WhiteVision излучают насыщенный белый свет, который равномерно освещает путь. С учетом высокой цветовой температуры обеспечивается превосходная контрастность и свет лучше отражается от различных объектов и дорожных знаков — а вождение становится более комфортным и безопасным. Известно, что многие аварии происходят из-за переутомления водителей, теряющих концентрацию внимания. Более белый свет помогает удерживать концентрацию и не терять бдительности при вождении в темноте.</FeatureGlossary><FeatureRank>3</FeatureRank><FeatureTopRank>3</FeatureTopRank></Feature></KeyBenefitArea><KeyBenefitArea><KeyBenefitAreaCode>K4033319</KeyBenefitAreaCode><KeyBenefitAreaName>До 120% больше видимости на дороге</KeyBenefitAreaName><KeyBenefitAreaRank>4</KeyBenefitAreaRank><Feature><FeatureCode>F400079198</FeatureCode><FeatureReferenceName>Up to 120% more vision XWHV gen2</FeatureReferenceName><FeatureName>Видимость до 120 % лучше</FeatureName><FeatureLongDescription>Более мощный луч света для повышенной видимости</FeatureLongDescription><FeatureGlossary>Мощная лампа головного освещения Philips WhiteVision второго поколения обеспечивает более высокую интенсивность белого света. Она излучает свет высокого качества, гарантируя улучшение видимости до 120 % по сравнению с минимальным стандартом. Высочайшие характеристики освещения для уверенного управления транспортным средством.</FeatureGlossary><FeatureRank>2</FeatureRank><FeatureTopRank>4</FeatureTopRank></Feature></KeyBenefitArea><KeyBenefitArea><KeyBenefitAreaCode>K4029048</KeyBenefitAreaCode><KeyBenefitAreaName>На 100 % более хорошая видимость на дороге</KeyBenefitAreaName><KeyBenefitAreaRank>5</KeyBenefitAreaRank><Feature><FeatureCode>F400079200</FeatureCode><FeatureReferenceName>Intense and legal light XWHV gen2</FeatureReferenceName><FeatureName>Одобренная лампа с интенсивным светом</FeatureName><FeatureLongDescription>Яркий белый свет, который разрешено использовать на дорогах</FeatureLongDescription><FeatureGlossary>Несмотря на то, что яркий свет обеспечивает хорошую видимость, он не должен ослеплять водителей встречных автомобилей, так как это может повлиять на безопасность дорожного движения. Ксеноновые лампы головного освещения Xenon WhiteVision второго поколения прошли сертификацию по стандарту ECE, и их яркий белый свет разрешен для использования на дорогах, а также сочетается со светом светодиодов. Поэтому такое освещение позволяет повысить видимость для безопасного вождения, не причиняя неудобств другим водителям.</FeatureGlossary><FeatureRank>8</FeatureRank><FeatureTopRank>5</FeatureTopRank></Feature><Feature><FeatureCode>F400079201</FeatureCode><FeatureReferenceName>Chosen by car manufacturers XWHV gen2</FeatureReferenceName><FeatureName>Выбор автопроизводителей</FeatureName><FeatureLongDescription>Все ведущие производители автомобилей отдают предпочтение лампам Philips</FeatureLongDescription><FeatureGlossary>Высокотехнологичные автомобильные системы освещения Philips широко известны: мы внедряем инновации, которые впоследствии становятся стандартом для всей отрасли. Каждый второй автомобиль в Европе и каждый третий в мире оснащены световым оборудованием Philips — это выбор всех ведущих автопроизводителей.</FeatureGlossary><FeatureRank>6</FeatureRank><FeatureTopRank>6</FeatureTopRank></Feature><Feature><FeatureCode>F400079202</FeatureCode><FeatureReferenceName>High quality, high resistance XWHV gen2</FeatureReferenceName><FeatureName>Высокое качество и устойчивость к внешним воздействиям</FeatureName><FeatureLongDescription>Автомобильные лампы Philips отличаются высокой устойчивостью к внешним воздействиям</FeatureLongDescription><FeatureGlossary>Кварцевое стекло, устойчивое к УФ-излучению, обладает более высокой прочностью (по сравнению с тугоплавким стеклом) и отличается высокой устойчивостью к перепадам температур и вибрации, что исключает неисправности на раннем сроке использования. Лампы Philips из кварцевого стекла способны выдержать резкие колебания температуры и более высокое внутреннее давление — они обеспечивают более яркий свет для улучшенной видимости на дороге. Все это в сочетании со специальной технологией c УФ-фильтром предохраняет лампы головного освещения от вредного ультрафиолетового излучения, поэтому вы можете быть уверены в их долговечности.</FeatureGlossary><FeatureRank>7</FeatureRank><FeatureTopRank>7</FeatureTopRank></Feature><Feature><FeatureCode>F400079203</FeatureCode><FeatureReferenceName>Available in various types XWHV gen2</FeatureReferenceName><FeatureName>Доступно несколько моделей</FeatureName><FeatureLongDescription>Доступны наиболее популярные типы ламп: D1S, D2S, D2R и D3S</FeatureLongDescription><FeatureGlossary>Чтобы узнать, какая автомобильная лампа серии Xenon WhiteVision второго поколения подойдет для вашего автомобиля, зайдите на веб-сайт www.philips.com/automotive</FeatureGlossary><FeatureRank>5</FeatureRank><FeatureTopRank>8</FeatureTopRank></Feature></KeyBenefitArea><FeatureImage><FeatureCode>F400079195</FeatureCode><FeatureReferenceName>Ultimate white LED effect XWHV gen2</FeatureReferenceName><FeatureImageRank>1</FeatureImageRank></FeatureImage><FeatureImage><FeatureCode>F400079196</FeatureCode><FeatureReferenceName>Crisp, pure white beam XWHV gen2</FeatureReferenceName><FeatureImageRank>2</FeatureImageRank></FeatureImage><FeatureImage><FeatureCode>F400079197</FeatureCode><FeatureReferenceName>Greater contrast, safer drive XWHV gen2</FeatureReferenceName><FeatureImageRank>3</FeatureImageRank></FeatureImage><FeatureImage><FeatureCode>F400079198</FeatureCode><FeatureReferenceName>Up to 120% more vision XWHV gen2</FeatureReferenceName><FeatureImageRank>4</FeatureImageRank></FeatureImage><FeatureImage><FeatureCode>F400079200</FeatureCode><FeatureReferenceName>Intense and legal light XWHV gen2</FeatureReferenceName><FeatureImageRank>5</FeatureImageRank></FeatureImage><FeatureImage><FeatureCode>F400079201</FeatureCode><FeatureReferenceName>Chosen by car manufacturers XWHV gen2</FeatureReferenceName><FeatureImageRank>6</FeatureImageRank></FeatureImage><FeatureImage><FeatureCode>F400079202</FeatureCode><FeatureReferenceName>High quality, high resistance XWHV gen2</FeatureReferenceName><FeatureImageRank>7</FeatureImageRank></FeatureImage><FeatureImage><FeatureCode>F400079203</FeatureCode><FeatureReferenceName>Available in various types XWHV gen2</FeatureReferenceName><FeatureImageRank>8</FeatureImageRank></FeatureImage><FeatureHighlight><FeatureCode>F400079195</FeatureCode><FeatureReferenceName>Ultimate white LED effect XWHV gen2</FeatureReferenceName><FeatureHighlightRank>1</FeatureHighlightRank></FeatureHighlight><FeatureHighlight><FeatureCode>F400079196</FeatureCode><FeatureReferenceName>Crisp, pure white beam XWHV gen2</FeatureReferenceName><FeatureHighlightRank>2</FeatureHighlightRank></FeatureHighlight><FeatureHighlight><FeatureCode>F400079197</FeatureCode><FeatureReferenceName>Greater contrast, safer drive XWHV gen2</FeatureReferenceName><FeatureHighlightRank>3</FeatureHighlightRank></FeatureHighlight><FeatureHighlight><FeatureCode>F400079198</FeatureCode><FeatureReferenceName>Up to 120% more vision XWHV gen2</FeatureReferenceName><FeatureHighlightRank>4</FeatureHighlightRank></FeatureHighlight><FeatureHighlight><FeatureCode>F400079200</FeatureCode><FeatureReferenceName>Intense and legal light XWHV gen2</FeatureReferenceName><FeatureHighlightRank>5</FeatureHighlightRank></FeatureHighlight><FeatureHighlight><FeatureCode>F400079201</FeatureCode><FeatureReferenceName>Chosen by car manufacturers XWHV gen2</FeatureReferenceName><FeatureHighlightRank>6</FeatureHighlightRank></FeatureHighlight><FeatureHighlight><FeatureCode>F400079202</FeatureCode><FeatureReferenceName>High quality, high resistance XWHV gen2</FeatureReferenceName><FeatureHighlightRank>7</FeatureHighlightRank></FeatureHighlight><FeatureHighlight><FeatureCode>F400079203</FeatureCode><FeatureReferenceName>Available in various types XWHV gen2</FeatureReferenceName><FeatureHighlightRank>8</FeatureHighlightRank></FeatureHighlight><CSChapter><CSChapterCode>3001177</CSChapterCode><CSChapterName>Информация об упаковке</CSChapterName><CSChapterRank>1</CSChapterRank><CSItem><CSItemCode>IT4035590</CSItemCode><CSItemName>EAN1</CSItemName><CSItemRank>10</CSItemRank><CSItemIsFreeFormat>1</CSItemIsFreeFormat><CSValue><CSValueCode>VA4082922</CSValueCode><CSValueName>8727900360721</CSValueName><CSValueRank>1</CSValueRank></CSValue></CSItem><CSItem><CSItemCode>IT4035591</CSItemCode><CSItemName>EAN3</CSItemName><CSItemRank>12</CSItemRank><CSItemIsFreeFormat>1</CSItemIsFreeFormat><CSValue><CSValueCode>VA4082924</CSValueCode><CSValueName>8727900377248</CSValueName><CSValueRank>1</CSValueRank></CSValue></CSItem><CSItem><CSItemCode>IT4035805</CSItemCode><CSItemName>Тип упаковки</CSItemName><CSItemRank>14</CSItemRank><CSItemIsFreeFormat>1</CSItemIsFreeFormat><CSValue><CSValueCode>VA4083279</CSValueCode><CSValueName>S1</CSValueName><CSValueRank>1</CSValueRank></CSValue></CSItem></CSChapter><CSChapter><CSChapterCode>CH4006521</CSChapterCode><CSChapterName>Электрические характеристики</CSChapterName><CSChapterRank>2</CSChapterRank><CSItem><CSItemCode>IT4035564</CSItemCode><CSItemName>напряжение</CSItemName><CSItemRank>7</CSItemRank><CSItemIsFreeFormat>1</CSItemIsFreeFormat><CSValue><CSValueCode>VA4082798</CSValueCode><CSValueName>85</CSValueName><CSValueRank>1</CSValueRank></CSValue><UnitOfMeasure><UnitOfMeasureCode>3000071</UnitOfMeasureCode><UnitOfMeasureName>вольт</UnitOfMeasureName><UnitOfMeasureSymbol>В</UnitOfMeasureSymbol></UnitOfMeasure></CSItem><CSItem><CSItemCode>IT4035426</CSItemCode><CSItemName>мощность в ваттах</CSItemName><CSItemRank>9</CSItemRank><CSItemIsFreeFormat>1</CSItemIsFreeFormat><CSValue><CSValueCode>VA4082344</CSValueCode><CSValueName>35</CSValueName><CSValueRank>1</CSValueRank></CSValue><UnitOfMeasure><UnitOfMeasureCode>3000072</UnitOfMeasureCode><UnitOfMeasureName>(ватт)</UnitOfMeasureName><UnitOfMeasureSymbol>Вт</UnitOfMeasureSymbol></UnitOfMeasure></CSItem></CSChapter><CSChapter><CSChapterCode>CH4006484</CSChapterCode><CSChapterName>Информация для заказа</CSChapterName><CSChapterRank>3</CSChapterRank><CSItem><CSItemCode>IT4035592</CSItemCode><CSItemName>Регистрация заказа</CSItemName><CSItemRank>6</CSItemRank><CSItemIsFreeFormat>1</CSItemIsFreeFormat><CSValue><CSValueCode>VA4082925</CSValueCode><CSValueName>85415WHV2S1</CSValueName><CSValueRank>1</CSValueRank></CSValue></CSItem><CSItem><CSItemCode>IT4035593</CSItemCode><CSItemName>Номер заказа</CSItemName><CSItemRank>11</CSItemRank><CSItemIsFreeFormat>1</CSItemIsFreeFormat><CSValue><CSValueCode>VA4082926</CSValueCode><CSValueName>36072133</CSValueName><CSValueRank>1</CSValueRank></CSValue></CSItem></CSChapter><CSChapter><CSChapterCode>CH4006541</CSChapterCode><CSChapterName>Информация об упаковке</CSChapterName><CSChapterRank>4</CSChapterRank><CSItem><CSItemCode>IT4035764</CSItemCode><CSItemName>высота</CSItemName><CSItemRank>15</CSItemRank><CSItemIsFreeFormat>1</CSItemIsFreeFormat><CSValue><CSValueCode>VA4083203</CSValueCode><CSValueName>14</CSValueName><CSValueRank>1</CSValueRank></CSValue><UnitOfMeasure><UnitOfMeasureCode>3000039</UnitOfMeasureCode><UnitOfMeasureName>сантиметра</UnitOfMeasureName><UnitOfMeasureSymbol>см</UnitOfMeasureSymbol></UnitOfMeasure></CSItem><CSItem><CSItemCode>IT4035762</CSItemCode><CSItemName>Длина</CSItemName><CSItemRank>17</CSItemRank><CSItemIsFreeFormat>1</CSItemIsFreeFormat><CSValue><CSValueCode>VA4083201</CSValueCode><CSValueName>14,6</CSValueName><CSValueRank>1</CSValueRank></CSValue><UnitOfMeasure><UnitOfMeasureCode>3000039</UnitOfMeasureCode><UnitOfMeasureName>сантиметра</UnitOfMeasureName><UnitOfMeasureSymbol>см</UnitOfMeasureSymbol></UnitOfMeasure></CSItem><CSItem><CSItemCode>IT4035763</CSItemCode><CSItemName>ширина</CSItemName><CSItemRank>20</CSItemRank><CSItemIsFreeFormat>1</CSItemIsFreeFormat><CSValue><CSValueCode>VA4083202</CSValueCode><CSValueName>13,1</CSValueName><CSValueRank>1</CSValueRank></CSValue><UnitOfMeasure><UnitOfMeasureCode>3000039</UnitOfMeasureCode><UnitOfMeasureName>сантиметра</UnitOfMeasureName><UnitOfMeasureSymbol>см</UnitOfMeasureSymbol></UnitOfMeasure></CSItem><CSItem><CSItemCode>IT4036935</CSItemCode><CSItemName>Вес брутто одного изделия</CSItemName><CSItemRank>23</CSItemRank><CSItemIsFreeFormat>1</CSItemIsFreeFormat><CSValue><CSValueCode>VA4085803</CSValueCode><CSValueName>0,307</CSValueName><CSValueRank>1</CSValueRank></CSValue><UnitOfMeasure><UnitOfMeasureCode>3000049</UnitOfMeasureCode><UnitOfMeasureName>(килограммы)</UnitOfMeasureName><UnitOfMeasureSymbol>кг</UnitOfMeasureSymbol></UnitOfMeasure></CSItem></CSChapter><CSChapter><CSChapterCode>CH4006466</CSChapterCode><CSChapterName>Описание изделия</CSChapterName><CSChapterRank>5</CSChapterRank><CSItem><CSItemCode>IT4031508</CSItemCode><CSItemName>Тип</CSItemName><CSItemRank>1</CSItemRank><CSItemIsFreeFormat>0</CSItemIsFreeFormat><CSValue><CSValueCode>VA4071805</CSValueCode><CSValueName>D1S</CSValueName><CSValueRank>9</CSValueRank></CSValue></CSItem><CSItem><CSItemCode>IT4031517</CSItemCode><CSItemName>Применение</CSItemName><CSItemRank>3</CSItemRank><CSItemIsFreeFormat>0</CSItemIsFreeFormat><CSValue><CSValueCode>VA4071898</CSValueCode><CSValueName>Дальний свет</CSValueName><CSValueRank>1</CSValueRank></CSValue><CSValue><CSValueCode>VA4071899</CSValueCode><CSValueName>Ближний свет</CSValueName><CSValueRank>6</CSValueRank></CSValue></CSItem><CSItem><CSItemCode>IT4031521</CSItemCode><CSItemName>Соответствие нормам ECE</CSItemName><CSItemRank>8</CSItemRank><CSItemIsFreeFormat>0</CSItemIsFreeFormat><CSValue><CSValueCode>VA4072195</CSValueCode><CSValueName>ДА</CSValueName><CSValueRank>2</CSValueRank></CSValue></CSItem><CSItem><CSItemCode>IT4031519</CSItemCode><CSItemName>Модельный ряд</CSItemName><CSItemRank>13</CSItemRank><CSItemIsFreeFormat>0</CSItemIsFreeFormat><CSValue><CSValueCode>VA4079933</CSValueCode><CSValueName>WhiteVision</CSValueName><CSValueRank>7</CSValueRank></CSValue></CSItem><CSItem><CSItemCode>IT4031500</CSItemCode><CSItemName>Технология</CSItemName><CSItemRank>16</CSItemRank><CSItemIsFreeFormat>0</CSItemIsFreeFormat><CSValue><CSValueCode>VA4071792</CSValueCode><CSValueName>Ксенон</CSValueName><CSValueRank>5</CSValueRank></CSValue></CSItem><CSItem><CSItemCode>IT4034965</CSItemCode><CSItemName>Обозначение</CSItemName><CSItemRank>21</CSItemRank><CSItemIsFreeFormat>1</CSItemIsFreeFormat><CSValue><CSValueCode>VA4081495</CSValueCode><CSValueName>D1S WhiteVision</CSValueName><CSValueRank>1</CSValueRank></CSValue></CSItem></CSChapter><CSChapter><CSChapterCode>CH4006501</CSChapterCode><CSChapterName>Информация об упакованном продукте</CSChapterName><CSChapterRank>6</CSChapterRank><CSItem><CSItemCode>IT4035756</CSItemCode><CSItemName>Вес брутто одного изделия</CSItemName><CSItemRank>18</CSItemRank><CSItemIsFreeFormat>1</CSItemIsFreeFormat><CSValue><CSValueCode>VA4083193</CSValueCode><CSValueName>153,5</CSValueName><CSValueRank>1</CSValueRank></CSValue><UnitOfMeasure><UnitOfMeasureCode>4000006</UnitOfMeasureCode><UnitOfMeasureName>грамма</UnitOfMeasureName><UnitOfMeasureSymbol>г</UnitOfMeasureSymbol></UnitOfMeasure></CSItem><CSItem><CSItemCode>IT4035760</CSItemCode><CSItemName>высота</CSItemName><CSItemRank>19</CSItemRank><CSItemIsFreeFormat>1</CSItemIsFreeFormat><CSValue><CSValueCode>VA4083198</CSValueCode><CSValueName>13,7</CSValueName><CSValueRank>1</CSValueRank></CSValue><UnitOfMeasure><UnitOfMeasureCode>3000039</UnitOfMeasureCode><UnitOfMeasureName>сантиметра</UnitOfMeasureName><UnitOfMeasureSymbol>см</UnitOfMeasureSymbol></UnitOfMeasure></CSItem><CSItem><CSItemCode>IT4035758</CSItemCode><CSItemName>Длина</CSItemName><CSItemRank>22</CSItemRank><CSItemIsFreeFormat>1</CSItemIsFreeFormat><CSValue><CSValueCode>VA4083195</CSValueCode><CSValueName>12,5</CSValueName><CSValueRank>1</CSValueRank></CSValue><UnitOfMeasure><UnitOfMeasureCode>3000039</UnitOfMeasureCode><UnitOfMeasureName>сантиметра</UnitOfMeasureName><UnitOfMeasureSymbol>см</UnitOfMeasureSymbol></UnitOfMeasure></CSItem><CSItem><CSItemCode>IT4040440</CSItemCode><CSItemName>Минимальный заказ (профессиональное применение)</CSItemName><CSItemRank>24</CSItemRank><CSItemIsFreeFormat>1</CSItemIsFreeFormat><CSValue><CSValueCode>VA4094183</CSValueCode><CSValueName>2</CSValueName><CSValueRank>1</CSValueRank></CSValue></CSItem><CSItem><CSItemCode>IT4040439</CSItemCode><CSItemName>Количество упаковок</CSItemName><CSItemRank>25</CSItemRank><CSItemIsFreeFormat>1</CSItemIsFreeFormat><CSValue><CSValueCode>VA4094182</CSValueCode><CSValueName>1</CSValueName><CSValueRank>1</CSValueRank></CSValue></CSItem><CSItem><CSItemCode>IT4035759</CSItemCode><CSItemName>ширина</CSItemName><CSItemRank>26</CSItemRank><CSItemIsFreeFormat>1</CSItemIsFreeFormat><CSValue><CSValueCode>VA4083196</CSValueCode><CSValueName>6,8</CSValueName><CSValueRank>1</CSValueRank></CSValue><UnitOfMeasure><UnitOfMeasureCode>3000039</UnitOfMeasureCode><UnitOfMeasureName>сантиметра</UnitOfMeasureName><UnitOfMeasureSymbol>см</UnitOfMeasureSymbol></UnitOfMeasure></CSItem></CSChapter><CSChapter><CSChapterCode>CH4006461</CSChapterCode><CSChapterName>Особенности изделия</CSChapterName><CSChapterRank>7</CSChapterRank><CSItem><CSItemCode>IT4031492</CSItemCode><CSItemName>Ожидаемые преимущества</CSItemName><CSItemRank>2</CSItemRank><CSItemIsFreeFormat>0</CSItemIsFreeFormat><CSValue><CSValueCode>VA4071778</CSValueCode><CSValueName>Стиль</CSValueName><CSValueRank>3</CSValueRank></CSValue></CSItem><CSItem><CSItemCode>IT4031498</CSItemCode><CSItemName>Характеристики изделия</CSItemName><CSItemRank>4</CSItemRank><CSItemIsFreeFormat>0</CSItemIsFreeFormat><CSValue><CSValueCode>VA4096866</CSValueCode><CSValueName>Для энтузиастов своего дела</CSValueName><CSValueRank>8</CSValueRank></CSValue></CSItem></CSChapter><Filters><Purpose type="Comparison"><Features><Feature code="F400079195" rank="1" referenceName="Ultimate white LED effect XWHV gen2"/><Feature code="F400079196" rank="2" referenceName="Crisp, pure white beam XWHV gen2"/><Feature code="F400079197" rank="3" referenceName="Greater contrast, safer drive XWHV gen2"/><Feature code="F400079198" rank="4" referenceName="Up to 120% more vision XWHV gen2"/><Feature code="F400079200" rank="5" referenceName="Intense and legal light XWHV gen2"/><Feature code="F400079201" rank="6" referenceName="Chosen by car manufacturers XWHV gen2"/><Feature code="F400079202" rank="7" referenceName="High quality, high resistance XWHV gen2"/><Feature code="F400079203" rank="8" referenceName="Available in various types XWHV gen2"/></Features><CSItems><CSItem code="IT4031508" rank="1" referenceName="Описание изделия - Тип"/><CSItem code="IT4031492" rank="2" referenceName="Особенности изделия - Ожидаемые преимущества"/><CSItem code="IT4031517" rank="3" referenceName="Описание изделия - Применение"/><CSItem code="IT4031498" rank="4" referenceName="Особенности изделия - Характеристики изделия"/><CSItem code="IT4035592" rank="6" referenceName="Информация для заказа - Регистрация заказа"/><CSItem code="IT4035564" rank="7" referenceName="Электрические характеристики - напряжение"/><CSItem code="IT4031521" rank="8" referenceName="Описание изделия - Соответствие нормам ECE"/><CSItem code="IT4035426" rank="9" referenceName="Электрические характеристики - мощность в ваттах"/><CSItem code="IT4035590" rank="10" referenceName="Информация об упаковке - EAN1"/><CSItem code="IT4035593" rank="11" referenceName="Информация для заказа - Номер заказа"/><CSItem code="IT4035591" rank="12" referenceName="Информация об упаковке - EAN3"/><CSItem code="IT4031519" rank="13" referenceName="Описание изделия - Модельный ряд"/><CSItem code="IT4035805" rank="14" referenceName="Информация об упаковке - Тип упаковки"/><CSItem code="IT4035764" rank="15" referenceName="Информация об упаковке - высота"/><CSItem code="IT4031500" rank="16" referenceName="Описание изделия - Технология"/><CSItem code="IT4035762" rank="17" referenceName="Информация об упаковке - Длина"/><CSItem code="IT4035756" rank="18" referenceName="Информация об упакованном продукте - Вес брутто одного изделия"/><CSItem code="IT4035760" rank="19" referenceName="Информация об упакованном продукте - высота"/><CSItem code="IT4035763" rank="20" referenceName="Информация об упаковке - ширина"/><CSItem code="IT4034965" rank="21" referenceName="Описание изделия - Обозначение"/><CSItem code="IT4035758" rank="22" referenceName="Информация об упакованном продукте - Длина"/><CSItem code="IT4036935" rank="23" referenceName="Информация об упаковке - Вес брутто одного изделия"/><CSItem code="IT4040440" rank="24" referenceName="Информация об упакованном продукте - Минимальный заказ (профессиональное применение)"/><CSItem code="IT4040439" rank="25" referenceName="Информация об упакованном продукте - Количество упаковок"/><CSItem code="IT4035759" rank="26" referenceName="Информация об упакованном продукте - ширина"/></CSItems></Purpose><Purpose type="Detail"><Features><Feature code="F400079195" rank="1" referenceName="Ultimate white LED effect XWHV gen2"/><Feature code="F400079196" rank="2" referenceName="Crisp, pure white beam XWHV gen2"/><Feature code="F400079197" rank="3" referenceName="Greater contrast, safer drive XWHV gen2"/><Feature code="F400079198" rank="4" referenceName="Up to 120% more vision XWHV gen2"/><Feature code="F400079200" rank="5" referenceName="Intense and legal light XWHV gen2"/><Feature code="F400079201" rank="6" referenceName="Chosen by car manufacturers XWHV gen2"/><Feature code="F400079202" rank="7" referenceName="High quality, high resistance XWHV gen2"/><Feature code="F400079203" rank="8" referenceName="Available in various types XWHV gen2"/></Features><CSItems><CSItem code="IT4031508" rank="1" referenceName="Описание изделия - Тип"/><CSItem code="IT4031492" rank="2" referenceName="Особенности изделия - Ожидаемые преимущества"/><CSItem code="IT4031517" rank="3" referenceName="Описание изделия - Применение"/><CSItem code="IT4031498" rank="4" referenceName="Особенности изделия - Характеристики изделия"/><CSItem code="IT4035592" rank="6" referenceName="Информация для заказа - Регистрация заказа"/><CSItem code="IT4035564" rank="7" referenceName="Электрические характеристики - напряжение"/><CSItem code="IT4031521" rank="8" referenceName="Описание изделия - Соответствие нормам ECE"/><CSItem code="IT4035426" rank="9" referenceName="Электрические характеристики - мощность в ваттах"/><CSItem code="IT4035590" rank="10" referenceName="Информация об упаковке - EAN1"/><CSItem code="IT4035593" rank="11" referenceName="Информация для заказа - Номер заказа"/><CSItem code="IT4035591" rank="12" referenceName="Информация об упаковке - EAN3"/><CSItem code="IT4031519" rank="13" referenceName="Описание изделия - Модельный ряд"/><CSItem code="IT4035805" rank="14" referenceName="Информация об упаковке - Тип упаковки"/><CSItem code="IT4035764" rank="15" referenceName="Информация об упаковке - высота"/><CSItem code="IT4031500" rank="16" referenceName="Описание изделия - Технология"/><CSItem code="IT4035762" rank="17" referenceName="Информация об упаковке - Длина"/><CSItem code="IT4035756" rank="18" referenceName="Информация об упакованном продукте - Вес брутто одного изделия"/><CSItem code="IT4035760" rank="19" referenceName="Информация об упакованном продукте - высота"/><CSItem code="IT4035763" rank="20" referenceName="Информация об упаковке - ширина"/><CSItem code="IT4034965" rank="21" referenceName="Описание изделия - Обозначение"/><CSItem code="IT4035758" rank="22" referenceName="Информация об упакованном продукте - Длина"/><CSItem code="IT4036935" rank="23" referenceName="Информация об упаковке - Вес брутто одного изделия"/><CSItem code="IT4040440" rank="24" referenceName="Информация об упакованном продукте - Минимальный заказ (профессиональное применение)"/><CSItem code="IT4040439" rank="25" referenceName="Информация об упакованном продукте - Количество упаковок"/><CSItem code="IT4035759" rank="26" referenceName="Информация об упакованном продукте - ширина"/></CSItems></Purpose></Filters><FeatureCompareGroups/><Disclaimers/><RichTexts/></Product></Products>