<?xml version="1.0" encoding="UTF-8"?><Products xmlns:source="http://apache.org/cocoon/source/1.0" DocStatus="approved" DocTimeStamp="2018-10-27T23:59:01"><Product Country="RU" IsAccessory="false" IsMaster="false" Locale="ru_RU" lastModified="2018-10-20T04:44:09" masterLastModified="2018-05-24T00:44:47"><CTN>12276C1</CTN><Code12NC>924652717104</Code12NC><GTIN>8727900696769</GTIN><MarketingVersion>7.0.1</MarketingVersion><MarketingStatus>Final Published</MarketingStatus><CRDate>2014-01-03</CRDate><CRDateYW>201401</CRDateYW><ModelYears><ModelYear>2014</ModelYear></ModelYears><ProductDivision><ProductDivisionCode>0100</ProductDivisionCode><ProductDivisionName>Lighting</ProductDivisionName><FormerPDCode>0100</FormerPDCode></ProductDivision><ProductOwner>Marilyne Denis</ProductOwner><DTN>12276C1</DTN><Catalog><StartOfPublication>2014-06-16T00:00:00</StartOfPublication><EndOfPublication>2024-06-24T00:00:00</EndOfPublication><StartOfSales>2014-06-16T00:00:00</StartOfSales><EndOfSales>2024-06-24T00:00:00</EndOfSales><DummyPrice/><Deleted>false</Deleted><DeleteAfterDate/><ProductRank>50</ProductRank></Catalog><FinancialCategorization><BusinessGroupCode>9017</BusinessGroupCode><BusinessGroupName>Lamps and Accessoires</BusinessGroupName><BusinessUnitCode>9102</BusinessUnitCode><BusinessUnitName>Automotive Lamps</BusinessUnitName><MainArticleGroupCode>B16</MainArticleGroupCode><MainArticleGroupName>Halogen/Incandesc.Signall.&amp;Interior</MainArticleGroupName><ArticleGroupCode>0207</ArticleGroupCode><ArticleGroupName>Motorcar-,incand.stoplamp-,dir.ind.</ArticleGroupName></FinancialCategorization><Categorization type="CONSUMER"><GroupCode>AUTOMOTIVE_GR</GroupCode><GroupName>Automotive</GroupName><CategoryCode>CAR_LIGHTS_CA</CategoryCode><CategoryName>Car lights</CategoryName><SubcategoryCode>SINGALLING_AND_INTERIOR_LIGHTING_SU</SubcategoryCode><SubcategoryName>Signaling and interior lighting</SubcategoryName></Categorization><Assets><Asset code="12276C1" description="Single product shot" extension="" lastModified="2018-10-20" locale="ru_RU" number="" type="IMS">http://images.philips.com/is/image/PhilipsConsumer/12276C1-IMS-ru_RU</Asset><Asset code="12276C1" description="Product gallery image set" extension="" lastModified="2018-10-20" locale="ru_RU" number="" type="GAL">http://images.philips.com/is/image/PhilipsConsumer/12276C1-GAL-ru_RU</Asset><Asset code="12276C1" description="Product URL" extension="" lastModified="2018-10-20" locale="ru_RU" number="" type="URL">http://www.philips.ru/c-p/12276C1/standard-conventional-interior-and-signaling</Asset></Assets><ProductName>Стандартные лампы для салона и сигнальные лампы</ProductName><FullProductName>Philips Standard Стандартные лампы для салона и сигнальные лампы 12276C1 Тип лампы: PSX24W; в наборе: 1; 12 В, 24 Вт</FullProductName><NamingString><MasterBrand><BrandCode>PHI</BrandCode><BrandName>Philips</BrandName></MasterBrand><BrandString>Philips</BrandString><Family><FamilyCode>SB40005305</FamilyCode><FamilyName>Standard</FamilyName><FamilyNameUsed>1</FamilyNameUsed></Family><Descriptor><DescriptorCode>D4023463</DescriptorCode><DescriptorName>Стандартные лампы для салона и сигнальные лампы</DescriptorName></Descriptor><Alphanumeric>12276C1</Alphanumeric><VersionElement1><VersionElementCode>V4044006</VersionElementCode><VersionElementName>Тип лампы: PSX24W</VersionElementName></VersionElement1><VersionElement2><VersionElementCode>V4043913</VersionElementCode><VersionElementName>В упаковке: 1</VersionElementName></VersionElement2><VersionElement3><VersionElementCode>V4043938</VersionElementCode><VersionElementName>12 В, 24 Вт</VersionElementName></VersionElement3><VersionString>Тип лампы: PSX24W; в наборе: 1; 12 В, 24 Вт</VersionString><BrandedFeatureString/><DescriptorBrandedFeatureString>Стандартные лампы для салона и сигнальные лампы</DescriptorBrandedFeatureString></NamingString><WOW>Безопасность и уверенность на дороге</WOW><SubWOW>Стандартные лампы Philips</SubWOW><MarketingTextHeader>Нашим сигнальным лампам отдают предпочтение крупнейшие производители автомобилей. Лучшее в своем классе качество по доступной цене.</MarketingTextHeader><KeyBenefitArea><KeyBenefitAreaCode>K4028664</KeyBenefitAreaCode><KeyBenefitAreaName>Производитель оригинальных комплектующих</KeyBenefitAreaName><KeyBenefitAreaRank>1</KeyBenefitAreaRank><Feature><FeatureCode>F400058691</FeatureCode><FeatureReferenceName>Car manufactuer choice</FeatureReferenceName><FeatureName>Выбор автопроизводителей</FeatureName><FeatureLongDescription>Philips — выбор большинства ведущих автопроизводителей</FeatureLongDescription><FeatureGlossary>Уже в течение 100 лет компания Philips остается лидером в сфере автомобильного освещения, внедряя технологические инновации, которые впоследствии становятся стандартом для всей отрасли. Сегодня каждый второй автомобиль в Европе и каждый третий в мире оснащены световым оборудованием Philips.</FeatureGlossary><FeatureRank>2</FeatureRank><FeatureTopRank>1</FeatureTopRank></Feature></KeyBenefitArea><KeyBenefitArea><KeyBenefitAreaCode>K4033295</KeyBenefitAreaCode><KeyBenefitAreaName>Широкий ассортимент ламп 12 В</KeyBenefitAreaName><KeyBenefitAreaRank>2</KeyBenefitAreaRank><Feature><FeatureCode>F400079181</FeatureCode><FeatureReferenceName>Designed for multiple usage - std</FeatureReferenceName><FeatureName>Многократное использование</FeatureName><FeatureLongDescription>Широкий выбор ламп 12 В для всех вариантов использования</FeatureLongDescription><FeatureGlossary>Как выбрать лампу на 12 В для той или иной задачи? В ассортименте Philips Automotive есть автомобильные лампы на любой случай: лампы для номерных знаков, задние габаритные/стояночные фонари, лампы для перчаточного ящика, лампы для салона, сигнальные лампы, передние габаритные огни.</FeatureGlossary><FeatureRank>3</FeatureRank><FeatureTopRank>3</FeatureTopRank></Feature></KeyBenefitArea><KeyBenefitArea><KeyBenefitAreaCode>K4033296</KeyBenefitAreaCode><KeyBenefitAreaName>Стандарты качества, соответствующие требованиям ECE</KeyBenefitAreaName><KeyBenefitAreaRank>3</KeyBenefitAreaRank><Feature><FeatureCode>F400079180</FeatureCode><FeatureReferenceName>ECE homlogation - std</FeatureReferenceName><FeatureName>Соответствие нормам ECE</FeatureName><FeatureLongDescription>Мы соблюдаем высокие стандарты качества, установленные нормами ECE</FeatureLongDescription><FeatureGlossary>Мы предлагаем лучшие в своем классе продукты и услуги Philips для рынка автомобилестроения и послепродажного обслуживания автомобилей. Наши продукты производятся из высококачественных материалов и соответствуют самым высоким стандартам, чтобы обеспечить максимальную безопасность и комфортное вождение для автомобилистов. Вся продукция проходит тщательное тестирование, контроль и сертификацию (ISO 9001, ISO 14001 и QSO 9000).</FeatureGlossary><FeatureRank>1</FeatureRank><FeatureTopRank>2</FeatureTopRank></Feature></KeyBenefitArea><KeyBenefitArea><KeyBenefitAreaCode>K4033297</KeyBenefitAreaCode><KeyBenefitAreaName>Замена производится парами</KeyBenefitAreaName><KeyBenefitAreaRank>4</KeyBenefitAreaRank><Feature><FeatureCode>F400074985</FeatureCode><FeatureReferenceName>Change in pairs- CHIP</FeatureReferenceName><FeatureName>Замена производится парами</FeatureName><FeatureLongDescription>В целях безопасности заменяйте лампы обеих фар одновременно</FeatureLongDescription><FeatureGlossary>Для симметричного распределения освещения рекомендуется производить замену ламп парами.</FeatureGlossary><FeatureRank>4</FeatureRank><FeatureTopRank>4</FeatureTopRank></Feature></KeyBenefitArea><FeatureImage><FeatureCode>F400058691</FeatureCode><FeatureReferenceName>Car manufactuer choice</FeatureReferenceName><FeatureImageRank>1</FeatureImageRank></FeatureImage><FeatureImage><FeatureCode>F400079180</FeatureCode><FeatureReferenceName>ECE homlogation - std</FeatureReferenceName><FeatureImageRank>2</FeatureImageRank></FeatureImage><FeatureImage><FeatureCode>F400079181</FeatureCode><FeatureReferenceName>Designed for multiple usage - std</FeatureReferenceName><FeatureImageRank>3</FeatureImageRank></FeatureImage><FeatureImage><FeatureCode>F400074985</FeatureCode><FeatureReferenceName>Change in pairs- CHIP</FeatureReferenceName><FeatureImageRank>4</FeatureImageRank></FeatureImage><FeatureHighlight><FeatureCode>F400058691</FeatureCode><FeatureReferenceName>Car manufactuer choice</FeatureReferenceName><FeatureHighlightRank>1</FeatureHighlightRank></FeatureHighlight><FeatureHighlight><FeatureCode>F400079180</FeatureCode><FeatureReferenceName>ECE homlogation - std</FeatureReferenceName><FeatureHighlightRank>2</FeatureHighlightRank></FeatureHighlight><FeatureHighlight><FeatureCode>F400079181</FeatureCode><FeatureReferenceName>Designed for multiple usage - std</FeatureReferenceName><FeatureHighlightRank>3</FeatureHighlightRank></FeatureHighlight><FeatureHighlight><FeatureCode>F400074985</FeatureCode><FeatureReferenceName>Change in pairs- CHIP</FeatureReferenceName><FeatureHighlightRank>4</FeatureHighlightRank></FeatureHighlight><CSChapter><CSChapterCode>CH4006521</CSChapterCode><CSChapterName>Электрические характеристики</CSChapterName><CSChapterRank>1</CSChapterRank><CSItem><CSItemCode>IT4031552</CSItemCode><CSItemName>напряжение</CSItemName><CSItemRank>1</CSItemRank><CSItemIsFreeFormat>0</CSItemIsFreeFormat><CSValue><CSValueCode>VA4073723</CSValueCode><CSValueName>12</CSValueName><CSValueRank>1</CSValueRank></CSValue><UnitOfMeasure><UnitOfMeasureCode>3000071</UnitOfMeasureCode><UnitOfMeasureName>вольт</UnitOfMeasureName><UnitOfMeasureSymbol>В</UnitOfMeasureSymbol></UnitOfMeasure></CSItem><CSItem><CSItemCode>IT4031551</CSItemCode><CSItemName>мощность в ваттах</CSItemName><CSItemRank>2</CSItemRank><CSItemIsFreeFormat>0</CSItemIsFreeFormat><CSValue><CSValueCode>VA4080226</CSValueCode><CSValueName>24</CSValueName><CSValueRank>9</CSValueRank></CSValue><UnitOfMeasure><UnitOfMeasureCode>3000072</UnitOfMeasureCode><UnitOfMeasureName>(ватт)</UnitOfMeasureName><UnitOfMeasureSymbol>Вт</UnitOfMeasureSymbol></UnitOfMeasure></CSItem></CSChapter><CSChapter><CSChapterCode>3001177</CSChapterCode><CSChapterName>Информация об упаковке</CSChapterName><CSChapterRank>2</CSChapterRank><CSItem><CSItemCode>IT4035590</CSItemCode><CSItemName>EAN1</CSItemName><CSItemRank>1</CSItemRank><CSItemIsFreeFormat>1</CSItemIsFreeFormat><CSValue><CSValueCode>VA4082922</CSValueCode><CSValueName>8727900696769</CSValueName><CSValueRank>1</CSValueRank></CSValue></CSItem><CSItem><CSItemCode>IT4035591</CSItemCode><CSItemName>EAN3</CSItemName><CSItemRank>2</CSItemRank><CSItemIsFreeFormat>1</CSItemIsFreeFormat><CSValue><CSValueCode>VA4082924</CSValueCode><CSValueName>8727900390902</CSValueName><CSValueRank>1</CSValueRank></CSValue></CSItem><CSItem><CSItemCode>IT4000721</CSItemCode><CSItemName>Тип упаковки</CSItemName><CSItemRank>3</CSItemRank><CSItemIsFreeFormat>0</CSItemIsFreeFormat><CSValue><CSValueCode>VA4077261</CSValueCode><CSValueName>C1</CSValueName><CSValueRank>5</CSValueRank></CSValue></CSItem></CSChapter><CSChapter><CSChapterCode>CH4006466</CSChapterCode><CSChapterName>Описание изделия</CSChapterName><CSChapterRank>3</CSChapterRank><CSItem><CSItemCode>IT4031517</CSItemCode><CSItemName>Применение</CSItemName><CSItemRank>1</CSItemRank><CSItemIsFreeFormat>0</CSItemIsFreeFormat><CSValue><CSValueCode>VA4089882</CSValueCode><CSValueName>Передняя противотуманная фара</CSValueName><CSValueRank>10</CSValueRank></CSValue></CSItem><CSItem><CSItemCode>IT4031521</CSItemCode><CSItemName>Соответствие нормам ECE</CSItemName><CSItemRank>2</CSItemRank><CSItemIsFreeFormat>0</CSItemIsFreeFormat><CSValue><CSValueCode>VA4072195</CSValueCode><CSValueName>ДА</CSValueName><CSValueRank>3</CSValueRank></CSValue></CSItem><CSItem><CSItemCode>IT4031519</CSItemCode><CSItemName>Модельный ряд</CSItemName><CSItemRank>3</CSItemRank><CSItemIsFreeFormat>0</CSItemIsFreeFormat><CSValue><CSValueCode>VA4082796</CSValueCode><CSValueName>Стандартная</CSValueName><CSValueRank>8</CSValueRank></CSValue></CSItem><CSItem><CSItemCode>IT4031500</CSItemCode><CSItemName>Технология</CSItemName><CSItemRank>4</CSItemRank><CSItemIsFreeFormat>0</CSItemIsFreeFormat><CSValue><CSValueCode>VA4071791</CSValueCode><CSValueName>Галогеновый</CSValueName><CSValueRank>4</CSValueRank></CSValue></CSItem><CSItem><CSItemCode>IT4031508</CSItemCode><CSItemName>Тип</CSItemName><CSItemRank>5</CSItemRank><CSItemIsFreeFormat>0</CSItemIsFreeFormat><CSValue><CSValueCode>VA4071882</CSValueCode><CSValueName>PSX24W</CSValueName><CSValueRank>11</CSValueRank></CSValue></CSItem><CSItem><CSItemCode>IT4035423</CSItemCode><CSItemName>Цоколь</CSItemName><CSItemRank>6</CSItemRank><CSItemIsFreeFormat>1</CSItemIsFreeFormat><CSValue><CSValueCode>VA4082341</CSValueCode><CSValueName>PG20/7</CSValueName><CSValueRank>1</CSValueRank></CSValue></CSItem><CSItem><CSItemCode>IT4034965</CSItemCode><CSItemName>Назначение</CSItemName><CSItemRank>7</CSItemRank><CSItemIsFreeFormat>1</CSItemIsFreeFormat><CSValue><CSValueCode>VA4081495</CSValueCode><CSValueName>12276C1</CSValueName><CSValueRank>1</CSValueRank></CSValue></CSItem></CSChapter><CSChapter><CSChapterCode>CH4006541</CSChapterCode><CSChapterName>Информация об упаковке</CSChapterName><CSChapterRank>4</CSChapterRank><CSItem><CSItemCode>IT4036935</CSItemCode><CSItemName>Вес брутто одного изделия</CSItemName><CSItemRank>1</CSItemRank><CSItemIsFreeFormat>1</CSItemIsFreeFormat><CSValue><CSValueCode>VA4085803</CSValueCode><CSValueName>0,171</CSValueName><CSValueRank>1</CSValueRank></CSValue><UnitOfMeasure><UnitOfMeasureCode>3000049</UnitOfMeasureCode><UnitOfMeasureName>(килограммы)</UnitOfMeasureName><UnitOfMeasureSymbol>кг</UnitOfMeasureSymbol></UnitOfMeasure></CSItem><CSItem><CSItemCode>IT4035764</CSItemCode><CSItemName>высота</CSItemName><CSItemRank>2</CSItemRank><CSItemIsFreeFormat>1</CSItemIsFreeFormat><CSValue><CSValueCode>VA4083203</CSValueCode><CSValueName>7</CSValueName><CSValueRank>1</CSValueRank></CSValue><UnitOfMeasure><UnitOfMeasureCode>3000039</UnitOfMeasureCode><UnitOfMeasureName>сантиметра</UnitOfMeasureName><UnitOfMeasureSymbol>см</UnitOfMeasureSymbol></UnitOfMeasure></CSItem><CSItem><CSItemCode>IT4035762</CSItemCode><CSItemName>Длина</CSItemName><CSItemRank>3</CSItemRank><CSItemIsFreeFormat>1</CSItemIsFreeFormat><CSValue><CSValueCode>VA4083201</CSValueCode><CSValueName>18,5</CSValueName><CSValueRank>1</CSValueRank></CSValue><UnitOfMeasure><UnitOfMeasureCode>3000039</UnitOfMeasureCode><UnitOfMeasureName>сантиметра</UnitOfMeasureName><UnitOfMeasureSymbol>см</UnitOfMeasureSymbol></UnitOfMeasure></CSItem><CSItem><CSItemCode>IT4035763</CSItemCode><CSItemName>ширина</CSItemName><CSItemRank>4</CSItemRank><CSItemIsFreeFormat>1</CSItemIsFreeFormat><CSValue><CSValueCode>VA4083202</CSValueCode><CSValueName>7,5</CSValueName><CSValueRank>1</CSValueRank></CSValue><UnitOfMeasure><UnitOfMeasureCode>3000039</UnitOfMeasureCode><UnitOfMeasureName>сантиметра</UnitOfMeasureName><UnitOfMeasureSymbol>см</UnitOfMeasureSymbol></UnitOfMeasure></CSItem></CSChapter><CSChapter><CSChapterCode>CH4006501</CSChapterCode><CSChapterName>Информация об упакованном продукте</CSChapterName><CSChapterRank>5</CSChapterRank><CSItem><CSItemCode>IT4040439</CSItemCode><CSItemName>Количество упаковок</CSItemName><CSItemRank>1</CSItemRank><CSItemIsFreeFormat>1</CSItemIsFreeFormat><CSValue><CSValueCode>VA4094182</CSValueCode><CSValueName>1</CSValueName><CSValueRank>1</CSValueRank></CSValue></CSItem><CSItem><CSItemCode>IT4040440</CSItemCode><CSItemName>Минимальный заказ (профессиональное применение)</CSItemName><CSItemRank>2</CSItemRank><CSItemIsFreeFormat>1</CSItemIsFreeFormat><CSValue><CSValueCode>VA4094183</CSValueCode><CSValueName>10</CSValueName><CSValueRank>1</CSValueRank></CSValue></CSItem><CSItem><CSItemCode>IT4035756</CSItemCode><CSItemName>Вес брутто одного изделия</CSItemName><CSItemRank>3</CSItemRank><CSItemIsFreeFormat>1</CSItemIsFreeFormat><CSValue><CSValueCode>VA4083193</CSValueCode><CSValueName>14</CSValueName><CSValueRank>1</CSValueRank></CSValue><UnitOfMeasure><UnitOfMeasureCode>4000006</UnitOfMeasureCode><UnitOfMeasureName>грамма</UnitOfMeasureName><UnitOfMeasureSymbol>г</UnitOfMeasureSymbol></UnitOfMeasure></CSItem><CSItem><CSItemCode>IT4035760</CSItemCode><CSItemName>высота</CSItemName><CSItemRank>4</CSItemRank><CSItemIsFreeFormat>1</CSItemIsFreeFormat><CSValue><CSValueCode>VA4083198</CSValueCode><CSValueName>6,5</CSValueName><CSValueRank>1</CSValueRank></CSValue><UnitOfMeasure><UnitOfMeasureCode>3000039</UnitOfMeasureCode><UnitOfMeasureName>сантиметра</UnitOfMeasureName><UnitOfMeasureSymbol>см</UnitOfMeasureSymbol></UnitOfMeasure></CSItem><CSItem><CSItemCode>IT4035758</CSItemCode><CSItemName>Длина</CSItemName><CSItemRank>5</CSItemRank><CSItemIsFreeFormat>1</CSItemIsFreeFormat><CSValue><CSValueCode>VA4083195</CSValueCode><CSValueName>3,5</CSValueName><CSValueRank>1</CSValueRank></CSValue><UnitOfMeasure><UnitOfMeasureCode>3000039</UnitOfMeasureCode><UnitOfMeasureName>сантиметра</UnitOfMeasureName><UnitOfMeasureSymbol>см</UnitOfMeasureSymbol></UnitOfMeasure></CSItem><CSItem><CSItemCode>IT4035761</CSItemCode><CSItemName>Вес нетто одного изделия</CSItemName><CSItemRank>6</CSItemRank><CSItemIsFreeFormat>1</CSItemIsFreeFormat><CSValue><CSValueCode>VA4083199</CSValueCode><CSValueName>10</CSValueName><CSValueRank>1</CSValueRank></CSValue><UnitOfMeasure><UnitOfMeasureCode>4000006</UnitOfMeasureCode><UnitOfMeasureName>грамма</UnitOfMeasureName><UnitOfMeasureSymbol>г</UnitOfMeasureSymbol></UnitOfMeasure></CSItem><CSItem><CSItemCode>IT4035759</CSItemCode><CSItemName>ширина</CSItemName><CSItemRank>7</CSItemRank><CSItemIsFreeFormat>1</CSItemIsFreeFormat><CSValue><CSValueCode>VA4083196</CSValueCode><CSValueName>3,5</CSValueName><CSValueRank>1</CSValueRank></CSValue><UnitOfMeasure><UnitOfMeasureCode>3000039</UnitOfMeasureCode><UnitOfMeasureName>сантиметра</UnitOfMeasureName><UnitOfMeasureSymbol>см</UnitOfMeasureSymbol></UnitOfMeasure></CSItem></CSChapter><CSChapter><CSChapterCode>CH4006484</CSChapterCode><CSChapterName>Информация для заказа</CSChapterName><CSChapterRank>6</CSChapterRank><CSItem><CSItemCode>IT4035592</CSItemCode><CSItemName>Регистрация заказа</CSItemName><CSItemRank>1</CSItemRank><CSItemIsFreeFormat>1</CSItemIsFreeFormat><CSValue><CSValueCode>VA4082925</CSValueCode><CSValueName>12276C1</CSValueName><CSValueRank>1</CSValueRank></CSValue></CSItem><CSItem><CSItemCode>IT4035593</CSItemCode><CSItemName>Код для заказа</CSItemName><CSItemRank>2</CSItemRank><CSItemIsFreeFormat>1</CSItemIsFreeFormat><CSValue><CSValueCode>VA4082926</CSValueCode><CSValueName>69676930</CSValueName><CSValueRank>1</CSValueRank></CSValue></CSItem></CSChapter><CSChapter><CSChapterCode>CH4006461</CSChapterCode><CSChapterName>Особенности изделия</CSChapterName><CSChapterRank>7</CSChapterRank><CSItem><CSItemCode>IT4031492</CSItemCode><CSItemName>Ожидаемые преимущества</CSItemName><CSItemRank>1</CSItemRank><CSItemIsFreeFormat>0</CSItemIsFreeFormat><CSValue><CSValueCode>VA4096684</CSValueCode><CSValueName>Стандартная</CSValueName><CSValueRank>6</CSValueRank></CSValue></CSItem><CSItem><CSItemCode>IT4031498</CSItemCode><CSItemName>Характеристики изделия</CSItemName><CSItemRank>2</CSItemRank><CSItemIsFreeFormat>0</CSItemIsFreeFormat><CSValue><CSValueCode>VA4096685</CSValueCode><CSValueName>Стандартные лампы Philips</CSValueName><CSValueRank>2</CSValueRank></CSValue></CSItem></CSChapter><Filters><Purpose type="Comparison"><Features><Feature code="F400058691" rank="1" referenceName="Car manufactuer choice"/><Feature code="F400079180" rank="2" referenceName="ECE homlogation - std"/><Feature code="F400079181" rank="3" referenceName="Designed for multiple usage - std"/><Feature code="F400074985" rank="4" referenceName="Change in pairs- CHIP"/></Features><CSItems><CSItem code="IT4031552" rank="1" referenceName="Электрические характеристики - напряжение"/><CSItem code="IT4035590" rank="1" referenceName="Информация об упаковке - EAN1"/><CSItem code="IT4031517" rank="1" referenceName="Описание изделия - Применение"/><CSItem code="IT4036935" rank="1" referenceName="Информация об упаковке - Вес брутто одного изделия"/><CSItem code="IT4040439" rank="1" referenceName="Информация об упакованном продукте - Количество упаковок"/><CSItem code="IT4035592" rank="1" referenceName="Информация для заказа - Регистрация заказа"/><CSItem code="IT4031492" rank="1" referenceName="Особенности изделия - Ожидаемые преимущества"/><CSItem code="IT4031551" rank="2" referenceName="Электрические характеристики - мощность в ваттах"/><CSItem code="IT4035591" rank="2" referenceName="Информация об упаковке - EAN3"/><CSItem code="IT4031521" rank="2" referenceName="Описание изделия - Соответствие нормам ECE"/><CSItem code="IT4035764" rank="2" referenceName="Информация об упаковке - высота"/><CSItem code="IT4040440" rank="2" referenceName="Информация об упакованном продукте - Минимальный заказ (профессиональное применение)"/><CSItem code="IT4035593" rank="2" referenceName="Информация для заказа - Код для заказа"/><CSItem code="IT4031498" rank="2" referenceName="Особенности изделия - Характеристики изделия"/><CSItem code="IT4000721" rank="3" referenceName="Информация об упаковке - Тип упаковки"/><CSItem code="IT4031519" rank="3" referenceName="Описание изделия - Модельный ряд"/><CSItem code="IT4035762" rank="3" referenceName="Информация об упаковке - Длина"/><CSItem code="IT4035756" rank="3" referenceName="Информация об упакованном продукте - Вес брутто одного изделия"/><CSItem code="IT4031500" rank="4" referenceName="Описание изделия - Технология"/><CSItem code="IT4035763" rank="4" referenceName="Информация об упаковке - ширина"/><CSItem code="IT4035760" rank="4" referenceName="Информация об упакованном продукте - высота"/><CSItem code="IT4031508" rank="5" referenceName="Описание изделия - Тип"/><CSItem code="IT4035758" rank="5" referenceName="Информация об упакованном продукте - Длина"/><CSItem code="IT4035423" rank="6" referenceName="Описание изделия - Цоколь"/><CSItem code="IT4035761" rank="6" referenceName="Информация об упакованном продукте - Вес нетто одного изделия"/><CSItem code="IT4034965" rank="7" referenceName="Описание изделия - Назначение"/><CSItem code="IT4035759" rank="7" referenceName="Информация об упакованном продукте - ширина"/></CSItems></Purpose><Purpose type="Detail"><Features><Feature code="F400058691" rank="1" referenceName="Car manufactuer choice"/><Feature code="F400079180" rank="2" referenceName="ECE homlogation - std"/><Feature code="F400079181" rank="3" referenceName="Designed for multiple usage - std"/><Feature code="F400074985" rank="4" referenceName="Change in pairs- CHIP"/></Features><CSItems><CSItem code="IT4031552" rank="1" referenceName="Электрические характеристики - напряжение"/><CSItem code="IT4035590" rank="1" referenceName="Информация об упаковке - EAN1"/><CSItem code="IT4031517" rank="1" referenceName="Описание изделия - Применение"/><CSItem code="IT4036935" rank="1" referenceName="Информация об упаковке - Вес брутто одного изделия"/><CSItem code="IT4040439" rank="1" referenceName="Информация об упакованном продукте - Количество упаковок"/><CSItem code="IT4035592" rank="1" referenceName="Информация для заказа - Регистрация заказа"/><CSItem code="IT4031492" rank="1" referenceName="Особенности изделия - Ожидаемые преимущества"/><CSItem code="IT4031551" rank="2" referenceName="Электрические характеристики - мощность в ваттах"/><CSItem code="IT4035591" rank="2" referenceName="Информация об упаковке - EAN3"/><CSItem code="IT4031521" rank="2" referenceName="Описание изделия - Соответствие нормам ECE"/><CSItem code="IT4035764" rank="2" referenceName="Информация об упаковке - высота"/><CSItem code="IT4040440" rank="2" referenceName="Информация об упакованном продукте - Минимальный заказ (профессиональное применение)"/><CSItem code="IT4035593" rank="2" referenceName="Информация для заказа - Код для заказа"/><CSItem code="IT4031498" rank="2" referenceName="Особенности изделия - Характеристики изделия"/><CSItem code="IT4000721" rank="3" referenceName="Информация об упаковке - Тип упаковки"/><CSItem code="IT4031519" rank="3" referenceName="Описание изделия - Модельный ряд"/><CSItem code="IT4035762" rank="3" referenceName="Информация об упаковке - Длина"/><CSItem code="IT4035756" rank="3" referenceName="Информация об упакованном продукте - Вес брутто одного изделия"/><CSItem code="IT4031500" rank="4" referenceName="Описание изделия - Технология"/><CSItem code="IT4035763" rank="4" referenceName="Информация об упаковке - ширина"/><CSItem code="IT4035760" rank="4" referenceName="Информация об упакованном продукте - высота"/><CSItem code="IT4031508" rank="5" referenceName="Описание изделия - Тип"/><CSItem code="IT4035758" rank="5" referenceName="Информация об упакованном продукте - Длина"/><CSItem code="IT4035423" rank="6" referenceName="Описание изделия - Цоколь"/><CSItem code="IT4035761" rank="6" referenceName="Информация об упакованном продукте - Вес нетто одного изделия"/><CSItem code="IT4034965" rank="7" referenceName="Описание изделия - Назначение"/><CSItem code="IT4035759" rank="7" referenceName="Информация об упакованном продукте - ширина"/></CSItems></Purpose></Filters><FeatureCompareGroups/><Disclaimers/><RichTexts/></Product></Products>