<?xml version="1.0" encoding="UTF-8"?><Products xmlns:source="http://apache.org/cocoon/source/1.0" DocStatus="approved" DocTimeStamp="2018-10-27T23:59:01"><Product Country="RU" IsAccessory="false" IsMaster="false" Locale="ru_RU" lastModified="2018-10-20T04:44:09" masterLastModified="2018-06-07T00:39:56"><CTN>55720EBKM</CTN><Code12NC>925506017601</Code12NC><GTIN>8727900700381</GTIN><MarketingVersion>3.0.1</MarketingVersion><MarketingStatus>Final Published</MarketingStatus><CRDate>2013-12-20</CRDate><CRDateYW>201351</CRDateYW><ModelYears><ModelYear>2013</ModelYear></ModelYears><ProductDivision><ProductDivisionCode>0100</ProductDivisionCode><ProductDivisionName>Lighting</ProductDivisionName><FormerPDCode>0100</FormerPDCode></ProductDivision><ProductOwner>Marilyne Denis</ProductOwner><DTN>55720EBKM</DTN><Catalog><StartOfPublication>2014-04-01T00:00:00</StartOfPublication><EndOfPublication>2024-06-24T00:00:00</EndOfPublication><StartOfSales>2014-04-01T00:00:00</StartOfSales><EndOfSales>2024-06-24T00:00:00</EndOfSales><DummyPrice/><Deleted>false</Deleted><DeleteAfterDate/><ProductRank>50</ProductRank></Catalog><FinancialCategorization><BusinessGroupCode>9017</BusinessGroupCode><BusinessGroupName>Lamps and Accessoires</BusinessGroupName><BusinessUnitCode>9102</BusinessUnitCode><BusinessUnitName>Automotive Lamps</BusinessUnitName><MainArticleGroupCode>B10</MainArticleGroupCode><MainArticleGroupName>Halogen/Incandescent Headlighting</MainArticleGroupName><ArticleGroupCode>0814</ArticleGroupCode><ArticleGroupName>Spare kits &amp; dispensers Headlighting</ArticleGroupName></FinancialCategorization><Categorization type="CONSUMER"><GroupCode>AUTOMOTIVE_GR</GroupCode><GroupName>Automotive</GroupName><CategoryCode>CAR_LIGHTS_CA</CategoryCode><CategoryName>Car lights</CategoryName><SubcategoryCode>ACCESSORIES_SU</SubcategoryCode><SubcategoryName>Accessories</SubcategoryName></Categorization><Assets><Asset code="55720EBKM" description="Single product shot" extension="" lastModified="2018-10-20" locale="ru_RU" number="" type="IMS">http://images.philips.com/is/image/PhilipsConsumer/55720EBKM-IMS-ru_RU</Asset><Asset code="55720EBKM" description="Product gallery image set" extension="" lastModified="2018-10-20" locale="ru_RU" number="" type="GAL">http://images.philips.com/is/image/PhilipsConsumer/55720EBKM-GAL-ru_RU</Asset><Asset code="55720EBKM" description="Product URL" extension="" lastModified="2018-10-20" locale="ru_RU" number="" type="URL">http://www.philips.ru/c-p/55720EBKM/essential-box-spare-kit-essentials</Asset></Assets><ProductName>Комплект запасных ламп H1/H7</ProductName><FullProductName>Philips Essential Box Комплект запасных ламп 55720EBKM H1/H7</FullProductName><NamingString><MasterBrand><BrandCode>PHI</BrandCode><BrandName>Philips</BrandName></MasterBrand><BrandString>Philips</BrandString><Family><FamilyCode>SB40006410</FamilyCode><FamilyName>Essential Box</FamilyName><FamilyNameUsed>0</FamilyNameUsed></Family><Descriptor><DescriptorCode>D4022702</DescriptorCode><DescriptorName>Комплект запасных ламп</DescriptorName></Descriptor><Alphanumeric>55720EBKM</Alphanumeric><VersionElement1><VersionElementCode>V4034204</VersionElementCode><VersionElementName>H1/H7</VersionElementName></VersionElement1><VersionString>H1/H7</VersionString><BrandedFeatureString/><DescriptorBrandedFeatureString>Комплект запасных ламп</DescriptorBrandedFeatureString></NamingString><WOW>Весь необходимый комплект ламп в одном наборе</WOW><SubWOW>Запасной комплект ламп H1/H7</SubWOW><MarketingTextHeader>Главная задача Philips Automotive — обеспечить вашу безопасность на дороге, поэтому мы предлагаем дополнительные наборы, в которых вы найдете все необходимые сменные лампы для того, чтобы вы всегда были готовы к любым ситуациям!</MarketingTextHeader><KeyBenefitArea><KeyBenefitAreaCode>K4027254</KeyBenefitAreaCode><KeyBenefitAreaName>Качественные лампы Philips</KeyBenefitAreaName><KeyBenefitAreaRank>1</KeyBenefitAreaRank><Feature><FeatureCode>F400064171</FeatureCode><FeatureReferenceName>30% More light on the road-Essential Box</FeatureReferenceName><FeatureName>На 30 % больше света на дороге</FeatureName><FeatureLongDescription>Лампы головного освещения в комплекте Essential Box обеспечивают до 30 % больше видимости</FeatureLongDescription><FeatureGlossary>Наши лампы излучают мощный точно направленный луч света и характеризуются высокой светоотдачей, увеличивая видимость Вашего автомобиля на дороге. Воспользуйтесь всеми преимуществами наших сменных ламп для автомобильных фар.</FeatureGlossary><FeatureRank>2</FeatureRank><FeatureTopRank>1</FeatureTopRank></Feature><Feature><FeatureCode>F400064165</FeatureCode><FeatureReferenceName>High quality homologated lamps</FeatureReferenceName><FeatureName>Высококачественные лампы соответствуют стандартам</FeatureName><FeatureLongDescription>В комплект входят лампы Philips, которые полностью соответствуют стандартам качества</FeatureLongDescription><FeatureGlossary>В дополнительные комплекты Philips входят лучшие в своем классе продукты. Они выполнены из высококачественных материалов и соответствуют самым высоким стандартам, чтобы обеспечивать нашим клиентам максимальную безопасность и комфортное вождение. Вся продукция проходит тщательное тестирование, контроль и сертификацию (ISO 9001, ISO 14001 и QSO 9000) в соответствии с самыми высокими требованиями ECE.</FeatureGlossary><FeatureRank>3</FeatureRank><FeatureTopRank>4</FeatureTopRank></Feature></KeyBenefitArea><KeyBenefitArea><KeyBenefitAreaCode>K4027255</KeyBenefitAreaCode><KeyBenefitAreaName>Комплект сменных ламп</KeyBenefitAreaName><KeyBenefitAreaRank>2</KeyBenefitAreaRank><Feature><FeatureCode>F400064167</FeatureCode><FeatureReferenceName>A robust construction</FeatureReferenceName><FeatureName>Надежная конструкция</FeatureName><FeatureLongDescription>Надежная конструкция предотвращает повреждение или поломку</FeatureLongDescription><FeatureGlossary>Корпус комплекта выполнен из прочных, устойчивых к механическим повреждениям материалов, поэтому лампы надежно защищены от поломок.</FeatureGlossary><FeatureRank>1</FeatureRank><FeatureTopRank>2</FeatureTopRank></Feature><Feature><FeatureCode>F400064172</FeatureCode><FeatureReferenceName>Easy storage in the car-Essential Kit</FeatureReferenceName><FeatureName>Может легко храниться в автомобиле</FeatureName><FeatureLongDescription>Компактный размер для удобства хранения в автомобиле</FeatureLongDescription><FeatureGlossary>Созданный специально для автомобилистов комплект Essential Kit не занимает много места и идеально подходит для хранения в багажнике или бардачке автомобиля.</FeatureGlossary><FeatureRank>4</FeatureRank><FeatureTopRank>3</FeatureTopRank></Feature><Feature><FeatureCode>F400064169</FeatureCode><FeatureReferenceName>Maximised car range coverage</FeatureReferenceName><FeatureName>Подходит для большинства моделей автомобилей</FeatureName><FeatureLongDescription>Подходит для 90 % моделей автомобилей</FeatureLongDescription><FeatureGlossary>Компания Philips предлагает широкий ассортимент запасных ламп, поэтому наши дополнительные комплекты подходят для 90 % моделей автомобилей. Это идеальное решение для водителей, которые заботятся о своей безопасности на дороге.</FeatureGlossary><FeatureRank>5</FeatureRank><FeatureTopRank>5</FeatureTopRank></Feature></KeyBenefitArea><FeatureImage><FeatureCode>F400064171</FeatureCode><FeatureReferenceName>30% More light on the road-Essential Box</FeatureReferenceName><FeatureImageRank>1</FeatureImageRank></FeatureImage><FeatureImage><FeatureCode>F400064167</FeatureCode><FeatureReferenceName>A robust construction</FeatureReferenceName><FeatureImageRank>2</FeatureImageRank></FeatureImage><FeatureImage><FeatureCode>F400064172</FeatureCode><FeatureReferenceName>Easy storage in the car-Essential Kit</FeatureReferenceName><FeatureImageRank>3</FeatureImageRank></FeatureImage><FeatureImage><FeatureCode>F400064165</FeatureCode><FeatureReferenceName>High quality homologated lamps</FeatureReferenceName><FeatureImageRank>4</FeatureImageRank></FeatureImage><FeatureImage><FeatureCode>F400064169</FeatureCode><FeatureReferenceName>Maximised car range coverage</FeatureReferenceName><FeatureImageRank>5</FeatureImageRank></FeatureImage><FeatureHighlight><FeatureCode>F400064171</FeatureCode><FeatureReferenceName>30% More light on the road-Essential Box</FeatureReferenceName><FeatureHighlightRank>1</FeatureHighlightRank></FeatureHighlight><FeatureHighlight><FeatureCode>F400064167</FeatureCode><FeatureReferenceName>A robust construction</FeatureReferenceName><FeatureHighlightRank>2</FeatureHighlightRank></FeatureHighlight><FeatureHighlight><FeatureCode>F400064172</FeatureCode><FeatureReferenceName>Easy storage in the car-Essential Kit</FeatureReferenceName><FeatureHighlightRank>3</FeatureHighlightRank></FeatureHighlight><FeatureHighlight><FeatureCode>F400064165</FeatureCode><FeatureReferenceName>High quality homologated lamps</FeatureReferenceName><FeatureHighlightRank>4</FeatureHighlightRank></FeatureHighlight><FeatureHighlight><FeatureCode>F400064169</FeatureCode><FeatureReferenceName>Maximised car range coverage</FeatureReferenceName><FeatureHighlightRank>5</FeatureHighlightRank></FeatureHighlight><CSChapter><CSChapterCode>CH4006521</CSChapterCode><CSChapterName>Электрические характеристики</CSChapterName><CSChapterRank>1</CSChapterRank><CSItem><CSItemCode>IT4031552</CSItemCode><CSItemName>напряжение</CSItemName><CSItemRank>4</CSItemRank><CSItemIsFreeFormat>0</CSItemIsFreeFormat><CSValue><CSValueCode>VA4073723</CSValueCode><CSValueName>12</CSValueName><CSValueRank>1</CSValueRank></CSValue><UnitOfMeasure><UnitOfMeasureCode>3000071</UnitOfMeasureCode><UnitOfMeasureName>вольт</UnitOfMeasureName><UnitOfMeasureSymbol>В</UnitOfMeasureSymbol></UnitOfMeasure></CSItem></CSChapter><CSChapter><CSChapterCode>CH4006484</CSChapterCode><CSChapterName>Информация для заказа</CSChapterName><CSChapterRank>2</CSChapterRank><CSItem><CSItemCode>IT4031527</CSItemCode><CSItemName>Код для заказа</CSItemName><CSItemRank>5</CSItemRank><CSItemIsFreeFormat>0</CSItemIsFreeFormat><CSValue><CSValueCode>VA4072867</CSValueCode><CSValueName>70038128</CSValueName><CSValueRank>31</CSValueRank></CSValue></CSItem></CSChapter><CSChapter><CSChapterCode>CH4006541</CSChapterCode><CSChapterName>Информация об упаковке</CSChapterName><CSChapterRank>3</CSChapterRank><CSItem><CSItemCode>IT4031577</CSItemCode><CSItemName>Вес брутто одного изделия</CSItemName><CSItemRank>1</CSItemRank><CSItemIsFreeFormat>0</CSItemIsFreeFormat><CSValue><CSValueCode>VA4074327</CSValueCode><CSValueName>0,555</CSValueName><CSValueRank>19</CSValueRank></CSValue><UnitOfMeasure><UnitOfMeasureCode>3000049</UnitOfMeasureCode><UnitOfMeasureName>(килограммы)</UnitOfMeasureName><UnitOfMeasureSymbol>кг</UnitOfMeasureSymbol></UnitOfMeasure></CSItem><CSItem><CSItemCode>IT4031576</CSItemCode><CSItemName>высота</CSItemName><CSItemRank>6</CSItemRank><CSItemIsFreeFormat>0</CSItemIsFreeFormat><CSValue><CSValueCode>VA4074219</CSValueCode><CSValueName>12,2</CSValueName><CSValueRank>11</CSValueRank></CSValue><UnitOfMeasure><UnitOfMeasureCode>3000039</UnitOfMeasureCode><UnitOfMeasureName>сантиметра</UnitOfMeasureName><UnitOfMeasureSymbol>см</UnitOfMeasureSymbol></UnitOfMeasure></CSItem><CSItem><CSItemCode>IT4031574</CSItemCode><CSItemName>Длина</CSItemName><CSItemRank>11</CSItemRank><CSItemIsFreeFormat>0</CSItemIsFreeFormat><CSValue><CSValueCode>VA4074141</CSValueCode><CSValueName>34,1</CSValueName><CSValueRank>20</CSValueRank></CSValue><UnitOfMeasure><UnitOfMeasureCode>3000039</UnitOfMeasureCode><UnitOfMeasureName>сантиметра</UnitOfMeasureName><UnitOfMeasureSymbol>см</UnitOfMeasureSymbol></UnitOfMeasure></CSItem><CSItem><CSItemCode>IT4031575</CSItemCode><CSItemName>ширина</CSItemName><CSItemRank>14</CSItemRank><CSItemIsFreeFormat>0</CSItemIsFreeFormat><CSValue><CSValueCode>VA4074184</CSValueCode><CSValueName>11,8</CSValueName><CSValueRank>2</CSValueRank></CSValue><UnitOfMeasure><UnitOfMeasureCode>3000039</UnitOfMeasureCode><UnitOfMeasureName>сантиметра</UnitOfMeasureName><UnitOfMeasureSymbol>см</UnitOfMeasureSymbol></UnitOfMeasure></CSItem></CSChapter><CSChapter><CSChapterCode>3001177</CSChapterCode><CSChapterName>Информация об упаковке</CSChapterName><CSChapterRank>4</CSChapterRank><CSItem><CSItemCode>IT4000721</CSItemCode><CSItemName>Тип упаковки</CSItemName><CSItemRank>12</CSItemRank><CSItemIsFreeFormat>0</CSItemIsFreeFormat><CSValue><CSValueCode>VA4072973</CSValueCode><CSValueName>KM</CSValueName><CSValueRank>8</CSValueRank></CSValue></CSItem><CSItem><CSItemCode>IT4035590</CSItemCode><CSItemName>EAN1</CSItemName><CSItemRank>13</CSItemRank><CSItemIsFreeFormat>1</CSItemIsFreeFormat><CSValue><CSValueCode>VA4082922</CSValueCode><CSValueName>8727900700381</CSValueName><CSValueRank>1</CSValueRank></CSValue></CSItem><CSItem><CSItemCode>IT4035591</CSItemCode><CSItemName>EAN3</CSItemName><CSItemRank>17</CSItemRank><CSItemIsFreeFormat>1</CSItemIsFreeFormat><CSValue><CSValueCode>VA4082924</CSValueCode><CSValueName>8727900700398</CSValueName><CSValueRank>1</CSValueRank></CSValue></CSItem></CSChapter><CSChapter><CSChapterCode>CH4006501</CSChapterCode><CSChapterName>Информация об упакованном продукте</CSChapterName><CSChapterRank>5</CSChapterRank><CSItem><CSItemCode>IT4031573</CSItemCode><CSItemName>Вес брутто одного изделия</CSItemName><CSItemRank>2</CSItemRank><CSItemIsFreeFormat>0</CSItemIsFreeFormat><CSValue><CSValueCode>VA4074069</CSValueCode><CSValueName>111</CSValueName><CSValueRank>17</CSValueRank></CSValue><UnitOfMeasure><UnitOfMeasureCode>4000006</UnitOfMeasureCode><UnitOfMeasureName>грамма</UnitOfMeasureName><UnitOfMeasureSymbol>г</UnitOfMeasureSymbol></UnitOfMeasure></CSItem><CSItem><CSItemCode>IT4031571</CSItemCode><CSItemName>высота</CSItemName><CSItemRank>7</CSItemRank><CSItemIsFreeFormat>0</CSItemIsFreeFormat><CSValue><CSValueCode>VA4073869</CSValueCode><CSValueName>12,44</CSValueName><CSValueRank>16</CSValueRank></CSValue><UnitOfMeasure><UnitOfMeasureCode>3000039</UnitOfMeasureCode><UnitOfMeasureName>сантиметра</UnitOfMeasureName><UnitOfMeasureSymbol>см</UnitOfMeasureSymbol></UnitOfMeasure></CSItem><CSItem><CSItemCode>IT4031651</CSItemCode><CSItemName>Длина</CSItemName><CSItemRank>9</CSItemRank><CSItemIsFreeFormat>0</CSItemIsFreeFormat><CSValue><CSValueCode>VA4074512</CSValueCode><CSValueName>10,8</CSValueName><CSValueRank>4</CSValueRank></CSValue><UnitOfMeasure><UnitOfMeasureCode>3000039</UnitOfMeasureCode><UnitOfMeasureName>сантиметра</UnitOfMeasureName><UnitOfMeasureSymbol>см</UnitOfMeasureSymbol></UnitOfMeasure></CSItem><CSItem><CSItemCode>IT4031572</CSItemCode><CSItemName>Вес нетто одного изделия</CSItemName><CSItemRank>15</CSItemRank><CSItemIsFreeFormat>0</CSItemIsFreeFormat><CSValue><CSValueCode>VA4073947</CSValueCode><CSValueName>45</CSValueName><CSValueRank>27</CSValueRank></CSValue><UnitOfMeasure><UnitOfMeasureCode>4000006</UnitOfMeasureCode><UnitOfMeasureName>грамма</UnitOfMeasureName><UnitOfMeasureSymbol>г</UnitOfMeasureSymbol></UnitOfMeasure></CSItem><CSItem><CSItemCode>IT4031671</CSItemCode><CSItemName>Количество ламп в упаковке/минимальный заказ</CSItemName><CSItemRank>19</CSItemRank><CSItemIsFreeFormat>0</CSItemIsFreeFormat><CSValue><CSValueCode>VA4074530</CSValueCode><CSValueName>5</CSValueName><CSValueRank>3</CSValueRank></CSValue></CSItem><CSItem><CSItemCode>IT4031535</CSItemCode><CSItemName>ширина</CSItemName><CSItemRank>21</CSItemRank><CSItemIsFreeFormat>0</CSItemIsFreeFormat><CSValue><CSValueCode>VA4073844</CSValueCode><CSValueName>6,63</CSValueName><CSValueRank>10</CSValueRank></CSValue><UnitOfMeasure><UnitOfMeasureCode>3000039</UnitOfMeasureCode><UnitOfMeasureName>сантиметра</UnitOfMeasureName><UnitOfMeasureSymbol>см</UnitOfMeasureSymbol></UnitOfMeasure></CSItem></CSChapter><CSChapter><CSChapterCode>CH4006466</CSChapterCode><CSChapterName>Описание продукта</CSChapterName><CSChapterRank>6</CSChapterRank><CSItem><CSItemCode>IT4031517</CSItemCode><CSItemName>Применение</CSItemName><CSItemRank>3</CSItemRank><CSItemIsFreeFormat>0</CSItemIsFreeFormat><CSValue><CSValueCode>VA4071900</CSValueCode><CSValueName>Передний противотуманный свет</CSValueName><CSValueRank>5</CSValueRank></CSValue><CSValue><CSValueCode>VA4071901</CSValueCode><CSValueName>Передний указатель поворота</CSValueName><CSValueRank>14</CSValueRank></CSValue><CSValue><CSValueCode>VA4071898</CSValueCode><CSValueName>Дальний свет</CSValueName><CSValueRank>18</CSValueRank></CSValue><CSValue><CSValueCode>VA4071909</CSValueCode><CSValueName>Внутреннее освещение</CSValueName><CSValueRank>21</CSValueRank></CSValue><CSValue><CSValueCode>VA4071907</CSValueCode><CSValueName>Фонарь освещения номерного знака</CSValueName><CSValueRank>22</CSValueRank></CSValue><CSValue><CSValueCode>VA4071899</CSValueCode><CSValueName>Ближний свет</CSValueName><CSValueRank>23</CSValueRank></CSValue><CSValue><CSValueCode>VA4071906</CSValueCode><CSValueName>Задний противотуманный фонарь</CSValueName><CSValueRank>24</CSValueRank></CSValue><CSValue><CSValueCode>VA4071903</CSValueCode><CSValueName>Задний указатель поворота</CSValueName><CSValueRank>25</CSValueRank></CSValue><CSValue><CSValueCode>VA4071905</CSValueCode><CSValueName>Фонарь заднего хода</CSValueName><CSValueRank>28</CSValueRank></CSValue><CSValue><CSValueCode>VA4071902</CSValueCode><CSValueName>Боковой указатель поворота</CSValueName><CSValueRank>29</CSValueRank></CSValue><CSValue><CSValueCode>VA4071904</CSValueCode><CSValueName>Стоп-сигнал</CSValueName><CSValueRank>30</CSValueRank></CSValue></CSItem><CSItem><CSItemCode>IT4031521</CSItemCode><CSItemName>Соответствие нормам ECE</CSItemName><CSItemRank>10</CSItemRank><CSItemIsFreeFormat>0</CSItemIsFreeFormat><CSValue><CSValueCode>VA4072195</CSValueCode><CSValueName>ДА</CSValueName><CSValueRank>15</CSValueRank></CSValue></CSItem><CSItem><CSItemCode>IT4031500</CSItemCode><CSItemName>Технология</CSItemName><CSItemRank>16</CSItemRank><CSItemIsFreeFormat>0</CSItemIsFreeFormat><CSValue><CSValueCode>VA4071791</CSValueCode><CSValueName>Галогеновый</CSValueName><CSValueRank>13</CSValueRank></CSValue></CSItem><CSItem><CSItemCode>IT4031508</CSItemCode><CSItemName>Тип</CSItemName><CSItemRank>18</CSItemRank><CSItemIsFreeFormat>0</CSItemIsFreeFormat><CSValue><CSValueCode>VA4071813</CSValueCode><CSValueName>H1</CSValueName><CSValueRank>6</CSValueRank></CSValue><CSValue><CSValueCode>VA4071817</CSValueCode><CSValueName>H7</CSValueName><CSValueRank>26</CSValueRank></CSValue></CSItem><CSItem><CSItemCode>IT4031518</CSItemCode><CSItemName>Назначение</CSItemName><CSItemRank>20</CSItemRank><CSItemIsFreeFormat>0</CSItemIsFreeFormat><CSValue><CSValueCode>VA4072052</CSValueCode><CSValueName>Essential Box</CSValueName><CSValueRank>12</CSValueRank></CSValue></CSItem><CSItem><CSItemCode>IT4031519</CSItemCode><CSItemName>Модельный ряд</CSItemName><CSItemRank>22</CSItemRank><CSItemIsFreeFormat>0</CSItemIsFreeFormat><CSValue><CSValueCode>VA4078521</CSValueCode><CSValueName>Дополнительный комплект</CSValueName><CSValueRank>9</CSValueRank></CSValue></CSItem></CSChapter><Filters><Purpose type="Comparison"><Features><Feature code="F400064171" rank="1" referenceName="30% More light on the road-Essential Box"/><Feature code="F400064167" rank="2" referenceName="A robust construction"/><Feature code="F400064172" rank="3" referenceName="Easy storage in the car-Essential Kit"/><Feature code="F400064165" rank="4" referenceName="High quality homologated lamps"/><Feature code="F400064169" rank="5" referenceName="Maximised car range coverage"/></Features><CSItems><CSItem code="IT4031577" rank="1" referenceName="Информация об упаковке - Вес брутто одного изделия"/><CSItem code="IT4031573" rank="2" referenceName="Информация об упакованном продукте - Вес брутто одного изделия"/><CSItem code="IT4031517" rank="3" referenceName="Описание продукта - Применение"/><CSItem code="IT4031552" rank="4" referenceName="Электрические характеристики - напряжение"/><CSItem code="IT4031527" rank="5" referenceName="Информация для заказа - Код для заказа"/><CSItem code="IT4031576" rank="6" referenceName="Информация об упаковке - высота"/><CSItem code="IT4031571" rank="7" referenceName="Информация об упакованном продукте - высота"/><CSItem code="IT4031651" rank="9" referenceName="Информация об упакованном продукте - Длина"/><CSItem code="IT4031521" rank="10" referenceName="Описание продукта - Соответствие нормам ECE"/><CSItem code="IT4031574" rank="11" referenceName="Информация об упаковке - Длина"/><CSItem code="IT4000721" rank="12" referenceName="Информация об упаковке - Тип упаковки"/><CSItem code="IT4035590" rank="13" referenceName="Информация об упаковке - EAN1"/><CSItem code="IT4031575" rank="14" referenceName="Информация об упаковке - ширина"/><CSItem code="IT4031572" rank="15" referenceName="Информация об упакованном продукте - Вес нетто одного изделия"/><CSItem code="IT4031500" rank="16" referenceName="Описание продукта - Технология"/><CSItem code="IT4035591" rank="17" referenceName="Информация об упаковке - EAN3"/><CSItem code="IT4031508" rank="18" referenceName="Описание продукта - Тип"/><CSItem code="IT4031671" rank="19" referenceName="Информация об упакованном продукте - Количество ламп в упаковке/минимальный заказ"/><CSItem code="IT4031518" rank="20" referenceName="Описание продукта - Назначение"/><CSItem code="IT4031535" rank="21" referenceName="Информация об упакованном продукте - ширина"/><CSItem code="IT4031519" rank="22" referenceName="Описание продукта - Модельный ряд"/></CSItems></Purpose><Purpose type="Detail"><Features><Feature code="F400064171" rank="1" referenceName="30% More light on the road-Essential Box"/><Feature code="F400064167" rank="2" referenceName="A robust construction"/><Feature code="F400064172" rank="3" referenceName="Easy storage in the car-Essential Kit"/><Feature code="F400064165" rank="4" referenceName="High quality homologated lamps"/><Feature code="F400064169" rank="5" referenceName="Maximised car range coverage"/></Features><CSItems><CSItem code="IT4031577" rank="1" referenceName="Информация об упаковке - Вес брутто одного изделия"/><CSItem code="IT4031573" rank="2" referenceName="Информация об упакованном продукте - Вес брутто одного изделия"/><CSItem code="IT4031517" rank="3" referenceName="Описание продукта - Применение"/><CSItem code="IT4031552" rank="4" referenceName="Электрические характеристики - напряжение"/><CSItem code="IT4031527" rank="5" referenceName="Информация для заказа - Код для заказа"/><CSItem code="IT4031576" rank="6" referenceName="Информация об упаковке - высота"/><CSItem code="IT4031571" rank="7" referenceName="Информация об упакованном продукте - высота"/><CSItem code="IT4031651" rank="9" referenceName="Информация об упакованном продукте - Длина"/><CSItem code="IT4031521" rank="10" referenceName="Описание продукта - Соответствие нормам ECE"/><CSItem code="IT4031574" rank="11" referenceName="Информация об упаковке - Длина"/><CSItem code="IT4000721" rank="12" referenceName="Информация об упаковке - Тип упаковки"/><CSItem code="IT4035590" rank="13" referenceName="Информация об упаковке - EAN1"/><CSItem code="IT4031575" rank="14" referenceName="Информация об упаковке - ширина"/><CSItem code="IT4031572" rank="15" referenceName="Информация об упакованном продукте - Вес нетто одного изделия"/><CSItem code="IT4031500" rank="16" referenceName="Описание продукта - Технология"/><CSItem code="IT4035591" rank="17" referenceName="Информация об упаковке - EAN3"/><CSItem code="IT4031508" rank="18" referenceName="Описание продукта - Тип"/><CSItem code="IT4031671" rank="19" referenceName="Информация об упакованном продукте - Количество ламп в упаковке/минимальный заказ"/><CSItem code="IT4031518" rank="20" referenceName="Описание продукта - Назначение"/><CSItem code="IT4031535" rank="21" referenceName="Информация об упакованном продукте - ширина"/><CSItem code="IT4031519" rank="22" referenceName="Описание продукта - Модельный ряд"/></CSItems></Purpose></Filters><FeatureCompareGroups/><Disclaimers/><RichTexts/></Product></Products>