<?xml version="1.0" encoding="UTF-8"?><Products xmlns:source="http://apache.org/cocoon/source/1.0" DocStatus="approved" DocTimeStamp="2018-10-27T23:59:01"><Product Country="RU" IsAccessory="false" IsMaster="false" Locale="ru_RU" lastModified="2018-10-25T04:58:36" masterLastModified="2017-11-02T00:40:15"><CTN>49PFT5301/12</CTN><Code12NC>867000139143</Code12NC><GTIN>8718863010075</GTIN><MarketingVersion>11.2.1</MarketingVersion><MarketingStatus>Final Published</MarketingStatus><CRDate>2016-09-16</CRDate><CRDateYW>201638</CRDateYW><ModelYears><ModelYear>2016</ModelYear><ModelYear>2017</ModelYear></ModelYears><ProductDivision><ProductDivisionCode>0200</ProductDivisionCode><ProductDivisionName>Consumer Lifestyle</ProductDivisionName><FormerPDCode>3400</FormerPDCode></ProductDivision><ProductOwner>Lisa YH Lee</ProductOwner><DTN>49PFT5301/12</DTN><Catalog><StartOfPublication>2016-10-16T00:00:00</StartOfPublication><EndOfPublication>2019-01-16T00:00:00</EndOfPublication><StartOfSales>2016-10-16T00:00:00</StartOfSales><EndOfSales>2019-01-16T00:00:00</EndOfSales><DummyPrice/><Deleted>false</Deleted><DeleteAfterDate/><ProductRank>50</ProductRank></Catalog><FinancialCategorization><BusinessGroupCode>6918</BusinessGroupCode><BusinessGroupName>TV</BusinessGroupName><BusinessUnitCode>0680</BusinessUnitCode><BusinessUnitName>TV</BusinessUnitName><MainArticleGroupCode>C55</MainArticleGroupCode><MainArticleGroupName>Philips LCD - L Screen &gt;=45 =&lt;49i</MainArticleGroupName><ArticleGroupCode>7514</ArticleGroupCode><ArticleGroupName>Philips LCD - L Screen &gt;=45 =&lt;49i</ArticleGroupName></FinancialCategorization><Categorization type="CONSUMER"><GroupCode>SOUND_AND_VISION_GR</GroupCode><GroupName>Sound &amp; vision</GroupName><CategoryCode>TV_CA</CategoryCode><CategoryName>TV</CategoryName><SubcategoryCode>SMART_TV_SU</SubcategoryCode><SubcategoryName>Smart TV</SubcategoryName></Categorization><Assets><Asset code="49PFT5301_12" description="Single product shot" extension="" lastModified="2018-10-25" locale="ru_RU" number="" type="IMS">http://images.philips.com/is/image/PhilipsConsumer/49PFT5301_12-IMS-ru_RU</Asset><Asset code="49PFT5301_12" description="Product gallery image set" extension="" lastModified="2018-10-25" locale="ru_RU" number="" type="GAL">http://images.philips.com/is/image/PhilipsConsumer/49PFT5301_12-GAL-ru_RU</Asset><Asset code="49PFT5301_12" description="Product URL" extension="" lastModified="2018-10-25" locale="ru_RU" number="" type="URL">http://www.philips.ru/c-p/49PFT5301_12/5300-series-full-hd-ultra-slim-led-tv-with-pixel-plus-hd</Asset></Assets><ProductName>Ультратонкий светодиодный Full HD LED TV 123 см (49")</ProductName><FullProductName>Philips 5300 series Сверхтонкий светодиодный Full HD LED-телевизор 49PFT5301 Full HD LED TV 123 см (49") с DVB-T/T2/C с технологией Pixel Plus HD</FullProductName><NamingString><MasterBrand><BrandCode>PHI</BrandCode><BrandName>Philips</BrandName></MasterBrand><BrandString>Philips</BrandString><Concept><ConceptCode>SB40004505</ConceptCode><ConceptName>5300 series</ConceptName><ConceptNameUsed>1</ConceptNameUsed></Concept><Descriptor><DescriptorCode>D4018624</DescriptorCode><DescriptorName>Сверхтонкий светодиодный Full HD LED-телевизор</DescriptorName></Descriptor><Alphanumeric>49PFT5301</Alphanumeric><VersionElement1><VersionElementCode>V4035265</VersionElementCode><VersionElementName>123 см (49")</VersionElementName></VersionElement1><VersionElement2><VersionElementCode>V4032884</VersionElementCode><VersionElementName>Full HD LED TV</VersionElementName></VersionElement2><VersionElement3><VersionElementCode>V4027984</VersionElementCode><VersionElementName>DVB-T/T2/C</VersionElementName></VersionElement3><VersionString>Full HD LED TV 123 см (49") с DVB-T/T2/C</VersionString><BrandedFeatureCode1>F400076580</BrandedFeatureCode1><BrandedFeatureString>с технологией Pixel Plus HD</BrandedFeatureString><DescriptorBrandedFeatureString>Ультратонкий светодиодный Full HD LED TV с Pixel Plus HD</DescriptorBrandedFeatureString></NamingString><WOW>Сверхтонкий светодиодный Full HD LED-телевизор</WOW><SubWOW>с технологией Pixel Plus HD</SubWOW><MarketingTextHeader>Модель Philips 5300 с функцией Smart TV позволяет открывать любимые приложения и другой контент на большом экране с разрешением Full HD. Смотрите популярные фильмы, спортивные передачи в прямом эфире или играйте в многопользовательские игры — для этого потребуется всего лишь несколько нажатий.</MarketingTextHeader><KeyBenefitArea><KeyBenefitAreaCode>K4030256</KeyBenefitAreaCode><KeyBenefitAreaName>Всегда чистое и естественное изображение</KeyBenefitAreaName><KeyBenefitAreaRank>1</KeyBenefitAreaRank><Feature><FeatureCode>F400076580</FeatureCode><FeatureReferenceName>Pixel Plus HD (2016)</FeatureReferenceName><FeatureName>Pixel Plus HD</FeatureName><FeatureLongDescription>Pixel Plus HD для превосходного изображения, которое не оставит вас равнодушными</FeatureLongDescription><FeatureGlossary>Процессор Philips Pixel Plus HD оптимизирует качество изображения и обеспечивает кристальную четкость и великолепную контрастность. При потоковой передаче или просмотре дисков вы всегда будете наслаждаться четким изображением с яркими оттенками белого и глубокими оттенками черного.</FeatureGlossary><FeatureRank>1</FeatureRank><FeatureTopRank>1</FeatureTopRank></Feature><Feature><FeatureCode>F400076573</FeatureCode><FeatureReferenceName>Picture Performance Index (2016)</FeatureReferenceName><FeatureName>Picture Performance Index</FeatureName><FeatureLongDescription>Picture Performance Index улучшает каждый аспект изображения</FeatureLongDescription><FeatureGlossary>Picture Performance Index сочетает в себе технологию Philips для дисплеев и усовершенствованные техники обработки для улучшения качества каждого аспекта изображения: четкости, динамичных сцен, контрастности и цветопередачи. Независимо от источника вы сможете наслаждаться четким изображением с потрясающей детализацией, глубокими оттенками черного и яркими оттенками белого, а также насыщенными цветами и естественной цветопередачей.</FeatureGlossary><FeatureRank>2</FeatureRank><FeatureTopRank>2</FeatureTopRank></Feature><Feature><FeatureCode>F400070645</FeatureCode><FeatureReferenceName>Micro Dimming (2015)</FeatureReferenceName><FeatureName>Технология Micro Dimming</FeatureName><FeatureLongDescription>Технология Micro Dimming оптимизирует контрастность изображения на экране телевизора</FeatureLongDescription><FeatureGlossary>Благодаря нашему специализированному ПО, которое анализирует 6400 областей изображения и адаптирует его к текущим условиям, вы сможете насладиться высококонтрастным, качественным и невероятно реалистичным изображением.</FeatureGlossary><FeatureRank>3</FeatureRank><FeatureTopRank>3</FeatureTopRank></Feature><Feature><FeatureCode>F400063331</FeatureCode><FeatureReferenceName>Full HD LED TV (2014)</FeatureReferenceName><FeatureName>Full HD LED TV</FeatureName><FeatureLongDescription>Full HD LED TV — высокая контрастность и великолепное изображение на базе светодиодов</FeatureLongDescription><FeatureGlossary>Качество изображения играет важную роль. Обычные модели HD-телевизоров обладают определенными возможностями, но мы ожидаем большего. Представьте четкую детализацию в сочетании с высокой яркостью, удивительной контрастностью и реалистичной цветопередачей для естественного изображения, которое словно оживает на глазах.</FeatureGlossary><FeatureRank>4</FeatureRank><FeatureTopRank>4</FeatureTopRank></Feature><Feature><FeatureCode>F400078572</FeatureCode><FeatureReferenceName>HEVC support for FHD broadcast (2016)</FeatureReferenceName><FeatureName>Поддержка HEVC для передачи контента FHD</FeatureName><FeatureLongDescription>Новый встроенный стандарт HEVC для просмотра высококачественного контента FHD</FeatureLongDescription><FeatureGlossary>Новый встроенный стандарт HEVC позволяет просматривать изображение в высоком качестве с разрешением FHD.</FeatureGlossary><FeatureRank>5</FeatureRank><FeatureTopRank>10</FeatureTopRank></Feature></KeyBenefitArea><KeyBenefitArea><KeyBenefitAreaCode>K4030247</KeyBenefitAreaCode><KeyBenefitAreaName>Безупречное качество исполнения</KeyBenefitAreaName><KeyBenefitAreaRank>2</KeyBenefitAreaRank><Feature><FeatureCode>F400070695</FeatureCode><FeatureReferenceName>Ultra narrow bezel (2015)</FeatureReferenceName><FeatureName>Ультратонкая рамка</FeatureName><FeatureLongDescription>Ультратонкая рамка не ограничивает изображение</FeatureLongDescription><FeatureGlossary>Мы привыкли, что экран телевизора, словно картину, обрамляет широкая рамка. Наша ультратонкая рамка выглядит современно и стильно, и при этом не ограничивает изображение.</FeatureGlossary><FeatureRank>1</FeatureRank><FeatureTopRank>5</FeatureTopRank></Feature><Feature><FeatureCode>F400070688</FeatureCode><FeatureReferenceName>Central stand (2015)</FeatureReferenceName><FeatureName>Центральная подставка</FeatureName><FeatureLongDescription>Центральная подставка с металлической и хромированной отделкой</FeatureLongDescription><FeatureGlossary>Команда наших дизайнеров разработала уникальную концепцию: подставка с ультратонкой ножкой и наклонной панелью из материалов с матовой и полированной текстурой станет ярким элементом в любом интерьере.</FeatureGlossary><FeatureRank>2</FeatureRank><FeatureTopRank>6</FeatureTopRank></Feature></KeyBenefitArea><KeyBenefitArea><KeyBenefitAreaCode>K4032203</KeyBenefitAreaCode><KeyBenefitAreaName>Расширьте границы возможного с телевизором Smart TV</KeyBenefitAreaName><KeyBenefitAreaRank>3</KeyBenefitAreaRank><Feature><FeatureCode>F400063365</FeatureCode><FeatureReferenceName>Smart TV generic no apps (2014)</FeatureReferenceName><FeatureName>Smart TV</FeatureName><FeatureLongDescription>Smart TV: исследуйте для себя совершенно новый мир</FeatureLongDescription><FeatureGlossary>Откройте для себя интеллектуальные возможности этого телевизора. Настраивайте потоковую передачу фильмов, видео или игр, приобретая их в онлайн-магазинах. Просматривайте прошедшие передачи с любимых телеканалов и наслаждайтесь широким выбором интернет-приложений в Smart TV.</FeatureGlossary><FeatureRank>1</FeatureRank><FeatureTopRank>7</FeatureTopRank></Feature></KeyBenefitArea><KeyBenefitArea><KeyBenefitAreaCode>K4022561</KeyBenefitAreaCode><KeyBenefitAreaName>Насладитесь комфортным просмотром</KeyBenefitAreaName><KeyBenefitAreaRank>4</KeyBenefitAreaRank><Feature><FeatureCode>F400063306</FeatureCode><FeatureReferenceName>Two HDMI inputs with Easylink (2014)</FeatureReferenceName><FeatureName>Два входа HDMI с функцией EasyLink</FeatureName><FeatureLongDescription>Два входа HDMI с EasyLink для удобства подключения</FeatureLongDescription><FeatureGlossary>Использование одного кабеля HDMI, передающего как видео-, так и аудиосигнал с устройства на телевизор, решает проблему спутанных проводов. HDMI передает несжатые сигналы, обеспечивая самое высокое качество изображения, передаваемого на экран с источника. Благодаря Philips EasyLink вам потребуется лишь один пульт ДУ для выполнения большинства операций: управление телевизором, DVD, Blu-Ray, телеприставкой или домашним кинотеатром.</FeatureGlossary><FeatureRank>1</FeatureRank><FeatureTopRank>8</FeatureTopRank></Feature><Feature><FeatureCode>F400063309</FeatureCode><FeatureReferenceName>USB (photos, music, video) (2014)</FeatureReferenceName><FeatureName>USB (фото, музыка, видео)</FeatureName><FeatureLongDescription>USB для воспроизведения мультимедийного контента</FeatureLongDescription><FeatureGlossary>Делитесь впечатлениями. Подключите USB-накопитель, цифровую камеру, MP3-плеер или другое мультимедийное устройство через USB-вход телевизора и смотрите фотографии, видео или слушайте музыку, используя удобный экранный обозреватель.</FeatureGlossary><FeatureRank>2</FeatureRank><FeatureTopRank>9</FeatureTopRank></Feature></KeyBenefitArea><FeatureLogo><FeatureCode>F400076580</FeatureCode><FeatureReferenceName>Pixel Plus HD (2016)</FeatureReferenceName><FeatureLogoRank>1</FeatureLogoRank></FeatureLogo><FeatureLogo><FeatureCode>F400078572</FeatureCode><FeatureReferenceName>HEVC support for FHD broadcast (2016)</FeatureReferenceName><FeatureLogoRank>4</FeatureLogoRank></FeatureLogo><FeatureLogo><FeatureCode>F400070645</FeatureCode><FeatureReferenceName>Micro Dimming (2015)</FeatureReferenceName><FeatureLogoRank>5</FeatureLogoRank></FeatureLogo><FeatureLogo><FeatureCode>F400063306</FeatureCode><FeatureReferenceName>Two HDMI inputs with Easylink (2014)</FeatureReferenceName><FeatureLogoRank>6</FeatureLogoRank></FeatureLogo><FeatureLogo><FeatureCode>F400063309</FeatureCode><FeatureReferenceName>USB (photos, music, video) (2014)</FeatureReferenceName><FeatureLogoRank>7</FeatureLogoRank></FeatureLogo><FeatureLogo><FeatureCode>F400076633</FeatureCode><FeatureReferenceName>500 PPI (2016)</FeatureReferenceName><FeatureLogoRank>8</FeatureLogoRank></FeatureLogo><FeatureLogo><FeatureCode>F400072862</FeatureCode><FeatureReferenceName>Energy Class A++ (Lanjun)</FeatureReferenceName><FeatureLogoRank>9</FeatureLogoRank></FeatureLogo><FeatureImage><FeatureCode>F400070695</FeatureCode><FeatureReferenceName>Ultra narrow bezel (2015)</FeatureReferenceName><FeatureImageRank>5</FeatureImageRank></FeatureImage><FeatureHighlight><FeatureCode>F400076580</FeatureCode><FeatureReferenceName>Pixel Plus HD (2016)</FeatureReferenceName><FeatureHighlightRank>1</FeatureHighlightRank></FeatureHighlight><FeatureHighlight><FeatureCode>F400076573</FeatureCode><FeatureReferenceName>Picture Performance Index (2016)</FeatureReferenceName><FeatureHighlightRank>2</FeatureHighlightRank></FeatureHighlight><FeatureHighlight><FeatureCode>F400070645</FeatureCode><FeatureReferenceName>Micro Dimming (2015)</FeatureReferenceName><FeatureHighlightRank>3</FeatureHighlightRank></FeatureHighlight><FeatureHighlight><FeatureCode>F400063331</FeatureCode><FeatureReferenceName>Full HD LED TV (2014)</FeatureReferenceName><FeatureHighlightRank>4</FeatureHighlightRank></FeatureHighlight><FeatureHighlight><FeatureCode>F400070695</FeatureCode><FeatureReferenceName>Ultra narrow bezel (2015)</FeatureReferenceName><FeatureHighlightRank>5</FeatureHighlightRank></FeatureHighlight><FeatureHighlight><FeatureCode>F400063365</FeatureCode><FeatureReferenceName>Smart TV generic no apps (2014)</FeatureReferenceName><FeatureHighlightRank>7</FeatureHighlightRank></FeatureHighlight><FeatureHighlight><FeatureCode>F400063306</FeatureCode><FeatureReferenceName>Two HDMI inputs with Easylink (2014)</FeatureReferenceName><FeatureHighlightRank>8</FeatureHighlightRank></FeatureHighlight><FeatureHighlight><FeatureCode>F400063309</FeatureCode><FeatureReferenceName>USB (photos, music, video) (2014)</FeatureReferenceName><FeatureHighlightRank>9</FeatureHighlightRank></FeatureHighlight><FeatureHighlight><FeatureCode>F400078572</FeatureCode><FeatureReferenceName>HEVC support for FHD broadcast (2016)</FeatureReferenceName><FeatureHighlightRank>10</FeatureHighlightRank></FeatureHighlight><CSChapter><CSChapterCode>3000796</CSChapterCode><CSChapterName>Изображение/дисплей</CSChapterName><CSChapterRank>1</CSChapterRank><CSItem><CSItemCode>IT4009349</CSItemCode><CSItemName>Дисплей</CSItemName><CSItemRank>1</CSItemRank><CSItemIsFreeFormat>0</CSItemIsFreeFormat><CSValue><CSValueCode>VA4026243</CSValueCode><CSValueName>LED Full HD</CSValueName><CSValueRank>1</CSValueRank></CSValue></CSItem><CSItem><CSItemCode>3006140</CSItemCode><CSItemName>Размер экрана по диагонали (метрич.)</CSItemName><CSItemRank>2</CSItemRank><CSItemIsFreeFormat>1</CSItemIsFreeFormat><CSValue><CSValueCode>3031123</CSValueCode><CSValueName>123</CSValueName><CSValueRank>1</CSValueRank></CSValue><UnitOfMeasure><UnitOfMeasureCode>3000039</UnitOfMeasureCode><UnitOfMeasureName>сантиметра</UnitOfMeasureName><UnitOfMeasureSymbol>см</UnitOfMeasureSymbol></UnitOfMeasure></CSItem><CSItem><CSItemCode>3006139</CSItemCode><CSItemName>Размер экрана по диагонали (в дюймах)</CSItemName><CSItemRank>3</CSItemRank><CSItemIsFreeFormat>1</CSItemIsFreeFormat><CSValue><CSValueCode>3031122</CSValueCode><CSValueName>49</CSValueName><CSValueRank>1</CSValueRank></CSValue><UnitOfMeasure><UnitOfMeasureCode>3000047</UnitOfMeasureCode><UnitOfMeasureName>(дюймы)</UnitOfMeasureName><UnitOfMeasureSymbol>(дюймы)</UnitOfMeasureSymbol></UnitOfMeasure></CSItem><CSItem><CSItemCode>3006177</CSItemCode><CSItemName>Разрешение панели</CSItemName><CSItemRank>4</CSItemRank><CSItemIsFreeFormat>0</CSItemIsFreeFormat><CSValue><CSValueCode>3042789</CSValueCode><CSValueName>1920 x 1080р</CSValueName><CSValueRank>1</CSValueRank></CSValue></CSItem><CSItem><CSItemCode>3006121</CSItemCode><CSItemName>Формат изображения</CSItemName><CSItemRank>5</CSItemRank><CSItemIsFreeFormat>0</CSItemIsFreeFormat><CSValue><CSValueCode>VA4077789</CSValueCode><CSValueName>4:3/16:9</CSValueName><CSValueRank>1</CSValueRank></CSValue></CSItem><CSItem><CSItemCode>3006127</CSItemCode><CSItemName>Яркость</CSItemName><CSItemRank>6</CSItemRank><CSItemIsFreeFormat>1</CSItemIsFreeFormat><CSValue><CSValueCode>3031110</CSValueCode><CSValueName>280</CSValueName><CSValueRank>1</CSValueRank></CSValue><UnitOfMeasure><UnitOfMeasureCode>3000038</UnitOfMeasureCode><UnitOfMeasureName>кандел на квадратный метр</UnitOfMeasureName><UnitOfMeasureSymbol>кд/м²</UnitOfMeasureSymbol></UnitOfMeasure></CSItem><CSItem><CSItemCode>3006183</CSItemCode><CSItemName>Улучшение изображения</CSItemName><CSItemRank>7</CSItemRank><CSItemIsFreeFormat>0</CSItemIsFreeFormat><CSValue><CSValueCode>VA4002941</CSValueCode><CSValueName>Pixel Plus HD</CSValueName><CSValueRank>1</CSValueRank></CSValue></CSItem></CSChapter><CSChapter><CSChapterCode>3000799</CSChapterCode><CSChapterName>Звук</CSChapterName><CSChapterRank>3</CSChapterRank><CSItem><CSItemCode>3006270</CSItemCode><CSItemName>Выходная мощность (среднеквадр.)</CSItemName><CSItemRank>1</CSItemRank><CSItemIsFreeFormat>1</CSItemIsFreeFormat><CSValue><CSValueCode>3031400</CSValueCode><CSValueName>16 Вт</CSValueName><CSValueRank>1</CSValueRank></CSValue></CSItem><CSItem><CSItemCode>3006277</CSItemCode><CSItemName>Улучшение звука</CSItemName><CSItemRank>2</CSItemRank><CSItemIsFreeFormat>0</CSItemIsFreeFormat><CSValue><CSValueCode>3031432</CSValueCode><CSValueName>Incredible Surround</CSValueName><CSValueRank>1</CSValueRank></CSValue><CSValue><CSValueCode>VA4021459</CSValueCode><CSValueName>Clear Sound</CSValueName><CSValueRank>2</CSValueRank></CSValue><CSValue><CSValueCode>3031412</CSValueCode><CSValueName>Авторегулировка громкости</CSValueName><CSValueRank>3</CSValueRank></CSValue><CSValue><CSValueCode>VA4080232</CSValueCode><CSValueName>Регулировка НЧ</CSValueName><CSValueRank>4</CSValueRank></CSValue><CSValue><CSValueCode>3031442</CSValueCode><CSValueName>Функция Smart Sound</CSValueName><CSValueRank>5</CSValueRank></CSValue></CSItem></CSChapter><CSChapter><CSChapterCode>3000813</CSChapterCode><CSChapterName>Подключения</CSChapterName><CSChapterRank>4</CSChapterRank><CSItem><CSItemCode>IT4006781</CSItemCode><CSItemName>Количество разъемов HDMI</CSItemName><CSItemRank>1</CSItemRank><CSItemIsFreeFormat>0</CSItemIsFreeFormat><CSValue><CSValueCode>VA4018286</CSValueCode><CSValueName>2</CSValueName><CSValueRank>1</CSValueRank></CSValue></CSItem><CSItem><CSItemCode>IT4015984</CSItemCode><CSItemName>Количество разъемов USB</CSItemName><CSItemRank>2</CSItemRank><CSItemIsFreeFormat>0</CSItemIsFreeFormat><CSValue><CSValueCode>VA4032422</CSValueCode><CSValueName>2</CSValueName><CSValueRank>1</CSValueRank></CSValue></CSItem><CSItem><CSItemCode>3006573</CSItemCode><CSItemName>Другие подключения</CSItemName><CSItemRank>3</CSItemRank><CSItemIsFreeFormat>0</CSItemIsFreeFormat><CSValue><CSValueCode>3032285</CSValueCode><CSValueName>Антенна, IEC75</CSValueName><CSValueRank>1</CSValueRank></CSValue><CSValue><CSValueCode>VA4019747</CSValueCode><CSValueName>Общий интерфейс CI+</CSValueName><CSValueRank>2</CSValueRank></CSValue><CSValue><CSValueCode>VA4032430</CSValueCode><CSValueName>Цифровой выход аудиосигнала (оптический)</CSValueName><CSValueRank>3</CSValueRank></CSValue><CSValue><CSValueCode>VA4022502</CSValueCode><CSValueName>Ethernet-LAN RJ-45</CSValueName><CSValueRank>4</CSValueRank></CSValue><CSValue><CSValueCode>VA4001121</CSValueCode><CSValueName>Выход для наушников</CSValueName><CSValueRank>5</CSValueRank></CSValue><CSValue><CSValueCode>3035133</CSValueCode><CSValueName>Разъем для сервисного обслуживания</CSValueName><CSValueRank>6</CSValueRank></CSValue></CSItem><CSItem><CSItemCode>IT4001802</CSItemCode><CSItemName>EasyLink (HDMI-CEC)</CSItemName><CSItemRank>4</CSItemRank><CSItemIsFreeFormat>0</CSItemIsFreeFormat><CSValue><CSValueCode>VA4006305</CSValueCode><CSValueName>Прямое управление с помощью пульта ДУ</CSValueName><CSValueRank>1</CSValueRank></CSValue><CSValue><CSValueCode>VA4006303</CSValueCode><CSValueName>Управление аудиопараметрами системы</CSValueName><CSValueRank>2</CSValueRank></CSValue><CSValue><CSValueCode>VA4004662</CSValueCode><CSValueName>Режим ожидания системы</CSValueName><CSValueRank>3</CSValueRank></CSValue><CSValue><CSValueCode>VA4004661</CSValueCode><CSValueName>Запуск воспроизведения одним нажатием</CSValueName><CSValueRank>4</CSValueRank></CSValue></CSItem><CSItem><CSItemCode>3006591</CSItemCode><CSItemName>Беспроводное соединение</CSItemName><CSItemRank>5</CSItemRank><CSItemIsFreeFormat>0</CSItemIsFreeFormat><CSValue><CSValueCode>VA4078095</CSValueCode><CSValueName>Двухдиапазонный</CSValueName><CSValueRank>1</CSValueRank></CSValue><CSValue><CSValueCode>VA4079025</CSValueCode><CSValueName>Встроенный модуль Wi-Fi 11n 2x2</CSValueName><CSValueRank>2</CSValueRank></CSValue></CSItem></CSChapter><CSChapter><CSChapterCode>3000811</CSChapterCode><CSChapterName>Мультимедийные приложения</CSChapterName><CSChapterRank>5</CSChapterRank><CSItem><CSItemCode>IT4008764</CSItemCode><CSItemName>Форматы воспроизведения видео</CSItemName><CSItemRank>1</CSItemRank><CSItemIsFreeFormat>0</CSItemIsFreeFormat><CSValue><CSValueCode>VA4021454</CSValueCode><CSValueName>Контейнеры: AVI, MKV</CSValueName><CSValueRank>1</CSValueRank></CSValue><CSValue><CSValueCode>VA4021455</CSValueCode><CSValueName>H264/MPEG-4 AVC</CSValueName><CSValueRank>2</CSValueRank></CSValue><CSValue><CSValueCode>VA4021451</CSValueCode><CSValueName>MPEG-1</CSValueName><CSValueRank>3</CSValueRank></CSValue><CSValue><CSValueCode>VA4021452</CSValueCode><CSValueName>MPEG-2</CSValueName><CSValueRank>4</CSValueRank></CSValue><CSValue><CSValueCode>VA4021453</CSValueCode><CSValueName>MPEG-4</CSValueName><CSValueRank>5</CSValueRank></CSValue><CSValue><CSValueCode>VA4021456</CSValueCode><CSValueName>WMV9/VC1</CSValueName><CSValueRank>6</CSValueRank></CSValue><CSValue><CSValueCode>VA4091744</CSValueCode><CSValueName>VP9</CSValueName><CSValueRank>7</CSValueRank></CSValue><CSValue><CSValueCode>VA4098821</CSValueCode><CSValueName>HEVC (H.265)</CSValueName><CSValueRank>8</CSValueRank></CSValue></CSItem><CSItem><CSItemCode>IT4033451</CSItemCode><CSItemName>Поддерживаемый формат субтитров</CSItemName><CSItemRank>2</CSItemRank><CSItemIsFreeFormat>0</CSItemIsFreeFormat><CSValue><CSValueCode>VA4077784</CSValueCode><CSValueName>.SMI</CSValueName><CSValueRank>1</CSValueRank></CSValue><CSValue><CSValueCode>VA4077783</CSValueCode><CSValueName>.SRT</CSValueName><CSValueRank>2</CSValueRank></CSValue><CSValue><CSValueCode>VA4077785</CSValueCode><CSValueName>.SSA</CSValueName><CSValueRank>3</CSValueRank></CSValue><CSValue><CSValueCode>VA4077786</CSValueCode><CSValueName>.SUB</CSValueName><CSValueRank>4</CSValueRank></CSValue><CSValue><CSValueCode>VA4077788</CSValueCode><CSValueName>.TXT</CSValueName><CSValueRank>5</CSValueRank></CSValue><CSValue><CSValueCode>VA4086482</CSValueCode><CSValueName>.ASS</CSValueName><CSValueRank>6</CSValueRank></CSValue></CSItem><CSItem><CSItemCode>IT4008762</CSItemCode><CSItemName>Форматы воспроизведения музыки</CSItemName><CSItemRank>3</CSItemRank><CSItemIsFreeFormat>0</CSItemIsFreeFormat><CSValue><CSValueCode>VA4021478</CSValueCode><CSValueName>AAC</CSValueName><CSValueRank>1</CSValueRank></CSValue><CSValue><CSValueCode>VA4021448</CSValueCode><CSValueName>MP3</CSValueName><CSValueRank>2</CSValueRank></CSValue><CSValue><CSValueCode>VA4086481</CSValueCode><CSValueName>WAV</CSValueName><CSValueRank>3</CSValueRank></CSValue><CSValue><CSValueCode>VA4021450</CSValueCode><CSValueName>WMA версии 2 до версии 9.2</CSValueName><CSValueRank>4</CSValueRank></CSValue></CSItem><CSItem><CSItemCode>IT4008763</CSItemCode><CSItemName>Форматы воспроизведения изображений</CSItemName><CSItemRank>4</CSItemRank><CSItemIsFreeFormat>0</CSItemIsFreeFormat><CSValue><CSValueCode>VA4021449</CSValueCode><CSValueName>JPEG</CSValueName><CSValueRank>1</CSValueRank></CSValue><CSValue><CSValueCode>VA4065613</CSValueCode><CSValueName>BMP</CSValueName><CSValueRank>2</CSValueRank></CSValue><CSValue><CSValueCode>VA4065611</CSValueCode><CSValueName>GIF</CSValueName><CSValueRank>3</CSValueRank></CSValue><CSValue><CSValueCode>VA4065612</CSValueCode><CSValueName>PNG</CSValueName><CSValueRank>4</CSValueRank></CSValue></CSItem></CSChapter><CSChapter><CSChapterCode>3000797</CSChapterCode><CSChapterName>Поддерживаемое разрешение дисплея</CSChapterName><CSChapterRank>6</CSChapterRank><CSItem><CSItemCode>IT4009352</CSItemCode><CSItemName>Компьютерные входы</CSItemName><CSItemRank>1</CSItemRank><CSItemIsFreeFormat>0</CSItemIsFreeFormat><CSValue><CSValueCode>VA4022503</CSValueCode><CSValueName>до 1920x1080 при 60 Гц</CSValueName><CSValueRank>1</CSValueRank></CSValue></CSItem><CSItem><CSItemCode>IT4009351</CSItemCode><CSItemName>Видеовходы</CSItemName><CSItemRank>2</CSItemRank><CSItemIsFreeFormat>0</CSItemIsFreeFormat><CSValue><CSValueCode>VA4022494</CSValueCode><CSValueName>24, 25, 30, 50, 60 Гц</CSValueName><CSValueRank>1</CSValueRank></CSValue><CSValue><CSValueCode>VA4022493</CSValueCode><CSValueName>до 1920x1080p</CSValueName><CSValueRank>2</CSValueRank></CSValue></CSItem></CSChapter><CSChapter><CSChapterCode>3000812</CSChapterCode><CSChapterName>Тюнер/прием/передача</CSChapterName><CSChapterRank>7</CSChapterRank><CSItem><CSItemCode>IT4041210</CSItemCode><CSItemName>Поддержка HEVC</CSItemName><CSItemRank>1</CSItemRank><CSItemIsFreeFormat>0</CSItemIsFreeFormat><CSValue><CSValueCode>VA4095925</CSValueCode><CSValueName>Да</CSValueName><CSValueRank>1</CSValueRank></CSValue></CSItem><CSItem><CSItemCode>3007491</CSItemCode><CSItemName>Цифровое ТВ</CSItemName><CSItemRank>2</CSItemRank><CSItemIsFreeFormat>0</CSItemIsFreeFormat><CSValue><CSValueCode>VA4067048</CSValueCode><CSValueName>DVB-T/T2/C</CSValueName><CSValueRank>1</CSValueRank></CSValue></CSItem><CSItem><CSItemCode>IT4028192</CSItemCode><CSItemName>Поддержка MPEG</CSItemName><CSItemRank>3</CSItemRank><CSItemIsFreeFormat>0</CSItemIsFreeFormat><CSValue><CSValueCode>VA4065926</CSValueCode><CSValueName>MPEG2</CSValueName><CSValueRank>1</CSValueRank></CSValue><CSValue><CSValueCode>VA4065927</CSValueCode><CSValueName>MPEG4</CSValueName><CSValueRank>2</CSValueRank></CSValue></CSItem><CSItem><CSItemCode>3006515</CSItemCode><CSItemName>Воспроизведение видео</CSItemName><CSItemRank>4</CSItemRank><CSItemIsFreeFormat>0</CSItemIsFreeFormat><CSValue><CSValueCode>3032144</CSValueCode><CSValueName>NTSC</CSValueName><CSValueRank>1</CSValueRank></CSValue><CSValue><CSValueCode>3032145</CSValueCode><CSValueName>PAL</CSValueName><CSValueRank>2</CSValueRank></CSValue><CSValue><CSValueCode>3032146</CSValueCode><CSValueName>SECAM</CSValueName><CSValueRank>3</CSValueRank></CSValue></CSItem></CSChapter><CSChapter><CSChapterCode>3000821</CSChapterCode><CSChapterName>Питание</CSChapterName><CSChapterRank>8</CSChapterRank><CSItem><CSItemCode>3007003</CSItemCode><CSItemName>Электропитание</CSItemName><CSItemRank>1</CSItemRank><CSItemIsFreeFormat>1</CSItemIsFreeFormat><CSValue><CSValueCode>3033675</CSValueCode><CSValueName>220-240 В переменного тока, 50/60 Гц</CSValueName><CSValueRank>1</CSValueRank></CSValue></CSItem><CSItem><CSItemCode>4000081</CSItemCode><CSItemName>Температура окружающей среды</CSItemName><CSItemRank>2</CSItemRank><CSItemIsFreeFormat>0</CSItemIsFreeFormat><CSValue><CSValueCode>VA4002861</CSValueCode><CSValueName>5–35 °C</CSValueName><CSValueRank>1</CSValueRank></CSValue></CSItem><CSItem><CSItemCode>IT4016791</CSItemCode><CSItemName>Маркировка энергоэффективности ЕС</CSItemName><CSItemRank>3</CSItemRank><CSItemIsFreeFormat>1</CSItemIsFreeFormat><CSValue><CSValueCode>VA4033965</CSValueCode><CSValueName>37</CSValueName><CSValueRank>1</CSValueRank></CSValue><UnitOfMeasure><UnitOfMeasureCode>3000072</UnitOfMeasureCode><UnitOfMeasureName>(ватт)</UnitOfMeasureName><UnitOfMeasureSymbol>Вт</UnitOfMeasureSymbol></UnitOfMeasure></CSItem><CSItem><CSItemCode>IT4013218</CSItemCode><CSItemName>Потребление электроэнергии в год</CSItemName><CSItemRank>4</CSItemRank><CSItemIsFreeFormat>1</CSItemIsFreeFormat><CSValue><CSValueCode>VA4025546</CSValueCode><CSValueName>54</CSValueName><CSValueRank>1</CSValueRank></CSValue><UnitOfMeasure><UnitOfMeasureCode>4000161</UnitOfMeasureCode><UnitOfMeasureName>(киловатт в час)</UnitOfMeasureName><UnitOfMeasureSymbol>кВт/ч</UnitOfMeasureSymbol></UnitOfMeasure></CSItem><CSItem><CSItemCode>IT4015354</CSItemCode><CSItemName>Маркировка класса энергоэффективности</CSItemName><CSItemRank>5</CSItemRank><CSItemIsFreeFormat>0</CSItemIsFreeFormat><CSValue><CSValueCode>VA4036661</CSValueCode><CSValueName>A++</CSValueName><CSValueRank>1</CSValueRank></CSValue></CSItem><CSItem><CSItemCode>3007001</CSItemCode><CSItemName>Энергопотребление в режиме ожидания</CSItemName><CSItemRank>6</CSItemRank><CSItemIsFreeFormat>1</CSItemIsFreeFormat><CSValue><CSValueCode>3033673</CSValueCode><CSValueName>&lt; 0,3 Вт</CSValueName><CSValueRank>1</CSValueRank></CSValue></CSItem><CSItem><CSItemCode>IT4009431</CSItemCode><CSItemName>Энергопотребление в выключенном состоянии</CSItemName><CSItemRank>7</CSItemRank><CSItemIsFreeFormat>1</CSItemIsFreeFormat><CSValue><CSValueCode>VA4022642</CSValueCode><CSValueName>&lt; 0,3</CSValueName><CSValueRank>1</CSValueRank></CSValue><UnitOfMeasure><UnitOfMeasureCode>3000072</UnitOfMeasureCode><UnitOfMeasureName>(ватт)</UnitOfMeasureName><UnitOfMeasureSymbol>Вт</UnitOfMeasureSymbol></UnitOfMeasure></CSItem><CSItem><CSItemCode>IT4008765</CSItemCode><CSItemName>Функции энергосбережения</CSItemName><CSItemRank>8</CSItemRank><CSItemIsFreeFormat>0</CSItemIsFreeFormat><CSValue><CSValueCode>VA4021464</CSValueCode><CSValueName>Таймер автоматического выключения</CSValueName><CSValueRank>1</CSValueRank></CSValue><CSValue><CSValueCode>VA4021461</CSValueCode><CSValueName>Режим ECO</CSValueName><CSValueRank>2</CSValueRank></CSValue><CSValue><CSValueCode>VA4021463</CSValueCode><CSValueName>Отключение изображения (для радио)</CSValueName><CSValueRank>3</CSValueRank></CSValue></CSItem></CSChapter><CSChapter><CSChapterCode>3000820</CSChapterCode><CSChapterName>Размеры</CSChapterName><CSChapterRank>9</CSChapterRank><CSItem><CSItemCode>3006819</CSItemCode><CSItemName>Глубина коробки</CSItemName><CSItemRank>1</CSItemRank><CSItemIsFreeFormat>1</CSItemIsFreeFormat><CSValue><CSValueCode>3033147</CSValueCode><CSValueName>160</CSValueName><CSValueRank>1</CSValueRank></CSValue><UnitOfMeasure><UnitOfMeasureCode>3000058</UnitOfMeasureCode><UnitOfMeasureName>мм</UnitOfMeasureName><UnitOfMeasureSymbol>миллиметра</UnitOfMeasureSymbol></UnitOfMeasure></CSItem><CSItem><CSItemCode>3006820</CSItemCode><CSItemName>Высота коробки</CSItemName><CSItemRank>2</CSItemRank><CSItemIsFreeFormat>1</CSItemIsFreeFormat><CSValue><CSValueCode>3033148</CSValueCode><CSValueName>740</CSValueName><CSValueRank>1</CSValueRank></CSValue><UnitOfMeasure><UnitOfMeasureCode>3000058</UnitOfMeasureCode><UnitOfMeasureName>мм</UnitOfMeasureName><UnitOfMeasureSymbol>миллиметра</UnitOfMeasureSymbol></UnitOfMeasure></CSItem><CSItem><CSItemCode>3006821</CSItemCode><CSItemName>Ширина коробки</CSItemName><CSItemRank>3</CSItemRank><CSItemIsFreeFormat>1</CSItemIsFreeFormat><CSValue><CSValueCode>3033149</CSValueCode><CSValueName>1200</CSValueName><CSValueRank>1</CSValueRank></CSValue><UnitOfMeasure><UnitOfMeasureCode>3000058</UnitOfMeasureCode><UnitOfMeasureName>мм</UnitOfMeasureName><UnitOfMeasureSymbol>миллиметра</UnitOfMeasureSymbol></UnitOfMeasure></CSItem><CSItem><CSItemCode>3006881</CSItemCode><CSItemName>Глубина устройства</CSItemName><CSItemRank>4</CSItemRank><CSItemIsFreeFormat>1</CSItemIsFreeFormat><CSValue><CSValueCode>3033216</CSValueCode><CSValueName>79</CSValueName><CSValueRank>1</CSValueRank></CSValue><UnitOfMeasure><UnitOfMeasureCode>3000058</UnitOfMeasureCode><UnitOfMeasureName>мм</UnitOfMeasureName><UnitOfMeasureSymbol>миллиметра</UnitOfMeasureSymbol></UnitOfMeasure></CSItem><CSItem><CSItemCode>3006882</CSItemCode><CSItemName>Высота устройства</CSItemName><CSItemRank>5</CSItemRank><CSItemIsFreeFormat>1</CSItemIsFreeFormat><CSValue><CSValueCode>3033217</CSValueCode><CSValueName>645,4</CSValueName><CSValueRank>1</CSValueRank></CSValue><UnitOfMeasure><UnitOfMeasureCode>3000058</UnitOfMeasureCode><UnitOfMeasureName>мм</UnitOfMeasureName><UnitOfMeasureSymbol>миллиметра</UnitOfMeasureSymbol></UnitOfMeasure></CSItem><CSItem><CSItemCode>3006884</CSItemCode><CSItemName>Ширина устройства</CSItemName><CSItemRank>6</CSItemRank><CSItemIsFreeFormat>1</CSItemIsFreeFormat><CSValue><CSValueCode>3033219</CSValueCode><CSValueName>1099,18</CSValueName><CSValueRank>1</CSValueRank></CSValue><UnitOfMeasure><UnitOfMeasureCode>3000058</UnitOfMeasureCode><UnitOfMeasureName>мм</UnitOfMeasureName><UnitOfMeasureSymbol>миллиметра</UnitOfMeasureSymbol></UnitOfMeasure></CSItem><CSItem><CSItemCode>3010079</CSItemCode><CSItemName>Глубина с подставкой</CSItemName><CSItemRank>7</CSItemRank><CSItemIsFreeFormat>1</CSItemIsFreeFormat><CSValue><CSValueCode>3045265</CSValueCode><CSValueName>258,91</CSValueName><CSValueRank>1</CSValueRank></CSValue><UnitOfMeasure><UnitOfMeasureCode>3000058</UnitOfMeasureCode><UnitOfMeasureName>мм</UnitOfMeasureName><UnitOfMeasureSymbol>миллиметра</UnitOfMeasureSymbol></UnitOfMeasure></CSItem><CSItem><CSItemCode>3010080</CSItemCode><CSItemName>Высота с подставкой</CSItemName><CSItemRank>8</CSItemRank><CSItemIsFreeFormat>1</CSItemIsFreeFormat><CSValue><CSValueCode>3045266</CSValueCode><CSValueName>695,93</CSValueName><CSValueRank>1</CSValueRank></CSValue><UnitOfMeasure><UnitOfMeasureCode>3000058</UnitOfMeasureCode><UnitOfMeasureName>мм</UnitOfMeasureName><UnitOfMeasureSymbol>миллиметра</UnitOfMeasureSymbol></UnitOfMeasure></CSItem><CSItem><CSItemCode>3010081</CSItemCode><CSItemName>Ширина с подставкой</CSItemName><CSItemRank>9</CSItemRank><CSItemIsFreeFormat>1</CSItemIsFreeFormat><CSValue><CSValueCode>3045267</CSValueCode><CSValueName>1099,18</CSValueName><CSValueRank>1</CSValueRank></CSValue><UnitOfMeasure><UnitOfMeasureCode>3000058</UnitOfMeasureCode><UnitOfMeasureName>мм</UnitOfMeasureName><UnitOfMeasureSymbol>миллиметра</UnitOfMeasureSymbol></UnitOfMeasure></CSItem><CSItem><CSItemCode>3006873</CSItemCode><CSItemName>Вес продукта</CSItemName><CSItemRank>10</CSItemRank><CSItemIsFreeFormat>1</CSItemIsFreeFormat><CSValue><CSValueCode>3033208</CSValueCode><CSValueName>11,12</CSValueName><CSValueRank>1</CSValueRank></CSValue><UnitOfMeasure><UnitOfMeasureCode>3000049</UnitOfMeasureCode><UnitOfMeasureName>(килограммы)</UnitOfMeasureName><UnitOfMeasureSymbol>кг</UnitOfMeasureSymbol></UnitOfMeasure></CSItem><CSItem><CSItemCode>3010611</CSItemCode><CSItemName>Вес изделия с подставкой</CSItemName><CSItemRank>11</CSItemRank><CSItemIsFreeFormat>1</CSItemIsFreeFormat><CSValue><CSValueCode>3047710</CSValueCode><CSValueName>13,7</CSValueName><CSValueRank>1</CSValueRank></CSValue><UnitOfMeasure><UnitOfMeasureCode>3000049</UnitOfMeasureCode><UnitOfMeasureName>(килограммы)</UnitOfMeasureName><UnitOfMeasureSymbol>кг</UnitOfMeasureSymbol></UnitOfMeasure></CSItem><CSItem><CSItemCode>3006911</CSItemCode><CSItemName>Вес, включая упаковку</CSItemName><CSItemRank>12</CSItemRank><CSItemIsFreeFormat>1</CSItemIsFreeFormat><CSValue><CSValueCode>3033246</CSValueCode><CSValueName>16,9</CSValueName><CSValueRank>1</CSValueRank></CSValue><UnitOfMeasure><UnitOfMeasureCode>3000049</UnitOfMeasureCode><UnitOfMeasureName>(килограммы)</UnitOfMeasureName><UnitOfMeasureSymbol>кг</UnitOfMeasureSymbol></UnitOfMeasure></CSItem><CSItem><CSItemCode>4000961</CSItemCode><CSItemName>Совместимое настенное крепление VESA</CSItemName><CSItemRank>13</CSItemRank><CSItemIsFreeFormat>0</CSItemIsFreeFormat><CSValue><CSValueCode>VA4006542</CSValueCode><CSValueName>200 x 200 мм</CSValueName><CSValueRank>1</CSValueRank></CSValue><CSValue><CSValueCode>VA4002662</CSValueCode><CSValueName>400 x 200 мм</CSValueName><CSValueRank>2</CSValueRank></CSValue></CSItem></CSChapter><CSChapter><CSChapterCode>3000815</CSChapterCode><CSChapterName>Аксессуары</CSChapterName><CSChapterRank>10</CSChapterRank><CSItem><CSItemCode>3006778</CSItemCode><CSItemName>Входящие в комплект аксессуары</CSItemName><CSItemRank>1</CSItemRank><CSItemIsFreeFormat>0</CSItemIsFreeFormat><CSValue><CSValueCode>3033001</CSValueCode><CSValueName>Пульт ДУ</CSValueName><CSValueRank>1</CSValueRank></CSValue><CSValue><CSValueCode>3047451</CSValueCode><CSValueName>Батарея типа AAA — 2 шт.</CSValueName><CSValueRank>2</CSValueRank></CSValue><CSValue><CSValueCode>3033021</CSValueCode><CSValueName>Настольная подставка</CSValueName><CSValueRank>3</CSValueRank></CSValue><CSValue><CSValueCode>3033554</CSValueCode><CSValueName>Шнур питания</CSValueName><CSValueRank>4</CSValueRank></CSValue><CSValue><CSValueCode>3033561</CSValueCode><CSValueName>Краткое руководство пользователя</CSValueName><CSValueRank>5</CSValueRank></CSValue><CSValue><CSValueCode>VA4015925</CSValueCode><CSValueName>Брошюра с важной юридической информацией и сведениями о безопасности</CSValueName><CSValueRank>6</CSValueRank></CSValue></CSItem></CSChapter><CSChapter><CSChapterCode>CH4007621</CSChapterCode><CSChapterName>Функции Smart TV</CSChapterName><CSChapterRank>13</CSChapterRank><CSItem><CSItemCode>IT4037468</CSItemCode><CSItemName>Простота установки</CSItemName><CSItemRank>1</CSItemRank><CSItemIsFreeFormat>0</CSItemIsFreeFormat><CSValue><CSValueCode>VA4086958</CSValueCode><CSValueName>Автопоиск устройств Philips</CSValueName><CSValueRank>1</CSValueRank></CSValue><CSValue><CSValueCode>VA4086959</CSValueCode><CSValueName>Мастер подключения к устройству</CSValueName><CSValueRank>2</CSValueRank></CSValue><CSValue><CSValueCode>VA4086960</CSValueCode><CSValueName>Мастер настройки сети</CSValueName><CSValueRank>3</CSValueRank></CSValue><CSValue><CSValueCode>VA4086961</CSValueCode><CSValueName>Мастер установки поддержки</CSValueName><CSValueRank>4</CSValueRank></CSValue></CSItem><CSItem><CSItemCode>IT4037469</CSItemCode><CSItemName>Удобство использования</CSItemName><CSItemRank>2</CSItemRank><CSItemIsFreeFormat>0</CSItemIsFreeFormat><CSValue><CSValueCode>VA4086962</CSValueCode><CSValueName>Кнопка меню Smart</CSValueName><CSValueRank>1</CSValueRank></CSValue><CSValue><CSValueCode>VA4086963</CSValueCode><CSValueName>Экранное руководство пользователя</CSValueName><CSValueRank>2</CSValueRank></CSValue></CSItem><CSItem><CSItemCode>IT4037470</CSItemCode><CSItemName>Обновление встроенной программы</CSItemName><CSItemRank>3</CSItemRank><CSItemIsFreeFormat>0</CSItemIsFreeFormat><CSValue><CSValueCode>VA4086964</CSValueCode><CSValueName>Мастер обновления встроенной программы</CSValueName><CSValueRank>1</CSValueRank></CSValue><CSValue><CSValueCode>VA4086965</CSValueCode><CSValueName>Обновление встроенной программы через USB</CSValueName><CSValueRank>2</CSValueRank></CSValue><CSValue><CSValueCode>VA4086966</CSValueCode><CSValueName>Обновление программы устройства через Интернет</CSValueName><CSValueRank>3</CSValueRank></CSValue></CSItem><CSItem><CSItemCode>IT4037465</CSItemCode><CSItemName>Интерактивное телевидение</CSItemName><CSItemRank>4</CSItemRank><CSItemIsFreeFormat>0</CSItemIsFreeFormat><CSValue><CSValueCode>VA4086947</CSValueCode><CSValueName>HbbTV</CSValueName><CSValueRank>1</CSValueRank></CSValue></CSItem><CSItem><CSItemCode>IT4037472</CSItemCode><CSItemName>Приложение Philips TV Remote*</CSItemName><CSItemRank>5</CSItemRank><CSItemIsFreeFormat>0</CSItemIsFreeFormat><CSValue><CSValueCode>VA4086985</CSValueCode><CSValueName>Приложения</CSValueName><CSValueRank>1</CSValueRank></CSValue><CSValue><CSValueCode>VA4086984</CSValueCode><CSValueName>Каналы</CSValueName><CSValueRank>2</CSValueRank></CSValue><CSValue><CSValueCode>VA4086978</CSValueCode><CSValueName>Управление</CSValueName><CSValueRank>3</CSValueRank></CSValue><CSValue><CSValueCode>VA4086983</CSValueCode><CSValueName>NowOnTV</CSValueName><CSValueRank>4</CSValueRank></CSValue><CSValue><CSValueCode>VA4086981</CSValueCode><CSValueName>Телегид</CSValueName><CSValueRank>5</CSValueRank></CSValue><CSValue><CSValueCode>VA4086982</CSValueCode><CSValueName>Видео по запросу</CSValueName><CSValueRank>6</CSValueRank></CSValue></CSItem><CSItem><CSItemCode>IT4037466</CSItemCode><CSItemName>Программирование</CSItemName><CSItemRank>6</CSItemRank><CSItemIsFreeFormat>0</CSItemIsFreeFormat><CSValue><CSValueCode>VA4086948</CSValueCode><CSValueName>Приостановка просмотра телепередачи</CSValueName><CSValueRank>1</CSValueRank></CSValue><CSValue><CSValueCode>VA4086949</CSValueCode><CSValueName>Запись на USB*</CSValueName><CSValueRank>2</CSValueRank></CSValue></CSItem><CSItem><CSItemCode>IT4037471</CSItemCode><CSItemName>Регулировка формата экрана</CSItemName><CSItemRank>7</CSItemRank><CSItemIsFreeFormat>0</CSItemIsFreeFormat><CSValue><CSValueCode>VA4086973</CSValueCode><CSValueName>Базовый - Широкоэкранный</CSValueName><CSValueRank>1</CSValueRank></CSValue><CSValue><CSValueCode>VA4086974</CSValueCode><CSValueName>Автозаполнение</CSValueName><CSValueRank>2</CSValueRank></CSValue><CSValue><CSValueCode>VA4086976</CSValueCode><CSValueName>Масштабирование, растяжение</CSValueName><CSValueRank>3</CSValueRank></CSValue></CSItem><CSItem><CSItemCode>IT4037467</CSItemCode><CSItemName>Приложения SmartTV*</CSItemName><CSItemRank>8</CSItemRank><CSItemIsFreeFormat>0</CSItemIsFreeFormat><CSValue><CSValueCode>VA4086951</CSValueCode><CSValueName>Сетевые видеомагазины</CSValueName><CSValueRank>1</CSValueRank></CSValue><CSValue><CSValueCode>VA4086957</CSValueCode><CSValueName>Открытый интернет-браузер</CSValueName><CSValueRank>2</CSValueRank></CSValue><CSValue><CSValueCode>VA4086956</CSValueCode><CSValueName>Social TV</CSValueName><CSValueRank>3</CSValueRank></CSValue><CSValue><CSValueCode>VA4086950</CSValueCode><CSValueName>ТВ по запросу</CSValueName><CSValueRank>4</CSValueRank></CSValue><CSValue><CSValueCode>VA4086955</CSValueCode><CSValueName>Youtube</CSValueName><CSValueRank>5</CSValueRank></CSValue></CSItem><CSItem><CSItemCode>IT4037464</CSItemCode><CSItemName>Взаимодействие с пользователем</CSItemName><CSItemRank>9</CSItemRank><CSItemIsFreeFormat>0</CSItemIsFreeFormat><CSValue><CSValueCode>VA4086943</CSValueCode><CSValueName>SimplyShare</CSValueName><CSValueRank>1</CSValueRank></CSValue></CSItem></CSChapter><Filters><Purpose type="Comparison"><Features><Feature code="F400076580" rank="1" referenceName="Pixel Plus HD (2016)"/><Feature code="F400076573" rank="2" referenceName="Picture Performance Index (2016)"/><Feature code="F400070645" rank="3" referenceName="Micro Dimming (2015)"/><Feature code="F400063331" rank="4" referenceName="Full HD LED TV (2014)"/><Feature code="F400070695" rank="5" referenceName="Ultra narrow bezel (2015)"/><Feature code="F400070688" rank="6" referenceName="Central stand (2015)"/><Feature code="F400063365" rank="7" referenceName="Smart TV generic no apps (2014)"/><Feature code="F400063306" rank="8" referenceName="Two HDMI inputs with Easylink (2014)"/><Feature code="F400063309" rank="9" referenceName="USB (photos, music, video) (2014)"/><Feature code="F400078572" rank="10" referenceName="HEVC support for FHD broadcast (2016)"/></Features><CSItems><CSItem code="IT4009349" rank="1" referenceName="Изображение/дисплей - Дисплей"/><CSItem code="3006270" rank="1" referenceName="Звук - Выходная мощность (среднеквадр.)"/><CSItem code="IT4006781" rank="1" referenceName="Подключения - Количество разъемов HDMI"/><CSItem code="IT4008764" rank="1" referenceName="Мультимедийные приложения - Форматы воспроизведения видео"/><CSItem code="IT4009352" rank="1" referenceName="Поддерживаемое разрешение дисплея - Компьютерные входы"/><CSItem code="IT4041210" rank="1" referenceName="Тюнер/прием/передача - Поддержка HEVC"/><CSItem code="3007003" rank="1" referenceName="Питание - Электропитание"/><CSItem code="3006819" rank="1" referenceName="Размеры - Глубина коробки"/><CSItem code="3006778" rank="1" referenceName="Аксессуары - Входящие в комплект аксессуары"/><CSItem code="IT4037468" rank="1" referenceName="Функции Smart TV - Простота установки"/><CSItem code="3006140" rank="2" referenceName="Изображение/дисплей - Размер экрана по диагонали (метрич.)"/><CSItem code="3006277" rank="2" referenceName="Звук - Улучшение звука"/><CSItem code="IT4015984" rank="2" referenceName="Подключения - Количество разъемов USB"/><CSItem code="IT4033451" rank="2" referenceName="Мультимедийные приложения - Поддерживаемый формат субтитров"/><CSItem code="IT4009351" rank="2" referenceName="Поддерживаемое разрешение дисплея - Видеовходы"/><CSItem code="3007491" rank="2" referenceName="Тюнер/прием/передача - Цифровое ТВ"/><CSItem code="4000081" rank="2" referenceName="Питание - Температура окружающей среды"/><CSItem code="3006820" rank="2" referenceName="Размеры - Высота коробки"/><CSItem code="IT4037469" rank="2" referenceName="Функции Smart TV - Удобство использования"/><CSItem code="3006139" rank="3" referenceName="Изображение/дисплей - Размер экрана по диагонали (в дюймах)"/><CSItem code="3006573" rank="3" referenceName="Подключения - Другие подключения"/><CSItem code="IT4008762" rank="3" referenceName="Мультимедийные приложения - Форматы воспроизведения музыки"/><CSItem code="IT4028192" rank="3" referenceName="Тюнер/прием/передача - Поддержка MPEG"/><CSItem code="IT4016791" rank="3" referenceName="Питание - Маркировка энергоэффективности ЕС"/><CSItem code="3006821" rank="3" referenceName="Размеры - Ширина коробки"/><CSItem code="IT4037470" rank="3" referenceName="Функции Smart TV - Обновление встроенной программы"/><CSItem code="3006177" rank="4" referenceName="Изображение/дисплей - Разрешение панели"/><CSItem code="IT4001802" rank="4" referenceName="Подключения - EasyLink (HDMI-CEC)"/><CSItem code="IT4008763" rank="4" referenceName="Мультимедийные приложения - Форматы воспроизведения изображений"/><CSItem code="3006515" rank="4" referenceName="Тюнер/прием/передача - Воспроизведение видео"/><CSItem code="IT4013218" rank="4" referenceName="Питание - Потребление электроэнергии в год"/><CSItem code="3006881" rank="4" referenceName="Размеры - Глубина устройства"/><CSItem code="IT4037465" rank="4" referenceName="Функции Smart TV - Интерактивное телевидение"/><CSItem code="3006121" rank="5" referenceName="Изображение/дисплей - Формат изображения"/><CSItem code="3006591" rank="5" referenceName="Подключения - Беспроводное соединение"/><CSItem code="IT4015354" rank="5" referenceName="Питание - Маркировка класса энергоэффективности"/><CSItem code="3006882" rank="5" referenceName="Размеры - Высота устройства"/><CSItem code="IT4037472" rank="5" referenceName="Функции Smart TV - Приложение Philips TV Remote*"/><CSItem code="3006127" rank="6" referenceName="Изображение/дисплей - Яркость"/><CSItem code="3007001" rank="6" referenceName="Питание - Энергопотребление в режиме ожидания"/><CSItem code="3006884" rank="6" referenceName="Размеры - Ширина устройства"/><CSItem code="IT4037466" rank="6" referenceName="Функции Smart TV - Программирование"/><CSItem code="3006183" rank="7" referenceName="Изображение/дисплей - Улучшение изображения"/><CSItem code="IT4009431" rank="7" referenceName="Питание - Энергопотребление в выключенном состоянии"/><CSItem code="3010079" rank="7" referenceName="Размеры - Глубина с подставкой"/><CSItem code="IT4037471" rank="7" referenceName="Функции Smart TV - Регулировка формата экрана"/><CSItem code="IT4008765" rank="8" referenceName="Питание - Функции энергосбережения"/><CSItem code="3010080" rank="8" referenceName="Размеры - Высота с подставкой"/><CSItem code="IT4037467" rank="8" referenceName="Функции Smart TV - Приложения SmartTV*"/><CSItem code="3010081" rank="9" referenceName="Размеры - Ширина с подставкой"/><CSItem code="IT4037464" rank="9" referenceName="Функции Smart TV - Взаимодействие с пользователем"/><CSItem code="3006873" rank="10" referenceName="Размеры - Вес продукта"/><CSItem code="3010611" rank="11" referenceName="Размеры - Вес изделия с подставкой"/><CSItem code="3006911" rank="12" referenceName="Размеры - Вес, включая упаковку"/><CSItem code="4000961" rank="13" referenceName="Размеры - Совместимое настенное крепление VESA"/></CSItems></Purpose><Purpose type="Detail"><Features><Feature code="F400076580" rank="1" referenceName="Pixel Plus HD (2016)"/><Feature code="F400076573" rank="2" referenceName="Picture Performance Index (2016)"/><Feature code="F400070645" rank="3" referenceName="Micro Dimming (2015)"/><Feature code="F400063331" rank="4" referenceName="Full HD LED TV (2014)"/><Feature code="F400070695" rank="5" referenceName="Ultra narrow bezel (2015)"/><Feature code="F400070688" rank="6" referenceName="Central stand (2015)"/><Feature code="F400063365" rank="7" referenceName="Smart TV generic no apps (2014)"/><Feature code="F400063306" rank="8" referenceName="Two HDMI inputs with Easylink (2014)"/><Feature code="F400063309" rank="9" referenceName="USB (photos, music, video) (2014)"/><Feature code="F400078572" rank="10" referenceName="HEVC support for FHD broadcast (2016)"/></Features><CSItems><CSItem code="IT4009349" rank="1" referenceName="Изображение/дисплей - Дисплей"/><CSItem code="3006270" rank="1" referenceName="Звук - Выходная мощность (среднеквадр.)"/><CSItem code="IT4006781" rank="1" referenceName="Подключения - Количество разъемов HDMI"/><CSItem code="IT4008764" rank="1" referenceName="Мультимедийные приложения - Форматы воспроизведения видео"/><CSItem code="IT4009352" rank="1" referenceName="Поддерживаемое разрешение дисплея - Компьютерные входы"/><CSItem code="IT4041210" rank="1" referenceName="Тюнер/прием/передача - Поддержка HEVC"/><CSItem code="3007003" rank="1" referenceName="Питание - Электропитание"/><CSItem code="3006819" rank="1" referenceName="Размеры - Глубина коробки"/><CSItem code="3006778" rank="1" referenceName="Аксессуары - Входящие в комплект аксессуары"/><CSItem code="IT4037468" rank="1" referenceName="Функции Smart TV - Простота установки"/><CSItem code="3006140" rank="2" referenceName="Изображение/дисплей - Размер экрана по диагонали (метрич.)"/><CSItem code="3006277" rank="2" referenceName="Звук - Улучшение звука"/><CSItem code="IT4015984" rank="2" referenceName="Подключения - Количество разъемов USB"/><CSItem code="IT4033451" rank="2" referenceName="Мультимедийные приложения - Поддерживаемый формат субтитров"/><CSItem code="IT4009351" rank="2" referenceName="Поддерживаемое разрешение дисплея - Видеовходы"/><CSItem code="3007491" rank="2" referenceName="Тюнер/прием/передача - Цифровое ТВ"/><CSItem code="4000081" rank="2" referenceName="Питание - Температура окружающей среды"/><CSItem code="3006820" rank="2" referenceName="Размеры - Высота коробки"/><CSItem code="IT4037469" rank="2" referenceName="Функции Smart TV - Удобство использования"/><CSItem code="3006139" rank="3" referenceName="Изображение/дисплей - Размер экрана по диагонали (в дюймах)"/><CSItem code="3006573" rank="3" referenceName="Подключения - Другие подключения"/><CSItem code="IT4008762" rank="3" referenceName="Мультимедийные приложения - Форматы воспроизведения музыки"/><CSItem code="IT4028192" rank="3" referenceName="Тюнер/прием/передача - Поддержка MPEG"/><CSItem code="IT4016791" rank="3" referenceName="Питание - Маркировка энергоэффективности ЕС"/><CSItem code="3006821" rank="3" referenceName="Размеры - Ширина коробки"/><CSItem code="IT4037470" rank="3" referenceName="Функции Smart TV - Обновление встроенной программы"/><CSItem code="3006177" rank="4" referenceName="Изображение/дисплей - Разрешение панели"/><CSItem code="IT4001802" rank="4" referenceName="Подключения - EasyLink (HDMI-CEC)"/><CSItem code="IT4008763" rank="4" referenceName="Мультимедийные приложения - Форматы воспроизведения изображений"/><CSItem code="3006515" rank="4" referenceName="Тюнер/прием/передача - Воспроизведение видео"/><CSItem code="IT4013218" rank="4" referenceName="Питание - Потребление электроэнергии в год"/><CSItem code="3006881" rank="4" referenceName="Размеры - Глубина устройства"/><CSItem code="IT4037465" rank="4" referenceName="Функции Smart TV - Интерактивное телевидение"/><CSItem code="3006121" rank="5" referenceName="Изображение/дисплей - Формат изображения"/><CSItem code="3006591" rank="5" referenceName="Подключения - Беспроводное соединение"/><CSItem code="IT4015354" rank="5" referenceName="Питание - Маркировка класса энергоэффективности"/><CSItem code="3006882" rank="5" referenceName="Размеры - Высота устройства"/><CSItem code="IT4037472" rank="5" referenceName="Функции Smart TV - Приложение Philips TV Remote*"/><CSItem code="3006127" rank="6" referenceName="Изображение/дисплей - Яркость"/><CSItem code="3007001" rank="6" referenceName="Питание - Энергопотребление в режиме ожидания"/><CSItem code="3006884" rank="6" referenceName="Размеры - Ширина устройства"/><CSItem code="IT4037466" rank="6" referenceName="Функции Smart TV - Программирование"/><CSItem code="3006183" rank="7" referenceName="Изображение/дисплей - Улучшение изображения"/><CSItem code="IT4009431" rank="7" referenceName="Питание - Энергопотребление в выключенном состоянии"/><CSItem code="3010079" rank="7" referenceName="Размеры - Глубина с подставкой"/><CSItem code="IT4037471" rank="7" referenceName="Функции Smart TV - Регулировка формата экрана"/><CSItem code="IT4008765" rank="8" referenceName="Питание - Функции энергосбережения"/><CSItem code="3010080" rank="8" referenceName="Размеры - Высота с подставкой"/><CSItem code="IT4037467" rank="8" referenceName="Функции Smart TV - Приложения SmartTV*"/><CSItem code="3010081" rank="9" referenceName="Размеры - Ширина с подставкой"/><CSItem code="IT4037464" rank="9" referenceName="Функции Smart TV - Взаимодействие с пользователем"/><CSItem code="3006873" rank="10" referenceName="Размеры - Вес продукта"/><CSItem code="3010611" rank="11" referenceName="Размеры - Вес изделия с подставкой"/><CSItem code="3006911" rank="12" referenceName="Размеры - Вес, включая упаковку"/><CSItem code="4000961" rank="13" referenceName="Размеры - Совместимое настенное крепление VESA"/></CSItems></Purpose></Filters><FeatureCompareGroups/><Disclaimers><Disclaimer code="DIS40004404" rank="1" referenceName="8 days EPG"><DisclaimerText>Электронный гид телепередач и фактическая доступность для просмотра (до 8 дней) зависят от страны и поставщика услуг.</DisclaimerText><DisclaimElements/></Disclaimer><Disclaimer code="DIS40001802" rank="2" referenceName="Annual energy consumption"><DisclaimerText>Годовое потребление электроэнергии (кВт/ч) основано на энергопотреблении телевизором 4 часа в день, 365 дней в году. Фактическое потребление электроэнергии зависит от условий использования телевизора.</DisclaimerText><DisclaimElements/></Disclaimer><Disclaimer code="DIS40001441" rank="3" referenceName="DVB  disclaimer (2010)"><DisclaimerText>Этот телевизор поддерживает прием DVB для просмотра программ бесплатного ТВ. Отдельные операторы DVB могут не поддерживаться. Новый список поддерживаемых операторов можно найти в разделе FAQ на сайте технической поддержки Philips. Для некоторых операторов необходимы условный доступ и подписка. За дополнительными сведениями обращайтесь к операторам.</DisclaimerText><DisclaimElements/></Disclaimer><Disclaimer code="DIS40006403" rank="4" referenceName="for all (Philips)"><DisclaimerText>(Philips) совместимо только с некоторыми моделями проигрывателей Philips.</DisclaimerText><DisclaimElements/></Disclaimer></Disclaimers><AccessoryByPacked><AccessoryByPackedCode>ABPP_3033001</AccessoryByPackedCode><AccessoryByPackedReference>Пульт ДУ</AccessoryByPackedReference><AccessoryByPackedName>Пульт ДУ</AccessoryByPackedName><AccessoryByPackedRank>1</AccessoryByPackedRank></AccessoryByPacked><AccessoryByPacked><AccessoryByPackedCode>ABPP_3047451</AccessoryByPackedCode><AccessoryByPackedReference>Батарея типа AAA — 2 шт.</AccessoryByPackedReference><AccessoryByPackedName>Батарея типа AAA — 2 шт.</AccessoryByPackedName><AccessoryByPackedRank>2</AccessoryByPackedRank></AccessoryByPacked><AccessoryByPacked><AccessoryByPackedCode>ABPP_3033021</AccessoryByPackedCode><AccessoryByPackedReference>Настольная подставка</AccessoryByPackedReference><AccessoryByPackedName>Настольная подставка</AccessoryByPackedName><AccessoryByPackedRank>3</AccessoryByPackedRank></AccessoryByPacked><AccessoryByPacked><AccessoryByPackedCode>ABPP_3033554</AccessoryByPackedCode><AccessoryByPackedReference>Шнур питания</AccessoryByPackedReference><AccessoryByPackedName>Шнур питания</AccessoryByPackedName><AccessoryByPackedRank>4</AccessoryByPackedRank></AccessoryByPacked><AccessoryByPacked><AccessoryByPackedCode>ABPP_3033561</AccessoryByPackedCode><AccessoryByPackedReference>Краткое руководство пользователя</AccessoryByPackedReference><AccessoryByPackedName>Краткое руководство пользователя</AccessoryByPackedName><AccessoryByPackedRank>5</AccessoryByPackedRank></AccessoryByPacked><AccessoryByPacked><AccessoryByPackedCode>ABPP_VA4015925</AccessoryByPackedCode><AccessoryByPackedReference>Брошюра с важной юридической информацией и сведениями о безопасности</AccessoryByPackedReference><AccessoryByPackedName>Брошюра с важной юридической информацией и сведениями о безопасности</AccessoryByPackedName><AccessoryByPackedRank>6</AccessoryByPackedRank></AccessoryByPacked><Award AwardType="global"><AwardCode>GA40019275</AwardCode><AwardName>Full-HD</AwardName><AwardDate>2015</AwardDate><AwardPlace>Во всем мире</AwardPlace><AwardDescription>Full-HD</AwardDescription><AwardAcknowledgement>Full-HD</AwardAcknowledgement><AwardRank>1</AwardRank></Award><Award AwardType="global"><AwardCode>GA40019319</AwardCode><AwardName>Smart TV</AwardName><AwardDate>2015</AwardDate><AwardPlace>Во всем мире</AwardPlace><AwardDescription>Smart TV</AwardDescription><AwardAcknowledgement>Smart TV</AwardAcknowledgement><AwardRank>5</AwardRank></Award><RichTexts/></Product></Products>