<?xml version="1.0" encoding="UTF-8"?><Products xmlns:source="http://apache.org/cocoon/source/1.0" DocStatus="approved" DocTimeStamp="2018-10-27T23:59:01"><Product Country="RU" IsAccessory="false" IsMaster="false" Locale="ru_RU" lastModified="2018-10-21T16:24:22" masterLastModified="2018-08-28T00:34:13"><CTN>221B6LPCB/01</CTN><Code12NC>867000138079</Code12NC><GTIN>8712581740320</GTIN><MarketingVersion>4.0.1</MarketingVersion><MarketingStatus>Final Published</MarketingStatus><CRDate>2016-03-25</CRDate><CRDateYW>201613</CRDateYW><ModelYears><ModelYear>2016</ModelYear><ModelYear>2017</ModelYear></ModelYears><ProductDivision><ProductDivisionCode>0200</ProductDivisionCode><ProductDivisionName>Consumer Lifestyle</ProductDivisionName><FormerPDCode>3400</FormerPDCode></ProductDivision><ProductOwner>HO CATHERINE</ProductOwner><DTN>221B6LPCB/01</DTN><Catalog><StartOfPublication>2016-04-25T00:00:00</StartOfPublication><EndOfPublication>2024-02-23T00:00:00</EndOfPublication><StartOfSales>2016-04-25T00:00:00</StartOfSales><EndOfSales>2024-02-23T00:00:00</EndOfSales><DummyPrice/><Deleted>false</Deleted><DeleteAfterDate/><ProductRank>50</ProductRank></Catalog><FinancialCategorization><BusinessGroupCode>6918</BusinessGroupCode><BusinessGroupName>TV</BusinessGroupName><BusinessUnitCode>0655</BusinessUnitCode><BusinessUnitName>Monitors</BusinessUnitName><MainArticleGroupCode>J89</MainArticleGroupCode><MainArticleGroupName>Monitors</MainArticleGroupName><ArticleGroupCode>3789</ArticleGroupCode><ArticleGroupName>Monitors global</ArticleGroupName></FinancialCategorization><Categorization type="CONSUMER"><GroupCode>SOUND_AND_VISION_GR</GroupCode><GroupName>Sound &amp; vision</GroupName><CategoryCode>SV_MONITORS_CA</CategoryCode><CategoryName>Monitors</CategoryName><SubcategoryCode>SV_OTHERS_SU</SubcategoryCode><SubcategoryName>Others</SubcategoryName></Categorization><Assets><Asset code="221B6LPCB_01" description="Single product shot" extension="" lastModified="2018-10-21" locale="ru_RU" number="" type="IMS">http://images.philips.com/is/image/PhilipsConsumer/221B6LPCB_01-IMS-ru_RU</Asset><Asset code="221B6LPCB_01" description="Product gallery image set" extension="" lastModified="2018-10-21" locale="ru_RU" number="" type="GAL">http://images.philips.com/is/image/PhilipsConsumer/221B6LPCB_01-GAL-ru_RU</Asset><Asset code="221B6LPCB_01" description="Product URL" extension="" lastModified="2018-10-21" locale="ru_RU" number="" type="URL">http://www.philips.ru/c-p/221B6LPCB_01/brilliance-lcd-monitor-with-powersensor</Asset></Assets><ProductName>ЖК-монитор В Line с PowerSensor</ProductName><FullProductName>Philips Brilliance ЖК-монитор с технологией PowerSensor 221B6LPCB E Line 22 (диагональ 54,6 см/21,5"), Full HD (1920 x 1080)</FullProductName><NamingString><MasterBrand><BrandCode>PHI</BrandCode><BrandName>Philips</BrandName></MasterBrand><BrandString>Philips</BrandString><Concept><ConceptCode>SB30000063</ConceptCode><ConceptName>Brilliance</ConceptName><ConceptNameUsed>1</ConceptNameUsed></Concept><Descriptor><DescriptorCode>D4008240</DescriptorCode><DescriptorName>ЖК-монитор с технологией PowerSensor</DescriptorName></Descriptor><Alphanumeric>221B6LPCB</Alphanumeric><VersionElement1><VersionElementCode>V4013438</VersionElementCode><VersionElementName>B Line</VersionElementName></VersionElement1><VersionElement2><VersionElementCode>V4031865</VersionElementCode><VersionElementName>22 (диагональ 54,6 см/21,5")</VersionElementName></VersionElement2><VersionElement3><VersionElementCode>V4035286</VersionElementCode><VersionElementName>Full HD (1920 x 1080)</VersionElementName></VersionElement3><VersionString>E Line 22 (диагональ 54,6 см/21,5"), Full HD (1920 x 1080)</VersionString><BrandedFeatureString/><DescriptorBrandedFeatureString>ЖК-монитор с технологией PowerSensor</DescriptorBrandedFeatureString></NamingString><WOW>Четкое изображение высокого качества</WOW><SubWOW>с энергоэффективной технологией PowerSensor</SubWOW><MarketingTextHeader>Светодиодный дисплей Philips PowerSensor на 85 % состоит из переработанного пластика, а его корпус не содержит ПВХ и бромсодержащего антипирена — идеальное решение для тех, кто ценит высокую производительность и экологичность</MarketingTextHeader><KeyBenefitArea><KeyBenefitAreaCode>K4015202</KeyBenefitAreaCode><KeyBenefitAreaName>Отличные рабочие характеристики</KeyBenefitAreaName><KeyBenefitAreaRank>1</KeyBenefitAreaRank><Feature><FeatureCode>F400019720</FeatureCode><FeatureReferenceName>LED technology</FeatureReferenceName><FeatureName>Светодиодная технология</FeatureName><FeatureLongDescription>Технология светодиодной подсветки обеспечивает естественность цветопередачи</FeatureLongDescription><FeatureGlossary>Белые светодиоды — это устройства, достигающие предельной яркости за меньшее время. Светодиоды не содержат ртути, что обеспечивает экологичный производственный процесс и утилизацию. Светодиоды позволяют лучше регулировать яркость подсветки ЖК-дисплея, обеспечивая превосходный коэффициент контрастности. Кроме того, их отличает великолепная цветопередача, благодаря одинаковой яркости по всему экрану.</FeatureGlossary><FeatureRank>1</FeatureRank><FeatureTopRank>1</FeatureTopRank></Feature><Feature><FeatureCode>F400067665</FeatureCode><FeatureReferenceName>Flicker-free technology</FeatureReferenceName><FeatureName>Технология для устранения мерцания</FeatureName><FeatureLongDescription>Технология для устранения мерцания уменьшает нагрузку на глаза</FeatureLongDescription><FeatureGlossary>Из-за особенностей системы управления яркостью на экранах со светодиодной подсветкой изображение может мерцать, что приводит к усталости глаз. Технология Philips для устранения мерцания использует инновационный способ регулировки яркости, обеспечивая более комфортный просмотр.</FeatureGlossary><FeatureRank>2</FeatureRank><FeatureTopRank>2</FeatureTopRank></Feature><Feature><FeatureCode>F400035289</FeatureCode><FeatureReferenceName>M4 SmartImage</FeatureReferenceName><FeatureName>SmartImage</FeatureName><FeatureLongDescription>Технология SmartImage для удобной настройки изображения</FeatureLongDescription><FeatureGlossary>SmartImage — это уникальная современная технология Philips, позволяющая анализировать отображаемое содержимое на экране для оптимизации характеристик дисплея. Удобный для пользователя интерфейс предоставляет выбор различных режимов, таких как "Офис", "Фото", "Видео", "Игра", "Экономичный" и т. д. в соответствии с используемым приложением. В зависимости от выбранного режима SmartImage динамически оптимизирует контрастность, насыщенность цвета и резкость изображений и видео, обеспечивая исключительное качество изображения. В режиме "Экономичный" потребление энергии максимально снижено. В любое время можно легко установить необходимый режим нажатием одной кнопки.</FeatureGlossary><FeatureRank>3</FeatureRank><FeatureTopRank>3</FeatureTopRank></Feature><Feature><FeatureCode>F400023546</FeatureCode><FeatureReferenceName>SmartContrast ratio 20000000:1</FeatureReferenceName><FeatureName>Формат SmartContrast 20 000 000:1</FeatureName><FeatureLongDescription>Контрастность SmartContrast 20 000 000:1 для насыщенных оттенков черного</FeatureLongDescription><FeatureGlossary>Вам необходим ЖК-дисплей с высочайшей контрастностью и яркостью изображения? Современные средства обработки видео в сочетании с уникальной технологией приглушения и усиления подсветки от Philips обеспечивают невероятную реалистичность. SmartContrast усиливает контрастность и гарантирует превосходную передачу черного цвета, а также всех темных оттенков и областей. Это создает яркое реалистичное изображение с высоким контрастом и яркими, живыми цветами.</FeatureGlossary><FeatureRank>4</FeatureRank><FeatureTopRank>4</FeatureTopRank></Feature></KeyBenefitArea><KeyBenefitArea><KeyBenefitAreaCode>K4015204</KeyBenefitAreaCode><KeyBenefitAreaName>Сделано для людей</KeyBenefitAreaName><KeyBenefitAreaRank>2</KeyBenefitAreaRank><Feature><FeatureCode>F400035325</FeatureCode><FeatureReferenceName>SmartErgoBase</FeatureReferenceName><FeatureName>SmartErgoBase</FeatureName><FeatureLongDescription>SmartErgoBase для эргономичного расположения и удобства пользователя</FeatureLongDescription><FeatureGlossary>SmartErgoBase — это подставка под монитор для удобного и эргономичного расположения дисплея и организации кабелей. Регулировка высоты, разворота, наклона и угла поворота обеспечивает максимальный комфорт пользователя и уменьшает физическую усталость в течение рабочего дня, а возможность организации кабелей уменьшает беспорядок и придает рабочему месту профессиональный вид.</FeatureGlossary><FeatureRank>1</FeatureRank><FeatureTopRank>5</FeatureTopRank></Feature><Feature><FeatureCode>F400035282</FeatureCode><FeatureReferenceName>Low bezel-to-table height</FeatureReferenceName><FeatureName>Малое расстояние между рамкой и столом</FeatureName><FeatureLongDescription>Малое расстояние между рамкой и столом для максимально комфортного чтения</FeatureLongDescription><FeatureGlossary>Благодаря усовершенствованной подставке SmartErgoBase монитор Philips можно опустить практически до уровня стола и оптимально отрегулировать угол обзора. Малое расстояние между рамкой и столом — идеальное решение для тех, кто за компьютером использует очки с бифокальными, трифокальными или прогрессивными линзами. Кроме того такая конструкция позволяет пользователям с очень разным ростом менять угол и высоту монитора под себя, сокращая усталость и напряжение при работе.</FeatureGlossary><FeatureRank>2</FeatureRank><FeatureTopRank>6</FeatureTopRank></Feature></KeyBenefitArea><KeyBenefitArea><KeyBenefitAreaCode>K300005006</KeyBenefitAreaCode><KeyBenefitAreaName>Простота использования</KeyBenefitAreaName><KeyBenefitAreaRank>3</KeyBenefitAreaRank><Feature><FeatureCode>F400035281</FeatureCode><FeatureReferenceName>Built-in stereo speakers for multimedia</FeatureReferenceName><FeatureName>Встроенные стерео АС</FeatureName><FeatureLongDescription>Встроенные стерео АС для воспроизведения мультимедиа</FeatureLongDescription><FeatureGlossary>Два высококачественных стереодинамика встроены в дисплей. В зависимости от модели и дизайна устройства динамики могут быть видны при расположении во фронтальной части или не видны при расположении в нижней, верхней или задней частях устройства.</FeatureGlossary><FeatureRank>1</FeatureRank><FeatureTopRank>7</FeatureTopRank></Feature><Feature><FeatureCode>F400036965</FeatureCode><FeatureReferenceName>M4 4 Ports USB 2.0 HUB</FeatureReferenceName><FeatureName>Концентратор USB 2.0 с 4 портами</FeatureName><FeatureLongDescription>Концентратор USB с 4 портами для простоты соединения</FeatureLongDescription><FeatureGlossary>Концентратор USB предоставляет возможность удобного подключения мультимедийных устройств Plug and Play, таких как накопители USB, фотоаппараты, портативные жесткие диски, веб-камеры, КПК, принтеры и другие устройства с разъемом USB. Удобно расположенный концентратор USB 2.0 на мониторе позволяет передавать на компьютер сигналы USB 2.0. Примечание: для работы устройств, таких как фотоаппараты и жесткие диски, может потребоваться дополнительный источник питания, так как концентратор USB монитора не всегда соответствует требованиям к питанию для данных устройств.</FeatureGlossary><FeatureRank>2</FeatureRank><FeatureTopRank>8</FeatureTopRank></Feature></KeyBenefitArea><KeyBenefitArea><KeyBenefitAreaCode>K4015194</KeyBenefitAreaCode><KeyBenefitAreaName>Экологичный дизайн</KeyBenefitAreaName><KeyBenefitAreaRank>4</KeyBenefitAreaRank><Feature><FeatureCode>F400035276</FeatureCode><FeatureReferenceName>M4 PowerSensor</FeatureReferenceName><FeatureName>PowerSensor</FeatureName><FeatureLongDescription>PowerSensor позволяет сократить расходы на электроэнергию на 80 %</FeatureLongDescription><FeatureGlossary>Монитор PowerSensor оснащен "датчиком присутствия", который излучает и улавливает безопасные для человека инфракрасные импульсы, определяет присутствие пользователя и автоматически уменьшает яркость монитора, если пользователь не находится рядом. Эта технология позволяет снизить энергопотребление на 80 % и значительно увеличить срок службы монитора</FeatureGlossary><FeatureRank>1</FeatureRank><FeatureTopRank>9</FeatureTopRank></Feature><Feature><FeatureCode>F400076291</FeatureCode><FeatureReferenceName>TCO Edge_85%</FeatureReferenceName><FeatureName>Сертификат TCO Edge</FeatureName><FeatureLongDescription>На 85 % состоит из переработанного пластика по стандарту TCO Edge</FeatureLongDescription><FeatureGlossary>Сертификаты TCO Edge выдаются для изделий, которые превосходят существующие экологические стандарты. Этот сертификат означает, что, помимо соответствия требованиям TCO и другим стандартов, продукт минимум на 85 % состоит из переработанного пластика, энергоэффективен, содержит минимум опасных материалов, поставляется в упаковке из полностью перерабатываемого сырья, а также сам подлежит легкой переработке. Вы можете быть уверены: этот монитор Philips создан с использованием самых современных технологий и является лучшим в классе ICT. Он принесет пользу не только вам, но и окружающей среде, и станет свидетельством вашего ответственного отношения к экологии!</FeatureGlossary><FeatureRank>2</FeatureRank><FeatureTopRank>10</FeatureTopRank></Feature></KeyBenefitArea><FeatureLogo><FeatureCode>F400035276</FeatureCode><FeatureReferenceName>M4 PowerSensor</FeatureReferenceName><FeatureLogoRank>4</FeatureLogoRank></FeatureLogo><FeatureLogo><FeatureCode>F400032215</FeatureCode><FeatureReferenceName>LED technology for brilliant images</FeatureReferenceName><FeatureLogoRank>5</FeatureLogoRank></FeatureLogo><FeatureLogo><FeatureCode>F400067665</FeatureCode><FeatureReferenceName>Flicker-free technology</FeatureReferenceName><FeatureLogoRank>6</FeatureLogoRank></FeatureLogo><FeatureLogo><FeatureCode>F400035289</FeatureCode><FeatureReferenceName>M4 SmartImage</FeatureReferenceName><FeatureLogoRank>7</FeatureLogoRank></FeatureLogo><FeatureLogo><FeatureCode>F300009903</FeatureCode><FeatureReferenceName>Super Ergo Base</FeatureReferenceName><FeatureLogoRank>8</FeatureLogoRank></FeatureLogo><FeatureLogo><FeatureCode>F300004082</FeatureCode><FeatureReferenceName>Built-in speakers (business)</FeatureReferenceName><FeatureLogoRank>9</FeatureLogoRank></FeatureLogo><FeatureLogo><FeatureCode>F400036965</FeatureCode><FeatureReferenceName>M4 4 Ports USB 2.0 HUB</FeatureReferenceName><FeatureLogoRank>10</FeatureLogoRank></FeatureLogo><FeatureLogo><FeatureCode>F400034597</FeatureCode><FeatureReferenceName>Zero watt power switch</FeatureReferenceName><FeatureLogoRank>11</FeatureLogoRank></FeatureLogo><FeatureLogo><FeatureCode>F400035279</FeatureCode><FeatureReferenceName>TCO Edge</FeatureReferenceName><FeatureLogoRank>12</FeatureLogoRank></FeatureLogo><FeatureLogo><FeatureCode>F400018029</FeatureCode><FeatureReferenceName>EPEAT Gold</FeatureReferenceName><FeatureLogoRank>13</FeatureLogoRank></FeatureLogo><FeatureImage><FeatureCode>F400019720</FeatureCode><FeatureReferenceName>LED technology</FeatureReferenceName><FeatureImageRank>1</FeatureImageRank></FeatureImage><FeatureImage><FeatureCode>F400067665</FeatureCode><FeatureReferenceName>Flicker-free technology</FeatureReferenceName><FeatureImageRank>2</FeatureImageRank></FeatureImage><FeatureImage><FeatureCode>F400035289</FeatureCode><FeatureReferenceName>M4 SmartImage</FeatureReferenceName><FeatureImageRank>3</FeatureImageRank></FeatureImage><FeatureImage><FeatureCode>F400023546</FeatureCode><FeatureReferenceName>SmartContrast ratio 20000000:1</FeatureReferenceName><FeatureImageRank>4</FeatureImageRank></FeatureImage><FeatureImage><FeatureCode>F400035325</FeatureCode><FeatureReferenceName>SmartErgoBase</FeatureReferenceName><FeatureImageRank>5</FeatureImageRank></FeatureImage><FeatureImage><FeatureCode>F400035282</FeatureCode><FeatureReferenceName>Low bezel-to-table height</FeatureReferenceName><FeatureImageRank>6</FeatureImageRank></FeatureImage><FeatureImage><FeatureCode>F400035281</FeatureCode><FeatureReferenceName>Built-in stereo speakers for multimedia</FeatureReferenceName><FeatureImageRank>7</FeatureImageRank></FeatureImage><FeatureImage><FeatureCode>F400036965</FeatureCode><FeatureReferenceName>M4 4 Ports USB 2.0 HUB</FeatureReferenceName><FeatureImageRank>8</FeatureImageRank></FeatureImage><FeatureImage><FeatureCode>F400035276</FeatureCode><FeatureReferenceName>M4 PowerSensor</FeatureReferenceName><FeatureImageRank>9</FeatureImageRank></FeatureImage><FeatureImage><FeatureCode>F400076291</FeatureCode><FeatureReferenceName>TCO Edge_85%</FeatureReferenceName><FeatureImageRank>10</FeatureImageRank></FeatureImage><FeatureHighlight><FeatureCode>F400019720</FeatureCode><FeatureReferenceName>LED technology</FeatureReferenceName><FeatureHighlightRank>1</FeatureHighlightRank></FeatureHighlight><FeatureHighlight><FeatureCode>F400067665</FeatureCode><FeatureReferenceName>Flicker-free technology</FeatureReferenceName><FeatureHighlightRank>2</FeatureHighlightRank></FeatureHighlight><FeatureHighlight><FeatureCode>F400035289</FeatureCode><FeatureReferenceName>M4 SmartImage</FeatureReferenceName><FeatureHighlightRank>3</FeatureHighlightRank></FeatureHighlight><FeatureHighlight><FeatureCode>F400023546</FeatureCode><FeatureReferenceName>SmartContrast ratio 20000000:1</FeatureReferenceName><FeatureHighlightRank>4</FeatureHighlightRank></FeatureHighlight><FeatureHighlight><FeatureCode>F400035325</FeatureCode><FeatureReferenceName>SmartErgoBase</FeatureReferenceName><FeatureHighlightRank>5</FeatureHighlightRank></FeatureHighlight><FeatureHighlight><FeatureCode>F400035282</FeatureCode><FeatureReferenceName>Low bezel-to-table height</FeatureReferenceName><FeatureHighlightRank>6</FeatureHighlightRank></FeatureHighlight><FeatureHighlight><FeatureCode>F400035281</FeatureCode><FeatureReferenceName>Built-in stereo speakers for multimedia</FeatureReferenceName><FeatureHighlightRank>7</FeatureHighlightRank></FeatureHighlight><FeatureHighlight><FeatureCode>F400036965</FeatureCode><FeatureReferenceName>M4 4 Ports USB 2.0 HUB</FeatureReferenceName><FeatureHighlightRank>8</FeatureHighlightRank></FeatureHighlight><FeatureHighlight><FeatureCode>F400035276</FeatureCode><FeatureReferenceName>M4 PowerSensor</FeatureReferenceName><FeatureHighlightRank>9</FeatureHighlightRank></FeatureHighlight><FeatureHighlight><FeatureCode>F400076291</FeatureCode><FeatureReferenceName>TCO Edge_85%</FeatureReferenceName><FeatureHighlightRank>10</FeatureHighlightRank></FeatureHighlight><CSChapter><CSChapterCode>3000796</CSChapterCode><CSChapterName>Изображение/дисплей</CSChapterName><CSChapterRank>1</CSChapterRank><CSItem><CSItemCode>3006169</CSItemCode><CSItemName>Тип ЖК-панели</CSItemName><CSItemRank>1</CSItemRank><CSItemIsFreeFormat>0</CSItemIsFreeFormat><CSValue><CSValueCode>VA4015327</CSValueCode><CSValueName>TFT-ЖКД</CSValueName><CSValueRank>1</CSValueRank></CSValue></CSItem><CSItem><CSItemCode>IT4007209</CSItemCode><CSItemName>Тип подсветки</CSItemName><CSItemRank>2</CSItemRank><CSItemIsFreeFormat>1</CSItemIsFreeFormat><CSValue><CSValueCode>VA4018797</CSValueCode><CSValueName>Система W-LED</CSValueName><CSValueRank>1</CSValueRank></CSValue></CSItem><CSItem><CSItemCode>3006180</CSItemCode><CSItemName>Размер панели</CSItemName><CSItemRank>3</CSItemRank><CSItemIsFreeFormat>1</CSItemIsFreeFormat><CSValue><CSValueCode>3031218</CSValueCode><CSValueName>21,5 дюйма / 54,6 см</CSValueName><CSValueRank>1</CSValueRank></CSValue></CSItem><CSItem><CSItemCode>3006149</CSItemCode><CSItemName>Рабочая область просмотра</CSItemName><CSItemRank>4</CSItemRank><CSItemIsFreeFormat>1</CSItemIsFreeFormat><CSValue><CSValueCode>3031161</CSValueCode><CSValueName>476,64 (В) x 268,11 (Ш)</CSValueName><CSValueRank>1</CSValueRank></CSValue></CSItem><CSItem><CSItemCode>3006121</CSItemCode><CSItemName>Формат изображения</CSItemName><CSItemRank>5</CSItemRank><CSItemIsFreeFormat>0</CSItemIsFreeFormat><CSValue><CSValueCode>3031098</CSValueCode><CSValueName>16:9</CSValueName><CSValueRank>1</CSValueRank></CSValue></CSItem><CSItem><CSItemCode>3006193</CSItemCode><CSItemName>Оптимальное разрешение</CSItemName><CSItemRank>6</CSItemRank><CSItemIsFreeFormat>1</CSItemIsFreeFormat><CSValue><CSValueCode>3031277</CSValueCode><CSValueName>1920 x 1080 при 60 Гц</CSValueName><CSValueRank>1</CSValueRank></CSValue></CSItem><CSItem><CSItemCode>3006197</CSItemCode><CSItemName>Время отклика (типич.)</CSItemName><CSItemRank>7</CSItemRank><CSItemIsFreeFormat>1</CSItemIsFreeFormat><CSValue><CSValueCode>3031281</CSValueCode><CSValueName>5</CSValueName><CSValueRank>1</CSValueRank></CSValue><UnitOfMeasure><UnitOfMeasureCode>3000059</UnitOfMeasureCode><UnitOfMeasureName>миллисекунд(ы)</UnitOfMeasureName><UnitOfMeasureSymbol>мс</UnitOfMeasureSymbol></UnitOfMeasure></CSItem><CSItem><CSItemCode>3006127</CSItemCode><CSItemName>Яркость</CSItemName><CSItemRank>8</CSItemRank><CSItemIsFreeFormat>1</CSItemIsFreeFormat><CSValue><CSValueCode>3031110</CSValueCode><CSValueName>250</CSValueName><CSValueRank>1</CSValueRank></CSValue><UnitOfMeasure><UnitOfMeasureCode>3000038</UnitOfMeasureCode><UnitOfMeasureName>кандел на квадратный метр</UnitOfMeasureName><UnitOfMeasureSymbol>кд/м²</UnitOfMeasureSymbol></UnitOfMeasure></CSItem><CSItem><CSItemCode>3006133</CSItemCode><CSItemName>Коэфф. контрастности (типич.)</CSItemName><CSItemRank>9</CSItemRank><CSItemIsFreeFormat>1</CSItemIsFreeFormat><CSValue><CSValueCode>3031116</CSValueCode><CSValueName>1000:1</CSValueName><CSValueRank>1</CSValueRank></CSValue></CSItem><CSItem><CSItemCode>IT4006148</CSItemCode><CSItemName>SmartContrast</CSItemName><CSItemRank>10</CSItemRank><CSItemIsFreeFormat>1</CSItemIsFreeFormat><CSValue><CSValueCode>VA4017351</CSValueCode><CSValueName>20 000 000:1</CSValueName><CSValueRank>1</CSValueRank></CSValue></CSItem><CSItem><CSItemCode>3006186</CSItemCode><CSItemName>Шаг пикселей</CSItemName><CSItemRank>11</CSItemRank><CSItemIsFreeFormat>1</CSItemIsFreeFormat><CSValue><CSValueCode>3031270</CSValueCode><CSValueName>0,248 x 0,248 мм</CSValueName><CSValueRank>1</CSValueRank></CSValue></CSItem><CSItem><CSItemCode>3007518</CSItemCode><CSItemName>Угол просмотра</CSItemName><CSItemRank>12</CSItemRank><CSItemIsFreeFormat>0</CSItemIsFreeFormat><CSValue><CSValueCode>VA4000181</CSValueCode><CSValueName>170º (Г) / 160º (В)</CSValueName><CSValueRank>1</CSValueRank></CSValue><CSValue><CSValueCode>3035028</CSValueCode><CSValueName>@ C/R &gt; 10</CSValueName><CSValueRank>2</CSValueRank></CSValue></CSItem><CSItem><CSItemCode>3006183</CSItemCode><CSItemName>Улучшение изображения</CSItemName><CSItemRank>13</CSItemRank><CSItemIsFreeFormat>0</CSItemIsFreeFormat><CSValue><CSValueCode>3049169</CSValueCode><CSValueName>SmartImage</CSValueName><CSValueRank>1</CSValueRank></CSValue></CSItem><CSItem><CSItemCode>3006143</CSItemCode><CSItemName>Цвета дисплея</CSItemName><CSItemRank>14</CSItemRank><CSItemIsFreeFormat>1</CSItemIsFreeFormat><CSValue><CSValueCode>3031126</CSValueCode><CSValueName>16,7 M</CSValueName><CSValueRank>1</CSValueRank></CSValue></CSItem><CSItem><CSItemCode>IT4006149</CSItemCode><CSItemName>Частота сканирования</CSItemName><CSItemRank>15</CSItemRank><CSItemIsFreeFormat>1</CSItemIsFreeFormat><CSValue><CSValueCode>VA4017352</CSValueCode><CSValueName>30 — 83 кГц (Г) / 56 -76 Гц (В)</CSValueName><CSValueRank>1</CSValueRank></CSValue></CSItem><CSItem><CSItemCode>3006207</CSItemCode><CSItemName>sRGB</CSItemName><CSItemRank>16</CSItemRank><CSItemIsFreeFormat>1</CSItemIsFreeFormat><CSValue><CSValueCode>3031306</CSValueCode><CSValueName>Да</CSValueName><CSValueRank>1</CSValueRank></CSValue></CSItem></CSChapter><CSChapter><CSChapterCode>3000813</CSChapterCode><CSChapterName>Подключения</CSChapterName><CSChapterRank>2</CSChapterRank><CSItem><CSItemCode>3006576</CSItemCode><CSItemName>Вход сигнала</CSItemName><CSItemRank>1</CSItemRank><CSItemIsFreeFormat>0</CSItemIsFreeFormat><CSValue><CSValueCode>VA4015427</CSValueCode><CSValueName>DVI-D (цифровой HDCP)</CSValueName><CSValueRank>1</CSValueRank></CSValue><CSValue><CSValueCode>3036216</CSValueCode><CSValueName>VGA (аналоговый)</CSValueName><CSValueRank>2</CSValueRank></CSValue></CSItem><CSItem><CSItemCode>3006583</CSItemCode><CSItemName>USB</CSItemName><CSItemRank>2</CSItemRank><CSItemIsFreeFormat>0</CSItemIsFreeFormat><CSValue><CSValueCode>3045395</CSValueCode><CSValueName>USB 2.0 x 4</CSValueName><CSValueRank>1</CSValueRank></CSValue></CSItem><CSItem><CSItemCode>3006588</CSItemCode><CSItemName>Синхронизация входного сигнала</CSItemName><CSItemRank>3</CSItemRank><CSItemIsFreeFormat>0</CSItemIsFreeFormat><CSValue><CSValueCode>3032392</CSValueCode><CSValueName>Раздельная синхронизация</CSValueName><CSValueRank>1</CSValueRank></CSValue><CSValue><CSValueCode>3032393</CSValueCode><CSValueName>Синхронизация по зеленому</CSValueName><CSValueRank>2</CSValueRank></CSValue></CSItem><CSItem><CSItemCode>IT4005621</CSItemCode><CSItemName>Аудиовход/аудиовыход</CSItemName><CSItemRank>4</CSItemRank><CSItemIsFreeFormat>0</CSItemIsFreeFormat><CSValue><CSValueCode>VA4025083</CSValueCode><CSValueName>Аудиовход ПК</CSValueName><CSValueRank>1</CSValueRank></CSValue><CSValue><CSValueCode>VA4025085</CSValueCode><CSValueName>Выход для наушников</CSValueName><CSValueRank>2</CSValueRank></CSValue></CSItem></CSChapter><CSChapter><CSChapterCode>3000814</CSChapterCode><CSChapterName>Комфорт</CSChapterName><CSChapterRank>3</CSChapterRank><CSItem><CSItemCode>IT4014853</CSItemCode><CSItemName>Встроенные АС</CSItemName><CSItemRank>1</CSItemRank><CSItemIsFreeFormat>1</CSItemIsFreeFormat><CSValue><CSValueCode>VA4028064</CSValueCode><CSValueName>2 Вт x 2</CSValueName><CSValueRank>1</CSValueRank></CSValue></CSItem><CSItem><CSItemCode>3006633</CSItemCode><CSItemName>Удобство пользователя</CSItemName><CSItemRank>2</CSItemRank><CSItemIsFreeFormat>0</CSItemIsFreeFormat><CSValue><CSValueCode>VA4015428</CSValueCode><CSValueName>SmartImage</CSValueName><CSValueRank>1</CSValueRank></CSValue><CSValue><CSValueCode>VA4017355</CSValueCode><CSValueName>Громкость</CSValueName><CSValueRank>2</CSValueRank></CSValue><CSValue><CSValueCode>VA4022516</CSValueCode><CSValueName>PowerSensor</CSValueName><CSValueRank>3</CSValueRank></CSValue><CSValue><CSValueCode>VA4017357</CSValueCode><CSValueName>Меню</CSValueName><CSValueRank>4</CSValueRank></CSValue><CSValue><CSValueCode>VA4017554</CSValueCode><CSValueName>Вкл./выкл. питание</CSValueName><CSValueRank>5</CSValueRank></CSValue></CSItem><CSItem><CSItemCode>IT4019071</CSItemCode><CSItemName>ПО для управления</CSItemName><CSItemRank>3</CSItemRank><CSItemIsFreeFormat>0</CSItemIsFreeFormat><CSValue><CSValueCode>VA4085179</CSValueCode><CSValueName>ПО SmartControl</CSValueName><CSValueRank>1</CSValueRank></CSValue></CSItem><CSItem><CSItemCode>3006693</CSItemCode><CSItemName>Языки экранных меню</CSItemName><CSItemRank>4</CSItemRank><CSItemIsFreeFormat>0</CSItemIsFreeFormat><CSValue><CSValueCode>VA4065363</CSValueCode><CSValueName>Португальский (Бразилия)</CSValueName><CSValueRank>1</CSValueRank></CSValue><CSValue><CSValueCode>3034561</CSValueCode><CSValueName>Чешский</CSValueName><CSValueRank>2</CSValueRank></CSValue><CSValue><CSValueCode>3034565</CSValueCode><CSValueName>Голландский</CSValueName><CSValueRank>3</CSValueRank></CSValue><CSValue><CSValueCode>3032771</CSValueCode><CSValueName>Английский</CSValueName><CSValueRank>4</CSValueRank></CSValue><CSValue><CSValueCode>VA4063224</CSValueCode><CSValueName>Финский</CSValueName><CSValueRank>5</CSValueRank></CSValue><CSValue><CSValueCode>3032772</CSValueCode><CSValueName>Французский</CSValueName><CSValueRank>6</CSValueRank></CSValue><CSValue><CSValueCode>3032773</CSValueCode><CSValueName>Немецкий</CSValueName><CSValueRank>7</CSValueRank></CSValue><CSValue><CSValueCode>VA4002508</CSValueCode><CSValueName>Греческий</CSValueName><CSValueRank>8</CSValueRank></CSValue><CSValue><CSValueCode>3034563</CSValueCode><CSValueName>Венгерский</CSValueName><CSValueRank>9</CSValueRank></CSValue><CSValue><CSValueCode>3032774</CSValueCode><CSValueName>Итальянский</CSValueName><CSValueRank>10</CSValueRank></CSValue><CSValue><CSValueCode>3038221</CSValueCode><CSValueName>Японский</CSValueName><CSValueRank>11</CSValueRank></CSValue><CSValue><CSValueCode>3039946</CSValueCode><CSValueName>Корейский</CSValueName><CSValueRank>12</CSValueRank></CSValue><CSValue><CSValueCode>3034564</CSValueCode><CSValueName>Польский</CSValueName><CSValueRank>13</CSValueRank></CSValue><CSValue><CSValueCode>3032775</CSValueCode><CSValueName>Португальский</CSValueName><CSValueRank>14</CSValueRank></CSValue><CSValue><CSValueCode>3032776</CSValueCode><CSValueName>Русский</CSValueName><CSValueRank>15</CSValueRank></CSValue><CSValue><CSValueCode>3034114</CSValueCode><CSValueName>Упрощенный китайский</CSValueName><CSValueRank>16</CSValueRank></CSValue><CSValue><CSValueCode>3032777</CSValueCode><CSValueName>Испанский</CSValueName><CSValueRank>17</CSValueRank></CSValue><CSValue><CSValueCode>3034562</CSValueCode><CSValueName>Шведский</CSValueName><CSValueRank>18</CSValueRank></CSValue><CSValue><CSValueCode>3034115</CSValueCode><CSValueName>Традиционный китайский</CSValueName><CSValueRank>19</CSValueRank></CSValue><CSValue><CSValueCode>3035749</CSValueCode><CSValueName>Турецкий</CSValueName><CSValueRank>20</CSValueRank></CSValue><CSValue><CSValueCode>VA4065364</CSValueCode><CSValueName>Украинский</CSValueName><CSValueRank>21</CSValueRank></CSValue></CSItem><CSItem><CSItemCode>3006694</CSItemCode><CSItemName>Другие удобства</CSItemName><CSItemRank>5</CSItemRank><CSItemIsFreeFormat>0</CSItemIsFreeFormat><CSValue><CSValueCode>3032778</CSValueCode><CSValueName>Замок Kensington</CSValueName><CSValueRank>1</CSValueRank></CSValue><CSValue><CSValueCode>VA4016754</CSValueCode><CSValueName>Крепление VESA (100x100 мм)</CSValueName><CSValueRank>2</CSValueRank></CSValue></CSItem><CSItem><CSItemCode>3006699</CSItemCode><CSItemName>Совместимость с системой Plug &amp; Play</CSItemName><CSItemRank>6</CSItemRank><CSItemIsFreeFormat>0</CSItemIsFreeFormat><CSValue><CSValueCode>3043209</CSValueCode><CSValueName>DDC CI</CSValueName><CSValueRank>1</CSValueRank></CSValue><CSValue><CSValueCode>3046249</CSValueCode><CSValueName>Mac OS X</CSValueName><CSValueRank>2</CSValueRank></CSValue><CSValue><CSValueCode>3032788</CSValueCode><CSValueName>sRGB</CSValueName><CSValueRank>3</CSValueRank></CSValue><CSValue><CSValueCode>VA4091311</CSValueCode><CSValueName>Windows 10/8.1/8/7</CSValueName><CSValueRank>4</CSValueRank></CSValue></CSItem></CSChapter><CSChapter><CSChapterCode>CH4000824</CSChapterCode><CSChapterName>Подставка</CSChapterName><CSChapterRank>4</CSChapterRank><CSItem><CSItemCode>IT4004951</CSItemCode><CSItemName>Настройка высоты</CSItemName><CSItemRank>1</CSItemRank><CSItemIsFreeFormat>1</CSItemIsFreeFormat><CSValue><CSValueCode>VA4015656</CSValueCode><CSValueName>110</CSValueName><CSValueRank>1</CSValueRank></CSValue><UnitOfMeasure><UnitOfMeasureCode>3000058</UnitOfMeasureCode><UnitOfMeasureName>миллиметра</UnitOfMeasureName><UnitOfMeasureSymbol>мм</UnitOfMeasureSymbol></UnitOfMeasure></CSItem><CSItem><CSItemCode>IT4004952</CSItemCode><CSItemName>Поворот на шарнире</CSItemName><CSItemRank>2</CSItemRank><CSItemIsFreeFormat>1</CSItemIsFreeFormat><CSValue><CSValueCode>VA4015657</CSValueCode><CSValueName>90 градусов</CSValueName><CSValueRank>1</CSValueRank></CSValue></CSItem><CSItem><CSItemCode>IT4004953</CSItemCode><CSItemName>поворотный</CSItemName><CSItemRank>3</CSItemRank><CSItemIsFreeFormat>1</CSItemIsFreeFormat><CSValue><CSValueCode>VA4015658</CSValueCode><CSValueName>- 75/+ 75</CSValueName><CSValueRank>1</CSValueRank></CSValue><UnitOfMeasure><UnitOfMeasureCode>3000042</UnitOfMeasureCode><UnitOfMeasureName>градусов</UnitOfMeasureName><UnitOfMeasureSymbol>градусов</UnitOfMeasureSymbol></UnitOfMeasure></CSItem><CSItem><CSItemCode>IT4004954</CSItemCode><CSItemName>Наклон</CSItemName><CSItemRank>4</CSItemRank><CSItemIsFreeFormat>1</CSItemIsFreeFormat><CSValue><CSValueCode>VA4015659</CSValueCode><CSValueName>-5/20</CSValueName><CSValueRank>1</CSValueRank></CSValue><UnitOfMeasure><UnitOfMeasureCode>3000042</UnitOfMeasureCode><UnitOfMeasureName>градусов</UnitOfMeasureName><UnitOfMeasureSymbol>градусов</UnitOfMeasureSymbol></UnitOfMeasure></CSItem></CSChapter><CSChapter><CSChapterCode>3000821</CSChapterCode><CSChapterName>Мощность</CSChapterName><CSChapterRank>5</CSChapterRank><CSItem><CSItemCode>IT4006562</CSItemCode><CSItemName>Режим ECO</CSItemName><CSItemRank>1</CSItemRank><CSItemIsFreeFormat>1</CSItemIsFreeFormat><CSValue><CSValueCode>VA4017986</CSValueCode><CSValueName>11,01 Вт (типич.)</CSValueName><CSValueRank>1</CSValueRank></CSValue></CSItem><CSItem><CSItemCode>IT4005861</CSItemCode><CSItemName>В активном режиме</CSItemName><CSItemRank>2</CSItemRank><CSItemIsFreeFormat>1</CSItemIsFreeFormat><CSValue><CSValueCode>VA4017025</CSValueCode><CSValueName>15,1 Вт (типич.) (метод проверки EnergyStar 7.0)</CSValueName><CSValueRank>1</CSValueRank></CSValue></CSItem><CSItem><CSItemCode>IT4006150</CSItemCode><CSItemName>В режиме ожидания</CSItemName><CSItemRank>3</CSItemRank><CSItemIsFreeFormat>1</CSItemIsFreeFormat><CSValue><CSValueCode>VA4017360</CSValueCode><CSValueName>&lt; 0,3 Вт (типич.)</CSValueName><CSValueRank>1</CSValueRank></CSValue></CSItem><CSItem><CSItemCode>IT4006081</CSItemCode><CSItemName>В выключенном состоянии</CSItemName><CSItemRank>4</CSItemRank><CSItemIsFreeFormat>1</CSItemIsFreeFormat><CSValue><CSValueCode>VA4017285</CSValueCode><CSValueName>0 Вт с выключателем переменного тока</CSValueName><CSValueRank>1</CSValueRank></CSValue></CSItem><CSItem><CSItemCode>3006931</CSItemCode><CSItemName>LED-индикатор питания</CSItemName><CSItemRank>5</CSItemRank><CSItemIsFreeFormat>0</CSItemIsFreeFormat><CSValue><CSValueCode>VA4015465</CSValueCode><CSValueName>Режим работы — белый</CSValueName><CSValueRank>1</CSValueRank></CSValue><CSValue><CSValueCode>VA4017406</CSValueCode><CSValueName>Режим ожидания — белый (мигающий)</CSValueName><CSValueRank>2</CSValueRank></CSValue></CSItem><CSItem><CSItemCode>3006932</CSItemCode><CSItemName>Источник питания</CSItemName><CSItemRank>6</CSItemRank><CSItemIsFreeFormat>0</CSItemIsFreeFormat><CSValue><CSValueCode>3033321</CSValueCode><CSValueName>Встроенный</CSValueName><CSValueRank>1</CSValueRank></CSValue><CSValue><CSValueCode>VA4050622</CSValueCode><CSValueName>100—240 В перем. тока, 50—60 Гц</CSValueName><CSValueRank>2</CSValueRank></CSValue></CSItem></CSChapter><CSChapter><CSChapterCode>3000820</CSChapterCode><CSChapterName>Размеры</CSChapterName><CSChapterRank>6</CSChapterRank><CSItem><CSItemCode>IT4027351</CSItemCode><CSItemName>Изделие с подставкой (макс. высота)</CSItemName><CSItemRank>1</CSItemRank><CSItemIsFreeFormat>1</CSItemIsFreeFormat><CSValue><CSValueCode>VA4064381</CSValueCode><CSValueName>511 x 483 x 227</CSValueName><CSValueRank>1</CSValueRank></CSValue><UnitOfMeasure><UnitOfMeasureCode>3000058</UnitOfMeasureCode><UnitOfMeasureName>миллиметра</UnitOfMeasureName><UnitOfMeasureSymbol>мм</UnitOfMeasureSymbol></UnitOfMeasure></CSItem><CSItem><CSItemCode>IT4005765</CSItemCode><CSItemName>Изделие без подставки (мм)</CSItemName><CSItemRank>2</CSItemRank><CSItemIsFreeFormat>1</CSItemIsFreeFormat><CSValue><CSValueCode>VA4016931</CSValueCode><CSValueName>511 x 319 x 52</CSValueName><CSValueRank>1</CSValueRank></CSValue><UnitOfMeasure><UnitOfMeasureCode>3000058</UnitOfMeasureCode><UnitOfMeasureName>миллиметра</UnitOfMeasureName><UnitOfMeasureSymbol>мм</UnitOfMeasureSymbol></UnitOfMeasure></CSItem><CSItem><CSItemCode>IT4005766</CSItemCode><CSItemName>Размеры упаковки в мм (ШxВxГ)</CSItemName><CSItemRank>3</CSItemRank><CSItemIsFreeFormat>1</CSItemIsFreeFormat><CSValue><CSValueCode>VA4016932</CSValueCode><CSValueName>565 x 422 x 184</CSValueName><CSValueRank>1</CSValueRank></CSValue><UnitOfMeasure><UnitOfMeasureCode>3000058</UnitOfMeasureCode><UnitOfMeasureName>миллиметра</UnitOfMeasureName><UnitOfMeasureSymbol>мм</UnitOfMeasureSymbol></UnitOfMeasure></CSItem></CSChapter><CSChapter><CSChapterCode>CH4000702</CSChapterCode><CSChapterName>Вес</CSChapterName><CSChapterRank>7</CSChapterRank><CSItem><CSItemCode>IT4005770</CSItemCode><CSItemName>Изделие с подставкой (кг)</CSItemName><CSItemRank>1</CSItemRank><CSItemIsFreeFormat>1</CSItemIsFreeFormat><CSValue><CSValueCode>VA4016936</CSValueCode><CSValueName>4,83</CSValueName><CSValueRank>1</CSValueRank></CSValue><UnitOfMeasure><UnitOfMeasureCode>3000049</UnitOfMeasureCode><UnitOfMeasureName>(килограммы)</UnitOfMeasureName><UnitOfMeasureSymbol>кг</UnitOfMeasureSymbol></UnitOfMeasure></CSItem><CSItem><CSItemCode>IT4005771</CSItemCode><CSItemName>Изделие без подставки (кг)</CSItemName><CSItemRank>2</CSItemRank><CSItemIsFreeFormat>1</CSItemIsFreeFormat><CSValue><CSValueCode>VA4016937</CSValueCode><CSValueName>2,99</CSValueName><CSValueRank>1</CSValueRank></CSValue><UnitOfMeasure><UnitOfMeasureCode>3000049</UnitOfMeasureCode><UnitOfMeasureName>(килограммы)</UnitOfMeasureName><UnitOfMeasureSymbol>кг</UnitOfMeasureSymbol></UnitOfMeasure></CSItem><CSItem><CSItemCode>IT4005772</CSItemCode><CSItemName>Изделие с упаковкой (кг)</CSItemName><CSItemRank>3</CSItemRank><CSItemIsFreeFormat>1</CSItemIsFreeFormat><CSValue><CSValueCode>VA4016938</CSValueCode><CSValueName>6,61</CSValueName><CSValueRank>1</CSValueRank></CSValue><UnitOfMeasure><UnitOfMeasureCode>3000049</UnitOfMeasureCode><UnitOfMeasureName>(килограммы)</UnitOfMeasureName><UnitOfMeasureSymbol>кг</UnitOfMeasureSymbol></UnitOfMeasure></CSItem></CSChapter><CSChapter><CSChapterCode>CH4000823</CSChapterCode><CSChapterName>Условия эксплуатации</CSChapterName><CSChapterRank>8</CSChapterRank><CSItem><CSItemCode>IT4004946</CSItemCode><CSItemName>Диапазон температур (эксплуатация)</CSItemName><CSItemRank>1</CSItemRank><CSItemIsFreeFormat>1</CSItemIsFreeFormat><CSValue><CSValueCode>VA4015651</CSValueCode><CSValueName>от 0 °C до 40 °C</CSValueName><CSValueRank>1</CSValueRank></CSValue><UnitOfMeasure><UnitOfMeasureCode>3000081</UnitOfMeasureCode><UnitOfMeasureName>градусов Цельсия</UnitOfMeasureName><UnitOfMeasureSymbol>°C</UnitOfMeasureSymbol></UnitOfMeasure></CSItem><CSItem><CSItemCode>IT4004947</CSItemCode><CSItemName>Диапазон температур (хранение)</CSItemName><CSItemRank>2</CSItemRank><CSItemIsFreeFormat>1</CSItemIsFreeFormat><CSValue><CSValueCode>VA4015652</CSValueCode><CSValueName>от -20 °C до 60 °C</CSValueName><CSValueRank>1</CSValueRank></CSValue><UnitOfMeasure><UnitOfMeasureCode>3000081</UnitOfMeasureCode><UnitOfMeasureName>градусов Цельсия</UnitOfMeasureName><UnitOfMeasureSymbol>°C</UnitOfMeasureSymbol></UnitOfMeasure></CSItem><CSItem><CSItemCode>IT4004948</CSItemCode><CSItemName>Относительная влажность</CSItemName><CSItemRank>3</CSItemRank><CSItemIsFreeFormat>1</CSItemIsFreeFormat><CSValue><CSValueCode>VA4015653</CSValueCode><CSValueName>20–80</CSValueName><CSValueRank>1</CSValueRank></CSValue><UnitOfMeasure><UnitOfMeasureCode>3000065</UnitOfMeasureCode><UnitOfMeasureName>процентов</UnitOfMeasureName><UnitOfMeasureSymbol>%</UnitOfMeasureSymbol></UnitOfMeasure></CSItem><CSItem><CSItemCode>IT4023612</CSItemCode><CSItemName>Высота</CSItemName><CSItemRank>4</CSItemRank><CSItemIsFreeFormat>1</CSItemIsFreeFormat><CSValue><CSValueCode>VA4054761</CSValueCode><CSValueName>Рабочий режим: +3658 м, бездействие: +12 192 м</CSValueName><CSValueRank>1</CSValueRank></CSValue></CSItem><CSItem><CSItemCode>IT4004949</CSItemCode><CSItemName>Среднее время между отказами</CSItemName><CSItemRank>5</CSItemRank><CSItemIsFreeFormat>1</CSItemIsFreeFormat><CSValue><CSValueCode>VA4015654</CSValueCode><CSValueName>70 000 ч (без подсветки)</CSValueName><CSValueRank>1</CSValueRank></CSValue><UnitOfMeasure><UnitOfMeasureCode>4000007</UnitOfMeasureCode><UnitOfMeasureName>- часов</UnitOfMeasureName><UnitOfMeasureSymbol>часов</UnitOfMeasureSymbol></UnitOfMeasure></CSItem></CSChapter><CSChapter><CSChapterCode>CH4000822</CSChapterCode><CSChapterName>Забота об окружающей среде</CSChapterName><CSChapterRank>9</CSChapterRank><CSItem><CSItemCode>IT4004941</CSItemCode><CSItemName>Окружающая среда и электроэнергия</CSItemName><CSItemRank>1</CSItemRank><CSItemIsFreeFormat>0</CSItemIsFreeFormat><CSValue><CSValueCode>VA4094404</CSValueCode><CSValueName>EnergyStar 7.0</CSValueName><CSValueRank>1</CSValueRank></CSValue><CSValue><CSValueCode>VA4042542</CSValueCode><CSValueName>PowerSensor</CSValueName><CSValueRank>2</CSValueRank></CSValue><CSValue><CSValueCode>VA4060101</CSValueCode><CSValueName>EPEAT Gold*</CSValueName><CSValueRank>3</CSValueRank></CSValue><CSValue><CSValueCode>VA4039413</CSValueCode><CSValueName>Сертификат TCO Edge</CSValueName><CSValueRank>4</CSValueRank></CSValue><CSValue><CSValueCode>VA4015645</CSValueCode><CSValueName>RoHS</CSValueName><CSValueRank>5</CSValueRank></CSValue></CSItem><CSItem><CSItemCode>IT4004944</CSItemCode><CSItemName>Упаковка пригодна для вторичной переработки</CSItemName><CSItemRank>2</CSItemRank><CSItemIsFreeFormat>1</CSItemIsFreeFormat><CSValue><CSValueCode>VA4015649</CSValueCode><CSValueName>100</CSValueName><CSValueRank>1</CSValueRank></CSValue><UnitOfMeasure><UnitOfMeasureCode>3000065</UnitOfMeasureCode><UnitOfMeasureName>процентов</UnitOfMeasureName><UnitOfMeasureSymbol>%</UnitOfMeasureSymbol></UnitOfMeasure></CSItem><CSItem><CSItemCode>IT4019073</CSItemCode><CSItemName>Доля переработанного пластика</CSItemName><CSItemRank>3</CSItemRank><CSItemIsFreeFormat>0</CSItemIsFreeFormat><CSValue><CSValueCode>VA4093453</CSValueCode><CSValueName>85 %</CSValueName><CSValueRank>1</CSValueRank></CSValue></CSItem><CSItem><CSItemCode>IT4018633</CSItemCode><CSItemName>Специфические вещества</CSItemName><CSItemRank>4</CSItemRank><CSItemIsFreeFormat>0</CSItemIsFreeFormat><CSValue><CSValueCode>VA4039543</CSValueCode><CSValueName>Не содержит ПВХ/бромсодержащий антипирен</CSValueName><CSValueRank>1</CSValueRank></CSValue><CSValue><CSValueCode>VA4042544</CSValueCode><CSValueName>Не содержит ртуть</CSValueName><CSValueRank>2</CSValueRank></CSValue><CSValue><CSValueCode>VA4042543</CSValueCode><CSValueName>Не содержит свинца</CSValueName><CSValueRank>3</CSValueRank></CSValue></CSItem></CSChapter><CSChapter><CSChapterCode>CH4001161</CSChapterCode><CSChapterName>Соответствие стандартам</CSChapterName><CSChapterRank>10</CSChapterRank><CSItem><CSItemCode>IT4006152</CSItemCode><CSItemName>Подтверждение соответствия нормативам</CSItemName><CSItemRank>1</CSItemRank><CSItemIsFreeFormat>0</CSItemIsFreeFormat><CSValue><CSValueCode>VA4017361</CSValueCode><CSValueName>Маркировка CE</CSValueName><CSValueRank>1</CSValueRank></CSValue><CSValue><CSValueCode>VA4027482</CSValueCode><CSValueName>FCC класс B</CSValueName><CSValueRank>2</CSValueRank></CSValue><CSValue><CSValueCode>VA4017365</CSValueCode><CSValueName>SEMKO</CSValueName><CSValueRank>3</CSValueRank></CSValue><CSValue><CSValueCode>VA4064941</CSValueCode><CSValueName>cETLus</CSValueName><CSValueRank>4</CSValueRank></CSValue><CSValue><CSValueCode>VA4083906</CSValueCode><CSValueName>CU-EAC</CSValueName><CSValueRank>5</CSValueRank></CSValue><CSValue><CSValueCode>VA4093262</CSValueCode><CSValueName>Сертификат TCO Edge</CSValueName><CSValueRank>6</CSValueRank></CSValue><CSValue><CSValueCode>VA4017368</CSValueCode><CSValueName>TUV/GS</CSValueName><CSValueRank>7</CSValueRank></CSValue><CSValue><CSValueCode>VA4017369</CSValueCode><CSValueName>TUV Ergo</CSValueName><CSValueRank>8</CSValueRank></CSValue><CSValue><CSValueCode>VA4054941</CSValueCode><CSValueName>EPA</CSValueName><CSValueRank>9</CSValueRank></CSValue><CSValue><CSValueCode>VA4033549</CSValueCode><CSValueName>PSB</CSValueName><CSValueRank>10</CSValueRank></CSValue><CSValue><CSValueCode>VA4033547</CSValueCode><CSValueName>WEEE</CSValueName><CSValueRank>11</CSValueRank></CSValue><CSValue><CSValueCode>VA4090213</CSValueCode><CSValueName>RCM</CSValueName><CSValueRank>12</CSValueRank></CSValue><CSValue><CSValueCode>VA4085218</CSValueCode><CSValueName>УКРАИНСКИЙ</CSValueName><CSValueRank>13</CSValueRank></CSValue><CSValue><CSValueCode>VA4017548</CSValueCode><CSValueName>CECP</CSValueName><CSValueRank>14</CSValueRank></CSValue><CSValue><CSValueCode>VA4083905</CSValueCode><CSValueName>ICES-003</CSValueName><CSValueRank>15</CSValueRank></CSValue><CSValue><CSValueCode>VA4083908</CSValueCode><CSValueName>E-standby</CSValueName><CSValueRank>16</CSValueRank></CSValue><CSValue><CSValueCode>VA4083909</CSValueCode><CSValueName>J-MOSS</CSValueName><CSValueRank>17</CSValueRank></CSValue></CSItem></CSChapter><CSChapter><CSChapterCode>CH4000825</CSChapterCode><CSChapterName>Корпус</CSChapterName><CSChapterRank>11</CSChapterRank><CSItem><CSItemCode>IT4019074</CSItemCode><CSItemName>Фронтальная рамка</CSItemName><CSItemRank>1</CSItemRank><CSItemIsFreeFormat>1</CSItemIsFreeFormat><CSValue><CSValueCode>VA4042547</CSValueCode><CSValueName>Черный</CSValueName><CSValueRank>1</CSValueRank></CSValue></CSItem><CSItem><CSItemCode>IT4019075</CSItemCode><CSItemName>Задняя панель</CSItemName><CSItemRank>2</CSItemRank><CSItemIsFreeFormat>1</CSItemIsFreeFormat><CSValue><CSValueCode>VA4042548</CSValueCode><CSValueName>Черный</CSValueName><CSValueRank>1</CSValueRank></CSValue></CSItem><CSItem><CSItemCode>IT4019076</CSItemCode><CSItemName>Основание</CSItemName><CSItemRank>3</CSItemRank><CSItemIsFreeFormat>1</CSItemIsFreeFormat><CSValue><CSValueCode>VA4042549</CSValueCode><CSValueName>Черный</CSValueName><CSValueRank>1</CSValueRank></CSValue></CSItem><CSItem><CSItemCode>IT4004956</CSItemCode><CSItemName>Отделка</CSItemName><CSItemRank>4</CSItemRank><CSItemIsFreeFormat>1</CSItemIsFreeFormat><CSValue><CSValueCode>VA4015661</CSValueCode><CSValueName>Текстура</CSValueName><CSValueRank>1</CSValueRank></CSValue></CSItem></CSChapter><CSChapter><CSChapterCode>CH4008581</CSChapterCode><CSChapterName>Комплект поставки</CSChapterName><CSChapterRank>13</CSChapterRank><CSItem><CSItemCode>IT4041000</CSItemCode><CSItemName>Кабели</CSItemName><CSItemRank>1</CSItemRank><CSItemIsFreeFormat>1</CSItemIsFreeFormat><CSValue><CSValueCode>VA4095570</CSValueCode><CSValueName>VGA, DVI, аудиокабель, кабель питания</CSValueName><CSValueRank>1</CSValueRank></CSValue></CSItem><CSItem><CSItemCode>IT4040999</CSItemCode><CSItemName>Монитор с подставкой</CSItemName><CSItemRank>2</CSItemRank><CSItemIsFreeFormat>1</CSItemIsFreeFormat><CSValue><CSValueCode>VA4095569</CSValueCode><CSValueName>Да</CSValueName><CSValueRank>1</CSValueRank></CSValue></CSItem><CSItem><CSItemCode>IT4041030</CSItemCode><CSItemName>Пользовательская документация</CSItemName><CSItemRank>3</CSItemRank><CSItemIsFreeFormat>1</CSItemIsFreeFormat><CSValue><CSValueCode>VA4095604</CSValueCode><CSValueName>Да</CSValueName><CSValueRank>1</CSValueRank></CSValue></CSItem></CSChapter><Filters><Purpose type="Comparison"><Features><Feature code="F400019720" rank="1" referenceName="LED technology"/><Feature code="F400067665" rank="2" referenceName="Flicker-free technology"/><Feature code="F400035289" rank="3" referenceName="M4 SmartImage"/><Feature code="F400023546" rank="4" referenceName="SmartContrast ratio 20000000:1"/><Feature code="F400035325" rank="5" referenceName="SmartErgoBase"/><Feature code="F400035282" rank="6" referenceName="Low bezel-to-table height"/><Feature code="F400035281" rank="7" referenceName="Built-in stereo speakers for multimedia"/><Feature code="F400036965" rank="8" referenceName="M4 4 Ports USB 2.0 HUB"/><Feature code="F400035276" rank="9" referenceName="M4 PowerSensor"/><Feature code="F400076291" rank="10" referenceName="TCO Edge_85%"/></Features><CSItems><CSItem code="3006169" rank="1" referenceName="Изображение/дисплей - Тип ЖК-панели"/><CSItem code="3006576" rank="1" referenceName="Подключения - Вход сигнала"/><CSItem code="IT4014853" rank="1" referenceName="Комфорт - Встроенные АС"/><CSItem code="IT4004951" rank="1" referenceName="Подставка - Настройка высоты"/><CSItem code="IT4006562" rank="1" referenceName="Мощность - Режим ECO"/><CSItem code="IT4027351" rank="1" referenceName="Размеры - Изделие с подставкой (макс. высота)"/><CSItem code="IT4005770" rank="1" referenceName="Вес - Изделие с подставкой (кг)"/><CSItem code="IT4004946" rank="1" referenceName="Условия эксплуатации - Диапазон температур (эксплуатация)"/><CSItem code="IT4004941" rank="1" referenceName="Забота об окружающей среде - Окружающая среда и электроэнергия"/><CSItem code="IT4006152" rank="1" referenceName="Соответствие стандартам - Подтверждение соответствия нормативам"/><CSItem code="IT4019074" rank="1" referenceName="Корпус - Фронтальная рамка"/><CSItem code="IT4041000" rank="1" referenceName="Комплект поставки - Кабели"/><CSItem code="IT4007209" rank="2" referenceName="Изображение/дисплей - Тип подсветки"/><CSItem code="3006583" rank="2" referenceName="Подключения - USB"/><CSItem code="3006633" rank="2" referenceName="Комфорт - Удобство пользователя"/><CSItem code="IT4004952" rank="2" referenceName="Подставка - Поворот на шарнире"/><CSItem code="IT4005861" rank="2" referenceName="Мощность - В активном режиме"/><CSItem code="IT4005765" rank="2" referenceName="Размеры - Изделие без подставки (мм)"/><CSItem code="IT4005771" rank="2" referenceName="Вес - Изделие без подставки (кг)"/><CSItem code="IT4004947" rank="2" referenceName="Условия эксплуатации - Диапазон температур (хранение)"/><CSItem code="IT4004944" rank="2" referenceName="Забота об окружающей среде - Упаковка пригодна для вторичной переработки"/><CSItem code="IT4019075" rank="2" referenceName="Корпус - Задняя панель"/><CSItem code="IT4040999" rank="2" referenceName="Комплект поставки - Монитор с подставкой"/><CSItem code="3006180" rank="3" referenceName="Изображение/дисплей - Размер панели"/><CSItem code="3006588" rank="3" referenceName="Подключения - Синхронизация входного сигнала"/><CSItem code="IT4019071" rank="3" referenceName="Комфорт - ПО для управления"/><CSItem code="IT4004953" rank="3" referenceName="Подставка - поворотный"/><CSItem code="IT4006150" rank="3" referenceName="Мощность - В режиме ожидания"/><CSItem code="IT4005766" rank="3" referenceName="Размеры - Размеры упаковки в мм (ШxВxГ)"/><CSItem code="IT4005772" rank="3" referenceName="Вес - Изделие с упаковкой (кг)"/><CSItem code="IT4004948" rank="3" referenceName="Условия эксплуатации - Относительная влажность"/><CSItem code="IT4019073" rank="3" referenceName="Забота об окружающей среде - Доля переработанного пластика"/><CSItem code="IT4019076" rank="3" referenceName="Корпус - Основание"/><CSItem code="IT4041030" rank="3" referenceName="Комплект поставки - Пользовательская документация"/><CSItem code="3006149" rank="4" referenceName="Изображение/дисплей - Рабочая область просмотра"/><CSItem code="IT4005621" rank="4" referenceName="Подключения - Аудиовход/аудиовыход"/><CSItem code="3006693" rank="4" referenceName="Комфорт - Языки экранных меню"/><CSItem code="IT4004954" rank="4" referenceName="Подставка - Наклон"/><CSItem code="IT4006081" rank="4" referenceName="Мощность - В выключенном состоянии"/><CSItem code="IT4023612" rank="4" referenceName="Условия эксплуатации - Высота"/><CSItem code="IT4018633" rank="4" referenceName="Забота об окружающей среде - Специфические вещества"/><CSItem code="IT4004956" rank="4" referenceName="Корпус - Отделка"/><CSItem code="3006121" rank="5" referenceName="Изображение/дисплей - Формат изображения"/><CSItem code="3006694" rank="5" referenceName="Комфорт - Другие удобства"/><CSItem code="3006931" rank="5" referenceName="Мощность - LED-индикатор питания"/><CSItem code="IT4004949" rank="5" referenceName="Условия эксплуатации - Среднее время между отказами"/><CSItem code="3006193" rank="6" referenceName="Изображение/дисплей - Оптимальное разрешение"/><CSItem code="3006699" rank="6" referenceName="Комфорт - Совместимость с системой Plug &amp; Play"/><CSItem code="3006932" rank="6" referenceName="Мощность - Источник питания"/><CSItem code="3006197" rank="7" referenceName="Изображение/дисплей - Время отклика (типич.)"/><CSItem code="3006127" rank="8" referenceName="Изображение/дисплей - Яркость"/><CSItem code="3006133" rank="9" referenceName="Изображение/дисплей - Коэфф. контрастности (типич.)"/><CSItem code="IT4006148" rank="10" referenceName="Изображение/дисплей - SmartContrast"/><CSItem code="3006186" rank="11" referenceName="Изображение/дисплей - Шаг пикселей"/><CSItem code="3007518" rank="12" referenceName="Изображение/дисплей - Угол просмотра"/><CSItem code="3006183" rank="13" referenceName="Изображение/дисплей - Улучшение изображения"/><CSItem code="3006143" rank="14" referenceName="Изображение/дисплей - Цвета дисплея"/><CSItem code="IT4006149" rank="15" referenceName="Изображение/дисплей - Частота сканирования"/><CSItem code="3006207" rank="16" referenceName="Изображение/дисплей - sRGB"/></CSItems></Purpose><Purpose type="Detail"><Features><Feature code="F400019720" rank="1" referenceName="LED technology"/><Feature code="F400067665" rank="2" referenceName="Flicker-free technology"/><Feature code="F400035289" rank="3" referenceName="M4 SmartImage"/><Feature code="F400023546" rank="4" referenceName="SmartContrast ratio 20000000:1"/><Feature code="F400035325" rank="5" referenceName="SmartErgoBase"/><Feature code="F400035282" rank="6" referenceName="Low bezel-to-table height"/><Feature code="F400035281" rank="7" referenceName="Built-in stereo speakers for multimedia"/><Feature code="F400036965" rank="8" referenceName="M4 4 Ports USB 2.0 HUB"/><Feature code="F400035276" rank="9" referenceName="M4 PowerSensor"/><Feature code="F400076291" rank="10" referenceName="TCO Edge_85%"/></Features><CSItems><CSItem code="3006169" rank="1" referenceName="Изображение/дисплей - Тип ЖК-панели"/><CSItem code="3006576" rank="1" referenceName="Подключения - Вход сигнала"/><CSItem code="IT4014853" rank="1" referenceName="Комфорт - Встроенные АС"/><CSItem code="IT4004951" rank="1" referenceName="Подставка - Настройка высоты"/><CSItem code="IT4006562" rank="1" referenceName="Мощность - Режим ECO"/><CSItem code="IT4027351" rank="1" referenceName="Размеры - Изделие с подставкой (макс. высота)"/><CSItem code="IT4005770" rank="1" referenceName="Вес - Изделие с подставкой (кг)"/><CSItem code="IT4004946" rank="1" referenceName="Условия эксплуатации - Диапазон температур (эксплуатация)"/><CSItem code="IT4004941" rank="1" referenceName="Забота об окружающей среде - Окружающая среда и электроэнергия"/><CSItem code="IT4006152" rank="1" referenceName="Соответствие стандартам - Подтверждение соответствия нормативам"/><CSItem code="IT4019074" rank="1" referenceName="Корпус - Фронтальная рамка"/><CSItem code="IT4041000" rank="1" referenceName="Комплект поставки - Кабели"/><CSItem code="IT4007209" rank="2" referenceName="Изображение/дисплей - Тип подсветки"/><CSItem code="3006583" rank="2" referenceName="Подключения - USB"/><CSItem code="3006633" rank="2" referenceName="Комфорт - Удобство пользователя"/><CSItem code="IT4004952" rank="2" referenceName="Подставка - Поворот на шарнире"/><CSItem code="IT4005861" rank="2" referenceName="Мощность - В активном режиме"/><CSItem code="IT4005765" rank="2" referenceName="Размеры - Изделие без подставки (мм)"/><CSItem code="IT4005771" rank="2" referenceName="Вес - Изделие без подставки (кг)"/><CSItem code="IT4004947" rank="2" referenceName="Условия эксплуатации - Диапазон температур (хранение)"/><CSItem code="IT4004944" rank="2" referenceName="Забота об окружающей среде - Упаковка пригодна для вторичной переработки"/><CSItem code="IT4019075" rank="2" referenceName="Корпус - Задняя панель"/><CSItem code="IT4040999" rank="2" referenceName="Комплект поставки - Монитор с подставкой"/><CSItem code="3006180" rank="3" referenceName="Изображение/дисплей - Размер панели"/><CSItem code="3006588" rank="3" referenceName="Подключения - Синхронизация входного сигнала"/><CSItem code="IT4019071" rank="3" referenceName="Комфорт - ПО для управления"/><CSItem code="IT4004953" rank="3" referenceName="Подставка - поворотный"/><CSItem code="IT4006150" rank="3" referenceName="Мощность - В режиме ожидания"/><CSItem code="IT4005766" rank="3" referenceName="Размеры - Размеры упаковки в мм (ШxВxГ)"/><CSItem code="IT4005772" rank="3" referenceName="Вес - Изделие с упаковкой (кг)"/><CSItem code="IT4004948" rank="3" referenceName="Условия эксплуатации - Относительная влажность"/><CSItem code="IT4019073" rank="3" referenceName="Забота об окружающей среде - Доля переработанного пластика"/><CSItem code="IT4019076" rank="3" referenceName="Корпус - Основание"/><CSItem code="IT4041030" rank="3" referenceName="Комплект поставки - Пользовательская документация"/><CSItem code="3006149" rank="4" referenceName="Изображение/дисплей - Рабочая область просмотра"/><CSItem code="IT4005621" rank="4" referenceName="Подключения - Аудиовход/аудиовыход"/><CSItem code="3006693" rank="4" referenceName="Комфорт - Языки экранных меню"/><CSItem code="IT4004954" rank="4" referenceName="Подставка - Наклон"/><CSItem code="IT4006081" rank="4" referenceName="Мощность - В выключенном состоянии"/><CSItem code="IT4023612" rank="4" referenceName="Условия эксплуатации - Высота"/><CSItem code="IT4018633" rank="4" referenceName="Забота об окружающей среде - Специфические вещества"/><CSItem code="IT4004956" rank="4" referenceName="Корпус - Отделка"/><CSItem code="3006121" rank="5" referenceName="Изображение/дисплей - Формат изображения"/><CSItem code="3006694" rank="5" referenceName="Комфорт - Другие удобства"/><CSItem code="3006931" rank="5" referenceName="Мощность - LED-индикатор питания"/><CSItem code="IT4004949" rank="5" referenceName="Условия эксплуатации - Среднее время между отказами"/><CSItem code="3006193" rank="6" referenceName="Изображение/дисплей - Оптимальное разрешение"/><CSItem code="3006699" rank="6" referenceName="Комфорт - Совместимость с системой Plug &amp; Play"/><CSItem code="3006932" rank="6" referenceName="Мощность - Источник питания"/><CSItem code="3006197" rank="7" referenceName="Изображение/дисплей - Время отклика (типич.)"/><CSItem code="3006127" rank="8" referenceName="Изображение/дисплей - Яркость"/><CSItem code="3006133" rank="9" referenceName="Изображение/дисплей - Коэфф. контрастности (типич.)"/><CSItem code="IT4006148" rank="10" referenceName="Изображение/дисплей - SmartContrast"/><CSItem code="3006186" rank="11" referenceName="Изображение/дисплей - Шаг пикселей"/><CSItem code="3007518" rank="12" referenceName="Изображение/дисплей - Угол просмотра"/><CSItem code="3006183" rank="13" referenceName="Изображение/дисплей - Улучшение изображения"/><CSItem code="3006143" rank="14" referenceName="Изображение/дисплей - Цвета дисплея"/><CSItem code="IT4006149" rank="15" referenceName="Изображение/дисплей - Частота сканирования"/><CSItem code="3006207" rank="16" referenceName="Изображение/дисплей - sRGB"/></CSItems></Purpose></Filters><FeatureCompareGroups/><Disclaimers><Disclaimer code="DIS40004161" rank="1" referenceName="EPEAT Gold_Silver*"><DisclaimerText>Стандарт EPEAT уровня Gold или Silver действителен только в странах, в которых зарегистрированы продукты Philips. Для получения информации о регистрации в вашей стране посетите веб-сайт www.epeat.net.</DisclaimerText><DisclaimElements/></Disclaimer></Disclaimers><RichTexts/></Product></Products>