<?xml version="1.0" encoding="UTF-8"?><Products xmlns:source="http://apache.org/cocoon/source/1.0" DocStatus="approved" DocTimeStamp="2018-10-27T23:59:01"><Product Country="RU" IsAccessory="false" IsMaster="false" Locale="ru_RU" lastModified="2018-10-26T04:44:29" masterLastModified="2018-09-08T00:41:25"><CTN>8718696815526</CTN><Code12NC>929001904058</Code12NC><GTIN>8718696815526</GTIN><MarketingVersion>1.0.1</MarketingVersion><MarketingStatus>Final Published</MarketingStatus><CRDate>2018-06-29</CRDate><CRDateYW>201826</CRDateYW><ModelYears><ModelYear>2018</ModelYear></ModelYears><ProductDivision><ProductDivisionCode>0100</ProductDivisionCode><ProductDivisionName>Lighting</ProductDivisionName><FormerPDCode>0100</FormerPDCode></ProductDivision><ProductOwner>Lucia Parlanti</ProductOwner><DTN>8718696815526</DTN><Catalog><StartOfPublication>2018-06-30T00:00:00</StartOfPublication><EndOfPublication>2028-06-28T00:00:00</EndOfPublication><StartOfSales>2018-06-30T00:00:00</StartOfSales><EndOfSales>2028-06-28T00:00:00</EndOfSales><DummyPrice/><Deleted>false</Deleted><DeleteAfterDate/><ProductRank>50</ProductRank></Catalog><FinancialCategorization><BusinessGroupCode>9240</BusinessGroupCode><BusinessGroupName>LED</BusinessGroupName><BusinessUnitCode>0118</BusinessUnitCode><BusinessUnitName>LED Lamps</BusinessUnitName><MainArticleGroupCode>A13</MainArticleGroupCode><MainArticleGroupName>LED Spots</MainArticleGroupName><ArticleGroupCode>7022</ArticleGroupCode><ArticleGroupName>MR16 - Value</ArticleGroupName></FinancialCategorization><Categorization type="CONSUMER"><GroupCode>LIGHTING_GR</GroupCode><GroupName>Lighting</GroupName><CategoryCode>CHOOSE_A_BULB_CA</CategoryCode><CategoryName>Choose a bulb</CategoryName><SubcategoryCode>SPOT_BULB_SU</SubcategoryCode><SubcategoryName>Spot</SubcategoryName></Categorization><Assets><Asset code="8718696815526" description="Single product shot" extension="" lastModified="2018-10-26" locale="ru_RU" number="" type="IMS">http://images.philips.com/is/image/PhilipsConsumer/8718696815526-IMS-ru_RU</Asset><Asset code="8718696815526" description="Product gallery image set" extension="" lastModified="2018-10-26" locale="ru_RU" number="" type="GAL">http://images.philips.com/is/image/PhilipsConsumer/8718696815526-GAL-ru_RU</Asset><Asset code="8718696815526" description="Product URL" extension="" lastModified="2018-10-26" locale="ru_RU" number="" type="URL">http://www.philips.ru/c-p/8718696815526/led-spot-dimmable</Asset></Assets><ProductName>Акцентная, 7 Вт (50 Вт), GU5.3, теплый белый свет, диммируемая</ProductName><FullProductName>Philips LED Лампа акцентного освещения (с регулируемой яркостью) 8718696815526 7 Вт (50 Вт), GU5.3, теплый белый, диммируемая</FullProductName><NamingString><MasterBrand><BrandCode>PHI</BrandCode><BrandName>Philips</BrandName></MasterBrand><BrandString>Philips</BrandString><Family><FamilyCode>SB40002784</FamilyCode><FamilyName>LED</FamilyName><FamilyNameUsed>1</FamilyNameUsed></Family><Descriptor><DescriptorCode>D4023107</DescriptorCode><DescriptorName>Лампа акцентного освещения (с регулируемой яркостью)</DescriptorName></Descriptor><Alphanumeric>8718696815526</Alphanumeric><VersionElement1><VersionElementCode>V4027269</VersionElementCode><VersionElementName>7 Вт (50 Вт)</VersionElementName></VersionElement1><VersionElement2><VersionElementCode>D4013626</VersionElementCode><VersionElementName>GU5.3</VersionElementName></VersionElement2><VersionElement3><VersionElementCode>V4008533</VersionElementCode><VersionElementName>Теплый белый свет</VersionElementName></VersionElement3><VersionElement4><VersionElementCode>V4043781</VersionElementCode><VersionElementName>Уменьшение яркости света</VersionElementName></VersionElement4><VersionString>7 Вт (50 Вт), GU5.3, теплый белый, диммируемая</VersionString><BrandedFeatureString/><DescriptorBrandedFeatureString>Лампа акцентного освещения (с регулируемой яркостью)</DescriptorBrandedFeatureString></NamingString><WOW>Главное — содержание, а не форма</WOW><SubWOW>Идеальная замена для галогенной лампы акцентного освещения</SubWOW><MarketingTextHeader>Идеальная замена для галогенной лампы акцентного освещения</MarketingTextHeader><KeyBenefitArea><KeyBenefitAreaCode>K4034413</KeyBenefitAreaCode><KeyBenefitAreaName>Выбирайте качественное освещение</KeyBenefitAreaName><KeyBenefitAreaRank>1</KeyBenefitAreaRank><Feature><FeatureCode>F400082355</FeatureCode><FeatureReferenceName>2700K [LED lamps]</FeatureReferenceName><FeatureName>Теплый белый свет, как у лампы накаливания</FeatureName><FeatureLongDescription>Естественный теплый белый свет, как у лампы накаливания</FeatureLongDescription><FeatureGlossary>Эта лампа обладает цветовой температурой 2700 К, благодаря которой создается теплая и спокойная атмосфера, идеальная для отдыха и расслабления. Свет, излучаемый при температуре 2700 К, превосходно подходит для домашнего освещения.</FeatureGlossary><FeatureRank>2</FeatureRank><FeatureTopRank>1</FeatureTopRank></Feature><Feature><FeatureCode>F400082416</FeatureCode><FeatureReferenceName>Homogen beam pattern</FeatureReferenceName><FeatureName>Однородный световой пучок</FeatureName><FeatureLongDescription>Однородный световой пучок</FeatureLongDescription><FeatureGlossary>В отличие от стандартных галогенных ламп акцентного освещения лампа с одиночной линзой обеспечивает превосходное качество светового пучка и не образовывает теней.</FeatureGlossary><FeatureRank>7</FeatureRank><FeatureTopRank>2</FeatureTopRank></Feature></KeyBenefitArea><KeyBenefitArea><KeyBenefitAreaCode>K4034417</KeyBenefitAreaCode><KeyBenefitAreaName>Нечто большее, чем просто освещение</KeyBenefitAreaName><KeyBenefitAreaRank>2</KeyBenefitAreaRank><Feature><FeatureCode>F400082421</FeatureCode><FeatureReferenceName>Dimmable [LED Lamps]</FeatureReferenceName><FeatureName>регулировка яркости</FeatureName><FeatureLongDescription>регулировка яркости</FeatureLongDescription><FeatureGlossary>Эта лампа совместима с большинством диммеров, а плавная регулировка яркости до 10 % от полного уровня освещенности позволит создать нужную атмосферу. Сверьтесь с таблицей, где представлены совместимые диммеры, чтобы узнать, подходит ли ваш для использования с данной лампой.</FeatureGlossary><FeatureRank>4</FeatureRank><FeatureTopRank>3</FeatureTopRank></Feature></KeyBenefitArea><KeyBenefitArea><KeyBenefitAreaCode>K4034414</KeyBenefitAreaCode><KeyBenefitAreaName>Найдите подходящую замену своим старым лампам</KeyBenefitAreaName><KeyBenefitAreaRank>3</KeyBenefitAreaRank><Feature><FeatureCode>F400082404</FeatureCode><FeatureReferenceName>Replaces halogen spot</FeatureReferenceName><FeatureName>Заменяет галогенные акцентного освещения лампы</FeatureName><FeatureLongDescription>Форма и размер обычных галогенных отражателей</FeatureLongDescription><FeatureGlossary>Благодаря красивому дизайну, стандартным размерам и высоким характеристикам экологичности этот современный светодиодный отражатель идеально заменит обычные галогенные отражатели.</FeatureGlossary><FeatureRank>5</FeatureRank><FeatureTopRank>4</FeatureTopRank></Feature></KeyBenefitArea><KeyBenefitArea><KeyBenefitAreaCode>K4034415</KeyBenefitAreaCode><KeyBenefitAreaName>Выбирайте экологичные решения</KeyBenefitAreaName><KeyBenefitAreaRank>4</KeyBenefitAreaRank><Feature><FeatureCode>F400082363</FeatureCode><FeatureReferenceName>15,000-hour rated average life</FeatureReferenceName><FeatureName>Средний срок службы — 15 000 часов</FeatureName><FeatureLongDescription>Долгий срок службы ламп: до 15 лет</FeatureLongDescription><FeatureGlossary>Благодаря долгому сроку службы (до 15 000 часов) можно забыть о постоянной замене ламп и наслаждаться превосходным освещением более 15 лет.</FeatureGlossary><FeatureRank>1</FeatureRank><FeatureTopRank>5</FeatureTopRank></Feature><Feature><FeatureCode>F400082440</FeatureCode><FeatureReferenceName>Saves up to 80% NRJ</FeatureReferenceName><FeatureName>Экономит до 80% электроэнергии</FeatureName><FeatureLongDescription>Экономное и экологичное решение</FeatureLongDescription><FeatureGlossary>Светодиодная лампа позволяет сэкономить до 80 % электроэнергии по сравнению с обычной лампой. Она окупит свою стоимость и будет экономить ваши средства в течение долгих лет. Кроме того, эта лампа не наносит вреда окружающей среде.</FeatureGlossary><FeatureRank>6</FeatureRank><FeatureTopRank>6</FeatureTopRank></Feature></KeyBenefitArea><KeyBenefitArea><KeyBenefitAreaCode>K4034416</KeyBenefitAreaCode><KeyBenefitAreaName>Создайте превосходную атмосферу у себя дома</KeyBenefitAreaName><KeyBenefitAreaRank>5</KeyBenefitAreaRank><Feature><FeatureCode>F400082372</FeatureCode><FeatureReferenceName>60º beam - spot [LED lamps]</FeatureReferenceName><FeatureName>Светодиодная лампа акцентного освещения 60º</FeatureName><FeatureLongDescription>Идеально подходит для акцентного и общего освещения</FeatureLongDescription><FeatureGlossary>Эта современная светодиодная лампа акцентного освещения обладает очень широким углом светового потока (60°), поэтому она идеально подходит как для акцентного, так и для общего освещения. Ее можно использовать во встраиваемых и трековых светильниках — на кухне и в ее рабочих зонах, в гостиной или столовой.</FeatureGlossary><FeatureRank>3</FeatureRank><FeatureTopRank>7</FeatureTopRank></Feature></KeyBenefitArea><KeyBenefitArea><KeyBenefitAreaCode>K4035547</KeyBenefitAreaCode><KeyBenefitAreaName>Комфортный для глаз светодиодный свет</KeyBenefitAreaName><KeyBenefitAreaRank>6</KeyBenefitAreaRank><Feature><FeatureCode>F400086860</FeatureCode><FeatureReferenceName>EyeComfort [LED lums, Spots]</FeatureReferenceName><FeatureName>Мягкое свечение светодиодов, комфортный для глаз свет</FeatureName><FeatureLongDescription>Чтобы вашим глазам было комфортно†</FeatureLongDescription><FeatureGlossary>Легко заметить, как яркий раздражающий свет вызывает напряжение глаз. Слишком яркий свет слепит глаза. Слишком мягкий — и вы ощущаете мерцание. Теперь вы можете плавно регулировать освещение окружающей обстановки с помощью комфортных для глаз светодиодных ламп и создавать идеальную атмосферу в своем доме.</FeatureGlossary><FeatureRank>1</FeatureRank><FeatureTopRank>8</FeatureTopRank></Feature></KeyBenefitArea><FeatureImage><FeatureCode>F400082355</FeatureCode><FeatureReferenceName>2700K [LED lamps]</FeatureReferenceName><FeatureImageRank>1</FeatureImageRank></FeatureImage><FeatureImage><FeatureCode>F400082416</FeatureCode><FeatureReferenceName>Homogen beam pattern</FeatureReferenceName><FeatureImageRank>2</FeatureImageRank></FeatureImage><FeatureImage><FeatureCode>F400082421</FeatureCode><FeatureReferenceName>Dimmable [LED Lamps]</FeatureReferenceName><FeatureImageRank>3</FeatureImageRank></FeatureImage><FeatureImage><FeatureCode>F400082404</FeatureCode><FeatureReferenceName>Replaces halogen spot</FeatureReferenceName><FeatureImageRank>4</FeatureImageRank></FeatureImage><FeatureImage><FeatureCode>F400082363</FeatureCode><FeatureReferenceName>15,000-hour rated average life</FeatureReferenceName><FeatureImageRank>5</FeatureImageRank></FeatureImage><FeatureImage><FeatureCode>F400082440</FeatureCode><FeatureReferenceName>Saves up to 80% NRJ</FeatureReferenceName><FeatureImageRank>6</FeatureImageRank></FeatureImage><FeatureImage><FeatureCode>F400082372</FeatureCode><FeatureReferenceName>60º beam - spot [LED lamps]</FeatureReferenceName><FeatureImageRank>7</FeatureImageRank></FeatureImage><FeatureImage><FeatureCode>F400086860</FeatureCode><FeatureReferenceName>EyeComfort [LED lums, Spots]</FeatureReferenceName><FeatureImageRank>8</FeatureImageRank></FeatureImage><FeatureHighlight><FeatureCode>F400082355</FeatureCode><FeatureReferenceName>2700K [LED lamps]</FeatureReferenceName><FeatureHighlightRank>1</FeatureHighlightRank></FeatureHighlight><FeatureHighlight><FeatureCode>F400082416</FeatureCode><FeatureReferenceName>Homogen beam pattern</FeatureReferenceName><FeatureHighlightRank>2</FeatureHighlightRank></FeatureHighlight><FeatureHighlight><FeatureCode>F400082421</FeatureCode><FeatureReferenceName>Dimmable [LED Lamps]</FeatureReferenceName><FeatureHighlightRank>3</FeatureHighlightRank></FeatureHighlight><FeatureHighlight><FeatureCode>F400082404</FeatureCode><FeatureReferenceName>Replaces halogen spot</FeatureReferenceName><FeatureHighlightRank>4</FeatureHighlightRank></FeatureHighlight><FeatureHighlight><FeatureCode>F400082363</FeatureCode><FeatureReferenceName>15,000-hour rated average life</FeatureReferenceName><FeatureHighlightRank>5</FeatureHighlightRank></FeatureHighlight><FeatureHighlight><FeatureCode>F400082440</FeatureCode><FeatureReferenceName>Saves up to 80% NRJ</FeatureReferenceName><FeatureHighlightRank>6</FeatureHighlightRank></FeatureHighlight><FeatureHighlight><FeatureCode>F400082372</FeatureCode><FeatureReferenceName>60º beam - spot [LED lamps]</FeatureReferenceName><FeatureHighlightRank>7</FeatureHighlightRank></FeatureHighlight><FeatureHighlight><FeatureCode>F400086860</FeatureCode><FeatureReferenceName>EyeComfort [LED lums, Spots]</FeatureReferenceName><FeatureHighlightRank>8</FeatureHighlightRank></FeatureHighlight><CSChapter><CSChapterCode>CH4006022</CSChapterCode><CSChapterName>характеристики лампы</CSChapterName><CSChapterRank>1</CSChapterRank><CSItem><CSItemCode>IT4029279</CSItemCode><CSItemName>регулировка яркости</CSItemName><CSItemRank>14</CSItemRank><CSItemIsFreeFormat>0</CSItemIsFreeFormat><CSValue><CSValueCode>VA4067746</CSValueCode><CSValueName>Да</CSValueName><CSValueRank>10</CSValueRank></CSValue></CSItem><CSItem><CSItemCode>IT4036606</CSItemCode><CSItemName>напряжение</CSItemName><CSItemRank>19</CSItemRank><CSItemIsFreeFormat>0</CSItemIsFreeFormat><CSValue><CSValueCode>VA4087188</CSValueCode><CSValueName>12 В</CSValueName><CSValueRank>3</CSValueRank></CSValue></CSItem><CSItem><CSItemCode>IT4037689</CSItemCode><CSItemName>мощность в ваттах</CSItemName><CSItemRank>20</CSItemRank><CSItemIsFreeFormat>1</CSItemIsFreeFormat><CSValue><CSValueCode>VA4087427</CSValueCode><CSValueName>7</CSValueName><CSValueRank>1</CSValueRank></CSValue></CSItem><CSItem><CSItemCode>IT4037690</CSItemCode><CSItemName>эквивалент мощности лампы накаливания</CSItemName><CSItemRank>24</CSItemRank><CSItemIsFreeFormat>1</CSItemIsFreeFormat><CSValue><CSValueCode>VA4087428</CSValueCode><CSValueName>50</CSValueName><CSValueRank>1</CSValueRank></CSValue></CSItem><CSItem><CSItemCode>IT4044055</CSItemCode><CSItemName>Предусмотренное применение</CSItemName><CSItemRank>29</CSItemRank><CSItemIsFreeFormat>0</CSItemIsFreeFormat><CSValue><CSValueCode>VA4101422</CSValueCode><CSValueName>В помещении</CSValueName><CSValueRank>5</CSValueRank></CSValue></CSItem><CSItem><CSItemCode>IT4044392</CSItemCode><CSItemName>Форма лампы</CSItemName><CSItemRank>30</CSItemRank><CSItemIsFreeFormat>0</CSItemIsFreeFormat><CSValue><CSValueCode>VA4102028</CSValueCode><CSValueName>Направленная лампа акцентного освещения</CSValueName><CSValueRank>7</CSValueRank></CSValue></CSItem><CSItem><CSItemCode>IT4044052</CSItemCode><CSItemName>Розетка</CSItemName><CSItemRank>31</CSItemRank><CSItemIsFreeFormat>0</CSItemIsFreeFormat><CSValue><CSValueCode>VA4102266</CSValueCode><CSValueName>GU5.3</CSValueName><CSValueRank>14</CSValueRank></CSValue></CSItem><CSItem><CSItemCode>IT4044054</CSItemCode><CSItemName>Технология</CSItemName><CSItemRank>32</CSItemRank><CSItemIsFreeFormat>0</CSItemIsFreeFormat><CSValue><CSValueCode>VA4101418</CSValueCode><CSValueName>светодиодный</CSValueName><CSValueRank>4</CSValueRank></CSValue></CSItem></CSChapter><CSChapter><CSChapterCode>CH4005202</CSChapterCode><CSChapterName>потребляемая мощность</CSChapterName><CSChapterRank>2</CSChapterRank><CSItem><CSItemCode>IT4026378</CSItemCode><CSItemName>маркировка энергоэффективности</CSItemName><CSItemRank>4</CSItemRank><CSItemIsFreeFormat>0</CSItemIsFreeFormat><CSValue><CSValueCode>VA4067612</CSValueCode><CSValueName>A+</CSValueName><CSValueRank>11</CSValueRank></CSValue></CSItem><CSItem><CSItemCode>IT4029053</CSItemCode><CSItemName>потребление энергии за 1000 ч</CSItemName><CSItemRank>7</CSItemRank><CSItemIsFreeFormat>1</CSItemIsFreeFormat><CSValue><CSValueCode>VA4067444</CSValueCode><CSValueName>8</CSValueName><CSValueRank>1</CSValueRank></CSValue><UnitOfMeasure><UnitOfMeasureCode>4000161</UnitOfMeasureCode><UnitOfMeasureName>(киловатт в час)</UnitOfMeasureName><UnitOfMeasureSymbol>кВт/ч</UnitOfMeasureSymbol></UnitOfMeasure></CSItem></CSChapter><CSChapter><CSChapterCode>CH4005203</CSChapterCode><CSChapterName>световые характеристики</CSChapterName><CSChapterRank>3</CSChapterRank><CSItem><CSItemCode>IT4029159</CSItemCode><CSItemName>цветовая температура</CSItemName><CSItemRank>17</CSItemRank><CSItemIsFreeFormat>1</CSItemIsFreeFormat><CSValue><CSValueCode>VA4067572</CSValueCode><CSValueName>2700</CSValueName><CSValueRank>1</CSValueRank></CSValue><UnitOfMeasure><UnitOfMeasureCode>4000041</UnitOfMeasureCode><UnitOfMeasureName>кельвин</UnitOfMeasureName><UnitOfMeasureSymbol>K</UnitOfMeasureSymbol></UnitOfMeasure></CSItem><CSItem><CSItemCode>IT4029170</CSItemCode><CSItemName>индекс цветопередачи (CRI)</CSItemName><CSItemRank>25</CSItemRank><CSItemIsFreeFormat>1</CSItemIsFreeFormat><CSValue><CSValueCode>VA4067596</CSValueCode><CSValueName>80</CSValueName><CSValueRank>1</CSValueRank></CSValue></CSItem><CSItem><CSItemCode>IT4026390</CSItemCode><CSItemName>время запуска</CSItemName><CSItemRank>27</CSItemRank><CSItemIsFreeFormat>0</CSItemIsFreeFormat><CSValue><CSValueCode>VA4082665</CSValueCode><CSValueName>&lt;0,5</CSValueName><CSValueRank>13</CSValueRank></CSValue><UnitOfMeasure><UnitOfMeasureCode>3000069</UnitOfMeasureCode><UnitOfMeasureName>с</UnitOfMeasureName><UnitOfMeasureSymbol>с</UnitOfMeasureSymbol></UnitOfMeasure></CSItem><CSItem><CSItemCode>IT4029160</CSItemCode><CSItemName>время выхода на 60 % светового потока</CSItemName><CSItemRank>28</CSItemRank><CSItemIsFreeFormat>0</CSItemIsFreeFormat><CSValue><CSValueCode>VA4067639</CSValueCode><CSValueName>мгновенное включение</CSValueName><CSValueRank>9</CSValueRank></CSValue></CSItem><CSItem><CSItemCode>IT4031131</CSItemCode><CSItemName>Цветность</CSItemName><CSItemRank>33</CSItemRank><CSItemIsFreeFormat>0</CSItemIsFreeFormat><CSValue><CSValueCode>VA4071143</CSValueCode><CSValueName>6 SDCM</CSValueName><CSValueRank>2</CSValueRank></CSValue></CSItem><CSItem><CSItemCode>IT4044499</CSItemCode><CSItemName>Категория оттенка света</CSItemName><CSItemRank>34</CSItemRank><CSItemIsFreeFormat>0</CSItemIsFreeFormat><CSValue><CSValueCode>VA4102249</CSValueCode><CSValueName>теплый белый</CSValueName><CSValueRank>15</CSValueRank></CSValue></CSItem><CSItem><CSItemCode>IT4044472</CSItemCode><CSItemName>Номинальная угловая ширина пучка</CSItemName><CSItemRank>35</CSItemRank><CSItemIsFreeFormat>1</CSItemIsFreeFormat><CSValue><CSValueCode>VA4102196</CSValueCode><CSValueName>36</CSValueName><CSValueRank>1</CSValueRank></CSValue><UnitOfMeasure><UnitOfMeasureCode>3000042</UnitOfMeasureCode><UnitOfMeasureName>градусов</UnitOfMeasureName><UnitOfMeasureSymbol>градусов</UnitOfMeasureSymbol></UnitOfMeasure></CSItem><CSItem><CSItemCode>IT4044061</CSItemCode><CSItemName>Номинальная светоотдача</CSItemName><CSItemRank>36</CSItemRank><CSItemIsFreeFormat>1</CSItemIsFreeFormat><CSValue><CSValueCode>VA4101428</CSValueCode><CSValueName>621</CSValueName><CSValueRank>1</CSValueRank></CSValue><UnitOfMeasure><UnitOfMeasureCode>4000123</UnitOfMeasureCode><UnitOfMeasureName>люмен</UnitOfMeasureName><UnitOfMeasureSymbol>лм</UnitOfMeasureSymbol></UnitOfMeasure></CSItem><CSItem><CSItemCode>IT4044501</CSItemCode><CSItemName>Подходит для акцентного освещения?</CSItemName><CSItemRank>37</CSItemRank><CSItemIsFreeFormat>0</CSItemIsFreeFormat><CSValue><CSValueCode>VA4102259</CSValueCode><CSValueName>Да</CSValueName><CSValueRank>12</CSValueRank></CSValue></CSItem></CSChapter><CSChapter><CSChapterCode>CH4005204</CSChapterCode><CSChapterName>срок службы</CSChapterName><CSChapterRank>4</CSChapterRank><CSItem><CSItemCode>IT4029171</CSItemCode><CSItemName>количество циклов включения</CSItemName><CSItemRank>5</CSItemRank><CSItemIsFreeFormat>1</CSItemIsFreeFormat><CSValue><CSValueCode>VA4067598</CSValueCode><CSValueName>50000</CSValueName><CSValueRank>1</CSValueRank></CSValue></CSItem><CSItem><CSItemCode>IT4029193</CSItemCode><CSItemName>коэффициент стабильности светового потока</CSItemName><CSItemRank>12</CSItemRank><CSItemIsFreeFormat>0</CSItemIsFreeFormat><CSValue><CSValueCode>VA4067614</CSValueCode><CSValueName>0,7</CSValueName><CSValueRank>8</CSValueRank></CSValue></CSItem><CSItem><CSItemCode>IT4029164</CSItemCode><CSItemName>средний срок службы (при использовании по 2,7 часа/день)</CSItemName><CSItemRank>18</CSItemRank><CSItemIsFreeFormat>1</CSItemIsFreeFormat><CSValue><CSValueCode>VA4067588</CSValueCode><CSValueName>15</CSValueName><CSValueRank>1</CSValueRank></CSValue><UnitOfMeasure><UnitOfMeasureCode>4000081</UnitOfMeasureCode><UnitOfMeasureName>лет</UnitOfMeasureName><UnitOfMeasureSymbol>год(лет)</UnitOfMeasureSymbol></UnitOfMeasure></CSItem><CSItem><CSItemCode>IT4044059</CSItemCode><CSItemName>Номинальный срок службы</CSItemName><CSItemRank>22</CSItemRank><CSItemIsFreeFormat>1</CSItemIsFreeFormat><CSValue><CSValueCode>VA4101426</CSValueCode><CSValueName>15000</CSValueName><CSValueRank>1</CSValueRank></CSValue><UnitOfMeasure><UnitOfMeasureCode>4000007</UnitOfMeasureCode><UnitOfMeasureName>- часов</UnitOfMeasureName><UnitOfMeasureSymbol>часов</UnitOfMeasureSymbol></UnitOfMeasure></CSItem></CSChapter><CSChapter><CSChapterCode>CH4006021</CSChapterCode><CSChapterName>размеры лампы</CSChapterName><CSChapterRank>5</CSChapterRank><CSItem><CSItemCode>IT4029271</CSItemCode><CSItemName>высота</CSItemName><CSItemRank>2</CSItemRank><CSItemIsFreeFormat>1</CSItemIsFreeFormat><CSValue><CSValueCode>VA4067741</CSValueCode><CSValueName>45</CSValueName><CSValueRank>1</CSValueRank></CSValue><UnitOfMeasure><UnitOfMeasureCode>3000058</UnitOfMeasureCode><UnitOfMeasureName>мм</UnitOfMeasureName><UnitOfMeasureSymbol>миллиметра</UnitOfMeasureSymbol></UnitOfMeasure></CSItem><CSItem><CSItemCode>IT4029272</CSItemCode><CSItemName>ширина</CSItemName><CSItemRank>10</CSItemRank><CSItemIsFreeFormat>1</CSItemIsFreeFormat><CSValue><CSValueCode>VA4067742</CSValueCode><CSValueName>50,5</CSValueName><CSValueRank>1</CSValueRank></CSValue><UnitOfMeasure><UnitOfMeasureCode>3000058</UnitOfMeasureCode><UnitOfMeasureName>мм</UnitOfMeasureName><UnitOfMeasureSymbol>миллиметра</UnitOfMeasureSymbol></UnitOfMeasure></CSItem><CSItem><CSItemCode>IT4044512</CSItemCode><CSItemName>Вес</CSItemName><CSItemRank>16</CSItemRank><CSItemIsFreeFormat>1</CSItemIsFreeFormat><CSValue><CSValueCode>VA4102274</CSValueCode><CSValueName>0,058</CSValueName><CSValueRank>1</CSValueRank></CSValue><UnitOfMeasure><UnitOfMeasureCode>3000049</UnitOfMeasureCode><UnitOfMeasureName>(килограммы)</UnitOfMeasureName><UnitOfMeasureSymbol>кг</UnitOfMeasureSymbol></UnitOfMeasure></CSItem></CSChapter><CSChapter><CSChapterCode>CH4005206</CSChapterCode><CSChapterName>другие характеристики</CSChapterName><CSChapterRank>6</CSChapterRank><CSItem><CSItemCode>IT4026404</CSItemCode><CSItemName>содержание ртути</CSItemName><CSItemRank>3</CSItemRank><CSItemIsFreeFormat>1</CSItemIsFreeFormat><CSValue><CSValueCode>VA4062631</CSValueCode><CSValueName>0</CSValueName><CSValueRank>1</CSValueRank></CSValue><UnitOfMeasure><UnitOfMeasureCode>4000142</UnitOfMeasureCode><UnitOfMeasureName>мг</UnitOfMeasureName><UnitOfMeasureSymbol>мг</UnitOfMeasureSymbol></UnitOfMeasure></CSItem><CSItem><CSItemCode>IT4026405</CSItemCode><CSItemName>коэффициент мощности</CSItemName><CSItemRank>6</CSItemRank><CSItemIsFreeFormat>1</CSItemIsFreeFormat><CSValue><CSValueCode>VA4062632</CSValueCode><CSValueName>0,7</CSValueName><CSValueRank>1</CSValueRank></CSValue></CSItem><CSItem><CSItemCode>IT4026406</CSItemCode><CSItemName>сила тока лампы</CSItemName><CSItemRank>11</CSItemRank><CSItemIsFreeFormat>1</CSItemIsFreeFormat><CSValue><CSValueCode>VA4062633</CSValueCode><CSValueName>730</CSValueName><CSValueRank>1</CSValueRank></CSValue><UnitOfMeasure><UnitOfMeasureCode>4000141</UnitOfMeasureCode><UnitOfMeasureName>мА</UnitOfMeasureName><UnitOfMeasureSymbol>мА</UnitOfMeasureSymbol></UnitOfMeasure></CSItem><CSItem><CSItemCode>IT4044082</CSItemCode><CSItemName>Эффективность</CSItemName><CSItemRank>26</CSItemRank><CSItemIsFreeFormat>1</CSItemIsFreeFormat><CSValue><CSValueCode>VA4101450</CSValueCode><CSValueName>88</CSValueName><CSValueRank>1</CSValueRank></CSValue><UnitOfMeasure><UnitOfMeasureCode>4000041</UnitOfMeasureCode><UnitOfMeasureName>кельвин</UnitOfMeasureName><UnitOfMeasureSymbol>K</UnitOfMeasureSymbol></UnitOfMeasure></CSItem></CSChapter><CSChapter><CSChapterCode>CH4005207</CSChapterCode><CSChapterName>расчетные значения</CSChapterName><CSChapterRank>7</CSChapterRank><CSItem><CSItemCode>IT4026407</CSItemCode><CSItemName>расчетная мощность</CSItemName><CSItemRank>1</CSItemRank><CSItemIsFreeFormat>1</CSItemIsFreeFormat><CSValue><CSValueCode>VA4062634</CSValueCode><CSValueName>7</CSValueName><CSValueRank>1</CSValueRank></CSValue><UnitOfMeasure><UnitOfMeasureCode>3000072</UnitOfMeasureCode><UnitOfMeasureName>(ватт)</UnitOfMeasureName><UnitOfMeasureSymbol>Вт</UnitOfMeasureSymbol></UnitOfMeasure></CSItem><CSItem><CSItemCode>IT4029167</CSItemCode><CSItemName>расчетный срок службы</CSItemName><CSItemRank>9</CSItemRank><CSItemIsFreeFormat>1</CSItemIsFreeFormat><CSValue><CSValueCode>VA4067593</CSValueCode><CSValueName>15000</CSValueName><CSValueRank>1</CSValueRank></CSValue><UnitOfMeasure><UnitOfMeasureCode>4000007</UnitOfMeasureCode><UnitOfMeasureName>- часов</UnitOfMeasureName><UnitOfMeasureSymbol>часов</UnitOfMeasureSymbol></UnitOfMeasure></CSItem><CSItem><CSItemCode>IT4029168</CSItemCode><CSItemName>Расчетная ширина светового пучка</CSItemName><CSItemRank>15</CSItemRank><CSItemIsFreeFormat>1</CSItemIsFreeFormat><CSValue><CSValueCode>VA4067594</CSValueCode><CSValueName>36</CSValueName><CSValueRank>1</CSValueRank></CSValue><UnitOfMeasure><UnitOfMeasureCode>3000042</UnitOfMeasureCode><UnitOfMeasureName>градусов</UnitOfMeasureName><UnitOfMeasureSymbol>градусов</UnitOfMeasureSymbol></UnitOfMeasure></CSItem><CSItem><CSItemCode>IT4044084</CSItemCode><CSItemName>Номинальная пиковая интенсивность</CSItemName><CSItemRank>21</CSItemRank><CSItemIsFreeFormat>1</CSItemIsFreeFormat><CSValue><CSValueCode>VA4101452</CSValueCode><CSValueName>1500</CSValueName><CSValueRank>1</CSValueRank></CSValue><UnitOfMeasure><UnitOfMeasureCode>4001161</UnitOfMeasureCode><UnitOfMeasureName>кандела</UnitOfMeasureName><UnitOfMeasureSymbol>кд</UnitOfMeasureSymbol></UnitOfMeasure></CSItem></CSChapter><Filters><Purpose type="Comparison"><Features><Feature code="F400082355" rank="1" referenceName="2700K [LED lamps]"/><Feature code="F400082416" rank="2" referenceName="Homogen beam pattern"/><Feature code="F400082421" rank="3" referenceName="Dimmable [LED Lamps]"/><Feature code="F400082404" rank="4" referenceName="Replaces halogen spot"/><Feature code="F400082363" rank="5" referenceName="15,000-hour rated average life"/><Feature code="F400082440" rank="6" referenceName="Saves up to 80% NRJ"/><Feature code="F400082372" rank="7" referenceName="60º beam - spot [LED lamps]"/><Feature code="F400086860" rank="8" referenceName="EyeComfort [LED lums, Spots]"/></Features><CSItems><CSItem code="IT4026407" rank="1" referenceName="расчетные значения - расчетная мощность"/><CSItem code="IT4029271" rank="2" referenceName="размеры лампы - высота"/><CSItem code="IT4026404" rank="3" referenceName="другие характеристики - содержание ртути"/><CSItem code="IT4026378" rank="4" referenceName="потребляемая мощность - маркировка энергоэффективности"/><CSItem code="IT4029171" rank="5" referenceName="срок службы - количество циклов включения"/><CSItem code="IT4026405" rank="6" referenceName="другие характеристики - коэффициент мощности"/><CSItem code="IT4029053" rank="7" referenceName="потребляемая мощность - потребление энергии за 1000 ч"/><CSItem code="IT4029167" rank="9" referenceName="расчетные значения - расчетный срок службы"/><CSItem code="IT4029272" rank="10" referenceName="размеры лампы - ширина"/><CSItem code="IT4026406" rank="11" referenceName="другие характеристики - сила тока лампы"/><CSItem code="IT4029193" rank="12" referenceName="срок службы - коэффициент стабильности светового потока"/><CSItem code="IT4029279" rank="14" referenceName="характеристики лампы - регулировка яркости"/><CSItem code="IT4029168" rank="15" referenceName="расчетные значения - Расчетная ширина светового пучка"/><CSItem code="IT4044512" rank="16" referenceName="размеры лампы - Вес"/><CSItem code="IT4029159" rank="17" referenceName="световые характеристики - цветовая температура"/><CSItem code="IT4029164" rank="18" referenceName="срок службы - средний срок службы (при использовании по 2,7 часа/день)"/><CSItem code="IT4036606" rank="19" referenceName="характеристики лампы - напряжение"/><CSItem code="IT4037689" rank="20" referenceName="характеристики лампы - мощность в ваттах"/><CSItem code="IT4044084" rank="21" referenceName="расчетные значения - Номинальная пиковая интенсивность"/><CSItem code="IT4044059" rank="22" referenceName="срок службы - Номинальный срок службы"/><CSItem code="IT4037690" rank="24" referenceName="характеристики лампы - эквивалент мощности лампы накаливания"/><CSItem code="IT4029170" rank="25" referenceName="световые характеристики - индекс цветопередачи (CRI)"/><CSItem code="IT4044082" rank="26" referenceName="другие характеристики - Эффективность"/><CSItem code="IT4026390" rank="27" referenceName="световые характеристики - время запуска"/><CSItem code="IT4029160" rank="28" referenceName="световые характеристики - время выхода на 60 % светового потока"/><CSItem code="IT4044055" rank="29" referenceName="характеристики лампы - Предусмотренное применение"/><CSItem code="IT4044392" rank="30" referenceName="характеристики лампы - Форма лампы"/><CSItem code="IT4044052" rank="31" referenceName="характеристики лампы - Розетка"/><CSItem code="IT4044054" rank="32" referenceName="характеристики лампы - Технология"/><CSItem code="IT4031131" rank="33" referenceName="световые характеристики - Цветность"/><CSItem code="IT4044499" rank="34" referenceName="световые характеристики - Категория оттенка света"/><CSItem code="IT4044472" rank="35" referenceName="световые характеристики - Номинальная угловая ширина пучка"/><CSItem code="IT4044061" rank="36" referenceName="световые характеристики - Номинальная светоотдача"/><CSItem code="IT4044501" rank="37" referenceName="световые характеристики - Подходит для акцентного освещения?"/></CSItems></Purpose><Purpose type="Detail"><Features><Feature code="F400082355" rank="1" referenceName="2700K [LED lamps]"/><Feature code="F400082416" rank="2" referenceName="Homogen beam pattern"/><Feature code="F400082421" rank="3" referenceName="Dimmable [LED Lamps]"/><Feature code="F400082404" rank="4" referenceName="Replaces halogen spot"/><Feature code="F400082363" rank="5" referenceName="15,000-hour rated average life"/><Feature code="F400082440" rank="6" referenceName="Saves up to 80% NRJ"/><Feature code="F400082372" rank="7" referenceName="60º beam - spot [LED lamps]"/><Feature code="F400086860" rank="8" referenceName="EyeComfort [LED lums, Spots]"/></Features><CSItems><CSItem code="IT4026407" rank="1" referenceName="расчетные значения - расчетная мощность"/><CSItem code="IT4029271" rank="2" referenceName="размеры лампы - высота"/><CSItem code="IT4026404" rank="3" referenceName="другие характеристики - содержание ртути"/><CSItem code="IT4026378" rank="4" referenceName="потребляемая мощность - маркировка энергоэффективности"/><CSItem code="IT4029171" rank="5" referenceName="срок службы - количество циклов включения"/><CSItem code="IT4026405" rank="6" referenceName="другие характеристики - коэффициент мощности"/><CSItem code="IT4029053" rank="7" referenceName="потребляемая мощность - потребление энергии за 1000 ч"/><CSItem code="IT4029167" rank="9" referenceName="расчетные значения - расчетный срок службы"/><CSItem code="IT4029272" rank="10" referenceName="размеры лампы - ширина"/><CSItem code="IT4026406" rank="11" referenceName="другие характеристики - сила тока лампы"/><CSItem code="IT4029193" rank="12" referenceName="срок службы - коэффициент стабильности светового потока"/><CSItem code="IT4029279" rank="14" referenceName="характеристики лампы - регулировка яркости"/><CSItem code="IT4029168" rank="15" referenceName="расчетные значения - Расчетная ширина светового пучка"/><CSItem code="IT4044512" rank="16" referenceName="размеры лампы - Вес"/><CSItem code="IT4029159" rank="17" referenceName="световые характеристики - цветовая температура"/><CSItem code="IT4029164" rank="18" referenceName="срок службы - средний срок службы (при использовании по 2,7 часа/день)"/><CSItem code="IT4036606" rank="19" referenceName="характеристики лампы - напряжение"/><CSItem code="IT4037689" rank="20" referenceName="характеристики лампы - мощность в ваттах"/><CSItem code="IT4044084" rank="21" referenceName="расчетные значения - Номинальная пиковая интенсивность"/><CSItem code="IT4044059" rank="22" referenceName="срок службы - Номинальный срок службы"/><CSItem code="IT4037690" rank="24" referenceName="характеристики лампы - эквивалент мощности лампы накаливания"/><CSItem code="IT4029170" rank="25" referenceName="световые характеристики - индекс цветопередачи (CRI)"/><CSItem code="IT4044082" rank="26" referenceName="другие характеристики - Эффективность"/><CSItem code="IT4026390" rank="27" referenceName="световые характеристики - время запуска"/><CSItem code="IT4029160" rank="28" referenceName="световые характеристики - время выхода на 60 % светового потока"/><CSItem code="IT4044055" rank="29" referenceName="характеристики лампы - Предусмотренное применение"/><CSItem code="IT4044392" rank="30" referenceName="характеристики лампы - Форма лампы"/><CSItem code="IT4044052" rank="31" referenceName="характеристики лампы - Розетка"/><CSItem code="IT4044054" rank="32" referenceName="характеристики лампы - Технология"/><CSItem code="IT4031131" rank="33" referenceName="световые характеристики - Цветность"/><CSItem code="IT4044499" rank="34" referenceName="световые характеристики - Категория оттенка света"/><CSItem code="IT4044472" rank="35" referenceName="световые характеристики - Номинальная угловая ширина пучка"/><CSItem code="IT4044061" rank="36" referenceName="световые характеристики - Номинальная светоотдача"/><CSItem code="IT4044501" rank="37" referenceName="световые характеристики - Подходит для акцентного освещения?"/></CSItems></Purpose></Filters><FeatureCompareGroups/><Disclaimers><Disclaimer code="DIS40012516" rank="1" referenceName="Designed for the comfort of your eyes"><DisclaimerText>† Чтобы вашим глазам было комфортно. Посетите www.philips.com/eyecomfort, чтобы ознакомиться со значениями мерцания, строб-импульсом и другими параметрами, а также со сведениями о продукции.</DisclaimerText><DisclaimElements/></Disclaimer></Disclaimers><RichTexts/></Product></Products>