<?xml version="1.0" encoding="UTF-8"?><Products xmlns:source="http://apache.org/cocoon/source/1.0" DocStatus="approved" DocTimeStamp="2018-10-27T23:59:01"><Product Country="RU" IsAccessory="false" IsMaster="false" Locale="ru_RU" lastModified="2018-10-26T04:44:29" masterLastModified="2018-09-08T00:41:25"><CTN>8718696739266</CTN><Code12NC>929001802731</Code12NC><GTIN/><MarketingVersion>1.0.1</MarketingVersion><MarketingStatus>Final Published</MarketingStatus><CRDate>2017-01-06</CRDate><CRDateYW>201701</CRDateYW><ModelYears><ModelYear>2017</ModelYear></ModelYears><ProductDivision><ProductDivisionCode>0100</ProductDivisionCode><ProductDivisionName>Lighting</ProductDivisionName><FormerPDCode>0100</FormerPDCode></ProductDivision><ProductOwner>Mellissa van Heest - Cooijman</ProductOwner><DTN>8718696739266</DTN><Catalog><StartOfPublication>2017-02-06T00:00:00</StartOfPublication><EndOfPublication>2020-02-06T00:00:00</EndOfPublication><StartOfSales>2017-02-06T00:00:00</StartOfSales><EndOfSales>2020-02-06T00:00:00</EndOfSales><DummyPrice/><Deleted>false</Deleted><DeleteAfterDate/><ProductRank>50</ProductRank></Catalog><FinancialCategorization><BusinessGroupCode>9240</BusinessGroupCode><BusinessGroupName>LED</BusinessGroupName><BusinessUnitCode>0118</BusinessUnitCode><BusinessUnitName>LED Lamps</BusinessUnitName><MainArticleGroupCode>L66</MainArticleGroupCode><MainArticleGroupName>LED Bulbs</MainArticleGroupName><ArticleGroupCode>7496</ArticleGroupCode><ArticleGroupName>Bulbs Glass - Clear</ArticleGroupName></FinancialCategorization><Categorization type="CONSUMER"><GroupCode>LIGHTING_GR</GroupCode><GroupName>Lighting</GroupName><CategoryCode>CHOOSE_A_BULB_CA</CategoryCode><CategoryName>Choose a bulb</CategoryName><SubcategoryCode>STANDARD_BULB_SU</SubcategoryCode><SubcategoryName>Bulb</SubcategoryName></Categorization><Assets><Asset code="8718696739266" description="Single product shot" extension="" lastModified="2018-10-26" locale="ru_RU" number="" type="IMS">http://images.philips.com/is/image/PhilipsConsumer/8718696739266-IMS-ru_RU</Asset><Asset code="8718696739266" description="Product gallery image set" extension="" lastModified="2018-10-26" locale="ru_RU" number="" type="GAL">http://images.philips.com/is/image/PhilipsConsumer/8718696739266-GAL-ru_RU</Asset><Asset code="8718696739266" description="Product URL" extension="" lastModified="2018-10-26" locale="ru_RU" number="" type="URL">http://www.philips.ru/c-p/8718696739266/led-bulb</Asset></Assets><ProductName>Лампа недиммируемая, 11,5 Вт (100 Вт), E27, теплый белый</ProductName><FullProductName>Philips LED Стандартная 8718696739266 11,5 Вт (100 Вт), E27, теплый белый, недиммируемая</FullProductName><NamingString><MasterBrand><BrandCode>PHI</BrandCode><BrandName>Philips</BrandName></MasterBrand><BrandString>Philips</BrandString><Family><FamilyCode>SB40002784</FamilyCode><FamilyName>LED</FamilyName><FamilyNameUsed>1</FamilyNameUsed></Family><Descriptor><DescriptorCode>D4006687</DescriptorCode><DescriptorName>Стандартная</DescriptorName></Descriptor><Alphanumeric>8718696739266</Alphanumeric><VersionElement1><VersionElementCode>V4044728</VersionElementCode><VersionElementName>11,5 Вт (100 Вт)</VersionElementName></VersionElement1><VersionElement2><VersionElementCode>D4011842</VersionElementCode><VersionElementName>E27</VersionElementName></VersionElement2><VersionElement3><VersionElementCode>V4008533</VersionElementCode><VersionElementName>Теплый белый свет</VersionElementName></VersionElement3><VersionElement4><VersionElementCode>V4038179</VersionElementCode><VersionElementName>Недиммируемая</VersionElementName></VersionElement4><VersionString>11,5 Вт (100 Вт), E27, теплый белый, недиммируемая</VersionString><BrandedFeatureString/><DescriptorBrandedFeatureString>Стандартная</DescriptorBrandedFeatureString></NamingString><WOW>Дизайн, притягивающий взгляд</WOW><SubWOW>Стильный элемент интерьера — даже в выключенном состоянии</SubWOW><MarketingTextHeader>Лампы выполнены в привычном дизайне, а за счет энергосберегающей светодиодной технологии потребляют на 80 % меньше электроэнергии и имеют значительно более долгий срок службы по сравнению с традиционными лампами. Технология EyeComfort† обеспечивает приятный для глаз свет.</MarketingTextHeader><KeyBenefitArea><KeyBenefitAreaCode>K4034413</KeyBenefitAreaCode><KeyBenefitAreaName>Выбирайте качественное освещение</KeyBenefitAreaName><KeyBenefitAreaRank>1</KeyBenefitAreaRank><Feature><FeatureCode>F400082348</FeatureCode><FeatureReferenceName>Learn about light</FeatureReferenceName><FeatureName>Узнайте об освещении больше</FeatureName><FeatureLongDescription>Узнайте об освещении больше</FeatureLongDescription><FeatureGlossary>Цветовая температура: свет может иметь различную цветовую температуру, которая выражается в кельвинах (К). Лампы с низким значением градусов Кельвина излучают теплое, спокойное свечение, тогда как лампы с более высоким значением отличаются более холодным и бодрящим светом. CRI: индекс цветопередачи (CRI) характеризует влияние источника света на восприятие цветов. Индекс CRI естественного солнечного света равен 100. Индекс CRI светодиодных ламп Philips близок к солнечному (больше 80), поэтому они передают правильные, естественные цвета.</FeatureGlossary><FeatureRank>2</FeatureRank><FeatureTopRank>1</FeatureTopRank></Feature><Feature><FeatureCode>F400082355</FeatureCode><FeatureReferenceName>2700K [LED lamps]</FeatureReferenceName><FeatureName>Теплый белый свет, как у лампы накаливания</FeatureName><FeatureLongDescription>Естественный теплый белый свет, как у лампы накаливания</FeatureLongDescription><FeatureGlossary>Эта лампа обладает цветовой температурой 2700 К, благодаря которой создается теплая и спокойная атмосфера, идеальная для отдыха и расслабления. Свет, излучаемый при температуре 2700 К, превосходно подходит для домашнего освещения.</FeatureGlossary><FeatureRank>3</FeatureRank><FeatureTopRank>2</FeatureTopRank></Feature></KeyBenefitArea><KeyBenefitArea><KeyBenefitAreaCode>K4034414</KeyBenefitAreaCode><KeyBenefitAreaName>Найдите подходящую замену своим старым лампам</KeyBenefitAreaName><KeyBenefitAreaRank>2</KeyBenefitAreaRank><Feature><FeatureCode>F400082389</FeatureCode><FeatureReferenceName>Replaces standard incandescent</FeatureReferenceName><FeatureName>Заменяет обычные лампы накаливания</FeatureName><FeatureLongDescription>Имеет форму и размер обычных ламп накаливания</FeatureLongDescription><FeatureGlossary>Благодаря красивому дизайну и классической форме эта светодиодная энергосберегающая лампа идеально заменит традиционные лампы накаливания.</FeatureGlossary><FeatureRank>6</FeatureRank><FeatureTopRank>3</FeatureTopRank></Feature><Feature><FeatureCode>F400082434</FeatureCode><FeatureReferenceName>No UV or Infra</FeatureReferenceName><FeatureName>Отсутствие ультрафиолетового или инфракрасного излучения</FeatureName><FeatureLongDescription>Без ультрафиолетового или инфракрасного излучения</FeatureLongDescription><FeatureGlossary>В свете этой лампы отсутствует инфракрасный диапазон, поэтому тепло не излучается. Благодаря этому, а также отсутствию ультрафиолетовых лучей предметы и материалы не выцветают.</FeatureGlossary><FeatureRank>7</FeatureRank><FeatureTopRank>7</FeatureTopRank></Feature></KeyBenefitArea><KeyBenefitArea><KeyBenefitAreaCode>K4034415</KeyBenefitAreaCode><KeyBenefitAreaName>Выбирайте экологичные решения</KeyBenefitAreaName><KeyBenefitAreaRank>3</KeyBenefitAreaRank><Feature><FeatureCode>F400082363</FeatureCode><FeatureReferenceName>15,000-hour rated average life</FeatureReferenceName><FeatureName>Средний срок службы — 15 000 часов</FeatureName><FeatureLongDescription>Долгий срок службы ламп: до 15 лет</FeatureLongDescription><FeatureGlossary>Благодаря долгому сроку службы (до 15 000 часов) можно забыть о постоянной замене ламп и наслаждаться превосходным освещением более 15 лет.</FeatureGlossary><FeatureRank>1</FeatureRank><FeatureTopRank>4</FeatureTopRank></Feature><Feature><FeatureCode>F400082440</FeatureCode><FeatureReferenceName>Saves up to 80% NRJ</FeatureReferenceName><FeatureName>Экономит до 80% электроэнергии</FeatureName><FeatureLongDescription>Экономное и экологичное решение</FeatureLongDescription><FeatureGlossary>Светодиодная лампа позволяет сэкономить до 80 % электроэнергии по сравнению с обычной лампой. Она окупит свою стоимость и будет экономить ваши средства в течение долгих лет. Кроме того, эта лампа не наносит вреда окружающей среде.</FeatureGlossary><FeatureRank>4</FeatureRank><FeatureTopRank>5</FeatureTopRank></Feature></KeyBenefitArea><KeyBenefitArea><KeyBenefitAreaCode>K4034416</KeyBenefitAreaCode><KeyBenefitAreaName>Создайте превосходную атмосферу у себя дома</KeyBenefitAreaName><KeyBenefitAreaRank>4</KeyBenefitAreaRank><Feature><FeatureCode>F400082383</FeatureCode><FeatureReferenceName>STD Bulb [LED lamps] Room application</FeatureReferenceName><FeatureName>Идеально подходит для общего освещения</FeatureName><FeatureLongDescription>Идеально подходит для общего освещения комнаты</FeatureLongDescription><FeatureGlossary>Современные светодиодные лампы Philips со стандартными характеристиками для использования в настольных, напольных и подвесных светильниках. Идеальный выбор для освещения кухни и ее рабочей зоны гостиной или столовой.</FeatureGlossary><FeatureRank>5</FeatureRank><FeatureTopRank>6</FeatureTopRank></Feature></KeyBenefitArea><KeyBenefitArea><KeyBenefitAreaCode>K4035547</KeyBenefitAreaCode><KeyBenefitAreaName>Комфортный для глаз светодиодный свет</KeyBenefitAreaName><KeyBenefitAreaRank>5</KeyBenefitAreaRank><Feature><FeatureCode>F400086860</FeatureCode><FeatureReferenceName>EyeComfort [LED lums, Spots]</FeatureReferenceName><FeatureName>Мягкое свечение светодиодов, комфортный для глаз свет</FeatureName><FeatureLongDescription>Чтобы вашим глазам было комфортно†</FeatureLongDescription><FeatureGlossary>Легко заметить, как яркий раздражающий свет вызывает напряжение глаз. Слишком яркий свет слепит глаза. Слишком мягкий — и вы ощущаете мерцание. Теперь вы можете плавно регулировать освещение окружающей обстановки с помощью комфортных для глаз светодиодных ламп и создавать идеальную атмосферу в своем доме.</FeatureGlossary><FeatureRank>1</FeatureRank><FeatureTopRank>8</FeatureTopRank></Feature><Feature><FeatureCode>F400088656</FeatureCode><FeatureReferenceName>No visible flicker‡</FeatureReferenceName><FeatureName>Невидимое мерцание‡</FeatureName><FeatureLongDescription>Невидимое мерцание‡</FeatureLongDescription><FeatureGlossary>Когда свет быстро мигает, это может привести к нагрузке на глаза, головным болям и даже вызвать приступ у людей со светочувствительной эпилепсией. В этом нет нужды и это неприятно. Светодиоды могут мерцать вследствие их быстрого отклика на ток драйвера. Но, так как светодиоды Philips спроектированы таким образом, чтобы свести к минимуму колебания выходного тока драйвера, это позволяет устранить факторы, вызывающие мерцание. Таким образом вы не увидите даже намека на мерцание.</FeatureGlossary><FeatureRank>2</FeatureRank><FeatureTopRank>9</FeatureTopRank></Feature></KeyBenefitArea><FeatureImage><FeatureCode>F400082348</FeatureCode><FeatureReferenceName>Learn about light</FeatureReferenceName><FeatureImageRank>1</FeatureImageRank></FeatureImage><FeatureImage><FeatureCode>F400082355</FeatureCode><FeatureReferenceName>2700K [LED lamps]</FeatureReferenceName><FeatureImageRank>2</FeatureImageRank></FeatureImage><FeatureImage><FeatureCode>F400082389</FeatureCode><FeatureReferenceName>Replaces standard incandescent</FeatureReferenceName><FeatureImageRank>3</FeatureImageRank></FeatureImage><FeatureImage><FeatureCode>F400082363</FeatureCode><FeatureReferenceName>15,000-hour rated average life</FeatureReferenceName><FeatureImageRank>4</FeatureImageRank></FeatureImage><FeatureImage><FeatureCode>F400082440</FeatureCode><FeatureReferenceName>Saves up to 80% NRJ</FeatureReferenceName><FeatureImageRank>5</FeatureImageRank></FeatureImage><FeatureImage><FeatureCode>F400082383</FeatureCode><FeatureReferenceName>STD Bulb [LED lamps] Room application</FeatureReferenceName><FeatureImageRank>6</FeatureImageRank></FeatureImage><FeatureImage><FeatureCode>F400082434</FeatureCode><FeatureReferenceName>No UV or Infra</FeatureReferenceName><FeatureImageRank>7</FeatureImageRank></FeatureImage><FeatureImage><FeatureCode>F400086860</FeatureCode><FeatureReferenceName>EyeComfort [LED lums, Spots]</FeatureReferenceName><FeatureImageRank>8</FeatureImageRank></FeatureImage><FeatureImage><FeatureCode>F400088656</FeatureCode><FeatureReferenceName>No visible flicker‡</FeatureReferenceName><FeatureImageRank>9</FeatureImageRank></FeatureImage><FeatureHighlight><FeatureCode>F400082348</FeatureCode><FeatureReferenceName>Learn about light</FeatureReferenceName><FeatureHighlightRank>1</FeatureHighlightRank></FeatureHighlight><FeatureHighlight><FeatureCode>F400082355</FeatureCode><FeatureReferenceName>2700K [LED lamps]</FeatureReferenceName><FeatureHighlightRank>2</FeatureHighlightRank></FeatureHighlight><FeatureHighlight><FeatureCode>F400082389</FeatureCode><FeatureReferenceName>Replaces standard incandescent</FeatureReferenceName><FeatureHighlightRank>3</FeatureHighlightRank></FeatureHighlight><FeatureHighlight><FeatureCode>F400082363</FeatureCode><FeatureReferenceName>15,000-hour rated average life</FeatureReferenceName><FeatureHighlightRank>4</FeatureHighlightRank></FeatureHighlight><FeatureHighlight><FeatureCode>F400082440</FeatureCode><FeatureReferenceName>Saves up to 80% NRJ</FeatureReferenceName><FeatureHighlightRank>5</FeatureHighlightRank></FeatureHighlight><FeatureHighlight><FeatureCode>F400082383</FeatureCode><FeatureReferenceName>STD Bulb [LED lamps] Room application</FeatureReferenceName><FeatureHighlightRank>6</FeatureHighlightRank></FeatureHighlight><FeatureHighlight><FeatureCode>F400082434</FeatureCode><FeatureReferenceName>No UV or Infra</FeatureReferenceName><FeatureHighlightRank>7</FeatureHighlightRank></FeatureHighlight><FeatureHighlight><FeatureCode>F400086860</FeatureCode><FeatureReferenceName>EyeComfort [LED lums, Spots]</FeatureReferenceName><FeatureHighlightRank>8</FeatureHighlightRank></FeatureHighlight><FeatureHighlight><FeatureCode>F400088656</FeatureCode><FeatureReferenceName>No visible flicker‡</FeatureReferenceName><FeatureHighlightRank>9</FeatureHighlightRank></FeatureHighlight><CSChapter><CSChapterCode>CH4006022</CSChapterCode><CSChapterName>характеристики лампы</CSChapterName><CSChapterRank>1</CSChapterRank><CSItem><CSItemCode>IT4029275</CSItemCode><CSItemName>форма</CSItemName><CSItemRank>6</CSItemRank><CSItemIsFreeFormat>0</CSItemIsFreeFormat><CSValue><CSValueCode>VA4084359</CSValueCode><CSValueName>Стандартная</CSValueName><CSValueRank>10</CSValueRank></CSValue></CSItem><CSItem><CSItemCode>IT4029277</CSItemCode><CSItemName>цоколь/патрон</CSItemName><CSItemRank>12</CSItemRank><CSItemIsFreeFormat>0</CSItemIsFreeFormat><CSValue><CSValueCode>VA4067780</CSValueCode><CSValueName>E27</CSValueName><CSValueRank>7</CSValueRank></CSValue></CSItem><CSItem><CSItemCode>IT4029279</CSItemCode><CSItemName>регулировка яркости</CSItemName><CSItemRank>16</CSItemRank><CSItemIsFreeFormat>0</CSItemIsFreeFormat><CSValue><CSValueCode>VA4067747</CSValueCode><CSValueName>нет</CSValueName><CSValueRank>1</CSValueRank></CSValue></CSItem><CSItem><CSItemCode>IT4036606</CSItemCode><CSItemName>напряжение</CSItemName><CSItemRank>21</CSItemRank><CSItemIsFreeFormat>0</CSItemIsFreeFormat><CSValue><CSValueCode>VA4085091</CSValueCode><CSValueName>220 - 240 В</CSValueName><CSValueRank>8</CSValueRank></CSValue></CSItem><CSItem><CSItemCode>IT4037689</CSItemCode><CSItemName>мощность в ваттах</CSItemName><CSItemRank>22</CSItemRank><CSItemIsFreeFormat>1</CSItemIsFreeFormat><CSValue><CSValueCode>VA4087427</CSValueCode><CSValueName>11,5 Вт</CSValueName><CSValueRank>1</CSValueRank></CSValue></CSItem><CSItem><CSItemCode>IT4037690</CSItemCode><CSItemName>эквивалент мощности лампы накаливания</CSItemName><CSItemRank>23</CSItemRank><CSItemIsFreeFormat>1</CSItemIsFreeFormat><CSValue><CSValueCode>VA4087428</CSValueCode><CSValueName>100 Вт</CSValueName><CSValueRank>1</CSValueRank></CSValue></CSItem></CSChapter><CSChapter><CSChapterCode>CH4005202</CSChapterCode><CSChapterName>потребляемая мощность</CSChapterName><CSChapterRank>2</CSChapterRank><CSItem><CSItemCode>IT4026378</CSItemCode><CSItemName>маркировка энергоэффективности</CSItemName><CSItemRank>7</CSItemRank><CSItemIsFreeFormat>0</CSItemIsFreeFormat><CSValue><CSValueCode>VA4082939</CSValueCode><CSValueName>A++</CSValueName><CSValueRank>6</CSValueRank></CSValue></CSItem><CSItem><CSItemCode>IT4029053</CSItemCode><CSItemName>потребление энергии за 1000 ч</CSItemName><CSItemRank>8</CSItemRank><CSItemIsFreeFormat>1</CSItemIsFreeFormat><CSValue><CSValueCode>VA4067444</CSValueCode><CSValueName>12</CSValueName><CSValueRank>1</CSValueRank></CSValue><UnitOfMeasure><UnitOfMeasureCode>4000161</UnitOfMeasureCode><UnitOfMeasureName>(киловатт в час)</UnitOfMeasureName><UnitOfMeasureSymbol>кВт/ч</UnitOfMeasureSymbol></UnitOfMeasure></CSItem></CSChapter><CSChapter><CSChapterCode>CH4005203</CSChapterCode><CSChapterName>световые характеристики</CSChapterName><CSChapterRank>3</CSChapterRank><CSItem><CSItemCode>IT4043370</CSItemCode><CSItemName>EyeComfort</CSItemName><CSItemRank>1</CSItemRank><CSItemIsFreeFormat>0</CSItemIsFreeFormat><CSValue><CSValueCode>VA4100049</CSValueCode><CSValueName>Комфорт для глаз</CSValueName><CSValueRank>1</CSValueRank></CSValue></CSItem><CSItem><CSItemCode>IT4026387</CSItemCode><CSItemName>Световой поток</CSItemName><CSItemRank>3</CSItemRank><CSItemIsFreeFormat>1</CSItemIsFreeFormat><CSValue><CSValueCode>VA4062484</CSValueCode><CSValueName>1521</CSValueName><CSValueRank>1</CSValueRank></CSValue><UnitOfMeasure><UnitOfMeasureCode>4000123</UnitOfMeasureCode><UnitOfMeasureName>люмен</UnitOfMeasureName><UnitOfMeasureSymbol>лм</UnitOfMeasureSymbol></UnitOfMeasure></CSItem><CSItem><CSItemCode>IT4029158</CSItemCode><CSItemName>цвет</CSItemName><CSItemRank>18</CSItemRank><CSItemIsFreeFormat>0</CSItemIsFreeFormat><CSValue><CSValueCode>VA4067569</CSValueCode><CSValueName>теплый белый</CSValueName><CSValueRank>3</CSValueRank></CSValue></CSItem><CSItem><CSItemCode>IT4029159</CSItemCode><CSItemName>цветовая температура</CSItemName><CSItemRank>19</CSItemRank><CSItemIsFreeFormat>1</CSItemIsFreeFormat><CSValue><CSValueCode>VA4067572</CSValueCode><CSValueName>2700</CSValueName><CSValueRank>1</CSValueRank></CSValue><UnitOfMeasure><UnitOfMeasureCode>4000041</UnitOfMeasureCode><UnitOfMeasureName>кельвин</UnitOfMeasureName><UnitOfMeasureSymbol>K</UnitOfMeasureSymbol></UnitOfMeasure></CSItem><CSItem><CSItemCode>IT4029170</CSItemCode><CSItemName>индекс цветопередачи (CRI)</CSItemName><CSItemRank>24</CSItemRank><CSItemIsFreeFormat>1</CSItemIsFreeFormat><CSValue><CSValueCode>VA4067596</CSValueCode><CSValueName>80</CSValueName><CSValueRank>1</CSValueRank></CSValue></CSItem><CSItem><CSItemCode>IT4026390</CSItemCode><CSItemName>время запуска</CSItemName><CSItemRank>25</CSItemRank><CSItemIsFreeFormat>0</CSItemIsFreeFormat><CSValue><CSValueCode>VA4082665</CSValueCode><CSValueName>&lt;0,5</CSValueName><CSValueRank>5</CSValueRank></CSValue><UnitOfMeasure><UnitOfMeasureCode>3000069</UnitOfMeasureCode><UnitOfMeasureName>с</UnitOfMeasureName><UnitOfMeasureSymbol>с</UnitOfMeasureSymbol></UnitOfMeasure></CSItem><CSItem><CSItemCode>IT4029160</CSItemCode><CSItemName>время выхода на 60 % светового потока</CSItemName><CSItemRank>26</CSItemRank><CSItemIsFreeFormat>0</CSItemIsFreeFormat><CSValue><CSValueCode>VA4067639</CSValueCode><CSValueName>мгновенное включение</CSValueName><CSValueRank>4</CSValueRank></CSValue></CSItem><CSItem><CSItemCode>IT4035884</CSItemCode><CSItemName>Применение</CSItemName><CSItemRank>27</CSItemRank><CSItemIsFreeFormat>0</CSItemIsFreeFormat><CSValue><CSValueCode>VA4085119</CSValueCode><CSValueName>Общее освещение</CSValueName><CSValueRank>9</CSValueRank></CSValue></CSItem></CSChapter><CSChapter><CSChapterCode>CH4005204</CSChapterCode><CSChapterName>срок службы</CSChapterName><CSChapterRank>4</CSChapterRank><CSItem><CSItemCode>IT4029169</CSItemCode><CSItemName>срок службы лампы</CSItemName><CSItemRank>5</CSItemRank><CSItemIsFreeFormat>1</CSItemIsFreeFormat><CSValue><CSValueCode>VA4067595</CSValueCode><CSValueName>15000</CSValueName><CSValueRank>1</CSValueRank></CSValue><UnitOfMeasure><UnitOfMeasureCode>4000007</UnitOfMeasureCode><UnitOfMeasureName>- часов</UnitOfMeasureName><UnitOfMeasureSymbol>часов</UnitOfMeasureSymbol></UnitOfMeasure></CSItem><CSItem><CSItemCode>IT4029171</CSItemCode><CSItemName>количество циклов включения</CSItemName><CSItemRank>11</CSItemRank><CSItemIsFreeFormat>1</CSItemIsFreeFormat><CSValue><CSValueCode>VA4067598</CSValueCode><CSValueName>20000</CSValueName><CSValueRank>1</CSValueRank></CSValue></CSItem><CSItem><CSItemCode>IT4029193</CSItemCode><CSItemName>коэффициент стабильности светового потока</CSItemName><CSItemRank>17</CSItemRank><CSItemIsFreeFormat>0</CSItemIsFreeFormat><CSValue><CSValueCode>VA4067614</CSValueCode><CSValueName>0,7</CSValueName><CSValueRank>2</CSValueRank></CSValue></CSItem><CSItem><CSItemCode>IT4029164</CSItemCode><CSItemName>средний срок службы (при использовании по 2,7 часа/день)</CSItemName><CSItemRank>20</CSItemRank><CSItemIsFreeFormat>1</CSItemIsFreeFormat><CSValue><CSValueCode>VA4067588</CSValueCode><CSValueName>15</CSValueName><CSValueRank>1</CSValueRank></CSValue><UnitOfMeasure><UnitOfMeasureCode>4000081</UnitOfMeasureCode><UnitOfMeasureName>лет</UnitOfMeasureName><UnitOfMeasureSymbol>год(лет)</UnitOfMeasureSymbol></UnitOfMeasure></CSItem></CSChapter><CSChapter><CSChapterCode>CH4006021</CSChapterCode><CSChapterName>размеры лампы</CSChapterName><CSChapterRank>5</CSChapterRank><CSItem><CSItemCode>IT4029271</CSItemCode><CSItemName>высота</CSItemName><CSItemRank>4</CSItemRank><CSItemIsFreeFormat>1</CSItemIsFreeFormat><CSValue><CSValueCode>VA4067741</CSValueCode><CSValueName>124</CSValueName><CSValueRank>1</CSValueRank></CSValue><UnitOfMeasure><UnitOfMeasureCode>3000058</UnitOfMeasureCode><UnitOfMeasureName>мм</UnitOfMeasureName><UnitOfMeasureSymbol>миллиметра</UnitOfMeasureSymbol></UnitOfMeasure></CSItem><CSItem><CSItemCode>IT4029272</CSItemCode><CSItemName>ширина</CSItemName><CSItemRank>14</CSItemRank><CSItemIsFreeFormat>1</CSItemIsFreeFormat><CSValue><CSValueCode>VA4067742</CSValueCode><CSValueName>70</CSValueName><CSValueRank>1</CSValueRank></CSValue><UnitOfMeasure><UnitOfMeasureCode>3000058</UnitOfMeasureCode><UnitOfMeasureName>мм</UnitOfMeasureName><UnitOfMeasureSymbol>миллиметра</UnitOfMeasureSymbol></UnitOfMeasure></CSItem></CSChapter><CSChapter><CSChapterCode>CH4005206</CSChapterCode><CSChapterName>другие характеристики</CSChapterName><CSChapterRank>6</CSChapterRank><CSItem><CSItemCode>IT4041312</CSItemCode><CSItemName>Рабочий диапазон</CSItemName><CSItemRank>1</CSItemRank><CSItemIsFreeFormat>0</CSItemIsFreeFormat><CSValue><CSValueCode>VA4096083</CSValueCode><CSValueName>LED Classic</CSValueName><CSValueRank>1</CSValueRank></CSValue></CSItem><CSItem><CSItemCode>IT4026404</CSItemCode><CSItemName>содержание ртути</CSItemName><CSItemRank>2</CSItemRank><CSItemIsFreeFormat>1</CSItemIsFreeFormat><CSValue><CSValueCode>VA4062631</CSValueCode><CSValueName>0</CSValueName><CSValueRank>1</CSValueRank></CSValue><UnitOfMeasure><UnitOfMeasureCode>4000142</UnitOfMeasureCode><UnitOfMeasureName>мг</UnitOfMeasureName><UnitOfMeasureSymbol>мг</UnitOfMeasureSymbol></UnitOfMeasure></CSItem><CSItem><CSItemCode>IT4026405</CSItemCode><CSItemName>коэффициент мощности</CSItemName><CSItemRank>9</CSItemRank><CSItemIsFreeFormat>1</CSItemIsFreeFormat><CSValue><CSValueCode>VA4062632</CSValueCode><CSValueName>0,5</CSValueName><CSValueRank>1</CSValueRank></CSValue></CSItem><CSItem><CSItemCode>IT4026406</CSItemCode><CSItemName>сила тока лампы</CSItemName><CSItemRank>15</CSItemRank><CSItemIsFreeFormat>1</CSItemIsFreeFormat><CSValue><CSValueCode>VA4062633</CSValueCode><CSValueName>88</CSValueName><CSValueRank>1</CSValueRank></CSValue><UnitOfMeasure><UnitOfMeasureCode>4000141</UnitOfMeasureCode><UnitOfMeasureName>мА</UnitOfMeasureName><UnitOfMeasureSymbol>мА</UnitOfMeasureSymbol></UnitOfMeasure></CSItem></CSChapter><CSChapter><CSChapterCode>CH4005207</CSChapterCode><CSChapterName>расчетные значения</CSChapterName><CSChapterRank>7</CSChapterRank><CSItem><CSItemCode>IT4026407</CSItemCode><CSItemName>расчетная мощность</CSItemName><CSItemRank>1</CSItemRank><CSItemIsFreeFormat>1</CSItemIsFreeFormat><CSValue><CSValueCode>VA4062634</CSValueCode><CSValueName>11,5</CSValueName><CSValueRank>1</CSValueRank></CSValue><UnitOfMeasure><UnitOfMeasureCode>3000072</UnitOfMeasureCode><UnitOfMeasureName>(ватт)</UnitOfMeasureName><UnitOfMeasureSymbol>Вт</UnitOfMeasureSymbol></UnitOfMeasure></CSItem><CSItem><CSItemCode>IT4026408</CSItemCode><CSItemName>расчетная световая отдача</CSItemName><CSItemRank>10</CSItemRank><CSItemIsFreeFormat>1</CSItemIsFreeFormat><CSValue><CSValueCode>VA4062635</CSValueCode><CSValueName>1521</CSValueName><CSValueRank>1</CSValueRank></CSValue><UnitOfMeasure><UnitOfMeasureCode>4000123</UnitOfMeasureCode><UnitOfMeasureName>люмен</UnitOfMeasureName><UnitOfMeasureSymbol>лм</UnitOfMeasureSymbol></UnitOfMeasure></CSItem><CSItem><CSItemCode>IT4029167</CSItemCode><CSItemName>расчетный срок службы</CSItemName><CSItemRank>13</CSItemRank><CSItemIsFreeFormat>1</CSItemIsFreeFormat><CSValue><CSValueCode>VA4067593</CSValueCode><CSValueName>15000</CSValueName><CSValueRank>1</CSValueRank></CSValue><UnitOfMeasure><UnitOfMeasureCode>4000007</UnitOfMeasureCode><UnitOfMeasureName>- часов</UnitOfMeasureName><UnitOfMeasureSymbol>часов</UnitOfMeasureSymbol></UnitOfMeasure></CSItem></CSChapter><Filters><Purpose type="Comparison"><Features><Feature code="F400082348" rank="1" referenceName="Learn about light"/><Feature code="F400082355" rank="2" referenceName="2700K [LED lamps]"/><Feature code="F400082389" rank="3" referenceName="Replaces standard incandescent"/><Feature code="F400082363" rank="4" referenceName="15,000-hour rated average life"/><Feature code="F400082440" rank="5" referenceName="Saves up to 80% NRJ"/><Feature code="F400082383" rank="6" referenceName="STD Bulb [LED lamps] Room application"/><Feature code="F400082434" rank="7" referenceName="No UV or Infra"/><Feature code="F400086860" rank="8" referenceName="EyeComfort [LED lums, Spots]"/><Feature code="F400088656" rank="9" referenceName="No visible flicker‡"/></Features><CSItems><CSItem code="IT4043370" rank="1" referenceName="световые характеристики - EyeComfort"/><CSItem code="IT4041312" rank="1" referenceName="другие характеристики - Рабочий диапазон"/><CSItem code="IT4026407" rank="1" referenceName="расчетные значения - расчетная мощность"/><CSItem code="IT4026404" rank="2" referenceName="другие характеристики - содержание ртути"/><CSItem code="IT4026387" rank="3" referenceName="световые характеристики - Световой поток"/><CSItem code="IT4029271" rank="4" referenceName="размеры лампы - высота"/><CSItem code="IT4029169" rank="5" referenceName="срок службы - срок службы лампы"/><CSItem code="IT4029275" rank="6" referenceName="характеристики лампы - форма"/><CSItem code="IT4026378" rank="7" referenceName="потребляемая мощность - маркировка энергоэффективности"/><CSItem code="IT4029053" rank="8" referenceName="потребляемая мощность - потребление энергии за 1000 ч"/><CSItem code="IT4026405" rank="9" referenceName="другие характеристики - коэффициент мощности"/><CSItem code="IT4026408" rank="10" referenceName="расчетные значения - расчетная световая отдача"/><CSItem code="IT4029171" rank="11" referenceName="срок службы - количество циклов включения"/><CSItem code="IT4029277" rank="12" referenceName="характеристики лампы - цоколь/патрон"/><CSItem code="IT4029167" rank="13" referenceName="расчетные значения - расчетный срок службы"/><CSItem code="IT4029272" rank="14" referenceName="размеры лампы - ширина"/><CSItem code="IT4026406" rank="15" referenceName="другие характеристики - сила тока лампы"/><CSItem code="IT4029279" rank="16" referenceName="характеристики лампы - регулировка яркости"/><CSItem code="IT4029193" rank="17" referenceName="срок службы - коэффициент стабильности светового потока"/><CSItem code="IT4029158" rank="18" referenceName="световые характеристики - цвет"/><CSItem code="IT4029159" rank="19" referenceName="световые характеристики - цветовая температура"/><CSItem code="IT4029164" rank="20" referenceName="срок службы - средний срок службы (при использовании по 2,7 часа/день)"/><CSItem code="IT4036606" rank="21" referenceName="характеристики лампы - напряжение"/><CSItem code="IT4037689" rank="22" referenceName="характеристики лампы - мощность в ваттах"/><CSItem code="IT4037690" rank="23" referenceName="характеристики лампы - эквивалент мощности лампы накаливания"/><CSItem code="IT4029170" rank="24" referenceName="световые характеристики - индекс цветопередачи (CRI)"/><CSItem code="IT4026390" rank="25" referenceName="световые характеристики - время запуска"/><CSItem code="IT4029160" rank="26" referenceName="световые характеристики - время выхода на 60 % светового потока"/><CSItem code="IT4035884" rank="27" referenceName="световые характеристики - Применение"/></CSItems></Purpose><Purpose type="Detail"><Features><Feature code="F400082348" rank="1" referenceName="Learn about light"/><Feature code="F400082355" rank="2" referenceName="2700K [LED lamps]"/><Feature code="F400082389" rank="3" referenceName="Replaces standard incandescent"/><Feature code="F400082363" rank="4" referenceName="15,000-hour rated average life"/><Feature code="F400082440" rank="5" referenceName="Saves up to 80% NRJ"/><Feature code="F400082383" rank="6" referenceName="STD Bulb [LED lamps] Room application"/><Feature code="F400082434" rank="7" referenceName="No UV or Infra"/><Feature code="F400086860" rank="8" referenceName="EyeComfort [LED lums, Spots]"/><Feature code="F400088656" rank="9" referenceName="No visible flicker‡"/></Features><CSItems><CSItem code="IT4043370" rank="1" referenceName="световые характеристики - EyeComfort"/><CSItem code="IT4041312" rank="1" referenceName="другие характеристики - Рабочий диапазон"/><CSItem code="IT4026407" rank="1" referenceName="расчетные значения - расчетная мощность"/><CSItem code="IT4026404" rank="2" referenceName="другие характеристики - содержание ртути"/><CSItem code="IT4026387" rank="3" referenceName="световые характеристики - Световой поток"/><CSItem code="IT4029271" rank="4" referenceName="размеры лампы - высота"/><CSItem code="IT4029169" rank="5" referenceName="срок службы - срок службы лампы"/><CSItem code="IT4029275" rank="6" referenceName="характеристики лампы - форма"/><CSItem code="IT4026378" rank="7" referenceName="потребляемая мощность - маркировка энергоэффективности"/><CSItem code="IT4029053" rank="8" referenceName="потребляемая мощность - потребление энергии за 1000 ч"/><CSItem code="IT4026405" rank="9" referenceName="другие характеристики - коэффициент мощности"/><CSItem code="IT4026408" rank="10" referenceName="расчетные значения - расчетная световая отдача"/><CSItem code="IT4029171" rank="11" referenceName="срок службы - количество циклов включения"/><CSItem code="IT4029277" rank="12" referenceName="характеристики лампы - цоколь/патрон"/><CSItem code="IT4029167" rank="13" referenceName="расчетные значения - расчетный срок службы"/><CSItem code="IT4029272" rank="14" referenceName="размеры лампы - ширина"/><CSItem code="IT4026406" rank="15" referenceName="другие характеристики - сила тока лампы"/><CSItem code="IT4029279" rank="16" referenceName="характеристики лампы - регулировка яркости"/><CSItem code="IT4029193" rank="17" referenceName="срок службы - коэффициент стабильности светового потока"/><CSItem code="IT4029158" rank="18" referenceName="световые характеристики - цвет"/><CSItem code="IT4029159" rank="19" referenceName="световые характеристики - цветовая температура"/><CSItem code="IT4029164" rank="20" referenceName="срок службы - средний срок службы (при использовании по 2,7 часа/день)"/><CSItem code="IT4036606" rank="21" referenceName="характеристики лампы - напряжение"/><CSItem code="IT4037689" rank="22" referenceName="характеристики лампы - мощность в ваттах"/><CSItem code="IT4037690" rank="23" referenceName="характеристики лампы - эквивалент мощности лампы накаливания"/><CSItem code="IT4029170" rank="24" referenceName="световые характеристики - индекс цветопередачи (CRI)"/><CSItem code="IT4026390" rank="25" referenceName="световые характеристики - время запуска"/><CSItem code="IT4029160" rank="26" referenceName="световые характеристики - время выхода на 60 % светового потока"/><CSItem code="IT4035884" rank="27" referenceName="световые характеристики - Применение"/></CSItems></Purpose></Filters><FeatureCompareGroups/><Disclaimers><Disclaimer code="DIS40012516" rank="1" referenceName="Designed for the comfort of your eyes"><DisclaimerText>† Чтобы вашим глазам было комфортно. Посетите www.philips.com/eyecomfort, чтобы ознакомиться со значениями мерцания, строб-импульсом и другими параметрами, а также со сведениями о продукции.</DisclaimerText><DisclaimElements/></Disclaimer><Disclaimer code="DIS40012976" rank="2" referenceName="No flicker disclaimer"><DisclaimerText>‡ Показатель восприятия краткосрочной модуляции света (PstLM) меньше или равен 1 при измерении согласно IEC 61547-1 и IEC 61000-4-15.</DisclaimerText><DisclaimElements/></Disclaimer></Disclaimers><RichTexts/></Product></Products>