<?xml version="1.0" encoding="UTF-8"?><Products xmlns:source="http://apache.org/cocoon/source/1.0" DocStatus="approved" DocTimeStamp="2018-10-27T23:59:01"><Product Country="RU" IsAccessory="false" IsMaster="false" Locale="ru_RU" lastModified="2018-10-26T04:44:29" masterLastModified="2018-09-08T00:41:25"><CTN>8718696750742</CTN><Code12NC>929001395201</Code12NC><GTIN>8718696750742</GTIN><MarketingVersion>3.0.1</MarketingVersion><MarketingStatus>Final Published</MarketingStatus><CRDate>2017-01-06</CRDate><CRDateYW>201701</CRDateYW><ModelYears><ModelYear>2017</ModelYear></ModelYears><ProductDivision><ProductDivisionCode>0100</ProductDivisionCode><ProductDivisionName>Lighting</ProductDivisionName><FormerPDCode>0100</FormerPDCode></ProductDivision><ProductOwner>Hélène Lorfeuvre</ProductOwner><DTN>8718696750742</DTN><Catalog><StartOfPublication>2017-02-06T00:00:00</StartOfPublication><EndOfPublication>2020-02-06T00:00:00</EndOfPublication><StartOfSales>2017-02-06T00:00:00</StartOfSales><EndOfSales>2020-02-06T00:00:00</EndOfSales><DummyPrice/><Deleted>false</Deleted><DeleteAfterDate/><ProductRank>50</ProductRank></Catalog><FinancialCategorization><BusinessGroupCode>9240</BusinessGroupCode><BusinessGroupName>LED</BusinessGroupName><BusinessUnitCode>0118</BusinessUnitCode><BusinessUnitName>LED Lamps</BusinessUnitName><MainArticleGroupCode>L70</MainArticleGroupCode><MainArticleGroupName>LED Candle &amp; Lustre</MainArticleGroupName><ArticleGroupCode>3946</ArticleGroupCode><ArticleGroupName>Candles &amp; Lustres - Glass</ArticleGroupName></FinancialCategorization><Categorization type="CONSUMER"><GroupCode>LIGHTING_GR</GroupCode><GroupName>Lighting</GroupName><CategoryCode>CHOOSE_A_BULB_CA</CategoryCode><CategoryName>Choose a bulb</CategoryName><SubcategoryCode>CANDLE_BULB_SU</SubcategoryCode><SubcategoryName>Candle</SubcategoryName></Categorization><Assets><Asset code="8718696750742" description="Single product shot" extension="" lastModified="2018-10-26" locale="ru_RU" number="" type="IMS">http://images.philips.com/is/image/PhilipsConsumer/8718696750742-IMS-ru_RU</Asset><Asset code="8718696750742" description="Product gallery image set" extension="" lastModified="2018-10-26" locale="ru_RU" number="" type="GAL">http://images.philips.com/is/image/PhilipsConsumer/8718696750742-GAL-ru_RU</Asset><Asset code="8718696750742" description="Product URL" extension="" lastModified="2018-10-26" locale="ru_RU" number="" type="URL">http://www.philips.ru/c-p/8718696750742/led-candle-dimmable</Asset></Assets><ProductName>Свечевидная лампа, 5 Вт (35 Вт), E14, сверхтепл. белый, диммир.</ProductName><FullProductName>Philips LED Диммируемая свечевидная лампа 8718696750742 5 Вт (35 Вт), E14, сверхтеплый белый, диммируемая</FullProductName><NamingString><MasterBrand><BrandCode>PHI</BrandCode><BrandName>Philips</BrandName></MasterBrand><BrandString>Philips</BrandString><Family><FamilyCode>SB40002784</FamilyCode><FamilyName>LED</FamilyName><FamilyNameUsed>1</FamilyNameUsed></Family><Descriptor><DescriptorCode>D4019762</DescriptorCode><DescriptorName>Диммируемая свечевидная лампа</DescriptorName></Descriptor><Alphanumeric>8718696750742</Alphanumeric><VersionElement1><VersionElementCode>V4027264</VersionElementCode><VersionElementName>5 Вт (35 Вт)</VersionElementName></VersionElement1><VersionElement2><VersionElementCode>D4011845</VersionElementCode><VersionElementName>E14</VersionElementName></VersionElement2><VersionElement3><VersionElementCode>V4044562</VersionElementCode><VersionElementName>Сверхтеплый белый</VersionElementName></VersionElement3><VersionElement4><VersionElementCode>V4029030</VersionElementCode><VersionElementName>регулировка яркости</VersionElementName></VersionElement4><VersionString>5 Вт (35 Вт), E14, сверхтеплый белый, диммируемая</VersionString><BrandedFeatureString/><DescriptorBrandedFeatureString>Диммируемая свечевидная лампа</DescriptorBrandedFeatureString></NamingString><WOW>Дизайн, притягивающий взгляд</WOW><SubWOW>Стильный элемент интерьера — даже в выключенном состоянии</SubWOW><MarketingTextHeader>Лампы выполнены в привычном дизайне, а за счет энергосберегающей светодиодной технологии потребляют на 80 % меньше электроэнергии и имеют значительно более долгий срок службы по сравнению с традиционными лампами.</MarketingTextHeader><KeyBenefitArea><KeyBenefitAreaCode>K4034413</KeyBenefitAreaCode><KeyBenefitAreaName>Выбирайте качественное освещение</KeyBenefitAreaName><KeyBenefitAreaRank>1</KeyBenefitAreaRank><Feature><FeatureCode>F400082348</FeatureCode><FeatureReferenceName>Learn about light</FeatureReferenceName><FeatureName>Узнайте об освещении больше</FeatureName><FeatureLongDescription>Узнайте об освещении больше</FeatureLongDescription><FeatureGlossary>Цветовая температура: свет может иметь различную цветовую температуру, которая выражается в кельвинах (К). Лампы с низким значением градусов Кельвина излучают теплое, спокойное свечение, тогда как лампы с более высоким значением отличаются более холодным и бодрящим светом. CRI: индекс цветопередачи (CRI) характеризует влияние источника света на восприятие цветов. Индекс CRI естественного солнечного света равен 100. Индекс CRI светодиодных ламп Philips близок к солнечному (больше 80), поэтому они передают правильные, естественные цвета.</FeatureGlossary><FeatureRank>1</FeatureRank><FeatureTopRank>1</FeatureTopRank></Feature><Feature><FeatureCode>F400082414</FeatureCode><FeatureReferenceName>Light all around</FeatureReferenceName><FeatureName>Осветите все вокруг</FeatureName><FeatureLongDescription>Осветите все вокруг</FeatureLongDescription><FeatureGlossary>Благодаря инновационному дизайну оптики в ретро-дизайне эта светодиодная лампа не образует теней по краю светового потока — только естественное освещение с теплой цветовой температурой.</FeatureGlossary><FeatureRank>8</FeatureRank><FeatureTopRank>2</FeatureTopRank></Feature></KeyBenefitArea><KeyBenefitArea><KeyBenefitAreaCode>K4034417</KeyBenefitAreaCode><KeyBenefitAreaName>Нечто большее, чем просто освещение</KeyBenefitAreaName><KeyBenefitAreaRank>2</KeyBenefitAreaRank><Feature><FeatureCode>F400082428</FeatureCode><FeatureReferenceName>LEDClassic / Filament 2</FeatureReferenceName><FeatureName>Винтажный стиль и современная светодиодная технология</FeatureName><FeatureLongDescription>Винтажный стиль и современная светодиодная технология</FeatureLongDescription><FeatureGlossary>Лампы LED Classic работают на основе стандартной энергосберегающей светодиодной технологии. Лампа в ретростиле с инновационной технологией освещения.</FeatureGlossary><FeatureRank>7</FeatureRank><FeatureTopRank>3</FeatureTopRank></Feature><Feature><FeatureCode>F400082421</FeatureCode><FeatureReferenceName>Dimmable [LED Lamps]</FeatureReferenceName><FeatureName>регулировка яркости</FeatureName><FeatureLongDescription>регулировка яркости</FeatureLongDescription><FeatureGlossary>Эта лампа совместима с большинством диммеров, а плавная регулировка яркости до 10 % от полного уровня освещенности позволит создать нужную атмосферу. Сверьтесь с таблицей, где представлены совместимые диммеры, чтобы узнать, подходит ли ваш для использования с данной лампой.</FeatureGlossary><FeatureRank>5</FeatureRank><FeatureTopRank>4</FeatureTopRank></Feature></KeyBenefitArea><KeyBenefitArea><KeyBenefitAreaCode>K4034414</KeyBenefitAreaCode><KeyBenefitAreaName>Найдите подходящую замену своим старым лампам</KeyBenefitAreaName><KeyBenefitAreaRank>3</KeyBenefitAreaRank><Feature><FeatureCode>F400082392</FeatureCode><FeatureReferenceName>Replaces candle incandescent</FeatureReferenceName><FeatureName>Заменяет свечевидные лампы накаливания</FeatureName><FeatureLongDescription>Имеет форму и размер свечевидных ламп накаливания</FeatureLongDescription><FeatureGlossary>Благодаря красивому дизайну, стандартным размерам и высоким характеристикам экологичности эта современная энергосберегающая светодиодная свечевидная лампа идеально заменит свечевидные лампы накаливания.</FeatureGlossary><FeatureRank>3</FeatureRank><FeatureTopRank>5</FeatureTopRank></Feature><Feature><FeatureCode>F400082434</FeatureCode><FeatureReferenceName>No UV or Infra</FeatureReferenceName><FeatureName>Отсутствие ультрафиолетового или инфракрасного излучения</FeatureName><FeatureLongDescription>Без ультрафиолетового или инфракрасного излучения</FeatureLongDescription><FeatureGlossary>В свете этой лампы отсутствует инфракрасный диапазон, поэтому тепло не излучается. Благодаря этому, а также отсутствию ультрафиолетовых лучей, предметы и материалы не выцветают.</FeatureGlossary><FeatureRank>9</FeatureRank><FeatureTopRank>9</FeatureTopRank></Feature></KeyBenefitArea><KeyBenefitArea><KeyBenefitAreaCode>K4034415</KeyBenefitAreaCode><KeyBenefitAreaName>Выбирайте экологичные решения</KeyBenefitAreaName><KeyBenefitAreaRank>4</KeyBenefitAreaRank><Feature><FeatureCode>F400082363</FeatureCode><FeatureReferenceName>15,000-hour rated average life</FeatureReferenceName><FeatureName>Средний срок службы — 15 000 часов</FeatureName><FeatureLongDescription>Долгий срок службы ламп: до 15 лет</FeatureLongDescription><FeatureGlossary>Благодаря долгому сроку службы (до 15 000 часов) можно забыть о постоянной замене ламп и наслаждаться превосходным освещением более 15 лет.</FeatureGlossary><FeatureRank>2</FeatureRank><FeatureTopRank>6</FeatureTopRank></Feature><Feature><FeatureCode>F400082440</FeatureCode><FeatureReferenceName>Saves up to 80% NRJ</FeatureReferenceName><FeatureName>Экономит до 80% электроэнергии</FeatureName><FeatureLongDescription>Экономное и экологичное решение</FeatureLongDescription><FeatureGlossary>Светодиодная лампа позволяет сэкономить до 80 % электроэнергии по сравнению с обычной лампой. Она окупит свою стоимость и будет экономить ваши средства в течение долгих лет. Кроме того, эта лампа не наносит вреда окружающей среде.</FeatureGlossary><FeatureRank>6</FeatureRank><FeatureTopRank>7</FeatureTopRank></Feature></KeyBenefitArea><KeyBenefitArea><KeyBenefitAreaCode>K4034416</KeyBenefitAreaCode><KeyBenefitAreaName>Создайте превосходную атмосферу у себя дома</KeyBenefitAreaName><KeyBenefitAreaRank>5</KeyBenefitAreaRank><Feature><FeatureCode>F400082384</FeatureCode><FeatureReferenceName>Candle [LED lamps]</FeatureReferenceName><FeatureName>Идеально для использования в декоративных светильниках</FeatureName><FeatureLongDescription>Идеально для использования в декоративных светильниках</FeatureLongDescription><FeatureGlossary>Современные свечевидные светодиодные лампы Philips предназначены для фонарных светильников, люстр, потолочных вентиляторов и подсветки зеркал.</FeatureGlossary><FeatureRank>4</FeatureRank><FeatureTopRank>8</FeatureTopRank></Feature></KeyBenefitArea><KeyBenefitArea><KeyBenefitAreaCode>K4035547</KeyBenefitAreaCode><KeyBenefitAreaName>Комфортный для глаз светодиодный свет</KeyBenefitAreaName><KeyBenefitAreaRank>6</KeyBenefitAreaRank><Feature><FeatureCode>F400086860</FeatureCode><FeatureReferenceName>EyeComfort [LED lums, Spots]</FeatureReferenceName><FeatureName>Мягкое свечение светодиодов, комфортный для глаз свет</FeatureName><FeatureLongDescription>Чтобы вашим глазам было комфортно†</FeatureLongDescription><FeatureGlossary>Легко заметить, как яркий раздражающий свет вызывает напряжение глаз. Слишком яркий свет слепит глаза. Слишком мягкий — и вы ощущаете мерцание. Теперь вы можете плавно регулировать освещение окружающей обстановки с помощью комфортных для глаз светодиодных ламп и создавать идеальную атмосферу в своем доме.</FeatureGlossary><FeatureRank>1</FeatureRank><FeatureTopRank>10</FeatureTopRank></Feature></KeyBenefitArea><FeatureImage><FeatureCode>F400082348</FeatureCode><FeatureReferenceName>Learn about light</FeatureReferenceName><FeatureImageRank>1</FeatureImageRank></FeatureImage><FeatureImage><FeatureCode>F400082414</FeatureCode><FeatureReferenceName>Light all around</FeatureReferenceName><FeatureImageRank>2</FeatureImageRank></FeatureImage><FeatureImage><FeatureCode>F400082428</FeatureCode><FeatureReferenceName>LEDClassic / Filament 2</FeatureReferenceName><FeatureImageRank>3</FeatureImageRank></FeatureImage><FeatureImage><FeatureCode>F400082421</FeatureCode><FeatureReferenceName>Dimmable [LED Lamps]</FeatureReferenceName><FeatureImageRank>4</FeatureImageRank></FeatureImage><FeatureImage><FeatureCode>F400082392</FeatureCode><FeatureReferenceName>Replaces candle incandescent</FeatureReferenceName><FeatureImageRank>5</FeatureImageRank></FeatureImage><FeatureImage><FeatureCode>F400082363</FeatureCode><FeatureReferenceName>15,000-hour rated average life</FeatureReferenceName><FeatureImageRank>6</FeatureImageRank></FeatureImage><FeatureImage><FeatureCode>F400082440</FeatureCode><FeatureReferenceName>Saves up to 80% NRJ</FeatureReferenceName><FeatureImageRank>7</FeatureImageRank></FeatureImage><FeatureImage><FeatureCode>F400082384</FeatureCode><FeatureReferenceName>Candle [LED lamps]</FeatureReferenceName><FeatureImageRank>8</FeatureImageRank></FeatureImage><FeatureImage><FeatureCode>F400082434</FeatureCode><FeatureReferenceName>No UV or Infra</FeatureReferenceName><FeatureImageRank>9</FeatureImageRank></FeatureImage><FeatureImage><FeatureCode>F400086860</FeatureCode><FeatureReferenceName>EyeComfort [LED lums, Spots]</FeatureReferenceName><FeatureImageRank>10</FeatureImageRank></FeatureImage><FeatureHighlight><FeatureCode>F400082348</FeatureCode><FeatureReferenceName>Learn about light</FeatureReferenceName><FeatureHighlightRank>1</FeatureHighlightRank></FeatureHighlight><FeatureHighlight><FeatureCode>F400082414</FeatureCode><FeatureReferenceName>Light all around</FeatureReferenceName><FeatureHighlightRank>2</FeatureHighlightRank></FeatureHighlight><FeatureHighlight><FeatureCode>F400082428</FeatureCode><FeatureReferenceName>LEDClassic / Filament 2</FeatureReferenceName><FeatureHighlightRank>3</FeatureHighlightRank></FeatureHighlight><FeatureHighlight><FeatureCode>F400082421</FeatureCode><FeatureReferenceName>Dimmable [LED Lamps]</FeatureReferenceName><FeatureHighlightRank>4</FeatureHighlightRank></FeatureHighlight><FeatureHighlight><FeatureCode>F400082392</FeatureCode><FeatureReferenceName>Replaces candle incandescent</FeatureReferenceName><FeatureHighlightRank>5</FeatureHighlightRank></FeatureHighlight><FeatureHighlight><FeatureCode>F400082363</FeatureCode><FeatureReferenceName>15,000-hour rated average life</FeatureReferenceName><FeatureHighlightRank>6</FeatureHighlightRank></FeatureHighlight><FeatureHighlight><FeatureCode>F400082440</FeatureCode><FeatureReferenceName>Saves up to 80% NRJ</FeatureReferenceName><FeatureHighlightRank>7</FeatureHighlightRank></FeatureHighlight><FeatureHighlight><FeatureCode>F400082384</FeatureCode><FeatureReferenceName>Candle [LED lamps]</FeatureReferenceName><FeatureHighlightRank>8</FeatureHighlightRank></FeatureHighlight><FeatureHighlight><FeatureCode>F400082434</FeatureCode><FeatureReferenceName>No UV or Infra</FeatureReferenceName><FeatureHighlightRank>9</FeatureHighlightRank></FeatureHighlight><FeatureHighlight><FeatureCode>F400086860</FeatureCode><FeatureReferenceName>EyeComfort [LED lums, Spots]</FeatureReferenceName><FeatureHighlightRank>10</FeatureHighlightRank></FeatureHighlight><CSChapter><CSChapterCode>CH4006022</CSChapterCode><CSChapterName>характеристики лампы</CSChapterName><CSChapterRank>1</CSChapterRank><CSItem><CSItemCode>IT4029275</CSItemCode><CSItemName>форма</CSItemName><CSItemRank>7</CSItemRank><CSItemIsFreeFormat>0</CSItemIsFreeFormat><CSValue><CSValueCode>VA4067763</CSValueCode><CSValueName>свечевидный</CSValueName><CSValueRank>12</CSValueRank></CSValue></CSItem><CSItem><CSItemCode>IT4029277</CSItemCode><CSItemName>цоколь/патрон</CSItemName><CSItemRank>14</CSItemRank><CSItemIsFreeFormat>0</CSItemIsFreeFormat><CSValue><CSValueCode>VA4067779</CSValueCode><CSValueName>E14</CSValueName><CSValueRank>11</CSValueRank></CSValue></CSItem><CSItem><CSItemCode>IT4029279</CSItemCode><CSItemName>регулировка яркости</CSItemName><CSItemRank>21</CSItemRank><CSItemIsFreeFormat>0</CSItemIsFreeFormat><CSValue><CSValueCode>VA4067746</CSValueCode><CSValueName>Да</CSValueName><CSValueRank>5</CSValueRank></CSValue></CSItem><CSItem><CSItemCode>IT4036606</CSItemCode><CSItemName>напряжение</CSItemName><CSItemRank>24</CSItemRank><CSItemIsFreeFormat>0</CSItemIsFreeFormat><CSValue><CSValueCode>VA4085091</CSValueCode><CSValueName>220 - 240 В</CSValueName><CSValueRank>13</CSValueRank></CSValue></CSItem><CSItem><CSItemCode>IT4037689</CSItemCode><CSItemName>мощность в ваттах</CSItemName><CSItemRank>26</CSItemRank><CSItemIsFreeFormat>1</CSItemIsFreeFormat><CSValue><CSValueCode>VA4087427</CSValueCode><CSValueName>5</CSValueName><CSValueRank>1</CSValueRank></CSValue></CSItem><CSItem><CSItemCode>IT4037690</CSItemCode><CSItemName>эквивалент мощности лампы накаливания</CSItemName><CSItemRank>29</CSItemRank><CSItemIsFreeFormat>1</CSItemIsFreeFormat><CSValue><CSValueCode>VA4087428</CSValueCode><CSValueName>35</CSValueName><CSValueRank>1</CSValueRank></CSValue></CSItem></CSChapter><CSChapter><CSChapterCode>CH4005202</CSChapterCode><CSChapterName>потребляемая мощность</CSChapterName><CSChapterRank>2</CSChapterRank><CSItem><CSItemCode>IT4026378</CSItemCode><CSItemName>маркировка энергоэффективности</CSItemName><CSItemRank>8</CSItemRank><CSItemIsFreeFormat>0</CSItemIsFreeFormat><CSValue><CSValueCode>VA4067612</CSValueCode><CSValueName>A+</CSValueName><CSValueRank>6</CSValueRank></CSValue></CSItem><CSItem><CSItemCode>IT4029053</CSItemCode><CSItemName>потребление энергии за 1000 ч</CSItemName><CSItemRank>12</CSItemRank><CSItemIsFreeFormat>1</CSItemIsFreeFormat><CSValue><CSValueCode>VA4067444</CSValueCode><CSValueName>5</CSValueName><CSValueRank>1</CSValueRank></CSValue><UnitOfMeasure><UnitOfMeasureCode>4000161</UnitOfMeasureCode><UnitOfMeasureName>(киловатт в час)</UnitOfMeasureName><UnitOfMeasureSymbol>кВт/ч</UnitOfMeasureSymbol></UnitOfMeasure></CSItem></CSChapter><CSChapter><CSChapterCode>CH4005203</CSChapterCode><CSChapterName>световые характеристики</CSChapterName><CSChapterRank>3</CSChapterRank><CSItem><CSItemCode>IT4043370</CSItemCode><CSItemName>EyeComfort</CSItemName><CSItemRank>1</CSItemRank><CSItemIsFreeFormat>0</CSItemIsFreeFormat><CSValue><CSValueCode>VA4100049</CSValueCode><CSValueName>Комфорт для глаз</CSValueName><CSValueRank>1</CSValueRank></CSValue></CSItem><CSItem><CSItemCode>IT4026387</CSItemCode><CSItemName>Световой поток</CSItemName><CSItemRank>2</CSItemRank><CSItemIsFreeFormat>1</CSItemIsFreeFormat><CSValue><CSValueCode>VA4062484</CSValueCode><CSValueName>410</CSValueName><CSValueRank>1</CSValueRank></CSValue><UnitOfMeasure><UnitOfMeasureCode>4000123</UnitOfMeasureCode><UnitOfMeasureName>люмен</UnitOfMeasureName><UnitOfMeasureSymbol>лм</UnitOfMeasureSymbol></UnitOfMeasure></CSItem><CSItem><CSItemCode>IT4029158</CSItemCode><CSItemName>цвет</CSItemName><CSItemRank>18</CSItemRank><CSItemIsFreeFormat>0</CSItemIsFreeFormat><CSValue><CSValueCode>VA4067569</CSValueCode><CSValueName>теплый белый</CSValueName><CSValueRank>1</CSValueRank></CSValue><CSValue><CSValueCode>VA4100374</CSValueCode><CSValueName>Очень теплый белый</CSValueName><CSValueRank>1</CSValueRank></CSValue></CSItem><CSItem><CSItemCode>IT4029159</CSItemCode><CSItemName>цветовая температура</CSItemName><CSItemRank>22</CSItemRank><CSItemIsFreeFormat>1</CSItemIsFreeFormat><CSValue><CSValueCode>VA4067572</CSValueCode><CSValueName>2500</CSValueName><CSValueRank>1</CSValueRank></CSValue><UnitOfMeasure><UnitOfMeasureCode>4000041</UnitOfMeasureCode><UnitOfMeasureName>кельвин</UnitOfMeasureName><UnitOfMeasureSymbol>K</UnitOfMeasureSymbol></UnitOfMeasure></CSItem><CSItem><CSItemCode>IT4029170</CSItemCode><CSItemName>индекс цветопередачи (CRI)</CSItemName><CSItemRank>28</CSItemRank><CSItemIsFreeFormat>1</CSItemIsFreeFormat><CSValue><CSValueCode>VA4067596</CSValueCode><CSValueName>80</CSValueName><CSValueRank>1</CSValueRank></CSValue></CSItem><CSItem><CSItemCode>IT4026390</CSItemCode><CSItemName>время запуска</CSItemName><CSItemRank>30</CSItemRank><CSItemIsFreeFormat>0</CSItemIsFreeFormat><CSValue><CSValueCode>VA4082665</CSValueCode><CSValueName>&lt;0,5</CSValueName><CSValueRank>10</CSValueRank></CSValue><UnitOfMeasure><UnitOfMeasureCode>3000069</UnitOfMeasureCode><UnitOfMeasureName>с</UnitOfMeasureName><UnitOfMeasureSymbol>с</UnitOfMeasureSymbol></UnitOfMeasure></CSItem><CSItem><CSItemCode>IT4029160</CSItemCode><CSItemName>время выхода на 60 % светового потока</CSItemName><CSItemRank>31</CSItemRank><CSItemIsFreeFormat>0</CSItemIsFreeFormat><CSValue><CSValueCode>VA4067639</CSValueCode><CSValueName>мгновенное включение</CSValueName><CSValueRank>9</CSValueRank></CSValue></CSItem></CSChapter><CSChapter><CSChapterCode>CH4005204</CSChapterCode><CSChapterName>срок службы</CSChapterName><CSChapterRank>4</CSChapterRank><CSItem><CSItemCode>IT4029169</CSItemCode><CSItemName>срок службы лампы</CSItemName><CSItemRank>5</CSItemRank><CSItemIsFreeFormat>1</CSItemIsFreeFormat><CSValue><CSValueCode>VA4067595</CSValueCode><CSValueName>15000</CSValueName><CSValueRank>1</CSValueRank></CSValue><UnitOfMeasure><UnitOfMeasureCode>4000007</UnitOfMeasureCode><UnitOfMeasureName>- часов</UnitOfMeasureName><UnitOfMeasureSymbol>часов</UnitOfMeasureSymbol></UnitOfMeasure></CSItem><CSItem><CSItemCode>IT4029171</CSItemCode><CSItemName>количество циклов включения</CSItemName><CSItemRank>10</CSItemRank><CSItemIsFreeFormat>1</CSItemIsFreeFormat><CSValue><CSValueCode>VA4067598</CSValueCode><CSValueName>20000</CSValueName><CSValueRank>1</CSValueRank></CSValue></CSItem><CSItem><CSItemCode>IT4029193</CSItemCode><CSItemName>коэффициент стабильности светового потока</CSItemName><CSItemRank>19</CSItemRank><CSItemIsFreeFormat>0</CSItemIsFreeFormat><CSValue><CSValueCode>VA4067614</CSValueCode><CSValueName>0,7</CSValueName><CSValueRank>4</CSValueRank></CSValue></CSItem><CSItem><CSItemCode>IT4029164</CSItemCode><CSItemName>средний срок службы (при использовании по 2,7 часа/день)</CSItemName><CSItemRank>23</CSItemRank><CSItemIsFreeFormat>1</CSItemIsFreeFormat><CSValue><CSValueCode>VA4067588</CSValueCode><CSValueName>15</CSValueName><CSValueRank>1</CSValueRank></CSValue><UnitOfMeasure><UnitOfMeasureCode>4000081</UnitOfMeasureCode><UnitOfMeasureName>лет</UnitOfMeasureName><UnitOfMeasureSymbol>год(лет)</UnitOfMeasureSymbol></UnitOfMeasure></CSItem></CSChapter><CSChapter><CSChapterCode>CH4006021</CSChapterCode><CSChapterName>размеры лампы</CSChapterName><CSChapterRank>5</CSChapterRank><CSItem><CSItemCode>IT4029271</CSItemCode><CSItemName>высота</CSItemName><CSItemRank>1</CSItemRank><CSItemIsFreeFormat>1</CSItemIsFreeFormat><CSValue><CSValueCode>VA4067741</CSValueCode><CSValueName>102</CSValueName><CSValueRank>1</CSValueRank></CSValue><UnitOfMeasure><UnitOfMeasureCode>3000058</UnitOfMeasureCode><UnitOfMeasureName>мм</UnitOfMeasureName><UnitOfMeasureSymbol>миллиметра</UnitOfMeasureSymbol></UnitOfMeasure></CSItem><CSItem><CSItemCode>IT4029272</CSItemCode><CSItemName>ширина</CSItemName><CSItemRank>16</CSItemRank><CSItemIsFreeFormat>1</CSItemIsFreeFormat><CSValue><CSValueCode>VA4067742</CSValueCode><CSValueName>35</CSValueName><CSValueRank>1</CSValueRank></CSValue><UnitOfMeasure><UnitOfMeasureCode>3000058</UnitOfMeasureCode><UnitOfMeasureName>мм</UnitOfMeasureName><UnitOfMeasureSymbol>миллиметра</UnitOfMeasureSymbol></UnitOfMeasure></CSItem></CSChapter><CSChapter><CSChapterCode>CH4005206</CSChapterCode><CSChapterName>другие характеристики</CSChapterName><CSChapterRank>6</CSChapterRank><CSItem><CSItemCode>IT4041312</CSItemCode><CSItemName>Рабочий диапазон</CSItemName><CSItemRank>1</CSItemRank><CSItemIsFreeFormat>0</CSItemIsFreeFormat><CSValue><CSValueCode>VA4096083</CSValueCode><CSValueName>LED Classic</CSValueName><CSValueRank>1</CSValueRank></CSValue></CSItem><CSItem><CSItemCode>IT4026404</CSItemCode><CSItemName>содержание ртути</CSItemName><CSItemRank>4</CSItemRank><CSItemIsFreeFormat>1</CSItemIsFreeFormat><CSValue><CSValueCode>VA4062631</CSValueCode><CSValueName>0</CSValueName><CSValueRank>1</CSValueRank></CSValue><UnitOfMeasure><UnitOfMeasureCode>4000142</UnitOfMeasureCode><UnitOfMeasureName>мг</UnitOfMeasureName><UnitOfMeasureSymbol>мг</UnitOfMeasureSymbol></UnitOfMeasure></CSItem><CSItem><CSItemCode>IT4026405</CSItemCode><CSItemName>коэффициент мощности</CSItemName><CSItemRank>11</CSItemRank><CSItemIsFreeFormat>1</CSItemIsFreeFormat><CSValue><CSValueCode>VA4062632</CSValueCode><CSValueName>0,7</CSValueName><CSValueRank>1</CSValueRank></CSValue></CSItem><CSItem><CSItemCode>IT4026406</CSItemCode><CSItemName>сила тока лампы</CSItemName><CSItemRank>17</CSItemRank><CSItemIsFreeFormat>1</CSItemIsFreeFormat><CSValue><CSValueCode>VA4062633</CSValueCode><CSValueName>28</CSValueName><CSValueRank>1</CSValueRank></CSValue><UnitOfMeasure><UnitOfMeasureCode>4000141</UnitOfMeasureCode><UnitOfMeasureName>мА</UnitOfMeasureName><UnitOfMeasureSymbol>мА</UnitOfMeasureSymbol></UnitOfMeasure></CSItem></CSChapter><CSChapter><CSChapterCode>CH4005207</CSChapterCode><CSChapterName>расчетные значения</CSChapterName><CSChapterRank>7</CSChapterRank><CSItem><CSItemCode>IT4026407</CSItemCode><CSItemName>расчетная мощность</CSItemName><CSItemRank>3</CSItemRank><CSItemIsFreeFormat>1</CSItemIsFreeFormat><CSValue><CSValueCode>VA4062634</CSValueCode><CSValueName>5</CSValueName><CSValueRank>1</CSValueRank></CSValue><UnitOfMeasure><UnitOfMeasureCode>3000072</UnitOfMeasureCode><UnitOfMeasureName>(ватт)</UnitOfMeasureName><UnitOfMeasureSymbol>Вт</UnitOfMeasureSymbol></UnitOfMeasure></CSItem><CSItem><CSItemCode>IT4026408</CSItemCode><CSItemName>расчетная световая отдача</CSItemName><CSItemRank>9</CSItemRank><CSItemIsFreeFormat>1</CSItemIsFreeFormat><CSValue><CSValueCode>VA4062635</CSValueCode><CSValueName>410</CSValueName><CSValueRank>1</CSValueRank></CSValue><UnitOfMeasure><UnitOfMeasureCode>4000123</UnitOfMeasureCode><UnitOfMeasureName>люмен</UnitOfMeasureName><UnitOfMeasureSymbol>лм</UnitOfMeasureSymbol></UnitOfMeasure></CSItem><CSItem><CSItemCode>IT4029167</CSItemCode><CSItemName>расчетный срок службы</CSItemName><CSItemRank>15</CSItemRank><CSItemIsFreeFormat>1</CSItemIsFreeFormat><CSValue><CSValueCode>VA4067593</CSValueCode><CSValueName>15000</CSValueName><CSValueRank>1</CSValueRank></CSValue><UnitOfMeasure><UnitOfMeasureCode>4000007</UnitOfMeasureCode><UnitOfMeasureName>- часов</UnitOfMeasureName><UnitOfMeasureSymbol>часов</UnitOfMeasureSymbol></UnitOfMeasure></CSItem></CSChapter><Filters><Purpose type="Comparison"><Features><Feature code="F400082348" rank="1" referenceName="Learn about light"/><Feature code="F400082414" rank="2" referenceName="Light all around"/><Feature code="F400082428" rank="3" referenceName="LEDClassic / Filament 2"/><Feature code="F400082421" rank="4" referenceName="Dimmable [LED Lamps]"/><Feature code="F400082392" rank="5" referenceName="Replaces candle incandescent"/><Feature code="F400082363" rank="6" referenceName="15,000-hour rated average life"/><Feature code="F400082440" rank="7" referenceName="Saves up to 80% NRJ"/><Feature code="F400082384" rank="8" referenceName="Candle [LED lamps]"/><Feature code="F400082434" rank="9" referenceName="No UV or Infra"/><Feature code="F400086860" rank="10" referenceName="EyeComfort [LED lums, Spots]"/></Features><CSItems><CSItem code="IT4043370" rank="1" referenceName="световые характеристики - EyeComfort"/><CSItem code="IT4029271" rank="1" referenceName="размеры лампы - высота"/><CSItem code="IT4041312" rank="1" referenceName="другие характеристики - Рабочий диапазон"/><CSItem code="IT4026387" rank="2" referenceName="световые характеристики - Световой поток"/><CSItem code="IT4026407" rank="3" referenceName="расчетные значения - расчетная мощность"/><CSItem code="IT4026404" rank="4" referenceName="другие характеристики - содержание ртути"/><CSItem code="IT4029169" rank="5" referenceName="срок службы - срок службы лампы"/><CSItem code="IT4029275" rank="7" referenceName="характеристики лампы - форма"/><CSItem code="IT4026378" rank="8" referenceName="потребляемая мощность - маркировка энергоэффективности"/><CSItem code="IT4026408" rank="9" referenceName="расчетные значения - расчетная световая отдача"/><CSItem code="IT4029171" rank="10" referenceName="срок службы - количество циклов включения"/><CSItem code="IT4026405" rank="11" referenceName="другие характеристики - коэффициент мощности"/><CSItem code="IT4029053" rank="12" referenceName="потребляемая мощность - потребление энергии за 1000 ч"/><CSItem code="IT4029277" rank="14" referenceName="характеристики лампы - цоколь/патрон"/><CSItem code="IT4029167" rank="15" referenceName="расчетные значения - расчетный срок службы"/><CSItem code="IT4029272" rank="16" referenceName="размеры лампы - ширина"/><CSItem code="IT4026406" rank="17" referenceName="другие характеристики - сила тока лампы"/><CSItem code="IT4029158" rank="18" referenceName="световые характеристики - цвет"/><CSItem code="IT4029193" rank="19" referenceName="срок службы - коэффициент стабильности светового потока"/><CSItem code="IT4029279" rank="21" referenceName="характеристики лампы - регулировка яркости"/><CSItem code="IT4029159" rank="22" referenceName="световые характеристики - цветовая температура"/><CSItem code="IT4029164" rank="23" referenceName="срок службы - средний срок службы (при использовании по 2,7 часа/день)"/><CSItem code="IT4036606" rank="24" referenceName="характеристики лампы - напряжение"/><CSItem code="IT4037689" rank="26" referenceName="характеристики лампы - мощность в ваттах"/><CSItem code="IT4029170" rank="28" referenceName="световые характеристики - индекс цветопередачи (CRI)"/><CSItem code="IT4037690" rank="29" referenceName="характеристики лампы - эквивалент мощности лампы накаливания"/><CSItem code="IT4026390" rank="30" referenceName="световые характеристики - время запуска"/><CSItem code="IT4029160" rank="31" referenceName="световые характеристики - время выхода на 60 % светового потока"/></CSItems></Purpose><Purpose type="Detail"><Features><Feature code="F400082348" rank="1" referenceName="Learn about light"/><Feature code="F400082414" rank="2" referenceName="Light all around"/><Feature code="F400082428" rank="3" referenceName="LEDClassic / Filament 2"/><Feature code="F400082421" rank="4" referenceName="Dimmable [LED Lamps]"/><Feature code="F400082392" rank="5" referenceName="Replaces candle incandescent"/><Feature code="F400082363" rank="6" referenceName="15,000-hour rated average life"/><Feature code="F400082440" rank="7" referenceName="Saves up to 80% NRJ"/><Feature code="F400082384" rank="8" referenceName="Candle [LED lamps]"/><Feature code="F400082434" rank="9" referenceName="No UV or Infra"/><Feature code="F400086860" rank="10" referenceName="EyeComfort [LED lums, Spots]"/></Features><CSItems><CSItem code="IT4043370" rank="1" referenceName="световые характеристики - EyeComfort"/><CSItem code="IT4029271" rank="1" referenceName="размеры лампы - высота"/><CSItem code="IT4041312" rank="1" referenceName="другие характеристики - Рабочий диапазон"/><CSItem code="IT4026387" rank="2" referenceName="световые характеристики - Световой поток"/><CSItem code="IT4026407" rank="3" referenceName="расчетные значения - расчетная мощность"/><CSItem code="IT4026404" rank="4" referenceName="другие характеристики - содержание ртути"/><CSItem code="IT4029169" rank="5" referenceName="срок службы - срок службы лампы"/><CSItem code="IT4029275" rank="7" referenceName="характеристики лампы - форма"/><CSItem code="IT4026378" rank="8" referenceName="потребляемая мощность - маркировка энергоэффективности"/><CSItem code="IT4026408" rank="9" referenceName="расчетные значения - расчетная световая отдача"/><CSItem code="IT4029171" rank="10" referenceName="срок службы - количество циклов включения"/><CSItem code="IT4026405" rank="11" referenceName="другие характеристики - коэффициент мощности"/><CSItem code="IT4029053" rank="12" referenceName="потребляемая мощность - потребление энергии за 1000 ч"/><CSItem code="IT4029277" rank="14" referenceName="характеристики лампы - цоколь/патрон"/><CSItem code="IT4029167" rank="15" referenceName="расчетные значения - расчетный срок службы"/><CSItem code="IT4029272" rank="16" referenceName="размеры лампы - ширина"/><CSItem code="IT4026406" rank="17" referenceName="другие характеристики - сила тока лампы"/><CSItem code="IT4029158" rank="18" referenceName="световые характеристики - цвет"/><CSItem code="IT4029193" rank="19" referenceName="срок службы - коэффициент стабильности светового потока"/><CSItem code="IT4029279" rank="21" referenceName="характеристики лампы - регулировка яркости"/><CSItem code="IT4029159" rank="22" referenceName="световые характеристики - цветовая температура"/><CSItem code="IT4029164" rank="23" referenceName="срок службы - средний срок службы (при использовании по 2,7 часа/день)"/><CSItem code="IT4036606" rank="24" referenceName="характеристики лампы - напряжение"/><CSItem code="IT4037689" rank="26" referenceName="характеристики лампы - мощность в ваттах"/><CSItem code="IT4029170" rank="28" referenceName="световые характеристики - индекс цветопередачи (CRI)"/><CSItem code="IT4037690" rank="29" referenceName="характеристики лампы - эквивалент мощности лампы накаливания"/><CSItem code="IT4026390" rank="30" referenceName="световые характеристики - время запуска"/><CSItem code="IT4029160" rank="31" referenceName="световые характеристики - время выхода на 60 % светового потока"/></CSItems></Purpose></Filters><FeatureCompareGroups/><Disclaimers><Disclaimer code="DIS40012516" rank="1" referenceName="Designed for the comfort of your eyes"><DisclaimerText>† Чтобы вашим глазам было комфортно. Посетите www.philips.com/eyecomfort, чтобы ознакомиться со значениями мерцания, строб-импульсом и другими параметрами, а также со сведениями о продукции.</DisclaimerText><DisclaimElements/></Disclaimer></Disclaimers><RichTexts/></Product></Products>