<?xml version="1.0" encoding="UTF-8"?><Products xmlns:source="http://apache.org/cocoon/source/1.0" DocStatus="approved" DocTimeStamp="2018-10-27T23:59:01"><Product Country="RU" IsAccessory="false" IsMaster="false" Locale="ru_RU" lastModified="2018-10-25T04:58:36" masterLastModified="2016-10-07T23:33:11"><CTN>8718696578551</CTN><Code12NC>929001233601</Code12NC><GTIN/><MarketingVersion>2.1.1</MarketingVersion><MarketingStatus>Final Published</MarketingStatus><CRDate>2016-01-08</CRDate><CRDateYW>201602</CRDateYW><ModelYears><ModelYear>2016</ModelYear></ModelYears><ProductDivision><ProductDivisionCode>0100</ProductDivisionCode><ProductDivisionName>Lighting</ProductDivisionName><FormerPDCode>0100</FormerPDCode></ProductDivision><ProductOwner>Steffie van der Velden</ProductOwner><DTN>8718696578551</DTN><Catalog><StartOfPublication>2017-02-06T00:00:00</StartOfPublication><EndOfPublication>2021-02-06T00:00:00</EndOfPublication><StartOfSales>2017-02-06T00:00:00</StartOfSales><EndOfSales>2021-02-06T00:00:00</EndOfSales><DummyPrice/><Deleted>false</Deleted><DeleteAfterDate/><ProductRank>50</ProductRank></Catalog><FinancialCategorization><BusinessGroupCode>9240</BusinessGroupCode><BusinessGroupName>LED</BusinessGroupName><BusinessUnitCode>0118</BusinessUnitCode><BusinessUnitName>LED Lamps</BusinessUnitName><MainArticleGroupCode>A13</MainArticleGroupCode><MainArticleGroupName>LED Spots</MainArticleGroupName><ArticleGroupCode>0183</ArticleGroupCode><ArticleGroupName>Spots - Others</ArticleGroupName></FinancialCategorization><Categorization type="CONSUMER"><GroupCode>LIGHTING_GR</GroupCode><GroupName>Lighting</GroupName><CategoryCode>CHOOSE_A_BULB_CA</CategoryCode><CategoryName>Choose a bulb</CategoryName><SubcategoryCode>SPOT_BULB_SU</SubcategoryCode><SubcategoryName>Spot</SubcategoryName></Categorization><Assets><Asset code="8718696578551" description="Single product shot" extension="" lastModified="2018-10-25" locale="ru_RU" number="" type="IMS">http://images.philips.com/is/image/PhilipsConsumer/8718696578551-IMS-ru_RU</Asset><Asset code="8718696578551" description="Product gallery image set" extension="" lastModified="2018-10-25" locale="ru_RU" number="" type="GAL">http://images.philips.com/is/image/PhilipsConsumer/8718696578551-GAL-ru_RU</Asset><Asset code="8718696578551" description="Product URL" extension="" lastModified="2018-10-25" locale="ru_RU" number="" type="URL">http://www.philips.ru/c-p/8718696578551/led-reflector</Asset></Assets><ProductName>Лампа-рефлектор 2,7 Вт (40 Вт), E27, теплый белый</ProductName><FullProductName>Philips LED рефлектор 8718696578551 2,7 Вт (40 Вт), E27, теплый белый</FullProductName><NamingString><MasterBrand><BrandCode>PHI</BrandCode><BrandName>Philips</BrandName></MasterBrand><BrandString>Philips</BrandString><Family><FamilyCode>SB40002784</FamilyCode><FamilyName>LED</FamilyName><FamilyNameUsed>1</FamilyNameUsed></Family><Descriptor><DescriptorCode>D4006694</DescriptorCode><DescriptorName>рефлектор</DescriptorName></Descriptor><Alphanumeric>8718696578551</Alphanumeric><VersionElement1><VersionElementCode>V4042487</VersionElementCode><VersionElementName>2,7 Вт (40 Вт)</VersionElementName></VersionElement1><VersionElement2><VersionElementCode>D4011842</VersionElementCode><VersionElementName>E27</VersionElementName></VersionElement2><VersionElement3><VersionElementCode>V4008533</VersionElementCode><VersionElementName>Теплый белый свет</VersionElementName></VersionElement3><VersionString>2,7 Вт (40 Вт), E27, теплый белый</VersionString><BrandedFeatureString/><DescriptorBrandedFeatureString>рефлектор</DescriptorBrandedFeatureString></NamingString><WOW>Качественное светодиодное акцентное освещение и направленный луч</WOW><SubWOW>Никаких хлопот с заменой ламп</SubWOW><MarketingTextHeader>Эта светодиодная лампа обеспечивает направленный луч теплого белого света, что делает ее превосходной заменой для стандартных ламп-рефлекторов</MarketingTextHeader><KeyBenefitArea><KeyBenefitAreaCode>K4017614</KeyBenefitAreaCode><KeyBenefitAreaName>Создано для идеального освещения</KeyBenefitAreaName><KeyBenefitAreaRank>1</KeyBenefitAreaRank><Feature><FeatureCode>F400040408</FeatureCode><FeatureReferenceName>2700K [LED lamps]</FeatureReferenceName><FeatureName>Теплый белый свет (2700 К)</FeatureName><FeatureLongDescription>Естественный теплый белый свет, похожий на свет лампы накаливания (2700 K)</FeatureLongDescription><FeatureGlossary>Свет может иметь различную цветовую температуру, которая выражается в Кельвинах (K). Лампы с низким значением Кельвинов излучают теплое, мягкое свечение, тогда как лампы с более высоким значением отличаются холодным, более ярким светом.</FeatureGlossary><FeatureRank>1</FeatureRank><FeatureTopRank>1</FeatureTopRank></Feature></KeyBenefitArea><KeyBenefitArea><KeyBenefitAreaCode>K4017563</KeyBenefitAreaCode><KeyBenefitAreaName>Инновационный дизайн</KeyBenefitAreaName><KeyBenefitAreaRank>2</KeyBenefitAreaRank><Feature><FeatureCode>F400074222</FeatureCode><FeatureReferenceName>Lifetime 15 [LED Lamps]</FeatureReferenceName><FeatureName>Срок службы: 15 лет</FeatureName><FeatureLongDescription>долгий срок службы</FeatureLongDescription><FeatureGlossary>Привычный дизайн, как у стандартной лампы накаливания, и более долгий срок службы.</FeatureGlossary><FeatureRank>2</FeatureRank><FeatureTopRank>3</FeatureTopRank></Feature></KeyBenefitArea><KeyBenefitArea><KeyBenefitAreaCode>K4017754</KeyBenefitAreaCode><KeyBenefitAreaName>Подходит для акцентного и общего освещения</KeyBenefitAreaName><KeyBenefitAreaRank>3</KeyBenefitAreaRank><Feature><FeatureCode>F400052754</FeatureCode><FeatureReferenceName>36º beam - reflector [LED lamps]</FeatureReferenceName><FeatureName>Луч галогенного света 36º</FeatureName><FeatureLongDescription>Луч галогенного света 36º</FeatureLongDescription><FeatureGlossary>Эта светодиодная лампа-рефлектор имеет привычный дизайн и помогает создать приятную атмосферу, как и галогенные лампы-рефлекторы. Лампа прекрасно подходит для акцентного или общего освещения благодаря направленному световому потоку.</FeatureGlossary><FeatureRank>3</FeatureRank><FeatureTopRank>2</FeatureTopRank></Feature></KeyBenefitArea><FeatureImage><FeatureCode>F400040408</FeatureCode><FeatureReferenceName>2700K [LED lamps]</FeatureReferenceName><FeatureImageRank>1</FeatureImageRank></FeatureImage><FeatureImage><FeatureCode>F400052754</FeatureCode><FeatureReferenceName>36º beam - reflector [LED lamps]</FeatureReferenceName><FeatureImageRank>2</FeatureImageRank></FeatureImage><FeatureImage><FeatureCode>F400074222</FeatureCode><FeatureReferenceName>Lifetime 15 [LED Lamps]</FeatureReferenceName><FeatureImageRank>3</FeatureImageRank></FeatureImage><FeatureHighlight><FeatureCode>F400040408</FeatureCode><FeatureReferenceName>2700K [LED lamps]</FeatureReferenceName><FeatureHighlightRank>1</FeatureHighlightRank></FeatureHighlight><FeatureHighlight><FeatureCode>F400052754</FeatureCode><FeatureReferenceName>36º beam - reflector [LED lamps]</FeatureReferenceName><FeatureHighlightRank>2</FeatureHighlightRank></FeatureHighlight><FeatureHighlight><FeatureCode>F400074222</FeatureCode><FeatureReferenceName>Lifetime 15 [LED Lamps]</FeatureReferenceName><FeatureHighlightRank>3</FeatureHighlightRank></FeatureHighlight><CSChapter><CSChapterCode>CH4006022</CSChapterCode><CSChapterName>характеристики лампы</CSChapterName><CSChapterRank>1</CSChapterRank><CSItem><CSItemCode>IT4029275</CSItemCode><CSItemName>форма</CSItemName><CSItemRank>1</CSItemRank><CSItemIsFreeFormat>0</CSItemIsFreeFormat><CSValue><CSValueCode>VA4067770</CSValueCode><CSValueName>рефлектор</CSValueName><CSValueRank>11</CSValueRank></CSValue></CSItem><CSItem><CSItemCode>IT4029277</CSItemCode><CSItemName>цоколь/патрон</CSItemName><CSItemRank>5</CSItemRank><CSItemIsFreeFormat>0</CSItemIsFreeFormat><CSValue><CSValueCode>VA4067780</CSValueCode><CSValueName>E27</CSValueName><CSValueRank>9</CSValueRank></CSValue></CSItem><CSItem><CSItemCode>IT4029279</CSItemCode><CSItemName>регулировка яркости</CSItemName><CSItemRank>13</CSItemRank><CSItemIsFreeFormat>0</CSItemIsFreeFormat><CSValue><CSValueCode>VA4067747</CSValueCode><CSValueName>нет</CSValueName><CSValueRank>3</CSValueRank></CSValue></CSItem><CSItem><CSItemCode>IT4036606</CSItemCode><CSItemName>напряжение</CSItemName><CSItemRank>20</CSItemRank><CSItemIsFreeFormat>0</CSItemIsFreeFormat><CSValue><CSValueCode>VA4085091</CSValueCode><CSValueName>220 - 240 В</CSValueName><CSValueRank>10</CSValueRank></CSValue></CSItem></CSChapter><CSChapter><CSChapterCode>CH4005202</CSChapterCode><CSChapterName>потребляемая мощность</CSChapterName><CSChapterRank>2</CSChapterRank><CSItem><CSItemCode>IT4029051</CSItemCode><CSItemName>мощность в ваттах</CSItemName><CSItemRank>3</CSItemRank><CSItemIsFreeFormat>1</CSItemIsFreeFormat><CSValue><CSValueCode>VA4067442</CSValueCode><CSValueName>2,7</CSValueName><CSValueRank>1</CSValueRank></CSValue><UnitOfMeasure><UnitOfMeasureCode>3000072</UnitOfMeasureCode><UnitOfMeasureName>(ватт)</UnitOfMeasureName><UnitOfMeasureSymbol>Вт</UnitOfMeasureSymbol></UnitOfMeasure></CSItem><CSItem><CSItemCode>IT4029052</CSItemCode><CSItemName>эквивалент мощности в ваттах</CSItemName><CSItemRank>7</CSItemRank><CSItemIsFreeFormat>1</CSItemIsFreeFormat><CSValue><CSValueCode>VA4067443</CSValueCode><CSValueName>40</CSValueName><CSValueRank>1</CSValueRank></CSValue><UnitOfMeasure><UnitOfMeasureCode>3000072</UnitOfMeasureCode><UnitOfMeasureName>(ватт)</UnitOfMeasureName><UnitOfMeasureSymbol>Вт</UnitOfMeasureSymbol></UnitOfMeasure></CSItem><CSItem><CSItemCode>IT4026378</CSItemCode><CSItemName>маркировка энергоэффективности</CSItemName><CSItemRank>10</CSItemRank><CSItemIsFreeFormat>0</CSItemIsFreeFormat><CSValue><CSValueCode>VA4082939</CSValueCode><CSValueName>A++</CSValueName><CSValueRank>8</CSValueRank></CSValue></CSItem><CSItem><CSItemCode>IT4029053</CSItemCode><CSItemName>потребление энергии за 1000 ч</CSItemName><CSItemRank>15</CSItemRank><CSItemIsFreeFormat>1</CSItemIsFreeFormat><CSValue><CSValueCode>VA4067444</CSValueCode><CSValueName>2,7</CSValueName><CSValueRank>1</CSValueRank></CSValue><UnitOfMeasure><UnitOfMeasureCode>4000161</UnitOfMeasureCode><UnitOfMeasureName>(киловатт в час)</UnitOfMeasureName><UnitOfMeasureSymbol>кВт/ч</UnitOfMeasureSymbol></UnitOfMeasure></CSItem></CSChapter><CSChapter><CSChapterCode>CH4005203</CSChapterCode><CSChapterName>световые характеристики</CSChapterName><CSChapterRank>3</CSChapterRank><CSItem><CSItemCode>IT4029158</CSItemCode><CSItemName>цвет</CSItemName><CSItemRank>9</CSItemRank><CSItemIsFreeFormat>0</CSItemIsFreeFormat><CSValue><CSValueCode>VA4067569</CSValueCode><CSValueName>теплый белый</CSValueName><CSValueRank>5</CSValueRank></CSValue></CSItem><CSItem><CSItemCode>IT4029159</CSItemCode><CSItemName>цветовая температура</CSItemName><CSItemRank>14</CSItemRank><CSItemIsFreeFormat>1</CSItemIsFreeFormat><CSValue><CSValueCode>VA4067572</CSValueCode><CSValueName>2700</CSValueName><CSValueRank>1</CSValueRank></CSValue><UnitOfMeasure><UnitOfMeasureCode>4000041</UnitOfMeasureCode><UnitOfMeasureName>кельвин</UnitOfMeasureName><UnitOfMeasureSymbol>K</UnitOfMeasureSymbol></UnitOfMeasure></CSItem><CSItem><CSItemCode>IT4026384</CSItemCode><CSItemName>световой эффект/покрытие</CSItemName><CSItemRank>16</CSItemRank><CSItemIsFreeFormat>0</CSItemIsFreeFormat><CSValue><CSValueCode>VA4062505</CSValueCode><CSValueName>теплый белый</CSValueName><CSValueRank>4</CSValueRank></CSValue></CSItem><CSItem><CSItemCode>IT4029170</CSItemCode><CSItemName>индекс цветопередачи (CRI)</CSItemName><CSItemRank>18</CSItemRank><CSItemIsFreeFormat>1</CSItemIsFreeFormat><CSValue><CSValueCode>VA4067596</CSValueCode><CSValueName>80</CSValueName><CSValueRank>1</CSValueRank></CSValue></CSItem><CSItem><CSItemCode>IT4026390</CSItemCode><CSItemName>время запуска</CSItemName><CSItemRank>19</CSItemRank><CSItemIsFreeFormat>0</CSItemIsFreeFormat><CSValue><CSValueCode>VA4082665</CSValueCode><CSValueName>&lt;0,5</CSValueName><CSValueRank>7</CSValueRank></CSValue><UnitOfMeasure><UnitOfMeasureCode>3000069</UnitOfMeasureCode><UnitOfMeasureName>с</UnitOfMeasureName><UnitOfMeasureSymbol>с</UnitOfMeasureSymbol></UnitOfMeasure></CSItem></CSChapter><CSChapter><CSChapterCode>CH4005204</CSChapterCode><CSChapterName>срок службы</CSChapterName><CSChapterRank>4</CSChapterRank><CSItem><CSItemCode>IT4029169</CSItemCode><CSItemName>срок службы лампы</CSItemName><CSItemRank>2</CSItemRank><CSItemIsFreeFormat>1</CSItemIsFreeFormat><CSValue><CSValueCode>VA4067595</CSValueCode><CSValueName>15000</CSValueName><CSValueRank>1</CSValueRank></CSValue><UnitOfMeasure><UnitOfMeasureCode>4000007</UnitOfMeasureCode><UnitOfMeasureName>- часов</UnitOfMeasureName><UnitOfMeasureSymbol>часов</UnitOfMeasureSymbol></UnitOfMeasure></CSItem><CSItem><CSItemCode>IT4029171</CSItemCode><CSItemName>количество циклов включения</CSItemName><CSItemRank>6</CSItemRank><CSItemIsFreeFormat>1</CSItemIsFreeFormat><CSValue><CSValueCode>VA4067598</CSValueCode><CSValueName>50000</CSValueName><CSValueRank>1</CSValueRank></CSValue></CSItem><CSItem><CSItemCode>IT4029193</CSItemCode><CSItemName>коэффициент стабильности светового потока</CSItemName><CSItemRank>11</CSItemRank><CSItemIsFreeFormat>0</CSItemIsFreeFormat><CSValue><CSValueCode>VA4067614</CSValueCode><CSValueName>0,7</CSValueName><CSValueRank>1</CSValueRank></CSValue></CSItem><CSItem><CSItemCode>IT4029164</CSItemCode><CSItemName>средний срок службы (при использовании по 2,7 часа/день)</CSItemName><CSItemRank>17</CSItemRank><CSItemIsFreeFormat>1</CSItemIsFreeFormat><CSValue><CSValueCode>VA4067588</CSValueCode><CSValueName>15</CSValueName><CSValueRank>1</CSValueRank></CSValue><UnitOfMeasure><UnitOfMeasureCode>4000081</UnitOfMeasureCode><UnitOfMeasureName>лет</UnitOfMeasureName><UnitOfMeasureSymbol>год(лет)</UnitOfMeasureSymbol></UnitOfMeasure></CSItem></CSChapter><CSChapter><CSChapterCode>CH4006021</CSChapterCode><CSChapterName>размеры лампы</CSChapterName><CSChapterRank>5</CSChapterRank><CSItem><CSItemCode>IT4029271</CSItemCode><CSItemName>высота</CSItemName><CSItemRank>4</CSItemRank><CSItemIsFreeFormat>1</CSItemIsFreeFormat><CSValue><CSValueCode>VA4067741</CSValueCode><CSValueName>102</CSValueName><CSValueRank>1</CSValueRank></CSValue><UnitOfMeasure><UnitOfMeasureCode>3000058</UnitOfMeasureCode><UnitOfMeasureName>мм</UnitOfMeasureName><UnitOfMeasureSymbol>миллиметра</UnitOfMeasureSymbol></UnitOfMeasure></CSItem><CSItem><CSItemCode>IT4029272</CSItemCode><CSItemName>ширина</CSItemName><CSItemRank>8</CSItemRank><CSItemIsFreeFormat>1</CSItemIsFreeFormat><CSValue><CSValueCode>VA4067742</CSValueCode><CSValueName>63</CSValueName><CSValueRank>1</CSValueRank></CSValue><UnitOfMeasure><UnitOfMeasureCode>3000058</UnitOfMeasureCode><UnitOfMeasureName>мм</UnitOfMeasureName><UnitOfMeasureSymbol>миллиметра</UnitOfMeasureSymbol></UnitOfMeasure></CSItem></CSChapter><CSChapter><CSChapterCode>CH4005206</CSChapterCode><CSChapterName>другие характеристики</CSChapterName><CSChapterRank>6</CSChapterRank><CSItem><CSItemCode>IT4041650</CSItemCode><CSItemName>Классификация ламп по группам риска</CSItemName><CSItemRank>1</CSItemRank><CSItemIsFreeFormat>0</CSItemIsFreeFormat><CSValue><CSValueCode>VA4096588</CSValueCode><CSValueName>Группа риска 1</CSValueName><CSValueRank>6</CSValueRank></CSValue></CSItem><CSItem><CSItemCode>IT4026406</CSItemCode><CSItemName>сила тока лампы</CSItemName><CSItemRank>12</CSItemRank><CSItemIsFreeFormat>1</CSItemIsFreeFormat><CSValue><CSValueCode>VA4062633</CSValueCode><CSValueName>25</CSValueName><CSValueRank>1</CSValueRank></CSValue><UnitOfMeasure><UnitOfMeasureCode>4000141</UnitOfMeasureCode><UnitOfMeasureName>мА</UnitOfMeasureName><UnitOfMeasureSymbol>мА</UnitOfMeasureSymbol></UnitOfMeasure></CSItem></CSChapter><Filters><Purpose type="Comparison"><Features><Feature code="F400040408" rank="1" referenceName="2700K [LED lamps]"/><Feature code="F400052754" rank="2" referenceName="36º beam - reflector [LED lamps]"/><Feature code="F400074222" rank="3" referenceName="Lifetime 15 [LED Lamps]"/></Features><CSItems><CSItem code="IT4029275" rank="1" referenceName="характеристики лампы - форма"/><CSItem code="IT4041650" rank="1" referenceName="другие характеристики - Классификация ламп по группам риска"/><CSItem code="IT4029169" rank="2" referenceName="срок службы - срок службы лампы"/><CSItem code="IT4029051" rank="3" referenceName="потребляемая мощность - мощность в ваттах"/><CSItem code="IT4029271" rank="4" referenceName="размеры лампы - высота"/><CSItem code="IT4029277" rank="5" referenceName="характеристики лампы - цоколь/патрон"/><CSItem code="IT4029171" rank="6" referenceName="срок службы - количество циклов включения"/><CSItem code="IT4029052" rank="7" referenceName="потребляемая мощность - эквивалент мощности в ваттах"/><CSItem code="IT4029272" rank="8" referenceName="размеры лампы - ширина"/><CSItem code="IT4029158" rank="9" referenceName="световые характеристики - цвет"/><CSItem code="IT4026378" rank="10" referenceName="потребляемая мощность - маркировка энергоэффективности"/><CSItem code="IT4029193" rank="11" referenceName="срок службы - коэффициент стабильности светового потока"/><CSItem code="IT4026406" rank="12" referenceName="другие характеристики - сила тока лампы"/><CSItem code="IT4029279" rank="13" referenceName="характеристики лампы - регулировка яркости"/><CSItem code="IT4029159" rank="14" referenceName="световые характеристики - цветовая температура"/><CSItem code="IT4029053" rank="15" referenceName="потребляемая мощность - потребление энергии за 1000 ч"/><CSItem code="IT4026384" rank="16" referenceName="световые характеристики - световой эффект/покрытие"/><CSItem code="IT4029164" rank="17" referenceName="срок службы - средний срок службы (при использовании по 2,7 часа/день)"/><CSItem code="IT4029170" rank="18" referenceName="световые характеристики - индекс цветопередачи (CRI)"/><CSItem code="IT4026390" rank="19" referenceName="световые характеристики - время запуска"/><CSItem code="IT4036606" rank="20" referenceName="характеристики лампы - напряжение"/></CSItems></Purpose><Purpose type="Detail"><Features><Feature code="F400040408" rank="1" referenceName="2700K [LED lamps]"/><Feature code="F400052754" rank="2" referenceName="36º beam - reflector [LED lamps]"/><Feature code="F400074222" rank="3" referenceName="Lifetime 15 [LED Lamps]"/></Features><CSItems><CSItem code="IT4029275" rank="1" referenceName="характеристики лампы - форма"/><CSItem code="IT4041650" rank="1" referenceName="другие характеристики - Классификация ламп по группам риска"/><CSItem code="IT4029169" rank="2" referenceName="срок службы - срок службы лампы"/><CSItem code="IT4029051" rank="3" referenceName="потребляемая мощность - мощность в ваттах"/><CSItem code="IT4029271" rank="4" referenceName="размеры лампы - высота"/><CSItem code="IT4029277" rank="5" referenceName="характеристики лампы - цоколь/патрон"/><CSItem code="IT4029171" rank="6" referenceName="срок службы - количество циклов включения"/><CSItem code="IT4029052" rank="7" referenceName="потребляемая мощность - эквивалент мощности в ваттах"/><CSItem code="IT4029272" rank="8" referenceName="размеры лампы - ширина"/><CSItem code="IT4029158" rank="9" referenceName="световые характеристики - цвет"/><CSItem code="IT4026378" rank="10" referenceName="потребляемая мощность - маркировка энергоэффективности"/><CSItem code="IT4029193" rank="11" referenceName="срок службы - коэффициент стабильности светового потока"/><CSItem code="IT4026406" rank="12" referenceName="другие характеристики - сила тока лампы"/><CSItem code="IT4029279" rank="13" referenceName="характеристики лампы - регулировка яркости"/><CSItem code="IT4029159" rank="14" referenceName="световые характеристики - цветовая температура"/><CSItem code="IT4029053" rank="15" referenceName="потребляемая мощность - потребление энергии за 1000 ч"/><CSItem code="IT4026384" rank="16" referenceName="световые характеристики - световой эффект/покрытие"/><CSItem code="IT4029164" rank="17" referenceName="срок службы - средний срок службы (при использовании по 2,7 часа/день)"/><CSItem code="IT4029170" rank="18" referenceName="световые характеристики - индекс цветопередачи (CRI)"/><CSItem code="IT4026390" rank="19" referenceName="световые характеристики - время запуска"/><CSItem code="IT4036606" rank="20" referenceName="характеристики лампы - напряжение"/></CSItems></Purpose></Filters><FeatureCompareGroups/><Disclaimers/><RichTexts/></Product></Products>