<?xml version="1.0" encoding="UTF-8"?><Products xmlns:source="http://apache.org/cocoon/source/1.0" DocStatus="approved" DocTimeStamp="2018-10-23T21:17:31"><Product Country="TR" IsAccessory="false" IsLocalized="true" IsMaster="false" Locale="tr_TR" lastModified="2018-10-23T04:30:06" masterLastModified="2017-10-26T00:14:48"><CTN>8718696454756</CTN><Code12NC>929001142417</Code12NC><GTIN>8718696454756</GTIN><MarketingVersion>6.1.1</MarketingVersion><MarketingStatus>Final Published</MarketingStatus><CRDate>2017-01-06</CRDate><CRDateYW>201701</CRDateYW><ModelYears><ModelYear>2017</ModelYear></ModelYears><ProductDivision><ProductDivisionCode>0100</ProductDivisionCode><ProductDivisionName>Lighting</ProductDivisionName><FormerPDCode>0100</FormerPDCode></ProductDivision><ProductOwner>Hélène Lorfeuvre</ProductOwner><DTN>8718696454756</DTN><Catalog><StartOfPublication>2017-02-06T00:00:00</StartOfPublication><EndOfPublication>2020-02-06T00:00:00</EndOfPublication><StartOfSales>2017-02-06T00:00:00</StartOfSales><EndOfSales>2020-02-06T00:00:00</EndOfSales><DummyPrice/><Deleted>false</Deleted><DeleteAfterDate/><ProductRank>50</ProductRank></Catalog><FinancialCategorization><BusinessGroupCode>9240</BusinessGroupCode><BusinessGroupName>LED</BusinessGroupName><BusinessUnitCode>0118</BusinessUnitCode><BusinessUnitName>LED Lamps</BusinessUnitName><MainArticleGroupCode>L70</MainArticleGroupCode><MainArticleGroupName>LED Candle &amp; Lustre</MainArticleGroupName><ArticleGroupCode>7434</ArticleGroupCode><ArticleGroupName>MAG L70 Undivided</ArticleGroupName></FinancialCategorization><Categorization type="CONSUMER"><GroupCode>LIGHTING_GR</GroupCode><GroupName>Lighting</GroupName><CategoryCode>CHOOSE_A_BULB_CA</CategoryCode><CategoryName>Choose a bulb</CategoryName><SubcategoryCode>LUSTER_BULB_SU</SubcategoryCode><SubcategoryName>Luster</SubcategoryName></Categorization><Assets><Asset code="8718696454756" description="Leaflet" extension="pdf" lastModified="2017-12-26" locale="tr_TR" number="001" type="PSS">http://download.p4c.philips.com/files/8/8718696454756/8718696454756_pss_turtr.pdf</Asset><Asset code="8718696454756" description="Retail Trade Leaflet" extension="pdf" lastModified="2018-10-05" locale="tr_TR" number="001" type="RTL">http://download.p4c.philips.com/files/8/8718696454756/8718696454756_rtl_turtr.pdf</Asset><Asset code="8718696454756" description="Energy Label - Rainbow " extension="pdf" lastModified="2017-05-23" locale="global" number="001" type="ELR">http://download.p4c.philips.com/files/8/8718696454756/8718696454756_elr_.pdf</Asset><Asset code="8718696454756" description="Packaging photograph - highres 1447x756" extension="tif" lastModified="2017-04-20" locale="global" number="001" type="PID">http://images.philips.com/is/image/PhilipsConsumer/8718696454756-PID-global-001</Asset><Asset code="8718696454756" description="Packaging photograph - master" extension="jpg" lastModified="2017-04-20" locale="global" number="001" type="PIM">http://download.p4c.philips.com/files/8/8718696454756/8718696454756_pim_.jpg</Asset><Asset code="8718696454756" description="Packaging photograph - small 90x65" extension="jpg" lastModified="2017-04-20" locale="global" number="001" type="PIS">http://download.p4c.philips.com/files/8/8718696454756/8718696454756_pis_.jpg</Asset><Asset code="8718696454756" description="Leaflet" extension="pdf" lastModified="2018-10-03" locale="global" number="001" type="PSS">http://download.p4c.philips.com/files/8/8718696454756/8718696454756_pss_.pdf</Asset><Asset code="8718696454756" description="Standard product photograph - highres 2196x1795" extension="tif" lastModified="2017-04-19" locale="global" number="001" type="RTP">http://images.philips.com/is/image/PhilipsConsumer/8718696454756-RTP-global-001</Asset><Asset code="8718696454756" description="Single product shot" extension="" lastModified="2018-10-23" locale="tr_TR" number="" type="IMS">http://images.philips.com/is/image/PhilipsConsumer/8718696454756-IMS-tr_TR</Asset><Asset code="8718696454756" description="Product gallery image set" extension="" lastModified="2018-10-23" locale="tr_TR" number="" type="GAL">http://images.philips.com/is/image/PhilipsConsumer/8718696454756-GAL-tr_TR</Asset><Asset code="8718696454756" description="Product URL" extension="" lastModified="2018-10-23" locale="tr_TR" number="" type="URL">http://www.philips.com.tr/c-p/8718696454756/led-lustre</Asset></Assets><ProductName>4 W (25 W) E27 Sıcak Beyaz Kısılamayan Lustre</ProductName><FullProductName>Philips LED Lustre 8718696454756 4 W (25 W) E27 Sıcak Beyaz Kısılamayan</FullProductName><NamingString><MasterBrand><BrandCode>PHI</BrandCode><BrandName>Philips</BrandName></MasterBrand><BrandString>Philips</BrandString><Family><FamilyCode>SB40002784</FamilyCode><FamilyName>LED</FamilyName><FamilyNameUsed>1</FamilyNameUsed></Family><Descriptor><DescriptorCode>D4020022</DescriptorCode><DescriptorName>Lustre</DescriptorName></Descriptor><Alphanumeric>8718696454756</Alphanumeric><VersionElement1><VersionElementCode>V4027243</VersionElementCode><VersionElementName>4 W (25 W)</VersionElementName></VersionElement1><VersionElement2><VersionElementCode>D4011842</VersionElementCode><VersionElementName>E27</VersionElementName></VersionElement2><VersionElement3><VersionElementCode>V4008533</VersionElementCode><VersionElementName>Sarı</VersionElementName></VersionElement3><VersionElement4><VersionElementCode>V4038179</VersionElementCode><VersionElementName>Kısılamayan</VersionElementName></VersionElement4><VersionString>4 W (25 W) E27 Sıcak Beyaz Kısılamayan</VersionString><BrandedFeatureString/><DescriptorBrandedFeatureString>Lustre</DescriptorBrandedFeatureString></NamingString><WOW>Evinize hoş bir ışıltı katın</WOW><SubWOW>Sıcak ve samimi bir ortam yaratan canlı ışık</SubWOW><MarketingTextHeader>Philips LED şeffaf lustreler, hoş bir canlı ışık etkisi ve son derece uzun ömür sağlar. Hem açıkken hem de kapalıyken zarif görünen bu ampul, küçük bağlantı parçalı avizelerle mükemmel uyum sağlar</MarketingTextHeader><KeyBenefitArea><KeyBenefitAreaCode>K4034413</KeyBenefitAreaCode><KeyBenefitAreaName>Yüksek kaliteli ışık için tercihiniz</KeyBenefitAreaName><KeyBenefitAreaRank>1</KeyBenefitAreaRank><Feature><FeatureCode>F400082348</FeatureCode><FeatureReferenceName>Learn about light</FeatureReferenceName><FeatureName>Işık hakkında bilgi edinin</FeatureName><FeatureLongDescription>Işık hakkında bilgi edinin</FeatureLongDescription><FeatureGlossary>Renk sıcaklığı: ışıkların farklı renk sıcaklıkları bulunabilir, bu değer Kelvin (K) adı verilen birimlerle gösterilir. Düşük Kelvin değerine sahip ampuller sıcak ve daha sakin bir ışık yaratırken, daha yüksek Kelvin değerine sahip ampuller soğuk ve daha enerji verici bir ışık üretir. CRI: renk oluşturma dizini (CRI) bir ışık kaynağının renk görünümü üzerindeki etkisini açıklamak için kullanılır. Doğal günışığının CRI değeri 100'dür. Philips LED ampullerin CRI değeri daima 80'in üzerindedir, bu da renklerin gerçek ve doğal görünmesini sağlar.</FeatureGlossary><FeatureRank>1</FeatureRank><FeatureTopRank>1</FeatureTopRank></Feature><Feature><FeatureCode>F400082355</FeatureCode><FeatureReferenceName>2700K [LED lamps]</FeatureReferenceName><FeatureName>Akkor benzeri sıcak beyaz</FeatureName><FeatureLongDescription>Gerçek akkor benzeri sıcak beyaz ışık</FeatureLongDescription><FeatureGlossary>Bu ampul, 2700 K renk sıcaklığına sahiptir ve size dinlenmek için ideal sıcak, sakin bir ortam yaratır. Bu 2700 K ışık, ev aydınlatma tasarımları için idealdir</FeatureGlossary><FeatureRank>3</FeatureRank><FeatureTopRank>2</FeatureTopRank></Feature><Feature><FeatureCode>F400082449</FeatureCode><FeatureReferenceName>Optical design/sparkling</FeatureReferenceName><FeatureName>Pırıltı etkisi</FeatureName><FeatureLongDescription>Canlı ışık efekti ortaya çıkaran özel optik tasarım</FeatureLongDescription><FeatureGlossary>Şeffaf, zarif tasarımı ve yenilikçi LED teknolojisiyle bu dekoratif ampul sıcak, pırıltılı bir ışık efekti sağlayarak evinizin atmosferine sakin bir dokunuş katar.</FeatureGlossary><FeatureRank>6</FeatureRank><FeatureTopRank>3</FeatureTopRank></Feature></KeyBenefitArea><KeyBenefitArea><KeyBenefitAreaCode>K4034414</KeyBenefitAreaCode><KeyBenefitAreaName>Eski ampulleriniz için basit bir alternatif seçin</KeyBenefitAreaName><KeyBenefitAreaRank>2</KeyBenefitAreaRank><Feature><FeatureCode>F400082434</FeatureCode><FeatureReferenceName>No UV or Infra</FeatureReferenceName><FeatureName>UV ya da IR yoktur</FeatureName><FeatureLongDescription>Morötesi veya Kızılötesi yok</FeatureLongDescription><FeatureGlossary>Ampulde ısı yayılmasına neden olan kızılötesi bir bileşen yoktur. Ayrıca mor ötesi bir bileşen de yoktur. Bu iki özellik sayesinde ampul, kumaşın veya başka eşyaların renginin solmasına neden olmaz.</FeatureGlossary><FeatureRank>7</FeatureRank><FeatureTopRank>7</FeatureTopRank></Feature></KeyBenefitArea><KeyBenefitArea><KeyBenefitAreaCode>K4034415</KeyBenefitAreaCode><KeyBenefitAreaName>Sürdürülebilir bir çözüm için tercihiniz</KeyBenefitAreaName><KeyBenefitAreaRank>3</KeyBenefitAreaRank><Feature><FeatureCode>F400082363</FeatureCode><FeatureReferenceName>15,000-hour rated average life</FeatureReferenceName><FeatureName>15.000 saatlik nominal ortalama kullanım ömrü</FeatureName><FeatureLongDescription>Uzun kullanım ömürlü ampuller - 15 yıla kadar dayanır</FeatureLongDescription><FeatureGlossary>15.000 saate varan kullanım ömrü ile, ampullerinizi sık sık değiştirme zahmetinden kurtulun ve 15 yıl boyunca mükemmel bir aydınlatma çözümünün keyfini çıkarın.</FeatureGlossary><FeatureRank>2</FeatureRank><FeatureTopRank>4</FeatureTopRank></Feature><Feature><FeatureCode>F400082440</FeatureCode><FeatureReferenceName>Saves up to 80% NRJ</FeatureReferenceName><FeatureName>%80'e varan enerji tasarrufu</FeatureName><FeatureLongDescription>Cüzdanınız ve gezegeniniz için daha iyi</FeatureLongDescription><FeatureGlossary>LED teknolojisi, standart ampulünüzle karşılaştırıldığında %80'e varan enerji tasarrufu sağlar. Böylece kendi masrafını çıkartır ve her yıl tasarruf etmenizi sağlar. Ayrıca çevreyi korumaya da yardımcı olur.</FeatureGlossary><FeatureRank>4</FeatureRank><FeatureTopRank>5</FeatureTopRank></Feature></KeyBenefitArea><KeyBenefitArea><KeyBenefitAreaCode>K4034416</KeyBenefitAreaCode><KeyBenefitAreaName>Eviniz için ideal ışığı sağlayın</KeyBenefitAreaName><KeyBenefitAreaRank>4</KeyBenefitAreaRank><Feature><FeatureCode>F400082385</FeatureCode><FeatureReferenceName>Lustre [LED lamps]</FeatureReferenceName><FeatureName>Dekoratif armatür için idealdir</FeatureName><FeatureLongDescription>Dekoratif armatürler için idealdir</FeatureLongDescription><FeatureGlossary>Philips LED lustrelerdeki modern aydınlatma avize, tavan vantilatörü, şeritli banyo lambaları ve direk lambaları gibi dekoratif armatürlerde kullanılır.</FeatureGlossary><FeatureRank>5</FeatureRank><FeatureTopRank>6</FeatureTopRank></Feature></KeyBenefitArea><FeatureImage><FeatureCode>F400082348</FeatureCode><FeatureReferenceName>Learn about light</FeatureReferenceName><FeatureImageRank>1</FeatureImageRank></FeatureImage><FeatureImage><FeatureCode>F400082355</FeatureCode><FeatureReferenceName>2700K [LED lamps]</FeatureReferenceName><FeatureImageRank>2</FeatureImageRank></FeatureImage><FeatureImage><FeatureCode>F400082449</FeatureCode><FeatureReferenceName>Optical design/sparkling</FeatureReferenceName><FeatureImageRank>3</FeatureImageRank></FeatureImage><FeatureImage><FeatureCode>F400082363</FeatureCode><FeatureReferenceName>15,000-hour rated average life</FeatureReferenceName><FeatureImageRank>4</FeatureImageRank></FeatureImage><FeatureImage><FeatureCode>F400082440</FeatureCode><FeatureReferenceName>Saves up to 80% NRJ</FeatureReferenceName><FeatureImageRank>5</FeatureImageRank></FeatureImage><FeatureImage><FeatureCode>F400082385</FeatureCode><FeatureReferenceName>Lustre [LED lamps]</FeatureReferenceName><FeatureImageRank>6</FeatureImageRank></FeatureImage><FeatureImage><FeatureCode>F400082434</FeatureCode><FeatureReferenceName>No UV or Infra</FeatureReferenceName><FeatureImageRank>7</FeatureImageRank></FeatureImage><FeatureHighlight><FeatureCode>F400082348</FeatureCode><FeatureReferenceName>Learn about light</FeatureReferenceName><FeatureHighlightRank>1</FeatureHighlightRank></FeatureHighlight><FeatureHighlight><FeatureCode>F400082355</FeatureCode><FeatureReferenceName>2700K [LED lamps]</FeatureReferenceName><FeatureHighlightRank>2</FeatureHighlightRank></FeatureHighlight><FeatureHighlight><FeatureCode>F400082449</FeatureCode><FeatureReferenceName>Optical design/sparkling</FeatureReferenceName><FeatureHighlightRank>3</FeatureHighlightRank></FeatureHighlight><FeatureHighlight><FeatureCode>F400082363</FeatureCode><FeatureReferenceName>15,000-hour rated average life</FeatureReferenceName><FeatureHighlightRank>4</FeatureHighlightRank></FeatureHighlight><FeatureHighlight><FeatureCode>F400082440</FeatureCode><FeatureReferenceName>Saves up to 80% NRJ</FeatureReferenceName><FeatureHighlightRank>5</FeatureHighlightRank></FeatureHighlight><FeatureHighlight><FeatureCode>F400082385</FeatureCode><FeatureReferenceName>Lustre [LED lamps]</FeatureReferenceName><FeatureHighlightRank>6</FeatureHighlightRank></FeatureHighlight><FeatureHighlight><FeatureCode>F400082434</FeatureCode><FeatureReferenceName>No UV or Infra</FeatureReferenceName><FeatureHighlightRank>7</FeatureHighlightRank></FeatureHighlight><CSChapter><CSChapterCode>CH4006022</CSChapterCode><CSChapterName>Ampul özellikleri</CSChapterName><CSChapterRank>1</CSChapterRank><CSItem><CSItemCode>IT4029275</CSItemCode><CSItemName>Şekil</CSItemName><CSItemRank>8</CSItemRank><CSItemIsFreeFormat>0</CSItemIsFreeFormat><CSValue><CSValueCode>VA4067768</CSValueCode><CSValueName>Lustre</CSValueName><CSValueRank>17</CSValueRank></CSValue></CSItem><CSItem><CSItemCode>IT4029277</CSItemCode><CSItemName>Duy/armatür</CSItemName><CSItemRank>14</CSItemRank><CSItemIsFreeFormat>0</CSItemIsFreeFormat><CSValue><CSValueCode>VA4067780</CSValueCode><CSValueName>E27</CSValueName><CSValueRank>14</CSValueRank></CSValue></CSItem><CSItem><CSItemCode>IT4029279</CSItemCode><CSItemName>Kısılabilir</CSItemName><CSItemRank>20</CSItemRank><CSItemIsFreeFormat>0</CSItemIsFreeFormat><CSValue><CSValueCode>VA4067747</CSValueCode><CSValueName>Hayır</CSValueName><CSValueRank>3</CSValueRank></CSValue></CSItem><CSItem><CSItemCode>IT4036606</CSItemCode><CSItemName>Gerilim</CSItemName><CSItemRank>24</CSItemRank><CSItemIsFreeFormat>0</CSItemIsFreeFormat><CSValue><CSValueCode>VA4085091</CSValueCode><CSValueName>220 - 240 V</CSValueName><CSValueRank>13</CSValueRank></CSValue></CSItem><CSItem><CSItemCode>IT4037689</CSItemCode><CSItemName>Watt</CSItemName><CSItemRank>26</CSItemRank><CSItemIsFreeFormat>1</CSItemIsFreeFormat><CSValue><CSValueCode>VA4087427</CSValueCode><CSValueName>4 W</CSValueName><CSValueRank>1</CSValueRank></CSValue></CSItem><CSItem><CSItemCode>IT4037690</CSItemCode><CSItemName>Watt eşdeğeri</CSItemName><CSItemRank>30</CSItemRank><CSItemIsFreeFormat>1</CSItemIsFreeFormat><CSValue><CSValueCode>VA4087428</CSValueCode><CSValueName>25 W</CSValueName><CSValueRank>1</CSValueRank></CSValue></CSItem></CSChapter><CSChapter><CSChapterCode>CH4005202</CSChapterCode><CSChapterName>Güç tüketimi</CSChapterName><CSChapterRank>2</CSChapterRank><CSItem><CSItemCode>IT4026378</CSItemCode><CSItemName>Enerji verimliliği etiketi</CSItemName><CSItemRank>7</CSItemRank><CSItemIsFreeFormat>0</CSItemIsFreeFormat><CSValue><CSValueCode>VA4067612</CSValueCode><CSValueName>A+</CSValueName><CSValueRank>11</CSValueRank></CSValue></CSItem><CSItem><CSItemCode>IT4029053</CSItemCode><CSItemName>1000 saatte güç tüketimi</CSItemName><CSItemRank>12</CSItemRank><CSItemIsFreeFormat>1</CSItemIsFreeFormat><CSValue><CSValueCode>VA4067444</CSValueCode><CSValueName>4</CSValueName><CSValueRank>1</CSValueRank></CSValue><UnitOfMeasure><UnitOfMeasureCode>4000161</UnitOfMeasureCode><UnitOfMeasureName>kilowatt saat</UnitOfMeasureName><UnitOfMeasureSymbol>kW·s</UnitOfMeasureSymbol></UnitOfMeasure></CSItem></CSChapter><CSChapter><CSChapterCode>CH4005203</CSChapterCode><CSChapterName>Işık özellikleri</CSChapterName><CSChapterRank>3</CSChapterRank><CSItem><CSItemCode>IT4043370</CSItemCode><CSItemName>GözRahatlığı</CSItemName><CSItemRank>1</CSItemRank><CSItemIsFreeFormat>0</CSItemIsFreeFormat><CSValue><CSValueCode>VA4100049</CSValueCode><CSValueName>Göz Rahatlığı</CSValueName><CSValueRank>1</CSValueRank></CSValue></CSItem><CSItem><CSItemCode>IT4026387</CSItemCode><CSItemName>Işık çıkışı</CSItemName><CSItemRank>5</CSItemRank><CSItemIsFreeFormat>1</CSItemIsFreeFormat><CSValue><CSValueCode>VA4062484</CSValueCode><CSValueName>250</CSValueName><CSValueRank>1</CSValueRank></CSValue><UnitOfMeasure><UnitOfMeasureCode>4000123</UnitOfMeasureCode><UnitOfMeasureName>Lümen</UnitOfMeasureName><UnitOfMeasureSymbol>lümen</UnitOfMeasureSymbol></UnitOfMeasure></CSItem><CSItem><CSItemCode>IT4029158</CSItemCode><CSItemName>Renk</CSItemName><CSItemRank>21</CSItemRank><CSItemIsFreeFormat>0</CSItemIsFreeFormat><CSValue><CSValueCode>VA4067569</CSValueCode><CSValueName>Sarı</CSValueName><CSValueRank>1</CSValueRank></CSValue></CSItem><CSItem><CSItemCode>IT4029159</CSItemCode><CSItemName>Renk sıcaklığı</CSItemName><CSItemRank>22</CSItemRank><CSItemIsFreeFormat>1</CSItemIsFreeFormat><CSValue><CSValueCode>VA4067572</CSValueCode><CSValueName>2700</CSValueName><CSValueRank>1</CSValueRank></CSValue><UnitOfMeasure><UnitOfMeasureCode>4000041</UnitOfMeasureCode><UnitOfMeasureName>Kelvin</UnitOfMeasureName><UnitOfMeasureSymbol>K</UnitOfMeasureSymbol></UnitOfMeasure></CSItem><CSItem><CSItemCode>IT4026384</CSItemCode><CSItemName>Işık etkisi/kaplama</CSItemName><CSItemRank>29</CSItemRank><CSItemIsFreeFormat>0</CSItemIsFreeFormat><CSValue><CSValueCode>VA4062505</CSValueCode><CSValueName>Sarı</CSValueName><CSValueRank>8</CSValueRank></CSValue></CSItem><CSItem><CSItemCode>IT4029170</CSItemCode><CSItemName>Renksel geriverim indeksi (CRI)</CSItemName><CSItemRank>31</CSItemRank><CSItemIsFreeFormat>1</CSItemIsFreeFormat><CSValue><CSValueCode>VA4067596</CSValueCode><CSValueName>80</CSValueName><CSValueRank>1</CSValueRank></CSValue></CSItem><CSItem><CSItemCode>IT4026390</CSItemCode><CSItemName>Başlama süresi</CSItemName><CSItemRank>33</CSItemRank><CSItemIsFreeFormat>0</CSItemIsFreeFormat><CSValue><CSValueCode>VA4082665</CSValueCode><CSValueName>&lt;0,5</CSValueName><CSValueRank>12</CSValueRank></CSValue><UnitOfMeasure><UnitOfMeasureCode>3000069</UnitOfMeasureCode><UnitOfMeasureName>saniye</UnitOfMeasureName><UnitOfMeasureSymbol>sn</UnitOfMeasureSymbol></UnitOfMeasure></CSItem><CSItem><CSItemCode>IT4029160</CSItemCode><CSItemName>Isınma süresi - %60 ışık</CSItemName><CSItemRank>34</CSItemRank><CSItemIsFreeFormat>0</CSItemIsFreeFormat><CSValue><CSValueCode>VA4067639</CSValueCode><CSValueName>Anında tam ışık</CSValueName><CSValueRank>9</CSValueRank></CSValue></CSItem><CSItem><CSItemCode>IT4035884</CSItemCode><CSItemName>Uygulama</CSItemName><CSItemRank>35</CSItemRank><CSItemIsFreeFormat>0</CSItemIsFreeFormat><CSValue><CSValueCode>VA4083393</CSValueCode><CSValueName>Parlak ışık</CSValueName><CSValueRank>15</CSValueRank></CSValue></CSItem></CSChapter><CSChapter><CSChapterCode>CH4005204</CSChapterCode><CSChapterName>Dayanıklılık</CSChapterName><CSChapterRank>4</CSChapterRank><CSItem><CSItemCode>IT4029169</CSItemCode><CSItemName>Lamba ömrü</CSItemName><CSItemRank>4</CSItemRank><CSItemIsFreeFormat>1</CSItemIsFreeFormat><CSValue><CSValueCode>VA4067595</CSValueCode><CSValueName>15000</CSValueName><CSValueRank>1</CSValueRank></CSValue><UnitOfMeasure><UnitOfMeasureCode>4000007</UnitOfMeasureCode><UnitOfMeasureName>-Saat</UnitOfMeasureName><UnitOfMeasureSymbol>saat</UnitOfMeasureSymbol></UnitOfMeasure></CSItem><CSItem><CSItemCode>IT4029171</CSItemCode><CSItemName>Açma / kapama (anahtarlama) sayısı</CSItemName><CSItemRank>10</CSItemRank><CSItemIsFreeFormat>1</CSItemIsFreeFormat><CSValue><CSValueCode>VA4067598</CSValueCode><CSValueName>50000</CSValueName><CSValueRank>1</CSValueRank></CSValue></CSItem><CSItem><CSItemCode>IT4029193</CSItemCode><CSItemName>Lümen bakım faktörü</CSItemName><CSItemRank>18</CSItemRank><CSItemIsFreeFormat>0</CSItemIsFreeFormat><CSValue><CSValueCode>VA4067614</CSValueCode><CSValueName>0,7</CSValueName><CSValueRank>7</CSValueRank></CSValue></CSItem><CSItem><CSItemCode>IT4029164</CSItemCode><CSItemName>Ortalama ömür (günde 2,7 sa)</CSItemName><CSItemRank>23</CSItemRank><CSItemIsFreeFormat>1</CSItemIsFreeFormat><CSValue><CSValueCode>VA4067588</CSValueCode><CSValueName>15</CSValueName><CSValueRank>1</CSValueRank></CSValue><UnitOfMeasure><UnitOfMeasureCode>4000081</UnitOfMeasureCode><UnitOfMeasureName>Yıl</UnitOfMeasureName><UnitOfMeasureSymbol>yıl</UnitOfMeasureSymbol></UnitOfMeasure></CSItem></CSChapter><CSChapter><CSChapterCode>CH4006021</CSChapterCode><CSChapterName>Ampul boyutları</CSChapterName><CSChapterRank>5</CSChapterRank><CSItem><CSItemCode>IT4029271</CSItemCode><CSItemName>Yükseklik</CSItemName><CSItemRank>1</CSItemRank><CSItemIsFreeFormat>1</CSItemIsFreeFormat><CSValue><CSValueCode>VA4067741</CSValueCode><CSValueName>87</CSValueName><CSValueRank>1</CSValueRank></CSValue><UnitOfMeasure><UnitOfMeasureCode>3000058</UnitOfMeasureCode><UnitOfMeasureName>milimetre</UnitOfMeasureName><UnitOfMeasureSymbol>mm</UnitOfMeasureSymbol></UnitOfMeasure></CSItem><CSItem><CSItemCode>IT4029272</CSItemCode><CSItemName>Genişlik</CSItemName><CSItemRank>16</CSItemRank><CSItemIsFreeFormat>1</CSItemIsFreeFormat><CSValue><CSValueCode>VA4067742</CSValueCode><CSValueName>45</CSValueName><CSValueRank>1</CSValueRank></CSValue><UnitOfMeasure><UnitOfMeasureCode>3000058</UnitOfMeasureCode><UnitOfMeasureName>milimetre</UnitOfMeasureName><UnitOfMeasureSymbol>mm</UnitOfMeasureSymbol></UnitOfMeasure></CSItem></CSChapter><CSChapter><CSChapterCode>CH4005206</CSChapterCode><CSChapterName>Diğer özellikler</CSChapterName><CSChapterRank>6</CSChapterRank><CSItem><CSItemCode>IT4026404</CSItemCode><CSItemName>Cıva içeriği</CSItemName><CSItemRank>2</CSItemRank><CSItemIsFreeFormat>1</CSItemIsFreeFormat><CSValue><CSValueCode>VA4062631</CSValueCode><CSValueName>0</CSValueName><CSValueRank>1</CSValueRank></CSValue><UnitOfMeasure><UnitOfMeasureCode>4000142</UnitOfMeasureCode><UnitOfMeasureName>mg</UnitOfMeasureName><UnitOfMeasureSymbol>mg</UnitOfMeasureSymbol></UnitOfMeasure></CSItem><CSItem><CSItemCode>IT4026405</CSItemCode><CSItemName>Güç faktörü</CSItemName><CSItemRank>11</CSItemRank><CSItemIsFreeFormat>1</CSItemIsFreeFormat><CSValue><CSValueCode>VA4062632</CSValueCode><CSValueName>0,4</CSValueName><CSValueRank>1</CSValueRank></CSValue></CSItem><CSItem><CSItemCode>IT4026406</CSItemCode><CSItemName>Lamba akımı</CSItemName><CSItemRank>17</CSItemRank><CSItemIsFreeFormat>1</CSItemIsFreeFormat><CSValue><CSValueCode>VA4062633</CSValueCode><CSValueName>35</CSValueName><CSValueRank>1</CSValueRank></CSValue><UnitOfMeasure><UnitOfMeasureCode>4000141</UnitOfMeasureCode><UnitOfMeasureName>mA</UnitOfMeasureName><UnitOfMeasureSymbol>mA</UnitOfMeasureSymbol></UnitOfMeasure></CSItem><CSItem><CSItemCode>IT4041650</CSItemCode><CSItemName>Lamba Sınıflandırması Risk Grubu</CSItemName><CSItemRank>27</CSItemRank><CSItemIsFreeFormat>0</CSItemIsFreeFormat><CSValue><CSValueCode>VA4096587</CSValueCode><CSValueName>RG0</CSValueName><CSValueRank>2</CSValueRank></CSValue></CSItem></CSChapter><CSChapter><CSChapterCode>CH4005207</CSChapterCode><CSChapterName>Nominal değerler</CSChapterName><CSChapterRank>7</CSChapterRank><CSItem><CSItemCode>IT4026407</CSItemCode><CSItemName>Nominal güç</CSItemName><CSItemRank>3</CSItemRank><CSItemIsFreeFormat>1</CSItemIsFreeFormat><CSValue><CSValueCode>VA4062634</CSValueCode><CSValueName>4</CSValueName><CSValueRank>1</CSValueRank></CSValue><UnitOfMeasure><UnitOfMeasureCode>3000072</UnitOfMeasureCode><UnitOfMeasureName>watt</UnitOfMeasureName><UnitOfMeasureSymbol>W</UnitOfMeasureSymbol></UnitOfMeasure></CSItem><CSItem><CSItemCode>IT4026408</CSItemCode><CSItemName>Nominal ışık akısı</CSItemName><CSItemRank>9</CSItemRank><CSItemIsFreeFormat>1</CSItemIsFreeFormat><CSValue><CSValueCode>VA4062635</CSValueCode><CSValueName>250</CSValueName><CSValueRank>1</CSValueRank></CSValue><UnitOfMeasure><UnitOfMeasureCode>4000123</UnitOfMeasureCode><UnitOfMeasureName>Lümen</UnitOfMeasureName><UnitOfMeasureSymbol>lümen</UnitOfMeasureSymbol></UnitOfMeasure></CSItem><CSItem><CSItemCode>IT4029167</CSItemCode><CSItemName>Nominal kullanım ömrü</CSItemName><CSItemRank>15</CSItemRank><CSItemIsFreeFormat>1</CSItemIsFreeFormat><CSValue><CSValueCode>VA4067593</CSValueCode><CSValueName>15000</CSValueName><CSValueRank>1</CSValueRank></CSValue><UnitOfMeasure><UnitOfMeasureCode>4000007</UnitOfMeasureCode><UnitOfMeasureName>-Saat</UnitOfMeasureName><UnitOfMeasureSymbol>saat</UnitOfMeasureSymbol></UnitOfMeasure></CSItem></CSChapter><Filters><Purpose type="Comparison"><Features><Feature code="F400082348" rank="1" referenceName="Learn about light"/><Feature code="F400082355" rank="2" referenceName="2700K [LED lamps]"/><Feature code="F400082449" rank="3" referenceName="Optical design/sparkling"/><Feature code="F400082363" rank="4" referenceName="15,000-hour rated average life"/><Feature code="F400082440" rank="5" referenceName="Saves up to 80% NRJ"/><Feature code="F400082385" rank="6" referenceName="Lustre [LED lamps]"/><Feature code="F400082434" rank="7" referenceName="No UV or Infra"/></Features><CSItems><CSItem code="IT4043370" rank="1" referenceName="Işık özellikleri - GözRahatlığı"/><CSItem code="IT4029271" rank="1" referenceName="Ampul boyutları - Yükseklik"/><CSItem code="IT4026404" rank="2" referenceName="Diğer özellikler - Cıva içeriği"/><CSItem code="IT4026407" rank="3" referenceName="Nominal değerler - Nominal güç"/><CSItem code="IT4029169" rank="4" referenceName="Dayanıklılık - Lamba ömrü"/><CSItem code="IT4026387" rank="5" referenceName="Işık özellikleri - Işık çıkışı"/><CSItem code="IT4026378" rank="7" referenceName="Güç tüketimi - Enerji verimliliği etiketi"/><CSItem code="IT4029275" rank="8" referenceName="Ampul özellikleri - Şekil"/><CSItem code="IT4026408" rank="9" referenceName="Nominal değerler - Nominal ışık akısı"/><CSItem code="IT4029171" rank="10" referenceName="Dayanıklılık - Açma / kapama (anahtarlama) sayısı"/><CSItem code="IT4026405" rank="11" referenceName="Diğer özellikler - Güç faktörü"/><CSItem code="IT4029053" rank="12" referenceName="Güç tüketimi - 1000 saatte güç tüketimi"/><CSItem code="IT4029277" rank="14" referenceName="Ampul özellikleri - Duy/armatür"/><CSItem code="IT4029167" rank="15" referenceName="Nominal değerler - Nominal kullanım ömrü"/><CSItem code="IT4029272" rank="16" referenceName="Ampul boyutları - Genişlik"/><CSItem code="IT4026406" rank="17" referenceName="Diğer özellikler - Lamba akımı"/><CSItem code="IT4029193" rank="18" referenceName="Dayanıklılık - Lümen bakım faktörü"/><CSItem code="IT4029279" rank="20" referenceName="Ampul özellikleri - Kısılabilir"/><CSItem code="IT4029158" rank="21" referenceName="Işık özellikleri - Renk"/><CSItem code="IT4029159" rank="22" referenceName="Işık özellikleri - Renk sıcaklığı"/><CSItem code="IT4029164" rank="23" referenceName="Dayanıklılık - Ortalama ömür (günde 2,7 sa)"/><CSItem code="IT4036606" rank="24" referenceName="Ampul özellikleri - Gerilim"/><CSItem code="IT4037689" rank="26" referenceName="Ampul özellikleri - Watt"/><CSItem code="IT4041650" rank="27" referenceName="Diğer özellikler - Lamba Sınıflandırması Risk Grubu"/><CSItem code="IT4026384" rank="29" referenceName="Işık özellikleri - Işık etkisi/kaplama"/><CSItem code="IT4037690" rank="30" referenceName="Ampul özellikleri - Watt eşdeğeri"/><CSItem code="IT4029170" rank="31" referenceName="Işık özellikleri - Renksel geriverim indeksi (CRI)"/><CSItem code="IT4026390" rank="33" referenceName="Işık özellikleri - Başlama süresi"/><CSItem code="IT4029160" rank="34" referenceName="Işık özellikleri - Isınma süresi - %60 ışık"/><CSItem code="IT4035884" rank="35" referenceName="Işık özellikleri - Uygulama"/></CSItems></Purpose><Purpose type="Detail"><Features><Feature code="F400082348" rank="1" referenceName="Learn about light"/><Feature code="F400082355" rank="2" referenceName="2700K [LED lamps]"/><Feature code="F400082449" rank="3" referenceName="Optical design/sparkling"/><Feature code="F400082363" rank="4" referenceName="15,000-hour rated average life"/><Feature code="F400082440" rank="5" referenceName="Saves up to 80% NRJ"/><Feature code="F400082385" rank="6" referenceName="Lustre [LED lamps]"/><Feature code="F400082434" rank="7" referenceName="No UV or Infra"/></Features><CSItems><CSItem code="IT4043370" rank="1" referenceName="Işık özellikleri - GözRahatlığı"/><CSItem code="IT4029271" rank="1" referenceName="Ampul boyutları - Yükseklik"/><CSItem code="IT4026404" rank="2" referenceName="Diğer özellikler - Cıva içeriği"/><CSItem code="IT4026407" rank="3" referenceName="Nominal değerler - Nominal güç"/><CSItem code="IT4029169" rank="4" referenceName="Dayanıklılık - Lamba ömrü"/><CSItem code="IT4026387" rank="5" referenceName="Işık özellikleri - Işık çıkışı"/><CSItem code="IT4026378" rank="7" referenceName="Güç tüketimi - Enerji verimliliği etiketi"/><CSItem code="IT4029275" rank="8" referenceName="Ampul özellikleri - Şekil"/><CSItem code="IT4026408" rank="9" referenceName="Nominal değerler - Nominal ışık akısı"/><CSItem code="IT4029171" rank="10" referenceName="Dayanıklılık - Açma / kapama (anahtarlama) sayısı"/><CSItem code="IT4026405" rank="11" referenceName="Diğer özellikler - Güç faktörü"/><CSItem code="IT4029053" rank="12" referenceName="Güç tüketimi - 1000 saatte güç tüketimi"/><CSItem code="IT4029277" rank="14" referenceName="Ampul özellikleri - Duy/armatür"/><CSItem code="IT4029167" rank="15" referenceName="Nominal değerler - Nominal kullanım ömrü"/><CSItem code="IT4029272" rank="16" referenceName="Ampul boyutları - Genişlik"/><CSItem code="IT4026406" rank="17" referenceName="Diğer özellikler - Lamba akımı"/><CSItem code="IT4029193" rank="18" referenceName="Dayanıklılık - Lümen bakım faktörü"/><CSItem code="IT4029279" rank="20" referenceName="Ampul özellikleri - Kısılabilir"/><CSItem code="IT4029158" rank="21" referenceName="Işık özellikleri - Renk"/><CSItem code="IT4029159" rank="22" referenceName="Işık özellikleri - Renk sıcaklığı"/><CSItem code="IT4029164" rank="23" referenceName="Dayanıklılık - Ortalama ömür (günde 2,7 sa)"/><CSItem code="IT4036606" rank="24" referenceName="Ampul özellikleri - Gerilim"/><CSItem code="IT4037689" rank="26" referenceName="Ampul özellikleri - Watt"/><CSItem code="IT4041650" rank="27" referenceName="Diğer özellikler - Lamba Sınıflandırması Risk Grubu"/><CSItem code="IT4026384" rank="29" referenceName="Işık özellikleri - Işık etkisi/kaplama"/><CSItem code="IT4037690" rank="30" referenceName="Ampul özellikleri - Watt eşdeğeri"/><CSItem code="IT4029170" rank="31" referenceName="Işık özellikleri - Renksel geriverim indeksi (CRI)"/><CSItem code="IT4026390" rank="33" referenceName="Işık özellikleri - Başlama süresi"/><CSItem code="IT4029160" rank="34" referenceName="Işık özellikleri - Isınma süresi - %60 ışık"/><CSItem code="IT4035884" rank="35" referenceName="Işık özellikleri - Uygulama"/></CSItems></Purpose></Filters><FeatureCompareGroups/><Disclaimers/><RichTexts/></Product></Products>