<?xml version="1.0" encoding="UTF-8"?><Products xmlns:source="http://apache.org/cocoon/source/1.0" DocStatus="approved" DocTimeStamp="2018-10-23T21:17:31"><Product Country="TR" IsAccessory="false" IsMaster="false" Locale="tr_TR" lastModified="2018-10-23T04:30:06" masterLastModified="2016-09-27T01:27:32"><CTN>GC004/00</CTN><GTIN>08710103645146</GTIN><MarketingVersion>7.1.1</MarketingVersion><MarketingStatus>Final Published</MarketingStatus><CRDate>2013-08-23</CRDate><CRDateYW>201334</CRDateYW><ModelYears><ModelYear>2013</ModelYear></ModelYears><ProductDivision><ProductDivisionCode>0200</ProductDivisionCode><ProductDivisionName>Consumer Lifestyle</ProductDivisionName><FormerPDCode>0300</FormerPDCode></ProductDivision><ProductOwner>Inge van Lieshout</ProductOwner><DTN>GC004/00</DTN><Catalog><StartOfPublication>2013-09-23T00:00:00</StartOfPublication><EndOfPublication>2019-09-23T00:00:00</EndOfPublication><StartOfSales>2013-09-23T00:00:00</StartOfSales><EndOfSales>2019-09-23T00:00:00</EndOfSales><DummyPrice>153.4</DummyPrice><Deleted>false</Deleted><DeleteAfterDate/><ProductRank>50</ProductRank></Catalog><FinancialCategorization><BusinessGroupCode>9042</BusinessGroupCode><BusinessGroupName>Domestic Appliances</BusinessGroupName><BusinessUnitCode>0352</BusinessUnitCode><BusinessUnitName>Garment Care</BusinessUnitName><MainArticleGroupCode>E30</MainArticleGroupCode><MainArticleGroupName>Miscellaneous</MainArticleGroupName><ArticleGroupCode>3475</ArticleGroupCode><ArticleGroupName>Accessories</ArticleGroupName></FinancialCategorization><Categorization type="CONSUMER"><GroupCode>HOUSEHOLD_PRODUCTS_GR</GroupCode><GroupName>Household products</GroupName><CategoryCode>IRONS_CA</CategoryCode><CategoryName>Ironing</CategoryName><SubcategoryCode>SYSTEM_IRONS_SU</SubcategoryCode><SubcategoryName>Steam Generator Iron</SubcategoryName></Categorization><Assets><Asset code="GC004_00" description="Leaflet" extension="pdf" lastModified="2016-09-22" locale="tr_TR" number="001" type="PSS">http://download.p4c.philips.com/files/g/gc004_00/gc004_00_pss_turtr.pdf</Asset><Asset code="GC004_00" description="Retail Trade Leaflet" extension="pdf" lastModified="2018-10-22" locale="tr_TR" number="001" type="RTL">http://download.p4c.philips.com/files/g/gc004_00/gc004_00_rtl_turtr.pdf</Asset><Asset code="GC004_00" description="Leaflet" extension="pdf" lastModified="2015-06-02" locale="global" number="001" type="PSS">http://download.p4c.philips.com/files/g/gc004_00/gc004_00_pss_.pdf</Asset><Asset code="GC004_00" description="Standard product photograph - highres 2196x1795" extension="tif" lastModified="2015-03-10" locale="global" number="001" type="RTP">http://images.philips.com/is/image/PhilipsConsumer/GC004_00-RTP-global-001</Asset><Asset code="GC004_00" description="Single product shot" extension="" lastModified="2018-10-23" locale="tr_TR" number="" type="IMS">http://images.philips.com/is/image/PhilipsConsumer/GC004_00-IMS-tr_TR</Asset><Asset code="GC004_00" description="Product gallery image set" extension="" lastModified="2018-10-23" locale="tr_TR" number="" type="GAL">http://images.philips.com/is/image/PhilipsConsumer/GC004_00-GAL-tr_TR</Asset><Asset code="GC004_00" description="Product URL" extension="" lastModified="2018-10-23" locale="tr_TR" number="" type="URL">http://www.philips.com.tr/c-p/GC004_00/perfectcare-pure-kirec-oenleyici-kartus</Asset></Assets><ProductName>Kirecin %99'unu yok eder Kireç önleyici kartuş</ProductName><FullProductName>Philips PerfectCare Pure Kireç önleyici kartuş GC004/00 Kirecin %99'unu yok eder PerfectCare Pure için uygundur 4 kartuş ile gelir</FullProductName><NamingString><MasterBrand><BrandCode>PHI</BrandCode><BrandName>Philips</BrandName></MasterBrand><BrandString>Philips</BrandString><Family><FamilyCode>SB40003525</FamilyCode><FamilyName>PerfectCare Pure</FamilyName><FamilyNameUsed>1</FamilyNameUsed></Family><Descriptor><DescriptorCode>D4014411</DescriptorCode><DescriptorName>Kireç önleyici kartuş</DescriptorName></Descriptor><Alphanumeric>GC004/00</Alphanumeric><VersionElement1><VersionElementCode>V4033983</VersionElementCode><VersionElementName>Kireci %99 oranında temizler</VersionElementName></VersionElement1><VersionElement2><VersionElementCode>V4033168</VersionElementCode><VersionElementName>Pure Akıllı Ütü için uygun</VersionElementName></VersionElement2><VersionElement3><VersionElementCode>V4027785</VersionElementCode><VersionElementName>4 kartuşla gelir</VersionElementName></VersionElement3><VersionString>Kirecin %99'unu yok eder PerfectCare Pure için uygundur 4 kartuş ile gelir</VersionString><BrandedFeatureString/><DescriptorBrandedFeatureString>Kireç önleyici kartuş</DescriptorBrandedFeatureString></NamingString><WOW>PureSteam Kireç önleyici kartuş*</WOW><SubWOW>Kirece karşı %99 koruma, ütünüzün ömrünü 5 kat artırır</SubWOW><MarketingTextHeader>PureSteam Kireç önleyici kartuş, PureSteam teknolojisine sahip PerfectCare Pure buhar kazanlı ütüler için uygundur. Kireci %99 oranında yok ederek ütünüzün ömrünü 5 kat artırır</MarketingTextHeader><KeyBenefitArea><KeyBenefitAreaCode>K4017634</KeyBenefitAreaCode><KeyBenefitAreaName>Değiştirilebilir kartuşla kolay kullanım</KeyBenefitAreaName><KeyBenefitAreaRank>1</KeyBenefitAreaRank><Feature><FeatureCode>F400053736_GC004_00</FeatureCode><FeatureReferenceName>3 months of ironing (PureSteam)</FeatureReferenceName><FeatureName>3 aylık ütüleme süresi</FeatureName><FeatureLongDescription>3 aylık ütüleme süresi</FeatureLongDescription><FeatureGlossary>Kartuşunuzun kullanım ömrü yaşadığınız yerdeki su sertliğine ve haftada kaç saat ütü yaptığınıza bağlıdır. 1 kartuş ortalama 3 aylık ütüleme süresi sunar.</FeatureGlossary><FeatureRank>5</FeatureRank><FeatureTopRank>1</FeatureTopRank></Feature><Feature><FeatureCode>F400053738_GC004_00</FeatureCode><FeatureReferenceName>Anti-calc replacement light</FeatureReferenceName><FeatureName>Kireç önleyiciyi değiştirme ışığı</FeatureName><FeatureLongDescription>Cihazınız sizi uyardığında kartuşu değiştirin</FeatureLongDescription><FeatureGlossary>PerfectCare Pure, PureSteam kireç önleyici kartuşun değiştirilmesi gerektiği zaman uyarı verir. Kireç önleyiciyi değiştirme ışığı yanıp sönmeye başlar, cihazınız sesli uyarı verir ve ardından hasara yol açmamak ve giysilerinizi kirletmemek için çalışmayı durdurur. Cihazınızı en iyi koşullarda kullanmaya devam etmek için eski kartuşu çıkarmadan demineralize su kullanabilirsiniz veya yeni bir PureSteam kireç önleyici kartuş ile değiştirebilirsiniz.</FeatureGlossary><FeatureRank>6</FeatureRank><FeatureTopRank>4</FeatureTopRank></Feature></KeyBenefitArea><KeyBenefitArea><KeyBenefitAreaCode>K4023634</KeyBenefitAreaCode><KeyBenefitAreaName>PerfectCare Pure ütünüzün üstün performansını koruyun</KeyBenefitAreaName><KeyBenefitAreaRank>2</KeyBenefitAreaRank><Feature><FeatureCode>F400053735_GC004_00</FeatureCode><FeatureReferenceName>5 years of warranty against scale</FeatureReferenceName><FeatureName>5 yıl garantili</FeatureName><FeatureLongDescription>Kirece karşı 5 yıl garantili</FeatureLongDescription><FeatureGlossary>Pure Steam kireç önleyici kartuş, PerfectCare Pure ütünüzü kireçten kaynaklanan hasara karşı korur. Cihazınız kirece karşı 5 yıl garantilidir.</FeatureGlossary><FeatureRank>1</FeatureRank><FeatureTopRank>2</FeatureTopRank></Feature><Feature><FeatureCode>F400053733_GC004_00</FeatureCode><FeatureReferenceName>99% calc-free (Pure Steam-PSG)</FeatureReferenceName><FeatureName>%99 oranında kireçten arındırılmış</FeatureName><FeatureLongDescription>PureSteam Kireç önleyici kartuş ile %99 oranında kireçten arındırılmış</FeatureLongDescription><FeatureGlossary>PureSteam Kireç önleyici kartuş, musluk suyunu %99 oranında filtreler. Sürekli buhar akışı sağlar ve giysiler üzerinde kireç kalıntısı bırakmaz.</FeatureGlossary><FeatureRank>2</FeatureRank><FeatureTopRank>3</FeatureTopRank></Feature><Feature><FeatureCode>F400053734_GC004_00</FeatureCode><FeatureReferenceName>Increase life by 5 times</FeatureReferenceName><FeatureName>Kullanım ömrünü 5 kat artırın</FeatureName><FeatureLongDescription>Kullanım ömrünü 5 kat artırın</FeatureLongDescription><FeatureGlossary>Cihazınızı kireçten kaynaklanan her türlü hasara karşı korur ve cihazınızın kullanım ömrünü 5 kat artırır.</FeatureGlossary><FeatureRank>3</FeatureRank><FeatureTopRank>5</FeatureTopRank></Feature><Feature><FeatureCode>F400053732_GC004_00</FeatureCode><FeatureReferenceName>PureSteam Anti-scale cartridge</FeatureReferenceName><FeatureName>Kireç önleyici PureSteam kartuşu</FeatureName><FeatureLongDescription>En etkili kireç önleyici sistem</FeatureLongDescription><FeatureGlossary>Benzersiz Philips PureSteam kireç önleyici kartuş, en etkili entegre kireç önleyici sistem olduğunu kanıtlamıştır.</FeatureGlossary><FeatureRank>4</FeatureRank><FeatureTopRank>6</FeatureTopRank></Feature></KeyBenefitArea><FeatureImage><FeatureCode>F400053736_GC004_00</FeatureCode><FeatureReferenceName>3 months of ironing (PureSteam)</FeatureReferenceName><FeatureImageRank>1</FeatureImageRank></FeatureImage><FeatureImage><FeatureCode>F400053735_GC004_00</FeatureCode><FeatureReferenceName>5 years of warranty against scale</FeatureReferenceName><FeatureImageRank>2</FeatureImageRank></FeatureImage><FeatureImage><FeatureCode>F400053733_GC004_00</FeatureCode><FeatureReferenceName>99% calc-free (Pure Steam-PSG)</FeatureReferenceName><FeatureImageRank>3</FeatureImageRank></FeatureImage><FeatureImage><FeatureCode>F400053738_GC004_00</FeatureCode><FeatureReferenceName>Anti-calc replacement light</FeatureReferenceName><FeatureImageRank>4</FeatureImageRank></FeatureImage><FeatureImage><FeatureCode>F400053734_GC004_00</FeatureCode><FeatureReferenceName>Increase life by 5 times</FeatureReferenceName><FeatureImageRank>5</FeatureImageRank></FeatureImage><FeatureImage><FeatureCode>F400053732_GC004_00</FeatureCode><FeatureReferenceName>PureSteam Anti-scale cartridge</FeatureReferenceName><FeatureImageRank>6</FeatureImageRank></FeatureImage><FeatureHighlight><FeatureCode>F400053736_GC004_00</FeatureCode><FeatureReferenceName>3 months of ironing (PureSteam)</FeatureReferenceName><FeatureHighlightRank>1</FeatureHighlightRank></FeatureHighlight><FeatureHighlight><FeatureCode>F400053735_GC004_00</FeatureCode><FeatureReferenceName>5 years of warranty against scale</FeatureReferenceName><FeatureHighlightRank>2</FeatureHighlightRank></FeatureHighlight><FeatureHighlight><FeatureCode>F400053733_GC004_00</FeatureCode><FeatureReferenceName>99% calc-free (Pure Steam-PSG)</FeatureReferenceName><FeatureHighlightRank>3</FeatureHighlightRank></FeatureHighlight><FeatureHighlight><FeatureCode>F400053738_GC004_00</FeatureCode><FeatureReferenceName>Anti-calc replacement light</FeatureReferenceName><FeatureHighlightRank>4</FeatureHighlightRank></FeatureHighlight><FeatureHighlight><FeatureCode>F400053734_GC004_00</FeatureCode><FeatureReferenceName>Increase life by 5 times</FeatureReferenceName><FeatureHighlightRank>5</FeatureHighlightRank></FeatureHighlight><FeatureHighlight><FeatureCode>F400053732_GC004_00</FeatureCode><FeatureReferenceName>PureSteam Anti-scale cartridge</FeatureReferenceName><FeatureHighlightRank>6</FeatureHighlightRank></FeatureHighlight><CSChapter><CSChapterCode>3000956</CSChapterCode><CSChapterName>Teknik spesifikasyonlar</CSChapterName><CSChapterRank>1</CSChapterRank><CSItem><CSItemCode>IT4023000</CSItemCode><CSItemName>Paketteki kartuş sayısı</CSItemName><CSItemRank>7</CSItemRank><CSItemIsFreeFormat>1</CSItemIsFreeFormat><CSValue><CSValueCode>VA4053795</CSValueCode><CSValueName>4</CSValueName><CSValueRank>1</CSValueRank></CSValue></CSItem><CSItem><CSItemCode>S_0001054</CSItemCode><CSItemName>Ürün ağırlığı</CSItemName><CSItemRank>8</CSItemRank><CSItemIsFreeFormat>1</CSItemIsFreeFormat><CSValue><CSValueCode>VA4007816</CSValueCode><CSValueName>0,19</CSValueName><CSValueRank>1</CSValueRank></CSValue><UnitOfMeasure><UnitOfMeasureCode>3000049</UnitOfMeasureCode><UnitOfMeasureName>kilogram</UnitOfMeasureName><UnitOfMeasureSymbol>kg</UnitOfMeasureSymbol></UnitOfMeasure></CSItem><CSItem><CSItemCode>IT4022999</CSItemCode><CSItemName>Paketlenmiş ürün ağırlığı</CSItemName><CSItemRank>9</CSItemRank><CSItemIsFreeFormat>1</CSItemIsFreeFormat><CSValue><CSValueCode>VA4053794</CSValueCode><CSValueName>0,83</CSValueName><CSValueRank>1</CSValueRank></CSValue><UnitOfMeasure><UnitOfMeasureCode>3000049</UnitOfMeasureCode><UnitOfMeasureName>kilogram</UnitOfMeasureName><UnitOfMeasureSymbol>kg</UnitOfMeasureSymbol></UnitOfMeasure></CSItem><CSItem><CSItemCode>S_0001053</CSItemCode><CSItemName>Ürün boyutları</CSItemName><CSItemRank>10</CSItemRank><CSItemIsFreeFormat>1</CSItemIsFreeFormat><CSValue><CSValueCode>VA4007815</CSValueCode><CSValueName>9,4 x 5,4 x 6,8</CSValueName><CSValueRank>1</CSValueRank></CSValue><UnitOfMeasure><UnitOfMeasureCode>3000039</UnitOfMeasureCode><UnitOfMeasureName>santimetre</UnitOfMeasureName><UnitOfMeasureSymbol>cm</UnitOfMeasureSymbol></UnitOfMeasure></CSItem></CSChapter><CSChapter><CSChapterCode>CHA_0000023</CSChapterCode><CSChapterName>Lojistik verileri</CSChapterName><CSChapterRank>2</CSChapterRank><CSItem><CSItemCode>S_0001267</CSItemCode><CSItemName>A-box boyutları</CSItemName><CSItemRank>2</CSItemRank><CSItemIsFreeFormat>1</CSItemIsFreeFormat><CSValue><CSValueCode>VA4007928</CSValueCode><CSValueName>13x31x37</CSValueName><CSValueRank>1</CSValueRank></CSValue><UnitOfMeasure><UnitOfMeasureCode>3000039</UnitOfMeasureCode><UnitOfMeasureName>santimetre</UnitOfMeasureName><UnitOfMeasureSymbol>cm</UnitOfMeasureSymbol></UnitOfMeasure></CSItem><CSItem><CSItemCode>S_0001265</CSItemCode><CSItemName>A-Box ağırlığı</CSItemName><CSItemRank>4</CSItemRank><CSItemIsFreeFormat>1</CSItemIsFreeFormat><CSValue><CSValueCode>VA4007926</CSValueCode><CSValueName>5,4</CSValueName><CSValueRank>1</CSValueRank></CSValue><UnitOfMeasure><UnitOfMeasureCode>3000049</UnitOfMeasureCode><UnitOfMeasureName>kilogram</UnitOfMeasureName><UnitOfMeasureSymbol>kg</UnitOfMeasureSymbol></UnitOfMeasure></CSItem><CSItem><CSItemCode>S_0001264</CSItemCode><CSItemName>F-box boyutları</CSItemName><CSItemRank>5</CSItemRank><CSItemIsFreeFormat>1</CSItemIsFreeFormat><CSValue><CSValueCode>VA4007925</CSValueCode><CSValueName>11x12x15</CSValueName><CSValueRank>1</CSValueRank></CSValue><UnitOfMeasure><UnitOfMeasureCode>3000039</UnitOfMeasureCode><UnitOfMeasureName>santimetre</UnitOfMeasureName><UnitOfMeasureSymbol>cm</UnitOfMeasureSymbol></UnitOfMeasure></CSItem><CSItem><CSItemCode>S_0001263</CSItemCode><CSItemName>F-Box ağırlığı</CSItemName><CSItemRank>6</CSItemRank><CSItemIsFreeFormat>1</CSItemIsFreeFormat><CSValue><CSValueCode>VA4007924</CSValueCode><CSValueName>0,83</CSValueName><CSValueRank>1</CSValueRank></CSValue><UnitOfMeasure><UnitOfMeasureCode>3000049</UnitOfMeasureCode><UnitOfMeasureName>kilogram</UnitOfMeasureName><UnitOfMeasureSymbol>kg</UnitOfMeasureSymbol></UnitOfMeasure></CSItem></CSChapter><CSChapter><CSChapterCode>CHA_0000074</CSChapterCode><CSChapterName>Değiştirme</CSChapterName><CSChapterRank>3</CSChapterRank><CSItem><CSItemCode>IT4022998</CSItemCode><CSItemName>Uygun olduğu ürünler</CSItemName><CSItemRank>1</CSItemRank><CSItemIsFreeFormat>0</CSItemIsFreeFormat><CSValue><CSValueCode>VA4079970</CSValueCode><CSValueName>PerfectCare Pure</CSValueName><CSValueRank>2</CSValueRank></CSValue></CSItem></CSChapter><Filters><Purpose type="Comparison"><Features><Feature code="F400053736_GC004_00" rank="1" referenceName="3 months of ironing (PureSteam)"/><Feature code="F400053735_GC004_00" rank="2" referenceName="5 years of warranty against scale"/><Feature code="F400053733_GC004_00" rank="3" referenceName="99% calc-free (Pure Steam-PSG)"/><Feature code="F400053738_GC004_00" rank="4" referenceName="Anti-calc replacement light"/><Feature code="F400053734_GC004_00" rank="5" referenceName="Increase life by 5 times"/><Feature code="F400053732_GC004_00" rank="6" referenceName="PureSteam Anti-scale cartridge"/></Features><CSItems><CSItem code="IT4022998" rank="1" referenceName="Değiştirme - Uygun olduğu ürünler"/><CSItem code="S_0001267" rank="2" referenceName="Lojistik verileri - A-box boyutları"/><CSItem code="S_0001265" rank="4" referenceName="Lojistik verileri - A-Box ağırlığı"/><CSItem code="S_0001264" rank="5" referenceName="Lojistik verileri - F-box boyutları"/><CSItem code="S_0001263" rank="6" referenceName="Lojistik verileri - F-Box ağırlığı"/><CSItem code="IT4023000" rank="7" referenceName="Teknik spesifikasyonlar - Paketteki kartuş sayısı"/><CSItem code="S_0001054" rank="8" referenceName="Teknik spesifikasyonlar - Ürün ağırlığı"/><CSItem code="IT4022999" rank="9" referenceName="Teknik spesifikasyonlar - Paketlenmiş ürün ağırlığı"/><CSItem code="S_0001053" rank="10" referenceName="Teknik spesifikasyonlar - Ürün boyutları"/></CSItems></Purpose><Purpose type="Detail"><Features><Feature code="F400053736_GC004_00" rank="1" referenceName="3 months of ironing (PureSteam)"/><Feature code="F400053735_GC004_00" rank="2" referenceName="5 years of warranty against scale"/><Feature code="F400053733_GC004_00" rank="3" referenceName="99% calc-free (Pure Steam-PSG)"/><Feature code="F400053738_GC004_00" rank="4" referenceName="Anti-calc replacement light"/><Feature code="F400053734_GC004_00" rank="5" referenceName="Increase life by 5 times"/><Feature code="F400053732_GC004_00" rank="6" referenceName="PureSteam Anti-scale cartridge"/></Features><CSItems><CSItem code="IT4022998" rank="1" referenceName="Değiştirme - Uygun olduğu ürünler"/><CSItem code="S_0001267" rank="2" referenceName="Lojistik verileri - A-box boyutları"/><CSItem code="S_0001265" rank="4" referenceName="Lojistik verileri - A-Box ağırlığı"/><CSItem code="S_0001264" rank="5" referenceName="Lojistik verileri - F-box boyutları"/><CSItem code="S_0001263" rank="6" referenceName="Lojistik verileri - F-Box ağırlığı"/><CSItem code="IT4023000" rank="7" referenceName="Teknik spesifikasyonlar - Paketteki kartuş sayısı"/><CSItem code="S_0001054" rank="8" referenceName="Teknik spesifikasyonlar - Ürün ağırlığı"/><CSItem code="IT4022999" rank="9" referenceName="Teknik spesifikasyonlar - Paketlenmiş ürün ağırlığı"/><CSItem code="S_0001053" rank="10" referenceName="Teknik spesifikasyonlar - Ürün boyutları"/></CSItems></Purpose></Filters><FeatureCompareGroups/><Disclaimers><Disclaimer code="DIS40008731" rank="1" referenceName="GC002, GC004, GC025"><DisclaimerText>Ürünün, ambalajda görünene kıyasla daha koyu ve daha ıslak görünmesi mümkündür. Bunun nedeni en iyi performansı sergilemesi için ürüne demineralize su ile ön bakım yapılmasıdır.</DisclaimerText><DisclaimElements/></Disclaimer></Disclaimers><ProductReference ProductReferenceType="Accessory"><CTN>GC026/00</CTN><ProductReferenceRank>0</ProductReferenceRank></ProductReference><ProductReference ProductReferenceType="Accessory"><CTN>GC026/30</CTN><ProductReferenceRank>0</ProductReferenceRank></ProductReference><ProductReference ProductReferenceType="Accessory"><CTN>GC027/00</CTN><ProductReferenceRank>0</ProductReferenceRank></ProductReference><RichTexts/></Product></Products>