<?xml version="1.0" encoding="UTF-8"?><Products xmlns:source="http://apache.org/cocoon/source/1.0" DocStatus="approved" DocTimeStamp="2018-10-23T21:17:31"><Product Country="TR" IsAccessory="false" IsLocalized="true" IsMaster="false" Locale="tr_TR" lastModified="2018-10-23T04:30:06" masterLastModified="2017-10-26T00:14:48"><CTN>8718291192886</CTN><Code12NC>929000261501</Code12NC><GTIN>8718291192886</GTIN><MarketingVersion>13.3.6</MarketingVersion><MarketingStatus>Final Published</MarketingStatus><CRDate>2012-04-13</CRDate><CRDateYW>201215</CRDateYW><ModelYears><ModelYear>2013</ModelYear></ModelYears><ProductDivision><ProductDivisionCode>0100</ProductDivisionCode><ProductDivisionName>Lighting</ProductDivisionName><FormerPDCode>0100</FormerPDCode></ProductDivision><ProductOwner>Magdalena Paszko</ProductOwner><DTN>8718291192886</DTN><Catalog><StartOfPublication>2013-04-30T00:00:00</StartOfPublication><EndOfPublication>2020-02-04T00:00:00</EndOfPublication><StartOfSales>2013-04-30T00:00:00</StartOfSales><EndOfSales>2020-02-04T00:00:00</EndOfSales><DummyPrice/><Deleted>false</Deleted><DeleteAfterDate/><ProductRank>50</ProductRank></Catalog><FinancialCategorization><BusinessGroupCode>9240</BusinessGroupCode><BusinessGroupName>LED</BusinessGroupName><BusinessUnitCode>0118</BusinessUnitCode><BusinessUnitName>LED Lamps</BusinessUnitName><MainArticleGroupCode>A13</MainArticleGroupCode><MainArticleGroupName>LED Spots</MainArticleGroupName><ArticleGroupCode>0235</ArticleGroupCode><ArticleGroupName>GU10 - Affordable</ArticleGroupName></FinancialCategorization><Categorization type="CONSUMER"><GroupCode>LIGHTING_GR</GroupCode><GroupName>Lighting</GroupName><CategoryCode>CHOOSE_A_BULB_CA</CategoryCode><CategoryName>Choose a bulb</CategoryName><SubcategoryCode>SPOT_BULB_SU</SubcategoryCode><SubcategoryName>Spot</SubcategoryName></Categorization><Assets><Asset code="8718291192886" description="Leaflet" extension="pdf" lastModified="2017-12-26" locale="tr_TR" number="001" type="PSS">http://download.p4c.philips.com/files/8/8718291192886/8718291192886_pss_turtr.pdf</Asset><Asset code="8718291192886" description="Retail Trade Leaflet" extension="pdf" lastModified="2017-12-22" locale="tr_TR" number="001" type="RTL">http://download.p4c.philips.com/files/8/8718291192886/8718291192886_rtl_turtr.pdf</Asset><Asset code="8718291192886" description="Packaging photograph - highres 1447x756" extension="jpg" lastModified="2013-07-15" locale="global" number="001" type="PID">http://images.philips.com/is/image/PhilipsConsumer/8718291192886-PID-global-001</Asset><Asset code="8718291192886" description="Packaging photograph - master" extension="jpg" lastModified="2013-07-15" locale="global" number="001" type="PIM">http://download.p4c.philips.com/files/8/8718291192886/8718291192886_pim_.jpg</Asset><Asset code="8718291192886" description="Packaging photograph - small 90x65" extension="jpg" lastModified="2013-07-15" locale="global" number="001" type="PIS">http://download.p4c.philips.com/files/8/8718291192886/8718291192886_pis_.jpg</Asset><Asset code="8718291192886" description="Leaflet" extension="pdf" lastModified="2017-10-26" locale="global" number="001" type="PSS">http://download.p4c.philips.com/files/8/8718291192886/8718291192886_pss_.pdf</Asset><Asset code="8718291192886" description="Standard product photograph - highres 2196x1795" extension="tif" lastModified="2013-05-21" locale="global" number="001" type="RTP">http://images.philips.com/is/image/PhilipsConsumer/8718291192886-RTP-global-001</Asset><Asset code="8718291192886" description="Single product shot" extension="" lastModified="2018-10-23" locale="tr_TR" number="" type="IMS">http://images.philips.com/is/image/PhilipsConsumer/8718291192886-IMS-tr_TR</Asset><Asset code="8718291192886" description="Product gallery image set" extension="" lastModified="2018-10-23" locale="tr_TR" number="" type="GAL">http://images.philips.com/is/image/PhilipsConsumer/8718291192886-GAL-tr_TR</Asset><Asset code="8718291192886" description="Product URL" extension="" lastModified="2018-10-23" locale="tr_TR" number="" type="URL">http://www.philips.com.tr/c-p/8718291192886/led-spot</Asset></Assets><ProductName>3 W (35 W) GU10 duylu Beyaz Spot</ProductName><FullProductName>Philips LED Spot 8718291192886 3 W (35 W) GU10 duylu Beyaz</FullProductName><NamingString><MasterBrand><BrandCode>PHI</BrandCode><BrandName>Philips</BrandName></MasterBrand><BrandString>Philips</BrandString><Family><FamilyCode>SB40002784</FamilyCode><FamilyName>LED</FamilyName><FamilyNameUsed>1</FamilyNameUsed></Family><Descriptor><DescriptorCode>D4015482</DescriptorCode><DescriptorName>Spot</DescriptorName></Descriptor><Alphanumeric>8718291192886</Alphanumeric><VersionElement1><VersionElementCode>D4012730</VersionElementCode><VersionElementName>3 W (35 W)</VersionElementName></VersionElement1><VersionElement2><VersionElementCode>D4012738</VersionElementCode><VersionElementName>GU10 duy</VersionElementName></VersionElement2><VersionElement3><VersionElementCode>V300000398</VersionElementCode><VersionElementName>Beyaz</VersionElementName></VersionElement3><VersionString>3 W (35 W) GU10 duylu Beyaz</VersionString><BrandedFeatureString/><DescriptorBrandedFeatureString>Spot</DescriptorBrandedFeatureString></NamingString><WOW>Odaklanmış parlak ışık demeti ile dayanıklı, vurgulu aydınlatma</WOW><SubWOW>Spot değiştirme sıkıntısını ortadan kaldırın</SubWOW><MarketingTextHeader>Philips LED spotlar, son derece uzun kullanım ömrü ve önemli derecede enerji tasarrufu sağlar. Parlak ışık ısısıyla bu spot, modern ışıklandırma spotlarınız için uzun ömürlü muhteşem bir alternatiftir.</MarketingTextHeader><KeyBenefitArea><KeyBenefitAreaCode>K4017755</KeyBenefitAreaCode><KeyBenefitAreaName>Dinamik bir atmosfer yaratın</KeyBenefitAreaName><KeyBenefitAreaRank>1</KeyBenefitAreaRank><Feature><FeatureCode>F400040745</FeatureCode><FeatureReferenceName>3000K [LED lamps]</FeatureReferenceName><FeatureName>Beyaz, enerjik ışık (3000 K)</FeatureName><FeatureLongDescription>Beyaz, enerjik ışık (3000 K)</FeatureLongDescription><FeatureGlossary>Işığın Kelvin (K) birimiyle ölçülen farklı renk sıcaklıkları olabilir. Düşük Kelvin değerine sahip ampuller sıcak, daha samimi bir ışık verirken yüksek Kelvin değerine sahip olan ampuller beyaz, daha enerjik bir ışık verir.</FeatureGlossary><FeatureRank>1</FeatureRank><FeatureTopRank>1</FeatureTopRank></Feature><Feature><FeatureCode>F400040409</FeatureCode><FeatureReferenceName>High color rendering (CRI &gt; 80) [LED lamps]</FeatureReferenceName><FeatureName>Yüksek renk görüntüleme (CRI&gt;80)</FeatureName><FeatureLongDescription>Canlı renkler için yüksek renk görüntüleme (CRI &gt; 80)</FeatureLongDescription><FeatureGlossary>Işık kaynağının renk görünümü üzerindeki etkisini açıklamak için renk görüntüleme indeksi (CRI) kullanılır. Açık havadaki doğal ışığın CRI değeri 100'dür ve diğer ışık kaynaklarının karşılaştırılmasında standart olarak kullanılır. Philips LED ampullerin CRI değeri her zaman 80'in üstündedir. Güneş ışığının değerine yakın olan bu ampuller renkleri gerçekçi ve doğal biçimde yansıtır.</FeatureGlossary><FeatureRank>3</FeatureRank><FeatureTopRank>3</FeatureTopRank></Feature></KeyBenefitArea><KeyBenefitArea><KeyBenefitAreaCode>K4017565</KeyBenefitAreaCode><KeyBenefitAreaName>Saf ve şık tasarım</KeyBenefitAreaName><KeyBenefitAreaRank>2</KeyBenefitAreaRank><Feature><FeatureCode>F400052749</FeatureCode><FeatureReferenceName>Smooth surface - spot [LED lamps]</FeatureReferenceName><FeatureName>Pürüzsüz yüzey</FeatureName><FeatureLongDescription>Pürüzsüz yüzey ve yüksek kaliteli kaplama</FeatureLongDescription><FeatureGlossary>Dayanıklı olan bu LED spot yüksek kaliteli malzemelerden üretilmiştir ve en son yeniliklere sahiptir. Kullanmakta olduğunuz armatürlere mükemmel biçimde uyar.</FeatureGlossary><FeatureRank>6</FeatureRank><FeatureTopRank>7</FeatureTopRank></Feature></KeyBenefitArea><KeyBenefitArea><KeyBenefitAreaCode>K4017574</KeyBenefitAreaCode><KeyBenefitAreaName>Kullanımı kolay</KeyBenefitAreaName><KeyBenefitAreaRank>3</KeyBenefitAreaRank><Feature><FeatureCode>F400040446</FeatureCode><FeatureReferenceName>Avoid the hassle- spot [LED lamps]</FeatureReferenceName><FeatureName>Ampul değiştirme zahmetinden kurtulun</FeatureName><FeatureLongDescription>Sürekli ampul değiştirme zorluğunu ortadan kaldırın</FeatureLongDescription><FeatureGlossary>Halojen spotlar için dayanıklı bir alternatif olan Philips LED spotlar takıldıktan sonra güzel ışık demetlerini yıllar boyunca korur.</FeatureGlossary><FeatureRank>2</FeatureRank><FeatureTopRank>2</FeatureTopRank></Feature></KeyBenefitArea><KeyBenefitArea><KeyBenefitAreaCode>K4008557</KeyBenefitAreaCode><KeyBenefitAreaName>Sürdürülebilir seçim</KeyBenefitAreaName><KeyBenefitAreaRank>4</KeyBenefitAreaRank><Feature><FeatureCode>F400040765</FeatureCode><FeatureReferenceName>Saving up to 90% [LED lamps]</FeatureReferenceName><FeatureName>Çok düşük enerji tüketimi</FeatureName><FeatureLongDescription>%90'a kadar tasarrufla çok düşük enerji tüketimi</FeatureLongDescription><FeatureGlossary>Geleneksel ampulleri Philips LED alternatifiyle değiştirir değiştirmez önemli enerji tasarrufu sağlayabilir ve sürdürülebilir bir gezegene katkıda bulunabilirsiniz.</FeatureGlossary><FeatureRank>7</FeatureRank><FeatureTopRank>4</FeatureTopRank></Feature><Feature><FeatureCode>F400040468</FeatureCode><FeatureReferenceName>Lifetime 15 [LED lamps]</FeatureReferenceName><FeatureName>15 yıla kadar kullanım ömrü</FeatureName><FeatureLongDescription>15 yıla kadar kullanım ömrü</FeatureLongDescription><FeatureGlossary>15.000 saate kadar kullanım ömrüne sahip olan bu Philips LED lamba istediğiniz atmosferi 15 yıla kadar korumanızı sağlar.*</FeatureGlossary><FeatureRank>5</FeatureRank><FeatureTopRank>5</FeatureTopRank></Feature></KeyBenefitArea><KeyBenefitArea><KeyBenefitAreaCode>K4017754</KeyBenefitAreaCode><KeyBenefitAreaName>Spot ve genel aydınlatma için uygun</KeyBenefitAreaName><KeyBenefitAreaRank>5</KeyBenefitAreaRank><Feature><FeatureCode>F400052752</FeatureCode><FeatureReferenceName>36º beam - spot [LED lamps]</FeatureReferenceName><FeatureName>36º halojen ışık demeti</FeatureName><FeatureLongDescription>36º halojen ışık demeti</FeatureLongDescription><FeatureGlossary>Tanıdık odaklanmış ışık çıkışının yanı sıra halojen spotlara eşdeğer görünüme ve hisse sahip olan bu LED spot hem vurgulu aydınlatma hem de genel amaçlı aydınlatmaya uygundur.</FeatureGlossary><FeatureRank>4</FeatureRank><FeatureTopRank>6</FeatureTopRank></Feature></KeyBenefitArea><FeatureImage><FeatureCode>F400040745</FeatureCode><FeatureReferenceName>3000K [LED lamps]</FeatureReferenceName><FeatureImageRank>1</FeatureImageRank></FeatureImage><FeatureImage><FeatureCode>F400040446</FeatureCode><FeatureReferenceName>Avoid the hassle- spot [LED lamps]</FeatureReferenceName><FeatureImageRank>2</FeatureImageRank></FeatureImage><FeatureImage><FeatureCode>F400040409</FeatureCode><FeatureReferenceName>High color rendering (CRI &gt; 80) [LED lamps]</FeatureReferenceName><FeatureImageRank>3</FeatureImageRank></FeatureImage><FeatureImage><FeatureCode>F400040765</FeatureCode><FeatureReferenceName>Saving up to 90% [LED lamps]</FeatureReferenceName><FeatureImageRank>4</FeatureImageRank></FeatureImage><FeatureImage><FeatureCode>F400040468</FeatureCode><FeatureReferenceName>Lifetime 15 [LED lamps]</FeatureReferenceName><FeatureImageRank>5</FeatureImageRank></FeatureImage><FeatureImage><FeatureCode>F400052752</FeatureCode><FeatureReferenceName>36º beam - spot [LED lamps]</FeatureReferenceName><FeatureImageRank>6</FeatureImageRank></FeatureImage><FeatureImage><FeatureCode>F400052749</FeatureCode><FeatureReferenceName>Smooth surface - spot [LED lamps]</FeatureReferenceName><FeatureImageRank>7</FeatureImageRank></FeatureImage><FeatureHighlight><FeatureCode>F400040745</FeatureCode><FeatureReferenceName>3000K [LED lamps]</FeatureReferenceName><FeatureHighlightRank>1</FeatureHighlightRank></FeatureHighlight><FeatureHighlight><FeatureCode>F400040446</FeatureCode><FeatureReferenceName>Avoid the hassle- spot [LED lamps]</FeatureReferenceName><FeatureHighlightRank>2</FeatureHighlightRank></FeatureHighlight><FeatureHighlight><FeatureCode>F400040409</FeatureCode><FeatureReferenceName>High color rendering (CRI &gt; 80) [LED lamps]</FeatureReferenceName><FeatureHighlightRank>3</FeatureHighlightRank></FeatureHighlight><FeatureHighlight><FeatureCode>F400040765</FeatureCode><FeatureReferenceName>Saving up to 90% [LED lamps]</FeatureReferenceName><FeatureHighlightRank>4</FeatureHighlightRank></FeatureHighlight><FeatureHighlight><FeatureCode>F400040468</FeatureCode><FeatureReferenceName>Lifetime 15 [LED lamps]</FeatureReferenceName><FeatureHighlightRank>5</FeatureHighlightRank></FeatureHighlight><FeatureHighlight><FeatureCode>F400052752</FeatureCode><FeatureReferenceName>36º beam - spot [LED lamps]</FeatureReferenceName><FeatureHighlightRank>6</FeatureHighlightRank></FeatureHighlight><FeatureHighlight><FeatureCode>F400052749</FeatureCode><FeatureReferenceName>Smooth surface - spot [LED lamps]</FeatureReferenceName><FeatureHighlightRank>7</FeatureHighlightRank></FeatureHighlight><CSChapter><CSChapterCode>CH4006022</CSChapterCode><CSChapterName>Ampul özellikleri</CSChapterName><CSChapterRank>1</CSChapterRank><CSItem><CSItemCode>IT4029275</CSItemCode><CSItemName>Şekil</CSItemName><CSItemRank>1</CSItemRank><CSItemIsFreeFormat>0</CSItemIsFreeFormat><CSValue><CSValueCode>VA4067772</CSValueCode><CSValueName>Spot</CSValueName><CSValueRank>18</CSValueRank></CSValue></CSItem><CSItem><CSItemCode>IT4029277</CSItemCode><CSItemName>Duy/armatür</CSItemName><CSItemRank>2</CSItemRank><CSItemIsFreeFormat>0</CSItemIsFreeFormat><CSValue><CSValueCode>VA4067784</CSValueCode><CSValueName>GU10</CSValueName><CSValueRank>17</CSValueRank></CSValue></CSItem><CSItem><CSItemCode>IT4029278</CSItemCode><CSItemName>Gerilim</CSItemName><CSItemRank>3</CSItemRank><CSItemIsFreeFormat>1</CSItemIsFreeFormat><CSValue><CSValueCode>VA4067745</CSValueCode><CSValueName>220-240</CSValueName><CSValueRank>1</CSValueRank></CSValue><UnitOfMeasure><UnitOfMeasureCode>3000071</UnitOfMeasureCode><UnitOfMeasureName>volt</UnitOfMeasureName><UnitOfMeasureSymbol>volt</UnitOfMeasureSymbol></UnitOfMeasure></CSItem><CSItem><CSItemCode>IT4029279</CSItemCode><CSItemName>Kısılabilir</CSItemName><CSItemRank>4</CSItemRank><CSItemIsFreeFormat>0</CSItemIsFreeFormat><CSValue><CSValueCode>VA4067747</CSValueCode><CSValueName>Hayır</CSValueName><CSValueRank>6</CSValueRank></CSValue></CSItem></CSChapter><CSChapter><CSChapterCode>CH4005202</CSChapterCode><CSChapterName>Güç tüketimi</CSChapterName><CSChapterRank>2</CSChapterRank><CSItem><CSItemCode>IT4029051</CSItemCode><CSItemName>Watt</CSItemName><CSItemRank>1</CSItemRank><CSItemIsFreeFormat>1</CSItemIsFreeFormat><CSValue><CSValueCode>VA4067442</CSValueCode><CSValueName>3</CSValueName><CSValueRank>1</CSValueRank></CSValue><UnitOfMeasure><UnitOfMeasureCode>3000072</UnitOfMeasureCode><UnitOfMeasureName>watt</UnitOfMeasureName><UnitOfMeasureSymbol>W</UnitOfMeasureSymbol></UnitOfMeasure></CSItem><CSItem><CSItemCode>IT4029052</CSItemCode><CSItemName>Watt eşdeğeri</CSItemName><CSItemRank>2</CSItemRank><CSItemIsFreeFormat>1</CSItemIsFreeFormat><CSValue><CSValueCode>VA4067443</CSValueCode><CSValueName>35</CSValueName><CSValueRank>1</CSValueRank></CSValue><UnitOfMeasure><UnitOfMeasureCode>3000072</UnitOfMeasureCode><UnitOfMeasureName>watt</UnitOfMeasureName><UnitOfMeasureSymbol>W</UnitOfMeasureSymbol></UnitOfMeasure></CSItem><CSItem><CSItemCode>IT4026378</CSItemCode><CSItemName>Enerji verimliliği etiketi</CSItemName><CSItemRank>3</CSItemRank><CSItemIsFreeFormat>0</CSItemIsFreeFormat><CSValue><CSValueCode>VA4067612</CSValueCode><CSValueName>A+</CSValueName><CSValueRank>10</CSValueRank></CSValue></CSItem><CSItem><CSItemCode>IT4029053</CSItemCode><CSItemName>1000 saatte güç tüketimi</CSItemName><CSItemRank>4</CSItemRank><CSItemIsFreeFormat>1</CSItemIsFreeFormat><CSValue><CSValueCode>VA4067444</CSValueCode><CSValueName>4</CSValueName><CSValueRank>1</CSValueRank></CSValue><UnitOfMeasure><UnitOfMeasureCode>4000161</UnitOfMeasureCode><UnitOfMeasureName>kilowatt saat</UnitOfMeasureName><UnitOfMeasureSymbol>kW·s</UnitOfMeasureSymbol></UnitOfMeasure></CSItem></CSChapter><CSChapter><CSChapterCode>CH4005203</CSChapterCode><CSChapterName>Işık özellikleri</CSChapterName><CSChapterRank>3</CSChapterRank><CSItem><CSItemCode>IT4026387</CSItemCode><CSItemName>Işık çıkışı</CSItemName><CSItemRank>1</CSItemRank><CSItemIsFreeFormat>1</CSItemIsFreeFormat><CSValue><CSValueCode>VA4062484</CSValueCode><CSValueName>230</CSValueName><CSValueRank>1</CSValueRank></CSValue><UnitOfMeasure><UnitOfMeasureCode>4000123</UnitOfMeasureCode><UnitOfMeasureName>Lümen</UnitOfMeasureName><UnitOfMeasureSymbol>lümen</UnitOfMeasureSymbol></UnitOfMeasure></CSItem><CSItem><CSItemCode>IT4035884</CSItemCode><CSItemName>Uygulama</CSItemName><CSItemRank>1</CSItemRank><CSItemIsFreeFormat>0</CSItemIsFreeFormat><CSValue><CSValueCode>VA4083396</CSValueCode><CSValueName>Vurgulu ışık</CSValueName><CSValueRank>1</CSValueRank></CSValue></CSItem><CSItem><CSItemCode>IT4029156</CSItemCode><CSItemName>Işın açısı</CSItemName><CSItemRank>2</CSItemRank><CSItemIsFreeFormat>1</CSItemIsFreeFormat><CSValue><CSValueCode>VA4067567</CSValueCode><CSValueName>36</CSValueName><CSValueRank>1</CSValueRank></CSValue><UnitOfMeasure><UnitOfMeasureCode>3000042</UnitOfMeasureCode><UnitOfMeasureName>derece</UnitOfMeasureName><UnitOfMeasureSymbol>derece</UnitOfMeasureSymbol></UnitOfMeasure></CSItem><CSItem><CSItemCode>IT4029158</CSItemCode><CSItemName>Renk</CSItemName><CSItemRank>3</CSItemRank><CSItemIsFreeFormat>0</CSItemIsFreeFormat><CSValue><CSValueCode>VA4067609</CSValueCode><CSValueName>Beyaz</CSValueName><CSValueRank>11</CSValueRank></CSValue></CSItem><CSItem><CSItemCode>IT4029159</CSItemCode><CSItemName>Renk sıcaklığı</CSItemName><CSItemRank>4</CSItemRank><CSItemIsFreeFormat>1</CSItemIsFreeFormat><CSValue><CSValueCode>VA4067572</CSValueCode><CSValueName>3000</CSValueName><CSValueRank>1</CSValueRank></CSValue><UnitOfMeasure><UnitOfMeasureCode>4000041</UnitOfMeasureCode><UnitOfMeasureName>Kelvin</UnitOfMeasureName><UnitOfMeasureSymbol>K</UnitOfMeasureSymbol></UnitOfMeasure></CSItem><CSItem><CSItemCode>IT4026384</CSItemCode><CSItemName>Işık etkisi/kaplama</CSItemName><CSItemRank>5</CSItemRank><CSItemIsFreeFormat>0</CSItemIsFreeFormat><CSValue><CSValueCode>VA4067610</CSValueCode><CSValueName>Beyaz</CSValueName><CSValueRank>12</CSValueRank></CSValue></CSItem><CSItem><CSItemCode>IT4026390</CSItemCode><CSItemName>Başlama süresi</CSItemName><CSItemRank>6</CSItemRank><CSItemIsFreeFormat>0</CSItemIsFreeFormat><CSValue><CSValueCode>VA4082665</CSValueCode><CSValueName>&lt;0,5</CSValueName><CSValueRank>16</CSValueRank></CSValue><UnitOfMeasure><UnitOfMeasureCode>3000069</UnitOfMeasureCode><UnitOfMeasureName>saniye</UnitOfMeasureName><UnitOfMeasureSymbol>sn</UnitOfMeasureSymbol></UnitOfMeasure></CSItem><CSItem><CSItemCode>IT4029160</CSItemCode><CSItemName>Isınma süresi - %60 ışık</CSItemName><CSItemRank>7</CSItemRank><CSItemIsFreeFormat>0</CSItemIsFreeFormat><CSValue><CSValueCode>VA4067639</CSValueCode><CSValueName>Anında tam ışık</CSValueName><CSValueRank>14</CSValueRank></CSValue></CSItem><CSItem><CSItemCode>IT4031131</CSItemCode><CSItemName>Renk tutarlılığı</CSItemName><CSItemRank>8</CSItemRank><CSItemIsFreeFormat>0</CSItemIsFreeFormat><CSValue><CSValueCode>VA4071143</CSValueCode><CSValueName>6 SDCM</CSValueName><CSValueRank>5</CSValueRank></CSValue></CSItem><CSItem><CSItemCode>IT4029157</CSItemCode><CSItemName>Nominal merkez ışın demeti yoğunluğu</CSItemName><CSItemRank>9</CSItemRank><CSItemIsFreeFormat>1</CSItemIsFreeFormat><CSValue><CSValueCode>VA4067568</CSValueCode><CSValueName>560</CSValueName><CSValueRank>1</CSValueRank></CSValue><UnitOfMeasure><UnitOfMeasureCode>4001161</UnitOfMeasureCode><UnitOfMeasureName>candela</UnitOfMeasureName><UnitOfMeasureSymbol>cd</UnitOfMeasureSymbol></UnitOfMeasure></CSItem><CSItem><CSItemCode>IT4029170</CSItemCode><CSItemName>Renksel geriverim indeksi (CRI)</CSItemName><CSItemRank>10</CSItemRank><CSItemIsFreeFormat>1</CSItemIsFreeFormat><CSValue><CSValueCode>VA4067596</CSValueCode><CSValueName>80</CSValueName><CSValueRank>1</CSValueRank></CSValue></CSItem></CSChapter><CSChapter><CSChapterCode>CH4005204</CSChapterCode><CSChapterName>Dayanıklılık</CSChapterName><CSChapterRank>4</CSChapterRank><CSItem><CSItemCode>IT4029171</CSItemCode><CSItemName>Açma / kapama (anahtarlama) sayısı</CSItemName><CSItemRank>1</CSItemRank><CSItemIsFreeFormat>1</CSItemIsFreeFormat><CSValue><CSValueCode>VA4067598</CSValueCode><CSValueName>50000</CSValueName><CSValueRank>1</CSValueRank></CSValue></CSItem><CSItem><CSItemCode>IT4029193</CSItemCode><CSItemName>Lümen bakım faktörü</CSItemName><CSItemRank>2</CSItemRank><CSItemIsFreeFormat>0</CSItemIsFreeFormat><CSValue><CSValueCode>VA4067614</CSValueCode><CSValueName>0,7</CSValueName><CSValueRank>2</CSValueRank></CSValue></CSItem><CSItem><CSItemCode>IT4031132</CSItemCode><CSItemName>Ortalama ömür (3 sa/günde)</CSItemName><CSItemRank>3</CSItemRank><CSItemIsFreeFormat>0</CSItemIsFreeFormat><CSValue><CSValueCode>VA4071141</CSValueCode><CSValueName>15</CSValueName><CSValueRank>4</CSValueRank></CSValue><UnitOfMeasure><UnitOfMeasureCode>4000081</UnitOfMeasureCode><UnitOfMeasureName>Yıl</UnitOfMeasureName><UnitOfMeasureSymbol>yıl</UnitOfMeasureSymbol></UnitOfMeasure></CSItem></CSChapter><CSChapter><CSChapterCode>CH4006021</CSChapterCode><CSChapterName>Ampul boyutları</CSChapterName><CSChapterRank>5</CSChapterRank><CSItem><CSItemCode>IT4029271</CSItemCode><CSItemName>Yükseklik</CSItemName><CSItemRank>1</CSItemRank><CSItemIsFreeFormat>1</CSItemIsFreeFormat><CSValue><CSValueCode>VA4067741</CSValueCode><CSValueName>54,3</CSValueName><CSValueRank>1</CSValueRank></CSValue><UnitOfMeasure><UnitOfMeasureCode>3000058</UnitOfMeasureCode><UnitOfMeasureName>milimetre</UnitOfMeasureName><UnitOfMeasureSymbol>mm</UnitOfMeasureSymbol></UnitOfMeasure></CSItem><CSItem><CSItemCode>IT4029272</CSItemCode><CSItemName>Genişlik</CSItemName><CSItemRank>2</CSItemRank><CSItemIsFreeFormat>1</CSItemIsFreeFormat><CSValue><CSValueCode>VA4067742</CSValueCode><CSValueName>50</CSValueName><CSValueRank>1</CSValueRank></CSValue><UnitOfMeasure><UnitOfMeasureCode>3000058</UnitOfMeasureCode><UnitOfMeasureName>milimetre</UnitOfMeasureName><UnitOfMeasureSymbol>mm</UnitOfMeasureSymbol></UnitOfMeasure></CSItem></CSChapter><CSChapter><CSChapterCode>CH4005206</CSChapterCode><CSChapterName>Diğer özellikler</CSChapterName><CSChapterRank>6</CSChapterRank><CSItem><CSItemCode>IT4026404</CSItemCode><CSItemName>Cıva içeriği</CSItemName><CSItemRank>1</CSItemRank><CSItemIsFreeFormat>1</CSItemIsFreeFormat><CSValue><CSValueCode>VA4062631</CSValueCode><CSValueName>0</CSValueName><CSValueRank>1</CSValueRank></CSValue><UnitOfMeasure><UnitOfMeasureCode>4000142</UnitOfMeasureCode><UnitOfMeasureName>mg</UnitOfMeasureName><UnitOfMeasureSymbol>mg</UnitOfMeasureSymbol></UnitOfMeasure></CSItem><CSItem><CSItemCode>IT4026405</CSItemCode><CSItemName>Güç faktörü</CSItemName><CSItemRank>2</CSItemRank><CSItemIsFreeFormat>1</CSItemIsFreeFormat><CSValue><CSValueCode>VA4062632</CSValueCode><CSValueName>0,6</CSValueName><CSValueRank>1</CSValueRank></CSValue></CSItem><CSItem><CSItemCode>IT4026406</CSItemCode><CSItemName>Lamba akımı</CSItemName><CSItemRank>3</CSItemRank><CSItemIsFreeFormat>1</CSItemIsFreeFormat><CSValue><CSValueCode>VA4062633</CSValueCode><CSValueName>39</CSValueName><CSValueRank>1</CSValueRank></CSValue><UnitOfMeasure><UnitOfMeasureCode>4000141</UnitOfMeasureCode><UnitOfMeasureName>mA</UnitOfMeasureName><UnitOfMeasureSymbol>mA</UnitOfMeasureSymbol></UnitOfMeasure></CSItem><CSItem><CSItemCode>IT4034311</CSItemCode><CSItemName>Uygulama alanı</CSItemName><CSItemRank>4</CSItemRank><CSItemIsFreeFormat>0</CSItemIsFreeFormat><CSValue><CSValueCode>VA4079601</CSValueCode><CSValueName>iç mekan</CSValueName><CSValueRank>8</CSValueRank></CSValue></CSItem></CSChapter><CSChapter><CSChapterCode>CH4005207</CSChapterCode><CSChapterName>Nominal değerler</CSChapterName><CSChapterRank>7</CSChapterRank><CSItem><CSItemCode>IT4026407</CSItemCode><CSItemName>Nominal güç</CSItemName><CSItemRank>1</CSItemRank><CSItemIsFreeFormat>1</CSItemIsFreeFormat><CSValue><CSValueCode>VA4062634</CSValueCode><CSValueName>3,0</CSValueName><CSValueRank>1</CSValueRank></CSValue><UnitOfMeasure><UnitOfMeasureCode>3000072</UnitOfMeasureCode><UnitOfMeasureName>watt</UnitOfMeasureName><UnitOfMeasureSymbol>W</UnitOfMeasureSymbol></UnitOfMeasure></CSItem><CSItem><CSItemCode>IT4026408</CSItemCode><CSItemName>Nominal ışık akısı</CSItemName><CSItemRank>2</CSItemRank><CSItemIsFreeFormat>1</CSItemIsFreeFormat><CSValue><CSValueCode>VA4062635</CSValueCode><CSValueName>230</CSValueName><CSValueRank>1</CSValueRank></CSValue><UnitOfMeasure><UnitOfMeasureCode>4000123</UnitOfMeasureCode><UnitOfMeasureName>Lümen</UnitOfMeasureName><UnitOfMeasureSymbol>lümen</UnitOfMeasureSymbol></UnitOfMeasure></CSItem><CSItem><CSItemCode>IT4029167</CSItemCode><CSItemName>Nominal kullanım ömrü</CSItemName><CSItemRank>3</CSItemRank><CSItemIsFreeFormat>1</CSItemIsFreeFormat><CSValue><CSValueCode>VA4067593</CSValueCode><CSValueName>15000</CSValueName><CSValueRank>1</CSValueRank></CSValue><UnitOfMeasure><UnitOfMeasureCode>4000007</UnitOfMeasureCode><UnitOfMeasureName>-Saat</UnitOfMeasureName><UnitOfMeasureSymbol>saat</UnitOfMeasureSymbol></UnitOfMeasure></CSItem><CSItem><CSItemCode>IT4029168</CSItemCode><CSItemName>Nominal ışın açısı</CSItemName><CSItemRank>4</CSItemRank><CSItemIsFreeFormat>1</CSItemIsFreeFormat><CSValue><CSValueCode>VA4067594</CSValueCode><CSValueName>36</CSValueName><CSValueRank>1</CSValueRank></CSValue><UnitOfMeasure><UnitOfMeasureCode>3000042</UnitOfMeasureCode><UnitOfMeasureName>derece</UnitOfMeasureName><UnitOfMeasureSymbol>derece</UnitOfMeasureSymbol></UnitOfMeasure></CSItem></CSChapter><Filters><Purpose type="Comparison"><Features><Feature code="F400040745" rank="1" referenceName="3000K [LED lamps]"/><Feature code="F400040446" rank="2" referenceName="Avoid the hassle- spot [LED lamps]"/><Feature code="F400040409" rank="3" referenceName="High color rendering (CRI &gt; 80) [LED lamps]"/><Feature code="F400040765" rank="4" referenceName="Saving up to 90% [LED lamps]"/><Feature code="F400040468" rank="5" referenceName="Lifetime 15 [LED lamps]"/><Feature code="F400052752" rank="6" referenceName="36º beam - spot [LED lamps]"/><Feature code="F400052749" rank="7" referenceName="Smooth surface - spot [LED lamps]"/></Features><CSItems><CSItem code="IT4029275" rank="1" referenceName="Ampul özellikleri - Şekil"/><CSItem code="IT4029051" rank="1" referenceName="Güç tüketimi - Watt"/><CSItem code="IT4026387" rank="1" referenceName="Işık özellikleri - Işık çıkışı"/><CSItem code="IT4035884" rank="1" referenceName="Işık özellikleri - Uygulama"/><CSItem code="IT4029171" rank="1" referenceName="Dayanıklılık - Açma / kapama (anahtarlama) sayısı"/><CSItem code="IT4029271" rank="1" referenceName="Ampul boyutları - Yükseklik"/><CSItem code="IT4026404" rank="1" referenceName="Diğer özellikler - Cıva içeriği"/><CSItem code="IT4026407" rank="1" referenceName="Nominal değerler - Nominal güç"/><CSItem code="IT4029277" rank="2" referenceName="Ampul özellikleri - Duy/armatür"/><CSItem code="IT4029052" rank="2" referenceName="Güç tüketimi - Watt eşdeğeri"/><CSItem code="IT4029156" rank="2" referenceName="Işık özellikleri - Işın açısı"/><CSItem code="IT4029193" rank="2" referenceName="Dayanıklılık - Lümen bakım faktörü"/><CSItem code="IT4029272" rank="2" referenceName="Ampul boyutları - Genişlik"/><CSItem code="IT4026405" rank="2" referenceName="Diğer özellikler - Güç faktörü"/><CSItem code="IT4026408" rank="2" referenceName="Nominal değerler - Nominal ışık akısı"/><CSItem code="IT4029278" rank="3" referenceName="Ampul özellikleri - Gerilim"/><CSItem code="IT4026378" rank="3" referenceName="Güç tüketimi - Enerji verimliliği etiketi"/><CSItem code="IT4029158" rank="3" referenceName="Işık özellikleri - Renk"/><CSItem code="IT4031132" rank="3" referenceName="Dayanıklılık - Ortalama ömür (3 sa/günde)"/><CSItem code="IT4026406" rank="3" referenceName="Diğer özellikler - Lamba akımı"/><CSItem code="IT4029167" rank="3" referenceName="Nominal değerler - Nominal kullanım ömrü"/><CSItem code="IT4029279" rank="4" referenceName="Ampul özellikleri - Kısılabilir"/><CSItem code="IT4029053" rank="4" referenceName="Güç tüketimi - 1000 saatte güç tüketimi"/><CSItem code="IT4029159" rank="4" referenceName="Işık özellikleri - Renk sıcaklığı"/><CSItem code="IT4034311" rank="4" referenceName="Diğer özellikler - Uygulama alanı"/><CSItem code="IT4029168" rank="4" referenceName="Nominal değerler - Nominal ışın açısı"/><CSItem code="IT4026384" rank="5" referenceName="Işık özellikleri - Işık etkisi/kaplama"/><CSItem code="IT4026390" rank="6" referenceName="Işık özellikleri - Başlama süresi"/><CSItem code="IT4029160" rank="7" referenceName="Işık özellikleri - Isınma süresi - %60 ışık"/><CSItem code="IT4031131" rank="8" referenceName="Işık özellikleri - Renk tutarlılığı"/><CSItem code="IT4029157" rank="9" referenceName="Işık özellikleri - Nominal merkez ışın demeti yoğunluğu"/><CSItem code="IT4029170" rank="10" referenceName="Işık özellikleri - Renksel geriverim indeksi (CRI)"/></CSItems></Purpose><Purpose type="Detail"><Features><Feature code="F400040745" rank="1" referenceName="3000K [LED lamps]"/><Feature code="F400040446" rank="2" referenceName="Avoid the hassle- spot [LED lamps]"/><Feature code="F400040409" rank="3" referenceName="High color rendering (CRI &gt; 80) [LED lamps]"/><Feature code="F400040765" rank="4" referenceName="Saving up to 90% [LED lamps]"/><Feature code="F400040468" rank="5" referenceName="Lifetime 15 [LED lamps]"/><Feature code="F400052752" rank="6" referenceName="36º beam - spot [LED lamps]"/><Feature code="F400052749" rank="7" referenceName="Smooth surface - spot [LED lamps]"/></Features><CSItems><CSItem code="IT4029275" rank="1" referenceName="Ampul özellikleri - Şekil"/><CSItem code="IT4029051" rank="1" referenceName="Güç tüketimi - Watt"/><CSItem code="IT4026387" rank="1" referenceName="Işık özellikleri - Işık çıkışı"/><CSItem code="IT4035884" rank="1" referenceName="Işık özellikleri - Uygulama"/><CSItem code="IT4029171" rank="1" referenceName="Dayanıklılık - Açma / kapama (anahtarlama) sayısı"/><CSItem code="IT4029271" rank="1" referenceName="Ampul boyutları - Yükseklik"/><CSItem code="IT4026404" rank="1" referenceName="Diğer özellikler - Cıva içeriği"/><CSItem code="IT4026407" rank="1" referenceName="Nominal değerler - Nominal güç"/><CSItem code="IT4029277" rank="2" referenceName="Ampul özellikleri - Duy/armatür"/><CSItem code="IT4029052" rank="2" referenceName="Güç tüketimi - Watt eşdeğeri"/><CSItem code="IT4029156" rank="2" referenceName="Işık özellikleri - Işın açısı"/><CSItem code="IT4029193" rank="2" referenceName="Dayanıklılık - Lümen bakım faktörü"/><CSItem code="IT4029272" rank="2" referenceName="Ampul boyutları - Genişlik"/><CSItem code="IT4026405" rank="2" referenceName="Diğer özellikler - Güç faktörü"/><CSItem code="IT4026408" rank="2" referenceName="Nominal değerler - Nominal ışık akısı"/><CSItem code="IT4029278" rank="3" referenceName="Ampul özellikleri - Gerilim"/><CSItem code="IT4026378" rank="3" referenceName="Güç tüketimi - Enerji verimliliği etiketi"/><CSItem code="IT4029158" rank="3" referenceName="Işık özellikleri - Renk"/><CSItem code="IT4031132" rank="3" referenceName="Dayanıklılık - Ortalama ömür (3 sa/günde)"/><CSItem code="IT4026406" rank="3" referenceName="Diğer özellikler - Lamba akımı"/><CSItem code="IT4029167" rank="3" referenceName="Nominal değerler - Nominal kullanım ömrü"/><CSItem code="IT4029279" rank="4" referenceName="Ampul özellikleri - Kısılabilir"/><CSItem code="IT4029053" rank="4" referenceName="Güç tüketimi - 1000 saatte güç tüketimi"/><CSItem code="IT4029159" rank="4" referenceName="Işık özellikleri - Renk sıcaklığı"/><CSItem code="IT4034311" rank="4" referenceName="Diğer özellikler - Uygulama alanı"/><CSItem code="IT4029168" rank="4" referenceName="Nominal değerler - Nominal ışın açısı"/><CSItem code="IT4026384" rank="5" referenceName="Işık özellikleri - Işık etkisi/kaplama"/><CSItem code="IT4026390" rank="6" referenceName="Işık özellikleri - Başlama süresi"/><CSItem code="IT4029160" rank="7" referenceName="Işık özellikleri - Isınma süresi - %60 ışık"/><CSItem code="IT4031131" rank="8" referenceName="Işık özellikleri - Renk tutarlılığı"/><CSItem code="IT4029157" rank="9" referenceName="Işık özellikleri - Nominal merkez ışın demeti yoğunluğu"/><CSItem code="IT4029170" rank="10" referenceName="Işık özellikleri - Renksel geriverim indeksi (CRI)"/></CSItems></Purpose></Filters><FeatureCompareGroups/><Disclaimers><Disclaimer code="DIS40004721" rank="1" referenceName="Lifetime [LED lamps]"><DisclaimerText>*Günde 3 saatlik ortalama kullanım baz alınmıştır</DisclaimerText><DisclaimElements/></Disclaimer><Disclaimer code="DIS40004704" rank="2" referenceName="Transformers [LED lamps]"><DisclaimerText>**Bu lamba Philips CERTALINE 60 transformatör gibi yüksek kaliteli bir transformatör ile birlikte kullanıldığında EMC gereksinimlerini karşılar. Lambayı çalıştırmak için kullanılan transformatöre bağlı olarak performans değişebilir.</DisclaimerText><DisclaimElements/></Disclaimer></Disclaimers><RichTexts/></Product></Products>