<?xml version="1.0" encoding="UTF-8"?><Products xmlns:source="http://apache.org/cocoon/source/1.0" DocStatus="approved" DocTimeStamp="2018-10-19T09:17:42"><Product Country="RU" IsAccessory="false" IsMaster="false" Locale="ru_RU" lastModified="2018-10-17T04:37:35" masterLastModified="2018-07-21T00:26:25"><CTN>HR1328/90</CTN><GTIN/><MarketingVersion>1.2.1</MarketingVersion><MarketingStatus>Final Published</MarketingStatus><CRDate>2015-04-03</CRDate><CRDateYW>201514</CRDateYW><ModelYears><ModelYear>2015</ModelYear></ModelYears><ProductDivision><ProductDivisionCode>0200</ProductDivisionCode><ProductDivisionName>Consumer Lifestyle</ProductDivisionName><FormerPDCode>0300</FormerPDCode></ProductDivision><ProductOwner>Borislav Stoyanov</ProductOwner><DTN>HR1328/90</DTN><Catalog><StartOfPublication>2015-05-01T00:00:00</StartOfPublication><EndOfPublication>2019-09-28T00:00:00</EndOfPublication><StartOfSales>2015-05-01T00:00:00</StartOfSales><EndOfSales>2019-09-28T00:00:00</EndOfSales><DummyPrice/><Deleted>false</Deleted><DeleteAfterDate/><ProductRank>50</ProductRank></Catalog><FinancialCategorization><BusinessGroupCode>9042</BusinessGroupCode><BusinessGroupName>Domestic Appliances</BusinessGroupName><BusinessUnitCode>0341</BusinessUnitCode><BusinessUnitName>Philips brand Kitchen Appliances</BusinessUnitName><MainArticleGroupCode>E13</MainArticleGroupCode><MainArticleGroupName>Food Preparation</MainArticleGroupName><ArticleGroupCode>3216</ArticleGroupCode><ArticleGroupName>Handblender</ArticleGroupName></FinancialCategorization><Categorization type="CONSUMER"><GroupCode>HOUSEHOLD_PRODUCTS_GR</GroupCode><GroupName>Household products</GroupName><CategoryCode>FOOD_PREPARATION_CA2</CategoryCode><CategoryName>Food Preparation</CategoryName><SubcategoryCode>HAND_BLENDERS_SU3</SubcategoryCode><SubcategoryName>Hand Blender</SubcategoryName></Categorization><Assets><Asset code="HR1328_90" description="User manual" extension="pdf" lastModified="2015-02-10" locale="ru_RU" number="001" type="DFU">http://download.p4c.philips.com/files/h/hr1328_90/hr1328_90_dfu_rus.pdf</Asset><Asset code="HR1328_90" description="Leaflet" extension="pdf" lastModified="2018-07-23" locale="ru_RU" number="001" type="PSS">http://download.p4c.philips.com/files/h/hr1328_90/hr1328_90_pss_rusru.pdf</Asset><Asset code="HR1328_90" description="Retail Trade Leaflet" extension="pdf" lastModified="2018-10-15" locale="ru_RU" number="001" type="RTL">http://download.p4c.philips.com/files/h/hr1328_90/hr1328_90_rtl_rusru.pdf</Asset><Asset code="HR1328_90" description="Alternative product photograph 1 - highres 2196x1795" extension="tif" lastModified="2015-06-24" locale="global" number="001" type="A1P">http://images.philips.com/is/image/PhilipsConsumer/HR1328_90-A1P-global-001</Asset><Asset code="HR1328_90" description="Alternative product photograph 2 - highres 2196x1795" extension="tif" lastModified="2015-06-24" locale="global" number="001" type="A2P">http://images.philips.com/is/image/PhilipsConsumer/HR1328_90-A2P-global-001</Asset><Asset code="HR1328_90" description="Product detail 1 - highres 2196x1795" extension="tif" lastModified="2015-06-24" locale="global" number="001" type="D1P">http://images.philips.com/is/image/PhilipsConsumer/HR1328_90-D1P-global-001</Asset><Asset code="HR1328_90" description="Leaflet" extension="pdf" lastModified="2018-07-23" locale="global" number="001" type="PSS">http://download.p4c.philips.com/files/h/hr1328_90/hr1328_90_pss_.pdf</Asset><Asset code="HR1328_90" description="Standard product photograph - highres 2196x1795" extension="tif" lastModified="2015-09-02" locale="global" number="001" type="RTP">http://images.philips.com/is/image/PhilipsConsumer/HR1328_90-RTP-global-001</Asset><Asset code="HR1328_90" description="Single product shot" extension="" lastModified="2018-10-17" locale="ru_RU" number="" type="IMS">http://images.philips.com/is/image/PhilipsConsumer/HR1328_90-IMS-ru_RU</Asset><Asset code="HR1328_90" description="Product gallery image set" extension="" lastModified="2018-10-17" locale="ru_RU" number="" type="GAL">http://images.philips.com/is/image/PhilipsConsumer/HR1328_90-GAL-ru_RU</Asset><Asset code="HR1328_90" description="Product URL" extension="" lastModified="2018-10-17" locale="ru_RU" number="" type="URL">http://www.philips.ru/c-p/HR1328_90/daily-collection-hand-blender-with-promix-blending-technology</Asset><Asset code="F400028069_HR1328_90" description="Feature photograph - highres 2100x1170" extension="tif" lastModified="2015-12-04" locale="global" number="001" type="FIL">http://images.philips.com/is/image/PhilipsConsumer/F400028069_HR1328_90-FIL-global-001</Asset><Asset code="F400033522_HR1328_90" description="Feature photograph - highres 2100x1170" extension="tif" lastModified="2015-03-19" locale="global" number="001" type="FIL">http://images.philips.com/is/image/PhilipsConsumer/F400033522_HR1328_90-FIL-global-001</Asset><Asset code="F400042869_HR1328_90" description="Feature photograph - highres 2100x1170" extension="tif" lastModified="2012-12-05" locale="global" number="001" type="FIL">http://images.philips.com/is/image/PhilipsConsumer/F400042869_HR1328_90-FIL-global-001</Asset><Asset code="F400046714_HR1328_90" description="Feature photograph - highres 2100x1170" extension="tif" lastModified="2015-06-24" locale="global" number="001" type="FIL">http://images.philips.com/is/image/PhilipsConsumer/F400046714_HR1328_90-FIL-global-001</Asset><Asset code="F400051705_HR1328_90" description="Feature photograph - highres 2100x1170" extension="tif" lastModified="2015-06-24" locale="global" number="001" type="FIL">http://images.philips.com/is/image/PhilipsConsumer/F400051705_HR1328_90-FIL-global-001</Asset><Asset code="GA_GREEN" description="needs to be blocked as code in CCR Global award logo - master" extension="eps" lastModified="2010-09-22" locale="global" number="001" type="GAL">GA_GREEN-GAL-global-001.eps</Asset><Asset code="GA_GREEN" description="Global award logo - highres 590x590" extension="tif" lastModified="2010-09-22" locale="global" number="001" type="GAP">http://images.philips.com/is/image/PhilipsConsumer/GA_GREEN-GAP-global-001</Asset><Asset code="PHI" description="Brand logo - highres 1476x886" extension="tif" lastModified="2016-02-18" locale="global" number="001" type="BRP">http://images.philips.com/is/image/PhilipsConsumer/PHI-BRP-global-001</Asset></Assets><ProductName>Ручной блендер 550 Вт с технологией смешивания ProMix</ProductName><FullProductName>Philips Daily Collection Ручной блендер HR1328/90 550 Вт, ProMix, металлическая погружная насадка, насадка-миксер и измельчитель, 1 скорость с технологией смешивания ProMix</FullProductName><NamingString><MasterBrand><BrandCode>PHI</BrandCode><BrandName>Philips</BrandName></MasterBrand><BrandString>Philips</BrandString><Family><FamilyCode>SB40001146</FamilyCode><FamilyName>Daily Collection</FamilyName><FamilyNameUsed>1</FamilyNameUsed></Family><Descriptor><DescriptorCode>NSD_000015</DescriptorCode><DescriptorName>Ручной блендер</DescriptorName></Descriptor><Alphanumeric>HR1328/90</Alphanumeric><VersionElement1><VersionElementCode>V4004986</VersionElementCode><VersionElementName>550 Вт</VersionElementName></VersionElement1><VersionElement2><VersionElementCode>V4031666</VersionElementCode><VersionElementName>Металлическая нога ProMix</VersionElementName></VersionElement2><VersionElement3><VersionElementCode>V4039039</VersionElementCode><VersionElementName>Насадка-миксер и измельчитель</VersionElementName></VersionElement3><VersionElement4><VersionElementCode>V4033151</VersionElementCode><VersionElementName>1 скорость</VersionElementName></VersionElement4><VersionString>550 Вт, ProMix, металлическая погружная насадка, насадка-миксер и измельчитель, 1 скорость</VersionString><BrandedFeatureCode1>F400046714</BrandedFeatureCode1><BrandedFeatureString>с технологией смешивания ProMix</BrandedFeatureString><DescriptorBrandedFeatureString>Ручной блендер с технологией смешивания ProMix</DescriptorBrandedFeatureString></NamingString><WOW>Ручной блендер "2 в 1" с функцией миксера</WOW><SubWOW>ProMix, 550 Вт, с насадкой-миксером</SubWOW><MarketingTextHeader>Этот ручной блендер Philips обеспечивает мощность 550 Вт и оснащен технологией смешивания ProMix, что позволяет добиться идеальной консистенции блюд. С помощью насадки-миксера можно не только легко готовить тесто для кексов, но и взбивать яичные белки и сливки.</MarketingTextHeader><KeyBenefitArea><KeyBenefitAreaCode>KBA_0000104</KeyBenefitAreaCode><KeyBenefitAreaName>Однородная масса за секунды</KeyBenefitAreaName><KeyBenefitAreaRank>1</KeyBenefitAreaRank><Feature><FeatureCode>F400046714_HR1328_90</FeatureCode><FeatureReferenceName>ProMix blending technology</FeatureReferenceName><FeatureName>Технология смешивания ProMix</FeatureName><FeatureLongDescription>Эффективное и однородное смешивание</FeatureLongDescription><FeatureGlossary>Уникальная технология Philips ProMix разработана в сотрудничестве со специалистами престижного Штутгартского университета и представляет собой насадку треугольной формы, которая гарантирует плавное, быстрое и эффективное смешивание для достижения однородной консистенции.</FeatureGlossary><FeatureRank>5</FeatureRank><FeatureTopRank>1</FeatureTopRank></Feature><Feature><FeatureCode>F400051705_HR1328_90</FeatureCode><FeatureReferenceName>Powerful 550 Watt motor (handblender</FeatureReferenceName><FeatureName>Мощный мотор 550 Вт</FeatureName><FeatureLongDescription>Мотор мощностью 550 Вт для обработки разнообразных ингредиентов</FeatureLongDescription><FeatureGlossary>Мотор мощностью 550 Вт для обработки разнообразных ингредиентов.</FeatureGlossary><FeatureRank>6</FeatureRank><FeatureTopRank>5</FeatureTopRank></Feature></KeyBenefitArea><KeyBenefitArea><KeyBenefitAreaCode>KBA_0000106</KeyBenefitAreaCode><KeyBenefitAreaName>Смешивает не разбрызгивая</KeyBenefitAreaName><KeyBenefitAreaRank>2</KeyBenefitAreaRank><Feature><FeatureCode>F400028069_HR1328_90</FeatureCode><FeatureReferenceName>Anti-splash blade guard (HB)</FeatureReferenceName><FeatureName>Насадка предотвращает разбрызгивание</FeatureName><FeatureLongDescription>Особая волнообразная форма насадки предотвращает разбрызгивание</FeatureLongDescription><FeatureGlossary>Особая волнообразная форма нижней части погружной насадки блендера защищает от разбрызгивания во время приготовления блюд, оставляя рабочую поверхность чистой.</FeatureGlossary><FeatureRank>2</FeatureRank><FeatureTopRank>2</FeatureTopRank></Feature></KeyBenefitArea><KeyBenefitArea><KeyBenefitAreaCode>K300000216</KeyBenefitAreaCode><KeyBenefitAreaName>Легко использовать</KeyBenefitAreaName><KeyBenefitAreaRank>3</KeyBenefitAreaRank><Feature><FeatureCode>F400042869_HR1328_90</FeatureCode><FeatureReferenceName>2-button release system for easy cleaning</FeatureReferenceName><FeatureName>Отсоединение насадок нажатием 2 кнопок</FeatureName><FeatureLongDescription>Быстрое отсоединение ноги блендера путем нажатия двух кнопок</FeatureLongDescription><FeatureGlossary>Погружная насадка ручного блендера Philips легко снимается нажатием двух кнопок для удобной очистки.</FeatureGlossary><FeatureRank>1</FeatureRank><FeatureTopRank>4</FeatureTopRank></Feature></KeyBenefitArea><KeyBenefitArea><KeyBenefitAreaCode>K4021596</KeyBenefitAreaCode><KeyBenefitAreaName>Готовьте разнообразные блюда</KeyBenefitAreaName><KeyBenefitAreaRank>4</KeyBenefitAreaRank><Feature><FeatureCode>F400065866_HR1328_90</FeatureCode><FeatureReferenceName>Mixer accessory with 2 beaters</FeatureReferenceName><FeatureName>Насадка-миксер с двумя венчиками</FeatureName><FeatureLongDescription>Насадка-миксер с двумя венчиками для ручного блендера Philips</FeatureLongDescription><FeatureGlossary>Насадка-миксер с двумя венчиками для ручного блендера Philips оснащена двумя насадками для взбивания. С ее помощью можно приготовить даже тесто для тортов. Насадка-миксер подходит для смешивания и взбивания большого количества ингредиентов, справляется с задачей быстрее и эффективнее по сравнению с обычным венчиком или взбиванием вручную. Готовьте тесто для кексов, тортов и бисквита, взбивайте сливки, яйца и многое другое.</FeatureGlossary><FeatureRank>4</FeatureRank><FeatureTopRank>3</FeatureTopRank></Feature><Feature><FeatureCode>F400033522_HR1328_90</FeatureCode><FeatureReferenceName>Compact Chopper Accessory</FeatureReferenceName><FeatureName>Компактный измельчитель</FeatureName><FeatureLongDescription>Измельчитель для обработки трав, орехов, сыра, шоколада и лука</FeatureLongDescription><FeatureGlossary>Используйте ручной блендер Philips с компактным измельчителем, чтобы мелко нарезать травы, орехи, сыр, шоколад и лук.</FeatureGlossary><FeatureRank>3</FeatureRank><FeatureTopRank>6</FeatureTopRank></Feature></KeyBenefitArea><FeatureImage><FeatureCode>F400046714_HR1328_90</FeatureCode><FeatureReferenceName>ProMix blending technology</FeatureReferenceName><FeatureImageRank>1</FeatureImageRank></FeatureImage><FeatureImage><FeatureCode>F400028069_HR1328_90</FeatureCode><FeatureReferenceName>Anti-splash blade guard (HB)</FeatureReferenceName><FeatureImageRank>2</FeatureImageRank></FeatureImage><FeatureImage><FeatureCode>F400065866_HR1328_90</FeatureCode><FeatureReferenceName>Mixer accessory with 2 beaters</FeatureReferenceName><FeatureImageRank>3</FeatureImageRank></FeatureImage><FeatureImage><FeatureCode>F400042869_HR1328_90</FeatureCode><FeatureReferenceName>2-button release system for easy cleaning</FeatureReferenceName><FeatureImageRank>4</FeatureImageRank></FeatureImage><FeatureImage><FeatureCode>F400051705_HR1328_90</FeatureCode><FeatureReferenceName>Powerful 550 Watt motor (handblender</FeatureReferenceName><FeatureImageRank>5</FeatureImageRank></FeatureImage><FeatureImage><FeatureCode>F400033522_HR1328_90</FeatureCode><FeatureReferenceName>Compact Chopper Accessory</FeatureReferenceName><FeatureImageRank>6</FeatureImageRank></FeatureImage><FeatureHighlight><FeatureCode>F400046714_HR1328_90</FeatureCode><FeatureReferenceName>ProMix blending technology</FeatureReferenceName><FeatureHighlightRank>1</FeatureHighlightRank></FeatureHighlight><FeatureHighlight><FeatureCode>F400028069_HR1328_90</FeatureCode><FeatureReferenceName>Anti-splash blade guard (HB)</FeatureReferenceName><FeatureHighlightRank>2</FeatureHighlightRank></FeatureHighlight><FeatureHighlight><FeatureCode>F400065866_HR1328_90</FeatureCode><FeatureReferenceName>Mixer accessory with 2 beaters</FeatureReferenceName><FeatureHighlightRank>3</FeatureHighlightRank></FeatureHighlight><FeatureHighlight><FeatureCode>F400042869_HR1328_90</FeatureCode><FeatureReferenceName>2-button release system for easy cleaning</FeatureReferenceName><FeatureHighlightRank>4</FeatureHighlightRank></FeatureHighlight><FeatureHighlight><FeatureCode>F400051705_HR1328_90</FeatureCode><FeatureReferenceName>Powerful 550 Watt motor (handblender</FeatureReferenceName><FeatureHighlightRank>5</FeatureHighlightRank></FeatureHighlight><FeatureHighlight><FeatureCode>F400033522_HR1328_90</FeatureCode><FeatureReferenceName>Compact Chopper Accessory</FeatureReferenceName><FeatureHighlightRank>6</FeatureHighlightRank></FeatureHighlight><CSChapter><CSChapterCode>3000815</CSChapterCode><CSChapterName>Аксессуары</CSChapterName><CSChapterRank>1</CSChapterRank><CSItem><CSItemCode>S_0000017</CSItemCode><CSItemName>Измельчитель</CSItemName><CSItemRank>4</CSItemRank><CSItemIsFreeFormat>0</CSItemIsFreeFormat><CSValue><CSValueCode>VA4024125</CSValueCode><CSValueName>Компактный измельчитель</CSValueName><CSValueRank>5</CSValueRank></CSValue></CSItem><CSItem><CSItemCode>IT4007529</CSItemCode><CSItemName>Миксер</CSItemName><CSItemRank>15</CSItemRank><CSItemIsFreeFormat>0</CSItemIsFreeFormat><CSValue><CSValueCode>VA4019170</CSValueCode><CSValueName>Да</CSValueName><CSValueRank>2</CSValueRank></CSValue></CSItem></CSChapter><CSChapter><CSChapterCode>CHA_0000017</CSChapterCode><CSChapterName>Характеристики дизайна</CSChapterName><CSChapterRank>2</CSChapterRank><CSItem><CSItemCode>IT4020211</CSItemCode><CSItemName>Материал насадки</CSItemName><CSItemRank>3</CSItemRank><CSItemIsFreeFormat>0</CSItemIsFreeFormat><CSValue><CSValueCode>VA4048304</CSValueCode><CSValueName>Металл</CSValueName><CSValueRank>10</CSValueRank></CSValue></CSItem><CSItem><CSItemCode>IT4008101</CSItemCode><CSItemName>Материал корпуса</CSItemName><CSItemRank>9</CSItemRank><CSItemIsFreeFormat>0</CSItemIsFreeFormat><CSValue><CSValueCode>VA4020285</CSValueCode><CSValueName>Полипропилен</CSValueName><CSValueRank>7</CSValueRank></CSValue></CSItem><CSItem><CSItemCode>IT4008106</CSItemCode><CSItemName>Материал ножей</CSItemName><CSItemRank>13</CSItemRank><CSItemIsFreeFormat>0</CSItemIsFreeFormat><CSValue><CSValueCode>VA4020296</CSValueCode><CSValueName>Нержавеющая сталь</CSValueName><CSValueRank>6</CSValueRank></CSValue></CSItem></CSChapter><CSChapter><CSChapterCode>CHA_0000009</CSChapterCode><CSChapterName>Общие характеристики</CSChapterName><CSChapterRank>3</CSChapterRank><CSItem><CSItemCode>S_0001560</CSItemCode><CSItemName>Отсоединяемый шнек</CSItemName><CSItemRank>1</CSItemRank><CSItemIsFreeFormat>0</CSItemIsFreeFormat><CSValue><CSValueCode>VA4048342</CSValueCode><CSValueName>С 2 кнопками</CSValueName><CSValueRank>11</CSValueRank></CSValue></CSItem><CSItem><CSItemCode>IT4008095</CSItemCode><CSItemName>Режим скорости</CSItemName><CSItemRank>6</CSItemRank><CSItemIsFreeFormat>0</CSItemIsFreeFormat><CSValue><CSValueCode>VA4020233</CSValueCode><CSValueName>1</CSValueName><CSValueRank>8</CSValueRank></CSValue></CSItem></CSChapter><CSChapter><CSChapterCode>3000956</CSChapterCode><CSChapterName>Технические характеристики</CSChapterName><CSChapterRank>4</CSChapterRank><CSItem><CSItemCode>IT4015619</CSItemCode><CSItemName>Длина шнура</CSItemName><CSItemRank>7</CSItemRank><CSItemIsFreeFormat>0</CSItemIsFreeFormat><CSValue><CSValueCode>VA4048428</CSValueCode><CSValueName>1,2</CSValueName><CSValueRank>1</CSValueRank></CSValue><UnitOfMeasure><UnitOfMeasureCode>3000057</UnitOfMeasureCode><UnitOfMeasureName>метр</UnitOfMeasureName><UnitOfMeasureSymbol>м</UnitOfMeasureSymbol></UnitOfMeasure></CSItem><CSItem><CSItemCode>S_0000027</CSItemCode><CSItemName>Частота</CSItemName><CSItemRank>10</CSItemRank><CSItemIsFreeFormat>1</CSItemIsFreeFormat><CSValue><CSValueCode>VA4007112</CSValueCode><CSValueName>50/60</CSValueName><CSValueRank>1</CSValueRank></CSValue><UnitOfMeasure><UnitOfMeasureCode>3000045</UnitOfMeasureCode><UnitOfMeasureName>герц</UnitOfMeasureName><UnitOfMeasureSymbol>Гц</UnitOfMeasureSymbol></UnitOfMeasure></CSItem><CSItem><CSItemCode>S_0000022</CSItemCode><CSItemName>Питание</CSItemName><CSItemRank>12</CSItemRank><CSItemIsFreeFormat>1</CSItemIsFreeFormat><CSValue><CSValueCode>VA4007107</CSValueCode><CSValueName>550</CSValueName><CSValueRank>1</CSValueRank></CSValue><UnitOfMeasure><UnitOfMeasureCode>3000072</UnitOfMeasureCode><UnitOfMeasureName>Ватт</UnitOfMeasureName><UnitOfMeasureSymbol>Вт</UnitOfMeasureSymbol></UnitOfMeasure></CSItem><CSItem><CSItemCode>S_0000026</CSItemCode><CSItemName>напряжение</CSItemName><CSItemRank>14</CSItemRank><CSItemIsFreeFormat>1</CSItemIsFreeFormat><CSValue><CSValueCode>VA4007111</CSValueCode><CSValueName>220–240</CSValueName><CSValueRank>1</CSValueRank></CSValue><UnitOfMeasure><UnitOfMeasureCode>3000071</UnitOfMeasureCode><UnitOfMeasureName>вольт</UnitOfMeasureName><UnitOfMeasureSymbol>В</UnitOfMeasureSymbol></UnitOfMeasure></CSItem></CSChapter><Filters><Purpose type="Comparison"><Features><Feature code="F400046714_HR1328_90" rank="1" referenceName="ProMix blending technology"/><Feature code="F400028069_HR1328_90" rank="2" referenceName="Anti-splash blade guard (HB)"/><Feature code="F400065866_HR1328_90" rank="3" referenceName="Mixer accessory with 2 beaters"/><Feature code="F400042869_HR1328_90" rank="4" referenceName="2-button release system for easy cleaning"/><Feature code="F400051705_HR1328_90" rank="5" referenceName="Powerful 550 Watt motor (handblender"/><Feature code="F400033522_HR1328_90" rank="6" referenceName="Compact Chopper Accessory"/></Features><CSItems><CSItem code="S_0001560" rank="1" referenceName="Общие характеристики - Отсоединяемый шнек"/><CSItem code="IT4020211" rank="3" referenceName="Характеристики дизайна - Материал насадки"/><CSItem code="S_0000017" rank="4" referenceName="Аксессуары - Измельчитель"/><CSItem code="IT4008095" rank="6" referenceName="Общие характеристики - Режим скорости"/><CSItem code="IT4015619" rank="7" referenceName="Технические характеристики - Длина шнура"/><CSItem code="IT4008101" rank="9" referenceName="Характеристики дизайна - Материал корпуса"/><CSItem code="S_0000027" rank="10" referenceName="Технические характеристики - Частота"/><CSItem code="S_0000022" rank="12" referenceName="Технические характеристики - Питание"/><CSItem code="IT4008106" rank="13" referenceName="Характеристики дизайна - Материал ножей"/><CSItem code="S_0000026" rank="14" referenceName="Технические характеристики - напряжение"/><CSItem code="IT4007529" rank="15" referenceName="Аксессуары - Миксер"/></CSItems></Purpose><Purpose type="Detail"><Features><Feature code="F400046714_HR1328_90" rank="1" referenceName="ProMix blending technology"/><Feature code="F400028069_HR1328_90" rank="2" referenceName="Anti-splash blade guard (HB)"/><Feature code="F400065866_HR1328_90" rank="3" referenceName="Mixer accessory with 2 beaters"/><Feature code="F400042869_HR1328_90" rank="4" referenceName="2-button release system for easy cleaning"/><Feature code="F400051705_HR1328_90" rank="5" referenceName="Powerful 550 Watt motor (handblender"/><Feature code="F400033522_HR1328_90" rank="6" referenceName="Compact Chopper Accessory"/></Features><CSItems><CSItem code="S_0001560" rank="1" referenceName="Общие характеристики - Отсоединяемый шнек"/><CSItem code="IT4020211" rank="3" referenceName="Характеристики дизайна - Материал насадки"/><CSItem code="S_0000017" rank="4" referenceName="Аксессуары - Измельчитель"/><CSItem code="IT4008095" rank="6" referenceName="Общие характеристики - Режим скорости"/><CSItem code="IT4015619" rank="7" referenceName="Технические характеристики - Длина шнура"/><CSItem code="IT4008101" rank="9" referenceName="Характеристики дизайна - Материал корпуса"/><CSItem code="S_0000027" rank="10" referenceName="Технические характеристики - Частота"/><CSItem code="S_0000022" rank="12" referenceName="Технические характеристики - Питание"/><CSItem code="IT4008106" rank="13" referenceName="Характеристики дизайна - Материал ножей"/><CSItem code="S_0000026" rank="14" referenceName="Технические характеристики - напряжение"/><CSItem code="IT4007529" rank="15" referenceName="Аксессуары - Миксер"/></CSItems></Purpose></Filters><FeatureCompareGroups/><Disclaimers/><Award AwardType="global"><AwardCode>GA_GREEN</AwardCode><AwardName>Экологотип Philips</AwardName><AwardDescription>Экологичная продукция Philips поможет снизить расходы, потребление энергии и выбросы CO2. Каким образом? Она имеет отличные характеристики по ключевым параметрам экологической безопасности Philips — энергоэффективность, упаковка, отсутствие вредных веществ, вес, переработка и утилизация, надежность в течение всего срока службы.</AwardDescription><AwardText>Экологотип Philips</AwardText><AwardRank>3</AwardRank></Award><RichTexts/></Product></Products>