<?xml version="1.0" encoding="UTF-8"?><Products xmlns:source="http://apache.org/cocoon/source/1.0" DocStatus="approved" DocTimeStamp="2018-10-19T09:17:42"><Product Country="RU" IsAccessory="false" IsMaster="false" Locale="ru_RU" lastModified="2018-10-19T04:27:58" masterLastModified="2018-07-24T00:25:29"><CTN>HD7767/00</CTN><GTIN/><MarketingVersion>11.0.1</MarketingVersion><MarketingStatus>Final Published</MarketingStatus><CRDate>2018-03-23</CRDate><CRDateYW>201812</CRDateYW><ModelYears><ModelYear>2018</ModelYear><ModelYear>2019</ModelYear></ModelYears><ProductDivision><ProductDivisionCode>0200</ProductDivisionCode><ProductDivisionName>Consumer Lifestyle</ProductDivisionName><FormerPDCode>0300</FormerPDCode></ProductDivision><ProductOwner>Lucinde Klop</ProductOwner><DTN>HD7767/00</DTN><Catalog><StartOfPublication>2018-10-01T00:00:00</StartOfPublication><EndOfPublication>2022-04-23T00:00:00</EndOfPublication><StartOfSales>2018-10-01T00:00:00</StartOfSales><EndOfSales>2022-04-23T00:00:00</EndOfSales><DummyPrice/><Deleted>false</Deleted><DeleteAfterDate/><ProductRank>50</ProductRank></Catalog><FinancialCategorization><BusinessGroupCode>9051</BusinessGroupCode><BusinessGroupName>Coffee</BusinessGroupName><BusinessUnitCode>0713</BusinessUnitCode><BusinessUnitName>Roast &amp; Ground Coffee</BusinessUnitName><MainArticleGroupCode>E97</MainArticleGroupCode><MainArticleGroupName>Dripfilter</MainArticleGroupName><ArticleGroupCode>3784</ArticleGroupCode><ArticleGroupName>Grind &amp; Brew</ArticleGroupName></FinancialCategorization><Categorization type="CONSUMER"><GroupCode>HOUSEHOLD_PRODUCTS_GR</GroupCode><GroupName>Household products</GroupName><CategoryCode>COFFEEMAKERS_AND_KETTLES_CA</CategoryCode><CategoryName>Coffee</CategoryName><SubcategoryCode>DRIP_FILTER_COFFEE_MACHINES_SU</SubcategoryCode><SubcategoryName>Drip filter coffee machines</SubcategoryName></Categorization><Assets><Asset code="HD7767_00" description="User manual" extension="pdf" lastModified="2018-10-17" locale="ru_RU" number="001" type="DFU">http://download.p4c.philips.com/files/h/hd7767_00/hd7767_00_dfu_rus.pdf</Asset><Asset code="HD7767_00" description="Leaflet" extension="pdf" lastModified="2018-08-03" locale="ru_RU" number="001" type="PSS">http://download.p4c.philips.com/files/h/hd7767_00/hd7767_00_pss_rusru.pdf</Asset><Asset code="HD7767_00" description="Retail Trade Leaflet" extension="pdf" lastModified="2018-10-05" locale="ru_RU" number="001" type="RTL">http://download.p4c.philips.com/files/h/hd7767_00/hd7767_00_rtl_rusru.pdf</Asset><Asset code="HD7767_00" description="Leaflet" extension="pdf" lastModified="2018-07-24" locale="global" number="001" type="PSS">http://download.p4c.philips.com/files/h/hd7767_00/hd7767_00_pss_.pdf</Asset><Asset code="HD7767_00" description="Single product shot" extension="" lastModified="2018-10-19" locale="ru_RU" number="" type="IMS">http://images.philips.com/is/image/PhilipsConsumer/HD7767_00-IMS-ru_RU</Asset><Asset code="HD7767_00" description="Product gallery image set" extension="" lastModified="2018-10-19" locale="ru_RU" number="" type="GAL">http://images.philips.com/is/image/PhilipsConsumer/HD7767_00-GAL-ru_RU</Asset><Asset code="HD7767_00" description="Product URL" extension="" lastModified="2018-10-19" locale="ru_RU" number="" type="URL">http://www.philips.ru/c-p/HD7767_00/grind-brew-coffee-maker</Asset><Asset code="F400013487" description="Feature photograph - highres 2100x1170" extension="tif" lastModified="2016-09-28" locale="global" number="001" type="FIL">http://images.philips.com/is/image/PhilipsConsumer/F400013487-FIL-global-001</Asset><Asset code="F400023250" description="Feature photograph - highres 2100x1170" extension="tif" lastModified="2016-09-28" locale="global" number="001" type="FIL">http://images.philips.com/is/image/PhilipsConsumer/F400023250-FIL-global-001</Asset><Asset code="F400023252" description="Feature photograph - highres 2100x1170" extension="tif" lastModified="2018-05-02" locale="global" number="001" type="FIL">http://images.philips.com/is/image/PhilipsConsumer/F400023252-FIL-global-001</Asset><Asset code="F400023269" description="Feature photograph - highres 2100x1170" extension="tif" lastModified="2017-09-26" locale="global" number="001" type="FIL">http://images.philips.com/is/image/PhilipsConsumer/F400023269-FIL-global-001</Asset><Asset code="F400024320" description="Feature photograph - highres 2100x1170" extension="tif" lastModified="2016-09-28" locale="global" number="001" type="FIL">http://images.philips.com/is/image/PhilipsConsumer/F400024320-FIL-global-001</Asset><Asset code="F400065225" description="Feature photograph - highres 2100x1170" extension="tif" lastModified="2017-09-26" locale="global" number="001" type="FIL">http://images.philips.com/is/image/PhilipsConsumer/F400065225-FIL-global-001</Asset><Asset code="F400066535" description="Feature photograph - highres 2100x1170" extension="tif" lastModified="2018-01-08" locale="global" number="001" type="FIL">http://images.philips.com/is/image/PhilipsConsumer/F400066535-FIL-global-001</Asset><Asset code="F400069758" description="Feature photograph - highres 2100x1170" extension="tif" lastModified="2016-09-28" locale="global" number="001" type="FIL">http://images.philips.com/is/image/PhilipsConsumer/F400069758-FIL-global-001</Asset><Asset code="F400086944" description="Feature photograph - highres 2100x1170" extension="tif" lastModified="2018-04-11" locale="global" number="001" type="FIL">http://images.philips.com/is/image/PhilipsConsumer/F400086944-FIL-global-001</Asset><Asset code="FEA_0001571" description="Feature photograph - highres 2100x1170" extension="tif" lastModified="2016-09-28" locale="global" number="001" type="FIL">http://images.philips.com/is/image/PhilipsConsumer/FEA_0001571-FIL-global-001</Asset><Asset code="PHI" description="Brand logo - highres 1476x886" extension="tif" lastModified="2016-02-18" locale="global" number="001" type="BRP">http://images.philips.com/is/image/PhilipsConsumer/PHI-BRP-global-001</Asset></Assets><ProductName>Кофемашина со встроенной кофемолкой</ProductName><FullProductName>Philips Grind &amp; Brew Кофемашина HD7767/00 Встроенная кофемолка, стеклянный кувшин, черный и металлик</FullProductName><NamingString><MasterBrand><BrandCode>PHI</BrandCode><BrandName>Philips</BrandName></MasterBrand><BrandString>Philips</BrandString><Family><FamilyCode>SB40004345</FamilyCode><FamilyName>Grind &amp; Brew</FamilyName><FamilyNameUsed>1</FamilyNameUsed></Family><Descriptor><DescriptorCode>NSD_000014</DescriptorCode><DescriptorName>Кофемашина</DescriptorName></Descriptor><Alphanumeric>HD7767/00</Alphanumeric><VersionElement1><VersionElementCode>V4033383</VersionElementCode><VersionElementName>Встроенная кофемолка</VersionElementName></VersionElement1><VersionElement2><VersionElementCode>V4010443</VersionElementCode><VersionElementName>Со стеклянным кувшином</VersionElementName></VersionElement2><VersionElement3><VersionElementCode>V4010581</VersionElementCode><VersionElementName>Черный и металлик</VersionElementName></VersionElement3><VersionString>Встроенная кофемолка, стеклянный кувшин, черный и металлик</VersionString><BrandedFeatureString/><DescriptorBrandedFeatureString>Кофемашина</DescriptorBrandedFeatureString></NamingString><WOW>Идеальный кофе только из свежемолотых зерен</WOW><SubWOW>Легко приготовляемого благодаря встроенной кофемолке</SubWOW><MarketingTextHeader>Наслаждайтесь великолепным кофе из свежемолотых зерен с кофемашиной Philips Grind &amp; Brew со встроенной кофемолкой. Особая система позволяет установить желаемую крепость кофе.</MarketingTextHeader><KeyBenefitArea><KeyBenefitAreaCode>K4019274</KeyBenefitAreaCode><KeyBenefitAreaName>Великолепный вкус и аромат</KeyBenefitAreaName><KeyBenefitAreaRank>1</KeyBenefitAreaRank><Feature><FeatureCode>F400023250</FeatureCode><FeatureReferenceName>CO-DRI-G&amp;B - integrated grinder</FeatureReferenceName><FeatureName>Встроенная кофемолка</FeatureName><FeatureLongDescription>Встроенная кофемолка для свежемолотого кофе</FeatureLongDescription><FeatureGlossary>Великолепный вкус кофе раскрывается только при приготовлении напитка из свежемолотых зерен. Эта кофемашина оснащена кофемолкой с коническими жерновами, обеспечивающими идеальную степень помола и безупречный вкус.</FeatureGlossary><FeatureRank>1</FeatureRank><FeatureTopRank>1</FeatureTopRank></Feature><Feature><FeatureCode>F400069758</FeatureCode><FeatureReferenceName>CO-DRI-AromaSwirl</FeatureReferenceName><FeatureName>Aroma twister</FeatureName><FeatureLongDescription>Функция Aroma twister перемешивает кофе для достижения оптимальных вкусовых качеств</FeatureLongDescription><FeatureGlossary>Специальная насадка внутри кувшина перемешивает поступающий кофе, обеспечивая оптимальную крепость напитка — от первой до последней чашки.</FeatureGlossary><FeatureRank>3</FeatureRank><FeatureTopRank>2</FeatureTopRank></Feature><Feature><FeatureCode>F400086944</FeatureCode><FeatureReferenceName>CO-DRI- Aroma seal to keep your beans fresh in the container</FeatureReferenceName><FeatureName>Герметичная конструкция</FeatureName><FeatureLongDescription>Герметичная конструкция контейнера сохраняет свежесть кофейных зерен</FeatureLongDescription><FeatureRank>2</FeatureRank><FeatureTopRank>10</FeatureTopRank></Feature></KeyBenefitArea><KeyBenefitArea><KeyBenefitAreaCode>K300002483</KeyBenefitAreaCode><KeyBenefitAreaName>Создано для вас</KeyBenefitAreaName><KeyBenefitAreaRank>2</KeyBenefitAreaRank><Feature><FeatureCode>F400023252</FeatureCode><FeatureReferenceName>CO-DRI-G&amp;B - Strength select</FeatureReferenceName><FeatureName>Выбор крепости</FeatureName><FeatureLongDescription>Система выбора крепости позволяет установить нужную крепость кофе</FeatureLongDescription><FeatureGlossary>Устанавливайте нужную крепость напитка (мягкий, средний или крепкий кофе).</FeatureGlossary><FeatureRank>1</FeatureRank><FeatureTopRank>3</FeatureTopRank></Feature><Feature><FeatureCode>F400023269</FeatureCode><FeatureReferenceName>CO-DRI-G&amp;B - grind-off function</FeatureReferenceName><FeatureName>Приготовление напитка из молотого кофе</FeatureName><FeatureLongDescription>Подходит для приготовления напитков из молотых зёрен кофе</FeatureLongDescription><FeatureGlossary>Вы можете использовать молотый кофе вместо кофейных зерен. Специальная функция отключает кофемолку и позволяет просто добавить молотый кофе в фильтр.</FeatureGlossary><FeatureRank>2</FeatureRank><FeatureTopRank>4</FeatureTopRank></Feature><Feature><FeatureCode>F400024320</FeatureCode><FeatureReferenceName>CO-DRI-G&amp;B - grind selector</FeatureReferenceName><FeatureName>Регулятор помола</FeatureName><FeatureLongDescription>Регулятор помола для приготовления напитка по вашему вкусу</FeatureLongDescription><FeatureGlossary>Приготовьте кофе по своему вкусу, выбрав одну из 9 степеней помола. Для более крепкого кофе установите мелкий помол, а для более легкого, мягкого вкуса классического американо выберите грубый помол.</FeatureGlossary><FeatureRank>3</FeatureRank><FeatureTopRank>5</FeatureTopRank></Feature><Feature><FeatureCode>F400065225</FeatureCode><FeatureReferenceName>CO-DRI-G&amp;B Easy selection of the settings (without Timer)</FeatureReferenceName><FeatureName>Простой выбор настроек</FeatureName><FeatureLongDescription>Регулятор приготовления кофе для удобства настройки</FeatureLongDescription><FeatureGlossary>Удобный регулятор приготовления кофе позволяет с легкостью выбирать нужные настройки, например количество чашек и крепость.</FeatureGlossary><FeatureRank>4</FeatureRank><FeatureTopRank>6</FeatureTopRank></Feature></KeyBenefitArea><KeyBenefitArea><KeyBenefitAreaCode>K300005006</KeyBenefitAreaCode><KeyBenefitAreaName>Простота использования</KeyBenefitAreaName><KeyBenefitAreaRank>3</KeyBenefitAreaRank><Feature><FeatureCode>F400066535</FeatureCode><FeatureReferenceName>CO-DRI-Adjustable keep-warm time</FeatureReferenceName><FeatureName>Регулируемое время поддержания температуры</FeatureName><FeatureLongDescription>Регулируемое время поддержания температуры: от 10 минут до 2 часов</FeatureLongDescription><FeatureGlossary>Выберите период, в течение которого кофе будет оставаться горячим. Время до автоматического отключения может варьироваться от 10 минут до 2 часов.</FeatureGlossary><FeatureRank>1</FeatureRank><FeatureTopRank>7</FeatureTopRank></Feature><Feature><FeatureCode>FEA_0001571</FeatureCode><FeatureReferenceName>CO-DRI-drip stop coffee</FeatureReferenceName><FeatureName>Система "капля-стоп"</FeatureName><FeatureLongDescription>Система "капля-стоп" позволяет налить в чашку кофе в любое время</FeatureLongDescription><FeatureGlossary>Система "капля-стоп" позволяет налить в чашку кофе до окончания цикла приготовления.</FeatureGlossary><FeatureRank>3</FeatureRank><FeatureTopRank>8</FeatureTopRank></Feature><Feature><FeatureCode>F400013487</FeatureCode><FeatureReferenceName>CO-DRI-water level indication</FeatureReferenceName><FeatureName>Индикатор уровня воды</FeatureName><FeatureLongDescription>Индикатор уровня воды для удобного наполнения</FeatureLongDescription><FeatureGlossary>Удобное и точное наполнение резервуара благодаря индикатору уровня воды.</FeatureGlossary><FeatureRank>2</FeatureRank><FeatureTopRank>9</FeatureTopRank></Feature></KeyBenefitArea><FeatureImage><FeatureCode>F400023250</FeatureCode><FeatureReferenceName>CO-DRI-G&amp;B - integrated grinder</FeatureReferenceName><FeatureImageRank>1</FeatureImageRank></FeatureImage><FeatureImage><FeatureCode>F400069758</FeatureCode><FeatureReferenceName>CO-DRI-AromaSwirl</FeatureReferenceName><FeatureImageRank>2</FeatureImageRank></FeatureImage><FeatureImage><FeatureCode>F400023252</FeatureCode><FeatureReferenceName>CO-DRI-G&amp;B - Strength select</FeatureReferenceName><FeatureImageRank>3</FeatureImageRank></FeatureImage><FeatureImage><FeatureCode>F400023269</FeatureCode><FeatureReferenceName>CO-DRI-G&amp;B - grind-off function</FeatureReferenceName><FeatureImageRank>4</FeatureImageRank></FeatureImage><FeatureImage><FeatureCode>F400024320</FeatureCode><FeatureReferenceName>CO-DRI-G&amp;B - grind selector</FeatureReferenceName><FeatureImageRank>5</FeatureImageRank></FeatureImage><FeatureImage><FeatureCode>F400065225</FeatureCode><FeatureReferenceName>CO-DRI-G&amp;B Easy selection of the settings (without Timer)</FeatureReferenceName><FeatureImageRank>6</FeatureImageRank></FeatureImage><FeatureImage><FeatureCode>F400066535</FeatureCode><FeatureReferenceName>CO-DRI-Adjustable keep-warm time</FeatureReferenceName><FeatureImageRank>7</FeatureImageRank></FeatureImage><FeatureImage><FeatureCode>FEA_0001571</FeatureCode><FeatureReferenceName>CO-DRI-drip stop coffee</FeatureReferenceName><FeatureImageRank>8</FeatureImageRank></FeatureImage><FeatureImage><FeatureCode>F400013487</FeatureCode><FeatureReferenceName>CO-DRI-water level indication</FeatureReferenceName><FeatureImageRank>9</FeatureImageRank></FeatureImage><FeatureImage><FeatureCode>F400086944</FeatureCode><FeatureReferenceName>CO-DRI- Aroma seal to keep your beans fresh in the container</FeatureReferenceName><FeatureImageRank>10</FeatureImageRank></FeatureImage><FeatureHighlight><FeatureCode>F400023250</FeatureCode><FeatureReferenceName>CO-DRI-G&amp;B - integrated grinder</FeatureReferenceName><FeatureHighlightRank>1</FeatureHighlightRank></FeatureHighlight><FeatureHighlight><FeatureCode>F400069758</FeatureCode><FeatureReferenceName>CO-DRI-AromaSwirl</FeatureReferenceName><FeatureHighlightRank>2</FeatureHighlightRank></FeatureHighlight><FeatureHighlight><FeatureCode>F400023252</FeatureCode><FeatureReferenceName>CO-DRI-G&amp;B - Strength select</FeatureReferenceName><FeatureHighlightRank>3</FeatureHighlightRank></FeatureHighlight><FeatureHighlight><FeatureCode>F400023269</FeatureCode><FeatureReferenceName>CO-DRI-G&amp;B - grind-off function</FeatureReferenceName><FeatureHighlightRank>4</FeatureHighlightRank></FeatureHighlight><FeatureHighlight><FeatureCode>F400024320</FeatureCode><FeatureReferenceName>CO-DRI-G&amp;B - grind selector</FeatureReferenceName><FeatureHighlightRank>5</FeatureHighlightRank></FeatureHighlight><FeatureHighlight><FeatureCode>F400065225</FeatureCode><FeatureReferenceName>CO-DRI-G&amp;B Easy selection of the settings (without Timer)</FeatureReferenceName><FeatureHighlightRank>6</FeatureHighlightRank></FeatureHighlight><FeatureHighlight><FeatureCode>F400066535</FeatureCode><FeatureReferenceName>CO-DRI-Adjustable keep-warm time</FeatureReferenceName><FeatureHighlightRank>7</FeatureHighlightRank></FeatureHighlight><FeatureHighlight><FeatureCode>FEA_0001571</FeatureCode><FeatureReferenceName>CO-DRI-drip stop coffee</FeatureReferenceName><FeatureHighlightRank>8</FeatureHighlightRank></FeatureHighlight><FeatureHighlight><FeatureCode>F400013487</FeatureCode><FeatureReferenceName>CO-DRI-water level indication</FeatureReferenceName><FeatureHighlightRank>9</FeatureHighlightRank></FeatureHighlight><FeatureHighlight><FeatureCode>F400086944</FeatureCode><FeatureReferenceName>CO-DRI- Aroma seal to keep your beans fresh in the container</FeatureReferenceName><FeatureHighlightRank>10</FeatureHighlightRank></FeatureHighlight><CSChapter><CSChapterCode>3000815</CSChapterCode><CSChapterName>Аксессуары</CSChapterName><CSChapterRank>1</CSChapterRank><CSItem><CSItemCode>IT4014581</CSItemCode><CSItemName>В комплекте</CSItemName><CSItemRank>1</CSItemRank><CSItemIsFreeFormat>0</CSItemIsFreeFormat><CSValue><CSValueCode>VA4092794</CSValueCode><CSValueName>Стеклянный кувшин</CSValueName><CSValueRank>1</CSValueRank></CSValue></CSItem></CSChapter><CSChapter><CSChapterCode>CH4000822</CSChapterCode><CSChapterName>Забота об окружающей среде</CSChapterName><CSChapterRank>3</CSChapterRank><CSItem><CSItemCode>IT4038654</CSItemCode><CSItemName>Потребляемая мощность при заваривании</CSItemName><CSItemRank>1</CSItemRank><CSItemIsFreeFormat>1</CSItemIsFreeFormat><CSValue><CSValueCode>VA4089798</CSValueCode><CSValueName>1000</CSValueName><CSValueRank>1</CSValueRank></CSValue><UnitOfMeasure><UnitOfMeasureCode>3000072</UnitOfMeasureCode><UnitOfMeasureName>Ватт</UnitOfMeasureName><UnitOfMeasureSymbol>Вт</UnitOfMeasureSymbol></UnitOfMeasure></CSItem></CSChapter><CSChapter><CSChapterCode>CHA_0000009</CSChapterCode><CSChapterName>Общие характеристики</CSChapterName><CSChapterRank>4</CSChapterRank><CSItem><CSItemCode>IT4039710</CSItemCode><CSItemName>Кофейные напитки</CSItemName><CSItemRank>1</CSItemRank><CSItemIsFreeFormat>1</CSItemIsFreeFormat><CSValue><CSValueCode>VA4092807</CSValueCode><CSValueName>Кофе американо</CSValueName><CSValueRank>1</CSValueRank></CSValue></CSItem><CSItem><CSItemCode>IT4038609</CSItemCode><CSItemName>Подходит для</CSItemName><CSItemRank>2</CSItemRank><CSItemIsFreeFormat>1</CSItemIsFreeFormat><CSValue><CSValueCode>VA4089710</CSValueCode><CSValueName>Цельные кофейные зерна, молотый кофе</CSValueName><CSValueRank>1</CSValueRank></CSValue></CSItem><CSItem><CSItemCode>IT4038622</CSItemCode><CSItemName>Настраиваемые характеристики для каждого напитка</CSItemName><CSItemRank>3</CSItemRank><CSItemIsFreeFormat>0</CSItemIsFreeFormat><CSValue><CSValueCode>VA4089744</CSValueCode><CSValueName>Регулировка уровня крепости кофе</CSValueName><CSValueRank>1</CSValueRank></CSValue></CSItem><CSItem><CSItemCode>IT4038614</CSItemCode><CSItemName>Настройки помола</CSItemName><CSItemRank>4</CSItemRank><CSItemIsFreeFormat>1</CSItemIsFreeFormat><CSValue><CSValueCode>VA4089715</CSValueCode><CSValueName>9</CSValueName><CSValueRank>1</CSValueRank></CSValue></CSItem><CSItem><CSItemCode>IT4038618</CSItemCode><CSItemName>Тип дисплея</CSItemName><CSItemRank>5</CSItemRank><CSItemIsFreeFormat>0</CSItemIsFreeFormat><CSValue><CSValueCode>VA4089726</CSValueCode><CSValueName>ЖК</CSValueName><CSValueRank>1</CSValueRank></CSValue></CSItem><CSItem><CSItemCode>IT4038623</CSItemCode><CSItemName>Удобное и простое использование</CSItemName><CSItemRank>6</CSItemRank><CSItemIsFreeFormat>0</CSItemIsFreeFormat><CSValue><CSValueCode>VA4089758</CSValueCode><CSValueName>Дисплей</CSValueName><CSValueRank>1</CSValueRank></CSValue><CSValue><CSValueCode>VA4089754</CSValueCode><CSValueName>Индикатор уровня воды</CSValueName><CSValueRank>2</CSValueRank></CSValue><CSValue><CSValueCode>VA4090410</CSValueCode><CSValueName>Автоматическое отключение</CSValueName><CSValueRank>3</CSValueRank></CSValue><CSValue><CSValueCode>VA4092614</CSValueCode><CSValueName>Система "капля-стоп"</CSValueName><CSValueRank>4</CSValueRank></CSValue></CSItem><CSItem><CSItemCode>IT4038624</CSItemCode><CSItemName>Простая очистка и обслуживание</CSItemName><CSItemRank>7</CSItemRank><CSItemIsFreeFormat>0</CSItemIsFreeFormat><CSValue><CSValueCode>VA4089770</CSValueCode><CSValueName>Съемные детали можно мыть в посудомоечной машине</CSValueName><CSValueRank>1</CSValueRank></CSValue><CSValue><CSValueCode>VA4089776</CSValueCode><CSValueName>Съемный держатель фильтра</CSValueName><CSValueRank>2</CSValueRank></CSValue></CSItem></CSChapter><CSChapter><CSChapterCode>CHA_0000013</CSChapterCode><CSChapterName>Отделка</CSChapterName><CSChapterRank>5</CSChapterRank><CSItem><CSItemCode>IT4038935</CSItemCode><CSItemName>Материал резервуара для воды</CSItemName><CSItemRank>1</CSItemRank><CSItemIsFreeFormat>1</CSItemIsFreeFormat><CSValue><CSValueCode>VA4090533</CSValueCode><CSValueName>Пластик</CSValueName><CSValueRank>1</CSValueRank></CSValue></CSItem><CSItem><CSItemCode>IT4038930</CSItemCode><CSItemName>Материал основного корпуса</CSItemName><CSItemRank>2</CSItemRank><CSItemIsFreeFormat>1</CSItemIsFreeFormat><CSValue><CSValueCode>VA4090527</CSValueCode><CSValueName>Нержавеющая сталь и пластик</CSValueName><CSValueRank>1</CSValueRank></CSValue></CSItem></CSChapter><CSChapter><CSChapterCode>CHA_0000049</CSChapterCode><CSChapterName>Обслуживание</CSChapterName><CSChapterRank>6</CSChapterRank><CSItem><CSItemCode>IT4002813</CSItemCode><CSItemName>Гарантия 2 года</CSItemName><CSItemRank>1</CSItemRank><CSItemIsFreeFormat>0</CSItemIsFreeFormat><CSValue><CSValueCode>VA4011021</CSValueCode><CSValueName>Да</CSValueName><CSValueRank>1</CSValueRank></CSValue></CSItem></CSChapter><CSChapter><CSChapterCode>CHA_0000004</CSChapterCode><CSChapterName>Вес и габариты</CSChapterName><CSChapterRank>7</CSChapterRank><CSItem><CSItemCode>IT4038660</CSItemCode><CSItemName>Размеры изделия (Ш x Г x В)</CSItemName><CSItemRank>1</CSItemRank><CSItemIsFreeFormat>1</CSItemIsFreeFormat><CSValue><CSValueCode>VA4089802</CSValueCode><CSValueName>212 x 277 x 440</CSValueName><CSValueRank>1</CSValueRank></CSValue><UnitOfMeasure><UnitOfMeasureCode>3000058</UnitOfMeasureCode><UnitOfMeasureName>миллиметра</UnitOfMeasureName><UnitOfMeasureSymbol>мм</UnitOfMeasureSymbol></UnitOfMeasure></CSItem><CSItem><CSItemCode>IT4010191</CSItemCode><CSItemName>Вес изделия</CSItemName><CSItemRank>2</CSItemRank><CSItemIsFreeFormat>1</CSItemIsFreeFormat><CSValue><CSValueCode>VA4023901</CSValueCode><CSValueName>4,6</CSValueName><CSValueRank>1</CSValueRank></CSValue><UnitOfMeasure><UnitOfMeasureCode>3000049</UnitOfMeasureCode><UnitOfMeasureName>(килограммы)</UnitOfMeasureName><UnitOfMeasureSymbol>кг</UnitOfMeasureSymbol></UnitOfMeasure></CSItem><CSItem><CSItemCode>IT4038661</CSItemCode><CSItemName>Размеры упаковки (Д x Ш x В)</CSItemName><CSItemRank>3</CSItemRank><CSItemIsFreeFormat>1</CSItemIsFreeFormat><CSValue><CSValueCode>VA4089803</CSValueCode><CSValueName>320 x 280 x 505</CSValueName><CSValueRank>1</CSValueRank></CSValue><UnitOfMeasure><UnitOfMeasureCode>3000058</UnitOfMeasureCode><UnitOfMeasureName>миллиметра</UnitOfMeasureName><UnitOfMeasureSymbol>мм</UnitOfMeasureSymbol></UnitOfMeasure></CSItem><CSItem><CSItemCode>IT4038451</CSItemCode><CSItemName>Вес, включая упаковку</CSItemName><CSItemRank>4</CSItemRank><CSItemIsFreeFormat>1</CSItemIsFreeFormat><CSValue><CSValueCode>VA4089394</CSValueCode><CSValueName>6,2</CSValueName><CSValueRank>1</CSValueRank></CSValue><UnitOfMeasure><UnitOfMeasureCode>3000049</UnitOfMeasureCode><UnitOfMeasureName>(килограммы)</UnitOfMeasureName><UnitOfMeasureSymbol>кг</UnitOfMeasureSymbol></UnitOfMeasure></CSItem></CSChapter><CSChapter><CSChapterCode>3001096</CSChapterCode><CSChapterName>Дизайн</CSChapterName><CSChapterRank>8</CSChapterRank><CSItem><CSItemCode>3011951</CSItemCode><CSItemName>цвет</CSItemName><CSItemRank>1</CSItemRank><CSItemIsFreeFormat>0</CSItemIsFreeFormat><CSValue><CSValueCode>VA4087402</CSValueCode><CSValueName>Черный и металлик</CSValueName><CSValueRank>1</CSValueRank></CSValue></CSItem></CSChapter><CSChapter><CSChapterCode>3000956</CSChapterCode><CSChapterName>Технические характеристики</CSChapterName><CSChapterRank>9</CSChapterRank><CSItem><CSItemCode>IT4038651</CSItemCode><CSItemName>Бойлеры</CSItemName><CSItemRank>1</CSItemRank><CSItemIsFreeFormat>1</CSItemIsFreeFormat><CSValue><CSValueCode>VA4089795</CSValueCode><CSValueName>0</CSValueName><CSValueRank>1</CSValueRank></CSValue></CSItem><CSItem><CSItemCode>IT4038639</CSItemCode><CSItemName>Вместительный резервуар для воды</CSItemName><CSItemRank>2</CSItemRank><CSItemIsFreeFormat>1</CSItemIsFreeFormat><CSValue><CSValueCode>VA4089786</CSValueCode><CSValueName>До 12</CSValueName><CSValueRank>1</CSValueRank></CSValue><UnitOfMeasure><UnitOfMeasureCode>4024012</UnitOfMeasureCode><UnitOfMeasureName>чашек</UnitOfMeasureName><UnitOfMeasureSymbol>чашек</UnitOfMeasureSymbol></UnitOfMeasure></CSItem><CSItem><CSItemCode>IT4039669</CSItemCode><CSItemName>Время приготовления для кувшина</CSItemName><CSItemRank>3</CSItemRank><CSItemIsFreeFormat>1</CSItemIsFreeFormat><CSValue><CSValueCode>VA4092612</CSValueCode><CSValueName>10</CSValueName><CSValueRank>1</CSValueRank></CSValue><UnitOfMeasure><UnitOfMeasureCode>3000061</UnitOfMeasureCode><UnitOfMeasureName>минут</UnitOfMeasureName><UnitOfMeasureSymbol>мин</UnitOfMeasureSymbol></UnitOfMeasure></CSItem><CSItem><CSItemCode>IT4038647</CSItemCode><CSItemName>Температура кофе</CSItemName><CSItemRank>4</CSItemRank><CSItemIsFreeFormat>1</CSItemIsFreeFormat><CSValue><CSValueCode>VA4089791</CSValueCode><CSValueName>80–85</CSValueName><CSValueRank>1</CSValueRank></CSValue><UnitOfMeasure><UnitOfMeasureCode>3000042</UnitOfMeasureCode><UnitOfMeasureName>градусов</UnitOfMeasureName><UnitOfMeasureSymbol>градусов</UnitOfMeasureSymbol></UnitOfMeasure></CSItem><CSItem><CSItemCode>S_0002799</CSItemCode><CSItemName>Вместительный резервуар для воды</CSItemName><CSItemRank>5</CSItemRank><CSItemIsFreeFormat>1</CSItemIsFreeFormat><CSValue><CSValueCode>VA4008924</CSValueCode><CSValueName>1,2</CSValueName><CSValueRank>1</CSValueRank></CSValue><UnitOfMeasure><UnitOfMeasureCode>4000010</UnitOfMeasureCode><UnitOfMeasureName>литр</UnitOfMeasureName><UnitOfMeasureSymbol>л</UnitOfMeasureSymbol></UnitOfMeasure></CSItem><CSItem><CSItemCode>S_0000109</CSItemCode><CSItemName>Длина шнура</CSItemName><CSItemRank>6</CSItemRank><CSItemIsFreeFormat>1</CSItemIsFreeFormat><CSValue><CSValueCode>VA4007182</CSValueCode><CSValueName>0,85</CSValueName><CSValueRank>1</CSValueRank></CSValue><UnitOfMeasure><UnitOfMeasureCode>3000057</UnitOfMeasureCode><UnitOfMeasureName>метр</UnitOfMeasureName><UnitOfMeasureSymbol>м</UnitOfMeasureSymbol></UnitOfMeasure></CSItem><CSItem><CSItemCode>S_0000027</CSItemCode><CSItemName>Частота</CSItemName><CSItemRank>7</CSItemRank><CSItemIsFreeFormat>1</CSItemIsFreeFormat><CSValue><CSValueCode>VA4007112</CSValueCode><CSValueName>50</CSValueName><CSValueRank>1</CSValueRank></CSValue><UnitOfMeasure><UnitOfMeasureCode>3000045</UnitOfMeasureCode><UnitOfMeasureName>герц</UnitOfMeasureName><UnitOfMeasureSymbol>Гц</UnitOfMeasureSymbol></UnitOfMeasure></CSItem><CSItem><CSItemCode>S_0000026</CSItemCode><CSItemName>напряжение</CSItemName><CSItemRank>8</CSItemRank><CSItemIsFreeFormat>1</CSItemIsFreeFormat><CSValue><CSValueCode>VA4007111</CSValueCode><CSValueName>230</CSValueName><CSValueRank>1</CSValueRank></CSValue><UnitOfMeasure><UnitOfMeasureCode>3000071</UnitOfMeasureCode><UnitOfMeasureName>вольт</UnitOfMeasureName><UnitOfMeasureSymbol>В</UnitOfMeasureSymbol></UnitOfMeasure></CSItem><CSItem><CSItemCode>IT4038641</CSItemCode><CSItemName>Емкость контейнера для кофейных зерен</CSItemName><CSItemRank>9</CSItemRank><CSItemIsFreeFormat>1</CSItemIsFreeFormat><CSValue><CSValueCode>VA4089788</CSValueCode><CSValueName>350</CSValueName><CSValueRank>1</CSValueRank></CSValue><UnitOfMeasure><UnitOfMeasureCode>3000101</UnitOfMeasureCode><UnitOfMeasureName>грамм</UnitOfMeasureName><UnitOfMeasureSymbol>г</UnitOfMeasureSymbol></UnitOfMeasure></CSItem></CSChapter><CSChapter><CSChapterCode>CHA_0000021</CSChapterCode><CSChapterName>Страна изготовления</CSChapterName><CSChapterRank>10</CSChapterRank><CSItem><CSItemCode>S_0001744</CSItemCode><CSItemName>Сделано в</CSItemName><CSItemRank>1</CSItemRank><CSItemIsFreeFormat>1</CSItemIsFreeFormat><CSValue><CSValueCode>VA4008246</CSValueCode><CSValueName>Китае</CSValueName><CSValueRank>1</CSValueRank></CSValue></CSItem></CSChapter><Filters><Purpose type="Comparison"><Features><Feature code="F400023250" rank="1" referenceName="CO-DRI-G&amp;B - integrated grinder"/><Feature code="F400069758" rank="2" referenceName="CO-DRI-AromaSwirl"/><Feature code="F400023252" rank="3" referenceName="CO-DRI-G&amp;B - Strength select"/><Feature code="F400023269" rank="4" referenceName="CO-DRI-G&amp;B - grind-off function"/><Feature code="F400024320" rank="5" referenceName="CO-DRI-G&amp;B - grind selector"/><Feature code="F400065225" rank="6" referenceName="CO-DRI-G&amp;B Easy selection of the settings (without Timer)"/><Feature code="F400066535" rank="7" referenceName="CO-DRI-Adjustable keep-warm time"/><Feature code="FEA_0001571" rank="8" referenceName="CO-DRI-drip stop coffee"/><Feature code="F400013487" rank="9" referenceName="CO-DRI-water level indication"/><Feature code="F400086944" rank="10" referenceName="CO-DRI- Aroma seal to keep your beans fresh in the container"/></Features><CSItems><CSItem code="IT4014581" rank="1" referenceName="Аксессуары - В комплекте"/><CSItem code="IT4038654" rank="1" referenceName="Забота об окружающей среде - Потребляемая мощность при заваривании"/><CSItem code="IT4039710" rank="1" referenceName="Общие характеристики - Кофейные напитки"/><CSItem code="IT4038935" rank="1" referenceName="Отделка - Материал резервуара для воды"/><CSItem code="IT4002813" rank="1" referenceName="Обслуживание - Гарантия 2 года"/><CSItem code="IT4038660" rank="1" referenceName="Вес и габариты - Размеры изделия (Ш x Г x В)"/><CSItem code="3011951" rank="1" referenceName="Дизайн - цвет"/><CSItem code="IT4038651" rank="1" referenceName="Технические характеристики - Бойлеры"/><CSItem code="S_0001744" rank="1" referenceName="Страна изготовления - Сделано в"/><CSItem code="IT4038609" rank="2" referenceName="Общие характеристики - Подходит для"/><CSItem code="IT4038930" rank="2" referenceName="Отделка - Материал основного корпуса"/><CSItem code="IT4010191" rank="2" referenceName="Вес и габариты - Вес изделия"/><CSItem code="IT4038639" rank="2" referenceName="Технические характеристики - Вместительный резервуар для воды"/><CSItem code="IT4038622" rank="3" referenceName="Общие характеристики - Настраиваемые характеристики для каждого напитка"/><CSItem code="IT4038661" rank="3" referenceName="Вес и габариты - Размеры упаковки (Д x Ш x В)"/><CSItem code="IT4039669" rank="3" referenceName="Технические характеристики - Время приготовления для кувшина"/><CSItem code="IT4038614" rank="4" referenceName="Общие характеристики - Настройки помола"/><CSItem code="IT4038451" rank="4" referenceName="Вес и габариты - Вес, включая упаковку"/><CSItem code="IT4038647" rank="4" referenceName="Технические характеристики - Температура кофе"/><CSItem code="IT4038618" rank="5" referenceName="Общие характеристики - Тип дисплея"/><CSItem code="S_0002799" rank="5" referenceName="Технические характеристики - Вместительный резервуар для воды"/><CSItem code="IT4038623" rank="6" referenceName="Общие характеристики - Удобное и простое использование"/><CSItem code="S_0000109" rank="6" referenceName="Технические характеристики - Длина шнура"/><CSItem code="IT4038624" rank="7" referenceName="Общие характеристики - Простая очистка и обслуживание"/><CSItem code="S_0000027" rank="7" referenceName="Технические характеристики - Частота"/><CSItem code="S_0000026" rank="8" referenceName="Технические характеристики - напряжение"/><CSItem code="IT4038641" rank="9" referenceName="Технические характеристики - Емкость контейнера для кофейных зерен"/></CSItems></Purpose><Purpose type="Detail"><Features><Feature code="F400023250" rank="1" referenceName="CO-DRI-G&amp;B - integrated grinder"/><Feature code="F400069758" rank="2" referenceName="CO-DRI-AromaSwirl"/><Feature code="F400023252" rank="3" referenceName="CO-DRI-G&amp;B - Strength select"/><Feature code="F400023269" rank="4" referenceName="CO-DRI-G&amp;B - grind-off function"/><Feature code="F400024320" rank="5" referenceName="CO-DRI-G&amp;B - grind selector"/><Feature code="F400065225" rank="6" referenceName="CO-DRI-G&amp;B Easy selection of the settings (without Timer)"/><Feature code="F400066535" rank="7" referenceName="CO-DRI-Adjustable keep-warm time"/><Feature code="FEA_0001571" rank="8" referenceName="CO-DRI-drip stop coffee"/><Feature code="F400013487" rank="9" referenceName="CO-DRI-water level indication"/><Feature code="F400086944" rank="10" referenceName="CO-DRI- Aroma seal to keep your beans fresh in the container"/></Features><CSItems><CSItem code="IT4014581" rank="1" referenceName="Аксессуары - В комплекте"/><CSItem code="IT4038654" rank="1" referenceName="Забота об окружающей среде - Потребляемая мощность при заваривании"/><CSItem code="IT4039710" rank="1" referenceName="Общие характеристики - Кофейные напитки"/><CSItem code="IT4038935" rank="1" referenceName="Отделка - Материал резервуара для воды"/><CSItem code="IT4002813" rank="1" referenceName="Обслуживание - Гарантия 2 года"/><CSItem code="IT4038660" rank="1" referenceName="Вес и габариты - Размеры изделия (Ш x Г x В)"/><CSItem code="3011951" rank="1" referenceName="Дизайн - цвет"/><CSItem code="IT4038651" rank="1" referenceName="Технические характеристики - Бойлеры"/><CSItem code="S_0001744" rank="1" referenceName="Страна изготовления - Сделано в"/><CSItem code="IT4038609" rank="2" referenceName="Общие характеристики - Подходит для"/><CSItem code="IT4038930" rank="2" referenceName="Отделка - Материал основного корпуса"/><CSItem code="IT4010191" rank="2" referenceName="Вес и габариты - Вес изделия"/><CSItem code="IT4038639" rank="2" referenceName="Технические характеристики - Вместительный резервуар для воды"/><CSItem code="IT4038622" rank="3" referenceName="Общие характеристики - Настраиваемые характеристики для каждого напитка"/><CSItem code="IT4038661" rank="3" referenceName="Вес и габариты - Размеры упаковки (Д x Ш x В)"/><CSItem code="IT4039669" rank="3" referenceName="Технические характеристики - Время приготовления для кувшина"/><CSItem code="IT4038614" rank="4" referenceName="Общие характеристики - Настройки помола"/><CSItem code="IT4038451" rank="4" referenceName="Вес и габариты - Вес, включая упаковку"/><CSItem code="IT4038647" rank="4" referenceName="Технические характеристики - Температура кофе"/><CSItem code="IT4038618" rank="5" referenceName="Общие характеристики - Тип дисплея"/><CSItem code="S_0002799" rank="5" referenceName="Технические характеристики - Вместительный резервуар для воды"/><CSItem code="IT4038623" rank="6" referenceName="Общие характеристики - Удобное и простое использование"/><CSItem code="S_0000109" rank="6" referenceName="Технические характеристики - Длина шнура"/><CSItem code="IT4038624" rank="7" referenceName="Общие характеристики - Простая очистка и обслуживание"/><CSItem code="S_0000027" rank="7" referenceName="Технические характеристики - Частота"/><CSItem code="S_0000026" rank="8" referenceName="Технические характеристики - напряжение"/><CSItem code="IT4038641" rank="9" referenceName="Технические характеристики - Емкость контейнера для кофейных зерен"/></CSItems></Purpose></Filters><FeatureCompareGroups/><Disclaimers/><ProductReference ProductReferenceType="Accessory"><CTN>CA6500/01</CTN><ProductReferenceRank>0</ProductReferenceRank></ProductReference><ProductReference ProductReferenceType="Accessory"><CTN>CA6500/10</CTN><ProductReferenceRank>0</ProductReferenceRank></ProductReference><ProductReference ProductReferenceType="Accessory"><CTN>CA6500/11</CTN><ProductReferenceRank>0</ProductReferenceRank></ProductReference><ProductReference ProductReferenceType="Accessory"><CTN>CA6500/30</CTN><ProductReferenceRank>0</ProductReferenceRank></ProductReference><ProductReference ProductReferenceType="Accessory"><CTN>CA6500/31</CTN><ProductReferenceRank>0</ProductReferenceRank></ProductReference><ProductReference ProductReferenceType="Accessory"><CTN>CA6500/60</CTN><ProductReferenceRank>0</ProductReferenceRank></ProductReference><ProductReference ProductReferenceType="Accessory"><CTN>CA6500/61</CTN><ProductReferenceRank>0</ProductReferenceRank></ProductReference><ProductReference ProductReferenceType="Accessory"><CTN>CA6500/62</CTN><ProductReferenceRank>0</ProductReferenceRank></ProductReference><ProductReference ProductReferenceType="Accessory"><CTN>CA6500/63</CTN><ProductReferenceRank>0</ProductReferenceRank></ProductReference><ProductReference ProductReferenceType="Accessory"><CTN>CA6502/65</CTN><ProductReferenceRank>0</ProductReferenceRank></ProductReference><ProductReference ProductReferenceType="Accessory"><CTN>CP9948/01</CTN><ProductReferenceRank>0</ProductReferenceRank></ProductReference><ProductReference ProductReferenceType="Accessory"><CTN>CP9949/01</CTN><ProductReferenceRank>0</ProductReferenceRank></ProductReference><ProductReference ProductReferenceType="Accessory"><CTN>CRP725/01</CTN><ProductReferenceRank>0</ProductReferenceRank></ProductReference><ProductReference ProductReferenceType="Accessory"><CTN>CRP727/01</CTN><ProductReferenceRank>0</ProductReferenceRank></ProductReference><ProductReference ProductReferenceType="Accessory"><CTN>HD7006/00</CTN><ProductReferenceRank>0</ProductReferenceRank></ProductReference><ProductReference ProductReferenceType="Accessory"><CTN>HD7011/00</CTN><ProductReferenceRank>0</ProductReferenceRank></ProductReference><ProductReference ProductReferenceType="Accessory"><CTN>HD7011/91</CTN><ProductReferenceRank>0</ProductReferenceRank></ProductReference><ProductReference ProductReferenceType="Accessory"><CTN>HD7012/00</CTN><ProductReferenceRank>0</ProductReferenceRank></ProductReference><RichTexts/></Product></Products>