<?xml version="1.0" encoding="UTF-8"?><Products xmlns:source="http://apache.org/cocoon/source/1.0" DocStatus="approved" DocTimeStamp="2018-10-19T09:17:42"><Product Country="RU" IsAccessory="false" IsMaster="false" Locale="ru_RU" lastModified="2018-10-18T04:35:42" masterLastModified="2018-08-24T00:20:53"><CTN>223V7QSB/62</CTN><Code12NC>867000155643</Code12NC><GTIN>8712581753139</GTIN><MarketingVersion>2.0.2</MarketingVersion><MarketingStatus>Final Published</MarketingStatus><CRDate>2018-05-18</CRDate><CRDateYW>201820</CRDateYW><ModelYears><ModelYear>2018</ModelYear><ModelYear>2019</ModelYear></ModelYears><ProductDivision><ProductDivisionCode>0200</ProductDivisionCode><ProductDivisionName>Consumer Lifestyle</ProductDivisionName><FormerPDCode>3400</FormerPDCode></ProductDivision><ProductOwner>Jessica Chang</ProductOwner><DTN>223V7QSB/62</DTN><Catalog><StartOfPublication>2018-05-18T00:00:00</StartOfPublication><EndOfPublication>2024-07-10T00:00:00</EndOfPublication><StartOfSales>2018-05-18T00:00:00</StartOfSales><EndOfSales>2024-07-10T00:00:00</EndOfSales><DummyPrice/><Deleted>false</Deleted><DeleteAfterDate/><ProductRank>50</ProductRank></Catalog><FinancialCategorization><BusinessGroupCode>6918</BusinessGroupCode><BusinessGroupName>TV</BusinessGroupName><BusinessUnitCode>0655</BusinessUnitCode><BusinessUnitName>Monitors</BusinessUnitName><MainArticleGroupCode>J89</MainArticleGroupCode><MainArticleGroupName>Monitors</MainArticleGroupName><ArticleGroupCode>3789</ArticleGroupCode><ArticleGroupName>Monitors global</ArticleGroupName></FinancialCategorization><Categorization type="CONSUMER"><GroupCode>SOUND_AND_VISION_GR</GroupCode><GroupName>Sound &amp; vision</GroupName><CategoryCode>SV_MONITORS_CA</CategoryCode><CategoryName>Monitors</CategoryName><SubcategoryCode>SV_OTHERS_SU</SubcategoryCode><SubcategoryName>Others</SubcategoryName></Categorization><Assets><Asset code="223V7QSB_62" description="Leaflet" extension="pdf" lastModified="2018-08-08" locale="ru_RU" number="001" type="PSS">http://download.p4c.philips.com/files/2/223v7qsb_62/223v7qsb_62_pss_rusru.pdf</Asset><Asset code="223V7QSB_62" description="Retail Trade Leaflet" extension="pdf" lastModified="2018-10-05" locale="ru_RU" number="001" type="RTL">http://download.p4c.philips.com/files/2/223v7qsb_62/223v7qsb_62_rtl_rusru.pdf</Asset><Asset code="223V7QSB_62" description="Front product photograph - highres 2196x1795" extension="tif" lastModified="2016-11-29" locale="global" number="001" type="_FP">http://images.philips.com/is/image/PhilipsConsumer/223V7QSB_62-_FP-global-001</Asset><Asset code="223V7QSB_62" description="Alternative product photograph - highres 2196x1795" extension="tif" lastModified="2018-05-28" locale="global" number="001" type="APP">http://images.philips.com/is/image/PhilipsConsumer/223V7QSB_62-APP-global-001</Asset><Asset code="223V7QSB_62" description="Leaflet" extension="pdf" lastModified="2018-08-24" locale="global" number="001" type="PSS">http://download.p4c.philips.com/files/2/223v7qsb_62/223v7qsb_62_pss_.pdf</Asset><Asset code="223V7QSB_62" description="Standard product photograph - highres 2196x1795" extension="tif" lastModified="2016-11-29" locale="global" number="001" type="RTP">http://images.philips.com/is/image/PhilipsConsumer/223V7QSB_62-RTP-global-001</Asset><Asset code="223V7QSB_62" description="Single product shot" extension="" lastModified="2018-10-18" locale="ru_RU" number="" type="IMS">http://images.philips.com/is/image/PhilipsConsumer/223V7QSB_62-IMS-ru_RU</Asset><Asset code="223V7QSB_62" description="Product gallery image set" extension="" lastModified="2018-10-18" locale="ru_RU" number="" type="GAL">http://images.philips.com/is/image/PhilipsConsumer/223V7QSB_62-GAL-ru_RU</Asset><Asset code="223V7QSB_62" description="Product URL" extension="" lastModified="2018-10-18" locale="ru_RU" number="" type="URL">http://www.philips.ru/c-p/223V7QSB_62/full-hd-lcd-monitor</Asset><Asset code="F400019722" description="Feature logo - highres 331x213" extension="tif" lastModified="2010-01-19" locale="global" number="001" type="FLP">http://images.philips.com/is/image/PhilipsConsumer/F400019722-FLP-global-001</Asset><Asset code="F400032208" description="Feature photograph - highres 2100x1170" extension="tif" lastModified="2011-04-10" locale="global" number="001" type="FIL">http://images.philips.com/is/image/PhilipsConsumer/F400032208-FIL-global-001</Asset><Asset code="F400032208" description="Feature logo - highres 331x213" extension="tif" lastModified="2017-11-15" locale="global" number="001" type="FLP">http://images.philips.com/is/image/PhilipsConsumer/F400032208-FLP-global-001</Asset><Asset code="F400032582" description="Feature photograph - highres 2100x1170" extension="tif" lastModified="2011-04-21" locale="global" number="001" type="FIL">http://images.philips.com/is/image/PhilipsConsumer/F400032582-FIL-global-001</Asset><Asset code="F400032582" description="Feature logo - highres 331x213" extension="tif" lastModified="2017-11-15" locale="global" number="001" type="FLP">http://images.philips.com/is/image/PhilipsConsumer/F400032582-FLP-global-001</Asset><Asset code="F400035289" description="Feature photograph - highres 2100x1170" extension="tif" lastModified="2017-10-31" locale="global" number="001" type="FIL">http://images.philips.com/is/image/PhilipsConsumer/F400035289-FIL-global-001</Asset><Asset code="F400035289" description="Feature logo - highres 331x213" extension="tif" lastModified="2017-11-15" locale="global" number="001" type="FLP">http://images.philips.com/is/image/PhilipsConsumer/F400035289-FLP-global-001</Asset><Asset code="F400044228" description="Feature logo - highres 331x213" extension="tif" lastModified="2016-08-26" locale="global" number="001" type="FLP">http://images.philips.com/is/image/PhilipsConsumer/F400044228-FLP-global-001</Asset><Asset code="F400044232" description="Feature photograph - highres 2100x1170" extension="tif" lastModified="2017-10-31" locale="global" number="001" type="FIL">http://images.philips.com/is/image/PhilipsConsumer/F400044232-FIL-global-001</Asset><Asset code="F400045216" description="Feature photograph - highres 2100x1170" extension="tif" lastModified="2017-10-31" locale="global" number="001" type="FIL">http://images.philips.com/is/image/PhilipsConsumer/F400045216-FIL-global-001</Asset><Asset code="F400045216" description="Feature logo - highres 331x213" extension="tif" lastModified="2017-11-15" locale="global" number="001" type="FLP">http://images.philips.com/is/image/PhilipsConsumer/F400045216-FLP-global-001</Asset><Asset code="F400047611" description="Feature logo - highres 331x213" extension="tif" lastModified="2017-11-15" locale="global" number="001" type="FLP">http://images.philips.com/is/image/PhilipsConsumer/F400047611-FLP-global-001</Asset><Asset code="F400047611" description="Feature movie (with spoken or written text)" extension="flv" lastModified="2013-05-07" locale="ru_RU" number="001" type="FML">F400047611-FML-ru_RU-001.flv</Asset><Asset code="F400057965" description="Feature photograph - highres 2100x1170" extension="tif" lastModified="2017-10-31" locale="global" number="001" type="FIL">http://images.philips.com/is/image/PhilipsConsumer/F400057965-FIL-global-001</Asset><Asset code="F400057965" description="Feature logo - highres 331x213" extension="tif" lastModified="2015-08-24" locale="global" number="001" type="FLP">http://images.philips.com/is/image/PhilipsConsumer/F400057965-FLP-global-001</Asset><Asset code="F400067665" description="Feature photograph - highres 2100x1170" extension="tif" lastModified="2017-10-31" locale="global" number="001" type="FIL">http://images.philips.com/is/image/PhilipsConsumer/F400067665-FIL-global-001</Asset><Asset code="F400067665" description="Feature logo - highres 331x213" extension="tif" lastModified="2017-11-15" locale="global" number="001" type="FLP">http://images.philips.com/is/image/PhilipsConsumer/F400067665-FLP-global-001</Asset><Asset code="F400071757" description="Feature photograph - highres 2100x1170" extension="tif" lastModified="2017-10-31" locale="global" number="001" type="FIL">http://images.philips.com/is/image/PhilipsConsumer/F400071757-FIL-global-001</Asset><Asset code="F400071757" description="Feature logo - highres 331x213" extension="tif" lastModified="2015-02-05" locale="global" number="001" type="FLP">http://images.philips.com/is/image/PhilipsConsumer/F400071757-FLP-global-001</Asset><Asset code="F400078929" description="Feature photograph - highres 2100x1170" extension="tif" lastModified="2017-10-31" locale="global" number="001" type="FIL">http://images.philips.com/is/image/PhilipsConsumer/F400078929-FIL-global-001</Asset><Asset code="F400078929" description="Feature logo - highres 331x213" extension="tif" lastModified="2017-11-15" locale="global" number="001" type="FLP">http://images.philips.com/is/image/PhilipsConsumer/F400078929-FLP-global-001</Asset><Asset code="F400080297" description="Feature photograph - highres 2100x1170" extension="tif" lastModified="2017-10-31" locale="global" number="001" type="FIL">http://images.philips.com/is/image/PhilipsConsumer/F400080297-FIL-global-001</Asset><Asset code="F400080297" description="Feature logo - highres 331x213" extension="tif" lastModified="2017-11-15" locale="global" number="001" type="FLP">http://images.philips.com/is/image/PhilipsConsumer/F400080297-FLP-global-001</Asset><Asset code="F400081098" description="Feature photograph - highres 2100x1170" extension="tif" lastModified="2017-10-31" locale="global" number="001" type="FIL">http://images.philips.com/is/image/PhilipsConsumer/F400081098-FIL-global-001</Asset><Asset code="PHI" description="Brand logo - highres 1476x886" extension="tif" lastModified="2016-02-18" locale="global" number="001" type="BRP">http://images.philips.com/is/image/PhilipsConsumer/PHI-BRP-global-001</Asset></Assets><ProductName>ЖК-монитор V Line Full HD</ProductName><FullProductName>Philips ЖК-монитор Full HD 223V7QSB V Line 22 (диагональ 54,6 см/21,5"), Full HD (1920 x 1080)</FullProductName><NamingString><MasterBrand><BrandCode>PHI</BrandCode><BrandName>Philips</BrandName></MasterBrand><BrandString>Philips</BrandString><Descriptor><DescriptorCode>D4026313</DescriptorCode><DescriptorName>ЖК-монитор Full HD</DescriptorName></Descriptor><Alphanumeric>223V7QSB</Alphanumeric><VersionElement1><VersionElementCode>V4015923</VersionElementCode><VersionElementName>V Line</VersionElementName></VersionElement1><VersionElement2><VersionElementCode>V4031865</VersionElementCode><VersionElementName>22 (диагональ 54,6 см/21,5")</VersionElementName></VersionElement2><VersionElement3><VersionElementCode>V4035286</VersionElementCode><VersionElementName>Full HD (1920 x 1080)</VersionElementName></VersionElement3><VersionString>V Line 22 (диагональ 54,6 см/21,5"), Full HD (1920 x 1080)</VersionString><BrandedFeatureString/><DescriptorBrandedFeatureString>ЖК-монитор Full HD</DescriptorBrandedFeatureString></NamingString><WOW>Яркое и четкое изображение на широком экране</WOW><MarketingTextHeader>Превосходный широкий дисплей в компактном, тонком корпусе поражает качеством и разрешением изображения, а также обеспечивает комфорт для глаз.</MarketingTextHeader><KeyBenefitArea><KeyBenefitAreaCode>K4019194</KeyBenefitAreaCode><KeyBenefitAreaName>Всегда яркое и реалистичное изображение</KeyBenefitAreaName><KeyBenefitAreaRank>1</KeyBenefitAreaRank><Feature><FeatureCode>F400057965</FeatureCode><FeatureReferenceName>IPS technology_M5 (none Pivot)</FeatureReferenceName><FeatureName>Технология IPS</FeatureName><FeatureLongDescription>Технология IPS LED с широким углом обзора для точной передачи цветов и изображений</FeatureLongDescription><FeatureGlossary>В IPS-дисплеях используется прогрессивная технология, обеспечивающая широкий угол обзора 178/178 градусов для просмотра дисплея практически под любым углом. По сравнению со стандартными TN-панелями IPS-дисплеи обеспечивают значительно более высокую четкость изображения и яркие цвета, что делает их идеальным решением не только для просмотра фотографий, фильмов и веб-сайтов, но также и для работы в профессиональных приложениях, где требуется точная передача цвета и яркости.</FeatureGlossary><FeatureRank>1</FeatureRank><FeatureTopRank>1</FeatureTopRank></Feature><Feature><FeatureCode>F400071757</FeatureCode><FeatureReferenceName>16:9 Full HD display_2015</FeatureReferenceName><FeatureName>Дисплей 16:9 Full HD</FeatureName><FeatureLongDescription>Дисплей 16:9 Full HD для четкого и детального изображения</FeatureLongDescription><FeatureGlossary>Качество изображения играет важную роль. Обычные дисплеи обеспечивают неплохое качество изображения, однако не на самом высоком уровне. Этот дисплей оснащен улучшенным разрешением Full HD 1920 x 1080: четкая детализация в сочетании с высокой яркостью, удивительной контрастностью и реалистичной цветопередачей — естественное изображение словно оживает на глазах.</FeatureGlossary><FeatureRank>2</FeatureRank><FeatureTopRank>2</FeatureTopRank></Feature><Feature><FeatureCode>F400081098</FeatureCode><FeatureReferenceName>UltraNarrow Border_V7</FeatureReferenceName><FeatureName>Тонкая рамка</FeatureName><FeatureLongDescription>Дисплей с тонкой рамкой для безграничных возможностей отображения</FeatureLongDescription><FeatureGlossary>Новый дисплей Philips оснащен тонкой рамкой. Она практически незаметна и максимально увеличивает область просмотра. Дисплеи с ультратонкой рамкой особенно подходят для работы в многоэкранном режиме с такими приложениями, как игры, профессиональные приложения для графического дизайна и другие — создается впечатление, будто вы смотрите на один большой экран.</FeatureGlossary><FeatureRank>3</FeatureRank><FeatureTopRank>3</FeatureTopRank></Feature><Feature><FeatureCode>F400044232</FeatureCode><FeatureReferenceName>SmartContrast for rich black details</FeatureReferenceName><FeatureName>SmartContrast</FeatureName><FeatureLongDescription>SmartContrast: для насыщенных оттенков черного</FeatureLongDescription><FeatureGlossary>SmartContrast — технология Philips, которая анализирует отображаемый контент и автоматически настраивает цвета и интенсивность подсветки для динамичного улучшения контраста. Тем самым обеспечивается оптимальный уровень контрастности и наилучшее качество цифрового изображения, а также большая насыщенность темных оттенков, что особенно важно во время игр. При выборе экономичного режима уровень контрастности регулируется, а подсветка настраивается для оптимальной работы со стандартными офисными приложениями и экономии электроэнергии.</FeatureGlossary><FeatureRank>4</FeatureRank><FeatureTopRank>4</FeatureTopRank></Feature><Feature><FeatureCode>F400035289</FeatureCode><FeatureReferenceName>M4 SmartImage</FeatureReferenceName><FeatureName>SmartImage</FeatureName><FeatureLongDescription>Технология SmartImage для удобной настройки изображения</FeatureLongDescription><FeatureGlossary>SmartImage — это уникальная современная технология Philips, позволяющая анализировать отображаемое содержимое на экране для оптимизации характеристик дисплея. Удобный для пользователя интерфейс предоставляет выбор различных режимов, таких как "Офис", "Фото", "Видео", "Игра", "Экономичный" и т. д. в соответствии с используемым приложением. В зависимости от выбранного режима SmartImage динамически оптимизирует контрастность, насыщенность цвета и резкость изображений и видео, обеспечивая исключительное качество изображения. В режиме "Экономичный" потребление энергии максимально снижено. В любое время можно легко установить необходимый режим нажатием одной кнопки.</FeatureGlossary><FeatureRank>5</FeatureRank><FeatureTopRank>5</FeatureTopRank></Feature></KeyBenefitArea><KeyBenefitArea><KeyBenefitAreaCode>K4033184</KeyBenefitAreaCode><KeyBenefitAreaName>Забота о зрении</KeyBenefitAreaName><KeyBenefitAreaRank>2</KeyBenefitAreaRank><Feature><FeatureCode>F400067665</FeatureCode><FeatureReferenceName>Flicker-free technology</FeatureReferenceName><FeatureName>Технология для устранения мерцания</FeatureName><FeatureLongDescription>Технология для устранения мерцания уменьшает нагрузку на глаза</FeatureLongDescription><FeatureGlossary>Из-за особенностей системы управления яркостью на экранах со светодиодной подсветкой изображение может мерцать, что приводит к усталости глаз. Технология Philips для устранения мерцания использует инновационный способ регулировки яркости, обеспечивая более комфортный просмотр.</FeatureGlossary><FeatureRank>1</FeatureRank><FeatureTopRank>6</FeatureTopRank></Feature><Feature><FeatureCode>F400078929</FeatureCode><FeatureReferenceName>LowBlue Mode</FeatureReferenceName><FeatureName>Режим LowBlue</FeatureName><FeatureLongDescription>Режим LowBlue для продуктивности и защиты глаз</FeatureLongDescription><FeatureGlossary>Исследования показали, что, как и УФ-лучи, коротковолновый синий свет светодиодных дисплеев может негативно воздействовать на глаза, в результате чего со временем зрение может ухудшиться. Режим Philips LowBlue использует интеллектуальную технологию для уменьшения длины волны вредного синего света, что позволяет поддерживать хорошее самочувствие.</FeatureGlossary><FeatureRank>2</FeatureRank><FeatureTopRank>7</FeatureTopRank></Feature><Feature><FeatureCode>F400080297</FeatureCode><FeatureReferenceName>EasyRead mode_non Pivot</FeatureReferenceName><FeatureName>Режим EasyRead</FeatureName><FeatureLongDescription>Режим EasyRead обеспечивает комфорт при чтении</FeatureLongDescription><FeatureRank>3</FeatureRank><FeatureTopRank>8</FeatureTopRank></Feature></KeyBenefitArea><KeyBenefitArea><KeyBenefitAreaCode>K4033936</KeyBenefitAreaCode><KeyBenefitAreaName>Отлично впишется в ваше помещение</KeyBenefitAreaName><KeyBenefitAreaRank>3</KeyBenefitAreaRank><Feature><FeatureCode>F400054363</FeatureCode><FeatureReferenceName>Compact design saves space</FeatureReferenceName><FeatureName>Компактная конструкция экономит место</FeatureName><FeatureLongDescription>Компактная конструкция экономит место</FeatureLongDescription><FeatureRank>1</FeatureRank><FeatureTopRank>9</FeatureTopRank></Feature><Feature><FeatureCode>F400019722</FeatureCode><FeatureReferenceName>Mercury Free</FeatureReferenceName><FeatureName>Не содержит ртуть</FeatureName><FeatureLongDescription>Экологически безопасный дисплей без содержания ртути</FeatureLongDescription><FeatureGlossary>Мониторы Philips со светодиодной подсветкой не содержат ртути — одного из самых токсичных материалов, оказывающего негативное воздействие на людей и животных. Этот факт снижает негативное воздействие монитора на окружающую среду от момента его производства до утилизации.</FeatureGlossary><FeatureRank>2</FeatureRank><FeatureTopRank>10</FeatureTopRank></Feature><Feature><FeatureCode>F400044228</FeatureCode><FeatureReferenceName>VESA mount allows for flexibility</FeatureReferenceName><FeatureName>крепление VESA</FeatureName><FeatureLongDescription>Крепление VESA для гибкости при установке</FeatureLongDescription><FeatureRank>3</FeatureRank><FeatureTopRank>11</FeatureTopRank></Feature></KeyBenefitArea><FeatureLogo><FeatureCode>F400045216</FeatureCode><FeatureReferenceName>IPS technology_Carina 2 (none Pivot)</FeatureReferenceName><FeatureLogoRank>4</FeatureLogoRank></FeatureLogo><FeatureLogo><FeatureCode>F400032208</FeatureCode><FeatureReferenceName>16:9 Full HD display for best viewing experience</FeatureReferenceName><FeatureLogoRank>5</FeatureLogoRank></FeatureLogo><FeatureLogo><FeatureCode>F400047611</FeatureCode><FeatureReferenceName>Ultra Narrow Bezel</FeatureReferenceName><FeatureLogoRank>6</FeatureLogoRank></FeatureLogo><FeatureLogo><FeatureCode>F400032582</FeatureCode><FeatureReferenceName>SmartContrast ratio 10000000:1</FeatureReferenceName><FeatureLogoRank>7</FeatureLogoRank></FeatureLogo><FeatureLogo><FeatureCode>F400035289</FeatureCode><FeatureReferenceName>M4 SmartImage</FeatureReferenceName><FeatureLogoRank>8</FeatureLogoRank></FeatureLogo><FeatureLogo><FeatureCode>F400067665</FeatureCode><FeatureReferenceName>Flicker-free technology</FeatureReferenceName><FeatureLogoRank>9</FeatureLogoRank></FeatureLogo><FeatureLogo><FeatureCode>F400078929</FeatureCode><FeatureReferenceName>LowBlue Mode</FeatureReferenceName><FeatureLogoRank>10</FeatureLogoRank></FeatureLogo><FeatureLogo><FeatureCode>F400080297</FeatureCode><FeatureReferenceName>EasyRead mode_non Pivot</FeatureReferenceName><FeatureLogoRank>11</FeatureLogoRank></FeatureLogo><FeatureLogo><FeatureCode>F400019722</FeatureCode><FeatureReferenceName>Mercury Free</FeatureReferenceName><FeatureLogoRank>12</FeatureLogoRank></FeatureLogo><FeatureImage><FeatureCode>F400057965</FeatureCode><FeatureReferenceName>IPS technology_M5 (none Pivot)</FeatureReferenceName><FeatureImageRank>1</FeatureImageRank></FeatureImage><FeatureImage><FeatureCode>F400071757</FeatureCode><FeatureReferenceName>16:9 Full HD display_2015</FeatureReferenceName><FeatureImageRank>2</FeatureImageRank></FeatureImage><FeatureImage><FeatureCode>F400081098</FeatureCode><FeatureReferenceName>UltraNarrow Border_V7</FeatureReferenceName><FeatureImageRank>3</FeatureImageRank></FeatureImage><FeatureImage><FeatureCode>F400044232</FeatureCode><FeatureReferenceName>SmartContrast for rich black details</FeatureReferenceName><FeatureImageRank>4</FeatureImageRank></FeatureImage><FeatureImage><FeatureCode>F400035289</FeatureCode><FeatureReferenceName>M4 SmartImage</FeatureReferenceName><FeatureImageRank>5</FeatureImageRank></FeatureImage><FeatureImage><FeatureCode>F400067665</FeatureCode><FeatureReferenceName>Flicker-free technology</FeatureReferenceName><FeatureImageRank>6</FeatureImageRank></FeatureImage><FeatureImage><FeatureCode>F400078929</FeatureCode><FeatureReferenceName>LowBlue Mode</FeatureReferenceName><FeatureImageRank>7</FeatureImageRank></FeatureImage><FeatureImage><FeatureCode>F400080297</FeatureCode><FeatureReferenceName>EasyRead mode_non Pivot</FeatureReferenceName><FeatureImageRank>8</FeatureImageRank></FeatureImage><FeatureImage><FeatureCode>F400019722</FeatureCode><FeatureReferenceName>Mercury Free</FeatureReferenceName><FeatureImageRank>10</FeatureImageRank></FeatureImage><FeatureHighlight><FeatureCode>F400057965</FeatureCode><FeatureReferenceName>IPS technology_M5 (none Pivot)</FeatureReferenceName><FeatureHighlightRank>1</FeatureHighlightRank></FeatureHighlight><FeatureHighlight><FeatureCode>F400071757</FeatureCode><FeatureReferenceName>16:9 Full HD display_2015</FeatureReferenceName><FeatureHighlightRank>2</FeatureHighlightRank></FeatureHighlight><FeatureHighlight><FeatureCode>F400081098</FeatureCode><FeatureReferenceName>UltraNarrow Border_V7</FeatureReferenceName><FeatureHighlightRank>3</FeatureHighlightRank></FeatureHighlight><FeatureHighlight><FeatureCode>F400044232</FeatureCode><FeatureReferenceName>SmartContrast for rich black details</FeatureReferenceName><FeatureHighlightRank>4</FeatureHighlightRank></FeatureHighlight><FeatureHighlight><FeatureCode>F400035289</FeatureCode><FeatureReferenceName>M4 SmartImage</FeatureReferenceName><FeatureHighlightRank>5</FeatureHighlightRank></FeatureHighlight><FeatureHighlight><FeatureCode>F400067665</FeatureCode><FeatureReferenceName>Flicker-free technology</FeatureReferenceName><FeatureHighlightRank>6</FeatureHighlightRank></FeatureHighlight><FeatureHighlight><FeatureCode>F400078929</FeatureCode><FeatureReferenceName>LowBlue Mode</FeatureReferenceName><FeatureHighlightRank>7</FeatureHighlightRank></FeatureHighlight><FeatureHighlight><FeatureCode>F400080297</FeatureCode><FeatureReferenceName>EasyRead mode_non Pivot</FeatureReferenceName><FeatureHighlightRank>8</FeatureHighlightRank></FeatureHighlight><FeatureHighlight><FeatureCode>F400019722</FeatureCode><FeatureReferenceName>Mercury Free</FeatureReferenceName><FeatureHighlightRank>10</FeatureHighlightRank></FeatureHighlight><CSChapter><CSChapterCode>3000796</CSChapterCode><CSChapterName>Изображение/дисплей</CSChapterName><CSChapterRank>1</CSChapterRank><CSItem><CSItemCode>3006169</CSItemCode><CSItemName>Тип ЖК-панели</CSItemName><CSItemRank>1</CSItemRank><CSItemIsFreeFormat>0</CSItemIsFreeFormat><CSValue><CSValueCode>VA4095423</CSValueCode><CSValueName>Технология IPS</CSValueName><CSValueRank>1</CSValueRank></CSValue></CSItem><CSItem><CSItemCode>IT4007209</CSItemCode><CSItemName>Тип подсветки</CSItemName><CSItemRank>2</CSItemRank><CSItemIsFreeFormat>1</CSItemIsFreeFormat><CSValue><CSValueCode>VA4018797</CSValueCode><CSValueName>Система W-LED</CSValueName><CSValueRank>1</CSValueRank></CSValue></CSItem><CSItem><CSItemCode>3006180</CSItemCode><CSItemName>Размер панели</CSItemName><CSItemRank>3</CSItemRank><CSItemIsFreeFormat>1</CSItemIsFreeFormat><CSValue><CSValueCode>3031218</CSValueCode><CSValueName>21,5 дюйма / 54,6 см</CSValueName><CSValueRank>1</CSValueRank></CSValue></CSItem><CSItem><CSItemCode>3006149</CSItemCode><CSItemName>Рабочая область просмотра</CSItemName><CSItemRank>4</CSItemRank><CSItemIsFreeFormat>1</CSItemIsFreeFormat><CSValue><CSValueCode>3031161</CSValueCode><CSValueName>476,06 (Г) x 267,79 (В)</CSValueName><CSValueRank>1</CSValueRank></CSValue></CSItem><CSItem><CSItemCode>3006121</CSItemCode><CSItemName>Формат изображения</CSItemName><CSItemRank>5</CSItemRank><CSItemIsFreeFormat>0</CSItemIsFreeFormat><CSValue><CSValueCode>3031098</CSValueCode><CSValueName>16:9</CSValueName><CSValueRank>1</CSValueRank></CSValue></CSItem><CSItem><CSItemCode>3006193</CSItemCode><CSItemName>Оптимальное разрешение</CSItemName><CSItemRank>6</CSItemRank><CSItemIsFreeFormat>1</CSItemIsFreeFormat><CSValue><CSValueCode>3031277</CSValueCode><CSValueName>1920 x 1080 при 60 Гц</CSValueName><CSValueRank>1</CSValueRank></CSValue></CSItem><CSItem><CSItemCode>IT4041772</CSItemCode><CSItemName>Плотность пикселей</CSItemName><CSItemRank>7</CSItemRank><CSItemIsFreeFormat>1</CSItemIsFreeFormat><CSValue><CSValueCode>VA4096901</CSValueCode><CSValueName>102 точки на дюйм</CSValueName><CSValueRank>1</CSValueRank></CSValue></CSItem><CSItem><CSItemCode>IT4039893</CSItemCode><CSItemName>Время отклика (типич.)</CSItemName><CSItemRank>8</CSItemRank><CSItemIsFreeFormat>1</CSItemIsFreeFormat><CSValue><CSValueCode>VA4093235</CSValueCode><CSValueName>5 мс (серый к серому)*</CSValueName><CSValueRank>1</CSValueRank></CSValue></CSItem><CSItem><CSItemCode>3006127</CSItemCode><CSItemName>Яркость</CSItemName><CSItemRank>9</CSItemRank><CSItemIsFreeFormat>1</CSItemIsFreeFormat><CSValue><CSValueCode>3031110</CSValueCode><CSValueName>250</CSValueName><CSValueRank>1</CSValueRank></CSValue><UnitOfMeasure><UnitOfMeasureCode>3000038</UnitOfMeasureCode><UnitOfMeasureName>кандел на квадратный метр</UnitOfMeasureName><UnitOfMeasureSymbol>кд/м²</UnitOfMeasureSymbol></UnitOfMeasure></CSItem><CSItem><CSItemCode>IT4006148</CSItemCode><CSItemName>SmartContrast</CSItemName><CSItemRank>10</CSItemRank><CSItemIsFreeFormat>1</CSItemIsFreeFormat><CSValue><CSValueCode>VA4017351</CSValueCode><CSValueName>20 000 000:1</CSValueName><CSValueRank>1</CSValueRank></CSValue></CSItem><CSItem><CSItemCode>3006133</CSItemCode><CSItemName>Коэфф. контрастности (типич.)</CSItemName><CSItemRank>11</CSItemRank><CSItemIsFreeFormat>1</CSItemIsFreeFormat><CSValue><CSValueCode>3031116</CSValueCode><CSValueName>1000:1</CSValueName><CSValueRank>1</CSValueRank></CSValue></CSItem><CSItem><CSItemCode>3006186</CSItemCode><CSItemName>Шаг пикселей</CSItemName><CSItemRank>12</CSItemRank><CSItemIsFreeFormat>1</CSItemIsFreeFormat><CSValue><CSValueCode>3031270</CSValueCode><CSValueName>0,248 x 0,248 мм</CSValueName><CSValueRank>1</CSValueRank></CSValue></CSItem><CSItem><CSItemCode>3007518</CSItemCode><CSItemName>Угол просмотра</CSItemName><CSItemRank>13</CSItemRank><CSItemIsFreeFormat>0</CSItemIsFreeFormat><CSValue><CSValueCode>VA4002901</CSValueCode><CSValueName>178º (Г) / 178º (В)</CSValueName><CSValueRank>1</CSValueRank></CSValue><CSValue><CSValueCode>3035028</CSValueCode><CSValueName>@ C/R &gt; 10</CSValueName><CSValueRank>2</CSValueRank></CSValue></CSItem><CSItem><CSItemCode>IT4036934</CSItemCode><CSItemName>Без мерцания</CSItemName><CSItemRank>14</CSItemRank><CSItemIsFreeFormat>1</CSItemIsFreeFormat><CSValue><CSValueCode>VA4085801</CSValueCode><CSValueName>Да</CSValueName><CSValueRank>1</CSValueRank></CSValue></CSItem><CSItem><CSItemCode>3006183</CSItemCode><CSItemName>Улучшение изображения</CSItemName><CSItemRank>15</CSItemRank><CSItemIsFreeFormat>0</CSItemIsFreeFormat><CSValue><CSValueCode>3049169</CSValueCode><CSValueName>SmartImage</CSValueName><CSValueRank>1</CSValueRank></CSValue></CSItem><CSItem><CSItemCode>3006143</CSItemCode><CSItemName>Цвета дисплея</CSItemName><CSItemRank>16</CSItemRank><CSItemIsFreeFormat>1</CSItemIsFreeFormat><CSValue><CSValueCode>3031126</CSValueCode><CSValueName>16,7 M</CSValueName><CSValueRank>1</CSValueRank></CSValue></CSItem><CSItem><CSItemCode>IT4006149</CSItemCode><CSItemName>Частота сканирования</CSItemName><CSItemRank>17</CSItemRank><CSItemIsFreeFormat>1</CSItemIsFreeFormat><CSValue><CSValueCode>VA4017352</CSValueCode><CSValueName>30–83 кГц (Г)/56–76 Гц (В)</CSValueName><CSValueRank>1</CSValueRank></CSValue></CSItem><CSItem><CSItemCode>IT4042826</CSItemCode><CSItemName>Режим LowBlue</CSItemName><CSItemRank>18</CSItemRank><CSItemIsFreeFormat>1</CSItemIsFreeFormat><CSValue><CSValueCode>VA4098941</CSValueCode><CSValueName>Да</CSValueName><CSValueRank>1</CSValueRank></CSValue></CSItem><CSItem><CSItemCode>3006207</CSItemCode><CSItemName>sRGB</CSItemName><CSItemRank>19</CSItemRank><CSItemIsFreeFormat>1</CSItemIsFreeFormat><CSValue><CSValueCode>3031306</CSValueCode><CSValueName>Да</CSValueName><CSValueRank>1</CSValueRank></CSValue></CSItem></CSChapter><CSChapter><CSChapterCode>3000813</CSChapterCode><CSChapterName>Подключения</CSChapterName><CSChapterRank>3</CSChapterRank><CSItem><CSItemCode>3006576</CSItemCode><CSItemName>Вход сигнала</CSItemName><CSItemRank>1</CSItemRank><CSItemIsFreeFormat>0</CSItemIsFreeFormat><CSValue><CSValueCode>3036216</CSValueCode><CSValueName>VGA (аналоговый)</CSValueName><CSValueRank>1</CSValueRank></CSValue></CSItem><CSItem><CSItemCode>3006588</CSItemCode><CSItemName>Синхронизация входного сигнала</CSItemName><CSItemRank>2</CSItemRank><CSItemIsFreeFormat>0</CSItemIsFreeFormat><CSValue><CSValueCode>3032392</CSValueCode><CSValueName>Раздельная синхронизация</CSValueName><CSValueRank>1</CSValueRank></CSValue><CSValue><CSValueCode>3032393</CSValueCode><CSValueName>Синхронизация по зеленому</CSValueName><CSValueRank>2</CSValueRank></CSValue></CSItem></CSChapter><CSChapter><CSChapterCode>3000814</CSChapterCode><CSChapterName>Комфорт</CSChapterName><CSChapterRank>4</CSChapterRank><CSItem><CSItemCode>3006633</CSItemCode><CSItemName>Удобство пользователя</CSItemName><CSItemRank>1</CSItemRank><CSItemIsFreeFormat>0</CSItemIsFreeFormat><CSValue><CSValueCode>VA4017554</CSValueCode><CSValueName>Вкл./выкл. питание</CSValueName><CSValueRank>1</CSValueRank></CSValue><CSValue><CSValueCode>VA4042581</CSValueCode><CSValueName>Меню/ОК</CSValueName><CSValueRank>2</CSValueRank></CSValue><CSValue><CSValueCode>VA4097257</CSValueCode><CSValueName>Яркость/вверх</CSValueName><CSValueRank>3</CSValueRank></CSValue><CSValue><CSValueCode>VA4068286</CSValueCode><CSValueName>Ввод/вниз</CSValueName><CSValueRank>4</CSValueRank></CSValue><CSValue><CSValueCode>VA4064641</CSValueCode><CSValueName>SmartImage/назад</CSValueName><CSValueRank>5</CSValueRank></CSValue></CSItem><CSItem><CSItemCode>3006693</CSItemCode><CSItemName>Языки экранных меню</CSItemName><CSItemRank>2</CSItemRank><CSItemIsFreeFormat>0</CSItemIsFreeFormat><CSValue><CSValueCode>VA4065363</CSValueCode><CSValueName>Португальский (Бразилия)</CSValueName><CSValueRank>1</CSValueRank></CSValue><CSValue><CSValueCode>3034561</CSValueCode><CSValueName>Чешский</CSValueName><CSValueRank>2</CSValueRank></CSValue><CSValue><CSValueCode>3034565</CSValueCode><CSValueName>Голландский</CSValueName><CSValueRank>3</CSValueRank></CSValue><CSValue><CSValueCode>3032771</CSValueCode><CSValueName>Английский</CSValueName><CSValueRank>4</CSValueRank></CSValue><CSValue><CSValueCode>VA4063224</CSValueCode><CSValueName>Финский</CSValueName><CSValueRank>5</CSValueRank></CSValue><CSValue><CSValueCode>3032772</CSValueCode><CSValueName>Французский</CSValueName><CSValueRank>6</CSValueRank></CSValue><CSValue><CSValueCode>3032773</CSValueCode><CSValueName>Немецкий</CSValueName><CSValueRank>7</CSValueRank></CSValue><CSValue><CSValueCode>VA4002508</CSValueCode><CSValueName>Греческий</CSValueName><CSValueRank>8</CSValueRank></CSValue><CSValue><CSValueCode>3034563</CSValueCode><CSValueName>Венгерский</CSValueName><CSValueRank>9</CSValueRank></CSValue><CSValue><CSValueCode>3032774</CSValueCode><CSValueName>Итальянский</CSValueName><CSValueRank>10</CSValueRank></CSValue><CSValue><CSValueCode>3038221</CSValueCode><CSValueName>Японский</CSValueName><CSValueRank>11</CSValueRank></CSValue><CSValue><CSValueCode>3039946</CSValueCode><CSValueName>Корейский</CSValueName><CSValueRank>12</CSValueRank></CSValue><CSValue><CSValueCode>3034564</CSValueCode><CSValueName>Польский</CSValueName><CSValueRank>13</CSValueRank></CSValue><CSValue><CSValueCode>3032775</CSValueCode><CSValueName>Португальский</CSValueName><CSValueRank>14</CSValueRank></CSValue><CSValue><CSValueCode>3032776</CSValueCode><CSValueName>Русский</CSValueName><CSValueRank>15</CSValueRank></CSValue><CSValue><CSValueCode>3032777</CSValueCode><CSValueName>Испанский</CSValueName><CSValueRank>16</CSValueRank></CSValue><CSValue><CSValueCode>3034114</CSValueCode><CSValueName>Упрощенный китайский</CSValueName><CSValueRank>17</CSValueRank></CSValue><CSValue><CSValueCode>3034562</CSValueCode><CSValueName>Шведский</CSValueName><CSValueRank>18</CSValueRank></CSValue><CSValue><CSValueCode>3035749</CSValueCode><CSValueName>Турецкий</CSValueName><CSValueRank>19</CSValueRank></CSValue><CSValue><CSValueCode>3034115</CSValueCode><CSValueName>Традиционный китайский</CSValueName><CSValueRank>20</CSValueRank></CSValue><CSValue><CSValueCode>VA4065364</CSValueCode><CSValueName>Украинский</CSValueName><CSValueRank>21</CSValueRank></CSValue></CSItem><CSItem><CSItemCode>3006694</CSItemCode><CSItemName>Другие удобства</CSItemName><CSItemRank>3</CSItemRank><CSItemIsFreeFormat>0</CSItemIsFreeFormat><CSValue><CSValueCode>3032778</CSValueCode><CSValueName>Замок Kensington</CSValueName><CSValueRank>1</CSValueRank></CSValue><CSValue><CSValueCode>VA4016754</CSValueCode><CSValueName>Крепление VESA (100x100 мм)</CSValueName><CSValueRank>2</CSValueRank></CSValue></CSItem><CSItem><CSItemCode>3006699</CSItemCode><CSItemName>Совместимость с системой Plug &amp; Play</CSItemName><CSItemRank>4</CSItemRank><CSItemIsFreeFormat>0</CSItemIsFreeFormat><CSValue><CSValueCode>3043209</CSValueCode><CSValueName>DDC CI</CSValueName><CSValueRank>1</CSValueRank></CSValue><CSValue><CSValueCode>3046249</CSValueCode><CSValueName>Mac OS X</CSValueName><CSValueRank>2</CSValueRank></CSValue><CSValue><CSValueCode>3032788</CSValueCode><CSValueName>sRGB</CSValueName><CSValueRank>3</CSValueRank></CSValue><CSValue><CSValueCode>VA4091311</CSValueCode><CSValueName>Windows 10/8.1/8/7</CSValueName><CSValueRank>4</CSValueRank></CSValue></CSItem></CSChapter><CSChapter><CSChapterCode>CH4000824</CSChapterCode><CSChapterName>Подставка</CSChapterName><CSChapterRank>5</CSChapterRank><CSItem><CSItemCode>IT4004954</CSItemCode><CSItemName>Наклон</CSItemName><CSItemRank>1</CSItemRank><CSItemIsFreeFormat>1</CSItemIsFreeFormat><CSValue><CSValueCode>VA4015659</CSValueCode><CSValueName>-5/20</CSValueName><CSValueRank>1</CSValueRank></CSValue><UnitOfMeasure><UnitOfMeasureCode>3000042</UnitOfMeasureCode><UnitOfMeasureName>градусов</UnitOfMeasureName><UnitOfMeasureSymbol>градусов</UnitOfMeasureSymbol></UnitOfMeasure></CSItem></CSChapter><CSChapter><CSChapterCode>3000821</CSChapterCode><CSChapterName>Мощность</CSChapterName><CSChapterRank>6</CSChapterRank><CSItem><CSItemCode>IT4005861</CSItemCode><CSItemName>В активном режиме</CSItemName><CSItemRank>1</CSItemRank><CSItemIsFreeFormat>1</CSItemIsFreeFormat><CSValue><CSValueCode>VA4017025</CSValueCode><CSValueName>13,09 Вт (типич.) (метод проверки EnergyStar 7.0)</CSValueName><CSValueRank>1</CSValueRank></CSValue></CSItem><CSItem><CSItemCode>IT4006150</CSItemCode><CSItemName>В режиме ожидания</CSItemName><CSItemRank>2</CSItemRank><CSItemIsFreeFormat>1</CSItemIsFreeFormat><CSValue><CSValueCode>VA4017360</CSValueCode><CSValueName>&lt; 0,5 Вт (типич.)</CSValueName><CSValueRank>1</CSValueRank></CSValue></CSItem><CSItem><CSItemCode>IT4006081</CSItemCode><CSItemName>В выключенном состоянии</CSItemName><CSItemRank>3</CSItemRank><CSItemIsFreeFormat>1</CSItemIsFreeFormat><CSValue><CSValueCode>VA4017285</CSValueCode><CSValueName>&lt; 0,5 Вт (типич.)</CSValueName><CSValueRank>1</CSValueRank></CSValue></CSItem><CSItem><CSItemCode>3006931</CSItemCode><CSItemName>LED-индикатор питания</CSItemName><CSItemRank>4</CSItemRank><CSItemIsFreeFormat>0</CSItemIsFreeFormat><CSValue><CSValueCode>VA4015465</CSValueCode><CSValueName>Режим работы — белый</CSValueName><CSValueRank>1</CSValueRank></CSValue><CSValue><CSValueCode>VA4017406</CSValueCode><CSValueName>Режим ожидания — белый (мигающий)</CSValueName><CSValueRank>2</CSValueRank></CSValue></CSItem><CSItem><CSItemCode>3006932</CSItemCode><CSItemName>Источник питания</CSItemName><CSItemRank>5</CSItemRank><CSItemIsFreeFormat>0</CSItemIsFreeFormat><CSValue><CSValueCode>3033321</CSValueCode><CSValueName>Встроенный</CSValueName><CSValueRank>1</CSValueRank></CSValue><CSValue><CSValueCode>VA4050622</CSValueCode><CSValueName>100—240 В перем. тока, 50—60 Гц</CSValueName><CSValueRank>2</CSValueRank></CSValue></CSItem></CSChapter><CSChapter><CSChapterCode>3000820</CSChapterCode><CSChapterName>Размеры</CSChapterName><CSChapterRank>7</CSChapterRank><CSItem><CSItemCode>IT4005764</CSItemCode><CSItemName>Изделие с подставкой (мм)</CSItemName><CSItemRank>1</CSItemRank><CSItemIsFreeFormat>1</CSItemIsFreeFormat><CSValue><CSValueCode>VA4016930</CSValueCode><CSValueName>490 x 368 x 195</CSValueName><CSValueRank>1</CSValueRank></CSValue><UnitOfMeasure><UnitOfMeasureCode>3000058</UnitOfMeasureCode><UnitOfMeasureName>миллиметра</UnitOfMeasureName><UnitOfMeasureSymbol>мм</UnitOfMeasureSymbol></UnitOfMeasure></CSItem><CSItem><CSItemCode>IT4005765</CSItemCode><CSItemName>Изделие без подставки (мм)</CSItemName><CSItemRank>2</CSItemRank><CSItemIsFreeFormat>1</CSItemIsFreeFormat><CSValue><CSValueCode>VA4016931</CSValueCode><CSValueName>490 x 296 x 45</CSValueName><CSValueRank>1</CSValueRank></CSValue><UnitOfMeasure><UnitOfMeasureCode>3000058</UnitOfMeasureCode><UnitOfMeasureName>миллиметра</UnitOfMeasureName><UnitOfMeasureSymbol>мм</UnitOfMeasureSymbol></UnitOfMeasure></CSItem><CSItem><CSItemCode>IT4005766</CSItemCode><CSItemName>Размеры упаковки в мм (ШxВxГ)</CSItemName><CSItemRank>3</CSItemRank><CSItemIsFreeFormat>1</CSItemIsFreeFormat><CSValue><CSValueCode>VA4016932</CSValueCode><CSValueName>575 x 440 x 113</CSValueName><CSValueRank>1</CSValueRank></CSValue><UnitOfMeasure><UnitOfMeasureCode>3000058</UnitOfMeasureCode><UnitOfMeasureName>миллиметра</UnitOfMeasureName><UnitOfMeasureSymbol>мм</UnitOfMeasureSymbol></UnitOfMeasure></CSItem></CSChapter><CSChapter><CSChapterCode>CH4000702</CSChapterCode><CSChapterName>Вес</CSChapterName><CSChapterRank>8</CSChapterRank><CSItem><CSItemCode>IT4005770</CSItemCode><CSItemName>Изделие с подставкой (кг)</CSItemName><CSItemRank>1</CSItemRank><CSItemIsFreeFormat>1</CSItemIsFreeFormat><CSValue><CSValueCode>VA4016936</CSValueCode><CSValueName>2,80</CSValueName><CSValueRank>1</CSValueRank></CSValue><UnitOfMeasure><UnitOfMeasureCode>3000049</UnitOfMeasureCode><UnitOfMeasureName>(килограммы)</UnitOfMeasureName><UnitOfMeasureSymbol>кг</UnitOfMeasureSymbol></UnitOfMeasure></CSItem><CSItem><CSItemCode>IT4005771</CSItemCode><CSItemName>Изделие без подставки (кг)</CSItemName><CSItemRank>2</CSItemRank><CSItemIsFreeFormat>1</CSItemIsFreeFormat><CSValue><CSValueCode>VA4016937</CSValueCode><CSValueName>2,45</CSValueName><CSValueRank>1</CSValueRank></CSValue><UnitOfMeasure><UnitOfMeasureCode>3000049</UnitOfMeasureCode><UnitOfMeasureName>(килограммы)</UnitOfMeasureName><UnitOfMeasureSymbol>кг</UnitOfMeasureSymbol></UnitOfMeasure></CSItem><CSItem><CSItemCode>IT4005772</CSItemCode><CSItemName>Изделие с упаковкой (кг)</CSItemName><CSItemRank>3</CSItemRank><CSItemIsFreeFormat>1</CSItemIsFreeFormat><CSValue><CSValueCode>VA4016938</CSValueCode><CSValueName>4,02</CSValueName><CSValueRank>1</CSValueRank></CSValue><UnitOfMeasure><UnitOfMeasureCode>3000049</UnitOfMeasureCode><UnitOfMeasureName>(килограммы)</UnitOfMeasureName><UnitOfMeasureSymbol>кг</UnitOfMeasureSymbol></UnitOfMeasure></CSItem></CSChapter><CSChapter><CSChapterCode>CH4000823</CSChapterCode><CSChapterName>Условия эксплуатации</CSChapterName><CSChapterRank>9</CSChapterRank><CSItem><CSItemCode>IT4004946</CSItemCode><CSItemName>Диапазон температур (эксплуатация)</CSItemName><CSItemRank>1</CSItemRank><CSItemIsFreeFormat>1</CSItemIsFreeFormat><CSValue><CSValueCode>VA4015651</CSValueCode><CSValueName>от 0 °C до 40 °C</CSValueName><CSValueRank>1</CSValueRank></CSValue><UnitOfMeasure><UnitOfMeasureCode>3000081</UnitOfMeasureCode><UnitOfMeasureName>градусов Цельсия</UnitOfMeasureName><UnitOfMeasureSymbol>°C</UnitOfMeasureSymbol></UnitOfMeasure></CSItem><CSItem><CSItemCode>IT4004947</CSItemCode><CSItemName>Диапазон температур (хранение)</CSItemName><CSItemRank>2</CSItemRank><CSItemIsFreeFormat>1</CSItemIsFreeFormat><CSValue><CSValueCode>VA4015652</CSValueCode><CSValueName>от -20 °C до 60 °C</CSValueName><CSValueRank>1</CSValueRank></CSValue><UnitOfMeasure><UnitOfMeasureCode>3000081</UnitOfMeasureCode><UnitOfMeasureName>градусов Цельсия</UnitOfMeasureName><UnitOfMeasureSymbol>°C</UnitOfMeasureSymbol></UnitOfMeasure></CSItem><CSItem><CSItemCode>IT4004948</CSItemCode><CSItemName>Относительная влажность</CSItemName><CSItemRank>3</CSItemRank><CSItemIsFreeFormat>1</CSItemIsFreeFormat><CSValue><CSValueCode>VA4015653</CSValueCode><CSValueName>20–80</CSValueName><CSValueRank>1</CSValueRank></CSValue><UnitOfMeasure><UnitOfMeasureCode>3000065</UnitOfMeasureCode><UnitOfMeasureName>процентов</UnitOfMeasureName><UnitOfMeasureSymbol>%</UnitOfMeasureSymbol></UnitOfMeasure></CSItem><CSItem><CSItemCode>IT4023612</CSItemCode><CSItemName>Высота</CSItemName><CSItemRank>4</CSItemRank><CSItemIsFreeFormat>1</CSItemIsFreeFormat><CSValue><CSValueCode>VA4054761</CSValueCode><CSValueName>Рабочий режим: +3658 м, бездействие: +12 192 м</CSValueName><CSValueRank>1</CSValueRank></CSValue></CSItem><CSItem><CSItemCode>IT4004949</CSItemCode><CSItemName>Среднее время между отказами</CSItemName><CSItemRank>5</CSItemRank><CSItemIsFreeFormat>1</CSItemIsFreeFormat><CSValue><CSValueCode>VA4015654</CSValueCode><CSValueName>50 000 ч (без подсветки)</CSValueName><CSValueRank>1</CSValueRank></CSValue><UnitOfMeasure><UnitOfMeasureCode>4000007</UnitOfMeasureCode><UnitOfMeasureName>- часов</UnitOfMeasureName><UnitOfMeasureSymbol>часов</UnitOfMeasureSymbol></UnitOfMeasure></CSItem></CSChapter><CSChapter><CSChapterCode>CH4000822</CSChapterCode><CSChapterName>Забота об окружающей среде</CSChapterName><CSChapterRank>10</CSChapterRank><CSItem><CSItemCode>IT4004941</CSItemCode><CSItemName>Окружающая среда и электроэнергия</CSItemName><CSItemRank>1</CSItemRank><CSItemIsFreeFormat>0</CSItemIsFreeFormat><CSValue><CSValueCode>VA4094404</CSValueCode><CSValueName>EnergyStar 7.0</CSValueName><CSValueRank>1</CSValueRank></CSValue><CSValue><CSValueCode>VA4022517</CSValueCode><CSValueName>Стандарт EPEAT Gold</CSValueName><CSValueRank>2</CSValueRank></CSValue><CSValue><CSValueCode>VA4015645</CSValueCode><CSValueName>RoHS</CSValueName><CSValueRank>3</CSValueRank></CSValue><CSValue><CSValueCode>VA4033721</CSValueCode><CSValueName>Не содержит свинца</CSValueName><CSValueRank>4</CSValueRank></CSValue><CSValue><CSValueCode>VA4033722</CSValueCode><CSValueName>Не содержит ртуть</CSValueName><CSValueRank>5</CSValueRank></CSValue><CSValue><CSValueCode>VA4102696</CSValueCode><CSValueName>Сертификация TCO</CSValueName><CSValueRank>6</CSValueRank></CSValue><CSValue><CSValueCode>VA4017527</CSValueCode><CSValueName>WEEE</CSValueName><CSValueRank>7</CSValueRank></CSValue></CSItem><CSItem><CSItemCode>IT4004944</CSItemCode><CSItemName>Упаковка пригодна для вторичной переработки</CSItemName><CSItemRank>2</CSItemRank><CSItemIsFreeFormat>1</CSItemIsFreeFormat><CSValue><CSValueCode>VA4015649</CSValueCode><CSValueName>100</CSValueName><CSValueRank>1</CSValueRank></CSValue><UnitOfMeasure><UnitOfMeasureCode>3000065</UnitOfMeasureCode><UnitOfMeasureName>процентов</UnitOfMeasureName><UnitOfMeasureSymbol>%</UnitOfMeasureSymbol></UnitOfMeasure></CSItem></CSChapter><CSChapter><CSChapterCode>CH4001161</CSChapterCode><CSChapterName>Соответствие стандартам</CSChapterName><CSChapterRank>11</CSChapterRank><CSItem><CSItemCode>IT4006152</CSItemCode><CSItemName>Подтверждение соответствия нормативам</CSItemName><CSItemRank>1</CSItemRank><CSItemIsFreeFormat>0</CSItemIsFreeFormat><CSValue><CSValueCode>VA4078161</CSValueCode><CSValueName>CU</CSValueName><CSValueRank>1</CSValueRank></CSValue><CSValue><CSValueCode>VA4017365</CSValueCode><CSValueName>SEMKO</CSValueName><CSValueRank>2</CSValueRank></CSValue><CSValue><CSValueCode>VA4064941</CSValueCode><CSValueName>cETLus</CSValueName><CSValueRank>3</CSValueRank></CSValue><CSValue><CSValueCode>VA4050621</CSValueCode><CSValueName>TUV/ISO9241-307</CSValueName><CSValueRank>4</CSValueRank></CSValue><CSValue><CSValueCode>VA4017361</CSValueCode><CSValueName>Маркировка CE</CSValueName><CSValueRank>5</CSValueRank></CSValue><CSValue><CSValueCode>VA4027482</CSValueCode><CSValueName>FCC класс B</CSValueName><CSValueRank>6</CSValueRank></CSValue><CSValue><CSValueCode>VA4083905</CSValueCode><CSValueName>ICES-003</CSValueName><CSValueRank>7</CSValueRank></CSValue><CSValue><CSValueCode>VA4090213</CSValueCode><CSValueName>RCM</CSValueName><CSValueRank>8</CSValueRank></CSValue><CSValue><CSValueCode>VA4085218</CSValueCode><CSValueName>УКРАИНСКИЙ</CSValueName><CSValueRank>9</CSValueRank></CSValue><CSValue><CSValueCode>VA4017548</CSValueCode><CSValueName>CECP</CSValueName><CSValueRank>10</CSValueRank></CSValue></CSItem></CSChapter><CSChapter><CSChapterCode>CH4000825</CSChapterCode><CSChapterName>Корпус</CSChapterName><CSChapterRank>12</CSChapterRank><CSItem><CSItemCode>IT4004955</CSItemCode><CSItemName>цвет</CSItemName><CSItemRank>1</CSItemRank><CSItemIsFreeFormat>1</CSItemIsFreeFormat><CSValue><CSValueCode>VA4015660</CSValueCode><CSValueName>Черный</CSValueName><CSValueRank>1</CSValueRank></CSValue></CSItem><CSItem><CSItemCode>IT4004956</CSItemCode><CSItemName>Отделка</CSItemName><CSItemRank>2</CSItemRank><CSItemIsFreeFormat>1</CSItemIsFreeFormat><CSValue><CSValueCode>VA4015661</CSValueCode><CSValueName>Текстурирование</CSValueName><CSValueRank>1</CSValueRank></CSValue></CSItem></CSChapter><CSChapter><CSChapterCode>CH4008581</CSChapterCode><CSChapterName>Комплект поставки</CSChapterName><CSChapterRank>15</CSChapterRank><CSItem><CSItemCode>IT4040999</CSItemCode><CSItemName>Монитор с подставкой</CSItemName><CSItemRank>1</CSItemRank><CSItemIsFreeFormat>1</CSItemIsFreeFormat><CSValue><CSValueCode>VA4095569</CSValueCode><CSValueName>Да</CSValueName><CSValueRank>1</CSValueRank></CSValue></CSItem><CSItem><CSItemCode>IT4041000</CSItemCode><CSItemName>Кабели</CSItemName><CSItemRank>2</CSItemRank><CSItemIsFreeFormat>1</CSItemIsFreeFormat><CSValue><CSValueCode>VA4095570</CSValueCode><CSValueName>Кабель D-Sub, кабель питания</CSValueName><CSValueRank>1</CSValueRank></CSValue></CSItem><CSItem><CSItemCode>IT4041030</CSItemCode><CSItemName>Пользовательская документация</CSItemName><CSItemRank>3</CSItemRank><CSItemIsFreeFormat>1</CSItemIsFreeFormat><CSValue><CSValueCode>VA4095604</CSValueCode><CSValueName>Да</CSValueName><CSValueRank>1</CSValueRank></CSValue></CSItem></CSChapter><Filters><Purpose type="Comparison"><Features><Feature code="F400057965" rank="1" referenceName="IPS technology_M5 (none Pivot)"/><Feature code="F400071757" rank="2" referenceName="16:9 Full HD display_2015"/><Feature code="F400081098" rank="3" referenceName="UltraNarrow Border_V7"/><Feature code="F400044232" rank="4" referenceName="SmartContrast for rich black details"/><Feature code="F400035289" rank="5" referenceName="M4 SmartImage"/><Feature code="F400067665" rank="6" referenceName="Flicker-free technology"/><Feature code="F400078929" rank="7" referenceName="LowBlue Mode"/><Feature code="F400080297" rank="8" referenceName="EasyRead mode_non Pivot"/><Feature code="F400054363" rank="9" referenceName="Compact design saves space"/><Feature code="F400019722" rank="10" referenceName="Mercury Free"/><Feature code="F400044228" rank="11" referenceName="VESA mount allows for flexibility"/></Features><CSItems><CSItem code="3006169" rank="1" referenceName="Изображение/дисплей - Тип ЖК-панели"/><CSItem code="3006576" rank="1" referenceName="Подключения - Вход сигнала"/><CSItem code="3006633" rank="1" referenceName="Комфорт - Удобство пользователя"/><CSItem code="IT4004954" rank="1" referenceName="Подставка - Наклон"/><CSItem code="IT4005861" rank="1" referenceName="Мощность - В активном режиме"/><CSItem code="IT4005764" rank="1" referenceName="Размеры - Изделие с подставкой (мм)"/><CSItem code="IT4005770" rank="1" referenceName="Вес - Изделие с подставкой (кг)"/><CSItem code="IT4004946" rank="1" referenceName="Условия эксплуатации - Диапазон температур (эксплуатация)"/><CSItem code="IT4004941" rank="1" referenceName="Забота об окружающей среде - Окружающая среда и электроэнергия"/><CSItem code="IT4006152" rank="1" referenceName="Соответствие стандартам - Подтверждение соответствия нормативам"/><CSItem code="IT4004955" rank="1" referenceName="Корпус - цвет"/><CSItem code="IT4040999" rank="1" referenceName="Комплект поставки - Монитор с подставкой"/><CSItem code="IT4007209" rank="2" referenceName="Изображение/дисплей - Тип подсветки"/><CSItem code="3006588" rank="2" referenceName="Подключения - Синхронизация входного сигнала"/><CSItem code="3006693" rank="2" referenceName="Комфорт - Языки экранных меню"/><CSItem code="IT4006150" rank="2" referenceName="Мощность - В режиме ожидания"/><CSItem code="IT4005765" rank="2" referenceName="Размеры - Изделие без подставки (мм)"/><CSItem code="IT4005771" rank="2" referenceName="Вес - Изделие без подставки (кг)"/><CSItem code="IT4004947" rank="2" referenceName="Условия эксплуатации - Диапазон температур (хранение)"/><CSItem code="IT4004944" rank="2" referenceName="Забота об окружающей среде - Упаковка пригодна для вторичной переработки"/><CSItem code="IT4004956" rank="2" referenceName="Корпус - Отделка"/><CSItem code="IT4041000" rank="2" referenceName="Комплект поставки - Кабели"/><CSItem code="3006180" rank="3" referenceName="Изображение/дисплей - Размер панели"/><CSItem code="3006694" rank="3" referenceName="Комфорт - Другие удобства"/><CSItem code="IT4006081" rank="3" referenceName="Мощность - В выключенном состоянии"/><CSItem code="IT4005766" rank="3" referenceName="Размеры - Размеры упаковки в мм (ШxВxГ)"/><CSItem code="IT4005772" rank="3" referenceName="Вес - Изделие с упаковкой (кг)"/><CSItem code="IT4004948" rank="3" referenceName="Условия эксплуатации - Относительная влажность"/><CSItem code="IT4041030" rank="3" referenceName="Комплект поставки - Пользовательская документация"/><CSItem code="3006149" rank="4" referenceName="Изображение/дисплей - Рабочая область просмотра"/><CSItem code="3006699" rank="4" referenceName="Комфорт - Совместимость с системой Plug &amp; Play"/><CSItem code="3006931" rank="4" referenceName="Мощность - LED-индикатор питания"/><CSItem code="IT4023612" rank="4" referenceName="Условия эксплуатации - Высота"/><CSItem code="3006121" rank="5" referenceName="Изображение/дисплей - Формат изображения"/><CSItem code="3006932" rank="5" referenceName="Мощность - Источник питания"/><CSItem code="IT4004949" rank="5" referenceName="Условия эксплуатации - Среднее время между отказами"/><CSItem code="3006193" rank="6" referenceName="Изображение/дисплей - Оптимальное разрешение"/><CSItem code="IT4041772" rank="7" referenceName="Изображение/дисплей - Плотность пикселей"/><CSItem code="IT4039893" rank="8" referenceName="Изображение/дисплей - Время отклика (типич.)"/><CSItem code="3006127" rank="9" referenceName="Изображение/дисплей - Яркость"/><CSItem code="IT4006148" rank="10" referenceName="Изображение/дисплей - SmartContrast"/><CSItem code="3006133" rank="11" referenceName="Изображение/дисплей - Коэфф. контрастности (типич.)"/><CSItem code="3006186" rank="12" referenceName="Изображение/дисплей - Шаг пикселей"/><CSItem code="3007518" rank="13" referenceName="Изображение/дисплей - Угол просмотра"/><CSItem code="IT4036934" rank="14" referenceName="Изображение/дисплей - Без мерцания"/><CSItem code="3006183" rank="15" referenceName="Изображение/дисплей - Улучшение изображения"/><CSItem code="3006143" rank="16" referenceName="Изображение/дисплей - Цвета дисплея"/><CSItem code="IT4006149" rank="17" referenceName="Изображение/дисплей - Частота сканирования"/><CSItem code="IT4042826" rank="18" referenceName="Изображение/дисплей - Режим LowBlue"/><CSItem code="3006207" rank="19" referenceName="Изображение/дисплей - sRGB"/></CSItems></Purpose><Purpose type="Detail"><Features><Feature code="F400057965" rank="1" referenceName="IPS technology_M5 (none Pivot)"/><Feature code="F400071757" rank="2" referenceName="16:9 Full HD display_2015"/><Feature code="F400081098" rank="3" referenceName="UltraNarrow Border_V7"/><Feature code="F400044232" rank="4" referenceName="SmartContrast for rich black details"/><Feature code="F400035289" rank="5" referenceName="M4 SmartImage"/><Feature code="F400067665" rank="6" referenceName="Flicker-free technology"/><Feature code="F400078929" rank="7" referenceName="LowBlue Mode"/><Feature code="F400080297" rank="8" referenceName="EasyRead mode_non Pivot"/><Feature code="F400054363" rank="9" referenceName="Compact design saves space"/><Feature code="F400019722" rank="10" referenceName="Mercury Free"/><Feature code="F400044228" rank="11" referenceName="VESA mount allows for flexibility"/></Features><CSItems><CSItem code="3006169" rank="1" referenceName="Изображение/дисплей - Тип ЖК-панели"/><CSItem code="3006576" rank="1" referenceName="Подключения - Вход сигнала"/><CSItem code="3006633" rank="1" referenceName="Комфорт - Удобство пользователя"/><CSItem code="IT4004954" rank="1" referenceName="Подставка - Наклон"/><CSItem code="IT4005861" rank="1" referenceName="Мощность - В активном режиме"/><CSItem code="IT4005764" rank="1" referenceName="Размеры - Изделие с подставкой (мм)"/><CSItem code="IT4005770" rank="1" referenceName="Вес - Изделие с подставкой (кг)"/><CSItem code="IT4004946" rank="1" referenceName="Условия эксплуатации - Диапазон температур (эксплуатация)"/><CSItem code="IT4004941" rank="1" referenceName="Забота об окружающей среде - Окружающая среда и электроэнергия"/><CSItem code="IT4006152" rank="1" referenceName="Соответствие стандартам - Подтверждение соответствия нормативам"/><CSItem code="IT4004955" rank="1" referenceName="Корпус - цвет"/><CSItem code="IT4040999" rank="1" referenceName="Комплект поставки - Монитор с подставкой"/><CSItem code="IT4007209" rank="2" referenceName="Изображение/дисплей - Тип подсветки"/><CSItem code="3006588" rank="2" referenceName="Подключения - Синхронизация входного сигнала"/><CSItem code="3006693" rank="2" referenceName="Комфорт - Языки экранных меню"/><CSItem code="IT4006150" rank="2" referenceName="Мощность - В режиме ожидания"/><CSItem code="IT4005765" rank="2" referenceName="Размеры - Изделие без подставки (мм)"/><CSItem code="IT4005771" rank="2" referenceName="Вес - Изделие без подставки (кг)"/><CSItem code="IT4004947" rank="2" referenceName="Условия эксплуатации - Диапазон температур (хранение)"/><CSItem code="IT4004944" rank="2" referenceName="Забота об окружающей среде - Упаковка пригодна для вторичной переработки"/><CSItem code="IT4004956" rank="2" referenceName="Корпус - Отделка"/><CSItem code="IT4041000" rank="2" referenceName="Комплект поставки - Кабели"/><CSItem code="3006180" rank="3" referenceName="Изображение/дисплей - Размер панели"/><CSItem code="3006694" rank="3" referenceName="Комфорт - Другие удобства"/><CSItem code="IT4006081" rank="3" referenceName="Мощность - В выключенном состоянии"/><CSItem code="IT4005766" rank="3" referenceName="Размеры - Размеры упаковки в мм (ШxВxГ)"/><CSItem code="IT4005772" rank="3" referenceName="Вес - Изделие с упаковкой (кг)"/><CSItem code="IT4004948" rank="3" referenceName="Условия эксплуатации - Относительная влажность"/><CSItem code="IT4041030" rank="3" referenceName="Комплект поставки - Пользовательская документация"/><CSItem code="3006149" rank="4" referenceName="Изображение/дисплей - Рабочая область просмотра"/><CSItem code="3006699" rank="4" referenceName="Комфорт - Совместимость с системой Plug &amp; Play"/><CSItem code="3006931" rank="4" referenceName="Мощность - LED-индикатор питания"/><CSItem code="IT4023612" rank="4" referenceName="Условия эксплуатации - Высота"/><CSItem code="3006121" rank="5" referenceName="Изображение/дисплей - Формат изображения"/><CSItem code="3006932" rank="5" referenceName="Мощность - Источник питания"/><CSItem code="IT4004949" rank="5" referenceName="Условия эксплуатации - Среднее время между отказами"/><CSItem code="3006193" rank="6" referenceName="Изображение/дисплей - Оптимальное разрешение"/><CSItem code="IT4041772" rank="7" referenceName="Изображение/дисплей - Плотность пикселей"/><CSItem code="IT4039893" rank="8" referenceName="Изображение/дисплей - Время отклика (типич.)"/><CSItem code="3006127" rank="9" referenceName="Изображение/дисплей - Яркость"/><CSItem code="IT4006148" rank="10" referenceName="Изображение/дисплей - SmartContrast"/><CSItem code="3006133" rank="11" referenceName="Изображение/дисплей - Коэфф. контрастности (типич.)"/><CSItem code="3006186" rank="12" referenceName="Изображение/дисплей - Шаг пикселей"/><CSItem code="3007518" rank="13" referenceName="Изображение/дисплей - Угол просмотра"/><CSItem code="IT4036934" rank="14" referenceName="Изображение/дисплей - Без мерцания"/><CSItem code="3006183" rank="15" referenceName="Изображение/дисплей - Улучшение изображения"/><CSItem code="3006143" rank="16" referenceName="Изображение/дисплей - Цвета дисплея"/><CSItem code="IT4006149" rank="17" referenceName="Изображение/дисплей - Частота сканирования"/><CSItem code="IT4042826" rank="18" referenceName="Изображение/дисплей - Режим LowBlue"/><CSItem code="3006207" rank="19" referenceName="Изображение/дисплей - sRGB"/></CSItems></Purpose></Filters><FeatureCompareGroups/><Disclaimers><Disclaimer code="DIS40004221" rank="1" referenceName="IPS technology"><DisclaimerText>Логотип/товарный знак "IPS" и применимые патенты на технологии являются собственностью соответствующих владельцев.</DisclaimerText><DisclaimElements/></Disclaimer><Disclaimer code="DIS40009731" rank="2" referenceName="Response time value equal to SmartResponse"><DisclaimerText>Время отклика соответствует значению SmartResponse</DisclaimerText><DisclaimElements/></Disclaimer></Disclaimers><RichTexts/></Product></Products>