<?xml version="1.0" encoding="UTF-8"?><Products xmlns:source="http://apache.org/cocoon/source/1.0" DocStatus="approved" DocTimeStamp="2018-10-19T09:17:42"><Product Country="RU" IsAccessory="false" IsMaster="false" Locale="ru_RU" lastModified="2018-10-16T04:23:22" masterLastModified="2018-08-15T00:35:51"><CTN>SCF213/20</CTN><GTIN/><MarketingVersion>8.0.1</MarketingVersion><MarketingStatus>Final Published</MarketingStatus><CRDate>2017-03-03</CRDate><CRDateYW>201709</CRDateYW><ModelYears><ModelYear>2017</ModelYear></ModelYears><ProductDivision><ProductDivisionCode>0200</ProductDivisionCode><ProductDivisionName>Consumer Lifestyle</ProductDivisionName><FormerPDCode>0300</FormerPDCode></ProductDivision><ProductOwner>Mireille Verhoeven</ProductOwner><DTN>SCF213/20</DTN><Catalog><StartOfPublication>2017-06-01T00:00:00</StartOfPublication><EndOfPublication>2021-04-03T00:00:00</EndOfPublication><StartOfSales>2017-06-01T00:00:00</StartOfSales><EndOfSales>2021-04-03T00:00:00</EndOfSales><DummyPrice/><Deleted>false</Deleted><DeleteAfterDate/><ProductRank>50</ProductRank></Catalog><FinancialCategorization><BusinessGroupCode>9050</BusinessGroupCode><BusinessGroupName>Health &amp; Wellness</BusinessGroupName><BusinessUnitCode>0362</BusinessUnitCode><BusinessUnitName>Mother &amp; Child Care</BusinessUnitName><MainArticleGroupCode>E42</MainArticleGroupCode><MainArticleGroupName>Comforting</MainArticleGroupName><ArticleGroupCode>3192</ArticleGroupCode><ArticleGroupName>Soothers</ArticleGroupName></FinancialCategorization><Categorization type="CONSUMER"><GroupCode>MOTHER_AND_CHILD_CARE_GR</GroupCode><GroupName>Mother &amp; child care</GroupName><CategoryCode>PACIFIERS_CA</CategoryCode><CategoryName>Pacifiers</CategoryName><SubcategoryCode>PACIFIERS_SU</SubcategoryCode><SubcategoryName>Pacifiers</SubcategoryName></Categorization><Assets><Asset code="SCF213_20" description="User manual" extension="pdf" lastModified="2016-10-31" locale="ru_RU" number="001" type="DFU">http://download.p4c.philips.com/files/s/scf213_20/scf213_20_dfu_rus.pdf</Asset><Asset code="SCF213_20" description="High Quality product movie 1" extension="mp4" lastModified="2017-10-24" locale="ru_RU" number="001" type="HQ1">http://download.p4c.philips.com/files/s/scf213_20/scf213_20_hq1_rus.mp4</Asset><Asset code="SCF213_20" description="Leaflet" extension="pdf" lastModified="2018-08-26" locale="ru_RU" number="001" type="PSS">http://download.p4c.philips.com/files/s/scf213_20/scf213_20_pss_rusru.pdf</Asset><Asset code="SCF213_20" description="Retail Trade Leaflet" extension="pdf" lastModified="2018-10-14" locale="ru_RU" number="001" type="RTL">http://download.p4c.philips.com/files/s/scf213_20/scf213_20_rtl_rusru.pdf</Asset><Asset code="SCF213_20" description="Alternative product photograph 1 - highres 2196x1795" extension="tif" lastModified="2016-09-23" locale="global" number="001" type="A1P">http://images.philips.com/is/image/PhilipsConsumer/SCF213_20-A1P-global-001</Asset><Asset code="SCF213_20" description="Alternative product photograph 2 - highres 2196x1795" extension="tif" lastModified="2016-09-23" locale="global" number="001" type="A2P">http://images.philips.com/is/image/PhilipsConsumer/SCF213_20-A2P-global-001</Asset><Asset code="SCF213_20" description="Product detail 1 - highres 2196x1795" extension="tif" lastModified="2016-12-19" locale="global" number="001" type="D1P">http://images.philips.com/is/image/PhilipsConsumer/SCF213_20-D1P-global-001</Asset><Asset code="SCF213_20" description="Leaflet" extension="pdf" lastModified="2018-08-15" locale="global" number="001" type="PSS">http://download.p4c.philips.com/files/s/scf213_20/scf213_20_pss_.pdf</Asset><Asset code="SCF213_20" description="Leaflet" extension="pdf" lastModified="2018-10-03" locale="en_US" number="001" type="PSS">http://download.p4c.philips.com/files/s/scf213_20/scf213_20_pss_aenus.pdf</Asset><Asset code="SCF213_20" description="Standard product photograph - highres 2196x1795" extension="tif" lastModified="2016-09-23" locale="global" number="001" type="RTP">http://images.philips.com/is/image/PhilipsConsumer/SCF213_20-RTP-global-001</Asset><Asset code="SCF213_20" description="Product In Use 1 - highres 2196x1795" extension="tif" lastModified="2018-04-16" locale="global" number="001" type="U1P">http://images.philips.com/is/image/PhilipsConsumer/SCF213_20-U1P-global-001</Asset><Asset code="SCF213_20" description="Single product shot" extension="" lastModified="2018-10-16" locale="ru_RU" number="" type="IMS">http://images.philips.com/is/image/PhilipsConsumer/SCF213_20-IMS-ru_RU</Asset><Asset code="SCF213_20" description="Product gallery image set" extension="" lastModified="2018-10-16" locale="ru_RU" number="" type="GAL">http://images.philips.com/is/image/PhilipsConsumer/SCF213_20-GAL-ru_RU</Asset><Asset code="SCF213_20" description="Product URL" extension="" lastModified="2018-10-16" locale="ru_RU" number="" type="URL">http://www.philips.ru/c-p/SCF213_20/avent-ultra-soft-pacifier</Asset><Asset code="AVE" description="Brand logo - highres 1476x886" extension="jpg" lastModified="2008-08-06" locale="global" number="001" type="BRP">http://images.philips.com/is/image/PhilipsConsumer/AVE-BRP-global-001</Asset><Asset code="F400081733" description="Feature photograph - highres 2100x1170" extension="tif" lastModified="2017-04-07" locale="global" number="001" type="FIL">http://images.philips.com/is/image/PhilipsConsumer/F400081733-FIL-global-001</Asset><Asset code="F400081735" description="Feature photograph - highres 2100x1170" extension="tif" lastModified="2017-04-07" locale="global" number="001" type="FIL">http://images.philips.com/is/image/PhilipsConsumer/F400081735-FIL-global-001</Asset><Asset code="F400081736" description="Feature photograph - highres 2100x1170" extension="tif" lastModified="2017-04-06" locale="global" number="001" type="FIL">http://images.philips.com/is/image/PhilipsConsumer/F400081736-FIL-global-001</Asset><Asset code="F400081737" description="Feature photograph - highres 2100x1170" extension="tif" lastModified="2017-04-07" locale="global" number="001" type="FIL">http://images.philips.com/is/image/PhilipsConsumer/F400081737-FIL-global-001</Asset><Asset code="F400081739" description="Feature photograph - highres 2100x1170" extension="tif" lastModified="2017-04-07" locale="global" number="001" type="FIL">http://images.philips.com/is/image/PhilipsConsumer/F400081739-FIL-global-001</Asset><Asset code="F400081748" description="Feature photograph - highres 2100x1170" extension="tif" lastModified="2017-04-07" locale="global" number="001" type="FIL">http://images.philips.com/is/image/PhilipsConsumer/F400081748-FIL-global-001</Asset><Asset code="F400081749" description="Feature photograph - highres 2100x1170" extension="tif" lastModified="2017-04-07" locale="global" number="001" type="FIL">http://images.philips.com/is/image/PhilipsConsumer/F400081749-FIL-global-001</Asset><Asset code="F400081751" description="Feature photograph - highres 2100x1170" extension="tif" lastModified="2017-04-07" locale="global" number="001" type="FIL">http://images.philips.com/is/image/PhilipsConsumer/F400081751-FIL-global-001</Asset><Asset code="F400082105" description="Feature photograph - highres 2100x1170" extension="tif" lastModified="2018-03-28" locale="global" number="001" type="FIL">http://images.philips.com/is/image/PhilipsConsumer/F400082105-FIL-global-001</Asset><Asset code="GA_GREEN" description="needs to be blocked as code in CCR Global award logo - master" extension="eps" lastModified="2010-09-22" locale="global" number="001" type="GAL">GA_GREEN-GAL-global-001.eps</Asset><Asset code="GA_GREEN" description="Global award logo - highres 590x590" extension="tif" lastModified="2010-09-22" locale="global" number="001" type="GAP">http://images.philips.com/is/image/PhilipsConsumer/GA_GREEN-GAP-global-001</Asset><Asset code="PHI" description="Brand logo - highres 1476x886" extension="tif" lastModified="2016-02-18" locale="global" number="001" type="BRP">http://images.philips.com/is/image/PhilipsConsumer/PHI-BRP-global-001</Asset></Assets><ProductName>Пустышка ultra soft, ультрамягкая и гибкая, 0–6 мес.</ProductName><FullProductName>Philips Avent пустышка ultra soft SCF213/20 Ультрамягкая и гибкая, 0–6 мес., ортодонтическая, без бисфенола-А, 2 шт. в упаковке</FullProductName><NamingString><MasterBrand><BrandCode>PHI</BrandCode><BrandName>Philips</BrandName></MasterBrand><Partner><PartnerBrand><BrandCode>AVE</BrandCode><BrandName>Avent</BrandName></PartnerBrand><PartnerBrandType>MakersMark</PartnerBrandType></Partner><BrandString>Philips Avent</BrandString><Descriptor><DescriptorCode>D4028894</DescriptorCode><DescriptorName>пустышка ultra soft</DescriptorName></Descriptor><Alphanumeric>SCF213/20</Alphanumeric><VersionElement1><VersionElementCode>V4043488</VersionElementCode><VersionElementName>Ультрамягкое и гибкое изделие</VersionElementName></VersionElement1><VersionElement2><VersionElementCode>V4005072</VersionElementCode><VersionElementName>0–6 мес.</VersionElementName></VersionElement2><VersionElement3><VersionElementCode>V4039342</VersionElementCode><VersionElementName>Ортодонтические, без бисфенола-А</VersionElementName></VersionElement3><VersionElement4><VersionElementCode>V4006231</VersionElementCode><VersionElementName>2 шт. в упаковке</VersionElementName></VersionElement4><VersionString>Ультрамягкая и гибкая, 0–6 мес., ортодонтическая, без бисфенола-А, 2 шт. в упаковке</VersionString><BrandedFeatureString/><DescriptorBrandedFeatureString>пустышка ultra soft</DescriptorBrandedFeatureString></NamingString><WOW>Невероятно мягкая пустышка подходит для нежной кожи ребенка*</WOW><SubWOW>Гибкий нагубник для комфорта</SubWOW><MarketingTextHeader>Пустышка Philips Avent ultra soft заботится о нежной коже ребенка. Невероятно мягкий и гибкий нагубник повторяет естественные контуры лица вашего малыша, меньше раздражает кожу и оставляет на ней меньше следов.</MarketingTextHeader><KeyBenefitArea><KeyBenefitAreaCode>K4033814</KeyBenefitAreaCode><KeyBenefitAreaName>Нагубник с технологией FlexiFit</KeyBenefitAreaName><KeyBenefitAreaRank>1</KeyBenefitAreaRank><Feature><FeatureCode>F400081739</FeatureCode><FeatureReferenceName>Flexible, soft shield (Peach - updated content)</FeatureReferenceName><FeatureName>Гибкий и мягкий нагубник</FeatureName><FeatureLongDescription>Гибкий и мягкий нагубник меньше раздражает кожу и оставляет на ней меньше следов</FeatureLongDescription><FeatureGlossary>Нежной коже требуется особый уход. Благодаря технологии FlexiFit нагубник повторяет естественные контуры лица, обеспечивая комфорт. Пустышка будет меньше раздражать кожу малыша и оставлять на ней меньше следов.</FeatureGlossary><FeatureRank>1</FeatureRank><FeatureTopRank>1</FeatureTopRank></Feature><Feature><FeatureCode>F400081748</FeatureCode><FeatureReferenceName>Rounded shield (Peach - updated Content)</FeatureReferenceName><FeatureName>Закругленный нагубник</FeatureName><FeatureLongDescription>Закругленный нагубник для невероятно комфортного ежедневного использования</FeatureLongDescription><FeatureGlossary>Закругленный нагубник минимизирует давление для комфорта малыша и бережного воздействия на кожу щек.</FeatureGlossary><FeatureRank>2</FeatureRank><FeatureTopRank>2</FeatureTopRank></Feature><Feature><FeatureCode>F400081749</FeatureCode><FeatureReferenceName>Extra airflow (Updated content)</FeatureReferenceName><FeatureName>Дополнительный воздушный поток</FeatureName><FeatureLongDescription>Дополнительные вентиляционные отверстия помогают дышать коже малыша</FeatureLongDescription><FeatureGlossary>Коже необходимо дышать, особенно если речь идет о малыше. В наших нагубниках есть 6 вентиляционных отверстий для улучшенной циркуляции воздуха и уменьшения раздражения кожи.</FeatureGlossary><FeatureRank>3</FeatureRank><FeatureTopRank>3</FeatureTopRank></Feature></KeyBenefitArea><KeyBenefitArea><KeyBenefitAreaCode>K4033815</KeyBenefitAreaCode><KeyBenefitAreaName>Мягкая и приятная на ощупь соска</KeyBenefitAreaName><KeyBenefitAreaRank>2</KeyBenefitAreaRank><Feature><FeatureCode>F400082105</FeatureCode><FeatureReferenceName>98% accept silicon nipples (Updated content)</FeatureReferenceName><FeatureName>Силиконовые соски принимает 98 % детей</FeatureName><FeatureLongDescription>Мягкие силиконовые соски с бархатистой поверхностью принимает 98 % детей*</FeatureLongDescription><FeatureGlossary>У детей есть свои предпочтения! Мы узнали у мам, как малыши реагируют на наши бархатистые силиконовые соски, и 98 % опрошенных сказали, что ребенок легко принимает пустышки Philips Avent ultra soft.</FeatureGlossary><FeatureRank>1</FeatureRank><FeatureTopRank>4</FeatureTopRank></Feature><Feature><FeatureCode>F400081737</FeatureCode><FeatureReferenceName>Silky textured nipple (Peach - updated content)</FeatureReferenceName><FeatureName>Приятная на ощупь бархатистая соска</FeatureName><FeatureLongDescription>Приятная на ощупь бархатистая соска для комфорта малыша</FeatureLongDescription><FeatureGlossary>Эта пустышка с приятной на ощупь бархатистой соской успокаивает малыша и обеспечивает ощущение комфорта.</FeatureGlossary><FeatureRank>2</FeatureRank><FeatureTopRank>5</FeatureTopRank></Feature><Feature><FeatureCode>F400081736</FeatureCode><FeatureReferenceName>Orthodontic nipple (Updated Content)</FeatureReferenceName><FeatureName>Ортодонтическая соска</FeatureName><FeatureLongDescription>Разработаны для естественного развития зубов</FeatureLongDescription><FeatureGlossary>Наша мягкая силиконовая соска симметричной формы учитывает естественное развитие неба, зубов и десен младенца.</FeatureGlossary><FeatureRank>3</FeatureRank><FeatureTopRank>6</FeatureTopRank></Feature></KeyBenefitArea><KeyBenefitArea><KeyBenefitAreaCode>K4033816</KeyBenefitAreaCode><KeyBenefitAreaName>Футляр для стерилизации и хранения</KeyBenefitAreaName><KeyBenefitAreaRank>3</KeyBenefitAreaRank><Feature><FeatureCode>F400081733</FeatureCode><FeatureReferenceName>Sterilizer / carrying case (Peach - updated content)</FeatureReferenceName><FeatureName>Футляр для хранения и стерилизации</FeatureName><FeatureLongDescription>Удобная и безопасная стерилизация в микроволновой печи</FeatureLongDescription><FeatureGlossary>Благодаря футляру можно легко стерилизовать пустышку в микроволновой печи и сохранять ее стерильной вне дома.</FeatureGlossary><FeatureRank>1</FeatureRank><FeatureTopRank>7</FeatureTopRank></Feature><Feature><FeatureCode>F400081735</FeatureCode><FeatureReferenceName>Case makes sterilizing easy (peach - updated content)</FeatureReferenceName><FeatureName>С футляром стерилизация становится проще</FeatureName><FeatureLongDescription>Несколько простых шагов для стерилизации за 3 минуты</FeatureLongDescription><FeatureGlossary>Положите в футляр хорошо промытые пустышки, добавьте 25 мл/9 ж. унц. воды и поставьте его в микроволновую печь на 3 минуты при мощности 750–1000 Вт. Охладите в течение 5 минут, вылейте из футляра воду — и процесс завершен!</FeatureGlossary><FeatureRank>2</FeatureRank><FeatureTopRank>8</FeatureTopRank></Feature></KeyBenefitArea><KeyBenefitArea><KeyBenefitAreaCode>K4034208</KeyBenefitAreaCode><KeyBenefitAreaName>Гарантия качества</KeyBenefitAreaName><KeyBenefitAreaRank>4</KeyBenefitAreaRank><Feature><FeatureCode>F400081751</FeatureCode><FeatureReferenceName>Made in the UK (Updated - Content)</FeatureReferenceName><FeatureName>Сделано в Великобритании</FeatureName><FeatureLongDescription>Сделано на нашем удостоенном наград заводе в Великобритании</FeatureLongDescription><FeatureGlossary>Будьте уверены, комфорт вашего малыша в надежных руках. Пустышка сделана на нашем удостоенном наград заводе в Великобритании.*</FeatureGlossary><FeatureRank>1</FeatureRank><FeatureTopRank>9</FeatureTopRank></Feature></KeyBenefitArea><FeatureImage><FeatureCode>F400081739</FeatureCode><FeatureReferenceName>Flexible, soft shield (Peach - updated content)</FeatureReferenceName><FeatureImageRank>1</FeatureImageRank></FeatureImage><FeatureImage><FeatureCode>F400081748</FeatureCode><FeatureReferenceName>Rounded shield (Peach - updated Content)</FeatureReferenceName><FeatureImageRank>2</FeatureImageRank></FeatureImage><FeatureImage><FeatureCode>F400081749</FeatureCode><FeatureReferenceName>Extra airflow (Updated content)</FeatureReferenceName><FeatureImageRank>3</FeatureImageRank></FeatureImage><FeatureImage><FeatureCode>F400082105</FeatureCode><FeatureReferenceName>98% accept silicon nipples (Updated content)</FeatureReferenceName><FeatureImageRank>4</FeatureImageRank></FeatureImage><FeatureImage><FeatureCode>F400081737</FeatureCode><FeatureReferenceName>Silky textured nipple (Peach - updated content)</FeatureReferenceName><FeatureImageRank>5</FeatureImageRank></FeatureImage><FeatureImage><FeatureCode>F400081736</FeatureCode><FeatureReferenceName>Orthodontic nipple (Updated Content)</FeatureReferenceName><FeatureImageRank>6</FeatureImageRank></FeatureImage><FeatureImage><FeatureCode>F400081733</FeatureCode><FeatureReferenceName>Sterilizer / carrying case (Peach - updated content)</FeatureReferenceName><FeatureImageRank>7</FeatureImageRank></FeatureImage><FeatureImage><FeatureCode>F400081735</FeatureCode><FeatureReferenceName>Case makes sterilizing easy (peach - updated content)</FeatureReferenceName><FeatureImageRank>8</FeatureImageRank></FeatureImage><FeatureImage><FeatureCode>F400081751</FeatureCode><FeatureReferenceName>Made in the UK (Updated - Content)</FeatureReferenceName><FeatureImageRank>9</FeatureImageRank></FeatureImage><FeatureHighlight><FeatureCode>F400081739</FeatureCode><FeatureReferenceName>Flexible, soft shield (Peach - updated content)</FeatureReferenceName><FeatureHighlightRank>1</FeatureHighlightRank></FeatureHighlight><FeatureHighlight><FeatureCode>F400081748</FeatureCode><FeatureReferenceName>Rounded shield (Peach - updated Content)</FeatureReferenceName><FeatureHighlightRank>2</FeatureHighlightRank></FeatureHighlight><FeatureHighlight><FeatureCode>F400081749</FeatureCode><FeatureReferenceName>Extra airflow (Updated content)</FeatureReferenceName><FeatureHighlightRank>3</FeatureHighlightRank></FeatureHighlight><FeatureHighlight><FeatureCode>F400082105</FeatureCode><FeatureReferenceName>98% accept silicon nipples (Updated content)</FeatureReferenceName><FeatureHighlightRank>4</FeatureHighlightRank></FeatureHighlight><FeatureHighlight><FeatureCode>F400081737</FeatureCode><FeatureReferenceName>Silky textured nipple (Peach - updated content)</FeatureReferenceName><FeatureHighlightRank>5</FeatureHighlightRank></FeatureHighlight><FeatureHighlight><FeatureCode>F400081736</FeatureCode><FeatureReferenceName>Orthodontic nipple (Updated Content)</FeatureReferenceName><FeatureHighlightRank>6</FeatureHighlightRank></FeatureHighlight><FeatureHighlight><FeatureCode>F400081733</FeatureCode><FeatureReferenceName>Sterilizer / carrying case (Peach - updated content)</FeatureReferenceName><FeatureHighlightRank>7</FeatureHighlightRank></FeatureHighlight><FeatureHighlight><FeatureCode>F400081735</FeatureCode><FeatureReferenceName>Case makes sterilizing easy (peach - updated content)</FeatureReferenceName><FeatureHighlightRank>8</FeatureHighlightRank></FeatureHighlight><FeatureHighlight><FeatureCode>F400081751</FeatureCode><FeatureReferenceName>Made in the UK (Updated - Content)</FeatureReferenceName><FeatureHighlightRank>9</FeatureHighlightRank></FeatureHighlight><CSChapter><CSChapterCode>CHA_0000106</CSChapterCode><CSChapterName>В комплект входят:</CSChapterName><CSChapterRank>1</CSChapterRank><CSItem><CSItemCode>IT4042323</CSItemCode><CSItemName>пустышка ultra soft</CSItemName><CSItemRank>1</CSItemRank><CSItemIsFreeFormat>1</CSItemIsFreeFormat><CSValue><CSValueCode>VA4097861</CSValueCode><CSValueName>2</CSValueName><CSValueRank>1</CSValueRank></CSValue><UnitOfMeasure><UnitOfMeasureCode>4000023</UnitOfMeasureCode><UnitOfMeasureName>шт.</UnitOfMeasureName><UnitOfMeasureSymbol>шт.</UnitOfMeasureSymbol></UnitOfMeasure></CSItem></CSChapter><CSChapter><CSChapterCode>CHA_0000052</CSChapterCode><CSChapterName>Аксессуары в комплекте</CSChapterName><CSChapterRank>2</CSChapterRank><CSItem><CSItemCode>IT4042324</CSItemCode><CSItemName>Футляр для стерилизации/хранения</CSItemName><CSItemRank>1</CSItemRank><CSItemIsFreeFormat>0</CSItemIsFreeFormat><CSValue><CSValueCode>VA4097862</CSValueCode><CSValueName>Да</CSValueName><CSValueRank>2</CSValueRank></CSValue></CSItem></CSChapter><CSChapter><CSChapterCode>CHA_0000025</CSChapterCode><CSChapterName>Безопасность</CSChapterName><CSChapterRank>3</CSChapterRank><CSItem><CSItemCode>IT4042329</CSItemCode><CSItemName>Кольцо-держатель для безопасности</CSItemName><CSItemRank>1</CSItemRank><CSItemIsFreeFormat>0</CSItemIsFreeFormat><CSValue><CSValueCode>VA4097867</CSValueCode><CSValueName>Да</CSValueName><CSValueRank>7</CSValueRank></CSValue></CSItem><CSItem><CSItemCode>IT4042325</CSItemCode><CSItemName>Без бисфенола-А</CSItemName><CSItemRank>2</CSItemRank><CSItemIsFreeFormat>0</CSItemIsFreeFormat><CSValue><CSValueCode>VA4097863</CSValueCode><CSValueName>Да</CSValueName><CSValueRank>3</CSValueRank></CSValue></CSItem></CSChapter><CSChapter><CSChapterCode>CH4005821</CSChapterCode><CSChapterName>Гигиеничность</CSChapterName><CSChapterRank>4</CSChapterRank><CSItem><CSItemCode>IT4042330</CSItemCode><CSItemName>Легко чистится</CSItemName><CSItemRank>1</CSItemRank><CSItemIsFreeFormat>0</CSItemIsFreeFormat><CSValue><CSValueCode>VA4097868</CSValueCode><CSValueName>Да</CSValueName><CSValueRank>6</CSValueRank></CSValue></CSItem><CSItem><CSItemCode>IT4042327</CSItemCode><CSItemName>Можно стерилизовать</CSItemName><CSItemRank>2</CSItemRank><CSItemIsFreeFormat>0</CSItemIsFreeFormat><CSValue><CSValueCode>VA4097865</CSValueCode><CSValueName>Да</CSValueName><CSValueRank>5</CSValueRank></CSValue></CSItem><CSItem><CSItemCode>IT4042328</CSItemCode><CSItemName>Можно мыть в посудомоечной машине</CSItemName><CSItemRank>3</CSItemRank><CSItemIsFreeFormat>0</CSItemIsFreeFormat><CSValue><CSValueCode>VA4097866</CSValueCode><CSValueName>Да</CSValueName><CSValueRank>4</CSValueRank></CSValue></CSItem></CSChapter><Filters><Purpose type="Comparison"><Features><Feature code="F400081739" rank="1" referenceName="Flexible, soft shield (Peach - updated content)"/><Feature code="F400081748" rank="2" referenceName="Rounded shield (Peach - updated Content)"/><Feature code="F400081749" rank="3" referenceName="Extra airflow (Updated content)"/><Feature code="F400082105" rank="4" referenceName="98% accept silicon nipples (Updated content)"/><Feature code="F400081737" rank="5" referenceName="Silky textured nipple (Peach - updated content)"/><Feature code="F400081736" rank="6" referenceName="Orthodontic nipple (Updated Content)"/><Feature code="F400081733" rank="7" referenceName="Sterilizer / carrying case (Peach - updated content)"/><Feature code="F400081735" rank="8" referenceName="Case makes sterilizing easy (peach - updated content)"/><Feature code="F400081751" rank="9" referenceName="Made in the UK (Updated - Content)"/></Features><CSItems><CSItem code="IT4042323" rank="1" referenceName="В комплект входят: - пустышка ultra soft"/><CSItem code="IT4042324" rank="1" referenceName="Аксессуары в комплекте - Футляр для стерилизации/хранения"/><CSItem code="IT4042329" rank="1" referenceName="Безопасность - Кольцо-держатель для безопасности"/><CSItem code="IT4042330" rank="1" referenceName="Гигиеничность - Легко чистится"/><CSItem code="IT4042325" rank="2" referenceName="Безопасность - Без бисфенола-А"/><CSItem code="IT4042327" rank="2" referenceName="Гигиеничность - Можно стерилизовать"/><CSItem code="IT4042328" rank="3" referenceName="Гигиеничность - Можно мыть в посудомоечной машине"/></CSItems></Purpose><Purpose type="Detail"><Features><Feature code="F400081739" rank="1" referenceName="Flexible, soft shield (Peach - updated content)"/><Feature code="F400081748" rank="2" referenceName="Rounded shield (Peach - updated Content)"/><Feature code="F400081749" rank="3" referenceName="Extra airflow (Updated content)"/><Feature code="F400082105" rank="4" referenceName="98% accept silicon nipples (Updated content)"/><Feature code="F400081737" rank="5" referenceName="Silky textured nipple (Peach - updated content)"/><Feature code="F400081736" rank="6" referenceName="Orthodontic nipple (Updated Content)"/><Feature code="F400081733" rank="7" referenceName="Sterilizer / carrying case (Peach - updated content)"/><Feature code="F400081735" rank="8" referenceName="Case makes sterilizing easy (peach - updated content)"/><Feature code="F400081751" rank="9" referenceName="Made in the UK (Updated - Content)"/></Features><CSItems><CSItem code="IT4042323" rank="1" referenceName="В комплект входят: - пустышка ultra soft"/><CSItem code="IT4042324" rank="1" referenceName="Аксессуары в комплекте - Футляр для стерилизации/хранения"/><CSItem code="IT4042329" rank="1" referenceName="Безопасность - Кольцо-держатель для безопасности"/><CSItem code="IT4042330" rank="1" referenceName="Гигиеничность - Легко чистится"/><CSItem code="IT4042325" rank="2" referenceName="Безопасность - Без бисфенола-А"/><CSItem code="IT4042327" rank="2" referenceName="Гигиеничность - Можно стерилизовать"/><CSItem code="IT4042328" rank="3" referenceName="Гигиеничность - Можно мыть в посудомоечной машине"/></CSItems></Purpose></Filters><FeatureCompareGroups/><Disclaimers><Disclaimer code="DIS40011571" rank="1" referenceName="The softest soother for your baby's delicate skin (Peach)"><DisclaimerText>По результатам независимого исследования, проведенного в США в феврале 2017 г., 85 % опрошенных мам сказали, что эта пустышка мягче по сравнению с восемью остальными подобными моделями от других ведущих производителей.</DisclaimerText><DisclaimElements/></Disclaimer><Disclaimer code="DIS40010963" rank="2" referenceName="98% nipple acceptance (Peach)"><DisclaimerText>Согласно результатам тестов с участием покупателей, проведенных в США в 2016–2017 гг., в среднем 98 % малышей принимают текстурированную соску Philips Avent, которая используется в пустышках серии ultra air и ultra soft.</DisclaimerText><DisclaimElements/></Disclaimer><Disclaimer code="DIS40010842" rank="3" referenceName="Developed with healthcare professionals and moms (Peach)"><DisclaimerText>Разработано в сотрудничестве со специалистами в сфере здравоохранения и мамами</DisclaimerText><DisclaimElements/></Disclaimer><Disclaimer code="DIS40011350" rank="4" referenceName="No 1 global pacifier brand (Updated content)"><DisclaimerText>Бренд № 1 среди мировых производителей пустышек</DisclaimerText><DisclaimElements/></Disclaimer><Disclaimer code="DIS40011351" rank="5" referenceName="For hygiene reasons, replace pacifiers regularly"><DisclaimerText>В целях соблюдения гигиены меняйте пустышки каждые 4 недели использования.</DisclaimerText><DisclaimElements/></Disclaimer><Disclaimer code="DIS40011352" rank="6" referenceName="Our range supports moms and babies at every development stag"><DisclaimerText>Наш модельный ряд разработан для малышей на каждом этапе развития</DisclaimerText><DisclaimElements/></Disclaimer><Disclaimer code="DIS40011354" rank="7" referenceName="2014 Manufacturer of the Year"><DisclaimerText>Производитель года — 2014</DisclaimerText><DisclaimElements/></Disclaimer></Disclaimers><Award AwardType="global"><AwardCode>GA_GREEN</AwardCode><AwardName>Экологотип Philips</AwardName><AwardDescription>Экологичная продукция Philips поможет снизить расходы, потребление энергии и выбросы CO2. Каким образом? Она имеет отличные характеристики по ключевым параметрам экологической безопасности Philips — энергоэффективность, упаковка, отсутствие вредных веществ, вес, переработка и утилизация, надежность в течение всего срока службы.</AwardDescription><AwardText>Экологотип Philips</AwardText><AwardRank>3</AwardRank></Award><ProductReference ProductReferenceType="Accessory"><CTN>SCF185/00</CTN><ProductReferenceRank>0</ProductReferenceRank></ProductReference><ProductReference ProductReferenceType="Accessory"><CTN>SCF185/01</CTN><ProductReferenceRank>0</ProductReferenceRank></ProductReference><ProductReference ProductReferenceType="Accessory"><CTN>SCF185/02</CTN><ProductReferenceRank>0</ProductReferenceRank></ProductReference><ProductReference ProductReferenceType="Accessory"><CTN>SCF199/00</CTN><ProductReferenceRank>0</ProductReferenceRank></ProductReference><RichTexts/></Product></Products>