<?xml version="1.0" encoding="UTF-8"?><Products xmlns:source="http://apache.org/cocoon/source/1.0" DocStatus="approved" DocTimeStamp="2018-10-19T09:17:42"><Product Country="RU" IsAccessory="false" IsMaster="false" Locale="ru_RU" lastModified="2018-10-19T04:27:58" masterLastModified="2018-10-12T00:42:21"><CTN>GC4939/00</CTN><GTIN/><MarketingVersion>10.0.1</MarketingVersion><MarketingStatus>Final Published</MarketingStatus><CRDate>2017-09-01</CRDate><CRDateYW>201735</CRDateYW><ModelYears><ModelYear>2017</ModelYear></ModelYears><ProductDivision><ProductDivisionCode>0200</ProductDivisionCode><ProductDivisionName>Consumer Lifestyle</ProductDivisionName><FormerPDCode>0300</FormerPDCode></ProductDivision><ProductOwner>Aafke Post</ProductOwner><DTN>GC4939/00</DTN><Catalog><StartOfPublication>2017-10-01T00:00:00</StartOfPublication><EndOfPublication>2021-10-01T00:00:00</EndOfPublication><StartOfSales>2017-10-01T00:00:00</StartOfSales><EndOfSales>2021-10-01T00:00:00</EndOfSales><DummyPrice/><Deleted>false</Deleted><DeleteAfterDate/><ProductRank>50</ProductRank></Catalog><FinancialCategorization><BusinessGroupCode>9042</BusinessGroupCode><BusinessGroupName>Domestic Appliances</BusinessGroupName><BusinessUnitCode>0352</BusinessUnitCode><BusinessUnitName>Garment Care</BusinessUnitName><MainArticleGroupCode>E34</MainArticleGroupCode><MainArticleGroupName>Dry/Travel/Steam irons</MainArticleGroupName><ArticleGroupCode>1056</ArticleGroupCode><ArticleGroupName>4000-5000 series: high end irons</ArticleGroupName></FinancialCategorization><Categorization type="CONSUMER"><GroupCode>HOUSEHOLD_PRODUCTS_GR</GroupCode><GroupName>Household products</GroupName><CategoryCode>IRONS_CA</CategoryCode><CategoryName>Ironing</CategoryName><SubcategoryCode>STEAM_IRONS_SU</SubcategoryCode><SubcategoryName>Steam Iron</SubcategoryName></Categorization><Assets><Asset code="GC4939_00" description="User manual" extension="pdf" lastModified="2018-04-19" locale="ru_RU" number="001" type="DFU">http://download.p4c.philips.com/files/g/gc4939_00/gc4939_00_dfu_rus.pdf</Asset><Asset code="GC4939_00" description="High Quality product movie 1" extension="mp4" lastModified="2017-08-25" locale="ru_RU" number="001" type="HQ1">http://download.p4c.philips.com/files/g/gc4939_00/gc4939_00_hq1_rus.mp4</Asset><Asset code="GC4939_00" description="High Quality product movie 2" extension="mp4" lastModified="2017-08-25" locale="ru_RU" number="001" type="HQ2">http://download.p4c.philips.com/files/g/gc4939_00/gc4939_00_hq2_rus.mp4</Asset><Asset code="GC4939_00" description="High Quality product movie 3" extension="mp4" lastModified="2017-08-25" locale="ru_RU" number="001" type="HQ3">http://download.p4c.philips.com/files/g/gc4939_00/gc4939_00_hq3_rus.mp4</Asset><Asset code="GC4939_00" description="Important Information Manual" extension="pdf" lastModified="2018-06-07" locale="ru_RU" number="001" type="IIM">http://download.p4c.philips.com/files/g/gc4939_00/gc4939_00_iim_rus.pdf</Asset><Asset code="GC4939_00" description="Product movie 1" extension="flv" lastModified="2017-08-24" locale="ru_RU" number="001" type="PRM">http://download.p4c.philips.com/files/g/gc4939_00/gc4939_00_prm_rus.flv</Asset><Asset code="GC4939_00" description="Leaflet" extension="pdf" lastModified="2018-10-15" locale="ru_RU" number="001" type="PSS">http://download.p4c.philips.com/files/g/gc4939_00/gc4939_00_pss_rusru.pdf</Asset><Asset code="GC4939_00" description="Retail Trade Leaflet" extension="pdf" lastModified="2018-10-18" locale="ru_RU" number="001" type="RTL">http://download.p4c.philips.com/files/g/gc4939_00/gc4939_00_rtl_rusru.pdf</Asset><Asset code="GC4939_00" description="Alternative product photograph - highres 2196x1795" extension="tif" lastModified="2017-05-24" locale="global" number="001" type="APP">http://images.philips.com/is/image/PhilipsConsumer/GC4939_00-APP-global-001</Asset><Asset code="GC4939_00" description="Main in-use photograph - highres 2480x1462" extension="tif" lastModified="2017-08-25" locale="global" number="001" type="MI1">http://images.philips.com/is/image/PhilipsConsumer/GC4939_00-MI1-global-001</Asset><Asset code="GC4939_00" description="Product 3D" extension="zip" lastModified="2017-08-24" locale="global" number="001" type="P3D">http://images.philips.com/is/image/PhilipsConsumer/GC4939_00-P3D-global</Asset><Asset code="GC4939_00" description="Leaflet" extension="pdf" lastModified="2018-10-13" locale="global" number="001" type="PSS">http://download.p4c.philips.com/files/g/gc4939_00/gc4939_00_pss_.pdf</Asset><Asset code="GC4939_00" description="Standard product photograph - highres 2196x1795" extension="tif" lastModified="2017-05-24" locale="global" number="001" type="RTP">http://images.philips.com/is/image/PhilipsConsumer/GC4939_00-RTP-global-001</Asset><Asset code="GC4939_00" description="Product In Use 1 - highres 2196x1795" extension="tif" lastModified="2018-04-06" locale="global" number="001" type="U1P">http://images.philips.com/is/image/PhilipsConsumer/GC4939_00-U1P-global-001</Asset><Asset code="GC4939_00" description="Product In Use 2 - highres 2196x1795" extension="tif" lastModified="2018-03-22" locale="global" number="001" type="U2P">http://images.philips.com/is/image/PhilipsConsumer/GC4939_00-U2P-global-001</Asset><Asset code="GC4939_00" description="Product In Use 3 - highres 2196x1795" extension="tif" lastModified="2018-03-17" locale="global" number="001" type="U3P">http://images.philips.com/is/image/PhilipsConsumer/GC4939_00-U3P-global-001</Asset><Asset code="GC4939_00" description="Product In Use 4 - highres 2196x1795" extension="tif" lastModified="2018-04-27" locale="global" number="001" type="U4P">http://images.philips.com/is/image/PhilipsConsumer/GC4939_00-U4P-global-001</Asset><Asset code="GC4939_00" description="Product in use photograph - highres 2196x1795" extension="tif" lastModified="2018-03-29" locale="global" number="001" type="UPL">http://images.philips.com/is/image/PhilipsConsumer/GC4939_00-UPL-global-001</Asset><Asset code="GC4939_00" description="Single product shot" extension="" lastModified="2018-10-19" locale="ru_RU" number="" type="IMS">http://images.philips.com/is/image/PhilipsConsumer/GC4939_00-IMS-ru_RU</Asset><Asset code="GC4939_00" description="Product gallery image set" extension="" lastModified="2018-10-19" locale="ru_RU" number="" type="GAL">http://images.philips.com/is/image/PhilipsConsumer/GC4939_00-GAL-ru_RU</Asset><Asset code="GC4939_00" description="Product URL" extension="" lastModified="2018-10-19" locale="ru_RU" number="" type="URL">http://www.philips.ru/c-p/GC4939_00/azur-advanced-steam-iron-with-optimaltemp-technology</Asset><Asset code="F400075005" description="Feature photograph - highres 2100x1170" extension="tif" lastModified="2015-11-12" locale="global" number="001" type="FIL">http://images.philips.com/is/image/PhilipsConsumer/F400075005-FIL-global-001</Asset><Asset code="F400083217" description="Feature photograph - highres 2100x1170" extension="tif" lastModified="2017-05-29" locale="global" number="001" type="FIL">http://images.philips.com/is/image/PhilipsConsumer/F400083217-FIL-global-001</Asset><Asset code="F400083220" description="Feature photograph - highres 2100x1170" extension="tif" lastModified="2017-08-02" locale="global" number="001" type="FIL">http://images.philips.com/is/image/PhilipsConsumer/F400083220-FIL-global-001</Asset><Asset code="F400083221" description="Feature photograph - highres 2100x1170" extension="tif" lastModified="2018-07-13" locale="global" number="001" type="FIL">http://images.philips.com/is/image/PhilipsConsumer/F400083221-FIL-global-001</Asset><Asset code="F400083224" description="Feature photograph - highres 2100x1170" extension="tif" lastModified="2018-07-13" locale="global" number="001" type="FIL">http://images.philips.com/is/image/PhilipsConsumer/F400083224-FIL-global-001</Asset><Asset code="F400083267" description="Feature photograph - highres 2100x1170" extension="tif" lastModified="2017-08-01" locale="global" number="001" type="FIL">http://images.philips.com/is/image/PhilipsConsumer/F400083267-FIL-global-001</Asset><Asset code="F400083268" description="Feature photograph - highres 2100x1170" extension="tif" lastModified="2017-08-01" locale="global" number="001" type="FIL">http://images.philips.com/is/image/PhilipsConsumer/F400083268-FIL-global-001</Asset><Asset code="F400083305" description="Feature photograph - highres 2100x1170" extension="tif" lastModified="2017-08-01" locale="global" number="001" type="FIL">http://images.philips.com/is/image/PhilipsConsumer/F400083305-FIL-global-001</Asset><Asset code="GA_GREEN" description="needs to be blocked as code in CCR Global award logo - master" extension="eps" lastModified="2010-09-22" locale="global" number="001" type="GAL">GA_GREEN-GAL-global-001.eps</Asset><Asset code="GA_GREEN" description="Global award logo - highres 590x590" extension="tif" lastModified="2010-09-22" locale="global" number="001" type="GAP">http://images.philips.com/is/image/PhilipsConsumer/GA_GREEN-GAP-global-001</Asset><Asset code="PHI" description="Brand logo - highres 1476x886" extension="tif" lastModified="2016-02-18" locale="global" number="001" type="BRP">http://images.philips.com/is/image/PhilipsConsumer/PHI-BRP-global-001</Asset></Assets><ProductName>Паровой утюг 3000 Вт с технологией OptimalTEMP</ProductName><FullProductName>Philips Azur Advanced Паровой утюг с технологией OptimalTEMP GC4939/00 3000 Вт, постоянная подача пара 55 г/мин, паровой удар 240 г, подошва SteamGlide Advanced</FullProductName><NamingString><MasterBrand><BrandCode>PHI</BrandCode><BrandName>Philips</BrandName></MasterBrand><BrandString>Philips</BrandString><Family><FamilyCode>SB40008991</FamilyCode><FamilyName>Azur Advanced</FamilyName><FamilyNameUsed>1</FamilyNameUsed></Family><Descriptor><DescriptorCode>D4029758</DescriptorCode><DescriptorName>Паровой утюг с технологией OptimalTEMP</DescriptorName></Descriptor><Alphanumeric>GC4939/00</Alphanumeric><VersionElement1><VersionElementCode>V4044763</VersionElementCode><VersionElementName>3000 Вт</VersionElementName></VersionElement1><VersionElement2><VersionElementCode>V4044764</VersionElementCode><VersionElementName>Постоянная подача пара 55 г/мин</VersionElementName></VersionElement2><VersionElement3><VersionElementCode>V4044772</VersionElementCode><VersionElementName>Паровой удар 240 г</VersionElementName></VersionElement3><VersionElement4><VersionElementCode>V4044785</VersionElementCode><VersionElementName>Подошва SteamGlide Advanced</VersionElementName></VersionElement4><VersionString>3000 Вт, постоянная подача пара 55 г/мин, паровой удар 240 г, подошва SteamGlide Advanced</VersionString><BrandedFeatureString/><DescriptorBrandedFeatureString>Паровой утюг с технологией OptimalTEMP</DescriptorBrandedFeatureString></NamingString><WOW>Утюг нового поколения для превосходных быстрых результатов*</WOW><SubWOW>Без риска прожечь ткань</SubWOW><MarketingTextHeader>Глажение любых тканей — от джинсовых до шелковых — без риска прожечь ткань*, благодаря технологии OptimalTEMP; теперь пар проникает в ткань на 20 % глубже для быстрого разглаживания складок.*</MarketingTextHeader><KeyBenefitArea><KeyBenefitAreaCode>K4034569</KeyBenefitAreaCode><KeyBenefitAreaName>Интеллектуальное, максимально комфортное глажение</KeyBenefitAreaName><KeyBenefitAreaRank>1</KeyBenefitAreaRank><Feature><FeatureCode>F400083217</FeatureCode><FeatureReferenceName>OptimalTEMP technology: Guaranteed no burns , no settings</FeatureReferenceName><FeatureName>Технология OptimalTEMP</FeatureName><FeatureLongDescription>Технология OptimalTEMP — глажение без настроек и без риска прожечь ткань</FeatureLongDescription><FeatureGlossary>Мы гарантируем, что благодаря технологии OptimalTEMP утюг безопасен для любых тканей, допускающих глажение. Гладьте одежду из любой ткани, от джинсовой до шелковой и от льна до кашемира, в любой последовательности и не тратьте время на настройку температуры и сортировку одежды. Паровые утюги Philips с технологией OptimalTEMP облегчают и ускоряют процесс глажения. Они протестированы независимыми экспертами.</FeatureGlossary><FeatureRank>1</FeatureRank><FeatureTopRank>1</FeatureTopRank></Feature></KeyBenefitArea><KeyBenefitArea><KeyBenefitAreaCode>K4034078</KeyBenefitAreaCode><KeyBenefitAreaName>Более быстрое и легкое глажение</KeyBenefitAreaName><KeyBenefitAreaRank>2</KeyBenefitAreaRank><Feature><FeatureCode>F400075005</FeatureCode><FeatureReferenceName>3000 W for quick heat-up and powerful performance</FeatureReferenceName><FeatureName>3000 Вт для быстрого нагрева</FeatureName><FeatureLongDescription>3000 Вт для быстрого нагрева и безупречного результата</FeatureLongDescription><FeatureGlossary>Обеспечивает быстрый нагрев и превосходные результаты для быстрого глажения</FeatureGlossary><FeatureRank>4</FeatureRank><FeatureTopRank>2</FeatureTopRank></Feature><Feature><FeatureCode>F400083220</FeatureCode><FeatureReferenceName>55g steam penetrates up to 20% more steam through fabric*</FeatureReferenceName><FeatureName>Постоянная подача пара до 55 г/мин</FeatureName><FeatureLongDescription>Благодаря мощной подаче пара (55 г) в ткань может проникать на 20 % больше пара*</FeatureLongDescription><FeatureGlossary>Благодаря мощной и постоянной подаче пара в ткань теперь проникает на 20 % больше пара, и складки разглаживаются быстрее.</FeatureGlossary><FeatureRank>7</FeatureRank><FeatureTopRank>4</FeatureTopRank></Feature><Feature><FeatureCode>F400083221</FeatureCode><FeatureReferenceName>up to 240 g steam boost blasts stubborn creases</FeatureReferenceName><FeatureName>Паровой удар до 240 г</FeatureName><FeatureLongDescription>Паровой удар до 240 г для разглаживания жестких складок</FeatureLongDescription><FeatureGlossary>Пар проникает глубоко в ткань, чтобы легко разгладить жесткие складки.</FeatureGlossary><FeatureRank>8</FeatureRank><FeatureTopRank>5</FeatureTopRank></Feature><Feature><FeatureCode>F400083219</FeatureCode><FeatureReferenceName>Deep penetrating steam, for great results faster</FeatureReferenceName><FeatureName>Глубоко проникающий пар</FeatureName><FeatureLongDescription>Пар глубоко проникает в ткань для превосходных быстрых результатов</FeatureLongDescription><FeatureGlossary>Благодаря особому конструктивному решению в ткань может проникать на 20 %* больше пара, поэтому превосходные результаты достигаются еще быстрее.</FeatureGlossary><FeatureRank>5</FeatureRank><FeatureTopRank>8</FeatureTopRank></Feature></KeyBenefitArea><KeyBenefitArea><KeyBenefitAreaCode>KBA_0000085</KeyBenefitAreaCode><KeyBenefitAreaName>Комфортное глажение</KeyBenefitAreaName><KeyBenefitAreaRank>3</KeyBenefitAreaRank><Feature><FeatureCode>F400083268</FeatureCode><FeatureReferenceName>Extra-long cord for maximum reach</FeatureReferenceName><FeatureName>Удлиненный сетевой шнур</FeatureName><FeatureLongDescription>Удлиненный шнур для удобства перемещения</FeatureLongDescription><FeatureGlossary>Длина шнура 3 метра для максимального удобства.</FeatureGlossary><FeatureRank>6</FeatureRank><FeatureTopRank>3</FeatureTopRank></Feature><Feature><FeatureCode>F400083267</FeatureCode><FeatureReferenceName>SteamGlide Advanced soleplate, ultimate gliding &amp; durability</FeatureReferenceName><FeatureName>Подошва SteamGlide Advanced</FeatureName><FeatureLongDescription>Подошва SteamGlide Advanced: долговечность и превосходное скольжение</FeatureLongDescription><FeatureGlossary>SteamGlide Advanced — наша премиальная устойчивая к царапинам подошва, которая обеспечивает превосходное скольжение. Она выполнена из нержавеющей стали, которая вдвое прочнее обычного алюминия, и оснащена запатентованным 6-слойным покрытием с улучшенным слоем из титана для гладкого скольжения и быстрых результатов.</FeatureGlossary><FeatureRank>2</FeatureRank><FeatureTopRank>6</FeatureTopRank></Feature><Feature><FeatureCode>F400083224</FeatureCode><FeatureReferenceName>Quick Calc Release in 15s for long-lasting steam performance</FeatureReferenceName><FeatureName>Очистка Quick Calc Release за 15 секунд</FeatureName><FeatureLongDescription>Быстрая очистка от накипи Quick Calc Release за 15 секунд для оптимальной подачи пара надолго</FeatureLongDescription><FeatureGlossary>Улучшенная подача пара гарантирует эффективное разрушение известкового налета, а в контейнере теперь может накапливаться в 5 раз больше частиц накипи*. Благодаря системе Quick Calc Release контейнер легко извлекается и опустошается менее чем за 15 секунд для обеспечения ежедневной оптимальной подачи пара.</FeatureGlossary><FeatureRank>3</FeatureRank><FeatureTopRank>7</FeatureTopRank></Feature><Feature><FeatureCode>F400083305</FeatureCode><FeatureReferenceName>Automatic shut-off when the iron is left unattended</FeatureReferenceName><FeatureName>Автоотключение</FeatureName><FeatureLongDescription>Специальная функция выключает оставленный без присмотра утюг</FeatureLongDescription><FeatureGlossary>Утюг отключается автоматически, если его не перемещать. Прибор выключится через 2 минуты, если он оставлен в горизонтальном положении, и через 8 минут — в вертикальном.</FeatureGlossary><FeatureRank>9</FeatureRank><FeatureTopRank>9</FeatureTopRank></Feature></KeyBenefitArea><FeatureImage><FeatureCode>F400083217</FeatureCode><FeatureReferenceName>OptimalTEMP technology: Guaranteed no burns , no settings</FeatureReferenceName><FeatureImageRank>1</FeatureImageRank></FeatureImage><FeatureImage><FeatureCode>F400075005</FeatureCode><FeatureReferenceName>3000 W for quick heat-up and powerful performance</FeatureReferenceName><FeatureImageRank>2</FeatureImageRank></FeatureImage><FeatureImage><FeatureCode>F400083268</FeatureCode><FeatureReferenceName>Extra-long cord for maximum reach</FeatureReferenceName><FeatureImageRank>3</FeatureImageRank></FeatureImage><FeatureImage><FeatureCode>F400083220</FeatureCode><FeatureReferenceName>55g steam penetrates up to 20% more steam through fabric*</FeatureReferenceName><FeatureImageRank>4</FeatureImageRank></FeatureImage><FeatureImage><FeatureCode>F400083221</FeatureCode><FeatureReferenceName>up to 240 g steam boost blasts stubborn creases</FeatureReferenceName><FeatureImageRank>5</FeatureImageRank></FeatureImage><FeatureImage><FeatureCode>F400083267</FeatureCode><FeatureReferenceName>SteamGlide Advanced soleplate, ultimate gliding &amp; durability</FeatureReferenceName><FeatureImageRank>6</FeatureImageRank></FeatureImage><FeatureImage><FeatureCode>F400083224</FeatureCode><FeatureReferenceName>Quick Calc Release in 15s for long-lasting steam performance</FeatureReferenceName><FeatureImageRank>7</FeatureImageRank></FeatureImage><FeatureImage><FeatureCode>F400083219</FeatureCode><FeatureReferenceName>Deep penetrating steam, for great results faster</FeatureReferenceName><FeatureImageRank>8</FeatureImageRank></FeatureImage><FeatureImage><FeatureCode>F400083305</FeatureCode><FeatureReferenceName>Automatic shut-off when the iron is left unattended</FeatureReferenceName><FeatureImageRank>9</FeatureImageRank></FeatureImage><FeatureHighlight><FeatureCode>F400083217</FeatureCode><FeatureReferenceName>OptimalTEMP technology: Guaranteed no burns , no settings</FeatureReferenceName><FeatureHighlightRank>1</FeatureHighlightRank></FeatureHighlight><FeatureHighlight><FeatureCode>F400075005</FeatureCode><FeatureReferenceName>3000 W for quick heat-up and powerful performance</FeatureReferenceName><FeatureHighlightRank>2</FeatureHighlightRank></FeatureHighlight><FeatureHighlight><FeatureCode>F400083268</FeatureCode><FeatureReferenceName>Extra-long cord for maximum reach</FeatureReferenceName><FeatureHighlightRank>3</FeatureHighlightRank></FeatureHighlight><FeatureHighlight><FeatureCode>F400083220</FeatureCode><FeatureReferenceName>55g steam penetrates up to 20% more steam through fabric*</FeatureReferenceName><FeatureHighlightRank>4</FeatureHighlightRank></FeatureHighlight><FeatureHighlight><FeatureCode>F400083221</FeatureCode><FeatureReferenceName>up to 240 g steam boost blasts stubborn creases</FeatureReferenceName><FeatureHighlightRank>5</FeatureHighlightRank></FeatureHighlight><FeatureHighlight><FeatureCode>F400083267</FeatureCode><FeatureReferenceName>SteamGlide Advanced soleplate, ultimate gliding &amp; durability</FeatureReferenceName><FeatureHighlightRank>6</FeatureHighlightRank></FeatureHighlight><FeatureHighlight><FeatureCode>F400083224</FeatureCode><FeatureReferenceName>Quick Calc Release in 15s for long-lasting steam performance</FeatureReferenceName><FeatureHighlightRank>7</FeatureHighlightRank></FeatureHighlight><FeatureHighlight><FeatureCode>F400083219</FeatureCode><FeatureReferenceName>Deep penetrating steam, for great results faster</FeatureReferenceName><FeatureHighlightRank>8</FeatureHighlightRank></FeatureHighlight><FeatureHighlight><FeatureCode>F400083305</FeatureCode><FeatureReferenceName>Automatic shut-off when the iron is left unattended</FeatureReferenceName><FeatureHighlightRank>9</FeatureHighlightRank></FeatureHighlight><CSChapter><CSChapterCode>CH4007061</CSChapterCode><CSChapterName>Технология</CSChapterName><CSChapterRank>1</CSChapterRank><CSItem><CSItemCode>IT4039917</CSItemCode><CSItemName>Технология OptimalTEMP</CSItemName><CSItemRank>11</CSItemRank><CSItemIsFreeFormat>0</CSItemIsFreeFormat><CSValue><CSValueCode>VA4093293</CSValueCode><CSValueName>Да</CSValueName><CSValueRank>4</CSValueRank></CSValue></CSItem></CSChapter><CSChapter><CSChapterCode>CH4008281</CSChapterCode><CSChapterName>Быстрое разглаживание складок</CSChapterName><CSChapterRank>2</CSChapterRank><CSItem><CSItemCode>IT4039934</CSItemCode><CSItemName>Постоянная подача пара</CSItemName><CSItemRank>4</CSItemRank><CSItemIsFreeFormat>1</CSItemIsFreeFormat><CSValue><CSValueCode>VA4093311</CSValueCode><CSValueName>55</CSValueName><CSValueRank>1</CSValueRank></CSValue><UnitOfMeasure><UnitOfMeasureCode>4000018</UnitOfMeasureCode><UnitOfMeasureName>Грамм в минуту</UnitOfMeasureName><UnitOfMeasureSymbol>г/мин</UnitOfMeasureSymbol></UnitOfMeasure></CSItem><CSItem><CSItemCode>IT4039933</CSItemCode><CSItemName>Питание</CSItemName><CSItemRank>7</CSItemRank><CSItemIsFreeFormat>1</CSItemIsFreeFormat><CSValue><CSValueCode>VA4093310</CSValueCode><CSValueName>3000</CSValueName><CSValueRank>1</CSValueRank></CSValue><UnitOfMeasure><UnitOfMeasureCode>3000072</UnitOfMeasureCode><UnitOfMeasureName>Ватт</UnitOfMeasureName><UnitOfMeasureSymbol>Вт</UnitOfMeasureSymbol></UnitOfMeasure></CSItem><CSItem><CSItemCode>IT4039935</CSItemCode><CSItemName>Паровой удар</CSItemName><CSItemRank>9</CSItemRank><CSItemIsFreeFormat>1</CSItemIsFreeFormat><CSValue><CSValueCode>VA4093312</CSValueCode><CSValueName>240</CSValueName><CSValueRank>1</CSValueRank></CSValue><UnitOfMeasure><UnitOfMeasureCode>4000006</UnitOfMeasureCode><UnitOfMeasureName>грамма</UnitOfMeasureName><UnitOfMeasureSymbol>г</UnitOfMeasureSymbol></UnitOfMeasure></CSItem><CSItem><CSItemCode>IT4039936</CSItemCode><CSItemName>Вертикальное отпаривание</CSItemName><CSItemRank>12</CSItemRank><CSItemIsFreeFormat>0</CSItemIsFreeFormat><CSValue><CSValueCode>VA4093313</CSValueCode><CSValueName>Да</CSValueName><CSValueRank>5</CSValueRank></CSValue></CSItem></CSChapter><CSChapter><CSChapterCode>CHA_0000026</CSChapterCode><CSChapterName>Легко использовать</CSChapterName><CSChapterRank>3</CSChapterRank><CSItem><CSItemCode>IT4039948</CSItemCode><CSItemName>Название подошвы</CSItemName><CSItemRank>2</CSItemRank><CSItemIsFreeFormat>0</CSItemIsFreeFormat><CSValue><CSValueCode>VA4100141</CSValueCode><CSValueName>SteamGlide Advanced</CSValueName><CSValueRank>9</CSValueRank></CSValue></CSItem><CSItem><CSItemCode>IT4015768</CSItemCode><CSItemName>Объем резервуара для воды</CSItemName><CSItemRank>5</CSItemRank><CSItemIsFreeFormat>1</CSItemIsFreeFormat><CSValue><CSValueCode>VA4031461</CSValueCode><CSValueName>330</CSValueName><CSValueRank>1</CSValueRank></CSValue><UnitOfMeasure><UnitOfMeasureCode>4000012</UnitOfMeasureCode><UnitOfMeasureName>мл</UnitOfMeasureName><UnitOfMeasureSymbol>мл</UnitOfMeasureSymbol></UnitOfMeasure></CSItem><CSItem><CSItemCode>IT4040058</CSItemCode><CSItemName>Устойчивое вертикальное положение</CSItemName><CSItemRank>10</CSItemRank><CSItemIsFreeFormat>0</CSItemIsFreeFormat><CSValue><CSValueCode>VA4093472</CSValueCode><CSValueName>Да</CSValueName><CSValueRank>7</CSValueRank></CSValue></CSItem><CSItem><CSItemCode>IT4015770</CSItemCode><CSItemName>Длина шнура питания</CSItemName><CSItemRank>13</CSItemRank><CSItemIsFreeFormat>1</CSItemIsFreeFormat><CSValue><CSValueCode>VA4031463</CSValueCode><CSValueName>3</CSValueName><CSValueRank>1</CSValueRank></CSValue><UnitOfMeasure><UnitOfMeasureCode>3000057</UnitOfMeasureCode><UnitOfMeasureName>метр</UnitOfMeasureName><UnitOfMeasureSymbol>м</UnitOfMeasureSymbol></UnitOfMeasure></CSItem><CSItem><CSItemCode>IT4015743</CSItemCode><CSItemName>Система "капля-стоп"</CSItemName><CSItemRank>14</CSItemRank><CSItemIsFreeFormat>0</CSItemIsFreeFormat><CSValue><CSValueCode>VA4031420</CSValueCode><CSValueName>Да</CSValueName><CSValueRank>8</CSValueRank></CSValue></CSItem><CSItem><CSItemCode>IT4020774</CSItemCode><CSItemName>Большое отверстие для залива воды</CSItemName><CSItemRank>15</CSItemRank><CSItemIsFreeFormat>0</CSItemIsFreeFormat><CSValue><CSValueCode>VA4050543</CSValueCode><CSValueName>Да</CSValueName><CSValueRank>1</CSValueRank></CSValue></CSItem><CSItem><CSItemCode>IT4043750</CSItemCode><CSItemName>Автоотключение</CSItemName><CSItemRank>16</CSItemRank><CSItemIsFreeFormat>0</CSItemIsFreeFormat><CSValue><CSValueCode>VA4100701</CSValueCode><CSValueName>Да</CSValueName><CSValueRank>6</CSValueRank></CSValue></CSItem></CSChapter><CSChapter><CSChapterCode>CH4008283</CSChapterCode><CSChapterName>Очистка от накипи</CSChapterName><CSChapterRank>4</CSChapterRank><CSItem><CSItemCode>IT4039985</CSItemCode><CSItemName>Очистка от накипи и загрязнений</CSItemName><CSItemRank>1</CSItemRank><CSItemIsFreeFormat>0</CSItemIsFreeFormat><CSValue><CSValueCode>VA4100702</CSValueCode><CSValueName>Быстрая очистка от накипи</CSValueName><CSValueRank>10</CSValueRank></CSValue></CSItem></CSChapter><CSChapter><CSChapterCode>CH4008284</CSChapterCode><CSChapterName>Размер и вес</CSChapterName><CSChapterRank>5</CSChapterRank><CSItem><CSItemCode>IT4039999</CSItemCode><CSItemName>Размеры изделия (Ш x В x Д)</CSItemName><CSItemRank>8</CSItemRank><CSItemIsFreeFormat>1</CSItemIsFreeFormat><CSValue><CSValueCode>VA4093410</CSValueCode><CSValueName>33,3 x 17,5 x 13,5</CSValueName><CSValueRank>1</CSValueRank></CSValue><UnitOfMeasure><UnitOfMeasureCode>3000039</UnitOfMeasureCode><UnitOfMeasureName>сантиметра</UnitOfMeasureName><UnitOfMeasureSymbol>см</UnitOfMeasureSymbol></UnitOfMeasure></CSItem></CSChapter><CSChapter><CSChapterCode>CHA_0000075</CSChapterCode><CSChapterName>Гарантия</CSChapterName><CSChapterRank>6</CSChapterRank><CSItem><CSItemCode>IT4039992</CSItemCode><CSItemName>Международная гарантия 2 года</CSItemName><CSItemRank>3</CSItemRank><CSItemIsFreeFormat>0</CSItemIsFreeFormat><CSValue><CSValueCode>VA4093403</CSValueCode><CSValueName>Да</CSValueName><CSValueRank>2</CSValueRank></CSValue></CSItem></CSChapter><CSChapter><CSChapterCode>CH4008282</CSChapterCode><CSChapterName>Экологичность</CSChapterName><CSChapterRank>7</CSChapterRank><CSItem><CSItemCode>IT4039983</CSItemCode><CSItemName>Инструкция по эксплуатации</CSItemName><CSItemRank>6</CSItemRank><CSItemIsFreeFormat>0</CSItemIsFreeFormat><CSValue><CSValueCode>VA4093373</CSValueCode><CSValueName>из 100 % переработанной бумаги</CSValueName><CSValueRank>3</CSValueRank></CSValue></CSItem></CSChapter><Filters><Purpose type="Comparison"><Features><Feature code="F400083217" rank="1" referenceName="OptimalTEMP technology: Guaranteed no burns , no settings"/><Feature code="F400075005" rank="2" referenceName="3000 W for quick heat-up and powerful performance"/><Feature code="F400083268" rank="3" referenceName="Extra-long cord for maximum reach"/><Feature code="F400083220" rank="4" referenceName="55g steam penetrates up to 20% more steam through fabric*"/><Feature code="F400083221" rank="5" referenceName="up to 240 g steam boost blasts stubborn creases"/><Feature code="F400083267" rank="6" referenceName="SteamGlide Advanced soleplate, ultimate gliding &amp; durability"/><Feature code="F400083224" rank="7" referenceName="Quick Calc Release in 15s for long-lasting steam performance"/><Feature code="F400083219" rank="8" referenceName="Deep penetrating steam, for great results faster"/><Feature code="F400083305" rank="9" referenceName="Automatic shut-off when the iron is left unattended"/></Features><CSItems><CSItem code="IT4039985" rank="1" referenceName="Очистка от накипи - Очистка от накипи и загрязнений"/><CSItem code="IT4039948" rank="2" referenceName="Легко использовать - Название подошвы"/><CSItem code="IT4039992" rank="3" referenceName="Гарантия - Международная гарантия 2 года"/><CSItem code="IT4039934" rank="4" referenceName="Быстрое разглаживание складок - Постоянная подача пара"/><CSItem code="IT4015768" rank="5" referenceName="Легко использовать - Объем резервуара для воды"/><CSItem code="IT4039983" rank="6" referenceName="Экологичность - Инструкция по эксплуатации"/><CSItem code="IT4039933" rank="7" referenceName="Быстрое разглаживание складок - Питание"/><CSItem code="IT4039999" rank="8" referenceName="Размер и вес - Размеры изделия (Ш x В x Д)"/><CSItem code="IT4039935" rank="9" referenceName="Быстрое разглаживание складок - Паровой удар"/><CSItem code="IT4040058" rank="10" referenceName="Легко использовать - Устойчивое вертикальное положение"/><CSItem code="IT4039917" rank="11" referenceName="Технология - Технология OptimalTEMP"/><CSItem code="IT4039936" rank="12" referenceName="Быстрое разглаживание складок - Вертикальное отпаривание"/><CSItem code="IT4015770" rank="13" referenceName="Легко использовать - Длина шнура питания"/><CSItem code="IT4015743" rank="14" referenceName="Легко использовать - Система &#34;капля-стоп&#34;"/><CSItem code="IT4020774" rank="15" referenceName="Легко использовать - Большое отверстие для залива воды"/><CSItem code="IT4043750" rank="16" referenceName="Легко использовать - Автоотключение"/></CSItems></Purpose><Purpose type="Detail"><Features><Feature code="F400083217" rank="1" referenceName="OptimalTEMP technology: Guaranteed no burns , no settings"/><Feature code="F400075005" rank="2" referenceName="3000 W for quick heat-up and powerful performance"/><Feature code="F400083268" rank="3" referenceName="Extra-long cord for maximum reach"/><Feature code="F400083220" rank="4" referenceName="55g steam penetrates up to 20% more steam through fabric*"/><Feature code="F400083221" rank="5" referenceName="up to 240 g steam boost blasts stubborn creases"/><Feature code="F400083267" rank="6" referenceName="SteamGlide Advanced soleplate, ultimate gliding &amp; durability"/><Feature code="F400083224" rank="7" referenceName="Quick Calc Release in 15s for long-lasting steam performance"/><Feature code="F400083219" rank="8" referenceName="Deep penetrating steam, for great results faster"/><Feature code="F400083305" rank="9" referenceName="Automatic shut-off when the iron is left unattended"/></Features><CSItems><CSItem code="IT4039985" rank="1" referenceName="Очистка от накипи - Очистка от накипи и загрязнений"/><CSItem code="IT4039948" rank="2" referenceName="Легко использовать - Название подошвы"/><CSItem code="IT4039992" rank="3" referenceName="Гарантия - Международная гарантия 2 года"/><CSItem code="IT4039934" rank="4" referenceName="Быстрое разглаживание складок - Постоянная подача пара"/><CSItem code="IT4015768" rank="5" referenceName="Легко использовать - Объем резервуара для воды"/><CSItem code="IT4039983" rank="6" referenceName="Экологичность - Инструкция по эксплуатации"/><CSItem code="IT4039933" rank="7" referenceName="Быстрое разглаживание складок - Питание"/><CSItem code="IT4039999" rank="8" referenceName="Размер и вес - Размеры изделия (Ш x В x Д)"/><CSItem code="IT4039935" rank="9" referenceName="Быстрое разглаживание складок - Паровой удар"/><CSItem code="IT4040058" rank="10" referenceName="Легко использовать - Устойчивое вертикальное положение"/><CSItem code="IT4039917" rank="11" referenceName="Технология - Технология OptimalTEMP"/><CSItem code="IT4039936" rank="12" referenceName="Быстрое разглаживание складок - Вертикальное отпаривание"/><CSItem code="IT4015770" rank="13" referenceName="Легко использовать - Длина шнура питания"/><CSItem code="IT4015743" rank="14" referenceName="Легко использовать - Система &#34;капля-стоп&#34;"/><CSItem code="IT4020774" rank="15" referenceName="Легко использовать - Большое отверстие для залива воды"/><CSItem code="IT4043750" rank="16" referenceName="Легко использовать - Автоотключение"/></CSItems></Purpose></Filters><FeatureCompareGroups/><Disclaimers><Disclaimer code="DIS40011512" rank="1" referenceName="On all ironable fabrics"><DisclaimerText>Для всех тканей, допускающих глажение</DisclaimerText><DisclaimElements/></Disclaimer><Disclaimer code="DIS40011716" rank="2" referenceName="Compared to GC4910"><DisclaimerText>По сравнению с GC4910</DisclaimerText><DisclaimElements/></Disclaimer></Disclaimers><Award AwardType="global"><AwardCode>GA_GREEN</AwardCode><AwardName>Экологотип Philips</AwardName><AwardDescription>Экологичная продукция Philips поможет снизить расходы, потребление энергии и выбросы CO2. Каким образом? Она имеет отличные характеристики по ключевым параметрам экологической безопасности Philips — энергоэффективность, упаковка, отсутствие вредных веществ, вес, переработка и утилизация, надежность в течение всего срока службы.</AwardDescription><AwardText>Экологотип Philips</AwardText><AwardRank>3</AwardRank></Award><ProductReference ProductReferenceType="Accessory"><CTN>GC010/00</CTN><ProductReferenceRank>0</ProductReferenceRank></ProductReference><ProductReference ProductReferenceType="Accessory"><CTN>GC012/00</CTN><ProductReferenceRank>0</ProductReferenceRank></ProductReference><RichTexts/></Product></Products>