<?xml version="1.0" encoding="UTF-8"?><Products xmlns:source="http://apache.org/cocoon/source/1.0" DocStatus="approved" DocTimeStamp="2018-10-19T09:17:42"><Product Country="RU" IsAccessory="false" IsMaster="false" Locale="ru_RU" lastModified="2018-10-16T04:23:22" masterLastModified="2018-08-10T00:39:30"><CTN>HX9112/12</CTN><GTIN/><MarketingVersion>7.3.1</MarketingVersion><MarketingStatus>Final Published</MarketingStatus><CRDate>2015-04-10</CRDate><CRDateYW>201515</CRDateYW><ModelYears><ModelYear>2015</ModelYear></ModelYears><ProductDivision><ProductDivisionCode>0200</ProductDivisionCode><ProductDivisionName>Consumer Lifestyle</ProductDivisionName><FormerPDCode>0300</FormerPDCode></ProductDivision><ProductOwner>Ovgu Tok</ProductOwner><DTN>HX9112/12</DTN><Catalog><StartOfPublication>2016-01-01T00:00:00</StartOfPublication><EndOfPublication>2019-05-10T00:00:00</EndOfPublication><StartOfSales>2016-01-01T00:00:00</StartOfSales><EndOfSales>2019-05-10T00:00:00</EndOfSales><DummyPrice/><Deleted>false</Deleted><DeleteAfterDate/><ProductRank>50</ProductRank></Catalog><FinancialCategorization><BusinessGroupCode>9050</BusinessGroupCode><BusinessGroupName>Health &amp; Wellness</BusinessGroupName><BusinessUnitCode>0331</BusinessUnitCode><BusinessUnitName>Philips Oral Healthcare</BusinessUnitName><MainArticleGroupCode>E10</MainArticleGroupCode><MainArticleGroupName>Rech. Toothbrushes</MainArticleGroupName><ArticleGroupCode>5089</ArticleGroupCode><ArticleGroupName>High - Flexcare Platinum Handles</ArticleGroupName></FinancialCategorization><Categorization type="CONSUMER"><GroupCode>PERSONAL_CARE_GR</GroupCode><GroupName>Personal care</GroupName><CategoryCode>TOOTHBRUSHES_CA</CategoryCode><CategoryName>Electric toothbrushes</CategoryName><SubcategoryCode>FLEXCARE_PLATINUM_SU</SubcategoryCode><SubcategoryName>FlexCare Platinum</SubcategoryName></Categorization><Assets><Asset code="HX9112_12" description="User manual" extension="pdf" lastModified="2015-05-06" locale="ru_RU" number="001" type="DFU">http://download.p4c.philips.com/files/h/hx9112_12/hx9112_12_dfu_rus.pdf</Asset><Asset code="HX9112_12" description="High Quality product movie 2" extension="mp4" lastModified="2017-04-12" locale="ru_RU" number="001" type="HQ2">http://download.p4c.philips.com/files/h/hx9112_12/hx9112_12_hq2_rus.mp4</Asset><Asset code="HX9112_12" description="Leaflet" extension="pdf" lastModified="2018-08-12" locale="ru_RU" number="001" type="PSS">http://download.p4c.philips.com/files/h/hx9112_12/hx9112_12_pss_rusru.pdf</Asset><Asset code="HX9112_12" description="Retail Trade Leaflet" extension="pdf" lastModified="2018-10-14" locale="ru_RU" number="001" type="RTL">http://download.p4c.philips.com/files/h/hx9112_12/hx9112_12_rtl_rusru.pdf</Asset><Asset code="HX9112_12" description="Alternative product photograph 1 - highres 2196x1795" extension="tif" lastModified="2015-04-20" locale="global" number="001" type="A1P">http://images.philips.com/is/image/PhilipsConsumer/HX9112_12-A1P-global-001</Asset><Asset code="HX9112_12" description="Alternative product photograph 2 - highres 2196x1795" extension="tif" lastModified="2015-04-20" locale="global" number="001" type="A2P">http://images.philips.com/is/image/PhilipsConsumer/HX9112_12-A2P-global-001</Asset><Asset code="HX9112_12" description="Alternative product photograph - highres 2196x1795" extension="tif" lastModified="2015-04-20" locale="global" number="001" type="APP">http://images.philips.com/is/image/PhilipsConsumer/HX9112_12-APP-global-001</Asset><Asset code="HX9112_12" description="Product detail 1 - highres 2196x1795" extension="tif" lastModified="2015-04-20" locale="global" number="001" type="D1P">http://images.philips.com/is/image/PhilipsConsumer/HX9112_12-D1P-global-001</Asset><Asset code="HX9112_12" description="Product detail photograph - highres 2196x2196" extension="tif" lastModified="2015-04-20" locale="global" number="001" type="DPP">http://images.philips.com/is/image/PhilipsConsumer/HX9112_12-DPP-global-001</Asset><Asset code="HX9112_12" description="Emotional Benefit 2 - highres 2196x1795" extension="tif" lastModified="2018-03-15" locale="global" number="001" type="E2P">http://images.philips.com/is/image/PhilipsConsumer/HX9112_12-E2P-global-001</Asset><Asset code="HX9112_12" description="Main in-use photograph - highres 2480x1462" extension="tif" lastModified="2015-05-18" locale="global" number="001" type="MI1">http://images.philips.com/is/image/PhilipsConsumer/HX9112_12-MI1-global-001</Asset><Asset code="HX9112_12" description="Product 3D" extension="zip" lastModified="2015-06-11" locale="global" number="001" type="P3D">http://images.philips.com/is/image/PhilipsConsumer/HX9112_12-P3D-global</Asset><Asset code="HX9112_12" description="Product 360 video" extension="flv" lastModified="2015-06-11" locale="global" number="001" type="P3F">http://images.philips.com/is/image/PhilipsConsumer/HX9112_12-P3F-global-001</Asset><Asset code="HX9112_12" description="Leaflet" extension="pdf" lastModified="2018-08-10" locale="global" number="001" type="PSS">http://download.p4c.philips.com/files/h/hx9112_12/hx9112_12_pss_.pdf</Asset><Asset code="HX9112_12" description="Leaflet" extension="pdf" lastModified="2018-08-10" locale="en_US" number="001" type="PSS">http://download.p4c.philips.com/files/h/hx9112_12/hx9112_12_pss_aenus.pdf</Asset><Asset code="HX9112_12" description="Standard product photograph - highres 2196x1795" extension="tif" lastModified="2015-04-22" locale="global" number="001" type="RTP">http://images.philips.com/is/image/PhilipsConsumer/HX9112_12-RTP-global-001</Asset><Asset code="HX9112_12" description="Product In Use 2 - highres 2196x1795" extension="tif" lastModified="2018-03-23" locale="global" number="001" type="U2P">http://images.philips.com/is/image/PhilipsConsumer/HX9112_12-U2P-global-001</Asset><Asset code="HX9112_12" description="Single product shot" extension="" lastModified="2018-10-16" locale="ru_RU" number="" type="IMS">http://images.philips.com/is/image/PhilipsConsumer/HX9112_12-IMS-ru_RU</Asset><Asset code="HX9112_12" description="Product gallery image set" extension="" lastModified="2018-10-16" locale="ru_RU" number="" type="GAL">http://images.philips.com/is/image/PhilipsConsumer/HX9112_12-GAL-ru_RU</Asset><Asset code="HX9112_12" description="Product URL" extension="" lastModified="2018-10-16" locale="ru_RU" number="" type="URL">http://www.philips.ru/c-p/HX9112_12/sonicare-flexcare-platinum-sonic-electric-toothbrush</Asset><Asset code="ALA_60896774" description="Award rank" extension="png" lastModified="" locale="ru_RU" number="001" type="AWR">http://images.philips.com/is/image/PhilipsConsumer/ALR005-AWR-ru_RU-001</Asset><Asset code="ALA_60896774" description="Award URL" extension="html" lastModified="" locale="ru_RU" number="001" type="AWU">http://www.brand-reviews.philips.ru/7543b-ru_ru/HX9112_12/philips-philips-sonicare-flexcare-platinum-hx9112-12-3-3-2-reviews/reviews.htm?reviewID=60896774</Asset><Asset code="ALA_67736467" description="Award rank" extension="png" lastModified="" locale="ru_RU" number="001" type="AWR">http://images.philips.com/is/image/PhilipsConsumer/ALR005-AWR-ru_RU-001</Asset><Asset code="ALA_67736467" description="Award URL" extension="html" lastModified="" locale="ru_RU" number="001" type="AWU">http://www.brand-reviews.philips.ru/7543-ru_ru/HX9112_02/philips-philips-sonicare-flexcare-platinum-flexcare-platinum-hx9112-02-3-3-2-reviews/reviews.htm?reviewID=67736467</Asset><Asset code="ALS_10000002" description="Award source logo" extension="png" lastModified="" locale="ru_RU" number="001" type="AWL">http://images.philips.com/is/image/PhilipsConsumer/ALS_10000002-AWL-ru_RU-001</Asset><Asset code="ALS_10000002" description="Award www" extension="html" lastModified="" locale="ru_RU" number="001" type="AWW">http://alatest.co.uk/redirect/sources/10000002/50428/</Asset><Asset code="F400052976" description="Feature photograph - highres 2100x1170" extension="tif" lastModified="2017-04-19" locale="global" number="001" type="FIL">http://images.philips.com/is/image/PhilipsConsumer/F400052976-FIL-global-001</Asset><Asset code="F400081231" description="Feature photograph - highres 2100x1170" extension="tif" lastModified="2017-02-02" locale="global" number="001" type="FIL">http://images.philips.com/is/image/PhilipsConsumer/F400081231-FIL-global-001</Asset><Asset code="F400081762" description="Feature photograph - highres 2100x1170" extension="tif" lastModified="2017-02-02" locale="global" number="001" type="FIL">http://images.philips.com/is/image/PhilipsConsumer/F400081762-FIL-global-001</Asset><Asset code="F400081765" description="Feature photograph - highres 2100x1170" extension="tif" lastModified="2017-06-05" locale="global" number="001" type="FIL">http://images.philips.com/is/image/PhilipsConsumer/F400081765-FIL-global-001</Asset><Asset code="F400081773" description="Feature photograph - highres 2100x1170" extension="tif" lastModified="2017-02-02" locale="global" number="001" type="FIL">http://images.philips.com/is/image/PhilipsConsumer/F400081773-FIL-global-001</Asset><Asset code="F400081777" description="Feature photograph - highres 2100x1170" extension="tif" lastModified="2017-02-03" locale="global" number="001" type="FIL">http://images.philips.com/is/image/PhilipsConsumer/F400081777-FIL-global-001</Asset><Asset code="F400081790" description="Feature photograph - highres 2100x1170" extension="tif" lastModified="2017-03-23" locale="global" number="001" type="FIL">http://images.philips.com/is/image/PhilipsConsumer/F400081790-FIL-global-001</Asset><Asset code="F400082968" description="Feature photograph - highres 2100x1170" extension="tif" lastModified="2017-04-27" locale="global" number="001" type="FIL">http://images.philips.com/is/image/PhilipsConsumer/F400082968-FIL-global-001</Asset><Asset code="F400082969" description="Feature photograph - highres 2100x1170" extension="tif" lastModified="2017-04-27" locale="global" number="001" type="FIL">http://images.philips.com/is/image/PhilipsConsumer/F400082969-FIL-global-001</Asset><Asset code="F400082970" description="Feature photograph - highres 2100x1170" extension="tif" lastModified="2017-04-27" locale="global" number="001" type="FIL">http://images.philips.com/is/image/PhilipsConsumer/F400082970-FIL-global-001</Asset><Asset code="GA_GREEN" description="needs to be blocked as code in CCR Global award logo - master" extension="eps" lastModified="2010-09-22" locale="global" number="001" type="GAL">GA_GREEN-GAL-global-001.eps</Asset><Asset code="GA_GREEN" description="Global award logo - highres 590x590" extension="tif" lastModified="2010-09-22" locale="global" number="001" type="GAP">http://images.philips.com/is/image/PhilipsConsumer/GA_GREEN-GAP-global-001</Asset><Asset code="PHI" description="Brand logo - highres 1476x886" extension="tif" lastModified="2016-02-18" locale="global" number="001" type="BRP">http://images.philips.com/is/image/PhilipsConsumer/PHI-BRP-global-001</Asset><Asset code="SON" description="Brand logo - highres 1476x886" extension="jpg" lastModified="2012-02-02" locale="global" number="001" type="BRP">http://images.philips.com/is/image/PhilipsConsumer/SON-BRP-global-001</Asset></Assets><ProductName>Электрическая щетка, 3 режима, 3 уровня интенсивности</ProductName><FullProductName>Philips Sonicare FlexCare Platinum Электрическая зубная щетка HX9112/12 3 режима, 3 уровня интенсивности, 2 чистящие насадки, датчик давления</FullProductName><NamingString><MasterBrand><BrandCode>PHI</BrandCode><BrandName>Philips</BrandName></MasterBrand><Partner><PartnerBrand><BrandCode>SON</BrandCode><BrandName>Sonicare</BrandName></PartnerBrand><PartnerBrandType>MakersMark</PartnerBrandType></Partner><BrandString>Philips Sonicare</BrandString><Family><FamilyCode>SB40003804</FamilyCode><FamilyName>FlexCare Platinum</FamilyName><FamilyNameUsed>1</FamilyNameUsed></Family><Descriptor><DescriptorCode>NSD_000138</DescriptorCode><DescriptorName>Электрическая зубная щетка</DescriptorName></Descriptor><Alphanumeric>HX9112/12</Alphanumeric><VersionElement1><VersionElementCode>V4030103</VersionElementCode><VersionElementName>3 режима, 3 уровня интенсивности</VersionElementName></VersionElement1><VersionElement2><VersionElementCode>V4014890</VersionElementCode><VersionElementName>2 чистящие насадки</VersionElementName></VersionElement2><VersionElement3><VersionElementCode>V4030105</VersionElementCode><VersionElementName>С датчиком давления</VersionElementName></VersionElement3><VersionString>3 режима, 3 уровня интенсивности, 2 чистящие насадки, датчик давления</VersionString><BrandedFeatureString/><DescriptorBrandedFeatureString>Электрическая зубная щетка</DescriptorBrandedFeatureString></NamingString><WOW>Тщательная и бережная чистка</WOW><SubWOW>В 10 раз более эффективное удаление налета и здоровые десны*</SubWOW><MarketingTextHeader>FlexCare Platinum обеспечивает тщательное удаление налета и бережное воздействие на зубы и десны. Благодаря насадке AdaptiveClean и удобному датчику давления вам гарантировано эффективное и бережное удаление налета.</MarketingTextHeader><KeyBenefitArea><KeyBenefitAreaCode>K4013174</KeyBenefitAreaCode><KeyBenefitAreaName>Доказанное улучшение здоровья полости рта</KeyBenefitAreaName><KeyBenefitAreaRank>1</KeyBenefitAreaRank><Feature><FeatureCode>F400081777</FeatureCode><FeatureReferenceName>Remove up to 10x more plaque with AdaptiveClean [2017]</FeatureReferenceName><FeatureName>Удаляйте в 10 раз больше налета</FeatureName><FeatureLongDescription>Удаляйте в 10 раз больше налета, используя AdaptiveClean*</FeatureLongDescription><FeatureGlossary>Воспользуйтесь насадкой AdaptiveClean и оцените по-настоящему тщательную чистку. Охватывается в 4 раза более широкая поверхность** и удаляется в 10 раз больше налета на труднодоступных участках*, а также обеспечивается действительно качественное очищение зубов вдоль линии десен и межзубных промежутков.</FeatureGlossary><FeatureRank>1</FeatureRank><FeatureTopRank>1</FeatureTopRank></Feature><Feature><FeatureCode>F400081773</FeatureCode><FeatureReferenceName>Improves gum health in just 2 weeks [FlexCare 2017 - 7x]</FeatureReferenceName><FeatureName>Бережный уход за деснами</FeatureName><FeatureLongDescription>Улучшает состояние десен всего за 2 недели</FeatureLongDescription><FeatureGlossary>Благодаря эффективной чистке зубов с помощью FlexCare здоровье десен улучшается уже после 2 недель использования. По сравнению с обычной зубной щеткой она удаляет в 7 раз больше налета вдоль линии десен, обеспечивая красивую и сияющую улыбку.</FeatureGlossary><FeatureRank>2</FeatureRank><FeatureTopRank>2</FeatureTopRank></Feature><Feature><FeatureCode>F400082970</FeatureCode><FeatureReferenceName>Safe and gentle [FlexCare Platinum 2017]</FeatureReferenceName><FeatureName>Уверенность в результатах</FeatureName><FeatureLongDescription>Бережная и безопасная чистка, соответствующая вашим потребностям</FeatureLongDescription><FeatureGlossary>Какими бы ни были ваши потребности при чистке зубов, с FlexCare Platinum она всегда будет безопасной. Наша технология позволяет использовать щетку при наличии брекетов, пломб, коронок и виниров, а также для ежедневной обработки зубов при заболеваниях десен.</FeatureGlossary><FeatureRank>3</FeatureRank><FeatureTopRank>9</FeatureTopRank></Feature></KeyBenefitArea><KeyBenefitArea><KeyBenefitAreaCode>K4034068</KeyBenefitAreaCode><KeyBenefitAreaName>Повысьте эффективность чистки зубов</KeyBenefitAreaName><KeyBenefitAreaRank>2</KeyBenefitAreaRank><Feature><FeatureCode>F400081790</FeatureCode><FeatureReferenceName>Choose from 3 modes [FlexCare Platinum Connected]</FeatureReferenceName><FeatureName>3 режима, 3 уровня интенсивности</FeatureName><FeatureLongDescription>Выбор из 3 режимов и 3 уровней интенсивности</FeatureLongDescription><FeatureGlossary>Эффективная глубокая чистка с помощью FlexCare Platinum Connected. Вы можете выбрать один из 3 уровней интенсивности чистки и один из 3 режимов в соответствии с индивидуальными потребностями: Clean (Чистка) для отличной ежедневной чистки, White (Осветление) для удаления поверхностных потемнений и Deep Clean (Глубокая чистка) для эффективной тщательной чистки.</FeatureGlossary><FeatureRank>1</FeatureRank><FeatureTopRank>3</FeatureTopRank></Feature><Feature><FeatureCode>F400081231</FeatureCode><FeatureReferenceName>Our unique technology [AdaptiveClean White]</FeatureReferenceName><FeatureName>Технология Philips Sonicare</FeatureName><FeatureLongDescription>Наша уникальная технология обеспечивает эффективную и бережную чистку</FeatureLongDescription><FeatureGlossary>Мощные вибрации взбивают зубную пасту, помогая ей эффективнее бороться с налетом в межзубных промежутках и вдоль линии десен. В то же самое время совершается 31 000 бережных, но эффективных колебательных движений. Результат чистки зубов нашей зубной щеткой в течение 2 минут равнозначен месяцу чистки зубов с помощью обычной ручной зубной щетки.</FeatureGlossary><FeatureRank>2</FeatureRank><FeatureTopRank>6</FeatureTopRank></Feature></KeyBenefitArea><KeyBenefitArea><KeyBenefitAreaCode>K4013175</KeyBenefitAreaCode><KeyBenefitAreaName>Обеспечивает тщательное очищение</KeyBenefitAreaName><KeyBenefitAreaRank>3</KeyBenefitAreaRank><Feature><FeatureCode>F400082968</FeatureCode><FeatureReferenceName>Deep Clean mode [FlexCare Platinum 2017]</FeatureReferenceName><FeatureName>Превосходная тщательная чистка</FeatureName><FeatureLongDescription>Эффективная чистка труднодоступных участков в режиме Deep Clean (Глубокая чистка)</FeatureLongDescription><FeatureGlossary>Режим Deep Clean (Глубокая чистка) позволяет уделить особое внимание отдельным участкам, обеспечивая тщательную чистку. Благодаря уникальным движениям насадки и увеличенному до 3 минут времени чистки гарантировано тщательное очищение зубов.</FeatureGlossary><FeatureRank>1</FeatureRank><FeatureTopRank>4</FeatureTopRank></Feature><Feature><FeatureCode>F400081762</FeatureCode><FeatureReferenceName>AdaptiveClean brush head flexes along your gum line [2017]</FeatureReferenceName><FeatureName>До 2 раз более здоровые зубы</FeatureName><FeatureLongDescription>Чистящая насадка AdaptiveClean изгибается вдоль линии десен</FeatureLongDescription><FeatureGlossary>Используйте чистящую насадку AdaptiveClean для тщательной и бережной чистки, которая позволяет добиться до 2 раз более здоровых десен по сравнению с обычной зубной щеткой. Мягкие прорезиненные ребра подстраиваются под контуры зубов и десен, предотвращая избыточное давление. Щетинки эффективно очищают межзубные промежутки и обеспечивают комфортную тщательную чистку.</FeatureGlossary><FeatureRank>2</FeatureRank><FeatureTopRank>7</FeatureTopRank></Feature></KeyBenefitArea><KeyBenefitArea><KeyBenefitAreaCode>K300002483</KeyBenefitAreaCode><KeyBenefitAreaName>Создано для вас</KeyBenefitAreaName><KeyBenefitAreaRank>4</KeyBenefitAreaRank><Feature><FeatureCode>F400082969</FeatureCode><FeatureReferenceName>Alerts you if you're pressing [Flexcare Platinum 2017]</FeatureReferenceName><FeatureName>Вы слишком сильно давите на щетку?</FeatureName><FeatureLongDescription>Уведомляет о чрезмерном давлении</FeatureLongDescription><FeatureGlossary>FlexCare Platinum регистрирует слишком сильное давление на зубы, которое вы можете не замечать. При сильном нажатии на зубы ручка щетки слегка вибрирует. Это означает, что необходимо снизить давление, чтобы чистящая насадка эффективнее выполняла свою работу. 7 из 10 опрошенных сообщили, что эта функция помогла им улучшить качество чистки зубов.</FeatureGlossary><FeatureRank>1</FeatureRank><FeatureTopRank>5</FeatureTopRank></Feature><Feature><FeatureCode>F400081765</FeatureCode><FeatureReferenceName>Timers encourage thorough 2 minutes of brushing [2017]</FeatureReferenceName><FeatureName>Функции QuadPacer и Smartimer</FeatureName><FeatureLongDescription>Таймер обеспечивает тщательную чистку в течение 2 минут</FeatureLongDescription><FeatureGlossary>Тщательная чистка зубов занимает всего 2 минуты. Благодаря QuadPacer вы будете знать, что затратили оптимальное время на очистку каждого участка полости рта, а Smartimer оповестит о завершении всего цикла чистки. Эти функции ежедневно помогают чистить зубы в течение рекомендованного времени.</FeatureGlossary><FeatureRank>2</FeatureRank><FeatureTopRank>8</FeatureTopRank></Feature><Feature><FeatureCode>F400052976</FeatureCode><FeatureReferenceName>Long battery life and travel case [FlexCare Platinum 2017]</FeatureReferenceName><FeatureName>Создано специально для вас</FeatureName><FeatureLongDescription>Высокая продолжительность работы от аккумулятора и чехол для путешествий</FeatureLongDescription><FeatureGlossary>Качественный чехол для путешествий обеспечивает гигиеничное хранение зубной щетки, а компактный размер зарядного устройства позволяет заряжать ее даже в пути. Наслаждайтесь регулярным использованием щетки до двух недель без подзарядки — теперь и в поездках можно не расставаться с ощущением свежести.</FeatureGlossary><FeatureRank>3</FeatureRank><FeatureTopRank>10</FeatureTopRank></Feature></KeyBenefitArea><FeatureImage><FeatureCode>F400081777</FeatureCode><FeatureReferenceName>Remove up to 10x more plaque with AdaptiveClean [2017]</FeatureReferenceName><FeatureImageRank>1</FeatureImageRank></FeatureImage><FeatureImage><FeatureCode>F400081773</FeatureCode><FeatureReferenceName>Improves gum health in just 2 weeks [FlexCare 2017 - 7x]</FeatureReferenceName><FeatureImageRank>2</FeatureImageRank></FeatureImage><FeatureImage><FeatureCode>F400081790</FeatureCode><FeatureReferenceName>Choose from 3 modes [FlexCare Platinum Connected]</FeatureReferenceName><FeatureImageRank>3</FeatureImageRank></FeatureImage><FeatureImage><FeatureCode>F400082968</FeatureCode><FeatureReferenceName>Deep Clean mode [FlexCare Platinum 2017]</FeatureReferenceName><FeatureImageRank>4</FeatureImageRank></FeatureImage><FeatureImage><FeatureCode>F400082969</FeatureCode><FeatureReferenceName>Alerts you if you're pressing [Flexcare Platinum 2017]</FeatureReferenceName><FeatureImageRank>5</FeatureImageRank></FeatureImage><FeatureImage><FeatureCode>F400081231</FeatureCode><FeatureReferenceName>Our unique technology [AdaptiveClean White]</FeatureReferenceName><FeatureImageRank>6</FeatureImageRank></FeatureImage><FeatureImage><FeatureCode>F400081762</FeatureCode><FeatureReferenceName>AdaptiveClean brush head flexes along your gum line [2017]</FeatureReferenceName><FeatureImageRank>7</FeatureImageRank></FeatureImage><FeatureImage><FeatureCode>F400081765</FeatureCode><FeatureReferenceName>Timers encourage thorough 2 minutes of brushing [2017]</FeatureReferenceName><FeatureImageRank>8</FeatureImageRank></FeatureImage><FeatureImage><FeatureCode>F400082970</FeatureCode><FeatureReferenceName>Safe and gentle [FlexCare Platinum 2017]</FeatureReferenceName><FeatureImageRank>9</FeatureImageRank></FeatureImage><FeatureImage><FeatureCode>F400052976</FeatureCode><FeatureReferenceName>Long battery life and travel case [FlexCare Platinum 2017]</FeatureReferenceName><FeatureImageRank>10</FeatureImageRank></FeatureImage><FeatureHighlight><FeatureCode>F400081777</FeatureCode><FeatureReferenceName>Remove up to 10x more plaque with AdaptiveClean [2017]</FeatureReferenceName><FeatureHighlightRank>1</FeatureHighlightRank></FeatureHighlight><FeatureHighlight><FeatureCode>F400081773</FeatureCode><FeatureReferenceName>Improves gum health in just 2 weeks [FlexCare 2017 - 7x]</FeatureReferenceName><FeatureHighlightRank>2</FeatureHighlightRank></FeatureHighlight><FeatureHighlight><FeatureCode>F400081790</FeatureCode><FeatureReferenceName>Choose from 3 modes [FlexCare Platinum Connected]</FeatureReferenceName><FeatureHighlightRank>3</FeatureHighlightRank></FeatureHighlight><FeatureHighlight><FeatureCode>F400082968</FeatureCode><FeatureReferenceName>Deep Clean mode [FlexCare Platinum 2017]</FeatureReferenceName><FeatureHighlightRank>4</FeatureHighlightRank></FeatureHighlight><FeatureHighlight><FeatureCode>F400082969</FeatureCode><FeatureReferenceName>Alerts you if you're pressing [Flexcare Platinum 2017]</FeatureReferenceName><FeatureHighlightRank>5</FeatureHighlightRank></FeatureHighlight><FeatureHighlight><FeatureCode>F400081231</FeatureCode><FeatureReferenceName>Our unique technology [AdaptiveClean White]</FeatureReferenceName><FeatureHighlightRank>6</FeatureHighlightRank></FeatureHighlight><FeatureHighlight><FeatureCode>F400081762</FeatureCode><FeatureReferenceName>AdaptiveClean brush head flexes along your gum line [2017]</FeatureReferenceName><FeatureHighlightRank>7</FeatureHighlightRank></FeatureHighlight><FeatureHighlight><FeatureCode>F400081765</FeatureCode><FeatureReferenceName>Timers encourage thorough 2 minutes of brushing [2017]</FeatureReferenceName><FeatureHighlightRank>8</FeatureHighlightRank></FeatureHighlight><FeatureHighlight><FeatureCode>F400082970</FeatureCode><FeatureReferenceName>Safe and gentle [FlexCare Platinum 2017]</FeatureReferenceName><FeatureHighlightRank>9</FeatureHighlightRank></FeatureHighlight><FeatureHighlight><FeatureCode>F400052976</FeatureCode><FeatureReferenceName>Long battery life and travel case [FlexCare Platinum 2017]</FeatureReferenceName><FeatureHighlightRank>10</FeatureHighlightRank></FeatureHighlight><CSChapter><CSChapterCode>CH4006741</CSChapterCode><CSChapterName>Режимы</CSChapterName><CSChapterRank>1</CSChapterRank><CSItem><CSItemCode>IT4032871</CSItemCode><CSItemName>Clean (Чистка)</CSItemName><CSItemRank>1</CSItemRank><CSItemIsFreeFormat>0</CSItemIsFreeFormat><CSValue><CSValueCode>VA4076686</CSValueCode><CSValueName>Для ежедневной тщательной чистки</CSValueName><CSValueRank>1</CSValueRank></CSValue></CSItem><CSItem><CSItemCode>IT4032872</CSItemCode><CSItemName>Белый</CSItemName><CSItemRank>2</CSItemRank><CSItemIsFreeFormat>0</CSItemIsFreeFormat><CSValue><CSValueCode>VA4076682</CSValueCode><CSValueName>Удаление поверхностных потемнений эмали</CSValueName><CSValueRank>1</CSValueRank></CSValue></CSItem><CSItem><CSItemCode>IT4036984</CSItemCode><CSItemName>Deep Clean (Глубокая чистка)</CSItemName><CSItemRank>3</CSItemRank><CSItemIsFreeFormat>0</CSItemIsFreeFormat><CSValue><CSValueCode>VA4086016</CSValueCode><CSValueName>Для эффективной тщательной чистки</CSValueName><CSValueRank>1</CSValueRank></CSValue></CSItem><CSItem><CSItemCode>IT4036083</CSItemCode><CSItemName>3 уровня интенсивности</CSItemName><CSItemRank>4</CSItemRank><CSItemIsFreeFormat>0</CSItemIsFreeFormat><CSValue><CSValueCode>VA4083945</CSValueCode><CSValueName>Низкий</CSValueName><CSValueRank>1</CSValueRank></CSValue><CSValue><CSValueCode>VA4083946</CSValueCode><CSValueName>Средний</CSValueName><CSValueRank>2</CSValueRank></CSValue><CSValue><CSValueCode>VA4083947</CSValueCode><CSValueName>Высокий</CSValueName><CSValueRank>3</CSValueRank></CSValue></CSItem></CSChapter><CSChapter><CSChapterCode>CH4002821</CSChapterCode><CSChapterName>В комплекте</CSChapterName><CSChapterRank>2</CSChapterRank><CSItem><CSItemCode>IT4042582</CSItemCode><CSItemName>Щетка</CSItemName><CSItemRank>1</CSItemRank><CSItemIsFreeFormat>0</CSItemIsFreeFormat><CSValue><CSValueCode>VA4099845</CSValueCode><CSValueName>1 FlexCare Platinum</CSValueName><CSValueRank>1</CSValueRank></CSValue></CSItem><CSItem><CSItemCode>IT4015645</CSItemCode><CSItemName>Насадки</CSItemName><CSItemRank>2</CSItemRank><CSItemIsFreeFormat>0</CSItemIsFreeFormat><CSValue><CSValueCode>VA4089916</CSValueCode><CSValueName>AdaptiveClean — 1 шт.</CSValueName><CSValueRank>1</CSValueRank></CSValue><CSValue><CSValueCode>VA4078902</CSValueCode><CSValueName>1 насадка InterCare стандартного размера</CSValueName><CSValueRank>2</CSValueRank></CSValue></CSItem><CSItem><CSItemCode>IT4015626</CSItemCode><CSItemName>зарядное устройство</CSItemName><CSItemRank>3</CSItemRank><CSItemIsFreeFormat>0</CSItemIsFreeFormat><CSValue><CSValueCode>VA4083983</CSValueCode><CSValueName>1</CSValueName><CSValueRank>1</CSValueRank></CSValue></CSItem><CSItem><CSItemCode>IT4017673</CSItemCode><CSItemName>Дорожный футляр</CSItemName><CSItemRank>4</CSItemRank><CSItemIsFreeFormat>0</CSItemIsFreeFormat><CSValue><CSValueCode>VA4083985</CSValueCode><CSValueName>1</CSValueName><CSValueRank>1</CSValueRank></CSValue></CSItem></CSChapter><CSChapter><CSChapterCode>CHA_0000020</CSChapterCode><CSChapterName>Дизайн и отделка</CSChapterName><CSChapterRank>3</CSChapterRank><CSItem><CSItemCode>4010351</CSItemCode><CSItemName>цвет</CSItemName><CSItemRank>1</CSItemRank><CSItemIsFreeFormat>0</CSItemIsFreeFormat><CSValue><CSValueCode>VA4090425</CSValueCode><CSValueName>Шиферно-серый</CSValueName><CSValueRank>1</CSValueRank></CSValue></CSItem></CSChapter><CSChapter><CSChapterCode>CH4002822</CSChapterCode><CSChapterName>Качество чистки</CSChapterName><CSChapterRank>4</CSChapterRank><CSItem><CSItemCode>IT4015660</CSItemCode><CSItemName>Скорость движения чистящих щетинок</CSItemName><CSItemRank>1</CSItemRank><CSItemIsFreeFormat>0</CSItemIsFreeFormat><CSValue><CSValueCode>VA4075704</CSValueCode><CSValueName>До 62 000 чистящих движений в минуту</CSValueName><CSValueRank>1</CSValueRank></CSValue></CSItem><CSItem><CSItemCode>IT4015661</CSItemCode><CSItemName>Высокое качество</CSItemName><CSItemRank>2</CSItemRank><CSItemIsFreeFormat>0</CSItemIsFreeFormat><CSValue><CSValueCode>VA4089920</CSValueCode><CSValueName>Удаляет до 10 раз больше налета*</CSValueName><CSValueRank>1</CSValueRank></CSValue></CSItem><CSItem><CSItemCode>IT4015663</CSItemCode><CSItemName>Польза для здоровья</CSItemName><CSItemRank>3</CSItemRank><CSItemIsFreeFormat>0</CSItemIsFreeFormat><CSValue><CSValueCode>VA4031267</CSValueCode><CSValueName>Улучшает состояние десен всего за две недели</CSValueName><CSValueRank>1</CSValueRank></CSValue></CSItem><CSItem><CSItemCode>IT4015664</CSItemCode><CSItemName>Эффект осветления</CSItemName><CSItemRank>4</CSItemRank><CSItemIsFreeFormat>0</CSItemIsFreeFormat><CSValue><CSValueCode>VA4066203</CSValueCode><CSValueName>Помогает удалять налет естественным образом</CSValueName><CSValueRank>1</CSValueRank></CSValue></CSItem><CSItem><CSItemCode>IT4015666</CSItemCode><CSItemName>Таймер</CSItemName><CSItemRank>5</CSItemRank><CSItemIsFreeFormat>0</CSItemIsFreeFormat><CSValue><CSValueCode>VA4031275</CSValueCode><CSValueName>Smartimer и Quadpacer</CSValueName><CSValueRank>1</CSValueRank></CSValue></CSItem><CSItem><CSItemCode>IT4028372</CSItemCode><CSItemName>Датчик давления</CSItemName><CSItemRank>6</CSItemRank><CSItemIsFreeFormat>0</CSItemIsFreeFormat><CSValue><CSValueCode>VA4066206</CSValueCode><CSValueName>Щетка вибрирует, предупреждая пользователя</CSValueName><CSValueRank>1</CSValueRank></CSValue></CSItem></CSChapter><CSChapter><CSChapterCode>CH4001524</CSChapterCode><CSChapterName>Удобство использования</CSChapterName><CSChapterRank>5</CSChapterRank><CSItem><CSItemCode>IT4015667</CSItemCode><CSItemName>Система чистящих насадок</CSItemName><CSItemRank>1</CSItemRank><CSItemIsFreeFormat>0</CSItemIsFreeFormat><CSValue><CSValueCode>VA4075706</CSValueCode><CSValueName>Удобные съемные насадки</CSValueName><CSValueRank>1</CSValueRank></CSValue></CSItem><CSItem><CSItemCode>IT4015668</CSItemCode><CSItemName>Время работы</CSItemName><CSItemRank>2</CSItemRank><CSItemIsFreeFormat>0</CSItemIsFreeFormat><CSValue><CSValueCode>VA4089919</CSValueCode><CSValueName>До 3 недель***</CSValueName><CSValueRank>1</CSValueRank></CSValue></CSItem><CSItem><CSItemCode>IT4015669</CSItemCode><CSItemName>Индикатор батареи</CSItemName><CSItemRank>3</CSItemRank><CSItemIsFreeFormat>0</CSItemIsFreeFormat><CSValue><CSValueCode>VA4079873</CSValueCode><CSValueName>Индикатор отображает уровень заряда аккумулятора</CSValueName><CSValueRank>1</CSValueRank></CSValue></CSItem><CSItem><CSItemCode>IT4015670</CSItemCode><CSItemName>Щетка</CSItemName><CSItemRank>4</CSItemRank><CSItemIsFreeFormat>0</CSItemIsFreeFormat><CSValue><CSValueCode>VA4031284</CSValueCode><CSValueName>Изящный эргономичный дизайн</CSValueName><CSValueRank>1</CSValueRank></CSValue></CSItem><CSItem><CSItemCode>IT4007980</CSItemCode><CSItemName>Дисплей</CSItemName><CSItemRank>5</CSItemRank><CSItemIsFreeFormat>0</CSItemIsFreeFormat><CSValue><CSValueCode>VA4031287</CSValueCode><CSValueName>Дисплей с подсветкой</CSValueName><CSValueRank>1</CSValueRank></CSValue></CSItem></CSChapter><CSChapter><CSChapterCode>3000956</CSChapterCode><CSChapterName>Технические характеристики</CSChapterName><CSChapterRank>6</CSChapterRank><CSItem><CSItemCode>IT4015617</CSItemCode><CSItemName>Элемент питания</CSItemName><CSItemRank>1</CSItemRank><CSItemIsFreeFormat>0</CSItemIsFreeFormat><CSValue><CSValueCode>VA4031164</CSValueCode><CSValueName>Перезарядка</CSValueName><CSValueRank>1</CSValueRank></CSValue></CSItem><CSItem><CSItemCode>IT4015622</CSItemCode><CSItemName>Время работы (от полной зарядки до полной разрядки)</CSItemName><CSItemRank>2</CSItemRank><CSItemIsFreeFormat>0</CSItemIsFreeFormat><CSValue><CSValueCode>VA4083881</CSValueCode><CSValueName>До 3 недель**</CSValueName><CSValueRank>1</CSValueRank></CSValue></CSItem><CSItem><CSItemCode>IT4017634</CSItemCode><CSItemName>Тип элемента питания</CSItemName><CSItemRank>3</CSItemRank><CSItemIsFreeFormat>0</CSItemIsFreeFormat><CSValue><CSValueCode>VA4060246</CSValueCode><CSValueName>Литий-ионный</CSValueName><CSValueRank>1</CSValueRank></CSValue></CSItem></CSChapter><CSChapter><CSChapterCode>3000821</CSChapterCode><CSChapterName>Питание</CSChapterName><CSChapterRank>7</CSChapterRank><CSItem><CSItemCode>IT4015625</CSItemCode><CSItemName>напряжение</CSItemName><CSItemRank>1</CSItemRank><CSItemIsFreeFormat>0</CSItemIsFreeFormat><CSValue><CSValueCode>VA4075921</CSValueCode><CSValueName>110—220 В</CSValueName><CSValueRank>1</CSValueRank></CSValue></CSItem></CSChapter><CSChapter><CSChapterCode>CHA_0000049</CSChapterCode><CSChapterName>Обслуживание</CSChapterName><CSChapterRank>8</CSChapterRank><CSItem><CSItemCode>IT4015672</CSItemCode><CSItemName>Гарантия</CSItemName><CSItemRank>1</CSItemRank><CSItemIsFreeFormat>0</CSItemIsFreeFormat><CSValue><CSValueCode>VA4031299</CSValueCode><CSValueName>2 года гарантии</CSValueName><CSValueRank>1</CSValueRank></CSValue></CSItem></CSChapter><Filters><Purpose type="Comparison"><Features><Feature code="F400081777" rank="1" referenceName="Remove up to 10x more plaque with AdaptiveClean [2017]"/><Feature code="F400081773" rank="2" referenceName="Improves gum health in just 2 weeks [FlexCare 2017 - 7x]"/><Feature code="F400081790" rank="3" referenceName="Choose from 3 modes [FlexCare Platinum Connected]"/><Feature code="F400082968" rank="4" referenceName="Deep Clean mode [FlexCare Platinum 2017]"/><Feature code="F400082969" rank="5" referenceName="Alerts you if you're pressing [Flexcare Platinum 2017]"/><Feature code="F400081231" rank="6" referenceName="Our unique technology [AdaptiveClean White]"/><Feature code="F400081762" rank="7" referenceName="AdaptiveClean brush head flexes along your gum line [2017]"/><Feature code="F400081765" rank="8" referenceName="Timers encourage thorough 2 minutes of brushing [2017]"/><Feature code="F400082970" rank="9" referenceName="Safe and gentle [FlexCare Platinum 2017]"/><Feature code="F400052976" rank="10" referenceName="Long battery life and travel case [FlexCare Platinum 2017]"/></Features><CSItems><CSItem code="IT4032871" rank="1" referenceName="Режимы - Clean (Чистка)"/><CSItem code="IT4042582" rank="1" referenceName="В комплекте - Щетка"/><CSItem code="4010351" rank="1" referenceName="Дизайн и отделка - цвет"/><CSItem code="IT4015660" rank="1" referenceName="Качество чистки - Скорость движения чистящих щетинок"/><CSItem code="IT4015667" rank="1" referenceName="Удобство использования - Система чистящих насадок"/><CSItem code="IT4015617" rank="1" referenceName="Технические характеристики - Элемент питания"/><CSItem code="IT4015625" rank="1" referenceName="Питание - напряжение"/><CSItem code="IT4015672" rank="1" referenceName="Обслуживание - Гарантия"/><CSItem code="IT4032872" rank="2" referenceName="Режимы - Белый"/><CSItem code="IT4015645" rank="2" referenceName="В комплекте - Насадки"/><CSItem code="IT4015661" rank="2" referenceName="Качество чистки - Высокое качество"/><CSItem code="IT4015668" rank="2" referenceName="Удобство использования - Время работы"/><CSItem code="IT4015622" rank="2" referenceName="Технические характеристики - Время работы (от полной зарядки до полной разрядки)"/><CSItem code="IT4036984" rank="3" referenceName="Режимы - Deep Clean (Глубокая чистка)"/><CSItem code="IT4015626" rank="3" referenceName="В комплекте - зарядное устройство"/><CSItem code="IT4015663" rank="3" referenceName="Качество чистки - Польза для здоровья"/><CSItem code="IT4015669" rank="3" referenceName="Удобство использования - Индикатор батареи"/><CSItem code="IT4017634" rank="3" referenceName="Технические характеристики - Тип элемента питания"/><CSItem code="IT4036083" rank="4" referenceName="Режимы - 3 уровня интенсивности"/><CSItem code="IT4017673" rank="4" referenceName="В комплекте - Дорожный футляр"/><CSItem code="IT4015664" rank="4" referenceName="Качество чистки - Эффект осветления"/><CSItem code="IT4015670" rank="4" referenceName="Удобство использования - Щетка"/><CSItem code="IT4015666" rank="5" referenceName="Качество чистки - Таймер"/><CSItem code="IT4007980" rank="5" referenceName="Удобство использования - Дисплей"/><CSItem code="IT4028372" rank="6" referenceName="Качество чистки - Датчик давления"/></CSItems></Purpose><Purpose type="Detail"><Features><Feature code="F400081777" rank="1" referenceName="Remove up to 10x more plaque with AdaptiveClean [2017]"/><Feature code="F400081773" rank="2" referenceName="Improves gum health in just 2 weeks [FlexCare 2017 - 7x]"/><Feature code="F400081790" rank="3" referenceName="Choose from 3 modes [FlexCare Platinum Connected]"/><Feature code="F400082968" rank="4" referenceName="Deep Clean mode [FlexCare Platinum 2017]"/><Feature code="F400082969" rank="5" referenceName="Alerts you if you're pressing [Flexcare Platinum 2017]"/><Feature code="F400081231" rank="6" referenceName="Our unique technology [AdaptiveClean White]"/><Feature code="F400081762" rank="7" referenceName="AdaptiveClean brush head flexes along your gum line [2017]"/><Feature code="F400081765" rank="8" referenceName="Timers encourage thorough 2 minutes of brushing [2017]"/><Feature code="F400082970" rank="9" referenceName="Safe and gentle [FlexCare Platinum 2017]"/><Feature code="F400052976" rank="10" referenceName="Long battery life and travel case [FlexCare Platinum 2017]"/></Features><CSItems><CSItem code="IT4032871" rank="1" referenceName="Режимы - Clean (Чистка)"/><CSItem code="IT4042582" rank="1" referenceName="В комплекте - Щетка"/><CSItem code="4010351" rank="1" referenceName="Дизайн и отделка - цвет"/><CSItem code="IT4015660" rank="1" referenceName="Качество чистки - Скорость движения чистящих щетинок"/><CSItem code="IT4015667" rank="1" referenceName="Удобство использования - Система чистящих насадок"/><CSItem code="IT4015617" rank="1" referenceName="Технические характеристики - Элемент питания"/><CSItem code="IT4015625" rank="1" referenceName="Питание - напряжение"/><CSItem code="IT4015672" rank="1" referenceName="Обслуживание - Гарантия"/><CSItem code="IT4032872" rank="2" referenceName="Режимы - Белый"/><CSItem code="IT4015645" rank="2" referenceName="В комплекте - Насадки"/><CSItem code="IT4015661" rank="2" referenceName="Качество чистки - Высокое качество"/><CSItem code="IT4015668" rank="2" referenceName="Удобство использования - Время работы"/><CSItem code="IT4015622" rank="2" referenceName="Технические характеристики - Время работы (от полной зарядки до полной разрядки)"/><CSItem code="IT4036984" rank="3" referenceName="Режимы - Deep Clean (Глубокая чистка)"/><CSItem code="IT4015626" rank="3" referenceName="В комплекте - зарядное устройство"/><CSItem code="IT4015663" rank="3" referenceName="Качество чистки - Польза для здоровья"/><CSItem code="IT4015669" rank="3" referenceName="Удобство использования - Индикатор батареи"/><CSItem code="IT4017634" rank="3" referenceName="Технические характеристики - Тип элемента питания"/><CSItem code="IT4036083" rank="4" referenceName="Режимы - 3 уровня интенсивности"/><CSItem code="IT4017673" rank="4" referenceName="В комплекте - Дорожный футляр"/><CSItem code="IT4015664" rank="4" referenceName="Качество чистки - Эффект осветления"/><CSItem code="IT4015670" rank="4" referenceName="Удобство использования - Щетка"/><CSItem code="IT4015666" rank="5" referenceName="Качество чистки - Таймер"/><CSItem code="IT4007980" rank="5" referenceName="Удобство использования - Дисплей"/><CSItem code="IT4028372" rank="6" referenceName="Качество чистки - Датчик давления"/></CSItems></Purpose></Filters><FeatureCompareGroups/><Disclaimers><Disclaimer code="DIS40006721" rank="1" referenceName="than a manual toothbrush [BMW]"><DisclaimerText>по сравнению с обычной зубной щеткой</DisclaimerText><DisclaimElements/></Disclaimer><Disclaimer code="DIS40008972" rank="2" referenceName="Compared to a DiamondClean brush head - 2 [Eldorado]"><DisclaimerText>* По сравнению с чистящей насадкой DiamondClean</DisclaimerText><DisclaimElements/></Disclaimer><Disclaimer code="DIS40008712" rank="3" referenceName="based on two periods of two-minute brushings - triple asteri"><DisclaimerText>** при использовании дважды в день в течение двух минут</DisclaimerText><DisclaimElements/></Disclaimer></Disclaimers><Award AwardType="global"><AwardCode>GA_GREEN</AwardCode><AwardName>Экологотип Philips</AwardName><AwardDescription>Экологичная продукция Philips поможет снизить расходы, потребление энергии и выбросы CO2. Каким образом? Она имеет отличные характеристики по ключевым параметрам экологической безопасности Philips — энергоэффективность, упаковка, отсутствие вредных веществ, вес, переработка и утилизация, надежность в течение всего срока службы.</AwardDescription><AwardText>Экологотип Philips</AwardText><AwardRank>3</AwardRank></Award><ProductReference ProductReferenceType="Accessory"><CTN>CRP239/01</CTN><ProductReferenceRank>0</ProductReferenceRank></ProductReference><ProductReference ProductReferenceType="Accessory"><CTN>CRP241/01</CTN><ProductReferenceRank>0</ProductReferenceRank></ProductReference><ProductReference ProductReferenceType="Accessory"><CTN>DIS640/03</CTN><ProductReferenceRank>0</ProductReferenceRank></ProductReference><ProductReference ProductReferenceType="Accessory"><CTN>HX8071/10</CTN><ProductReferenceRank>0</ProductReferenceRank></ProductReference><ProductReference ProductReferenceType="Accessory"><CTN>HX8072/23</CTN><ProductReferenceRank>0</ProductReferenceRank></ProductReference><ProductReference ProductReferenceType="Accessory"><CTN>HX8072/80</CTN><ProductReferenceRank>0</ProductReferenceRank></ProductReference><ProductReference ProductReferenceType="Accessory"><CTN>HX9001/08</CTN><ProductReferenceRank>0</ProductReferenceRank></ProductReference><ProductReference ProductReferenceType="Accessory"><CTN>HX9002/07</CTN><ProductReferenceRank>0</ProductReferenceRank></ProductReference><ProductReference ProductReferenceType="Accessory"><CTN>HX9002/08</CTN><ProductReferenceRank>0</ProductReferenceRank></ProductReference><ProductReference ProductReferenceType="Accessory"><CTN>HX9002/23</CTN><ProductReferenceRank>0</ProductReferenceRank></ProductReference><ProductReference ProductReferenceType="Accessory"><CTN>HX9002/26</CTN><ProductReferenceRank>0</ProductReferenceRank></ProductReference><ProductReference ProductReferenceType="Accessory"><CTN>HX9002/64</CTN><ProductReferenceRank>0</ProductReferenceRank></ProductReference><ProductReference ProductReferenceType="Accessory"><CTN>HX9002/66</CTN><ProductReferenceRank>0</ProductReferenceRank></ProductReference><ProductReference ProductReferenceType="Accessory"><CTN>HX9003/05</CTN><ProductReferenceRank>0</ProductReferenceRank></ProductReference><ProductReference ProductReferenceType="Accessory"><CTN>HX9003/64</CTN><ProductReferenceRank>0</ProductReferenceRank></ProductReference><ProductReference ProductReferenceType="Accessory"><CTN>HX9004/07</CTN><ProductReferenceRank>0</ProductReferenceRank></ProductReference><ProductReference ProductReferenceType="Accessory"><CTN>HX9004/26</CTN><ProductReferenceRank>0</ProductReferenceRank></ProductReference><ProductReference ProductReferenceType="Accessory"><CTN>HX9004/31</CTN><ProductReferenceRank>0</ProductReferenceRank></ProductReference><ProductReference ProductReferenceType="Accessory"><CTN>HX9011/08</CTN><ProductReferenceRank>0</ProductReferenceRank></ProductReference><ProductReference ProductReferenceType="Accessory"><CTN>HX9012/07</CTN><ProductReferenceRank>0</ProductReferenceRank></ProductReference><ProductReference ProductReferenceType="Accessory"><CTN>HX9012/08</CTN><ProductReferenceRank>0</ProductReferenceRank></ProductReference><ProductReference ProductReferenceType="Accessory"><CTN>HX9013/05</CTN><ProductReferenceRank>0</ProductReferenceRank></ProductReference><ProductReference ProductReferenceType="Accessory"><CTN>HX9014/07</CTN><ProductReferenceRank>0</ProductReferenceRank></ProductReference><ProductReference ProductReferenceType="Accessory"><CTN>HX9014/26</CTN><ProductReferenceRank>0</ProductReferenceRank></ProductReference><ProductReference ProductReferenceType="Accessory"><CTN>HX9041/08</CTN><ProductReferenceRank>0</ProductReferenceRank></ProductReference><ProductReference ProductReferenceType="Accessory"><CTN>HX9042/05</CTN><ProductReferenceRank>0</ProductReferenceRank></ProductReference><ProductReference ProductReferenceType="Accessory"><CTN>HX9042/07</CTN><ProductReferenceRank>0</ProductReferenceRank></ProductReference><ProductReference ProductReferenceType="Accessory"><CTN>HX9042/08</CTN><ProductReferenceRank>0</ProductReferenceRank></ProductReference><ProductReference ProductReferenceType="Accessory"><CTN>HX9042/23</CTN><ProductReferenceRank>0</ProductReferenceRank></ProductReference><ProductReference ProductReferenceType="Accessory"><CTN>HX9042/64</CTN><ProductReferenceRank>0</ProductReferenceRank></ProductReference><ProductReference ProductReferenceType="Accessory"><CTN>HX9042/66</CTN><ProductReferenceRank>0</ProductReferenceRank></ProductReference><ProductReference ProductReferenceType="Accessory"><CTN>HX9043/05</CTN><ProductReferenceRank>0</ProductReferenceRank></ProductReference><ProductReference ProductReferenceType="Accessory"><CTN>HX9043/64</CTN><ProductReferenceRank>0</ProductReferenceRank></ProductReference><ProductReference ProductReferenceType="Accessory"><CTN>HX9043/66</CTN><ProductReferenceRank>0</ProductReferenceRank></ProductReference><ProductReference ProductReferenceType="Accessory"><CTN>HX9044/07</CTN><ProductReferenceRank>0</ProductReferenceRank></ProductReference><ProductReference ProductReferenceType="Accessory"><CTN>HX9044/26</CTN><ProductReferenceRank>0</ProductReferenceRank></ProductReference><ProductReference ProductReferenceType="Accessory"><CTN>HX9046/30</CTN><ProductReferenceRank>0</ProductReferenceRank></ProductReference><RichTexts/></Product></Products>