<?xml version="1.0" encoding="UTF-8"?><Products xmlns:source="http://apache.org/cocoon/source/1.0" DocStatus="approved" DocTimeStamp="2018-10-19T09:17:42"><Product Country="RU" IsAccessory="false" IsMaster="false" Locale="ru_RU" lastModified="2018-10-17T04:37:35" masterLastModified="2018-08-05T00:37:15"><CTN>3435731P7</CTN><Code12NC>915005630701</Code12NC><GTIN>8718696168028</GTIN><MarketingVersion>1.0.1</MarketingVersion><MarketingStatus>Final Published</MarketingStatus><CRDate>2017-11-24</CRDate><CRDateYW>201747</CRDateYW><ModelYears><ModelYear>2017</ModelYear></ModelYears><ProductDivision><ProductDivisionCode>0100</ProductDivisionCode><ProductDivisionName>Lighting</ProductDivisionName><FormerPDCode>0100</FormerPDCode></ProductDivision><ProductOwner>Mathilde Tovany</ProductOwner><DTN>34357/31/P7</DTN><Catalog><StartOfPublication>2018-06-23T00:00:00</StartOfPublication><EndOfPublication>2023-06-23T00:00:00</EndOfPublication><StartOfSales>2018-06-23T00:00:00</StartOfSales><EndOfSales>2023-06-23T00:00:00</EndOfSales><DummyPrice/><Deleted>false</Deleted><DeleteAfterDate/><ProductRank>50</ProductRank></Catalog><FinancialCategorization><BusinessGroupCode>9021</BusinessGroupCode><BusinessGroupName>Home</BusinessGroupName><BusinessUnitCode>9159</BusinessUnitCode><BusinessUnitName>Home Luminaires</BusinessUnitName><MainArticleGroupCode>G81</MainArticleGroupCode><MainArticleGroupName>Functional Wall &amp; Ceiling</MainArticleGroupName><ArticleGroupCode>4951</ArticleGroupCode><ArticleGroupName>Ceiling</ArticleGroupName></FinancialCategorization><Categorization type="CONSUMER"><GroupCode>LIGHTING_GR</GroupCode><GroupName>Lighting</GroupName><CategoryCode>HUEWIRELESS_CA</CategoryCode><CategoryName>Hue</CategoryName><SubcategoryCode>LAMPS_SU</SubcategoryCode><SubcategoryName>Lamps</SubcategoryName></Categorization><Assets><Asset code="3435731P7" description="Leaflet" extension="pdf" lastModified="2018-09-18" locale="ru_RU" number="001" type="PSS">http://download.p4c.philips.com/files/3/3435731p7/3435731p7_pss_rusru.pdf</Asset><Asset code="3435731P7" description="Retail Trade Leaflet" extension="pdf" lastModified="2018-09-18" locale="ru_RU" number="001" type="RTL">http://download.p4c.philips.com/files/3/3435731p7/3435731p7_rtl_rusru.pdf</Asset><Asset code="3435731P7" description="Alternative product photograph 1 - highres 2196x1795" extension="tif" lastModified="2018-03-26" locale="global" number="001" type="A1P">http://images.philips.com/is/image/PhilipsConsumer/3435731P7-A1P-global-001</Asset><Asset code="3435731P7" description="Alternative product photograph 2 - highres 2196x1795" extension="tif" lastModified="2018-03-26" locale="global" number="001" type="A2P">http://images.philips.com/is/image/PhilipsConsumer/3435731P7-A2P-global-001</Asset><Asset code="3435731P7" description="Alternative product photograph 3 - highres 2196x1795" extension="tif" lastModified="2018-03-26" locale="global" number="001" type="A3P">http://images.philips.com/is/image/PhilipsConsumer/3435731P7-A3P-global-001</Asset><Asset code="3435731P7" description="Alternative product photograph 4 - highres 2196x1795" extension="tif" lastModified="2018-03-26" locale="global" number="001" type="A4P">http://images.philips.com/is/image/PhilipsConsumer/3435731P7-A4P-global-001</Asset><Asset code="3435731P7" description="Alternative product photograph 5 - highres 2196x1795" extension="tif" lastModified="2018-03-26" locale="global" number="001" type="A5P">http://images.philips.com/is/image/PhilipsConsumer/3435731P7-A5P-global-001</Asset><Asset code="3435731P7" description="Alternative product photograph - highres 2196x1795" extension="tif" lastModified="2018-03-26" locale="global" number="001" type="APP">http://images.philips.com/is/image/PhilipsConsumer/3435731P7-APP-global-001</Asset><Asset code="3435731P7" description="Product detail 1 - highres 2196x1795" extension="tif" lastModified="2018-03-26" locale="global" number="001" type="D1P">http://images.philips.com/is/image/PhilipsConsumer/3435731P7-D1P-global-001</Asset><Asset code="3435731P7" description="Product detail 2 - highres 2196x1795" extension="tif" lastModified="2018-03-26" locale="global" number="001" type="D2P">http://images.philips.com/is/image/PhilipsConsumer/3435731P7-D2P-global-001</Asset><Asset code="3435731P7" description="Product detail 3 - highres 2196x1795" extension="tif" lastModified="2018-03-26" locale="global" number="001" type="D3P">http://images.philips.com/is/image/PhilipsConsumer/3435731P7-D3P-global-001</Asset><Asset code="3435731P7" description="Product detail 4 - highres 2196x1795" extension="tif" lastModified="2018-03-26" locale="global" number="001" type="D4P">http://images.philips.com/is/image/PhilipsConsumer/3435731P7-D4P-global-001</Asset><Asset code="3435731P7" description="Product detail 5 - highres 2196x1795" extension="tif" lastModified="2018-03-26" locale="global" number="001" type="D5P">http://images.philips.com/is/image/PhilipsConsumer/3435731P7-D5P-global-001</Asset><Asset code="3435731P7" description="Emotional Benefit 1 - highres 2196x1795" extension="tif" lastModified="2018-03-26" locale="global" number="001" type="E1P">http://images.philips.com/is/image/PhilipsConsumer/3435731P7-E1P-global-001</Asset><Asset code="3435731P7" description="Emotional Benefit 2 - highres 2196x1795" extension="tif" lastModified="2018-03-26" locale="global" number="001" type="E2P">http://images.philips.com/is/image/PhilipsConsumer/3435731P7-E2P-global-001</Asset><Asset code="3435731P7" description="Emotional Benefit 3 - highres 2196x1795" extension="tif" lastModified="2018-04-24" locale="global" number="001" type="E3P">http://images.philips.com/is/image/PhilipsConsumer/3435731P7-E3P-global-001</Asset><Asset code="3435731P7" description="Emotional Benefit 4 - highres 2196x1795" extension="tif" lastModified="2018-04-23" locale="global" number="001" type="E4P">http://images.philips.com/is/image/PhilipsConsumer/3435731P7-E4P-global-001</Asset><Asset code="3435731P7" description="Main in-use photograph - highres 2480x1462" extension="tif" lastModified="2018-03-26" locale="global" number="001" type="MI1">http://images.philips.com/is/image/PhilipsConsumer/3435731P7-MI1-global-001</Asset><Asset code="3435731P7" description="Packaging photograph - highres 1447x756" extension="tif" lastModified="2018-03-26" locale="global" number="001" type="PID">http://images.philips.com/is/image/PhilipsConsumer/3435731P7-PID-global-001</Asset><Asset code="3435731P7" description="Packaging photograph - master" extension="tif" lastModified="2018-03-26" locale="global" number="001" type="PIM">http://download.p4c.philips.com/files/3/3435731p7/3435731p7_pim_.tif</Asset><Asset code="3435731P7" description="Packaging photograph - small 90x65" extension="jpg" lastModified="2018-03-26" locale="global" number="001" type="PIS">http://download.p4c.philips.com/files/3/3435731p7/3435731p7_pis_.jpg</Asset><Asset code="3435731P7" description="Leaflet" extension="pdf" lastModified="2018-08-05" locale="global" number="001" type="PSS">http://download.p4c.philips.com/files/3/3435731p7/3435731p7_pss_.pdf</Asset><Asset code="3435731P7" description="Standard product photograph - highres 2196x1795" extension="tif" lastModified="2018-03-26" locale="global" number="001" type="RTP">http://images.philips.com/is/image/PhilipsConsumer/3435731P7-RTP-global-001</Asset><Asset code="3435731P7" description="Product In Use 1 - highres 2196x1795" extension="tif" lastModified="2018-03-26" locale="global" number="001" type="U1P">http://images.philips.com/is/image/PhilipsConsumer/3435731P7-U1P-global-001</Asset><Asset code="3435731P7" description="Product In Use 2 - highres 2196x1795" extension="tif" lastModified="2018-03-26" locale="global" number="001" type="U2P">http://images.philips.com/is/image/PhilipsConsumer/3435731P7-U2P-global-001</Asset><Asset code="3435731P7" description="Product In Use 3 - highres 2196x1795" extension="tif" lastModified="2018-03-26" locale="global" number="001" type="U3P">http://images.philips.com/is/image/PhilipsConsumer/3435731P7-U3P-global-001</Asset><Asset code="3435731P7" description="Product In Use 4 - highres 2196x1795" extension="tif" lastModified="2018-04-26" locale="global" number="001" type="U4P">http://images.philips.com/is/image/PhilipsConsumer/3435731P7-U4P-global-001</Asset><Asset code="3435731P7" description="Single product shot" extension="" lastModified="2018-10-17" locale="ru_RU" number="" type="IMS">http://images.philips.com/is/image/PhilipsConsumer/3435731P7-IMS-ru_RU</Asset><Asset code="3435731P7" description="Product gallery image set" extension="" lastModified="2018-10-17" locale="ru_RU" number="" type="GAL">http://images.philips.com/is/image/PhilipsConsumer/3435731P7-GAL-ru_RU</Asset><Asset code="3435731P7" description="Product URL" extension="" lastModified="2018-10-17" locale="ru_RU" number="" type="URL">http://www.philips.ru/c-p/3435731P7/hue-white-ambiance-adore-bathroom-lighted-mirror</Asset><Asset code="F400032428" description="Feature photograph - highres 2100x1170" extension="tif" lastModified="2017-07-24" locale="global" number="001" type="FIL">http://images.philips.com/is/image/PhilipsConsumer/F400032428-FIL-global-001</Asset><Asset code="F400083537" description="Feature photograph - highres 2100x1170" extension="tif" lastModified="2017-07-13" locale="global" number="001" type="FIL">http://images.philips.com/is/image/PhilipsConsumer/F400083537-FIL-global-001</Asset><Asset code="F400083951" description="Feature photograph - highres 2100x1170" extension="tif" lastModified="2017-07-24" locale="global" number="001" type="FIL">http://images.philips.com/is/image/PhilipsConsumer/F400083951-FIL-global-001</Asset><Asset code="F400083952" description="Feature photograph - highres 2100x1170" extension="tif" lastModified="2017-07-24" locale="global" number="001" type="FIL">http://images.philips.com/is/image/PhilipsConsumer/F400083952-FIL-global-001</Asset><Asset code="F400083953" description="Feature photograph - highres 2100x1170" extension="tif" lastModified="2017-07-24" locale="global" number="001" type="FIL">http://images.philips.com/is/image/PhilipsConsumer/F400083953-FIL-global-001</Asset><Asset code="F400083954" description="Feature photograph - highres 2100x1170" extension="tif" lastModified="2017-07-24" locale="global" number="001" type="FIL">http://images.philips.com/is/image/PhilipsConsumer/F400083954-FIL-global-001</Asset><Asset code="F400083955" description="Feature photograph - highres 2100x1170" extension="tif" lastModified="2017-07-24" locale="global" number="001" type="FIL">http://images.philips.com/is/image/PhilipsConsumer/F400083955-FIL-global-001</Asset><Asset code="PHI" description="Brand logo - highres 1476x886" extension="tif" lastModified="2016-02-18" locale="global" number="001" type="BRP">http://images.philips.com/is/image/PhilipsConsumer/PHI-BRP-global-001</Asset></Assets><ProductName>Зеркало для ванной с подсветкой Adore</ProductName><FullProductName>Philips Hue White ambiance Зеркало для ванной с подсветкой Adore 34357/31/P7 С диммером, встроенные светодиоды, белый, интеллектуальное управление с помощью моста Hue*</FullProductName><NamingString><MasterBrand><BrandCode>PHI</BrandCode><BrandName>Philips</BrandName></MasterBrand><BrandString>Philips</BrandString><Family><FamilyCode>PLM0345002</FamilyCode><FamilyName>Hue White ambiance</FamilyName><FamilyNameUsed>1</FamilyNameUsed></Family><Descriptor><DescriptorCode>PLM1000133</DescriptorCode><DescriptorName>Зеркало для ванной с подсветкой Adore</DescriptorName></Descriptor><Alphanumeric>34357/31/P7</Alphanumeric><VersionElement1><VersionElementCode>PLM1000043</VersionElementCode><VersionElementName>Диммер в комплекте</VersionElementName></VersionElement1><VersionElement2><VersionElementCode>PLM1000009</VersionElementCode><VersionElementName>Встроенные светодиоды</VersionElementName></VersionElement2><VersionElement3><VersionElementCode>PLM1000007</VersionElementCode><VersionElementName>Белый</VersionElementName></VersionElement3><VersionElement4><VersionElementCode>PLM1000044</VersionElementCode><VersionElementName>Интеллектуальное управление — мост Hue*</VersionElementName></VersionElement4><VersionString>С диммером, встроенные светодиоды, белый, интеллектуальное управление с помощью моста Hue*</VersionString><BrandedFeatureString/><DescriptorBrandedFeatureString>Зеркало для ванной с подсветкой Adore</DescriptorBrandedFeatureString></NamingString><WOW>Освещение для лучших моментов вашей жизни</WOW><SubWOW>От рассвета и до заката</SubWOW><MarketingTextHeader>Установите на зеркало в ванной подсветку Philips Hue White Ambiance Adore и наслаждайтесь световыми эффектами без нежелательных теней. С помощью диммера можно с легкостью настроить освещение, которое поможет взбодриться или сконцентрироваться, а также подойдет для чтения и отдыха.</MarketingTextHeader><KeyBenefitArea><KeyBenefitAreaCode>K4034655</KeyBenefitAreaCode><KeyBenefitAreaName>Высокое качество света и продуманный дизайн</KeyBenefitAreaName><KeyBenefitAreaRank>1</KeyBenefitAreaRank><Feature><FeatureCode>F400032428</FeatureCode><FeatureReferenceName>IP44 - bathroom safe (myBathroom)</FeatureReferenceName><FeatureName>IP44 — безопасное освещение для ванной комнаты</FeatureName><FeatureLongDescription>IP44 — идеальное решение для вашей ванной комнаты</FeatureLongDescription><FeatureGlossary>Этот светильник Philips для ванной комнаты создан специально для условий повышенной влажности и прошел строгую проверку на степень водозащиты. Стандарт защиты оболочки IP обозначается двумя цифрами: первая указывает уровень защиты от пыли, а вторая — от воды. Светильник соответствует стандарту IP44 (защищен от брызг). Идеальное решение для ванной комнаты.</FeatureGlossary><FeatureRank>1</FeatureRank><FeatureTopRank>1</FeatureTopRank></Feature></KeyBenefitArea><KeyBenefitArea><KeyBenefitAreaCode>K4034641</KeyBenefitAreaCode><KeyBenefitAreaName>Освещение для лучших моментов вашей жизни</KeyBenefitAreaName><KeyBenefitAreaRank>2</KeyBenefitAreaRank><Feature><FeatureCode>F400083954</FeatureCode><FeatureReferenceName>Read (Hue lums bathroom)</FeatureReferenceName><FeatureName>Читайте</FeatureName><FeatureLongDescription>Читайте</FeatureLongDescription><FeatureGlossary>Читайте любимый журнал, расслабляясь в ванной. Настройте идеально подходящий для чтения белый свет.</FeatureGlossary><FeatureRank>3</FeatureRank><FeatureTopRank>2</FeatureTopRank></Feature><Feature><FeatureCode>F400083952</FeatureCode><FeatureReferenceName>Energize (Hue lums bathroom)</FeatureReferenceName><FeatureName>Зарядитесь энергией</FeatureName><FeatureLongDescription>Зарядитесь энергией</FeatureLongDescription><FeatureGlossary>Забудьте про утренний кофе и взбодритесь с помощью холодного, белого дневного света, который зарядит энергией на целый день и поднимет общий тонус организма. Оптимальное решение для начала дня.</FeatureGlossary><FeatureRank>1</FeatureRank><FeatureTopRank>3</FeatureTopRank></Feature><Feature><FeatureCode>F400083955</FeatureCode><FeatureReferenceName>Relax (Hue lums bathroom)</FeatureReferenceName><FeatureName>Расслабляйтесь</FeatureName><FeatureLongDescription>Расслабляйтесь</FeatureLongDescription><FeatureGlossary>Погрузитесь в пенную ванну и отдохните, наслаждаясь магией мягкого белого света. Расслабляющий белый свет снимет напряжение и улучшит сон.</FeatureGlossary><FeatureRank>4</FeatureRank><FeatureTopRank>4</FeatureTopRank></Feature><Feature><FeatureCode>F400083951</FeatureCode><FeatureReferenceName>easy wireless dimming (HUE BATHROOM)</FeatureReferenceName><FeatureName>Удобное беспроводное управление</FeatureName><FeatureLongDescription>Удобное беспроводное управление с помощью диммера</FeatureLongDescription><FeatureGlossary>Благодаря готовому к использованию беспроводному диммеру Philips Hue можно регулировать яркость света, не беспокоясь о проводке.</FeatureGlossary><FeatureRank>5</FeatureRank><FeatureTopRank>5</FeatureTopRank></Feature><Feature><FeatureCode>F400083953</FeatureCode><FeatureReferenceName>Concentrate (Hue lums bathroom)</FeatureReferenceName><FeatureName>Концентрация</FeatureName><FeatureLongDescription>Концентрация</FeatureLongDescription><FeatureGlossary>Ранним утром вам нужна точность и концентрация. Правильно настроенный яркий белый свет поможет с легкостью завершить все утренние дела — от нанесения идеального макияжа до непревзойденной укладки бороды.</FeatureGlossary><FeatureRank>2</FeatureRank><FeatureTopRank>6</FeatureTopRank></Feature></KeyBenefitArea><KeyBenefitArea><KeyBenefitAreaCode>K4034656</KeyBenefitAreaCode><KeyBenefitAreaName>Полный контроль с помощью смартфона и моста Hue</KeyBenefitAreaName><KeyBenefitAreaRank>3</KeyBenefitAreaRank><Feature><FeatureCode>F400083537</FeatureCode><FeatureReferenceName>Full control with Hue bridge</FeatureReferenceName><FeatureName>Полный контроль с помощью моста Hue</FeatureName><FeatureLongDescription>Полный контроль с помощью смартфона и моста Hue</FeatureLongDescription><FeatureGlossary>Объедините свои светильники Philips Hue с помощью моста, чтобы раскрыть безграничные возможности системы.</FeatureGlossary><FeatureRank>1</FeatureRank><FeatureTopRank>7</FeatureTopRank></Feature></KeyBenefitArea><FeatureImage><FeatureCode>F400032428</FeatureCode><FeatureReferenceName>IP44 - bathroom safe (myBathroom)</FeatureReferenceName><FeatureImageRank>1</FeatureImageRank></FeatureImage><FeatureImage><FeatureCode>F400083954</FeatureCode><FeatureReferenceName>Read (Hue lums bathroom)</FeatureReferenceName><FeatureImageRank>2</FeatureImageRank></FeatureImage><FeatureImage><FeatureCode>F400083952</FeatureCode><FeatureReferenceName>Energize (Hue lums bathroom)</FeatureReferenceName><FeatureImageRank>3</FeatureImageRank></FeatureImage><FeatureImage><FeatureCode>F400083955</FeatureCode><FeatureReferenceName>Relax (Hue lums bathroom)</FeatureReferenceName><FeatureImageRank>4</FeatureImageRank></FeatureImage><FeatureImage><FeatureCode>F400083951</FeatureCode><FeatureReferenceName>easy wireless dimming (HUE BATHROOM)</FeatureReferenceName><FeatureImageRank>5</FeatureImageRank></FeatureImage><FeatureImage><FeatureCode>F400083953</FeatureCode><FeatureReferenceName>Concentrate (Hue lums bathroom)</FeatureReferenceName><FeatureImageRank>6</FeatureImageRank></FeatureImage><FeatureImage><FeatureCode>F400083537</FeatureCode><FeatureReferenceName>Full control with Hue bridge</FeatureReferenceName><FeatureImageRank>7</FeatureImageRank></FeatureImage><FeatureHighlight><FeatureCode>F400032428</FeatureCode><FeatureReferenceName>IP44 - bathroom safe (myBathroom)</FeatureReferenceName><FeatureHighlightRank>1</FeatureHighlightRank></FeatureHighlight><FeatureHighlight><FeatureCode>F400083954</FeatureCode><FeatureReferenceName>Read (Hue lums bathroom)</FeatureReferenceName><FeatureHighlightRank>2</FeatureHighlightRank></FeatureHighlight><FeatureHighlight><FeatureCode>F400083952</FeatureCode><FeatureReferenceName>Energize (Hue lums bathroom)</FeatureReferenceName><FeatureHighlightRank>3</FeatureHighlightRank></FeatureHighlight><FeatureHighlight><FeatureCode>F400083955</FeatureCode><FeatureReferenceName>Relax (Hue lums bathroom)</FeatureReferenceName><FeatureHighlightRank>4</FeatureHighlightRank></FeatureHighlight><FeatureHighlight><FeatureCode>F400083951</FeatureCode><FeatureReferenceName>easy wireless dimming (HUE BATHROOM)</FeatureReferenceName><FeatureHighlightRank>5</FeatureHighlightRank></FeatureHighlight><FeatureHighlight><FeatureCode>F400083953</FeatureCode><FeatureReferenceName>Concentrate (Hue lums bathroom)</FeatureReferenceName><FeatureHighlightRank>6</FeatureHighlightRank></FeatureHighlight><FeatureHighlight><FeatureCode>F400083537</FeatureCode><FeatureReferenceName>Full control with Hue bridge</FeatureReferenceName><FeatureHighlightRank>7</FeatureHighlightRank></FeatureHighlight><CSChapter><CSChapterCode>PLMCHP010</CSChapterCode><CSChapterName>Дизайн и отделка</CSChapterName><CSChapterRank>10</CSChapterRank><CSItem><CSItemCode>PLMITM010001</CSItemCode><CSItemName>Материал</CSItemName><CSItemRank>1</CSItemRank><CSItemIsFreeFormat>0</CSItemIsFreeFormat><CSValue><CSValueCode>PLMATR0105METAL</CSValueCode><CSValueName>металл</CSValueName><CSValueRank>1</CSValueRank></CSValue></CSItem><CSItem><CSItemCode>PLMITM010002</CSItemCode><CSItemName>цвет</CSItemName><CSItemRank>2</CSItemRank><CSItemIsFreeFormat>0</CSItemIsFreeFormat><CSValue><CSValueCode>PLMATR018331</CSValueCode><CSValueName>белый</CSValueName><CSValueRank>1</CSValueRank></CSValue></CSItem></CSChapter><CSChapter><CSChapterCode>PLMCHP030</CSChapterCode><CSChapterName>Размеры и вес изделия</CSChapterName><CSChapterRank>30</CSChapterRank><CSItem><CSItemCode>PLMITM030001</CSItemCode><CSItemName>высота</CSItemName><CSItemRank>1</CSItemRank><CSItemIsFreeFormat>1</CSItemIsFreeFormat><CSValue><CSValueCode>VA4042333</CSValueCode><CSValueName>5,1</CSValueName><CSValueRank>1</CSValueRank></CSValue><UnitOfMeasure><UnitOfMeasureCode>3000039</UnitOfMeasureCode><UnitOfMeasureName>сантиметра</UnitOfMeasureName><UnitOfMeasureSymbol>см</UnitOfMeasureSymbol></UnitOfMeasure></CSItem><CSItem><CSItemCode>PLMITM030004</CSItemCode><CSItemName>Длина</CSItemName><CSItemRank>4</CSItemRank><CSItemIsFreeFormat>1</CSItemIsFreeFormat><CSValue><CSValueCode>VA4042309</CSValueCode><CSValueName>56</CSValueName><CSValueRank>1</CSValueRank></CSValue><UnitOfMeasure><UnitOfMeasureCode>3000039</UnitOfMeasureCode><UnitOfMeasureName>сантиметра</UnitOfMeasureName><UnitOfMeasureSymbol>см</UnitOfMeasureSymbol></UnitOfMeasure></CSItem><CSItem><CSItemCode>PLMITM030005</CSItemCode><CSItemName>ширина</CSItemName><CSItemRank>5</CSItemRank><CSItemIsFreeFormat>1</CSItemIsFreeFormat><CSValue><CSValueCode>VA4042311</CSValueCode><CSValueName>56</CSValueName><CSValueRank>1</CSValueRank></CSValue><UnitOfMeasure><UnitOfMeasureCode>3000039</UnitOfMeasureCode><UnitOfMeasureName>сантиметра</UnitOfMeasureName><UnitOfMeasureSymbol>см</UnitOfMeasureSymbol></UnitOfMeasure></CSItem><CSItem><CSItemCode>PLMITM030006</CSItemCode><CSItemName>Вес нетто</CSItemName><CSItemRank>6</CSItemRank><CSItemIsFreeFormat>1</CSItemIsFreeFormat><CSValue><CSValueCode>VA4042308</CSValueCode><CSValueName>5,440</CSValueName><CSValueRank>1</CSValueRank></CSValue><UnitOfMeasure><UnitOfMeasureCode>3000049</UnitOfMeasureCode><UnitOfMeasureName>(килограммы)</UnitOfMeasureName><UnitOfMeasureSymbol>кг</UnitOfMeasureSymbol></UnitOfMeasure></CSItem></CSChapter><CSChapter><CSChapterCode>PLMCHP040</CSChapterCode><CSChapterName>Технические характеристики</CSChapterName><CSChapterRank>40</CSChapterRank><CSItem><CSItemCode>PLMITM040001</CSItemCode><CSItemName>Электропитание</CSItemName><CSItemRank>1</CSItemRank><CSItemIsFreeFormat>0</CSItemIsFreeFormat><CSValue><CSValueCode>PLMATR0719100-240</CSValueCode><CSValueName>Диапазон 100 В — 240 В</CSValueName><CSValueRank>1</CSValueRank></CSValue><CSValue><CSValueCode>PLMATR067350/60HZ</CSValueCode><CSValueName>50–60 Гц</CSValueName><CSValueRank>2</CSValueRank></CSValue></CSItem><CSItem><CSItemCode>PLMITM040002</CSItemCode><CSItemName>Технология производства ламп</CSItemName><CSItemRank>2</CSItemRank><CSItemIsFreeFormat>0</CSItemIsFreeFormat><CSValue><CSValueCode>PLMATRBOIBULB10131LED</CSValueCode><CSValueName>светодиодный</CSValueName><CSValueRank>1</CSValueRank></CSValue><CSValue><CSValueCode>PLMATR032924</CSValueCode><CSValueName>24 В</CSValueName><CSValueRank>2</CSValueRank></CSValue></CSItem><CSItem><CSItemCode>PLMITM040003</CSItemCode><CSItemName>Количество ламп</CSItemName><CSItemRank>3</CSItemRank><CSItemIsFreeFormat>1</CSItemIsFreeFormat><CSValue><CSValueCode>VA4042306</CSValueCode><CSValueName>1</CSValueName><CSValueRank>1</CSValueRank></CSValue></CSItem><CSItem><CSItemCode>PLMITM040005</CSItemCode><CSItemName>Мощность лампы, поставляемой в комплекте</CSItemName><CSItemRank>5</CSItemRank><CSItemIsFreeFormat>0</CSItemIsFreeFormat><CSValue><CSValueCode>PLMATR046040</CSValueCode><CSValueName>40 Вт</CSValueName><CSValueRank>1</CSValueRank></CSValue></CSItem><CSItem><CSItemCode>PLMITM040006</CSItemCode><CSItemName>Максимальная мощность сменной лампы</CSItemName><CSItemRank>6</CSItemRank><CSItemIsFreeFormat>0</CSItemIsFreeFormat><CSValue><CSValueCode>PLMATR033340</CSValueCode><CSValueName>40 Вт</CSValueName><CSValueRank>1</CSValueRank></CSValue></CSItem><CSItem><CSItemCode>PLMITM040007</CSItemCode><CSItemName>Цветовая температура</CSItemName><CSItemRank>7</CSItemRank><CSItemIsFreeFormat>0</CSItemIsFreeFormat><CSValue><CSValueCode>PLMATRBOIBULB106242200-6500K</CSValueCode><CSValueName>2200–6500 Hue White Ambiance</CSValueName><CSValueRank>1</CSValueRank></CSValue></CSItem><CSItem><CSItemCode>PLMITM0400011</CSItemCode><CSItemName>Общий световой поток светильника</CSItemName><CSItemRank>11</CSItemRank><CSItemIsFreeFormat>0</CSItemIsFreeFormat><CSValue><CSValueCode>PLMATR10962400</CSValueCode><CSValueName>2400 лм</CSValueName><CSValueRank>1</CSValueRank></CSValue></CSItem><CSItem><CSItemCode>PLMITM0400013</CSItemCode><CSItemName>Светильник с регулируемой яркостью</CSItemName><CSItemRank>13</CSItemRank><CSItemIsFreeFormat>0</CSItemIsFreeFormat><CSValue><CSValueCode>PLMATR1075Y</CSValueCode><CSValueName>Да</CSValueName><CSValueRank>1</CSValueRank></CSValue></CSItem><CSItem><CSItemCode>PLMITM0400014</CSItemCode><CSItemName>светодиодный</CSItemName><CSItemRank>14</CSItemRank><CSItemIsFreeFormat>0</CSItemIsFreeFormat><CSValue><CSValueCode>PLMATR0814Y</CSValueCode><CSValueName>Да</CSValueName><CSValueRank>1</CSValueRank></CSValue></CSItem><CSItem><CSItemCode>PLMITM0400018</CSItemCode><CSItemName>Срок службы до</CSItemName><CSItemRank>18</CSItemRank><CSItemIsFreeFormat>1</CSItemIsFreeFormat><CSValue><CSValueCode>VA4094468</CSValueCode><CSValueName>30 000</CSValueName><CSValueRank>1</CSValueRank></CSValue><UnitOfMeasure><UnitOfMeasureCode>4000213</UnitOfMeasureCode><UnitOfMeasureName>часов</UnitOfMeasureName><UnitOfMeasureSymbol>часов</UnitOfMeasureSymbol></UnitOfMeasure></CSItem><CSItem><CSItemCode>PLMITM040026</CSItemCode><CSItemName>Код IP</CSItemName><CSItemRank>26</CSItemRank><CSItemIsFreeFormat>0</CSItemIsFreeFormat><CSValue><CSValueCode>PLMATR0290IP44</CSValueCode><CSValueName>IP44</CSValueName><CSValueRank>1</CSValueRank></CSValue><CSValue><CSValueCode>PLMATR0290IP41-2</CSValueCode><CSValueName>защита от предметов размером более 1 мм</CSValueName><CSValueRank>2</CSValueRank></CSValue><CSValue><CSValueCode>PLMATR0290IP24-3</CSValueCode><CSValueName>защита от водных брызг</CSValueName><CSValueRank>3</CSValueRank></CSValue></CSItem><CSItem><CSItemCode>PLMITM040027</CSItemCode><CSItemName>Класс защиты</CSItemName><CSItemRank>27</CSItemRank><CSItemIsFreeFormat>0</CSItemIsFreeFormat><CSValue><CSValueCode>PLMATR0289II</CSValueCode><CSValueName>II – двойная изоляция</CSValueName><CSValueRank>1</CSValueRank></CSValue></CSItem><CSItem><CSItemCode>PLMITM0400051</CSItemCode><CSItemName>Источник света соответствует традиционной лампе</CSItemName><CSItemRank>51</CSItemRank><CSItemIsFreeFormat>1</CSItemIsFreeFormat><CSValue><CSValueCode>VA4081551</CSValueCode><CSValueName>204</CSValueName><CSValueRank>1</CSValueRank></CSValue><UnitOfMeasure><UnitOfMeasureCode>3000072</UnitOfMeasureCode><UnitOfMeasureName>(ватт)</UnitOfMeasureName><UnitOfMeasureSymbol>Вт</UnitOfMeasureSymbol></UnitOfMeasure></CSItem></CSChapter><CSChapter><CSChapterCode>PLMCHP060</CSChapterCode><CSChapterName>Размеры и вес упаковки</CSChapterName><CSChapterRank>60</CSChapterRank><CSItem><CSItemCode>PLMITM060001</CSItemCode><CSItemName>высота</CSItemName><CSItemRank>1</CSItemRank><CSItemIsFreeFormat>1</CSItemIsFreeFormat><CSValue><CSValueCode>VA4042312</CSValueCode><CSValueName>63</CSValueName><CSValueRank>1</CSValueRank></CSValue><UnitOfMeasure><UnitOfMeasureCode>3000039</UnitOfMeasureCode><UnitOfMeasureName>сантиметра</UnitOfMeasureName><UnitOfMeasureSymbol>см</UnitOfMeasureSymbol></UnitOfMeasure></CSItem><CSItem><CSItemCode>PLMITM060002</CSItemCode><CSItemName>Длина</CSItemName><CSItemRank>2</CSItemRank><CSItemIsFreeFormat>1</CSItemIsFreeFormat><CSValue><CSValueCode>VA4042313</CSValueCode><CSValueName>62,3</CSValueName><CSValueRank>1</CSValueRank></CSValue><UnitOfMeasure><UnitOfMeasureCode>3000039</UnitOfMeasureCode><UnitOfMeasureName>сантиметра</UnitOfMeasureName><UnitOfMeasureSymbol>см</UnitOfMeasureSymbol></UnitOfMeasure></CSItem><CSItem><CSItemCode>PLMITM060003</CSItemCode><CSItemName>ширина</CSItemName><CSItemRank>3</CSItemRank><CSItemIsFreeFormat>1</CSItemIsFreeFormat><CSValue><CSValueCode>VA4042307</CSValueCode><CSValueName>17</CSValueName><CSValueRank>1</CSValueRank></CSValue><UnitOfMeasure><UnitOfMeasureCode>3000039</UnitOfMeasureCode><UnitOfMeasureName>сантиметра</UnitOfMeasureName><UnitOfMeasureSymbol>см</UnitOfMeasureSymbol></UnitOfMeasure></CSItem><CSItem><CSItemCode>PLMITM060004</CSItemCode><CSItemName>Вес</CSItemName><CSItemRank>4</CSItemRank><CSItemIsFreeFormat>1</CSItemIsFreeFormat><CSValue><CSValueCode>VA4042304</CSValueCode><CSValueName>7,500</CSValueName><CSValueRank>1</CSValueRank></CSValue><UnitOfMeasure><UnitOfMeasureCode>3000049</UnitOfMeasureCode><UnitOfMeasureName>(килограммы)</UnitOfMeasureName><UnitOfMeasureSymbol>кг</UnitOfMeasureSymbol></UnitOfMeasure></CSItem></CSChapter><CSChapter><CSChapterCode>PLMCHP070</CSChapterCode><CSChapterName>Прочее</CSChapterName><CSChapterRank>70</CSChapterRank><CSItem><CSItemCode>PLMITM070001</CSItemCode><CSItemName>Специально созданы для</CSItemName><CSItemRank>1</CSItemRank><CSItemIsFreeFormat>0</CSItemIsFreeFormat><CSValue><CSValueCode>PLMATR0970BATH</CSValueCode><CSValueName>Ванная комната</CSValueName><CSValueRank>1</CSValueRank></CSValue></CSItem><CSItem><CSItemCode>PLMITM070002</CSItemCode><CSItemName>Стиль</CSItemName><CSItemRank>2</CSItemRank><CSItemIsFreeFormat>0</CSItemIsFreeFormat><CSValue><CSValueCode>PLMATR0628MOD</CSValueCode><CSValueName>Современный</CSValueName><CSValueRank>1</CSValueRank></CSValue></CSItem><CSItem><CSItemCode>PLMITM070003</CSItemCode><CSItemName>Тип</CSItemName><CSItemRank>3</CSItemRank><CSItemIsFreeFormat>0</CSItemIsFreeFormat><CSValue><CSValueCode>PLMATR0830WALL</CSValueCode><CSValueName>Настенный светильник</CSValueName><CSValueRank>1</CSValueRank></CSValue></CSItem></CSChapter><Filters><Purpose type="Comparison"><Features><Feature code="F400032428" rank="1" referenceName="IP44 - bathroom safe (myBathroom)"/><Feature code="F400083954" rank="2" referenceName="Read (Hue lums bathroom)"/><Feature code="F400083952" rank="3" referenceName="Energize (Hue lums bathroom)"/><Feature code="F400083955" rank="4" referenceName="Relax (Hue lums bathroom)"/><Feature code="F400083951" rank="5" referenceName="easy wireless dimming (HUE BATHROOM)"/><Feature code="F400083953" rank="6" referenceName="Concentrate (Hue lums bathroom)"/><Feature code="F400083537" rank="7" referenceName="Full control with Hue bridge"/></Features><CSItems><CSItem code="PLMITM010001" rank="1" referenceName="Дизайн и отделка - Материал"/><CSItem code="PLMITM030001" rank="1" referenceName="Размеры и вес изделия - высота"/><CSItem code="PLMITM040001" rank="1" referenceName="Технические характеристики - Электропитание"/><CSItem code="PLMITM060001" rank="1" referenceName="Размеры и вес упаковки - высота"/><CSItem code="PLMITM070001" rank="1" referenceName="Прочее - Специально созданы для"/><CSItem code="PLMITM010002" rank="2" referenceName="Дизайн и отделка - цвет"/><CSItem code="PLMITM040002" rank="2" referenceName="Технические характеристики - Технология производства ламп"/><CSItem code="PLMITM060002" rank="2" referenceName="Размеры и вес упаковки - Длина"/><CSItem code="PLMITM070002" rank="2" referenceName="Прочее - Стиль"/><CSItem code="PLMITM040003" rank="3" referenceName="Технические характеристики - Количество ламп"/><CSItem code="PLMITM060003" rank="3" referenceName="Размеры и вес упаковки - ширина"/><CSItem code="PLMITM070003" rank="3" referenceName="Прочее - Тип"/><CSItem code="PLMITM030004" rank="4" referenceName="Размеры и вес изделия - Длина"/><CSItem code="PLMITM060004" rank="4" referenceName="Размеры и вес упаковки - Вес"/><CSItem code="PLMITM030005" rank="5" referenceName="Размеры и вес изделия - ширина"/><CSItem code="PLMITM040005" rank="5" referenceName="Технические характеристики - Мощность лампы, поставляемой в комплекте"/><CSItem code="PLMITM030006" rank="6" referenceName="Размеры и вес изделия - Вес нетто"/><CSItem code="PLMITM040006" rank="6" referenceName="Технические характеристики - Максимальная мощность сменной лампы"/><CSItem code="PLMITM040007" rank="7" referenceName="Технические характеристики - Цветовая температура"/><CSItem code="PLMITM0400011" rank="11" referenceName="Технические характеристики - Общий световой поток светильника"/><CSItem code="PLMITM0400013" rank="13" referenceName="Технические характеристики - Светильник с регулируемой яркостью"/><CSItem code="PLMITM0400014" rank="14" referenceName="Технические характеристики - светодиодный"/><CSItem code="PLMITM0400018" rank="18" referenceName="Технические характеристики - Срок службы до"/><CSItem code="PLMITM040026" rank="26" referenceName="Технические характеристики - Код IP"/><CSItem code="PLMITM040027" rank="27" referenceName="Технические характеристики - Класс защиты"/><CSItem code="PLMITM0400051" rank="51" referenceName="Технические характеристики - Источник света соответствует традиционной лампе"/></CSItems></Purpose><Purpose type="Detail"><Features><Feature code="F400032428" rank="1" referenceName="IP44 - bathroom safe (myBathroom)"/><Feature code="F400083954" rank="2" referenceName="Read (Hue lums bathroom)"/><Feature code="F400083952" rank="3" referenceName="Energize (Hue lums bathroom)"/><Feature code="F400083955" rank="4" referenceName="Relax (Hue lums bathroom)"/><Feature code="F400083951" rank="5" referenceName="easy wireless dimming (HUE BATHROOM)"/><Feature code="F400083953" rank="6" referenceName="Concentrate (Hue lums bathroom)"/><Feature code="F400083537" rank="7" referenceName="Full control with Hue bridge"/></Features><CSItems><CSItem code="PLMITM010001" rank="1" referenceName="Дизайн и отделка - Материал"/><CSItem code="PLMITM030001" rank="1" referenceName="Размеры и вес изделия - высота"/><CSItem code="PLMITM040001" rank="1" referenceName="Технические характеристики - Электропитание"/><CSItem code="PLMITM060001" rank="1" referenceName="Размеры и вес упаковки - высота"/><CSItem code="PLMITM070001" rank="1" referenceName="Прочее - Специально созданы для"/><CSItem code="PLMITM010002" rank="2" referenceName="Дизайн и отделка - цвет"/><CSItem code="PLMITM040002" rank="2" referenceName="Технические характеристики - Технология производства ламп"/><CSItem code="PLMITM060002" rank="2" referenceName="Размеры и вес упаковки - Длина"/><CSItem code="PLMITM070002" rank="2" referenceName="Прочее - Стиль"/><CSItem code="PLMITM040003" rank="3" referenceName="Технические характеристики - Количество ламп"/><CSItem code="PLMITM060003" rank="3" referenceName="Размеры и вес упаковки - ширина"/><CSItem code="PLMITM070003" rank="3" referenceName="Прочее - Тип"/><CSItem code="PLMITM030004" rank="4" referenceName="Размеры и вес изделия - Длина"/><CSItem code="PLMITM060004" rank="4" referenceName="Размеры и вес упаковки - Вес"/><CSItem code="PLMITM030005" rank="5" referenceName="Размеры и вес изделия - ширина"/><CSItem code="PLMITM040005" rank="5" referenceName="Технические характеристики - Мощность лампы, поставляемой в комплекте"/><CSItem code="PLMITM030006" rank="6" referenceName="Размеры и вес изделия - Вес нетто"/><CSItem code="PLMITM040006" rank="6" referenceName="Технические характеристики - Максимальная мощность сменной лампы"/><CSItem code="PLMITM040007" rank="7" referenceName="Технические характеристики - Цветовая температура"/><CSItem code="PLMITM0400011" rank="11" referenceName="Технические характеристики - Общий световой поток светильника"/><CSItem code="PLMITM0400013" rank="13" referenceName="Технические характеристики - Светильник с регулируемой яркостью"/><CSItem code="PLMITM0400014" rank="14" referenceName="Технические характеристики - светодиодный"/><CSItem code="PLMITM0400018" rank="18" referenceName="Технические характеристики - Срок службы до"/><CSItem code="PLMITM040026" rank="26" referenceName="Технические характеристики - Код IP"/><CSItem code="PLMITM040027" rank="27" referenceName="Технические характеристики - Класс защиты"/><CSItem code="PLMITM0400051" rank="51" referenceName="Технические характеристики - Источник света соответствует традиционной лампе"/></CSItems></Purpose></Filters><FeatureCompareGroups/><Disclaimers/><RichTexts/></Product></Products>