<?xml version="1.0" encoding="UTF-8"?><Products xmlns:source="http://apache.org/cocoon/source/1.0" DocStatus="approved" DocTimeStamp="2018-10-19T09:17:42"><Product Country="RU" IsAccessory="false" IsMaster="false" Locale="ru_RU" lastModified="2018-10-14T04:26:30" masterLastModified="2018-06-06T00:40:37"><CTN>GC2991/30</CTN><GTIN/><MarketingVersion>12.0.1</MarketingVersion><MarketingStatus>Final Published</MarketingStatus><CRDate>2017-01-27</CRDate><CRDateYW>201704</CRDateYW><ModelYears><ModelYear>2017</ModelYear></ModelYears><ProductDivision><ProductDivisionCode>0200</ProductDivisionCode><ProductDivisionName>Consumer Lifestyle</ProductDivisionName><FormerPDCode>0300</FormerPDCode></ProductDivision><ProductOwner>Berkay Bircan</ProductOwner><DTN>GC2991/30</DTN><Catalog><StartOfPublication>2017-04-01T00:00:00</StartOfPublication><EndOfPublication>2021-02-27T00:00:00</EndOfPublication><StartOfSales>2017-04-01T00:00:00</StartOfSales><EndOfSales>2021-02-27T00:00:00</EndOfSales><DummyPrice/><Deleted>false</Deleted><DeleteAfterDate/><ProductRank>50</ProductRank></Catalog><FinancialCategorization><BusinessGroupCode>9042</BusinessGroupCode><BusinessGroupName>Domestic Appliances</BusinessGroupName><BusinessUnitCode>0352</BusinessUnitCode><BusinessUnitName>Garment Care</BusinessUnitName><MainArticleGroupCode>E34</MainArticleGroupCode><MainArticleGroupName>Dry/Travel/Steam irons</MainArticleGroupName><ArticleGroupCode>3426</ArticleGroupCode><ArticleGroupName>2000 series: basic irons</ArticleGroupName></FinancialCategorization><Categorization type="CONSUMER"><GroupCode>HOUSEHOLD_PRODUCTS_GR</GroupCode><GroupName>Household products</GroupName><CategoryCode>IRONS_CA</CategoryCode><CategoryName>Ironing</CategoryName><SubcategoryCode>STEAM_IRONS_SU</SubcategoryCode><SubcategoryName>Steam Iron</SubcategoryName></Categorization><Assets><Asset code="GC2991_30" description="User manual" extension="pdf" lastModified="2018-09-07" locale="ru_RU" number="001" type="DFU">http://download.p4c.philips.com/files/g/gc2991_30/gc2991_30_dfu_rus.pdf</Asset><Asset code="GC2991_30" description="Important Information Manual" extension="pdf" lastModified="2018-10-12" locale="ru_RU" number="001" type="IIM">http://download.p4c.philips.com/files/g/gc2991_30/gc2991_30_iim_rus.pdf</Asset><Asset code="GC2991_30" description="Alternative product photograph 1 - highres 2196x1795" extension="tif" lastModified="2016-12-22" locale="global" number="001" type="A1P">http://images.philips.com/is/image/PhilipsConsumer/GC2991_30-A1P-global-001</Asset><Asset code="GC2991_30" description="Product detail 1 - highres 2196x1795" extension="tif" lastModified="2016-12-23" locale="global" number="001" type="D1P">http://images.philips.com/is/image/PhilipsConsumer/GC2991_30-D1P-global-001</Asset><Asset code="GC2991_30" description="Product detail 2 - highres 2196x1795" extension="tif" lastModified="2017-03-08" locale="global" number="001" type="D2P">http://images.philips.com/is/image/PhilipsConsumer/GC2991_30-D2P-global-001</Asset><Asset code="GC2991_30" description="Emotional Benefit 1 - highres 2196x1795" extension="tif" lastModified="2018-03-09" locale="global" number="001" type="E1P">http://images.philips.com/is/image/PhilipsConsumer/GC2991_30-E1P-global-001</Asset><Asset code="GC2991_30" description="Emotional Benefit 2 - highres 2196x1795" extension="tif" lastModified="2018-03-14" locale="global" number="001" type="E2P">http://images.philips.com/is/image/PhilipsConsumer/GC2991_30-E2P-global-001</Asset><Asset code="GC2991_30" description="Main in-use photograph - highres 2480x1462" extension="tif" lastModified="2017-02-27" locale="global" number="001" type="MI1">http://images.philips.com/is/image/PhilipsConsumer/GC2991_30-MI1-global-001</Asset><Asset code="GC2991_30" description="Packaging photograph - highres 1447x756" extension="tif" lastModified="2017-03-17" locale="global" number="001" type="PID">http://images.philips.com/is/image/PhilipsConsumer/GC2991_30-PID-global-001</Asset><Asset code="GC2991_30" description="Packaging photograph - master" extension="tif" lastModified="2017-03-17" locale="global" number="001" type="PIM">http://download.p4c.philips.com/files/g/gc2991_30/gc2991_30_pim_.tif</Asset><Asset code="GC2991_30" description="Packaging photograph - small 90x65" extension="jpg" lastModified="2017-03-17" locale="global" number="001" type="PIS">http://download.p4c.philips.com/files/g/gc2991_30/gc2991_30_pis_.jpg</Asset><Asset code="GC2991_30" description="Leaflet" extension="pdf" lastModified="2018-06-06" locale="global" number="001" type="PSS">http://download.p4c.philips.com/files/g/gc2991_30/gc2991_30_pss_.pdf</Asset><Asset code="GC2991_30" description="Standard product photograph - highres 2196x1795" extension="tif" lastModified="2017-03-02" locale="global" number="001" type="RTP">http://images.philips.com/is/image/PhilipsConsumer/GC2991_30-RTP-global-001</Asset><Asset code="GC2991_30" description="Product In Use 2 - highres 2196x1795" extension="tif" lastModified="2018-03-22" locale="global" number="001" type="U2P">http://images.philips.com/is/image/PhilipsConsumer/GC2991_30-U2P-global-001</Asset><Asset code="GC2991_30" description="Single product shot" extension="" lastModified="2018-10-14" locale="ru_RU" number="" type="IMS">http://images.philips.com/is/image/PhilipsConsumer/GC2991_30-IMS-ru_RU</Asset><Asset code="GC2991_30" description="Product gallery image set" extension="" lastModified="2018-10-14" locale="ru_RU" number="" type="GAL">http://images.philips.com/is/image/PhilipsConsumer/GC2991_30-GAL-ru_RU</Asset><Asset code="GC2991_30" description="Product URL" extension="" lastModified="2018-10-14" locale="ru_RU" number="" type="URL">http://www.philips.ru/c-p/GC2991_30/powerlife-steam-iron</Asset><Asset code="F400083089" description="Feature photograph - highres 2100x1170" extension="tif" lastModified="2017-06-30" locale="global" number="001" type="FIL">http://images.philips.com/is/image/PhilipsConsumer/F400083089-FIL-global-001</Asset><Asset code="F400083090" description="Feature photograph - highres 2100x1170" extension="tif" lastModified="2017-06-30" locale="global" number="001" type="FIL">http://images.philips.com/is/image/PhilipsConsumer/F400083090-FIL-global-001</Asset><Asset code="F400083092" description="Feature photograph - highres 2100x1170" extension="tif" lastModified="2018-02-22" locale="global" number="001" type="FIL">http://images.philips.com/is/image/PhilipsConsumer/F400083092-FIL-global-001</Asset><Asset code="F400083093" description="Feature photograph - highres 2100x1170" extension="tif" lastModified="2017-09-11" locale="global" number="001" type="FIL">http://images.philips.com/is/image/PhilipsConsumer/F400083093-FIL-global-001</Asset><Asset code="F400083094" description="Feature photograph - highres 2100x1170" extension="tif" lastModified="2017-06-30" locale="global" number="001" type="FIL">http://images.philips.com/is/image/PhilipsConsumer/F400083094-FIL-global-001</Asset><Asset code="F400083095" description="Feature photograph - highres 2100x1170" extension="tif" lastModified="2017-06-30" locale="global" number="001" type="FIL">http://images.philips.com/is/image/PhilipsConsumer/F400083095-FIL-global-001</Asset><Asset code="F400083096" description="Feature photograph - highres 2100x1170" extension="tif" lastModified="2017-06-30" locale="global" number="001" type="FIL">http://images.philips.com/is/image/PhilipsConsumer/F400083096-FIL-global-001</Asset><Asset code="F400083107" description="Feature photograph - highres 2100x1170" extension="tif" lastModified="2017-11-28" locale="global" number="001" type="FIL">http://images.philips.com/is/image/PhilipsConsumer/F400083107-FIL-global-001</Asset><Asset code="GA_GREEN" description="needs to be blocked as code in CCR Global award logo - master" extension="eps" lastModified="2010-09-22" locale="global" number="001" type="GAL">GA_GREEN-GAL-global-001.eps</Asset><Asset code="GA_GREEN" description="Global award logo - highres 590x590" extension="tif" lastModified="2010-09-22" locale="global" number="001" type="GAP">http://images.philips.com/is/image/PhilipsConsumer/GA_GREEN-GAP-global-001</Asset><Asset code="PHI" description="Brand logo - highres 1476x886" extension="tif" lastModified="2016-02-18" locale="global" number="001" type="BRP">http://images.philips.com/is/image/PhilipsConsumer/PHI-BRP-global-001</Asset></Assets><ProductName>Паровой утюг 2300 Вт, постоянная подача пара 40 г/мин</ProductName><FullProductName>Philips PowerLife Паровой утюг GC2991/30 2300 Вт, постоянная подача пара 40 г/мин, паровой удар 145 г, подошва SteamGlide</FullProductName><NamingString><MasterBrand><BrandCode>PHI</BrandCode><BrandName>Philips</BrandName></MasterBrand><BrandString>Philips</BrandString><Family><FamilyCode>SB30000106</FamilyCode><FamilyName>PowerLife</FamilyName><FamilyNameUsed>1</FamilyNameUsed></Family><Descriptor><DescriptorCode>NSD_000016</DescriptorCode><DescriptorName>Паровой утюг</DescriptorName></Descriptor><Alphanumeric>GC2991/30</Alphanumeric><VersionElement1><VersionElementCode>V4004971</VersionElementCode><VersionElementName>2300 Вт</VersionElementName></VersionElement1><VersionElement2><VersionElementCode>V4043879</VersionElementCode><VersionElementName>Постоянная подача пара 40 г/мин</VersionElementName></VersionElement2><VersionElement3><VersionElementCode>V4043884</VersionElementCode><VersionElementName>Паровой удар 145 г</VersionElementName></VersionElement3><VersionElement4><VersionElementCode>V4013641</VersionElementCode><VersionElementName>Подошва SteamGlide</VersionElementName></VersionElement4><VersionString>2300 Вт, постоянная подача пара 40 г/мин, паровой удар 145 г, подошва SteamGlide</VersionString><BrandedFeatureString/><DescriptorBrandedFeatureString>Паровой утюг</DescriptorBrandedFeatureString></NamingString><WOW>Создан для работы, день за днем</WOW><SubWOW>С подошвой SteamGlide — служит в 4 раза дольше*</SubWOW><MarketingTextHeader>Чтобы результаты глажения радовали вас день за днем, необходим надежный утюг. Этот высококачественный утюг с подошвой SteamGlide, защищенной от царапин, и встроенной функцией очистки от накипи обеспечивает стабильную мощную подачу пара и долговечность.</MarketingTextHeader><KeyBenefitArea><KeyBenefitAreaCode>K4034044</KeyBenefitAreaCode><KeyBenefitAreaName>Быстрое и мощное разглаживание складок</KeyBenefitAreaName><KeyBenefitAreaRank>1</KeyBenefitAreaRank><Feature><FeatureCode>F400083107</FeatureCode><FeatureReferenceName>2300 W to heat up quickly-DV</FeatureReferenceName><FeatureName>2300 Вт для быстрого нагрева</FeatureName><FeatureLongDescription>2300 Вт для быстрого нагрева</FeatureLongDescription><FeatureGlossary>Обеспечивает быстрый нагрев и превосходные результаты.</FeatureGlossary><FeatureRank>1</FeatureRank><FeatureTopRank>1</FeatureTopRank></Feature><Feature><FeatureCode>F400083097</FeatureCode><FeatureReferenceName>Steam boost up to 145 g-DV</FeatureReferenceName><FeatureName>Паровой удар до 145 г</FeatureName><FeatureLongDescription>Паровой удар до 145 г для разглаживания жестких складок</FeatureLongDescription><FeatureGlossary>Пар проникает глубоко в ткань, чтобы легко разгладить жесткие складки.</FeatureGlossary><FeatureRank>2</FeatureRank><FeatureTopRank>2</FeatureTopRank></Feature><Feature><FeatureCode>F400083089</FeatureCode><FeatureReferenceName>Continuous steam up to 40g/min</FeatureReferenceName><FeatureName>Постоянная подача пара до 40 г/мин.</FeatureName><FeatureLongDescription>Подача пара до 40 г/мин для стабильной, эффективной работы</FeatureLongDescription><FeatureGlossary>Мощная и постоянная подача пара помогает быстрее разглаживать складки</FeatureGlossary><FeatureRank>3</FeatureRank><FeatureTopRank>3</FeatureTopRank></Feature><Feature><FeatureCode>F400083090</FeatureCode><FeatureReferenceName>Vertical steam-hang</FeatureReferenceName><FeatureName>Вертикальное отпаривание</FeatureName><FeatureLongDescription>Вертикальное отпаривание для удобного удаления складок</FeatureLongDescription><FeatureGlossary>Благодаря функции вертикального отпаривания вы можете придавать свежесть одежде, висящей на плечиках, и удалять складки на шторах. Гладильная доска не потребуется.</FeatureGlossary><FeatureRank>4</FeatureRank><FeatureTopRank>4</FeatureTopRank></Feature></KeyBenefitArea><KeyBenefitArea><KeyBenefitAreaCode>K4007527</KeyBenefitAreaCode><KeyBenefitAreaName>Долгий срок службы</KeyBenefitAreaName><KeyBenefitAreaRank>2</KeyBenefitAreaRank><Feature><FeatureCode>F400083092</FeatureCode><FeatureReferenceName>SteamGlide soleplate-resistance</FeatureReferenceName><FeatureName>Подошва SteamGlide</FeatureName><FeatureLongDescription>Подошва SteamGlide — великолепное скольжение и устойчивость к царапинам</FeatureLongDescription><FeatureGlossary>Уникальная подошва SteamGlide превосходно скользит по тканям любого типа. Прочное 5-слойное покрытие и основа из антикоррозийного материала обеспечивают долгий срок службы. Антипригарные свойства, устойчивость к царапинам и простая очистка.</FeatureGlossary><FeatureRank>1</FeatureRank><FeatureTopRank>5</FeatureTopRank></Feature><Feature><FeatureCode>F400083093</FeatureCode><FeatureReferenceName>Built-in calc-clean slider-long</FeatureReferenceName><FeatureName>Встроенный слайдер очистки от накипи</FeatureName><FeatureLongDescription>Встроенный слайдер очистки от накипи: оптимальная подача пара надолго</FeatureLongDescription><FeatureGlossary>Этот утюг можно использовать с обычной водопроводной водой. Функция очистки от накипи призвана бороться с известковым налетом, или накипью, чтобы поддерживать качество работы на высоте.</FeatureGlossary><FeatureRank>2</FeatureRank><FeatureTopRank>6</FeatureTopRank></Feature><Feature><FeatureCode>F400083094</FeatureCode><FeatureReferenceName>Quality-tested cord-safety</FeatureReferenceName><FeatureName>Качественный шнур</FeatureName><FeatureLongDescription>Шнур протестирован на максимальную надежность и безопасность</FeatureLongDescription><FeatureGlossary>Все шнуры наших паровых утюгов протестированы для обеспечения максимальной надежности и безопасности.</FeatureGlossary><FeatureRank>3</FeatureRank><FeatureTopRank>7</FeatureTopRank></Feature></KeyBenefitArea><KeyBenefitArea><KeyBenefitAreaCode>KBA_0000085</KeyBenefitAreaCode><KeyBenefitAreaName>Комфортное глажение</KeyBenefitAreaName><KeyBenefitAreaRank>3</KeyBenefitAreaRank><Feature><FeatureCode>F400083095</FeatureCode><FeatureReferenceName>No more messy dripping</FeatureReferenceName><FeatureName>Больше никакого протекания</FeatureName><FeatureLongDescription>Система "капля-стоп" предотвращает протекание воды на одежду во время глажения</FeatureLongDescription><FeatureGlossary>Благодаря нашей системе "капля-стоп" вы можете гладить деликатные ткани при низкой температуре, не беспокоясь о появлении пятен воды на одежде.</FeatureGlossary><FeatureRank>1</FeatureRank><FeatureTopRank>8</FeatureTopRank></Feature><Feature><FeatureCode>F400083096</FeatureCode><FeatureReferenceName>Comfortable handle</FeatureReferenceName><FeatureName>Удобная ручка</FeatureName><FeatureLongDescription>Удобная текстурированная ручка</FeatureLongDescription><FeatureGlossary>Текстурированная эргономичная ручка позволяет удобно держать утюг во время глажения так, чтобы рука не соскальзывала.</FeatureGlossary><FeatureRank>2</FeatureRank><FeatureTopRank>9</FeatureTopRank></Feature></KeyBenefitArea><FeatureImage><FeatureCode>F400083107</FeatureCode><FeatureReferenceName>2300 W to heat up quickly-DV</FeatureReferenceName><FeatureImageRank>1</FeatureImageRank></FeatureImage><FeatureImage><FeatureCode>F400083097</FeatureCode><FeatureReferenceName>Steam boost up to 145 g-DV</FeatureReferenceName><FeatureImageRank>2</FeatureImageRank></FeatureImage><FeatureImage><FeatureCode>F400083089</FeatureCode><FeatureReferenceName>Continuous steam up to 40g/min</FeatureReferenceName><FeatureImageRank>3</FeatureImageRank></FeatureImage><FeatureImage><FeatureCode>F400083090</FeatureCode><FeatureReferenceName>Vertical steam-hang</FeatureReferenceName><FeatureImageRank>4</FeatureImageRank></FeatureImage><FeatureImage><FeatureCode>F400083092</FeatureCode><FeatureReferenceName>SteamGlide soleplate-resistance</FeatureReferenceName><FeatureImageRank>5</FeatureImageRank></FeatureImage><FeatureImage><FeatureCode>F400083093</FeatureCode><FeatureReferenceName>Built-in calc-clean slider-long</FeatureReferenceName><FeatureImageRank>6</FeatureImageRank></FeatureImage><FeatureImage><FeatureCode>F400083094</FeatureCode><FeatureReferenceName>Quality-tested cord-safety</FeatureReferenceName><FeatureImageRank>7</FeatureImageRank></FeatureImage><FeatureImage><FeatureCode>F400083095</FeatureCode><FeatureReferenceName>No more messy dripping</FeatureReferenceName><FeatureImageRank>8</FeatureImageRank></FeatureImage><FeatureImage><FeatureCode>F400083096</FeatureCode><FeatureReferenceName>Comfortable handle</FeatureReferenceName><FeatureImageRank>9</FeatureImageRank></FeatureImage><FeatureHighlight><FeatureCode>F400083107</FeatureCode><FeatureReferenceName>2300 W to heat up quickly-DV</FeatureReferenceName><FeatureHighlightRank>1</FeatureHighlightRank></FeatureHighlight><FeatureHighlight><FeatureCode>F400083097</FeatureCode><FeatureReferenceName>Steam boost up to 145 g-DV</FeatureReferenceName><FeatureHighlightRank>2</FeatureHighlightRank></FeatureHighlight><FeatureHighlight><FeatureCode>F400083089</FeatureCode><FeatureReferenceName>Continuous steam up to 40g/min</FeatureReferenceName><FeatureHighlightRank>3</FeatureHighlightRank></FeatureHighlight><FeatureHighlight><FeatureCode>F400083090</FeatureCode><FeatureReferenceName>Vertical steam-hang</FeatureReferenceName><FeatureHighlightRank>4</FeatureHighlightRank></FeatureHighlight><FeatureHighlight><FeatureCode>F400083092</FeatureCode><FeatureReferenceName>SteamGlide soleplate-resistance</FeatureReferenceName><FeatureHighlightRank>5</FeatureHighlightRank></FeatureHighlight><FeatureHighlight><FeatureCode>F400083093</FeatureCode><FeatureReferenceName>Built-in calc-clean slider-long</FeatureReferenceName><FeatureHighlightRank>6</FeatureHighlightRank></FeatureHighlight><FeatureHighlight><FeatureCode>F400083094</FeatureCode><FeatureReferenceName>Quality-tested cord-safety</FeatureReferenceName><FeatureHighlightRank>7</FeatureHighlightRank></FeatureHighlight><FeatureHighlight><FeatureCode>F400083095</FeatureCode><FeatureReferenceName>No more messy dripping</FeatureReferenceName><FeatureHighlightRank>8</FeatureHighlightRank></FeatureHighlight><FeatureHighlight><FeatureCode>F400083096</FeatureCode><FeatureReferenceName>Comfortable handle</FeatureReferenceName><FeatureHighlightRank>9</FeatureHighlightRank></FeatureHighlight><CSChapter><CSChapterCode>CHA_0000026</CSChapterCode><CSChapterName>Легко использовать</CSChapterName><CSChapterRank>1</CSChapterRank><CSItem><CSItemCode>IT4040040</CSItemCode><CSItemName>Система "капля-стоп"</CSItemName><CSItemRank>1</CSItemRank><CSItemIsFreeFormat>0</CSItemIsFreeFormat><CSValue><CSValueCode>VA4093460</CSValueCode><CSValueName>Да</CSValueName><CSValueRank>1</CSValueRank></CSValue></CSItem><CSItem><CSItemCode>IT4015768</CSItemCode><CSItemName>Объем резервуара для воды</CSItemName><CSItemRank>2</CSItemRank><CSItemIsFreeFormat>1</CSItemIsFreeFormat><CSValue><CSValueCode>VA4031461</CSValueCode><CSValueName>320</CSValueName><CSValueRank>1</CSValueRank></CSValue><UnitOfMeasure><UnitOfMeasureCode>4000012</UnitOfMeasureCode><UnitOfMeasureName>мл</UnitOfMeasureName><UnitOfMeasureSymbol>мл</UnitOfMeasureSymbol></UnitOfMeasure></CSItem><CSItem><CSItemCode>IT4020774</CSItemCode><CSItemName>Большое отверстие для залива воды</CSItemName><CSItemRank>3</CSItemRank><CSItemIsFreeFormat>0</CSItemIsFreeFormat><CSValue><CSValueCode>VA4050543</CSValueCode><CSValueName>Да</CSValueName><CSValueRank>3</CSValueRank></CSValue></CSItem><CSItem><CSItemCode>IT4040058</CSItemCode><CSItemName>Устойчивое вертикальное положение</CSItemName><CSItemRank>4</CSItemRank><CSItemIsFreeFormat>0</CSItemIsFreeFormat><CSValue><CSValueCode>VA4093472</CSValueCode><CSValueName>Да</CSValueName><CSValueRank>6</CSValueRank></CSValue></CSItem><CSItem><CSItemCode>IT4040045</CSItemCode><CSItemName>Возможность использования водопроводной воды</CSItemName><CSItemRank>5</CSItemRank><CSItemIsFreeFormat>0</CSItemIsFreeFormat><CSValue><CSValueCode>VA4093464</CSValueCode><CSValueName>Да</CSValueName><CSValueRank>7</CSValueRank></CSValue></CSItem><CSItem><CSItemCode>IT4039948</CSItemCode><CSItemName>Название подошвы</CSItemName><CSItemRank>6</CSItemRank><CSItemIsFreeFormat>0</CSItemIsFreeFormat><CSValue><CSValueCode>VA4093329</CSValueCode><CSValueName>Подошва SteamGlide</CSValueName><CSValueRank>8</CSValueRank></CSValue></CSItem></CSChapter><CSChapter><CSChapterCode>CH4008281</CSChapterCode><CSChapterName>Быстрое разглаживание складок</CSChapterName><CSChapterRank>2</CSChapterRank><CSItem><CSItemCode>IT4039941</CSItemCode><CSItemName>Распыление воды</CSItemName><CSItemRank>1</CSItemRank><CSItemIsFreeFormat>0</CSItemIsFreeFormat><CSValue><CSValueCode>VA4093319</CSValueCode><CSValueName>Да</CSValueName><CSValueRank>4</CSValueRank></CSValue></CSItem><CSItem><CSItemCode>IT4039934</CSItemCode><CSItemName>Постоянная подача пара</CSItemName><CSItemRank>2</CSItemRank><CSItemIsFreeFormat>1</CSItemIsFreeFormat><CSValue><CSValueCode>VA4093311</CSValueCode><CSValueName>40</CSValueName><CSValueRank>1</CSValueRank></CSValue><UnitOfMeasure><UnitOfMeasureCode>4000018</UnitOfMeasureCode><UnitOfMeasureName>Грамм в минуту</UnitOfMeasureName><UnitOfMeasureSymbol>г/мин</UnitOfMeasureSymbol></UnitOfMeasure></CSItem><CSItem><CSItemCode>IT4039933</CSItemCode><CSItemName>Мощность</CSItemName><CSItemRank>3</CSItemRank><CSItemIsFreeFormat>1</CSItemIsFreeFormat><CSValue><CSValueCode>VA4093310</CSValueCode><CSValueName>2300</CSValueName><CSValueRank>1</CSValueRank></CSValue><UnitOfMeasure><UnitOfMeasureCode>3000072</UnitOfMeasureCode><UnitOfMeasureName>Ватт</UnitOfMeasureName><UnitOfMeasureSymbol>Вт</UnitOfMeasureSymbol></UnitOfMeasure></CSItem><CSItem><CSItemCode>IT4039935</CSItemCode><CSItemName>Паровой удар</CSItemName><CSItemRank>4</CSItemRank><CSItemIsFreeFormat>1</CSItemIsFreeFormat><CSValue><CSValueCode>VA4093312</CSValueCode><CSValueName>145</CSValueName><CSValueRank>1</CSValueRank></CSValue><UnitOfMeasure><UnitOfMeasureCode>4000006</UnitOfMeasureCode><UnitOfMeasureName>грамма</UnitOfMeasureName><UnitOfMeasureSymbol>г</UnitOfMeasureSymbol></UnitOfMeasure></CSItem></CSChapter><CSChapter><CSChapterCode>CH4008282</CSChapterCode><CSChapterName>Экологичность</CSChapterName><CSChapterRank>3</CSChapterRank><CSItem><CSItemCode>IT4039983</CSItemCode><CSItemName>Инструкция по эксплуатации</CSItemName><CSItemRank>1</CSItemRank><CSItemIsFreeFormat>0</CSItemIsFreeFormat><CSValue><CSValueCode>VA4093373</CSValueCode><CSValueName>из 100 % переработанной бумаги</CSValueName><CSValueRank>5</CSValueRank></CSValue></CSItem></CSChapter><CSChapter><CSChapterCode>CHA_0000075</CSChapterCode><CSChapterName>Гарантия</CSChapterName><CSChapterRank>4</CSChapterRank><CSItem><CSItemCode>IT4039992</CSItemCode><CSItemName>Международная гарантия 2 года</CSItemName><CSItemRank>1</CSItemRank><CSItemIsFreeFormat>0</CSItemIsFreeFormat><CSValue><CSValueCode>VA4093403</CSValueCode><CSValueName>Да</CSValueName><CSValueRank>2</CSValueRank></CSValue></CSItem></CSChapter><CSChapter><CSChapterCode>CH4008284</CSChapterCode><CSChapterName>Размер и вес</CSChapterName><CSChapterRank>5</CSChapterRank><CSItem><CSItemCode>IT4040000</CSItemCode><CSItemName>Размеры упаковки (Ш x В x Д)</CSItemName><CSItemRank>1</CSItemRank><CSItemIsFreeFormat>1</CSItemIsFreeFormat><CSValue><CSValueCode>VA4093411</CSValueCode><CSValueName>33,2 x 16,7 x 13,7</CSValueName><CSValueRank>1</CSValueRank></CSValue><UnitOfMeasure><UnitOfMeasureCode>3000039</UnitOfMeasureCode><UnitOfMeasureName>сантиметра</UnitOfMeasureName><UnitOfMeasureSymbol>см</UnitOfMeasureSymbol></UnitOfMeasure></CSItem><CSItem><CSItemCode>IT4039999</CSItemCode><CSItemName>Размеры изделия (Ш x В x Д)</CSItemName><CSItemRank>2</CSItemRank><CSItemIsFreeFormat>1</CSItemIsFreeFormat><CSValue><CSValueCode>VA4093410</CSValueCode><CSValueName>31,2 x 14,7 x 12,7</CSValueName><CSValueRank>1</CSValueRank></CSValue><UnitOfMeasure><UnitOfMeasureCode>3000039</UnitOfMeasureCode><UnitOfMeasureName>сантиметра</UnitOfMeasureName><UnitOfMeasureSymbol>см</UnitOfMeasureSymbol></UnitOfMeasure></CSItem><CSItem><CSItemCode>IT4039996</CSItemCode><CSItemName>Масса утюга</CSItemName><CSItemRank>3</CSItemRank><CSItemIsFreeFormat>1</CSItemIsFreeFormat><CSValue><CSValueCode>VA4093407</CSValueCode><CSValueName>1,255</CSValueName><CSValueRank>1</CSValueRank></CSValue><UnitOfMeasure><UnitOfMeasureCode>3000049</UnitOfMeasureCode><UnitOfMeasureName>(килограммы)</UnitOfMeasureName><UnitOfMeasureSymbol>кг</UnitOfMeasureSymbol></UnitOfMeasure></CSItem></CSChapter><CSChapter><CSChapterCode>CH4008283</CSChapterCode><CSChapterName>Очистка от накипи</CSChapterName><CSChapterRank>6</CSChapterRank><CSItem><CSItemCode>IT4039985</CSItemCode><CSItemName>Очистка от накипи и загрязнений</CSItemName><CSItemRank>1</CSItemRank><CSItemIsFreeFormat>0</CSItemIsFreeFormat><CSValue><CSValueCode>VA4098722</CSValueCode><CSValueName>Встроенный слайдер очистки от накипи</CSValueName><CSValueRank>9</CSValueRank></CSValue></CSItem></CSChapter><Filters><Purpose type="Comparison"><Features><Feature code="F400083107" rank="1" referenceName="2300 W to heat up quickly-DV"/><Feature code="F400083097" rank="2" referenceName="Steam boost up to 145 g-DV"/><Feature code="F400083089" rank="3" referenceName="Continuous steam up to 40g/min"/><Feature code="F400083090" rank="4" referenceName="Vertical steam-hang"/><Feature code="F400083092" rank="5" referenceName="SteamGlide soleplate-resistance"/><Feature code="F400083093" rank="6" referenceName="Built-in calc-clean slider-long"/><Feature code="F400083094" rank="7" referenceName="Quality-tested cord-safety"/><Feature code="F400083095" rank="8" referenceName="No more messy dripping"/><Feature code="F400083096" rank="9" referenceName="Comfortable handle"/></Features><CSItems><CSItem code="IT4040040" rank="1" referenceName="Легко использовать - Система &#34;капля-стоп&#34;"/><CSItem code="IT4039941" rank="1" referenceName="Быстрое разглаживание складок - Распыление воды"/><CSItem code="IT4039983" rank="1" referenceName="Экологичность - Инструкция по эксплуатации"/><CSItem code="IT4039992" rank="1" referenceName="Гарантия - Международная гарантия 2 года"/><CSItem code="IT4040000" rank="1" referenceName="Размер и вес - Размеры упаковки (Ш x В x Д)"/><CSItem code="IT4039985" rank="1" referenceName="Очистка от накипи - Очистка от накипи и загрязнений"/><CSItem code="IT4015768" rank="2" referenceName="Легко использовать - Объем резервуара для воды"/><CSItem code="IT4039934" rank="2" referenceName="Быстрое разглаживание складок - Постоянная подача пара"/><CSItem code="IT4039999" rank="2" referenceName="Размер и вес - Размеры изделия (Ш x В x Д)"/><CSItem code="IT4020774" rank="3" referenceName="Легко использовать - Большое отверстие для залива воды"/><CSItem code="IT4039933" rank="3" referenceName="Быстрое разглаживание складок - Мощность"/><CSItem code="IT4039996" rank="3" referenceName="Размер и вес - Масса утюга"/><CSItem code="IT4040058" rank="4" referenceName="Легко использовать - Устойчивое вертикальное положение"/><CSItem code="IT4039935" rank="4" referenceName="Быстрое разглаживание складок - Паровой удар"/><CSItem code="IT4040045" rank="5" referenceName="Легко использовать - Возможность использования водопроводной воды"/><CSItem code="IT4039948" rank="6" referenceName="Легко использовать - Название подошвы"/></CSItems></Purpose><Purpose type="Detail"><Features><Feature code="F400083107" rank="1" referenceName="2300 W to heat up quickly-DV"/><Feature code="F400083097" rank="2" referenceName="Steam boost up to 145 g-DV"/><Feature code="F400083089" rank="3" referenceName="Continuous steam up to 40g/min"/><Feature code="F400083090" rank="4" referenceName="Vertical steam-hang"/><Feature code="F400083092" rank="5" referenceName="SteamGlide soleplate-resistance"/><Feature code="F400083093" rank="6" referenceName="Built-in calc-clean slider-long"/><Feature code="F400083094" rank="7" referenceName="Quality-tested cord-safety"/><Feature code="F400083095" rank="8" referenceName="No more messy dripping"/><Feature code="F400083096" rank="9" referenceName="Comfortable handle"/></Features><CSItems><CSItem code="IT4040040" rank="1" referenceName="Легко использовать - Система &#34;капля-стоп&#34;"/><CSItem code="IT4039941" rank="1" referenceName="Быстрое разглаживание складок - Распыление воды"/><CSItem code="IT4039983" rank="1" referenceName="Экологичность - Инструкция по эксплуатации"/><CSItem code="IT4039992" rank="1" referenceName="Гарантия - Международная гарантия 2 года"/><CSItem code="IT4040000" rank="1" referenceName="Размер и вес - Размеры упаковки (Ш x В x Д)"/><CSItem code="IT4039985" rank="1" referenceName="Очистка от накипи - Очистка от накипи и загрязнений"/><CSItem code="IT4015768" rank="2" referenceName="Легко использовать - Объем резервуара для воды"/><CSItem code="IT4039934" rank="2" referenceName="Быстрое разглаживание складок - Постоянная подача пара"/><CSItem code="IT4039999" rank="2" referenceName="Размер и вес - Размеры изделия (Ш x В x Д)"/><CSItem code="IT4020774" rank="3" referenceName="Легко использовать - Большое отверстие для залива воды"/><CSItem code="IT4039933" rank="3" referenceName="Быстрое разглаживание складок - Мощность"/><CSItem code="IT4039996" rank="3" referenceName="Размер и вес - Масса утюга"/><CSItem code="IT4040058" rank="4" referenceName="Легко использовать - Устойчивое вертикальное положение"/><CSItem code="IT4039935" rank="4" referenceName="Быстрое разглаживание складок - Паровой удар"/><CSItem code="IT4040045" rank="5" referenceName="Легко использовать - Возможность использования водопроводной воды"/><CSItem code="IT4039948" rank="6" referenceName="Легко использовать - Название подошвы"/></CSItems></Purpose></Filters><FeatureCompareGroups/><Disclaimers><Disclaimer code="DIS40011126" rank="1" referenceName="Tested vs. Philips non-stick soleplate"><DisclaimerText>По сравнению с антипригарной подошвой Philips</DisclaimerText><DisclaimElements/></Disclaimer></Disclaimers><Award AwardType="global"><AwardCode>GA_GREEN</AwardCode><AwardName>Экологотип Philips</AwardName><AwardDescription>Экологичная продукция Philips поможет снизить расходы, потребление энергии и выбросы CO2. Каким образом? Она имеет отличные характеристики по ключевым параметрам экологической безопасности Philips — энергоэффективность, упаковка, отсутствие вредных веществ, вес, переработка и утилизация, надежность в течение всего срока службы.</AwardDescription><AwardText>Экологотип Philips</AwardText><AwardRank>3</AwardRank></Award><ProductReference ProductReferenceType="Accessory"><CTN>GC010/00</CTN><ProductReferenceRank>0</ProductReferenceRank></ProductReference><ProductReference ProductReferenceType="Accessory"><CTN>GC012/00</CTN><ProductReferenceRank>0</ProductReferenceRank></ProductReference><RichTexts/></Product></Products>