<?xml version="1.0" encoding="UTF-8"?><Products xmlns:source="http://apache.org/cocoon/source/1.0" DocStatus="approved" DocTimeStamp="2018-10-19T09:17:42"><Product Country="RU" IsAccessory="false" IsMaster="false" Locale="ru_RU" lastModified="2018-10-19T04:27:58" masterLastModified="2018-07-18T00:54:55"><CTN>800832766</CTN><Code12NC>915004892301</Code12NC><GTIN>6947830425525</GTIN><MarketingVersion>1.0.1</MarketingVersion><MarketingStatus>Final Published</MarketingStatus><CRDate>2016-03-11</CRDate><CRDateYW>201611</CRDateYW><ModelYears><ModelYear>2016</ModelYear></ModelYears><ProductDivision><ProductDivisionCode>0100</ProductDivisionCode><ProductDivisionName>Lighting</ProductDivisionName><FormerPDCode>0100</FormerPDCode></ProductDivision><ProductOwner>Yonglan Yi</ProductOwner><DTN>80083/27/66</DTN><Catalog><StartOfPublication>2016-04-11T00:00:00</StartOfPublication><EndOfPublication>2020-04-11T00:00:00</EndOfPublication><StartOfSales>2016-04-11T00:00:00</StartOfSales><EndOfSales>2020-04-11T00:00:00</EndOfSales><DummyPrice/><Deleted>false</Deleted><DeleteAfterDate/><ProductRank>50</ProductRank></Catalog><FinancialCategorization><BusinessGroupCode>9016</BusinessGroupCode><BusinessGroupName>LumiLeds</BusinessGroupName><BusinessUnitCode>9112</BusinessUnitCode><BusinessUnitName>General Illumination</BusinessUnitName><MainArticleGroupCode>K30</MainArticleGroupCode><MainArticleGroupName>Lighting CoB</MainArticleGroupName><ArticleGroupCode>9110</ArticleGroupCode><ArticleGroupName>LUXEON CoB 7606 CER</ArticleGroupName></FinancialCategorization><Categorization type="CONSUMER"><GroupCode>LIGHTING_GR</GroupCode><GroupName>Lighting</GroupName><CategoryCode>CHOOSE_YOUR_LUMINAIRE_CA</CategoryCode><CategoryName>Choose a fixture</CategoryName><SubcategoryCode>CONCEPT_FUNCTIONAL_SU</SubcategoryCode><SubcategoryName>Functional</SubcategoryName></Categorization><Assets><Asset code="800832766" description="User manual" extension="pdf" lastModified="2015-05-13" locale="ru_RU" number="001" type="DFU">http://download.p4c.philips.com/files/8/800832766/800832766_dfu_rus.pdf</Asset><Asset code="800832766" description="Leaflet" extension="pdf" lastModified="2017-05-16" locale="ru_RU" number="001" type="PSS">http://download.p4c.philips.com/files/8/800832766/800832766_pss_rusru.pdf</Asset><Asset code="800832766" description="Quick start guide" extension="pdf" lastModified="2015-05-13" locale="ru_RU" number="001" type="QSG">http://download.p4c.philips.com/files/8/800832766/800832766_qsg_rus.pdf</Asset><Asset code="800832766" description="Retail Trade Leaflet" extension="pdf" lastModified="2018-10-18" locale="ru_RU" number="001" type="RTL">http://download.p4c.philips.com/files/8/800832766/800832766_rtl_rusru.pdf</Asset><Asset code="800832766" description="Alternative product photograph 1 - highres 2196x1795" extension="tif" lastModified="2015-10-27" locale="global" number="001" type="A1P">http://images.philips.com/is/image/PhilipsConsumer/800832766-A1P-global-001</Asset><Asset code="800832766" description="Alternative product photograph 2 - highres 2196x1795" extension="tif" lastModified="2015-10-27" locale="global" number="001" type="A2P">http://images.philips.com/is/image/PhilipsConsumer/800832766-A2P-global-001</Asset><Asset code="800832766" description="Alternative product photograph 3 - highres 2196x1795" extension="tif" lastModified="2015-10-27" locale="global" number="001" type="A3P">http://images.philips.com/is/image/PhilipsConsumer/800832766-A3P-global-001</Asset><Asset code="800832766" description="Leaflet" extension="pdf" lastModified="2018-07-23" locale="global" number="001" type="PSS">http://download.p4c.philips.com/files/8/800832766/800832766_pss_.pdf</Asset><Asset code="800832766" description="Standard product photograph - highres 2196x1795" extension="tif" lastModified="2015-10-27" locale="global" number="001" type="RTP">http://images.philips.com/is/image/PhilipsConsumer/800832766-RTP-global-001</Asset><Asset code="800832766" description="Single product shot" extension="" lastModified="2018-10-19" locale="ru_RU" number="" type="IMS">http://images.philips.com/is/image/PhilipsConsumer/800832766-IMS-ru_RU</Asset><Asset code="800832766" description="Product gallery image set" extension="" lastModified="2018-10-19" locale="ru_RU" number="" type="GAL">http://images.philips.com/is/image/PhilipsConsumer/800832766-GAL-ru_RU</Asset><Asset code="800832766" description="Product URL" extension="" lastModified="2018-10-19" locale="ru_RU" number="" type="URL">http://www.philips.ru/c-p/800832766/recessed-spot-light</Asset><Asset code="F400025018" description="Feature photograph - highres 2100x1170" extension="tif" lastModified="2013-05-07" locale="global" number="001" type="FIL">http://images.philips.com/is/image/PhilipsConsumer/F400025018-FIL-global-001</Asset><Asset code="F400025020" description="Feature photograph - highres 2100x1170" extension="tif" lastModified="2014-05-27" locale="global" number="001" type="FIL">http://images.philips.com/is/image/PhilipsConsumer/F400025020-FIL-global-001</Asset><Asset code="F400032589" description="Feature photograph - highres 2100x1170" extension="tif" lastModified="2013-10-30" locale="global" number="001" type="FIL">http://images.philips.com/is/image/PhilipsConsumer/F400032589-FIL-global-001</Asset><Asset code="F400045559" description="Feature photograph - highres 2100x1170" extension="tif" lastModified="2013-05-07" locale="global" number="001" type="FIL">http://images.philips.com/is/image/PhilipsConsumer/F400045559-FIL-global-001</Asset><Asset code="PHI" description="Brand logo - highres 1476x886" extension="tif" lastModified="2016-02-18" locale="global" number="001" type="BRP">http://images.philips.com/is/image/PhilipsConsumer/PHI-BRP-global-001</Asset></Assets><ProductName>Серебристый, встраиваемый, акцентное, 80083, 4", 8 Вт, 27K</ProductName><FullProductName>Philips Встраиваемый светильник акцентного освещения 80083/27/66 80083, 4", 8 Вт, 27K, серебристый, светодиод</FullProductName><NamingString><MasterBrand><BrandCode>PHI</BrandCode><BrandName>Philips</BrandName></MasterBrand><BrandString>Philips</BrandString><Descriptor><DescriptorCode>PLM0830RSP</DescriptorCode><DescriptorName>Встраиваемый светильник акцентного освещения</DescriptorName></Descriptor><Alphanumeric>80083/27/66</Alphanumeric><VersionElement1><VersionElementCode>PLM0005394</VersionElementCode><VersionElementName>80083, 4", 8 Вт, 27K, серебристый</VersionElementName></VersionElement1><VersionElement2><VersionElementCode>PLM0183766</VersionElementCode><VersionElementName>серебристый</VersionElementName></VersionElement2><VersionElement3><VersionElementCode>PLM0814Y</VersionElementCode><VersionElementName>светодиодный</VersionElementName></VersionElement3><VersionString>80083, 4", 8 Вт, 27K, серебристый, светодиод</VersionString><BrandedFeatureString/><DescriptorBrandedFeatureString>Встраиваемый светильник акцентного освещения</DescriptorBrandedFeatureString></NamingString><WOW>Яркое освещение для каждого дома</WOW><MarketingTextHeader>Дополните интерьер своего дома светодиодным светильником Philips Essalu серебристого цвета, который излучает нисходящий поток света. Корпус светильника выполнен из качественного литого алюминия и украшен декоративным ободом. Светильник оснащен долговечной светодиодной лампой и высококачественным антибликовым рассеивателем света.</MarketingTextHeader><KeyBenefitArea><KeyBenefitAreaCode>K4011093</KeyBenefitAreaCode><KeyBenefitAreaName>Превосходное качество</KeyBenefitAreaName><KeyBenefitAreaRank>1</KeyBenefitAreaRank><Feature><FeatureCode>F400025018</FeatureCode><FeatureReferenceName>Premium materials (aluminum)</FeatureReferenceName><FeatureName>Высококачественные материалы</FeatureName><FeatureLongDescription>Литой алюминий: превосходный дизайн и высокое качество</FeatureLongDescription><FeatureRank>3</FeatureRank><FeatureTopRank>1</FeatureTopRank></Feature></KeyBenefitArea><KeyBenefitArea><KeyBenefitAreaCode>K4011091</KeyBenefitAreaCode><KeyBenefitAreaName>Энергосбережение</KeyBenefitAreaName><KeyBenefitAreaRank>2</KeyBenefitAreaRank><Feature><FeatureCode>F400025020</FeatureCode><FeatureReferenceName>Integrated LED light source</FeatureReferenceName><FeatureName>Встроенный светодиодный источник света</FeatureName><FeatureLongDescription>Встроенный светодиод является частью системы</FeatureLongDescription><FeatureGlossary>Надежный источник света. Благодаря встроенному светодиодному источнику света вы сможете наслаждаться превосходным освещением в доме и не беспокоиться об обслуживании и замене ламп.</FeatureGlossary><FeatureRank>4</FeatureRank><FeatureTopRank>2</FeatureTopRank></Feature></KeyBenefitArea><KeyBenefitArea><KeyBenefitAreaCode>K4004822</KeyBenefitAreaCode><KeyBenefitAreaName>Световой эффект</KeyBenefitAreaName><KeyBenefitAreaRank>3</KeyBenefitAreaRank><Feature><FeatureCode>F400032589</FeatureCode><FeatureReferenceName>Even light distribution</FeatureReferenceName><FeatureName>Равномерное распределение света</FeatureName><FeatureLongDescription>Равномерное распределение света</FeatureLongDescription><FeatureRank>1</FeatureRank><FeatureTopRank>3</FeatureTopRank></Feature></KeyBenefitArea><KeyBenefitArea><KeyBenefitAreaCode>K4005301</KeyBenefitAreaCode><KeyBenefitAreaName>Долгий срок службы</KeyBenefitAreaName><KeyBenefitAreaRank>4</KeyBenefitAreaRank><Feature><FeatureCode>F400045559</FeatureCode><FeatureReferenceName>Extremely long life 20,000 hours (LED)</FeatureReferenceName><FeatureName>Очень долгий срок службы</FeatureName><FeatureLongDescription>Невероятно долгий срок службы — 20 000 часов</FeatureLongDescription><FeatureGlossary>Надежный источник света. Светодиодные светильники Philips имеют невероятно большой срок службы, который составляет не менее 20 000 часов (что равнозначно в среднем 20 годам ежедневного использования светильника в течение 3 часов, при котором количество циклов включения/выключения составляет не менее 13 000). Вы сможете наслаждаться превосходным освещением в доме и не беспокоиться об обслуживании и замене ламп.</FeatureGlossary><FeatureRank>2</FeatureRank><FeatureTopRank>4</FeatureTopRank></Feature></KeyBenefitArea><FeatureImage><FeatureCode>F400025018</FeatureCode><FeatureReferenceName>Premium materials (aluminum)</FeatureReferenceName><FeatureImageRank>1</FeatureImageRank></FeatureImage><FeatureImage><FeatureCode>F400025020</FeatureCode><FeatureReferenceName>Integrated LED light source</FeatureReferenceName><FeatureImageRank>2</FeatureImageRank></FeatureImage><FeatureImage><FeatureCode>F400032589</FeatureCode><FeatureReferenceName>Even light distribution</FeatureReferenceName><FeatureImageRank>3</FeatureImageRank></FeatureImage><FeatureImage><FeatureCode>F400045559</FeatureCode><FeatureReferenceName>Extremely long life 20,000 hours (LED)</FeatureReferenceName><FeatureImageRank>4</FeatureImageRank></FeatureImage><FeatureHighlight><FeatureCode>F400025018</FeatureCode><FeatureReferenceName>Premium materials (aluminum)</FeatureReferenceName><FeatureHighlightRank>1</FeatureHighlightRank></FeatureHighlight><FeatureHighlight><FeatureCode>F400025020</FeatureCode><FeatureReferenceName>Integrated LED light source</FeatureReferenceName><FeatureHighlightRank>2</FeatureHighlightRank></FeatureHighlight><FeatureHighlight><FeatureCode>F400032589</FeatureCode><FeatureReferenceName>Even light distribution</FeatureReferenceName><FeatureHighlightRank>3</FeatureHighlightRank></FeatureHighlight><FeatureHighlight><FeatureCode>F400045559</FeatureCode><FeatureReferenceName>Extremely long life 20,000 hours (LED)</FeatureReferenceName><FeatureHighlightRank>4</FeatureHighlightRank></FeatureHighlight><CSChapter><CSChapterCode>PLMCHP010</CSChapterCode><CSChapterName>Дизайн и отделка</CSChapterName><CSChapterRank>10</CSChapterRank><CSItem><CSItemCode>PLMITM010001</CSItemCode><CSItemName>Материал</CSItemName><CSItemRank>1</CSItemRank><CSItemIsFreeFormat>0</CSItemIsFreeFormat><CSValue><CSValueCode>PLMATR0105AL</CSValueCode><CSValueName>алюминиевый</CSValueName><CSValueRank>1</CSValueRank></CSValue></CSItem><CSItem><CSItemCode>PLMITM010002</CSItemCode><CSItemName>цвет</CSItemName><CSItemRank>2</CSItemRank><CSItemIsFreeFormat>0</CSItemIsFreeFormat><CSValue><CSValueCode>PLMATR0183766</CSValueCode><CSValueName>серебристый</CSValueName><CSValueRank>1</CSValueRank></CSValue></CSItem></CSChapter><CSChapter><CSChapterCode>PLMCHP020</CSChapterCode><CSChapterName>Дополнительные функции/аксессуары в комплекте</CSChapterName><CSChapterRank>20</CSChapterRank><CSItem><CSItemCode>PLMITM0776FX006</CSItemCode><CSItemName>Встроенные светодиоды</CSItemName><CSItemRank>4</CSItemRank><CSItemIsFreeFormat>0</CSItemIsFreeFormat><CSValue><CSValueCode>PLMATR0776FX006YES</CSValueCode><CSValueName>ДА</CSValueName><CSValueRank>1</CSValueRank></CSValue></CSItem><CSItem><CSItemCode>PLMITM0776FX011</CSItemCode><CSItemName>Эффект рассеянного света</CSItemName><CSItemRank>5</CSItemRank><CSItemIsFreeFormat>0</CSItemIsFreeFormat><CSValue><CSValueCode>PLMATR0776FX011YES</CSValueCode><CSValueName>ДА</CSValueName><CSValueRank>1</CSValueRank></CSValue></CSItem><CSItem><CSItemCode>PLMITM0776FX043</CSItemCode><CSItemName>Высококачественные прочные материалы</CSItemName><CSItemRank>6</CSItemRank><CSItemIsFreeFormat>0</CSItemIsFreeFormat><CSValue><CSValueCode>PLMATR0776FX043YES</CSValueCode><CSValueName>ДА</CSValueName><CSValueRank>1</CSValueRank></CSValue></CSItem><CSItem><CSItemCode>PLMITM0776FX055</CSItemCode><CSItemName>Наличие фотометрических данных</CSItemName><CSItemRank>7</CSItemRank><CSItemIsFreeFormat>0</CSItemIsFreeFormat><CSValue><CSValueCode>PLMATR0776FX055YES</CSValueCode><CSValueName>ДА</CSValueName><CSValueRank>1</CSValueRank></CSValue></CSItem><CSItem><CSItemCode>PLMITM0776FX020</CSItemCode><CSItemName>Защитный чехол в комплекте</CSItemName><CSItemRank>9</CSItemRank><CSItemIsFreeFormat>0</CSItemIsFreeFormat><CSValue><CSValueCode>PLMATR0776FX020YES</CSValueCode><CSValueName>ДА</CSValueName><CSValueRank>1</CSValueRank></CSValue></CSItem></CSChapter><CSChapter><CSChapterCode>PLMCHP030</CSChapterCode><CSChapterName>Размеры и вес изделия</CSChapterName><CSChapterRank>30</CSChapterRank><CSItem><CSItemCode>PLMITM030004</CSItemCode><CSItemName>Длина</CSItemName><CSItemRank>4</CSItemRank><CSItemIsFreeFormat>1</CSItemIsFreeFormat><CSValue><CSValueCode>VA4042309</CSValueCode><CSValueName>13,9</CSValueName><CSValueRank>1</CSValueRank></CSValue><UnitOfMeasure><UnitOfMeasureCode>3000039</UnitOfMeasureCode><UnitOfMeasureName>сантиметра</UnitOfMeasureName><UnitOfMeasureSymbol>см</UnitOfMeasureSymbol></UnitOfMeasure></CSItem><CSItem><CSItemCode>PLMITM030005</CSItemCode><CSItemName>ширина</CSItemName><CSItemRank>5</CSItemRank><CSItemIsFreeFormat>1</CSItemIsFreeFormat><CSValue><CSValueCode>VA4042311</CSValueCode><CSValueName>7,7</CSValueName><CSValueRank>1</CSValueRank></CSValue><UnitOfMeasure><UnitOfMeasureCode>3000039</UnitOfMeasureCode><UnitOfMeasureName>сантиметра</UnitOfMeasureName><UnitOfMeasureSymbol>см</UnitOfMeasureSymbol></UnitOfMeasure></CSItem><CSItem><CSItemCode>PLMITM030006</CSItemCode><CSItemName>Вес нетто</CSItemName><CSItemRank>6</CSItemRank><CSItemIsFreeFormat>1</CSItemIsFreeFormat><CSValue><CSValueCode>VA4042308</CSValueCode><CSValueName>0,230</CSValueName><CSValueRank>1</CSValueRank></CSValue><UnitOfMeasure><UnitOfMeasureCode>3000049</UnitOfMeasureCode><UnitOfMeasureName>(килограммы)</UnitOfMeasureName><UnitOfMeasureSymbol>кг</UnitOfMeasureSymbol></UnitOfMeasure></CSItem><CSItem><CSItemCode>PLMITM030007</CSItemCode><CSItemName>Глубина встраивания</CSItemName><CSItemRank>7</CSItemRank><CSItemIsFreeFormat>1</CSItemIsFreeFormat><CSValue><CSValueCode>VA4042341</CSValueCode><CSValueName>8,0</CSValueName><CSValueRank>1</CSValueRank></CSValue><UnitOfMeasure><UnitOfMeasureCode>3000039</UnitOfMeasureCode><UnitOfMeasureName>сантиметра</UnitOfMeasureName><UnitOfMeasureSymbol>см</UnitOfMeasureSymbol></UnitOfMeasure></CSItem><CSItem><CSItemCode>PLMITM030008</CSItemCode><CSItemName>Габаритная длина</CSItemName><CSItemRank>8</CSItemRank><CSItemIsFreeFormat>1</CSItemIsFreeFormat><CSValue><CSValueCode>VA4042326</CSValueCode><CSValueName>12,5</CSValueName><CSValueRank>1</CSValueRank></CSValue><UnitOfMeasure><UnitOfMeasureCode>3000039</UnitOfMeasureCode><UnitOfMeasureName>сантиметра</UnitOfMeasureName><UnitOfMeasureSymbol>см</UnitOfMeasureSymbol></UnitOfMeasure></CSItem><CSItem><CSItemCode>PLMITM030009</CSItemCode><CSItemName>Габаритная ширина</CSItemName><CSItemRank>9</CSItemRank><CSItemIsFreeFormat>1</CSItemIsFreeFormat><CSValue><CSValueCode>VA4042336</CSValueCode><CSValueName>12,5</CSValueName><CSValueRank>1</CSValueRank></CSValue><UnitOfMeasure><UnitOfMeasureCode>3000039</UnitOfMeasureCode><UnitOfMeasureName>сантиметра</UnitOfMeasureName><UnitOfMeasureSymbol>см</UnitOfMeasureSymbol></UnitOfMeasure></CSItem></CSChapter><CSChapter><CSChapterCode>PLMCHP040</CSChapterCode><CSChapterName>Технические характеристики</CSChapterName><CSChapterRank>40</CSChapterRank><CSItem><CSItemCode>PLMITM040001</CSItemCode><CSItemName>Электропитание</CSItemName><CSItemRank>1</CSItemRank><CSItemIsFreeFormat>0</CSItemIsFreeFormat><CSValue><CSValueCode>PLMATR0719100-240</CSValueCode><CSValueName>Диапазон 100 В — 240 В</CSValueName><CSValueRank>1</CSValueRank></CSValue><CSValue><CSValueCode>PLMATR067350/60HZ</CSValueCode><CSValueName>50–60 Гц</CSValueName><CSValueRank>2</CSValueRank></CSValue></CSItem><CSItem><CSItemCode>PLMITM040002</CSItemCode><CSItemName>Технология производства ламп</CSItemName><CSItemRank>2</CSItemRank><CSItemIsFreeFormat>0</CSItemIsFreeFormat><CSValue><CSValueCode>PLMATRBOIBULB10131LED</CSValueCode><CSValueName>светодиодный</CSValueName><CSValueRank>1</CSValueRank></CSValue><CSValue><CSValueCode>PLMATR0329230</CSValueCode><CSValueName>230 В</CSValueName><CSValueRank>2</CSValueRank></CSValue></CSItem><CSItem><CSItemCode>PLMITM040003</CSItemCode><CSItemName>Количество ламп</CSItemName><CSItemRank>3</CSItemRank><CSItemIsFreeFormat>1</CSItemIsFreeFormat><CSValue><CSValueCode>VA4042306</CSValueCode><CSValueName>32</CSValueName><CSValueRank>1</CSValueRank></CSValue></CSItem><CSItem><CSItemCode>PLMITM040005</CSItemCode><CSItemName>Мощность лампы, поставляемой в комплекте</CSItemName><CSItemRank>5</CSItemRank><CSItemIsFreeFormat>0</CSItemIsFreeFormat><CSValue><CSValueCode>PLMATR04600_5</CSValueCode><CSValueName>0,5 Вт</CSValueName><CSValueRank>1</CSValueRank></CSValue></CSItem><CSItem><CSItemCode>PLMITM040006</CSItemCode><CSItemName>Максимальная мощность сменной лампы</CSItemName><CSItemRank>6</CSItemRank><CSItemIsFreeFormat>0</CSItemIsFreeFormat><CSValue><CSValueCode>PLMATR03330_5</CSValueCode><CSValueName>0,5 Вт</CSValueName><CSValueRank>1</CSValueRank></CSValue></CSItem><CSItem><CSItemCode>PLMITM040007</CSItemCode><CSItemName>Цветовая температура</CSItemName><CSItemRank>7</CSItemRank><CSItemIsFreeFormat>0</CSItemIsFreeFormat><CSValue><CSValueCode>PLMATRBOIBULB106242700_K</CSValueCode><CSValueName>Теплый белый</CSValueName><CSValueRank>1</CSValueRank></CSValue></CSItem><CSItem><CSItemCode>PLMITM0400013</CSItemCode><CSItemName>Светильник с регулируемой яркостью</CSItemName><CSItemRank>13</CSItemRank><CSItemIsFreeFormat>0</CSItemIsFreeFormat><CSValue><CSValueCode>PLMATR1075N</CSValueCode><CSValueName>нет</CSValueName><CSValueRank>1</CSValueRank></CSValue></CSItem><CSItem><CSItemCode>PLMITM0400014</CSItemCode><CSItemName>светодиодный</CSItemName><CSItemRank>14</CSItemRank><CSItemIsFreeFormat>0</CSItemIsFreeFormat><CSValue><CSValueCode>PLMATR0814Y</CSValueCode><CSValueName>Да</CSValueName><CSValueRank>1</CSValueRank></CSValue></CSItem><CSItem><CSItemCode>PLMITM0400015</CSItemCode><CSItemName>Встроенный светодиод</CSItemName><CSItemRank>15</CSItemRank><CSItemIsFreeFormat>0</CSItemIsFreeFormat><CSValue><CSValueCode>PLMATR1095EEL09-3</CSValueCode><CSValueName>ДА</CSValueName><CSValueRank>1</CSValueRank></CSValue></CSItem><CSItem><CSItemCode>PLMITM040026</CSItemCode><CSItemName>Код IP</CSItemName><CSItemRank>26</CSItemRank><CSItemIsFreeFormat>0</CSItemIsFreeFormat><CSValue><CSValueCode>PLMATR0290IP20</CSValueCode><CSValueName>IP20</CSValueName><CSValueRank>1</CSValueRank></CSValue><CSValue><CSValueCode>PLMATR0290IP20-2</CSValueCode><CSValueName>защита от предметов размером более 12,5 мм</CSValueName><CSValueRank>2</CSValueRank></CSValue><CSValue><CSValueCode>PLMATR0290IP20-3</CSValueCode><CSValueName>защита от попадания воды отсутствует</CSValueName><CSValueRank>3</CSValueRank></CSValue></CSItem><CSItem><CSItemCode>PLMITM040027</CSItemCode><CSItemName>Класс защиты</CSItemName><CSItemRank>27</CSItemRank><CSItemIsFreeFormat>0</CSItemIsFreeFormat><CSValue><CSValueCode>PLMATR0289II</CSValueCode><CSValueName>II – двойная изоляция</CSValueName><CSValueRank>1</CSValueRank></CSValue></CSItem></CSChapter><CSChapter><CSChapterCode>PLMCHP050</CSChapterCode><CSChapterName>Обслуживание</CSChapterName><CSChapterRank>50</CSChapterRank><CSItem><CSItemCode>PLMITM050001</CSItemCode><CSItemName>Гарантия</CSItemName><CSItemRank>1</CSItemRank><CSItemIsFreeFormat>0</CSItemIsFreeFormat><CSValue><CSValueCode>PLMATR02981</CSValueCode><CSValueName>1 год</CSValueName><CSValueRank>1</CSValueRank></CSValue></CSItem></CSChapter><CSChapter><CSChapterCode>PLMCHP060</CSChapterCode><CSChapterName>Размеры и вес упаковки</CSChapterName><CSChapterRank>60</CSChapterRank><CSItem><CSItemCode>PLMITM060001</CSItemCode><CSItemName>высота</CSItemName><CSItemRank>1</CSItemRank><CSItemIsFreeFormat>1</CSItemIsFreeFormat><CSValue><CSValueCode>VA4042312</CSValueCode><CSValueName>14,8</CSValueName><CSValueRank>1</CSValueRank></CSValue><UnitOfMeasure><UnitOfMeasureCode>3000039</UnitOfMeasureCode><UnitOfMeasureName>сантиметра</UnitOfMeasureName><UnitOfMeasureSymbol>см</UnitOfMeasureSymbol></UnitOfMeasure></CSItem><CSItem><CSItemCode>PLMITM060002</CSItemCode><CSItemName>Длина</CSItemName><CSItemRank>2</CSItemRank><CSItemIsFreeFormat>1</CSItemIsFreeFormat><CSValue><CSValueCode>VA4042313</CSValueCode><CSValueName>14,3</CSValueName><CSValueRank>1</CSValueRank></CSValue><UnitOfMeasure><UnitOfMeasureCode>3000039</UnitOfMeasureCode><UnitOfMeasureName>сантиметра</UnitOfMeasureName><UnitOfMeasureSymbol>см</UnitOfMeasureSymbol></UnitOfMeasure></CSItem><CSItem><CSItemCode>PLMITM060003</CSItemCode><CSItemName>ширина</CSItemName><CSItemRank>3</CSItemRank><CSItemIsFreeFormat>1</CSItemIsFreeFormat><CSValue><CSValueCode>VA4042307</CSValueCode><CSValueName>8,5</CSValueName><CSValueRank>1</CSValueRank></CSValue><UnitOfMeasure><UnitOfMeasureCode>3000039</UnitOfMeasureCode><UnitOfMeasureName>сантиметра</UnitOfMeasureName><UnitOfMeasureSymbol>см</UnitOfMeasureSymbol></UnitOfMeasure></CSItem><CSItem><CSItemCode>PLMITM060004</CSItemCode><CSItemName>Вес</CSItemName><CSItemRank>4</CSItemRank><CSItemIsFreeFormat>1</CSItemIsFreeFormat><CSValue><CSValueCode>VA4042304</CSValueCode><CSValueName>0,297</CSValueName><CSValueRank>1</CSValueRank></CSValue><UnitOfMeasure><UnitOfMeasureCode>3000049</UnitOfMeasureCode><UnitOfMeasureName>(килограммы)</UnitOfMeasureName><UnitOfMeasureSymbol>кг</UnitOfMeasureSymbol></UnitOfMeasure></CSItem></CSChapter><CSChapter><CSChapterCode>PLMCHP070</CSChapterCode><CSChapterName>Прочее</CSChapterName><CSChapterRank>70</CSChapterRank><CSItem><CSItemCode>PLMITM070001</CSItemCode><CSItemName>Специально созданы для</CSItemName><CSItemRank>1</CSItemRank><CSItemIsFreeFormat>0</CSItemIsFreeFormat><CSValue><CSValueCode>PLMATR0970L_B</CSValueCode><CSValueName>Гостиная и спальня</CSValueName><CSValueRank>1</CSValueRank></CSValue></CSItem><CSItem><CSItemCode>PLMITM070002</CSItemCode><CSItemName>Стиль</CSItemName><CSItemRank>2</CSItemRank><CSItemIsFreeFormat>0</CSItemIsFreeFormat><CSValue><CSValueCode>PLMATR0628FUNCTIONAL</CSValueCode><CSValueName>Работа</CSValueName><CSValueRank>1</CSValueRank></CSValue></CSItem><CSItem><CSItemCode>PLMITM070003</CSItemCode><CSItemName>Тип</CSItemName><CSItemRank>3</CSItemRank><CSItemIsFreeFormat>0</CSItemIsFreeFormat><CSValue><CSValueCode>PLMATR0830RSPOT</CSValueCode><CSValueName>Встраиваемый светильник акцентного освещения</CSValueName><CSValueRank>1</CSValueRank></CSValue></CSItem></CSChapter><Filters><Purpose type="Comparison"><Features><Feature code="F400025018" rank="1" referenceName="Premium materials (aluminum)"/><Feature code="F400025020" rank="2" referenceName="Integrated LED light source"/><Feature code="F400032589" rank="3" referenceName="Even light distribution"/><Feature code="F400045559" rank="4" referenceName="Extremely long life 20,000 hours (LED)"/></Features><CSItems><CSItem code="PLMITM010001" rank="1" referenceName="Дизайн и отделка - Материал"/><CSItem code="PLMITM040001" rank="1" referenceName="Технические характеристики - Электропитание"/><CSItem code="PLMITM050001" rank="1" referenceName="Обслуживание - Гарантия"/><CSItem code="PLMITM060001" rank="1" referenceName="Размеры и вес упаковки - высота"/><CSItem code="PLMITM070001" rank="1" referenceName="Прочее - Специально созданы для"/><CSItem code="PLMITM010002" rank="2" referenceName="Дизайн и отделка - цвет"/><CSItem code="PLMITM040002" rank="2" referenceName="Технические характеристики - Технология производства ламп"/><CSItem code="PLMITM060002" rank="2" referenceName="Размеры и вес упаковки - Длина"/><CSItem code="PLMITM070002" rank="2" referenceName="Прочее - Стиль"/><CSItem code="PLMITM040003" rank="3" referenceName="Технические характеристики - Количество ламп"/><CSItem code="PLMITM060003" rank="3" referenceName="Размеры и вес упаковки - ширина"/><CSItem code="PLMITM070003" rank="3" referenceName="Прочее - Тип"/><CSItem code="PLMITM0776FX006" rank="4" referenceName="Дополнительные функции/аксессуары в комплекте - Встроенные светодиоды"/><CSItem code="PLMITM030004" rank="4" referenceName="Размеры и вес изделия - Длина"/><CSItem code="PLMITM060004" rank="4" referenceName="Размеры и вес упаковки - Вес"/><CSItem code="PLMITM0776FX011" rank="5" referenceName="Дополнительные функции/аксессуары в комплекте - Эффект рассеянного света"/><CSItem code="PLMITM030005" rank="5" referenceName="Размеры и вес изделия - ширина"/><CSItem code="PLMITM040005" rank="5" referenceName="Технические характеристики - Мощность лампы, поставляемой в комплекте"/><CSItem code="PLMITM0776FX043" rank="6" referenceName="Дополнительные функции/аксессуары в комплекте - Высококачественные прочные материалы"/><CSItem code="PLMITM030006" rank="6" referenceName="Размеры и вес изделия - Вес нетто"/><CSItem code="PLMITM040006" rank="6" referenceName="Технические характеристики - Максимальная мощность сменной лампы"/><CSItem code="PLMITM0776FX055" rank="7" referenceName="Дополнительные функции/аксессуары в комплекте - Наличие фотометрических данных"/><CSItem code="PLMITM030007" rank="7" referenceName="Размеры и вес изделия - Глубина встраивания"/><CSItem code="PLMITM040007" rank="7" referenceName="Технические характеристики - Цветовая температура"/><CSItem code="PLMITM030008" rank="8" referenceName="Размеры и вес изделия - Габаритная длина"/><CSItem code="PLMITM0776FX020" rank="9" referenceName="Дополнительные функции/аксессуары в комплекте - Защитный чехол в комплекте"/><CSItem code="PLMITM030009" rank="9" referenceName="Размеры и вес изделия - Габаритная ширина"/><CSItem code="PLMITM0400013" rank="13" referenceName="Технические характеристики - Светильник с регулируемой яркостью"/><CSItem code="PLMITM0400014" rank="14" referenceName="Технические характеристики - светодиодный"/><CSItem code="PLMITM0400015" rank="15" referenceName="Технические характеристики - Встроенный светодиод"/><CSItem code="PLMITM040026" rank="26" referenceName="Технические характеристики - Код IP"/><CSItem code="PLMITM040027" rank="27" referenceName="Технические характеристики - Класс защиты"/></CSItems></Purpose><Purpose type="Detail"><Features><Feature code="F400025018" rank="1" referenceName="Premium materials (aluminum)"/><Feature code="F400025020" rank="2" referenceName="Integrated LED light source"/><Feature code="F400032589" rank="3" referenceName="Even light distribution"/><Feature code="F400045559" rank="4" referenceName="Extremely long life 20,000 hours (LED)"/></Features><CSItems><CSItem code="PLMITM010001" rank="1" referenceName="Дизайн и отделка - Материал"/><CSItem code="PLMITM040001" rank="1" referenceName="Технические характеристики - Электропитание"/><CSItem code="PLMITM050001" rank="1" referenceName="Обслуживание - Гарантия"/><CSItem code="PLMITM060001" rank="1" referenceName="Размеры и вес упаковки - высота"/><CSItem code="PLMITM070001" rank="1" referenceName="Прочее - Специально созданы для"/><CSItem code="PLMITM010002" rank="2" referenceName="Дизайн и отделка - цвет"/><CSItem code="PLMITM040002" rank="2" referenceName="Технические характеристики - Технология производства ламп"/><CSItem code="PLMITM060002" rank="2" referenceName="Размеры и вес упаковки - Длина"/><CSItem code="PLMITM070002" rank="2" referenceName="Прочее - Стиль"/><CSItem code="PLMITM040003" rank="3" referenceName="Технические характеристики - Количество ламп"/><CSItem code="PLMITM060003" rank="3" referenceName="Размеры и вес упаковки - ширина"/><CSItem code="PLMITM070003" rank="3" referenceName="Прочее - Тип"/><CSItem code="PLMITM0776FX006" rank="4" referenceName="Дополнительные функции/аксессуары в комплекте - Встроенные светодиоды"/><CSItem code="PLMITM030004" rank="4" referenceName="Размеры и вес изделия - Длина"/><CSItem code="PLMITM060004" rank="4" referenceName="Размеры и вес упаковки - Вес"/><CSItem code="PLMITM0776FX011" rank="5" referenceName="Дополнительные функции/аксессуары в комплекте - Эффект рассеянного света"/><CSItem code="PLMITM030005" rank="5" referenceName="Размеры и вес изделия - ширина"/><CSItem code="PLMITM040005" rank="5" referenceName="Технические характеристики - Мощность лампы, поставляемой в комплекте"/><CSItem code="PLMITM0776FX043" rank="6" referenceName="Дополнительные функции/аксессуары в комплекте - Высококачественные прочные материалы"/><CSItem code="PLMITM030006" rank="6" referenceName="Размеры и вес изделия - Вес нетто"/><CSItem code="PLMITM040006" rank="6" referenceName="Технические характеристики - Максимальная мощность сменной лампы"/><CSItem code="PLMITM0776FX055" rank="7" referenceName="Дополнительные функции/аксессуары в комплекте - Наличие фотометрических данных"/><CSItem code="PLMITM030007" rank="7" referenceName="Размеры и вес изделия - Глубина встраивания"/><CSItem code="PLMITM040007" rank="7" referenceName="Технические характеристики - Цветовая температура"/><CSItem code="PLMITM030008" rank="8" referenceName="Размеры и вес изделия - Габаритная длина"/><CSItem code="PLMITM0776FX020" rank="9" referenceName="Дополнительные функции/аксессуары в комплекте - Защитный чехол в комплекте"/><CSItem code="PLMITM030009" rank="9" referenceName="Размеры и вес изделия - Габаритная ширина"/><CSItem code="PLMITM0400013" rank="13" referenceName="Технические характеристики - Светильник с регулируемой яркостью"/><CSItem code="PLMITM0400014" rank="14" referenceName="Технические характеристики - светодиодный"/><CSItem code="PLMITM0400015" rank="15" referenceName="Технические характеристики - Встроенный светодиод"/><CSItem code="PLMITM040026" rank="26" referenceName="Технические характеристики - Код IP"/><CSItem code="PLMITM040027" rank="27" referenceName="Технические характеристики - Класс защиты"/></CSItems></Purpose></Filters><FeatureCompareGroups/><Disclaimers/><RichTexts/></Product></Products>