<?xml version="1.0" encoding="UTF-8"?><Products xmlns:source="http://apache.org/cocoon/source/1.0" DocStatus="approved" DocTimeStamp="2018-10-19T09:17:42"><Product Country="RU" IsAccessory="false" IsMaster="false" Locale="ru_RU" lastModified="2018-10-19T04:27:58" masterLastModified="2018-10-10T00:27:34"><CTN>FC6163/02</CTN><GTIN/><MarketingVersion>1.0.1</MarketingVersion><MarketingStatus>Final Published</MarketingStatus><CRDate>2018-06-22</CRDate><CRDateYW>201825</CRDateYW><ModelYears><ModelYear>2018</ModelYear></ModelYears><ProductDivision><ProductDivisionCode>0200</ProductDivisionCode><ProductDivisionName>Consumer Lifestyle</ProductDivisionName><FormerPDCode>0300</FormerPDCode></ProductDivision><ProductOwner>Functional Assetteam</ProductOwner><DTN>FC6163/02</DTN><Catalog><StartOfPublication>2018-10-22T00:00:00</StartOfPublication><EndOfPublication>2022-07-22T00:00:00</EndOfPublication><StartOfSales>2018-10-22T00:00:00</StartOfSales><EndOfSales>2022-07-22T00:00:00</EndOfSales><DummyPrice/><Deleted>false</Deleted><DeleteAfterDate/><ProductRank>50</ProductRank></Catalog><FinancialCategorization><BusinessGroupCode>9042</BusinessGroupCode><BusinessGroupName>Domestic Appliances</BusinessGroupName><BusinessUnitCode>0351</BusinessUnitCode><BusinessUnitName>Floor Care</BusinessUnitName><MainArticleGroupCode>F72</MainArticleGroupCode><MainArticleGroupName>Flexible Cleaning</MainArticleGroupName><ArticleGroupCode>4376</ArticleGroupCode><ArticleGroupName>Sticks rechargeable</ArticleGroupName></FinancialCategorization><Categorization type="CONSUMER"><GroupCode>HOUSEHOLD_PRODUCTS_GR</GroupCode><GroupName>Household products</GroupName><CategoryCode>VACUUM_CLEANERS_CA</CategoryCode><CategoryName>Vacuum Cleaners</CategoryName><SubcategoryCode>STICK_VACUUM_CLEANERS_SU</SubcategoryCode><SubcategoryName>Stick vacuum cleaner</SubcategoryName></Categorization><Assets><Asset code="FC6163_02" description="Front product photograph - highres 2196x1795" extension="tif" lastModified="2018-06-22" locale="global" number="001" type="_FP">http://images.philips.com/is/image/PhilipsConsumer/FC6163_02-_FP-global-001</Asset><Asset code="FC6163_02" description="Alternative product photograph 1 - highres 2196x1795" extension="tif" lastModified="2018-06-22" locale="global" number="001" type="A1P">http://images.philips.com/is/image/PhilipsConsumer/FC6163_02-A1P-global-001</Asset><Asset code="FC6163_02" description="Alternative product photograph 2 - highres 2196x1795" extension="tif" lastModified="2018-06-22" locale="global" number="001" type="A2P">http://images.philips.com/is/image/PhilipsConsumer/FC6163_02-A2P-global-001</Asset><Asset code="FC6163_02" description="Alternative product photograph 3 - highres 2196x1795" extension="tif" lastModified="2018-06-22" locale="global" number="001" type="A3P">http://images.philips.com/is/image/PhilipsConsumer/FC6163_02-A3P-global-001</Asset><Asset code="FC6163_02" description="Product detail 1 - highres 2196x1795" extension="tif" lastModified="2018-06-22" locale="global" number="001" type="D1P">http://images.philips.com/is/image/PhilipsConsumer/FC6163_02-D1P-global-001</Asset><Asset code="FC6163_02" description="Product detail 2 - highres 2196x1795" extension="tif" lastModified="2018-06-22" locale="global" number="001" type="D2P">http://images.philips.com/is/image/PhilipsConsumer/FC6163_02-D2P-global-001</Asset><Asset code="FC6163_02" description="Product detail 3 - highres 2196x1795" extension="tif" lastModified="2018-06-22" locale="global" number="001" type="D3P">http://images.philips.com/is/image/PhilipsConsumer/FC6163_02-D3P-global-001</Asset><Asset code="FC6163_02" description="Leaflet" extension="pdf" lastModified="2018-06-27" locale="global" number="001" type="PSS">http://download.p4c.philips.com/files/f/fc6163_02/fc6163_02_pss_.pdf</Asset><Asset code="FC6163_02" description="Standard product photograph - highres 2196x1795" extension="tif" lastModified="2018-06-22" locale="global" number="001" type="RTP">http://images.philips.com/is/image/PhilipsConsumer/FC6163_02-RTP-global-001</Asset><Asset code="FC6163_02" description="Product In Use 1 - highres 2196x1795" extension="tif" lastModified="2018-06-22" locale="global" number="001" type="U1P">http://images.philips.com/is/image/PhilipsConsumer/FC6163_02-U1P-global-001</Asset><Asset code="FC6163_02" description="Product In Use 2 - highres 2196x1795" extension="tif" lastModified="2018-06-22" locale="global" number="001" type="U2P">http://images.philips.com/is/image/PhilipsConsumer/FC6163_02-U2P-global-001</Asset><Asset code="FC6163_02" description="Single product shot" extension="" lastModified="2018-10-19" locale="ru_RU" number="" type="IMS">http://images.philips.com/is/image/PhilipsConsumer/FC6163_02-IMS-ru_RU</Asset><Asset code="FC6163_02" description="Product gallery image set" extension="" lastModified="2018-10-19" locale="ru_RU" number="" type="GAL">http://images.philips.com/is/image/PhilipsConsumer/FC6163_02-GAL-ru_RU</Asset><Asset code="FC6163_02" description="Product URL" extension="" lastModified="2018-10-19" locale="ru_RU" number="" type="URL">http://www.philips.ru/c-p/FC6163_02/powerpro-duo-2-in-1-handstick-with-powercyclone-technology</Asset><Asset code="F400059585" description="Feature photograph - highres 2100x1170" extension="tif" lastModified="2016-06-08" locale="global" number="001" type="FIL">http://images.philips.com/is/image/PhilipsConsumer/F400059585-FIL-global-001</Asset><Asset code="F400059586" description="Feature photograph - highres 2100x1170" extension="tif" lastModified="2016-06-08" locale="global" number="001" type="FIL">http://images.philips.com/is/image/PhilipsConsumer/F400059586-FIL-global-001</Asset><Asset code="F400059587" description="Feature photograph - highres 2100x1170" extension="tif" lastModified="2018-01-19" locale="global" number="001" type="FIL">http://images.philips.com/is/image/PhilipsConsumer/F400059587-FIL-global-001</Asset><Asset code="F400059590" description="Feature photograph - highres 2100x1170" extension="tif" lastModified="2015-11-12" locale="global" number="001" type="FIL">http://images.philips.com/is/image/PhilipsConsumer/F400059590-FIL-global-001</Asset><Asset code="F400059591" description="Feature photograph - highres 2100x1170" extension="tif" lastModified="2016-07-25" locale="global" number="001" type="FIL">http://images.philips.com/is/image/PhilipsConsumer/F400059591-FIL-global-001</Asset><Asset code="F400059592" description="Feature photograph - highres 2100x1170" extension="tif" lastModified="2016-06-08" locale="global" number="001" type="FIL">http://images.philips.com/is/image/PhilipsConsumer/F400059592-FIL-global-001</Asset><Asset code="F400059607" description="Feature photograph - highres 2100x1170" extension="tif" lastModified="2015-11-12" locale="global" number="001" type="FIL">http://images.philips.com/is/image/PhilipsConsumer/F400059607-FIL-global-001</Asset><Asset code="F400076658" description="Feature photograph - highres 2100x1170" extension="tif" lastModified="2016-08-16" locale="global" number="001" type="FIL">http://images.philips.com/is/image/PhilipsConsumer/F400076658-FIL-global-001</Asset><Asset code="PHI" description="Brand logo - highres 1476x886" extension="tif" lastModified="2016-02-18" locale="global" number="001" type="BRP">http://images.philips.com/is/image/PhilipsConsumer/PHI-BRP-global-001</Asset></Assets><ProductName>Ручной беспроводной пылесос "2 в 1" с технологией PowerCyclone</ProductName><FullProductName>Philips PowerPro Duo Ручной беспроводной пылесос "2 в 1" FC6163/02 Беспроводной, безмешковый, 18 В, 2 аксессуара с технологией PowerCyclone</FullProductName><NamingString><MasterBrand><BrandCode>PHI</BrandCode><BrandName>Philips</BrandName></MasterBrand><BrandString>Philips</BrandString><Family><FamilyCode>SB40004484</FamilyCode><FamilyName>PowerPro Duo</FamilyName><FamilyNameUsed>1</FamilyNameUsed></Family><Descriptor><DescriptorCode>D4021302</DescriptorCode><DescriptorName>Ручной беспроводной пылесос "2 в 1"</DescriptorName></Descriptor><Alphanumeric>FC6163/02</Alphanumeric><VersionElement1><VersionElementCode>V4007744</VersionElementCode><VersionElementName>Беспроводные</VersionElementName></VersionElement1><VersionElement2><VersionElementCode>V4030749</VersionElementCode><VersionElementName>Без мешков для мусора</VersionElementName></VersionElement2><VersionElement3><VersionElementCode>V4030843</VersionElementCode><VersionElementName>18 В</VersionElementName></VersionElement3><VersionElement4><VersionElementCode>V4024085</VersionElementCode><VersionElementName>2 аксессуара</VersionElementName></VersionElement4><VersionString>Беспроводной, безмешковый, 18 В, 2 аксессуара</VersionString><BrandedFeatureCode1>F400059585</BrandedFeatureCode1><BrandedFeatureString>с технологией PowerCyclone</BrandedFeatureString><DescriptorBrandedFeatureString>Ручной пылесос "2 в 1" с технологией PowerCyclone</DescriptorBrandedFeatureString></NamingString><WOW>Отличные результаты уборки всех видов напольных покрытий</WOW><SubWOW>Благодаря PowerCyclone и насадке TriActive Turbo</SubWOW><MarketingTextHeader>Новый Philips PowerPro Duo обеспечивает превосходные результаты очистки твердых напольных и ковровых покрытий. Технология PowerCyclone поддерживает высокую мощность всасывания для отличной производительности. Насадка TriActive Turbo собирает больше пыли и шерсти за один прием.</MarketingTextHeader><KeyBenefitArea><KeyBenefitAreaCode>K4025655</KeyBenefitAreaCode><KeyBenefitAreaName>Универсальный беспроводной прибор "2 в 1"</KeyBenefitAreaName><KeyBenefitAreaRank>1</KeyBenefitAreaRank><Feature><FeatureCode>F400059591</FeatureCode><FeatureReferenceName>2-in-1: stick &amp; handheld</FeatureReferenceName><FeatureName>"2 в 1": беспроводной ручной пылесос</FeatureName><FeatureLongDescription>Функция "2 в 1": очистка полов и мебели</FeatureLongDescription><FeatureGlossary>Функциональность конструкции 2-в-1 позволяет пользоваться пылесосом, держа его в руках, или с трубкой, чтобы легко чистить как пол, так и мебель.</FeatureGlossary><FeatureRank>4</FeatureRank><FeatureTopRank>1</FeatureTopRank></Feature><Feature><FeatureCode>F400059590</FeatureCode><FeatureReferenceName>Cordless operation</FeatureReferenceName><FeatureName>Беспроводная работа</FeatureName><FeatureLongDescription>Беспроводная работа для свободной чистки в любом месте</FeatureLongDescription><FeatureGlossary>Благодаря беспроводному режиму вы сможете свободно перемещать прибор. Уборка в любой комнате дома станет намного проще, и вам не придется беспокоиться о длине провода.</FeatureGlossary><FeatureRank>5</FeatureRank><FeatureTopRank>2</FeatureTopRank></Feature><Feature><FeatureCode>F400059592</FeatureCode><FeatureReferenceName>Self-standing parking position</FeatureReferenceName><FeatureName>Самоустанавливающееся положение</FeatureName><FeatureLongDescription>Самоустанавливающееся положение для удобного размещения в любом месте</FeatureLongDescription><FeatureGlossary>Трубка хранится в удобном положении вертикально, как с рукояткой, так и без нее. Таким образом, вы можете расположить трубку где угодно, даже в процессе уборки.</FeatureGlossary><FeatureRank>7</FeatureRank><FeatureTopRank>5</FeatureTopRank></Feature></KeyBenefitArea><KeyBenefitArea><KeyBenefitAreaCode>KBA_0000013</KeyBenefitAreaCode><KeyBenefitAreaName>Легко чистится</KeyBenefitAreaName><KeyBenefitAreaRank>2</KeyBenefitAreaRank><Feature><FeatureCode>F400059587</FeatureCode><FeatureReferenceName>One-step easy emptying system (PowerPro Duo)</FeatureReferenceName><FeatureName>Очистка одним нажатием</FeatureName><FeatureLongDescription>Простая очистка контейнера для сбора пыли одним нажатием</FeatureLongDescription><FeatureGlossary>Уникальная конструкция контейнера для сбора пыли позволяет выбрасывать пыль прямо в мусорное ведро. Благодаря простой системе очистки грязь и пыль легко удаляются из контейнера одним нажатием, что обеспечивает простоту и гигиеничность.</FeatureGlossary><FeatureRank>3</FeatureRank><FeatureTopRank>3</FeatureTopRank></Feature><Feature><FeatureCode>F400076658</FeatureCode><FeatureReferenceName>3 layer filter German technology captures micro particles*</FeatureReferenceName><FeatureName>3-слойный фильтр по немецкой технологии</FeatureName><FeatureLongDescription>3-слойный фильтр, разработанный на основе немецкой технологии, улавливает мельчайшие частицы*</FeatureLongDescription><FeatureGlossary>3-слойный моющийся фильтр, разработанный на основе немецкой технологии, захватывает &gt; 90 % мельчайших частиц, например микроорганизмов размером до 0,3 мкм (такой размер имеют многие бактерии, аллергены и пыльца), что позволяет очищать выходящий воздух.</FeatureGlossary><FeatureRank>8</FeatureRank><FeatureTopRank>7</FeatureTopRank></Feature></KeyBenefitArea><KeyBenefitArea><KeyBenefitAreaCode>K4027274</KeyBenefitAreaCode><KeyBenefitAreaName>Отличные результаты уборки</KeyBenefitAreaName><KeyBenefitAreaRank>3</KeyBenefitAreaRank><Feature><FeatureCode>F400059585</FeatureCode><FeatureReferenceName>PowerCyclone Technology (PowerPro Duo)</FeatureReferenceName><FeatureName>Технология PowerCyclone</FeatureName><FeatureLongDescription>Максимальная производительность с технологией PowerCyclone</FeatureLongDescription><FeatureGlossary>Технология PowerCyclone обеспечивает идеальные результаты уборки за счет одновременного выполнения следующих действий: 1) прямой и гладкий воздухозаборник PowerCyclone всасывает воздух с большой скоростью; 2) воздуховод изогнутой формы усиливает циркуляцию воздуха и обеспечивает эффективное оседание частичек пыли в циклонической камере.</FeatureGlossary><FeatureRank>1</FeatureRank><FeatureTopRank>4</FeatureTopRank></Feature><Feature><FeatureCode>F400059586</FeatureCode><FeatureReferenceName>TriActive Turbo nozzle (PowerPro Duo)</FeatureReferenceName><FeatureName>Насадка TriActive Turbo</FeatureName><FeatureLongDescription>Насадка TriActive Turbo собирает всю пыль и шерсть за один прием</FeatureLongDescription><FeatureGlossary>Насадка TriActive Turbo превосходно очищает твердые напольные покрытия и ковры благодаря следующим особенностям: 1) щетка с электроприводом собирает всю пыль и грязь за один прием; 2) оптимизированный воздушный поток в насадке гарантирует максимальную эффективность очистки.</FeatureGlossary><FeatureRank>6</FeatureRank><FeatureTopRank>6</FeatureTopRank></Feature></KeyBenefitArea><KeyBenefitArea><KeyBenefitAreaCode>K4027275</KeyBenefitAreaCode><KeyBenefitAreaName>Результаты, как при уборке пылесосом</KeyBenefitAreaName><KeyBenefitAreaRank>4</KeyBenefitAreaRank><Feature><FeatureCode>F400059607</FeatureCode><FeatureReferenceName>Powerful 18V Lithium</FeatureReferenceName><FeatureName>Мощные литий-ионные батареи 18 В</FeatureName><FeatureLongDescription>Мощные литий-ионные батареи 18 В обеспечивают долгую работу</FeatureLongDescription><FeatureGlossary>Мощные литий-ионные батареи 18 В работают дольше, чем обычные батареи. Кроме того, они гораздо легче, что значительно упрощает уборку.</FeatureGlossary><FeatureRank>2</FeatureRank><FeatureTopRank>8</FeatureTopRank></Feature></KeyBenefitArea><FeatureImage><FeatureCode>F400059591</FeatureCode><FeatureReferenceName>2-in-1: stick &amp; handheld</FeatureReferenceName><FeatureImageRank>1</FeatureImageRank></FeatureImage><FeatureImage><FeatureCode>F400059590</FeatureCode><FeatureReferenceName>Cordless operation</FeatureReferenceName><FeatureImageRank>2</FeatureImageRank></FeatureImage><FeatureImage><FeatureCode>F400059585</FeatureCode><FeatureReferenceName>PowerCyclone Technology (PowerPro Duo)</FeatureReferenceName><FeatureImageRank>4</FeatureImageRank></FeatureImage><FeatureImage><FeatureCode>F400059592</FeatureCode><FeatureReferenceName>Self-standing parking position</FeatureReferenceName><FeatureImageRank>5</FeatureImageRank></FeatureImage><FeatureImage><FeatureCode>F400059586</FeatureCode><FeatureReferenceName>TriActive Turbo nozzle (PowerPro Duo)</FeatureReferenceName><FeatureImageRank>6</FeatureImageRank></FeatureImage><FeatureImage><FeatureCode>F400059607</FeatureCode><FeatureReferenceName>Powerful 18V Lithium</FeatureReferenceName><FeatureImageRank>8</FeatureImageRank></FeatureImage><FeatureHighlight><FeatureCode>F400059591</FeatureCode><FeatureReferenceName>2-in-1: stick &amp; handheld</FeatureReferenceName><FeatureHighlightRank>1</FeatureHighlightRank></FeatureHighlight><FeatureHighlight><FeatureCode>F400059590</FeatureCode><FeatureReferenceName>Cordless operation</FeatureReferenceName><FeatureHighlightRank>2</FeatureHighlightRank></FeatureHighlight><FeatureHighlight><FeatureCode>F400059585</FeatureCode><FeatureReferenceName>PowerCyclone Technology (PowerPro Duo)</FeatureReferenceName><FeatureHighlightRank>4</FeatureHighlightRank></FeatureHighlight><FeatureHighlight><FeatureCode>F400059592</FeatureCode><FeatureReferenceName>Self-standing parking position</FeatureReferenceName><FeatureHighlightRank>5</FeatureHighlightRank></FeatureHighlight><FeatureHighlight><FeatureCode>F400059586</FeatureCode><FeatureReferenceName>TriActive Turbo nozzle (PowerPro Duo)</FeatureReferenceName><FeatureHighlightRank>6</FeatureHighlightRank></FeatureHighlight><FeatureHighlight><FeatureCode>F400059607</FeatureCode><FeatureReferenceName>Powerful 18V Lithium</FeatureReferenceName><FeatureHighlightRank>8</FeatureHighlightRank></FeatureHighlight><CSChapter><CSChapterCode>CH4001562</CSChapterCode><CSChapterName>Высокое качество</CSChapterName><CSChapterRank>1</CSChapterRank><CSItem><CSItemCode>IT4009198</CSItemCode><CSItemName>Тип элемента питания</CSItemName><CSItemRank>12</CSItemRank><CSItemIsFreeFormat>0</CSItemIsFreeFormat><CSValue><CSValueCode>VA4022051</CSValueCode><CSValueName>Литийионный</CSValueName><CSValueRank>7</CSValueRank></CSValue></CSItem><CSItem><CSItemCode>IT4009651</CSItemCode><CSItemName>Напряжение батареи</CSItemName><CSItemRank>14</CSItemRank><CSItemIsFreeFormat>1</CSItemIsFreeFormat><CSValue><CSValueCode>VA4023061</CSValueCode><CSValueName>18</CSValueName><CSValueRank>1</CSValueRank></CSValue><UnitOfMeasure><UnitOfMeasureCode>3000071</UnitOfMeasureCode><UnitOfMeasureName>вольт</UnitOfMeasureName><UnitOfMeasureSymbol>В</UnitOfMeasureSymbol></UnitOfMeasure></CSItem><CSItem><CSItemCode>4011088</CSItemCode><CSItemName>Время зарядки</CSItemName><CSItemRank>15</CSItemRank><CSItemIsFreeFormat>1</CSItemIsFreeFormat><CSValue><CSValueCode>VA4024664</CSValueCode><CSValueName>5</CSValueName><CSValueRank>1</CSValueRank></CSValue><UnitOfMeasure><UnitOfMeasureCode>4000007</UnitOfMeasureCode><UnitOfMeasureName>- часов</UnitOfMeasureName><UnitOfMeasureSymbol>часов</UnitOfMeasureSymbol></UnitOfMeasure></CSItem><CSItem><CSItemCode>IT4009653</CSItemCode><CSItemName>Время работы</CSItemName><CSItemRank>19</CSItemRank><CSItemIsFreeFormat>1</CSItemIsFreeFormat><CSValue><CSValueCode>VA4023063</CSValueCode><CSValueName>до 35</CSValueName><CSValueRank>1</CSValueRank></CSValue><UnitOfMeasure><UnitOfMeasureCode>4000011</UnitOfMeasureCode><UnitOfMeasureName>Минут</UnitOfMeasureName><UnitOfMeasureSymbol>минут(ы)</UnitOfMeasureSymbol></UnitOfMeasure></CSItem><CSItem><CSItemCode>IT4035411</CSItemCode><CSItemName>Уровень интенсивности звука</CSItemName><CSItemRank>20</CSItemRank><CSItemIsFreeFormat>1</CSItemIsFreeFormat><CSValue><CSValueCode>VA4082318</CSValueCode><CSValueName>83</CSValueName><CSValueRank>1</CSValueRank></CSValue><UnitOfMeasure><UnitOfMeasureCode>3000041</UnitOfMeasureCode><UnitOfMeasureName>децибела</UnitOfMeasureName><UnitOfMeasureSymbol>дБ</UnitOfMeasureSymbol></UnitOfMeasure></CSItem></CSChapter><CSChapter><CSChapterCode>3001096</CSChapterCode><CSChapterName>Дизайн</CSChapterName><CSChapterRank>2</CSChapterRank><CSItem><CSItemCode>IT4009196</CSItemCode><CSItemName>Функциональный дизайн</CSItemName><CSItemRank>3</CSItemRank><CSItemIsFreeFormat>0</CSItemIsFreeFormat><CSValue><CSValueCode>VA4077962</CSValueCode><CSValueName>2 в 1</CSValueName><CSValueRank>6</CSValueRank></CSValue><CSValue><CSValueCode>VA4081728</CSValueCode><CSValueName>Автоотключение</CSValueName><CSValueRank>8</CSValueRank></CSValue><CSValue><CSValueCode>VA4022040</CSValueCode><CSValueName>Полупрозрачная емкость для пыли</CSValueName><CSValueRank>11</CSValueRank></CSValue></CSItem><CSItem><CSItemCode>S_0000001</CSItemCode><CSItemName>цвет</CSItemName><CSItemRank>8</CSItemRank><CSItemIsFreeFormat>1</CSItemIsFreeFormat><CSValue><CSValueCode>VA4007102</CSValueCode><CSValueName>Синий</CSValueName><CSValueRank>1</CSValueRank></CSValue></CSItem></CSChapter><CSChapter><CSChapterCode>CH4001865</CSChapterCode><CSChapterName>Фильтрация</CSChapterName><CSChapterRank>3</CSChapterRank><CSItem><CSItemCode>4011324</CSItemCode><CSItemName>Вместительность пылесборника</CSItemName><CSItemRank>7</CSItemRank><CSItemIsFreeFormat>1</CSItemIsFreeFormat><CSValue><CSValueCode>VA4024695</CSValueCode><CSValueName>0,6</CSValueName><CSValueRank>1</CSValueRank></CSValue><UnitOfMeasure><UnitOfMeasureCode>4000010</UnitOfMeasureCode><UnitOfMeasureName>литра</UnitOfMeasureName><UnitOfMeasureSymbol>л</UnitOfMeasureSymbol></UnitOfMeasure></CSItem><CSItem><CSItemCode>IT4009221</CSItemCode><CSItemName>Фильтр защиты электродвигателя</CSItemName><CSItemRank>11</CSItemRank><CSItemIsFreeFormat>0</CSItemIsFreeFormat><CSValue><CSValueCode>VA4063933</CSValueCode><CSValueName>Моющийся фильтр</CSValueName><CSValueRank>17</CSValueRank></CSValue></CSItem></CSChapter><CSChapter><CSChapterCode>CH4000681</CSChapterCode><CSChapterName>Насадки и принадлежности</CSChapterName><CSChapterRank>4</CSChapterRank><CSItem><CSItemCode>IT4009243</CSItemCode><CSItemName>Аксессуары в комплекте</CSItemName><CSItemRank>2</CSItemRank><CSItemIsFreeFormat>0</CSItemIsFreeFormat><CSValue><CSValueCode>VA4022317</CSValueCode><CSValueName>Щетка</CSValueName><CSValueRank>9</CSValueRank></CSValue><CSValue><CSValueCode>VA4022318</CSValueCode><CSValueName>Щелевая насадка</CSValueName><CSValueRank>12</CSValueRank></CSValue></CSItem><CSItem><CSItemCode>IT4009242</CSItemCode><CSItemName>Стандартная насадка</CSItemName><CSItemRank>9</CSItemRank><CSItemIsFreeFormat>0</CSItemIsFreeFormat><CSValue><CSValueCode>VA4078201</CSValueCode><CSValueName>Насадка TriActive Turbo</CSValueName><CSValueRank>15</CSValueRank></CSValue></CSItem></CSChapter><CSChapter><CSChapterCode>CHA_0000004</CSChapterCode><CSChapterName>Вес и габариты</CSChapterName><CSChapterRank>5</CSChapterRank><CSItem><CSItemCode>IT4010199</CSItemCode><CSItemName>Размеры изделия (ДхШхВ)</CSItemName><CSItemRank>4</CSItemRank><CSItemIsFreeFormat>1</CSItemIsFreeFormat><CSValue><CSValueCode>VA4023910</CSValueCode><CSValueName>215x253x1150</CSValueName><CSValueRank>1</CSValueRank></CSValue><UnitOfMeasure><UnitOfMeasureCode>3000058</UnitOfMeasureCode><UnitOfMeasureName>миллиметров</UnitOfMeasureName><UnitOfMeasureSymbol>мм</UnitOfMeasureSymbol></UnitOfMeasure></CSItem><CSItem><CSItemCode>IT4010191</CSItemCode><CSItemName>Вес изделия</CSItemName><CSItemRank>6</CSItemRank><CSItemIsFreeFormat>1</CSItemIsFreeFormat><CSValue><CSValueCode>VA4023901</CSValueCode><CSValueName>3,2</CSValueName><CSValueRank>1</CSValueRank></CSValue><UnitOfMeasure><UnitOfMeasureCode>3000049</UnitOfMeasureCode><UnitOfMeasureName>килограмма</UnitOfMeasureName><UnitOfMeasureSymbol>кг</UnitOfMeasureSymbol></UnitOfMeasure></CSItem></CSChapter><Filters><Purpose type="Comparison"><Features><Feature code="F400059591" rank="1" referenceName="2-in-1: stick &amp; handheld"/><Feature code="F400059590" rank="2" referenceName="Cordless operation"/><Feature code="F400059587" rank="3" referenceName="One-step easy emptying system (PowerPro Duo)"/><Feature code="F400059585" rank="4" referenceName="PowerCyclone Technology (PowerPro Duo)"/><Feature code="F400059592" rank="5" referenceName="Self-standing parking position"/><Feature code="F400059586" rank="6" referenceName="TriActive Turbo nozzle (PowerPro Duo)"/><Feature code="F400076658" rank="7" referenceName="3 layer filter German technology captures micro particles*"/><Feature code="F400059607" rank="8" referenceName="Powerful 18V Lithium"/></Features><CSItems><CSItem code="IT4009243" rank="2" referenceName="Насадки и принадлежности - Аксессуары в комплекте"/><CSItem code="IT4009196" rank="3" referenceName="Дизайн - Функциональный дизайн"/><CSItem code="IT4010199" rank="4" referenceName="Вес и габариты - Размеры изделия (ДхШхВ)"/><CSItem code="IT4010191" rank="6" referenceName="Вес и габариты - Вес изделия"/><CSItem code="4011324" rank="7" referenceName="Фильтрация - Вместительность пылесборника"/><CSItem code="S_0000001" rank="8" referenceName="Дизайн - цвет"/><CSItem code="IT4009242" rank="9" referenceName="Насадки и принадлежности - Стандартная насадка"/><CSItem code="IT4009221" rank="11" referenceName="Фильтрация - Фильтр защиты электродвигателя"/><CSItem code="IT4009198" rank="12" referenceName="Высокое качество - Тип элемента питания"/><CSItem code="IT4009651" rank="14" referenceName="Высокое качество - Напряжение батареи"/><CSItem code="4011088" rank="15" referenceName="Высокое качество - Время зарядки"/><CSItem code="IT4009653" rank="19" referenceName="Высокое качество - Время работы"/><CSItem code="IT4035411" rank="20" referenceName="Высокое качество - Уровень интенсивности звука"/></CSItems></Purpose><Purpose type="Detail"><Features><Feature code="F400059591" rank="1" referenceName="2-in-1: stick &amp; handheld"/><Feature code="F400059590" rank="2" referenceName="Cordless operation"/><Feature code="F400059587" rank="3" referenceName="One-step easy emptying system (PowerPro Duo)"/><Feature code="F400059585" rank="4" referenceName="PowerCyclone Technology (PowerPro Duo)"/><Feature code="F400059592" rank="5" referenceName="Self-standing parking position"/><Feature code="F400059586" rank="6" referenceName="TriActive Turbo nozzle (PowerPro Duo)"/><Feature code="F400076658" rank="7" referenceName="3 layer filter German technology captures micro particles*"/><Feature code="F400059607" rank="8" referenceName="Powerful 18V Lithium"/></Features><CSItems><CSItem code="IT4009243" rank="2" referenceName="Насадки и принадлежности - Аксессуары в комплекте"/><CSItem code="IT4009196" rank="3" referenceName="Дизайн - Функциональный дизайн"/><CSItem code="IT4010199" rank="4" referenceName="Вес и габариты - Размеры изделия (ДхШхВ)"/><CSItem code="IT4010191" rank="6" referenceName="Вес и габариты - Вес изделия"/><CSItem code="4011324" rank="7" referenceName="Фильтрация - Вместительность пылесборника"/><CSItem code="S_0000001" rank="8" referenceName="Дизайн - цвет"/><CSItem code="IT4009242" rank="9" referenceName="Насадки и принадлежности - Стандартная насадка"/><CSItem code="IT4009221" rank="11" referenceName="Фильтрация - Фильтр защиты электродвигателя"/><CSItem code="IT4009198" rank="12" referenceName="Высокое качество - Тип элемента питания"/><CSItem code="IT4009651" rank="14" referenceName="Высокое качество - Напряжение батареи"/><CSItem code="4011088" rank="15" referenceName="Высокое качество - Время зарядки"/><CSItem code="IT4009653" rank="19" referenceName="Высокое качество - Время работы"/><CSItem code="IT4035411" rank="20" referenceName="Высокое качество - Уровень интенсивности звука"/></CSItems></Purpose></Filters><FeatureCompareGroups/><Disclaimers><Disclaimer code="DIS40010020" rank="1" referenceName="Tested internally by Philips. Compared to a FC8455 / FC8456."><DisclaimerText>Внутрикорпоративное тестирование Philips. По сравнению с FC8455/FC8456.</DisclaimerText><DisclaimElements/></Disclaimer></Disclaimers><RichTexts/></Product></Products>