<?xml version="1.0" encoding="UTF-8"?><Products xmlns:source="http://apache.org/cocoon/source/1.0" DocStatus="approved" DocTimeStamp="2018-10-23T10:48:35"><Product Country="TR" IsAccessory="false" IsMaster="false" Locale="tr_TR" lastModified="2018-10-23T04:30:06" masterLastModified="2018-08-28T00:34:13"><CTN>221S8LDAB/00</CTN><Code12NC>867000151928</Code12NC><GTIN>8712581750251</GTIN><MarketingVersion>1.1.1</MarketingVersion><MarketingStatus>Final Published</MarketingStatus><CRDate>2018-04-13</CRDate><CRDateYW>201815</CRDateYW><ModelYears><ModelYear>2018</ModelYear><ModelYear>2019</ModelYear></ModelYears><ProductDivision><ProductDivisionCode>0200</ProductDivisionCode><ProductDivisionName>Consumer Lifestyle</ProductDivisionName><FormerPDCode>3400</FormerPDCode></ProductDivision><ProductOwner>Jessica Chang</ProductOwner><DTN>221S8LDAB/00</DTN><Catalog><StartOfPublication>2018-04-13T00:00:00</StartOfPublication><EndOfPublication>2025-08-13T00:00:00</EndOfPublication><StartOfSales>2018-04-13T00:00:00</StartOfSales><EndOfSales>2025-08-13T00:00:00</EndOfSales><DummyPrice/><Deleted>false</Deleted><DeleteAfterDate/><ProductRank>50</ProductRank></Catalog><FinancialCategorization><BusinessGroupCode>6918</BusinessGroupCode><BusinessGroupName>TV</BusinessGroupName><BusinessUnitCode>0655</BusinessUnitCode><BusinessUnitName>Monitors</BusinessUnitName><MainArticleGroupCode>J89</MainArticleGroupCode><MainArticleGroupName>Monitors</MainArticleGroupName><ArticleGroupCode>3789</ArticleGroupCode><ArticleGroupName>Monitors global</ArticleGroupName></FinancialCategorization><Categorization type="CONSUMER"><GroupCode>SOUND_AND_VISION_GR</GroupCode><GroupName>Sound &amp; vision</GroupName><CategoryCode>SV_MONITORS_CA</CategoryCode><CategoryName>Monitors</CategoryName><SubcategoryCode>SV_OTHERS_SU</SubcategoryCode><SubcategoryName>Others</SubcategoryName></Categorization><Assets><Asset code="221S8LDAB_00" description="User manual" extension="pdf" lastModified="2018-04-24" locale="tr_TR" number="001" type="DFU">http://download.p4c.philips.com/files/2/221s8ldab_00/221s8ldab_00_dfu_tur.pdf</Asset><Asset code="221S8LDAB_00" description="Leaflet" extension="pdf" lastModified="2018-09-07" locale="tr_TR" number="001" type="PSS">http://download.p4c.philips.com/files/2/221s8ldab_00/221s8ldab_00_pss_turtr.pdf</Asset><Asset code="221S8LDAB_00" description="Retail Trade Leaflet" extension="pdf" lastModified="2018-10-22" locale="tr_TR" number="001" type="RTL">http://download.p4c.philips.com/files/2/221s8ldab_00/221s8ldab_00_rtl_turtr.pdf</Asset><Asset code="221S8LDAB_00" description="Front product photograph - highres 2196x1795" extension="tif" lastModified="2018-02-23" locale="global" number="001" type="_FP">http://images.philips.com/is/image/PhilipsConsumer/221S8LDAB_00-_FP-global-001</Asset><Asset code="221S8LDAB_00" description="Alternative product photograph 1 - highres 2196x1795" extension="tif" lastModified="2018-04-12" locale="global" number="001" type="A1P">http://images.philips.com/is/image/PhilipsConsumer/221S8LDAB_00-A1P-global-001</Asset><Asset code="221S8LDAB_00" description="Alternative product photograph 2 - highres 2196x1795" extension="tif" lastModified="2018-04-17" locale="global" number="001" type="A2P">http://images.philips.com/is/image/PhilipsConsumer/221S8LDAB_00-A2P-global-001</Asset><Asset code="221S8LDAB_00" description="Alternative product photograph - highres 2196x1795" extension="tif" lastModified="2018-02-23" locale="global" number="001" type="APP">http://images.philips.com/is/image/PhilipsConsumer/221S8LDAB_00-APP-global-001</Asset><Asset code="221S8LDAB_00" description="Energy Label - Rainbow " extension="pdf" lastModified="2018-07-30" locale="global" number="001" type="ELR">http://download.p4c.philips.com/files/2/221s8ldab_00/221s8ldab_00_elr_.pdf</Asset><Asset code="221S8LDAB_00" description="Leaflet" extension="pdf" lastModified="2018-08-29" locale="global" number="001" type="PSS">http://download.p4c.philips.com/files/2/221s8ldab_00/221s8ldab_00_pss_.pdf</Asset><Asset code="221S8LDAB_00" description="Standard product photograph - highres 2196x1795" extension="tif" lastModified="2018-02-23" locale="global" number="001" type="RTP">http://images.philips.com/is/image/PhilipsConsumer/221S8LDAB_00-RTP-global-001</Asset><Asset code="221S8LDAB_00" description="Single product shot" extension="" lastModified="2018-10-23" locale="tr_TR" number="" type="IMS">http://images.philips.com/is/image/PhilipsConsumer/221S8LDAB_00-IMS-tr_TR</Asset><Asset code="221S8LDAB_00" description="Product gallery image set" extension="" lastModified="2018-10-23" locale="tr_TR" number="" type="GAL">http://images.philips.com/is/image/PhilipsConsumer/221S8LDAB_00-GAL-tr_TR</Asset><Asset code="221S8LDAB_00" description="Product URL" extension="" lastModified="2018-10-23" locale="tr_TR" number="" type="URL">http://www.philips.com.tr/c-p/221S8LDAB_00/lcd-monitoer</Asset><Asset code="F300004082" description="Feature logo - highres 331x213" extension="tif" lastModified="2017-11-15" locale="global" number="001" type="FLP">http://images.philips.com/is/image/PhilipsConsumer/F300004082-FLP-global-001</Asset><Asset code="F400016234" description="Feature photograph - highres 2100x1170" extension="tif" lastModified="2017-10-31" locale="global" number="001" type="FIL">http://images.philips.com/is/image/PhilipsConsumer/F400016234-FIL-global-001</Asset><Asset code="F400016234" description="Feature logo - highres 331x213" extension="tif" lastModified="2010-07-21" locale="global" number="001" type="FLP">http://images.philips.com/is/image/PhilipsConsumer/F400016234-FLP-global-001</Asset><Asset code="F400018029" description="Feature logo - highres 331x213" extension="tif" lastModified="2011-08-15" locale="global" number="001" type="FLP">http://images.philips.com/is/image/PhilipsConsumer/F400018029-FLP-global-001</Asset><Asset code="F400018646" description="Feature logo - highres 331x213" extension="tif" lastModified="2009-08-05" locale="global" number="001" type="FLP">http://images.philips.com/is/image/PhilipsConsumer/F400018646-FLP-global-001</Asset><Asset code="F400019722" description="Feature logo - highres 331x213" extension="tif" lastModified="2010-01-19" locale="global" number="001" type="FLP">http://images.philips.com/is/image/PhilipsConsumer/F400019722-FLP-global-001</Asset><Asset code="F400032208" description="Feature photograph - highres 2100x1170" extension="tif" lastModified="2011-04-10" locale="global" number="001" type="FIL">http://images.philips.com/is/image/PhilipsConsumer/F400032208-FIL-global-001</Asset><Asset code="F400032208" description="Feature logo - highres 331x213" extension="tif" lastModified="2017-11-15" locale="global" number="001" type="FLP">http://images.philips.com/is/image/PhilipsConsumer/F400032208-FLP-global-001</Asset><Asset code="F400032215" description="Feature logo - highres 331x213" extension="tif" lastModified="2011-04-21" locale="global" number="001" type="FLP">http://images.philips.com/is/image/PhilipsConsumer/F400032215-FLP-global-001</Asset><Asset code="F400035268" description="Feature logo - highres 331x213" extension="tif" lastModified="2011-08-24" locale="global" number="001" type="FLP">http://images.philips.com/is/image/PhilipsConsumer/F400035268-FLP-global-001</Asset><Asset code="F400035281" description="Feature logo - highres 331x213" extension="tif" lastModified="2016-07-20" locale="global" number="001" type="FLP">http://images.philips.com/is/image/PhilipsConsumer/F400035281-FLP-global-001</Asset><Asset code="F400035289" description="Feature photograph - highres 2100x1170" extension="tif" lastModified="2017-10-31" locale="global" number="001" type="FIL">http://images.philips.com/is/image/PhilipsConsumer/F400035289-FIL-global-001</Asset><Asset code="F400035289" description="Feature logo - highres 331x213" extension="tif" lastModified="2017-11-15" locale="global" number="001" type="FLP">http://images.philips.com/is/image/PhilipsConsumer/F400035289-FLP-global-001</Asset><Asset code="F400047687" description="Feature photograph - highres 2100x1170" extension="tif" lastModified="2015-04-08" locale="global" number="001" type="FIL">http://images.philips.com/is/image/PhilipsConsumer/F400047687-FIL-global-001</Asset><Asset code="F400067665" description="Feature photograph - highres 2100x1170" extension="tif" lastModified="2017-10-31" locale="global" number="001" type="FIL">http://images.philips.com/is/image/PhilipsConsumer/F400067665-FIL-global-001</Asset><Asset code="F400067665" description="Feature logo - highres 331x213" extension="tif" lastModified="2017-11-15" locale="global" number="001" type="FLP">http://images.philips.com/is/image/PhilipsConsumer/F400067665-FLP-global-001</Asset><Asset code="F400071757" description="Feature photograph - highres 2100x1170" extension="tif" lastModified="2017-10-31" locale="global" number="001" type="FIL">http://images.philips.com/is/image/PhilipsConsumer/F400071757-FIL-global-001</Asset><Asset code="F400071757" description="Feature logo - highres 331x213" extension="tif" lastModified="2015-02-05" locale="global" number="001" type="FLP">http://images.philips.com/is/image/PhilipsConsumer/F400071757-FLP-global-001</Asset><Asset code="F400078929" description="Feature photograph - highres 2100x1170" extension="tif" lastModified="2017-10-31" locale="global" number="001" type="FIL">http://images.philips.com/is/image/PhilipsConsumer/F400078929-FIL-global-001</Asset><Asset code="F400078929" description="Feature logo - highres 331x213" extension="tif" lastModified="2017-11-15" locale="global" number="001" type="FLP">http://images.philips.com/is/image/PhilipsConsumer/F400078929-FLP-global-001</Asset><Asset code="F400080297" description="Feature photograph - highres 2100x1170" extension="tif" lastModified="2017-10-31" locale="global" number="001" type="FIL">http://images.philips.com/is/image/PhilipsConsumer/F400080297-FIL-global-001</Asset><Asset code="F400080297" description="Feature logo - highres 331x213" extension="tif" lastModified="2017-11-15" locale="global" number="001" type="FLP">http://images.philips.com/is/image/PhilipsConsumer/F400080297-FLP-global-001</Asset><Asset code="PHI" description="Brand logo - highres 1476x886" extension="tif" lastModified="2016-02-18" locale="global" number="001" type="BRP">http://images.philips.com/is/image/PhilipsConsumer/PHI-BRP-global-001</Asset></Assets><ProductName>S Line 22 (54,6 cm / 21,5 inç diag.) LCD monitör</ProductName><FullProductName>Philips LCD monitör 221S8LDAB S Line 22 (54,6 cm / 21,5 inç diag.) Full HD (1920 x 1080)</FullProductName><NamingString><MasterBrand><BrandCode>PHI</BrandCode><BrandName>Philips</BrandName></MasterBrand><BrandString>Philips</BrandString><Descriptor><DescriptorCode>D300000064</DescriptorCode><DescriptorName>LCD monitör</DescriptorName></Descriptor><Alphanumeric>221S8LDAB</Alphanumeric><VersionElement1><VersionElementCode>V4013276</VersionElementCode><VersionElementName>S Line</VersionElementName></VersionElement1><VersionElement2><VersionElementCode>V4031865</VersionElementCode><VersionElementName>22 (54,6 cm / 21,5 inç diag.)</VersionElementName></VersionElement2><VersionElement3><VersionElementCode>V4035286</VersionElementCode><VersionElementName>Full HD (1920 x 1080)</VersionElementName></VersionElement3><VersionString>S Line 22 (54,6 cm / 21,5 inç diag.) Full HD (1920 x 1080)</VersionString><BrandedFeatureString/><DescriptorBrandedFeatureString>LCD monitör</DescriptorBrandedFeatureString></NamingString><WOW>İş verimliliği için</WOW><SubWOW>güvenilir ve gerekli</SubWOW><MarketingTextHeader>S Line monitörümüz iş verimliliği sağlar. Flicker-free ve LowBlue modu gibi özellikler sayesinde gözleriniz yorulmadan üretkenliğinizi artırabilirsiniz.</MarketingTextHeader><KeyBenefitArea><KeyBenefitAreaCode>K4015203</KeyBenefitAreaCode><KeyBenefitAreaName>Mükemmel performans</KeyBenefitAreaName><KeyBenefitAreaRank>1</KeyBenefitAreaRank><Feature><FeatureCode>F400035289</FeatureCode><FeatureReferenceName>M4 SmartImage</FeatureReferenceName><FeatureName>SmartImage</FeatureName><FeatureLongDescription>SmartImage ile hafızaya alınmış optimum görüntü ayarı</FeatureLongDescription><FeatureGlossary>SmartImage, ekranınızda görüntülenen içeriği analiz ederek size en iyi ekran performansını sunan benzersiz ve öncü bir Philips teknolojisidir. Kullanıcı dostu bu arayüz İş, Fotoğraf, Film, Oyun, Ekonomi gibi çeşitli modlar arasından uygulamaya en uygun olanı seçmenizi sağlar. Yaptığınız seçime bağlı olarak SmartImage; kontrastı, renk doygunluğunu, fotoğraf ve videoların netliğini dinamik olarak optimum hale getirerek mükemmel bir ekran performansı sunar. Ekonomi modu önemli ölçüde enerji tasarrufu sağlar. Tüm bunlar tek bir düğmeyle gerçek zamanlı olarak elinizin altında!</FeatureGlossary><FeatureRank>1</FeatureRank><FeatureTopRank>1</FeatureTopRank></Feature><Feature><FeatureCode>F400071757</FeatureCode><FeatureReferenceName>16:9 Full HD display_2015</FeatureReferenceName><FeatureName>16:9 Full HD ekran</FeatureName><FeatureLongDescription>Canlı, ayrıntılı görüntüler için 16:9 Full HD ekran</FeatureLongDescription><FeatureGlossary>Görüntü kalitesi önemlidir. Sıradan ekranlar kaliteli görüntüler sunsa da daha iyisini beklersiniz. Bu ekran gelişmiş Full HD 1920 x 1080 çözünürlük sunar. Full HD'nin sunduğu canlı ayrıntılara eşlik eden yüksek parlaklık, muhteşem kontrast ve canlı renkler ile gerçeğe yakın görüntü deneyimine hazır olun.</FeatureGlossary><FeatureRank>2</FeatureRank><FeatureTopRank>2</FeatureTopRank></Feature></KeyBenefitArea><KeyBenefitArea><KeyBenefitAreaCode>K4033201</KeyBenefitAreaCode><KeyBenefitAreaName>Konforlu ve verimli tasarım</KeyBenefitAreaName><KeyBenefitAreaRank>2</KeyBenefitAreaRank><Feature><FeatureCode>F400078929</FeatureCode><FeatureReferenceName>LowBlue Mode</FeatureReferenceName><FeatureName>LowBlue Modu</FeatureName><FeatureLongDescription>Gözü rahatsız etmeyen, verimli LowBlue Modu</FeatureLongDescription><FeatureGlossary>Çalışmalar, tıpkı mor ötesi ışınların göze zarar vermesi gibi LED ekranların yaydığı kısa dalgalı mavi ışık ışınlarının da zaman içinde göze zarar verebileceğini ve görme duyusunu etkileyebileceğini göstermiştir. Sağlığınız için tasarlanan Philips LowBlue Modu ayarı, zararlı, kısa dalgalı mavi ışığı azaltan akıllı bir yazılım teknolojisi kullanır.</FeatureGlossary><FeatureRank>1</FeatureRank><FeatureTopRank>3</FeatureTopRank></Feature><Feature><FeatureCode>F400067665</FeatureCode><FeatureReferenceName>Flicker-free technology</FeatureReferenceName><FeatureName>Flicker-free teknolojisi</FeatureName><FeatureLongDescription>Flicker-free teknolojisiyle gözleriniz daha az yorulur</FeatureLongDescription><FeatureGlossary>LED arka aydınlatmalı ekranlarda parlaklığın kontrol edilme şekli nedeniyle bazı kullanıcıların ekranlarında titreşim olur. Bu durum gözün yorulmasına yol açar. Philips Flicker-free Teknolojisi, parlaklığı düzenlemek için uyguladığı yeni çözümle daha konforlu bir izleme deneyimi için titreşimi azaltır.</FeatureGlossary><FeatureRank>2</FeatureRank><FeatureTopRank>4</FeatureTopRank></Feature><Feature><FeatureCode>F400080297</FeatureCode><FeatureReferenceName>EasyRead mode_non Pivot</FeatureReferenceName><FeatureName>EasyRead modu</FeatureName><FeatureLongDescription>EasyRead modu ile okumalarınızı gözleriniz yorulmadan yapın</FeatureLongDescription><FeatureRank>3</FeatureRank><FeatureTopRank>5</FeatureTopRank></Feature></KeyBenefitArea><KeyBenefitArea><KeyBenefitAreaCode>K4033202</KeyBenefitAreaCode><KeyBenefitAreaName>Çalışma şeklinize uygun özellikler</KeyBenefitAreaName><KeyBenefitAreaRank>3</KeyBenefitAreaRank><Feature><FeatureCode>F400035281</FeatureCode><FeatureReferenceName>Built-in stereo speakers for multimedia</FeatureReferenceName><FeatureName>Dahili stereo hoparlörler</FeatureName><FeatureLongDescription>Multimedya için dahili stereo hoparlör</FeatureLongDescription><FeatureGlossary>Bir görüntüleme cihazında dahili olarak bulunan yüksek kaliteli bir çift stereo hoparlör. Modele ve tasarıma göre önden görünür veya alttan, üstten, arkadan, vb. görünmez şekilde olabilir.</FeatureGlossary><FeatureRank>1</FeatureRank><FeatureTopRank>6</FeatureTopRank></Feature><Feature><FeatureCode>F400047687</FeatureCode><FeatureReferenceName>HDMI ready_B2B</FeatureReferenceName><FeatureName>HDMI Ready</FeatureName><FeatureLongDescription>HDMI evrensel dijital bağlantı sağlar</FeatureLongDescription><FeatureGlossary>HDMI uyumlu bir cihazda Yüksek Çözünürlüklü Multimedya Arayüzü (HDMI) girişini kabul edecek gerekli donanımlar bulunur. HDMI kablo, PC'den veya istenen sayıda AV kaynağından (set üstü kutular, DVD oynatıcılar, A/V alıcılar ve video kameralar dahil) tek bir kabloyla yüksek kaliteli dijital video ve ses alınmasını sağlar.</FeatureGlossary><FeatureRank>2</FeatureRank><FeatureTopRank>7</FeatureTopRank></Feature></KeyBenefitArea><KeyBenefitArea><KeyBenefitAreaCode>K4015194</KeyBenefitAreaCode><KeyBenefitAreaName>Sürdürülebilir çevreci tasarım</KeyBenefitAreaName><KeyBenefitAreaRank>4</KeyBenefitAreaRank><Feature><FeatureCode>F400035272</FeatureCode><FeatureReferenceName>100% Recyclable packaging</FeatureReferenceName><FeatureName>Sürdürülebilirlik</FeatureName><FeatureLongDescription>%100 geri dönüştürülebilir ambalaj</FeatureLongDescription><FeatureGlossary>Philips, tüm monitör serisinde sürdürülebilir, çevre dostu malzemeler kullanmaktadır. Gövdenin tüm plastik parçaları, metal şasi parçaları ve ambalaj malzemeleri %100 geri dönüştürülebilir malzemelerden üretilmiştir. Bazı modellerde %65 oranında Kullanım Sonrası Geri Dönüştürülmüş plastik kullanılmaktadır. RoHS standartlarına olan tam bağlılığımız dolayısıyla Kurşun veya Cıva gibi tehlikeli maddeler önemli ölçüde azaltılmakta ya da tamamen yok edilmektedir. Ekran muhafazası, PVC/BFR içermeyen malzemelerden üretilmiştir. Daha fazla bilgi için lütfen Philips http://www.asimpleswitch.com/global/ adresini ziyaret edin.</FeatureGlossary><FeatureRank>1</FeatureRank><FeatureTopRank>8</FeatureTopRank></Feature><Feature><FeatureCode>F400035268</FeatureCode><FeatureReferenceName>EPEAT Gold 2</FeatureReferenceName><FeatureName>EPEAT Gold</FeatureName><FeatureLongDescription>EPEAT Gold ile %25 oranında geri dönüştürülmüş malzeme</FeatureLongDescription><FeatureGlossary>Philips EPEAT GOLD onaylı monitörler insan sağlığının ve çevrenin korunmasını sağlarken, iklim değişikliğine neden olan sera gazlarının düşük emisyon değerlerinde olmasını sağlayan, enerji verimliliği sunan cihazlardır. EPEAT programı, alıcıların ABD EPA tarafından desteklenen 51 çevre kriterine dayanarak monitörleri değerlendirmesine, karşılaştırmasına ve seçmesine yardımcı olur. GOLD onayı, kullanılan plastiklerin en az %30'unun Kullanım Sonrası Geri Dönüştürülmüş Ürün olmasını sağlayarak, zehirli ve tehlikeli maddelerin kullanım oranını azaltmaya yardımcı olur. EPEAT Gold, sadece Philips ürününün tescil edildiği yerlerde geçerlidir Ülkenizdeki tescil durumunu öğrenmek için lütfen www.epeat.net adresini ziyaret edin.</FeatureGlossary><FeatureRank>2</FeatureRank><FeatureTopRank>9</FeatureTopRank></Feature><Feature><FeatureCode>F400035269</FeatureCode><FeatureReferenceName>PVC-BFR free housing</FeatureReferenceName><FeatureName>PVC-BFR içermeyen kasa</FeatureName><FeatureLongDescription>PVC-BFR içermeyen kasa</FeatureLongDescription><FeatureGlossary>Bu Philips monitörün kasası brom bazlı alev geciktirici ve polivinil klorür içermez (PVC-BFR'siz)</FeatureGlossary><FeatureRank>3</FeatureRank><FeatureTopRank>10</FeatureTopRank></Feature></KeyBenefitArea><FeatureLogo><FeatureCode>F400032215</FeatureCode><FeatureReferenceName>LED technology for brilliant images</FeatureReferenceName><FeatureLogoRank>4</FeatureLogoRank></FeatureLogo><FeatureLogo><FeatureCode>F400035289</FeatureCode><FeatureReferenceName>M4 SmartImage</FeatureReferenceName><FeatureLogoRank>5</FeatureLogoRank></FeatureLogo><FeatureLogo><FeatureCode>F400032208</FeatureCode><FeatureReferenceName>16:9 Full HD display for best viewing experience</FeatureReferenceName><FeatureLogoRank>6</FeatureLogoRank></FeatureLogo><FeatureLogo><FeatureCode>F400078929</FeatureCode><FeatureReferenceName>LowBlue Mode</FeatureReferenceName><FeatureLogoRank>7</FeatureLogoRank></FeatureLogo><FeatureLogo><FeatureCode>F400067665</FeatureCode><FeatureReferenceName>Flicker-free technology</FeatureReferenceName><FeatureLogoRank>8</FeatureLogoRank></FeatureLogo><FeatureLogo><FeatureCode>F400080297</FeatureCode><FeatureReferenceName>EasyRead mode_non Pivot</FeatureReferenceName><FeatureLogoRank>9</FeatureLogoRank></FeatureLogo><FeatureLogo><FeatureCode>F300004082</FeatureCode><FeatureReferenceName>Built-in speakers (business)</FeatureReferenceName><FeatureLogoRank>10</FeatureLogoRank></FeatureLogo><FeatureLogo><FeatureCode>F400016234</FeatureCode><FeatureReferenceName>HDMI Ready</FeatureReferenceName><FeatureLogoRank>11</FeatureLogoRank></FeatureLogo><FeatureLogo><FeatureCode>F400018029</FeatureCode><FeatureReferenceName>EPEAT Gold</FeatureReferenceName><FeatureLogoRank>12</FeatureLogoRank></FeatureLogo><FeatureLogo><FeatureCode>F400018646</FeatureCode><FeatureReferenceName>TCO 5.0 compliance</FeatureReferenceName><FeatureLogoRank>13</FeatureLogoRank></FeatureLogo><FeatureLogo><FeatureCode>F400019722</FeatureCode><FeatureReferenceName>Mercury Free</FeatureReferenceName><FeatureLogoRank>14</FeatureLogoRank></FeatureLogo><FeatureImage><FeatureCode>F400035289</FeatureCode><FeatureReferenceName>M4 SmartImage</FeatureReferenceName><FeatureImageRank>1</FeatureImageRank></FeatureImage><FeatureImage><FeatureCode>F400071757</FeatureCode><FeatureReferenceName>16:9 Full HD display_2015</FeatureReferenceName><FeatureImageRank>2</FeatureImageRank></FeatureImage><FeatureImage><FeatureCode>F400078929</FeatureCode><FeatureReferenceName>LowBlue Mode</FeatureReferenceName><FeatureImageRank>3</FeatureImageRank></FeatureImage><FeatureImage><FeatureCode>F400067665</FeatureCode><FeatureReferenceName>Flicker-free technology</FeatureReferenceName><FeatureImageRank>4</FeatureImageRank></FeatureImage><FeatureImage><FeatureCode>F400080297</FeatureCode><FeatureReferenceName>EasyRead mode_non Pivot</FeatureReferenceName><FeatureImageRank>5</FeatureImageRank></FeatureImage><FeatureImage><FeatureCode>F400035281</FeatureCode><FeatureReferenceName>Built-in stereo speakers for multimedia</FeatureReferenceName><FeatureImageRank>6</FeatureImageRank></FeatureImage><FeatureImage><FeatureCode>F400047687</FeatureCode><FeatureReferenceName>HDMI ready_B2B</FeatureReferenceName><FeatureImageRank>7</FeatureImageRank></FeatureImage><FeatureImage><FeatureCode>F400035272</FeatureCode><FeatureReferenceName>100% Recyclable packaging</FeatureReferenceName><FeatureImageRank>8</FeatureImageRank></FeatureImage><FeatureImage><FeatureCode>F400035268</FeatureCode><FeatureReferenceName>EPEAT Gold 2</FeatureReferenceName><FeatureImageRank>9</FeatureImageRank></FeatureImage><FeatureImage><FeatureCode>F400035269</FeatureCode><FeatureReferenceName>PVC-BFR free housing</FeatureReferenceName><FeatureImageRank>10</FeatureImageRank></FeatureImage><FeatureHighlight><FeatureCode>F400035289</FeatureCode><FeatureReferenceName>M4 SmartImage</FeatureReferenceName><FeatureHighlightRank>1</FeatureHighlightRank></FeatureHighlight><FeatureHighlight><FeatureCode>F400071757</FeatureCode><FeatureReferenceName>16:9 Full HD display_2015</FeatureReferenceName><FeatureHighlightRank>2</FeatureHighlightRank></FeatureHighlight><FeatureHighlight><FeatureCode>F400078929</FeatureCode><FeatureReferenceName>LowBlue Mode</FeatureReferenceName><FeatureHighlightRank>3</FeatureHighlightRank></FeatureHighlight><FeatureHighlight><FeatureCode>F400067665</FeatureCode><FeatureReferenceName>Flicker-free technology</FeatureReferenceName><FeatureHighlightRank>4</FeatureHighlightRank></FeatureHighlight><FeatureHighlight><FeatureCode>F400080297</FeatureCode><FeatureReferenceName>EasyRead mode_non Pivot</FeatureReferenceName><FeatureHighlightRank>5</FeatureHighlightRank></FeatureHighlight><FeatureHighlight><FeatureCode>F400035281</FeatureCode><FeatureReferenceName>Built-in stereo speakers for multimedia</FeatureReferenceName><FeatureHighlightRank>6</FeatureHighlightRank></FeatureHighlight><FeatureHighlight><FeatureCode>F400047687</FeatureCode><FeatureReferenceName>HDMI ready_B2B</FeatureReferenceName><FeatureHighlightRank>7</FeatureHighlightRank></FeatureHighlight><FeatureHighlight><FeatureCode>F400035272</FeatureCode><FeatureReferenceName>100% Recyclable packaging</FeatureReferenceName><FeatureHighlightRank>8</FeatureHighlightRank></FeatureHighlight><FeatureHighlight><FeatureCode>F400035268</FeatureCode><FeatureReferenceName>EPEAT Gold 2</FeatureReferenceName><FeatureHighlightRank>9</FeatureHighlightRank></FeatureHighlight><FeatureHighlight><FeatureCode>F400035269</FeatureCode><FeatureReferenceName>PVC-BFR free housing</FeatureReferenceName><FeatureHighlightRank>10</FeatureHighlightRank></FeatureHighlight><CSChapter><CSChapterCode>3000796</CSChapterCode><CSChapterName>Görüntü/Ekran</CSChapterName><CSChapterRank>1</CSChapterRank><CSItem><CSItemCode>3006169</CSItemCode><CSItemName>LCD panel tipi</CSItemName><CSItemRank>1</CSItemRank><CSItemIsFreeFormat>0</CSItemIsFreeFormat><CSValue><CSValueCode>VA4018793</CSValueCode><CSValueName>TFT-LCD (TN)</CSValueName><CSValueRank>1</CSValueRank></CSValue></CSItem><CSItem><CSItemCode>IT4007209</CSItemCode><CSItemName>Arka aydınlatma tipi</CSItemName><CSItemRank>2</CSItemRank><CSItemIsFreeFormat>1</CSItemIsFreeFormat><CSValue><CSValueCode>VA4018797</CSValueCode><CSValueName>W-LED sistemi</CSValueName><CSValueRank>1</CSValueRank></CSValue></CSItem><CSItem><CSItemCode>3006180</CSItemCode><CSItemName>Panel Boyutu</CSItemName><CSItemRank>3</CSItemRank><CSItemIsFreeFormat>1</CSItemIsFreeFormat><CSValue><CSValueCode>3031218</CSValueCode><CSValueName>54,6 cm / 21,5 inç</CSValueName><CSValueRank>1</CSValueRank></CSValue></CSItem><CSItem><CSItemCode>IT4044130</CSItemCode><CSItemName>Görüntüleme Ekranı Kaplaması</CSItemName><CSItemRank>4</CSItemRank><CSItemIsFreeFormat>1</CSItemIsFreeFormat><CSValue><CSValueCode>VA4101537</CSValueCode><CSValueName>Parlama Önleyici, 3H, %25 Mat</CSValueName><CSValueRank>1</CSValueRank></CSValue></CSItem><CSItem><CSItemCode>3006149</CSItemCode><CSItemName>Etkin izleme alanı</CSItemName><CSItemRank>5</CSItemRank><CSItemIsFreeFormat>1</CSItemIsFreeFormat><CSValue><CSValueCode>3031161</CSValueCode><CSValueName>476,64 (Y) x 268,11 (Y)</CSValueName><CSValueRank>1</CSValueRank></CSValue></CSItem><CSItem><CSItemCode>3006121</CSItemCode><CSItemName>En-boy oranı</CSItemName><CSItemRank>6</CSItemRank><CSItemIsFreeFormat>0</CSItemIsFreeFormat><CSValue><CSValueCode>3031098</CSValueCode><CSValueName>16:9</CSValueName><CSValueRank>1</CSValueRank></CSValue></CSItem><CSItem><CSItemCode>3006193</CSItemCode><CSItemName>Optimum çözünürlük</CSItemName><CSItemRank>7</CSItemRank><CSItemIsFreeFormat>1</CSItemIsFreeFormat><CSValue><CSValueCode>3031277</CSValueCode><CSValueName>60 Hz'de 1920 x 1080</CSValueName><CSValueRank>1</CSValueRank></CSValue></CSItem><CSItem><CSItemCode>IT4041772</CSItemCode><CSItemName>Piksel Yoğunluğu</CSItemName><CSItemRank>8</CSItemRank><CSItemIsFreeFormat>1</CSItemIsFreeFormat><CSValue><CSValueCode>VA4096901</CSValueCode><CSValueName>102 PPI</CSValueName><CSValueRank>1</CSValueRank></CSValue></CSItem><CSItem><CSItemCode>IT4039893</CSItemCode><CSItemName>Tepki süresi (tipik)</CSItemName><CSItemRank>9</CSItemRank><CSItemIsFreeFormat>1</CSItemIsFreeFormat><CSValue><CSValueCode>VA4093235</CSValueCode><CSValueName>1 ms (Griden Griye)*</CSValueName><CSValueRank>1</CSValueRank></CSValue></CSItem><CSItem><CSItemCode>3006127</CSItemCode><CSItemName>Parlaklık</CSItemName><CSItemRank>10</CSItemRank><CSItemIsFreeFormat>1</CSItemIsFreeFormat><CSValue><CSValueCode>3031110</CSValueCode><CSValueName>250</CSValueName><CSValueRank>1</CSValueRank></CSValue><UnitOfMeasure><UnitOfMeasureCode>3000038</UnitOfMeasureCode><UnitOfMeasureName>metrekare başına aydınlatma (ışık şiddeti)</UnitOfMeasureName><UnitOfMeasureSymbol>cd/m²</UnitOfMeasureSymbol></UnitOfMeasure></CSItem><CSItem><CSItemCode>3006133</CSItemCode><CSItemName>Kontrast oranı (tipik)</CSItemName><CSItemRank>11</CSItemRank><CSItemIsFreeFormat>1</CSItemIsFreeFormat><CSValue><CSValueCode>3031116</CSValueCode><CSValueName>1000:1</CSValueName><CSValueRank>1</CSValueRank></CSValue></CSItem><CSItem><CSItemCode>IT4006148</CSItemCode><CSItemName>SmartContrast</CSItemName><CSItemRank>12</CSItemRank><CSItemIsFreeFormat>1</CSItemIsFreeFormat><CSValue><CSValueCode>VA4017351</CSValueCode><CSValueName>20.000.000:1</CSValueName><CSValueRank>1</CSValueRank></CSValue></CSItem><CSItem><CSItemCode>3006186</CSItemCode><CSItemName>Piksel aralığı</CSItemName><CSItemRank>13</CSItemRank><CSItemIsFreeFormat>1</CSItemIsFreeFormat><CSValue><CSValueCode>3031270</CSValueCode><CSValueName>0,248 x 0,248 mm</CSValueName><CSValueRank>1</CSValueRank></CSValue></CSItem><CSItem><CSItemCode>3007518</CSItemCode><CSItemName>İzleme açısı</CSItemName><CSItemRank>14</CSItemRank><CSItemIsFreeFormat>0</CSItemIsFreeFormat><CSValue><CSValueCode>VA4000181</CSValueCode><CSValueName>170º (Y) / 160º (D)</CSValueName><CSValueRank>1</CSValueRank></CSValue><CSValue><CSValueCode>3035028</CSValueCode><CSValueName>C/R &gt; 10 ise</CSValueName><CSValueRank>2</CSValueRank></CSValue></CSItem><CSItem><CSItemCode>IT4036934</CSItemCode><CSItemName>Flicker-free</CSItemName><CSItemRank>15</CSItemRank><CSItemIsFreeFormat>1</CSItemIsFreeFormat><CSValue><CSValueCode>VA4085801</CSValueCode><CSValueName>Evet</CSValueName><CSValueRank>1</CSValueRank></CSValue></CSItem><CSItem><CSItemCode>3006183</CSItemCode><CSItemName>Görüntü güçlendirme</CSItemName><CSItemRank>16</CSItemRank><CSItemIsFreeFormat>0</CSItemIsFreeFormat><CSValue><CSValueCode>3049169</CSValueCode><CSValueName>SmartImage</CSValueName><CSValueRank>1</CSValueRank></CSValue></CSItem><CSItem><CSItemCode>3006143</CSItemCode><CSItemName>Ekran renkleri</CSItemName><CSItemRank>17</CSItemRank><CSItemIsFreeFormat>1</CSItemIsFreeFormat><CSValue><CSValueCode>3031126</CSValueCode><CSValueName>16,7 M</CSValueName><CSValueRank>1</CSValueRank></CSValue></CSItem><CSItem><CSItemCode>IT4034031</CSItemCode><CSItemName>Renk gamı (tipik)</CSItemName><CSItemRank>18</CSItemRank><CSItemIsFreeFormat>1</CSItemIsFreeFormat><CSValue><CSValueCode>VA4079201</CSValueCode><CSValueName>NTSC %72 (CIE1931)</CSValueName><CSValueRank>1</CSValueRank></CSValue></CSItem><CSItem><CSItemCode>IT4006149</CSItemCode><CSItemName>Tarama Frekansı</CSItemName><CSItemRank>19</CSItemRank><CSItemIsFreeFormat>1</CSItemIsFreeFormat><CSValue><CSValueCode>VA4017352</CSValueCode><CSValueName>Yatay: 30 - 83 kHz (Analog); 30 - 85 kHz (HDMI, HDMI için Adaptive Sync) / Dikey: 50 - 76 Hz (Analog, Dijital); 48 - 76 Hz (HDMI, HDMI için Uyarlamalı Eşitleme)</CSValueName><CSValueRank>1</CSValueRank></CSValue></CSItem><CSItem><CSItemCode>3006207</CSItemCode><CSItemName>sRGB</CSItemName><CSItemRank>20</CSItemRank><CSItemIsFreeFormat>1</CSItemIsFreeFormat><CSValue><CSValueCode>3031306</CSValueCode><CSValueName>Evet</CSValueName><CSValueRank>1</CSValueRank></CSValue></CSItem><CSItem><CSItemCode>IT4042894</CSItemCode><CSItemName>EasyRead</CSItemName><CSItemRank>21</CSItemRank><CSItemIsFreeFormat>1</CSItemIsFreeFormat><CSValue><CSValueCode>VA4099133</CSValueCode><CSValueName>Evet</CSValueName><CSValueRank>1</CSValueRank></CSValue></CSItem><CSItem><CSItemCode>IT4042826</CSItemCode><CSItemName>LowBlue Modu</CSItemName><CSItemRank>22</CSItemRank><CSItemIsFreeFormat>1</CSItemIsFreeFormat><CSValue><CSValueCode>VA4098941</CSValueCode><CSValueName>Evet</CSValueName><CSValueRank>1</CSValueRank></CSValue></CSItem><CSItem><CSItemCode>IT4042884</CSItemCode><CSItemName>Adaptive sync</CSItemName><CSItemRank>23</CSItemRank><CSItemIsFreeFormat>1</CSItemIsFreeFormat><CSValue><CSValueCode>VA4099058</CSValueCode><CSValueName>Evet</CSValueName><CSValueRank>1</CSValueRank></CSValue></CSItem></CSChapter><CSChapter><CSChapterCode>3000813</CSChapterCode><CSChapterName>Bağlantı</CSChapterName><CSChapterRank>3</CSChapterRank><CSItem><CSItemCode>3006576</CSItemCode><CSItemName>Sinyal Girişi</CSItemName><CSItemRank>1</CSItemRank><CSItemIsFreeFormat>0</CSItemIsFreeFormat><CSValue><CSValueCode>VA4015427</CSValueCode><CSValueName>DVI-D (dijital, HDCP)</CSValueName><CSValueRank>1</CSValueRank></CSValue><CSValue><CSValueCode>3036216</CSValueCode><CSValueName>VGA (Analog)</CSValueName><CSValueRank>2</CSValueRank></CSValue><CSValue><CSValueCode>VA4095923</CSValueCode><CSValueName>HDMI 1.4</CSValueName><CSValueRank>3</CSValueRank></CSValue></CSItem><CSItem><CSItemCode>3006588</CSItemCode><CSItemName>Sync Girişi</CSItemName><CSItemRank>2</CSItemRank><CSItemIsFreeFormat>0</CSItemIsFreeFormat><CSValue><CSValueCode>3032392</CSValueCode><CSValueName>Ayrı Sync</CSValueName><CSValueRank>1</CSValueRank></CSValue><CSValue><CSValueCode>3032393</CSValueCode><CSValueName>Sync Yeşil</CSValueName><CSValueRank>2</CSValueRank></CSValue></CSItem><CSItem><CSItemCode>IT4005621</CSItemCode><CSItemName>Ses (Giriş/Çıkış)</CSItemName><CSItemRank>3</CSItemRank><CSItemIsFreeFormat>0</CSItemIsFreeFormat><CSValue><CSValueCode>VA4025083</CSValueCode><CSValueName>PC ses girişi</CSValueName><CSValueRank>1</CSValueRank></CSValue><CSValue><CSValueCode>VA4025085</CSValueCode><CSValueName>Kulaklık çıkışı</CSValueName><CSValueRank>2</CSValueRank></CSValue></CSItem></CSChapter><CSChapter><CSChapterCode>3000814</CSChapterCode><CSChapterName>Kullanılabilirlik</CSChapterName><CSChapterRank>4</CSChapterRank><CSItem><CSItemCode>IT4014853</CSItemCode><CSItemName>Dahili Hoparlörler</CSItemName><CSItemRank>1</CSItemRank><CSItemIsFreeFormat>1</CSItemIsFreeFormat><CSValue><CSValueCode>VA4028064</CSValueCode><CSValueName>2 W x 2</CSValueName><CSValueRank>1</CSValueRank></CSValue></CSItem><CSItem><CSItemCode>3006633</CSItemCode><CSItemName>Kullanıcı rahatlığı</CSItemName><CSItemRank>2</CSItemRank><CSItemIsFreeFormat>0</CSItemIsFreeFormat><CSValue><CSValueCode>VA4015428</CSValueCode><CSValueName>SmartImage</CSValueName><CSValueRank>1</CSValueRank></CSValue><CSValue><CSValueCode>VA4017358</CSValueCode><CSValueName>Giriş</CSValueName><CSValueRank>2</CSValueRank></CSValue><CSValue><CSValueCode>VA4017356</CSValueCode><CSValueName>Parlaklık</CSValueName><CSValueRank>3</CSValueRank></CSValue><CSValue><CSValueCode>VA4017357</CSValueCode><CSValueName>Menü</CSValueName><CSValueRank>4</CSValueRank></CSValue><CSValue><CSValueCode>VA4017554</CSValueCode><CSValueName>Açık/Kapalı</CSValueName><CSValueRank>5</CSValueRank></CSValue></CSItem><CSItem><CSItemCode>IT4019071</CSItemCode><CSItemName>Kontrol yazılımı</CSItemName><CSItemRank>3</CSItemRank><CSItemIsFreeFormat>0</CSItemIsFreeFormat><CSValue><CSValueCode>VA4085179</CSValueCode><CSValueName>SmartControl</CSValueName><CSValueRank>1</CSValueRank></CSValue></CSItem><CSItem><CSItemCode>3006693</CSItemCode><CSItemName>OSD Dilleri</CSItemName><CSItemRank>4</CSItemRank><CSItemIsFreeFormat>0</CSItemIsFreeFormat><CSValue><CSValueCode>VA4065363</CSValueCode><CSValueName>Brezilya Portekizcesi</CSValueName><CSValueRank>1</CSValueRank></CSValue><CSValue><CSValueCode>3034561</CSValueCode><CSValueName>Çekçe</CSValueName><CSValueRank>2</CSValueRank></CSValue><CSValue><CSValueCode>3034565</CSValueCode><CSValueName>Felemenkçe</CSValueName><CSValueRank>3</CSValueRank></CSValue><CSValue><CSValueCode>3032771</CSValueCode><CSValueName>İngilizce</CSValueName><CSValueRank>4</CSValueRank></CSValue><CSValue><CSValueCode>VA4063224</CSValueCode><CSValueName>Fince</CSValueName><CSValueRank>5</CSValueRank></CSValue><CSValue><CSValueCode>3032772</CSValueCode><CSValueName>Fransızca</CSValueName><CSValueRank>6</CSValueRank></CSValue><CSValue><CSValueCode>3032773</CSValueCode><CSValueName>Almanca</CSValueName><CSValueRank>7</CSValueRank></CSValue><CSValue><CSValueCode>VA4002508</CSValueCode><CSValueName>Yunanca</CSValueName><CSValueRank>8</CSValueRank></CSValue><CSValue><CSValueCode>3034563</CSValueCode><CSValueName>Macarca</CSValueName><CSValueRank>9</CSValueRank></CSValue><CSValue><CSValueCode>3032774</CSValueCode><CSValueName>İtalyanca</CSValueName><CSValueRank>10</CSValueRank></CSValue><CSValue><CSValueCode>3038221</CSValueCode><CSValueName>Japonca</CSValueName><CSValueRank>11</CSValueRank></CSValue><CSValue><CSValueCode>3039946</CSValueCode><CSValueName>Korece</CSValueName><CSValueRank>12</CSValueRank></CSValue><CSValue><CSValueCode>3034564</CSValueCode><CSValueName>Lehçe</CSValueName><CSValueRank>13</CSValueRank></CSValue><CSValue><CSValueCode>3032775</CSValueCode><CSValueName>Portekizce</CSValueName><CSValueRank>14</CSValueRank></CSValue><CSValue><CSValueCode>3032776</CSValueCode><CSValueName>Rusça</CSValueName><CSValueRank>15</CSValueRank></CSValue><CSValue><CSValueCode>3034114</CSValueCode><CSValueName>Basitleştirilmiş Çince</CSValueName><CSValueRank>16</CSValueRank></CSValue><CSValue><CSValueCode>3032777</CSValueCode><CSValueName>İspanyolca</CSValueName><CSValueRank>17</CSValueRank></CSValue><CSValue><CSValueCode>3034562</CSValueCode><CSValueName>İsveççe</CSValueName><CSValueRank>18</CSValueRank></CSValue><CSValue><CSValueCode>3034115</CSValueCode><CSValueName>Klasik Çince</CSValueName><CSValueRank>19</CSValueRank></CSValue><CSValue><CSValueCode>3035749</CSValueCode><CSValueName>Türkçe</CSValueName><CSValueRank>20</CSValueRank></CSValue><CSValue><CSValueCode>VA4065364</CSValueCode><CSValueName>Ukraynaca</CSValueName><CSValueRank>21</CSValueRank></CSValue></CSItem><CSItem><CSItemCode>3006694</CSItemCode><CSItemName>Diğer kolaylıklar</CSItemName><CSItemRank>5</CSItemRank><CSItemIsFreeFormat>0</CSItemIsFreeFormat><CSValue><CSValueCode>3032778</CSValueCode><CSValueName>Kensington kilidi</CSValueName><CSValueRank>1</CSValueRank></CSValue><CSValue><CSValueCode>VA4016754</CSValueCode><CSValueName>VESA montaj (100x100 mm)</CSValueName><CSValueRank>2</CSValueRank></CSValue></CSItem><CSItem><CSItemCode>3006699</CSItemCode><CSItemName>Tak ve Çalıştır Uyumluluğu</CSItemName><CSItemRank>6</CSItemRank><CSItemIsFreeFormat>0</CSItemIsFreeFormat><CSValue><CSValueCode>3043209</CSValueCode><CSValueName>DDC CI</CSValueName><CSValueRank>1</CSValueRank></CSValue><CSValue><CSValueCode>3046249</CSValueCode><CSValueName>Mac OS X</CSValueName><CSValueRank>2</CSValueRank></CSValue><CSValue><CSValueCode>3032788</CSValueCode><CSValueName>sRGB</CSValueName><CSValueRank>3</CSValueRank></CSValue><CSValue><CSValueCode>VA4091311</CSValueCode><CSValueName>Windows 10 / 8.1 / 8 / 7</CSValueName><CSValueRank>4</CSValueRank></CSValue></CSItem></CSChapter><CSChapter><CSChapterCode>CH4000824</CSChapterCode><CSChapterName>Stand</CSChapterName><CSChapterRank>5</CSChapterRank><CSItem><CSItemCode>IT4004954</CSItemCode><CSItemName>Eğilme</CSItemName><CSItemRank>1</CSItemRank><CSItemIsFreeFormat>1</CSItemIsFreeFormat><CSValue><CSValueCode>VA4015659</CSValueCode><CSValueName>-5/25</CSValueName><CSValueRank>1</CSValueRank></CSValue><UnitOfMeasure><UnitOfMeasureCode>3000042</UnitOfMeasureCode><UnitOfMeasureName>derece</UnitOfMeasureName><UnitOfMeasureSymbol>derece</UnitOfMeasureSymbol></UnitOfMeasure></CSItem></CSChapter><CSChapter><CSChapterCode>3000821</CSChapterCode><CSChapterName>Güç</CSChapterName><CSChapterRank>6</CSChapterRank><CSItem><CSItemCode>IT4006562</CSItemCode><CSItemName>Ekonomik mod</CSItemName><CSItemRank>1</CSItemRank><CSItemIsFreeFormat>1</CSItemIsFreeFormat><CSValue><CSValueCode>VA4017986</CSValueCode><CSValueName>9,1 W (tipik)</CSValueName><CSValueRank>1</CSValueRank></CSValue></CSItem><CSItem><CSItemCode>IT4005861</CSItemCode><CSItemName>Açık modu</CSItemName><CSItemRank>2</CSItemRank><CSItemIsFreeFormat>1</CSItemIsFreeFormat><CSValue><CSValueCode>VA4017025</CSValueCode><CSValueName>14,2 W (tipik) (EnergyStar 7.0 test yöntemi)</CSValueName><CSValueRank>1</CSValueRank></CSValue></CSItem><CSItem><CSItemCode>IT4006150</CSItemCode><CSItemName>Bekleme modu</CSItemName><CSItemRank>3</CSItemRank><CSItemIsFreeFormat>1</CSItemIsFreeFormat><CSValue><CSValueCode>VA4017360</CSValueCode><CSValueName>&lt; 0,3 W (tipik)</CSValueName><CSValueRank>1</CSValueRank></CSValue></CSItem><CSItem><CSItemCode>IT4006081</CSItemCode><CSItemName>Kapalı modu</CSItemName><CSItemRank>4</CSItemRank><CSItemIsFreeFormat>1</CSItemIsFreeFormat><CSValue><CSValueCode>VA4017285</CSValueCode><CSValueName>&lt; 0,3 W (tipik)</CSValueName><CSValueRank>1</CSValueRank></CSValue></CSItem><CSItem><CSItemCode>3006931</CSItemCode><CSItemName>Güç LED göstergesi</CSItemName><CSItemRank>5</CSItemRank><CSItemIsFreeFormat>0</CSItemIsFreeFormat><CSValue><CSValueCode>VA4015465</CSValueCode><CSValueName>Çalışma - Beyaz</CSValueName><CSValueRank>1</CSValueRank></CSValue><CSValue><CSValueCode>VA4017406</CSValueCode><CSValueName>Bekleme modu-Beyaz (yanıp sönen)</CSValueName><CSValueRank>2</CSValueRank></CSValue></CSItem><CSItem><CSItemCode>3006932</CSItemCode><CSItemName>Güç kaynağı</CSItemName><CSItemRank>6</CSItemRank><CSItemIsFreeFormat>0</CSItemIsFreeFormat><CSValue><CSValueCode>3033321</CSValueCode><CSValueName>Dahili</CSValueName><CSValueRank>1</CSValueRank></CSValue><CSValue><CSValueCode>VA4050622</CSValueCode><CSValueName>100-240 VAC, 50-60 Hz</CSValueName><CSValueRank>2</CSValueRank></CSValue></CSItem></CSChapter><CSChapter><CSChapterCode>3000820</CSChapterCode><CSChapterName>Boyutlar</CSChapterName><CSChapterRank>7</CSChapterRank><CSItem><CSItemCode>IT4027351</CSItemCode><CSItemName>Standla birlikte ürün (maks. yükseklik)</CSItemName><CSItemRank>1</CSItemRank><CSItemIsFreeFormat>1</CSItemIsFreeFormat><CSValue><CSValueCode>VA4064381</CSValueCode><CSValueName>504 x 395 x 208</CSValueName><CSValueRank>1</CSValueRank></CSValue><UnitOfMeasure><UnitOfMeasureCode>3000058</UnitOfMeasureCode><UnitOfMeasureName>milimetre</UnitOfMeasureName><UnitOfMeasureSymbol>mm</UnitOfMeasureSymbol></UnitOfMeasure></CSItem><CSItem><CSItemCode>IT4005765</CSItemCode><CSItemName>Standsız olarak ürün (mm)</CSItemName><CSItemRank>2</CSItemRank><CSItemIsFreeFormat>1</CSItemIsFreeFormat><CSValue><CSValueCode>VA4016931</CSValueCode><CSValueName>504 x 304 x 47</CSValueName><CSValueRank>1</CSValueRank></CSValue><UnitOfMeasure><UnitOfMeasureCode>3000058</UnitOfMeasureCode><UnitOfMeasureName>milimetre</UnitOfMeasureName><UnitOfMeasureSymbol>mm</UnitOfMeasureSymbol></UnitOfMeasure></CSItem><CSItem><CSItemCode>IT4005766</CSItemCode><CSItemName>mm olarak ambalaj (GxYxD)</CSItemName><CSItemRank>3</CSItemRank><CSItemIsFreeFormat>1</CSItemIsFreeFormat><CSValue><CSValueCode>VA4016932</CSValueCode><CSValueName>560 x 452 x 138</CSValueName><CSValueRank>1</CSValueRank></CSValue><UnitOfMeasure><UnitOfMeasureCode>3000058</UnitOfMeasureCode><UnitOfMeasureName>milimetre</UnitOfMeasureName><UnitOfMeasureSymbol>mm</UnitOfMeasureSymbol></UnitOfMeasure></CSItem></CSChapter><CSChapter><CSChapterCode>CH4000702</CSChapterCode><CSChapterName>Ağırlık</CSChapterName><CSChapterRank>8</CSChapterRank><CSItem><CSItemCode>IT4005770</CSItemCode><CSItemName>Standla birlikte ürün (kg)</CSItemName><CSItemRank>1</CSItemRank><CSItemIsFreeFormat>1</CSItemIsFreeFormat><CSValue><CSValueCode>VA4016936</CSValueCode><CSValueName>2,80</CSValueName><CSValueRank>1</CSValueRank></CSValue><UnitOfMeasure><UnitOfMeasureCode>3000049</UnitOfMeasureCode><UnitOfMeasureName>kilogram</UnitOfMeasureName><UnitOfMeasureSymbol>kg</UnitOfMeasureSymbol></UnitOfMeasure></CSItem><CSItem><CSItemCode>IT4005771</CSItemCode><CSItemName>Standsız olarak ürün (kg)</CSItemName><CSItemRank>2</CSItemRank><CSItemIsFreeFormat>1</CSItemIsFreeFormat><CSValue><CSValueCode>VA4016937</CSValueCode><CSValueName>2,46</CSValueName><CSValueRank>1</CSValueRank></CSValue><UnitOfMeasure><UnitOfMeasureCode>3000049</UnitOfMeasureCode><UnitOfMeasureName>kilogram</UnitOfMeasureName><UnitOfMeasureSymbol>kg</UnitOfMeasureSymbol></UnitOfMeasure></CSItem><CSItem><CSItemCode>IT4005772</CSItemCode><CSItemName>Ambalajla birlikte ürün (kg)</CSItemName><CSItemRank>3</CSItemRank><CSItemIsFreeFormat>1</CSItemIsFreeFormat><CSValue><CSValueCode>VA4016938</CSValueCode><CSValueName>4,41</CSValueName><CSValueRank>1</CSValueRank></CSValue><UnitOfMeasure><UnitOfMeasureCode>3000049</UnitOfMeasureCode><UnitOfMeasureName>kilogram</UnitOfMeasureName><UnitOfMeasureSymbol>kg</UnitOfMeasureSymbol></UnitOfMeasure></CSItem></CSChapter><CSChapter><CSChapterCode>CH4000823</CSChapterCode><CSChapterName>Çalışma koşulları</CSChapterName><CSChapterRank>9</CSChapterRank><CSItem><CSItemCode>IT4004946</CSItemCode><CSItemName>Sıcaklık aralığı (çalışma)</CSItemName><CSItemRank>1</CSItemRank><CSItemIsFreeFormat>1</CSItemIsFreeFormat><CSValue><CSValueCode>VA4015651</CSValueCode><CSValueName>0°C - 40°C</CSValueName><CSValueRank>1</CSValueRank></CSValue><UnitOfMeasure><UnitOfMeasureCode>3000081</UnitOfMeasureCode><UnitOfMeasureName>Santigrat derece</UnitOfMeasureName><UnitOfMeasureSymbol>°C</UnitOfMeasureSymbol></UnitOfMeasure></CSItem><CSItem><CSItemCode>IT4004947</CSItemCode><CSItemName>Sıcaklık aralığı (saklama)</CSItemName><CSItemRank>2</CSItemRank><CSItemIsFreeFormat>1</CSItemIsFreeFormat><CSValue><CSValueCode>VA4015652</CSValueCode><CSValueName>-20°C - 60°C</CSValueName><CSValueRank>1</CSValueRank></CSValue><UnitOfMeasure><UnitOfMeasureCode>3000081</UnitOfMeasureCode><UnitOfMeasureName>Santigrat derece</UnitOfMeasureName><UnitOfMeasureSymbol>°C</UnitOfMeasureSymbol></UnitOfMeasure></CSItem><CSItem><CSItemCode>IT4004948</CSItemCode><CSItemName>Bağıl nem</CSItemName><CSItemRank>3</CSItemRank><CSItemIsFreeFormat>1</CSItemIsFreeFormat><CSValue><CSValueCode>VA4015653</CSValueCode><CSValueName>%20-80</CSValueName><CSValueRank>1</CSValueRank></CSValue><UnitOfMeasure><UnitOfMeasureCode>3000065</UnitOfMeasureCode><UnitOfMeasureName>yüzde</UnitOfMeasureName><UnitOfMeasureSymbol>%</UnitOfMeasureSymbol></UnitOfMeasure></CSItem><CSItem><CSItemCode>IT4023612</CSItemCode><CSItemName>Yükseklik</CSItemName><CSItemRank>4</CSItemRank><CSItemIsFreeFormat>1</CSItemIsFreeFormat><CSValue><CSValueCode>VA4054761</CSValueCode><CSValueName>Çalışma: 3658 m (+12.000 ft), Çalışmama: 12.192 m (+40.000 ft)</CSValueName><CSValueRank>1</CSValueRank></CSValue></CSItem><CSItem><CSItemCode>IT4036063</CSItemCode><CSItemName>MTBF (gösterilen)</CSItemName><CSItemRank>5</CSItemRank><CSItemIsFreeFormat>1</CSItemIsFreeFormat><CSValue><CSValueCode>VA4083919</CSValueCode><CSValueName>70.000 saat (arka aydınlatma hariç)</CSValueName><CSValueRank>1</CSValueRank></CSValue></CSItem></CSChapter><CSChapter><CSChapterCode>CH4000822</CSChapterCode><CSChapterName>Sürdürülebilirlik</CSChapterName><CSChapterRank>10</CSChapterRank><CSItem><CSItemCode>IT4004941</CSItemCode><CSItemName>Çevre ve enerji</CSItemName><CSItemRank>1</CSItemRank><CSItemIsFreeFormat>0</CSItemIsFreeFormat><CSValue><CSValueCode>VA4094404</CSValueCode><CSValueName>EnergyStar 7.0</CSValueName><CSValueRank>1</CSValueRank></CSValue><CSValue><CSValueCode>VA4060101</CSValueCode><CSValueName>EPEAT Gold*</CSValueName><CSValueRank>2</CSValueRank></CSValue><CSValue><CSValueCode>VA4102696</CSValueCode><CSValueName>TCO sertifikalı</CSValueName><CSValueRank>3</CSValueRank></CSValue><CSValue><CSValueCode>VA4015645</CSValueCode><CSValueName>RoHS</CSValueName><CSValueRank>4</CSValueRank></CSValue><CSValue><CSValueCode>VA4017527</CSValueCode><CSValueName>WEEE</CSValueName><CSValueRank>5</CSValueRank></CSValue></CSItem><CSItem><CSItemCode>IT4004944</CSItemCode><CSItemName>Geri dönüştürülebilir ambalaj malzemesi</CSItemName><CSItemRank>2</CSItemRank><CSItemIsFreeFormat>1</CSItemIsFreeFormat><CSValue><CSValueCode>VA4015649</CSValueCode><CSValueName>100</CSValueName><CSValueRank>1</CSValueRank></CSValue><UnitOfMeasure><UnitOfMeasureCode>3000065</UnitOfMeasureCode><UnitOfMeasureName>yüzde</UnitOfMeasureName><UnitOfMeasureSymbol>%</UnitOfMeasureSymbol></UnitOfMeasure></CSItem><CSItem><CSItemCode>IT4019073</CSItemCode><CSItemName>Geri dönüştürülmüş plastik</CSItemName><CSItemRank>3</CSItemRank><CSItemIsFreeFormat>0</CSItemIsFreeFormat><CSValue><CSValueCode>VA4079247</CSValueCode><CSValueName>%25</CSValueName><CSValueRank>1</CSValueRank></CSValue></CSItem><CSItem><CSItemCode>IT4018633</CSItemCode><CSItemName>Spesifik Maddeler</CSItemName><CSItemRank>4</CSItemRank><CSItemIsFreeFormat>0</CSItemIsFreeFormat><CSValue><CSValueCode>VA4039543</CSValueCode><CSValueName>PVC / BFR içermeyen kasa</CSValueName><CSValueRank>1</CSValueRank></CSValue><CSValue><CSValueCode>VA4042544</CSValueCode><CSValueName>Cıva içermez</CSValueName><CSValueRank>2</CSValueRank></CSValue><CSValue><CSValueCode>VA4042543</CSValueCode><CSValueName>Kurşunsuz</CSValueName><CSValueRank>3</CSValueRank></CSValue></CSItem></CSChapter><CSChapter><CSChapterCode>CH4001161</CSChapterCode><CSChapterName>Uyumluluk ve standartlar</CSChapterName><CSChapterRank>11</CSChapterRank><CSItem><CSItemCode>IT4006152</CSItemCode><CSItemName>Yasal Onaylar</CSItemName><CSItemRank>1</CSItemRank><CSItemIsFreeFormat>0</CSItemIsFreeFormat><CSValue><CSValueCode>VA4017361</CSValueCode><CSValueName>CE İşareti</CSValueName><CSValueRank>1</CSValueRank></CSValue><CSValue><CSValueCode>VA4027482</CSValueCode><CSValueName>FCC Sınıf B</CSValueName><CSValueRank>2</CSValueRank></CSValue><CSValue><CSValueCode>VA4017365</CSValueCode><CSValueName>SEMKO</CSValueName><CSValueRank>3</CSValueRank></CSValue><CSValue><CSValueCode>VA4083906</CSValueCode><CSValueName>CU-EAC</CSValueName><CSValueRank>4</CSValueRank></CSValue><CSValue><CSValueCode>VA4054941</CSValueCode><CSValueName>EPA</CSValueName><CSValueRank>5</CSValueRank></CSValue><CSValue><CSValueCode>VA4085218</CSValueCode><CSValueName>UKRAYNACA</CSValueName><CSValueRank>6</CSValueRank></CSValue><CSValue><CSValueCode>VA4083905</CSValueCode><CSValueName>ICES-003</CSValueName><CSValueRank>7</CSValueRank></CSValue><CSValue><CSValueCode>VA4084844</CSValueCode><CSValueName>MEPS</CSValueName><CSValueRank>9</CSValueRank></CSValue><CSValue><CSValueCode>VA4017528</CSValueCode><CSValueName>BSMI</CSValueName><CSValueRank>10</CSValueRank></CSValue><CSValue><CSValueCode>VA4033549</CSValueCode><CSValueName>PSB</CSValueName><CSValueRank>11</CSValueRank></CSValue><CSValue><CSValueCode>VA4054950</CSValueCode><CSValueName>CEL</CSValueName><CSValueRank>12</CSValueRank></CSValue><CSValue><CSValueCode>VA4083904</CSValueCode><CSValueName>VCCI</CSValueName><CSValueRank>13</CSValueRank></CSValue><CSValue><CSValueCode>VA4064941</CSValueCode><CSValueName>cETLus</CSValueName><CSValueRank>14</CSValueRank></CSValue><CSValue><CSValueCode>VA4017369</CSValueCode><CSValueName>TUV Ergo</CSValueName><CSValueRank>15</CSValueRank></CSValue><CSValue><CSValueCode>VA4017368</CSValueCode><CSValueName>TUV/GS</CSValueName><CSValueRank>16</CSValueRank></CSValue><CSValue><CSValueCode>VA4050621</CSValueCode><CSValueName>TUV/ISO9241-307</CSValueName><CSValueRank>17</CSValueRank></CSValue></CSItem></CSChapter><CSChapter><CSChapterCode>CH4000825</CSChapterCode><CSChapterName>Kasa</CSChapterName><CSChapterRank>12</CSChapterRank><CSItem><CSItemCode>IT4019074</CSItemCode><CSItemName>Ön çerçeve</CSItemName><CSItemRank>1</CSItemRank><CSItemIsFreeFormat>1</CSItemIsFreeFormat><CSValue><CSValueCode>VA4042547</CSValueCode><CSValueName>Siyah/Siyah</CSValueName><CSValueRank>1</CSValueRank></CSValue></CSItem><CSItem><CSItemCode>IT4019075</CSItemCode><CSItemName>Arka kapak</CSItemName><CSItemRank>2</CSItemRank><CSItemIsFreeFormat>1</CSItemIsFreeFormat><CSValue><CSValueCode>VA4042548</CSValueCode><CSValueName>Siyah/Siyah</CSValueName><CSValueRank>1</CSValueRank></CSValue></CSItem><CSItem><CSItemCode>IT4019076</CSItemCode><CSItemName>Ayak</CSItemName><CSItemRank>3</CSItemRank><CSItemIsFreeFormat>1</CSItemIsFreeFormat><CSValue><CSValueCode>VA4042549</CSValueCode><CSValueName>Siyah/Siyah</CSValueName><CSValueRank>1</CSValueRank></CSValue></CSItem><CSItem><CSItemCode>IT4004956</CSItemCode><CSItemName>Kaplama</CSItemName><CSItemRank>4</CSItemRank><CSItemIsFreeFormat>1</CSItemIsFreeFormat><CSValue><CSValueCode>VA4015661</CSValueCode><CSValueName>Doku</CSValueName><CSValueRank>1</CSValueRank></CSValue></CSItem></CSChapter><CSChapter><CSChapterCode>CH4008581</CSChapterCode><CSChapterName>Kutuda neler var?</CSChapterName><CSChapterRank>15</CSChapterRank><CSItem><CSItemCode>IT4040999</CSItemCode><CSItemName>Monitör ve stand</CSItemName><CSItemRank>1</CSItemRank><CSItemIsFreeFormat>1</CSItemIsFreeFormat><CSValue><CSValueCode>VA4095569</CSValueCode><CSValueName>Evet</CSValueName><CSValueRank>1</CSValueRank></CSValue></CSItem><CSItem><CSItemCode>IT4041000</CSItemCode><CSItemName>Kablolar</CSItemName><CSItemRank>2</CSItemRank><CSItemIsFreeFormat>1</CSItemIsFreeFormat><CSValue><CSValueCode>VA4095570</CSValueCode><CSValueName>D-Sub kablosu, HDMI kablosu, Ses kablosu, Güç kablosu</CSValueName><CSValueRank>1</CSValueRank></CSValue></CSItem><CSItem><CSItemCode>IT4041030</CSItemCode><CSItemName>Kullanıcı Belgeleri</CSItemName><CSItemRank>3</CSItemRank><CSItemIsFreeFormat>1</CSItemIsFreeFormat><CSValue><CSValueCode>VA4095604</CSValueCode><CSValueName>Evet</CSValueName><CSValueRank>1</CSValueRank></CSValue></CSItem></CSChapter><Filters><Purpose type="Comparison"><Features><Feature code="F400035289" rank="1" referenceName="M4 SmartImage"/><Feature code="F400071757" rank="2" referenceName="16:9 Full HD display_2015"/><Feature code="F400078929" rank="3" referenceName="LowBlue Mode"/><Feature code="F400067665" rank="4" referenceName="Flicker-free technology"/><Feature code="F400080297" rank="5" referenceName="EasyRead mode_non Pivot"/><Feature code="F400035281" rank="6" referenceName="Built-in stereo speakers for multimedia"/><Feature code="F400047687" rank="7" referenceName="HDMI ready_B2B"/><Feature code="F400035272" rank="8" referenceName="100% Recyclable packaging"/><Feature code="F400035268" rank="9" referenceName="EPEAT Gold 2"/><Feature code="F400035269" rank="10" referenceName="PVC-BFR free housing"/></Features><CSItems><CSItem code="3006169" rank="1" referenceName="Görüntü/Ekran - LCD panel tipi"/><CSItem code="3006576" rank="1" referenceName="Bağlantı - Sinyal Girişi"/><CSItem code="IT4014853" rank="1" referenceName="Kullanılabilirlik - Dahili Hoparlörler"/><CSItem code="IT4004954" rank="1" referenceName="Stand - Eğilme"/><CSItem code="IT4006562" rank="1" referenceName="Güç - Ekonomik mod"/><CSItem code="IT4027351" rank="1" referenceName="Boyutlar - Standla birlikte ürün (maks. yükseklik)"/><CSItem code="IT4005770" rank="1" referenceName="Ağırlık - Standla birlikte ürün (kg)"/><CSItem code="IT4004946" rank="1" referenceName="Çalışma koşulları - Sıcaklık aralığı (çalışma)"/><CSItem code="IT4004941" rank="1" referenceName="Sürdürülebilirlik - Çevre ve enerji"/><CSItem code="IT4006152" rank="1" referenceName="Uyumluluk ve standartlar - Yasal Onaylar"/><CSItem code="IT4019074" rank="1" referenceName="Kasa - Ön çerçeve"/><CSItem code="IT4040999" rank="1" referenceName="Kutuda neler var? - Monitör ve stand"/><CSItem code="IT4007209" rank="2" referenceName="Görüntü/Ekran - Arka aydınlatma tipi"/><CSItem code="3006588" rank="2" referenceName="Bağlantı - Sync Girişi"/><CSItem code="3006633" rank="2" referenceName="Kullanılabilirlik - Kullanıcı rahatlığı"/><CSItem code="IT4005861" rank="2" referenceName="Güç - Açık modu"/><CSItem code="IT4005765" rank="2" referenceName="Boyutlar - Standsız olarak ürün (mm)"/><CSItem code="IT4005771" rank="2" referenceName="Ağırlık - Standsız olarak ürün (kg)"/><CSItem code="IT4004947" rank="2" referenceName="Çalışma koşulları - Sıcaklık aralığı (saklama)"/><CSItem code="IT4004944" rank="2" referenceName="Sürdürülebilirlik - Geri dönüştürülebilir ambalaj malzemesi"/><CSItem code="IT4019075" rank="2" referenceName="Kasa - Arka kapak"/><CSItem code="IT4041000" rank="2" referenceName="Kutuda neler var? - Kablolar"/><CSItem code="3006180" rank="3" referenceName="Görüntü/Ekran - Panel Boyutu"/><CSItem code="IT4005621" rank="3" referenceName="Bağlantı - Ses (Giriş/Çıkış)"/><CSItem code="IT4019071" rank="3" referenceName="Kullanılabilirlik - Kontrol yazılımı"/><CSItem code="IT4006150" rank="3" referenceName="Güç - Bekleme modu"/><CSItem code="IT4005766" rank="3" referenceName="Boyutlar - mm olarak ambalaj (GxYxD)"/><CSItem code="IT4005772" rank="3" referenceName="Ağırlık - Ambalajla birlikte ürün (kg)"/><CSItem code="IT4004948" rank="3" referenceName="Çalışma koşulları - Bağıl nem"/><CSItem code="IT4019073" rank="3" referenceName="Sürdürülebilirlik - Geri dönüştürülmüş plastik"/><CSItem code="IT4019076" rank="3" referenceName="Kasa - Ayak"/><CSItem code="IT4041030" rank="3" referenceName="Kutuda neler var? - Kullanıcı Belgeleri"/><CSItem code="IT4044130" rank="4" referenceName="Görüntü/Ekran - Görüntüleme Ekranı Kaplaması"/><CSItem code="3006693" rank="4" referenceName="Kullanılabilirlik - OSD Dilleri"/><CSItem code="IT4006081" rank="4" referenceName="Güç - Kapalı modu"/><CSItem code="IT4023612" rank="4" referenceName="Çalışma koşulları - Yükseklik"/><CSItem code="IT4018633" rank="4" referenceName="Sürdürülebilirlik - Spesifik Maddeler"/><CSItem code="IT4004956" rank="4" referenceName="Kasa - Kaplama"/><CSItem code="3006149" rank="5" referenceName="Görüntü/Ekran - Etkin izleme alanı"/><CSItem code="3006694" rank="5" referenceName="Kullanılabilirlik - Diğer kolaylıklar"/><CSItem code="3006931" rank="5" referenceName="Güç - Güç LED göstergesi"/><CSItem code="IT4036063" rank="5" referenceName="Çalışma koşulları - MTBF (gösterilen)"/><CSItem code="3006121" rank="6" referenceName="Görüntü/Ekran - En-boy oranı"/><CSItem code="3006699" rank="6" referenceName="Kullanılabilirlik - Tak ve Çalıştır Uyumluluğu"/><CSItem code="3006932" rank="6" referenceName="Güç - Güç kaynağı"/><CSItem code="3006193" rank="7" referenceName="Görüntü/Ekran - Optimum çözünürlük"/><CSItem code="IT4041772" rank="8" referenceName="Görüntü/Ekran - Piksel Yoğunluğu"/><CSItem code="IT4039893" rank="9" referenceName="Görüntü/Ekran - Tepki süresi (tipik)"/><CSItem code="3006127" rank="10" referenceName="Görüntü/Ekran - Parlaklık"/><CSItem code="3006133" rank="11" referenceName="Görüntü/Ekran - Kontrast oranı (tipik)"/><CSItem code="IT4006148" rank="12" referenceName="Görüntü/Ekran - SmartContrast"/><CSItem code="3006186" rank="13" referenceName="Görüntü/Ekran - Piksel aralığı"/><CSItem code="3007518" rank="14" referenceName="Görüntü/Ekran - İzleme açısı"/><CSItem code="IT4036934" rank="15" referenceName="Görüntü/Ekran - Flicker-free"/><CSItem code="3006183" rank="16" referenceName="Görüntü/Ekran - Görüntü güçlendirme"/><CSItem code="3006143" rank="17" referenceName="Görüntü/Ekran - Ekran renkleri"/><CSItem code="IT4034031" rank="18" referenceName="Görüntü/Ekran - Renk gamı (tipik)"/><CSItem code="IT4006149" rank="19" referenceName="Görüntü/Ekran - Tarama Frekansı"/><CSItem code="3006207" rank="20" referenceName="Görüntü/Ekran - sRGB"/><CSItem code="IT4042894" rank="21" referenceName="Görüntü/Ekran - EasyRead"/><CSItem code="IT4042826" rank="22" referenceName="Görüntü/Ekran - LowBlue Modu"/><CSItem code="IT4042884" rank="23" referenceName="Görüntü/Ekran - Adaptive sync"/></CSItems></Purpose><Purpose type="Detail"><Features><Feature code="F400035289" rank="1" referenceName="M4 SmartImage"/><Feature code="F400071757" rank="2" referenceName="16:9 Full HD display_2015"/><Feature code="F400078929" rank="3" referenceName="LowBlue Mode"/><Feature code="F400067665" rank="4" referenceName="Flicker-free technology"/><Feature code="F400080297" rank="5" referenceName="EasyRead mode_non Pivot"/><Feature code="F400035281" rank="6" referenceName="Built-in stereo speakers for multimedia"/><Feature code="F400047687" rank="7" referenceName="HDMI ready_B2B"/><Feature code="F400035272" rank="8" referenceName="100% Recyclable packaging"/><Feature code="F400035268" rank="9" referenceName="EPEAT Gold 2"/><Feature code="F400035269" rank="10" referenceName="PVC-BFR free housing"/></Features><CSItems><CSItem code="3006169" rank="1" referenceName="Görüntü/Ekran - LCD panel tipi"/><CSItem code="3006576" rank="1" referenceName="Bağlantı - Sinyal Girişi"/><CSItem code="IT4014853" rank="1" referenceName="Kullanılabilirlik - Dahili Hoparlörler"/><CSItem code="IT4004954" rank="1" referenceName="Stand - Eğilme"/><CSItem code="IT4006562" rank="1" referenceName="Güç - Ekonomik mod"/><CSItem code="IT4027351" rank="1" referenceName="Boyutlar - Standla birlikte ürün (maks. yükseklik)"/><CSItem code="IT4005770" rank="1" referenceName="Ağırlık - Standla birlikte ürün (kg)"/><CSItem code="IT4004946" rank="1" referenceName="Çalışma koşulları - Sıcaklık aralığı (çalışma)"/><CSItem code="IT4004941" rank="1" referenceName="Sürdürülebilirlik - Çevre ve enerji"/><CSItem code="IT4006152" rank="1" referenceName="Uyumluluk ve standartlar - Yasal Onaylar"/><CSItem code="IT4019074" rank="1" referenceName="Kasa - Ön çerçeve"/><CSItem code="IT4040999" rank="1" referenceName="Kutuda neler var? - Monitör ve stand"/><CSItem code="IT4007209" rank="2" referenceName="Görüntü/Ekran - Arka aydınlatma tipi"/><CSItem code="3006588" rank="2" referenceName="Bağlantı - Sync Girişi"/><CSItem code="3006633" rank="2" referenceName="Kullanılabilirlik - Kullanıcı rahatlığı"/><CSItem code="IT4005861" rank="2" referenceName="Güç - Açık modu"/><CSItem code="IT4005765" rank="2" referenceName="Boyutlar - Standsız olarak ürün (mm)"/><CSItem code="IT4005771" rank="2" referenceName="Ağırlık - Standsız olarak ürün (kg)"/><CSItem code="IT4004947" rank="2" referenceName="Çalışma koşulları - Sıcaklık aralığı (saklama)"/><CSItem code="IT4004944" rank="2" referenceName="Sürdürülebilirlik - Geri dönüştürülebilir ambalaj malzemesi"/><CSItem code="IT4019075" rank="2" referenceName="Kasa - Arka kapak"/><CSItem code="IT4041000" rank="2" referenceName="Kutuda neler var? - Kablolar"/><CSItem code="3006180" rank="3" referenceName="Görüntü/Ekran - Panel Boyutu"/><CSItem code="IT4005621" rank="3" referenceName="Bağlantı - Ses (Giriş/Çıkış)"/><CSItem code="IT4019071" rank="3" referenceName="Kullanılabilirlik - Kontrol yazılımı"/><CSItem code="IT4006150" rank="3" referenceName="Güç - Bekleme modu"/><CSItem code="IT4005766" rank="3" referenceName="Boyutlar - mm olarak ambalaj (GxYxD)"/><CSItem code="IT4005772" rank="3" referenceName="Ağırlık - Ambalajla birlikte ürün (kg)"/><CSItem code="IT4004948" rank="3" referenceName="Çalışma koşulları - Bağıl nem"/><CSItem code="IT4019073" rank="3" referenceName="Sürdürülebilirlik - Geri dönüştürülmüş plastik"/><CSItem code="IT4019076" rank="3" referenceName="Kasa - Ayak"/><CSItem code="IT4041030" rank="3" referenceName="Kutuda neler var? - Kullanıcı Belgeleri"/><CSItem code="IT4044130" rank="4" referenceName="Görüntü/Ekran - Görüntüleme Ekranı Kaplaması"/><CSItem code="3006693" rank="4" referenceName="Kullanılabilirlik - OSD Dilleri"/><CSItem code="IT4006081" rank="4" referenceName="Güç - Kapalı modu"/><CSItem code="IT4023612" rank="4" referenceName="Çalışma koşulları - Yükseklik"/><CSItem code="IT4018633" rank="4" referenceName="Sürdürülebilirlik - Spesifik Maddeler"/><CSItem code="IT4004956" rank="4" referenceName="Kasa - Kaplama"/><CSItem code="3006149" rank="5" referenceName="Görüntü/Ekran - Etkin izleme alanı"/><CSItem code="3006694" rank="5" referenceName="Kullanılabilirlik - Diğer kolaylıklar"/><CSItem code="3006931" rank="5" referenceName="Güç - Güç LED göstergesi"/><CSItem code="IT4036063" rank="5" referenceName="Çalışma koşulları - MTBF (gösterilen)"/><CSItem code="3006121" rank="6" referenceName="Görüntü/Ekran - En-boy oranı"/><CSItem code="3006699" rank="6" referenceName="Kullanılabilirlik - Tak ve Çalıştır Uyumluluğu"/><CSItem code="3006932" rank="6" referenceName="Güç - Güç kaynağı"/><CSItem code="3006193" rank="7" referenceName="Görüntü/Ekran - Optimum çözünürlük"/><CSItem code="IT4041772" rank="8" referenceName="Görüntü/Ekran - Piksel Yoğunluğu"/><CSItem code="IT4039893" rank="9" referenceName="Görüntü/Ekran - Tepki süresi (tipik)"/><CSItem code="3006127" rank="10" referenceName="Görüntü/Ekran - Parlaklık"/><CSItem code="3006133" rank="11" referenceName="Görüntü/Ekran - Kontrast oranı (tipik)"/><CSItem code="IT4006148" rank="12" referenceName="Görüntü/Ekran - SmartContrast"/><CSItem code="3006186" rank="13" referenceName="Görüntü/Ekran - Piksel aralığı"/><CSItem code="3007518" rank="14" referenceName="Görüntü/Ekran - İzleme açısı"/><CSItem code="IT4036934" rank="15" referenceName="Görüntü/Ekran - Flicker-free"/><CSItem code="3006183" rank="16" referenceName="Görüntü/Ekran - Görüntü güçlendirme"/><CSItem code="3006143" rank="17" referenceName="Görüntü/Ekran - Ekran renkleri"/><CSItem code="IT4034031" rank="18" referenceName="Görüntü/Ekran - Renk gamı (tipik)"/><CSItem code="IT4006149" rank="19" referenceName="Görüntü/Ekran - Tarama Frekansı"/><CSItem code="3006207" rank="20" referenceName="Görüntü/Ekran - sRGB"/><CSItem code="IT4042894" rank="21" referenceName="Görüntü/Ekran - EasyRead"/><CSItem code="IT4042826" rank="22" referenceName="Görüntü/Ekran - LowBlue Modu"/><CSItem code="IT4042884" rank="23" referenceName="Görüntü/Ekran - Adaptive sync"/></CSItems></Purpose></Filters><FeatureCompareGroups/><Disclaimers><Disclaimer code="DIS40004161" rank="1" referenceName="EPEAT Gold_Silver*"><DisclaimerText>EPEAT Gold veya Silver, sadece Philips ürününün tescil edildiği yerlerde geçerlidir. Ülkenizdeki tescil durumunu öğrenmek için lütfen www.epeat.net adresini ziyaret edin.</DisclaimerText><DisclaimElements/></Disclaimer><Disclaimer code="DIS40009731" rank="2" referenceName="Response time value equal to SmartResponse"><DisclaimerText>Tepki süresi değeri SmartResponse'a eşittir</DisclaimerText><DisclaimElements/></Disclaimer><Disclaimer code="DIS40011928" rank="3" referenceName="The monitor may look different from feature images."><DisclaimerText>Monitör, gösterilen görüntülerinden farklı olabilir.</DisclaimerText><DisclaimElements/></Disclaimer></Disclaimers><RichTexts/></Product></Products>