<?xml version="1.0" encoding="UTF-8"?><Products xmlns:source="http://apache.org/cocoon/source/1.0" DocStatus="approved" DocTimeStamp="2018-10-23T10:48:35"><Product Country="TR" IsAccessory="false" IsLocalized="true" IsMaster="false" Locale="tr_TR" lastModified="2018-10-23T04:30:06" masterLastModified="2018-09-29T00:38:20"><CTN>FC9925/07</CTN><GTIN>08710103846055</GTIN><MarketingVersion>3.0.1</MarketingVersion><MarketingStatus>Final Published</MarketingStatus><CRDate>2018-06-15</CRDate><CRDateYW>201824</CRDateYW><ModelYears><ModelYear>2018</ModelYear></ModelYears><ProductDivision><ProductDivisionCode>0200</ProductDivisionCode><ProductDivisionName>Consumer Lifestyle</ProductDivisionName><FormerPDCode>0300</FormerPDCode></ProductDivision><ProductOwner>Functional Assetteam</ProductOwner><DTN>FC9925/07</DTN><Catalog><StartOfPublication>2018-06-15T00:00:00</StartOfPublication><EndOfPublication>2022-06-15T00:00:00</EndOfPublication><StartOfSales>2018-06-15T00:00:00</StartOfSales><EndOfSales>2022-06-15T00:00:00</EndOfSales><DummyPrice>2379.99</DummyPrice><Deleted>false</Deleted><DeleteAfterDate/><ProductRank>50</ProductRank></Catalog><FinancialCategorization><BusinessGroupCode>9042</BusinessGroupCode><BusinessGroupName>Domestic Appliances</BusinessGroupName><BusinessUnitCode>0351</BusinessUnitCode><BusinessUnitName>Floor Care</BusinessUnitName><MainArticleGroupCode>F71</MainArticleGroupCode><MainArticleGroupName>Bagless</MainArticleGroupName><ArticleGroupCode>3440</ArticleGroupCode><ArticleGroupName>Bagless 3 High End</ArticleGroupName></FinancialCategorization><Categorization type="CONSUMER"><GroupCode>HOUSEHOLD_PRODUCTS_GR</GroupCode><GroupName>Household products</GroupName><CategoryCode>VACUUM_CLEANERS_CA</CategoryCode><CategoryName>Vacuum Cleaners</CategoryName><SubcategoryCode>BAGLESS_VACUUM_CLEANERS_SU</SubcategoryCode><SubcategoryName>Bagless vacuum cleaner</SubcategoryName></Categorization><Assets><Asset code="FC9925_07" description="User manual" extension="pdf" lastModified="2018-08-10" locale="tr_TR" number="001" type="DFU">http://download.p4c.philips.com/files/f/fc9925_07/fc9925_07_dfu_tur.pdf</Asset><Asset code="FC9925_07" description="Important Information Manual" extension="pdf" lastModified="2018-10-17" locale="tr_TR" number="001" type="IIM">http://download.p4c.philips.com/files/f/fc9925_07/fc9925_07_iim_tur.pdf</Asset><Asset code="FC9925_07" description="Leaflet" extension="pdf" lastModified="2018-10-21" locale="tr_TR" number="001" type="PSS">http://download.p4c.philips.com/files/f/fc9925_07/fc9925_07_pss_turtr.pdf</Asset><Asset code="FC9925_07" description="Retail Trade Leaflet" extension="pdf" lastModified="2018-09-30" locale="tr_TR" number="001" type="RTL">http://download.p4c.philips.com/files/f/fc9925_07/fc9925_07_rtl_turtr.pdf</Asset><Asset code="FC9925_07" description="Front product photograph - highres 2196x1795" extension="tif" lastModified="2018-08-14" locale="global" number="001" type="_FP">http://images.philips.com/is/image/PhilipsConsumer/FC9925_07-_FP-global-001</Asset><Asset code="FC9925_07" description="Alternative product photograph 1 - highres 2196x1795" extension="tif" lastModified="2018-08-14" locale="global" number="001" type="A1P">http://images.philips.com/is/image/PhilipsConsumer/FC9925_07-A1P-global-001</Asset><Asset code="FC9925_07" description="Product detail 1 - highres 2196x1795" extension="tif" lastModified="2018-08-14" locale="global" number="001" type="D1P">http://images.philips.com/is/image/PhilipsConsumer/FC9925_07-D1P-global-001</Asset><Asset code="FC9925_07" description="Energy Label - Rainbow " extension="pdf" lastModified="2018-08-27" locale="global" number="001" type="ELR">http://download.p4c.philips.com/files/f/fc9925_07/fc9925_07_elr_.pdf</Asset><Asset code="FC9925_07" description="Packaging photograph - highres 1447x756" extension="tif" lastModified="2018-08-14" locale="global" number="001" type="PID">http://images.philips.com/is/image/PhilipsConsumer/FC9925_07-PID-global-001</Asset><Asset code="FC9925_07" description="Packaging photograph - master" extension="tif" lastModified="2018-08-14" locale="global" number="001" type="PIM">http://download.p4c.philips.com/files/f/fc9925_07/fc9925_07_pim_.tif</Asset><Asset code="FC9925_07" description="Packaging photograph - small 90x65" extension="jpg" lastModified="2018-08-14" locale="global" number="001" type="PIS">http://download.p4c.philips.com/files/f/fc9925_07/fc9925_07_pis_.jpg</Asset><Asset code="FC9925_07" description="Leaflet" extension="pdf" lastModified="2018-10-11" locale="global" number="001" type="PSS">http://download.p4c.philips.com/files/f/fc9925_07/fc9925_07_pss_.pdf</Asset><Asset code="FC9925_07" description="Standard product photograph - highres 2196x1795" extension="tif" lastModified="2018-08-14" locale="global" number="001" type="RTP">http://images.philips.com/is/image/PhilipsConsumer/FC9925_07-RTP-global-001</Asset><Asset code="FC9925_07" description="Product In Use 1 - highres 2196x1795" extension="tif" lastModified="2018-08-14" locale="global" number="001" type="U1P">http://images.philips.com/is/image/PhilipsConsumer/FC9925_07-U1P-global-001</Asset><Asset code="FC9925_07" description="Single product shot" extension="" lastModified="2018-10-23" locale="tr_TR" number="" type="IMS">http://images.philips.com/is/image/PhilipsConsumer/FC9925_07-IMS-tr_TR</Asset><Asset code="FC9925_07" description="Product gallery image set" extension="" lastModified="2018-10-23" locale="tr_TR" number="" type="GAL">http://images.philips.com/is/image/PhilipsConsumer/FC9925_07-GAL-tr_TR</Asset><Asset code="FC9925_07" description="Product URL" extension="" lastModified="2018-10-23" locale="tr_TR" number="" type="URL">http://www.philips.com.tr/c-p/FC9925_07/marathon-ultimate-torbasiz-elektrikli-suepuerge</Asset><Asset code="F400039394" description="Feature photograph - highres 2100x1170" extension="tif" lastModified="2015-09-23" locale="global" number="001" type="FIL">http://images.philips.com/is/image/PhilipsConsumer/F400039394-FIL-global-001</Asset><Asset code="F400068098" description="Feature photograph - highres 2100x1170" extension="tif" lastModified="2018-03-19" locale="global" number="001" type="FIL">http://images.philips.com/is/image/PhilipsConsumer/F400068098-FIL-global-001</Asset><Asset code="F400068174" description="Feature photograph - highres 2100x1170" extension="tif" lastModified="2018-03-19" locale="global" number="001" type="FIL">http://images.philips.com/is/image/PhilipsConsumer/F400068174-FIL-global-001</Asset><Asset code="F400071772" description="Feature photograph - highres 2100x1170" extension="tif" lastModified="2015-09-23" locale="global" number="001" type="FIL">http://images.philips.com/is/image/PhilipsConsumer/F400071772-FIL-global-001</Asset><Asset code="F400081993" description="Feature photograph - highres 2100x1170" extension="tif" lastModified="2017-03-07" locale="global" number="001" type="FIL">http://images.philips.com/is/image/PhilipsConsumer/F400081993-FIL-global-001</Asset><Asset code="F400084368" description="Feature photograph - highres 2100x1170" extension="tif" lastModified="2017-09-08" locale="global" number="001" type="FIL">http://images.philips.com/is/image/PhilipsConsumer/F400084368-FIL-global-001</Asset><Asset code="PHI" description="Brand logo - highres 1476x886" extension="tif" lastModified="2016-02-18" locale="global" number="001" type="BRP">http://images.philips.com/is/image/PhilipsConsumer/PHI-BRP-global-001</Asset></Assets><ProductName>A+AA Enerji Etiketi** Torbasız elektrikli süpürge</ProductName><FullProductName>Philips Marathon Ultimate Torbasız elektrikli süpürge FC9925/07 A+AA Enerji Etiketi** Alerji filtresi 2,2 L</FullProductName><NamingString><MasterBrand><BrandCode>PHI</BrandCode><BrandName>Philips</BrandName></MasterBrand><BrandString>Philips</BrandString><Family><FamilyCode>SB40006747</FamilyCode><FamilyName>Marathon Ultimate</FamilyName><FamilyNameUsed>1</FamilyNameUsed></Family><Descriptor><DescriptorCode>NSD_000001</DescriptorCode><DescriptorName>Torbasız elektrikli süpürge</DescriptorName></Descriptor><Alphanumeric>FC9925/07</Alphanumeric><VersionElement1><VersionElementCode>V4045002</VersionElementCode><VersionElementName>A+AA Enerji Etiketi**</VersionElementName></VersionElement1><VersionElement2><VersionElementCode>V4043664</VersionElementCode><VersionElementName>Alerji filtresi</VersionElementName></VersionElement2><VersionElement3><VersionElementCode>V4045284</VersionElementCode><VersionElementName>2,2 L</VersionElementName></VersionElement3><VersionString>A+AA Enerji Etiketi** Alerji filtresi 2,2 L</VersionString><BrandedFeatureString/><DescriptorBrandedFeatureString>Torbasız elektrikli süpürge</DescriptorBrandedFeatureString></NamingString><WOW>2400 W gücündeki bir elektrikli süpürgeden daha fazla toz toplar*</WOW><SubWOW>Etrafı kirletmeden toz boşaltma</SubWOW><MarketingTextHeader>Yeni Philips Marathon Ultimate torbasız elektrikli süpürge, üstün temizlik performansı sunar. PowerCyclone 7, havayla tozu olağanüstü bir performansla ayırır. TriActiveMax başlık ise tüm zeminlerde mükemmel performans gösterir.</MarketingTextHeader><KeyBenefitArea><KeyBenefitAreaCode>KBA_0000704</KeyBenefitAreaCode><KeyBenefitAreaName>Üstün performans</KeyBenefitAreaName><KeyBenefitAreaRank>1</KeyBenefitAreaRank><Feature><FeatureCode>F400084368</FeatureCode><FeatureReferenceName>High performance with A+AA energy ratings</FeatureReferenceName><FeatureName>A+AA enerji sınıfı</FeatureName><FeatureLongDescription>A+AA enerji sınıflarıyla yüksek performans</FeatureLongDescription><FeatureGlossary>Sert zeminlerde temizlik performansı, toz tutma ve enerji verimliliği için A+ sınıfı dereceyle tam performans sunmak üzere tasarlandı.</FeatureGlossary><FeatureRank>1</FeatureRank><FeatureTopRank>1</FeatureTopRank></Feature><Feature><FeatureCode>F400071772</FeatureCode><FeatureReferenceName>A-class performance on hard floors</FeatureReferenceName><FeatureName>Sert zeminlerde üstün toz toplama</FeatureName><FeatureLongDescription>Sert zeminlerde üst düzey performans</FeatureLongDescription><FeatureGlossary>Bu ürün, sert zeminlerde üst düzey temizleme performansı sunar: %100 toz toplama!</FeatureGlossary><FeatureRank>2</FeatureRank><FeatureTopRank>2</FeatureTopRank></Feature><Feature><FeatureCode>F400081993</FeatureCode><FeatureReferenceName>PowerCyclone 8 technology separates dust from air</FeatureReferenceName><FeatureName>Güçlü siklonik hareket</FeatureName><FeatureLongDescription>PowerCyclone 8 teknolojisi tozu havadan ayırır</FeatureLongDescription><FeatureGlossary>Özel PowerCyclone 8 teknolojisi, tozu ayırmak için havayı siklonik hazne içinde anında ivmelendirir. Güçlü dönme hareketi, fark yaratan temizlik sonuçları için hava akışını ve performansı en üst düzeye çıkarır.</FeatureGlossary><FeatureRank>3</FeatureRank><FeatureTopRank>3</FeatureTopRank></Feature><Feature><FeatureCode>F400068098</FeatureCode><FeatureReferenceName>TriActiveMax / Multi-Purpose nozzle</FeatureReferenceName><FeatureName>TriActiveMax başlık</FeatureName><FeatureLongDescription>Çok Amaçlı başlık</FeatureLongDescription><FeatureGlossary>TriActiveMax başlık, zemine kusursuz bir şekilde yapışarak ve tek seferde üç temizlik işlemi uygulayarak yerleri tertemiz yapar: 1) Daha derindeki tozları toplamak için özel olarak tasarlanmış tabanıyla halıyı nazikçe açar. 2) Öndeki geniş ağzı büyük parçaları alır. 3) İki yan fırçasıyla mobilya ve duvarlara çok yakın olan köşelerin kusursuz bir şekilde temizlenmesini sağlar.</FeatureGlossary><FeatureRank>4</FeatureRank><FeatureTopRank>4</FeatureTopRank></Feature><Feature><FeatureCode>F400039394</FeatureCode><FeatureReferenceName>Ultra Clean Air HEPA 13 filter</FeatureReferenceName><FeatureName>Ultra Clean Air HEPA 13 filtre</FeatureName><FeatureLongDescription>%99,95 filtreleme özellikli Ultra Clean Air HEPA 13 filtre</FeatureLongDescription><FeatureGlossary>Ultra Clean Air HEPA 13 filtre tozların en az %99,95'ini hapsederek temiz ve alerjik malzemelerin olmadığı bir ortam sağlar.</FeatureGlossary><FeatureRank>5</FeatureRank><FeatureTopRank>6</FeatureTopRank></Feature></KeyBenefitArea><KeyBenefitArea><KeyBenefitAreaCode>K4029008</KeyBenefitAreaCode><KeyBenefitAreaName>Etrafı kirletmeden toz boşaltma</KeyBenefitAreaName><KeyBenefitAreaRank>2</KeyBenefitAreaRank><Feature><FeatureCode>F400068174</FeatureCode><FeatureReferenceName>Extra Ergonomic Dust Bucket</FeatureReferenceName><FeatureName>Ekstra Ergonomik Toz Haznesi</FeatureName><FeatureLongDescription>Kontrollü boşaltma için Ekstra Ergonomik Toz Haznesi</FeatureLongDescription><FeatureGlossary>Haznenin yan kısmı, uca benzer bir şekille tasarlanmıştır. Böylelikle toz etrafa dökülmeden, kontrollü bir şekilde boşaltabilirsiniz.</FeatureGlossary><FeatureRank>1</FeatureRank><FeatureTopRank>5</FeatureTopRank></Feature></KeyBenefitArea><FeatureImage><FeatureCode>F400084368</FeatureCode><FeatureReferenceName>High performance with A+AA energy ratings</FeatureReferenceName><FeatureImageRank>1</FeatureImageRank></FeatureImage><FeatureImage><FeatureCode>F400071772</FeatureCode><FeatureReferenceName>A-class performance on hard floors</FeatureReferenceName><FeatureImageRank>2</FeatureImageRank></FeatureImage><FeatureImage><FeatureCode>F400081993</FeatureCode><FeatureReferenceName>PowerCyclone 8 technology separates dust from air</FeatureReferenceName><FeatureImageRank>3</FeatureImageRank></FeatureImage><FeatureImage><FeatureCode>F400068098</FeatureCode><FeatureReferenceName>TriActiveMax / Multi-Purpose nozzle</FeatureReferenceName><FeatureImageRank>4</FeatureImageRank></FeatureImage><FeatureImage><FeatureCode>F400068174</FeatureCode><FeatureReferenceName>Extra Ergonomic Dust Bucket</FeatureReferenceName><FeatureImageRank>5</FeatureImageRank></FeatureImage><FeatureImage><FeatureCode>F400039394</FeatureCode><FeatureReferenceName>Ultra Clean Air HEPA 13 filter</FeatureReferenceName><FeatureImageRank>6</FeatureImageRank></FeatureImage><FeatureHighlight><FeatureCode>F400084368</FeatureCode><FeatureReferenceName>High performance with A+AA energy ratings</FeatureReferenceName><FeatureHighlightRank>1</FeatureHighlightRank></FeatureHighlight><FeatureHighlight><FeatureCode>F400071772</FeatureCode><FeatureReferenceName>A-class performance on hard floors</FeatureReferenceName><FeatureHighlightRank>2</FeatureHighlightRank></FeatureHighlight><FeatureHighlight><FeatureCode>F400081993</FeatureCode><FeatureReferenceName>PowerCyclone 8 technology separates dust from air</FeatureReferenceName><FeatureHighlightRank>3</FeatureHighlightRank></FeatureHighlight><FeatureHighlight><FeatureCode>F400068098</FeatureCode><FeatureReferenceName>TriActiveMax / Multi-Purpose nozzle</FeatureReferenceName><FeatureHighlightRank>4</FeatureHighlightRank></FeatureHighlight><FeatureHighlight><FeatureCode>F400068174</FeatureCode><FeatureReferenceName>Extra Ergonomic Dust Bucket</FeatureReferenceName><FeatureHighlightRank>5</FeatureHighlightRank></FeatureHighlight><FeatureHighlight><FeatureCode>F400039394</FeatureCode><FeatureReferenceName>Ultra Clean Air HEPA 13 filter</FeatureReferenceName><FeatureHighlightRank>6</FeatureHighlightRank></FeatureHighlight><CSChapter><CSChapterCode>CH4001562</CSChapterCode><CSChapterName>Performans</CSChapterName><CSChapterRank>1</CSChapterRank><CSItem><CSItemCode>IT4035403</CSItemCode><CSItemName>Enerji sınıfı</CSItemName><CSItemRank>5</CSItemRank><CSItemIsFreeFormat>0</CSItemIsFreeFormat><CSValue><CSValueCode>VA4099242</CSValueCode><CSValueName>A+</CSValueName><CSValueRank>7</CSValueRank></CSValue></CSItem><CSItem><CSItemCode>IT4035407</CSItemCode><CSItemName>Toz tutma sınıfı</CSItemName><CSItemRank>11</CSItemRank><CSItemIsFreeFormat>0</CSItemIsFreeFormat><CSValue><CSValueCode>VA4082302</CSValueCode><CSValueName>A</CSValueName><CSValueRank>9</CSValueRank></CSValue></CSItem><CSItem><CSItemCode>IT4035405</CSItemCode><CSItemName>Halı temizleme sınıfı</CSItemName><CSItemRank>17</CSItemRank><CSItemIsFreeFormat>0</CSItemIsFreeFormat><CSValue><CSValueCode>VA4082290</CSValueCode><CSValueName>C</CSValueName><CSValueRank>19</CSValueRank></CSValue></CSItem><CSItem><CSItemCode>IT4035406</CSItemCode><CSItemName>Sert zemin temizleme sınıfı</CSItemName><CSItemRank>19</CSItemRank><CSItemIsFreeFormat>0</CSItemIsFreeFormat><CSValue><CSValueCode>VA4082295</CSValueCode><CSValueName>A</CSValueName><CSValueRank>6</CSValueRank></CSValue></CSItem><CSItem><CSItemCode>4010823</CSItemCode><CSItemName>Hava akımı (maks.)</CSItemName><CSItemRank>25</CSItemRank><CSItemIsFreeFormat>1</CSItemIsFreeFormat><CSValue><CSValueCode>VA4024662</CSValueCode><CSValueName>27</CSValueName><CSValueRank>1</CSValueRank></CSValue><UnitOfMeasure><UnitOfMeasureCode>4000020</UnitOfMeasureCode><UnitOfMeasureName>-Litre / saniye</UnitOfMeasureName><UnitOfMeasureSymbol>l/s</UnitOfMeasureSymbol></UnitOfMeasure></CSItem><CSItem><CSItemCode>IT4035404</CSItemCode><CSItemName>Yıllık enerji tüketimi</CSItemName><CSItemRank>28</CSItemRank><CSItemIsFreeFormat>1</CSItemIsFreeFormat><CSValue><CSValueCode>VA4082287</CSValueCode><CSValueName>26,7</CSValueName><CSValueRank>1</CSValueRank></CSValue><UnitOfMeasure><UnitOfMeasureCode>4000161</UnitOfMeasureCode><UnitOfMeasureName>kilowatt saat</UnitOfMeasureName><UnitOfMeasureSymbol>kW·s</UnitOfMeasureSymbol></UnitOfMeasure></CSItem><CSItem><CSItemCode>4011563</CSItemCode><CSItemName>Giriş gücü (IEC)</CSItemName><CSItemRank>32</CSItemRank><CSItemIsFreeFormat>1</CSItemIsFreeFormat><CSValue><CSValueCode>VA4024666</CSValueCode><CSValueName>650</CSValueName><CSValueRank>1</CSValueRank></CSValue><UnitOfMeasure><UnitOfMeasureCode>3000072</UnitOfMeasureCode><UnitOfMeasureName>watt</UnitOfMeasureName><UnitOfMeasureSymbol>W</UnitOfMeasureSymbol></UnitOfMeasure></CSItem><CSItem><CSItemCode>IT4035411</CSItemCode><CSItemName>Ses gücü seviyesi</CSItemName><CSItemRank>36</CSItemRank><CSItemIsFreeFormat>1</CSItemIsFreeFormat><CSValue><CSValueCode>VA4082318</CSValueCode><CSValueName>75</CSValueName><CSValueRank>1</CSValueRank></CSValue><UnitOfMeasure><UnitOfMeasureCode>3000041</UnitOfMeasureCode><UnitOfMeasureName>desibel</UnitOfMeasureName><UnitOfMeasureSymbol>dB</UnitOfMeasureSymbol></UnitOfMeasure></CSItem><CSItem><CSItemCode>4012323</CSItemCode><CSItemName>Vakum (maks.)</CSItemName><CSItemRank>37</CSItemRank><CSItemIsFreeFormat>1</CSItemIsFreeFormat><CSValue><CSValueCode>VA4024673</CSValueCode><CSValueName>17</CSValueName><CSValueRank>1</CSValueRank></CSValue><UnitOfMeasure><UnitOfMeasureCode>4000009</UnitOfMeasureCode><UnitOfMeasureName>- Kilo paskal</UnitOfMeasureName><UnitOfMeasureSymbol>kPa</UnitOfMeasureSymbol></UnitOfMeasure></CSItem></CSChapter><CSChapter><CSChapterCode>CH4001866</CSChapterCode><CSChapterName>Kullanım</CSChapterName><CSChapterRank>2</CSChapterRank><CSItem><CSItemCode>4010616</CSItemCode><CSItemName>Çalışma yarıçapı</CSItemName><CSItemRank>6</CSItemRank><CSItemIsFreeFormat>1</CSItemIsFreeFormat><CSValue><CSValueCode>VA4024674</CSValueCode><CSValueName>11</CSValueName><CSValueRank>1</CSValueRank></CSValue><UnitOfMeasure><UnitOfMeasureCode>3000057</UnitOfMeasureCode><UnitOfMeasureName>metre</UnitOfMeasureName><UnitOfMeasureSymbol>m</UnitOfMeasureSymbol></UnitOfMeasure></CSItem><CSItem><CSItemCode>IT4009227</CSItemCode><CSItemName>Taşıma kolu</CSItemName><CSItemRank>9</CSItemRank><CSItemIsFreeFormat>0</CSItemIsFreeFormat><CSValue><CSValueCode>VA4022271</CSValueCode><CSValueName>Üst ve ön kısım</CSValueName><CSValueRank>17</CSValueRank></CSValue></CSItem><CSItem><CSItemCode>4011112</CSItemCode><CSItemName>Kordon uzunluğu</CSItemName><CSItemRank>22</CSItemRank><CSItemIsFreeFormat>1</CSItemIsFreeFormat><CSValue><CSValueCode>VA4024675</CSValueCode><CSValueName>8</CSValueName><CSValueRank>1</CSValueRank></CSValue><UnitOfMeasure><UnitOfMeasureCode>3000057</UnitOfMeasureCode><UnitOfMeasureName>metre</UnitOfMeasureName><UnitOfMeasureSymbol>m</UnitOfMeasureSymbol></UnitOfMeasure></CSItem><CSItem><CSItemCode>IT4009225</CSItemCode><CSItemName>Boru tipi</CSItemName><CSItemRank>29</CSItemRank><CSItemIsFreeFormat>0</CSItemIsFreeFormat><CSValue><CSValueCode>VA4022262</CSValueCode><CSValueName>Metal 2 parçalı teleskopik boru</CSValueName><CSValueRank>24</CSValueRank></CSValue></CSItem><CSItem><CSItemCode>IT4009238</CSItemCode><CSItemName>Tekerlek tipi</CSItemName><CSItemRank>31</CSItemRank><CSItemIsFreeFormat>0</CSItemIsFreeFormat><CSValue><CSValueCode>VA4022289</CSValueCode><CSValueName>Lastik</CSValueName><CSValueRank>14</CSValueRank></CSValue></CSItem><CSItem><CSItemCode>IT4009231</CSItemCode><CSItemName>Boru bağlantısı</CSItemName><CSItemRank>33</CSItemRank><CSItemIsFreeFormat>0</CSItemIsFreeFormat><CSValue><CSValueCode>VA4053594</CSValueCode><CSValueName>SmartLock</CSValueName><CSValueRank>21</CSValueRank></CSValue></CSItem><CSItem><CSItemCode>IT4009239</CSItemCode><CSItemName>Güç kontrolü</CSItemName><CSItemRank>35</CSItemRank><CSItemIsFreeFormat>0</CSItemIsFreeFormat><CSValue><CSValueCode>VA4022292</CSValueCode><CSValueName>Elektronik çalışan cihaz</CSValueName><CSValueRank>8</CSValueRank></CSValue></CSItem></CSChapter><CSChapter><CSChapterCode>3001096</CSChapterCode><CSChapterName>Tasarım</CSChapterName><CSChapterRank>3</CSChapterRank><CSItem><CSItemCode>3011951</CSItemCode><CSItemName>Renk</CSItemName><CSItemRank>8</CSItemRank><CSItemIsFreeFormat>0</CSItemIsFreeFormat><CSValue><CSValueCode>VA4046965</CSValueCode><CSValueName>Kırmızı</CSValueName><CSValueRank>27</CSValueRank></CSValue></CSItem></CSChapter><CSChapter><CSChapterCode>CH4001865</CSChapterCode><CSChapterName>Filtreleme</CSChapterName><CSChapterRank>4</CSChapterRank><CSItem><CSItemCode>4011324</CSItemCode><CSItemName>Toz kapasitesi</CSItemName><CSItemRank>13</CSItemRank><CSItemIsFreeFormat>1</CSItemIsFreeFormat><CSValue><CSValueCode>VA4024695</CSValueCode><CSValueName>2,2</CSValueName><CSValueRank>1</CSValueRank></CSValue><UnitOfMeasure><UnitOfMeasureCode>4000010</UnitOfMeasureCode><UnitOfMeasureName>-Litre</UnitOfMeasureName><UnitOfMeasureSymbol>L</UnitOfMeasureSymbol></UnitOfMeasure></CSItem><CSItem><CSItemCode>IT4009220</CSItemCode><CSItemName>Boşaltma filtresi</CSItemName><CSItemRank>20</CSItemRank><CSItemIsFreeFormat>0</CSItemIsFreeFormat><CSValue><CSValueCode>VA4087500</CSValueCode><CSValueName>HEPA13 filtre</CSValueName><CSValueRank>20</CSValueRank></CSValue></CSItem><CSItem><CSItemCode>IT4009221</CSItemCode><CSItemName>Motor filtresi</CSItemName><CSItemRank>27</CSItemRank><CSItemIsFreeFormat>0</CSItemIsFreeFormat><CSValue><CSValueCode>VA4087499</CSValueCode><CSValueName>Uzun ömürlü yıkanabilir filtre</CSValueName><CSValueRank>10</CSValueRank></CSValue></CSItem></CSChapter><CSChapter><CSChapterCode>CH4000681</CSChapterCode><CSChapterName>Başlıklar ve aksesuarlar</CSChapterName><CSChapterRank>5</CSChapterRank><CSItem><CSItemCode>IT4009243</CSItemCode><CSItemName>Dahili aksesuarlar</CSItemName><CSItemRank>3</CSItemRank><CSItemIsFreeFormat>0</CSItemIsFreeFormat><CSValue><CSValueCode>VA4022318</CSValueCode><CSValueName>Aralık temizleme aparatı</CSValueName><CSValueRank>22</CSValueRank></CSValue><CSValue><CSValueCode>VA4025506</CSValueCode><CSValueName>2'si 1 arada fırça/küçük başlık</CSValueName><CSValueRank>26</CSValueRank></CSValue></CSItem><CSItem><CSItemCode>IT4003904</CSItemCode><CSItemName>Ek başlık</CSItemName><CSItemRank>14</CSItemRank><CSItemIsFreeFormat>0</CSItemIsFreeFormat><CSValue><CSValueCode>VA4053595</CSValueCode><CSValueName>Sert zemin başlığı</CSValueName><CSValueRank>11</CSValueRank></CSValue></CSItem><CSItem><CSItemCode>IT4009242</CSItemCode><CSItemName>Standart başlık</CSItemName><CSItemRank>23</CSItemRank><CSItemIsFreeFormat>0</CSItemIsFreeFormat><CSValue><CSValueCode>VA4063735</CSValueCode><CSValueName>TriActiveMax başlık</CSValueName><CSValueRank>25</CSValueRank></CSValue></CSItem></CSChapter><CSChapter><CSChapterCode>CH4000822</CSChapterCode><CSChapterName>Sürdürülebilirlik</CSChapterName><CSChapterRank>6</CSChapterRank><CSItem><CSItemCode>IT4005643</CSItemCode><CSItemName>Ambalaj</CSItemName><CSItemRank>2</CSItemRank><CSItemIsFreeFormat>0</CSItemIsFreeFormat><CSValue><CSValueCode>VA4016806</CSValueCode><CSValueName>&gt; %90 geri dönüşümlü malzeme</CSValueName><CSValueRank>12</CSValueRank></CSValue></CSItem><CSItem><CSItemCode>IT4005644</CSItemCode><CSItemName>Kullanım kılavuzu</CSItemName><CSItemRank>16</CSItemRank><CSItemIsFreeFormat>0</CSItemIsFreeFormat><CSValue><CSValueCode>VA4016807</CSValueCode><CSValueName>%100 geri dönüşümlü kağıt</CSValueName><CSValueRank>5</CSValueRank></CSValue></CSItem></CSChapter><CSChapter><CSChapterCode>CHA_0000004</CSChapterCode><CSChapterName>Ağırlık ve boyutlar</CSChapterName><CSChapterRank>7</CSChapterRank><CSItem><CSItemCode>IT4010199</CSItemCode><CSItemName>Ürünün boyutları (UxGxY)</CSItemName><CSItemRank>7</CSItemRank><CSItemIsFreeFormat>1</CSItemIsFreeFormat><CSValue><CSValueCode>VA4023910</CSValueCode><CSValueName>506 x 310 x 317</CSValueName><CSValueRank>1</CSValueRank></CSValue><UnitOfMeasure><UnitOfMeasureCode>3000058</UnitOfMeasureCode><UnitOfMeasureName>milimetre</UnitOfMeasureName><UnitOfMeasureSymbol>mm</UnitOfMeasureSymbol></UnitOfMeasure></CSItem><CSItem><CSItemCode>IT4010191</CSItemCode><CSItemName>Ürün ağırlığı</CSItemName><CSItemRank>12</CSItemRank><CSItemIsFreeFormat>1</CSItemIsFreeFormat><CSValue><CSValueCode>VA4023901</CSValueCode><CSValueName>6,2</CSValueName><CSValueRank>1</CSValueRank></CSValue><UnitOfMeasure><UnitOfMeasureCode>3000049</UnitOfMeasureCode><UnitOfMeasureName>kilogram</UnitOfMeasureName><UnitOfMeasureSymbol>kg</UnitOfMeasureSymbol></UnitOfMeasure></CSItem><CSItem><CSItemCode>IT4021672</CSItemCode><CSItemName>Ambalaj boyutları (UxGxY)</CSItemName><CSItemRank>18</CSItemRank><CSItemIsFreeFormat>1</CSItemIsFreeFormat><CSValue><CSValueCode>VA4051901</CSValueCode><CSValueName>595 x 400 x 352</CSValueName><CSValueRank>1</CSValueRank></CSValue><UnitOfMeasure><UnitOfMeasureCode>3000058</UnitOfMeasureCode><UnitOfMeasureName>milimetre</UnitOfMeasureName><UnitOfMeasureSymbol>mm</UnitOfMeasureSymbol></UnitOfMeasure></CSItem></CSChapter><Filters><Purpose type="Comparison"><Features><Feature code="F400084368" rank="1" referenceName="High performance with A+AA energy ratings"/><Feature code="F400071772" rank="2" referenceName="A-class performance on hard floors"/><Feature code="F400081993" rank="3" referenceName="PowerCyclone 8 technology separates dust from air"/><Feature code="F400068098" rank="4" referenceName="TriActiveMax / Multi-Purpose nozzle"/><Feature code="F400068174" rank="5" referenceName="Extra Ergonomic Dust Bucket"/><Feature code="F400039394" rank="6" referenceName="Ultra Clean Air HEPA 13 filter"/></Features><CSItems><CSItem code="IT4005643" rank="2" referenceName="Sürdürülebilirlik - Ambalaj"/><CSItem code="IT4009243" rank="3" referenceName="Başlıklar ve aksesuarlar - Dahili aksesuarlar"/><CSItem code="IT4035403" rank="5" referenceName="Performans - Enerji sınıfı"/><CSItem code="4010616" rank="6" referenceName="Kullanım - Çalışma yarıçapı"/><CSItem code="IT4010199" rank="7" referenceName="Ağırlık ve boyutlar - Ürünün boyutları (UxGxY)"/><CSItem code="3011951" rank="8" referenceName="Tasarım - Renk"/><CSItem code="IT4009227" rank="9" referenceName="Kullanım - Taşıma kolu"/><CSItem code="IT4035407" rank="11" referenceName="Performans - Toz tutma sınıfı"/><CSItem code="IT4010191" rank="12" referenceName="Ağırlık ve boyutlar - Ürün ağırlığı"/><CSItem code="4011324" rank="13" referenceName="Filtreleme - Toz kapasitesi"/><CSItem code="IT4003904" rank="14" referenceName="Başlıklar ve aksesuarlar - Ek başlık"/><CSItem code="IT4005644" rank="16" referenceName="Sürdürülebilirlik - Kullanım kılavuzu"/><CSItem code="IT4035405" rank="17" referenceName="Performans - Halı temizleme sınıfı"/><CSItem code="IT4021672" rank="18" referenceName="Ağırlık ve boyutlar - Ambalaj boyutları (UxGxY)"/><CSItem code="IT4035406" rank="19" referenceName="Performans - Sert zemin temizleme sınıfı"/><CSItem code="IT4009220" rank="20" referenceName="Filtreleme - Boşaltma filtresi"/><CSItem code="4011112" rank="22" referenceName="Kullanım - Kordon uzunluğu"/><CSItem code="IT4009242" rank="23" referenceName="Başlıklar ve aksesuarlar - Standart başlık"/><CSItem code="4010823" rank="25" referenceName="Performans - Hava akımı (maks.)"/><CSItem code="IT4009221" rank="27" referenceName="Filtreleme - Motor filtresi"/><CSItem code="IT4035404" rank="28" referenceName="Performans - Yıllık enerji tüketimi"/><CSItem code="IT4009225" rank="29" referenceName="Kullanım - Boru tipi"/><CSItem code="IT4009238" rank="31" referenceName="Kullanım - Tekerlek tipi"/><CSItem code="4011563" rank="32" referenceName="Performans - Giriş gücü (IEC)"/><CSItem code="IT4009231" rank="33" referenceName="Kullanım - Boru bağlantısı"/><CSItem code="IT4009239" rank="35" referenceName="Kullanım - Güç kontrolü"/><CSItem code="IT4035411" rank="36" referenceName="Performans - Ses gücü seviyesi"/><CSItem code="4012323" rank="37" referenceName="Performans - Vakum (maks.)"/></CSItems></Purpose><Purpose type="Detail"><Features><Feature code="F400084368" rank="1" referenceName="High performance with A+AA energy ratings"/><Feature code="F400071772" rank="2" referenceName="A-class performance on hard floors"/><Feature code="F400081993" rank="3" referenceName="PowerCyclone 8 technology separates dust from air"/><Feature code="F400068098" rank="4" referenceName="TriActiveMax / Multi-Purpose nozzle"/><Feature code="F400068174" rank="5" referenceName="Extra Ergonomic Dust Bucket"/><Feature code="F400039394" rank="6" referenceName="Ultra Clean Air HEPA 13 filter"/></Features><CSItems><CSItem code="IT4005643" rank="2" referenceName="Sürdürülebilirlik - Ambalaj"/><CSItem code="IT4009243" rank="3" referenceName="Başlıklar ve aksesuarlar - Dahili aksesuarlar"/><CSItem code="IT4035403" rank="5" referenceName="Performans - Enerji sınıfı"/><CSItem code="4010616" rank="6" referenceName="Kullanım - Çalışma yarıçapı"/><CSItem code="IT4010199" rank="7" referenceName="Ağırlık ve boyutlar - Ürünün boyutları (UxGxY)"/><CSItem code="3011951" rank="8" referenceName="Tasarım - Renk"/><CSItem code="IT4009227" rank="9" referenceName="Kullanım - Taşıma kolu"/><CSItem code="IT4035407" rank="11" referenceName="Performans - Toz tutma sınıfı"/><CSItem code="IT4010191" rank="12" referenceName="Ağırlık ve boyutlar - Ürün ağırlığı"/><CSItem code="4011324" rank="13" referenceName="Filtreleme - Toz kapasitesi"/><CSItem code="IT4003904" rank="14" referenceName="Başlıklar ve aksesuarlar - Ek başlık"/><CSItem code="IT4005644" rank="16" referenceName="Sürdürülebilirlik - Kullanım kılavuzu"/><CSItem code="IT4035405" rank="17" referenceName="Performans - Halı temizleme sınıfı"/><CSItem code="IT4021672" rank="18" referenceName="Ağırlık ve boyutlar - Ambalaj boyutları (UxGxY)"/><CSItem code="IT4035406" rank="19" referenceName="Performans - Sert zemin temizleme sınıfı"/><CSItem code="IT4009220" rank="20" referenceName="Filtreleme - Boşaltma filtresi"/><CSItem code="4011112" rank="22" referenceName="Kullanım - Kordon uzunluğu"/><CSItem code="IT4009242" rank="23" referenceName="Başlıklar ve aksesuarlar - Standart başlık"/><CSItem code="4010823" rank="25" referenceName="Performans - Hava akımı (maks.)"/><CSItem code="IT4009221" rank="27" referenceName="Filtreleme - Motor filtresi"/><CSItem code="IT4035404" rank="28" referenceName="Performans - Yıllık enerji tüketimi"/><CSItem code="IT4009225" rank="29" referenceName="Kullanım - Boru tipi"/><CSItem code="IT4009238" rank="31" referenceName="Kullanım - Tekerlek tipi"/><CSItem code="4011563" rank="32" referenceName="Performans - Giriş gücü (IEC)"/><CSItem code="IT4009231" rank="33" referenceName="Kullanım - Boru bağlantısı"/><CSItem code="IT4009239" rank="35" referenceName="Kullanım - Güç kontrolü"/><CSItem code="IT4035411" rank="36" referenceName="Performans - Ses gücü seviyesi"/><CSItem code="4012323" rank="37" referenceName="Performans - Vakum (maks.)"/></CSItems></Purpose></Filters><FeatureCompareGroups/><Disclaimers><Disclaimer code="DIS40007729" rank="1" referenceName="Removes more dust than any 2400W vacuum cleaner*"><DisclaimerText>Avrupa'da en çok satan 2400 Watt gücündeki 10 elektrikli süpürgeyle karşılaştırılan toz toplama sonuçları. EN 60312-1/2013 standartlarınca Şubat/Nisan 2014 tarihlerinde bağımsız test kuruluşu tarafından test edildi</DisclaimerText><DisclaimElements/></Disclaimer><Disclaimer code="DIS40012177" rank="2" referenceName="Energy Label rating is according to commission delegated"><DisclaimerText>Enerji Etiketi, konsey yetkisiyle oluşturulan (AB) 665/2013 No.lu ("A+++" - "D") yönetmeliğe göre belirlenmiştir</DisclaimerText><DisclaimElements/></Disclaimer></Disclaimers><ProductReference ProductReferenceType="Accessory"><CTN>CP0679/01</CTN><ProductReferenceRank>0</ProductReferenceRank></ProductReference><ProductReference ProductReferenceType="Accessory"><CTN>CP0698/01</CTN><ProductReferenceRank>0</ProductReferenceRank></ProductReference><ProductReference ProductReferenceType="Accessory"><CTN>FC8077/01</CTN><ProductReferenceRank>0</ProductReferenceRank></ProductReference><RichTexts/></Product></Products>