<?xml version="1.0" encoding="UTF-8"?><Products xmlns:source="http://apache.org/cocoon/source/1.0" DocStatus="approved" DocTimeStamp="2018-10-23T10:48:35"><Product Country="TR" IsAccessory="false" IsMaster="false" Locale="tr_TR" lastModified="2018-10-22T04:18:25" masterLastModified="2018-08-31T00:28:47"><CTN>49PUS7503/62</CTN><Code12NC>867000156704</Code12NC><GTIN>8718863018095</GTIN><MarketingVersion>2.0.1</MarketingVersion><MarketingStatus>Final Published</MarketingStatus><CRDate>2018-09-28</CRDate><CRDateYW>201839</CRDateYW><ModelYears><ModelYear>2018</ModelYear><ModelYear>2019</ModelYear><ModelYear>2020</ModelYear></ModelYears><ProductDivision><ProductDivisionCode>0200</ProductDivisionCode><ProductDivisionName>Consumer Lifestyle</ProductDivisionName><FormerPDCode>3400</FormerPDCode></ProductDivision><ProductOwner>Albert Lin</ProductOwner><DTN>49PUS7503/62</DTN><Catalog><StartOfPublication>2018-10-28T00:00:00</StartOfPublication><EndOfPublication>2020-01-28T00:00:00</EndOfPublication><StartOfSales>2018-10-28T00:00:00</StartOfSales><EndOfSales>2020-01-28T00:00:00</EndOfSales><DummyPrice/><Deleted>false</Deleted><DeleteAfterDate/><ProductRank>50</ProductRank></Catalog><FinancialCategorization><BusinessGroupCode>9819</BusinessGroupCode><BusinessGroupName>BG Other</BusinessGroupName><BusinessUnitCode>9674</BusinessUnitCode><BusinessUnitName>Discontinued Products</BusinessUnitName><MainArticleGroupCode>AV8</MainArticleGroupCode><MainArticleGroupName>TV</MainArticleGroupName><ArticleGroupCode>9180</ArticleGroupCode><ArticleGroupName>TV</ArticleGroupName></FinancialCategorization><Categorization type="CONSUMER"><GroupCode>SOUND_AND_VISION_GR</GroupCode><GroupName>Sound &amp; vision</GroupName><CategoryCode>TV_CA</CategoryCode><CategoryName>TV</CategoryName><SubcategoryCode>4K_ULTRA_HD_SU</SubcategoryCode><SubcategoryName>4K Ultra HD</SubcategoryName></Categorization><Assets><Asset code="49PUS7503_62" description="User manual" extension="pdf" lastModified="2018-07-30" locale="tr_TR" number="001" type="DFU">http://download.p4c.philips.com/files/4/49pus7503_62/49pus7503_62_dfu_tur.pdf</Asset><Asset code="49PUS7503_62" description="Leaflet" extension="pdf" lastModified="2018-10-20" locale="tr_TR" number="001" type="PSS">http://download.p4c.philips.com/files/4/49pus7503_62/49pus7503_62_pss_turtr.pdf</Asset><Asset code="49PUS7503_62" description="Quick start guide" extension="pdf" lastModified="2018-08-02" locale="tr_TR" number="001" type="QSG">http://download.p4c.philips.com/files/4/49pus7503_62/49pus7503_62_qsg_tur.pdf</Asset><Asset code="49PUS7503_62" description="Retail Trade Leaflet" extension="pdf" lastModified="2018-10-18" locale="tr_TR" number="001" type="RTL">http://download.p4c.philips.com/files/4/49pus7503_62/49pus7503_62_rtl_turtr.pdf</Asset><Asset code="49PUS7503_62" description="Front product photograph - highres 2196x1795" extension="tif" lastModified="2018-07-19" locale="global" number="001" type="_FP">http://images.philips.com/is/image/PhilipsConsumer/49PUS7503_62-_FP-global-001</Asset><Asset code="49PUS7503_62" description="Connector side drawing - highres 2362x1181" extension="tif" lastModified="2018-02-23" locale="global" number="001" type="COP">http://images.philips.com/is/image/PhilipsConsumer/49PUS7503_62-COP-global-001</Asset><Asset code="49PUS7503_62" description="Energy Label - Rainbow " extension="pdf" lastModified="2018-08-29" locale="global" number="001" type="ELR">http://download.p4c.philips.com/files/4/49pus7503_62/49pus7503_62_elr_.pdf</Asset><Asset code="49PUS7503_62" description="Main in-use photograph - highres 2480x1462" extension="tif" lastModified="2018-07-19" locale="global" number="001" type="MI1">http://images.philips.com/is/image/PhilipsConsumer/49PUS7503_62-MI1-global-001</Asset><Asset code="49PUS7503_62" description="Leaflet" extension="pdf" lastModified="2018-10-20" locale="global" number="001" type="PSS">http://download.p4c.philips.com/files/4/49pus7503_62/49pus7503_62_pss_.pdf</Asset><Asset code="49PUS7503_62" description="Remote control photograph - highres 1772x2953" extension="tif" lastModified="2018-05-03" locale="global" number="001" type="RCP">http://images.philips.com/is/image/PhilipsConsumer/49PUS7503_62-RCP-global-001</Asset><Asset code="49PUS7503_62" description="Standard product photograph - highres 2196x1795" extension="tif" lastModified="2018-07-19" locale="global" number="001" type="RTP">http://images.philips.com/is/image/PhilipsConsumer/49PUS7503_62-RTP-global-001</Asset><Asset code="49PUS7503_62" description="Single product shot" extension="" lastModified="2018-10-22" locale="tr_TR" number="" type="IMS">http://images.philips.com/is/image/PhilipsConsumer/49PUS7503_62-IMS-tr_TR</Asset><Asset code="49PUS7503_62" description="Product gallery image set" extension="" lastModified="2018-10-22" locale="tr_TR" number="" type="GAL">http://images.philips.com/is/image/PhilipsConsumer/49PUS7503_62-GAL-tr_TR</Asset><Asset code="49PUS7503_62" description="Product URL" extension="" lastModified="2018-10-22" locale="tr_TR" number="" type="URL">http://www.philips.com.tr/c-p/49PUS7503_62/7500-series-3-tarafli-ambilight-ile-ultra-ince-4k-uhd-led-android-tv</Asset><Asset code="F400076569" description="Feature photograph - highres 2100x1170" extension="tif" lastModified="2016-08-09" locale="global" number="001" type="FIL">http://images.philips.com/is/image/PhilipsConsumer/F400076569-FIL-global-001</Asset><Asset code="F400076569" description="Feature logo - highres 331x213" extension="tif" lastModified="2016-01-27" locale="global" number="001" type="FLP">http://images.philips.com/is/image/PhilipsConsumer/F400076569-FLP-global-001</Asset><Asset code="F400076576" description="Feature photograph - highres 2100x1170" extension="tif" lastModified="2016-08-09" locale="global" number="001" type="FIL">http://images.philips.com/is/image/PhilipsConsumer/F400076576-FIL-global-001</Asset><Asset code="F400076576" description="Feature logo - highres 331x213" extension="tif" lastModified="2016-01-27" locale="global" number="001" type="FLP">http://images.philips.com/is/image/PhilipsConsumer/F400076576-FLP-global-001</Asset><Asset code="F400076576" description="Feature movie activation image big - 640 x 360" extension="jpg" lastModified="2016-08-16" locale="global" number="001" type="FMB">http://images.philips.com/is/image/PhilipsConsumer/F400076576-FMB-global-001</Asset><Asset code="F400076576" description="Feature movie (with spoken or written text)" extension="flv" lastModified="2016-08-18" locale="tr_TR" number="001" type="FML">F400076576-FML-tr_TR-001.flv</Asset><Asset code="F400076589" description="Feature logo - highres 331x213" extension="tif" lastModified="2016-10-24" locale="global" number="001" type="FLP">http://images.philips.com/is/image/PhilipsConsumer/F400076589-FLP-global-001</Asset><Asset code="F400078749" description="Feature photograph - highres 2100x1170" extension="tif" lastModified="2018-04-25" locale="global" number="001" type="FIL">http://images.philips.com/is/image/PhilipsConsumer/F400078749-FIL-global-001</Asset><Asset code="F400078749" description="Feature logo - highres 331x213" extension="tif" lastModified="2016-05-12" locale="global" number="001" type="FLP">http://images.philips.com/is/image/PhilipsConsumer/F400078749-FLP-global-001</Asset><Asset code="F400082103" description="Feature logo - highres 331x213" extension="tif" lastModified="2017-03-16" locale="global" number="001" type="FLP">http://images.philips.com/is/image/PhilipsConsumer/F400082103-FLP-global-001</Asset><Asset code="F400084940" description="Feature logo - highres 331x213" extension="tif" lastModified="2017-11-16" locale="global" number="001" type="FLP">http://images.philips.com/is/image/PhilipsConsumer/F400084940-FLP-global-001</Asset><Asset code="F400085243_49PUS7503_62" description="Feature photograph - highres 2100x1170" extension="tif" lastModified="2018-04-17" locale="global" number="001" type="FIL">http://images.philips.com/is/image/PhilipsConsumer/F400085243_49PUS7503_62-FIL-global-001</Asset><Asset code="F400085243_49PUS7503_62" description="Feature logo - highres 331x213" extension="tif" lastModified="2017-12-21" locale="global" number="001" type="FLP">http://images.philips.com/is/image/PhilipsConsumer/F400085243_49PUS7503_62-FLP-global-001</Asset><Asset code="F400085245" description="Feature logo - highres 331x213" extension="tif" lastModified="2018-10-16" locale="global" number="001" type="FLP">http://images.philips.com/is/image/PhilipsConsumer/F400085245-FLP-global-001</Asset><Asset code="F400085408" description="Feature logo - highres 331x213" extension="tif" lastModified="2017-12-20" locale="global" number="001" type="FLP">http://images.philips.com/is/image/PhilipsConsumer/F400085408-FLP-global-001</Asset><Asset code="F400085586" description="Feature photograph - highres 2100x1170" extension="tif" lastModified="2018-04-25" locale="global" number="001" type="FIL">http://images.philips.com/is/image/PhilipsConsumer/F400085586-FIL-global-001</Asset><Asset code="F400085586" description="Feature logo - highres 331x213" extension="tif" lastModified="2018-01-12" locale="global" number="001" type="FLP">http://images.philips.com/is/image/PhilipsConsumer/F400085586-FLP-global-001</Asset><Asset code="F400085586" description="Feature movie activation image big - 640 x 360" extension="jpg" lastModified="2018-04-18" locale="global" number="001" type="FMB">http://images.philips.com/is/image/PhilipsConsumer/F400085586-FMB-global-001</Asset><Asset code="F400085586_49PUS7503_62" description="Feature photograph - highres 2100x1170" extension="tif" lastModified="2018-04-25" locale="global" number="001" type="FIL">http://images.philips.com/is/image/PhilipsConsumer/F400085586_49PUS7503_62-FIL-global-001</Asset><Asset code="F400085586_49PUS7503_62" description="Feature logo - highres 331x213" extension="tif" lastModified="2018-01-12" locale="global" number="001" type="FLP">http://images.philips.com/is/image/PhilipsConsumer/F400085586_49PUS7503_62-FLP-global-001</Asset><Asset code="F400085586_49PUS7503_62" description="Feature movie activation image big - 640 x 360" extension="jpg" lastModified="2018-04-18" locale="global" number="001" type="FMB">http://images.philips.com/is/image/PhilipsConsumer/F400085586_49PUS7503_62-FMB-global-001</Asset><Asset code="F400085602" description="Feature photograph - highres 2100x1170" extension="tif" lastModified="2018-04-17" locale="global" number="001" type="FIL">http://images.philips.com/is/image/PhilipsConsumer/F400085602-FIL-global-001</Asset><Asset code="F400085602" description="Feature logo - highres 331x213" extension="tif" lastModified="2018-01-12" locale="global" number="001" type="FLP">http://images.philips.com/is/image/PhilipsConsumer/F400085602-FLP-global-001</Asset><Asset code="F400085602" description="Feature movie activation image big - 640 x 360" extension="jpg" lastModified="2018-04-17" locale="global" number="001" type="FMB">http://images.philips.com/is/image/PhilipsConsumer/F400085602-FMB-global-001</Asset><Asset code="F400085602_49PUS7503_62" description="Feature photograph - highres 2100x1170" extension="tif" lastModified="2018-04-17" locale="global" number="001" type="FIL">http://images.philips.com/is/image/PhilipsConsumer/F400085602_49PUS7503_62-FIL-global-001</Asset><Asset code="F400085602_49PUS7503_62" description="Feature logo - highres 331x213" extension="tif" lastModified="2018-01-12" locale="global" number="001" type="FLP">http://images.philips.com/is/image/PhilipsConsumer/F400085602_49PUS7503_62-FLP-global-001</Asset><Asset code="F400085602_49PUS7503_62" description="Feature movie activation image big - 640 x 360" extension="jpg" lastModified="2018-04-17" locale="global" number="001" type="FMB">http://images.philips.com/is/image/PhilipsConsumer/F400085602_49PUS7503_62-FMB-global-001</Asset><Asset code="F400085607_49PUS7503_62" description="Feature photograph - highres 2100x1170" extension="tif" lastModified="2018-04-18" locale="global" number="001" type="FIL">http://images.philips.com/is/image/PhilipsConsumer/F400085607_49PUS7503_62-FIL-global-001</Asset><Asset code="F400086570" description="Feature logo - highres 331x213" extension="tif" lastModified="2018-03-05" locale="global" number="001" type="FLP">http://images.philips.com/is/image/PhilipsConsumer/F400086570-FLP-global-001</Asset><Asset code="F400086612" description="Feature logo - highres 331x213" extension="tif" lastModified="2018-03-06" locale="global" number="001" type="FLP">http://images.philips.com/is/image/PhilipsConsumer/F400086612-FLP-global-001</Asset><Asset code="PHI" description="Brand logo - highres 1476x886" extension="tif" lastModified="2016-02-18" locale="global" number="001" type="BRP">http://images.philips.com/is/image/PhilipsConsumer/PHI-BRP-global-001</Asset></Assets><ProductName>Ultra İnce 4K UHD LED Android TV</ProductName><FullProductName>Philips 7500 series Ultra İnce 4K UHD LED Android TV 49PUS7503 123 cm (49 inç) Ambilight TV 1700 Görüntü Performansı İndeksi HDR Plus P5 Perfect Görüntü Motoru 3 taraflı Ambilight ile</FullProductName><NamingString><MasterBrand><BrandCode>PHI</BrandCode><BrandName>Philips</BrandName></MasterBrand><BrandString>Philips</BrandString><Concept><ConceptCode>SB40009385</ConceptCode><ConceptName>7500 series</ConceptName><ConceptNameUsed>1</ConceptNameUsed></Concept><Descriptor><DescriptorCode>D4030715</DescriptorCode><DescriptorName>Ultra İnce 4K UHD LED Android TV</DescriptorName></Descriptor><Alphanumeric>49PUS7503</Alphanumeric><VersionElement1><VersionElementCode>V4046335</VersionElementCode><VersionElementName>123 cm (49 inç) Ambilight TV</VersionElementName></VersionElement1><VersionElement2><VersionElementCode>V4046028</VersionElementCode><VersionElementName>1700 Görüntü Performansı İndeksi</VersionElementName></VersionElement2><VersionElement3><VersionElementCode>V4046021</VersionElementCode><VersionElementName>HDR Plus</VersionElementName></VersionElement3><VersionElement4><VersionElementCode>V4046024</VersionElementCode><VersionElementName>P5 Perfect Görüntü Motoru</VersionElementName></VersionElement4><VersionString>123 cm (49 inç) Ambilight TV 1700 Görüntü Performansı İndeksi HDR Plus P5 Perfect Görüntü Motoru</VersionString><BrandedFeatureCode1>F400085586_49PUS7503_62</BrandedFeatureCode1><BrandedFeatureString>3 taraflı Ambilight ile</BrandedFeatureString><DescriptorBrandedFeatureString>3 taraflı Ambilight ile Ultra İnce 4K UHD LED Android TV</DescriptorBrandedFeatureString></NamingString><WOW>Ultra İnce 4K UHD LED Android TV</WOW><SubWOW>3 taraflı Ambilight ile</SubWOW><MarketingTextHeader>Philips 7500 TV, ön taraftaki görünür hoparlörleri ve Ambilight teknolojisi ile TV deneyiminizi yepyeni bir düzeye çıkarıyor. Android TV ve dahili Chromecast çözümü ile birden fazla kaynaktan içerik akışı sağlayın.</MarketingTextHeader><KeyBenefitArea><KeyBenefitAreaCode>K4030253</KeyBenefitAreaCode><KeyBenefitAreaName>Şık ve ayrıntı odaklı</KeyBenefitAreaName><KeyBenefitAreaRank>1</KeyBenefitAreaRank><Feature><FeatureCode>F400081557</FeatureCode><FeatureReferenceName>Metallic silver open frame stand</FeatureReferenceName><FeatureName>Metalik gümüş rengi çerçeveli stand</FeatureName><FeatureLongDescription>Havada süzülüyormuş gibi görünen metalik gümüş rengi açık çerçeveli stand</FeatureLongDescription><FeatureGlossary>Havada süzülüyormuş gibi görünen metalik gümüş rengi açık çerçeveli stand ile mükemmel görünümlü ve tasarımlı bir ürüne sahip olun. Fütüristik bir stile sahip, düz kesimli, ekstra güçlü birinci sınıf çelik kullanarak bu görünümü elde ettik.</FeatureGlossary><FeatureRank>2</FeatureRank><FeatureTopRank>1</FeatureTopRank></Feature><Feature><FeatureCode>F400085586_49PUS7503_62</FeatureCode><FeatureReferenceName>Ambilight 3-sided EU</FeatureReferenceName><FeatureName>3 taraflı Ambilight</FeatureName><FeatureLongDescription>Ambilight. Duyguyu ekranın ötesine taşır.</FeatureLongDescription><FeatureGlossary>Philips Ambilight, filmleri ve oyunları daha sürükleyici hale getirir ve müzik akışına ışıklarla eşlik eder. Üstelik, ekranınız olduğundan çok daha büyük görünür. TV'nin kenarlarındaki akıllı LED'ler, ekrandaki renkleri gerçek zamanlı olarak duvarlara ve odanın içine yansıtır. Philips Ambilight, ortamınızı mükemmel biçimde aydınlatır. En sevdiğiniz içerikleri bu muhteşem TV'de deneyimleyin.</FeatureGlossary><FeatureRank>1</FeatureRank><FeatureTopRank>2</FeatureTopRank></Feature></KeyBenefitArea><KeyBenefitArea><KeyBenefitAreaCode>K4030248</KeyBenefitAreaCode><KeyBenefitAreaName>Görüntü Kalitesi konusunda tutkulu</KeyBenefitAreaName><KeyBenefitAreaRank>2</KeyBenefitAreaRank><Feature><FeatureCode>F400085602_49PUS7503_62</FeatureCode><FeatureReferenceName>P5 Processing Engine EU</FeatureReferenceName><FeatureName>P5 Perfect Görüntü Motoru</FeatureName><FeatureLongDescription>Philips P5 Motoru. Kaynak ne olursa olsun, her zaman mükemmel.</FeatureLongDescription><FeatureGlossary>Philips P5 Perfect Görüntü Motoru ile artık sevdiğiniz içerikler çok daha parlak. Ayrıntılar gözle görülür ölçüde daha fazla derinlik kazanır. Renkler daha canlı, cilt tonları ise daha doğal görünür. Kontrast o kadar nettir ki, her ayrıntıyı hissedebilirsiniz. Hareketler son derece akıcı hale gelir, böylece oyun ne kadar hızlı olursa olsun topu asla gözden kaybetmezsiniz.</FeatureGlossary><FeatureRank>2</FeatureRank><FeatureTopRank>3</FeatureTopRank></Feature><Feature><FeatureCode>F400085245</FeatureCode><FeatureReferenceName>4K Ultra HD (2018)</FeatureReferenceName><FeatureName>4K Ultra HD</FeatureName><FeatureLongDescription>4K Ultra HD ile benzersiz çözünürlük</FeatureLongDescription><FeatureGlossary>Geleneksel Full HD'den dört kat daha yüksek çözünürlüğe sahip Ultra HD, 8 milyondan fazla piksel ve benzersiz Ultra Çözünürlük Geliştirme teknolojimiz ile ekranınıza hayat verir. Üstün derinlik, kontrast, doğal hareket ve canlı ayrıntılar ile daha net görüntüler elde ederek orijinal içeriği daima daha yüksek kalitede deneyimleyin.</FeatureGlossary><FeatureRank>1</FeatureRank><FeatureTopRank>4</FeatureTopRank></Feature><Feature><FeatureCode>F400085243_49PUS7503_62</FeatureCode><FeatureReferenceName>HDR Plus (2018)</FeatureReferenceName><FeatureName>HDR Plus</FeatureName><FeatureLongDescription>HDR Plus ile daha iyi kontrast, renk ve keskinliği deneyimleyin</FeatureLongDescription><FeatureGlossary>High Dynamic Range Plus, evde eğlence keyfini yeniden tanımlıyor. Gelişmiş işlemci gücü sayesinde duyulara hitap eden bir yolculuğa çıkın. İçeriği, oluşturucusunun istediği zenginlik ve canlılık düzeyinde deneyimleyin. Daha parlak vurgular, daha fazla kontrast, daha fazla renk ve daha iyi ayrıntıların keyfini çıkarın.</FeatureGlossary><FeatureRank>3</FeatureRank><FeatureTopRank>5</FeatureTopRank></Feature><Feature><FeatureCode>F400076569</FeatureCode><FeatureReferenceName>Micro Dimming Pro (2016)</FeatureReferenceName><FeatureName>Micro Dimming Pro</FeatureName><FeatureLongDescription>İnanılmaz kontrast için Micro Dimming Pro</FeatureLongDescription><FeatureGlossary>Micro Dimming Pro, TV'nizin kontrastını ortamınızdaki ışık koşullarına göre optimize eder. Görüntüyü 6400 farklı bölgede analiz eden ışık sensörü ve özel yazılım sayesinde inanılmaz kontrastın ve görüntü kalitesi ile gece gündüz gerçekçi bir görsel deneyimin tadını çıkarırsınız.</FeatureGlossary><FeatureRank>4</FeatureRank><FeatureTopRank>6</FeatureTopRank></Feature></KeyBenefitArea><KeyBenefitArea><KeyBenefitAreaCode>K4030254</KeyBenefitAreaCode><KeyBenefitAreaName>Android ile TV'niz her şeyi yapabilir</KeyBenefitAreaName><KeyBenefitAreaRank>3</KeyBenefitAreaRank><Feature><FeatureCode>F400085607_49PUS7503_62</FeatureCode><FeatureReferenceName>Google Play + Philips TV/STA gallery + 16GB memory EU</FeatureReferenceName><FeatureName>TV İçeriği</FeatureName><FeatureLongDescription>Google Play Store ve Philips uygulama galerisi. Üstelik dahası da var.</FeatureLongDescription><FeatureGlossary>Google Play Store ve Philips Uygulama Galerisi ile geleneksel TV programlarının ötesine geçin. Sınırsız sayıda film, TV, müzik, uygulama ve çevrimiçi oyunun keyfini çıkarın. Üstelik dahası da var.</FeatureGlossary><FeatureRank>1</FeatureRank><FeatureTopRank>7</FeatureTopRank></Feature><Feature><FeatureCode>F400085630</FeatureCode><FeatureReferenceName>Quad Core + Android EU</FeatureReferenceName><FeatureName>Dört Çekirdek ve Android</FeatureName><FeatureLongDescription>Quad Core işlemci ve Android. İçeriğinizin gücünü ortaya koyun.</FeatureLongDescription><FeatureGlossary>Philips Dört Çekirdekli işlemci, heyecan verici bir oyun deneyimi için Android'in gücüyle bir araya geliyor. Android ile TV'nizde süper hızlı, sezgisel ve keyifli bir şekilde gezinebilir, uygulama başlatabilir ve video oynatabilirsiniz.</FeatureGlossary><FeatureRank>2</FeatureRank><FeatureTopRank>8</FeatureTopRank></Feature></KeyBenefitArea><KeyBenefitArea><KeyBenefitAreaCode>K4034175</KeyBenefitAreaCode><KeyBenefitAreaName>Ses hiç bu kadar iyi olmamıştı</KeyBenefitAreaName><KeyBenefitAreaRank>4</KeyBenefitAreaRank><Feature><FeatureCode>F400076589</FeatureCode><FeatureReferenceName>Visible sound articulation (2016)</FeatureReferenceName><FeatureName>Göze çarpan temiz ses kalitesi</FeatureName><FeatureLongDescription>Göze çarpan temiz ses kalitesi, sesin gerçek güzelliğini görmenizi sağlar</FeatureLongDescription><FeatureGlossary>İnce tasarımlı mühendis ürünü ses kalitesi. Şık hoparlör çubuğunda bulunan bol miktardaki mikro sürücü sayesinde inanılmaz ses çıkışlarının ve gerçekçi seslerin keyfini çıkarın. Zemindeki her fısıltıyı, adımı ve çıtırtıyı duyabildiğinizi düşündüğünüzde her bir çarpışmanın, silah sesinin ve patlamanın ne kadar güçlü ve net bir şekilde çıkacağınızı tahmin edebilirsiniz. Derin ve zengin tonlar için stratejik olarak konumlandırılmış arka hoparlörler sayesinde bas kalitesinden hiçbir taviz verilmedi. Görünümü kadar kaliteli sese sahip bir TV.</FeatureGlossary><FeatureRank>1</FeatureRank><FeatureTopRank>9</FeatureTopRank></Feature><Feature><FeatureCode>F400084940</FeatureCode><FeatureReferenceName>DTS HD Premium Sound (2018)</FeatureReferenceName><FeatureName>DTS HD Premium Sound</FeatureName><FeatureLongDescription>DTS HD Premium Sound ile her ayrıntıyı işitin</FeatureLongDescription><FeatureGlossary>DTS HD Premium Suite, hoparlörünüzden en iyi sesi elde etmeniz için üstün ses işlemcisi sunar. Dalgalanma, kesilme veya bozulma olmadan orijinal içeriğin saflığını korumanın yanı sıra sesin etkileyici, basın derin ve diyalogların kristal netliğinde duyulmasını sağlar.</FeatureGlossary><FeatureRank>2</FeatureRank><FeatureTopRank>10</FeatureTopRank></Feature></KeyBenefitArea><FeatureLogo><FeatureCode>F400085586_49PUS7503_62</FeatureCode><FeatureReferenceName>Ambilight 3-sided EU</FeatureReferenceName><FeatureLogoRank>1</FeatureLogoRank></FeatureLogo><FeatureLogo><FeatureCode>F400076576</FeatureCode><FeatureReferenceName>4K Ultra HD (2016)</FeatureReferenceName><FeatureLogoRank>4</FeatureLogoRank></FeatureLogo><FeatureLogo><FeatureCode>F400085602_49PUS7503_62</FeatureCode><FeatureReferenceName>P5 Processing Engine EU</FeatureReferenceName><FeatureLogoRank>5</FeatureLogoRank></FeatureLogo><FeatureLogo><FeatureCode>F400078749</FeatureCode><FeatureReferenceName>HDR Plus (2016)</FeatureReferenceName><FeatureLogoRank>6</FeatureLogoRank></FeatureLogo><FeatureLogo><FeatureCode>F400085408</FeatureCode><FeatureReferenceName>1700 PPI</FeatureReferenceName><FeatureLogoRank>7</FeatureLogoRank></FeatureLogo><FeatureLogo><FeatureCode>F400082103</FeatureCode><FeatureReferenceName>Android TV (2017)</FeatureReferenceName><FeatureLogoRank>8</FeatureLogoRank></FeatureLogo><FeatureLogo><FeatureCode>F400086612</FeatureCode><FeatureReferenceName>Dolby Audio (2018)</FeatureReferenceName><FeatureLogoRank>9</FeatureLogoRank></FeatureLogo><FeatureLogo><FeatureCode>F400086570</FeatureCode><FeatureReferenceName>25W RMS Sound (2018)</FeatureReferenceName><FeatureLogoRank>10</FeatureLogoRank></FeatureLogo><FeatureImage><FeatureCode>F400085586_49PUS7503_62</FeatureCode><FeatureReferenceName>Ambilight 3-sided EU</FeatureReferenceName><FeatureImageRank>2</FeatureImageRank></FeatureImage><FeatureImage><FeatureCode>F400085602_49PUS7503_62</FeatureCode><FeatureReferenceName>P5 Processing Engine EU</FeatureReferenceName><FeatureImageRank>3</FeatureImageRank></FeatureImage><FeatureImage><FeatureCode>F400085243_49PUS7503_62</FeatureCode><FeatureReferenceName>HDR Plus (2018)</FeatureReferenceName><FeatureImageRank>5</FeatureImageRank></FeatureImage><FeatureImage><FeatureCode>F400076569</FeatureCode><FeatureReferenceName>Micro Dimming Pro (2016)</FeatureReferenceName><FeatureImageRank>6</FeatureImageRank></FeatureImage><FeatureImage><FeatureCode>F400085607_49PUS7503_62</FeatureCode><FeatureReferenceName>Google Play + Philips TV/STA gallery + 16GB memory EU</FeatureReferenceName><FeatureImageRank>7</FeatureImageRank></FeatureImage><FeatureImage><FeatureCode>F400085630</FeatureCode><FeatureReferenceName>Quad Core + Android EU</FeatureReferenceName><FeatureImageRank>8</FeatureImageRank></FeatureImage><FeatureHighlight><FeatureCode>F400081557</FeatureCode><FeatureReferenceName>Metallic silver open frame stand</FeatureReferenceName><FeatureHighlightRank>1</FeatureHighlightRank></FeatureHighlight><FeatureHighlight><FeatureCode>F400085586_49PUS7503_62</FeatureCode><FeatureReferenceName>Ambilight 3-sided EU</FeatureReferenceName><FeatureHighlightRank>2</FeatureHighlightRank></FeatureHighlight><FeatureHighlight><FeatureCode>F400085602_49PUS7503_62</FeatureCode><FeatureReferenceName>P5 Processing Engine EU</FeatureReferenceName><FeatureHighlightRank>3</FeatureHighlightRank></FeatureHighlight><FeatureHighlight><FeatureCode>F400085245</FeatureCode><FeatureReferenceName>4K Ultra HD (2018)</FeatureReferenceName><FeatureHighlightRank>4</FeatureHighlightRank></FeatureHighlight><FeatureHighlight><FeatureCode>F400085243_49PUS7503_62</FeatureCode><FeatureReferenceName>HDR Plus (2018)</FeatureReferenceName><FeatureHighlightRank>5</FeatureHighlightRank></FeatureHighlight><FeatureHighlight><FeatureCode>F400076569</FeatureCode><FeatureReferenceName>Micro Dimming Pro (2016)</FeatureReferenceName><FeatureHighlightRank>6</FeatureHighlightRank></FeatureHighlight><FeatureHighlight><FeatureCode>F400085607_49PUS7503_62</FeatureCode><FeatureReferenceName>Google Play + Philips TV/STA gallery + 16GB memory EU</FeatureReferenceName><FeatureHighlightRank>7</FeatureHighlightRank></FeatureHighlight><FeatureHighlight><FeatureCode>F400085630</FeatureCode><FeatureReferenceName>Quad Core + Android EU</FeatureReferenceName><FeatureHighlightRank>8</FeatureHighlightRank></FeatureHighlight><FeatureHighlight><FeatureCode>F400076589</FeatureCode><FeatureReferenceName>Visible sound articulation (2016)</FeatureReferenceName><FeatureHighlightRank>9</FeatureHighlightRank></FeatureHighlight><FeatureHighlight><FeatureCode>F400084940</FeatureCode><FeatureReferenceName>DTS HD Premium Sound (2018)</FeatureReferenceName><FeatureHighlightRank>10</FeatureHighlightRank></FeatureHighlight><CSChapter><CSChapterCode>3000798</CSChapterCode><CSChapterName>Ambilight</CSChapterName><CSChapterRank>1</CSChapterRank><CSItem><CSItemCode>IT4008761</CSItemCode><CSItemName>Ambilight Versiyonu</CSItemName><CSItemRank>1</CSItemRank><CSItemIsFreeFormat>0</CSItemIsFreeFormat><CSValue><CSValueCode>VA4021434</CSValueCode><CSValueName>3 taraflı</CSValueName><CSValueRank>1</CSValueRank></CSValue></CSItem><CSItem><CSItemCode>3006240</CSItemCode><CSItemName>Ambilight Özellikleri</CSItemName><CSItemRank>2</CSItemRank><CSItemIsFreeFormat>0</CSItemIsFreeFormat><CSValue><CSValueCode>VA4079461</CSValueCode><CSValueName>Dahili Ambilight+Hue</CSValueName><CSValueRank>1</CSValueRank></CSValue><CSValue><CSValueCode>VA4091343</CSValueCode><CSValueName>Ambilight Müzik</CSValueName><CSValueRank>2</CSValueRank></CSValue><CSValue><CSValueCode>VA4089018</CSValueCode><CSValueName>Oyun Modu</CSValueName><CSValueRank>3</CSValueRank></CSValue><CSValue><CSValueCode>VA4022574</CSValueCode><CSValueName>Duvar rengine uyarlanma</CSValueName><CSValueRank>4</CSValueRank></CSValue><CSValue><CSValueCode>VA4077822</CSValueCode><CSValueName>Dinlenme modu</CSValueName><CSValueRank>5</CSValueRank></CSValue></CSItem></CSChapter><CSChapter><CSChapterCode>3000796</CSChapterCode><CSChapterName>Görüntü/Ekran</CSChapterName><CSChapterRank>2</CSChapterRank><CSItem><CSItemCode>IT4009349</CSItemCode><CSItemName>Ekran</CSItemName><CSItemRank>1</CSItemRank><CSItemIsFreeFormat>0</CSItemIsFreeFormat><CSValue><CSValueCode>VA4079466</CSValueCode><CSValueName>4K Ultra HD LED</CSValueName><CSValueRank>1</CSValueRank></CSValue></CSItem><CSItem><CSItemCode>3006140</CSItemCode><CSItemName>Çapraz ekran boyutu (metrik)</CSItemName><CSItemRank>2</CSItemRank><CSItemIsFreeFormat>1</CSItemIsFreeFormat><CSValue><CSValueCode>3031123</CSValueCode><CSValueName>123</CSValueName><CSValueRank>1</CSValueRank></CSValue><UnitOfMeasure><UnitOfMeasureCode>3000039</UnitOfMeasureCode><UnitOfMeasureName>santimetre</UnitOfMeasureName><UnitOfMeasureSymbol>cm</UnitOfMeasureSymbol></UnitOfMeasure></CSItem><CSItem><CSItemCode>3006139</CSItemCode><CSItemName>Çapraz ekran boyutu (inç)</CSItemName><CSItemRank>3</CSItemRank><CSItemIsFreeFormat>1</CSItemIsFreeFormat><CSValue><CSValueCode>3031122</CSValueCode><CSValueName>49</CSValueName><CSValueRank>1</CSValueRank></CSValue><UnitOfMeasure><UnitOfMeasureCode>3000047</UnitOfMeasureCode><UnitOfMeasureName>inç</UnitOfMeasureName><UnitOfMeasureSymbol>inç</UnitOfMeasureSymbol></UnitOfMeasure></CSItem><CSItem><CSItemCode>3006177</CSItemCode><CSItemName>Ekran çözünürlüğü</CSItemName><CSItemRank>4</CSItemRank><CSItemIsFreeFormat>0</CSItemIsFreeFormat><CSValue><CSValueCode>VA4079565</CSValueCode><CSValueName>3840x2160</CSValueName><CSValueRank>1</CSValueRank></CSValue></CSItem><CSItem><CSItemCode>3006121</CSItemCode><CSItemName>En-boy oranı</CSItemName><CSItemRank>5</CSItemRank><CSItemIsFreeFormat>0</CSItemIsFreeFormat><CSValue><CSValueCode>3031098</CSValueCode><CSValueName>16:9</CSValueName><CSValueRank>1</CSValueRank></CSValue></CSItem><CSItem><CSItemCode>IT4034274</CSItemCode><CSItemName>Pixel motoru</CSItemName><CSItemRank>6</CSItemRank><CSItemIsFreeFormat>0</CSItemIsFreeFormat><CSValue><CSValueCode>VA4099315</CSValueCode><CSValueName>P5 Perfect Görüntü Motoru</CSValueName><CSValueRank>1</CSValueRank></CSValue></CSItem><CSItem><CSItemCode>3006183</CSItemCode><CSItemName>Görüntü güçlendirme</CSItemName><CSItemRank>7</CSItemRank><CSItemIsFreeFormat>0</CSItemIsFreeFormat><CSValue><CSValueCode>VA4068029</CSValueCode><CSValueName>Ultra Çözünürlük</CSValueName><CSValueRank>1</CSValueRank></CSValue><CSValue><CSValueCode>VA4068668</CSValueCode><CSValueName>Micro Dimming Pro</CSValueName><CSValueRank>2</CSValueRank></CSValue><CSValue><CSValueCode>VA4101612</CSValueCode><CSValueName>1700 PPI</CSValueName><CSValueRank>3</CSValueRank></CSValue></CSItem></CSChapter><CSChapter><CSChapterCode>CH4007021</CSChapterCode><CSChapterName>Android</CSChapterName><CSChapterRank>3</CSChapterRank><CSItem><CSItemCode>IT4037473</CSItemCode><CSItemName>İS</CSItemName><CSItemRank>1</CSItemRank><CSItemIsFreeFormat>0</CSItemIsFreeFormat><CSValue><CSValueCode>VA4101453</CSValueCode><CSValueName>Android Nougat</CSValueName><CSValueRank>1</CSValueRank></CSValue></CSItem><CSItem><CSItemCode>IT4034666</CSItemCode><CSItemName>Önceden yüklenmiş uygulamalar</CSItemName><CSItemRank>2</CSItemRank><CSItemIsFreeFormat>0</CSItemIsFreeFormat><CSValue><CSValueCode>VA4080696</CSValueCode><CSValueName>Google Play Movies*</CSValueName><CSValueRank>1</CSValueRank></CSValue><CSValue><CSValueCode>VA4080697</CSValueCode><CSValueName>Google Play Music*</CSValueName><CSValueRank>2</CSValueRank></CSValue><CSValue><CSValueCode>VA4086880</CSValueCode><CSValueName>Google arama</CSValueName><CSValueRank>3</CSValueRank></CSValue><CSValue><CSValueCode>VA4080698</CSValueCode><CSValueName>YouTube</CSValueName><CSValueRank>4</CSValueRank></CSValue></CSItem><CSItem><CSItemCode>IT4037607</CSItemCode><CSItemName>Bellek boyutu</CSItemName><CSItemRank>3</CSItemRank><CSItemIsFreeFormat>0</CSItemIsFreeFormat><CSValue><CSValueCode>VA4087301</CSValueCode><CSValueName>16 GB</CSValueName><CSValueRank>1</CSValueRank></CSValue></CSItem></CSChapter><CSChapter><CSChapterCode>CH4007621</CSChapterCode><CSChapterName>Smart TV Özellikleri</CSChapterName><CSChapterRank>4</CSChapterRank><CSItem><CSItemCode>IT4037464</CSItemCode><CSItemName>Kullanıcı Etkileşimi</CSItemName><CSItemRank>1</CSItemRank><CSItemIsFreeFormat>0</CSItemIsFreeFormat><CSValue><CSValueCode>VA4086945</CSValueCode><CSValueName>MultiRoom İstemci ve Sunucu</CSValueName><CSValueRank>1</CSValueRank></CSValue><CSValue><CSValueCode>VA4086943</CSValueCode><CSValueName>SimplyShare</CSValueName><CSValueRank>2</CSValueRank></CSValue></CSItem><CSItem><CSItemCode>IT4037465</CSItemCode><CSItemName>Etkileşimli TV</CSItemName><CSItemRank>2</CSItemRank><CSItemIsFreeFormat>0</CSItemIsFreeFormat><CSValue><CSValueCode>VA4086947</CSValueCode><CSValueName>HbbTV</CSValueName><CSValueRank>1</CSValueRank></CSValue></CSItem><CSItem><CSItemCode>IT4037466</CSItemCode><CSItemName>Program</CSItemName><CSItemRank>3</CSItemRank><CSItemIsFreeFormat>0</CSItemIsFreeFormat><CSValue><CSValueCode>VA4086948</CSValueCode><CSValueName>Pause TV</CSValueName><CSValueRank>1</CSValueRank></CSValue><CSValue><CSValueCode>VA4086949</CSValueCode><CSValueName>USB Kayıt*</CSValueName><CSValueRank>2</CSValueRank></CSValue></CSItem><CSItem><CSItemCode>IT4037467</CSItemCode><CSItemName>SmartTV uygulamaları*</CSItemName><CSItemRank>4</CSItemRank><CSItemIsFreeFormat>0</CSItemIsFreeFormat><CSValue><CSValueCode>VA4086951</CSValueCode><CSValueName>Çevrimiçi Video Mağazaları</CSValueName><CSValueRank>1</CSValueRank></CSValue><CSValue><CSValueCode>VA4086957</CSValueCode><CSValueName>Açık İnternet Tarayıcısı</CSValueName><CSValueRank>2</CSValueRank></CSValue><CSValue><CSValueCode>VA4086956</CSValueCode><CSValueName>Social TV</CSValueName><CSValueRank>3</CSValueRank></CSValue><CSValue><CSValueCode>VA4086950</CSValueCode><CSValueName>İstek Üzerine TV</CSValueName><CSValueRank>4</CSValueRank></CSValue><CSValue><CSValueCode>VA4086955</CSValueCode><CSValueName>Youtube</CSValueName><CSValueRank>5</CSValueRank></CSValue></CSItem><CSItem><CSItemCode>IT4037468</CSItemCode><CSItemName>Kurulum Kolaylığı</CSItemName><CSItemRank>5</CSItemRank><CSItemIsFreeFormat>0</CSItemIsFreeFormat><CSValue><CSValueCode>VA4086958</CSValueCode><CSValueName>Philips cihazlarını otomatik algılama</CSValueName><CSValueRank>1</CSValueRank></CSValue><CSValue><CSValueCode>VA4086959</CSValueCode><CSValueName>Cihaz bağlantı sihirbazı</CSValueName><CSValueRank>2</CSValueRank></CSValue><CSValue><CSValueCode>VA4086960</CSValueCode><CSValueName>Ağ kurulum sihirbazı</CSValueName><CSValueRank>3</CSValueRank></CSValue><CSValue><CSValueCode>VA4086961</CSValueCode><CSValueName>Ayarlar yardımcısı sihirbazı</CSValueName><CSValueRank>4</CSValueRank></CSValue></CSItem><CSItem><CSItemCode>IT4037469</CSItemCode><CSItemName>Kullanım Kolaylığı</CSItemName><CSItemRank>6</CSItemRank><CSItemIsFreeFormat>0</CSItemIsFreeFormat><CSValue><CSValueCode>VA4086962</CSValueCode><CSValueName>Tek Smart Menü düğmesi</CSValueName><CSValueRank>1</CSValueRank></CSValue><CSValue><CSValueCode>VA4086963</CSValueCode><CSValueName>Ekran Üzeri Kullanım Kılavuzu</CSValueName><CSValueRank>2</CSValueRank></CSValue></CSItem><CSItem><CSItemCode>IT4037470</CSItemCode><CSItemName>Yükseltilebilir bellenim</CSItemName><CSItemRank>7</CSItemRank><CSItemIsFreeFormat>0</CSItemIsFreeFormat><CSValue><CSValueCode>VA4086964</CSValueCode><CSValueName>Otomatik bellenim yükseltme sihirbazı</CSValueName><CSValueRank>1</CSValueRank></CSValue><CSValue><CSValueCode>VA4086965</CSValueCode><CSValueName>USB yoluyla yükseltilebilir bellenim</CSValueName><CSValueRank>2</CSValueRank></CSValue><CSValue><CSValueCode>VA4086966</CSValueCode><CSValueName>Çevrimiçi bellenim yükseltme</CSValueName><CSValueRank>3</CSValueRank></CSValue></CSItem><CSItem><CSItemCode>IT4037471</CSItemCode><CSItemName>Ekran Format Ayarları</CSItemName><CSItemRank>8</CSItemRank><CSItemIsFreeFormat>0</CSItemIsFreeFormat><CSValue><CSValueCode>VA4086973</CSValueCode><CSValueName>Temel - Ekran Doldurma</CSValueName><CSValueRank>1</CSValueRank></CSValue><CSValue><CSValueCode>VA4086974</CSValueCode><CSValueName>Ekrana Sığdırma</CSValueName><CSValueRank>2</CSValueRank></CSValue><CSValue><CSValueCode>VA4086975</CSValueCode><CSValueName>Gelişmiş - Kaydırma</CSValueName><CSValueRank>3</CSValueRank></CSValue><CSValue><CSValueCode>VA4086976</CSValueCode><CSValueName>Yakınlaştırma, Uzatma</CSValueName><CSValueRank>4</CSValueRank></CSValue></CSItem><CSItem><CSItemCode>IT4037472</CSItemCode><CSItemName>Philips TV Remote uygulaması*</CSItemName><CSItemRank>9</CSItemRank><CSItemIsFreeFormat>0</CSItemIsFreeFormat><CSValue><CSValueCode>VA4086985</CSValueCode><CSValueName>Uygulamalar</CSValueName><CSValueRank>1</CSValueRank></CSValue><CSValue><CSValueCode>VA4086984</CSValueCode><CSValueName>Kanallar</CSValueName><CSValueRank>2</CSValueRank></CSValue><CSValue><CSValueCode>VA4086978</CSValueCode><CSValueName>Kontrol</CSValueName><CSValueRank>3</CSValueRank></CSValue><CSValue><CSValueCode>VA4086983</CSValueCode><CSValueName>Şimdi TV'de</CSValueName><CSValueRank>4</CSValueRank></CSValue><CSValue><CSValueCode>VA4086981</CSValueCode><CSValueName>TV Rehberi</CSValueName><CSValueRank>5</CSValueRank></CSValue><CSValue><CSValueCode>VA4086982</CSValueCode><CSValueName>İstek Üzerine Video</CSValueName><CSValueRank>6</CSValueRank></CSValue></CSItem><CSItem><CSItemCode>IT4037475</CSItemCode><CSItemName>Uzaktan Kontrol</CSItemName><CSItemRank>10</CSItemRank><CSItemIsFreeFormat>0</CSItemIsFreeFormat><CSValue><CSValueCode>VA4086992</CSValueCode><CSValueName>Klavyeli</CSValueName><CSValueRank>1</CSValueRank></CSValue><CSValue><CSValueCode>VA4086994</CSValueCode><CSValueName>Sesli</CSValueName><CSValueRank>2</CSValueRank></CSValue></CSItem></CSChapter><CSChapter><CSChapterCode>CH4006082</CSChapterCode><CSChapterName>İşleme</CSChapterName><CSChapterRank>5</CSChapterRank><CSItem><CSItemCode>IT4029505</CSItemCode><CSItemName>İşleme Gücü</CSItemName><CSItemRank>1</CSItemRank><CSItemIsFreeFormat>0</CSItemIsFreeFormat><CSValue><CSValueCode>VA4068064</CSValueCode><CSValueName>Dört Çekirdekli</CSValueName><CSValueRank>1</CSValueRank></CSValue></CSItem></CSChapter><CSChapter><CSChapterCode>3000799</CSChapterCode><CSChapterName>Ses</CSChapterName><CSChapterRank>6</CSChapterRank><CSItem><CSItemCode>3006270</CSItemCode><CSItemName>Çıkış gücü (RMS)</CSItemName><CSItemRank>1</CSItemRank><CSItemIsFreeFormat>1</CSItemIsFreeFormat><CSValue><CSValueCode>3031400</CSValueCode><CSValueName>25 W</CSValueName><CSValueRank>1</CSValueRank></CSValue></CSItem><CSItem><CSItemCode>3006277</CSItemCode><CSItemName>Ses Geliştirme</CSItemName><CSItemRank>2</CSItemRank><CSItemIsFreeFormat>0</CSItemIsFreeFormat><CSValue><CSValueCode>3031442</CSValueCode><CSValueName>Akıllı Ses</CSValueName><CSValueRank>1</CSValueRank></CSValue><CSValue><CSValueCode>VA4099061</CSValueCode><CSValueName>DTS-HD Premium Sound</CSValueName><CSValueRank>2</CSValueRank></CSValue><CSValue><CSValueCode>VA4102990</CSValueCode><CSValueName>Dolby Atmos ile Uyumlu</CSValueName><CSValueRank>3</CSValueRank></CSValue><CSValue><CSValueCode>VA4077945</CSValueCode><CSValueName>DTS Studio Sound</CSValueName><CSValueRank>4</CSValueRank></CSValue><CSValue><CSValueCode>VA4068698</CSValueCode><CSValueName>DTS TruSurround</CSValueName><CSValueRank>5</CSValueRank></CSValue></CSItem><CSItem><CSItemCode>IT4045565</CSItemCode><CSItemName>Hoparlör yapılandırması</CSItemName><CSItemRank>3</CSItemRank><CSItemIsFreeFormat>1</CSItemIsFreeFormat><CSValue><CSValueCode>VA4104615</CSValueCode><CSValueName>2 x 6,25 W orta-yüksek ön hoparlör, 12,5 W woofer</CSValueName><CSValueRank>1</CSValueRank></CSValue></CSItem></CSChapter><CSChapter><CSChapterCode>3000813</CSChapterCode><CSChapterName>Bağlantı</CSChapterName><CSChapterRank>7</CSChapterRank><CSItem><CSItemCode>IT4006781</CSItemCode><CSItemName>HDMI bağlantı sayısı</CSItemName><CSItemRank>1</CSItemRank><CSItemIsFreeFormat>0</CSItemIsFreeFormat><CSValue><CSValueCode>VA4018288</CSValueCode><CSValueName>4</CSValueName><CSValueRank>1</CSValueRank></CSValue></CSItem><CSItem><CSItemCode>IT4015984</CSItemCode><CSItemName>USB sayısı</CSItemName><CSItemRank>2</CSItemRank><CSItemIsFreeFormat>0</CSItemIsFreeFormat><CSValue><CSValueCode>VA4032422</CSValueCode><CSValueName>2</CSValueName><CSValueRank>1</CSValueRank></CSValue></CSItem><CSItem><CSItemCode>IT4015985</CSItemCode><CSItemName>Komponent sayısı (YPbPr)</CSItemName><CSItemRank>3</CSItemRank><CSItemIsFreeFormat>0</CSItemIsFreeFormat><CSValue><CSValueCode>VA4032424</CSValueCode><CSValueName>1</CSValueName><CSValueRank>1</CSValueRank></CSValue></CSItem><CSItem><CSItemCode>3006591</CSItemCode><CSItemName>Kablosuz bağlantılar</CSItemName><CSItemRank>4</CSItemRank><CSItemIsFreeFormat>0</CSItemIsFreeFormat><CSValue><CSValueCode>VA4078095</CSValueCode><CSValueName>Çift Bant</CSValueName><CSValueRank>1</CSValueRank></CSValue><CSValue><CSValueCode>VA4094466</CSValueCode><CSValueName>Dahili Wi-Fi 11ac 2x2</CSValueName><CSValueRank>2</CSValueRank></CSValue></CSItem><CSItem><CSItemCode>3006573</CSItemCode><CSItemName>Diğer bağlantılar</CSItemName><CSItemRank>5</CSItemRank><CSItemIsFreeFormat>0</CSItemIsFreeFormat><CSValue><CSValueCode>3032285</CSValueCode><CSValueName>IEC75 Anten</CSValueName><CSValueRank>1</CSValueRank></CSValue><CSValue><CSValueCode>VA4067670</CSValueCode><CSValueName>Uydu Konektörü</CSValueName><CSValueRank>2</CSValueRank></CSValue><CSValue><CSValueCode>VA4019747</CSValueCode><CSValueName>Common Interface Plus (CI+)</CSValueName><CSValueRank>3</CSValueRank></CSValue><CSValue><CSValueCode>VA4032430</CSValueCode><CSValueName>Dijital ses çıkışı (optik)</CSValueName><CSValueRank>4</CSValueRank></CSValue><CSValue><CSValueCode>VA4022502</CSValueCode><CSValueName>Ethernet-LAN RJ-45</CSValueName><CSValueRank>5</CSValueRank></CSValue><CSValue><CSValueCode>VA4018008</CSValueCode><CSValueName>Sol/Sağ Ses girişi</CSValueName><CSValueRank>6</CSValueRank></CSValue><CSValue><CSValueCode>VA4001121</CSValueCode><CSValueName>Kulaklık çıkışı</CSValueName><CSValueRank>7</CSValueRank></CSValue></CSItem><CSItem><CSItemCode>IT4001801</CSItemCode><CSItemName>HDMI özellikleri</CSItemName><CSItemRank>6</CSItemRank><CSItemIsFreeFormat>0</CSItemIsFreeFormat><CSValue><CSValueCode>VA4080937</CSValueCode><CSValueName>4K</CSValueName><CSValueRank>1</CSValueRank></CSValue><CSValue><CSValueCode>VA4021426</CSValueCode><CSValueName>Ses Dönüş Kanalı</CSValueName><CSValueRank>2</CSValueRank></CSValue></CSItem><CSItem><CSItemCode>IT4001802</CSItemCode><CSItemName>EasyLink (HDMI-CEC)</CSItemName><CSItemRank>7</CSItemRank><CSItemIsFreeFormat>0</CSItemIsFreeFormat><CSValue><CSValueCode>VA4006305</CSValueCode><CSValueName>Uzaktan kumanda geçişi</CSValueName><CSValueRank>1</CSValueRank></CSValue><CSValue><CSValueCode>VA4006303</CSValueCode><CSValueName>Sistem ses kontrolü</CSValueName><CSValueRank>2</CSValueRank></CSValue><CSValue><CSValueCode>VA4004662</CSValueCode><CSValueName>Sistem bekleme</CSValueName><CSValueRank>3</CSValueRank></CSValue><CSValue><CSValueCode>VA4004661</CSValueCode><CSValueName>Tek dokunuşla oynatma</CSValueName><CSValueRank>4</CSValueRank></CSValue></CSItem><CSItem><CSItemCode>IT4034211</CSItemCode><CSItemName>HDCP 2.2</CSItemName><CSItemRank>8</CSItemRank><CSItemIsFreeFormat>0</CSItemIsFreeFormat><CSValue><CSValueCode>VA4086885</CSValueCode><CSValueName>Evet, tüm HDMI'larda</CSValueName><CSValueRank>1</CSValueRank></CSValue></CSItem></CSChapter><CSChapter><CSChapterCode>3000811</CSChapterCode><CSChapterName>Multimedya Uygulamaları</CSChapterName><CSChapterRank>8</CSChapterRank><CSItem><CSItemCode>IT4008764</CSItemCode><CSItemName>Video Oynatma Formatları</CSItemName><CSItemRank>1</CSItemRank><CSItemIsFreeFormat>0</CSItemIsFreeFormat><CSValue><CSValueCode>VA4021454</CSValueCode><CSValueName>Kapsamlar: AVI, MKV</CSValueName><CSValueRank>1</CSValueRank></CSValue><CSValue><CSValueCode>VA4021455</CSValueCode><CSValueName>H264/MPEG-4 AVC</CSValueName><CSValueRank>2</CSValueRank></CSValue><CSValue><CSValueCode>VA4021451</CSValueCode><CSValueName>MPEG-1</CSValueName><CSValueRank>3</CSValueRank></CSValue><CSValue><CSValueCode>VA4021452</CSValueCode><CSValueName>MPEG-2</CSValueName><CSValueRank>4</CSValueRank></CSValue><CSValue><CSValueCode>VA4021453</CSValueCode><CSValueName>MPEG-4</CSValueName><CSValueRank>5</CSValueRank></CSValue><CSValue><CSValueCode>VA4021456</CSValueCode><CSValueName>WMV9/VC1</CSValueName><CSValueRank>6</CSValueRank></CSValue><CSValue><CSValueCode>VA4098821</CSValueCode><CSValueName>HEVC (H.265)</CSValueName><CSValueRank>7</CSValueRank></CSValue><CSValue><CSValueCode>VA4091744</CSValueCode><CSValueName>VP9</CSValueName><CSValueRank>8</CSValueRank></CSValue></CSItem><CSItem><CSItemCode>IT4033451</CSItemCode><CSItemName>Altyazı Formatları Desteği</CSItemName><CSItemRank>2</CSItemRank><CSItemIsFreeFormat>0</CSItemIsFreeFormat><CSValue><CSValueCode>VA4077783</CSValueCode><CSValueName>.SRT</CSValueName><CSValueRank>1</CSValueRank></CSValue><CSValue><CSValueCode>VA4077786</CSValueCode><CSValueName>.SUB</CSValueName><CSValueRank>2</CSValueRank></CSValue><CSValue><CSValueCode>VA4077788</CSValueCode><CSValueName>.TXT</CSValueName><CSValueRank>3</CSValueRank></CSValue><CSValue><CSValueCode>VA4077784</CSValueCode><CSValueName>.SMI</CSValueName><CSValueRank>4</CSValueRank></CSValue></CSItem><CSItem><CSItemCode>IT4008762</CSItemCode><CSItemName>Müzik Çalma Formatları</CSItemName><CSItemRank>3</CSItemRank><CSItemIsFreeFormat>0</CSItemIsFreeFormat><CSValue><CSValueCode>VA4021478</CSValueCode><CSValueName>AAC</CSValueName><CSValueRank>1</CSValueRank></CSValue><CSValue><CSValueCode>VA4021448</CSValueCode><CSValueName>MP3</CSValueName><CSValueRank>2</CSValueRank></CSValue><CSValue><CSValueCode>VA4086481</CSValueCode><CSValueName>WAV</CSValueName><CSValueRank>3</CSValueRank></CSValue><CSValue><CSValueCode>VA4021450</CSValueCode><CSValueName>WMA (v2 - v9.2 arası)</CSValueName><CSValueRank>4</CSValueRank></CSValue><CSValue><CSValueCode>VA4086886</CSValueCode><CSValueName>WMA-PRO (v9 ve v10)</CSValueName><CSValueRank>5</CSValueRank></CSValue></CSItem><CSItem><CSItemCode>IT4008763</CSItemCode><CSItemName>Fotoğraf Görüntüleme Formatları</CSItemName><CSItemRank>4</CSItemRank><CSItemIsFreeFormat>0</CSItemIsFreeFormat><CSValue><CSValueCode>VA4021449</CSValueCode><CSValueName>JPEG</CSValueName><CSValueRank>1</CSValueRank></CSValue><CSValue><CSValueCode>VA4065613</CSValueCode><CSValueName>BMP</CSValueName><CSValueRank>2</CSValueRank></CSValue><CSValue><CSValueCode>VA4065611</CSValueCode><CSValueName>GIF</CSValueName><CSValueRank>3</CSValueRank></CSValue><CSValue><CSValueCode>VA4065612</CSValueCode><CSValueName>PNG</CSValueName><CSValueRank>4</CSValueRank></CSValue></CSItem></CSChapter><CSChapter><CSChapterCode>3000797</CSChapterCode><CSChapterName>Desteklenen Ekran Çözünürlüğü</CSChapterName><CSChapterRank>9</CSChapterRank><CSItem><CSItemCode>IT4041111</CSItemCode><CSItemName>HDMI1/2'de bilgisayar girişleri</CSItemName><CSItemRank>1</CSItemRank><CSItemIsFreeFormat>0</CSItemIsFreeFormat><CSValue><CSValueCode>VA4095761</CSValueCode><CSValueName>60 Hz'de 4K UHD 3840x2160 değerine kadar</CSValueName><CSValueRank>1</CSValueRank></CSValue></CSItem><CSItem><CSItemCode>IT4041112</CSItemCode><CSItemName>HDMI3/4'te bilgisayar girişleri</CSItemName><CSItemRank>2</CSItemRank><CSItemIsFreeFormat>0</CSItemIsFreeFormat><CSValue><CSValueCode>VA4095765</CSValueCode><CSValueName>30 Hz'de 4K UHD 3840x2160 değerine kadar</CSValueName><CSValueRank>1</CSValueRank></CSValue></CSItem><CSItem><CSItemCode>IT4041113</CSItemCode><CSItemName>HDMI1/2'de video girişleri</CSItemName><CSItemRank>3</CSItemRank><CSItemIsFreeFormat>0</CSItemIsFreeFormat><CSValue><CSValueCode>VA4097235</CSValueCode><CSValueName>60 Hz'de 4K UHD 3840x2160 değerine kadar</CSValueName><CSValueRank>1</CSValueRank></CSValue></CSItem><CSItem><CSItemCode>IT4041114</CSItemCode><CSItemName>HDMI3/4'te video girişleri</CSItemName><CSItemRank>4</CSItemRank><CSItemIsFreeFormat>0</CSItemIsFreeFormat><CSValue><CSValueCode>VA4097239</CSValueCode><CSValueName>30 Hz'de 4K UHD 3840x2160 değerine kadar</CSValueName><CSValueRank>1</CSValueRank></CSValue></CSItem></CSChapter><CSChapter><CSChapterCode>3000812</CSChapterCode><CSChapterName>Tuner/Alım/İletim</CSChapterName><CSChapterRank>10</CSChapterRank><CSItem><CSItemCode>IT4041210</CSItemCode><CSItemName>HEVC desteği</CSItemName><CSItemRank>1</CSItemRank><CSItemIsFreeFormat>0</CSItemIsFreeFormat><CSValue><CSValueCode>VA4095925</CSValueCode><CSValueName>Evet</CSValueName><CSValueRank>1</CSValueRank></CSValue></CSItem><CSItem><CSItemCode>3007491</CSItemCode><CSItemName>Dijital TV</CSItemName><CSItemRank>2</CSItemRank><CSItemIsFreeFormat>0</CSItemIsFreeFormat><CSValue><CSValueCode>VA4097064</CSValueCode><CSValueName>DVB-T/T2/T2-HD/C/S/S2</CSValueName><CSValueRank>1</CSValueRank></CSValue></CSItem><CSItem><CSItemCode>IT4028192</CSItemCode><CSItemName>MPEG Desteği</CSItemName><CSItemRank>3</CSItemRank><CSItemIsFreeFormat>0</CSItemIsFreeFormat><CSValue><CSValueCode>VA4065926</CSValueCode><CSValueName>MPEG2</CSValueName><CSValueRank>1</CSValueRank></CSValue><CSValue><CSValueCode>VA4065927</CSValueCode><CSValueName>MPEG4</CSValueName><CSValueRank>2</CSValueRank></CSValue></CSItem><CSItem><CSItemCode>3006515</CSItemCode><CSItemName>Video Oynatma</CSItemName><CSItemRank>4</CSItemRank><CSItemIsFreeFormat>0</CSItemIsFreeFormat><CSValue><CSValueCode>3032144</CSValueCode><CSValueName>NTSC</CSValueName><CSValueRank>1</CSValueRank></CSValue><CSValue><CSValueCode>3032145</CSValueCode><CSValueName>PAL</CSValueName><CSValueRank>2</CSValueRank></CSValue><CSValue><CSValueCode>3032146</CSValueCode><CSValueName>SECAM</CSValueName><CSValueRank>3</CSValueRank></CSValue></CSItem><CSItem><CSItemCode>IT4034213</CSItemCode><CSItemName>TV Program rehberi*</CSItemName><CSItemRank>5</CSItemRank><CSItemIsFreeFormat>0</CSItemIsFreeFormat><CSValue><CSValueCode>VA4079472</CSValueCode><CSValueName>8 günlük Elektronik Program Rehberi</CSValueName><CSValueRank>1</CSValueRank></CSValue></CSItem><CSItem><CSItemCode>IT4034214</CSItemCode><CSItemName>Sinyal gücü göstergesi</CSItemName><CSItemRank>6</CSItemRank><CSItemIsFreeFormat>0</CSItemIsFreeFormat><CSValue><CSValueCode>VA4079473</CSValueCode><CSValueName>Evet</CSValueName><CSValueRank>1</CSValueRank></CSValue></CSItem><CSItem><CSItemCode>IT4034215</CSItemCode><CSItemName>Teletekst</CSItemName><CSItemRank>7</CSItemRank><CSItemIsFreeFormat>0</CSItemIsFreeFormat><CSValue><CSValueCode>VA4079474</CSValueCode><CSValueName>1000 sayfa Yardımlı Metin</CSValueName><CSValueRank>1</CSValueRank></CSValue></CSItem></CSChapter><CSChapter><CSChapterCode>3000821</CSChapterCode><CSChapterName>Güç</CSChapterName><CSChapterRank>11</CSChapterRank><CSItem><CSItemCode>3007003</CSItemCode><CSItemName>Şebeke elektriği</CSItemName><CSItemRank>1</CSItemRank><CSItemIsFreeFormat>1</CSItemIsFreeFormat><CSValue><CSValueCode>3033675</CSValueCode><CSValueName>AC 220 - 240 V 50/60 Hz</CSValueName><CSValueRank>1</CSValueRank></CSValue></CSItem><CSItem><CSItemCode>3007001</CSItemCode><CSItemName>Bekleme modunda güç tüketimi</CSItemName><CSItemRank>2</CSItemRank><CSItemIsFreeFormat>1</CSItemIsFreeFormat><CSValue><CSValueCode>3033673</CSValueCode><CSValueName>&lt; 0,3 W</CSValueName><CSValueRank>1</CSValueRank></CSValue></CSItem><CSItem><CSItemCode>IT4009431</CSItemCode><CSItemName>Kapalı modu güç tüketimi</CSItemName><CSItemRank>3</CSItemRank><CSItemIsFreeFormat>1</CSItemIsFreeFormat><CSValue><CSValueCode>VA4022642</CSValueCode><CSValueName>0,3</CSValueName><CSValueRank>1</CSValueRank></CSValue><UnitOfMeasure><UnitOfMeasureCode>3000072</UnitOfMeasureCode><UnitOfMeasureName>watt</UnitOfMeasureName><UnitOfMeasureSymbol>W</UnitOfMeasureSymbol></UnitOfMeasure></CSItem><CSItem><CSItemCode>4000081</CSItemCode><CSItemName>Ortam sıcaklığı</CSItemName><CSItemRank>4</CSItemRank><CSItemIsFreeFormat>0</CSItemIsFreeFormat><CSValue><CSValueCode>VA4002861</CSValueCode><CSValueName>5°C - 35°C</CSValueName><CSValueRank>1</CSValueRank></CSValue></CSItem><CSItem><CSItemCode>IT4008765</CSItemCode><CSItemName>Güç Tasarrufu Özellikleri</CSItemName><CSItemRank>5</CSItemRank><CSItemIsFreeFormat>0</CSItemIsFreeFormat><CSValue><CSValueCode>VA4021464</CSValueCode><CSValueName>Otomatik kapama zamanlayıcı</CSValueName><CSValueRank>1</CSValueRank></CSValue><CSValue><CSValueCode>VA4021463</CSValueCode><CSValueName>Görüntü dondurma (radyo için)</CSValueName><CSValueRank>2</CSValueRank></CSValue><CSValue><CSValueCode>VA4021460</CSValueCode><CSValueName>Işık sensörü</CSValueName><CSValueRank>3</CSValueRank></CSValue></CSItem><CSItem><CSItemCode>IT4015354</CSItemCode><CSItemName>Enerji Etiketi Sınıfı</CSItemName><CSItemRank>6</CSItemRank><CSItemIsFreeFormat>0</CSItemIsFreeFormat><CSValue><CSValueCode>VA4030804</CSValueCode><CSValueName>A</CSValueName><CSValueRank>1</CSValueRank></CSValue></CSItem><CSItem><CSItemCode>IT4016791</CSItemCode><CSItemName>AB Enerji Etiketine uygun güç</CSItemName><CSItemRank>7</CSItemRank><CSItemIsFreeFormat>1</CSItemIsFreeFormat><CSValue><CSValueCode>VA4033965</CSValueCode><CSValueName>86</CSValueName><CSValueRank>1</CSValueRank></CSValue><UnitOfMeasure><UnitOfMeasureCode>3000072</UnitOfMeasureCode><UnitOfMeasureName>watt</UnitOfMeasureName><UnitOfMeasureSymbol>W</UnitOfMeasureSymbol></UnitOfMeasure></CSItem><CSItem><CSItemCode>IT4013218</CSItemCode><CSItemName>Yıllık enerji tüketimi</CSItemName><CSItemRank>8</CSItemRank><CSItemIsFreeFormat>1</CSItemIsFreeFormat><CSValue><CSValueCode>VA4025546</CSValueCode><CSValueName>126</CSValueName><CSValueRank>1</CSValueRank></CSValue><UnitOfMeasure><UnitOfMeasureCode>4000161</UnitOfMeasureCode><UnitOfMeasureName>kilowatt saat</UnitOfMeasureName><UnitOfMeasureSymbol>kW·s</UnitOfMeasureSymbol></UnitOfMeasure></CSItem><CSItem><CSItemCode>IT4013217</CSItemCode><CSItemName>Cıva içeriği</CSItemName><CSItemRank>9</CSItemRank><CSItemIsFreeFormat>1</CSItemIsFreeFormat><CSValue><CSValueCode>VA4025545</CSValueCode><CSValueName>0</CSValueName><CSValueRank>1</CSValueRank></CSValue><UnitOfMeasure><UnitOfMeasureCode>4000142</UnitOfMeasureCode><UnitOfMeasureName>mg</UnitOfMeasureName><UnitOfMeasureSymbol>mg</UnitOfMeasureSymbol></UnitOfMeasure></CSItem><CSItem><CSItemCode>IT4013214</CSItemCode><CSItemName>Kurşun mevcudiyeti</CSItemName><CSItemRank>10</CSItemRank><CSItemIsFreeFormat>0</CSItemIsFreeFormat><CSValue><CSValueCode>VA4025541</CSValueCode><CSValueName>Evet*</CSValueName><CSValueRank>1</CSValueRank></CSValue></CSItem></CSChapter><CSChapter><CSChapterCode>3000820</CSChapterCode><CSChapterName>Boyutlar</CSChapterName><CSChapterRank>12</CSChapterRank><CSItem><CSItemCode>3006821</CSItemCode><CSItemName>Kutu genişliği</CSItemName><CSItemRank>1</CSItemRank><CSItemIsFreeFormat>1</CSItemIsFreeFormat><CSValue><CSValueCode>3033149</CSValueCode><CSValueName>1205</CSValueName><CSValueRank>1</CSValueRank></CSValue><UnitOfMeasure><UnitOfMeasureCode>3000058</UnitOfMeasureCode><UnitOfMeasureName>milimetre</UnitOfMeasureName><UnitOfMeasureSymbol>mm</UnitOfMeasureSymbol></UnitOfMeasure></CSItem><CSItem><CSItemCode>3006820</CSItemCode><CSItemName>Kutu yüksekliği</CSItemName><CSItemRank>2</CSItemRank><CSItemIsFreeFormat>1</CSItemIsFreeFormat><CSValue><CSValueCode>3033148</CSValueCode><CSValueName>810</CSValueName><CSValueRank>1</CSValueRank></CSValue><UnitOfMeasure><UnitOfMeasureCode>3000058</UnitOfMeasureCode><UnitOfMeasureName>milimetre</UnitOfMeasureName><UnitOfMeasureSymbol>mm</UnitOfMeasureSymbol></UnitOfMeasure></CSItem><CSItem><CSItemCode>3006819</CSItemCode><CSItemName>Kutu derinliği</CSItemName><CSItemRank>3</CSItemRank><CSItemIsFreeFormat>1</CSItemIsFreeFormat><CSValue><CSValueCode>3033147</CSValueCode><CSValueName>150</CSValueName><CSValueRank>1</CSValueRank></CSValue><UnitOfMeasure><UnitOfMeasureCode>3000058</UnitOfMeasureCode><UnitOfMeasureName>milimetre</UnitOfMeasureName><UnitOfMeasureSymbol>mm</UnitOfMeasureSymbol></UnitOfMeasure></CSItem><CSItem><CSItemCode>3006884</CSItemCode><CSItemName>Set Genişliği</CSItemName><CSItemRank>4</CSItemRank><CSItemIsFreeFormat>1</CSItemIsFreeFormat><CSValue><CSValueCode>3033219</CSValueCode><CSValueName>1106,6</CSValueName><CSValueRank>1</CSValueRank></CSValue><UnitOfMeasure><UnitOfMeasureCode>3000058</UnitOfMeasureCode><UnitOfMeasureName>milimetre</UnitOfMeasureName><UnitOfMeasureSymbol>mm</UnitOfMeasureSymbol></UnitOfMeasure></CSItem><CSItem><CSItemCode>3006882</CSItemCode><CSItemName>Set Yüksekliği</CSItemName><CSItemRank>5</CSItemRank><CSItemIsFreeFormat>1</CSItemIsFreeFormat><CSValue><CSValueCode>3033217</CSValueCode><CSValueName>732,9</CSValueName><CSValueRank>1</CSValueRank></CSValue><UnitOfMeasure><UnitOfMeasureCode>3000058</UnitOfMeasureCode><UnitOfMeasureName>milimetre</UnitOfMeasureName><UnitOfMeasureSymbol>mm</UnitOfMeasureSymbol></UnitOfMeasure></CSItem><CSItem><CSItemCode>3006881</CSItemCode><CSItemName>Set Derinliği</CSItemName><CSItemRank>6</CSItemRank><CSItemIsFreeFormat>1</CSItemIsFreeFormat><CSValue><CSValueCode>3033216</CSValueCode><CSValueName>68,2</CSValueName><CSValueRank>1</CSValueRank></CSValue><UnitOfMeasure><UnitOfMeasureCode>3000058</UnitOfMeasureCode><UnitOfMeasureName>milimetre</UnitOfMeasureName><UnitOfMeasureSymbol>mm</UnitOfMeasureSymbol></UnitOfMeasure></CSItem><CSItem><CSItemCode>3010081</CSItemCode><CSItemName>Set genişliği (stand ile)</CSItemName><CSItemRank>7</CSItemRank><CSItemIsFreeFormat>1</CSItemIsFreeFormat><CSValue><CSValueCode>3045267</CSValueCode><CSValueName>1106,6</CSValueName><CSValueRank>1</CSValueRank></CSValue><UnitOfMeasure><UnitOfMeasureCode>3000058</UnitOfMeasureCode><UnitOfMeasureName>milimetre</UnitOfMeasureName><UnitOfMeasureSymbol>mm</UnitOfMeasureSymbol></UnitOfMeasure></CSItem><CSItem><CSItemCode>3010080</CSItemCode><CSItemName>Set yüksekliği (stand ile)</CSItemName><CSItemRank>8</CSItemRank><CSItemIsFreeFormat>1</CSItemIsFreeFormat><CSValue><CSValueCode>3045266</CSValueCode><CSValueName>792,9</CSValueName><CSValueRank>1</CSValueRank></CSValue><UnitOfMeasure><UnitOfMeasureCode>3000058</UnitOfMeasureCode><UnitOfMeasureName>milimetre</UnitOfMeasureName><UnitOfMeasureSymbol>mm</UnitOfMeasureSymbol></UnitOfMeasure></CSItem><CSItem><CSItemCode>3010079</CSItemCode><CSItemName>Set derinliği (stand ile)</CSItemName><CSItemRank>9</CSItemRank><CSItemIsFreeFormat>1</CSItemIsFreeFormat><CSValue><CSValueCode>3045265</CSValueCode><CSValueName>266,3</CSValueName><CSValueRank>1</CSValueRank></CSValue><UnitOfMeasure><UnitOfMeasureCode>3000058</UnitOfMeasureCode><UnitOfMeasureName>milimetre</UnitOfMeasureName><UnitOfMeasureSymbol>mm</UnitOfMeasureSymbol></UnitOfMeasure></CSItem><CSItem><CSItemCode>IT4042932</CSItemCode><CSItemName>TV standı genişlik mesafesi</CSItemName><CSItemRank>10</CSItemRank><CSItemIsFreeFormat>1</CSItemIsFreeFormat><CSValue><CSValueCode>VA4099201</CSValueCode><CSValueName>780</CSValueName><CSValueRank>1</CSValueRank></CSValue><UnitOfMeasure><UnitOfMeasureCode>3000058</UnitOfMeasureCode><UnitOfMeasureName>milimetre</UnitOfMeasureName><UnitOfMeasureSymbol>mm</UnitOfMeasureSymbol></UnitOfMeasure></CSItem><CSItem><CSItemCode>4000961</CSItemCode><CSItemName>VESA duvara monte edilmeye uygun</CSItemName><CSItemRank>11</CSItemRank><CSItemIsFreeFormat>0</CSItemIsFreeFormat><CSValue><CSValueCode>VA4006542</CSValueCode><CSValueName>200 x 200 mm</CSValueName><CSValueRank>1</CSValueRank></CSValue></CSItem><CSItem><CSItemCode>3006873</CSItemCode><CSItemName>Ürün ağırlığı</CSItemName><CSItemRank>12</CSItemRank><CSItemIsFreeFormat>1</CSItemIsFreeFormat><CSValue><CSValueCode>3033208</CSValueCode><CSValueName>13,4</CSValueName><CSValueRank>1</CSValueRank></CSValue><UnitOfMeasure><UnitOfMeasureCode>3000049</UnitOfMeasureCode><UnitOfMeasureName>kilogram</UnitOfMeasureName><UnitOfMeasureSymbol>kg</UnitOfMeasureSymbol></UnitOfMeasure></CSItem><CSItem><CSItemCode>3010611</CSItemCode><CSItemName>Ürün ağırlığı (+stand)</CSItemName><CSItemRank>13</CSItemRank><CSItemIsFreeFormat>1</CSItemIsFreeFormat><CSValue><CSValueCode>3047710</CSValueCode><CSValueName>14,2</CSValueName><CSValueRank>1</CSValueRank></CSValue><UnitOfMeasure><UnitOfMeasureCode>3000049</UnitOfMeasureCode><UnitOfMeasureName>kilogram</UnitOfMeasureName><UnitOfMeasureSymbol>kg</UnitOfMeasureSymbol></UnitOfMeasure></CSItem><CSItem><CSItemCode>3006911</CSItemCode><CSItemName>Ambalajla birlikte Ağırlık</CSItemName><CSItemRank>14</CSItemRank><CSItemIsFreeFormat>1</CSItemIsFreeFormat><CSValue><CSValueCode>3033246</CSValueCode><CSValueName>17,6</CSValueName><CSValueRank>1</CSValueRank></CSValue><UnitOfMeasure><UnitOfMeasureCode>3000049</UnitOfMeasureCode><UnitOfMeasureName>kilogram</UnitOfMeasureName><UnitOfMeasureSymbol>kg</UnitOfMeasureSymbol></UnitOfMeasure></CSItem></CSChapter><CSChapter><CSChapterCode>CH4007881</CSChapterCode><CSChapterName>Renk ve Kaplama</CSChapterName><CSChapterRank>13</CSChapterRank><CSItem><CSItemCode>IT4038828</CSItemCode><CSItemName>TV Önü</CSItemName><CSItemRank>1</CSItemRank><CSItemIsFreeFormat>0</CSItemIsFreeFormat><CSValue><CSValueCode>VA4101756</CSValueCode><CSValueName>Koyu gümüş rengi</CSValueName><CSValueRank>1</CSValueRank></CSValue></CSItem></CSChapter><CSChapter><CSChapterCode>3000815</CSChapterCode><CSChapterName>Aksesuarlar</CSChapterName><CSChapterRank>14</CSChapterRank><CSItem><CSItemCode>3006778</CSItemCode><CSItemName>Birlikte verilen aksesuarlar</CSItemName><CSItemRank>1</CSItemRank><CSItemIsFreeFormat>0</CSItemIsFreeFormat><CSValue><CSValueCode>3033001</CSValueCode><CSValueName>Uzaktan Kontrol</CSValueName><CSValueRank>1</CSValueRank></CSValue><CSValue><CSValueCode>3033554</CSValueCode><CSValueName>Güç kablosu</CSValueName><CSValueRank>2</CSValueRank></CSValue><CSValue><CSValueCode>VA4056481</CSValueCode><CSValueName>Mini jak - L/R kablosu</CSValueName><CSValueRank>3</CSValueRank></CSValue><CSValue><CSValueCode>VA4054201</CSValueCode><CSValueName>Mini jak - YPbPr kablosu</CSValueName><CSValueRank>4</CSValueRank></CSValue><CSValue><CSValueCode>3033561</CSValueCode><CSValueName>Hızlı başlangıç kılavuzu</CSValueName><CSValueRank>5</CSValueRank></CSValue><CSValue><CSValueCode>VA4015925</CSValueCode><CSValueName>Yasal bilgiler ve güvenlik broşürü</CSValueName><CSValueRank>6</CSValueRank></CSValue><CSValue><CSValueCode>3033021</CSValueCode><CSValueName>Masa üstü stand</CSValueName><CSValueRank>7</CSValueRank></CSValue><CSValue><CSValueCode>3047450</CSValueCode><CSValueName>2 x AA Pil</CSValueName><CSValueRank>8</CSValueRank></CSValue></CSItem></CSChapter><Filters><Purpose type="Comparison"><Features><Feature code="F400081557" rank="1" referenceName="Metallic silver open frame stand"/><Feature code="F400085586_49PUS7503_62" rank="2" referenceName="Ambilight 3-sided EU"/><Feature code="F400085602_49PUS7503_62" rank="3" referenceName="P5 Processing Engine EU"/><Feature code="F400085245" rank="4" referenceName="4K Ultra HD (2018)"/><Feature code="F400085243_49PUS7503_62" rank="5" referenceName="HDR Plus (2018)"/><Feature code="F400076569" rank="6" referenceName="Micro Dimming Pro (2016)"/><Feature code="F400085607_49PUS7503_62" rank="7" referenceName="Google Play + Philips TV/STA gallery + 16GB memory EU"/><Feature code="F400085630" rank="8" referenceName="Quad Core + Android EU"/><Feature code="F400076589" rank="9" referenceName="Visible sound articulation (2016)"/><Feature code="F400084940" rank="10" referenceName="DTS HD Premium Sound (2018)"/></Features><CSItems><CSItem code="IT4008761" rank="1" referenceName="Ambilight - Ambilight Versiyonu"/><CSItem code="IT4009349" rank="1" referenceName="Görüntü/Ekran - Ekran"/><CSItem code="IT4037473" rank="1" referenceName="Android - İS"/><CSItem code="IT4037464" rank="1" referenceName="Smart TV Özellikleri - Kullanıcı Etkileşimi"/><CSItem code="IT4029505" rank="1" referenceName="İşleme - İşleme Gücü"/><CSItem code="3006270" rank="1" referenceName="Ses - Çıkış gücü (RMS)"/><CSItem code="IT4006781" rank="1" referenceName="Bağlantı - HDMI bağlantı sayısı"/><CSItem code="IT4008764" rank="1" referenceName="Multimedya Uygulamaları - Video Oynatma Formatları"/><CSItem code="IT4041111" rank="1" referenceName="Desteklenen Ekran Çözünürlüğü - HDMI1/2'de bilgisayar girişleri"/><CSItem code="IT4041210" rank="1" referenceName="Tuner/Alım/İletim - HEVC desteği"/><CSItem code="3007003" rank="1" referenceName="Güç - Şebeke elektriği"/><CSItem code="3006821" rank="1" referenceName="Boyutlar - Kutu genişliği"/><CSItem code="IT4038828" rank="1" referenceName="Renk ve Kaplama - TV Önü"/><CSItem code="3006778" rank="1" referenceName="Aksesuarlar - Birlikte verilen aksesuarlar"/><CSItem code="3006240" rank="2" referenceName="Ambilight - Ambilight Özellikleri"/><CSItem code="3006140" rank="2" referenceName="Görüntü/Ekran - Çapraz ekran boyutu (metrik)"/><CSItem code="IT4034666" rank="2" referenceName="Android - Önceden yüklenmiş uygulamalar"/><CSItem code="IT4037465" rank="2" referenceName="Smart TV Özellikleri - Etkileşimli TV"/><CSItem code="3006277" rank="2" referenceName="Ses - Ses Geliştirme"/><CSItem code="IT4015984" rank="2" referenceName="Bağlantı - USB sayısı"/><CSItem code="IT4033451" rank="2" referenceName="Multimedya Uygulamaları - Altyazı Formatları Desteği"/><CSItem code="IT4041112" rank="2" referenceName="Desteklenen Ekran Çözünürlüğü - HDMI3/4'te bilgisayar girişleri"/><CSItem code="3007491" rank="2" referenceName="Tuner/Alım/İletim - Dijital TV"/><CSItem code="3007001" rank="2" referenceName="Güç - Bekleme modunda güç tüketimi"/><CSItem code="3006820" rank="2" referenceName="Boyutlar - Kutu yüksekliği"/><CSItem code="3006139" rank="3" referenceName="Görüntü/Ekran - Çapraz ekran boyutu (inç)"/><CSItem code="IT4037607" rank="3" referenceName="Android - Bellek boyutu"/><CSItem code="IT4037466" rank="3" referenceName="Smart TV Özellikleri - Program"/><CSItem code="IT4045565" rank="3" referenceName="Ses - Hoparlör yapılandırması"/><CSItem code="IT4015985" rank="3" referenceName="Bağlantı - Komponent sayısı (YPbPr)"/><CSItem code="IT4008762" rank="3" referenceName="Multimedya Uygulamaları - Müzik Çalma Formatları"/><CSItem code="IT4041113" rank="3" referenceName="Desteklenen Ekran Çözünürlüğü - HDMI1/2'de video girişleri"/><CSItem code="IT4028192" rank="3" referenceName="Tuner/Alım/İletim - MPEG Desteği"/><CSItem code="IT4009431" rank="3" referenceName="Güç - Kapalı modu güç tüketimi"/><CSItem code="3006819" rank="3" referenceName="Boyutlar - Kutu derinliği"/><CSItem code="3006177" rank="4" referenceName="Görüntü/Ekran - Ekran çözünürlüğü"/><CSItem code="IT4037467" rank="4" referenceName="Smart TV Özellikleri - SmartTV uygulamaları*"/><CSItem code="3006591" rank="4" referenceName="Bağlantı - Kablosuz bağlantılar"/><CSItem code="IT4008763" rank="4" referenceName="Multimedya Uygulamaları - Fotoğraf Görüntüleme Formatları"/><CSItem code="IT4041114" rank="4" referenceName="Desteklenen Ekran Çözünürlüğü - HDMI3/4'te video girişleri"/><CSItem code="3006515" rank="4" referenceName="Tuner/Alım/İletim - Video Oynatma"/><CSItem code="4000081" rank="4" referenceName="Güç - Ortam sıcaklığı"/><CSItem code="3006884" rank="4" referenceName="Boyutlar - Set Genişliği"/><CSItem code="3006121" rank="5" referenceName="Görüntü/Ekran - En-boy oranı"/><CSItem code="IT4037468" rank="5" referenceName="Smart TV Özellikleri - Kurulum Kolaylığı"/><CSItem code="3006573" rank="5" referenceName="Bağlantı - Diğer bağlantılar"/><CSItem code="IT4034213" rank="5" referenceName="Tuner/Alım/İletim - TV Program rehberi*"/><CSItem code="IT4008765" rank="5" referenceName="Güç - Güç Tasarrufu Özellikleri"/><CSItem code="3006882" rank="5" referenceName="Boyutlar - Set Yüksekliği"/><CSItem code="IT4034274" rank="6" referenceName="Görüntü/Ekran - Pixel motoru"/><CSItem code="IT4037469" rank="6" referenceName="Smart TV Özellikleri - Kullanım Kolaylığı"/><CSItem code="IT4001801" rank="6" referenceName="Bağlantı - HDMI özellikleri"/><CSItem code="IT4034214" rank="6" referenceName="Tuner/Alım/İletim - Sinyal gücü göstergesi"/><CSItem code="IT4015354" rank="6" referenceName="Güç - Enerji Etiketi Sınıfı"/><CSItem code="3006881" rank="6" referenceName="Boyutlar - Set Derinliği"/><CSItem code="3006183" rank="7" referenceName="Görüntü/Ekran - Görüntü güçlendirme"/><CSItem code="IT4037470" rank="7" referenceName="Smart TV Özellikleri - Yükseltilebilir bellenim"/><CSItem code="IT4001802" rank="7" referenceName="Bağlantı - EasyLink (HDMI-CEC)"/><CSItem code="IT4034215" rank="7" referenceName="Tuner/Alım/İletim - Teletekst"/><CSItem code="IT4016791" rank="7" referenceName="Güç - AB Enerji Etiketine uygun güç"/><CSItem code="3010081" rank="7" referenceName="Boyutlar - Set genişliği (stand ile)"/><CSItem code="IT4037471" rank="8" referenceName="Smart TV Özellikleri - Ekran Format Ayarları"/><CSItem code="IT4034211" rank="8" referenceName="Bağlantı - HDCP 2.2"/><CSItem code="IT4013218" rank="8" referenceName="Güç - Yıllık enerji tüketimi"/><CSItem code="3010080" rank="8" referenceName="Boyutlar - Set yüksekliği (stand ile)"/><CSItem code="IT4037472" rank="9" referenceName="Smart TV Özellikleri - Philips TV Remote uygulaması*"/><CSItem code="IT4013217" rank="9" referenceName="Güç - Cıva içeriği"/><CSItem code="3010079" rank="9" referenceName="Boyutlar - Set derinliği (stand ile)"/><CSItem code="IT4037475" rank="10" referenceName="Smart TV Özellikleri - Uzaktan Kontrol"/><CSItem code="IT4013214" rank="10" referenceName="Güç - Kurşun mevcudiyeti"/><CSItem code="IT4042932" rank="10" referenceName="Boyutlar - TV standı genişlik mesafesi"/><CSItem code="4000961" rank="11" referenceName="Boyutlar - VESA duvara monte edilmeye uygun"/><CSItem code="3006873" rank="12" referenceName="Boyutlar - Ürün ağırlığı"/><CSItem code="3010611" rank="13" referenceName="Boyutlar - Ürün ağırlığı (+stand)"/><CSItem code="3006911" rank="14" referenceName="Boyutlar - Ambalajla birlikte Ağırlık"/></CSItems></Purpose><Purpose type="Detail"><Features><Feature code="F400081557" rank="1" referenceName="Metallic silver open frame stand"/><Feature code="F400085586_49PUS7503_62" rank="2" referenceName="Ambilight 3-sided EU"/><Feature code="F400085602_49PUS7503_62" rank="3" referenceName="P5 Processing Engine EU"/><Feature code="F400085245" rank="4" referenceName="4K Ultra HD (2018)"/><Feature code="F400085243_49PUS7503_62" rank="5" referenceName="HDR Plus (2018)"/><Feature code="F400076569" rank="6" referenceName="Micro Dimming Pro (2016)"/><Feature code="F400085607_49PUS7503_62" rank="7" referenceName="Google Play + Philips TV/STA gallery + 16GB memory EU"/><Feature code="F400085630" rank="8" referenceName="Quad Core + Android EU"/><Feature code="F400076589" rank="9" referenceName="Visible sound articulation (2016)"/><Feature code="F400084940" rank="10" referenceName="DTS HD Premium Sound (2018)"/></Features><CSItems><CSItem code="IT4008761" rank="1" referenceName="Ambilight - Ambilight Versiyonu"/><CSItem code="IT4009349" rank="1" referenceName="Görüntü/Ekran - Ekran"/><CSItem code="IT4037473" rank="1" referenceName="Android - İS"/><CSItem code="IT4037464" rank="1" referenceName="Smart TV Özellikleri - Kullanıcı Etkileşimi"/><CSItem code="IT4029505" rank="1" referenceName="İşleme - İşleme Gücü"/><CSItem code="3006270" rank="1" referenceName="Ses - Çıkış gücü (RMS)"/><CSItem code="IT4006781" rank="1" referenceName="Bağlantı - HDMI bağlantı sayısı"/><CSItem code="IT4008764" rank="1" referenceName="Multimedya Uygulamaları - Video Oynatma Formatları"/><CSItem code="IT4041111" rank="1" referenceName="Desteklenen Ekran Çözünürlüğü - HDMI1/2'de bilgisayar girişleri"/><CSItem code="IT4041210" rank="1" referenceName="Tuner/Alım/İletim - HEVC desteği"/><CSItem code="3007003" rank="1" referenceName="Güç - Şebeke elektriği"/><CSItem code="3006821" rank="1" referenceName="Boyutlar - Kutu genişliği"/><CSItem code="IT4038828" rank="1" referenceName="Renk ve Kaplama - TV Önü"/><CSItem code="3006778" rank="1" referenceName="Aksesuarlar - Birlikte verilen aksesuarlar"/><CSItem code="3006240" rank="2" referenceName="Ambilight - Ambilight Özellikleri"/><CSItem code="3006140" rank="2" referenceName="Görüntü/Ekran - Çapraz ekran boyutu (metrik)"/><CSItem code="IT4034666" rank="2" referenceName="Android - Önceden yüklenmiş uygulamalar"/><CSItem code="IT4037465" rank="2" referenceName="Smart TV Özellikleri - Etkileşimli TV"/><CSItem code="3006277" rank="2" referenceName="Ses - Ses Geliştirme"/><CSItem code="IT4015984" rank="2" referenceName="Bağlantı - USB sayısı"/><CSItem code="IT4033451" rank="2" referenceName="Multimedya Uygulamaları - Altyazı Formatları Desteği"/><CSItem code="IT4041112" rank="2" referenceName="Desteklenen Ekran Çözünürlüğü - HDMI3/4'te bilgisayar girişleri"/><CSItem code="3007491" rank="2" referenceName="Tuner/Alım/İletim - Dijital TV"/><CSItem code="3007001" rank="2" referenceName="Güç - Bekleme modunda güç tüketimi"/><CSItem code="3006820" rank="2" referenceName="Boyutlar - Kutu yüksekliği"/><CSItem code="3006139" rank="3" referenceName="Görüntü/Ekran - Çapraz ekran boyutu (inç)"/><CSItem code="IT4037607" rank="3" referenceName="Android - Bellek boyutu"/><CSItem code="IT4037466" rank="3" referenceName="Smart TV Özellikleri - Program"/><CSItem code="IT4045565" rank="3" referenceName="Ses - Hoparlör yapılandırması"/><CSItem code="IT4015985" rank="3" referenceName="Bağlantı - Komponent sayısı (YPbPr)"/><CSItem code="IT4008762" rank="3" referenceName="Multimedya Uygulamaları - Müzik Çalma Formatları"/><CSItem code="IT4041113" rank="3" referenceName="Desteklenen Ekran Çözünürlüğü - HDMI1/2'de video girişleri"/><CSItem code="IT4028192" rank="3" referenceName="Tuner/Alım/İletim - MPEG Desteği"/><CSItem code="IT4009431" rank="3" referenceName="Güç - Kapalı modu güç tüketimi"/><CSItem code="3006819" rank="3" referenceName="Boyutlar - Kutu derinliği"/><CSItem code="3006177" rank="4" referenceName="Görüntü/Ekran - Ekran çözünürlüğü"/><CSItem code="IT4037467" rank="4" referenceName="Smart TV Özellikleri - SmartTV uygulamaları*"/><CSItem code="3006591" rank="4" referenceName="Bağlantı - Kablosuz bağlantılar"/><CSItem code="IT4008763" rank="4" referenceName="Multimedya Uygulamaları - Fotoğraf Görüntüleme Formatları"/><CSItem code="IT4041114" rank="4" referenceName="Desteklenen Ekran Çözünürlüğü - HDMI3/4'te video girişleri"/><CSItem code="3006515" rank="4" referenceName="Tuner/Alım/İletim - Video Oynatma"/><CSItem code="4000081" rank="4" referenceName="Güç - Ortam sıcaklığı"/><CSItem code="3006884" rank="4" referenceName="Boyutlar - Set Genişliği"/><CSItem code="3006121" rank="5" referenceName="Görüntü/Ekran - En-boy oranı"/><CSItem code="IT4037468" rank="5" referenceName="Smart TV Özellikleri - Kurulum Kolaylığı"/><CSItem code="3006573" rank="5" referenceName="Bağlantı - Diğer bağlantılar"/><CSItem code="IT4034213" rank="5" referenceName="Tuner/Alım/İletim - TV Program rehberi*"/><CSItem code="IT4008765" rank="5" referenceName="Güç - Güç Tasarrufu Özellikleri"/><CSItem code="3006882" rank="5" referenceName="Boyutlar - Set Yüksekliği"/><CSItem code="IT4034274" rank="6" referenceName="Görüntü/Ekran - Pixel motoru"/><CSItem code="IT4037469" rank="6" referenceName="Smart TV Özellikleri - Kullanım Kolaylığı"/><CSItem code="IT4001801" rank="6" referenceName="Bağlantı - HDMI özellikleri"/><CSItem code="IT4034214" rank="6" referenceName="Tuner/Alım/İletim - Sinyal gücü göstergesi"/><CSItem code="IT4015354" rank="6" referenceName="Güç - Enerji Etiketi Sınıfı"/><CSItem code="3006881" rank="6" referenceName="Boyutlar - Set Derinliği"/><CSItem code="3006183" rank="7" referenceName="Görüntü/Ekran - Görüntü güçlendirme"/><CSItem code="IT4037470" rank="7" referenceName="Smart TV Özellikleri - Yükseltilebilir bellenim"/><CSItem code="IT4001802" rank="7" referenceName="Bağlantı - EasyLink (HDMI-CEC)"/><CSItem code="IT4034215" rank="7" referenceName="Tuner/Alım/İletim - Teletekst"/><CSItem code="IT4016791" rank="7" referenceName="Güç - AB Enerji Etiketine uygun güç"/><CSItem code="3010081" rank="7" referenceName="Boyutlar - Set genişliği (stand ile)"/><CSItem code="IT4037471" rank="8" referenceName="Smart TV Özellikleri - Ekran Format Ayarları"/><CSItem code="IT4034211" rank="8" referenceName="Bağlantı - HDCP 2.2"/><CSItem code="IT4013218" rank="8" referenceName="Güç - Yıllık enerji tüketimi"/><CSItem code="3010080" rank="8" referenceName="Boyutlar - Set yüksekliği (stand ile)"/><CSItem code="IT4037472" rank="9" referenceName="Smart TV Özellikleri - Philips TV Remote uygulaması*"/><CSItem code="IT4013217" rank="9" referenceName="Güç - Cıva içeriği"/><CSItem code="3010079" rank="9" referenceName="Boyutlar - Set derinliği (stand ile)"/><CSItem code="IT4037475" rank="10" referenceName="Smart TV Özellikleri - Uzaktan Kontrol"/><CSItem code="IT4013214" rank="10" referenceName="Güç - Kurşun mevcudiyeti"/><CSItem code="IT4042932" rank="10" referenceName="Boyutlar - TV standı genişlik mesafesi"/><CSItem code="4000961" rank="11" referenceName="Boyutlar - VESA duvara monte edilmeye uygun"/><CSItem code="3006873" rank="12" referenceName="Boyutlar - Ürün ağırlığı"/><CSItem code="3010611" rank="13" referenceName="Boyutlar - Ürün ağırlığı (+stand)"/><CSItem code="3006911" rank="14" referenceName="Boyutlar - Ambalajla birlikte Ağırlık"/></CSItems></Purpose></Filters><FeatureCompareGroups/><Disclaimers><Disclaimer code="DIS40004404" rank="1" referenceName="8 days EPG"><DisclaimerText>EPG ve gerçek görünürlük (8 güne kadar) ülkeye ve operatöre bağlıdır.</DisclaimerText><DisclaimElements/></Disclaimer><Disclaimer code="DIS40008492" rank="2" referenceName="Android Apps (2015)"><DisclaimerText>Android Uygulaması teklifleri ülkeden ülkeye farklılık gösterir. Daha fazla bilgi için lütfen ülkenizdeki Google Play Store'u ziyaret edin.</DisclaimerText><DisclaimElements/></Disclaimer><Disclaimer code="DIS40001802" rank="3" referenceName="Annual energy consumption"><DisclaimerText>365 gün boyunca günde 4 saat çalışan bir televizyonun güç tüketimine dayanan, yıl başına kWh enerji tüketimi. Gerçek enerji tüketimi televizyonun nasıl kullanıldığına göre değişir.</DisclaimerText><DisclaimElements/></Disclaimer><Disclaimer code="DIS40001441" rank="4" referenceName="DVB  disclaimer (2010)"><DisclaimerText>TV, "Ücretsiz" yayınlar için DVB alımını destekler. Bazı DVB operatörleri desteklenmeyebilir. Güncel liste Philips destek web sitesinin SSS bölümünde bulunabilir. Bazı operatörler için Koşullu Erişim veya abonelik gerekmektedir. Daha fazla bilgi için operatörünüze başvurun.</DisclaimerText><DisclaimElements/></Disclaimer><Disclaimer code="DIS40008490" rank="5" referenceName="Philips TV Remote app (2015)"><DisclaimerText>Philips TV Remote uygulaması ve ilgili işlevler TV modeli, operatör ve ülkenin yanı sıra akıllı cihazın modeli ve İşletim Sistemine göre farklılık gösterir. Daha fazla bilgi için lütfen şu adresi ziyaret edin: www.philips.com/TVRemoteapp.</DisclaimerText><DisclaimElements/></Disclaimer><Disclaimer code="DIS40008491" rank="6" referenceName="Smart TV Apps (2015)"><DisclaimerText>Smart TV uygulama teklifleri, TV modeli ve ülkeye göre farklılık gösterir. Daha fazla bilgi için lütfen şu adresi ziyaret edin: www.philips.com/smarttv.</DisclaimerText><DisclaimElements/></Disclaimer><Disclaimer code="DIS40004402" rank="7" referenceName="USB recording"><DisclaimerText>USB kayıt özelliği sadece dijital kanallarda kullanılabilir, kayıtlar yayın kopya koruması (CI+) tarafından sınırlanabilir. Ülke ve kanal kısıtlamaları uygulanabilir.</DisclaimerText><DisclaimElements/></Disclaimer><Disclaimer code="DIS40010923" rank="8" referenceName="Amazon Availability (2016)"><DisclaimerText>Amazon Uygulamalarınız ülkenizde her zaman kullanıma uygun olmayabilir. (Amazon uygulamaları şu anda yalnızca BK, Almanya ve Avusturya'da kullanılabilir)</DisclaimerText><DisclaimElements/></Disclaimer><Disclaimer code="DIS40001803" rank="9" referenceName="This television contains lead only in certain parts"><DisclaimerText>Bu televizyon sadece teknoloji alternatiflerinin olmadığı belirli parçalar veya bileşenlerde, RoHS Yönergesi maddeleri altında mevcut muafiyet ile uyumluluk gösteren oranda kurşun içerir.</DisclaimerText><DisclaimElements/></Disclaimer><Disclaimer code="DIS40012460" rank="10" referenceName="GA* is fantastic"><DisclaimerText>Dahili Google Assistant, 2018 Android TV'ler için yazılım güncellemesi olarak gelir.</DisclaimerText><DisclaimElements/></Disclaimer><Disclaimer code="DIS40011750" rank="11" referenceName="Bluetooth soundbar"><DisclaimerText>Soundbar, hoparlör ve diğer ses cihazları için HDMI bağlantısı gereklidir.</DisclaimerText><DisclaimElements/></Disclaimer><Disclaimer code="DIS40012116" rank="12" referenceName="ChromeCast built-in"><DisclaimerText>İşlevselliği, ChromeCast yerleşik uygulamalarına ve akıllı cihazlara bağlıdır. Daha fazla bilgi için lütfen ChromeCast yerleşik ürün sayfalarını ziyaret edin.</DisclaimerText><DisclaimElements/></Disclaimer></Disclaimers><AccessoryByPacked><AccessoryByPackedCode>ABPP_3033001</AccessoryByPackedCode><AccessoryByPackedReference>Uzaktan Kontrol</AccessoryByPackedReference><AccessoryByPackedName>Uzaktan Kontrol</AccessoryByPackedName><AccessoryByPackedRank>1</AccessoryByPackedRank></AccessoryByPacked><AccessoryByPacked><AccessoryByPackedCode>ABPP_3033554</AccessoryByPackedCode><AccessoryByPackedReference>Güç kablosu</AccessoryByPackedReference><AccessoryByPackedName>Güç kablosu</AccessoryByPackedName><AccessoryByPackedRank>2</AccessoryByPackedRank></AccessoryByPacked><AccessoryByPacked><AccessoryByPackedCode>ABPP_VA4056481</AccessoryByPackedCode><AccessoryByPackedReference>Mini jak - L/R kablosu</AccessoryByPackedReference><AccessoryByPackedName>Mini jak - L/R kablosu</AccessoryByPackedName><AccessoryByPackedRank>3</AccessoryByPackedRank></AccessoryByPacked><AccessoryByPacked><AccessoryByPackedCode>ABPP_VA4054201</AccessoryByPackedCode><AccessoryByPackedReference>Mini jak - YPbPr kablosu</AccessoryByPackedReference><AccessoryByPackedName>Mini jak - YPbPr kablosu</AccessoryByPackedName><AccessoryByPackedRank>4</AccessoryByPackedRank></AccessoryByPacked><AccessoryByPacked><AccessoryByPackedCode>ABPP_3033561</AccessoryByPackedCode><AccessoryByPackedReference>Hızlı başlangıç kılavuzu</AccessoryByPackedReference><AccessoryByPackedName>Hızlı başlangıç kılavuzu</AccessoryByPackedName><AccessoryByPackedRank>5</AccessoryByPackedRank></AccessoryByPacked><AccessoryByPacked><AccessoryByPackedCode>ABPP_VA4015925</AccessoryByPackedCode><AccessoryByPackedReference>Yasal bilgiler ve güvenlik broşürü</AccessoryByPackedReference><AccessoryByPackedName>Yasal bilgiler ve güvenlik broşürü</AccessoryByPackedName><AccessoryByPackedRank>6</AccessoryByPackedRank></AccessoryByPacked><AccessoryByPacked><AccessoryByPackedCode>ABPP_3033021</AccessoryByPackedCode><AccessoryByPackedReference>Masa üstü stand</AccessoryByPackedReference><AccessoryByPackedName>Masa üstü stand</AccessoryByPackedName><AccessoryByPackedRank>7</AccessoryByPackedRank></AccessoryByPacked><AccessoryByPacked><AccessoryByPackedCode>ABPP_3047450</AccessoryByPackedCode><AccessoryByPackedReference>2 x AA Pil</AccessoryByPackedReference><AccessoryByPackedName>2 x AA Pil</AccessoryByPackedName><AccessoryByPackedRank>8</AccessoryByPackedRank></AccessoryByPacked><RichTexts/></Product></Products>