<?xml version="1.0" encoding="UTF-8"?><Products xmlns:source="http://apache.org/cocoon/source/1.0" DocStatus="approved" DocTimeStamp="2018-10-23T10:48:35"><Product Country="TR" IsAccessory="false" IsMaster="false" Locale="tr_TR" lastModified="2018-10-23T04:30:06" masterLastModified="2018-05-11T00:22:53"><CTN>HR2156/90</CTN><GTIN>08710103865582</GTIN><MarketingVersion>1.0.1</MarketingVersion><MarketingStatus>Final Published</MarketingStatus><CRDate>2018-03-09</CRDate><CRDateYW>201810</CRDateYW><ModelYears><ModelYear>2018</ModelYear></ModelYears><ProductDivision><ProductDivisionCode>0200</ProductDivisionCode><ProductDivisionName>Consumer Lifestyle</ProductDivisionName><FormerPDCode>0300</FormerPDCode></ProductDivision><ProductOwner>Functional Assetteam</ProductOwner><DTN>HR2156/90</DTN><Catalog><StartOfPublication>2018-04-09T00:00:00</StartOfPublication><EndOfPublication>2022-04-09T00:00:00</EndOfPublication><StartOfSales>2018-04-09T00:00:00</StartOfSales><EndOfSales>2022-04-09T00:00:00</EndOfSales><DummyPrice>479.99</DummyPrice><Deleted>false</Deleted><DeleteAfterDate/><ProductRank>50</ProductRank></Catalog><FinancialCategorization><BusinessGroupCode>9042</BusinessGroupCode><BusinessGroupName>Domestic Appliances</BusinessGroupName><BusinessUnitCode>0341</BusinessUnitCode><BusinessUnitName>Philips brand Kitchen Appliances</BusinessUnitName><MainArticleGroupCode>L81</MainArticleGroupCode><MainArticleGroupName>Liquid Health</MainArticleGroupName><ArticleGroupCode>3205</ArticleGroupCode><ArticleGroupName>Blender Core</ArticleGroupName></FinancialCategorization><Categorization type="CONSUMER"><GroupCode>HOUSEHOLD_PRODUCTS_GR</GroupCode><GroupName>Household products</GroupName><CategoryCode>FOOD_PREPARATION_CA2</CategoryCode><CategoryName>Food Preparation</CategoryName><SubcategoryCode>BLENDERS_SU2</SubcategoryCode><SubcategoryName>Blender</SubcategoryName></Categorization><Assets><Asset code="HR2156_90" description="Leaflet" extension="pdf" lastModified="2018-07-23" locale="tr_TR" number="001" type="PSS">http://download.p4c.philips.com/files/h/hr2156_90/hr2156_90_pss_turtr.pdf</Asset><Asset code="HR2156_90" description="Retail Trade Leaflet" extension="pdf" lastModified="2018-10-22" locale="tr_TR" number="001" type="RTL">http://download.p4c.philips.com/files/h/hr2156_90/hr2156_90_rtl_turtr.pdf</Asset><Asset code="HR2156_90" description="Front product photograph - highres 2196x1795" extension="tif" lastModified="2018-04-11" locale="global" number="001" type="_FP">http://images.philips.com/is/image/PhilipsConsumer/HR2156_90-_FP-global-001</Asset><Asset code="HR2156_90" description="Leaflet" extension="pdf" lastModified="2018-07-23" locale="global" number="001" type="PSS">http://download.p4c.philips.com/files/h/hr2156_90/hr2156_90_pss_.pdf</Asset><Asset code="HR2156_90" description="Standard product photograph - highres 2196x1795" extension="tif" lastModified="2018-04-11" locale="global" number="001" type="RTP">http://images.philips.com/is/image/PhilipsConsumer/HR2156_90-RTP-global-001</Asset><Asset code="HR2156_90" description="Single product shot" extension="" lastModified="2018-10-23" locale="tr_TR" number="" type="IMS">http://images.philips.com/is/image/PhilipsConsumer/HR2156_90-IMS-tr_TR</Asset><Asset code="HR2156_90" description="Product gallery image set" extension="" lastModified="2018-10-23" locale="tr_TR" number="" type="GAL">http://images.philips.com/is/image/PhilipsConsumer/HR2156_90-GAL-tr_TR</Asset><Asset code="HR2156_90" description="Product URL" extension="" lastModified="2018-10-23" locale="tr_TR" number="" type="URL">http://www.philips.com.tr/c-p/HR2156_90/viva-collection-blender</Asset><Asset code="F400041385" description="Feature photograph - highres 2100x1170" extension="tif" lastModified="2018-07-23" locale="global" number="001" type="FIL">http://images.philips.com/is/image/PhilipsConsumer/F400041385-FIL-global-001</Asset><Asset code="PHI" description="Brand logo - highres 1476x886" extension="tif" lastModified="2016-02-18" locale="global" number="001" type="BRP">http://images.philips.com/is/image/PhilipsConsumer/PHI-BRP-global-001</Asset></Assets><ProductName>600 W ProBlend 5 2 L Tritan sürahili Blender</ProductName><FullProductName>Philips Viva Collection Blender HR2156/90 600 W ProBlend 5 2 L Tritan sürahi</FullProductName><NamingString><MasterBrand><BrandCode>PHI</BrandCode><BrandName>Philips</BrandName></MasterBrand><BrandString>Philips</BrandString><Family><FamilyCode>SB40001145</FamilyCode><FamilyName>Viva Collection</FamilyName><FamilyNameUsed>0</FamilyNameUsed></Family><Descriptor><DescriptorCode>NSD_000049</DescriptorCode><DescriptorName>Blender</DescriptorName></Descriptor><Alphanumeric>HR2156/90</Alphanumeric><VersionElement1><VersionElementCode>V4004983</VersionElementCode><VersionElementName>600 W</VersionElementName></VersionElement1><VersionElement2><VersionElementCode>V4037824</VersionElementCode><VersionElementName>ProBlend 5</VersionElementName></VersionElement2><VersionElement3><VersionElementCode>V4045447</VersionElementCode><VersionElementName>2 L Tritan sürahi</VersionElementName></VersionElement3><VersionString>600 W ProBlend 5 2 L Tritan sürahi</VersionString><BrandedFeatureString/><DescriptorBrandedFeatureString>Blender</DescriptorBrandedFeatureString></NamingString><WOW>Buzlu mükemmel smoothie'ler hazırlayın</WOW><SubWOW>ProBlend 5 ile %20 daha hızlı buz kırın</SubWOW><MarketingTextHeader>ProBlend5 teknolojisi sayesinde lezzetli buzlu içecekler ve smoothie'ler hazırlamak için saniyeler içinde buz kırın. Neredeyse kırılmaz Duravita Tritan sürahi, şeffaf malzemeden üretilmiştir ve bulaşık makinesinde yıkanabilir.</MarketingTextHeader><KeyBenefitArea><KeyBenefitAreaCode>KBA_0000013</KeyBenefitAreaCode><KeyBenefitAreaName>Temizlemesi kolaydır</KeyBenefitAreaName><KeyBenefitAreaRank>1</KeyBenefitAreaRank><Feature><FeatureCode>F400084014</FeatureCode><FeatureReferenceName>All parts are dishwasher safe 2</FeatureReferenceName><FeatureName>Bulaşık makinesinde yıkanabilir</FeatureName><FeatureLongDescription>Tüm parçalar bulaşık makinesinde yıkanabilir</FeatureLongDescription><FeatureGlossary>Sökülebilir tüm parçalar bulaşık makinesinde yıkanabilir.</FeatureGlossary><FeatureRank>7</FeatureRank><FeatureTopRank>2</FeatureTopRank></Feature></KeyBenefitArea><KeyBenefitArea><KeyBenefitAreaCode>KBA_0000860</KeyBenefitAreaCode><KeyBenefitAreaName>Kalite garantili</KeyBenefitAreaName><KeyBenefitAreaRank>2</KeyBenefitAreaRank><Feature><FeatureCode>F400041385</FeatureCode><FeatureReferenceName>2 year guarantee</FeatureReferenceName><FeatureName>2 yıl garanti</FeatureName><FeatureLongDescription>2 yıl garanti</FeatureLongDescription><FeatureGlossary>2 yıl boyunca dünya çapında garanti ile.</FeatureGlossary><FeatureRank>3</FeatureRank><FeatureTopRank>1</FeatureTopRank></Feature></KeyBenefitArea><KeyBenefitArea><KeyBenefitAreaCode>K4034924</KeyBenefitAreaCode><KeyBenefitAreaName>Neredeyse kırılmaz sürahi</KeyBenefitAreaName><KeyBenefitAreaRank>3</KeyBenefitAreaRank><Feature><FeatureCode>F400084686</FeatureCode><FeatureReferenceName>Duravita Tritan jar - no smell, no stain</FeatureReferenceName><FeatureName>Duravita Tritan sürahi</FeatureName><FeatureLongDescription>Duravita Tritan sürahi: Kokusu yoktur veya leke oluşmaz</FeatureLongDescription><FeatureGlossary>Tritan sürahi kopolyesterden üretilmiştir ve kırılması neredeyse imkansızdır. Kokusu yoktur veya leke oluşmaz. Favori smoothie'niz için ideal muhafaza özelliğine sahiptir.</FeatureGlossary><FeatureRank>2</FeatureRank><FeatureTopRank>5</FeatureTopRank></Feature></KeyBenefitArea><KeyBenefitArea><KeyBenefitAreaCode>K4034920</KeyBenefitAreaCode><KeyBenefitAreaName>Buz kırma özelliğiyle pürüzsüz karıştırma</KeyBenefitAreaName><KeyBenefitAreaRank>4</KeyBenefitAreaRank><Feature><FeatureCode>F400084684</FeatureCode><FeatureReferenceName>Adjustable speed setting</FeatureReferenceName><FeatureName>Ayarlanabilir hız</FeatureName><FeatureLongDescription>Ayarlanabilir hız</FeatureLongDescription><FeatureGlossary>Ayarlanabilir hız ayarıyla farklı hızlarda karıştırın.</FeatureGlossary><FeatureRank>1</FeatureRank><FeatureTopRank>3</FeatureTopRank></Feature><Feature><FeatureCode>F400084682</FeatureCode><FeatureReferenceName>Crush ice within seconds with ProBlend5</FeatureReferenceName><FeatureName>ProBlend5 ile buz kırın</FeatureName><FeatureLongDescription>ProBlend5 ile saniyeler içinde buz kırın</FeatureLongDescription><FeatureGlossary>ProBlend5 teknolojili bıçaklar, buzlu mükemmel smoothie'ler hazırlamanız için saniyeler içinde buz kırmanıza olanak tanır.</FeatureGlossary><FeatureRank>4</FeatureRank><FeatureTopRank>4</FeatureTopRank></Feature><Feature><FeatureCode>F400084683</FeatureCode><FeatureReferenceName>Mini chopper for chopping soft ingredients</FeatureReferenceName><FeatureName>Mini doğrayıcı</FeatureName><FeatureLongDescription>Yumuşak malzemeleri doğramak için mini doğrayıcı</FeatureLongDescription><FeatureGlossary>Yeşillik, biber, soğan ve et gibi yumuşak malzemeleri doğramak için mini doğrayıcı kullanın</FeatureGlossary><FeatureRank>5</FeatureRank><FeatureTopRank>6</FeatureTopRank></Feature><Feature><FeatureCode>F400084685</FeatureCode><FeatureReferenceName>Strong 600W motor</FeatureReferenceName><FeatureName>Güçlü 600 W motor</FeatureName><FeatureLongDescription>Güçlü 600 W motor</FeatureLongDescription><FeatureGlossary>En sevdiğiniz smoothie'yi karıştırmak için güçlü 600 W motor.</FeatureGlossary><FeatureRank>6</FeatureRank><FeatureTopRank>7</FeatureTopRank></Feature></KeyBenefitArea><FeatureImage><FeatureCode>F400041385</FeatureCode><FeatureReferenceName>2 year guarantee</FeatureReferenceName><FeatureImageRank>1</FeatureImageRank></FeatureImage><FeatureImage><FeatureCode>F400084014</FeatureCode><FeatureReferenceName>All parts are dishwasher safe 2</FeatureReferenceName><FeatureImageRank>2</FeatureImageRank></FeatureImage><FeatureImage><FeatureCode>F400084684</FeatureCode><FeatureReferenceName>Adjustable speed setting</FeatureReferenceName><FeatureImageRank>3</FeatureImageRank></FeatureImage><FeatureImage><FeatureCode>F400084682</FeatureCode><FeatureReferenceName>Crush ice within seconds with ProBlend5</FeatureReferenceName><FeatureImageRank>4</FeatureImageRank></FeatureImage><FeatureImage><FeatureCode>F400084686</FeatureCode><FeatureReferenceName>Duravita Tritan jar - no smell, no stain</FeatureReferenceName><FeatureImageRank>5</FeatureImageRank></FeatureImage><FeatureImage><FeatureCode>F400084683</FeatureCode><FeatureReferenceName>Mini chopper for chopping soft ingredients</FeatureReferenceName><FeatureImageRank>6</FeatureImageRank></FeatureImage><FeatureImage><FeatureCode>F400084685</FeatureCode><FeatureReferenceName>Strong 600W motor</FeatureReferenceName><FeatureImageRank>7</FeatureImageRank></FeatureImage><FeatureHighlight><FeatureCode>F400041385</FeatureCode><FeatureReferenceName>2 year guarantee</FeatureReferenceName><FeatureHighlightRank>1</FeatureHighlightRank></FeatureHighlight><FeatureHighlight><FeatureCode>F400084014</FeatureCode><FeatureReferenceName>All parts are dishwasher safe 2</FeatureReferenceName><FeatureHighlightRank>2</FeatureHighlightRank></FeatureHighlight><FeatureHighlight><FeatureCode>F400084684</FeatureCode><FeatureReferenceName>Adjustable speed setting</FeatureReferenceName><FeatureHighlightRank>3</FeatureHighlightRank></FeatureHighlight><FeatureHighlight><FeatureCode>F400084682</FeatureCode><FeatureReferenceName>Crush ice within seconds with ProBlend5</FeatureReferenceName><FeatureHighlightRank>4</FeatureHighlightRank></FeatureHighlight><FeatureHighlight><FeatureCode>F400084686</FeatureCode><FeatureReferenceName>Duravita Tritan jar - no smell, no stain</FeatureReferenceName><FeatureHighlightRank>5</FeatureHighlightRank></FeatureHighlight><FeatureHighlight><FeatureCode>F400084683</FeatureCode><FeatureReferenceName>Mini chopper for chopping soft ingredients</FeatureReferenceName><FeatureHighlightRank>6</FeatureHighlightRank></FeatureHighlight><FeatureHighlight><FeatureCode>F400084685</FeatureCode><FeatureReferenceName>Strong 600W motor</FeatureReferenceName><FeatureHighlightRank>7</FeatureHighlightRank></FeatureHighlight><CSChapter><CSChapterCode>3000815</CSChapterCode><CSChapterName>Aksesuarlar</CSChapterName><CSChapterRank>1</CSChapterRank><CSItem><CSItemCode>IT4014581</CSItemCode><CSItemName>Dahil</CSItemName><CSItemRank>1</CSItemRank><CSItemIsFreeFormat>0</CSItemIsFreeFormat><CSValue><CSValueCode>VA4089433</CSValueCode><CSValueName>Mini doğrayıcı</CSValueName><CSValueRank>6</CSValueRank></CSValue></CSItem></CSChapter><CSChapter><CSChapterCode>CHA_0000009</CSChapterCode><CSChapterName>Genel özellikler</CSChapterName><CSChapterRank>2</CSChapterRank><CSItem><CSItemCode>IT4038463</CSItemCode><CSItemName>Ürün özellikleri</CSItemName><CSItemRank>5</CSItemRank><CSItemIsFreeFormat>0</CSItemIsFreeFormat><CSValue><CSValueCode>VA4089462</CSValueCode><CSValueName>Bulaşık makinesinde yıkanabilir</CSValueName><CSValueRank>4</CSValueRank></CSValue><CSValue><CSValueCode>VA4089460</CSValueCode><CSValueName>Kaymaz ayak</CSValueName><CSValueRank>5</CSValueRank></CSValue></CSItem></CSChapter><CSChapter><CSChapterCode>CHA_0000049</CSChapterCode><CSChapterName>Servis</CSChapterName><CSChapterRank>3</CSChapterRank><CSItem><CSItemCode>IT4010194</CSItemCode><CSItemName>Dünya çapında 2 yıl garanti</CSItemName><CSItemRank>2</CSItemRank><CSItemIsFreeFormat>0</CSItemIsFreeFormat><CSValue><CSValueCode>VA4023904</CSValueCode><CSValueName>Evet</CSValueName><CSValueRank>2</CSValueRank></CSValue></CSItem></CSChapter><CSChapter><CSChapterCode>CH4000822</CSChapterCode><CSChapterName>Sürdürülebilirlik</CSChapterName><CSChapterRank>4</CSChapterRank><CSItem><CSItemCode>IT4005643</CSItemCode><CSItemName>Ambalaj</CSItemName><CSItemRank>3</CSItemRank><CSItemIsFreeFormat>0</CSItemIsFreeFormat><CSValue><CSValueCode>VA4016806</CSValueCode><CSValueName>&gt; %90 geri dönüşümlü malzeme</CSValueName><CSValueRank>3</CSValueRank></CSValue></CSItem><CSItem><CSItemCode>IT4005644</CSItemCode><CSItemName>Kullanım kılavuzu</CSItemName><CSItemRank>4</CSItemRank><CSItemIsFreeFormat>0</CSItemIsFreeFormat><CSValue><CSValueCode>VA4016807</CSValueCode><CSValueName>%100 geri dönüşümlü kağıt</CSValueName><CSValueRank>1</CSValueRank></CSValue></CSItem></CSChapter><CSChapter><CSChapterCode>3000956</CSChapterCode><CSChapterName>Teknik spesifikasyonlar</CSChapterName><CSChapterRank>5</CSChapterRank><CSItem><CSItemCode>S_0000022</CSItemCode><CSItemName>Güç</CSItemName><CSItemRank>6</CSItemRank><CSItemIsFreeFormat>1</CSItemIsFreeFormat><CSValue><CSValueCode>VA4007107</CSValueCode><CSValueName>600</CSValueName><CSValueRank>1</CSValueRank></CSValue><UnitOfMeasure><UnitOfMeasureCode>3000072</UnitOfMeasureCode><UnitOfMeasureName>watt</UnitOfMeasureName><UnitOfMeasureSymbol>W</UnitOfMeasureSymbol></UnitOfMeasure></CSItem></CSChapter><Filters><Purpose type="Comparison"><Features><Feature code="F400041385" rank="1" referenceName="2 year guarantee"/><Feature code="F400084014" rank="2" referenceName="All parts are dishwasher safe 2"/><Feature code="F400084684" rank="3" referenceName="Adjustable speed setting"/><Feature code="F400084682" rank="4" referenceName="Crush ice within seconds with ProBlend5"/><Feature code="F400084686" rank="5" referenceName="Duravita Tritan jar - no smell, no stain"/><Feature code="F400084683" rank="6" referenceName="Mini chopper for chopping soft ingredients"/><Feature code="F400084685" rank="7" referenceName="Strong 600W motor"/></Features><CSItems><CSItem code="IT4014581" rank="1" referenceName="Aksesuarlar - Dahil"/><CSItem code="IT4010194" rank="2" referenceName="Servis - Dünya çapında 2 yıl garanti"/><CSItem code="IT4005643" rank="3" referenceName="Sürdürülebilirlik - Ambalaj"/><CSItem code="IT4005644" rank="4" referenceName="Sürdürülebilirlik - Kullanım kılavuzu"/><CSItem code="IT4038463" rank="5" referenceName="Genel özellikler - Ürün özellikleri"/><CSItem code="S_0000022" rank="6" referenceName="Teknik spesifikasyonlar - Güç"/></CSItems></Purpose><Purpose type="Detail"><Features><Feature code="F400041385" rank="1" referenceName="2 year guarantee"/><Feature code="F400084014" rank="2" referenceName="All parts are dishwasher safe 2"/><Feature code="F400084684" rank="3" referenceName="Adjustable speed setting"/><Feature code="F400084682" rank="4" referenceName="Crush ice within seconds with ProBlend5"/><Feature code="F400084686" rank="5" referenceName="Duravita Tritan jar - no smell, no stain"/><Feature code="F400084683" rank="6" referenceName="Mini chopper for chopping soft ingredients"/><Feature code="F400084685" rank="7" referenceName="Strong 600W motor"/></Features><CSItems><CSItem code="IT4014581" rank="1" referenceName="Aksesuarlar - Dahil"/><CSItem code="IT4010194" rank="2" referenceName="Servis - Dünya çapında 2 yıl garanti"/><CSItem code="IT4005643" rank="3" referenceName="Sürdürülebilirlik - Ambalaj"/><CSItem code="IT4005644" rank="4" referenceName="Sürdürülebilirlik - Kullanım kılavuzu"/><CSItem code="IT4038463" rank="5" referenceName="Genel özellikler - Ürün özellikleri"/><CSItem code="S_0000022" rank="6" referenceName="Teknik spesifikasyonlar - Güç"/></CSItems></Purpose></Filters><FeatureCompareGroups/><Disclaimers/><RichTexts/></Product></Products>