<?xml version="1.0" encoding="UTF-8"?><Products xmlns:source="http://apache.org/cocoon/source/1.0" DocStatus="approved" DocTimeStamp="2018-10-23T10:48:35"><Product Country="TR" IsAccessory="false" IsLocalized="true" IsMaster="false" Locale="tr_TR" lastModified="2018-10-22T04:18:25" masterLastModified="2018-08-16T00:21:49"><CTN>8718696703335</CTN><Code12NC>929001323501</Code12NC><GTIN/><MarketingVersion>3.0.1</MarketingVersion><MarketingStatus>Final Published</MarketingStatus><CRDate>2017-01-06</CRDate><CRDateYW>201701</CRDateYW><ModelYears><ModelYear>2017</ModelYear></ModelYears><ProductDivision><ProductDivisionCode>0100</ProductDivisionCode><ProductDivisionName>Lighting</ProductDivisionName><FormerPDCode>0100</FormerPDCode></ProductDivision><ProductOwner>Mellissa van Heest - Cooijman</ProductOwner><DTN>8718696703335</DTN><Catalog><StartOfPublication>2018-07-03T00:00:00</StartOfPublication><EndOfPublication>2028-08-29T00:00:00</EndOfPublication><StartOfSales>2018-07-03T00:00:00</StartOfSales><EndOfSales>2028-08-29T00:00:00</EndOfSales><DummyPrice/><Deleted>false</Deleted><DeleteAfterDate/><ProductRank>50</ProductRank></Catalog><FinancialCategorization><BusinessGroupCode>9240</BusinessGroupCode><BusinessGroupName>LED</BusinessGroupName><BusinessUnitCode>0118</BusinessUnitCode><BusinessUnitName>LED Lamps</BusinessUnitName><MainArticleGroupCode>L66</MainArticleGroupCode><MainArticleGroupName>LED Bulbs</MainArticleGroupName><ArticleGroupCode>7496</ArticleGroupCode><ArticleGroupName>Bulbs Glass - Clear</ArticleGroupName></FinancialCategorization><Categorization type="CONSUMER"><GroupCode>LIGHTING_GR</GroupCode><GroupName>Lighting</GroupName><CategoryCode>CHOOSE_A_BULB_CA</CategoryCode><CategoryName>Choose a bulb</CategoryName><SubcategoryCode>STANDARD_BULB_SU</SubcategoryCode><SubcategoryName>Bulb</SubcategoryName></Categorization><Assets><Asset code="8718696703335" description="Leaflet" extension="pdf" lastModified="2018-10-20" locale="tr_TR" number="001" type="PSS">http://download.p4c.philips.com/files/8/8718696703335/8718696703335_pss_turtr.pdf</Asset><Asset code="8718696703335" description="Retail Trade Leaflet" extension="pdf" lastModified="2018-10-05" locale="tr_TR" number="001" type="RTL">http://download.p4c.philips.com/files/8/8718696703335/8718696703335_rtl_turtr.pdf</Asset><Asset code="8718696703335" description="Packaging photograph - highres 1447x756" extension="tif" lastModified="2018-08-07" locale="global" number="001" type="PID">http://images.philips.com/is/image/PhilipsConsumer/8718696703335-PID-global-001</Asset><Asset code="8718696703335" description="Packaging photograph - small 90x65" extension="jpg" lastModified="2018-08-07" locale="global" number="001" type="PIS">http://download.p4c.philips.com/files/8/8718696703335/8718696703335_pis_.jpg</Asset><Asset code="8718696703335" description="Leaflet" extension="pdf" lastModified="2018-10-20" locale="global" number="001" type="PSS">http://download.p4c.philips.com/files/8/8718696703335/8718696703335_pss_.pdf</Asset><Asset code="8718696703335" description="Standard product photograph - highres 2196x1795" extension="tif" lastModified="2018-08-07" locale="global" number="001" type="RTP">http://images.philips.com/is/image/PhilipsConsumer/8718696703335-RTP-global-001</Asset><Asset code="8718696703335" description="Single product shot" extension="" lastModified="2018-10-22" locale="tr_TR" number="" type="IMS">http://images.philips.com/is/image/PhilipsConsumer/8718696703335-IMS-tr_TR</Asset><Asset code="8718696703335" description="Product gallery image set" extension="" lastModified="2018-10-22" locale="tr_TR" number="" type="GAL">http://images.philips.com/is/image/PhilipsConsumer/8718696703335-GAL-tr_TR</Asset><Asset code="8718696703335" description="Product URL" extension="" lastModified="2018-10-22" locale="tr_TR" number="" type="URL">http://www.philips.com.tr/c-p/8718696703335/led-ampul</Asset><Asset code="F400082348" description="Feature photograph - highres 2100x1170" extension="tif" lastModified="2017-06-07" locale="global" number="001" type="FIL">http://images.philips.com/is/image/PhilipsConsumer/F400082348-FIL-global-001</Asset><Asset code="F400082359" description="Feature photograph - highres 2100x1170" extension="tif" lastModified="2017-06-07" locale="global" number="001" type="FIL">http://images.philips.com/is/image/PhilipsConsumer/F400082359-FIL-global-001</Asset><Asset code="F400082363" description="Feature photograph - highres 2100x1170" extension="tif" lastModified="2017-06-07" locale="global" number="001" type="FIL">http://images.philips.com/is/image/PhilipsConsumer/F400082363-FIL-global-001</Asset><Asset code="F400082383" description="Feature photograph - highres 2100x1170" extension="tif" lastModified="2017-06-07" locale="global" number="001" type="FIL">http://images.philips.com/is/image/PhilipsConsumer/F400082383-FIL-global-001</Asset><Asset code="F400082434" description="Feature photograph - highres 2100x1170" extension="tif" lastModified="2017-06-07" locale="global" number="001" type="FIL">http://images.philips.com/is/image/PhilipsConsumer/F400082434-FIL-global-001</Asset><Asset code="F400082440" description="Feature photograph - highres 2100x1170" extension="tif" lastModified="2017-06-07" locale="global" number="001" type="FIL">http://images.philips.com/is/image/PhilipsConsumer/F400082440-FIL-global-001</Asset><Asset code="F400086860" description="Feature photograph - highres 2100x1170" extension="tif" lastModified="2018-06-08" locale="global" number="001" type="FIL">http://images.philips.com/is/image/PhilipsConsumer/F400086860-FIL-global-001</Asset><Asset code="PHI" description="Brand logo - highres 1476x886" extension="tif" lastModified="2016-02-18" locale="global" number="001" type="BRP">http://images.philips.com/is/image/PhilipsConsumer/PHI-BRP-global-001</Asset></Assets><ProductName>7 W (60 W) E27 Soğuk Beyaz Kısılamayan Ampul</ProductName><FullProductName>Philips LED Ampul 8718696703335 7 W (60 W) E27 Soğuk Beyaz Kısılamayan</FullProductName><NamingString><MasterBrand><BrandCode>PHI</BrandCode><BrandName>Philips</BrandName></MasterBrand><BrandString>Philips</BrandString><Family><FamilyCode>SB40002784</FamilyCode><FamilyName>LED</FamilyName><FamilyNameUsed>1</FamilyNameUsed></Family><Descriptor><DescriptorCode>D4006687</DescriptorCode><DescriptorName>Ampul</DescriptorName></Descriptor><Alphanumeric>8718696703335</Alphanumeric><VersionElement1><VersionElementCode>V4032844</VersionElementCode><VersionElementName>7 W (60 W)</VersionElementName></VersionElement1><VersionElement2><VersionElementCode>D4011842</VersionElementCode><VersionElementName>E27</VersionElementName></VersionElement2><VersionElement3><VersionElementCode>V4017992</VersionElementCode><VersionElementName>Beyaz</VersionElementName></VersionElement3><VersionElement4><VersionElementCode>V4038179</VersionElementCode><VersionElementName>Kısılamayan</VersionElementName></VersionElement4><VersionString>7 W (60 W) E27 Soğuk Beyaz Kısılamayan</VersionString><BrandedFeatureString/><DescriptorBrandedFeatureString>Ampul</DescriptorBrandedFeatureString></NamingString><WOW>Dikkat çekici olması için tasarlandı</WOW><SubWOW>Hem açık hem de kapalıyken hoş görünür</SubWOW><MarketingTextHeader>Bildiğiniz ve sevdiğiniz şekillerde tasarlanmıştır. En yeni LED enerji tasarrufu teknolojisi sayesinde geleneksel ampullerden yaklaşık %80 daha az enerji tüketir ve on kat daha uzun süre dayanır.</MarketingTextHeader><KeyBenefitArea><KeyBenefitAreaCode>K4034413</KeyBenefitAreaCode><KeyBenefitAreaName>Yüksek kaliteli ışık için tercihiniz</KeyBenefitAreaName><KeyBenefitAreaRank>1</KeyBenefitAreaRank><Feature><FeatureCode>F400082359</FeatureCode><FeatureReferenceName>4000K [LED lamps]</FeatureReferenceName><FeatureName>Soğuk beyaz ışık</FeatureName><FeatureLongDescription>Soğuk beyaz ışık</FeatureLongDescription><FeatureGlossary>Bu ampul, 4000 K değerinde renk sıcaklığına sahiptir ve beyaz, enerji veren bir ışık sağlar; arkadaşlarınızı davet edeceğiniz samimi bir ortam oluşturmak veya bir kitabın sayfalarında kaybolmak için mükemmeldir.</FeatureGlossary><FeatureRank>2</FeatureRank><FeatureTopRank>1</FeatureTopRank></Feature><Feature><FeatureCode>F400082348</FeatureCode><FeatureReferenceName>Learn about light</FeatureReferenceName><FeatureName>Işık hakkında bilgi edinin</FeatureName><FeatureLongDescription>Işık hakkında bilgi edinin</FeatureLongDescription><FeatureGlossary>Renk sıcaklığı: ışıkların farklı renk sıcaklıkları bulunabilir, bu değer Kelvin (K) adı verilen birimlerle gösterilir. Düşük Kelvin değerine sahip ampuller sıcak ve daha sakin bir ışık yaratırken, daha yüksek Kelvin değerine sahip ampuller soğuk ve daha enerji verici bir ışık üretir. CRI: renk oluşturma dizini (CRI) bir ışık kaynağının renk görünümü üzerindeki etkisini açıklamak için kullanılır. Doğal günışığının CRI değeri 100'dür. Philips LED ampullerin CRI değeri daima 80'in üzerindedir, bu da renklerin gerçek ve doğal görünmesini sağlar.</FeatureGlossary><FeatureRank>5</FeatureRank><FeatureTopRank>7</FeatureTopRank></Feature></KeyBenefitArea><KeyBenefitArea><KeyBenefitAreaCode>K4034414</KeyBenefitAreaCode><KeyBenefitAreaName>Eski ampulleriniz için basit bir alternatif seçin</KeyBenefitAreaName><KeyBenefitAreaRank>2</KeyBenefitAreaRank><Feature><FeatureCode>F400082389</FeatureCode><FeatureReferenceName>Replaces standard incandescent</FeatureReferenceName><FeatureName>Standart akkorların yerine geçer</FeatureName><FeatureLongDescription>Standart akkor ampullerle benzer bir şekle ve boyuta sahiptir</FeatureLongDescription><FeatureGlossary>Göz alıcı tasarıma ve tanıdık biçime sahip, enerji tasarrufu sağlayan bu LED ampul, geleneksel akkor ampuller için sürdürülebilir ideal alternatiftir.</FeatureGlossary><FeatureRank>6</FeatureRank><FeatureTopRank>2</FeatureTopRank></Feature><Feature><FeatureCode>F400082434</FeatureCode><FeatureReferenceName>No UV or Infra</FeatureReferenceName><FeatureName>UV ya da IR yoktur</FeatureName><FeatureLongDescription>Morötesi veya Kızılötesi yok</FeatureLongDescription><FeatureGlossary>Ampulde ısı yayılmasına neden olan kızılötesi bir bileşen yoktur. Ayrıca mor ötesi bir bileşen de yoktur. Bu iki özellik sayesinde ampul, kumaşın veya başka eşyaların renginin solmasına neden olmaz.</FeatureGlossary><FeatureRank>7</FeatureRank><FeatureTopRank>6</FeatureTopRank></Feature></KeyBenefitArea><KeyBenefitArea><KeyBenefitAreaCode>K4034415</KeyBenefitAreaCode><KeyBenefitAreaName>Sürdürülebilir bir çözüm için tercihiniz</KeyBenefitAreaName><KeyBenefitAreaRank>3</KeyBenefitAreaRank><Feature><FeatureCode>F400082363</FeatureCode><FeatureReferenceName>15,000-hour rated average life</FeatureReferenceName><FeatureName>15.000 saatlik nominal ortalama kullanım ömrü</FeatureName><FeatureLongDescription>Uzun kullanım ömürlü ampuller - 15 yıla kadar dayanır</FeatureLongDescription><FeatureGlossary>15.000 saate varan kullanım ömrü ile, ampullerinizi sık sık değiştirme zahmetinden kurtulun ve 15 yıl boyunca mükemmel bir aydınlatma çözümünün keyfini çıkarın.</FeatureGlossary><FeatureRank>1</FeatureRank><FeatureTopRank>3</FeatureTopRank></Feature><Feature><FeatureCode>F400082440</FeatureCode><FeatureReferenceName>Saves up to 80% NRJ</FeatureReferenceName><FeatureName>%80'e varan enerji tasarrufu</FeatureName><FeatureLongDescription>Cüzdanınız ve gezegeniniz için daha iyi</FeatureLongDescription><FeatureGlossary>LED teknolojisi, standart ampulünüzle karşılaştırıldığında %80'e varan enerji tasarrufu sağlar. Böylece kendi masrafını çıkartır ve her yıl tasarruf etmenizi sağlar. Ayrıca çevreyi korumaya da yardımcı olur.</FeatureGlossary><FeatureRank>3</FeatureRank><FeatureTopRank>4</FeatureTopRank></Feature></KeyBenefitArea><KeyBenefitArea><KeyBenefitAreaCode>K4034416</KeyBenefitAreaCode><KeyBenefitAreaName>Eviniz için ideal ışığı sağlayın</KeyBenefitAreaName><KeyBenefitAreaRank>4</KeyBenefitAreaRank><Feature><FeatureCode>F400082383</FeatureCode><FeatureReferenceName>STD Bulb [LED lamps] Room application</FeatureReferenceName><FeatureName>Genel aydınlatma için mükemmel seçim</FeatureName><FeatureLongDescription>Genel oda aydınlatması için mükemmel seçim</FeatureLongDescription><FeatureGlossary>Masa lambaları, zemin aydınlatması ve askı lamba armatürlerinde kullanım için Philips LED standart ampullerle modern aydınlatma. Mutfaklarda, mutfak masası aydınlatmada, oturma odalarında ve yemek odalarında kullanmak için idealdir.</FeatureGlossary><FeatureRank>4</FeatureRank><FeatureTopRank>5</FeatureTopRank></Feature></KeyBenefitArea><FeatureImage><FeatureCode>F400082359</FeatureCode><FeatureReferenceName>4000K [LED lamps]</FeatureReferenceName><FeatureImageRank>1</FeatureImageRank></FeatureImage><FeatureImage><FeatureCode>F400082389</FeatureCode><FeatureReferenceName>Replaces standard incandescent</FeatureReferenceName><FeatureImageRank>2</FeatureImageRank></FeatureImage><FeatureImage><FeatureCode>F400082363</FeatureCode><FeatureReferenceName>15,000-hour rated average life</FeatureReferenceName><FeatureImageRank>3</FeatureImageRank></FeatureImage><FeatureImage><FeatureCode>F400082440</FeatureCode><FeatureReferenceName>Saves up to 80% NRJ</FeatureReferenceName><FeatureImageRank>4</FeatureImageRank></FeatureImage><FeatureImage><FeatureCode>F400082383</FeatureCode><FeatureReferenceName>STD Bulb [LED lamps] Room application</FeatureReferenceName><FeatureImageRank>5</FeatureImageRank></FeatureImage><FeatureImage><FeatureCode>F400082434</FeatureCode><FeatureReferenceName>No UV or Infra</FeatureReferenceName><FeatureImageRank>6</FeatureImageRank></FeatureImage><FeatureImage><FeatureCode>F400082348</FeatureCode><FeatureReferenceName>Learn about light</FeatureReferenceName><FeatureImageRank>7</FeatureImageRank></FeatureImage><FeatureHighlight><FeatureCode>F400082359</FeatureCode><FeatureReferenceName>4000K [LED lamps]</FeatureReferenceName><FeatureHighlightRank>1</FeatureHighlightRank></FeatureHighlight><FeatureHighlight><FeatureCode>F400082389</FeatureCode><FeatureReferenceName>Replaces standard incandescent</FeatureReferenceName><FeatureHighlightRank>2</FeatureHighlightRank></FeatureHighlight><FeatureHighlight><FeatureCode>F400082363</FeatureCode><FeatureReferenceName>15,000-hour rated average life</FeatureReferenceName><FeatureHighlightRank>3</FeatureHighlightRank></FeatureHighlight><FeatureHighlight><FeatureCode>F400082440</FeatureCode><FeatureReferenceName>Saves up to 80% NRJ</FeatureReferenceName><FeatureHighlightRank>4</FeatureHighlightRank></FeatureHighlight><FeatureHighlight><FeatureCode>F400082383</FeatureCode><FeatureReferenceName>STD Bulb [LED lamps] Room application</FeatureReferenceName><FeatureHighlightRank>5</FeatureHighlightRank></FeatureHighlight><FeatureHighlight><FeatureCode>F400082434</FeatureCode><FeatureReferenceName>No UV or Infra</FeatureReferenceName><FeatureHighlightRank>6</FeatureHighlightRank></FeatureHighlight><FeatureHighlight><FeatureCode>F400082348</FeatureCode><FeatureReferenceName>Learn about light</FeatureReferenceName><FeatureHighlightRank>7</FeatureHighlightRank></FeatureHighlight><CSChapter><CSChapterCode>CH4006022</CSChapterCode><CSChapterName>Ampul özellikleri</CSChapterName><CSChapterRank>1</CSChapterRank><CSItem><CSItemCode>IT4029275</CSItemCode><CSItemName>Şekil</CSItemName><CSItemRank>7</CSItemRank><CSItemIsFreeFormat>0</CSItemIsFreeFormat><CSValue><CSValueCode>VA4084359</CSValueCode><CSValueName>Ampul</CSValueName><CSValueRank>18</CSValueRank></CSValue></CSItem><CSItem><CSItemCode>IT4029277</CSItemCode><CSItemName>Duy/armatür</CSItemName><CSItemRank>15</CSItemRank><CSItemIsFreeFormat>0</CSItemIsFreeFormat><CSValue><CSValueCode>VA4067780</CSValueCode><CSValueName>E27</CSValueName><CSValueRank>13</CSValueRank></CSValue></CSItem><CSItem><CSItemCode>IT4029279</CSItemCode><CSItemName>Kısılabilir</CSItemName><CSItemRank>21</CSItemRank><CSItemIsFreeFormat>0</CSItemIsFreeFormat><CSValue><CSValueCode>VA4067747</CSValueCode><CSValueName>Hayır</CSValueName><CSValueRank>3</CSValueRank></CSValue></CSItem><CSItem><CSItemCode>IT4036606</CSItemCode><CSItemName>Gerilim</CSItemName><CSItemRank>26</CSItemRank><CSItemIsFreeFormat>0</CSItemIsFreeFormat><CSValue><CSValueCode>VA4085091</CSValueCode><CSValueName>220 - 240 V</CSValueName><CSValueRank>12</CSValueRank></CSValue></CSItem><CSItem><CSItemCode>IT4037689</CSItemCode><CSItemName>Watt</CSItemName><CSItemRank>29</CSItemRank><CSItemIsFreeFormat>1</CSItemIsFreeFormat><CSValue><CSValueCode>VA4087427</CSValueCode><CSValueName>7 W</CSValueName><CSValueRank>1</CSValueRank></CSValue></CSItem><CSItem><CSItemCode>IT4037690</CSItemCode><CSItemName>Watt eşdeğeri</CSItemName><CSItemRank>30</CSItemRank><CSItemIsFreeFormat>1</CSItemIsFreeFormat><CSValue><CSValueCode>VA4087428</CSValueCode><CSValueName>60 W</CSValueName><CSValueRank>1</CSValueRank></CSValue></CSItem></CSChapter><CSChapter><CSChapterCode>CH4005202</CSChapterCode><CSChapterName>Güç tüketimi</CSChapterName><CSChapterRank>2</CSChapterRank><CSItem><CSItemCode>IT4026378</CSItemCode><CSItemName>Enerji verimliliği etiketi</CSItemName><CSItemRank>8</CSItemRank><CSItemIsFreeFormat>0</CSItemIsFreeFormat><CSValue><CSValueCode>VA4082939</CSValueCode><CSValueName>A++</CSValueName><CSValueRank>10</CSValueRank></CSValue></CSItem><CSItem><CSItemCode>IT4029053</CSItemCode><CSItemName>1000 saatte güç tüketimi</CSItemName><CSItemRank>13</CSItemRank><CSItemIsFreeFormat>1</CSItemIsFreeFormat><CSValue><CSValueCode>VA4067444</CSValueCode><CSValueName>5</CSValueName><CSValueRank>1</CSValueRank></CSValue><UnitOfMeasure><UnitOfMeasureCode>4000161</UnitOfMeasureCode><UnitOfMeasureName>kilowatt saat</UnitOfMeasureName><UnitOfMeasureSymbol>kW·s</UnitOfMeasureSymbol></UnitOfMeasure></CSItem></CSChapter><CSChapter><CSChapterCode>CH4005203</CSChapterCode><CSChapterName>Işık özellikleri</CSChapterName><CSChapterRank>3</CSChapterRank><CSItem><CSItemCode>IT4026387</CSItemCode><CSItemName>Işık çıkışı</CSItemName><CSItemRank>1</CSItemRank><CSItemIsFreeFormat>1</CSItemIsFreeFormat><CSValue><CSValueCode>VA4062484</CSValueCode><CSValueName>806</CSValueName><CSValueRank>1</CSValueRank></CSValue><UnitOfMeasure><UnitOfMeasureCode>4000123</UnitOfMeasureCode><UnitOfMeasureName>Lümen</UnitOfMeasureName><UnitOfMeasureSymbol>lümen</UnitOfMeasureSymbol></UnitOfMeasure></CSItem><CSItem><CSItemCode>IT4029156</CSItemCode><CSItemName>Işın açısı</CSItemName><CSItemRank>9</CSItemRank><CSItemIsFreeFormat>1</CSItemIsFreeFormat><CSValue><CSValueCode>VA4067567</CSValueCode><CSValueName>300</CSValueName><CSValueRank>1</CSValueRank></CSValue><UnitOfMeasure><UnitOfMeasureCode>3000042</UnitOfMeasureCode><UnitOfMeasureName>derece</UnitOfMeasureName><UnitOfMeasureSymbol>derece</UnitOfMeasureSymbol></UnitOfMeasure></CSItem><CSItem><CSItemCode>IT4029158</CSItemCode><CSItemName>Renk</CSItemName><CSItemRank>22</CSItemRank><CSItemIsFreeFormat>0</CSItemIsFreeFormat><CSValue><CSValueCode>VA4067569</CSValueCode><CSValueName>Sıcak Beyaz</CSValueName><CSValueRank>1</CSValueRank></CSValue><CSValue><CSValueCode>VA4091296</CSValueCode><CSValueName>Beyaz</CSValueName><CSValueRank>14</CSValueRank></CSValue></CSItem><CSItem><CSItemCode>IT4029159</CSItemCode><CSItemName>Renk sıcaklığı</CSItemName><CSItemRank>24</CSItemRank><CSItemIsFreeFormat>1</CSItemIsFreeFormat><CSValue><CSValueCode>VA4067572</CSValueCode><CSValueName>4000</CSValueName><CSValueRank>1</CSValueRank></CSValue><UnitOfMeasure><UnitOfMeasureCode>4000041</UnitOfMeasureCode><UnitOfMeasureName>Kelvin</UnitOfMeasureName><UnitOfMeasureSymbol>K</UnitOfMeasureSymbol></UnitOfMeasure></CSItem><CSItem><CSItemCode>IT4029170</CSItemCode><CSItemName>Renksel geriverim indeksi (CRI)</CSItemName><CSItemRank>31</CSItemRank><CSItemIsFreeFormat>1</CSItemIsFreeFormat><CSValue><CSValueCode>VA4067596</CSValueCode><CSValueName>80</CSValueName><CSValueRank>1</CSValueRank></CSValue></CSItem><CSItem><CSItemCode>IT4026390</CSItemCode><CSItemName>Başlama süresi</CSItemName><CSItemRank>32</CSItemRank><CSItemIsFreeFormat>0</CSItemIsFreeFormat><CSValue><CSValueCode>VA4082665</CSValueCode><CSValueName>&lt;0,5</CSValueName><CSValueRank>9</CSValueRank></CSValue><UnitOfMeasure><UnitOfMeasureCode>3000069</UnitOfMeasureCode><UnitOfMeasureName>saniye</UnitOfMeasureName><UnitOfMeasureSymbol>sn</UnitOfMeasureSymbol></UnitOfMeasure></CSItem><CSItem><CSItemCode>IT4029160</CSItemCode><CSItemName>Isınma süresi - %60 ışık</CSItemName><CSItemRank>33</CSItemRank><CSItemIsFreeFormat>0</CSItemIsFreeFormat><CSValue><CSValueCode>VA4067639</CSValueCode><CSValueName>Anında tam ışık</CSValueName><CSValueRank>8</CSValueRank></CSValue></CSItem><CSItem><CSItemCode>IT4035884</CSItemCode><CSItemName>Uygulama</CSItemName><CSItemRank>34</CSItemRank><CSItemIsFreeFormat>0</CSItemIsFreeFormat><CSValue><CSValueCode>VA4090936</CSValueCode><CSValueName>Dekoratif ışık</CSValueName><CSValueRank>15</CSValueRank></CSValue><CSValue><CSValueCode>VA4084399</CSValueCode><CSValueName>Yumuşak ışık</CSValueName><CSValueRank>16</CSValueRank></CSValue></CSItem><CSItem><CSItemCode>IT4043370</CSItemCode><CSItemName>GözRahatlığı</CSItemName><CSItemRank>35</CSItemRank><CSItemIsFreeFormat>0</CSItemIsFreeFormat><CSValue><CSValueCode>VA4100049</CSValueCode><CSValueName>Göz Rahatlığı</CSValueName><CSValueRank>4</CSValueRank></CSValue></CSItem></CSChapter><CSChapter><CSChapterCode>CH4005204</CSChapterCode><CSChapterName>Dayanıklılık</CSChapterName><CSChapterRank>4</CSChapterRank><CSItem><CSItemCode>IT4029169</CSItemCode><CSItemName>Lamba ömrü</CSItemName><CSItemRank>5</CSItemRank><CSItemIsFreeFormat>1</CSItemIsFreeFormat><CSValue><CSValueCode>VA4067595</CSValueCode><CSValueName>15000</CSValueName><CSValueRank>1</CSValueRank></CSValue><UnitOfMeasure><UnitOfMeasureCode>4000007</UnitOfMeasureCode><UnitOfMeasureName>-Saat</UnitOfMeasureName><UnitOfMeasureSymbol>saat</UnitOfMeasureSymbol></UnitOfMeasure></CSItem><CSItem><CSItemCode>IT4029171</CSItemCode><CSItemName>Açma / kapama (anahtarlama) sayısı</CSItemName><CSItemRank>11</CSItemRank><CSItemIsFreeFormat>1</CSItemIsFreeFormat><CSValue><CSValueCode>VA4067598</CSValueCode><CSValueName>50000</CSValueName><CSValueRank>1</CSValueRank></CSValue></CSItem><CSItem><CSItemCode>IT4029193</CSItemCode><CSItemName>Lümen bakım faktörü</CSItemName><CSItemRank>19</CSItemRank><CSItemIsFreeFormat>0</CSItemIsFreeFormat><CSValue><CSValueCode>VA4067614</CSValueCode><CSValueName>0,7</CSValueName><CSValueRank>2</CSValueRank></CSValue></CSItem><CSItem><CSItemCode>IT4029164</CSItemCode><CSItemName>Ortalama ömür (günde 2,7 sa)</CSItemName><CSItemRank>25</CSItemRank><CSItemIsFreeFormat>1</CSItemIsFreeFormat><CSValue><CSValueCode>VA4067588</CSValueCode><CSValueName>15</CSValueName><CSValueRank>1</CSValueRank></CSValue><UnitOfMeasure><UnitOfMeasureCode>4000081</UnitOfMeasureCode><UnitOfMeasureName>Yıl</UnitOfMeasureName><UnitOfMeasureSymbol>yıl</UnitOfMeasureSymbol></UnitOfMeasure></CSItem></CSChapter><CSChapter><CSChapterCode>CH4006021</CSChapterCode><CSChapterName>Ampul boyutları</CSChapterName><CSChapterRank>5</CSChapterRank><CSItem><CSItemCode>IT4029271</CSItemCode><CSItemName>Yükseklik</CSItemName><CSItemRank>3</CSItemRank><CSItemIsFreeFormat>1</CSItemIsFreeFormat><CSValue><CSValueCode>VA4067741</CSValueCode><CSValueName>110</CSValueName><CSValueRank>1</CSValueRank></CSValue><UnitOfMeasure><UnitOfMeasureCode>3000058</UnitOfMeasureCode><UnitOfMeasureName>milimetre</UnitOfMeasureName><UnitOfMeasureSymbol>mm</UnitOfMeasureSymbol></UnitOfMeasure></CSItem><CSItem><CSItemCode>IT4029272</CSItemCode><CSItemName>Genişlik</CSItemName><CSItemRank>17</CSItemRank><CSItemIsFreeFormat>1</CSItemIsFreeFormat><CSValue><CSValueCode>VA4067742</CSValueCode><CSValueName>60</CSValueName><CSValueRank>1</CSValueRank></CSValue><UnitOfMeasure><UnitOfMeasureCode>3000058</UnitOfMeasureCode><UnitOfMeasureName>milimetre</UnitOfMeasureName><UnitOfMeasureSymbol>mm</UnitOfMeasureSymbol></UnitOfMeasure></CSItem></CSChapter><CSChapter><CSChapterCode>CH4005206</CSChapterCode><CSChapterName>Diğer özellikler</CSChapterName><CSChapterRank>6</CSChapterRank><CSItem><CSItemCode>IT4026404</CSItemCode><CSItemName>Cıva içeriği</CSItemName><CSItemRank>4</CSItemRank><CSItemIsFreeFormat>1</CSItemIsFreeFormat><CSValue><CSValueCode>VA4062631</CSValueCode><CSValueName>0</CSValueName><CSValueRank>1</CSValueRank></CSValue><UnitOfMeasure><UnitOfMeasureCode>4000142</UnitOfMeasureCode><UnitOfMeasureName>mg</UnitOfMeasureName><UnitOfMeasureSymbol>mg</UnitOfMeasureSymbol></UnitOfMeasure></CSItem><CSItem><CSItemCode>IT4026405</CSItemCode><CSItemName>Güç faktörü</CSItemName><CSItemRank>12</CSItemRank><CSItemIsFreeFormat>1</CSItemIsFreeFormat><CSValue><CSValueCode>VA4062632</CSValueCode><CSValueName>0,55</CSValueName><CSValueRank>1</CSValueRank></CSValue></CSItem><CSItem><CSItemCode>IT4026406</CSItemCode><CSItemName>Lamba akımı</CSItemName><CSItemRank>18</CSItemRank><CSItemIsFreeFormat>1</CSItemIsFreeFormat><CSValue><CSValueCode>VA4062633</CSValueCode><CSValueName>40</CSValueName><CSValueRank>1</CSValueRank></CSValue><UnitOfMeasure><UnitOfMeasureCode>4000141</UnitOfMeasureCode><UnitOfMeasureName>mA</UnitOfMeasureName><UnitOfMeasureSymbol>mA</UnitOfMeasureSymbol></UnitOfMeasure></CSItem><CSItem><CSItemCode>IT4041312</CSItemCode><CSItemName>Aralık</CSItemName><CSItemRank>27</CSItemRank><CSItemIsFreeFormat>0</CSItemIsFreeFormat><CSValue><CSValueCode>VA4096083</CSValueCode><CSValueName>LED Classic</CSValueName><CSValueRank>7</CSValueRank></CSValue></CSItem></CSChapter><CSChapter><CSChapterCode>CH4005207</CSChapterCode><CSChapterName>Nominal değerler</CSChapterName><CSChapterRank>7</CSChapterRank><CSItem><CSItemCode>IT4026407</CSItemCode><CSItemName>Nominal güç</CSItemName><CSItemRank>2</CSItemRank><CSItemIsFreeFormat>1</CSItemIsFreeFormat><CSValue><CSValueCode>VA4062634</CSValueCode><CSValueName>4,5</CSValueName><CSValueRank>1</CSValueRank></CSValue><UnitOfMeasure><UnitOfMeasureCode>3000072</UnitOfMeasureCode><UnitOfMeasureName>watt</UnitOfMeasureName><UnitOfMeasureSymbol>W</UnitOfMeasureSymbol></UnitOfMeasure></CSItem><CSItem><CSItemCode>IT4026408</CSItemCode><CSItemName>Nominal ışık akısı</CSItemName><CSItemRank>10</CSItemRank><CSItemIsFreeFormat>1</CSItemIsFreeFormat><CSValue><CSValueCode>VA4062635</CSValueCode><CSValueName>470</CSValueName><CSValueRank>1</CSValueRank></CSValue><UnitOfMeasure><UnitOfMeasureCode>4000123</UnitOfMeasureCode><UnitOfMeasureName>Lümen</UnitOfMeasureName><UnitOfMeasureSymbol>lümen</UnitOfMeasureSymbol></UnitOfMeasure></CSItem><CSItem><CSItemCode>IT4029167</CSItemCode><CSItemName>Nominal kullanım ömrü</CSItemName><CSItemRank>16</CSItemRank><CSItemIsFreeFormat>1</CSItemIsFreeFormat><CSValue><CSValueCode>VA4067593</CSValueCode><CSValueName>15000</CSValueName><CSValueRank>1</CSValueRank></CSValue><UnitOfMeasure><UnitOfMeasureCode>4000007</UnitOfMeasureCode><UnitOfMeasureName>-Saat</UnitOfMeasureName><UnitOfMeasureSymbol>saat</UnitOfMeasureSymbol></UnitOfMeasure></CSItem><CSItem><CSItemCode>IT4029168</CSItemCode><CSItemName>Nominal ışın açısı</CSItemName><CSItemRank>23</CSItemRank><CSItemIsFreeFormat>1</CSItemIsFreeFormat><CSValue><CSValueCode>VA4067594</CSValueCode><CSValueName>300</CSValueName><CSValueRank>1</CSValueRank></CSValue><UnitOfMeasure><UnitOfMeasureCode>3000042</UnitOfMeasureCode><UnitOfMeasureName>derece</UnitOfMeasureName><UnitOfMeasureSymbol>derece</UnitOfMeasureSymbol></UnitOfMeasure></CSItem></CSChapter><Filters><Purpose type="Comparison"><Features><Feature code="F400082359" rank="1" referenceName="4000K [LED lamps]"/><Feature code="F400082389" rank="2" referenceName="Replaces standard incandescent"/><Feature code="F400082363" rank="3" referenceName="15,000-hour rated average life"/><Feature code="F400082440" rank="4" referenceName="Saves up to 80% NRJ"/><Feature code="F400082383" rank="5" referenceName="STD Bulb [LED lamps] Room application"/><Feature code="F400082434" rank="6" referenceName="No UV or Infra"/><Feature code="F400082348" rank="7" referenceName="Learn about light"/></Features><CSItems><CSItem code="IT4026387" rank="1" referenceName="Işık özellikleri - Işık çıkışı"/><CSItem code="IT4026407" rank="2" referenceName="Nominal değerler - Nominal güç"/><CSItem code="IT4029271" rank="3" referenceName="Ampul boyutları - Yükseklik"/><CSItem code="IT4026404" rank="4" referenceName="Diğer özellikler - Cıva içeriği"/><CSItem code="IT4029169" rank="5" referenceName="Dayanıklılık - Lamba ömrü"/><CSItem code="IT4029275" rank="7" referenceName="Ampul özellikleri - Şekil"/><CSItem code="IT4026378" rank="8" referenceName="Güç tüketimi - Enerji verimliliği etiketi"/><CSItem code="IT4029156" rank="9" referenceName="Işık özellikleri - Işın açısı"/><CSItem code="IT4026408" rank="10" referenceName="Nominal değerler - Nominal ışık akısı"/><CSItem code="IT4029171" rank="11" referenceName="Dayanıklılık - Açma / kapama (anahtarlama) sayısı"/><CSItem code="IT4026405" rank="12" referenceName="Diğer özellikler - Güç faktörü"/><CSItem code="IT4029053" rank="13" referenceName="Güç tüketimi - 1000 saatte güç tüketimi"/><CSItem code="IT4029277" rank="15" referenceName="Ampul özellikleri - Duy/armatür"/><CSItem code="IT4029167" rank="16" referenceName="Nominal değerler - Nominal kullanım ömrü"/><CSItem code="IT4029272" rank="17" referenceName="Ampul boyutları - Genişlik"/><CSItem code="IT4026406" rank="18" referenceName="Diğer özellikler - Lamba akımı"/><CSItem code="IT4029193" rank="19" referenceName="Dayanıklılık - Lümen bakım faktörü"/><CSItem code="IT4029279" rank="21" referenceName="Ampul özellikleri - Kısılabilir"/><CSItem code="IT4029158" rank="22" referenceName="Işık özellikleri - Renk"/><CSItem code="IT4029168" rank="23" referenceName="Nominal değerler - Nominal ışın açısı"/><CSItem code="IT4029159" rank="24" referenceName="Işık özellikleri - Renk sıcaklığı"/><CSItem code="IT4029164" rank="25" referenceName="Dayanıklılık - Ortalama ömür (günde 2,7 sa)"/><CSItem code="IT4036606" rank="26" referenceName="Ampul özellikleri - Gerilim"/><CSItem code="IT4041312" rank="27" referenceName="Diğer özellikler - Aralık"/><CSItem code="IT4037689" rank="29" referenceName="Ampul özellikleri - Watt"/><CSItem code="IT4037690" rank="30" referenceName="Ampul özellikleri - Watt eşdeğeri"/><CSItem code="IT4029170" rank="31" referenceName="Işık özellikleri - Renksel geriverim indeksi (CRI)"/><CSItem code="IT4026390" rank="32" referenceName="Işık özellikleri - Başlama süresi"/><CSItem code="IT4029160" rank="33" referenceName="Işık özellikleri - Isınma süresi - %60 ışık"/><CSItem code="IT4035884" rank="34" referenceName="Işık özellikleri - Uygulama"/><CSItem code="IT4043370" rank="35" referenceName="Işık özellikleri - GözRahatlığı"/></CSItems></Purpose><Purpose type="Detail"><Features><Feature code="F400082359" rank="1" referenceName="4000K [LED lamps]"/><Feature code="F400082389" rank="2" referenceName="Replaces standard incandescent"/><Feature code="F400082363" rank="3" referenceName="15,000-hour rated average life"/><Feature code="F400082440" rank="4" referenceName="Saves up to 80% NRJ"/><Feature code="F400082383" rank="5" referenceName="STD Bulb [LED lamps] Room application"/><Feature code="F400082434" rank="6" referenceName="No UV or Infra"/><Feature code="F400082348" rank="7" referenceName="Learn about light"/></Features><CSItems><CSItem code="IT4026387" rank="1" referenceName="Işık özellikleri - Işık çıkışı"/><CSItem code="IT4026407" rank="2" referenceName="Nominal değerler - Nominal güç"/><CSItem code="IT4029271" rank="3" referenceName="Ampul boyutları - Yükseklik"/><CSItem code="IT4026404" rank="4" referenceName="Diğer özellikler - Cıva içeriği"/><CSItem code="IT4029169" rank="5" referenceName="Dayanıklılık - Lamba ömrü"/><CSItem code="IT4029275" rank="7" referenceName="Ampul özellikleri - Şekil"/><CSItem code="IT4026378" rank="8" referenceName="Güç tüketimi - Enerji verimliliği etiketi"/><CSItem code="IT4029156" rank="9" referenceName="Işık özellikleri - Işın açısı"/><CSItem code="IT4026408" rank="10" referenceName="Nominal değerler - Nominal ışık akısı"/><CSItem code="IT4029171" rank="11" referenceName="Dayanıklılık - Açma / kapama (anahtarlama) sayısı"/><CSItem code="IT4026405" rank="12" referenceName="Diğer özellikler - Güç faktörü"/><CSItem code="IT4029053" rank="13" referenceName="Güç tüketimi - 1000 saatte güç tüketimi"/><CSItem code="IT4029277" rank="15" referenceName="Ampul özellikleri - Duy/armatür"/><CSItem code="IT4029167" rank="16" referenceName="Nominal değerler - Nominal kullanım ömrü"/><CSItem code="IT4029272" rank="17" referenceName="Ampul boyutları - Genişlik"/><CSItem code="IT4026406" rank="18" referenceName="Diğer özellikler - Lamba akımı"/><CSItem code="IT4029193" rank="19" referenceName="Dayanıklılık - Lümen bakım faktörü"/><CSItem code="IT4029279" rank="21" referenceName="Ampul özellikleri - Kısılabilir"/><CSItem code="IT4029158" rank="22" referenceName="Işık özellikleri - Renk"/><CSItem code="IT4029168" rank="23" referenceName="Nominal değerler - Nominal ışın açısı"/><CSItem code="IT4029159" rank="24" referenceName="Işık özellikleri - Renk sıcaklığı"/><CSItem code="IT4029164" rank="25" referenceName="Dayanıklılık - Ortalama ömür (günde 2,7 sa)"/><CSItem code="IT4036606" rank="26" referenceName="Ampul özellikleri - Gerilim"/><CSItem code="IT4041312" rank="27" referenceName="Diğer özellikler - Aralık"/><CSItem code="IT4037689" rank="29" referenceName="Ampul özellikleri - Watt"/><CSItem code="IT4037690" rank="30" referenceName="Ampul özellikleri - Watt eşdeğeri"/><CSItem code="IT4029170" rank="31" referenceName="Işık özellikleri - Renksel geriverim indeksi (CRI)"/><CSItem code="IT4026390" rank="32" referenceName="Işık özellikleri - Başlama süresi"/><CSItem code="IT4029160" rank="33" referenceName="Işık özellikleri - Isınma süresi - %60 ışık"/><CSItem code="IT4035884" rank="34" referenceName="Işık özellikleri - Uygulama"/><CSItem code="IT4043370" rank="35" referenceName="Işık özellikleri - GözRahatlığı"/></CSItems></Purpose></Filters><FeatureCompareGroups/><Disclaimers/><RichTexts/></Product></Products>