<?xml version="1.0" encoding="UTF-8"?><Products xmlns:source="http://apache.org/cocoon/source/1.0" DocStatus="approved" DocTimeStamp="2018-10-23T10:48:35"><Product Country="TR" IsAccessory="false" IsMaster="false" Locale="tr_TR" lastModified="2018-10-23T04:30:06" masterLastModified="2018-10-11T00:27:59"><CTN>QP210/50</CTN><GTIN>08710103787402</GTIN><MarketingVersion>10.2.1</MarketingVersion><MarketingStatus>Final Published</MarketingStatus><CRDate>2015-08-21</CRDate><CRDateYW>201534</CRDateYW><ModelYears><ModelYear>2015</ModelYear></ModelYears><ProductDivision><ProductDivisionCode>0200</ProductDivisionCode><ProductDivisionName>Consumer Lifestyle</ProductDivisionName><FormerPDCode>0300</FormerPDCode></ProductDivision><ProductOwner>Inge van Lieshout</ProductOwner><DTN>QP210/50</DTN><Catalog><StartOfPublication>2018-08-13T00:00:00</StartOfPublication><EndOfPublication>2020-09-21T00:00:00</EndOfPublication><StartOfSales>2018-08-13T00:00:00</StartOfSales><EndOfSales>2019-09-21T00:00:00</EndOfSales><DummyPrice>109.99</DummyPrice><Deleted>false</Deleted><DeleteAfterDate/><ProductRank>50</ProductRank></Catalog><FinancialCategorization><BusinessGroupCode>9044</BusinessGroupCode><BusinessGroupName>Personal Care</BusinessGroupName><BusinessUnitCode>0321</BusinessUnitCode><BusinessUnitName>Male Grooming</BusinessUnitName><MainArticleGroupCode>M41</MainArticleGroupCode><MainArticleGroupName>Hybrid</MainArticleGroupName><ArticleGroupCode>8194</ArticleGroupCode><ArticleGroupName>Hybrid Razor Blade packs</ArticleGroupName></FinancialCategorization><Categorization type="CONSUMER"><GroupCode>PERSONAL_CARE_GR</GroupCode><GroupName>Personal care</GroupName><CategoryCode>ACCESSORIES_AND_REPLACEMENTS_CA</CategoryCode><CategoryName>Accessories and replacements</CategoryName><SubcategoryCode>ACC_ONEBLADE_REPLACE_SU</SubcategoryCode><SubcategoryName>OneBlade replacement blades</SubcategoryName></Categorization><Assets><Asset code="QP210_50" description="Leaflet" extension="pdf" lastModified="2018-10-13" locale="tr_TR" number="001" type="PSS">http://download.p4c.philips.com/files/q/qp210_50/qp210_50_pss_turtr.pdf</Asset><Asset code="QP210_50" description="Retail Trade Leaflet" extension="pdf" lastModified="2018-10-15" locale="tr_TR" number="001" type="RTL">http://download.p4c.philips.com/files/q/qp210_50/qp210_50_rtl_turtr.pdf</Asset><Asset code="QP210_50" description="Alternative product photograph 1 - highres 2196x1795" extension="tif" lastModified="2016-01-22" locale="global" number="001" type="A1P">http://images.philips.com/is/image/PhilipsConsumer/QP210_50-A1P-global-001</Asset><Asset code="QP210_50" description="Alternative product photograph - highres 2196x1795" extension="tif" lastModified="2016-01-22" locale="global" number="001" type="APP">http://images.philips.com/is/image/PhilipsConsumer/QP210_50-APP-global-001</Asset><Asset code="QP210_50" description="Product detail 1 - highres 2196x1795" extension="tif" lastModified="2016-01-20" locale="global" number="001" type="D1P">http://images.philips.com/is/image/PhilipsConsumer/QP210_50-D1P-global-001</Asset><Asset code="QP210_50" description="Product detail 2 - highres 2196x1795" extension="tif" lastModified="2016-01-20" locale="global" number="001" type="D2P">http://images.philips.com/is/image/PhilipsConsumer/QP210_50-D2P-global-001</Asset><Asset code="QP210_50" description="Main in-use photograph - highres 2480x1462" extension="tif" lastModified="2016-01-20" locale="global" number="001" type="MI1">http://images.philips.com/is/image/PhilipsConsumer/QP210_50-MI1-global-001</Asset><Asset code="QP210_50" description="Packaging photograph - highres 1447x756" extension="tif" lastModified="2017-10-31" locale="global" number="001" type="PID">http://images.philips.com/is/image/PhilipsConsumer/QP210_50-PID-global-001</Asset><Asset code="QP210_50" description="Packaging photograph - master" extension="tif" lastModified="2017-10-31" locale="global" number="001" type="PIM">http://download.p4c.philips.com/files/q/qp210_50/qp210_50_pim_.tif</Asset><Asset code="QP210_50" description="Packaging photograph - small 90x65" extension="jpg" lastModified="2017-10-31" locale="global" number="001" type="PIS">http://download.p4c.philips.com/files/q/qp210_50/qp210_50_pis_.jpg</Asset><Asset code="QP210_50" description="Leaflet" extension="pdf" lastModified="2018-10-12" locale="global" number="001" type="PSS">http://download.p4c.philips.com/files/q/qp210_50/qp210_50_pss_.pdf</Asset><Asset code="QP210_50" description="Standard product photograph - highres 2196x1795" extension="tif" lastModified="2016-01-22" locale="global" number="001" type="RTP">http://images.philips.com/is/image/PhilipsConsumer/QP210_50-RTP-global-001</Asset><Asset code="QP210_50" description="Product In Use 1 - highres 2196x1795" extension="tif" lastModified="2018-04-12" locale="global" number="001" type="U1P">http://images.philips.com/is/image/PhilipsConsumer/QP210_50-U1P-global-001</Asset><Asset code="QP210_50" description="Product In Use 2 - highres 2196x1795" extension="tif" lastModified="2018-03-23" locale="global" number="001" type="U2P">http://images.philips.com/is/image/PhilipsConsumer/QP210_50-U2P-global-001</Asset><Asset code="QP210_50" description="Single product shot" extension="" lastModified="2018-10-23" locale="tr_TR" number="" type="IMS">http://images.philips.com/is/image/PhilipsConsumer/QP210_50-IMS-tr_TR</Asset><Asset code="QP210_50" description="Product gallery image set" extension="" lastModified="2018-10-23" locale="tr_TR" number="" type="GAL">http://images.philips.com/is/image/PhilipsConsumer/QP210_50-GAL-tr_TR</Asset><Asset code="QP210_50" description="Product URL" extension="" lastModified="2018-10-23" locale="tr_TR" number="" type="URL">http://www.philips.com.tr/c-p/QP210_50/oneblade-yedek-bicak</Asset><Asset code="F400074352" description="Feature photograph - highres 2100x1170" extension="tif" lastModified="2016-01-28" locale="global" number="001" type="FIL">http://images.philips.com/is/image/PhilipsConsumer/F400074352-FIL-global-001</Asset><Asset code="F400074976" description="Feature photograph - highres 2100x1170" extension="tif" lastModified="2016-02-03" locale="global" number="001" type="FIL">http://images.philips.com/is/image/PhilipsConsumer/F400074976-FIL-global-001</Asset><Asset code="PHI" description="Brand logo - highres 1476x886" extension="tif" lastModified="2016-02-18" locale="global" number="001" type="BRP">http://images.philips.com/is/image/PhilipsConsumer/PHI-BRP-global-001</Asset></Assets><ProductName>Kısaltın, şekillendirin, tıraş edin Yedek bıçak</ProductName><FullProductName>Philips OneBlade Yedek bıçak QP210/50 Kısaltın, şekillendirin, tıraş edin 1 yedek bıçak Tüm OneBlade gövdelerine uyum sağlar Bıçağın kullanım ömrü en fazla 4 aydır*</FullProductName><NamingString><MasterBrand><BrandCode>PHI</BrandCode><BrandName>Philips</BrandName></MasterBrand><BrandString>Philips</BrandString><Family><FamilyCode>SB40006748</FamilyCode><FamilyName>OneBlade</FamilyName><FamilyNameUsed>1</FamilyNameUsed></Family><Descriptor><DescriptorCode>D4026563</DescriptorCode><DescriptorName>Yedek bıçak</DescriptorName></Descriptor><Alphanumeric>QP210/50</Alphanumeric><VersionElement1><VersionElementCode>V4044991</VersionElementCode><VersionElementName>Düzeltin, şekillendirin, tıraş edin</VersionElementName></VersionElement1><VersionElement2><VersionElementCode>V4040275</VersionElementCode><VersionElementName>1 yedek bıçak</VersionElementName></VersionElement2><VersionElement3><VersionElementCode>V4044998</VersionElementCode><VersionElementName>Tüm OneBlade gövdelerine uyum sağlar</VersionElementName></VersionElement3><VersionElement4><VersionElementCode>V4045572</VersionElementCode><VersionElementName>Bıçağın kullanım ömrü en fazla 4 aydır*</VersionElementName></VersionElement4><VersionString>Kısaltın, şekillendirin, tıraş edin 1 yedek bıçak Tüm OneBlade gövdelerine uyum sağlar Bıçağın kullanım ömrü en fazla 4 aydır*</VersionString><BrandedFeatureString/><DescriptorBrandedFeatureString>Yedek bıçak</DescriptorBrandedFeatureString></NamingString><WOW>Her uzunluktaki sakalı düzeltin, şekillendirin ve tıraş edin</WOW><SubWOW>Kesiksiz, güvenli sakal tıraşı için tasarlanmıştır</SubWOW><MarketingTextHeader>Çığır açan, yeni hibrit şekillendirici Philips OneBlade, her uzunluktaki sakalı düzeltir, tıraş eder ve net hatlar ve kenarlar oluşturur. Birden çok uygulamayı ve aracı unutun. OneBlade ile her şeyi yapabilirsiniz.</MarketingTextHeader><KeyBenefitArea><KeyBenefitAreaCode>K4031440</KeyBenefitAreaCode><KeyBenefitAreaName>Rahat tıraş</KeyBenefitAreaName><KeyBenefitAreaRank>1</KeyBenefitAreaRank><Feature><FeatureCode>F400074352</FeatureCode><FeatureReferenceName>Unique OneBlade Technology (OneBlade Face)</FeatureReferenceName><FeatureName>Benzersiz OneBlade Teknolojisi</FeatureName><FeatureLongDescription>Benzersiz OneBlade Teknolojisi</FeatureLongDescription><FeatureGlossary>Philips OneBlade'in çığır açan yeni teknolojisi, sakal şekillendirme ve vücut bakımı için tasarlanmıştır. OneBlade ile her uzunluktaki sakalı düzeltebilir, şekillendirebilir ve tıraş edebilirsiniz. Yuvarlak uçlara sahip kaydırıcı kaplamadan oluşan çift koruma sistemi, kolay ve konforlu tıraş olanağı sağlar. Tıraş teknolojisi hızlı hareket eden kesicilere (saniyede 200 kez) sahiptir; böylece daha uzun kıllarda bile verimli sonuçlar alırsınız.</FeatureGlossary><FeatureRank>2</FeatureRank><FeatureTopRank>1</FeatureTopRank></Feature></KeyBenefitArea><KeyBenefitArea><KeyBenefitAreaCode>K300000216</KeyBenefitAreaCode><KeyBenefitAreaName>Kullanım kolaylığı</KeyBenefitAreaName><KeyBenefitAreaRank>2</KeyBenefitAreaRank><Feature><FeatureCode>F400074976</FeatureCode><FeatureReferenceName>Durable OneBlade (OneBlade replaceable blades)</FeatureReferenceName><FeatureName>Dayanıklı OneBlade</FeatureName><FeatureLongDescription>Dayanıklı OneBlade</FeatureLongDescription><FeatureGlossary>Bıçaklar, uzun süreli performans için tasarlanmıştır. Optimum performans için her bir bıçağı yalnızca 4 ayda bir değiştirmeniz gerekir*. Bıçak değişimi, kolay ve zahmetsizdir.</FeatureGlossary><FeatureRank>1</FeatureRank><FeatureTopRank>2</FeatureTopRank></Feature></KeyBenefitArea><FeatureImage><FeatureCode>F400074352</FeatureCode><FeatureReferenceName>Unique OneBlade Technology (OneBlade Face)</FeatureReferenceName><FeatureImageRank>1</FeatureImageRank></FeatureImage><FeatureImage><FeatureCode>F400074976</FeatureCode><FeatureReferenceName>Durable OneBlade (OneBlade replaceable blades)</FeatureReferenceName><FeatureImageRank>2</FeatureImageRank></FeatureImage><FeatureHighlight><FeatureCode>F400074352</FeatureCode><FeatureReferenceName>Unique OneBlade Technology (OneBlade Face)</FeatureReferenceName><FeatureHighlightRank>1</FeatureHighlightRank></FeatureHighlight><FeatureHighlight><FeatureCode>F400074976</FeatureCode><FeatureReferenceName>Durable OneBlade (OneBlade replaceable blades)</FeatureReferenceName><FeatureHighlightRank>2</FeatureHighlightRank></FeatureHighlight><CSChapter><CSChapterCode>CH4002081</CSChapterCode><CSChapterName>Düzeltme ve tıraş performansı</CSChapterName><CSChapterRank>1</CSChapterRank><CSItem><CSItemCode>IT4010072</CSItemCode><CSItemName>Tıraş sistemi</CSItemName><CSItemRank>1</CSItemRank><CSItemIsFreeFormat>0</CSItemIsFreeFormat><CSValue><CSValueCode>VA4090892</CSValueCode><CSValueName>Yüz hatlarına uyumlu teknoloji</CSValueName><CSValueRank>1</CSValueRank></CSValue><CSValue><CSValueCode>VA4090893</CSValueCode><CSValueName>Çift koruma sistemi</CSValueName><CSValueRank>6</CSValueRank></CSValue></CSItem><CSItem><CSItemCode>IT4010073</CSItemCode><CSItemName>Düzeltme sistemi</CSItemName><CSItemRank>5</CSItemRank><CSItemIsFreeFormat>0</CSItemIsFreeFormat><CSValue><CSValueCode>VA4090891</CSValueCode><CSValueName>Yüz hatlarına uyumlu teknoloji</CSValueName><CSValueRank>2</CSValueRank></CSValue></CSItem></CSChapter><CSChapter><CSChapterCode>CH4008423</CSChapterCode><CSChapterName>OneBlade yedek bıçak</CSChapterName><CSChapterRank>2</CSChapterRank><CSItem><CSItemCode>IT4040470</CSItemCode><CSItemName>Paket başına yedek bıçak</CSItemName><CSItemRank>3</CSItemRank><CSItemIsFreeFormat>1</CSItemIsFreeFormat><CSValue><CSValueCode>VA4094253</CSValueCode><CSValueName>1</CSValueName><CSValueRank>1</CSValueRank></CSValue></CSItem><CSItem><CSItemCode>IT4040469</CSItemCode><CSItemName>Aşağıdaki ürün modelleriyle uyumludur</CSItemName><CSItemRank>4</CSItemRank><CSItemIsFreeFormat>0</CSItemIsFreeFormat><CSValue><CSValueCode>VA4094251</CSValueCode><CSValueName>OneBlade (QP25xx)</CSValueName><CSValueRank>3</CSValueRank></CSValue><CSValue><CSValueCode>VA4100121</CSValueCode><CSValueName>OneBlade (QP26xx)</CSValueName><CSValueRank>5</CSValueRank></CSValue><CSValue><CSValueCode>VA4094252</CSValueCode><CSValueName>OneBlade Pro (QP65xx)</CSValueName><CSValueRank>7</CSValueRank></CSValue><CSValue><CSValueCode>VA4100122</CSValueCode><CSValueName>OneBlade Pro (QP66xx)</CSValueName><CSValueRank>9</CSValueRank></CSValue></CSItem></CSChapter><Filters><Purpose type="Comparison"><Features><Feature code="F400074352" rank="1" referenceName="Unique OneBlade Technology (OneBlade Face)"/><Feature code="F400074976" rank="2" referenceName="Durable OneBlade (OneBlade replaceable blades)"/></Features><CSItems><CSItem code="IT4010072" rank="1" referenceName="Düzeltme ve tıraş performansı - Tıraş sistemi"/><CSItem code="IT4040470" rank="3" referenceName="OneBlade yedek bıçak - Paket başına yedek bıçak"/><CSItem code="IT4040469" rank="4" referenceName="OneBlade yedek bıçak - Aşağıdaki ürün modelleriyle uyumludur"/><CSItem code="IT4010073" rank="5" referenceName="Düzeltme ve tıraş performansı - Düzeltme sistemi"/></CSItems></Purpose><Purpose type="Detail"><Features><Feature code="F400074352" rank="1" referenceName="Unique OneBlade Technology (OneBlade Face)"/><Feature code="F400074976" rank="2" referenceName="Durable OneBlade (OneBlade replaceable blades)"/></Features><CSItems><CSItem code="IT4010072" rank="1" referenceName="Düzeltme ve tıraş performansı - Tıraş sistemi"/><CSItem code="IT4040470" rank="3" referenceName="OneBlade yedek bıçak - Paket başına yedek bıçak"/><CSItem code="IT4040469" rank="4" referenceName="OneBlade yedek bıçak - Aşağıdaki ürün modelleriyle uyumludur"/><CSItem code="IT4010073" rank="5" referenceName="Düzeltme ve tıraş performansı - Düzeltme sistemi"/></CSItems></Purpose></Filters><FeatureCompareGroups/><Disclaimers><Disclaimer code="DIS40009291" rank="1" referenceName="Each blade lasts up to 4 months (OneBlade)"><DisclaimerText>Her bir bıçağın kullanım ömrü en iyi tıraş performansı için 4 aydır. Haftada 2 tam tıraş baz alınmıştır. Gerçek sonuçlar farklılık gösterebilir.</DisclaimerText><DisclaimElements/></Disclaimer></Disclaimers><ProductReference ProductReferenceType="Performer"><CTN>QP2510/10</CTN><ProductReferenceRank>0</ProductReferenceRank></ProductReference><ProductReference ProductReferenceType="Performer"><CTN>QP2510/11</CTN><ProductReferenceRank>0</ProductReferenceRank></ProductReference><ProductReference ProductReferenceType="Performer"><CTN>QP2511/10</CTN><ProductReferenceRank>0</ProductReferenceRank></ProductReference><ProductReference ProductReferenceType="Performer"><CTN>QP2520/20</CTN><ProductReferenceRank>0</ProductReferenceRank></ProductReference><ProductReference ProductReferenceType="Performer"><CTN>QP2520/21</CTN><ProductReferenceRank>0</ProductReferenceRank></ProductReference><ProductReference ProductReferenceType="Performer"><CTN>QP2520/25</CTN><ProductReferenceRank>0</ProductReferenceRank></ProductReference><ProductReference ProductReferenceType="Performer"><CTN>QP2520/30</CTN><ProductReferenceRank>0</ProductReferenceRank></ProductReference><ProductReference ProductReferenceType="Performer"><CTN>QP2520/60</CTN><ProductReferenceRank>0</ProductReferenceRank></ProductReference><ProductReference ProductReferenceType="Performer"><CTN>QP2520/61</CTN><ProductReferenceRank>0</ProductReferenceRank></ProductReference><ProductReference ProductReferenceType="Performer"><CTN>QP2520/62</CTN><ProductReferenceRank>0</ProductReferenceRank></ProductReference><ProductReference ProductReferenceType="Performer"><CTN>QP2520/64</CTN><ProductReferenceRank>0</ProductReferenceRank></ProductReference><ProductReference ProductReferenceType="Performer"><CTN>QP2520/65</CTN><ProductReferenceRank>0</ProductReferenceRank></ProductReference><ProductReference ProductReferenceType="Performer"><CTN>QP2520/66</CTN><ProductReferenceRank>0</ProductReferenceRank></ProductReference><ProductReference ProductReferenceType="Performer"><CTN>QP2520/70</CTN><ProductReferenceRank>0</ProductReferenceRank></ProductReference><ProductReference ProductReferenceType="Performer"><CTN>QP2520/71</CTN><ProductReferenceRank>0</ProductReferenceRank></ProductReference><ProductReference ProductReferenceType="Performer"><CTN>QP2520/72</CTN><ProductReferenceRank>0</ProductReferenceRank></ProductReference><ProductReference ProductReferenceType="Performer"><CTN>QP2520/75</CTN><ProductReferenceRank>0</ProductReferenceRank></ProductReference><ProductReference ProductReferenceType="Performer"><CTN>QP2520/90</CTN><ProductReferenceRank>0</ProductReferenceRank></ProductReference><ProductReference ProductReferenceType="Performer"><CTN>QP2520/92</CTN><ProductReferenceRank>0</ProductReferenceRank></ProductReference><ProductReference ProductReferenceType="Performer"><CTN>QP2520/97</CTN><ProductReferenceRank>0</ProductReferenceRank></ProductReference><ProductReference ProductReferenceType="Performer"><CTN>QP2521/10</CTN><ProductReferenceRank>0</ProductReferenceRank></ProductReference><ProductReference ProductReferenceType="Performer"><CTN>QP2521/97</CTN><ProductReferenceRank>0</ProductReferenceRank></ProductReference><ProductReference ProductReferenceType="Performer"><CTN>QP2522/10</CTN><ProductReferenceRank>0</ProductReferenceRank></ProductReference><ProductReference ProductReferenceType="Performer"><CTN>QP2522/97</CTN><ProductReferenceRank>0</ProductReferenceRank></ProductReference><ProductReference ProductReferenceType="Performer"><CTN>QP2530/10</CTN><ProductReferenceRank>0</ProductReferenceRank></ProductReference><ProductReference ProductReferenceType="Performer"><CTN>QP2530/20</CTN><ProductReferenceRank>0</ProductReferenceRank></ProductReference><ProductReference ProductReferenceType="Performer"><CTN>QP2530/21</CTN><ProductReferenceRank>0</ProductReferenceRank></ProductReference><ProductReference ProductReferenceType="Performer"><CTN>QP2530/25</CTN><ProductReferenceRank>0</ProductReferenceRank></ProductReference><ProductReference ProductReferenceType="Performer"><CTN>QP2530/30</CTN><ProductReferenceRank>0</ProductReferenceRank></ProductReference><ProductReference ProductReferenceType="Performer"><CTN>QP2530/60</CTN><ProductReferenceRank>0</ProductReferenceRank></ProductReference><ProductReference ProductReferenceType="Performer"><CTN>QP2530/70</CTN><ProductReferenceRank>0</ProductReferenceRank></ProductReference><ProductReference ProductReferenceType="Performer"><CTN>QP2530/75</CTN><ProductReferenceRank>0</ProductReferenceRank></ProductReference><ProductReference ProductReferenceType="Performer"><CTN>QP2530/90</CTN><ProductReferenceRank>0</ProductReferenceRank></ProductReference><ProductReference ProductReferenceType="Performer"><CTN>QP2530/97</CTN><ProductReferenceRank>0</ProductReferenceRank></ProductReference><ProductReference ProductReferenceType="Performer"><CTN>QP2531/21</CTN><ProductReferenceRank>0</ProductReferenceRank></ProductReference><ProductReference ProductReferenceType="Performer"><CTN>QP2531/26</CTN><ProductReferenceRank>0</ProductReferenceRank></ProductReference><ProductReference ProductReferenceType="Performer"><CTN>QP2620/20</CTN><ProductReferenceRank>0</ProductReferenceRank></ProductReference><ProductReference ProductReferenceType="Performer"><CTN>QP2620/25</CTN><ProductReferenceRank>0</ProductReferenceRank></ProductReference><ProductReference ProductReferenceType="Performer"><CTN>QP2620/30</CTN><ProductReferenceRank>0</ProductReferenceRank></ProductReference><ProductReference ProductReferenceType="Performer"><CTN>QP2630/20</CTN><ProductReferenceRank>0</ProductReferenceRank></ProductReference><ProductReference ProductReferenceType="Performer"><CTN>QP2630/21</CTN><ProductReferenceRank>0</ProductReferenceRank></ProductReference><ProductReference ProductReferenceType="Performer"><CTN>QP2630/30</CTN><ProductReferenceRank>0</ProductReferenceRank></ProductReference><ProductReference ProductReferenceType="Performer"><CTN>QP2630/70</CTN><ProductReferenceRank>0</ProductReferenceRank></ProductReference><ProductReference ProductReferenceType="Performer"><CTN>QP2630/72</CTN><ProductReferenceRank>0</ProductReferenceRank></ProductReference><ProductReference ProductReferenceType="Performer"><CTN>QP2630/75</CTN><ProductReferenceRank>0</ProductReferenceRank></ProductReference><ProductReference ProductReferenceType="Performer"><CTN>QP2630/90</CTN><ProductReferenceRank>0</ProductReferenceRank></ProductReference><ProductReference ProductReferenceType="Performer"><CTN>QP6510/20</CTN><ProductReferenceRank>0</ProductReferenceRank></ProductReference><ProductReference ProductReferenceType="Performer"><CTN>QP6510/25</CTN><ProductReferenceRank>0</ProductReferenceRank></ProductReference><ProductReference ProductReferenceType="Performer"><CTN>QP6510/30</CTN><ProductReferenceRank>0</ProductReferenceRank></ProductReference><ProductReference ProductReferenceType="Performer"><CTN>QP6510/60</CTN><ProductReferenceRank>0</ProductReferenceRank></ProductReference><ProductReference ProductReferenceType="Performer"><CTN>QP6510/64</CTN><ProductReferenceRank>0</ProductReferenceRank></ProductReference><ProductReference ProductReferenceType="Performer"><CTN>QP6510/70</CTN><ProductReferenceRank>0</ProductReferenceRank></ProductReference><ProductReference ProductReferenceType="Performer"><CTN>QP6510/90</CTN><ProductReferenceRank>0</ProductReferenceRank></ProductReference><ProductReference ProductReferenceType="Performer"><CTN>QP6510/97</CTN><ProductReferenceRank>0</ProductReferenceRank></ProductReference><ProductReference ProductReferenceType="Performer"><CTN>QP6520/20</CTN><ProductReferenceRank>0</ProductReferenceRank></ProductReference><ProductReference ProductReferenceType="Performer"><CTN>QP6520/25</CTN><ProductReferenceRank>0</ProductReferenceRank></ProductReference><ProductReference ProductReferenceType="Performer"><CTN>QP6520/30</CTN><ProductReferenceRank>0</ProductReferenceRank></ProductReference><ProductReference ProductReferenceType="Performer"><CTN>QP6520/60</CTN><ProductReferenceRank>0</ProductReferenceRank></ProductReference><ProductReference ProductReferenceType="Performer"><CTN>QP6520/70</CTN><ProductReferenceRank>0</ProductReferenceRank></ProductReference><ProductReference ProductReferenceType="Performer"><CTN>QP6520/90</CTN><ProductReferenceRank>0</ProductReferenceRank></ProductReference><ProductReference ProductReferenceType="Performer"><CTN>QP6520/97</CTN><ProductReferenceRank>0</ProductReferenceRank></ProductReference><ProductReference ProductReferenceType="Performer"><CTN>QP6610/16</CTN><ProductReferenceRank>0</ProductReferenceRank></ProductReference><ProductReference ProductReferenceType="Performer"><CTN>QP6610/20</CTN><ProductReferenceRank>0</ProductReferenceRank></ProductReference><ProductReference ProductReferenceType="Performer"><CTN>QP6620/20</CTN><ProductReferenceRank>0</ProductReferenceRank></ProductReference><ProductReference ProductReferenceType="Performer"><CTN>QP6620/30</CTN><ProductReferenceRank>0</ProductReferenceRank></ProductReference><ProductReference ProductReferenceType="Performer"><CTN>QP6620/64</CTN><ProductReferenceRank>0</ProductReferenceRank></ProductReference><ProductReference ProductReferenceType="Performer"><CTN>QP6620/72</CTN><ProductReferenceRank>0</ProductReferenceRank></ProductReference><RichTexts/></Product></Products>