<?xml version="1.0" encoding="UTF-8"?><Products xmlns:source="http://apache.org/cocoon/source/1.0" DocStatus="approved" DocTimeStamp="2018-10-24T11:59:13" DocType="PMT" DocVersion="xUCDM_product_external_CQ5_1_1_25"><Product Country="US" IsAccessory="false" IsMaster="false" Locale="en_US" lastModified="2018-10-24T05:16:14" masterLastModified="2018-05-24T00:44:47"><CTN>SCF421/27</CTN><GTIN>00075020062222</GTIN><MarketingVersion>4.1.1</MarketingVersion><MarketingStatus>Final Published</MarketingStatus><CRDate>2016-02-26</CRDate><CRDateYW>201609</CRDateYW><ModelYears/><ProductDivision><ProductDivisionCode>0200</ProductDivisionCode><ProductDivisionName>Consumer Lifestyle</ProductDivisionName><FormerPDCode>0300</FormerPDCode></ProductDivision><ProductOwner>Mikhail Bruev</ProductOwner><DTN>SCF421/27</DTN><Assets><Asset code="SCF421_27" description="Single product shot" extension="" lastModified="2018-10-24" locale="en_US" number="" type="IMS">http://images.philips.com/is/image/PhilipsConsumer/SCF421_27-IMS-en_US</Asset><Asset code="SCF421_27" description="Product gallery image set" extension="" lastModified="2018-10-24" locale="en_US" number="" type="GAL">http://images.philips.com/is/image/PhilipsConsumer/SCF421_27-GAL-en_US</Asset><Asset code="SCF421_27" description="Product URL" extension="" lastModified="2018-10-24" locale="en_US" number="" type="URL">http://www.usa.philips.com/c-p/SCF421_27/avent-anti-colic-nipple</Asset></Assets><ProductName>2 pieces Newborn flow nipple 0m+ Anti-colic nipple</ProductName><NamingString><MasterBrand><BrandCode>PHI</BrandCode><BrandName>Philips</BrandName></MasterBrand><Partner><PartnerBrand><BrandCode>AVE</BrandCode><BrandName>Avent</BrandName></PartnerBrand><PartnerBrandType>MakersMark</PartnerBrandType></Partner><BrandString>Philips Avent</BrandString><Descriptor><DescriptorCode>D4028354</DescriptorCode><DescriptorName>Anti-colic nipple</DescriptorName></Descriptor><Alphanumeric>SCF421/27</Alphanumeric><VersionElement1><VersionElementCode>V4041000</VersionElementCode><VersionElementName>2 pieces</VersionElementName></VersionElement1><VersionElement3><VersionElementCode>V4005095</VersionElementCode><VersionElementName>Newborn flow nipple</VersionElementName></VersionElement3><VersionElement4><VersionElementCode>V4005487</VersionElementCode><VersionElementName>0m+</VersionElementName></VersionElement4><VersionString>2 pieces Newborn flow nipple 0m+</VersionString><BrandedFeatureString/><DescriptorBrandedFeatureString>Anti-colic nipple</DescriptorBrandedFeatureString></NamingString><WOW>Clinically proven to reduce colic and discomfort*</WOW><SubWOW>Designed to reduce gas</SubWOW><MarketingTextHeader>Our anti-colic nipple is part of the Airflex venting system, air is vented into the bottle and away from the baby’s tummy. The ribbed texture prevents nipple collapse and reduces feeding interruptions and discomfort.</MarketingTextHeader><KeyBenefitArea><KeyBenefitAreaCode>K4028862</KeyBenefitAreaCode><KeyBenefitAreaName>Clinically proven to reduce colic and discomfort*</KeyBenefitAreaName><KeyBenefitAreaRank>1</KeyBenefitAreaRank><Feature><FeatureCode>F400078962</FeatureCode><FeatureReferenceName>Less colic (Fox - Classic+)</FeatureReferenceName><FeatureName>Less colic</FeatureName><FeatureLongDescription>Anti-colic system proven to reduce colic*</FeatureLongDescription><FeatureGlossary>Our clinically proven Airflex venting system is designed to reduce gas and colic. As your baby feeds, the valve integrated into the nipple flexes to allow air into the bottle to prevent vacuum build up and vents it towards the back of the bottle. It keeps air in the bottle and away from baby’s tummy to help reduce gas, spit-up and burping.</FeatureGlossary><FeatureRank>1</FeatureRank><FeatureTopRank>1</FeatureTopRank></Feature><Feature><FeatureCode>F400078963</FeatureCode><FeatureReferenceName>Less fussing (Fox - Classic+)</FeatureReferenceName><FeatureName>Less fussing</FeatureName><FeatureLongDescription>60% less fussing at night*</FeatureLongDescription><FeatureGlossary>Philips Avent anti-colic bottle reduces fussing. Babies fed with Philips Avent antli-colic bottles experienced 60% less fussing at night, than babies fed with a leading competitor’s vented bottle. *</FeatureGlossary><FeatureRank>2</FeatureRank><FeatureTopRank>2</FeatureTopRank></Feature></KeyBenefitArea><KeyBenefitArea><KeyBenefitAreaCode>K4033221</KeyBenefitAreaCode><KeyBenefitAreaName>Uninterrupted feeding</KeyBenefitAreaName><KeyBenefitAreaRank>2</KeyBenefitAreaRank><Feature><FeatureCode>F400079307</FeatureCode><FeatureReferenceName>Uninterrupted feeding Niple (Fox - Classic+)</FeatureReferenceName><FeatureName>Uninterrupted feeding</FeatureName><FeatureLongDescription>Nipple shape and ribbed texture prevents collapse</FeatureLongDescription><FeatureGlossary>The nipple shape allows secure latch and the ribbed texture helps prevents collapse for uninterrupted, comfortable feeding.</FeatureGlossary><FeatureRank>1</FeatureRank><FeatureTopRank>3</FeatureTopRank></Feature><Feature><FeatureCode>F400078966</FeatureCode><FeatureReferenceName>Secure latch (Fox - Classic+)</FeatureReferenceName><FeatureName>Secure latch</FeatureName><FeatureLongDescription>Nipple shape designed for secure latch</FeatureLongDescription><FeatureRank>2</FeatureRank><FeatureTopRank>4</FeatureTopRank></Feature></KeyBenefitArea><KeyBenefitArea><KeyBenefitAreaCode>K4018674</KeyBenefitAreaCode><KeyBenefitAreaName>Other benefits</KeyBenefitAreaName><KeyBenefitAreaRank>3</KeyBenefitAreaRank><Feature><FeatureCode>F400078967</FeatureCode><FeatureReferenceName>Growing up with your baby (Fox - Classic+)</FeatureReferenceName><FeatureName>Growing up with your baby</FeatureName><FeatureLongDescription>Compatible range from breastfeeding to cup</FeatureLongDescription><FeatureGlossary>Mix and match our breast pump, bottle and cup parts, and create the product that works for you, when you need it!</FeatureGlossary><FeatureRank>1</FeatureRank><FeatureTopRank>5</FeatureTopRank></Feature><Feature><FeatureCode>F400079336</FeatureCode><FeatureReferenceName>Fits your baby's growing needs (Fox - Classic+)</FeatureReferenceName><FeatureName>Fits your baby's growing needs</FeatureName><FeatureLongDescription>Different nipple flow rates available</FeatureLongDescription><FeatureGlossary>The Philips Avent Anti-colic bottle range offers different nipple flow rates to keep up with your baby's growth. Remember that age indications are approximate as babies develop at different rates. All nipples are available in twin packs: Newborn, Slow, Medium, Fast and Variable Flow.</FeatureGlossary><FeatureRank>2</FeatureRank><FeatureTopRank>6</FeatureTopRank></Feature><Feature><FeatureCode>F400079161</FeatureCode><FeatureReferenceName>BPA free nipple (Fox - Classic+)</FeatureReferenceName><FeatureName>BPA free</FeatureName><FeatureLongDescription>This nipple is BPA free</FeatureLongDescription><FeatureGlossary>Philips Avent anti-colic nipple is made of BPA free material (silicone).</FeatureGlossary><FeatureRank>3</FeatureRank><FeatureTopRank>7</FeatureTopRank></Feature><Feature><FeatureCode>F400078972</FeatureCode><FeatureReferenceName>Compatible with Classic+ range (Fox - Classic+)</FeatureReferenceName><FeatureName>Compatible with Classic+ range</FeatureName><FeatureLongDescription>Full compatibility with Classic+ bottle range</FeatureLongDescription><FeatureRank>4</FeatureRank><FeatureTopRank>8</FeatureTopRank></Feature></KeyBenefitArea><FeatureImage><FeatureCode>F400078962</FeatureCode><FeatureReferenceName>Less colic (Fox - Classic+)</FeatureReferenceName><FeatureImageRank>1</FeatureImageRank></FeatureImage><FeatureImage><FeatureCode>F400078963</FeatureCode><FeatureReferenceName>Less fussing (Fox - Classic+)</FeatureReferenceName><FeatureImageRank>2</FeatureImageRank></FeatureImage><FeatureImage><FeatureCode>F400079307</FeatureCode><FeatureReferenceName>Uninterrupted feeding Niple (Fox - Classic+)</FeatureReferenceName><FeatureImageRank>3</FeatureImageRank></FeatureImage><FeatureImage><FeatureCode>F400078966</FeatureCode><FeatureReferenceName>Secure latch (Fox - Classic+)</FeatureReferenceName><FeatureImageRank>4</FeatureImageRank></FeatureImage><FeatureImage><FeatureCode>F400078967</FeatureCode><FeatureReferenceName>Growing up with your baby (Fox - Classic+)</FeatureReferenceName><FeatureImageRank>5</FeatureImageRank></FeatureImage><FeatureImage><FeatureCode>F400079336</FeatureCode><FeatureReferenceName>Fits your baby's growing needs (Fox - Classic+)</FeatureReferenceName><FeatureImageRank>6</FeatureImageRank></FeatureImage><FeatureImage><FeatureCode>F400079161</FeatureCode><FeatureReferenceName>BPA free nipple (Fox - Classic+)</FeatureReferenceName><FeatureImageRank>7</FeatureImageRank></FeatureImage><FeatureImage><FeatureCode>F400078972</FeatureCode><FeatureReferenceName>Compatible with Classic+ range (Fox - Classic+)</FeatureReferenceName><FeatureImageRank>8</FeatureImageRank></FeatureImage><FeatureHighlight><FeatureCode>F400078962</FeatureCode><FeatureReferenceName>Less colic (Fox - Classic+)</FeatureReferenceName><FeatureHighlightRank>1</FeatureHighlightRank></FeatureHighlight><FeatureHighlight><FeatureCode>F400078963</FeatureCode><FeatureReferenceName>Less fussing (Fox - Classic+)</FeatureReferenceName><FeatureHighlightRank>2</FeatureHighlightRank></FeatureHighlight><FeatureHighlight><FeatureCode>F400079307</FeatureCode><FeatureReferenceName>Uninterrupted feeding Niple (Fox - Classic+)</FeatureReferenceName><FeatureHighlightRank>3</FeatureHighlightRank></FeatureHighlight><FeatureHighlight><FeatureCode>F400078966</FeatureCode><FeatureReferenceName>Secure latch (Fox - Classic+)</FeatureReferenceName><FeatureHighlightRank>4</FeatureHighlightRank></FeatureHighlight><FeatureHighlight><FeatureCode>F400078967</FeatureCode><FeatureReferenceName>Growing up with your baby (Fox - Classic+)</FeatureReferenceName><FeatureHighlightRank>5</FeatureHighlightRank></FeatureHighlight><FeatureHighlight><FeatureCode>F400079336</FeatureCode><FeatureReferenceName>Fits your baby's growing needs (Fox - Classic+)</FeatureReferenceName><FeatureHighlightRank>6</FeatureHighlightRank></FeatureHighlight><FeatureHighlight><FeatureCode>F400079161</FeatureCode><FeatureReferenceName>BPA free nipple (Fox - Classic+)</FeatureReferenceName><FeatureHighlightRank>7</FeatureHighlightRank></FeatureHighlight><FeatureHighlight><FeatureCode>F400078972</FeatureCode><FeatureReferenceName>Compatible with Classic+ range (Fox - Classic+)</FeatureReferenceName><FeatureHighlightRank>8</FeatureHighlightRank></FeatureHighlight><CSChapter><CSChapterCode>CHA_0000021</CSChapterCode><CSChapterName>Country of origin</CSChapterName><CSChapterRank>1</CSChapterRank><CSItem><CSItemCode>IT4025378</CSItemCode><CSItemName>United Kingdom</CSItemName><CSItemRank>1</CSItemRank><CSItemIsFreeFormat>1</CSItemIsFreeFormat><CSValue><CSValueCode>VA4058894</CSValueCode><CSValueName>Yes</CSValueName><CSValueRank>1</CSValueRank></CSValue></CSItem></CSChapter><CSChapter><CSChapterCode>CHA_0000098</CSChapterCode><CSChapterName>Material</CSChapterName><CSChapterRank>2</CSChapterRank><CSItem><CSItemCode>IT4022154</CSItemCode><CSItemName>Nipple</CSItemName><CSItemRank>1</CSItemRank><CSItemIsFreeFormat>0</CSItemIsFreeFormat><CSValue><CSValueCode>VA4052669</CSValueCode><CSValueName>Silicone</CSValueName><CSValueRank>8</CSValueRank></CSValue><CSValue><CSValueCode>VA4096667</CSValueCode><CSValueName>BPA free</CSValueName><CSValueRank>12</CSValueRank></CSValue></CSItem></CSChapter><CSChapter><CSChapterCode>CHA_0000106</CSChapterCode><CSChapterName>What is included</CSChapterName><CSChapterRank>3</CSChapterRank><CSItem><CSItemCode>IT4041572</CSItemCode><CSItemName>Nipple</CSItemName><CSItemRank>1</CSItemRank><CSItemIsFreeFormat>1</CSItemIsFreeFormat><CSValue><CSValueCode>VA4096532</CSValueCode><CSValueName>2</CSValueName><CSValueRank>1</CSValueRank></CSValue><UnitOfMeasure><UnitOfMeasureCode>4000023</UnitOfMeasureCode><UnitOfMeasureName>-Pieces</UnitOfMeasureName><UnitOfMeasureSymbol>pcs</UnitOfMeasureSymbol></UnitOfMeasure></CSItem></CSChapter><CSChapter><CSChapterCode>CH4001529</CSChapterCode><CSChapterName>Development stages</CSChapterName><CSChapterRank>4</CSChapterRank><CSItem><CSItemCode>IT4008016</CSItemCode><CSItemName>Stages</CSItemName><CSItemRank>1</CSItemRank><CSItemIsFreeFormat>0</CSItemIsFreeFormat><CSValue><CSValueCode>VA4020048</CSValueCode><CSValueName>0-6 months</CSValueName><CSValueRank>7</CSValueRank></CSValue></CSItem></CSChapter><CSChapter><CSChapterCode>CH4001528</CSChapterCode><CSChapterName>Functions</CSChapterName><CSChapterRank>5</CSChapterRank><CSItem><CSItemCode>IT4041571</CSItemCode><CSItemName>Anti-colic valve</CSItemName><CSItemRank>1</CSItemRank><CSItemIsFreeFormat>1</CSItemIsFreeFormat><CSValue><CSValueCode>VA4096525</CSValueCode><CSValueName>Helps to reduce air ingestion (it fits Airflex venting system)</CSValueName><CSValueRank>1</CSValueRank></CSValue></CSItem><CSItem><CSItemCode>IT4041570</CSItemCode><CSItemName>Nipple</CSItemName><CSItemRank>2</CSItemRank><CSItemIsFreeFormat>1</CSItemIsFreeFormat><CSValue><CSValueCode>VA4096524</CSValueCode><CSValueName>Easy latch on, Ribbed texture prevents nipple collapse, Proven anti-colic system</CSValueName><CSValueRank>1</CSValueRank></CSValue></CSItem><CSItem><CSItemCode>IT4025959</CSItemCode><CSItemName>Ease of use</CSItemName><CSItemRank>3</CSItemRank><CSItemIsFreeFormat>0</CSItemIsFreeFormat><CSValue><CSValueCode>VA4082853</CSValueCode><CSValueName>easy to clean and assemble</CSValueName><CSValueRank>1</CSValueRank></CSValue><CSValue><CSValueCode>VA4082852</CSValueCode><CSValueName>leak-free</CSValueName><CSValueRank>9</CSValueRank></CSValue></CSItem><CSItem><CSItemCode>IT4041699</CSItemCode><CSItemName>Compatibility</CSItemName><CSItemRank>4</CSItemRank><CSItemIsFreeFormat>0</CSItemIsFreeFormat><CSValue><CSValueCode>VA4096669</CSValueCode><CSValueName>Full Classic+ compatibility</CSValueName><CSValueRank>2</CSValueRank></CSValue></CSItem></CSChapter><CSChapter><CSChapterCode>CH4001526</CSChapterCode><CSChapterName>Nipple</CSChapterName><CSChapterRank>7</CSChapterRank><CSItem><CSItemCode>IT4008007</CSItemCode><CSItemName>Flow speed</CSItemName><CSItemRank>1</CSItemRank><CSItemIsFreeFormat>0</CSItemIsFreeFormat><CSValue><CSValueCode>VA4020020</CSValueCode><CSValueName>Newborn flow</CSValueName><CSValueRank>11</CSValueRank></CSValue></CSItem></CSChapter><Filters><Purpose type="Comparison"><Features><Feature code="F400078962" rank="1" referenceName="Less colic (Fox - Classic+)"/><Feature code="F400078963" rank="2" referenceName="Less fussing (Fox - Classic+)"/><Feature code="F400079307" rank="3" referenceName="Uninterrupted feeding Niple (Fox - Classic+)"/><Feature code="F400078966" rank="4" referenceName="Secure latch (Fox - Classic+)"/><Feature code="F400078967" rank="5" referenceName="Growing up with your baby (Fox - Classic+)"/><Feature code="F400079336" rank="6" referenceName="Fits your baby's growing needs (Fox - Classic+)"/><Feature code="F400079161" rank="7" referenceName="BPA free nipple (Fox - Classic+)"/><Feature code="F400078972" rank="8" referenceName="Compatible with Classic+ range (Fox - Classic+)"/></Features><CSItems><CSItem code="IT4008007" rank="1" referenceName="Nipple - Flow speed"/><CSItem code="IT4008016" rank="1" referenceName="Development stages - Stages"/><CSItem code="IT4022154" rank="1" referenceName="Material - Nipple"/><CSItem code="IT4025378" rank="1" referenceName="Country of origin - United Kingdom"/><CSItem code="IT4041571" rank="1" referenceName="Functions - Anti-colic valve"/><CSItem code="IT4041572" rank="1" referenceName="What is included - Nipple"/><CSItem code="IT4041570" rank="2" referenceName="Functions - Nipple"/><CSItem code="IT4025959" rank="3" referenceName="Functions - Ease of use"/><CSItem code="IT4041699" rank="4" referenceName="Functions - Compatibility"/></CSItems></Purpose><Purpose type="Detail"><Features><Feature code="F400078962" rank="1" referenceName="Less colic (Fox - Classic+)"/><Feature code="F400078963" rank="2" referenceName="Less fussing (Fox - Classic+)"/><Feature code="F400079307" rank="3" referenceName="Uninterrupted feeding Niple (Fox - Classic+)"/><Feature code="F400078966" rank="4" referenceName="Secure latch (Fox - Classic+)"/><Feature code="F400078967" rank="5" referenceName="Growing up with your baby (Fox - Classic+)"/><Feature code="F400079336" rank="6" referenceName="Fits your baby's growing needs (Fox - Classic+)"/><Feature code="F400079161" rank="7" referenceName="BPA free nipple (Fox - Classic+)"/><Feature code="F400078972" rank="8" referenceName="Compatible with Classic+ range (Fox - Classic+)"/></Features><CSItems><CSItem code="IT4008007" rank="1" referenceName="Nipple - Flow speed"/><CSItem code="IT4008016" rank="1" referenceName="Development stages - Stages"/><CSItem code="IT4022154" rank="1" referenceName="Material - Nipple"/><CSItem code="IT4025378" rank="1" referenceName="Country of origin - United Kingdom"/><CSItem code="IT4041571" rank="1" referenceName="Functions - Anti-colic valve"/><CSItem code="IT4041572" rank="1" referenceName="What is included - Nipple"/><CSItem code="IT4041570" rank="2" referenceName="Functions - Nipple"/><CSItem code="IT4025959" rank="3" referenceName="Functions - Ease of use"/><CSItem code="IT4041699" rank="4" referenceName="Functions - Compatibility"/></CSItems></Purpose></Filters><FeatureCompareGroups/><Disclaimers><Disclaimer code="DIS40010400" rank="1" referenceName="Fox - Classic+ 1"><DisclaimerText>At 2 weeks of age, babies fed with a Philips Avent bottle showed less colic, and significantly less fussing at night compared to babies fed with another competitor bottle.</DisclaimerText><DisclaimElements/></Disclaimer><Disclaimer code="DIS40010401" rank="2" referenceName="Fox - Classic+ 2"><DisclaimerText>Nipple design proven to prevent nipple collapse and associated air ingestion and feeding interruptions.</DisclaimerText><DisclaimElements/></Disclaimer><Disclaimer code="DIS40010403" rank="3" referenceName="Fox - Classic+ 3"><DisclaimerText>What colic is, and how it affects babies? Colic is caused in part by swallowing air while feeding, which creates discomfort in a baby’s digestive system. Symptoms include crying, fussing, gassiness and spit-up.</DisclaimerText><DisclaimElements/></Disclaimer></Disclaimers><KeyValuePairs><KeyValuePair><Key>FdaFlag</Key><Value>false</Value><Type>String</Type></KeyValuePair><KeyValuePair><Key>GrantGroup</Key><Value>PHILIPS</Value><Type>String</Type></KeyValuePair><KeyValuePair><Key>IT4034012</Key><Value>VA4094239</Value><Type>String</Type></KeyValuePair><KeyValuePair><Key>IT4042509</Key><Value>VA4098192</Value><Type>String</Type></KeyValuePair><KeyValuePair><Key>IT4042719</Key><Value>VA4098675</Value><Type>String</Type></KeyValuePair><KeyValuePair><Key>IT4042720</Key><Value>VA4098696</Value><Type>String</Type></KeyValuePair><KeyValuePair><Key>IT4042724</Key><Value>VA4098685</Value><Type>String</Type></KeyValuePair><KeyValuePair><Key>IT4042725</Key><Value>VA4098692</Value><Type>String</Type></KeyValuePair><KeyValuePair><Key>IT4042726</Key><Value>VA4098694</Value><Type>String</Type></KeyValuePair></KeyValuePairs><ProductClusters/><ProductRefs/><RichTexts/><GreenData><GreenAwards/><EnergyLabel/></GreenData></Product></Products>