<?xml version="1.0" encoding="UTF-8"?><Products xmlns:source="http://apache.org/cocoon/source/1.0" DocStatus="approved" DocTimeStamp="2018-10-24T11:59:13" DocType="PMT" DocVersion="xUCDM_product_external_CQ5_1_1_25"><Product Country="US" IsAccessory="false" IsMaster="false" Locale="en_US" lastModified="2018-10-24T05:16:14" masterLastModified="2018-10-24T00:35:00"><CTN>S3552/89</CTN><GTIN/><MarketingVersion>5.0.1</MarketingVersion><MarketingStatus>Final Published</MarketingStatus><CRDate>2018-08-03</CRDate><CRDateYW>201831</CRDateYW><ModelYears/><ProductDivision><ProductDivisionCode>0200</ProductDivisionCode><ProductDivisionName>Consumer Lifestyle</ProductDivisionName><FormerPDCode>0300</FormerPDCode></ProductDivision><ProductOwner>Aymen Mnif</ProductOwner><DTN>S3552/89</DTN><Assets><Asset code="S3552_89" description="Single product shot" extension="" lastModified="2018-10-24" locale="en_US" number="" type="IMS">http://images.philips.com/is/image/PhilipsConsumer/S3552_89-IMS-en_US</Asset><Asset code="S3552_89" description="Product gallery image set" extension="" lastModified="2018-10-24" locale="en_US" number="" type="GAL">http://images.philips.com/is/image/PhilipsConsumer/S3552_89-GAL-en_US</Asset><Asset code="S3552_89" description="Product URL" extension="" lastModified="2018-10-24" locale="en_US" number="" type="URL">http://www.usa.philips.com/c-p/S3552_89/shaver-heritage-edition-dry-electric-shaver</Asset></Assets><ProductName>ComfortCut Blade System Dry electric shaver</ProductName><NamingString><MasterBrand><BrandCode>PHI</BrandCode><BrandName>Philips</BrandName></MasterBrand><BrandString>Philips</BrandString><Family><FamilyCode>SB40010233</FamilyCode><FamilyName>Shaver Heritage Edition</FamilyName><FamilyNameUsed>1</FamilyNameUsed></Family><Descriptor><DescriptorCode>D4014045</DescriptorCode><DescriptorName>Dry electric shaver</DescriptorName></Descriptor><Alphanumeric>S3552/89</Alphanumeric><VersionElement1><VersionElementCode>V4026424</VersionElementCode><VersionElementName>ComfortCut Blade System</VersionElementName></VersionElement1><VersionElement2><VersionElementCode>V4040318</VersionElementCode><VersionElementName>4-direction Flex Heads</VersionElementName></VersionElement2><VersionElement3><VersionElementCode>V4045400</VersionElementCode><VersionElementName>Click-on Stubble Cap</VersionElementName></VersionElement3><VersionElement4><VersionElementCode>V4021366</VersionElementCode><VersionElementName>Pop-up trimmer</VersionElementName></VersionElement4><VersionString>ComfortCut Blade System 4-direction Flex Heads Click-on Stubble Cap Pop-up trimmer</VersionString><BrandedFeatureString/><DescriptorBrandedFeatureString>Dry electric shaver</DescriptorBrandedFeatureString></NamingString><WOW>Remarkable. Revolutionary. Rotary.</WOW><SubWOW>Comfortably close</SubWOW><MarketingTextHeader>In 1939, Philips changed the way men shave. We continued to innovate and today the special edition Philishave celebrates our story by combining the modern-day technology of our most enduring contemporary shaver.</MarketingTextHeader><KeyBenefitArea><KeyBenefitAreaCode>K4026734</KeyBenefitAreaCode><KeyBenefitAreaName>A comfortable shave</KeyBenefitAreaName><KeyBenefitAreaRank>1</KeyBenefitAreaRank><Feature><FeatureCode>F400074467</FeatureCode><FeatureReferenceName>ComfortCut Blade System (S3000 dry)</FeatureReferenceName><FeatureName>ComfortCut Blade System</FeatureName><FeatureLongDescription>Rounded edges move smoothly over skin for a protective shave</FeatureLongDescription><FeatureGlossary>Get a comfortable dry shave. Our ComfortCut Blade System with rounded profile heads glide smoothly across your skin while protecting it from nicks and cuts.</FeatureGlossary><FeatureRank>1</FeatureRank><FeatureTopRank>8</FeatureTopRank></Feature></KeyBenefitArea><KeyBenefitArea><KeyBenefitAreaCode>KBA_0000028</KeyBenefitAreaCode><KeyBenefitAreaName>Adjusts to every curve of your face and neck</KeyBenefitAreaName><KeyBenefitAreaRank>2</KeyBenefitAreaRank><Feature><FeatureCode>F400074461_S3552_89</FeatureCode><FeatureReferenceName>4-direction Flex Heads (S3000)</FeatureReferenceName><FeatureName>4-direction Flex Heads</FeatureName><FeatureLongDescription>Heads flex in 4 directions to easily shave every curve</FeatureLongDescription><FeatureGlossary>Flex heads with 4 independent movements adjust to every curve of your face, giving you an easy shave even on the neck and jaw line.</FeatureGlossary><FeatureRank>1</FeatureRank><FeatureTopRank>1</FeatureTopRank></Feature></KeyBenefitArea><KeyBenefitArea><KeyBenefitAreaCode>K300000216</KeyBenefitAreaCode><KeyBenefitAreaName>Easy to use</KeyBenefitAreaName><KeyBenefitAreaRank>3</KeyBenefitAreaRank><Feature><FeatureCode>F400074473_S3552_89</FeatureCode><FeatureReferenceName>Li-ion power (S3000)</FeatureReferenceName><FeatureName>Li-ion power</FeatureName><FeatureLongDescription>Consistent maximum power year after year</FeatureLongDescription><FeatureGlossary>Shave longer with every charge. Your shaver will keep going just as strong for years, thanks to our powerful and efficient lithium-ion battery.</FeatureGlossary><FeatureRank>1</FeatureRank><FeatureTopRank>2</FeatureTopRank></Feature><Feature><FeatureCode>F400088404_S3552_89</FeatureCode><FeatureReferenceName>60 minutes of cordless shaving (Philishave S3000)</FeatureReferenceName><FeatureName>60 minutes of cordless shaving</FeatureName><FeatureLongDescription>60 minutes of cordless shaving one-hour charge</FeatureLongDescription><FeatureGlossary>You'll have 60 minutes of running time - that's about 20 shaves - on a one-hour charge. Or choose to shave with the device plugged in.</FeatureGlossary><FeatureRank>2</FeatureRank><FeatureTopRank>3</FeatureTopRank></Feature><Feature><FeatureCode>F400072080_S3552_89</FeatureCode><FeatureReferenceName>One touch open (S5000 Philishave S3000)</FeatureReferenceName><FeatureName>One touch open</FeatureName><FeatureLongDescription>Shaver can be rinsed clean under the tap</FeatureLongDescription><FeatureGlossary>Simply pop the heads open, and rinse thoroughly under the tap.</FeatureGlossary><FeatureRank>3</FeatureRank><FeatureTopRank>4</FeatureTopRank></Feature><Feature><FeatureCode>F400075638_S3552_89</FeatureCode><FeatureReferenceName>Corded and Cordless use (S3000 Philishave)</FeatureReferenceName><FeatureName>Corded and Cordless use</FeatureName><FeatureLongDescription>Can be used corded and cordless</FeatureLongDescription><FeatureGlossary>This shaver is designed to work either plugged in or cordless. Use the cord in order to shave while charging. Or shave cordlessly when the shaver is charged.</FeatureGlossary><FeatureRank>4</FeatureRank><FeatureTopRank>5</FeatureTopRank></Feature></KeyBenefitArea><KeyBenefitArea><KeyBenefitAreaCode>K4028096</KeyBenefitAreaCode><KeyBenefitAreaName>Get the most out of your shaver</KeyBenefitAreaName><KeyBenefitAreaRank>4</KeyBenefitAreaRank><Feature><FeatureCode>F400088405_S3552_89</FeatureCode><FeatureReferenceName>Pop-up trimmer (Philishave S3000)</FeatureReferenceName><FeatureName>Pop-up trimmer</FeatureName><FeatureLongDescription>Complete your look by using the pop-up trimmer</FeatureLongDescription><FeatureGlossary>Complete your look using the pop-up trimmer. Perfect for maintaining a mustache and trimming sideburns.</FeatureGlossary><FeatureRank>1</FeatureRank><FeatureTopRank>6</FeatureTopRank></Feature></KeyBenefitArea><FeatureImage><FeatureCode>F400074461_S3552_89</FeatureCode><FeatureReferenceName>4-direction Flex Heads (S3000)</FeatureReferenceName><FeatureImageRank>1</FeatureImageRank></FeatureImage><FeatureImage><FeatureCode>F400074473_S3552_89</FeatureCode><FeatureReferenceName>Li-ion power (S3000)</FeatureReferenceName><FeatureImageRank>2</FeatureImageRank></FeatureImage><FeatureImage><FeatureCode>F400088404_S3552_89</FeatureCode><FeatureReferenceName>60 minutes of cordless shaving (Philishave S3000)</FeatureReferenceName><FeatureImageRank>3</FeatureImageRank></FeatureImage><FeatureImage><FeatureCode>F400072080_S3552_89</FeatureCode><FeatureReferenceName>One touch open (S5000 Philishave S3000)</FeatureReferenceName><FeatureImageRank>4</FeatureImageRank></FeatureImage><FeatureImage><FeatureCode>F400075638_S3552_89</FeatureCode><FeatureReferenceName>Corded and Cordless use (S3000 Philishave)</FeatureReferenceName><FeatureImageRank>5</FeatureImageRank></FeatureImage><FeatureImage><FeatureCode>F400088405_S3552_89</FeatureCode><FeatureReferenceName>Pop-up trimmer (Philishave S3000)</FeatureReferenceName><FeatureImageRank>6</FeatureImageRank></FeatureImage><FeatureImage><FeatureCode>F400074467</FeatureCode><FeatureReferenceName>ComfortCut Blade System (S3000 dry)</FeatureReferenceName><FeatureImageRank>8</FeatureImageRank></FeatureImage><FeatureHighlight><FeatureCode>F400074461_S3552_89</FeatureCode><FeatureReferenceName>4-direction Flex Heads (S3000)</FeatureReferenceName><FeatureHighlightRank>1</FeatureHighlightRank></FeatureHighlight><FeatureHighlight><FeatureCode>F400074473_S3552_89</FeatureCode><FeatureReferenceName>Li-ion power (S3000)</FeatureReferenceName><FeatureHighlightRank>2</FeatureHighlightRank></FeatureHighlight><FeatureHighlight><FeatureCode>F400088404_S3552_89</FeatureCode><FeatureReferenceName>60 minutes of cordless shaving (Philishave S3000)</FeatureReferenceName><FeatureHighlightRank>3</FeatureHighlightRank></FeatureHighlight><FeatureHighlight><FeatureCode>F400072080_S3552_89</FeatureCode><FeatureReferenceName>One touch open (S5000 Philishave S3000)</FeatureReferenceName><FeatureHighlightRank>4</FeatureHighlightRank></FeatureHighlight><FeatureHighlight><FeatureCode>F400075638_S3552_89</FeatureCode><FeatureReferenceName>Corded and Cordless use (S3000 Philishave)</FeatureReferenceName><FeatureHighlightRank>5</FeatureHighlightRank></FeatureHighlight><FeatureHighlight><FeatureCode>F400088405_S3552_89</FeatureCode><FeatureReferenceName>Pop-up trimmer (Philishave S3000)</FeatureReferenceName><FeatureHighlightRank>6</FeatureHighlightRank></FeatureHighlight><FeatureHighlight><FeatureCode>F400074467</FeatureCode><FeatureReferenceName>ComfortCut Blade System (S3000 dry)</FeatureReferenceName><FeatureHighlightRank>8</FeatureHighlightRank></FeatureHighlight><CSChapter><CSChapterCode>CH4001523</CSChapterCode><CSChapterName>Shaving Performance</CSChapterName><CSChapterRank>1</CSChapterRank><CSItem><CSItemCode>IT4007976</CSItemCode><CSItemName>Shaving system</CSItemName><CSItemRank>1</CSItemRank><CSItemIsFreeFormat>0</CSItemIsFreeFormat><CSValue><CSValueCode>VA4059073</CSValueCode><CSValueName>ComfortCut Blade System</CSValueName><CSValueRank>20</CSValueRank></CSValue></CSItem><CSItem><CSItemCode>IT4007977</CSItemCode><CSItemName>Contour following</CSItemName><CSItemRank>2</CSItemRank><CSItemIsFreeFormat>0</CSItemIsFreeFormat><CSValue><CSValueCode>VA4096955</CSValueCode><CSValueName>4-direction Flex Heads</CSValueName><CSValueRank>19</CSValueRank></CSValue></CSItem></CSChapter><CSChapter><CSChapterCode>3000815</CSChapterCode><CSChapterName>Accessories</CSChapterName><CSChapterRank>2</CSChapterRank><CSItem><CSItemCode>IT4007992</CSItemCode><CSItemName>Maintenance</CSItemName><CSItemRank>1</CSItemRank><CSItemIsFreeFormat>0</CSItemIsFreeFormat><CSValue><CSValueCode>VA4019996</CSValueCode><CSValueName>Protective cap</CSValueName><CSValueRank>12</CSValueRank></CSValue></CSItem><CSItem><CSItemCode>IT4007991</CSItemCode><CSItemName>Pouch</CSItemName><CSItemRank>2</CSItemRank><CSItemIsFreeFormat>0</CSItemIsFreeFormat><CSValue><CSValueCode>VA4019993</CSValueCode><CSValueName>Soft pouch</CSValueName><CSValueRank>21</CSValueRank></CSValue></CSItem></CSChapter><CSChapter><CSChapterCode>CH4001524</CSChapterCode><CSChapterName>Ease of use</CSChapterName><CSChapterRank>3</CSChapterRank><CSItem><CSItemCode>IT4007980</CSItemCode><CSItemName>Display</CSItemName><CSItemRank>1</CSItemRank><CSItemIsFreeFormat>0</CSItemIsFreeFormat><CSValue><CSValueCode>VA4019961</CSValueCode><CSValueName>Battery low indicator</CSValueName><CSValueRank>23</CSValueRank></CSValue></CSItem><CSItem><CSItemCode>IT4027494</CSItemCode><CSItemName>Operation</CSItemName><CSItemRank>2</CSItemRank><CSItemIsFreeFormat>0</CSItemIsFreeFormat><CSValue><CSValueCode>VA4068070</CSValueCode><CSValueName>Corded &amp; Cordless use</CSValueName><CSValueRank>8</CSValueRank></CSValue></CSItem><CSItem><CSItemCode>IT4007985</CSItemCode><CSItemName>Cleaning</CSItemName><CSItemRank>3</CSItemRank><CSItemIsFreeFormat>0</CSItemIsFreeFormat><CSValue><CSValueCode>VA4063376</CSValueCode><CSValueName>Fully washable</CSValueName><CSValueRank>4</CSValueRank></CSValue></CSItem></CSChapter><CSChapter><CSChapterCode>3001096</CSChapterCode><CSChapterName>Design</CSChapterName><CSChapterRank>4</CSChapterRank><CSItem><CSItemCode>S_0000001</CSItemCode><CSItemName>Color</CSItemName><CSItemRank>1</CSItemRank><CSItemIsFreeFormat>1</CSItemIsFreeFormat><CSValue><CSValueCode>VA4007102</CSValueCode><CSValueName>Misty Dawn</CSValueName><CSValueRank>1</CSValueRank></CSValue></CSItem><CSItem><CSItemCode>IT4008709</CSItemCode><CSItemName>Handle</CSItemName><CSItemRank>2</CSItemRank><CSItemIsFreeFormat>0</CSItemIsFreeFormat><CSValue><CSValueCode>VA4076321</CSValueCode><CSValueName>Ergonomic grip &amp; handling</CSValueName><CSValueRank>3</CSValueRank></CSValue></CSItem></CSChapter><CSChapter><CSChapterCode>3000821</CSChapterCode><CSChapterName>Power</CSChapterName><CSChapterRank>5</CSChapterRank><CSItem><CSItemCode>3006920</CSItemCode><CSItemName>Battery Type</CSItemName><CSItemRank>1</CSItemRank><CSItemIsFreeFormat>0</CSItemIsFreeFormat><CSValue><CSValueCode>3033275</CSValueCode><CSValueName>Lithium-ion</CSValueName><CSValueRank>6</CSValueRank></CSValue></CSItem><CSItem><CSItemCode>IT4015297</CSItemCode><CSItemName>Automatic voltage</CSItemName><CSItemRank>2</CSItemRank><CSItemIsFreeFormat>0</CSItemIsFreeFormat><CSValue><CSValueCode>VA4030670</CSValueCode><CSValueName>100-240 V</CSValueName><CSValueRank>1</CSValueRank></CSValue></CSItem><CSItem><CSItemCode>IT4015298</CSItemCode><CSItemName>Run time</CSItemName><CSItemRank>3</CSItemRank><CSItemIsFreeFormat>0</CSItemIsFreeFormat><CSValue><CSValueCode>VA4095197</CSValueCode><CSValueName>60 min / 20 shaves</CSValueName><CSValueRank>24</CSValueRank></CSValue></CSItem><CSItem><CSItemCode>IT4032891</CSItemCode><CSItemName>Charging</CSItemName><CSItemRank>4</CSItemRank><CSItemIsFreeFormat>0</CSItemIsFreeFormat><CSValue><CSValueCode>VA4077304</CSValueCode><CSValueName>1 hour full charge</CSValueName><CSValueRank>2</CSValueRank></CSValue></CSItem><CSItem><CSItemCode>IT4009440</CSItemCode><CSItemName>Max power consumption</CSItemName><CSItemRank>5</CSItemRank><CSItemIsFreeFormat>0</CSItemIsFreeFormat><CSValue><CSValueCode>VA4076318</CSValueCode><CSValueName>9</CSValueName><CSValueRank>15</CSValueRank></CSValue><UnitOfMeasure><UnitOfMeasureCode>3000072</UnitOfMeasureCode><UnitOfMeasureName>watt</UnitOfMeasureName><UnitOfMeasureSymbol>W</UnitOfMeasureSymbol></UnitOfMeasure></CSItem><CSItem><CSItemCode>IT4009439</CSItemCode><CSItemName>Stand-by power</CSItemName><CSItemRank>6</CSItemRank><CSItemIsFreeFormat>0</CSItemIsFreeFormat><CSValue><CSValueCode>VA4076317</CSValueCode><CSValueName>0.1</CSValueName><CSValueRank>13</CSValueRank></CSValue><UnitOfMeasure><UnitOfMeasureCode>3000072</UnitOfMeasureCode><UnitOfMeasureName>watt</UnitOfMeasureName><UnitOfMeasureSymbol>W</UnitOfMeasureSymbol></UnitOfMeasure></CSItem></CSChapter><CSChapter><CSChapterCode>CHA_0000049</CSChapterCode><CSChapterName>Service</CSChapterName><CSChapterRank>6</CSChapterRank><CSItem><CSItemCode>IT4002813</CSItemCode><CSItemName>2-year guarantee</CSItemName><CSItemRank>1</CSItemRank><CSItemIsFreeFormat>0</CSItemIsFreeFormat><CSValue><CSValueCode>VA4011021</CSValueCode><CSValueName>Yes</CSValueName><CSValueRank>9</CSValueRank></CSValue></CSItem></CSChapter><Filters><Purpose type="Comparison"><Features><Feature code="F400074461_S3552_89" rank="1" referenceName="4-direction Flex Heads (S3000)"/><Feature code="F400074473_S3552_89" rank="2" referenceName="Li-ion power (S3000)"/><Feature code="F400088404_S3552_89" rank="3" referenceName="60 minutes of cordless shaving (Philishave S3000)"/><Feature code="F400072080_S3552_89" rank="4" referenceName="One touch open (S5000 Philishave S3000)"/><Feature code="F400075638_S3552_89" rank="5" referenceName="Corded and Cordless use (S3000 Philishave)"/><Feature code="F400088405_S3552_89" rank="6" referenceName="Pop-up trimmer (Philishave S3000)"/><Feature code="F400074467" rank="8" referenceName="ComfortCut Blade System (S3000 dry)"/></Features><CSItems><CSItem code="3006920" rank="1" referenceName="Power - Battery Type"/><CSItem code="IT4002813" rank="1" referenceName="Service - 2-year guarantee"/><CSItem code="IT4007976" rank="1" referenceName="Shaving Performance - Shaving system"/><CSItem code="IT4007980" rank="1" referenceName="Ease of use - Display"/><CSItem code="IT4007992" rank="1" referenceName="Accessories - Maintenance"/><CSItem code="S_0000001" rank="1" referenceName="Design - Color"/><CSItem code="IT4007977" rank="2" referenceName="Shaving Performance - Contour following"/><CSItem code="IT4007991" rank="2" referenceName="Accessories - Pouch"/><CSItem code="IT4008709" rank="2" referenceName="Design - Handle"/><CSItem code="IT4015297" rank="2" referenceName="Power - Automatic voltage"/><CSItem code="IT4027494" rank="2" referenceName="Ease of use - Operation"/><CSItem code="IT4007985" rank="3" referenceName="Ease of use - Cleaning"/><CSItem code="IT4015298" rank="3" referenceName="Power - Run time"/><CSItem code="IT4032891" rank="4" referenceName="Power - Charging"/><CSItem code="IT4009440" rank="5" referenceName="Power - Max power consumption"/><CSItem code="IT4009439" rank="6" referenceName="Power - Stand-by power"/></CSItems></Purpose><Purpose type="Detail"><Features><Feature code="F400074461_S3552_89" rank="1" referenceName="4-direction Flex Heads (S3000)"/><Feature code="F400074473_S3552_89" rank="2" referenceName="Li-ion power (S3000)"/><Feature code="F400088404_S3552_89" rank="3" referenceName="60 minutes of cordless shaving (Philishave S3000)"/><Feature code="F400072080_S3552_89" rank="4" referenceName="One touch open (S5000 Philishave S3000)"/><Feature code="F400075638_S3552_89" rank="5" referenceName="Corded and Cordless use (S3000 Philishave)"/><Feature code="F400088405_S3552_89" rank="6" referenceName="Pop-up trimmer (Philishave S3000)"/><Feature code="F400074467" rank="8" referenceName="ComfortCut Blade System (S3000 dry)"/></Features><CSItems><CSItem code="3006920" rank="1" referenceName="Power - Battery Type"/><CSItem code="IT4002813" rank="1" referenceName="Service - 2-year guarantee"/><CSItem code="IT4007976" rank="1" referenceName="Shaving Performance - Shaving system"/><CSItem code="IT4007980" rank="1" referenceName="Ease of use - Display"/><CSItem code="IT4007992" rank="1" referenceName="Accessories - Maintenance"/><CSItem code="S_0000001" rank="1" referenceName="Design - Color"/><CSItem code="IT4007977" rank="2" referenceName="Shaving Performance - Contour following"/><CSItem code="IT4007991" rank="2" referenceName="Accessories - Pouch"/><CSItem code="IT4008709" rank="2" referenceName="Design - Handle"/><CSItem code="IT4015297" rank="2" referenceName="Power - Automatic voltage"/><CSItem code="IT4027494" rank="2" referenceName="Ease of use - Operation"/><CSItem code="IT4007985" rank="3" referenceName="Ease of use - Cleaning"/><CSItem code="IT4015298" rank="3" referenceName="Power - Run time"/><CSItem code="IT4032891" rank="4" referenceName="Power - Charging"/><CSItem code="IT4009440" rank="5" referenceName="Power - Max power consumption"/><CSItem code="IT4009439" rank="6" referenceName="Power - Stand-by power"/></CSItems></Purpose><Purpose type="Discriminators"><Features/><CSItems><CSItem code="IT4007976" rank="1" referenceName="Shaving system"/><CSItem code="IT4007977" rank="2" referenceName="Contour following"/><CSItem code="IT4015298" rank="7" referenceName="Run time"/><CSItem code="IT4007985" rank="8" referenceName="Cleaning"/></CSItems></Purpose></Filters><FeatureCompareGroups/><Disclaimers/><KeyValuePairs><KeyValuePair><Key>FdaFlag</Key><Value>false</Value><Type>String</Type></KeyValuePair><KeyValuePair><Key>GrantGroup</Key><Value>PHILIPS</Value><Type>String</Type></KeyValuePair><KeyValuePair><Key>IT4018831</Key><Value>VA4094827</Value><Type>String</Type></KeyValuePair><KeyValuePair><Key>IT4018832</Key><Value>VA4042140</Value><Type>String</Type></KeyValuePair><KeyValuePair><Key>IT4018835</Key><Value>VA4042155</Value><Type>String</Type></KeyValuePair><KeyValuePair><Key>IT4030251</Key><Value>VA4069221</Value><Type>String</Type></KeyValuePair><KeyValuePair><Key>IT4040670</Key><Value>VA4094807</Value><Type>String</Type></KeyValuePair><KeyValuePair><Key>IT4040671</Key><Value>VA4094810</Value><Type>String</Type></KeyValuePair><KeyValuePair><Key>IT4040672</Key><Value>VA4094815</Value><Type>String</Type></KeyValuePair><KeyValuePair><Key>IT4040674</Key><Value>VA4094823</Value><Type>String</Type></KeyValuePair><KeyValuePair><Key>IT4040675</Key><Value>VA4094824</Value><Type>String</Type></KeyValuePair></KeyValuePairs><ProductClusters/><ProductRefs><ProductReference ProductReferenceType="Accessory"><CTN>HQ110/01</CTN><CTN>HQ110/02</CTN><CTN>HQ110/42</CTN><CTN>SH30/50</CTN><CTN>SH30/51</CTN><CTN>SH30/52</CTN><CTN>SH30/53</CTN></ProductReference></ProductRefs><RichTexts/><GreenData><GreenAwards/><EnergyLabel/></GreenData></Product></Products>