<?xml version="1.0" encoding="UTF-8"?><Products xmlns:source="http://apache.org/cocoon/source/1.0" DocStatus="approved" DocTimeStamp="2018-10-23T10:43:36"><Product Country="GB" IsAccessory="false" IsLocalized="true" IsMaster="false" Locale="en_GB" lastModified="2018-10-23T04:30:06" masterLastModified="2018-03-08T01:09:25"><CTN>8718696766644</CTN><Code12NC>929001815601</Code12NC><GTIN>8718696766644</GTIN><MarketingVersion>2.0.2</MarketingVersion><MarketingStatus>Final Published</MarketingStatus><CRDate>2017-01-06</CRDate><CRDateYW>201701</CRDateYW><ModelYears><ModelYear>2017</ModelYear></ModelYears><ProductDivision><ProductDivisionCode>0100</ProductDivisionCode><ProductDivisionName>Lighting</ProductDivisionName><FormerPDCode>0100</FormerPDCode></ProductDivision><ProductOwner>Mellissa van Heest - Cooijman</ProductOwner><DTN>8718696766644</DTN><Catalog><StartOfPublication>2017-02-06T00:00:00</StartOfPublication><EndOfPublication>2020-02-06T00:00:00</EndOfPublication><StartOfSales>2017-02-06T00:00:00</StartOfSales><EndOfSales>2020-02-06T00:00:00</EndOfSales><DummyPrice/><Deleted>false</Deleted><DeleteAfterDate/><ProductRank>50</ProductRank></Catalog><FinancialCategorization><BusinessGroupCode>9240</BusinessGroupCode><BusinessGroupName>LED</BusinessGroupName><BusinessUnitCode>0118</BusinessUnitCode><BusinessUnitName>LED Lamps</BusinessUnitName><MainArticleGroupCode>L70</MainArticleGroupCode><MainArticleGroupName>LED Candle &amp; Lustre</MainArticleGroupName><ArticleGroupCode>3946</ArticleGroupCode><ArticleGroupName>Candles &amp; Lustres - Glass</ArticleGroupName></FinancialCategorization><Categorization type="CONSUMER"><GroupCode>LIGHTING_GR</GroupCode><GroupName>Lighting</GroupName><CategoryCode>CHOOSE_A_BULB_CA</CategoryCode><CategoryName>Choose a bulb</CategoryName><SubcategoryCode>STANDARD_BULB_SU</SubcategoryCode><SubcategoryName>Bulb</SubcategoryName></Categorization><Assets><Asset code="8718696766644" description="Leaflet" extension="pdf" lastModified="2018-03-14" locale="en_GB" number="001" type="PSS">http://download.p4c.philips.com/files/8/8718696766644/8718696766644_pss_enggb.pdf</Asset><Asset code="8718696766644" description="Retail Trade Leaflet" extension="pdf" lastModified="2018-10-05" locale="en_GB" number="001" type="RTL">http://download.p4c.philips.com/files/8/8718696766644/8718696766644_rtl_enggb.pdf</Asset><Asset code="8718696766644" description="Emotional Benefit 1 - highres 2196x1795" extension="tif" lastModified="2018-03-09" locale="global" number="001" type="E1P">http://images.philips.com/is/image/PhilipsConsumer/8718696766644-E1P-global-001</Asset><Asset code="8718696766644" description="Europeen Energy Label" extension="pdf" lastModified="2017-10-18" locale="global" number="001" type="EEL">http://download.p4c.philips.com/files/8/8718696766644/8718696766644_eel_.pdf</Asset><Asset code="8718696766644" description="Packaging photograph - highres 1447x756" extension="tif" lastModified="2017-10-09" locale="global" number="001" type="PID">http://images.philips.com/is/image/PhilipsConsumer/8718696766644-PID-global-001</Asset><Asset code="8718696766644" description="Packaging photograph - master" extension="tif" lastModified="2017-10-09" locale="global" number="001" type="PIM">http://download.p4c.philips.com/files/8/8718696766644/8718696766644_pim_.tif</Asset><Asset code="8718696766644" description="Packaging photograph - small 90x65" extension="jpg" lastModified="2017-10-09" locale="global" number="001" type="PIS">http://download.p4c.philips.com/files/8/8718696766644/8718696766644_pis_.jpg</Asset><Asset code="8718696766644" description="Leaflet" extension="pdf" lastModified="2018-10-03" locale="global" number="001" type="PSS">http://download.p4c.philips.com/files/8/8718696766644/8718696766644_pss_.pdf</Asset><Asset code="8718696766644" description="Standard product photograph - highres 2196x1795" extension="tif" lastModified="2017-10-11" locale="global" number="001" type="RTP">http://images.philips.com/is/image/PhilipsConsumer/8718696766644-RTP-global-001</Asset><Asset code="8718696766644" description="Product in use photograph - highres 2196x1795" extension="tif" lastModified="2018-03-27" locale="global" number="001" type="UPL">http://images.philips.com/is/image/PhilipsConsumer/8718696766644-UPL-global-001</Asset><Asset code="8718696766644" description="Single product shot" extension="" lastModified="2018-10-23" locale="en_GB" number="" type="IMS">http://images.philips.com/is/image/PhilipsConsumer/8718696766644-IMS-en_GB</Asset><Asset code="8718696766644" description="Product gallery image set" extension="" lastModified="2018-10-23" locale="en_GB" number="" type="GAL">http://images.philips.com/is/image/PhilipsConsumer/8718696766644-GAL-en_GB</Asset><Asset code="8718696766644" description="Product URL" extension="" lastModified="2018-10-23" locale="en_GB" number="" type="URL">http://www.philips.co.uk/c-p/8718696766644/led-candle</Asset><Asset code="F400082348" description="Feature photograph - highres 2100x1170" extension="tif" lastModified="2017-06-07" locale="global" number="001" type="FIL">http://images.philips.com/is/image/PhilipsConsumer/F400082348-FIL-global-001</Asset><Asset code="F400082355" description="Feature photograph - highres 2100x1170" extension="tif" lastModified="2017-06-07" locale="global" number="001" type="FIL">http://images.philips.com/is/image/PhilipsConsumer/F400082355-FIL-global-001</Asset><Asset code="F400082363" description="Feature photograph - highres 2100x1170" extension="tif" lastModified="2017-06-07" locale="global" number="001" type="FIL">http://images.philips.com/is/image/PhilipsConsumer/F400082363-FIL-global-001</Asset><Asset code="F400082384" description="Feature photograph - highres 2100x1170" extension="tif" lastModified="2017-06-07" locale="global" number="001" type="FIL">http://images.philips.com/is/image/PhilipsConsumer/F400082384-FIL-global-001</Asset><Asset code="F400082428" description="Feature logo - highres 331x213" extension="tif" lastModified="2017-07-03" locale="global" number="001" type="FLP">http://images.philips.com/is/image/PhilipsConsumer/F400082428-FLP-global-001</Asset><Asset code="F400082440" description="Feature photograph - highres 2100x1170" extension="tif" lastModified="2017-06-07" locale="global" number="001" type="FIL">http://images.philips.com/is/image/PhilipsConsumer/F400082440-FIL-global-001</Asset><Asset code="F400086860" description="Feature photograph - highres 2100x1170" extension="tif" lastModified="2018-06-08" locale="global" number="001" type="FIL">http://images.philips.com/is/image/PhilipsConsumer/F400086860-FIL-global-001</Asset><Asset code="PHI" description="Brand logo - highres 1476x886" extension="tif" lastModified="2016-02-18" locale="global" number="001" type="BRP">http://images.philips.com/is/image/PhilipsConsumer/PHI-BRP-global-001</Asset></Assets><ProductName>2 W (25 W) B22 Warm White Non-dimmable Candle</ProductName><FullProductName>Philips LED Candle 8718696766644 2 W (25 W) B22 Warm White Non-dimmable</FullProductName><NamingString><MasterBrand><BrandCode>PHI</BrandCode><BrandName>Philips</BrandName></MasterBrand><BrandString>Philips</BrandString><Family><FamilyCode>SB40002784</FamilyCode><FamilyName>LED</FamilyName><FamilyNameUsed>1</FamilyNameUsed></Family><Descriptor><DescriptorCode>D4006689</DescriptorCode><DescriptorName>Candle</DescriptorName></Descriptor><Alphanumeric>8718696766644</Alphanumeric><VersionElement1><VersionElementCode>V4042590</VersionElementCode><VersionElementName>2 W (25 W)</VersionElementName></VersionElement1><VersionElement2><VersionElementCode>D4011843</VersionElementCode><VersionElementName>B22</VersionElementName></VersionElement2><VersionElement3><VersionElementCode>V4008533</VersionElementCode><VersionElementName>Warm white</VersionElementName></VersionElement3><VersionElement4><VersionElementCode>V4038179</VersionElementCode><VersionElementName>Non-dimmable</VersionElementName></VersionElement4><VersionString>2 W (25 W) B22 Warm White Non-dimmable</VersionString><BrandedFeatureString/><DescriptorBrandedFeatureString>Candle</DescriptorBrandedFeatureString></NamingString><WOW>Designed to be seen</WOW><SubWOW>Looks good off and on</SubWOW><MarketingTextHeader>Familiar shapes you know and love. They use around 80% less energy than traditional light bulbs thanks to the latest LED energy-saving technology, and last ten times longer.</MarketingTextHeader><KeyBenefitArea><KeyBenefitAreaCode>K4034413</KeyBenefitAreaCode><KeyBenefitAreaName>Choose for the high-quality light</KeyBenefitAreaName><KeyBenefitAreaRank>1</KeyBenefitAreaRank><Feature><FeatureCode>F400082355</FeatureCode><FeatureReferenceName>2700K [LED lamps]</FeatureReferenceName><FeatureName>Incandescent-like warm white</FeatureName><FeatureLongDescription>True incandescent-like warm white light</FeatureLongDescription><FeatureGlossary>This bulb has a colour temperature of 2,700 K, providing you with a warm, tranquil atmosphere, perfect for relaxing. This 2,700 K light is ideal for home lighting design</FeatureGlossary><FeatureRank>2</FeatureRank><FeatureTopRank>1</FeatureTopRank></Feature><Feature><FeatureCode>F400082348</FeatureCode><FeatureReferenceName>Learn about light</FeatureReferenceName><FeatureName>Learn about light</FeatureName><FeatureLongDescription>Learn about light</FeatureLongDescription><FeatureGlossary>Colour temperature: light can have different colour temperatures, indicated in units called Kelvin (K). Bulbs with a low Kelvin value produce a warm, more tranquil light, while those with a higher Kelvin value produce a cool, more energising light. CRI: the colour rendering index (CRI) is used to describe the effect of a light source on colour appearance. Natural sunlight has a CRI of 100. The CRI of Philips LED light bulbs is always higher than 80, which ensures that colours are shown as true and natural.</FeatureGlossary><FeatureRank>6</FeatureRank><FeatureTopRank>8</FeatureTopRank></Feature></KeyBenefitArea><KeyBenefitArea><KeyBenefitAreaCode>K4034417</KeyBenefitAreaCode><KeyBenefitAreaName>Light beyond illumination</KeyBenefitAreaName><KeyBenefitAreaRank>2</KeyBenefitAreaRank><Feature><FeatureCode>F400082428</FeatureCode><FeatureReferenceName>LEDClassic / Filament 2</FeatureReferenceName><FeatureName>Vintage-style, modern LED</FeatureName><FeatureLongDescription>Vintage style, modern LED technology</FeatureLongDescription><FeatureGlossary>LED Classic bulbs are based on standard LED energy-saving technology. Now you can enjoy a retro-style bulb with state-of-the-art technology combined with vintage design.</FeatureGlossary><FeatureRank>5</FeatureRank><FeatureTopRank>2</FeatureTopRank></Feature></KeyBenefitArea><KeyBenefitArea><KeyBenefitAreaCode>K4034414</KeyBenefitAreaCode><KeyBenefitAreaName>Choose a simple replacement for your old bulbs</KeyBenefitAreaName><KeyBenefitAreaRank>3</KeyBenefitAreaRank><Feature><FeatureCode>F400082389</FeatureCode><FeatureReferenceName>Replaces standard incandescent</FeatureReferenceName><FeatureName>Replaces standard incandescents</FeatureName><FeatureLongDescription>Similar shape and size as standard incandescent bulbs</FeatureLongDescription><FeatureGlossary>With its beautiful design and familiar shape, this energy-saving LED bulb is the perfect sustainable replacement for traditional incandescent bulbs.</FeatureGlossary><FeatureRank>7</FeatureRank><FeatureTopRank>3</FeatureTopRank></Feature></KeyBenefitArea><KeyBenefitArea><KeyBenefitAreaCode>K4034415</KeyBenefitAreaCode><KeyBenefitAreaName>Choose for a sustainable solution</KeyBenefitAreaName><KeyBenefitAreaRank>4</KeyBenefitAreaRank><Feature><FeatureCode>F400082363</FeatureCode><FeatureReferenceName>15,000-hour rated average life</FeatureReferenceName><FeatureName>15,000-hour rated average life</FeatureName><FeatureLongDescription>Long-life bulbs – Last up to 15 years</FeatureLongDescription><FeatureGlossary>With a lifetime of up to 15,000 hours, you can reduce the hassle of frequently replacing your light bulbs, and enjoy a perfect lighting solution for over 15 years.</FeatureGlossary><FeatureRank>1</FeatureRank><FeatureTopRank>4</FeatureTopRank></Feature><Feature><FeatureCode>F400082440</FeatureCode><FeatureReferenceName>Saves up to 80% NRJ</FeatureReferenceName><FeatureName>Saves up to 80% energy</FeatureName><FeatureLongDescription>Better for your wallet and your planet</FeatureLongDescription><FeatureGlossary>LED technology saves up to 80% energy compared to your standard bulb. It therefore pays for itself and saves you money year after year. It also helps to protect the environment.</FeatureGlossary><FeatureRank>4</FeatureRank><FeatureTopRank>5</FeatureTopRank></Feature></KeyBenefitArea><KeyBenefitArea><KeyBenefitAreaCode>K4034416</KeyBenefitAreaCode><KeyBenefitAreaName>Create the right light for your home</KeyBenefitAreaName><KeyBenefitAreaRank>5</KeyBenefitAreaRank><Feature><FeatureCode>F400082384</FeatureCode><FeatureReferenceName>Candle [LED lamps]</FeatureReferenceName><FeatureName>Perfect for decorative fixtures</FeatureName><FeatureLongDescription>Perfect for decorative fixtures</FeatureLongDescription><FeatureGlossary>Modern lighting in Philips LED candles for use in decorative fixtures, such as in chandeliers, ceiling fans, vanity strips and post lights.</FeatureGlossary><FeatureRank>3</FeatureRank><FeatureTopRank>6</FeatureTopRank></Feature></KeyBenefitArea><FeatureImage><FeatureCode>F400082355</FeatureCode><FeatureReferenceName>2700K [LED lamps]</FeatureReferenceName><FeatureImageRank>1</FeatureImageRank></FeatureImage><FeatureImage><FeatureCode>F400082428</FeatureCode><FeatureReferenceName>LEDClassic / Filament 2</FeatureReferenceName><FeatureImageRank>2</FeatureImageRank></FeatureImage><FeatureImage><FeatureCode>F400082389</FeatureCode><FeatureReferenceName>Replaces standard incandescent</FeatureReferenceName><FeatureImageRank>3</FeatureImageRank></FeatureImage><FeatureImage><FeatureCode>F400082363</FeatureCode><FeatureReferenceName>15,000-hour rated average life</FeatureReferenceName><FeatureImageRank>4</FeatureImageRank></FeatureImage><FeatureImage><FeatureCode>F400082440</FeatureCode><FeatureReferenceName>Saves up to 80% NRJ</FeatureReferenceName><FeatureImageRank>5</FeatureImageRank></FeatureImage><FeatureImage><FeatureCode>F400082384</FeatureCode><FeatureReferenceName>Candle [LED lamps]</FeatureReferenceName><FeatureImageRank>6</FeatureImageRank></FeatureImage><FeatureImage><FeatureCode>F400082348</FeatureCode><FeatureReferenceName>Learn about light</FeatureReferenceName><FeatureImageRank>8</FeatureImageRank></FeatureImage><FeatureHighlight><FeatureCode>F400082355</FeatureCode><FeatureReferenceName>2700K [LED lamps]</FeatureReferenceName><FeatureHighlightRank>1</FeatureHighlightRank></FeatureHighlight><FeatureHighlight><FeatureCode>F400082428</FeatureCode><FeatureReferenceName>LEDClassic / Filament 2</FeatureReferenceName><FeatureHighlightRank>2</FeatureHighlightRank></FeatureHighlight><FeatureHighlight><FeatureCode>F400082389</FeatureCode><FeatureReferenceName>Replaces standard incandescent</FeatureReferenceName><FeatureHighlightRank>3</FeatureHighlightRank></FeatureHighlight><FeatureHighlight><FeatureCode>F400082363</FeatureCode><FeatureReferenceName>15,000-hour rated average life</FeatureReferenceName><FeatureHighlightRank>4</FeatureHighlightRank></FeatureHighlight><FeatureHighlight><FeatureCode>F400082440</FeatureCode><FeatureReferenceName>Saves up to 80% NRJ</FeatureReferenceName><FeatureHighlightRank>5</FeatureHighlightRank></FeatureHighlight><FeatureHighlight><FeatureCode>F400082384</FeatureCode><FeatureReferenceName>Candle [LED lamps]</FeatureReferenceName><FeatureHighlightRank>6</FeatureHighlightRank></FeatureHighlight><FeatureHighlight><FeatureCode>F400082348</FeatureCode><FeatureReferenceName>Learn about light</FeatureReferenceName><FeatureHighlightRank>8</FeatureHighlightRank></FeatureHighlight><CSChapter><CSChapterCode>CH4006022</CSChapterCode><CSChapterName>Bulb characteristics</CSChapterName><CSChapterRank>1</CSChapterRank><CSItem><CSItemCode>IT4029275</CSItemCode><CSItemName>Shape</CSItemName><CSItemRank>7</CSItemRank><CSItemIsFreeFormat>0</CSItemIsFreeFormat><CSValue><CSValueCode>VA4067763</CSValueCode><CSValueName>Candle</CSValueName><CSValueRank>13</CSValueRank></CSValue></CSItem><CSItem><CSItemCode>IT4029277</CSItemCode><CSItemName>Cap/fitting</CSItemName><CSItemRank>14</CSItemRank><CSItemIsFreeFormat>0</CSItemIsFreeFormat><CSValue><CSValueCode>VA4067778</CSValueCode><CSValueName>B22</CSValueName><CSValueRank>7</CSValueRank></CSValue></CSItem><CSItem><CSItemCode>IT4029279</CSItemCode><CSItemName>Dimmable</CSItemName><CSItemRank>20</CSItemRank><CSItemIsFreeFormat>0</CSItemIsFreeFormat><CSValue><CSValueCode>VA4067747</CSValueCode><CSValueName>No</CSValueName><CSValueRank>2</CSValueRank></CSValue></CSItem><CSItem><CSItemCode>IT4036606</CSItemCode><CSItemName>Voltage</CSItemName><CSItemRank>24</CSItemRank><CSItemIsFreeFormat>0</CSItemIsFreeFormat><CSValue><CSValueCode>VA4099507</CSValueCode><CSValueName>230 V</CSValueName><CSValueRank>15</CSValueRank></CSValue></CSItem><CSItem><CSItemCode>IT4037689</CSItemCode><CSItemName>Wattage</CSItemName><CSItemRank>27</CSItemRank><CSItemIsFreeFormat>1</CSItemIsFreeFormat><CSValue><CSValueCode>VA4087427</CSValueCode><CSValueName>2 W</CSValueName><CSValueRank>1</CSValueRank></CSValue></CSItem><CSItem><CSItemCode>IT4037690</CSItemCode><CSItemName>Wattage equivalent</CSItemName><CSItemRank>28</CSItemRank><CSItemIsFreeFormat>1</CSItemIsFreeFormat><CSValue><CSValueCode>VA4087428</CSValueCode><CSValueName>25 W</CSValueName><CSValueRank>1</CSValueRank></CSValue></CSItem></CSChapter><CSChapter><CSChapterCode>CH4005202</CSChapterCode><CSChapterName>Power consumption</CSChapterName><CSChapterRank>2</CSChapterRank><CSItem><CSItemCode>IT4026378</CSItemCode><CSItemName>Energy efficiency label</CSItemName><CSItemRank>8</CSItemRank><CSItemIsFreeFormat>0</CSItemIsFreeFormat><CSValue><CSValueCode>VA4082939</CSValueCode><CSValueName>A++</CSValueName><CSValueRank>11</CSValueRank></CSValue></CSItem><CSItem><CSItemCode>IT4029053</CSItemCode><CSItemName>Power consumption per 1000h</CSItemName><CSItemRank>12</CSItemRank><CSItemIsFreeFormat>1</CSItemIsFreeFormat><CSValue><CSValueCode>VA4067444</CSValueCode><CSValueName>2</CSValueName><CSValueRank>1</CSValueRank></CSValue><UnitOfMeasure><UnitOfMeasureCode>4000161</UnitOfMeasureCode><UnitOfMeasureName>kilowatt hour</UnitOfMeasureName><UnitOfMeasureSymbol>kW·h</UnitOfMeasureSymbol></UnitOfMeasure></CSItem></CSChapter><CSChapter><CSChapterCode>CH4005203</CSChapterCode><CSChapterName>Light characteristics</CSChapterName><CSChapterRank>3</CSChapterRank><CSItem><CSItemCode>IT4026387</CSItemCode><CSItemName>Light output</CSItemName><CSItemRank>1</CSItemRank><CSItemIsFreeFormat>1</CSItemIsFreeFormat><CSValue><CSValueCode>VA4062484</CSValueCode><CSValueName>250</CSValueName><CSValueRank>1</CSValueRank></CSValue><UnitOfMeasure><UnitOfMeasureCode>4000123</UnitOfMeasureCode><UnitOfMeasureName>Lumen</UnitOfMeasureName><UnitOfMeasureSymbol>lumen</UnitOfMeasureSymbol></UnitOfMeasure></CSItem><CSItem><CSItemCode>IT4043370</CSItemCode><CSItemName>EyeComfort</CSItemName><CSItemRank>1</CSItemRank><CSItemIsFreeFormat>0</CSItemIsFreeFormat><CSValue><CSValueCode>VA4100049</CSValueCode><CSValueName>Eye Comfort</CSValueName><CSValueRank>1</CSValueRank></CSValue></CSItem><CSItem><CSItemCode>IT4029158</CSItemCode><CSItemName>Colour</CSItemName><CSItemRank>21</CSItemRank><CSItemIsFreeFormat>0</CSItemIsFreeFormat><CSValue><CSValueCode>VA4067569</CSValueCode><CSValueName>Warm White</CSValueName><CSValueRank>1</CSValueRank></CSValue></CSItem><CSItem><CSItemCode>IT4029159</CSItemCode><CSItemName>Colour temperature</CSItemName><CSItemRank>22</CSItemRank><CSItemIsFreeFormat>1</CSItemIsFreeFormat><CSValue><CSValueCode>VA4067572</CSValueCode><CSValueName>2700</CSValueName><CSValueRank>1</CSValueRank></CSValue><UnitOfMeasure><UnitOfMeasureCode>4000041</UnitOfMeasureCode><UnitOfMeasureName>Kelvin</UnitOfMeasureName><UnitOfMeasureSymbol>K</UnitOfMeasureSymbol></UnitOfMeasure></CSItem><CSItem><CSItemCode>IT4029170</CSItemCode><CSItemName>Colour rendering index (CRI)</CSItemName><CSItemRank>29</CSItemRank><CSItemIsFreeFormat>1</CSItemIsFreeFormat><CSValue><CSValueCode>VA4067596</CSValueCode><CSValueName>80</CSValueName><CSValueRank>1</CSValueRank></CSValue></CSItem><CSItem><CSItemCode>IT4026390</CSItemCode><CSItemName>Starting time</CSItemName><CSItemRank>30</CSItemRank><CSItemIsFreeFormat>0</CSItemIsFreeFormat><CSValue><CSValueCode>VA4082665</CSValueCode><CSValueName>&lt;0.5</CSValueName><CSValueRank>10</CSValueRank></CSValue><UnitOfMeasure><UnitOfMeasureCode>3000069</UnitOfMeasureCode><UnitOfMeasureName>second</UnitOfMeasureName><UnitOfMeasureSymbol>s</UnitOfMeasureSymbol></UnitOfMeasure></CSItem><CSItem><CSItemCode>IT4029160</CSItemCode><CSItemName>Warm-up time to 60% light</CSItemName><CSItemRank>31</CSItemRank><CSItemIsFreeFormat>0</CSItemIsFreeFormat><CSValue><CSValueCode>VA4067639</CSValueCode><CSValueName>Instant full light</CSValueName><CSValueRank>9</CSValueRank></CSValue></CSItem><CSItem><CSItemCode>IT4035884</CSItemCode><CSItemName>Application</CSItemName><CSItemRank>32</CSItemRank><CSItemIsFreeFormat>0</CSItemIsFreeFormat><CSValue><CSValueCode>VA4083392</CSValueCode><CSValueName>Comfortable light</CSValueName><CSValueRank>8</CSValueRank></CSValue><CSValue><CSValueCode>VA4085119</CSValueCode><CSValueName>General light</CSValueName><CSValueRank>16</CSValueRank></CSValue></CSItem></CSChapter><CSChapter><CSChapterCode>CH4005204</CSChapterCode><CSChapterName>Durability</CSChapterName><CSChapterRank>4</CSChapterRank><CSItem><CSItemCode>IT4029169</CSItemCode><CSItemName>Lifetime of lamp</CSItemName><CSItemRank>5</CSItemRank><CSItemIsFreeFormat>1</CSItemIsFreeFormat><CSValue><CSValueCode>VA4067595</CSValueCode><CSValueName>15000</CSValueName><CSValueRank>1</CSValueRank></CSValue><UnitOfMeasure><UnitOfMeasureCode>4000007</UnitOfMeasureCode><UnitOfMeasureName>-Hour</UnitOfMeasureName><UnitOfMeasureSymbol>hour(s)</UnitOfMeasureSymbol></UnitOfMeasure></CSItem><CSItem><CSItemCode>IT4029171</CSItemCode><CSItemName>Number of switch cycles</CSItemName><CSItemRank>10</CSItemRank><CSItemIsFreeFormat>1</CSItemIsFreeFormat><CSValue><CSValueCode>VA4067598</CSValueCode><CSValueName>20000</CSValueName><CSValueRank>1</CSValueRank></CSValue></CSItem><CSItem><CSItemCode>IT4029193</CSItemCode><CSItemName>Lumen maintenance factor</CSItemName><CSItemRank>18</CSItemRank><CSItemIsFreeFormat>0</CSItemIsFreeFormat><CSValue><CSValueCode>VA4067614</CSValueCode><CSValueName>0.7</CSValueName><CSValueRank>6</CSValueRank></CSValue></CSItem><CSItem><CSItemCode>IT4029164</CSItemCode><CSItemName>Average life (at 2.7 hrs/day)</CSItemName><CSItemRank>23</CSItemRank><CSItemIsFreeFormat>1</CSItemIsFreeFormat><CSValue><CSValueCode>VA4067588</CSValueCode><CSValueName>15</CSValueName><CSValueRank>1</CSValueRank></CSValue><UnitOfMeasure><UnitOfMeasureCode>4000081</UnitOfMeasureCode><UnitOfMeasureName>Years</UnitOfMeasureName><UnitOfMeasureSymbol>year(s)</UnitOfMeasureSymbol></UnitOfMeasure></CSItem></CSChapter><CSChapter><CSChapterCode>CH4006021</CSChapterCode><CSChapterName>Bulb dimensions</CSChapterName><CSChapterRank>5</CSChapterRank><CSItem><CSItemCode>IT4029271</CSItemCode><CSItemName>Height</CSItemName><CSItemRank>3</CSItemRank><CSItemIsFreeFormat>1</CSItemIsFreeFormat><CSValue><CSValueCode>VA4067741</CSValueCode><CSValueName>93</CSValueName><CSValueRank>1</CSValueRank></CSValue><UnitOfMeasure><UnitOfMeasureCode>3000058</UnitOfMeasureCode><UnitOfMeasureName>millimetre</UnitOfMeasureName><UnitOfMeasureSymbol>mm</UnitOfMeasureSymbol></UnitOfMeasure></CSItem><CSItem><CSItemCode>IT4029272</CSItemCode><CSItemName>Width</CSItemName><CSItemRank>16</CSItemRank><CSItemIsFreeFormat>1</CSItemIsFreeFormat><CSValue><CSValueCode>VA4067742</CSValueCode><CSValueName>35</CSValueName><CSValueRank>1</CSValueRank></CSValue><UnitOfMeasure><UnitOfMeasureCode>3000058</UnitOfMeasureCode><UnitOfMeasureName>millimetre</UnitOfMeasureName><UnitOfMeasureSymbol>mm</UnitOfMeasureSymbol></UnitOfMeasure></CSItem></CSChapter><CSChapter><CSChapterCode>CH4005206</CSChapterCode><CSChapterName>Other characteristics</CSChapterName><CSChapterRank>6</CSChapterRank><CSItem><CSItemCode>IT4026404</CSItemCode><CSItemName>Mercury content</CSItemName><CSItemRank>4</CSItemRank><CSItemIsFreeFormat>1</CSItemIsFreeFormat><CSValue><CSValueCode>VA4062631</CSValueCode><CSValueName>0</CSValueName><CSValueRank>1</CSValueRank></CSValue><UnitOfMeasure><UnitOfMeasureCode>4000142</UnitOfMeasureCode><UnitOfMeasureName>mg</UnitOfMeasureName><UnitOfMeasureSymbol>mg</UnitOfMeasureSymbol></UnitOfMeasure></CSItem><CSItem><CSItemCode>IT4026405</CSItemCode><CSItemName>Power factor</CSItemName><CSItemRank>11</CSItemRank><CSItemIsFreeFormat>1</CSItemIsFreeFormat><CSValue><CSValueCode>VA4062632</CSValueCode><CSValueName>0.4</CSValueName><CSValueRank>1</CSValueRank></CSValue></CSItem><CSItem><CSItemCode>IT4026406</CSItemCode><CSItemName>Lamp current</CSItemName><CSItemRank>17</CSItemRank><CSItemIsFreeFormat>1</CSItemIsFreeFormat><CSValue><CSValueCode>VA4062633</CSValueCode><CSValueName>20</CSValueName><CSValueRank>1</CSValueRank></CSValue><UnitOfMeasure><UnitOfMeasureCode>4000141</UnitOfMeasureCode><UnitOfMeasureName>mA</UnitOfMeasureName><UnitOfMeasureSymbol>mA</UnitOfMeasureSymbol></UnitOfMeasure></CSItem><CSItem><CSItemCode>IT4041312</CSItemCode><CSItemName>Range</CSItemName><CSItemRank>25</CSItemRank><CSItemIsFreeFormat>0</CSItemIsFreeFormat><CSValue><CSValueCode>VA4096083</CSValueCode><CSValueName>LED Classic</CSValueName><CSValueRank>5</CSValueRank></CSValue></CSItem></CSChapter><CSChapter><CSChapterCode>CH4005207</CSChapterCode><CSChapterName>Rated values</CSChapterName><CSChapterRank>7</CSChapterRank><CSItem><CSItemCode>IT4026407</CSItemCode><CSItemName>Rated power</CSItemName><CSItemRank>2</CSItemRank><CSItemIsFreeFormat>1</CSItemIsFreeFormat><CSValue><CSValueCode>VA4062634</CSValueCode><CSValueName>2</CSValueName><CSValueRank>1</CSValueRank></CSValue><UnitOfMeasure><UnitOfMeasureCode>3000072</UnitOfMeasureCode><UnitOfMeasureName>watt</UnitOfMeasureName><UnitOfMeasureSymbol>W</UnitOfMeasureSymbol></UnitOfMeasure></CSItem><CSItem><CSItemCode>IT4026408</CSItemCode><CSItemName>Rated luminous flux</CSItemName><CSItemRank>9</CSItemRank><CSItemIsFreeFormat>1</CSItemIsFreeFormat><CSValue><CSValueCode>VA4062635</CSValueCode><CSValueName>250</CSValueName><CSValueRank>1</CSValueRank></CSValue><UnitOfMeasure><UnitOfMeasureCode>4000123</UnitOfMeasureCode><UnitOfMeasureName>Lumen</UnitOfMeasureName><UnitOfMeasureSymbol>lumen</UnitOfMeasureSymbol></UnitOfMeasure></CSItem><CSItem><CSItemCode>IT4029167</CSItemCode><CSItemName>Rated lifetime</CSItemName><CSItemRank>15</CSItemRank><CSItemIsFreeFormat>1</CSItemIsFreeFormat><CSValue><CSValueCode>VA4067593</CSValueCode><CSValueName>15000</CSValueName><CSValueRank>1</CSValueRank></CSValue><UnitOfMeasure><UnitOfMeasureCode>4000007</UnitOfMeasureCode><UnitOfMeasureName>-Hour</UnitOfMeasureName><UnitOfMeasureSymbol>hour(s)</UnitOfMeasureSymbol></UnitOfMeasure></CSItem></CSChapter><Filters><Purpose type="Comparison"><Features><Feature code="F400082355" rank="1" referenceName="2700K [LED lamps]"/><Feature code="F400082428" rank="2" referenceName="LEDClassic / Filament 2"/><Feature code="F400082389" rank="3" referenceName="Replaces standard incandescent"/><Feature code="F400082363" rank="4" referenceName="15,000-hour rated average life"/><Feature code="F400082440" rank="5" referenceName="Saves up to 80% NRJ"/><Feature code="F400082384" rank="6" referenceName="Candle [LED lamps]"/><Feature code="F400082348" rank="8" referenceName="Learn about light"/></Features><CSItems><CSItem code="IT4026387" rank="1" referenceName="Light characteristics - Light output"/><CSItem code="IT4043370" rank="1" referenceName="Light characteristics - EyeComfort"/><CSItem code="IT4026407" rank="2" referenceName="Rated values - Rated power"/><CSItem code="IT4029271" rank="3" referenceName="Bulb dimensions - Height"/><CSItem code="IT4026404" rank="4" referenceName="Other characteristics - Mercury content"/><CSItem code="IT4029169" rank="5" referenceName="Durability - Lifetime of lamp"/><CSItem code="IT4029275" rank="7" referenceName="Bulb characteristics - Shape"/><CSItem code="IT4026378" rank="8" referenceName="Power consumption - Energy efficiency label"/><CSItem code="IT4026408" rank="9" referenceName="Rated values - Rated luminous flux"/><CSItem code="IT4029171" rank="10" referenceName="Durability - Number of switch cycles"/><CSItem code="IT4026405" rank="11" referenceName="Other characteristics - Power factor"/><CSItem code="IT4029053" rank="12" referenceName="Power consumption - Power consumption per 1000h"/><CSItem code="IT4029277" rank="14" referenceName="Bulb characteristics - Cap/fitting"/><CSItem code="IT4029167" rank="15" referenceName="Rated values - Rated lifetime"/><CSItem code="IT4029272" rank="16" referenceName="Bulb dimensions - Width"/><CSItem code="IT4026406" rank="17" referenceName="Other characteristics - Lamp current"/><CSItem code="IT4029193" rank="18" referenceName="Durability - Lumen maintenance factor"/><CSItem code="IT4029279" rank="20" referenceName="Bulb characteristics - Dimmable"/><CSItem code="IT4029158" rank="21" referenceName="Light characteristics - Colour"/><CSItem code="IT4029159" rank="22" referenceName="Light characteristics - Colour temperature"/><CSItem code="IT4029164" rank="23" referenceName="Durability - Average life (at 2.7 hrs/day)"/><CSItem code="IT4036606" rank="24" referenceName="Bulb characteristics - Voltage"/><CSItem code="IT4041312" rank="25" referenceName="Other characteristics - Range"/><CSItem code="IT4037689" rank="27" referenceName="Bulb characteristics - Wattage"/><CSItem code="IT4037690" rank="28" referenceName="Bulb characteristics - Wattage equivalent"/><CSItem code="IT4029170" rank="29" referenceName="Light characteristics - Colour rendering index (CRI)"/><CSItem code="IT4026390" rank="30" referenceName="Light characteristics - Starting time"/><CSItem code="IT4029160" rank="31" referenceName="Light characteristics - Warm-up time to 60% light"/><CSItem code="IT4035884" rank="32" referenceName="Light characteristics - Application"/></CSItems></Purpose><Purpose type="Detail"><Features><Feature code="F400082355" rank="1" referenceName="2700K [LED lamps]"/><Feature code="F400082428" rank="2" referenceName="LEDClassic / Filament 2"/><Feature code="F400082389" rank="3" referenceName="Replaces standard incandescent"/><Feature code="F400082363" rank="4" referenceName="15,000-hour rated average life"/><Feature code="F400082440" rank="5" referenceName="Saves up to 80% NRJ"/><Feature code="F400082384" rank="6" referenceName="Candle [LED lamps]"/><Feature code="F400082348" rank="8" referenceName="Learn about light"/></Features><CSItems><CSItem code="IT4026387" rank="1" referenceName="Light characteristics - Light output"/><CSItem code="IT4043370" rank="1" referenceName="Light characteristics - EyeComfort"/><CSItem code="IT4026407" rank="2" referenceName="Rated values - Rated power"/><CSItem code="IT4029271" rank="3" referenceName="Bulb dimensions - Height"/><CSItem code="IT4026404" rank="4" referenceName="Other characteristics - Mercury content"/><CSItem code="IT4029169" rank="5" referenceName="Durability - Lifetime of lamp"/><CSItem code="IT4029275" rank="7" referenceName="Bulb characteristics - Shape"/><CSItem code="IT4026378" rank="8" referenceName="Power consumption - Energy efficiency label"/><CSItem code="IT4026408" rank="9" referenceName="Rated values - Rated luminous flux"/><CSItem code="IT4029171" rank="10" referenceName="Durability - Number of switch cycles"/><CSItem code="IT4026405" rank="11" referenceName="Other characteristics - Power factor"/><CSItem code="IT4029053" rank="12" referenceName="Power consumption - Power consumption per 1000h"/><CSItem code="IT4029277" rank="14" referenceName="Bulb characteristics - Cap/fitting"/><CSItem code="IT4029167" rank="15" referenceName="Rated values - Rated lifetime"/><CSItem code="IT4029272" rank="16" referenceName="Bulb dimensions - Width"/><CSItem code="IT4026406" rank="17" referenceName="Other characteristics - Lamp current"/><CSItem code="IT4029193" rank="18" referenceName="Durability - Lumen maintenance factor"/><CSItem code="IT4029279" rank="20" referenceName="Bulb characteristics - Dimmable"/><CSItem code="IT4029158" rank="21" referenceName="Light characteristics - Colour"/><CSItem code="IT4029159" rank="22" referenceName="Light characteristics - Colour temperature"/><CSItem code="IT4029164" rank="23" referenceName="Durability - Average life (at 2.7 hrs/day)"/><CSItem code="IT4036606" rank="24" referenceName="Bulb characteristics - Voltage"/><CSItem code="IT4041312" rank="25" referenceName="Other characteristics - Range"/><CSItem code="IT4037689" rank="27" referenceName="Bulb characteristics - Wattage"/><CSItem code="IT4037690" rank="28" referenceName="Bulb characteristics - Wattage equivalent"/><CSItem code="IT4029170" rank="29" referenceName="Light characteristics - Colour rendering index (CRI)"/><CSItem code="IT4026390" rank="30" referenceName="Light characteristics - Starting time"/><CSItem code="IT4029160" rank="31" referenceName="Light characteristics - Warm-up time to 60% light"/><CSItem code="IT4035884" rank="32" referenceName="Light characteristics - Application"/></CSItems></Purpose></Filters><FeatureCompareGroups/><Disclaimers/><RichTexts/></Product></Products>