<?xml version="1.0" encoding="UTF-8"?><Products xmlns:source="http://apache.org/cocoon/source/1.0" DocStatus="approved" DocTimeStamp="2018-10-23T10:43:36"><Product Country="GB" IsAccessory="false" IsLocalized="true" IsMaster="false" Locale="en_GB" lastModified="2018-10-23T04:30:06" masterLastModified="2018-05-24T00:44:47"><CTN>8718696575437</CTN><Code12NC>929001229101</Code12NC><GTIN>8718696575437</GTIN><MarketingVersion>5.1.1</MarketingVersion><MarketingStatus>Final Published</MarketingStatus><CRDate>2016-02-12</CRDate><CRDateYW>201607</CRDateYW><ModelYears><ModelYear>2016</ModelYear></ModelYears><ProductDivision><ProductDivisionCode>0100</ProductDivisionCode><ProductDivisionName>Lighting</ProductDivisionName><FormerPDCode>0100</FormerPDCode></ProductDivision><ProductOwner>Mellissa van Heest - Cooijman</ProductOwner><DTN>8718696575437</DTN><Catalog><StartOfPublication>2016-03-12T00:00:00</StartOfPublication><EndOfPublication>2019-03-12T00:00:00</EndOfPublication><StartOfSales>2016-03-12T00:00:00</StartOfSales><EndOfSales>2019-03-12T00:00:00</EndOfSales><DummyPrice/><Deleted>false</Deleted><DeleteAfterDate/><ProductRank>50</ProductRank></Catalog><FinancialCategorization><BusinessGroupCode>9240</BusinessGroupCode><BusinessGroupName>LED</BusinessGroupName><BusinessUnitCode>0118</BusinessUnitCode><BusinessUnitName>LED Lamps</BusinessUnitName><MainArticleGroupCode>L66</MainArticleGroupCode><MainArticleGroupName>LED Bulbs</MainArticleGroupName><ArticleGroupCode>7011</ArticleGroupCode><ArticleGroupName>Bulbs Premium</ArticleGroupName></FinancialCategorization><Categorization type="CONSUMER"><GroupCode>LIGHTING_GR</GroupCode><GroupName>Lighting</GroupName><CategoryCode>CHOOSE_A_BULB_CA</CategoryCode><CategoryName>Choose a bulb</CategoryName><SubcategoryCode>GLOBE_BULB_SU</SubcategoryCode><SubcategoryName>Globe</SubcategoryName></Categorization><Assets><Asset code="8718696575437" description="Leaflet" extension="pdf" lastModified="2018-09-27" locale="en_GB" number="001" type="PSS">http://download.p4c.philips.com/files/8/8718696575437/8718696575437_pss_enggb.pdf</Asset><Asset code="8718696575437" description="Retail Trade Leaflet" extension="pdf" lastModified="2018-09-27" locale="en_GB" number="001" type="RTL">http://download.p4c.philips.com/files/8/8718696575437/8718696575437_rtl_enggb.pdf</Asset><Asset code="8718696575437" description="Emotional Benefit 1 - highres 2196x1795" extension="tif" lastModified="2018-03-09" locale="global" number="001" type="E1P">http://images.philips.com/is/image/PhilipsConsumer/8718696575437-E1P-global-001</Asset><Asset code="8718696575437" description="Europeen Energy Label" extension="pdf" lastModified="2017-02-28" locale="global" number="001" type="EEL">http://download.p4c.philips.com/files/8/8718696575437/8718696575437_eel_.pdf</Asset><Asset code="8718696575437" description="Packaging photograph - highres 1447x756" extension="tif" lastModified="2018-09-13" locale="global" number="001" type="PID">http://images.philips.com/is/image/PhilipsConsumer/8718696575437-PID-global-001</Asset><Asset code="8718696575437" description="Packaging photograph - master" extension="tif" lastModified="2018-09-13" locale="global" number="001" type="PIM">http://download.p4c.philips.com/files/8/8718696575437/8718696575437_pim_.tif</Asset><Asset code="8718696575437" description="Packaging photograph - small 90x65" extension="jpg" lastModified="2018-09-13" locale="global" number="001" type="PIS">http://download.p4c.philips.com/files/8/8718696575437/8718696575437_pis_.jpg</Asset><Asset code="8718696575437" description="Leaflet" extension="pdf" lastModified="2018-09-27" locale="global" number="001" type="PSS">http://download.p4c.philips.com/files/8/8718696575437/8718696575437_pss_.pdf</Asset><Asset code="8718696575437" description="Standard product photograph - highres 2196x1795" extension="tif" lastModified="2018-09-24" locale="global" number="001" type="RTP">http://images.philips.com/is/image/PhilipsConsumer/8718696575437-RTP-global-001</Asset><Asset code="8718696575437" description="Product in use photograph - highres 2196x1795" extension="tif" lastModified="2018-03-27" locale="global" number="001" type="UPL">http://images.philips.com/is/image/PhilipsConsumer/8718696575437-UPL-global-001</Asset><Asset code="8718696575437" description="Single product shot" extension="" lastModified="2018-10-23" locale="en_GB" number="" type="IMS">http://images.philips.com/is/image/PhilipsConsumer/8718696575437-IMS-en_GB</Asset><Asset code="8718696575437" description="Product gallery image set" extension="" lastModified="2018-10-23" locale="en_GB" number="" type="GAL">http://images.philips.com/is/image/PhilipsConsumer/8718696575437-GAL-en_GB</Asset><Asset code="8718696575437" description="Product URL" extension="" lastModified="2018-10-23" locale="en_GB" number="" type="URL">http://www.philips.co.uk/c-p/8718696575437/led-globe</Asset><Asset code="F400026039" description="Feature photograph - highres 2100x1170" extension="tif" lastModified="2013-05-07" locale="global" number="001" type="FIL">http://images.philips.com/is/image/PhilipsConsumer/F400026039-FIL-global-001</Asset><Asset code="PHI" description="Brand logo - highres 1476x886" extension="tif" lastModified="2016-02-18" locale="global" number="001" type="BRP">http://images.philips.com/is/image/PhilipsConsumer/PHI-BRP-global-001</Asset></Assets><ProductName>8W (50W) E27 Flame Globe</ProductName><FullProductName>Philips LED Globe 8718696575437 8W (50W) E27 Flame</FullProductName><NamingString><MasterBrand><BrandCode>PHI</BrandCode><BrandName>Philips</BrandName></MasterBrand><BrandString>Philips</BrandString><Family><FamilyCode>SB40002784</FamilyCode><FamilyName>LED</FamilyName><FamilyNameUsed>1</FamilyNameUsed></Family><Descriptor><DescriptorCode>D4006691</DescriptorCode><DescriptorName>Globe</DescriptorName></Descriptor><Alphanumeric>8718696575437</Alphanumeric><VersionElement1><VersionElementCode>V4026598</VersionElementCode><VersionElementName>8W (50W)</VersionElementName></VersionElement1><VersionElement2><VersionElementCode>D4011842</VersionElementCode><VersionElementName>E27</VersionElementName></VersionElement2><VersionElement3><VersionElementCode>V4008678</VersionElementCode><VersionElementName>Flame</VersionElementName></VersionElement3><VersionString>8W (50W) E27 Flame</VersionString><BrandedFeatureString/><DescriptorBrandedFeatureString>Globe</DescriptorBrandedFeatureString></NamingString><WOW>Designed to be seen</WOW><SubWOW>Looks good off and on</SubWOW><MarketingTextHeader>Introducing the new Philips Vintage LED lamp family, a collection that is reminiscent of familiar incandescent bulbs. They stand out when used as a statement piece, adding a sense of nostalgia to your interior.</MarketingTextHeader><KeyBenefitArea><KeyBenefitAreaCode>K4034414</KeyBenefitAreaCode><KeyBenefitAreaName>Choose a simple replacement for your old bulbs</KeyBenefitAreaName><KeyBenefitAreaRank>1</KeyBenefitAreaRank><Feature><FeatureCode>F400082389</FeatureCode><FeatureReferenceName>Replaces standard incandescent</FeatureReferenceName><FeatureName>Replaces lustre incandescents</FeatureName><FeatureLongDescription>Similar shape and size as standard incandescent bulbs</FeatureLongDescription><FeatureGlossary>With its beautiful design and familiar shape, this energy-saving LED bulb is the perfect sustainable replacement for traditional incandescent bulbs.</FeatureGlossary><FeatureRank>4</FeatureRank><FeatureTopRank>1</FeatureTopRank></Feature><Feature><FeatureCode>F400084636</FeatureCode><FeatureReferenceName>Cord</FeatureReferenceName><FeatureName>Cord</FeatureName><FeatureLongDescription>Cord</FeatureLongDescription><FeatureGlossary>This Philips lamp can be used in combination with one of the Philips cords to complete your interior illumination and bring an industrial feel to your living space.</FeatureGlossary><FeatureRank>5</FeatureRank><FeatureTopRank>2</FeatureTopRank></Feature><Feature><FeatureCode>F400084635</FeatureCode><FeatureReferenceName>Vintage range</FeatureReferenceName><FeatureName>Vintage range</FeatureName><FeatureLongDescription>Vintage range</FeatureLongDescription><FeatureGlossary>The Philips Vintage collection is available in an array of giant shapes, candles and other familiar form factors, to provide a seamless fit across your space.</FeatureGlossary><FeatureRank>6</FeatureRank><FeatureTopRank>3</FeatureTopRank></Feature></KeyBenefitArea><KeyBenefitArea><KeyBenefitAreaCode>K4017614</KeyBenefitAreaCode><KeyBenefitAreaName>Designed for perfect light quality</KeyBenefitAreaName><KeyBenefitAreaRank>2</KeyBenefitAreaRank><Feature><FeatureCode>F400078904</FeatureCode><FeatureReferenceName>LEDClassic / Filament</FeatureReferenceName><FeatureName>LEDClassic (filament)</FeatureName><FeatureLongDescription>Vintage style, modern LED technology</FeatureLongDescription><FeatureGlossary>LED Classic bulbs are based on standard LED energy-saving technology, except the LEDs are arranged in such a way as to mimic classic incandescent bulbs. Now you can enjoy this retro-style bulb with state-of-the-art technology.</FeatureGlossary><FeatureRank>2</FeatureRank><FeatureTopRank>5</FeatureTopRank></Feature></KeyBenefitArea><KeyBenefitArea><KeyBenefitAreaCode>K4017154</KeyBenefitAreaCode><KeyBenefitAreaName>Save on energy</KeyBenefitAreaName><KeyBenefitAreaRank>3</KeyBenefitAreaRank><Feature><FeatureCode>F400026039</FeatureCode><FeatureReferenceName>Saves up to 80% energy</FeatureReferenceName><FeatureName>Saves up to 80% energy</FeatureName><FeatureLongDescription>Saves up to 80% energy</FeatureLongDescription><FeatureGlossary>Save up to 80% energy compared to your standard bulb. It pays for itself and saves you money year after year. So reduce your energy bill and start saving now.</FeatureGlossary><FeatureRank>1</FeatureRank><FeatureTopRank>4</FeatureTopRank></Feature></KeyBenefitArea><KeyBenefitArea><KeyBenefitAreaCode>K4017554</KeyBenefitAreaCode><KeyBenefitAreaName>Create a warm atmosphere</KeyBenefitAreaName><KeyBenefitAreaRank>4</KeyBenefitAreaRank><Feature><FeatureCode>F400061467</FeatureCode><FeatureReferenceName>2200K [LED lamps]</FeatureReferenceName><FeatureName>Extra-warm light effect</FeatureName><FeatureLongDescription>Extra-warm light effect</FeatureLongDescription><FeatureGlossary>Light can have different colour temperatures, indicated in units called Kelvin (K). Bulbs with a low Kelvin value produce a warm, cosier light, while those with a higher Kelvin value produce a cool, more energising light.</FeatureGlossary><FeatureRank>3</FeatureRank><FeatureTopRank>6</FeatureTopRank></Feature></KeyBenefitArea><FeatureImage><FeatureCode>F400082389</FeatureCode><FeatureReferenceName>Replaces standard incandescent</FeatureReferenceName><FeatureImageRank>1</FeatureImageRank></FeatureImage><FeatureImage><FeatureCode>F400084636</FeatureCode><FeatureReferenceName>Cord</FeatureReferenceName><FeatureImageRank>2</FeatureImageRank></FeatureImage><FeatureImage><FeatureCode>F400084635</FeatureCode><FeatureReferenceName>Vintage range</FeatureReferenceName><FeatureImageRank>3</FeatureImageRank></FeatureImage><FeatureImage><FeatureCode>F400026039</FeatureCode><FeatureReferenceName>Saves up to 80% energy</FeatureReferenceName><FeatureImageRank>4</FeatureImageRank></FeatureImage><FeatureImage><FeatureCode>F400078904</FeatureCode><FeatureReferenceName>LEDClassic / Filament</FeatureReferenceName><FeatureImageRank>5</FeatureImageRank></FeatureImage><FeatureImage><FeatureCode>F400061467</FeatureCode><FeatureReferenceName>2200K [LED lamps]</FeatureReferenceName><FeatureImageRank>6</FeatureImageRank></FeatureImage><FeatureHighlight><FeatureCode>F400082389</FeatureCode><FeatureReferenceName>Replaces standard incandescent</FeatureReferenceName><FeatureHighlightRank>1</FeatureHighlightRank></FeatureHighlight><FeatureHighlight><FeatureCode>F400084636</FeatureCode><FeatureReferenceName>Cord</FeatureReferenceName><FeatureHighlightRank>2</FeatureHighlightRank></FeatureHighlight><FeatureHighlight><FeatureCode>F400084635</FeatureCode><FeatureReferenceName>Vintage range</FeatureReferenceName><FeatureHighlightRank>3</FeatureHighlightRank></FeatureHighlight><FeatureHighlight><FeatureCode>F400026039</FeatureCode><FeatureReferenceName>Saves up to 80% energy</FeatureReferenceName><FeatureHighlightRank>4</FeatureHighlightRank></FeatureHighlight><FeatureHighlight><FeatureCode>F400078904</FeatureCode><FeatureReferenceName>LEDClassic / Filament</FeatureReferenceName><FeatureHighlightRank>5</FeatureHighlightRank></FeatureHighlight><FeatureHighlight><FeatureCode>F400061467</FeatureCode><FeatureReferenceName>2200K [LED lamps]</FeatureReferenceName><FeatureHighlightRank>6</FeatureHighlightRank></FeatureHighlight><CSChapter><CSChapterCode>CH4006022</CSChapterCode><CSChapterName>Bulb characteristics</CSChapterName><CSChapterRank>1</CSChapterRank><CSItem><CSItemCode>IT4029277</CSItemCode><CSItemName>Cap/fitting</CSItemName><CSItemRank>12</CSItemRank><CSItemIsFreeFormat>0</CSItemIsFreeFormat><CSValue><CSValueCode>VA4067780</CSValueCode><CSValueName>E27</CSValueName><CSValueRank>19</CSValueRank></CSValue></CSItem><CSItem><CSItemCode>IT4029279</CSItemCode><CSItemName>Dimmable</CSItemName><CSItemRank>19</CSItemRank><CSItemIsFreeFormat>0</CSItemIsFreeFormat><CSValue><CSValueCode>VA4067746</CSValueCode><CSValueName>Yes</CSValueName><CSValueRank>11</CSValueRank></CSValue></CSItem><CSItem><CSItemCode>IT4036606</CSItemCode><CSItemName>Voltage</CSItemName><CSItemRank>24</CSItemRank><CSItemIsFreeFormat>0</CSItemIsFreeFormat><CSValue><CSValueCode>VA4085091</CSValueCode><CSValueName>220–240 V</CSValueName><CSValueRank>17</CSValueRank></CSValue></CSItem><CSItem><CSItemCode>IT4037689</CSItemCode><CSItemName>Wattage</CSItemName><CSItemRank>27</CSItemRank><CSItemIsFreeFormat>1</CSItemIsFreeFormat><CSValue><CSValueCode>VA4087427</CSValueCode><CSValueName>8</CSValueName><CSValueRank>1</CSValueRank></CSValue></CSItem><CSItem><CSItemCode>IT4037690</CSItemCode><CSItemName>Wattage equivalent</CSItemName><CSItemRank>31</CSItemRank><CSItemIsFreeFormat>1</CSItemIsFreeFormat><CSValue><CSValueCode>VA4087428</CSValueCode><CSValueName>50</CSValueName><CSValueRank>1</CSValueRank></CSValue></CSItem><CSItem><CSItemCode>IT4044055</CSItemCode><CSItemName>Intended use</CSItemName><CSItemRank>34</CSItemRank><CSItemIsFreeFormat>0</CSItemIsFreeFormat><CSValue><CSValueCode>VA4101422</CSValueCode><CSValueName>Indoor</CSValueName><CSValueRank>4</CSValueRank></CSValue></CSItem><CSItem><CSItemCode>IT4044392</CSItemCode><CSItemName>Lamp shape</CSItemName><CSItemRank>36</CSItemRank><CSItemIsFreeFormat>0</CSItemIsFreeFormat><CSValue><CSValueCode>VA4102366</CSValueCode><CSValueName>Non directional globe</CSValueName><CSValueRank>18</CSValueRank></CSValue></CSItem><CSItem><CSItemCode>IT4044054</CSItemCode><CSItemName>Technology</CSItemName><CSItemRank>37</CSItemRank><CSItemIsFreeFormat>0</CSItemIsFreeFormat><CSValue><CSValueCode>VA4101418</CSValueCode><CSValueName>LED</CSValueName><CSValueRank>3</CSValueRank></CSValue></CSItem></CSChapter><CSChapter><CSChapterCode>CH4005202</CSChapterCode><CSChapterName>Power consumption</CSChapterName><CSChapterRank>2</CSChapterRank><CSItem><CSItemCode>IT4026378</CSItemCode><CSItemName>Energy efficiency label</CSItemName><CSItemRank>6</CSItemRank><CSItemIsFreeFormat>0</CSItemIsFreeFormat><CSValue><CSValueCode>VA4067612</CSValueCode><CSValueName>A+</CSValueName><CSValueRank>12</CSValueRank></CSValue></CSItem><CSItem><CSItemCode>IT4029053</CSItemCode><CSItemName>Power consumption per 1000h</CSItemName><CSItemRank>10</CSItemRank><CSItemIsFreeFormat>1</CSItemIsFreeFormat><CSValue><CSValueCode>VA4067444</CSValueCode><CSValueName>8</CSValueName><CSValueRank>1</CSValueRank></CSValue><UnitOfMeasure><UnitOfMeasureCode>4000161</UnitOfMeasureCode><UnitOfMeasureName>kilowatt hour</UnitOfMeasureName><UnitOfMeasureSymbol>kW·h</UnitOfMeasureSymbol></UnitOfMeasure></CSItem><CSItem><CSItemCode>IT4044075</CSItemCode><CSItemName>Power factor</CSItemName><CSItemRank>18</CSItemRank><CSItemIsFreeFormat>0</CSItemIsFreeFormat><CSValue><CSValueCode>VA4102395</CSValueCode><CSValueName>0.7</CSValueName><CSValueRank>15</CSValueRank></CSValue></CSItem></CSChapter><CSChapter><CSChapterCode>CH4005203</CSChapterCode><CSChapterName>Light characteristics</CSChapterName><CSChapterRank>3</CSChapterRank><CSItem><CSItemCode>IT4026387</CSItemCode><CSItemName>Light output</CSItemName><CSItemRank>2</CSItemRank><CSItemIsFreeFormat>1</CSItemIsFreeFormat><CSValue><CSValueCode>VA4062484</CSValueCode><CSValueName>630</CSValueName><CSValueRank>1</CSValueRank></CSValue><UnitOfMeasure><UnitOfMeasureCode>4000123</UnitOfMeasureCode><UnitOfMeasureName>Lumen</UnitOfMeasureName><UnitOfMeasureSymbol>lumen</UnitOfMeasureSymbol></UnitOfMeasure></CSItem><CSItem><CSItemCode>IT4029158</CSItemCode><CSItemName>Colour</CSItemName><CSItemRank>20</CSItemRank><CSItemIsFreeFormat>0</CSItemIsFreeFormat><CSValue><CSValueCode>VA4067571</CSValueCode><CSValueName>Flame</CSValueName><CSValueRank>13</CSValueRank></CSValue></CSItem><CSItem><CSItemCode>IT4029159</CSItemCode><CSItemName>Colour temperature</CSItemName><CSItemRank>23</CSItemRank><CSItemIsFreeFormat>1</CSItemIsFreeFormat><CSValue><CSValueCode>VA4067572</CSValueCode><CSValueName>2200</CSValueName><CSValueRank>1</CSValueRank></CSValue><UnitOfMeasure><UnitOfMeasureCode>4000041</UnitOfMeasureCode><UnitOfMeasureName>Kelvin</UnitOfMeasureName><UnitOfMeasureSymbol>K</UnitOfMeasureSymbol></UnitOfMeasure></CSItem><CSItem><CSItemCode>IT4026384</CSItemCode><CSItemName>Light effect/finish</CSItemName><CSItemRank>29</CSItemRank><CSItemIsFreeFormat>0</CSItemIsFreeFormat><CSValue><CSValueCode>VA4062504</CSValueCode><CSValueName>Flame</CSValueName><CSValueRank>16</CSValueRank></CSValue></CSItem><CSItem><CSItemCode>IT4029170</CSItemCode><CSItemName>Colour rendering index (CRI)</CSItemName><CSItemRank>30</CSItemRank><CSItemIsFreeFormat>1</CSItemIsFreeFormat><CSValue><CSValueCode>VA4067596</CSValueCode><CSValueName>80</CSValueName><CSValueRank>1</CSValueRank></CSValue></CSItem><CSItem><CSItemCode>IT4026390</CSItemCode><CSItemName>Starting time</CSItemName><CSItemRank>33</CSItemRank><CSItemIsFreeFormat>0</CSItemIsFreeFormat><CSValue><CSValueCode>VA4082665</CSValueCode><CSValueName>&lt;0.5</CSValueName><CSValueRank>14</CSValueRank></CSValue><UnitOfMeasure><UnitOfMeasureCode>3000069</UnitOfMeasureCode><UnitOfMeasureName>second</UnitOfMeasureName><UnitOfMeasureSymbol>s</UnitOfMeasureSymbol></UnitOfMeasure></CSItem><CSItem><CSItemCode>IT4029160</CSItemCode><CSItemName>Warm-up time to 60% light</CSItemName><CSItemRank>35</CSItemRank><CSItemIsFreeFormat>0</CSItemIsFreeFormat><CSValue><CSValueCode>VA4067639</CSValueCode><CSValueName>Instant full light</CSValueName><CSValueRank>10</CSValueRank></CSValue></CSItem><CSItem><CSItemCode>IT4031131</CSItemCode><CSItemName>Colour consistency</CSItemName><CSItemRank>38</CSItemRank><CSItemIsFreeFormat>0</CSItemIsFreeFormat><CSValue><CSValueCode>VA4071143</CSValueCode><CSValueName>6 SDCM</CSValueName><CSValueRank>2</CSValueRank></CSValue></CSItem><CSItem><CSItemCode>IT4044501</CSItemCode><CSItemName>Suitable for accent lighting?</CSItemName><CSItemRank>39</CSItemRank><CSItemIsFreeFormat>0</CSItemIsFreeFormat><CSValue><CSValueCode>VA4102260</CSValueCode><CSValueName>No</CSValueName><CSValueRank>5</CSValueRank></CSValue></CSItem></CSChapter><CSChapter><CSChapterCode>CH4005204</CSChapterCode><CSChapterName>Durability</CSChapterName><CSChapterRank>4</CSChapterRank><CSItem><CSItemCode>IT4029169</CSItemCode><CSItemName>Lifetime of lamp</CSItemName><CSItemRank>1</CSItemRank><CSItemIsFreeFormat>1</CSItemIsFreeFormat><CSValue><CSValueCode>VA4067595</CSValueCode><CSValueName>15000</CSValueName><CSValueRank>1</CSValueRank></CSValue><UnitOfMeasure><UnitOfMeasureCode>4000007</UnitOfMeasureCode><UnitOfMeasureName>-Hour</UnitOfMeasureName><UnitOfMeasureSymbol>hour(s)</UnitOfMeasureSymbol></UnitOfMeasure></CSItem><CSItem><CSItemCode>IT4029171</CSItemCode><CSItemName>Number of switch cycles</CSItemName><CSItemRank>8</CSItemRank><CSItemIsFreeFormat>1</CSItemIsFreeFormat><CSValue><CSValueCode>VA4067598</CSValueCode><CSValueName>20000</CSValueName><CSValueRank>1</CSValueRank></CSValue></CSItem><CSItem><CSItemCode>IT4029193</CSItemCode><CSItemName>Lumen maintenance factor</CSItemName><CSItemRank>17</CSItemRank><CSItemIsFreeFormat>0</CSItemIsFreeFormat><CSValue><CSValueCode>VA4067614</CSValueCode><CSValueName>0.7</CSValueName><CSValueRank>1</CSValueRank></CSValue></CSItem><CSItem><CSItemCode>IT4029164</CSItemCode><CSItemName>Average life (at 2.7 hrs/day)</CSItemName><CSItemRank>21</CSItemRank><CSItemIsFreeFormat>1</CSItemIsFreeFormat><CSValue><CSValueCode>VA4067588</CSValueCode><CSValueName>15</CSValueName><CSValueRank>1</CSValueRank></CSValue><UnitOfMeasure><UnitOfMeasureCode>4000081</UnitOfMeasureCode><UnitOfMeasureName>Years</UnitOfMeasureName><UnitOfMeasureSymbol>year(s)</UnitOfMeasureSymbol></UnitOfMeasure></CSItem></CSChapter><CSChapter><CSChapterCode>CH4006021</CSChapterCode><CSChapterName>Bulb dimensions</CSChapterName><CSChapterRank>5</CSChapterRank><CSItem><CSItemCode>IT4029271</CSItemCode><CSItemName>Height</CSItemName><CSItemRank>4</CSItemRank><CSItemIsFreeFormat>1</CSItemIsFreeFormat><CSValue><CSValueCode>VA4067741</CSValueCode><CSValueName>168</CSValueName><CSValueRank>1</CSValueRank></CSValue><UnitOfMeasure><UnitOfMeasureCode>3000058</UnitOfMeasureCode><UnitOfMeasureName>millimetre</UnitOfMeasureName><UnitOfMeasureSymbol>mm</UnitOfMeasureSymbol></UnitOfMeasure></CSItem><CSItem><CSItemCode>IT4029272</CSItemCode><CSItemName>Width</CSItemName><CSItemRank>14</CSItemRank><CSItemIsFreeFormat>1</CSItemIsFreeFormat><CSValue><CSValueCode>VA4067742</CSValueCode><CSValueName>120</CSValueName><CSValueRank>1</CSValueRank></CSValue><UnitOfMeasure><UnitOfMeasureCode>3000058</UnitOfMeasureCode><UnitOfMeasureName>millimetre</UnitOfMeasureName><UnitOfMeasureSymbol>mm</UnitOfMeasureSymbol></UnitOfMeasure></CSItem><CSItem><CSItemCode>IT4044512</CSItemCode><CSItemName>Weight</CSItemName><CSItemRank>22</CSItemRank><CSItemIsFreeFormat>1</CSItemIsFreeFormat><CSValue><CSValueCode>VA4102274</CSValueCode><CSValueName>0.166</CSValueName><CSValueRank>1</CSValueRank></CSValue><UnitOfMeasure><UnitOfMeasureCode>3000049</UnitOfMeasureCode><UnitOfMeasureName>kilogram</UnitOfMeasureName><UnitOfMeasureSymbol>kg</UnitOfMeasureSymbol></UnitOfMeasure></CSItem></CSChapter><CSChapter><CSChapterCode>CH4005206</CSChapterCode><CSChapterName>Other characteristics</CSChapterName><CSChapterRank>6</CSChapterRank><CSItem><CSItemCode>IT4026404</CSItemCode><CSItemName>Mercury content</CSItemName><CSItemRank>5</CSItemRank><CSItemIsFreeFormat>1</CSItemIsFreeFormat><CSValue><CSValueCode>VA4062631</CSValueCode><CSValueName>0</CSValueName><CSValueRank>1</CSValueRank></CSValue><UnitOfMeasure><UnitOfMeasureCode>4000142</UnitOfMeasureCode><UnitOfMeasureName>mg</UnitOfMeasureName><UnitOfMeasureSymbol>mg</UnitOfMeasureSymbol></UnitOfMeasure></CSItem><CSItem><CSItemCode>IT4026405</CSItemCode><CSItemName>Power factor</CSItemName><CSItemRank>9</CSItemRank><CSItemIsFreeFormat>1</CSItemIsFreeFormat><CSValue><CSValueCode>VA4062632</CSValueCode><CSValueName>0.7</CSValueName><CSValueRank>1</CSValueRank></CSValue></CSItem><CSItem><CSItemCode>IT4026406</CSItemCode><CSItemName>Lamp current</CSItemName><CSItemRank>15</CSItemRank><CSItemIsFreeFormat>1</CSItemIsFreeFormat><CSValue><CSValueCode>VA4062633</CSValueCode><CSValueName>52</CSValueName><CSValueRank>1</CSValueRank></CSValue><UnitOfMeasure><UnitOfMeasureCode>4000141</UnitOfMeasureCode><UnitOfMeasureName>mA</UnitOfMeasureName><UnitOfMeasureSymbol>mA</UnitOfMeasureSymbol></UnitOfMeasure></CSItem><CSItem><CSItemCode>IT4041312</CSItemCode><CSItemName>Range</CSItemName><CSItemRank>25</CSItemRank><CSItemIsFreeFormat>0</CSItemIsFreeFormat><CSValue><CSValueCode>VA4096083</CSValueCode><CSValueName>LED Classic</CSValueName><CSValueRank>8</CSValueRank></CSValue></CSItem><CSItem><CSItemCode>IT4044082</CSItemCode><CSItemName>Efficacy</CSItemName><CSItemRank>32</CSItemRank><CSItemIsFreeFormat>1</CSItemIsFreeFormat><CSValue><CSValueCode>VA4101450</CSValueCode><CSValueName>78</CSValueName><CSValueRank>1</CSValueRank></CSValue><UnitOfMeasure><UnitOfMeasureCode>4000041</UnitOfMeasureCode><UnitOfMeasureName>Kelvin</UnitOfMeasureName><UnitOfMeasureSymbol>K</UnitOfMeasureSymbol></UnitOfMeasure></CSItem></CSChapter><CSChapter><CSChapterCode>CH4005207</CSChapterCode><CSChapterName>Rated values</CSChapterName><CSChapterRank>7</CSChapterRank><CSItem><CSItemCode>IT4026407</CSItemCode><CSItemName>Rated power</CSItemName><CSItemRank>3</CSItemRank><CSItemIsFreeFormat>1</CSItemIsFreeFormat><CSValue><CSValueCode>VA4062634</CSValueCode><CSValueName>8</CSValueName><CSValueRank>1</CSValueRank></CSValue><UnitOfMeasure><UnitOfMeasureCode>3000072</UnitOfMeasureCode><UnitOfMeasureName>watt</UnitOfMeasureName><UnitOfMeasureSymbol>W</UnitOfMeasureSymbol></UnitOfMeasure></CSItem><CSItem><CSItemCode>IT4026408</CSItemCode><CSItemName>Rated luminous flux</CSItemName><CSItemRank>7</CSItemRank><CSItemIsFreeFormat>1</CSItemIsFreeFormat><CSValue><CSValueCode>VA4062635</CSValueCode><CSValueName>630</CSValueName><CSValueRank>1</CSValueRank></CSValue><UnitOfMeasure><UnitOfMeasureCode>4000123</UnitOfMeasureCode><UnitOfMeasureName>Lumen</UnitOfMeasureName><UnitOfMeasureSymbol>lumen</UnitOfMeasureSymbol></UnitOfMeasure></CSItem><CSItem><CSItemCode>IT4029167</CSItemCode><CSItemName>Rated lifetime</CSItemName><CSItemRank>13</CSItemRank><CSItemIsFreeFormat>1</CSItemIsFreeFormat><CSValue><CSValueCode>VA4067593</CSValueCode><CSValueName>15000</CSValueName><CSValueRank>1</CSValueRank></CSValue><UnitOfMeasure><UnitOfMeasureCode>4000007</UnitOfMeasureCode><UnitOfMeasureName>-Hour</UnitOfMeasureName><UnitOfMeasureSymbol>hour(s)</UnitOfMeasureSymbol></UnitOfMeasure></CSItem></CSChapter><Filters><Purpose type="Comparison"><Features><Feature code="F400082389" rank="1" referenceName="Replaces standard incandescent"/><Feature code="F400084636" rank="2" referenceName="Cord"/><Feature code="F400084635" rank="3" referenceName="Vintage range"/><Feature code="F400026039" rank="4" referenceName="Saves up to 80% energy"/><Feature code="F400078904" rank="5" referenceName="LEDClassic / Filament"/><Feature code="F400061467" rank="6" referenceName="2200K [LED lamps]"/></Features><CSItems><CSItem code="IT4029169" rank="1" referenceName="Durability - Lifetime of lamp"/><CSItem code="IT4026387" rank="2" referenceName="Light characteristics - Light output"/><CSItem code="IT4026407" rank="3" referenceName="Rated values - Rated power"/><CSItem code="IT4029271" rank="4" referenceName="Bulb dimensions - Height"/><CSItem code="IT4026404" rank="5" referenceName="Other characteristics - Mercury content"/><CSItem code="IT4026378" rank="6" referenceName="Power consumption - Energy efficiency label"/><CSItem code="IT4026408" rank="7" referenceName="Rated values - Rated luminous flux"/><CSItem code="IT4029171" rank="8" referenceName="Durability - Number of switch cycles"/><CSItem code="IT4026405" rank="9" referenceName="Other characteristics - Power factor"/><CSItem code="IT4029053" rank="10" referenceName="Power consumption - Power consumption per 1000h"/><CSItem code="IT4029277" rank="12" referenceName="Bulb characteristics - Cap/fitting"/><CSItem code="IT4029167" rank="13" referenceName="Rated values - Rated lifetime"/><CSItem code="IT4029272" rank="14" referenceName="Bulb dimensions - Width"/><CSItem code="IT4026406" rank="15" referenceName="Other characteristics - Lamp current"/><CSItem code="IT4029193" rank="17" referenceName="Durability - Lumen maintenance factor"/><CSItem code="IT4044075" rank="18" referenceName="Power consumption - Power factor"/><CSItem code="IT4029279" rank="19" referenceName="Bulb characteristics - Dimmable"/><CSItem code="IT4029158" rank="20" referenceName="Light characteristics - Colour"/><CSItem code="IT4029164" rank="21" referenceName="Durability - Average life (at 2.7 hrs/day)"/><CSItem code="IT4044512" rank="22" referenceName="Bulb dimensions - Weight"/><CSItem code="IT4029159" rank="23" referenceName="Light characteristics - Colour temperature"/><CSItem code="IT4036606" rank="24" referenceName="Bulb characteristics - Voltage"/><CSItem code="IT4041312" rank="25" referenceName="Other characteristics - Range"/><CSItem code="IT4037689" rank="27" referenceName="Bulb characteristics - Wattage"/><CSItem code="IT4026384" rank="29" referenceName="Light characteristics - Light effect/finish"/><CSItem code="IT4029170" rank="30" referenceName="Light characteristics - Colour rendering index (CRI)"/><CSItem code="IT4037690" rank="31" referenceName="Bulb characteristics - Wattage equivalent"/><CSItem code="IT4044082" rank="32" referenceName="Other characteristics - Efficacy"/><CSItem code="IT4026390" rank="33" referenceName="Light characteristics - Starting time"/><CSItem code="IT4044055" rank="34" referenceName="Bulb characteristics - Intended use"/><CSItem code="IT4029160" rank="35" referenceName="Light characteristics - Warm-up time to 60% light"/><CSItem code="IT4044392" rank="36" referenceName="Bulb characteristics - Lamp shape"/><CSItem code="IT4044054" rank="37" referenceName="Bulb characteristics - Technology"/><CSItem code="IT4031131" rank="38" referenceName="Light characteristics - Colour consistency"/><CSItem code="IT4044501" rank="39" referenceName="Light characteristics - Suitable for accent lighting?"/></CSItems></Purpose><Purpose type="Detail"><Features><Feature code="F400082389" rank="1" referenceName="Replaces standard incandescent"/><Feature code="F400084636" rank="2" referenceName="Cord"/><Feature code="F400084635" rank="3" referenceName="Vintage range"/><Feature code="F400026039" rank="4" referenceName="Saves up to 80% energy"/><Feature code="F400078904" rank="5" referenceName="LEDClassic / Filament"/><Feature code="F400061467" rank="6" referenceName="2200K [LED lamps]"/></Features><CSItems><CSItem code="IT4029169" rank="1" referenceName="Durability - Lifetime of lamp"/><CSItem code="IT4026387" rank="2" referenceName="Light characteristics - Light output"/><CSItem code="IT4026407" rank="3" referenceName="Rated values - Rated power"/><CSItem code="IT4029271" rank="4" referenceName="Bulb dimensions - Height"/><CSItem code="IT4026404" rank="5" referenceName="Other characteristics - Mercury content"/><CSItem code="IT4026378" rank="6" referenceName="Power consumption - Energy efficiency label"/><CSItem code="IT4026408" rank="7" referenceName="Rated values - Rated luminous flux"/><CSItem code="IT4029171" rank="8" referenceName="Durability - Number of switch cycles"/><CSItem code="IT4026405" rank="9" referenceName="Other characteristics - Power factor"/><CSItem code="IT4029053" rank="10" referenceName="Power consumption - Power consumption per 1000h"/><CSItem code="IT4029277" rank="12" referenceName="Bulb characteristics - Cap/fitting"/><CSItem code="IT4029167" rank="13" referenceName="Rated values - Rated lifetime"/><CSItem code="IT4029272" rank="14" referenceName="Bulb dimensions - Width"/><CSItem code="IT4026406" rank="15" referenceName="Other characteristics - Lamp current"/><CSItem code="IT4029193" rank="17" referenceName="Durability - Lumen maintenance factor"/><CSItem code="IT4044075" rank="18" referenceName="Power consumption - Power factor"/><CSItem code="IT4029279" rank="19" referenceName="Bulb characteristics - Dimmable"/><CSItem code="IT4029158" rank="20" referenceName="Light characteristics - Colour"/><CSItem code="IT4029164" rank="21" referenceName="Durability - Average life (at 2.7 hrs/day)"/><CSItem code="IT4044512" rank="22" referenceName="Bulb dimensions - Weight"/><CSItem code="IT4029159" rank="23" referenceName="Light characteristics - Colour temperature"/><CSItem code="IT4036606" rank="24" referenceName="Bulb characteristics - Voltage"/><CSItem code="IT4041312" rank="25" referenceName="Other characteristics - Range"/><CSItem code="IT4037689" rank="27" referenceName="Bulb characteristics - Wattage"/><CSItem code="IT4026384" rank="29" referenceName="Light characteristics - Light effect/finish"/><CSItem code="IT4029170" rank="30" referenceName="Light characteristics - Colour rendering index (CRI)"/><CSItem code="IT4037690" rank="31" referenceName="Bulb characteristics - Wattage equivalent"/><CSItem code="IT4044082" rank="32" referenceName="Other characteristics - Efficacy"/><CSItem code="IT4026390" rank="33" referenceName="Light characteristics - Starting time"/><CSItem code="IT4044055" rank="34" referenceName="Bulb characteristics - Intended use"/><CSItem code="IT4029160" rank="35" referenceName="Light characteristics - Warm-up time to 60% light"/><CSItem code="IT4044392" rank="36" referenceName="Bulb characteristics - Lamp shape"/><CSItem code="IT4044054" rank="37" referenceName="Bulb characteristics - Technology"/><CSItem code="IT4031131" rank="38" referenceName="Light characteristics - Colour consistency"/><CSItem code="IT4044501" rank="39" referenceName="Light characteristics - Suitable for accent lighting?"/></CSItems></Purpose></Filters><FeatureCompareGroups/><Disclaimers/><RichTexts/></Product></Products>