<?xml version="1.0" encoding="UTF-8"?><Products xmlns:source="http://apache.org/cocoon/source/1.0" DocStatus="approved" DocTimeStamp="2018-10-23T10:43:36"><Product Country="GB" IsAccessory="false" IsMaster="false" Locale="en_GB" lastModified="2018-10-23T04:30:06" masterLastModified="2018-08-02T00:35:26"><CTN>8718699605513</CTN><Code12NC>929001819501</Code12NC><GTIN>8718699605513</GTIN><MarketingVersion>1.1.1</MarketingVersion><MarketingStatus>Final Published</MarketingStatus><CRDate>2018-08-17</CRDate><CRDateYW>201833</CRDateYW><ModelYears><ModelYear>2018</ModelYear></ModelYears><ProductDivision><ProductDivisionCode>0100</ProductDivisionCode><ProductDivisionName>Lighting</ProductDivisionName><FormerPDCode>0100</FormerPDCode></ProductDivision><ProductOwner>Hans Cramér</ProductOwner><DTN>8718699605513</DTN><Catalog><StartOfPublication>2018-08-20T00:00:00</StartOfPublication><EndOfPublication>2022-08-20T00:00:00</EndOfPublication><StartOfSales>2018-08-20T00:00:00</StartOfSales><EndOfSales>2022-08-20T00:00:00</EndOfSales><DummyPrice/><Deleted>false</Deleted><DeleteAfterDate/><ProductRank>50</ProductRank></Catalog><FinancialCategorization><BusinessGroupCode>9021</BusinessGroupCode><BusinessGroupName>Home</BusinessGroupName><BusinessUnitCode>9540</BusinessUnitCode><BusinessUnitName>Home Systems</BusinessUnitName><MainArticleGroupCode>W70</MainArticleGroupCode><MainArticleGroupName>Comfort &amp; Security</MainArticleGroupName><ArticleGroupCode>7495</ArticleGroupCode><ArticleGroupName>Hue White GU10</ArticleGroupName></FinancialCategorization><Categorization type="CONSUMER"><GroupCode>LIGHTING_GR</GroupCode><GroupName>Lighting</GroupName><CategoryCode>HUEWIRELESS_CA</CategoryCode><CategoryName>Hue</CategoryName><SubcategoryCode>BULBS_SU</SubcategoryCode><SubcategoryName>Bulbs</SubcategoryName></Categorization><Assets><Asset code="8718699605513" description="Leaflet" extension="pdf" lastModified="2018-09-18" locale="en_GB" number="001" type="PSS">http://download.p4c.philips.com/files/8/8718699605513/8718699605513_pss_enggb.pdf</Asset><Asset code="8718699605513" description="Retail Trade Leaflet" extension="pdf" lastModified="2018-09-18" locale="en_GB" number="001" type="RTL">http://download.p4c.philips.com/files/8/8718699605513/8718699605513_rtl_enggb.pdf</Asset><Asset code="8718699605513" description="Alternative product photograph 1 - highres 2196x1795" extension="tif" lastModified="2018-07-10" locale="global" number="001" type="A1P">http://images.philips.com/is/image/PhilipsConsumer/8718699605513-A1P-global-001</Asset><Asset code="8718699605513" description="Alternative product photograph - highres 2196x1795" extension="tif" lastModified="2018-07-10" locale="global" number="001" type="APP">http://images.philips.com/is/image/PhilipsConsumer/8718699605513-APP-global-001</Asset><Asset code="8718699605513" description="Packaging photograph - highres 1447x756" extension="tif" lastModified="2018-07-10" locale="global" number="001" type="PID">http://images.philips.com/is/image/PhilipsConsumer/8718699605513-PID-global-001</Asset><Asset code="8718699605513" description="Packaging photograph - master" extension="tif" lastModified="2018-07-10" locale="global" number="001" type="PIM">http://download.p4c.philips.com/files/8/8718699605513/8718699605513_pim_.tif</Asset><Asset code="8718699605513" description="Packaging photograph - small 90x65" extension="jpg" lastModified="2018-07-10" locale="global" number="001" type="PIS">http://download.p4c.philips.com/files/8/8718699605513/8718699605513_pis_.jpg</Asset><Asset code="8718699605513" description="Leaflet" extension="pdf" lastModified="2018-08-02" locale="global" number="001" type="PSS">http://download.p4c.philips.com/files/8/8718699605513/8718699605513_pss_.pdf</Asset><Asset code="8718699605513" description="Standard product photograph - highres 2196x1795" extension="tif" lastModified="2018-07-10" locale="global" number="001" type="RTP">http://images.philips.com/is/image/PhilipsConsumer/8718699605513-RTP-global-001</Asset><Asset code="8718699605513" description="Single product shot" extension="" lastModified="2018-10-23" locale="en_GB" number="" type="IMS">http://images.philips.com/is/image/PhilipsConsumer/8718699605513-IMS-en_GB</Asset><Asset code="8718699605513" description="Product gallery image set" extension="" lastModified="2018-10-23" locale="en_GB" number="" type="GAL">http://images.philips.com/is/image/PhilipsConsumer/8718699605513-GAL-en_GB</Asset><Asset code="8718699605513" description="Product URL" extension="" lastModified="2018-10-23" locale="en_GB" number="" type="URL">http://www.philips.co.uk/c-p/8718699605513/hue-white-single-bulb-gu10</Asset><Asset code="F400083548" description="Feature photograph - highres 2100x1170" extension="tif" lastModified="2017-07-13" locale="global" number="001" type="FIL">http://images.philips.com/is/image/PhilipsConsumer/F400083548-FIL-global-001</Asset><Asset code="F400083550" description="Feature photograph - highres 2100x1170" extension="tif" lastModified="2017-07-13" locale="global" number="001" type="FIL">http://images.philips.com/is/image/PhilipsConsumer/F400083550-FIL-global-001</Asset><Asset code="F400083552" description="Feature photograph - highres 2100x1170" extension="tif" lastModified="2017-07-13" locale="global" number="001" type="FIL">http://images.philips.com/is/image/PhilipsConsumer/F400083552-FIL-global-001</Asset><Asset code="F400083553" description="Feature photograph - highres 2100x1170" extension="tif" lastModified="2017-07-13" locale="global" number="001" type="FIL">http://images.philips.com/is/image/PhilipsConsumer/F400083553-FIL-global-001</Asset><Asset code="F400083558" description="Feature photograph - highres 2100x1170" extension="tif" lastModified="2017-07-13" locale="global" number="001" type="FIL">http://images.philips.com/is/image/PhilipsConsumer/F400083558-FIL-global-001</Asset><Asset code="F400083559" description="Feature photograph - highres 2100x1170" extension="tif" lastModified="2017-07-13" locale="global" number="001" type="FIL">http://images.philips.com/is/image/PhilipsConsumer/F400083559-FIL-global-001</Asset><Asset code="PHI" description="Brand logo - highres 1476x886" extension="tif" lastModified="2016-02-18" locale="global" number="001" type="BRP">http://images.philips.com/is/image/PhilipsConsumer/PHI-BRP-global-001</Asset></Assets><ProductName>1 x GU10 Bulb Single Bulb GU10</ProductName><FullProductName>Philips Hue White Single bulb GU10 8718699605513 1 x GU10 bulb Warm white light (2,700 K)</FullProductName><NamingString><MasterBrand><BrandCode>PHI</BrandCode><BrandName>Philips</BrandName></MasterBrand><BrandString>Philips</BrandString><Family><FamilyCode>SB40009219</FamilyCode><FamilyName>Hue White</FamilyName><FamilyNameUsed>1</FamilyNameUsed></Family><Descriptor><DescriptorCode>D4030077</DescriptorCode><DescriptorName>Single bulb GU10</DescriptorName></Descriptor><Alphanumeric>8718699605513</Alphanumeric><VersionElement1><VersionElementCode>V4045318</VersionElementCode><VersionElementName>1 x GU10 Bulb</VersionElementName></VersionElement1><VersionElement2><VersionElementCode>V4045334</VersionElementCode><VersionElementName>Warm white light (2700 K)</VersionElementName></VersionElement2><VersionString>1 x GU10 bulb Warm white light (2,700 K)</VersionString><BrandedFeatureString/><DescriptorBrandedFeatureString>Single bulb GU10</DescriptorBrandedFeatureString></NamingString><WOW>Automate your lights</WOW><SubWOW>for easy control and comfort</SubWOW><MarketingTextHeader>Add a Philips Hue white bulb to your system and enhance your home with warm white lighting that you can dim and control remotely. Automate your lights to make it seem like you're home when you're not or set timers.</MarketingTextHeader><KeyBenefitArea><KeyBenefitAreaCode>K4034643</KeyBenefitAreaCode><KeyBenefitAreaName>Easy control and comfort</KeyBenefitAreaName><KeyBenefitAreaRank>1</KeyBenefitAreaRank><Feature><FeatureCode>F400083548</FeatureCode><FeatureReferenceName>Smart control, home and away</FeatureReferenceName><FeatureName>Smart control, home and away</FeatureName><FeatureLongDescription>Smart control, home and away</FeatureLongDescription><FeatureGlossary>With the Philips Hue iOS and Android apps, you can control your lights remotely wherever you are. Check if you have forgotten to switch your lights off before you left home, and switch them on if you are working late.</FeatureGlossary><FeatureRank>1</FeatureRank><FeatureTopRank>1</FeatureTopRank></Feature><Feature><FeatureCode>F400083550</FeatureCode><FeatureReferenceName>Timers for your convenience</FeatureReferenceName><FeatureName>Timers for your convenience</FeatureName><FeatureLongDescription>Set timers for your convenience</FeatureLongDescription><FeatureGlossary>Philips Hue can make it seem like you're at home when you're not, using the schedule function in the Philips Hue app. Set the lights to come on at a pre-set time, so the lights are on when you arrive home. You can even set rooms to light up at different times. And of course, you can let the lights turn off gradually in the night, so you never have to worry whether you've left any lights on.</FeatureGlossary><FeatureRank>2</FeatureRank><FeatureTopRank>2</FeatureTopRank></Feature><Feature><FeatureCode>F400083552</FeatureCode><FeatureReferenceName>Installation free dimming</FeatureReferenceName><FeatureName>Installation-free dimming</FeatureName><FeatureLongDescription>Installation-free dimming</FeatureLongDescription><FeatureGlossary>Experience guaranteed smooth dimming with Philips Hue. Not too bright. Not too dark. Just right. No need for wires, an electrician or installation</FeatureGlossary><FeatureRank>3</FeatureRank><FeatureTopRank>3</FeatureTopRank></Feature><Feature><FeatureCode>F400083553</FeatureCode><FeatureReferenceName>Control it your way</FeatureReferenceName><FeatureName>Control it your way</FeatureName><FeatureLongDescription>Control it your way</FeatureLongDescription><FeatureGlossary>Connect your Philips Hue lights with the bridge and start discovering the endless possibilities. Control your lights from your smartphone or tablet via the Philips Hue app, or add switches to your system to activate your lights. Set timers, notifications, alarms and more for the full Philips Hue experience. Philips Hue even works with Amazon Alexa, Apple Homekit and Google Home to allow you to control your lights with your voice.</FeatureGlossary><FeatureRank>4</FeatureRank><FeatureTopRank>4</FeatureTopRank></Feature><Feature><FeatureCode>F400083559</FeatureCode><FeatureReferenceName>Requires a Philips Hue bridge</FeatureReferenceName><FeatureName>Requires a Philips Hue bridge</FeatureName><FeatureLongDescription>Requires a Philips Hue bridge</FeatureLongDescription><FeatureGlossary>Connect your Philips Hue lights with the bridge to control your lights from your smartphone or tablet via the Philips Hue app.</FeatureGlossary><FeatureRank>5</FeatureRank><FeatureTopRank>5</FeatureTopRank></Feature><Feature><FeatureCode>F400083558</FeatureCode><FeatureReferenceName>Wirelessly controllable LED</FeatureReferenceName><FeatureName>Wirelessly controllable LED</FeatureName><FeatureLongDescription>Wirelessly controllable LED bulb</FeatureLongDescription><FeatureGlossary>This LED bulb is wirelessly controllable if you connect it to the Philips Hue bridge for smart control or to the Philips Hue dimmer switch.</FeatureGlossary><FeatureRank>6</FeatureRank><FeatureTopRank>6</FeatureTopRank></Feature><Feature><FeatureCode>F400083557</FeatureCode><FeatureReferenceName>Compatible device required</FeatureReferenceName><FeatureName>Compatible device required</FeatureName><FeatureLongDescription>Dimmable only with Philips Hue-compatible devices</FeatureLongDescription><FeatureGlossary>This product is only dimmable if connected to the Philips Hue bridge or to a Philips Hue compatible device</FeatureGlossary><FeatureRank>7</FeatureRank><FeatureTopRank>7</FeatureTopRank></Feature></KeyBenefitArea><FeatureImage><FeatureCode>F400083548</FeatureCode><FeatureReferenceName>Smart control, home and away</FeatureReferenceName><FeatureImageRank>1</FeatureImageRank></FeatureImage><FeatureImage><FeatureCode>F400083550</FeatureCode><FeatureReferenceName>Timers for your convenience</FeatureReferenceName><FeatureImageRank>2</FeatureImageRank></FeatureImage><FeatureImage><FeatureCode>F400083552</FeatureCode><FeatureReferenceName>Installation free dimming</FeatureReferenceName><FeatureImageRank>3</FeatureImageRank></FeatureImage><FeatureImage><FeatureCode>F400083553</FeatureCode><FeatureReferenceName>Control it your way</FeatureReferenceName><FeatureImageRank>4</FeatureImageRank></FeatureImage><FeatureImage><FeatureCode>F400083559</FeatureCode><FeatureReferenceName>Requires a Philips Hue bridge</FeatureReferenceName><FeatureImageRank>5</FeatureImageRank></FeatureImage><FeatureImage><FeatureCode>F400083558</FeatureCode><FeatureReferenceName>Wirelessly controllable LED</FeatureReferenceName><FeatureImageRank>6</FeatureImageRank></FeatureImage><FeatureImage><FeatureCode>F400083557</FeatureCode><FeatureReferenceName>Compatible device required</FeatureReferenceName><FeatureImageRank>7</FeatureImageRank></FeatureImage><FeatureHighlight><FeatureCode>F400083548</FeatureCode><FeatureReferenceName>Smart control, home and away</FeatureReferenceName><FeatureHighlightRank>1</FeatureHighlightRank></FeatureHighlight><FeatureHighlight><FeatureCode>F400083550</FeatureCode><FeatureReferenceName>Timers for your convenience</FeatureReferenceName><FeatureHighlightRank>2</FeatureHighlightRank></FeatureHighlight><FeatureHighlight><FeatureCode>F400083552</FeatureCode><FeatureReferenceName>Installation free dimming</FeatureReferenceName><FeatureHighlightRank>3</FeatureHighlightRank></FeatureHighlight><FeatureHighlight><FeatureCode>F400083553</FeatureCode><FeatureReferenceName>Control it your way</FeatureReferenceName><FeatureHighlightRank>4</FeatureHighlightRank></FeatureHighlight><FeatureHighlight><FeatureCode>F400083559</FeatureCode><FeatureReferenceName>Requires a Philips Hue bridge</FeatureReferenceName><FeatureHighlightRank>5</FeatureHighlightRank></FeatureHighlight><FeatureHighlight><FeatureCode>F400083558</FeatureCode><FeatureReferenceName>Wirelessly controllable LED</FeatureReferenceName><FeatureHighlightRank>6</FeatureHighlightRank></FeatureHighlight><FeatureHighlight><FeatureCode>F400083557</FeatureCode><FeatureReferenceName>Compatible device required</FeatureReferenceName><FeatureHighlightRank>7</FeatureHighlightRank></FeatureHighlight><CSChapter><CSChapterCode>CH4005963</CSChapterCode><CSChapterName>The bulb</CSChapterName><CSChapterRank>3</CSChapterRank><CSItem><CSItemCode>IT4044100</CSItemCode><CSItemName>Power factor</CSItemName><CSItemRank>1</CSItemRank><CSItemIsFreeFormat>1</CSItemIsFreeFormat><CSValue><CSValueCode>VA4101492</CSValueCode><CSValueName>&gt;0.5</CSValueName><CSValueRank>1</CSValueRank></CSValue></CSItem><CSItem><CSItemCode>IT4044109</CSItemCode><CSItemName>Number of switching cycles</CSItemName><CSItemRank>2</CSItemRank><CSItemIsFreeFormat>1</CSItemIsFreeFormat><CSValue><CSValueCode>VA4101504</CSValueCode><CSValueName>50000</CSValueName><CSValueRank>1</CSValueRank></CSValue></CSItem><CSItem><CSItemCode>IT4044812</CSItemCode><CSItemName>Rated lifetime</CSItemName><CSItemRank>3</CSItemRank><CSItemIsFreeFormat>1</CSItemIsFreeFormat><CSValue><CSValueCode>VA4102734</CSValueCode><CSValueName>15,000</CSValueName><CSValueRank>1</CSValueRank></CSValue><UnitOfMeasure><UnitOfMeasureCode>4000007</UnitOfMeasureCode><UnitOfMeasureName>-Hour</UnitOfMeasureName><UnitOfMeasureSymbol>hour(s)</UnitOfMeasureSymbol></UnitOfMeasure></CSItem><CSItem><CSItemCode>IT4044735</CSItemCode><CSItemName>Energy efficiency label</CSItemName><CSItemRank>4</CSItemRank><CSItemIsFreeFormat>0</CSItemIsFreeFormat><CSValue><CSValueCode>VA4102625</CSValueCode><CSValueName>A</CSValueName><CSValueRank>1</CSValueRank></CSValue></CSItem><CSItem><CSItemCode>IT4029084</CSItemCode><CSItemName>Fitting</CSItemName><CSItemRank>5</CSItemRank><CSItemIsFreeFormat>1</CSItemIsFreeFormat><CSValue><CSValueCode>VA4067490</CSValueCode><CSValueName>GU10</CSValueName><CSValueRank>1</CSValueRank></CSValue></CSItem><CSItem><CSItemCode>IT4029087</CSItemCode><CSItemName>Form factor</CSItemName><CSItemRank>6</CSItemRank><CSItemIsFreeFormat>1</CSItemIsFreeFormat><CSValue><CSValueCode>VA4067493</CSValueCode><CSValueName>GU10</CSValueName><CSValueRank>1</CSValueRank></CSValue></CSItem><CSItem><CSItemCode>IT4029088</CSItemCode><CSItemName>Lifetime</CSItemName><CSItemRank>7</CSItemRank><CSItemIsFreeFormat>1</CSItemIsFreeFormat><CSValue><CSValueCode>VA4067494</CSValueCode><CSValueName>15000</CSValueName><CSValueRank>1</CSValueRank></CSValue><UnitOfMeasure><UnitOfMeasureCode>4000007</UnitOfMeasureCode><UnitOfMeasureName>-Hour</UnitOfMeasureName><UnitOfMeasureSymbol>hour(s)</UnitOfMeasureSymbol></UnitOfMeasure></CSItem><CSItem><CSItemCode>IT4039633</CSItemCode><CSItemName>Colour temperature</CSItemName><CSItemRank>8</CSItemRank><CSItemIsFreeFormat>1</CSItemIsFreeFormat><CSValue><CSValueCode>VA4092553</CSValueCode><CSValueName>2700K</CSValueName><CSValueRank>1</CSValueRank></CSValue></CSItem><CSItem><CSItemCode>IT4039632</CSItemCode><CSItemName>Wattage</CSItemName><CSItemRank>9</CSItemRank><CSItemIsFreeFormat>1</CSItemIsFreeFormat><CSValue><CSValueCode>VA4092547</CSValueCode><CSValueName>5.5</CSValueName><CSValueRank>1</CSValueRank></CSValue><UnitOfMeasure><UnitOfMeasureCode>3000072</UnitOfMeasureCode><UnitOfMeasureName>watt</UnitOfMeasureName><UnitOfMeasureSymbol>W</UnitOfMeasureSymbol></UnitOfMeasure></CSItem><CSItem><CSItemCode>IT4029085</CSItemCode><CSItemName>Max. operation power</CSItemName><CSItemRank>10</CSItemRank><CSItemIsFreeFormat>1</CSItemIsFreeFormat><CSValue><CSValueCode>VA4067491</CSValueCode><CSValueName>5.5</CSValueName><CSValueRank>1</CSValueRank></CSValue><UnitOfMeasure><UnitOfMeasureCode>3000072</UnitOfMeasureCode><UnitOfMeasureName>watt</UnitOfMeasureName><UnitOfMeasureSymbol>W</UnitOfMeasureSymbol></UnitOfMeasure></CSItem><CSItem><CSItemCode>IT4029086</CSItemCode><CSItemName>Max. standby power</CSItemName><CSItemRank>11</CSItemRank><CSItemIsFreeFormat>1</CSItemIsFreeFormat><CSValue><CSValueCode>VA4067492</CSValueCode><CSValueName>0.1</CSValueName><CSValueRank>1</CSValueRank></CSValue><UnitOfMeasure><UnitOfMeasureCode>3000072</UnitOfMeasureCode><UnitOfMeasureName>watt</UnitOfMeasureName><UnitOfMeasureSymbol>W</UnitOfMeasureSymbol></UnitOfMeasure></CSItem><CSItem><CSItemCode>IT4029092</CSItemCode><CSItemName>Light output</CSItemName><CSItemRank>12</CSItemRank><CSItemIsFreeFormat>0</CSItemIsFreeFormat><CSValue><CSValueCode>VA4092552</CSValueCode><CSValueName>High-quality white light</CSValueName><CSValueRank>5</CSValueRank></CSValue><CSValue><CSValueCode>VA4075784</CSValueCode><CSValueName>Dimmable via smart device only</CSValueName><CSValueRank>12</CSValueRank></CSValue><CSValue><CSValueCode>VA4103570</CSValueCode><CSValueName>Beam angle 46°</CSValueName><CSValueRank>14</CSValueRank></CSValue></CSItem><CSItem><CSItemCode>IT4039603</CSItemCode><CSItemName>Lumen output</CSItemName><CSItemRank>13</CSItemRank><CSItemIsFreeFormat>0</CSItemIsFreeFormat><CSValue><CSValueCode>VA4103571</CSValueCode><CSValueName>300 lm</CSValueName><CSValueRank>15</CSValueRank></CSValue></CSItem><CSItem><CSItemCode>IT4039665</CSItemCode><CSItemName>Input voltage</CSItemName><CSItemRank>14</CSItemRank><CSItemIsFreeFormat>0</CSItemIsFreeFormat><CSValue><CSValueCode>VA4092590</CSValueCode><CSValueName>220 V-240 V</CSValueName><CSValueRank>7</CSValueRank></CSValue></CSItem><CSItem><CSItemCode>IT4029091</CSItemCode><CSItemName>Software upgradable</CSItemName><CSItemRank>15</CSItemRank><CSItemIsFreeFormat>0</CSItemIsFreeFormat><CSValue><CSValueCode>VA4092589</CSValueCode><CSValueName>when connected to Hue bridge</CSValueName><CSValueRank>6</CSValueRank></CSValue></CSItem><CSItem><CSItemCode>IT4032291</CSItemCode><CSItemName>Start up</CSItemName><CSItemRank>16</CSItemRank><CSItemIsFreeFormat>0</CSItemIsFreeFormat><CSValue><CSValueCode>VA4075781</CSValueCode><CSValueName>Instant 100% light output</CSValueName><CSValueRank>2</CSValueRank></CSValue></CSItem><CSItem><CSItemCode>IT4039629</CSItemCode><CSItemName>Height</CSItemName><CSItemRank>17</CSItemRank><CSItemIsFreeFormat>1</CSItemIsFreeFormat><CSValue><CSValueCode>VA4092544</CSValueCode><CSValueName>57</CSValueName><CSValueRank>1</CSValueRank></CSValue><UnitOfMeasure><UnitOfMeasureCode>3000058</UnitOfMeasureCode><UnitOfMeasureName>millimetre</UnitOfMeasureName><UnitOfMeasureSymbol>mm</UnitOfMeasureSymbol></UnitOfMeasure></CSItem><CSItem><CSItemCode>IT4039631</CSItemCode><CSItemName>Width</CSItemName><CSItemRank>18</CSItemRank><CSItemIsFreeFormat>1</CSItemIsFreeFormat><CSValue><CSValueCode>VA4092546</CSValueCode><CSValueName>50</CSValueName><CSValueRank>1</CSValueRank></CSValue><UnitOfMeasure><UnitOfMeasureCode>3000058</UnitOfMeasureCode><UnitOfMeasureName>millimetre</UnitOfMeasureName><UnitOfMeasureSymbol>mm</UnitOfMeasureSymbol></UnitOfMeasure></CSItem></CSChapter><CSChapter><CSChapterCode>CH4005962</CSChapterCode><CSChapterName>What's in the box</CSChapterName><CSChapterRank>4</CSChapterRank><CSItem><CSItemCode>IT4039588</CSItemCode><CSItemName>Hue white bulbs</CSItemName><CSItemRank>1</CSItemRank><CSItemIsFreeFormat>1</CSItemIsFreeFormat><CSValue><CSValueCode>VA4092471</CSValueCode><CSValueName>1</CSValueName><CSValueRank>1</CSValueRank></CSValue></CSItem></CSChapter><CSChapter><CSChapterCode>CH4005961</CSChapterCode><CSChapterName>Environmental</CSChapterName><CSChapterRank>5</CSChapterRank><CSItem><CSItemCode>IT4029075</CSItemCode><CSItemName>Operational humidity</CSItemName><CSItemRank>1</CSItemRank><CSItemIsFreeFormat>0</CSItemIsFreeFormat><CSValue><CSValueCode>VA4092548</CSValueCode><CSValueName>5% &lt; H &lt; 95% (non-condensing)</CSValueName><CSValueRank>8</CSValueRank></CSValue></CSItem><CSItem><CSItemCode>IT4029074</CSItemCode><CSItemName>Operational temperature</CSItemName><CSItemRank>2</CSItemRank><CSItemIsFreeFormat>0</CSItemIsFreeFormat><CSValue><CSValueCode>VA4102738</CSValueCode><CSValueName>-20 °C to 45 °C</CSValueName><CSValueRank>11</CSValueRank></CSValue></CSItem></CSChapter><CSChapter><CSChapterCode>CHA_0000075</CSChapterCode><CSChapterName>Guarantee</CSChapterName><CSChapterRank>6</CSChapterRank><CSItem><CSItemCode>IT4022831</CSItemCode><CSItemName>2 years</CSItemName><CSItemRank>1</CSItemRank><CSItemIsFreeFormat>0</CSItemIsFreeFormat><CSValue><CSValueCode>VA4053581</CSValueCode><CSValueName>Yes</CSValueName><CSValueRank>3</CSValueRank></CSValue></CSItem></CSChapter><Filters><Purpose type="Comparison"><Features><Feature code="F400083548" rank="1" referenceName="Smart control, home and away"/><Feature code="F400083550" rank="2" referenceName="Timers for your convenience"/><Feature code="F400083552" rank="3" referenceName="Installation free dimming"/><Feature code="F400083553" rank="4" referenceName="Control it your way"/><Feature code="F400083559" rank="5" referenceName="Requires a Philips Hue bridge"/><Feature code="F400083558" rank="6" referenceName="Wirelessly controllable LED"/><Feature code="F400083557" rank="7" referenceName="Compatible device required"/></Features><CSItems><CSItem code="IT4044100" rank="1" referenceName="The bulb - Power factor"/><CSItem code="IT4039588" rank="1" referenceName="What's in the box - Hue white bulbs"/><CSItem code="IT4029075" rank="1" referenceName="Environmental - Operational humidity"/><CSItem code="IT4022831" rank="1" referenceName="Guarantee - 2 years"/><CSItem code="IT4044109" rank="2" referenceName="The bulb - Number of switching cycles"/><CSItem code="IT4029074" rank="2" referenceName="Environmental - Operational temperature"/><CSItem code="IT4044812" rank="3" referenceName="The bulb - Rated lifetime"/><CSItem code="IT4044735" rank="4" referenceName="The bulb - Energy efficiency label"/><CSItem code="IT4029084" rank="5" referenceName="The bulb - Fitting"/><CSItem code="IT4029087" rank="6" referenceName="The bulb - Form factor"/><CSItem code="IT4029088" rank="7" referenceName="The bulb - Lifetime"/><CSItem code="IT4039633" rank="8" referenceName="The bulb - Colour temperature"/><CSItem code="IT4039632" rank="9" referenceName="The bulb - Wattage"/><CSItem code="IT4029085" rank="10" referenceName="The bulb - Max. operation power"/><CSItem code="IT4029086" rank="11" referenceName="The bulb - Max. standby power"/><CSItem code="IT4029092" rank="12" referenceName="The bulb - Light output"/><CSItem code="IT4039603" rank="13" referenceName="The bulb - Lumen output"/><CSItem code="IT4039665" rank="14" referenceName="The bulb - Input voltage"/><CSItem code="IT4029091" rank="15" referenceName="The bulb - Software upgradable"/><CSItem code="IT4032291" rank="16" referenceName="The bulb - Start up"/><CSItem code="IT4039629" rank="17" referenceName="The bulb - Height"/><CSItem code="IT4039631" rank="18" referenceName="The bulb - Width"/></CSItems></Purpose><Purpose type="Detail"><Features><Feature code="F400083548" rank="1" referenceName="Smart control, home and away"/><Feature code="F400083550" rank="2" referenceName="Timers for your convenience"/><Feature code="F400083552" rank="3" referenceName="Installation free dimming"/><Feature code="F400083553" rank="4" referenceName="Control it your way"/><Feature code="F400083559" rank="5" referenceName="Requires a Philips Hue bridge"/><Feature code="F400083558" rank="6" referenceName="Wirelessly controllable LED"/><Feature code="F400083557" rank="7" referenceName="Compatible device required"/></Features><CSItems><CSItem code="IT4044100" rank="1" referenceName="The bulb - Power factor"/><CSItem code="IT4039588" rank="1" referenceName="What's in the box - Hue white bulbs"/><CSItem code="IT4029075" rank="1" referenceName="Environmental - Operational humidity"/><CSItem code="IT4022831" rank="1" referenceName="Guarantee - 2 years"/><CSItem code="IT4044109" rank="2" referenceName="The bulb - Number of switching cycles"/><CSItem code="IT4029074" rank="2" referenceName="Environmental - Operational temperature"/><CSItem code="IT4044812" rank="3" referenceName="The bulb - Rated lifetime"/><CSItem code="IT4044735" rank="4" referenceName="The bulb - Energy efficiency label"/><CSItem code="IT4029084" rank="5" referenceName="The bulb - Fitting"/><CSItem code="IT4029087" rank="6" referenceName="The bulb - Form factor"/><CSItem code="IT4029088" rank="7" referenceName="The bulb - Lifetime"/><CSItem code="IT4039633" rank="8" referenceName="The bulb - Colour temperature"/><CSItem code="IT4039632" rank="9" referenceName="The bulb - Wattage"/><CSItem code="IT4029085" rank="10" referenceName="The bulb - Max. operation power"/><CSItem code="IT4029086" rank="11" referenceName="The bulb - Max. standby power"/><CSItem code="IT4029092" rank="12" referenceName="The bulb - Light output"/><CSItem code="IT4039603" rank="13" referenceName="The bulb - Lumen output"/><CSItem code="IT4039665" rank="14" referenceName="The bulb - Input voltage"/><CSItem code="IT4029091" rank="15" referenceName="The bulb - Software upgradable"/><CSItem code="IT4032291" rank="16" referenceName="The bulb - Start up"/><CSItem code="IT4039629" rank="17" referenceName="The bulb - Height"/><CSItem code="IT4039631" rank="18" referenceName="The bulb - Width"/></CSItems></Purpose></Filters><FeatureCompareGroups/><Disclaimers/><RichTexts/></Product></Products>