<?xml version="1.0" encoding="UTF-8"?><Products xmlns:source="http://apache.org/cocoon/source/1.0" DocStatus="approved" DocTimeStamp="2018-10-23T10:43:36"><Product Country="GB" IsAccessory="false" IsMaster="false" Locale="en_GB" lastModified="2018-10-23T04:30:06" masterLastModified="2017-03-31T00:19:45"><CTN>SCF355/00</CTN><GTIN>08710103658443</GTIN><MarketingVersion>8.0.1</MarketingVersion><MarketingStatus>Final Published</MarketingStatus><CRDate>2014-02-21</CRDate><CRDateYW>201408</CRDateYW><ModelYears><ModelYear>2014</ModelYear></ModelYears><ProductDivision><ProductDivisionCode>0200</ProductDivisionCode><ProductDivisionName>Consumer Lifestyle</ProductDivisionName><FormerPDCode>0300</FormerPDCode></ProductDivision><ProductOwner>Mylan Chen</ProductOwner><DTN>SCF355/00</DTN><Catalog><StartOfPublication>2014-02-21T00:00:00</StartOfPublication><EndOfPublication>2020-03-21T00:00:00</EndOfPublication><StartOfSales>2014-02-21T00:00:00</StartOfSales><EndOfSales>2020-03-21T00:00:00</EndOfSales><DummyPrice>35</DummyPrice><Deleted>false</Deleted><DeleteAfterDate/><ProductRank>99</ProductRank></Catalog><FinancialCategorization><BusinessGroupCode>9050</BusinessGroupCode><BusinessGroupName>Health &amp; Wellness</BusinessGroupName><BusinessUnitCode>0362</BusinessUnitCode><BusinessUnitName>Mother &amp; Child Care</BusinessUnitName><MainArticleGroupCode>O38</MainArticleGroupCode><MainArticleGroupName>Healthy feeding</MainArticleGroupName><ArticleGroupCode>3186</ArticleGroupCode><ArticleGroupName>Bottle warmers</ArticleGroupName></FinancialCategorization><Categorization type="CONSUMER"><GroupCode>MOTHER_AND_CHILD_CARE_GR</GroupCode><GroupName>Mother &amp; child care</GroupName><CategoryCode>MCC_BOTTLEWARMERS_STERILIZERS_CA</CategoryCode><CategoryName>Bottle warmers &amp; sterilizers</CategoryName><SubcategoryCode>MCC_BOTTLE_WARMERS_SU</SubcategoryCode><SubcategoryName>Baby bottle warmers</SubcategoryName></Categorization><Assets><Asset code="SCF355_00" description="User manual" extension="pdf" lastModified="2018-08-30" locale="en_GB" number="001" type="DFU">http://download.p4c.philips.com/files/s/scf355_00/scf355_00_dfu_eng.pdf</Asset><Asset code="SCF355_00" description="Key award 1" extension="tif" lastModified="2016-11-18" locale="en_GB" number="001" type="KA1">http://images.philips.com/is/image/PhilipsConsumer/SCF355_00-KA1-en_GB-001</Asset><Asset code="SCF355_00" description="Key Award 2 " extension="tif" lastModified="2017-09-07" locale="en_GB" number="001" type="KA2">http://images.philips.com/is/image/PhilipsConsumer/SCF355_00-KA2-en_GB-001</Asset><Asset code="SCF355_00" description="Leaflet" extension="pdf" lastModified="2018-07-09" locale="en_GB" number="001" type="PSS">http://download.p4c.philips.com/files/s/scf355_00/scf355_00_pss_enggb.pdf</Asset><Asset code="SCF355_00" description="Retail Trade Leaflet" extension="pdf" lastModified="2018-10-05" locale="en_GB" number="001" type="RTL">http://download.p4c.philips.com/files/s/scf355_00/scf355_00_rtl_enggb.pdf</Asset><Asset code="SCF355_00" description="Single product shot" extension="" lastModified="2018-10-23" locale="en_GB" number="" type="IMS">http://images.philips.com/is/image/PhilipsConsumer/SCF355_00-IMS-en_GB</Asset><Asset code="SCF355_00" description="Product gallery image set" extension="" lastModified="2018-10-23" locale="en_GB" number="" type="GAL">http://images.philips.com/is/image/PhilipsConsumer/SCF355_00-GAL-en_GB</Asset><Asset code="SCF355_00" description="Product URL" extension="" lastModified="2018-10-23" locale="en_GB" number="" type="URL">http://www.philips.co.uk/c-p/SCF355_00/avent-fast-bottle-warmer</Asset><Asset code="ALS_10000002" description="Award www" extension="html" lastModified="" locale="en_GB" number="001" type="AWW">http://alatest.co.uk/redirect/sources/10000002/50428/</Asset><Asset code="ALS_49000084" description="Award www" extension="html" lastModified="" locale="global" number="001" type="AWW">http://alatest.co.uk/redirect/sources/49000084/50428/</Asset><Asset code="ALS_49000084" description="Award www" extension="html" lastModified="" locale="en_GB" number="001" type="AWW">http://alatest.co.uk/redirect/sources/49000084/50428/</Asset><Asset code="AVE" description="Brand logo - highres 1476x886" extension="jpg" lastModified="2008-08-06" locale="global" number="001" type="BRP">http://images.philips.com/is/image/PhilipsConsumer/AVE-BRP-global-001</Asset><Asset code="F400066687" description="Feature photograph - highres 2100x1170" extension="tif" lastModified="2017-02-22" locale="global" number="001" type="FIL">http://images.philips.com/is/image/PhilipsConsumer/F400066687-FIL-global-001</Asset><Asset code="F400072264" description="Feature photograph - highres 2100x1170" extension="tif" lastModified="2017-02-22" locale="global" number="001" type="FIL">http://images.philips.com/is/image/PhilipsConsumer/F400072264-FIL-global-001</Asset><Asset code="F400072265" description="Feature photograph - highres 2100x1170" extension="tif" lastModified="2017-02-22" locale="global" number="001" type="FIL">http://images.philips.com/is/image/PhilipsConsumer/F400072265-FIL-global-001</Asset><Asset code="F400072268_SCF355_00" description="Feature photograph - highres 2100x1170" extension="tif" lastModified="2017-02-22" locale="global" number="001" type="FIL">http://images.philips.com/is/image/PhilipsConsumer/F400072268_SCF355_00-FIL-global-001</Asset><Asset code="F400072272_SCF355_00" description="Feature photograph - highres 2100x1170" extension="tif" lastModified="2017-02-22" locale="global" number="001" type="FIL">http://images.philips.com/is/image/PhilipsConsumer/F400072272_SCF355_00-FIL-global-001</Asset><Asset code="F400072275" description="Feature photograph - highres 2100x1170" extension="tif" lastModified="2016-02-15" locale="global" number="001" type="FIL">http://images.philips.com/is/image/PhilipsConsumer/F400072275-FIL-global-001</Asset><Asset code="F400072278" description="Feature photograph - highres 2100x1170" extension="tif" lastModified="2015-04-09" locale="global" number="001" type="FIL">http://images.philips.com/is/image/PhilipsConsumer/F400072278-FIL-global-001</Asset><Asset code="GA_GREEN" description="needs to be blocked as code in CCR Global award logo - master" extension="eps" lastModified="2010-09-22" locale="global" number="001" type="GAL">GA_GREEN-GAL-global-001.eps</Asset><Asset code="GA_GREEN" description="Global award logo - highres 590x590" extension="tif" lastModified="2010-09-22" locale="global" number="001" type="GAP">http://images.philips.com/is/image/PhilipsConsumer/GA_GREEN-GAP-global-001</Asset><Asset code="PHI" description="Brand logo - highres 1476x886" extension="tif" lastModified="2016-02-18" locale="global" number="001" type="BRP">http://images.philips.com/is/image/PhilipsConsumer/PHI-BRP-global-001</Asset></Assets><ProductName>Warms evenly, no hot spots Fast bottle warmer</ProductName><FullProductName>Philips Avent Fast bottle warmer SCF355/00 Warms evenly, no hot spots Warms quickly Gentle defrosting Warms baby food too</FullProductName><NamingString><MasterBrand><BrandCode>PHI</BrandCode><BrandName>Philips</BrandName></MasterBrand><Partner><PartnerBrand><BrandCode>AVE</BrandCode><BrandName>Avent</BrandName></PartnerBrand><PartnerBrandType>MakersMark</PartnerBrandType></Partner><BrandString>Philips Avent</BrandString><Descriptor><DescriptorCode>D4025849</DescriptorCode><DescriptorName>Fast bottle warmer</DescriptorName></Descriptor><Alphanumeric>SCF355/00</Alphanumeric><VersionElement1><VersionElementCode>V4039457</VersionElementCode><VersionElementName>Warms evenly, no hot spots</VersionElementName></VersionElement1><VersionElement2><VersionElementCode>V4039455</VersionElementCode><VersionElementName>Warms quickly</VersionElementName></VersionElement2><VersionElement3><VersionElementCode>V4039458</VersionElementCode><VersionElementName>Gentle defrosting</VersionElementName></VersionElement3><VersionElement4><VersionElementCode>V4039868</VersionElementCode><VersionElementName>Warms baby food too</VersionElementName></VersionElement4><VersionString>Warms evenly, no hot spots Warms quickly Gentle defrosting Warms baby food too</VersionString><BrandedFeatureString/><DescriptorBrandedFeatureString>Fast bottle warmer</DescriptorBrandedFeatureString></NamingString><WOW>Our fastest electric bottle warmer</WOW><SubWOW>Quickly and evenly warms your milk</SubWOW><MarketingTextHeader>For days when you're rushed off your feet, this Philips Avent baby bottle warmer warms your milk quickly and evenly in just 3 minutes. Easy to operate, it features a handy defrost setting and can also be used to warm baby food.</MarketingTextHeader><KeyBenefitArea><KeyBenefitAreaCode>K4027295</KeyBenefitAreaCode><KeyBenefitAreaName>Fast warming</KeyBenefitAreaName><KeyBenefitAreaRank>1</KeyBenefitAreaRank><Feature><FeatureCode>F400072264</FeatureCode><FeatureReferenceName>Warms in 3 minutes (Bottle Warmers 2015)</FeatureReferenceName><FeatureName>Warms in 3 minutes</FeatureName><FeatureLongDescription>Warms baby bottles in 3 minutes</FeatureLongDescription><FeatureGlossary>The bottle warmer will warm 150 ml/5 oz of milk in just 3 minutes*.</FeatureGlossary><FeatureRank>1</FeatureRank><FeatureTopRank>1</FeatureTopRank></Feature></KeyBenefitArea><KeyBenefitArea><KeyBenefitAreaCode>K4030706</KeyBenefitAreaCode><KeyBenefitAreaName>Even warming</KeyBenefitAreaName><KeyBenefitAreaRank>2</KeyBenefitAreaRank><Feature><FeatureCode>F400072265</FeatureCode><FeatureReferenceName>Warms quickly and evenly (Bottle Warmers 2015)</FeatureReferenceName><FeatureName>Warms quickly and evenly</FeatureName><FeatureLongDescription>Warms quickly and evenly</FeatureLongDescription><FeatureGlossary>The bottle warmer warms quickly and evenly. By circulating the milk continuously as it warms, hot spots are also prevented.</FeatureGlossary><FeatureRank>1</FeatureRank><FeatureTopRank>2</FeatureTopRank></Feature></KeyBenefitArea><KeyBenefitArea><KeyBenefitAreaCode>K4030707</KeyBenefitAreaCode><KeyBenefitAreaName>Convenient and compatible</KeyBenefitAreaName><KeyBenefitAreaRank>3</KeyBenefitAreaRank><Feature><FeatureCode>F400072268_SCF355_00</FeatureCode><FeatureReferenceName>Gentle defrost setting (Bottle Warmers 2015)</FeatureReferenceName><FeatureName>Gentle defrost setting</FeatureName><FeatureLongDescription>Gentle defrost setting for baby bottles</FeatureLongDescription><FeatureGlossary>The bottle warmer features a handy defrost setting. Safer than defrosting in a microwave and more convenient than using water. Simply select the setting to defrost frozen milk or baby food to liquid.</FeatureGlossary><FeatureRank>1</FeatureRank><FeatureTopRank>3</FeatureTopRank></Feature><Feature><FeatureCode>F400072272_SCF355_00</FeatureCode><FeatureReferenceName>Warms baby food too (Bottle Warmers 2015)</FeatureReferenceName><FeatureName>Warms baby food too</FeatureName><FeatureLongDescription>Use to warm baby food too</FeatureLongDescription><FeatureGlossary>As well as baby bottles, you can also use the bottle warmer to gently and evenly warm baby food.</FeatureGlossary><FeatureRank>2</FeatureRank><FeatureTopRank>4</FeatureTopRank></Feature><Feature><FeatureCode>F400072275</FeatureCode><FeatureReferenceName>Fully compatible (Bottle Warmers 2015)</FeatureReferenceName><FeatureName>Fully compatible</FeatureName><FeatureLongDescription>Compatible with Philips Avent bottles and containers</FeatureLongDescription><FeatureGlossary>The bottle warmer is fully compatible with all Philips Avent bottles and containers*. Use it to warm bottles and baby food containers conveniently.</FeatureGlossary><FeatureRank>3</FeatureRank><FeatureTopRank>5</FeatureTopRank></Feature></KeyBenefitArea><KeyBenefitArea><KeyBenefitAreaCode>K300000216</KeyBenefitAreaCode><KeyBenefitAreaName>Easy to use</KeyBenefitAreaName><KeyBenefitAreaRank>4</KeyBenefitAreaRank><Feature><FeatureCode>F400072278</FeatureCode><FeatureReferenceName>Easy to operate (Bottle Warmers 2015)</FeatureReferenceName><FeatureName>Easy to operate</FeatureName><FeatureLongDescription>Easy to operate with helpful warming guide</FeatureLongDescription><FeatureGlossary>Simply turn the knob to switch the baby bottle warmer on and select your warming setting. The bottle warmer comes with a helpful warming reference table so you can easily work out how long the warming will take.</FeatureGlossary><FeatureRank>1</FeatureRank><FeatureTopRank>6</FeatureTopRank></Feature><Feature><FeatureCode>F400066687</FeatureCode><FeatureReferenceName>Keep your milk warm</FeatureReferenceName><FeatureName>Keep your milk warm</FeatureName><FeatureLongDescription>Keep your milk warm</FeatureLongDescription><FeatureGlossary>Milk or baby food is warmed at a slow pace, it will be kept warm at the right temperature and be ready when you need it.</FeatureGlossary><FeatureRank>2</FeatureRank><FeatureTopRank>7</FeatureTopRank></Feature></KeyBenefitArea><FeatureImage><FeatureCode>F400072264</FeatureCode><FeatureReferenceName>Warms in 3 minutes (Bottle Warmers 2015)</FeatureReferenceName><FeatureImageRank>1</FeatureImageRank></FeatureImage><FeatureImage><FeatureCode>F400072265</FeatureCode><FeatureReferenceName>Warms quickly and evenly (Bottle Warmers 2015)</FeatureReferenceName><FeatureImageRank>2</FeatureImageRank></FeatureImage><FeatureImage><FeatureCode>F400072268_SCF355_00</FeatureCode><FeatureReferenceName>Gentle defrost setting (Bottle Warmers 2015)</FeatureReferenceName><FeatureImageRank>3</FeatureImageRank></FeatureImage><FeatureImage><FeatureCode>F400072272_SCF355_00</FeatureCode><FeatureReferenceName>Warms baby food too (Bottle Warmers 2015)</FeatureReferenceName><FeatureImageRank>4</FeatureImageRank></FeatureImage><FeatureImage><FeatureCode>F400072275</FeatureCode><FeatureReferenceName>Fully compatible (Bottle Warmers 2015)</FeatureReferenceName><FeatureImageRank>5</FeatureImageRank></FeatureImage><FeatureImage><FeatureCode>F400072278</FeatureCode><FeatureReferenceName>Easy to operate (Bottle Warmers 2015)</FeatureReferenceName><FeatureImageRank>6</FeatureImageRank></FeatureImage><FeatureImage><FeatureCode>F400066687</FeatureCode><FeatureReferenceName>Keep your milk warm</FeatureReferenceName><FeatureImageRank>7</FeatureImageRank></FeatureImage><FeatureHighlight><FeatureCode>F400072264</FeatureCode><FeatureReferenceName>Warms in 3 minutes (Bottle Warmers 2015)</FeatureReferenceName><FeatureHighlightRank>1</FeatureHighlightRank></FeatureHighlight><FeatureHighlight><FeatureCode>F400072265</FeatureCode><FeatureReferenceName>Warms quickly and evenly (Bottle Warmers 2015)</FeatureReferenceName><FeatureHighlightRank>2</FeatureHighlightRank></FeatureHighlight><FeatureHighlight><FeatureCode>F400072268_SCF355_00</FeatureCode><FeatureReferenceName>Gentle defrost setting (Bottle Warmers 2015)</FeatureReferenceName><FeatureHighlightRank>3</FeatureHighlightRank></FeatureHighlight><FeatureHighlight><FeatureCode>F400072272_SCF355_00</FeatureCode><FeatureReferenceName>Warms baby food too (Bottle Warmers 2015)</FeatureReferenceName><FeatureHighlightRank>4</FeatureHighlightRank></FeatureHighlight><FeatureHighlight><FeatureCode>F400072275</FeatureCode><FeatureReferenceName>Fully compatible (Bottle Warmers 2015)</FeatureReferenceName><FeatureHighlightRank>5</FeatureHighlightRank></FeatureHighlight><FeatureHighlight><FeatureCode>F400072278</FeatureCode><FeatureReferenceName>Easy to operate (Bottle Warmers 2015)</FeatureReferenceName><FeatureHighlightRank>6</FeatureHighlightRank></FeatureHighlight><FeatureHighlight><FeatureCode>F400066687</FeatureCode><FeatureReferenceName>Keep your milk warm</FeatureReferenceName><FeatureHighlightRank>7</FeatureHighlightRank></FeatureHighlight><CSChapter><CSChapterCode>CHA_0000004</CSChapterCode><CSChapterName>Weight and dimensions</CSChapterName><CSChapterRank>1</CSChapterRank><CSItem><CSItemCode>IT4033792</CSItemCode><CSItemName>Product dimensions (W x H x D)</CSItemName><CSItemRank>1</CSItemRank><CSItemIsFreeFormat>1</CSItemIsFreeFormat><CSValue><CSValueCode>VA4078602</CSValueCode><CSValueName>160.4 x 139.9 x 148.55</CSValueName><CSValueRank>1</CSValueRank></CSValue><UnitOfMeasure><UnitOfMeasureCode>3000058</UnitOfMeasureCode><UnitOfMeasureName>millimetre</UnitOfMeasureName><UnitOfMeasureSymbol>mm</UnitOfMeasureSymbol></UnitOfMeasure></CSItem><CSItem><CSItemCode>IT4033791</CSItemCode><CSItemName>Retail pack dimensions (WxHxD)</CSItemName><CSItemRank>2</CSItemRank><CSItemIsFreeFormat>1</CSItemIsFreeFormat><CSValue><CSValueCode>VA4078601</CSValueCode><CSValueName>175 x 185 x 160</CSValueName><CSValueRank>1</CSValueRank></CSValue><UnitOfMeasure><UnitOfMeasureCode>3000058</UnitOfMeasureCode><UnitOfMeasureName>millimetre</UnitOfMeasureName><UnitOfMeasureSymbol>mm</UnitOfMeasureSymbol></UnitOfMeasure></CSItem></CSChapter><CSChapter><CSChapterCode>CHA_0000021</CSChapterCode><CSChapterName>Country of origin</CSChapterName><CSChapterRank>2</CSChapterRank><CSItem><CSItemCode>IT4033671</CSItemCode><CSItemName>Designed in</CSItemName><CSItemRank>1</CSItemRank><CSItemIsFreeFormat>1</CSItemIsFreeFormat><CSValue><CSValueCode>VA4078321</CSValueCode><CSValueName>Europe</CSValueName><CSValueRank>1</CSValueRank></CSValue></CSItem><CSItem><CSItemCode>IT4033672</CSItemCode><CSItemName>Produced in</CSItemName><CSItemRank>2</CSItemRank><CSItemIsFreeFormat>1</CSItemIsFreeFormat><CSValue><CSValueCode>VA4078322</CSValueCode><CSValueName>China</CSValueName><CSValueRank>1</CSValueRank></CSValue></CSItem></CSChapter><CSChapter><CSChapterCode>CHA_0000106</CSChapterCode><CSChapterName>What is included</CSChapterName><CSChapterRank>3</CSChapterRank><CSItem><CSItemCode>IT4033731</CSItemCode><CSItemName>Bottle warmer</CSItemName><CSItemRank>1</CSItemRank><CSItemIsFreeFormat>1</CSItemIsFreeFormat><CSValue><CSValueCode>VA4078501</CSValueCode><CSValueName>1</CSValueName><CSValueRank>1</CSValueRank></CSValue><UnitOfMeasure><UnitOfMeasureCode>4000023</UnitOfMeasureCode><UnitOfMeasureName>-Pieces</UnitOfMeasureName><UnitOfMeasureSymbol>pcs</UnitOfMeasureSymbol></UnitOfMeasure></CSItem></CSChapter><CSChapter><CSChapterCode>CH4001529</CSChapterCode><CSChapterName>Development stages</CSChapterName><CSChapterRank>4</CSChapterRank><CSItem><CSItemCode>IT4008016</CSItemCode><CSItemName>Stages</CSItemName><CSItemRank>1</CSItemRank><CSItemIsFreeFormat>0</CSItemIsFreeFormat><CSValue><CSValueCode>VA4063552</CSValueCode><CSValueName>All</CSValueName><CSValueRank>2</CSValueRank></CSValue></CSItem></CSChapter><CSChapter><CSChapterCode>CH4005482</CSChapterCode><CSChapterName>Product Material</CSChapterName><CSChapterRank>6</CSChapterRank><CSItem><CSItemCode>IT4033674</CSItemCode><CSItemName>ABS</CSItemName><CSItemRank>1</CSItemRank><CSItemIsFreeFormat>0</CSItemIsFreeFormat><CSValue><CSValueCode>VA4078324</CSValueCode><CSValueName>Yes</CSValueName><CSValueRank>4</CSValueRank></CSValue></CSItem><CSItem><CSItemCode>IT4033673</CSItemCode><CSItemName>PP</CSItemName><CSItemRank>2</CSItemRank><CSItemIsFreeFormat>0</CSItemIsFreeFormat><CSValue><CSValueCode>VA4078323</CSValueCode><CSValueName>Yes</CSValueName><CSValueRank>3</CSValueRank></CSValue></CSItem></CSChapter><CSChapter><CSChapterCode>3000956</CSChapterCode><CSChapterName>Technical specifications</CSChapterName><CSChapterRank>7</CSChapterRank><CSItem><CSItemCode>S_0001937</CSItemCode><CSItemName>Power consumption</CSItemName><CSItemRank>1</CSItemRank><CSItemIsFreeFormat>1</CSItemIsFreeFormat><CSValue><CSValueCode>VA4008354</CSValueCode><CSValueName>300</CSValueName><CSValueRank>1</CSValueRank></CSValue><UnitOfMeasure><UnitOfMeasureCode>3000072</UnitOfMeasureCode><UnitOfMeasureName>watt</UnitOfMeasureName><UnitOfMeasureSymbol>W</UnitOfMeasureSymbol></UnitOfMeasure></CSItem><CSItem><CSItemCode>S_0000156</CSItemCode><CSItemName>Voltage</CSItemName><CSItemRank>2</CSItemRank><CSItemIsFreeFormat>1</CSItemIsFreeFormat><CSValue><CSValueCode>VA4007218</CSValueCode><CSValueName>220-240 V, 50/60 Hz</CSValueName><CSValueRank>1</CSValueRank></CSValue></CSItem><CSItem><CSItemCode>3007769</CSItemCode><CSItemName>Safety Classification</CSItemName><CSItemRank>3</CSItemRank><CSItemIsFreeFormat>0</CSItemIsFreeFormat><CSValue><CSValueCode>3035695</CSValueCode><CSValueName>Class 1</CSValueName><CSValueRank>1</CSValueRank></CSValue></CSItem></CSChapter><Filters><Purpose type="Comparison"><Features><Feature code="F400072264" rank="1" referenceName="Warms in 3 minutes (Bottle Warmers 2015)"/><Feature code="F400072265" rank="2" referenceName="Warms quickly and evenly (Bottle Warmers 2015)"/><Feature code="F400072268_SCF355_00" rank="3" referenceName="Gentle defrost setting (Bottle Warmers 2015)"/><Feature code="F400072272_SCF355_00" rank="4" referenceName="Warms baby food too (Bottle Warmers 2015)"/><Feature code="F400072275" rank="5" referenceName="Fully compatible (Bottle Warmers 2015)"/><Feature code="F400072278" rank="6" referenceName="Easy to operate (Bottle Warmers 2015)"/><Feature code="F400066687" rank="7" referenceName="Keep your milk warm"/></Features><CSItems><CSItem code="IT4033792" rank="1" referenceName="Weight and dimensions - Product dimensions (W x H x D)"/><CSItem code="IT4033671" rank="1" referenceName="Country of origin - Designed in"/><CSItem code="IT4033731" rank="1" referenceName="What is included - Bottle warmer"/><CSItem code="IT4008016" rank="1" referenceName="Development stages - Stages"/><CSItem code="IT4033674" rank="1" referenceName="Product Material - ABS"/><CSItem code="S_0001937" rank="1" referenceName="Technical specifications - Power consumption"/><CSItem code="IT4033791" rank="2" referenceName="Weight and dimensions - Retail pack dimensions (WxHxD)"/><CSItem code="IT4033672" rank="2" referenceName="Country of origin - Produced in"/><CSItem code="IT4033673" rank="2" referenceName="Product Material - PP"/><CSItem code="S_0000156" rank="2" referenceName="Technical specifications - Voltage"/><CSItem code="3007769" rank="3" referenceName="Technical specifications - Safety Classification"/></CSItems></Purpose><Purpose type="Detail"><Features><Feature code="F400072264" rank="1" referenceName="Warms in 3 minutes (Bottle Warmers 2015)"/><Feature code="F400072265" rank="2" referenceName="Warms quickly and evenly (Bottle Warmers 2015)"/><Feature code="F400072268_SCF355_00" rank="3" referenceName="Gentle defrost setting (Bottle Warmers 2015)"/><Feature code="F400072272_SCF355_00" rank="4" referenceName="Warms baby food too (Bottle Warmers 2015)"/><Feature code="F400072275" rank="5" referenceName="Fully compatible (Bottle Warmers 2015)"/><Feature code="F400072278" rank="6" referenceName="Easy to operate (Bottle Warmers 2015)"/><Feature code="F400066687" rank="7" referenceName="Keep your milk warm"/></Features><CSItems><CSItem code="IT4033792" rank="1" referenceName="Weight and dimensions - Product dimensions (W x H x D)"/><CSItem code="IT4033671" rank="1" referenceName="Country of origin - Designed in"/><CSItem code="IT4033731" rank="1" referenceName="What is included - Bottle warmer"/><CSItem code="IT4008016" rank="1" referenceName="Development stages - Stages"/><CSItem code="IT4033674" rank="1" referenceName="Product Material - ABS"/><CSItem code="S_0001937" rank="1" referenceName="Technical specifications - Power consumption"/><CSItem code="IT4033791" rank="2" referenceName="Weight and dimensions - Retail pack dimensions (WxHxD)"/><CSItem code="IT4033672" rank="2" referenceName="Country of origin - Produced in"/><CSItem code="IT4033673" rank="2" referenceName="Product Material - PP"/><CSItem code="S_0000156" rank="2" referenceName="Technical specifications - Voltage"/><CSItem code="3007769" rank="3" referenceName="Technical specifications - Safety Classification"/></CSItems></Purpose></Filters><FeatureCompareGroups/><Disclaimers><Disclaimer code="DIS40008691" rank="1" referenceName="Warms baby bottles in 3 minutes"><DisclaimerText>In the case =&lt; 150 ml/5 oz of milk at a temperature of 20°C/70°F in a Philips Avent Classic / Natural bottle of 260 ml/9 oz.</DisclaimerText><DisclaimElements/></Disclaimer><Disclaimer code="DIS40008693" rank="2" referenceName="Fully compatible (Bottle Warmers 2015)"><DisclaimerText>Philips Avent breast milk bags and 2 oz/60 ml bottles cannot be used in this bottle warmer.</DisclaimerText><DisclaimElements/></Disclaimer></Disclaimers><Award AwardType="ala_award" awardAlid="203821783" globalSource="true" status="Final Published"><AwardCode>ALA_169824291</AwardCode><AwardName>iF DESIGN AWARD 2015</AwardName><AwardDate>2015-03-25</AwardDate><Title>ifdesign.de</Title><Rating>0</Rating><AwardAuthor/><TestPros/><TestCons/><AwardDescription>Philips SCF355/00</AwardDescription><AwardAcknowledgement>Since 1953, iF has been dedicated to organising fair, independent and reputable design awards and has thus gained a top position in the international award spectrum. Representing excellent design and outstanding design achievements, the iF seal of...</AwardAcknowledgement><AwardVerdict/><AwardText>iF DESIGN AWARD 2015</AwardText><AwardRank>1</AwardRank><AwardSourceCode>ALS_49000084</AwardSourceCode><AwardCategory/><AwardSourceLocale>en_DE</AwardSourceLocale></Award><Award AwardType="global"><AwardCode>GA_GREEN</AwardCode><AwardName>Philips Green Logo</AwardName><AwardDescription>Philips Green Products can reduce costs, energy consumption and CO2 emissions. How? They offer a significant environmental improvement in one or more of the Philips Green Focal Areas — Energy efficiency, Packaging, Hazardous substances, Weight, Recycling and disposal and Lifetime reliability.</AwardDescription><AwardText>Philips Green Logo</AwardText><AwardRank>3</AwardRank></Award><Award AwardType="ala_summary" awardAlid="203821783" globalSource="false" status="Final Published"><AwardCode>ALA_203821783GB</AwardCode><AwardName>Review summary for the Philips AVENT SCF355</AwardName><AwardDate/><Title>alaTest.co.uk</Title><Rating>0</Rating><AwardAuthor>alaTest</AwardAuthor><TestPros/><TestCons/><AwardDescription/><AwardAcknowledgement>alaTest has collected and analyzed 19 reviews of Philips AVENT SCF355. The average rating for this product is 3.9/5, compared to an average rating of 3.7/5 for other Preparing for Feeding for all reviews.</AwardAcknowledgement><AwardVerdict>On average, users rate this product 78/100.</AwardVerdict><AwardText/><AwardRank>5</AwardRank><AwardSourceCode>ALS_12001</AwardSourceCode><AwardCategory/><AwardSourceLocale>en_GB</AwardSourceLocale></Award><RichTexts/></Product></Products>