<?xml version="1.0" encoding="UTF-8"?><Products xmlns:source="http://apache.org/cocoon/source/1.0" DocStatus="approved" DocTimeStamp="2018-10-23T10:43:36"><Product Country="GB" IsAccessory="false" IsMaster="false" Locale="en_GB" lastModified="2018-10-23T04:30:06" masterLastModified="2018-03-30T00:52:55"><CTN>HD9650/99</CTN><GTIN>08710103850304</GTIN><MarketingVersion>3.2.1</MarketingVersion><MarketingStatus>Final Published</MarketingStatus><CRDate>2017-07-28</CRDate><CRDateYW>201730</CRDateYW><ModelYears><ModelYear>2017</ModelYear></ModelYears><ProductDivision><ProductDivisionCode>0200</ProductDivisionCode><ProductDivisionName>Consumer Lifestyle</ProductDivisionName><FormerPDCode>0300</FormerPDCode></ProductDivision><ProductOwner>Functional Assetteam</ProductOwner><DTN>HD9650/99</DTN><Catalog><StartOfPublication>2018-01-01T00:00:00</StartOfPublication><EndOfPublication>2021-08-28T00:00:00</EndOfPublication><StartOfSales>2018-01-01T00:00:00</StartOfSales><EndOfSales>2021-08-28T00:00:00</EndOfSales><DummyPrice>300</DummyPrice><Deleted>false</Deleted><DeleteAfterDate/><ProductRank>50</ProductRank></Catalog><FinancialCategorization><BusinessGroupCode>9042</BusinessGroupCode><BusinessGroupName>Domestic Appliances</BusinessGroupName><BusinessUnitCode>0341</BusinessUnitCode><BusinessUnitName>Philips brand Kitchen Appliances</BusinessUnitName><MainArticleGroupCode>E37</MainArticleGroupCode><MainArticleGroupName>Airfryers</MainArticleGroupName><ArticleGroupCode>1329</ArticleGroupCode><ArticleGroupName>Airfryers</ArticleGroupName></FinancialCategorization><Categorization type="CONSUMER"><GroupCode>HOUSEHOLD_PRODUCTS_GR</GroupCode><GroupName>Household products</GroupName><CategoryCode>COOKING_CA</CategoryCode><CategoryName>Cooking</CategoryName><SubcategoryCode>AIRFRYER_SU</SubcategoryCode><SubcategoryName>Airfryer</SubcategoryName></Categorization><Assets><Asset code="HD9650_99" description="User manual" extension="pdf" lastModified="2018-07-19" locale="en_GB" number="001" type="DFU">http://download.p4c.philips.com/files/h/hd9650_99/hd9650_99_dfu_eng.pdf</Asset><Asset code="HD9650_99" description="High Quality product movie 1" extension="mp4" lastModified="2017-12-05" locale="en_GB" number="001" type="HQ1">http://download.p4c.philips.com/files/h/hd9650_99/hd9650_99_hq1_eng.mp4</Asset><Asset code="HD9650_99" description="High Quality product movie 2" extension="mp4" lastModified="2018-06-05" locale="en_GB" number="001" type="HQ2">http://download.p4c.philips.com/files/h/hd9650_99/hd9650_99_hq2_eng.mp4</Asset><Asset code="HD9650_99" description="High Quality product movie 3" extension="mp4" lastModified="2017-12-05" locale="en_GB" number="001" type="HQ3">http://download.p4c.philips.com/files/h/hd9650_99/hd9650_99_hq3_eng.mp4</Asset><Asset code="HD9650_99" description="Important Information Manual" extension="pdf" lastModified="2017-09-05" locale="en_GB" number="001" type="IIM">http://download.p4c.philips.com/files/h/hd9650_99/hd9650_99_iim_eng.pdf</Asset><Asset code="HD9650_99" description="Leaflet" extension="pdf" lastModified="2018-03-22" locale="en_GB" number="001" type="PSS">http://download.p4c.philips.com/files/h/hd9650_99/hd9650_99_pss_enggb.pdf</Asset><Asset code="HD9650_99" description="Quick start guide" extension="pdf" lastModified="2017-09-05" locale="en_GB" number="001" type="QSG">http://download.p4c.philips.com/files/h/hd9650_99/hd9650_99_qsg_eng.pdf</Asset><Asset code="HD9650_99" description="Retail Trade Leaflet" extension="pdf" lastModified="2018-10-22" locale="en_GB" number="001" type="RTL">http://download.p4c.philips.com/files/h/hd9650_99/hd9650_99_rtl_enggb.pdf</Asset><Asset code="HD9650_99" description="Front product photograph - highres 2196x1795" extension="tif" lastModified="2018-02-12" locale="global" number="001" type="_FP">http://images.philips.com/is/image/PhilipsConsumer/HD9650_99-_FP-global-001</Asset><Asset code="HD9650_99" description="Alternative product photograph - highres 2196x1795" extension="tif" lastModified="2018-02-12" locale="global" number="001" type="APP">http://images.philips.com/is/image/PhilipsConsumer/HD9650_99-APP-global-001</Asset><Asset code="HD9650_99" description="Emotional benefit photograph - highres 514x514" extension="tif" lastModified="2018-03-16" locale="global" number="001" type="BPP">http://images.philips.com/is/image/PhilipsConsumer/HD9650_99-BPP-global-001</Asset><Asset code="HD9650_99" description="Product detail 1 - highres 2196x1795" extension="tif" lastModified="2018-02-12" locale="global" number="001" type="D1P">http://images.philips.com/is/image/PhilipsConsumer/HD9650_99-D1P-global-001</Asset><Asset code="HD9650_99" description="Product detail 2 - highres 2196x1795" extension="tif" lastModified="2018-02-12" locale="global" number="001" type="D2P">http://images.philips.com/is/image/PhilipsConsumer/HD9650_99-D2P-global-001</Asset><Asset code="HD9650_99" description="Emotional Benefit 1 - highres 2196x1795" extension="tif" lastModified="2018-03-13" locale="global" number="001" type="E1P">http://images.philips.com/is/image/PhilipsConsumer/HD9650_99-E1P-global-001</Asset><Asset code="HD9650_99" description="Emotional Benefit 2 - highres 2196x1795" extension="tif" lastModified="2018-03-14" locale="global" number="001" type="E2P">http://images.philips.com/is/image/PhilipsConsumer/HD9650_99-E2P-global-001</Asset><Asset code="HD9650_99" description="Emotional Benefit 3 - highres 2196x1795" extension="tif" lastModified="2018-04-24" locale="global" number="001" type="E3P">http://images.philips.com/is/image/PhilipsConsumer/HD9650_99-E3P-global-001</Asset><Asset code="HD9650_99" description="Main in-use photograph - highres 2480x1462" extension="tif" lastModified="2018-02-12" locale="global" number="001" type="MI1">http://images.philips.com/is/image/PhilipsConsumer/HD9650_99-MI1-global-001</Asset><Asset code="HD9650_99" description="Packaging photograph - highres 1447x756" extension="tif" lastModified="2018-02-12" locale="global" number="001" type="PID">http://images.philips.com/is/image/PhilipsConsumer/HD9650_99-PID-global-001</Asset><Asset code="HD9650_99" description="Packaging photograph - master" extension="tiff" lastModified="2018-02-12" locale="global" number="001" type="PIM">http://download.p4c.philips.com/files/h/hd9650_99/hd9650_99_pim_.tiff</Asset><Asset code="HD9650_99" description="Packaging photograph - small 90x65" extension="jpg" lastModified="2018-02-12" locale="global" number="001" type="PIS">http://download.p4c.philips.com/files/h/hd9650_99/hd9650_99_pis_.jpg</Asset><Asset code="HD9650_99" description="Leaflet" extension="pdf" lastModified="2018-03-31" locale="global" number="001" type="PSS">http://download.p4c.philips.com/files/h/hd9650_99/hd9650_99_pss_.pdf</Asset><Asset code="HD9650_99" description="Standard product photograph - highres 2196x1795" extension="tif" lastModified="2018-02-12" locale="global" number="001" type="RTP">http://images.philips.com/is/image/PhilipsConsumer/HD9650_99-RTP-global-001</Asset><Asset code="HD9650_99" description="Product In Use 1 - highres 2196x1795" extension="tif" lastModified="2018-04-11" locale="global" number="001" type="U1P">http://images.philips.com/is/image/PhilipsConsumer/HD9650_99-U1P-global-001</Asset><Asset code="HD9650_99" description="Product In Use 2 - highres 2196x1795" extension="tif" lastModified="2018-03-22" locale="global" number="001" type="U2P">http://images.philips.com/is/image/PhilipsConsumer/HD9650_99-U2P-global-001</Asset><Asset code="HD9650_99" description="Product In Use 3 - highres 2196x1795" extension="tif" lastModified="2018-03-17" locale="global" number="001" type="U3P">http://images.philips.com/is/image/PhilipsConsumer/HD9650_99-U3P-global-001</Asset><Asset code="HD9650_99" description="Product In Use 4 - highres 2196x1795" extension="tif" lastModified="2018-04-27" locale="global" number="001" type="U4P">http://images.philips.com/is/image/PhilipsConsumer/HD9650_99-U4P-global-001</Asset><Asset code="HD9650_99" description="Product In Use 5 - highres 2196x1795" extension="tif" lastModified="2018-04-25" locale="global" number="001" type="U5P">http://images.philips.com/is/image/PhilipsConsumer/HD9650_99-U5P-global-001</Asset><Asset code="HD9650_99" description="Product in use photograph - highres 2196x1795" extension="tif" lastModified="2018-03-30" locale="global" number="001" type="UPL">http://images.philips.com/is/image/PhilipsConsumer/HD9650_99-UPL-global-001</Asset><Asset code="HD9650_99" description="Single product shot" extension="" lastModified="2018-10-23" locale="en_GB" number="" type="IMS">http://images.philips.com/is/image/PhilipsConsumer/HD9650_99-IMS-en_GB</Asset><Asset code="HD9650_99" description="Product gallery image set" extension="" lastModified="2018-10-23" locale="en_GB" number="" type="GAL">http://images.philips.com/is/image/PhilipsConsumer/HD9650_99-GAL-en_GB</Asset><Asset code="HD9650_99" description="Product URL" extension="" lastModified="2018-10-23" locale="en_GB" number="" type="URL">http://www.philips.co.uk/c-p/HD9650_99/avance-collection</Asset><Asset code="F400082919" description="Feature photograph - highres 2100x1170" extension="tif" lastModified="2017-05-01" locale="global" number="001" type="FIL">http://images.philips.com/is/image/PhilipsConsumer/F400082919-FIL-global-001</Asset><Asset code="F400082920" description="Feature photograph - highres 2100x1170" extension="tif" lastModified="2017-07-13" locale="global" number="001" type="FIL">http://images.philips.com/is/image/PhilipsConsumer/F400082920-FIL-global-001</Asset><Asset code="F400082923" description="Feature photograph - highres 2100x1170" extension="tif" lastModified="2017-09-01" locale="global" number="001" type="FIL">http://images.philips.com/is/image/PhilipsConsumer/F400082923-FIL-global-001</Asset><Asset code="F400082925" description="Feature photograph - highres 2100x1170" extension="tif" lastModified="2017-05-01" locale="global" number="001" type="FIL">http://images.philips.com/is/image/PhilipsConsumer/F400082925-FIL-global-001</Asset><Asset code="F400082927" description="Feature photograph - highres 2100x1170" extension="tif" lastModified="2017-05-01" locale="global" number="001" type="FIL">http://images.philips.com/is/image/PhilipsConsumer/F400082927-FIL-global-001</Asset><Asset code="F400082928" description="Feature photograph - highres 2100x1170" extension="tif" lastModified="2017-05-01" locale="global" number="001" type="FIL">http://images.philips.com/is/image/PhilipsConsumer/F400082928-FIL-global-001</Asset><Asset code="F400082929" description="Feature photograph - highres 2100x1170" extension="tif" lastModified="2017-05-01" locale="global" number="001" type="FIL">http://images.philips.com/is/image/PhilipsConsumer/F400082929-FIL-global-001</Asset><Asset code="F400082930" description="Feature photograph - highres 2100x1170" extension="tif" lastModified="2017-05-01" locale="global" number="001" type="FIL">http://images.philips.com/is/image/PhilipsConsumer/F400082930-FIL-global-001</Asset><Asset code="PHI" description="Brand logo - highres 1476x886" extension="tif" lastModified="2016-02-18" locale="global" number="001" type="BRP">http://images.philips.com/is/image/PhilipsConsumer/PHI-BRP-global-001</Asset></Assets><ProductName>Twin TurboStar Rapid Air Technology Airfryer XXL</ProductName><FullProductName>Philips Avance Collection Airfryer XXL HD9650/99 Twin TurboStar Digital touchscreen Black</FullProductName><NamingString><MasterBrand><BrandCode>PHI</BrandCode><BrandName>Philips</BrandName></MasterBrand><BrandString>Philips</BrandString><Family><FamilyCode>SB40001904</FamilyCode><FamilyName>Avance Collection</FamilyName><FamilyNameUsed>1</FamilyNameUsed></Family><Descriptor><DescriptorCode>D4029699</DescriptorCode><DescriptorName>Airfryer XXL</DescriptorName></Descriptor><Alphanumeric>HD9650/99</Alphanumeric><VersionElement1><VersionElementCode>V4044642</VersionElementCode><VersionElementName>Twin TurboStar</VersionElementName></VersionElement1><VersionElement2><VersionElementCode>V4018464</VersionElementCode><VersionElementName>Digital touchscreen</VersionElementName></VersionElement2><VersionElement3><VersionElementCode>V300000333</VersionElementCode><VersionElementName>Black</VersionElementName></VersionElement3><VersionString>Twin TurboStar Digital touchscreen Black</VersionString><BrandedFeatureString/></NamingString><WOW>The healthiest way to fry*</WOW><SubWOW>Crispy taste, reduces fat others leave behind*</SubWOW><MarketingTextHeader>The Philips Airfryer XXL uses hot air to fry your favourite foods with little or no added oil. New Twin TurboStar technology is designed to remove fat from the food, making this the healthiest way to fry for you and your family.</MarketingTextHeader><KeyBenefitArea><KeyBenefitAreaCode>K4034524</KeyBenefitAreaCode><KeyBenefitAreaName>Healthy, delicious results every time</KeyBenefitAreaName><KeyBenefitAreaRank>1</KeyBenefitAreaRank><Feature><FeatureCode>F400082921</FeatureCode><FeatureReferenceName>As crispy as deep fried with 90% less fat*</FeatureReferenceName><FeatureName>Crispy taste and 90% less fat</FeatureName><FeatureLongDescription>As crispy as deep-fried with 90% less fat*</FeatureLongDescription><FeatureGlossary>Proven performance. Make fries that are just as crispy as ones made in a traditional deep fryer, but with up to 90% less fat. Roast a whole chicken for crispy skin and tender meat while removing fat.</FeatureGlossary><FeatureRank>3</FeatureRank><FeatureTopRank>1</FeatureTopRank></Feature><Feature><FeatureCode>F400082919</FeatureCode><FeatureReferenceName>Fry with little or no added oil</FeatureReferenceName><FeatureName>Fry with little or no oil</FeatureName><FeatureLongDescription>Fry with little or no added oil</FeatureLongDescription><FeatureGlossary>The Airfryer uses hot air to cook your favourite foods with little or no added oil, so you can fry with up to 90% less fat*. Enjoy great-tasting, crispy results like deep-fried, with the least amount of fat.</FeatureGlossary><FeatureRank>5</FeatureRank><FeatureTopRank>4</FeatureTopRank></Feature><Feature><FeatureCode>F400082920</FeatureCode><FeatureReferenceName>Twin TurboStar technology removes fat from foods</FeatureReferenceName><FeatureName>Twin TurboStar technology</FeatureName><FeatureLongDescription>Twin TurboStar technology removes fat from foods</FeatureLongDescription><FeatureGlossary>By combining a powerful heater and motor with our new Twin TurboStar technology, the hot air in the Airfryer swirls like a powerful tornado — throughout the entire cooking basket. Designed to extract more fat from your food and capture it all in the fat reducer for easy disposal. Philips Airfryer with Twin TurboStar technology also saves you and your home from the smell of fried oil compared to a regular fryer.</FeatureGlossary><FeatureRank>9</FeatureRank><FeatureTopRank>10</FeatureTopRank></Feature></KeyBenefitArea><KeyBenefitArea><KeyBenefitAreaCode>K4034526</KeyBenefitAreaCode><KeyBenefitAreaName>Simple to use, easy to clean</KeyBenefitAreaName><KeyBenefitAreaRank>2</KeyBenefitAreaRank><Feature><FeatureCode>F400082928</FeatureCode><FeatureReferenceName>Digital display with 5 preset cooking programs</FeatureReferenceName><FeatureName>Digital display and presets</FeatureName><FeatureLongDescription>Digital display with 5 preset cooking programs</FeatureLongDescription><FeatureGlossary>The digital interface is easy to use with preset cooking programs for one-touch cooking of frozen fries, meat, fish and chicken drumsticks. A QuickControl dial sets both temperature and cooking time. The Keep Warm function gives you the flexibility to serve when you're ready.</FeatureGlossary><FeatureRank>1</FeatureRank><FeatureTopRank>2</FeatureTopRank></Feature><Feature><FeatureCode>F400082930</FeatureCode><FeatureReferenceName>Dishwasher safe for all removable parts</FeatureReferenceName><FeatureName>Dishwasher safe</FeatureName><FeatureLongDescription>Dishwasher-safe for all removable parts</FeatureLongDescription><FeatureGlossary>To save time and ensure hassle-free cleanup, all removable parts are safe to clean in your dishwasher.</FeatureGlossary><FeatureRank>4</FeatureRank><FeatureTopRank>3</FeatureTopRank></Feature><Feature><FeatureCode>F400082929</FeatureCode><FeatureReferenceName>QuickClean basket with non-stick mesh cleans up in 90 secs</FeatureReferenceName><FeatureName>No mess or odour</FeatureName><FeatureLongDescription>QuickClean basket with non-stick mesh takes just 90 secs to clean</FeatureLongDescription><FeatureGlossary>Airfryer's QuickClean basket has a removable non-stick mesh for easy cleaning. Both the basket and removable drawer with non-stick coating are dishwasher-safe — and frying with air saves you and your home from the odour of traditional deep-frying.</FeatureGlossary><FeatureRank>8</FeatureRank><FeatureTopRank>8</FeatureTopRank></Feature></KeyBenefitArea><KeyBenefitArea><KeyBenefitAreaCode>K4034525</KeyBenefitAreaCode><KeyBenefitAreaName>Versatile, fast and family-sized</KeyBenefitAreaName><KeyBenefitAreaRank>3</KeyBenefitAreaRank><Feature><FeatureCode>F400082923</FeatureCode><FeatureReferenceName>Fry, bake, grill and roast your favorite foods at home XXL</FeatureReferenceName><FeatureName>Fry, bake, grill or roast</FeatureName><FeatureLongDescription>Fry, bake, grill and roast your favourite foods at home</FeatureLongDescription><FeatureGlossary>The Airfryer XXL handles much more than just frying. Grill, bake and even roast your favourite foods for quick, delicious family meals. Our Philips Airfryer app is full of tips, tutorials and easy-to-follow recipes.</FeatureGlossary><FeatureRank>2</FeatureRank><FeatureTopRank>5</FeatureTopRank></Feature><Feature><FeatureCode>F400082927</FeatureCode><FeatureReferenceName>Keep Warm mode for flexible serving time</FeatureReferenceName><FeatureName>Keep Warm for flexible serving</FeatureName><FeatureLongDescription>Keep Warm mode for flexible serving time</FeatureLongDescription><FeatureGlossary>The Keep Warm function lets you serve the food when you are ready for it. You can keep your dish warm up to 30 minutes.</FeatureGlossary><FeatureRank>6</FeatureRank><FeatureTopRank>6</FeatureTopRank></Feature><Feature><FeatureCode>F400082924</FeatureCode><FeatureReferenceName>Our most powerful Airfryer for faster cooking results*</FeatureReferenceName><FeatureName>Our most powerful Airfryer</FeatureName><FeatureLongDescription>Our most powerful Airfryer for faster cooking results*</FeatureLongDescription><FeatureGlossary>This is our most powerful air fryer for the fastest cooking times, with instant heat-up so you're always ready to start.</FeatureGlossary><FeatureRank>7</FeatureRank><FeatureTopRank>7</FeatureTopRank></Feature><Feature><FeatureCode>F400082925</FeatureCode><FeatureReferenceName>Recipe booklet with more than 30 delicious dishes</FeatureReferenceName><FeatureName>Inspiring recipes</FeatureName><FeatureLongDescription>Recipe booklet with more than 30 delicious dishes</FeatureLongDescription><FeatureGlossary>From quick, healthy snacks to full family meals, our free recipe book has more than 30 delicious ideas and easy-to-follow instructions from professional chefs. Our Philips Airfryer app is full of more tips, tutorials and easy-to-follow recipes.</FeatureGlossary><FeatureRank>10</FeatureRank><FeatureTopRank>9</FeatureTopRank></Feature><Feature><FeatureCode>F400082926</FeatureCode><FeatureReferenceName>XXL family size fits a whole chicken or 1.4 kg of fries</FeatureReferenceName><FeatureName>XXL family size</FeatureName><FeatureLongDescription>XXL family size fits a whole chicken or 1.4 kg of fries</FeatureLongDescription><FeatureGlossary>The Airfryer is designed with your family in mind. Make delicious meals for the whole family every day. XXL capacity easily handles a whole chicken or up to 1.4 kg of fries for a whole world of possibilities.</FeatureGlossary><FeatureRank>11</FeatureRank><FeatureTopRank>11</FeatureTopRank></Feature></KeyBenefitArea><FeatureImage><FeatureCode>F400082921</FeatureCode><FeatureReferenceName>As crispy as deep fried with 90% less fat*</FeatureReferenceName><FeatureImageRank>1</FeatureImageRank></FeatureImage><FeatureImage><FeatureCode>F400082928</FeatureCode><FeatureReferenceName>Digital display with 5 preset cooking programs</FeatureReferenceName><FeatureImageRank>2</FeatureImageRank></FeatureImage><FeatureImage><FeatureCode>F400082930</FeatureCode><FeatureReferenceName>Dishwasher safe for all removable parts</FeatureReferenceName><FeatureImageRank>3</FeatureImageRank></FeatureImage><FeatureImage><FeatureCode>F400082919</FeatureCode><FeatureReferenceName>Fry with little or no added oil</FeatureReferenceName><FeatureImageRank>4</FeatureImageRank></FeatureImage><FeatureImage><FeatureCode>F400082923</FeatureCode><FeatureReferenceName>Fry, bake, grill and roast your favorite foods at home XXL</FeatureReferenceName><FeatureImageRank>5</FeatureImageRank></FeatureImage><FeatureImage><FeatureCode>F400082927</FeatureCode><FeatureReferenceName>Keep Warm mode for flexible serving time</FeatureReferenceName><FeatureImageRank>6</FeatureImageRank></FeatureImage><FeatureImage><FeatureCode>F400082924</FeatureCode><FeatureReferenceName>Our most powerful Airfryer for faster cooking results*</FeatureReferenceName><FeatureImageRank>7</FeatureImageRank></FeatureImage><FeatureImage><FeatureCode>F400082929</FeatureCode><FeatureReferenceName>QuickClean basket with non-stick mesh cleans up in 90 secs</FeatureReferenceName><FeatureImageRank>8</FeatureImageRank></FeatureImage><FeatureImage><FeatureCode>F400082925</FeatureCode><FeatureReferenceName>Recipe booklet with more than 30 delicious dishes</FeatureReferenceName><FeatureImageRank>9</FeatureImageRank></FeatureImage><FeatureImage><FeatureCode>F400082920</FeatureCode><FeatureReferenceName>Twin TurboStar technology removes fat from foods</FeatureReferenceName><FeatureImageRank>10</FeatureImageRank></FeatureImage><FeatureImage><FeatureCode>F400082926</FeatureCode><FeatureReferenceName>XXL family size fits a whole chicken or 1.4 kg of fries</FeatureReferenceName><FeatureImageRank>11</FeatureImageRank></FeatureImage><FeatureHighlight><FeatureCode>F400082921</FeatureCode><FeatureReferenceName>As crispy as deep fried with 90% less fat*</FeatureReferenceName><FeatureHighlightRank>1</FeatureHighlightRank></FeatureHighlight><FeatureHighlight><FeatureCode>F400082928</FeatureCode><FeatureReferenceName>Digital display with 5 preset cooking programs</FeatureReferenceName><FeatureHighlightRank>2</FeatureHighlightRank></FeatureHighlight><FeatureHighlight><FeatureCode>F400082930</FeatureCode><FeatureReferenceName>Dishwasher safe for all removable parts</FeatureReferenceName><FeatureHighlightRank>3</FeatureHighlightRank></FeatureHighlight><FeatureHighlight><FeatureCode>F400082919</FeatureCode><FeatureReferenceName>Fry with little or no added oil</FeatureReferenceName><FeatureHighlightRank>4</FeatureHighlightRank></FeatureHighlight><FeatureHighlight><FeatureCode>F400082923</FeatureCode><FeatureReferenceName>Fry, bake, grill and roast your favorite foods at home XXL</FeatureReferenceName><FeatureHighlightRank>5</FeatureHighlightRank></FeatureHighlight><FeatureHighlight><FeatureCode>F400082927</FeatureCode><FeatureReferenceName>Keep Warm mode for flexible serving time</FeatureReferenceName><FeatureHighlightRank>6</FeatureHighlightRank></FeatureHighlight><FeatureHighlight><FeatureCode>F400082924</FeatureCode><FeatureReferenceName>Our most powerful Airfryer for faster cooking results*</FeatureReferenceName><FeatureHighlightRank>7</FeatureHighlightRank></FeatureHighlight><FeatureHighlight><FeatureCode>F400082929</FeatureCode><FeatureReferenceName>QuickClean basket with non-stick mesh cleans up in 90 secs</FeatureReferenceName><FeatureHighlightRank>8</FeatureHighlightRank></FeatureHighlight><FeatureHighlight><FeatureCode>F400082925</FeatureCode><FeatureReferenceName>Recipe booklet with more than 30 delicious dishes</FeatureReferenceName><FeatureHighlightRank>9</FeatureHighlightRank></FeatureHighlight><FeatureHighlight><FeatureCode>F400082920</FeatureCode><FeatureReferenceName>Twin TurboStar technology removes fat from foods</FeatureReferenceName><FeatureHighlightRank>10</FeatureHighlightRank></FeatureHighlight><FeatureHighlight><FeatureCode>F400082926</FeatureCode><FeatureReferenceName>XXL family size fits a whole chicken or 1.4 kg of fries</FeatureReferenceName><FeatureHighlightRank>11</FeatureHighlightRank></FeatureHighlight><CSChapter><CSChapterCode>CHA_0000009</CSChapterCode><CSChapterName>General specifications</CSChapterName><CSChapterRank>1</CSChapterRank><CSItem><CSItemCode>IT4038463</CSItemCode><CSItemName>Product features</CSItemName><CSItemRank>18</CSItemRank><CSItemIsFreeFormat>0</CSItemIsFreeFormat><CSValue><CSValueCode>VA4089461</CSValueCode><CSValueName>Automatic shut-off</CSValueName><CSValueRank>1</CSValueRank></CSValue><CSValue><CSValueCode>VA4089459</CSValueCode><CSValueName>Cord storage</CSValueName><CSValueRank>12</CSValueRank></CSValue><CSValue><CSValueCode>VA4089467</CSValueCode><CSValueName>Digital touchscreen</CSValueName><CSValueRank>14</CSValueRank></CSValue><CSValue><CSValueCode>VA4089462</CSValueCode><CSValueName>Dishwasher safe</CSValueName><CSValueRank>16</CSValueRank></CSValue><CSValue><CSValueCode>VA4089458</CSValueCode><CSValueName>Ready signal</CSValueName><CSValueRank>18</CSValueRank></CSValue><CSValue><CSValueCode>VA4089457</CSValueCode><CSValueName>Temperature control</CSValueName><CSValueRank>19</CSValueRank></CSValue><CSValue><CSValueCode>VA4091781</CSValueCode><CSValueName>Keep Warm function</CSValueName><CSValueRank>20</CSValueRank></CSValue><CSValue><CSValueCode>VA4097703</CSValueCode><CSValueName>Recipe book and app</CSValueName><CSValueRank>21</CSValueRank></CSValue><CSValue><CSValueCode>VA4097741</CSValueCode><CSValueName>Preset program</CSValueName><CSValueRank>22</CSValueRank></CSValue><CSValue><CSValueCode>VA4097742</CSValueCode><CSValueName>QuickClean basket</CSValueName><CSValueRank>23</CSValueRank></CSValue><CSValue><CSValueCode>VA4089470</CSValueCode><CSValueName>Advanced Rapid Heat</CSValueName><CSValueRank>25</CSValueRank></CSValue></CSItem><CSItem><CSItemCode>IT4042188</CSItemCode><CSItemName>Technology</CSItemName><CSItemRank>19</CSItemRank><CSItemIsFreeFormat>0</CSItemIsFreeFormat><CSValue><CSValueCode>VA4100855</CSValueCode><CSValueName>Twin TurboStar technology</CSValueName><CSValueRank>11</CSValueRank></CSValue></CSItem></CSChapter><CSChapter><CSChapterCode>CHA_0000049</CSChapterCode><CSChapterName>Service</CSChapterName><CSChapterRank>2</CSChapterRank><CSItem><CSItemCode>IT4010194</CSItemCode><CSItemName>2-year worldwide guarantee</CSItemName><CSItemRank>5</CSItemRank><CSItemIsFreeFormat>0</CSItemIsFreeFormat><CSValue><CSValueCode>VA4023904</CSValueCode><CSValueName>Yes</CSValueName><CSValueRank>2</CSValueRank></CSValue></CSItem></CSChapter><CSChapter><CSChapterCode>CH4000822</CSChapterCode><CSChapterName>Sustainability</CSChapterName><CSChapterRank>3</CSChapterRank><CSItem><CSItemCode>IT4005643</CSItemCode><CSItemName>Packaging</CSItemName><CSItemRank>3</CSItemRank><CSItemIsFreeFormat>0</CSItemIsFreeFormat><CSValue><CSValueCode>VA4016806</CSValueCode><CSValueName>&gt; 90% recycled materials</CSValueName><CSValueRank>6</CSValueRank></CSValue></CSItem><CSItem><CSItemCode>IT4005644</CSItemCode><CSItemName>User manual</CSItemName><CSItemRank>9</CSItemRank><CSItemIsFreeFormat>0</CSItemIsFreeFormat><CSValue><CSValueCode>VA4016807</CSValueCode><CSValueName>100% recycled paper</CSValueName><CSValueRank>4</CSValueRank></CSValue></CSItem></CSChapter><CSChapter><CSChapterCode>3000956</CSChapterCode><CSChapterName>Technical specifications</CSChapterName><CSChapterRank>4</CSChapterRank><CSItem><CSItemCode>S_0000022</CSItemCode><CSItemName>Power</CSItemName><CSItemRank>11</CSItemRank><CSItemIsFreeFormat>1</CSItemIsFreeFormat><CSValue><CSValueCode>VA4007107</CSValueCode><CSValueName>2225</CSValueName><CSValueRank>1</CSValueRank></CSValue><UnitOfMeasure><UnitOfMeasureCode>3000072</UnitOfMeasureCode><UnitOfMeasureName>watt</UnitOfMeasureName><UnitOfMeasureSymbol>W</UnitOfMeasureSymbol></UnitOfMeasure></CSItem><CSItem><CSItemCode>S_0000026</CSItemCode><CSItemName>Voltage</CSItemName><CSItemRank>14</CSItemRank><CSItemIsFreeFormat>1</CSItemIsFreeFormat><CSValue><CSValueCode>VA4007111</CSValueCode><CSValueName>240</CSValueName><CSValueRank>1</CSValueRank></CSValue><UnitOfMeasure><UnitOfMeasureCode>3000071</UnitOfMeasureCode><UnitOfMeasureName>volt</UnitOfMeasureName><UnitOfMeasureSymbol>V</UnitOfMeasureSymbol></UnitOfMeasure></CSItem><CSItem><CSItemCode>IT4038883</CSItemCode><CSItemName>Capacity basket</CSItemName><CSItemRank>16</CSItemRank><CSItemIsFreeFormat>1</CSItemIsFreeFormat><CSValue><CSValueCode>VA4090423</CSValueCode><CSValueName>1.4</CSValueName><CSValueRank>1</CSValueRank></CSValue><UnitOfMeasure><UnitOfMeasureCode>3000049</UnitOfMeasureCode><UnitOfMeasureName>kilogram</UnitOfMeasureName><UnitOfMeasureSymbol>kg</UnitOfMeasureSymbol></UnitOfMeasure></CSItem></CSChapter><CSChapter><CSChapterCode>CHA_0000004</CSChapterCode><CSChapterName>Weight and dimensions</CSChapterName><CSChapterRank>5</CSChapterRank><CSItem><CSItemCode>IT4010199</CSItemCode><CSItemName>Dimensions of product (LxWxH)</CSItemName><CSItemRank>7</CSItemRank><CSItemIsFreeFormat>1</CSItemIsFreeFormat><CSValue><CSValueCode>VA4023910</CSValueCode><CSValueName>433 x 321 x 315</CSValueName><CSValueRank>1</CSValueRank></CSValue><UnitOfMeasure><UnitOfMeasureCode>3000058</UnitOfMeasureCode><UnitOfMeasureName>millimetre</UnitOfMeasureName><UnitOfMeasureSymbol>mm</UnitOfMeasureSymbol></UnitOfMeasure></CSItem><CSItem><CSItemCode>IT4010191</CSItemCode><CSItemName>Weight of product</CSItemName><CSItemRank>10</CSItemRank><CSItemIsFreeFormat>1</CSItemIsFreeFormat><CSValue><CSValueCode>VA4023901</CSValueCode><CSValueName>7.99</CSValueName><CSValueRank>1</CSValueRank></CSValue><UnitOfMeasure><UnitOfMeasureCode>3000049</UnitOfMeasureCode><UnitOfMeasureName>kilogram</UnitOfMeasureName><UnitOfMeasureSymbol>kg</UnitOfMeasureSymbol></UnitOfMeasure></CSItem></CSChapter><CSChapter><CSChapterCode>3001096</CSChapterCode><CSChapterName>Design</CSChapterName><CSChapterRank>8</CSChapterRank><CSItem><CSItemCode>3011951</CSItemCode><CSItemName>Colour</CSItemName><CSItemRank>2</CSItemRank><CSItemIsFreeFormat>0</CSItemIsFreeFormat><CSValue><CSValueCode>3051612</CSValueCode><CSValueName>Black</CSValueName><CSValueRank>5</CSValueRank></CSValue></CSItem></CSChapter><Filters><Purpose type="Comparison"><Features><Feature code="F400082921" rank="1" referenceName="As crispy as deep fried with 90% less fat*"/><Feature code="F400082928" rank="2" referenceName="Digital display with 5 preset cooking programs"/><Feature code="F400082930" rank="3" referenceName="Dishwasher safe for all removable parts"/><Feature code="F400082919" rank="4" referenceName="Fry with little or no added oil"/><Feature code="F400082923" rank="5" referenceName="Fry, bake, grill and roast your favorite foods at home XXL"/><Feature code="F400082927" rank="6" referenceName="Keep Warm mode for flexible serving time"/><Feature code="F400082924" rank="7" referenceName="Our most powerful Airfryer for faster cooking results*"/><Feature code="F400082929" rank="8" referenceName="QuickClean basket with non-stick mesh cleans up in 90 secs"/><Feature code="F400082925" rank="9" referenceName="Recipe booklet with more than 30 delicious dishes"/><Feature code="F400082920" rank="10" referenceName="Twin TurboStar technology removes fat from foods"/><Feature code="F400082926" rank="11" referenceName="XXL family size fits a whole chicken or 1.4 kg of fries"/></Features><CSItems><CSItem code="3011951" rank="2" referenceName="Design - Colour"/><CSItem code="IT4005643" rank="3" referenceName="Sustainability - Packaging"/><CSItem code="IT4010194" rank="5" referenceName="Service - 2-year worldwide guarantee"/><CSItem code="IT4010199" rank="7" referenceName="Weight and dimensions - Dimensions of product (LxWxH)"/><CSItem code="IT4005644" rank="9" referenceName="Sustainability - User manual"/><CSItem code="IT4010191" rank="10" referenceName="Weight and dimensions - Weight of product"/><CSItem code="S_0000022" rank="11" referenceName="Technical specifications - Power"/><CSItem code="S_0000026" rank="14" referenceName="Technical specifications - Voltage"/><CSItem code="IT4038883" rank="16" referenceName="Technical specifications - Capacity basket"/><CSItem code="IT4038463" rank="18" referenceName="General specifications - Product features"/><CSItem code="IT4042188" rank="19" referenceName="General specifications - Technology"/></CSItems></Purpose><Purpose type="Detail"><Features><Feature code="F400082921" rank="1" referenceName="As crispy as deep fried with 90% less fat*"/><Feature code="F400082928" rank="2" referenceName="Digital display with 5 preset cooking programs"/><Feature code="F400082930" rank="3" referenceName="Dishwasher safe for all removable parts"/><Feature code="F400082919" rank="4" referenceName="Fry with little or no added oil"/><Feature code="F400082923" rank="5" referenceName="Fry, bake, grill and roast your favorite foods at home XXL"/><Feature code="F400082927" rank="6" referenceName="Keep Warm mode for flexible serving time"/><Feature code="F400082924" rank="7" referenceName="Our most powerful Airfryer for faster cooking results*"/><Feature code="F400082929" rank="8" referenceName="QuickClean basket with non-stick mesh cleans up in 90 secs"/><Feature code="F400082925" rank="9" referenceName="Recipe booklet with more than 30 delicious dishes"/><Feature code="F400082920" rank="10" referenceName="Twin TurboStar technology removes fat from foods"/><Feature code="F400082926" rank="11" referenceName="XXL family size fits a whole chicken or 1.4 kg of fries"/></Features><CSItems><CSItem code="3011951" rank="2" referenceName="Design - Colour"/><CSItem code="IT4005643" rank="3" referenceName="Sustainability - Packaging"/><CSItem code="IT4010194" rank="5" referenceName="Service - 2-year worldwide guarantee"/><CSItem code="IT4010199" rank="7" referenceName="Weight and dimensions - Dimensions of product (LxWxH)"/><CSItem code="IT4005644" rank="9" referenceName="Sustainability - User manual"/><CSItem code="IT4010191" rank="10" referenceName="Weight and dimensions - Weight of product"/><CSItem code="S_0000022" rank="11" referenceName="Technical specifications - Power"/><CSItem code="S_0000026" rank="14" referenceName="Technical specifications - Voltage"/><CSItem code="IT4038883" rank="16" referenceName="Technical specifications - Capacity basket"/><CSItem code="IT4038463" rank="18" referenceName="General specifications - Product features"/><CSItem code="IT4042188" rank="19" referenceName="General specifications - Technology"/></CSItems></Purpose></Filters><FeatureCompareGroups/><Disclaimers><Disclaimer code="DIS40011610" rank="1" referenceName="Crispy taste, reduces fat others leave behind*"><DisclaimerText>Compared on fat content of chicken versus a deep fat fryer and wok frying</DisclaimerText><DisclaimElements/></Disclaimer><Disclaimer code="DIS40011611" rank="2" referenceName="Fry with up to 90% less fat*"><DisclaimerText>Compared to fresh fries prepared in a conventional Philips fryer</DisclaimerText><DisclaimElements/></Disclaimer><Disclaimer code="DIS40011609" rank="3" referenceName="The healthiest way to fry*"><DisclaimerText>Compared to a traditional Philips fryer</DisclaimerText><DisclaimElements/></Disclaimer></Disclaimers><ProductReference ProductReferenceType="Accessory"><CTN>HD9950/00</CTN><ProductReferenceRank>0</ProductReferenceRank></ProductReference><ProductReference ProductReferenceType="Accessory"><CTN>HD9950/01</CTN><ProductReferenceRank>0</ProductReferenceRank></ProductReference><ProductReference ProductReferenceType="Accessory"><CTN>HD9951/00</CTN><ProductReferenceRank>0</ProductReferenceRank></ProductReference><ProductReference ProductReferenceType="Accessory"><CTN>HD9951/01</CTN><ProductReferenceRank>0</ProductReferenceRank></ProductReference><ProductReference ProductReferenceType="Accessory"><CTN>HD9952/00</CTN><ProductReferenceRank>0</ProductReferenceRank></ProductReference><ProductReference ProductReferenceType="Accessory"><CTN>HD9952/01</CTN><ProductReferenceRank>0</ProductReferenceRank></ProductReference><RichTexts/></Product></Products>