<?xml version="1.0" encoding="UTF-8"?><Products xmlns:source="http://apache.org/cocoon/source/1.0" DocStatus="approved" DocTimeStamp="2018-10-23T10:43:36"><Product Country="GB" IsAccessory="false" IsLocalized="true" IsMaster="false" Locale="en_GB" lastModified="2018-10-22T04:18:25" masterLastModified="2018-08-31T00:28:47"><CTN>55OLED803/12</CTN><Code12NC>867000151832</Code12NC><GTIN>8718863015285</GTIN><MarketingVersion>6.1.1</MarketingVersion><MarketingStatus>Final Published</MarketingStatus><CRDate>2018-08-03</CRDate><CRDateYW>201831</CRDateYW><ModelYears><ModelYear>2018</ModelYear><ModelYear>2019</ModelYear><ModelYear>2020</ModelYear></ModelYears><ProductDivision><ProductDivisionCode>0200</ProductDivisionCode><ProductDivisionName>Consumer Lifestyle</ProductDivisionName><FormerPDCode>3400</FormerPDCode></ProductDivision><ProductOwner>Albert Lin</ProductOwner><DTN>55OLED803/12</DTN><Catalog><StartOfPublication>2018-07-25T00:00:00</StartOfPublication><EndOfPublication>2019-12-03T00:00:00</EndOfPublication><StartOfSales>2018-07-25T00:00:00</StartOfSales><EndOfSales>2019-12-03T00:00:00</EndOfSales><DummyPrice/><Deleted>false</Deleted><DeleteAfterDate/><ProductRank>50</ProductRank></Catalog><FinancialCategorization><BusinessGroupCode>6918</BusinessGroupCode><BusinessGroupName>TV</BusinessGroupName><BusinessUnitCode>0680</BusinessUnitCode><BusinessUnitName>TV</BusinessUnitName><MainArticleGroupCode>C78</MainArticleGroupCode><MainArticleGroupName>Philips LCD - XL Screen &gt;=55 =&lt;59i</MainArticleGroupName><ArticleGroupCode>3992</ArticleGroupCode><ArticleGroupName>Philips LCD - XL Screen &gt;=55 =&lt;59i</ArticleGroupName></FinancialCategorization><Categorization type="CONSUMER"><GroupCode>SOUND_AND_VISION_GR</GroupCode><GroupName>Sound &amp; vision</GroupName><CategoryCode>TV_CA</CategoryCode><CategoryName>TV</CategoryName><SubcategoryCode>4K_ULTRA_HD_SU</SubcategoryCode><SubcategoryName>4K Ultra HD</SubcategoryName></Categorization><Assets><Asset code="55OLED803_12" description="User manual" extension="pdf" lastModified="2018-10-09" locale="en_GB" number="001" type="DFU">http://download.p4c.philips.com/files/5/55oled803_12/55oled803_12_dfu_eng.pdf</Asset><Asset code="55OLED803_12" description="Key award 1" extension="tif" lastModified="2018-09-10" locale="en_GB" number="001" type="KA1">http://images.philips.com/is/image/PhilipsConsumer/55OLED803_12-KA1-en_GB-001</Asset><Asset code="55OLED803_12" description="Key Award 2 " extension="tif" lastModified="2018-09-10" locale="en_GB" number="001" type="KA2">http://images.philips.com/is/image/PhilipsConsumer/55OLED803_12-KA2-en_GB-001</Asset><Asset code="55OLED803_12" description="Key Award 3" extension="tif" lastModified="2018-09-10" locale="en_GB" number="001" type="KA3">http://images.philips.com/is/image/PhilipsConsumer/55OLED803_12-KA3-en_GB-001</Asset><Asset code="55OLED803_12" description="Leaflet" extension="pdf" lastModified="2018-10-20" locale="en_GB" number="001" type="PSS">http://download.p4c.philips.com/files/5/55oled803_12/55oled803_12_pss_enggb.pdf</Asset><Asset code="55OLED803_12" description="Retail Trade Leaflet" extension="pdf" lastModified="2018-10-05" locale="en_GB" number="001" type="RTL">http://download.p4c.philips.com/files/5/55oled803_12/55oled803_12_rtl_enggb.pdf</Asset><Asset code="55OLED803_12" description="Front product photograph - highres 2196x1795" extension="tif" lastModified="2018-04-18" locale="global" number="001" type="_FP">http://images.philips.com/is/image/PhilipsConsumer/55OLED803_12-_FP-global-001</Asset><Asset code="55OLED803_12" description="Product detail 1 - highres 2196x1795" extension="tif" lastModified="2018-10-12" locale="global" number="001" type="D1P">http://images.philips.com/is/image/PhilipsConsumer/55OLED803_12-D1P-global-001</Asset><Asset code="55OLED803_12" description="Product detail 2 - highres 2196x1795" extension="tif" lastModified="2018-10-12" locale="global" number="001" type="D2P">http://images.philips.com/is/image/PhilipsConsumer/55OLED803_12-D2P-global-001</Asset><Asset code="55OLED803_12" description="Product detail photograph - highres 2196x2196" extension="tif" lastModified="2018-10-12" locale="global" number="001" type="DPP">http://images.philips.com/is/image/PhilipsConsumer/55OLED803_12-DPP-global-001</Asset><Asset code="55OLED803_12" description="Energy Label - Rainbow " extension="pdf" lastModified="2018-08-29" locale="global" number="001" type="ELR">http://download.p4c.philips.com/files/5/55oled803_12/55oled803_12_elr_.pdf</Asset><Asset code="55OLED803_12" description="Main in-use photograph - highres 2480x1462" extension="tif" lastModified="2018-07-30" locale="global" number="001" type="MI1">http://images.philips.com/is/image/PhilipsConsumer/55OLED803_12-MI1-global-001</Asset><Asset code="55OLED803_12" description="Product 3D" extension="zip" lastModified="2018-08-30" locale="global" number="001" type="P3D">http://images.philips.com/is/image/PhilipsConsumer/55OLED803_12-P3D-global</Asset><Asset code="55OLED803_12" description="Leaflet" extension="pdf" lastModified="2018-10-20" locale="global" number="001" type="PSS">http://download.p4c.philips.com/files/5/55oled803_12/55oled803_12_pss_.pdf</Asset><Asset code="55OLED803_12" description="Standard product photograph - highres 2196x1795" extension="tif" lastModified="2018-07-30" locale="global" number="001" type="RTP">http://images.philips.com/is/image/PhilipsConsumer/55OLED803_12-RTP-global-001</Asset><Asset code="55OLED803_12" description="Product In Use 1 - highres 2196x1795" extension="tif" lastModified="2018-10-12" locale="global" number="001" type="U1P">http://images.philips.com/is/image/PhilipsConsumer/55OLED803_12-U1P-global-001</Asset><Asset code="55OLED803_12" description="Product In Use 2 - highres 2196x1795" extension="tif" lastModified="2018-10-12" locale="global" number="001" type="U2P">http://images.philips.com/is/image/PhilipsConsumer/55OLED803_12-U2P-global-001</Asset><Asset code="55OLED803_12" description="Product in use photograph - highres 2196x1795" extension="tif" lastModified="2018-10-12" locale="global" number="001" type="UPL">http://images.philips.com/is/image/PhilipsConsumer/55OLED803_12-UPL-global-001</Asset><Asset code="55OLED803_12" description="Single product shot" extension="" lastModified="2018-10-22" locale="en_GB" number="" type="IMS">http://images.philips.com/is/image/PhilipsConsumer/55OLED803_12-IMS-en_GB</Asset><Asset code="55OLED803_12" description="Product gallery image set" extension="" lastModified="2018-10-22" locale="en_GB" number="" type="GAL">http://images.philips.com/is/image/PhilipsConsumer/55OLED803_12-GAL-en_GB</Asset><Asset code="55OLED803_12" description="Product URL" extension="" lastModified="2018-10-22" locale="en_GB" number="" type="URL">http://www.philips.co.uk/c-p/55OLED803_12/oled-8-series-razor-slim-4k-uhd-oled-android-tv-with-ambilight-3-sided</Asset><Asset code="F400082103" description="Feature logo - highres 331x213" extension="tif" lastModified="2017-03-16" locale="global" number="001" type="FLP">http://images.philips.com/is/image/PhilipsConsumer/F400082103-FLP-global-001</Asset><Asset code="F400084932" description="Feature photograph - highres 2100x1170" extension="tif" lastModified="2018-04-17" locale="global" number="001" type="FIL">http://images.philips.com/is/image/PhilipsConsumer/F400084932-FIL-global-001</Asset><Asset code="F400084932" description="Feature logo - highres 331x213" extension="tif" lastModified="2017-12-29" locale="global" number="001" type="FLP">http://images.philips.com/is/image/PhilipsConsumer/F400084932-FLP-global-001</Asset><Asset code="F400084934" description="Feature logo - highres 331x213" extension="tif" lastModified="2017-11-16" locale="global" number="001" type="FLP">http://images.philips.com/is/image/PhilipsConsumer/F400084934-FLP-global-001</Asset><Asset code="F400084935" description="Feature photograph - highres 2100x1170" extension="tif" lastModified="2018-04-17" locale="global" number="001" type="FIL">http://images.philips.com/is/image/PhilipsConsumer/F400084935-FIL-global-001</Asset><Asset code="F400084935" description="Feature logo - highres 331x213" extension="tif" lastModified="2017-12-21" locale="global" number="001" type="FLP">http://images.philips.com/is/image/PhilipsConsumer/F400084935-FLP-global-001</Asset><Asset code="F400084940" description="Feature logo - highres 331x213" extension="tif" lastModified="2017-11-16" locale="global" number="001" type="FLP">http://images.philips.com/is/image/PhilipsConsumer/F400084940-FLP-global-001</Asset><Asset code="F400084941" description="Feature logo - highres 331x213" extension="tif" lastModified="2017-11-20" locale="global" number="001" type="FLP">http://images.philips.com/is/image/PhilipsConsumer/F400084941-FLP-global-001</Asset><Asset code="F400085586" description="Feature photograph - highres 2100x1170" extension="tif" lastModified="2018-04-25" locale="global" number="001" type="FIL">http://images.philips.com/is/image/PhilipsConsumer/F400085586-FIL-global-001</Asset><Asset code="F400085586" description="Feature logo - highres 331x213" extension="tif" lastModified="2018-01-12" locale="global" number="001" type="FLP">http://images.philips.com/is/image/PhilipsConsumer/F400085586-FLP-global-001</Asset><Asset code="F400085586" description="Feature movie activation image big - 640 x 360" extension="jpg" lastModified="2018-04-18" locale="global" number="001" type="FMB">http://images.philips.com/is/image/PhilipsConsumer/F400085586-FMB-global-001</Asset><Asset code="F400085586_55OLED803_12" description="Feature photograph - highres 2100x1170" extension="tif" lastModified="2018-04-25" locale="global" number="001" type="FIL">http://images.philips.com/is/image/PhilipsConsumer/F400085586_55OLED803_12-FIL-global-001</Asset><Asset code="F400085586_55OLED803_12" description="Feature logo - highres 331x213" extension="tif" lastModified="2018-01-12" locale="global" number="001" type="FLP">http://images.philips.com/is/image/PhilipsConsumer/F400085586_55OLED803_12-FLP-global-001</Asset><Asset code="F400085586_55OLED803_12" description="Feature movie activation image big - 640 x 360" extension="jpg" lastModified="2018-04-18" locale="global" number="001" type="FMB">http://images.philips.com/is/image/PhilipsConsumer/F400085586_55OLED803_12-FMB-global-001</Asset><Asset code="F400085600_55OLED803_12" description="Feature photograph - highres 2100x1170" extension="tif" lastModified="2018-04-17" locale="global" number="001" type="FIL">http://images.philips.com/is/image/PhilipsConsumer/F400085600_55OLED803_12-FIL-global-001</Asset><Asset code="F400085600_55OLED803_12" description="Feature logo - highres 331x213" extension="tif" lastModified="2017-12-29" locale="global" number="001" type="FLP">http://images.philips.com/is/image/PhilipsConsumer/F400085600_55OLED803_12-FLP-global-001</Asset><Asset code="F400085602" description="Feature photograph - highres 2100x1170" extension="tif" lastModified="2018-04-17" locale="global" number="001" type="FIL">http://images.philips.com/is/image/PhilipsConsumer/F400085602-FIL-global-001</Asset><Asset code="F400085602" description="Feature logo - highres 331x213" extension="tif" lastModified="2018-01-12" locale="global" number="001" type="FLP">http://images.philips.com/is/image/PhilipsConsumer/F400085602-FLP-global-001</Asset><Asset code="F400085602" description="Feature movie activation image big - 640 x 360" extension="jpg" lastModified="2018-04-17" locale="global" number="001" type="FMB">http://images.philips.com/is/image/PhilipsConsumer/F400085602-FMB-global-001</Asset><Asset code="F400085602_55OLED803_12" description="Feature photograph - highres 2100x1170" extension="tif" lastModified="2018-04-17" locale="global" number="001" type="FIL">http://images.philips.com/is/image/PhilipsConsumer/F400085602_55OLED803_12-FIL-global-001</Asset><Asset code="F400085602_55OLED803_12" description="Feature logo - highres 331x213" extension="tif" lastModified="2018-01-12" locale="global" number="001" type="FLP">http://images.philips.com/is/image/PhilipsConsumer/F400085602_55OLED803_12-FLP-global-001</Asset><Asset code="F400085602_55OLED803_12" description="Feature movie activation image big - 640 x 360" extension="jpg" lastModified="2018-04-17" locale="global" number="001" type="FMB">http://images.philips.com/is/image/PhilipsConsumer/F400085602_55OLED803_12-FMB-global-001</Asset><Asset code="F400085602_55OLED803_12" description="Feature movie (with spoken or written text)" extension="mp4" lastModified="2018-04-11" locale="en_GB" number="001" type="FML">F400085602_55OLED803_12-FML-en_GB-001.mp4</Asset><Asset code="F400085607_55OLED803_12" description="Feature photograph - highres 2100x1170" extension="tif" lastModified="2018-04-18" locale="global" number="001" type="FIL">http://images.philips.com/is/image/PhilipsConsumer/F400085607_55OLED803_12-FIL-global-001</Asset><Asset code="F400085609" description="Feature photograph - highres 2100x1170" extension="tif" lastModified="2018-04-17" locale="global" number="001" type="FIL">http://images.philips.com/is/image/PhilipsConsumer/F400085609-FIL-global-001</Asset><Asset code="F400085609" description="Feature movie activation image big - 640 x 360" extension="jpg" lastModified="2018-04-17" locale="global" number="001" type="FMB">http://images.philips.com/is/image/PhilipsConsumer/F400085609-FMB-global-001</Asset><Asset code="F400085609_55OLED803_12" description="Feature photograph - highres 2100x1170" extension="tif" lastModified="2018-04-17" locale="global" number="001" type="FIL">http://images.philips.com/is/image/PhilipsConsumer/F400085609_55OLED803_12-FIL-global-001</Asset><Asset code="F400085609_55OLED803_12" description="Feature movie activation image big - 640 x 360" extension="jpg" lastModified="2018-04-17" locale="global" number="001" type="FMB">http://images.philips.com/is/image/PhilipsConsumer/F400085609_55OLED803_12-FMB-global-001</Asset><Asset code="F400085613" description="Feature logo - highres 331x213" extension="tif" lastModified="2017-12-21" locale="global" number="001" type="FLP">http://images.philips.com/is/image/PhilipsConsumer/F400085613-FLP-global-001</Asset><Asset code="F400085614_55OLED803_12" description="Feature photograph - highres 2100x1170" extension="tif" lastModified="2018-04-17" locale="global" number="001" type="FIL">http://images.philips.com/is/image/PhilipsConsumer/F400085614_55OLED803_12-FIL-global-001</Asset><Asset code="F400085614_55OLED803_12" description="Feature logo - highres 331x213" extension="tif" lastModified="2017-12-21" locale="global" number="001" type="FLP">http://images.philips.com/is/image/PhilipsConsumer/F400085614_55OLED803_12-FLP-global-001</Asset><Asset code="F400086572" description="Feature logo - highres 331x213" extension="tif" lastModified="2018-03-05" locale="global" number="001" type="FLP">http://images.philips.com/is/image/PhilipsConsumer/F400086572-FLP-global-001</Asset><Asset code="F400086959" description="Feature logo - highres 331x213" extension="tif" lastModified="2018-04-17" locale="global" number="001" type="FLP">http://images.philips.com/is/image/PhilipsConsumer/F400086959-FLP-global-001</Asset><Asset code="PHI" description="Brand logo - highres 1476x886" extension="tif" lastModified="2016-02-18" locale="global" number="001" type="BRP">http://images.philips.com/is/image/PhilipsConsumer/PHI-BRP-global-001</Asset></Assets><ProductName>Razor Slim 4K UHD OLED Android TV</ProductName><FullProductName>Philips OLED 8 series Razor Slim 4K UHD OLED Android TV 55OLED803 139 cm (55") Ambilight TV 4500 Picture Performance Index HDR perfect WCG 99% P5 Perfect Picture Engine with Ambilight 3-sided</FullProductName><NamingString><MasterBrand><BrandCode>PHI</BrandCode><BrandName>Philips</BrandName></MasterBrand><BrandString>Philips</BrandString><Concept><ConceptCode>SB40009214</ConceptCode><ConceptName>OLED 8 series</ConceptName><ConceptNameUsed>1</ConceptNameUsed></Concept><Descriptor><DescriptorCode>D4030714</DescriptorCode><DescriptorName>Razor Slim 4K UHD OLED Android TV</DescriptorName></Descriptor><Alphanumeric>55OLED803</Alphanumeric><VersionElement1><VersionElementCode>V4046332</VersionElementCode><VersionElementName>139 cm (55") Ambilight TV</VersionElementName></VersionElement1><VersionElement2><VersionElementCode>V4046368</VersionElementCode><VersionElementName>4500 Picture Performance Index</VersionElementName></VersionElement2><VersionElement3><VersionElementCode>V4046019</VersionElementCode><VersionElementName>HDR perfect WCG 99%</VersionElementName></VersionElement3><VersionElement4><VersionElementCode>V4046024</VersionElementCode><VersionElementName>P5 Perfect Picture Engine</VersionElementName></VersionElement4><VersionString>139 cm (55") Ambilight TV 4500 Picture Performance Index HDR perfect WCG 99% P5 Perfect Picture Engine</VersionString><BrandedFeatureCode1>F400085586_55OLED803_12</BrandedFeatureCode1><BrandedFeatureString>with Ambilight 3-sided</BrandedFeatureString><DescriptorBrandedFeatureString>Razor Slim 4K UHD OLED Android TV with Ambilight 3-sided</DescriptorBrandedFeatureString></NamingString><WOW>Razor Slim 4K UHD OLED Android TV</WOW><SubWOW>with Ambilight 3-sided</SubWOW><MarketingTextHeader>Enrich your viewing with the Philips 803 OLED TV. Experience a sharper 4K UHD picture and a wider viewing angle. Enjoy immersive movie or gaming nights with Ambilight. This smart TV won't take over your living room-unless you want it to.</MarketingTextHeader><KeyBenefitArea><KeyBenefitAreaCode>K4035082</KeyBenefitAreaCode><KeyBenefitAreaName>Sharp design. Beautiful light.</KeyBenefitAreaName><KeyBenefitAreaRank>1</KeyBenefitAreaRank><Feature><FeatureCode>F400085586_55OLED803_12</FeatureCode><FeatureReferenceName>Ambilight 3-sided EU</FeatureReferenceName><FeatureName>Ambilight 3-sided</FeatureName><FeatureLongDescription>Ambilight. Take the emotion beyond the screen.</FeatureLongDescription><FeatureGlossary>With Philips Ambilight, movies and games feel more immersive. Music gets a light show. And your screen will feel bigger than it is. Intelligent LEDs around the edges of the TV cast on-screen colours onto the walls and into the room, in real time. You get perfectly tuned ambient lighting. And one more reason to love your TV.</FeatureGlossary><FeatureRank>1</FeatureRank><FeatureTopRank>1</FeatureTopRank></Feature><Feature><FeatureCode>F400085599</FeatureCode><FeatureReferenceName>Razor-slim minimalist frame EU</FeatureReferenceName><FeatureName>Razor-slim minimalist frame</FeatureName><FeatureLongDescription>Razor-slim minimalist frame with brushed metallic finish.</FeatureLongDescription><FeatureRank>2</FeatureRank><FeatureTopRank>2</FeatureTopRank></Feature></KeyBenefitArea><KeyBenefitArea><KeyBenefitAreaCode>K4035083</KeyBenefitAreaCode><KeyBenefitAreaName>Always stunning.</KeyBenefitAreaName><KeyBenefitAreaRank>2</KeyBenefitAreaRank><Feature><FeatureCode>F400085600_55OLED803_12</FeatureCode><FeatureReferenceName>OLED TV EU</FeatureReferenceName><FeatureName>OLED TV</FeatureName><FeatureLongDescription>OLED TV. This is what lifelike feels like.</FeatureLongDescription><FeatureGlossary>With a Philips OLED TV, every scene feels impressively real. Individual pixels can be dimmed or turned off, giving deeper blacks, vibrant colours and astonishing contrast. Even details in shadows and highlights are precisely reproduced. You also get a wider viewing angle and, thanks to the Philips processing engine, beautifully smooth motion.</FeatureGlossary><FeatureRank>1</FeatureRank><FeatureTopRank>3</FeatureTopRank></Feature><Feature><FeatureCode>F400085602_55OLED803_12</FeatureCode><FeatureReferenceName>P5 Processing Engine EU</FeatureReferenceName><FeatureName>P5 Perfect Picture Engine</FeatureName><FeatureLongDescription>Philips P5 Engine. Whatever the source, always perfection.</FeatureLongDescription><FeatureGlossary>The Philips P5 Perfect Picture Engine delivers an image as brilliant as the content you love. Details have noticeably more depth. Colours are vivid, while skin tones look natural. Contrast is so crisp you'll feel every detail. And motion is so smooth that you'll never lose sight of the ball, no matter how fast the play.</FeatureGlossary><FeatureRank>2</FeatureRank><FeatureTopRank>4</FeatureTopRank></Feature><Feature><FeatureCode>F400085605_55OLED803_12</FeatureCode><FeatureReferenceName>Ultra HD Premium EU</FeatureReferenceName><FeatureName>Ultra-HD Premium</FeatureName><FeatureLongDescription>Certified UHD Premium. Feast your eyes.</FeatureLongDescription><FeatureGlossary>The Ultra HD Premium certification on your Philips OLED TV is the promise of an incredibly lifelike 4K UHD picture for the content you love. You'll be captivated by greater brightness and contrast, and a wider colour gamut that unlocks millions of subtle shades. The HDR content you watch will come to life with more realistic depth and detail.</FeatureGlossary><FeatureRank>3</FeatureRank><FeatureTopRank>5</FeatureTopRank></Feature><Feature><FeatureCode>F400085614_55OLED803_12</FeatureCode><FeatureReferenceName>HDR Perfect EU</FeatureReferenceName><FeatureName>High Dynamic Range Perfect</FeatureName><FeatureLongDescription>HDR Perfect. Truly cinematic colour, depth and dimension</FeatureLongDescription><FeatureGlossary>High Dynamic Range Perfect delivers a sensory experience that captures the original richness and liveliness of your content. Enjoy brighter highlights, ultimate contrast and vivid colours just like the director intended.</FeatureGlossary><FeatureRank>4</FeatureRank><FeatureTopRank>6</FeatureTopRank></Feature></KeyBenefitArea><KeyBenefitArea><KeyBenefitAreaCode>K4035084</KeyBenefitAreaCode><KeyBenefitAreaName>Android TV-all the content you love</KeyBenefitAreaName><KeyBenefitAreaRank>3</KeyBenefitAreaRank><Feature><FeatureCode>F400085609_55OLED803_12</FeatureCode><FeatureReferenceName>Google Assistant built-in EU</FeatureReferenceName><FeatureName>Google Assistant built in</FeatureName><FeatureLongDescription>Google Assistant built in. Content and more at your command.</FeatureLongDescription><FeatureGlossary>Control your Philips Android TV with your voice. Want to play a game, watch Netflix or find content and apps in the Google Play store? Just tell your TV. You can even command all Google Assistant-compatible smart home devices, like dimming the lights and setting the thermostat on movie night. Without leaving the sofa.</FeatureGlossary><FeatureRank>1</FeatureRank><FeatureTopRank>7</FeatureTopRank></Feature><Feature><FeatureCode>F400085607_55OLED803_12</FeatureCode><FeatureReferenceName>Google Play + Philips TV/STA gallery + 16GB memory EU</FeatureReferenceName><FeatureName>TV Content</FeatureName><FeatureLongDescription>Google Play store and Philips app gallery. More to love.</FeatureLongDescription><FeatureGlossary>Go beyond traditional TV programming with Google Play Store and Philips App Gallery. Experience endless movies, TV, music, apps and games online. More to love.</FeatureGlossary><FeatureRank>2</FeatureRank><FeatureTopRank>8</FeatureTopRank></Feature><Feature><FeatureCode>F400085610</FeatureCode><FeatureReferenceName>16GB of expandable memory EU</FeatureReferenceName><FeatureName>16 GB of expandable memory</FeatureName><FeatureLongDescription>Add more content with 16 GB of expandable memory.</FeatureLongDescription><FeatureGlossary>16 GB of expandable memory means there is plenty of room to store all your favourite content and to install more apps.</FeatureGlossary><FeatureRank>3</FeatureRank><FeatureTopRank>9</FeatureTopRank></Feature></KeyBenefitArea><KeyBenefitArea><KeyBenefitAreaCode>K4035086</KeyBenefitAreaCode><KeyBenefitAreaName>Slim TV. Deep sound.</KeyBenefitAreaName><KeyBenefitAreaRank>4</KeyBenefitAreaRank><Feature><FeatureCode>F400085613</FeatureCode><FeatureReferenceName>DTS HD Premium Sound EU</FeatureReferenceName><FeatureName>DTS HD Premium Sound</FeatureName><FeatureLongDescription>DTS HD Premium Sound. Deep bass and crystal-clear dialogue</FeatureLongDescription><FeatureGlossary>DTS HD Premium Suite delivers high-end audio processing for better sound from your speakers. Preserving the purity of the original content, you'll enjoy immersive sound, deep bass and crystal clear dialogue without any fluctuations, clipping or distortion.</FeatureGlossary><FeatureRank>1</FeatureRank><FeatureTopRank>10</FeatureTopRank></Feature><Feature><FeatureCode>F400085612</FeatureCode><FeatureReferenceName>Triple Ring technology EU</FeatureReferenceName><FeatureName>Triple Ring technology</FeatureName><FeatureLongDescription>Philips Triple Ring technology. Powerful performance.</FeatureLongDescription><FeatureGlossary>With enhanced Philips Triple Ring technology, we have even more powerful speaker movement in our subwoofers. More movement means more punch-so you will enjoy powerful sound even in our thin Philips TV design.</FeatureGlossary><FeatureRank>2</FeatureRank><FeatureTopRank>11</FeatureTopRank></Feature></KeyBenefitArea><FeatureLogo><FeatureCode>F400085586_55OLED803_12</FeatureCode><FeatureReferenceName>Ambilight 3-sided EU</FeatureReferenceName><FeatureLogoRank>1</FeatureLogoRank></FeatureLogo><FeatureLogo><FeatureCode>F400084932</FeatureCode><FeatureReferenceName>OLED TV (2018)</FeatureReferenceName><FeatureLogoRank>4</FeatureLogoRank></FeatureLogo><FeatureLogo><FeatureCode>F400085602_55OLED803_12</FeatureCode><FeatureReferenceName>P5 Processing Engine EU</FeatureReferenceName><FeatureLogoRank>5</FeatureLogoRank></FeatureLogo><FeatureLogo><FeatureCode>F400084934</FeatureCode><FeatureReferenceName>Ultra HD Premium (2018)</FeatureReferenceName><FeatureLogoRank>6</FeatureLogoRank></FeatureLogo><FeatureLogo><FeatureCode>F400086572</FeatureCode><FeatureReferenceName>WCG 99%</FeatureReferenceName><FeatureLogoRank>7</FeatureLogoRank></FeatureLogo><FeatureLogo><FeatureCode>F400086959</FeatureCode><FeatureReferenceName>4500 PPI</FeatureReferenceName><FeatureLogoRank>8</FeatureLogoRank></FeatureLogo><FeatureLogo><FeatureCode>F400082103</FeatureCode><FeatureReferenceName>Android TV (2017)</FeatureReferenceName><FeatureLogoRank>9</FeatureLogoRank></FeatureLogo><FeatureLogo><FeatureCode>F400084941</FeatureCode><FeatureReferenceName>Triple Ring technology (2018)</FeatureReferenceName><FeatureLogoRank>10</FeatureLogoRank></FeatureLogo><FeatureLogo><FeatureCode>F400084935</FeatureCode><FeatureReferenceName>HDR Perfect (2018)</FeatureReferenceName><FeatureLogoRank>11</FeatureLogoRank></FeatureLogo><FeatureLogo><FeatureCode>F400085609_55OLED803_12</FeatureCode><FeatureReferenceName>Google Assistant built-in EU</FeatureReferenceName><FeatureLogoRank>12</FeatureLogoRank></FeatureLogo><FeatureLogo><FeatureCode>F400084940</FeatureCode><FeatureReferenceName>DTS HD Premium Sound (2018)</FeatureReferenceName><FeatureLogoRank>13</FeatureLogoRank></FeatureLogo><FeatureImage><FeatureCode>F400085586_55OLED803_12</FeatureCode><FeatureReferenceName>Ambilight 3-sided EU</FeatureReferenceName><FeatureImageRank>1</FeatureImageRank></FeatureImage><FeatureImage><FeatureCode>F400085600_55OLED803_12</FeatureCode><FeatureReferenceName>OLED TV EU</FeatureReferenceName><FeatureImageRank>3</FeatureImageRank></FeatureImage><FeatureImage><FeatureCode>F400085602_55OLED803_12</FeatureCode><FeatureReferenceName>P5 Processing Engine EU</FeatureReferenceName><FeatureImageRank>4</FeatureImageRank></FeatureImage><FeatureImage><FeatureCode>F400085605_55OLED803_12</FeatureCode><FeatureReferenceName>Ultra HD Premium EU</FeatureReferenceName><FeatureImageRank>5</FeatureImageRank></FeatureImage><FeatureImage><FeatureCode>F400085614_55OLED803_12</FeatureCode><FeatureReferenceName>HDR Perfect EU</FeatureReferenceName><FeatureImageRank>6</FeatureImageRank></FeatureImage><FeatureImage><FeatureCode>F400085609_55OLED803_12</FeatureCode><FeatureReferenceName>Google Assistant built-in EU</FeatureReferenceName><FeatureImageRank>7</FeatureImageRank></FeatureImage><FeatureImage><FeatureCode>F400085607_55OLED803_12</FeatureCode><FeatureReferenceName>Google Play + Philips TV/STA gallery + 16GB memory EU</FeatureReferenceName><FeatureImageRank>8</FeatureImageRank></FeatureImage><FeatureImage><FeatureCode>F400085613</FeatureCode><FeatureReferenceName>DTS HD Premium Sound EU</FeatureReferenceName><FeatureImageRank>10</FeatureImageRank></FeatureImage><FeatureImage><FeatureCode>F400085612</FeatureCode><FeatureReferenceName>Triple Ring technology EU</FeatureReferenceName><FeatureImageRank>11</FeatureImageRank></FeatureImage><FeatureHighlight><FeatureCode>F400085586_55OLED803_12</FeatureCode><FeatureReferenceName>Ambilight 3-sided EU</FeatureReferenceName><FeatureHighlightRank>1</FeatureHighlightRank></FeatureHighlight><FeatureHighlight><FeatureCode>F400085600_55OLED803_12</FeatureCode><FeatureReferenceName>OLED TV EU</FeatureReferenceName><FeatureHighlightRank>3</FeatureHighlightRank></FeatureHighlight><FeatureHighlight><FeatureCode>F400085602_55OLED803_12</FeatureCode><FeatureReferenceName>P5 Processing Engine EU</FeatureReferenceName><FeatureHighlightRank>4</FeatureHighlightRank></FeatureHighlight><FeatureHighlight><FeatureCode>F400085605_55OLED803_12</FeatureCode><FeatureReferenceName>Ultra HD Premium EU</FeatureReferenceName><FeatureHighlightRank>5</FeatureHighlightRank></FeatureHighlight><FeatureHighlight><FeatureCode>F400085614_55OLED803_12</FeatureCode><FeatureReferenceName>HDR Perfect EU</FeatureReferenceName><FeatureHighlightRank>6</FeatureHighlightRank></FeatureHighlight><FeatureHighlight><FeatureCode>F400085609_55OLED803_12</FeatureCode><FeatureReferenceName>Google Assistant built-in EU</FeatureReferenceName><FeatureHighlightRank>7</FeatureHighlightRank></FeatureHighlight><FeatureHighlight><FeatureCode>F400085607_55OLED803_12</FeatureCode><FeatureReferenceName>Google Play + Philips TV/STA gallery + 16GB memory EU</FeatureReferenceName><FeatureHighlightRank>8</FeatureHighlightRank></FeatureHighlight><FeatureHighlight><FeatureCode>F400085613</FeatureCode><FeatureReferenceName>DTS HD Premium Sound EU</FeatureReferenceName><FeatureHighlightRank>10</FeatureHighlightRank></FeatureHighlight><FeatureHighlight><FeatureCode>F400085612</FeatureCode><FeatureReferenceName>Triple Ring technology EU</FeatureReferenceName><FeatureHighlightRank>11</FeatureHighlightRank></FeatureHighlight><CSChapter><CSChapterCode>3000798</CSChapterCode><CSChapterName>Ambilight</CSChapterName><CSChapterRank>1</CSChapterRank><CSItem><CSItemCode>IT4008761</CSItemCode><CSItemName>Ambilight Version</CSItemName><CSItemRank>1</CSItemRank><CSItemIsFreeFormat>0</CSItemIsFreeFormat><CSValue><CSValueCode>VA4021434</CSValueCode><CSValueName>3 sided</CSValueName><CSValueRank>1</CSValueRank></CSValue></CSItem><CSItem><CSItemCode>3006240</CSItemCode><CSItemName>Ambilight Features</CSItemName><CSItemRank>2</CSItemRank><CSItemIsFreeFormat>0</CSItemIsFreeFormat><CSValue><CSValueCode>VA4079461</CSValueCode><CSValueName>Built-in Ambilight+hue</CSValueName><CSValueRank>1</CSValueRank></CSValue><CSValue><CSValueCode>VA4091343</CSValueCode><CSValueName>Ambilight Music</CSValueName><CSValueRank>2</CSValueRank></CSValue><CSValue><CSValueCode>VA4089018</CSValueCode><CSValueName>Game Mode</CSValueName><CSValueRank>3</CSValueRank></CSValue><CSValue><CSValueCode>VA4022574</CSValueCode><CSValueName>Wall colour adaptive</CSValueName><CSValueRank>4</CSValueRank></CSValue><CSValue><CSValueCode>VA4077822</CSValueCode><CSValueName>Lounge mode</CSValueName><CSValueRank>5</CSValueRank></CSValue></CSItem></CSChapter><CSChapter><CSChapterCode>3000796</CSChapterCode><CSChapterName>Picture/Display</CSChapterName><CSChapterRank>2</CSChapterRank><CSItem><CSItemCode>IT4009349</CSItemCode><CSItemName>Display</CSItemName><CSItemRank>1</CSItemRank><CSItemIsFreeFormat>0</CSItemIsFreeFormat><CSValue><CSValueCode>VA4099789</CSValueCode><CSValueName>4K Ultra HD OLED</CSValueName><CSValueRank>1</CSValueRank></CSValue></CSItem><CSItem><CSItemCode>3006140</CSItemCode><CSItemName>Diagonal screen size (metric)</CSItemName><CSItemRank>2</CSItemRank><CSItemIsFreeFormat>1</CSItemIsFreeFormat><CSValue><CSValueCode>3031123</CSValueCode><CSValueName>139</CSValueName><CSValueRank>1</CSValueRank></CSValue><UnitOfMeasure><UnitOfMeasureCode>3000039</UnitOfMeasureCode><UnitOfMeasureName>centimetre</UnitOfMeasureName><UnitOfMeasureSymbol>cm</UnitOfMeasureSymbol></UnitOfMeasure></CSItem><CSItem><CSItemCode>3006139</CSItemCode><CSItemName>Diagonal screen size (inch)</CSItemName><CSItemRank>3</CSItemRank><CSItemIsFreeFormat>1</CSItemIsFreeFormat><CSValue><CSValueCode>3031122</CSValueCode><CSValueName>55</CSValueName><CSValueRank>1</CSValueRank></CSValue><UnitOfMeasure><UnitOfMeasureCode>3000047</UnitOfMeasureCode><UnitOfMeasureName>inch</UnitOfMeasureName><UnitOfMeasureSymbol>inch</UnitOfMeasureSymbol></UnitOfMeasure></CSItem><CSItem><CSItemCode>3006177</CSItemCode><CSItemName>Panel resolution</CSItemName><CSItemRank>4</CSItemRank><CSItemIsFreeFormat>0</CSItemIsFreeFormat><CSValue><CSValueCode>VA4079565</CSValueCode><CSValueName>3840 x 2160</CSValueName><CSValueRank>1</CSValueRank></CSValue></CSItem><CSItem><CSItemCode>3006121</CSItemCode><CSItemName>Aspect ratio</CSItemName><CSItemRank>5</CSItemRank><CSItemIsFreeFormat>0</CSItemIsFreeFormat><CSValue><CSValueCode>3031098</CSValueCode><CSValueName>16:9</CSValueName><CSValueRank>1</CSValueRank></CSValue></CSItem><CSItem><CSItemCode>IT4034274</CSItemCode><CSItemName>Pixel engine</CSItemName><CSItemRank>6</CSItemRank><CSItemIsFreeFormat>0</CSItemIsFreeFormat><CSValue><CSValueCode>VA4099315</CSValueCode><CSValueName>P5 Perfect Picture Engine</CSValueName><CSValueRank>1</CSValueRank></CSValue></CSItem><CSItem><CSItemCode>3006183</CSItemCode><CSItemName>Picture enhancement</CSItemName><CSItemRank>7</CSItemRank><CSItemIsFreeFormat>0</CSItemIsFreeFormat><CSValue><CSValueCode>VA4006309</CSValueCode><CSValueName>Perfect Natural Motion</CSValueName><CSValueRank>1</CSValueRank></CSValue><CSValue><CSValueCode>VA4068029</CSValueCode><CSValueName>Ultra Resolution</CSValueName><CSValueRank>2</CSValueRank></CSValue><CSValue><CSValueCode>VA4099790</CSValueCode><CSValueName>Micro Dimming Perfect</CSValueName><CSValueRank>3</CSValueRank></CSValue><CSValue><CSValueCode>VA4102813</CSValueCode><CSValueName>HDR Perfect</CSValueName><CSValueRank>4</CSValueRank></CSValue><CSValue><CSValueCode>VA4102810</CSValueCode><CSValueName>4500 PPI</CSValueName><CSValueRank>5</CSValueRank></CSValue></CSItem></CSChapter><CSChapter><CSChapterCode>CH4007021</CSChapterCode><CSChapterName>Android</CSChapterName><CSChapterRank>3</CSChapterRank><CSItem><CSItemCode>IT4037473</CSItemCode><CSItemName>OS</CSItemName><CSItemRank>1</CSItemRank><CSItemIsFreeFormat>0</CSItemIsFreeFormat><CSValue><CSValueCode>VA4101453</CSValueCode><CSValueName>Android Nougat</CSValueName><CSValueRank>1</CSValueRank></CSValue></CSItem><CSItem><CSItemCode>IT4034666</CSItemCode><CSItemName>Pre-installed apps</CSItemName><CSItemRank>2</CSItemRank><CSItemIsFreeFormat>0</CSItemIsFreeFormat><CSValue><CSValueCode>VA4080696</CSValueCode><CSValueName>Google Play Movies*</CSValueName><CSValueRank>1</CSValueRank></CSValue><CSValue><CSValueCode>VA4080697</CSValueCode><CSValueName>Google Play Music*</CSValueName><CSValueRank>2</CSValueRank></CSValue><CSValue><CSValueCode>VA4086880</CSValueCode><CSValueName>Google Search</CSValueName><CSValueRank>3</CSValueRank></CSValue><CSValue><CSValueCode>VA4080698</CSValueCode><CSValueName>YouTube</CSValueName><CSValueRank>4</CSValueRank></CSValue></CSItem><CSItem><CSItemCode>IT4037607</CSItemCode><CSItemName>Memory size</CSItemName><CSItemRank>3</CSItemRank><CSItemIsFreeFormat>0</CSItemIsFreeFormat><CSValue><CSValueCode>VA4087301</CSValueCode><CSValueName>16 GB</CSValueName><CSValueRank>1</CSValueRank></CSValue><CSValue><CSValueCode>VA4087302</CSValueCode><CSValueName>extendable via USB storage</CSValueName><CSValueRank>2</CSValueRank></CSValue></CSItem></CSChapter><CSChapter><CSChapterCode>CH4007621</CSChapterCode><CSChapterName>Smart TV Features</CSChapterName><CSChapterRank>4</CSChapterRank><CSItem><CSItemCode>IT4037464</CSItemCode><CSItemName>User Interaction</CSItemName><CSItemRank>1</CSItemRank><CSItemIsFreeFormat>0</CSItemIsFreeFormat><CSValue><CSValueCode>VA4086945</CSValueCode><CSValueName>MultiRoom Client and Server</CSValueName><CSValueRank>1</CSValueRank></CSValue><CSValue><CSValueCode>VA4086943</CSValueCode><CSValueName>SimplyShare</CSValueName><CSValueRank>2</CSValueRank></CSValue></CSItem><CSItem><CSItemCode>IT4037465</CSItemCode><CSItemName>Interactive TV</CSItemName><CSItemRank>2</CSItemRank><CSItemIsFreeFormat>0</CSItemIsFreeFormat><CSValue><CSValueCode>VA4086947</CSValueCode><CSValueName>HbbTV</CSValueName><CSValueRank>1</CSValueRank></CSValue></CSItem><CSItem><CSItemCode>IT4037466</CSItemCode><CSItemName>Programme</CSItemName><CSItemRank>3</CSItemRank><CSItemIsFreeFormat>0</CSItemIsFreeFormat><CSValue><CSValueCode>VA4086948</CSValueCode><CSValueName>Pause TV</CSValueName><CSValueRank>1</CSValueRank></CSValue><CSValue><CSValueCode>VA4086949</CSValueCode><CSValueName>USB Recording*</CSValueName><CSValueRank>2</CSValueRank></CSValue></CSItem><CSItem><CSItemCode>IT4037467</CSItemCode><CSItemName>SmartTV apps*</CSItemName><CSItemRank>4</CSItemRank><CSItemIsFreeFormat>0</CSItemIsFreeFormat><CSValue><CSValueCode>VA4086951</CSValueCode><CSValueName>Online Video Stores</CSValueName><CSValueRank>1</CSValueRank></CSValue><CSValue><CSValueCode>VA4086957</CSValueCode><CSValueName>Open Internet Browser</CSValueName><CSValueRank>2</CSValueRank></CSValue><CSValue><CSValueCode>VA4086956</CSValueCode><CSValueName>Social TV</CSValueName><CSValueRank>3</CSValueRank></CSValue><CSValue><CSValueCode>VA4086950</CSValueCode><CSValueName>TV on Demand</CSValueName><CSValueRank>4</CSValueRank></CSValue><CSValue><CSValueCode>VA4086955</CSValueCode><CSValueName>YouTube</CSValueName><CSValueRank>5</CSValueRank></CSValue></CSItem><CSItem><CSItemCode>IT4037468</CSItemCode><CSItemName>Ease of Installation</CSItemName><CSItemRank>5</CSItemRank><CSItemIsFreeFormat>0</CSItemIsFreeFormat><CSValue><CSValueCode>VA4086958</CSValueCode><CSValueName>Auto detect Philips devices</CSValueName><CSValueRank>1</CSValueRank></CSValue><CSValue><CSValueCode>VA4086960</CSValueCode><CSValueName>Network installation wizard</CSValueName><CSValueRank>2</CSValueRank></CSValue><CSValue><CSValueCode>VA4086961</CSValueCode><CSValueName>Settings assistant wizard</CSValueName><CSValueRank>3</CSValueRank></CSValue><CSValue><CSValueCode>VA4086959</CSValueCode><CSValueName>Device connection wizard</CSValueName><CSValueRank>4</CSValueRank></CSValue></CSItem><CSItem><CSItemCode>IT4037469</CSItemCode><CSItemName>Ease of Use</CSItemName><CSItemRank>6</CSItemRank><CSItemIsFreeFormat>0</CSItemIsFreeFormat><CSValue><CSValueCode>VA4086962</CSValueCode><CSValueName>One-stop Smart Menu button</CSValueName><CSValueRank>1</CSValueRank></CSValue><CSValue><CSValueCode>VA4086963</CSValueCode><CSValueName>On-screen User manual</CSValueName><CSValueRank>2</CSValueRank></CSValue></CSItem><CSItem><CSItemCode>IT4037470</CSItemCode><CSItemName>Firmware upgradeable</CSItemName><CSItemRank>7</CSItemRank><CSItemIsFreeFormat>0</CSItemIsFreeFormat><CSValue><CSValueCode>VA4086964</CSValueCode><CSValueName>Firmware auto upgrade wizard</CSValueName><CSValueRank>1</CSValueRank></CSValue><CSValue><CSValueCode>VA4086965</CSValueCode><CSValueName>Firmware upgradeable via USB</CSValueName><CSValueRank>2</CSValueRank></CSValue><CSValue><CSValueCode>VA4086966</CSValueCode><CSValueName>Online firmware upgrade</CSValueName><CSValueRank>3</CSValueRank></CSValue></CSItem><CSItem><CSItemCode>IT4037471</CSItemCode><CSItemName>Screen Format Adjustments</CSItemName><CSItemRank>8</CSItemRank><CSItemIsFreeFormat>0</CSItemIsFreeFormat><CSValue><CSValueCode>VA4086973</CSValueCode><CSValueName>Basic - Fill Screen</CSValueName><CSValueRank>1</CSValueRank></CSValue><CSValue><CSValueCode>VA4086974</CSValueCode><CSValueName>Fit to Screen</CSValueName><CSValueRank>2</CSValueRank></CSValue><CSValue><CSValueCode>VA4086975</CSValueCode><CSValueName>Advance - Shift</CSValueName><CSValueRank>3</CSValueRank></CSValue><CSValue><CSValueCode>VA4086976</CSValueCode><CSValueName>Zoom, Stretch</CSValueName><CSValueRank>4</CSValueRank></CSValue></CSItem><CSItem><CSItemCode>IT4037472</CSItemCode><CSItemName>Philips TV Remote app*</CSItemName><CSItemRank>9</CSItemRank><CSItemIsFreeFormat>0</CSItemIsFreeFormat><CSValue><CSValueCode>VA4086985</CSValueCode><CSValueName>Apps</CSValueName><CSValueRank>1</CSValueRank></CSValue><CSValue><CSValueCode>VA4086984</CSValueCode><CSValueName>Channels</CSValueName><CSValueRank>2</CSValueRank></CSValue><CSValue><CSValueCode>VA4086978</CSValueCode><CSValueName>Control</CSValueName><CSValueRank>3</CSValueRank></CSValue><CSValue><CSValueCode>VA4086983</CSValueCode><CSValueName>NowOnTV</CSValueName><CSValueRank>4</CSValueRank></CSValue><CSValue><CSValueCode>VA4086981</CSValueCode><CSValueName>TV Guide</CSValueName><CSValueRank>5</CSValueRank></CSValue><CSValue><CSValueCode>VA4086982</CSValueCode><CSValueName>Video On Demand</CSValueName><CSValueRank>6</CSValueRank></CSValue></CSItem><CSItem><CSItemCode>IT4037475</CSItemCode><CSItemName>Remote Control</CSItemName><CSItemRank>10</CSItemRank><CSItemIsFreeFormat>0</CSItemIsFreeFormat><CSValue><CSValueCode>VA4086992</CSValueCode><CSValueName>with Keyboard</CSValueName><CSValueRank>1</CSValueRank></CSValue><CSValue><CSValueCode>VA4103024</CSValueCode><CSValueName>1x Easy Remote</CSValueName><CSValueRank>2</CSValueRank></CSValue></CSItem></CSChapter><CSChapter><CSChapterCode>CH4006082</CSChapterCode><CSChapterName>Processing</CSChapterName><CSChapterRank>5</CSChapterRank><CSItem><CSItemCode>IT4029505</CSItemCode><CSItemName>Processing Power</CSItemName><CSItemRank>1</CSItemRank><CSItemIsFreeFormat>0</CSItemIsFreeFormat><CSValue><CSValueCode>VA4068064</CSValueCode><CSValueName>Quad Core</CSValueName><CSValueRank>1</CSValueRank></CSValue></CSItem></CSChapter><CSChapter><CSChapterCode>3000799</CSChapterCode><CSChapterName>Sound</CSChapterName><CSChapterRank>6</CSChapterRank><CSItem><CSItemCode>IT4045409</CSItemCode><CSItemName>Audio</CSItemName><CSItemRank>1</CSItemRank><CSItemIsFreeFormat>0</CSItemIsFreeFormat><CSValue><CSValueCode>VA4104140</CSValueCode><CSValueName>Output power: 50 Watt (RMS)</CSValueName><CSValueRank>1</CSValueRank></CSValue><CSValue><CSValueCode>VA4104138</CSValueCode><CSValueName>2.1 Channel</CSValueName><CSValueRank>2</CSValueRank></CSValue></CSItem><CSItem><CSItemCode>IT4045410</CSItemCode><CSItemName>Loudspeaker</CSItemName><CSItemRank>2</CSItemRank><CSItemIsFreeFormat>0</CSItemIsFreeFormat><CSValue><CSValueCode>VA4104151</CSValueCode><CSValueName>2 x silk dome tweeter</CSValueName><CSValueRank>1</CSValueRank></CSValue><CSValue><CSValueCode>VA4104152</CSValueCode><CSValueName>2 x paper cone mid driver</CSValueName><CSValueRank>2</CSValueRank></CSValue><CSValue><CSValueCode>VA4104144</CSValueCode><CSValueName>Dual passive radiator woofer</CSValueName><CSValueRank>3</CSValueRank></CSValue></CSItem><CSItem><CSItemCode>IT4045411</CSItemCode><CSItemName>Codec</CSItemName><CSItemRank>3</CSItemRank><CSItemIsFreeFormat>0</CSItemIsFreeFormat><CSValue><CSValueCode>VA4104145</CSValueCode><CSValueName>Dolby Digital</CSValueName><CSValueRank>1</CSValueRank></CSValue><CSValue><CSValueCode>VA4104146</CSValueCode><CSValueName>Dolby Digital Plus</CSValueName><CSValueRank>2</CSValueRank></CSValue><CSValue><CSValueCode>VA4104147</CSValueCode><CSValueName>AC-4</CSValueName><CSValueRank>3</CSValueRank></CSValue><CSValue><CSValueCode>VA4104148</CSValueCode><CSValueName>Dolby Atmos compatible</CSValueName><CSValueRank>4</CSValueRank></CSValue></CSItem><CSItem><CSItemCode>IT4045412</CSItemCode><CSItemName>DTS-HD Premium Sound</CSItemName><CSItemRank>4</CSItemRank><CSItemIsFreeFormat>0</CSItemIsFreeFormat><CSValue><CSValueCode>VA4104149</CSValueCode><CSValueName>DTS-HD</CSValueName><CSValueRank>1</CSValueRank></CSValue><CSValue><CSValueCode>VA4104150</CSValueCode><CSValueName>DTS Studio Sound II</CSValueName><CSValueRank>2</CSValueRank></CSValue></CSItem><CSItem><CSItemCode>IT4045565</CSItemCode><CSItemName>Speaker configuration</CSItemName><CSItemRank>5</CSItemRank><CSItemIsFreeFormat>1</CSItemIsFreeFormat><CSValue><CSValueCode>VA4104615</CSValueCode><CSValueName>2 x tweeter,10 W x 2 mid-high speaker, 30 W sub-woofer</CSValueName><CSValueRank>1</CSValueRank></CSValue></CSItem></CSChapter><CSChapter><CSChapterCode>3000813</CSChapterCode><CSChapterName>Connectivity</CSChapterName><CSChapterRank>7</CSChapterRank><CSItem><CSItemCode>IT4006781</CSItemCode><CSItemName>Number of HDMI connections</CSItemName><CSItemRank>1</CSItemRank><CSItemIsFreeFormat>0</CSItemIsFreeFormat><CSValue><CSValueCode>VA4018288</CSValueCode><CSValueName>4</CSValueName><CSValueRank>1</CSValueRank></CSValue></CSItem><CSItem><CSItemCode>IT4015984</CSItemCode><CSItemName>Number of USBs</CSItemName><CSItemRank>2</CSItemRank><CSItemIsFreeFormat>0</CSItemIsFreeFormat><CSValue><CSValueCode>VA4032422</CSValueCode><CSValueName>2</CSValueName><CSValueRank>1</CSValueRank></CSValue></CSItem><CSItem><CSItemCode>IT4015985</CSItemCode><CSItemName>Number of components in (YPbPr)</CSItemName><CSItemRank>3</CSItemRank><CSItemIsFreeFormat>0</CSItemIsFreeFormat><CSValue><CSValueCode>VA4032424</CSValueCode><CSValueName>1</CSValueName><CSValueRank>1</CSValueRank></CSValue></CSItem><CSItem><CSItemCode>3006591</CSItemCode><CSItemName>Wireless connections</CSItemName><CSItemRank>4</CSItemRank><CSItemIsFreeFormat>0</CSItemIsFreeFormat><CSValue><CSValueCode>VA4078095</CSValueCode><CSValueName>Dual Band</CSValueName><CSValueRank>1</CSValueRank></CSValue><CSValue><CSValueCode>VA4094466</CSValueCode><CSValueName>Wi-Fi 11ac 2x2 integrated</CSValueName><CSValueRank>2</CSValueRank></CSValue></CSItem><CSItem><CSItemCode>3006573</CSItemCode><CSItemName>Other connections</CSItemName><CSItemRank>5</CSItemRank><CSItemIsFreeFormat>0</CSItemIsFreeFormat><CSValue><CSValueCode>3032285</CSValueCode><CSValueName>Antenna IEC75</CSValueName><CSValueRank>1</CSValueRank></CSValue><CSValue><CSValueCode>VA4019747</CSValueCode><CSValueName>Common Interface Plus (CI+)</CSValueName><CSValueRank>2</CSValueRank></CSValue><CSValue><CSValueCode>VA4032430</CSValueCode><CSValueName>Digital audio out (optical)</CSValueName><CSValueRank>3</CSValueRank></CSValue><CSValue><CSValueCode>VA4022502</CSValueCode><CSValueName>Ethernet-LAN RJ-45</CSValueName><CSValueRank>4</CSValueRank></CSValue><CSValue><CSValueCode>VA4018008</CSValueCode><CSValueName>Audio L/R in</CSValueName><CSValueRank>5</CSValueRank></CSValue><CSValue><CSValueCode>VA4001121</CSValueCode><CSValueName>Headphone out</CSValueName><CSValueRank>6</CSValueRank></CSValue><CSValue><CSValueCode>VA4080704</CSValueCode><CSValueName>2x Satellite input</CSValueName><CSValueRank>7</CSValueRank></CSValue></CSItem><CSItem><CSItemCode>IT4001801</CSItemCode><CSItemName>HDMI features</CSItemName><CSItemRank>6</CSItemRank><CSItemIsFreeFormat>0</CSItemIsFreeFormat><CSValue><CSValueCode>VA4080937</CSValueCode><CSValueName>4K</CSValueName><CSValueRank>1</CSValueRank></CSValue><CSValue><CSValueCode>VA4021426</CSValueCode><CSValueName>Audio Return Channel</CSValueName><CSValueRank>2</CSValueRank></CSValue></CSItem><CSItem><CSItemCode>IT4001802</CSItemCode><CSItemName>EasyLink (HDMI-CEC)</CSItemName><CSItemRank>7</CSItemRank><CSItemIsFreeFormat>0</CSItemIsFreeFormat><CSValue><CSValueCode>VA4006305</CSValueCode><CSValueName>Remote control pass-through</CSValueName><CSValueRank>1</CSValueRank></CSValue><CSValue><CSValueCode>VA4006303</CSValueCode><CSValueName>System audio control</CSValueName><CSValueRank>2</CSValueRank></CSValue><CSValue><CSValueCode>VA4004662</CSValueCode><CSValueName>System standby</CSValueName><CSValueRank>3</CSValueRank></CSValue><CSValue><CSValueCode>VA4004661</CSValueCode><CSValueName>One touch play</CSValueName><CSValueRank>4</CSValueRank></CSValue></CSItem><CSItem><CSItemCode>IT4034211</CSItemCode><CSItemName>HDCP 2.2</CSItemName><CSItemRank>8</CSItemRank><CSItemIsFreeFormat>0</CSItemIsFreeFormat><CSValue><CSValueCode>VA4086885</CSValueCode><CSValueName>Yes on all HDMI</CSValueName><CSValueRank>1</CSValueRank></CSValue></CSItem></CSChapter><CSChapter><CSChapterCode>3000811</CSChapterCode><CSChapterName>Multimedia Applications</CSChapterName><CSChapterRank>8</CSChapterRank><CSItem><CSItemCode>IT4008764</CSItemCode><CSItemName>Video Playback Formats</CSItemName><CSItemRank>1</CSItemRank><CSItemIsFreeFormat>0</CSItemIsFreeFormat><CSValue><CSValueCode>VA4021454</CSValueCode><CSValueName>Containers: AVI, MKV</CSValueName><CSValueRank>1</CSValueRank></CSValue><CSValue><CSValueCode>VA4021455</CSValueCode><CSValueName>H264/MPEG-4 AVC</CSValueName><CSValueRank>2</CSValueRank></CSValue><CSValue><CSValueCode>VA4021451</CSValueCode><CSValueName>MPEG-1</CSValueName><CSValueRank>3</CSValueRank></CSValue><CSValue><CSValueCode>VA4021452</CSValueCode><CSValueName>MPEG-2</CSValueName><CSValueRank>4</CSValueRank></CSValue><CSValue><CSValueCode>VA4021453</CSValueCode><CSValueName>MPEG-4</CSValueName><CSValueRank>5</CSValueRank></CSValue><CSValue><CSValueCode>VA4021456</CSValueCode><CSValueName>WMV9/VC1</CSValueName><CSValueRank>6</CSValueRank></CSValue><CSValue><CSValueCode>VA4091744</CSValueCode><CSValueName>VP9</CSValueName><CSValueRank>7</CSValueRank></CSValue><CSValue><CSValueCode>VA4098821</CSValueCode><CSValueName>HEVC (H.265)</CSValueName><CSValueRank>8</CSValueRank></CSValue></CSItem><CSItem><CSItemCode>IT4033451</CSItemCode><CSItemName>Subtitles Formats Support</CSItemName><CSItemRank>2</CSItemRank><CSItemIsFreeFormat>0</CSItemIsFreeFormat><CSValue><CSValueCode>VA4077783</CSValueCode><CSValueName>.SRT</CSValueName><CSValueRank>1</CSValueRank></CSValue><CSValue><CSValueCode>VA4077786</CSValueCode><CSValueName>.SUB</CSValueName><CSValueRank>2</CSValueRank></CSValue><CSValue><CSValueCode>VA4077788</CSValueCode><CSValueName>.TXT</CSValueName><CSValueRank>3</CSValueRank></CSValue><CSValue><CSValueCode>VA4077784</CSValueCode><CSValueName>.SMI</CSValueName><CSValueRank>4</CSValueRank></CSValue></CSItem><CSItem><CSItemCode>IT4008762</CSItemCode><CSItemName>Music Playback Formats</CSItemName><CSItemRank>3</CSItemRank><CSItemIsFreeFormat>0</CSItemIsFreeFormat><CSValue><CSValueCode>VA4021478</CSValueCode><CSValueName>AAC</CSValueName><CSValueRank>1</CSValueRank></CSValue><CSValue><CSValueCode>VA4021448</CSValueCode><CSValueName>MP3</CSValueName><CSValueRank>2</CSValueRank></CSValue><CSValue><CSValueCode>VA4086481</CSValueCode><CSValueName>WAV</CSValueName><CSValueRank>3</CSValueRank></CSValue><CSValue><CSValueCode>VA4021450</CSValueCode><CSValueName>WMA (v2 up to v9.2)</CSValueName><CSValueRank>4</CSValueRank></CSValue><CSValue><CSValueCode>VA4086886</CSValueCode><CSValueName>WMA-PRO (v9 and v10)</CSValueName><CSValueRank>5</CSValueRank></CSValue></CSItem><CSItem><CSItemCode>IT4008763</CSItemCode><CSItemName>Picture Playback Formats</CSItemName><CSItemRank>4</CSItemRank><CSItemIsFreeFormat>0</CSItemIsFreeFormat><CSValue><CSValueCode>VA4021449</CSValueCode><CSValueName>JPEG</CSValueName><CSValueRank>1</CSValueRank></CSValue><CSValue><CSValueCode>VA4065613</CSValueCode><CSValueName>BMP</CSValueName><CSValueRank>2</CSValueRank></CSValue><CSValue><CSValueCode>VA4065611</CSValueCode><CSValueName>GIF</CSValueName><CSValueRank>3</CSValueRank></CSValue><CSValue><CSValueCode>VA4065612</CSValueCode><CSValueName>PNG</CSValueName><CSValueRank>4</CSValueRank></CSValue></CSItem></CSChapter><CSChapter><CSChapterCode>3000797</CSChapterCode><CSChapterName>Supported Display Resolution</CSChapterName><CSChapterRank>9</CSChapterRank><CSItem><CSItemCode>IT4030151</CSItemCode><CSItemName>Computer inputs on all HDMI</CSItemName><CSItemRank>1</CSItemRank><CSItemIsFreeFormat>0</CSItemIsFreeFormat><CSValue><CSValueCode>VA4097244</CSValueCode><CSValueName>up to 4K UHD 3840 x 2160 @60 Hz</CSValueName><CSValueRank>1</CSValueRank></CSValue></CSItem><CSItem><CSItemCode>IT4030153</CSItemCode><CSItemName>Video inputs on all HDMI</CSItemName><CSItemRank>2</CSItemRank><CSItemIsFreeFormat>0</CSItemIsFreeFormat><CSValue><CSValueCode>VA4097245</CSValueCode><CSValueName>up to 4K UHD 3840 x 2160 @60 Hz</CSValueName><CSValueRank>1</CSValueRank></CSValue></CSItem></CSChapter><CSChapter><CSChapterCode>3000812</CSChapterCode><CSChapterName>Tuner/Reception/Transmission</CSChapterName><CSChapterRank>10</CSChapterRank><CSItem><CSItemCode>IT4034663</CSItemCode><CSItemName>Twin Tuner</CSItemName><CSItemRank>1</CSItemRank><CSItemIsFreeFormat>0</CSItemIsFreeFormat><CSValue><CSValueCode>VA4080690</CSValueCode><CSValueName>Yes</CSValueName><CSValueRank>1</CSValueRank></CSValue></CSItem><CSItem><CSItemCode>IT4041210</CSItemCode><CSItemName>HEVC support</CSItemName><CSItemRank>2</CSItemRank><CSItemIsFreeFormat>0</CSItemIsFreeFormat><CSValue><CSValueCode>VA4095925</CSValueCode><CSValueName>Yes</CSValueName><CSValueRank>1</CSValueRank></CSValue></CSItem><CSItem><CSItemCode>3007491</CSItemCode><CSItemName>Digital TV</CSItemName><CSItemRank>3</CSItemRank><CSItemIsFreeFormat>0</CSItemIsFreeFormat><CSValue><CSValueCode>VA4097064</CSValueCode><CSValueName>DVB-T/T2/T2-HD/C/S/S2</CSValueName><CSValueRank>1</CSValueRank></CSValue></CSItem><CSItem><CSItemCode>IT4028192</CSItemCode><CSItemName>MPEG Support</CSItemName><CSItemRank>4</CSItemRank><CSItemIsFreeFormat>0</CSItemIsFreeFormat><CSValue><CSValueCode>VA4065926</CSValueCode><CSValueName>MPEG2</CSValueName><CSValueRank>1</CSValueRank></CSValue><CSValue><CSValueCode>VA4065927</CSValueCode><CSValueName>MPEG4</CSValueName><CSValueRank>2</CSValueRank></CSValue></CSItem><CSItem><CSItemCode>3006515</CSItemCode><CSItemName>Video Playback</CSItemName><CSItemRank>5</CSItemRank><CSItemIsFreeFormat>0</CSItemIsFreeFormat><CSValue><CSValueCode>3032144</CSValueCode><CSValueName>NTSC</CSValueName><CSValueRank>1</CSValueRank></CSValue><CSValue><CSValueCode>3032145</CSValueCode><CSValueName>PAL</CSValueName><CSValueRank>2</CSValueRank></CSValue><CSValue><CSValueCode>3032146</CSValueCode><CSValueName>SECAM</CSValueName><CSValueRank>3</CSValueRank></CSValue></CSItem><CSItem><CSItemCode>IT4034213</CSItemCode><CSItemName>TV Programme guide*</CSItemName><CSItemRank>6</CSItemRank><CSItemIsFreeFormat>0</CSItemIsFreeFormat><CSValue><CSValueCode>VA4079472</CSValueCode><CSValueName>8-day Electronic Programme Guide</CSValueName><CSValueRank>1</CSValueRank></CSValue></CSItem><CSItem><CSItemCode>IT4034214</CSItemCode><CSItemName>Signal strength indication</CSItemName><CSItemRank>7</CSItemRank><CSItemIsFreeFormat>0</CSItemIsFreeFormat><CSValue><CSValueCode>VA4079473</CSValueCode><CSValueName>Yes</CSValueName><CSValueRank>1</CSValueRank></CSValue></CSItem><CSItem><CSItemCode>IT4034215</CSItemCode><CSItemName>Teletext</CSItemName><CSItemRank>8</CSItemRank><CSItemIsFreeFormat>0</CSItemIsFreeFormat><CSValue><CSValueCode>VA4079474</CSValueCode><CSValueName>1000-page Hypertext</CSValueName><CSValueRank>1</CSValueRank></CSValue></CSItem></CSChapter><CSChapter><CSChapterCode>3000821</CSChapterCode><CSChapterName>Power</CSChapterName><CSChapterRank>11</CSChapterRank><CSItem><CSItemCode>3007003</CSItemCode><CSItemName>Mains power</CSItemName><CSItemRank>1</CSItemRank><CSItemIsFreeFormat>1</CSItemIsFreeFormat><CSValue><CSValueCode>3033675</CSValueCode><CSValueName>AC 220 - 240 V 50/60 Hz</CSValueName><CSValueRank>1</CSValueRank></CSValue></CSItem><CSItem><CSItemCode>3007001</CSItemCode><CSItemName>Standby power consumption</CSItemName><CSItemRank>2</CSItemRank><CSItemIsFreeFormat>1</CSItemIsFreeFormat><CSValue><CSValueCode>3033673</CSValueCode><CSValueName>&lt;0.3 W</CSValueName><CSValueRank>1</CSValueRank></CSValue></CSItem><CSItem><CSItemCode>IT4009431</CSItemCode><CSItemName>Off mode power consumption</CSItemName><CSItemRank>3</CSItemRank><CSItemIsFreeFormat>1</CSItemIsFreeFormat><CSValue><CSValueCode>VA4022642</CSValueCode><CSValueName>0.3</CSValueName><CSValueRank>1</CSValueRank></CSValue><UnitOfMeasure><UnitOfMeasureCode>3000072</UnitOfMeasureCode><UnitOfMeasureName>watt</UnitOfMeasureName><UnitOfMeasureSymbol>W</UnitOfMeasureSymbol></UnitOfMeasure></CSItem><CSItem><CSItemCode>4000081</CSItemCode><CSItemName>Ambient temperature</CSItemName><CSItemRank>4</CSItemRank><CSItemIsFreeFormat>0</CSItemIsFreeFormat><CSValue><CSValueCode>VA4002861</CSValueCode><CSValueName>5°C to 35°C</CSValueName><CSValueRank>1</CSValueRank></CSValue></CSItem><CSItem><CSItemCode>IT4008765</CSItemCode><CSItemName>Power Saving Features</CSItemName><CSItemRank>5</CSItemRank><CSItemIsFreeFormat>0</CSItemIsFreeFormat><CSValue><CSValueCode>VA4021464</CSValueCode><CSValueName>Auto switch-off timer</CSValueName><CSValueRank>1</CSValueRank></CSValue><CSValue><CSValueCode>VA4021460</CSValueCode><CSValueName>Light sensor</CSValueName><CSValueRank>2</CSValueRank></CSValue><CSValue><CSValueCode>VA4021463</CSValueCode><CSValueName>Picture mute (for radio)</CSValueName><CSValueRank>3</CSValueRank></CSValue></CSItem><CSItem><CSItemCode>IT4015354</CSItemCode><CSItemName>Energy Label Class</CSItemName><CSItemRank>6</CSItemRank><CSItemIsFreeFormat>0</CSItemIsFreeFormat><CSValue><CSValueCode>VA4030806</CSValueCode><CSValueName>B</CSValueName><CSValueRank>1</CSValueRank></CSValue></CSItem><CSItem><CSItemCode>IT4016791</CSItemCode><CSItemName>EU Energy Label power</CSItemName><CSItemRank>7</CSItemRank><CSItemIsFreeFormat>1</CSItemIsFreeFormat><CSValue><CSValueCode>VA4033965</CSValueCode><CSValueName>144</CSValueName><CSValueRank>1</CSValueRank></CSValue><UnitOfMeasure><UnitOfMeasureCode>3000072</UnitOfMeasureCode><UnitOfMeasureName>watt</UnitOfMeasureName><UnitOfMeasureSymbol>W</UnitOfMeasureSymbol></UnitOfMeasure></CSItem><CSItem><CSItemCode>IT4013218</CSItemCode><CSItemName>Annual energy consumption</CSItemName><CSItemRank>8</CSItemRank><CSItemIsFreeFormat>1</CSItemIsFreeFormat><CSValue><CSValueCode>VA4025546</CSValueCode><CSValueName>211</CSValueName><CSValueRank>1</CSValueRank></CSValue><UnitOfMeasure><UnitOfMeasureCode>4000161</UnitOfMeasureCode><UnitOfMeasureName>kilowatt hour</UnitOfMeasureName><UnitOfMeasureSymbol>kW·h</UnitOfMeasureSymbol></UnitOfMeasure></CSItem><CSItem><CSItemCode>IT4013217</CSItemCode><CSItemName>Mercury content</CSItemName><CSItemRank>9</CSItemRank><CSItemIsFreeFormat>1</CSItemIsFreeFormat><CSValue><CSValueCode>VA4025545</CSValueCode><CSValueName>0</CSValueName><CSValueRank>1</CSValueRank></CSValue><UnitOfMeasure><UnitOfMeasureCode>4000142</UnitOfMeasureCode><UnitOfMeasureName>mg</UnitOfMeasureName><UnitOfMeasureSymbol>mg</UnitOfMeasureSymbol></UnitOfMeasure></CSItem><CSItem><CSItemCode>IT4013214</CSItemCode><CSItemName>Presence of lead</CSItemName><CSItemRank>10</CSItemRank><CSItemIsFreeFormat>0</CSItemIsFreeFormat><CSValue><CSValueCode>VA4025541</CSValueCode><CSValueName>Yes*</CSValueName><CSValueRank>1</CSValueRank></CSValue></CSItem></CSChapter><CSChapter><CSChapterCode>3000820</CSChapterCode><CSChapterName>Dimensions</CSChapterName><CSChapterRank>12</CSChapterRank><CSItem><CSItemCode>3006821</CSItemCode><CSItemName>Box width</CSItemName><CSItemRank>1</CSItemRank><CSItemIsFreeFormat>1</CSItemIsFreeFormat><CSValue><CSValueCode>3033149</CSValueCode><CSValueName>1400</CSValueName><CSValueRank>1</CSValueRank></CSValue><UnitOfMeasure><UnitOfMeasureCode>3000058</UnitOfMeasureCode><UnitOfMeasureName>millimetre</UnitOfMeasureName><UnitOfMeasureSymbol>mm</UnitOfMeasureSymbol></UnitOfMeasure></CSItem><CSItem><CSItemCode>3006820</CSItemCode><CSItemName>Box height</CSItemName><CSItemRank>2</CSItemRank><CSItemIsFreeFormat>1</CSItemIsFreeFormat><CSValue><CSValueCode>3033148</CSValueCode><CSValueName>867</CSValueName><CSValueRank>1</CSValueRank></CSValue><UnitOfMeasure><UnitOfMeasureCode>3000058</UnitOfMeasureCode><UnitOfMeasureName>millimetre</UnitOfMeasureName><UnitOfMeasureSymbol>mm</UnitOfMeasureSymbol></UnitOfMeasure></CSItem><CSItem><CSItemCode>3006819</CSItemCode><CSItemName>Box depth</CSItemName><CSItemRank>3</CSItemRank><CSItemIsFreeFormat>1</CSItemIsFreeFormat><CSValue><CSValueCode>3033147</CSValueCode><CSValueName>160</CSValueName><CSValueRank>1</CSValueRank></CSValue><UnitOfMeasure><UnitOfMeasureCode>3000058</UnitOfMeasureCode><UnitOfMeasureName>millimetre</UnitOfMeasureName><UnitOfMeasureSymbol>mm</UnitOfMeasureSymbol></UnitOfMeasure></CSItem><CSItem><CSItemCode>3006884</CSItemCode><CSItemName>Set Width</CSItemName><CSItemRank>4</CSItemRank><CSItemIsFreeFormat>1</CSItemIsFreeFormat><CSValue><CSValueCode>3033219</CSValueCode><CSValueName>1227.8</CSValueName><CSValueRank>1</CSValueRank></CSValue><UnitOfMeasure><UnitOfMeasureCode>3000058</UnitOfMeasureCode><UnitOfMeasureName>millimetre</UnitOfMeasureName><UnitOfMeasureSymbol>mm</UnitOfMeasureSymbol></UnitOfMeasure></CSItem><CSItem><CSItemCode>3006882</CSItemCode><CSItemName>Set Height</CSItemName><CSItemRank>5</CSItemRank><CSItemIsFreeFormat>1</CSItemIsFreeFormat><CSValue><CSValueCode>3033217</CSValueCode><CSValueName>705.6</CSValueName><CSValueRank>1</CSValueRank></CSValue><UnitOfMeasure><UnitOfMeasureCode>3000058</UnitOfMeasureCode><UnitOfMeasureName>millimetre</UnitOfMeasureName><UnitOfMeasureSymbol>mm</UnitOfMeasureSymbol></UnitOfMeasure></CSItem><CSItem><CSItemCode>3006881</CSItemCode><CSItemName>Set Depth</CSItemName><CSItemRank>6</CSItemRank><CSItemIsFreeFormat>1</CSItemIsFreeFormat><CSValue><CSValueCode>3033216</CSValueCode><CSValueName>49.3</CSValueName><CSValueRank>1</CSValueRank></CSValue><UnitOfMeasure><UnitOfMeasureCode>3000058</UnitOfMeasureCode><UnitOfMeasureName>millimetre</UnitOfMeasureName><UnitOfMeasureSymbol>mm</UnitOfMeasureSymbol></UnitOfMeasure></CSItem><CSItem><CSItemCode>3010081</CSItemCode><CSItemName>Set width (with stand)</CSItemName><CSItemRank>7</CSItemRank><CSItemIsFreeFormat>1</CSItemIsFreeFormat><CSValue><CSValueCode>3045267</CSValueCode><CSValueName>1227.8</CSValueName><CSValueRank>1</CSValueRank></CSValue><UnitOfMeasure><UnitOfMeasureCode>3000058</UnitOfMeasureCode><UnitOfMeasureName>millimetre</UnitOfMeasureName><UnitOfMeasureSymbol>mm</UnitOfMeasureSymbol></UnitOfMeasure></CSItem><CSItem><CSItemCode>3010080</CSItemCode><CSItemName>Set height (with stand)</CSItemName><CSItemRank>8</CSItemRank><CSItemIsFreeFormat>1</CSItemIsFreeFormat><CSValue><CSValueCode>3045266</CSValueCode><CSValueName>712.8</CSValueName><CSValueRank>1</CSValueRank></CSValue><UnitOfMeasure><UnitOfMeasureCode>3000058</UnitOfMeasureCode><UnitOfMeasureName>millimetre</UnitOfMeasureName><UnitOfMeasureSymbol>mm</UnitOfMeasureSymbol></UnitOfMeasure></CSItem><CSItem><CSItemCode>3010079</CSItemCode><CSItemName>Set depth (with stand)</CSItemName><CSItemRank>9</CSItemRank><CSItemIsFreeFormat>1</CSItemIsFreeFormat><CSValue><CSValueCode>3045265</CSValueCode><CSValueName>230.0</CSValueName><CSValueRank>1</CSValueRank></CSValue><UnitOfMeasure><UnitOfMeasureCode>3000058</UnitOfMeasureCode><UnitOfMeasureName>millimetre</UnitOfMeasureName><UnitOfMeasureSymbol>mm</UnitOfMeasureSymbol></UnitOfMeasure></CSItem><CSItem><CSItemCode>IT4042932</CSItemCode><CSItemName>TV stand width distance</CSItemName><CSItemRank>10</CSItemRank><CSItemIsFreeFormat>1</CSItemIsFreeFormat><CSValue><CSValueCode>VA4099201</CSValueCode><CSValueName>789.0</CSValueName><CSValueRank>1</CSValueRank></CSValue><UnitOfMeasure><UnitOfMeasureCode>3000058</UnitOfMeasureCode><UnitOfMeasureName>millimetre</UnitOfMeasureName><UnitOfMeasureSymbol>mm</UnitOfMeasureSymbol></UnitOfMeasure></CSItem><CSItem><CSItemCode>4000961</CSItemCode><CSItemName>VESA wall mount compatible</CSItemName><CSItemRank>11</CSItemRank><CSItemIsFreeFormat>0</CSItemIsFreeFormat><CSValue><CSValueCode>VA4005843</CSValueCode><CSValueName>300 x 300 mm</CSValueName><CSValueRank>1</CSValueRank></CSValue></CSItem><CSItem><CSItemCode>3006873</CSItemCode><CSItemName>Product weight</CSItemName><CSItemRank>12</CSItemRank><CSItemIsFreeFormat>1</CSItemIsFreeFormat><CSValue><CSValueCode>3033208</CSValueCode><CSValueName>20.8</CSValueName><CSValueRank>1</CSValueRank></CSValue><UnitOfMeasure><UnitOfMeasureCode>3000049</UnitOfMeasureCode><UnitOfMeasureName>kilogram</UnitOfMeasureName><UnitOfMeasureSymbol>kg</UnitOfMeasureSymbol></UnitOfMeasure></CSItem><CSItem><CSItemCode>3010611</CSItemCode><CSItemName>Product weight (+stand)</CSItemName><CSItemRank>13</CSItemRank><CSItemIsFreeFormat>1</CSItemIsFreeFormat><CSValue><CSValueCode>3047710</CSValueCode><CSValueName>21.1</CSValueName><CSValueRank>1</CSValueRank></CSValue><UnitOfMeasure><UnitOfMeasureCode>3000049</UnitOfMeasureCode><UnitOfMeasureName>kilogram</UnitOfMeasureName><UnitOfMeasureSymbol>kg</UnitOfMeasureSymbol></UnitOfMeasure></CSItem><CSItem><CSItemCode>3006911</CSItemCode><CSItemName>Weight incl. Packaging</CSItemName><CSItemRank>14</CSItemRank><CSItemIsFreeFormat>1</CSItemIsFreeFormat><CSValue><CSValueCode>3033246</CSValueCode><CSValueName>26.2</CSValueName><CSValueRank>1</CSValueRank></CSValue><UnitOfMeasure><UnitOfMeasureCode>3000049</UnitOfMeasureCode><UnitOfMeasureName>kilogram</UnitOfMeasureName><UnitOfMeasureSymbol>kg</UnitOfMeasureSymbol></UnitOfMeasure></CSItem></CSChapter><CSChapter><CSChapterCode>3000815</CSChapterCode><CSChapterName>Accessories</CSChapterName><CSChapterRank>13</CSChapterRank><CSItem><CSItemCode>3006780</CSItemCode><CSItemName>Included batteries</CSItemName><CSItemRank>1</CSItemRank><CSItemIsFreeFormat>0</CSItemIsFreeFormat><CSValue><CSValueCode>VA4096811</CSValueCode><CSValueName>4 x AAA</CSValueName><CSValueRank>1</CSValueRank></CSValue></CSItem><CSItem><CSItemCode>IT4043333</CSItemCode><CSItemName>Included Accessories</CSItemName><CSItemRank>2</CSItemRank><CSItemIsFreeFormat>0</CSItemIsFreeFormat><CSValue><CSValueCode>VA4101454</CSValueCode><CSValueName>2 x Remote Control</CSValueName><CSValueRank>1</CSValueRank></CSValue><CSValue><CSValueCode>VA4101605</CSValueCode><CSValueName>Legal and safety brochure</CSValueName><CSValueRank>2</CSValueRank></CSValue><CSValue><CSValueCode>VA4101606</CSValueCode><CSValueName>Mini-jack to L/R cable</CSValueName><CSValueRank>3</CSValueRank></CSValue><CSValue><CSValueCode>VA4101607</CSValueCode><CSValueName>Mini-jack to YPbPr cable</CSValueName><CSValueRank>4</CSValueRank></CSValue><CSValue><CSValueCode>VA4101608</CSValueCode><CSValueName>Power cord</CSValueName><CSValueRank>5</CSValueRank></CSValue><CSValue><CSValueCode>VA4100010</CSValueCode><CSValueName>Quick start guide</CSValueName><CSValueRank>6</CSValueRank></CSValue><CSValue><CSValueCode>VA4101609</CSValueCode><CSValueName>Remote Control</CSValueName><CSValueRank>7</CSValueRank></CSValue><CSValue><CSValueCode>VA4101604</CSValueCode><CSValueName>Tabletop stand</CSValueName><CSValueRank>8</CSValueRank></CSValue></CSItem></CSChapter><Filters><Purpose type="Comparison"><Features><Feature code="F400085586_55OLED803_12" rank="1" referenceName="Ambilight 3-sided EU"/><Feature code="F400085599" rank="2" referenceName="Razor-slim minimalist frame EU"/><Feature code="F400085600_55OLED803_12" rank="3" referenceName="OLED TV EU"/><Feature code="F400085602_55OLED803_12" rank="4" referenceName="P5 Processing Engine EU"/><Feature code="F400085605_55OLED803_12" rank="5" referenceName="Ultra HD Premium EU"/><Feature code="F400085614_55OLED803_12" rank="6" referenceName="HDR Perfect EU"/><Feature code="F400085609_55OLED803_12" rank="7" referenceName="Google Assistant built-in EU"/><Feature code="F400085607_55OLED803_12" rank="8" referenceName="Google Play + Philips TV/STA gallery + 16GB memory EU"/><Feature code="F400085610" rank="9" referenceName="16GB of expandable memory EU"/><Feature code="F400085613" rank="10" referenceName="DTS HD Premium Sound EU"/><Feature code="F400085612" rank="11" referenceName="Triple Ring technology EU"/></Features><CSItems><CSItem code="IT4008761" rank="1" referenceName="Ambilight - Ambilight Version"/><CSItem code="IT4009349" rank="1" referenceName="Picture/Display - Display"/><CSItem code="IT4037473" rank="1" referenceName="Android - OS"/><CSItem code="IT4037464" rank="1" referenceName="Smart TV Features - User Interaction"/><CSItem code="IT4029505" rank="1" referenceName="Processing - Processing Power"/><CSItem code="IT4045409" rank="1" referenceName="Sound - Audio"/><CSItem code="IT4006781" rank="1" referenceName="Connectivity - Number of HDMI connections"/><CSItem code="IT4008764" rank="1" referenceName="Multimedia Applications - Video Playback Formats"/><CSItem code="IT4030151" rank="1" referenceName="Supported Display Resolution - Computer inputs on all HDMI"/><CSItem code="IT4034663" rank="1" referenceName="Tuner/Reception/Transmission - Twin Tuner"/><CSItem code="3007003" rank="1" referenceName="Power - Mains power"/><CSItem code="3006821" rank="1" referenceName="Dimensions - Box width"/><CSItem code="3006780" rank="1" referenceName="Accessories - Included batteries"/><CSItem code="3006240" rank="2" referenceName="Ambilight - Ambilight Features"/><CSItem code="3006140" rank="2" referenceName="Picture/Display - Diagonal screen size (metric)"/><CSItem code="IT4034666" rank="2" referenceName="Android - Pre-installed apps"/><CSItem code="IT4037465" rank="2" referenceName="Smart TV Features - Interactive TV"/><CSItem code="IT4045410" rank="2" referenceName="Sound - Loudspeaker"/><CSItem code="IT4015984" rank="2" referenceName="Connectivity - Number of USBs"/><CSItem code="IT4033451" rank="2" referenceName="Multimedia Applications - Subtitles Formats Support"/><CSItem code="IT4030153" rank="2" referenceName="Supported Display Resolution - Video inputs on all HDMI"/><CSItem code="IT4041210" rank="2" referenceName="Tuner/Reception/Transmission - HEVC support"/><CSItem code="3007001" rank="2" referenceName="Power - Standby power consumption"/><CSItem code="3006820" rank="2" referenceName="Dimensions - Box height"/><CSItem code="IT4043333" rank="2" referenceName="Accessories - Included Accessories"/><CSItem code="3006139" rank="3" referenceName="Picture/Display - Diagonal screen size (inch)"/><CSItem code="IT4037607" rank="3" referenceName="Android - Memory size"/><CSItem code="IT4037466" rank="3" referenceName="Smart TV Features - Programme"/><CSItem code="IT4045411" rank="3" referenceName="Sound - Codec"/><CSItem code="IT4015985" rank="3" referenceName="Connectivity - Number of components in (YPbPr)"/><CSItem code="IT4008762" rank="3" referenceName="Multimedia Applications - Music Playback Formats"/><CSItem code="3007491" rank="3" referenceName="Tuner/Reception/Transmission - Digital TV"/><CSItem code="IT4009431" rank="3" referenceName="Power - Off mode power consumption"/><CSItem code="3006819" rank="3" referenceName="Dimensions - Box depth"/><CSItem code="3006177" rank="4" referenceName="Picture/Display - Panel resolution"/><CSItem code="IT4037467" rank="4" referenceName="Smart TV Features - SmartTV apps*"/><CSItem code="IT4045412" rank="4" referenceName="Sound - DTS-HD Premium Sound"/><CSItem code="3006591" rank="4" referenceName="Connectivity - Wireless connections"/><CSItem code="IT4008763" rank="4" referenceName="Multimedia Applications - Picture Playback Formats"/><CSItem code="IT4028192" rank="4" referenceName="Tuner/Reception/Transmission - MPEG Support"/><CSItem code="4000081" rank="4" referenceName="Power - Ambient temperature"/><CSItem code="3006884" rank="4" referenceName="Dimensions - Set Width"/><CSItem code="3006121" rank="5" referenceName="Picture/Display - Aspect ratio"/><CSItem code="IT4037468" rank="5" referenceName="Smart TV Features - Ease of Installation"/><CSItem code="IT4045565" rank="5" referenceName="Sound - Speaker configuration"/><CSItem code="3006573" rank="5" referenceName="Connectivity - Other connections"/><CSItem code="3006515" rank="5" referenceName="Tuner/Reception/Transmission - Video Playback"/><CSItem code="IT4008765" rank="5" referenceName="Power - Power Saving Features"/><CSItem code="3006882" rank="5" referenceName="Dimensions - Set Height"/><CSItem code="IT4034274" rank="6" referenceName="Picture/Display - Pixel engine"/><CSItem code="IT4037469" rank="6" referenceName="Smart TV Features - Ease of Use"/><CSItem code="IT4001801" rank="6" referenceName="Connectivity - HDMI features"/><CSItem code="IT4034213" rank="6" referenceName="Tuner/Reception/Transmission - TV Programme guide*"/><CSItem code="IT4015354" rank="6" referenceName="Power - Energy Label Class"/><CSItem code="3006881" rank="6" referenceName="Dimensions - Set Depth"/><CSItem code="3006183" rank="7" referenceName="Picture/Display - Picture enhancement"/><CSItem code="IT4037470" rank="7" referenceName="Smart TV Features - Firmware upgradeable"/><CSItem code="IT4001802" rank="7" referenceName="Connectivity - EasyLink (HDMI-CEC)"/><CSItem code="IT4034214" rank="7" referenceName="Tuner/Reception/Transmission - Signal strength indication"/><CSItem code="IT4016791" rank="7" referenceName="Power - EU Energy Label power"/><CSItem code="3010081" rank="7" referenceName="Dimensions - Set width (with stand)"/><CSItem code="IT4037471" rank="8" referenceName="Smart TV Features - Screen Format Adjustments"/><CSItem code="IT4034211" rank="8" referenceName="Connectivity - HDCP 2.2"/><CSItem code="IT4034215" rank="8" referenceName="Tuner/Reception/Transmission - Teletext"/><CSItem code="IT4013218" rank="8" referenceName="Power - Annual energy consumption"/><CSItem code="3010080" rank="8" referenceName="Dimensions - Set height (with stand)"/><CSItem code="IT4037472" rank="9" referenceName="Smart TV Features - Philips TV Remote app*"/><CSItem code="IT4013217" rank="9" referenceName="Power - Mercury content"/><CSItem code="3010079" rank="9" referenceName="Dimensions - Set depth (with stand)"/><CSItem code="IT4037475" rank="10" referenceName="Smart TV Features - Remote Control"/><CSItem code="IT4013214" rank="10" referenceName="Power - Presence of lead"/><CSItem code="IT4042932" rank="10" referenceName="Dimensions - TV stand width distance"/><CSItem code="4000961" rank="11" referenceName="Dimensions - VESA wall mount compatible"/><CSItem code="3006873" rank="12" referenceName="Dimensions - Product weight"/><CSItem code="3010611" rank="13" referenceName="Dimensions - Product weight (+stand)"/><CSItem code="3006911" rank="14" referenceName="Dimensions - Weight incl. Packaging"/></CSItems></Purpose><Purpose type="Detail"><Features><Feature code="F400085586_55OLED803_12" rank="1" referenceName="Ambilight 3-sided EU"/><Feature code="F400085599" rank="2" referenceName="Razor-slim minimalist frame EU"/><Feature code="F400085600_55OLED803_12" rank="3" referenceName="OLED TV EU"/><Feature code="F400085602_55OLED803_12" rank="4" referenceName="P5 Processing Engine EU"/><Feature code="F400085605_55OLED803_12" rank="5" referenceName="Ultra HD Premium EU"/><Feature code="F400085614_55OLED803_12" rank="6" referenceName="HDR Perfect EU"/><Feature code="F400085609_55OLED803_12" rank="7" referenceName="Google Assistant built-in EU"/><Feature code="F400085607_55OLED803_12" rank="8" referenceName="Google Play + Philips TV/STA gallery + 16GB memory EU"/><Feature code="F400085610" rank="9" referenceName="16GB of expandable memory EU"/><Feature code="F400085613" rank="10" referenceName="DTS HD Premium Sound EU"/><Feature code="F400085612" rank="11" referenceName="Triple Ring technology EU"/></Features><CSItems><CSItem code="IT4008761" rank="1" referenceName="Ambilight - Ambilight Version"/><CSItem code="IT4009349" rank="1" referenceName="Picture/Display - Display"/><CSItem code="IT4037473" rank="1" referenceName="Android - OS"/><CSItem code="IT4037464" rank="1" referenceName="Smart TV Features - User Interaction"/><CSItem code="IT4029505" rank="1" referenceName="Processing - Processing Power"/><CSItem code="IT4045409" rank="1" referenceName="Sound - Audio"/><CSItem code="IT4006781" rank="1" referenceName="Connectivity - Number of HDMI connections"/><CSItem code="IT4008764" rank="1" referenceName="Multimedia Applications - Video Playback Formats"/><CSItem code="IT4030151" rank="1" referenceName="Supported Display Resolution - Computer inputs on all HDMI"/><CSItem code="IT4034663" rank="1" referenceName="Tuner/Reception/Transmission - Twin Tuner"/><CSItem code="3007003" rank="1" referenceName="Power - Mains power"/><CSItem code="3006821" rank="1" referenceName="Dimensions - Box width"/><CSItem code="3006780" rank="1" referenceName="Accessories - Included batteries"/><CSItem code="3006240" rank="2" referenceName="Ambilight - Ambilight Features"/><CSItem code="3006140" rank="2" referenceName="Picture/Display - Diagonal screen size (metric)"/><CSItem code="IT4034666" rank="2" referenceName="Android - Pre-installed apps"/><CSItem code="IT4037465" rank="2" referenceName="Smart TV Features - Interactive TV"/><CSItem code="IT4045410" rank="2" referenceName="Sound - Loudspeaker"/><CSItem code="IT4015984" rank="2" referenceName="Connectivity - Number of USBs"/><CSItem code="IT4033451" rank="2" referenceName="Multimedia Applications - Subtitles Formats Support"/><CSItem code="IT4030153" rank="2" referenceName="Supported Display Resolution - Video inputs on all HDMI"/><CSItem code="IT4041210" rank="2" referenceName="Tuner/Reception/Transmission - HEVC support"/><CSItem code="3007001" rank="2" referenceName="Power - Standby power consumption"/><CSItem code="3006820" rank="2" referenceName="Dimensions - Box height"/><CSItem code="IT4043333" rank="2" referenceName="Accessories - Included Accessories"/><CSItem code="3006139" rank="3" referenceName="Picture/Display - Diagonal screen size (inch)"/><CSItem code="IT4037607" rank="3" referenceName="Android - Memory size"/><CSItem code="IT4037466" rank="3" referenceName="Smart TV Features - Programme"/><CSItem code="IT4045411" rank="3" referenceName="Sound - Codec"/><CSItem code="IT4015985" rank="3" referenceName="Connectivity - Number of components in (YPbPr)"/><CSItem code="IT4008762" rank="3" referenceName="Multimedia Applications - Music Playback Formats"/><CSItem code="3007491" rank="3" referenceName="Tuner/Reception/Transmission - Digital TV"/><CSItem code="IT4009431" rank="3" referenceName="Power - Off mode power consumption"/><CSItem code="3006819" rank="3" referenceName="Dimensions - Box depth"/><CSItem code="3006177" rank="4" referenceName="Picture/Display - Panel resolution"/><CSItem code="IT4037467" rank="4" referenceName="Smart TV Features - SmartTV apps*"/><CSItem code="IT4045412" rank="4" referenceName="Sound - DTS-HD Premium Sound"/><CSItem code="3006591" rank="4" referenceName="Connectivity - Wireless connections"/><CSItem code="IT4008763" rank="4" referenceName="Multimedia Applications - Picture Playback Formats"/><CSItem code="IT4028192" rank="4" referenceName="Tuner/Reception/Transmission - MPEG Support"/><CSItem code="4000081" rank="4" referenceName="Power - Ambient temperature"/><CSItem code="3006884" rank="4" referenceName="Dimensions - Set Width"/><CSItem code="3006121" rank="5" referenceName="Picture/Display - Aspect ratio"/><CSItem code="IT4037468" rank="5" referenceName="Smart TV Features - Ease of Installation"/><CSItem code="IT4045565" rank="5" referenceName="Sound - Speaker configuration"/><CSItem code="3006573" rank="5" referenceName="Connectivity - Other connections"/><CSItem code="3006515" rank="5" referenceName="Tuner/Reception/Transmission - Video Playback"/><CSItem code="IT4008765" rank="5" referenceName="Power - Power Saving Features"/><CSItem code="3006882" rank="5" referenceName="Dimensions - Set Height"/><CSItem code="IT4034274" rank="6" referenceName="Picture/Display - Pixel engine"/><CSItem code="IT4037469" rank="6" referenceName="Smart TV Features - Ease of Use"/><CSItem code="IT4001801" rank="6" referenceName="Connectivity - HDMI features"/><CSItem code="IT4034213" rank="6" referenceName="Tuner/Reception/Transmission - TV Programme guide*"/><CSItem code="IT4015354" rank="6" referenceName="Power - Energy Label Class"/><CSItem code="3006881" rank="6" referenceName="Dimensions - Set Depth"/><CSItem code="3006183" rank="7" referenceName="Picture/Display - Picture enhancement"/><CSItem code="IT4037470" rank="7" referenceName="Smart TV Features - Firmware upgradeable"/><CSItem code="IT4001802" rank="7" referenceName="Connectivity - EasyLink (HDMI-CEC)"/><CSItem code="IT4034214" rank="7" referenceName="Tuner/Reception/Transmission - Signal strength indication"/><CSItem code="IT4016791" rank="7" referenceName="Power - EU Energy Label power"/><CSItem code="3010081" rank="7" referenceName="Dimensions - Set width (with stand)"/><CSItem code="IT4037471" rank="8" referenceName="Smart TV Features - Screen Format Adjustments"/><CSItem code="IT4034211" rank="8" referenceName="Connectivity - HDCP 2.2"/><CSItem code="IT4034215" rank="8" referenceName="Tuner/Reception/Transmission - Teletext"/><CSItem code="IT4013218" rank="8" referenceName="Power - Annual energy consumption"/><CSItem code="3010080" rank="8" referenceName="Dimensions - Set height (with stand)"/><CSItem code="IT4037472" rank="9" referenceName="Smart TV Features - Philips TV Remote app*"/><CSItem code="IT4013217" rank="9" referenceName="Power - Mercury content"/><CSItem code="3010079" rank="9" referenceName="Dimensions - Set depth (with stand)"/><CSItem code="IT4037475" rank="10" referenceName="Smart TV Features - Remote Control"/><CSItem code="IT4013214" rank="10" referenceName="Power - Presence of lead"/><CSItem code="IT4042932" rank="10" referenceName="Dimensions - TV stand width distance"/><CSItem code="4000961" rank="11" referenceName="Dimensions - VESA wall mount compatible"/><CSItem code="3006873" rank="12" referenceName="Dimensions - Product weight"/><CSItem code="3010611" rank="13" referenceName="Dimensions - Product weight (+stand)"/><CSItem code="3006911" rank="14" referenceName="Dimensions - Weight incl. Packaging"/></CSItems></Purpose></Filters><FeatureCompareGroups/><Disclaimers><Disclaimer code="DIS40004404" rank="1" referenceName="8 days EPG"><DisclaimerText>EPG and actual visibility (up to 8 days) is country- and operator-dependent.</DisclaimerText><DisclaimElements/></Disclaimer><Disclaimer code="DIS40008492" rank="2" referenceName="Android Apps (2015)"><DisclaimerText>Android App offerings vary per country. For more details please visit your local Google Play Store.</DisclaimerText><DisclaimElements/></Disclaimer><Disclaimer code="DIS40001802" rank="3" referenceName="Annual energy consumption"><DisclaimerText>Energy consumption in kWh per year based on the power consumption of the television operating 4 hours per day for 365 days. The actual energy consumption will depend on how the television is used.</DisclaimerText><DisclaimElements/></Disclaimer><Disclaimer code="DIS40001441" rank="4" referenceName="DVB  disclaimer (2010)"><DisclaimerText>The TV supports DVB reception for 'Free to air' broadcast. Specific DVB operators may not be supported. An up to date list can be found in the FAQ section of the Philips support website. For some operators Conditional Access and subscription are required. Contact your operator for more information.</DisclaimerText><DisclaimElements/></Disclaimer><Disclaimer code="DIS40008490" rank="5" referenceName="Philips TV Remote app (2015)"><DisclaimerText>Philips TV Remote app and related functionalities vary per TV model, operator and country, as well as smart device model and OS. For more details please visit: www.philips.com/TVRemoteapp.</DisclaimerText><DisclaimElements/></Disclaimer><Disclaimer code="DIS40008491" rank="6" referenceName="Smart TV Apps (2015)"><DisclaimerText>Smart TV app availability varies per TV model and country. For more details please visit: www.philips.com/smarttv.</DisclaimerText><DisclaimElements/></Disclaimer><Disclaimer code="DIS40004402" rank="7" referenceName="USB recording"><DisclaimerText>USB recording for digital channels only, recordings may be limited by broadcast copy protection (CI+). Country and channel restrictions may apply.</DisclaimerText><DisclaimElements/></Disclaimer><Disclaimer code="DIS40001803" rank="8" referenceName="This television contains lead only in certain parts"><DisclaimerText>This television contains lead only in certain parts or components where no technology alternatives exist in accordance with existing exemption clauses under the RoHS Directive.</DisclaimerText><DisclaimElements/></Disclaimer><Disclaimer code="DIS40012116" rank="9" referenceName="ChromeCast built-in"><DisclaimerText>Its functionality is subject to ChromeCast built-in apps and smart devices. For more details, please visit ChromeCast built-in product pages.</DisclaimerText><DisclaimElements/></Disclaimer><Disclaimer code="DIS40012460" rank="10" referenceName="GA* is fantastic"><DisclaimerText>Google Assistant built in will come as a software update for 2018 Android TVs.</DisclaimerText><DisclaimElements/></Disclaimer></Disclaimers><AccessoryByPacked><AccessoryByPackedCode>ABPP_VA4096811</AccessoryByPackedCode><AccessoryByPackedReference>Included batteries: 4 x AAA</AccessoryByPackedReference><AccessoryByPackedName>Included batteries: 4 x AAA</AccessoryByPackedName><AccessoryByPackedRank>1</AccessoryByPackedRank></AccessoryByPacked><RichTexts/></Product></Products>