<?xml version="1.0" encoding="UTF-8"?><Products xmlns:source="http://apache.org/cocoon/source/1.0" DocStatus="approved" DocTimeStamp="2018-10-23T10:43:36"><Product Country="GB" IsAccessory="false" IsMaster="false" Locale="en_GB" lastModified="2018-10-22T04:18:25" masterLastModified="2018-10-05T00:35:25"><CTN>GC2678/39</CTN><GTIN>08710103872078</GTIN><MarketingVersion>3.0.1</MarketingVersion><MarketingStatus>Final Published</MarketingStatus><CRDate>2018-03-09</CRDate><CRDateYW>201810</CRDateYW><ModelYears><ModelYear>2018</ModelYear></ModelYears><ProductDivision><ProductDivisionCode>0200</ProductDivisionCode><ProductDivisionName>Consumer Lifestyle</ProductDivisionName><FormerPDCode>0300</FormerPDCode></ProductDivision><ProductOwner>Functional Assetteam</ProductOwner><DTN>GC2678/39</DTN><Catalog><StartOfPublication>2018-07-01T00:00:00</StartOfPublication><EndOfPublication>2022-04-09T00:00:00</EndOfPublication><StartOfSales>2018-07-01T00:00:00</StartOfSales><EndOfSales>2022-04-09T00:00:00</EndOfSales><DummyPrice>50</DummyPrice><Deleted>false</Deleted><DeleteAfterDate/><ProductRank>50</ProductRank></Catalog><FinancialCategorization><BusinessGroupCode>9042</BusinessGroupCode><BusinessGroupName>Domestic Appliances</BusinessGroupName><BusinessUnitCode>0352</BusinessUnitCode><BusinessUnitName>Garment Care</BusinessUnitName><MainArticleGroupCode>E34</MainArticleGroupCode><MainArticleGroupName>Dry/Travel/Steam irons</MainArticleGroupName><ArticleGroupCode>3426</ArticleGroupCode><ArticleGroupName>2000 series: basic irons</ArticleGroupName></FinancialCategorization><Categorization type="CONSUMER"><GroupCode>HOUSEHOLD_PRODUCTS_GR</GroupCode><GroupName>Household products</GroupName><CategoryCode>IRONS_CA</CategoryCode><CategoryName>Ironing</CategoryName><SubcategoryCode>STEAM_IRONS_SU</SubcategoryCode><SubcategoryName>Steam Iron</SubcategoryName></Categorization><Assets><Asset code="GC2678_39" description="High Quality product movie 1" extension="mp4" lastModified="2018-10-02" locale="en_GB" number="001" type="HQ1">http://download.p4c.philips.com/files/g/gc2678_39/gc2678_39_hq1_eng.mp4</Asset><Asset code="GC2678_39" description="Leaflet" extension="pdf" lastModified="2018-09-29" locale="en_GB" number="001" type="PSS">http://download.p4c.philips.com/files/g/gc2678_39/gc2678_39_pss_enggb.pdf</Asset><Asset code="GC2678_39" description="Retail Trade Leaflet" extension="pdf" lastModified="2018-10-07" locale="en_GB" number="001" type="RTL">http://download.p4c.philips.com/files/g/gc2678_39/gc2678_39_rtl_enggb.pdf</Asset><Asset code="GC2678_39" description="Product detail 1 - highres 2196x1795" extension="tif" lastModified="2018-09-26" locale="global" number="001" type="D1P">http://images.philips.com/is/image/PhilipsConsumer/GC2678_39-D1P-global-001</Asset><Asset code="GC2678_39" description="Product detail photograph - highres 2196x2196" extension="tif" lastModified="2018-10-16" locale="global" number="001" type="DPP">http://images.philips.com/is/image/PhilipsConsumer/GC2678_39-DPP-global-001</Asset><Asset code="GC2678_39" description="Packaging photograph - highres 1447x756" extension="tif" lastModified="2018-09-26" locale="global" number="001" type="PID">http://images.philips.com/is/image/PhilipsConsumer/GC2678_39-PID-global-001</Asset><Asset code="GC2678_39" description="Packaging photograph - small 90x65" extension="jpg" lastModified="2018-09-26" locale="global" number="001" type="PIS">http://download.p4c.philips.com/files/g/gc2678_39/gc2678_39_pis_.jpg</Asset><Asset code="GC2678_39" description="Leaflet" extension="pdf" lastModified="2018-10-21" locale="global" number="001" type="PSS">http://download.p4c.philips.com/files/g/gc2678_39/gc2678_39_pss_.pdf</Asset><Asset code="GC2678_39" description="Single product shot" extension="" lastModified="2018-10-22" locale="en_GB" number="" type="IMS">http://images.philips.com/is/image/PhilipsConsumer/GC2678_39-IMS-en_GB</Asset><Asset code="GC2678_39" description="Product gallery image set" extension="" lastModified="2018-10-22" locale="en_GB" number="" type="GAL">http://images.philips.com/is/image/PhilipsConsumer/GC2678_39-GAL-en_GB</Asset><Asset code="GC2678_39" description="Product URL" extension="" lastModified="2018-10-22" locale="en_GB" number="" type="URL">http://www.philips.co.uk/c-p/GC2678_39/easyspeed-advanced-steam-iron</Asset><Asset code="F400083424" description="Feature photograph - highres 2100x1170" extension="tif" lastModified="2017-08-03" locale="global" number="001" type="FIL">http://images.philips.com/is/image/PhilipsConsumer/F400083424-FIL-global-001</Asset><Asset code="F400083425" description="Feature photograph - highres 2100x1170" extension="tif" lastModified="2017-08-03" locale="global" number="001" type="FIL">http://images.philips.com/is/image/PhilipsConsumer/F400083425-FIL-global-001</Asset><Asset code="F400083429" description="Feature photograph - highres 2100x1170" extension="tif" lastModified="2017-08-03" locale="global" number="001" type="FIL">http://images.philips.com/is/image/PhilipsConsumer/F400083429-FIL-global-001</Asset><Asset code="F400083434" description="Feature photograph - highres 2100x1170" extension="tif" lastModified="2017-08-03" locale="global" number="001" type="FIL">http://images.philips.com/is/image/PhilipsConsumer/F400083434-FIL-global-001</Asset><Asset code="F400084707" description="Feature photograph - highres 2100x1170" extension="tif" lastModified="2017-10-24" locale="global" number="001" type="FIL">http://images.philips.com/is/image/PhilipsConsumer/F400084707-FIL-global-001</Asset><Asset code="F400084708" description="Feature photograph - highres 2100x1170" extension="tif" lastModified="2017-10-24" locale="global" number="001" type="FIL">http://images.philips.com/is/image/PhilipsConsumer/F400084708-FIL-global-001</Asset><Asset code="F400084709" description="Feature photograph - highres 2100x1170" extension="tif" lastModified="2017-10-31" locale="global" number="001" type="FIL">http://images.philips.com/is/image/PhilipsConsumer/F400084709-FIL-global-001</Asset><Asset code="F400084711" description="Feature photograph - highres 2100x1170" extension="tif" lastModified="2017-10-24" locale="global" number="001" type="FIL">http://images.philips.com/is/image/PhilipsConsumer/F400084711-FIL-global-001</Asset><Asset code="F400084713" description="Feature photograph - highres 2100x1170" extension="tif" lastModified="2017-11-21" locale="global" number="001" type="FIL">http://images.philips.com/is/image/PhilipsConsumer/F400084713-FIL-global-001</Asset><Asset code="F400084715" description="Feature photograph - highres 2100x1170" extension="tif" lastModified="2017-11-01" locale="global" number="001" type="FIL">http://images.philips.com/is/image/PhilipsConsumer/F400084715-FIL-global-001</Asset><Asset code="F400088547" description="Feature photograph - highres 2100x1170" extension="tif" lastModified="2018-08-13" locale="global" number="001" type="FIL">http://images.philips.com/is/image/PhilipsConsumer/F400088547-FIL-global-001</Asset><Asset code="PHI" description="Brand logo - highres 1476x886" extension="tif" lastModified="2016-02-18" locale="global" number="001" type="BRP">http://images.philips.com/is/image/PhilipsConsumer/PHI-BRP-global-001</Asset></Assets><ProductName>2400 W 190 g steam boost Steam iron</ProductName><FullProductName>Philips EasySpeed Advanced Steam iron GC2678/39 2400 W 190 g steam boost 40 g/min continuous steam Ceramic soleplate</FullProductName><NamingString><MasterBrand><BrandCode>PHI</BrandCode><BrandName>Philips</BrandName></MasterBrand><BrandString>Philips</BrandString><Family><FamilyCode>SB40009274</FamilyCode><FamilyName>EasySpeed Advanced</FamilyName><FamilyNameUsed>0</FamilyNameUsed></Family><Descriptor><DescriptorCode>NSD_000016</DescriptorCode><DescriptorName>Steam iron</DescriptorName></Descriptor><Alphanumeric>GC2678/39</Alphanumeric><VersionElement1><VersionElementCode>V4004934</VersionElementCode><VersionElementName>2400 W</VersionElementName></VersionElement1><VersionElement2><VersionElementCode>V4026585</VersionElementCode><VersionElementName>190 g steam boost</VersionElementName></VersionElement2><VersionElement3><VersionElementCode>V4043879</VersionElementCode><VersionElementName>40 g/min continuous steam</VersionElementName></VersionElement3><VersionElement4><VersionElementCode>V4009768</VersionElementCode><VersionElementName>Ceramic soleplate</VersionElementName></VersionElement4><VersionString>2400 W 190 g steam boost 40 g/min continuous steam Ceramic soleplate</VersionString><BrandedFeatureString/><DescriptorBrandedFeatureString>Steam iron</DescriptorBrandedFeatureString></NamingString><WOW>Faster from start to finish</WOW><SubWOW>Speeds up your ironing in 5 ways</SubWOW><MarketingTextHeader>Make ironing faster from start to finish: quick heat-up, XL water hole, powerful bursts of steam to tackle tough creases, durable ceramic soleplate for quick gliding and our drip-stop system. That's five ways to speed up your ironing.</MarketingTextHeader><KeyBenefitArea><KeyBenefitAreaCode>K4013090</KeyBenefitAreaCode><KeyBenefitAreaName>Fast ironing</KeyBenefitAreaName><KeyBenefitAreaRank>1</KeyBenefitAreaRank><Feature><FeatureCode>F400084707</FeatureCode><FeatureReferenceName>2400 W to heat up quickly -GC2676/20</FeatureReferenceName><FeatureName>2400 W to heat up quickly</FeatureName><FeatureLongDescription>2400 W for quick heat-up in 30 seconds</FeatureLongDescription><FeatureGlossary>Delivers a fast warm-up in 30 seconds for a quick start.</FeatureGlossary><FeatureRank>1</FeatureRank><FeatureTopRank>1</FeatureTopRank></Feature><Feature><FeatureCode>F400084715</FeatureCode><FeatureReferenceName>Up to 190 g steam boost blasts stubborn creases</FeatureReferenceName><FeatureName>Steam boost up to 190 g</FeatureName><FeatureLongDescription>Up to 190 g steam boost blasts stubborn creases</FeatureLongDescription><FeatureGlossary>Penetrates deeper into fabrics to easily remove stubborn creases.</FeatureGlossary><FeatureRank>2</FeatureRank><FeatureTopRank>2</FeatureTopRank></Feature><Feature><FeatureCode>F400084708</FeatureCode><FeatureReferenceName>Up to 40 g/min of steam</FeatureReferenceName><FeatureName>Up to 40 g/min of steam</FeatureName><FeatureLongDescription>Steam output up to 40 g/min for strong, steady performance</FeatureLongDescription><FeatureGlossary>Strong and consistent steam output to remove creases faster.</FeatureGlossary><FeatureRank>3</FeatureRank><FeatureTopRank>3</FeatureTopRank></Feature><Feature><FeatureCode>F400084709</FeatureCode><FeatureReferenceName>Extra-large water hole for fast filling and emptying</FeatureReferenceName><FeatureName>XL water filling hole</FeatureName><FeatureLongDescription>Extra-large water hole for fast filling and emptying</FeatureLongDescription><FeatureGlossary>An extra-large opening for filling the water tank makes quick work of refills and emptying.</FeatureGlossary><FeatureRank>4</FeatureRank><FeatureTopRank>4</FeatureTopRank></Feature><Feature><FeatureCode>F400083425</FeatureCode><FeatureReferenceName>Triple precision tip for optimal control and visibility</FeatureReferenceName><FeatureName>Triple precision tip</FeatureName><FeatureLongDescription>Triple precision tip for optimal control and visibility</FeatureLongDescription><FeatureGlossary>The tip is precise in 3 ways. It has a pointed tip, button groove and sleek nose design. Our triple precision tip helps you handle even the hardest-to-iron spots, like buttons and pleats.</FeatureGlossary><FeatureRank>5</FeatureRank><FeatureTopRank>5</FeatureTopRank></Feature></KeyBenefitArea><KeyBenefitArea><KeyBenefitAreaCode>K4034613</KeyBenefitAreaCode><KeyBenefitAreaName>Easy ironing</KeyBenefitAreaName><KeyBenefitAreaRank>2</KeyBenefitAreaRank><Feature><FeatureCode>F400084711</FeatureCode><FeatureReferenceName>Automatic shut-off when iron is left unattended -GC2676/20</FeatureReferenceName><FeatureName>Automatic shut-off</FeatureName><FeatureLongDescription>Automatic shut-off when iron is left unattended</FeatureLongDescription><FeatureGlossary>The iron shuts itself off if you leave it standing still. On its heel rest, it will automatically switch off in 8 minutes. Lying flat, it shuts down after 30 motionless seconds.</FeatureGlossary><FeatureRank>1</FeatureRank><FeatureTopRank>6</FeatureTopRank></Feature><Feature><FeatureCode>F400083434</FeatureCode><FeatureReferenceName>Durable ceramic soleplate for easy gliding</FeatureReferenceName><FeatureName>Ceramic soleplate</FeatureName><FeatureLongDescription>Durable ceramic soleplate for easy gliding</FeatureLongDescription><FeatureGlossary>Our durable ceramic soleplate glides well on any ironable garment. It's non-stick, scratch resistant and simple to keep clean.</FeatureGlossary><FeatureRank>2</FeatureRank><FeatureTopRank>7</FeatureTopRank></Feature><Feature><FeatureCode>F400083424</FeatureCode><FeatureReferenceName>Drip-stop system keeps garments spotless while ironing</FeatureReferenceName><FeatureName>Drip-stop system</FeatureName><FeatureLongDescription>Drip-stop system keeps garments spotless while ironing</FeatureLongDescription><FeatureGlossary>Our drip-stop system prevents leakage to avoid stains from water droplets — and iron with confidence at any temperature.</FeatureGlossary><FeatureRank>3</FeatureRank><FeatureTopRank>8</FeatureTopRank></Feature><Feature><FeatureCode>F400088547</FeatureCode><FeatureReferenceName>Extra-long 2.5-meter cord for easy reach</FeatureReferenceName><FeatureName>Extra-long 2.5 m cord</FeatureName><FeatureLongDescription>Extra-long 2.5 metre cord for easy reach</FeatureLongDescription><FeatureGlossary>An extra-long 2.5 metre cord provides maximum reach to anywhere on the ironing board and convenience.</FeatureGlossary><FeatureRank>4</FeatureRank><FeatureTopRank>9</FeatureTopRank></Feature><Feature><FeatureCode>F400084713</FeatureCode><FeatureReferenceName>Easy cord wrapping with clip for quick, tidy storage</FeatureReferenceName><FeatureName>Cord wrapping with clip</FeatureName><FeatureLongDescription>Easy cord wrapping with clip for quick, tidy storage</FeatureLongDescription><FeatureGlossary>The cord is easily wrapped around the base of the iron and held in place with a clip for tidy storage.</FeatureGlossary><FeatureRank>5</FeatureRank><FeatureTopRank>10</FeatureTopRank></Feature></KeyBenefitArea><KeyBenefitArea><KeyBenefitAreaCode>K4007527</KeyBenefitAreaCode><KeyBenefitAreaName>Long-lasting performance</KeyBenefitAreaName><KeyBenefitAreaRank>3</KeyBenefitAreaRank><Feature><FeatureCode>F400083429</FeatureCode><FeatureReferenceName>Calc-clean slider for long-lasting steam performance</FeatureReferenceName><FeatureName>Built-in calc-clean slider</FeatureName><FeatureLongDescription>Calc-clean slider for long-lasting steam performance</FeatureLongDescription><FeatureGlossary>This iron operates with ordinary tap water. Calc-clean is a built-in cleaning function to remove calcium build-up, or lime scale, and maintain peak performance.</FeatureGlossary><FeatureRank>1</FeatureRank><FeatureTopRank>11</FeatureTopRank></Feature></KeyBenefitArea><FeatureImage><FeatureCode>F400084707</FeatureCode><FeatureReferenceName>2400 W to heat up quickly -GC2676/20</FeatureReferenceName><FeatureImageRank>1</FeatureImageRank></FeatureImage><FeatureImage><FeatureCode>F400084715</FeatureCode><FeatureReferenceName>Up to 190 g steam boost blasts stubborn creases</FeatureReferenceName><FeatureImageRank>2</FeatureImageRank></FeatureImage><FeatureImage><FeatureCode>F400084708</FeatureCode><FeatureReferenceName>Up to 40 g/min of steam</FeatureReferenceName><FeatureImageRank>3</FeatureImageRank></FeatureImage><FeatureImage><FeatureCode>F400084709</FeatureCode><FeatureReferenceName>Extra-large water hole for fast filling and emptying</FeatureReferenceName><FeatureImageRank>4</FeatureImageRank></FeatureImage><FeatureImage><FeatureCode>F400083425</FeatureCode><FeatureReferenceName>Triple precision tip for optimal control and visibility</FeatureReferenceName><FeatureImageRank>5</FeatureImageRank></FeatureImage><FeatureImage><FeatureCode>F400084711</FeatureCode><FeatureReferenceName>Automatic shut-off when iron is left unattended -GC2676/20</FeatureReferenceName><FeatureImageRank>6</FeatureImageRank></FeatureImage><FeatureImage><FeatureCode>F400083434</FeatureCode><FeatureReferenceName>Durable ceramic soleplate for easy gliding</FeatureReferenceName><FeatureImageRank>7</FeatureImageRank></FeatureImage><FeatureImage><FeatureCode>F400083424</FeatureCode><FeatureReferenceName>Drip-stop system keeps garments spotless while ironing</FeatureReferenceName><FeatureImageRank>8</FeatureImageRank></FeatureImage><FeatureImage><FeatureCode>F400088547</FeatureCode><FeatureReferenceName>Extra-long 2.5-meter cord for easy reach</FeatureReferenceName><FeatureImageRank>9</FeatureImageRank></FeatureImage><FeatureImage><FeatureCode>F400084713</FeatureCode><FeatureReferenceName>Easy cord wrapping with clip for quick, tidy storage</FeatureReferenceName><FeatureImageRank>10</FeatureImageRank></FeatureImage><FeatureImage><FeatureCode>F400083429</FeatureCode><FeatureReferenceName>Calc-clean slider for long-lasting steam performance</FeatureReferenceName><FeatureImageRank>11</FeatureImageRank></FeatureImage><FeatureHighlight><FeatureCode>F400084707</FeatureCode><FeatureReferenceName>2400 W to heat up quickly -GC2676/20</FeatureReferenceName><FeatureHighlightRank>1</FeatureHighlightRank></FeatureHighlight><FeatureHighlight><FeatureCode>F400084715</FeatureCode><FeatureReferenceName>Up to 190 g steam boost blasts stubborn creases</FeatureReferenceName><FeatureHighlightRank>2</FeatureHighlightRank></FeatureHighlight><FeatureHighlight><FeatureCode>F400084708</FeatureCode><FeatureReferenceName>Up to 40 g/min of steam</FeatureReferenceName><FeatureHighlightRank>3</FeatureHighlightRank></FeatureHighlight><FeatureHighlight><FeatureCode>F400084709</FeatureCode><FeatureReferenceName>Extra-large water hole for fast filling and emptying</FeatureReferenceName><FeatureHighlightRank>4</FeatureHighlightRank></FeatureHighlight><FeatureHighlight><FeatureCode>F400083425</FeatureCode><FeatureReferenceName>Triple precision tip for optimal control and visibility</FeatureReferenceName><FeatureHighlightRank>5</FeatureHighlightRank></FeatureHighlight><FeatureHighlight><FeatureCode>F400084711</FeatureCode><FeatureReferenceName>Automatic shut-off when iron is left unattended -GC2676/20</FeatureReferenceName><FeatureHighlightRank>6</FeatureHighlightRank></FeatureHighlight><FeatureHighlight><FeatureCode>F400083434</FeatureCode><FeatureReferenceName>Durable ceramic soleplate for easy gliding</FeatureReferenceName><FeatureHighlightRank>7</FeatureHighlightRank></FeatureHighlight><FeatureHighlight><FeatureCode>F400083424</FeatureCode><FeatureReferenceName>Drip-stop system keeps garments spotless while ironing</FeatureReferenceName><FeatureHighlightRank>8</FeatureHighlightRank></FeatureHighlight><FeatureHighlight><FeatureCode>F400088547</FeatureCode><FeatureReferenceName>Extra-long 2.5-meter cord for easy reach</FeatureReferenceName><FeatureHighlightRank>9</FeatureHighlightRank></FeatureHighlight><FeatureHighlight><FeatureCode>F400084713</FeatureCode><FeatureReferenceName>Easy cord wrapping with clip for quick, tidy storage</FeatureReferenceName><FeatureHighlightRank>10</FeatureHighlightRank></FeatureHighlight><FeatureHighlight><FeatureCode>F400083429</FeatureCode><FeatureReferenceName>Calc-clean slider for long-lasting steam performance</FeatureReferenceName><FeatureHighlightRank>11</FeatureHighlightRank></FeatureHighlight><CSChapter><CSChapterCode>CH4008281</CSChapterCode><CSChapterName>Fast crease removal</CSChapterName><CSChapterRank>1</CSChapterRank><CSItem><CSItemCode>IT4039934</CSItemCode><CSItemName>Continuous steam</CSItemName><CSItemRank>7</CSItemRank><CSItemIsFreeFormat>1</CSItemIsFreeFormat><CSValue><CSValueCode>VA4093311</CSValueCode><CSValueName>40</CSValueName><CSValueRank>1</CSValueRank></CSValue><UnitOfMeasure><UnitOfMeasureCode>4000018</UnitOfMeasureCode><UnitOfMeasureName>-Gram minute</UnitOfMeasureName><UnitOfMeasureSymbol>g/min</UnitOfMeasureSymbol></UnitOfMeasure></CSItem><CSItem><CSItemCode>IT4039933</CSItemCode><CSItemName>Power</CSItemName><CSItemRank>10</CSItemRank><CSItemIsFreeFormat>1</CSItemIsFreeFormat><CSValue><CSValueCode>VA4093310</CSValueCode><CSValueName>2400</CSValueName><CSValueRank>1</CSValueRank></CSValue><UnitOfMeasure><UnitOfMeasureCode>3000072</UnitOfMeasureCode><UnitOfMeasureName>watt</UnitOfMeasureName><UnitOfMeasureSymbol>W</UnitOfMeasureSymbol></UnitOfMeasure></CSItem><CSItem><CSItemCode>IT4039935</CSItemCode><CSItemName>Steam boost</CSItemName><CSItemRank>12</CSItemRank><CSItemIsFreeFormat>1</CSItemIsFreeFormat><CSValue><CSValueCode>VA4093312</CSValueCode><CSValueName>190</CSValueName><CSValueRank>1</CSValueRank></CSValue><UnitOfMeasure><UnitOfMeasureCode>4000006</UnitOfMeasureCode><UnitOfMeasureName>-Grams</UnitOfMeasureName><UnitOfMeasureSymbol>g</UnitOfMeasureSymbol></UnitOfMeasure></CSItem><CSItem><CSItemCode>IT4039938</CSItemCode><CSItemName>Variable steam levels</CSItemName><CSItemRank>14</CSItemRank><CSItemIsFreeFormat>0</CSItemIsFreeFormat><CSValue><CSValueCode>VA4093315</CSValueCode><CSValueName>Yes</CSValueName><CSValueRank>13</CSValueRank></CSValue></CSItem><CSItem><CSItemCode>IT4039936</CSItemCode><CSItemName>Vertical steam</CSItemName><CSItemRank>15</CSItemRank><CSItemIsFreeFormat>0</CSItemIsFreeFormat><CSValue><CSValueCode>VA4093313</CSValueCode><CSValueName>Yes</CSValueName><CSValueRank>5</CSValueRank></CSValue></CSItem><CSItem><CSItemCode>IT4039941</CSItemCode><CSItemName>Water spray</CSItemName><CSItemRank>16</CSItemRank><CSItemIsFreeFormat>0</CSItemIsFreeFormat><CSValue><CSValueCode>VA4093319</CSValueCode><CSValueName>Yes</CSValueName><CSValueRank>4</CSValueRank></CSValue></CSItem></CSChapter><CSChapter><CSChapterCode>CHA_0000026</CSChapterCode><CSChapterName>Easy to use</CSChapterName><CSChapterRank>2</CSChapterRank><CSItem><CSItemCode>IT4039948</CSItemCode><CSItemName>Soleplate name</CSItemName><CSItemRank>5</CSItemRank><CSItemIsFreeFormat>0</CSItemIsFreeFormat><CSValue><CSValueCode>VA4093332</CSValueCode><CSValueName>Ceramic</CSValueName><CSValueRank>11</CSValueRank></CSValue></CSItem><CSItem><CSItemCode>IT4015768</CSItemCode><CSItemName>Water tank capacity</CSItemName><CSItemRank>8</CSItemRank><CSItemIsFreeFormat>1</CSItemIsFreeFormat><CSValue><CSValueCode>VA4031461</CSValueCode><CSValueName>300</CSValueName><CSValueRank>1</CSValueRank></CSValue><UnitOfMeasure><UnitOfMeasureCode>4000012</UnitOfMeasureCode><UnitOfMeasureName>-ml</UnitOfMeasureName><UnitOfMeasureSymbol>ml</UnitOfMeasureSymbol></UnitOfMeasure></CSItem><CSItem><CSItemCode>IT4015749</CSItemCode><CSItemName>Cord freedom (swivel)</CSItemName><CSItemRank>11</CSItemRank><CSItemIsFreeFormat>0</CSItemIsFreeFormat><CSValue><CSValueCode>VA4031430</CSValueCode><CSValueName>360 degree cord freedom</CSValueName><CSValueRank>14</CSValueRank></CSValue></CSItem><CSItem><CSItemCode>IT4015770</CSItemCode><CSItemName>Power cord length</CSItemName><CSItemRank>17</CSItemRank><CSItemIsFreeFormat>1</CSItemIsFreeFormat><CSValue><CSValueCode>VA4031463</CSValueCode><CSValueName>2.5</CSValueName><CSValueRank>1</CSValueRank></CSValue><UnitOfMeasure><UnitOfMeasureCode>3000057</UnitOfMeasureCode><UnitOfMeasureName>metre</UnitOfMeasureName><UnitOfMeasureSymbol>m</UnitOfMeasureSymbol></UnitOfMeasure></CSItem><CSItem><CSItemCode>IT4040041</CSItemCode><CSItemName>Precision steam tip</CSItemName><CSItemRank>18</CSItemRank><CSItemIsFreeFormat>0</CSItemIsFreeFormat><CSValue><CSValueCode>VA4093461</CSValueCode><CSValueName>Yes</CSValueName><CSValueRank>3</CSValueRank></CSValue></CSItem><CSItem><CSItemCode>IT4040045</CSItemCode><CSItemName>Tap water suitable</CSItemName><CSItemRank>19</CSItemRank><CSItemIsFreeFormat>0</CSItemIsFreeFormat><CSValue><CSValueCode>VA4093464</CSValueCode><CSValueName>Yes</CSValueName><CSValueRank>7</CSValueRank></CSValue></CSItem><CSItem><CSItemCode>IT4015743</CSItemCode><CSItemName>Drip-stop</CSItemName><CSItemRank>20</CSItemRank><CSItemIsFreeFormat>0</CSItemIsFreeFormat><CSValue><CSValueCode>VA4031420</CSValueCode><CSValueName>Yes</CSValueName><CSValueRank>9</CSValueRank></CSValue></CSItem><CSItem><CSItemCode>IT4020774</CSItemCode><CSItemName>Extra-large filling hole</CSItemName><CSItemRank>21</CSItemRank><CSItemIsFreeFormat>0</CSItemIsFreeFormat><CSValue><CSValueCode>VA4050543</CSValueCode><CSValueName>Yes</CSValueName><CSValueRank>10</CSValueRank></CSValue></CSItem><CSItem><CSItemCode>IT4043750</CSItemCode><CSItemName>Auto shut-off</CSItemName><CSItemRank>22</CSItemRank><CSItemIsFreeFormat>0</CSItemIsFreeFormat><CSValue><CSValueCode>VA4100701</CSValueCode><CSValueName>Yes</CSValueName><CSValueRank>2</CSValueRank></CSValue></CSItem></CSChapter><CSChapter><CSChapterCode>CH4008283</CSChapterCode><CSChapterName>Scale management</CSChapterName><CSChapterRank>3</CSChapterRank><CSItem><CSItemCode>IT4039985</CSItemCode><CSItemName>Descaling and cleaning</CSItemName><CSItemRank>2</CSItemRank><CSItemIsFreeFormat>0</CSItemIsFreeFormat><CSValue><CSValueCode>VA4093382</CSValueCode><CSValueName>Self-clean</CSValueName><CSValueRank>15</CSValueRank></CSValue></CSItem></CSChapter><CSChapter><CSChapterCode>CH4004748</CSChapterCode><CSChapterName>Storage</CSChapterName><CSChapterRank>4</CSChapterRank><CSItem><CSItemCode>IT4039989</CSItemCode><CSItemName>Cord storage</CSItemName><CSItemRank>4</CSItemRank><CSItemIsFreeFormat>0</CSItemIsFreeFormat><CSValue><CSValueCode>VA4093395</CSValueCode><CSValueName>Cord clip</CSValueName><CSValueRank>12</CSValueRank></CSValue></CSItem></CSChapter><CSChapter><CSChapterCode>CH4008284</CSChapterCode><CSChapterName>Size and weight</CSChapterName><CSChapterRank>5</CSChapterRank><CSItem><CSItemCode>IT4039996</CSItemCode><CSItemName>Weight of iron</CSItemName><CSItemRank>13</CSItemRank><CSItemIsFreeFormat>1</CSItemIsFreeFormat><CSValue><CSValueCode>VA4093407</CSValueCode><CSValueName>1.150</CSValueName><CSValueRank>1</CSValueRank></CSValue><UnitOfMeasure><UnitOfMeasureCode>3000049</UnitOfMeasureCode><UnitOfMeasureName>kilogram</UnitOfMeasureName><UnitOfMeasureSymbol>kg</UnitOfMeasureSymbol></UnitOfMeasure></CSItem></CSChapter><CSChapter><CSChapterCode>CHA_0000075</CSChapterCode><CSChapterName>Guarantee</CSChapterName><CSChapterRank>6</CSChapterRank><CSItem><CSItemCode>IT4039992</CSItemCode><CSItemName>2 year worldwide guarantee</CSItemName><CSItemRank>6</CSItemRank><CSItemIsFreeFormat>0</CSItemIsFreeFormat><CSValue><CSValueCode>VA4093403</CSValueCode><CSValueName>Yes</CSValueName><CSValueRank>8</CSValueRank></CSValue></CSItem></CSChapter><CSChapter><CSChapterCode>CH4008282</CSChapterCode><CSChapterName>Green efficiency</CSChapterName><CSChapterRank>7</CSChapterRank><CSItem><CSItemCode>IT4039980</CSItemCode><CSItemName>Energy saving mode</CSItemName><CSItemRank>1</CSItemRank><CSItemIsFreeFormat>0</CSItemIsFreeFormat><CSValue><CSValueCode>VA4093370</CSValueCode><CSValueName>Yes</CSValueName><CSValueRank>1</CSValueRank></CSValue></CSItem><CSItem><CSItemCode>IT4039983</CSItemCode><CSItemName>User manual</CSItemName><CSItemRank>9</CSItemRank><CSItemIsFreeFormat>0</CSItemIsFreeFormat><CSValue><CSValueCode>VA4093373</CSValueCode><CSValueName>100% recycled paper</CSValueName><CSValueRank>6</CSValueRank></CSValue></CSItem></CSChapter><CSChapter><CSChapterCode>3000956</CSChapterCode><CSChapterName>Technical specifications</CSChapterName><CSChapterRank>8</CSChapterRank><CSItem><CSItemCode>3007673</CSItemCode><CSItemName>Heating time</CSItemName><CSItemRank>3</CSItemRank><CSItemIsFreeFormat>1</CSItemIsFreeFormat><CSValue><CSValueCode>3035377</CSValueCode><CSValueName>30 sec.</CSValueName><CSValueRank>1</CSValueRank></CSValue></CSItem></CSChapter><Filters><Purpose type="Comparison"><Features><Feature code="F400084707" rank="1" referenceName="2400 W to heat up quickly -GC2676/20"/><Feature code="F400084715" rank="2" referenceName="Up to 190 g steam boost blasts stubborn creases"/><Feature code="F400084708" rank="3" referenceName="Up to 40 g/min of steam"/><Feature code="F400084709" rank="4" referenceName="Extra-large water hole for fast filling and emptying"/><Feature code="F400083425" rank="5" referenceName="Triple precision tip for optimal control and visibility"/><Feature code="F400084711" rank="6" referenceName="Automatic shut-off when iron is left unattended -GC2676/20"/><Feature code="F400083434" rank="7" referenceName="Durable ceramic soleplate for easy gliding"/><Feature code="F400083424" rank="8" referenceName="Drip-stop system keeps garments spotless while ironing"/><Feature code="F400088547" rank="9" referenceName="Extra-long 2.5-meter cord for easy reach"/><Feature code="F400084713" rank="10" referenceName="Easy cord wrapping with clip for quick, tidy storage"/><Feature code="F400083429" rank="11" referenceName="Calc-clean slider for long-lasting steam performance"/></Features><CSItems><CSItem code="IT4039980" rank="1" referenceName="Green efficiency - Energy saving mode"/><CSItem code="IT4039985" rank="2" referenceName="Scale management - Descaling and cleaning"/><CSItem code="3007673" rank="3" referenceName="Technical specifications - Heating time"/><CSItem code="IT4039989" rank="4" referenceName="Storage - Cord storage"/><CSItem code="IT4039948" rank="5" referenceName="Easy to use - Soleplate name"/><CSItem code="IT4039992" rank="6" referenceName="Guarantee - 2 year worldwide guarantee"/><CSItem code="IT4039934" rank="7" referenceName="Fast crease removal - Continuous steam"/><CSItem code="IT4015768" rank="8" referenceName="Easy to use - Water tank capacity"/><CSItem code="IT4039983" rank="9" referenceName="Green efficiency - User manual"/><CSItem code="IT4039933" rank="10" referenceName="Fast crease removal - Power"/><CSItem code="IT4015749" rank="11" referenceName="Easy to use - Cord freedom (swivel)"/><CSItem code="IT4039935" rank="12" referenceName="Fast crease removal - Steam boost"/><CSItem code="IT4039996" rank="13" referenceName="Size and weight - Weight of iron"/><CSItem code="IT4039938" rank="14" referenceName="Fast crease removal - Variable steam levels"/><CSItem code="IT4039936" rank="15" referenceName="Fast crease removal - Vertical steam"/><CSItem code="IT4039941" rank="16" referenceName="Fast crease removal - Water spray"/><CSItem code="IT4015770" rank="17" referenceName="Easy to use - Power cord length"/><CSItem code="IT4040041" rank="18" referenceName="Easy to use - Precision steam tip"/><CSItem code="IT4040045" rank="19" referenceName="Easy to use - Tap water suitable"/><CSItem code="IT4015743" rank="20" referenceName="Easy to use - Drip-stop"/><CSItem code="IT4020774" rank="21" referenceName="Easy to use - Extra-large filling hole"/><CSItem code="IT4043750" rank="22" referenceName="Easy to use - Auto shut-off"/></CSItems></Purpose><Purpose type="Detail"><Features><Feature code="F400084707" rank="1" referenceName="2400 W to heat up quickly -GC2676/20"/><Feature code="F400084715" rank="2" referenceName="Up to 190 g steam boost blasts stubborn creases"/><Feature code="F400084708" rank="3" referenceName="Up to 40 g/min of steam"/><Feature code="F400084709" rank="4" referenceName="Extra-large water hole for fast filling and emptying"/><Feature code="F400083425" rank="5" referenceName="Triple precision tip for optimal control and visibility"/><Feature code="F400084711" rank="6" referenceName="Automatic shut-off when iron is left unattended -GC2676/20"/><Feature code="F400083434" rank="7" referenceName="Durable ceramic soleplate for easy gliding"/><Feature code="F400083424" rank="8" referenceName="Drip-stop system keeps garments spotless while ironing"/><Feature code="F400088547" rank="9" referenceName="Extra-long 2.5-meter cord for easy reach"/><Feature code="F400084713" rank="10" referenceName="Easy cord wrapping with clip for quick, tidy storage"/><Feature code="F400083429" rank="11" referenceName="Calc-clean slider for long-lasting steam performance"/></Features><CSItems><CSItem code="IT4039980" rank="1" referenceName="Green efficiency - Energy saving mode"/><CSItem code="IT4039985" rank="2" referenceName="Scale management - Descaling and cleaning"/><CSItem code="3007673" rank="3" referenceName="Technical specifications - Heating time"/><CSItem code="IT4039989" rank="4" referenceName="Storage - Cord storage"/><CSItem code="IT4039948" rank="5" referenceName="Easy to use - Soleplate name"/><CSItem code="IT4039992" rank="6" referenceName="Guarantee - 2 year worldwide guarantee"/><CSItem code="IT4039934" rank="7" referenceName="Fast crease removal - Continuous steam"/><CSItem code="IT4015768" rank="8" referenceName="Easy to use - Water tank capacity"/><CSItem code="IT4039983" rank="9" referenceName="Green efficiency - User manual"/><CSItem code="IT4039933" rank="10" referenceName="Fast crease removal - Power"/><CSItem code="IT4015749" rank="11" referenceName="Easy to use - Cord freedom (swivel)"/><CSItem code="IT4039935" rank="12" referenceName="Fast crease removal - Steam boost"/><CSItem code="IT4039996" rank="13" referenceName="Size and weight - Weight of iron"/><CSItem code="IT4039938" rank="14" referenceName="Fast crease removal - Variable steam levels"/><CSItem code="IT4039936" rank="15" referenceName="Fast crease removal - Vertical steam"/><CSItem code="IT4039941" rank="16" referenceName="Fast crease removal - Water spray"/><CSItem code="IT4015770" rank="17" referenceName="Easy to use - Power cord length"/><CSItem code="IT4040041" rank="18" referenceName="Easy to use - Precision steam tip"/><CSItem code="IT4040045" rank="19" referenceName="Easy to use - Tap water suitable"/><CSItem code="IT4015743" rank="20" referenceName="Easy to use - Drip-stop"/><CSItem code="IT4020774" rank="21" referenceName="Easy to use - Extra-large filling hole"/><CSItem code="IT4043750" rank="22" referenceName="Easy to use - Auto shut-off"/></CSItems></Purpose></Filters><FeatureCompareGroups/><Disclaimers/><ProductReference ProductReferenceType="Accessory"><CTN>GC010/00</CTN><ProductReferenceRank>0</ProductReferenceRank></ProductReference><ProductReference ProductReferenceType="Accessory"><CTN>GC012/00</CTN><ProductReferenceRank>0</ProductReferenceRank></ProductReference><RichTexts/></Product></Products>