<?xml version="1.0" encoding="UTF-8"?><Products xmlns:source="http://apache.org/cocoon/source/1.0" DocStatus="approved" DocTimeStamp="2018-10-24T13:06:32"><Product Country="NL" IsAccessory="false" IsMaster="false" Locale="nl_NL" lastModified="2018-10-24T05:16:14" masterLastModified="2018-08-14T00:38:19"><CTN>BT7500/15</CTN><GTIN>08710103878131</GTIN><MarketingVersion>3.3.1</MarketingVersion><MarketingStatus>Final Published</MarketingStatus><CRDate>2018-08-10</CRDate><CRDateYW>201832</CRDateYW><ModelYears><ModelYear>2018</ModelYear></ModelYears><ProductDivision><ProductDivisionCode>0200</ProductDivisionCode><ProductDivisionName>Consumer Lifestyle</ProductDivisionName><FormerPDCode>0300</FormerPDCode></ProductDivision><ProductOwner>Ipek Akinci</ProductOwner><DTN>BT7500/15</DTN><Catalog><StartOfPublication>2018-08-15T00:00:00</StartOfPublication><EndOfPublication>2022-09-10T00:00:00</EndOfPublication><StartOfSales>2018-08-15T00:00:00</StartOfSales><EndOfSales>2022-09-10T00:00:00</EndOfSales><DummyPrice>69.99</DummyPrice><Deleted>false</Deleted><DeleteAfterDate/><ProductRank>99</ProductRank></Catalog><FinancialCategorization><BusinessGroupCode>9044</BusinessGroupCode><BusinessGroupName>Personal Care</BusinessGroupName><BusinessUnitCode>0321</BusinessUnitCode><BusinessUnitName>Male Grooming</BusinessUnitName><MainArticleGroupCode>E15</MainArticleGroupCode><MainArticleGroupName>Grooming</MainArticleGroupName><ArticleGroupCode>3155</ArticleGroupCode><ArticleGroupName>Trimmers</ArticleGroupName></FinancialCategorization><Categorization type="CONSUMER"><GroupCode>PERSONAL_CARE_GR</GroupCode><GroupName>Personal care</GroupName><CategoryCode>FACIAL_STYLERS_AND_GROOMING_KITS_CA</CategoryCode><CategoryName>FACE Stylers and grooming kits</CategoryName><SubcategoryCode>BEARD_TRIMMERS_SU2</SubcategoryCode><SubcategoryName>Beard trimmers</SubcategoryName></Categorization><Assets><Asset code="BT7500_15" description="Leaflet" extension="pdf" lastModified="2018-08-16" locale="nl_NL" number="001" type="PSS">http://download.p4c.philips.com/files/b/bt7500_15/bt7500_15_pss_nldnl.pdf</Asset><Asset code="BT7500_15" description="Retail Trade Leaflet" extension="pdf" lastModified="2018-10-18" locale="nl_NL" number="001" type="RTL">http://download.p4c.philips.com/files/b/bt7500_15/bt7500_15_rtl_nldnl.pdf</Asset><Asset code="BT7500_15" description="Leaflet" extension="pdf" lastModified="2018-08-16" locale="global" number="001" type="PSS">http://download.p4c.philips.com/files/b/bt7500_15/bt7500_15_pss_.pdf</Asset><Asset code="BT7500_15" description="Standard product photograph - highres 2196x1795" extension="tif" lastModified="2018-06-07" locale="global" number="001" type="RTP">http://images.philips.com/is/image/PhilipsConsumer/BT7500_15-RTP-global-001</Asset><Asset code="BT7500_15" description="Single product shot" extension="" lastModified="2018-10-24" locale="nl_NL" number="" type="IMS">http://images.philips.com/is/image/PhilipsConsumer/BT7500_15-IMS-nl_NL</Asset><Asset code="BT7500_15" description="Product gallery image set" extension="" lastModified="2018-10-24" locale="nl_NL" number="" type="GAL">http://images.philips.com/is/image/PhilipsConsumer/BT7500_15-GAL-nl_NL</Asset><Asset code="BT7500_15" description="Product URL" extension="" lastModified="2018-10-24" locale="nl_NL" number="" type="URL">http://www.philips.nl/c-p/BT7500_15/beardtrimmer-series-7000-baardtrimmer-met-turbovac-systeem</Asset></Assets><ProductName>Baardtrimmer met afzuigfunctie en 0,5 mm nauwkeurigheid</ProductName><FullProductName>Philips Beardtrimmer series 7000 Baardtrimmer met Turbovac-systeem BT7500/15 0,5 mm nauwkeurigheid, zelfslijpende metalen mesjes, maximaal 75 min. gebruik/1 uur opladen, hoogwaardig afzuigsysteem</FullProductName><NamingString><MasterBrand><BrandCode>PHI</BrandCode><BrandName>Philips</BrandName></MasterBrand><BrandString>Philips</BrandString><Family><FamilyCode>SB40004139</FamilyCode><FamilyName>Beardtrimmer series 7000</FamilyName><FamilyNameUsed>1</FamilyNameUsed></Family><Descriptor><DescriptorCode>D4027012</DescriptorCode><DescriptorName>Baardtrimmer met Turbovac-systeem</DescriptorName></Descriptor><Alphanumeric>BT7500/15</Alphanumeric><VersionElement1><VersionElementCode>V4030623</VersionElementCode><VersionElementName>Nauwkeurigheidsinstellingen van 0,5 mm</VersionElementName></VersionElement1><VersionElement2><VersionElementCode>V4046522</VersionElementCode><VersionElementName>Zelfslijpende metalen mesjes</VersionElementName></VersionElement2><VersionElement3><VersionElementCode>V4046523</VersionElementCode><VersionElementName>Maximaal 75 min. gebruik/1 uur opladen</VersionElementName></VersionElement3><VersionElement4><VersionElementCode>V4046524</VersionElementCode><VersionElementName>Hoogwaardig afzuigsysteem</VersionElementName></VersionElement4><VersionString>0,5 mm nauwkeurigheid, zelfslijpende metalen mesjes, maximaal 75 min. gebruik/1 uur opladen, hoogwaardig afzuigsysteem</VersionString><BrandedFeatureString/><DescriptorBrandedFeatureString>Baardtrimmer met Turbovac-systeem</DescriptorBrandedFeatureString></NamingString><WOW>Trimmer met afzuigfunctie</WOW><SubWOW>De beste en schoonste trimmer van Philips</SubWOW><MarketingTextHeader>Trim uw baard, snor en bakkebaarden zonder rommel. De nieuwe Philips Vaccuümtrimmer heeft een verbeterd systeem voor krachtige prestaties met een 50% sterkere luchtstroom. De trimmer vangt haar effectief op, waardoor u zonder rommel kunt trimmen.</MarketingTextHeader><KeyBenefitArea><KeyBenefitAreaCode>K4035734</KeyBenefitAreaCode><KeyBenefitAreaName>Trimmer met afzuigfunctie</KeyBenefitAreaName><KeyBenefitAreaRank>1</KeyBenefitAreaRank></KeyBenefitArea><KeyBenefitArea><KeyBenefitAreaCode>K4031723</KeyBenefitAreaCode><KeyBenefitAreaName>Gelijkmatige trimresultaten</KeyBenefitAreaName><KeyBenefitAreaRank>2</KeyBenefitAreaRank></KeyBenefitArea><KeyBenefitArea><KeyBenefitAreaCode>K300000216</KeyBenefitAreaCode><KeyBenefitAreaName>Gebruiksvriendelijk</KeyBenefitAreaName><KeyBenefitAreaRank>3</KeyBenefitAreaRank></KeyBenefitArea><CSChapter><CSChapterCode>CHA_0000076</CSChapterCode><CSChapterName>Scheersysteem</CSChapterName><CSChapterRank>1</CSChapterRank><CSItem><CSItemCode>IT4010244</CSItemCode><CSItemName>Knipelement</CSItemName><CSItemRank>1</CSItemRank><CSItemIsFreeFormat>0</CSItemIsFreeFormat><CSValue><CSValueCode>VA4023985</CSValueCode><CSValueName>Roestvrijstalen messen</CSValueName><CSValueRank>10</CSValueRank></CSValue></CSItem><CSItem><CSItemCode>IT4023371</CSItemCode><CSItemName>Diverse lengtestanden</CSItemName><CSItemRank>2</CSItemRank><CSItemIsFreeFormat>0</CSItemIsFreeFormat><CSValue><CSValueCode>VA4086228</CSValueCode><CSValueName>Van 0,5 tot 10 mm</CSValueName><CSValueRank>25</CSValueRank></CSValue></CSItem><CSItem><CSItemCode>IT4030852</CSItemCode><CSItemName>Precisie (grootte van stappen)</CSItemName><CSItemRank>3</CSItemRank><CSItemIsFreeFormat>0</CSItemIsFreeFormat><CSValue><CSValueCode>VA4086227</CSValueCode><CSValueName>Per 0,5 mm</CSValueName><CSValueRank>21</CSValueRank></CSValue></CSItem></CSChapter><CSChapter><CSChapterCode>CH4001561</CSChapterCode><CSChapterName>Creëer uw eigen look</CSChapterName><CSChapterRank>2</CSChapterRank><CSItem><CSItemCode>IT4008248</CSItemCode><CSItemName>Aantal lengte-instellingen</CSItemName><CSItemRank>1</CSItemRank><CSItemIsFreeFormat>0</CSItemIsFreeFormat><CSValue><CSValueCode>VA4086225</CSValueCode><CSValueName>20 geïntegreerde lengte-instellingen</CSValueName><CSValueRank>19</CSValueRank></CSValue></CSItem></CSChapter><CSChapter><CSChapterCode>CH4001524</CSChapterCode><CSChapterName>Gebruiksgemak</CSChapterName><CSChapterRank>3</CSChapterRank><CSItem><CSItemCode>IT4010241</CSItemCode><CSItemName>Instelwiel</CSItemName><CSItemRank>1</CSItemRank><CSItemIsFreeFormat>0</CSItemIsFreeFormat><CSValue><CSValueCode>VA4023982</CSValueCode><CSValueName>Eenvoudig in te stellen lengtestanden</CSValueName><CSValueRank>1</CSValueRank></CSValue></CSItem><CSItem><CSItemCode>IT4007980</CSItemCode><CSItemName>Display</CSItemName><CSItemRank>2</CSItemRank><CSItemIsFreeFormat>0</CSItemIsFreeFormat><CSValue><CSValueCode>VA4019960</CSValueCode><CSValueName>Indicatie voor batterij opladen</CSValueName><CSValueRank>29</CSValueRank></CSValue></CSItem><CSItem><CSItemCode>IT4027494</CSItemCode><CSItemName>Bediening</CSItemName><CSItemRank>3</CSItemRank><CSItemIsFreeFormat>0</CSItemIsFreeFormat><CSValue><CSValueCode>VA4068070</CSValueCode><CSValueName>Met of zonder snoer te gebruiken</CSValueName><CSValueRank>11</CSValueRank></CSValue></CSItem><CSItem><CSItemCode>IT4007985</CSItemCode><CSItemName>Reiniging</CSItemName><CSItemRank>4</CSItemRank><CSItemIsFreeFormat>0</CSItemIsFreeFormat><CSValue><CSValueCode>VA4096742</CSValueCode><CSValueName>Afspoelbare mesjes en kapjes</CSValueName><CSValueRank>27</CSValueRank></CSValue></CSItem></CSChapter><CSChapter><CSChapterCode>CHA_0000011</CSChapterCode><CSChapterName>Voedingssysteem</CSChapterName><CSChapterRank>4</CSChapterRank><CSItem><CSItemCode>IT4024889</CSItemCode><CSItemName>Snel opladen in 5 minuten</CSItemName><CSItemRank>1</CSItemRank><CSItemIsFreeFormat>0</CSItemIsFreeFormat><CSValue><CSValueCode>VA4056898</CSValueCode><CSValueName>Ja</CSValueName><CSValueRank>7</CSValueRank></CSValue></CSItem></CSChapter><CSChapter><CSChapterCode>3001096</CSChapterCode><CSChapterName>Ontwerp</CSChapterName><CSChapterRank>5</CSChapterRank><CSItem><CSItemCode>3011951</CSItemCode><CSItemName>Kleur</CSItemName><CSItemRank>1</CSItemRank><CSItemIsFreeFormat>0</CSItemIsFreeFormat><CSValue><CSValueCode>3051612</CSValueCode><CSValueName>Zwart</CSValueName><CSValueRank>6</CSValueRank></CSValue></CSItem><CSItem><CSItemCode>IT4007987</CSItemCode><CSItemName>Afwerking</CSItemName><CSItemRank>2</CSItemRank><CSItemIsFreeFormat>0</CSItemIsFreeFormat><CSValue><CSValueCode>VA4024021</CSValueCode><CSValueName>Zachte grip</CSValueName><CSValueRank>3</CSValueRank></CSValue></CSItem></CSChapter><CSChapter><CSChapterCode>3000821</CSChapterCode><CSChapterName>Vermogen</CSChapterName><CSChapterRank>6</CSChapterRank><CSItem><CSItemCode>IT4015298</CSItemCode><CSItemName>Gebruikstijd</CSItemName><CSItemRank>1</CSItemRank><CSItemIsFreeFormat>0</CSItemIsFreeFormat><CSValue><CSValueCode>VA4092096</CSValueCode><CSValueName>Maximaal 75 minuten</CSValueName><CSValueRank>20</CSValueRank></CSValue></CSItem><CSItem><CSItemCode>IT4032891</CSItemCode><CSItemName>Opladen</CSItemName><CSItemRank>2</CSItemRank><CSItemIsFreeFormat>0</CSItemIsFreeFormat><CSValue><CSValueCode>VA4077304</CSValueCode><CSValueName>Volledig opladen in 1 uur</CSValueName><CSValueRank>26</CSValueRank></CSValue></CSItem><CSItem><CSItemCode>3006920</CSItemCode><CSItemName>Batterijtype</CSItemName><CSItemRank>3</CSItemRank><CSItemIsFreeFormat>0</CSItemIsFreeFormat><CSValue><CSValueCode>3033284</CSValueCode><CSValueName>NiMh</CSValueName><CSValueRank>24</CSValueRank></CSValue></CSItem><CSItem><CSItemCode>IT4015297</CSItemCode><CSItemName>Automatisch voltage</CSItemName><CSItemRank>4</CSItemRank><CSItemIsFreeFormat>0</CSItemIsFreeFormat><CSValue><CSValueCode>VA4030670</CSValueCode><CSValueName>100 - 240 V</CSValueName><CSValueRank>2</CSValueRank></CSValue></CSItem></CSChapter><CSChapter><CSChapterCode>CHA_0000049</CSChapterCode><CSChapterName>Service</CSChapterName><CSChapterRank>7</CSChapterRank><CSItem><CSItemCode>IT4031031</CSItemCode><CSItemName>2 jaar garantie</CSItemName><CSItemRank>1</CSItemRank><CSItemIsFreeFormat>0</CSItemIsFreeFormat><CSValue><CSValueCode>VA4070970</CSValueCode><CSValueName>Ja</CSValueName><CSValueRank>15</CSValueRank></CSValue></CSItem></CSChapter><CSChapter><CSChapterCode>3000815</CSChapterCode><CSChapterName>Accessoires</CSChapterName><CSChapterRank>8</CSChapterRank><CSItem><CSItemCode>S_0000235</CSItemCode><CSItemName>Precisietrimmer</CSItemName><CSItemRank>1</CSItemRank><CSItemIsFreeFormat>0</CSItemIsFreeFormat><CSValue><CSValueCode>VA4010628</CSValueCode><CSValueName>Ja</CSValueName><CSValueRank>13</CSValueRank></CSValue></CSItem><CSItem><CSItemCode>IT4027540</CSItemCode><CSItemName>Kam</CSItemName><CSItemRank>2</CSItemRank><CSItemIsFreeFormat>0</CSItemIsFreeFormat><CSValue><CSValueCode>VA4100123</CSValueCode><CSValueName>Lift &amp; Trim-systeem</CSValueName><CSValueRank>18</CSValueRank></CSValue></CSItem><CSItem><CSItemCode>IT4007992</CSItemCode><CSItemName>Onderhoud</CSItemName><CSItemRank>3</CSItemRank><CSItemIsFreeFormat>0</CSItemIsFreeFormat><CSValue><CSValueCode>VA4019995</CSValueCode><CSValueName>Reinigingsborsteltje</CSValueName><CSValueRank>14</CSValueRank></CSValue></CSItem></CSChapter><Filters><Purpose type="Comparison"><Features><Feature code="F400087263" rank="1" referenceName="High performance vacuum system (BT7500 Moby)"/><Feature code="F400087264" rank="2" referenceName="Lift &amp; Trim PRO system (BT7500 BT5500)"/><Feature code="F400087265" rank="3" referenceName="Self-sharpening metal blades (BT7500 Moby)"/><Feature code="F400074392_BT7500_15" rank="4" referenceName="20 lock-in length settings (BT7000)"/><Feature code="F400087269_BT7500_15" rank="5" referenceName="Precision trimmer (BT7500 Moby)"/><Feature code="F400087266_BT7500_15" rank="6" referenceName="75 min corded/cordless use (BT7500 Moby)"/><Feature code="F400075713_BT7500_15" rank="7" referenceName="Battery indicator (BT7000&amp;5000)"/><Feature code="F400074398" rank="8" referenceName="Easy to clean (BT7000)"/><Feature code="F400069482" rank="9" referenceName="Built to last (grooming)(US)"/></Features><CSItems><CSItem code="IT4010244" rank="1" referenceName="Scheersysteem - Knipelement"/><CSItem code="IT4008248" rank="1" referenceName="Creëer uw eigen look - Aantal lengte-instellingen"/><CSItem code="IT4010241" rank="1" referenceName="Gebruiksgemak - Instelwiel"/><CSItem code="IT4024889" rank="1" referenceName="Voedingssysteem - Snel opladen in 5 minuten"/><CSItem code="3011951" rank="1" referenceName="Ontwerp - Kleur"/><CSItem code="IT4015298" rank="1" referenceName="Vermogen - Gebruikstijd"/><CSItem code="IT4031031" rank="1" referenceName="Service - 2 jaar garantie"/><CSItem code="S_0000235" rank="1" referenceName="Accessoires - Precisietrimmer"/><CSItem code="IT4023371" rank="2" referenceName="Scheersysteem - Diverse lengtestanden"/><CSItem code="IT4007980" rank="2" referenceName="Gebruiksgemak - Display"/><CSItem code="IT4007987" rank="2" referenceName="Ontwerp - Afwerking"/><CSItem code="IT4032891" rank="2" referenceName="Vermogen - Opladen"/><CSItem code="IT4027540" rank="2" referenceName="Accessoires - Kam"/><CSItem code="IT4030852" rank="3" referenceName="Scheersysteem - Precisie (grootte van stappen)"/><CSItem code="IT4027494" rank="3" referenceName="Gebruiksgemak - Bediening"/><CSItem code="3006920" rank="3" referenceName="Vermogen - Batterijtype"/><CSItem code="IT4007992" rank="3" referenceName="Accessoires - Onderhoud"/><CSItem code="IT4007985" rank="4" referenceName="Gebruiksgemak - Reiniging"/><CSItem code="IT4015297" rank="4" referenceName="Vermogen - Automatisch voltage"/></CSItems></Purpose><Purpose type="Detail"><Features><Feature code="F400087263" rank="1" referenceName="High performance vacuum system (BT7500 Moby)"/><Feature code="F400087264" rank="2" referenceName="Lift &amp; Trim PRO system (BT7500 BT5500)"/><Feature code="F400087265" rank="3" referenceName="Self-sharpening metal blades (BT7500 Moby)"/><Feature code="F400074392_BT7500_15" rank="4" referenceName="20 lock-in length settings (BT7000)"/><Feature code="F400087269_BT7500_15" rank="5" referenceName="Precision trimmer (BT7500 Moby)"/><Feature code="F400087266_BT7500_15" rank="6" referenceName="75 min corded/cordless use (BT7500 Moby)"/><Feature code="F400075713_BT7500_15" rank="7" referenceName="Battery indicator (BT7000&amp;5000)"/><Feature code="F400074398" rank="8" referenceName="Easy to clean (BT7000)"/><Feature code="F400069482" rank="9" referenceName="Built to last (grooming)(US)"/></Features><CSItems><CSItem code="IT4010244" rank="1" referenceName="Scheersysteem - Knipelement"/><CSItem code="IT4008248" rank="1" referenceName="Creëer uw eigen look - Aantal lengte-instellingen"/><CSItem code="IT4010241" rank="1" referenceName="Gebruiksgemak - Instelwiel"/><CSItem code="IT4024889" rank="1" referenceName="Voedingssysteem - Snel opladen in 5 minuten"/><CSItem code="3011951" rank="1" referenceName="Ontwerp - Kleur"/><CSItem code="IT4015298" rank="1" referenceName="Vermogen - Gebruikstijd"/><CSItem code="IT4031031" rank="1" referenceName="Service - 2 jaar garantie"/><CSItem code="S_0000235" rank="1" referenceName="Accessoires - Precisietrimmer"/><CSItem code="IT4023371" rank="2" referenceName="Scheersysteem - Diverse lengtestanden"/><CSItem code="IT4007980" rank="2" referenceName="Gebruiksgemak - Display"/><CSItem code="IT4007987" rank="2" referenceName="Ontwerp - Afwerking"/><CSItem code="IT4032891" rank="2" referenceName="Vermogen - Opladen"/><CSItem code="IT4027540" rank="2" referenceName="Accessoires - Kam"/><CSItem code="IT4030852" rank="3" referenceName="Scheersysteem - Precisie (grootte van stappen)"/><CSItem code="IT4027494" rank="3" referenceName="Gebruiksgemak - Bediening"/><CSItem code="3006920" rank="3" referenceName="Vermogen - Batterijtype"/><CSItem code="IT4007992" rank="3" referenceName="Accessoires - Onderhoud"/><CSItem code="IT4007985" rank="4" referenceName="Gebruiksgemak - Reiniging"/><CSItem code="IT4015297" rank="4" referenceName="Vermogen - Automatisch voltage"/></CSItems></Purpose></Filters><FeatureCompareGroups/><Disclaimers><Disclaimer code="DIS40006922" rank="1" referenceName="Versus its Philips predecessor"><DisclaimerText>Vergeleken met vorige Philips-model</DisclaimerText><DisclaimElements/></Disclaimer><Disclaimer code="DIS40012397" rank="2" referenceName="*Tested in lab environment on hair mats (BT7500 Moby) "><DisclaimerText>*Getest in laboratoriumomgeving op haarmatten</DisclaimerText><DisclaimElements/></Disclaimer></Disclaimers><ProductReference ProductReferenceType="Accessory"><CTN>CRP338/01</CTN><ProductReferenceRank>0</ProductReferenceRank></ProductReference><RichTexts/></Product></Products>