<?xml version="1.0" encoding="UTF-8"?><Products xmlns:source="http://apache.org/cocoon/source/1.0" DocStatus="approved" DocTimeStamp="2018-10-24T13:06:32"><Product Country="NL" IsAccessory="false" IsMaster="false" Locale="nl_NL" lastModified="2018-10-24T05:16:14" masterLastModified="2018-06-22T00:25:56"><CTN>HD9241/40</CTN><GTIN>08710103859772</GTIN><MarketingVersion>2.0.1</MarketingVersion><MarketingStatus>Final Published</MarketingStatus><CRDate>2017-08-18</CRDate><CRDateYW>201733</CRDateYW><ModelYears><ModelYear>2017</ModelYear></ModelYears><ProductDivision><ProductDivisionCode>0200</ProductDivisionCode><ProductDivisionName>Consumer Lifestyle</ProductDivisionName><FormerPDCode>0300</FormerPDCode></ProductDivision><ProductOwner>Nene Shi</ProductOwner><DTN>HD9241/40</DTN><Catalog><StartOfPublication>2018-02-15T00:00:00</StartOfPublication><EndOfPublication>2021-09-18T00:00:00</EndOfPublication><StartOfSales>2018-02-15T00:00:00</StartOfSales><EndOfSales>2028-03-01T00:00:00</EndOfSales><DummyPrice>269.99</DummyPrice><Deleted>false</Deleted><DeleteAfterDate/><ProductRank>99</ProductRank></Catalog><FinancialCategorization><BusinessGroupCode>9042</BusinessGroupCode><BusinessGroupName>Domestic Appliances</BusinessGroupName><BusinessUnitCode>0341</BusinessUnitCode><BusinessUnitName>Philips brand Kitchen Appliances</BusinessUnitName><MainArticleGroupCode>E37</MainArticleGroupCode><MainArticleGroupName>Airfryers</MainArticleGroupName><ArticleGroupCode>1329</ArticleGroupCode><ArticleGroupName>Airfryers</ArticleGroupName></FinancialCategorization><Categorization type="CONSUMER"><GroupCode>HOUSEHOLD_PRODUCTS_GR</GroupCode><GroupName>Household products</GroupName><CategoryCode>COOKING_CA</CategoryCode><CategoryName>Cooking</CategoryName><SubcategoryCode>AIRFRYER_SU</SubcategoryCode><SubcategoryName>Airfryer</SubcategoryName></Categorization><Assets><Asset code="HD9241_40" description="Leaflet" extension="pdf" lastModified="2018-10-14" locale="nl_NL" number="001" type="PSS">http://download.p4c.philips.com/files/h/hd9241_40/hd9241_40_pss_nldnl.pdf</Asset><Asset code="HD9241_40" description="Retail Trade Leaflet" extension="pdf" lastModified="2018-10-14" locale="nl_NL" number="001" type="RTL">http://download.p4c.philips.com/files/h/hd9241_40/hd9241_40_rtl_nldnl.pdf</Asset><Asset code="HD9241_40" description="Front product photograph - highres 2196x1795" extension="tif" lastModified="2018-02-08" locale="global" number="001" type="_FP">http://images.philips.com/is/image/PhilipsConsumer/HD9241_40-_FP-global-001</Asset><Asset code="HD9241_40" description="Leaflet" extension="pdf" lastModified="2018-10-14" locale="global" number="001" type="PSS">http://download.p4c.philips.com/files/h/hd9241_40/hd9241_40_pss_.pdf</Asset><Asset code="HD9241_40" description="Standard product photograph - highres 2196x1795" extension="tif" lastModified="2018-02-08" locale="global" number="001" type="RTP">http://images.philips.com/is/image/PhilipsConsumer/HD9241_40-RTP-global-001</Asset><Asset code="HD9241_40" description="Single product shot" extension="" lastModified="2018-10-24" locale="nl_NL" number="" type="IMS">http://images.philips.com/is/image/PhilipsConsumer/HD9241_40-IMS-nl_NL</Asset><Asset code="HD9241_40" description="Product gallery image set" extension="" lastModified="2018-10-24" locale="nl_NL" number="" type="GAL">http://images.philips.com/is/image/PhilipsConsumer/HD9241_40-GAL-nl_NL</Asset><Asset code="HD9241_40" description="Product URL" extension="" lastModified="2018-10-24" locale="nl_NL" number="" type="URL">http://www.philips.nl/c-p/HD9241_40/avance-collection-airfryer-xl-met-rapid-air-technologie</Asset></Assets><ProductName>Heteluchtfriteuse Airfryer XL met Rapid Air-technologie</ProductName><FullProductName>Philips Avance Collection Airfryer XL HD9241/40 Heteluchtfriteuse, multicooker, 1,2 kg, zwart met Rapid Air-technologie</FullProductName><NamingString><MasterBrand><BrandCode>PHI</BrandCode><BrandName>Philips</BrandName></MasterBrand><BrandString>Philips</BrandString><Family><FamilyCode>SB40001904</FamilyCode><FamilyName>Avance Collection</FamilyName><FamilyNameUsed>1</FamilyNameUsed></Family><Descriptor><DescriptorCode>D4017142</DescriptorCode><DescriptorName>Airfryer XL</DescriptorName></Descriptor><Alphanumeric>HD9241/40</Alphanumeric><VersionElement1><VersionElementCode>V4019163</VersionElementCode><VersionElementName>Heteluchtfriteuse</VersionElementName></VersionElement1><VersionElement2><VersionElementCode>V4027983</VersionElementCode><VersionElementName>Multicooker, 1,2 kg</VersionElementName></VersionElement2><VersionElement3><VersionElementCode>V300000333</VersionElementCode><VersionElementName>Zwart</VersionElementName></VersionElement3><VersionString>Heteluchtfriteuse, multicooker, 1,2 kg, zwart</VersionString><BrandedFeatureCode1>F400037350_HD9241_40</BrandedFeatureCode1><BrandedFeatureString>met Rapid Air-technologie</BrandedFeatureString><DescriptorBrandedFeatureString>Airfryer XL met Rapid Air-technologie</DescriptorBrandedFeatureString></NamingString><WOW>Heerlijke frietjes met tot 80% minder vet!*</WOW><SubWOW>Met Rapid Air-technologie voor een perfect resultaat</SubWOW><MarketingTextHeader>Met de unieke Rapid Air-technologie van Philips, die u laat bakken met lucht, krijgen etenswaren een knapperig korstje maar blijven ze mals vanbinnen. U hebt weinig of geen olie nodig voor een perfecte textuur en heerlijke resultaten!</MarketingTextHeader><KeyBenefitArea><KeyBenefitAreaCode>K4021057</KeyBenefitAreaCode><KeyBenefitAreaName>Gezond</KeyBenefitAreaName><KeyBenefitAreaRank>1</KeyBenefitAreaRank></KeyBenefitArea><KeyBenefitArea><KeyBenefitAreaCode>K4023695</KeyBenefitAreaCode><KeyBenefitAreaName>Snel en gemakkelijk</KeyBenefitAreaName><KeyBenefitAreaRank>2</KeyBenefitAreaRank></KeyBenefitArea><KeyBenefitArea><KeyBenefitAreaCode>K4023735</KeyBenefitAreaCode><KeyBenefitAreaName>Smakelijk en veelzijdig</KeyBenefitAreaName><KeyBenefitAreaRank>3</KeyBenefitAreaRank></KeyBenefitArea><CSChapter><CSChapterCode>CHA_0000009</CSChapterCode><CSChapterName>Algemene specificaties</CSChapterName><CSChapterRank>1</CSChapterRank><CSItem><CSItemCode>IT4038463</CSItemCode><CSItemName>Productkenmerken</CSItemName><CSItemRank>18</CSItemRank><CSItemIsFreeFormat>0</CSItemIsFreeFormat><CSValue><CSValueCode>VA4089461</CSValueCode><CSValueName>Automatische uitschakeling</CSValueName><CSValueRank>1</CSValueRank></CSValue><CSValue><CSValueCode>VA4089484</CSValueCode><CSValueName>Coolwall-behuizing</CSValueName><CSValueRank>9</CSValueRank></CSValue><CSValue><CSValueCode>VA4089462</CSValueCode><CSValueName>Vaatwasmachinebestendig</CSValueName><CSValueRank>12</CSValueRank></CSValue><CSValue><CSValueCode>VA4089458</CSValueCode><CSValueName>'Klaar voor gebruik'-signaal</CSValueName><CSValueRank>13</CSValueRank></CSValue><CSValue><CSValueCode>VA4089457</CSValueCode><CSValueName>Temperatuurregelaar</CSValueName><CSValueRank>14</CSValueRank></CSValue><CSValue><CSValueCode>VA4097703</CSValueCode><CSValueName>Receptenboekje en app</CSValueName><CSValueRank>15</CSValueRank></CSValue><CSValue><CSValueCode>VA4089486</CSValueCode><CSValueName>Geïntegreerd opbergvak voor snoer</CSValueName><CSValueRank>16</CSValueRank></CSValue><CSValue><CSValueCode>VA4089460</CSValueCode><CSValueName>Antislipvoetjes</CSValueName><CSValueRank>17</CSValueRank></CSValue><CSValue><CSValueCode>VA4089466</CSValueCode><CSValueName>Gepatenteerde Rapid Air</CSValueName><CSValueRank>18</CSValueRank></CSValue><CSValue><CSValueCode>VA4089455</CSValueCode><CSValueName>Koken met vooraf ingestelde functies</CSValueName><CSValueRank>19</CSValueRank></CSValue></CSItem><CSItem><CSItemCode>IT4042222</CSItemCode><CSItemName>Tijd instellen</CSItemName><CSItemRank>19</CSItemRank><CSItemIsFreeFormat>0</CSItemIsFreeFormat><CSValue><CSValueCode>VA4097740</CSValueCode><CSValueName>Maximaal 60 minuten</CSValueName><CSValueRank>8</CSValueRank></CSValue></CSItem></CSChapter><CSChapter><CSChapterCode>CHA_0000049</CSChapterCode><CSChapterName>Service</CSChapterName><CSChapterRank>2</CSChapterRank><CSItem><CSItemCode>IT4010194</CSItemCode><CSItemName>2 jaar wereldwijde garantie</CSItemName><CSItemRank>3</CSItemRank><CSItemIsFreeFormat>0</CSItemIsFreeFormat><CSValue><CSValueCode>VA4023904</CSValueCode><CSValueName>Ja</CSValueName><CSValueRank>6</CSValueRank></CSValue></CSItem></CSChapter><CSChapter><CSChapterCode>CH4000822</CSChapterCode><CSChapterName>Duurzaamheid</CSChapterName><CSChapterRank>3</CSChapterRank><CSItem><CSItemCode>IT4005643</CSItemCode><CSItemName>Omhulsel</CSItemName><CSItemRank>2</CSItemRank><CSItemIsFreeFormat>0</CSItemIsFreeFormat><CSValue><CSValueCode>VA4016806</CSValueCode><CSValueName>&gt; 90% gerecycled materiaal</CSValueName><CSValueRank>4</CSValueRank></CSValue></CSItem><CSItem><CSItemCode>IT4005644</CSItemCode><CSItemName>Gebruiksaanwijzing</CSItemName><CSItemRank>8</CSItemRank><CSItemIsFreeFormat>0</CSItemIsFreeFormat><CSValue><CSValueCode>VA4016807</CSValueCode><CSValueName>100% gerecycled papier</CSValueName><CSValueRank>2</CSValueRank></CSValue></CSItem></CSChapter><CSChapter><CSChapterCode>3000956</CSChapterCode><CSChapterName>Technische specificaties</CSChapterName><CSChapterRank>4</CSChapterRank><CSItem><CSItemCode>S_0000109</CSItemCode><CSItemName>Snoerlengte</CSItemName><CSItemRank>5</CSItemRank><CSItemIsFreeFormat>1</CSItemIsFreeFormat><CSValue><CSValueCode>VA4007182</CSValueCode><CSValueName>0,8</CSValueName><CSValueRank>1</CSValueRank></CSValue><UnitOfMeasure><UnitOfMeasureCode>3000057</UnitOfMeasureCode><UnitOfMeasureName>meter</UnitOfMeasureName><UnitOfMeasureSymbol>m</UnitOfMeasureSymbol></UnitOfMeasure></CSItem><CSItem><CSItemCode>S_0000022</CSItemCode><CSItemName>Vermogen</CSItemName><CSItemRank>12</CSItemRank><CSItemIsFreeFormat>1</CSItemIsFreeFormat><CSValue><CSValueCode>VA4007107</CSValueCode><CSValueName>2100</CSValueName><CSValueRank>1</CSValueRank></CSValue><UnitOfMeasure><UnitOfMeasureCode>3000072</UnitOfMeasureCode><UnitOfMeasureName>watt</UnitOfMeasureName><UnitOfMeasureSymbol>W</UnitOfMeasureSymbol></UnitOfMeasure></CSItem><CSItem><CSItemCode>S_0000026</CSItemCode><CSItemName>Voltage</CSItemName><CSItemRank>14</CSItemRank><CSItemIsFreeFormat>1</CSItemIsFreeFormat><CSValue><CSValueCode>VA4007111</CSValueCode><CSValueName>220 - 230</CSValueName><CSValueRank>1</CSValueRank></CSValue><UnitOfMeasure><UnitOfMeasureCode>3000071</UnitOfMeasureCode><UnitOfMeasureName>volt</UnitOfMeasureName><UnitOfMeasureSymbol>volt</UnitOfMeasureSymbol></UnitOfMeasure></CSItem><CSItem><CSItemCode>IT4038883</CSItemCode><CSItemName>Capaciteit mand</CSItemName><CSItemRank>16</CSItemRank><CSItemIsFreeFormat>1</CSItemIsFreeFormat><CSValue><CSValueCode>VA4090423</CSValueCode><CSValueName>1,2</CSValueName><CSValueRank>1</CSValueRank></CSValue><UnitOfMeasure><UnitOfMeasureCode>3000049</UnitOfMeasureCode><UnitOfMeasureName>kilogram</UnitOfMeasureName><UnitOfMeasureSymbol>kg</UnitOfMeasureSymbol></UnitOfMeasure></CSItem><CSItem><CSItemCode>S_0000027</CSItemCode><CSItemName>Frequentie</CSItemName><CSItemRank>17</CSItemRank><CSItemIsFreeFormat>1</CSItemIsFreeFormat><CSValue><CSValueCode>VA4007112</CSValueCode><CSValueName>50/60</CSValueName><CSValueRank>1</CSValueRank></CSValue><UnitOfMeasure><UnitOfMeasureCode>3000045</UnitOfMeasureCode><UnitOfMeasureName>hertz</UnitOfMeasureName><UnitOfMeasureSymbol>Hz</UnitOfMeasureSymbol></UnitOfMeasure></CSItem></CSChapter><CSChapter><CSChapterCode>CHA_0000004</CSChapterCode><CSChapterName>Gewicht en afmetingen</CSChapterName><CSChapterRank>5</CSChapterRank><CSItem><CSItemCode>IT4010199</CSItemCode><CSItemName>Afmetingen van product (l x b x h)</CSItemName><CSItemRank>7</CSItemRank><CSItemIsFreeFormat>1</CSItemIsFreeFormat><CSValue><CSValueCode>VA4023910</CSValueCode><CSValueName>315 x 302 x 423 mm</CSValueName><CSValueRank>1</CSValueRank></CSValue><UnitOfMeasure><UnitOfMeasureCode>3000058</UnitOfMeasureCode><UnitOfMeasureName>millimeter</UnitOfMeasureName><UnitOfMeasureSymbol>millimeter</UnitOfMeasureSymbol></UnitOfMeasure></CSItem><CSItem><CSItemCode>IT4010191</CSItemCode><CSItemName>Productgewicht</CSItemName><CSItemRank>11</CSItemRank><CSItemIsFreeFormat>1</CSItemIsFreeFormat><CSValue><CSValueCode>VA4023901</CSValueCode><CSValueName>7</CSValueName><CSValueRank>1</CSValueRank></CSValue><UnitOfMeasure><UnitOfMeasureCode>3000049</UnitOfMeasureCode><UnitOfMeasureName>kilogram</UnitOfMeasureName><UnitOfMeasureSymbol>kg</UnitOfMeasureSymbol></UnitOfMeasure></CSItem></CSChapter><CSChapter><CSChapterCode>CHA_0000013</CSChapterCode><CSChapterName>Afwerking</CSChapterName><CSChapterRank>7</CSChapterRank><CSItem><CSItemCode>IT4038930</CSItemCode><CSItemName>Materiaal hoofdunit</CSItemName><CSItemRank>6</CSItemRank><CSItemIsFreeFormat>1</CSItemIsFreeFormat><CSValue><CSValueCode>VA4090527</CSValueCode><CSValueName>Plastic</CSValueName><CSValueRank>1</CSValueRank></CSValue></CSItem></CSChapter><CSChapter><CSChapterCode>CHA_0000020</CSChapterCode><CSChapterName>Ontwerp en afwerking</CSChapterName><CSChapterRank>8</CSChapterRank><CSItem><CSItemCode>IT4002890</CSItemCode><CSItemName>Kleur(en)</CSItemName><CSItemRank>10</CSItemRank><CSItemIsFreeFormat>1</CSItemIsFreeFormat><CSValue><CSValueCode>VA4009814</CSValueCode><CSValueName>Kasjmiergrijs</CSValueName><CSValueRank>1</CSValueRank></CSValue></CSItem></CSChapter><Filters><Purpose type="Comparison"><Features><Feature code="F400037350_HD9241_40" rank="1" referenceName="Rapid Air technology (NEW)"/><Feature code="F400055268_HD9241_40" rank="2" referenceName="Unique product design (Airfryer)"/><Feature code="F400048402_HD9241_40" rank="3" referenceName="Versatile cooking (Airfryer)"/><Feature code="F400048396_HD9241_40" rank="4" referenceName="International recipe booklet (Airfryer)"/><Feature code="F400048399" rank="5" referenceName="1.2kg cooking capacity"/><Feature code="F400053925_HD9241_40" rank="6" referenceName="Digital touch screen (Airfryer)"/><Feature code="F400048401_HD9241_40" rank="7" referenceName="More power (Avance)"/><Feature code="F400055847_HD9241_40" rank="8" referenceName="Smart preset button (Airfryer)"/><Feature code="F400053929_HD9241_40" rank="9" referenceName="Dishwasher safe parts (Airfryer)"/></Features><CSItems><CSItem code="IT4005643" rank="2" referenceName="Duurzaamheid - Omhulsel"/><CSItem code="IT4010194" rank="3" referenceName="Service - 2 jaar wereldwijde garantie"/><CSItem code="S_0000109" rank="5" referenceName="Technische specificaties - Snoerlengte"/><CSItem code="IT4038930" rank="6" referenceName="Afwerking - Materiaal hoofdunit"/><CSItem code="IT4010199" rank="7" referenceName="Gewicht en afmetingen - Afmetingen van product (l x b x h)"/><CSItem code="IT4005644" rank="8" referenceName="Duurzaamheid - Gebruiksaanwijzing"/><CSItem code="IT4002890" rank="10" referenceName="Ontwerp en afwerking - Kleur(en)"/><CSItem code="IT4010191" rank="11" referenceName="Gewicht en afmetingen - Productgewicht"/><CSItem code="S_0000022" rank="12" referenceName="Technische specificaties - Vermogen"/><CSItem code="S_0000026" rank="14" referenceName="Technische specificaties - Voltage"/><CSItem code="IT4038883" rank="16" referenceName="Technische specificaties - Capaciteit mand"/><CSItem code="S_0000027" rank="17" referenceName="Technische specificaties - Frequentie"/><CSItem code="IT4038463" rank="18" referenceName="Algemene specificaties - Productkenmerken"/><CSItem code="IT4042222" rank="19" referenceName="Algemene specificaties - Tijd instellen"/></CSItems></Purpose><Purpose type="Detail"><Features><Feature code="F400037350_HD9241_40" rank="1" referenceName="Rapid Air technology (NEW)"/><Feature code="F400055268_HD9241_40" rank="2" referenceName="Unique product design (Airfryer)"/><Feature code="F400048402_HD9241_40" rank="3" referenceName="Versatile cooking (Airfryer)"/><Feature code="F400048396_HD9241_40" rank="4" referenceName="International recipe booklet (Airfryer)"/><Feature code="F400048399" rank="5" referenceName="1.2kg cooking capacity"/><Feature code="F400053925_HD9241_40" rank="6" referenceName="Digital touch screen (Airfryer)"/><Feature code="F400048401_HD9241_40" rank="7" referenceName="More power (Avance)"/><Feature code="F400055847_HD9241_40" rank="8" referenceName="Smart preset button (Airfryer)"/><Feature code="F400053929_HD9241_40" rank="9" referenceName="Dishwasher safe parts (Airfryer)"/></Features><CSItems><CSItem code="IT4005643" rank="2" referenceName="Duurzaamheid - Omhulsel"/><CSItem code="IT4010194" rank="3" referenceName="Service - 2 jaar wereldwijde garantie"/><CSItem code="S_0000109" rank="5" referenceName="Technische specificaties - Snoerlengte"/><CSItem code="IT4038930" rank="6" referenceName="Afwerking - Materiaal hoofdunit"/><CSItem code="IT4010199" rank="7" referenceName="Gewicht en afmetingen - Afmetingen van product (l x b x h)"/><CSItem code="IT4005644" rank="8" referenceName="Duurzaamheid - Gebruiksaanwijzing"/><CSItem code="IT4002890" rank="10" referenceName="Ontwerp en afwerking - Kleur(en)"/><CSItem code="IT4010191" rank="11" referenceName="Gewicht en afmetingen - Productgewicht"/><CSItem code="S_0000022" rank="12" referenceName="Technische specificaties - Vermogen"/><CSItem code="S_0000026" rank="14" referenceName="Technische specificaties - Voltage"/><CSItem code="IT4038883" rank="16" referenceName="Technische specificaties - Capaciteit mand"/><CSItem code="S_0000027" rank="17" referenceName="Technische specificaties - Frequentie"/><CSItem code="IT4038463" rank="18" referenceName="Algemene specificaties - Productkenmerken"/><CSItem code="IT4042222" rank="19" referenceName="Algemene specificaties - Tijd instellen"/></CSItems></Purpose></Filters><FeatureCompareGroups/><Disclaimers><Disclaimer code="DIS40003901" rank="1" referenceName="80% less fat airfryer"><DisclaimerText>Vergeleken met verse frites bereid in een conventionele Philips-frituurpan.</DisclaimerText><DisclaimElements/></Disclaimer></Disclaimers><ProductReference ProductReferenceType="Accessory"><CTN>HD9905/00</CTN><ProductReferenceRank>0</ProductReferenceRank></ProductReference><ProductReference ProductReferenceType="Accessory"><CTN>HD9909/00</CTN><ProductReferenceRank>0</ProductReferenceRank></ProductReference><ProductReference ProductReferenceType="Accessory"><CTN>HD9911/90</CTN><ProductReferenceRank>0</ProductReferenceRank></ProductReference><ProductReference ProductReferenceType="Accessory"><CTN>HD9912/90</CTN><ProductReferenceRank>0</ProductReferenceRank></ProductReference><ProductReference ProductReferenceType="Accessory"><CTN>HD9932/00</CTN><ProductReferenceRank>0</ProductReferenceRank></ProductReference><RichTexts/></Product></Products>