<?xml version="1.0" encoding="UTF-8"?><Products xmlns:source="http://apache.org/cocoon/source/1.0" DocStatus="approved" DocTimeStamp="2018-10-24T13:06:32"><Product Country="NL" IsAccessory="false" IsMaster="false" Locale="nl_NL" lastModified="2018-10-24T05:16:14" masterLastModified="2018-06-09T00:55:22"><CTN>S5620/12</CTN><GTIN>08710103738190</GTIN><MarketingVersion>5.3.1</MarketingVersion><MarketingStatus>Final Published</MarketingStatus><CRDate>2015-05-29</CRDate><CRDateYW>201522</CRDateYW><ModelYears><ModelYear>2015</ModelYear></ModelYears><ProductDivision><ProductDivisionCode>0200</ProductDivisionCode><ProductDivisionName>Consumer Lifestyle</ProductDivisionName><FormerPDCode>0300</FormerPDCode></ProductDivision><ProductOwner>Manish Kumar Singh</ProductOwner><DTN>S5620/12</DTN><Catalog><StartOfPublication>2015-08-18T00:00:00</StartOfPublication><EndOfPublication>2025-09-01T00:00:00</EndOfPublication><StartOfSales>2015-08-18T00:00:00</StartOfSales><EndOfSales>2025-09-01T00:00:00</EndOfSales><DummyPrice>119.99</DummyPrice><Deleted>false</Deleted><DeleteAfterDate/><ProductRank>99</ProductRank></Catalog><FinancialCategorization><BusinessGroupCode>9044</BusinessGroupCode><BusinessGroupName>Personal Care</BusinessGroupName><BusinessUnitCode>0321</BusinessUnitCode><BusinessUnitName>Male Grooming</BusinessUnitName><MainArticleGroupCode>E01</MainArticleGroupCode><MainArticleGroupName>Shaving 3 Heads</MainArticleGroupName><ArticleGroupCode>7456</ArticleGroupCode><ArticleGroupName>Shaver S5000</ArticleGroupName></FinancialCategorization><Categorization type="CONSUMER"><GroupCode>PERSONAL_CARE_GR</GroupCode><GroupName>Personal care</GroupName><CategoryCode>MENS_SHAVING_CA</CategoryCode><CategoryName>FACE Shavers</CategoryName><SubcategoryCode>AQUATOUCH_SHAVERS_SU</SubcategoryCode><SubcategoryName>AquaTouch Shavers</SubcategoryName></Categorization><Assets><Asset code="S5620_12" description="User manual" extension="pdf" lastModified="2015-09-10" locale="nl_NL" number="001" type="DFU">http://download.p4c.philips.com/files/s/s5620_12/s5620_12_dfu_nld.pdf</Asset><Asset code="S5620_12" description="Leaflet" extension="pdf" lastModified="2018-07-16" locale="nl_NL" number="001" type="PSS">http://download.p4c.philips.com/files/s/s5620_12/s5620_12_pss_nldnl.pdf</Asset><Asset code="S5620_12" description="Retail Trade Leaflet" extension="pdf" lastModified="2018-07-15" locale="nl_NL" number="001" type="RTL">http://download.p4c.philips.com/files/s/s5620_12/s5620_12_rtl_nldnl.pdf</Asset><Asset code="S5620_12" description="Packaging photograph - highres 1447x756" extension="tif" lastModified="2015-06-24" locale="global" number="001" type="PID">http://images.philips.com/is/image/PhilipsConsumer/S5620_12-PID-global-001</Asset><Asset code="S5620_12" description="Leaflet" extension="pdf" lastModified="2018-06-09" locale="global" number="001" type="PSS">http://download.p4c.philips.com/files/s/s5620_12/s5620_12_pss_.pdf</Asset><Asset code="S5620_12" description="Standard product photograph - highres 2196x1795" extension="tif" lastModified="2015-07-02" locale="global" number="001" type="RTP">http://images.philips.com/is/image/PhilipsConsumer/S5620_12-RTP-global-001</Asset><Asset code="S5620_12" description="Single product shot" extension="" lastModified="2018-10-24" locale="nl_NL" number="" type="IMS">http://images.philips.com/is/image/PhilipsConsumer/S5620_12-IMS-nl_NL</Asset><Asset code="S5620_12" description="Product gallery image set" extension="" lastModified="2018-10-24" locale="nl_NL" number="" type="GAL">http://images.philips.com/is/image/PhilipsConsumer/S5620_12-GAL-nl_NL</Asset><Asset code="S5620_12" description="Product URL" extension="" lastModified="2018-10-24" locale="nl_NL" number="" type="URL">http://www.philips.nl/c-p/S5620_12/aquatouch-elektrisch-scheerapparaat-voor-nat-en-droog-scheren-met-turbo-modus-en-aquatec-wet-dry</Asset><Asset code="GA_GREEN" description="needs to be blocked as code in CCR Global award logo - master" extension="eps" lastModified="2010-09-22" locale="global" number="001" type="GAL">GA_GREEN-GAL-global-001.eps</Asset><Asset code="GA_GREEN" description="Global award logo - highres 590x590" extension="tif" lastModified="2010-09-22" locale="global" number="001" type="GAP">http://images.philips.com/is/image/PhilipsConsumer/GA_GREEN-GAP-global-001</Asset></Assets><ProductName>Elektrisch scheerapparaat voor nat en droog scheren</ProductName><FullProductName>Philips AquaTouch Elektrisch scheerapparaat voor nat en droog scheren S5620/12 MultiPrecision-systeem 50 min. draadloos gebruik/1 uur opladen, SmartClick-precisietrimmer met Turbo-modus en Aquatec Wet &amp; Dry</FullProductName><NamingString><MasterBrand><BrandCode>PHI</BrandCode><BrandName>Philips</BrandName></MasterBrand><BrandString>Philips</BrandString><Family><FamilyCode>SB40003504</FamilyCode><FamilyName>AquaTouch</FamilyName><FamilyNameUsed>1</FamilyNameUsed></Family><Descriptor><DescriptorCode>D4013822</DescriptorCode><DescriptorName>Elektrisch scheerapparaat voor nat en droog scheren</DescriptorName></Descriptor><Alphanumeric>S5620/12</Alphanumeric><VersionElement1><VersionElementCode>V4039234</VersionElementCode><VersionElementName>MultiPrecision-messysteem</VersionElementName></VersionElement1><VersionElement2><VersionElementCode>V4030742</VersionElementCode><VersionElementName>50 min. draadloos gebruik/1 uur opladen</VersionElementName></VersionElement2><VersionElement3><VersionElementCode>V4032126</VersionElementCode><VersionElementName>SmartClick-precisietrimmer</VersionElementName></VersionElement3><VersionString>MultiPrecision-systeem 50 min. draadloos gebruik/1 uur opladen, SmartClick-precisietrimmer</VersionString><BrandedFeatureCode1>F400072078</BrandedFeatureCode1><BrandedFeatureCode2>F400072238</BrandedFeatureCode2><BrandedFeatureString>met Turbo-modus en Aquatec Wet &amp; Dry</BrandedFeatureString><DescriptorBrandedFeatureString>Elektrisch scheerapparaat voor nat en droog scheren met Turbo-modus en Aquatec Wet &amp; Dry</DescriptorBrandedFeatureString></NamingString><WOW>Nat en droog, beschermende scheerbeurt</WOW><SubWOW>Beschermt 10x beter dan een standaardmesje</SubWOW><MarketingTextHeader>Het AquaTouch-scheerapparaat beschermt uw huid terwijl u geniet van een verfrissende scheerbeurt. Ons MultiPrecision-systeem met afgeronde scheerhoofden glijdt soepel over uw huid en is ontworpen om die te beschermen.</MarketingTextHeader><KeyBenefitArea><KeyBenefitAreaCode>K4012411</KeyBenefitAreaCode><KeyBenefitAreaName>Comfortabel en glad scheren</KeyBenefitAreaName><KeyBenefitAreaRank>1</KeyBenefitAreaRank></KeyBenefitArea><KeyBenefitArea><KeyBenefitAreaCode>K4026734</KeyBenefitAreaCode><KeyBenefitAreaName>Een comfortabele scheerbeurt</KeyBenefitAreaName><KeyBenefitAreaRank>2</KeyBenefitAreaRank></KeyBenefitArea><KeyBenefitArea><KeyBenefitAreaCode>K300000216</KeyBenefitAreaCode><KeyBenefitAreaName>Gebruiksvriendelijk</KeyBenefitAreaName><KeyBenefitAreaRank>3</KeyBenefitAreaRank></KeyBenefitArea><KeyBenefitArea><KeyBenefitAreaCode>K4028096</KeyBenefitAreaCode><KeyBenefitAreaName>Haal het maximale uit uw scheerapparaat</KeyBenefitAreaName><KeyBenefitAreaRank>4</KeyBenefitAreaRank></KeyBenefitArea><CSChapter><CSChapterCode>CH4001523</CSChapterCode><CSChapterName>Scheerresultaten</CSChapterName><CSChapterRank>1</CSChapterRank><CSItem><CSItemCode>IT4007977</CSItemCode><CSItemName>Volgt de contouren</CSItemName><CSItemRank>1</CSItemRank><CSItemIsFreeFormat>0</CSItemIsFreeFormat><CSValue><CSValueCode>VA4096954</CSValueCode><CSValueName>Flex-scheerhoofden, 5 draairichtingen</CSValueName><CSValueRank>1</CSValueRank></CSValue></CSItem><CSItem><CSItemCode>IT4041806</CSItemCode><CSItemName>Turbo-modus</CSItemName><CSItemRank>1</CSItemRank><CSItemIsFreeFormat>0</CSItemIsFreeFormat><CSValue><CSValueCode>VA4096959</CSValueCode><CSValueName>Scheer met 10% extra vermogen</CSValueName><CSValueRank>1</CSValueRank></CSValue></CSItem><CSItem><CSItemCode>IT4007976</CSItemCode><CSItemName>Scheersysteem</CSItemName><CSItemRank>2</CSItemRank><CSItemIsFreeFormat>0</CSItemIsFreeFormat><CSValue><CSValueCode>VA4087521</CSValueCode><CSValueName>MultiPrecision-messysteem</CSValueName><CSValueRank>1</CSValueRank></CSValue><CSValue><CSValueCode>VA4076303</CSValueCode><CSValueName>Super Lift &amp; Cut-systeem</CSValueName><CSValueRank>4</CSValueRank></CSValue></CSItem><CSItem><CSItemCode>IT4007978</CSItemCode><CSItemName>Huidcomfort</CSItemName><CSItemRank>9</CSItemRank><CSItemIsFreeFormat>0</CSItemIsFreeFormat><CSValue><CSValueCode>VA4081202</CSValueCode><CSValueName>AquaTec Wet &amp; Dry</CSValueName><CSValueRank>1</CSValueRank></CSValue><CSValue><CSValueCode>VA4033823</CSValueCode><CSValueName>Huidbeschermend systeem</CSValueName><CSValueRank>2</CSValueRank></CSValue></CSItem></CSChapter><CSChapter><CSChapterCode>3000815</CSChapterCode><CSChapterName>Accessoires</CSChapterName><CSChapterRank>2</CSChapterRank><CSItem><CSItemCode>IT4032633</CSItemCode><CSItemName>SmartClick</CSItemName><CSItemRank>10</CSItemRank><CSItemIsFreeFormat>0</CSItemIsFreeFormat><CSValue><CSValueCode>VA4076320</CSValueCode><CSValueName>Precisietrimmer</CSValueName><CSValueRank>1</CSValueRank></CSValue></CSItem><CSItem><CSItemCode>IT4007991</CSItemCode><CSItemName>Etui</CSItemName><CSItemRank>22</CSItemRank><CSItemIsFreeFormat>0</CSItemIsFreeFormat><CSValue><CSValueCode>VA4046862</CSValueCode><CSValueName>Reisetui</CSValueName><CSValueRank>1</CSValueRank></CSValue></CSItem></CSChapter><CSChapter><CSChapterCode>CH4001524</CSChapterCode><CSChapterName>Gebruiksgemak</CSChapterName><CSChapterRank>3</CSChapterRank><CSItem><CSItemCode>IT4007980</CSItemCode><CSItemName>Display</CSItemName><CSItemRank>6</CSItemRank><CSItemIsFreeFormat>0</CSItemIsFreeFormat><CSValue><CSValueCode>VA4021350</CSValueCode><CSValueName>Batterij-indicator met 3 niveaus</CSValueName><CSValueRank>1</CSValueRank></CSValue><CSValue><CSValueCode>VA4019961</CSValueCode><CSValueName>Batterij bijna leeg-indicator</CSValueName><CSValueRank>2</CSValueRank></CSValue><CSValue><CSValueCode>VA4020566</CSValueCode><CSValueName>Oplaadindicator</CSValueName><CSValueRank>3</CSValueRank></CSValue><CSValue><CSValueCode>VA4022648</CSValueCode><CSValueName>Reinigingsindicator</CSValueName><CSValueRank>4</CSValueRank></CSValue><CSValue><CSValueCode>VA4019963</CSValueCode><CSValueName>Indicatie voor scheerhoofden vervangen</CSValueName><CSValueRank>5</CSValueRank></CSValue><CSValue><CSValueCode>VA4076314</CSValueCode><CSValueName>Reisvergrendelingsindicator</CSValueName><CSValueRank>6</CSValueRank></CSValue></CSItem><CSItem><CSItemCode>IT4007985</CSItemCode><CSItemName>Schoonmaken</CSItemName><CSItemRank>12</CSItemRank><CSItemIsFreeFormat>0</CSItemIsFreeFormat><CSValue><CSValueCode>VA4063376</CSValueCode><CSValueName>Volledig afspoelbaar</CSValueName><CSValueRank>1</CSValueRank></CSValue></CSItem><CSItem><CSItemCode>IT4027494</CSItemCode><CSItemName>Bediening</CSItemName><CSItemRank>15</CSItemRank><CSItemIsFreeFormat>0</CSItemIsFreeFormat><CSValue><CSValueCode>VA4090065</CSValueCode><CSValueName>Koppel los voor gebruik</CSValueName><CSValueRank>1</CSValueRank></CSValue></CSItem></CSChapter><CSChapter><CSChapterCode>3001096</CSChapterCode><CSChapterName>Ontwerp</CSChapterName><CSChapterRank>4</CSChapterRank><CSItem><CSItemCode>IT4008709</CSItemCode><CSItemName>Handvat</CSItemName><CSItemRank>3</CSItemRank><CSItemIsFreeFormat>0</CSItemIsFreeFormat><CSValue><CSValueCode>VA4076321</CSValueCode><CSValueName>Ergonomische grip</CSValueName><CSValueRank>1</CSValueRank></CSValue></CSItem><CSItem><CSItemCode>S_0000001</CSItemCode><CSItemName>Kleur</CSItemName><CSItemRank>13</CSItemRank><CSItemIsFreeFormat>1</CSItemIsFreeFormat><CSValue><CSValueCode>VA4007102</CSValueCode><CSValueName>Aquaramijnblauw - Houtskoolgrijs</CSValueName><CSValueRank>1</CSValueRank></CSValue></CSItem></CSChapter><CSChapter><CSChapterCode>3000821</CSChapterCode><CSChapterName>Vermogen</CSChapterName><CSChapterRank>5</CSChapterRank><CSItem><CSItemCode>IT4015297</CSItemCode><CSItemName>Automatisch voltage</CSItemName><CSItemRank>1</CSItemRank><CSItemIsFreeFormat>0</CSItemIsFreeFormat><CSValue><CSValueCode>VA4030670</CSValueCode><CSValueName>100 - 240 V</CSValueName><CSValueRank>1</CSValueRank></CSValue></CSItem><CSItem><CSItemCode>3006920</CSItemCode><CSItemName>Batterijtype</CSItemName><CSItemRank>7</CSItemRank><CSItemIsFreeFormat>0</CSItemIsFreeFormat><CSValue><CSValueCode>3033275</CSValueCode><CSValueName>Lithium-ion</CSValueName><CSValueRank>1</CSValueRank></CSValue></CSItem><CSItem><CSItemCode>IT4015298</CSItemCode><CSItemName>Gebruikstijd</CSItemName><CSItemRank>17</CSItemRank><CSItemIsFreeFormat>0</CSItemIsFreeFormat><CSValue><CSValueCode>VA4077101</CSValueCode><CSValueName>50 min. / 17 scheerbeurten</CSValueName><CSValueRank>1</CSValueRank></CSValue></CSItem><CSItem><CSItemCode>IT4032891</CSItemCode><CSItemName>Opladen</CSItemName><CSItemRank>19</CSItemRank><CSItemIsFreeFormat>0</CSItemIsFreeFormat><CSValue><CSValueCode>VA4077304</CSValueCode><CSValueName>Volledig opladen in 1 uur</CSValueName><CSValueRank>1</CSValueRank></CSValue><CSValue><CSValueCode>VA4085067</CSValueCode><CSValueName>Snelle oplaadtijd van 5 min. voor 1 keer scheren</CSValueName><CSValueRank>2</CSValueRank></CSValue><CSValue><CSValueCode>VA4076701</CSValueCode><CSValueName>Oplaadbaar</CSValueName><CSValueRank>3</CSValueRank></CSValue></CSItem><CSItem><CSItemCode>IT4009440</CSItemCode><CSItemName>Maximaal energieverbruik</CSItemName><CSItemRank>21</CSItemRank><CSItemIsFreeFormat>0</CSItemIsFreeFormat><CSValue><CSValueCode>VA4076318</CSValueCode><CSValueName>9</CSValueName><CSValueRank>1</CSValueRank></CSValue><UnitOfMeasure><UnitOfMeasureCode>3000072</UnitOfMeasureCode><UnitOfMeasureName>watt</UnitOfMeasureName><UnitOfMeasureSymbol>W</UnitOfMeasureSymbol></UnitOfMeasure></CSItem><CSItem><CSItemCode>IT4009439</CSItemCode><CSItemName>Energieverbruik in stand-by</CSItemName><CSItemRank>24</CSItemRank><CSItemIsFreeFormat>0</CSItemIsFreeFormat><CSValue><CSValueCode>VA4076317</CSValueCode><CSValueName>0,1</CSValueName><CSValueRank>1</CSValueRank></CSValue><UnitOfMeasure><UnitOfMeasureCode>3000072</UnitOfMeasureCode><UnitOfMeasureName>watt</UnitOfMeasureName><UnitOfMeasureSymbol>W</UnitOfMeasureSymbol></UnitOfMeasure></CSItem></CSChapter><CSChapter><CSChapterCode>CHA_0000049</CSChapterCode><CSChapterName>Service</CSChapterName><CSChapterRank>6</CSChapterRank><CSItem><CSItemCode>IT4002813</CSItemCode><CSItemName>2 jaar garantie</CSItemName><CSItemRank>8</CSItemRank><CSItemIsFreeFormat>0</CSItemIsFreeFormat><CSValue><CSValueCode>VA4011021</CSValueCode><CSValueName>Ja</CSValueName><CSValueRank>1</CSValueRank></CSValue></CSItem><CSItem><CSItemCode>IT4015371</CSItemCode><CSItemName>Vervangend scheerhoofd</CSItemName><CSItemRank>14</CSItemRank><CSItemIsFreeFormat>0</CSItemIsFreeFormat><CSValue><CSValueCode>VA4087526</CSValueCode><CSValueName>Elke 2 jaar vervangen met SH50</CSValueName><CSValueRank>1</CSValueRank></CSValue></CSItem></CSChapter><Filters><Purpose type="Comparison"><Features><Feature code="F400072208_S5620_12" rank="1" referenceName="Skin Protection System (S6000 S5000 MultiPrecision)"/><Feature code="F400072238_S5620_12" rank="2" referenceName="Aquatec Wet &amp; Dry (S6000 S5000)"/><Feature code="F400072078" rank="3" referenceName="Turbo mode (S5000)"/><Feature code="F400072077_S5620_12" rank="4" referenceName="MultiPrecision Blade System (S6000 S5000)"/><Feature code="F400072079_S5620_12" rank="5" referenceName="5-direction Flex Heads (S5000)"/><Feature code="F400072085" rank="6" referenceName="SmartClick precision trimmer (S5000)"/><Feature code="F400072254_S5620_12" rank="7" referenceName="50 minutes of cordless shaving (S5000 W&amp;D)"/><Feature code="F400072209_S5620_12" rank="8" referenceName="1-hour charging time (S5000 Li-ion)"/><Feature code="F400072086" rank="9" referenceName="Super Lift &amp; Cut Action (S5000)"/><Feature code="F400072082_S5620_12" rank="10" referenceName="LED display (S5000 3 level)"/><Feature code="F400038722" rank="11" referenceName="Built to last (shaver)"/></Features><CSItems><CSItem code="IT4007977" rank="1" referenceName="Scheerresultaten - Volgt de contouren"/><CSItem code="IT4041806" rank="1" referenceName="Scheerresultaten - Turbo-modus"/><CSItem code="IT4015297" rank="1" referenceName="Vermogen - Automatisch voltage"/><CSItem code="IT4007976" rank="2" referenceName="Scheerresultaten - Scheersysteem"/><CSItem code="IT4008709" rank="3" referenceName="Ontwerp - Handvat"/><CSItem code="IT4007980" rank="6" referenceName="Gebruiksgemak - Display"/><CSItem code="3006920" rank="7" referenceName="Vermogen - Batterijtype"/><CSItem code="IT4002813" rank="8" referenceName="Service - 2 jaar garantie"/><CSItem code="IT4007978" rank="9" referenceName="Scheerresultaten - Huidcomfort"/><CSItem code="IT4032633" rank="10" referenceName="Accessoires - SmartClick"/><CSItem code="IT4007985" rank="12" referenceName="Gebruiksgemak - Schoonmaken"/><CSItem code="S_0000001" rank="13" referenceName="Ontwerp - Kleur"/><CSItem code="IT4015371" rank="14" referenceName="Service - Vervangend scheerhoofd"/><CSItem code="IT4027494" rank="15" referenceName="Gebruiksgemak - Bediening"/><CSItem code="IT4015298" rank="17" referenceName="Vermogen - Gebruikstijd"/><CSItem code="IT4032891" rank="19" referenceName="Vermogen - Opladen"/><CSItem code="IT4009440" rank="21" referenceName="Vermogen - Maximaal energieverbruik"/><CSItem code="IT4007991" rank="22" referenceName="Accessoires - Etui"/><CSItem code="IT4009439" rank="24" referenceName="Vermogen - Energieverbruik in stand-by"/></CSItems></Purpose><Purpose type="Detail"><Features><Feature code="F400072208_S5620_12" rank="1" referenceName="Skin Protection System (S6000 S5000 MultiPrecision)"/><Feature code="F400072238_S5620_12" rank="2" referenceName="Aquatec Wet &amp; Dry (S6000 S5000)"/><Feature code="F400072078" rank="3" referenceName="Turbo mode (S5000)"/><Feature code="F400072077_S5620_12" rank="4" referenceName="MultiPrecision Blade System (S6000 S5000)"/><Feature code="F400072079_S5620_12" rank="5" referenceName="5-direction Flex Heads (S5000)"/><Feature code="F400072085" rank="6" referenceName="SmartClick precision trimmer (S5000)"/><Feature code="F400072254_S5620_12" rank="7" referenceName="50 minutes of cordless shaving (S5000 W&amp;D)"/><Feature code="F400072209_S5620_12" rank="8" referenceName="1-hour charging time (S5000 Li-ion)"/><Feature code="F400072086" rank="9" referenceName="Super Lift &amp; Cut Action (S5000)"/><Feature code="F400072082_S5620_12" rank="10" referenceName="LED display (S5000 3 level)"/><Feature code="F400038722" rank="11" referenceName="Built to last (shaver)"/></Features><CSItems><CSItem code="IT4007977" rank="1" referenceName="Scheerresultaten - Volgt de contouren"/><CSItem code="IT4041806" rank="1" referenceName="Scheerresultaten - Turbo-modus"/><CSItem code="IT4015297" rank="1" referenceName="Vermogen - Automatisch voltage"/><CSItem code="IT4007976" rank="2" referenceName="Scheerresultaten - Scheersysteem"/><CSItem code="IT4008709" rank="3" referenceName="Ontwerp - Handvat"/><CSItem code="IT4007980" rank="6" referenceName="Gebruiksgemak - Display"/><CSItem code="3006920" rank="7" referenceName="Vermogen - Batterijtype"/><CSItem code="IT4002813" rank="8" referenceName="Service - 2 jaar garantie"/><CSItem code="IT4007978" rank="9" referenceName="Scheerresultaten - Huidcomfort"/><CSItem code="IT4032633" rank="10" referenceName="Accessoires - SmartClick"/><CSItem code="IT4007985" rank="12" referenceName="Gebruiksgemak - Schoonmaken"/><CSItem code="S_0000001" rank="13" referenceName="Ontwerp - Kleur"/><CSItem code="IT4015371" rank="14" referenceName="Service - Vervangend scheerhoofd"/><CSItem code="IT4027494" rank="15" referenceName="Gebruiksgemak - Bediening"/><CSItem code="IT4015298" rank="17" referenceName="Vermogen - Gebruikstijd"/><CSItem code="IT4032891" rank="19" referenceName="Vermogen - Opladen"/><CSItem code="IT4009440" rank="21" referenceName="Vermogen - Maximaal energieverbruik"/><CSItem code="IT4007991" rank="22" referenceName="Accessoires - Etui"/><CSItem code="IT4009439" rank="24" referenceName="Vermogen - Energieverbruik in stand-by"/></CSItems></Purpose></Filters><FeatureCompareGroups/><Disclaimers><Disclaimer code="DIS40009033" rank="1" referenceName="Protects 10X better versus a regular blade (Better S5000 AT)"><DisclaimerText>Beschermt 10x beter dan een standaardmesje - test uitgevoerd in Duitsland 2015, na 21 dagen acclimatisering</DisclaimerText><DisclaimElements/></Disclaimer></Disclaimers><AccessoryByPacked><AccessoryByPackedCode>AB40004543</AccessoryByPackedCode><AccessoryByPackedReference>SmartClick precision trimmer Black</AccessoryByPackedReference><AccessoryByPackedName>SmartClick-precisietrimmer</AccessoryByPackedName><AccessoryByPackedRank>1</AccessoryByPackedRank></AccessoryByPacked><Award AwardType="global"><AwardCode>GA_GREEN</AwardCode><AwardName>Philips Green-logo</AwardName><AwardDescription>Met groene producten van Philips kunnen kosten, energieverbruik en CO2-uitstoot worden verminderd. Hoe? Deze producten bieden aanzienlijk betere milieuprestaties in een of meer van de Green Focal Areas van Philips: Energieverbruik, Verpakking, Schadelijke stoffen, Gewicht, Recycling en Levensduur.</AwardDescription><AwardText>Philips Green-logo</AwardText><AwardRank>3</AwardRank></Award><ProductReference ProductReferenceType="Accessory"><CTN>CP0198/01</CTN><ProductReferenceRank>0</ProductReferenceRank></ProductReference><ProductReference ProductReferenceType="Accessory"><CTN>CP0253/01</CTN><ProductReferenceRank>0</ProductReferenceRank></ProductReference><ProductReference ProductReferenceType="Accessory"><CTN>CP0324/01</CTN><ProductReferenceRank>0</ProductReferenceRank></ProductReference><ProductReference ProductReferenceType="Accessory"><CTN>CP0481/01</CTN><ProductReferenceRank>0</ProductReferenceRank></ProductReference><ProductReference ProductReferenceType="Accessory"><CTN>CRP136/01</CTN><ProductReferenceRank>0</ProductReferenceRank></ProductReference><ProductReference ProductReferenceType="Accessory"><CTN>HQ110/01</CTN><ProductReferenceRank>0</ProductReferenceRank></ProductReference><ProductReference ProductReferenceType="Accessory"><CTN>HQ110/02</CTN><ProductReferenceRank>0</ProductReferenceRank></ProductReference><ProductReference ProductReferenceType="Accessory"><CTN>HQ110/42</CTN><ProductReferenceRank>0</ProductReferenceRank></ProductReference><ProductReference ProductReferenceType="Accessory"><CTN>RQ111/50</CTN><ProductReferenceRank>0</ProductReferenceRank></ProductReference><ProductReference ProductReferenceType="Accessory"><CTN>RQ111/51</CTN><ProductReferenceRank>0</ProductReferenceRank></ProductReference><ProductReference ProductReferenceType="Accessory"><CTN>RQ111/52</CTN><ProductReferenceRank>0</ProductReferenceRank></ProductReference><ProductReference ProductReferenceType="Accessory"><CTN>RQ111/53</CTN><ProductReferenceRank>0</ProductReferenceRank></ProductReference><ProductReference ProductReferenceType="Accessory"><CTN>RQ585/50</CTN><ProductReferenceRank>0</ProductReferenceRank></ProductReference><ProductReference ProductReferenceType="Accessory"><CTN>RQ585/51</CTN><ProductReferenceRank>0</ProductReferenceRank></ProductReference><ProductReference ProductReferenceType="Accessory"><CTN>RQ585/52</CTN><ProductReferenceRank>0</ProductReferenceRank></ProductReference><ProductReference ProductReferenceType="Accessory"><CTN>SC51/50</CTN><ProductReferenceRank>0</ProductReferenceRank></ProductReference><ProductReference ProductReferenceType="Accessory"><CTN>SC51/51</CTN><ProductReferenceRank>0</ProductReferenceRank></ProductReference><ProductReference ProductReferenceType="Accessory"><CTN>SH50/50</CTN><ProductReferenceRank>0</ProductReferenceRank></ProductReference><ProductReference ProductReferenceType="Accessory"><CTN>SH50/51</CTN><ProductReferenceRank>0</ProductReferenceRank></ProductReference><ProductReference ProductReferenceType="Accessory"><CTN>SH50/52</CTN><ProductReferenceRank>0</ProductReferenceRank></ProductReference><ProductReference ProductReferenceType="Accessory"><CTN>SH50/53</CTN><ProductReferenceRank>0</ProductReferenceRank></ProductReference><ProductReference ProductReferenceType="Accessory"><CTN>SH575/50</CTN><ProductReferenceRank>0</ProductReferenceRank></ProductReference><RichTexts/></Product></Products>