<?xml version="1.0" encoding="UTF-8"?><Products xmlns:source="http://apache.org/cocoon/source/1.0" DocStatus="approved" DocTimeStamp="2018-10-24T13:06:32"><Product Country="NL" IsAccessory="false" IsMaster="false" Locale="nl_NL" lastModified="2018-10-24T05:16:14" masterLastModified="2018-10-14T00:29:30"><CTN>S3110/06</CTN><GTIN>08710103765813</GTIN><MarketingVersion>6.1.1</MarketingVersion><MarketingStatus>Final Published</MarketingStatus><CRDate>2015-12-18</CRDate><CRDateYW>201551</CRDateYW><ModelYears><ModelYear>2015</ModelYear></ModelYears><ProductDivision><ProductDivisionCode>0200</ProductDivisionCode><ProductDivisionName>Consumer Lifestyle</ProductDivisionName><FormerPDCode>0300</FormerPDCode></ProductDivision><ProductOwner>Aymen Mnif</ProductOwner><DTN>S3110/06</DTN><Catalog><StartOfPublication>2016-02-16T00:00:00</StartOfPublication><EndOfPublication>2026-03-01T00:00:00</EndOfPublication><StartOfSales>2016-02-16T00:00:00</StartOfSales><EndOfSales>2026-03-01T00:00:00</EndOfSales><DummyPrice>64.99</DummyPrice><Deleted>false</Deleted><DeleteAfterDate/><ProductRank>99</ProductRank></Catalog><FinancialCategorization><BusinessGroupCode>9044</BusinessGroupCode><BusinessGroupName>Personal Care</BusinessGroupName><BusinessUnitCode>0321</BusinessUnitCode><BusinessUnitName>Male Grooming</BusinessUnitName><MainArticleGroupCode>E01</MainArticleGroupCode><MainArticleGroupName>Shaving 3 Heads</MainArticleGroupName><ArticleGroupCode>8189</ArticleGroupCode><ArticleGroupName>Shaver S3000</ArticleGroupName></FinancialCategorization><Categorization type="CONSUMER"><GroupCode>PERSONAL_CARE_GR</GroupCode><GroupName>Personal care</GroupName><CategoryCode>MENS_SHAVING_CA</CategoryCode><CategoryName>FACE Shavers</CategoryName><SubcategoryCode>SERIES_SHAVERS_SU</SubcategoryCode><SubcategoryName>Series shavers</SubcategoryName></Categorization><Assets><Asset code="S3110_06" description="User manual" extension="pdf" lastModified="2018-01-29" locale="nl_NL" number="001" type="DFU">http://download.p4c.philips.com/files/s/s3110_06/s3110_06_dfu_nld.pdf</Asset><Asset code="S3110_06" description="Leaflet" extension="pdf" lastModified="2018-10-15" locale="nl_NL" number="001" type="PSS">http://download.p4c.philips.com/files/s/s3110_06/s3110_06_pss_nldnl.pdf</Asset><Asset code="S3110_06" description="Retail Trade Leaflet" extension="pdf" lastModified="2018-10-22" locale="nl_NL" number="001" type="RTL">http://download.p4c.philips.com/files/s/s3110_06/s3110_06_rtl_nldnl.pdf</Asset><Asset code="S3110_06" description="Packaging photograph - highres 1447x756" extension="tif" lastModified="2015-12-14" locale="global" number="001" type="PID">http://images.philips.com/is/image/PhilipsConsumer/S3110_06-PID-global-001</Asset><Asset code="S3110_06" description="Leaflet" extension="pdf" lastModified="2018-10-15" locale="global" number="001" type="PSS">http://download.p4c.philips.com/files/s/s3110_06/s3110_06_pss_.pdf</Asset><Asset code="S3110_06" description="Standard product photograph - highres 2196x1795" extension="tif" lastModified="2016-02-25" locale="global" number="001" type="RTP">http://images.philips.com/is/image/PhilipsConsumer/S3110_06-RTP-global-001</Asset><Asset code="S3110_06" description="Single product shot" extension="" lastModified="2018-10-24" locale="nl_NL" number="" type="IMS">http://images.philips.com/is/image/PhilipsConsumer/S3110_06-IMS-nl_NL</Asset><Asset code="S3110_06" description="Product gallery image set" extension="" lastModified="2018-10-24" locale="nl_NL" number="" type="GAL">http://images.philips.com/is/image/PhilipsConsumer/S3110_06-GAL-nl_NL</Asset><Asset code="S3110_06" description="Product URL" extension="" lastModified="2018-10-24" locale="nl_NL" number="" type="URL">http://www.philips.nl/c-p/S3110_06/shaver-series-3000-elektrisch-apparaat-voor-droog-scheren</Asset><Asset code="GA_GREEN" description="needs to be blocked as code in CCR Global award logo - master" extension="eps" lastModified="2010-09-22" locale="global" number="001" type="GAL">GA_GREEN-GAL-global-001.eps</Asset><Asset code="GA_GREEN" description="Global award logo - highres 590x590" extension="tif" lastModified="2010-09-22" locale="global" number="001" type="GAP">http://images.philips.com/is/image/PhilipsConsumer/GA_GREEN-GAP-global-001</Asset></Assets><ProductName>Elektrisch scheerapparaat voor droog scheren, ComfortCut-systeem</ProductName><FullProductName>Philips Shaver series 3000 Elektrisch apparaat voor droog scheren S3110/06 Flexibele scheerhoofden met ComfortCut-messysteem en 4 draairichtingen</FullProductName><NamingString><MasterBrand><BrandCode>PHI</BrandCode><BrandName>Philips</BrandName></MasterBrand><BrandString>Philips</BrandString><Family><FamilyCode>SB40004140</FamilyCode><FamilyName>Shaver series 3000</FamilyName><FamilyNameUsed>1</FamilyNameUsed></Family><Descriptor><DescriptorCode>D4014045</DescriptorCode><DescriptorName>Elektrisch apparaat voor droog scheren</DescriptorName></Descriptor><Alphanumeric>S3110/06</Alphanumeric><VersionElement1><VersionElementCode>V4026424</VersionElementCode><VersionElementName>ComfortCut-messysteem</VersionElementName></VersionElement1><VersionElement2><VersionElementCode>V4040318</VersionElementCode><VersionElementName>Flex-scheerhoofden, 4 draairichtingen</VersionElementName></VersionElement2><VersionString>Flexibele scheerhoofden met ComfortCut-messysteem en 4 draairichtingen</VersionString><BrandedFeatureString/><DescriptorBrandedFeatureString>Elektrisch apparaat voor droog scheren</DescriptorBrandedFeatureString></NamingString><WOW>Comfortabel scheren</WOW><SubWOW>Comfortabel en nauwkeurig</SubWOW><MarketingTextHeader>De Shaver series 3000 biedt een snelle, comfortabele scheerbeurt voor een betaalbare prijs. Flex-scheerhoofden met 4 draairichtingen garanderen in combinatie met een ComfortCut-messysteem een glad scheerresultaat.</MarketingTextHeader><KeyBenefitArea><KeyBenefitAreaCode>K4026734</KeyBenefitAreaCode><KeyBenefitAreaName>Een comfortabele scheerbeurt</KeyBenefitAreaName><KeyBenefitAreaRank>1</KeyBenefitAreaRank></KeyBenefitArea><KeyBenefitArea><KeyBenefitAreaCode>KBA_0000028</KeyBenefitAreaCode><KeyBenefitAreaName>Volgt alle contouren van uw gezicht en hals</KeyBenefitAreaName><KeyBenefitAreaRank>2</KeyBenefitAreaRank></KeyBenefitArea><KeyBenefitArea><KeyBenefitAreaCode>K300000216</KeyBenefitAreaCode><KeyBenefitAreaName>Gebruiksvriendelijk</KeyBenefitAreaName><KeyBenefitAreaRank>3</KeyBenefitAreaRank></KeyBenefitArea><CSChapter><CSChapterCode>CH4001523</CSChapterCode><CSChapterName>Scheerresultaten</CSChapterName><CSChapterRank>1</CSChapterRank><CSItem><CSItemCode>IT4007977</CSItemCode><CSItemName>Volgt de contouren</CSItemName><CSItemRank>1</CSItemRank><CSItemIsFreeFormat>0</CSItemIsFreeFormat><CSValue><CSValueCode>VA4096955</CSValueCode><CSValueName>Flex-scheerhoofden, 4 draairichtingen</CSValueName><CSValueRank>1</CSValueRank></CSValue></CSItem><CSItem><CSItemCode>IT4007976</CSItemCode><CSItemName>Scheersysteem</CSItemName><CSItemRank>2</CSItemRank><CSItemIsFreeFormat>0</CSItemIsFreeFormat><CSValue><CSValueCode>VA4059073</CSValueCode><CSValueName>ComfortCut-messysteem</CSValueName><CSValueRank>1</CSValueRank></CSValue></CSItem></CSChapter><CSChapter><CSChapterCode>3000815</CSChapterCode><CSChapterName>Accessoires</CSChapterName><CSChapterRank>2</CSChapterRank><CSItem><CSItemCode>IT4007992</CSItemCode><CSItemName>Onderhoud</CSItemName><CSItemRank>1</CSItemRank><CSItemIsFreeFormat>0</CSItemIsFreeFormat><CSValue><CSValueCode>VA4019996</CSValueCode><CSValueName>Beschermkap</CSValueName><CSValueRank>1</CSValueRank></CSValue></CSItem></CSChapter><CSChapter><CSChapterCode>CH4001524</CSChapterCode><CSChapterName>Gebruiksgemak</CSChapterName><CSChapterRank>3</CSChapterRank><CSItem><CSItemCode>IT4007985</CSItemCode><CSItemName>Reiniging</CSItemName><CSItemRank>1</CSItemRank><CSItemIsFreeFormat>0</CSItemIsFreeFormat><CSValue><CSValueCode>VA4063376</CSValueCode><CSValueName>Volledig afspoelbaar</CSValueName><CSValueRank>1</CSValueRank></CSValue></CSItem><CSItem><CSItemCode>IT4007980</CSItemCode><CSItemName>Display</CSItemName><CSItemRank>2</CSItemRank><CSItemIsFreeFormat>0</CSItemIsFreeFormat><CSValue><CSValueCode>VA4019961</CSValueCode><CSValueName>Batterij bijna leeg-indicator</CSValueName><CSValueRank>1</CSValueRank></CSValue><CSValue><CSValueCode>VA4019963</CSValueCode><CSValueName>Indicatie voor scheerhoofden vervangen</CSValueName><CSValueRank>2</CSValueRank></CSValue></CSItem><CSItem><CSItemCode>IT4027494</CSItemCode><CSItemName>Bediening</CSItemName><CSItemRank>3</CSItemRank><CSItemIsFreeFormat>0</CSItemIsFreeFormat><CSValue><CSValueCode>VA4068070</CSValueCode><CSValueName>Met of zonder snoer te gebruiken</CSValueName><CSValueRank>1</CSValueRank></CSValue></CSItem></CSChapter><CSChapter><CSChapterCode>3001096</CSChapterCode><CSChapterName>Ontwerp</CSChapterName><CSChapterRank>4</CSChapterRank><CSItem><CSItemCode>IT4008709</CSItemCode><CSItemName>Handvat</CSItemName><CSItemRank>1</CSItemRank><CSItemIsFreeFormat>0</CSItemIsFreeFormat><CSValue><CSValueCode>VA4076321</CSValueCode><CSValueName>Ergonomische grip</CSValueName><CSValueRank>1</CSValueRank></CSValue></CSItem><CSItem><CSItemCode>S_0000001</CSItemCode><CSItemName>Kleur</CSItemName><CSItemRank>2</CSItemRank><CSItemIsFreeFormat>1</CSItemIsFreeFormat><CSValue><CSValueCode>VA4007102</CSValueCode><CSValueName>Precision black black</CSValueName><CSValueRank>1</CSValueRank></CSValue></CSItem></CSChapter><CSChapter><CSChapterCode>3000821</CSChapterCode><CSChapterName>Vermogen</CSChapterName><CSChapterRank>5</CSChapterRank><CSItem><CSItemCode>3006920</CSItemCode><CSItemName>Batterijtype</CSItemName><CSItemRank>1</CSItemRank><CSItemIsFreeFormat>0</CSItemIsFreeFormat><CSValue><CSValueCode>3033275</CSValueCode><CSValueName>Lithium-ion</CSValueName><CSValueRank>1</CSValueRank></CSValue></CSItem><CSItem><CSItemCode>IT4015298</CSItemCode><CSItemName>Gebruikstijd</CSItemName><CSItemRank>2</CSItemRank><CSItemIsFreeFormat>0</CSItemIsFreeFormat><CSValue><CSValueCode>VA4087527</CSValueCode><CSValueName>45 min. / 15 scheerbeurten</CSValueName><CSValueRank>1</CSValueRank></CSValue></CSItem><CSItem><CSItemCode>IT4032891</CSItemCode><CSItemName>Opladen</CSItemName><CSItemRank>3</CSItemRank><CSItemIsFreeFormat>0</CSItemIsFreeFormat><CSValue><CSValueCode>VA4087182</CSValueCode><CSValueName>Volledig opladen in 8 uur</CSValueName><CSValueRank>1</CSValueRank></CSValue></CSItem><CSItem><CSItemCode>IT4015297</CSItemCode><CSItemName>Automatisch voltage</CSItemName><CSItemRank>4</CSItemRank><CSItemIsFreeFormat>0</CSItemIsFreeFormat><CSValue><CSValueCode>VA4030670</CSValueCode><CSValueName>100 - 240 V</CSValueName><CSValueRank>1</CSValueRank></CSValue></CSItem><CSItem><CSItemCode>IT4009440</CSItemCode><CSItemName>Maximaal energieverbruik</CSItemName><CSItemRank>5</CSItemRank><CSItemIsFreeFormat>0</CSItemIsFreeFormat><CSValue><CSValueCode>VA4076318</CSValueCode><CSValueName>9</CSValueName><CSValueRank>1</CSValueRank></CSValue><UnitOfMeasure><UnitOfMeasureCode>3000072</UnitOfMeasureCode><UnitOfMeasureName>watt</UnitOfMeasureName><UnitOfMeasureSymbol>W</UnitOfMeasureSymbol></UnitOfMeasure></CSItem><CSItem><CSItemCode>IT4009439</CSItemCode><CSItemName>Energieverbruik in stand-by</CSItemName><CSItemRank>6</CSItemRank><CSItemIsFreeFormat>0</CSItemIsFreeFormat><CSValue><CSValueCode>VA4076317</CSValueCode><CSValueName>0,1</CSValueName><CSValueRank>1</CSValueRank></CSValue><UnitOfMeasure><UnitOfMeasureCode>3000072</UnitOfMeasureCode><UnitOfMeasureName>watt</UnitOfMeasureName><UnitOfMeasureSymbol>W</UnitOfMeasureSymbol></UnitOfMeasure></CSItem></CSChapter><CSChapter><CSChapterCode>CHA_0000049</CSChapterCode><CSChapterName>Service</CSChapterName><CSChapterRank>6</CSChapterRank><CSItem><CSItemCode>IT4002813</CSItemCode><CSItemName>2 jaar garantie</CSItemName><CSItemRank>1</CSItemRank><CSItemIsFreeFormat>0</CSItemIsFreeFormat><CSValue><CSValueCode>VA4011021</CSValueCode><CSValueName>Ja</CSValueName><CSValueRank>1</CSValueRank></CSValue></CSItem><CSItem><CSItemCode>IT4015371</CSItemCode><CSItemName>Vervangend scheerhoofd</CSItemName><CSItemRank>2</CSItemRank><CSItemIsFreeFormat>0</CSItemIsFreeFormat><CSValue><CSValueCode>VA4083781</CSValueCode><CSValueName>Elke 2 jaar vervangen met SH30</CSValueName><CSValueRank>1</CSValueRank></CSValue></CSItem></CSChapter><Filters><Purpose type="Comparison"><Features><Feature code="F400074467" rank="1" referenceName="ComfortCut Blade System (S3000 dry)"/><Feature code="F400074461_S3110_06" rank="2" referenceName="4-direction Flex Heads (S3000)"/><Feature code="F400074473_S3110_06" rank="3" referenceName="Li-ion power (S3000)"/><Feature code="F400074460_S3110_06" rank="4" referenceName="45 minutes of cordless shaving (S3000 8hr Dry)"/><Feature code="F400074469_S3110_06" rank="5" referenceName="One touch open (S6000 S3000 W&amp;D)"/><Feature code="F400075638_S3110_06" rank="6" referenceName="Corded and Cordless use (S3000 Philishave)"/></Features><CSItems><CSItem code="IT4007977" rank="1" referenceName="Scheerresultaten - Volgt de contouren"/><CSItem code="IT4007992" rank="1" referenceName="Accessoires - Onderhoud"/><CSItem code="IT4007985" rank="1" referenceName="Gebruiksgemak - Reiniging"/><CSItem code="IT4008709" rank="1" referenceName="Ontwerp - Handvat"/><CSItem code="3006920" rank="1" referenceName="Vermogen - Batterijtype"/><CSItem code="IT4002813" rank="1" referenceName="Service - 2 jaar garantie"/><CSItem code="IT4007976" rank="2" referenceName="Scheerresultaten - Scheersysteem"/><CSItem code="IT4007980" rank="2" referenceName="Gebruiksgemak - Display"/><CSItem code="S_0000001" rank="2" referenceName="Ontwerp - Kleur"/><CSItem code="IT4015298" rank="2" referenceName="Vermogen - Gebruikstijd"/><CSItem code="IT4015371" rank="2" referenceName="Service - Vervangend scheerhoofd"/><CSItem code="IT4027494" rank="3" referenceName="Gebruiksgemak - Bediening"/><CSItem code="IT4032891" rank="3" referenceName="Vermogen - Opladen"/><CSItem code="IT4015297" rank="4" referenceName="Vermogen - Automatisch voltage"/><CSItem code="IT4009440" rank="5" referenceName="Vermogen - Maximaal energieverbruik"/><CSItem code="IT4009439" rank="6" referenceName="Vermogen - Energieverbruik in stand-by"/></CSItems></Purpose><Purpose type="Detail"><Features><Feature code="F400074467" rank="1" referenceName="ComfortCut Blade System (S3000 dry)"/><Feature code="F400074461_S3110_06" rank="2" referenceName="4-direction Flex Heads (S3000)"/><Feature code="F400074473_S3110_06" rank="3" referenceName="Li-ion power (S3000)"/><Feature code="F400074460_S3110_06" rank="4" referenceName="45 minutes of cordless shaving (S3000 8hr Dry)"/><Feature code="F400074469_S3110_06" rank="5" referenceName="One touch open (S6000 S3000 W&amp;D)"/><Feature code="F400075638_S3110_06" rank="6" referenceName="Corded and Cordless use (S3000 Philishave)"/></Features><CSItems><CSItem code="IT4007977" rank="1" referenceName="Scheerresultaten - Volgt de contouren"/><CSItem code="IT4007992" rank="1" referenceName="Accessoires - Onderhoud"/><CSItem code="IT4007985" rank="1" referenceName="Gebruiksgemak - Reiniging"/><CSItem code="IT4008709" rank="1" referenceName="Ontwerp - Handvat"/><CSItem code="3006920" rank="1" referenceName="Vermogen - Batterijtype"/><CSItem code="IT4002813" rank="1" referenceName="Service - 2 jaar garantie"/><CSItem code="IT4007976" rank="2" referenceName="Scheerresultaten - Scheersysteem"/><CSItem code="IT4007980" rank="2" referenceName="Gebruiksgemak - Display"/><CSItem code="S_0000001" rank="2" referenceName="Ontwerp - Kleur"/><CSItem code="IT4015298" rank="2" referenceName="Vermogen - Gebruikstijd"/><CSItem code="IT4015371" rank="2" referenceName="Service - Vervangend scheerhoofd"/><CSItem code="IT4027494" rank="3" referenceName="Gebruiksgemak - Bediening"/><CSItem code="IT4032891" rank="3" referenceName="Vermogen - Opladen"/><CSItem code="IT4015297" rank="4" referenceName="Vermogen - Automatisch voltage"/><CSItem code="IT4009440" rank="5" referenceName="Vermogen - Maximaal energieverbruik"/><CSItem code="IT4009439" rank="6" referenceName="Vermogen - Energieverbruik in stand-by"/></CSItems></Purpose></Filters><FeatureCompareGroups/><Disclaimers/><Award AwardType="global"><AwardCode>GA_GREEN</AwardCode><AwardName>Philips Green-logo</AwardName><AwardDescription>Met groene producten van Philips kunnen kosten, energieverbruik en CO2-uitstoot worden verminderd. Hoe? Deze producten bieden aanzienlijk betere milieuprestaties in een of meer van de Green Focal Areas van Philips: Energieverbruik, Verpakking, Schadelijke stoffen, Gewicht, Recycling en Levensduur.</AwardDescription><AwardText>Philips Green-logo</AwardText><AwardRank>3</AwardRank></Award><ProductReference ProductReferenceType="Accessory"><CTN>CP9301/01</CTN><ProductReferenceRank>0</ProductReferenceRank></ProductReference><ProductReference ProductReferenceType="Accessory"><CTN>HQ110/01</CTN><ProductReferenceRank>0</ProductReferenceRank></ProductReference><ProductReference ProductReferenceType="Accessory"><CTN>HQ110/02</CTN><ProductReferenceRank>0</ProductReferenceRank></ProductReference><ProductReference ProductReferenceType="Accessory"><CTN>HQ110/42</CTN><ProductReferenceRank>0</ProductReferenceRank></ProductReference><ProductReference ProductReferenceType="Accessory"><CTN>SH30/50</CTN><ProductReferenceRank>0</ProductReferenceRank></ProductReference><ProductReference ProductReferenceType="Accessory"><CTN>SH30/51</CTN><ProductReferenceRank>0</ProductReferenceRank></ProductReference><ProductReference ProductReferenceType="Accessory"><CTN>SH30/52</CTN><ProductReferenceRank>0</ProductReferenceRank></ProductReference><ProductReference ProductReferenceType="Accessory"><CTN>SH30/53</CTN><ProductReferenceRank>0</ProductReferenceRank></ProductReference><RichTexts/></Product></Products>