<?xml version="1.0" encoding="UTF-8"?><Products xmlns:source="http://apache.org/cocoon/source/1.0" DocStatus="approved" DocTimeStamp="2018-10-24T11:59:45" DocType="PMT" DocVersion="xUCDM_product_external_CQ5_1_1_25"><Product Country="NL" IsAccessory="false" IsLocalized="true" IsMaster="false" Locale="nl_NL" lastModified="2018-10-24T05:16:14" masterLastModified="2018-02-27T00:21:18"><CTN>FC8723/08</CTN><GTIN>08710103724100</GTIN><MarketingVersion>8.0.1</MarketingVersion><MarketingStatus>Final Published</MarketingStatus><CRDate>2014-10-24</CRDate><CRDateYW>201443</CRDateYW><ModelYears/><ProductDivision><ProductDivisionCode>0200</ProductDivisionCode><ProductDivisionName>Consumer Lifestyle</ProductDivisionName><FormerPDCode>0300</FormerPDCode></ProductDivision><ProductOwner>Aafke Post</ProductOwner><DTN>FC8723/08</DTN><Assets><Asset code="FC8723_08" description="Single product shot" extension="" lastModified="2018-10-24" locale="nl_NL" number="" type="IMS">http://images.philips.com/is/image/PhilipsConsumer/FC8723_08-IMS-nl_NL</Asset><Asset code="FC8723_08" description="Product gallery image set" extension="" lastModified="2018-10-24" locale="nl_NL" number="" type="GAL">http://images.philips.com/is/image/PhilipsConsumer/FC8723_08-GAL-nl_NL</Asset><Asset code="FC8723_08" description="Product URL" extension="" lastModified="2018-10-24" locale="nl_NL" number="" type="URL">http://www.philips.nl/c-p/FC8723_08/performer-expert-stofzuiger-met-zak</Asset></Assets><ProductName>Energielabel AAA**, stofzuiger met zak</ProductName><NamingString><MasterBrand><BrandCode>PHI</BrandCode><BrandName>Philips</BrandName></MasterBrand><BrandString>Philips</BrandString><Family><FamilyCode>SB40005368</FamilyCode><FamilyName>Performer Expert</FamilyName><FamilyNameUsed>1</FamilyNameUsed></Family><Descriptor><DescriptorCode>NSD_000024</DescriptorCode><DescriptorName>Stofzuiger met zak</DescriptorName></Descriptor><Alphanumeric>FC8723/08</Alphanumeric><VersionElement1><VersionElementCode>V4042025</VersionElementCode><VersionElementName>Energielabel AAA**</VersionElementName></VersionElement1><VersionElement2><VersionElementCode>V4031206</VersionElementCode><VersionElementName>HEPA 13-filter</VersionElementName></VersionElement2><VersionElement3><VersionElementCode>V4013157</VersionElementCode><VersionElementName>5 l</VersionElementName></VersionElement3><VersionString>Energielabel AAA**, HEPA 13-filter, 5 l</VersionString><BrandedFeatureString/><DescriptorBrandedFeatureString>Stofzuiger met zak</DescriptorBrandedFeatureString></NamingString><WOW>Optimale prestaties</WOW><SubWOW>Lager energieverbruik</SubWOW><MarketingTextHeader>De nieuwe Philips Performer Expert staat garant voor de hoogste stofopname* op alle soorten vloeren dankzij de AirflowMax-technologie en het unieke TriActive-mondstuk. Geweldig schoonmaakresultaat, ook als de zak vol raakt!</MarketingTextHeader><KeyBenefitArea><KeyBenefitAreaCode>K4023594</KeyBenefitAreaCode><KeyBenefitAreaName>Uitstekend schoonmaakresultaat</KeyBenefitAreaName><KeyBenefitAreaRank>1</KeyBenefitAreaRank><Feature><FeatureCode>F400084365</FeatureCode><FeatureReferenceName>High performance with 3AAA energy ratings</FeatureReferenceName><FeatureName>Energielabel 3AAA</FeatureName><FeatureLongDescription>Hoge prestaties met energielabel 3AAA</FeatureLongDescription><FeatureGlossary>Ontworpen voor volledige prestaties met een energiezuinigheid van klasse A, klasse A voor prestaties bij reiniging van harde vloeren en klasse A voor stofheruitstoot.</FeatureGlossary><FeatureRank>1</FeatureRank><FeatureTopRank>1</FeatureTopRank></Feature><Feature><FeatureCode>F400067326_FC8723_08</FeatureCode><FeatureReferenceName>AirflowMax technology - ECO</FeatureReferenceName><FeatureName>AirflowMax-technologie</FeatureName><FeatureLongDescription>Revolutionaire AirflowMax-technologie voor uitstekende prestaties</FeatureLongDescription><FeatureGlossary>De AirflowMax-technologie maximaliseert de luchtstroom, waardoor de stofzak gelijkmatig ontvouwt voor de beste prestaties, zelfs als de zak voller wordt!</FeatureGlossary><FeatureRank>2</FeatureRank><FeatureTopRank>2</FeatureTopRank></Feature><Feature><FeatureCode>F400067815_FC8723_08</FeatureCode><FeatureReferenceName>High efficiency motor</FeatureReferenceName><FeatureName>Zeer efficiënte motor</FeatureName><FeatureLongDescription>Energiezuinige motor voor krachtige resultaten</FeatureLongDescription><FeatureGlossary>De uiterst efficiënte motor is geoptimaliseerd voor een betere luchtstroom bij een lager energieverbruik.</FeatureGlossary><FeatureRank>3</FeatureRank><FeatureTopRank>3</FeatureTopRank></Feature><Feature><FeatureCode>FEA_0000003_FC8723_08</FeatureCode><FeatureReferenceName>TriActive nozzle (OLD)</FeatureReferenceName><FeatureName>TriActive-mondstuk</FeatureName><FeatureLongDescription>TriActive-mondstuk met een unieke 3-in-1-werking</FeatureLongDescription><FeatureGlossary>Dankzij het TriActive-mondstuk kunt u de vloer in 1 keer op 3 manieren reinigen: 1) De grotere opening aan het uiteinde van het mondstuk zuigt grotere objecten eenvoudig op. 2) De optimale luchtstroom in het mondstuk zorgt voor een maximaal reinigingsresultaat. 3) De twee zijborstels vegen het stof en vuil op naast het meubilair en de muren.</FeatureGlossary><FeatureRank>4</FeatureRank><FeatureTopRank>4</FeatureTopRank></Feature></KeyBenefitArea><KeyBenefitArea><KeyBenefitAreaCode>K4019854</KeyBenefitAreaCode><KeyBenefitAreaName>Geïntegreerd antiallergisch systeem</KeyBenefitAreaName><KeyBenefitAreaRank>2</KeyBenefitAreaRank><Feature><FeatureCode>F400059625_FC8723_08</FeatureCode><FeatureReferenceName>Allergy friendly ECARF certified (HEPA13)</FeatureReferenceName><FeatureName>ECARF-gecertificeerd</FeatureName><FeatureLongDescription>Allergievriendelijke kwaliteit getest door ECARF</FeatureLongDescription><FeatureGlossary>Deze stofzuiger met HEPA 13-filtratie is gecertificeerd als allergievriendelijk door het European Centre for Allergy Research Foundation. Met het HEPA 13-filter kan een allergievriendelijke leefomgeving worden behouden doordat tot wel 99,95% aan allergenen van katten- en hondenhaar, stofmijt of stuifmeel uit de uitblaaslucht wordt gezuiverd.</FeatureGlossary><FeatureRank>1</FeatureRank><FeatureTopRank>5</FeatureTopRank></Feature><Feature><FeatureCode>F400067820_FC8723_08</FeatureCode><FeatureReferenceName>HEPA13 Anti-allergy filtration</FeatureReferenceName><FeatureName>HEPA13 anti-allergiefiltersysteem</FeatureName><FeatureLongDescription>HEPA13 met HEPA AirSeal houdt meer dan 99% van de stof vast</FeatureLongDescription><FeatureGlossary>Het HEPA13-filter en AirSeal vangen zelfs het fijnste stof op voordat de lucht wordt uitgeblazen voor een stofvrije omgeving en schone lucht zonder allergenen. De uitblaaslucht is zelfs schoner dan de lucht in de kamer.</FeatureGlossary><FeatureRank>2</FeatureRank><FeatureTopRank>6</FeatureTopRank></Feature><Feature><FeatureCode>F400067823_FC8723_08</FeatureCode><FeatureReferenceName>s-bag Ultra Long Performance 5L</FeatureReferenceName><FeatureName>s-bag Ultra Long Performance</FeatureName><FeatureLongDescription>s-bag Ultra Long Performance vangt zelfs het fijnere stof op</FeatureLongDescription><FeatureGlossary>Profiteer langer van uitzonderlijke reinigingsprestaties dankzij de XXL s-bag Ultra Long Performance van 5 liter. Dankzij eersteklas, meerlaags materiaal dat niet verstopt raakt garandeert de s-bag Ultra Long Performance uitstekende zuigkracht en filtratie, en gaat hij tot wel 80% langer mee dan een normale stofzak.</FeatureGlossary><FeatureRank>3</FeatureRank><FeatureTopRank>7</FeatureTopRank></Feature></KeyBenefitArea><KeyBenefitArea><KeyBenefitAreaCode>K300000139</KeyBenefitAreaCode><KeyBenefitAreaName>Ultiem gemak</KeyBenefitAreaName><KeyBenefitAreaRank>3</KeyBenefitAreaRank><Feature><FeatureCode>F400050909_FC8723_08</FeatureCode><FeatureReferenceName>5L dust capacity (NEW)</FeatureReferenceName><FeatureName>Stofcapaciteit van 5 l</FeatureName><FeatureLongDescription>5 l stofcapaciteit voor langer schoonmaken</FeatureLongDescription><FeatureGlossary>De speciaal ontworpen stofbak van 5 l maakt het u mogelijk optimaal gebruik te maken van uw stofzak, zodat u langer kunt schoonmaken.</FeatureGlossary><FeatureRank>1</FeatureRank><FeatureTopRank>8</FeatureTopRank></Feature><Feature><FeatureCode>F400045555_FC8723_08</FeatureCode><FeatureReferenceName>SmartLock coupling</FeatureReferenceName><FeatureName>SmartLock-koppeling</FeatureName><FeatureLongDescription>SmartLock-koppeling eenvoudig in te stellen voor elke reinigingsklus</FeatureLongDescription><FeatureGlossary>De unieke Philips SmartLock koppelt u eenvoudig aan zuigmonden en de telescoopbuis en tijdens het schoonmaken koppelt u deze delen ook eenvoudig los. Met de SmartLock-koppeling stelt u de telescoopbuis intuïtief in op de gewenste hoogte.</FeatureGlossary><FeatureRank>2</FeatureRank><FeatureTopRank>9</FeatureTopRank></Feature></KeyBenefitArea><FeatureImage><FeatureCode>F400084365</FeatureCode><FeatureReferenceName>High performance with 3AAA energy ratings</FeatureReferenceName><FeatureImageRank>1</FeatureImageRank></FeatureImage><FeatureImage><FeatureCode>F400067326_FC8723_08</FeatureCode><FeatureReferenceName>AirflowMax technology - ECO</FeatureReferenceName><FeatureImageRank>2</FeatureImageRank></FeatureImage><FeatureImage><FeatureCode>F400067815_FC8723_08</FeatureCode><FeatureReferenceName>High efficiency motor</FeatureReferenceName><FeatureImageRank>3</FeatureImageRank></FeatureImage><FeatureImage><FeatureCode>FEA_0000003_FC8723_08</FeatureCode><FeatureReferenceName>TriActive nozzle (OLD)</FeatureReferenceName><FeatureImageRank>4</FeatureImageRank></FeatureImage><FeatureImage><FeatureCode>F400059625_FC8723_08</FeatureCode><FeatureReferenceName>Allergy friendly ECARF certified (HEPA13)</FeatureReferenceName><FeatureImageRank>5</FeatureImageRank></FeatureImage><FeatureImage><FeatureCode>F400067820_FC8723_08</FeatureCode><FeatureReferenceName>HEPA13 Anti-allergy filtration</FeatureReferenceName><FeatureImageRank>6</FeatureImageRank></FeatureImage><FeatureImage><FeatureCode>F400067823_FC8723_08</FeatureCode><FeatureReferenceName>s-bag Ultra Long Performance 5L</FeatureReferenceName><FeatureImageRank>7</FeatureImageRank></FeatureImage><FeatureImage><FeatureCode>F400050909_FC8723_08</FeatureCode><FeatureReferenceName>5L dust capacity (NEW)</FeatureReferenceName><FeatureImageRank>8</FeatureImageRank></FeatureImage><FeatureImage><FeatureCode>F400045555_FC8723_08</FeatureCode><FeatureReferenceName>SmartLock coupling</FeatureReferenceName><FeatureImageRank>9</FeatureImageRank></FeatureImage><FeatureHighlight><FeatureCode>F400084365</FeatureCode><FeatureReferenceName>High performance with 3AAA energy ratings</FeatureReferenceName><FeatureHighlightRank>1</FeatureHighlightRank></FeatureHighlight><FeatureHighlight><FeatureCode>F400067326_FC8723_08</FeatureCode><FeatureReferenceName>AirflowMax technology - ECO</FeatureReferenceName><FeatureHighlightRank>2</FeatureHighlightRank></FeatureHighlight><FeatureHighlight><FeatureCode>F400067815_FC8723_08</FeatureCode><FeatureReferenceName>High efficiency motor</FeatureReferenceName><FeatureHighlightRank>3</FeatureHighlightRank></FeatureHighlight><FeatureHighlight><FeatureCode>FEA_0000003_FC8723_08</FeatureCode><FeatureReferenceName>TriActive nozzle (OLD)</FeatureReferenceName><FeatureHighlightRank>4</FeatureHighlightRank></FeatureHighlight><FeatureHighlight><FeatureCode>F400059625_FC8723_08</FeatureCode><FeatureReferenceName>Allergy friendly ECARF certified (HEPA13)</FeatureReferenceName><FeatureHighlightRank>5</FeatureHighlightRank></FeatureHighlight><FeatureHighlight><FeatureCode>F400067820_FC8723_08</FeatureCode><FeatureReferenceName>HEPA13 Anti-allergy filtration</FeatureReferenceName><FeatureHighlightRank>6</FeatureHighlightRank></FeatureHighlight><FeatureHighlight><FeatureCode>F400067823_FC8723_08</FeatureCode><FeatureReferenceName>s-bag Ultra Long Performance 5L</FeatureReferenceName><FeatureHighlightRank>7</FeatureHighlightRank></FeatureHighlight><FeatureHighlight><FeatureCode>F400050909_FC8723_08</FeatureCode><FeatureReferenceName>5L dust capacity (NEW)</FeatureReferenceName><FeatureHighlightRank>8</FeatureHighlightRank></FeatureHighlight><FeatureHighlight><FeatureCode>F400045555_FC8723_08</FeatureCode><FeatureReferenceName>SmartLock coupling</FeatureReferenceName><FeatureHighlightRank>9</FeatureHighlightRank></FeatureHighlight><CSChapter><CSChapterCode>CH4001562</CSChapterCode><CSChapterName>Performance</CSChapterName><CSChapterRank>1</CSChapterRank><CSItem><CSItemCode>IT4035403</CSItemCode><CSItemName>Energieklasse</CSItemName><CSItemRank>3</CSItemRank><CSItemIsFreeFormat>0</CSItemIsFreeFormat><CSValue><CSValueCode>VA4082280</CSValueCode><CSValueName>A</CSValueName><CSValueRank>3</CSValueRank></CSValue></CSItem><CSItem><CSItemCode>IT4035404</CSItemCode><CSItemName>Jaarlijks energieverbruik</CSItemName><CSItemRank>13</CSItemRank><CSItemIsFreeFormat>1</CSItemIsFreeFormat><CSValue><CSValueCode>VA4082287</CSValueCode><CSValueName>27,8</CSValueName><CSValueRank>1</CSValueRank></CSValue><UnitOfMeasure><UnitOfMeasureCode>4000161</UnitOfMeasureCode><UnitOfMeasureName>kilowattuur</UnitOfMeasureName><UnitOfMeasureSymbol>kWh</UnitOfMeasureSymbol></UnitOfMeasure></CSItem><CSItem><CSItemCode>IT4035405</CSItemCode><CSItemName>Reinigingsklasse op tapijt</CSItemName><CSItemRank>16</CSItemRank><CSItemIsFreeFormat>0</CSItemIsFreeFormat><CSValue><CSValueCode>VA4082290</CSValueCode><CSValueName>C</CSValueName><CSValueRank>18</CSValueRank></CSValue></CSItem><CSItem><CSItemCode>IT4035406</CSItemCode><CSItemName>Reinigingsklasse harde vloeren</CSItemName><CSItemRank>18</CSItemRank><CSItemIsFreeFormat>0</CSItemIsFreeFormat><CSValue><CSValueCode>VA4082296</CSValueCode><CSValueName>B</CSValueName><CSValueRank>14</CSValueRank></CSValue></CSItem><CSItem><CSItemCode>IT4035407</CSItemCode><CSItemName>Klasse heruitstoot van stof</CSItemName><CSItemRank>24</CSItemRank><CSItemIsFreeFormat>0</CSItemIsFreeFormat><CSValue><CSValueCode>VA4082302</CSValueCode><CSValueName>A</CSValueName><CSValueRank>9</CSValueRank></CSValue></CSItem><CSItem><CSItemCode>IT4035411</CSItemCode><CSItemName>Geluidsniveau</CSItemName><CSItemRank>27</CSItemRank><CSItemIsFreeFormat>1</CSItemIsFreeFormat><CSValue><CSValueCode>VA4082318</CSValueCode><CSValueName>78</CSValueName><CSValueRank>1</CSValueRank></CSValue><UnitOfMeasure><UnitOfMeasureCode>3000041</UnitOfMeasureCode><UnitOfMeasureName>decibel</UnitOfMeasureName><UnitOfMeasureSymbol>dB</UnitOfMeasureSymbol></UnitOfMeasure></CSItem><CSItem><CSItemCode>IT4009200</CSItemCode><CSItemName>Ingangsvermogen (IEC)</CSItemName><CSItemRank>30</CSItemRank><CSItemIsFreeFormat>0</CSItemIsFreeFormat><CSValue><CSValueCode>VA4081692</CSValueCode><CSValueName>650</CSValueName><CSValueRank>12</CSValueRank></CSValue><UnitOfMeasure><UnitOfMeasureCode>3000072</UnitOfMeasureCode><UnitOfMeasureName>watt</UnitOfMeasureName><UnitOfMeasureSymbol>W</UnitOfMeasureSymbol></UnitOfMeasure></CSItem><CSItem><CSItemCode>4010823</CSItemCode><CSItemName>Luchtsnelheid (max.)</CSItemName><CSItemRank>32</CSItemRank><CSItemIsFreeFormat>1</CSItemIsFreeFormat><CSValue><CSValueCode>VA4024662</CSValueCode><CSValueName>30,2</CSValueName><CSValueRank>1</CSValueRank></CSValue><UnitOfMeasure><UnitOfMeasureCode>4000020</UnitOfMeasureCode><UnitOfMeasureName>liter/seconde</UnitOfMeasureName><UnitOfMeasureSymbol>l/s</UnitOfMeasureSymbol></UnitOfMeasure></CSItem><CSItem><CSItemCode>4012323</CSItemCode><CSItemName>Onderdruk (max.)</CSItemName><CSItemRank>33</CSItemRank><CSItemIsFreeFormat>1</CSItemIsFreeFormat><CSValue><CSValueCode>VA4024673</CSValueCode><CSValueName>16,3</CSValueName><CSValueRank>1</CSValueRank></CSValue><UnitOfMeasure><UnitOfMeasureCode>4000009</UnitOfMeasureCode><UnitOfMeasureName>KiloPascal</UnitOfMeasureName><UnitOfMeasureSymbol>kPa</UnitOfMeasureSymbol></UnitOfMeasure></CSItem></CSChapter><CSChapter><CSChapterCode>3001096</CSChapterCode><CSChapterName>Ontwerp</CSChapterName><CSChapterRank>2</CSChapterRank><CSItem><CSItemCode>3011951</CSItemCode><CSItemName>Kleur</CSItemName><CSItemRank>2</CSItemRank><CSItemIsFreeFormat>0</CSItemIsFreeFormat><CSValue><CSValueCode>VA4046965</CSValueCode><CSValueName>Helder rood</CSValueName><CSValueRank>10</CSValueRank></CSValue></CSItem></CSChapter><CSChapter><CSChapterCode>CH4001865</CSChapterCode><CSChapterName>Filtering</CSChapterName><CSChapterRank>3</CSChapterRank><CSItem><CSItemCode>IT4009213</CSItemCode><CSItemName>Stofinhoud</CSItemName><CSItemRank>5</CSItemRank><CSItemIsFreeFormat>0</CSItemIsFreeFormat><CSValue><CSValueCode>VA4062183</CSValueCode><CSValueName>5</CSValueName><CSValueRank>25</CSValueRank></CSValue><UnitOfMeasure><UnitOfMeasureCode>4000010</UnitOfMeasureCode><UnitOfMeasureName>liter</UnitOfMeasureName><UnitOfMeasureSymbol>L</UnitOfMeasureSymbol></UnitOfMeasure></CSItem><CSItem><CSItemCode>IT4009214</CSItemCode><CSItemName>Type stofzak</CSItemName><CSItemRank>10</CSItemRank><CSItemIsFreeFormat>0</CSItemIsFreeFormat><CSValue><CSValueCode>VA4038705</CSValueCode><CSValueName>s-bag Ultra Long Performance</CSValueName><CSValueRank>16</CSValueRank></CSValue></CSItem><CSItem><CSItemCode>IT4009220</CSItemCode><CSItemName>Uitblaasfilter</CSItemName><CSItemRank>15</CSItemRank><CSItemIsFreeFormat>0</CSItemIsFreeFormat><CSValue><CSValueCode>VA4083377</CSValueCode><CSValueName>HEPA 13</CSValueName><CSValueRank>20</CSValueRank></CSValue></CSItem><CSItem><CSItemCode>IT4009221</CSItemCode><CSItemName>Motorfilter</CSItemName><CSItemRank>21</CSItemRank><CSItemIsFreeFormat>0</CSItemIsFreeFormat><CSValue><CSValueCode>VA4082816</CSValueCode><CSValueName>Microfilter met drie lagen</CSValueName><CSValueRank>13</CSValueRank></CSValue></CSItem><CSItem><CSItemCode>IT4009222</CSItemCode><CSItemName>HEPA-luchtfilter</CSItemName><CSItemRank>26</CSItemRank><CSItemIsFreeFormat>0</CSItemIsFreeFormat><CSValue><CSValueCode>VA4022241</CSValueCode><CSValueName>Ja</CSValueName><CSValueRank>1</CSValueRank></CSValue></CSItem></CSChapter><CSChapter><CSChapterCode>CH4001866</CSChapterCode><CSChapterName>Bruikbaarheid</CSChapterName><CSChapterRank>4</CSChapterRank><CSItem><CSItemCode>IT4009223</CSItemCode><CSItemName>Actieradius</CSItemName><CSItemRank>7</CSItemRank><CSItemIsFreeFormat>0</CSItemIsFreeFormat><CSValue><CSValueCode>VA4022250</CSValueCode><CSValueName>11</CSValueName><CSValueRank>21</CSValueRank></CSValue><UnitOfMeasure><UnitOfMeasureCode>3000057</UnitOfMeasureCode><UnitOfMeasureName>meter</UnitOfMeasureName><UnitOfMeasureSymbol>m</UnitOfMeasureSymbol></UnitOfMeasure></CSItem><CSItem><CSItemCode>IT4009224</CSItemCode><CSItemName>Snoerlengte</CSItemName><CSItemRank>11</CSItemRank><CSItemIsFreeFormat>0</CSItemIsFreeFormat><CSValue><CSValueCode>VA4022254</CSValueCode><CSValueName>8,0</CSValueName><CSValueRank>23</CSValueRank></CSValue><UnitOfMeasure><UnitOfMeasureCode>3000057</UnitOfMeasureCode><UnitOfMeasureName>meter</UnitOfMeasureName><UnitOfMeasureSymbol>m</UnitOfMeasureSymbol></UnitOfMeasure></CSItem><CSItem><CSItemCode>IT4009225</CSItemCode><CSItemName>Type buis</CSItemName><CSItemRank>19</CSItemRank><CSItemIsFreeFormat>0</CSItemIsFreeFormat><CSValue><CSValueCode>VA4022262</CSValueCode><CSValueName>2-delige metalen telescoopbuis</CSValueName><CSValueRank>2</CSValueRank></CSValue></CSItem><CSItem><CSItemCode>IT4009231</CSItemCode><CSItemName>Buiskoppeling</CSItemName><CSItemRank>23</CSItemRank><CSItemIsFreeFormat>0</CSItemIsFreeFormat><CSValue><CSValueCode>VA4053594</CSValueCode><CSValueName>SmartLock</CSValueName><CSValueRank>15</CSValueRank></CSValue></CSItem><CSItem><CSItemCode>IT4009227</CSItemCode><CSItemName>Handgreep</CSItemName><CSItemRank>28</CSItemRank><CSItemIsFreeFormat>0</CSItemIsFreeFormat><CSValue><CSValueCode>VA4022271</CSValueCode><CSValueName>Bovenkant en voorkant</CSValueName><CSValueRank>17</CSValueRank></CSValue></CSItem><CSItem><CSItemCode>IT4009228</CSItemCode><CSItemName>'Stofemmer vol'-indicator</CSItemName><CSItemRank>31</CSItemRank><CSItemIsFreeFormat>0</CSItemIsFreeFormat><CSValue><CSValueCode>VA4022273</CSValueCode><CSValueName>Ja</CSValueName><CSValueRank>11</CSValueRank></CSValue></CSItem></CSChapter><CSChapter><CSChapterCode>CH4000681</CSChapterCode><CSChapterName>Mondstukken en accessoires</CSChapterName><CSChapterRank>5</CSChapterRank><CSItem><CSItemCode>IT4009242</CSItemCode><CSItemName>Standaardmondstuk</CSItemName><CSItemRank>1</CSItemRank><CSItemIsFreeFormat>0</CSItemIsFreeFormat><CSValue><CSValueCode>VA4022308</CSValueCode><CSValueName>TriActive-mondstuk</CSValueName><CSValueRank>24</CSValueRank></CSValue></CSItem></CSChapter><CSChapter><CSChapterCode>CHA_0000004</CSChapterCode><CSChapterName>Gewicht en afmetingen</CSChapterName><CSChapterRank>6</CSChapterRank><CSItem><CSItemCode>IT4010191</CSItemCode><CSItemName>Productgewicht</CSItemName><CSItemRank>8</CSItemRank><CSItemIsFreeFormat>1</CSItemIsFreeFormat><CSValue><CSValueCode>VA4023901</CSValueCode><CSValueName>5</CSValueName><CSValueRank>1</CSValueRank></CSValue><UnitOfMeasure><UnitOfMeasureCode>3000049</UnitOfMeasureCode><UnitOfMeasureName>kilogram</UnitOfMeasureName><UnitOfMeasureSymbol>kg</UnitOfMeasureSymbol></UnitOfMeasure></CSItem><CSItem><CSItemCode>IT4010199</CSItemCode><CSItemName>Afmetingen van product (l x b x h)</CSItemName><CSItemRank>17</CSItemRank><CSItemIsFreeFormat>1</CSItemIsFreeFormat><CSValue><CSValueCode>VA4023910</CSValueCode><CSValueName>500 x 310 x 300</CSValueName><CSValueRank>1</CSValueRank></CSValue><UnitOfMeasure><UnitOfMeasureCode>3000058</UnitOfMeasureCode><UnitOfMeasureName>millimeter</UnitOfMeasureName><UnitOfMeasureSymbol>millimeter</UnitOfMeasureSymbol></UnitOfMeasure></CSItem></CSChapter><CSChapter><CSChapterCode>CH4000822</CSChapterCode><CSChapterName>Duurzaamheid</CSChapterName><CSChapterRank>7</CSChapterRank><CSItem><CSItemCode>IT4005643</CSItemCode><CSItemName>Omhulsel</CSItemName><CSItemRank>4</CSItemRank><CSItemIsFreeFormat>0</CSItemIsFreeFormat><CSValue><CSValueCode>VA4016806</CSValueCode><CSValueName>&gt; 90% gerecycled materiaal</CSValueName><CSValueRank>5</CSValueRank></CSValue></CSItem><CSItem><CSItemCode>IT4005644</CSItemCode><CSItemName>Gebruiksaanwijzing</CSItemName><CSItemRank>12</CSItemRank><CSItemIsFreeFormat>0</CSItemIsFreeFormat><CSValue><CSValueCode>VA4016807</CSValueCode><CSValueName>100% gerecycled papier</CSValueName><CSValueRank>4</CSValueRank></CSValue></CSItem></CSChapter><Filters><Purpose type="Comparison"><Features><Feature code="F400084365" rank="1" referenceName="High performance with 3AAA energy ratings"/><Feature code="F400067326_FC8723_08" rank="2" referenceName="AirflowMax technology - ECO"/><Feature code="F400067815_FC8723_08" rank="3" referenceName="High efficiency motor"/><Feature code="FEA_0000003_FC8723_08" rank="4" referenceName="TriActive nozzle (OLD)"/><Feature code="F400059625_FC8723_08" rank="5" referenceName="Allergy friendly ECARF certified (HEPA13)"/><Feature code="F400067820_FC8723_08" rank="6" referenceName="HEPA13 Anti-allergy filtration"/><Feature code="F400067823_FC8723_08" rank="7" referenceName="s-bag Ultra Long Performance 5L"/><Feature code="F400050909_FC8723_08" rank="8" referenceName="5L dust capacity (NEW)"/><Feature code="F400045555_FC8723_08" rank="9" referenceName="SmartLock coupling"/></Features><CSItems><CSItem code="IT4009242" rank="1" referenceName="Nozzles and accessories - Standard nozzle"/><CSItem code="3011951" rank="2" referenceName="Design - Color"/><CSItem code="IT4035403" rank="3" referenceName="Performance - Energy efficiency rating"/><CSItem code="IT4005643" rank="4" referenceName="Sustainability - Packaging"/><CSItem code="IT4009213" rank="5" referenceName="Filtration - Dust capacity"/><CSItem code="IT4009223" rank="7" referenceName="Usability - Action radius"/><CSItem code="IT4010191" rank="8" referenceName="Weight and dimensions - Weight of product"/><CSItem code="IT4009214" rank="10" referenceName="Filtration - Dust bag type"/><CSItem code="IT4009224" rank="11" referenceName="Usability - Cord length"/><CSItem code="IT4005644" rank="12" referenceName="Sustainability - User manual"/><CSItem code="IT4035404" rank="13" referenceName="Performance - Annual energy consumption"/><CSItem code="IT4009220" rank="15" referenceName="Filtration - Exhaust filter"/><CSItem code="IT4035405" rank="16" referenceName="Performance - Carpet cleaning class"/><CSItem code="IT4010199" rank="17" referenceName="Weight and dimensions - Dimensions of product (LxWxH)"/><CSItem code="IT4035406" rank="18" referenceName="Performance - Hard floor cleaning class"/><CSItem code="IT4009225" rank="19" referenceName="Usability - Tube type"/><CSItem code="IT4009221" rank="21" referenceName="Filtration - Motor filter"/><CSItem code="IT4009231" rank="23" referenceName="Usability - Tube coupling"/><CSItem code="IT4035407" rank="24" referenceName="Performance - Dust re-emission class"/><CSItem code="IT4009222" rank="26" referenceName="Filtration - HEPA Air Seal"/><CSItem code="IT4035411" rank="27" referenceName="Performance - Sound power level"/><CSItem code="IT4009227" rank="28" referenceName="Usability - Carrying handle"/><CSItem code="IT4009200" rank="30" referenceName="Performance - Input power (IEC)"/><CSItem code="IT4009228" rank="31" referenceName="Usability - Dust full indicator"/><CSItem code="4010823" rank="32" referenceName="Performance - Airflow (max)"/><CSItem code="4012323" rank="33" referenceName="Performance - Vacuum (max)"/></CSItems></Purpose><Purpose type="Detail"><Features><Feature code="F400084365" rank="1" referenceName="High performance with 3AAA energy ratings"/><Feature code="F400067326_FC8723_08" rank="2" referenceName="AirflowMax technology - ECO"/><Feature code="F400067815_FC8723_08" rank="3" referenceName="High efficiency motor"/><Feature code="FEA_0000003_FC8723_08" rank="4" referenceName="TriActive nozzle (OLD)"/><Feature code="F400059625_FC8723_08" rank="5" referenceName="Allergy friendly ECARF certified (HEPA13)"/><Feature code="F400067820_FC8723_08" rank="6" referenceName="HEPA13 Anti-allergy filtration"/><Feature code="F400067823_FC8723_08" rank="7" referenceName="s-bag Ultra Long Performance 5L"/><Feature code="F400050909_FC8723_08" rank="8" referenceName="5L dust capacity (NEW)"/><Feature code="F400045555_FC8723_08" rank="9" referenceName="SmartLock coupling"/></Features><CSItems><CSItem code="IT4009242" rank="1" referenceName="Nozzles and accessories - Standard nozzle"/><CSItem code="3011951" rank="2" referenceName="Design - Color"/><CSItem code="IT4035403" rank="3" referenceName="Performance - Energy efficiency rating"/><CSItem code="IT4005643" rank="4" referenceName="Sustainability - Packaging"/><CSItem code="IT4009213" rank="5" referenceName="Filtration - Dust capacity"/><CSItem code="IT4009223" rank="7" referenceName="Usability - Action radius"/><CSItem code="IT4010191" rank="8" referenceName="Weight and dimensions - Weight of product"/><CSItem code="IT4009214" rank="10" referenceName="Filtration - Dust bag type"/><CSItem code="IT4009224" rank="11" referenceName="Usability - Cord length"/><CSItem code="IT4005644" rank="12" referenceName="Sustainability - User manual"/><CSItem code="IT4035404" rank="13" referenceName="Performance - Annual energy consumption"/><CSItem code="IT4009220" rank="15" referenceName="Filtration - Exhaust filter"/><CSItem code="IT4035405" rank="16" referenceName="Performance - Carpet cleaning class"/><CSItem code="IT4010199" rank="17" referenceName="Weight and dimensions - Dimensions of product (LxWxH)"/><CSItem code="IT4035406" rank="18" referenceName="Performance - Hard floor cleaning class"/><CSItem code="IT4009225" rank="19" referenceName="Usability - Tube type"/><CSItem code="IT4009221" rank="21" referenceName="Filtration - Motor filter"/><CSItem code="IT4009231" rank="23" referenceName="Usability - Tube coupling"/><CSItem code="IT4035407" rank="24" referenceName="Performance - Dust re-emission class"/><CSItem code="IT4009222" rank="26" referenceName="Filtration - HEPA Air Seal"/><CSItem code="IT4035411" rank="27" referenceName="Performance - Sound power level"/><CSItem code="IT4009227" rank="28" referenceName="Usability - Carrying handle"/><CSItem code="IT4009200" rank="30" referenceName="Performance - Input power (IEC)"/><CSItem code="IT4009228" rank="31" referenceName="Usability - Dust full indicator"/><CSItem code="4010823" rank="32" referenceName="Performance - Airflow (max)"/><CSItem code="4012323" rank="33" referenceName="Performance - Vacuum (max)"/></CSItems></Purpose><Purpose type="Discriminators"><Features/><CSItems><CSItem code="IT4035403" rank="1" referenceName="Energy efficiency rating"/><CSItem code="IT4035404" rank="2" referenceName="Annual energy consumption"/><CSItem code="IT4035407" rank="3" referenceName="Dust re-emission class"/><CSItem code="IT4035406" rank="4" referenceName="Hard floor cleaning class"/><CSItem code="IT4035405" rank="5" referenceName="Carpet cleaning class"/><CSItem code="IT4009220" rank="6" referenceName="Exhaust filter"/><CSItem code="IT4005643" rank="7" referenceName="Packaging"/><CSItem code="IT4005644" rank="8" referenceName="User manual"/><CSItem code="IT4009224" rank="9" referenceName="Cord length"/><CSItem code="IT4009228" rank="10" referenceName="Dust full indicator"/></CSItems></Purpose></Filters><FeatureCompareGroups/><Disclaimers><Disclaimer code="DIS40007649" rank="1" referenceName="within Philips range"><DisclaimerText>Binnen de Philips-collectie</DisclaimerText><DisclaimElements/></Disclaimer><Disclaimer code="DIS40012177" rank="2" referenceName="** Energy Label rating is according to commission delegated"><DisclaimerText>**Energielabel conform Gedelegeerde Verordening (EU) nr. 665/2013 van 'A+++' tot 'D'</DisclaimerText><DisclaimElements/></Disclaimer></Disclaimers><KeyValuePairs><KeyValuePair><Key>FdaFlag</Key><Value>false</Value><Type>String</Type></KeyValuePair><KeyValuePair><Key>GrantGroup</Key><Value>PHILIPS</Value><Type>String</Type></KeyValuePair><KeyValuePair><Key>IT4033311</Key><Value>VA4077594</Value><Type>String</Type></KeyValuePair><KeyValuePair><Key>IT4033312</Key><Value>VA4077586</Value><Type>String</Type></KeyValuePair><KeyValuePair><Key>IT4033313</Key><Value>VA4077588</Value><Type>String</Type></KeyValuePair><KeyValuePair><Key>IT4033315</Key><Value>VA4091358</Value><Type>String</Type></KeyValuePair><KeyValuePair><Key>IT4033315</Key><Value>VA4091359</Value><Type>String</Type></KeyValuePair><KeyValuePair><Key>IT4034491</Key><Value>VA4079924</Value><Type>String</Type></KeyValuePair><KeyValuePair><Key>IT4035863</Key><Value>VA4083360</Value><Type>String</Type></KeyValuePair><KeyValuePair><Key>IT4039285</Key><Value>VA4091350</Value><Type>String</Type></KeyValuePair></KeyValuePairs><ReviewStatistics><ReviewStatistics source="110117"><AverageOverallRating>4.5</AverageOverallRating><OverallRatingRange>5</OverallRatingRange><TotalReviewCount>50</TotalReviewCount><RatingsOnlyReviewCount>0</RatingsOnlyReviewCount><RecommendedCount>45</RecommendedCount><AverageRatingValues/><RatingDistribution><RatingDistributionItem><RatingValue>5</RatingValue><Count>27</Count></RatingDistributionItem><RatingDistributionItem><RatingValue>4</RatingValue><Count>21</Count></RatingDistributionItem><RatingDistributionItem><RatingValue>3</RatingValue><Count>2</Count></RatingDistributionItem><RatingDistributionItem><RatingValue>2</RatingValue><Count>0</Count></RatingDistributionItem><RatingDistributionItem><RatingValue>1</RatingValue><Count>0</Count></RatingDistributionItem></RatingDistribution></ReviewStatistics></ReviewStatistics><Award AwardType="ala_summary" awardAlid="208028366" globalSource="false" status="Final Published"><AwardCode>ALA_208028366NL</AwardCode><AwardName>Review samenvatting voor de Philips FC8723</AwardName><AwardDate/><Title>alaTest.nl</Title><Rating>87</Rating><AwardAuthor>alaTest</AwardAuthor><TestPros/><TestCons/><AwardDescription/><AwardAcknowledgement>alaTest heeft 88 reviews verzameld en geanalyseerd voor Philips FC8723. De gemiddelde beoordeling voor dit product is 4.5/5, vergeleken met een gemiddelde beoordeling van 4.1/5 voor andere Stofzuigers.</AwardAcknowledgement><AwardVerdict>We hebben de consumenten- en expertbeoordelingen, de leeftijd van het product en andere factoren geanalyseerd. Vergeleken met andere Stofzuigers krijgt de Philips FC8723 een alaScore™ van 87/100 = Zeer goed.</AwardVerdict><AwardText/><AwardRank>1</AwardRank><AwardSourceCode>ALS_12101</AwardSourceCode><AwardCategory/><AwardSourceLocale>nl_NL</AwardSourceLocale></Award><Award AwardType="global"><AwardCode>GA_GREEN</AwardCode><AwardName>Philips Green-logo</AwardName><AwardDescription>Met groene producten van Philips kunnen kosten, energieverbruik en CO2-uitstoot worden verminderd. Hoe? Deze producten bieden aanzienlijk betere milieuprestaties in een of meer van de Green Focal Areas van Philips: Energieverbruik, Verpakking, Schadelijke stoffen, Gewicht, Recycling en Levensduur.</AwardDescription><AwardText>Philips Green-logo</AwardText><AwardRank>3</AwardRank></Award><ProductClusters/><ProductRefs><ProductReference ProductReferenceType="Accessory"><CTN>CP0128/01</CTN><CTN>CP9260/01</CTN><CTN>CP9273/01</CTN><CTN>CP9277/01</CTN><CTN>CP9278/01</CTN><CTN>CP9701/01</CTN><CTN>CP9702/01</CTN><CTN>CRP740/01</CTN><CTN>FC8021/03</CTN><CTN>FC8021/05</CTN><CTN>FC8022/04</CTN><CTN>FC8023/04</CTN><CTN>FC8031/00</CTN><CTN>FC8038/01</CTN><CTN>FC8044/02</CTN><CTN>FC8060/01</CTN><CTN>FC8070/01</CTN><CTN>FC8077/01</CTN></ProductReference></ProductRefs><RichTexts/><GreenData><GreenAwards><GreenAward code="GA_GREEN" name="PhilipsGreenLogo"/></GreenAwards><EnergyLabel><Name>Energielabel</Name><ShortDescription/><LongDescription>Philips werkt al jaren proactief aan de energiezuinigheid van haar producten. De meeste producten van Philips hebben zo een groen energielabel verworven. Hoe groener het label, des te lager het energieverbruik en uw energierekening, en hoe beter voor het milieu.</LongDescription><Text/><EnergyClass rank="34"><Code>EC_EU_7_T4</Code><Countrycode>NL</Countrycode><Value>Tier 4 - A</Value><Description>NETHERLANDS</Description></EnergyClass></EnergyLabel></GreenData></Product></Products>