<?xml version="1.0" encoding="UTF-8"?><Products xmlns:source="http://apache.org/cocoon/source/1.0" DocStatus="approved" DocTimeStamp="2018-10-24T11:59:45" DocType="PMT" DocVersion="xUCDM_product_external_CQ5_1_1_25"><Product Country="NL" IsAccessory="false" IsMaster="false" Locale="nl_NL" lastModified="2018-10-24T05:16:14" masterLastModified="2018-10-12T00:42:21"><CTN>GC6804/20</CTN><GTIN>08710103824695</GTIN><MarketingVersion>8.2.1</MarketingVersion><MarketingStatus>Final Published</MarketingStatus><CRDate>2017-08-04</CRDate><CRDateYW>201731</CRDateYW><ModelYears/><ProductDivision><ProductDivisionCode>0200</ProductDivisionCode><ProductDivisionName>Consumer Lifestyle</ProductDivisionName><FormerPDCode>0300</FormerPDCode></ProductDivision><ProductOwner>Aafke Post</ProductOwner><DTN>GC6804/20</DTN><Assets><Asset code="GC6804_20" description="Single product shot" extension="" lastModified="2018-10-24" locale="nl_NL" number="" type="IMS">http://images.philips.com/is/image/PhilipsConsumer/GC6804_20-IMS-nl_NL</Asset><Asset code="GC6804_20" description="Product gallery image set" extension="" lastModified="2018-10-24" locale="nl_NL" number="" type="GAL">http://images.philips.com/is/image/PhilipsConsumer/GC6804_20-GAL-nl_NL</Asset><Asset code="GC6804_20" description="Product URL" extension="" lastModified="2018-10-24" locale="nl_NL" number="" type="URL">http://www.philips.nl/c-p/GC6804_20/perfectcare-compact-essential-stoomgenerator</Asset></Assets><ProductName>Pompdruk max. 5,5 bar, stoomgenerator</ProductName><NamingString><MasterBrand><BrandCode>PHI</BrandCode><BrandName>Philips</BrandName></MasterBrand><BrandString>Philips</BrandString><Family><FamilyCode>SB40008931</FamilyCode><FamilyName>PerfectCare Compact Essential</FamilyName><FamilyNameUsed>0</FamilyNameUsed></Family><Descriptor><DescriptorCode>D4020163</DescriptorCode><DescriptorName>Stoomgenerator</DescriptorName></Descriptor><Alphanumeric>GC6804/20</Alphanumeric><VersionElement1><VersionElementCode>V4044496</VersionElementCode><VersionElementName>Pompdruk max. 5,5 bar</VersionElementName></VersionElement1><VersionElement2><VersionElementCode>V4043354</VersionElementCode><VersionElementName>Stoomstoot van max. 230 g</VersionElementName></VersionElement2><VersionElement3><VersionElementCode>V4044425</VersionElementCode><VersionElementName>Vast waterreservoir van 1,3 liter</VersionElementName></VersionElement3><VersionElement4><VersionElementCode>V4008206</VersionElementCode><VersionElementName>Compact ontwerp</VersionElementName></VersionElement4><VersionString>Pompdruk max. 5,5 bar, stoomstoot tot max. 230 g, waterreservoir van 1,3 liter, compact ontwerp</VersionString><BrandedFeatureString/><DescriptorBrandedFeatureString>Stoomgenerator</DescriptorBrandedFeatureString></NamingString><WOW>Strijk sneller met twee keer zoveel stoom*</WOW><SubWOW>Gegarandeerd geen schroeiplekken*</SubWOW><MarketingTextHeader>De krachtige en continue stoom werkt sneller dan een stoomstrijkijzer met OptimalTEMP-technologie zodat u de temperatuur of stoominstellingen niet meer hoeft in te stellen. Compact en lichtgewicht om eenvoudig op te bergen.</MarketingTextHeader><KeyBenefitArea><KeyBenefitAreaCode>K4033501</KeyBenefitAreaCode><KeyBenefitAreaName>Temperatuur instellen niet nodig, gegarandeerd geen brandplekken</KeyBenefitAreaName><KeyBenefitAreaRank>1</KeyBenefitAreaRank><Feature><FeatureCode>F400082450</FeatureCode><FeatureReferenceName>OptimalTEMP technology, no temperature settings required</FeatureReferenceName><FeatureName>Geen temperatuurinstelling nodig</FeatureName><FeatureLongDescription>OptimalTEMP-technologie, geen temperatuurinstellingen vereist</FeatureLongDescription><FeatureGlossary>Strijk alles van spijkerbroeken tot zijde zonder een andere temperatuur in te stellen. Dankzij OptimalTEMP zijn er geen knop of instellingen nodig. U hoeft uw kleding dus niet langer vooraf te sorteren of te wachten tot het strijkijzer is opgewarmd en weer is afgekoeld. U bent klaar voor elke stof, overal en altijd</FeatureGlossary><FeatureRank>1</FeatureRank><FeatureTopRank>2</FeatureTopRank></Feature><Feature><FeatureCode>F400082451</FeatureCode><FeatureReferenceName>No burns – guaranteed</FeatureReferenceName><FeatureName>Geen brandplekken - gegarandeerd</FeatureName><FeatureLongDescription>Geen brandplekken - gegarandeerd</FeatureLongDescription><FeatureGlossary>Wij garanderen dat dit strijkijzer nooit brandplekken zal veroorzaken op welke strijkbare stoffen dan ook. U kunt het strijkijzer zelfs met de onderkant op uw kleren of de strijkplank laten liggen. Geen brandplekken, geen glans. Gegarandeerd.</FeatureGlossary><FeatureRank>2</FeatureRank><FeatureTopRank>3</FeatureTopRank></Feature><Feature><FeatureCode>F400084032</FeatureCode><FeatureReferenceName>Independently tested and approved - woolmark only</FeatureReferenceName><FeatureName>Goedgekeurd door deskundigen</FeatureName><FeatureLongDescription>Onafhankelijk getest en goedgekeurd</FeatureLongDescription><FeatureGlossary>Het Woolmark Gold-keurmerk zorgt ervoor dat een product veilig kan worden gebruikt op iedere wollen stof. Onze stoomstrijkijzers met OptimalTEMP-technologie zijn de eerste en enige strijkijzers, van welk merk dan ook, die dit niveau van certificering hebben verkregen.</FeatureGlossary><FeatureRank>3</FeatureRank><FeatureTopRank>7</FeatureTopRank></Feature></KeyBenefitArea><KeyBenefitArea><KeyBenefitAreaCode>K4034390</KeyBenefitAreaCode><KeyBenefitAreaName>Snel en krachtig</KeyBenefitAreaName><KeyBenefitAreaRank>2</KeyBenefitAreaRank><Feature><FeatureCode>F400082454</FeatureCode><FeatureReferenceName>Powerful steam for ultimate crease removal - mems</FeatureReferenceName><FeatureName>Uiterst krachtige stoom</FeatureName><FeatureLongDescription>Krachtige stoom voor de ultieme verwijdering van kreuken</FeatureLongDescription><FeatureGlossary>Met krachtige en continue stoom kunt u zelfs de dikste stoffen met gemak strijken. Zie hoe hardnekkige kreuken ineens verdwijnen met een extra stoomstoot precies daar waar u het nodig heeft. Deze extra stoom is perfect voor verticaal stomen om al uw kleren en ook gordijnen te verfrissen.</FeatureGlossary><FeatureRank>1</FeatureRank><FeatureTopRank>1</FeatureTopRank></Feature><Feature><FeatureCode>F400082266</FeatureCode><FeatureReferenceName>Calc-clean container included — no cartridges, no extra cost</FeatureReferenceName><FeatureName>Slim ontkalken</FeatureName><FeatureLongDescription>Inclusief Calc-Clean-reservoir — geen cassettes, geen extra kosten</FeatureLongDescription><FeatureGlossary>Het ingebouwde ontkalkingssysteem, Smart Calc Clean waarschuwt u wanneer u moet ontkalken. Het beschikt over een reservoir wat ontkalken eenvoudig maakt. Hierdoor zijn er geen cassettes nodig en krijgt u ook geen extra kosten.</FeatureGlossary><FeatureRank>3</FeatureRank><FeatureTopRank>5</FeatureTopRank></Feature><Feature><FeatureCode>F400082464</FeatureCode><FeatureReferenceName>SteamGlide soleplate for superior gliding - Junior</FeatureReferenceName><FeatureName>SteamGlide-zoolplaat</FeatureName><FeatureLongDescription>SteamGlide-zoolplaat voor superieur strijken</FeatureLongDescription><FeatureGlossary>Onze exclusieve SteamGlide-zoolplaat beweegt soepel over alle soorten stof. Een duurzame 5-laagse coating, waaronder een anticorrosieve voet, zorgen ervoor dat hij nog langer meegaat. Niet-klevend, krasbestendig en eenvoudig schoon te houden.</FeatureGlossary><FeatureRank>2</FeatureRank><FeatureTopRank>8</FeatureTopRank></Feature></KeyBenefitArea><KeyBenefitArea><KeyBenefitAreaCode>K4034391</KeyBenefitAreaCode><KeyBenefitAreaName>Compact en gemakkelijk</KeyBenefitAreaName><KeyBenefitAreaRank>3</KeyBenefitAreaRank><Feature><FeatureCode>F400082269</FeatureCode><FeatureReferenceName>Large tank for long use (1.3L)</FeatureReferenceName><FeatureName>Waterreservoir van 1,3 liter</FeatureName><FeatureLongDescription>Grote tank voor langdurig gebruik</FeatureLongDescription><FeatureGlossary>Een transparant reservoir van 1,3 liter biedt u meer dan 1 uur ononderbroken gebruik. U kunt duidelijk zien hoeveel water er over is en op elk gewenst moment eenvoudig bijvullen onder de kraan via de grote vulopening.</FeatureGlossary><FeatureRank>2</FeatureRank><FeatureTopRank>4</FeatureTopRank></Feature><Feature><FeatureCode>F400082268</FeatureCode><FeatureReferenceName>Lightweight and compact for easy use and storage</FeatureReferenceName><FeatureName>Compact en handig</FeatureName><FeatureLongDescription>Licht en compact voor eenvoudig gebruiken en opbergen</FeatureLongDescription><FeatureGlossary>Het lichte strijkijzer met compact formaat is ideaal voor opbergen en past perfect op uw strijkplank. Exclusieve ProVelocity-technologie zorgt ervoor dat onze stoomgeneratoren kleiner en compacter zijn dan ooit.</FeatureGlossary><FeatureRank>1</FeatureRank><FeatureTopRank>6</FeatureTopRank></Feature></KeyBenefitArea><FeatureImage><FeatureCode>F400082454</FeatureCode><FeatureReferenceName>Powerful steam for ultimate crease removal - mems</FeatureReferenceName><FeatureImageRank>1</FeatureImageRank></FeatureImage><FeatureImage><FeatureCode>F400082450</FeatureCode><FeatureReferenceName>OptimalTEMP technology, no temperature settings required</FeatureReferenceName><FeatureImageRank>2</FeatureImageRank></FeatureImage><FeatureImage><FeatureCode>F400082451</FeatureCode><FeatureReferenceName>No burns – guaranteed</FeatureReferenceName><FeatureImageRank>3</FeatureImageRank></FeatureImage><FeatureImage><FeatureCode>F400082269</FeatureCode><FeatureReferenceName>Large tank for long use (1.3L)</FeatureReferenceName><FeatureImageRank>4</FeatureImageRank></FeatureImage><FeatureImage><FeatureCode>F400082266</FeatureCode><FeatureReferenceName>Calc-clean container included — no cartridges, no extra cost</FeatureReferenceName><FeatureImageRank>5</FeatureImageRank></FeatureImage><FeatureImage><FeatureCode>F400082268</FeatureCode><FeatureReferenceName>Lightweight and compact for easy use and storage</FeatureReferenceName><FeatureImageRank>6</FeatureImageRank></FeatureImage><FeatureImage><FeatureCode>F400084032</FeatureCode><FeatureReferenceName>Independently tested and approved - woolmark only</FeatureReferenceName><FeatureImageRank>7</FeatureImageRank></FeatureImage><FeatureImage><FeatureCode>F400082464</FeatureCode><FeatureReferenceName>SteamGlide soleplate for superior gliding - Junior</FeatureReferenceName><FeatureImageRank>8</FeatureImageRank></FeatureImage><FeatureHighlight><FeatureCode>F400082454</FeatureCode><FeatureReferenceName>Powerful steam for ultimate crease removal - mems</FeatureReferenceName><FeatureHighlightRank>1</FeatureHighlightRank></FeatureHighlight><FeatureHighlight><FeatureCode>F400082450</FeatureCode><FeatureReferenceName>OptimalTEMP technology, no temperature settings required</FeatureReferenceName><FeatureHighlightRank>2</FeatureHighlightRank></FeatureHighlight><FeatureHighlight><FeatureCode>F400082451</FeatureCode><FeatureReferenceName>No burns – guaranteed</FeatureReferenceName><FeatureHighlightRank>3</FeatureHighlightRank></FeatureHighlight><FeatureHighlight><FeatureCode>F400082269</FeatureCode><FeatureReferenceName>Large tank for long use (1.3L)</FeatureReferenceName><FeatureHighlightRank>4</FeatureHighlightRank></FeatureHighlight><FeatureHighlight><FeatureCode>F400082266</FeatureCode><FeatureReferenceName>Calc-clean container included — no cartridges, no extra cost</FeatureReferenceName><FeatureHighlightRank>5</FeatureHighlightRank></FeatureHighlight><FeatureHighlight><FeatureCode>F400082268</FeatureCode><FeatureReferenceName>Lightweight and compact for easy use and storage</FeatureReferenceName><FeatureHighlightRank>6</FeatureHighlightRank></FeatureHighlight><FeatureHighlight><FeatureCode>F400084032</FeatureCode><FeatureReferenceName>Independently tested and approved - woolmark only</FeatureReferenceName><FeatureHighlightRank>7</FeatureHighlightRank></FeatureHighlight><FeatureHighlight><FeatureCode>F400082464</FeatureCode><FeatureReferenceName>SteamGlide soleplate for superior gliding - Junior</FeatureReferenceName><FeatureHighlightRank>8</FeatureHighlightRank></FeatureHighlight><CSChapter><CSChapterCode>CH4007061</CSChapterCode><CSChapterName>Technologie</CSChapterName><CSChapterRank>1</CSChapterRank><CSItem><CSItemCode>IT4039920</CSItemCode><CSItemName>Voor alle strijkbare stoffen</CSItemName><CSItemRank>18</CSItemRank><CSItemIsFreeFormat>0</CSItemIsFreeFormat><CSValue><CSValueCode>VA4093296</CSValueCode><CSValueName>Ja</CSValueName><CSValueRank>5</CSValueRank></CSValue></CSItem><CSItem><CSItemCode>IT4039919</CSItemCode><CSItemName>Geen brandplekken</CSItemName><CSItemRank>25</CSItemRank><CSItemIsFreeFormat>0</CSItemIsFreeFormat><CSValue><CSValueCode>VA4093295</CSValueCode><CSValueName>Ja</CSValueName><CSValueRank>4</CSValueRank></CSValue></CSItem><CSItem><CSItemCode>IT4039918</CSItemCode><CSItemName>Geen temperatuurinstelling nodig</CSItemName><CSItemRank>27</CSItemRank><CSItemIsFreeFormat>0</CSItemIsFreeFormat><CSValue><CSValueCode>VA4093294</CSValueCode><CSValueName>Ja</CSValueName><CSValueRank>10</CSValueRank></CSValue></CSItem><CSItem><CSItemCode>IT4039925</CSItemCode><CSItemName>ProVelocity-stoomgenerator</CSItemName><CSItemRank>31</CSItemRank><CSItemIsFreeFormat>0</CSItemIsFreeFormat><CSValue><CSValueCode>VA4093301</CSValueCode><CSValueName>Ja</CSValueName><CSValueRank>1</CSValueRank></CSValue></CSItem></CSChapter><CSChapter><CSChapterCode>CH4008281</CSChapterCode><CSChapterName>Snelle kreukverwijdering</CSChapterName><CSChapterRank>2</CSChapterRank><CSItem><CSItemCode>IT4039934</CSItemCode><CSItemName>Continue stoom</CSItemName><CSItemRank>14</CSItemRank><CSItemIsFreeFormat>1</CSItemIsFreeFormat><CSValue><CSValueCode>VA4093311</CSValueCode><CSValueName>110</CSValueName><CSValueRank>1</CSValueRank></CSValue><UnitOfMeasure><UnitOfMeasureCode>4000018</UnitOfMeasureCode><UnitOfMeasureName>gram/minuut</UnitOfMeasureName><UnitOfMeasureSymbol>g/min</UnitOfMeasureSymbol></UnitOfMeasure></CSItem><CSItem><CSItemCode>IT4039933</CSItemCode><CSItemName>Vermogen</CSItemName><CSItemRank>19</CSItemRank><CSItemIsFreeFormat>1</CSItemIsFreeFormat><CSValue><CSValueCode>VA4093310</CSValueCode><CSValueName>2400</CSValueName><CSValueRank>1</CSValueRank></CSValue><UnitOfMeasure><UnitOfMeasureCode>3000072</UnitOfMeasureCode><UnitOfMeasureName>watt</UnitOfMeasureName><UnitOfMeasureSymbol>W</UnitOfMeasureSymbol></UnitOfMeasure></CSItem><CSItem><CSItemCode>IT4039932</CSItemCode><CSItemName>Druk</CSItemName><CSItemRank>21</CSItemRank><CSItemIsFreeFormat>1</CSItemIsFreeFormat><CSValue><CSValueCode>VA4093309</CSValueCode><CSValueName>Pompdruk max. 5,5 bar</CSValueName><CSValueRank>1</CSValueRank></CSValue></CSItem><CSItem><CSItemCode>IT4039940</CSItemCode><CSItemName>Gebruiksklaar</CSItemName><CSItemRank>24</CSItemRank><CSItemIsFreeFormat>1</CSItemIsFreeFormat><CSValue><CSValueCode>VA4093318</CSValueCode><CSValueName>2</CSValueName><CSValueRank>1</CSValueRank></CSValue><UnitOfMeasure><UnitOfMeasureCode>3000061</UnitOfMeasureCode><UnitOfMeasureName>minuut</UnitOfMeasureName><UnitOfMeasureSymbol>min.</UnitOfMeasureSymbol></UnitOfMeasure></CSItem><CSItem><CSItemCode>IT4039935</CSItemCode><CSItemName>Stoomstoot</CSItemName><CSItemRank>26</CSItemRank><CSItemIsFreeFormat>1</CSItemIsFreeFormat><CSValue><CSValueCode>VA4093312</CSValueCode><CSValueName>Maximaal 230</CSValueName><CSValueRank>1</CSValueRank></CSValue><UnitOfMeasure><UnitOfMeasureCode>4000006</UnitOfMeasureCode><UnitOfMeasureName>Gram</UnitOfMeasureName><UnitOfMeasureSymbol>g</UnitOfMeasureSymbol></UnitOfMeasure></CSItem><CSItem><CSItemCode>IT4039946</CSItemCode><CSItemName>On-demand stoom</CSItemName><CSItemRank>28</CSItemRank><CSItemIsFreeFormat>0</CSItemIsFreeFormat><CSValue><CSValueCode>VA4093324</CSValueCode><CSValueName>Ja</CSValueName><CSValueRank>14</CSValueRank></CSValue></CSItem><CSItem><CSItemCode>IT4039936</CSItemCode><CSItemName>Verticale stoom</CSItemName><CSItemRank>33</CSItemRank><CSItemIsFreeFormat>0</CSItemIsFreeFormat><CSValue><CSValueCode>VA4093313</CSValueCode><CSValueName>Ja</CSValueName><CSValueRank>7</CSValueRank></CSValue></CSItem><CSItem><CSItemCode>IT4039945</CSItemCode><CSItemName>Voltage</CSItemName><CSItemRank>35</CSItemRank><CSItemIsFreeFormat>1</CSItemIsFreeFormat><CSValue><CSValueCode>VA4093323</CSValueCode><CSValueName>220 - 240</CSValueName><CSValueRank>1</CSValueRank></CSValue><UnitOfMeasure><UnitOfMeasureCode>3000071</UnitOfMeasureCode><UnitOfMeasureName>volt</UnitOfMeasureName><UnitOfMeasureSymbol>volt</UnitOfMeasureSymbol></UnitOfMeasure></CSItem></CSChapter><CSChapter><CSChapterCode>CHA_0000026</CSChapterCode><CSChapterName>Gebruiksvriendelijk</CSChapterName><CSChapterRank>3</CSChapterRank><CSItem><CSItemCode>IT4039947</CSItemCode><CSItemName>Veilig op alle strijkbare kleding</CSItemName><CSItemRank>1</CSItemRank><CSItemIsFreeFormat>0</CSItemIsFreeFormat><CSValue><CSValueCode>VA4093325</CSValueCode><CSValueName>Zelfs kwetsbare stoffen zoals zijde</CSValueName><CSValueRank>8</CSValueRank></CSValue></CSItem><CSItem><CSItemCode>IT4039949</CSItemCode><CSItemName>Glijprestaties zoolplaat</CSItemName><CSItemRank>7</CSItemRank><CSItemIsFreeFormat>1</CSItemIsFreeFormat><CSValue><CSValueCode>VA4093340</CSValueCode><CSValueName>4</CSValueName><CSValueRank>1</CSValueRank></CSValue><UnitOfMeasure><UnitOfMeasureCode>4025423</UnitOfMeasureCode><UnitOfMeasureName>sterren</UnitOfMeasureName><UnitOfMeasureSymbol>sterren</UnitOfMeasureSymbol></UnitOfMeasure></CSItem><CSItem><CSItemCode>IT4039948</CSItemCode><CSItemName>Naam zoolplaat</CSItemName><CSItemRank>10</CSItemRank><CSItemIsFreeFormat>0</CSItemIsFreeFormat><CSValue><CSValueCode>VA4093329</CSValueCode><CSValueName>SteamGlide</CSValueName><CSValueRank>25</CSValueRank></CSValue></CSItem><CSItem><CSItemCode>IT4015768</CSItemCode><CSItemName>Capaciteit waterreservoir</CSItemName><CSItemRank>16</CSItemRank><CSItemIsFreeFormat>1</CSItemIsFreeFormat><CSValue><CSValueCode>VA4031461</CSValueCode><CSValueName>1300</CSValueName><CSValueRank>1</CSValueRank></CSValue><UnitOfMeasure><UnitOfMeasureCode>4000012</UnitOfMeasureCode><UnitOfMeasureName>ml</UnitOfMeasureName><UnitOfMeasureSymbol>ml</UnitOfMeasureSymbol></UnitOfMeasure></CSItem><CSItem><CSItemCode>IT4015771</CSItemCode><CSItemName>Lengte van de slang</CSItemName><CSItemRank>32</CSItemRank><CSItemIsFreeFormat>1</CSItemIsFreeFormat><CSValue><CSValueCode>VA4031464</CSValueCode><CSValueName>1,6</CSValueName><CSValueRank>1</CSValueRank></CSValue><UnitOfMeasure><UnitOfMeasureCode>3000057</UnitOfMeasureCode><UnitOfMeasureName>meter</UnitOfMeasureName><UnitOfMeasureSymbol>m</UnitOfMeasureSymbol></UnitOfMeasure></CSItem><CSItem><CSItemCode>IT4040061</CSItemCode><CSItemName>Geïntegreerd stopcontact</CSItemName><CSItemRank>34</CSItemRank><CSItemIsFreeFormat>0</CSItemIsFreeFormat><CSValue><CSValueCode>VA4093474</CSValueCode><CSValueName>Ja</CSValueName><CSValueRank>2</CSValueRank></CSValue></CSItem><CSItem><CSItemCode>IT4015770</CSItemCode><CSItemName>Netsnoerlengte</CSItemName><CSItemRank>36</CSItemRank><CSItemIsFreeFormat>1</CSItemIsFreeFormat><CSValue><CSValueCode>VA4031463</CSValueCode><CSValueName>1,65</CSValueName><CSValueRank>1</CSValueRank></CSValue><UnitOfMeasure><UnitOfMeasureCode>3000057</UnitOfMeasureCode><UnitOfMeasureName>meter</UnitOfMeasureName><UnitOfMeasureSymbol>m</UnitOfMeasureSymbol></UnitOfMeasure></CSItem><CSItem><CSItemCode>IT4040041</CSItemCode><CSItemName>Nauwkeurige stoomtip</CSItemName><CSItemRank>37</CSItemRank><CSItemIsFreeFormat>0</CSItemIsFreeFormat><CSValue><CSValueCode>VA4093461</CSValueCode><CSValueName>Ja</CSValueName><CSValueRank>3</CSValueRank></CSValue></CSItem><CSItem><CSItemCode>IT4040048</CSItemCode><CSItemName>Gebruiksklaar</CSItemName><CSItemRank>38</CSItemRank><CSItemIsFreeFormat>0</CSItemIsFreeFormat><CSValue><CSValueCode>VA4093466</CSValueCode><CSValueName>Lichtindicator</CSValueName><CSValueRank>11</CSValueRank></CSValue><CSValue><CSValueCode>VA4093467</CSValueCode><CSValueName>Geluidssignaal</CSValueName><CSValueRank>21</CSValueRank></CSValue></CSItem><CSItem><CSItemCode>IT4040050</CSItemCode><CSItemName>Elk moment bij te vullen tijdens gebruik</CSItemName><CSItemRank>39</CSItemRank><CSItemIsFreeFormat>0</CSItemIsFreeFormat><CSValue><CSValueCode>VA4093469</CSValueCode><CSValueName>Ja</CSValueName><CSValueRank>12</CSValueRank></CSValue></CSItem><CSItem><CSItemCode>IT4040039</CSItemCode><CSItemName>Krasbestendige zoolplaat</CSItemName><CSItemRank>40</CSItemRank><CSItemIsFreeFormat>1</CSItemIsFreeFormat><CSValue><CSValueCode>VA4093459</CSValueCode><CSValueName>4</CSValueName><CSValueRank>1</CSValueRank></CSValue><UnitOfMeasure><UnitOfMeasureCode>4025423</UnitOfMeasureCode><UnitOfMeasureName>sterren</UnitOfMeasureName><UnitOfMeasureSymbol>sterren</UnitOfMeasureSymbol></UnitOfMeasure></CSItem></CSChapter><CSChapter><CSChapterCode>CH4008283</CSChapterCode><CSChapterName>Kalkbeheer</CSChapterName><CSChapterRank>4</CSChapterRank><CSItem><CSItemCode>IT4039985</CSItemCode><CSItemName>Schoonmaken en ontkalken</CSItemName><CSItemRank>3</CSItemRank><CSItemIsFreeFormat>0</CSItemIsFreeFormat><CSValue><CSValueCode>VA4094464</CSValueCode><CSValueName>Smart Calc-Clean</CSValueName><CSValueRank>27</CSValueRank></CSValue></CSItem><CSItem><CSItemCode>IT4039986</CSItemCode><CSItemName>Ontkalkingsherinnering</CSItemName><CSItemRank>5</CSItemRank><CSItemIsFreeFormat>0</CSItemIsFreeFormat><CSValue><CSValueCode>VA4093388</CSValueCode><CSValueName>Lamp</CSValueName><CSValueRank>15</CSValueRank></CSValue><CSValue><CSValueCode>VA4093389</CSValueCode><CSValueName>Geluid</CSValueName><CSValueRank>19</CSValueRank></CSValue><CSValue><CSValueCode>VA4102314</CSValueCode><CSValueName>geen cassettes, geen extra kosten</CSValueName><CSValueRank>24</CSValueRank></CSValue></CSItem></CSChapter><CSChapter><CSChapterCode>CHA_0000052</CSChapterCode><CSChapterName>Accessoires meegeleverd</CSChapterName><CSChapterRank>5</CSChapterRank><CSItem><CSItemCode>IT4040014</CSItemCode><CSItemName>Calc Clean-reservoir</CSItemName><CSItemRank>13</CSItemRank><CSItemIsFreeFormat>0</CSItemIsFreeFormat><CSValue><CSValueCode>VA4093427</CSValueCode><CSValueName>Ja</CSValueName><CSValueRank>6</CSValueRank></CSValue></CSItem></CSChapter><CSChapter><CSChapterCode>CH4004748</CSChapterCode><CSChapterName>Opbergen</CSChapterName><CSChapterRank>6</CSChapterRank><CSItem><CSItemCode>IT4039989</CSItemCode><CSItemName>Opbergvak voor snoer</CSItemName><CSItemRank>6</CSItemRank><CSItemIsFreeFormat>0</CSItemIsFreeFormat><CSValue><CSValueCode>VA4093394</CSValueCode><CSValueName>Snoeropbergruimte</CSValueName><CSValueRank>22</CSValueRank></CSValue></CSItem><CSItem><CSItemCode>IT4039988</CSItemCode><CSItemName>Opbergen slang</CSItemName><CSItemRank>11</CSItemRank><CSItemIsFreeFormat>0</CSItemIsFreeFormat><CSValue><CSValueCode>VA4093391</CSValueCode><CSValueName>Opbergruimte voor slang</CSValueName><CSValueRank>20</CSValueRank></CSValue></CSItem></CSChapter><CSChapter><CSChapterCode>CH4008284</CSChapterCode><CSChapterName>Afmetingen en gewicht</CSChapterName><CSChapterRank>7</CSChapterRank><CSItem><CSItemCode>IT4040000</CSItemCode><CSItemName>Afmetingen verpakking (b x h x d)</CSItemName><CSItemRank>20</CSItemRank><CSItemIsFreeFormat>1</CSItemIsFreeFormat><CSValue><CSValueCode>VA4093411</CSValueCode><CSValueName>23,5 x 27 x 39,8</CSValueName><CSValueRank>1</CSValueRank></CSValue><UnitOfMeasure><UnitOfMeasureCode>3000039</UnitOfMeasureCode><UnitOfMeasureName>centimeter</UnitOfMeasureName><UnitOfMeasureSymbol>cm</UnitOfMeasureSymbol></UnitOfMeasure></CSItem><CSItem><CSItemCode>IT4039999</CSItemCode><CSItemName>Productafmetingen (b x h x d)</CSItemName><CSItemRank>22</CSItemRank><CSItemIsFreeFormat>1</CSItemIsFreeFormat><CSValue><CSValueCode>VA4093410</CSValueCode><CSValueName>20,1 x 22,2 x 38,4</CSValueName><CSValueRank>1</CSValueRank></CSValue><UnitOfMeasure><UnitOfMeasureCode>3000039</UnitOfMeasureCode><UnitOfMeasureName>centimeter</UnitOfMeasureName><UnitOfMeasureSymbol>cm</UnitOfMeasureSymbol></UnitOfMeasure></CSItem><CSItem><CSItemCode>IT4039998</CSItemCode><CSItemName>Totale gewicht inclusief verpakking</CSItemName><CSItemRank>23</CSItemRank><CSItemIsFreeFormat>1</CSItemIsFreeFormat><CSValue><CSValueCode>VA4093409</CSValueCode><CSValueName>3,7</CSValueName><CSValueRank>1</CSValueRank></CSValue><UnitOfMeasure><UnitOfMeasureCode>3000049</UnitOfMeasureCode><UnitOfMeasureName>kilogram</UnitOfMeasureName><UnitOfMeasureSymbol>kg</UnitOfMeasureSymbol></UnitOfMeasure></CSItem><CSItem><CSItemCode>IT4039996</CSItemCode><CSItemName>Gewicht van strijkijzer</CSItemName><CSItemRank>29</CSItemRank><CSItemIsFreeFormat>1</CSItemIsFreeFormat><CSValue><CSValueCode>VA4093407</CSValueCode><CSValueName>1,3</CSValueName><CSValueRank>1</CSValueRank></CSValue><UnitOfMeasure><UnitOfMeasureCode>3000049</UnitOfMeasureCode><UnitOfMeasureName>kilogram</UnitOfMeasureName><UnitOfMeasureSymbol>kg</UnitOfMeasureSymbol></UnitOfMeasure></CSItem><CSItem><CSItemCode>IT4040441</CSItemCode><CSItemName>Gewicht van strijkijzer + voet</CSItemName><CSItemRank>30</CSItemRank><CSItemIsFreeFormat>1</CSItemIsFreeFormat><CSValue><CSValueCode>VA4094184</CSValueCode><CSValueName>2,72</CSValueName><CSValueRank>1</CSValueRank></CSValue><UnitOfMeasure><UnitOfMeasureCode>3000049</UnitOfMeasureCode><UnitOfMeasureName>kilogram</UnitOfMeasureName><UnitOfMeasureSymbol>kg</UnitOfMeasureSymbol></UnitOfMeasure></CSItem></CSChapter><CSChapter><CSChapterCode>CHA_0000075</CSChapterCode><CSChapterName>Garantie</CSChapterName><CSChapterRank>8</CSChapterRank><CSItem><CSItemCode>IT4039992</CSItemCode><CSItemName>2 jaar wereldwijde garantie</CSItemName><CSItemRank>9</CSItemRank><CSItemIsFreeFormat>0</CSItemIsFreeFormat><CSValue><CSValueCode>VA4093403</CSValueCode><CSValueName>Ja</CSValueName><CSValueRank>13</CSValueRank></CSValue></CSItem></CSChapter><CSChapter><CSChapterCode>CH4008282</CSChapterCode><CSChapterName>Milieuvriendelijke efficiëntie</CSChapterName><CSChapterRank>9</CSChapterRank><CSItem><CSItemCode>IT4039984</CSItemCode><CSItemName>Verpakking van het product</CSItemName><CSItemRank>12</CSItemRank><CSItemIsFreeFormat>0</CSItemIsFreeFormat><CSValue><CSValueCode>VA4093374</CSValueCode><CSValueName>100% recyclebaar</CSValueName><CSValueRank>9</CSValueRank></CSValue></CSItem></CSChapter><Filters><Purpose type="Comparison"><Features><Feature code="F400082454" rank="1" referenceName="Powerful steam for ultimate crease removal - mems"/><Feature code="F400082450" rank="2" referenceName="OptimalTEMP technology, no temperature settings required"/><Feature code="F400082451" rank="3" referenceName="No burns – guaranteed"/><Feature code="F400082269" rank="4" referenceName="Large tank for long use (1.3L)"/><Feature code="F400082266" rank="5" referenceName="Calc-clean container included — no cartridges, no extra cost"/><Feature code="F400082268" rank="6" referenceName="Lightweight and compact for easy use and storage"/><Feature code="F400084032" rank="7" referenceName="Independently tested and approved - woolmark only"/><Feature code="F400082464" rank="8" referenceName="SteamGlide soleplate for superior gliding - Junior"/></Features><CSItems><CSItem code="IT4039947" rank="1" referenceName="Easy to use - Safe on all ironable fabrics"/><CSItem code="IT4039985" rank="3" referenceName="Scale management - Descaling and cleaning"/><CSItem code="IT4039986" rank="5" referenceName="Scale management - Descaling reminder"/><CSItem code="IT4039989" rank="6" referenceName="Storage - Cord storage"/><CSItem code="IT4039949" rank="7" referenceName="Easy to use - Soleplate gliding performance"/><CSItem code="IT4039992" rank="9" referenceName="Guarantee - 2 year worldwide guarantee"/><CSItem code="IT4039948" rank="10" referenceName="Easy to use - Soleplate name"/><CSItem code="IT4039988" rank="11" referenceName="Storage - Hose storage"/><CSItem code="IT4039984" rank="12" referenceName="Green efficiency - Product packaging"/><CSItem code="IT4040014" rank="13" referenceName="Accessories included - Calc clean container"/><CSItem code="IT4039934" rank="14" referenceName="Fast crease removal - Continuous steam"/><CSItem code="IT4015768" rank="16" referenceName="Easy to use - Water tank capacity"/><CSItem code="IT4039920" rank="18" referenceName="Technology - For all ironable fabrics"/><CSItem code="IT4039933" rank="19" referenceName="Fast crease removal - Power"/><CSItem code="IT4040000" rank="20" referenceName="Size and weight - Packaging dimensions (WxHxL)"/><CSItem code="IT4039932" rank="21" referenceName="Fast crease removal - Pressure"/><CSItem code="IT4039999" rank="22" referenceName="Size and weight - Product dimensions (WxHxL)"/><CSItem code="IT4039998" rank="23" referenceName="Size and weight - Total weight with packaging"/><CSItem code="IT4039940" rank="24" referenceName="Fast crease removal - Ready to use"/><CSItem code="IT4039919" rank="25" referenceName="Technology - No burns"/><CSItem code="IT4039935" rank="26" referenceName="Fast crease removal - Steam boost"/><CSItem code="IT4039918" rank="27" referenceName="Technology - No temperature settings needed"/><CSItem code="IT4039946" rank="28" referenceName="Fast crease removal - Steam-on-demand"/><CSItem code="IT4039996" rank="29" referenceName="Size and weight - Weight of iron"/><CSItem code="IT4040441" rank="30" referenceName="Size and weight - Weight of iron + base"/><CSItem code="IT4039925" rank="31" referenceName="Technology - ProVelocity steam engine"/><CSItem code="IT4015771" rank="32" referenceName="Easy to use - Hose length"/><CSItem code="IT4039936" rank="33" referenceName="Fast crease removal - Vertical steam"/><CSItem code="IT4040061" rank="34" referenceName="Easy to use - Integrated power plug"/><CSItem code="IT4039945" rank="35" referenceName="Fast crease removal - Voltage"/><CSItem code="IT4015770" rank="36" referenceName="Easy to use - Power cord length"/><CSItem code="IT4040041" rank="37" referenceName="Easy to use - Precision steam tip"/><CSItem code="IT4040048" rank="38" referenceName="Easy to use - Ready to use"/><CSItem code="IT4040050" rank="39" referenceName="Easy to use - Refill any time during use"/><CSItem code="IT4040039" rank="40" referenceName="Easy to use - Soleplate scratch resistance"/></CSItems></Purpose><Purpose type="Detail"><Features><Feature code="F400082454" rank="1" referenceName="Powerful steam for ultimate crease removal - mems"/><Feature code="F400082450" rank="2" referenceName="OptimalTEMP technology, no temperature settings required"/><Feature code="F400082451" rank="3" referenceName="No burns – guaranteed"/><Feature code="F400082269" rank="4" referenceName="Large tank for long use (1.3L)"/><Feature code="F400082266" rank="5" referenceName="Calc-clean container included — no cartridges, no extra cost"/><Feature code="F400082268" rank="6" referenceName="Lightweight and compact for easy use and storage"/><Feature code="F400084032" rank="7" referenceName="Independently tested and approved - woolmark only"/><Feature code="F400082464" rank="8" referenceName="SteamGlide soleplate for superior gliding - Junior"/></Features><CSItems><CSItem code="IT4039947" rank="1" referenceName="Easy to use - Safe on all ironable fabrics"/><CSItem code="IT4039985" rank="3" referenceName="Scale management - Descaling and cleaning"/><CSItem code="IT4039986" rank="5" referenceName="Scale management - Descaling reminder"/><CSItem code="IT4039989" rank="6" referenceName="Storage - Cord storage"/><CSItem code="IT4039949" rank="7" referenceName="Easy to use - Soleplate gliding performance"/><CSItem code="IT4039992" rank="9" referenceName="Guarantee - 2 year worldwide guarantee"/><CSItem code="IT4039948" rank="10" referenceName="Easy to use - Soleplate name"/><CSItem code="IT4039988" rank="11" referenceName="Storage - Hose storage"/><CSItem code="IT4039984" rank="12" referenceName="Green efficiency - Product packaging"/><CSItem code="IT4040014" rank="13" referenceName="Accessories included - Calc clean container"/><CSItem code="IT4039934" rank="14" referenceName="Fast crease removal - Continuous steam"/><CSItem code="IT4015768" rank="16" referenceName="Easy to use - Water tank capacity"/><CSItem code="IT4039920" rank="18" referenceName="Technology - For all ironable fabrics"/><CSItem code="IT4039933" rank="19" referenceName="Fast crease removal - Power"/><CSItem code="IT4040000" rank="20" referenceName="Size and weight - Packaging dimensions (WxHxL)"/><CSItem code="IT4039932" rank="21" referenceName="Fast crease removal - Pressure"/><CSItem code="IT4039999" rank="22" referenceName="Size and weight - Product dimensions (WxHxL)"/><CSItem code="IT4039998" rank="23" referenceName="Size and weight - Total weight with packaging"/><CSItem code="IT4039940" rank="24" referenceName="Fast crease removal - Ready to use"/><CSItem code="IT4039919" rank="25" referenceName="Technology - No burns"/><CSItem code="IT4039935" rank="26" referenceName="Fast crease removal - Steam boost"/><CSItem code="IT4039918" rank="27" referenceName="Technology - No temperature settings needed"/><CSItem code="IT4039946" rank="28" referenceName="Fast crease removal - Steam-on-demand"/><CSItem code="IT4039996" rank="29" referenceName="Size and weight - Weight of iron"/><CSItem code="IT4040441" rank="30" referenceName="Size and weight - Weight of iron + base"/><CSItem code="IT4039925" rank="31" referenceName="Technology - ProVelocity steam engine"/><CSItem code="IT4015771" rank="32" referenceName="Easy to use - Hose length"/><CSItem code="IT4039936" rank="33" referenceName="Fast crease removal - Vertical steam"/><CSItem code="IT4040061" rank="34" referenceName="Easy to use - Integrated power plug"/><CSItem code="IT4039945" rank="35" referenceName="Fast crease removal - Voltage"/><CSItem code="IT4015770" rank="36" referenceName="Easy to use - Power cord length"/><CSItem code="IT4040041" rank="37" referenceName="Easy to use - Precision steam tip"/><CSItem code="IT4040048" rank="38" referenceName="Easy to use - Ready to use"/><CSItem code="IT4040050" rank="39" referenceName="Easy to use - Refill any time during use"/><CSItem code="IT4040039" rank="40" referenceName="Easy to use - Soleplate scratch resistance"/></CSItems></Purpose><Purpose type="Discriminators"><Features/><CSItems><CSItem code="IT4039919" rank="1" referenceName="No burns"/><CSItem code="IT4039918" rank="2" referenceName="No temperature settings needed"/><CSItem code="IT4039932" rank="3" referenceName="Pressure"/><CSItem code="IT4039935" rank="4" referenceName="Steam boost"/><CSItem code="IT4015768" rank="6" referenceName="Water tank capacity"/><CSItem code="IT4039996" rank="8" referenceName="Weight of iron"/><CSItem code="IT4039985" rank="9" referenceName="Descaling and cleaning"/></CSItems></Purpose></Filters><FeatureCompareGroups/><Disclaimers><Disclaimer code="DIS40011512" rank="1" referenceName="On all ironable fabrics"><DisclaimerText>Op alle strijkbare stoffen</DisclaimerText><DisclaimElements/></Disclaimer><Disclaimer code="DIS40011717" rank="2" referenceName="Compared to Philips steam iron PowerLife"><DisclaimerText>Vergeleken met het Philips-stoomstrijkijzer PowerLife</DisclaimerText><DisclaimElements/></Disclaimer></Disclaimers><KeyValuePairs><KeyValuePair><Key>FdaFlag</Key><Value>false</Value><Type>String</Type></KeyValuePair><KeyValuePair><Key>GrantGroup</Key><Value>PHILIPS</Value><Type>String</Type></KeyValuePair><KeyValuePair><Key>IT4041694</Key><Value>VA4096643</Value><Type>String</Type></KeyValuePair><KeyValuePair><Key>IT4041695</Key><Value>VA4096645</Value><Type>String</Type></KeyValuePair><KeyValuePair><Key>IT4041696</Key><Value>VA4096647</Value><Type>String</Type></KeyValuePair><KeyValuePair><Key>IT4041697</Key><Value>VA4096650</Value><Type>String</Type></KeyValuePair><KeyValuePair><Key>IT4041698</Key><Value>VA4099526</Value><Type>String</Type></KeyValuePair></KeyValuePairs><ProductClusters/><ProductRefs/><RichTexts/><GreenData><GreenAwards/><EnergyLabel/></GreenData></Product></Products>