<?xml version="1.0" encoding="UTF-8"?><Products xmlns:source="http://apache.org/cocoon/source/1.0" DocStatus="approved" DocTimeStamp="2018-10-24T11:59:45" DocType="PMT" DocVersion="xUCDM_product_external_CQ5_1_1_25"><Product Country="NL" IsAccessory="false" IsMaster="false" Locale="nl_NL" lastModified="2018-10-24T05:16:14" masterLastModified="2018-08-16T00:21:49"><CTN>S5210/06</CTN><GTIN>08710103836216</GTIN><MarketingVersion>1.2.1</MarketingVersion><MarketingStatus>Final Published</MarketingStatus><CRDate>2016-11-04</CRDate><CRDateYW>201645</CRDateYW><ModelYears/><ProductDivision><ProductDivisionCode>0200</ProductDivisionCode><ProductDivisionName>Consumer Lifestyle</ProductDivisionName><FormerPDCode>0300</FormerPDCode></ProductDivision><ProductOwner>Manish Kumar Singh</ProductOwner><DTN>S5210/06</DTN><Assets><Asset code="S5210_06" description="Single product shot" extension="" lastModified="2018-10-24" locale="nl_NL" number="" type="IMS">http://images.philips.com/is/image/PhilipsConsumer/S5210_06-IMS-nl_NL</Asset><Asset code="S5210_06" description="Product gallery image set" extension="" lastModified="2018-10-24" locale="nl_NL" number="" type="GAL">http://images.philips.com/is/image/PhilipsConsumer/S5210_06-GAL-nl_NL</Asset><Asset code="S5210_06" description="Product URL" extension="" lastModified="2018-10-24" locale="nl_NL" number="" type="URL">http://www.philips.nl/c-p/S5210_06/shaver-series-5000-elektrisch-scheerapparaat-voor-nat-en-droog-scheren</Asset></Assets><ProductName>Elektrisch scheerapparaat voor nat en droog scheren</ProductName><NamingString><MasterBrand><BrandCode>PHI</BrandCode><BrandName>Philips</BrandName></MasterBrand><BrandString>Philips</BrandString><Family><FamilyCode>SB40004141</FamilyCode><FamilyName>Shaver series 5000</FamilyName><FamilyNameUsed>1</FamilyNameUsed></Family><Descriptor><DescriptorCode>D4013822</DescriptorCode><DescriptorName>Elektrisch scheerapparaat voor nat en droog scheren</DescriptorName></Descriptor><Alphanumeric>S5210/06</Alphanumeric><VersionElement1><VersionElementCode>V4039234</VersionElementCode><VersionElementName>MultiPrecision-messysteem</VersionElementName></VersionElement1><VersionElement2><VersionElementCode>V4039235</VersionElementCode><VersionElementName>Flex-scheerhoofden, 5 draairichtingen</VersionElementName></VersionElement2><VersionElement3><VersionElementCode>V4032126</VersionElementCode><VersionElementName>SmartClick-precisietrimmer</VersionElementName></VersionElement3><VersionString>MultiPrecision-systeem, flex-scheerhoofden met 5 draairichtingen, SmartClick-precisietrimmer</VersionString><BrandedFeatureString/><DescriptorBrandedFeatureString>Elektrisch scheerapparaat voor nat en droog scheren</DescriptorBrandedFeatureString></NamingString><WOW>Nat of droog, beschermende scheerbeurt</WOW><SubWOW>Beschermt 10x zo goed als een standaard scheermes*</SubWOW><MarketingTextHeader>De Shaver series 5000 versnelt uw ochtendroutine met een snel MultiPrecision-systeem en volledig afspoelbare scheerhoofden.</MarketingTextHeader><KeyBenefitArea><KeyBenefitAreaCode>K4012411</KeyBenefitAreaCode><KeyBenefitAreaName>Comfortabel en glad scheren</KeyBenefitAreaName><KeyBenefitAreaRank>1</KeyBenefitAreaRank><Feature><FeatureCode>F400072077</FeatureCode><FeatureReferenceName>MultiPrecision Blade System (S6000 S5000)</FeatureReferenceName><FeatureName>MultiPrecision-messysteem</FeatureName><FeatureLongDescription>Messen tillen de haren op en snijden vervolgens de lange en korte samen voor een snelle scheerbeurt</FeatureLongDescription><FeatureGlossary>Ga voor een snel en glad scheerresultaat. Ons MultiPrecision-systeem tilt alle haartjes op en scheert ze samen met resterende stoppels. En dat alles in enkele bewegingen.</FeatureGlossary><FeatureRank>1</FeatureRank><FeatureTopRank>1</FeatureTopRank></Feature><Feature><FeatureCode>F400072079_S5210_06</FeatureCode><FeatureReferenceName>5-direction Flex Heads (S5000)</FeatureReferenceName><FeatureName>Flex-scheerhoofden, 5 draairichtingen</FeatureName><FeatureLongDescription>Scheerhoofden draaien in 5 richtingen voor een snelle en gladde scheerbeurt</FeatureLongDescription><FeatureGlossary>Flex-scheerhoofden met 5 draairichtingen zorgen voor nauw contact met de huid voor een snelle en gladde scheerbeurt, zelfs bij de hals en kaaklijn.</FeatureGlossary><FeatureRank>2</FeatureRank><FeatureTopRank>2</FeatureTopRank></Feature><Feature><FeatureCode>F400072086</FeatureCode><FeatureReferenceName>Super Lift &amp; Cut Action (S5000)</FeatureReferenceName><FeatureName>Super Lift &amp; Cut-systeem</FeatureName><FeatureLongDescription>Tilt haartjes op voor een comfortabele gladde scheerbeurt</FeatureLongDescription><FeatureGlossary>Het Super Lift &amp; Cut-systeem met twee mesjes zorgt voor een zeer glad resultaat. Het eerste mesje tilt elk haartje op terwijl het tweede mesje de haar onder het huidniveau comfortabel afscheert, voor een ultragladde scheerbeurt.</FeatureGlossary><FeatureRank>3</FeatureRank><FeatureTopRank>3</FeatureTopRank></Feature></KeyBenefitArea><KeyBenefitArea><KeyBenefitAreaCode>K300000216</KeyBenefitAreaCode><KeyBenefitAreaName>Gebruiksvriendelijk</KeyBenefitAreaName><KeyBenefitAreaRank>2</KeyBenefitAreaRank><Feature><FeatureCode>F400072080</FeatureCode><FeatureReferenceName>One touch open (S5000 Philishave S3000)</FeatureReferenceName><FeatureName>Open met één druk op de knop</FeatureName><FeatureLongDescription>Scheerapparaat kan worden schoongespoeld onder de kraan</FeatureLongDescription><FeatureGlossary>Klap de scheerhoofden open en spoel ze grondig af onder de kraan.</FeatureGlossary><FeatureRank>8</FeatureRank><FeatureTopRank>4</FeatureTopRank></Feature><Feature><FeatureCode>F400072081_S5210_06</FeatureCode><FeatureReferenceName>LED display (S5000 1 level)</FeatureReferenceName><FeatureName>LED-display</FeatureName><FeatureLongDescription>Batterij-indicator met 1 niveaus en reisvergrendelingsindicatoren</FeatureLongDescription><FeatureGlossary>Het intuïtieve display geeft relevante informatie weer voor optimale prestaties van uw scheerapparaat: - batterij-indicator met 1 niveaus - reinigingsindicator - batterij bijna leeg-indicator - indicatie voor scheerhoofden vervangen - reisvergrendelingsindicator</FeatureGlossary><FeatureRank>7</FeatureRank><FeatureTopRank>5</FeatureTopRank></Feature><Feature><FeatureCode>F400072241_S5210_06</FeatureCode><FeatureReferenceName>40 minutes of cordless shaving (S5000 AT W&amp;D)</FeatureReferenceName><FeatureName>40 minuten snoerloos scheren</FeatureName><FeatureLongDescription>40 minuten snoerloos scheren</FeatureLongDescription><FeatureGlossary>Na 1 uur opladen kunt u meer dan 40 minuten scheren, dat zijn ongeveer 13 scheerbeurten. Dit scheerapparaat is alleen draadloos te gebruiken.</FeatureGlossary><FeatureRank>5</FeatureRank><FeatureTopRank>6</FeatureTopRank></Feature><Feature><FeatureCode>F400072209_S5210_06</FeatureCode><FeatureReferenceName>1-hour charging time (S5000 Li-ion)</FeatureReferenceName><FeatureName>Oplaadtijd van 1 uur</FeatureName><FeatureLongDescription>Oplaadtijd van 1 uur</FeatureLongDescription><FeatureGlossary>Scheer langer na elke keer opladen, dankzij onze krachtige, energiezuinige en duurzame lithium-ionaccu. Laad snel op in 5 minuten en u hebt voldoende vermogen voor één scheerbeurt.</FeatureGlossary><FeatureRank>6</FeatureRank><FeatureTopRank>7</FeatureTopRank></Feature><Feature><FeatureCode>F400038722</FeatureCode><FeatureReferenceName>Built to last (shaver)</FeatureReferenceName><FeatureName>Duurzaam gebouwd</FeatureName><FeatureLongDescription>2 jaar garantie, werkt op alle voltages, vervangbare mesjes</FeatureLongDescription><FeatureGlossary>Al onze scheerapparaten worden geleverd met 2 jaar wereldwijde garantie en kunnen aan iedere spanning worden aangepast. De messen hoeven maar eens in de 2 jaar te worden vervangen.</FeatureGlossary><FeatureRank>9</FeatureRank><FeatureTopRank>9</FeatureTopRank></Feature></KeyBenefitArea><KeyBenefitArea><KeyBenefitAreaCode>K4028096</KeyBenefitAreaCode><KeyBenefitAreaName>Haal het maximale uit uw scheerapparaat</KeyBenefitAreaName><KeyBenefitAreaRank>3</KeyBenefitAreaRank><Feature><FeatureCode>F400072085</FeatureCode><FeatureReferenceName>SmartClick precision trimmer (S5000)</FeatureReferenceName><FeatureName>SmartClick-precisietrimmer</FeatureName><FeatureLongDescription>Opzetbare trimmer voor het perfect trimmen van snor en bakkebaarden</FeatureLongDescription><FeatureGlossary>Bevestig onze huidvriendelijke precisietrimmer om uw look te voltooien. Deze is ideaal voor het onderhouden van uw snor en het trimmen van uw bakkebaarden.</FeatureGlossary><FeatureRank>4</FeatureRank><FeatureTopRank>8</FeatureTopRank></Feature></KeyBenefitArea><FeatureImage><FeatureCode>F400072077</FeatureCode><FeatureReferenceName>MultiPrecision Blade System (S6000 S5000)</FeatureReferenceName><FeatureImageRank>1</FeatureImageRank></FeatureImage><FeatureImage><FeatureCode>F400072079_S5210_06</FeatureCode><FeatureReferenceName>5-direction Flex Heads (S5000)</FeatureReferenceName><FeatureImageRank>2</FeatureImageRank></FeatureImage><FeatureImage><FeatureCode>F400072086</FeatureCode><FeatureReferenceName>Super Lift &amp; Cut Action (S5000)</FeatureReferenceName><FeatureImageRank>3</FeatureImageRank></FeatureImage><FeatureImage><FeatureCode>F400072080</FeatureCode><FeatureReferenceName>One touch open (S5000 Philishave S3000)</FeatureReferenceName><FeatureImageRank>4</FeatureImageRank></FeatureImage><FeatureImage><FeatureCode>F400072081_S5210_06</FeatureCode><FeatureReferenceName>LED display (S5000 1 level)</FeatureReferenceName><FeatureImageRank>5</FeatureImageRank></FeatureImage><FeatureImage><FeatureCode>F400072241_S5210_06</FeatureCode><FeatureReferenceName>40 minutes of cordless shaving (S5000 AT W&amp;D)</FeatureReferenceName><FeatureImageRank>6</FeatureImageRank></FeatureImage><FeatureImage><FeatureCode>F400072209_S5210_06</FeatureCode><FeatureReferenceName>1-hour charging time (S5000 Li-ion)</FeatureReferenceName><FeatureImageRank>7</FeatureImageRank></FeatureImage><FeatureImage><FeatureCode>F400072085</FeatureCode><FeatureReferenceName>SmartClick precision trimmer (S5000)</FeatureReferenceName><FeatureImageRank>8</FeatureImageRank></FeatureImage><FeatureImage><FeatureCode>F400038722</FeatureCode><FeatureReferenceName>Built to last (shaver)</FeatureReferenceName><FeatureImageRank>9</FeatureImageRank></FeatureImage><FeatureHighlight><FeatureCode>F400072077</FeatureCode><FeatureReferenceName>MultiPrecision Blade System (S6000 S5000)</FeatureReferenceName><FeatureHighlightRank>1</FeatureHighlightRank></FeatureHighlight><FeatureHighlight><FeatureCode>F400072079_S5210_06</FeatureCode><FeatureReferenceName>5-direction Flex Heads (S5000)</FeatureReferenceName><FeatureHighlightRank>2</FeatureHighlightRank></FeatureHighlight><FeatureHighlight><FeatureCode>F400072086</FeatureCode><FeatureReferenceName>Super Lift &amp; Cut Action (S5000)</FeatureReferenceName><FeatureHighlightRank>3</FeatureHighlightRank></FeatureHighlight><FeatureHighlight><FeatureCode>F400072080</FeatureCode><FeatureReferenceName>One touch open (S5000 Philishave S3000)</FeatureReferenceName><FeatureHighlightRank>4</FeatureHighlightRank></FeatureHighlight><FeatureHighlight><FeatureCode>F400072081_S5210_06</FeatureCode><FeatureReferenceName>LED display (S5000 1 level)</FeatureReferenceName><FeatureHighlightRank>5</FeatureHighlightRank></FeatureHighlight><FeatureHighlight><FeatureCode>F400072241_S5210_06</FeatureCode><FeatureReferenceName>40 minutes of cordless shaving (S5000 AT W&amp;D)</FeatureReferenceName><FeatureHighlightRank>6</FeatureHighlightRank></FeatureHighlight><FeatureHighlight><FeatureCode>F400072209_S5210_06</FeatureCode><FeatureReferenceName>1-hour charging time (S5000 Li-ion)</FeatureReferenceName><FeatureHighlightRank>7</FeatureHighlightRank></FeatureHighlight><FeatureHighlight><FeatureCode>F400072085</FeatureCode><FeatureReferenceName>SmartClick precision trimmer (S5000)</FeatureReferenceName><FeatureHighlightRank>8</FeatureHighlightRank></FeatureHighlight><FeatureHighlight><FeatureCode>F400038722</FeatureCode><FeatureReferenceName>Built to last (shaver)</FeatureReferenceName><FeatureHighlightRank>9</FeatureHighlightRank></FeatureHighlight><CSChapter><CSChapterCode>CH4001523</CSChapterCode><CSChapterName>Scheerresultaten</CSChapterName><CSChapterRank>1</CSChapterRank><CSItem><CSItemCode>IT4007976</CSItemCode><CSItemName>Scheersysteem</CSItemName><CSItemRank>6</CSItemRank><CSItemIsFreeFormat>0</CSItemIsFreeFormat><CSValue><CSValueCode>VA4087521</CSValueCode><CSValueName>MultiPrecision-messysteem</CSValueName><CSValueRank>21</CSValueRank></CSValue><CSValue><CSValueCode>VA4076303</CSValueCode><CSValueName>Super Lift &amp; Cut-systeem</CSValueName><CSValueRank>31</CSValueRank></CSValue></CSItem><CSItem><CSItemCode>IT4007977</CSItemCode><CSItemName>Volgt de contouren</CSItemName><CSItemRank>11</CSItemRank><CSItemIsFreeFormat>0</CSItemIsFreeFormat><CSValue><CSValueCode>VA4096954</CSValueCode><CSValueName>Flex-scheerhoofden, 5 draairichtingen</CSValueName><CSValueRank>23</CSValueRank></CSValue></CSItem><CSItem><CSItemCode>IT4007978</CSItemCode><CSItemName>Huidcomfort</CSItemName><CSItemRank>17</CSItemRank><CSItemIsFreeFormat>0</CSItemIsFreeFormat><CSValue><CSValueCode>VA4081202</CSValueCode><CSValueName>AquaTec Wet &amp; Dry</CSValueName><CSValueRank>25</CSValueRank></CSValue></CSItem></CSChapter><CSChapter><CSChapterCode>3000815</CSChapterCode><CSChapterName>Accessoires</CSChapterName><CSChapterRank>2</CSChapterRank><CSItem><CSItemCode>IT4032633</CSItemCode><CSItemName>SmartClick</CSItemName><CSItemRank>4</CSItemRank><CSItemIsFreeFormat>0</CSItemIsFreeFormat><CSValue><CSValueCode>VA4076320</CSValueCode><CSValueName>Precisietrimmer</CSValueName><CSValueRank>8</CSValueRank></CSValue></CSItem><CSItem><CSItemCode>IT4007992</CSItemCode><CSItemName>Onderhoud</CSItemName><CSItemRank>26</CSItemRank><CSItemIsFreeFormat>0</CSItemIsFreeFormat><CSValue><CSValueCode>VA4019996</CSValueCode><CSValueName>Beschermkap</CSValueName><CSValueRank>14</CSValueRank></CSValue></CSItem></CSChapter><CSChapter><CSChapterCode>CH4001524</CSChapterCode><CSChapterName>Gebruiksgemak</CSChapterName><CSChapterRank>3</CSChapterRank><CSItem><CSItemCode>IT4007980</CSItemCode><CSItemName>Display</CSItemName><CSItemRank>3</CSItemRank><CSItemIsFreeFormat>0</CSItemIsFreeFormat><CSValue><CSValueCode>VA4084206</CSValueCode><CSValueName>Batterij-indicator met 1 niveau</CSValueName><CSValueRank>28</CSValueRank></CSValue><CSValue><CSValueCode>VA4019961</CSValueCode><CSValueName>Batterij bijna leeg-indicator</CSValueName><CSValueRank>30</CSValueRank></CSValue><CSValue><CSValueCode>VA4020566</CSValueCode><CSValueName>Oplaadindicator</CSValueName><CSValueRank>32</CSValueRank></CSValue><CSValue><CSValueCode>VA4022648</CSValueCode><CSValueName>Reinigingsindicator</CSValueName><CSValueRank>33</CSValueRank></CSValue><CSValue><CSValueCode>VA4019963</CSValueCode><CSValueName>Indicatie voor scheerhoofden vervangen</CSValueName><CSValueRank>34</CSValueRank></CSValue><CSValue><CSValueCode>VA4076314</CSValueCode><CSValueName>Reisvergrendelingsindicator</CSValueName><CSValueRank>35</CSValueRank></CSValue></CSItem><CSItem><CSItemCode>IT4007985</CSItemCode><CSItemName>Reiniging</CSItemName><CSItemRank>8</CSItemRank><CSItemIsFreeFormat>0</CSItemIsFreeFormat><CSValue><CSValueCode>VA4063376</CSValueCode><CSValueName>Volledig afspoelbaar</CSValueName><CSValueRank>6</CSValueRank></CSValue></CSItem><CSItem><CSItemCode>IT4027494</CSItemCode><CSItemName>Bediening</CSItemName><CSItemRank>18</CSItemRank><CSItemIsFreeFormat>0</CSItemIsFreeFormat><CSValue><CSValueCode>VA4090065</CSValueCode><CSValueName>Koppel los voor gebruik</CSValueName><CSValueRank>27</CSValueRank></CSValue></CSItem></CSChapter><CSChapter><CSChapterCode>3001096</CSChapterCode><CSChapterName>Ontwerp</CSChapterName><CSChapterRank>4</CSChapterRank><CSItem><CSItemCode>IT4008709</CSItemCode><CSItemName>Handvat</CSItemName><CSItemRank>5</CSItemRank><CSItemIsFreeFormat>0</CSItemIsFreeFormat><CSValue><CSValueCode>VA4076321</CSValueCode><CSValueName>Ergonomische grip</CSValueName><CSValueRank>5</CSValueRank></CSValue></CSItem><CSItem><CSItemCode>S_0000001</CSItemCode><CSItemName>Kleur</CSItemName><CSItemRank>13</CSItemRank><CSItemIsFreeFormat>1</CSItemIsFreeFormat><CSValue><CSValueCode>VA4007102</CSValueCode><CSValueName>Houtskoolgrijs - snoekwit</CSValueName><CSValueRank>1</CSValueRank></CSValue></CSItem></CSChapter><CSChapter><CSChapterCode>3000821</CSChapterCode><CSChapterName>Vermogen</CSChapterName><CSChapterRank>5</CSChapterRank><CSItem><CSItemCode>3006920</CSItemCode><CSItemName>Batterijtype</CSItemName><CSItemRank>2</CSItemRank><CSItemIsFreeFormat>0</CSItemIsFreeFormat><CSValue><CSValueCode>3033275</CSValueCode><CSValueName>Lithium-ion</CSValueName><CSValueRank>7</CSValueRank></CSValue></CSItem><CSItem><CSItemCode>IT4015298</CSItemCode><CSItemName>Gebruikstijd</CSItemName><CSItemRank>10</CSItemRank><CSItemIsFreeFormat>0</CSItemIsFreeFormat><CSValue><CSValueCode>VA4087528</CSValueCode><CSValueName>40 min. / 13 scheerbeurten</CSValueName><CSValueRank>18</CSValueRank></CSValue></CSItem><CSItem><CSItemCode>IT4032891</CSItemCode><CSItemName>Opladen</CSItemName><CSItemRank>16</CSItemRank><CSItemIsFreeFormat>0</CSItemIsFreeFormat><CSValue><CSValueCode>VA4077304</CSValueCode><CSValueName>Volledig opladen in 1 uur</CSValueName><CSValueRank>3</CSValueRank></CSValue><CSValue><CSValueCode>VA4085067</CSValueCode><CSValueName>Snelle oplaadtijd van 5 min. voor 1 keer scheren</CSValueName><CSValueRank>26</CSValueRank></CSValue></CSItem><CSItem><CSItemCode>IT4015297</CSItemCode><CSItemName>Automatisch voltage</CSItemName><CSItemRank>20</CSItemRank><CSItemIsFreeFormat>0</CSItemIsFreeFormat><CSValue><CSValueCode>VA4030670</CSValueCode><CSValueName>100 - 240 V</CSValueName><CSValueRank>1</CSValueRank></CSValue></CSItem><CSItem><CSItemCode>IT4009440</CSItemCode><CSItemName>Maximaal energieverbruik</CSItemName><CSItemRank>22</CSItemRank><CSItemIsFreeFormat>0</CSItemIsFreeFormat><CSValue><CSValueCode>VA4076318</CSValueCode><CSValueName>9</CSValueName><CSValueRank>15</CSValueRank></CSValue><UnitOfMeasure><UnitOfMeasureCode>3000072</UnitOfMeasureCode><UnitOfMeasureName>watt</UnitOfMeasureName><UnitOfMeasureSymbol>W</UnitOfMeasureSymbol></UnitOfMeasure></CSItem><CSItem><CSItemCode>IT4009439</CSItemCode><CSItemName>Energieverbruik in stand-by</CSItemName><CSItemRank>23</CSItemRank><CSItemIsFreeFormat>0</CSItemIsFreeFormat><CSValue><CSValueCode>VA4076317</CSValueCode><CSValueName>0,1</CSValueName><CSValueRank>16</CSValueRank></CSValue><UnitOfMeasure><UnitOfMeasureCode>3000072</UnitOfMeasureCode><UnitOfMeasureName>watt</UnitOfMeasureName><UnitOfMeasureSymbol>W</UnitOfMeasureSymbol></UnitOfMeasure></CSItem></CSChapter><CSChapter><CSChapterCode>CHA_0000049</CSChapterCode><CSChapterName>Service</CSChapterName><CSChapterRank>6</CSChapterRank><CSItem><CSItemCode>IT4002813</CSItemCode><CSItemName>2 jaar garantie</CSItemName><CSItemRank>12</CSItemRank><CSItemIsFreeFormat>0</CSItemIsFreeFormat><CSValue><CSValueCode>VA4011021</CSValueCode><CSValueName>Ja</CSValueName><CSValueRank>9</CSValueRank></CSValue></CSItem><CSItem><CSItemCode>IT4015371</CSItemCode><CSItemName>Vervangend scheerhoofd</CSItemName><CSItemRank>15</CSItemRank><CSItemIsFreeFormat>0</CSItemIsFreeFormat><CSValue><CSValueCode>VA4087526</CSValueCode><CSValueName>Elke 2 jaar vervangen met SH50</CSValueName><CSValueRank>20</CSValueRank></CSValue></CSItem></CSChapter><Filters><Purpose type="Comparison"><Features><Feature code="F400072077" rank="1" referenceName="MultiPrecision Blade System  (S6000 S5000)"/><Feature code="F400072079_S5210_06" rank="2" referenceName="5-direction Flex Heads (S5000)"/><Feature code="F400072086" rank="3" referenceName="Super Lift &amp; Cut Action (S5000)"/><Feature code="F400072080" rank="4" referenceName="One touch open (S5000 Philishave S3000)"/><Feature code="F400072081_S5210_06" rank="5" referenceName="LED display (S5000 1 level)"/><Feature code="F400072241_S5210_06" rank="6" referenceName="40 minutes of cordless shaving (S5000 AT W&amp;D)"/><Feature code="F400072209_S5210_06" rank="7" referenceName="1-hour charging time (S5000 Li-ion)"/><Feature code="F400072085" rank="8" referenceName="SmartClick precision trimmer (S5000)"/><Feature code="F400038722" rank="9" referenceName="Built to last (shaver)"/></Features><CSItems><CSItem code="3006920" rank="2" referenceName="Power - Battery Type"/><CSItem code="IT4007980" rank="3" referenceName="Ease of use - Display"/><CSItem code="IT4032633" rank="4" referenceName="Accessories - SmartClick"/><CSItem code="IT4008709" rank="5" referenceName="Design - Handle"/><CSItem code="IT4007976" rank="6" referenceName="Shaving Performance - Shaving system"/><CSItem code="IT4007985" rank="8" referenceName="Ease of use - Cleaning"/><CSItem code="IT4015298" rank="10" referenceName="Power - Run time"/><CSItem code="IT4007977" rank="11" referenceName="Shaving Performance - Contour following"/><CSItem code="IT4002813" rank="12" referenceName="Service - 2-year guarantee"/><CSItem code="S_0000001" rank="13" referenceName="Design - Color"/><CSItem code="IT4015371" rank="15" referenceName="Service - Replacement head"/><CSItem code="IT4032891" rank="16" referenceName="Power - Charging"/><CSItem code="IT4007978" rank="17" referenceName="Shaving Performance - Skin comfort"/><CSItem code="IT4027494" rank="18" referenceName="Ease of use - Operation"/><CSItem code="IT4015297" rank="20" referenceName="Power - Automatic voltage"/><CSItem code="IT4009440" rank="22" referenceName="Power - Max power consumption"/><CSItem code="IT4009439" rank="23" referenceName="Power - Stand-by power"/><CSItem code="IT4007992" rank="26" referenceName="Accessories - Maintenance"/></CSItems></Purpose><Purpose type="Detail"><Features><Feature code="F400072077" rank="1" referenceName="MultiPrecision Blade System  (S6000 S5000)"/><Feature code="F400072079_S5210_06" rank="2" referenceName="5-direction Flex Heads (S5000)"/><Feature code="F400072086" rank="3" referenceName="Super Lift &amp; Cut Action (S5000)"/><Feature code="F400072080" rank="4" referenceName="One touch open (S5000 Philishave S3000)"/><Feature code="F400072081_S5210_06" rank="5" referenceName="LED display (S5000 1 level)"/><Feature code="F400072241_S5210_06" rank="6" referenceName="40 minutes of cordless shaving (S5000 AT W&amp;D)"/><Feature code="F400072209_S5210_06" rank="7" referenceName="1-hour charging time (S5000 Li-ion)"/><Feature code="F400072085" rank="8" referenceName="SmartClick precision trimmer (S5000)"/><Feature code="F400038722" rank="9" referenceName="Built to last (shaver)"/></Features><CSItems><CSItem code="3006920" rank="2" referenceName="Power - Battery Type"/><CSItem code="IT4007980" rank="3" referenceName="Ease of use - Display"/><CSItem code="IT4032633" rank="4" referenceName="Accessories - SmartClick"/><CSItem code="IT4008709" rank="5" referenceName="Design - Handle"/><CSItem code="IT4007976" rank="6" referenceName="Shaving Performance - Shaving system"/><CSItem code="IT4007985" rank="8" referenceName="Ease of use - Cleaning"/><CSItem code="IT4015298" rank="10" referenceName="Power - Run time"/><CSItem code="IT4007977" rank="11" referenceName="Shaving Performance - Contour following"/><CSItem code="IT4002813" rank="12" referenceName="Service - 2-year guarantee"/><CSItem code="S_0000001" rank="13" referenceName="Design - Color"/><CSItem code="IT4015371" rank="15" referenceName="Service - Replacement head"/><CSItem code="IT4032891" rank="16" referenceName="Power - Charging"/><CSItem code="IT4007978" rank="17" referenceName="Shaving Performance - Skin comfort"/><CSItem code="IT4027494" rank="18" referenceName="Ease of use - Operation"/><CSItem code="IT4015297" rank="20" referenceName="Power - Automatic voltage"/><CSItem code="IT4009440" rank="22" referenceName="Power - Max power consumption"/><CSItem code="IT4009439" rank="23" referenceName="Power - Stand-by power"/><CSItem code="IT4007992" rank="26" referenceName="Accessories - Maintenance"/></CSItems></Purpose><Purpose type="Discriminators"><Features/><CSItems><CSItem code="IT4007976" rank="1" referenceName="Shaving system"/><CSItem code="IT4007977" rank="2" referenceName="Contour following"/><CSItem code="IT4007978" rank="3" referenceName="Skin comfort"/><CSItem code="IT4032633" rank="4" referenceName="SmartClick"/><CSItem code="IT4015298" rank="7" referenceName="Run time"/><CSItem code="IT4007985" rank="8" referenceName="Cleaning"/></CSItems></Purpose></Filters><FeatureCompareGroups/><Disclaimers><Disclaimer code="DIS40009033" rank="1" referenceName="Protects 10X better versus a regular blade (Better S5000 AT)"><DisclaimerText>Beschermt 10x beter dan een standaardmesje - test uitgevoerd in Duitsland 2015, na 21 dagen acclimatisering</DisclaimerText><DisclaimElements/></Disclaimer></Disclaimers><KeyValuePairs><KeyValuePair><Key>FdaFlag</Key><Value>false</Value><Type>String</Type></KeyValuePair><KeyValuePair><Key>GrantGroup</Key><Value>PHILIPS</Value><Type>String</Type></KeyValuePair><KeyValuePair><Key>IT4018831</Key><Value>VA4042138</Value><Type>String</Type></KeyValuePair><KeyValuePair><Key>IT4018832</Key><Value>VA4042140</Value><Type>String</Type></KeyValuePair><KeyValuePair><Key>IT4018832</Key><Value>VA4094828</Value><Type>String</Type></KeyValuePair><KeyValuePair><Key>IT4018835</Key><Value>VA4042155</Value><Type>String</Type></KeyValuePair><KeyValuePair><Key>IT4030251</Key><Value>VA4069221</Value><Type>String</Type></KeyValuePair><KeyValuePair><Key>IT4040670</Key><Value>VA4094806</Value><Type>String</Type></KeyValuePair><KeyValuePair><Key>IT4040671</Key><Value>VA4094809</Value><Type>String</Type></KeyValuePair><KeyValuePair><Key>IT4040672</Key><Value>VA4094815</Value><Type>String</Type></KeyValuePair><KeyValuePair><Key>IT4040673</Key><Value>VA4094817</Value><Type>String</Type></KeyValuePair><KeyValuePair><Key>IT4040674</Key><Value>VA4094823</Value><Type>String</Type></KeyValuePair><KeyValuePair><Key>IT4040675</Key><Value>VA4094825</Value><Type>String</Type></KeyValuePair></KeyValuePairs><AccessoryByPacked><AccessoryByPackedCode>AB40004543</AccessoryByPackedCode><AccessoryByPackedReference>SmartClick precision trimmer Black</AccessoryByPackedReference><AccessoryByPackedName>SmartClick-precisietrimmer</AccessoryByPackedName><AccessoryByPackedRank>1</AccessoryByPackedRank></AccessoryByPacked><Award AwardType="global"><AwardCode>GA_GREEN</AwardCode><AwardName>Philips Green-logo</AwardName><AwardDescription>Met groene producten van Philips kunnen kosten, energieverbruik en CO2-uitstoot worden verminderd. Hoe? Deze producten bieden aanzienlijk betere milieuprestaties in een of meer van de Green Focal Areas van Philips: Energieverbruik, Verpakking, Schadelijke stoffen, Gewicht, Recycling en Levensduur.</AwardDescription><AwardText>Philips Green-logo</AwardText><AwardRank>3</AwardRank></Award><ProductClusters/><ProductRefs><ProductReference ProductReferenceType="Accessory"><CTN>CP0324/01</CTN><CTN>CP0480/01</CTN><CTN>CP0481/01</CTN><CTN>HQ110/01</CTN><CTN>HQ110/02</CTN><CTN>HQ110/42</CTN><CTN>RQ111/50</CTN><CTN>RQ111/51</CTN><CTN>RQ111/52</CTN><CTN>RQ111/53</CTN><CTN>RQ585/50</CTN><CTN>RQ585/51</CTN><CTN>RQ585/52</CTN><CTN>SC51/50</CTN><CTN>SC51/51</CTN><CTN>SH50/50</CTN><CTN>SH50/51</CTN><CTN>SH50/52</CTN><CTN>SH50/53</CTN><CTN>SH575/50</CTN></ProductReference></ProductRefs><RichTexts/><GreenData><GreenAwards><GreenAward code="GA_GREEN" name="PhilipsGreenLogo"/></GreenAwards><EnergyLabel/></GreenData></Product></Products>