<?xml version="1.0" encoding="UTF-8"?><Products xmlns:source="http://apache.org/cocoon/source/1.0" DocStatus="approved" DocTimeStamp="2018-10-24T11:59:45" DocType="PMT" DocVersion="xUCDM_product_external_CQ5_1_1_25"><Product Country="NL" IsAccessory="false" IsMaster="false" Locale="nl_NL" lastModified="2018-10-24T05:16:14" masterLastModified="2018-08-08T08:37:51"><CTN>S9151/41</CTN><GTIN>08710103694854</GTIN><MarketingVersion>7.0.1</MarketingVersion><MarketingStatus>Final Published</MarketingStatus><CRDate>2014-06-20</CRDate><CRDateYW>201425</CRDateYW><ModelYears/><ProductDivision><ProductDivisionCode>0200</ProductDivisionCode><ProductDivisionName>Consumer Lifestyle</ProductDivisionName><FormerPDCode>0300</FormerPDCode></ProductDivision><ProductOwner>Jinseok Chang</ProductOwner><DTN>S9151/41</DTN><Assets><Asset code="S9151_41" description="Single product shot" extension="" lastModified="2018-10-24" locale="nl_NL" number="" type="IMS">http://images.philips.com/is/image/PhilipsConsumer/S9151_41-IMS-nl_NL</Asset><Asset code="S9151_41" description="Product gallery image set" extension="" lastModified="2018-10-24" locale="nl_NL" number="" type="GAL">http://images.philips.com/is/image/PhilipsConsumer/S9151_41-GAL-nl_NL</Asset><Asset code="S9151_41" description="Product URL" extension="" lastModified="2018-10-24" locale="nl_NL" number="" type="URL">http://www.philips.nl/c-p/S9151_41/shaver-series-9000-elektrisch-scheerapparaat-voor-nat-en-droog-scheren-met-smartclick-baardstyler-en-aquatec-wet-dry</Asset></Assets><ProductName>Elektrisch scheerapparaat voor nat en droog scheren</ProductName><NamingString><MasterBrand><BrandCode>PHI</BrandCode><BrandName>Philips</BrandName></MasterBrand><BrandString>Philips</BrandString><Family><FamilyCode>SB40004164</FamilyCode><FamilyName>Shaver series 9000</FamilyName><FamilyNameUsed>1</FamilyNameUsed></Family><Descriptor><DescriptorCode>D4013822</DescriptorCode><DescriptorName>Elektrisch scheerapparaat voor nat en droog scheren</DescriptorName></Descriptor><Alphanumeric>S9151/41</Alphanumeric><VersionElement1><VersionElementCode>V4032123</VersionElementCode><VersionElementName>V-Track Precision-mesjes</VersionElementName></VersionElement1><VersionElement2><VersionElementCode>V4033045</VersionElementCode><VersionElementName>ContourDetect-hoofden met 8 richtingen</VersionElementName></VersionElement2><VersionElement3><VersionElementCode>V4032125</VersionElementCode><VersionElementName>SmartClick-baardstyler</VersionElementName></VersionElement3><VersionString>V-Track Precision-mesjes met 8 draairichtingen, ContourDetect-scheerhoofden, SmartClick-baardstyler</VersionString><BrandedFeatureCode1>F400061961</BrandedFeatureCode1><BrandedFeatureCode2>F400061947</BrandedFeatureCode2><BrandedFeatureString>met SmartClick-baardstyler en Aquatec Wet &amp; Dry</BrandedFeatureString><DescriptorBrandedFeatureString>Elektrisch scheerapparaat voor nat en droog scheren met SmartClick-baardstyler en Aquatec Wet &amp; Dry</DescriptorBrandedFeatureString></NamingString><WOW>Perfectie in elke beweging</WOW><SubWOW>Scheert tot 20% meer haar* af in één beweging</SubWOW><MarketingTextHeader>De Shaver 9000 is ons meest geavanceerde scheerapparaat tot nu toe. De unieke contourdetectietechnologie garandeert dat er geen plekje van uw gezicht wordt overgeslagen, terwijl het V-Track-systeem de haren in de beste snijpositie brengt voor het gladste resultaat.</MarketingTextHeader><KeyBenefitArea><KeyBenefitAreaCode>K4026714</KeyBenefitAreaCode><KeyBenefitAreaName>Ontworpen voor perfectie</KeyBenefitAreaName><KeyBenefitAreaRank>1</KeyBenefitAreaRank><Feature><FeatureCode>F400061905</FeatureCode><FeatureReferenceName>V-Track precision blade system (Cypress MLU)</FeatureReferenceName><FeatureName>V-Track Precision-messysteem</FeatureName><FeatureLongDescription>De messen geleiden uw haren in de perfecte positie voor een glad scheerresultaat</FeatureLongDescription><FeatureGlossary>Scheer perfect glad. De V-Track Precision-mesjes brengen elke haar voorzichtig in de beste positie, zelfs plat liggende haren en haren met verschillende lengtes. Scheert 30% gladder met minder bewegingen, waardoor uw huid in perfecte conditie blijft.</FeatureGlossary><FeatureRank>2</FeatureRank><FeatureTopRank>1</FeatureTopRank></Feature><Feature><FeatureCode>F400061906</FeatureCode><FeatureReferenceName>8-direction ContourDetectHeads (Cypress MLU)</FeatureReferenceName><FeatureName>ContourDetect-hoofden met 8 richtingen</FeatureName><FeatureLongDescription>De scheerhoofden buigen in 8 verschillende richtingen voor een superieur resultaat</FeatureLongDescription><FeatureGlossary>Volg alle contouren van uw gezicht en hals met de ContourDetect-scheerhoofden met 8 draairichtingen. U scheert 20% meer haren af met elke beweging, met als resultaat een zeer gladde scheerbeurt.</FeatureGlossary><FeatureRank>3</FeatureRank><FeatureTopRank>2</FeatureTopRank></Feature></KeyBenefitArea><KeyBenefitArea><KeyBenefitAreaCode>K4026734</KeyBenefitAreaCode><KeyBenefitAreaName>Een comfortabele scheerbeurt</KeyBenefitAreaName><KeyBenefitAreaRank>2</KeyBenefitAreaRank><Feature><FeatureCode>F400061947</FeatureCode><FeatureReferenceName>Aquatec Wet &amp; Dry (Cypress MLU)</FeatureReferenceName><FeatureName>Aquatec voor nat en droog scheren</FeatureName><FeatureLongDescription>Comfortabel droog of verfrissend nat scheren met Aquatec</FeatureLongDescription><FeatureGlossary>Kies hoe u het liefst scheert. Met de Aquatec Wet &amp; Dry-afdichting kunt u kiezen voor een snelle en comfortabele droge scheerbeurt. Of u kunt nat scheren, met gel of schuim, zelfs onder de douche.</FeatureGlossary><FeatureRank>1</FeatureRank><FeatureTopRank>3</FeatureTopRank></Feature></KeyBenefitArea><KeyBenefitArea><KeyBenefitAreaCode>K300000216</KeyBenefitAreaCode><KeyBenefitAreaName>Gebruiksvriendelijk</KeyBenefitAreaName><KeyBenefitAreaRank>3</KeyBenefitAreaRank><Feature><FeatureCode>F400061967</FeatureCode><FeatureReferenceName>3 level LED display (Cypress MLU)</FeatureReferenceName><FeatureName>LED-display met 3 niveaus</FeatureName><FeatureLongDescription>Gemakkelijk te gebruiken functies dankzij intuïtieve pictogrammen</FeatureLongDescription><FeatureGlossary>Het intuïtieve display geeft relevante informatie weer voor optimale prestaties van uw scheerapparaat: - accu- en reisvergendelingsindicator met 3 niveaus - reinigingsindicator - accu bijna leeg-indicator - indicatie voor scheerhoofd vervangen</FeatureGlossary><FeatureRank>5</FeatureRank><FeatureTopRank>5</FeatureTopRank></Feature><Feature><FeatureCode>F400061946</FeatureCode><FeatureReferenceName>50 minutes of cordless shaving (Cypress MLU)</FeatureReferenceName><FeatureName>50 minuten snoerloos scheren</FeatureName><FeatureLongDescription>50 minuten draadloos scheren na 1 uur opladen</FeatureLongDescription><FeatureGlossary>Ons geavanceerde oplaadsysteem biedt u twee handige opties: één uur opladen en voor 50 minuten gebruik of snel opladen voor één volledige scheerbeurt. Alle scheerapparaten uit de 9000-serie hebben een krachtige, energie-efficiënte en duurzame lithium-ionaccu. Ze zijn ontworpen voor uitsluitend draadloos gebruik, om ervoor te zorgen dat u altijd veilig bent als u scheert met water, zelfs onder de douche.</FeatureGlossary><FeatureRank>6</FeatureRank><FeatureTopRank>6</FeatureTopRank></Feature><Feature><FeatureCode>F400078102_S9151_41</FeatureCode><FeatureReferenceName>Fully washable shaver (Cypress MLU S6000 US)</FeatureReferenceName><FeatureName>Volledig afwasbaar scheerapparaat</FeatureName><FeatureLongDescription>Scheerapparaat kan worden schoongespoeld onder de kraan</FeatureLongDescription><FeatureGlossary>Klap het scheerhoofd open en spoel het apparaat grondig af onder de kraan.</FeatureGlossary><FeatureRank>7</FeatureRank><FeatureTopRank>7</FeatureTopRank></Feature><Feature><FeatureCode>F400061950</FeatureCode><FeatureReferenceName>Built to Last (Cypress MLU)</FeatureReferenceName><FeatureName>Duurzaam gebouwd</FeatureName><FeatureLongDescription>Met 2 jaar garantie</FeatureLongDescription><FeatureGlossary>U ontvangt bij dit Philips-scheerapparaat 2 jaar garantie. Onze scheerapparaten uit de 9000-serie zijn ontworpen voor prestaties en duurzaamheid, met keer op keer een uiterst glad scheerresultaat.</FeatureGlossary><FeatureRank>8</FeatureRank><FeatureTopRank>8</FeatureTopRank></Feature></KeyBenefitArea><KeyBenefitArea><KeyBenefitAreaCode>K4026396</KeyBenefitAreaCode><KeyBenefitAreaName>Maak optimaal gebruik van uw scheerapparaat</KeyBenefitAreaName><KeyBenefitAreaRank>4</KeyBenefitAreaRank><Feature><FeatureCode>F400061961</FeatureCode><FeatureReferenceName>SmartClick beard styler (Cypress MLU)</FeatureReferenceName><FeatureName>SmartClick-baardstyler</FeatureName><FeatureLongDescription>Opzetbare baardstyler met 5 lengtestanden</FeatureLongDescription><FeatureGlossary>Creëer een nieuwe look met het SmartClick-baardstylerhulpstuk. Kies uit 5 lengte-instellingen om allerlei looks te creëren, van een perfecte stoppelbaard tot een keurig getrimde baard. Afgeronde uiteinden en kammen zijn ontworpen om huidirritatie te voorkomen.</FeatureGlossary><FeatureRank>4</FeatureRank><FeatureTopRank>4</FeatureTopRank></Feature></KeyBenefitArea><FeatureImage><FeatureCode>F400061905</FeatureCode><FeatureReferenceName>V-Track precision blade system (Cypress MLU)</FeatureReferenceName><FeatureImageRank>1</FeatureImageRank></FeatureImage><FeatureImage><FeatureCode>F400061906</FeatureCode><FeatureReferenceName>8-direction ContourDetectHeads (Cypress MLU)</FeatureReferenceName><FeatureImageRank>2</FeatureImageRank></FeatureImage><FeatureImage><FeatureCode>F400061947</FeatureCode><FeatureReferenceName>Aquatec Wet &amp; Dry (Cypress MLU)</FeatureReferenceName><FeatureImageRank>3</FeatureImageRank></FeatureImage><FeatureImage><FeatureCode>F400061961</FeatureCode><FeatureReferenceName>SmartClick beard styler (Cypress MLU)</FeatureReferenceName><FeatureImageRank>4</FeatureImageRank></FeatureImage><FeatureImage><FeatureCode>F400061967</FeatureCode><FeatureReferenceName>3 level LED display (Cypress MLU)</FeatureReferenceName><FeatureImageRank>5</FeatureImageRank></FeatureImage><FeatureImage><FeatureCode>F400061946</FeatureCode><FeatureReferenceName>50 minutes of cordless shaving (Cypress MLU)</FeatureReferenceName><FeatureImageRank>6</FeatureImageRank></FeatureImage><FeatureImage><FeatureCode>F400078102_S9151_41</FeatureCode><FeatureReferenceName>Fully washable shaver (Cypress MLU S6000 US)</FeatureReferenceName><FeatureImageRank>7</FeatureImageRank></FeatureImage><FeatureImage><FeatureCode>F400061950</FeatureCode><FeatureReferenceName>Built to Last (Cypress MLU)</FeatureReferenceName><FeatureImageRank>8</FeatureImageRank></FeatureImage><FeatureHighlight><FeatureCode>F400061905</FeatureCode><FeatureReferenceName>V-Track precision blade system (Cypress MLU)</FeatureReferenceName><FeatureHighlightRank>1</FeatureHighlightRank></FeatureHighlight><FeatureHighlight><FeatureCode>F400061906</FeatureCode><FeatureReferenceName>8-direction ContourDetectHeads (Cypress MLU)</FeatureReferenceName><FeatureHighlightRank>2</FeatureHighlightRank></FeatureHighlight><FeatureHighlight><FeatureCode>F400061947</FeatureCode><FeatureReferenceName>Aquatec Wet &amp; Dry (Cypress MLU)</FeatureReferenceName><FeatureHighlightRank>3</FeatureHighlightRank></FeatureHighlight><FeatureHighlight><FeatureCode>F400061961</FeatureCode><FeatureReferenceName>SmartClick beard styler (Cypress MLU)</FeatureReferenceName><FeatureHighlightRank>4</FeatureHighlightRank></FeatureHighlight><FeatureHighlight><FeatureCode>F400061967</FeatureCode><FeatureReferenceName>3 level LED display (Cypress MLU)</FeatureReferenceName><FeatureHighlightRank>5</FeatureHighlightRank></FeatureHighlight><FeatureHighlight><FeatureCode>F400061946</FeatureCode><FeatureReferenceName>50 minutes of cordless shaving (Cypress MLU)</FeatureReferenceName><FeatureHighlightRank>6</FeatureHighlightRank></FeatureHighlight><FeatureHighlight><FeatureCode>F400078102_S9151_41</FeatureCode><FeatureReferenceName>Fully washable shaver (Cypress MLU S6000 US)</FeatureReferenceName><FeatureHighlightRank>7</FeatureHighlightRank></FeatureHighlight><FeatureHighlight><FeatureCode>F400061950</FeatureCode><FeatureReferenceName>Built to Last (Cypress MLU)</FeatureReferenceName><FeatureHighlightRank>8</FeatureHighlightRank></FeatureHighlight><CSChapter><CSChapterCode>CH4001523</CSChapterCode><CSChapterName>Scheerresultaten</CSChapterName><CSChapterRank>1</CSChapterRank><CSItem><CSItemCode>IT4007976</CSItemCode><CSItemName>Scheersysteem</CSItemName><CSItemRank>1</CSItemRank><CSItemIsFreeFormat>0</CSItemIsFreeFormat><CSValue><CSValueCode>VA4076301</CSValueCode><CSValueName>V-Track Precision-systeem</CSValueName><CSValueRank>1</CSValueRank></CSValue><CSValue><CSValueCode>VA4076303</CSValueCode><CSValueName>Super Lift &amp; Cut-systeem</CSValueName><CSValueRank>3</CSValueRank></CSValue></CSItem><CSItem><CSItemCode>IT4007977</CSItemCode><CSItemName>Volgt de contouren</CSItemName><CSItemRank>1</CSItemRank><CSItemIsFreeFormat>0</CSItemIsFreeFormat><CSValue><CSValueCode>VA4096952</CSValueCode><CSValueName>ContourDetect-hoofden met 8 richtingen</CSValueName><CSValueRank>1</CSValueRank></CSValue></CSItem><CSItem><CSItemCode>IT4007978</CSItemCode><CSItemName>Huidcomfort</CSItemName><CSItemRank>1</CSItemRank><CSItemIsFreeFormat>0</CSItemIsFreeFormat><CSValue><CSValueCode>VA4081202</CSValueCode><CSValueName>AquaTec Wet &amp; Dry</CSValueName><CSValueRank>1</CSValueRank></CSValue></CSItem></CSChapter><CSChapter><CSChapterCode>3000815</CSChapterCode><CSChapterName>Accessoires</CSChapterName><CSChapterRank>2</CSChapterRank><CSItem><CSItemCode>IT4032633</CSItemCode><CSItemName>SmartClick</CSItemName><CSItemRank>1</CSItemRank><CSItemIsFreeFormat>0</CSItemIsFreeFormat><CSValue><CSValueCode>VA4076311</CSValueCode><CSValueName>Baardstyler</CSValueName><CSValueRank>1</CSValueRank></CSValue></CSItem><CSItem><CSItemCode>IT4007991</CSItemCode><CSItemName>Etui</CSItemName><CSItemRank>2</CSItemRank><CSItemIsFreeFormat>0</CSItemIsFreeFormat><CSValue><CSValueCode>VA4046862</CSValueCode><CSValueName>Reisetui</CSValueName><CSValueRank>1</CSValueRank></CSValue></CSItem></CSChapter><CSChapter><CSChapterCode>CH4001524</CSChapterCode><CSChapterName>Gebruiksgemak</CSChapterName><CSChapterRank>3</CSChapterRank><CSItem><CSItemCode>IT4007980</CSItemCode><CSItemName>Display</CSItemName><CSItemRank>1</CSItemRank><CSItemIsFreeFormat>0</CSItemIsFreeFormat><CSValue><CSValueCode>VA4021350</CSValueCode><CSValueName>Batterij-indicator met 3 niveaus</CSValueName><CSValueRank>1</CSValueRank></CSValue><CSValue><CSValueCode>VA4022648</CSValueCode><CSValueName>Reinigingsindicator</CSValueName><CSValueRank>2</CSValueRank></CSValue><CSValue><CSValueCode>VA4019961</CSValueCode><CSValueName>Batterij bijna leeg-indicator</CSValueName><CSValueRank>3</CSValueRank></CSValue><CSValue><CSValueCode>VA4019963</CSValueCode><CSValueName>Indicatie voor scheerhoofden vervangen</CSValueName><CSValueRank>4</CSValueRank></CSValue><CSValue><CSValueCode>VA4076314</CSValueCode><CSValueName>Reisvergrendelingsindicator</CSValueName><CSValueRank>5</CSValueRank></CSValue></CSItem><CSItem><CSItemCode>IT4007985</CSItemCode><CSItemName>Schoonmaken</CSItemName><CSItemRank>2</CSItemRank><CSItemIsFreeFormat>0</CSItemIsFreeFormat><CSValue><CSValueCode>VA4063376</CSValueCode><CSValueName>Volledig afspoelbaar</CSValueName><CSValueRank>1</CSValueRank></CSValue></CSItem></CSChapter><CSChapter><CSChapterCode>3001096</CSChapterCode><CSChapterName>Ontwerp</CSChapterName><CSChapterRank>4</CSChapterRank><CSItem><CSItemCode>S_0000001</CSItemCode><CSItemName>Kleur</CSItemName><CSItemRank>1</CSItemRank><CSItemIsFreeFormat>1</CSItemIsFreeFormat><CSValue><CSValueCode>VA4007102</CSValueCode><CSValueName>Vuurrood</CSValueName><CSValueRank>1</CSValueRank></CSValue></CSItem><CSItem><CSItemCode>IT4008709</CSItemCode><CSItemName>Handvat</CSItemName><CSItemRank>2</CSItemRank><CSItemIsFreeFormat>0</CSItemIsFreeFormat><CSValue><CSValueCode>VA4076321</CSValueCode><CSValueName>Ergonomische grip</CSValueName><CSValueRank>1</CSValueRank></CSValue></CSItem></CSChapter><CSChapter><CSChapterCode>3000821</CSChapterCode><CSChapterName>Vermogen</CSChapterName><CSChapterRank>5</CSChapterRank><CSItem><CSItemCode>3006920</CSItemCode><CSItemName>Batterijtype</CSItemName><CSItemRank>1</CSItemRank><CSItemIsFreeFormat>0</CSItemIsFreeFormat><CSValue><CSValueCode>3033275</CSValueCode><CSValueName>Lithium-ion</CSValueName><CSValueRank>1</CSValueRank></CSValue></CSItem><CSItem><CSItemCode>IT4015298</CSItemCode><CSItemName>Gebruikstijd</CSItemName><CSItemRank>2</CSItemRank><CSItemIsFreeFormat>0</CSItemIsFreeFormat><CSValue><CSValueCode>VA4077101</CSValueCode><CSValueName>50 min. / 17 scheerbeurten</CSValueName><CSValueRank>1</CSValueRank></CSValue></CSItem><CSItem><CSItemCode>IT4032891</CSItemCode><CSItemName>Opladen</CSItemName><CSItemRank>3</CSItemRank><CSItemIsFreeFormat>0</CSItemIsFreeFormat><CSValue><CSValueCode>VA4077304</CSValueCode><CSValueName>Volledig opladen in 1 uur</CSValueName><CSValueRank>1</CSValueRank></CSValue><CSValue><CSValueCode>VA4076703</CSValueCode><CSValueName>Snel opladen voor 1 keer scheren</CSValueName><CSValueRank>2</CSValueRank></CSValue></CSItem><CSItem><CSItemCode>IT4015297</CSItemCode><CSItemName>Automatisch voltage</CSItemName><CSItemRank>4</CSItemRank><CSItemIsFreeFormat>0</CSItemIsFreeFormat><CSValue><CSValueCode>VA4030670</CSValueCode><CSValueName>100 - 240 V</CSValueName><CSValueRank>1</CSValueRank></CSValue></CSItem><CSItem><CSItemCode>IT4009440</CSItemCode><CSItemName>Maximaal energieverbruik</CSItemName><CSItemRank>5</CSItemRank><CSItemIsFreeFormat>0</CSItemIsFreeFormat><CSValue><CSValueCode>VA4076318</CSValueCode><CSValueName>9</CSValueName><CSValueRank>1</CSValueRank></CSValue><UnitOfMeasure><UnitOfMeasureCode>3000072</UnitOfMeasureCode><UnitOfMeasureName>watt</UnitOfMeasureName><UnitOfMeasureSymbol>W</UnitOfMeasureSymbol></UnitOfMeasure></CSItem><CSItem><CSItemCode>IT4009439</CSItemCode><CSItemName>Energieverbruik in stand-by</CSItemName><CSItemRank>6</CSItemRank><CSItemIsFreeFormat>0</CSItemIsFreeFormat><CSValue><CSValueCode>VA4076317</CSValueCode><CSValueName>0,1</CSValueName><CSValueRank>1</CSValueRank></CSValue><UnitOfMeasure><UnitOfMeasureCode>3000072</UnitOfMeasureCode><UnitOfMeasureName>watt</UnitOfMeasureName><UnitOfMeasureSymbol>W</UnitOfMeasureSymbol></UnitOfMeasure></CSItem></CSChapter><CSChapter><CSChapterCode>CHA_0000049</CSChapterCode><CSChapterName>Service</CSChapterName><CSChapterRank>6</CSChapterRank><CSItem><CSItemCode>IT4002813</CSItemCode><CSItemName>2 jaar garantie</CSItemName><CSItemRank>1</CSItemRank><CSItemIsFreeFormat>0</CSItemIsFreeFormat><CSValue><CSValueCode>VA4011021</CSValueCode><CSValueName>Ja</CSValueName><CSValueRank>1</CSValueRank></CSValue></CSItem><CSItem><CSItemCode>IT4015371</CSItemCode><CSItemName>Vervangend scheerhoofd</CSItemName><CSItemRank>2</CSItemRank><CSItemIsFreeFormat>0</CSItemIsFreeFormat><CSValue><CSValueCode>VA4076319</CSValueCode><CSValueName>Elke 2 jaar vervangen met SH90</CSValueName><CSValueRank>1</CSValueRank></CSValue></CSItem></CSChapter><Filters><Purpose type="Comparison"><Features><Feature code="F400061905" rank="1" referenceName="V-Track precision blade system (Cypress MLU)"/><Feature code="F400061906" rank="2" referenceName="8-direction ContourDetectHeads (Cypress MLU)"/><Feature code="F400061947" rank="3" referenceName="Aquatec Wet &amp; Dry (Cypress MLU)"/><Feature code="F400061961" rank="4" referenceName="SmartClick beard styler (Cypress MLU)"/><Feature code="F400061967" rank="5" referenceName="3 level LED display (Cypress MLU)"/><Feature code="F400061946" rank="6" referenceName="50 minutes of cordless shaving (Cypress MLU)"/><Feature code="F400078102_S9151_41" rank="7" referenceName="Fully washable shaver (Cypress MLU S6000 US)"/><Feature code="F400061950" rank="8" referenceName="Built to Last (Cypress MLU)"/></Features><CSItems><CSItem code="3006920" rank="1" referenceName="Power - Battery Type"/><CSItem code="IT4002813" rank="1" referenceName="Service - 2-year guarantee"/><CSItem code="IT4007976" rank="1" referenceName="Shaving Performance - Shaving system"/><CSItem code="IT4007977" rank="1" referenceName="Shaving Performance - Contour following"/><CSItem code="IT4007978" rank="1" referenceName="Shaving Performance - Skin comfort"/><CSItem code="IT4007980" rank="1" referenceName="Ease of use - Display"/><CSItem code="IT4032633" rank="1" referenceName="Accessories - SmartClick"/><CSItem code="S_0000001" rank="1" referenceName="Design - Color"/><CSItem code="IT4007985" rank="2" referenceName="Ease of use - Cleaning"/><CSItem code="IT4007991" rank="2" referenceName="Accessories - Pouch"/><CSItem code="IT4008709" rank="2" referenceName="Design - Handle"/><CSItem code="IT4015298" rank="2" referenceName="Power - Run time"/><CSItem code="IT4015371" rank="2" referenceName="Service - Replacement head"/><CSItem code="IT4032891" rank="3" referenceName="Power - Charging"/><CSItem code="IT4015297" rank="4" referenceName="Power - Automatic voltage"/><CSItem code="IT4009440" rank="5" referenceName="Power - Max power consumption"/><CSItem code="IT4009439" rank="6" referenceName="Power - Stand-by power"/></CSItems></Purpose><Purpose type="Detail"><Features><Feature code="F400061905" rank="1" referenceName="V-Track precision blade system (Cypress MLU)"/><Feature code="F400061906" rank="2" referenceName="8-direction ContourDetectHeads (Cypress MLU)"/><Feature code="F400061947" rank="3" referenceName="Aquatec Wet &amp; Dry (Cypress MLU)"/><Feature code="F400061961" rank="4" referenceName="SmartClick beard styler (Cypress MLU)"/><Feature code="F400061967" rank="5" referenceName="3 level LED display (Cypress MLU)"/><Feature code="F400061946" rank="6" referenceName="50 minutes of cordless shaving (Cypress MLU)"/><Feature code="F400078102_S9151_41" rank="7" referenceName="Fully washable shaver (Cypress MLU S6000 US)"/><Feature code="F400061950" rank="8" referenceName="Built to Last (Cypress MLU)"/></Features><CSItems><CSItem code="3006920" rank="1" referenceName="Power - Battery Type"/><CSItem code="IT4002813" rank="1" referenceName="Service - 2-year guarantee"/><CSItem code="IT4007976" rank="1" referenceName="Shaving Performance - Shaving system"/><CSItem code="IT4007977" rank="1" referenceName="Shaving Performance - Contour following"/><CSItem code="IT4007978" rank="1" referenceName="Shaving Performance - Skin comfort"/><CSItem code="IT4007980" rank="1" referenceName="Ease of use - Display"/><CSItem code="IT4032633" rank="1" referenceName="Accessories - SmartClick"/><CSItem code="S_0000001" rank="1" referenceName="Design - Color"/><CSItem code="IT4007985" rank="2" referenceName="Ease of use - Cleaning"/><CSItem code="IT4007991" rank="2" referenceName="Accessories - Pouch"/><CSItem code="IT4008709" rank="2" referenceName="Design - Handle"/><CSItem code="IT4015298" rank="2" referenceName="Power - Run time"/><CSItem code="IT4015371" rank="2" referenceName="Service - Replacement head"/><CSItem code="IT4032891" rank="3" referenceName="Power - Charging"/><CSItem code="IT4015297" rank="4" referenceName="Power - Automatic voltage"/><CSItem code="IT4009440" rank="5" referenceName="Power - Max power consumption"/><CSItem code="IT4009439" rank="6" referenceName="Power - Stand-by power"/></CSItems></Purpose><Purpose type="Discriminators"><Features/><CSItems><CSItem code="IT4015298"/><CSItem code="IT4032633"/></CSItems></Purpose></Filters><FeatureCompareGroups/><Disclaimers><Disclaimer code="DIS40006621" rank="1" referenceName="Cuts up to 20% more hair - versus SensoTouch (Cypress)"><DisclaimerText>Scheert tot 20% meer haar af - vergeleken met SensoTouch</DisclaimerText><DisclaimElements/></Disclaimer></Disclaimers><KeyValuePairs><KeyValuePair><Key>FdaFlag</Key><Value>false</Value><Type>String</Type></KeyValuePair><KeyValuePair><Key>GrantGroup</Key><Value>PHILIPS</Value><Type>String</Type></KeyValuePair><KeyValuePair><Key>IT4018831</Key><Value>VA4042138</Value><Type>String</Type></KeyValuePair><KeyValuePair><Key>IT4018832</Key><Value>VA4042140</Value><Type>String</Type></KeyValuePair><KeyValuePair><Key>IT4018832</Key><Value>VA4042143</Value><Type>String</Type></KeyValuePair><KeyValuePair><Key>IT4018832</Key><Value>VA4094828</Value><Type>String</Type></KeyValuePair><KeyValuePair><Key>IT4018833</Key><Value>VA4042148</Value><Type>String</Type></KeyValuePair><KeyValuePair><Key>IT4018834</Key><Value>VA4042152</Value><Type>String</Type></KeyValuePair><KeyValuePair><Key>IT4018835</Key><Value>VA4042155</Value><Type>String</Type></KeyValuePair><KeyValuePair><Key>IT4018836</Key><Value>VA4042157</Value><Type>String</Type></KeyValuePair><KeyValuePair><Key>IT4018837</Key><Value>VA4042161</Value><Type>String</Type></KeyValuePair><KeyValuePair><Key>IT4030251</Key><Value>VA4069221</Value><Type>String</Type></KeyValuePair><KeyValuePair><Key>IT4040670</Key><Value>VA4094804</Value><Type>String</Type></KeyValuePair><KeyValuePair><Key>IT4040671</Key><Value>VA4094808</Value><Type>String</Type></KeyValuePair><KeyValuePair><Key>IT4040672</Key><Value>VA4094813</Value><Type>String</Type></KeyValuePair><KeyValuePair><Key>IT4040673</Key><Value>VA4094818</Value><Type>String</Type></KeyValuePair><KeyValuePair><Key>IT4040674</Key><Value>VA4094823</Value><Type>String</Type></KeyValuePair><KeyValuePair><Key>IT4040675</Key><Value>VA4094825</Value><Type>String</Type></KeyValuePair></KeyValuePairs><ReviewStatistics><ReviewStatistics source="110117"><AverageOverallRating>4.5</AverageOverallRating><OverallRatingRange>5</OverallRatingRange><TotalReviewCount>14</TotalReviewCount><RatingsOnlyReviewCount>0</RatingsOnlyReviewCount><RecommendedCount>13</RecommendedCount><AverageRatingValues/><RatingDistribution><RatingDistributionItem><RatingValue>5</RatingValue><Count>9</Count></RatingDistributionItem><RatingDistributionItem><RatingValue>4</RatingValue><Count>3</Count></RatingDistributionItem><RatingDistributionItem><RatingValue>3</RatingValue><Count>2</Count></RatingDistributionItem><RatingDistributionItem><RatingValue>2</RatingValue><Count>0</Count></RatingDistributionItem><RatingDistributionItem><RatingValue>1</RatingValue><Count>0</Count></RatingDistributionItem></RatingDistribution></ReviewStatistics></ReviewStatistics><AccessoryByPacked><AccessoryByPackedCode>AB40004561</AccessoryByPackedCode><AccessoryByPackedReference>SmartClick beard styler RQ111 black</AccessoryByPackedReference><AccessoryByPackedName>SmartClick-baardstyler</AccessoryByPackedName><AccessoryByPackedRank>1</AccessoryByPackedRank></AccessoryByPacked><AccessoryByPacked><AccessoryByPackedCode>AB40003302</AccessoryByPackedCode><AccessoryByPackedReference>Luxurious pouch</AccessoryByPackedReference><AccessoryByPackedName>Luxe etui</AccessoryByPackedName><AccessoryByPackedRank>2</AccessoryByPackedRank></AccessoryByPacked><Award AwardType="global_highlight"><AwardCode>GA40018897</AwardCode><AwardName>iF DESIGN AWARD 2015</AwardName><AwardDate>2015</AwardDate><AwardPlace>Duitsland</AwardPlace><AwardDescription>Shaver series 9000</AwardDescription><AwardAcknowledgement>Precisie, controle en hanteerbaarheid zijn de belangrijkste functies van het 9000-scheerapparaat. Het V-track-systeem brengt de haren in de beste snijpositie voor het gladste resultaat, terwijl de volledig flexibele scheerhoofden in 8 richtingen meer haren pakken voor een glad scheerresultaat met minder bewegingen. Dankzij de Aquatec Wet &amp; Dry-afdichting van het scheerapparaat hebt u de keuze tussen comfortabel droog scheren of verfrissend nat scheren met scheerschuim of -gel voor extra huidcomfort.</AwardAcknowledgement><AwardRank>1</AwardRank></Award><Award AwardType="global"><AwardCode>GA_GREEN</AwardCode><AwardName>Philips Green-logo</AwardName><AwardDescription>Met groene producten van Philips kunnen kosten, energieverbruik en CO2-uitstoot worden verminderd. Hoe? Deze producten bieden aanzienlijk betere milieuprestaties in een of meer van de Green Focal Areas van Philips: Energieverbruik, Verpakking, Schadelijke stoffen, Gewicht, Recycling en Levensduur.</AwardDescription><AwardText>Philips Green-logo</AwardText><AwardRank>3</AwardRank></Award><Award AwardType="ala_award" awardAlid="207148218" globalSource="true" status="Final Published"><AwardCode>ALA_169822391</AwardCode><AwardName>iF DESIGN AWARD 2015</AwardName><AwardDate>2015-03-24</AwardDate><Title>ifdesign.de</Title><Rating>0</Rating><AwardAuthor/><TestPros/><TestCons/><AwardDescription>Philips S9151/41</AwardDescription><AwardAcknowledgement>Philips S9151/41</AwardAcknowledgement><AwardVerdict/><AwardText>iF DESIGN AWARD 2015</AwardText><AwardRank>5</AwardRank><AwardSourceCode>ALS_49000084</AwardSourceCode><AwardCategory/><AwardSourceLocale>en_DE</AwardSourceLocale></Award><Award AwardType="ala_summary" awardAlid="207148218" globalSource="false" status="Final Published"><AwardCode>ALA_207148218NL</AwardCode><AwardName>Review samenvatting voor de Philips S9151</AwardName><AwardDate/><Title>alaTest.nl</Title><Rating>0</Rating><AwardAuthor>alaTest</AwardAuthor><TestPros/><TestCons/><AwardDescription/><AwardAcknowledgement>alaTest heeft 71 reviews verzameld en geanalyseerd voor Philips S9151. De gemiddelde beoordeling voor dit product is 4.4/5, vergeleken met een gemiddelde beoordeling van 4.3/5 voor andere Scheren en ontharingsproducten.</AwardAcknowledgement><AwardVerdict>Consumenten beoordelen dit product gemiddeld met 87/100.</AwardVerdict><AwardText/><AwardRank>6</AwardRank><AwardSourceCode>ALS_12101</AwardSourceCode><AwardCategory/><AwardSourceLocale>nl_NL</AwardSourceLocale></Award><ProductClusters><ProductCluster code="R400001381" rank="0" type="range"><Name>Shaver series 9000</Name></ProductCluster><ProductCluster code="R400001381" rank="68" referenceName="Shaver series 9000" type="range"><Name>Shaver series 9000</Name></ProductCluster></ProductClusters><ProductRefs><ProductReference ProductReferenceType="Accessory"><CTN>CP0263/01</CTN><CTN>CP0264/01</CTN><CTN>CP0324/01</CTN><CTN>CP0480/01</CTN><CTN>CP9058/01</CTN><CTN>CP9059/01</CTN><CTN>CP9060/01</CTN><CTN>CP9061/01</CTN><CTN>CP9062/01</CTN><CTN>CRP136/01</CTN><CTN>HQ110/01</CTN><CTN>HQ110/02</CTN><CTN>HQ110/42</CTN><CTN>RQ111/50</CTN><CTN>RQ111/51</CTN><CTN>RQ111/52</CTN><CTN>RQ111/53</CTN><CTN>RQ585/50</CTN><CTN>RQ585/51</CTN><CTN>RQ585/52</CTN><CTN>SC51/50</CTN><CTN>SC51/51</CTN><CTN>SH575/50</CTN><CTN>SH90/50</CTN><CTN>SH90/51</CTN><CTN>SH90/52</CTN><CTN>SH90/60</CTN><CTN>SH90/62</CTN><CTN>SH90/63</CTN></ProductReference></ProductRefs><RichTexts/><GreenData><GreenAwards><GreenAward code="GA_GREEN" name="PhilipsGreenLogo"/></GreenAwards><EnergyLabel/></GreenData></Product></Products>