<?xml version="1.0" encoding="UTF-8"?><Products xmlns:source="http://apache.org/cocoon/source/1.0" DocStatus="approved" DocTimeStamp="2018-10-24T11:59:45" DocType="PMT" DocVersion="xUCDM_product_external_CQ5_1_1_25"><Product Country="NL" IsAccessory="false" IsMaster="false" Locale="nl_NL" lastModified="2018-10-24T05:16:14" masterLastModified="2018-08-22T00:41:37"><CTN>SCF816/27</CTN><GTIN>08710103868729</GTIN><MarketingVersion>2.0.1</MarketingVersion><MarketingStatus>Final Published</MarketingStatus><CRDate>2018-04-13</CRDate><CRDateYW>201815</CRDateYW><ModelYears/><ProductDivision><ProductDivisionCode>0200</ProductDivisionCode><ProductDivisionName>Consumer Lifestyle</ProductDivisionName><FormerPDCode>0300</FormerPDCode></ProductDivision><ProductOwner>Robertina Olasz</ProductOwner><DTN>SCF816/27</DTN><Assets><Asset code="SCF816_27" description="Single product shot" extension="" lastModified="2018-10-24" locale="nl_NL" number="" type="IMS">http://images.philips.com/is/image/PhilipsConsumer/SCF816_27-IMS-nl_NL</Asset><Asset code="SCF816_27" description="Product gallery image set" extension="" lastModified="2018-10-24" locale="nl_NL" number="" type="GAL">http://images.philips.com/is/image/PhilipsConsumer/SCF816_27-GAL-nl_NL</Asset><Asset code="SCF816_27" description="Product URL" extension="" lastModified="2018-10-24" locale="nl_NL" number="" type="URL">http://www.philips.nl/c-p/SCF816_27/avent-anti-colic-babyfles</Asset></Assets><ProductName>2 Anti-colic-babyflessen van 330 ml</ProductName><NamingString><MasterBrand><BrandCode>PHI</BrandCode><BrandName>Philips</BrandName></MasterBrand><Partner><PartnerBrand><BrandCode>AVE</BrandCode><BrandName>Avent</BrandName></PartnerBrand><PartnerBrandType>MakersMark</PartnerBrandType></Partner><BrandString>Philips Avent</BrandString><Descriptor><DescriptorCode>D4028353</DescriptorCode><DescriptorName>Anti-colic-babyfles</DescriptorName></Descriptor><Alphanumeric>SCF816/27</Alphanumeric><VersionElement1><VersionElementCode>V4040157</VersionElementCode><VersionElementName>2 flessen</VersionElementName></VersionElement1><VersionElement2><VersionElementCode>V4035536</VersionElementCode><VersionElementName>330 ml</VersionElementName></VersionElement2><VersionElement3><VersionElementCode>V4005082</VersionElementCode><VersionElementName>Speen voor gemiddelde toevoer</VersionElementName></VersionElement3><VersionElement4><VersionElementCode>V4005489</VersionElementCode><VersionElementName>3m+</VersionElementName></VersionElement4><VersionString>2 flessen van 330 ml, speen voor gemiddelde toevoer, 3m+</VersionString><BrandedFeatureString/><DescriptorBrandedFeatureString>Anti-colic-babyfles</DescriptorBrandedFeatureString></NamingString><WOW>Klinisch bewezen: vermindert darmkrampjes en ongemak*</WOW><SubWOW>Ontwikkeld voor ononderbroken voeden</SubWOW><MarketingTextHeader>Onze Anti-colic-fles is ontwikkeld om te zorgen dat lucht niet in de buik van je baby terechtkomt, zodat je baby minder last heeft van darmkrampjes en ongemak. De fles zorgt ook voor minder onderbrekingen tijdens het voeden. Dankzij het geïntegreerde Anti-colic-ventiel komt lucht niet in de maag van je baby terecht.</MarketingTextHeader><KeyBenefitArea><KeyBenefitAreaCode>K4028862</KeyBenefitAreaCode><KeyBenefitAreaName>Klinisch bewezen: vermindert darmkrampjes en ongemak*</KeyBenefitAreaName><KeyBenefitAreaRank>1</KeyBenefitAreaRank><Feature><FeatureCode>F400080894</FeatureCode><FeatureReferenceName>Less colic (Updated Classic+)</FeatureReferenceName><FeatureName>Minder darmkrampjes</FeatureName><FeatureLongDescription>Anti-colic-ventiel dat darmkrampjes aantoonbaar vermindert*</FeatureLongDescription><FeatureGlossary>Ons Anti-colic-ventiel is ontworpen om winderigheid, darmkrampjes en ongemak te verminderen. Tijdens het voeden zorgt het ventiel in de speen ervoor dat er lucht in het flesje komt, zodat er geen vacuüm ontstaat, en de lucht naar de achterkant van de fles wordt geventileerd. Het houdt de lucht in de fles en weg van het buikje van je baby zodat die minder last heeft van vervelende darmkrampjes.</FeatureGlossary><FeatureRank>1</FeatureRank><FeatureTopRank>1</FeatureTopRank></Feature><Feature><FeatureCode>F400080896</FeatureCode><FeatureReferenceName>Less fussing (Updated Classic+)</FeatureReferenceName><FeatureName>Minder huilerig gedrag</FeatureName><FeatureLongDescription>60% minder huilerig gedrag 's nachts*</FeatureLongDescription><FeatureGlossary>De Philips Avent Anti-colic-fles zorgt voor minder huilerig gedrag. Baby's die werden gevoed met Philips Avent Anti-colic-flessen toonden 's nachts 60% minder huilerig gedrag dan baby's die werden gevoed met een antikrampjesfles van een concurrent.*</FeatureGlossary><FeatureRank>2</FeatureRank><FeatureTopRank>2</FeatureTopRank></Feature><Feature><FeatureCode>F400080898</FeatureCode><FeatureReferenceName>Uninterrupted feeding (Updated Classic+)</FeatureReferenceName><FeatureName>Ononderbroken voeden</FeatureName><FeatureLongDescription>De geribbelde structuur voorkomt dat de speen inklapt, zodat je kunt voeden zonder onderbrekingen</FeatureLongDescription><FeatureGlossary>Met de speenvorm kan je baby goed aanleggen en de geribbelde structuur voorkomt dat de speen inklapt, voor een comfortabele voeding zonder onderbrekingen.</FeatureGlossary><FeatureRank>3</FeatureRank><FeatureTopRank>3</FeatureTopRank></Feature><Feature><FeatureCode>F400080901</FeatureCode><FeatureReferenceName>Secure latch (Updated Classic+)</FeatureReferenceName><FeatureName>Goed aanleggen</FeatureName><FeatureLongDescription>Speenvorm ontworpen om goed aan te leggen</FeatureLongDescription><FeatureRank>4</FeatureRank><FeatureTopRank>4</FeatureTopRank></Feature></KeyBenefitArea><KeyBenefitArea><KeyBenefitAreaCode>K4028863</KeyBenefitAreaCode><KeyBenefitAreaName>Eenvoudig te gebruiken, schoon te maken en in elkaar te zetten</KeyBenefitAreaName><KeyBenefitAreaRank>2</KeyBenefitAreaRank><Feature><FeatureCode>F400080897</FeatureCode><FeatureReferenceName>Easy to assemble (Updated Classic+)</FeatureReferenceName><FeatureName>Eenvoudig in elkaar te zetten</FeatureName><FeatureLongDescription>Minder onderdelen dus eenvoudig in elkaar te zetten en schoon te maken</FeatureLongDescription><FeatureGlossary>Onze Anti-colic-fles heeft weinig onderdelen, zodat je alles snel en eenvoudig in elkaar kunt zetten.</FeatureGlossary><FeatureRank>1</FeatureRank><FeatureTopRank>5</FeatureTopRank></Feature><Feature><FeatureCode>F400078971</FeatureCode><FeatureReferenceName>Easy to hold (Fox - Classic+)</FeatureReferenceName><FeatureName>Gemakkelijk vast te houden</FeatureName><FeatureLongDescription>Gemakkelijk vast te houden</FeatureLongDescription><FeatureGlossary>Door de unieke flesvorm is deze fles eenvoudig en in elke gewenste houding vast te houden.</FeatureGlossary><FeatureRank>2</FeatureRank><FeatureTopRank>6</FeatureTopRank></Feature><Feature><FeatureCode>F400078973</FeatureCode><FeatureReferenceName>Easy to clean (Fox - Classic+)</FeatureReferenceName><FeatureName>Gemakkelijk schoon te maken</FeatureName><FeatureLongDescription>Fles met brede hals en afgeronde hoek voor eenvoudige reiniging</FeatureLongDescription><FeatureGlossary>Dankzij de brede hals en de afgeronde hoeken, is het eenvoudig om onze fles snel en grondig te reinigen. Eenvoudig schoonmaken draagt bij aan een hygiënischere voeding.</FeatureGlossary><FeatureRank>3</FeatureRank><FeatureTopRank>7</FeatureTopRank></Feature><Feature><FeatureCode>F400080893</FeatureCode><FeatureReferenceName>Leak-free design (Updated Classic+)</FeatureReferenceName><FeatureName>Lekvrij design</FeatureName><FeatureLongDescription>Lekvrij design</FeatureLongDescription><FeatureGlossary>Onze Anti-colic-fles is ontworpen om lekken tijdens het voeden te voorkomen, zodat voeden een waar plezier wordt.</FeatureGlossary><FeatureRank>4</FeatureRank><FeatureTopRank>8</FeatureTopRank></Feature></KeyBenefitArea><KeyBenefitArea><KeyBenefitAreaCode>K4018674</KeyBenefitAreaCode><KeyBenefitAreaName>Andere voordelen</KeyBenefitAreaName><KeyBenefitAreaRank>3</KeyBenefitAreaRank><Feature><FeatureCode>F400078967_SCF816_27</FeatureCode><FeatureReferenceName>Growing up with your baby (Fox - Classic+)</FeatureReferenceName><FeatureName>Groeit met je baby mee</FeatureName><FeatureLongDescription>Compatibele collectie: van borstvoeding tot drinkbeker</FeatureLongDescription><FeatureGlossary>Combineer onze borstkolf-, fles- en bekeronderdelen en creëer het product dat het beste bij jou past, wanneer je het nodig hebt!</FeatureGlossary><FeatureRank>1</FeatureRank><FeatureTopRank>9</FeatureTopRank></Feature><Feature><FeatureCode>F400080895</FeatureCode><FeatureReferenceName>BPA free (Updated Classic+)</FeatureReferenceName><FeatureName>Bevat geen BPA</FeatureName><FeatureLongDescription>Deze fles is BPA-vrij</FeatureLongDescription><FeatureGlossary>De Philips Avent Anti-colic-fles is gemaakt van BPA-vrij materiaal (PP).</FeatureGlossary><FeatureRank>2</FeatureRank><FeatureTopRank>10</FeatureTopRank></Feature><Feature><FeatureCode>F400080902</FeatureCode><FeatureReferenceName>Fits your baby's growing needs (Updated Classic+)</FeatureReferenceName><FeatureName>Groeit met je baby mee</FeatureName><FeatureLongDescription>Spenen met verschillende toevoersnelheden verkrijgbaar</FeatureLongDescription><FeatureGlossary>De Philips Avent Anti-colic-flessen groeien met je baby mee dankzij de spenen met verschillende toevoersnelheden. Leeftijdsindicaties zijn bij benadering omdat baby's zich verschillend ontwikkelen. Alle spenen zijn verkrijgbaar in verpakkingen van twee stuks: speen voor pasgeborenen, langzame toevoer, normale toevoer, snelle toevoer, variabele toevoer en een speen voor dikke voeding.</FeatureGlossary><FeatureRank>3</FeatureRank><FeatureTopRank>11</FeatureTopRank></Feature></KeyBenefitArea><FeatureImage><FeatureCode>F400080894</FeatureCode><FeatureReferenceName>Less colic (Updated Classic+)</FeatureReferenceName><FeatureImageRank>1</FeatureImageRank></FeatureImage><FeatureImage><FeatureCode>F400080896</FeatureCode><FeatureReferenceName>Less fussing (Updated Classic+)</FeatureReferenceName><FeatureImageRank>2</FeatureImageRank></FeatureImage><FeatureImage><FeatureCode>F400080898</FeatureCode><FeatureReferenceName>Uninterrupted feeding (Updated Classic+)</FeatureReferenceName><FeatureImageRank>3</FeatureImageRank></FeatureImage><FeatureImage><FeatureCode>F400080901</FeatureCode><FeatureReferenceName>Secure latch (Updated Classic+)</FeatureReferenceName><FeatureImageRank>4</FeatureImageRank></FeatureImage><FeatureImage><FeatureCode>F400080897</FeatureCode><FeatureReferenceName>Easy to assemble (Updated Classic+)</FeatureReferenceName><FeatureImageRank>5</FeatureImageRank></FeatureImage><FeatureImage><FeatureCode>F400078971</FeatureCode><FeatureReferenceName>Easy to hold (Fox - Classic+)</FeatureReferenceName><FeatureImageRank>6</FeatureImageRank></FeatureImage><FeatureImage><FeatureCode>F400078973</FeatureCode><FeatureReferenceName>Easy to clean (Fox - Classic+)</FeatureReferenceName><FeatureImageRank>7</FeatureImageRank></FeatureImage><FeatureImage><FeatureCode>F400080893</FeatureCode><FeatureReferenceName>Leak-free design (Updated Classic+)</FeatureReferenceName><FeatureImageRank>8</FeatureImageRank></FeatureImage><FeatureImage><FeatureCode>F400078967_SCF816_27</FeatureCode><FeatureReferenceName>Growing up with your baby (Fox - Classic+)</FeatureReferenceName><FeatureImageRank>9</FeatureImageRank></FeatureImage><FeatureImage><FeatureCode>F400080895</FeatureCode><FeatureReferenceName>BPA free (Updated Classic+)</FeatureReferenceName><FeatureImageRank>10</FeatureImageRank></FeatureImage><FeatureImage><FeatureCode>F400080902</FeatureCode><FeatureReferenceName>Fits your baby's growing needs (Updated Classic+)</FeatureReferenceName><FeatureImageRank>11</FeatureImageRank></FeatureImage><FeatureHighlight><FeatureCode>F400080894</FeatureCode><FeatureReferenceName>Less colic (Updated Classic+)</FeatureReferenceName><FeatureHighlightRank>1</FeatureHighlightRank></FeatureHighlight><FeatureHighlight><FeatureCode>F400080896</FeatureCode><FeatureReferenceName>Less fussing (Updated Classic+)</FeatureReferenceName><FeatureHighlightRank>2</FeatureHighlightRank></FeatureHighlight><FeatureHighlight><FeatureCode>F400080898</FeatureCode><FeatureReferenceName>Uninterrupted feeding (Updated Classic+)</FeatureReferenceName><FeatureHighlightRank>3</FeatureHighlightRank></FeatureHighlight><FeatureHighlight><FeatureCode>F400080901</FeatureCode><FeatureReferenceName>Secure latch (Updated Classic+)</FeatureReferenceName><FeatureHighlightRank>4</FeatureHighlightRank></FeatureHighlight><FeatureHighlight><FeatureCode>F400080897</FeatureCode><FeatureReferenceName>Easy to assemble (Updated Classic+)</FeatureReferenceName><FeatureHighlightRank>5</FeatureHighlightRank></FeatureHighlight><FeatureHighlight><FeatureCode>F400078971</FeatureCode><FeatureReferenceName>Easy to hold (Fox - Classic+)</FeatureReferenceName><FeatureHighlightRank>6</FeatureHighlightRank></FeatureHighlight><FeatureHighlight><FeatureCode>F400078973</FeatureCode><FeatureReferenceName>Easy to clean (Fox - Classic+)</FeatureReferenceName><FeatureHighlightRank>7</FeatureHighlightRank></FeatureHighlight><FeatureHighlight><FeatureCode>F400080893</FeatureCode><FeatureReferenceName>Leak-free design (Updated Classic+)</FeatureReferenceName><FeatureHighlightRank>8</FeatureHighlightRank></FeatureHighlight><FeatureHighlight><FeatureCode>F400078967_SCF816_27</FeatureCode><FeatureReferenceName>Growing up with your baby (Fox - Classic+)</FeatureReferenceName><FeatureHighlightRank>9</FeatureHighlightRank></FeatureHighlight><FeatureHighlight><FeatureCode>F400080895</FeatureCode><FeatureReferenceName>BPA free (Updated Classic+)</FeatureReferenceName><FeatureHighlightRank>10</FeatureHighlightRank></FeatureHighlight><FeatureHighlight><FeatureCode>F400080902</FeatureCode><FeatureReferenceName>Fits your baby's growing needs (Updated Classic+)</FeatureReferenceName><FeatureHighlightRank>11</FeatureHighlightRank></FeatureHighlight><CSChapter><CSChapterCode>CHA_0000098</CSChapterCode><CSChapterName>Materiaal</CSChapterName><CSChapterRank>1</CSChapterRank><CSItem><CSItemCode>IT4022153</CSItemCode><CSItemName>Flesvoeding</CSItemName><CSItemRank>1</CSItemRank><CSItemIsFreeFormat>0</CSItemIsFreeFormat><CSValue><CSValueCode>VA4096666</CSValueCode><CSValueName>Bevat geen BPA</CSValueName><CSValueRank>1</CSValueRank></CSValue><CSValue><CSValueCode>VA4052667</CSValueCode><CSValueName>Polypropyleen</CSValueName><CSValueRank>2</CSValueRank></CSValue></CSItem><CSItem><CSItemCode>IT4039034</CSItemCode><CSItemName>Speen</CSItemName><CSItemRank>2</CSItemRank><CSItemIsFreeFormat>0</CSItemIsFreeFormat><CSValue><CSValueCode>VA4099050</CSValueCode><CSValueName>Bevat geen BPA</CSValueName><CSValueRank>1</CSValueRank></CSValue><CSValue><CSValueCode>VA4090799</CSValueCode><CSValueName>Siliconen</CSValueName><CSValueRank>2</CSValueRank></CSValue></CSItem></CSChapter><CSChapter><CSChapterCode>CHA_0000106</CSChapterCode><CSChapterName>Inclusief</CSChapterName><CSChapterRank>2</CSChapterRank><CSItem><CSItemCode>IT4003502</CSItemCode><CSItemName>Babyfles</CSItemName><CSItemRank>1</CSItemRank><CSItemIsFreeFormat>1</CSItemIsFreeFormat><CSValue><CSValueCode>VA4012463</CSValueCode><CSValueName>2</CSValueName><CSValueRank>1</CSValueRank></CSValue><UnitOfMeasure><UnitOfMeasureCode>4000023</UnitOfMeasureCode><UnitOfMeasureName>stuks</UnitOfMeasureName><UnitOfMeasureSymbol>stk</UnitOfMeasureSymbol></UnitOfMeasure></CSItem></CSChapter><CSChapter><CSChapterCode>CH4001527</CSChapterCode><CSChapterName>Flesvoeding</CSChapterName><CSChapterRank>3</CSChapterRank><CSItem><CSItemCode>IT4034835</CSItemCode><CSItemName>Capaciteit</CSItemName><CSItemRank>1</CSItemRank><CSItemIsFreeFormat>1</CSItemIsFreeFormat><CSValue><CSValueCode>VA4081124</CSValueCode><CSValueName>330 ml</CSValueName><CSValueRank>1</CSValueRank></CSValue></CSItem></CSChapter><CSChapter><CSChapterCode>3001096</CSChapterCode><CSChapterName>Ontwerp</CSChapterName><CSChapterRank>4</CSChapterRank><CSItem><CSItemCode>IT4008013</CSItemCode><CSItemName>Flesontwerp</CSItemName><CSItemRank>1</CSItemRank><CSItemIsFreeFormat>0</CSItemIsFreeFormat><CSValue><CSValueCode>VA4050183</CSValueCode><CSValueName>Ergonomische vormgeving</CSValueName><CSValueRank>1</CSValueRank></CSValue><CSValue><CSValueCode>VA4020039</CSValueCode><CSValueName>Brede hals</CSValueName><CSValueRank>2</CSValueRank></CSValue></CSItem></CSChapter><CSChapter><CSChapterCode>CH4001524</CSChapterCode><CSChapterName>Gebruiksgemak</CSChapterName><CSChapterRank>5</CSChapterRank><CSItem><CSItemCode>IT4022151</CSItemCode><CSItemName>Flesgebruik</CSItemName><CSItemRank>1</CSItemRank><CSItemIsFreeFormat>0</CSItemIsFreeFormat><CSValue><CSValueCode>VA4096533</CSValueCode><CSValueName>Geschikt voor vaatwasmachine en magnetron</CSValueName><CSValueRank>1</CSValueRank></CSValue><CSValue><CSValueCode>VA4052662</CSValueCode><CSValueName>Eenvoudig in elkaar te zetten</CSValueName><CSValueRank>2</CSValueRank></CSValue><CSValue><CSValueCode>VA4052663</CSValueCode><CSValueName>Gemakkelijk schoon te maken</CSValueName><CSValueRank>3</CSValueRank></CSValue><CSValue><CSValueCode>VA4052661</CSValueCode><CSValueName>Gemakkelijk vast te houden</CSValueName><CSValueRank>4</CSValueRank></CSValue></CSItem></CSChapter><CSChapter><CSChapterCode>CH4001529</CSChapterCode><CSChapterName>Ontwikkelingsfases</CSChapterName><CSChapterRank>6</CSChapterRank><CSItem><CSItemCode>IT4008016</CSItemCode><CSItemName>Fases</CSItemName><CSItemRank>1</CSItemRank><CSItemIsFreeFormat>0</CSItemIsFreeFormat><CSValue><CSValueCode>VA4066126</CSValueCode><CSValueName>0-12 maanden</CSValueName><CSValueRank>1</CSValueRank></CSValue></CSItem></CSChapter><CSChapter><CSChapterCode>CH4001528</CSChapterCode><CSChapterName>Functies</CSChapterName><CSChapterRank>7</CSChapterRank><CSItem><CSItemCode>IT4041571</CSItemCode><CSItemName>Antikrampjesventiel</CSItemName><CSItemRank>1</CSItemRank><CSItemIsFreeFormat>1</CSItemIsFreeFormat><CSValue><CSValueCode>VA4096525</CSValueCode><CSValueName>ontworpen om luchtinname te verminderen</CSValueName><CSValueRank>1</CSValueRank></CSValue></CSItem><CSItem><CSItemCode>IT4042519</CSItemCode><CSItemName>Speen</CSItemName><CSItemRank>2</CSItemRank><CSItemIsFreeFormat>1</CSItemIsFreeFormat><CSValue><CSValueCode>VA4098225</CSValueCode><CSValueName>Eenvoudig aanleggen, geribbelde structuur voorkomt inklappen van speen, bewezen antikrampjessysteem</CSValueName><CSValueRank>1</CSValueRank></CSValue></CSItem><CSItem><CSItemCode>IT4025959</CSItemCode><CSItemName>Gebruiksgemak</CSItemName><CSItemRank>3</CSItemRank><CSItemIsFreeFormat>0</CSItemIsFreeFormat><CSValue><CSValueCode>VA4082853</CSValueCode><CSValueName>eenvoudig schoon te maken en in elkaar te zetten</CSValueName><CSValueRank>1</CSValueRank></CSValue><CSValue><CSValueCode>VA4098226</CSValueCode><CSValueName>lekvrij design</CSValueName><CSValueRank>2</CSValueRank></CSValue><CSValue><CSValueCode>VA4096526</CSValueCode><CSValueName>vier onderdelen voor eenvoudig in elkaar zetten</CSValueName><CSValueRank>3</CSValueRank></CSValue></CSItem></CSChapter><Filters><Purpose type="Comparison"><Features><Feature code="F400080894" rank="1" referenceName="Less colic (Updated Classic+)"/><Feature code="F400080896" rank="2" referenceName="Less fussing (Updated Classic+)"/><Feature code="F400080898" rank="3" referenceName="Uninterrupted feeding (Updated Classic+)"/><Feature code="F400080901" rank="4" referenceName="Secure latch (Updated Classic+)"/><Feature code="F400080897" rank="5" referenceName="Easy to assemble (Updated Classic+)"/><Feature code="F400078971" rank="6" referenceName="Easy to hold (Fox - Classic+)"/><Feature code="F400078973" rank="7" referenceName="Easy to clean (Fox - Classic+)"/><Feature code="F400080893" rank="8" referenceName="Leak-free design (Updated Classic+)"/><Feature code="F400078967_SCF816_27" rank="9" referenceName="Growing up with your baby (Fox - Classic+)"/><Feature code="F400080895" rank="10" referenceName="BPA free (Updated Classic+)"/><Feature code="F400080902" rank="11" referenceName="Fits your baby's growing needs (Updated Classic+)"/></Features><CSItems><CSItem code="IT4003502" rank="1" referenceName="What is included - Baby bottle"/><CSItem code="IT4008013" rank="1" referenceName="Design - Bottle design"/><CSItem code="IT4008016" rank="1" referenceName="Development stages - Stages"/><CSItem code="IT4022151" rank="1" referenceName="Ease of use - Bottle use"/><CSItem code="IT4022153" rank="1" referenceName="Material - Bottle"/><CSItem code="IT4034835" rank="1" referenceName="Bottle - Capacity"/><CSItem code="IT4041571" rank="1" referenceName="Functions - Anti-colic valve"/><CSItem code="IT4039034" rank="2" referenceName="Material - Teat"/><CSItem code="IT4042519" rank="2" referenceName="Functions - Teat"/><CSItem code="IT4025959" rank="3" referenceName="Functions - Ease of use"/></CSItems></Purpose><Purpose type="Detail"><Features><Feature code="F400080894" rank="1" referenceName="Less colic (Updated Classic+)"/><Feature code="F400080896" rank="2" referenceName="Less fussing (Updated Classic+)"/><Feature code="F400080898" rank="3" referenceName="Uninterrupted feeding (Updated Classic+)"/><Feature code="F400080901" rank="4" referenceName="Secure latch (Updated Classic+)"/><Feature code="F400080897" rank="5" referenceName="Easy to assemble (Updated Classic+)"/><Feature code="F400078971" rank="6" referenceName="Easy to hold (Fox - Classic+)"/><Feature code="F400078973" rank="7" referenceName="Easy to clean (Fox - Classic+)"/><Feature code="F400080893" rank="8" referenceName="Leak-free design (Updated Classic+)"/><Feature code="F400078967_SCF816_27" rank="9" referenceName="Growing up with your baby (Fox - Classic+)"/><Feature code="F400080895" rank="10" referenceName="BPA free (Updated Classic+)"/><Feature code="F400080902" rank="11" referenceName="Fits your baby's growing needs (Updated Classic+)"/></Features><CSItems><CSItem code="IT4003502" rank="1" referenceName="What is included - Baby bottle"/><CSItem code="IT4008013" rank="1" referenceName="Design - Bottle design"/><CSItem code="IT4008016" rank="1" referenceName="Development stages - Stages"/><CSItem code="IT4022151" rank="1" referenceName="Ease of use - Bottle use"/><CSItem code="IT4022153" rank="1" referenceName="Material - Bottle"/><CSItem code="IT4034835" rank="1" referenceName="Bottle - Capacity"/><CSItem code="IT4041571" rank="1" referenceName="Functions - Anti-colic valve"/><CSItem code="IT4039034" rank="2" referenceName="Material - Teat"/><CSItem code="IT4042519" rank="2" referenceName="Functions - Teat"/><CSItem code="IT4025959" rank="3" referenceName="Functions - Ease of use"/></CSItems></Purpose></Filters><FeatureCompareGroups/><Disclaimers><Disclaimer code="DIS40003321" rank="1" referenceName="BPA disclaimer - Following EU directive"><DisclaimerText>0% BPA, volgens EU-richtlijn 10/2011</DisclaimerText><DisclaimElements/></Disclaimer><Disclaimer code="DIS40010400" rank="2" referenceName="Fox - Classic+ 1"><DisclaimerText>Baby's van twee weken oud, die werden gevoed met een Philips Avent-fles, hadden 's nachts aanzienlijk minder last van darmkrampjes en huilerig gedrag dan baby's die werden gevoed met een fles van een concurrent.</DisclaimerText><DisclaimElements/></Disclaimer><Disclaimer code="DIS40011006" rank="3" referenceName="Updated Classic+ - Classic+ 2"><DisclaimerText>Het is bewezen dat het design van de speen voorkomt dat de speen inklapt, zodat je baby minder lucht binnen krijgt en je kunt voeden zonder onderbrekingen.</DisclaimerText><DisclaimElements/></Disclaimer><Disclaimer code="DIS40011206" rank="4" referenceName="Updated classic+ - Classic+ 3"><DisclaimerText>Wat zijn darmkrampjes en hoe beïnvloeden ze je baby? Darmkrampjes worden gedeeltelijk veroorzaakt door het inslikken van lucht bij het voeden. Dit zorgt voor ongemak in het spijsverteringssysteem van de baby. Symptomen zijn onder andere huilerig gedrag.</DisclaimerText><DisclaimElements/></Disclaimer></Disclaimers><KeyValuePairs><KeyValuePair><Key>FdaFlag</Key><Value>false</Value><Type>String</Type></KeyValuePair><KeyValuePair><Key>GrantGroup</Key><Value>PHILIPS</Value><Type>String</Type></KeyValuePair><KeyValuePair><Key>IT4042509</Key><Value>VA4098161</Value><Type>String</Type></KeyValuePair><KeyValuePair><Key>IT4042719</Key><Value>VA4098677</Value><Type>String</Type></KeyValuePair><KeyValuePair><Key>IT4042723</Key><Value>VA4098683</Value><Type>String</Type></KeyValuePair><KeyValuePair><Key>IT4042724</Key><Value>VA4098687</Value><Type>String</Type></KeyValuePair><KeyValuePair><Key>IT4042726</Key><Value>VA4098694</Value><Type>String</Type></KeyValuePair></KeyValuePairs><ProductClusters/><ProductRefs/><RichTexts/><GreenData><GreenAwards/><EnergyLabel/></GreenData></Product></Products>