<?xml version="1.0" encoding="UTF-8"?><Products xmlns:source="http://apache.org/cocoon/source/1.0" DocStatus="approved" DocTimeStamp="2018-10-24T11:59:45" DocType="PMT" DocVersion="xUCDM_product_external_CQ5_1_1_25"><Product Country="NL" IsAccessory="false" IsMaster="false" Locale="nl_NL" lastModified="2018-10-24T05:16:14" masterLastModified="2018-06-09T00:55:22"><CTN>S7780/64</CTN><GTIN>08710103744689</GTIN><MarketingVersion>12.1.1</MarketingVersion><MarketingStatus>Final Published</MarketingStatus><CRDate>2015-05-29</CRDate><CRDateYW>201522</CRDateYW><ModelYears/><ProductDivision><ProductDivisionCode>0200</ProductDivisionCode><ProductDivisionName>Consumer Lifestyle</ProductDivisionName><FormerPDCode>0300</FormerPDCode></ProductDivision><ProductOwner>Gijs Vermeulen</ProductOwner><DTN>S7780/64</DTN><Assets><Asset code="S7780_64" description="Single product shot" extension="" lastModified="2018-10-24" locale="nl_NL" number="" type="IMS">http://images.philips.com/is/image/PhilipsConsumer/S7780_64-IMS-nl_NL</Asset><Asset code="S7780_64" description="Product gallery image set" extension="" lastModified="2018-10-24" locale="nl_NL" number="" type="GAL">http://images.philips.com/is/image/PhilipsConsumer/S7780_64-GAL-nl_NL</Asset><Asset code="S7780_64" description="Product URL" extension="" lastModified="2018-10-24" locale="nl_NL" number="" type="URL">http://www.philips.nl/c-p/S7780_64/shaver-series-7000-elektrisch-scheerapparaat-voor-nat-en-droog-scheren</Asset></Assets><ProductName>SkinGlide-ringen voor elektrisch scheerapparaat, nat/droog</ProductName><NamingString><MasterBrand><BrandCode>PHI</BrandCode><BrandName>Philips</BrandName></MasterBrand><BrandString>Philips</BrandString><Family><FamilyCode>SB40005307</FamilyCode><FamilyName>Shaver series 7000</FamilyName><FamilyNameUsed>1</FamilyNameUsed></Family><Descriptor><DescriptorCode>D4013822</DescriptorCode><DescriptorName>Elektrisch scheerapparaat voor nat en droog scheren</DescriptorName></Descriptor><Alphanumeric>S7780/64</Alphanumeric><VersionElement1><VersionElementCode>V4037703</VersionElementCode><VersionElementName>SkinGlide-ringen</VersionElementName></VersionElement1><VersionElement2><VersionElementCode>V4040197</VersionElementCode><VersionElementName>GentlePrecisionPRO-mesjes</VersionElementName></VersionElement2><VersionElement3><VersionElementCode>V4032124</VersionElementCode><VersionElementName>Reinigingsborstel en baardstyler</VersionElementName></VersionElement3><VersionElement4><VersionElementCode>V4032663</VersionElementCode><VersionElementName>SmartClean-systeem</VersionElementName></VersionElement4><VersionString>SkinGlide-ringen, GentlePrecisionPRO-mesjes, reinigingsborsteltje en baardstyler, SmartClean-systeem</VersionString><BrandedFeatureString/><DescriptorBrandedFeatureString>Elektrisch scheerapparaat voor nat en droog scheren</DescriptorBrandedFeatureString></NamingString><WOW>Soepel en huidvriendelijk scheren</WOW><SubWOW>De nr. 1 van Philips voor de gevoelige huid*</SubWOW><MarketingTextHeader>De Philips 7000-serie beschermt tegen huidirritatie. De SkinGlide-ringen zijn voorzien van een coating die wrijving vermindert waardoor het scheerapparaat soepel over uw gezicht glijdt. De mesjes scheren glad en beschermen de huid, zelfs bij stoppels van drie dagen.</MarketingTextHeader><KeyBenefitArea><KeyBenefitAreaCode>K4029466</KeyBenefitAreaCode><KeyBenefitAreaName>Ontworpen voor maximaal huidcomfort</KeyBenefitAreaName><KeyBenefitAreaRank>1</KeyBenefitAreaRank><Feature><FeatureCode>F400069422</FeatureCode><FeatureReferenceName>SkinGlide rings (S7000 ROW MLU)</FeatureReferenceName><FeatureName>SkinGlide-ringen</FeatureName><FeatureLongDescription>SkinGlide-ringen met coating die wrijving vermindert voor soepel glijden</FeatureLongDescription><FeatureGlossary>Geniet van een comfortabele scheerbeurt met wrijvingsarme SkinGlide-ringen die zijn voorzien van mircobolletjes. Duizenden piepkleine glasachtige bolletjes verminderen de wrijving en weerstand tussen het scheerapparaat en de huid. Hierdoor glijdt het scheerapparaat soepel en gemakkelijk over de huid en helpt het huidirritatie te voorkomen.</FeatureGlossary><FeatureRank>1</FeatureRank><FeatureTopRank>1</FeatureTopRank></Feature><Feature><FeatureCode>F400069424</FeatureCode><FeatureReferenceName>5-direction DynamicFlex Heads (S7000 ROW MLU)</FeatureReferenceName><FeatureName>Dynamic Flex-scheerhoofden met 5 draairichtingen</FeatureName><FeatureLongDescription>Flexibele scheerhoofden met 5 draairichtingen volgen de contouren van de huid voor minder druk</FeatureLongDescription><FeatureGlossary>Onze scheerhoofden draaien eenvoudig in 5 richtingen en volgen zo voorzichtig alle contouren van uw gezicht en hals. Er is bij het scheren minder druk nodig, waardoor de belasting van de huid wordt geminimaliseerd.</FeatureGlossary><FeatureRank>5</FeatureRank><FeatureTopRank>3</FeatureTopRank></Feature><Feature><FeatureCode>F400069425_S7780_64</FeatureCode><FeatureReferenceName>Aquatec Wet &amp; Dry (S7000 ROW MLU)</FeatureReferenceName><FeatureName>Aquatec voor nat en droog scheren</FeatureName><FeatureLongDescription>Aquatec zorgt voor comfortabel droog en verfrissend nat scheren</FeatureLongDescription><FeatureGlossary>Kies hoe u het liefst scheert. Met de Aquatec Wet &amp; Dry-afdichting kunt u kiezen voor een snelle en comfortabele droge scheerbeurt. Of u kunt nat scheren, met gel of schuim, zelfs onder de douche.</FeatureGlossary><FeatureRank>8</FeatureRank><FeatureTopRank>4</FeatureTopRank></Feature></KeyBenefitArea><KeyBenefitArea><KeyBenefitAreaCode>K4028095</KeyBenefitAreaCode><KeyBenefitAreaName>Een glad en zacht scheerresultaat</KeyBenefitAreaName><KeyBenefitAreaRank>2</KeyBenefitAreaRank><Feature><FeatureCode>F400069423</FeatureCode><FeatureReferenceName>GentlePrecision PRO blades (S7000 ROW MLU)</FeatureReferenceName><FeatureName>GentlePrecisionPRO-mesjes</FeatureName><FeatureLongDescription>De mesjes beschermen de huid en scheren glad, zelfs bij een stoppelbaard van 3 dagen</FeatureLongDescription><FeatureGlossary>Ons geavanceerde scheersysteem is voorzien van huidbeschermingstechnologie, ontwikkeld om alleen haar te scheren, geen huid. V-vormige mesjes leiden de huid weg van de mesjes voor een glad scheerresultaat, zelfs bij een stoppelbaard van 3 dagen.</FeatureGlossary><FeatureRank>4</FeatureRank><FeatureTopRank>2</FeatureTopRank></Feature></KeyBenefitArea><KeyBenefitArea><KeyBenefitAreaCode>K300000216</KeyBenefitAreaCode><KeyBenefitAreaName>Gebruiksvriendelijk</KeyBenefitAreaName><KeyBenefitAreaRank>3</KeyBenefitAreaRank><Feature><FeatureCode>F400071034_S7780_64</FeatureCode><FeatureReferenceName>3 level battery indicator (S7000 ROW MLU)</FeatureReferenceName><FeatureName>Batterij-indicator met 3 niveaus</FeatureName><FeatureLongDescription>Intuïtief display met batterij-indicator (3 niveaus)</FeatureLongDescription><FeatureGlossary>Het intuïtieve display geeft relevante informatie weer voor optimale prestaties van uw scheerapparaat: batterij-indicator met 3 niveaus - reinigingsindicator - batterij bijna leeg-indicator - indicatie voor scheerhoofden vervangen - reisvergrendelingsindicator</FeatureGlossary><FeatureRank>3</FeatureRank><FeatureTopRank>5</FeatureTopRank></Feature><Feature><FeatureCode>F400071035_S7780_64</FeatureCode><FeatureReferenceName>50 minutes of cordless shaving (S7000 ROW MLU)</FeatureReferenceName><FeatureName>50 minuten snoerloos scheren</FeatureName><FeatureLongDescription>50 minuten snoerloos scheren</FeatureLongDescription><FeatureGlossary>Het energiezuinige, krachtige lithium-ionsysteem geeft u twee handige opties: 50 minuten gebruik na slechts 1 uur opladen, of snel opladen voor één volledige scheerbeurt. Alle scheerapparaten van de Shaver series 7000 zijn ontworpen voor uitsluitend draadloos gebruik om uw veiligheid in vochtige omgevingen te garanderen.</FeatureGlossary><FeatureRank>6</FeatureRank><FeatureTopRank>6</FeatureTopRank></Feature><Feature><FeatureCode>F400071037_S7780_64</FeatureCode><FeatureReferenceName>Fully washable shaver (S7000 S6000 ROW)</FeatureReferenceName><FeatureName>Volledig afwasbaar scheerapparaat</FeatureName><FeatureLongDescription>Scheerapparaat kan worden schoongespoeld onder de kraan</FeatureLongDescription><FeatureGlossary>Klap het scheerhoofd open en spoel het apparaat grondig af onder de kraan.</FeatureGlossary><FeatureRank>10</FeatureRank><FeatureTopRank>7</FeatureTopRank></Feature><Feature><FeatureCode>F400070930</FeatureCode><FeatureReferenceName>Built to last (S7000 ROW MLU)</FeatureReferenceName><FeatureName>Duurzaam gebouwd</FeatureName><FeatureLongDescription>Wordt geleverd met een garantie van 2 jaar</FeatureLongDescription><FeatureGlossary>Wij ondersteunen dit Philips-scheerapparaat met 2 jaar garantie. Onze 7000 Series-scheerapparaten zijn ontworpen voor goede prestaties en duurzaamheid.</FeatureGlossary><FeatureRank>11</FeatureRank><FeatureTopRank>8</FeatureTopRank></Feature></KeyBenefitArea><KeyBenefitArea><KeyBenefitAreaCode>K4028096</KeyBenefitAreaCode><KeyBenefitAreaName>Haal het maximale uit uw scheerapparaat</KeyBenefitAreaName><KeyBenefitAreaRank>4</KeyBenefitAreaRank><Feature><FeatureCode>F400071039</FeatureCode><FeatureReferenceName>SmartClick Beard Styler (S7000 ROW MLU)</FeatureReferenceName><FeatureName>SmartClick-baardstyler</FeatureName><FeatureLongDescription>Baardstyler met 5 standen voor stylen en voortrimmen</FeatureLongDescription><FeatureGlossary>De baardstyler heeft 5 standen voor het stylen van de baard, de perfecte stoppelbaard en voortrimmen. Afgeronde uiteinden en kammen voorkomen huidirritatie.</FeatureGlossary><FeatureRank>2</FeatureRank><FeatureTopRank>9</FeatureTopRank></Feature><Feature><FeatureCode>F400070931</FeatureCode><FeatureReferenceName>SmartClick Cleansing Brush (S7000 ROW MLU)</FeatureReferenceName><FeatureName>SmartClick-reinigingsborstel</FeatureName><FeatureLongDescription>Reinigingsborstel voor diepe, milde reiniging en minder irritatie</FeatureLongDescription><FeatureGlossary>De reinigingsborstel is ontworpen voor diepe, zachte reiniging en is samen met het reinigingsmiddel van uw keuze te gebruiken. 32.000 actieve borstelharen masseren en reinigen de huid, verwijderen vuil, reinigen de poriën en laten de huid weer stralen. Uit consumentenonderzoek door een onafhankelijk bureau voor klinisch onderzoek is gebleken dat er sprake is van minder irritatie, een gladdere huid en een nog comfortabelere scheerbeurt wanneer u een reinigingsborstel gebruikt. Wij raden u aan de borstel voor het scheren te gebruiken voor nog betere scheerresultaten: 91% van de ondervraagden hadden minder last van huidirritatie bij het scheren met de Philips S7000 met reinigingsborstel*.</FeatureGlossary><FeatureRank>7</FeatureRank><FeatureTopRank>10</FeatureTopRank></Feature><Feature><FeatureCode>F400071038</FeatureCode><FeatureReferenceName>SmartClean System (S7000 ROW MLU)</FeatureReferenceName><FeatureName>SmartClean-systeem</FeatureName><FeatureLongDescription>Houd uw scheerapparaat als nieuw met SmartClean</FeatureLongDescription><FeatureGlossary>SmartClean reinigt, smeert en laadt uw scheerapparaat op met één druk op de knop voor optimale prestaties.</FeatureGlossary><FeatureRank>9</FeatureRank><FeatureTopRank>11</FeatureTopRank></Feature></KeyBenefitArea><FeatureImage><FeatureCode>F400069422</FeatureCode><FeatureReferenceName>SkinGlide rings (S7000 ROW MLU)</FeatureReferenceName><FeatureImageRank>1</FeatureImageRank></FeatureImage><FeatureImage><FeatureCode>F400069423</FeatureCode><FeatureReferenceName>GentlePrecision PRO blades (S7000 ROW MLU)</FeatureReferenceName><FeatureImageRank>2</FeatureImageRank></FeatureImage><FeatureImage><FeatureCode>F400069424</FeatureCode><FeatureReferenceName>5-direction DynamicFlex Heads (S7000 ROW MLU)</FeatureReferenceName><FeatureImageRank>3</FeatureImageRank></FeatureImage><FeatureImage><FeatureCode>F400069425_S7780_64</FeatureCode><FeatureReferenceName>Aquatec Wet &amp; Dry (S7000 ROW MLU)</FeatureReferenceName><FeatureImageRank>4</FeatureImageRank></FeatureImage><FeatureImage><FeatureCode>F400071034_S7780_64</FeatureCode><FeatureReferenceName>3 level battery indicator (S7000 ROW MLU)</FeatureReferenceName><FeatureImageRank>5</FeatureImageRank></FeatureImage><FeatureImage><FeatureCode>F400071035_S7780_64</FeatureCode><FeatureReferenceName>50 minutes of cordless shaving (S7000 ROW MLU)</FeatureReferenceName><FeatureImageRank>6</FeatureImageRank></FeatureImage><FeatureImage><FeatureCode>F400071037_S7780_64</FeatureCode><FeatureReferenceName>Fully washable shaver (S7000 S6000 ROW)</FeatureReferenceName><FeatureImageRank>7</FeatureImageRank></FeatureImage><FeatureImage><FeatureCode>F400070930</FeatureCode><FeatureReferenceName>Built to last (S7000 ROW MLU)</FeatureReferenceName><FeatureImageRank>8</FeatureImageRank></FeatureImage><FeatureImage><FeatureCode>F400071039</FeatureCode><FeatureReferenceName>SmartClick Beard Styler (S7000 ROW MLU)</FeatureReferenceName><FeatureImageRank>9</FeatureImageRank></FeatureImage><FeatureImage><FeatureCode>F400070931</FeatureCode><FeatureReferenceName>SmartClick Cleansing Brush (S7000 ROW MLU)</FeatureReferenceName><FeatureImageRank>10</FeatureImageRank></FeatureImage><FeatureImage><FeatureCode>F400071038</FeatureCode><FeatureReferenceName>SmartClean System (S7000 ROW MLU)</FeatureReferenceName><FeatureImageRank>11</FeatureImageRank></FeatureImage><FeatureHighlight><FeatureCode>F400069422</FeatureCode><FeatureReferenceName>SkinGlide rings (S7000 ROW MLU)</FeatureReferenceName><FeatureHighlightRank>1</FeatureHighlightRank></FeatureHighlight><FeatureHighlight><FeatureCode>F400069423</FeatureCode><FeatureReferenceName>GentlePrecision PRO blades (S7000 ROW MLU)</FeatureReferenceName><FeatureHighlightRank>2</FeatureHighlightRank></FeatureHighlight><FeatureHighlight><FeatureCode>F400069424</FeatureCode><FeatureReferenceName>5-direction DynamicFlex Heads (S7000 ROW MLU)</FeatureReferenceName><FeatureHighlightRank>3</FeatureHighlightRank></FeatureHighlight><FeatureHighlight><FeatureCode>F400069425_S7780_64</FeatureCode><FeatureReferenceName>Aquatec Wet &amp; Dry (S7000 ROW MLU)</FeatureReferenceName><FeatureHighlightRank>4</FeatureHighlightRank></FeatureHighlight><FeatureHighlight><FeatureCode>F400071034_S7780_64</FeatureCode><FeatureReferenceName>3 level battery indicator (S7000 ROW MLU)</FeatureReferenceName><FeatureHighlightRank>5</FeatureHighlightRank></FeatureHighlight><FeatureHighlight><FeatureCode>F400071035_S7780_64</FeatureCode><FeatureReferenceName>50 minutes of cordless shaving (S7000 ROW MLU)</FeatureReferenceName><FeatureHighlightRank>6</FeatureHighlightRank></FeatureHighlight><FeatureHighlight><FeatureCode>F400071037_S7780_64</FeatureCode><FeatureReferenceName>Fully washable shaver (S7000 S6000 ROW)</FeatureReferenceName><FeatureHighlightRank>7</FeatureHighlightRank></FeatureHighlight><FeatureHighlight><FeatureCode>F400070930</FeatureCode><FeatureReferenceName>Built to last (S7000 ROW MLU)</FeatureReferenceName><FeatureHighlightRank>8</FeatureHighlightRank></FeatureHighlight><FeatureHighlight><FeatureCode>F400071039</FeatureCode><FeatureReferenceName>SmartClick Beard Styler (S7000 ROW MLU)</FeatureReferenceName><FeatureHighlightRank>9</FeatureHighlightRank></FeatureHighlight><FeatureHighlight><FeatureCode>F400070931</FeatureCode><FeatureReferenceName>SmartClick Cleansing Brush (S7000 ROW MLU)</FeatureReferenceName><FeatureHighlightRank>10</FeatureHighlightRank></FeatureHighlight><FeatureHighlight><FeatureCode>F400071038</FeatureCode><FeatureReferenceName>SmartClean System (S7000 ROW MLU)</FeatureReferenceName><FeatureHighlightRank>11</FeatureHighlightRank></FeatureHighlight><CSChapter><CSChapterCode>CH4001523</CSChapterCode><CSChapterName>Scheerresultaten</CSChapterName><CSChapterRank>1</CSChapterRank><CSItem><CSItemCode>IT4007976</CSItemCode><CSItemName>Scheersysteem</CSItemName><CSItemRank>1</CSItemRank><CSItemIsFreeFormat>0</CSItemIsFreeFormat><CSValue><CSValueCode>VA4084204</CSValueCode><CSValueName>GentlePrecisionPRO-mesjes</CSValueName><CSValueRank>1</CSValueRank></CSValue></CSItem><CSItem><CSItemCode>IT4007978</CSItemCode><CSItemName>Huidcomfort</CSItemName><CSItemRank>2</CSItemRank><CSItemIsFreeFormat>0</CSItemIsFreeFormat><CSValue><CSValueCode>VA4084203</CSValueCode><CSValueName>SkinGlide-ringen</CSValueName><CSValueRank>1</CSValueRank></CSValue><CSValue><CSValueCode>VA4033823</CSValueCode><CSValueName>Huidbeschermend systeem</CSValueName><CSValueRank>2</CSValueRank></CSValue><CSValue><CSValueCode>VA4081202</CSValueCode><CSValueName>AquaTec Wet &amp; Dry</CSValueName><CSValueRank>3</CSValueRank></CSValue></CSItem><CSItem><CSItemCode>IT4007977</CSItemCode><CSItemName>Volgt de contouren</CSItemName><CSItemRank>3</CSItemRank><CSItemIsFreeFormat>0</CSItemIsFreeFormat><CSValue><CSValueCode>VA4096953</CSValueCode><CSValueName>DynamicFlex-scheerhoofden met 5 draairichtingen</CSValueName><CSValueRank>1</CSValueRank></CSValue></CSItem></CSChapter><CSChapter><CSChapterCode>3000815</CSChapterCode><CSChapterName>Accessoires</CSChapterName><CSChapterRank>2</CSChapterRank><CSItem><CSItemCode>IT4033151</CSItemCode><CSItemName>SmartClean</CSItemName><CSItemRank>1</CSItemRank><CSItemIsFreeFormat>0</CSItemIsFreeFormat><CSValue><CSValueCode>VA4077062</CSValueCode><CSValueName>Reinigt</CSValueName><CSValueRank>1</CSValueRank></CSValue><CSValue><CSValueCode>VA4077063</CSValueCode><CSValueName>Laadt op</CSValueName><CSValueRank>2</CSValueRank></CSValue><CSValue><CSValueCode>VA4077064</CSValueCode><CSValueName>Smeert</CSValueName><CSValueRank>3</CSValueRank></CSValue><CSValue><CSValueCode>VA4084833</CSValueCode><CSValueName>3x schoonmaakcassette</CSValueName><CSValueRank>4</CSValueRank></CSValue></CSItem><CSItem><CSItemCode>IT4032633</CSItemCode><CSItemName>SmartClick</CSItemName><CSItemRank>2</CSItemRank><CSItemIsFreeFormat>0</CSItemIsFreeFormat><CSValue><CSValueCode>VA4076311</CSValueCode><CSValueName>Baardstyler</CSValueName><CSValueRank>1</CSValueRank></CSValue><CSValue><CSValueCode>VA4076312</CSValueCode><CSValueName>Borstel voor diepe reiniging van het gezicht</CSValueName><CSValueRank>2</CSValueRank></CSValue></CSItem><CSItem><CSItemCode>IT4007991</CSItemCode><CSItemName>Etui</CSItemName><CSItemRank>3</CSItemRank><CSItemIsFreeFormat>0</CSItemIsFreeFormat><CSValue><CSValueCode>VA4046862</CSValueCode><CSValueName>Reisetui</CSValueName><CSValueRank>1</CSValueRank></CSValue></CSItem></CSChapter><CSChapter><CSChapterCode>3000821</CSChapterCode><CSChapterName>Vermogen</CSChapterName><CSChapterRank>3</CSChapterRank><CSItem><CSItemCode>IT4015298</CSItemCode><CSItemName>Gebruikstijd</CSItemName><CSItemRank>1</CSItemRank><CSItemIsFreeFormat>0</CSItemIsFreeFormat><CSValue><CSValueCode>VA4077101</CSValueCode><CSValueName>50 min. / 17 scheerbeurten</CSValueName><CSValueRank>1</CSValueRank></CSValue></CSItem><CSItem><CSItemCode>IT4032891</CSItemCode><CSItemName>Opladen</CSItemName><CSItemRank>2</CSItemRank><CSItemIsFreeFormat>0</CSItemIsFreeFormat><CSValue><CSValueCode>VA4077304</CSValueCode><CSValueName>Volledig opladen in 1 uur</CSValueName><CSValueRank>1</CSValueRank></CSValue><CSValue><CSValueCode>VA4085067</CSValueCode><CSValueName>Snelle oplaadtijd van 5 min. voor 1 keer scheren</CSValueName><CSValueRank>2</CSValueRank></CSValue></CSItem><CSItem><CSItemCode>3006920</CSItemCode><CSItemName>Batterijtype</CSItemName><CSItemRank>3</CSItemRank><CSItemIsFreeFormat>0</CSItemIsFreeFormat><CSValue><CSValueCode>3033275</CSValueCode><CSValueName>Lithium-ion</CSValueName><CSValueRank>1</CSValueRank></CSValue></CSItem><CSItem><CSItemCode>IT4015297</CSItemCode><CSItemName>Automatisch voltage</CSItemName><CSItemRank>4</CSItemRank><CSItemIsFreeFormat>0</CSItemIsFreeFormat><CSValue><CSValueCode>VA4030670</CSValueCode><CSValueName>100 - 240 V</CSValueName><CSValueRank>1</CSValueRank></CSValue></CSItem><CSItem><CSItemCode>IT4009440</CSItemCode><CSItemName>Maximaal energieverbruik</CSItemName><CSItemRank>5</CSItemRank><CSItemIsFreeFormat>0</CSItemIsFreeFormat><CSValue><CSValueCode>VA4030673</CSValueCode><CSValueName>5,4</CSValueName><CSValueRank>1</CSValueRank></CSValue><UnitOfMeasure><UnitOfMeasureCode>3000072</UnitOfMeasureCode><UnitOfMeasureName>watt</UnitOfMeasureName><UnitOfMeasureSymbol>W</UnitOfMeasureSymbol></UnitOfMeasure></CSItem><CSItem><CSItemCode>IT4009439</CSItemCode><CSItemName>Energieverbruik in stand-by</CSItemName><CSItemRank>6</CSItemRank><CSItemIsFreeFormat>0</CSItemIsFreeFormat><CSValue><CSValueCode>VA4022656</CSValueCode><CSValueName>0,15</CSValueName><CSValueRank>1</CSValueRank></CSValue><UnitOfMeasure><UnitOfMeasureCode>3000072</UnitOfMeasureCode><UnitOfMeasureName>watt</UnitOfMeasureName><UnitOfMeasureSymbol>W</UnitOfMeasureSymbol></UnitOfMeasure></CSItem></CSChapter><CSChapter><CSChapterCode>CH4001524</CSChapterCode><CSChapterName>Gebruiksgemak</CSChapterName><CSChapterRank>4</CSChapterRank><CSItem><CSItemCode>IT4007980</CSItemCode><CSItemName>Display</CSItemName><CSItemRank>1</CSItemRank><CSItemIsFreeFormat>0</CSItemIsFreeFormat><CSValue><CSValueCode>VA4021350</CSValueCode><CSValueName>Batterij-indicator met 3 niveaus</CSValueName><CSValueRank>1</CSValueRank></CSValue><CSValue><CSValueCode>VA4019961</CSValueCode><CSValueName>Batterij bijna leeg-indicator</CSValueName><CSValueRank>2</CSValueRank></CSValue><CSValue><CSValueCode>VA4022648</CSValueCode><CSValueName>Reinigingsindicator</CSValueName><CSValueRank>3</CSValueRank></CSValue><CSValue><CSValueCode>VA4019963</CSValueCode><CSValueName>Indicatie voor scheerhoofden vervangen</CSValueName><CSValueRank>4</CSValueRank></CSValue><CSValue><CSValueCode>VA4076314</CSValueCode><CSValueName>Reisvergrendelingsindicator</CSValueName><CSValueRank>5</CSValueRank></CSValue></CSItem><CSItem><CSItemCode>IT4007985</CSItemCode><CSItemName>Schoonmaken</CSItemName><CSItemRank>2</CSItemRank><CSItemIsFreeFormat>0</CSItemIsFreeFormat><CSValue><CSValueCode>VA4063376</CSValueCode><CSValueName>Volledig afspoelbaar</CSValueName><CSValueRank>1</CSValueRank></CSValue></CSItem><CSItem><CSItemCode>IT4027494</CSItemCode><CSItemName>Bediening</CSItemName><CSItemRank>3</CSItemRank><CSItemIsFreeFormat>0</CSItemIsFreeFormat><CSValue><CSValueCode>VA4064594</CSValueCode><CSValueName>Snoerloos gebruik</CSValueName><CSValueRank>1</CSValueRank></CSValue><CSValue><CSValueCode>VA4090065</CSValueCode><CSValueName>Koppel los voor gebruik</CSValueName><CSValueRank>2</CSValueRank></CSValue></CSItem></CSChapter><CSChapter><CSChapterCode>3001096</CSChapterCode><CSChapterName>Ontwerp</CSChapterName><CSChapterRank>5</CSChapterRank><CSItem><CSItemCode>IT4008709</CSItemCode><CSItemName>Handvat</CSItemName><CSItemRank>1</CSItemRank><CSItemIsFreeFormat>0</CSItemIsFreeFormat><CSValue><CSValueCode>VA4076321</CSValueCode><CSValueName>Ergonomische grip</CSValueName><CSValueRank>1</CSValueRank></CSValue></CSItem><CSItem><CSItemCode>IT4036266</CSItemCode><CSItemName>Framekleur</CSItemName><CSItemRank>2</CSItemRank><CSItemIsFreeFormat>1</CSItemIsFreeFormat><CSValue><CSValueCode>VA4084208</CSValueCode><CSValueName>Argus bronze</CSValueName><CSValueRank>1</CSValueRank></CSValue></CSItem><CSItem><CSItemCode>IT4036265</CSItemCode><CSItemName>Kleur voorzijde</CSItemName><CSItemRank>3</CSItemRank><CSItemIsFreeFormat>1</CSItemIsFreeFormat><CSValue><CSValueCode>VA4084207</CSValueCode><CSValueName>Matwit</CSValueName><CSValueRank>1</CSValueRank></CSValue></CSItem></CSChapter><CSChapter><CSChapterCode>CHA_0000049</CSChapterCode><CSChapterName>Service</CSChapterName><CSChapterRank>6</CSChapterRank><CSItem><CSItemCode>IT4002813</CSItemCode><CSItemName>2 jaar garantie</CSItemName><CSItemRank>1</CSItemRank><CSItemIsFreeFormat>0</CSItemIsFreeFormat><CSValue><CSValueCode>VA4011021</CSValueCode><CSValueName>Ja</CSValueName><CSValueRank>1</CSValueRank></CSValue></CSItem><CSItem><CSItemCode>IT4015371</CSItemCode><CSItemName>Vervangend scheerhoofd</CSItemName><CSItemRank>2</CSItemRank><CSItemIsFreeFormat>0</CSItemIsFreeFormat><CSValue><CSValueCode>VA4081207</CSValueCode><CSValueName>Elke 2 jaar vervangen met SH70</CSValueName><CSValueRank>1</CSValueRank><CSValueDescription/></CSValue></CSItem><CSItem><CSItemCode>IT4041804</CSItemCode><CSItemName>Reinigingsborstel SH560</CSItemName><CSItemRank>3</CSItemRank><CSItemIsFreeFormat>0</CSItemIsFreeFormat><CSValue><CSValueCode>VA4096951</CSValueCode><CSValueName>Elke 3-6 maanden vervangen</CSValueName><CSValueRank>1</CSValueRank></CSValue></CSItem></CSChapter><Filters><Purpose type="Comparison"><Features><Feature code="F400069422" rank="1" referenceName="SkinGlide rings (S7000 ROW MLU)"/><Feature code="F400069423" rank="2" referenceName="GentlePrecision PRO blades (S7000 ROW MLU)"/><Feature code="F400069424" rank="3" referenceName="5-direction DynamicFlex Heads (S7000 ROW MLU)"/><Feature code="F400069425_S7780_64" rank="4" referenceName="Aquatec Wet &amp; Dry (S7000 ROW MLU)"/><Feature code="F400071034_S7780_64" rank="5" referenceName="3 level battery indicator (S7000 ROW MLU)"/><Feature code="F400071035_S7780_64" rank="6" referenceName="50 minutes of cordless shaving (S7000 ROW MLU)"/><Feature code="F400071037_S7780_64" rank="7" referenceName="Fully washable shaver (S7000 S6000 ROW)"/><Feature code="F400070930" rank="8" referenceName="Built to last (S7000 ROW MLU)"/><Feature code="F400071039" rank="9" referenceName="SmartClick Beard Styler (S7000 ROW MLU)"/><Feature code="F400070931" rank="10" referenceName="SmartClick Cleansing Brush (S7000 ROW MLU)"/><Feature code="F400071038" rank="11" referenceName="SmartClean System (S7000 ROW MLU)"/></Features><CSItems><CSItem code="IT4002813" rank="1" referenceName="Service - 2-year guarantee"/><CSItem code="IT4007976" rank="1" referenceName="Shaving Performance - Shaving system"/><CSItem code="IT4007980" rank="1" referenceName="Ease of use - Display"/><CSItem code="IT4008709" rank="1" referenceName="Design - Handle"/><CSItem code="IT4015298" rank="1" referenceName="Power - Run time"/><CSItem code="IT4033151" rank="1" referenceName="Accessories - SmartClean"/><CSItem code="IT4007978" rank="2" referenceName="Shaving Performance - Skin comfort"/><CSItem code="IT4007985" rank="2" referenceName="Ease of use - Cleaning"/><CSItem code="IT4015371" rank="2" referenceName="Service - Replacement head"/><CSItem code="IT4032633" rank="2" referenceName="Accessories - SmartClick"/><CSItem code="IT4032891" rank="2" referenceName="Power - Charging"/><CSItem code="IT4036266" rank="2" referenceName="Design - Frame color"/><CSItem code="3006920" rank="3" referenceName="Power - Battery Type"/><CSItem code="IT4007977" rank="3" referenceName="Shaving Performance - Contour following"/><CSItem code="IT4007991" rank="3" referenceName="Accessories - Pouch"/><CSItem code="IT4027494" rank="3" referenceName="Ease of use - Operation"/><CSItem code="IT4036265" rank="3" referenceName="Design - Front color"/><CSItem code="IT4041804" rank="3" referenceName="Service - Cleansing brush head SH560"/><CSItem code="IT4015297" rank="4" referenceName="Power - Automatic voltage"/><CSItem code="IT4009440" rank="5" referenceName="Power - Max power consumption"/><CSItem code="IT4009439" rank="6" referenceName="Power - Stand-by power"/></CSItems></Purpose><Purpose type="Detail"><Features><Feature code="F400069422" rank="1" referenceName="SkinGlide rings (S7000 ROW MLU)"/><Feature code="F400069423" rank="2" referenceName="GentlePrecision PRO blades (S7000 ROW MLU)"/><Feature code="F400069424" rank="3" referenceName="5-direction DynamicFlex Heads (S7000 ROW MLU)"/><Feature code="F400069425_S7780_64" rank="4" referenceName="Aquatec Wet &amp; Dry (S7000 ROW MLU)"/><Feature code="F400071034_S7780_64" rank="5" referenceName="3 level battery indicator (S7000 ROW MLU)"/><Feature code="F400071035_S7780_64" rank="6" referenceName="50 minutes of cordless shaving (S7000 ROW MLU)"/><Feature code="F400071037_S7780_64" rank="7" referenceName="Fully washable shaver (S7000 S6000 ROW)"/><Feature code="F400070930" rank="8" referenceName="Built to last (S7000 ROW MLU)"/><Feature code="F400071039" rank="9" referenceName="SmartClick Beard Styler (S7000 ROW MLU)"/><Feature code="F400070931" rank="10" referenceName="SmartClick Cleansing Brush (S7000 ROW MLU)"/><Feature code="F400071038" rank="11" referenceName="SmartClean System (S7000 ROW MLU)"/></Features><CSItems><CSItem code="IT4002813" rank="1" referenceName="Service - 2-year guarantee"/><CSItem code="IT4007976" rank="1" referenceName="Shaving Performance - Shaving system"/><CSItem code="IT4007980" rank="1" referenceName="Ease of use - Display"/><CSItem code="IT4008709" rank="1" referenceName="Design - Handle"/><CSItem code="IT4015298" rank="1" referenceName="Power - Run time"/><CSItem code="IT4033151" rank="1" referenceName="Accessories - SmartClean"/><CSItem code="IT4007978" rank="2" referenceName="Shaving Performance - Skin comfort"/><CSItem code="IT4007985" rank="2" referenceName="Ease of use - Cleaning"/><CSItem code="IT4015371" rank="2" referenceName="Service - Replacement head"/><CSItem code="IT4032633" rank="2" referenceName="Accessories - SmartClick"/><CSItem code="IT4032891" rank="2" referenceName="Power - Charging"/><CSItem code="IT4036266" rank="2" referenceName="Design - Frame color"/><CSItem code="3006920" rank="3" referenceName="Power - Battery Type"/><CSItem code="IT4007977" rank="3" referenceName="Shaving Performance - Contour following"/><CSItem code="IT4007991" rank="3" referenceName="Accessories - Pouch"/><CSItem code="IT4027494" rank="3" referenceName="Ease of use - Operation"/><CSItem code="IT4036265" rank="3" referenceName="Design - Front color"/><CSItem code="IT4041804" rank="3" referenceName="Service - Cleansing brush head SH560"/><CSItem code="IT4015297" rank="4" referenceName="Power - Automatic voltage"/><CSItem code="IT4009440" rank="5" referenceName="Power - Max power consumption"/><CSItem code="IT4009439" rank="6" referenceName="Power - Stand-by power"/></CSItems></Purpose><Purpose type="Discriminators"><Features/><CSItems/></Purpose></Filters><FeatureCompareGroups/><Disclaimers><Disclaimer code="DIS40008870" rank="1" referenceName="Philips' no.1 on sensitive skin (Best ROW)"><DisclaimerText>De nr. 1 van Philips voor de gevoelige huid - in vergelijking met andere Philips-scheerapparaten</DisclaimerText><DisclaimElements/></Disclaimer><Disclaimer code="DIS40011712" rank="2" referenceName="*91% of subjects experienced less skin irritation (S7000)"><DisclaimerText>91% van de ondervraagden ondervonden minder huidirritatie bij het scheren met de Philips S7000 met reinigingsborstel - onderzoek in het Verenigd Koninkrijk onder ontevreden mesgebruikers</DisclaimerText><DisclaimElements/></Disclaimer></Disclaimers><KeyValuePairs><KeyValuePair><Key>FdaFlag</Key><Value>false</Value><Type>String</Type></KeyValuePair><KeyValuePair><Key>GrantGroup</Key><Value>PHILIPS</Value><Type>String</Type></KeyValuePair><KeyValuePair><Key>IT4018831</Key><Value>VA4042138</Value><Type>String</Type></KeyValuePair><KeyValuePair><Key>IT4018832</Key><Value>VA4042140</Value><Type>String</Type></KeyValuePair><KeyValuePair><Key>IT4018832</Key><Value>VA4042141</Value><Type>String</Type></KeyValuePair><KeyValuePair><Key>IT4018832</Key><Value>VA4094828</Value><Type>String</Type></KeyValuePair><KeyValuePair><Key>IT4018835</Key><Value>VA4042155</Value><Type>String</Type></KeyValuePair><KeyValuePair><Key>IT4030251</Key><Value>VA4069221</Value><Type>String</Type></KeyValuePair><KeyValuePair><Key>IT4039670</Key><Value>VA4092619</Value><Type>String</Type></KeyValuePair><KeyValuePair><Key>IT4039670</Key><Value>VA4092620</Value><Type>String</Type></KeyValuePair><KeyValuePair><Key>IT4039671</Key><Value>VA4092625</Value><Type>String</Type></KeyValuePair><KeyValuePair><Key>IT4039672</Key><Value>VA4092626</Value><Type>String</Type></KeyValuePair><KeyValuePair><Key>IT4039673</Key><Value>VA4092633</Value><Type>String</Type></KeyValuePair><KeyValuePair><Key>IT4039674</Key><Value>VA4092640</Value><Type>String</Type></KeyValuePair><KeyValuePair><Key>IT4039675</Key><Value>VA4092643</Value><Type>String</Type></KeyValuePair><KeyValuePair><Key>IT4039675</Key><Value>VA4092645</Value><Type>String</Type></KeyValuePair><KeyValuePair><Key>IT4039676</Key><Value>VA4092648</Value><Type>String</Type></KeyValuePair><KeyValuePair><Key>IT4039677</Key><Value>VA4092653</Value><Type>String</Type></KeyValuePair><KeyValuePair><Key>IT4040670</Key><Value>VA4094805</Value><Type>String</Type></KeyValuePair><KeyValuePair><Key>IT4040671</Key><Value>VA4094809</Value><Type>String</Type></KeyValuePair><KeyValuePair><Key>IT4040672</Key><Value>VA4094813</Value><Type>String</Type></KeyValuePair><KeyValuePair><Key>IT4040673</Key><Value>VA4094818</Value><Type>String</Type></KeyValuePair><KeyValuePair><Key>IT4040673</Key><Value>VA4094819</Value><Type>String</Type></KeyValuePair><KeyValuePair><Key>IT4040674</Key><Value>VA4094822</Value><Type>String</Type></KeyValuePair><KeyValuePair><Key>IT4040675</Key><Value>VA4094825</Value><Type>String</Type></KeyValuePair></KeyValuePairs><ReviewStatistics><ReviewStatistics source="110117"><AverageOverallRating>4.2632</AverageOverallRating><OverallRatingRange>5</OverallRatingRange><TotalReviewCount>76</TotalReviewCount><RatingsOnlyReviewCount>0</RatingsOnlyReviewCount><RecommendedCount>67</RecommendedCount><AverageRatingValues/><RatingDistribution><RatingDistributionItem><RatingValue>5</RatingValue><Count>32</Count></RatingDistributionItem><RatingDistributionItem><RatingValue>4</RatingValue><Count>37</Count></RatingDistributionItem><RatingDistributionItem><RatingValue>3</RatingValue><Count>3</Count></RatingDistributionItem><RatingDistributionItem><RatingValue>2</RatingValue><Count>3</Count></RatingDistributionItem><RatingDistributionItem><RatingValue>1</RatingValue><Count>1</Count></RatingDistributionItem></RatingDistribution></ReviewStatistics></ReviewStatistics><AccessoryByPacked><AccessoryByPackedCode>AB40004561</AccessoryByPackedCode><AccessoryByPackedReference>SmartClick beard styler RQ111 black</AccessoryByPackedReference><AccessoryByPackedName>SmartClick-baardstyler</AccessoryByPackedName><AccessoryByPackedRank>1</AccessoryByPackedRank></AccessoryByPacked><AccessoryByPacked><AccessoryByPackedCode>AB40004401</AccessoryByPackedCode><AccessoryByPackedReference>SmartClick cleansing brush (RQ575)</AccessoryByPackedReference><AccessoryByPackedName>SmartClick-reinigingsborstel</AccessoryByPackedName><AccessoryByPackedRank>2</AccessoryByPackedRank></AccessoryByPacked><AccessoryByPacked><AccessoryByPackedCode>AB40004541</AccessoryByPackedCode><AccessoryByPackedReference>SmartClean system</AccessoryByPackedReference><AccessoryByPackedName>SmartClean-systeem</AccessoryByPackedName><AccessoryByPackedRank>3</AccessoryByPackedRank></AccessoryByPacked><AccessoryByPacked><AccessoryByPackedCode>AB40004542</AccessoryByPackedCode><AccessoryByPackedReference>Cleaning cartridge</AccessoryByPackedReference><AccessoryByPackedName>Schoonmaakcartridge</AccessoryByPackedName><AccessoryByPackedRank>4</AccessoryByPackedRank></AccessoryByPacked><Award AwardType="global_highlight"><AwardCode>GA40019428</AwardCode><AwardName>iF DESIGN AWARD 2016</AwardName><AwardDate>2016</AwardDate><AwardPlace>Duitsland</AwardPlace><AwardDescription>Shaver series 7000</AwardDescription><AwardAcknowledgement>iF DESIGN AWARD 2016</AwardAcknowledgement><AwardRank>1</AwardRank></Award><Award AwardType="global_highlight"><AwardCode>GA40019434</AwardCode><AwardName>Red Dot Award 2016: winnaar</AwardName><AwardDate>2016</AwardDate><AwardPlace>Duitsland</AwardPlace><AwardDescription>Shaver series 7000</AwardDescription><AwardAcknowledgement>Red Dot Award 2016: winnaar</AwardAcknowledgement><AwardRank>5</AwardRank></Award><Award AwardType="ala_award" awardAlid="215029130" globalSource="true" status="Final Published"><AwardCode>ALA_187750607</AwardCode><AwardName>iF DESIGN AWARD 2016</AwardName><AwardDate>2016-02-26</AwardDate><Title>ifdesign.de</Title><Rating>0</Rating><AwardAuthor/><TestPros/><TestCons/><AwardDescription>Philips S7780/64</AwardDescription><AwardAcknowledgement>Philips S7780/64</AwardAcknowledgement><AwardVerdict/><AwardText>iF DESIGN AWARD 2016</AwardText><AwardRank>6</AwardRank><AwardSourceCode>ALS_49000084</AwardSourceCode><AwardCategory/><AwardSourceLocale>en_DE</AwardSourceLocale></Award><Award AwardType="ala_award" awardAlid="215029130" globalSource="true" status="Final Published"><AwardCode>ALA_187750273</AwardCode><AwardName>Red Dot Award 2016: winnaar</AwardName><AwardDate>2016-01-01</AwardDate><Title>red-dot.de (VK)</Title><Rating>0</Rating><AwardAuthor/><TestPros/><TestCons/><AwardDescription>Philips S7780/64</AwardDescription><AwardAcknowledgement>Philips S7780/64</AwardAcknowledgement><AwardVerdict/><AwardText>Red Dot Award 2016: winnaar</AwardText><AwardRank>7</AwardRank><AwardSourceCode>ALS_4900060</AwardSourceCode><AwardCategory/><AwardSourceLocale>en_GB</AwardSourceLocale></Award><ProductClusters><ProductCluster code="R400001417" rank="0" type="range"><Name>Shaver series 7000</Name></ProductCluster><ProductCluster code="R400001417" rank="48" referenceName="Shaver series 7000" type="range"><Name>Shaver series 7000</Name></ProductCluster></ProductClusters><ProductRefs><ProductReference ProductReferenceType="Accessory"><CTN>CP0253/01</CTN><CTN>CP0324/01</CTN><CTN>CP0480/01</CTN><CTN>CP9059/01</CTN><CTN>CP9062/01</CTN><CTN>CRP136/01</CTN><CTN>HQ110/01</CTN><CTN>HQ110/02</CTN><CTN>HQ110/42</CTN><CTN>JC302/50</CTN><CTN>JC302/51</CTN><CTN>JC302/52</CTN><CTN>JC303/50</CTN><CTN>JC303/51</CTN><CTN>JC303/52</CTN><CTN>JC303/53</CTN><CTN>JC304/54</CTN><CTN>JC305/50</CTN><CTN>JC305/51</CTN><CTN>MS590/50</CTN><CTN>MS590/51</CTN><CTN>MS591/50</CTN><CTN>MS591/51</CTN><CTN>MS592/50</CTN><CTN>MS592/51</CTN><CTN>MS594/50</CTN><CTN>MS596/50</CTN><CTN>MS596/51</CTN><CTN>RQ111/50</CTN><CTN>RQ111/51</CTN><CTN>RQ111/52</CTN><CTN>RQ111/53</CTN><CTN>RQ560/50</CTN><CTN>RQ560/51</CTN><CTN>RQ563/50</CTN><CTN>RQ563/51</CTN><CTN>RQ585/50</CTN><CTN>RQ585/51</CTN><CTN>RQ585/52</CTN><CTN>SC51/50</CTN><CTN>SC51/51</CTN><CTN>SH560/50</CTN><CTN>SH575/50</CTN><CTN>SH585/51</CTN><CTN>SH70/50</CTN><CTN>SH70/51</CTN><CTN>SH70/52</CTN><CTN>SH70/53</CTN><CTN>SH70/61</CTN></ProductReference></ProductRefs><RichTexts/><GreenData><GreenAwards/><EnergyLabel/></GreenData></Product></Products>