<?xml version="1.0" encoding="UTF-8"?><Products xmlns:source="http://apache.org/cocoon/source/1.0" DocStatus="approved" DocTimeStamp="2018-10-24T11:59:45" DocType="PMT" DocVersion="xUCDM_product_external_CQ5_1_1_25"><Product Country="NL" IsAccessory="false" IsMaster="false" Locale="nl_NL" lastModified="2018-10-24T05:16:14" masterLastModified="2018-08-03T00:47:35"><CTN>S1310/04</CTN><GTIN>08710103765615</GTIN><MarketingVersion>2.2.1</MarketingVersion><MarketingStatus>Final Published</MarketingStatus><CRDate>2016-01-08</CRDate><CRDateYW>201602</CRDateYW><ModelYears/><ProductDivision><ProductDivisionCode>0200</ProductDivisionCode><ProductDivisionName>Consumer Lifestyle</ProductDivisionName><FormerPDCode>0300</FormerPDCode></ProductDivision><ProductOwner>Manish Kumar Singh</ProductOwner><DTN>S1310/04</DTN><Assets><Asset code="S1310_04" description="Single product shot" extension="" lastModified="2018-10-24" locale="nl_NL" number="" type="IMS">http://images.philips.com/is/image/PhilipsConsumer/S1310_04-IMS-nl_NL</Asset><Asset code="S1310_04" description="Product gallery image set" extension="" lastModified="2018-10-24" locale="nl_NL" number="" type="GAL">http://images.philips.com/is/image/PhilipsConsumer/S1310_04-GAL-nl_NL</Asset><Asset code="S1310_04" description="Product URL" extension="" lastModified="2018-10-24" locale="nl_NL" number="" type="URL">http://www.philips.nl/c-p/S1310_04/shaver-series-1000-elektrisch-apparaat-voor-droog-scheren</Asset></Assets><ProductName>Elektrisch scheerapparaat voor droog scheren, CloseCut-messysteem</ProductName><NamingString><MasterBrand><BrandCode>PHI</BrandCode><BrandName>Philips</BrandName></MasterBrand><BrandString>Philips</BrandString><Family><FamilyCode>SB40006767</FamilyCode><FamilyName>Shaver series 1000</FamilyName><FamilyNameUsed>1</FamilyNameUsed></Family><Descriptor><DescriptorCode>D4014045</DescriptorCode><DescriptorName>Elektrisch apparaat voor droog scheren</DescriptorName></Descriptor><Alphanumeric>S1310/04</Alphanumeric><VersionElement1><VersionElementCode>V4040320</VersionElementCode><VersionElementName>CloseCut-messysteem</VersionElementName></VersionElement1><VersionElement2><VersionElementCode>V4040318</VersionElementCode><VersionElementName>Flex-scheerhoofden, 4 draairichtingen</VersionElementName></VersionElement2><VersionString>Flexibele scheerhoofden met CloseCut-messysteem en 4 draairichtingen</VersionString><BrandedFeatureString/><DescriptorBrandedFeatureString>Elektrisch apparaat voor droog scheren</DescriptorBrandedFeatureString></NamingString><WOW>Comfortabel scheren</WOW><SubWOW>Elektrisch scheerapparaat met gladste resultaat voor de hals in zijn klasse*</SubWOW><MarketingTextHeader>De Shaver series 1000 biedt een snelle scheerbeurt voor een betaalbare prijs. Flex-scheerhoofden met 4 draairichtingen garanderen in combinatie met een CloseCut-messysteem een glad scheerresultaat.</MarketingTextHeader><KeyBenefitArea><KeyBenefitAreaCode>K4026734</KeyBenefitAreaCode><KeyBenefitAreaName>Een comfortabele scheerbeurt</KeyBenefitAreaName><KeyBenefitAreaRank>1</KeyBenefitAreaRank><Feature><FeatureCode>F400074466</FeatureCode><FeatureReferenceName>CloseCut Blade System (S3000 S1000)</FeatureReferenceName><FeatureName>CloseCut-messysteem</FeatureName><FeatureLongDescription>Duurzame, zelfslijpende mesjes voor een moeiteloze scheerbeurt</FeatureLongDescription><FeatureGlossary>Voor verbluffend glad scheren. Onze duurzame CloseCut-mesjes slijpen zichzelf als ze werken, keer op keer.</FeatureGlossary><FeatureRank>2</FeatureRank><FeatureTopRank>1</FeatureTopRank></Feature></KeyBenefitArea><KeyBenefitArea><KeyBenefitAreaCode>KBA_0000028</KeyBenefitAreaCode><KeyBenefitAreaName>Volgt alle contouren van uw gezicht en hals</KeyBenefitAreaName><KeyBenefitAreaRank>2</KeyBenefitAreaRank><Feature><FeatureCode>F400074461_S1310_04</FeatureCode><FeatureReferenceName>4-direction Flex Heads (S3000)</FeatureReferenceName><FeatureName>Flex-scheerhoofden, 4 draairichtingen</FeatureName><FeatureLongDescription>Hoofden draaien in 4 richtingen om moeiteloos alle contouren te volgen</FeatureLongDescription><FeatureGlossary>Flexibele scheerhoofden met 4 onafhankelijke bewegingen passen zich aan aan de contouren van uw gezicht, waardoor u eenvoudig kunt scheren, zelfs in de nek en op de kaaklijn.</FeatureGlossary><FeatureRank>1</FeatureRank><FeatureTopRank>2</FeatureTopRank></Feature></KeyBenefitArea><KeyBenefitArea><KeyBenefitAreaCode>K300000216</KeyBenefitAreaCode><KeyBenefitAreaName>Gebruiksvriendelijk</KeyBenefitAreaName><KeyBenefitAreaRank>3</KeyBenefitAreaRank><Feature><FeatureCode>F400074473_S1310_04</FeatureCode><FeatureReferenceName>Li-ion power (S3000)</FeatureReferenceName><FeatureName>Lithium-ionaccu</FeatureName><FeatureLongDescription>Consistent maximaal vermogen, jaar na jaar</FeatureLongDescription><FeatureGlossary>Scheer langer na elke oplaadbeurt. Het scheerapparaat blijft jarenlang dezelfde goede prestaties leveren, dankzij onze krachtige en efficiënte lithium-ionaccu.</FeatureGlossary><FeatureRank>3</FeatureRank><FeatureTopRank>3</FeatureTopRank></Feature><Feature><FeatureCode>F400074458_S1310_04</FeatureCode><FeatureReferenceName>35 minutes of cordless shaving (S3000 8hr W&amp;D)</FeatureReferenceName><FeatureName>35 minuten draadloos scheren</FeatureName><FeatureLongDescription>35 minuten draadloos scheren na acht uur opladen</FeatureLongDescription><FeatureGlossary>Na acht uur opladen kunt u meer dan 35 minuten scheren, dat zijn ongeveer 11 scheerbeurten. Dit scheerapparaat is alleen draadloos te gebruiken.</FeatureGlossary><FeatureRank>4</FeatureRank><FeatureTopRank>4</FeatureTopRank></Feature><Feature><FeatureCode>F400074468_S1310_04</FeatureCode><FeatureReferenceName>One touch open (S3000 Dry)</FeatureReferenceName><FeatureName>Open met één druk op de knop</FeatureName><FeatureLongDescription>Open door op de knop te drukken en gebruik dan de borstel om schoon te maken</FeatureLongDescription><FeatureGlossary>Klap de scheerhoofden open en gebruik het meegeleverde schoonmaakborsteltje om losse haren weg te vegen.</FeatureGlossary><FeatureRank>5</FeatureRank><FeatureTopRank>5</FeatureTopRank></Feature><Feature><FeatureCode>F400077065_S1310_04</FeatureCode><FeatureReferenceName>Cordless use (S3000 S1000)</FeatureReferenceName><FeatureName>Snoerloos gebruik</FeatureName><FeatureLongDescription>Alleen draadloos gebruik</FeatureLongDescription><FeatureGlossary>Dit scheerapparaat is ontworpen voor uitsluitend draadloos gebruik. Haal voor gebruik altijd de stekker uit het stopcontact.</FeatureGlossary><FeatureRank>6</FeatureRank><FeatureTopRank>6</FeatureTopRank></Feature></KeyBenefitArea><FeatureImage><FeatureCode>F400074466</FeatureCode><FeatureReferenceName>CloseCut Blade System (S3000 S1000)</FeatureReferenceName><FeatureImageRank>1</FeatureImageRank></FeatureImage><FeatureImage><FeatureCode>F400074461_S1310_04</FeatureCode><FeatureReferenceName>4-direction Flex Heads (S3000)</FeatureReferenceName><FeatureImageRank>2</FeatureImageRank></FeatureImage><FeatureImage><FeatureCode>F400074473_S1310_04</FeatureCode><FeatureReferenceName>Li-ion power (S3000)</FeatureReferenceName><FeatureImageRank>3</FeatureImageRank></FeatureImage><FeatureImage><FeatureCode>F400074458_S1310_04</FeatureCode><FeatureReferenceName>35 minutes of cordless shaving (S3000 8hr W&amp;D)</FeatureReferenceName><FeatureImageRank>4</FeatureImageRank></FeatureImage><FeatureImage><FeatureCode>F400074468_S1310_04</FeatureCode><FeatureReferenceName>One touch open (S3000 Dry)</FeatureReferenceName><FeatureImageRank>5</FeatureImageRank></FeatureImage><FeatureImage><FeatureCode>F400077065_S1310_04</FeatureCode><FeatureReferenceName>Cordless use (S3000 S1000)</FeatureReferenceName><FeatureImageRank>6</FeatureImageRank></FeatureImage><FeatureHighlight><FeatureCode>F400074466</FeatureCode><FeatureReferenceName>CloseCut Blade System (S3000 S1000)</FeatureReferenceName><FeatureHighlightRank>1</FeatureHighlightRank></FeatureHighlight><FeatureHighlight><FeatureCode>F400074461_S1310_04</FeatureCode><FeatureReferenceName>4-direction Flex Heads (S3000)</FeatureReferenceName><FeatureHighlightRank>2</FeatureHighlightRank></FeatureHighlight><FeatureHighlight><FeatureCode>F400074473_S1310_04</FeatureCode><FeatureReferenceName>Li-ion power (S3000)</FeatureReferenceName><FeatureHighlightRank>3</FeatureHighlightRank></FeatureHighlight><FeatureHighlight><FeatureCode>F400074458_S1310_04</FeatureCode><FeatureReferenceName>35 minutes of cordless shaving (S3000 8hr W&amp;D)</FeatureReferenceName><FeatureHighlightRank>4</FeatureHighlightRank></FeatureHighlight><FeatureHighlight><FeatureCode>F400074468_S1310_04</FeatureCode><FeatureReferenceName>One touch open (S3000 Dry)</FeatureReferenceName><FeatureHighlightRank>5</FeatureHighlightRank></FeatureHighlight><FeatureHighlight><FeatureCode>F400077065_S1310_04</FeatureCode><FeatureReferenceName>Cordless use (S3000 S1000)</FeatureReferenceName><FeatureHighlightRank>6</FeatureHighlightRank></FeatureHighlight><CSChapter><CSChapterCode>CH4001523</CSChapterCode><CSChapterName>Scheerresultaten</CSChapterName><CSChapterRank>1</CSChapterRank><CSItem><CSItemCode>IT4007976</CSItemCode><CSItemName>Scheersysteem</CSItemName><CSItemRank>1</CSItemRank><CSItemIsFreeFormat>0</CSItemIsFreeFormat><CSValue><CSValueCode>VA4068343</CSValueCode><CSValueName>CloseCut-messysteem</CSValueName><CSValueRank>16</CSValueRank></CSValue></CSItem><CSItem><CSItemCode>IT4007977</CSItemCode><CSItemName>Volgt de contouren</CSItemName><CSItemRank>1</CSItemRank><CSItemIsFreeFormat>0</CSItemIsFreeFormat><CSValue><CSValueCode>VA4096955</CSValueCode><CSValueName>Flex-scheerhoofden, 4 draairichtingen</CSValueName><CSValueRank>1</CSValueRank></CSValue></CSItem></CSChapter><CSChapter><CSChapterCode>3000815</CSChapterCode><CSChapterName>Accessoires</CSChapterName><CSChapterRank>2</CSChapterRank><CSItem><CSItemCode>IT4007992</CSItemCode><CSItemName>Onderhoud</CSItemName><CSItemRank>21</CSItemRank><CSItemIsFreeFormat>0</CSItemIsFreeFormat><CSValue><CSValueCode>VA4019995</CSValueCode><CSValueName>Reinigingsborsteltje</CSValueName><CSValueRank>5</CSValueRank></CSValue><CSValue><CSValueCode>VA4019996</CSValueCode><CSValueName>Beschermkap</CSValueName><CSValueRank>11</CSValueRank></CSValue></CSItem></CSChapter><CSChapter><CSChapterCode>CH4001524</CSChapterCode><CSChapterName>Gebruiksgemak</CSChapterName><CSChapterRank>3</CSChapterRank><CSItem><CSItemCode>IT4007980</CSItemCode><CSItemName>Display</CSItemName><CSItemRank>9</CSItemRank><CSItemIsFreeFormat>0</CSItemIsFreeFormat><CSValue><CSValueCode>VA4019961</CSValueCode><CSValueName>Batterij bijna leeg-indicator</CSValueName><CSValueRank>24</CSValueRank></CSValue></CSItem><CSItem><CSItemCode>IT4027494</CSItemCode><CSItemName>Bediening</CSItemName><CSItemRank>15</CSItemRank><CSItemIsFreeFormat>0</CSItemIsFreeFormat><CSValue><CSValueCode>VA4064594</CSValueCode><CSValueName>Snoerloos gebruik</CSValueName><CSValueRank>14</CSValueRank></CSValue><CSValue><CSValueCode>VA4090065</CSValueCode><CSValueName>Koppel los voor gebruik</CSValueName><CSValueRank>20</CSValueRank></CSValue></CSItem></CSChapter><CSChapter><CSChapterCode>3001096</CSChapterCode><CSChapterName>Ontwerp</CSChapterName><CSChapterRank>4</CSChapterRank><CSItem><CSItemCode>IT4008709</CSItemCode><CSItemName>Handvat</CSItemName><CSItemRank>2</CSItemRank><CSItemIsFreeFormat>0</CSItemIsFreeFormat><CSValue><CSValueCode>VA4076321</CSValueCode><CSValueName>Ergonomische grip</CSValueName><CSValueRank>3</CSValueRank></CSValue></CSItem><CSItem><CSItemCode>S_0000001</CSItemCode><CSItemName>Kleur</CSItemName><CSItemRank>10</CSItemRank><CSItemIsFreeFormat>1</CSItemIsFreeFormat><CSValue><CSValueCode>VA4007102</CSValueCode><CSValueName>Black bright juicy red</CSValueName><CSValueRank>1</CSValueRank></CSValue></CSItem></CSChapter><CSChapter><CSChapterCode>3000821</CSChapterCode><CSChapterName>Vermogen</CSChapterName><CSChapterRank>5</CSChapterRank><CSItem><CSItemCode>IT4015297</CSItemCode><CSItemName>Automatisch voltage</CSItemName><CSItemRank>3</CSItemRank><CSItemIsFreeFormat>0</CSItemIsFreeFormat><CSValue><CSValueCode>VA4030670</CSValueCode><CSValueName>100 - 240 V</CSValueName><CSValueRank>1</CSValueRank></CSValue></CSItem><CSItem><CSItemCode>IT4015298</CSItemCode><CSItemName>Gebruikstijd</CSItemName><CSItemRank>8</CSItemRank><CSItemIsFreeFormat>0</CSItemIsFreeFormat><CSValue><CSValueCode>VA4088686</CSValueCode><CSValueName>35 min. / 11 scheerbeurten</CSValueName><CSValueRank>23</CSValueRank></CSValue></CSItem><CSItem><CSItemCode>3006920</CSItemCode><CSItemName>Batterijtype</CSItemName><CSItemRank>11</CSItemRank><CSItemIsFreeFormat>0</CSItemIsFreeFormat><CSValue><CSValueCode>3033275</CSValueCode><CSValueName>Lithium-ion</CSValueName><CSValueRank>6</CSValueRank></CSValue></CSItem><CSItem><CSItemCode>IT4032891</CSItemCode><CSItemName>Opladen</CSItemName><CSItemRank>16</CSItemRank><CSItemIsFreeFormat>0</CSItemIsFreeFormat><CSValue><CSValueCode>VA4087182</CSValueCode><CSValueName>Volledig opladen in 8 uur</CSValueName><CSValueRank>8</CSValueRank></CSValue></CSItem><CSItem><CSItemCode>IT4009440</CSItemCode><CSItemName>Maximaal energieverbruik</CSItemName><CSItemRank>18</CSItemRank><CSItemIsFreeFormat>0</CSItemIsFreeFormat><CSValue><CSValueCode>VA4053723</CSValueCode><CSValueName>2</CSValueName><CSValueRank>12</CSValueRank></CSValue><UnitOfMeasure><UnitOfMeasureCode>3000072</UnitOfMeasureCode><UnitOfMeasureName>watt</UnitOfMeasureName><UnitOfMeasureSymbol>W</UnitOfMeasureSymbol></UnitOfMeasure></CSItem><CSItem><CSItemCode>IT4009439</CSItemCode><CSItemName>Energieverbruik in stand-by</CSItemName><CSItemRank>20</CSItemRank><CSItemIsFreeFormat>0</CSItemIsFreeFormat><CSValue><CSValueCode>VA4076317</CSValueCode><CSValueName>0,1</CSValueName><CSValueRank>9</CSValueRank></CSValue><UnitOfMeasure><UnitOfMeasureCode>3000072</UnitOfMeasureCode><UnitOfMeasureName>watt</UnitOfMeasureName><UnitOfMeasureSymbol>W</UnitOfMeasureSymbol></UnitOfMeasure></CSItem></CSChapter><CSChapter><CSChapterCode>CHA_0000049</CSChapterCode><CSChapterName>Service</CSChapterName><CSChapterRank>6</CSChapterRank><CSItem><CSItemCode>IT4002813</CSItemCode><CSItemName>2 jaar garantie</CSItemName><CSItemRank>6</CSItemRank><CSItemIsFreeFormat>0</CSItemIsFreeFormat><CSValue><CSValueCode>VA4011021</CSValueCode><CSValueName>Ja</CSValueName><CSValueRank>2</CSValueRank></CSValue></CSItem><CSItem><CSItemCode>IT4015371</CSItemCode><CSItemName>Vervangend scheerhoofd</CSItemName><CSItemRank>12</CSItemRank><CSItemIsFreeFormat>0</CSItemIsFreeFormat><CSValue><CSValueCode>VA4083781</CSValueCode><CSValueName>Elke 2 jaar vervangen met SH30</CSValueName><CSValueRank>15</CSValueRank></CSValue></CSItem></CSChapter><Filters><Purpose type="Comparison"><Features><Feature code="F400074466" rank="1" referenceName="CloseCut Blade System (S3000 S1000)"/><Feature code="F400074461_S1310_04" rank="2" referenceName="4-direction Flex Heads (S3000)"/><Feature code="F400074473_S1310_04" rank="3" referenceName="Li-ion power (S3000)"/><Feature code="F400074458_S1310_04" rank="4" referenceName="35 minutes of cordless shaving (S3000 8hr W&amp;D)"/><Feature code="F400074468_S1310_04" rank="5" referenceName="One touch open (S3000 Dry)"/><Feature code="F400077065_S1310_04" rank="6" referenceName="Cordless use (S3000 S1000)"/></Features><CSItems><CSItem code="IT4007976" rank="1" referenceName="Shaving Performance - Shaving system"/><CSItem code="IT4007977" rank="1" referenceName="Shaving Performance - Contour following"/><CSItem code="IT4008709" rank="2" referenceName="Design - Handle"/><CSItem code="IT4015297" rank="3" referenceName="Power - Automatic voltage"/><CSItem code="IT4002813" rank="6" referenceName="Service - 2-year guarantee"/><CSItem code="IT4015298" rank="8" referenceName="Power - Run time"/><CSItem code="IT4007980" rank="9" referenceName="Ease of use - Display"/><CSItem code="S_0000001" rank="10" referenceName="Design - Color"/><CSItem code="3006920" rank="11" referenceName="Power - Battery Type"/><CSItem code="IT4015371" rank="12" referenceName="Service - Replacement head"/><CSItem code="IT4027494" rank="15" referenceName="Ease of use - Operation"/><CSItem code="IT4032891" rank="16" referenceName="Power - Charging"/><CSItem code="IT4009440" rank="18" referenceName="Power - Max power consumption"/><CSItem code="IT4009439" rank="20" referenceName="Power - Stand-by power"/><CSItem code="IT4007992" rank="21" referenceName="Accessories - Maintenance"/></CSItems></Purpose><Purpose type="Detail"><Features><Feature code="F400074466" rank="1" referenceName="CloseCut Blade System (S3000 S1000)"/><Feature code="F400074461_S1310_04" rank="2" referenceName="4-direction Flex Heads (S3000)"/><Feature code="F400074473_S1310_04" rank="3" referenceName="Li-ion power (S3000)"/><Feature code="F400074458_S1310_04" rank="4" referenceName="35 minutes of cordless shaving (S3000 8hr W&amp;D)"/><Feature code="F400074468_S1310_04" rank="5" referenceName="One touch open (S3000 Dry)"/><Feature code="F400077065_S1310_04" rank="6" referenceName="Cordless use (S3000 S1000)"/></Features><CSItems><CSItem code="IT4007976" rank="1" referenceName="Shaving Performance - Shaving system"/><CSItem code="IT4007977" rank="1" referenceName="Shaving Performance - Contour following"/><CSItem code="IT4008709" rank="2" referenceName="Design - Handle"/><CSItem code="IT4015297" rank="3" referenceName="Power - Automatic voltage"/><CSItem code="IT4002813" rank="6" referenceName="Service - 2-year guarantee"/><CSItem code="IT4015298" rank="8" referenceName="Power - Run time"/><CSItem code="IT4007980" rank="9" referenceName="Ease of use - Display"/><CSItem code="S_0000001" rank="10" referenceName="Design - Color"/><CSItem code="3006920" rank="11" referenceName="Power - Battery Type"/><CSItem code="IT4015371" rank="12" referenceName="Service - Replacement head"/><CSItem code="IT4027494" rank="15" referenceName="Ease of use - Operation"/><CSItem code="IT4032891" rank="16" referenceName="Power - Charging"/><CSItem code="IT4009440" rank="18" referenceName="Power - Max power consumption"/><CSItem code="IT4009439" rank="20" referenceName="Power - Stand-by power"/><CSItem code="IT4007992" rank="21" referenceName="Accessories - Maintenance"/></CSItems></Purpose><Purpose type="Discriminators"><Features/><CSItems><CSItem code="IT4007976" rank="1" referenceName="Shaving system"/><CSItem code="IT4007977" rank="2" referenceName="Contour following"/><CSItem code="IT4015298" rank="7" referenceName="Run time"/></CSItems></Purpose></Filters><FeatureCompareGroups/><Disclaimers><Disclaimer code="DIS40009331" rank="1" referenceName="Closest electric shaver on the neck in its class* (S1000)"><DisclaimerText>In vergelijking met andere instapmodellen heeft dit scheerapparaat toonaangevende bladen en roterende scheerhoofden</DisclaimerText><DisclaimElements/></Disclaimer></Disclaimers><KeyValuePairs><KeyValuePair><Key>FdaFlag</Key><Value>false</Value><Type>String</Type></KeyValuePair><KeyValuePair><Key>GrantGroup</Key><Value>PHILIPS</Value><Type>String</Type></KeyValuePair><KeyValuePair><Key>IT4018831</Key><Value>VA4042139</Value><Type>String</Type></KeyValuePair><KeyValuePair><Key>IT4018831</Key><Value>VA4094827</Value><Type>String</Type></KeyValuePair><KeyValuePair><Key>IT4018832</Key><Value>VA4050063</Value><Type>String</Type></KeyValuePair><KeyValuePair><Key>IT4018833</Key><Value>VA4042145</Value><Type>String</Type></KeyValuePair><KeyValuePair><Key>IT4018834</Key><Value>VA4050066</Value><Type>String</Type></KeyValuePair><KeyValuePair><Key>IT4018835</Key><Value>VA4042155</Value><Type>String</Type></KeyValuePair><KeyValuePair><Key>IT4018836</Key><Value>VA4081007</Value><Type>String</Type></KeyValuePair><KeyValuePair><Key>IT4018837</Key><Value>VA4050067</Value><Type>String</Type></KeyValuePair><KeyValuePair><Key>IT4030251</Key><Value>VA4069221</Value><Type>String</Type></KeyValuePair><KeyValuePair><Key>IT4040670</Key><Value>VA4094807</Value><Type>String</Type></KeyValuePair><KeyValuePair><Key>IT4040671</Key><Value>VA4094810</Value><Type>String</Type></KeyValuePair><KeyValuePair><Key>IT4040672</Key><Value>VA4094816</Value><Type>String</Type></KeyValuePair><KeyValuePair><Key>IT4040674</Key><Value>VA4094823</Value><Type>String</Type></KeyValuePair><KeyValuePair><Key>IT4040675</Key><Value>VA4094826</Value><Type>String</Type></KeyValuePair></KeyValuePairs><ReviewStatistics><ReviewStatistics source="110117"><AverageOverallRating>4</AverageOverallRating><OverallRatingRange>5</OverallRatingRange><TotalReviewCount>11</TotalReviewCount><RatingsOnlyReviewCount>0</RatingsOnlyReviewCount><RecommendedCount>10</RecommendedCount><AverageRatingValues/><RatingDistribution><RatingDistributionItem><RatingValue>5</RatingValue><Count>3</Count></RatingDistributionItem><RatingDistributionItem><RatingValue>4</RatingValue><Count>7</Count></RatingDistributionItem><RatingDistributionItem><RatingValue>3</RatingValue><Count>0</Count></RatingDistributionItem><RatingDistributionItem><RatingValue>2</RatingValue><Count>0</Count></RatingDistributionItem><RatingDistributionItem><RatingValue>1</RatingValue><Count>1</Count></RatingDistributionItem></RatingDistribution></ReviewStatistics></ReviewStatistics><Award AwardType="ala_summary" awardAlid="224795182" globalSource="false" status="Final Published"><AwardCode>ALA_224795182NL</AwardCode><AwardName>Review samenvatting voor de Philips S1310</AwardName><AwardDate/><Title>alaTest.nl</Title><Rating>0</Rating><AwardAuthor>alaTest</AwardAuthor><TestPros/><TestCons/><AwardDescription/><AwardAcknowledgement>alaTest heeft 60 reviews verzameld en geanalyseerd voor Philips S1310. De gemiddelde beoordeling voor dit product is 4.3/5, vergeleken met een gemiddelde beoordeling van 4.3/5 voor andere Scheren en ontharingsproducten.</AwardAcknowledgement><AwardVerdict>Consumenten beoordelen dit product gemiddeld met 85/100.</AwardVerdict><AwardText/><AwardRank>1</AwardRank><AwardSourceCode>ALS_12101</AwardSourceCode><AwardCategory/><AwardSourceLocale>nl_NL</AwardSourceLocale></Award><Award AwardType="global"><AwardCode>GA_GREEN</AwardCode><AwardName>Philips Green-logo</AwardName><AwardDescription>Met groene producten van Philips kunnen kosten, energieverbruik en CO2-uitstoot worden verminderd. Hoe? Deze producten bieden aanzienlijk betere milieuprestaties in een of meer van de Green Focal Areas van Philips: Energieverbruik, Verpakking, Schadelijke stoffen, Gewicht, Recycling en Levensduur.</AwardDescription><AwardText>Philips Green-logo</AwardText><AwardRank>3</AwardRank></Award><ProductClusters/><ProductRefs><ProductReference ProductReferenceType="Accessory"><CTN>CP0479/01</CTN><CTN>CP9301/01</CTN><CTN>HQ110/01</CTN><CTN>HQ110/02</CTN><CTN>HQ110/42</CTN><CTN>SH30/50</CTN><CTN>SH30/51</CTN><CTN>SH30/52</CTN><CTN>SH30/53</CTN></ProductReference></ProductRefs><RichTexts/><GreenData><GreenAwards><GreenAward code="GA_GREEN" name="PhilipsGreenLogo"/></GreenAwards><EnergyLabel/></GreenData></Product></Products>