<?xml version="1.0" encoding="UTF-8"?><Products xmlns:source="http://apache.org/cocoon/source/1.0" DocStatus="approved" DocTimeStamp="2018-10-24T11:59:45" DocType="PMT" DocVersion="xUCDM_product_external_CQ5_1_1_25"><Product Country="NL" IsAccessory="false" IsMaster="false" Locale="nl_NL" lastModified="2018-10-24T05:16:14" masterLastModified="2018-06-30T00:18:36"><CTN>SCD221/00</CTN><GTIN>08710103827795</GTIN><MarketingVersion>5.0.1</MarketingVersion><MarketingStatus>Final Published</MarketingStatus><CRDate>2017-08-25</CRDate><CRDateYW>201734</CRDateYW><ModelYears/><ProductDivision><ProductDivisionCode>0200</ProductDivisionCode><ProductDivisionName>Consumer Lifestyle</ProductDivisionName><FormerPDCode>0300</FormerPDCode></ProductDivision><ProductOwner>Sara Di Perna</ProductOwner><DTN>SCD221/00</DTN><Assets><Asset code="SCD221_00" description="Single product shot" extension="" lastModified="2018-10-24" locale="nl_NL" number="" type="IMS">http://images.philips.com/is/image/PhilipsConsumer/SCD221_00-IMS-nl_NL</Asset><Asset code="SCD221_00" description="Product gallery image set" extension="" lastModified="2018-10-24" locale="nl_NL" number="" type="GAL">http://images.philips.com/is/image/PhilipsConsumer/SCD221_00-GAL-nl_NL</Asset><Asset code="SCD221_00" description="Product URL" extension="" lastModified="2018-10-24" locale="nl_NL" number="" type="URL">http://www.philips.nl/c-p/SCD221_00/avent-handkolf-met-bewaarbekers</Asset></Assets><ProductName>Handkolf met bewaarbekers</ProductName><NamingString><MasterBrand><BrandCode>PHI</BrandCode><BrandName>Philips</BrandName></MasterBrand><Partner><PartnerBrand><BrandCode>AVE</BrandCode><BrandName>Avent</BrandName></PartnerBrand><PartnerBrandType>MakersMark</PartnerBrandType></Partner><BrandString>Philips Avent</BrandString><Descriptor><DescriptorCode>D4031150</DescriptorCode><DescriptorName>Handkolf met bewaarbekers</DescriptorName></Descriptor><Alphanumeric>SCD221/00</Alphanumeric><VersionElement1><VersionElementCode>V4046786</VersionElementCode><VersionElementName>Afkolven, bewaren en voeden.</VersionElementName></VersionElement1><VersionElement2><VersionElementCode>V4046804</VersionElementCode><VersionElementName>Kolf met zacht massagekussen</VersionElementName></VersionElement2><VersionElement3><VersionElementCode>V4046748</VersionElementCode><VersionElementName>Bevat 2 flessen en spenen</VersionElementName></VersionElement3><VersionElement4><VersionElementCode>V4046788</VersionElementCode><VersionElementName>10 bewaarbekers en deksels</VersionElementName></VersionElement4><VersionString>Afkolven, bewaren en voeden. Pomp met zacht massagekussen, inclusief 2 flessen en spenen, 10 bewaarbekers en deksels</VersionString><BrandedFeatureString/><DescriptorBrandedFeatureString>Handkolf met bewaarbekers</DescriptorBrandedFeatureString></NamingString><WOW>Meer comfort en meer melk*, afkolven, bewaren en voeden</WOW><SubWOW>Handkolfset met bewaarbekers</SubWOW><MarketingTextHeader>De Comfort-set met handkolf en bewaarbekers is ideaal voor moeders die het afkolven inplannen. De handige set bevat alles dat je nodig hebt om af te kolven, de melk te bewaren en je baby te voeden. Inclusief twee flessen en tien bewaarbekers.</MarketingTextHeader><KeyBenefitArea><KeyBenefitAreaCode>K4034629</KeyBenefitAreaCode><KeyBenefitAreaName>Klinisch bewezen minder vooroverbuigen*</KeyBenefitAreaName><KeyBenefitAreaRank>1</KeyBenefitAreaRank><Feature><FeatureCode>F400083887</FeatureCode><FeatureReferenceName>Relaxing position (Breast pumps - Manual)</FeatureReferenceName><FeatureName>Ontspannen houding</FeatureName><FeatureLongDescription>Ontspannen houding dankzij het speciale ontwerp</FeatureLongDescription><FeatureGlossary>Het unieke ontwerp van de borstkolf zorgt ervoor dat je melk direct van je borst in de fles stroomt, zelfs wanneer je rechtop zit. Dit houdt in dat je gemakkelijker kunt zitten tijdens het kolven: je hoeft niet voorover te leunen om te zorgen dat al je melk in de fles terechtkomt. Als je comfortabel zit en ontspannen bent tijdens het kolven, helpt dat de melk makkelijker te laten stromen.</FeatureGlossary><FeatureRank>1</FeatureRank><FeatureTopRank>1</FeatureTopRank></Feature></KeyBenefitArea><KeyBenefitArea><KeyBenefitAreaCode>K4034673</KeyBenefitAreaCode><KeyBenefitAreaName>Zacht massagekussen met massagepunten</KeyBenefitAreaName><KeyBenefitAreaRank>2</KeyBenefitAreaRank><Feature><FeatureCode>F400083682</FeatureCode><FeatureReferenceName>Soft massage cushion (Electronic Breast pumps - Como)</FeatureReferenceName><FeatureName>Zacht massagekussen</FeatureName><FeatureLongDescription>Zacht massagekussen stimuleert subtiel de melkafgifte</FeatureLongDescription><FeatureGlossary>De satijnzachte structuur van ons massagekussen voelt warm aan op de huid en zorgt voor een comfortabele en zachte stimulatie van je melkafgifte. Ons karakteristieke massagekussen imiteert het zuigen van je baby, voor een zachte stimulatie van de melkafgifte.</FeatureGlossary><FeatureRank>1</FeatureRank><FeatureTopRank>2</FeatureTopRank></Feature></KeyBenefitArea><KeyBenefitArea><KeyBenefitAreaCode>K4034633</KeyBenefitAreaCode><KeyBenefitAreaName>Eenvoudig in elkaar zetten, afkolven en schoonmaken</KeyBenefitAreaName><KeyBenefitAreaRank>3</KeyBenefitAreaRank><Feature><FeatureCode>F400083732</FeatureCode><FeatureReferenceName>Easy on-the-go (Manual breast pumps - Como)</FeatureReferenceName><FeatureName>Handig voor onderweg</FeatureName><FeatureLongDescription>Compact en lichtgewicht ontwerp</FeatureLongDescription><FeatureGlossary>De borstkolf is klein en licht, wat betekent dat je hem gemakkelijk kunt opbergen en meenemen. Daardoor kun je buitenshuis discreter kolven.</FeatureGlossary><FeatureRank>1</FeatureRank><FeatureTopRank>3</FeatureTopRank></Feature><Feature><FeatureCode>F400083511</FeatureCode><FeatureReferenceName>Easy to set up, express and clean (Breast pumps - Como)</FeatureReferenceName><FeatureName>Eenvoudig in elkaar zetten, afkolven en schoonmaken</FeatureName><FeatureLongDescription>Weinig losse onderdelen en intuïtief ontwerp</FeatureLongDescription><FeatureGlossary>Weinig losse onderdelen en intuïtief ontwerp. Eenvoudig melk afkolven voor je baby, waar je ook bent.</FeatureGlossary><FeatureRank>2</FeatureRank><FeatureTopRank>4</FeatureTopRank></Feature></KeyBenefitArea><KeyBenefitArea><KeyBenefitAreaCode>K4017956</KeyBenefitAreaCode><KeyBenefitAreaName>Maakt het combineren van borst- en flesvoeding gemakkelijk</KeyBenefitAreaName><KeyBenefitAreaRank>4</KeyBenefitAreaRank><Feature><FeatureCode>F400083518</FeatureCode><FeatureReferenceName>Includes our Natural bottle (Breast pumps - Como)</FeatureReferenceName><FeatureName>Inclusief onze Natural-fles</FeatureName><FeatureLongDescription>Inclusief onze Natural-fles en -speen voor natuurlijk aanleggen</FeatureLongDescription><FeatureGlossary>De vorm van de brede speen lijkt op de borst en stimuleert zo het natuurlijk aanleggen. Zo is het voor jou én je baby gemakkelijker om borst- en flesvoeding te combineren.</FeatureGlossary><FeatureRank>1</FeatureRank><FeatureTopRank>5</FeatureTopRank></Feature></KeyBenefitArea><KeyBenefitArea><KeyBenefitAreaCode>K4034594</KeyBenefitAreaCode><KeyBenefitAreaName>Bewaren - Bewaarbekers</KeyBenefitAreaName><KeyBenefitAreaRank>5</KeyBenefitAreaRank><Feature><FeatureCode>F400083685</FeatureCode><FeatureReferenceName>Pump in storage containers (Electronic breast pumps - Como)</FeatureReferenceName><FeatureName>Kolf in bewaarflessen</FeatureName><FeatureLongDescription>Kolf in bewaarflessen</FeatureLongDescription><FeatureGlossary>Met de melkbewaarbekeradapter kun je eenvoudig afgekolfde melk bewaren zonder lekken en verlies van eerder afgekolfde melk.</FeatureGlossary><FeatureRank>1</FeatureRank><FeatureTopRank>6</FeatureTopRank></Feature><Feature><FeatureCode>F400068602</FeatureCode><FeatureReferenceName>Leak proof lid</FeatureReferenceName><FeatureName>Lekvrij deksel</FeatureName><FeatureLongDescription>Veilig bewaren en vervoeren</FeatureLongDescription><FeatureGlossary>Philips Avent-bewaarbekers hebben een deksel die zorgt voor een goede afsluiting voor veilig bewaren en meenemen.</FeatureGlossary><FeatureRank>2</FeatureRank><FeatureTopRank>7</FeatureTopRank></Feature></KeyBenefitArea><FeatureImage><FeatureCode>F400083887</FeatureCode><FeatureReferenceName>Relaxing position (Breast pumps - Manual)</FeatureReferenceName><FeatureImageRank>1</FeatureImageRank></FeatureImage><FeatureImage><FeatureCode>F400083682</FeatureCode><FeatureReferenceName>Soft massage cushion (Electronic Breast pumps - Como)</FeatureReferenceName><FeatureImageRank>2</FeatureImageRank></FeatureImage><FeatureImage><FeatureCode>F400083732</FeatureCode><FeatureReferenceName>Easy on-the-go (Manual breast pumps - Como)</FeatureReferenceName><FeatureImageRank>3</FeatureImageRank></FeatureImage><FeatureImage><FeatureCode>F400083511</FeatureCode><FeatureReferenceName>Easy to set up, express and clean (Breast pumps - Como)</FeatureReferenceName><FeatureImageRank>4</FeatureImageRank></FeatureImage><FeatureImage><FeatureCode>F400083518</FeatureCode><FeatureReferenceName>Includes our Natural bottle (Breast pumps - Como)</FeatureReferenceName><FeatureImageRank>5</FeatureImageRank></FeatureImage><FeatureImage><FeatureCode>F400083685</FeatureCode><FeatureReferenceName>Pump in storage containers (Electronic breast pumps - Como)</FeatureReferenceName><FeatureImageRank>6</FeatureImageRank></FeatureImage><FeatureImage><FeatureCode>F400068602</FeatureCode><FeatureReferenceName>Leak proof lid</FeatureReferenceName><FeatureImageRank>7</FeatureImageRank></FeatureImage><FeatureHighlight><FeatureCode>F400083887</FeatureCode><FeatureReferenceName>Relaxing position (Breast pumps - Manual)</FeatureReferenceName><FeatureHighlightRank>1</FeatureHighlightRank></FeatureHighlight><FeatureHighlight><FeatureCode>F400083682</FeatureCode><FeatureReferenceName>Soft massage cushion (Electronic Breast pumps - Como)</FeatureReferenceName><FeatureHighlightRank>2</FeatureHighlightRank></FeatureHighlight><FeatureHighlight><FeatureCode>F400083732</FeatureCode><FeatureReferenceName>Easy on-the-go (Manual breast pumps - Como)</FeatureReferenceName><FeatureHighlightRank>3</FeatureHighlightRank></FeatureHighlight><FeatureHighlight><FeatureCode>F400083511</FeatureCode><FeatureReferenceName>Easy to set up, express and clean (Breast pumps - Como)</FeatureReferenceName><FeatureHighlightRank>4</FeatureHighlightRank></FeatureHighlight><FeatureHighlight><FeatureCode>F400083518</FeatureCode><FeatureReferenceName>Includes our Natural bottle (Breast pumps - Como)</FeatureReferenceName><FeatureHighlightRank>5</FeatureHighlightRank></FeatureHighlight><FeatureHighlight><FeatureCode>F400083685</FeatureCode><FeatureReferenceName>Pump in storage containers (Electronic breast pumps - Como)</FeatureReferenceName><FeatureHighlightRank>6</FeatureHighlightRank></FeatureHighlight><FeatureHighlight><FeatureCode>F400068602</FeatureCode><FeatureReferenceName>Leak proof lid</FeatureReferenceName><FeatureHighlightRank>7</FeatureHighlightRank></FeatureHighlight><CSChapter><CSChapterCode>CHA_0000021</CSChapterCode><CSChapterName>Land van herkomst</CSChapterName><CSChapterRank>1</CSChapterRank><CSItem><CSItemCode>S_0002360</CSItemCode><CSItemName>Engeland</CSItemName><CSItemRank>1</CSItemRank><CSItemIsFreeFormat>0</CSItemIsFreeFormat><CSValue><CSValueCode>VA4010931</CSValueCode><CSValueName>Ja</CSValueName><CSValueRank>4</CSValueRank></CSValue></CSItem></CSChapter><CSChapter><CSChapterCode>CHA_0000098</CSChapterCode><CSChapterName>Materiaal</CSChapterName><CSChapterRank>2</CSChapterRank><CSItem><CSItemCode>IT4043567</CSItemCode><CSItemName>Borstkolf</CSItemName><CSItemRank>1</CSItemRank><CSItemIsFreeFormat>1</CSItemIsFreeFormat><CSValue><CSValueCode>VA4100377</CSValueCode><CSValueName>BPA-vrij * (alleen onderdelen die met voedsel in aanraking komen)</CSValueName><CSValueRank>1</CSValueRank></CSValue></CSItem><CSItem><CSItemCode>IT4022153</CSItemCode><CSItemName>Flesvoeding</CSItemName><CSItemRank>2</CSItemRank><CSItemIsFreeFormat>0</CSItemIsFreeFormat><CSValue><CSValueCode>VA4052668</CSValueCode><CSValueName>BPA-vrij*</CSValueName><CSValueRank>3</CSValueRank></CSValue><CSValue><CSValueCode>VA4052667</CSValueCode><CSValueName>Polypropyleen</CSValueName><CSValueRank>15</CSValueRank></CSValue></CSItem><CSItem><CSItemCode>IT4022154</CSItemCode><CSItemName>Speen</CSItemName><CSItemRank>3</CSItemRank><CSItemIsFreeFormat>0</CSItemIsFreeFormat><CSValue><CSValueCode>VA4052670</CSValueCode><CSValueName>BPA-vrij*</CSValueName><CSValueRank>2</CSValueRank></CSValue><CSValue><CSValueCode>VA4052669</CSValueCode><CSValueName>Siliconen</CSValueName><CSValueRank>11</CSValueRank></CSValue></CSItem><CSItem><CSItemCode>IT4025390</CSItemCode><CSItemName>Bewaarbekers</CSItemName><CSItemRank>4</CSItemRank><CSItemIsFreeFormat>1</CSItemIsFreeFormat><CSValue><CSValueCode>VA4058905</CSValueCode><CSValueName>BPA-vrij, polypropyleen</CSValueName><CSValueRank>1</CSValueRank></CSValue></CSItem><CSItem><CSItemCode>IT4024803</CSItemCode><CSItemName>Borstkompressen</CSItemName><CSItemRank>5</CSItemRank><CSItemIsFreeFormat>0</CSItemIsFreeFormat><CSValue><CSValueCode>VA4063897</CSValueCode><CSValueName>Natuurlijk, ademend materiaal</CSValueName><CSValueRank>1</CSValueRank></CSValue><CSValue><CSValueCode>VA4063872</CSValueCode><CSValueName>Zijdezachte bovenlaag</CSValueName><CSValueRank>12</CSValueRank></CSValue></CSItem></CSChapter><CSChapter><CSChapterCode>CHA_0000106</CSChapterCode><CSChapterName>Inclusief</CSChapterName><CSChapterRank>3</CSChapterRank><CSItem><CSItemCode>IT4018996</CSItemCode><CSItemName>Borstkolf met handvat</CSItemName><CSItemRank>1</CSItemRank><CSItemIsFreeFormat>1</CSItemIsFreeFormat><CSValue><CSValueCode>VA4042473</CSValueCode><CSValueName>1</CSValueName><CSValueRank>1</CSValueRank></CSValue><UnitOfMeasure><UnitOfMeasureCode>4000023</UnitOfMeasureCode><UnitOfMeasureName>stuks</UnitOfMeasureName><UnitOfMeasureSymbol>stk</UnitOfMeasureSymbol></UnitOfMeasure></CSItem><CSItem><CSItemCode>IT4043973</CSItemCode><CSItemName>Normaal kussen (19,5 mm)</CSItemName><CSItemRank>2</CSItemRank><CSItemIsFreeFormat>1</CSItemIsFreeFormat><CSValue><CSValueCode>VA4101258</CSValueCode><CSValueName>1 stuks (een groter kussen is afzonderlijk verkrijgbaar)</CSValueName><CSValueRank>1</CSValueRank></CSValue></CSItem><CSItem><CSItemCode>IT4018992</CSItemCode><CSItemName>Natural-fles van 125 ml</CSItemName><CSItemRank>3</CSItemRank><CSItemIsFreeFormat>1</CSItemIsFreeFormat><CSValue><CSValueCode>VA4042469</CSValueCode><CSValueName>1</CSValueName><CSValueRank>1</CSValueRank></CSValue><UnitOfMeasure><UnitOfMeasureCode>4000023</UnitOfMeasureCode><UnitOfMeasureName>stuks</UnitOfMeasureName><UnitOfMeasureSymbol>stk</UnitOfMeasureSymbol></UnitOfMeasure></CSItem><CSItem><CSItemCode>IT4021174</CSItemCode><CSItemName>Natural-fles van 260 ml</CSItemName><CSItemRank>4</CSItemRank><CSItemIsFreeFormat>1</CSItemIsFreeFormat><CSValue><CSValueCode>VA4051166</CSValueCode><CSValueName>1</CSValueName><CSValueRank>1</CSValueRank></CSValue><UnitOfMeasure><UnitOfMeasureCode>4000023</UnitOfMeasureCode><UnitOfMeasureName>stuks</UnitOfMeasureName><UnitOfMeasureSymbol>stk</UnitOfMeasureSymbol></UnitOfMeasure></CSItem><CSItem><CSItemCode>IT4017194</CSItemCode><CSItemName>Melkbewaarbeker (180 ml)</CSItemName><CSItemRank>5</CSItemRank><CSItemIsFreeFormat>1</CSItemIsFreeFormat><CSValue><CSValueCode>VA4037129</CSValueCode><CSValueName>10</CSValueName><CSValueRank>1</CSValueRank></CSValue><UnitOfMeasure><UnitOfMeasureCode>4000023</UnitOfMeasureCode><UnitOfMeasureName>stuks</UnitOfMeasureName><UnitOfMeasureSymbol>stk</UnitOfMeasureSymbol></UnitOfMeasure></CSItem><CSItem><CSItemCode>S_0002491</CSItemCode><CSItemName>Adapter voor bewaarbeker met melk</CSItemName><CSItemRank>6</CSItemRank><CSItemIsFreeFormat>1</CSItemIsFreeFormat><CSValue><CSValueCode>VA4008689</CSValueCode><CSValueName>2</CSValueName><CSValueRank>1</CSValueRank></CSValue><UnitOfMeasure><UnitOfMeasureCode>4000023</UnitOfMeasureCode><UnitOfMeasureName>stuks</UnitOfMeasureName><UnitOfMeasureSymbol>stk</UnitOfMeasureSymbol></UnitOfMeasure></CSItem><CSItem><CSItemCode>S_0002495</CSItemCode><CSItemName>Afsluitplaatje voor melkopslag</CSItemName><CSItemRank>7</CSItemRank><CSItemIsFreeFormat>1</CSItemIsFreeFormat><CSValue><CSValueCode>VA4008692</CSValueCode><CSValueName>1</CSValueName><CSValueRank>1</CSValueRank></CSValue><UnitOfMeasure><UnitOfMeasureCode>4000023</UnitOfMeasureCode><UnitOfMeasureName>stuks</UnitOfMeasureName><UnitOfMeasureSymbol>stk</UnitOfMeasureSymbol></UnitOfMeasure></CSItem><CSItem><CSItemCode>IT4040532</CSItemCode><CSItemName>Proefverpakkingen borstkompressen</CSItemName><CSItemRank>8</CSItemRank><CSItemIsFreeFormat>1</CSItemIsFreeFormat><CSValue><CSValueCode>VA4094491</CSValueCode><CSValueName>1 set (2 stuks)</CSValueName><CSValueRank>1</CSValueRank></CSValue></CSItem></CSChapter><CSChapter><CSChapterCode>3001096</CSChapterCode><CSChapterName>Ontwerp</CSChapterName><CSChapterRank>4</CSChapterRank><CSItem><CSItemCode>IT4022212</CSItemCode><CSItemName>Ontwerp borstkolf</CSItemName><CSItemRank>1</CSItemRank><CSItemIsFreeFormat>0</CSItemIsFreeFormat><CSValue><CSValueCode>VA4052723</CSValueCode><CSValueName>Compact ontwerp</CSValueName><CSValueRank>7</CSValueRank></CSValue></CSItem><CSItem><CSItemCode>IT4008013</CSItemCode><CSItemName>Flesontwerp</CSItemName><CSItemRank>2</CSItemRank><CSItemIsFreeFormat>0</CSItemIsFreeFormat><CSValue><CSValueCode>VA4050183</CSValueCode><CSValueName>Ergonomische vormgeving</CSValueName><CSValueRank>9</CSValueRank></CSValue><CSValue><CSValueCode>VA4020039</CSValueCode><CSValueName>Brede hals</CSValueName><CSValueRank>16</CSValueRank></CSValue></CSItem></CSChapter><CSChapter><CSChapterCode>CH4001524</CSChapterCode><CSChapterName>Gebruiksgemak</CSChapterName><CSChapterRank>5</CSChapterRank><CSItem><CSItemCode>IT4022213</CSItemCode><CSItemName>Gebruik borstkolf</CSItemName><CSItemRank>1</CSItemRank><CSItemIsFreeFormat>0</CSItemIsFreeFormat><CSValue><CSValueCode>VA4052725</CSValueCode><CSValueName>Makkelijk schoon te maken</CSValueName><CSValueRank>8</CSValueRank></CSValue><CSValue><CSValueCode>VA4052726</CSValueCode><CSValueName>Volledig combineerbaar assortiment</CSValueName><CSValueRank>13</CSValueRank></CSValue><CSValue><CSValueCode>VA4052724</CSValueCode><CSValueName>Intuïtief in elkaar te zetten</CSValueName><CSValueRank>17</CSValueRank></CSValue></CSItem></CSChapter><CSChapter><CSChapterCode>CH4001529</CSChapterCode><CSChapterName>Ontwikkelingsfases</CSChapterName><CSChapterRank>6</CSChapterRank><CSItem><CSItemCode>IT4008016</CSItemCode><CSItemName>Fases</CSItemName><CSItemRank>1</CSItemRank><CSItemIsFreeFormat>0</CSItemIsFreeFormat><CSValue><CSValueCode>VA4021217</CSValueCode><CSValueName>0 - 6 maanden</CSValueName><CSValueRank>6</CSValueRank></CSValue></CSItem></CSChapter><CSChapter><CSChapterCode>CH4001528</CSChapterCode><CSChapterName>Functies</CSChapterName><CSChapterRank>7</CSChapterRank><CSItem><CSItemCode>IT4022214</CSItemCode><CSItemName>Niet langer vooroverleunen</CSItemName><CSItemRank>1</CSItemRank><CSItemIsFreeFormat>0</CSItemIsFreeFormat><CSValue><CSValueCode>VA4052727</CSValueCode><CSValueName>Zitten in een comfortabele positie</CSValueName><CSValueRank>5</CSValueRank></CSValue></CSItem><CSItem><CSItemCode>IT4022215</CSItemCode><CSItemName>Zacht massagekussen</CSItemName><CSItemRank>2</CSItemRank><CSItemIsFreeFormat>0</CSItemIsFreeFormat><CSValue><CSValueCode>VA4052785</CSValueCode><CSValueName>Zachte stimulatie</CSValueName><CSValueRank>10</CSValueRank></CSValue></CSItem></CSChapter><Filters><Purpose type="Comparison"><Features><Feature code="F400083887" rank="1" referenceName="Relaxing position (Breast pumps - Manual)"/><Feature code="F400083682" rank="2" referenceName="Soft massage cushion (Electronic Breast pumps - Como)"/><Feature code="F400083732" rank="3" referenceName="Easy on-the-go (Manual breast pumps - Como)"/><Feature code="F400083511" rank="4" referenceName="Easy to set up, express and clean (Breast pumps - Como)"/><Feature code="F400083518" rank="5" referenceName="Includes our Natural bottle (Breast pumps - Como)"/><Feature code="F400083685" rank="6" referenceName="Pump in storage containers (Electronic breast pumps - Como)"/><Feature code="F400068602" rank="7" referenceName="Leak proof lid"/></Features><CSItems><CSItem code="IT4008016" rank="1" referenceName="Development stages - Stages"/><CSItem code="IT4018996" rank="1" referenceName="What is included - Breast pump body with handle"/><CSItem code="IT4022212" rank="1" referenceName="Design - Breast pump design"/><CSItem code="IT4022213" rank="1" referenceName="Ease of use - Breast pump use"/><CSItem code="IT4022214" rank="1" referenceName="Functions - No leaning forward"/><CSItem code="IT4043567" rank="1" referenceName="Material - Breast pump"/><CSItem code="S_0002360" rank="1" referenceName="Country of origin - England"/><CSItem code="IT4008013" rank="2" referenceName="Design - Bottle design"/><CSItem code="IT4022153" rank="2" referenceName="Material - Bottle"/><CSItem code="IT4022215" rank="2" referenceName="Functions - Soft massage cushion"/><CSItem code="IT4043973" rank="2" referenceName="What is included - Standard size cushion(19.5 mm)"/><CSItem code="IT4018992" rank="3" referenceName="What is included - Natural bottle 4oz"/><CSItem code="IT4022154" rank="3" referenceName="Material - Nipple"/><CSItem code="IT4021174" rank="4" referenceName="What is included - Natural bottle 9oz"/><CSItem code="IT4025390" rank="4" referenceName="Material - Storage cups"/><CSItem code="IT4017194" rank="5" referenceName="What is included - Milk storage cup (180ml/6oz)"/><CSItem code="IT4024803" rank="5" referenceName="Material - Breast pads"/><CSItem code="S_0002491" rank="6" referenceName="What is included - Milk storage cup adaptor"/><CSItem code="S_0002495" rank="7" referenceName="What is included - Sealing disc for milk storage"/><CSItem code="IT4040532" rank="8" referenceName="What is included - Breast pad sample packs"/></CSItems></Purpose><Purpose type="Detail"><Features><Feature code="F400083887" rank="1" referenceName="Relaxing position (Breast pumps - Manual)"/><Feature code="F400083682" rank="2" referenceName="Soft massage cushion (Electronic Breast pumps - Como)"/><Feature code="F400083732" rank="3" referenceName="Easy on-the-go (Manual breast pumps - Como)"/><Feature code="F400083511" rank="4" referenceName="Easy to set up, express and clean (Breast pumps - Como)"/><Feature code="F400083518" rank="5" referenceName="Includes our Natural bottle (Breast pumps - Como)"/><Feature code="F400083685" rank="6" referenceName="Pump in storage containers (Electronic breast pumps - Como)"/><Feature code="F400068602" rank="7" referenceName="Leak proof lid"/></Features><CSItems><CSItem code="IT4008016" rank="1" referenceName="Development stages - Stages"/><CSItem code="IT4018996" rank="1" referenceName="What is included - Breast pump body with handle"/><CSItem code="IT4022212" rank="1" referenceName="Design - Breast pump design"/><CSItem code="IT4022213" rank="1" referenceName="Ease of use - Breast pump use"/><CSItem code="IT4022214" rank="1" referenceName="Functions - No leaning forward"/><CSItem code="IT4043567" rank="1" referenceName="Material - Breast pump"/><CSItem code="S_0002360" rank="1" referenceName="Country of origin - England"/><CSItem code="IT4008013" rank="2" referenceName="Design - Bottle design"/><CSItem code="IT4022153" rank="2" referenceName="Material - Bottle"/><CSItem code="IT4022215" rank="2" referenceName="Functions - Soft massage cushion"/><CSItem code="IT4043973" rank="2" referenceName="What is included - Standard size cushion(19.5 mm)"/><CSItem code="IT4018992" rank="3" referenceName="What is included - Natural bottle 4oz"/><CSItem code="IT4022154" rank="3" referenceName="Material - Nipple"/><CSItem code="IT4021174" rank="4" referenceName="What is included - Natural bottle 9oz"/><CSItem code="IT4025390" rank="4" referenceName="Material - Storage cups"/><CSItem code="IT4017194" rank="5" referenceName="What is included - Milk storage cup (180ml/6oz)"/><CSItem code="IT4024803" rank="5" referenceName="Material - Breast pads"/><CSItem code="S_0002491" rank="6" referenceName="What is included - Milk storage cup adaptor"/><CSItem code="S_0002495" rank="7" referenceName="What is included - Sealing disc for milk storage"/><CSItem code="IT4040532" rank="8" referenceName="What is included - Breast pad sample packs"/></CSItems></Purpose></Filters><FeatureCompareGroups/><Disclaimers><Disclaimer code="DIS40011710" rank="1" referenceName="Clinically proven (Breast pumps 2017)"><DisclaimerText>Klinisch bewezen comfort: tests met 110 moeders lieten een sterke voorkeur voor Philips Avent zien vergeleken met een vooraanstaande concurrent</DisclaimerText><DisclaimElements/></Disclaimer><Disclaimer code="DIS40011869" rank="2" referenceName="More Comfor manual breast pump (Breast pumps 2017)"><DisclaimerText>Meer comfort: 73% van 73 Britse moeders die borstvoeding geven vindt deze borstkolf comfortabeler dan hun huidige kolf (van de bekendste merken).</DisclaimerText><DisclaimElements/></Disclaimer><Disclaimer code="DIS40012010" rank="3" referenceName="Link between stress levels and milk production Como - India"><DisclaimerText>Onafhankelijk onderzoek heeft aangetoond dat er een verband kan zijn tussen stress en melkproductie. Zie: www.philips.com/avent</DisclaimerText><DisclaimElements/></Disclaimer><Disclaimer code="DIS40011711" rank="4" referenceName="BPA free (Breast pumps 2017)"><DisclaimerText>BPA-vrije borstkolf: wordt alleen geassocieerd met de fles en andere onderdelen die in contact komen met moedermelk. Volgens de EU-richtlijn, 10/2011</DisclaimerText><DisclaimElements/></Disclaimer></Disclaimers><KeyValuePairs><KeyValuePair><Key>FdaFlag</Key><Value>false</Value><Type>String</Type></KeyValuePair><KeyValuePair><Key>GrantGroup</Key><Value>PHILIPS</Value><Type>String</Type></KeyValuePair><KeyValuePair><Key>IT4042515</Key><Value>VA4098186</Value><Type>String</Type></KeyValuePair><KeyValuePair><Key>IT4042722</Key><Value>VA4098673</Value><Type>String</Type></KeyValuePair></KeyValuePairs><Award AwardType="global"><AwardCode>GA_GREEN</AwardCode><AwardName>Philips Green-logo</AwardName><AwardDescription>Met groene producten van Philips kunnen kosten, energieverbruik en CO2-uitstoot worden verminderd. Hoe? Deze producten bieden aanzienlijk betere milieuprestaties in een of meer van de Green Focal Areas van Philips: Energieverbruik, Verpakking, Schadelijke stoffen, Gewicht, Recycling en Levensduur.</AwardDescription><AwardText>Philips Green-logo</AwardText><AwardRank>3</AwardRank></Award><ProductClusters/><ProductRefs/><RichTexts/><GreenData><GreenAwards><GreenAward code="GA_GREEN" name="PhilipsGreenLogo"/></GreenAwards><EnergyLabel/></GreenData></Product></Products>