<?xml version="1.0" encoding="UTF-8"?><Products xmlns:source="http://apache.org/cocoon/source/1.0"><Product Brand="PHI" Division="CE" EndOfPublication="2041-06-16T00:00:00" IsAccessory="false" IsMaster="true" StartOfPublication="2014-06-16T00:00:00" lastModified="2016-12-22T00:57:56" masterLastModified="2016-12-22T00:53:54"><CTN>249304000KX2</CTN><DTN>249304000KX2</DTN><Categorization><GroupCode>AUTOMOTIVE_GR</GroupCode><GroupName>Automotive</GroupName><CategoryCode>CAR_LIGHTS_CA</CategoryCode><CategoryName>Car lights</CategoryName><SubcategoryCode>SINGALLING_AND_INTERIOR_LIGHTING_SU</SubcategoryCode><SubcategoryName>Signaling and interior lighting</SubcategoryName></Categorization><ProductImage><ProductImageFTLURL>http://www.p4c.philips.com/cgi-bin/dcbint/get?id=249304000KX2&amp;doctype=FTP&amp;alt=1</ProductImageFTLURL><ProductImageEBURL>http://www.p4c.philips.com/cgi-bin/dcbint/get?id=249304000KX2&amp;doctype=BPP&amp;alt=1</ProductImageEBURL></ProductImage><Assets><Asset Description="Leaflet" Type="PSS">http://download.p4c.philips.com/files/2/249304000kx2/249304000kx2_pss_rusru.pdf</Asset><Asset Description="Leaflet" Type="PSS">http://download.p4c.philips.com/files/2/249304000kx2/249304000kx2_pss_.pdf</Asset><Asset Description="Standard product photograph - highres 2196x1795" Type="RTP">http://images.philips.com/is/image/PhilipsConsumer/249304000KX2-RTP-global-001</Asset></Assets><FullProductName>Philips LED solutions 249304000KX2 T10</FullProductName><ProductName>T10 LED solutions</ProductName><NamingString><MasterBrand><BrandCode>PHI</BrandCode><BrandName>Philips</BrandName></MasterBrand><BrandString>Philips</BrandString><Descriptor><DescriptorCode>D4009821</DescriptorCode><DescriptorName>LED solutions</DescriptorName></Descriptor><Alphanumeric>249304000KX2</Alphanumeric><VersionElement1><VersionElementCode>V4017863</VersionElementCode><VersionElementName>T10</VersionElementName></VersionElement1><VersionString>T10</VersionString><BrandedFeatureString/><DescriptorBrandedFeatureString>LED solutions</DescriptorBrandedFeatureString></NamingString><WOW>Next Generation T10 LED Retrofit</WOW><SubWOW>LED technology is everywhere... in your car too</SubWOW><MarketingTextHeader>Philips presents a new range of LEDs for interior lighting. These upgrades give drivers all the existing benefits of the actual LED lighting range, and, in addition, it becomes hassle free!</MarketingTextHeader><MarketingTextBody/><SupraFeature/><KeyBenefitArea><KeyBenefitAreaCode>K4015815</KeyBenefitAreaCode><KeyBenefitAreaName>Heat resistant</KeyBenefitAreaName><KeyBenefitAreaRank>1</KeyBenefitAreaRank><Feature><FeatureCode>F400036231</FeatureCode><FeatureName>Improved temperature resistanc</FeatureName><FeatureLongDescription>Improved temperature resistance</FeatureLongDescription><FeatureRank>1</FeatureRank><FeatureTopRank>1</FeatureTopRank></Feature></KeyBenefitArea><KeyBenefitArea><KeyBenefitAreaCode>K4016454</KeyBenefitAreaCode><KeyBenefitAreaName>Better light output</KeyBenefitAreaName><KeyBenefitAreaRank>2</KeyBenefitAreaRank><Feature><FeatureCode>F400027171</FeatureCode><FeatureName>4000K bright white light</FeatureName><FeatureLongDescription>4000K bright white light</FeatureLongDescription><FeatureRank>2</FeatureRank><FeatureTopRank>2</FeatureTopRank></Feature></KeyBenefitArea><FeatureImage><FeatureCode>F400036231</FeatureCode><FeatureReferenceName>Improved temperature resistance</FeatureReferenceName><FeatureImageRank>1</FeatureImageRank><FeatureImageURL>http://www.p4c.philips.com/cgi-bin/dcbint/get?id=F400036231&amp;doctype=FIP&amp;alt=1</FeatureImageURL></FeatureImage><FeatureImage><FeatureCode>F400027171</FeatureCode><FeatureReferenceName>4000K bright white light</FeatureReferenceName><FeatureImageRank>2</FeatureImageRank><FeatureImageURL>http://www.p4c.philips.com/cgi-bin/dcbint/get?id=F400027171&amp;doctype=FIP&amp;alt=1</FeatureImageURL></FeatureImage><FeatureHighlight><FeatureCode>F400036231</FeatureCode><FeatureHighlightRank>1</FeatureHighlightRank></FeatureHighlight><FeatureHighlight><FeatureCode>F400027171</FeatureCode><FeatureHighlightRank>2</FeatureHighlightRank></FeatureHighlight><CSChapter><CSChapterCode>3000956</CSChapterCode><CSChapterName>Technical specifications</CSChapterName><CSChapterRank>1</CSChapterRank><CSItem><CSItemCode>S_0000026</CSItemCode><CSItemName>Voltage</CSItemName><CSItemRank>1</CSItemRank><CSValue><CSValueCode>VA4007111</CSValueCode><CSValueName>24</CSValueName><CSValueRank>1</CSValueRank></CSValue><UnitOfMeasure><UnitOfMeasureCode>3000071</UnitOfMeasureCode><UnitOfMeasureName>volt</UnitOfMeasureName><UnitOfMeasureSymbol>V</UnitOfMeasureSymbol></UnitOfMeasure></CSItem><CSItem><CSItemCode>S_0000107</CSItemCode><CSItemName>Wattage</CSItemName><CSItemRank>2</CSItemRank><CSValue><CSValueCode>VA4007180</CSValueCode><CSValueName>1</CSValueName><CSValueRank>1</CSValueRank></CSValue><UnitOfMeasure><UnitOfMeasureCode>3000072</UnitOfMeasureCode><UnitOfMeasureName>watt</UnitOfMeasureName><UnitOfMeasureSymbol>W</UnitOfMeasureSymbol></UnitOfMeasure></CSItem><CSItem><CSItemCode>IT4003964</CSItemCode><CSItemName>Base</CSItemName><CSItemRank>3</CSItemRank><CSValue><CSValueCode>VA4013379</CSValueCode><CSValueName>W2,1x9,5d</CSValueName><CSValueRank>6</CSValueRank></CSValue></CSItem><CSItem><CSItemCode>IT4003965</CSItemCode><CSItemName>Application</CSItemName><CSItemRank>4</CSItemRank><CSValue><CSValueCode>VA4013400</CSValueCode><CSValueName>Interior light</CSValueName><CSValueRank>7</CSValueRank></CSValue></CSItem><CSItem><CSItemCode>4013172</CSItemCode><CSItemName>Type</CSItemName><CSItemRank>5</CSItemRank><CSValue><CSValueCode>VA4046546</CSValueCode><CSValueName>T10</CSValueName><CSValueRank>8</CSValueRank></CSValue></CSItem></CSChapter><CSChapter><CSChapterCode>3001177</CSChapterCode><CSChapterName>Packaging Data</CSChapterName><CSChapterRank>2</CSChapterRank><CSItem><CSItemCode>IT4000721</CSItemCode><CSItemName>Packaging type</CSItemName><CSItemRank>1</CSItemRank><CSValue><CSValueCode>VA4013381</CSValueCode><CSValueName>Blister</CSValueName><CSValueRank>1</CSValueRank></CSValue></CSItem></CSChapter><CSChapter><CSChapterCode>3000818</CSChapterCode><CSChapterName>Green Specifications</CSChapterName><CSChapterRank>3</CSChapterRank><CSItem><CSItemCode>3006811</CSItemCode><CSItemName>Heavy metals</CSItemName><CSItemRank>1</CSItemRank><CSValue><CSValueCode>3033131</CSValueCode><CSValueName>Cd free</CSValueName><CSValueRank>2</CSValueRank></CSValue><CSValue><CSValueCode>3033132</CSValueCode><CSValueName>Hg free</CSValueName><CSValueRank>3</CSValueRank></CSValue><CSValue><CSValueCode>3033133</CSValueCode><CSValueName>Pb free</CSValueName><CSValueRank>4</CSValueRank></CSValue></CSItem></CSChapter><MarketingVersion>3.0.4</MarketingVersion><MarketingStatus>Final Published</MarketingStatus><GTIN>8727900387261</GTIN><Code12NC>923795920512</Code12NC></Product></Products>