<?xml version="1.0" encoding="UTF-8"?><Products xmlns:source="http://apache.org/cocoon/source/1.0"><Product Brand="PHI" Division="CE" EndOfPublication="2119-12-31T00:00:00" IsAccessory="false" IsMaster="true" StartOfPublication="2017-01-05T00:00:00" lastModified="2017-11-09T00:57:06" masterLastModified="2017-11-09T00:52:16"><CTN>12898X1</CTN><DTN>12898X1</DTN><Categorization><GroupCode>AUTOMOTIVE_GR</GroupCode><GroupName>Automotive</GroupName><CategoryCode>CAR_LIGHTS_CA</CategoryCode><CategoryName>Car lights</CategoryName><SubcategoryCode>SINGALLING_AND_INTERIOR_LIGHTING_SU</SubcategoryCode><SubcategoryName>Signaling and interior lighting</SubcategoryName></Categorization><ProductImage><ProductImageFTLURL>http://www.p4c.philips.com/cgi-bin/dcbint/get?id=12898X1&amp;doctype=FTP&amp;alt=1</ProductImageFTLURL><ProductImageEBURL>http://www.p4c.philips.com/cgi-bin/dcbint/get?id=12898X1&amp;doctype=BPP&amp;alt=1</ProductImageEBURL></ProductImage><Assets><Asset Description="Leaflet" Type="PSS">http://download.p4c.philips.com/files/1/12898x1/12898x1_pss_rusru.pdf</Asset><Asset Description="Leaflet" Type="PSS">http://download.p4c.philips.com/files/1/12898x1/12898x1_pss_.pdf</Asset><Asset Description="Standard product photograph - highres 2196x1795" Type="RTP">http://images.philips.com/is/image/PhilipsConsumer/12898X1-RTP-global-001</Asset></Assets><FullProductName>Philips X-tremeUltinon LED car signaling bulb 12898X1 LED-WHITE [~P21W] Number of bulbs: 1 12 V, 6000 K daylight effect Advanced automotive system</FullProductName><ProductName>LED-WHITE [~P21W] car signaling bulb</ProductName><NamingString><MasterBrand><BrandCode>PHI</BrandCode><BrandName>Philips</BrandName></MasterBrand><BrandString>Philips</BrandString><Concept><ConceptCode>SB40008691</ConceptCode><ConceptName>X-tremeUltinon LED</ConceptName><ConceptLogoURL>http://www.p4c.philips.com/cgi-bin/dcbint/get?id=SB40008691&amp;doctype=CLL&amp;alt=1</ConceptLogoURL><ConceptNameUsed>1</ConceptNameUsed><IsFamily>1</IsFamily></Concept><Descriptor><DescriptorCode>D4029518</DescriptorCode><DescriptorName>car signaling bulb</DescriptorName></Descriptor><Alphanumeric>12898X1</Alphanumeric><VersionElement1><VersionElementCode>V4044409</VersionElementCode><VersionElementName>LED-WHITE [~P21W]</VersionElementName></VersionElement1><VersionElement2><VersionElementCode>V4044392</VersionElementCode><VersionElementName>Number of bulbs: 1</VersionElementName></VersionElement2><VersionElement3><VersionElementCode>V4044393</VersionElementCode><VersionElementName>12 V, 6000 K daylight effect</VersionElementName></VersionElement3><VersionElement4><VersionElementCode>V4044290</VersionElementCode><VersionElementName>Advanced automotive system</VersionElementName></VersionElement4><VersionString>LED-WHITE [~P21W] Number of bulbs: 1 12 V, 6000 K daylight effect Advanced automotive system</VersionString><BrandedFeatureString/><DescriptorBrandedFeatureString>car signaling bulb</DescriptorBrandedFeatureString></NamingString><WOW>Brighter and more stylish</WOW><SubWOW>Brighter, vibrant signals</SubWOW><MarketingTextHeader>For a safe and modern driving, change to intense white Philips X-tremeUltinon LED [˜P21W] reverse signals. They are bright and look good so you can signal in safety and with style.</MarketingTextHeader><MarketingTextBody/><SupraFeature/><KeyBenefitArea><KeyBenefitAreaCode>K4034375</KeyBenefitAreaCode><KeyBenefitAreaName>Brighter LED exterior lights</KeyBenefitAreaName><KeyBenefitAreaRank>1</KeyBenefitAreaRank><Feature><FeatureCode>F400082228</FeatureCode><FeatureName>See better when reversing</FeatureName><FeatureLongDescription>6000K daylight effect improves visibility when reversing</FeatureLongDescription><FeatureGlossary>When reversing a car your vision is limited. Due to your seated position, you can’t see all angles at once. And reversing in the dark is even more treacherous. So it’s no surprise accidents are common when in reverse gear. Philips LED reverse lights provide a powerful daylight effect and up to 6000K, better illuminating the area immediately behind your car. And the more you can see, the safer you will be.</FeatureGlossary><FeatureRank>5</FeatureRank><FeatureTopRank>2</FeatureTopRank></Feature><Feature><FeatureCode>F400082225</FeatureCode><FeatureName>Bright and vibrant signals</FeatureName><FeatureLongDescription>Signal your intent with brighter exterior lighting</FeatureLongDescription><FeatureGlossary>Signaling the intended movement of your vehicle is vital to your safety. To avoid collisions, other people need to know what you’re doing. And when poor weather conditions reduce visibility, the need for bright and vibrant signaling becomes even more important. Philips X-tremeUltinon LED signaling lights provide you with bright daylight effect and up to 6000K for reverse and positioning lights. With more intense colors for turn and stop applications, instantly on LEDs and a uniform and well-directed light, you’ll give other drivers vital extra time to react to your movements.</FeatureGlossary><FeatureRank>2</FeatureRank><FeatureTopRank>5</FeatureTopRank></Feature></KeyBenefitArea><KeyBenefitArea><KeyBenefitAreaCode>K4034257</KeyBenefitAreaCode><KeyBenefitAreaName>Upgrade your style</KeyBenefitAreaName><KeyBenefitAreaRank>2</KeyBenefitAreaRank><Feature><FeatureCode>F400082227</FeatureCode><FeatureName>Stylish signaling colors</FeatureName><FeatureLongDescription>Upgrade your lights, upgrade your style</FeatureLongDescription><FeatureGlossary>While the main goal of exterior lighting is to help you see and be seen, there’s no reason why you shouldn’t look good at the same time. If you’re looking to upgrade your style, without buying a newer car, replacing your exterior lighting with LEDs is a smart way to spend your money. Upgrade your exterior lighting with a more intense red for stop lights, a vibrant amber for turning signals and bright white light for positioning and reversing. Your car is an expression of who you are, so make a style statement with Philips exterior signaling LED lights.</FeatureGlossary><FeatureRank>7</FeatureRank><FeatureTopRank>1</FeatureTopRank></Feature></KeyBenefitArea><KeyBenefitArea><KeyBenefitAreaCode>K4034259</KeyBenefitAreaCode><KeyBenefitAreaName>Superior light diffusion</KeyBenefitAreaName><KeyBenefitAreaRank>3</KeyBenefitAreaRank><Feature><FeatureCode>F400082231</FeatureCode><FeatureName>Uniform light distribution</FeatureName><FeatureLongDescription>Uniform light distribution for enhanced visibility</FeatureLongDescription><FeatureGlossary>Philips LED exterior lighting range is designed for a smarter light distribution to ensure that exterior signaling light is projected where you need it (whether that’s reversing, stopping, or signaling). With wide angle and uniform light diffusion, not only can you can see more of the road, other drivers can see more of you.</FeatureGlossary><FeatureRank>4</FeatureRank><FeatureTopRank>7</FeatureTopRank></Feature></KeyBenefitArea><KeyBenefitArea><KeyBenefitAreaCode>K4034376</KeyBenefitAreaCode><KeyBenefitAreaName>Longer lasting LED lights</KeyBenefitAreaName><KeyBenefitAreaRank>4</KeyBenefitAreaRank><Feature><FeatureCode>F400082241</FeatureCode><FeatureName>Long-lasting LED lighting</FeatureName><FeatureLongDescription>Durable and long-lasting LED lighting</FeatureLongDescription><FeatureGlossary>You want bright and stylish car lights. But you don’t want to keep replacing failed lamps. That is a major weakness of conventional headlights; the more powerful the light, the shorter its lifespan. At the same light intensity, LEDs last much longer. And Philips X-tremeUltinon LED lights are extremely durable. Due to the latest technological innovation, they prevent heat and vibrational damage and last up to 12 years. With most cars replaced or upgraded within that time, your stylish new lights should last you the lifetime of your car.</FeatureGlossary><FeatureRank>3</FeatureRank><FeatureTopRank>3</FeatureTopRank></Feature></KeyBenefitArea><KeyBenefitArea><KeyBenefitAreaCode>K4034260</KeyBenefitAreaCode><KeyBenefitAreaName>Exceptional Philips quality</KeyBenefitAreaName><KeyBenefitAreaRank>5</KeyBenefitAreaRank><Feature><FeatureCode>F400081930</FeatureCode><FeatureName>Automotive grade quality</FeatureName><FeatureLongDescription>Philips automotive lighting at the highest quality level</FeatureLongDescription><FeatureGlossary>The technologically advanced Philips lighting is renowned in the automotive industry, and has been for over 100 years. The Philips Automotive Grade Quality products are designed and developed following strict quality control processes (including applicable ISO norms), leading to consistently high production standards. Major car manufacturers choose Philips lamps, because when you buy Philips, you buy quality. You get powerful bright light, and precise beam performance. You get high-end style. And you get an advanced LED lighting system for a safer, smoother and more enjoyable drive.</FeatureGlossary><FeatureRank>1</FeatureRank><FeatureTopRank>4</FeatureTopRank></Feature><Feature><FeatureCode>F400082232</FeatureCode><FeatureName>Ready, steady, installed!</FeatureName><FeatureLongDescription>Easy installation and compatible with many car models</FeatureLongDescription><FeatureGlossary>Designed to be easily installed in compatible vehicles, drivers with maintenance experience will be able to upgrade compatible lights with ease. However, it’s recommended that you get your new Philips X-tremeUltinon LED lights installed by specialist mechanics – they will make sure you’re ready to go. While these lamps are compatible with a wide range of existing car models, not all car types are supported.</FeatureGlossary><FeatureRank>6</FeatureRank><FeatureTopRank>6</FeatureTopRank></Feature></KeyBenefitArea><FeatureImage><FeatureCode>F400082227</FeatureCode><FeatureReferenceName>Stylish signaling colors</FeatureReferenceName><FeatureImageRank>1</FeatureImageRank><FeatureImageURL>http://www.p4c.philips.com/cgi-bin/dcbint/get?id=F400082227&amp;doctype=FIP&amp;alt=1</FeatureImageURL></FeatureImage><FeatureImage><FeatureCode>F400082228</FeatureCode><FeatureReferenceName>See better when reversing</FeatureReferenceName><FeatureImageRank>2</FeatureImageRank><FeatureImageURL>http://www.p4c.philips.com/cgi-bin/dcbint/get?id=F400082228&amp;doctype=FIP&amp;alt=1</FeatureImageURL></FeatureImage><FeatureImage><FeatureCode>F400082241</FeatureCode><FeatureReferenceName>Long-lasting LED lighting</FeatureReferenceName><FeatureImageRank>3</FeatureImageRank><FeatureImageURL>http://www.p4c.philips.com/cgi-bin/dcbint/get?id=F400082241&amp;doctype=FIP&amp;alt=1</FeatureImageURL></FeatureImage><FeatureImage><FeatureCode>F400081930</FeatureCode><FeatureReferenceName>Automotive grade quality</FeatureReferenceName><FeatureImageRank>4</FeatureImageRank><FeatureImageURL>http://www.p4c.philips.com/cgi-bin/dcbint/get?id=F400081930&amp;doctype=FIP&amp;alt=1</FeatureImageURL></FeatureImage><FeatureImage><FeatureCode>F400082225</FeatureCode><FeatureReferenceName>Bright and vibrant signals</FeatureReferenceName><FeatureImageRank>5</FeatureImageRank><FeatureImageURL>http://www.p4c.philips.com/cgi-bin/dcbint/get?id=F400082225&amp;doctype=FIP&amp;alt=1</FeatureImageURL></FeatureImage><FeatureImage><FeatureCode>F400082232</FeatureCode><FeatureReferenceName>Ready, steady, installed!-LED</FeatureReferenceName><FeatureImageRank>6</FeatureImageRank><FeatureImageURL>http://www.p4c.philips.com/cgi-bin/dcbint/get?id=F400082232&amp;doctype=FIP&amp;alt=1</FeatureImageURL></FeatureImage><FeatureImage><FeatureCode>F400082231</FeatureCode><FeatureReferenceName>Uniform light distribution-LED</FeatureReferenceName><FeatureImageRank>7</FeatureImageRank><FeatureImageURL>http://www.p4c.philips.com/cgi-bin/dcbint/get?id=F400082231&amp;doctype=FIP&amp;alt=1</FeatureImageURL></FeatureImage><FeatureHighlight><FeatureCode>F400082227</FeatureCode><FeatureHighlightRank>1</FeatureHighlightRank></FeatureHighlight><FeatureHighlight><FeatureCode>F400082228</FeatureCode><FeatureHighlightRank>2</FeatureHighlightRank></FeatureHighlight><FeatureHighlight><FeatureCode>F400082241</FeatureCode><FeatureHighlightRank>3</FeatureHighlightRank></FeatureHighlight><FeatureHighlight><FeatureCode>F400081930</FeatureCode><FeatureHighlightRank>4</FeatureHighlightRank></FeatureHighlight><FeatureHighlight><FeatureCode>F400082225</FeatureCode><FeatureHighlightRank>5</FeatureHighlightRank></FeatureHighlight><FeatureHighlight><FeatureCode>F400082232</FeatureCode><FeatureHighlightRank>6</FeatureHighlightRank></FeatureHighlight><FeatureHighlight><FeatureCode>F400082231</FeatureCode><FeatureHighlightRank>7</FeatureHighlightRank></FeatureHighlight><CSChapter><CSChapterCode>3001177</CSChapterCode><CSChapterName>Packaging Data</CSChapterName><CSChapterRank>1</CSChapterRank><CSItem><CSItemCode>IT4035590</CSItemCode><CSItemName>EAN1</CSItemName><CSItemRank>8</CSItemRank><CSValue><CSValueCode>VA4082922</CSValueCode><CSValueName>8727900397260</CSValueName><CSValueRank>1</CSValueRank></CSValue></CSItem><CSItem><CSItemCode>IT4035591</CSItemCode><CSItemName>EAN3</CSItemName><CSItemRank>10</CSItemRank><CSValue><CSValueCode>VA4082924</CSValueCode><CSValueName>8727900397277</CSValueName><CSValueRank>1</CSValueRank></CSValue></CSItem><CSItem><CSItemCode>IT4035805</CSItemCode><CSItemName>Packaging type</CSItemName><CSItemRank>12</CSItemRank><CSValue><CSValueCode>VA4083279</CSValueCode><CSValueName>X1</CSValueName><CSValueRank>1</CSValueRank></CSValue></CSItem></CSChapter><CSChapter><CSChapterCode>CH4006466</CSChapterCode><CSChapterName>Product description</CSChapterName><CSChapterRank>2</CSChapterRank><CSItem><CSItemCode>IT4031500</CSItemCode><CSItemName>Technology</CSItemName><CSItemRank>2</CSItemRank><CSValue><CSValueCode>VA4071793</CSValueCode><CSValueName>LED</CSValueName><CSValueRank>1</CSValueRank></CSValue></CSItem><CSItem><CSItemCode>IT4031517</CSItemCode><CSItemName>Application</CSItemName><CSItemRank>3</CSItemRank><CSValue><CSValueCode>VA4099795</CSValueCode><CSValueName>Reverse</CSValueName><CSValueRank>5</CSValueRank></CSValue></CSItem><CSItem><CSItemCode>IT4031519</CSItemCode><CSItemName>Range</CSItemName><CSItemRank>9</CSItemRank><CSValue><CSValueCode>VA4099221</CSValueCode><CSValueName>X-tremeUltinon LED</CSValueName><CSValueRank>4</CSValueRank></CSValue></CSItem><CSItem><CSItemCode>IT4031508</CSItemCode><CSItemName>Type</CSItemName><CSItemRank>11</CSItemRank><CSValue><CSValueCode>VA4071831</CSValueCode><CSValueName>P21W</CSValueName><CSValueRank>6</CSValueRank></CSValue></CSItem></CSChapter><CSChapter><CSChapterCode>CH4006461</CSChapterCode><CSChapterName>Marketing specifications</CSChapterName><CSChapterRank>3</CSChapterRank><CSItem><CSItemCode>IT4031492</CSItemCode><CSItemName>Expected benefits</CSItemName><CSItemRank>1</CSItemRank><CSValue><CSValueCode>VA4099355</CSValueCode><CSValueName>Experience more light</CSValueName><CSValueRank>3</CSValueRank></CSValue></CSItem></CSChapter><CSChapter><CSChapterCode>CH4006484</CSChapterCode><CSChapterName>Ordering information</CSChapterName><CSChapterRank>4</CSChapterRank><CSItem><CSItemCode>IT4035592</CSItemCode><CSItemName>Order entry</CSItemName><CSItemRank>6</CSItemRank><CSValue><CSValueCode>VA4082925</CSValueCode><CSValueName>12898X1</CSValueName><CSValueRank>1</CSValueRank></CSValue></CSItem><CSItem><CSItemCode>IT4035593</CSItemCode><CSItemName>Ordering code</CSItemName><CSItemRank>7</CSItemRank><CSValue><CSValueCode>VA4082926</CSValueCode><CSValueName>39726030</CSValueName><CSValueRank>1</CSValueRank></CSValue></CSItem></CSChapter><CSChapter><CSChapterCode>CH4006541</CSChapterCode><CSChapterName>Outerpack information</CSChapterName><CSChapterRank>5</CSChapterRank><CSItem><CSItemCode>IT4035764</CSItemCode><CSItemName>Height</CSItemName><CSItemRank>13</CSItemRank><CSValue><CSValueCode>VA4083203</CSValueCode><CSValueName>8.5</CSValueName><CSValueRank>1</CSValueRank></CSValue><UnitOfMeasure><UnitOfMeasureCode>3000039</UnitOfMeasureCode><UnitOfMeasureName>centimeter</UnitOfMeasureName><UnitOfMeasureSymbol>cm</UnitOfMeasureSymbol></UnitOfMeasure></CSItem><CSItem><CSItemCode>IT4035762</CSItemCode><CSItemName>Length</CSItemName><CSItemRank>14</CSItemRank><CSValue><CSValueCode>VA4083201</CSValueCode><CSValueName>19.5</CSValueName><CSValueRank>1</CSValueRank></CSValue><UnitOfMeasure><UnitOfMeasureCode>3000039</UnitOfMeasureCode><UnitOfMeasureName>centimeter</UnitOfMeasureName><UnitOfMeasureSymbol>cm</UnitOfMeasureSymbol></UnitOfMeasure></CSItem><CSItem><CSItemCode>IT4035763</CSItemCode><CSItemName>Width</CSItemName><CSItemRank>17</CSItemRank><CSValue><CSValueCode>VA4083202</CSValueCode><CSValueName>15.1</CSValueName><CSValueRank>1</CSValueRank></CSValue><UnitOfMeasure><UnitOfMeasureCode>3000039</UnitOfMeasureCode><UnitOfMeasureName>centimeter</UnitOfMeasureName><UnitOfMeasureSymbol>cm</UnitOfMeasureSymbol></UnitOfMeasure></CSItem><CSItem><CSItemCode>IT4036935</CSItemCode><CSItemName>Gross weight per piece</CSItemName><CSItemRank>18</CSItemRank><CSValue><CSValueCode>VA4085803</CSValueCode><CSValueName>0.6</CSValueName><CSValueRank>1</CSValueRank></CSValue><UnitOfMeasure><UnitOfMeasureCode>3000049</UnitOfMeasureCode><UnitOfMeasureName>kilogram</UnitOfMeasureName><UnitOfMeasureSymbol>kg</UnitOfMeasureSymbol></UnitOfMeasure></CSItem></CSChapter><CSChapter><CSChapterCode>CH4006501</CSChapterCode><CSChapterName>Packed product information</CSChapterName><CSChapterRank>6</CSChapterRank><CSItem><CSItemCode>IT4035760</CSItemCode><CSItemName>Height</CSItemName><CSItemRank>15</CSItemRank><CSValue><CSValueCode>VA4083198</CSValueCode><CSValueName>9.2</CSValueName><CSValueRank>1</CSValueRank></CSValue><UnitOfMeasure><UnitOfMeasureCode>3000039</UnitOfMeasureCode><UnitOfMeasureName>centimeter</UnitOfMeasureName><UnitOfMeasureSymbol>cm</UnitOfMeasureSymbol></UnitOfMeasure></CSItem><CSItem><CSItemCode>IT4035758</CSItemCode><CSItemName>Length</CSItemName><CSItemRank>16</CSItemRank><CSValue><CSValueCode>VA4083195</CSValueCode><CSValueName>6.8</CSValueName><CSValueRank>1</CSValueRank></CSValue><UnitOfMeasure><UnitOfMeasureCode>3000039</UnitOfMeasureCode><UnitOfMeasureName>centimeter</UnitOfMeasureName><UnitOfMeasureSymbol>cm</UnitOfMeasureSymbol></UnitOfMeasure></CSItem><CSItem><CSItemCode>IT4035759</CSItemCode><CSItemName>Width</CSItemName><CSItemRank>19</CSItemRank><CSValue><CSValueCode>VA4083196</CSValueCode><CSValueName>2.8</CSValueName><CSValueRank>1</CSValueRank></CSValue><UnitOfMeasure><UnitOfMeasureCode>3000039</UnitOfMeasureCode><UnitOfMeasureName>centimeter</UnitOfMeasureName><UnitOfMeasureSymbol>cm</UnitOfMeasureSymbol></UnitOfMeasure></CSItem><CSItem><CSItemCode>IT4040440</CSItemCode><CSItemName>MOQ (for professionals)</CSItemName><CSItemRank>20</CSItemRank><CSValue><CSValueCode>VA4094183</CSValueCode><CSValueName>10</CSValueName><CSValueRank>1</CSValueRank></CSValue></CSItem><CSItem><CSItemCode>IT4040439</CSItemCode><CSItemName>Pack Quantity</CSItemName><CSItemRank>21</CSItemRank><CSValue><CSValueCode>VA4094182</CSValueCode><CSValueName>1</CSValueName><CSValueRank>1</CSValueRank></CSValue></CSItem></CSChapter><CSChapter><CSChapterCode>CH4006483</CSChapterCode><CSChapterName>Lifetime</CSChapterName><CSChapterRank>7</CSChapterRank><CSItem><CSItemCode>IT4035428</CSItemCode><CSItemName>Life time</CSItemName><CSItemRank>5</CSItemRank><CSValue><CSValueCode>VA4082346</CSValueCode><CSValueName>Up to 12 years</CSValueName><CSValueRank>1</CSValueRank></CSValue></CSItem></CSChapter><Disclaimer><DisclaimerCode>DIS40011649</DisclaimerCode><DisclaimerName>This LED retrofit light is specifically designed and intended for off-road use only. It is your own responsibility that the use of the LED retrofit light complies with applicable legal requirements. Lumileds cannot accept any responsibility and/or liability.</DisclaimerName></Disclaimer><Disclaimer><DisclaimerCode>DIS40011829</DisclaimerCode><DisclaimerName>Important: This LED retrofit light is specifically designed and intended for off-road use only, such as rally and race track driving, and is therefore subject to a technical check for installation. The LED retrofit light cannot legally be installed in on-road vehicles.</DisclaimerName></Disclaimer><Disclaimer><DisclaimerCode>DIS40011830</DisclaimerCode><DisclaimerName>Lumileds cannot accept any responsibility and/or liability. It is your own responsibility that the use of the LED Retrofit lights complies with applicable legal requirements. Designed for rally and race tracks. Not for use on public roads.</DisclaimerName></Disclaimer><Disclaimer><DisclaimerCode>DIS40011831</DisclaimerCode><DisclaimerName>The LED retrofit headlights and exterior signaling lighting cannot be sold in Germany, Spain, Slovakia, Cyprus, UK, Netherlands, Czech Republic, Greece, Hungary, Latvia, Luxemburg, Malta and Slovenia.</DisclaimerName></Disclaimer><MarketingVersion>4.0.1</MarketingVersion><MarketingStatus>Final Published</MarketingStatus><Code12NC>867000146421</Code12NC></Product></Products>