<?xml version="1.0" encoding="UTF-8"?><Products xmlns:source="http://apache.org/cocoon/source/1.0"><Product Brand="PHI" Division="CE" EndOfPublication="2119-12-31T00:00:00" IsAccessory="false" IsMaster="true" StartOfPublication="2018-09-10T00:00:00" lastModified="2018-08-23T09:10:56" masterLastModified="2018-08-17T23:57:51"><CTN>11498XUAXM</CTN><DTN>11498XUAXM</DTN><Categorization><GroupCode>AUTOMOTIVE_GR</GroupCode><GroupName>Automotive</GroupName><CategoryCode>CAR_LIGHTS_CA</CategoryCode><CategoryName>Car lights</CategoryName><SubcategoryCode>SINGALLING_AND_INTERIOR_LIGHTING_SU</SubcategoryCode><SubcategoryName>Signaling and interior lighting</SubcategoryName></Categorization><ProductImage><ProductImageFTLURL>http://www.p4c.philips.com/cgi-bin/dcbint/get?id=11498XUAXM&amp;doctype=FTP&amp;alt=1</ProductImageFTLURL><ProductImageEBURL>http://www.p4c.philips.com/cgi-bin/dcbint/get?id=11498XUAXM&amp;doctype=BPP&amp;alt=1</ProductImageEBURL></ProductImage><Assets><Asset Description="Leaflet" Type="PSS">http://download.p4c.philips.com/files/1/11498xuaxm/11498xuaxm_pss_rusru.pdf</Asset><Asset Description="Leaflet" Type="PSS">http://download.p4c.philips.com/files/1/11498xuaxm/11498xuaxm_pss_.pdf</Asset><Asset Description="Standard product photograph - highres 2196x1795" Type="RTP">http://images.philips.com/is/image/PhilipsConsumer/11498XUAXM-RTP-global-001</Asset></Assets><FullProductName>Philips X-tremeUltinon LED gen2 car signaling bulb 11498XUAXM LED-AMB [~PY21W] +CANbus Number of bulbs: 2 12V/24V, amber intense Advanced automotive system</FullProductName><ProductName>LED-AMB [~PY21W] +CANbus car signaling bulb</ProductName><NamingString><MasterBrand><BrandCode>PHI</BrandCode><BrandName>Philips</BrandName></MasterBrand><BrandString>Philips</BrandString><Concept><ConceptCode>SB40010273</ConceptCode><ConceptName>X-tremeUltinon LED gen2</ConceptName><ConceptLogoURL>http://www.p4c.philips.com/cgi-bin/dcbint/get?id=SB40010273&amp;doctype=CLL&amp;alt=1</ConceptLogoURL><ConceptNameUsed>1</ConceptNameUsed><IsFamily>1</IsFamily></Concept><Descriptor><DescriptorCode>D4029518</DescriptorCode><DescriptorName>car signaling bulb</DescriptorName></Descriptor><Alphanumeric>11498XUAXM</Alphanumeric><VersionElement1><VersionElementCode>V4044405</VersionElementCode><VersionElementName>LED-AMB [~PY21W] +CANbus</VersionElementName></VersionElement1><VersionElement2><VersionElementCode>V4044391</VersionElementCode><VersionElementName>Number of bulbs: 2</VersionElementName></VersionElement2><VersionElement3><VersionElementCode>V4047393</VersionElementCode><VersionElementName>12V/24V, amber intense</VersionElementName></VersionElement3><VersionElement4><VersionElementCode>V4044290</VersionElementCode><VersionElementName>Advanced automotive system</VersionElementName></VersionElement4><VersionString>LED-AMB [~PY21W] +CANbus Number of bulbs: 2 12V/24V, amber intense Advanced automotive system</VersionString><BrandedFeatureString/><DescriptorBrandedFeatureString>car signaling bulb</DescriptorBrandedFeatureString></NamingString><WOW>Brighter and more stylish</WOW><SubWOW>Strong, durable and vibrant LED signaling</SubWOW><MarketingTextHeader>For safe and modern driving, change to intense amber Philips X-tremeUltinon LED gen2 turn signals [~PY21W]. They are powerful, precise and look good so you can signal in safety and with style. This version includes a warning canceller.</MarketingTextHeader><MarketingTextBody/><SupraFeature/><KeyBenefitArea><KeyBenefitAreaCode>K4034375</KeyBenefitAreaCode><KeyBenefitAreaName>Brighter LED exterior lights</KeyBenefitAreaName><KeyBenefitAreaRank>1</KeyBenefitAreaRank><Feature><FeatureCode>F400088358</FeatureCode><FeatureName>Bright and vibrant signals</FeatureName><FeatureLongDescription>Signal your intent with brighter exterior lighting</FeatureLongDescription><FeatureGlossary>Signaling the intended movement of your vehicle is vital to your safety. To avoid collisions, other people need to know what you’re doing. And when poor weather conditions reduce visibility, the need for bright and vibrant signaling becomes even more important. Philips X-tremeUltinon LED gen2 signaling lights provide you with bright daylight effect and up to 6000K for reverse and positioning lights. With more intense colors for turn and stop applications, instantly on LEDs and a uniform and well-directed light, you’ll give other drivers vital extra time to react to your movements.</FeatureGlossary><FeatureRank>1</FeatureRank><FeatureTopRank>1</FeatureTopRank></Feature><Feature><FeatureCode>F400082230</FeatureCode><FeatureName>Intense amber turn signals</FeatureName><FeatureLongDescription>Intense amber turn signals to be seen better</FeatureLongDescription><FeatureGlossary>Philips LED turn signals feature vibrant amber color performance that make your intentions clear to surrounding traffic. Amber intense means more safety for you and others around you.</FeatureGlossary><FeatureRank>2</FeatureRank><FeatureTopRank>3</FeatureTopRank></Feature><Feature><FeatureCode>F400088360</FeatureCode><FeatureName>Instantly on turn signals</FeatureName><FeatureLongDescription>Instantly on lights make direction changes safer</FeatureLongDescription><FeatureGlossary>Incandescent lamps take time to light up and reach peak performance. LED lights, on the other hand, are “instantly on”. The difference is measured in fractions of a second. When you need to react quick, fractions of a second matter. For example, at 100 km/h, just four tenths of a second difference in reaction time equates to an extra 11 meters of reaction distance – that’s about 2.5 car lengths of extra thinking time. With Philips LED lights, as soon as you signal to change directions, the driver behind will know.</FeatureGlossary><FeatureRank>3</FeatureRank><FeatureTopRank>4</FeatureTopRank></Feature></KeyBenefitArea><KeyBenefitArea><KeyBenefitAreaCode>K4034257</KeyBenefitAreaCode><KeyBenefitAreaName>Upgrade your style</KeyBenefitAreaName><KeyBenefitAreaRank>2</KeyBenefitAreaRank><Feature><FeatureCode>F400082227</FeatureCode><FeatureName>Stylish signaling colors</FeatureName><FeatureLongDescription>Upgrade your lights, upgrade your style</FeatureLongDescription><FeatureGlossary>While the main goal of exterior lighting is to help you see and be seen, there’s no reason why you shouldn’t look good at the same time. If you’re looking to upgrade your style, without buying a newer car, replacing your exterior lighting with LEDs is a smart way to spend your money. Upgrade your exterior lighting with a more intense red for stop lights, a vibrant amber for turning signals and bright white light for positioning and reversing. Your car is an expression of who you are, so make a style statement with Philips exterior signaling LED lights.</FeatureGlossary><FeatureRank>1</FeatureRank><FeatureTopRank>2</FeatureTopRank></Feature></KeyBenefitArea><KeyBenefitArea><KeyBenefitAreaCode>K4034259</KeyBenefitAreaCode><KeyBenefitAreaName>Superior light diffusion</KeyBenefitAreaName><KeyBenefitAreaRank>3</KeyBenefitAreaRank><Feature><FeatureCode>F400082231</FeatureCode><FeatureName>Uniform light distribution</FeatureName><FeatureLongDescription>Uniform light distribution for enhanced visibility</FeatureLongDescription><FeatureGlossary>Philips LED exterior lighting range is designed for a smarter light distribution to ensure that exterior signaling light is projected where you need it (whether that’s reversing, stopping, or signaling). With wide angle and uniform light diffusion, not only can you can see more of the road, other drivers can see more of you.</FeatureGlossary><FeatureRank>1</FeatureRank><FeatureTopRank>5</FeatureTopRank></Feature></KeyBenefitArea><KeyBenefitArea><KeyBenefitAreaCode>K4034376</KeyBenefitAreaCode><KeyBenefitAreaName>Longer lasting LED lights</KeyBenefitAreaName><KeyBenefitAreaRank>4</KeyBenefitAreaRank><Feature><FeatureCode>F400088362</FeatureCode><FeatureName>Long-lasting LED lighting</FeatureName><FeatureLongDescription>Durable and long-lasting LED lighting</FeatureLongDescription><FeatureGlossary>You want bright and stylish car lights. But you don’t want to keep replacing failed lamps. That is a major weakness of conventional headlights; the more powerful the light, the shorter its lifespan. At the same light intensity, LEDs last much longer. And Philips X-tremeUltinon LED gen2 lights are extremely durable. Due to the latest technological innovation, they prevent heat and vibrational damage and last up to 12 years. With most cars replaced or upgraded within that time, your stylish new lights should last you the lifetime of your car.</FeatureGlossary><FeatureRank>1</FeatureRank><FeatureTopRank>8</FeatureTopRank></Feature></KeyBenefitArea><KeyBenefitArea><KeyBenefitAreaCode>K4034260</KeyBenefitAreaCode><KeyBenefitAreaName>Exceptional Philips quality</KeyBenefitAreaName><KeyBenefitAreaRank>5</KeyBenefitAreaRank><Feature><FeatureCode>F400081930</FeatureCode><FeatureName>Automotive grade quality</FeatureName><FeatureLongDescription>Philips automotive lighting at the highest quality level</FeatureLongDescription><FeatureGlossary>The technologically advanced Philips lighting is renowned in the automotive industry, and has been for over 100 years. The Philips Automotive Grade Quality products are designed and developed following strict quality control processes (including applicable ISO norms), leading to consistently high production standards. Major car manufacturers choose Philips lamps, because when you buy Philips, you buy quality. You get powerful bright light, and precise beam performance. You get high-end style. And you get an advanced LED lighting system for a safer, smoother and more enjoyable drive.</FeatureGlossary><FeatureRank>1</FeatureRank><FeatureTopRank>6</FeatureTopRank></Feature><Feature><FeatureCode>F400088364</FeatureCode><FeatureName>Ready, steady, installed!</FeatureName><FeatureLongDescription>Easy installation with smart adapter for car compatibility</FeatureLongDescription><FeatureGlossary>Designed to be easily installed in compatible vehicles, drivers with maintenance experience will be able to upgrade compatible lights with ease. Thanks to the unique Smart CANbus adapter specifically designed for turn signals, you make sure that your turn signals function well and provide safety information for your car.</FeatureGlossary><FeatureRank>2</FeatureRank><FeatureTopRank>7</FeatureTopRank></Feature></KeyBenefitArea><FeatureImage><FeatureCode>F400088358</FeatureCode><FeatureReferenceName>Bright and vibrant signals-6000K</FeatureReferenceName><FeatureImageRank>1</FeatureImageRank><FeatureImageURL>http://www.p4c.philips.com/cgi-bin/dcbint/get?id=F400088358&amp;doctype=FIP&amp;alt=1</FeatureImageURL></FeatureImage><FeatureImage><FeatureCode>F400082227</FeatureCode><FeatureReferenceName>Stylish signaling colors</FeatureReferenceName><FeatureImageRank>2</FeatureImageRank><FeatureImageURL>http://www.p4c.philips.com/cgi-bin/dcbint/get?id=F400082227&amp;doctype=FIP&amp;alt=1</FeatureImageURL></FeatureImage><FeatureImage><FeatureCode>F400082230</FeatureCode><FeatureReferenceName>Intense amber turn signals</FeatureReferenceName><FeatureImageRank>3</FeatureImageRank><FeatureImageURL>http://www.p4c.philips.com/cgi-bin/dcbint/get?id=F400082230&amp;doctype=FIP&amp;alt=1</FeatureImageURL></FeatureImage><FeatureImage><FeatureCode>F400088360</FeatureCode><FeatureReferenceName>Instantly on turn signals</FeatureReferenceName><FeatureImageRank>4</FeatureImageRank><FeatureImageURL>http://www.p4c.philips.com/cgi-bin/dcbint/get?id=F400088360&amp;doctype=FIP&amp;alt=1</FeatureImageURL></FeatureImage><FeatureImage><FeatureCode>F400082231</FeatureCode><FeatureReferenceName>Uniform light distribution-LED</FeatureReferenceName><FeatureImageRank>5</FeatureImageRank><FeatureImageURL>http://www.p4c.philips.com/cgi-bin/dcbint/get?id=F400082231&amp;doctype=FIP&amp;alt=1</FeatureImageURL></FeatureImage><FeatureImage><FeatureCode>F400081930</FeatureCode><FeatureReferenceName>Automotive grade quality</FeatureReferenceName><FeatureImageRank>6</FeatureImageRank><FeatureImageURL>http://www.p4c.philips.com/cgi-bin/dcbint/get?id=F400081930&amp;doctype=FIP&amp;alt=1</FeatureImageURL></FeatureImage><FeatureImage><FeatureCode>F400088364</FeatureCode><FeatureReferenceName>Ready, steady, installed!-CANbus</FeatureReferenceName><FeatureImageRank>7</FeatureImageRank><FeatureImageURL>http://www.p4c.philips.com/cgi-bin/dcbint/get?id=F400088364&amp;doctype=FIP&amp;alt=1</FeatureImageURL></FeatureImage><FeatureImage><FeatureCode>F400088362</FeatureCode><FeatureReferenceName>Long-lasting LED lighting-gen2 LED</FeatureReferenceName><FeatureImageRank>8</FeatureImageRank><FeatureImageURL>http://www.p4c.philips.com/cgi-bin/dcbint/get?id=F400088362&amp;doctype=FIP&amp;alt=1</FeatureImageURL></FeatureImage><FeatureHighlight><FeatureCode>F400088358</FeatureCode><FeatureHighlightRank>1</FeatureHighlightRank></FeatureHighlight><FeatureHighlight><FeatureCode>F400082227</FeatureCode><FeatureHighlightRank>2</FeatureHighlightRank></FeatureHighlight><FeatureHighlight><FeatureCode>F400082230</FeatureCode><FeatureHighlightRank>3</FeatureHighlightRank></FeatureHighlight><FeatureHighlight><FeatureCode>F400088360</FeatureCode><FeatureHighlightRank>4</FeatureHighlightRank></FeatureHighlight><FeatureHighlight><FeatureCode>F400082231</FeatureCode><FeatureHighlightRank>5</FeatureHighlightRank></FeatureHighlight><FeatureHighlight><FeatureCode>F400081930</FeatureCode><FeatureHighlightRank>6</FeatureHighlightRank></FeatureHighlight><FeatureHighlight><FeatureCode>F400088364</FeatureCode><FeatureHighlightRank>7</FeatureHighlightRank></FeatureHighlight><FeatureHighlight><FeatureCode>F400088362</FeatureCode><FeatureHighlightRank>8</FeatureHighlightRank></FeatureHighlight><CSChapter><CSChapterCode>3001177</CSChapterCode><CSChapterName>Packaging Data</CSChapterName><CSChapterRank>1</CSChapterRank><CSItem><CSItemCode>IT4035590</CSItemCode><CSItemName>EAN1</CSItemName><CSItemRank>10</CSItemRank><CSValue><CSValueCode>VA4082922</CSValueCode><CSValueName>8719018051592</CSValueName><CSValueRank>1</CSValueRank></CSValue></CSItem><CSItem><CSItemCode>IT4035591</CSItemCode><CSItemName>EAN3</CSItemName><CSItemRank>13</CSItemRank><CSValue><CSValueCode>VA4082924</CSValueCode><CSValueName>8719018051608</CSValueName><CSValueRank>1</CSValueRank></CSValue></CSItem><CSItem><CSItemCode>IT4035805</CSItemCode><CSItemName>Packaging type</CSItemName><CSItemRank>16</CSItemRank><CSValue><CSValueCode>VA4083279</CSValueCode><CSValueName>XM</CSValueName><CSValueRank>1</CSValueRank></CSValue></CSItem></CSChapter><CSChapter><CSChapterCode>CH4006466</CSChapterCode><CSChapterName>Product description</CSChapterName><CSChapterRank>2</CSChapterRank><CSItem><CSItemCode>IT4031500</CSItemCode><CSItemName>Technology</CSItemName><CSItemRank>1</CSItemRank><CSValue><CSValueCode>VA4071793</CSValueCode><CSValueName>LED</CSValueName><CSValueRank>1</CSValueRank></CSValue></CSItem><CSItem><CSItemCode>IT4031517</CSItemCode><CSItemName>Application</CSItemName><CSItemRank>3</CSItemRank><CSValue><CSValueCode>VA4099798</CSValueCode><CSValueName>Turn signal</CSValueName><CSValueRank>9</CSValueRank></CSValue></CSItem><CSItem><CSItemCode>IT4031519</CSItemCode><CSItemName>Range</CSItemName><CSItemRank>12</CSItemRank><CSValue><CSValueCode>VA4104360</CSValueCode><CSValueName>X-tremeUltinon LED gen2</CSValueName><CSValueRank>8</CSValueRank></CSValue></CSItem><CSItem><CSItemCode>IT4031508</CSItemCode><CSItemName>Type</CSItemName><CSItemRank>15</CSItemRank><CSValue><CSValueCode>VA4071837</CSValueCode><CSValueName>PY21W</CSValueName><CSValueRank>11</CSValueRank></CSValue></CSItem><CSItem><CSItemCode>IT4031521</CSItemCode><CSItemName>Homologation ECE</CSItemName><CSItemRank>25</CSItemRank><CSValue><CSValueCode>VA4072196</CSValueCode><CSValueName>NO</CSValueName><CSValueRank>2</CSValueRank></CSValue></CSItem><CSItem><CSItemCode>IT4035423</CSItemCode><CSItemName>Base</CSItemName><CSItemRank>29</CSItemRank><CSValue><CSValueCode>VA4082341</CSValueCode><CSValueName>BAU15s</CSValueName><CSValueRank>1</CSValueRank></CSValue></CSItem><CSItem><CSItemCode>IT4042933</CSItemCode><CSItemName>Designation LED Type</CSItemName><CSItemRank>31</CSItemRank><CSValue><CSValueCode>VA4104368</CSValueCode><CSValueName>LED-AMB [~PY21W] +CANbus</CSValueName><CSValueRank>7</CSValueRank></CSValue></CSItem><CSItem><CSItemCode>IT4042934</CSItemCode><CSItemName>Technical features</CSItemName><CSItemRank>32</CSItemRank><CSValue><CSValueCode>VA4104361</CSValueCode><CSValueName>instant on</CSValueName><CSValueRank>4</CSValueRank></CSValue></CSItem></CSChapter><CSChapter><CSChapterCode>CH4006521</CSChapterCode><CSChapterName>Electrical characteristics</CSChapterName><CSChapterRank>3</CSChapterRank><CSItem><CSItemCode>IT4035564</CSItemCode><CSItemName>Voltage</CSItemName><CSItemRank>9</CSItemRank><CSValue><CSValueCode>VA4082798</CSValueCode><CSValueName>12 V/24</CSValueName><CSValueRank>1</CSValueRank></CSValue><UnitOfMeasure><UnitOfMeasureCode>3000071</UnitOfMeasureCode><UnitOfMeasureName>volt</UnitOfMeasureName><UnitOfMeasureSymbol>V</UnitOfMeasureSymbol></UnitOfMeasure></CSItem><CSItem><CSItemCode>IT4044447</CSItemCode><CSItemName>Wattage</CSItemName><CSItemRank>14</CSItemRank><CSValue><CSValueCode>VA4102143</CSValueCode><CSValueName>1.8 W</CSValueName><CSValueRank>1</CSValueRank></CSValue></CSItem></CSChapter><CSChapter><CSChapterCode>CH4006461</CSChapterCode><CSChapterName>Marketing specifications</CSChapterName><CSChapterRank>4</CSChapterRank><CSItem><CSItemCode>IT4031492</CSItemCode><CSItemName>Expected benefits</CSItemName><CSItemRank>2</CSItemRank><CSValue><CSValueCode>VA4099214</CSValueCode><CSValueName>Advanced automotive system</CSValueName><CSValueRank>6</CSValueRank></CSValue></CSItem><CSItem><CSItemCode>IT4031498</CSItemCode><CSItemName>Product highlight</CSItemName><CSItemRank>4</CSItemRank><CSValue><CSValueCode>VA4083118</CSValueCode><CSValueName>Brighter</CSValueName><CSValueRank>5</CSValueRank></CSValue><CSValue><CSValueCode>VA4101888</CSValueCode><CSValueName>vibrant signals</CSValueName><CSValueRank>10</CSValueRank></CSValue></CSItem></CSChapter><CSChapter><CSChapterCode>CH4005203</CSChapterCode><CSChapterName>Light characteristics</CSChapterName><CSChapterRank>5</CSChapterRank><CSItem><CSItemCode>IT4035565</CSItemCode><CSItemName>Color temperature</CSItemName><CSItemRank>8</CSItemRank><CSValue><CSValueCode>VA4082799</CSValueCode><CSValueName>Amber intense</CSValueName><CSValueRank>1</CSValueRank></CSValue></CSItem><CSItem><CSItemCode>IT4043933</CSItemCode><CSItemName>Lumens [lm]</CSItemName><CSItemRank>21</CSItemRank><CSValue><CSValueCode>VA4101095</CSValueCode><CSValueName>180</CSValueName><CSValueRank>1</CSValueRank></CSValue></CSItem></CSChapter><CSChapter><CSChapterCode>CH4006484</CSChapterCode><CSChapterName>Ordering information</CSChapterName><CSChapterRank>6</CSChapterRank><CSItem><CSItemCode>IT4035592</CSItemCode><CSItemName>Order entry</CSItemName><CSItemRank>7</CSItemRank><CSValue><CSValueCode>VA4082925</CSValueCode><CSValueName>11498XUAXM</CSValueName><CSValueRank>1</CSValueRank></CSValue></CSItem><CSItem><CSItemCode>IT4035593</CSItemCode><CSItemName>Ordering code</CSItemName><CSItemRank>11</CSItemRank><CSValue><CSValueCode>VA4082926</CSValueCode><CSValueName>05159230</CSValueName><CSValueRank>1</CSValueRank></CSValue></CSItem></CSChapter><CSChapter><CSChapterCode>CH4006541</CSChapterCode><CSChapterName>Outerpack information</CSChapterName><CSChapterRank>7</CSChapterRank><CSItem><CSItemCode>IT4035764</CSItemCode><CSItemName>Height</CSItemName><CSItemRank>17</CSItemRank><CSValue><CSValueCode>VA4083203</CSValueCode><CSValueName>8.5</CSValueName><CSValueRank>1</CSValueRank></CSValue><UnitOfMeasure><UnitOfMeasureCode>3000039</UnitOfMeasureCode><UnitOfMeasureName>centimeter</UnitOfMeasureName><UnitOfMeasureSymbol>cm</UnitOfMeasureSymbol></UnitOfMeasure></CSItem><CSItem><CSItemCode>IT4035762</CSItemCode><CSItemName>Length</CSItemName><CSItemRank>19</CSItemRank><CSValue><CSValueCode>VA4083201</CSValueCode><CSValueName>21.1</CSValueName><CSValueRank>1</CSValueRank></CSValue><UnitOfMeasure><UnitOfMeasureCode>3000039</UnitOfMeasureCode><UnitOfMeasureName>centimeter</UnitOfMeasureName><UnitOfMeasureSymbol>cm</UnitOfMeasureSymbol></UnitOfMeasure></CSItem><CSItem><CSItemCode>IT4035763</CSItemCode><CSItemName>Width</CSItemName><CSItemRank>22</CSItemRank><CSValue><CSValueCode>VA4083202</CSValueCode><CSValueName>19.1</CSValueName><CSValueRank>1</CSValueRank></CSValue><UnitOfMeasure><UnitOfMeasureCode>3000039</UnitOfMeasureCode><UnitOfMeasureName>centimeter</UnitOfMeasureName><UnitOfMeasureSymbol>cm</UnitOfMeasureSymbol></UnitOfMeasure></CSItem><CSItem><CSItemCode>IT4036935</CSItemCode><CSItemName>Gross weight per piece</CSItemName><CSItemRank>24</CSItemRank><CSValue><CSValueCode>VA4085803</CSValueCode><CSValueName>2.55</CSValueName><CSValueRank>1</CSValueRank></CSValue><UnitOfMeasure><UnitOfMeasureCode>3000049</UnitOfMeasureCode><UnitOfMeasureName>kilogram</UnitOfMeasureName><UnitOfMeasureSymbol>kg</UnitOfMeasureSymbol></UnitOfMeasure></CSItem></CSChapter><CSChapter><CSChapterCode>CH4006501</CSChapterCode><CSChapterName>Packed product information</CSChapterName><CSChapterRank>8</CSChapterRank><CSItem><CSItemCode>IT4035760</CSItemCode><CSItemName>Height</CSItemName><CSItemRank>18</CSItemRank><CSValue><CSValueCode>VA4083198</CSValueCode><CSValueName>9.2</CSValueName><CSValueRank>1</CSValueRank></CSValue><UnitOfMeasure><UnitOfMeasureCode>3000039</UnitOfMeasureCode><UnitOfMeasureName>centimeter</UnitOfMeasureName><UnitOfMeasureSymbol>cm</UnitOfMeasureSymbol></UnitOfMeasure></CSItem><CSItem><CSItemCode>IT4035758</CSItemCode><CSItemName>Length</CSItemName><CSItemRank>20</CSItemRank><CSValue><CSValueCode>VA4083195</CSValueCode><CSValueName>6.8</CSValueName><CSValueRank>1</CSValueRank></CSValue><UnitOfMeasure><UnitOfMeasureCode>3000039</UnitOfMeasureCode><UnitOfMeasureName>centimeter</UnitOfMeasureName><UnitOfMeasureSymbol>cm</UnitOfMeasureSymbol></UnitOfMeasure></CSItem><CSItem><CSItemCode>IT4035759</CSItemCode><CSItemName>Width</CSItemName><CSItemRank>23</CSItemRank><CSValue><CSValueCode>VA4083196</CSValueCode><CSValueName>4.3</CSValueName><CSValueRank>1</CSValueRank></CSValue><UnitOfMeasure><UnitOfMeasureCode>3000039</UnitOfMeasureCode><UnitOfMeasureName>centimeter</UnitOfMeasureName><UnitOfMeasureSymbol>cm</UnitOfMeasureSymbol></UnitOfMeasure></CSItem><CSItem><CSItemCode>IT4040440</CSItemCode><CSItemName>MOQ (for professionals)</CSItemName><CSItemRank>26</CSItemRank><CSValue><CSValueCode>VA4094183</CSValueCode><CSValueName>20</CSValueName><CSValueRank>1</CSValueRank></CSValue></CSItem><CSItem><CSItemCode>IT4040439</CSItemCode><CSItemName>Pack Quantity</CSItemName><CSItemRank>27</CSItemRank><CSValue><CSValueCode>VA4094182</CSValueCode><CSValueName>2</CSValueName><CSValueRank>1</CSValueRank></CSValue></CSItem><CSItem><CSItemCode>IT4044016</CSItemCode><CSItemName>Gross weight per piece [g]</CSItemName><CSItemRank>28</CSItemRank><CSValue><CSValueCode>VA4101346</CSValueCode><CSValueName>248</CSValueName><CSValueRank>1</CSValueRank></CSValue></CSItem><CSItem><CSItemCode>IT4044015</CSItemCode><CSItemName>Net weight per piece [g]</CSItemName><CSItemRank>30</CSItemRank><CSValue><CSValueCode>VA4101345</CSValueCode><CSValueName>114</CSValueName><CSValueRank>1</CSValueRank></CSValue></CSItem></CSChapter><CSChapter><CSChapterCode>CH4006483</CSChapterCode><CSChapterName>Lifetime</CSChapterName><CSChapterRank>9</CSChapterRank><CSItem><CSItemCode>IT4035428</CSItemCode><CSItemName>Life time</CSItemName><CSItemRank>6</CSItemRank><CSValue><CSValueCode>VA4082346</CSValueCode><CSValueName>Up to 12 years</CSValueName><CSValueRank>1</CSValueRank></CSValue></CSItem></CSChapter><MarketingVersion>3.0.1</MarketingVersion><MarketingStatus>Final Published</MarketingStatus><Code12NC>867000156958</Code12NC></Product></Products>