<?xml version="1.0" encoding="UTF-8"?><Products xmlns:source="http://apache.org/cocoon/source/1.0"><Product Brand="PHI" Division="CE" EndOfPublication="2050-06-15T00:00:00" IsAccessory="false" IsMaster="true" StartOfPublication="2017-06-15T00:00:00" lastModified="2018-06-15T00:05:36" masterLastModified="2018-06-15T00:01:20"><CTN>12972DVB1</CTN><DTN>12972DVB1</DTN><Categorization><GroupCode>AUTOMOTIVE_GR</GroupCode><GroupName>Automotive</GroupName><CategoryCode>CAR_LIGHTS_CA</CategoryCode><CategoryName>Car lights</CategoryName><SubcategoryCode>CAR_HEADLIGHTS_SU</SubcategoryCode><SubcategoryName>Headlights</SubcategoryName></Categorization><ProductImage><ProductImageFTLURL>http://www.p4c.philips.com/cgi-bin/dcbint/get?id=12972DVB1&amp;doctype=FTP&amp;alt=1</ProductImageFTLURL><ProductImageEBURL>http://www.p4c.philips.com/cgi-bin/dcbint/get?id=12972DVB1&amp;doctype=BPP&amp;alt=1</ProductImageEBURL></ProductImage><Assets><Asset Description="Leaflet" Type="PSS">http://download.p4c.philips.com/files/1/12972dvb1/12972dvb1_pss_rusru.pdf</Asset><Asset Description="Leaflet" Type="PSS">http://download.p4c.philips.com/files/1/12972dvb1/12972dvb1_pss_.pdf</Asset><Asset Description="Standard product photograph - highres 2196x1795" Type="RTP">http://images.philips.com/is/image/PhilipsConsumer/12972DVB1-RTP-global-001</Asset></Assets><FullProductName>Philips DiamondVision Halogen 12972DVB1 Type of lamp: H7 Pack of: 1 12 V,55 W Style</FullProductName><ProductName>Type of lamp: H7 Pack of: 1 12 V,55 W Halogen</ProductName><NamingString><MasterBrand><BrandCode>PHI</BrandCode><BrandName>Philips</BrandName></MasterBrand><BrandString>Philips</BrandString><Concept><ConceptCode>SB40005124</ConceptCode><ConceptName>DiamondVision</ConceptName><ConceptLogoURL>http://www.p4c.philips.com/cgi-bin/dcbint/get?id=SB40005124&amp;doctype=CLL&amp;alt=1</ConceptLogoURL><ConceptNameUsed>1</ConceptNameUsed><IsFamily>1</IsFamily></Concept><Descriptor><DescriptorCode>D4024164</DescriptorCode><DescriptorName>Halogen</DescriptorName></Descriptor><Alphanumeric>12972DVB1</Alphanumeric><VersionElement1><VersionElementCode>V4043973</VersionElementCode><VersionElementName>Type of lamp: H7</VersionElementName></VersionElement1><VersionElement2><VersionElementCode>V4043913</VersionElementCode><VersionElementName>Pack of: 1</VersionElementName></VersionElement2><VersionElement3><VersionElementCode>V4043920</VersionElementCode><VersionElementName>12 V,55 W</VersionElementName></VersionElement3><VersionElement4><VersionElementCode>V4023235</VersionElementCode><VersionElementName>Style</VersionElementName></VersionElement4><VersionString>Type of lamp: H7 Pack of: 1 12 V,55 W Style</VersionString><BrandedFeatureString/><DescriptorBrandedFeatureString>Halogen</DescriptorBrandedFeatureString></NamingString><WOW>Drive with style</WOW><SubWOW>Up to 5000K ultimate white light</SubWOW><MarketingTextHeader>Philips DiamondVision halogen headlamp is the ultimate style upgrade for your car with up to 5000K white light. With the specially designed blue coating, DiamondVision makes you stand out from the crowd.</MarketingTextHeader><MarketingTextBody/><SupraFeature/><KeyBenefitArea><KeyBenefitAreaCode>K4028779</KeyBenefitAreaCode><KeyBenefitAreaName>Stylish white light stands out</KeyBenefitAreaName><KeyBenefitAreaRank>1</KeyBenefitAreaRank><Feature><FeatureCode>F400082971</FeatureCode><FeatureName>5000K white light for style</FeatureName><FeatureLongDescription>Cool elegance for your headlights</FeatureLongDescription><FeatureGlossary>Philips DiamondVision Vision headlight lamps provide the perfect choice for drivers who want a crisp white look for their headlights. Thanks to the Philips patented coating technology,DiamondVision provide a truly white light for great visibility and style.</FeatureGlossary><FeatureRank>1</FeatureRank><FeatureTopRank>9</FeatureTopRank></Feature></KeyBenefitArea><KeyBenefitArea><KeyBenefitAreaCode>K4028659</KeyBenefitAreaCode><KeyBenefitAreaName>High quality and ultra resistant headlamp</KeyBenefitAreaName><KeyBenefitAreaRank>2</KeyBenefitAreaRank><Feature><FeatureCode>F400067464</FeatureCode><FeatureName>Change by pairs</FeatureName><FeatureLongDescription>Change both your headlamps simultaneously for more safety</FeatureLongDescription><FeatureGlossary>Highly recommended to change them by pairs for symetric light performance</FeatureGlossary><FeatureRank>5</FeatureRank><FeatureTopRank>4</FeatureTopRank></Feature><Feature><FeatureCode>F400082915</FeatureCode><FeatureName>Car manufacturers' choice</FeatureName><FeatureLongDescription>Philips is the choice of major car manufacturers.</FeatureLongDescription><FeatureGlossary>For 100 years, Philips has been on the forefront of the automotive lighting industry, introducing technological innovations that have become standards on modern automobiles. Today, one in two cars in Europe and one in three worldwide, is equipped with Philips lighting.</FeatureGlossary><FeatureRank>6</FeatureRank><FeatureTopRank>10</FeatureTopRank></Feature><Feature><FeatureCode>F400067408</FeatureCode><FeatureName>Designed for multiple usage</FeatureName><FeatureLongDescription>Wide range of 12V lamps for all functions</FeatureLongDescription><FeatureGlossary>Which 12V lamp for which function? Philips Automotive offers all car specific functions : high beam, Low beal, front fog , front indicator, side indicator, rear indicator, stop light, reversing light, rear fog light, license plate lights, rear position/parking light, interior lights</FeatureGlossary><FeatureRank>4</FeatureRank><FeatureTopRank>11</FeatureTopRank></Feature><Feature><FeatureCode>F400069954</FeatureCode><FeatureName>High quality quartz glass</FeatureName><FeatureLongDescription>Philips car lamps are made of high-quality quartz glass^</FeatureLongDescription><FeatureGlossary>UV-Quartz glass is stronger than hard glass and highly resistant to temperature extremes and vibrations, eliminating the risk of explosion. Philips quartz-glass lamps (filament 2 650º C and glass 800º C) are able to withstand severe thermal shock. With the capability to withhold increased pressure inside the lamp, UV-quartz glass is able to produce more powerful lighting. ^Application varies per bulb type.</FeatureGlossary><FeatureRank>1</FeatureRank><FeatureTopRank>12</FeatureTopRank></Feature><Feature><FeatureCode>F400082932</FeatureCode><FeatureName>Resistance against humidity</FeatureName><FeatureLongDescription>Philips car lamps are highly resistant against humidity^</FeatureLongDescription><FeatureGlossary>Only a burning bulb made of quartz glass (filament 2650°c, glass 800°c) can resist thermal shocks : such as, if a drop of cold water touches the hot bulb, when you drive through water with a broken headlight unit. ^Application varies per bulb type</FeatureGlossary><FeatureRank>2</FeatureRank><FeatureTopRank>13</FeatureTopRank></Feature><Feature><FeatureCode>F400058696</FeatureCode><FeatureName>UV Resistant</FeatureName><FeatureLongDescription>Philips car lamps are highly UV resistant</FeatureLongDescription><FeatureGlossary>Philips special anti-UV coating technology protects the headlights against harmful ultraviolet radiation, making Philips UV-coated quartz glass perfect for all driving conditions and ensures their longevity</FeatureGlossary><FeatureRank>3</FeatureRank><FeatureTopRank>14</FeatureTopRank></Feature></KeyBenefitArea><FeatureImage><FeatureCode>F400067464</FeatureCode><FeatureReferenceName>Change by pairs -Highly recommended</FeatureReferenceName><FeatureImageRank>4</FeatureImageRank><FeatureImageURL>http://www.p4c.philips.com/cgi-bin/dcbint/get?id=F400067464&amp;doctype=FIP&amp;alt=1</FeatureImageURL></FeatureImage><FeatureImage><FeatureCode>F400082971</FeatureCode><FeatureReferenceName>5000K white light for style-DV</FeatureReferenceName><FeatureImageRank>9</FeatureImageRank><FeatureImageURL>http://www.p4c.philips.com/cgi-bin/dcbint/get?id=F400082971&amp;doctype=FIP&amp;alt=1</FeatureImageURL></FeatureImage><FeatureImage><FeatureCode>F400082915</FeatureCode><FeatureReferenceName>Car manufacturers' choice-100 years</FeatureReferenceName><FeatureImageRank>10</FeatureImageRank><FeatureImageURL>http://www.p4c.philips.com/cgi-bin/dcbint/get?id=F400082915&amp;doctype=FIP&amp;alt=1</FeatureImageURL></FeatureImage><FeatureImage><FeatureCode>F400067408</FeatureCode><FeatureReferenceName>Designed for multiple usage*</FeatureReferenceName><FeatureImageRank>11</FeatureImageRank><FeatureImageURL>http://www.p4c.philips.com/cgi-bin/dcbint/get?id=F400067408&amp;doctype=FIP&amp;alt=1</FeatureImageURL></FeatureImage><FeatureImage><FeatureCode>F400069954</FeatureCode><FeatureReferenceName>High quality quartz glass-last</FeatureReferenceName><FeatureImageRank>12</FeatureImageRank><FeatureImageURL>http://www.p4c.philips.com/cgi-bin/dcbint/get?id=F400069954&amp;doctype=FIP&amp;alt=1</FeatureImageURL></FeatureImage><FeatureImage><FeatureCode>F400082932</FeatureCode><FeatureReferenceName>Resistance against humidity-^</FeatureReferenceName><FeatureImageRank>13</FeatureImageRank><FeatureImageURL>http://www.p4c.philips.com/cgi-bin/dcbint/get?id=F400082932&amp;doctype=FIP&amp;alt=1</FeatureImageURL></FeatureImage><FeatureImage><FeatureCode>F400058696</FeatureCode><FeatureReferenceName>UV Resistant</FeatureReferenceName><FeatureImageRank>14</FeatureImageRank><FeatureImageURL>http://www.p4c.philips.com/cgi-bin/dcbint/get?id=F400058696&amp;doctype=FIP&amp;alt=1</FeatureImageURL></FeatureImage><FeatureHighlight><FeatureCode>F400067464</FeatureCode><FeatureHighlightRank>4</FeatureHighlightRank></FeatureHighlight><FeatureHighlight><FeatureCode>F400082971</FeatureCode><FeatureHighlightRank>9</FeatureHighlightRank></FeatureHighlight><FeatureHighlight><FeatureCode>F400082915</FeatureCode><FeatureHighlightRank>10</FeatureHighlightRank></FeatureHighlight><FeatureHighlight><FeatureCode>F400067408</FeatureCode><FeatureHighlightRank>11</FeatureHighlightRank></FeatureHighlight><FeatureHighlight><FeatureCode>F400069954</FeatureCode><FeatureHighlightRank>12</FeatureHighlightRank></FeatureHighlight><FeatureHighlight><FeatureCode>F400082932</FeatureCode><FeatureHighlightRank>13</FeatureHighlightRank></FeatureHighlight><FeatureHighlight><FeatureCode>F400058696</FeatureCode><FeatureHighlightRank>14</FeatureHighlightRank></FeatureHighlight><CSChapter><CSChapterCode>CH4006461</CSChapterCode><CSChapterName>Marketing specifications</CSChapterName><CSChapterRank>1</CSChapterRank><CSItem><CSItemCode>IT4031492</CSItemCode><CSItemName>Expected benefits</CSItemName><CSItemRank>1</CSItemRank><CSValue><CSValueCode>VA4082543</CSValueCode><CSValueName>Ultimate white light</CSValueName><CSValueRank>9</CSValueRank></CSValue></CSItem><CSItem><CSItemCode>IT4031498</CSItemCode><CSItemName>Product highlight</CSItemName><CSItemRank>2</CSItemRank><CSValue><CSValueCode>VA4082544</CSValueCode><CSValueName>5000K</CSValueName><CSValueRank>10</CSValueRank></CSValue></CSItem></CSChapter><CSChapter><CSChapterCode>CH4006466</CSChapterCode><CSChapterName>Product description</CSChapterName><CSChapterRank>2</CSChapterRank><CSItem><CSItemCode>IT4031500</CSItemCode><CSItemName>Technology</CSItemName><CSItemRank>1</CSItemRank><CSValue><CSValueCode>VA4071791</CSValueCode><CSValueName>Halogen</CSValueName><CSValueRank>6</CSValueRank></CSValue></CSItem><CSItem><CSItemCode>IT4031517</CSItemCode><CSItemName>Application</CSItemName><CSItemRank>2</CSItemRank><CSValue><CSValueCode>VA4079883</CSValueCode><CSValueName>Additional high beam</CSValueName><CSValueRank>7</CSValueRank></CSValue><CSValue><CSValueCode>VA4071898</CSValueCode><CSValueName>High beam</CSValueName><CSValueRank>12</CSValueRank></CSValue><CSValue><CSValueCode>VA4071899</CSValueCode><CSValueName>Low beam</CSValueName><CSValueRank>13</CSValueRank></CSValue></CSItem><CSItem><CSItemCode>IT4031520</CSItemCode><CSItemName>Base</CSItemName><CSItemRank>3</CSItemRank><CSValue><CSValueCode>VA4072135</CSValueCode><CSValueName>PX26d</CSValueName><CSValueRank>15</CSValueRank></CSValue></CSItem><CSItem><CSItemCode>IT4031519</CSItemCode><CSItemName>Range</CSItemName><CSItemRank>4</CSItemRank><CSValue><CSValueCode>VA4082541</CSValueCode><CSValueName>DiamondVision</CSValueName><CSValueRank>11</CSValueRank></CSValue></CSItem><CSItem><CSItemCode>IT4031521</CSItemCode><CSItemName>Homologation ECE</CSItemName><CSItemRank>5</CSItemRank><CSValue><CSValueCode>VA4072196</CSValueCode><CSValueName>NO</CSValueName><CSValueRank>1</CSValueRank></CSValue></CSItem><CSItem><CSItemCode>IT4031524</CSItemCode><CSItemName>Marking ECE</CSItemName><CSItemRank>6</CSItemRank><CSValue><CSValueCode>VA4082343</CSValueCode><CSValueName>N/A</CSValueName><CSValueRank>3</CSValueRank></CSValue></CSItem><CSItem><CSItemCode>IT4034965</CSItemCode><CSItemName>Designation</CSItemName><CSItemRank>7</CSItemRank><CSValue><CSValueCode>VA4081495</CSValueCode><CSValueName>H7</CSValueName><CSValueRank>1</CSValueRank></CSValue></CSItem><CSItem><CSItemCode>IT4035583</CSItemCode><CSItemName>Type</CSItemName><CSItemRank>8</CSItemRank><CSValue><CSValueCode>VA4082844</CSValueCode><CSValueName>H7 DiamondVision</CSValueName><CSValueRank>1</CSValueRank></CSValue></CSItem></CSChapter><CSChapter><CSChapterCode>CH4006521</CSChapterCode><CSChapterName>Electrical characteristics</CSChapterName><CSChapterRank>3</CSChapterRank><CSItem><CSItemCode>IT4031552</CSItemCode><CSItemName>Voltage</CSItemName><CSItemRank>1</CSItemRank><CSValue><CSValueCode>VA4073723</CSValueCode><CSValueName>12</CSValueName><CSValueRank>4</CSValueRank></CSValue><UnitOfMeasure><UnitOfMeasureCode>3000071</UnitOfMeasureCode><UnitOfMeasureName>volt</UnitOfMeasureName><UnitOfMeasureSymbol>V</UnitOfMeasureSymbol></UnitOfMeasure></CSItem><CSItem><CSItemCode>IT4031551</CSItemCode><CSItemName>Wattage</CSItemName><CSItemRank>2</CSItemRank><CSValue><CSValueCode>VA4073721</CSValueCode><CSValueName>55</CSValueName><CSValueRank>2</CSValueRank></CSValue><UnitOfMeasure><UnitOfMeasureCode>3000072</UnitOfMeasureCode><UnitOfMeasureName>watt</UnitOfMeasureName><UnitOfMeasureSymbol>W</UnitOfMeasureSymbol></UnitOfMeasure></CSItem></CSChapter><CSChapter><CSChapterCode>CH4005203</CSChapterCode><CSChapterName>Light characteristics</CSChapterName><CSChapterRank>4</CSChapterRank><CSItem><CSItemCode>IT4031553</CSItemCode><CSItemName>Lumens</CSItemName><CSItemRank>1</CSItemRank><CSValue><CSValueCode>VA4082548</CSValueCode><CSValueName>935 ±15%</CSValueName><CSValueRank>14</CSValueRank></CSValue><UnitOfMeasure><UnitOfMeasureCode>3000051</UnitOfMeasureCode><UnitOfMeasureName>lumen</UnitOfMeasureName><UnitOfMeasureSymbol>lm</UnitOfMeasureSymbol></UnitOfMeasure></CSItem><CSItem><CSItemCode>IT4029159</CSItemCode><CSItemName>Color temperature</CSItemName><CSItemRank>2</CSItemRank><CSValue><CSValueCode>VA4067572</CSValueCode><CSValueName>up to 5000</CSValueName><CSValueRank>1</CSValueRank></CSValue><UnitOfMeasure><UnitOfMeasureCode>4000041</UnitOfMeasureCode><UnitOfMeasureName>Kelvin</UnitOfMeasureName><UnitOfMeasureSymbol>K</UnitOfMeasureSymbol></UnitOfMeasure></CSItem></CSChapter><CSChapter><CSChapterCode>CH4006483</CSChapterCode><CSChapterName>Lifetime</CSChapterName><CSChapterRank>5</CSChapterRank><CSItem><CSItemCode>IT4031525</CSItemCode><CSItemName>Life time</CSItemName><CSItemRank>1</CSItemRank><CSValue><CSValueCode>VA4072268</CSValueCode><CSValueName>B3/Tc = 200/400</CSValueName><CSValueRank>5</CSValueRank></CSValue></CSItem></CSChapter><Disclaimer><DisclaimerCode>DIS40007509</DisclaimerCode><DisclaimerName>Application varies per bulb type</DisclaimerName></Disclaimer><MarketingVersion>5.0.1</MarketingVersion><MarketingStatus>Final Published</MarketingStatus><Code12NC>867000119227</Code12NC></Product></Products>