<?xml version="1.0" encoding="UTF-8"?><Products xmlns:source="http://apache.org/cocoon/source/1.0"><Product Brand="PHI" Division="CE" EndOfPublication="2045-07-23T00:00:00" IsAccessory="false" IsMaster="true" StartOfPublication="2018-04-23T00:00:00" lastModified="2018-08-28T00:41:26" masterLastModified="2018-08-28T00:34:13"><CTN>328B6QJEB/00</CTN><DTN>328B6QJEB/00</DTN><Categorization><GroupCode>SOUND_AND_VISION_GR</GroupCode><GroupName>Sound &amp; vision</GroupName><CategoryCode>SV_MONITORS_CA</CategoryCode><CategoryName>Monitors</CategoryName><SubcategoryCode>ULTRA_WIDE_SU</SubcategoryCode><SubcategoryName>Ultra-wide</SubcategoryName></Categorization><ProductImage><ProductImageFTLURL>http://www.p4c.philips.com/cgi-bin/dcbint/get?id=328B6QJEB/00&amp;doctype=FTP&amp;alt=1</ProductImageFTLURL><ProductImageEBURL>http://www.p4c.philips.com/cgi-bin/dcbint/get?id=328B6QJEB/00&amp;doctype=BPP&amp;alt=1</ProductImageEBURL></ProductImage><Assets><Asset Description="Leaflet" Type="PSS">http://download.p4c.philips.com/files/3/328b6qjeb_00/328b6qjeb_00_pss_rusru.pdf</Asset><Asset Description="Leaflet" Type="PSS">http://download.p4c.philips.com/files/3/328b6qjeb_00/328b6qjeb_00_pss_.pdf</Asset></Assets><FullProductName>Philips QHD LCD monitor 328B6QJEB B Line 32 (31.5" / 80 cm diag.) Quad HD (2560 x 1440)</FullProductName><ProductName>B Line 32 (31.5" / 80 cm diag.) QHD LCD monitor</ProductName><NamingString><MasterBrand><BrandCode>PHI</BrandCode><BrandName>Philips</BrandName></MasterBrand><BrandString>Philips</BrandString><Descriptor><DescriptorCode>D4030111</DescriptorCode><DescriptorName>QHD LCD monitor</DescriptorName></Descriptor><Alphanumeric>328B6QJEB</Alphanumeric><VersionElement1><VersionElementCode>V4013438</VersionElementCode><VersionElementName>B Line</VersionElementName></VersionElement1><VersionElement2><VersionElementCode>V4042988</VersionElementCode><VersionElementName>32 (31.5" / 80 cm diag.)</VersionElementName></VersionElement2><VersionElement3><VersionElementCode>V4037593</VersionElementCode><VersionElementName>Quad HD (2560 x 1440)</VersionElementName></VersionElement3><VersionString>B Line 32 (31.5" / 80 cm diag.) Quad HD (2560 x 1440)</VersionString><BrandedFeatureString/><DescriptorBrandedFeatureString>QHD LCD monitor</DescriptorBrandedFeatureString></NamingString><WOW>Crisp images, efficient performance</WOW><SubWOW>for maximum productivity</SubWOW><MarketingTextHeader>Get your best work done with the Philips 32" Quad HD monitor. Crystal-clear Quad HD gives you the space and clarity to see your work. Features like height-adjustment, Flicker-free and LowBlue mode make work easy-on-the eyes.</MarketingTextHeader><MarketingTextBody/><SupraFeature/><KeyBenefitArea><KeyBenefitAreaCode>K4015202</KeyBenefitAreaCode><KeyBenefitAreaName>Excellent performance</KeyBenefitAreaName><KeyBenefitAreaRank>1</KeyBenefitAreaRank><Feature><FeatureCode>F400048758</FeatureCode><FeatureName>Crystalclear images</FeatureName><FeatureLongDescription>Crystalclear images with Quad HD 2560 x 1440 pixels</FeatureLongDescription><FeatureGlossary>These latest Philips screens deliver Crystalclear, Quad HD 2560x1440 or 2560x1080 pixel images. Utilizing high performance panels with high density pixel count, enabled by high bandwidth sources like Displayport, HDMI, Dual link DVI, these new displays will make your images and graphics come alive. Whether you are demanding professional requiring extremely detailed information for CAD-CAM solutions, using 3D graphic applications or a financial wizard working on huge spreadsheets, Philips displays will give you Crystalclear images.</FeatureGlossary><FeatureRank>1</FeatureRank><FeatureTopRank>1</FeatureTopRank></Feature><Feature><FeatureCode>F400066642</FeatureCode><FeatureName>IPS technology</FeatureName><FeatureLongDescription>IPS technology for full colors and wide viewing angles</FeatureLongDescription><FeatureGlossary>IPS displays use an advanced technology which gives you extra wide viewing angles of 178/178 degree, making it possible to view the display from almost any angle - even in 90 degree Pivot mode! Unlike standard TN panels, IPS displays gives you remarkably crisp images with vivid colors, making it ideal not only for Photos, movies and web browsing, but also for professional applications which demand color accuracy and consistent brightness at all times.</FeatureGlossary><FeatureRank>2</FeatureRank><FeatureTopRank>2</FeatureTopRank></Feature><Feature><FeatureCode>F400067665</FeatureCode><FeatureName>Flicker-free technology</FeatureName><FeatureLongDescription>Less eye fatigue with Flicker-free technology</FeatureLongDescription><FeatureGlossary>Due to the way brightness is controlled on LED-backlit screens, some users experience flicker on their screen which causes eye fatigue. Philips Flicker-free Technology applies a new solution to regulate brightness and reduce flicker for more comfortable viewing.</FeatureGlossary><FeatureRank>3</FeatureRank><FeatureTopRank>3</FeatureTopRank></Feature><Feature><FeatureCode>F400035289</FeatureCode><FeatureName>SmartImage</FeatureName><FeatureLongDescription>SmartImage presets for easy optimized image settings</FeatureLongDescription><FeatureGlossary>SmartImage is an exclusive leading edge Philips technology that analyzes the content displayed on your screen and gives you optimized display performance. This user friendly interface allows you to select various modes like Office, Photo, Movie, Game, Economy etc., to fit the application in use. Based on the selection, SmartImage dynamically optimizes the contrast, color saturation and sharpness of images and videos for ultimate display performance. The Economy mode option offers you major power savings. All in real time with the press of a single button!</FeatureGlossary><FeatureRank>4</FeatureRank><FeatureTopRank>4</FeatureTopRank></Feature><Feature><FeatureCode>F400068330</FeatureCode><FeatureName>10-bit colors</FeatureName><FeatureLongDescription>1.074 billion colors for smooth color gradations and detail</FeatureLongDescription><FeatureGlossary>The 10-bit display delivers rich color depth with 1.074 billion colors and 12-bit internal processing for re-creating smooth, natural colors without gradations and color banding.</FeatureGlossary><FeatureRank>5</FeatureRank><FeatureTopRank>5</FeatureTopRank></Feature><Feature><FeatureCode>F400064849</FeatureCode><FeatureName>SmartUniformity</FeatureName><FeatureLongDescription>SmartUniformity for consistent images</FeatureLongDescription><FeatureGlossary>Fluctuations in brightness and color on LCD screens are a common phenomenon. Philips SmartUniformity mode delivers accurate images in terms of brightness; which is crucial for photography, design, and printing. With a color metric to assess color accuracy, this mode is calibrated to meet average luminance uniformity is greater than 95%. Selecting this mode will produce uniform and accurate images.</FeatureGlossary><FeatureRank>6</FeatureRank><FeatureTopRank>6</FeatureTopRank></Feature></KeyBenefitArea><KeyBenefitArea><KeyBenefitAreaCode>K4029064</KeyBenefitAreaCode><KeyBenefitAreaName>Designed for the way you work</KeyBenefitAreaName><KeyBenefitAreaRank>2</KeyBenefitAreaRank><Feature><FeatureCode>F400035325</FeatureCode><FeatureName>SmartErgoBase</FeatureName><FeatureLongDescription>SmartErgoBase enables people-friendly ergonomic adjustments</FeatureLongDescription><FeatureGlossary>The SmartErgoBase is a monitor base that delivers ergonomic display comfort and provides cable management. The base's people-friendly height, swivel, tilt and rotation angle adjustments position the monitor for maximum comfort that can ease the physical strains of a long workday; cable management reduces cable clutter and keeps the workspace neat and professional.</FeatureGlossary><FeatureRank>1</FeatureRank><FeatureTopRank>7</FeatureTopRank></Feature><Feature><FeatureCode>F400066651</FeatureCode><FeatureName>USB 3.0 Hub with FastCharge</FeatureName><FeatureLongDescription>USB 3.0 Hub for convenient access and fast charging</FeatureLongDescription><FeatureGlossary>Super Speed USB 3.0 deploys 5.0 gbit/s transfer rate, which is about 10 times faster than USB 2.0 standard significantly reducing data transfer time saving you time and money. With more bandwidth, super speed transfer rates, better power management and superior overall performance, USB 3.0 sets the latest global standard allowing you to use the large capacity storage devices. Now you don't have to wait so long for devices to charge. New FastCharge enables quick charging to charge and go. USB 3.0 is also backward compatible with USB 2.0 devices.</FeatureGlossary><FeatureRank>2</FeatureRank><FeatureTopRank>8</FeatureTopRank></Feature><Feature><FeatureCode>F400035281</FeatureCode><FeatureName>Built-in stereo speakers</FeatureName><FeatureLongDescription>Built-in stereo speakers for multimedia</FeatureLongDescription><FeatureGlossary>A pair of high quality stereo speakers built into a display device. It can be visible front firing, or invisible down firing, top firing, rear firing, etc depending on model and design.</FeatureGlossary><FeatureRank>3</FeatureRank><FeatureTopRank>9</FeatureTopRank></Feature><Feature><FeatureCode>F400048347</FeatureCode><FeatureName>MultiView technology</FeatureName><FeatureLongDescription>MultiView enables active dual connect and view at same time</FeatureLongDescription><FeatureGlossary>With the ultra high resolution Philips MultiView display you can now experience a world of connectivity in a comfortable way whether at office or at home. MultiView enables active dual connect and view so that you can work with multiple devices like PC and Notebook side-by-side simultaneously, making complex multi-tasking work a breeze. Watching live football feed from your set-top box on right side, while browsing the Internet from your notebook on the left is now easy. You may want to keep an eye on the live news feed with audio in the small window, while working on your latest blog.</FeatureGlossary><FeatureRank>4</FeatureRank><FeatureTopRank>10</FeatureTopRank></Feature></KeyBenefitArea><KeyBenefitArea><KeyBenefitAreaCode>K300005006</KeyBenefitAreaCode><KeyBenefitAreaName>Easy to experience</KeyBenefitAreaName><KeyBenefitAreaRank>3</KeyBenefitAreaRank><Feature><FeatureCode>F400069662</FeatureCode><FeatureName>SmartConnect</FeatureName><FeatureLongDescription>SmartConnect with HDMI, MHL, DisplayPort, DVI, and VGA</FeatureLongDescription><FeatureGlossary>With a plethora of connectivity, these Philips displays come equipped with multi connections like VGA, DVI-D, DisplayPort, universal HDMI connector, MHL enabling you to enjoy high resolution uncompressed video and audio content. Regardless of what source you use, you can rest assured that this Philips display will ensure your investment is not made obsolete any time soon!</FeatureGlossary><FeatureRank>1</FeatureRank><FeatureTopRank>11</FeatureTopRank></Feature></KeyBenefitArea><FeatureLogo><FeatureCode>F400048758</FeatureCode><FeatureReferenceName>Crystalclear Quad HD</FeatureReferenceName><FeatureLogoRank>4</FeatureLogoRank><FeatureLogoURL>http://www.p4c.philips.com/cgi-bin/dcbint/get?id=F400048758&amp;doctype=FLW&amp;alt=1</FeatureLogoURL></FeatureLogo><FeatureLogo><FeatureCode>F400045216</FeatureCode><FeatureReferenceName>IPS technology_Carina 2 (none Pivot)</FeatureReferenceName><FeatureLogoRank>5</FeatureLogoRank><FeatureLogoURL>http://www.p4c.philips.com/cgi-bin/dcbint/get?id=F400045216&amp;doctype=FLW&amp;alt=1</FeatureLogoURL></FeatureLogo><FeatureLogo><FeatureCode>F400067665</FeatureCode><FeatureReferenceName>Flicker-free technology</FeatureReferenceName><FeatureLogoRank>6</FeatureLogoRank><FeatureLogoURL>http://www.p4c.philips.com/cgi-bin/dcbint/get?id=F400067665&amp;doctype=FLW&amp;alt=1</FeatureLogoURL></FeatureLogo><FeatureLogo><FeatureCode>F400064849</FeatureCode><FeatureReferenceName>SmartUniformity for consistent images</FeatureReferenceName><FeatureLogoRank>7</FeatureLogoRank><FeatureLogoURL>http://www.p4c.philips.com/cgi-bin/dcbint/get?id=F400064849&amp;doctype=FLW&amp;alt=1</FeatureLogoURL></FeatureLogo><FeatureLogo><FeatureCode>F400035325</FeatureCode><FeatureReferenceName>SmartErgoBase</FeatureReferenceName><FeatureLogoRank>8</FeatureLogoRank><FeatureLogoURL>http://www.p4c.philips.com/cgi-bin/dcbint/get?id=F400035325&amp;doctype=FLW&amp;alt=1</FeatureLogoURL></FeatureLogo><FeatureLogo><FeatureCode>F400047654</FeatureCode><FeatureReferenceName>USB 3.0 SuperSpeed hub</FeatureReferenceName><FeatureLogoRank>9</FeatureLogoRank><FeatureLogoURL>http://www.p4c.philips.com/cgi-bin/dcbint/get?id=F400047654&amp;doctype=FLW&amp;alt=1</FeatureLogoURL></FeatureLogo><FeatureLogo><FeatureCode>F300004082</FeatureCode><FeatureReferenceName>Built-in speakers (business)</FeatureReferenceName><FeatureLogoRank>10</FeatureLogoRank><FeatureLogoURL>http://www.p4c.philips.com/cgi-bin/dcbint/get?id=F300004082&amp;doctype=FLW&amp;alt=1</FeatureLogoURL></FeatureLogo><FeatureLogo><FeatureCode>F400048347</FeatureCode><FeatureReferenceName>MultiView technology</FeatureReferenceName><FeatureLogoRank>11</FeatureLogoRank><FeatureLogoURL>http://www.p4c.philips.com/cgi-bin/dcbint/get?id=F400048347&amp;doctype=FLW&amp;alt=1</FeatureLogoURL></FeatureLogo><FeatureLogo><FeatureCode>F400069662</FeatureCode><FeatureReferenceName>SmartConnect with HDMI, MHL, DisplayPort, DVI, and VGA</FeatureReferenceName><FeatureLogoRank>12</FeatureLogoRank><FeatureLogoURL>http://www.p4c.philips.com/cgi-bin/dcbint/get?id=F400069662&amp;doctype=FLW&amp;alt=1</FeatureLogoURL></FeatureLogo><FeatureLogo><FeatureCode>F400018029</FeatureCode><FeatureReferenceName>EPEAT Gold</FeatureReferenceName><FeatureLogoRank>13</FeatureLogoRank><FeatureLogoURL>http://www.p4c.philips.com/cgi-bin/dcbint/get?id=F400018029&amp;doctype=FLW&amp;alt=1</FeatureLogoURL></FeatureLogo><FeatureImage><FeatureCode>F400048758</FeatureCode><FeatureReferenceName>Crystalclear Quad HD</FeatureReferenceName><FeatureImageRank>1</FeatureImageRank><FeatureImageURL>http://www.p4c.philips.com/cgi-bin/dcbint/get?id=F400048758&amp;doctype=FIP&amp;alt=1</FeatureImageURL></FeatureImage><FeatureImage><FeatureCode>F400066642</FeatureCode><FeatureReferenceName>IPS technology (with Pivot)</FeatureReferenceName><FeatureImageRank>2</FeatureImageRank><FeatureImageURL>http://www.p4c.philips.com/cgi-bin/dcbint/get?id=F400066642&amp;doctype=FIP&amp;alt=1</FeatureImageURL></FeatureImage><FeatureImage><FeatureCode>F400067665</FeatureCode><FeatureReferenceName>Flicker-free technology</FeatureReferenceName><FeatureImageRank>3</FeatureImageRank><FeatureImageURL>http://www.p4c.philips.com/cgi-bin/dcbint/get?id=F400067665&amp;doctype=FIP&amp;alt=1</FeatureImageURL></FeatureImage><FeatureImage><FeatureCode>F400035289</FeatureCode><FeatureReferenceName>M4 SmartImage</FeatureReferenceName><FeatureImageRank>4</FeatureImageRank><FeatureImageURL>http://www.p4c.philips.com/cgi-bin/dcbint/get?id=F400035289&amp;doctype=FIP&amp;alt=1</FeatureImageURL></FeatureImage><FeatureImage><FeatureCode>F400068330</FeatureCode><FeatureReferenceName>10-bit colors</FeatureReferenceName><FeatureImageRank>5</FeatureImageRank><FeatureImageURL>http://www.p4c.philips.com/cgi-bin/dcbint/get?id=F400068330&amp;doctype=FIP&amp;alt=1</FeatureImageURL></FeatureImage><FeatureImage><FeatureCode>F400064849</FeatureCode><FeatureReferenceName>SmartUniformity for consistent images</FeatureReferenceName><FeatureImageRank>6</FeatureImageRank><FeatureImageURL>http://www.p4c.philips.com/cgi-bin/dcbint/get?id=F400064849&amp;doctype=FIP&amp;alt=1</FeatureImageURL></FeatureImage><FeatureImage><FeatureCode>F400035325</FeatureCode><FeatureReferenceName>SmartErgoBase</FeatureReferenceName><FeatureImageRank>7</FeatureImageRank><FeatureImageURL>http://www.p4c.philips.com/cgi-bin/dcbint/get?id=F400035325&amp;doctype=FIP&amp;alt=1</FeatureImageURL></FeatureImage><FeatureImage><FeatureCode>F400066651</FeatureCode><FeatureReferenceName>USB 3.0 Hub for convenient access and fast charging</FeatureReferenceName><FeatureImageRank>8</FeatureImageRank><FeatureImageURL>http://www.p4c.philips.com/cgi-bin/dcbint/get?id=F400066651&amp;doctype=FIP&amp;alt=1</FeatureImageURL></FeatureImage><FeatureImage><FeatureCode>F400035281</FeatureCode><FeatureReferenceName>Built-in stereo speakers for multimedia</FeatureReferenceName><FeatureImageRank>9</FeatureImageRank><FeatureImageURL>http://www.p4c.philips.com/cgi-bin/dcbint/get?id=F400035281&amp;doctype=FIP&amp;alt=1</FeatureImageURL></FeatureImage><FeatureImage><FeatureCode>F400048347</FeatureCode><FeatureReferenceName>MultiView technology</FeatureReferenceName><FeatureImageRank>10</FeatureImageRank><FeatureImageURL>http://www.p4c.philips.com/cgi-bin/dcbint/get?id=F400048347&amp;doctype=FIP&amp;alt=1</FeatureImageURL></FeatureImage><FeatureImage><FeatureCode>F400069662</FeatureCode><FeatureReferenceName>SmartConnect with HDMI, MHL, DisplayPort, DVI, and VGA</FeatureReferenceName><FeatureImageRank>11</FeatureImageRank><FeatureImageURL>http://www.p4c.philips.com/cgi-bin/dcbint/get?id=F400069662&amp;doctype=FIP&amp;alt=1</FeatureImageURL></FeatureImage><FeatureHighlight><FeatureCode>F400048758</FeatureCode><FeatureHighlightRank>1</FeatureHighlightRank></FeatureHighlight><FeatureHighlight><FeatureCode>F400066642</FeatureCode><FeatureHighlightRank>2</FeatureHighlightRank></FeatureHighlight><FeatureHighlight><FeatureCode>F400067665</FeatureCode><FeatureHighlightRank>3</FeatureHighlightRank></FeatureHighlight><FeatureHighlight><FeatureCode>F400035289</FeatureCode><FeatureHighlightRank>4</FeatureHighlightRank></FeatureHighlight><FeatureHighlight><FeatureCode>F400068330</FeatureCode><FeatureHighlightRank>5</FeatureHighlightRank></FeatureHighlight><FeatureHighlight><FeatureCode>F400064849</FeatureCode><FeatureHighlightRank>6</FeatureHighlightRank></FeatureHighlight><FeatureHighlight><FeatureCode>F400035325</FeatureCode><FeatureHighlightRank>7</FeatureHighlightRank></FeatureHighlight><FeatureHighlight><FeatureCode>F400066651</FeatureCode><FeatureHighlightRank>8</FeatureHighlightRank></FeatureHighlight><FeatureHighlight><FeatureCode>F400035281</FeatureCode><FeatureHighlightRank>9</FeatureHighlightRank></FeatureHighlight><FeatureHighlight><FeatureCode>F400048347</FeatureCode><FeatureHighlightRank>10</FeatureHighlightRank></FeatureHighlight><FeatureHighlight><FeatureCode>F400069662</FeatureCode><FeatureHighlightRank>11</FeatureHighlightRank></FeatureHighlight><CSChapter><CSChapterCode>3000796</CSChapterCode><CSChapterName>Picture/Display</CSChapterName><CSChapterRank>1</CSChapterRank><CSItem><CSItemCode>3006169</CSItemCode><CSItemName>LCD panel type</CSItemName><CSItemRank>1</CSItemRank><CSValue><CSValueCode>VA4095423</CSValueCode><CSValueName>IPS technology</CSValueName><CSValueRank>1</CSValueRank></CSValue></CSItem><CSItem><CSItemCode>IT4007209</CSItemCode><CSItemName>Backlight type</CSItemName><CSItemRank>2</CSItemRank><CSValue><CSValueCode>VA4018797</CSValueCode><CSValueName>W-LED system</CSValueName><CSValueRank>1</CSValueRank></CSValue></CSItem><CSItem><CSItemCode>3006180</CSItemCode><CSItemName>Panel Size</CSItemName><CSItemRank>3</CSItemRank><CSValue><CSValueCode>3031218</CSValueCode><CSValueName>31.5 inch / 80.1 cm</CSValueName><CSValueRank>1</CSValueRank></CSValue></CSItem><CSItem><CSItemCode>IT4044130</CSItemCode><CSItemName>Display Screen Coating</CSItemName><CSItemRank>4</CSItemRank><CSValue><CSValueCode>VA4101537</CSValueCode><CSValueName>Anti-Glare, 3H, Haze 25%</CSValueName><CSValueRank>1</CSValueRank></CSValue></CSItem><CSItem><CSItemCode>3006149</CSItemCode><CSItemName>Effective viewing area</CSItemName><CSItemRank>5</CSItemRank><CSValue><CSValueCode>3031161</CSValueCode><CSValueName>698.11 (H) x 392.69 (V)</CSValueName><CSValueRank>1</CSValueRank></CSValue></CSItem><CSItem><CSItemCode>3006121</CSItemCode><CSItemName>Aspect ratio</CSItemName><CSItemRank>6</CSItemRank><CSValue><CSValueCode>3031098</CSValueCode><CSValueName>16:9</CSValueName><CSValueRank>1</CSValueRank></CSValue></CSItem><CSItem><CSItemCode>3006193</CSItemCode><CSItemName>Optimum resolution</CSItemName><CSItemRank>7</CSItemRank><CSValue><CSValueCode>3031277</CSValueCode><CSValueName>2560 x 1440 @ 60Hz</CSValueName><CSValueRank>1</CSValueRank></CSValue></CSItem><CSItem><CSItemCode>IT4039893</CSItemCode><CSItemName>Response time (typical)</CSItemName><CSItemRank>8</CSItemRank><CSValue><CSValueCode>VA4093235</CSValueCode><CSValueName>5 ms (Gray to Gray)*</CSValueName><CSValueRank>1</CSValueRank></CSValue></CSItem><CSItem><CSItemCode>3006127</CSItemCode><CSItemName>Brightness</CSItemName><CSItemRank>9</CSItemRank><CSValue><CSValueCode>3031110</CSValueCode><CSValueName>250</CSValueName><CSValueRank>1</CSValueRank></CSValue><UnitOfMeasure><UnitOfMeasureCode>3000038</UnitOfMeasureCode><UnitOfMeasureName>candela per square meter</UnitOfMeasureName><UnitOfMeasureSymbol>cd/m²</UnitOfMeasureSymbol></UnitOfMeasure></CSItem><CSItem><CSItemCode>3006133</CSItemCode><CSItemName>Contrast ratio (typical)</CSItemName><CSItemRank>10</CSItemRank><CSValue><CSValueCode>3031116</CSValueCode><CSValueName>1,200:1</CSValueName><CSValueRank>1</CSValueRank></CSValue></CSItem><CSItem><CSItemCode>IT4006148</CSItemCode><CSItemName>SmartContrast</CSItemName><CSItemRank>11</CSItemRank><CSValue><CSValueCode>VA4017351</CSValueCode><CSValueName>50,000,000 :1</CSValueName><CSValueRank>1</CSValueRank></CSValue></CSItem><CSItem><CSItemCode>3006186</CSItemCode><CSItemName>Pixel pitch</CSItemName><CSItemRank>12</CSItemRank><CSValue><CSValueCode>3031270</CSValueCode><CSValueName>0.2727 x 0.2727 mm</CSValueName><CSValueRank>1</CSValueRank></CSValue></CSItem><CSItem><CSItemCode>3007518</CSItemCode><CSItemName>Viewing angle</CSItemName><CSItemRank>13</CSItemRank><CSValue><CSValueCode>VA4002901</CSValueCode><CSValueName>178º (H) / 178º (V)</CSValueName><CSValueRank>1</CSValueRank></CSValue><CSValue><CSValueCode>3035028</CSValueCode><CSValueName>@ C/R &gt; 10</CSValueName><CSValueRank>2</CSValueRank></CSValue></CSItem><CSItem><CSItemCode>IT4036934</CSItemCode><CSItemName>Flicker-free</CSItemName><CSItemRank>14</CSItemRank><CSValue><CSValueCode>VA4085801</CSValueCode><CSValueName>Yes</CSValueName><CSValueRank>1</CSValueRank></CSValue></CSItem><CSItem><CSItemCode>3006183</CSItemCode><CSItemName>Picture enhancement</CSItemName><CSItemRank>15</CSItemRank><CSValue><CSValueCode>3049169</CSValueCode><CSValueName>SmartImage</CSValueName><CSValueRank>1</CSValueRank></CSValue></CSItem><CSItem><CSItemCode>3006143</CSItemCode><CSItemName>Display colors</CSItemName><CSItemRank>16</CSItemRank><CSValue><CSValueCode>3031126</CSValueCode><CSValueName>Color support 1.07 billion colors</CSValueName><CSValueRank>1</CSValueRank></CSValue></CSItem><CSItem><CSItemCode>IT4034031</CSItemCode><CSItemName>Color gamut (typical)</CSItemName><CSItemRank>17</CSItemRank><CSValue><CSValueCode>VA4079201</CSValueCode><CSValueName>NTSC 110%*, sRGB 128%*</CSValueName><CSValueRank>1</CSValueRank></CSValue></CSItem><CSItem><CSItemCode>IT4006149</CSItemCode><CSItemName>Scanning Frequency</CSItemName><CSItemRank>18</CSItemRank><CSValue><CSValueCode>VA4017352</CSValueCode><CSValueName>30 - 99 kHz (H) / 56 - 76 Hz (V)</CSValueName><CSValueRank>1</CSValueRank></CSValue></CSItem><CSItem><CSItemCode>IT4044021</CSItemCode><CSItemName>SmartUniformity</CSItemName><CSItemRank>19</CSItemRank><CSValue><CSValueCode>VA4101353</CSValueCode><CSValueName>93% ~ 105%</CSValueName><CSValueRank>1</CSValueRank></CSValue></CSItem><CSItem><CSItemCode>IT4036067</CSItemCode><CSItemName>Delta E</CSItemName><CSItemRank>20</CSItemRank><CSValue><CSValueCode>VA4083929</CSValueCode><CSValueName>&lt;= 2</CSValueName><CSValueRank>1</CSValueRank></CSValue></CSItem><CSItem><CSItemCode>3006207</CSItemCode><CSItemName>sRGB</CSItemName><CSItemRank>21</CSItemRank><CSValue><CSValueCode>3031306</CSValueCode><CSValueName>Yes</CSValueName><CSValueRank>1</CSValueRank></CSValue></CSItem></CSChapter><CSChapter><CSChapterCode>3000813</CSChapterCode><CSChapterName>Connectivity</CSChapterName><CSChapterRank>3</CSChapterRank><CSItem><CSItemCode>3006576</CSItemCode><CSItemName>Signal Input</CSItemName><CSItemRank>1</CSItemRank><CSValue><CSValueCode>3036216</CSValueCode><CSValueName>VGA (Analog )</CSValueName><CSValueRank>1</CSValueRank></CSValue><CSValue><CSValueCode>VA4055621</CSValueCode><CSValueName>DVI-Dual Link (digital, HDCP)</CSValueName><CSValueRank>2</CSValueRank></CSValue><CSValue><CSValueCode>VA4028301</CSValueCode><CSValueName>DisplayPort</CSValueName><CSValueRank>3</CSValueRank></CSValue><CSValue><CSValueCode>VA4087340</CSValueCode><CSValueName>HDMI (2.0) - MHL x 1</CSValueName><CSValueRank>4</CSValueRank></CSValue></CSItem><CSItem><CSItemCode>3006583</CSItemCode><CSItemName>USB</CSItemName><CSItemRank>2</CSItemRank><CSValue><CSValueCode>3045393</CSValueCode><CSValueName>USB 2.0 x 2</CSValueName><CSValueRank>1</CSValueRank></CSValue><CSValue><CSValueCode>VA4079202</CSValueCode><CSValueName>USB 3.0x2 (1 w/fast charging)*</CSValueName><CSValueRank>2</CSValueRank></CSValue></CSItem><CSItem><CSItemCode>3006588</CSItemCode><CSItemName>Sync Input</CSItemName><CSItemRank>3</CSItemRank><CSValue><CSValueCode>3032392</CSValueCode><CSValueName>Separate Sync</CSValueName><CSValueRank>1</CSValueRank></CSValue><CSValue><CSValueCode>3032393</CSValueCode><CSValueName>Sync on Green</CSValueName><CSValueRank>2</CSValueRank></CSValue></CSItem><CSItem><CSItemCode>IT4005621</CSItemCode><CSItemName>Audio (In/Out)</CSItemName><CSItemRank>4</CSItemRank><CSValue><CSValueCode>VA4025083</CSValueCode><CSValueName>PC audio-in</CSValueName><CSValueRank>1</CSValueRank></CSValue><CSValue><CSValueCode>VA4025085</CSValueCode><CSValueName>Headphone out</CSValueName><CSValueRank>2</CSValueRank></CSValue></CSItem></CSChapter><CSChapter><CSChapterCode>3000814</CSChapterCode><CSChapterName>Convenience</CSChapterName><CSChapterRank>4</CSChapterRank><CSItem><CSItemCode>IT4014853</CSItemCode><CSItemName>Built-in Speakers</CSItemName><CSItemRank>1</CSItemRank><CSValue><CSValueCode>VA4028064</CSValueCode><CSValueName>3 W x 2</CSValueName><CSValueRank>1</CSValueRank></CSValue></CSItem><CSItem><CSItemCode>IT4027495</CSItemCode><CSItemName>MultiView</CSItemName><CSItemRank>2</CSItemRank><CSValue><CSValueCode>VA4064597</CSValueCode><CSValueName>PIP/PBP mode</CSValueName><CSValueRank>1</CSValueRank></CSValue><CSValue><CSValueCode>VA4064598</CSValueCode><CSValueName>2x devices</CSValueName><CSValueRank>2</CSValueRank></CSValue></CSItem><CSItem><CSItemCode>3006633</CSItemCode><CSItemName>User convenience</CSItemName><CSItemRank>3</CSItemRank><CSValue><CSValueCode>VA4015428</CSValueCode><CSValueName>SmartImage</CSValueName><CSValueRank>1</CSValueRank></CSValue><CSValue><CSValueCode>VA4059903</CSValueCode><CSValueName>Multiview</CSValueName><CSValueRank>2</CSValueRank></CSValue><CSValue><CSValueCode>VA4063165</CSValueCode><CSValueName>User</CSValueName><CSValueRank>3</CSValueRank></CSValue><CSValue><CSValueCode>VA4017357</CSValueCode><CSValueName>Menu</CSValueName><CSValueRank>4</CSValueRank></CSValue><CSValue><CSValueCode>VA4017554</CSValueCode><CSValueName>Power On/Off</CSValueName><CSValueRank>5</CSValueRank></CSValue></CSItem><CSItem><CSItemCode>IT4019071</CSItemCode><CSItemName>Control software</CSItemName><CSItemRank>4</CSItemRank><CSValue><CSValueCode>VA4085179</CSValueCode><CSValueName>SmartControl</CSValueName><CSValueRank>1</CSValueRank></CSValue></CSItem><CSItem><CSItemCode>3006693</CSItemCode><CSItemName>OSD Languages</CSItemName><CSItemRank>5</CSItemRank><CSValue><CSValueCode>VA4065363</CSValueCode><CSValueName>Brazil Portuguese</CSValueName><CSValueRank>1</CSValueRank></CSValue><CSValue><CSValueCode>3034561</CSValueCode><CSValueName>Czech</CSValueName><CSValueRank>2</CSValueRank></CSValue><CSValue><CSValueCode>3034565</CSValueCode><CSValueName>Dutch</CSValueName><CSValueRank>3</CSValueRank></CSValue><CSValue><CSValueCode>3032771</CSValueCode><CSValueName>English</CSValueName><CSValueRank>4</CSValueRank></CSValue><CSValue><CSValueCode>VA4063224</CSValueCode><CSValueName>Finnish</CSValueName><CSValueRank>5</CSValueRank></CSValue><CSValue><CSValueCode>3032772</CSValueCode><CSValueName>French</CSValueName><CSValueRank>6</CSValueRank></CSValue><CSValue><CSValueCode>3032773</CSValueCode><CSValueName>German</CSValueName><CSValueRank>7</CSValueRank></CSValue><CSValue><CSValueCode>VA4002508</CSValueCode><CSValueName>Greek</CSValueName><CSValueRank>8</CSValueRank></CSValue><CSValue><CSValueCode>3034563</CSValueCode><CSValueName>Hungarian</CSValueName><CSValueRank>9</CSValueRank></CSValue><CSValue><CSValueCode>3032774</CSValueCode><CSValueName>Italian</CSValueName><CSValueRank>10</CSValueRank></CSValue><CSValue><CSValueCode>3038221</CSValueCode><CSValueName>Japanese</CSValueName><CSValueRank>11</CSValueRank></CSValue><CSValue><CSValueCode>3039946</CSValueCode><CSValueName>Korean</CSValueName><CSValueRank>12</CSValueRank></CSValue><CSValue><CSValueCode>3034564</CSValueCode><CSValueName>Polish</CSValueName><CSValueRank>13</CSValueRank></CSValue><CSValue><CSValueCode>3032775</CSValueCode><CSValueName>Portuguese</CSValueName><CSValueRank>14</CSValueRank></CSValue><CSValue><CSValueCode>3032776</CSValueCode><CSValueName>Russian</CSValueName><CSValueRank>15</CSValueRank></CSValue><CSValue><CSValueCode>3034114</CSValueCode><CSValueName>Simplified Chinese</CSValueName><CSValueRank>16</CSValueRank></CSValue><CSValue><CSValueCode>3032777</CSValueCode><CSValueName>Spanish</CSValueName><CSValueRank>17</CSValueRank></CSValue><CSValue><CSValueCode>3034562</CSValueCode><CSValueName>Swedish</CSValueName><CSValueRank>18</CSValueRank></CSValue><CSValue><CSValueCode>3034115</CSValueCode><CSValueName>Traditional Chinese</CSValueName><CSValueRank>19</CSValueRank></CSValue><CSValue><CSValueCode>3035749</CSValueCode><CSValueName>Turkish</CSValueName><CSValueRank>20</CSValueRank></CSValue><CSValue><CSValueCode>VA4065364</CSValueCode><CSValueName>Ukranian</CSValueName><CSValueRank>21</CSValueRank></CSValue></CSItem><CSItem><CSItemCode>3006694</CSItemCode><CSItemName>Other convenience</CSItemName><CSItemRank>6</CSItemRank><CSValue><CSValueCode>3032778</CSValueCode><CSValueName>Kensington lock</CSValueName><CSValueRank>1</CSValueRank></CSValue><CSValue><CSValueCode>VA4016754</CSValueCode><CSValueName>VESA mount (100x100mm)</CSValueName><CSValueRank>2</CSValueRank></CSValue></CSItem><CSItem><CSItemCode>3006699</CSItemCode><CSItemName>Plug &amp; Play Compatibility</CSItemName><CSItemRank>7</CSItemRank><CSValue><CSValueCode>3043209</CSValueCode><CSValueName>DDC/CI</CSValueName><CSValueRank>1</CSValueRank></CSValue><CSValue><CSValueCode>3046249</CSValueCode><CSValueName>Mac OS X</CSValueName><CSValueRank>2</CSValueRank></CSValue><CSValue><CSValueCode>3032788</CSValueCode><CSValueName>sRGB</CSValueName><CSValueRank>3</CSValueRank></CSValue><CSValue><CSValueCode>VA4091311</CSValueCode><CSValueName>Windows 10 / 8.1 / 8 / 7</CSValueName><CSValueRank>4</CSValueRank></CSValue></CSItem></CSChapter><CSChapter><CSChapterCode>CH4000824</CSChapterCode><CSChapterName>Stand</CSChapterName><CSChapterRank>5</CSChapterRank><CSItem><CSItemCode>IT4004951</CSItemCode><CSItemName>Height adjustment</CSItemName><CSItemRank>1</CSItemRank><CSValue><CSValueCode>VA4015656</CSValueCode><CSValueName>180</CSValueName><CSValueRank>1</CSValueRank></CSValue><UnitOfMeasure><UnitOfMeasureCode>3000058</UnitOfMeasureCode><UnitOfMeasureName>millimeter</UnitOfMeasureName><UnitOfMeasureSymbol>mm</UnitOfMeasureSymbol></UnitOfMeasure></CSItem><CSItem><CSItemCode>IT4004952</CSItemCode><CSItemName>Pivot</CSItemName><CSItemRank>2</CSItemRank><CSValue><CSValueCode>VA4015657</CSValueCode><CSValueName>90 degree</CSValueName><CSValueRank>1</CSValueRank></CSValue></CSItem><CSItem><CSItemCode>IT4004953</CSItemCode><CSItemName>Swivel</CSItemName><CSItemRank>3</CSItemRank><CSValue><CSValueCode>VA4015658</CSValueCode><CSValueName>-170/+170</CSValueName><CSValueRank>1</CSValueRank></CSValue><UnitOfMeasure><UnitOfMeasureCode>3000042</UnitOfMeasureCode><UnitOfMeasureName>degree</UnitOfMeasureName><UnitOfMeasureSymbol>degree</UnitOfMeasureSymbol></UnitOfMeasure></CSItem><CSItem><CSItemCode>IT4004954</CSItemCode><CSItemName>Tilt</CSItemName><CSItemRank>4</CSItemRank><CSValue><CSValueCode>VA4015659</CSValueCode><CSValueName>-5/20</CSValueName><CSValueRank>1</CSValueRank></CSValue><UnitOfMeasure><UnitOfMeasureCode>3000042</UnitOfMeasureCode><UnitOfMeasureName>degree</UnitOfMeasureName><UnitOfMeasureSymbol>degree</UnitOfMeasureSymbol></UnitOfMeasure></CSItem></CSChapter><CSChapter><CSChapterCode>3000821</CSChapterCode><CSChapterName>Power</CSChapterName><CSChapterRank>6</CSChapterRank><CSItem><CSItemCode>IT4006562</CSItemCode><CSItemName>ECO mode</CSItemName><CSItemRank>1</CSItemRank><CSValue><CSValueCode>VA4017986</CSValueCode><CSValueName>34.9 W (typ.)</CSValueName><CSValueRank>1</CSValueRank></CSValue></CSItem><CSItem><CSItemCode>IT4005861</CSItemCode><CSItemName>On mode</CSItemName><CSItemRank>2</CSItemRank><CSValue><CSValueCode>VA4017025</CSValueCode><CSValueName>37 W (EnergyStar 7.0 test method)</CSValueName><CSValueRank>1</CSValueRank></CSValue></CSItem><CSItem><CSItemCode>IT4006150</CSItemCode><CSItemName>Standby mode</CSItemName><CSItemRank>3</CSItemRank><CSValue><CSValueCode>VA4017360</CSValueCode><CSValueName>&lt; 0.5 W (typ.)</CSValueName><CSValueRank>1</CSValueRank></CSValue></CSItem><CSItem><CSItemCode>IT4006081</CSItemCode><CSItemName>Off mode</CSItemName><CSItemRank>4</CSItemRank><CSValue><CSValueCode>VA4017285</CSValueCode><CSValueName>Zero watts with Zero switch</CSValueName><CSValueRank>1</CSValueRank></CSValue></CSItem><CSItem><CSItemCode>3006931</CSItemCode><CSItemName>Power LED indicator</CSItemName><CSItemRank>5</CSItemRank><CSValue><CSValueCode>VA4015465</CSValueCode><CSValueName>Operation - White</CSValueName><CSValueRank>1</CSValueRank></CSValue><CSValue><CSValueCode>VA4017406</CSValueCode><CSValueName>Standby mode- White (blinking)</CSValueName><CSValueRank>2</CSValueRank></CSValue></CSItem><CSItem><CSItemCode>3006932</CSItemCode><CSItemName>Power supply</CSItemName><CSItemRank>6</CSItemRank><CSValue><CSValueCode>3033321</CSValueCode><CSValueName>Built-in</CSValueName><CSValueRank>1</CSValueRank></CSValue><CSValue><CSValueCode>VA4050622</CSValueCode><CSValueName>100-240VAC, 50-60Hz</CSValueName><CSValueRank>2</CSValueRank></CSValue></CSItem></CSChapter><CSChapter><CSChapterCode>3000820</CSChapterCode><CSChapterName>Dimensions</CSChapterName><CSChapterRank>7</CSChapterRank><CSItem><CSItemCode>IT4027351</CSItemCode><CSItemName>Product with stand(max height)</CSItemName><CSItemRank>1</CSItemRank><CSValue><CSValueCode>VA4064381</CSValueCode><CSValueName>742 x 657 x 270</CSValueName><CSValueRank>1</CSValueRank></CSValue><UnitOfMeasure><UnitOfMeasureCode>3000058</UnitOfMeasureCode><UnitOfMeasureName>millimeter</UnitOfMeasureName><UnitOfMeasureSymbol>mm</UnitOfMeasureSymbol></UnitOfMeasure></CSItem><CSItem><CSItemCode>IT4005765</CSItemCode><CSItemName>Product without stand (mm)</CSItemName><CSItemRank>2</CSItemRank><CSValue><CSValueCode>VA4016931</CSValueCode><CSValueName>742 x 438 x 63</CSValueName><CSValueRank>1</CSValueRank></CSValue><UnitOfMeasure><UnitOfMeasureCode>3000058</UnitOfMeasureCode><UnitOfMeasureName>millimeter</UnitOfMeasureName><UnitOfMeasureSymbol>mm</UnitOfMeasureSymbol></UnitOfMeasure></CSItem><CSItem><CSItemCode>IT4005766</CSItemCode><CSItemName>Packaging in mm (WxHxD)</CSItemName><CSItemRank>3</CSItemRank><CSValue><CSValueCode>VA4016932</CSValueCode><CSValueName>970 x 526 x 224</CSValueName><CSValueRank>1</CSValueRank></CSValue><UnitOfMeasure><UnitOfMeasureCode>3000058</UnitOfMeasureCode><UnitOfMeasureName>millimeter</UnitOfMeasureName><UnitOfMeasureSymbol>mm</UnitOfMeasureSymbol></UnitOfMeasure></CSItem></CSChapter><CSChapter><CSChapterCode>CH4000702</CSChapterCode><CSChapterName>Weight</CSChapterName><CSChapterRank>8</CSChapterRank><CSItem><CSItemCode>IT4005770</CSItemCode><CSItemName>Product with stand (kg)</CSItemName><CSItemRank>1</CSItemRank><CSValue><CSValueCode>VA4016936</CSValueCode><CSValueName>9.50</CSValueName><CSValueRank>1</CSValueRank></CSValue><UnitOfMeasure><UnitOfMeasureCode>3000049</UnitOfMeasureCode><UnitOfMeasureName>kilogram</UnitOfMeasureName><UnitOfMeasureSymbol>kg</UnitOfMeasureSymbol></UnitOfMeasure></CSItem><CSItem><CSItemCode>IT4005771</CSItemCode><CSItemName>Product without stand (kg)</CSItemName><CSItemRank>2</CSItemRank><CSValue><CSValueCode>VA4016937</CSValueCode><CSValueName>6.90</CSValueName><CSValueRank>1</CSValueRank></CSValue><UnitOfMeasure><UnitOfMeasureCode>3000049</UnitOfMeasureCode><UnitOfMeasureName>kilogram</UnitOfMeasureName><UnitOfMeasureSymbol>kg</UnitOfMeasureSymbol></UnitOfMeasure></CSItem><CSItem><CSItemCode>IT4005772</CSItemCode><CSItemName>Product with packaging (kg)</CSItemName><CSItemRank>3</CSItemRank><CSValue><CSValueCode>VA4016938</CSValueCode><CSValueName>13.41</CSValueName><CSValueRank>1</CSValueRank></CSValue><UnitOfMeasure><UnitOfMeasureCode>3000049</UnitOfMeasureCode><UnitOfMeasureName>kilogram</UnitOfMeasureName><UnitOfMeasureSymbol>kg</UnitOfMeasureSymbol></UnitOfMeasure></CSItem></CSChapter><CSChapter><CSChapterCode>CH4000823</CSChapterCode><CSChapterName>Operating conditions</CSChapterName><CSChapterRank>9</CSChapterRank><CSItem><CSItemCode>IT4004946</CSItemCode><CSItemName>Temperature range (operation)</CSItemName><CSItemRank>1</CSItemRank><CSValue><CSValueCode>VA4015651</CSValueCode><CSValueName>0°C to 40°C</CSValueName><CSValueRank>1</CSValueRank></CSValue><UnitOfMeasure><UnitOfMeasureCode>3000081</UnitOfMeasureCode><UnitOfMeasureName>degree Celsius</UnitOfMeasureName><UnitOfMeasureSymbol>°C</UnitOfMeasureSymbol></UnitOfMeasure></CSItem><CSItem><CSItemCode>IT4004947</CSItemCode><CSItemName>Temperature range (storage)</CSItemName><CSItemRank>2</CSItemRank><CSValue><CSValueCode>VA4015652</CSValueCode><CSValueName>-20°C to 60°C</CSValueName><CSValueRank>1</CSValueRank></CSValue><UnitOfMeasure><UnitOfMeasureCode>3000081</UnitOfMeasureCode><UnitOfMeasureName>degree Celsius</UnitOfMeasureName><UnitOfMeasureSymbol>°C</UnitOfMeasureSymbol></UnitOfMeasure></CSItem><CSItem><CSItemCode>IT4004948</CSItemCode><CSItemName>Relative humidity</CSItemName><CSItemRank>3</CSItemRank><CSValue><CSValueCode>VA4015653</CSValueCode><CSValueName>20%-80</CSValueName><CSValueRank>1</CSValueRank></CSValue><UnitOfMeasure><UnitOfMeasureCode>3000065</UnitOfMeasureCode><UnitOfMeasureName>percentage</UnitOfMeasureName><UnitOfMeasureSymbol>%</UnitOfMeasureSymbol></UnitOfMeasure></CSItem><CSItem><CSItemCode>IT4023612</CSItemCode><CSItemName>Altitude</CSItemName><CSItemRank>4</CSItemRank><CSValue><CSValueCode>VA4054761</CSValueCode><CSValueName>Operation: +12,000ft (3,658m), Non-operation: +40,000ft (12,192m)</CSValueName><CSValueRank>1</CSValueRank></CSValue></CSItem><CSItem><CSItemCode>IT4036063</CSItemCode><CSItemName>MTBF (demonstrated)</CSItemName><CSItemRank>5</CSItemRank><CSValue><CSValueCode>VA4083919</CSValueCode><CSValueName>70,000 hrs (excluded backlight)</CSValueName><CSValueRank>1</CSValueRank></CSValue></CSItem></CSChapter><CSChapter><CSChapterCode>CH4000822</CSChapterCode><CSChapterName>Sustainability</CSChapterName><CSChapterRank>10</CSChapterRank><CSItem><CSItemCode>IT4004941</CSItemCode><CSItemName>Environmental and energy</CSItemName><CSItemRank>1</CSItemRank><CSValue><CSValueCode>VA4094404</CSValueCode><CSValueName>EnergyStar 7.0</CSValueName><CSValueRank>1</CSValueRank></CSValue><CSValue><CSValueCode>VA4060101</CSValueCode><CSValueName>EPEAT Gold*</CSValueName><CSValueRank>2</CSValueRank></CSValue><CSValue><CSValueCode>VA4015645</CSValueCode><CSValueName>RoHS</CSValueName><CSValueRank>3</CSValueRank></CSValue><CSValue><CSValueCode>VA4017527</CSValueCode><CSValueName>WEEE</CSValueName><CSValueRank>4</CSValueRank></CSValue></CSItem><CSItem><CSItemCode>IT4004944</CSItemCode><CSItemName>Recyclable packaging material</CSItemName><CSItemRank>2</CSItemRank><CSValue><CSValueCode>VA4015649</CSValueCode><CSValueName>100</CSValueName><CSValueRank>1</CSValueRank></CSValue><UnitOfMeasure><UnitOfMeasureCode>3000065</UnitOfMeasureCode><UnitOfMeasureName>percentage</UnitOfMeasureName><UnitOfMeasureSymbol>%</UnitOfMeasureSymbol></UnitOfMeasure></CSItem><CSItem><CSItemCode>IT4019073</CSItemCode><CSItemName>Post consumer recycled plastic</CSItemName><CSItemRank>3</CSItemRank><CSValue><CSValueCode>VA4093453</CSValueCode><CSValueName>85%</CSValueName><CSValueRank>1</CSValueRank></CSValue></CSItem><CSItem><CSItemCode>IT4018633</CSItemCode><CSItemName>Specific Substances</CSItemName><CSItemRank>4</CSItemRank><CSValue><CSValueCode>VA4039543</CSValueCode><CSValueName>PVC / BFR free housing</CSValueName><CSValueRank>1</CSValueRank></CSValue><CSValue><CSValueCode>VA4042544</CSValueCode><CSValueName>Mercury free</CSValueName><CSValueRank>2</CSValueRank></CSValue><CSValue><CSValueCode>VA4042543</CSValueCode><CSValueName>Lead free</CSValueName><CSValueRank>3</CSValueRank></CSValue></CSItem></CSChapter><CSChapter><CSChapterCode>CH4001161</CSChapterCode><CSChapterName>Compliance and standards</CSChapterName><CSChapterRank>11</CSChapterRank><CSItem><CSItemCode>IT4006152</CSItemCode><CSItemName>Regulatory Approvals</CSItemName><CSItemRank>1</CSItemRank><CSValue><CSValueCode>VA4017361</CSValueCode><CSValueName>CE Mark</CSValueName><CSValueRank>1</CSValueRank></CSValue><CSValue><CSValueCode>VA4027482</CSValueCode><CSValueName>FCC Class B</CSValueName><CSValueRank>2</CSValueRank></CSValue><CSValue><CSValueCode>VA4017365</CSValueCode><CSValueName>SEMKO</CSValueName><CSValueRank>3</CSValueRank></CSValue><CSValue><CSValueCode>VA4064941</CSValueCode><CSValueName>cETLus</CSValueName><CSValueRank>4</CSValueRank></CSValue><CSValue><CSValueCode>VA4083906</CSValueCode><CSValueName>CU-EAC</CSValueName><CSValueRank>5</CSValueRank></CSValue><CSValue><CSValueCode>VA4033549</CSValueCode><CSValueName>PSB</CSValueName><CSValueRank>6</CSValueRank></CSValue><CSValue><CSValueCode>VA4017548</CSValueCode><CSValueName>CECP</CSValueName><CSValueRank>7</CSValueRank></CSValue><CSValue><CSValueCode>VA4054941</CSValueCode><CSValueName>EPA</CSValueName><CSValueRank>8</CSValueRank></CSValue><CSValue><CSValueCode>VA4069742</CSValueCode><CSValueName>GS</CSValueName><CSValueRank>9</CSValueRank></CSValue><CSValue><CSValueCode>VA4017369</CSValueCode><CSValueName>TUV Ergo</CSValueName><CSValueRank>10</CSValueRank></CSValue><CSValue><CSValueCode>VA4017368</CSValueCode><CSValueName>TUV/GS</CSValueName><CSValueRank>11</CSValueRank></CSValue><CSValue><CSValueCode>VA4050621</CSValueCode><CSValueName>TUV/ISO9241-307</CSValueName><CSValueRank>12</CSValueRank></CSValue></CSItem></CSChapter><CSChapter><CSChapterCode>CH4000825</CSChapterCode><CSChapterName>Cabinet</CSChapterName><CSChapterRank>12</CSChapterRank><CSItem><CSItemCode>IT4019074</CSItemCode><CSItemName>Front bezel</CSItemName><CSItemRank>1</CSItemRank><CSValue><CSValueCode>VA4042547</CSValueCode><CSValueName>Black</CSValueName><CSValueRank>1</CSValueRank></CSValue></CSItem><CSItem><CSItemCode>IT4019075</CSItemCode><CSItemName>Rear cover</CSItemName><CSItemRank>2</CSItemRank><CSValue><CSValueCode>VA4042548</CSValueCode><CSValueName>Black</CSValueName><CSValueRank>1</CSValueRank></CSValue></CSItem><CSItem><CSItemCode>IT4019076</CSItemCode><CSItemName>Foot</CSItemName><CSItemRank>3</CSItemRank><CSValue><CSValueCode>VA4042549</CSValueCode><CSValueName>Black</CSValueName><CSValueRank>1</CSValueRank></CSValue></CSItem><CSItem><CSItemCode>IT4004956</CSItemCode><CSItemName>Finish</CSItemName><CSItemRank>4</CSItemRank><CSValue><CSValueCode>VA4015661</CSValueCode><CSValueName>Texture</CSValueName><CSValueRank>1</CSValueRank></CSValue></CSItem></CSChapter><CSChapter><CSChapterCode>CH4008581</CSChapterCode><CSChapterName>What's in the box?</CSChapterName><CSChapterRank>14</CSChapterRank><CSItem><CSItemCode>IT4040999</CSItemCode><CSItemName>Monitor with stand</CSItemName><CSItemRank>1</CSItemRank><CSValue><CSValueCode>VA4095569</CSValueCode><CSValueName>Yes</CSValueName><CSValueRank>1</CSValueRank></CSValue></CSItem><CSItem><CSItemCode>IT4041000</CSItemCode><CSItemName>Cables</CSItemName><CSItemRank>2</CSItemRank><CSValue><CSValueCode>VA4095570</CSValueCode><CSValueName>D-Sub cable, Dual-link DVI-D cable, DP cable, HDMI cable, Audio cable, Power cable</CSValueName><CSValueRank>1</CSValueRank></CSValue></CSItem><CSItem><CSItemCode>IT4041030</CSItemCode><CSItemName>User Documentation</CSItemName><CSItemRank>3</CSItemRank><CSValue><CSValueCode>VA4095604</CSValueCode><CSValueName>Yes</CSValueName><CSValueRank>1</CSValueRank></CSValue></CSItem></CSChapter><Disclaimer><DisclaimerCode>DIS40004161</DisclaimerCode><DisclaimerName>EPEAT Gold or Silver is valid only where Philips registers the product. Please visit www.epeat.net for registration status in your country.</DisclaimerName></Disclaimer><Disclaimer><DisclaimerCode>DIS40009251</DisclaimerCode><DisclaimerName>Fast charging complies with USB BC 1.2 standard</DisclaimerName></Disclaimer><Disclaimer><DisclaimerCode>DIS40009731</DisclaimerCode><DisclaimerName>Response time value equal to SmartResponse</DisclaimerName></Disclaimer><Disclaimer><DisclaimerCode>DIS40011928</DisclaimerCode><DisclaimerName>The monitor may look different from feature images.</DisclaimerName></Disclaimer><Disclaimer><DisclaimerCode>DIS40011416</DisclaimerCode><DisclaimerName>NTSC Area based on CIE1976</DisclaimerName></Disclaimer><Disclaimer><DisclaimerCode>DIS40011417</DisclaimerCode><DisclaimerName>sRGB Area based on CIE 1931</DisclaimerName></Disclaimer><MarketingVersion>1.0.1</MarketingVersion><MarketingStatus>Final Published</MarketingStatus><GTIN>8712581751432</GTIN><Code12NC>867000152724</Code12NC></Product></Products>