<?xml version="1.0" encoding="UTF-8"?><Products xmlns:source="http://apache.org/cocoon/source/1.0"><Product Brand="PHI" Division="CE" EndOfPublication="2050-06-15T00:00:00" IsAccessory="false" IsMaster="true" StartOfPublication="2017-06-15T00:00:00" lastModified="2018-06-07T00:43:33" masterLastModified="2018-06-07T00:39:56"><CTN>12972LLECOB1</CTN><DTN>12972LLECOB1</DTN><Categorization><GroupCode>AUTOMOTIVE_GR</GroupCode><GroupName>Automotive</GroupName><CategoryCode>CAR_LIGHTS_CA</CategoryCode><CategoryName>Car lights</CategoryName><SubcategoryCode>CAR_HEADLIGHTS_SU</SubcategoryCode><SubcategoryName>Headlights</SubcategoryName></Categorization><ProductImage><ProductImageFTLURL>http://www.p4c.philips.com/cgi-bin/dcbint/get?id=12972LLECOB1&amp;doctype=FTP&amp;alt=1</ProductImageFTLURL><ProductImageEBURL>http://www.p4c.philips.com/cgi-bin/dcbint/get?id=12972LLECOB1&amp;doctype=BPP&amp;alt=1</ProductImageEBURL></ProductImage><Assets><Asset Description="Leaflet" Type="PSS">http://download.p4c.philips.com/files/1/12972llecob1/12972llecob1_pss_rusru.pdf</Asset><Asset Description="Leaflet" Type="PSS">http://download.p4c.philips.com/files/1/12972llecob1/12972llecob1_pss_.pdf</Asset><Asset Description="Standard product photograph - highres 2196x1795" Type="RTP">http://images.philips.com/is/image/PhilipsConsumer/12972LLECOB1-RTP-global-001</Asset></Assets><FullProductName>Philips LongLife EcoVision car headlight bulb 12972LLECOB1 Type of lamp: H7 Pack of: 1 12 V,55 W</FullProductName><ProductName>Type of lamp: H7 Pack of: 1 car headlight bulb</ProductName><NamingString><MasterBrand><BrandCode>PHI</BrandCode><BrandName>Philips</BrandName></MasterBrand><BrandString>Philips</BrandString><Concept><ConceptCode>SB40004945</ConceptCode><ConceptName>LongLife EcoVision</ConceptName><ConceptLogoURL>http://www.p4c.philips.com/cgi-bin/dcbint/get?id=SB40004945&amp;doctype=CLL&amp;alt=1</ConceptLogoURL><ConceptNameUsed>1</ConceptNameUsed><IsFamily>1</IsFamily></Concept><Descriptor><DescriptorCode>D4021102</DescriptorCode><DescriptorName>car headlight bulb</DescriptorName></Descriptor><Alphanumeric>12972LLECOB1</Alphanumeric><VersionElement1><VersionElementCode>V4043973</VersionElementCode><VersionElementName>Type of lamp: H7</VersionElementName></VersionElement1><VersionElement2><VersionElementCode>V4043913</VersionElementCode><VersionElementName>Pack of: 1</VersionElementName></VersionElement2><VersionElement3><VersionElementCode>V4043920</VersionElementCode><VersionElementName>12 V,55 W</VersionElementName></VersionElement3><VersionString>Type of lamp: H7 Pack of: 1 12 V,55 W</VersionString><BrandedFeatureString/><DescriptorBrandedFeatureString>car headlight bulb</DescriptorBrandedFeatureString></NamingString><WOW>Drive with care</WOW><SubWOW>Higher lifetime, less replacement</SubWOW><MarketingTextHeader>Tired of changing your headlight bulbs all the time? With higher lifetime of a car bulb, Philips LongLife EcoVision is the choice for drivers seeking to minimise maintenance on their vehicles.</MarketingTextHeader><MarketingTextBody/><SupraFeature/><KeyBenefitArea><KeyBenefitAreaCode>K4021616</KeyBenefitAreaCode><KeyBenefitAreaName>Lasts significantly longer than a standard lamp</KeyBenefitAreaName><KeyBenefitAreaRank>1</KeyBenefitAreaRank><Feature><FeatureCode>F400058690</FeatureCode><FeatureName>Change by pairs</FeatureName><FeatureLongDescription>Change both your headlamps at once for more safety</FeatureLongDescription><FeatureGlossary>Highly recommended to change them by pairs for symetric light performance</FeatureGlossary><FeatureRank>4</FeatureRank><FeatureTopRank>1</FeatureTopRank></Feature><Feature><FeatureCode>F400058687</FeatureCode><FeatureName>Designed for multiple usage</FeatureName><FeatureLongDescription>Wide range of 12V lamps to meet all functions</FeatureLongDescription><FeatureGlossary>Which 12V lamp for which function ? Philips Automotive offering includes all car specific functions : high beam, Low beal, front fog , front indicator, side indicator, rear indicator, stop light, reversing light, rear fog light, license plate lights, rear position/parking light, interior lights.</FeatureGlossary><FeatureRank>3</FeatureRank><FeatureTopRank>2</FeatureTopRank></Feature><Feature><FeatureCode>F400087764</FeatureCode><FeatureName>Designed for multiple usage</FeatureName><FeatureLongDescription>Extra lifetime</FeatureLongDescription><FeatureGlossary>With Philips LongLife EcoVision drivers don’t have to worry about changing a headlamp for up to 1500 hours.</FeatureGlossary><FeatureRank>5</FeatureRank><FeatureTopRank>3</FeatureTopRank></Feature><Feature><FeatureCode>F400058853</FeatureCode><FeatureName>Reduced maintenance</FeatureName><FeatureLongDescription>High quality filament design to minimize maintenance</FeatureLongDescription><FeatureGlossary>With Philips LongLifeEcoVision you need significantly fewer lamp replacements. This makes them the ideal lamp for high voltage cars.</FeatureGlossary><FeatureRank>1</FeatureRank><FeatureTopRank>6</FeatureTopRank></Feature><Feature><FeatureCode>F400058855</FeatureCode><FeatureName>Reduce waste, drive greener</FeatureName><FeatureLongDescription>Less waste thanks to fewer replacement</FeatureLongDescription><FeatureGlossary>It is the right choice for drivers looking for an environmentally friendly lighting solution.</FeatureGlossary><FeatureRank>2</FeatureRank><FeatureTopRank>10</FeatureTopRank></Feature></KeyBenefitArea><KeyBenefitArea><KeyBenefitAreaCode>K4025436</KeyBenefitAreaCode><KeyBenefitAreaName>Original Equipment manufacturer</KeyBenefitAreaName><KeyBenefitAreaRank>2</KeyBenefitAreaRank><Feature><FeatureCode>F400058693</FeatureCode><FeatureName>ECE homlogation</FeatureName><FeatureLongDescription>Respecting high quality standards of the ECE homlogation</FeatureLongDescription><FeatureGlossary>Philips automotive products and services are considered best-in-class in the Original Equipment Manufacturer market and the aftermarket. Manufactured from high quality products and tested to the highest specifications, our products are designed to maximize the safety and comfort of our customers’ driving experience. Our entire product range is thoroughly tested, controlled and certified (ISO 9001, ISO 14001 and QSO 9000) to the highest ECE requirements. Put simply, this is quality you can trust.</FeatureGlossary><FeatureRank>3</FeatureRank><FeatureTopRank>4</FeatureTopRank></Feature><Feature><FeatureCode>F400058692</FeatureCode><FeatureName>Rewarded Car lamps</FeatureName><FeatureLongDescription>Award winning car lamp manufacturer</FeatureLongDescription><FeatureGlossary>Our lamps are often rewarded by automotive experts</FeatureGlossary><FeatureRank>2</FeatureRank><FeatureTopRank>8</FeatureTopRank></Feature><Feature><FeatureCode>F400082727</FeatureCode><FeatureName>Car manufacturers' choice</FeatureName><FeatureLongDescription>Philips are the choice of major car manufacturers.</FeatureLongDescription><FeatureGlossary>For 100 years, Philips has been at the forefront of the automotive lighting industry, introducing technological innovations that have become standard on modern automobiles. Today, one in two cars in Europe and one in three worldwide is equipped with Philips lighting.</FeatureGlossary><FeatureRank>1</FeatureRank><FeatureTopRank>11</FeatureTopRank></Feature></KeyBenefitArea><KeyBenefitArea><KeyBenefitAreaCode>K4025539</KeyBenefitAreaCode><KeyBenefitAreaName>Very high quality and ultra resistant car lamp</KeyBenefitAreaName><KeyBenefitAreaRank>3</KeyBenefitAreaRank><Feature><FeatureCode>F400058694</FeatureCode><FeatureName>High quality quartz glass</FeatureName><FeatureLongDescription>Philips car lamps are made of high-quality quartz glass</FeatureLongDescription><FeatureGlossary>UV-Quartz glass is stronger than hard glass and highly resistant to temperature extremes and vibrations, which eliminates the risk of explosion. Philips quartz-glass lamps (filament 2 650º C and glass 800º C) are able to withstand severe thermal shock. With the capability of increased pressure inside the lamp, UV-quartz glass is able to produce a more powerful light</FeatureGlossary><FeatureRank>1</FeatureRank><FeatureTopRank>5</FeatureTopRank></Feature><Feature><FeatureCode>F400058695</FeatureCode><FeatureName>Resistance against humidity</FeatureName><FeatureLongDescription>Philips car lamps are highly resistant against humidity</FeatureLongDescription><FeatureGlossary>Only a burning bulb made of quartz glass (filament 2650°c, glass 800°c) can resist thermal shocks : if a drop of cold water touches the hot bulb, which can happen when you drive through water with a broken headlight unit.</FeatureGlossary><FeatureRank>2</FeatureRank><FeatureTopRank>7</FeatureTopRank></Feature><Feature><FeatureCode>F400058696</FeatureCode><FeatureName>UV Resistant</FeatureName><FeatureLongDescription>Philips car lamps are highly UV resistant</FeatureLongDescription><FeatureGlossary>Philips special anti-UV coating technology protects the headlights against harmful ultraviolet radiation, making Philips UV-coated quartz glass perfect for all driving conditions and ensures their longevity</FeatureGlossary><FeatureRank>4</FeatureRank><FeatureTopRank>9</FeatureTopRank></Feature><Feature><FeatureCode>F400082728</FeatureCode><FeatureName>ECE homologation</FeatureName><FeatureLongDescription>Comply with the high quality standards of ECE homologation</FeatureLongDescription><FeatureGlossary>Philips Automotive is dedicated to producing best-in-class products and services in the Original Equipment Manufacturer market as well as in the aftermarket. Our products are manufactured from high-quality materials and tested to the highest specifications to maximise the safety and driving comfort of our customers. Our entire production is meticulously tested, controlled and certified (ISO 9001, ISO 14001 and QSO 9000) to the highest ECE requirements.</FeatureGlossary><FeatureRank>3</FeatureRank><FeatureTopRank>12</FeatureTopRank></Feature></KeyBenefitArea><FeatureImage><FeatureCode>F400058690</FeatureCode><FeatureReferenceName>Change by pairs</FeatureReferenceName><FeatureImageRank>1</FeatureImageRank><FeatureImageURL>http://www.p4c.philips.com/cgi-bin/dcbint/get?id=F400058690&amp;doctype=FIP&amp;alt=1</FeatureImageURL></FeatureImage><FeatureImage><FeatureCode>F400058687</FeatureCode><FeatureReferenceName>Designed for multiple usage</FeatureReferenceName><FeatureImageRank>2</FeatureImageRank><FeatureImageURL>http://www.p4c.philips.com/cgi-bin/dcbint/get?id=F400058687&amp;doctype=FIP&amp;alt=1</FeatureImageURL></FeatureImage><FeatureImage><FeatureCode>F400087764</FeatureCode><FeatureReferenceName>Drive Several times longer-12972LLE</FeatureReferenceName><FeatureImageRank>3</FeatureImageRank><FeatureImageURL>http://www.p4c.philips.com/cgi-bin/dcbint/get?id=F400087764&amp;doctype=FIP&amp;alt=1</FeatureImageURL></FeatureImage><FeatureImage><FeatureCode>F400058693</FeatureCode><FeatureReferenceName>ECE homlogation</FeatureReferenceName><FeatureImageRank>4</FeatureImageRank><FeatureImageURL>http://www.p4c.philips.com/cgi-bin/dcbint/get?id=F400058693&amp;doctype=FIP&amp;alt=1</FeatureImageURL></FeatureImage><FeatureImage><FeatureCode>F400058694</FeatureCode><FeatureReferenceName>High quality quartz glass</FeatureReferenceName><FeatureImageRank>5</FeatureImageRank><FeatureImageURL>http://www.p4c.philips.com/cgi-bin/dcbint/get?id=F400058694&amp;doctype=FIP&amp;alt=1</FeatureImageURL></FeatureImage><FeatureImage><FeatureCode>F400058853</FeatureCode><FeatureReferenceName>Reduced maintenance</FeatureReferenceName><FeatureImageRank>6</FeatureImageRank><FeatureImageURL>http://www.p4c.philips.com/cgi-bin/dcbint/get?id=F400058853&amp;doctype=FIP&amp;alt=1</FeatureImageURL></FeatureImage><FeatureImage><FeatureCode>F400058695</FeatureCode><FeatureReferenceName>Resistance against humidity</FeatureReferenceName><FeatureImageRank>7</FeatureImageRank><FeatureImageURL>http://www.p4c.philips.com/cgi-bin/dcbint/get?id=F400058695&amp;doctype=FIP&amp;alt=1</FeatureImageURL></FeatureImage><FeatureImage><FeatureCode>F400058692</FeatureCode><FeatureReferenceName>Rewarded Car lamps</FeatureReferenceName><FeatureImageRank>8</FeatureImageRank><FeatureImageURL>http://www.p4c.philips.com/cgi-bin/dcbint/get?id=F400058692&amp;doctype=FIP&amp;alt=1</FeatureImageURL></FeatureImage><FeatureImage><FeatureCode>F400058696</FeatureCode><FeatureReferenceName>UV Resistant</FeatureReferenceName><FeatureImageRank>9</FeatureImageRank><FeatureImageURL>http://www.p4c.philips.com/cgi-bin/dcbint/get?id=F400058696&amp;doctype=FIP&amp;alt=1</FeatureImageURL></FeatureImage><FeatureImage><FeatureCode>F400058855</FeatureCode><FeatureReferenceName>Reduce waste, drive greener</FeatureReferenceName><FeatureImageRank>10</FeatureImageRank><FeatureImageURL>http://www.p4c.philips.com/cgi-bin/dcbint/get?id=F400058855&amp;doctype=FIP&amp;alt=1</FeatureImageURL></FeatureImage><FeatureImage><FeatureCode>F400082727</FeatureCode><FeatureReferenceName>Car manufacturers' choice-are the</FeatureReferenceName><FeatureImageRank>11</FeatureImageRank><FeatureImageURL>http://www.p4c.philips.com/cgi-bin/dcbint/get?id=F400082727&amp;doctype=FIP&amp;alt=1</FeatureImageURL></FeatureImage><FeatureImage><FeatureCode>F400082728</FeatureCode><FeatureReferenceName>ECE homologation-Comply</FeatureReferenceName><FeatureImageRank>12</FeatureImageRank><FeatureImageURL>http://www.p4c.philips.com/cgi-bin/dcbint/get?id=F400082728&amp;doctype=FIP&amp;alt=1</FeatureImageURL></FeatureImage><FeatureHighlight><FeatureCode>F400058690</FeatureCode><FeatureHighlightRank>1</FeatureHighlightRank></FeatureHighlight><FeatureHighlight><FeatureCode>F400058687</FeatureCode><FeatureHighlightRank>2</FeatureHighlightRank></FeatureHighlight><FeatureHighlight><FeatureCode>F400087764</FeatureCode><FeatureHighlightRank>3</FeatureHighlightRank></FeatureHighlight><FeatureHighlight><FeatureCode>F400058693</FeatureCode><FeatureHighlightRank>4</FeatureHighlightRank></FeatureHighlight><FeatureHighlight><FeatureCode>F400058694</FeatureCode><FeatureHighlightRank>5</FeatureHighlightRank></FeatureHighlight><FeatureHighlight><FeatureCode>F400058853</FeatureCode><FeatureHighlightRank>6</FeatureHighlightRank></FeatureHighlight><FeatureHighlight><FeatureCode>F400058695</FeatureCode><FeatureHighlightRank>7</FeatureHighlightRank></FeatureHighlight><FeatureHighlight><FeatureCode>F400058692</FeatureCode><FeatureHighlightRank>8</FeatureHighlightRank></FeatureHighlight><FeatureHighlight><FeatureCode>F400058696</FeatureCode><FeatureHighlightRank>9</FeatureHighlightRank></FeatureHighlight><FeatureHighlight><FeatureCode>F400058855</FeatureCode><FeatureHighlightRank>10</FeatureHighlightRank></FeatureHighlight><FeatureHighlight><FeatureCode>F400082727</FeatureCode><FeatureHighlightRank>11</FeatureHighlightRank></FeatureHighlight><FeatureHighlight><FeatureCode>F400082728</FeatureCode><FeatureHighlightRank>12</FeatureHighlightRank></FeatureHighlight><CSChapter><CSChapterCode>3001177</CSChapterCode><CSChapterName>Packaging Data</CSChapterName><CSChapterRank>1</CSChapterRank><CSItem><CSItemCode>IT4035591</CSItemCode><CSItemName>EAN3</CSItemName><CSItemRank>1</CSItemRank><CSValue><CSValueCode>VA4082924</CSValueCode><CSValueName>8727900362015</CSValueName><CSValueRank>1</CSValueRank></CSValue></CSItem><CSItem><CSItemCode>IT4035590</CSItemCode><CSItemName>EAN1</CSItemName><CSItemRank>2</CSItemRank><CSValue><CSValueCode>VA4082922</CSValueCode><CSValueName>8727900362008</CSValueName><CSValueRank>1</CSValueRank></CSValue></CSItem><CSItem><CSItemCode>IT4000721</CSItemCode><CSItemName>Packaging type</CSItemName><CSItemRank>3</CSItemRank><CSValue><CSValueCode>VA4072968</CSValueCode><CSValueName>B1</CSValueName><CSValueRank>9</CSValueRank></CSValue></CSItem></CSChapter><CSChapter><CSChapterCode>CH4006521</CSChapterCode><CSChapterName>Electrical characteristics</CSChapterName><CSChapterRank>2</CSChapterRank><CSItem><CSItemCode>IT4031552</CSItemCode><CSItemName>Voltage</CSItemName><CSItemRank>1</CSItemRank><CSValue><CSValueCode>VA4073723</CSValueCode><CSValueName>12</CSValueName><CSValueRank>3</CSValueRank></CSValue><UnitOfMeasure><UnitOfMeasureCode>3000071</UnitOfMeasureCode><UnitOfMeasureName>volt</UnitOfMeasureName><UnitOfMeasureSymbol>V</UnitOfMeasureSymbol></UnitOfMeasure></CSItem><CSItem><CSItemCode>IT4031551</CSItemCode><CSItemName>Wattage</CSItemName><CSItemRank>2</CSItemRank><CSValue><CSValueCode>VA4073721</CSValueCode><CSValueName>55</CSValueName><CSValueRank>2</CSValueRank></CSValue><UnitOfMeasure><UnitOfMeasureCode>3000072</UnitOfMeasureCode><UnitOfMeasureName>watt</UnitOfMeasureName><UnitOfMeasureSymbol>W</UnitOfMeasureSymbol></UnitOfMeasure></CSItem></CSChapter><CSChapter><CSChapterCode>CH4006483</CSChapterCode><CSChapterName>Lifetime</CSChapterName><CSChapterRank>3</CSChapterRank><CSItem><CSItemCode>IT4031525</CSItemCode><CSItemName>Life time</CSItemName><CSItemRank>1</CSItemRank><CSValue><CSValueCode>VA4103491</CSValueCode><CSValueName>Up to 1500h</CSValueName><CSValueRank>26</CSValueRank></CSValue></CSItem></CSChapter><CSChapter><CSChapterCode>CH4005203</CSChapterCode><CSChapterName>Light characteristics</CSChapterName><CSChapterRank>4</CSChapterRank><CSItem><CSItemCode>IT4031553</CSItemCode><CSItemName>Lumens</CSItemName><CSItemRank>1</CSItemRank><CSValue><CSValueCode>VA4073743</CSValueCode><CSValueName>1500 ±10%</CSValueName><CSValueRank>13</CSValueRank></CSValue><UnitOfMeasure><UnitOfMeasureCode>3000051</UnitOfMeasureCode><UnitOfMeasureName>lumen</UnitOfMeasureName><UnitOfMeasureSymbol>lm</UnitOfMeasureSymbol></UnitOfMeasure></CSItem></CSChapter><CSChapter><CSChapterCode>CH4006484</CSChapterCode><CSChapterName>Ordering information</CSChapterName><CSChapterRank>5</CSChapterRank><CSItem><CSItemCode>IT4031526</CSItemCode><CSItemName>Order entry</CSItemName><CSItemRank>1</CSItemRank><CSValue><CSValueCode>VA4072390</CSValueCode><CSValueName>12972LLECOB1</CSValueName><CSValueRank>28</CSValueRank></CSValue></CSItem><CSItem><CSItemCode>IT4031527</CSItemCode><CSItemName>Ordering code</CSItemName><CSItemRank>2</CSItemRank><CSValue><CSValueCode>VA4072713</CSValueCode><CSValueName>36200830</CSValueName><CSValueRank>29</CSValueRank></CSValue></CSItem></CSChapter><CSChapter><CSChapterCode>CH4006541</CSChapterCode><CSChapterName>Outerpack information</CSChapterName><CSChapterRank>6</CSChapterRank><CSItem><CSItemCode>IT4031577</CSItemCode><CSItemName>Gross weight per piece</CSItemName><CSItemRank>1</CSItemRank><CSValue><CSValueCode>VA4074258</CSValueCode><CSValueName>0.35</CSValueName><CSValueRank>16</CSValueRank></CSValue><UnitOfMeasure><UnitOfMeasureCode>3000049</UnitOfMeasureCode><UnitOfMeasureName>kilogram</UnitOfMeasureName><UnitOfMeasureSymbol>kg</UnitOfMeasureSymbol></UnitOfMeasure></CSItem><CSItem><CSItemCode>IT4031576</CSItemCode><CSItemName>Height</CSItemName><CSItemRank>2</CSItemRank><CSValue><CSValueCode>VA4074196</CSValueCode><CSValueName>14.1</CSValueName><CSValueRank>15</CSValueRank></CSValue><UnitOfMeasure><UnitOfMeasureCode>3000039</UnitOfMeasureCode><UnitOfMeasureName>centimeter</UnitOfMeasureName><UnitOfMeasureSymbol>cm</UnitOfMeasureSymbol></UnitOfMeasure></CSItem><CSItem><CSItemCode>IT4031574</CSItemCode><CSItemName>Length</CSItemName><CSItemRank>3</CSItemRank><CSValue><CSValueCode>VA4074113</CSValueCode><CSValueName>26</CSValueName><CSValueRank>12</CSValueRank></CSValue><UnitOfMeasure><UnitOfMeasureCode>3000039</UnitOfMeasureCode><UnitOfMeasureName>centimeter</UnitOfMeasureName><UnitOfMeasureSymbol>cm</UnitOfMeasureSymbol></UnitOfMeasure></CSItem><CSItem><CSItemCode>IT4031575</CSItemCode><CSItemName>Width</CSItemName><CSItemRank>4</CSItemRank><CSValue><CSValueCode>VA4074157</CSValueCode><CSValueName>14.5</CSValueName><CSValueRank>11</CSValueRank></CSValue><UnitOfMeasure><UnitOfMeasureCode>3000039</UnitOfMeasureCode><UnitOfMeasureName>centimeter</UnitOfMeasureName><UnitOfMeasureSymbol>cm</UnitOfMeasureSymbol></UnitOfMeasure></CSItem></CSChapter><CSChapter><CSChapterCode>CH4006466</CSChapterCode><CSChapterName>Product description</CSChapterName><CSChapterRank>7</CSChapterRank><CSItem><CSItemCode>IT4031508</CSItemCode><CSItemName>Type</CSItemName><CSItemRank>1</CSItemRank><CSValue><CSValueCode>VA4071817</CSValueCode><CSValueName>H7</CSValueName><CSValueRank>18</CSValueRank></CSValue></CSItem><CSItem><CSItemCode>IT4031517</CSItemCode><CSItemName>Application</CSItemName><CSItemRank>2</CSItemRank><CSValue><CSValueCode>VA4071898</CSValueCode><CSValueName>High beam</CSValueName><CSValueRank>4</CSValueRank></CSValue><CSValue><CSValueCode>VA4071900</CSValueCode><CSValueName>Front fog light</CSValueName><CSValueRank>6</CSValueRank></CSValue><CSValue><CSValueCode>VA4071899</CSValueCode><CSValueName>Low beam</CSValueName><CSValueRank>14</CSValueRank></CSValue></CSItem><CSItem><CSItemCode>IT4031518</CSItemCode><CSItemName>Designation</CSItemName><CSItemRank>3</CSItemRank><CSValue><CSValueCode>VA4071955</CSValueCode><CSValueName>H7 LongLife EcoVision</CSValueName><CSValueRank>20</CSValueRank></CSValue></CSItem><CSItem><CSItemCode>IT4031521</CSItemCode><CSItemName>Homologation ECE</CSItemName><CSItemRank>4</CSItemRank><CSValue><CSValueCode>VA4072195</CSValueCode><CSValueName>YES</CSValueName><CSValueRank>8</CSValueRank></CSValue></CSItem><CSItem><CSItemCode>IT4031519</CSItemCode><CSItemName>Range</CSItemName><CSItemRank>5</CSItemRank><CSValue><CSValueCode>VA4072108</CSValueCode><CSValueName>LongLife EcoVision</CSValueName><CSValueRank>5</CSValueRank></CSValue></CSItem><CSItem><CSItemCode>IT4031500</CSItemCode><CSItemName>Technology</CSItemName><CSItemRank>6</CSItemRank><CSValue><CSValueCode>VA4071791</CSValueCode><CSValueName>Halogen</CSValueName><CSValueRank>7</CSValueRank></CSValue></CSItem><CSItem><CSItemCode>IT4031520</CSItemCode><CSItemName>Base</CSItemName><CSItemRank>7</CSItemRank><CSValue><CSValueCode>VA4072135</CSValueCode><CSValueName>PX26d</CSValueName><CSValueRank>25</CSValueRank></CSValue></CSItem></CSChapter><CSChapter><CSChapterCode>CH4006501</CSChapterCode><CSChapterName>Packed product information</CSChapterName><CSChapterRank>8</CSChapterRank><CSItem><CSItemCode>IT4040439</CSItemCode><CSItemName>Pack Quantity</CSItemName><CSItemRank>1</CSItemRank><CSValue><CSValueCode>VA4094182</CSValueCode><CSValueName>1</CSValueName><CSValueRank>1</CSValueRank></CSValue></CSItem><CSItem><CSItemCode>IT4040440</CSItemCode><CSItemName>MOQ (for professionals)</CSItemName><CSItemRank>2</CSItemRank><CSValue><CSValueCode>VA4094183</CSValueCode><CSValueName>10</CSValueName><CSValueRank>1</CSValueRank></CSValue></CSItem><CSItem><CSItemCode>IT4031573</CSItemCode><CSItemName>Gross weight per piece</CSItemName><CSItemRank>3</CSItemRank><CSValue><CSValueCode>VA4073997</CSValueCode><CSValueName>35</CSValueName><CSValueRank>27</CSValueRank></CSValue><UnitOfMeasure><UnitOfMeasureCode>4000006</UnitOfMeasureCode><UnitOfMeasureName>-Grams</UnitOfMeasureName><UnitOfMeasureSymbol>g</UnitOfMeasureSymbol></UnitOfMeasure></CSItem><CSItem><CSItemCode>IT4031571</CSItemCode><CSItemName>Height</CSItemName><CSItemRank>4</CSItemRank><CSValue><CSValueCode>VA4073851</CSValueCode><CSValueName>13.5</CSValueName><CSValueRank>17</CSValueRank></CSValue><UnitOfMeasure><UnitOfMeasureCode>3000039</UnitOfMeasureCode><UnitOfMeasureName>centimeter</UnitOfMeasureName><UnitOfMeasureSymbol>cm</UnitOfMeasureSymbol></UnitOfMeasure></CSItem><CSItem><CSItemCode>IT4031651</CSItemCode><CSItemName>Length</CSItemName><CSItemRank>5</CSItemRank><CSValue><CSValueCode>VA4074481</CSValueCode><CSValueName>3.4</CSValueName><CSValueRank>23</CSValueRank></CSValue><UnitOfMeasure><UnitOfMeasureCode>3000039</UnitOfMeasureCode><UnitOfMeasureName>centimeter</UnitOfMeasureName><UnitOfMeasureSymbol>cm</UnitOfMeasureSymbol></UnitOfMeasure></CSItem><CSItem><CSItemCode>IT4031572</CSItemCode><CSItemName>Net weight per piece</CSItemName><CSItemRank>6</CSItemRank><CSValue><CSValueCode>VA4073892</CSValueCode><CSValueName>11.8</CSValueName><CSValueRank>21</CSValueRank></CSValue><UnitOfMeasure><UnitOfMeasureCode>4000006</UnitOfMeasureCode><UnitOfMeasureName>-Grams</UnitOfMeasureName><UnitOfMeasureSymbol>g</UnitOfMeasureSymbol></UnitOfMeasure></CSItem><CSItem><CSItemCode>IT4031535</CSItemCode><CSItemName>Width</CSItemName><CSItemRank>7</CSItemRank><CSValue><CSValueCode>VA4073822</CSValueCode><CSValueName>9.5</CSValueName><CSValueRank>24</CSValueRank></CSValue><UnitOfMeasure><UnitOfMeasureCode>3000039</UnitOfMeasureCode><UnitOfMeasureName>centimeter</UnitOfMeasureName><UnitOfMeasureSymbol>cm</UnitOfMeasureSymbol></UnitOfMeasure></CSItem></CSChapter><CSChapter><CSChapterCode>CH4006461</CSChapterCode><CSChapterName>Marketing specifications</CSChapterName><CSChapterRank>9</CSChapterRank><CSItem><CSItemCode>IT4031492</CSItemCode><CSItemName>Expected benefits</CSItemName><CSItemRank>1</CSItemRank><CSValue><CSValueCode>VA4071767</CSValueCode><CSValueName>Long lasting</CSValueName><CSValueRank>1</CSValueRank></CSValue></CSItem><CSItem><CSItemCode>IT4031498</CSItemCode><CSItemName>Product highlight</CSItemName><CSItemRank>2</CSItemRank><CSValue><CSValueCode>VA4097087</CSValueCode><CSValueName>Lifetime up to 1500 hours</CSValueName><CSValueRank>19</CSValueRank></CSValue><CSValue><CSValueCode>VA4103549</CSValueCode><CSValueName>Extra lifetime</CSValueName><CSValueRank>22</CSValueRank></CSValue></CSItem></CSChapter><MarketingVersion>11.0.2</MarketingVersion><MarketingStatus>Final Published</MarketingStatus><GTIN>8727900362008</GTIN><Code12NC>924096917110</Code12NC></Product></Products>