<?xml version="1.0" encoding="UTF-8"?><Products xmlns:source="http://apache.org/cocoon/source/1.0"><Product Brand="PHI" Division="CE" EndOfPublication="2044-06-24T00:00:00" IsAccessory="false" IsMaster="true" StartOfPublication="2014-06-16T00:00:00" lastModified="2018-06-01T00:43:40" masterLastModified="2018-06-01T00:40:22"><CTN>12342CVPGS2</CTN><DTN>12342CVPGS2</DTN><Categorization><GroupCode>AUTOMOTIVE_GR</GroupCode><GroupName>Automotive</GroupName><CategoryCode>CAR_LIGHTS_CA</CategoryCode><CategoryName>Car lights</CategoryName><SubcategoryCode>CAR_HEADLIGHTS_SU</SubcategoryCode><SubcategoryName>Headlights</SubcategoryName></Categorization><ProductImage><ProductImageFTLURL>http://www.p4c.philips.com/cgi-bin/dcbint/get?id=12342CVPGS2&amp;doctype=FTP&amp;alt=1</ProductImageFTLURL><ProductImageEBURL>http://www.p4c.philips.com/cgi-bin/dcbint/get?id=12342CVPGS2&amp;doctype=BPP&amp;alt=1</ProductImageEBURL></ProductImage><Assets><Asset Description="Leaflet" Type="PSS">http://download.p4c.philips.com/files/1/12342cvpgs2/12342cvpgs2_pss_rusru.pdf</Asset><Asset Description="Leaflet" Type="PSS">http://download.p4c.philips.com/files/1/12342cvpgs2/12342cvpgs2_pss_.pdf</Asset><Asset Description="Standard product photograph - highres 2196x1795" Type="RTP">http://images.philips.com/is/image/PhilipsConsumer/12342CVPGS2-RTP-global-001</Asset></Assets><FullProductName>Philips ColorVision Green car headlight bulb 12342CVPGS2 Type of lamp: H4 Pack of: 2 12 V,60/55 W</FullProductName><ProductName>Type of lamp: H4 Green car headlight bulb</ProductName><NamingString><MasterBrand><BrandCode>PHI</BrandCode><BrandName>Philips</BrandName></MasterBrand><BrandString>Philips</BrandString><Concept><ConceptCode>SB40004064</ConceptCode><ConceptName>ColorVision</ConceptName><ConceptLogoURL>http://www.p4c.philips.com/cgi-bin/dcbint/get?id=SB40004064&amp;doctype=CLL&amp;alt=1</ConceptLogoURL><ConceptNameUsed>1</ConceptNameUsed><IsFamily>1</IsFamily></Concept><Descriptor><DescriptorCode>D4021163</DescriptorCode><DescriptorName>Green car headlight bulb</DescriptorName></Descriptor><Alphanumeric>12342CVPGS2</Alphanumeric><VersionElement1><VersionElementCode>V4044084</VersionElementCode><VersionElementName>Type of lamp: H4</VersionElementName></VersionElement1><VersionElement2><VersionElementCode>V4043914</VersionElementCode><VersionElementName>Pack of: 2</VersionElementName></VersionElement2><VersionElement3><VersionElementCode>V4043919</VersionElementCode><VersionElementName>12 V,60/55 W</VersionElementName></VersionElement3><VersionString>Type of lamp: H4 Pack of: 2 12 V,60/55 W</VersionString><BrandedFeatureString/><DescriptorBrandedFeatureString>Green car headlight bulb</DescriptorBrandedFeatureString></NamingString><WOW>Restyle with light</WOW><SubWOW>Add a touch of color</SubWOW><MarketingTextHeader>ColorVision adds a touch of color to your car optics in blue, green, yellow or purple. These innovative colored car bulbs are certified road legal, so you can customize your ride while still projecting safe white light.</MarketingTextHeader><MarketingTextBody/><SupraFeature/><KeyBenefitArea><KeyBenefitAreaCode>K4025434</KeyBenefitAreaCode><KeyBenefitAreaName>Color customization for your car</KeyBenefitAreaName><KeyBenefitAreaRank>1</KeyBenefitAreaRank><Feature><FeatureCode>F400058665</FeatureCode><FeatureName>A new coating technology</FeatureName><FeatureLongDescription>A new coating technology turns light into a touch of color</FeatureLongDescription><FeatureGlossary>Thanks to a special coating on the lamps, Philips ColorVision adds a touch of color which is in line with European regulation. So you can customize your ride while still projecting safe white light.</FeatureGlossary><FeatureRank>2</FeatureRank><FeatureTopRank>1</FeatureTopRank></Feature><Feature><FeatureCode>F400058528</FeatureCode><FeatureName>Available in H4 and H7</FeatureName><FeatureLongDescription>Available in most popular automotive lamp types: H4 and H7</FeatureLongDescription><FeatureGlossary>To find out which Philips ColorVision lamp fits your car, go to www.philips.com/automotive</FeatureGlossary><FeatureRank>3</FeatureRank><FeatureTopRank>2</FeatureTopRank></Feature><Feature><FeatureCode>F400058526</FeatureCode><FeatureName>Color your lights</FeatureName><FeatureLongDescription>Color your lights in blue, green, yellow or purple</FeatureLongDescription><FeatureGlossary>Philips ColorVision allows to add a personalized touch of color to your car optics. Choose from blue, green, yellow or purple and customize your ride.</FeatureGlossary><FeatureRank>1</FeatureRank><FeatureTopRank>3</FeatureTopRank></Feature><Feature><FeatureCode>F400059248</FeatureCode><FeatureName>Designed for reflector optics</FeatureName><FeatureLongDescription>Designed for reflector optics for color customization</FeatureLongDescription><FeatureGlossary>Philips ColorVision creates colored effects by reflecting light into the lamp optics. Switch on your headlamps and light up with a touch of color</FeatureGlossary><FeatureRank>4</FeatureRank><FeatureTopRank>7</FeatureTopRank></Feature></KeyBenefitArea><KeyBenefitArea><KeyBenefitAreaCode>K4025435</KeyBenefitAreaCode><KeyBenefitAreaName>Designed to see</KeyBenefitAreaName><KeyBenefitAreaRank>2</KeyBenefitAreaRank><Feature><FeatureCode>F400058531</FeatureCode><FeatureName>Road legal colored car lamps</FeatureName><FeatureLongDescription>Colored car lamps that are certified road legal</FeatureLongDescription><FeatureGlossary>ColorVision lamps comply with all ECE regulations and come with a certification card to prove they are road legal. Keep it with you in your car at all times.</FeatureGlossary><FeatureRank>2</FeatureRank><FeatureTopRank>4</FeatureTopRank></Feature><Feature><FeatureCode>F400058529</FeatureCode><FeatureName>60% more white light</FeatureName><FeatureLongDescription>Light up the road with 60% more white light</FeatureLongDescription><FeatureGlossary>Thanks to its technology, Philips ColorVision lights up the road with 60% more white light than any other standard lamp. So you see the road ahead more clearly, while your optics add a touch of color</FeatureGlossary><FeatureRank>1</FeatureRank><FeatureTopRank>5</FeatureTopRank></Feature><Feature><FeatureCode>F400087688</FeatureCode><FeatureName>React faster with more light</FeatureName><FeatureLongDescription>React faster with more vision</FeatureLongDescription><FeatureGlossary>Increased visibility is proven to help you react faster while driving. With whiter light and up to 60% more vision, ColorVision increases your visibility compared to standard lamps. Anticipate easier to any obstacles that might come your way.</FeatureGlossary><FeatureRank>3</FeatureRank><FeatureTopRank>6</FeatureTopRank></Feature></KeyBenefitArea><KeyBenefitArea><KeyBenefitAreaCode>K4025436</KeyBenefitAreaCode><KeyBenefitAreaName>Original Equipment manufacturer</KeyBenefitAreaName><KeyBenefitAreaRank>3</KeyBenefitAreaRank><Feature><FeatureCode>F400058691</FeatureCode><FeatureName>Car manufactuer choice</FeatureName><FeatureLongDescription>Philips is the choice of major car manufacturers</FeatureLongDescription><FeatureGlossary>For 100 years, Philips has been on the forefront of the automotive lighting industry, introducing technological innovations that have become standard on modern automobiles. Today, one in two cars in Europe and one in three worldwide is equipped with Philips lighting</FeatureGlossary><FeatureRank>1</FeatureRank><FeatureTopRank>8</FeatureTopRank></Feature><Feature><FeatureCode>F400058694</FeatureCode><FeatureName>High quality quartz glass</FeatureName><FeatureLongDescription>Philips car lamps are made of high-quality quartz glass</FeatureLongDescription><FeatureGlossary>UV-Quartz glass is stronger than hard glass and highly resistant to temperature extremes and vibrations, which eliminates the risk of explosion. Philips quartz-glass lamps (filament 2 650º C and glass 800º C) are able to withstand severe thermal shock. With the capability of increased pressure inside the lamp, UV-quartz glass is able to produce a more powerful light</FeatureGlossary><FeatureRank>2</FeatureRank><FeatureTopRank>9</FeatureTopRank></Feature><Feature><FeatureCode>F400058695</FeatureCode><FeatureName>Resistance against humidity</FeatureName><FeatureLongDescription>Philips car lamps are highly resistant against humidity</FeatureLongDescription><FeatureGlossary>Only a burning bulb made of quartz glass (filament 2650°c, glass 800°c) can resist thermal shocks : if a drop of cold water touches the hot bulb, which can happen when you drive through water with a broken headlight unit.</FeatureGlossary><FeatureRank>3</FeatureRank><FeatureTopRank>10</FeatureTopRank></Feature><Feature><FeatureCode>F400058696</FeatureCode><FeatureName>UV Resistant</FeatureName><FeatureLongDescription>Philips car lamps are highly UV resistant</FeatureLongDescription><FeatureGlossary>Philips special anti-UV coating technology protects the headlights against harmful ultraviolet radiation, making Philips UV-coated quartz glass perfect for all driving conditions and ensures their longevity</FeatureGlossary><FeatureRank>4</FeatureRank><FeatureTopRank>11</FeatureTopRank></Feature></KeyBenefitArea><FeatureImage><FeatureCode>F400058665</FeatureCode><FeatureReferenceName>A new coating technology turns light into a touch GREEN</FeatureReferenceName><FeatureImageRank>1</FeatureImageRank><FeatureImageURL>http://www.p4c.philips.com/cgi-bin/dcbint/get?id=F400058665&amp;doctype=FIP&amp;alt=1</FeatureImageURL></FeatureImage><FeatureImage><FeatureCode>F400058528</FeatureCode><FeatureReferenceName>Available in most popular automotive lamp types: H4 and H7</FeatureReferenceName><FeatureImageRank>2</FeatureImageRank><FeatureImageURL>http://www.p4c.philips.com/cgi-bin/dcbint/get?id=F400058528&amp;doctype=FIP&amp;alt=1</FeatureImageURL></FeatureImage><FeatureImage><FeatureCode>F400058526</FeatureCode><FeatureReferenceName>Color your lights in blue, green, yellow or purple</FeatureReferenceName><FeatureImageRank>3</FeatureImageRank><FeatureImageURL>http://www.p4c.philips.com/cgi-bin/dcbint/get?id=F400058526&amp;doctype=FIP&amp;alt=1</FeatureImageURL></FeatureImage><FeatureImage><FeatureCode>F400058531</FeatureCode><FeatureReferenceName>Colored car lamps that are certified road legal</FeatureReferenceName><FeatureImageRank>4</FeatureImageRank><FeatureImageURL>http://www.p4c.philips.com/cgi-bin/dcbint/get?id=F400058531&amp;doctype=FIP&amp;alt=1</FeatureImageURL></FeatureImage><FeatureImage><FeatureCode>F400058529</FeatureCode><FeatureReferenceName>Light up the road with 60% more white light GREEN</FeatureReferenceName><FeatureImageRank>5</FeatureImageRank><FeatureImageURL>http://www.p4c.philips.com/cgi-bin/dcbint/get?id=F400058529&amp;doctype=FIP&amp;alt=1</FeatureImageURL></FeatureImage><FeatureImage><FeatureCode>F400087688</FeatureCode><FeatureReferenceName>React faster with more light-12342CVPGS2</FeatureReferenceName><FeatureImageRank>6</FeatureImageRank><FeatureImageURL>http://www.p4c.philips.com/cgi-bin/dcbint/get?id=F400087688&amp;doctype=FIP&amp;alt=1</FeatureImageURL></FeatureImage><FeatureImage><FeatureCode>F400059248</FeatureCode><FeatureReferenceName>Designed for reflector optics for color customization GREEN</FeatureReferenceName><FeatureImageRank>7</FeatureImageRank><FeatureImageURL>http://www.p4c.philips.com/cgi-bin/dcbint/get?id=F400059248&amp;doctype=FIP&amp;alt=1</FeatureImageURL></FeatureImage><FeatureImage><FeatureCode>F400058691</FeatureCode><FeatureReferenceName>Car manufactuer choice</FeatureReferenceName><FeatureImageRank>8</FeatureImageRank><FeatureImageURL>http://www.p4c.philips.com/cgi-bin/dcbint/get?id=F400058691&amp;doctype=FIP&amp;alt=1</FeatureImageURL></FeatureImage><FeatureImage><FeatureCode>F400058694</FeatureCode><FeatureReferenceName>High quality quartz glass</FeatureReferenceName><FeatureImageRank>9</FeatureImageRank><FeatureImageURL>http://www.p4c.philips.com/cgi-bin/dcbint/get?id=F400058694&amp;doctype=FIP&amp;alt=1</FeatureImageURL></FeatureImage><FeatureImage><FeatureCode>F400058695</FeatureCode><FeatureReferenceName>Resistance against humidity</FeatureReferenceName><FeatureImageRank>10</FeatureImageRank><FeatureImageURL>http://www.p4c.philips.com/cgi-bin/dcbint/get?id=F400058695&amp;doctype=FIP&amp;alt=1</FeatureImageURL></FeatureImage><FeatureImage><FeatureCode>F400058696</FeatureCode><FeatureReferenceName>UV Resistant</FeatureReferenceName><FeatureImageRank>11</FeatureImageRank><FeatureImageURL>http://www.p4c.philips.com/cgi-bin/dcbint/get?id=F400058696&amp;doctype=FIP&amp;alt=1</FeatureImageURL></FeatureImage><FeatureHighlight><FeatureCode>F400058665</FeatureCode><FeatureHighlightRank>1</FeatureHighlightRank></FeatureHighlight><FeatureHighlight><FeatureCode>F400058528</FeatureCode><FeatureHighlightRank>2</FeatureHighlightRank></FeatureHighlight><FeatureHighlight><FeatureCode>F400058526</FeatureCode><FeatureHighlightRank>3</FeatureHighlightRank></FeatureHighlight><FeatureHighlight><FeatureCode>F400058531</FeatureCode><FeatureHighlightRank>4</FeatureHighlightRank></FeatureHighlight><FeatureHighlight><FeatureCode>F400058529</FeatureCode><FeatureHighlightRank>5</FeatureHighlightRank></FeatureHighlight><FeatureHighlight><FeatureCode>F400087688</FeatureCode><FeatureHighlightRank>6</FeatureHighlightRank></FeatureHighlight><FeatureHighlight><FeatureCode>F400059248</FeatureCode><FeatureHighlightRank>7</FeatureHighlightRank></FeatureHighlight><FeatureHighlight><FeatureCode>F400058691</FeatureCode><FeatureHighlightRank>8</FeatureHighlightRank></FeatureHighlight><FeatureHighlight><FeatureCode>F400058694</FeatureCode><FeatureHighlightRank>9</FeatureHighlightRank></FeatureHighlight><FeatureHighlight><FeatureCode>F400058695</FeatureCode><FeatureHighlightRank>10</FeatureHighlightRank></FeatureHighlight><FeatureHighlight><FeatureCode>F400058696</FeatureCode><FeatureHighlightRank>11</FeatureHighlightRank></FeatureHighlight><CSChapter><CSChapterCode>CH4006466</CSChapterCode><CSChapterName>Product description</CSChapterName><CSChapterRank>1</CSChapterRank><CSItem><CSItemCode>IT4031500</CSItemCode><CSItemName>Technology</CSItemName><CSItemRank>1</CSItemRank><CSValue><CSValueCode>VA4071791</CSValueCode><CSValueName>Halogen</CSValueName><CSValueRank>7</CSValueRank></CSValue></CSItem><CSItem><CSItemCode>IT4031508</CSItemCode><CSItemName>Type</CSItemName><CSItemRank>2</CSItemRank><CSValue><CSValueCode>VA4071816</CSValueCode><CSValueName>H4</CSValueName><CSValueRank>4</CSValueRank></CSValue></CSItem><CSItem><CSItemCode>IT4031519</CSItemCode><CSItemName>Range</CSItemName><CSItemRank>3</CSItemRank><CSValue><CSValueCode>VA4072109</CSValueCode><CSValueName>ColorVision</CSValueName><CSValueRank>16</CSValueRank></CSValue></CSItem><CSItem><CSItemCode>IT4031517</CSItemCode><CSItemName>Application</CSItemName><CSItemRank>4</CSItemRank><CSValue><CSValueCode>VA4071898</CSValueCode><CSValueName>High beam</CSValueName><CSValueRank>11</CSValueRank></CSValue><CSValue><CSValueCode>VA4071899</CSValueCode><CSValueName>Low beam</CSValueName><CSValueRank>20</CSValueRank></CSValue></CSItem><CSItem><CSItemCode>IT4031518</CSItemCode><CSItemName>Designation</CSItemName><CSItemRank>5</CSItemRank><CSValue><CSValueCode>VA4089182</CSValueCode><CSValueName>H4 ColorVision</CSValueName><CSValueRank>26</CSValueRank></CSValue></CSItem><CSItem><CSItemCode>IT4031521</CSItemCode><CSItemName>Homologation ECE</CSItemName><CSItemRank>6</CSItemRank><CSValue><CSValueCode>VA4072195</CSValueCode><CSValueName>YES</CSValueName><CSValueRank>21</CSValueRank></CSValue></CSItem><CSItem><CSItemCode>IT4031520</CSItemCode><CSItemName>Base</CSItemName><CSItemRank>7</CSItemRank><CSValue><CSValueCode>VA4072134</CSValueCode><CSValueName>P43t-38</CSValueName><CSValueRank>14</CSValueRank></CSValue></CSItem></CSChapter><CSChapter><CSChapterCode>CH4006521</CSChapterCode><CSChapterName>Electrical characteristics</CSChapterName><CSChapterRank>2</CSChapterRank><CSItem><CSItemCode>IT4031552</CSItemCode><CSItemName>Voltage</CSItemName><CSItemRank>1</CSItemRank><CSValue><CSValueCode>VA4073723</CSValueCode><CSValueName>12</CSValueName><CSValueRank>1</CSValueRank></CSValue><UnitOfMeasure><UnitOfMeasureCode>3000071</UnitOfMeasureCode><UnitOfMeasureName>volt</UnitOfMeasureName><UnitOfMeasureSymbol>V</UnitOfMeasureSymbol></UnitOfMeasure></CSItem><CSItem><CSItemCode>IT4031551</CSItemCode><CSItemName>Wattage</CSItemName><CSItemRank>2</CSItemRank><CSValue><CSValueCode>VA4073722</CSValueCode><CSValueName>60/55</CSValueName><CSValueRank>18</CSValueRank></CSValue><UnitOfMeasure><UnitOfMeasureCode>3000072</UnitOfMeasureCode><UnitOfMeasureName>watt</UnitOfMeasureName><UnitOfMeasureSymbol>W</UnitOfMeasureSymbol></UnitOfMeasure></CSItem></CSChapter><CSChapter><CSChapterCode>CH4005203</CSChapterCode><CSChapterName>Light characteristics</CSChapterName><CSChapterRank>3</CSChapterRank><CSItem><CSItemCode>IT4031553</CSItemCode><CSItemName>Lumens</CSItemName><CSItemRank>1</CSItemRank><CSValue><CSValueCode>VA4073808</CSValueCode><CSValueName>1650/1000 +-15%</CSValueName><CSValueRank>15</CSValueRank></CSValue><UnitOfMeasure><UnitOfMeasureCode>3000051</UnitOfMeasureCode><UnitOfMeasureName>lumen</UnitOfMeasureName><UnitOfMeasureSymbol>lm</UnitOfMeasureSymbol></UnitOfMeasure></CSItem><CSItem><CSItemCode>IT4031654</CSItemCode><CSItemName>Color temperature</CSItemName><CSItemRank>2</CSItemRank><CSValue><CSValueCode>VA4074457</CSValueCode><CSValueName>3350</CSValueName><CSValueRank>17</CSValueRank></CSValue><UnitOfMeasure><UnitOfMeasureCode>4000041</UnitOfMeasureCode><UnitOfMeasureName>Kelvin</UnitOfMeasureName><UnitOfMeasureSymbol>K</UnitOfMeasureSymbol></UnitOfMeasure></CSItem></CSChapter><CSChapter><CSChapterCode>CH4006483</CSChapterCode><CSChapterName>Lifetime</CSChapterName><CSChapterRank>4</CSChapterRank><CSItem><CSItemCode>IT4031525</CSItemCode><CSItemName>Life time</CSItemName><CSItemRank>1</CSItemRank><CSValue><CSValueCode>VA4103430</CSValueCode><CSValueName>Up to 400h</CSValueName><CSValueRank>23</CSValueRank></CSValue></CSItem></CSChapter><CSChapter><CSChapterCode>CH4006484</CSChapterCode><CSChapterName>Ordering information</CSChapterName><CSChapterRank>5</CSChapterRank><CSItem><CSItemCode>IT4031526</CSItemCode><CSItemName>Order entry</CSItemName><CSItemRank>1</CSItemRank><CSValue><CSValueCode>VA4072636</CSValueCode><CSValueName>12342CVPGS2</CSValueName><CSValueRank>19</CSValueRank></CSValue></CSItem><CSItem><CSItemCode>IT4031527</CSItemCode><CSItemName>Ordering code</CSItemName><CSItemRank>2</CSItemRank><CSValue><CSValueCode>VA4072959</CSValueCode><CSValueName>36787428</CSValueName><CSValueRank>6</CSValueRank></CSValue></CSItem></CSChapter><CSChapter><CSChapterCode>3001177</CSChapterCode><CSChapterName>Packaging Data</CSChapterName><CSChapterRank>6</CSChapterRank><CSItem><CSItemCode>IT4035591</CSItemCode><CSItemName>EAN3</CSItemName><CSItemRank>1</CSItemRank><CSValue><CSValueCode>VA4082924</CSValueCode><CSValueName>8727900367881</CSValueName><CSValueRank>1</CSValueRank></CSValue></CSItem><CSItem><CSItemCode>IT4035590</CSItemCode><CSItemName>EAN1</CSItemName><CSItemRank>2</CSItemRank><CSValue><CSValueCode>VA4082922</CSValueCode><CSValueName>8727900367874</CSValueName><CSValueRank>1</CSValueRank></CSValue></CSItem><CSItem><CSItemCode>IT4000721</CSItemCode><CSItemName>Packaging type</CSItemName><CSItemRank>3</CSItemRank><CSValue><CSValueCode>VA4072969</CSValueCode><CSValueName>S2</CSValueName><CSValueRank>24</CSValueRank></CSValue></CSItem></CSChapter><CSChapter><CSChapterCode>CH4006501</CSChapterCode><CSChapterName>Packed product information</CSChapterName><CSChapterRank>7</CSChapterRank><CSItem><CSItemCode>IT4040439</CSItemCode><CSItemName>Pack Quantity</CSItemName><CSItemRank>1</CSItemRank><CSValue><CSValueCode>VA4094182</CSValueCode><CSValueName>2</CSValueName><CSValueRank>1</CSValueRank></CSValue></CSItem><CSItem><CSItemCode>IT4040440</CSItemCode><CSItemName>MOQ (for professionals)</CSItemName><CSItemRank>2</CSItemRank><CSValue><CSValueCode>VA4094183</CSValueCode><CSValueName>10</CSValueName><CSValueRank>1</CSValueRank></CSValue></CSItem><CSItem><CSItemCode>IT4031571</CSItemCode><CSItemName>Height</CSItemName><CSItemRank>3</CSItemRank><CSValue><CSValueCode>VA4073873</CSValueCode><CSValueName>12.8</CSValueName><CSValueRank>12</CSValueRank></CSValue><UnitOfMeasure><UnitOfMeasureCode>3000039</UnitOfMeasureCode><UnitOfMeasureName>centimeter</UnitOfMeasureName><UnitOfMeasureSymbol>cm</UnitOfMeasureSymbol></UnitOfMeasure></CSItem><CSItem><CSItemCode>IT4031535</CSItemCode><CSItemName>Width</CSItemName><CSItemRank>4</CSItemRank><CSValue><CSValueCode>VA4073847</CSValueCode><CSValueName>4.7</CSValueName><CSValueRank>8</CSValueRank></CSValue><UnitOfMeasure><UnitOfMeasureCode>3000039</UnitOfMeasureCode><UnitOfMeasureName>centimeter</UnitOfMeasureName><UnitOfMeasureSymbol>cm</UnitOfMeasureSymbol></UnitOfMeasure></CSItem><CSItem><CSItemCode>IT4031651</CSItemCode><CSItemName>Length</CSItemName><CSItemRank>5</CSItemRank><CSValue><CSValueCode>VA4074525</CSValueCode><CSValueName>11</CSValueName><CSValueRank>2</CSValueRank></CSValue><UnitOfMeasure><UnitOfMeasureCode>3000039</UnitOfMeasureCode><UnitOfMeasureName>centimeter</UnitOfMeasureName><UnitOfMeasureSymbol>cm</UnitOfMeasureSymbol></UnitOfMeasure></CSItem></CSChapter><CSChapter><CSChapterCode>CH4006541</CSChapterCode><CSChapterName>Outerpack information</CSChapterName><CSChapterRank>8</CSChapterRank><CSItem><CSItemCode>IT4031577</CSItemCode><CSItemName>Gross weight per piece</CSItemName><CSItemRank>1</CSItemRank><CSValue><CSValueCode>VA4074244</CSValueCode><CSValueName>0.66</CSValueName><CSValueRank>22</CSValueRank></CSValue><UnitOfMeasure><UnitOfMeasureCode>3000049</UnitOfMeasureCode><UnitOfMeasureName>kilogram</UnitOfMeasureName><UnitOfMeasureSymbol>kg</UnitOfMeasureSymbol></UnitOfMeasure></CSItem><CSItem><CSItemCode>IT4031576</CSItemCode><CSItemName>Height</CSItemName><CSItemRank>2</CSItemRank><CSValue><CSValueCode>VA4074226</CSValueCode><CSValueName>13.6</CSValueName><CSValueRank>5</CSValueRank></CSValue><UnitOfMeasure><UnitOfMeasureCode>3000039</UnitOfMeasureCode><UnitOfMeasureName>centimeter</UnitOfMeasureName><UnitOfMeasureSymbol>cm</UnitOfMeasureSymbol></UnitOfMeasure></CSItem><CSItem><CSItemCode>IT4031574</CSItemCode><CSItemName>Length</CSItemName><CSItemRank>3</CSItemRank><CSValue><CSValueCode>VA4074134</CSValueCode><CSValueName>29</CSValueName><CSValueRank>3</CSValueRank></CSValue><UnitOfMeasure><UnitOfMeasureCode>3000039</UnitOfMeasureCode><UnitOfMeasureName>centimeter</UnitOfMeasureName><UnitOfMeasureSymbol>cm</UnitOfMeasureSymbol></UnitOfMeasure></CSItem><CSItem><CSItemCode>IT4031575</CSItemCode><CSItemName>Width</CSItemName><CSItemRank>4</CSItemRank><CSValue><CSValueCode>VA4074168</CSValueCode><CSValueName>12</CSValueName><CSValueRank>13</CSValueRank></CSValue><UnitOfMeasure><UnitOfMeasureCode>3000039</UnitOfMeasureCode><UnitOfMeasureName>centimeter</UnitOfMeasureName><UnitOfMeasureSymbol>cm</UnitOfMeasureSymbol></UnitOfMeasure></CSItem></CSChapter><CSChapter><CSChapterCode>CH4006461</CSChapterCode><CSChapterName>Marketing specifications</CSChapterName><CSChapterRank>9</CSChapterRank><CSItem><CSItemCode>IT4031492</CSItemCode><CSItemName>Expected benefits</CSItemName><CSItemRank>1</CSItemRank><CSValue><CSValueCode>VA4071778</CSValueCode><CSValueName>Style</CSValueName><CSValueRank>10</CSValueRank></CSValue></CSItem><CSItem><CSItemCode>IT4031498</CSItemCode><CSItemName>Product highlight</CSItemName><CSItemRank>2</CSItemRank><CSValue><CSValueCode>VA4082279</CSValueCode><CSValueName>Add a touch of colour</CSValueName><CSValueRank>9</CSValueRank></CSValue></CSItem></CSChapter><MarketingVersion>9.3.1</MarketingVersion><MarketingStatus>Final Published</MarketingStatus><GTIN>8727900367874</GTIN><Code12NC>923496617101</Code12NC></Product></Products>