<?xml version="1.0" encoding="UTF-8"?><Products xmlns:source="http://apache.org/cocoon/source/1.0"><Product Brand="PHI" Division="CE" EndOfPublication="2119-12-31T00:00:00" IsAccessory="false" IsMaster="true" StartOfPublication="2017-05-01T00:00:00" lastModified="2017-07-11T00:22:59" masterLastModified="2017-07-11T00:19:27"><CTN>12946I60X1</CTN><DTN>12946I60X1</DTN><Categorization><GroupCode>AUTOMOTIVE_GR</GroupCode><GroupName>Automotive</GroupName><CategoryCode>CAR_LIGHTS_CA</CategoryCode><CategoryName>Car lights</CategoryName><SubcategoryCode>SINGALLING_AND_INTERIOR_LIGHTING_SU</SubcategoryCode><SubcategoryName>Signaling and interior lighting</SubcategoryName></Categorization><ProductImage><ProductImageFTLURL>http://www.p4c.philips.com/cgi-bin/dcbint/get?id=12946I60X1&amp;doctype=FTP&amp;alt=1</ProductImageFTLURL><ProductImageEBURL>http://www.p4c.philips.com/cgi-bin/dcbint/get?id=12946I60X1&amp;doctype=BPP&amp;alt=1</ProductImageEBURL></ProductImage><Assets><Asset Description="Leaflet" Type="PSS">http://download.p4c.philips.com/files/1/12946i60x1/12946i60x1_pss_.pdf</Asset><Asset Description="Standard product photograph - highres 2196x1795" Type="RTP">http://images.philips.com/is/image/PhilipsConsumer/12946I60X1-RTP-global-001</Asset></Assets><FullProductName>Philips X-tremeUltinon LED interior car light 12946I60X1 LED-FEST [43mm] Number of bulbs: 1 12 V, 6000 K daylight effect Advanced automotive system</FullProductName><ProductName>LED-FEST [43mm] interior car light</ProductName><NamingString><MasterBrand><BrandCode>PHI</BrandCode><BrandName>Philips</BrandName></MasterBrand><BrandString>Philips</BrandString><Concept><ConceptCode>SB40008691</ConceptCode><ConceptName>X-tremeUltinon LED</ConceptName><ConceptLogoURL>http://www.p4c.philips.com/cgi-bin/dcbint/get?id=SB40008691&amp;doctype=CLL&amp;alt=1</ConceptLogoURL><ConceptNameUsed>1</ConceptNameUsed><IsFamily>1</IsFamily></Concept><Descriptor><DescriptorCode>D4029520</DescriptorCode><DescriptorName>interior car light</DescriptorName></Descriptor><Alphanumeric>12946I60X1</Alphanumeric><VersionElement1><VersionElementCode>V4044408</VersionElementCode><VersionElementName>LED-FEST [43mm]</VersionElementName></VersionElement1><VersionElement2><VersionElementCode>V4044392</VersionElementCode><VersionElementName>Number of bulbs: 1</VersionElementName></VersionElement2><VersionElement3><VersionElementCode>V4044393</VersionElementCode><VersionElementName>12 V, 6000 K daylight effect</VersionElementName></VersionElement3><VersionElement4><VersionElementCode>V4044290</VersionElementCode><VersionElementName>Advanced automotive system</VersionElementName></VersionElement4><VersionString>LED-FEST [43mm] Number of bulbs: 1 12 V, 6000 K daylight effect Advanced automotive system</VersionString><BrandedFeatureString/><DescriptorBrandedFeatureString>interior car light</DescriptorBrandedFeatureString></NamingString><WOW>Brighter and more stylish</WOW><SubWOW>Design your interior with brighter LED lights</SubWOW><MarketingTextHeader>Never lose your keys again with bright, stylish and durable Philips LED 43mm Festoons for interior lighting. Strong light for 6000 K daylight effect illuminates the inside of your car, while being kind on your eyes.</MarketingTextHeader><MarketingTextBody/><SupraFeature/><KeyBenefitArea><KeyBenefitAreaCode>K4034380</KeyBenefitAreaCode><KeyBenefitAreaName>Bright LED interior lights</KeyBenefitAreaName><KeyBenefitAreaRank>1</KeyBenefitAreaRank><Feature><FeatureCode>F400082237</FeatureCode><FeatureName>See more inside your car</FeatureName><FeatureLongDescription>Bright interior lights to see everything inside your car</FeatureLongDescription><FeatureGlossary>Whether it’s your phone, your keys or your child’s missing left shoe, at some point we’ve all had to search for a misplaced item in a poorly lit car. With Philips LED interior lighting, you get a warm, bright and uniformly diffused light. So the next time you’re searching around in the trunk, the glove compartment or the floor of your car, you’ll be able to see exactly what you’re doing and find anything with ease.</FeatureGlossary><FeatureRank>1</FeatureRank><FeatureTopRank>1</FeatureTopRank></Feature></KeyBenefitArea><KeyBenefitArea><KeyBenefitAreaCode>K4034379</KeyBenefitAreaCode><KeyBenefitAreaName>Stylish visual upgrade</KeyBenefitAreaName><KeyBenefitAreaRank>2</KeyBenefitAreaRank><Feature><FeatureCode>F400082238</FeatureCode><FeatureName>Stylish interior lighting</FeatureName><FeatureLongDescription>Upgrade your lights, upgrade your style</FeatureLongDescription><FeatureGlossary>Interior lighting is not just about function and comfort; it’s about looking good too. Upgrade your interior lighting with a brighter warm light or daylight effect. So when you open the trunk, or fire up the dashboard lights, you can do so with a little extra style. Your car is an expression of who you are, so make a style statement with Philips interior LED lights.</FeatureGlossary><FeatureRank>1</FeatureRank><FeatureTopRank>2</FeatureTopRank></Feature><Feature><FeatureCode>F400082240</FeatureCode><FeatureName>Bright interior light</FeatureName><FeatureLongDescription>Bright lights for the interior of your car</FeatureLongDescription><FeatureGlossary>Whether for dome or reading lights, the glove box or the trunk, your light requirements and taste may differ. For the interior of your car, you can select from a variety of Philips X-tremeUltinon LED lamps for superior visibility and style. Choose from a comfortable warm white (4000 Kelvin) and daylight effect (6000 Kelvin). Bright and stylish, this light will change your driving experience. Whether you’re searching for a dropped phone, your passengers want to read, or you’re trying to work out the best route to your destination, you can now do so with a bright interior light.</FeatureGlossary><FeatureRank>2</FeatureRank><FeatureTopRank>3</FeatureTopRank></Feature></KeyBenefitArea><KeyBenefitArea><KeyBenefitAreaCode>K4034376</KeyBenefitAreaCode><KeyBenefitAreaName>Longer lasting LED lights</KeyBenefitAreaName><KeyBenefitAreaRank>3</KeyBenefitAreaRank><Feature><FeatureCode>F400082463</FeatureCode><FeatureName>Long-lasting LED lighting</FeatureName><FeatureLongDescription>Durable and long-lasting LED lighting</FeatureLongDescription><FeatureGlossary>You want bright and stylish car lights. But you don’t want to keep replacing failed lamps. That is a major weakness of conventional headlights; the more powerful the light, the shorter its lifespan. At the same light intensity, LEDs last much longer. And Philips X-tremeUltinon LED lights are extremely durable. Due to the latest technological innovation, they prevent heat and vibrational damage and last up to 12 years. With most cars replaced or upgraded within that time, your stylish new lights should last you the lifetime of your car.</FeatureGlossary><FeatureRank>1</FeatureRank><FeatureTopRank>4</FeatureTopRank></Feature></KeyBenefitArea><KeyBenefitArea><KeyBenefitAreaCode>K4034260</KeyBenefitAreaCode><KeyBenefitAreaName>Exceptional Philips quality</KeyBenefitAreaName><KeyBenefitAreaRank>4</KeyBenefitAreaRank><Feature><FeatureCode>F400081930</FeatureCode><FeatureName>Automotive grade quality</FeatureName><FeatureLongDescription>Philips automotive lighting at the highest quality level</FeatureLongDescription><FeatureGlossary>The technologically advanced Philips lighting is renowned in the automotive industry, and has been for over 100 years. The Philips Automotive Grade Quality products are designed and developed following strict quality control processes (including applicable ISO norms), leading to consistently high production standards. Major car manufacturers choose Philips lamps, because when you buy Philips, you buy quality. You get powerful bright light, and precise beam performance. You get high-end style. And you get an advanced LED lighting system for a safer, smoother and more enjoyable drive.</FeatureGlossary><FeatureRank>2</FeatureRank><FeatureTopRank>5</FeatureTopRank></Feature><Feature><FeatureCode>F400082243</FeatureCode><FeatureName>Ready, steady, installed!</FeatureName><FeatureLongDescription>Easy installation and compatible with many car models</FeatureLongDescription><FeatureGlossary>Designed to be easily installed in compatible vehicles, drivers with maintenance experience will be able to upgrade compatible lights with ease.</FeatureGlossary><FeatureRank>1</FeatureRank><FeatureTopRank>6</FeatureTopRank></Feature></KeyBenefitArea><FeatureImage><FeatureCode>F400082237</FeatureCode><FeatureReferenceName>See more inside your car</FeatureReferenceName><FeatureImageRank>1</FeatureImageRank><FeatureImageURL>http://www.p4c.philips.com/cgi-bin/dcbint/get?id=F400082237&amp;doctype=FIP&amp;alt=1</FeatureImageURL></FeatureImage><FeatureImage><FeatureCode>F400082238</FeatureCode><FeatureReferenceName>Stylish interior lighting</FeatureReferenceName><FeatureImageRank>2</FeatureImageRank><FeatureImageURL>http://www.p4c.philips.com/cgi-bin/dcbint/get?id=F400082238&amp;doctype=FIP&amp;alt=1</FeatureImageURL></FeatureImage><FeatureImage><FeatureCode>F400082240</FeatureCode><FeatureReferenceName>Bright interior light</FeatureReferenceName><FeatureImageRank>3</FeatureImageRank><FeatureImageURL>http://www.p4c.philips.com/cgi-bin/dcbint/get?id=F400082240&amp;doctype=FIP&amp;alt=1</FeatureImageURL></FeatureImage><FeatureImage><FeatureCode>F400082463</FeatureCode><FeatureReferenceName>Longer lasting LED lights</FeatureReferenceName><FeatureImageRank>4</FeatureImageRank><FeatureImageURL>http://www.p4c.philips.com/cgi-bin/dcbint/get?id=F400082463&amp;doctype=FIP&amp;alt=1</FeatureImageURL></FeatureImage><FeatureImage><FeatureCode>F400081930</FeatureCode><FeatureReferenceName>Automotive grade quality</FeatureReferenceName><FeatureImageRank>5</FeatureImageRank><FeatureImageURL>http://www.p4c.philips.com/cgi-bin/dcbint/get?id=F400081930&amp;doctype=FIP&amp;alt=1</FeatureImageURL></FeatureImage><FeatureImage><FeatureCode>F400082243</FeatureCode><FeatureReferenceName>Ready, steady, installed!-Car LED</FeatureReferenceName><FeatureImageRank>6</FeatureImageRank><FeatureImageURL>http://www.p4c.philips.com/cgi-bin/dcbint/get?id=F400082243&amp;doctype=FIP&amp;alt=1</FeatureImageURL></FeatureImage><FeatureHighlight><FeatureCode>F400082237</FeatureCode><FeatureHighlightRank>1</FeatureHighlightRank></FeatureHighlight><FeatureHighlight><FeatureCode>F400082238</FeatureCode><FeatureHighlightRank>2</FeatureHighlightRank></FeatureHighlight><FeatureHighlight><FeatureCode>F400082240</FeatureCode><FeatureHighlightRank>3</FeatureHighlightRank></FeatureHighlight><FeatureHighlight><FeatureCode>F400082463</FeatureCode><FeatureHighlightRank>4</FeatureHighlightRank></FeatureHighlight><FeatureHighlight><FeatureCode>F400081930</FeatureCode><FeatureHighlightRank>5</FeatureHighlightRank></FeatureHighlight><FeatureHighlight><FeatureCode>F400082243</FeatureCode><FeatureHighlightRank>6</FeatureHighlightRank></FeatureHighlight><CSChapter><CSChapterCode>3001177</CSChapterCode><CSChapterName>Packaging Data</CSChapterName><CSChapterRank>1</CSChapterRank><CSItem><CSItemCode>IT4035590</CSItemCode><CSItemName>EAN1</CSItemName><CSItemRank>7</CSItemRank><CSValue><CSValueCode>VA4082922</CSValueCode><CSValueName>8727900398021</CSValueName><CSValueRank>1</CSValueRank></CSValue></CSItem><CSItem><CSItemCode>IT4035591</CSItemCode><CSItemName>EAN3</CSItemName><CSItemRank>9</CSItemRank><CSValue><CSValueCode>VA4082924</CSValueCode><CSValueName>8727900398038</CSValueName><CSValueRank>1</CSValueRank></CSValue></CSItem><CSItem><CSItemCode>IT4035805</CSItemCode><CSItemName>Packaging type</CSItemName><CSItemRank>10</CSItemRank><CSValue><CSValueCode>VA4083279</CSValueCode><CSValueName>X1</CSValueName><CSValueRank>1</CSValueRank></CSValue></CSItem></CSChapter><CSChapter><CSChapterCode>CH4006466</CSChapterCode><CSChapterName>Product description</CSChapterName><CSChapterRank>2</CSChapterRank><CSItem><CSItemCode>IT4031517</CSItemCode><CSItemName>Application</CSItemName><CSItemRank>2</CSItemRank><CSValue><CSValueCode>VA4071909</CSValueCode><CSValueName>Interior</CSValueName><CSValueRank>2</CSValueRank></CSValue><CSValue><CSValueCode>VA4081277</CSValueCode><CSValueName>Trunk</CSValueName><CSValueRank>4</CSValueRank></CSValue><CSValue><CSValueCode>VA4099800</CSValueCode><CSValueName>glove box</CSValueName><CSValueRank>6</CSValueRank></CSValue></CSItem><CSItem><CSItemCode>IT4031519</CSItemCode><CSItemName>Range</CSItemName><CSItemRank>8</CSItemRank><CSValue><CSValueCode>VA4099221</CSValueCode><CSValueName>X-tremeUltinon LED</CSValueName><CSValueRank>5</CSValueRank></CSValue></CSItem></CSChapter><CSChapter><CSChapterCode>CH4006461</CSChapterCode><CSChapterName>Marketing specifications</CSChapterName><CSChapterRank>3</CSChapterRank><CSItem><CSItemCode>IT4031492</CSItemCode><CSItemName>Expected benefits</CSItemName><CSItemRank>1</CSItemRank><CSValue><CSValueCode>VA4099214</CSValueCode><CSValueName>Advanced automotive system</CSValueName><CSValueRank>3</CSValueRank></CSValue></CSItem></CSChapter><CSChapter><CSChapterCode>CH4006484</CSChapterCode><CSChapterName>Ordering information</CSChapterName><CSChapterRank>4</CSChapterRank><CSItem><CSItemCode>IT4035592</CSItemCode><CSItemName>Order entry</CSItemName><CSItemRank>5</CSItemRank><CSValue><CSValueCode>VA4082925</CSValueCode><CSValueName>12946I60X1</CSValueName><CSValueRank>1</CSValueRank></CSValue></CSItem><CSItem><CSItemCode>IT4035593</CSItemCode><CSItemName>Ordering code</CSItemName><CSItemRank>6</CSItemRank><CSValue><CSValueCode>VA4082926</CSValueCode><CSValueName>39802130</CSValueName><CSValueRank>1</CSValueRank></CSValue></CSItem></CSChapter><CSChapter><CSChapterCode>CH4006541</CSChapterCode><CSChapterName>Outerpack information</CSChapterName><CSChapterRank>5</CSChapterRank><CSItem><CSItemCode>IT4035764</CSItemCode><CSItemName>Height</CSItemName><CSItemRank>11</CSItemRank><CSValue><CSValueCode>VA4083203</CSValueCode><CSValueName>8.5</CSValueName><CSValueRank>1</CSValueRank></CSValue><UnitOfMeasure><UnitOfMeasureCode>3000039</UnitOfMeasureCode><UnitOfMeasureName>centimeter</UnitOfMeasureName><UnitOfMeasureSymbol>cm</UnitOfMeasureSymbol></UnitOfMeasure></CSItem><CSItem><CSItemCode>IT4035762</CSItemCode><CSItemName>Length</CSItemName><CSItemRank>12</CSItemRank><CSValue><CSValueCode>VA4083201</CSValueCode><CSValueName>19.5</CSValueName><CSValueRank>1</CSValueRank></CSValue><UnitOfMeasure><UnitOfMeasureCode>3000039</UnitOfMeasureCode><UnitOfMeasureName>centimeter</UnitOfMeasureName><UnitOfMeasureSymbol>cm</UnitOfMeasureSymbol></UnitOfMeasure></CSItem><CSItem><CSItemCode>IT4035763</CSItemCode><CSItemName>Width</CSItemName><CSItemRank>15</CSItemRank><CSValue><CSValueCode>VA4083202</CSValueCode><CSValueName>15.1</CSValueName><CSValueRank>1</CSValueRank></CSValue><UnitOfMeasure><UnitOfMeasureCode>3000039</UnitOfMeasureCode><UnitOfMeasureName>centimeter</UnitOfMeasureName><UnitOfMeasureSymbol>cm</UnitOfMeasureSymbol></UnitOfMeasure></CSItem><CSItem><CSItemCode>IT4036935</CSItemCode><CSItemName>Gross weight per piece</CSItemName><CSItemRank>16</CSItemRank><CSValue><CSValueCode>VA4085803</CSValueCode><CSValueName>0.27</CSValueName><CSValueRank>1</CSValueRank></CSValue><UnitOfMeasure><UnitOfMeasureCode>3000049</UnitOfMeasureCode><UnitOfMeasureName>kilogram</UnitOfMeasureName><UnitOfMeasureSymbol>kg</UnitOfMeasureSymbol></UnitOfMeasure></CSItem></CSChapter><CSChapter><CSChapterCode>CH4006501</CSChapterCode><CSChapterName>Packed product information</CSChapterName><CSChapterRank>6</CSChapterRank><CSItem><CSItemCode>IT4035760</CSItemCode><CSItemName>Height</CSItemName><CSItemRank>13</CSItemRank><CSValue><CSValueCode>VA4083198</CSValueCode><CSValueName>9.2</CSValueName><CSValueRank>1</CSValueRank></CSValue><UnitOfMeasure><UnitOfMeasureCode>3000039</UnitOfMeasureCode><UnitOfMeasureName>centimeter</UnitOfMeasureName><UnitOfMeasureSymbol>cm</UnitOfMeasureSymbol></UnitOfMeasure></CSItem><CSItem><CSItemCode>IT4035758</CSItemCode><CSItemName>Length</CSItemName><CSItemRank>14</CSItemRank><CSValue><CSValueCode>VA4083195</CSValueCode><CSValueName>6.8</CSValueName><CSValueRank>1</CSValueRank></CSValue><UnitOfMeasure><UnitOfMeasureCode>3000039</UnitOfMeasureCode><UnitOfMeasureName>centimeter</UnitOfMeasureName><UnitOfMeasureSymbol>cm</UnitOfMeasureSymbol></UnitOfMeasure></CSItem><CSItem><CSItemCode>IT4035759</CSItemCode><CSItemName>Width</CSItemName><CSItemRank>17</CSItemRank><CSValue><CSValueCode>VA4083196</CSValueCode><CSValueName>2.8</CSValueName><CSValueRank>1</CSValueRank></CSValue><UnitOfMeasure><UnitOfMeasureCode>3000039</UnitOfMeasureCode><UnitOfMeasureName>centimeter</UnitOfMeasureName><UnitOfMeasureSymbol>cm</UnitOfMeasureSymbol></UnitOfMeasure></CSItem><CSItem><CSItemCode>IT4040440</CSItemCode><CSItemName>MOQ (for professionals)</CSItemName><CSItemRank>18</CSItemRank><CSValue><CSValueCode>VA4094183</CSValueCode><CSValueName>10</CSValueName><CSValueRank>1</CSValueRank></CSValue></CSItem><CSItem><CSItemCode>IT4040439</CSItemCode><CSItemName>Pack Quantity</CSItemName><CSItemRank>19</CSItemRank><CSValue><CSValueCode>VA4094182</CSValueCode><CSValueName>1</CSValueName><CSValueRank>1</CSValueRank></CSValue></CSItem></CSChapter><CSChapter><CSChapterCode>CH4006483</CSChapterCode><CSChapterName>Lifetime</CSChapterName><CSChapterRank>7</CSChapterRank><CSItem><CSItemCode>IT4035428</CSItemCode><CSItemName>Life time</CSItemName><CSItemRank>4</CSItemRank><CSValue><CSValueCode>VA4082346</CSValueCode><CSValueName>Up to 12 years</CSValueName><CSValueRank>1</CSValueRank></CSValue></CSItem></CSChapter><Disclaimer><DisclaimerCode>DIS40011829</DisclaimerCode><DisclaimerName>Important: This LED retrofit light is specifically designed and intended for off-road use only, such as rally and race track driving, and is therefore subject to a technical check for installation. The LED retrofit light cannot legally be installed in on-road vehicles.</DisclaimerName></Disclaimer><Disclaimer><DisclaimerCode>DIS40011830</DisclaimerCode><DisclaimerName>Lumileds cannot accept any responsibility and/or liability. It is your own responsibility that the use of the LED Retrofit lights complies with applicable legal requirements. Designed for rally and race tracks. Not for use on public roads.</DisclaimerName></Disclaimer><Disclaimer><DisclaimerCode>DIS40011831</DisclaimerCode><DisclaimerName>The LED retrofit headlights and exterior signaling lighting cannot be sold in Germany, Spain, Slovakia, Cyprus, UK, Netherlands, Czech Republic, Greece, Hungary, Latvia, Luxemburg, Malta and Slovenia.</DisclaimerName></Disclaimer><Disclaimer><DisclaimerCode>DIS40011832</DisclaimerCode><DisclaimerName>4th Disclaimer</DisclaimerName></Disclaimer><MarketingVersion>2.0.1</MarketingVersion><MarketingStatus>Final Published</MarketingStatus><Code12NC>867000146589</Code12NC></Product></Products>