<?xml version="1.0" encoding="UTF-8"?><Products xmlns:source="http://apache.org/cocoon/source/1.0"><Product Brand="PHI" Division="CE" EndOfPublication="2044-06-24T00:00:00" IsAccessory="false" IsMaster="true" StartOfPublication="2010-08-31T00:00:00" lastModified="2018-06-15T00:05:36" masterLastModified="2018-06-15T00:01:20"><CTN>12814B2</CTN><DTN>12814B2</DTN><Categorization><GroupCode>AUTOMOTIVE_GR</GroupCode><GroupName>Automotive</GroupName><CategoryCode>CAR_LIGHTS_CA</CategoryCode><CategoryName>Car lights</CategoryName><SubcategoryCode>SINGALLING_AND_INTERIOR_LIGHTING_SU</SubcategoryCode><SubcategoryName>Signaling and interior lighting</SubcategoryName></Categorization><ProductImage><ProductImageFTLURL>http://www.p4c.philips.com/cgi-bin/dcbint/get?id=12814B2&amp;doctype=FTP&amp;alt=1</ProductImageFTLURL><ProductImageEBURL>http://www.p4c.philips.com/cgi-bin/dcbint/get?id=12814B2&amp;doctype=BPP&amp;alt=1</ProductImageEBURL></ProductImage><Assets><Asset Description="Leaflet" Type="PSS">http://download.p4c.philips.com/files/1/12814b2/12814b2_pss_rusru.pdf</Asset><Asset Description="Leaflet" Type="PSS">http://download.p4c.philips.com/files/1/12814b2/12814b2_pss_.pdf</Asset><Asset Description="Standard product photograph - highres 2196x1795" Type="RTP">http://images.philips.com/is/image/PhilipsConsumer/12814B2-RTP-global-001</Asset></Assets><FullProductName>Philips Vision Conventional Interior and Signaling 12814B2 Type of lamp: R10W Pack of: 2 12 V,10 W</FullProductName><ProductName>Conventional Interior and Signaling</ProductName><NamingString><MasterBrand><BrandCode>PHI</BrandCode><BrandName>Philips</BrandName></MasterBrand><BrandString>Philips</BrandString><Concept><ConceptCode>SB40002286</ConceptCode><ConceptName>Vision</ConceptName><ConceptLogoURL>http://www.p4c.philips.com/cgi-bin/dcbint/get?id=SB40002286&amp;doctype=CLL&amp;alt=1</ConceptLogoURL><ConceptNameUsed>1</ConceptNameUsed><IsFamily>1</IsFamily></Concept><Descriptor><DescriptorCode>D4023463</DescriptorCode><DescriptorName>Conventional Interior and Signaling</DescriptorName></Descriptor><Alphanumeric>12814B2</Alphanumeric><VersionElement1><VersionElementCode>V4044008</VersionElementCode><VersionElementName>Type of lamp: R10W</VersionElementName></VersionElement1><VersionElement2><VersionElementCode>V4043914</VersionElementCode><VersionElementName>Pack of: 2</VersionElementName></VersionElement2><VersionElement3><VersionElementCode>V4043936</VersionElementCode><VersionElementName>12 V,10 W</VersionElementName></VersionElement3><VersionString>Type of lamp: R10W Pack of: 2 12 V,10 W</VersionString><BrandedFeatureString/><DescriptorBrandedFeatureString>Conventional Interior and Signaling</DescriptorBrandedFeatureString></NamingString><WOW>Feel safe, drive safe</WOW><SubWOW>Philips signaling lamps</SubWOW><MarketingTextHeader>Our Signaling lamps are the choice of major car manufacturers. They offer best in class quality at competitive price.</MarketingTextHeader><MarketingTextBody/><SupraFeature/><KeyBenefitArea><KeyBenefitAreaCode>K4025436</KeyBenefitAreaCode><KeyBenefitAreaName>Original Equipment manufacturer</KeyBenefitAreaName><KeyBenefitAreaRank>1</KeyBenefitAreaRank><Feature><FeatureCode>F400058691</FeatureCode><FeatureName>Car manufactuer choice</FeatureName><FeatureLongDescription>Philips is the choice of major car manufacturers</FeatureLongDescription><FeatureGlossary>For 100 years, Philips has been on the forefront of the automotive lighting industry, introducing technological innovations that have become standard on modern automobiles. Today, one in two cars in Europe and one in three worldwide is equipped with Philips lighting</FeatureGlossary><FeatureRank>1</FeatureRank><FeatureTopRank>1</FeatureTopRank></Feature><Feature><FeatureCode>F400058687</FeatureCode><FeatureName>Designed for multiple usage</FeatureName><FeatureLongDescription>Wide range of 12V lamps to meet all functions</FeatureLongDescription><FeatureGlossary>Which 12V lamp for which function ? Philips Automotive offering includes all car specific functions : high beam, Low beal, front fog , front indicator, side indicator, rear indicator, stop light, reversing light, rear fog light, license plate lights, rear position/parking light, interior lights.</FeatureGlossary><FeatureRank>2</FeatureRank><FeatureTopRank>2</FeatureTopRank></Feature><Feature><FeatureCode>F400058693</FeatureCode><FeatureName>ECE homlogation</FeatureName><FeatureLongDescription>Respecting high quality standards of the ECE homlogation</FeatureLongDescription><FeatureGlossary>Philips automotive products and services are considered best-in-class in the Original Equipment Manufacturer market and the aftermarket. Manufactured from high quality products and tested to the highest specifications, our products are designed to maximize the safety and comfort of our customers’ driving experience. Our entire product range is thoroughly tested, controlled and certified (ISO 9001, ISO 14001 and QSO 9000) to the highest ECE requirements. Put simply, this is quality you can trust.</FeatureGlossary><FeatureRank>3</FeatureRank><FeatureTopRank>3</FeatureTopRank></Feature></KeyBenefitArea><FeatureImage><FeatureCode>F400058691</FeatureCode><FeatureReferenceName>Car manufactuer choice</FeatureReferenceName><FeatureImageRank>1</FeatureImageRank><FeatureImageURL>http://www.p4c.philips.com/cgi-bin/dcbint/get?id=F400058691&amp;doctype=FIP&amp;alt=1</FeatureImageURL></FeatureImage><FeatureImage><FeatureCode>F400058687</FeatureCode><FeatureReferenceName>Designed for multiple usage</FeatureReferenceName><FeatureImageRank>2</FeatureImageRank><FeatureImageURL>http://www.p4c.philips.com/cgi-bin/dcbint/get?id=F400058687&amp;doctype=FIP&amp;alt=1</FeatureImageURL></FeatureImage><FeatureImage><FeatureCode>F400058693</FeatureCode><FeatureReferenceName>ECE homlogation</FeatureReferenceName><FeatureImageRank>3</FeatureImageRank><FeatureImageURL>http://www.p4c.philips.com/cgi-bin/dcbint/get?id=F400058693&amp;doctype=FIP&amp;alt=1</FeatureImageURL></FeatureImage><FeatureHighlight><FeatureCode>F400058691</FeatureCode><FeatureHighlightRank>1</FeatureHighlightRank></FeatureHighlight><FeatureHighlight><FeatureCode>F400058687</FeatureCode><FeatureHighlightRank>2</FeatureHighlightRank></FeatureHighlight><FeatureHighlight><FeatureCode>F400058693</FeatureCode><FeatureHighlightRank>3</FeatureHighlightRank></FeatureHighlight><CSChapter><CSChapterCode>CH4006521</CSChapterCode><CSChapterName>Electrical characteristics</CSChapterName><CSChapterRank>1</CSChapterRank><CSItem><CSItemCode>IT4031552</CSItemCode><CSItemName>Voltage</CSItemName><CSItemRank>1</CSItemRank><CSValue><CSValueCode>VA4073723</CSValueCode><CSValueName>12</CSValueName><CSValueRank>1</CSValueRank></CSValue><UnitOfMeasure><UnitOfMeasureCode>3000071</UnitOfMeasureCode><UnitOfMeasureName>volt</UnitOfMeasureName><UnitOfMeasureSymbol>V</UnitOfMeasureSymbol></UnitOfMeasure></CSItem><CSItem><CSItemCode>IT4031551</CSItemCode><CSItemName>Wattage</CSItemName><CSItemRank>2</CSItemRank><CSValue><CSValueCode>VA4080210</CSValueCode><CSValueName>10</CSValueName><CSValueRank>13</CSValueRank></CSValue><UnitOfMeasure><UnitOfMeasureCode>3000072</UnitOfMeasureCode><UnitOfMeasureName>watt</UnitOfMeasureName><UnitOfMeasureSymbol>W</UnitOfMeasureSymbol></UnitOfMeasure></CSItem></CSChapter><CSChapter><CSChapterCode>CH4006483</CSChapterCode><CSChapterName>Lifetime</CSChapterName><CSChapterRank>2</CSChapterRank><CSItem><CSItemCode>IT4031525</CSItemCode><CSItemName>Life time</CSItemName><CSItemRank>1</CSItemRank><CSValue><CSValueCode>VA4072293</CSValueCode><CSValueName>625h</CSValueName><CSValueRank>18</CSValueRank></CSValue></CSItem></CSChapter><CSChapter><CSChapterCode>CH4005203</CSChapterCode><CSChapterName>Light characteristics</CSChapterName><CSChapterRank>3</CSChapterRank><CSItem><CSItemCode>IT4031553</CSItemCode><CSItemName>Lumens</CSItemName><CSItemRank>1</CSItemRank><CSValue><CSValueCode>VA4073764</CSValueCode><CSValueName>125</CSValueName><CSValueRank>12</CSValueRank></CSValue><UnitOfMeasure><UnitOfMeasureCode>3000051</UnitOfMeasureCode><UnitOfMeasureName>lumen</UnitOfMeasureName><UnitOfMeasureSymbol>lm</UnitOfMeasureSymbol></UnitOfMeasure></CSItem></CSChapter><CSChapter><CSChapterCode>3001177</CSChapterCode><CSChapterName>Packaging Data</CSChapterName><CSChapterRank>4</CSChapterRank><CSItem><CSItemCode>IT4035591</CSItemCode><CSItemName>EAN3</CSItemName><CSItemRank>1</CSItemRank><CSValue><CSValueCode>VA4082924</CSValueCode><CSValueName>8711500417718</CSValueName><CSValueRank>1</CSValueRank></CSValue></CSItem><CSItem><CSItemCode>IT4035590</CSItemCode><CSItemName>EAN1</CSItemName><CSItemRank>2</CSItemRank><CSValue><CSValueCode>VA4082922</CSValueCode><CSValueName>8711500055477</CSValueName><CSValueRank>1</CSValueRank></CSValue></CSItem><CSItem><CSItemCode>IT4000721</CSItemCode><CSItemName>Packaging type</CSItemName><CSItemRank>3</CSItemRank><CSValue><CSValueCode>VA4072971</CSValueCode><CSValueName>B2</CSValueName><CSValueRank>6</CSValueRank></CSValue></CSItem></CSChapter><CSChapter><CSChapterCode>CH4006466</CSChapterCode><CSChapterName>Product description</CSChapterName><CSChapterRank>5</CSChapterRank><CSItem><CSItemCode>IT4031517</CSItemCode><CSItemName>Application</CSItemName><CSItemRank>1</CSItemRank><CSValue><CSValueCode>VA4071909</CSValueCode><CSValueName>Interior</CSValueName><CSValueRank>7</CSValueRank></CSValue><CSValue><CSValueCode>VA4071907</CSValueCode><CSValueName>License</CSValueName><CSValueRank>11</CSValueRank></CSValue><CSValue><CSValueCode>VA4071903</CSValueCode><CSValueName>Rear indicator</CSValueName><CSValueRank>15</CSValueRank></CSValue><CSValue><CSValueCode>VA4071908</CSValueCode><CSValueName>Rear position/ parking light</CSValueName><CSValueRank>16</CSValueRank></CSValue><CSValue><CSValueCode>VA4071905</CSValueCode><CSValueName>Reversing light</CSValueName><CSValueRank>17</CSValueRank></CSValue><CSValue><CSValueCode>VA4081862</CSValueCode><CSValueName>Reading light</CSValueName><CSValueRank>20</CSValueRank></CSValue><CSValue><CSValueCode>VA4081860</CSValueCode><CSValueName>Tail light</CSValueName><CSValueRank>21</CSValueRank></CSValue></CSItem><CSItem><CSItemCode>IT4031520</CSItemCode><CSItemName>Base</CSItemName><CSItemRank>2</CSItemRank><CSValue><CSValueCode>VA4072146</CSValueCode><CSValueName>BA15s</CSValueName><CSValueRank>23</CSValueRank></CSValue></CSItem><CSItem><CSItemCode>IT4031518</CSItemCode><CSItemName>Designation</CSItemName><CSItemRank>3</CSItemRank><CSValue><CSValueCode>VA4071993</CSValueCode><CSValueName>R10W</CSValueName><CSValueRank>24</CSValueRank></CSValue></CSItem><CSItem><CSItemCode>IT4031521</CSItemCode><CSItemName>Homologation ECE</CSItemName><CSItemRank>4</CSItemRank><CSValue><CSValueCode>VA4072195</CSValueCode><CSValueName>YES</CSValueName><CSValueRank>5</CSValueRank></CSValue></CSItem><CSItem><CSItemCode>IT4031519</CSItemCode><CSItemName>Range</CSItemName><CSItemRank>5</CSItemRank><CSValue><CSValueCode>VA4072104</CSValueCode><CSValueName>Vision</CSValueName><CSValueRank>9</CSValueRank></CSValue></CSItem><CSItem><CSItemCode>IT4031500</CSItemCode><CSItemName>Technology</CSItemName><CSItemRank>6</CSItemRank><CSValue><CSValueCode>VA4071794</CSValueCode><CSValueName>Conventional</CSValueName><CSValueRank>2</CSValueRank></CSValue></CSItem><CSItem><CSItemCode>IT4031508</CSItemCode><CSItemName>Type</CSItemName><CSItemRank>7</CSItemRank><CSValue><CSValueCode>VA4071842</CSValueCode><CSValueName>R10W</CSValueName><CSValueRank>22</CSValueRank></CSValue></CSItem></CSChapter><CSChapter><CSChapterCode>CH4006541</CSChapterCode><CSChapterName>Outerpack information</CSChapterName><CSChapterRank>6</CSChapterRank><CSItem><CSItemCode>IT4031577</CSItemCode><CSItemName>Gross weight per piece</CSItemName><CSItemRank>1</CSItemRank><CSValue><CSValueCode>VA4081417</CSValueCode><CSValueName>0.265</CSValueName><CSValueRank>26</CSValueRank></CSValue><UnitOfMeasure><UnitOfMeasureCode>3000049</UnitOfMeasureCode><UnitOfMeasureName>kilogram</UnitOfMeasureName><UnitOfMeasureSymbol>kg</UnitOfMeasureSymbol></UnitOfMeasure></CSItem><CSItem><CSItemCode>IT4031576</CSItemCode><CSItemName>Height</CSItemName><CSItemRank>2</CSItemRank><CSValue><CSValueCode>VA4079945</CSValueCode><CSValueName>13</CSValueName><CSValueRank>19</CSValueRank></CSValue><UnitOfMeasure><UnitOfMeasureCode>3000039</UnitOfMeasureCode><UnitOfMeasureName>centimeter</UnitOfMeasureName><UnitOfMeasureSymbol>cm</UnitOfMeasureSymbol></UnitOfMeasure></CSItem><CSItem><CSItemCode>IT4031574</CSItemCode><CSItemName>Length</CSItemName><CSItemRank>3</CSItemRank><CSValue><CSValueCode>VA4074126</CSValueCode><CSValueName>14.5</CSValueName><CSValueRank>3</CSValueRank></CSValue><UnitOfMeasure><UnitOfMeasureCode>3000039</UnitOfMeasureCode><UnitOfMeasureName>centimeter</UnitOfMeasureName><UnitOfMeasureSymbol>cm</UnitOfMeasureSymbol></UnitOfMeasure></CSItem><CSItem><CSItemCode>IT4031575</CSItemCode><CSItemName>Width</CSItemName><CSItemRank>4</CSItemRank><CSValue><CSValueCode>VA4074176</CSValueCode><CSValueName>13.5</CSValueName><CSValueRank>10</CSValueRank></CSValue><UnitOfMeasure><UnitOfMeasureCode>3000039</UnitOfMeasureCode><UnitOfMeasureName>centimeter</UnitOfMeasureName><UnitOfMeasureSymbol>cm</UnitOfMeasureSymbol></UnitOfMeasure></CSItem></CSChapter><CSChapter><CSChapterCode>CH4006501</CSChapterCode><CSChapterName>Packed product information</CSChapterName><CSChapterRank>7</CSChapterRank><CSItem><CSItemCode>IT4040439</CSItemCode><CSItemName>Pack Quantity</CSItemName><CSItemRank>1</CSItemRank><CSValue><CSValueCode>VA4094182</CSValueCode><CSValueName>2</CSValueName><CSValueRank>1</CSValueRank></CSValue></CSItem><CSItem><CSItemCode>IT4040440</CSItemCode><CSItemName>MOQ (for professionals)</CSItemName><CSItemRank>2</CSItemRank><CSValue><CSValueCode>VA4094183</CSValueCode><CSValueName>20</CSValueName><CSValueRank>1</CSValueRank></CSValue></CSItem><CSItem><CSItemCode>IT4031573</CSItemCode><CSItemName>Gross weight per piece</CSItemName><CSItemRank>3</CSItemRank><CSValue><CSValueCode>VA4081353</CSValueCode><CSValueName>13.25</CSValueName><CSValueRank>27</CSValueRank></CSValue><UnitOfMeasure><UnitOfMeasureCode>4000006</UnitOfMeasureCode><UnitOfMeasureName>-Grams</UnitOfMeasureName><UnitOfMeasureSymbol>g</UnitOfMeasureSymbol></UnitOfMeasure></CSItem><CSItem><CSItemCode>IT4031571</CSItemCode><CSItemName>Height</CSItemName><CSItemRank>4</CSItemRank><CSValue><CSValueCode>VA4080067</CSValueCode><CSValueName>12.9</CSValueName><CSValueRank>14</CSValueRank></CSValue><UnitOfMeasure><UnitOfMeasureCode>3000039</UnitOfMeasureCode><UnitOfMeasureName>centimeter</UnitOfMeasureName><UnitOfMeasureSymbol>cm</UnitOfMeasureSymbol></UnitOfMeasure></CSItem><CSItem><CSItemCode>IT4031572</CSItemCode><CSItemName>Net weight per piece</CSItemName><CSItemRank>5</CSItemRank><CSValue><CSValueCode>VA4073916</CSValueCode><CSValueName>5.93</CSValueName><CSValueRank>25</CSValueRank></CSValue><UnitOfMeasure><UnitOfMeasureCode>4000006</UnitOfMeasureCode><UnitOfMeasureName>-Grams</UnitOfMeasureName><UnitOfMeasureSymbol>g</UnitOfMeasureSymbol></UnitOfMeasure></CSItem></CSChapter><CSChapter><CSChapterCode>CH4006484</CSChapterCode><CSChapterName>Ordering information</CSChapterName><CSChapterRank>8</CSChapterRank><CSItem><CSItemCode>IT4031527</CSItemCode><CSItemName>Ordering code</CSItemName><CSItemRank>1</CSItemRank><CSValue><CSValueCode>VA4072771</CSValueCode><CSValueName>5547730</CSValueName><CSValueRank>28</CSValueRank></CSValue></CSItem></CSChapter><CSChapter><CSChapterCode>CH4006461</CSChapterCode><CSChapterName>Marketing specifications</CSChapterName><CSChapterRank>9</CSChapterRank><CSItem><CSItemCode>IT4031492</CSItemCode><CSItemName>Expected benefits</CSItemName><CSItemRank>1</CSItemRank><CSValue><CSValueCode>VA4071765</CSValueCode><CSValueName>More light</CSValueName><CSValueRank>4</CSValueRank></CSValue></CSItem></CSChapter><MarketingVersion>10.1.1</MarketingVersion><MarketingStatus>Final Published</MarketingStatus><GTIN>8711500055477</GTIN><Code12NC>924635417119</Code12NC></Product></Products>