<?xml version="1.0" encoding="UTF-8"?><Products xmlns:source="http://apache.org/cocoon/source/1.0" DocStatus="approved" DocTimeStamp="2018-10-24T13:07:03"><Product Country="VN" IsAccessory="false" IsMaster="false" Locale="vi_VN" lastModified="2018-10-24T05:16:14" masterLastModified="2018-05-17T00:28:19"><CTN>8718696820827</CTN><Code12NC>929001893467</Code12NC><GTIN>8718696820827</GTIN><MarketingVersion>1.0.1</MarketingVersion><MarketingStatus>Final Published</MarketingStatus><CRDate>2018-01-05</CRDate><CRDateYW>201801</CRDateYW><ModelYears><ModelYear>2018</ModelYear></ModelYears><ProductDivision><ProductDivisionCode>0100</ProductDivisionCode><ProductDivisionName>Lighting</ProductDivisionName><FormerPDCode>0100</FormerPDCode></ProductDivision><ProductOwner>Mellissa van Heest - Cooijman</ProductOwner><DTN>8718696820827</DTN><Catalog><StartOfPublication>2018-02-05T00:00:00</StartOfPublication><EndOfPublication>2021-02-05T00:00:00</EndOfPublication><StartOfSales>2018-02-05T00:00:00</StartOfSales><EndOfSales>2021-02-05T00:00:00</EndOfSales><DummyPrice/><Deleted>false</Deleted><DeleteAfterDate/><ProductRank>50</ProductRank></Catalog><FinancialCategorization><BusinessGroupCode>9240</BusinessGroupCode><BusinessGroupName>LED</BusinessGroupName><BusinessUnitCode>0118</BusinessUnitCode><BusinessUnitName>LED Lamps</BusinessUnitName><MainArticleGroupCode>L66</MainArticleGroupCode><MainArticleGroupName>LED Bulbs</MainArticleGroupName><ArticleGroupCode>3897</ArticleGroupCode><ArticleGroupName>Bulbs Essential - Plastic</ArticleGroupName></FinancialCategorization><Categorization type="CONSUMER"><GroupCode>LIGHTING_GR</GroupCode><GroupName>Lighting</GroupName><CategoryCode>CHOOSE_A_BULB_CA</CategoryCode><CategoryName>Choose a bulb</CategoryName><SubcategoryCode>STANDARD_BULB_SU</SubcategoryCode><SubcategoryName>Bulb</SubcategoryName></Categorization><Assets><Asset code="8718696820827" description="Leaflet" extension="pdf" lastModified="2018-08-21" locale="vi_VN" number="001" type="PSS">http://download.p4c.philips.com/files/8/8718696820827/8718696820827_pss_vievn.pdf</Asset><Asset code="8718696820827" description="Leaflet" extension="pdf" lastModified="2018-05-17" locale="global" number="001" type="PSS">http://download.p4c.philips.com/files/8/8718696820827/8718696820827_pss_.pdf</Asset><Asset code="8718696820827" description="Single product shot" extension="" lastModified="2018-10-24" locale="vi_VN" number="" type="IMS">http://images.philips.com/is/image/PhilipsConsumer/8718696820827-IMS-vi_VN</Asset><Asset code="8718696820827" description="Product gallery image set" extension="" lastModified="2018-10-24" locale="vi_VN" number="" type="GAL">http://images.philips.com/is/image/PhilipsConsumer/8718696820827-GAL-vi_VN</Asset><Asset code="8718696820827" description="Product URL" extension="" lastModified="2018-10-24" locale="vi_VN" number="" type="URL">http://www.philips.com.vn/c-p/8718696820827/led-bulb</Asset></Assets><ProductName>Bóng đèn ánh sáng ban ngày mát mẻ đui 3W (30W) B22</ProductName><FullProductName>Philips LED Bóng đèn 8718696820827 Ánh sáng ban ngày mát mẻ đui 3W (30W) B22</FullProductName><NamingString><MasterBrand><BrandCode>PHI</BrandCode><BrandName>Philips</BrandName></MasterBrand><BrandString>Philips</BrandString><Family><FamilyCode>SB40002784</FamilyCode><FamilyName>LED</FamilyName><FamilyNameUsed>1</FamilyNameUsed></Family><Descriptor><DescriptorCode>D4006687</DescriptorCode><DescriptorName>Bóng đèn</DescriptorName></Descriptor><Alphanumeric>8718696820827</Alphanumeric><VersionElement1><VersionElementCode>V4046615</VersionElementCode><VersionElementName>3W (30W)</VersionElementName></VersionElement1><VersionElement2><VersionElementCode>D4025343</VersionElementCode><VersionElementName>Đui B22</VersionElementName></VersionElement2><VersionElement3><VersionElementCode>V4008676</VersionElementCode><VersionElementName>Ánh sáng trắng ban ngày</VersionElementName></VersionElement3><VersionString>Ánh sáng ban ngày mát mẻ đui 3W (30W) B22</VersionString><BrandedFeatureString/><DescriptorBrandedFeatureString>Bóng đèn</DescriptorBrandedFeatureString></NamingString><WOW>Đèn LED sáng rực rỡ có chất lượng ánh sáng cao</WOW><SubWOW>Tạo ra bầu không khí ấm cúng và lôi cuốn</SubWOW><MarketingTextHeader>Bóng đèn LED Philips cung cấp ánh sáng trắng mát mẻ, thời gian sử dụng cực dài và khả năng tiết kiệm năng lượng cao ngay tức thời. Với thiết kế trang nhã và thuần khiết, bóng đèn này là sự thay thế hoàn hảo cho các bóng đèn truyền thống dạng mờ.</MarketingTextHeader><KeyBenefitArea><KeyBenefitAreaCode>K4017554</KeyBenefitAreaCode><KeyBenefitAreaName>Tạo không khí ấm áp</KeyBenefitAreaName><KeyBenefitAreaRank>1</KeyBenefitAreaRank></KeyBenefitArea><KeyBenefitArea><KeyBenefitAreaCode>K4011091</KeyBenefitAreaCode><KeyBenefitAreaName>Tiết kiệm năng lượng</KeyBenefitAreaName><KeyBenefitAreaRank>2</KeyBenefitAreaRank></KeyBenefitArea><KeyBenefitArea><KeyBenefitAreaCode>K4031148</KeyBenefitAreaCode><KeyBenefitAreaName>Bật sáng ngay tức thì</KeyBenefitAreaName><KeyBenefitAreaRank>3</KeyBenefitAreaRank></KeyBenefitArea><CSChapter><CSChapterCode>CH4006022</CSChapterCode><CSChapterName>Đặc điểm của đèn</CSChapterName><CSChapterRank>1</CSChapterRank><CSItem><CSItemCode>IT4029277</CSItemCode><CSItemName>Đui/đầu gắn</CSItemName><CSItemRank>7</CSItemRank><CSItemIsFreeFormat>0</CSItemIsFreeFormat><CSValue><CSValueCode>VA4067778</CSValueCode><CSValueName>B22</CSValueName><CSValueRank>4</CSValueRank></CSValue></CSItem><CSItem><CSItemCode>IT4029279</CSItemCode><CSItemName>Điều chỉnh độ sáng</CSItemName><CSItemRank>21</CSItemRank><CSItemIsFreeFormat>0</CSItemIsFreeFormat><CSValue><CSValueCode>VA4067747</CSValueCode><CSValueName>Không</CSValueName><CSValueRank>3</CSValueRank></CSValue></CSItem><CSItem><CSItemCode>IT4036606</CSItemCode><CSItemName>Điện áp</CSItemName><CSItemRank>26</CSItemRank><CSItemIsFreeFormat>0</CSItemIsFreeFormat><CSValue><CSValueCode>VA4085091</CSValueCode><CSValueName>220 - 240 V</CSValueName><CSValueRank>9</CSValueRank></CSValue></CSItem><CSItem><CSItemCode>IT4044392</CSItemCode><CSItemName>Hình dạng đèn</CSItemName><CSItemRank>29</CSItemRank><CSItemIsFreeFormat>0</CSItemIsFreeFormat><CSValue><CSValueCode>VA4102170</CSValueCode><CSValueName>Bóng có ánh sáng tỏa tròn</CSValueName><CSValueRank>2</CSValueRank></CSValue></CSItem><CSItem><CSItemCode>IT4044053</CSItemCode><CSItemName>Loại thủy tinh</CSItemName><CSItemRank>30</CSItemRank><CSItemIsFreeFormat>0</CSItemIsFreeFormat><CSValue><CSValueCode>VA4101416</CSValueCode><CSValueName>Sương giá</CSValueName><CSValueRank>10</CSValueRank></CSValue></CSItem><CSItem><CSItemCode>IT4044055</CSItemCode><CSItemName>Mục đích sử dụng</CSItemName><CSItemRank>31</CSItemRank><CSItemIsFreeFormat>0</CSItemIsFreeFormat><CSValue><CSValueCode>VA4101422</CSValueCode><CSValueName>Trong nhà</CSValueName><CSValueRank>6</CSValueRank></CSValue></CSItem></CSChapter><CSChapter><CSChapterCode>CH4005202</CSChapterCode><CSChapterName>Mức tiêu thụ điện</CSChapterName><CSChapterRank>2</CSChapterRank><CSItem><CSItemCode>IT4029051</CSItemCode><CSItemName>Công suất</CSItemName><CSItemRank>4</CSItemRank><CSItemIsFreeFormat>1</CSItemIsFreeFormat><CSValue><CSValueCode>VA4067442</CSValueCode><CSValueName>3</CSValueName><CSValueRank>1</CSValueRank></CSValue><UnitOfMeasure><UnitOfMeasureCode>3000072</UnitOfMeasureCode><UnitOfMeasureName>oát</UnitOfMeasureName><UnitOfMeasureSymbol>W</UnitOfMeasureSymbol></UnitOfMeasure></CSItem><CSItem><CSItemCode>IT4029052</CSItemCode><CSItemName>Công suất tương đương</CSItemName><CSItemRank>10</CSItemRank><CSItemIsFreeFormat>1</CSItemIsFreeFormat><CSValue><CSValueCode>VA4067443</CSValueCode><CSValueName>30</CSValueName><CSValueRank>1</CSValueRank></CSValue><UnitOfMeasure><UnitOfMeasureCode>3000072</UnitOfMeasureCode><UnitOfMeasureName>oát</UnitOfMeasureName><UnitOfMeasureSymbol>W</UnitOfMeasureSymbol></UnitOfMeasure></CSItem><CSItem><CSItemCode>IT4026378</CSItemCode><CSItemName>Nhãn hiệu quả năng lượng</CSItemName><CSItemRank>15</CSItemRank><CSItemIsFreeFormat>0</CSItemIsFreeFormat><CSValue><CSValueCode>VA4089159</CSValueCode><CSValueName>không áp dụng</CSValueName><CSValueRank>13</CSValueRank></CSValue></CSItem></CSChapter><CSChapter><CSChapterCode>CH4005203</CSChapterCode><CSChapterName>Đặc điểm chiếu sáng</CSChapterName><CSChapterRank>3</CSChapterRank><CSItem><CSItemCode>IT4026387</CSItemCode><CSItemName>Độ sáng</CSItemName><CSItemRank>3</CSItemRank><CSItemIsFreeFormat>1</CSItemIsFreeFormat><CSValue><CSValueCode>VA4062484</CSValueCode><CSValueName>300</CSValueName><CSValueRank>1</CSValueRank></CSValue><UnitOfMeasure><UnitOfMeasureCode>4000123</UnitOfMeasureCode><UnitOfMeasureName>Lumen</UnitOfMeasureName><UnitOfMeasureSymbol>lumen</UnitOfMeasureSymbol></UnitOfMeasure></CSItem><CSItem><CSItemCode>IT4029156</CSItemCode><CSItemName>Góc chiếu</CSItemName><CSItemRank>13</CSItemRank><CSItemIsFreeFormat>1</CSItemIsFreeFormat><CSValue><CSValueCode>VA4067567</CSValueCode><CSValueName>130</CSValueName><CSValueRank>1</CSValueRank></CSValue><UnitOfMeasure><UnitOfMeasureCode>3000042</UnitOfMeasureCode><UnitOfMeasureName>độ</UnitOfMeasureName><UnitOfMeasureSymbol>độ</UnitOfMeasureSymbol></UnitOfMeasure></CSItem><CSItem><CSItemCode>IT4029159</CSItemCode><CSItemName>Nhiệt độ màu</CSItemName><CSItemRank>17</CSItemRank><CSItemIsFreeFormat>1</CSItemIsFreeFormat><CSValue><CSValueCode>VA4067572</CSValueCode><CSValueName>6500</CSValueName><CSValueRank>1</CSValueRank></CSValue><UnitOfMeasure><UnitOfMeasureCode>4000041</UnitOfMeasureCode><UnitOfMeasureName>Kelvin</UnitOfMeasureName><UnitOfMeasureSymbol>K</UnitOfMeasureSymbol></UnitOfMeasure></CSItem><CSItem><CSItemCode>IT4029170</CSItemCode><CSItemName>Chỉ số truyền màu (CRI)</CSItemName><CSItemRank>25</CSItemRank><CSItemIsFreeFormat>1</CSItemIsFreeFormat><CSValue><CSValueCode>VA4067596</CSValueCode><CSValueName>70</CSValueName><CSValueRank>1</CSValueRank></CSValue></CSItem><CSItem><CSItemCode>IT4026390</CSItemCode><CSItemName>Thời gian khởi động</CSItemName><CSItemRank>27</CSItemRank><CSItemIsFreeFormat>0</CSItemIsFreeFormat><CSValue><CSValueCode>VA4082665</CSValueCode><CSValueName>&lt;0,5</CSValueName><CSValueRank>11</CSValueRank></CSValue><UnitOfMeasure><UnitOfMeasureCode>3000069</UnitOfMeasureCode><UnitOfMeasureName>giây</UnitOfMeasureName><UnitOfMeasureSymbol>giây</UnitOfMeasureSymbol></UnitOfMeasure></CSItem><CSItem><CSItemCode>IT4029160</CSItemCode><CSItemName>Thời gian khởi động đạt đến 60% độ sáng</CSItemName><CSItemRank>28</CSItemRank><CSItemIsFreeFormat>0</CSItemIsFreeFormat><CSValue><CSValueCode>VA4067639</CSValueCode><CSValueName>Sáng hết công suất tức thì</CSValueName><CSValueRank>8</CSValueRank></CSValue></CSItem><CSItem><CSItemCode>IT4029158</CSItemCode><CSItemName>Màu sắc</CSItemName><CSItemRank>32</CSItemRank><CSItemIsFreeFormat>0</CSItemIsFreeFormat><CSValue><CSValueCode>VA4067570</CSValueCode><CSValueName>Ánh sáng trắng ban ngày</CSValueName><CSValueRank>1</CSValueRank></CSValue></CSItem></CSChapter><CSChapter><CSChapterCode>CH4005204</CSChapterCode><CSChapterName>Tuổi thọ</CSChapterName><CSChapterRank>4</CSChapterRank><CSItem><CSItemCode>IT4029169</CSItemCode><CSItemName>Tuổi thọ của bóng đèn</CSItemName><CSItemRank>6</CSItemRank><CSItemIsFreeFormat>1</CSItemIsFreeFormat><CSValue><CSValueCode>VA4067595</CSValueCode><CSValueName>8000</CSValueName><CSValueRank>1</CSValueRank></CSValue><UnitOfMeasure><UnitOfMeasureCode>4000007</UnitOfMeasureCode><UnitOfMeasureName>-Giờ</UnitOfMeasureName><UnitOfMeasureSymbol>giờ</UnitOfMeasureSymbol></UnitOfMeasure></CSItem><CSItem><CSItemCode>IT4029171</CSItemCode><CSItemName>Số chu kỳ bật/tắt</CSItemName><CSItemRank>12</CSItemRank><CSItemIsFreeFormat>1</CSItemIsFreeFormat><CSValue><CSValueCode>VA4067598</CSValueCode><CSValueName>50000</CSValueName><CSValueRank>1</CSValueRank></CSValue></CSItem><CSItem><CSItemCode>IT4029193</CSItemCode><CSItemName>Hệ số duy trì Lumen</CSItemName><CSItemRank>14</CSItemRank><CSItemIsFreeFormat>0</CSItemIsFreeFormat><CSValue><CSValueCode>VA4067614</CSValueCode><CSValueName>0,7</CSValueName><CSValueRank>5</CSValueRank></CSValue></CSItem><CSItem><CSItemCode>IT4029164</CSItemCode><CSItemName>Tuổi thọ trung bình (sử dụng 2,7 giờ/ngày)</CSItemName><CSItemRank>22</CSItemRank><CSItemIsFreeFormat>1</CSItemIsFreeFormat><CSValue><CSValueCode>VA4067588</CSValueCode><CSValueName>8</CSValueName><CSValueRank>1</CSValueRank></CSValue><UnitOfMeasure><UnitOfMeasureCode>4000081</UnitOfMeasureCode><UnitOfMeasureName>Năm</UnitOfMeasureName><UnitOfMeasureSymbol>năm</UnitOfMeasureSymbol></UnitOfMeasure></CSItem></CSChapter><CSChapter><CSChapterCode>CH4006021</CSChapterCode><CSChapterName>Kích thước đèn</CSChapterName><CSChapterRank>5</CSChapterRank><CSItem><CSItemCode>IT4029271</CSItemCode><CSItemName>Chiều cao</CSItemName><CSItemRank>5</CSItemRank><CSItemIsFreeFormat>1</CSItemIsFreeFormat><CSValue><CSValueCode>VA4067741</CSValueCode><CSValueName>104</CSValueName><CSValueRank>1</CSValueRank></CSValue><UnitOfMeasure><UnitOfMeasureCode>3000058</UnitOfMeasureCode><UnitOfMeasureName>milimet</UnitOfMeasureName><UnitOfMeasureSymbol>mm</UnitOfMeasureSymbol></UnitOfMeasure></CSItem><CSItem><CSItemCode>IT4029272</CSItemCode><CSItemName>Chiều rộng</CSItemName><CSItemRank>11</CSItemRank><CSItemIsFreeFormat>1</CSItemIsFreeFormat><CSValue><CSValueCode>VA4067742</CSValueCode><CSValueName>58</CSValueName><CSValueRank>1</CSValueRank></CSValue><UnitOfMeasure><UnitOfMeasureCode>3000058</UnitOfMeasureCode><UnitOfMeasureName>milimet</UnitOfMeasureName><UnitOfMeasureSymbol>mm</UnitOfMeasureSymbol></UnitOfMeasure></CSItem></CSChapter><CSChapter><CSChapterCode>CH4005206</CSChapterCode><CSChapterName>Đặc điểm khác</CSChapterName><CSChapterRank>6</CSChapterRank><CSItem><CSItemCode>IT4026404</CSItemCode><CSItemName>Hàm lượng thủy ngân</CSItemName><CSItemRank>2</CSItemRank><CSItemIsFreeFormat>1</CSItemIsFreeFormat><CSValue><CSValueCode>VA4062631</CSValueCode><CSValueName>0</CSValueName><CSValueRank>1</CSValueRank></CSValue><UnitOfMeasure><UnitOfMeasureCode>4000142</UnitOfMeasureCode><UnitOfMeasureName>mg</UnitOfMeasureName><UnitOfMeasureSymbol>mg</UnitOfMeasureSymbol></UnitOfMeasure></CSItem><CSItem><CSItemCode>IT4026405</CSItemCode><CSItemName>Hệ số công suất</CSItemName><CSItemRank>8</CSItemRank><CSItemIsFreeFormat>1</CSItemIsFreeFormat><CSValue><CSValueCode>VA4062632</CSValueCode><CSValueName>&gt;0,4</CSValueName><CSValueRank>1</CSValueRank></CSValue></CSItem><CSItem><CSItemCode>IT4026406</CSItemCode><CSItemName>Cường độ dòng diện</CSItemName><CSItemRank>19</CSItemRank><CSItemIsFreeFormat>1</CSItemIsFreeFormat><CSValue><CSValueCode>VA4062633</CSValueCode><CSValueName>30</CSValueName><CSValueRank>1</CSValueRank></CSValue><UnitOfMeasure><UnitOfMeasureCode>4000141</UnitOfMeasureCode><UnitOfMeasureName>mA</UnitOfMeasureName><UnitOfMeasureSymbol>mA</UnitOfMeasureSymbol></UnitOfMeasure></CSItem></CSChapter><CSChapter><CSChapterCode>CH4005207</CSChapterCode><CSChapterName>Giá trị định mức</CSChapterName><CSChapterRank>7</CSChapterRank><CSItem><CSItemCode>IT4026407</CSItemCode><CSItemName>Công suất định mức</CSItemName><CSItemRank>1</CSItemRank><CSItemIsFreeFormat>1</CSItemIsFreeFormat><CSValue><CSValueCode>VA4062634</CSValueCode><CSValueName>3</CSValueName><CSValueRank>1</CSValueRank></CSValue><UnitOfMeasure><UnitOfMeasureCode>3000072</UnitOfMeasureCode><UnitOfMeasureName>oát</UnitOfMeasureName><UnitOfMeasureSymbol>W</UnitOfMeasureSymbol></UnitOfMeasure></CSItem><CSItem><CSItemCode>IT4026408</CSItemCode><CSItemName>Quang thông định mức</CSItemName><CSItemRank>9</CSItemRank><CSItemIsFreeFormat>1</CSItemIsFreeFormat><CSValue><CSValueCode>VA4062635</CSValueCode><CSValueName>300</CSValueName><CSValueRank>1</CSValueRank></CSValue><UnitOfMeasure><UnitOfMeasureCode>4000123</UnitOfMeasureCode><UnitOfMeasureName>Lumen</UnitOfMeasureName><UnitOfMeasureSymbol>lumen</UnitOfMeasureSymbol></UnitOfMeasure></CSItem><CSItem><CSItemCode>IT4029167</CSItemCode><CSItemName>Tuổi thọ định mức</CSItemName><CSItemRank>18</CSItemRank><CSItemIsFreeFormat>1</CSItemIsFreeFormat><CSValue><CSValueCode>VA4067593</CSValueCode><CSValueName>8000</CSValueName><CSValueRank>1</CSValueRank></CSValue><UnitOfMeasure><UnitOfMeasureCode>4000007</UnitOfMeasureCode><UnitOfMeasureName>-Giờ</UnitOfMeasureName><UnitOfMeasureSymbol>giờ</UnitOfMeasureSymbol></UnitOfMeasure></CSItem><CSItem><CSItemCode>IT4029168</CSItemCode><CSItemName>Góc chiếu định mức</CSItemName><CSItemRank>23</CSItemRank><CSItemIsFreeFormat>1</CSItemIsFreeFormat><CSValue><CSValueCode>VA4067594</CSValueCode><CSValueName>130</CSValueName><CSValueRank>1</CSValueRank></CSValue><UnitOfMeasure><UnitOfMeasureCode>3000042</UnitOfMeasureCode><UnitOfMeasureName>độ</UnitOfMeasureName><UnitOfMeasureSymbol>độ</UnitOfMeasureSymbol></UnitOfMeasure></CSItem></CSChapter><Filters><Purpose type="Comparison"><Features><Feature code="F400082426" rank="1" referenceName="A simple LED for everyday use 2"/><Feature code="F400014513" rank="2" referenceName="Instant on"/><Feature code="F400027164" rank="3" referenceName="Energy saving"/></Features><CSItems><CSItem code="IT4026407" rank="1" referenceName="Giá trị định mức - Công suất định mức"/><CSItem code="IT4026404" rank="2" referenceName="Đặc điểm khác - Hàm lượng thủy ngân"/><CSItem code="IT4026387" rank="3" referenceName="Đặc điểm chiếu sáng - Độ sáng"/><CSItem code="IT4029051" rank="4" referenceName="Mức tiêu thụ điện - Công suất"/><CSItem code="IT4029271" rank="5" referenceName="Kích thước đèn - Chiều cao"/><CSItem code="IT4029169" rank="6" referenceName="Tuổi thọ - Tuổi thọ của bóng đèn"/><CSItem code="IT4029277" rank="7" referenceName="Đặc điểm của đèn - Đui/đầu gắn"/><CSItem code="IT4026405" rank="8" referenceName="Đặc điểm khác - Hệ số công suất"/><CSItem code="IT4026408" rank="9" referenceName="Giá trị định mức - Quang thông định mức"/><CSItem code="IT4029052" rank="10" referenceName="Mức tiêu thụ điện - Công suất tương đương"/><CSItem code="IT4029272" rank="11" referenceName="Kích thước đèn - Chiều rộng"/><CSItem code="IT4029171" rank="12" referenceName="Tuổi thọ - Số chu kỳ bật/tắt"/><CSItem code="IT4029156" rank="13" referenceName="Đặc điểm chiếu sáng - Góc chiếu"/><CSItem code="IT4029193" rank="14" referenceName="Tuổi thọ - Hệ số duy trì Lumen"/><CSItem code="IT4026378" rank="15" referenceName="Mức tiêu thụ điện - Nhãn hiệu quả năng lượng"/><CSItem code="IT4029159" rank="17" referenceName="Đặc điểm chiếu sáng - Nhiệt độ màu"/><CSItem code="IT4029167" rank="18" referenceName="Giá trị định mức - Tuổi thọ định mức"/><CSItem code="IT4026406" rank="19" referenceName="Đặc điểm khác - Cường độ dòng diện"/><CSItem code="IT4029279" rank="21" referenceName="Đặc điểm của đèn - Điều chỉnh độ sáng"/><CSItem code="IT4029164" rank="22" referenceName="Tuổi thọ - Tuổi thọ trung bình (sử dụng 2,7 giờ/ngày)"/><CSItem code="IT4029168" rank="23" referenceName="Giá trị định mức - Góc chiếu định mức"/><CSItem code="IT4029170" rank="25" referenceName="Đặc điểm chiếu sáng - Chỉ số truyền màu (CRI)"/><CSItem code="IT4036606" rank="26" referenceName="Đặc điểm của đèn - Điện áp"/><CSItem code="IT4026390" rank="27" referenceName="Đặc điểm chiếu sáng - Thời gian khởi động"/><CSItem code="IT4029160" rank="28" referenceName="Đặc điểm chiếu sáng - Thời gian khởi động đạt đến 60% độ sáng"/><CSItem code="IT4044392" rank="29" referenceName="Đặc điểm của đèn - Hình dạng đèn"/><CSItem code="IT4044053" rank="30" referenceName="Đặc điểm của đèn - Loại thủy tinh"/><CSItem code="IT4044055" rank="31" referenceName="Đặc điểm của đèn - Mục đích sử dụng"/><CSItem code="IT4029158" rank="32" referenceName="Đặc điểm chiếu sáng - Màu sắc"/></CSItems></Purpose><Purpose type="Detail"><Features><Feature code="F400082426" rank="1" referenceName="A simple LED for everyday use 2"/><Feature code="F400014513" rank="2" referenceName="Instant on"/><Feature code="F400027164" rank="3" referenceName="Energy saving"/></Features><CSItems><CSItem code="IT4026407" rank="1" referenceName="Giá trị định mức - Công suất định mức"/><CSItem code="IT4026404" rank="2" referenceName="Đặc điểm khác - Hàm lượng thủy ngân"/><CSItem code="IT4026387" rank="3" referenceName="Đặc điểm chiếu sáng - Độ sáng"/><CSItem code="IT4029051" rank="4" referenceName="Mức tiêu thụ điện - Công suất"/><CSItem code="IT4029271" rank="5" referenceName="Kích thước đèn - Chiều cao"/><CSItem code="IT4029169" rank="6" referenceName="Tuổi thọ - Tuổi thọ của bóng đèn"/><CSItem code="IT4029277" rank="7" referenceName="Đặc điểm của đèn - Đui/đầu gắn"/><CSItem code="IT4026405" rank="8" referenceName="Đặc điểm khác - Hệ số công suất"/><CSItem code="IT4026408" rank="9" referenceName="Giá trị định mức - Quang thông định mức"/><CSItem code="IT4029052" rank="10" referenceName="Mức tiêu thụ điện - Công suất tương đương"/><CSItem code="IT4029272" rank="11" referenceName="Kích thước đèn - Chiều rộng"/><CSItem code="IT4029171" rank="12" referenceName="Tuổi thọ - Số chu kỳ bật/tắt"/><CSItem code="IT4029156" rank="13" referenceName="Đặc điểm chiếu sáng - Góc chiếu"/><CSItem code="IT4029193" rank="14" referenceName="Tuổi thọ - Hệ số duy trì Lumen"/><CSItem code="IT4026378" rank="15" referenceName="Mức tiêu thụ điện - Nhãn hiệu quả năng lượng"/><CSItem code="IT4029159" rank="17" referenceName="Đặc điểm chiếu sáng - Nhiệt độ màu"/><CSItem code="IT4029167" rank="18" referenceName="Giá trị định mức - Tuổi thọ định mức"/><CSItem code="IT4026406" rank="19" referenceName="Đặc điểm khác - Cường độ dòng diện"/><CSItem code="IT4029279" rank="21" referenceName="Đặc điểm của đèn - Điều chỉnh độ sáng"/><CSItem code="IT4029164" rank="22" referenceName="Tuổi thọ - Tuổi thọ trung bình (sử dụng 2,7 giờ/ngày)"/><CSItem code="IT4029168" rank="23" referenceName="Giá trị định mức - Góc chiếu định mức"/><CSItem code="IT4029170" rank="25" referenceName="Đặc điểm chiếu sáng - Chỉ số truyền màu (CRI)"/><CSItem code="IT4036606" rank="26" referenceName="Đặc điểm của đèn - Điện áp"/><CSItem code="IT4026390" rank="27" referenceName="Đặc điểm chiếu sáng - Thời gian khởi động"/><CSItem code="IT4029160" rank="28" referenceName="Đặc điểm chiếu sáng - Thời gian khởi động đạt đến 60% độ sáng"/><CSItem code="IT4044392" rank="29" referenceName="Đặc điểm của đèn - Hình dạng đèn"/><CSItem code="IT4044053" rank="30" referenceName="Đặc điểm của đèn - Loại thủy tinh"/><CSItem code="IT4044055" rank="31" referenceName="Đặc điểm của đèn - Mục đích sử dụng"/><CSItem code="IT4029158" rank="32" referenceName="Đặc điểm chiếu sáng - Màu sắc"/></CSItems></Purpose></Filters><FeatureCompareGroups/><Disclaimers/><RichTexts/></Product></Products>