<?xml version="1.0" encoding="UTF-8"?><Products xmlns:source="http://apache.org/cocoon/source/1.0" DocStatus="approved" DocTimeStamp="2018-10-19T09:19:04"><Product IsAccessory="false" IsMaster="true" lastModified="2018-06-01T00:43:40" masterLastModified="2018-06-01T00:40:22"><CTN>12342RVS2</CTN><Code12NC>867000140346</Code12NC><MarketingVersion>6.0.1</MarketingVersion><MarketingStatus>Final Published</MarketingStatus><CRDate>2016-04-22</CRDate><CRDateYW>201617</CRDateYW><ModelYears><ModelYear>2016</ModelYear></ModelYears><ProductDivision><ProductDivisionCode>0100</ProductDivisionCode><ProductDivisionName>Lighting</ProductDivisionName><FormerPDCode>0100</FormerPDCode></ProductDivision><ProductOwner>Marilyne Denis</ProductOwner><DTN>12342RVS2</DTN><Catalog><StartOfPublication>2016-08-29T00:00:00</StartOfPublication><EndOfPublication>2024-06-24T00:00:00</EndOfPublication><StartOfSales>2016-08-29T00:00:00</StartOfSales><EndOfSales>2024-06-24T00:00:00</EndOfSales><DummyPrice/><Deleted>false</Deleted><DeleteAfterDate/><ProductRank>50</ProductRank></Catalog><FinancialCategorization><BusinessGroupCode>9017</BusinessGroupCode><BusinessGroupName>Lamps and Accessoires</BusinessGroupName><BusinessUnitCode>9102</BusinessUnitCode><BusinessUnitName>Automotive Lamps</BusinessUnitName><MainArticleGroupCode>B10</MainArticleGroupCode><MainArticleGroupName>Halogen/Incandescent Headlighting</MainArticleGroupName><ArticleGroupCode>0809</ArticleGroupCode><ArticleGroupName>Halogen HL bulbs one filament ECE</ArticleGroupName></FinancialCategorization><Categorization type="CONSUMER"><GroupCode>AUTOMOTIVE_GR</GroupCode><GroupName>Automotive</GroupName><CategoryCode>CAR_LIGHTS_CA</CategoryCode><CategoryName>Car lights</CategoryName><SubcategoryCode>CAR_HEADLIGHTS_SU</SubcategoryCode><SubcategoryName>Headlights</SubcategoryName></Categorization><Assets><Asset code="12342RVS2" description="Leaflet" extension="pdf" lastModified="2018-10-13" locale="ru_RU" number="001" type="PSS">http://download.p4c.philips.com/files/1/12342rvs2/12342rvs2_pss_rusru.pdf</Asset><Asset code="12342RVS2" description="Retail Trade Leaflet" extension="pdf" lastModified="2018-10-12" locale="ru_RU" number="001" type="RTL">http://download.p4c.philips.com/files/1/12342rvs2/12342rvs2_rtl_rusru.pdf</Asset><Asset code="12342RVS2" description="Leaflet" extension="pdf" lastModified="2018-10-13" locale="global" number="001" type="PSS">http://download.p4c.philips.com/files/1/12342rvs2/12342rvs2_pss_.pdf</Asset><Asset code="12342RVS2" description="Standard product photograph - highres 2196x1795" extension="tif" lastModified="2018-10-08" locale="global" number="001" type="RTP">http://images.philips.com/is/image/PhilipsConsumer/12342RVS2-RTP-global-001</Asset><Asset code="12342RVS2" description="Single product shot" extension="" lastModified="2018-06-01" locale="" number="" type="IMS">http://images.philips.com/is/image/PhilipsConsumer/12342RVS2-IMS-</Asset><Asset code="12342RVS2" description="Product gallery image set" extension="" lastModified="2018-06-01" locale="" number="" type="GAL">http://images.philips.com/is/image/PhilipsConsumer/12342RVS2-GAL-</Asset><Asset code="PHI" description="Brand logo - highres 1476x886" extension="tif" lastModified="2016-02-18" locale="global" number="001" type="BRP">http://images.philips.com/is/image/PhilipsConsumer/PHI-BRP-global-001</Asset></Assets><ProductName>Type of lamp: H4 Pack of: 2 car headlight bulb</ProductName><FullProductName>Philips RacingVision car headlight bulb 12342RVS2 Type of lamp: H4 Pack of: 2 12 V,60/55 W</FullProductName><NamingString><MasterBrand><BrandCode>PHI</BrandCode><BrandName>Philips</BrandName></MasterBrand><BrandString>Philips</BrandString><Family><FamilyCode>SB40008018</FamilyCode><FamilyName>RacingVision</FamilyName><FamilyNameUsed>1</FamilyNameUsed></Family><Descriptor><DescriptorCode>D4021102</DescriptorCode><DescriptorName>car headlight bulb</DescriptorName></Descriptor><Alphanumeric>12342RVS2</Alphanumeric><VersionElement1><VersionElementCode>V4044084</VersionElementCode><VersionElementName>Type of lamp: H4</VersionElementName></VersionElement1><VersionElement2><VersionElementCode>V4043914</VersionElementCode><VersionElementName>Pack of: 2</VersionElementName></VersionElement2><VersionElement3><VersionElementCode>V4043919</VersionElementCode><VersionElementName>12 V,60/55 W</VersionElementName></VersionElement3><VersionString>Type of lamp: H4 Pack of: 2 12 V,60/55 W</VersionString><BrandedFeatureString/><DescriptorBrandedFeatureString>car headlight bulb</DescriptorBrandedFeatureString></NamingString><WOW>Maybe the strongest legal halogen lamp ever built</WOW><SubWOW>Take your lights and your driving to the limit</SubWOW><MarketingTextHeader>Philips RacingVision car bulbs are the perfect choice for passionate drivers. With an incredible performance of up to 150% more brightness, you’ll be able to react faster for a safer, more exciting driving experience.</MarketingTextHeader><KeyBenefitArea><KeyBenefitAreaCode>K4033320</KeyBenefitAreaCode><KeyBenefitAreaName>Increased performance for more fun</KeyBenefitAreaName><KeyBenefitAreaRank>1</KeyBenefitAreaRank><Feature><FeatureCode>F400079214</FeatureCode><FeatureReferenceName>See further, react faster - 150%</FeatureReferenceName><FeatureName>See further, react faster</FeatureName><FeatureLongDescription>See further and react faster with up to 150% more brightness</FeatureLongDescription><FeatureGlossary>When driving at night you need the very best visibility. The further you can see clearly, the faster you can react to whatever appears on the road. Philips RacingVision headlamps boost your visibility with up to 150% more brightness. You’ll recognize obstacles in your way earlier than with other less powerful halogen lamps. So you get to enjoy a safer, more pleasant journey.</FeatureGlossary><FeatureRank>1</FeatureRank><FeatureTopRank>1</FeatureTopRank></Feature><Feature><FeatureCode>F400079215</FeatureCode><FeatureReferenceName>Excellent light performance</FeatureReferenceName><FeatureName>Excellent light performance</FeatureName><FeatureLongDescription>One of the brightest bulbs for excellent light performance</FeatureLongDescription><FeatureGlossary>With better, brighter lights you’re able to perform better on the road. With its optimized high-precision filament geometry, up to 13 bar high pressure gas filling, high precision chrome coating and high quality UV-Quartz glass, Philips RacingVision headlights set a new standard in automotive lighting. Engineered for performance and visibility, these headlights allow for a more relaxed, controlled and fun driving experience.</FeatureGlossary><FeatureRank>2</FeatureRank><FeatureTopRank>2</FeatureTopRank></Feature></KeyBenefitArea><KeyBenefitArea><KeyBenefitAreaCode>K4033322</KeyBenefitAreaCode><KeyBenefitAreaName>The road-legal rallye bulb</KeyBenefitAreaName><KeyBenefitAreaRank>2</KeyBenefitAreaRank><Feature><FeatureCode>F400079306</FeatureCode><FeatureReferenceName>Rally performance for the road</FeatureReferenceName><FeatureName>Rally performance for the road</FeatureName><FeatureLongDescription>Brighter light for sportive drivers</FeatureLongDescription><FeatureGlossary>Sportive drivers expect more performance from their cars. Bringing up to 150% more brightness on the road, Philips RacingVision are homologated to provide you with fun experience offroad and on the road.</FeatureGlossary><FeatureRank>1</FeatureRank><FeatureTopRank>3</FeatureTopRank></Feature><Feature><FeatureCode>F400079217</FeatureCode><FeatureReferenceName>Strong light, early reaction</FeatureReferenceName><FeatureName>Strong light, early reaction</FeatureName><FeatureLongDescription>Brighter lights mean no surprises and enhanced control</FeatureLongDescription><FeatureGlossary>When driving at higher speeds on poorly lit country roads, you rely on the performance of your headlights. Faced with an unexpected danger, reaction time is everything. Even split seconds can make a crucial difference to your safety. The superior beam performance of the Philips RacingVision headlamp helps you identify dangerous situations faster and stay in perfect control of your vehicle – whatever road conditions you’re facing.</FeatureGlossary><FeatureRank>2</FeatureRank><FeatureTopRank>4</FeatureTopRank></Feature><Feature><FeatureCode>F400079218</FeatureCode><FeatureReferenceName>Great contrast drives fun</FeatureReferenceName><FeatureName>Great contrast drives fun</FeatureName><FeatureLongDescription>Improved light contrast for a safer, more exciting drive</FeatureLongDescription><FeatureGlossary>Visual skills are pushed to the limit when driving at night. During low light conditions, or when experiencing glare from other vehicles, your ability to contrast between objects is significantly reduced. This makes it harder to spot obstacles, such as a pedestrian on the road. The specific color temperature in Philips RacingVision headlights (available in H4 and H7) allows your eyes to focus better and perceive contrasts in the distance. That makes you a safer road user. And with your limits increased, driving after dark is now a more exciting experience.</FeatureGlossary><FeatureRank>3</FeatureRank><FeatureTopRank>5</FeatureTopRank></Feature><Feature><FeatureCode>F400079219</FeatureCode><FeatureReferenceName>ECE homologation - New*</FeatureReferenceName><FeatureName>ECE homologation</FeatureName><FeatureLongDescription>Respecting high quality standards of the ECE homologation</FeatureLongDescription><FeatureGlossary>We produce best-in-class Philips products in the Original Equipment Manufacturer market and the aftermarket. Manufactured from high quality products and tested to the highest specifications, our products are designed to maximize the safety and comfort of our customers’ driving experience. Our entire product range is thoroughly tested, controlled and certified (ISO 9001, ISO 14001 and QSO 9000) to the highest ECE requirements. Put simply, this is quality you can trust.</FeatureGlossary><FeatureRank>4</FeatureRank><FeatureTopRank>6</FeatureTopRank></Feature></KeyBenefitArea><KeyBenefitArea><KeyBenefitAreaCode>K4033321</KeyBenefitAreaCode><KeyBenefitAreaName>Optimized for winter light conditions</KeyBenefitAreaName><KeyBenefitAreaRank>3</KeyBenefitAreaRank><Feature><FeatureCode>F400079216</FeatureCode><FeatureReferenceName>Bright light for darker months</FeatureReferenceName><FeatureName>Bright light for darker months</FeatureName><FeatureLongDescription>Strong road-legal headlights for darker conditions</FeatureLongDescription><FeatureGlossary>Driving in winter is a challenge. But passionate drivers like to be tested. During those harsh winter months, you need to know your headlights are up to the job. Just as you would adapt to wintery roads by choosing winter tires, so you should demand the best visibility when driving in these darker, more dangerous conditions. Philips RacingVision headlamps give you more control in the toughest conditions, so you can worry less about the road and enjoy every ride.</FeatureGlossary><FeatureRank>1</FeatureRank><FeatureTopRank>7</FeatureTopRank></Feature></KeyBenefitArea><FeatureImage><FeatureCode>F400079214</FeatureCode><FeatureReferenceName>See further, react faster - 150%</FeatureReferenceName><FeatureImageRank>1</FeatureImageRank></FeatureImage><FeatureImage><FeatureCode>F400079215</FeatureCode><FeatureReferenceName>Excellent light performance</FeatureReferenceName><FeatureImageRank>2</FeatureImageRank></FeatureImage><FeatureImage><FeatureCode>F400079306</FeatureCode><FeatureReferenceName>Rally performance for the road</FeatureReferenceName><FeatureImageRank>3</FeatureImageRank></FeatureImage><FeatureImage><FeatureCode>F400079217</FeatureCode><FeatureReferenceName>Strong light, early reaction</FeatureReferenceName><FeatureImageRank>4</FeatureImageRank></FeatureImage><FeatureImage><FeatureCode>F400079218</FeatureCode><FeatureReferenceName>Great contrast drives fun</FeatureReferenceName><FeatureImageRank>5</FeatureImageRank></FeatureImage><FeatureImage><FeatureCode>F400079219</FeatureCode><FeatureReferenceName>ECE homologation - New*</FeatureReferenceName><FeatureImageRank>6</FeatureImageRank></FeatureImage><FeatureImage><FeatureCode>F400079216</FeatureCode><FeatureReferenceName>Bright light for darker months</FeatureReferenceName><FeatureImageRank>7</FeatureImageRank></FeatureImage><FeatureHighlight><FeatureCode>F400079214</FeatureCode><FeatureReferenceName>See further, react faster - 150%</FeatureReferenceName><FeatureHighlightRank>1</FeatureHighlightRank></FeatureHighlight><FeatureHighlight><FeatureCode>F400079215</FeatureCode><FeatureReferenceName>Excellent light performance</FeatureReferenceName><FeatureHighlightRank>2</FeatureHighlightRank></FeatureHighlight><FeatureHighlight><FeatureCode>F400079306</FeatureCode><FeatureReferenceName>Rally performance for the road</FeatureReferenceName><FeatureHighlightRank>3</FeatureHighlightRank></FeatureHighlight><FeatureHighlight><FeatureCode>F400079217</FeatureCode><FeatureReferenceName>Strong light, early reaction</FeatureReferenceName><FeatureHighlightRank>4</FeatureHighlightRank></FeatureHighlight><FeatureHighlight><FeatureCode>F400079218</FeatureCode><FeatureReferenceName>Great contrast drives fun</FeatureReferenceName><FeatureHighlightRank>5</FeatureHighlightRank></FeatureHighlight><FeatureHighlight><FeatureCode>F400079219</FeatureCode><FeatureReferenceName>ECE homologation - New*</FeatureReferenceName><FeatureHighlightRank>6</FeatureHighlightRank></FeatureHighlight><FeatureHighlight><FeatureCode>F400079216</FeatureCode><FeatureReferenceName>Bright light for darker months</FeatureReferenceName><FeatureHighlightRank>7</FeatureHighlightRank></FeatureHighlight><CSChapter><CSChapterCode>CH4006466</CSChapterCode><CSChapterName>Product description</CSChapterName><CSChapterRank>1</CSChapterRank><CSItem><CSItemCode>IT4031500</CSItemCode><CSItemName>Technology</CSItemName><CSItemRank>2</CSItemRank><CSItemIsFreeFormat>0</CSItemIsFreeFormat><CSValue><CSValueCode>VA4071791</CSValueCode><CSValueName>Halogen</CSValueName><CSValueRank>1</CSValueRank></CSValue></CSItem><CSItem><CSItemCode>IT4031508</CSItemCode><CSItemName>Type</CSItemName><CSItemRank>6</CSItemRank><CSItemIsFreeFormat>0</CSItemIsFreeFormat><CSValue><CSValueCode>VA4071816</CSValueCode><CSValueName>H4</CSValueName><CSValueRank>2</CSValueRank></CSValue></CSItem><CSItem><CSItemCode>IT4031519</CSItemCode><CSItemName>Range</CSItemName><CSItemRank>8</CSItemRank><CSItemIsFreeFormat>0</CSItemIsFreeFormat><CSValue><CSValueCode>VA4096868</CSValueCode><CSValueName>RacingVision</CSValueName><CSValueRank>8</CSValueRank></CSValue></CSItem><CSItem><CSItemCode>IT4031517</CSItemCode><CSItemName>Application</CSItemName><CSItemRank>11</CSItemRank><CSItemIsFreeFormat>0</CSItemIsFreeFormat><CSValue><CSValueCode>VA4071898</CSValueCode><CSValueName>High beam</CSValueName><CSValueRank>3</CSValueRank></CSValue><CSValue><CSValueCode>VA4071899</CSValueCode><CSValueName>Low beam</CSValueName><CSValueRank>5</CSValueRank></CSValue></CSItem><CSItem><CSItemCode>IT4031521</CSItemCode><CSItemName>Homologation ECE</CSItemName><CSItemRank>16</CSItemRank><CSItemIsFreeFormat>0</CSItemIsFreeFormat><CSValue><CSValueCode>VA4072195</CSValueCode><CSValueName>YES</CSValueName><CSValueRank>4</CSValueRank></CSValue></CSItem><CSItem><CSItemCode>IT4034965</CSItemCode><CSItemName>Designation</CSItemName><CSItemRank>24</CSItemRank><CSItemIsFreeFormat>1</CSItemIsFreeFormat><CSValue><CSValueCode>VA4081495</CSValueCode><CSValueName>H4 RacingVision</CSValueName><CSValueRank>1</CSValueRank></CSValue></CSItem><CSItem><CSItemCode>IT4035423</CSItemCode><CSItemName>Base</CSItemName><CSItemRank>25</CSItemRank><CSItemIsFreeFormat>1</CSItemIsFreeFormat><CSValue><CSValueCode>VA4082341</CSValueCode><CSValueName>P43t-38</CSValueName><CSValueRank>1</CSValueRank></CSValue></CSItem></CSChapter><CSChapter><CSChapterCode>CH4006521</CSChapterCode><CSChapterName>Electrical characteristics</CSChapterName><CSChapterRank>2</CSChapterRank><CSItem><CSItemCode>IT4035564</CSItemCode><CSItemName>Voltage</CSItemName><CSItemRank>10</CSItemRank><CSItemIsFreeFormat>1</CSItemIsFreeFormat><CSValue><CSValueCode>VA4082798</CSValueCode><CSValueName>12</CSValueName><CSValueRank>1</CSValueRank></CSValue><UnitOfMeasure><UnitOfMeasureCode>3000071</UnitOfMeasureCode><UnitOfMeasureName>volt</UnitOfMeasureName><UnitOfMeasureSymbol>V</UnitOfMeasureSymbol></UnitOfMeasure></CSItem><CSItem><CSItemCode>IT4035426</CSItemCode><CSItemName>Wattage</CSItemName><CSItemRank>12</CSItemRank><CSItemIsFreeFormat>1</CSItemIsFreeFormat><CSValue><CSValueCode>VA4082344</CSValueCode><CSValueName>55</CSValueName><CSValueRank>1</CSValueRank></CSValue><UnitOfMeasure><UnitOfMeasureCode>3000072</UnitOfMeasureCode><UnitOfMeasureName>watt</UnitOfMeasureName><UnitOfMeasureSymbol>W</UnitOfMeasureSymbol></UnitOfMeasure></CSItem></CSChapter><CSChapter><CSChapterCode>CH4005203</CSChapterCode><CSChapterName>Light characteristics</CSChapterName><CSChapterRank>3</CSChapterRank><CSItem><CSItemCode>IT4031553</CSItemCode><CSItemName>Lumens</CSItemName><CSItemRank>4</CSItemRank><CSItemIsFreeFormat>0</CSItemIsFreeFormat><CSValue><CSValueCode>VA4073741</CSValueCode><CSValueName>1650</CSValueName><CSValueRank>11</CSValueRank></CSValue><UnitOfMeasure><UnitOfMeasureCode>3000051</UnitOfMeasureCode><UnitOfMeasureName>lumen</UnitOfMeasureName><UnitOfMeasureSymbol>lm</UnitOfMeasureSymbol></UnitOfMeasure></CSItem></CSChapter><CSChapter><CSChapterCode>CH4006483</CSChapterCode><CSChapterName>Lifetime</CSChapterName><CSChapterRank>4</CSChapterRank><CSItem><CSItemCode>IT4031525</CSItemCode><CSItemName>Life time</CSItemName><CSItemRank>1</CSItemRank><CSItemIsFreeFormat>0</CSItemIsFreeFormat><CSValue><CSValueCode>VA4103444</CSValueCode><CSValueName>Up to 200h</CSValueName><CSValueRank>10</CSValueRank></CSValue></CSItem></CSChapter><CSChapter><CSChapterCode>CH4006484</CSChapterCode><CSChapterName>Ordering information</CSChapterName><CSChapterRank>5</CSChapterRank><CSItem><CSItemCode>IT4035592</CSItemCode><CSItemName>Order entry</CSItemName><CSItemRank>9</CSItemRank><CSItemIsFreeFormat>1</CSItemIsFreeFormat><CSValue><CSValueCode>VA4082925</CSValueCode><CSValueName>12342RVS2</CSValueName><CSValueRank>1</CSValueRank></CSValue></CSItem><CSItem><CSItemCode>IT4035593</CSItemCode><CSItemName>Ordering code</CSItemName><CSItemRank>13</CSItemRank><CSItemIsFreeFormat>1</CSItemIsFreeFormat><CSValue><CSValueCode>VA4082926</CSValueCode><CSValueName>00020028</CSValueName><CSValueRank>1</CSValueRank></CSValue></CSItem></CSChapter><CSChapter><CSChapterCode>3001177</CSChapterCode><CSChapterName>Packaging Data</CSChapterName><CSChapterRank>6</CSChapterRank><CSItem><CSItemCode>IT4035590</CSItemCode><CSItemName>EAN1</CSItemName><CSItemRank>14</CSItemRank><CSItemIsFreeFormat>1</CSItemIsFreeFormat><CSValue><CSValueCode>VA4082922</CSValueCode><CSValueName>8719018000200</CSValueName><CSValueRank>1</CSValueRank></CSValue></CSItem><CSItem><CSItemCode>IT4035591</CSItemCode><CSItemName>EAN3</CSItemName><CSItemRank>15</CSItemRank><CSItemIsFreeFormat>1</CSItemIsFreeFormat><CSValue><CSValueCode>VA4082924</CSValueCode><CSValueName>8719018000217</CSValueName><CSValueRank>1</CSValueRank></CSValue></CSItem><CSItem><CSItemCode>IT4035805</CSItemCode><CSItemName>Packaging type</CSItemName><CSItemRank>18</CSItemRank><CSItemIsFreeFormat>1</CSItemIsFreeFormat><CSValue><CSValueCode>VA4083279</CSValueCode><CSValueName>S2</CSValueName><CSValueRank>1</CSValueRank></CSValue></CSItem></CSChapter><CSChapter><CSChapterCode>CH4006501</CSChapterCode><CSChapterName>Packed product information</CSChapterName><CSChapterRank>7</CSChapterRank><CSItem><CSItemCode>IT4035756</CSItemCode><CSItemName>Gross weight per piece</CSItemName><CSItemRank>20</CSItemRank><CSItemIsFreeFormat>1</CSItemIsFreeFormat><CSValue><CSValueCode>VA4083193</CSValueCode><CSValueName>15</CSValueName><CSValueRank>1</CSValueRank></CSValue><UnitOfMeasure><UnitOfMeasureCode>4000006</UnitOfMeasureCode><UnitOfMeasureName>-Grams</UnitOfMeasureName><UnitOfMeasureSymbol>g</UnitOfMeasureSymbol></UnitOfMeasure></CSItem><CSItem><CSItemCode>IT4035760</CSItemCode><CSItemName>Height</CSItemName><CSItemRank>21</CSItemRank><CSItemIsFreeFormat>1</CSItemIsFreeFormat><CSValue><CSValueCode>VA4083198</CSValueCode><CSValueName>12.8</CSValueName><CSValueRank>1</CSValueRank></CSValue><UnitOfMeasure><UnitOfMeasureCode>3000039</UnitOfMeasureCode><UnitOfMeasureName>centimeter</UnitOfMeasureName><UnitOfMeasureSymbol>cm</UnitOfMeasureSymbol></UnitOfMeasure></CSItem><CSItem><CSItemCode>IT4035758</CSItemCode><CSItemName>Length</CSItemName><CSItemRank>22</CSItemRank><CSItemIsFreeFormat>1</CSItemIsFreeFormat><CSValue><CSValueCode>VA4083195</CSValueCode><CSValueName>11</CSValueName><CSValueRank>1</CSValueRank></CSValue><UnitOfMeasure><UnitOfMeasureCode>3000039</UnitOfMeasureCode><UnitOfMeasureName>centimeter</UnitOfMeasureName><UnitOfMeasureSymbol>cm</UnitOfMeasureSymbol></UnitOfMeasure></CSItem><CSItem><CSItemCode>IT4035759</CSItemCode><CSItemName>Width</CSItemName><CSItemRank>27</CSItemRank><CSItemIsFreeFormat>1</CSItemIsFreeFormat><CSValue><CSValueCode>VA4083196</CSValueCode><CSValueName>4.7</CSValueName><CSValueRank>1</CSValueRank></CSValue><UnitOfMeasure><UnitOfMeasureCode>3000039</UnitOfMeasureCode><UnitOfMeasureName>centimeter</UnitOfMeasureName><UnitOfMeasureSymbol>cm</UnitOfMeasureSymbol></UnitOfMeasure></CSItem><CSItem><CSItemCode>IT4040440</CSItemCode><CSItemName>MOQ (for professionals)</CSItemName><CSItemRank>28</CSItemRank><CSItemIsFreeFormat>1</CSItemIsFreeFormat><CSValue><CSValueCode>VA4094183</CSValueCode><CSValueName>10</CSValueName><CSValueRank>1</CSValueRank></CSValue></CSItem><CSItem><CSItemCode>IT4040439</CSItemCode><CSItemName>Pack Quantity</CSItemName><CSItemRank>29</CSItemRank><CSItemIsFreeFormat>1</CSItemIsFreeFormat><CSValue><CSValueCode>VA4094182</CSValueCode><CSValueName>2</CSValueName><CSValueRank>1</CSValueRank></CSValue></CSItem></CSChapter><CSChapter><CSChapterCode>CH4006541</CSChapterCode><CSChapterName>Outerpack information</CSChapterName><CSChapterRank>8</CSChapterRank><CSItem><CSItemCode>IT4035764</CSItemCode><CSItemName>Height</CSItemName><CSItemRank>17</CSItemRank><CSItemIsFreeFormat>1</CSItemIsFreeFormat><CSValue><CSValueCode>VA4083203</CSValueCode><CSValueName>13.6</CSValueName><CSValueRank>1</CSValueRank></CSValue><UnitOfMeasure><UnitOfMeasureCode>3000039</UnitOfMeasureCode><UnitOfMeasureName>centimeter</UnitOfMeasureName><UnitOfMeasureSymbol>cm</UnitOfMeasureSymbol></UnitOfMeasure></CSItem><CSItem><CSItemCode>IT4035762</CSItemCode><CSItemName>Length</CSItemName><CSItemRank>19</CSItemRank><CSItemIsFreeFormat>1</CSItemIsFreeFormat><CSValue><CSValueCode>VA4083201</CSValueCode><CSValueName>29</CSValueName><CSValueRank>1</CSValueRank></CSValue><UnitOfMeasure><UnitOfMeasureCode>3000039</UnitOfMeasureCode><UnitOfMeasureName>centimeter</UnitOfMeasureName><UnitOfMeasureSymbol>cm</UnitOfMeasureSymbol></UnitOfMeasure></CSItem><CSItem><CSItemCode>IT4035763</CSItemCode><CSItemName>Width</CSItemName><CSItemRank>23</CSItemRank><CSItemIsFreeFormat>1</CSItemIsFreeFormat><CSValue><CSValueCode>VA4083202</CSValueCode><CSValueName>12</CSValueName><CSValueRank>1</CSValueRank></CSValue><UnitOfMeasure><UnitOfMeasureCode>3000039</UnitOfMeasureCode><UnitOfMeasureName>centimeter</UnitOfMeasureName><UnitOfMeasureSymbol>cm</UnitOfMeasureSymbol></UnitOfMeasure></CSItem><CSItem><CSItemCode>IT4036935</CSItemCode><CSItemName>Gross weight per piece</CSItemName><CSItemRank>26</CSItemRank><CSItemIsFreeFormat>1</CSItemIsFreeFormat><CSValue><CSValueCode>VA4085803</CSValueCode><CSValueName>0.47</CSValueName><CSValueRank>1</CSValueRank></CSValue><UnitOfMeasure><UnitOfMeasureCode>3000049</UnitOfMeasureCode><UnitOfMeasureName>kilogram</UnitOfMeasureName><UnitOfMeasureSymbol>kg</UnitOfMeasureSymbol></UnitOfMeasure></CSItem></CSChapter><CSChapter><CSChapterCode>CH4006461</CSChapterCode><CSChapterName>Marketing specifications</CSChapterName><CSChapterRank>9</CSChapterRank><CSItem><CSItemCode>IT4031492</CSItemCode><CSItemName>Expected benefits</CSItemName><CSItemRank>3</CSItemRank><CSItemIsFreeFormat>0</CSItemIsFreeFormat><CSValue><CSValueCode>VA4096867</CSValueCode><CSValueName>Style &amp; Passion</CSValueName><CSValueRank>7</CSValueRank></CSValue></CSItem><CSItem><CSItemCode>IT4031498</CSItemCode><CSItemName>Product highlight</CSItemName><CSItemRank>7</CSItemRank><CSItemIsFreeFormat>0</CSItemIsFreeFormat><CSValue><CSValueCode>VA4096866</CSValueCode><CSValueName>Enjoy your passion</CSValueName><CSValueRank>9</CSValueRank></CSValue></CSItem></CSChapter><Filters><Purpose type="Comparison"><Features><Feature code="F400079214" rank="1" referenceName="See further, react faster - 150%"/><Feature code="F400079215" rank="2" referenceName="Excellent light performance"/><Feature code="F400079306" rank="3" referenceName="Rally performance for the road"/><Feature code="F400079217" rank="4" referenceName="Strong light, early reaction"/><Feature code="F400079218" rank="5" referenceName="Great contrast drives fun"/><Feature code="F400079219" rank="6" referenceName="ECE homologation - New*"/><Feature code="F400079216" rank="7" referenceName="Bright light for darker months"/></Features><CSItems><CSItem code="IT4031525" rank="1" referenceName="Lifetime - Life time"/><CSItem code="IT4031500" rank="2" referenceName="Product description - Technology"/><CSItem code="IT4031492" rank="3" referenceName="Marketing specifications - Expected benefits"/><CSItem code="IT4031553" rank="4" referenceName="Light characteristics - Lumens"/><CSItem code="IT4031508" rank="6" referenceName="Product description - Type"/><CSItem code="IT4031498" rank="7" referenceName="Marketing specifications - Product highlight"/><CSItem code="IT4031519" rank="8" referenceName="Product description - Range"/><CSItem code="IT4035592" rank="9" referenceName="Ordering information - Order entry"/><CSItem code="IT4035564" rank="10" referenceName="Electrical characteristics - Voltage"/><CSItem code="IT4031517" rank="11" referenceName="Product description - Application"/><CSItem code="IT4035426" rank="12" referenceName="Electrical characteristics - Wattage"/><CSItem code="IT4035593" rank="13" referenceName="Ordering information - Ordering code"/><CSItem code="IT4035590" rank="14" referenceName="Packaging Data - EAN1"/><CSItem code="IT4035591" rank="15" referenceName="Packaging Data - EAN3"/><CSItem code="IT4031521" rank="16" referenceName="Product description - Homologation ECE"/><CSItem code="IT4035764" rank="17" referenceName="Outerpack information - Height"/><CSItem code="IT4035805" rank="18" referenceName="Packaging Data - Packaging type"/><CSItem code="IT4035762" rank="19" referenceName="Outerpack information - Length"/><CSItem code="IT4035756" rank="20" referenceName="Packed product information - Gross weight per piece"/><CSItem code="IT4035760" rank="21" referenceName="Packed product information - Height"/><CSItem code="IT4035758" rank="22" referenceName="Packed product information - Length"/><CSItem code="IT4035763" rank="23" referenceName="Outerpack information - Width"/><CSItem code="IT4034965" rank="24" referenceName="Product description - Designation"/><CSItem code="IT4035423" rank="25" referenceName="Product description - Base"/><CSItem code="IT4036935" rank="26" referenceName="Outerpack information - Gross weight per piece"/><CSItem code="IT4035759" rank="27" referenceName="Packed product information - Width"/><CSItem code="IT4040440" rank="28" referenceName="Packed product information - MOQ (for professionals)"/><CSItem code="IT4040439" rank="29" referenceName="Packed product information - Pack Quantity"/></CSItems></Purpose><Purpose type="Detail"><Features><Feature code="F400079214" rank="1" referenceName="See further, react faster - 150%"/><Feature code="F400079215" rank="2" referenceName="Excellent light performance"/><Feature code="F400079306" rank="3" referenceName="Rally performance for the road"/><Feature code="F400079217" rank="4" referenceName="Strong light, early reaction"/><Feature code="F400079218" rank="5" referenceName="Great contrast drives fun"/><Feature code="F400079219" rank="6" referenceName="ECE homologation - New*"/><Feature code="F400079216" rank="7" referenceName="Bright light for darker months"/></Features><CSItems><CSItem code="IT4031525" rank="1" referenceName="Lifetime - Life time"/><CSItem code="IT4031500" rank="2" referenceName="Product description - Technology"/><CSItem code="IT4031492" rank="3" referenceName="Marketing specifications - Expected benefits"/><CSItem code="IT4031553" rank="4" referenceName="Light characteristics - Lumens"/><CSItem code="IT4031508" rank="6" referenceName="Product description - Type"/><CSItem code="IT4031498" rank="7" referenceName="Marketing specifications - Product highlight"/><CSItem code="IT4031519" rank="8" referenceName="Product description - Range"/><CSItem code="IT4035592" rank="9" referenceName="Ordering information - Order entry"/><CSItem code="IT4035564" rank="10" referenceName="Electrical characteristics - Voltage"/><CSItem code="IT4031517" rank="11" referenceName="Product description - Application"/><CSItem code="IT4035426" rank="12" referenceName="Electrical characteristics - Wattage"/><CSItem code="IT4035593" rank="13" referenceName="Ordering information - Ordering code"/><CSItem code="IT4035590" rank="14" referenceName="Packaging Data - EAN1"/><CSItem code="IT4035591" rank="15" referenceName="Packaging Data - EAN3"/><CSItem code="IT4031521" rank="16" referenceName="Product description - Homologation ECE"/><CSItem code="IT4035764" rank="17" referenceName="Outerpack information - Height"/><CSItem code="IT4035805" rank="18" referenceName="Packaging Data - Packaging type"/><CSItem code="IT4035762" rank="19" referenceName="Outerpack information - Length"/><CSItem code="IT4035756" rank="20" referenceName="Packed product information - Gross weight per piece"/><CSItem code="IT4035760" rank="21" referenceName="Packed product information - Height"/><CSItem code="IT4035758" rank="22" referenceName="Packed product information - Length"/><CSItem code="IT4035763" rank="23" referenceName="Outerpack information - Width"/><CSItem code="IT4034965" rank="24" referenceName="Product description - Designation"/><CSItem code="IT4035423" rank="25" referenceName="Product description - Base"/><CSItem code="IT4036935" rank="26" referenceName="Outerpack information - Gross weight per piece"/><CSItem code="IT4035759" rank="27" referenceName="Packed product information - Width"/><CSItem code="IT4040440" rank="28" referenceName="Packed product information - MOQ (for professionals)"/><CSItem code="IT4040439" rank="29" referenceName="Packed product information - Pack Quantity"/></CSItems></Purpose></Filters><FeatureCompareGroups/><Disclaimers/><RichTexts/></Product></Products>