<?xml version="1.0" encoding="UTF-8"?><Products xmlns:source="http://apache.org/cocoon/source/1.0" DocStatus="approved" DocTimeStamp="2018-10-19T09:19:04"><Product IsAccessory="false" IsMaster="true" lastModified="2016-12-24T00:36:46" masterLastModified="2016-12-24T00:34:49"><CTN>LPL14X1</CTN><Code12NC>923795770101</Code12NC><GTIN>8727900389500</GTIN><MarketingVersion>7.1.4</MarketingVersion><MarketingStatus>Final Published</MarketingStatus><CRDate>2013-08-30</CRDate><CRDateYW>201335</CRDateYW><ModelYears><ModelYear>2013</ModelYear></ModelYears><ProductDivision><ProductDivisionCode>0100</ProductDivisionCode><ProductDivisionName>Lighting</ProductDivisionName><FormerPDCode>0100</FormerPDCode></ProductDivision><ProductOwner>Marilyne Denis</ProductOwner><DTN>LPL14X1</DTN><Catalog><StartOfPublication>2015-01-30T00:00:00</StartOfPublication><EndOfPublication>2024-03-30T00:00:00</EndOfPublication><StartOfSales>2015-01-30T00:00:00</StartOfSales><EndOfSales>2024-03-30T00:00:00</EndOfSales><DummyPrice/><Deleted>false</Deleted><DeleteAfterDate/><ProductRank>50</ProductRank></Catalog><FinancialCategorization><BusinessGroupCode>9017</BusinessGroupCode><BusinessGroupName>Lamps and Accessoires</BusinessGroupName><BusinessUnitCode>9106</BusinessUnitCode><BusinessUnitName>Auto Accessories</BusinessUnitName><MainArticleGroupCode>L73</MainArticleGroupCode><MainArticleGroupName>LED worklamps</MainArticleGroupName><ArticleGroupCode>7045</ArticleGroupCode><ArticleGroupName>LED worklamps Rechargable</ArticleGroupName></FinancialCategorization><Categorization type="CONSUMER"><GroupCode>AUTOMOTIVE_GR</GroupCode><GroupName>Automotive</GroupName><CategoryCode>LED_INSPECTION_LAMPS_CA2</CategoryCode><CategoryName>LED inspection lamps</CategoryName><SubcategoryCode>CABLED_SU</SubcategoryCode><SubcategoryName>Cabled</SubcategoryName></Categorization><Assets><Asset code="LPL14X1" description="User manual" extension="pdf" lastModified="2013-09-25" locale="ru_RU" number="001" type="DFU">http://download.p4c.philips.com/files/l/lpl14x1/lpl14x1_dfu_rus.pdf</Asset><Asset code="LPL14X1" description="High Quality product movie 1" extension="mp4" lastModified="2015-06-03" locale="ru_RU" number="001" type="HQ1">http://download.p4c.philips.com/files/l/lpl14x1/lpl14x1_hq1_rus.mp4</Asset><Asset code="LPL14X1" description="Product movie 1" extension="flv" lastModified="2015-04-22" locale="ru_RU" number="001" type="PRM">http://download.p4c.philips.com/files/l/lpl14x1/lpl14x1_prm_rus.flv</Asset><Asset code="LPL14X1" description="Leaflet" extension="pdf" lastModified="2018-08-26" locale="ru_RU" number="001" type="PSS">http://download.p4c.philips.com/files/l/lpl14x1/lpl14x1_pss_rusru.pdf</Asset><Asset code="LPL14X1" description="Retail Trade Leaflet" extension="pdf" lastModified="2018-08-26" locale="ru_RU" number="001" type="RTL">http://download.p4c.philips.com/files/l/lpl14x1/lpl14x1_rtl_rusru.pdf</Asset><Asset code="LPL14X1" description="Energy Label - Rainbow " extension="pdf" lastModified="2015-01-13" locale="global" number="001" type="ELR">http://download.p4c.philips.com/files/l/lpl14x1/lpl14x1_elr_.pdf</Asset><Asset code="LPL14X1" description="Main in-use photograph - highres 2480x1462" extension="jpg" lastModified="2013-07-24" locale="global" number="001" type="MI1">http://images.philips.com/is/image/PhilipsConsumer/LPL14X1-MI1-global-001</Asset><Asset code="LPL14X1" description="Packaging photograph - highres 1447x756" extension="jpg" lastModified="2013-07-24" locale="global" number="001" type="PID">http://images.philips.com/is/image/PhilipsConsumer/LPL14X1-PID-global-001</Asset><Asset code="LPL14X1" description="Packaging photograph - master" extension="jpg" lastModified="2013-07-24" locale="global" number="001" type="PIM">http://download.p4c.philips.com/files/l/lpl14x1/lpl14x1_pim_.jpg</Asset><Asset code="LPL14X1" description="Packaging photograph - small 90x65" extension="jpg" lastModified="2013-07-24" locale="global" number="001" type="PIS">http://download.p4c.philips.com/files/l/lpl14x1/lpl14x1_pis_.jpg</Asset><Asset code="LPL14X1" description="Leaflet" extension="pdf" lastModified="2016-12-29" locale="global" number="001" type="PSS">http://download.p4c.philips.com/files/l/lpl14x1/lpl14x1_pss_.pdf</Asset><Asset code="LPL14X1" description="Standard product photograph - highres 2196x1795" extension="tif" lastModified="2013-07-25" locale="global" number="001" type="RTP">http://images.philips.com/is/image/PhilipsConsumer/LPL14X1-RTP-global-001</Asset><Asset code="LPL14X1" description="Product In Use 1 - highres 2196x1795" extension="tif" lastModified="2018-04-12" locale="global" number="001" type="U1P">http://images.philips.com/is/image/PhilipsConsumer/LPL14X1-U1P-global-001</Asset><Asset code="LPL14X1" description="Product In Use 2 - highres 2196x1795" extension="tif" lastModified="2018-03-23" locale="global" number="001" type="U2P">http://images.philips.com/is/image/PhilipsConsumer/LPL14X1-U2P-global-001</Asset><Asset code="LPL14X1" description="Product In Use 3 - highres 2196x1795" extension="tif" lastModified="2018-03-17" locale="global" number="001" type="U3P">http://images.philips.com/is/image/PhilipsConsumer/LPL14X1-U3P-global-001</Asset><Asset code="LPL14X1" description="Product In Use 4 - highres 2196x1795" extension="tif" lastModified="2018-04-27" locale="global" number="001" type="U4P">http://images.philips.com/is/image/PhilipsConsumer/LPL14X1-U4P-global-001</Asset><Asset code="LPL14X1" description="Product In Use 5 - highres 2196x1795" extension="tif" lastModified="2018-04-26" locale="global" number="001" type="U5P">http://images.philips.com/is/image/PhilipsConsumer/LPL14X1-U5P-global-001</Asset><Asset code="LPL14X1" description="Single product shot" extension="" lastModified="2016-12-24" locale="" number="" type="IMS">http://images.philips.com/is/image/PhilipsConsumer/LPL14X1-IMS-</Asset><Asset code="LPL14X1" description="Product gallery image set" extension="" lastModified="2016-12-24" locale="" number="" type="GAL">http://images.philips.com/is/image/PhilipsConsumer/LPL14X1-GAL-</Asset><Asset code="F400054700" description="Feature photograph - highres 2100x1170" extension="tif" lastModified="2015-03-18" locale="global" number="001" type="FIL">http://images.philips.com/is/image/PhilipsConsumer/F400054700-FIL-global-001</Asset><Asset code="F400054705" description="Feature photograph - highres 2100x1170" extension="tif" lastModified="2013-08-14" locale="global" number="001" type="FIL">http://images.philips.com/is/image/PhilipsConsumer/F400054705-FIL-global-001</Asset><Asset code="F400058130" description="Feature photograph - highres 2100x1170" extension="tif" lastModified="2014-02-18" locale="global" number="001" type="FIL">http://images.philips.com/is/image/PhilipsConsumer/F400058130-FIL-global-001</Asset><Asset code="F400058162" description="Feature photograph - highres 2100x1170" extension="tif" lastModified="2013-08-26" locale="global" number="001" type="FIL">http://images.philips.com/is/image/PhilipsConsumer/F400058162-FIL-global-001</Asset><Asset code="F400058163" description="Feature photograph - highres 2100x1170" extension="tif" lastModified="2013-08-26" locale="global" number="001" type="FIL">http://images.philips.com/is/image/PhilipsConsumer/F400058163-FIL-global-001</Asset><Asset code="PHI" description="Brand logo - highres 1476x886" extension="tif" lastModified="2016-02-18" locale="global" number="001" type="BRP">http://images.philips.com/is/image/PhilipsConsumer/PHI-BRP-global-001</Asset></Assets><ProductName>High Quality LED CBL30 Cabled Lamp</ProductName><FullProductName>Philips LED Inspection lamps CBL30 Cabled Lamp LPL14X1 High Quality LED 330 lm + 90 lm pointer 6 meters cable 360°Magnetic Hook</FullProductName><NamingString><MasterBrand><BrandCode>PHI</BrandCode><BrandName>Philips</BrandName></MasterBrand><BrandString>Philips</BrandString><Family><FamilyCode>SB40004084</FamilyCode><FamilyName>LED Inspection lamps</FamilyName><FamilyNameUsed>1</FamilyNameUsed></Family><Descriptor><DescriptorCode>D4025453</DescriptorCode><DescriptorName>CBL30 Cabled Lamp</DescriptorName></Descriptor><Alphanumeric>LPL14X1</Alphanumeric><VersionElement1><VersionElementCode>V4038618</VersionElementCode><VersionElementName>High Quality LED</VersionElementName></VersionElement1><VersionElement2><VersionElementCode>V4038628</VersionElementCode><VersionElementName>330 lm + 90 lm pointer</VersionElementName></VersionElement2><VersionElement3><VersionElementCode>V4029146</VersionElementCode><VersionElementName>6 meters cable</VersionElementName></VersionElement3><VersionElement4><VersionElementCode>V4038674</VersionElementCode><VersionElementName>360°Magnetic Hook</VersionElementName></VersionElement4><VersionString>High Quality LED 330 lm + 90 lm pointer 6 meters cable 360°Magnetic Hook</VersionString><BrandedFeatureString/><DescriptorBrandedFeatureString>CBL30 Cabled Lamp</DescriptorBrandedFeatureString></NamingString><WOW>See better, work better</WOW><SubWOW>Professional lighting tool with focus light</SubWOW><MarketingTextHeader>The ultra slim Philips LED inspection lamp delivers high amounts of light, through the powerful Philips LED mounted on the thin frame and its LED focus light on top.</MarketingTextHeader><KeyBenefitArea><KeyBenefitAreaCode>K4030324</KeyBenefitAreaCode><KeyBenefitAreaName>High quality Philips white LED light</KeyBenefitAreaName><KeyBenefitAreaRank>1</KeyBenefitAreaRank><Feature><FeatureCode>F400058130</FeatureCode><FeatureReferenceName>Wide beam angle: up to 100°</FeatureReferenceName><FeatureName>Wide beam angle: up to 100°</FeatureName><FeatureLongDescription>Wide beam angle: up to 100°</FeatureLongDescription><FeatureGlossary>The wide beam angle of 100° will enable you to focus on specifics part and to deliver the right amount of light you need.</FeatureGlossary><FeatureRank>4</FeatureRank><FeatureTopRank>1</FeatureTopRank></Feature><Feature><FeatureCode>F400058163</FeatureCode><FeatureReferenceName>Focus light: 90 lumens</FeatureReferenceName><FeatureName>Focus light: 90 lumens</FeatureName><FeatureLongDescription>Focus light: 90 lumens</FeatureLongDescription><FeatureGlossary>The focus light will enable you to see what remains hidden for other: thanks to the ultra-slim design of the lamp can be maneuvered into very neat cavities and the strong LED source will illuminate all.</FeatureGlossary><FeatureRank>6</FeatureRank><FeatureTopRank>6</FeatureTopRank></Feature><Feature><FeatureCode>F400071553</FeatureCode><FeatureReferenceName>High quality LED light 330 lumens</FeatureReferenceName><FeatureName>High quality LED light</FeatureName><FeatureLongDescription>High quality LED light up to 330 lumens</FeatureLongDescription><FeatureGlossary>With 330 lumens, high quality LED light output ensures you are not left in the dark when trying to spot even the smallest details.</FeatureGlossary><FeatureRank>7</FeatureRank><FeatureTopRank>7</FeatureTopRank></Feature><Feature><FeatureCode>F400071279</FeatureCode><FeatureReferenceName>Defeat darkness</FeatureReferenceName><FeatureName>Defeat darkness</FeatureName><FeatureLongDescription>Defeat darkness with soft natural light</FeatureLongDescription><FeatureGlossary>Philips professional workshop lamps feature powerful LEDs for an intense white light and a bright wide beam to defeat darkness. Designed to optimize clarity and vision, the 6000 K white light also improves visual comfort for fatigue-free working.</FeatureGlossary><FeatureRank>1</FeatureRank><FeatureTopRank>8</FeatureTopRank></Feature></KeyBenefitArea><KeyBenefitArea><KeyBenefitAreaCode>KBA_0000607</KeyBenefitAreaCode><KeyBenefitAreaName>High resistance</KeyBenefitAreaName><KeyBenefitAreaRank>2</KeyBenefitAreaRank><Feature><FeatureCode>F400054700</FeatureCode><FeatureReferenceName>Water &amp; dust protected -IP54</FeatureReferenceName><FeatureName>Water &amp; dust protected -IP54</FeatureName><FeatureLongDescription>Water &amp; dust protected -IP54</FeatureLongDescription><FeatureGlossary>The LED inspection lamp is water resistant, and conforms to IP54.</FeatureGlossary><FeatureRank>5</FeatureRank><FeatureTopRank>2</FeatureTopRank></Feature><Feature><FeatureCode>F400054705</FeatureCode><FeatureReferenceName>Strong impact resistance -IK07</FeatureReferenceName><FeatureName>Strong impact resistance -IK07</FeatureName><FeatureLongDescription>Strong impact resistance -IK07</FeatureLongDescription><FeatureRank>3</FeatureRank><FeatureTopRank>3</FeatureTopRank></Feature><Feature><FeatureCode>F400068354</FeatureCode><FeatureReferenceName>Resistant to chemicals</FeatureReferenceName><FeatureName>Resistant to chemicals</FeatureName><FeatureLongDescription>Resistant to chemicals and workshop solvents</FeatureLongDescription><FeatureGlossary>As well as resisting knocks, the inspection lamp cases are resistant to water, chemicals and workshop solvents.</FeatureGlossary><FeatureRank>8</FeatureRank><FeatureTopRank>5</FeatureTopRank></Feature></KeyBenefitArea><KeyBenefitArea><KeyBenefitAreaCode>K4023834</KeyBenefitAreaCode><KeyBenefitAreaName>Hands-free lighting</KeyBenefitAreaName><KeyBenefitAreaRank>3</KeyBenefitAreaRank><Feature><FeatureCode>F400058162</FeatureCode><FeatureReferenceName>Rotating magnet</FeatureReferenceName><FeatureName>Rotating magnet</FeatureName><FeatureLongDescription>Rotating magnet</FeatureLongDescription><FeatureGlossary>Using the rotating magnet to position the lamp and its light where you need, will provide you clear and precise visibility of the work space.</FeatureGlossary><FeatureRank>2</FeatureRank><FeatureTopRank>4</FeatureTopRank></Feature></KeyBenefitArea><FeatureImage><FeatureCode>F400058130</FeatureCode><FeatureReferenceName>Wide beam angle: up to 100°</FeatureReferenceName><FeatureImageRank>1</FeatureImageRank></FeatureImage><FeatureImage><FeatureCode>F400054700</FeatureCode><FeatureReferenceName>Water &amp; dust protected -IP54</FeatureReferenceName><FeatureImageRank>2</FeatureImageRank></FeatureImage><FeatureImage><FeatureCode>F400054705</FeatureCode><FeatureReferenceName>Strong impact resistance -IK07</FeatureReferenceName><FeatureImageRank>3</FeatureImageRank></FeatureImage><FeatureImage><FeatureCode>F400058162</FeatureCode><FeatureReferenceName>Rotating magnet</FeatureReferenceName><FeatureImageRank>4</FeatureImageRank></FeatureImage><FeatureImage><FeatureCode>F400068354</FeatureCode><FeatureReferenceName>Resistant to chemicals</FeatureReferenceName><FeatureImageRank>5</FeatureImageRank></FeatureImage><FeatureImage><FeatureCode>F400058163</FeatureCode><FeatureReferenceName>Focus light: 90 lumens</FeatureReferenceName><FeatureImageRank>6</FeatureImageRank></FeatureImage><FeatureImage><FeatureCode>F400071553</FeatureCode><FeatureReferenceName>High quality LED light 330 lumens</FeatureReferenceName><FeatureImageRank>7</FeatureImageRank></FeatureImage><FeatureImage><FeatureCode>F400071279</FeatureCode><FeatureReferenceName>Defeat darkness</FeatureReferenceName><FeatureImageRank>8</FeatureImageRank></FeatureImage><FeatureHighlight><FeatureCode>F400058130</FeatureCode><FeatureReferenceName>Wide beam angle: up to 100°</FeatureReferenceName><FeatureHighlightRank>1</FeatureHighlightRank></FeatureHighlight><FeatureHighlight><FeatureCode>F400054700</FeatureCode><FeatureReferenceName>Water &amp; dust protected -IP54</FeatureReferenceName><FeatureHighlightRank>2</FeatureHighlightRank></FeatureHighlight><FeatureHighlight><FeatureCode>F400054705</FeatureCode><FeatureReferenceName>Strong impact resistance -IK07</FeatureReferenceName><FeatureHighlightRank>3</FeatureHighlightRank></FeatureHighlight><FeatureHighlight><FeatureCode>F400058162</FeatureCode><FeatureReferenceName>Rotating magnet</FeatureReferenceName><FeatureHighlightRank>4</FeatureHighlightRank></FeatureHighlight><FeatureHighlight><FeatureCode>F400068354</FeatureCode><FeatureReferenceName>Resistant to chemicals</FeatureReferenceName><FeatureHighlightRank>5</FeatureHighlightRank></FeatureHighlight><FeatureHighlight><FeatureCode>F400058163</FeatureCode><FeatureReferenceName>Focus light: 90 lumens</FeatureReferenceName><FeatureHighlightRank>6</FeatureHighlightRank></FeatureHighlight><FeatureHighlight><FeatureCode>F400071553</FeatureCode><FeatureReferenceName>High quality LED light 330 lumens</FeatureReferenceName><FeatureHighlightRank>7</FeatureHighlightRank></FeatureHighlight><FeatureHighlight><FeatureCode>F400071279</FeatureCode><FeatureReferenceName>Defeat darkness</FeatureReferenceName><FeatureHighlightRank>8</FeatureHighlightRank></FeatureHighlight><CSChapter><CSChapterCode>CH4000343</CSChapterCode><CSChapterName>Outer Carton</CSChapterName><CSChapterRank>1</CSChapterRank><CSItem><CSItemCode>IT4001471</CSItemCode><CSItemName>Number of consumer packagings</CSItemName><CSItemRank>6</CSItemRank><CSItemIsFreeFormat>1</CSItemIsFreeFormat><CSValue><CSValueCode>VA4003654</CSValueCode><CSValueName>6</CSValueName><CSValueRank>1</CSValueRank></CSValue></CSItem><CSItem><CSItemCode>IT4001456</CSItemCode><CSItemName>Length</CSItemName><CSItemRank>12</CSItemRank><CSItemIsFreeFormat>1</CSItemIsFreeFormat><CSValue><CSValueCode>VA4003639</CSValueCode><CSValueName>60</CSValueName><CSValueRank>1</CSValueRank></CSValue><UnitOfMeasure><UnitOfMeasureCode>3000039</UnitOfMeasureCode><UnitOfMeasureName>centimeter</UnitOfMeasureName><UnitOfMeasureSymbol>cm</UnitOfMeasureSymbol></UnitOfMeasure></CSItem><CSItem><CSItemCode>IT4001458</CSItemCode><CSItemName>Width</CSItemName><CSItemRank>19</CSItemRank><CSItemIsFreeFormat>1</CSItemIsFreeFormat><CSValue><CSValueCode>VA4003641</CSValueCode><CSValueName>37</CSValueName><CSValueRank>1</CSValueRank></CSValue><UnitOfMeasure><UnitOfMeasureCode>3000039</UnitOfMeasureCode><UnitOfMeasureName>centimeter</UnitOfMeasureName><UnitOfMeasureSymbol>cm</UnitOfMeasureSymbol></UnitOfMeasure></CSItem><CSItem><CSItemCode>IT4001460</CSItemCode><CSItemName>Height</CSItemName><CSItemRank>22</CSItemRank><CSItemIsFreeFormat>1</CSItemIsFreeFormat><CSValue><CSValueCode>VA4003643</CSValueCode><CSValueName>15</CSValueName><CSValueRank>1</CSValueRank></CSValue><UnitOfMeasure><UnitOfMeasureCode>3000039</UnitOfMeasureCode><UnitOfMeasureName>centimeter</UnitOfMeasureName><UnitOfMeasureSymbol>cm</UnitOfMeasureSymbol></UnitOfMeasure></CSItem><CSItem><CSItemCode>IT4001464</CSItemCode><CSItemName>Gross weight</CSItemName><CSItemRank>35</CSItemRank><CSItemIsFreeFormat>1</CSItemIsFreeFormat><CSValue><CSValueCode>VA4003647</CSValueCode><CSValueName>2.2</CSValueName><CSValueRank>1</CSValueRank></CSValue><UnitOfMeasure><UnitOfMeasureCode>3000049</UnitOfMeasureCode><UnitOfMeasureName>kilogram</UnitOfMeasureName><UnitOfMeasureSymbol>kg</UnitOfMeasureSymbol></UnitOfMeasure></CSItem><CSItem><CSItemCode>IT4001470</CSItemCode><CSItemName>GTIN</CSItemName><CSItemRank>43</CSItemRank><CSItemIsFreeFormat>1</CSItemIsFreeFormat><CSValue><CSValueCode>VA4003653</CSValueCode><CSValueName>1 87 27900 38950 7</CSValueName><CSValueRank>1</CSValueRank></CSValue></CSItem></CSChapter><CSChapter><CSChapterCode>CH4006484</CSChapterCode><CSChapterName>Ordering information</CSChapterName><CSChapterRank>2</CSChapterRank><CSItem><CSItemCode>IT4035592</CSItemCode><CSItemName>Order entry</CSItemName><CSItemRank>23</CSItemRank><CSItemIsFreeFormat>1</CSItemIsFreeFormat><CSValue><CSValueCode>VA4082925</CSValueCode><CSValueName>LPL14X1</CSValueName><CSValueRank>1</CSValueRank></CSValue></CSItem><CSItem><CSItemCode>IT4035593</CSItemCode><CSItemName>Ordering code</CSItemName><CSItemRank>26</CSItemRank><CSItemIsFreeFormat>1</CSItemIsFreeFormat><CSValue><CSValueCode>VA4082926</CSValueCode><CSValueName>38950031</CSValueName><CSValueRank>1</CSValueRank></CSValue></CSItem></CSChapter><CSChapter><CSChapterCode>CH4006521</CSChapterCode><CSChapterName>Electrical characteristics</CSChapterName><CSChapterRank>3</CSChapterRank><CSItem><CSItemCode>IT4038144</CSItemCode><CSItemName>Plug type</CSItemName><CSItemRank>28</CSItemRank><CSItemIsFreeFormat>0</CSItemIsFreeFormat><CSValue><CSValueCode>VA4088824</CSValueCode><CSValueName>EU</CSValueName><CSValueRank>8</CSValueRank></CSValue></CSItem><CSItem><CSItemCode>IT4038139</CSItemCode><CSItemName>Power source</CSItemName><CSItemRank>31</CSItemRank><CSItemIsFreeFormat>0</CSItemIsFreeFormat><CSValue><CSValueCode>VA4088806</CSValueCode><CSValueName>Cable</CSValueName><CSValueRank>9</CSValueRank></CSValue></CSItem><CSItem><CSItemCode>IT4031552</CSItemCode><CSItemName>Voltage</CSItemName><CSItemRank>33</CSItemRank><CSItemIsFreeFormat>0</CSItemIsFreeFormat><CSValue><CSValueCode>VA4088823</CSValueCode><CSValueName>100-240</CSValueName><CSValueRank>6</CSValueRank></CSValue><UnitOfMeasure><UnitOfMeasureCode>3000071</UnitOfMeasureCode><UnitOfMeasureName>volt</UnitOfMeasureName><UnitOfMeasureSymbol>V</UnitOfMeasureSymbol></UnitOfMeasure></CSItem><CSItem><CSItemCode>IT4035426</CSItemCode><CSItemName>Wattage</CSItemName><CSItemRank>38</CSItemRank><CSItemIsFreeFormat>1</CSItemIsFreeFormat><CSValue><CSValueCode>VA4082344</CSValueCode><CSValueName>5</CSValueName><CSValueRank>1</CSValueRank></CSValue><UnitOfMeasure><UnitOfMeasureCode>3000072</UnitOfMeasureCode><UnitOfMeasureName>watt</UnitOfMeasureName><UnitOfMeasureSymbol>W</UnitOfMeasureSymbol></UnitOfMeasure></CSItem></CSChapter><CSChapter><CSChapterCode>CH4005203</CSChapterCode><CSChapterName>Light characteristics</CSChapterName><CSChapterRank>4</CSChapterRank><CSItem><CSItemCode>IT4029156</CSItemCode><CSItemName>Beam angle</CSItemName><CSItemRank>4</CSItemRank><CSItemIsFreeFormat>1</CSItemIsFreeFormat><CSValue><CSValueCode>VA4067567</CSValueCode><CSValueName>100</CSValueName><CSValueRank>1</CSValueRank></CSValue><UnitOfMeasure><UnitOfMeasureCode>3000042</UnitOfMeasureCode><UnitOfMeasureName>degree</UnitOfMeasureName><UnitOfMeasureSymbol>degree</UnitOfMeasureSymbol></UnitOfMeasure></CSItem><CSItem><CSItemCode>IT4038124</CSItemCode><CSItemName>Beam angle (pointer)</CSItemName><CSItemRank>10</CSItemRank><CSItemIsFreeFormat>1</CSItemIsFreeFormat><CSValue><CSValueCode>VA4088745</CSValueCode><CSValueName>90</CSValueName><CSValueRank>1</CSValueRank></CSValue><UnitOfMeasure><UnitOfMeasureCode>3000042</UnitOfMeasureCode><UnitOfMeasureName>degree</UnitOfMeasureName><UnitOfMeasureSymbol>degree</UnitOfMeasureSymbol></UnitOfMeasure></CSItem><CSItem><CSItemCode>IT4029159</CSItemCode><CSItemName>Color temperature</CSItemName><CSItemRank>18</CSItemRank><CSItemIsFreeFormat>1</CSItemIsFreeFormat><CSValue><CSValueCode>VA4067572</CSValueCode><CSValueName>6500</CSValueName><CSValueRank>1</CSValueRank></CSValue><UnitOfMeasure><UnitOfMeasureCode>4000041</UnitOfMeasureCode><UnitOfMeasureName>Kelvin</UnitOfMeasureName><UnitOfMeasureSymbol>K</UnitOfMeasureSymbol></UnitOfMeasure></CSItem><CSItem><CSItemCode>IT4038131</CSItemCode><CSItemName>LED lifetime</CSItemName><CSItemRank>24</CSItemRank><CSItemIsFreeFormat>1</CSItemIsFreeFormat><CSValue><CSValueCode>VA4088781</CSValueCode><CSValueName>10000</CSValueName><CSValueRank>1</CSValueRank></CSValue><UnitOfMeasure><UnitOfMeasureCode>4000213</UnitOfMeasureCode><UnitOfMeasureName>hrs</UnitOfMeasureName><UnitOfMeasureSymbol>hrs</UnitOfMeasureSymbol></UnitOfMeasure></CSItem><CSItem><CSItemCode>IT4038125</CSItemCode><CSItemName>Light output</CSItemName><CSItemRank>34</CSItemRank><CSItemIsFreeFormat>0</CSItemIsFreeFormat><CSValue><CSValueCode>VA4088758</CSValueCode><CSValueName>330</CSValueName><CSValueRank>16</CSValueRank></CSValue><UnitOfMeasure><UnitOfMeasureCode>4000123</UnitOfMeasureCode><UnitOfMeasureName>Lumen</UnitOfMeasureName><UnitOfMeasureSymbol>lumen</UnitOfMeasureSymbol></UnitOfMeasure></CSItem><CSItem><CSItemCode>IT4038129</CSItemCode><CSItemName>Light output (pointer)</CSItemName><CSItemRank>40</CSItemRank><CSItemIsFreeFormat>0</CSItemIsFreeFormat><CSValue><CSValueCode>VA4088776</CSValueCode><CSValueName>90</CSValueName><CSValueRank>14</CSValueRank></CSValue><UnitOfMeasure><UnitOfMeasureCode>4000123</UnitOfMeasureCode><UnitOfMeasureName>Lumen</UnitOfMeasureName><UnitOfMeasureSymbol>lumen</UnitOfMeasureSymbol></UnitOfMeasure></CSItem></CSChapter><CSChapter><CSChapterCode>CH4006541</CSChapterCode><CSChapterName>Outerpack information</CSChapterName><CSChapterRank>5</CSChapterRank><CSItem><CSItemCode>IT4035766</CSItemCode><CSItemName>Gross weight per piece</CSItemName><CSItemRank>5</CSItemRank><CSItemIsFreeFormat>1</CSItemIsFreeFormat><CSValue><CSValueCode>VA4083205</CSValueCode><CSValueName>6220</CSValueName><CSValueRank>1</CSValueRank></CSValue><UnitOfMeasure><UnitOfMeasureCode>4000006</UnitOfMeasureCode><UnitOfMeasureName>-Grams</UnitOfMeasureName><UnitOfMeasureSymbol>g</UnitOfMeasureSymbol></UnitOfMeasure></CSItem><CSItem><CSItemCode>IT4035764</CSItemCode><CSItemName>Height</CSItemName><CSItemRank>11</CSItemRank><CSItemIsFreeFormat>1</CSItemIsFreeFormat><CSValue><CSValueCode>VA4083203</CSValueCode><CSValueName>15</CSValueName><CSValueRank>1</CSValueRank></CSValue><UnitOfMeasure><UnitOfMeasureCode>3000039</UnitOfMeasureCode><UnitOfMeasureName>centimeter</UnitOfMeasureName><UnitOfMeasureSymbol>cm</UnitOfMeasureSymbol></UnitOfMeasure></CSItem><CSItem><CSItemCode>IT4035762</CSItemCode><CSItemName>Length</CSItemName><CSItemRank>17</CSItemRank><CSItemIsFreeFormat>1</CSItemIsFreeFormat><CSValue><CSValueCode>VA4083201</CSValueCode><CSValueName>60</CSValueName><CSValueRank>1</CSValueRank></CSValue><UnitOfMeasure><UnitOfMeasureCode>3000039</UnitOfMeasureCode><UnitOfMeasureName>centimeter</UnitOfMeasureName><UnitOfMeasureSymbol>cm</UnitOfMeasureSymbol></UnitOfMeasure></CSItem><CSItem><CSItemCode>IT4035763</CSItemCode><CSItemName>Width</CSItemName><CSItemRank>25</CSItemRank><CSItemIsFreeFormat>1</CSItemIsFreeFormat><CSValue><CSValueCode>VA4083202</CSValueCode><CSValueName>37</CSValueName><CSValueRank>1</CSValueRank></CSValue><UnitOfMeasure><UnitOfMeasureCode>3000039</UnitOfMeasureCode><UnitOfMeasureName>centimeter</UnitOfMeasureName><UnitOfMeasureSymbol>cm</UnitOfMeasureSymbol></UnitOfMeasure></CSItem></CSChapter><CSChapter><CSChapterCode>3001177</CSChapterCode><CSChapterName>Packaging Data</CSChapterName><CSChapterRank>6</CSChapterRank><CSItem><CSItemCode>IT4035590</CSItemCode><CSItemName>EAN1</CSItemName><CSItemRank>3</CSItemRank><CSItemIsFreeFormat>1</CSItemIsFreeFormat><CSValue><CSValueCode>VA4082922</CSValueCode><CSValueName>8727900389500</CSValueName><CSValueRank>1</CSValueRank></CSValue></CSItem><CSItem><CSItemCode>IT4035591</CSItemCode><CSItemName>EAN3</CSItemName><CSItemRank>9</CSItemRank><CSItemIsFreeFormat>1</CSItemIsFreeFormat><CSValue><CSValueCode>VA4082924</CSValueCode><CSValueName>8727900389517</CSValueName><CSValueRank>1</CSValueRank></CSValue></CSItem></CSChapter><CSChapter><CSChapterCode>CH4006501</CSChapterCode><CSChapterName>Packed product information</CSChapterName><CSChapterRank>7</CSChapterRank><CSItem><CSItemCode>IT4038146</CSItemCode><CSItemName>Cable length</CSItemName><CSItemRank>7</CSItemRank><CSItemIsFreeFormat>1</CSItemIsFreeFormat><CSValue><CSValueCode>VA4088829</CSValueCode><CSValueName>6</CSValueName><CSValueRank>1</CSValueRank></CSValue><UnitOfMeasure><UnitOfMeasureCode>3000057</UnitOfMeasureCode><UnitOfMeasureName>meter</UnitOfMeasureName><UnitOfMeasureSymbol>m</UnitOfMeasureSymbol></UnitOfMeasure></CSItem><CSItem><CSItemCode>IT4038147</CSItemCode><CSItemName>Diameter</CSItemName><CSItemRank>13</CSItemRank><CSItemIsFreeFormat>1</CSItemIsFreeFormat><CSValue><CSValueCode>VA4088830</CSValueCode><CSValueName>2.5</CSValueName><CSValueRank>1</CSValueRank></CSValue><UnitOfMeasure><UnitOfMeasureCode>3000039</UnitOfMeasureCode><UnitOfMeasureName>centimeter</UnitOfMeasureName><UnitOfMeasureSymbol>cm</UnitOfMeasureSymbol></UnitOfMeasure></CSItem><CSItem><CSItemCode>IT4035760</CSItemCode><CSItemName>Height</CSItemName><CSItemRank>16</CSItemRank><CSItemIsFreeFormat>1</CSItemIsFreeFormat><CSValue><CSValueCode>VA4083198</CSValueCode><CSValueName>47.5</CSValueName><CSValueRank>1</CSValueRank></CSValue><UnitOfMeasure><UnitOfMeasureCode>3000039</UnitOfMeasureCode><UnitOfMeasureName>centimeter</UnitOfMeasureName><UnitOfMeasureSymbol>cm</UnitOfMeasureSymbol></UnitOfMeasure></CSItem><CSItem><CSItemCode>IT4035858</CSItemCode><CSItemName>Pack Quantity / MOQ</CSItemName><CSItemRank>29</CSItemRank><CSItemIsFreeFormat>1</CSItemIsFreeFormat><CSValue><CSValueCode>VA4083349</CSValueCode><CSValueName>6</CSValueName><CSValueRank>1</CSValueRank></CSValue></CSItem><CSItem><CSItemCode>IT4038148</CSItemCode><CSItemName>Weight with cable</CSItemName><CSItemRank>36</CSItemRank><CSItemIsFreeFormat>1</CSItemIsFreeFormat><CSValue><CSValueCode>VA4088831</CSValueCode><CSValueName>800</CSValueName><CSValueRank>1</CSValueRank></CSValue><UnitOfMeasure><UnitOfMeasureCode>4000006</UnitOfMeasureCode><UnitOfMeasureName>-Grams</UnitOfMeasureName><UnitOfMeasureSymbol>g</UnitOfMeasureSymbol></UnitOfMeasure></CSItem><CSItem><CSItemCode>IT4038149</CSItemCode><CSItemName>Weight without cable</CSItemName><CSItemRank>39</CSItemRank><CSItemIsFreeFormat>1</CSItemIsFreeFormat><CSValue><CSValueCode>VA4088832</CSValueCode><CSValueName>220</CSValueName><CSValueRank>1</CSValueRank></CSValue><UnitOfMeasure><UnitOfMeasureCode>4000006</UnitOfMeasureCode><UnitOfMeasureName>-Grams</UnitOfMeasureName><UnitOfMeasureSymbol>g</UnitOfMeasureSymbol></UnitOfMeasure></CSItem></CSChapter><CSChapter><CSChapterCode>CH4006466</CSChapterCode><CSChapterName>Product description</CSChapterName><CSChapterRank>8</CSChapterRank><CSItem><CSItemCode>IT4038137</CSItemCode><CSItemName>Hook</CSItemName><CSItemRank>1</CSItemRank><CSItemIsFreeFormat>0</CSItemIsFreeFormat><CSValue><CSValueCode>VA4088798</CSValueCode><CSValueName>360° adjustable clipping hook</CSValueName><CSValueRank>10</CSValueRank></CSValue></CSItem><CSItem><CSItemCode>IT4038133</CSItemCode><CSItemName>Impact protection rating (IK)</CSItemName><CSItemRank>8</CSItemRank><CSItemIsFreeFormat>0</CSItemIsFreeFormat><CSValue><CSValueCode>VA4088783</CSValueCode><CSValueName>IK07</CSValueName><CSValueRank>2</CSValueRank></CSValue></CSItem><CSItem><CSItemCode>IT4038134</CSItemCode><CSItemName>Ingress protection rating (IP)</CSItemName><CSItemRank>15</CSItemRank><CSItemIsFreeFormat>0</CSItemIsFreeFormat><CSValue><CSValueCode>VA4088785</CSValueCode><CSValueName>IP54</CSValueName><CSValueRank>7</CSValueRank></CSValue></CSItem><CSItem><CSItemCode>IT4038138</CSItemCode><CSItemName>Magnet</CSItemName><CSItemRank>21</CSItemRank><CSItemIsFreeFormat>0</CSItemIsFreeFormat><CSValue><CSValueCode>VA4088802</CSValueCode><CSValueName>Yes</CSValueName><CSValueRank>13</CSValueRank></CSValue></CSItem><CSItem><CSItemCode>IT4038136</CSItemCode><CSItemName>Materials &amp; finishing</CSItemName><CSItemRank>27</CSItemRank><CSItemIsFreeFormat>1</CSItemIsFreeFormat><CSValue><CSValueCode>VA4088793</CSValueCode><CSValueName>Aluminum housing</CSValueName><CSValueRank>1</CSValueRank></CSValue></CSItem><CSItem><CSItemCode>IT4038132</CSItemCode><CSItemName>Number of LED's</CSItemName><CSItemRank>30</CSItemRank><CSItemIsFreeFormat>1</CSItemIsFreeFormat><CSValue><CSValueCode>VA4088782</CSValueCode><CSValueName>12</CSValueName><CSValueRank>1</CSValueRank></CSValue></CSItem><CSItem><CSItemCode>IT4034998</CSItemCode><CSItemName>Operating Temperature</CSItemName><CSItemRank>32</CSItemRank><CSItemIsFreeFormat>1</CSItemIsFreeFormat><CSValue><CSValueCode>VA4081561</CSValueCode><CSValueName>-10 to 40</CSValueName><CSValueRank>1</CSValueRank></CSValue><UnitOfMeasure><UnitOfMeasureCode>3000081</UnitOfMeasureCode><UnitOfMeasureName>degree Celsius</UnitOfMeasureName><UnitOfMeasureSymbol>°C</UnitOfMeasureSymbol></UnitOfMeasure></CSItem><CSItem><CSItemCode>IT4038135</CSItemCode><CSItemName>Resistant to</CSItemName><CSItemRank>37</CSItemRank><CSItemIsFreeFormat>0</CSItemIsFreeFormat><CSValue><CSValueCode>VA4088791</CSValueCode><CSValueName>grease</CSValueName><CSValueRank>5</CSValueRank></CSValue><CSValue><CSValueCode>VA4088790</CSValueCode><CSValueName>oil</CSValueName><CSValueRank>12</CSValueRank></CSValue><CSValue><CSValueCode>VA4088792</CSValueCode><CSValueName>workshop solvents</CSValueName><CSValueRank>15</CSValueRank></CSValue></CSItem><CSItem><CSItemCode>IT4031500</CSItemCode><CSItemName>Technology</CSItemName><CSItemRank>41</CSItemRank><CSItemIsFreeFormat>0</CSItemIsFreeFormat><CSValue><CSValueCode>VA4071793</CSValueCode><CSValueName>LED</CSValueName><CSValueRank>1</CSValueRank></CSValue></CSItem><CSItem><CSItemCode>IT4031519</CSItemCode><CSItemName>Range</CSItemName><CSItemRank>42</CSItemRank><CSItemIsFreeFormat>0</CSItemIsFreeFormat><CSValue><CSValueCode>VA4089020</CSValueCode><CSValueName>CBL</CSValueName><CSValueRank>3</CSValueRank></CSValue></CSItem></CSChapter><CSChapter><CSChapterCode>CH4005202</CSChapterCode><CSChapterName>Power consumption</CSChapterName><CSChapterRank>9</CSChapterRank><CSItem><CSItemCode>IT4026378</CSItemCode><CSItemName>Energy efficiency label</CSItemName><CSItemRank>2</CSItemRank><CSItemIsFreeFormat>0</CSItemIsFreeFormat><CSValue><CSValueCode>VA4067612</CSValueCode><CSValueName>A+</CSValueName><CSValueRank>11</CSValueRank></CSValue></CSItem><CSItem><CSItemCode>IT4029053</CSItemCode><CSItemName>Power consumption per 1000h</CSItemName><CSItemRank>14</CSItemRank><CSItemIsFreeFormat>1</CSItemIsFreeFormat><CSValue><CSValueCode>VA4067444</CSValueCode><CSValueName>4.91</CSValueName><CSValueRank>1</CSValueRank></CSValue><UnitOfMeasure><UnitOfMeasureCode>4000161</UnitOfMeasureCode><UnitOfMeasureName>kilowatt hour</UnitOfMeasureName><UnitOfMeasureSymbol>kW·h</UnitOfMeasureSymbol></UnitOfMeasure></CSItem></CSChapter><Filters><Purpose type="Comparison"><Features><Feature code="F400058130" rank="1" referenceName="Wide beam angle: up to 100°"/><Feature code="F400054700" rank="2" referenceName="Water &amp; dust protected -IP54"/><Feature code="F400054705" rank="3" referenceName="Strong impact resistance -IK07"/><Feature code="F400058162" rank="4" referenceName="Rotating magnet"/><Feature code="F400068354" rank="5" referenceName="Resistant to chemicals"/><Feature code="F400058163" rank="6" referenceName="Focus light: 90 lumens"/><Feature code="F400071553" rank="7" referenceName="High quality LED light 330 lumens"/><Feature code="F400071279" rank="8" referenceName="Defeat darkness"/></Features><CSItems><CSItem code="IT4038137" rank="1" referenceName="Product description - Hook"/><CSItem code="IT4026378" rank="2" referenceName="Power consumption - Energy efficiency label"/><CSItem code="IT4035590" rank="3" referenceName="Packaging Data - EAN1"/><CSItem code="IT4029156" rank="4" referenceName="Light characteristics - Beam angle"/><CSItem code="IT4035766" rank="5" referenceName="Outerpack information - Gross weight per piece"/><CSItem code="IT4001471" rank="6" referenceName="Outer Carton - Number of consumer packagings"/><CSItem code="IT4038146" rank="7" referenceName="Packed product information - Cable length"/><CSItem code="IT4038133" rank="8" referenceName="Product description - Impact protection rating (IK)"/><CSItem code="IT4035591" rank="9" referenceName="Packaging Data - EAN3"/><CSItem code="IT4038124" rank="10" referenceName="Light characteristics - Beam angle (pointer)"/><CSItem code="IT4035764" rank="11" referenceName="Outerpack information - Height"/><CSItem code="IT4001456" rank="12" referenceName="Outer Carton - Length"/><CSItem code="IT4038147" rank="13" referenceName="Packed product information - Diameter"/><CSItem code="IT4029053" rank="14" referenceName="Power consumption - Power consumption per 1000h"/><CSItem code="IT4038134" rank="15" referenceName="Product description - Ingress protection rating (IP)"/><CSItem code="IT4035760" rank="16" referenceName="Packed product information - Height"/><CSItem code="IT4035762" rank="17" referenceName="Outerpack information - Length"/><CSItem code="IT4029159" rank="18" referenceName="Light characteristics - Color temperature"/><CSItem code="IT4001458" rank="19" referenceName="Outer Carton - Width"/><CSItem code="IT4038138" rank="21" referenceName="Product description - Magnet"/><CSItem code="IT4001460" rank="22" referenceName="Outer Carton - Height"/><CSItem code="IT4035592" rank="23" referenceName="Ordering information - Order entry"/><CSItem code="IT4038131" rank="24" referenceName="Light characteristics - LED lifetime"/><CSItem code="IT4035763" rank="25" referenceName="Outerpack information - Width"/><CSItem code="IT4035593" rank="26" referenceName="Ordering information - Ordering code"/><CSItem code="IT4038136" rank="27" referenceName="Product description - Materials &amp; finishing"/><CSItem code="IT4038144" rank="28" referenceName="Electrical characteristics - Plug type"/><CSItem code="IT4035858" rank="29" referenceName="Packed product information - Pack Quantity / MOQ"/><CSItem code="IT4038132" rank="30" referenceName="Product description - Number of LED's"/><CSItem code="IT4038139" rank="31" referenceName="Electrical characteristics - Power source"/><CSItem code="IT4034998" rank="32" referenceName="Product description - Operating Temperature"/><CSItem code="IT4031552" rank="33" referenceName="Electrical characteristics - Voltage"/><CSItem code="IT4038125" rank="34" referenceName="Light characteristics - Light output"/><CSItem code="IT4001464" rank="35" referenceName="Outer Carton - Gross weight"/><CSItem code="IT4038148" rank="36" referenceName="Packed product information - Weight with cable"/><CSItem code="IT4038135" rank="37" referenceName="Product description - Resistant to"/><CSItem code="IT4035426" rank="38" referenceName="Electrical characteristics - Wattage"/><CSItem code="IT4038149" rank="39" referenceName="Packed product information - Weight without cable"/><CSItem code="IT4038129" rank="40" referenceName="Light characteristics - Light output (pointer)"/><CSItem code="IT4031500" rank="41" referenceName="Product description - Technology"/><CSItem code="IT4031519" rank="42" referenceName="Product description - Range"/><CSItem code="IT4001470" rank="43" referenceName="Outer Carton - GTIN"/></CSItems></Purpose><Purpose type="Detail"><Features><Feature code="F400058130" rank="1" referenceName="Wide beam angle: up to 100°"/><Feature code="F400054700" rank="2" referenceName="Water &amp; dust protected -IP54"/><Feature code="F400054705" rank="3" referenceName="Strong impact resistance -IK07"/><Feature code="F400058162" rank="4" referenceName="Rotating magnet"/><Feature code="F400068354" rank="5" referenceName="Resistant to chemicals"/><Feature code="F400058163" rank="6" referenceName="Focus light: 90 lumens"/><Feature code="F400071553" rank="7" referenceName="High quality LED light 330 lumens"/><Feature code="F400071279" rank="8" referenceName="Defeat darkness"/></Features><CSItems><CSItem code="IT4038137" rank="1" referenceName="Product description - Hook"/><CSItem code="IT4026378" rank="2" referenceName="Power consumption - Energy efficiency label"/><CSItem code="IT4035590" rank="3" referenceName="Packaging Data - EAN1"/><CSItem code="IT4029156" rank="4" referenceName="Light characteristics - Beam angle"/><CSItem code="IT4035766" rank="5" referenceName="Outerpack information - Gross weight per piece"/><CSItem code="IT4001471" rank="6" referenceName="Outer Carton - Number of consumer packagings"/><CSItem code="IT4038146" rank="7" referenceName="Packed product information - Cable length"/><CSItem code="IT4038133" rank="8" referenceName="Product description - Impact protection rating (IK)"/><CSItem code="IT4035591" rank="9" referenceName="Packaging Data - EAN3"/><CSItem code="IT4038124" rank="10" referenceName="Light characteristics - Beam angle (pointer)"/><CSItem code="IT4035764" rank="11" referenceName="Outerpack information - Height"/><CSItem code="IT4001456" rank="12" referenceName="Outer Carton - Length"/><CSItem code="IT4038147" rank="13" referenceName="Packed product information - Diameter"/><CSItem code="IT4029053" rank="14" referenceName="Power consumption - Power consumption per 1000h"/><CSItem code="IT4038134" rank="15" referenceName="Product description - Ingress protection rating (IP)"/><CSItem code="IT4035760" rank="16" referenceName="Packed product information - Height"/><CSItem code="IT4035762" rank="17" referenceName="Outerpack information - Length"/><CSItem code="IT4029159" rank="18" referenceName="Light characteristics - Color temperature"/><CSItem code="IT4001458" rank="19" referenceName="Outer Carton - Width"/><CSItem code="IT4038138" rank="21" referenceName="Product description - Magnet"/><CSItem code="IT4001460" rank="22" referenceName="Outer Carton - Height"/><CSItem code="IT4035592" rank="23" referenceName="Ordering information - Order entry"/><CSItem code="IT4038131" rank="24" referenceName="Light characteristics - LED lifetime"/><CSItem code="IT4035763" rank="25" referenceName="Outerpack information - Width"/><CSItem code="IT4035593" rank="26" referenceName="Ordering information - Ordering code"/><CSItem code="IT4038136" rank="27" referenceName="Product description - Materials &amp; finishing"/><CSItem code="IT4038144" rank="28" referenceName="Electrical characteristics - Plug type"/><CSItem code="IT4035858" rank="29" referenceName="Packed product information - Pack Quantity / MOQ"/><CSItem code="IT4038132" rank="30" referenceName="Product description - Number of LED's"/><CSItem code="IT4038139" rank="31" referenceName="Electrical characteristics - Power source"/><CSItem code="IT4034998" rank="32" referenceName="Product description - Operating Temperature"/><CSItem code="IT4031552" rank="33" referenceName="Electrical characteristics - Voltage"/><CSItem code="IT4038125" rank="34" referenceName="Light characteristics - Light output"/><CSItem code="IT4001464" rank="35" referenceName="Outer Carton - Gross weight"/><CSItem code="IT4038148" rank="36" referenceName="Packed product information - Weight with cable"/><CSItem code="IT4038135" rank="37" referenceName="Product description - Resistant to"/><CSItem code="IT4035426" rank="38" referenceName="Electrical characteristics - Wattage"/><CSItem code="IT4038149" rank="39" referenceName="Packed product information - Weight without cable"/><CSItem code="IT4038129" rank="40" referenceName="Light characteristics - Light output (pointer)"/><CSItem code="IT4031500" rank="41" referenceName="Product description - Technology"/><CSItem code="IT4031519" rank="42" referenceName="Product description - Range"/><CSItem code="IT4001470" rank="43" referenceName="Outer Carton - GTIN"/></CSItems></Purpose></Filters><FeatureCompareGroups/><Disclaimers/><RichTexts/></Product></Products>