<?xml version="1.0" encoding="UTF-8"?><Products xmlns:source="http://apache.org/cocoon/source/1.0" DocStatus="approved" DocTimeStamp="2018-10-19T09:19:04"><Product IsAccessory="false" IsMaster="true" lastModified="2018-09-28T01:00:42" masterLastModified="2018-09-28T00:55:44"><CTN>8718696490747</CTN><Code12NC>929001155907</Code12NC><GTIN>8718696490747</GTIN><MarketingVersion>4.0.1</MarketingVersion><MarketingStatus>Final Published</MarketingStatus><CRDate>2016-01-01</CRDate><CRDateYW>201601</CRDateYW><ModelYears><ModelYear>2016</ModelYear></ModelYears><ProductDivision><ProductDivisionCode>0100</ProductDivisionCode><ProductDivisionName>Lighting</ProductDivisionName><FormerPDCode>0100</FormerPDCode></ProductDivision><ProductOwner>Mellissa van Heest - Cooijman</ProductOwner><DTN>8718696490747</DTN><Catalog><StartOfPublication>2016-02-01T00:00:00</StartOfPublication><EndOfPublication>2019-02-01T00:00:00</EndOfPublication><StartOfSales>2016-02-01T00:00:00</StartOfSales><EndOfSales>2019-02-01T00:00:00</EndOfSales><DummyPrice/><Deleted>false</Deleted><DeleteAfterDate/><ProductRank>50</ProductRank></Catalog><FinancialCategorization><BusinessGroupCode>9240</BusinessGroupCode><BusinessGroupName>LED</BusinessGroupName><BusinessUnitCode>0118</BusinessUnitCode><BusinessUnitName>LED Lamps</BusinessUnitName><MainArticleGroupCode>L66</MainArticleGroupCode><MainArticleGroupName>LED Bulbs</MainArticleGroupName><ArticleGroupCode>7011</ArticleGroupCode><ArticleGroupName>Bulbs Premium</ArticleGroupName></FinancialCategorization><Categorization type="CONSUMER"><GroupCode>LIGHTING_GR</GroupCode><GroupName>Lighting</GroupName><CategoryCode>CHOOSE_A_BULB_CA</CategoryCode><CategoryName>Choose a bulb</CategoryName><SubcategoryCode>STANDARD_BULB_SU</SubcategoryCode><SubcategoryName>Bulb</SubcategoryName></Categorization><Assets><Asset code="8718696490747" description="High Quality product movie 1" extension="mp4" lastModified="2017-12-13" locale="ru_RU" number="001" type="HQ1">http://download.p4c.philips.com/files/8/8718696490747/8718696490747_hq1_rus.mp4</Asset><Asset code="8718696490747" description="Leaflet" extension="pdf" lastModified="2018-09-26" locale="ru_RU" number="001" type="PSS">http://download.p4c.philips.com/files/8/8718696490747/8718696490747_pss_rusru.pdf</Asset><Asset code="8718696490747" description="Retail Trade Leaflet" extension="pdf" lastModified="2018-10-05" locale="ru_RU" number="001" type="RTL">http://download.p4c.philips.com/files/8/8718696490747/8718696490747_rtl_rusru.pdf</Asset><Asset code="8718696490747" description="Energy Label - Rainbow " extension="pdf" lastModified="2016-08-26" locale="global" number="001" type="ELR">http://download.p4c.philips.com/files/8/8718696490747/8718696490747_elr_.pdf</Asset><Asset code="8718696490747" description="Packaging photograph - highres 1447x756" extension="tif" lastModified="2016-08-26" locale="global" number="001" type="PID">http://images.philips.com/is/image/PhilipsConsumer/8718696490747-PID-global-001</Asset><Asset code="8718696490747" description="Packaging photograph - master" extension="tif" lastModified="2016-08-26" locale="global" number="001" type="PIM">http://download.p4c.philips.com/files/8/8718696490747/8718696490747_pim_.tif</Asset><Asset code="8718696490747" description="Packaging photograph - small 90x65" extension="jpg" lastModified="2016-08-26" locale="global" number="001" type="PIS">http://download.p4c.philips.com/files/8/8718696490747/8718696490747_pis_.jpg</Asset><Asset code="8718696490747" description="Leaflet" extension="pdf" lastModified="2018-10-03" locale="global" number="001" type="PSS">http://download.p4c.philips.com/files/8/8718696490747/8718696490747_pss_.pdf</Asset><Asset code="8718696490747" description="Standard product photograph - highres 2196x1795" extension="tif" lastModified="2016-05-04" locale="global" number="001" type="RTP">http://images.philips.com/is/image/PhilipsConsumer/8718696490747-RTP-global-001</Asset><Asset code="8718696490747" description="Single product shot" extension="" lastModified="2018-09-28" locale="" number="" type="IMS">http://images.philips.com/is/image/PhilipsConsumer/8718696490747-IMS-</Asset><Asset code="8718696490747" description="Product gallery image set" extension="" lastModified="2018-09-28" locale="" number="" type="GAL">http://images.philips.com/is/image/PhilipsConsumer/8718696490747-GAL-</Asset><Asset code="F400040409" description="Feature photograph - highres 2100x1170" extension="tif" lastModified="2013-09-03" locale="global" number="001" type="FIL">http://images.philips.com/is/image/PhilipsConsumer/F400040409-FIL-global-001</Asset><Asset code="F400040437" description="Feature photograph - highres 2100x1170" extension="tif" lastModified="2013-09-16" locale="global" number="001" type="FIL">http://images.philips.com/is/image/PhilipsConsumer/F400040437-FIL-global-001</Asset><Asset code="F400040437" description="Feature logo - highres 331x213" extension="tif" lastModified="2012-03-02" locale="global" number="001" type="FLP">http://images.philips.com/is/image/PhilipsConsumer/F400040437-FLP-global-001</Asset><Asset code="F400040468" description="Feature photograph - highres 2100x1170" extension="tif" lastModified="2013-09-16" locale="global" number="001" type="FIL">http://images.philips.com/is/image/PhilipsConsumer/F400040468-FIL-global-001</Asset><Asset code="F400040468" description="Feature logo - highres 331x213" extension="tif" lastModified="2012-03-02" locale="global" number="001" type="FLP">http://images.philips.com/is/image/PhilipsConsumer/F400040468-FLP-global-001</Asset><Asset code="F400086860" description="Feature photograph - highres 2100x1170" extension="tif" lastModified="2018-06-08" locale="global" number="001" type="FIL">http://images.philips.com/is/image/PhilipsConsumer/F400086860-FIL-global-001</Asset><Asset code="PHI" description="Brand logo - highres 1476x886" extension="tif" lastModified="2016-02-18" locale="global" number="001" type="BRP">http://images.philips.com/is/image/PhilipsConsumer/PHI-BRP-global-001</Asset></Assets><ProductName>9.5W (70W) E27 cap Luster</ProductName><FullProductName>Philips LED Luster 8718696490747 9.5W (70W) E27 cap Cool Daylight / Warm White</FullProductName><NamingString><MasterBrand><BrandCode>PHI</BrandCode><BrandName>Philips</BrandName></MasterBrand><BrandString>Philips</BrandString><Family><FamilyCode>SB40002784</FamilyCode><FamilyName>LED</FamilyName><FamilyNameUsed>1</FamilyNameUsed></Family><Descriptor><DescriptorCode>D4020022</DescriptorCode><DescriptorName>Luster</DescriptorName></Descriptor><Alphanumeric>8718696490747</Alphanumeric><VersionElement1><VersionElementCode>V4034473</VersionElementCode><VersionElementName>9.5W (70W)</VersionElementName></VersionElement1><VersionElement2><VersionElementCode>D4025345</VersionElementCode><VersionElementName>E27 cap</VersionElementName></VersionElement2><VersionElement3><VersionElementCode>V4041965</VersionElementCode><VersionElementName>Cool Daylight / Warm White</VersionElementName></VersionElement3><VersionString>9.5W (70W) E27 cap Cool Daylight / Warm White</VersionString><BrandedFeatureString/><DescriptorBrandedFeatureString>Luster</DescriptorBrandedFeatureString></NamingString><WOW>Switch light settings without switching bulbs</WOW><SubWOW>Works with your existing switch</SubWOW><MarketingTextHeader>Sometimes you feel like a change in ambiance to suit whatever you’re doing. With a Philips SceneSwitch LED bulb, you can easily change the setting with your existing switch. No dimmer or additional installation is required.</MarketingTextHeader><KeyBenefitArea><KeyBenefitAreaCode>K4017554</KeyBenefitAreaCode><KeyBenefitAreaName>Create a warm atmosphere</KeyBenefitAreaName><KeyBenefitAreaRank>1</KeyBenefitAreaRank><Feature><FeatureCode>F400078238</FeatureCode><FeatureReferenceName>Beautiful switched on/off</FeatureReferenceName><FeatureName>Beautiful,switched on and off</FeatureName><FeatureLongDescription>Beautiful,switched on and off</FeatureLongDescription><FeatureGlossary>Light can have different color temperatures, indicated in units called Kelvin (K). Bulbs with a low value produce a warm, more cozy light, while those with a high Kelvin value, create a cool, more energizing light.</FeatureGlossary><FeatureRank>2</FeatureRank><FeatureTopRank>4</FeatureTopRank></Feature><Feature><FeatureCode>F400040409</FeatureCode><FeatureReferenceName>High color rendering (CRI &gt; 80) [LED lamps]</FeatureReferenceName><FeatureName>High color rendering (CRI&gt;80)</FeatureName><FeatureLongDescription>High color rendering (CRI &gt; 80) for vivid colors</FeatureLongDescription><FeatureGlossary>The color rendering index (CRI) is used to describe the effect of a light source on color appearance. Natural outdoor light has a CRI of 100 and is used as the standard of comparison for any other light source. The CRI of Philips LED light bulbs is always higher than 80, close to the sun's value, reflecting colors truly and naturally.</FeatureGlossary><FeatureRank>1</FeatureRank><FeatureTopRank>6</FeatureTopRank></Feature></KeyBenefitArea><KeyBenefitArea><KeyBenefitAreaCode>K4017574</KeyBenefitAreaCode><KeyBenefitAreaName>Easy to enjoy</KeyBenefitAreaName><KeyBenefitAreaRank>2</KeyBenefitAreaRank><Feature><FeatureCode>F400078241</FeatureCode><FeatureReferenceName>Avoid the hassle [LED bulbs]</FeatureReferenceName><FeatureName>Avoid the hassle of changing</FeatureName><FeatureLongDescription>Avoid the hassle of changing bulbs</FeatureLongDescription><FeatureGlossary>The durable alternative to incandescent light bulbs, Philips LED bulbs can be installed and forgotten about, maintaining their beautiful light beam for years and years to come.</FeatureGlossary><FeatureRank>1</FeatureRank><FeatureTopRank>5</FeatureTopRank></Feature></KeyBenefitArea><KeyBenefitArea><KeyBenefitAreaCode>K4017564</KeyBenefitAreaCode><KeyBenefitAreaName>Instant brightness</KeyBenefitAreaName><KeyBenefitAreaRank>3</KeyBenefitAreaRank><Feature><FeatureCode>F400040437</FeatureCode><FeatureReferenceName>Instant light [LED lamps]</FeatureReferenceName><FeatureName>Instant light when switched on</FeatureName><FeatureLongDescription>Instant light when switched on</FeatureLongDescription><FeatureGlossary>No need to wait: Philips LED light bulbs provide their full level of brightness immediately upon switching on.</FeatureGlossary><FeatureRank>1</FeatureRank><FeatureTopRank>1</FeatureTopRank></Feature></KeyBenefitArea><KeyBenefitArea><KeyBenefitAreaCode>K4008557</KeyBenefitAreaCode><KeyBenefitAreaName>Sustainable choice</KeyBenefitAreaName><KeyBenefitAreaRank>4</KeyBenefitAreaRank><Feature><FeatureCode>F400040468</FeatureCode><FeatureReferenceName>Lifetime 15 [LED lamps]</FeatureReferenceName><FeatureName>Lasts up to 15 years</FeatureName><FeatureLongDescription>Lasts up to 15 years</FeatureLongDescription><FeatureGlossary>With a lifetime of up to 15.000 hours, this Philips LED lamp will ensure your desired atmosphere for up to 15 years.*</FeatureGlossary><FeatureRank>1</FeatureRank><FeatureTopRank>2</FeatureTopRank></Feature><Feature><FeatureCode>F400019886</FeatureCode><FeatureReferenceName>No hazardous substances (LED bulbs)</FeatureReferenceName><FeatureName>No hazardous substances</FeatureName><FeatureLongDescription>Safe for any room and convenient to recycle</FeatureLongDescription><FeatureGlossary>Philips LED lights contain absolutely no hazardous materials, making them safe for any room and convenient to recycle.</FeatureGlossary><FeatureRank>2</FeatureRank><FeatureTopRank>3</FeatureTopRank></Feature></KeyBenefitArea><KeyBenefitArea><KeyBenefitAreaCode>K4035547</KeyBenefitAreaCode><KeyBenefitAreaName>Comfortable LED light that is easy on your eyes</KeyBenefitAreaName><KeyBenefitAreaRank>5</KeyBenefitAreaRank><Feature><FeatureCode>F400086860</FeatureCode><FeatureReferenceName>EyeComfort [LED lums, Spots]</FeatureReferenceName><FeatureName>Gentle LEDs, easy on the eyes</FeatureName><FeatureLongDescription>Designed for the comfort of your eyes†</FeatureLongDescription><FeatureGlossary>It's easy to see how harsh lighting can strain the eyes. Too bright, and you get the glare. Too soft and you experience flicker. Now you can gently light up your world with LEDs designed to go easy on the eyes, and create the perfect ambience for your home.</FeatureGlossary><FeatureRank>1</FeatureRank><FeatureTopRank>7</FeatureTopRank></Feature></KeyBenefitArea><FeatureImage><FeatureCode>F400040437</FeatureCode><FeatureReferenceName>Instant light [LED lamps]</FeatureReferenceName><FeatureImageRank>1</FeatureImageRank></FeatureImage><FeatureImage><FeatureCode>F400040468</FeatureCode><FeatureReferenceName>Lifetime 15 [LED lamps]</FeatureReferenceName><FeatureImageRank>2</FeatureImageRank></FeatureImage><FeatureImage><FeatureCode>F400019886</FeatureCode><FeatureReferenceName>No hazardous substances (LED bulbs)</FeatureReferenceName><FeatureImageRank>3</FeatureImageRank></FeatureImage><FeatureImage><FeatureCode>F400078238</FeatureCode><FeatureReferenceName>Beautiful switched on/off</FeatureReferenceName><FeatureImageRank>4</FeatureImageRank></FeatureImage><FeatureImage><FeatureCode>F400078241</FeatureCode><FeatureReferenceName>Avoid the hassle [LED bulbs]</FeatureReferenceName><FeatureImageRank>5</FeatureImageRank></FeatureImage><FeatureImage><FeatureCode>F400040409</FeatureCode><FeatureReferenceName>High color rendering (CRI &gt; 80) [LED lamps]</FeatureReferenceName><FeatureImageRank>6</FeatureImageRank></FeatureImage><FeatureImage><FeatureCode>F400086860</FeatureCode><FeatureReferenceName>EyeComfort [LED lums, Spots]</FeatureReferenceName><FeatureImageRank>7</FeatureImageRank></FeatureImage><FeatureHighlight><FeatureCode>F400040437</FeatureCode><FeatureReferenceName>Instant light [LED lamps]</FeatureReferenceName><FeatureHighlightRank>1</FeatureHighlightRank></FeatureHighlight><FeatureHighlight><FeatureCode>F400040468</FeatureCode><FeatureReferenceName>Lifetime 15 [LED lamps]</FeatureReferenceName><FeatureHighlightRank>2</FeatureHighlightRank></FeatureHighlight><FeatureHighlight><FeatureCode>F400019886</FeatureCode><FeatureReferenceName>No hazardous substances (LED bulbs)</FeatureReferenceName><FeatureHighlightRank>3</FeatureHighlightRank></FeatureHighlight><FeatureHighlight><FeatureCode>F400078238</FeatureCode><FeatureReferenceName>Beautiful switched on/off</FeatureReferenceName><FeatureHighlightRank>4</FeatureHighlightRank></FeatureHighlight><FeatureHighlight><FeatureCode>F400078241</FeatureCode><FeatureReferenceName>Avoid the hassle [LED bulbs]</FeatureReferenceName><FeatureHighlightRank>5</FeatureHighlightRank></FeatureHighlight><FeatureHighlight><FeatureCode>F400040409</FeatureCode><FeatureReferenceName>High color rendering (CRI &gt; 80) [LED lamps]</FeatureReferenceName><FeatureHighlightRank>6</FeatureHighlightRank></FeatureHighlight><FeatureHighlight><FeatureCode>F400086860</FeatureCode><FeatureReferenceName>EyeComfort [LED lums, Spots]</FeatureReferenceName><FeatureHighlightRank>7</FeatureHighlightRank></FeatureHighlight><CSChapter><CSChapterCode>CH4006022</CSChapterCode><CSChapterName>Bulb characteristics</CSChapterName><CSChapterRank>2</CSChapterRank><CSItem><CSItemCode>IT4029275</CSItemCode><CSItemName>Shape</CSItemName><CSItemRank>2</CSItemRank><CSItemIsFreeFormat>0</CSItemIsFreeFormat><CSValue><CSValueCode>VA4084359</CSValueCode><CSValueName>Bulb</CSValueName><CSValueRank>16</CSValueRank></CSValue></CSItem><CSItem><CSItemCode>IT4029277</CSItemCode><CSItemName>Cap/fitting</CSItemName><CSItemRank>10</CSItemRank><CSItemIsFreeFormat>0</CSItemIsFreeFormat><CSValue><CSValueCode>VA4067780</CSValueCode><CSValueName>E27</CSValueName><CSValueRank>12</CSValueRank></CSValue></CSItem><CSItem><CSItemCode>IT4029279</CSItemCode><CSItemName>Dimmable</CSItemName><CSItemRank>22</CSItemRank><CSItemIsFreeFormat>0</CSItemIsFreeFormat><CSValue><CSValueCode>VA4067747</CSValueCode><CSValueName>No</CSValueName><CSValueRank>1</CSValueRank></CSValue></CSItem><CSItem><CSItemCode>IT4036606</CSItemCode><CSItemName>Voltage</CSItemName><CSItemRank>31</CSItemRank><CSItemIsFreeFormat>0</CSItemIsFreeFormat><CSValue><CSValueCode>VA4085091</CSValueCode><CSValueName>220 - 240 V</CSValueName><CSValueRank>7</CSValueRank></CSValue></CSItem></CSChapter><CSChapter><CSChapterCode>CH4005202</CSChapterCode><CSChapterName>Power consumption</CSChapterName><CSChapterRank>3</CSChapterRank><CSItem><CSItemCode>IT4029051</CSItemCode><CSItemName>Wattage</CSItemName><CSItemRank>7</CSItemRank><CSItemIsFreeFormat>1</CSItemIsFreeFormat><CSValue><CSValueCode>VA4067442</CSValueCode><CSValueName>9.5</CSValueName><CSValueRank>1</CSValueRank></CSValue><UnitOfMeasure><UnitOfMeasureCode>3000072</UnitOfMeasureCode><UnitOfMeasureName>watt</UnitOfMeasureName><UnitOfMeasureSymbol>W</UnitOfMeasureSymbol></UnitOfMeasure></CSItem><CSItem><CSItemCode>IT4029052</CSItemCode><CSItemName>Wattage equivalent</CSItemName><CSItemRank>12</CSItemRank><CSItemIsFreeFormat>1</CSItemIsFreeFormat><CSValue><CSValueCode>VA4067443</CSValueCode><CSValueName>70</CSValueName><CSValueRank>1</CSValueRank></CSValue><UnitOfMeasure><UnitOfMeasureCode>3000072</UnitOfMeasureCode><UnitOfMeasureName>watt</UnitOfMeasureName><UnitOfMeasureSymbol>W</UnitOfMeasureSymbol></UnitOfMeasure></CSItem><CSItem><CSItemCode>IT4026378</CSItemCode><CSItemName>Energy efficiency label</CSItemName><CSItemRank>17</CSItemRank><CSItemIsFreeFormat>0</CSItemIsFreeFormat><CSValue><CSValueCode>VA4067612</CSValueCode><CSValueName>A+</CSValueName><CSValueRank>8</CSValueRank></CSValue></CSItem><CSItem><CSItemCode>IT4029053</CSItemCode><CSItemName>Power consumption per 1000h</CSItemName><CSItemRank>27</CSItemRank><CSItemIsFreeFormat>1</CSItemIsFreeFormat><CSValue><CSValueCode>VA4067444</CSValueCode><CSValueName>9.5</CSValueName><CSValueRank>1</CSValueRank></CSValue><UnitOfMeasure><UnitOfMeasureCode>4000161</UnitOfMeasureCode><UnitOfMeasureName>kilowatt hour</UnitOfMeasureName><UnitOfMeasureSymbol>kW·h</UnitOfMeasureSymbol></UnitOfMeasure></CSItem></CSChapter><CSChapter><CSChapterCode>CH4005203</CSChapterCode><CSChapterName>Light characteristics</CSChapterName><CSChapterRank>4</CSChapterRank><CSItem><CSItemCode>IT4043370</CSItemCode><CSItemName>EyeComfort</CSItemName><CSItemRank>1</CSItemRank><CSItemIsFreeFormat>0</CSItemIsFreeFormat><CSValue><CSValueCode>VA4100049</CSValueCode><CSValueName>Eye Comfort</CSValueName><CSValueRank>1</CSValueRank></CSValue></CSItem><CSItem><CSItemCode>IT4026387</CSItemCode><CSItemName>Light output</CSItemName><CSItemRank>3</CSItemRank><CSItemIsFreeFormat>1</CSItemIsFreeFormat><CSValue><CSValueCode>VA4062484</CSValueCode><CSValueName>806</CSValueName><CSValueRank>1</CSValueRank></CSValue><UnitOfMeasure><UnitOfMeasureCode>4000123</UnitOfMeasureCode><UnitOfMeasureName>Lumen</UnitOfMeasureName><UnitOfMeasureSymbol>lumen</UnitOfMeasureSymbol></UnitOfMeasure></CSItem><CSItem><CSItemCode>IT4029159</CSItemCode><CSItemName>Color temperature</CSItemName><CSItemRank>20</CSItemRank><CSItemIsFreeFormat>1</CSItemIsFreeFormat><CSValue><CSValueCode>VA4067572</CSValueCode><CSValueName>6500 - 3000</CSValueName><CSValueRank>1</CSValueRank></CSValue><UnitOfMeasure><UnitOfMeasureCode>4000041</UnitOfMeasureCode><UnitOfMeasureName>Kelvin</UnitOfMeasureName><UnitOfMeasureSymbol>K</UnitOfMeasureSymbol></UnitOfMeasure></CSItem><CSItem><CSItemCode>IT4026384</CSItemCode><CSItemName>Light effect/finish</CSItemName><CSItemRank>25</CSItemRank><CSItemIsFreeFormat>0</CSItemIsFreeFormat><CSValue><CSValueCode>VA4067610</CSValueCode><CSValueName>White</CSValueName><CSValueRank>9</CSValueRank></CSValue></CSItem><CSItem><CSItemCode>IT4029170</CSItemCode><CSItemName>Color rendering index (CRI)</CSItemName><CSItemRank>29</CSItemRank><CSItemIsFreeFormat>1</CSItemIsFreeFormat><CSValue><CSValueCode>VA4067596</CSValueCode><CSValueName>80</CSValueName><CSValueRank>1</CSValueRank></CSValue></CSItem><CSItem><CSItemCode>IT4026390</CSItemCode><CSItemName>Starting time</CSItemName><CSItemRank>30</CSItemRank><CSItemIsFreeFormat>0</CSItemIsFreeFormat><CSValue><CSValueCode>VA4082665</CSValueCode><CSValueName>&lt;0.5</CSValueName><CSValueRank>11</CSValueRank></CSValue><UnitOfMeasure><UnitOfMeasureCode>3000069</UnitOfMeasureCode><UnitOfMeasureName>second</UnitOfMeasureName><UnitOfMeasureSymbol>s</UnitOfMeasureSymbol></UnitOfMeasure></CSItem><CSItem><CSItemCode>IT4029160</CSItemCode><CSItemName>Warm-up time to 60% light</CSItemName><CSItemRank>32</CSItemRank><CSItemIsFreeFormat>0</CSItemIsFreeFormat><CSValue><CSValueCode>VA4067639</CSValueCode><CSValueName>Instant full light</CSValueName><CSValueRank>5</CSValueRank></CSValue></CSItem><CSItem><CSItemCode>IT4029158</CSItemCode><CSItemName>Color</CSItemName><CSItemRank>34</CSItemRank><CSItemIsFreeFormat>0</CSItemIsFreeFormat><CSValue><CSValueCode>VA4095523</CSValueCode><CSValueName>Cool Daylight / Warm White</CSValueName><CSValueRank>13</CSValueRank></CSValue></CSItem></CSChapter><CSChapter><CSChapterCode>CH4005204</CSChapterCode><CSChapterName>Durability</CSChapterName><CSChapterRank>5</CSChapterRank><CSItem><CSItemCode>IT4029169</CSItemCode><CSItemName>Lifetime of lamp</CSItemName><CSItemRank>8</CSItemRank><CSItemIsFreeFormat>1</CSItemIsFreeFormat><CSValue><CSValueCode>VA4067595</CSValueCode><CSValueName>15000</CSValueName><CSValueRank>1</CSValueRank></CSValue><UnitOfMeasure><UnitOfMeasureCode>4000007</UnitOfMeasureCode><UnitOfMeasureName>-Hour</UnitOfMeasureName><UnitOfMeasureSymbol>hour(s)</UnitOfMeasureSymbol></UnitOfMeasure></CSItem><CSItem><CSItemCode>IT4029171</CSItemCode><CSItemName>Number of switch cycles</CSItemName><CSItemRank>14</CSItemRank><CSItemIsFreeFormat>1</CSItemIsFreeFormat><CSValue><CSValueCode>VA4067598</CSValueCode><CSValueName>100000</CSValueName><CSValueRank>1</CSValueRank></CSValue></CSItem><CSItem><CSItemCode>IT4029193</CSItemCode><CSItemName>Lumen maintenance factor</CSItemName><CSItemRank>18</CSItemRank><CSItemIsFreeFormat>0</CSItemIsFreeFormat><CSValue><CSValueCode>VA4067614</CSValueCode><CSValueName>0.7</CSValueName><CSValueRank>4</CSValueRank></CSValue></CSItem><CSItem><CSItemCode>IT4029164</CSItemCode><CSItemName>Average life (at 2.7 hrs/day)</CSItemName><CSItemRank>26</CSItemRank><CSItemIsFreeFormat>1</CSItemIsFreeFormat><CSValue><CSValueCode>VA4067588</CSValueCode><CSValueName>15</CSValueName><CSValueRank>1</CSValueRank></CSValue><UnitOfMeasure><UnitOfMeasureCode>4000081</UnitOfMeasureCode><UnitOfMeasureName>Years</UnitOfMeasureName><UnitOfMeasureSymbol>year(s)</UnitOfMeasureSymbol></UnitOfMeasure></CSItem></CSChapter><CSChapter><CSChapterCode>CH4006021</CSChapterCode><CSChapterName>Bulb dimensions</CSChapterName><CSChapterRank>6</CSChapterRank><CSItem><CSItemCode>IT4029271</CSItemCode><CSItemName>Height</CSItemName><CSItemRank>5</CSItemRank><CSItemIsFreeFormat>1</CSItemIsFreeFormat><CSValue><CSValueCode>VA4067741</CSValueCode><CSValueName>111</CSValueName><CSValueRank>1</CSValueRank></CSValue><UnitOfMeasure><UnitOfMeasureCode>3000058</UnitOfMeasureCode><UnitOfMeasureName>millimeter</UnitOfMeasureName><UnitOfMeasureSymbol>mm</UnitOfMeasureSymbol></UnitOfMeasure></CSItem><CSItem><CSItemCode>IT4029272</CSItemCode><CSItemName>Width</CSItemName><CSItemRank>11</CSItemRank><CSItemIsFreeFormat>1</CSItemIsFreeFormat><CSValue><CSValueCode>VA4067742</CSValueCode><CSValueName>61</CSValueName><CSValueRank>1</CSValueRank></CSValue><UnitOfMeasure><UnitOfMeasureCode>3000058</UnitOfMeasureCode><UnitOfMeasureName>millimeter</UnitOfMeasureName><UnitOfMeasureSymbol>mm</UnitOfMeasureSymbol></UnitOfMeasure></CSItem></CSChapter><CSChapter><CSChapterCode>CH4005206</CSChapterCode><CSChapterName>Other characteristics</CSChapterName><CSChapterRank>7</CSChapterRank><CSItem><CSItemCode>IT4026404</CSItemCode><CSItemName>Mercury content</CSItemName><CSItemRank>6</CSItemRank><CSItemIsFreeFormat>1</CSItemIsFreeFormat><CSValue><CSValueCode>VA4062631</CSValueCode><CSValueName>0</CSValueName><CSValueRank>1</CSValueRank></CSValue><UnitOfMeasure><UnitOfMeasureCode>4000142</UnitOfMeasureCode><UnitOfMeasureName>mg</UnitOfMeasureName><UnitOfMeasureSymbol>mg</UnitOfMeasureSymbol></UnitOfMeasure></CSItem><CSItem><CSItemCode>IT4026405</CSItemCode><CSItemName>Power factor</CSItemName><CSItemRank>15</CSItemRank><CSItemIsFreeFormat>1</CSItemIsFreeFormat><CSValue><CSValueCode>VA4062632</CSValueCode><CSValueName>0.5</CSValueName><CSValueRank>1</CSValueRank></CSValue></CSItem><CSItem><CSItemCode>IT4026406</CSItemCode><CSItemName>Lamp current</CSItemName><CSItemRank>21</CSItemRank><CSItemIsFreeFormat>1</CSItemIsFreeFormat><CSValue><CSValueCode>VA4062633</CSValueCode><CSValueName>100</CSValueName><CSValueRank>1</CSValueRank></CSValue><UnitOfMeasure><UnitOfMeasureCode>4000141</UnitOfMeasureCode><UnitOfMeasureName>mA</UnitOfMeasureName><UnitOfMeasureSymbol>mA</UnitOfMeasureSymbol></UnitOfMeasure></CSItem><CSItem><CSItemCode>IT4041312</CSItemCode><CSItemName>Range</CSItemName><CSItemRank>23</CSItemRank><CSItemIsFreeFormat>0</CSItemIsFreeFormat><CSValue><CSValueCode>VA4096084</CSValueCode><CSValueName>SceneSwitch</CSValueName><CSValueRank>6</CSValueRank></CSValue></CSItem></CSChapter><CSChapter><CSChapterCode>CH4005207</CSChapterCode><CSChapterName>Rated values</CSChapterName><CSChapterRank>8</CSChapterRank><CSItem><CSItemCode>IT4026407</CSItemCode><CSItemName>Rated power</CSItemName><CSItemRank>4</CSItemRank><CSItemIsFreeFormat>1</CSItemIsFreeFormat><CSValue><CSValueCode>VA4062634</CSValueCode><CSValueName>9.5</CSValueName><CSValueRank>1</CSValueRank></CSValue><UnitOfMeasure><UnitOfMeasureCode>3000072</UnitOfMeasureCode><UnitOfMeasureName>watt</UnitOfMeasureName><UnitOfMeasureSymbol>W</UnitOfMeasureSymbol></UnitOfMeasure></CSItem><CSItem><CSItemCode>IT4026408</CSItemCode><CSItemName>Rated luminous flux</CSItemName><CSItemRank>13</CSItemRank><CSItemIsFreeFormat>1</CSItemIsFreeFormat><CSValue><CSValueCode>VA4062635</CSValueCode><CSValueName>806</CSValueName><CSValueRank>1</CSValueRank></CSValue><UnitOfMeasure><UnitOfMeasureCode>4000123</UnitOfMeasureCode><UnitOfMeasureName>Lumen</UnitOfMeasureName><UnitOfMeasureSymbol>lumen</UnitOfMeasureSymbol></UnitOfMeasure></CSItem><CSItem><CSItemCode>IT4029167</CSItemCode><CSItemName>Rated lifetime</CSItemName><CSItemRank>19</CSItemRank><CSItemIsFreeFormat>1</CSItemIsFreeFormat><CSValue><CSValueCode>VA4067593</CSValueCode><CSValueName>15000</CSValueName><CSValueRank>1</CSValueRank></CSValue><UnitOfMeasure><UnitOfMeasureCode>4000007</UnitOfMeasureCode><UnitOfMeasureName>-Hour</UnitOfMeasureName><UnitOfMeasureSymbol>hour(s)</UnitOfMeasureSymbol></UnitOfMeasure></CSItem></CSChapter><Filters><Purpose type="Comparison"><Features><Feature code="F400040437" rank="1" referenceName="Instant light [LED lamps]"/><Feature code="F400040468" rank="2" referenceName="Lifetime 15 [LED lamps]"/><Feature code="F400019886" rank="3" referenceName="No hazardous substances (LED bulbs)"/><Feature code="F400078238" rank="4" referenceName="Beautiful switched on/off"/><Feature code="F400078241" rank="5" referenceName="Avoid the hassle [LED bulbs]"/><Feature code="F400040409" rank="6" referenceName="High color rendering (CRI &gt; 80) [LED lamps]"/><Feature code="F400086860" rank="7" referenceName="EyeComfort [LED lums, Spots]"/></Features><CSItems><CSItem code="IT4043370" rank="1" referenceName="Light characteristics - EyeComfort"/><CSItem code="IT4029275" rank="2" referenceName="Bulb characteristics - Shape"/><CSItem code="IT4026387" rank="3" referenceName="Light characteristics - Light output"/><CSItem code="IT4026407" rank="4" referenceName="Rated values - Rated power"/><CSItem code="IT4029271" rank="5" referenceName="Bulb dimensions - Height"/><CSItem code="IT4026404" rank="6" referenceName="Other characteristics - Mercury content"/><CSItem code="IT4029051" rank="7" referenceName="Power consumption - Wattage"/><CSItem code="IT4029169" rank="8" referenceName="Durability - Lifetime of lamp"/><CSItem code="IT4029277" rank="10" referenceName="Bulb characteristics - Cap/fitting"/><CSItem code="IT4029272" rank="11" referenceName="Bulb dimensions - Width"/><CSItem code="IT4029052" rank="12" referenceName="Power consumption - Wattage equivalent"/><CSItem code="IT4026408" rank="13" referenceName="Rated values - Rated luminous flux"/><CSItem code="IT4029171" rank="14" referenceName="Durability - Number of switch cycles"/><CSItem code="IT4026405" rank="15" referenceName="Other characteristics - Power factor"/><CSItem code="IT4026378" rank="17" referenceName="Power consumption - Energy efficiency label"/><CSItem code="IT4029193" rank="18" referenceName="Durability - Lumen maintenance factor"/><CSItem code="IT4029167" rank="19" referenceName="Rated values - Rated lifetime"/><CSItem code="IT4029159" rank="20" referenceName="Light characteristics - Color temperature"/><CSItem code="IT4026406" rank="21" referenceName="Other characteristics - Lamp current"/><CSItem code="IT4029279" rank="22" referenceName="Bulb characteristics - Dimmable"/><CSItem code="IT4041312" rank="23" referenceName="Other characteristics - Range"/><CSItem code="IT4026384" rank="25" referenceName="Light characteristics - Light effect/finish"/><CSItem code="IT4029164" rank="26" referenceName="Durability - Average life (at 2.7 hrs/day)"/><CSItem code="IT4029053" rank="27" referenceName="Power consumption - Power consumption per 1000h"/><CSItem code="IT4029170" rank="29" referenceName="Light characteristics - Color rendering index (CRI)"/><CSItem code="IT4026390" rank="30" referenceName="Light characteristics - Starting time"/><CSItem code="IT4036606" rank="31" referenceName="Bulb characteristics - Voltage"/><CSItem code="IT4029160" rank="32" referenceName="Light characteristics - Warm-up time to 60% light"/><CSItem code="IT4029158" rank="34" referenceName="Light characteristics - Color"/></CSItems></Purpose><Purpose type="Detail"><Features><Feature code="F400040437" rank="1" referenceName="Instant light [LED lamps]"/><Feature code="F400040468" rank="2" referenceName="Lifetime 15 [LED lamps]"/><Feature code="F400019886" rank="3" referenceName="No hazardous substances (LED bulbs)"/><Feature code="F400078238" rank="4" referenceName="Beautiful switched on/off"/><Feature code="F400078241" rank="5" referenceName="Avoid the hassle [LED bulbs]"/><Feature code="F400040409" rank="6" referenceName="High color rendering (CRI &gt; 80) [LED lamps]"/><Feature code="F400086860" rank="7" referenceName="EyeComfort [LED lums, Spots]"/></Features><CSItems><CSItem code="IT4043370" rank="1" referenceName="Light characteristics - EyeComfort"/><CSItem code="IT4029275" rank="2" referenceName="Bulb characteristics - Shape"/><CSItem code="IT4026387" rank="3" referenceName="Light characteristics - Light output"/><CSItem code="IT4026407" rank="4" referenceName="Rated values - Rated power"/><CSItem code="IT4029271" rank="5" referenceName="Bulb dimensions - Height"/><CSItem code="IT4026404" rank="6" referenceName="Other characteristics - Mercury content"/><CSItem code="IT4029051" rank="7" referenceName="Power consumption - Wattage"/><CSItem code="IT4029169" rank="8" referenceName="Durability - Lifetime of lamp"/><CSItem code="IT4029277" rank="10" referenceName="Bulb characteristics - Cap/fitting"/><CSItem code="IT4029272" rank="11" referenceName="Bulb dimensions - Width"/><CSItem code="IT4029052" rank="12" referenceName="Power consumption - Wattage equivalent"/><CSItem code="IT4026408" rank="13" referenceName="Rated values - Rated luminous flux"/><CSItem code="IT4029171" rank="14" referenceName="Durability - Number of switch cycles"/><CSItem code="IT4026405" rank="15" referenceName="Other characteristics - Power factor"/><CSItem code="IT4026378" rank="17" referenceName="Power consumption - Energy efficiency label"/><CSItem code="IT4029193" rank="18" referenceName="Durability - Lumen maintenance factor"/><CSItem code="IT4029167" rank="19" referenceName="Rated values - Rated lifetime"/><CSItem code="IT4029159" rank="20" referenceName="Light characteristics - Color temperature"/><CSItem code="IT4026406" rank="21" referenceName="Other characteristics - Lamp current"/><CSItem code="IT4029279" rank="22" referenceName="Bulb characteristics - Dimmable"/><CSItem code="IT4041312" rank="23" referenceName="Other characteristics - Range"/><CSItem code="IT4026384" rank="25" referenceName="Light characteristics - Light effect/finish"/><CSItem code="IT4029164" rank="26" referenceName="Durability - Average life (at 2.7 hrs/day)"/><CSItem code="IT4029053" rank="27" referenceName="Power consumption - Power consumption per 1000h"/><CSItem code="IT4029170" rank="29" referenceName="Light characteristics - Color rendering index (CRI)"/><CSItem code="IT4026390" rank="30" referenceName="Light characteristics - Starting time"/><CSItem code="IT4036606" rank="31" referenceName="Bulb characteristics - Voltage"/><CSItem code="IT4029160" rank="32" referenceName="Light characteristics - Warm-up time to 60% light"/><CSItem code="IT4029158" rank="34" referenceName="Light characteristics - Color"/></CSItems></Purpose></Filters><FeatureCompareGroups/><Disclaimers><Disclaimer code="DIS40012516" rank="1" referenceName="Designed for the comfort of your eyes"><DisclaimerText>Designed for the comfort of your eyes. Visit www.philips.com/eyecomfort for flicker, strobe and other criteria and product details.</DisclaimerText><DisclaimElements/></Disclaimer></Disclaimers><RichTexts/></Product></Products>