<?xml version="1.0" encoding="UTF-8"?><Products xmlns:source="http://apache.org/cocoon/source/1.0" DocStatus="approved" DocTimeStamp="2018-10-19T09:19:04"><Product IsAccessory="false" IsMaster="true" lastModified="2018-09-11T11:37:28" masterLastModified="2018-08-05T00:37:15"><CTN>3435731P7</CTN><Code12NC>915005630701</Code12NC><GTIN>8718696168028</GTIN><MarketingVersion>1.0.1</MarketingVersion><MarketingStatus>Final Published</MarketingStatus><CRDate>2017-11-24</CRDate><CRDateYW>201747</CRDateYW><ModelYears><ModelYear>2017</ModelYear></ModelYears><ProductDivision><ProductDivisionCode>0100</ProductDivisionCode><ProductDivisionName>Lighting</ProductDivisionName><FormerPDCode>0100</FormerPDCode></ProductDivision><ProductOwner>Mathilde Tovany</ProductOwner><DTN>34357/31/P7</DTN><Catalog><StartOfPublication>2018-06-23T00:00:00</StartOfPublication><EndOfPublication>2023-06-23T00:00:00</EndOfPublication><StartOfSales>2018-06-23T00:00:00</StartOfSales><EndOfSales>2023-06-23T00:00:00</EndOfSales><DummyPrice/><Deleted>false</Deleted><DeleteAfterDate/><ProductRank>50</ProductRank></Catalog><FinancialCategorization><BusinessGroupCode>9021</BusinessGroupCode><BusinessGroupName>Home</BusinessGroupName><BusinessUnitCode>9159</BusinessUnitCode><BusinessUnitName>Home Luminaires</BusinessUnitName><MainArticleGroupCode>G81</MainArticleGroupCode><MainArticleGroupName>Functional Wall &amp; Ceiling</MainArticleGroupName><ArticleGroupCode>4951</ArticleGroupCode><ArticleGroupName>Ceiling</ArticleGroupName></FinancialCategorization><Categorization type="CONSUMER"><GroupCode>LIGHTING_GR</GroupCode><GroupName>Lighting</GroupName><CategoryCode>HUEWIRELESS_CA</CategoryCode><CategoryName>Hue</CategoryName><SubcategoryCode>LAMPS_SU</SubcategoryCode><SubcategoryName>Lamps</SubcategoryName></Categorization><Assets><Asset code="3435731P7" description="Leaflet" extension="pdf" lastModified="2018-09-18" locale="ru_RU" number="001" type="PSS">http://download.p4c.philips.com/files/3/3435731p7/3435731p7_pss_rusru.pdf</Asset><Asset code="3435731P7" description="Retail Trade Leaflet" extension="pdf" lastModified="2018-09-18" locale="ru_RU" number="001" type="RTL">http://download.p4c.philips.com/files/3/3435731p7/3435731p7_rtl_rusru.pdf</Asset><Asset code="3435731P7" description="Alternative product photograph 1 - highres 2196x1795" extension="tif" lastModified="2018-03-26" locale="global" number="001" type="A1P">http://images.philips.com/is/image/PhilipsConsumer/3435731P7-A1P-global-001</Asset><Asset code="3435731P7" description="Alternative product photograph 2 - highres 2196x1795" extension="tif" lastModified="2018-03-26" locale="global" number="001" type="A2P">http://images.philips.com/is/image/PhilipsConsumer/3435731P7-A2P-global-001</Asset><Asset code="3435731P7" description="Alternative product photograph 3 - highres 2196x1795" extension="tif" lastModified="2018-03-26" locale="global" number="001" type="A3P">http://images.philips.com/is/image/PhilipsConsumer/3435731P7-A3P-global-001</Asset><Asset code="3435731P7" description="Alternative product photograph 4 - highres 2196x1795" extension="tif" lastModified="2018-03-26" locale="global" number="001" type="A4P">http://images.philips.com/is/image/PhilipsConsumer/3435731P7-A4P-global-001</Asset><Asset code="3435731P7" description="Alternative product photograph 5 - highres 2196x1795" extension="tif" lastModified="2018-03-26" locale="global" number="001" type="A5P">http://images.philips.com/is/image/PhilipsConsumer/3435731P7-A5P-global-001</Asset><Asset code="3435731P7" description="Alternative product photograph - highres 2196x1795" extension="tif" lastModified="2018-03-26" locale="global" number="001" type="APP">http://images.philips.com/is/image/PhilipsConsumer/3435731P7-APP-global-001</Asset><Asset code="3435731P7" description="Product detail 1 - highres 2196x1795" extension="tif" lastModified="2018-03-26" locale="global" number="001" type="D1P">http://images.philips.com/is/image/PhilipsConsumer/3435731P7-D1P-global-001</Asset><Asset code="3435731P7" description="Product detail 2 - highres 2196x1795" extension="tif" lastModified="2018-03-26" locale="global" number="001" type="D2P">http://images.philips.com/is/image/PhilipsConsumer/3435731P7-D2P-global-001</Asset><Asset code="3435731P7" description="Product detail 3 - highres 2196x1795" extension="tif" lastModified="2018-03-26" locale="global" number="001" type="D3P">http://images.philips.com/is/image/PhilipsConsumer/3435731P7-D3P-global-001</Asset><Asset code="3435731P7" description="Product detail 4 - highres 2196x1795" extension="tif" lastModified="2018-03-26" locale="global" number="001" type="D4P">http://images.philips.com/is/image/PhilipsConsumer/3435731P7-D4P-global-001</Asset><Asset code="3435731P7" description="Product detail 5 - highres 2196x1795" extension="tif" lastModified="2018-03-26" locale="global" number="001" type="D5P">http://images.philips.com/is/image/PhilipsConsumer/3435731P7-D5P-global-001</Asset><Asset code="3435731P7" description="Emotional Benefit 1 - highres 2196x1795" extension="tif" lastModified="2018-03-26" locale="global" number="001" type="E1P">http://images.philips.com/is/image/PhilipsConsumer/3435731P7-E1P-global-001</Asset><Asset code="3435731P7" description="Emotional Benefit 2 - highres 2196x1795" extension="tif" lastModified="2018-03-26" locale="global" number="001" type="E2P">http://images.philips.com/is/image/PhilipsConsumer/3435731P7-E2P-global-001</Asset><Asset code="3435731P7" description="Emotional Benefit 3 - highres 2196x1795" extension="tif" lastModified="2018-04-24" locale="global" number="001" type="E3P">http://images.philips.com/is/image/PhilipsConsumer/3435731P7-E3P-global-001</Asset><Asset code="3435731P7" description="Emotional Benefit 4 - highres 2196x1795" extension="tif" lastModified="2018-04-23" locale="global" number="001" type="E4P">http://images.philips.com/is/image/PhilipsConsumer/3435731P7-E4P-global-001</Asset><Asset code="3435731P7" description="Main in-use photograph - highres 2480x1462" extension="tif" lastModified="2018-03-26" locale="global" number="001" type="MI1">http://images.philips.com/is/image/PhilipsConsumer/3435731P7-MI1-global-001</Asset><Asset code="3435731P7" description="Packaging photograph - highres 1447x756" extension="tif" lastModified="2018-03-26" locale="global" number="001" type="PID">http://images.philips.com/is/image/PhilipsConsumer/3435731P7-PID-global-001</Asset><Asset code="3435731P7" description="Packaging photograph - master" extension="tif" lastModified="2018-03-26" locale="global" number="001" type="PIM">http://download.p4c.philips.com/files/3/3435731p7/3435731p7_pim_.tif</Asset><Asset code="3435731P7" description="Packaging photograph - small 90x65" extension="jpg" lastModified="2018-03-26" locale="global" number="001" type="PIS">http://download.p4c.philips.com/files/3/3435731p7/3435731p7_pis_.jpg</Asset><Asset code="3435731P7" description="Leaflet" extension="pdf" lastModified="2018-08-05" locale="global" number="001" type="PSS">http://download.p4c.philips.com/files/3/3435731p7/3435731p7_pss_.pdf</Asset><Asset code="3435731P7" description="Standard product photograph - highres 2196x1795" extension="tif" lastModified="2018-03-26" locale="global" number="001" type="RTP">http://images.philips.com/is/image/PhilipsConsumer/3435731P7-RTP-global-001</Asset><Asset code="3435731P7" description="Product In Use 1 - highres 2196x1795" extension="tif" lastModified="2018-03-26" locale="global" number="001" type="U1P">http://images.philips.com/is/image/PhilipsConsumer/3435731P7-U1P-global-001</Asset><Asset code="3435731P7" description="Product In Use 2 - highres 2196x1795" extension="tif" lastModified="2018-03-26" locale="global" number="001" type="U2P">http://images.philips.com/is/image/PhilipsConsumer/3435731P7-U2P-global-001</Asset><Asset code="3435731P7" description="Product In Use 3 - highres 2196x1795" extension="tif" lastModified="2018-03-26" locale="global" number="001" type="U3P">http://images.philips.com/is/image/PhilipsConsumer/3435731P7-U3P-global-001</Asset><Asset code="3435731P7" description="Product In Use 4 - highres 2196x1795" extension="tif" lastModified="2018-04-26" locale="global" number="001" type="U4P">http://images.philips.com/is/image/PhilipsConsumer/3435731P7-U4P-global-001</Asset><Asset code="3435731P7" description="Single product shot" extension="" lastModified="2018-09-11" locale="" number="" type="IMS">http://images.philips.com/is/image/PhilipsConsumer/3435731P7-IMS-</Asset><Asset code="3435731P7" description="Product gallery image set" extension="" lastModified="2018-09-11" locale="" number="" type="GAL">http://images.philips.com/is/image/PhilipsConsumer/3435731P7-GAL-</Asset><Asset code="F400032428" description="Feature photograph - highres 2100x1170" extension="tif" lastModified="2017-07-24" locale="global" number="001" type="FIL">http://images.philips.com/is/image/PhilipsConsumer/F400032428-FIL-global-001</Asset><Asset code="F400083537" description="Feature photograph - highres 2100x1170" extension="tif" lastModified="2017-07-13" locale="global" number="001" type="FIL">http://images.philips.com/is/image/PhilipsConsumer/F400083537-FIL-global-001</Asset><Asset code="F400083951" description="Feature photograph - highres 2100x1170" extension="tif" lastModified="2017-07-24" locale="global" number="001" type="FIL">http://images.philips.com/is/image/PhilipsConsumer/F400083951-FIL-global-001</Asset><Asset code="F400083952" description="Feature photograph - highres 2100x1170" extension="tif" lastModified="2017-07-24" locale="global" number="001" type="FIL">http://images.philips.com/is/image/PhilipsConsumer/F400083952-FIL-global-001</Asset><Asset code="F400083953" description="Feature photograph - highres 2100x1170" extension="tif" lastModified="2017-07-24" locale="global" number="001" type="FIL">http://images.philips.com/is/image/PhilipsConsumer/F400083953-FIL-global-001</Asset><Asset code="F400083954" description="Feature photograph - highres 2100x1170" extension="tif" lastModified="2017-07-24" locale="global" number="001" type="FIL">http://images.philips.com/is/image/PhilipsConsumer/F400083954-FIL-global-001</Asset><Asset code="F400083955" description="Feature photograph - highres 2100x1170" extension="tif" lastModified="2017-07-24" locale="global" number="001" type="FIL">http://images.philips.com/is/image/PhilipsConsumer/F400083955-FIL-global-001</Asset><Asset code="PHI" description="Brand logo - highres 1476x886" extension="tif" lastModified="2016-02-18" locale="global" number="001" type="BRP">http://images.philips.com/is/image/PhilipsConsumer/PHI-BRP-global-001</Asset></Assets><ProductName>Adore Bathroom lighted mirror</ProductName><FullProductName>Philips Hue White ambiance Adore Bathroom lighted mirror 34357/31/P7 Dimmer switch included LED integrated White Smart control with Hue bridge*</FullProductName><NamingString><MasterBrand><BrandCode>PHI</BrandCode><BrandName>Philips</BrandName></MasterBrand><BrandString>Philips</BrandString><Family><FamilyCode>PLM0345002</FamilyCode><FamilyName>Hue White ambiance</FamilyName><FamilyNameUsed>1</FamilyNameUsed></Family><Descriptor><DescriptorCode>PLM1000133</DescriptorCode><DescriptorName>Adore Bathroom lighted mirror</DescriptorName></Descriptor><Alphanumeric>34357/31/P7</Alphanumeric><VersionElement1><VersionElementCode>PLM1000043</VersionElementCode><VersionElementName>Dimmer switch included</VersionElementName></VersionElement1><VersionElement2><VersionElementCode>PLM1000009</VersionElementCode><VersionElementName>LED integrated</VersionElementName></VersionElement2><VersionElement3><VersionElementCode>PLM1000007</VersionElementCode><VersionElementName>White</VersionElementName></VersionElement3><VersionElement4><VersionElementCode>PLM1000044</VersionElementCode><VersionElementName>Smart control with Hue bridge*</VersionElementName></VersionElement4><VersionString>Dimmer switch included LED integrated White Smart control with Hue bridge*</VersionString><BrandedFeatureString/><DescriptorBrandedFeatureString>Adore Bathroom lighted mirror</DescriptorBrandedFeatureString></NamingString><WOW>Light for your moments</WOW><SubWOW>from sunrise to sunset</SubWOW><MarketingTextHeader>With the Philips Hue White ambiance Adore lighted mirror you can enjoy a beautiful light effect that prevents unwanted shadows. Use the dimmer switch to easily set the right light to help you energise, concentrate, read and relax.</MarketingTextHeader><KeyBenefitArea><KeyBenefitAreaCode>K4034655</KeyBenefitAreaCode><KeyBenefitAreaName>High quality light and design</KeyBenefitAreaName><KeyBenefitAreaRank>1</KeyBenefitAreaRank><Feature><FeatureCode>F400032428</FeatureCode><FeatureReferenceName>IP44 - bathroom safe (myBathroom)</FeatureReferenceName><FeatureName>IP44 - bathroom safe</FeatureName><FeatureLongDescription>IP44, perfectly suited for your bathroom</FeatureLongDescription><FeatureGlossary>This Philips bathroom light is especially designed for humid environments. It was tested rigorously to ensure its water resistance. The IP level is described by two figures: the first one refers to the protection level against dust, the second against water. This bathroom light is designed with IP44: it is protected against splashing water, this product is most common and ideal for bathroom use.</FeatureGlossary><FeatureRank>1</FeatureRank><FeatureTopRank>1</FeatureTopRank></Feature></KeyBenefitArea><KeyBenefitArea><KeyBenefitAreaCode>K4034641</KeyBenefitAreaCode><KeyBenefitAreaName>Light for your moments</KeyBenefitAreaName><KeyBenefitAreaRank>2</KeyBenefitAreaRank><Feature><FeatureCode>F400083954</FeatureCode><FeatureReferenceName>Read (Hue lums bathroom)</FeatureReferenceName><FeatureName>Read</FeatureName><FeatureLongDescription>Read</FeatureLongDescription><FeatureGlossary>Use the time in the bath to pick up your favourite magazine. Set the right white light for a perfect read.</FeatureGlossary><FeatureRank>3</FeatureRank><FeatureTopRank>2</FeatureTopRank></Feature><Feature><FeatureCode>F400083952</FeatureCode><FeatureReferenceName>Energize (Hue lums bathroom)</FeatureReferenceName><FeatureName>Energize</FeatureName><FeatureLongDescription>Energize</FeatureLongDescription><FeatureGlossary>Skip your morning coffee and get ready for the day with cool white daylight that helps to energize your body and mind. Perfect for those moments when you need that extra kick with your morning shower.</FeatureGlossary><FeatureRank>1</FeatureRank><FeatureTopRank>3</FeatureTopRank></Feature><Feature><FeatureCode>F400083955</FeatureCode><FeatureReferenceName>Relax (Hue lums bathroom)</FeatureReferenceName><FeatureName>Relax</FeatureName><FeatureLongDescription>Relax</FeatureLongDescription><FeatureGlossary>Immerse yourself in the bubbles of your bath and recline to the soft glow of white light. Relaxing white light will help you to unwind in the evening and sleep better at night.</FeatureGlossary><FeatureRank>4</FeatureRank><FeatureTopRank>4</FeatureTopRank></Feature><Feature><FeatureCode>F400083951</FeatureCode><FeatureReferenceName>easy wireless dimming (HUE BATHROOM)</FeatureReferenceName><FeatureName>Easy and wireless control</FeatureName><FeatureLongDescription>Easy and wireless control with the dimmer switch</FeatureLongDescription><FeatureGlossary>With the ready-to-use wireless Philips Hue Dimmer switch, you can brighten and dim your lights without a wired-in installation.</FeatureGlossary><FeatureRank>5</FeatureRank><FeatureTopRank>5</FeatureTopRank></Feature><Feature><FeatureCode>F400083953</FeatureCode><FeatureReferenceName>Concentrate (Hue lums bathroom)</FeatureReferenceName><FeatureName>Concentrate</FeatureName><FeatureLongDescription>Concentrate</FeatureLongDescription><FeatureGlossary>Early morning hours call for precision and concentration. With finely tuned bright white light you can go through your morning rituals with ease, whether it is to give your make up that perfect finish, or groom your beard neatly.</FeatureGlossary><FeatureRank>2</FeatureRank><FeatureTopRank>6</FeatureTopRank></Feature></KeyBenefitArea><KeyBenefitArea><KeyBenefitAreaCode>K4034656</KeyBenefitAreaCode><KeyBenefitAreaName>Full control from smart device with Hue bridge</KeyBenefitAreaName><KeyBenefitAreaRank>3</KeyBenefitAreaRank><Feature><FeatureCode>F400083537</FeatureCode><FeatureReferenceName>Full control with Hue bridge</FeatureReferenceName><FeatureName>Full control with Hue bridge</FeatureName><FeatureLongDescription>Full control from smart device with Hue bridge</FeatureLongDescription><FeatureGlossary>Connect your Philips Hue lights with the bridge to unlock the endless possibilites of the system.</FeatureGlossary><FeatureRank>1</FeatureRank><FeatureTopRank>7</FeatureTopRank></Feature></KeyBenefitArea><FeatureImage><FeatureCode>F400032428</FeatureCode><FeatureReferenceName>IP44 - bathroom safe (myBathroom)</FeatureReferenceName><FeatureImageRank>1</FeatureImageRank></FeatureImage><FeatureImage><FeatureCode>F400083954</FeatureCode><FeatureReferenceName>Read (Hue lums bathroom)</FeatureReferenceName><FeatureImageRank>2</FeatureImageRank></FeatureImage><FeatureImage><FeatureCode>F400083952</FeatureCode><FeatureReferenceName>Energize (Hue lums bathroom)</FeatureReferenceName><FeatureImageRank>3</FeatureImageRank></FeatureImage><FeatureImage><FeatureCode>F400083955</FeatureCode><FeatureReferenceName>Relax (Hue lums bathroom)</FeatureReferenceName><FeatureImageRank>4</FeatureImageRank></FeatureImage><FeatureImage><FeatureCode>F400083951</FeatureCode><FeatureReferenceName>easy wireless dimming (HUE BATHROOM)</FeatureReferenceName><FeatureImageRank>5</FeatureImageRank></FeatureImage><FeatureImage><FeatureCode>F400083953</FeatureCode><FeatureReferenceName>Concentrate (Hue lums bathroom)</FeatureReferenceName><FeatureImageRank>6</FeatureImageRank></FeatureImage><FeatureImage><FeatureCode>F400083537</FeatureCode><FeatureReferenceName>Full control with Hue bridge</FeatureReferenceName><FeatureImageRank>7</FeatureImageRank></FeatureImage><FeatureHighlight><FeatureCode>F400032428</FeatureCode><FeatureReferenceName>IP44 - bathroom safe (myBathroom)</FeatureReferenceName><FeatureHighlightRank>1</FeatureHighlightRank></FeatureHighlight><FeatureHighlight><FeatureCode>F400083954</FeatureCode><FeatureReferenceName>Read (Hue lums bathroom)</FeatureReferenceName><FeatureHighlightRank>2</FeatureHighlightRank></FeatureHighlight><FeatureHighlight><FeatureCode>F400083952</FeatureCode><FeatureReferenceName>Energize (Hue lums bathroom)</FeatureReferenceName><FeatureHighlightRank>3</FeatureHighlightRank></FeatureHighlight><FeatureHighlight><FeatureCode>F400083955</FeatureCode><FeatureReferenceName>Relax (Hue lums bathroom)</FeatureReferenceName><FeatureHighlightRank>4</FeatureHighlightRank></FeatureHighlight><FeatureHighlight><FeatureCode>F400083951</FeatureCode><FeatureReferenceName>easy wireless dimming (HUE BATHROOM)</FeatureReferenceName><FeatureHighlightRank>5</FeatureHighlightRank></FeatureHighlight><FeatureHighlight><FeatureCode>F400083953</FeatureCode><FeatureReferenceName>Concentrate (Hue lums bathroom)</FeatureReferenceName><FeatureHighlightRank>6</FeatureHighlightRank></FeatureHighlight><FeatureHighlight><FeatureCode>F400083537</FeatureCode><FeatureReferenceName>Full control with Hue bridge</FeatureReferenceName><FeatureHighlightRank>7</FeatureHighlightRank></FeatureHighlight><CSChapter><CSChapterCode>PLMCHP010</CSChapterCode><CSChapterName>Design and finishing</CSChapterName><CSChapterRank>10</CSChapterRank><CSItem><CSItemCode>PLMITM010001</CSItemCode><CSItemName>Material</CSItemName><CSItemRank>1</CSItemRank><CSItemIsFreeFormat>0</CSItemIsFreeFormat><CSValue><CSValueCode>PLMATR0105METAL</CSValueCode><CSValueName>metal</CSValueName><CSValueRank>1</CSValueRank></CSValue></CSItem><CSItem><CSItemCode>PLMITM010002</CSItemCode><CSItemName>Color</CSItemName><CSItemRank>2</CSItemRank><CSItemIsFreeFormat>0</CSItemIsFreeFormat><CSValue><CSValueCode>PLMATR018331</CSValueCode><CSValueName>white</CSValueName><CSValueRank>1</CSValueRank></CSValue></CSItem></CSChapter><CSChapter><CSChapterCode>PLMCHP030</CSChapterCode><CSChapterName>Product dimensions &amp; weight</CSChapterName><CSChapterRank>30</CSChapterRank><CSItem><CSItemCode>PLMITM030001</CSItemCode><CSItemName>Height</CSItemName><CSItemRank>1</CSItemRank><CSItemIsFreeFormat>1</CSItemIsFreeFormat><CSValue><CSValueCode>VA4042333</CSValueCode><CSValueName>5.1</CSValueName><CSValueRank>1</CSValueRank></CSValue><UnitOfMeasure><UnitOfMeasureCode>3000039</UnitOfMeasureCode><UnitOfMeasureName>centimeter</UnitOfMeasureName><UnitOfMeasureSymbol>cm</UnitOfMeasureSymbol></UnitOfMeasure></CSItem><CSItem><CSItemCode>PLMITM030004</CSItemCode><CSItemName>Length</CSItemName><CSItemRank>4</CSItemRank><CSItemIsFreeFormat>1</CSItemIsFreeFormat><CSValue><CSValueCode>VA4042309</CSValueCode><CSValueName>56</CSValueName><CSValueRank>1</CSValueRank></CSValue><UnitOfMeasure><UnitOfMeasureCode>3000039</UnitOfMeasureCode><UnitOfMeasureName>centimeter</UnitOfMeasureName><UnitOfMeasureSymbol>cm</UnitOfMeasureSymbol></UnitOfMeasure></CSItem><CSItem><CSItemCode>PLMITM030005</CSItemCode><CSItemName>Width</CSItemName><CSItemRank>5</CSItemRank><CSItemIsFreeFormat>1</CSItemIsFreeFormat><CSValue><CSValueCode>VA4042311</CSValueCode><CSValueName>56</CSValueName><CSValueRank>1</CSValueRank></CSValue><UnitOfMeasure><UnitOfMeasureCode>3000039</UnitOfMeasureCode><UnitOfMeasureName>centimeter</UnitOfMeasureName><UnitOfMeasureSymbol>cm</UnitOfMeasureSymbol></UnitOfMeasure></CSItem><CSItem><CSItemCode>PLMITM030006</CSItemCode><CSItemName>Net weight</CSItemName><CSItemRank>6</CSItemRank><CSItemIsFreeFormat>1</CSItemIsFreeFormat><CSValue><CSValueCode>VA4042308</CSValueCode><CSValueName>5.440</CSValueName><CSValueRank>1</CSValueRank></CSValue><UnitOfMeasure><UnitOfMeasureCode>3000049</UnitOfMeasureCode><UnitOfMeasureName>kilogram</UnitOfMeasureName><UnitOfMeasureSymbol>kg</UnitOfMeasureSymbol></UnitOfMeasure></CSItem></CSChapter><CSChapter><CSChapterCode>PLMCHP040</CSChapterCode><CSChapterName>Technical specifications</CSChapterName><CSChapterRank>40</CSChapterRank><CSItem><CSItemCode>PLMITM040001</CSItemCode><CSItemName>Mains power</CSItemName><CSItemRank>1</CSItemRank><CSItemIsFreeFormat>0</CSItemIsFreeFormat><CSValue><CSValueCode>PLMATR0719100-240</CSValueCode><CSValueName>Range 100 V - 240 V</CSValueName><CSValueRank>1</CSValueRank></CSValue><CSValue><CSValueCode>PLMATR067350/60HZ</CSValueCode><CSValueName>50-60 Hz</CSValueName><CSValueRank>2</CSValueRank></CSValue></CSItem><CSItem><CSItemCode>PLMITM040002</CSItemCode><CSItemName>Bulb technology</CSItemName><CSItemRank>2</CSItemRank><CSItemIsFreeFormat>0</CSItemIsFreeFormat><CSValue><CSValueCode>PLMATRBOIBULB10131LED</CSValueCode><CSValueName>LED</CSValueName><CSValueRank>1</CSValueRank></CSValue><CSValue><CSValueCode>PLMATR032924</CSValueCode><CSValueName>24 V</CSValueName><CSValueRank>2</CSValueRank></CSValue></CSItem><CSItem><CSItemCode>PLMITM040003</CSItemCode><CSItemName>Number of bulbs</CSItemName><CSItemRank>3</CSItemRank><CSItemIsFreeFormat>1</CSItemIsFreeFormat><CSValue><CSValueCode>VA4042306</CSValueCode><CSValueName>1</CSValueName><CSValueRank>1</CSValueRank></CSValue></CSItem><CSItem><CSItemCode>PLMITM040005</CSItemCode><CSItemName>Wattage bulb included</CSItemName><CSItemRank>5</CSItemRank><CSItemIsFreeFormat>0</CSItemIsFreeFormat><CSValue><CSValueCode>PLMATR046040</CSValueCode><CSValueName>40 W</CSValueName><CSValueRank>1</CSValueRank></CSValue></CSItem><CSItem><CSItemCode>PLMITM040006</CSItemCode><CSItemName>Maximum wattage replacement bulb</CSItemName><CSItemRank>6</CSItemRank><CSItemIsFreeFormat>0</CSItemIsFreeFormat><CSValue><CSValueCode>PLMATR033340</CSValueCode><CSValueName>40 W</CSValueName><CSValueRank>1</CSValueRank></CSValue></CSItem><CSItem><CSItemCode>PLMITM040007</CSItemCode><CSItemName>Light color</CSItemName><CSItemRank>7</CSItemRank><CSItemIsFreeFormat>0</CSItemIsFreeFormat><CSValue><CSValueCode>PLMATRBOIBULB106242200-6500K</CSValueCode><CSValueName>2200-6500 Hue White Ambiance</CSValueName><CSValueRank>1</CSValueRank></CSValue></CSItem><CSItem><CSItemCode>PLMITM0400011</CSItemCode><CSItemName>Total lumen output fixture</CSItemName><CSItemRank>11</CSItemRank><CSItemIsFreeFormat>0</CSItemIsFreeFormat><CSValue><CSValueCode>PLMATR10962400</CSValueCode><CSValueName>2400 lm</CSValueName><CSValueRank>1</CSValueRank></CSValue></CSItem><CSItem><CSItemCode>PLMITM0400013</CSItemCode><CSItemName>Fixture dimmable</CSItemName><CSItemRank>13</CSItemRank><CSItemIsFreeFormat>0</CSItemIsFreeFormat><CSValue><CSValueCode>PLMATR1075Y</CSValueCode><CSValueName>Yes</CSValueName><CSValueRank>1</CSValueRank></CSValue></CSItem><CSItem><CSItemCode>PLMITM0400014</CSItemCode><CSItemName>LED</CSItemName><CSItemRank>14</CSItemRank><CSItemIsFreeFormat>0</CSItemIsFreeFormat><CSValue><CSValueCode>PLMATR0814Y</CSValueCode><CSValueName>Yes</CSValueName><CSValueRank>1</CSValueRank></CSValue></CSItem><CSItem><CSItemCode>PLMITM0400018</CSItemCode><CSItemName>Lifetime up to</CSItemName><CSItemRank>18</CSItemRank><CSItemIsFreeFormat>1</CSItemIsFreeFormat><CSValue><CSValueCode>VA4094468</CSValueCode><CSValueName>30,000</CSValueName><CSValueRank>1</CSValueRank></CSValue><UnitOfMeasure><UnitOfMeasureCode>4000213</UnitOfMeasureCode><UnitOfMeasureName>hrs</UnitOfMeasureName><UnitOfMeasureSymbol>hrs</UnitOfMeasureSymbol></UnitOfMeasure></CSItem><CSItem><CSItemCode>PLMITM040026</CSItemCode><CSItemName>IP code</CSItemName><CSItemRank>26</CSItemRank><CSItemIsFreeFormat>0</CSItemIsFreeFormat><CSValue><CSValueCode>PLMATR0290IP44</CSValueCode><CSValueName>IP44</CSValueName><CSValueRank>1</CSValueRank></CSValue><CSValue><CSValueCode>PLMATR0290IP41-2</CSValueCode><CSValueName>protection against objects bigger than 1 mm</CSValueName><CSValueRank>2</CSValueRank></CSValue><CSValue><CSValueCode>PLMATR0290IP24-3</CSValueCode><CSValueName>protection from splashed water</CSValueName><CSValueRank>3</CSValueRank></CSValue></CSItem><CSItem><CSItemCode>PLMITM040027</CSItemCode><CSItemName>Class of protection</CSItemName><CSItemRank>27</CSItemRank><CSItemIsFreeFormat>0</CSItemIsFreeFormat><CSValue><CSValueCode>PLMATR0289II</CSValueCode><CSValueName>II - double insulated</CSValueName><CSValueRank>1</CSValueRank></CSValue></CSItem><CSItem><CSItemCode>PLMITM0400051</CSItemCode><CSItemName>Light source equivalent to traditional bulb of</CSItemName><CSItemRank>51</CSItemRank><CSItemIsFreeFormat>1</CSItemIsFreeFormat><CSValue><CSValueCode>VA4081551</CSValueCode><CSValueName>204</CSValueName><CSValueRank>1</CSValueRank></CSValue><UnitOfMeasure><UnitOfMeasureCode>3000072</UnitOfMeasureCode><UnitOfMeasureName>watt</UnitOfMeasureName><UnitOfMeasureSymbol>W</UnitOfMeasureSymbol></UnitOfMeasure></CSItem></CSChapter><CSChapter><CSChapterCode>PLMCHP060</CSChapterCode><CSChapterName>Packaging dimensions &amp; weight</CSChapterName><CSChapterRank>60</CSChapterRank><CSItem><CSItemCode>PLMITM060001</CSItemCode><CSItemName>Height</CSItemName><CSItemRank>1</CSItemRank><CSItemIsFreeFormat>1</CSItemIsFreeFormat><CSValue><CSValueCode>VA4042312</CSValueCode><CSValueName>63</CSValueName><CSValueRank>1</CSValueRank></CSValue><UnitOfMeasure><UnitOfMeasureCode>3000039</UnitOfMeasureCode><UnitOfMeasureName>centimeter</UnitOfMeasureName><UnitOfMeasureSymbol>cm</UnitOfMeasureSymbol></UnitOfMeasure></CSItem><CSItem><CSItemCode>PLMITM060002</CSItemCode><CSItemName>Length</CSItemName><CSItemRank>2</CSItemRank><CSItemIsFreeFormat>1</CSItemIsFreeFormat><CSValue><CSValueCode>VA4042313</CSValueCode><CSValueName>62.3</CSValueName><CSValueRank>1</CSValueRank></CSValue><UnitOfMeasure><UnitOfMeasureCode>3000039</UnitOfMeasureCode><UnitOfMeasureName>centimeter</UnitOfMeasureName><UnitOfMeasureSymbol>cm</UnitOfMeasureSymbol></UnitOfMeasure></CSItem><CSItem><CSItemCode>PLMITM060003</CSItemCode><CSItemName>Width</CSItemName><CSItemRank>3</CSItemRank><CSItemIsFreeFormat>1</CSItemIsFreeFormat><CSValue><CSValueCode>VA4042307</CSValueCode><CSValueName>17</CSValueName><CSValueRank>1</CSValueRank></CSValue><UnitOfMeasure><UnitOfMeasureCode>3000039</UnitOfMeasureCode><UnitOfMeasureName>centimeter</UnitOfMeasureName><UnitOfMeasureSymbol>cm</UnitOfMeasureSymbol></UnitOfMeasure></CSItem><CSItem><CSItemCode>PLMITM060004</CSItemCode><CSItemName>Weight</CSItemName><CSItemRank>4</CSItemRank><CSItemIsFreeFormat>1</CSItemIsFreeFormat><CSValue><CSValueCode>VA4042304</CSValueCode><CSValueName>7.500</CSValueName><CSValueRank>1</CSValueRank></CSValue><UnitOfMeasure><UnitOfMeasureCode>3000049</UnitOfMeasureCode><UnitOfMeasureName>kilogram</UnitOfMeasureName><UnitOfMeasureSymbol>kg</UnitOfMeasureSymbol></UnitOfMeasure></CSItem></CSChapter><CSChapter><CSChapterCode>PLMCHP070</CSChapterCode><CSChapterName>Miscellaneous</CSChapterName><CSChapterRank>70</CSChapterRank><CSItem><CSItemCode>PLMITM070001</CSItemCode><CSItemName>Especially designed for</CSItemName><CSItemRank>1</CSItemRank><CSItemIsFreeFormat>0</CSItemIsFreeFormat><CSValue><CSValueCode>PLMATR0970BATH</CSValueCode><CSValueName>Bathroom</CSValueName><CSValueRank>1</CSValueRank></CSValue></CSItem><CSItem><CSItemCode>PLMITM070002</CSItemCode><CSItemName>Style</CSItemName><CSItemRank>2</CSItemRank><CSItemIsFreeFormat>0</CSItemIsFreeFormat><CSValue><CSValueCode>PLMATR0628MOD</CSValueCode><CSValueName>Modern</CSValueName><CSValueRank>1</CSValueRank></CSValue></CSItem><CSItem><CSItemCode>PLMITM070003</CSItemCode><CSItemName>Type</CSItemName><CSItemRank>3</CSItemRank><CSItemIsFreeFormat>0</CSItemIsFreeFormat><CSValue><CSValueCode>PLMATR0830WALL</CSValueCode><CSValueName>Wall light</CSValueName><CSValueRank>1</CSValueRank></CSValue></CSItem></CSChapter><Filters><Purpose type="Comparison"><Features><Feature code="F400032428" rank="1" referenceName="IP44 - bathroom safe (myBathroom)"/><Feature code="F400083954" rank="2" referenceName="Read (Hue lums bathroom)"/><Feature code="F400083952" rank="3" referenceName="Energize (Hue lums bathroom)"/><Feature code="F400083955" rank="4" referenceName="Relax (Hue lums bathroom)"/><Feature code="F400083951" rank="5" referenceName="easy wireless dimming (HUE BATHROOM)"/><Feature code="F400083953" rank="6" referenceName="Concentrate (Hue lums bathroom)"/><Feature code="F400083537" rank="7" referenceName="Full control with Hue bridge"/></Features><CSItems><CSItem code="PLMITM010001" rank="1" referenceName="Design and finishing - Material"/><CSItem code="PLMITM030001" rank="1" referenceName="Product dimensions &amp; weight - Height"/><CSItem code="PLMITM040001" rank="1" referenceName="Technical specifications - Mains power"/><CSItem code="PLMITM060001" rank="1" referenceName="Packaging dimensions &amp; weight - Height"/><CSItem code="PLMITM070001" rank="1" referenceName="Miscellaneous - Especially designed for"/><CSItem code="PLMITM010002" rank="2" referenceName="Design and finishing - Color"/><CSItem code="PLMITM040002" rank="2" referenceName="Technical specifications - Bulb technology"/><CSItem code="PLMITM060002" rank="2" referenceName="Packaging dimensions &amp; weight - Length"/><CSItem code="PLMITM070002" rank="2" referenceName="Miscellaneous - Style"/><CSItem code="PLMITM040003" rank="3" referenceName="Technical specifications - Number of bulbs"/><CSItem code="PLMITM060003" rank="3" referenceName="Packaging dimensions &amp; weight - Width"/><CSItem code="PLMITM070003" rank="3" referenceName="Miscellaneous - Type"/><CSItem code="PLMITM030004" rank="4" referenceName="Product dimensions &amp; weight - Length"/><CSItem code="PLMITM060004" rank="4" referenceName="Packaging dimensions &amp; weight - Weight"/><CSItem code="PLMITM030005" rank="5" referenceName="Product dimensions &amp; weight - Width"/><CSItem code="PLMITM040005" rank="5" referenceName="Technical specifications - Wattage bulb included"/><CSItem code="PLMITM030006" rank="6" referenceName="Product dimensions &amp; weight - Net weight"/><CSItem code="PLMITM040006" rank="6" referenceName="Technical specifications - Maximum wattage replacement bulb"/><CSItem code="PLMITM040007" rank="7" referenceName="Technical specifications - Light color"/><CSItem code="PLMITM0400011" rank="11" referenceName="Technical specifications - Total lumen output fixture"/><CSItem code="PLMITM0400013" rank="13" referenceName="Technical specifications - Fixture dimmable"/><CSItem code="PLMITM0400014" rank="14" referenceName="Technical specifications - LED"/><CSItem code="PLMITM0400018" rank="18" referenceName="Technical specifications - Lifetime up to"/><CSItem code="PLMITM040026" rank="26" referenceName="Technical specifications - IP code"/><CSItem code="PLMITM040027" rank="27" referenceName="Technical specifications - Class of protection"/><CSItem code="PLMITM0400051" rank="51" referenceName="Technical specifications - Light source equivalent to traditional bulb of"/></CSItems></Purpose><Purpose type="Detail"><Features><Feature code="F400032428" rank="1" referenceName="IP44 - bathroom safe (myBathroom)"/><Feature code="F400083954" rank="2" referenceName="Read (Hue lums bathroom)"/><Feature code="F400083952" rank="3" referenceName="Energize (Hue lums bathroom)"/><Feature code="F400083955" rank="4" referenceName="Relax (Hue lums bathroom)"/><Feature code="F400083951" rank="5" referenceName="easy wireless dimming (HUE BATHROOM)"/><Feature code="F400083953" rank="6" referenceName="Concentrate (Hue lums bathroom)"/><Feature code="F400083537" rank="7" referenceName="Full control with Hue bridge"/></Features><CSItems><CSItem code="PLMITM010001" rank="1" referenceName="Design and finishing - Material"/><CSItem code="PLMITM030001" rank="1" referenceName="Product dimensions &amp; weight - Height"/><CSItem code="PLMITM040001" rank="1" referenceName="Technical specifications - Mains power"/><CSItem code="PLMITM060001" rank="1" referenceName="Packaging dimensions &amp; weight - Height"/><CSItem code="PLMITM070001" rank="1" referenceName="Miscellaneous - Especially designed for"/><CSItem code="PLMITM010002" rank="2" referenceName="Design and finishing - Color"/><CSItem code="PLMITM040002" rank="2" referenceName="Technical specifications - Bulb technology"/><CSItem code="PLMITM060002" rank="2" referenceName="Packaging dimensions &amp; weight - Length"/><CSItem code="PLMITM070002" rank="2" referenceName="Miscellaneous - Style"/><CSItem code="PLMITM040003" rank="3" referenceName="Technical specifications - Number of bulbs"/><CSItem code="PLMITM060003" rank="3" referenceName="Packaging dimensions &amp; weight - Width"/><CSItem code="PLMITM070003" rank="3" referenceName="Miscellaneous - Type"/><CSItem code="PLMITM030004" rank="4" referenceName="Product dimensions &amp; weight - Length"/><CSItem code="PLMITM060004" rank="4" referenceName="Packaging dimensions &amp; weight - Weight"/><CSItem code="PLMITM030005" rank="5" referenceName="Product dimensions &amp; weight - Width"/><CSItem code="PLMITM040005" rank="5" referenceName="Technical specifications - Wattage bulb included"/><CSItem code="PLMITM030006" rank="6" referenceName="Product dimensions &amp; weight - Net weight"/><CSItem code="PLMITM040006" rank="6" referenceName="Technical specifications - Maximum wattage replacement bulb"/><CSItem code="PLMITM040007" rank="7" referenceName="Technical specifications - Light color"/><CSItem code="PLMITM0400011" rank="11" referenceName="Technical specifications - Total lumen output fixture"/><CSItem code="PLMITM0400013" rank="13" referenceName="Technical specifications - Fixture dimmable"/><CSItem code="PLMITM0400014" rank="14" referenceName="Technical specifications - LED"/><CSItem code="PLMITM0400018" rank="18" referenceName="Technical specifications - Lifetime up to"/><CSItem code="PLMITM040026" rank="26" referenceName="Technical specifications - IP code"/><CSItem code="PLMITM040027" rank="27" referenceName="Technical specifications - Class of protection"/><CSItem code="PLMITM0400051" rank="51" referenceName="Technical specifications - Light source equivalent to traditional bulb of"/></CSItems></Purpose></Filters><FeatureCompareGroups/><Disclaimers/><RichTexts/></Product></Products>