<?xml version="1.0" encoding="UTF-8"?><Products xmlns:source="http://apache.org/cocoon/source/1.0" DocStatus="approved" DocTimeStamp="2018-10-19T09:19:04"><Product IsAccessory="false" IsMaster="true" lastModified="2018-10-18T00:36:11" masterLastModified="2018-10-18T00:32:53"><CTN>SCF343/20</CTN><MarketingVersion>4.0.1</MarketingVersion><MarketingStatus>Final Published</MarketingStatus><CRDate>2017-12-15</CRDate><CRDateYW>201750</CRDateYW><ModelYears><ModelYear>2017</ModelYear></ModelYears><ProductDivision><ProductDivisionCode>0200</ProductDivisionCode><ProductDivisionName>Consumer Lifestyle</ProductDivisionName><FormerPDCode>0300</FormerPDCode></ProductDivision><ProductOwner>Mireille Verhoeven</ProductOwner><DTN>SCF343/20</DTN><Catalog><StartOfPublication>2018-08-01T00:00:00</StartOfPublication><EndOfPublication>2022-01-15T00:00:00</EndOfPublication><StartOfSales>2018-08-01T00:00:00</StartOfSales><EndOfSales>2022-01-15T00:00:00</EndOfSales><DummyPrice/><Deleted>false</Deleted><DeleteAfterDate/><ProductRank>50</ProductRank></Catalog><FinancialCategorization><BusinessGroupCode>9050</BusinessGroupCode><BusinessGroupName>Health &amp; Wellness</BusinessGroupName><BusinessUnitCode>0362</BusinessUnitCode><BusinessUnitName>Mother &amp; Child Care</BusinessUnitName><MainArticleGroupCode>E42</MainArticleGroupCode><MainArticleGroupName>Comforting</MainArticleGroupName><ArticleGroupCode>3192</ArticleGroupCode><ArticleGroupName>Soothers</ArticleGroupName></FinancialCategorization><Categorization type="CONSUMER"><GroupCode>MOTHER_AND_CHILD_CARE_GR</GroupCode><GroupName>Mother &amp; child care</GroupName><CategoryCode>PACIFIERS_CA</CategoryCode><CategoryName>Pacifiers</CategoryName><SubcategoryCode>PACIFIERS_SU</SubcategoryCode><SubcategoryName>Pacifiers</SubcategoryName></Categorization><Assets><Asset code="SCF343_20" description="Leaflet" extension="pdf" lastModified="2018-10-09" locale="ru_RU" number="001" type="PSS">http://download.p4c.philips.com/files/s/scf343_20/scf343_20_pss_rusru.pdf</Asset><Asset code="SCF343_20" description="Retail Trade Leaflet" extension="pdf" lastModified="2018-10-08" locale="ru_RU" number="001" type="RTL">http://download.p4c.philips.com/files/s/scf343_20/scf343_20_rtl_rusru.pdf</Asset><Asset code="SCF343_20" description="Product detail 1 - highres 2196x1795" extension="tif" lastModified="2018-10-16" locale="global" number="001" type="D1P">http://images.philips.com/is/image/PhilipsConsumer/SCF343_20-D1P-global-001</Asset><Asset code="SCF343_20" description="Leaflet" extension="pdf" lastModified="2018-10-08" locale="global" number="001" type="PSS">http://download.p4c.philips.com/files/s/scf343_20/scf343_20_pss_.pdf</Asset><Asset code="SCF343_20" description="Leaflet" extension="pdf" lastModified="2018-10-08" locale="en_US" number="001" type="PSS">http://download.p4c.philips.com/files/s/scf343_20/scf343_20_pss_aenus.pdf</Asset><Asset code="SCF343_20" description="Single product shot" extension="" lastModified="2018-10-18" locale="" number="" type="IMS">http://images.philips.com/is/image/PhilipsConsumer/SCF343_20-IMS-</Asset><Asset code="SCF343_20" description="Product gallery image set" extension="" lastModified="2018-10-18" locale="" number="" type="GAL">http://images.philips.com/is/image/PhilipsConsumer/SCF343_20-GAL-</Asset><Asset code="AVE" description="Brand logo - highres 1476x886" extension="jpg" lastModified="2008-08-06" locale="global" number="001" type="BRP">http://images.philips.com/is/image/PhilipsConsumer/AVE-BRP-global-001</Asset><Asset code="F400081736" description="Feature photograph - highres 2100x1170" extension="tif" lastModified="2017-04-06" locale="global" number="001" type="FIL">http://images.philips.com/is/image/PhilipsConsumer/F400081736-FIL-global-001</Asset><Asset code="F400081751" description="Feature photograph - highres 2100x1170" extension="tif" lastModified="2017-04-07" locale="global" number="001" type="FIL">http://images.philips.com/is/image/PhilipsConsumer/F400081751-FIL-global-001</Asset><Asset code="F400084562" description="Feature photograph - highres 2100x1170" extension="tif" lastModified="2017-11-17" locale="global" number="001" type="FIL">http://images.philips.com/is/image/PhilipsConsumer/F400084562-FIL-global-001</Asset><Asset code="F400084767" description="Feature photograph - highres 2100x1170" extension="tif" lastModified="2017-11-17" locale="global" number="001" type="FIL">http://images.philips.com/is/image/PhilipsConsumer/F400084767-FIL-global-001</Asset><Asset code="F400084768" description="Feature photograph - highres 2100x1170" extension="tif" lastModified="2017-11-17" locale="global" number="001" type="FIL">http://images.philips.com/is/image/PhilipsConsumer/F400084768-FIL-global-001</Asset><Asset code="F400084769" description="Feature photograph - highres 2100x1170" extension="tif" lastModified="2017-11-17" locale="global" number="001" type="FIL">http://images.philips.com/is/image/PhilipsConsumer/F400084769-FIL-global-001</Asset><Asset code="F400084771" description="Feature photograph - highres 2100x1170" extension="tif" lastModified="2017-11-17" locale="global" number="001" type="FIL">http://images.philips.com/is/image/PhilipsConsumer/F400084771-FIL-global-001</Asset><Asset code="F400084773" description="Feature photograph - highres 2100x1170" extension="tif" lastModified="2017-11-17" locale="global" number="001" type="FIL">http://images.philips.com/is/image/PhilipsConsumer/F400084773-FIL-global-001</Asset><Asset code="F400084774" description="Feature photograph - highres 2100x1170" extension="tif" lastModified="2017-11-17" locale="global" number="001" type="FIL">http://images.philips.com/is/image/PhilipsConsumer/F400084774-FIL-global-001</Asset><Asset code="GA_GREEN" description="needs to be blocked as code in CCR Global award logo - master" extension="eps" lastModified="2010-09-22" locale="global" number="001" type="GAL">GA_GREEN-GAL-global-001.eps</Asset><Asset code="GA_GREEN" description="Global award logo - highres 590x590" extension="tif" lastModified="2010-09-22" locale="global" number="001" type="GAP">http://images.philips.com/is/image/PhilipsConsumer/GA_GREEN-GAP-global-001</Asset><Asset code="PHI" description="Brand logo - highres 1476x886" extension="tif" lastModified="2016-02-18" locale="global" number="001" type="BRP">http://images.philips.com/is/image/PhilipsConsumer/PHI-BRP-global-001</Asset></Assets><ProductName>For baby's sensitive skin 0-6m ultra air pacifier</ProductName><FullProductName>Philips Avent ultra air pacifier SCF343/20 For baby's sensitive skin 0-6m Orthodontic &amp; BPA-Free 2-pack</FullProductName><NamingString><MasterBrand><BrandCode>PHI</BrandCode><BrandName>Philips</BrandName></MasterBrand><Partner><PartnerBrand><BrandCode>AVE</BrandCode><BrandName>Avent</BrandName></PartnerBrand><PartnerBrandType>MakersMark</PartnerBrandType></Partner><BrandString>Philips Avent</BrandString><Descriptor><DescriptorCode>D4030152</DescriptorCode><DescriptorName>ultra air pacifier</DescriptorName></Descriptor><Alphanumeric>SCF343/20</Alphanumeric><VersionElement1><VersionElementCode>V4045493</VersionElementCode><VersionElementName>For baby's sensitive skin</VersionElementName></VersionElement1><VersionElement2><VersionElementCode>V4005072</VersionElementCode><VersionElementName>0-6m</VersionElementName></VersionElement2><VersionElement3><VersionElementCode>V4039342</VersionElementCode><VersionElementName>Orthodontic &amp; BPA-Free</VersionElementName></VersionElement3><VersionElement4><VersionElementCode>V4006231</VersionElementCode><VersionElementName>2-pack</VersionElementName></VersionElement4><VersionString>For baby's sensitive skin 0-6m Orthodontic &amp; BPA-Free 2-pack</VersionString><BrandedFeatureString/><DescriptorBrandedFeatureString>ultra air pacifier</DescriptorBrandedFeatureString></NamingString><WOW>A light, breathable pacifier for sensitive skin</WOW><SubWOW>Extra-large air holes let your baby's skin breathe</SubWOW><MarketingTextHeader>Let your little one's skin breathe with the Philips Avent ultra air pacifier. Featuring 4 extra-large air holes, the lightweight shield is designed for maximum air flow so you baby's sensitive skin stays drier while soothing.</MarketingTextHeader><KeyBenefitArea><KeyBenefitAreaCode>K4034950</KeyBenefitAreaCode><KeyBenefitAreaName>A light, breathable pacifier for sensitive skin</KeyBenefitAreaName><KeyBenefitAreaRank>1</KeyBenefitAreaRank><Feature><FeatureCode>F400084767</FeatureCode><FeatureReferenceName>4 extra large air holes (Berry - Soothers)</FeatureReferenceName><FeatureName>4 extra large air holes</FeatureName><FeatureLongDescription>4 extra large air holes</FeatureLongDescription><FeatureGlossary>Ultra air is designed to allow maximum air flow, so your baby's sensitive skin can breathe.</FeatureGlossary><FeatureRank>1</FeatureRank><FeatureTopRank>1</FeatureTopRank></Feature><Feature><FeatureCode>F400084768</FeatureCode><FeatureReferenceName>Skin stays drier (Berry - Soothers)</FeatureReferenceName><FeatureName>Skin stays drier</FeatureName><FeatureLongDescription>Skin stays drier while soothing</FeatureLongDescription><FeatureGlossary>Your little one's sensitive skin stays drier while soothing, thanks to this pacifier's breathable design with maximum air flow.</FeatureGlossary><FeatureRank>2</FeatureRank><FeatureTopRank>2</FeatureTopRank></Feature><Feature><FeatureCode>F400084769</FeatureCode><FeatureReferenceName>Comfortable, rounded edges (Berry - Soothers)</FeatureReferenceName><FeatureName>Comfortable, rounded edges</FeatureName><FeatureLongDescription>Rounded edges for comfortable soothing</FeatureLongDescription><FeatureGlossary>The ultra air shield is lightweight and features rounded edges for your baby's comfort.</FeatureGlossary><FeatureRank>3</FeatureRank><FeatureTopRank>3</FeatureTopRank></Feature></KeyBenefitArea><KeyBenefitArea><KeyBenefitAreaCode>K4033815</KeyBenefitAreaCode><KeyBenefitAreaName>Comfortable soft &amp; silky nipple</KeyBenefitAreaName><KeyBenefitAreaRank>2</KeyBenefitAreaRank><Feature><FeatureCode>F400084771</FeatureCode><FeatureReferenceName>98% Nipple acceptance (Berry - Soothers)</FeatureReferenceName><FeatureName>Nipple acceptance</FeatureName><FeatureLongDescription>98% of babies accept our ultra air pacifier*</FeatureLongDescription><FeatureGlossary>Babies know what they like! We asked moms how their little ones respond to our textured silicone nipples and on average 98% said that their baby accepts the Philips Avent ultra soft and ultra air pacifiers.</FeatureGlossary><FeatureRank>1</FeatureRank><FeatureTopRank>4</FeatureTopRank></Feature><Feature><FeatureCode>F400084562</FeatureCode><FeatureReferenceName>Silky textured nipple (Berry - Soothers)</FeatureReferenceName><FeatureName>Silky textured nipple</FeatureName><FeatureLongDescription>Textured, silky nipple for soothing comfort</FeatureLongDescription><FeatureGlossary>This pacifier’s silky, textured silicone nipple soothes and comforts your little one.</FeatureGlossary><FeatureRank>2</FeatureRank><FeatureTopRank>5</FeatureTopRank></Feature><Feature><FeatureCode>F400081736</FeatureCode><FeatureReferenceName>Orthodontic nipple (Updated Content)</FeatureReferenceName><FeatureName>Orthodontic nipple</FeatureName><FeatureLongDescription>Designed for natural oral development</FeatureLongDescription><FeatureGlossary>Our collapsible silicone nipple has a symmetrical shape that respects your baby's palate, teeth and gums as they grow.</FeatureGlossary><FeatureRank>3</FeatureRank><FeatureTopRank>6</FeatureTopRank></Feature></KeyBenefitArea><KeyBenefitArea><KeyBenefitAreaCode>K4033816</KeyBenefitAreaCode><KeyBenefitAreaName>Sterilisation &amp; carrying case</KeyBenefitAreaName><KeyBenefitAreaRank>3</KeyBenefitAreaRank><Feature><FeatureCode>F400084773</FeatureCode><FeatureReferenceName>Sterilizer / carrying case (Berry - Soothers)</FeatureReferenceName><FeatureName>Sterilizer / carrying case</FeatureName><FeatureLongDescription>Sterilizing in the microwave is safe and easy</FeatureLongDescription><FeatureGlossary>With our carry case you can sterilize your baby's pacifier in the microwave and store hygienically when you're on the move.</FeatureGlossary><FeatureRank>1</FeatureRank><FeatureTopRank>7</FeatureTopRank></Feature><Feature><FeatureCode>F400084774</FeatureCode><FeatureReferenceName>Case makes sterilizing easy (Berry - Soothers)</FeatureReferenceName><FeatureName>Case makes sterilizing easy</FeatureName><FeatureLongDescription>Simple steps for reliable sterilization in 3 minutes</FeatureLongDescription><FeatureGlossary>Place well-rinsed pacifiers into the case, add 25ml/1 fl. oz. of water and microwave at 750-1000W for 3 minutes. Leave to cool for 5 minutes, drain water and they're ready to go.</FeatureGlossary><FeatureRank>2</FeatureRank><FeatureTopRank>8</FeatureTopRank></Feature></KeyBenefitArea><KeyBenefitArea><KeyBenefitAreaCode>K4034208</KeyBenefitAreaCode><KeyBenefitAreaName>Quality assured</KeyBenefitAreaName><KeyBenefitAreaRank>4</KeyBenefitAreaRank><Feature><FeatureCode>F400081751</FeatureCode><FeatureReferenceName>Made in the UK (Updated - Content)</FeatureReferenceName><FeatureName>Made in the UK</FeatureName><FeatureLongDescription>Made at our award-winning site in the UK</FeatureLongDescription><FeatureGlossary>You can be sure that your little one's comfort is in good hands. This pacifier was made at our award-winning site in the UK.*</FeatureGlossary><FeatureRank>1</FeatureRank><FeatureTopRank>9</FeatureTopRank></Feature></KeyBenefitArea><FeatureImage><FeatureCode>F400084767</FeatureCode><FeatureReferenceName>4 extra large air holes (Berry - Soothers)</FeatureReferenceName><FeatureImageRank>1</FeatureImageRank></FeatureImage><FeatureImage><FeatureCode>F400084768</FeatureCode><FeatureReferenceName>Skin stays drier (Berry - Soothers)</FeatureReferenceName><FeatureImageRank>2</FeatureImageRank></FeatureImage><FeatureImage><FeatureCode>F400084769</FeatureCode><FeatureReferenceName>Comfortable, rounded edges (Berry - Soothers)</FeatureReferenceName><FeatureImageRank>3</FeatureImageRank></FeatureImage><FeatureImage><FeatureCode>F400084771</FeatureCode><FeatureReferenceName>98% Nipple acceptance (Berry - Soothers)</FeatureReferenceName><FeatureImageRank>4</FeatureImageRank></FeatureImage><FeatureImage><FeatureCode>F400084562</FeatureCode><FeatureReferenceName>Silky textured nipple (Berry - Soothers)</FeatureReferenceName><FeatureImageRank>5</FeatureImageRank></FeatureImage><FeatureImage><FeatureCode>F400081736</FeatureCode><FeatureReferenceName>Orthodontic nipple (Updated Content)</FeatureReferenceName><FeatureImageRank>6</FeatureImageRank></FeatureImage><FeatureImage><FeatureCode>F400084773</FeatureCode><FeatureReferenceName>Sterilizer / carrying case (Berry - Soothers)</FeatureReferenceName><FeatureImageRank>7</FeatureImageRank></FeatureImage><FeatureImage><FeatureCode>F400084774</FeatureCode><FeatureReferenceName>Case makes sterilizing easy (Berry - Soothers)</FeatureReferenceName><FeatureImageRank>8</FeatureImageRank></FeatureImage><FeatureImage><FeatureCode>F400081751</FeatureCode><FeatureReferenceName>Made in the UK (Updated - Content)</FeatureReferenceName><FeatureImageRank>9</FeatureImageRank></FeatureImage><FeatureHighlight><FeatureCode>F400084767</FeatureCode><FeatureReferenceName>4 extra large air holes (Berry - Soothers)</FeatureReferenceName><FeatureHighlightRank>1</FeatureHighlightRank></FeatureHighlight><FeatureHighlight><FeatureCode>F400084768</FeatureCode><FeatureReferenceName>Skin stays drier (Berry - Soothers)</FeatureReferenceName><FeatureHighlightRank>2</FeatureHighlightRank></FeatureHighlight><FeatureHighlight><FeatureCode>F400084769</FeatureCode><FeatureReferenceName>Comfortable, rounded edges (Berry - Soothers)</FeatureReferenceName><FeatureHighlightRank>3</FeatureHighlightRank></FeatureHighlight><FeatureHighlight><FeatureCode>F400084771</FeatureCode><FeatureReferenceName>98% Nipple acceptance (Berry - Soothers)</FeatureReferenceName><FeatureHighlightRank>4</FeatureHighlightRank></FeatureHighlight><FeatureHighlight><FeatureCode>F400084562</FeatureCode><FeatureReferenceName>Silky textured nipple (Berry - Soothers)</FeatureReferenceName><FeatureHighlightRank>5</FeatureHighlightRank></FeatureHighlight><FeatureHighlight><FeatureCode>F400081736</FeatureCode><FeatureReferenceName>Orthodontic nipple (Updated Content)</FeatureReferenceName><FeatureHighlightRank>6</FeatureHighlightRank></FeatureHighlight><FeatureHighlight><FeatureCode>F400084773</FeatureCode><FeatureReferenceName>Sterilizer / carrying case (Berry - Soothers)</FeatureReferenceName><FeatureHighlightRank>7</FeatureHighlightRank></FeatureHighlight><FeatureHighlight><FeatureCode>F400084774</FeatureCode><FeatureReferenceName>Case makes sterilizing easy (Berry - Soothers)</FeatureReferenceName><FeatureHighlightRank>8</FeatureHighlightRank></FeatureHighlight><FeatureHighlight><FeatureCode>F400081751</FeatureCode><FeatureReferenceName>Made in the UK (Updated - Content)</FeatureReferenceName><FeatureHighlightRank>9</FeatureHighlightRank></FeatureHighlight><CSChapter><CSChapterCode>CHA_0000106</CSChapterCode><CSChapterName>What is included</CSChapterName><CSChapterRank>1</CSChapterRank><CSItem><CSItemCode>IT4044099</CSItemCode><CSItemName>ultra air pacifier</CSItemName><CSItemRank>1</CSItemRank><CSItemIsFreeFormat>1</CSItemIsFreeFormat><CSValue><CSValueCode>VA4101489</CSValueCode><CSValueName>2</CSValueName><CSValueRank>1</CSValueRank></CSValue><UnitOfMeasure><UnitOfMeasureCode>4000023</UnitOfMeasureCode><UnitOfMeasureName>-Pieces</UnitOfMeasureName><UnitOfMeasureSymbol>pcs</UnitOfMeasureSymbol></UnitOfMeasure></CSItem></CSChapter><CSChapter><CSChapterCode>CHA_0000052</CSChapterCode><CSChapterName>Accessories included</CSChapterName><CSChapterRank>2</CSChapterRank><CSItem><CSItemCode>IT4042324</CSItemCode><CSItemName>Sterilizer/carrying case</CSItemName><CSItemRank>1</CSItemRank><CSItemIsFreeFormat>0</CSItemIsFreeFormat><CSValue><CSValueCode>VA4097862</CSValueCode><CSValueName>Yes</CSValueName><CSValueRank>2</CSValueRank></CSValue></CSItem></CSChapter><CSChapter><CSChapterCode>CHA_0000025</CSChapterCode><CSChapterName>Safety</CSChapterName><CSChapterRank>3</CSChapterRank><CSItem><CSItemCode>IT4042329</CSItemCode><CSItemName>Safety ring handle</CSItemName><CSItemRank>1</CSItemRank><CSItemIsFreeFormat>0</CSItemIsFreeFormat><CSValue><CSValueCode>VA4097867</CSValueCode><CSValueName>Yes</CSValueName><CSValueRank>6</CSValueRank></CSValue></CSItem><CSItem><CSItemCode>IT4042325</CSItemCode><CSItemName>BPA-free</CSItemName><CSItemRank>2</CSItemRank><CSItemIsFreeFormat>0</CSItemIsFreeFormat><CSValue><CSValueCode>VA4097863</CSValueCode><CSValueName>Yes</CSValueName><CSValueRank>3</CSValueRank></CSValue></CSItem></CSChapter><CSChapter><CSChapterCode>CH4005821</CSChapterCode><CSChapterName>Hygiene</CSChapterName><CSChapterRank>4</CSChapterRank><CSItem><CSItemCode>IT4042330</CSItemCode><CSItemName>Easy to clean</CSItemName><CSItemRank>1</CSItemRank><CSItemIsFreeFormat>0</CSItemIsFreeFormat><CSValue><CSValueCode>VA4097868</CSValueCode><CSValueName>Yes</CSValueName><CSValueRank>1</CSValueRank></CSValue></CSItem><CSItem><CSItemCode>IT4042327</CSItemCode><CSItemName>Can be sterilized</CSItemName><CSItemRank>2</CSItemRank><CSItemIsFreeFormat>0</CSItemIsFreeFormat><CSValue><CSValueCode>VA4097865</CSValueCode><CSValueName>Yes</CSValueName><CSValueRank>5</CSValueRank></CSValue></CSItem><CSItem><CSItemCode>IT4042328</CSItemCode><CSItemName>Dishwasher safe</CSItemName><CSItemRank>3</CSItemRank><CSItemIsFreeFormat>0</CSItemIsFreeFormat><CSValue><CSValueCode>VA4097866</CSValueCode><CSValueName>Yes</CSValueName><CSValueRank>4</CSValueRank></CSValue></CSItem></CSChapter><Filters><Purpose type="Comparison"><Features><Feature code="F400084767" rank="1" referenceName="4 extra large air holes (Berry - Soothers)"/><Feature code="F400084768" rank="2" referenceName="Skin stays drier (Berry - Soothers)"/><Feature code="F400084769" rank="3" referenceName="Comfortable, rounded edges (Berry - Soothers)"/><Feature code="F400084771" rank="4" referenceName="98% Nipple acceptance (Berry - Soothers)"/><Feature code="F400084562" rank="5" referenceName="Silky textured nipple (Berry - Soothers)"/><Feature code="F400081736" rank="6" referenceName="Orthodontic nipple (Updated Content)"/><Feature code="F400084773" rank="7" referenceName="Sterilizer / carrying case (Berry - Soothers)"/><Feature code="F400084774" rank="8" referenceName="Case makes sterilizing easy (Berry - Soothers)"/><Feature code="F400081751" rank="9" referenceName="Made in the UK (Updated - Content)"/></Features><CSItems><CSItem code="IT4044099" rank="1" referenceName="What is included - ultra air pacifier"/><CSItem code="IT4042324" rank="1" referenceName="Accessories included - Sterilizer/carrying case"/><CSItem code="IT4042329" rank="1" referenceName="Safety - Safety ring handle"/><CSItem code="IT4042330" rank="1" referenceName="Hygiene - Easy to clean"/><CSItem code="IT4042325" rank="2" referenceName="Safety - BPA-free"/><CSItem code="IT4042327" rank="2" referenceName="Hygiene - Can be sterilized"/><CSItem code="IT4042328" rank="3" referenceName="Hygiene - Dishwasher safe"/></CSItems></Purpose><Purpose type="Detail"><Features><Feature code="F400084767" rank="1" referenceName="4 extra large air holes (Berry - Soothers)"/><Feature code="F400084768" rank="2" referenceName="Skin stays drier (Berry - Soothers)"/><Feature code="F400084769" rank="3" referenceName="Comfortable, rounded edges (Berry - Soothers)"/><Feature code="F400084771" rank="4" referenceName="98% Nipple acceptance (Berry - Soothers)"/><Feature code="F400084562" rank="5" referenceName="Silky textured nipple (Berry - Soothers)"/><Feature code="F400081736" rank="6" referenceName="Orthodontic nipple (Updated Content)"/><Feature code="F400084773" rank="7" referenceName="Sterilizer / carrying case (Berry - Soothers)"/><Feature code="F400084774" rank="8" referenceName="Case makes sterilizing easy (Berry - Soothers)"/><Feature code="F400081751" rank="9" referenceName="Made in the UK (Updated - Content)"/></Features><CSItems><CSItem code="IT4044099" rank="1" referenceName="What is included - ultra air pacifier"/><CSItem code="IT4042324" rank="1" referenceName="Accessories included - Sterilizer/carrying case"/><CSItem code="IT4042329" rank="1" referenceName="Safety - Safety ring handle"/><CSItem code="IT4042330" rank="1" referenceName="Hygiene - Easy to clean"/><CSItem code="IT4042325" rank="2" referenceName="Safety - BPA-free"/><CSItem code="IT4042327" rank="2" referenceName="Hygiene - Can be sterilized"/><CSItem code="IT4042328" rank="3" referenceName="Hygiene - Dishwasher safe"/></CSItems></Purpose></Filters><FeatureCompareGroups/><Disclaimers><Disclaimer code="DIS40011983" rank="1" referenceName="98% nipple acceptance (Berry)"><DisclaimerText>2016-2017 US consumer tests show an average of 98% nipple acceptance of the textured Philips Avent nipple used in our ultra air and ultra soft pacifiers.</DisclaimerText><DisclaimElements/></Disclaimer><Disclaimer code="DIS40011351" rank="2" referenceName="For hygiene reasons, replace pacifiers regularly"><DisclaimerText>For hygiene reasons, replace pacifiers after 4 weeks of use</DisclaimerText><DisclaimElements/></Disclaimer><Disclaimer code="DIS40011350" rank="3" referenceName="No 1 global pacifier brand (Updated content)"><DisclaimerText>No 1 global pacifier brand</DisclaimerText><DisclaimElements/></Disclaimer><Disclaimer code="DIS40011354" rank="4" referenceName="2014 Manufacturer of the Year"><DisclaimerText>2014 Manufacturer of the Year</DisclaimerText><DisclaimElements/></Disclaimer></Disclaimers><Award AwardType="global"><AwardCode>GA_GREEN</AwardCode><AwardName>Philips Green Logo</AwardName><AwardDescription>Philips Green Products can reduce costs, energy consumption and CO2 emissions. How? They offer a significant environmental improvement in one or more of the Philips Green Focal Areas – Energy efficiency, Packaging, Hazardous substances, Weight, Recycling and disposal and Lifetime reliability.</AwardDescription><AwardText>Philips Green Logo</AwardText><AwardRank>3</AwardRank></Award><ProductReference ProductReferenceType="Accessory"><CTN>SCF185/00</CTN><ProductReferenceRank>0</ProductReferenceRank></ProductReference><ProductReference ProductReferenceType="Accessory"><CTN>SCF185/01</CTN><ProductReferenceRank>0</ProductReferenceRank></ProductReference><ProductReference ProductReferenceType="Accessory"><CTN>SCF185/02</CTN><ProductReferenceRank>0</ProductReferenceRank></ProductReference><ProductReference ProductReferenceType="Accessory"><CTN>SCF199/00</CTN><ProductReferenceRank>0</ProductReferenceRank></ProductReference><RichTexts/></Product></Products>