<?xml version="1.0" encoding="UTF-8"?><Products xmlns:source="http://apache.org/cocoon/source/1.0" DocStatus="approved" DocTimeStamp="2018-10-19T09:19:04"><Product IsAccessory="false" IsMaster="true" lastModified="2018-09-19T00:35:56" masterLastModified="2018-09-19T00:33:21"><CTN>12972XVGS2</CTN><Code12NC>867000156889</Code12NC><MarketingVersion>3.0.1</MarketingVersion><MarketingStatus>Final Published</MarketingStatus><CRDate>2018-09-07</CRDate><CRDateYW>201836</CRDateYW><ModelYears><ModelYear>2018</ModelYear></ModelYears><ProductDivision><ProductDivisionCode>0100</ProductDivisionCode><ProductDivisionName>Lighting</ProductDivisionName><FormerPDCode>0100</FormerPDCode></ProductDivision><ProductOwner>Marilyne Denis</ProductOwner><DTN>12972XVGS2</DTN><Catalog><StartOfPublication>2018-09-10T00:00:00</StartOfPublication><EndOfPublication>2099-12-31T00:00:00</EndOfPublication><StartOfSales>2018-09-10T00:00:00</StartOfSales><EndOfSales>2099-12-31T00:00:00</EndOfSales><DummyPrice/><Deleted>false</Deleted><DeleteAfterDate/><ProductRank>50</ProductRank></Catalog><FinancialCategorization><BusinessGroupCode>9017</BusinessGroupCode><BusinessGroupName>Lamps and Accessoires</BusinessGroupName><BusinessUnitCode>9102</BusinessUnitCode><BusinessUnitName>Automotive Lamps</BusinessUnitName><MainArticleGroupCode>B10</MainArticleGroupCode><MainArticleGroupName>Halogen/Incandescent Headlighting</MainArticleGroupName><ArticleGroupCode>0811</ArticleGroupCode><ArticleGroupName>Halogen HL bulbs two filament ECE</ArticleGroupName></FinancialCategorization><Categorization type="CONSUMER"><GroupCode>AUTOMOTIVE_GR</GroupCode><GroupName>Automotive</GroupName><CategoryCode>CAR_LIGHTS_CA</CategoryCode><CategoryName>Car lights</CategoryName><SubcategoryCode>CAR_HEADLIGHTS_SU</SubcategoryCode><SubcategoryName>Headlights</SubcategoryName></Categorization><Assets><Asset code="12972XVGS2" description="Leaflet" extension="pdf" lastModified="2018-10-12" locale="ru_RU" number="001" type="PSS">http://download.p4c.philips.com/files/1/12972xvgs2/12972xvgs2_pss_rusru.pdf</Asset><Asset code="12972XVGS2" description="Retail Trade Leaflet" extension="pdf" lastModified="2018-10-12" locale="ru_RU" number="001" type="RTL">http://download.p4c.philips.com/files/1/12972xvgs2/12972xvgs2_rtl_rusru.pdf</Asset><Asset code="12972XVGS2" description="Alternative product photograph 5 - highres 2196x1795" extension="tif" lastModified="2018-08-27" locale="global" number="001" type="A5P">http://images.philips.com/is/image/PhilipsConsumer/12972XVGS2-A5P-global-001</Asset><Asset code="12972XVGS2" description="Alternative product photograph - highres 2196x1795" extension="tif" lastModified="2018-08-27" locale="global" number="001" type="APP">http://images.philips.com/is/image/PhilipsConsumer/12972XVGS2-APP-global-001</Asset><Asset code="12972XVGS2" description="Main in-use photograph - highres 2480x1462" extension="tif" lastModified="2018-08-27" locale="global" number="001" type="MI1">http://images.philips.com/is/image/PhilipsConsumer/12972XVGS2-MI1-global-001</Asset><Asset code="12972XVGS2" description="Leaflet" extension="pdf" lastModified="2018-09-19" locale="global" number="001" type="PSS">http://download.p4c.philips.com/files/1/12972xvgs2/12972xvgs2_pss_.pdf</Asset><Asset code="12972XVGS2" description="Standard product photograph - highres 2196x1795" extension="tif" lastModified="2018-08-27" locale="global" number="001" type="RTP">http://images.philips.com/is/image/PhilipsConsumer/12972XVGS2-RTP-global-001</Asset><Asset code="12972XVGS2" description="Single product shot" extension="" lastModified="2018-09-19" locale="" number="" type="IMS">http://images.philips.com/is/image/PhilipsConsumer/12972XVGS2-IMS-</Asset><Asset code="12972XVGS2" description="Product gallery image set" extension="" lastModified="2018-09-19" locale="" number="" type="GAL">http://images.philips.com/is/image/PhilipsConsumer/12972XVGS2-GAL-</Asset><Asset code="PHI" description="Brand logo - highres 1476x886" extension="tif" lastModified="2016-02-18" locale="global" number="001" type="BRP">http://images.philips.com/is/image/PhilipsConsumer/PHI-BRP-global-001</Asset></Assets><ProductName>Type of lamp: H7 Pack of: 2 car headlight bulb</ProductName><FullProductName>Philips X-tremeVision G-force car headlight bulb 12972XVGS2 Type of lamp: H7 Pack of: 2 12V, 55W More light</FullProductName><NamingString><MasterBrand><BrandCode>PHI</BrandCode><BrandName>Philips</BrandName></MasterBrand><BrandString>Philips</BrandString><Family><FamilyCode>SB40010175</FamilyCode><FamilyName>X-tremeVision G-force</FamilyName><FamilyNameUsed>1</FamilyNameUsed></Family><Descriptor><DescriptorCode>D4021102</DescriptorCode><DescriptorName>car headlight bulb</DescriptorName></Descriptor><Alphanumeric>12972XVGS2</Alphanumeric><VersionElement1><VersionElementCode>V4043973</VersionElementCode><VersionElementName>Type of lamp: H7</VersionElementName></VersionElement1><VersionElement2><VersionElementCode>V4043914</VersionElementCode><VersionElementName>Pack of: 2</VersionElementName></VersionElement2><VersionElement3><VersionElementCode>V4045430</VersionElementCode><VersionElementName>12V, 55W</VersionElementName></VersionElement3><VersionElement4><VersionElementCode>V4043912</VersionElementCode><VersionElementName>More light</VersionElementName></VersionElement4><VersionString>Type of lamp: H7 Pack of: 2 12V, 55W More light</VersionString><BrandedFeatureString/><DescriptorBrandedFeatureString>car headlight bulb</DescriptorBrandedFeatureString></NamingString><WOW>Enjoy performance taken to new X-tremes</WOW><SubWOW>Up to 130% brighter light</SubWOW><MarketingTextHeader>Philips X-tremeVision G-force car bulbs are among the brightest you can buy. They outshine most other car lamps with up to 130% more brightness, superior beam length and 10G vibration resistance. See further, react faster and drive safer.</MarketingTextHeader><KeyBenefitArea><KeyBenefitAreaCode>K4036163</KeyBenefitAreaCode><KeyBenefitAreaName>Up to 130% brighter light for better visibility</KeyBenefitAreaName><KeyBenefitAreaRank>1</KeyBenefitAreaRank><Feature><FeatureCode>F400088318</FeatureCode><FeatureReferenceName>Up to 130% more brightness-lamps</FeatureReferenceName><FeatureName>Up to 130% more brightness</FeatureName><FeatureLongDescription>See further and react faster with up to 130% more brightness</FeatureLongDescription><FeatureGlossary>Perfect illumination is especially important in the distance – usually between 75-100 metres in front of your vehicle. Philips X-tremeVision G-force boosts your visibility with up to 130% more brightness. This helps you recognise obstacles and any potential dangers earlier than with most other halogen headlight lamps.</FeatureGlossary><FeatureRank>1</FeatureRank><FeatureTopRank>1</FeatureTopRank></Feature><Feature><FeatureCode>F400088319</FeatureCode><FeatureReferenceName>Ultimate light performance</FeatureReferenceName><FeatureName>Ultimate light performance</FeatureName><FeatureLongDescription>One of the brightest bulbs: ultimate light performance</FeatureLongDescription><FeatureGlossary>With its optimised high-precision filament geometry, up to 13 bar high-pressure gas filling, high-precision coating and high-quality UV-Quartz glass, Philips X-tremeVision G-force headlights confirm a milestone in automotive lighting. They are engineered for the ultimate performance and uncompromising visibility.</FeatureGlossary><FeatureRank>2</FeatureRank><FeatureTopRank>2</FeatureTopRank></Feature></KeyBenefitArea><KeyBenefitArea><KeyBenefitAreaCode>K4036164</KeyBenefitAreaCode><KeyBenefitAreaName>White light for more contrast</KeyBenefitAreaName><KeyBenefitAreaRank>2</KeyBenefitAreaRank><Feature><FeatureCode>F400088321</FeatureCode><FeatureReferenceName>Significantly whiter light-lamps</FeatureReferenceName><FeatureName>Significantly whiter light</FeatureName><FeatureLongDescription>Significantly whiter light to improve comfort and safety</FeatureLongDescription><FeatureGlossary>The bright white light of up to 3500 Kelvin is significantly whiter than standard headlamps. The Philips patented gradient coating technology produces a more powerful light. So you can enjoy one of the brightest lighting performances and a highly comfortable night driving experience.</FeatureGlossary><FeatureRank>1</FeatureRank><FeatureTopRank>3</FeatureTopRank></Feature></KeyBenefitArea><KeyBenefitArea><KeyBenefitAreaCode>K4036165</KeyBenefitAreaCode><KeyBenefitAreaName>Durable lights with up to 10G vibration resistance</KeyBenefitAreaName><KeyBenefitAreaRank>3</KeyBenefitAreaRank><Feature><FeatureCode>F400088328</FeatureCode><FeatureReferenceName>A lifetime of safety-Lamps</FeatureReferenceName><FeatureName>A lifetime of safety</FeatureName><FeatureLongDescription>A lifetime of safety so you can see and be seen</FeatureLongDescription><FeatureGlossary>Every potential failure of a spare part is a risk for you and your vehicle. This is especially true for headlights. Every broken headlight lamp reduces visibility and safety for you and the oncoming traffic. Philips X-tremeVision G-force is optimised for a long and reliable lifetime. You can see and be seen for longer than with any other high-performance lamp.</FeatureGlossary><FeatureRank>1</FeatureRank><FeatureTopRank>4</FeatureTopRank></Feature><Feature><FeatureCode>F400088326</FeatureCode><FeatureReferenceName>More light and higher lifetime</FeatureReferenceName><FeatureName>More light and higher lifetime</FeatureName><FeatureLongDescription>Performance means more light and longer lifetime</FeatureLongDescription><FeatureGlossary>Philips X-tremeVision G-force headlights are made for outstanding performance, producing up to 130% brighter light, without compromising on the lifetime. With up to 450 hours*, Philips X-tremeVision G-force's lifetime is significantly higher than competitor solutions in the more light category. (*tested at 13.2V standard voltage).</FeatureGlossary><FeatureRank>2</FeatureRank><FeatureTopRank>5</FeatureTopRank></Feature><Feature><FeatureCode>F400088324</FeatureCode><FeatureReferenceName>Vibration resistant endurance</FeatureReferenceName><FeatureName>Vibration resistant endurance</FeatureName><FeatureLongDescription>Endurance performance bulbs for 10G vibration resistance</FeatureLongDescription><FeatureGlossary>Don't let a pothole be the end of your car lights. Today's journeys can be a challenge to your car. Philips X-tremeVision G-force is designed to last. Tested for up to 10G vibration resistance, these lamps underline their great endurance.</FeatureGlossary><FeatureRank>3</FeatureRank><FeatureTopRank>6</FeatureTopRank></Feature></KeyBenefitArea><KeyBenefitArea><KeyBenefitAreaCode>K4035899</KeyBenefitAreaCode><KeyBenefitAreaName>Enhanced safety</KeyBenefitAreaName><KeyBenefitAreaRank>4</KeyBenefitAreaRank><Feature><FeatureCode>F400088323</FeatureCode><FeatureReferenceName>Safe road-legal headlights</FeatureReferenceName><FeatureName>Safe road-legal headlights</FeatureName><FeatureLongDescription>Among the safest road-legal headlights</FeatureLongDescription><FeatureGlossary>Philips X-tremeVision G-force is among the safest, easiest and most efficient way to upgrade your car headlights within legal parameters. The lights are fully ECE certified.</FeatureGlossary><FeatureRank>1</FeatureRank><FeatureTopRank>7</FeatureTopRank></Feature></KeyBenefitArea><KeyBenefitArea><KeyBenefitAreaCode>K4035900</KeyBenefitAreaCode><KeyBenefitAreaName>Philips quality</KeyBenefitAreaName><KeyBenefitAreaRank>5</KeyBenefitAreaRank><Feature><FeatureCode>F400088322</FeatureCode><FeatureReferenceName>Highest quality car lighting-lamps</FeatureReferenceName><FeatureName>Highest quality car lighting</FeatureName><FeatureLongDescription>Philips is the choice of major car manufacturers</FeatureLongDescription><FeatureGlossary>Technologically advanced Philips lighting is renowned in the automotive industry, and has been for over 100 years. The Philips Original Equipment Quality products are designed and developed following strict quality control processes (including applicable ISO norms), leading to consistently high production standards. X-tremeVision G-force is compatible with car models of major brands, such as Audi, BMW, Ford, GM, Toyota and Volkswagen. See the product selector guide for more information.</FeatureGlossary><FeatureRank>1</FeatureRank><FeatureTopRank>8</FeatureTopRank></Feature></KeyBenefitArea><FeatureImage><FeatureCode>F400088318</FeatureCode><FeatureReferenceName>Up to 130% more brightness-lamps</FeatureReferenceName><FeatureImageRank>1</FeatureImageRank></FeatureImage><FeatureImage><FeatureCode>F400088319</FeatureCode><FeatureReferenceName>Ultimate light performance</FeatureReferenceName><FeatureImageRank>2</FeatureImageRank></FeatureImage><FeatureImage><FeatureCode>F400088321</FeatureCode><FeatureReferenceName>Significantly whiter light-lamps</FeatureReferenceName><FeatureImageRank>3</FeatureImageRank></FeatureImage><FeatureImage><FeatureCode>F400088328</FeatureCode><FeatureReferenceName>A lifetime of safety-Lamps</FeatureReferenceName><FeatureImageRank>4</FeatureImageRank></FeatureImage><FeatureImage><FeatureCode>F400088326</FeatureCode><FeatureReferenceName>More light and higher lifetime</FeatureReferenceName><FeatureImageRank>5</FeatureImageRank></FeatureImage><FeatureImage><FeatureCode>F400088324</FeatureCode><FeatureReferenceName>Vibration resistant endurance</FeatureReferenceName><FeatureImageRank>6</FeatureImageRank></FeatureImage><FeatureImage><FeatureCode>F400088323</FeatureCode><FeatureReferenceName>Safe road-legal headlights</FeatureReferenceName><FeatureImageRank>7</FeatureImageRank></FeatureImage><FeatureImage><FeatureCode>F400088322</FeatureCode><FeatureReferenceName>Highest quality car lighting-lamps</FeatureReferenceName><FeatureImageRank>8</FeatureImageRank></FeatureImage><FeatureHighlight><FeatureCode>F400088318</FeatureCode><FeatureReferenceName>Up to 130% more brightness-lamps</FeatureReferenceName><FeatureHighlightRank>1</FeatureHighlightRank></FeatureHighlight><FeatureHighlight><FeatureCode>F400088319</FeatureCode><FeatureReferenceName>Ultimate light performance</FeatureReferenceName><FeatureHighlightRank>2</FeatureHighlightRank></FeatureHighlight><FeatureHighlight><FeatureCode>F400088321</FeatureCode><FeatureReferenceName>Significantly whiter light-lamps</FeatureReferenceName><FeatureHighlightRank>3</FeatureHighlightRank></FeatureHighlight><FeatureHighlight><FeatureCode>F400088328</FeatureCode><FeatureReferenceName>A lifetime of safety-Lamps</FeatureReferenceName><FeatureHighlightRank>4</FeatureHighlightRank></FeatureHighlight><FeatureHighlight><FeatureCode>F400088326</FeatureCode><FeatureReferenceName>More light and higher lifetime</FeatureReferenceName><FeatureHighlightRank>5</FeatureHighlightRank></FeatureHighlight><FeatureHighlight><FeatureCode>F400088324</FeatureCode><FeatureReferenceName>Vibration resistant endurance</FeatureReferenceName><FeatureHighlightRank>6</FeatureHighlightRank></FeatureHighlight><FeatureHighlight><FeatureCode>F400088323</FeatureCode><FeatureReferenceName>Safe road-legal headlights</FeatureReferenceName><FeatureHighlightRank>7</FeatureHighlightRank></FeatureHighlight><FeatureHighlight><FeatureCode>F400088322</FeatureCode><FeatureReferenceName>Highest quality car lighting-lamps</FeatureReferenceName><FeatureHighlightRank>8</FeatureHighlightRank></FeatureHighlight><CSChapter><CSChapterCode>3001177</CSChapterCode><CSChapterName>Packaging Data</CSChapterName><CSChapterRank>1</CSChapterRank><CSItem><CSItemCode>IT4000721</CSItemCode><CSItemName>Packaging type</CSItemName><CSItemRank>3</CSItemRank><CSItemIsFreeFormat>0</CSItemIsFreeFormat><CSValue><CSValueCode>VA4072969</CSValueCode><CSValueName>S2</CSValueName><CSValueRank>9</CSValueRank></CSValue></CSItem><CSItem><CSItemCode>IT4035590</CSItemCode><CSItemName>EAN1</CSItemName><CSItemRank>14</CSItemRank><CSItemIsFreeFormat>1</CSItemIsFreeFormat><CSValue><CSValueCode>VA4082922</CSValueCode><CSValueName>8727900355413</CSValueName><CSValueRank>1</CSValueRank></CSValue></CSItem><CSItem><CSItemCode>IT4035591</CSItemCode><CSItemName>EAN3</CSItemName><CSItemRank>16</CSItemRank><CSItemIsFreeFormat>1</CSItemIsFreeFormat><CSValue><CSValueCode>VA4082924</CSValueCode><CSValueName>8727900355789</CSValueName><CSValueRank>1</CSValueRank></CSValue></CSItem></CSChapter><CSChapter><CSChapterCode>CH4006521</CSChapterCode><CSChapterName>Electrical characteristics</CSChapterName><CSChapterRank>2</CSChapterRank><CSItem><CSItemCode>IT4031552</CSItemCode><CSItemName>Voltage</CSItemName><CSItemRank>2</CSItemRank><CSItemIsFreeFormat>0</CSItemIsFreeFormat><CSValue><CSValueCode>VA4073723</CSValueCode><CSValueName>12</CSValueName><CSValueRank>1</CSValueRank></CSValue><UnitOfMeasure><UnitOfMeasureCode>3000071</UnitOfMeasureCode><UnitOfMeasureName>volt</UnitOfMeasureName><UnitOfMeasureSymbol>V</UnitOfMeasureSymbol></UnitOfMeasure></CSItem><CSItem><CSItemCode>IT4044447</CSItemCode><CSItemName>Wattage</CSItemName><CSItemRank>11</CSItemRank><CSItemIsFreeFormat>1</CSItemIsFreeFormat><CSValue><CSValueCode>VA4102143</CSValueCode><CSValueName>55 W</CSValueName><CSValueRank>1</CSValueRank></CSValue></CSItem></CSChapter><CSChapter><CSChapterCode>CH4006483</CSChapterCode><CSChapterName>Lifetime</CSChapterName><CSChapterRank>3</CSChapterRank><CSItem><CSItemCode>IT4035428</CSItemCode><CSItemName>Life time</CSItemName><CSItemRank>8</CSItemRank><CSItemIsFreeFormat>1</CSItemIsFreeFormat><CSValue><CSValueCode>VA4082346</CSValueCode><CSValueName>450 hrs</CSValueName><CSValueRank>1</CSValueRank></CSValue></CSItem></CSChapter><CSChapter><CSChapterCode>CH4005203</CSChapterCode><CSChapterName>Light characteristics</CSChapterName><CSChapterRank>4</CSChapterRank><CSItem><CSItemCode>IT4035427</CSItemCode><CSItemName>Lumens</CSItemName><CSItemRank>9</CSItemRank><CSItemIsFreeFormat>1</CSItemIsFreeFormat><CSValue><CSValueCode>VA4082345</CSValueCode><CSValueName>1500 ±10%  lm</CSValueName><CSValueRank>1</CSValueRank></CSValue></CSItem><CSItem><CSItemCode>IT4029159</CSItemCode><CSItemName>Color temperature</CSItemName><CSItemRank>15</CSItemRank><CSItemIsFreeFormat>1</CSItemIsFreeFormat><CSValue><CSValueCode>VA4067572</CSValueCode><CSValueName>3500</CSValueName><CSValueRank>1</CSValueRank></CSValue><UnitOfMeasure><UnitOfMeasureCode>4000041</UnitOfMeasureCode><UnitOfMeasureName>Kelvin</UnitOfMeasureName><UnitOfMeasureSymbol>K</UnitOfMeasureSymbol></UnitOfMeasure></CSItem></CSChapter><CSChapter><CSChapterCode>CH4006484</CSChapterCode><CSChapterName>Ordering information</CSChapterName><CSChapterRank>5</CSChapterRank><CSItem><CSItemCode>IT4035592</CSItemCode><CSItemName>Order entry</CSItemName><CSItemRank>10</CSItemRank><CSItemIsFreeFormat>1</CSItemIsFreeFormat><CSValue><CSValueCode>VA4082925</CSValueCode><CSValueName>12972XVGS2</CSValueName><CSValueRank>1</CSValueRank></CSValue></CSItem><CSItem><CSItemCode>IT4035593</CSItemCode><CSItemName>Ordering code</CSItemName><CSItemRank>13</CSItemRank><CSItemIsFreeFormat>1</CSItemIsFreeFormat><CSValue><CSValueCode>VA4082926</CSValueCode><CSValueName>35541328</CSValueName><CSValueRank>1</CSValueRank></CSValue></CSItem></CSChapter><CSChapter><CSChapterCode>CH4006541</CSChapterCode><CSChapterName>Outerpack information</CSChapterName><CSChapterRank>6</CSChapterRank><CSItem><CSItemCode>IT4035764</CSItemCode><CSItemName>Height</CSItemName><CSItemRank>20</CSItemRank><CSItemIsFreeFormat>1</CSItemIsFreeFormat><CSValue><CSValueCode>VA4083203</CSValueCode><CSValueName>12</CSValueName><CSValueRank>1</CSValueRank></CSValue><UnitOfMeasure><UnitOfMeasureCode>3000039</UnitOfMeasureCode><UnitOfMeasureName>centimeter</UnitOfMeasureName><UnitOfMeasureSymbol>cm</UnitOfMeasureSymbol></UnitOfMeasure></CSItem><CSItem><CSItemCode>IT4035762</CSItemCode><CSItemName>Length</CSItemName><CSItemRank>23</CSItemRank><CSItemIsFreeFormat>1</CSItemIsFreeFormat><CSValue><CSValueCode>VA4083201</CSValueCode><CSValueName>28.6</CSValueName><CSValueRank>1</CSValueRank></CSValue><UnitOfMeasure><UnitOfMeasureCode>3000039</UnitOfMeasureCode><UnitOfMeasureName>centimeter</UnitOfMeasureName><UnitOfMeasureSymbol>cm</UnitOfMeasureSymbol></UnitOfMeasure></CSItem><CSItem><CSItemCode>IT4035763</CSItemCode><CSItemName>Width</CSItemName><CSItemRank>26</CSItemRank><CSItemIsFreeFormat>1</CSItemIsFreeFormat><CSValue><CSValueCode>VA4083202</CSValueCode><CSValueName>14.1</CSValueName><CSValueRank>1</CSValueRank></CSValue><UnitOfMeasure><UnitOfMeasureCode>3000039</UnitOfMeasureCode><UnitOfMeasureName>centimeter</UnitOfMeasureName><UnitOfMeasureSymbol>cm</UnitOfMeasureSymbol></UnitOfMeasure></CSItem><CSItem><CSItemCode>IT4036935</CSItemCode><CSItemName>Gross weight per piece</CSItemName><CSItemRank>28</CSItemRank><CSItemIsFreeFormat>1</CSItemIsFreeFormat><CSValue><CSValueCode>VA4085803</CSValueCode><CSValueName>0.35</CSValueName><CSValueRank>1</CSValueRank></CSValue><UnitOfMeasure><UnitOfMeasureCode>3000049</UnitOfMeasureCode><UnitOfMeasureName>kilogram</UnitOfMeasureName><UnitOfMeasureSymbol>kg</UnitOfMeasureSymbol></UnitOfMeasure></CSItem></CSChapter><CSChapter><CSChapterCode>CH4006466</CSChapterCode><CSChapterName>Product description</CSChapterName><CSChapterRank>7</CSChapterRank><CSItem><CSItemCode>IT4031508</CSItemCode><CSItemName>Type</CSItemName><CSItemRank>1</CSItemRank><CSItemIsFreeFormat>0</CSItemIsFreeFormat><CSValue><CSValueCode>VA4071817</CSValueCode><CSValueName>H7</CSValueName><CSValueRank>11</CSValueRank></CSValue></CSItem><CSItem><CSItemCode>IT4031517</CSItemCode><CSItemName>Application</CSItemName><CSItemRank>5</CSItemRank><CSItemIsFreeFormat>0</CSItemIsFreeFormat><CSValue><CSValueCode>VA4071898</CSValueCode><CSValueName>High beam</CSValueName><CSValueRank>2</CSValueRank></CSValue><CSValue><CSValueCode>VA4071899</CSValueCode><CSValueName>Low beam</CSValueName><CSValueRank>7</CSValueRank></CSValue></CSItem><CSItem><CSItemCode>IT4031521</CSItemCode><CSItemName>Homologation ECE</CSItemName><CSItemRank>12</CSItemRank><CSItemIsFreeFormat>0</CSItemIsFreeFormat><CSValue><CSValueCode>VA4072195</CSValueCode><CSValueName>YES</CSValueName><CSValueRank>4</CSValueRank></CSValue></CSItem><CSItem><CSItemCode>IT4031519</CSItemCode><CSItemName>Range</CSItemName><CSItemRank>17</CSItemRank><CSItemIsFreeFormat>0</CSItemIsFreeFormat><CSValue><CSValueCode>VA4104335</CSValueCode><CSValueName>X-tremeVision G-force</CSValueName><CSValueRank>10</CSValueRank></CSValue></CSItem><CSItem><CSItemCode>IT4031500</CSItemCode><CSItemName>Technology</CSItemName><CSItemRank>18</CSItemRank><CSItemIsFreeFormat>0</CSItemIsFreeFormat><CSValue><CSValueCode>VA4071791</CSValueCode><CSValueName>Halogen</CSValueName><CSValueRank>3</CSValueRank></CSValue></CSItem><CSItem><CSItemCode>IT4031520</CSItemCode><CSItemName>Base</CSItemName><CSItemRank>21</CSItemRank><CSItemIsFreeFormat>0</CSItemIsFreeFormat><CSValue><CSValueCode>VA4072135</CSValueCode><CSValueName>PX26d</CSValueName><CSValueRank>13</CSValueRank></CSValue></CSItem><CSItem><CSItemCode>IT4034965</CSItemCode><CSItemName>Designation</CSItemName><CSItemRank>24</CSItemRank><CSItemIsFreeFormat>1</CSItemIsFreeFormat><CSValue><CSValueCode>VA4081495</CSValueCode><CSValueName>12972XVGS2</CSValueName><CSValueRank>1</CSValueRank></CSValue></CSItem></CSChapter><CSChapter><CSChapterCode>CH4006501</CSChapterCode><CSChapterName>Packed product information</CSChapterName><CSChapterRank>8</CSChapterRank><CSItem><CSItemCode>IT4035756</CSItemCode><CSItemName>Gross weight per piece</CSItemName><CSItemRank>19</CSItemRank><CSItemIsFreeFormat>1</CSItemIsFreeFormat><CSValue><CSValueCode>VA4083193</CSValueCode><CSValueName>72.2</CSValueName><CSValueRank>1</CSValueRank></CSValue><UnitOfMeasure><UnitOfMeasureCode>4000006</UnitOfMeasureCode><UnitOfMeasureName>-Grams</UnitOfMeasureName><UnitOfMeasureSymbol>g</UnitOfMeasureSymbol></UnitOfMeasure></CSItem><CSItem><CSItemCode>IT4035760</CSItemCode><CSItemName>Height</CSItemName><CSItemRank>22</CSItemRank><CSItemIsFreeFormat>1</CSItemIsFreeFormat><CSValue><CSValueCode>VA4083198</CSValueCode><CSValueName>13.3</CSValueName><CSValueRank>1</CSValueRank></CSValue><UnitOfMeasure><UnitOfMeasureCode>3000039</UnitOfMeasureCode><UnitOfMeasureName>centimeter</UnitOfMeasureName><UnitOfMeasureSymbol>cm</UnitOfMeasureSymbol></UnitOfMeasure></CSItem><CSItem><CSItemCode>IT4035758</CSItemCode><CSItemName>Length</CSItemName><CSItemRank>25</CSItemRank><CSItemIsFreeFormat>1</CSItemIsFreeFormat><CSValue><CSValueCode>VA4083195</CSValueCode><CSValueName>11</CSValueName><CSValueRank>1</CSValueRank></CSValue><UnitOfMeasure><UnitOfMeasureCode>3000039</UnitOfMeasureCode><UnitOfMeasureName>centimeter</UnitOfMeasureName><UnitOfMeasureSymbol>cm</UnitOfMeasureSymbol></UnitOfMeasure></CSItem><CSItem><CSItemCode>IT4035759</CSItemCode><CSItemName>Width</CSItemName><CSItemRank>27</CSItemRank><CSItemIsFreeFormat>1</CSItemIsFreeFormat><CSValue><CSValueCode>VA4083196</CSValueCode><CSValueName>5.3</CSValueName><CSValueRank>1</CSValueRank></CSValue><UnitOfMeasure><UnitOfMeasureCode>3000039</UnitOfMeasureCode><UnitOfMeasureName>centimeter</UnitOfMeasureName><UnitOfMeasureSymbol>cm</UnitOfMeasureSymbol></UnitOfMeasure></CSItem><CSItem><CSItemCode>IT4040440</CSItemCode><CSItemName>MOQ (for professionals)</CSItemName><CSItemRank>29</CSItemRank><CSItemIsFreeFormat>1</CSItemIsFreeFormat><CSValue><CSValueCode>VA4094183</CSValueCode><CSValueName>10</CSValueName><CSValueRank>1</CSValueRank></CSValue></CSItem><CSItem><CSItemCode>IT4040439</CSItemCode><CSItemName>Pack Quantity</CSItemName><CSItemRank>30</CSItemRank><CSItemIsFreeFormat>1</CSItemIsFreeFormat><CSValue><CSValueCode>VA4094182</CSValueCode><CSValueName>2</CSValueName><CSValueRank>1</CSValueRank></CSValue></CSItem></CSChapter><CSChapter><CSChapterCode>CH4006461</CSChapterCode><CSChapterName>Marketing specifications</CSChapterName><CSChapterRank>9</CSChapterRank><CSItem><CSItemCode>IT4031492</CSItemCode><CSItemName>Expected benefits</CSItemName><CSItemRank>4</CSItemRank><CSItemIsFreeFormat>0</CSItemIsFreeFormat><CSValue><CSValueCode>VA4071778</CSValueCode><CSValueName>Style</CSValueName><CSValueRank>5</CSValueRank></CSValue><CSValue><CSValueCode>VA4104333</CSValueCode><CSValueName>Performance</CSValueName><CSValueRank>8</CSValueRank></CSValue></CSItem><CSItem><CSItemCode>IT4031498</CSItemCode><CSItemName>Product highlight</CSItemName><CSItemRank>6</CSItemRank><CSItemIsFreeFormat>0</CSItemIsFreeFormat><CSValue><CSValueCode>VA4104334</CSValueCode><CSValueName>More light</CSValueName><CSValueRank>12</CSValueRank></CSValue></CSItem></CSChapter><Filters><Purpose type="Comparison"><Features><Feature code="F400088318" rank="1" referenceName="Up to 130% more brightness-lamps"/><Feature code="F400088319" rank="2" referenceName="Ultimate light performance"/><Feature code="F400088321" rank="3" referenceName="Significantly whiter light-lamps"/><Feature code="F400088328" rank="4" referenceName="A lifetime of safety-Lamps"/><Feature code="F400088326" rank="5" referenceName="More light and higher lifetime"/><Feature code="F400088324" rank="6" referenceName="Vibration resistant endurance"/><Feature code="F400088323" rank="7" referenceName="Safe road-legal headlights"/><Feature code="F400088322" rank="8" referenceName="Highest quality car lighting-lamps"/></Features><CSItems><CSItem code="IT4031508" rank="1" referenceName="Product description - Type"/><CSItem code="IT4031552" rank="2" referenceName="Electrical characteristics - Voltage"/><CSItem code="IT4000721" rank="3" referenceName="Packaging Data - Packaging type"/><CSItem code="IT4031492" rank="4" referenceName="Marketing specifications - Expected benefits"/><CSItem code="IT4031517" rank="5" referenceName="Product description - Application"/><CSItem code="IT4031498" rank="6" referenceName="Marketing specifications - Product highlight"/><CSItem code="IT4035428" rank="8" referenceName="Lifetime - Life time"/><CSItem code="IT4035427" rank="9" referenceName="Light characteristics - Lumens"/><CSItem code="IT4035592" rank="10" referenceName="Ordering information - Order entry"/><CSItem code="IT4044447" rank="11" referenceName="Electrical characteristics - Wattage"/><CSItem code="IT4031521" rank="12" referenceName="Product description - Homologation ECE"/><CSItem code="IT4035593" rank="13" referenceName="Ordering information - Ordering code"/><CSItem code="IT4035590" rank="14" referenceName="Packaging Data - EAN1"/><CSItem code="IT4029159" rank="15" referenceName="Light characteristics - Color temperature"/><CSItem code="IT4035591" rank="16" referenceName="Packaging Data - EAN3"/><CSItem code="IT4031519" rank="17" referenceName="Product description - Range"/><CSItem code="IT4031500" rank="18" referenceName="Product description - Technology"/><CSItem code="IT4035756" rank="19" referenceName="Packed product information - Gross weight per piece"/><CSItem code="IT4035764" rank="20" referenceName="Outerpack information - Height"/><CSItem code="IT4031520" rank="21" referenceName="Product description - Base"/><CSItem code="IT4035760" rank="22" referenceName="Packed product information - Height"/><CSItem code="IT4035762" rank="23" referenceName="Outerpack information - Length"/><CSItem code="IT4034965" rank="24" referenceName="Product description - Designation"/><CSItem code="IT4035758" rank="25" referenceName="Packed product information - Length"/><CSItem code="IT4035763" rank="26" referenceName="Outerpack information - Width"/><CSItem code="IT4035759" rank="27" referenceName="Packed product information - Width"/><CSItem code="IT4036935" rank="28" referenceName="Outerpack information - Gross weight per piece"/><CSItem code="IT4040440" rank="29" referenceName="Packed product information - MOQ (for professionals)"/><CSItem code="IT4040439" rank="30" referenceName="Packed product information - Pack Quantity"/></CSItems></Purpose><Purpose type="Detail"><Features><Feature code="F400088318" rank="1" referenceName="Up to 130% more brightness-lamps"/><Feature code="F400088319" rank="2" referenceName="Ultimate light performance"/><Feature code="F400088321" rank="3" referenceName="Significantly whiter light-lamps"/><Feature code="F400088328" rank="4" referenceName="A lifetime of safety-Lamps"/><Feature code="F400088326" rank="5" referenceName="More light and higher lifetime"/><Feature code="F400088324" rank="6" referenceName="Vibration resistant endurance"/><Feature code="F400088323" rank="7" referenceName="Safe road-legal headlights"/><Feature code="F400088322" rank="8" referenceName="Highest quality car lighting-lamps"/></Features><CSItems><CSItem code="IT4031508" rank="1" referenceName="Product description - Type"/><CSItem code="IT4031552" rank="2" referenceName="Electrical characteristics - Voltage"/><CSItem code="IT4000721" rank="3" referenceName="Packaging Data - Packaging type"/><CSItem code="IT4031492" rank="4" referenceName="Marketing specifications - Expected benefits"/><CSItem code="IT4031517" rank="5" referenceName="Product description - Application"/><CSItem code="IT4031498" rank="6" referenceName="Marketing specifications - Product highlight"/><CSItem code="IT4035428" rank="8" referenceName="Lifetime - Life time"/><CSItem code="IT4035427" rank="9" referenceName="Light characteristics - Lumens"/><CSItem code="IT4035592" rank="10" referenceName="Ordering information - Order entry"/><CSItem code="IT4044447" rank="11" referenceName="Electrical characteristics - Wattage"/><CSItem code="IT4031521" rank="12" referenceName="Product description - Homologation ECE"/><CSItem code="IT4035593" rank="13" referenceName="Ordering information - Ordering code"/><CSItem code="IT4035590" rank="14" referenceName="Packaging Data - EAN1"/><CSItem code="IT4029159" rank="15" referenceName="Light characteristics - Color temperature"/><CSItem code="IT4035591" rank="16" referenceName="Packaging Data - EAN3"/><CSItem code="IT4031519" rank="17" referenceName="Product description - Range"/><CSItem code="IT4031500" rank="18" referenceName="Product description - Technology"/><CSItem code="IT4035756" rank="19" referenceName="Packed product information - Gross weight per piece"/><CSItem code="IT4035764" rank="20" referenceName="Outerpack information - Height"/><CSItem code="IT4031520" rank="21" referenceName="Product description - Base"/><CSItem code="IT4035760" rank="22" referenceName="Packed product information - Height"/><CSItem code="IT4035762" rank="23" referenceName="Outerpack information - Length"/><CSItem code="IT4034965" rank="24" referenceName="Product description - Designation"/><CSItem code="IT4035758" rank="25" referenceName="Packed product information - Length"/><CSItem code="IT4035763" rank="26" referenceName="Outerpack information - Width"/><CSItem code="IT4035759" rank="27" referenceName="Packed product information - Width"/><CSItem code="IT4036935" rank="28" referenceName="Outerpack information - Gross weight per piece"/><CSItem code="IT4040440" rank="29" referenceName="Packed product information - MOQ (for professionals)"/><CSItem code="IT4040439" rank="30" referenceName="Packed product information - Pack Quantity"/></CSItems></Purpose></Filters><FeatureCompareGroups/><Disclaimers/><RichTexts/></Product></Products>