<?xml version="1.0" encoding="UTF-8"?><Products xmlns:source="http://apache.org/cocoon/source/1.0" DocStatus="approved" DocTimeStamp="2018-10-19T09:19:04"><Product IsAccessory="false" IsMaster="true" lastModified="2018-06-06T00:45:09" masterLastModified="2018-06-06T00:40:37"><CTN>GC2997/40</CTN><MarketingVersion>15.1.1</MarketingVersion><MarketingStatus>Final Published</MarketingStatus><CRDate>2017-01-27</CRDate><CRDateYW>201704</CRDateYW><ModelYears><ModelYear>2017</ModelYear></ModelYears><ProductDivision><ProductDivisionCode>0200</ProductDivisionCode><ProductDivisionName>Consumer Lifestyle</ProductDivisionName><FormerPDCode>0300</FormerPDCode></ProductDivision><ProductOwner>Berkay Bircan</ProductOwner><DTN>GC2997/40</DTN><Catalog><StartOfPublication>2017-04-01T00:00:00</StartOfPublication><EndOfPublication>2021-02-27T00:00:00</EndOfPublication><StartOfSales>2017-04-01T00:00:00</StartOfSales><EndOfSales>2021-02-27T00:00:00</EndOfSales><DummyPrice/><Deleted>false</Deleted><DeleteAfterDate/><ProductRank>50</ProductRank></Catalog><FinancialCategorization><BusinessGroupCode>9042</BusinessGroupCode><BusinessGroupName>Domestic Appliances</BusinessGroupName><BusinessUnitCode>0352</BusinessUnitCode><BusinessUnitName>Garment Care</BusinessUnitName><MainArticleGroupCode>E34</MainArticleGroupCode><MainArticleGroupName>Dry/Travel/Steam irons</MainArticleGroupName><ArticleGroupCode>3426</ArticleGroupCode><ArticleGroupName>2000 series: basic irons</ArticleGroupName></FinancialCategorization><Categorization type="CONSUMER"><GroupCode>HOUSEHOLD_PRODUCTS_GR</GroupCode><GroupName>Household products</GroupName><CategoryCode>IRONS_CA</CategoryCode><CategoryName>Ironing</CategoryName><SubcategoryCode>STEAM_IRONS_SU</SubcategoryCode><SubcategoryName>Steam Iron</SubcategoryName></Categorization><Assets><Asset code="GC2997_40" description="User manual" extension="pdf" lastModified="2018-09-07" locale="ru_RU" number="001" type="DFU">http://download.p4c.philips.com/files/g/gc2997_40/gc2997_40_dfu_rus.pdf</Asset><Asset code="GC2997_40" description="Important Information Manual" extension="pdf" lastModified="2018-10-12" locale="ru_RU" number="001" type="IIM">http://download.p4c.philips.com/files/g/gc2997_40/gc2997_40_iim_rus.pdf</Asset><Asset code="GC2997_40" description="Leaflet" extension="pdf" lastModified="2018-07-20" locale="ru_RU" number="001" type="PSS">http://download.p4c.philips.com/files/g/gc2997_40/gc2997_40_pss_rusru.pdf</Asset><Asset code="GC2997_40" description="Retail Trade Leaflet" extension="pdf" lastModified="2018-10-05" locale="ru_RU" number="001" type="RTL">http://download.p4c.philips.com/files/g/gc2997_40/gc2997_40_rtl_rusru.pdf</Asset><Asset code="GC2997_40" description="Leaflet" extension="pdf" lastModified="2018-07-20" locale="global" number="001" type="PSS">http://download.p4c.philips.com/files/g/gc2997_40/gc2997_40_pss_.pdf</Asset><Asset code="GC2997_40" description="Single product shot" extension="" lastModified="2018-06-06" locale="" number="" type="IMS">http://images.philips.com/is/image/PhilipsConsumer/GC2997_40-IMS-</Asset><Asset code="GC2997_40" description="Product gallery image set" extension="" lastModified="2018-06-06" locale="" number="" type="GAL">http://images.philips.com/is/image/PhilipsConsumer/GC2997_40-GAL-</Asset><Asset code="F400083089" description="Feature photograph - highres 2100x1170" extension="tif" lastModified="2017-06-30" locale="global" number="001" type="FIL">http://images.philips.com/is/image/PhilipsConsumer/F400083089-FIL-global-001</Asset><Asset code="F400083090" description="Feature photograph - highres 2100x1170" extension="tif" lastModified="2017-06-30" locale="global" number="001" type="FIL">http://images.philips.com/is/image/PhilipsConsumer/F400083090-FIL-global-001</Asset><Asset code="F400083092" description="Feature photograph - highres 2100x1170" extension="tif" lastModified="2018-02-22" locale="global" number="001" type="FIL">http://images.philips.com/is/image/PhilipsConsumer/F400083092-FIL-global-001</Asset><Asset code="F400083093" description="Feature photograph - highres 2100x1170" extension="tif" lastModified="2017-09-11" locale="global" number="001" type="FIL">http://images.philips.com/is/image/PhilipsConsumer/F400083093-FIL-global-001</Asset><Asset code="F400083094" description="Feature photograph - highres 2100x1170" extension="tif" lastModified="2017-06-30" locale="global" number="001" type="FIL">http://images.philips.com/is/image/PhilipsConsumer/F400083094-FIL-global-001</Asset><Asset code="F400083095" description="Feature photograph - highres 2100x1170" extension="tif" lastModified="2017-06-30" locale="global" number="001" type="FIL">http://images.philips.com/is/image/PhilipsConsumer/F400083095-FIL-global-001</Asset><Asset code="F400083096" description="Feature photograph - highres 2100x1170" extension="tif" lastModified="2017-06-30" locale="global" number="001" type="FIL">http://images.philips.com/is/image/PhilipsConsumer/F400083096-FIL-global-001</Asset><Asset code="F400083100" description="Feature photograph - highres 2100x1170" extension="tif" lastModified="2017-06-30" locale="global" number="001" type="FIL">http://images.philips.com/is/image/PhilipsConsumer/F400083100-FIL-global-001</Asset><Asset code="F400083102" description="Feature photograph - highres 2100x1170" extension="tif" lastModified="2018-02-22" locale="global" number="001" type="FIL">http://images.philips.com/is/image/PhilipsConsumer/F400083102-FIL-global-001</Asset><Asset code="F400083109" description="Feature photograph - highres 2100x1170" extension="tif" lastModified="2018-09-26" locale="global" number="001" type="FIL">http://images.philips.com/is/image/PhilipsConsumer/F400083109-FIL-global-001</Asset><Asset code="GA_GREEN" description="needs to be blocked as code in CCR Global award logo - master" extension="eps" lastModified="2010-09-22" locale="global" number="001" type="GAL">GA_GREEN-GAL-global-001.eps</Asset><Asset code="GA_GREEN" description="Global award logo - highres 590x590" extension="tif" lastModified="2010-09-22" locale="global" number="001" type="GAP">http://images.philips.com/is/image/PhilipsConsumer/GA_GREEN-GAP-global-001</Asset><Asset code="PHI" description="Brand logo - highres 1476x886" extension="tif" lastModified="2016-02-18" locale="global" number="001" type="BRP">http://images.philips.com/is/image/PhilipsConsumer/PHI-BRP-global-001</Asset></Assets><ProductName>2400 W 40 g/min continuous steam Steam iron</ProductName><FullProductName>Philips PowerLife Steam iron GC2997/40 2400 W 40 g/min continuous steam 160 g steam boost SteamGlide soleplate</FullProductName><NamingString><MasterBrand><BrandCode>PHI</BrandCode><BrandName>Philips</BrandName></MasterBrand><BrandString>Philips</BrandString><Family><FamilyCode>SB30000106</FamilyCode><FamilyName>PowerLife</FamilyName><FamilyNameUsed>1</FamilyNameUsed></Family><Descriptor><DescriptorCode>NSD_000016</DescriptorCode><DescriptorName>Steam iron</DescriptorName></Descriptor><Alphanumeric>GC2997/40</Alphanumeric><VersionElement1><VersionElementCode>V4004934</VersionElementCode><VersionElementName>2400 W</VersionElementName></VersionElement1><VersionElement2><VersionElementCode>V4043879</VersionElementCode><VersionElementName>40 g/min continuous steam</VersionElementName></VersionElement2><VersionElement3><VersionElementCode>V4023888</VersionElementCode><VersionElementName>160 g steam boost</VersionElementName></VersionElement3><VersionElement4><VersionElementCode>V4013641</VersionElementCode><VersionElementName>SteamGlide soleplate</VersionElementName></VersionElement4><VersionString>2400 W 40 g/min continuous steam 160 g steam boost SteamGlide soleplate</VersionString><BrandedFeatureString/><DescriptorBrandedFeatureString>Steam iron</DescriptorBrandedFeatureString></NamingString><WOW>Built to perform, day after day</WOW><SubWOW>4x longer life with SteamGlide soleplate*</SubWOW><MarketingTextHeader>For great results day after day, you want an iron that never lets you down. With its anti-scratch SteamGlide soleplate, high consistent steam output and integrated calc-clean, this high quality iron gives you performance that lasts.</MarketingTextHeader><KeyBenefitArea><KeyBenefitAreaCode>K4034044</KeyBenefitAreaCode><KeyBenefitAreaName>Fast &amp; powerful crease removal</KeyBenefitAreaName><KeyBenefitAreaRank>1</KeyBenefitAreaRank><Feature><FeatureCode>F400083100</FeatureCode><FeatureReferenceName>2400 W to heat up quickly</FeatureReferenceName><FeatureName>2400 W to heat up quickly</FeatureName><FeatureLongDescription>2400 W to heat up quickly</FeatureLongDescription><FeatureGlossary>Delivers a fast warm-up and powerful performance.</FeatureGlossary><FeatureRank>1</FeatureRank><FeatureTopRank>1</FeatureTopRank></Feature><Feature><FeatureCode>F400083102</FeatureCode><FeatureReferenceName>Steam boost up to 160 g-DV</FeatureReferenceName><FeatureName>Steam boost up to 160 g</FeatureName><FeatureLongDescription>Up to 160 g steam boost blasts stubborn creases</FeatureLongDescription><FeatureGlossary>Penetrates deeper into fabrics to easily remove stubborn creases.</FeatureGlossary><FeatureRank>2</FeatureRank><FeatureTopRank>2</FeatureTopRank></Feature><Feature><FeatureCode>F400083089</FeatureCode><FeatureReferenceName>Continuous steam up to 40g/min</FeatureReferenceName><FeatureName>Continuous steam up to 40g/min</FeatureName><FeatureLongDescription>Steam output up to 40 g/min for strong, steady performance</FeatureLongDescription><FeatureGlossary>Strong and consistent steam output to remove creases faster</FeatureGlossary><FeatureRank>3</FeatureRank><FeatureTopRank>3</FeatureTopRank></Feature><Feature><FeatureCode>F400083090</FeatureCode><FeatureReferenceName>Vertical steam-hang</FeatureReferenceName><FeatureName>Vertical steam</FeatureName><FeatureLongDescription>Vertical steaming for hanging fabrics</FeatureLongDescription><FeatureGlossary>The vertical steam function lets you refresh garments right on the hanger and remove creases from curtains as they hang. No ironing board required.</FeatureGlossary><FeatureRank>4</FeatureRank><FeatureTopRank>4</FeatureTopRank></Feature></KeyBenefitArea><KeyBenefitArea><KeyBenefitAreaCode>K4007527</KeyBenefitAreaCode><KeyBenefitAreaName>Long lasting performance</KeyBenefitAreaName><KeyBenefitAreaRank>2</KeyBenefitAreaRank><Feature><FeatureCode>F400083092</FeatureCode><FeatureReferenceName>SteamGlide soleplate-resistance</FeatureReferenceName><FeatureName>SteamGlide soleplate</FeatureName><FeatureLongDescription>SteamGlide soleplate – superior gliding &amp; scratch resistance</FeatureLongDescription><FeatureGlossary>Our exclusive SteamGlide soleplate moves smoothly over any fabric. A durable, 5-layer coating – including anti-corrosive base – makes it last longer. Non-stick, scratch-resistant and easy to keep clean.</FeatureGlossary><FeatureRank>1</FeatureRank><FeatureTopRank>5</FeatureTopRank></Feature><Feature><FeatureCode>F400083093</FeatureCode><FeatureReferenceName>Built-in calc-clean slider-long</FeatureReferenceName><FeatureName>Built-in calc-clean slider</FeatureName><FeatureLongDescription>Built-in calc-clean slider, long-lasting steam performance</FeatureLongDescription><FeatureGlossary>This iron operates with ordinary tap water. Calc-clean is a built-in cleaning function to remove calcium buildup, or limescale, and maintain peak performance.</FeatureGlossary><FeatureRank>2</FeatureRank><FeatureTopRank>6</FeatureTopRank></Feature><Feature><FeatureCode>F400083094</FeatureCode><FeatureReferenceName>Quality-tested cord-safety</FeatureReferenceName><FeatureName>Quality-tested cord</FeatureName><FeatureLongDescription>Tested cord for maximum durability and safety</FeatureLongDescription><FeatureGlossary>All our steam iron cords are rigorously tested for maximum safety and durability.</FeatureGlossary><FeatureRank>3</FeatureRank><FeatureTopRank>7</FeatureTopRank></Feature></KeyBenefitArea><KeyBenefitArea><KeyBenefitAreaCode>KBA_0000085</KeyBenefitAreaCode><KeyBenefitAreaName>Comfortable ironing</KeyBenefitAreaName><KeyBenefitAreaRank>3</KeyBenefitAreaRank><Feature><FeatureCode>F400083109</FeatureCode><FeatureReferenceName>A) Automatic shut-off</FeatureReferenceName><FeatureName>Automatic shut-off</FeatureName><FeatureLongDescription>Automatic shut-off when iron is left unattended</FeatureLongDescription><FeatureGlossary>The iron shuts itself off if you leave it standing still. On its heel rest, it will automatically switch off in 8 minutes. Lying flat, it shuts down after 30 seconds motionless.</FeatureGlossary><FeatureRank>1</FeatureRank><FeatureTopRank>8</FeatureTopRank></Feature><Feature><FeatureCode>F400083095</FeatureCode><FeatureReferenceName>No more messy dripping</FeatureReferenceName><FeatureName>No more messy dripping</FeatureName><FeatureLongDescription>Drip-stop keeps garments spotless while ironing</FeatureLongDescription><FeatureGlossary>Our Drip Stop system lets you iron delicate fabrics at low temperatures with confidence. There’s no need to worry about water droplets causing stains.</FeatureGlossary><FeatureRank>2</FeatureRank><FeatureTopRank>9</FeatureTopRank></Feature><Feature><FeatureCode>F400083096</FeatureCode><FeatureReferenceName>Comfortable handle</FeatureReferenceName><FeatureName>Comfortable handle</FeatureName><FeatureLongDescription>Comfortable, textured handle for easy grip</FeatureLongDescription><FeatureGlossary>A textured handle ensures you a comfortable, ergonomic grip, so you can keep hold of the iron without ever slipping.</FeatureGlossary><FeatureRank>3</FeatureRank><FeatureTopRank>10</FeatureTopRank></Feature></KeyBenefitArea><FeatureImage><FeatureCode>F400083100</FeatureCode><FeatureReferenceName>2400 W to heat up quickly</FeatureReferenceName><FeatureImageRank>1</FeatureImageRank></FeatureImage><FeatureImage><FeatureCode>F400083102</FeatureCode><FeatureReferenceName>Steam boost up to 160 g-DV</FeatureReferenceName><FeatureImageRank>2</FeatureImageRank></FeatureImage><FeatureImage><FeatureCode>F400083089</FeatureCode><FeatureReferenceName>Continuous steam up to 40g/min</FeatureReferenceName><FeatureImageRank>3</FeatureImageRank></FeatureImage><FeatureImage><FeatureCode>F400083090</FeatureCode><FeatureReferenceName>Vertical steam-hang</FeatureReferenceName><FeatureImageRank>4</FeatureImageRank></FeatureImage><FeatureImage><FeatureCode>F400083092</FeatureCode><FeatureReferenceName>SteamGlide soleplate-resistance</FeatureReferenceName><FeatureImageRank>5</FeatureImageRank></FeatureImage><FeatureImage><FeatureCode>F400083093</FeatureCode><FeatureReferenceName>Built-in calc-clean slider-long</FeatureReferenceName><FeatureImageRank>6</FeatureImageRank></FeatureImage><FeatureImage><FeatureCode>F400083094</FeatureCode><FeatureReferenceName>Quality-tested cord-safety</FeatureReferenceName><FeatureImageRank>7</FeatureImageRank></FeatureImage><FeatureImage><FeatureCode>F400083109</FeatureCode><FeatureReferenceName>A) Automatic shut-off</FeatureReferenceName><FeatureImageRank>8</FeatureImageRank></FeatureImage><FeatureImage><FeatureCode>F400083095</FeatureCode><FeatureReferenceName>No more messy dripping</FeatureReferenceName><FeatureImageRank>9</FeatureImageRank></FeatureImage><FeatureImage><FeatureCode>F400083096</FeatureCode><FeatureReferenceName>Comfortable handle</FeatureReferenceName><FeatureImageRank>10</FeatureImageRank></FeatureImage><FeatureHighlight><FeatureCode>F400083100</FeatureCode><FeatureReferenceName>2400 W to heat up quickly</FeatureReferenceName><FeatureHighlightRank>1</FeatureHighlightRank></FeatureHighlight><FeatureHighlight><FeatureCode>F400083102</FeatureCode><FeatureReferenceName>Steam boost up to 160 g-DV</FeatureReferenceName><FeatureHighlightRank>2</FeatureHighlightRank></FeatureHighlight><FeatureHighlight><FeatureCode>F400083089</FeatureCode><FeatureReferenceName>Continuous steam up to 40g/min</FeatureReferenceName><FeatureHighlightRank>3</FeatureHighlightRank></FeatureHighlight><FeatureHighlight><FeatureCode>F400083090</FeatureCode><FeatureReferenceName>Vertical steam-hang</FeatureReferenceName><FeatureHighlightRank>4</FeatureHighlightRank></FeatureHighlight><FeatureHighlight><FeatureCode>F400083092</FeatureCode><FeatureReferenceName>SteamGlide soleplate-resistance</FeatureReferenceName><FeatureHighlightRank>5</FeatureHighlightRank></FeatureHighlight><FeatureHighlight><FeatureCode>F400083093</FeatureCode><FeatureReferenceName>Built-in calc-clean slider-long</FeatureReferenceName><FeatureHighlightRank>6</FeatureHighlightRank></FeatureHighlight><FeatureHighlight><FeatureCode>F400083094</FeatureCode><FeatureReferenceName>Quality-tested cord-safety</FeatureReferenceName><FeatureHighlightRank>7</FeatureHighlightRank></FeatureHighlight><FeatureHighlight><FeatureCode>F400083109</FeatureCode><FeatureReferenceName>A) Automatic shut-off</FeatureReferenceName><FeatureHighlightRank>8</FeatureHighlightRank></FeatureHighlight><FeatureHighlight><FeatureCode>F400083095</FeatureCode><FeatureReferenceName>No more messy dripping</FeatureReferenceName><FeatureHighlightRank>9</FeatureHighlightRank></FeatureHighlight><FeatureHighlight><FeatureCode>F400083096</FeatureCode><FeatureReferenceName>Comfortable handle</FeatureReferenceName><FeatureHighlightRank>10</FeatureHighlightRank></FeatureHighlight><CSChapter><CSChapterCode>CHA_0000026</CSChapterCode><CSChapterName>Easy to use</CSChapterName><CSChapterRank>1</CSChapterRank><CSItem><CSItemCode>IT4040040</CSItemCode><CSItemName>Drip Stop</CSItemName><CSItemRank>1</CSItemRank><CSItemIsFreeFormat>0</CSItemIsFreeFormat><CSValue><CSValueCode>VA4093460</CSValueCode><CSValueName>Yes</CSValueName><CSValueRank>1</CSValueRank></CSValue></CSItem><CSItem><CSItemCode>IT4015745</CSItemCode><CSItemName>Safety auto off</CSItemName><CSItemRank>2</CSItemRank><CSItemIsFreeFormat>0</CSItemIsFreeFormat><CSValue><CSValueCode>VA4031422</CSValueCode><CSValueName>Yes</CSValueName><CSValueRank>5</CSValueRank></CSValue></CSItem><CSItem><CSItemCode>IT4015768</CSItemCode><CSItemName>Water tank capacity</CSItemName><CSItemRank>3</CSItemRank><CSItemIsFreeFormat>1</CSItemIsFreeFormat><CSValue><CSValueCode>VA4031461</CSValueCode><CSValueName>320</CSValueName><CSValueRank>1</CSValueRank></CSValue><UnitOfMeasure><UnitOfMeasureCode>4000012</UnitOfMeasureCode><UnitOfMeasureName>-ml</UnitOfMeasureName><UnitOfMeasureSymbol>ml</UnitOfMeasureSymbol></UnitOfMeasure></CSItem><CSItem><CSItemCode>IT4020774</CSItemCode><CSItemName>Extra large filling hole</CSItemName><CSItemRank>4</CSItemRank><CSItemIsFreeFormat>0</CSItemIsFreeFormat><CSValue><CSValueCode>VA4050543</CSValueCode><CSValueName>Yes</CSValueName><CSValueRank>3</CSValueRank></CSValue></CSItem><CSItem><CSItemCode>IT4040058</CSItemCode><CSItemName>Extra stable heel rest</CSItemName><CSItemRank>5</CSItemRank><CSItemIsFreeFormat>0</CSItemIsFreeFormat><CSValue><CSValueCode>VA4093472</CSValueCode><CSValueName>Yes</CSValueName><CSValueRank>7</CSValueRank></CSValue></CSItem><CSItem><CSItemCode>IT4040045</CSItemCode><CSItemName>Tap water suitable</CSItemName><CSItemRank>6</CSItemRank><CSItemIsFreeFormat>0</CSItemIsFreeFormat><CSValue><CSValueCode>VA4093464</CSValueCode><CSValueName>Yes</CSValueName><CSValueRank>8</CSValueRank></CSValue></CSItem><CSItem><CSItemCode>IT4039948</CSItemCode><CSItemName>Soleplate name</CSItemName><CSItemRank>7</CSItemRank><CSItemIsFreeFormat>0</CSItemIsFreeFormat><CSValue><CSValueCode>VA4093329</CSValueCode><CSValueName>SteamGlide</CSValueName><CSValueRank>9</CSValueRank></CSValue></CSItem></CSChapter><CSChapter><CSChapterCode>CH4008281</CSChapterCode><CSChapterName>Fast crease removal</CSChapterName><CSChapterRank>2</CSChapterRank><CSItem><CSItemCode>IT4039941</CSItemCode><CSItemName>Water spray</CSItemName><CSItemRank>1</CSItemRank><CSItemIsFreeFormat>0</CSItemIsFreeFormat><CSValue><CSValueCode>VA4093319</CSValueCode><CSValueName>Yes</CSValueName><CSValueRank>4</CSValueRank></CSValue></CSItem><CSItem><CSItemCode>IT4039934</CSItemCode><CSItemName>Continuous steam</CSItemName><CSItemRank>2</CSItemRank><CSItemIsFreeFormat>1</CSItemIsFreeFormat><CSValue><CSValueCode>VA4093311</CSValueCode><CSValueName>40</CSValueName><CSValueRank>1</CSValueRank></CSValue><UnitOfMeasure><UnitOfMeasureCode>4000018</UnitOfMeasureCode><UnitOfMeasureName>-Gram / minute</UnitOfMeasureName><UnitOfMeasureSymbol>g/min</UnitOfMeasureSymbol></UnitOfMeasure></CSItem><CSItem><CSItemCode>IT4039933</CSItemCode><CSItemName>Power</CSItemName><CSItemRank>3</CSItemRank><CSItemIsFreeFormat>1</CSItemIsFreeFormat><CSValue><CSValueCode>VA4093310</CSValueCode><CSValueName>2400</CSValueName><CSValueRank>1</CSValueRank></CSValue><UnitOfMeasure><UnitOfMeasureCode>3000072</UnitOfMeasureCode><UnitOfMeasureName>watt</UnitOfMeasureName><UnitOfMeasureSymbol>W</UnitOfMeasureSymbol></UnitOfMeasure></CSItem><CSItem><CSItemCode>IT4039935</CSItemCode><CSItemName>Steam boost</CSItemName><CSItemRank>4</CSItemRank><CSItemIsFreeFormat>1</CSItemIsFreeFormat><CSValue><CSValueCode>VA4093312</CSValueCode><CSValueName>160</CSValueName><CSValueRank>1</CSValueRank></CSValue><UnitOfMeasure><UnitOfMeasureCode>4000006</UnitOfMeasureCode><UnitOfMeasureName>-Grams</UnitOfMeasureName><UnitOfMeasureSymbol>g</UnitOfMeasureSymbol></UnitOfMeasure></CSItem></CSChapter><CSChapter><CSChapterCode>CH4008282</CSChapterCode><CSChapterName>Green efficiency</CSChapterName><CSChapterRank>3</CSChapterRank><CSItem><CSItemCode>IT4039983</CSItemCode><CSItemName>User manual</CSItemName><CSItemRank>1</CSItemRank><CSItemIsFreeFormat>0</CSItemIsFreeFormat><CSValue><CSValueCode>VA4093373</CSValueCode><CSValueName>100% recycled paper</CSValueName><CSValueRank>6</CSValueRank></CSValue></CSItem></CSChapter><CSChapter><CSChapterCode>CHA_0000075</CSChapterCode><CSChapterName>Guarantee</CSChapterName><CSChapterRank>4</CSChapterRank><CSItem><CSItemCode>IT4039992</CSItemCode><CSItemName>2 year worldwide guarantee</CSItemName><CSItemRank>1</CSItemRank><CSItemIsFreeFormat>0</CSItemIsFreeFormat><CSValue><CSValueCode>VA4093403</CSValueCode><CSValueName>Yes</CSValueName><CSValueRank>2</CSValueRank></CSValue></CSItem></CSChapter><CSChapter><CSChapterCode>CH4008284</CSChapterCode><CSChapterName>Size and weight</CSChapterName><CSChapterRank>5</CSChapterRank><CSItem><CSItemCode>IT4040000</CSItemCode><CSItemName>Packaging dimensions (WxHxL)</CSItemName><CSItemRank>1</CSItemRank><CSItemIsFreeFormat>1</CSItemIsFreeFormat><CSValue><CSValueCode>VA4093411</CSValueCode><CSValueName>33.2x16.7x13.7</CSValueName><CSValueRank>1</CSValueRank></CSValue><UnitOfMeasure><UnitOfMeasureCode>3000039</UnitOfMeasureCode><UnitOfMeasureName>centimeter</UnitOfMeasureName><UnitOfMeasureSymbol>cm</UnitOfMeasureSymbol></UnitOfMeasure></CSItem><CSItem><CSItemCode>IT4039999</CSItemCode><CSItemName>Product dimensions (WxHxL)</CSItemName><CSItemRank>2</CSItemRank><CSItemIsFreeFormat>1</CSItemIsFreeFormat><CSValue><CSValueCode>VA4093410</CSValueCode><CSValueName>31.2x14.7x12.7</CSValueName><CSValueRank>1</CSValueRank></CSValue><UnitOfMeasure><UnitOfMeasureCode>3000039</UnitOfMeasureCode><UnitOfMeasureName>centimeter</UnitOfMeasureName><UnitOfMeasureSymbol>cm</UnitOfMeasureSymbol></UnitOfMeasure></CSItem><CSItem><CSItemCode>IT4039996</CSItemCode><CSItemName>Weight of iron</CSItemName><CSItemRank>3</CSItemRank><CSItemIsFreeFormat>1</CSItemIsFreeFormat><CSValue><CSValueCode>VA4093407</CSValueCode><CSValueName>1.255</CSValueName><CSValueRank>1</CSValueRank></CSValue><UnitOfMeasure><UnitOfMeasureCode>3000049</UnitOfMeasureCode><UnitOfMeasureName>kilogram</UnitOfMeasureName><UnitOfMeasureSymbol>kg</UnitOfMeasureSymbol></UnitOfMeasure></CSItem></CSChapter><CSChapter><CSChapterCode>CH4008283</CSChapterCode><CSChapterName>Scale management</CSChapterName><CSChapterRank>6</CSChapterRank><CSItem><CSItemCode>IT4039985</CSItemCode><CSItemName>Descaling and cleaning</CSItemName><CSItemRank>1</CSItemRank><CSItemIsFreeFormat>0</CSItemIsFreeFormat><CSValue><CSValueCode>VA4098722</CSValueCode><CSValueName>Built-in Calc Clean Slider</CSValueName><CSValueRank>10</CSValueRank></CSValue></CSItem></CSChapter><Filters><Purpose type="Comparison"><Features><Feature code="F400083100" rank="1" referenceName="2400 W to heat up quickly"/><Feature code="F400083102" rank="2" referenceName="Steam boost up to 160 g-DV"/><Feature code="F400083089" rank="3" referenceName="Continuous steam up to 40g/min"/><Feature code="F400083090" rank="4" referenceName="Vertical steam-hang"/><Feature code="F400083092" rank="5" referenceName="SteamGlide soleplate-resistance"/><Feature code="F400083093" rank="6" referenceName="Built-in calc-clean slider-long"/><Feature code="F400083094" rank="7" referenceName="Quality-tested cord-safety"/><Feature code="F400083109" rank="8" referenceName="A) Automatic shut-off"/><Feature code="F400083095" rank="9" referenceName="No more messy dripping"/><Feature code="F400083096" rank="10" referenceName="Comfortable handle"/></Features><CSItems><CSItem code="IT4040040" rank="1" referenceName="Easy to use - Drip Stop"/><CSItem code="IT4039941" rank="1" referenceName="Fast crease removal - Water spray"/><CSItem code="IT4039983" rank="1" referenceName="Green efficiency - User manual"/><CSItem code="IT4039992" rank="1" referenceName="Guarantee - 2 year worldwide guarantee"/><CSItem code="IT4040000" rank="1" referenceName="Size and weight - Packaging dimensions (WxHxL)"/><CSItem code="IT4039985" rank="1" referenceName="Scale management - Descaling and cleaning"/><CSItem code="IT4015745" rank="2" referenceName="Easy to use - Safety auto off"/><CSItem code="IT4039934" rank="2" referenceName="Fast crease removal - Continuous steam"/><CSItem code="IT4039999" rank="2" referenceName="Size and weight - Product dimensions (WxHxL)"/><CSItem code="IT4015768" rank="3" referenceName="Easy to use - Water tank capacity"/><CSItem code="IT4039933" rank="3" referenceName="Fast crease removal - Power"/><CSItem code="IT4039996" rank="3" referenceName="Size and weight - Weight of iron"/><CSItem code="IT4020774" rank="4" referenceName="Easy to use - Extra large filling hole"/><CSItem code="IT4039935" rank="4" referenceName="Fast crease removal - Steam boost"/><CSItem code="IT4040058" rank="5" referenceName="Easy to use - Extra stable heel rest"/><CSItem code="IT4040045" rank="6" referenceName="Easy to use - Tap water suitable"/><CSItem code="IT4039948" rank="7" referenceName="Easy to use - Soleplate name"/></CSItems></Purpose><Purpose type="Detail"><Features><Feature code="F400083100" rank="1" referenceName="2400 W to heat up quickly"/><Feature code="F400083102" rank="2" referenceName="Steam boost up to 160 g-DV"/><Feature code="F400083089" rank="3" referenceName="Continuous steam up to 40g/min"/><Feature code="F400083090" rank="4" referenceName="Vertical steam-hang"/><Feature code="F400083092" rank="5" referenceName="SteamGlide soleplate-resistance"/><Feature code="F400083093" rank="6" referenceName="Built-in calc-clean slider-long"/><Feature code="F400083094" rank="7" referenceName="Quality-tested cord-safety"/><Feature code="F400083109" rank="8" referenceName="A) Automatic shut-off"/><Feature code="F400083095" rank="9" referenceName="No more messy dripping"/><Feature code="F400083096" rank="10" referenceName="Comfortable handle"/></Features><CSItems><CSItem code="IT4040040" rank="1" referenceName="Easy to use - Drip Stop"/><CSItem code="IT4039941" rank="1" referenceName="Fast crease removal - Water spray"/><CSItem code="IT4039983" rank="1" referenceName="Green efficiency - User manual"/><CSItem code="IT4039992" rank="1" referenceName="Guarantee - 2 year worldwide guarantee"/><CSItem code="IT4040000" rank="1" referenceName="Size and weight - Packaging dimensions (WxHxL)"/><CSItem code="IT4039985" rank="1" referenceName="Scale management - Descaling and cleaning"/><CSItem code="IT4015745" rank="2" referenceName="Easy to use - Safety auto off"/><CSItem code="IT4039934" rank="2" referenceName="Fast crease removal - Continuous steam"/><CSItem code="IT4039999" rank="2" referenceName="Size and weight - Product dimensions (WxHxL)"/><CSItem code="IT4015768" rank="3" referenceName="Easy to use - Water tank capacity"/><CSItem code="IT4039933" rank="3" referenceName="Fast crease removal - Power"/><CSItem code="IT4039996" rank="3" referenceName="Size and weight - Weight of iron"/><CSItem code="IT4020774" rank="4" referenceName="Easy to use - Extra large filling hole"/><CSItem code="IT4039935" rank="4" referenceName="Fast crease removal - Steam boost"/><CSItem code="IT4040058" rank="5" referenceName="Easy to use - Extra stable heel rest"/><CSItem code="IT4040045" rank="6" referenceName="Easy to use - Tap water suitable"/><CSItem code="IT4039948" rank="7" referenceName="Easy to use - Soleplate name"/></CSItems></Purpose></Filters><FeatureCompareGroups/><Disclaimers><Disclaimer code="DIS40011126" rank="1" referenceName="Tested vs. Philips non-stick soleplate"><DisclaimerText>Tested vs. Philips non-stick soleplate</DisclaimerText><DisclaimElements/></Disclaimer></Disclaimers><Award AwardType="global"><AwardCode>GA_GREEN</AwardCode><AwardName>Philips Green Logo</AwardName><AwardDescription>Philips Green Products can reduce costs, energy consumption and CO2 emissions. How? They offer a significant environmental improvement in one or more of the Philips Green Focal Areas – Energy efficiency, Packaging, Hazardous substances, Weight, Recycling and disposal and Lifetime reliability.</AwardDescription><AwardText>Philips Green Logo</AwardText><AwardRank>3</AwardRank></Award><ProductReference ProductReferenceType="Accessory"><CTN>GC010/00</CTN><ProductReferenceRank>0</ProductReferenceRank></ProductReference><ProductReference ProductReferenceType="Accessory"><CTN>GC012/00</CTN><ProductReferenceRank>0</ProductReferenceRank></ProductReference><RichTexts/></Product></Products>