<?xml version="1.0" encoding="UTF-8"?><Products xmlns:source="http://apache.org/cocoon/source/1.0" DocStatus="approved" DocTimeStamp="2018-10-19T09:19:04"><Product IsAccessory="false" IsMaster="true" lastModified="2018-07-21T00:34:38" masterLastModified="2018-01-11T00:50:08"><CTN>HD9220/30</CTN><MarketingVersion>2.0.1</MarketingVersion><MarketingStatus>Final Published</MarketingStatus><CRDate>2017-09-29</CRDate><CRDateYW>201739</CRDateYW><ModelYears><ModelYear>2017</ModelYear></ModelYears><ProductDivision><ProductDivisionCode>0200</ProductDivisionCode><ProductDivisionName>Consumer Lifestyle</ProductDivisionName><FormerPDCode>0300</FormerPDCode></ProductDivision><ProductOwner>Nene Shi</ProductOwner><DTN>HD9220/30</DTN><Catalog><StartOfPublication>2018-08-01T00:00:00</StartOfPublication><EndOfPublication>2021-10-29T00:00:00</EndOfPublication><StartOfSales>2018-08-01T00:00:00</StartOfSales><EndOfSales>2021-10-29T00:00:00</EndOfSales><DummyPrice/><Deleted>false</Deleted><DeleteAfterDate/><ProductRank>50</ProductRank></Catalog><FinancialCategorization><BusinessGroupCode>9042</BusinessGroupCode><BusinessGroupName>Domestic Appliances</BusinessGroupName><BusinessUnitCode>0341</BusinessUnitCode><BusinessUnitName>Philips brand Kitchen Appliances</BusinessUnitName><MainArticleGroupCode>E37</MainArticleGroupCode><MainArticleGroupName>Airfryers</MainArticleGroupName><ArticleGroupCode>1329</ArticleGroupCode><ArticleGroupName>Airfryers</ArticleGroupName></FinancialCategorization><Categorization type="CONSUMER"><GroupCode>HOUSEHOLD_PRODUCTS_GR</GroupCode><GroupName>Household products</GroupName><CategoryCode>COOKING_CA</CategoryCode><CategoryName>Cooking</CategoryName><SubcategoryCode>AIRFRYER_SU</SubcategoryCode><SubcategoryName>Airfryer</SubcategoryName></Categorization><Assets><Asset code="HD9220_30" description="Leaflet" extension="pdf" lastModified="2018-10-14" locale="ru_RU" number="001" type="PSS">http://download.p4c.philips.com/files/h/hd9220_30/hd9220_30_pss_rusru.pdf</Asset><Asset code="HD9220_30" description="Retail Trade Leaflet" extension="pdf" lastModified="2018-10-05" locale="ru_RU" number="001" type="RTL">http://download.p4c.philips.com/files/h/hd9220_30/hd9220_30_rtl_rusru.pdf</Asset><Asset code="HD9220_30" description="Leaflet" extension="pdf" lastModified="2018-10-14" locale="global" number="001" type="PSS">http://download.p4c.philips.com/files/h/hd9220_30/hd9220_30_pss_.pdf</Asset><Asset code="HD9220_30" description="Product In Use 1 - highres 2196x1795" extension="tif" lastModified="2018-10-12" locale="global" number="001" type="U1P">http://images.philips.com/is/image/PhilipsConsumer/HD9220_30-U1P-global-001</Asset><Asset code="HD9220_30" description="Product in use photograph - highres 2196x1795" extension="tif" lastModified="2018-10-12" locale="global" number="001" type="UPL">http://images.philips.com/is/image/PhilipsConsumer/HD9220_30-UPL-global-001</Asset><Asset code="HD9220_30" description="Single product shot" extension="" lastModified="2018-07-21" locale="" number="" type="IMS">http://images.philips.com/is/image/PhilipsConsumer/HD9220_30-IMS-</Asset><Asset code="HD9220_30" description="Product gallery image set" extension="" lastModified="2018-07-21" locale="" number="" type="GAL">http://images.philips.com/is/image/PhilipsConsumer/HD9220_30-GAL-</Asset><Asset code="F400048396" description="Feature photograph - highres 2100x1170" extension="tif" lastModified="2015-10-28" locale="global" number="001" type="FIL">http://images.philips.com/is/image/PhilipsConsumer/F400048396-FIL-global-001</Asset><Asset code="F400048402" description="Feature photograph - highres 2100x1170" extension="tif" lastModified="2016-04-20" locale="global" number="001" type="FIL">http://images.philips.com/is/image/PhilipsConsumer/F400048402-FIL-global-001</Asset><Asset code="F400053036" description="Feature photograph - highres 2100x1170" extension="tif" lastModified="2016-09-12" locale="global" number="001" type="FIL">http://images.philips.com/is/image/PhilipsConsumer/F400053036-FIL-global-001</Asset><Asset code="F400053038" description="Feature photograph - highres 2100x1170" extension="tif" lastModified="2016-09-12" locale="global" number="001" type="FIL">http://images.philips.com/is/image/PhilipsConsumer/F400053038-FIL-global-001</Asset><Asset code="F400053968" description="Feature photograph - highres 2100x1170" extension="tif" lastModified="2016-09-12" locale="global" number="001" type="FIL">http://images.philips.com/is/image/PhilipsConsumer/F400053968-FIL-global-001</Asset><Asset code="F400055268" description="Feature photograph - highres 2100x1170" extension="tif" lastModified="2016-01-20" locale="global" number="001" type="FIL">http://images.philips.com/is/image/PhilipsConsumer/F400055268-FIL-global-001</Asset><Asset code="PHI" description="Brand logo - highres 1476x886" extension="tif" lastModified="2016-02-18" locale="global" number="001" type="BRP">http://images.philips.com/is/image/PhilipsConsumer/PHI-BRP-global-001</Asset></Assets><ProductName>Low fat fryer Airfryer Rapid Air technology</ProductName><FullProductName>Philips Viva Collection Airfryer HD9220/30 Low fat fryer Multicooker Cashmere grey 800 g with Rapid Air technology</FullProductName><NamingString><MasterBrand><BrandCode>PHI</BrandCode><BrandName>Philips</BrandName></MasterBrand><BrandString>Philips</BrandString><Family><FamilyCode>SB40001145</FamilyCode><FamilyName>Viva Collection</FamilyName><FamilyNameUsed>1</FamilyNameUsed></Family><Descriptor><DescriptorCode>D4008660</DescriptorCode><DescriptorName>Airfryer</DescriptorName></Descriptor><Alphanumeric>HD9220/30</Alphanumeric><VersionElement1><VersionElementCode>V4019163</VersionElementCode><VersionElementName>Low fat fryer</VersionElementName></VersionElement1><VersionElement2><VersionElementCode>V4019164</VersionElementCode><VersionElementName>Multicooker</VersionElementName></VersionElement2><VersionElement3><VersionElementCode>V4021213</VersionElementCode><VersionElementName>Cashmere grey</VersionElementName></VersionElement3><VersionElement4><VersionElementCode>V4004948</VersionElementCode><VersionElementName>800 g</VersionElementName></VersionElement4><VersionString>Low fat fryer Multicooker Cashmere grey 800 g</VersionString><BrandedFeatureCode1>F400053036</BrandedFeatureCode1><BrandedFeatureString>with Rapid Air technology</BrandedFeatureString><DescriptorBrandedFeatureString>Airfryer with Rapid Air technology</DescriptorBrandedFeatureString></NamingString><WOW>The healthy way to fry!</WOW><SubWOW>With Rapid Air technology for the perfect results</SubWOW><MarketingTextHeader>Philips unique Rapid Air Technology lets you fry with air to make food that is crispy on the outside and tender on the inside. Little or no oil is needed to ensure perfect texture and delicious results!</MarketingTextHeader><KeyBenefitArea><KeyBenefitAreaCode>K4021057</KeyBenefitAreaCode><KeyBenefitAreaName>Healthy</KeyBenefitAreaName><KeyBenefitAreaRank>1</KeyBenefitAreaRank><Feature><FeatureCode>F400053036</FeatureCode><FeatureReferenceName>Rapid Air technology (US airfryer)</FeatureReferenceName><FeatureName>Rapid Air technology</FeatureName><FeatureLongDescription>Healthy frying with Rapid Air technology</FeatureLongDescription><FeatureGlossary>Using Rapid Air technology, the Airfryer circulates hot air around a metal mesh cooking basket, requiring little or no oil as it fries, bakes and grills. The starfish design on the bottom of the Airfryer facilitates air circulation, ensuring your favorite foods cook evenly.</FeatureGlossary><FeatureRank>3</FeatureRank><FeatureTopRank>1</FeatureTopRank></Feature><Feature><FeatureCode>F400055268</FeatureCode><FeatureReferenceName>Unique product design (Airfryer)</FeatureReferenceName><FeatureName>Unique product design</FeatureName><FeatureLongDescription>Unique design for delicious and low-fat cooking results</FeatureLongDescription><FeatureGlossary>Philips Airfryer's unique design which combines fast circulating superheated air, starfish design and optimal heating profile allows you to fry a variety of delicious meals in a fast, easy and healthier way without necessarily adding oil.</FeatureGlossary><FeatureRank>4</FeatureRank><FeatureTopRank>5</FeatureTopRank></Feature></KeyBenefitArea><KeyBenefitArea><KeyBenefitAreaCode>K4023695</KeyBenefitAreaCode><KeyBenefitAreaName>Fast and Easy</KeyBenefitAreaName><KeyBenefitAreaRank>2</KeyBenefitAreaRank><Feature><FeatureCode>F400053038</FeatureCode><FeatureReferenceName>Time and Temp control (US airfryer)</FeatureReferenceName><FeatureName>Time and Temp control</FeatureName><FeatureLongDescription>Manually adjustable time and temperature control</FeatureLongDescription><FeatureGlossary>Its integrated timer allows you to pre-set cooking times of up to 30 minutes. The auto-off function includes a "ready" sound indicator. The fully adjustable temperature control allows you to pre-set the best cooking temperature for your food up to 390 Fahrenheit. Enjoy crispy golden-brown fries, snacks, chicken, meat and more, all prepared at the right time and temperature for the best result!</FeatureGlossary><FeatureRank>5</FeatureRank><FeatureTopRank>2</FeatureTopRank></Feature><Feature><FeatureCode>F400053968</FeatureCode><FeatureReferenceName>Dishwasher safe parts (Airfryer US)</FeatureReferenceName><FeatureName>Dishwasher safe parts</FeatureName><FeatureLongDescription>Easy to clean and creates less smell than normal fryers</FeatureLongDescription><FeatureGlossary>The removable nonstick coated drawer and the food basket are dishwasher safe for a quick and easy clean up. Philips Airfryer with Rapid Air Technology saves you and your home from the smell of fried oil comparted to a regular fryer.</FeatureGlossary><FeatureRank>6</FeatureRank><FeatureTopRank>6</FeatureTopRank></Feature></KeyBenefitArea><KeyBenefitArea><KeyBenefitAreaCode>K4023735</KeyBenefitAreaCode><KeyBenefitAreaName>Tasty and Versatile</KeyBenefitAreaName><KeyBenefitAreaRank>3</KeyBenefitAreaRank><Feature><FeatureCode>F400048402</FeatureCode><FeatureReferenceName>Versatile cooking (Airfryer)</FeatureReferenceName><FeatureName>Versatile cooking</FeatureName><FeatureLongDescription>With the Airfryer you can fry, grill, roast and even bake</FeatureLongDescription><FeatureGlossary>Not just great for frying, the innovative Philips Airfryer with Rapid Air technology also lets you grill, bake and even roast your favorite dishes for a one stop solution for all of your meals.</FeatureGlossary><FeatureRank>2</FeatureRank><FeatureTopRank>3</FeatureTopRank></Feature><Feature><FeatureCode>F400048396</FeatureCode><FeatureReferenceName>International recipe booklet (Airfryer)</FeatureReferenceName><FeatureName>International recipe booklet</FeatureName><FeatureLongDescription>Recipe booklet full of inspiring recipes</FeatureLongDescription><FeatureGlossary>This recipe book created by culinary experts gives inspiration for a variety of low-fat fried food that you can cook in the Airfryer. It also introduces you to recipes that showcase the versatility of the appliance so that you can grill, bake and even roast food healthier, faster and more conveniently.</FeatureGlossary><FeatureRank>1</FeatureRank><FeatureTopRank>4</FeatureTopRank></Feature></KeyBenefitArea><FeatureImage><FeatureCode>F400053036</FeatureCode><FeatureReferenceName>Rapid Air technology (US airfryer)</FeatureReferenceName><FeatureImageRank>1</FeatureImageRank></FeatureImage><FeatureImage><FeatureCode>F400053038</FeatureCode><FeatureReferenceName>Time and Temp control (US airfryer)</FeatureReferenceName><FeatureImageRank>2</FeatureImageRank></FeatureImage><FeatureImage><FeatureCode>F400048402</FeatureCode><FeatureReferenceName>Versatile cooking (Airfryer)</FeatureReferenceName><FeatureImageRank>3</FeatureImageRank></FeatureImage><FeatureImage><FeatureCode>F400048396</FeatureCode><FeatureReferenceName>International recipe booklet (Airfryer)</FeatureReferenceName><FeatureImageRank>4</FeatureImageRank></FeatureImage><FeatureImage><FeatureCode>F400055268</FeatureCode><FeatureReferenceName>Unique product design (Airfryer)</FeatureReferenceName><FeatureImageRank>5</FeatureImageRank></FeatureImage><FeatureImage><FeatureCode>F400053968</FeatureCode><FeatureReferenceName>Dishwasher safe parts (Airfryer US)</FeatureReferenceName><FeatureImageRank>6</FeatureImageRank></FeatureImage><FeatureHighlight><FeatureCode>F400053036</FeatureCode><FeatureReferenceName>Rapid Air technology (US airfryer)</FeatureReferenceName><FeatureHighlightRank>1</FeatureHighlightRank></FeatureHighlight><FeatureHighlight><FeatureCode>F400053038</FeatureCode><FeatureReferenceName>Time and Temp control (US airfryer)</FeatureReferenceName><FeatureHighlightRank>2</FeatureHighlightRank></FeatureHighlight><FeatureHighlight><FeatureCode>F400048402</FeatureCode><FeatureReferenceName>Versatile cooking (Airfryer)</FeatureReferenceName><FeatureHighlightRank>3</FeatureHighlightRank></FeatureHighlight><FeatureHighlight><FeatureCode>F400048396</FeatureCode><FeatureReferenceName>International recipe booklet (Airfryer)</FeatureReferenceName><FeatureHighlightRank>4</FeatureHighlightRank></FeatureHighlight><FeatureHighlight><FeatureCode>F400055268</FeatureCode><FeatureReferenceName>Unique product design (Airfryer)</FeatureReferenceName><FeatureHighlightRank>5</FeatureHighlightRank></FeatureHighlight><FeatureHighlight><FeatureCode>F400053968</FeatureCode><FeatureReferenceName>Dishwasher safe parts (Airfryer US)</FeatureReferenceName><FeatureHighlightRank>6</FeatureHighlightRank></FeatureHighlight><CSChapter><CSChapterCode>CHA_0000009</CSChapterCode><CSChapterName>General specifications</CSChapterName><CSChapterRank>1</CSChapterRank><CSItem><CSItemCode>IT4038463</CSItemCode><CSItemName>Product features</CSItemName><CSItemRank>9</CSItemRank><CSItemIsFreeFormat>0</CSItemIsFreeFormat><CSValue><CSValueCode>VA4089461</CSValueCode><CSValueName>Automatic shut-off</CSValueName><CSValueRank>3</CSValueRank></CSValue><CSValue><CSValueCode>VA4089484</CSValueCode><CSValueName>Cool wall exterior</CSValueName><CSValueRank>5</CSValueRank></CSValue><CSValue><CSValueCode>VA4089459</CSValueCode><CSValueName>Cord storage</CSValueName><CSValueRank>6</CSValueRank></CSValue><CSValue><CSValueCode>VA4089458</CSValueCode><CSValueName>Ready signal</CSValueName><CSValueRank>7</CSValueRank></CSValue><CSValue><CSValueCode>VA4089457</CSValueCode><CSValueName>Temperature control</CSValueName><CSValueRank>8</CSValueRank></CSValue><CSValue><CSValueCode>VA4089460</CSValueCode><CSValueName>Non-slip feet</CSValueName><CSValueRank>9</CSValueRank></CSValue></CSItem><CSItem><CSItemCode>IT4042188</CSItemCode><CSItemName>Technology</CSItemName><CSItemRank>10</CSItemRank><CSItemIsFreeFormat>0</CSItemIsFreeFormat><CSValue><CSValueCode>VA4097682</CSValueCode><CSValueName>Rapid air technology</CSValueName><CSValueRank>1</CSValueRank></CSValue></CSItem><CSItem><CSItemCode>IT4042222</CSItemCode><CSItemName>Time control</CSItemName><CSItemRank>11</CSItemRank><CSItemIsFreeFormat>0</CSItemIsFreeFormat><CSValue><CSValueCode>VA4097739</CSValueCode><CSValueName>Up to 30 minutes</CSValueName><CSValueRank>2</CSValueRank></CSValue></CSItem></CSChapter><CSChapter><CSChapterCode>CHA_0000049</CSChapterCode><CSChapterName>Service</CSChapterName><CSChapterRank>2</CSChapterRank><CSItem><CSItemCode>IT4002813</CSItemCode><CSItemName>2-year guarantee</CSItemName><CSItemRank>6</CSItemRank><CSItemIsFreeFormat>0</CSItemIsFreeFormat><CSValue><CSValueCode>VA4011021</CSValueCode><CSValueName>Yes</CSValueName><CSValueRank>4</CSValueRank></CSValue></CSItem></CSChapter><CSChapter><CSChapterCode>3000956</CSChapterCode><CSChapterName>Technical specifications</CSChapterName><CSChapterRank>3</CSChapterRank><CSItem><CSItemCode>S_0000022</CSItemCode><CSItemName>Power</CSItemName><CSItemRank>5</CSItemRank><CSItemIsFreeFormat>1</CSItemIsFreeFormat><CSValue><CSValueCode>VA4007107</CSValueCode><CSValueName>1425</CSValueName><CSValueRank>1</CSValueRank></CSValue><UnitOfMeasure><UnitOfMeasureCode>3000072</UnitOfMeasureCode><UnitOfMeasureName>watt</UnitOfMeasureName><UnitOfMeasureSymbol>W</UnitOfMeasureSymbol></UnitOfMeasure></CSItem><CSItem><CSItemCode>S_0000026</CSItemCode><CSItemName>Voltage</CSItemName><CSItemRank>7</CSItemRank><CSItemIsFreeFormat>1</CSItemIsFreeFormat><CSValue><CSValueCode>VA4007111</CSValueCode><CSValueName>220</CSValueName><CSValueRank>1</CSValueRank></CSValue><UnitOfMeasure><UnitOfMeasureCode>3000071</UnitOfMeasureCode><UnitOfMeasureName>volt</UnitOfMeasureName><UnitOfMeasureSymbol>V</UnitOfMeasureSymbol></UnitOfMeasure></CSItem><CSItem><CSItemCode>S_0000027</CSItemCode><CSItemName>Frequency</CSItemName><CSItemRank>8</CSItemRank><CSItemIsFreeFormat>1</CSItemIsFreeFormat><CSValue><CSValueCode>VA4007112</CSValueCode><CSValueName>50/60</CSValueName><CSValueRank>1</CSValueRank></CSValue><UnitOfMeasure><UnitOfMeasureCode>3000045</UnitOfMeasureCode><UnitOfMeasureName>hertz</UnitOfMeasureName><UnitOfMeasureSymbol>Hz</UnitOfMeasureSymbol></UnitOfMeasure></CSItem><CSItem><CSItemCode>IT4042778</CSItemCode><CSItemName>Capacity basket</CSItemName><CSItemRank>12</CSItemRank><CSItemIsFreeFormat>1</CSItemIsFreeFormat><CSValue><CSValueCode>VA4098808</CSValueCode><CSValueName>28</CSValueName><CSValueRank>1</CSValueRank></CSValue><UnitOfMeasure><UnitOfMeasureCode>4000015</UnitOfMeasureCode><UnitOfMeasureName>-Ounces</UnitOfMeasureName><UnitOfMeasureSymbol>oz</UnitOfMeasureSymbol></UnitOfMeasure></CSItem></CSChapter><CSChapter><CSChapterCode>CHA_0000004</CSChapterCode><CSChapterName>Weight and dimensions</CSChapterName><CSChapterRank>4</CSChapterRank><CSItem><CSItemCode>IT4010199</CSItemCode><CSItemName>Dimensions of product (LxWxH)</CSItemName><CSItemRank>1</CSItemRank><CSItemIsFreeFormat>1</CSItemIsFreeFormat><CSValue><CSValueCode>VA4023910</CSValueCode><CSValueName>287 x 315 x 384</CSValueName><CSValueRank>1</CSValueRank></CSValue><UnitOfMeasure><UnitOfMeasureCode>3000058</UnitOfMeasureCode><UnitOfMeasureName>millimeter</UnitOfMeasureName><UnitOfMeasureSymbol>mm</UnitOfMeasureSymbol></UnitOfMeasure></CSItem><CSItem><CSItemCode>IT4010191</CSItemCode><CSItemName>Weight of product</CSItemName><CSItemRank>4</CSItemRank><CSItemIsFreeFormat>1</CSItemIsFreeFormat><CSValue><CSValueCode>VA4023901</CSValueCode><CSValueName>7</CSValueName><CSValueRank>1</CSValueRank></CSValue><UnitOfMeasure><UnitOfMeasureCode>3000049</UnitOfMeasureCode><UnitOfMeasureName>kilogram</UnitOfMeasureName><UnitOfMeasureSymbol>kg</UnitOfMeasureSymbol></UnitOfMeasure></CSItem></CSChapter><CSChapter><CSChapterCode>CHA_0000013</CSChapterCode><CSChapterName>Finishing</CSChapterName><CSChapterRank>5</CSChapterRank><CSItem><CSItemCode>IT4038930</CSItemCode><CSItemName>Material of main body</CSItemName><CSItemRank>2</CSItemRank><CSItemIsFreeFormat>1</CSItemIsFreeFormat><CSValue><CSValueCode>VA4090527</CSValueCode><CSValueName>Plastic</CSValueName><CSValueRank>1</CSValueRank></CSValue></CSItem></CSChapter><CSChapter><CSChapterCode>CHA_0000020</CSChapterCode><CSChapterName>Design and finishing</CSChapterName><CSChapterRank>6</CSChapterRank><CSItem><CSItemCode>IT4002890</CSItemCode><CSItemName>Color(s)</CSItemName><CSItemRank>3</CSItemRank><CSItemIsFreeFormat>1</CSItemIsFreeFormat><CSValue><CSValueCode>VA4009814</CSValueCode><CSValueName>Cashmere grey</CSValueName><CSValueRank>1</CSValueRank></CSValue></CSItem></CSChapter><Filters><Purpose type="Comparison"><Features><Feature code="F400053036" rank="1" referenceName="Rapid Air technology (US airfryer)"/><Feature code="F400053038" rank="2" referenceName="Time and Temp control (US airfryer)"/><Feature code="F400048402" rank="3" referenceName="Versatile cooking (Airfryer)"/><Feature code="F400048396" rank="4" referenceName="International recipe booklet (Airfryer)"/><Feature code="F400055268" rank="5" referenceName="Unique product design (Airfryer)"/><Feature code="F400053968" rank="6" referenceName="Dishwasher safe parts (Airfryer US)"/></Features><CSItems><CSItem code="IT4010199" rank="1" referenceName="Weight and dimensions - Dimensions of product (LxWxH)"/><CSItem code="IT4038930" rank="2" referenceName="Finishing - Material of main body"/><CSItem code="IT4002890" rank="3" referenceName="Design and finishing - Color(s)"/><CSItem code="IT4010191" rank="4" referenceName="Weight and dimensions - Weight of product"/><CSItem code="S_0000022" rank="5" referenceName="Technical specifications - Power"/><CSItem code="IT4002813" rank="6" referenceName="Service - 2-year guarantee"/><CSItem code="S_0000026" rank="7" referenceName="Technical specifications - Voltage"/><CSItem code="S_0000027" rank="8" referenceName="Technical specifications - Frequency"/><CSItem code="IT4038463" rank="9" referenceName="General specifications - Product features"/><CSItem code="IT4042188" rank="10" referenceName="General specifications - Technology"/><CSItem code="IT4042222" rank="11" referenceName="General specifications - Time control"/><CSItem code="IT4042778" rank="12" referenceName="Technical specifications - Capacity basket"/></CSItems></Purpose><Purpose type="Detail"><Features><Feature code="F400053036" rank="1" referenceName="Rapid Air technology (US airfryer)"/><Feature code="F400053038" rank="2" referenceName="Time and Temp control (US airfryer)"/><Feature code="F400048402" rank="3" referenceName="Versatile cooking (Airfryer)"/><Feature code="F400048396" rank="4" referenceName="International recipe booklet (Airfryer)"/><Feature code="F400055268" rank="5" referenceName="Unique product design (Airfryer)"/><Feature code="F400053968" rank="6" referenceName="Dishwasher safe parts (Airfryer US)"/></Features><CSItems><CSItem code="IT4010199" rank="1" referenceName="Weight and dimensions - Dimensions of product (LxWxH)"/><CSItem code="IT4038930" rank="2" referenceName="Finishing - Material of main body"/><CSItem code="IT4002890" rank="3" referenceName="Design and finishing - Color(s)"/><CSItem code="IT4010191" rank="4" referenceName="Weight and dimensions - Weight of product"/><CSItem code="S_0000022" rank="5" referenceName="Technical specifications - Power"/><CSItem code="IT4002813" rank="6" referenceName="Service - 2-year guarantee"/><CSItem code="S_0000026" rank="7" referenceName="Technical specifications - Voltage"/><CSItem code="S_0000027" rank="8" referenceName="Technical specifications - Frequency"/><CSItem code="IT4038463" rank="9" referenceName="General specifications - Product features"/><CSItem code="IT4042188" rank="10" referenceName="General specifications - Technology"/><CSItem code="IT4042222" rank="11" referenceName="General specifications - Time control"/><CSItem code="IT4042778" rank="12" referenceName="Technical specifications - Capacity basket"/></CSItems></Purpose></Filters><FeatureCompareGroups/><Disclaimers><Disclaimer code="DIS40003901" rank="1" referenceName="80% less fat airfryer"><DisclaimerText>Compared to fresh fries prepared in a conventional Philips fryer.</DisclaimerText><DisclaimElements/></Disclaimer></Disclaimers><ProductReference ProductReferenceType="Accessory"><CTN>CP9223/01</CTN><ProductReferenceRank>0</ProductReferenceRank></ProductReference><ProductReference ProductReferenceType="Accessory"><CTN>HD9904/00</CTN><ProductReferenceRank>0</ProductReferenceRank></ProductReference><ProductReference ProductReferenceType="Accessory"><CTN>HD9904/01</CTN><ProductReferenceRank>0</ProductReferenceRank></ProductReference><ProductReference ProductReferenceType="Accessory"><CTN>HD9909/00</CTN><ProductReferenceRank>0</ProductReferenceRank></ProductReference><ProductReference ProductReferenceType="Accessory"><CTN>HD9910/20</CTN><ProductReferenceRank>0</ProductReferenceRank></ProductReference><ProductReference ProductReferenceType="Accessory"><CTN>HD9910/21</CTN><ProductReferenceRank>0</ProductReferenceRank></ProductReference><ProductReference ProductReferenceType="Accessory"><CTN>HD9910/50</CTN><ProductReferenceRank>0</ProductReferenceRank></ProductReference><ProductReference ProductReferenceType="Accessory"><CTN>HD9925/00</CTN><ProductReferenceRank>0</ProductReferenceRank></ProductReference><ProductReference ProductReferenceType="Accessory"><CTN>HD9980/20</CTN><ProductReferenceRank>0</ProductReferenceRank></ProductReference><ProductReference ProductReferenceType="Accessory"><CTN>HD9980/25</CTN><ProductReferenceRank>0</ProductReferenceRank></ProductReference><ProductReference ProductReferenceType="Accessory"><CTN>HD9980/50</CTN><ProductReferenceRank>0</ProductReferenceRank></ProductReference><RichTexts/></Product></Products>