<?xml version="1.0" encoding="UTF-8"?><Products xmlns:source="http://apache.org/cocoon/source/1.0" DocStatus="approved" DocTimeStamp="2018-10-19T09:19:04"><Product IsAccessory="false" IsMaster="true" lastModified="2018-09-28T01:00:42" masterLastModified="2018-09-28T00:55:44"><CTN>8718696509708</CTN><Code12NC>929001127958</Code12NC><GTIN>8718696509708</GTIN><MarketingVersion>5.1.1</MarketingVersion><MarketingStatus>Final Published</MarketingStatus><CRDate>2017-01-06</CRDate><CRDateYW>201701</CRDateYW><ModelYears><ModelYear>2017</ModelYear></ModelYears><ProductDivision><ProductDivisionCode>0100</ProductDivisionCode><ProductDivisionName>Lighting</ProductDivisionName><FormerPDCode>0100</FormerPDCode></ProductDivision><ProductOwner>Mellissa van Heest - Cooijman</ProductOwner><DTN>8718696509708</DTN><Catalog><StartOfPublication>2017-02-06T00:00:00</StartOfPublication><EndOfPublication>2020-02-06T00:00:00</EndOfPublication><StartOfSales>2017-02-06T00:00:00</StartOfSales><EndOfSales>2020-02-06T00:00:00</EndOfSales><DummyPrice/><Deleted>false</Deleted><DeleteAfterDate/><ProductRank>50</ProductRank></Catalog><FinancialCategorization><BusinessGroupCode>9240</BusinessGroupCode><BusinessGroupName>LED</BusinessGroupName><BusinessUnitCode>0118</BusinessUnitCode><BusinessUnitName>LED Lamps</BusinessUnitName><MainArticleGroupCode>A13</MainArticleGroupCode><MainArticleGroupName>LED Spots</MainArticleGroupName><ArticleGroupCode>7022</ArticleGroupCode><ArticleGroupName>MR16 - Value</ArticleGroupName></FinancialCategorization><Categorization type="CONSUMER"><GroupCode>LIGHTING_GR</GroupCode><GroupName>Lighting</GroupName><CategoryCode>CHOOSE_A_BULB_CA</CategoryCode><CategoryName>Choose a bulb</CategoryName><SubcategoryCode>SPOT_BULB_SU</SubcategoryCode><SubcategoryName>Spot</SubcategoryName></Categorization><Assets><Asset code="8718696509708" description="Leaflet" extension="pdf" lastModified="2018-09-18" locale="ru_RU" number="001" type="PSS">http://download.p4c.philips.com/files/8/8718696509708/8718696509708_pss_rusru.pdf</Asset><Asset code="8718696509708" description="Retail Trade Leaflet" extension="pdf" lastModified="2018-10-05" locale="ru_RU" number="001" type="RTL">http://download.p4c.philips.com/files/8/8718696509708/8718696509708_rtl_rusru.pdf</Asset><Asset code="8718696509708" description="Emotional Benefit 1 - highres 2196x1795" extension="tif" lastModified="2018-03-09" locale="global" number="001" type="E1P">http://images.philips.com/is/image/PhilipsConsumer/8718696509708-E1P-global-001</Asset><Asset code="8718696509708" description="Emotional Benefit 2 - highres 2196x1795" extension="tif" lastModified="2018-03-14" locale="global" number="001" type="E2P">http://images.philips.com/is/image/PhilipsConsumer/8718696509708-E2P-global-001</Asset><Asset code="8718696509708" description="Emotional Benefit 3 - highres 2196x1795" extension="tif" lastModified="2018-04-24" locale="global" number="001" type="E3P">http://images.philips.com/is/image/PhilipsConsumer/8718696509708-E3P-global-001</Asset><Asset code="8718696509708" description="Emotional Benefit 4 - highres 2196x1795" extension="tif" lastModified="2018-04-23" locale="global" number="001" type="E4P">http://images.philips.com/is/image/PhilipsConsumer/8718696509708-E4P-global-001</Asset><Asset code="8718696509708" description="Energy Label - Rainbow " extension="pdf" lastModified="2017-05-23" locale="global" number="001" type="ELR">http://download.p4c.philips.com/files/8/8718696509708/8718696509708_elr_.pdf</Asset><Asset code="8718696509708" description="Packaging photograph - highres 1447x756" extension="tif" lastModified="2017-04-20" locale="global" number="001" type="PID">http://images.philips.com/is/image/PhilipsConsumer/8718696509708-PID-global-001</Asset><Asset code="8718696509708" description="Packaging photograph - master" extension="jpg" lastModified="2017-04-20" locale="global" number="001" type="PIM">http://download.p4c.philips.com/files/8/8718696509708/8718696509708_pim_.jpg</Asset><Asset code="8718696509708" description="Packaging photograph - small 90x65" extension="jpg" lastModified="2017-04-20" locale="global" number="001" type="PIS">http://download.p4c.philips.com/files/8/8718696509708/8718696509708_pis_.jpg</Asset><Asset code="8718696509708" description="Leaflet" extension="pdf" lastModified="2018-10-03" locale="global" number="001" type="PSS">http://download.p4c.philips.com/files/8/8718696509708/8718696509708_pss_.pdf</Asset><Asset code="8718696509708" description="Standard product photograph - highres 2196x1795" extension="tif" lastModified="2017-04-19" locale="global" number="001" type="RTP">http://images.philips.com/is/image/PhilipsConsumer/8718696509708-RTP-global-001</Asset><Asset code="8718696509708" description="Product in use photograph - highres 2196x1795" extension="tif" lastModified="2018-03-27" locale="global" number="001" type="UPL">http://images.philips.com/is/image/PhilipsConsumer/8718696509708-UPL-global-001</Asset><Asset code="8718696509708" description="Single product shot" extension="" lastModified="2018-09-28" locale="" number="" type="IMS">http://images.philips.com/is/image/PhilipsConsumer/8718696509708-IMS-</Asset><Asset code="8718696509708" description="Product gallery image set" extension="" lastModified="2018-09-28" locale="" number="" type="GAL">http://images.philips.com/is/image/PhilipsConsumer/8718696509708-GAL-</Asset><Asset code="F400082348" description="Feature photograph - highres 2100x1170" extension="tif" lastModified="2017-06-07" locale="global" number="001" type="FIL">http://images.philips.com/is/image/PhilipsConsumer/F400082348-FIL-global-001</Asset><Asset code="F400082363" description="Feature photograph - highres 2100x1170" extension="tif" lastModified="2017-06-07" locale="global" number="001" type="FIL">http://images.philips.com/is/image/PhilipsConsumer/F400082363-FIL-global-001</Asset><Asset code="F400082375" description="Feature photograph - highres 2100x1170" extension="tif" lastModified="2017-06-07" locale="global" number="001" type="FIL">http://images.philips.com/is/image/PhilipsConsumer/F400082375-FIL-global-001</Asset><Asset code="F400082416" description="Feature photograph - highres 2100x1170" extension="tif" lastModified="2017-06-07" locale="global" number="001" type="FIL">http://images.philips.com/is/image/PhilipsConsumer/F400082416-FIL-global-001</Asset><Asset code="F400082423" description="Feature photograph - highres 2100x1170" extension="tif" lastModified="2017-04-25" locale="global" number="001" type="FIL">http://images.philips.com/is/image/PhilipsConsumer/F400082423-FIL-global-001</Asset><Asset code="F400082434" description="Feature photograph - highres 2100x1170" extension="tif" lastModified="2017-06-07" locale="global" number="001" type="FIL">http://images.philips.com/is/image/PhilipsConsumer/F400082434-FIL-global-001</Asset><Asset code="F400082440" description="Feature photograph - highres 2100x1170" extension="tif" lastModified="2017-06-07" locale="global" number="001" type="FIL">http://images.philips.com/is/image/PhilipsConsumer/F400082440-FIL-global-001</Asset><Asset code="F400086860" description="Feature photograph - highres 2100x1170" extension="tif" lastModified="2018-06-08" locale="global" number="001" type="FIL">http://images.philips.com/is/image/PhilipsConsumer/F400086860-FIL-global-001</Asset><Asset code="PHI" description="Brand logo - highres 1476x886" extension="tif" lastModified="2016-02-18" locale="global" number="001" type="BRP">http://images.philips.com/is/image/PhilipsConsumer/PHI-BRP-global-001</Asset></Assets><ProductName>6.5W (35W) GU5.3 Warm Glow Spot (Dimmable)</ProductName><FullProductName>Philips LED Spot (Dimmable) 8718696509708 6.5W (35W) GU5.3 Warm Glow Dimmable</FullProductName><NamingString><MasterBrand><BrandCode>PHI</BrandCode><BrandName>Philips</BrandName></MasterBrand><BrandString>Philips</BrandString><Family><FamilyCode>SB40002784</FamilyCode><FamilyName>LED</FamilyName><FamilyNameUsed>1</FamilyNameUsed></Family><Descriptor><DescriptorCode>D4023107</DescriptorCode><DescriptorName>Spot (Dimmable)</DescriptorName></Descriptor><Alphanumeric>8718696509708</Alphanumeric><VersionElement1><VersionElementCode>V4036441</VersionElementCode><VersionElementName>6.5W (35W)</VersionElementName></VersionElement1><VersionElement2><VersionElementCode>D4013626</VersionElementCode><VersionElementName>GU5.3</VersionElementName></VersionElement2><VersionElement3><VersionElementCode>V4038040</VersionElementCode><VersionElementName>Warm Glow</VersionElementName></VersionElement3><VersionElement4><VersionElementCode>V4029030</VersionElementCode><VersionElementName>Dimmable</VersionElementName></VersionElement4><VersionString>6.5W (35W) GU5.3 Warm Glow Dimmable</VersionString><BrandedFeatureString/><DescriptorBrandedFeatureString>Spot (Dimmable)</DescriptorBrandedFeatureString></NamingString><WOW>The right light makes the moment</WOW><SubWOW>The more you dim the warmer the light</SubWOW><MarketingTextHeader>Philips LED spots with a warm glow dimming offer a new experience for dimmable LEDs. As these Philips spots can be dimmed to the warm tones of traditional bulbs, you can go from everyday functional lighting, to inviting to cozy atmospheres.</MarketingTextHeader><KeyBenefitArea><KeyBenefitAreaCode>K4034413</KeyBenefitAreaCode><KeyBenefitAreaName>Choose for high quality light</KeyBenefitAreaName><KeyBenefitAreaRank>1</KeyBenefitAreaRank><Feature><FeatureCode>F400082348</FeatureCode><FeatureReferenceName>Learn about light</FeatureReferenceName><FeatureName>Learn about light</FeatureName><FeatureLongDescription>Learn about light</FeatureLongDescription><FeatureGlossary>Color temperature: light can have different color temperatures, indicated in units called Kelvin (K). Bulbs with a low Kelvin value produce a warm, more tranquil light, while those with a higher Kelvin value produce a cool, more energizing light. CRI: the color rendering index (CRI) is used to describe the effect of a light source on color appearance. Natural sunlight has a CRI of 100. The CRI of Philips LED light bulbs is always higher than 80, which ensures colors are shown as true and natural.</FeatureGlossary><FeatureRank>1</FeatureRank><FeatureTopRank>1</FeatureTopRank></Feature><Feature><FeatureCode>F400082416</FeatureCode><FeatureReferenceName>Homogen beam pattern</FeatureReferenceName><FeatureName>Homogen beam pattern</FeatureName><FeatureLongDescription>Homogen beam pattern</FeatureLongDescription><FeatureGlossary>The Single Optic lens provides a superb light beam without the shadows that normally appear at the beam spread edge, as happens with traditional halogen spots.</FeatureGlossary><FeatureRank>6</FeatureRank><FeatureTopRank>2</FeatureTopRank></Feature></KeyBenefitArea><KeyBenefitArea><KeyBenefitAreaCode>K4034417</KeyBenefitAreaCode><KeyBenefitAreaName>Light beyond illumination</KeyBenefitAreaName><KeyBenefitAreaRank>2</KeyBenefitAreaRank><Feature><FeatureCode>F400082423</FeatureCode><FeatureReferenceName>WarmGlow dimming</FeatureReferenceName><FeatureName>WarmGlow dimming</FeatureName><FeatureLongDescription>Dims to a warm glow</FeatureLongDescription><FeatureGlossary>With this dimmable bulb, you can dim from a 2200k warm light to a 2700K light. The more you dim, the warmer the light.</FeatureGlossary><FeatureRank>5</FeatureRank><FeatureTopRank>3</FeatureTopRank></Feature></KeyBenefitArea><KeyBenefitArea><KeyBenefitAreaCode>K4034414</KeyBenefitAreaCode><KeyBenefitAreaName>Choose a simple replacement for your old bulbs</KeyBenefitAreaName><KeyBenefitAreaRank>3</KeyBenefitAreaRank><Feature><FeatureCode>F400082434</FeatureCode><FeatureReferenceName>No UV or Infra</FeatureReferenceName><FeatureName>No UV or IR</FeatureName><FeatureLongDescription>No UV or InfraRed</FeatureLongDescription><FeatureGlossary>The light has no infra-red component, so no heat is radiated. Also, there is no ultra-violet component in this light. These two characteristics mean that this light will not cause fabric and other items to fade.</FeatureGlossary><FeatureRank>7</FeatureRank><FeatureTopRank>7</FeatureTopRank></Feature></KeyBenefitArea><KeyBenefitArea><KeyBenefitAreaCode>K4034415</KeyBenefitAreaCode><KeyBenefitAreaName>Choose for a sustainable solution</KeyBenefitAreaName><KeyBenefitAreaRank>4</KeyBenefitAreaRank><Feature><FeatureCode>F400082363</FeatureCode><FeatureReferenceName>15,000-hour rated average life</FeatureReferenceName><FeatureName>15,000-hour rated average life</FeatureName><FeatureLongDescription>Long life bulbs - Lasts up to 15 years</FeatureLongDescription><FeatureGlossary>With a lifetime of up to 15,000 hours, you can reduce the hassle of frequently replacing your light bulbs, and enjoy a perfect lighting solution for over 15 years.</FeatureGlossary><FeatureRank>2</FeatureRank><FeatureTopRank>4</FeatureTopRank></Feature><Feature><FeatureCode>F400082440</FeatureCode><FeatureReferenceName>Saves up to 80% NRJ</FeatureReferenceName><FeatureName>Saves up to 80% energy</FeatureName><FeatureLongDescription>Better for your wallet and your planet</FeatureLongDescription><FeatureGlossary>LED technology saves up to 80% energy compared to your standard bulb. It therefore pays for itself and saves you money year after year. It also helps protect the environment.</FeatureGlossary><FeatureRank>4</FeatureRank><FeatureTopRank>5</FeatureTopRank></Feature></KeyBenefitArea><KeyBenefitArea><KeyBenefitAreaCode>K4034416</KeyBenefitAreaCode><KeyBenefitAreaName>Create the right light for your home</KeyBenefitAreaName><KeyBenefitAreaRank>5</KeyBenefitAreaRank><Feature><FeatureCode>F400082375</FeatureCode><FeatureReferenceName>36º beam - spot [LED lamps]</FeatureReferenceName><FeatureName>Perfect for accent lighting</FeatureName><FeatureLongDescription>Perfect for accent lighting</FeatureLongDescription><FeatureGlossary>Modern lighting with a familiar wide angle light output (36 degrees), this LED spot is suitable for both accent lighting and general purpose lighting. It can be used in recessed cans and track light fixtures, and is ideal for use in kitchens, kitchen island lighting, living rooms and dining rooms.</FeatureGlossary><FeatureRank>3</FeatureRank><FeatureTopRank>6</FeatureTopRank></Feature></KeyBenefitArea><KeyBenefitArea><KeyBenefitAreaCode>K4035547</KeyBenefitAreaCode><KeyBenefitAreaName>Comfortable LED light that is easy on your eyes</KeyBenefitAreaName><KeyBenefitAreaRank>6</KeyBenefitAreaRank><Feature><FeatureCode>F400086860</FeatureCode><FeatureReferenceName>EyeComfort [LED lums, Spots]</FeatureReferenceName><FeatureName>Gentle LEDs, easy on the eyes</FeatureName><FeatureLongDescription>Designed for the comfort of your eyes†</FeatureLongDescription><FeatureGlossary>It's easy to see how harsh lighting can strain the eyes. Too bright, and you get the glare. Too soft and you experience flicker. Now you can gently light up your world with LEDs designed to go easy on the eyes, and create the perfect ambience for your home.</FeatureGlossary><FeatureRank>1</FeatureRank><FeatureTopRank>8</FeatureTopRank></Feature></KeyBenefitArea><FeatureImage><FeatureCode>F400082348</FeatureCode><FeatureReferenceName>Learn about light</FeatureReferenceName><FeatureImageRank>1</FeatureImageRank></FeatureImage><FeatureImage><FeatureCode>F400082416</FeatureCode><FeatureReferenceName>Homogen beam pattern</FeatureReferenceName><FeatureImageRank>2</FeatureImageRank></FeatureImage><FeatureImage><FeatureCode>F400082423</FeatureCode><FeatureReferenceName>WarmGlow dimming</FeatureReferenceName><FeatureImageRank>3</FeatureImageRank></FeatureImage><FeatureImage><FeatureCode>F400082363</FeatureCode><FeatureReferenceName>15,000-hour rated average life</FeatureReferenceName><FeatureImageRank>4</FeatureImageRank></FeatureImage><FeatureImage><FeatureCode>F400082440</FeatureCode><FeatureReferenceName>Saves up to 80% NRJ</FeatureReferenceName><FeatureImageRank>5</FeatureImageRank></FeatureImage><FeatureImage><FeatureCode>F400082375</FeatureCode><FeatureReferenceName>36º beam - spot [LED lamps]</FeatureReferenceName><FeatureImageRank>6</FeatureImageRank></FeatureImage><FeatureImage><FeatureCode>F400082434</FeatureCode><FeatureReferenceName>No UV or Infra</FeatureReferenceName><FeatureImageRank>7</FeatureImageRank></FeatureImage><FeatureImage><FeatureCode>F400086860</FeatureCode><FeatureReferenceName>EyeComfort [LED lums, Spots]</FeatureReferenceName><FeatureImageRank>8</FeatureImageRank></FeatureImage><FeatureHighlight><FeatureCode>F400082348</FeatureCode><FeatureReferenceName>Learn about light</FeatureReferenceName><FeatureHighlightRank>1</FeatureHighlightRank></FeatureHighlight><FeatureHighlight><FeatureCode>F400082416</FeatureCode><FeatureReferenceName>Homogen beam pattern</FeatureReferenceName><FeatureHighlightRank>2</FeatureHighlightRank></FeatureHighlight><FeatureHighlight><FeatureCode>F400082423</FeatureCode><FeatureReferenceName>WarmGlow dimming</FeatureReferenceName><FeatureHighlightRank>3</FeatureHighlightRank></FeatureHighlight><FeatureHighlight><FeatureCode>F400082363</FeatureCode><FeatureReferenceName>15,000-hour rated average life</FeatureReferenceName><FeatureHighlightRank>4</FeatureHighlightRank></FeatureHighlight><FeatureHighlight><FeatureCode>F400082440</FeatureCode><FeatureReferenceName>Saves up to 80% NRJ</FeatureReferenceName><FeatureHighlightRank>5</FeatureHighlightRank></FeatureHighlight><FeatureHighlight><FeatureCode>F400082375</FeatureCode><FeatureReferenceName>36º beam - spot [LED lamps]</FeatureReferenceName><FeatureHighlightRank>6</FeatureHighlightRank></FeatureHighlight><FeatureHighlight><FeatureCode>F400082434</FeatureCode><FeatureReferenceName>No UV or Infra</FeatureReferenceName><FeatureHighlightRank>7</FeatureHighlightRank></FeatureHighlight><FeatureHighlight><FeatureCode>F400086860</FeatureCode><FeatureReferenceName>EyeComfort [LED lums, Spots]</FeatureReferenceName><FeatureHighlightRank>8</FeatureHighlightRank></FeatureHighlight><CSChapter><CSChapterCode>CH4006022</CSChapterCode><CSChapterName>Bulb characteristics</CSChapterName><CSChapterRank>1</CSChapterRank><CSItem><CSItemCode>IT4029275</CSItemCode><CSItemName>Shape</CSItemName><CSItemRank>7</CSItemRank><CSItemIsFreeFormat>0</CSItemIsFreeFormat><CSValue><CSValueCode>VA4067772</CSValueCode><CSValueName>Spot</CSValueName><CSValueRank>14</CSValueRank></CSValue></CSItem><CSItem><CSItemCode>IT4029277</CSItemCode><CSItemName>Cap/fitting</CSItemName><CSItemRank>15</CSItemRank><CSItemIsFreeFormat>0</CSItemIsFreeFormat><CSValue><CSValueCode>VA4067786</CSValueCode><CSValueName>GU5.3</CSValueName><CSValueRank>13</CSValueRank></CSValue></CSItem><CSItem><CSItemCode>IT4029279</CSItemCode><CSItemName>Dimmable</CSItemName><CSItemRank>21</CSItemRank><CSItemIsFreeFormat>0</CSItemIsFreeFormat><CSValue><CSValueCode>VA4067746</CSValueCode><CSValueName>Yes</CSValueName><CSValueRank>9</CSValueRank></CSValue></CSItem><CSItem><CSItemCode>IT4036606</CSItemCode><CSItemName>Voltage</CSItemName><CSItemRank>26</CSItemRank><CSItemIsFreeFormat>0</CSItemIsFreeFormat><CSValue><CSValueCode>VA4087188</CSValueCode><CSValueName>12 V</CSValueName><CSValueRank>5</CSValueRank></CSValue></CSItem><CSItem><CSItemCode>IT4037689</CSItemCode><CSItemName>Wattage</CSItemName><CSItemRank>28</CSItemRank><CSItemIsFreeFormat>1</CSItemIsFreeFormat><CSValue><CSValueCode>VA4087427</CSValueCode><CSValueName>6.5 W</CSValueName><CSValueRank>1</CSValueRank></CSValue></CSItem><CSItem><CSItemCode>IT4037690</CSItemCode><CSItemName>Wattage equivalent</CSItemName><CSItemRank>31</CSItemRank><CSItemIsFreeFormat>1</CSItemIsFreeFormat><CSValue><CSValueCode>VA4087428</CSValueCode><CSValueName>35 W</CSValueName><CSValueRank>1</CSValueRank></CSValue></CSItem></CSChapter><CSChapter><CSChapterCode>CH4005202</CSChapterCode><CSChapterName>Power consumption</CSChapterName><CSChapterRank>2</CSChapterRank><CSItem><CSItemCode>IT4026378</CSItemCode><CSItemName>Energy efficiency label</CSItemName><CSItemRank>8</CSItemRank><CSItemIsFreeFormat>0</CSItemIsFreeFormat><CSValue><CSValueCode>VA4062474</CSValueCode><CSValueName>A</CSValueName><CSValueRank>3</CSValueRank></CSValue></CSItem><CSItem><CSItemCode>IT4029053</CSItemCode><CSItemName>Power consumption per 1000h</CSItemName><CSItemRank>13</CSItemRank><CSItemIsFreeFormat>1</CSItemIsFreeFormat><CSValue><CSValueCode>VA4067444</CSValueCode><CSValueName>7.0</CSValueName><CSValueRank>1</CSValueRank></CSValue><UnitOfMeasure><UnitOfMeasureCode>4000161</UnitOfMeasureCode><UnitOfMeasureName>kilowatt hour</UnitOfMeasureName><UnitOfMeasureSymbol>kW·h</UnitOfMeasureSymbol></UnitOfMeasure></CSItem></CSChapter><CSChapter><CSChapterCode>CH4005203</CSChapterCode><CSChapterName>Light characteristics</CSChapterName><CSChapterRank>3</CSChapterRank><CSItem><CSItemCode>IT4043370</CSItemCode><CSItemName>EyeComfort</CSItemName><CSItemRank>1</CSItemRank><CSItemIsFreeFormat>0</CSItemIsFreeFormat><CSValue><CSValueCode>VA4100049</CSValueCode><CSValueName>Eye Comfort</CSValueName><CSValueRank>1</CSValueRank></CSValue></CSItem><CSItem><CSItemCode>IT4026387</CSItemCode><CSItemName>Light output</CSItemName><CSItemRank>5</CSItemRank><CSItemIsFreeFormat>1</CSItemIsFreeFormat><CSValue><CSValueCode>VA4062484</CSValueCode><CSValueName>370</CSValueName><CSValueRank>1</CSValueRank></CSValue><UnitOfMeasure><UnitOfMeasureCode>4000123</UnitOfMeasureCode><UnitOfMeasureName>Lumen</UnitOfMeasureName><UnitOfMeasureSymbol>lumen</UnitOfMeasureSymbol></UnitOfMeasure></CSItem><CSItem><CSItemCode>IT4029156</CSItemCode><CSItemName>Beam angle</CSItemName><CSItemRank>9</CSItemRank><CSItemIsFreeFormat>1</CSItemIsFreeFormat><CSValue><CSValueCode>VA4067567</CSValueCode><CSValueName>36</CSValueName><CSValueRank>1</CSValueRank></CSValue><UnitOfMeasure><UnitOfMeasureCode>3000042</UnitOfMeasureCode><UnitOfMeasureName>degree</UnitOfMeasureName><UnitOfMeasureSymbol>degree</UnitOfMeasureSymbol></UnitOfMeasure></CSItem><CSItem><CSItemCode>IT4029158</CSItemCode><CSItemName>Color</CSItemName><CSItemRank>22</CSItemRank><CSItemIsFreeFormat>0</CSItemIsFreeFormat><CSValue><CSValueCode>VA4067569</CSValueCode><CSValueName>Warm White</CSValueName><CSValueRank>1</CSValueRank></CSValue><CSValue><CSValueCode>VA4085120</CSValueCode><CSValueName>From warm to extra warm white</CSValueName><CSValueRank>1</CSValueRank></CSValue></CSItem><CSItem><CSItemCode>IT4029159</CSItemCode><CSItemName>Color temperature</CSItemName><CSItemRank>24</CSItemRank><CSItemIsFreeFormat>1</CSItemIsFreeFormat><CSValue><CSValueCode>VA4067572</CSValueCode><CSValueName>2200-2700</CSValueName><CSValueRank>1</CSValueRank></CSValue><UnitOfMeasure><UnitOfMeasureCode>4000041</UnitOfMeasureCode><UnitOfMeasureName>Kelvin</UnitOfMeasureName><UnitOfMeasureSymbol>K</UnitOfMeasureSymbol></UnitOfMeasure></CSItem><CSItem><CSItemCode>IT4029170</CSItemCode><CSItemName>Color rendering index (CRI)</CSItemName><CSItemRank>30</CSItemRank><CSItemIsFreeFormat>1</CSItemIsFreeFormat><CSValue><CSValueCode>VA4067596</CSValueCode><CSValueName>80</CSValueName><CSValueRank>1</CSValueRank></CSValue></CSItem><CSItem><CSItemCode>IT4026390</CSItemCode><CSItemName>Starting time</CSItemName><CSItemRank>33</CSItemRank><CSItemIsFreeFormat>0</CSItemIsFreeFormat><CSValue><CSValueCode>VA4082665</CSValueCode><CSValueName>&lt;0.5</CSValueName><CSValueRank>12</CSValueRank></CSValue><UnitOfMeasure><UnitOfMeasureCode>3000069</UnitOfMeasureCode><UnitOfMeasureName>second</UnitOfMeasureName><UnitOfMeasureSymbol>s</UnitOfMeasureSymbol></UnitOfMeasure></CSItem><CSItem><CSItemCode>IT4029160</CSItemCode><CSItemName>Warm-up time to 60% light</CSItemName><CSItemRank>34</CSItemRank><CSItemIsFreeFormat>0</CSItemIsFreeFormat><CSValue><CSValueCode>VA4067639</CSValueCode><CSValueName>Instant full light</CSValueName><CSValueRank>11</CSValueRank></CSValue></CSItem><CSItem><CSItemCode>IT4029157</CSItemCode><CSItemName>Rated center beam intensity</CSItemName><CSItemRank>35</CSItemRank><CSItemIsFreeFormat>1</CSItemIsFreeFormat><CSValue><CSValueCode>VA4067568</CSValueCode><CSValueName>900</CSValueName><CSValueRank>1</CSValueRank></CSValue><UnitOfMeasure><UnitOfMeasureCode>4001161</UnitOfMeasureCode><UnitOfMeasureName>candela</UnitOfMeasureName><UnitOfMeasureSymbol>cd</UnitOfMeasureSymbol></UnitOfMeasure></CSItem><CSItem><CSItemCode>IT4035884</CSItemCode><CSItemName>Application</CSItemName><CSItemRank>36</CSItemRank><CSItemIsFreeFormat>0</CSItemIsFreeFormat><CSValue><CSValueCode>VA4083396</CSValueCode><CSValueName>Accent light</CSValueName><CSValueRank>6</CSValueRank></CSValue></CSItem></CSChapter><CSChapter><CSChapterCode>CH4005204</CSChapterCode><CSChapterName>Durability</CSChapterName><CSChapterRank>4</CSChapterRank><CSItem><CSItemCode>IT4029169</CSItemCode><CSItemName>Lifetime of lamp</CSItemName><CSItemRank>4</CSItemRank><CSItemIsFreeFormat>1</CSItemIsFreeFormat><CSValue><CSValueCode>VA4067595</CSValueCode><CSValueName>15000</CSValueName><CSValueRank>1</CSValueRank></CSValue><UnitOfMeasure><UnitOfMeasureCode>4000007</UnitOfMeasureCode><UnitOfMeasureName>-Hour</UnitOfMeasureName><UnitOfMeasureSymbol>hour(s)</UnitOfMeasureSymbol></UnitOfMeasure></CSItem><CSItem><CSItemCode>IT4029171</CSItemCode><CSItemName>Number of switch cycles</CSItemName><CSItemRank>11</CSItemRank><CSItemIsFreeFormat>1</CSItemIsFreeFormat><CSValue><CSValueCode>VA4067598</CSValueCode><CSValueName>50000</CSValueName><CSValueRank>1</CSValueRank></CSValue></CSItem><CSItem><CSItemCode>IT4029193</CSItemCode><CSItemName>Lumen maintenance factor</CSItemName><CSItemRank>19</CSItemRank><CSItemIsFreeFormat>0</CSItemIsFreeFormat><CSValue><CSValueCode>VA4067614</CSValueCode><CSValueName>0.7</CSValueName><CSValueRank>4</CSValueRank></CSValue></CSItem><CSItem><CSItemCode>IT4029164</CSItemCode><CSItemName>Average life (at 2.7 hrs/day)</CSItemName><CSItemRank>25</CSItemRank><CSItemIsFreeFormat>1</CSItemIsFreeFormat><CSValue><CSValueCode>VA4067588</CSValueCode><CSValueName>15</CSValueName><CSValueRank>1</CSValueRank></CSValue><UnitOfMeasure><UnitOfMeasureCode>4000081</UnitOfMeasureCode><UnitOfMeasureName>Years</UnitOfMeasureName><UnitOfMeasureSymbol>year(s)</UnitOfMeasureSymbol></UnitOfMeasure></CSItem></CSChapter><CSChapter><CSChapterCode>CH4006021</CSChapterCode><CSChapterName>Bulb dimensions</CSChapterName><CSChapterRank>5</CSChapterRank><CSItem><CSItemCode>IT4029271</CSItemCode><CSItemName>Height</CSItemName><CSItemRank>2</CSItemRank><CSItemIsFreeFormat>1</CSItemIsFreeFormat><CSValue><CSValueCode>VA4067741</CSValueCode><CSValueName>50</CSValueName><CSValueRank>1</CSValueRank></CSValue><UnitOfMeasure><UnitOfMeasureCode>3000058</UnitOfMeasureCode><UnitOfMeasureName>millimeter</UnitOfMeasureName><UnitOfMeasureSymbol>mm</UnitOfMeasureSymbol></UnitOfMeasure></CSItem><CSItem><CSItemCode>IT4029272</CSItemCode><CSItemName>Width</CSItemName><CSItemRank>17</CSItemRank><CSItemIsFreeFormat>1</CSItemIsFreeFormat><CSValue><CSValueCode>VA4067742</CSValueCode><CSValueName>51</CSValueName><CSValueRank>1</CSValueRank></CSValue><UnitOfMeasure><UnitOfMeasureCode>3000058</UnitOfMeasureCode><UnitOfMeasureName>millimeter</UnitOfMeasureName><UnitOfMeasureSymbol>mm</UnitOfMeasureSymbol></UnitOfMeasure></CSItem></CSChapter><CSChapter><CSChapterCode>CH4005206</CSChapterCode><CSChapterName>Other characteristics</CSChapterName><CSChapterRank>6</CSChapterRank><CSItem><CSItemCode>IT4026404</CSItemCode><CSItemName>Mercury content</CSItemName><CSItemRank>3</CSItemRank><CSItemIsFreeFormat>1</CSItemIsFreeFormat><CSValue><CSValueCode>VA4062631</CSValueCode><CSValueName>0</CSValueName><CSValueRank>1</CSValueRank></CSValue><UnitOfMeasure><UnitOfMeasureCode>4000142</UnitOfMeasureCode><UnitOfMeasureName>mg</UnitOfMeasureName><UnitOfMeasureSymbol>mg</UnitOfMeasureSymbol></UnitOfMeasure></CSItem><CSItem><CSItemCode>IT4026405</CSItemCode><CSItemName>Power factor</CSItemName><CSItemRank>12</CSItemRank><CSItemIsFreeFormat>1</CSItemIsFreeFormat><CSValue><CSValueCode>VA4062632</CSValueCode><CSValueName>&gt;0.7</CSValueName><CSValueRank>1</CSValueRank></CSValue></CSItem><CSItem><CSItemCode>IT4026406</CSItemCode><CSItemName>Lamp current</CSItemName><CSItemRank>18</CSItemRank><CSItemIsFreeFormat>1</CSItemIsFreeFormat><CSValue><CSValueCode>VA4062633</CSValueCode><CSValueName>800</CSValueName><CSValueRank>1</CSValueRank></CSValue><UnitOfMeasure><UnitOfMeasureCode>4000141</UnitOfMeasureCode><UnitOfMeasureName>mA</UnitOfMeasureName><UnitOfMeasureSymbol>mA</UnitOfMeasureSymbol></UnitOfMeasure></CSItem></CSChapter><CSChapter><CSChapterCode>CH4005207</CSChapterCode><CSChapterName>Rated values</CSChapterName><CSChapterRank>7</CSChapterRank><CSItem><CSItemCode>IT4026407</CSItemCode><CSItemName>Rated power</CSItemName><CSItemRank>1</CSItemRank><CSItemIsFreeFormat>1</CSItemIsFreeFormat><CSValue><CSValueCode>VA4062634</CSValueCode><CSValueName>6.5</CSValueName><CSValueRank>1</CSValueRank></CSValue><UnitOfMeasure><UnitOfMeasureCode>3000072</UnitOfMeasureCode><UnitOfMeasureName>watt</UnitOfMeasureName><UnitOfMeasureSymbol>W</UnitOfMeasureSymbol></UnitOfMeasure></CSItem><CSItem><CSItemCode>IT4026408</CSItemCode><CSItemName>Rated luminous flux</CSItemName><CSItemRank>10</CSItemRank><CSItemIsFreeFormat>1</CSItemIsFreeFormat><CSValue><CSValueCode>VA4062635</CSValueCode><CSValueName>410</CSValueName><CSValueRank>1</CSValueRank></CSValue><UnitOfMeasure><UnitOfMeasureCode>4000123</UnitOfMeasureCode><UnitOfMeasureName>Lumen</UnitOfMeasureName><UnitOfMeasureSymbol>lumen</UnitOfMeasureSymbol></UnitOfMeasure></CSItem><CSItem><CSItemCode>IT4029167</CSItemCode><CSItemName>Rated lifetime</CSItemName><CSItemRank>16</CSItemRank><CSItemIsFreeFormat>1</CSItemIsFreeFormat><CSValue><CSValueCode>VA4067593</CSValueCode><CSValueName>15000</CSValueName><CSValueRank>1</CSValueRank></CSValue><UnitOfMeasure><UnitOfMeasureCode>4000007</UnitOfMeasureCode><UnitOfMeasureName>-Hour</UnitOfMeasureName><UnitOfMeasureSymbol>hour(s)</UnitOfMeasureSymbol></UnitOfMeasure></CSItem><CSItem><CSItemCode>IT4029168</CSItemCode><CSItemName>Rated beam angle</CSItemName><CSItemRank>23</CSItemRank><CSItemIsFreeFormat>1</CSItemIsFreeFormat><CSValue><CSValueCode>VA4067594</CSValueCode><CSValueName>36</CSValueName><CSValueRank>1</CSValueRank></CSValue><UnitOfMeasure><UnitOfMeasureCode>3000042</UnitOfMeasureCode><UnitOfMeasureName>degree</UnitOfMeasureName><UnitOfMeasureSymbol>degree</UnitOfMeasureSymbol></UnitOfMeasure></CSItem></CSChapter><Filters><Purpose type="Comparison"><Features><Feature code="F400082348" rank="1" referenceName="Learn about light"/><Feature code="F400082416" rank="2" referenceName="Homogen beam pattern"/><Feature code="F400082423" rank="3" referenceName="WarmGlow dimming"/><Feature code="F400082363" rank="4" referenceName="15,000-hour rated average life"/><Feature code="F400082440" rank="5" referenceName="Saves up to 80% NRJ"/><Feature code="F400082375" rank="6" referenceName="36º beam - spot [LED lamps]"/><Feature code="F400082434" rank="7" referenceName="No UV or Infra"/><Feature code="F400086860" rank="8" referenceName="EyeComfort [LED lums, Spots]"/></Features><CSItems><CSItem code="IT4043370" rank="1" referenceName="Light characteristics - EyeComfort"/><CSItem code="IT4026407" rank="1" referenceName="Rated values - Rated power"/><CSItem code="IT4029271" rank="2" referenceName="Bulb dimensions - Height"/><CSItem code="IT4026404" rank="3" referenceName="Other characteristics - Mercury content"/><CSItem code="IT4029169" rank="4" referenceName="Durability - Lifetime of lamp"/><CSItem code="IT4026387" rank="5" referenceName="Light characteristics - Light output"/><CSItem code="IT4029275" rank="7" referenceName="Bulb characteristics - Shape"/><CSItem code="IT4026378" rank="8" referenceName="Power consumption - Energy efficiency label"/><CSItem code="IT4029156" rank="9" referenceName="Light characteristics - Beam angle"/><CSItem code="IT4026408" rank="10" referenceName="Rated values - Rated luminous flux"/><CSItem code="IT4029171" rank="11" referenceName="Durability - Number of switch cycles"/><CSItem code="IT4026405" rank="12" referenceName="Other characteristics - Power factor"/><CSItem code="IT4029053" rank="13" referenceName="Power consumption - Power consumption per 1000h"/><CSItem code="IT4029277" rank="15" referenceName="Bulb characteristics - Cap/fitting"/><CSItem code="IT4029167" rank="16" referenceName="Rated values - Rated lifetime"/><CSItem code="IT4029272" rank="17" referenceName="Bulb dimensions - Width"/><CSItem code="IT4026406" rank="18" referenceName="Other characteristics - Lamp current"/><CSItem code="IT4029193" rank="19" referenceName="Durability - Lumen maintenance factor"/><CSItem code="IT4029279" rank="21" referenceName="Bulb characteristics - Dimmable"/><CSItem code="IT4029158" rank="22" referenceName="Light characteristics - Color"/><CSItem code="IT4029168" rank="23" referenceName="Rated values - Rated beam angle"/><CSItem code="IT4029159" rank="24" referenceName="Light characteristics - Color temperature"/><CSItem code="IT4029164" rank="25" referenceName="Durability - Average life (at 2.7 hrs/day)"/><CSItem code="IT4036606" rank="26" referenceName="Bulb characteristics - Voltage"/><CSItem code="IT4037689" rank="28" referenceName="Bulb characteristics - Wattage"/><CSItem code="IT4029170" rank="30" referenceName="Light characteristics - Color rendering index (CRI)"/><CSItem code="IT4037690" rank="31" referenceName="Bulb characteristics - Wattage equivalent"/><CSItem code="IT4026390" rank="33" referenceName="Light characteristics - Starting time"/><CSItem code="IT4029160" rank="34" referenceName="Light characteristics - Warm-up time to 60% light"/><CSItem code="IT4029157" rank="35" referenceName="Light characteristics - Rated center beam intensity"/><CSItem code="IT4035884" rank="36" referenceName="Light characteristics - Application"/></CSItems></Purpose><Purpose type="Detail"><Features><Feature code="F400082348" rank="1" referenceName="Learn about light"/><Feature code="F400082416" rank="2" referenceName="Homogen beam pattern"/><Feature code="F400082423" rank="3" referenceName="WarmGlow dimming"/><Feature code="F400082363" rank="4" referenceName="15,000-hour rated average life"/><Feature code="F400082440" rank="5" referenceName="Saves up to 80% NRJ"/><Feature code="F400082375" rank="6" referenceName="36º beam - spot [LED lamps]"/><Feature code="F400082434" rank="7" referenceName="No UV or Infra"/><Feature code="F400086860" rank="8" referenceName="EyeComfort [LED lums, Spots]"/></Features><CSItems><CSItem code="IT4043370" rank="1" referenceName="Light characteristics - EyeComfort"/><CSItem code="IT4026407" rank="1" referenceName="Rated values - Rated power"/><CSItem code="IT4029271" rank="2" referenceName="Bulb dimensions - Height"/><CSItem code="IT4026404" rank="3" referenceName="Other characteristics - Mercury content"/><CSItem code="IT4029169" rank="4" referenceName="Durability - Lifetime of lamp"/><CSItem code="IT4026387" rank="5" referenceName="Light characteristics - Light output"/><CSItem code="IT4029275" rank="7" referenceName="Bulb characteristics - Shape"/><CSItem code="IT4026378" rank="8" referenceName="Power consumption - Energy efficiency label"/><CSItem code="IT4029156" rank="9" referenceName="Light characteristics - Beam angle"/><CSItem code="IT4026408" rank="10" referenceName="Rated values - Rated luminous flux"/><CSItem code="IT4029171" rank="11" referenceName="Durability - Number of switch cycles"/><CSItem code="IT4026405" rank="12" referenceName="Other characteristics - Power factor"/><CSItem code="IT4029053" rank="13" referenceName="Power consumption - Power consumption per 1000h"/><CSItem code="IT4029277" rank="15" referenceName="Bulb characteristics - Cap/fitting"/><CSItem code="IT4029167" rank="16" referenceName="Rated values - Rated lifetime"/><CSItem code="IT4029272" rank="17" referenceName="Bulb dimensions - Width"/><CSItem code="IT4026406" rank="18" referenceName="Other characteristics - Lamp current"/><CSItem code="IT4029193" rank="19" referenceName="Durability - Lumen maintenance factor"/><CSItem code="IT4029279" rank="21" referenceName="Bulb characteristics - Dimmable"/><CSItem code="IT4029158" rank="22" referenceName="Light characteristics - Color"/><CSItem code="IT4029168" rank="23" referenceName="Rated values - Rated beam angle"/><CSItem code="IT4029159" rank="24" referenceName="Light characteristics - Color temperature"/><CSItem code="IT4029164" rank="25" referenceName="Durability - Average life (at 2.7 hrs/day)"/><CSItem code="IT4036606" rank="26" referenceName="Bulb characteristics - Voltage"/><CSItem code="IT4037689" rank="28" referenceName="Bulb characteristics - Wattage"/><CSItem code="IT4029170" rank="30" referenceName="Light characteristics - Color rendering index (CRI)"/><CSItem code="IT4037690" rank="31" referenceName="Bulb characteristics - Wattage equivalent"/><CSItem code="IT4026390" rank="33" referenceName="Light characteristics - Starting time"/><CSItem code="IT4029160" rank="34" referenceName="Light characteristics - Warm-up time to 60% light"/><CSItem code="IT4029157" rank="35" referenceName="Light characteristics - Rated center beam intensity"/><CSItem code="IT4035884" rank="36" referenceName="Light characteristics - Application"/></CSItems></Purpose></Filters><FeatureCompareGroups/><Disclaimers><Disclaimer code="DIS40012516" rank="1" referenceName="Designed for the comfort of your eyes"><DisclaimerText>Designed for the comfort of your eyes. Visit www.philips.com/eyecomfort for flicker, strobe and other criteria and product details.</DisclaimerText><DisclaimElements/></Disclaimer></Disclaimers><RichTexts/></Product></Products>