<?xml version="1.0" encoding="UTF-8"?><Products xmlns:source="http://apache.org/cocoon/source/1.0" DocStatus="approved" DocTimeStamp="2018-10-19T09:19:04"><Product IsAccessory="false" IsMaster="true" lastModified="2018-08-28T00:41:26" masterLastModified="2018-08-28T00:34:13"><CTN>241B4LPYCS/00</CTN><Code12NC>867000080787</Code12NC><GTIN>8712581617714</GTIN><MarketingVersion>6.1.3</MarketingVersion><MarketingStatus>Final Published</MarketingStatus><CRDate>2013-08-23</CRDate><CRDateYW>201334</CRDateYW><ModelYears><ModelYear>2013</ModelYear><ModelYear>2014</ModelYear></ModelYears><ProductDivision><ProductDivisionCode>0200</ProductDivisionCode><ProductDivisionName>Consumer Lifestyle</ProductDivisionName><FormerPDCode>3400</FormerPDCode></ProductDivision><ProductOwner>Jessica Chang</ProductOwner><DTN>241B4LPYCS/00</DTN><Catalog><StartOfPublication>2013-09-23T00:00:00</StartOfPublication><EndOfPublication>2021-12-31T00:00:00</EndOfPublication><StartOfSales>2013-09-23T00:00:00</StartOfSales><EndOfSales>2021-12-31T00:00:00</EndOfSales><DummyPrice/><Deleted>false</Deleted><DeleteAfterDate/><ProductRank>50</ProductRank></Catalog><FinancialCategorization><BusinessGroupCode>6918</BusinessGroupCode><BusinessGroupName>TV</BusinessGroupName><BusinessUnitCode>0655</BusinessUnitCode><BusinessUnitName>Monitors</BusinessUnitName><MainArticleGroupCode>J89</MainArticleGroupCode><MainArticleGroupName>Monitors</MainArticleGroupName><ArticleGroupCode>3789</ArticleGroupCode><ArticleGroupName>Monitors global</ArticleGroupName></FinancialCategorization><Categorization type="CONSUMER"><GroupCode>SOUND_AND_VISION_GR</GroupCode><GroupName>Sound &amp; vision</GroupName><CategoryCode>SV_MONITORS_CA</CategoryCode><CategoryName>Monitors</CategoryName><SubcategoryCode>SV_OTHERS_SU</SubcategoryCode><SubcategoryName>Others</SubcategoryName></Categorization><Assets><Asset code="241B4LPYCS_00" description="User manual" extension="pdf" lastModified="2013-08-27" locale="ru_RU" number="001" type="DFU">http://download.p4c.philips.com/files/2/241b4lpycs_00/241b4lpycs_00_dfu_rus.pdf</Asset><Asset code="241B4LPYCS_00" description="Leaflet" extension="pdf" lastModified="2018-09-07" locale="ru_RU" number="001" type="PSS">http://download.p4c.philips.com/files/2/241b4lpycs_00/241b4lpycs_00_pss_rusru.pdf</Asset><Asset code="241B4LPYCS_00" description="Retail Trade Leaflet" extension="pdf" lastModified="2018-10-12" locale="ru_RU" number="001" type="RTL">http://download.p4c.philips.com/files/2/241b4lpycs_00/241b4lpycs_00_rtl_rusru.pdf</Asset><Asset code="241B4LPYCS_00" description="Front product photograph - highres 2196x1795" extension="jpg" lastModified="2013-06-21" locale="global" number="001" type="_FP">http://images.philips.com/is/image/PhilipsConsumer/241B4LPYCS_00-_FP-global-001</Asset><Asset code="241B4LPYCS_00" description="Alternative product photograph - highres 2196x1795" extension="jpg" lastModified="2013-06-21" locale="global" number="001" type="APP">http://images.philips.com/is/image/PhilipsConsumer/241B4LPYCS_00-APP-global-001</Asset><Asset code="241B4LPYCS_00" description="Leaflet" extension="pdf" lastModified="2018-08-29" locale="global" number="001" type="PSS">http://download.p4c.philips.com/files/2/241b4lpycs_00/241b4lpycs_00_pss_.pdf</Asset><Asset code="241B4LPYCS_00" description="Standard product photograph - highres 2196x1795" extension="tif" lastModified="2013-06-21" locale="global" number="001" type="RTP">http://images.philips.com/is/image/PhilipsConsumer/241B4LPYCS_00-RTP-global-001</Asset><Asset code="241B4LPYCS_00" description="Single product shot" extension="" lastModified="2018-08-28" locale="" number="" type="IMS">http://images.philips.com/is/image/PhilipsConsumer/241B4LPYCS_00-IMS-</Asset><Asset code="241B4LPYCS_00" description="Product gallery image set" extension="" lastModified="2018-08-28" locale="" number="" type="GAL">http://images.philips.com/is/image/PhilipsConsumer/241B4LPYCS_00-GAL-</Asset><Asset code="F300004082" description="Feature logo - highres 331x213" extension="tif" lastModified="2017-11-15" locale="global" number="001" type="FLP">http://images.philips.com/is/image/PhilipsConsumer/F300004082-FLP-global-001</Asset><Asset code="F300015189" description="Feature photograph - highres 2100x1170" extension="tif" lastModified="2009-08-08" locale="global" number="001" type="FIL">http://images.philips.com/is/image/PhilipsConsumer/F300015189-FIL-global-001</Asset><Asset code="F300015189" description="Feature logo - highres 331x213" extension="tif" lastModified="2015-08-03" locale="global" number="001" type="FLP">http://images.philips.com/is/image/PhilipsConsumer/F300015189-FLP-global-001</Asset><Asset code="F400018029" description="Feature logo - highres 331x213" extension="tif" lastModified="2011-08-15" locale="global" number="001" type="FLP">http://images.philips.com/is/image/PhilipsConsumer/F400018029-FLP-global-001</Asset><Asset code="F400019720" description="Feature logo - highres 331x213" extension="tif" lastModified="2011-09-10" locale="global" number="001" type="FLP">http://images.philips.com/is/image/PhilipsConsumer/F400019720-FLP-global-001</Asset><Asset code="F400032215" description="Feature logo - highres 331x213" extension="tif" lastModified="2011-04-21" locale="global" number="001" type="FLP">http://images.philips.com/is/image/PhilipsConsumer/F400032215-FLP-global-001</Asset><Asset code="F400034597" description="Feature logo - highres 331x213" extension="tif" lastModified="2011-07-26" locale="global" number="001" type="FLP">http://images.philips.com/is/image/PhilipsConsumer/F400034597-FLP-global-001</Asset><Asset code="F400035276" description="Feature photograph - highres 2100x1170" extension="tif" lastModified="2011-10-26" locale="global" number="001" type="FIL">http://images.philips.com/is/image/PhilipsConsumer/F400035276-FIL-global-001</Asset><Asset code="F400035276" description="Feature logo - highres 331x213" extension="tif" lastModified="2015-07-17" locale="global" number="001" type="FLP">http://images.philips.com/is/image/PhilipsConsumer/F400035276-FLP-global-001</Asset><Asset code="F400035278" description="Feature logo - highres 331x213" extension="tif" lastModified="2011-09-02" locale="global" number="001" type="FLP">http://images.philips.com/is/image/PhilipsConsumer/F400035278-FLP-global-001</Asset><Asset code="F400035279" description="Feature logo - highres 331x213" extension="tif" lastModified="2011-08-26" locale="global" number="001" type="FLP">http://images.philips.com/is/image/PhilipsConsumer/F400035279-FLP-global-001</Asset><Asset code="F400035281" description="Feature logo - highres 331x213" extension="tif" lastModified="2016-07-20" locale="global" number="001" type="FLP">http://images.philips.com/is/image/PhilipsConsumer/F400035281-FLP-global-001</Asset><Asset code="F400035282" description="Feature photograph - highres 2100x1170" extension="tif" lastModified="2014-03-06" locale="global" number="001" type="FIL">http://images.philips.com/is/image/PhilipsConsumer/F400035282-FIL-global-001</Asset><Asset code="F400035289" description="Feature photograph - highres 2100x1170" extension="tif" lastModified="2017-10-31" locale="global" number="001" type="FIL">http://images.philips.com/is/image/PhilipsConsumer/F400035289-FIL-global-001</Asset><Asset code="F400035289" description="Feature logo - highres 331x213" extension="tif" lastModified="2017-11-15" locale="global" number="001" type="FLP">http://images.philips.com/is/image/PhilipsConsumer/F400035289-FLP-global-001</Asset><Asset code="F400035294" description="Feature logo - highres 331x213" extension="tif" lastModified="2013-05-17" locale="global" number="001" type="FLP">http://images.philips.com/is/image/PhilipsConsumer/F400035294-FLP-global-001</Asset><Asset code="F400035325" description="Feature photograph - highres 2100x1170" extension="tif" lastModified="2015-05-14" locale="global" number="001" type="FIL">http://images.philips.com/is/image/PhilipsConsumer/F400035325-FIL-global-001</Asset><Asset code="F400035325" description="Feature logo - highres 331x213" extension="tif" lastModified="2015-08-24" locale="global" number="001" type="FLP">http://images.philips.com/is/image/PhilipsConsumer/F400035325-FLP-global-001</Asset><Asset code="F400036685" description="Feature logo - highres 331x213" extension="tif" lastModified="2011-10-26" locale="global" number="001" type="FLP">http://images.philips.com/is/image/PhilipsConsumer/F400036685-FLP-global-001</Asset><Asset code="PHI" description="Brand logo - highres 1476x886" extension="tif" lastModified="2016-02-18" locale="global" number="001" type="BRP">http://images.philips.com/is/image/PhilipsConsumer/PHI-BRP-global-001</Asset><Asset code="SB30000063" description="Concept logo - lowres 198x198" extension="jpg" lastModified="2009-08-05" locale="global" number="001" type="CLL">http://images.philips.com/is/image/PhilipsConsumer/SB30000063-CLL-global-001</Asset></Assets><ProductName>B Line LCD monitor, LED backlight PowerSensor</ProductName><FullProductName>Philips Brilliance LCD monitor, LED backlight 241B4LPYCS B Line 24" (61 cm) Full HD display with PowerSensor</FullProductName><NamingString><MasterBrand><BrandCode>PHI</BrandCode><BrandName>Philips</BrandName></MasterBrand><BrandString>Philips</BrandString><Concept><ConceptCode>SB30000063</ConceptCode><ConceptName>Brilliance</ConceptName><ConceptNameUsed>1</ConceptNameUsed></Concept><Descriptor><DescriptorCode>D4013142</DescriptorCode><DescriptorName>LCD monitor, LED backlight</DescriptorName></Descriptor><Alphanumeric>241B4LPYCS</Alphanumeric><VersionElement1><VersionElementCode>V4013438</VersionElementCode><VersionElementName>B Line</VersionElementName></VersionElement1><VersionElement2><VersionElementCode>V4013558</VersionElementCode><VersionElementName>24" (61 cm)</VersionElementName></VersionElement2><VersionElement3><VersionElementCode>V4017143</VersionElementCode><VersionElementName>Full HD display</VersionElementName></VersionElement3><VersionString>B Line 24" (61 cm) Full HD display</VersionString><BrandedFeatureCode1>F400035276</BrandedFeatureCode1><BrandedFeatureString>with PowerSensor</BrandedFeatureString><DescriptorBrandedFeatureString>LCD monitor, LED backlight with PowerSensor</DescriptorBrandedFeatureString></NamingString><WOW>Sustainable eco design display</WOW><SubWOW>with PowerSensor saves energy bills</SubWOW><MarketingTextHeader>The Philips PowerSensor LED display using 65% post consumer recycled plastics and PVC, BFR free housing is ideal for eco-friendly productivity</MarketingTextHeader><KeyBenefitArea><KeyBenefitAreaCode>K4015194</KeyBenefitAreaCode><KeyBenefitAreaName>Sustainable Eco-design</KeyBenefitAreaName><KeyBenefitAreaRank>1</KeyBenefitAreaRank><Feature><FeatureCode>F400035276</FeatureCode><FeatureReferenceName>M4 PowerSensor</FeatureReferenceName><FeatureName>PowerSensor</FeatureName><FeatureLongDescription>PowerSensor saves up to 80% energy costs</FeatureLongDescription><FeatureGlossary>PowerSensor is a built-in 'people sensor' that transmits and receives harmless infrared signals to determine if user is present and automatically reduces monitor brightness when user steps away from the desk, cutting energy costs by up to 80 percent and prolonging monitor life</FeatureGlossary><FeatureRank>1</FeatureRank><FeatureTopRank>2</FeatureTopRank></Feature><Feature><FeatureCode>F400035279</FeatureCode><FeatureReferenceName>TCO Edge</FeatureReferenceName><FeatureName>TCO Edge</FeatureName><FeatureLongDescription>65% post consumer recycled plastics with TCO Edge</FeatureLongDescription><FeatureGlossary>TCO Edge certification is given to products which go beyond existing eco-labeling programs. Over and above standard TCO requirements, it further mandates that the product uses minimum 65% of post consumer recycled plastics, is energy efficient, uses minimal hazardous materials, has 100% recyclable packaging, and is designed for easy recycling amongst other requirements. You can rest assured that this Philips monitor is a cutting edge technology product which is best in class ICT, benefitting you and the planet while helping you make a responsible green IT purchase!</FeatureGlossary><FeatureRank>3</FeatureRank><FeatureTopRank>9</FeatureTopRank></Feature><Feature><FeatureCode>F400035269</FeatureCode><FeatureReferenceName>PVC-BFR free housing</FeatureReferenceName><FeatureName>PVC-BFR free housing</FeatureName><FeatureLongDescription>PVC-BFR free housing</FeatureLongDescription><FeatureGlossary>This Philips monitor housing is free from brominated flame retardant and polyvinyl chloride (PVC-BFR free)</FeatureGlossary><FeatureRank>4</FeatureRank><FeatureTopRank>10</FeatureTopRank></Feature><Feature><FeatureCode>F400035278</FeatureCode><FeatureReferenceName>Zero power consumption</FeatureReferenceName><FeatureName>Zero power consumption</FeatureName><FeatureLongDescription>Zero power consumption with 0 watt hard switch</FeatureLongDescription><FeatureGlossary>At the flick of the 0 watt hard switch which is conveniently located at the back, you can completely cut-off your monitor from AC power. This results in zero power consumption reducing your carbon footprint even further</FeatureGlossary><FeatureRank>2</FeatureRank><FeatureTopRank>11</FeatureTopRank></Feature></KeyBenefitArea><KeyBenefitArea><KeyBenefitAreaCode>K4015202</KeyBenefitAreaCode><KeyBenefitAreaName>Excellent performance</KeyBenefitAreaName><KeyBenefitAreaRank>2</KeyBenefitAreaRank><Feature><FeatureCode>F400019720</FeatureCode><FeatureReferenceName>LED technology</FeatureReferenceName><FeatureName>LED technology</FeatureName><FeatureLongDescription>LED technology ensures natural colors</FeatureLongDescription><FeatureGlossary>White LED's are solid state devices which light up to full, consistent brightness faster saving startup time. LED's are free from mercury content which allows for eco-friendly recycling and disposal process. LED's allow for better dimming control of LCD backlight, resulting in super high contrast ratio. It also gives superior color reproduction thanks to consistent brightness across the screen.</FeatureGlossary><FeatureRank>1</FeatureRank><FeatureTopRank>1</FeatureTopRank></Feature><Feature><FeatureCode>F400035294</FeatureCode><FeatureReferenceName>Displayport</FeatureReferenceName><FeatureName>DisplayPort</FeatureName><FeatureLongDescription>DisplayPort offers audio and video over a single, long cable</FeatureLongDescription><FeatureGlossary>DisplayPort is a digital link from PC to Monitor without any conversion. With higher capabilities than DVI standard, it is fully capable to support up to 15meter cables and 10.8 Gbps/sec data transfer. With this high performance and zero latency, you get the fastest imaging and refresh rates - making DisplayPort the best choice for not only general office or home use, but also for the demanding gaming and movies, video editing and more. It also keeps interoperability in mind via use of various adapters.</FeatureGlossary><FeatureRank>2</FeatureRank><FeatureTopRank>3</FeatureTopRank></Feature><Feature><FeatureCode>F400035281</FeatureCode><FeatureReferenceName>Built-in stereo speakers for multimedia</FeatureReferenceName><FeatureName>Built-in stereo speakers</FeatureName><FeatureLongDescription>Built-in stereo speakers for multimedia</FeatureLongDescription><FeatureGlossary>A pair of high quality stereo speakers built into a display device. It can be visible front firing, or invisible down firing, top firing, rear firing, etc depending on model and design.</FeatureGlossary><FeatureRank>3</FeatureRank><FeatureTopRank>6</FeatureTopRank></Feature></KeyBenefitArea><KeyBenefitArea><KeyBenefitAreaCode>K4015204</KeyBenefitAreaCode><KeyBenefitAreaName>Designed for people</KeyBenefitAreaName><KeyBenefitAreaRank>3</KeyBenefitAreaRank><Feature><FeatureCode>F400035325</FeatureCode><FeatureReferenceName>SmartErgoBase</FeatureReferenceName><FeatureName>SmartErgoBase</FeatureName><FeatureLongDescription>SmartErgoBase enables people-friendly ergonomic adjustments</FeatureLongDescription><FeatureGlossary>The SmartErgoBase is a monitor base that delivers ergonomic display comfort and provides cable management. The base's people-friendly height, swivel, tilt and rotation angle adjustments position the monitor for maximum comfort that can ease the physical strains of a long workday; cable management reduces cable clutter and keeps the workspace neat and professional.</FeatureGlossary><FeatureRank>1</FeatureRank><FeatureTopRank>4</FeatureTopRank></Feature><Feature><FeatureCode>F400035282</FeatureCode><FeatureReferenceName>Low bezel-to-table height</FeatureReferenceName><FeatureName>Low bezel-to-table height</FeatureName><FeatureLongDescription>Low bezel-to-table height for maximum reading comfort</FeatureLongDescription><FeatureGlossary>The Philips monitor, thanks to its advanced SmartErgoBase, can be lowered down almost to desk level for a comfortable viewing angle. Low bezel-to-table height is the perfect solution if you use bifocals, trifocals or progressive lens glasses for your computing work. Additionally, it allows for users with greatly different heights to use the monitor in their preferred angle and height settings, helping them reduce fatigue and strain.</FeatureGlossary><FeatureRank>2</FeatureRank><FeatureTopRank>5</FeatureTopRank></Feature></KeyBenefitArea><KeyBenefitArea><KeyBenefitAreaCode>K300005006</KeyBenefitAreaCode><KeyBenefitAreaName>Easy to experience</KeyBenefitAreaName><KeyBenefitAreaRank>4</KeyBenefitAreaRank><Feature><FeatureCode>F400036685</FeatureCode><FeatureReferenceName>M4 2 Ports USB 2.0 HUB</FeatureReferenceName><FeatureName>2 Ports USB 2.0 HUB</FeatureName><FeatureLongDescription>USB Hub with 2 ports for easy connections</FeatureLongDescription><FeatureGlossary>USB Hub allows user to conveniently connect their plug and play multimedia devices such as USB memory devices, camera, portable HDD, Web camera, PDA, Printer and many other devices which has USB connection available. The conveniently located USB 2.0 Hub on the monitor allows USB 2.0 signals to pass thru to the computer. Note that many devices like cameras and HDD may need to be powered On independently, as they have higher power requirements than the monitor USB Hub can provide.</FeatureGlossary><FeatureRank>2</FeatureRank><FeatureTopRank>7</FeatureTopRank></Feature><Feature><FeatureCode>F400035289</FeatureCode><FeatureReferenceName>M4 SmartImage</FeatureReferenceName><FeatureName>SmartImage</FeatureName><FeatureLongDescription>SmartImage presets for easy optimized image settings</FeatureLongDescription><FeatureGlossary>SmartImage is an exclusive leading edge Philips technology that analyzes the content displayed on your screen and gives you optimized display performance. This user friendly interface allows you to select various modes like Office, Photo, Movie, Game, Economy etc., to fit the application in use. Based on the selection, SmartImage dynamically optimizes the contrast, color saturation and sharpness of images and videos for ultimate display performance. The Economy mode option offers you major power savings. All in real time with the press of a single button!</FeatureGlossary><FeatureRank>1</FeatureRank><FeatureTopRank>8</FeatureTopRank></Feature></KeyBenefitArea><FeatureLogo><FeatureCode>F400035276</FeatureCode><FeatureReferenceName>M4 PowerSensor</FeatureReferenceName><FeatureLogoRank>1</FeatureLogoRank></FeatureLogo><FeatureLogo><FeatureCode>F300015189</FeatureCode><FeatureReferenceName>SmartImage</FeatureReferenceName><FeatureLogoRank>4</FeatureLogoRank></FeatureLogo><FeatureLogo><FeatureCode>F400032215</FeatureCode><FeatureReferenceName>LED technology for brilliant images</FeatureReferenceName><FeatureLogoRank>5</FeatureLogoRank></FeatureLogo><FeatureLogo><FeatureCode>F400035294</FeatureCode><FeatureReferenceName>Displayport</FeatureReferenceName><FeatureLogoRank>6</FeatureLogoRank></FeatureLogo><FeatureLogo><FeatureCode>F300004082</FeatureCode><FeatureReferenceName>Built-in speakers (business)</FeatureReferenceName><FeatureLogoRank>7</FeatureLogoRank></FeatureLogo><FeatureLogo><FeatureCode>F400036685</FeatureCode><FeatureReferenceName>M4 2 Ports USB 2.0 HUB</FeatureReferenceName><FeatureLogoRank>8</FeatureLogoRank></FeatureLogo><FeatureLogo><FeatureCode>F400018029</FeatureCode><FeatureReferenceName>EPEAT Gold</FeatureReferenceName><FeatureLogoRank>9</FeatureLogoRank></FeatureLogo><FeatureLogo><FeatureCode>F400034597</FeatureCode><FeatureReferenceName>Zero watt power switch</FeatureReferenceName><FeatureLogoRank>10</FeatureLogoRank></FeatureLogo><FeatureLogo><FeatureCode>F400035279</FeatureCode><FeatureReferenceName>TCO Edge</FeatureReferenceName><FeatureLogoRank>11</FeatureLogoRank></FeatureLogo><FeatureImage><FeatureCode>F400019720</FeatureCode><FeatureReferenceName>LED technology</FeatureReferenceName><FeatureImageRank>1</FeatureImageRank></FeatureImage><FeatureImage><FeatureCode>F400035276</FeatureCode><FeatureReferenceName>M4 PowerSensor</FeatureReferenceName><FeatureImageRank>2</FeatureImageRank></FeatureImage><FeatureImage><FeatureCode>F400035294</FeatureCode><FeatureReferenceName>Displayport</FeatureReferenceName><FeatureImageRank>3</FeatureImageRank></FeatureImage><FeatureImage><FeatureCode>F400035325</FeatureCode><FeatureReferenceName>SmartErgoBase</FeatureReferenceName><FeatureImageRank>4</FeatureImageRank></FeatureImage><FeatureImage><FeatureCode>F400035282</FeatureCode><FeatureReferenceName>Low bezel-to-table height</FeatureReferenceName><FeatureImageRank>5</FeatureImageRank></FeatureImage><FeatureImage><FeatureCode>F400035281</FeatureCode><FeatureReferenceName>Built-in stereo speakers for multimedia</FeatureReferenceName><FeatureImageRank>6</FeatureImageRank></FeatureImage><FeatureImage><FeatureCode>F400036685</FeatureCode><FeatureReferenceName>M4 2 Ports USB 2.0 HUB</FeatureReferenceName><FeatureImageRank>7</FeatureImageRank></FeatureImage><FeatureImage><FeatureCode>F400035289</FeatureCode><FeatureReferenceName>M4 SmartImage</FeatureReferenceName><FeatureImageRank>8</FeatureImageRank></FeatureImage><FeatureImage><FeatureCode>F400035279</FeatureCode><FeatureReferenceName>TCO Edge</FeatureReferenceName><FeatureImageRank>9</FeatureImageRank></FeatureImage><FeatureImage><FeatureCode>F400035269</FeatureCode><FeatureReferenceName>PVC-BFR free housing</FeatureReferenceName><FeatureImageRank>10</FeatureImageRank></FeatureImage><FeatureImage><FeatureCode>F400035278</FeatureCode><FeatureReferenceName>Zero power consumption</FeatureReferenceName><FeatureImageRank>11</FeatureImageRank></FeatureImage><FeatureHighlight><FeatureCode>F400019720</FeatureCode><FeatureReferenceName>LED technology</FeatureReferenceName><FeatureHighlightRank>1</FeatureHighlightRank></FeatureHighlight><FeatureHighlight><FeatureCode>F400035276</FeatureCode><FeatureReferenceName>M4 PowerSensor</FeatureReferenceName><FeatureHighlightRank>2</FeatureHighlightRank></FeatureHighlight><FeatureHighlight><FeatureCode>F400035294</FeatureCode><FeatureReferenceName>Displayport</FeatureReferenceName><FeatureHighlightRank>3</FeatureHighlightRank></FeatureHighlight><FeatureHighlight><FeatureCode>F400035325</FeatureCode><FeatureReferenceName>SmartErgoBase</FeatureReferenceName><FeatureHighlightRank>4</FeatureHighlightRank></FeatureHighlight><FeatureHighlight><FeatureCode>F400035282</FeatureCode><FeatureReferenceName>Low bezel-to-table height</FeatureReferenceName><FeatureHighlightRank>5</FeatureHighlightRank></FeatureHighlight><FeatureHighlight><FeatureCode>F400035281</FeatureCode><FeatureReferenceName>Built-in stereo speakers for multimedia</FeatureReferenceName><FeatureHighlightRank>6</FeatureHighlightRank></FeatureHighlight><FeatureHighlight><FeatureCode>F400036685</FeatureCode><FeatureReferenceName>M4 2 Ports USB 2.0 HUB</FeatureReferenceName><FeatureHighlightRank>7</FeatureHighlightRank></FeatureHighlight><FeatureHighlight><FeatureCode>F400035289</FeatureCode><FeatureReferenceName>M4 SmartImage</FeatureReferenceName><FeatureHighlightRank>8</FeatureHighlightRank></FeatureHighlight><FeatureHighlight><FeatureCode>F400035279</FeatureCode><FeatureReferenceName>TCO Edge</FeatureReferenceName><FeatureHighlightRank>9</FeatureHighlightRank></FeatureHighlight><FeatureHighlight><FeatureCode>F400035269</FeatureCode><FeatureReferenceName>PVC-BFR free housing</FeatureReferenceName><FeatureHighlightRank>10</FeatureHighlightRank></FeatureHighlight><FeatureHighlight><FeatureCode>F400035278</FeatureCode><FeatureReferenceName>Zero power consumption</FeatureReferenceName><FeatureHighlightRank>11</FeatureHighlightRank></FeatureHighlight><CSChapter><CSChapterCode>3000796</CSChapterCode><CSChapterName>Picture/Display</CSChapterName><CSChapterRank>2</CSChapterRank><CSItem><CSItemCode>3006169</CSItemCode><CSItemName>LCD panel type</CSItemName><CSItemRank>1</CSItemRank><CSItemIsFreeFormat>0</CSItemIsFreeFormat><CSValue><CSValueCode>VA4015327</CSValueCode><CSValueName>TFT-LCD</CSValueName><CSValueRank>1</CSValueRank></CSValue></CSItem><CSItem><CSItemCode>IT4007209</CSItemCode><CSItemName>Backlight type</CSItemName><CSItemRank>2</CSItemRank><CSItemIsFreeFormat>1</CSItemIsFreeFormat><CSValue><CSValueCode>VA4018797</CSValueCode><CSValueName>W-LED system</CSValueName><CSValueRank>1</CSValueRank></CSValue></CSItem><CSItem><CSItemCode>3006180</CSItemCode><CSItemName>Panel Size</CSItemName><CSItemRank>3</CSItemRank><CSItemIsFreeFormat>1</CSItemIsFreeFormat><CSValue><CSValueCode>3031218</CSValueCode><CSValueName>24 inch / 61 cm</CSValueName><CSValueRank>1</CSValueRank></CSValue></CSItem><CSItem><CSItemCode>3006149</CSItemCode><CSItemName>Effective viewing area</CSItemName><CSItemRank>4</CSItemRank><CSItemIsFreeFormat>1</CSItemIsFreeFormat><CSValue><CSValueCode>3031161</CSValueCode><CSValueName>531.4 (H) x 298.9 (V)</CSValueName><CSValueRank>1</CSValueRank></CSValue></CSItem><CSItem><CSItemCode>3006121</CSItemCode><CSItemName>Aspect ratio</CSItemName><CSItemRank>5</CSItemRank><CSItemIsFreeFormat>0</CSItemIsFreeFormat><CSValue><CSValueCode>3031098</CSValueCode><CSValueName>16:9</CSValueName><CSValueRank>1</CSValueRank></CSValue></CSItem><CSItem><CSItemCode>3006193</CSItemCode><CSItemName>Optimum resolution</CSItemName><CSItemRank>6</CSItemRank><CSItemIsFreeFormat>1</CSItemIsFreeFormat><CSValue><CSValueCode>3031277</CSValueCode><CSValueName>1920 x 1080 @ 60Hz</CSValueName><CSValueRank>1</CSValueRank></CSValue></CSItem><CSItem><CSItemCode>3006197</CSItemCode><CSItemName>Response time (typical)</CSItemName><CSItemRank>7</CSItemRank><CSItemIsFreeFormat>1</CSItemIsFreeFormat><CSValue><CSValueCode>3031281</CSValueCode><CSValueName>5</CSValueName><CSValueRank>1</CSValueRank></CSValue><UnitOfMeasure><UnitOfMeasureCode>3000059</UnitOfMeasureCode><UnitOfMeasureName>millisecond</UnitOfMeasureName><UnitOfMeasureSymbol>ms</UnitOfMeasureSymbol></UnitOfMeasure></CSItem><CSItem><CSItemCode>3006127</CSItemCode><CSItemName>Brightness</CSItemName><CSItemRank>8</CSItemRank><CSItemIsFreeFormat>1</CSItemIsFreeFormat><CSValue><CSValueCode>3031110</CSValueCode><CSValueName>250</CSValueName><CSValueRank>1</CSValueRank></CSValue><UnitOfMeasure><UnitOfMeasureCode>3000038</UnitOfMeasureCode><UnitOfMeasureName>candela per square meter</UnitOfMeasureName><UnitOfMeasureSymbol>cd/m²</UnitOfMeasureSymbol></UnitOfMeasure></CSItem><CSItem><CSItemCode>3006133</CSItemCode><CSItemName>Contrast ratio (typical)</CSItemName><CSItemRank>9</CSItemRank><CSItemIsFreeFormat>1</CSItemIsFreeFormat><CSValue><CSValueCode>3031116</CSValueCode><CSValueName>1,000:1</CSValueName><CSValueRank>1</CSValueRank></CSValue></CSItem><CSItem><CSItemCode>IT4006148</CSItemCode><CSItemName>SmartContrast</CSItemName><CSItemRank>10</CSItemRank><CSItemIsFreeFormat>1</CSItemIsFreeFormat><CSValue><CSValueCode>VA4017351</CSValueCode><CSValueName>20,000,000 :1</CSValueName><CSValueRank>1</CSValueRank></CSValue></CSItem><CSItem><CSItemCode>3006186</CSItemCode><CSItemName>Pixel pitch</CSItemName><CSItemRank>11</CSItemRank><CSItemIsFreeFormat>1</CSItemIsFreeFormat><CSValue><CSValueCode>3031270</CSValueCode><CSValueName>0.276 x 0.276 mm</CSValueName><CSValueRank>1</CSValueRank></CSValue></CSItem><CSItem><CSItemCode>3007518</CSItemCode><CSItemName>Viewing angle</CSItemName><CSItemRank>12</CSItemRank><CSItemIsFreeFormat>0</CSItemIsFreeFormat><CSValue><CSValueCode>VA4000181</CSValueCode><CSValueName>170º (H) / 160º (V)</CSValueName><CSValueRank>1</CSValueRank></CSValue><CSValue><CSValueCode>3035028</CSValueCode><CSValueName>@ C/R &gt; 10</CSValueName><CSValueRank>2</CSValueRank></CSValue></CSItem><CSItem><CSItemCode>3006183</CSItemCode><CSItemName>Picture enhancement</CSItemName><CSItemRank>13</CSItemRank><CSItemIsFreeFormat>0</CSItemIsFreeFormat><CSValue><CSValueCode>3049169</CSValueCode><CSValueName>SmartImage</CSValueName><CSValueRank>1</CSValueRank></CSValue></CSItem><CSItem><CSItemCode>3006143</CSItemCode><CSItemName>Display colors</CSItemName><CSItemRank>14</CSItemRank><CSItemIsFreeFormat>1</CSItemIsFreeFormat><CSValue><CSValueCode>3031126</CSValueCode><CSValueName>16.7 M</CSValueName><CSValueRank>1</CSValueRank></CSValue></CSItem><CSItem><CSItemCode>IT4006149</CSItemCode><CSItemName>Scanning Frequency</CSItemName><CSItemRank>15</CSItemRank><CSItemIsFreeFormat>1</CSItemIsFreeFormat><CSValue><CSValueCode>VA4017352</CSValueCode><CSValueName>30 - 83 kHz (H) / 56 - 75 Hz (V)</CSValueName><CSValueRank>1</CSValueRank></CSValue></CSItem><CSItem><CSItemCode>3006207</CSItemCode><CSItemName>sRGB</CSItemName><CSItemRank>16</CSItemRank><CSItemIsFreeFormat>1</CSItemIsFreeFormat><CSValue><CSValueCode>3031306</CSValueCode><CSValueName>Yes</CSValueName><CSValueRank>1</CSValueRank></CSValue></CSItem></CSChapter><CSChapter><CSChapterCode>3000813</CSChapterCode><CSChapterName>Connectivity</CSChapterName><CSChapterRank>3</CSChapterRank><CSItem><CSItemCode>3006576</CSItemCode><CSItemName>Signal Input</CSItemName><CSItemRank>1</CSItemRank><CSItemIsFreeFormat>0</CSItemIsFreeFormat><CSValue><CSValueCode>VA4028301</CSValueCode><CSValueName>DisplayPort</CSValueName><CSValueRank>1</CSValueRank></CSValue><CSValue><CSValueCode>VA4015427</CSValueCode><CSValueName>DVI-D (digital, HDCP)</CSValueName><CSValueRank>2</CSValueRank></CSValue><CSValue><CSValueCode>3036216</CSValueCode><CSValueName>VGA (Analog )</CSValueName><CSValueRank>3</CSValueRank></CSValue></CSItem><CSItem><CSItemCode>3006583</CSItemCode><CSItemName>USB</CSItemName><CSItemRank>2</CSItemRank><CSItemIsFreeFormat>0</CSItemIsFreeFormat><CSValue><CSValueCode>3045393</CSValueCode><CSValueName>USB 2.0 x 2</CSValueName><CSValueRank>1</CSValueRank></CSValue></CSItem><CSItem><CSItemCode>3006588</CSItemCode><CSItemName>Sync Input</CSItemName><CSItemRank>3</CSItemRank><CSItemIsFreeFormat>0</CSItemIsFreeFormat><CSValue><CSValueCode>3032392</CSValueCode><CSValueName>Separate Sync</CSValueName><CSValueRank>1</CSValueRank></CSValue><CSValue><CSValueCode>3032393</CSValueCode><CSValueName>Sync on Green</CSValueName><CSValueRank>2</CSValueRank></CSValue></CSItem><CSItem><CSItemCode>IT4005621</CSItemCode><CSItemName>Audio (In/Out)</CSItemName><CSItemRank>4</CSItemRank><CSItemIsFreeFormat>0</CSItemIsFreeFormat><CSValue><CSValueCode>VA4025083</CSValueCode><CSValueName>PC audio-in</CSValueName><CSValueRank>1</CSValueRank></CSValue><CSValue><CSValueCode>VA4025085</CSValueCode><CSValueName>Headphone out</CSValueName><CSValueRank>2</CSValueRank></CSValue></CSItem></CSChapter><CSChapter><CSChapterCode>3000814</CSChapterCode><CSChapterName>Convenience</CSChapterName><CSChapterRank>4</CSChapterRank><CSItem><CSItemCode>IT4014853</CSItemCode><CSItemName>Built-in Speakers</CSItemName><CSItemRank>1</CSItemRank><CSItemIsFreeFormat>1</CSItemIsFreeFormat><CSValue><CSValueCode>VA4028064</CSValueCode><CSValueName>1.5Wx2</CSValueName><CSValueRank>1</CSValueRank></CSValue></CSItem><CSItem><CSItemCode>3006633</CSItemCode><CSItemName>User convenience</CSItemName><CSItemRank>2</CSItemRank><CSItemIsFreeFormat>0</CSItemIsFreeFormat><CSValue><CSValueCode>VA4015428</CSValueCode><CSValueName>SmartImage</CSValueName><CSValueRank>1</CSValueRank></CSValue><CSValue><CSValueCode>VA4017355</CSValueCode><CSValueName>Volume</CSValueName><CSValueRank>2</CSValueRank></CSValue><CSValue><CSValueCode>VA4022516</CSValueCode><CSValueName>PowerSensor</CSValueName><CSValueRank>3</CSValueRank></CSValue><CSValue><CSValueCode>VA4017357</CSValueCode><CSValueName>Menu</CSValueName><CSValueRank>4</CSValueRank></CSValue><CSValue><CSValueCode>VA4017554</CSValueCode><CSValueName>Power On/Off</CSValueName><CSValueRank>5</CSValueRank></CSValue></CSItem><CSItem><CSItemCode>IT4019071</CSItemCode><CSItemName>Control software</CSItemName><CSItemRank>3</CSItemRank><CSItemIsFreeFormat>0</CSItemIsFreeFormat><CSValue><CSValueCode>VA4042541</CSValueCode><CSValueName>SmartControl Premium</CSValueName><CSValueRank>1</CSValueRank></CSValue></CSItem><CSItem><CSItemCode>3006693</CSItemCode><CSItemName>OSD Languages</CSItemName><CSItemRank>4</CSItemRank><CSItemIsFreeFormat>0</CSItemIsFreeFormat><CSValue><CSValueCode>VA4065363</CSValueCode><CSValueName>Brazil Portuguese</CSValueName><CSValueRank>1</CSValueRank></CSValue><CSValue><CSValueCode>3034561</CSValueCode><CSValueName>Czech</CSValueName><CSValueRank>2</CSValueRank></CSValue><CSValue><CSValueCode>3034565</CSValueCode><CSValueName>Dutch</CSValueName><CSValueRank>3</CSValueRank></CSValue><CSValue><CSValueCode>3032771</CSValueCode><CSValueName>English</CSValueName><CSValueRank>4</CSValueRank></CSValue><CSValue><CSValueCode>VA4063224</CSValueCode><CSValueName>Finnish</CSValueName><CSValueRank>5</CSValueRank></CSValue><CSValue><CSValueCode>3032772</CSValueCode><CSValueName>French</CSValueName><CSValueRank>6</CSValueRank></CSValue><CSValue><CSValueCode>3032773</CSValueCode><CSValueName>German</CSValueName><CSValueRank>7</CSValueRank></CSValue><CSValue><CSValueCode>VA4002508</CSValueCode><CSValueName>Greek</CSValueName><CSValueRank>8</CSValueRank></CSValue><CSValue><CSValueCode>3034563</CSValueCode><CSValueName>Hungarian</CSValueName><CSValueRank>9</CSValueRank></CSValue><CSValue><CSValueCode>3032774</CSValueCode><CSValueName>Italian</CSValueName><CSValueRank>10</CSValueRank></CSValue><CSValue><CSValueCode>3038221</CSValueCode><CSValueName>Japanese</CSValueName><CSValueRank>11</CSValueRank></CSValue><CSValue><CSValueCode>3039946</CSValueCode><CSValueName>Korean</CSValueName><CSValueRank>12</CSValueRank></CSValue><CSValue><CSValueCode>3034564</CSValueCode><CSValueName>Polish</CSValueName><CSValueRank>13</CSValueRank></CSValue><CSValue><CSValueCode>3032775</CSValueCode><CSValueName>Portuguese</CSValueName><CSValueRank>14</CSValueRank></CSValue><CSValue><CSValueCode>3032776</CSValueCode><CSValueName>Russian</CSValueName><CSValueRank>15</CSValueRank></CSValue><CSValue><CSValueCode>3034114</CSValueCode><CSValueName>Simplified Chinese</CSValueName><CSValueRank>16</CSValueRank></CSValue><CSValue><CSValueCode>3032777</CSValueCode><CSValueName>Spanish</CSValueName><CSValueRank>17</CSValueRank></CSValue><CSValue><CSValueCode>3034562</CSValueCode><CSValueName>Swedish</CSValueName><CSValueRank>18</CSValueRank></CSValue><CSValue><CSValueCode>3034115</CSValueCode><CSValueName>Traditional Chinese</CSValueName><CSValueRank>19</CSValueRank></CSValue><CSValue><CSValueCode>3035749</CSValueCode><CSValueName>Turkish</CSValueName><CSValueRank>20</CSValueRank></CSValue><CSValue><CSValueCode>VA4065364</CSValueCode><CSValueName>Ukranian</CSValueName><CSValueRank>21</CSValueRank></CSValue></CSItem><CSItem><CSItemCode>3006694</CSItemCode><CSItemName>Other convenience</CSItemName><CSItemRank>5</CSItemRank><CSItemIsFreeFormat>0</CSItemIsFreeFormat><CSValue><CSValueCode>3032778</CSValueCode><CSValueName>Kensington lock</CSValueName><CSValueRank>1</CSValueRank></CSValue><CSValue><CSValueCode>VA4016754</CSValueCode><CSValueName>VESA mount (100x100mm)</CSValueName><CSValueRank>2</CSValueRank></CSValue></CSItem><CSItem><CSItemCode>3006699</CSItemCode><CSItemName>Plug &amp; Play Compatibility</CSItemName><CSItemRank>6</CSItemRank><CSItemIsFreeFormat>0</CSItemIsFreeFormat><CSValue><CSValueCode>3043209</CSValueCode><CSValueName>DDC/CI</CSValueName><CSValueRank>1</CSValueRank></CSValue><CSValue><CSValueCode>3046249</CSValueCode><CSValueName>Mac OS X</CSValueName><CSValueRank>2</CSValueRank></CSValue><CSValue><CSValueCode>3032788</CSValueCode><CSValueName>sRGB</CSValueName><CSValueRank>3</CSValueRank></CSValue><CSValue><CSValueCode>VA4058681</CSValueCode><CSValueName>Windows 8/7/Vista</CSValueName><CSValueRank>4</CSValueRank></CSValue></CSItem></CSChapter><CSChapter><CSChapterCode>CH4000824</CSChapterCode><CSChapterName>Stand</CSChapterName><CSChapterRank>5</CSChapterRank><CSItem><CSItemCode>IT4004951</CSItemCode><CSItemName>Height adjustment</CSItemName><CSItemRank>1</CSItemRank><CSItemIsFreeFormat>1</CSItemIsFreeFormat><CSValue><CSValueCode>VA4015656</CSValueCode><CSValueName>110</CSValueName><CSValueRank>1</CSValueRank></CSValue><UnitOfMeasure><UnitOfMeasureCode>3000058</UnitOfMeasureCode><UnitOfMeasureName>millimeter</UnitOfMeasureName><UnitOfMeasureSymbol>mm</UnitOfMeasureSymbol></UnitOfMeasure></CSItem><CSItem><CSItemCode>IT4004952</CSItemCode><CSItemName>Pivot</CSItemName><CSItemRank>2</CSItemRank><CSItemIsFreeFormat>1</CSItemIsFreeFormat><CSValue><CSValueCode>VA4015657</CSValueCode><CSValueName>90 degree</CSValueName><CSValueRank>1</CSValueRank></CSValue></CSItem><CSItem><CSItemCode>IT4004953</CSItemCode><CSItemName>Swivel</CSItemName><CSItemRank>3</CSItemRank><CSItemIsFreeFormat>1</CSItemIsFreeFormat><CSValue><CSValueCode>VA4015658</CSValueCode><CSValueName>-65/+65</CSValueName><CSValueRank>1</CSValueRank></CSValue><UnitOfMeasure><UnitOfMeasureCode>3000042</UnitOfMeasureCode><UnitOfMeasureName>degree</UnitOfMeasureName><UnitOfMeasureSymbol>degree</UnitOfMeasureSymbol></UnitOfMeasure></CSItem><CSItem><CSItemCode>IT4004954</CSItemCode><CSItemName>Tilt</CSItemName><CSItemRank>4</CSItemRank><CSItemIsFreeFormat>1</CSItemIsFreeFormat><CSValue><CSValueCode>VA4015659</CSValueCode><CSValueName>-5/20</CSValueName><CSValueRank>1</CSValueRank></CSValue><UnitOfMeasure><UnitOfMeasureCode>3000042</UnitOfMeasureCode><UnitOfMeasureName>degree</UnitOfMeasureName><UnitOfMeasureSymbol>degree</UnitOfMeasureSymbol></UnitOfMeasure></CSItem></CSChapter><CSChapter><CSChapterCode>3000821</CSChapterCode><CSChapterName>Power</CSChapterName><CSChapterRank>6</CSChapterRank><CSItem><CSItemCode>IT4006562</CSItemCode><CSItemName>ECO mode</CSItemName><CSItemRank>1</CSItemRank><CSItemIsFreeFormat>1</CSItemIsFreeFormat><CSValue><CSValueCode>VA4017986</CSValueCode><CSValueName>10 W (typ.)</CSValueName><CSValueRank>1</CSValueRank></CSValue></CSItem><CSItem><CSItemCode>IT4005861</CSItemCode><CSItemName>On mode</CSItemName><CSItemRank>2</CSItemRank><CSItemIsFreeFormat>1</CSItemIsFreeFormat><CSValue><CSValueCode>VA4017025</CSValueCode><CSValueName>16.34 W (typ.) (EnergyStar 7.0 test method)</CSValueName><CSValueRank>1</CSValueRank></CSValue></CSItem><CSItem><CSItemCode>IT4006150</CSItemCode><CSItemName>Standby mode</CSItemName><CSItemRank>3</CSItemRank><CSItemIsFreeFormat>1</CSItemIsFreeFormat><CSValue><CSValueCode>VA4017360</CSValueCode><CSValueName>0.1W</CSValueName><CSValueRank>1</CSValueRank></CSValue></CSItem><CSItem><CSItemCode>IT4006081</CSItemCode><CSItemName>Off mode</CSItemName><CSItemRank>4</CSItemRank><CSItemIsFreeFormat>1</CSItemIsFreeFormat><CSValue><CSValueCode>VA4017285</CSValueCode><CSValueName>Zero watts with Zero switch</CSValueName><CSValueRank>1</CSValueRank></CSValue></CSItem><CSItem><CSItemCode>3006931</CSItemCode><CSItemName>Power LED indicator</CSItemName><CSItemRank>5</CSItemRank><CSItemIsFreeFormat>0</CSItemIsFreeFormat><CSValue><CSValueCode>VA4015465</CSValueCode><CSValueName>Operation - White</CSValueName><CSValueRank>1</CSValueRank></CSValue><CSValue><CSValueCode>VA4017406</CSValueCode><CSValueName>Standby mode- White (blinking)</CSValueName><CSValueRank>2</CSValueRank></CSValue></CSItem><CSItem><CSItemCode>3006932</CSItemCode><CSItemName>Power supply</CSItemName><CSItemRank>6</CSItemRank><CSItemIsFreeFormat>0</CSItemIsFreeFormat><CSValue><CSValueCode>3033321</CSValueCode><CSValueName>Built-in</CSValueName><CSValueRank>1</CSValueRank></CSValue><CSValue><CSValueCode>VA4050622</CSValueCode><CSValueName>100-240VAC, 50-60Hz</CSValueName><CSValueRank>2</CSValueRank></CSValue></CSItem></CSChapter><CSChapter><CSChapterCode>3000820</CSChapterCode><CSChapterName>Dimensions</CSChapterName><CSChapterRank>7</CSChapterRank><CSItem><CSItemCode>IT4027351</CSItemCode><CSItemName>Product with stand(max height)</CSItemName><CSItemRank>1</CSItemRank><CSItemIsFreeFormat>1</CSItemIsFreeFormat><CSValue><CSValueCode>VA4064381</CSValueCode><CSValueName>565 x 514 x 227</CSValueName><CSValueRank>1</CSValueRank></CSValue><UnitOfMeasure><UnitOfMeasureCode>3000058</UnitOfMeasureCode><UnitOfMeasureName>millimeter</UnitOfMeasureName><UnitOfMeasureSymbol>mm</UnitOfMeasureSymbol></UnitOfMeasure></CSItem><CSItem><CSItemCode>IT4005765</CSItemCode><CSItemName>Product without stand (mm)</CSItemName><CSItemRank>2</CSItemRank><CSItemIsFreeFormat>1</CSItemIsFreeFormat><CSValue><CSValueCode>VA4016931</CSValueCode><CSValueName>565 x 353 x 61</CSValueName><CSValueRank>1</CSValueRank></CSValue><UnitOfMeasure><UnitOfMeasureCode>3000058</UnitOfMeasureCode><UnitOfMeasureName>millimeter</UnitOfMeasureName><UnitOfMeasureSymbol>mm</UnitOfMeasureSymbol></UnitOfMeasure></CSItem><CSItem><CSItemCode>IT4005766</CSItemCode><CSItemName>Packaging in mm (WxHxD)</CSItemName><CSItemRank>3</CSItemRank><CSItemIsFreeFormat>1</CSItemIsFreeFormat><CSValue><CSValueCode>VA4016932</CSValueCode><CSValueName>624 x 405 x 168</CSValueName><CSValueRank>1</CSValueRank></CSValue><UnitOfMeasure><UnitOfMeasureCode>3000058</UnitOfMeasureCode><UnitOfMeasureName>millimeter</UnitOfMeasureName><UnitOfMeasureSymbol>mm</UnitOfMeasureSymbol></UnitOfMeasure></CSItem></CSChapter><CSChapter><CSChapterCode>CH4000702</CSChapterCode><CSChapterName>Weight</CSChapterName><CSChapterRank>8</CSChapterRank><CSItem><CSItemCode>IT4005770</CSItemCode><CSItemName>Product with stand (kg)</CSItemName><CSItemRank>1</CSItemRank><CSItemIsFreeFormat>1</CSItemIsFreeFormat><CSValue><CSValueCode>VA4016936</CSValueCode><CSValueName>5.3</CSValueName><CSValueRank>1</CSValueRank></CSValue><UnitOfMeasure><UnitOfMeasureCode>3000049</UnitOfMeasureCode><UnitOfMeasureName>kilogram</UnitOfMeasureName><UnitOfMeasureSymbol>kg</UnitOfMeasureSymbol></UnitOfMeasure></CSItem><CSItem><CSItemCode>IT4005771</CSItemCode><CSItemName>Product without stand (kg)</CSItemName><CSItemRank>2</CSItemRank><CSItemIsFreeFormat>1</CSItemIsFreeFormat><CSValue><CSValueCode>VA4016937</CSValueCode><CSValueName>3.45</CSValueName><CSValueRank>1</CSValueRank></CSValue><UnitOfMeasure><UnitOfMeasureCode>3000049</UnitOfMeasureCode><UnitOfMeasureName>kilogram</UnitOfMeasureName><UnitOfMeasureSymbol>kg</UnitOfMeasureSymbol></UnitOfMeasure></CSItem><CSItem><CSItemCode>IT4005772</CSItemCode><CSItemName>Product with packaging (kg)</CSItemName><CSItemRank>3</CSItemRank><CSItemIsFreeFormat>1</CSItemIsFreeFormat><CSValue><CSValueCode>VA4016938</CSValueCode><CSValueName>7.03</CSValueName><CSValueRank>1</CSValueRank></CSValue><UnitOfMeasure><UnitOfMeasureCode>3000049</UnitOfMeasureCode><UnitOfMeasureName>kilogram</UnitOfMeasureName><UnitOfMeasureSymbol>kg</UnitOfMeasureSymbol></UnitOfMeasure></CSItem></CSChapter><CSChapter><CSChapterCode>CH4000823</CSChapterCode><CSChapterName>Operating conditions</CSChapterName><CSChapterRank>9</CSChapterRank><CSItem><CSItemCode>IT4004946</CSItemCode><CSItemName>Temperature range (operation)</CSItemName><CSItemRank>1</CSItemRank><CSItemIsFreeFormat>1</CSItemIsFreeFormat><CSValue><CSValueCode>VA4015651</CSValueCode><CSValueName>0°C to 40°C</CSValueName><CSValueRank>1</CSValueRank></CSValue><UnitOfMeasure><UnitOfMeasureCode>3000081</UnitOfMeasureCode><UnitOfMeasureName>degree Celsius</UnitOfMeasureName><UnitOfMeasureSymbol>°C</UnitOfMeasureSymbol></UnitOfMeasure></CSItem><CSItem><CSItemCode>IT4004947</CSItemCode><CSItemName>Temperature range (storage)</CSItemName><CSItemRank>2</CSItemRank><CSItemIsFreeFormat>1</CSItemIsFreeFormat><CSValue><CSValueCode>VA4015652</CSValueCode><CSValueName>-20°C to 60°C</CSValueName><CSValueRank>1</CSValueRank></CSValue><UnitOfMeasure><UnitOfMeasureCode>3000081</UnitOfMeasureCode><UnitOfMeasureName>degree Celsius</UnitOfMeasureName><UnitOfMeasureSymbol>°C</UnitOfMeasureSymbol></UnitOfMeasure></CSItem><CSItem><CSItemCode>IT4004948</CSItemCode><CSItemName>Relative humidity</CSItemName><CSItemRank>3</CSItemRank><CSItemIsFreeFormat>1</CSItemIsFreeFormat><CSValue><CSValueCode>VA4015653</CSValueCode><CSValueName>20%-80</CSValueName><CSValueRank>1</CSValueRank></CSValue><UnitOfMeasure><UnitOfMeasureCode>3000065</UnitOfMeasureCode><UnitOfMeasureName>percentage</UnitOfMeasureName><UnitOfMeasureSymbol>%</UnitOfMeasureSymbol></UnitOfMeasure></CSItem><CSItem><CSItemCode>IT4023612</CSItemCode><CSItemName>Altitude</CSItemName><CSItemRank>4</CSItemRank><CSItemIsFreeFormat>1</CSItemIsFreeFormat><CSValue><CSValueCode>VA4054761</CSValueCode><CSValueName>Operation: +12,000ft (3,658m), Non-operation: +40,000ft (12,192m)</CSValueName><CSValueRank>1</CSValueRank></CSValue></CSItem><CSItem><CSItemCode>IT4004949</CSItemCode><CSItemName>MTBF</CSItemName><CSItemRank>5</CSItemRank><CSItemIsFreeFormat>1</CSItemIsFreeFormat><CSValue><CSValueCode>VA4015654</CSValueCode><CSValueName>30,000</CSValueName><CSValueRank>1</CSValueRank></CSValue><UnitOfMeasure><UnitOfMeasureCode>4000007</UnitOfMeasureCode><UnitOfMeasureName>-Hour</UnitOfMeasureName><UnitOfMeasureSymbol>hour(s)</UnitOfMeasureSymbol></UnitOfMeasure></CSItem></CSChapter><CSChapter><CSChapterCode>CH4000822</CSChapterCode><CSChapterName>Sustainability</CSChapterName><CSChapterRank>10</CSChapterRank><CSItem><CSItemCode>IT4004941</CSItemCode><CSItemName>Environmental and energy</CSItemName><CSItemRank>1</CSItemRank><CSItemIsFreeFormat>0</CSItemIsFreeFormat><CSValue><CSValueCode>VA4094404</CSValueCode><CSValueName>EnergyStar 7.0</CSValueName><CSValueRank>1</CSValueRank></CSValue><CSValue><CSValueCode>VA4042542</CSValueCode><CSValueName>PowerSensor</CSValueName><CSValueRank>2</CSValueRank></CSValue><CSValue><CSValueCode>VA4060101</CSValueCode><CSValueName>EPEAT Gold*</CSValueName><CSValueRank>3</CSValueRank></CSValue><CSValue><CSValueCode>VA4039413</CSValueCode><CSValueName>TCO edge</CSValueName><CSValueRank>4</CSValueRank></CSValue><CSValue><CSValueCode>VA4015645</CSValueCode><CSValueName>RoHS</CSValueName><CSValueRank>5</CSValueRank></CSValue></CSItem><CSItem><CSItemCode>IT4004944</CSItemCode><CSItemName>Recyclable packaging material</CSItemName><CSItemRank>2</CSItemRank><CSItemIsFreeFormat>1</CSItemIsFreeFormat><CSValue><CSValueCode>VA4015649</CSValueCode><CSValueName>100</CSValueName><CSValueRank>1</CSValueRank></CSValue><UnitOfMeasure><UnitOfMeasureCode>3000065</UnitOfMeasureCode><UnitOfMeasureName>percentage</UnitOfMeasureName><UnitOfMeasureSymbol>%</UnitOfMeasureSymbol></UnitOfMeasure></CSItem><CSItem><CSItemCode>IT4019073</CSItemCode><CSItemName>Post consumer recycled plastic</CSItemName><CSItemRank>3</CSItemRank><CSItemIsFreeFormat>0</CSItemIsFreeFormat><CSValue><CSValueCode>VA4042551</CSValueCode><CSValueName>65%</CSValueName><CSValueRank>1</CSValueRank></CSValue></CSItem><CSItem><CSItemCode>IT4018633</CSItemCode><CSItemName>Specific Substances</CSItemName><CSItemRank>4</CSItemRank><CSItemIsFreeFormat>0</CSItemIsFreeFormat><CSValue><CSValueCode>VA4039543</CSValueCode><CSValueName>PVC / BFR free housing</CSValueName><CSValueRank>1</CSValueRank></CSValue><CSValue><CSValueCode>VA4042544</CSValueCode><CSValueName>Mercury free</CSValueName><CSValueRank>2</CSValueRank></CSValue><CSValue><CSValueCode>VA4042543</CSValueCode><CSValueName>Lead free</CSValueName><CSValueRank>3</CSValueRank></CSValue></CSItem></CSChapter><CSChapter><CSChapterCode>CH4001161</CSChapterCode><CSChapterName>Compliance and standards</CSChapterName><CSChapterRank>11</CSChapterRank><CSItem><CSItemCode>IT4006152</CSItemCode><CSItemName>Regulatory Approvals</CSItemName><CSItemRank>1</CSItemRank><CSItemIsFreeFormat>0</CSItemIsFreeFormat><CSValue><CSValueCode>VA4017528</CSValueCode><CSValueName>BSMI</CSValueName><CSValueRank>1</CSValueRank></CSValue><CSValue><CSValueCode>VA4017361</CSValueCode><CSValueName>CE Mark</CSValueName><CSValueRank>2</CSValueRank></CSValue><CSValue><CSValueCode>VA4064941</CSValueCode><CSValueName>cETLus</CSValueName><CSValueRank>3</CSValueRank></CSValue><CSValue><CSValueCode>VA4027482</CSValueCode><CSValueName>FCC Class B</CSValueName><CSValueRank>4</CSValueRank></CSValue><CSValue><CSValueCode>VA4017536</CSValueCode><CSValueName>GOST</CSValueName><CSValueRank>5</CSValueRank></CSValue><CSValue><CSValueCode>VA4033550</CSValueCode><CSValueName>SASO</CSValueName><CSValueRank>6</CSValueRank></CSValue><CSValue><CSValueCode>VA4017365</CSValueCode><CSValueName>SEMKO</CSValueName><CSValueRank>7</CSValueRank></CSValue><CSValue><CSValueCode>VA4017369</CSValueCode><CSValueName>TUV Ergo</CSValueName><CSValueRank>8</CSValueRank></CSValue><CSValue><CSValueCode>VA4017368</CSValueCode><CSValueName>TUV/GS</CSValueName><CSValueRank>9</CSValueRank></CSValue><CSValue><CSValueCode>VA4033547</CSValueCode><CSValueName>WEEE</CSValueName><CSValueRank>10</CSValueRank></CSValue><CSValue><CSValueCode>VA4033548</CSValueCode><CSValueName>TCO certified</CSValueName><CSValueRank>11</CSValueRank></CSValue></CSItem></CSChapter><CSChapter><CSChapterCode>CH4000825</CSChapterCode><CSChapterName>Cabinet</CSChapterName><CSChapterRank>12</CSChapterRank><CSItem><CSItemCode>IT4019074</CSItemCode><CSItemName>Front bezel</CSItemName><CSItemRank>1</CSItemRank><CSItemIsFreeFormat>1</CSItemIsFreeFormat><CSValue><CSValueCode>VA4042547</CSValueCode><CSValueName>Silver</CSValueName><CSValueRank>1</CSValueRank></CSValue></CSItem><CSItem><CSItemCode>IT4019075</CSItemCode><CSItemName>Rear cover</CSItemName><CSItemRank>2</CSItemRank><CSItemIsFreeFormat>1</CSItemIsFreeFormat><CSValue><CSValueCode>VA4042548</CSValueCode><CSValueName>Black</CSValueName><CSValueRank>1</CSValueRank></CSValue></CSItem><CSItem><CSItemCode>IT4019076</CSItemCode><CSItemName>Foot</CSItemName><CSItemRank>3</CSItemRank><CSItemIsFreeFormat>1</CSItemIsFreeFormat><CSValue><CSValueCode>VA4042549</CSValueCode><CSValueName>Silver</CSValueName><CSValueRank>1</CSValueRank></CSValue></CSItem><CSItem><CSItemCode>IT4004956</CSItemCode><CSItemName>Finish</CSItemName><CSItemRank>4</CSItemRank><CSItemIsFreeFormat>1</CSItemIsFreeFormat><CSValue><CSValueCode>VA4015661</CSValueCode><CSValueName>Texture</CSValueName><CSValueRank>1</CSValueRank></CSValue></CSItem></CSChapter><CSChapter><CSChapterCode>CH4008581</CSChapterCode><CSChapterName>What's in the box?</CSChapterName><CSChapterRank>14</CSChapterRank><CSItem><CSItemCode>IT4040999</CSItemCode><CSItemName>Monitor with stand</CSItemName><CSItemRank>1</CSItemRank><CSItemIsFreeFormat>1</CSItemIsFreeFormat><CSValue><CSValueCode>VA4095569</CSValueCode><CSValueName>yes</CSValueName><CSValueRank>1</CSValueRank></CSValue></CSItem><CSItem><CSItemCode>IT4041000</CSItemCode><CSItemName>Cables</CSItemName><CSItemRank>2</CSItemRank><CSItemIsFreeFormat>1</CSItemIsFreeFormat><CSValue><CSValueCode>VA4095570</CSValueCode><CSValueName>VGA, DVI, Audio, Power</CSValueName><CSValueRank>1</CSValueRank></CSValue></CSItem><CSItem><CSItemCode>IT4041030</CSItemCode><CSItemName>User Documentation</CSItemName><CSItemRank>3</CSItemRank><CSItemIsFreeFormat>1</CSItemIsFreeFormat><CSValue><CSValueCode>VA4095604</CSValueCode><CSValueName>yes</CSValueName><CSValueRank>1</CSValueRank></CSValue></CSItem></CSChapter><Filters><Purpose type="Comparison"><Features><Feature code="F400019720" rank="1" referenceName="LED technology"/><Feature code="F400035276" rank="2" referenceName="M4 PowerSensor"/><Feature code="F400035294" rank="3" referenceName="Displayport"/><Feature code="F400035325" rank="4" referenceName="SmartErgoBase"/><Feature code="F400035282" rank="5" referenceName="Low bezel-to-table height"/><Feature code="F400035281" rank="6" referenceName="Built-in stereo speakers for multimedia"/><Feature code="F400036685" rank="7" referenceName="M4 2 Ports USB 2.0 HUB"/><Feature code="F400035289" rank="8" referenceName="M4 SmartImage"/><Feature code="F400035279" rank="9" referenceName="TCO Edge"/><Feature code="F400035269" rank="10" referenceName="PVC-BFR free housing"/><Feature code="F400035278" rank="11" referenceName="Zero power consumption"/></Features><CSItems><CSItem code="3006169" rank="1" referenceName="Picture/Display - LCD panel type"/><CSItem code="3006576" rank="1" referenceName="Connectivity - Signal Input"/><CSItem code="IT4014853" rank="1" referenceName="Convenience - Built-in Speakers"/><CSItem code="IT4004951" rank="1" referenceName="Stand - Height adjustment"/><CSItem code="IT4006562" rank="1" referenceName="Power - ECO mode"/><CSItem code="IT4027351" rank="1" referenceName="Dimensions - Product with stand(max height)"/><CSItem code="IT4005770" rank="1" referenceName="Weight - Product with stand (kg)"/><CSItem code="IT4004946" rank="1" referenceName="Operating conditions - Temperature range (operation)"/><CSItem code="IT4004941" rank="1" referenceName="Sustainability - Environmental and energy"/><CSItem code="IT4006152" rank="1" referenceName="Compliance and standards - Regulatory Approvals"/><CSItem code="IT4019074" rank="1" referenceName="Cabinet - Front bezel"/><CSItem code="IT4040999" rank="1" referenceName="What's in the box? - Monitor with stand"/><CSItem code="IT4007209" rank="2" referenceName="Picture/Display - Backlight type"/><CSItem code="3006583" rank="2" referenceName="Connectivity - USB"/><CSItem code="3006633" rank="2" referenceName="Convenience - User convenience"/><CSItem code="IT4004952" rank="2" referenceName="Stand - Pivot"/><CSItem code="IT4005861" rank="2" referenceName="Power - On mode"/><CSItem code="IT4005765" rank="2" referenceName="Dimensions - Product without stand (mm)"/><CSItem code="IT4005771" rank="2" referenceName="Weight - Product without stand (kg)"/><CSItem code="IT4004947" rank="2" referenceName="Operating conditions - Temperature range (storage)"/><CSItem code="IT4004944" rank="2" referenceName="Sustainability - Recyclable packaging material"/><CSItem code="IT4019075" rank="2" referenceName="Cabinet - Rear cover"/><CSItem code="IT4041000" rank="2" referenceName="What's in the box? - Cables"/><CSItem code="3006180" rank="3" referenceName="Picture/Display - Panel Size"/><CSItem code="3006588" rank="3" referenceName="Connectivity - Sync Input"/><CSItem code="IT4019071" rank="3" referenceName="Convenience - Control software"/><CSItem code="IT4004953" rank="3" referenceName="Stand - Swivel"/><CSItem code="IT4006150" rank="3" referenceName="Power - Standby mode"/><CSItem code="IT4005766" rank="3" referenceName="Dimensions - Packaging in mm (WxHxD)"/><CSItem code="IT4005772" rank="3" referenceName="Weight - Product with packaging (kg)"/><CSItem code="IT4004948" rank="3" referenceName="Operating conditions - Relative humidity"/><CSItem code="IT4019073" rank="3" referenceName="Sustainability - Post consumer recycled plastic"/><CSItem code="IT4019076" rank="3" referenceName="Cabinet - Foot"/><CSItem code="IT4041030" rank="3" referenceName="What's in the box? - User Documentation"/><CSItem code="3006149" rank="4" referenceName="Picture/Display - Effective viewing area"/><CSItem code="IT4005621" rank="4" referenceName="Connectivity - Audio (In/Out)"/><CSItem code="3006693" rank="4" referenceName="Convenience - OSD Languages"/><CSItem code="IT4004954" rank="4" referenceName="Stand - Tilt"/><CSItem code="IT4006081" rank="4" referenceName="Power - Off mode"/><CSItem code="IT4023612" rank="4" referenceName="Operating conditions - Altitude"/><CSItem code="IT4018633" rank="4" referenceName="Sustainability - Specific Substances"/><CSItem code="IT4004956" rank="4" referenceName="Cabinet - Finish"/><CSItem code="3006121" rank="5" referenceName="Picture/Display - Aspect ratio"/><CSItem code="3006694" rank="5" referenceName="Convenience - Other convenience"/><CSItem code="3006931" rank="5" referenceName="Power - Power LED indicator"/><CSItem code="IT4004949" rank="5" referenceName="Operating conditions - MTBF"/><CSItem code="3006193" rank="6" referenceName="Picture/Display - Optimum resolution"/><CSItem code="3006699" rank="6" referenceName="Convenience - Plug &amp; Play Compatibility"/><CSItem code="3006932" rank="6" referenceName="Power - Power supply"/><CSItem code="3006197" rank="7" referenceName="Picture/Display - Response time (typical)"/><CSItem code="3006127" rank="8" referenceName="Picture/Display - Brightness"/><CSItem code="3006133" rank="9" referenceName="Picture/Display - Contrast ratio (typical)"/><CSItem code="IT4006148" rank="10" referenceName="Picture/Display - SmartContrast"/><CSItem code="3006186" rank="11" referenceName="Picture/Display - Pixel pitch"/><CSItem code="3007518" rank="12" referenceName="Picture/Display - Viewing angle"/><CSItem code="3006183" rank="13" referenceName="Picture/Display - Picture enhancement"/><CSItem code="3006143" rank="14" referenceName="Picture/Display - Display colors"/><CSItem code="IT4006149" rank="15" referenceName="Picture/Display - Scanning Frequency"/><CSItem code="3006207" rank="16" referenceName="Picture/Display - sRGB"/></CSItems></Purpose><Purpose type="Detail"><Features><Feature code="F400019720" rank="1" referenceName="LED technology"/><Feature code="F400035276" rank="2" referenceName="M4 PowerSensor"/><Feature code="F400035294" rank="3" referenceName="Displayport"/><Feature code="F400035325" rank="4" referenceName="SmartErgoBase"/><Feature code="F400035282" rank="5" referenceName="Low bezel-to-table height"/><Feature code="F400035281" rank="6" referenceName="Built-in stereo speakers for multimedia"/><Feature code="F400036685" rank="7" referenceName="M4 2 Ports USB 2.0 HUB"/><Feature code="F400035289" rank="8" referenceName="M4 SmartImage"/><Feature code="F400035279" rank="9" referenceName="TCO Edge"/><Feature code="F400035269" rank="10" referenceName="PVC-BFR free housing"/><Feature code="F400035278" rank="11" referenceName="Zero power consumption"/></Features><CSItems><CSItem code="3006169" rank="1" referenceName="Picture/Display - LCD panel type"/><CSItem code="3006576" rank="1" referenceName="Connectivity - Signal Input"/><CSItem code="IT4014853" rank="1" referenceName="Convenience - Built-in Speakers"/><CSItem code="IT4004951" rank="1" referenceName="Stand - Height adjustment"/><CSItem code="IT4006562" rank="1" referenceName="Power - ECO mode"/><CSItem code="IT4027351" rank="1" referenceName="Dimensions - Product with stand(max height)"/><CSItem code="IT4005770" rank="1" referenceName="Weight - Product with stand (kg)"/><CSItem code="IT4004946" rank="1" referenceName="Operating conditions - Temperature range (operation)"/><CSItem code="IT4004941" rank="1" referenceName="Sustainability - Environmental and energy"/><CSItem code="IT4006152" rank="1" referenceName="Compliance and standards - Regulatory Approvals"/><CSItem code="IT4019074" rank="1" referenceName="Cabinet - Front bezel"/><CSItem code="IT4040999" rank="1" referenceName="What's in the box? - Monitor with stand"/><CSItem code="IT4007209" rank="2" referenceName="Picture/Display - Backlight type"/><CSItem code="3006583" rank="2" referenceName="Connectivity - USB"/><CSItem code="3006633" rank="2" referenceName="Convenience - User convenience"/><CSItem code="IT4004952" rank="2" referenceName="Stand - Pivot"/><CSItem code="IT4005861" rank="2" referenceName="Power - On mode"/><CSItem code="IT4005765" rank="2" referenceName="Dimensions - Product without stand (mm)"/><CSItem code="IT4005771" rank="2" referenceName="Weight - Product without stand (kg)"/><CSItem code="IT4004947" rank="2" referenceName="Operating conditions - Temperature range (storage)"/><CSItem code="IT4004944" rank="2" referenceName="Sustainability - Recyclable packaging material"/><CSItem code="IT4019075" rank="2" referenceName="Cabinet - Rear cover"/><CSItem code="IT4041000" rank="2" referenceName="What's in the box? - Cables"/><CSItem code="3006180" rank="3" referenceName="Picture/Display - Panel Size"/><CSItem code="3006588" rank="3" referenceName="Connectivity - Sync Input"/><CSItem code="IT4019071" rank="3" referenceName="Convenience - Control software"/><CSItem code="IT4004953" rank="3" referenceName="Stand - Swivel"/><CSItem code="IT4006150" rank="3" referenceName="Power - Standby mode"/><CSItem code="IT4005766" rank="3" referenceName="Dimensions - Packaging in mm (WxHxD)"/><CSItem code="IT4005772" rank="3" referenceName="Weight - Product with packaging (kg)"/><CSItem code="IT4004948" rank="3" referenceName="Operating conditions - Relative humidity"/><CSItem code="IT4019073" rank="3" referenceName="Sustainability - Post consumer recycled plastic"/><CSItem code="IT4019076" rank="3" referenceName="Cabinet - Foot"/><CSItem code="IT4041030" rank="3" referenceName="What's in the box? - User Documentation"/><CSItem code="3006149" rank="4" referenceName="Picture/Display - Effective viewing area"/><CSItem code="IT4005621" rank="4" referenceName="Connectivity - Audio (In/Out)"/><CSItem code="3006693" rank="4" referenceName="Convenience - OSD Languages"/><CSItem code="IT4004954" rank="4" referenceName="Stand - Tilt"/><CSItem code="IT4006081" rank="4" referenceName="Power - Off mode"/><CSItem code="IT4023612" rank="4" referenceName="Operating conditions - Altitude"/><CSItem code="IT4018633" rank="4" referenceName="Sustainability - Specific Substances"/><CSItem code="IT4004956" rank="4" referenceName="Cabinet - Finish"/><CSItem code="3006121" rank="5" referenceName="Picture/Display - Aspect ratio"/><CSItem code="3006694" rank="5" referenceName="Convenience - Other convenience"/><CSItem code="3006931" rank="5" referenceName="Power - Power LED indicator"/><CSItem code="IT4004949" rank="5" referenceName="Operating conditions - MTBF"/><CSItem code="3006193" rank="6" referenceName="Picture/Display - Optimum resolution"/><CSItem code="3006699" rank="6" referenceName="Convenience - Plug &amp; Play Compatibility"/><CSItem code="3006932" rank="6" referenceName="Power - Power supply"/><CSItem code="3006197" rank="7" referenceName="Picture/Display - Response time (typical)"/><CSItem code="3006127" rank="8" referenceName="Picture/Display - Brightness"/><CSItem code="3006133" rank="9" referenceName="Picture/Display - Contrast ratio (typical)"/><CSItem code="IT4006148" rank="10" referenceName="Picture/Display - SmartContrast"/><CSItem code="3006186" rank="11" referenceName="Picture/Display - Pixel pitch"/><CSItem code="3007518" rank="12" referenceName="Picture/Display - Viewing angle"/><CSItem code="3006183" rank="13" referenceName="Picture/Display - Picture enhancement"/><CSItem code="3006143" rank="14" referenceName="Picture/Display - Display colors"/><CSItem code="IT4006149" rank="15" referenceName="Picture/Display - Scanning Frequency"/><CSItem code="3006207" rank="16" referenceName="Picture/Display - sRGB"/></CSItems></Purpose></Filters><FeatureCompareGroups/><Disclaimers><Disclaimer code="DIS40004161" rank="1" referenceName="EPEAT Gold_Silver*"><DisclaimerText>EPEAT Gold or Silver is valid only where Philips registers the product. Please visit www.epeat.net for registration status in your country.</DisclaimerText><DisclaimElements/></Disclaimer></Disclaimers><RichTexts/></Product></Products>