<?xml version="1.0" encoding="UTF-8"?><Products xmlns:source="http://apache.org/cocoon/source/1.0" DocStatus="approved" DocTimeStamp="2018-10-19T09:19:04"><Product IsAccessory="false" IsMaster="true" lastModified="2018-10-17T00:42:42" masterLastModified="2018-10-17T00:39:29"><CTN>FC6041/01</CTN><MarketingVersion>4.0.1</MarketingVersion><MarketingStatus>Final Published</MarketingStatus><CRDate>2011-01-07</CRDate><CRDateYW>201101</CRDateYW><ModelYears><ModelYear>2011</ModelYear></ModelYears><ProductDivision><ProductDivisionCode>0200</ProductDivisionCode><ProductDivisionName>Consumer Lifestyle</ProductDivisionName><FormerPDCode>0300</FormerPDCode></ProductDivision><ProductOwner>Bobby Chedie</ProductOwner><DTN>FC6041</DTN><Catalog><StartOfPublication>2011-02-07T00:00:00</StartOfPublication><EndOfPublication>2020-12-09T00:00:00</EndOfPublication><StartOfSales>2011-02-07T00:00:00</StartOfSales><EndOfSales>2020-12-09T00:00:00</EndOfSales><DummyPrice/><Deleted>false</Deleted><DeleteAfterDate/><ProductRank>50</ProductRank></Catalog><FinancialCategorization><BusinessGroupCode>9042</BusinessGroupCode><BusinessGroupName>Domestic Appliances</BusinessGroupName><BusinessUnitCode>0351</BusinessUnitCode><BusinessUnitName>Floor Care</BusinessUnitName><MainArticleGroupCode>F75</MainArticleGroupCode><MainArticleGroupName>Accessories</MainArticleGroupName><ArticleGroupCode>0195</ArticleGroupCode><ArticleGroupName>Other</ArticleGroupName></FinancialCategorization><Categorization type="CONSUMER"><GroupCode>HOUSEHOLD_PRODUCTS_GR</GroupCode><GroupName>Household products</GroupName><CategoryCode>VACUUM_CLEANER_ACC_CA</CategoryCode><CategoryName>Vacuum Cleaner accessories</CategoryName><SubcategoryCode>VACUUM_CLEANER_PARTS_SU</SubcategoryCode><SubcategoryName>Vaccum cleaner parts</SubcategoryName></Categorization><Assets><Asset code="FC6041_01" description="Leaflet" extension="pdf" lastModified="2017-03-10" locale="ru_RU" number="001" type="PSS">http://download.p4c.philips.com/files/f/fc6041_01/fc6041_01_pss_rusru.pdf</Asset><Asset code="FC6041_01" description="Leaflet" extension="pdf" lastModified="2016-04-18" locale="global" number="001" type="PSS">http://download.p4c.philips.com/files/f/fc6041_01/fc6041_01_pss_.pdf</Asset><Asset code="FC6041_01" description="Standard product photograph - highres 2196x1795" extension="jpg" lastModified="2011-04-26" locale="global" number="001" type="RTP">http://images.philips.com/is/image/PhilipsConsumer/FC6041_01-RTP-global-001</Asset><Asset code="FC6041_01" description="Single product shot" extension="" lastModified="2018-10-17" locale="" number="" type="IMS">http://images.philips.com/is/image/PhilipsConsumer/FC6041_01-IMS-</Asset><Asset code="FC6041_01" description="Product gallery image set" extension="" lastModified="2018-10-17" locale="" number="" type="GAL">http://images.philips.com/is/image/PhilipsConsumer/FC6041_01-GAL-</Asset><Asset code="PHI" description="Brand logo - highres 1476x886" extension="tif" lastModified="2016-02-18" locale="global" number="001" type="BRP">http://images.philips.com/is/image/PhilipsConsumer/PHI-BRP-global-001</Asset></Assets><ProductName>Grey Dustbag holder</ProductName><FullProductName>Philips Performer Dustbag holder FC6041 Grey</FullProductName><NamingString><MasterBrand><BrandCode>PHI</BrandCode><BrandName>Philips</BrandName></MasterBrand><BrandString>Philips</BrandString><Family><FamilyCode>SB40000484</FamilyCode><FamilyName>Performer</FamilyName><FamilyNameUsed>1</FamilyNameUsed></Family><Descriptor><DescriptorCode>D4018289</DescriptorCode><DescriptorName>Dustbag holder</DescriptorName></Descriptor><Alphanumeric>FC6041</Alphanumeric><VersionElement1><VersionElementCode>V4000904</VersionElementCode><VersionElementName>Grey</VersionElementName></VersionElement1><VersionString>Grey</VersionString><BrandedFeatureString/><DescriptorBrandedFeatureString>Dustbag holder</DescriptorBrandedFeatureString></NamingString><WOW>Keeps the dust bag in its proper position</WOW><SubWOW>Find matching products on the specifications tab</SubWOW><MarketingTextHeader>Is your current dust bag holder lost or broken? This part of your Philips vacuum cleaner, conditional for its use, can easily be replaced.</MarketingTextHeader><KeyBenefitArea><KeyBenefitAreaCode>K4014994</KeyBenefitAreaCode><KeyBenefitAreaName>Ease of using Philips spare parts</KeyBenefitAreaName><KeyBenefitAreaRank>1</KeyBenefitAreaRank><Feature><FeatureCode>F400034785</FeatureCode><FeatureReferenceName>CO-ACC-Easy replacement</FeatureReferenceName><FeatureName>Easy renew of product parts</FeatureName><FeatureLongDescription>Easy renew your product with original Philips parts</FeatureLongDescription><FeatureGlossary>From time to time your product needs a facelift but it was never so easy like with Philips consumer replacement parts to renew your product. This all with guaranteed Philips quality.</FeatureGlossary><FeatureRank>1</FeatureRank><FeatureTopRank>1</FeatureTopRank></Feature></KeyBenefitArea><FeatureImage><FeatureCode>F400034785</FeatureCode><FeatureReferenceName>CO-ACC-Easy replacement</FeatureReferenceName><FeatureImageRank>1</FeatureImageRank></FeatureImage><FeatureHighlight><FeatureCode>F400034785</FeatureCode><FeatureReferenceName>CO-ACC-Easy replacement</FeatureReferenceName><FeatureHighlightRank>1</FeatureHighlightRank></FeatureHighlight><CSChapter><CSChapterCode>4003141</CSChapterCode><CSChapterName>Replaceable part</CSChapterName><CSChapterRank>1</CSChapterRank><CSItem><CSItemCode>4016991</CSItemCode><CSItemName>Fits product types</CSItemName><CSItemRank>1</CSItemRank><CSItemIsFreeFormat>0</CSItemIsFreeFormat><CSValue><CSValueCode>VA4034850</CSValueCode><CSValueName>FC9150/01</CSValueName><CSValueRank>4</CSValueRank></CSValue><CSValue><CSValueCode>VA4034851</CSValueCode><CSValueName>FC9150/02</CSValueName><CSValueRank>5</CSValueRank></CSValue><CSValue><CSValueCode>VA4034852</CSValueCode><CSValueName>FC9150/09</CSValueName><CSValueRank>6</CSValueRank></CSValue><CSValue><CSValueCode>VA4034853</CSValueCode><CSValueName>FC9160/01</CSValueName><CSValueRank>7</CSValueRank></CSValue><CSValue><CSValueCode>VA4034854</CSValueCode><CSValueName>FC9170/01</CSValueName><CSValueRank>8</CSValueRank></CSValue><CSValue><CSValueCode>VA4034855</CSValueCode><CSValueName>FC9170/02</CSValueName><CSValueRank>9</CSValueRank></CSValue><CSValue><CSValueCode>VA4034856</CSValueCode><CSValueName>FC9170/03</CSValueName><CSValueRank>10</CSValueRank></CSValue><CSValue><CSValueCode>VA4034857</CSValueCode><CSValueName>FC9170/09</CSValueName><CSValueRank>11</CSValueRank></CSValue><CSValue><CSValueCode>VA4034858</CSValueCode><CSValueName>FC9171/01</CSValueName><CSValueRank>12</CSValueRank></CSValue><CSValue><CSValueCode>VA4034859</CSValueCode><CSValueName>FC9172/01</CSValueName><CSValueRank>13</CSValueRank></CSValue><CSValue><CSValueCode>VA4034860</CSValueCode><CSValueName>FC9172/02</CSValueName><CSValueRank>14</CSValueRank></CSValue><CSValue><CSValueCode>VA4034861</CSValueCode><CSValueName>FC9172/03</CSValueName><CSValueRank>15</CSValueRank></CSValue><CSValue><CSValueCode>VA4034862</CSValueCode><CSValueName>FC9173/01</CSValueName><CSValueRank>16</CSValueRank></CSValue><CSValue><CSValueCode>VA4034863</CSValueCode><CSValueName>FC9174/01</CSValueName><CSValueRank>17</CSValueRank></CSValue><CSValue><CSValueCode>VA4034864</CSValueCode><CSValueName>FC9175/01</CSValueName><CSValueRank>18</CSValueRank></CSValue><CSValue><CSValueCode>VA4034865</CSValueCode><CSValueName>FC9176/01</CSValueName><CSValueRank>19</CSValueRank></CSValue><CSValue><CSValueCode>VA4035117</CSValueCode><CSValueName>HR8903/12</CSValueName><CSValueRank>20</CSValueRank></CSValue></CSItem></CSChapter><Filters><Purpose type="Comparison"><Features><Feature code="F400034785" rank="1" referenceName="CO-ACC-Easy replacement"/></Features><CSItems><CSItem code="4016991" rank="1" referenceName="Replaceable part - Fits product types"/></CSItems></Purpose><Purpose type="Detail"><Features><Feature code="F400034785" rank="1" referenceName="CO-ACC-Easy replacement"/></Features><CSItems><CSItem code="4016991" rank="1" referenceName="Replaceable part - Fits product types"/></CSItems></Purpose></Filters><FeatureCompareGroups/><Disclaimers/><RichTexts/></Product></Products>