<?xml version="1.0" encoding="UTF-8"?><Products xmlns:source="http://apache.org/cocoon/source/1.0" DocStatus="approved" DocTimeStamp="2018-10-13T06:26:08"><Product Country="PT" IsAccessory="false" IsMaster="false" Locale="pt_PT" lastModified="2018-10-08T04:31:01" masterLastModified="2017-05-13T00:14:12"><CTN>12498LLECOCP</CTN><Code12NC>924683417101</Code12NC><GTIN>8727900381986</GTIN><MarketingVersion>7.0.1</MarketingVersion><MarketingStatus>Final Published</MarketingStatus><CRDate>2014-01-03</CRDate><CRDateYW>201401</CRDateYW><ModelYears><ModelYear>2014</ModelYear></ModelYears><ProductDivision><ProductDivisionCode>0100</ProductDivisionCode><ProductDivisionName>Lighting</ProductDivisionName><FormerPDCode>0100</FormerPDCode></ProductDivision><ProductOwner>Marilyne Denis</ProductOwner><DTN>12498LLECOCP</DTN><Catalog><StartOfPublication>2017-06-15T00:00:00</StartOfPublication><EndOfPublication>2030-06-15T00:00:00</EndOfPublication><StartOfSales>2017-06-15T00:00:00</StartOfSales><EndOfSales>2030-06-15T00:00:00</EndOfSales><DummyPrice/><Deleted>false</Deleted><DeleteAfterDate/><ProductRank>50</ProductRank></Catalog><FinancialCategorization><BusinessGroupCode>9017</BusinessGroupCode><BusinessGroupName>Lamps and Accessoires</BusinessGroupName><BusinessUnitCode>9102</BusinessUnitCode><BusinessUnitName>Automotive Lamps</BusinessUnitName><MainArticleGroupCode>B16</MainArticleGroupCode><MainArticleGroupName>Halogen/Incandesc.Signall.&amp;Interior</MainArticleGroupName><ArticleGroupCode>0200</ArticleGroupCode><ArticleGroupName>Motorcar bulbs,incand.wedge-base bu</ArticleGroupName></FinancialCategorization><Categorization type="CONSUMER"><GroupCode>AUTOMOTIVE_GR</GroupCode><GroupName>Automotive</GroupName><CategoryCode>CAR_LIGHTS_CA</CategoryCode><CategoryName>Car lights</CategoryName><SubcategoryCode>SINGALLING_AND_INTERIOR_LIGHTING_SU</SubcategoryCode><SubcategoryName>Signaling and interior lighting</SubcategoryName></Categorization><Assets><Asset code="12498LLECOCP" description="Leaflet" extension="pdf" lastModified="2018-09-08" locale="pt_PT" number="001" type="PSS">http://download.p4c.philips.com/files/1/12498llecocp/12498llecocp_pss_porpt.pdf</Asset><Asset code="12498LLECOCP" description="Retail Trade Leaflet" extension="pdf" lastModified="2018-10-07" locale="pt_PT" number="001" type="RTL">http://download.p4c.philips.com/files/1/12498llecocp/12498llecocp_rtl_porpt.pdf</Asset><Asset code="12498LLECOCP" description="Alternative product photograph 5 - highres 2196x1795" extension="tif" lastModified="2016-06-03" locale="global" number="001" type="A5P">http://images.philips.com/is/image/PhilipsConsumer/12498LLECOCP-A5P-global-001</Asset><Asset code="12498LLECOCP" description="Alternative product photograph - highres 2196x1795" extension="tif" lastModified="2014-06-16" locale="global" number="001" type="APP">http://images.philips.com/is/image/PhilipsConsumer/12498LLECOCP-APP-global-001</Asset><Asset code="12498LLECOCP" description="Leaflet" extension="pdf" lastModified="2018-06-05" locale="global" number="001" type="PSS">http://download.p4c.philips.com/files/1/12498llecocp/12498llecocp_pss_.pdf</Asset><Asset code="12498LLECOCP" description="Product In Use 1 - highres 2196x1795" extension="tif" lastModified="2018-04-04" locale="global" number="001" type="U1P">http://images.philips.com/is/image/PhilipsConsumer/12498LLECOCP-U1P-global-001</Asset><Asset code="12498LLECOCP" description="Single product shot" extension="" lastModified="2018-10-08" locale="pt_PT" number="" type="IMS">http://images.philips.com/is/image/PhilipsConsumer/12498LLECOCP-IMS-pt_PT</Asset><Asset code="12498LLECOCP" description="Product gallery image set" extension="" lastModified="2018-10-08" locale="pt_PT" number="" type="GAL">http://images.philips.com/is/image/PhilipsConsumer/12498LLECOCP-GAL-pt_PT</Asset><Asset code="12498LLECOCP" description="Product URL" extension="" lastModified="2018-10-08" locale="pt_PT" number="" type="URL">http://www.philips.pt/c-p/12498LLECOCP/longlife-ecovision-luzes-interiores-e-de-sinalizacao-convencionais</Asset><Asset code="F400058687" description="Feature photograph - highres 2100x1170" extension="tif" lastModified="2014-01-09" locale="global" number="001" type="FIL">http://images.philips.com/is/image/PhilipsConsumer/F400058687-FIL-global-001</Asset><Asset code="F400058690" description="Feature photograph - highres 2100x1170" extension="tif" lastModified="2014-01-09" locale="global" number="001" type="FIL">http://images.philips.com/is/image/PhilipsConsumer/F400058690-FIL-global-001</Asset><Asset code="F400058692" description="Feature photograph - highres 2100x1170" extension="tif" lastModified="2014-01-09" locale="global" number="001" type="FIL">http://images.philips.com/is/image/PhilipsConsumer/F400058692-FIL-global-001</Asset><Asset code="F400058694" description="Feature photograph - highres 2100x1170" extension="tif" lastModified="2013-09-24" locale="global" number="001" type="FIL">http://images.philips.com/is/image/PhilipsConsumer/F400058694-FIL-global-001</Asset><Asset code="F400058695" description="Feature photograph - highres 2100x1170" extension="tif" lastModified="2013-09-24" locale="global" number="001" type="FIL">http://images.philips.com/is/image/PhilipsConsumer/F400058695-FIL-global-001</Asset><Asset code="F400058696" description="Feature photograph - highres 2100x1170" extension="tif" lastModified="2013-09-24" locale="global" number="001" type="FIL">http://images.philips.com/is/image/PhilipsConsumer/F400058696-FIL-global-001</Asset><Asset code="F400058848" description="Feature photograph - highres 2100x1170" extension="tif" lastModified="2014-01-09" locale="global" number="001" type="FIL">http://images.philips.com/is/image/PhilipsConsumer/F400058848-FIL-global-001</Asset><Asset code="F400058853" description="Feature photograph - highres 2100x1170" extension="tif" lastModified="2014-01-09" locale="global" number="001" type="FIL">http://images.philips.com/is/image/PhilipsConsumer/F400058853-FIL-global-001</Asset><Asset code="PHI" description="Brand logo - highres 1476x886" extension="tif" lastModified="2016-02-18" locale="global" number="001" type="BRP">http://images.philips.com/is/image/PhilipsConsumer/PHI-BRP-global-001</Asset></Assets><ProductName>Luzes interiores e de sinalização convencionais</ProductName><FullProductName>Philips LongLife EcoVision Luzes interiores e de sinalização convencionais 12498LLECOCP Tipo de lâmpada: P21W Embalagem: 10 12 V, 21 W</FullProductName><NamingString><MasterBrand><BrandCode>PHI</BrandCode><BrandName>Philips</BrandName></MasterBrand><BrandString>Philips</BrandString><Family><FamilyCode>SB40004945</FamilyCode><FamilyName>LongLife EcoVision</FamilyName><FamilyNameUsed>1</FamilyNameUsed></Family><Descriptor><DescriptorCode>D4023463</DescriptorCode><DescriptorName>Luzes interiores e de sinalização convencionais</DescriptorName></Descriptor><Alphanumeric>12498LLECOCP</Alphanumeric><VersionElement1><VersionElementCode>V4043989</VersionElementCode><VersionElementName>Tipo de lâmpada: P21W</VersionElementName></VersionElement1><VersionElement2><VersionElementCode>V4043915</VersionElementCode><VersionElementName>Embalagem: 10</VersionElementName></VersionElement2><VersionElement3><VersionElementCode>V4043921</VersionElementCode><VersionElementName>12 V, 21 W</VersionElementName></VersionElement3><VersionString>Tipo de lâmpada: P21W Embalagem: 10 12 V, 21 W</VersionString><BrandedFeatureString/><DescriptorBrandedFeatureString>Luzes interiores e de sinalização convencionais</DescriptorBrandedFeatureString></NamingString><WOW>Conduza com cuidado</WOW><SubWOW>Vida útil mais longa, menos substituições</SubWOW><MarketingTextHeader>Está cansado de estar sempre a mudar as suas lâmpadas de faróis? Com uma vida útil superior à de uma lâmpada para automóvel, a LongLife EcoVision da Philips é perfeita para condutores que pretendam minimizar as tarefas de manutenção nos seus veículos.</MarketingTextHeader><KeyBenefitArea><KeyBenefitAreaCode>K4021616</KeyBenefitAreaCode><KeyBenefitAreaName>Dura significativamente mais do que uma lâmpada convencional</KeyBenefitAreaName><KeyBenefitAreaRank>1</KeyBenefitAreaRank><Feature><FeatureCode>F400058690</FeatureCode><FeatureReferenceName>Change by pairs</FeatureReferenceName><FeatureName>Substituição por pares</FeatureName><FeatureLongDescription>Substitua os dois faróis ao mesmo tempo para uma maior segurança</FeatureLongDescription><FeatureGlossary>Recomenda-se vivamente a substituição por pares para um desempenho simétrico da luz</FeatureGlossary><FeatureRank>5</FeatureRank><FeatureTopRank>3</FeatureTopRank></Feature><Feature><FeatureCode>F400058687</FeatureCode><FeatureReferenceName>Designed for multiple usage</FeatureReferenceName><FeatureName>Concebida para múltiplas utilizações</FeatureName><FeatureLongDescription>Vasta gama de lâmpadas de 12 V para todo o tipo de funções</FeatureLongDescription><FeatureGlossary>Qual a lâmpada de 12 V mais adequada para cada função? A oferta da Philips Automotive inclui todas as funções específicas para automóveis: luz de máximos, luz de médios, luz dianteira de nevoeiro, indicador frontal, indicador lateral, indicador traseiro, luz de travagem, luz de marcha-atrás, luz traseira de nevoeiro, luzes da chapa de matrícula, luz de posição traseira/de estacionamento e luzes interiores.</FeatureGlossary><FeatureRank>4</FeatureRank><FeatureTopRank>4</FeatureTopRank></Feature><Feature><FeatureCode>F400058848</FeatureCode><FeatureReferenceName>Drive several times longer</FeatureReferenceName><FeatureName>Dura várias vezes mais</FeatureName><FeatureLongDescription>Sem necessidade de substituição durante 100 000 km</FeatureLongDescription><FeatureGlossary>Com a LongLife EcoVision da Philips, os condutores não precisam de se preocupar com a substituição dos faróis durante, no mínimo, 100 000 km.</FeatureGlossary><FeatureRank>1</FeatureRank><FeatureTopRank>5</FeatureTopRank></Feature><Feature><FeatureCode>F400058855</FeatureCode><FeatureReferenceName>Reduce waste, drive greener</FeatureReferenceName><FeatureName>Reduza o desperdício, conduza de forma mais ecológica</FeatureName><FeatureLongDescription>Menos desperdício graças a menos substituições</FeatureLongDescription><FeatureGlossary>É a escolha certa para os condutores que pretendem uma solução de iluminação ecológica.</FeatureGlossary><FeatureRank>3</FeatureRank><FeatureTopRank>8</FeatureTopRank></Feature><Feature><FeatureCode>F400058853</FeatureCode><FeatureReferenceName>Reduced maintenance</FeatureReferenceName><FeatureName>Manutenção reduzida</FeatureName><FeatureLongDescription>Design de filamento de alta qualidade para minimizar as tarefas de manutenção</FeatureLongDescription><FeatureGlossary>Com a Philips LongLifeEcoVision necessita de muito menos substituições de lâmpadas. Isto torna-a ideal para automóveis com lâmpadas de alta voltagem.</FeatureGlossary><FeatureRank>2</FeatureRank><FeatureTopRank>9</FeatureTopRank></Feature></KeyBenefitArea><KeyBenefitArea><KeyBenefitAreaCode>K4025436</KeyBenefitAreaCode><KeyBenefitAreaName>Fabricante de equipamento original</KeyBenefitAreaName><KeyBenefitAreaRank>2</KeyBenefitAreaRank><Feature><FeatureCode>F400058693</FeatureCode><FeatureReferenceName>ECE homlogation</FeatureReferenceName><FeatureName>Homologação CEE</FeatureName><FeatureLongDescription>Cumprimento das normas de alta qualidade da homologação CEE</FeatureLongDescription><FeatureGlossary>Os produtos e serviços da Philips no sector automóvel são considerados os melhores na sua classe, no mercado dos fabricantes de equipamento original e no mercado de pós-venda. Fabricados com produtos de alta qualidade e testados de acordo com as especificações mais exigentes, os nossos produtos são concebidos para maximizar a segurança e o conforto da experiência de condução dos nossos clientes. A nossa gama de produtos completa é testada extensamente, controlada e certificada (ISO 9001, ISO 14001 e QSO 9000) segundo os requisitos CEE mais exigentes. Resumindo, é uma qualidade em que pode confiar.</FeatureGlossary><FeatureRank>3</FeatureRank><FeatureTopRank>1</FeatureTopRank></Feature><Feature><FeatureCode>F400082727</FeatureCode><FeatureReferenceName>Car manufacturers' choice-are the</FeatureReferenceName><FeatureName>Escolha dos fabricantes de automóveis</FeatureName><FeatureLongDescription>Os principais fabricantes de automóveis optam pela Philips.</FeatureLongDescription><FeatureGlossary>Há 100 anos que a Philips é líder na indústria de iluminação automóvel, tendo desenvolvido inovações tecnológicas que se tornaram uma referência para os automóveis modernos. Actualmente, um em cada dois automóveis na Europa e um em cada três automóveis a nível mundial está equipado com iluminação da Philips.</FeatureGlossary><FeatureRank>1</FeatureRank><FeatureTopRank>2</FeatureTopRank></Feature><Feature><FeatureCode>F400058692</FeatureCode><FeatureReferenceName>Rewarded Car lamps</FeatureReferenceName><FeatureName>Lâmpadas para automóveis premiadas</FeatureName><FeatureLongDescription>Fabricante de lâmpadas para automóveis galardoado</FeatureLongDescription><FeatureGlossary>As nossas lâmpadas são frequentemente premiadas pelos peritos do sector automóvel</FeatureGlossary><FeatureRank>2</FeatureRank><FeatureTopRank>11</FeatureTopRank></Feature></KeyBenefitArea><KeyBenefitArea><KeyBenefitAreaCode>K4025539</KeyBenefitAreaCode><KeyBenefitAreaName>Lâmpada para automóvel de elevada qualidade e ultra-resistente</KeyBenefitAreaName><KeyBenefitAreaRank>3</KeyBenefitAreaRank><Feature><FeatureCode>F400082728</FeatureCode><FeatureReferenceName>ECE homologation-Comply</FeatureReferenceName><FeatureName>Homologação CEE</FeatureName><FeatureLongDescription>Em conformidade com as normas de elevada qualidade da homologação ECE</FeatureLongDescription><FeatureGlossary>A Philips Automotive dedica-se à produção dos melhores produtos e serviços da sua classe, tanto no mercado de fabricantes de equipamento original, como no mercado de pós-venda. Os nossos produtos são fabricados a partir de materiais de alta qualidade e são testados de acordo com as especificações mais exigentes para maximizar a segurança e o conforto de condução dos nossos clientes. Toda a nossa produção é rigorosamente testada, controlada e certificada (ISO 9001, ISO 14001 e QSO 9000) de acordo com os mais exigentes requisitos CEE.</FeatureGlossary><FeatureRank>1</FeatureRank><FeatureTopRank>6</FeatureTopRank></Feature><Feature><FeatureCode>F400058694</FeatureCode><FeatureReferenceName>High quality quartz glass</FeatureReferenceName><FeatureName>Vidro de quartzo de alta qualidade</FeatureName><FeatureLongDescription>As lâmpadas para automóveis da Philips são fabricadas em vidro de quartzo de alta qualidade</FeatureLongDescription><FeatureGlossary>O vidro de quartzo UV é mais forte do que o vidro duro e é altamente resistente a temperaturas extremas e vibrações, o que elimina o risco de explosão. As lâmpadas em vidro de quartzo da Philips (filamento 2650 °C e vidro 800 °C) são capazes de suportar choques térmicos intensos. Com a capacidade de aumentar a pressão no interior da lâmpada, o vidro de quartzo UV é capaz de emitir uma luz mais potente</FeatureGlossary><FeatureRank>2</FeatureRank><FeatureTopRank>7</FeatureTopRank></Feature><Feature><FeatureCode>F400058695</FeatureCode><FeatureReferenceName>Resistance against humidity</FeatureReferenceName><FeatureName>Resistência à humidade</FeatureName><FeatureLongDescription>As lâmpadas para automóveis da Philips são altamente resistentes à humidade</FeatureLongDescription><FeatureGlossary>Apenas uma lâmpada acesa fabricada em vidro de quartzo (filamento 2650 °C, vidro 800 °C) pode resistir a choques térmicos: por exemplo, se uma gota de água fria entrar em contacto com a lâmpada quente, o que pode acontecer quando conduz à chuva com um farol partido.</FeatureGlossary><FeatureRank>3</FeatureRank><FeatureTopRank>10</FeatureTopRank></Feature><Feature><FeatureCode>F400058696</FeatureCode><FeatureReferenceName>UV Resistant</FeatureReferenceName><FeatureName>Resistente a UV</FeatureName><FeatureLongDescription>As lâmpadas para automóveis da Philips são altamente resistentes a UV</FeatureLongDescription><FeatureGlossary>A tecnologia especial de revestimento anti-UV da Philips protege os faróis contra a radiação ultravioleta prejudicial, tornando o vidro de quartzo com revestimento UV da Philips ideal para todas as condições de condução e assegurando a sua longevidade</FeatureGlossary><FeatureRank>4</FeatureRank><FeatureTopRank>12</FeatureTopRank></Feature></KeyBenefitArea><FeatureImage><FeatureCode>F400058693</FeatureCode><FeatureReferenceName>ECE homlogation</FeatureReferenceName><FeatureImageRank>1</FeatureImageRank></FeatureImage><FeatureImage><FeatureCode>F400082727</FeatureCode><FeatureReferenceName>Car manufacturers' choice-are the</FeatureReferenceName><FeatureImageRank>2</FeatureImageRank></FeatureImage><FeatureImage><FeatureCode>F400058690</FeatureCode><FeatureReferenceName>Change by pairs</FeatureReferenceName><FeatureImageRank>3</FeatureImageRank></FeatureImage><FeatureImage><FeatureCode>F400058687</FeatureCode><FeatureReferenceName>Designed for multiple usage</FeatureReferenceName><FeatureImageRank>4</FeatureImageRank></FeatureImage><FeatureImage><FeatureCode>F400058848</FeatureCode><FeatureReferenceName>Drive several times longer</FeatureReferenceName><FeatureImageRank>5</FeatureImageRank></FeatureImage><FeatureImage><FeatureCode>F400082728</FeatureCode><FeatureReferenceName>ECE homologation-Comply</FeatureReferenceName><FeatureImageRank>6</FeatureImageRank></FeatureImage><FeatureImage><FeatureCode>F400058694</FeatureCode><FeatureReferenceName>High quality quartz glass</FeatureReferenceName><FeatureImageRank>7</FeatureImageRank></FeatureImage><FeatureImage><FeatureCode>F400058855</FeatureCode><FeatureReferenceName>Reduce waste, drive greener</FeatureReferenceName><FeatureImageRank>8</FeatureImageRank></FeatureImage><FeatureImage><FeatureCode>F400058853</FeatureCode><FeatureReferenceName>Reduced maintenance</FeatureReferenceName><FeatureImageRank>9</FeatureImageRank></FeatureImage><FeatureImage><FeatureCode>F400058695</FeatureCode><FeatureReferenceName>Resistance against humidity</FeatureReferenceName><FeatureImageRank>10</FeatureImageRank></FeatureImage><FeatureImage><FeatureCode>F400058692</FeatureCode><FeatureReferenceName>Rewarded Car lamps</FeatureReferenceName><FeatureImageRank>11</FeatureImageRank></FeatureImage><FeatureImage><FeatureCode>F400058696</FeatureCode><FeatureReferenceName>UV Resistant</FeatureReferenceName><FeatureImageRank>12</FeatureImageRank></FeatureImage><FeatureHighlight><FeatureCode>F400058693</FeatureCode><FeatureReferenceName>ECE homlogation</FeatureReferenceName><FeatureHighlightRank>1</FeatureHighlightRank></FeatureHighlight><FeatureHighlight><FeatureCode>F400082727</FeatureCode><FeatureReferenceName>Car manufacturers' choice-are the</FeatureReferenceName><FeatureHighlightRank>2</FeatureHighlightRank></FeatureHighlight><FeatureHighlight><FeatureCode>F400058690</FeatureCode><FeatureReferenceName>Change by pairs</FeatureReferenceName><FeatureHighlightRank>3</FeatureHighlightRank></FeatureHighlight><FeatureHighlight><FeatureCode>F400058687</FeatureCode><FeatureReferenceName>Designed for multiple usage</FeatureReferenceName><FeatureHighlightRank>4</FeatureHighlightRank></FeatureHighlight><FeatureHighlight><FeatureCode>F400058848</FeatureCode><FeatureReferenceName>Drive several times longer</FeatureReferenceName><FeatureHighlightRank>5</FeatureHighlightRank></FeatureHighlight><FeatureHighlight><FeatureCode>F400082728</FeatureCode><FeatureReferenceName>ECE homologation-Comply</FeatureReferenceName><FeatureHighlightRank>6</FeatureHighlightRank></FeatureHighlight><FeatureHighlight><FeatureCode>F400058694</FeatureCode><FeatureReferenceName>High quality quartz glass</FeatureReferenceName><FeatureHighlightRank>7</FeatureHighlightRank></FeatureHighlight><FeatureHighlight><FeatureCode>F400058855</FeatureCode><FeatureReferenceName>Reduce waste, drive greener</FeatureReferenceName><FeatureHighlightRank>8</FeatureHighlightRank></FeatureHighlight><FeatureHighlight><FeatureCode>F400058853</FeatureCode><FeatureReferenceName>Reduced maintenance</FeatureReferenceName><FeatureHighlightRank>9</FeatureHighlightRank></FeatureHighlight><FeatureHighlight><FeatureCode>F400058695</FeatureCode><FeatureReferenceName>Resistance against humidity</FeatureReferenceName><FeatureHighlightRank>10</FeatureHighlightRank></FeatureHighlight><FeatureHighlight><FeatureCode>F400058692</FeatureCode><FeatureReferenceName>Rewarded Car lamps</FeatureReferenceName><FeatureHighlightRank>11</FeatureHighlightRank></FeatureHighlight><FeatureHighlight><FeatureCode>F400058696</FeatureCode><FeatureReferenceName>UV Resistant</FeatureReferenceName><FeatureHighlightRank>12</FeatureHighlightRank></FeatureHighlight><CSChapter><CSChapterCode>CH4006521</CSChapterCode><CSChapterName>Características eléctricas</CSChapterName><CSChapterRank>1</CSChapterRank><CSItem><CSItemCode>IT4031552</CSItemCode><CSItemName>Voltagem</CSItemName><CSItemRank>1</CSItemRank><CSItemIsFreeFormat>0</CSItemIsFreeFormat><CSValue><CSValueCode>VA4073723</CSValueCode><CSValueName>12</CSValueName><CSValueRank>1</CSValueRank></CSValue><UnitOfMeasure><UnitOfMeasureCode>3000071</UnitOfMeasureCode><UnitOfMeasureName>volts</UnitOfMeasureName><UnitOfMeasureSymbol>V</UnitOfMeasureSymbol></UnitOfMeasure></CSItem><CSItem><CSItemCode>IT4031551</CSItemCode><CSItemName>Potência</CSItemName><CSItemRank>2</CSItemRank><CSItemIsFreeFormat>0</CSItemIsFreeFormat><CSValue><CSValueCode>VA4080213</CSValueCode><CSValueName>21</CSValueName><CSValueRank>23</CSValueRank></CSValue><UnitOfMeasure><UnitOfMeasureCode>3000072</UnitOfMeasureCode><UnitOfMeasureName>watts</UnitOfMeasureName><UnitOfMeasureSymbol>W</UnitOfMeasureSymbol></UnitOfMeasure></CSItem></CSChapter><CSChapter><CSChapterCode>CH4006483</CSChapterCode><CSChapterName>Vida útil</CSChapterName><CSChapterRank>2</CSChapterRank><CSItem><CSItemCode>IT4031525</CSItemCode><CSItemName>Vida útil</CSItemName><CSItemRank>1</CSItemRank><CSItemIsFreeFormat>0</CSItemIsFreeFormat><CSValue><CSValueCode>VA4072289</CSValueCode><CSValueName>Até 1250 h</CSValueName><CSValueRank>7</CSValueRank></CSValue></CSItem></CSChapter><CSChapter><CSChapterCode>CH4005203</CSChapterCode><CSChapterName>Características da luz</CSChapterName><CSChapterRank>3</CSChapterRank><CSItem><CSItemCode>IT4031553</CSItemCode><CSItemName>Lumens</CSItemName><CSItemRank>1</CSItemRank><CSItemIsFreeFormat>0</CSItemIsFreeFormat><CSValue><CSValueCode>VA4073754</CSValueCode><CSValueName>460</CSValueName><CSValueRank>25</CSValueRank></CSValue><UnitOfMeasure><UnitOfMeasureCode>3000051</UnitOfMeasureCode><UnitOfMeasureName>lúmen</UnitOfMeasureName><UnitOfMeasureSymbol>lm</UnitOfMeasureSymbol></UnitOfMeasure></CSItem></CSChapter><CSChapter><CSChapterCode>3001177</CSChapterCode><CSChapterName>Dados da embalagem</CSChapterName><CSChapterRank>4</CSChapterRank><CSItem><CSItemCode>IT4035591</CSItemCode><CSItemName>EAN3</CSItemName><CSItemRank>1</CSItemRank><CSItemIsFreeFormat>1</CSItemIsFreeFormat><CSValue><CSValueCode>VA4082924</CSValueCode><CSValueName>8727900391695</CSValueName><CSValueRank>1</CSValueRank></CSValue></CSItem><CSItem><CSItemCode>IT4035590</CSItemCode><CSItemName>EAN1</CSItemName><CSItemRank>2</CSItemRank><CSItemIsFreeFormat>1</CSItemIsFreeFormat><CSValue><CSValueCode>VA4082922</CSValueCode><CSValueName>8727900381986</CSValueName><CSValueRank>1</CSValueRank></CSValue></CSItem><CSItem><CSItemCode>IT4000721</CSItemCode><CSItemName>Tipo de embalagem</CSItemName><CSItemRank>3</CSItemRank><CSItemIsFreeFormat>0</CSItemIsFreeFormat><CSValue><CSValueCode>VA4072972</CSValueCode><CSValueName>CP</CSValueName><CSValueRank>9</CSValueRank></CSValue></CSItem></CSChapter><CSChapter><CSChapterCode>CH4006466</CSChapterCode><CSChapterName>Descrição do produto</CSChapterName><CSChapterRank>5</CSChapterRank><CSItem><CSItemCode>IT4031517</CSItemCode><CSItemName>Aplicação</CSItemName><CSItemRank>1</CSItemRank><CSItemIsFreeFormat>0</CSItemIsFreeFormat><CSValue><CSValueCode>VA4071901</CSValueCode><CSValueName>Indicador frontal</CSValueName><CSValueRank>6</CSValueRank></CSValue><CSValue><CSValueCode>VA4071909</CSValueCode><CSValueName>Interior</CSValueName><CSValueRank>10</CSValueRank></CSValue><CSValue><CSValueCode>VA4071907</CSValueCode><CSValueName>Licença</CSValueName><CSValueRank>12</CSValueRank></CSValue><CSValue><CSValueCode>VA4071906</CSValueCode><CSValueName>Luz traseira de nevoeiro</CSValueName><CSValueRank>13</CSValueRank></CSValue><CSValue><CSValueCode>VA4071903</CSValueCode><CSValueName>Indicador traseiro</CSValueName><CSValueRank>14</CSValueRank></CSValue><CSValue><CSValueCode>VA4071905</CSValueCode><CSValueName>Luz de marcha-atrás.</CSValueName><CSValueRank>16</CSValueRank></CSValue><CSValue><CSValueCode>VA4071902</CSValueCode><CSValueName>Indicador lateral</CSValueName><CSValueRank>17</CSValueRank></CSValue><CSValue><CSValueCode>VA4071904</CSValueCode><CSValueName>Luz de travagem</CSValueName><CSValueRank>18</CSValueRank></CSValue><CSValue><CSValueCode>VA4081861</CSValueCode><CSValueName>Luz para bagageira</CSValueName><CSValueRank>19</CSValueRank></CSValue><CSValue><CSValueCode>VA4081864</CSValueCode><CSValueName>Luzes de circulação diurna</CSValueName><CSValueRank>20</CSValueRank></CSValue><CSValue><CSValueCode>VA4081860</CSValueCode><CSValueName>Luz traseira</CSValueName><CSValueRank>24</CSValueRank></CSValue></CSItem><CSItem><CSItemCode>IT4031520</CSItemCode><CSItemName>Encaixe</CSItemName><CSItemRank>2</CSItemRank><CSItemIsFreeFormat>0</CSItemIsFreeFormat><CSValue><CSValueCode>VA4072146</CSValueCode><CSValueName>BA15s</CSValueName><CSValueRank>27</CSValueRank></CSValue></CSItem><CSItem><CSItemCode>IT4031518</CSItemCode><CSItemName>Designação</CSItemName><CSItemRank>3</CSItemRank><CSItemIsFreeFormat>0</CSItemIsFreeFormat><CSValue><CSValueCode>VA4071975</CSValueCode><CSValueName>P21W LongLife EcoVision</CSValueName><CSValueRank>28</CSValueRank></CSValue></CSItem><CSItem><CSItemCode>IT4031521</CSItemCode><CSItemName>Homologação CEE</CSItemName><CSItemRank>4</CSItemRank><CSItemIsFreeFormat>0</CSItemIsFreeFormat><CSValue><CSValueCode>VA4072195</CSValueCode><CSValueName>SIM</CSValueName><CSValueRank>4</CSValueRank></CSValue></CSItem><CSItem><CSItemCode>IT4031519</CSItemCode><CSItemName>Alcance</CSItemName><CSItemRank>5</CSItemRank><CSItemIsFreeFormat>0</CSItemIsFreeFormat><CSValue><CSValueCode>VA4072108</CSValueCode><CSValueName>LongLife EcoVision</CSValueName><CSValueRank>5</CSValueRank></CSValue></CSItem><CSItem><CSItemCode>IT4031500</CSItemCode><CSItemName>Tecnologia</CSItemName><CSItemRank>6</CSItemRank><CSItemIsFreeFormat>0</CSItemIsFreeFormat><CSValue><CSValueCode>VA4071794</CSValueCode><CSValueName>Convencional</CSValueName><CSValueRank>3</CSValueRank></CSValue></CSItem><CSItem><CSItemCode>IT4031508</CSItemCode><CSItemName>Tipo</CSItemName><CSItemRank>7</CSItemRank><CSItemIsFreeFormat>0</CSItemIsFreeFormat><CSValue><CSValueCode>VA4071831</CSValueCode><CSValueName>P21W</CSValueName><CSValueRank>26</CSValueRank></CSValue></CSItem></CSChapter><CSChapter><CSChapterCode>CH4006541</CSChapterCode><CSChapterName>Informações da embalagem exterior</CSChapterName><CSChapterRank>6</CSChapterRank><CSItem><CSItemCode>IT4031577</CSItemCode><CSItemName>Peso bruto por unidade</CSItemName><CSItemRank>1</CSItemRank><CSItemIsFreeFormat>0</CSItemIsFreeFormat><CSValue><CSValueCode>VA4074277</CSValueCode><CSValueName>2,3</CSValueName><CSValueRank>32</CSValueRank></CSValue><UnitOfMeasure><UnitOfMeasureCode>3000049</UnitOfMeasureCode><UnitOfMeasureName>quilogramas</UnitOfMeasureName><UnitOfMeasureSymbol>kg</UnitOfMeasureSymbol></UnitOfMeasure></CSItem><CSItem><CSItemCode>IT4031576</CSItemCode><CSItemName>Comprimento</CSItemName><CSItemRank>2</CSItemRank><CSItemIsFreeFormat>0</CSItemIsFreeFormat><CSValue><CSValueCode>VA4074205</CSValueCode><CSValueName>17,5</CSValueName><CSValueRank>15</CSValueRank></CSValue><UnitOfMeasure><UnitOfMeasureCode>3000039</UnitOfMeasureCode><UnitOfMeasureName>centímetros</UnitOfMeasureName><UnitOfMeasureSymbol>cm</UnitOfMeasureSymbol></UnitOfMeasure></CSItem><CSItem><CSItemCode>IT4031575</CSItemCode><CSItemName>Largura</CSItemName><CSItemRank>3</CSItemRank><CSItemIsFreeFormat>0</CSItemIsFreeFormat><CSValue><CSValueCode>VA4074165</CSValueCode><CSValueName>26,1</CSValueName><CSValueRank>21</CSValueRank></CSValue><UnitOfMeasure><UnitOfMeasureCode>3000039</UnitOfMeasureCode><UnitOfMeasureName>centímetros</UnitOfMeasureName><UnitOfMeasureSymbol>cm</UnitOfMeasureSymbol></UnitOfMeasure></CSItem></CSChapter><CSChapter><CSChapterCode>CH4006501</CSChapterCode><CSChapterName>Informação do produto embalado</CSChapterName><CSChapterRank>7</CSChapterRank><CSItem><CSItemCode>IT4040439</CSItemCode><CSItemName>Quantidade na embalagem</CSItemName><CSItemRank>1</CSItemRank><CSItemIsFreeFormat>1</CSItemIsFreeFormat><CSValue><CSValueCode>VA4094182</CSValueCode><CSValueName>1</CSValueName><CSValueRank>1</CSValueRank></CSValue></CSItem><CSItem><CSItemCode>IT4040440</CSItemCode><CSItemName>Quantidade mínima de encomenda (para profissionais)</CSItemName><CSItemRank>2</CSItemRank><CSItemIsFreeFormat>1</CSItemIsFreeFormat><CSValue><CSValueCode>VA4094183</CSValueCode><CSValueName>50</CSValueName><CSValueRank>1</CSValueRank></CSValue></CSItem><CSItem><CSItemCode>IT4031573</CSItemCode><CSItemName>Peso bruto por unidade</CSItemName><CSItemRank>3</CSItemRank><CSItemIsFreeFormat>0</CSItemIsFreeFormat><CSValue><CSValueCode>VA4074015</CSValueCode><CSValueName>11,5</CSValueName><CSValueRank>22</CSValueRank></CSValue><UnitOfMeasure><UnitOfMeasureCode>4000006</UnitOfMeasureCode><UnitOfMeasureName>-Gramas</UnitOfMeasureName><UnitOfMeasureSymbol>g</UnitOfMeasureSymbol></UnitOfMeasure></CSItem><CSItem><CSItemCode>IT4031572</CSItemCode><CSItemName>Peso líquido por peça</CSItemName><CSItemRank>4</CSItemRank><CSItemIsFreeFormat>0</CSItemIsFreeFormat><CSValue><CSValueCode>VA4073909</CSValueCode><CSValueName>7,7</CSValueName><CSValueRank>30</CSValueRank></CSValue><UnitOfMeasure><UnitOfMeasureCode>4000006</UnitOfMeasureCode><UnitOfMeasureName>-Gramas</UnitOfMeasureName><UnitOfMeasureSymbol>g</UnitOfMeasureSymbol></UnitOfMeasure></CSItem></CSChapter><CSChapter><CSChapterCode>CH4006484</CSChapterCode><CSChapterName>Informações sobre encomendas</CSChapterName><CSChapterRank>8</CSChapterRank><CSItem><CSItemCode>IT4031527</CSItemCode><CSItemName>Código de encomenda</CSItemName><CSItemRank>1</CSItemRank><CSItemIsFreeFormat>0</CSItemIsFreeFormat><CSValue><CSValueCode>VA4072745</CSValueCode><CSValueName>38198673</CSValueName><CSValueRank>31</CSValueRank></CSValue></CSItem><CSItem><CSItemCode>IT4031526</CSItemCode><CSItemName>Apresentação de encomendas</CSItemName><CSItemRank>2</CSItemRank><CSItemIsFreeFormat>0</CSItemIsFreeFormat><CSValue><CSValueCode>VA4072422</CSValueCode><CSValueName>12498LLECOCP</CSValueName><CSValueRank>29</CSValueRank></CSValue></CSItem></CSChapter><CSChapter><CSChapterCode>CH4006461</CSChapterCode><CSChapterName>Especificações de marketing</CSChapterName><CSChapterRank>9</CSChapterRank><CSItem><CSItemCode>IT4031492</CSItemCode><CSItemName>Vantagens esperadas</CSItemName><CSItemRank>1</CSItemRank><CSItemIsFreeFormat>0</CSItemIsFreeFormat><CSValue><CSValueCode>VA4071767</CSValueCode><CSValueName>Maior duração</CSValueName><CSValueRank>2</CSValueRank></CSValue></CSItem><CSItem><CSItemCode>IT4031498</CSItemCode><CSItemName>Destaque do produto</CSItemName><CSItemRank>2</CSItemRank><CSItemIsFreeFormat>0</CSItemIsFreeFormat><CSValue><CSValueCode>VA4099675</CSValueCode><CSValueName>Vida útil superior</CSValueName><CSValueRank>8</CSValueRank></CSValue></CSItem></CSChapter><Filters><Purpose type="Comparison"><Features><Feature code="F400058693" rank="1" referenceName="ECE homlogation"/><Feature code="F400082727" rank="2" referenceName="Car manufacturers' choice-are the"/><Feature code="F400058690" rank="3" referenceName="Change by pairs"/><Feature code="F400058687" rank="4" referenceName="Designed for multiple usage"/><Feature code="F400058848" rank="5" referenceName="Drive several times longer"/><Feature code="F400082728" rank="6" referenceName="ECE homologation-Comply"/><Feature code="F400058694" rank="7" referenceName="High quality quartz glass"/><Feature code="F400058855" rank="8" referenceName="Reduce waste, drive greener"/><Feature code="F400058853" rank="9" referenceName="Reduced maintenance"/><Feature code="F400058695" rank="10" referenceName="Resistance against humidity"/><Feature code="F400058692" rank="11" referenceName="Rewarded Car lamps"/><Feature code="F400058696" rank="12" referenceName="UV Resistant"/></Features><CSItems><CSItem code="IT4031552" rank="1" referenceName="Características eléctricas - Voltagem"/><CSItem code="IT4031525" rank="1" referenceName="Vida útil - Vida útil"/><CSItem code="IT4031553" rank="1" referenceName="Características da luz - Lumens"/><CSItem code="IT4035591" rank="1" referenceName="Dados da embalagem - EAN3"/><CSItem code="IT4031517" rank="1" referenceName="Descrição do produto - Aplicação"/><CSItem code="IT4031577" rank="1" referenceName="Informações da embalagem exterior - Peso bruto por unidade"/><CSItem code="IT4040439" rank="1" referenceName="Informação do produto embalado - Quantidade na embalagem"/><CSItem code="IT4031527" rank="1" referenceName="Informações sobre encomendas - Código de encomenda"/><CSItem code="IT4031492" rank="1" referenceName="Especificações de marketing - Vantagens esperadas"/><CSItem code="IT4031551" rank="2" referenceName="Características eléctricas - Potência"/><CSItem code="IT4035590" rank="2" referenceName="Dados da embalagem - EAN1"/><CSItem code="IT4031520" rank="2" referenceName="Descrição do produto - Encaixe"/><CSItem code="IT4031576" rank="2" referenceName="Informações da embalagem exterior - Comprimento"/><CSItem code="IT4040440" rank="2" referenceName="Informação do produto embalado - Quantidade mínima de encomenda (para profissionais)"/><CSItem code="IT4031526" rank="2" referenceName="Informações sobre encomendas - Apresentação de encomendas"/><CSItem code="IT4031498" rank="2" referenceName="Especificações de marketing - Destaque do produto"/><CSItem code="IT4000721" rank="3" referenceName="Dados da embalagem - Tipo de embalagem"/><CSItem code="IT4031518" rank="3" referenceName="Descrição do produto - Designação"/><CSItem code="IT4031575" rank="3" referenceName="Informações da embalagem exterior - Largura"/><CSItem code="IT4031573" rank="3" referenceName="Informação do produto embalado - Peso bruto por unidade"/><CSItem code="IT4031521" rank="4" referenceName="Descrição do produto - Homologação CEE"/><CSItem code="IT4031572" rank="4" referenceName="Informação do produto embalado - Peso líquido por peça"/><CSItem code="IT4031519" rank="5" referenceName="Descrição do produto - Alcance"/><CSItem code="IT4031500" rank="6" referenceName="Descrição do produto - Tecnologia"/><CSItem code="IT4031508" rank="7" referenceName="Descrição do produto - Tipo"/></CSItems></Purpose><Purpose type="Detail"><Features><Feature code="F400058693" rank="1" referenceName="ECE homlogation"/><Feature code="F400082727" rank="2" referenceName="Car manufacturers' choice-are the"/><Feature code="F400058690" rank="3" referenceName="Change by pairs"/><Feature code="F400058687" rank="4" referenceName="Designed for multiple usage"/><Feature code="F400058848" rank="5" referenceName="Drive several times longer"/><Feature code="F400082728" rank="6" referenceName="ECE homologation-Comply"/><Feature code="F400058694" rank="7" referenceName="High quality quartz glass"/><Feature code="F400058855" rank="8" referenceName="Reduce waste, drive greener"/><Feature code="F400058853" rank="9" referenceName="Reduced maintenance"/><Feature code="F400058695" rank="10" referenceName="Resistance against humidity"/><Feature code="F400058692" rank="11" referenceName="Rewarded Car lamps"/><Feature code="F400058696" rank="12" referenceName="UV Resistant"/></Features><CSItems><CSItem code="IT4031552" rank="1" referenceName="Características eléctricas - Voltagem"/><CSItem code="IT4031525" rank="1" referenceName="Vida útil - Vida útil"/><CSItem code="IT4031553" rank="1" referenceName="Características da luz - Lumens"/><CSItem code="IT4035591" rank="1" referenceName="Dados da embalagem - EAN3"/><CSItem code="IT4031517" rank="1" referenceName="Descrição do produto - Aplicação"/><CSItem code="IT4031577" rank="1" referenceName="Informações da embalagem exterior - Peso bruto por unidade"/><CSItem code="IT4040439" rank="1" referenceName="Informação do produto embalado - Quantidade na embalagem"/><CSItem code="IT4031527" rank="1" referenceName="Informações sobre encomendas - Código de encomenda"/><CSItem code="IT4031492" rank="1" referenceName="Especificações de marketing - Vantagens esperadas"/><CSItem code="IT4031551" rank="2" referenceName="Características eléctricas - Potência"/><CSItem code="IT4035590" rank="2" referenceName="Dados da embalagem - EAN1"/><CSItem code="IT4031520" rank="2" referenceName="Descrição do produto - Encaixe"/><CSItem code="IT4031576" rank="2" referenceName="Informações da embalagem exterior - Comprimento"/><CSItem code="IT4040440" rank="2" referenceName="Informação do produto embalado - Quantidade mínima de encomenda (para profissionais)"/><CSItem code="IT4031526" rank="2" referenceName="Informações sobre encomendas - Apresentação de encomendas"/><CSItem code="IT4031498" rank="2" referenceName="Especificações de marketing - Destaque do produto"/><CSItem code="IT4000721" rank="3" referenceName="Dados da embalagem - Tipo de embalagem"/><CSItem code="IT4031518" rank="3" referenceName="Descrição do produto - Designação"/><CSItem code="IT4031575" rank="3" referenceName="Informações da embalagem exterior - Largura"/><CSItem code="IT4031573" rank="3" referenceName="Informação do produto embalado - Peso bruto por unidade"/><CSItem code="IT4031521" rank="4" referenceName="Descrição do produto - Homologação CEE"/><CSItem code="IT4031572" rank="4" referenceName="Informação do produto embalado - Peso líquido por peça"/><CSItem code="IT4031519" rank="5" referenceName="Descrição do produto - Alcance"/><CSItem code="IT4031500" rank="6" referenceName="Descrição do produto - Tecnologia"/><CSItem code="IT4031508" rank="7" referenceName="Descrição do produto - Tipo"/></CSItems></Purpose></Filters><FeatureCompareGroups/><Disclaimers/><RichTexts/></Product></Products>