<?xml version="1.0" encoding="UTF-8"?><Products xmlns:source="http://apache.org/cocoon/source/1.0" DocStatus="approved" DocTimeStamp="2018-10-13T06:26:08"><Product Country="PT" IsAccessory="false" IsLocalized="true" IsMaster="false" Locale="pt_PT" lastModified="2018-10-13T04:30:16" masterLastModified="2018-10-05T00:35:25"><CTN>172739316</CTN><Code12NC>915004308701</Code12NC><GTIN>8718291479468</GTIN><MarketingVersion>2.0.1</MarketingVersion><MarketingStatus>Final Published</MarketingStatus><CRDate>2013-08-30</CRDate><CRDateYW>201335</CRDateYW><ModelYears><ModelYear>2013</ModelYear></ModelYears><ProductDivision><ProductDivisionCode>0100</ProductDivisionCode><ProductDivisionName>Lighting</ProductDivisionName><FormerPDCode>0100</FormerPDCode></ProductDivision><ProductOwner>Tom Raman</ProductOwner><DTN>17273/93/16</DTN><Catalog><StartOfPublication>2017-11-12T00:00:00</StartOfPublication><EndOfPublication>2022-11-12T00:00:00</EndOfPublication><StartOfSales>2017-11-12T00:00:00</StartOfSales><EndOfSales>2022-11-12T00:00:00</EndOfSales><DummyPrice/><Deleted>false</Deleted><DeleteAfterDate/><ProductRank>50</ProductRank></Catalog><FinancialCategorization><BusinessGroupCode>9021</BusinessGroupCode><BusinessGroupName>Home</BusinessGroupName><BusinessUnitCode>9159</BusinessUnitCode><BusinessUnitName>Home Luminaires</BusinessUnitName><MainArticleGroupCode>G79</MainArticleGroupCode><MainArticleGroupName>Outdoor</MainArticleGroupName><ArticleGroupCode>4927</ArticleGroupCode><ArticleGroupName>Outdoor Wall</ArticleGroupName></FinancialCategorization><Categorization type="CONSUMER"><GroupCode>LIGHTING_GR</GroupCode><GroupName>Lighting</GroupName><CategoryCode>CHOOSE_YOUR_LUMINAIRE_CA</CategoryCode><CategoryName>Choose a fixture</CategoryName><SubcategoryCode>CONCEPT_MYGARDEN_SU</SubcategoryCode><SubcategoryName>myGarden</SubcategoryName></Categorization><Assets><Asset code="172739316" description="Retail Trade Leaflet" extension="pdf" lastModified="2018-10-08" locale="pt_PT" number="001" type="RTL">http://download.p4c.philips.com/files/1/172739316/172739316_rtl_porpt.pdf</Asset><Asset code="172739316" description="Leaflet" extension="pdf" lastModified="2018-10-06" locale="global" number="001" type="PSS">http://download.p4c.philips.com/files/1/172739316/172739316_pss_.pdf</Asset><Asset code="172739316" description="Single product shot" extension="" lastModified="2018-10-13" locale="pt_PT" number="" type="IMS">http://images.philips.com/is/image/PhilipsConsumer/172739316-IMS-pt_PT</Asset><Asset code="172739316" description="Product gallery image set" extension="" lastModified="2018-10-13" locale="pt_PT" number="" type="GAL">http://images.philips.com/is/image/PhilipsConsumer/172739316-GAL-pt_PT</Asset><Asset code="172739316" description="Product URL" extension="" lastModified="2018-10-13" locale="pt_PT" number="" type="URL">http://www.philips.pt/c-p/172739316/mygarden-aplique</Asset><Asset code="F400057605" description="Feature photograph - highres 2100x1170" extension="tif" lastModified="2013-07-30" locale="global" number="001" type="FIL">http://images.philips.com/is/image/PhilipsConsumer/F400057605-FIL-global-001</Asset><Asset code="F400057627" description="Feature photograph - highres 2100x1170" extension="tif" lastModified="2013-07-30" locale="global" number="001" type="FIL">http://images.philips.com/is/image/PhilipsConsumer/F400057627-FIL-global-001</Asset><Asset code="F400057628" description="Feature photograph - highres 2100x1170" extension="tif" lastModified="2014-05-16" locale="global" number="001" type="FIL">http://images.philips.com/is/image/PhilipsConsumer/F400057628-FIL-global-001</Asset><Asset code="F400057631" description="Feature photograph - highres 2100x1170" extension="tif" lastModified="2013-07-30" locale="global" number="001" type="FIL">http://images.philips.com/is/image/PhilipsConsumer/F400057631-FIL-global-001</Asset><Asset code="F400057635_172739316" description="Feature photograph - highres 2100x1170" extension="tif" lastModified="2014-02-06" locale="global" number="001" type="FIL">http://images.philips.com/is/image/PhilipsConsumer/F400057635_172739316-FIL-global-001</Asset><Asset code="F400076495" description="Feature photograph - highres 2100x1170" extension="tif" lastModified="2016-01-18" locale="global" number="001" type="FIL">http://images.philips.com/is/image/PhilipsConsumer/F400076495-FIL-global-001</Asset><Asset code="PHI" description="Brand logo - highres 1476x886" extension="tif" lastModified="2016-02-18" locale="global" number="001" type="BRP">http://images.philips.com/is/image/PhilipsConsumer/PHI-BRP-global-001</Asset></Assets><ProductName>Aplique LED Raccoon antracite</ProductName><FullProductName>Philips myGarden Aplique 17273/93/16 Raccoon antracite, LED</FullProductName><NamingString><MasterBrand><BrandCode>PHI</BrandCode><BrandName>Philips</BrandName></MasterBrand><BrandString>Philips</BrandString><Concept><ConceptCode>PLM0108MYG</ConceptCode><ConceptName>myGarden</ConceptName><ConceptNameUsed>1</ConceptNameUsed></Concept><Descriptor><DescriptorCode>PLM0830WAL</DescriptorCode><DescriptorName>Aplique</DescriptorName></Descriptor><Alphanumeric>17273/93/16</Alphanumeric><VersionElement1><VersionElementCode>PLM0000710</VersionElementCode><VersionElementName>Raccoon</VersionElementName></VersionElement1><VersionElement2><VersionElementCode>PLM0183009</VersionElementCode><VersionElementName>antracite</VersionElementName></VersionElement2><VersionElement3><VersionElementCode>PLM0814Y</VersionElementCode><VersionElementName>LED</VersionElementName></VersionElement3><VersionString>Raccoon antracite, LED</VersionString><BrandedFeatureString/><DescriptorBrandedFeatureString>Aplique</DescriptorBrandedFeatureString></NamingString><WOW>Desfrute de um maravilhoso jardim com luz</WOW><MarketingTextHeader>O aplique Philips myGarden Raccoon em cinzento antracite texturizado proporciona uma iluminação intensa e eficiente para exteriores, seja qual for a aplicação. Iluminação LED, materiais sintéticos e um design minimalista para um toque contemporâneo no seu espaço exterior.</MarketingTextHeader><KeyBenefitArea><KeyBenefitAreaCode>K4025076</KeyBenefitAreaCode><KeyBenefitAreaName>Concebidas para o seu jardim</KeyBenefitAreaName><KeyBenefitAreaRank>1</KeyBenefitAreaRank><Feature><FeatureCode>F400057605</FeatureCode><FeatureReferenceName>IP44 - weather proof (outdoor lighting)</FeatureReferenceName><FeatureName>IP44 - Resistente às condições climatéricas</FeatureName><FeatureLongDescription>IP44 - Resistente às condições climatéricas</FeatureLongDescription><FeatureGlossary>Este candeeiro para exterior da Philips foi especialmente concebido para ambientes húmidos ao ar livre. Foi submetido a testes rigorosos para assegurar a sua resistência à água. A classificação IP é descrita por dois números: o primeiro refere-se ao nível de protecção contra pó, o segundo à protecção contra água. Este candeeiro para exterior foi concebido com a classificação IP44: está protegido contra salpicos de água. Este produto é mais comum e ideal para uma utilização geral no exterior.</FeatureGlossary><FeatureRank>6</FeatureRank><FeatureTopRank>6</FeatureTopRank></Feature></KeyBenefitArea><KeyBenefitArea><KeyBenefitAreaCode>K4005041</KeyBenefitAreaCode><KeyBenefitAreaName>Soluções de iluminação sustentáveis</KeyBenefitAreaName><KeyBenefitAreaRank>2</KeyBenefitAreaRank><Feature><FeatureCode>F400057628</FeatureCode><FeatureReferenceName>High quality LED light (LED integrated)</FeatureReferenceName><FeatureName>Luz LED de alta qualidade</FeatureName><FeatureLongDescription>Luz LED de alta qualidade</FeatureLongDescription><FeatureGlossary>A tecnologia LED, integrada nesta lâmpada Philips, é uma solução desenvolvida exclusivamente pela Philips. Com o seu acendimento instantâneo, permite um fluxo luminoso ideal e realça as cores vivas na sua casa.</FeatureGlossary><FeatureRank>2</FeatureRank><FeatureTopRank>2</FeatureTopRank></Feature><Feature><FeatureCode>F400076495</FeatureCode><FeatureReferenceName>5 year warranty on LED system</FeatureReferenceName><FeatureName>Garantia de 5 anos para o sistema LED</FeatureName><FeatureLongDescription>A Philips oferece uma garantia de 5 anos para o módulo LED e o controlador</FeatureLongDescription><FeatureGlossary>Para além da garantia padrão de 2 anos para este candeeiro, a Philips oferece uma garantia de 5 anos para o sistema LED, ou seja, para o módulo LED e o controlador neste candeeiro.</FeatureGlossary><FeatureRank>3</FeatureRank><FeatureTopRank>3</FeatureTopRank></Feature><Feature><FeatureCode>F400057635_172739316</FeatureCode><FeatureReferenceName>Warm white light (NEW lighting)</FeatureReferenceName><FeatureName>Luz branca suave</FeatureName><FeatureLongDescription>Luz branca suave</FeatureLongDescription><FeatureGlossary>A luz pode ter diferentes temperaturas de cor, indicadas em unidades designadas Kelvins (K). As lâmpadas com um baixo valor em Kelvins produzem uma luz suave e mais acolhedora, enquanto as lâmpadas com um valor mais alto em Kelvins produzem uma luz fria e mais energética. Este candeeiro da Philips oferece luz branca suave para uma atmosfera agradável.</FeatureGlossary><FeatureRank>5</FeatureRank><FeatureTopRank>4</FeatureTopRank></Feature><Feature><FeatureCode>F400057627</FeatureCode><FeatureReferenceName>Energy saving (general NEW)</FeatureReferenceName><FeatureName>Economizadora</FeatureName><FeatureLongDescription>Economizadora</FeatureLongDescription><FeatureGlossary>Esta lâmpada economizadora da Philips poupa energia em comparação com fontes de luz tradicionais, ajudando-o a poupar dinheiro nas suas contas de electricidade e a contribuir para a proteção ambiental.</FeatureGlossary><FeatureRank>4</FeatureRank><FeatureTopRank>5</FeatureTopRank></Feature><Feature><FeatureCode>F400057631</FeatureCode><FeatureReferenceName>Long operating life (15 yrs lighting)</FeatureReferenceName><FeatureName>Vida útil longa</FeatureName><FeatureLongDescription>Vida útil longa até 15 anos</FeatureLongDescription><FeatureGlossary>Uma fonte de luz em que pode confiar. Os LED integrados, utilizados neste candeeiro LED da Philips, durarão até 15 000 horas (o equivalente a 15 anos com base numa utilização média de 3 horas/dia com um número mínimo de 13 000 ciclos de acendimento). É tão agradável pensar que já não tem de se preocupar com a manutenção ou substituição de lâmpadas, enquanto cria um ambiente de luz perfeito na sua casa.</FeatureGlossary><FeatureRank>7</FeatureRank><FeatureTopRank>7</FeatureTopRank></Feature></KeyBenefitArea><FeatureImage><FeatureCode>F400057628</FeatureCode><FeatureReferenceName>High quality LED light (LED integrated)</FeatureReferenceName><FeatureImageRank>2</FeatureImageRank></FeatureImage><FeatureImage><FeatureCode>F400076495</FeatureCode><FeatureReferenceName>5 year warranty on LED system</FeatureReferenceName><FeatureImageRank>3</FeatureImageRank></FeatureImage><FeatureImage><FeatureCode>F400057635_172739316</FeatureCode><FeatureReferenceName>Warm white light (NEW lighting)</FeatureReferenceName><FeatureImageRank>4</FeatureImageRank></FeatureImage><FeatureImage><FeatureCode>F400057627</FeatureCode><FeatureReferenceName>Energy saving (general NEW)</FeatureReferenceName><FeatureImageRank>5</FeatureImageRank></FeatureImage><FeatureImage><FeatureCode>F400057605</FeatureCode><FeatureReferenceName>IP44 - weather proof (outdoor lighting)</FeatureReferenceName><FeatureImageRank>6</FeatureImageRank></FeatureImage><FeatureImage><FeatureCode>F400057631</FeatureCode><FeatureReferenceName>Long operating life (15 yrs lighting)</FeatureReferenceName><FeatureImageRank>7</FeatureImageRank></FeatureImage><FeatureHighlight><FeatureCode>F400057628</FeatureCode><FeatureReferenceName>High quality LED light (LED integrated)</FeatureReferenceName><FeatureHighlightRank>2</FeatureHighlightRank></FeatureHighlight><FeatureHighlight><FeatureCode>F400076495</FeatureCode><FeatureReferenceName>5 year warranty on LED system</FeatureReferenceName><FeatureHighlightRank>3</FeatureHighlightRank></FeatureHighlight><FeatureHighlight><FeatureCode>F400057635_172739316</FeatureCode><FeatureReferenceName>Warm white light (NEW lighting)</FeatureReferenceName><FeatureHighlightRank>4</FeatureHighlightRank></FeatureHighlight><FeatureHighlight><FeatureCode>F400057627</FeatureCode><FeatureReferenceName>Energy saving (general NEW)</FeatureReferenceName><FeatureHighlightRank>5</FeatureHighlightRank></FeatureHighlight><FeatureHighlight><FeatureCode>F400057605</FeatureCode><FeatureReferenceName>IP44 - weather proof (outdoor lighting)</FeatureReferenceName><FeatureHighlightRank>6</FeatureHighlightRank></FeatureHighlight><FeatureHighlight><FeatureCode>F400057631</FeatureCode><FeatureReferenceName>Long operating life (15 yrs lighting)</FeatureReferenceName><FeatureHighlightRank>7</FeatureHighlightRank></FeatureHighlight><CSChapter><CSChapterCode>PLMCHP010</CSChapterCode><CSChapterName>Design e acabamento</CSChapterName><CSChapterRank>10</CSChapterRank><CSItem><CSItemCode>PLMITM010001</CSItemCode><CSItemName>Material</CSItemName><CSItemRank>1</CSItemRank><CSItemIsFreeFormat>0</CSItemIsFreeFormat><CSValue><CSValueCode>PLMATR0105SYNTH</CSValueCode><CSValueName>sintético</CSValueName><CSValueRank>1</CSValueRank></CSValue><CSValue><CSValueCode>PLMATR0105IN</CSValueCode><CSValueName>aço inoxidável</CSValueName><CSValueRank>2</CSValueRank></CSValue></CSItem><CSItem><CSItemCode>PLMITM010002</CSItemCode><CSItemName>Cor</CSItemName><CSItemRank>2</CSItemRank><CSItemIsFreeFormat>0</CSItemIsFreeFormat><CSValue><CSValueCode>PLMATR0183009</CSValueCode><CSValueName>antracite</CSValueName><CSValueRank>1</CSValueRank></CSValue></CSItem></CSChapter><CSChapter><CSChapterCode>PLMCHP020</CSChapterCode><CSChapterName>Funcionalidade extra/acessório incl.</CSChapterName><CSChapterRank>20</CSChapterRank><CSItem><CSItemCode>PLMITM0776FX031</CSItemCode><CSItemName>Totalmente resistente a intempéries</CSItemName><CSItemRank>4</CSItemRank><CSItemIsFreeFormat>0</CSItemIsFreeFormat><CSValue><CSValueCode>PLMATR0776FX031YES</CSValueCode><CSValueName>SIM</CSValueName><CSValueRank>1</CSValueRank></CSValue></CSItem><CSItem><CSItemCode>PLMITM0776FX065</CSItemCode><CSItemName>5 anos de garantia</CSItemName><CSItemRank>5</CSItemRank><CSItemIsFreeFormat>0</CSItemIsFreeFormat><CSValue><CSValueCode>PLMATR0776FX065YES</CSValueCode><CSValueName>SIM</CSValueName><CSValueRank>1</CSValueRank></CSValue></CSItem></CSChapter><CSChapter><CSChapterCode>PLMCHP030</CSChapterCode><CSChapterName>Dimensões e peso do produto</CSChapterName><CSChapterRank>30</CSChapterRank><CSItem><CSItemCode>PLMITM030001</CSItemCode><CSItemName>Altura</CSItemName><CSItemRank>1</CSItemRank><CSItemIsFreeFormat>1</CSItemIsFreeFormat><CSValue><CSValueCode>VA4042333</CSValueCode><CSValueName>20,5</CSValueName><CSValueRank>1</CSValueRank></CSValue><UnitOfMeasure><UnitOfMeasureCode>3000039</UnitOfMeasureCode><UnitOfMeasureName>centímetros</UnitOfMeasureName><UnitOfMeasureSymbol>cm</UnitOfMeasureSymbol></UnitOfMeasure></CSItem><CSItem><CSItemCode>PLMITM030004</CSItemCode><CSItemName>Comprimento</CSItemName><CSItemRank>4</CSItemRank><CSItemIsFreeFormat>1</CSItemIsFreeFormat><CSValue><CSValueCode>VA4042309</CSValueCode><CSValueName>16,2</CSValueName><CSValueRank>1</CSValueRank></CSValue><UnitOfMeasure><UnitOfMeasureCode>3000039</UnitOfMeasureCode><UnitOfMeasureName>centímetros</UnitOfMeasureName><UnitOfMeasureSymbol>cm</UnitOfMeasureSymbol></UnitOfMeasure></CSItem><CSItem><CSItemCode>PLMITM030005</CSItemCode><CSItemName>Largura</CSItemName><CSItemRank>5</CSItemRank><CSItemIsFreeFormat>1</CSItemIsFreeFormat><CSValue><CSValueCode>VA4042311</CSValueCode><CSValueName>6,6</CSValueName><CSValueRank>1</CSValueRank></CSValue><UnitOfMeasure><UnitOfMeasureCode>3000039</UnitOfMeasureCode><UnitOfMeasureName>centímetros</UnitOfMeasureName><UnitOfMeasureSymbol>cm</UnitOfMeasureSymbol></UnitOfMeasure></CSItem><CSItem><CSItemCode>PLMITM030006</CSItemCode><CSItemName>Peso líquido</CSItemName><CSItemRank>6</CSItemRank><CSItemIsFreeFormat>1</CSItemIsFreeFormat><CSValue><CSValueCode>VA4042308</CSValueCode><CSValueName>0,620</CSValueName><CSValueRank>1</CSValueRank></CSValue><UnitOfMeasure><UnitOfMeasureCode>3000049</UnitOfMeasureCode><UnitOfMeasureName>quilogramas</UnitOfMeasureName><UnitOfMeasureSymbol>kg</UnitOfMeasureSymbol></UnitOfMeasure></CSItem></CSChapter><CSChapter><CSChapterCode>PLMCHP040</CSChapterCode><CSChapterName>Especificações técnicas</CSChapterName><CSChapterRank>40</CSChapterRank><CSItem><CSItemCode>PLMITM040001</CSItemCode><CSItemName>Alimentação elétrica</CSItemName><CSItemRank>1</CSItemRank><CSItemIsFreeFormat>0</CSItemIsFreeFormat><CSValue><CSValueCode>PLMATR0719220-240</CSValueCode><CSValueName>Entre 220 V e 240 V</CSValueName><CSValueRank>1</CSValueRank></CSValue><CSValue><CSValueCode>PLMATR067350/60HZ</CSValueCode><CSValueName>50-60 Hz</CSValueName><CSValueRank>2</CSValueRank></CSValue></CSItem><CSItem><CSItemCode>PLMITM040002</CSItemCode><CSItemName>Tecnologia da lâmpada</CSItemName><CSItemRank>2</CSItemRank><CSItemIsFreeFormat>0</CSItemIsFreeFormat><CSValue><CSValueCode>PLMATRBOIBULB10131LED</CSValueCode><CSValueName>LED</CSValueName><CSValueRank>1</CSValueRank></CSValue><CSValue><CSValueCode>PLMATR0329SEL</CSValueCode><CSValueName>Voltagem ultra baixa de segurança</CSValueName><CSValueRank>2</CSValueRank></CSValue></CSItem><CSItem><CSItemCode>PLMITM040003</CSItemCode><CSItemName>Número de lâmpadas</CSItemName><CSItemRank>3</CSItemRank><CSItemIsFreeFormat>1</CSItemIsFreeFormat><CSValue><CSValueCode>VA4042306</CSValueCode><CSValueName>1</CSValueName><CSValueRank>1</CSValueRank></CSValue></CSItem><CSItem><CSItemCode>PLMITM040005</CSItemCode><CSItemName>Potência da lâmpada incluída</CSItemName><CSItemRank>5</CSItemRank><CSItemIsFreeFormat>0</CSItemIsFreeFormat><CSValue><CSValueCode>PLMATR04603</CSValueCode><CSValueName>3 W</CSValueName><CSValueRank>1</CSValueRank></CSValue></CSItem><CSItem><CSItemCode>PLMITM040007</CSItemCode><CSItemName>Cor da luz</CSItemName><CSItemRank>7</CSItemRank><CSItemIsFreeFormat>0</CSItemIsFreeFormat><CSValue><CSValueCode>PLMATRBOIBULB106242700_K</CSValueCode><CSValueName>branca suave</CSValueName><CSValueRank>1</CSValueRank></CSValue></CSItem><CSItem><CSItemCode>PLMITM0400011</CSItemCode><CSItemName>Fluxo luminoso total do candeeiro</CSItemName><CSItemRank>11</CSItemRank><CSItemIsFreeFormat>0</CSItemIsFreeFormat><CSValue><CSValueCode>PLMATR1096270</CSValueCode><CSValueName>270 lm</CSValueName><CSValueRank>1</CSValueRank></CSValue></CSItem><CSItem><CSItemCode>PLMITM0400013</CSItemCode><CSItemName>Candeeiro de intensidade de luz regulável</CSItemName><CSItemRank>13</CSItemRank><CSItemIsFreeFormat>0</CSItemIsFreeFormat><CSValue><CSValueCode>PLMATR1075N</CSValueCode><CSValueName>Não</CSValueName><CSValueRank>1</CSValueRank></CSValue></CSItem><CSItem><CSItemCode>PLMITM0400014</CSItemCode><CSItemName>LED</CSItemName><CSItemRank>14</CSItemRank><CSItemIsFreeFormat>0</CSItemIsFreeFormat><CSValue><CSValueCode>PLMATR0814Y</CSValueCode><CSValueName>SIM</CSValueName><CSValueRank>1</CSValueRank></CSValue></CSItem><CSItem><CSItemCode>PLMITM0400018</CSItemCode><CSItemName>Vida útil até</CSItemName><CSItemRank>18</CSItemRank><CSItemIsFreeFormat>1</CSItemIsFreeFormat><CSValue><CSValueCode>VA4094468</CSValueCode><CSValueName>25 000</CSValueName><CSValueRank>1</CSValueRank></CSValue><UnitOfMeasure><UnitOfMeasureCode>4000213</UnitOfMeasureCode><UnitOfMeasureName>hrs</UnitOfMeasureName><UnitOfMeasureSymbol>hrs</UnitOfMeasureSymbol></UnitOfMeasure></CSItem><CSItem><CSItemCode>PLMITM040026</CSItemCode><CSItemName>Código IP</CSItemName><CSItemRank>26</CSItemRank><CSItemIsFreeFormat>0</CSItemIsFreeFormat><CSValue><CSValueCode>PLMATR0290IP44</CSValueCode><CSValueName>IP44</CSValueName><CSValueRank>1</CSValueRank></CSValue><CSValue><CSValueCode>PLMATR0290IP41-2</CSValueCode><CSValueName>proteção contra objetos com mais de 1 mm</CSValueName><CSValueRank>2</CSValueRank></CSValue><CSValue><CSValueCode>PLMATR0290IP24-3</CSValueCode><CSValueName>proteção contra água salpicada</CSValueName><CSValueRank>3</CSValueRank></CSValue></CSItem><CSItem><CSItemCode>PLMITM040027</CSItemCode><CSItemName>Classe de proteção</CSItemName><CSItemRank>27</CSItemRank><CSItemIsFreeFormat>0</CSItemIsFreeFormat><CSValue><CSValueCode>PLMATR0289II</CSValueCode><CSValueName>II - isolamento duplo</CSValueName><CSValueRank>1</CSValueRank></CSValue></CSItem><CSItem><CSItemCode>PLMITM0400051</CSItemCode><CSItemName>Fonte de luz equivalente a lâmpada tradicional de</CSItemName><CSItemRank>51</CSItemRank><CSItemIsFreeFormat>1</CSItemIsFreeFormat><CSValue><CSValueCode>VA4081551</CSValueCode><CSValueName>30</CSValueName><CSValueRank>1</CSValueRank></CSValue><UnitOfMeasure><UnitOfMeasureCode>3000072</UnitOfMeasureCode><UnitOfMeasureName>watts</UnitOfMeasureName><UnitOfMeasureSymbol>W</UnitOfMeasureSymbol></UnitOfMeasure></CSItem></CSChapter><CSChapter><CSChapterCode>PLMCHP050</CSChapterCode><CSChapterName>Assistência</CSChapterName><CSChapterRank>50</CSChapterRank><CSItem><CSItemCode>PLMITM050001</CSItemCode><CSItemName>Garantia</CSItemName><CSItemRank>1</CSItemRank><CSItemIsFreeFormat>0</CSItemIsFreeFormat><CSValue><CSValueCode>PLMATR02985</CSValueCode><CSValueName>5 ano(s)</CSValueName><CSValueRank>1</CSValueRank></CSValue></CSItem></CSChapter><CSChapter><CSChapterCode>PLMCHP060</CSChapterCode><CSChapterName>Dimensões e peso da embalagem</CSChapterName><CSChapterRank>60</CSChapterRank><CSItem><CSItemCode>PLMITM060001</CSItemCode><CSItemName>Altura</CSItemName><CSItemRank>1</CSItemRank><CSItemIsFreeFormat>1</CSItemIsFreeFormat><CSValue><CSValueCode>VA4042312</CSValueCode><CSValueName>22,8</CSValueName><CSValueRank>1</CSValueRank></CSValue><UnitOfMeasure><UnitOfMeasureCode>3000039</UnitOfMeasureCode><UnitOfMeasureName>centímetros</UnitOfMeasureName><UnitOfMeasureSymbol>cm</UnitOfMeasureSymbol></UnitOfMeasure></CSItem><CSItem><CSItemCode>PLMITM060002</CSItemCode><CSItemName>Comprimento</CSItemName><CSItemRank>2</CSItemRank><CSItemIsFreeFormat>1</CSItemIsFreeFormat><CSValue><CSValueCode>VA4042313</CSValueCode><CSValueName>16,3</CSValueName><CSValueRank>1</CSValueRank></CSValue><UnitOfMeasure><UnitOfMeasureCode>3000039</UnitOfMeasureCode><UnitOfMeasureName>centímetros</UnitOfMeasureName><UnitOfMeasureSymbol>cm</UnitOfMeasureSymbol></UnitOfMeasure></CSItem><CSItem><CSItemCode>PLMITM060003</CSItemCode><CSItemName>Largura</CSItemName><CSItemRank>3</CSItemRank><CSItemIsFreeFormat>1</CSItemIsFreeFormat><CSValue><CSValueCode>VA4042307</CSValueCode><CSValueName>7,8</CSValueName><CSValueRank>1</CSValueRank></CSValue><UnitOfMeasure><UnitOfMeasureCode>3000039</UnitOfMeasureCode><UnitOfMeasureName>centímetros</UnitOfMeasureName><UnitOfMeasureSymbol>cm</UnitOfMeasureSymbol></UnitOfMeasure></CSItem><CSItem><CSItemCode>PLMITM060004</CSItemCode><CSItemName>Peso</CSItemName><CSItemRank>4</CSItemRank><CSItemIsFreeFormat>1</CSItemIsFreeFormat><CSValue><CSValueCode>VA4042304</CSValueCode><CSValueName>0,683</CSValueName><CSValueRank>1</CSValueRank></CSValue><UnitOfMeasure><UnitOfMeasureCode>3000049</UnitOfMeasureCode><UnitOfMeasureName>quilogramas</UnitOfMeasureName><UnitOfMeasureSymbol>kg</UnitOfMeasureSymbol></UnitOfMeasure></CSItem></CSChapter><CSChapter><CSChapterCode>PLMCHP070</CSChapterCode><CSChapterName>Diversos</CSChapterName><CSChapterRank>70</CSChapterRank><CSItem><CSItemCode>PLMITM070001</CSItemCode><CSItemName>Concebida especialmente para</CSItemName><CSItemRank>1</CSItemRank><CSItemIsFreeFormat>0</CSItemIsFreeFormat><CSValue><CSValueCode>PLMATR0970G_P</CSValueCode><CSValueName>Jardim e terraço</CSValueName><CSValueRank>1</CSValueRank></CSValue></CSItem><CSItem><CSItemCode>PLMITM070002</CSItemCode><CSItemName>Estilo</CSItemName><CSItemRank>2</CSItemRank><CSItemIsFreeFormat>0</CSItemIsFreeFormat><CSValue><CSValueCode>PLMATR0628CON</CSValueCode><CSValueName>Contemporâneo</CSValueName><CSValueRank>1</CSValueRank></CSValue></CSItem><CSItem><CSItemCode>PLMITM070003</CSItemCode><CSItemName>Tipo</CSItemName><CSItemRank>3</CSItemRank><CSItemIsFreeFormat>0</CSItemIsFreeFormat><CSValue><CSValueCode>PLMATR0830WALL</CSValueCode><CSValueName>Aplique</CSValueName><CSValueRank>1</CSValueRank></CSValue></CSItem></CSChapter><Filters><Purpose type="Comparison"><Features><Feature code="F400057628" rank="2" referenceName="High quality LED light (LED integrated)"/><Feature code="F400076495" rank="3" referenceName="5 year warranty on LED system"/><Feature code="F400057635_172739316" rank="4" referenceName="Warm white light (NEW lighting)"/><Feature code="F400057627" rank="5" referenceName="Energy saving (general NEW)"/><Feature code="F400057605" rank="6" referenceName="IP44 - weather proof (outdoor lighting)"/><Feature code="F400057631" rank="7" referenceName="Long operating life (15 yrs lighting)"/></Features><CSItems><CSItem code="PLMITM010001" rank="1" referenceName="Design e acabamento - Material"/><CSItem code="PLMITM030001" rank="1" referenceName="Dimensões e peso do produto - Altura"/><CSItem code="PLMITM040001" rank="1" referenceName="Especificações técnicas - Alimentação elétrica"/><CSItem code="PLMITM050001" rank="1" referenceName="Assistência - Garantia"/><CSItem code="PLMITM060001" rank="1" referenceName="Dimensões e peso da embalagem - Altura"/><CSItem code="PLMITM070001" rank="1" referenceName="Diversos - Concebida especialmente para"/><CSItem code="PLMITM010002" rank="2" referenceName="Design e acabamento - Cor"/><CSItem code="PLMITM040002" rank="2" referenceName="Especificações técnicas - Tecnologia da lâmpada"/><CSItem code="PLMITM060002" rank="2" referenceName="Dimensões e peso da embalagem - Comprimento"/><CSItem code="PLMITM070002" rank="2" referenceName="Diversos - Estilo"/><CSItem code="PLMITM040003" rank="3" referenceName="Especificações técnicas - Número de lâmpadas"/><CSItem code="PLMITM060003" rank="3" referenceName="Dimensões e peso da embalagem - Largura"/><CSItem code="PLMITM070003" rank="3" referenceName="Diversos - Tipo"/><CSItem code="PLMITM0776FX031" rank="4" referenceName="Funcionalidade extra/acessório incl. - Totalmente resistente a intempéries"/><CSItem code="PLMITM030004" rank="4" referenceName="Dimensões e peso do produto - Comprimento"/><CSItem code="PLMITM060004" rank="4" referenceName="Dimensões e peso da embalagem - Peso"/><CSItem code="PLMITM0776FX065" rank="5" referenceName="Funcionalidade extra/acessório incl. - 5 anos de garantia"/><CSItem code="PLMITM030005" rank="5" referenceName="Dimensões e peso do produto - Largura"/><CSItem code="PLMITM040005" rank="5" referenceName="Especificações técnicas - Potência da lâmpada incluída"/><CSItem code="PLMITM030006" rank="6" referenceName="Dimensões e peso do produto - Peso líquido"/><CSItem code="PLMITM040007" rank="7" referenceName="Especificações técnicas - Cor da luz"/><CSItem code="PLMITM0400011" rank="11" referenceName="Especificações técnicas - Fluxo luminoso total do candeeiro"/><CSItem code="PLMITM0400013" rank="13" referenceName="Especificações técnicas - Candeeiro de intensidade de luz regulável"/><CSItem code="PLMITM0400014" rank="14" referenceName="Especificações técnicas - LED"/><CSItem code="PLMITM0400018" rank="18" referenceName="Especificações técnicas - Vida útil até"/><CSItem code="PLMITM040026" rank="26" referenceName="Especificações técnicas - Código IP"/><CSItem code="PLMITM040027" rank="27" referenceName="Especificações técnicas - Classe de proteção"/><CSItem code="PLMITM0400051" rank="51" referenceName="Especificações técnicas - Fonte de luz equivalente a lâmpada tradicional de"/></CSItems></Purpose><Purpose type="Detail"><Features><Feature code="F400057628" rank="2" referenceName="High quality LED light (LED integrated)"/><Feature code="F400076495" rank="3" referenceName="5 year warranty on LED system"/><Feature code="F400057635_172739316" rank="4" referenceName="Warm white light (NEW lighting)"/><Feature code="F400057627" rank="5" referenceName="Energy saving (general NEW)"/><Feature code="F400057605" rank="6" referenceName="IP44 - weather proof (outdoor lighting)"/><Feature code="F400057631" rank="7" referenceName="Long operating life (15 yrs lighting)"/></Features><CSItems><CSItem code="PLMITM010001" rank="1" referenceName="Design e acabamento - Material"/><CSItem code="PLMITM030001" rank="1" referenceName="Dimensões e peso do produto - Altura"/><CSItem code="PLMITM040001" rank="1" referenceName="Especificações técnicas - Alimentação elétrica"/><CSItem code="PLMITM050001" rank="1" referenceName="Assistência - Garantia"/><CSItem code="PLMITM060001" rank="1" referenceName="Dimensões e peso da embalagem - Altura"/><CSItem code="PLMITM070001" rank="1" referenceName="Diversos - Concebida especialmente para"/><CSItem code="PLMITM010002" rank="2" referenceName="Design e acabamento - Cor"/><CSItem code="PLMITM040002" rank="2" referenceName="Especificações técnicas - Tecnologia da lâmpada"/><CSItem code="PLMITM060002" rank="2" referenceName="Dimensões e peso da embalagem - Comprimento"/><CSItem code="PLMITM070002" rank="2" referenceName="Diversos - Estilo"/><CSItem code="PLMITM040003" rank="3" referenceName="Especificações técnicas - Número de lâmpadas"/><CSItem code="PLMITM060003" rank="3" referenceName="Dimensões e peso da embalagem - Largura"/><CSItem code="PLMITM070003" rank="3" referenceName="Diversos - Tipo"/><CSItem code="PLMITM0776FX031" rank="4" referenceName="Funcionalidade extra/acessório incl. - Totalmente resistente a intempéries"/><CSItem code="PLMITM030004" rank="4" referenceName="Dimensões e peso do produto - Comprimento"/><CSItem code="PLMITM060004" rank="4" referenceName="Dimensões e peso da embalagem - Peso"/><CSItem code="PLMITM0776FX065" rank="5" referenceName="Funcionalidade extra/acessório incl. - 5 anos de garantia"/><CSItem code="PLMITM030005" rank="5" referenceName="Dimensões e peso do produto - Largura"/><CSItem code="PLMITM040005" rank="5" referenceName="Especificações técnicas - Potência da lâmpada incluída"/><CSItem code="PLMITM030006" rank="6" referenceName="Dimensões e peso do produto - Peso líquido"/><CSItem code="PLMITM040007" rank="7" referenceName="Especificações técnicas - Cor da luz"/><CSItem code="PLMITM0400011" rank="11" referenceName="Especificações técnicas - Fluxo luminoso total do candeeiro"/><CSItem code="PLMITM0400013" rank="13" referenceName="Especificações técnicas - Candeeiro de intensidade de luz regulável"/><CSItem code="PLMITM0400014" rank="14" referenceName="Especificações técnicas - LED"/><CSItem code="PLMITM0400018" rank="18" referenceName="Especificações técnicas - Vida útil até"/><CSItem code="PLMITM040026" rank="26" referenceName="Especificações técnicas - Código IP"/><CSItem code="PLMITM040027" rank="27" referenceName="Especificações técnicas - Classe de proteção"/><CSItem code="PLMITM0400051" rank="51" referenceName="Especificações técnicas - Fonte de luz equivalente a lâmpada tradicional de"/></CSItems></Purpose></Filters><FeatureCompareGroups/><Disclaimers/><RichTexts/></Product></Products>