<?xml version="1.0" encoding="UTF-8"?><Products xmlns:source="http://apache.org/cocoon/source/1.0" DocStatus="approved" DocTimeStamp="2018-10-13T06:26:08"><Product Country="PT" IsAccessory="false" IsLocalized="true" IsMaster="false" Locale="pt_PT" lastModified="2018-10-11T04:30:02" masterLastModified="2018-10-05T00:35:25"><CTN>5047430P7</CTN><Code12NC>915005516601</Code12NC><GTIN>8718696164174</GTIN><MarketingVersion>3.0.3</MarketingVersion><MarketingStatus>Final Published</MarketingStatus><CRDate>2017-04-21</CRDate><CRDateYW>201716</CRDateYW><ModelYears><ModelYear>2017</ModelYear></ModelYears><ProductDivision><ProductDivisionCode>0100</ProductDivisionCode><ProductDivisionName>Lighting</ProductDivisionName><FormerPDCode>0100</FormerPDCode></ProductDivision><ProductOwner>Mihaela Mihaylova</ProductOwner><DTN>50474/30/P7</DTN><Catalog><StartOfPublication>2017-11-12T00:00:00</StartOfPublication><EndOfPublication>2022-11-12T00:00:00</EndOfPublication><StartOfSales>2017-11-12T00:00:00</StartOfSales><EndOfSales>2022-11-12T00:00:00</EndOfSales><DummyPrice>79.95</DummyPrice><Deleted>false</Deleted><DeleteAfterDate/><ProductRank>50</ProductRank></Catalog><FinancialCategorization><BusinessGroupCode>9021</BusinessGroupCode><BusinessGroupName>Home</BusinessGroupName><BusinessUnitCode>9159</BusinessUnitCode><BusinessUnitName>Home Luminaires</BusinessUnitName><MainArticleGroupCode>G77</MainArticleGroupCode><MainArticleGroupName>Build-on Spots</MainArticleGroupName><ArticleGroupCode>4917</ArticleGroupCode><ArticleGroupName>Build-On Spots - Ceiling Plate/Spiral</ArticleGroupName></FinancialCategorization><Categorization type="CONSUMER"><GroupCode>LIGHTING_GR</GroupCode><GroupName>Lighting</GroupName><CategoryCode>HUEWIRELESS_CA</CategoryCode><CategoryName>Hue</CategoryName><SubcategoryCode>LAMPS_SU</SubcategoryCode><SubcategoryName>Lamps</SubcategoryName></Categorization><Assets><Asset code="5047430P7" description="Leaflet" extension="pdf" lastModified="2018-10-09" locale="pt_PT" number="001" type="PSS">http://download.p4c.philips.com/files/5/5047430p7/5047430p7_pss_porpt.pdf</Asset><Asset code="5047430P7" description="Retail Trade Leaflet" extension="pdf" lastModified="2018-10-07" locale="pt_PT" number="001" type="RTL">http://download.p4c.philips.com/files/5/5047430p7/5047430p7_rtl_porpt.pdf</Asset><Asset code="5047430P7" description="Alternative product photograph 1 - highres 2196x1795" extension="tif" lastModified="2017-05-19" locale="global" number="001" type="A1P">http://images.philips.com/is/image/PhilipsConsumer/5047430P7-A1P-global-001</Asset><Asset code="5047430P7" description="Alternative product photograph - highres 2196x1795" extension="tif" lastModified="2017-05-19" locale="global" number="001" type="APP">http://images.philips.com/is/image/PhilipsConsumer/5047430P7-APP-global-001</Asset><Asset code="5047430P7" description="Main in-use photograph - highres 2480x1462" extension="tif" lastModified="2018-04-11" locale="global" number="001" type="MI1">http://images.philips.com/is/image/PhilipsConsumer/5047430P7-MI1-global-001</Asset><Asset code="5047430P7" description="Packaging photograph - highres 1447x756" extension="tif" lastModified="2018-02-06" locale="global" number="001" type="PID">http://images.philips.com/is/image/PhilipsConsumer/5047430P7-PID-global-001</Asset><Asset code="5047430P7" description="Packaging photograph - master" extension="jpg" lastModified="2018-02-06" locale="global" number="001" type="PIM">http://download.p4c.philips.com/files/5/5047430p7/5047430p7_pim_.jpg</Asset><Asset code="5047430P7" description="Packaging photograph - small 90x65" extension="jpg" lastModified="2018-02-06" locale="global" number="001" type="PIS">http://download.p4c.philips.com/files/5/5047430p7/5047430p7_pis_.jpg</Asset><Asset code="5047430P7" description="Leaflet" extension="pdf" lastModified="2018-10-09" locale="global" number="001" type="PSS">http://download.p4c.philips.com/files/5/5047430p7/5047430p7_pss_.pdf</Asset><Asset code="5047430P7" description="Standard product photograph - highres 2196x1795" extension="tif" lastModified="2017-05-22" locale="global" number="001" type="RTP">http://images.philips.com/is/image/PhilipsConsumer/5047430P7-RTP-global-001</Asset><Asset code="5047430P7" description="Product In Use 1 - highres 2196x1795" extension="tif" lastModified="2018-04-04" locale="global" number="001" type="U1P">http://images.philips.com/is/image/PhilipsConsumer/5047430P7-U1P-global-001</Asset><Asset code="5047430P7" description="Single product shot" extension="" lastModified="2018-10-11" locale="pt_PT" number="" type="IMS">http://images.philips.com/is/image/PhilipsConsumer/5047430P7-IMS-pt_PT</Asset><Asset code="5047430P7" description="Product gallery image set" extension="" lastModified="2018-10-11" locale="pt_PT" number="" type="GAL">http://images.philips.com/is/image/PhilipsConsumer/5047430P7-GAL-pt_PT</Asset><Asset code="5047430P7" description="Product URL" extension="" lastModified="2018-10-11" locale="pt_PT" number="" type="URL">http://www.philips.pt/c-p/5047430P7/hue-white-ambiance-foco-quadruplo-buckram</Asset><Asset code="F400083537" description="Feature photograph - highres 2100x1170" extension="tif" lastModified="2017-07-13" locale="global" number="001" type="FIL">http://images.philips.com/is/image/PhilipsConsumer/F400083537-FIL-global-001</Asset><Asset code="F400083543" description="Feature photograph - highres 2100x1170" extension="tif" lastModified="2017-07-13" locale="global" number="001" type="FIL">http://images.philips.com/is/image/PhilipsConsumer/F400083543-FIL-global-001</Asset><Asset code="F400083545" description="Feature photograph - highres 2100x1170" extension="tif" lastModified="2017-07-13" locale="global" number="001" type="FIL">http://images.philips.com/is/image/PhilipsConsumer/F400083545-FIL-global-001</Asset><Asset code="F400083553" description="Feature photograph - highres 2100x1170" extension="tif" lastModified="2017-07-13" locale="global" number="001" type="FIL">http://images.philips.com/is/image/PhilipsConsumer/F400083553-FIL-global-001</Asset><Asset code="F400083652" description="Feature photograph - highres 2100x1170" extension="tif" lastModified="2017-07-13" locale="global" number="001" type="FIL">http://images.philips.com/is/image/PhilipsConsumer/F400083652-FIL-global-001</Asset><Asset code="F400083655" description="Feature photograph - highres 2100x1170" extension="tif" lastModified="2017-07-13" locale="global" number="001" type="FIL">http://images.philips.com/is/image/PhilipsConsumer/F400083655-FIL-global-001</Asset><Asset code="F400083656" description="Feature photograph - highres 2100x1170" extension="tif" lastModified="2017-07-13" locale="global" number="001" type="FIL">http://images.philips.com/is/image/PhilipsConsumer/F400083656-FIL-global-001</Asset><Asset code="F400083660" description="Feature photograph - highres 2100x1170" extension="tif" lastModified="2017-07-13" locale="global" number="001" type="FIL">http://images.philips.com/is/image/PhilipsConsumer/F400083660-FIL-global-001</Asset><Asset code="PHI" description="Brand logo - highres 1476x886" extension="tif" lastModified="2016-02-18" locale="global" number="001" type="BRP">http://images.philips.com/is/image/PhilipsConsumer/PHI-BRP-global-001</Asset></Assets><ProductName>Foco quádruplo Buckram com Regulador incluído</ProductName><FullProductName>Philips Hue White ambiance Foco quádruplo Buckram 50474/30/P7 Controlo inteligente preto com ponte Hue* GU10 com regulador incluído</FullProductName><NamingString><MasterBrand><BrandCode>PHI</BrandCode><BrandName>Philips</BrandName></MasterBrand><BrandString>Philips</BrandString><Family><FamilyCode>PLM0345002</FamilyCode><FamilyName>Hue White ambiance</FamilyName><FamilyNameUsed>1</FamilyNameUsed></Family><Descriptor><DescriptorCode>PLM1000040</DescriptorCode><DescriptorName>Foco quádruplo Buckram</DescriptorName></Descriptor><Alphanumeric>50474/30/P7</Alphanumeric><VersionElement1><VersionElementCode>PLM1000043</VersionElementCode><VersionElementName>Regulador incluído</VersionElementName></VersionElement1><VersionElement2><VersionElementCode>PLM1000013</VersionElementCode><VersionElementName>GU10</VersionElementName></VersionElement2><VersionElement3><VersionElementCode>PLM1000004</VersionElementCode><VersionElementName>Preto</VersionElementName></VersionElement3><VersionElement4><VersionElementCode>PLM1000044</VersionElementCode><VersionElementName>Controlo inteligente com a ponte Hue*</VersionElementName></VersionElement4><VersionString>Controlo inteligente preto com ponte Hue* GU10 com regulador incluído</VersionString><BrandedFeatureString/><DescriptorBrandedFeatureString>Foco quádruplo Buckram</DescriptorBrandedFeatureString></NamingString><WOW>Ilumine todos os seus momentos</WOW><SubWOW>do nascer ao pôr-do-sol</SubWOW><MarketingTextHeader>Os focos de luz ambiente branca Philips Hue Buckram incluem um interruptor de regulação da intensidade sem fios e uma lâmpada LED GU10 de ambiente branca que ajuda a descontrair, a ler, a concentrar-se e a repor energias. Desfrute de uma luz branca natural que se adapta às suas rotinas diárias.</MarketingTextHeader><KeyBenefitArea><KeyBenefitAreaCode>K4034655</KeyBenefitAreaCode><KeyBenefitAreaName>Luz e design de alta qualidade</KeyBenefitAreaName><KeyBenefitAreaRank>1</KeyBenefitAreaRank><Feature><FeatureCode>F400083650</FeatureCode><FeatureReferenceName>High light output 2017 LUM</FeatureReferenceName><FeatureName>Ótima luminosidade</FeatureName><FeatureLongDescription>Ótima luminosidade</FeatureLongDescription><FeatureGlossary>Luz de alta qualidade com forte emissão de luz, proporcionando muita luz branca para qualquer momento ou tarefa.</FeatureGlossary><FeatureRank>1</FeatureRank><FeatureTopRank>1</FeatureTopRank></Feature></KeyBenefitArea><KeyBenefitArea><KeyBenefitAreaCode>K4034641</KeyBenefitAreaCode><KeyBenefitAreaName>Ilumine todos os seus momentos</KeyBenefitAreaName><KeyBenefitAreaRank>2</KeyBenefitAreaRank><Feature><FeatureCode>F400083652</FeatureCode><FeatureReferenceName>Dimmer switch (included)</FeatureReferenceName><FeatureName>Interruptor de regulação da luz (incluído)</FeatureName><FeatureLongDescription>Controlo fácil sem fios com o interruptor de regulação da luz (incluído)</FeatureLongDescription><FeatureGlossary>Com interruptor de regulação da intensidade da luz para Philips Hue alimentado por uma bateria, pode controlar facilmente as lâmpadas de luz ambiente brancas. Percorra os 4 diferentes efeitos de luz, ao premir simplesmente o botão de ligar. Reduza ou aumente a intensidade da luz e desfrute da facilidade de utilização. O interruptor de regulação da luz pode ser colocado em qualquer local da sua pequena e elegante base e não necessita de cabos. Utilize como um controlo remoto ou como um interruptor de luz contra a parede e desfrute da intensidade certa de luz para todos os momentos do seu dia. Pode adicionar até 10 lâmpadas Hue ao interruptor de regulação da luz.</FeatureGlossary><FeatureRank>1</FeatureRank><FeatureTopRank>2</FeatureTopRank></Feature><Feature><FeatureCode>F400083545</FeatureCode><FeatureReferenceName>Light for your daily routines</FeatureReferenceName><FeatureName>Luz para as suas rotinas diárias</FeatureName><FeatureLongDescription>Relaxe, leia, concentre-se e reponha energias com fórmulas de luz</FeatureLongDescription><FeatureGlossary>A luz influencia o nosso humor e comportamento. O sistema Philips Hue pode ajudá-lo a personalizar as suas rotinas diárias com momentos de que pode desfrutar. Dispense o café matinal e prepare-se para o dia com uma luz branca fria brilhante para energizar o seu corpo e mente. Mantenha-se concentrado com uma luz branca brilhante ajustada com precisão. Ou recoste-se confortavelmente e descontraia com um brilho suave de luz branca para um final de dia perfeito.</FeatureGlossary><FeatureRank>2</FeatureRank><FeatureTopRank>3</FeatureTopRank></Feature></KeyBenefitArea><KeyBenefitArea><KeyBenefitAreaCode>K4034656</KeyBenefitAreaCode><KeyBenefitAreaName>Controlo total através de dispositivo inteligente com a ponte Hue</KeyBenefitAreaName><KeyBenefitAreaRank>3</KeyBenefitAreaRank><Feature><FeatureCode>F400083537</FeatureCode><FeatureReferenceName>Full control with Hue bridge</FeatureReferenceName><FeatureName>Total controlo com a ponte Hue</FeatureName><FeatureLongDescription>Controlo total através de dispositivo inteligente com a ponte Hue</FeatureLongDescription><FeatureGlossary>Ligue as suas luzes Philips Hue à ponte para descobrir uma infinidade de possibilidades do sistema.</FeatureGlossary><FeatureRank>1</FeatureRank><FeatureTopRank>4</FeatureTopRank></Feature><Feature><FeatureCode>F400083543</FeatureCode><FeatureReferenceName>Create your ambiance</FeatureReferenceName><FeatureName>Crie o seu próprio ambiente</FeatureName><FeatureLongDescription>Crie o seu ambiente com luz branca suave a luz branca fria</FeatureLongDescription><FeatureGlossary>Crie o ambiente certo para qualquer momento e decore a sua casa com uma variedade de luzes brancas quentes a frias. Desfrute de diferentes estilos durante o ano: uma luz branca brilhante que lhe recorde uma brisa primaveril, uma luz branca suave que lhe recorde o sol do verão ou uma luz branca fria que lhe recorde o inverno.</FeatureGlossary><FeatureRank>2</FeatureRank><FeatureTopRank>5</FeatureTopRank></Feature><Feature><FeatureCode>F400083660</FeatureCode><FeatureReferenceName>Wake up and go to sleep LUM 2017</FeatureReferenceName><FeatureName>Acorde e adormeça</FeatureName><FeatureLongDescription>Acorde e adormeça naturalmente</FeatureLongDescription><FeatureGlossary>A gama Philips Hue fá-lo levantar-se da cama à sua maneira, ajudando-o a começar o dia sentindo-se revigorado. O brilho da luz aumenta gradualmente imitando o efeito do amanhecer e ajuda-o a acordar naturalmente, em vez de ser acordado pelo som alto de um despertador. Comece o dia da melhor forma. À noite, a luz branca quente e relaxante ajuda-o a descontrair, a relaxar e a preparar o seu corpo para uma boa noite de sono. Para desfrutar desta funcionalidade, é necessária a ligação a uma ponte Philips Hue.</FeatureGlossary><FeatureRank>3</FeatureRank><FeatureTopRank>6</FeatureTopRank></Feature><Feature><FeatureCode>F400083655</FeatureCode><FeatureReferenceName>Smart control, home and away LUM 2017</FeatureReferenceName><FeatureName>Controlo inteligente, dentro e fora de casa</FeatureName><FeatureLongDescription>Controlo inteligente, dentro e fora de casa</FeatureLongDescription><FeatureGlossary>Com as aplicações Philips Hue para iOS e Android, pode controlar as suas luzes remotamente onde quer que esteja. Verifique se se esqueceu de apagar as luzes ao sair de casa e acenda-as se estiver a trabalhar até tarde. Para desfrutar desta funcionalidade, é necessária a ligação a uma ponte Philips Hue.</FeatureGlossary><FeatureRank>4</FeatureRank><FeatureTopRank>7</FeatureTopRank></Feature><Feature><FeatureCode>F400083656</FeatureCode><FeatureReferenceName>Timers for your convenience HUE LUM</FeatureReferenceName><FeatureName>Temporizadores para sua comodidade</FeatureName><FeatureLongDescription>Defina temporizadores conforme desejar</FeatureLongDescription><FeatureGlossary>A gama Philips Hue pode criar a ilusão de que está em casa quando não está, utilizando a função de programação na aplicação Philips Hue. Defina as luzes para se acenderem a horas predefinidas, para que estejam acesas quando chegar a casa. Pode até definir divisões para iluminar a horas diferentes. E, obviamente, pode definir para que as luzes se apaguem gradualmente durante a noite, para nunca mais ter de se preocupar com luzes acesas. Para desfrutar desta funcionalidade, é necessária a ligação a uma ponte Philips Hue.</FeatureGlossary><FeatureRank>5</FeatureRank><FeatureTopRank>8</FeatureTopRank></Feature><Feature><FeatureCode>F400083553</FeatureCode><FeatureReferenceName>Control it your way</FeatureReferenceName><FeatureName>O controlo que desejar</FeatureName><FeatureLongDescription>O controlo que desejar</FeatureLongDescription><FeatureGlossary>Ligue as suas luzes Philips Hue à ponte e comece a descobrir as possibilidades infinitas. Controle as suas luzes a partir do seu smartphone ou tablet através da aplicação Philips Hue, ou adicione interruptores ao seu sistema para ativar as suas luzes. Defina temporizadores, notificações, alarmes e muito mais para uma experiência Philips Hue completa. A Philips Hue até funciona com o Amazon Alexa, o Apple Homekit e o Google Home para que possa controlar as luzes com a voz.</FeatureGlossary><FeatureRank>6</FeatureRank><FeatureTopRank>9</FeatureTopRank></Feature></KeyBenefitArea><FeatureImage><FeatureCode>F400083650</FeatureCode><FeatureReferenceName>High light output 2017 LUM</FeatureReferenceName><FeatureImageRank>1</FeatureImageRank></FeatureImage><FeatureImage><FeatureCode>F400083652</FeatureCode><FeatureReferenceName>Dimmer switch (included)</FeatureReferenceName><FeatureImageRank>2</FeatureImageRank></FeatureImage><FeatureImage><FeatureCode>F400083545</FeatureCode><FeatureReferenceName>Light for your daily routines</FeatureReferenceName><FeatureImageRank>3</FeatureImageRank></FeatureImage><FeatureImage><FeatureCode>F400083537</FeatureCode><FeatureReferenceName>Full control with Hue bridge</FeatureReferenceName><FeatureImageRank>4</FeatureImageRank></FeatureImage><FeatureImage><FeatureCode>F400083543</FeatureCode><FeatureReferenceName>Create your ambiance</FeatureReferenceName><FeatureImageRank>5</FeatureImageRank></FeatureImage><FeatureImage><FeatureCode>F400083660</FeatureCode><FeatureReferenceName>Wake up and go to sleep LUM 2017</FeatureReferenceName><FeatureImageRank>6</FeatureImageRank></FeatureImage><FeatureImage><FeatureCode>F400083655</FeatureCode><FeatureReferenceName>Smart control, home and away LUM 2017</FeatureReferenceName><FeatureImageRank>7</FeatureImageRank></FeatureImage><FeatureImage><FeatureCode>F400083656</FeatureCode><FeatureReferenceName>Timers for your convenience HUE LUM</FeatureReferenceName><FeatureImageRank>8</FeatureImageRank></FeatureImage><FeatureImage><FeatureCode>F400083553</FeatureCode><FeatureReferenceName>Control it your way</FeatureReferenceName><FeatureImageRank>9</FeatureImageRank></FeatureImage><FeatureHighlight><FeatureCode>F400083650</FeatureCode><FeatureReferenceName>High light output 2017 LUM</FeatureReferenceName><FeatureHighlightRank>1</FeatureHighlightRank></FeatureHighlight><FeatureHighlight><FeatureCode>F400083652</FeatureCode><FeatureReferenceName>Dimmer switch (included)</FeatureReferenceName><FeatureHighlightRank>2</FeatureHighlightRank></FeatureHighlight><FeatureHighlight><FeatureCode>F400083545</FeatureCode><FeatureReferenceName>Light for your daily routines</FeatureReferenceName><FeatureHighlightRank>3</FeatureHighlightRank></FeatureHighlight><FeatureHighlight><FeatureCode>F400083537</FeatureCode><FeatureReferenceName>Full control with Hue bridge</FeatureReferenceName><FeatureHighlightRank>4</FeatureHighlightRank></FeatureHighlight><FeatureHighlight><FeatureCode>F400083543</FeatureCode><FeatureReferenceName>Create your ambiance</FeatureReferenceName><FeatureHighlightRank>5</FeatureHighlightRank></FeatureHighlight><FeatureHighlight><FeatureCode>F400083660</FeatureCode><FeatureReferenceName>Wake up and go to sleep LUM 2017</FeatureReferenceName><FeatureHighlightRank>6</FeatureHighlightRank></FeatureHighlight><FeatureHighlight><FeatureCode>F400083655</FeatureCode><FeatureReferenceName>Smart control, home and away LUM 2017</FeatureReferenceName><FeatureHighlightRank>7</FeatureHighlightRank></FeatureHighlight><FeatureHighlight><FeatureCode>F400083656</FeatureCode><FeatureReferenceName>Timers for your convenience HUE LUM</FeatureReferenceName><FeatureHighlightRank>8</FeatureHighlightRank></FeatureHighlight><FeatureHighlight><FeatureCode>F400083553</FeatureCode><FeatureReferenceName>Control it your way</FeatureReferenceName><FeatureHighlightRank>9</FeatureHighlightRank></FeatureHighlight><CSChapter><CSChapterCode>PLMCHP010</CSChapterCode><CSChapterName>Design e acabamento</CSChapterName><CSChapterRank>10</CSChapterRank><CSItem><CSItemCode>PLMITM010001</CSItemCode><CSItemName>Material</CSItemName><CSItemRank>1</CSItemRank><CSItemIsFreeFormat>0</CSItemIsFreeFormat><CSValue><CSValueCode>PLMATR0105METAL</CSValueCode><CSValueName>metal</CSValueName><CSValueRank>1</CSValueRank></CSValue><CSValue><CSValueCode>PLMATR0105SYNTH</CSValueCode><CSValueName>sintético</CSValueName><CSValueRank>2</CSValueRank></CSValue></CSItem><CSItem><CSItemCode>PLMITM010002</CSItemCode><CSItemName>Cor</CSItemName><CSItemRank>2</CSItemRank><CSItemIsFreeFormat>0</CSItemIsFreeFormat><CSValue><CSValueCode>PLMATR018309</CSValueCode><CSValueName>preto</CSValueName><CSValueRank>1</CSValueRank></CSValue></CSItem></CSChapter><CSChapter><CSChapterCode>PLMCHP020</CSChapterCode><CSChapterName>Funcionalidade extra/acessório incl.</CSChapterName><CSChapterRank>20</CSChapterRank><CSItem><CSItemCode>PLMITM0776F2010</CSItemCode><CSItemName>Regulável com aplicação Hue e interruptor</CSItemName><CSItemRank>2</CSItemRank><CSItemIsFreeFormat>0</CSItemIsFreeFormat><CSValue><CSValueCode>PLMATR0776F2010YES</CSValueCode><CSValueName>SIM</CSValueName><CSValueRank>1</CSValueRank></CSValue></CSItem><CSItem><CSItemCode>PLMITM0776F3006</CSItemCode><CSItemName>Interruptor Hue</CSItemName><CSItemRank>3</CSItemRank><CSItemIsFreeFormat>0</CSItemIsFreeFormat><CSValue><CSValueCode>PLMATR0776F3006YES</CSValueCode><CSValueName>SIM</CSValueName><CSValueRank>1</CSValueRank></CSValue></CSItem><CSItem><CSItemCode>PLMITM0776FX003</CSItemCode><CSItemName>Lâmpada(s) de LEDs incluída(s)</CSItemName><CSItemRank>4</CSItemRank><CSItemIsFreeFormat>0</CSItemIsFreeFormat><CSValue><CSValueCode>PLMATR0776FX003YES</CSValueCode><CSValueName>SIM</CSValueName><CSValueRank>1</CSValueRank></CSValue></CSItem><CSItem><CSItemCode>PLMITM0776FX040</CSItemCode><CSItemName>Cabeça do foco ajustável</CSItemName><CSItemRank>5</CSItemRank><CSItemIsFreeFormat>0</CSItemIsFreeFormat><CSValue><CSValueCode>PLMATR0776FX040YES</CSValueCode><CSValueName>SIM</CSValueName><CSValueRank>1</CSValueRank></CSValue></CSItem><CSItem><CSItemCode>PLMITM0776FX052</CSItemCode><CSItemName>Montagem fácil clickFIX</CSItemName><CSItemRank>6</CSItemRank><CSItemIsFreeFormat>0</CSItemIsFreeFormat><CSValue><CSValueCode>PLMATR0776FX052YES</CSValueCode><CSValueName>SIM</CSValueName><CSValueRank>1</CSValueRank></CSValue></CSItem></CSChapter><CSChapter><CSChapterCode>PLMCHP030</CSChapterCode><CSChapterName>Dimensões e peso do produto</CSChapterName><CSChapterRank>30</CSChapterRank><CSItem><CSItemCode>PLMITM030001</CSItemCode><CSItemName>Altura</CSItemName><CSItemRank>1</CSItemRank><CSItemIsFreeFormat>1</CSItemIsFreeFormat><CSValue><CSValueCode>VA4042333</CSValueCode><CSValueName>10,3</CSValueName><CSValueRank>1</CSValueRank></CSValue><UnitOfMeasure><UnitOfMeasureCode>3000039</UnitOfMeasureCode><UnitOfMeasureName>centímetros</UnitOfMeasureName><UnitOfMeasureSymbol>cm</UnitOfMeasureSymbol></UnitOfMeasure></CSItem><CSItem><CSItemCode>PLMITM030004</CSItemCode><CSItemName>Comprimento</CSItemName><CSItemRank>4</CSItemRank><CSItemIsFreeFormat>1</CSItemIsFreeFormat><CSValue><CSValueCode>VA4042309</CSValueCode><CSValueName>24</CSValueName><CSValueRank>1</CSValueRank></CSValue><UnitOfMeasure><UnitOfMeasureCode>3000039</UnitOfMeasureCode><UnitOfMeasureName>centímetros</UnitOfMeasureName><UnitOfMeasureSymbol>cm</UnitOfMeasureSymbol></UnitOfMeasure></CSItem><CSItem><CSItemCode>PLMITM030005</CSItemCode><CSItemName>Largura</CSItemName><CSItemRank>5</CSItemRank><CSItemIsFreeFormat>1</CSItemIsFreeFormat><CSValue><CSValueCode>VA4042311</CSValueCode><CSValueName>24</CSValueName><CSValueRank>1</CSValueRank></CSValue><UnitOfMeasure><UnitOfMeasureCode>3000039</UnitOfMeasureCode><UnitOfMeasureName>centímetros</UnitOfMeasureName><UnitOfMeasureSymbol>cm</UnitOfMeasureSymbol></UnitOfMeasure></CSItem><CSItem><CSItemCode>PLMITM030006</CSItemCode><CSItemName>Peso líquido</CSItemName><CSItemRank>6</CSItemRank><CSItemIsFreeFormat>1</CSItemIsFreeFormat><CSValue><CSValueCode>VA4042308</CSValueCode><CSValueName>1,645</CSValueName><CSValueRank>1</CSValueRank></CSValue><UnitOfMeasure><UnitOfMeasureCode>3000049</UnitOfMeasureCode><UnitOfMeasureName>quilogramas</UnitOfMeasureName><UnitOfMeasureSymbol>kg</UnitOfMeasureSymbol></UnitOfMeasure></CSItem></CSChapter><CSChapter><CSChapterCode>PLMCHP040</CSChapterCode><CSChapterName>Especificações técnicas</CSChapterName><CSChapterRank>40</CSChapterRank><CSItem><CSItemCode>PLMITM040001</CSItemCode><CSItemName>Alimentação elétrica</CSItemName><CSItemRank>1</CSItemRank><CSItemIsFreeFormat>0</CSItemIsFreeFormat><CSValue><CSValueCode>PLMATR0719220-240</CSValueCode><CSValueName>Entre 220 V e 240 V</CSValueName><CSValueRank>1</CSValueRank></CSValue><CSValue><CSValueCode>PLMATR067350/60HZ</CSValueCode><CSValueName>50-60 Hz</CSValueName><CSValueRank>2</CSValueRank></CSValue></CSItem><CSItem><CSItemCode>PLMITM040002</CSItemCode><CSItemName>Tecnologia da lâmpada</CSItemName><CSItemRank>2</CSItemRank><CSItemIsFreeFormat>0</CSItemIsFreeFormat><CSValue><CSValueCode>PLMATR0329230</CSValueCode><CSValueName>230 V</CSValueName><CSValueRank>2</CSValueRank></CSValue></CSItem><CSItem><CSItemCode>PLMITM040003</CSItemCode><CSItemName>Número de lâmpadas</CSItemName><CSItemRank>3</CSItemRank><CSItemIsFreeFormat>1</CSItemIsFreeFormat><CSValue><CSValueCode>VA4042306</CSValueCode><CSValueName>4</CSValueName><CSValueRank>1</CSValueRank></CSValue></CSItem><CSItem><CSItemCode>PLMITM040004</CSItemCode><CSItemName>Encaixe/casquilho</CSItemName><CSItemRank>4</CSItemRank><CSItemIsFreeFormat>0</CSItemIsFreeFormat><CSValue><CSValueCode>PLMATR0341GU10</CSValueCode><CSValueName>GU10</CSValueName><CSValueRank>1</CSValueRank></CSValue></CSItem><CSItem><CSItemCode>PLMITM040005</CSItemCode><CSItemName>Potência da lâmpada incluída</CSItemName><CSItemRank>5</CSItemRank><CSItemIsFreeFormat>0</CSItemIsFreeFormat><CSValue><CSValueCode>PLMATR04605_5</CSValueCode><CSValueName>5,5 W</CSValueName><CSValueRank>1</CSValueRank></CSValue></CSItem><CSItem><CSItemCode>PLMITM040006</CSItemCode><CSItemName>Potência máxima da lâmpada de substituição</CSItemName><CSItemRank>6</CSItemRank><CSItemIsFreeFormat>0</CSItemIsFreeFormat><CSValue><CSValueCode>PLMATR03335_5</CSValueCode><CSValueName>5,5 W</CSValueName><CSValueRank>1</CSValueRank></CSValue></CSItem><CSItem><CSItemCode>PLMITM040007</CSItemCode><CSItemName>Cor da luz</CSItemName><CSItemRank>7</CSItemRank><CSItemIsFreeFormat>0</CSItemIsFreeFormat><CSValue><CSValueCode>PLMATRBOIBULB106244000_K</CSValueCode><CSValueName>branca fria</CSValueName><CSValueRank>1</CSValueRank></CSValue></CSItem><CSItem><CSItemCode>PLMITM040009</CSItemCode><CSItemName>Ângulo de feixe</CSItemName><CSItemRank>9</CSItemRank><CSItemIsFreeFormat>0</CSItemIsFreeFormat><CSValue><CSValueCode>PLMATRBOIBULB1061145</CSValueCode><CSValueName>45°</CSValueName><CSValueRank>1</CSValueRank></CSValue></CSItem><CSItem><CSItemCode>PLMITM0400013</CSItemCode><CSItemName>Candeeiro de intensidade de luz regulável</CSItemName><CSItemRank>13</CSItemRank><CSItemIsFreeFormat>0</CSItemIsFreeFormat><CSValue><CSValueCode>PLMATR1075Y</CSValueCode><CSValueName>SIM</CSValueName><CSValueRank>1</CSValueRank></CSValue></CSItem><CSItem><CSItemCode>PLMITM0400014</CSItemCode><CSItemName>LED</CSItemName><CSItemRank>14</CSItemRank><CSItemIsFreeFormat>0</CSItemIsFreeFormat><CSValue><CSValueCode>PLMATR0814Y</CSValueCode><CSValueName>SIM</CSValueName><CSValueRank>1</CSValueRank></CSValue></CSItem><CSItem><CSItemCode>PLMITM0400015</CSItemCode><CSItemName>LED incorporado</CSItemName><CSItemRank>15</CSItemRank><CSItemIsFreeFormat>0</CSItemIsFreeFormat><CSValue><CSValueCode>PLMATR1095EEL01-3</CSValueCode><CSValueName>NÃO</CSValueName><CSValueRank>1</CSValueRank></CSValue></CSItem><CSItem><CSItemCode>PLMITM0400016</CSItemCode><CSItemName>Classe energética da fonte de luz incluída</CSItemName><CSItemRank>16</CSItemRank><CSItemIsFreeFormat>0</CSItemIsFreeFormat><CSValue><CSValueCode>PLMATR1095EEL03-1</CSValueCode><CSValueName>A</CSValueName><CSValueRank>1</CSValueRank></CSValue></CSItem><CSItem><CSItemCode>PLMITM0400017</CSItemCode><CSItemName>Candeeiro compatível com lâmpada(s) da classe</CSItemName><CSItemRank>17</CSItemRank><CSItemIsFreeFormat>0</CSItemIsFreeFormat><CSValue><CSValueCode>PLMATR1095EEL03-2</CSValueCode><CSValueName>A+ a E</CSValueName><CSValueRank>1</CSValueRank></CSValue></CSItem><CSItem><CSItemCode>PLMITM0400018</CSItemCode><CSItemName>Vida útil até</CSItemName><CSItemRank>18</CSItemRank><CSItemIsFreeFormat>1</CSItemIsFreeFormat><CSValue><CSValueCode>VA4094468</CSValueCode><CSValueName>15 000</CSValueName><CSValueRank>1</CSValueRank></CSValue><UnitOfMeasure><UnitOfMeasureCode>4000213</UnitOfMeasureCode><UnitOfMeasureName>hrs</UnitOfMeasureName><UnitOfMeasureSymbol>hrs</UnitOfMeasureSymbol></UnitOfMeasure></CSItem><CSItem><CSItemCode>PLMITM040026</CSItemCode><CSItemName>Código IP</CSItemName><CSItemRank>26</CSItemRank><CSItemIsFreeFormat>0</CSItemIsFreeFormat><CSValue><CSValueCode>PLMATR0290IP20</CSValueCode><CSValueName>IP20</CSValueName><CSValueRank>1</CSValueRank></CSValue><CSValue><CSValueCode>PLMATR0290IP20-2</CSValueCode><CSValueName>proteção contra objetos com mais de 12,5 mm</CSValueName><CSValueRank>2</CSValueRank></CSValue><CSValue><CSValueCode>PLMATR0290IP20-3</CSValueCode><CSValueName>sem proteção contra água</CSValueName><CSValueRank>3</CSValueRank></CSValue></CSItem><CSItem><CSItemCode>PLMITM040027</CSItemCode><CSItemName>Classe de proteção</CSItemName><CSItemRank>27</CSItemRank><CSItemIsFreeFormat>0</CSItemIsFreeFormat><CSValue><CSValueCode>PLMATR0289I</CSValueCode><CSValueName>I - com ligação à terra</CSValueName><CSValueRank>1</CSValueRank></CSValue></CSItem><CSItem><CSItemCode>PLMITM0400051</CSItemCode><CSItemName>Fonte de luz equivalente a lâmpada tradicional de</CSItemName><CSItemRank>51</CSItemRank><CSItemIsFreeFormat>1</CSItemIsFreeFormat><CSValue><CSValueCode>VA4081551</CSValueCode><CSValueName>25</CSValueName><CSValueRank>1</CSValueRank></CSValue><UnitOfMeasure><UnitOfMeasureCode>3000072</UnitOfMeasureCode><UnitOfMeasureName>watts</UnitOfMeasureName><UnitOfMeasureSymbol>W</UnitOfMeasureSymbol></UnitOfMeasure></CSItem><CSItem><CSItemCode>PLMITM0400052</CSItemCode><CSItemName>Fluxo luminoso da lâmpada incluída</CSItemName><CSItemRank>52</CSItemRank><CSItemIsFreeFormat>1</CSItemIsFreeFormat><CSValue><CSValueCode>VA4081549</CSValueCode><CSValueName>250</CSValueName><CSValueRank>1</CSValueRank></CSValue><UnitOfMeasure><UnitOfMeasureCode>3000051</UnitOfMeasureCode><UnitOfMeasureName>lúmen</UnitOfMeasureName><UnitOfMeasureSymbol>lm</UnitOfMeasureSymbol></UnitOfMeasure></CSItem></CSChapter><CSChapter><CSChapterCode>PLMCHP050</CSChapterCode><CSChapterName>Assistência</CSChapterName><CSChapterRank>50</CSChapterRank><CSItem><CSItemCode>PLMITM050001</CSItemCode><CSItemName>Garantia</CSItemName><CSItemRank>1</CSItemRank><CSItemIsFreeFormat>0</CSItemIsFreeFormat><CSValue><CSValueCode>PLMATR02982</CSValueCode><CSValueName>2 ano(s)</CSValueName><CSValueRank>1</CSValueRank></CSValue></CSItem></CSChapter><CSChapter><CSChapterCode>PLMCHP060</CSChapterCode><CSChapterName>Dimensões e peso da embalagem</CSChapterName><CSChapterRank>60</CSChapterRank><CSItem><CSItemCode>PLMITM060001</CSItemCode><CSItemName>Altura</CSItemName><CSItemRank>1</CSItemRank><CSItemIsFreeFormat>1</CSItemIsFreeFormat><CSValue><CSValueCode>VA4042312</CSValueCode><CSValueName>16,4</CSValueName><CSValueRank>1</CSValueRank></CSValue><UnitOfMeasure><UnitOfMeasureCode>3000039</UnitOfMeasureCode><UnitOfMeasureName>centímetros</UnitOfMeasureName><UnitOfMeasureSymbol>cm</UnitOfMeasureSymbol></UnitOfMeasure></CSItem><CSItem><CSItemCode>PLMITM060002</CSItemCode><CSItemName>Comprimento</CSItemName><CSItemRank>2</CSItemRank><CSItemIsFreeFormat>1</CSItemIsFreeFormat><CSValue><CSValueCode>VA4042313</CSValueCode><CSValueName>25,3</CSValueName><CSValueRank>1</CSValueRank></CSValue><UnitOfMeasure><UnitOfMeasureCode>3000039</UnitOfMeasureCode><UnitOfMeasureName>centímetros</UnitOfMeasureName><UnitOfMeasureSymbol>cm</UnitOfMeasureSymbol></UnitOfMeasure></CSItem><CSItem><CSItemCode>PLMITM060003</CSItemCode><CSItemName>Largura</CSItemName><CSItemRank>3</CSItemRank><CSItemIsFreeFormat>1</CSItemIsFreeFormat><CSValue><CSValueCode>VA4042307</CSValueCode><CSValueName>25,3</CSValueName><CSValueRank>1</CSValueRank></CSValue><UnitOfMeasure><UnitOfMeasureCode>3000039</UnitOfMeasureCode><UnitOfMeasureName>centímetros</UnitOfMeasureName><UnitOfMeasureSymbol>cm</UnitOfMeasureSymbol></UnitOfMeasure></CSItem><CSItem><CSItemCode>PLMITM060004</CSItemCode><CSItemName>Peso</CSItemName><CSItemRank>4</CSItemRank><CSItemIsFreeFormat>1</CSItemIsFreeFormat><CSValue><CSValueCode>VA4042304</CSValueCode><CSValueName>2,100</CSValueName><CSValueRank>1</CSValueRank></CSValue><UnitOfMeasure><UnitOfMeasureCode>3000049</UnitOfMeasureCode><UnitOfMeasureName>quilogramas</UnitOfMeasureName><UnitOfMeasureSymbol>kg</UnitOfMeasureSymbol></UnitOfMeasure></CSItem></CSChapter><CSChapter><CSChapterCode>PLMCHP070</CSChapterCode><CSChapterName>Diversos</CSChapterName><CSChapterRank>70</CSChapterRank><CSItem><CSItemCode>PLMITM070001</CSItemCode><CSItemName>Concebida especialmente para</CSItemName><CSItemRank>1</CSItemRank><CSItemIsFreeFormat>0</CSItemIsFreeFormat><CSValue><CSValueCode>PLMATR0970L_B</CSValueCode><CSValueName>Sala de estar e quarto</CSValueName><CSValueRank>1</CSValueRank></CSValue></CSItem><CSItem><CSItemCode>PLMITM070002</CSItemCode><CSItemName>Estilo</CSItemName><CSItemRank>2</CSItemRank><CSItemIsFreeFormat>0</CSItemIsFreeFormat><CSValue><CSValueCode>PLMATR0628MOD</CSValueCode><CSValueName>Moderno</CSValueName><CSValueRank>1</CSValueRank></CSValue></CSItem><CSItem><CSItemCode>PLMITM070003</CSItemCode><CSItemName>Tipo</CSItemName><CSItemRank>3</CSItemRank><CSItemIsFreeFormat>0</CSItemIsFreeFormat><CSValue><CSValueCode>PLMATR0830SPOT</CSValueCode><CSValueName>Foco com casquilho de rosca</CSValueName><CSValueRank>1</CSValueRank></CSValue></CSItem></CSChapter><Filters><Purpose type="Comparison"><Features><Feature code="F400083650" rank="1" referenceName="High light output 2017 LUM"/><Feature code="F400083652" rank="2" referenceName="Dimmer switch (included)"/><Feature code="F400083545" rank="3" referenceName="Light for your daily routines"/><Feature code="F400083537" rank="4" referenceName="Full control with Hue bridge"/><Feature code="F400083543" rank="5" referenceName="Create your ambiance"/><Feature code="F400083660" rank="6" referenceName="Wake up and go to sleep LUM 2017"/><Feature code="F400083655" rank="7" referenceName="Smart control, home and away LUM 2017"/><Feature code="F400083656" rank="8" referenceName="Timers for your convenience HUE LUM"/><Feature code="F400083553" rank="9" referenceName="Control it your way"/></Features><CSItems><CSItem code="PLMITM010001" rank="1" referenceName="Design e acabamento - Material"/><CSItem code="PLMITM030001" rank="1" referenceName="Dimensões e peso do produto - Altura"/><CSItem code="PLMITM040001" rank="1" referenceName="Especificações técnicas - Alimentação elétrica"/><CSItem code="PLMITM050001" rank="1" referenceName="Assistência - Garantia"/><CSItem code="PLMITM060001" rank="1" referenceName="Dimensões e peso da embalagem - Altura"/><CSItem code="PLMITM070001" rank="1" referenceName="Diversos - Concebida especialmente para"/><CSItem code="PLMITM010002" rank="2" referenceName="Design e acabamento - Cor"/><CSItem code="PLMITM0776F2010" rank="2" referenceName="Funcionalidade extra/acessório incl. - Regulável com aplicação Hue e interruptor"/><CSItem code="PLMITM040002" rank="2" referenceName="Especificações técnicas - Tecnologia da lâmpada"/><CSItem code="PLMITM060002" rank="2" referenceName="Dimensões e peso da embalagem - Comprimento"/><CSItem code="PLMITM070002" rank="2" referenceName="Diversos - Estilo"/><CSItem code="PLMITM0776F3006" rank="3" referenceName="Funcionalidade extra/acessório incl. - Interruptor Hue"/><CSItem code="PLMITM040003" rank="3" referenceName="Especificações técnicas - Número de lâmpadas"/><CSItem code="PLMITM060003" rank="3" referenceName="Dimensões e peso da embalagem - Largura"/><CSItem code="PLMITM070003" rank="3" referenceName="Diversos - Tipo"/><CSItem code="PLMITM0776FX003" rank="4" referenceName="Funcionalidade extra/acessório incl. - Lâmpada(s) de LEDs incluída(s)"/><CSItem code="PLMITM030004" rank="4" referenceName="Dimensões e peso do produto - Comprimento"/><CSItem code="PLMITM040004" rank="4" referenceName="Especificações técnicas - Encaixe/casquilho"/><CSItem code="PLMITM060004" rank="4" referenceName="Dimensões e peso da embalagem - Peso"/><CSItem code="PLMITM0776FX040" rank="5" referenceName="Funcionalidade extra/acessório incl. - Cabeça do foco ajustável"/><CSItem code="PLMITM030005" rank="5" referenceName="Dimensões e peso do produto - Largura"/><CSItem code="PLMITM040005" rank="5" referenceName="Especificações técnicas - Potência da lâmpada incluída"/><CSItem code="PLMITM0776FX052" rank="6" referenceName="Funcionalidade extra/acessório incl. - Montagem fácil clickFIX"/><CSItem code="PLMITM030006" rank="6" referenceName="Dimensões e peso do produto - Peso líquido"/><CSItem code="PLMITM040006" rank="6" referenceName="Especificações técnicas - Potência máxima da lâmpada de substituição"/><CSItem code="PLMITM040007" rank="7" referenceName="Especificações técnicas - Cor da luz"/><CSItem code="PLMITM040009" rank="9" referenceName="Especificações técnicas - Ângulo de feixe"/><CSItem code="PLMITM0400013" rank="13" referenceName="Especificações técnicas - Candeeiro de intensidade de luz regulável"/><CSItem code="PLMITM0400014" rank="14" referenceName="Especificações técnicas - LED"/><CSItem code="PLMITM0400015" rank="15" referenceName="Especificações técnicas - LED incorporado"/><CSItem code="PLMITM0400016" rank="16" referenceName="Especificações técnicas - Classe energética da fonte de luz incluída"/><CSItem code="PLMITM0400017" rank="17" referenceName="Especificações técnicas - Candeeiro compatível com lâmpada(s) da classe"/><CSItem code="PLMITM0400018" rank="18" referenceName="Especificações técnicas - Vida útil até"/><CSItem code="PLMITM040026" rank="26" referenceName="Especificações técnicas - Código IP"/><CSItem code="PLMITM040027" rank="27" referenceName="Especificações técnicas - Classe de proteção"/><CSItem code="PLMITM0400051" rank="51" referenceName="Especificações técnicas - Fonte de luz equivalente a lâmpada tradicional de"/><CSItem code="PLMITM0400052" rank="52" referenceName="Especificações técnicas - Fluxo luminoso da lâmpada incluída"/></CSItems></Purpose><Purpose type="Detail"><Features><Feature code="F400083650" rank="1" referenceName="High light output 2017 LUM"/><Feature code="F400083652" rank="2" referenceName="Dimmer switch (included)"/><Feature code="F400083545" rank="3" referenceName="Light for your daily routines"/><Feature code="F400083537" rank="4" referenceName="Full control with Hue bridge"/><Feature code="F400083543" rank="5" referenceName="Create your ambiance"/><Feature code="F400083660" rank="6" referenceName="Wake up and go to sleep LUM 2017"/><Feature code="F400083655" rank="7" referenceName="Smart control, home and away LUM 2017"/><Feature code="F400083656" rank="8" referenceName="Timers for your convenience HUE LUM"/><Feature code="F400083553" rank="9" referenceName="Control it your way"/></Features><CSItems><CSItem code="PLMITM010001" rank="1" referenceName="Design e acabamento - Material"/><CSItem code="PLMITM030001" rank="1" referenceName="Dimensões e peso do produto - Altura"/><CSItem code="PLMITM040001" rank="1" referenceName="Especificações técnicas - Alimentação elétrica"/><CSItem code="PLMITM050001" rank="1" referenceName="Assistência - Garantia"/><CSItem code="PLMITM060001" rank="1" referenceName="Dimensões e peso da embalagem - Altura"/><CSItem code="PLMITM070001" rank="1" referenceName="Diversos - Concebida especialmente para"/><CSItem code="PLMITM010002" rank="2" referenceName="Design e acabamento - Cor"/><CSItem code="PLMITM0776F2010" rank="2" referenceName="Funcionalidade extra/acessório incl. - Regulável com aplicação Hue e interruptor"/><CSItem code="PLMITM040002" rank="2" referenceName="Especificações técnicas - Tecnologia da lâmpada"/><CSItem code="PLMITM060002" rank="2" referenceName="Dimensões e peso da embalagem - Comprimento"/><CSItem code="PLMITM070002" rank="2" referenceName="Diversos - Estilo"/><CSItem code="PLMITM0776F3006" rank="3" referenceName="Funcionalidade extra/acessório incl. - Interruptor Hue"/><CSItem code="PLMITM040003" rank="3" referenceName="Especificações técnicas - Número de lâmpadas"/><CSItem code="PLMITM060003" rank="3" referenceName="Dimensões e peso da embalagem - Largura"/><CSItem code="PLMITM070003" rank="3" referenceName="Diversos - Tipo"/><CSItem code="PLMITM0776FX003" rank="4" referenceName="Funcionalidade extra/acessório incl. - Lâmpada(s) de LEDs incluída(s)"/><CSItem code="PLMITM030004" rank="4" referenceName="Dimensões e peso do produto - Comprimento"/><CSItem code="PLMITM040004" rank="4" referenceName="Especificações técnicas - Encaixe/casquilho"/><CSItem code="PLMITM060004" rank="4" referenceName="Dimensões e peso da embalagem - Peso"/><CSItem code="PLMITM0776FX040" rank="5" referenceName="Funcionalidade extra/acessório incl. - Cabeça do foco ajustável"/><CSItem code="PLMITM030005" rank="5" referenceName="Dimensões e peso do produto - Largura"/><CSItem code="PLMITM040005" rank="5" referenceName="Especificações técnicas - Potência da lâmpada incluída"/><CSItem code="PLMITM0776FX052" rank="6" referenceName="Funcionalidade extra/acessório incl. - Montagem fácil clickFIX"/><CSItem code="PLMITM030006" rank="6" referenceName="Dimensões e peso do produto - Peso líquido"/><CSItem code="PLMITM040006" rank="6" referenceName="Especificações técnicas - Potência máxima da lâmpada de substituição"/><CSItem code="PLMITM040007" rank="7" referenceName="Especificações técnicas - Cor da luz"/><CSItem code="PLMITM040009" rank="9" referenceName="Especificações técnicas - Ângulo de feixe"/><CSItem code="PLMITM0400013" rank="13" referenceName="Especificações técnicas - Candeeiro de intensidade de luz regulável"/><CSItem code="PLMITM0400014" rank="14" referenceName="Especificações técnicas - LED"/><CSItem code="PLMITM0400015" rank="15" referenceName="Especificações técnicas - LED incorporado"/><CSItem code="PLMITM0400016" rank="16" referenceName="Especificações técnicas - Classe energética da fonte de luz incluída"/><CSItem code="PLMITM0400017" rank="17" referenceName="Especificações técnicas - Candeeiro compatível com lâmpada(s) da classe"/><CSItem code="PLMITM0400018" rank="18" referenceName="Especificações técnicas - Vida útil até"/><CSItem code="PLMITM040026" rank="26" referenceName="Especificações técnicas - Código IP"/><CSItem code="PLMITM040027" rank="27" referenceName="Especificações técnicas - Classe de proteção"/><CSItem code="PLMITM0400051" rank="51" referenceName="Especificações técnicas - Fonte de luz equivalente a lâmpada tradicional de"/><CSItem code="PLMITM0400052" rank="52" referenceName="Especificações técnicas - Fluxo luminoso da lâmpada incluída"/></CSItems></Purpose></Filters><FeatureCompareGroups/><Disclaimers><Disclaimer code="DIS40011976" rank="1" referenceName="*Hue bridge sold separately"><DisclaimerText>*Ponte Hue vendida separadamente</DisclaimerText><DisclaimElements/></Disclaimer></Disclaimers><ProductReference ProductReferenceType="Accessory"><CTN>5047130P8</CTN><ProductReferenceRank>0</ProductReferenceRank></ProductReference><RichTexts/></Product></Products>