<?xml version="1.0" encoding="UTF-8"?><Products xmlns:source="http://apache.org/cocoon/source/1.0" DocStatus="approved" DocTimeStamp="2018-10-13T06:26:08"><Product Country="PT" IsAccessory="false" IsMaster="false" Locale="pt_PT" lastModified="2018-10-08T04:31:01" masterLastModified="2018-06-14T00:26:01"><CTN>5060331P0</CTN><Code12NC>915005687701</Code12NC><GTIN>8718696169568</GTIN><MarketingVersion>1.0.1</MarketingVersion><MarketingStatus>Final Published</MarketingStatus><CRDate>2018-02-09</CRDate><CRDateYW>201806</CRDateYW><ModelYears><ModelYear>2018</ModelYear></ModelYears><ProductDivision><ProductDivisionCode>0100</ProductDivisionCode><ProductDivisionName>Lighting</ProductDivisionName><FormerPDCode>0100</FormerPDCode></ProductDivision><ProductOwner>Mihaela Mihaylova</ProductOwner><DTN>50603/31/P0</DTN><Catalog><StartOfPublication>2018-09-03T00:00:00</StartOfPublication><EndOfPublication>2023-09-03T00:00:00</EndOfPublication><StartOfSales>2018-09-03T00:00:00</StartOfSales><EndOfSales>2023-09-03T00:00:00</EndOfSales><DummyPrice/><Deleted>false</Deleted><DeleteAfterDate/><ProductRank>50</ProductRank></Catalog><FinancialCategorization><BusinessGroupCode>9021</BusinessGroupCode><BusinessGroupName>Home</BusinessGroupName><BusinessUnitCode>9159</BusinessUnitCode><BusinessUnitName>Home Luminaires</BusinessUnitName><MainArticleGroupCode>G77</MainArticleGroupCode><MainArticleGroupName>Build-on Spots</MainArticleGroupName><ArticleGroupCode>4917</ArticleGroupCode><ArticleGroupName>Build-On Spots - Ceiling Plate/Spiral</ArticleGroupName></FinancialCategorization><Assets><Asset code="5060331P0" description="Leaflet" extension="pdf" lastModified="2018-09-15" locale="pt_PT" number="001" type="PSS">http://download.p4c.philips.com/files/5/5060331p0/5060331p0_pss_porpt.pdf</Asset><Asset code="5060331P0" description="Retail Trade Leaflet" extension="pdf" lastModified="2018-10-07" locale="pt_PT" number="001" type="RTL">http://download.p4c.philips.com/files/5/5060331p0/5060331p0_rtl_porpt.pdf</Asset><Asset code="5060331P0" description="Packaging photograph - highres 1447x756" extension="tif" lastModified="2018-09-10" locale="global" number="001" type="PID">http://images.philips.com/is/image/PhilipsConsumer/5060331P0-PID-global-001</Asset><Asset code="5060331P0" description="Packaging photograph - small 90x65" extension="jpg" lastModified="2018-09-10" locale="global" number="001" type="PIS">http://download.p4c.philips.com/files/5/5060331p0/5060331p0_pis_.jpg</Asset><Asset code="5060331P0" description="Leaflet" extension="pdf" lastModified="2018-10-06" locale="global" number="001" type="PSS">http://download.p4c.philips.com/files/5/5060331p0/5060331p0_pss_.pdf</Asset><Asset code="5060331P0" description="Single product shot" extension="" lastModified="2018-10-08" locale="pt_PT" number="" type="IMS">http://images.philips.com/is/image/PhilipsConsumer/5060331P0-IMS-pt_PT</Asset><Asset code="5060331P0" description="Product gallery image set" extension="" lastModified="2018-10-08" locale="pt_PT" number="" type="GAL">http://images.philips.com/is/image/PhilipsConsumer/5060331P0-GAL-pt_PT</Asset><Asset code="5060331P0" description="Product URL" extension="" lastModified="2018-10-08" locale="pt_PT" number="" type="URL">http://www.philips.pt/c-p/5060331P0/myliving-foco-com-casquilho-de-rosca</Asset><Asset code="F400085559" description="Feature photograph - highres 2100x1170" extension="tif" lastModified="2018-01-18" locale="global" number="001" type="FIL">http://images.philips.com/is/image/PhilipsConsumer/F400085559-FIL-global-001</Asset><Asset code="F400085559" description="Feature logo - highres 331x213" extension="tif" lastModified="2018-04-09" locale="global" number="001" type="FLP">http://images.philips.com/is/image/PhilipsConsumer/F400085559-FLP-global-001</Asset><Asset code="F400086688" description="Feature logo - highres 331x213" extension="tif" lastModified="2018-04-10" locale="global" number="001" type="FLP">http://images.philips.com/is/image/PhilipsConsumer/F400086688-FLP-global-001</Asset><Asset code="F400086693" description="Feature logo - highres 331x213" extension="tif" lastModified="2018-04-10" locale="global" number="001" type="FLP">http://images.philips.com/is/image/PhilipsConsumer/F400086693-FLP-global-001</Asset><Asset code="F400086696" description="Feature logo - highres 331x213" extension="tif" lastModified="2018-04-10" locale="global" number="001" type="FLP">http://images.philips.com/is/image/PhilipsConsumer/F400086696-FLP-global-001</Asset><Asset code="F400086700" description="Feature logo - highres 331x213" extension="tif" lastModified="2018-04-10" locale="global" number="001" type="FLP">http://images.philips.com/is/image/PhilipsConsumer/F400086700-FLP-global-001</Asset><Asset code="F400086704" description="Feature logo - highres 331x213" extension="tif" lastModified="2018-04-10" locale="global" number="001" type="FLP">http://images.philips.com/is/image/PhilipsConsumer/F400086704-FLP-global-001</Asset><Asset code="F400086860" description="Feature photograph - highres 2100x1170" extension="tif" lastModified="2018-06-08" locale="global" number="001" type="FIL">http://images.philips.com/is/image/PhilipsConsumer/F400086860-FIL-global-001</Asset><Asset code="F400086938" description="Feature logo - highres 331x213" extension="tif" lastModified="2018-04-10" locale="global" number="001" type="FLP">http://images.philips.com/is/image/PhilipsConsumer/F400086938-FLP-global-001</Asset><Asset code="F400086939" description="Feature logo - highres 331x213" extension="tif" lastModified="2018-04-09" locale="global" number="001" type="FLP">http://images.philips.com/is/image/PhilipsConsumer/F400086939-FLP-global-001</Asset><Asset code="F400087052" description="Feature logo - highres 331x213" extension="tif" lastModified="2018-04-10" locale="global" number="001" type="FLP">http://images.philips.com/is/image/PhilipsConsumer/F400087052-FLP-global-001</Asset><Asset code="PHI" description="Brand logo - highres 1476x886" extension="tif" lastModified="2016-02-18" locale="global" number="001" type="BRP">http://images.philips.com/is/image/PhilipsConsumer/PHI-BRP-global-001</Asset></Assets><ProductName>Foco LED BUKKO branco</ProductName><FullProductName>Philips myLiving Foco com casquilho de rosca 50603/31/P0 BUKKO, branco, LED</FullProductName><NamingString><MasterBrand><BrandCode>PHI</BrandCode><BrandName>Philips</BrandName></MasterBrand><BrandString>Philips</BrandString><Concept><ConceptCode>PLM0108MYL</ConceptCode><ConceptName>myLiving</ConceptName><ConceptNameUsed>1</ConceptNameUsed></Concept><Descriptor><DescriptorCode>PLM0830SPO</DescriptorCode><DescriptorName>Foco com casquilho de rosca</DescriptorName></Descriptor><Alphanumeric>50603/31/P0</Alphanumeric><VersionElement1><VersionElementCode>PLM0007467</VersionElementCode><VersionElementName>BUKKO</VersionElementName></VersionElement1><VersionElement2><VersionElementCode>PLM018331</VersionElementCode><VersionElementName>branco</VersionElementName></VersionElement2><VersionElement3><VersionElementCode>PLM0814Y</VersionElementCode><VersionElementName>LED</VersionElementName></VersionElement3><VersionString>BUKKO, branco, LED</VersionString><BrandedFeatureString/><DescriptorBrandedFeatureString>Foco com casquilho de rosca</DescriptorBrandedFeatureString></NamingString><WOW>Uma lâmpada, o seu interruptor, três definições de iluminação.</WOW><SubWOW>Funciona com o interruptor existente na parede</SubWOW><MarketingTextHeader>Por vezes deseja uma mudança de ambiente que seja mais adequada àquilo que está a fazer. Com os focos LED SceneSwitch da Philips, pode mudar facilmente a regulação da iluminação com o interruptor de parede já existente. Não necessita de um interruptor de regulação da intensidade da luz ou de uma instalação adicional.</MarketingTextHeader><KeyBenefitArea><KeyBenefitAreaCode>K4035550</KeyBenefitAreaCode><KeyBenefitAreaName>Iluminação versátil para cada momento do dia</KeyBenefitAreaName><KeyBenefitAreaRank>1</KeyBenefitAreaRank><Feature><FeatureCode>F400086688</FeatureCode><FeatureReferenceName>SceneSwitch 3 light settings [LED lums, Spots]</FeatureReferenceName><FeatureName>3 definições de iluminação SceneSwitch</FeatureName><FeatureLongDescription>Mude o ambiente com apenas um toque no interruptor existente</FeatureLongDescription><FeatureGlossary>Mude o ambiente da divisão para se adaptar àquilo que está a fazer. Com os focos LED Philips SceneSwitch, pode mudar facilmente a definição de uma luz brilhante para uma luz natural ou para um brilho quente e acolhedor. Não necessita de regulador nem de instalação adicional. Tudo o que precisa é do interruptor existente.</FeatureGlossary><FeatureRank>5</FeatureRank><FeatureTopRank>1</FeatureTopRank></Feature></KeyBenefitArea><KeyBenefitArea><KeyBenefitAreaCode>K4035549</KeyBenefitAreaCode><KeyBenefitAreaName>Iluminação para a sua comodidade e paz de espírito</KeyBenefitAreaName><KeyBenefitAreaRank>2</KeyBenefitAreaRank><Feature><FeatureCode>F400087052</FeatureCode><FeatureReferenceName>Restore to factory setting [LED lums, Spots]</FeatureReferenceName><FeatureName>Repor as predefinições de fábrica</FeatureName><FeatureLongDescription>Repor as predefinições de fábrica do foco</FeatureLongDescription><FeatureGlossary>Caso sejam utilizadas várias luzes SceneSwitch que já não estejam sincronizadas, simplesmente rode o interruptor (ligue e volte a desligar no espaço de um segundo) para restaurar as predefinições de fábrica das lâmpadas.</FeatureGlossary><FeatureRank>1</FeatureRank><FeatureTopRank>2</FeatureTopRank></Feature><Feature><FeatureCode>F400086693</FeatureCode><FeatureReferenceName>Memorise your light setting [LED lums, Spots]</FeatureReferenceName><FeatureName>Recuperar a última definição de luz</FeatureName><FeatureLongDescription>Recuperar a última definição de luz automaticamente</FeatureLongDescription><FeatureGlossary>Esta lâmpada SceneSwitch possui um chip de memória incorporado que irá memorizar a última regulação de luz se o interruptor estiver desligado durante mais de 6 segundos. Se não alternar entre as actividades com muita frequência, a luz estará no seu modo favorito quando a acender novamente.</FeatureGlossary><FeatureRank>3</FeatureRank><FeatureTopRank>3</FeatureTopRank></Feature><Feature><FeatureCode>F400086860</FeatureCode><FeatureReferenceName>EyeComfort [LED lums, Spots]</FeatureReferenceName><FeatureName>LEDs delicados para os seus olhos</FeatureName><FeatureLongDescription>Concebidos para o conforto dos seus olhos*</FeatureLongDescription><FeatureGlossary>É fácil ver como a iluminação demasiado agressiva pode causar fadiga ocular. Se for demasiado brilhante, produz um efeito de encadeamento. Se for demasiado suave, sentirá uma cintilação. Agora pode iluminar suavemente o seu mundo com LEDs concebidos para serem confortáveis para os olhos e criarem o ambiente perfeito na sua casa.</FeatureGlossary><FeatureRank>6</FeatureRank><FeatureTopRank>4</FeatureTopRank></Feature><Feature><FeatureCode>F400087066</FeatureCode><FeatureReferenceName>High light output - 1290 lumen [LED lums, Spots]</FeatureReferenceName><FeatureName>Fluxo luminoso elevado: 1290 lúmenes</FeatureName><FeatureLongDescription>Fluxo luminoso elevado: 1290 lúmenes</FeatureLongDescription><FeatureGlossary>Ilumine a sua casa com luz de alta qualidade</FeatureGlossary><FeatureRank>10</FeatureRank><FeatureTopRank>5</FeatureTopRank></Feature><Feature><FeatureCode>F400086938</FeatureCode><FeatureReferenceName>Integrated LED light [LED lums, Spots]</FeatureReferenceName><FeatureName>Luz LED integrada</FeatureName><FeatureLongDescription>Luz LED integrada</FeatureLongDescription><FeatureGlossary>Este foco tem uma luz LED de alta qualidade integrada que oferece um fluxo luminoso ideal.</FeatureGlossary><FeatureRank>9</FeatureRank><FeatureTopRank>6</FeatureTopRank></Feature><Feature><FeatureCode>F400085559</FeatureCode><FeatureReferenceName>ClickFix easy mounting [LED lums, Spots]</FeatureReferenceName><FeatureName>Montagem fácil clickFIX</FeatureName><FeatureLongDescription>Montagem fácil clickFIX</FeatureLongDescription><FeatureGlossary>Instale facilmente e sozinho o seu foco. Graças ao clickFIX, não precisa de ajuda. Basta montar o suporte no teto, ligar os fios e, em seguida, encaixar e fixar a lâmpada num mesmo gesto.</FeatureGlossary><FeatureRank>7</FeatureRank><FeatureTopRank>7</FeatureTopRank></Feature><Feature><FeatureCode>F400086939</FeatureCode><FeatureReferenceName>5 years warranty [LED lums, Spots]</FeatureReferenceName><FeatureName>5 anos de garantia</FeatureName><FeatureLongDescription>5 anos de garantia para a total paz de espírito</FeatureLongDescription><FeatureGlossary>Para além da garantia padrão de 2 anos para este candeeiro, a Philips oferece uma garantia de 5 anos para o sistema LED, ou seja, para o módulo LED e o controlador neste candeeiro.</FeatureGlossary><FeatureRank>13</FeatureRank><FeatureTopRank>8</FeatureTopRank></Feature><Feature><FeatureCode>F400086704</FeatureCode><FeatureReferenceName>Instant brightness [LED lums, Spots]</FeatureReferenceName><FeatureName>Acendimento instantâneo</FeatureName><FeatureLongDescription>Acendimento instantâneo ao ligar</FeatureLongDescription><FeatureGlossary>Com os focos LED da Philips não é necessário esperar: consiga o nível total de brilho assim que os liga. A luz branca quente, realmente semelhante à incandescente, cria instantaneamente um ambiente acolhedor e convidativo.</FeatureGlossary><FeatureRank>8</FeatureRank><FeatureTopRank>10</FeatureTopRank></Feature><Feature><FeatureCode>F400086696</FeatureCode><FeatureReferenceName>Energy saving LED light [LED lums, Spots]</FeatureReferenceName><FeatureName>Luz LED economizadora</FeatureName><FeatureLongDescription>Obtenha uma luz LED de alta qualidade enquanto poupa energia</FeatureLongDescription><FeatureGlossary>As luzes LED poupam até 80% de energia em comparação com uma iluminação tradicional com o mesmo fluxo luminoso. Quando compra uma lâmpada ou lâmpada LED Philips, começa a poupar dinheiro imediatamente. Por cada fonte de luz que substitui por uma luz LED, obterá um retorno imediato com uma conta da luz mais baixa.</FeatureGlossary><FeatureRank>11</FeatureRank><FeatureTopRank>11</FeatureTopRank></Feature><Feature><FeatureCode>F400087072</FeatureCode><FeatureReferenceName>Lamp lifetime for up to 25 years of use [LED lums, Spots]</FeatureReferenceName><FeatureName>Vida útil até 25 anos</FeatureName><FeatureLongDescription>Vida útil da lâmpada de até 25 anos de utilização</FeatureLongDescription><FeatureGlossary>As luzes LED duram mais tempo e evitam o incómodo das substituições frequentes da fonte de luz. Isto reduz significativamente o desperdício, mas também permite poupar dinheiro a longo prazo.</FeatureGlossary><FeatureRank>12</FeatureRank><FeatureTopRank>14</FeatureTopRank></Feature></KeyBenefitArea><KeyBenefitArea><KeyBenefitAreaCode>K4035695</KeyBenefitAreaCode><KeyBenefitAreaName>Design de qualidade superior para um efeito de luz ideal</KeyBenefitAreaName><KeyBenefitAreaRank>3</KeyBenefitAreaRank><Feature><FeatureCode>F400086702</FeatureCode><FeatureReferenceName>Accent lighting [LED lums, Spots]</FeatureReferenceName><FeatureName>Perfeito para iluminação de acentuação</FeatureName><FeatureLongDescription>O feixe de luz perfeito para iluminação de realce</FeatureLongDescription><FeatureGlossary>Com uma iluminação moderna com um fluxo luminoso de ângulo amplo familiar (40 graus), este foco LED é adequado para a iluminação de acentuação e a iluminação geral. É ideal para utilizar em cozinhas, salas de estar e salas de jantar.</FeatureGlossary><FeatureRank>2</FeatureRank><FeatureTopRank>12</FeatureTopRank></Feature><Feature><FeatureCode>F400086700</FeatureCode><FeatureReferenceName>Adjustable spot head (multiple directions) [LED lums, Spots]</FeatureReferenceName><FeatureName>Cabeça do foco fácil de ajustar</FeatureName><FeatureLongDescription>Cabeça do foco ajustável para flexibilidade máxima</FeatureLongDescription><FeatureGlossary>A cabeça do foco ajustável foi concebida para direcionar a luz para onde mais precisa.</FeatureGlossary><FeatureRank>4</FeatureRank><FeatureTopRank>13</FeatureTopRank></Feature></KeyBenefitArea><FeatureImage><FeatureCode>F400086688</FeatureCode><FeatureReferenceName>SceneSwitch 3 light settings [LED lums, Spots]</FeatureReferenceName><FeatureImageRank>1</FeatureImageRank></FeatureImage><FeatureImage><FeatureCode>F400087052</FeatureCode><FeatureReferenceName>Restore to factory setting [LED lums, Spots]</FeatureReferenceName><FeatureImageRank>2</FeatureImageRank></FeatureImage><FeatureImage><FeatureCode>F400086693</FeatureCode><FeatureReferenceName>Memorise your light setting [LED lums, Spots]</FeatureReferenceName><FeatureImageRank>3</FeatureImageRank></FeatureImage><FeatureImage><FeatureCode>F400086860</FeatureCode><FeatureReferenceName>EyeComfort [LED lums, Spots]</FeatureReferenceName><FeatureImageRank>4</FeatureImageRank></FeatureImage><FeatureImage><FeatureCode>F400087066</FeatureCode><FeatureReferenceName>High light output - 1290 lumen [LED lums, Spots]</FeatureReferenceName><FeatureImageRank>5</FeatureImageRank></FeatureImage><FeatureImage><FeatureCode>F400086938</FeatureCode><FeatureReferenceName>Integrated LED light [LED lums, Spots]</FeatureReferenceName><FeatureImageRank>6</FeatureImageRank></FeatureImage><FeatureImage><FeatureCode>F400085559</FeatureCode><FeatureReferenceName>ClickFix easy mounting [LED lums, Spots]</FeatureReferenceName><FeatureImageRank>7</FeatureImageRank></FeatureImage><FeatureImage><FeatureCode>F400086939</FeatureCode><FeatureReferenceName>5 years warranty [LED lums, Spots]</FeatureReferenceName><FeatureImageRank>8</FeatureImageRank></FeatureImage><FeatureImage><FeatureCode>F400086704</FeatureCode><FeatureReferenceName>Instant brightness [LED lums, Spots]</FeatureReferenceName><FeatureImageRank>10</FeatureImageRank></FeatureImage><FeatureImage><FeatureCode>F400086696</FeatureCode><FeatureReferenceName>Energy saving LED light [LED lums, Spots]</FeatureReferenceName><FeatureImageRank>11</FeatureImageRank></FeatureImage><FeatureImage><FeatureCode>F400086702</FeatureCode><FeatureReferenceName>Accent lighting [LED lums, Spots]</FeatureReferenceName><FeatureImageRank>12</FeatureImageRank></FeatureImage><FeatureImage><FeatureCode>F400086700</FeatureCode><FeatureReferenceName>Adjustable spot head (multiple directions) [LED lums, Spots]</FeatureReferenceName><FeatureImageRank>13</FeatureImageRank></FeatureImage><FeatureImage><FeatureCode>F400087072</FeatureCode><FeatureReferenceName>Lamp lifetime for up to 25 years of use [LED lums, Spots]</FeatureReferenceName><FeatureImageRank>14</FeatureImageRank></FeatureImage><FeatureHighlight><FeatureCode>F400086688</FeatureCode><FeatureReferenceName>SceneSwitch 3 light settings [LED lums, Spots]</FeatureReferenceName><FeatureHighlightRank>1</FeatureHighlightRank></FeatureHighlight><FeatureHighlight><FeatureCode>F400087052</FeatureCode><FeatureReferenceName>Restore to factory setting [LED lums, Spots]</FeatureReferenceName><FeatureHighlightRank>2</FeatureHighlightRank></FeatureHighlight><FeatureHighlight><FeatureCode>F400086693</FeatureCode><FeatureReferenceName>Memorise your light setting [LED lums, Spots]</FeatureReferenceName><FeatureHighlightRank>3</FeatureHighlightRank></FeatureHighlight><FeatureHighlight><FeatureCode>F400086860</FeatureCode><FeatureReferenceName>EyeComfort [LED lums, Spots]</FeatureReferenceName><FeatureHighlightRank>4</FeatureHighlightRank></FeatureHighlight><FeatureHighlight><FeatureCode>F400087066</FeatureCode><FeatureReferenceName>High light output - 1290 lumen [LED lums, Spots]</FeatureReferenceName><FeatureHighlightRank>5</FeatureHighlightRank></FeatureHighlight><FeatureHighlight><FeatureCode>F400086938</FeatureCode><FeatureReferenceName>Integrated LED light [LED lums, Spots]</FeatureReferenceName><FeatureHighlightRank>6</FeatureHighlightRank></FeatureHighlight><FeatureHighlight><FeatureCode>F400085559</FeatureCode><FeatureReferenceName>ClickFix easy mounting [LED lums, Spots]</FeatureReferenceName><FeatureHighlightRank>7</FeatureHighlightRank></FeatureHighlight><FeatureHighlight><FeatureCode>F400086939</FeatureCode><FeatureReferenceName>5 years warranty [LED lums, Spots]</FeatureReferenceName><FeatureHighlightRank>8</FeatureHighlightRank></FeatureHighlight><FeatureHighlight><FeatureCode>F400086704</FeatureCode><FeatureReferenceName>Instant brightness [LED lums, Spots]</FeatureReferenceName><FeatureHighlightRank>10</FeatureHighlightRank></FeatureHighlight><FeatureHighlight><FeatureCode>F400086696</FeatureCode><FeatureReferenceName>Energy saving LED light [LED lums, Spots]</FeatureReferenceName><FeatureHighlightRank>11</FeatureHighlightRank></FeatureHighlight><FeatureHighlight><FeatureCode>F400086702</FeatureCode><FeatureReferenceName>Accent lighting [LED lums, Spots]</FeatureReferenceName><FeatureHighlightRank>12</FeatureHighlightRank></FeatureHighlight><FeatureHighlight><FeatureCode>F400086700</FeatureCode><FeatureReferenceName>Adjustable spot head (multiple directions) [LED lums, Spots]</FeatureReferenceName><FeatureHighlightRank>13</FeatureHighlightRank></FeatureHighlight><FeatureHighlight><FeatureCode>F400087072</FeatureCode><FeatureReferenceName>Lamp lifetime for up to 25 years of use [LED lums, Spots]</FeatureReferenceName><FeatureHighlightRank>14</FeatureHighlightRank></FeatureHighlight><CSChapter><CSChapterCode>PLMCHP010</CSChapterCode><CSChapterName>Design e acabamento</CSChapterName><CSChapterRank>10</CSChapterRank><CSItem><CSItemCode>PLMITM010001</CSItemCode><CSItemName>Material</CSItemName><CSItemRank>1</CSItemRank><CSItemIsFreeFormat>0</CSItemIsFreeFormat><CSValue><CSValueCode>PLMATR0105METAL</CSValueCode><CSValueName>metal</CSValueName><CSValueRank>1</CSValueRank></CSValue></CSItem><CSItem><CSItemCode>PLMITM010002</CSItemCode><CSItemName>Cor</CSItemName><CSItemRank>2</CSItemRank><CSItemIsFreeFormat>0</CSItemIsFreeFormat><CSValue><CSValueCode>PLMATR018331</CSValueCode><CSValueName>branco</CSValueName><CSValueRank>1</CSValueRank></CSValue></CSItem></CSChapter><CSChapter><CSChapterCode>PLMCHP020</CSChapterCode><CSChapterName>Funcionalidade extra/acessório incl.</CSChapterName><CSChapterRank>20</CSChapterRank><CSItem><CSItemCode>PLMITM0776F2001</CSItemCode><CSItemName>Intensidade regulável</CSItemName><CSItemRank>2</CSItemRank><CSItemIsFreeFormat>0</CSItemIsFreeFormat><CSValue><CSValueCode>PLMATR0776F2001YES</CSValueCode><CSValueName>SIM</CSValueName><CSValueRank>1</CSValueRank></CSValue></CSItem><CSItem><CSItemCode>PLMITM0776FX080</CSItemCode><CSItemName>SceneSwitch</CSItemName><CSItemRank>4</CSItemRank><CSItemIsFreeFormat>0</CSItemIsFreeFormat><CSValue><CSValueCode>PLMATR0776FX080YES</CSValueCode><CSValueName>SIM</CSValueName><CSValueRank>1</CSValueRank></CSValue></CSItem><CSItem><CSItemCode>PLMITM0776FX052</CSItemCode><CSItemName>Montagem click!FIX</CSItemName><CSItemRank>5</CSItemRank><CSItemIsFreeFormat>0</CSItemIsFreeFormat><CSValue><CSValueCode>PLMATR0776FX052YES</CSValueCode><CSValueName>SIM</CSValueName><CSValueRank>1</CSValueRank></CSValue></CSItem><CSItem><CSItemCode>PLMITM0776FX040</CSItemCode><CSItemName>Cabeça do foco ajustável</CSItemName><CSItemRank>6</CSItemRank><CSItemIsFreeFormat>0</CSItemIsFreeFormat><CSValue><CSValueCode>PLMATR0776FX040YES</CSValueCode><CSValueName>SIM</CSValueName><CSValueRank>1</CSValueRank></CSValue></CSItem></CSChapter><CSChapter><CSChapterCode>PLMCHP030</CSChapterCode><CSChapterName>Dimensões e peso do produto</CSChapterName><CSChapterRank>30</CSChapterRank><CSItem><CSItemCode>PLMITM030001</CSItemCode><CSItemName>Altura</CSItemName><CSItemRank>1</CSItemRank><CSItemIsFreeFormat>1</CSItemIsFreeFormat><CSValue><CSValueCode>VA4042333</CSValueCode><CSValueName>17</CSValueName><CSValueRank>1</CSValueRank></CSValue><UnitOfMeasure><UnitOfMeasureCode>3000039</UnitOfMeasureCode><UnitOfMeasureName>centímetros</UnitOfMeasureName><UnitOfMeasureSymbol>cm</UnitOfMeasureSymbol></UnitOfMeasure></CSItem><CSItem><CSItemCode>PLMITM030004</CSItemCode><CSItemName>Comprimento</CSItemName><CSItemRank>4</CSItemRank><CSItemIsFreeFormat>1</CSItemIsFreeFormat><CSValue><CSValueCode>VA4042309</CSValueCode><CSValueName>36,6</CSValueName><CSValueRank>1</CSValueRank></CSValue><UnitOfMeasure><UnitOfMeasureCode>3000039</UnitOfMeasureCode><UnitOfMeasureName>centímetros</UnitOfMeasureName><UnitOfMeasureSymbol>cm</UnitOfMeasureSymbol></UnitOfMeasure></CSItem><CSItem><CSItemCode>PLMITM030005</CSItemCode><CSItemName>Largura</CSItemName><CSItemRank>5</CSItemRank><CSItemIsFreeFormat>1</CSItemIsFreeFormat><CSValue><CSValueCode>VA4042311</CSValueCode><CSValueName>36,6</CSValueName><CSValueRank>1</CSValueRank></CSValue><UnitOfMeasure><UnitOfMeasureCode>3000039</UnitOfMeasureCode><UnitOfMeasureName>centímetros</UnitOfMeasureName><UnitOfMeasureSymbol>cm</UnitOfMeasureSymbol></UnitOfMeasure></CSItem></CSChapter><CSChapter><CSChapterCode>PLMCHP040</CSChapterCode><CSChapterName>Especificações técnicas</CSChapterName><CSChapterRank>40</CSChapterRank><CSItem><CSItemCode>PLMITM040001</CSItemCode><CSItemName>Alimentação elétrica</CSItemName><CSItemRank>1</CSItemRank><CSItemIsFreeFormat>0</CSItemIsFreeFormat><CSValue><CSValueCode>PLMATR0719220-240</CSValueCode><CSValueName>Entre 220 V e 240 V</CSValueName><CSValueRank>1</CSValueRank></CSValue><CSValue><CSValueCode>PLMATR067350/60HZ</CSValueCode><CSValueName>50-60 Hz</CSValueName><CSValueRank>2</CSValueRank></CSValue></CSItem><CSItem><CSItemCode>PLMITM040002</CSItemCode><CSItemName>Tecnologia da lâmpada</CSItemName><CSItemRank>2</CSItemRank><CSItemIsFreeFormat>0</CSItemIsFreeFormat><CSValue><CSValueCode>PLMATRBOIBULB10131LED</CSValueCode><CSValueName>LED</CSValueName><CSValueRank>1</CSValueRank></CSValue><CSValue><CSValueCode>PLMATR032924</CSValueCode><CSValueName>24 V</CSValueName><CSValueRank>2</CSValueRank></CSValue></CSItem><CSItem><CSItemCode>PLMITM040003</CSItemCode><CSItemName>Número de lâmpadas</CSItemName><CSItemRank>3</CSItemRank><CSItemIsFreeFormat>1</CSItemIsFreeFormat><CSValue><CSValueCode>VA4042306</CSValueCode><CSValueName>3</CSValueName><CSValueRank>1</CSValueRank></CSValue></CSItem><CSItem><CSItemCode>PLMITM040005</CSItemCode><CSItemName>Potência da lâmpada incluída</CSItemName><CSItemRank>5</CSItemRank><CSItemIsFreeFormat>0</CSItemIsFreeFormat><CSValue><CSValueCode>PLMATR04604_3</CSValueCode><CSValueName>4,3 W</CSValueName><CSValueRank>1</CSValueRank></CSValue></CSItem><CSItem><CSItemCode>PLMITM040007</CSItemCode><CSItemName>Cor da luz</CSItemName><CSItemRank>7</CSItemRank><CSItemIsFreeFormat>0</CSItemIsFreeFormat><CSValue><CSValueCode>PLMATRBOIBULB106242700_K</CSValueCode><CSValueName>branca suave</CSValueName><CSValueRank>1</CSValueRank></CSValue></CSItem><CSItem><CSItemCode>PLMITM0400011</CSItemCode><CSItemName>Fluxo luminoso total do candeeiro</CSItemName><CSItemRank>11</CSItemRank><CSItemIsFreeFormat>0</CSItemIsFreeFormat><CSValue><CSValueCode>PLMATR10961290</CSValueCode><CSValueName>1290 lm</CSValueName><CSValueRank>1</CSValueRank></CSValue></CSItem><CSItem><CSItemCode>PLMITM0400013</CSItemCode><CSItemName>Candeeiro de intensidade de luz regulável</CSItemName><CSItemRank>13</CSItemRank><CSItemIsFreeFormat>0</CSItemIsFreeFormat><CSValue><CSValueCode>PLMATR1075Y</CSValueCode><CSValueName>Sim</CSValueName><CSValueRank>1</CSValueRank></CSValue></CSItem><CSItem><CSItemCode>PLMITM0400014</CSItemCode><CSItemName>LED</CSItemName><CSItemRank>14</CSItemRank><CSItemIsFreeFormat>0</CSItemIsFreeFormat><CSValue><CSValueCode>PLMATR0814Y</CSValueCode><CSValueName>Sim</CSValueName><CSValueRank>1</CSValueRank></CSValue></CSItem><CSItem><CSItemCode>PLMITM0400015</CSItemCode><CSItemName>LED incorporado</CSItemName><CSItemRank>15</CSItemRank><CSItemIsFreeFormat>0</CSItemIsFreeFormat><CSValue><CSValueCode>PLMATR1095EEL01-3</CSValueCode><CSValueName>NÃO</CSValueName><CSValueRank>1</CSValueRank></CSValue></CSItem><CSItem><CSItemCode>PLMITM0400016</CSItemCode><CSItemName>Classe energética da fonte de luz incluída</CSItemName><CSItemRank>16</CSItemRank><CSItemIsFreeFormat>0</CSItemIsFreeFormat><CSValue><CSValueCode>PLMATR1095EEL02-1</CSValueCode><CSValueName>A+</CSValueName><CSValueRank>1</CSValueRank></CSValue></CSItem><CSItem><CSItemCode>PLMITM0400017</CSItemCode><CSItemName>Candeeiro compatível com lâmpada(s) da classe</CSItemName><CSItemRank>17</CSItemRank><CSItemIsFreeFormat>0</CSItemIsFreeFormat><CSValue><CSValueCode>PLMATR1095EEL01-2</CSValueCode><CSValueName>A++ a E</CSValueName><CSValueRank>1</CSValueRank></CSValue></CSItem><CSItem><CSItemCode>PLMITM0400018</CSItemCode><CSItemName>Vida útil até</CSItemName><CSItemRank>18</CSItemRank><CSItemIsFreeFormat>1</CSItemIsFreeFormat><CSValue><CSValueCode>VA4094468</CSValueCode><CSValueName>25 000</CSValueName><CSValueRank>1</CSValueRank></CSValue><UnitOfMeasure><UnitOfMeasureCode>4000213</UnitOfMeasureCode><UnitOfMeasureName>hrs</UnitOfMeasureName><UnitOfMeasureSymbol>hrs</UnitOfMeasureSymbol></UnitOfMeasure></CSItem><CSItem><CSItemCode>PLMITM040026</CSItemCode><CSItemName>Código IP</CSItemName><CSItemRank>26</CSItemRank><CSItemIsFreeFormat>0</CSItemIsFreeFormat><CSValue><CSValueCode>PLMATR0290IP20</CSValueCode><CSValueName>IP20</CSValueName><CSValueRank>1</CSValueRank></CSValue><CSValue><CSValueCode>PLMATR0290IP20-2</CSValueCode><CSValueName>proteção contra objetos com mais de 12,5 mm</CSValueName><CSValueRank>2</CSValueRank></CSValue><CSValue><CSValueCode>PLMATR0290IP20-3</CSValueCode><CSValueName>sem proteção contra água</CSValueName><CSValueRank>3</CSValueRank></CSValue></CSItem><CSItem><CSItemCode>PLMITM040027</CSItemCode><CSItemName>Classe de proteção</CSItemName><CSItemRank>27</CSItemRank><CSItemIsFreeFormat>0</CSItemIsFreeFormat><CSValue><CSValueCode>PLMATR0289I</CSValueCode><CSValueName>I - com ligação à terra</CSValueName><CSValueRank>1</CSValueRank></CSValue></CSItem><CSItem><CSItemCode>PLMITM0400051</CSItemCode><CSItemName>Fonte de luz equivalente à lâmpada tradicional de</CSItemName><CSItemRank>51</CSItemRank><CSItemIsFreeFormat>1</CSItemIsFreeFormat><CSValue><CSValueCode>VA4081551</CSValueCode><CSValueName>37</CSValueName><CSValueRank>1</CSValueRank></CSValue><UnitOfMeasure><UnitOfMeasureCode>3000072</UnitOfMeasureCode><UnitOfMeasureName>watts</UnitOfMeasureName><UnitOfMeasureSymbol>W</UnitOfMeasureSymbol></UnitOfMeasure></CSItem></CSChapter><CSChapter><CSChapterCode>PLMCHP050</CSChapterCode><CSChapterName>Assistência</CSChapterName><CSChapterRank>50</CSChapterRank><CSItem><CSItemCode>PLMITM050001</CSItemCode><CSItemName>Garantia</CSItemName><CSItemRank>1</CSItemRank><CSItemIsFreeFormat>0</CSItemIsFreeFormat><CSValue><CSValueCode>PLMATR02985</CSValueCode><CSValueName>5 ano(s)</CSValueName><CSValueRank>1</CSValueRank></CSValue></CSItem></CSChapter><CSChapter><CSChapterCode>PLMCHP060</CSChapterCode><CSChapterName>Dimensões e peso da embalagem</CSChapterName><CSChapterRank>60</CSChapterRank><CSItem><CSItemCode>PLMITM060001</CSItemCode><CSItemName>Altura</CSItemName><CSItemRank>1</CSItemRank><CSItemIsFreeFormat>1</CSItemIsFreeFormat><CSValue><CSValueCode>VA4042312</CSValueCode><CSValueName>23,6</CSValueName><CSValueRank>1</CSValueRank></CSValue><UnitOfMeasure><UnitOfMeasureCode>3000039</UnitOfMeasureCode><UnitOfMeasureName>centímetros</UnitOfMeasureName><UnitOfMeasureSymbol>cm</UnitOfMeasureSymbol></UnitOfMeasure></CSItem><CSItem><CSItemCode>PLMITM060002</CSItemCode><CSItemName>Comprimento</CSItemName><CSItemRank>2</CSItemRank><CSItemIsFreeFormat>1</CSItemIsFreeFormat><CSValue><CSValueCode>VA4042313</CSValueCode><CSValueName>24,2</CSValueName><CSValueRank>1</CSValueRank></CSValue><UnitOfMeasure><UnitOfMeasureCode>3000039</UnitOfMeasureCode><UnitOfMeasureName>centímetros</UnitOfMeasureName><UnitOfMeasureSymbol>cm</UnitOfMeasureSymbol></UnitOfMeasure></CSItem><CSItem><CSItemCode>PLMITM060003</CSItemCode><CSItemName>Largura</CSItemName><CSItemRank>3</CSItemRank><CSItemIsFreeFormat>1</CSItemIsFreeFormat><CSValue><CSValueCode>VA4042307</CSValueCode><CSValueName>19,2</CSValueName><CSValueRank>1</CSValueRank></CSValue><UnitOfMeasure><UnitOfMeasureCode>3000039</UnitOfMeasureCode><UnitOfMeasureName>centímetros</UnitOfMeasureName><UnitOfMeasureSymbol>cm</UnitOfMeasureSymbol></UnitOfMeasure></CSItem></CSChapter><CSChapter><CSChapterCode>PLMCHP070</CSChapterCode><CSChapterName>Diversos</CSChapterName><CSChapterRank>70</CSChapterRank><CSItem><CSItemCode>PLMITM070001</CSItemCode><CSItemName>Concebida especialmente para</CSItemName><CSItemRank>1</CSItemRank><CSItemIsFreeFormat>0</CSItemIsFreeFormat><CSValue><CSValueCode>PLMATR0970L_B</CSValueCode><CSValueName>Sala de estar e quarto</CSValueName><CSValueRank>1</CSValueRank></CSValue></CSItem><CSItem><CSItemCode>PLMITM070002</CSItemCode><CSItemName>Estilo</CSItemName><CSItemRank>2</CSItemRank><CSItemIsFreeFormat>0</CSItemIsFreeFormat><CSValue><CSValueCode>PLMATR0628CON</CSValueCode><CSValueName>Contemporâneo</CSValueName><CSValueRank>1</CSValueRank></CSValue></CSItem><CSItem><CSItemCode>PLMITM070003</CSItemCode><CSItemName>Tipo</CSItemName><CSItemRank>3</CSItemRank><CSItemIsFreeFormat>0</CSItemIsFreeFormat><CSValue><CSValueCode>PLMATR0830SPOT</CSValueCode><CSValueName>Foco com casquilho de rosca</CSValueName><CSValueRank>1</CSValueRank></CSValue></CSItem></CSChapter><Filters><Purpose type="Comparison"><Features><Feature code="F400086688" rank="1" referenceName="SceneSwitch 3 light settings [LED lums, Spots]"/><Feature code="F400087052" rank="2" referenceName="Restore to factory setting [LED lums, Spots]"/><Feature code="F400086693" rank="3" referenceName="Memorise your light setting [LED lums, Spots]"/><Feature code="F400086860" rank="4" referenceName="EyeComfort [LED lums, Spots]"/><Feature code="F400087066" rank="5" referenceName="High light output - 1290 lumen [LED lums, Spots]"/><Feature code="F400086938" rank="6" referenceName="Integrated LED light [LED lums, Spots]"/><Feature code="F400085559" rank="7" referenceName="ClickFix easy mounting [LED lums, Spots]"/><Feature code="F400086939" rank="8" referenceName="5 years warranty [LED lums, Spots]"/><Feature code="F400086704" rank="10" referenceName="Instant brightness [LED lums, Spots]"/><Feature code="F400086696" rank="11" referenceName="Energy saving LED light [LED lums, Spots]"/><Feature code="F400086702" rank="12" referenceName="Accent lighting [LED lums, Spots]"/><Feature code="F400086700" rank="13" referenceName="Adjustable spot head (multiple directions) [LED lums, Spots]"/><Feature code="F400087072" rank="14" referenceName="Lamp lifetime for up to 25 years of use [LED lums, Spots]"/></Features><CSItems><CSItem code="PLMITM010001" rank="1" referenceName="Design e acabamento - Material"/><CSItem code="PLMITM030001" rank="1" referenceName="Dimensões e peso do produto - Altura"/><CSItem code="PLMITM040001" rank="1" referenceName="Especificações técnicas - Alimentação elétrica"/><CSItem code="PLMITM050001" rank="1" referenceName="Assistência - Garantia"/><CSItem code="PLMITM060001" rank="1" referenceName="Dimensões e peso da embalagem - Altura"/><CSItem code="PLMITM070001" rank="1" referenceName="Diversos - Concebida especialmente para"/><CSItem code="PLMITM010002" rank="2" referenceName="Design e acabamento - Cor"/><CSItem code="PLMITM0776F2001" rank="2" referenceName="Funcionalidade extra/acessório incl. - Intensidade regulável"/><CSItem code="PLMITM040002" rank="2" referenceName="Especificações técnicas - Tecnologia da lâmpada"/><CSItem code="PLMITM060002" rank="2" referenceName="Dimensões e peso da embalagem - Comprimento"/><CSItem code="PLMITM070002" rank="2" referenceName="Diversos - Estilo"/><CSItem code="PLMITM040003" rank="3" referenceName="Especificações técnicas - Número de lâmpadas"/><CSItem code="PLMITM060003" rank="3" referenceName="Dimensões e peso da embalagem - Largura"/><CSItem code="PLMITM070003" rank="3" referenceName="Diversos - Tipo"/><CSItem code="PLMITM0776FX080" rank="4" referenceName="Funcionalidade extra/acessório incl. - SceneSwitch"/><CSItem code="PLMITM030004" rank="4" referenceName="Dimensões e peso do produto - Comprimento"/><CSItem code="PLMITM0776FX052" rank="5" referenceName="Funcionalidade extra/acessório incl. - Montagem click!FIX"/><CSItem code="PLMITM030005" rank="5" referenceName="Dimensões e peso do produto - Largura"/><CSItem code="PLMITM040005" rank="5" referenceName="Especificações técnicas - Potência da lâmpada incluída"/><CSItem code="PLMITM0776FX040" rank="6" referenceName="Funcionalidade extra/acessório incl. - Cabeça do foco ajustável"/><CSItem code="PLMITM040007" rank="7" referenceName="Especificações técnicas - Cor da luz"/><CSItem code="PLMITM0400011" rank="11" referenceName="Especificações técnicas - Fluxo luminoso total do candeeiro"/><CSItem code="PLMITM0400013" rank="13" referenceName="Especificações técnicas - Candeeiro de intensidade de luz regulável"/><CSItem code="PLMITM0400014" rank="14" referenceName="Especificações técnicas - LED"/><CSItem code="PLMITM0400015" rank="15" referenceName="Especificações técnicas - LED incorporado"/><CSItem code="PLMITM0400016" rank="16" referenceName="Especificações técnicas - Classe energética da fonte de luz incluída"/><CSItem code="PLMITM0400017" rank="17" referenceName="Especificações técnicas - Candeeiro compatível com lâmpada(s) da classe"/><CSItem code="PLMITM0400018" rank="18" referenceName="Especificações técnicas - Vida útil até"/><CSItem code="PLMITM040026" rank="26" referenceName="Especificações técnicas - Código IP"/><CSItem code="PLMITM040027" rank="27" referenceName="Especificações técnicas - Classe de proteção"/><CSItem code="PLMITM0400051" rank="51" referenceName="Especificações técnicas - Fonte de luz equivalente à lâmpada tradicional de"/></CSItems></Purpose><Purpose type="Detail"><Features><Feature code="F400086688" rank="1" referenceName="SceneSwitch 3 light settings [LED lums, Spots]"/><Feature code="F400087052" rank="2" referenceName="Restore to factory setting [LED lums, Spots]"/><Feature code="F400086693" rank="3" referenceName="Memorise your light setting [LED lums, Spots]"/><Feature code="F400086860" rank="4" referenceName="EyeComfort [LED lums, Spots]"/><Feature code="F400087066" rank="5" referenceName="High light output - 1290 lumen [LED lums, Spots]"/><Feature code="F400086938" rank="6" referenceName="Integrated LED light [LED lums, Spots]"/><Feature code="F400085559" rank="7" referenceName="ClickFix easy mounting [LED lums, Spots]"/><Feature code="F400086939" rank="8" referenceName="5 years warranty [LED lums, Spots]"/><Feature code="F400086704" rank="10" referenceName="Instant brightness [LED lums, Spots]"/><Feature code="F400086696" rank="11" referenceName="Energy saving LED light [LED lums, Spots]"/><Feature code="F400086702" rank="12" referenceName="Accent lighting [LED lums, Spots]"/><Feature code="F400086700" rank="13" referenceName="Adjustable spot head (multiple directions) [LED lums, Spots]"/><Feature code="F400087072" rank="14" referenceName="Lamp lifetime for up to 25 years of use [LED lums, Spots]"/></Features><CSItems><CSItem code="PLMITM010001" rank="1" referenceName="Design e acabamento - Material"/><CSItem code="PLMITM030001" rank="1" referenceName="Dimensões e peso do produto - Altura"/><CSItem code="PLMITM040001" rank="1" referenceName="Especificações técnicas - Alimentação elétrica"/><CSItem code="PLMITM050001" rank="1" referenceName="Assistência - Garantia"/><CSItem code="PLMITM060001" rank="1" referenceName="Dimensões e peso da embalagem - Altura"/><CSItem code="PLMITM070001" rank="1" referenceName="Diversos - Concebida especialmente para"/><CSItem code="PLMITM010002" rank="2" referenceName="Design e acabamento - Cor"/><CSItem code="PLMITM0776F2001" rank="2" referenceName="Funcionalidade extra/acessório incl. - Intensidade regulável"/><CSItem code="PLMITM040002" rank="2" referenceName="Especificações técnicas - Tecnologia da lâmpada"/><CSItem code="PLMITM060002" rank="2" referenceName="Dimensões e peso da embalagem - Comprimento"/><CSItem code="PLMITM070002" rank="2" referenceName="Diversos - Estilo"/><CSItem code="PLMITM040003" rank="3" referenceName="Especificações técnicas - Número de lâmpadas"/><CSItem code="PLMITM060003" rank="3" referenceName="Dimensões e peso da embalagem - Largura"/><CSItem code="PLMITM070003" rank="3" referenceName="Diversos - Tipo"/><CSItem code="PLMITM0776FX080" rank="4" referenceName="Funcionalidade extra/acessório incl. - SceneSwitch"/><CSItem code="PLMITM030004" rank="4" referenceName="Dimensões e peso do produto - Comprimento"/><CSItem code="PLMITM0776FX052" rank="5" referenceName="Funcionalidade extra/acessório incl. - Montagem click!FIX"/><CSItem code="PLMITM030005" rank="5" referenceName="Dimensões e peso do produto - Largura"/><CSItem code="PLMITM040005" rank="5" referenceName="Especificações técnicas - Potência da lâmpada incluída"/><CSItem code="PLMITM0776FX040" rank="6" referenceName="Funcionalidade extra/acessório incl. - Cabeça do foco ajustável"/><CSItem code="PLMITM040007" rank="7" referenceName="Especificações técnicas - Cor da luz"/><CSItem code="PLMITM0400011" rank="11" referenceName="Especificações técnicas - Fluxo luminoso total do candeeiro"/><CSItem code="PLMITM0400013" rank="13" referenceName="Especificações técnicas - Candeeiro de intensidade de luz regulável"/><CSItem code="PLMITM0400014" rank="14" referenceName="Especificações técnicas - LED"/><CSItem code="PLMITM0400015" rank="15" referenceName="Especificações técnicas - LED incorporado"/><CSItem code="PLMITM0400016" rank="16" referenceName="Especificações técnicas - Classe energética da fonte de luz incluída"/><CSItem code="PLMITM0400017" rank="17" referenceName="Especificações técnicas - Candeeiro compatível com lâmpada(s) da classe"/><CSItem code="PLMITM0400018" rank="18" referenceName="Especificações técnicas - Vida útil até"/><CSItem code="PLMITM040026" rank="26" referenceName="Especificações técnicas - Código IP"/><CSItem code="PLMITM040027" rank="27" referenceName="Especificações técnicas - Classe de proteção"/><CSItem code="PLMITM0400051" rank="51" referenceName="Especificações técnicas - Fonte de luz equivalente à lâmpada tradicional de"/></CSItems></Purpose></Filters><FeatureCompareGroups/><Disclaimers/><RichTexts/></Product></Products>