<?xml version="1.0" encoding="UTF-8"?><Products xmlns:source="http://apache.org/cocoon/source/1.0" DocStatus="approved" DocTimeStamp="2018-10-13T06:26:08"><Product Country="PT" IsAccessory="false" IsMaster="false" Locale="pt_PT" lastModified="2018-10-11T04:30:02" masterLastModified="2018-08-28T00:34:13"><CTN>221S6QYMB/00</CTN><Code12NC>867000116762</Code12NC><GTIN>8712581725372</GTIN><MarketingVersion>5.0.1</MarketingVersion><MarketingStatus>Final Published</MarketingStatus><CRDate>2014-09-05</CRDate><CRDateYW>201436</CRDateYW><ModelYears><ModelYear>2014</ModelYear><ModelYear>2015</ModelYear></ModelYears><ProductDivision><ProductDivisionCode>0200</ProductDivisionCode><ProductDivisionName>Consumer Lifestyle</ProductDivisionName><FormerPDCode>3400</FormerPDCode></ProductDivision><ProductOwner>HO CATHERINE</ProductOwner><DTN>221S6QYMB/00</DTN><Catalog><StartOfPublication>2014-10-05T00:00:00</StartOfPublication><EndOfPublication>2019-12-31T00:00:00</EndOfPublication><StartOfSales>2014-10-05T00:00:00</StartOfSales><EndOfSales>2019-12-31T00:00:00</EndOfSales><DummyPrice/><Deleted>false</Deleted><DeleteAfterDate/><ProductRank>50</ProductRank></Catalog><FinancialCategorization><BusinessGroupCode>6918</BusinessGroupCode><BusinessGroupName>TV</BusinessGroupName><BusinessUnitCode>0655</BusinessUnitCode><BusinessUnitName>Monitors</BusinessUnitName><MainArticleGroupCode>J89</MainArticleGroupCode><MainArticleGroupName>Monitors</MainArticleGroupName><ArticleGroupCode>3789</ArticleGroupCode><ArticleGroupName>Monitors global</ArticleGroupName></FinancialCategorization><Categorization type="CONSUMER"><GroupCode>SOUND_AND_VISION_GR</GroupCode><GroupName>Sound &amp; vision</GroupName><CategoryCode>SV_MONITORS_CA</CategoryCode><CategoryName>Monitors</CategoryName><SubcategoryCode>SV_OTHERS_SU</SubcategoryCode><SubcategoryName>Others</SubcategoryName></Categorization><Assets><Asset code="221S6QYMB_00" description="Leaflet" extension="pdf" lastModified="2018-09-06" locale="pt_PT" number="001" type="PSS">http://download.p4c.philips.com/files/2/221s6qymb_00/221s6qymb_00_pss_porpt.pdf</Asset><Asset code="221S6QYMB_00" description="Retail Trade Leaflet" extension="pdf" lastModified="2018-10-09" locale="pt_PT" number="001" type="RTL">http://download.p4c.philips.com/files/2/221s6qymb_00/221s6qymb_00_rtl_porpt.pdf</Asset><Asset code="221S6QYMB_00" description="Leaflet" extension="pdf" lastModified="2018-08-29" locale="global" number="001" type="PSS">http://download.p4c.philips.com/files/2/221s6qymb_00/221s6qymb_00_pss_.pdf</Asset><Asset code="221S6QYMB_00" description="Single product shot" extension="" lastModified="2018-10-11" locale="pt_PT" number="" type="IMS">http://images.philips.com/is/image/PhilipsConsumer/221S6QYMB_00-IMS-pt_PT</Asset><Asset code="221S6QYMB_00" description="Product gallery image set" extension="" lastModified="2018-10-11" locale="pt_PT" number="" type="GAL">http://images.philips.com/is/image/PhilipsConsumer/221S6QYMB_00-GAL-pt_PT</Asset><Asset code="221S6QYMB_00" description="Product URL" extension="" lastModified="2018-10-11" locale="pt_PT" number="" type="URL">http://www.philips.pt/c-p/221S6QYMB_00/brilliance-monitor-lcd-com-retroiluminacao-led-e-smartimage</Asset><Asset code="F300004082" description="Feature logo - highres 331x213" extension="tif" lastModified="2017-11-15" locale="global" number="001" type="FLP">http://images.philips.com/is/image/PhilipsConsumer/F300004082-FLP-global-001</Asset><Asset code="F300009903" description="Feature logo - highres 331x213" extension="tif" lastModified="2015-08-25" locale="global" number="001" type="FLP">http://images.philips.com/is/image/PhilipsConsumer/F300009903-FLP-global-001</Asset><Asset code="F300015008" description="Feature logo - highres 331x213" extension="tif" lastModified="2012-03-06" locale="global" number="001" type="FLP">http://images.philips.com/is/image/PhilipsConsumer/F300015008-FLP-global-001</Asset><Asset code="F400018029" description="Feature logo - highres 331x213" extension="tif" lastModified="2011-08-15" locale="global" number="001" type="FLP">http://images.philips.com/is/image/PhilipsConsumer/F400018029-FLP-global-001</Asset><Asset code="F400020191" description="Feature logo - highres 331x213" extension="tif" lastModified="2010-01-20" locale="global" number="001" type="FLP">http://images.philips.com/is/image/PhilipsConsumer/F400020191-FLP-global-001</Asset><Asset code="F400035268" description="Feature logo - highres 331x213" extension="tif" lastModified="2011-08-24" locale="global" number="001" type="FLP">http://images.philips.com/is/image/PhilipsConsumer/F400035268-FLP-global-001</Asset><Asset code="F400035274" description="Feature photograph - highres 2100x1170" extension="tif" lastModified="2011-08-25" locale="global" number="001" type="FIL">http://images.philips.com/is/image/PhilipsConsumer/F400035274-FIL-global-001</Asset><Asset code="F400035281" description="Feature logo - highres 331x213" extension="tif" lastModified="2016-07-20" locale="global" number="001" type="FLP">http://images.philips.com/is/image/PhilipsConsumer/F400035281-FLP-global-001</Asset><Asset code="F400035282" description="Feature photograph - highres 2100x1170" extension="tif" lastModified="2014-03-06" locale="global" number="001" type="FIL">http://images.philips.com/is/image/PhilipsConsumer/F400035282-FIL-global-001</Asset><Asset code="F400035289" description="Feature photograph - highres 2100x1170" extension="tif" lastModified="2017-10-31" locale="global" number="001" type="FIL">http://images.philips.com/is/image/PhilipsConsumer/F400035289-FIL-global-001</Asset><Asset code="F400035289" description="Feature logo - highres 331x213" extension="tif" lastModified="2017-11-15" locale="global" number="001" type="FLP">http://images.philips.com/is/image/PhilipsConsumer/F400035289-FLP-global-001</Asset><Asset code="F400035294" description="Feature logo - highres 331x213" extension="tif" lastModified="2013-05-17" locale="global" number="001" type="FLP">http://images.philips.com/is/image/PhilipsConsumer/F400035294-FLP-global-001</Asset><Asset code="F400035325" description="Feature photograph - highres 2100x1170" extension="tif" lastModified="2015-05-14" locale="global" number="001" type="FIL">http://images.philips.com/is/image/PhilipsConsumer/F400035325-FIL-global-001</Asset><Asset code="F400035325" description="Feature logo - highres 331x213" extension="tif" lastModified="2015-08-24" locale="global" number="001" type="FLP">http://images.philips.com/is/image/PhilipsConsumer/F400035325-FLP-global-001</Asset><Asset code="F400044228" description="Feature logo - highres 331x213" extension="tif" lastModified="2016-08-26" locale="global" number="001" type="FLP">http://images.philips.com/is/image/PhilipsConsumer/F400044228-FLP-global-001</Asset><Asset code="F400048329" description="Feature photograph - highres 2100x1170" extension="tif" lastModified="2015-05-28" locale="global" number="001" type="FIL">http://images.philips.com/is/image/PhilipsConsumer/F400048329-FIL-global-001</Asset><Asset code="F400048329" description="Feature logo - highres 331x213" extension="tif" lastModified="2015-08-24" locale="global" number="001" type="FLP">http://images.philips.com/is/image/PhilipsConsumer/F400048329-FLP-global-001</Asset><Asset code="F400064766" description="Feature photograph - highres 2100x1170" extension="tif" lastModified="2013-12-28" locale="global" number="001" type="FIL">http://images.philips.com/is/image/PhilipsConsumer/F400064766-FIL-global-001</Asset><Asset code="F400064766" description="Feature logo - highres 331x213" extension="tif" lastModified="2013-12-28" locale="global" number="001" type="FLP">http://images.philips.com/is/image/PhilipsConsumer/F400064766-FLP-global-001</Asset><Asset code="F400067665" description="Feature photograph - highres 2100x1170" extension="tif" lastModified="2017-10-31" locale="global" number="001" type="FIL">http://images.philips.com/is/image/PhilipsConsumer/F400067665-FIL-global-001</Asset><Asset code="F400067665" description="Feature logo - highres 331x213" extension="tif" lastModified="2017-11-15" locale="global" number="001" type="FLP">http://images.philips.com/is/image/PhilipsConsumer/F400067665-FLP-global-001</Asset><Asset code="PHI" description="Brand logo - highres 1476x886" extension="tif" lastModified="2016-02-18" locale="global" number="001" type="BRP">http://images.philips.com/is/image/PhilipsConsumer/PHI-BRP-global-001</Asset><Asset code="SB30000063" description="Concept logo - lowres 198x198" extension="jpg" lastModified="2009-08-05" locale="global" number="001" type="CLL">http://images.philips.com/is/image/PhilipsConsumer/SB30000063-CLL-global-001</Asset></Assets><ProductName>Monitor LCD da Linha S com retroiluminação LED e SmartImage</ProductName><FullProductName>Philips Brilliance Monitor LCD com retroiluminação LED 221S6QYMB Linha S, 22 (21,5"/54,6 cm diag.), Full HD (1920 x 1080) com SmartImage</FullProductName><NamingString><MasterBrand><BrandCode>PHI</BrandCode><BrandName>Philips</BrandName></MasterBrand><BrandString>Philips</BrandString><Concept><ConceptCode>SB30000063</ConceptCode><ConceptName>Brilliance</ConceptName><ConceptNameUsed>0</ConceptNameUsed></Concept><Descriptor><DescriptorCode>D4023462</DescriptorCode><DescriptorName>Monitor LCD com retroiluminação LED</DescriptorName></Descriptor><Alphanumeric>221S6QYMB</Alphanumeric><VersionElement1><VersionElementCode>V4013276</VersionElementCode><VersionElementName>Linha S</VersionElementName></VersionElement1><VersionElement2><VersionElementCode>V4031865</VersionElementCode><VersionElementName>22 (21,5"/54,6 cm diag.)</VersionElementName></VersionElement2><VersionElement3><VersionElementCode>V4035286</VersionElementCode><VersionElementName>Full HD (1920 x 1080)</VersionElementName></VersionElement3><VersionString>Linha S, 22 (21,5"/54,6 cm diag.), Full HD (1920 x 1080)</VersionString><BrandedFeatureCode1>F400035289</BrandedFeatureCode1><BrandedFeatureString>com SmartImage</BrandedFeatureString><DescriptorBrandedFeatureString>Monitor LCD com retroiluminação LED e SmartImage</DescriptorBrandedFeatureString></NamingString><WOW>Funcionalidades essenciais, desempenho eficiente</WOW><SubWOW>para produtividade máxima</SubWOW><MarketingTextHeader>O ecrã LED ergonómico AH-IPS da Philips fabricado com 25% de materiais reciclados e com uma estrutura sem PVC e BFR é ideal para uma produtividade ecológica</MarketingTextHeader><KeyBenefitArea><KeyBenefitAreaCode>K4015195</KeyBenefitAreaCode><KeyBenefitAreaName>Óptimo desempenho</KeyBenefitAreaName><KeyBenefitAreaRank>1</KeyBenefitAreaRank><Feature><FeatureCode>F400048329</FeatureCode><FeatureReferenceName>AH-IPS LED gives brilliant images with vivid colors</FeatureReferenceName><FeatureName>Tecnologia AH-IPS</FeatureName><FeatureLongDescription>Ecrã AH-IPS para imagens brilhantes com cores vivas</FeatureLongDescription><FeatureGlossary>Este ecrã mais recente da Philips utiliza painéis AH-IPS avançados o que resulta em melhorias na reprodução de cores, no tempo de resposta e no consumo de energia. Ao contrário dos painéis TN normais, os painéis AH-IPS exibem uma apresentação de cor consistente, mesmo a ângulos amplos de 178 graus e no modo de pivot. Com um desempenho notável, o AH-IPS é mais adequado para aplicações que exigem precisão das cores e luminosidade uniforme em todas as alturas, como a edição de fotografias, as aplicações gráficas e a navegação na Internet.</FeatureGlossary><FeatureRank>1</FeatureRank><FeatureTopRank>1</FeatureTopRank></Feature><Feature><FeatureCode>F400067665</FeatureCode><FeatureReferenceName>Flicker-free technology</FeatureReferenceName><FeatureName>Tecnologia sem cintilação</FeatureName><FeatureLongDescription>Menos cansaço ocular com tecnologia sem cintilação</FeatureLongDescription><FeatureGlossary>Devido à forma como o brilho é controlado nos ecrãs com retroiluminação LED, alguns utilizadores experienciam cintilação nos seus ecrãs, o que provoca cansaço ocular. A tecnologia sem cintilação da Philips aplica uma nova solução para regular o brilho e reduzir a cintilação para uma visualização mais confortável.</FeatureGlossary><FeatureRank>2</FeatureRank><FeatureTopRank>2</FeatureTopRank></Feature><Feature><FeatureCode>F400035289</FeatureCode><FeatureReferenceName>M4 SmartImage</FeatureReferenceName><FeatureName>SmartImage</FeatureName><FeatureLongDescription>Predefinições SmartImage para definições de imagem optimizadas simples</FeatureLongDescription><FeatureGlossary>SmartImage é uma tecnologia líder exclusiva da Philips que analisa o conteúdo apresentado no seu ecrã e lhe proporciona um desempenho de apresentação optimizado. Esta interface de fácil utilização permite-lhe seleccionar vários modos como Escritório, Fotografia, Filme, Jogo, Economia, etc., para adaptar a aplicação em utilização. Com base na selecção, a tecnologia SmartImage optimiza, de forma dinâmica, o contraste, a saturação da cor e a nitidez das imagens e vídeos para um desempenho de imagem excelente. A opção do modo Economia permite-lhe enormes poupanças de energia. Tudo em tempo real e através de um simples toque num botão!</FeatureGlossary><FeatureRank>3</FeatureRank><FeatureTopRank>3</FeatureTopRank></Feature><Feature><FeatureCode>F400035274</FeatureCode><FeatureReferenceName>SmartContrast gives enhanced rich black details</FeatureReferenceName><FeatureName>SmartContrast</FeatureName><FeatureLongDescription>SmartContrast realça os detalhes a preto ricos</FeatureLongDescription><FeatureGlossary>SmartContrast é uma tecnologia da Philips que analisa os conteúdos que está a visualizar, esta ajusta automaticamente as cores e controla a intensidade da retroiluminação para realçar dinamicamente o contraste para obter as melhores imagens e vídeos digitais ou para jogos onde são apresentados tons escuros. Quando está seleccionado o modo de poupança de energia, o contraste é regulado e a retroiluminação é ajustada com precisão para uma apresentação perfeita das aplicações diárias do escritório e para um baixo consumo de energia.</FeatureGlossary><FeatureRank>4</FeatureRank><FeatureTopRank>4</FeatureTopRank></Feature></KeyBenefitArea><KeyBenefitArea><KeyBenefitAreaCode>K4015204</KeyBenefitAreaCode><KeyBenefitAreaName>Concebido a pensar nas pessoas</KeyBenefitAreaName><KeyBenefitAreaRank>2</KeyBenefitAreaRank><Feature><FeatureCode>F400035325</FeatureCode><FeatureReferenceName>SmartErgoBase</FeatureReferenceName><FeatureName>SmartErgoBase</FeatureName><FeatureLongDescription>A SmartErgoBase permite ajustes ergonómicos confortáveis</FeatureLongDescription><FeatureGlossary>A SmartErgoBase é uma base para monitor que proporciona um grande conforto ergonómico de visualização e permite uma arrumação inteligente dos cabos. A fácil regulação da altura, orientação, inclinação e ângulo de rotação da base permite posicionar o monitor para o máximo de conforto, aliviando o esforço físico de um longo dia de trabalho. A arrumação inteligente dos cabos reduz a desordem de cabos e mantém a área de trabalho organizada e profissional.</FeatureGlossary><FeatureRank>1</FeatureRank><FeatureTopRank>5</FeatureTopRank></Feature><Feature><FeatureCode>F400035282</FeatureCode><FeatureReferenceName>Low bezel-to-table height</FeatureReferenceName><FeatureName>Altura reduzida da moldura à mesa</FeatureName><FeatureLongDescription>Altura reduzida da moldura à mesa para um conforto máximo de leitura</FeatureLongDescription><FeatureGlossary>Graças à sua SmartErgoBase avançada, pode baixar o monitor Philips praticamente até ao nível da secretária para um ângulo de visualização confortável. A altura reduzida da moldura à mesa é a solução perfeita para quem usa lentes bifocais, trifocais ou progressivas para trabalhar ao computador. Além disso, esta proporciona aos utilizadores alturas muito variadas para utilizar o monitor segundo as suas definições preferidas para o ângulo e a altura, ajudando a reduzir a fadiga e o esforço.</FeatureGlossary><FeatureRank>2</FeatureRank><FeatureTopRank>6</FeatureTopRank></Feature><Feature><FeatureCode>F400044228</FeatureCode><FeatureReferenceName>VESA mount allows for flexibility</FeatureReferenceName><FeatureName>Montagem VESA</FeatureName><FeatureLongDescription>Montagem VESA proporciona flexibilidade</FeatureLongDescription><FeatureRank>3</FeatureRank><FeatureTopRank>11</FeatureTopRank></Feature></KeyBenefitArea><KeyBenefitArea><KeyBenefitAreaCode>K300005006</KeyBenefitAreaCode><KeyBenefitAreaName>Fácil de experimentar</KeyBenefitAreaName><KeyBenefitAreaRank>3</KeyBenefitAreaRank><Feature><FeatureCode>F400035281</FeatureCode><FeatureReferenceName>Built-in stereo speakers for multimedia</FeatureReferenceName><FeatureName>Altifalantes estéreo incorporados</FeatureName><FeatureLongDescription>Altifalantes estéreo incorporados para conteúdo multimédia</FeatureLongDescription><FeatureGlossary>Um par de altifalantes estéreo de alta qualidade incorporado num dispositivo de visualização. Podem ser visíveis na projecção frontal ou invisíveis na projecção inferior, superior, posterior, etc., dependendo do modelo e do design.</FeatureGlossary><FeatureRank>1</FeatureRank><FeatureTopRank>7</FeatureTopRank></Feature><Feature><FeatureCode>F400064766</FeatureCode><FeatureReferenceName>DisplayPort connection for maximum visuals</FeatureReferenceName><FeatureName>Ligação DisplayPort</FeatureName><FeatureLongDescription>Ligação DisplayPort para o máximo de recursos visuais</FeatureLongDescription><FeatureGlossary>O DisplayPort é uma ligação digital entre o PC e o monitor, sem necessidade de conversões. Com capacidades superiores ao padrão DVI, é totalmente capaz de suportar até 15 metros de cabo e 10,8 Gbps/seg. de transferência de dados. Com este alto desempenho e sem atrasos, obtém as imagens e as taxas de actualização mais rápidas - tornando o DisplayPort na melhor escolha tanto para utilizar no escritório, como em casa, mas também para jogos e filmes exigentes, para a edição de vídeos e muito mais. Este também tem em consideração a interoperabilidade através da utilização de vários adaptadores.</FeatureGlossary><FeatureRank>2</FeatureRank><FeatureTopRank>8</FeatureTopRank></Feature></KeyBenefitArea><KeyBenefitArea><KeyBenefitAreaCode>K4015194</KeyBenefitAreaCode><KeyBenefitAreaName>Design ecológico sustentável</KeyBenefitAreaName><KeyBenefitAreaRank>4</KeyBenefitAreaRank><Feature><FeatureCode>F400035268</FeatureCode><FeatureReferenceName>EPEAT Gold 2</FeatureReferenceName><FeatureName>EPEAT Gold</FeatureName><FeatureLongDescription>25% de material reciclado com EPEAT de nível Gold</FeatureLongDescription><FeatureGlossary>Os monitores Philips com certificação EPEAT de nível GOLD garantem a protecção da saúde humana e do ambiente, assegurando, em simultâneo, baixas emissões de gases estufa que alteram o nosso clima. O programa EPEAT ajuda os compradores a avaliar, comparar e seleccionar os monitores com base em 51 critérios ambientais suportados pela EPA americana. A certificação GOLD garante que, no mínimo, 30% dos plásticos utilizados são de resinas pós-consumo, o que garante a redução da utilização de materiais tóxicos e perigosos. O EPEAT de nível Gold é válido apenas nos locais onde a Philips regista o produto. Visite www.epeat.net para o estado do registo no seu país.</FeatureGlossary><FeatureRank>1</FeatureRank><FeatureTopRank>9</FeatureTopRank></Feature><Feature><FeatureCode>F400020191</FeatureCode><FeatureReferenceName>MMD: SmartPower 50%</FeatureReferenceName><FeatureName>SmartPower</FeatureName><FeatureLongDescription>SmartPower: Até 50% de poupança de energia</FeatureLongDescription><FeatureGlossary>O SmartPower é uma tecnologia artificial inteligente que analisa dinamicamente o conteúdo da imagem no ecrã para alcançar economizações de energia. A intensidade da retroiluminação pode ser controlada automaticamente e predefinida pelo sistema para reduzir o consumo de energia em até 50%, o que proporciona poupanças de energia significativas</FeatureGlossary><FeatureRank>2</FeatureRank><FeatureTopRank>10</FeatureTopRank></Feature></KeyBenefitArea><FeatureLogo><FeatureCode>F400035289</FeatureCode><FeatureReferenceName>M4 SmartImage</FeatureReferenceName><FeatureLogoRank>1</FeatureLogoRank></FeatureLogo><FeatureLogo><FeatureCode>F400048329</FeatureCode><FeatureReferenceName>AH-IPS LED gives brilliant images with vivid colors</FeatureReferenceName><FeatureLogoRank>4</FeatureLogoRank></FeatureLogo><FeatureLogo><FeatureCode>F300015008</FeatureCode><FeatureReferenceName>Widest viewing angle (178°)</FeatureReferenceName><FeatureLogoRank>5</FeatureLogoRank></FeatureLogo><FeatureLogo><FeatureCode>F400067665</FeatureCode><FeatureReferenceName>Flicker-free technology</FeatureReferenceName><FeatureLogoRank>6</FeatureLogoRank></FeatureLogo><FeatureLogo><FeatureCode>F300009903</FeatureCode><FeatureReferenceName>Super Ergo Base</FeatureReferenceName><FeatureLogoRank>7</FeatureLogoRank></FeatureLogo><FeatureLogo><FeatureCode>F300004082</FeatureCode><FeatureReferenceName>Built-in speakers (business)</FeatureReferenceName><FeatureLogoRank>8</FeatureLogoRank></FeatureLogo><FeatureLogo><FeatureCode>F400035294</FeatureCode><FeatureReferenceName>Displayport</FeatureReferenceName><FeatureLogoRank>9</FeatureLogoRank></FeatureLogo><FeatureLogo><FeatureCode>F400020191</FeatureCode><FeatureReferenceName>MMD: SmartPower 50%</FeatureReferenceName><FeatureLogoRank>10</FeatureLogoRank></FeatureLogo><FeatureLogo><FeatureCode>F400018029</FeatureCode><FeatureReferenceName>EPEAT Gold</FeatureReferenceName><FeatureLogoRank>11</FeatureLogoRank></FeatureLogo><FeatureImage><FeatureCode>F400048329</FeatureCode><FeatureReferenceName>AH-IPS LED gives brilliant images with vivid colors</FeatureReferenceName><FeatureImageRank>1</FeatureImageRank></FeatureImage><FeatureImage><FeatureCode>F400067665</FeatureCode><FeatureReferenceName>Flicker-free technology</FeatureReferenceName><FeatureImageRank>2</FeatureImageRank></FeatureImage><FeatureImage><FeatureCode>F400035289</FeatureCode><FeatureReferenceName>M4 SmartImage</FeatureReferenceName><FeatureImageRank>3</FeatureImageRank></FeatureImage><FeatureImage><FeatureCode>F400035274</FeatureCode><FeatureReferenceName>SmartContrast gives enhanced rich black details</FeatureReferenceName><FeatureImageRank>4</FeatureImageRank></FeatureImage><FeatureImage><FeatureCode>F400035325</FeatureCode><FeatureReferenceName>SmartErgoBase</FeatureReferenceName><FeatureImageRank>5</FeatureImageRank></FeatureImage><FeatureImage><FeatureCode>F400035282</FeatureCode><FeatureReferenceName>Low bezel-to-table height</FeatureReferenceName><FeatureImageRank>6</FeatureImageRank></FeatureImage><FeatureImage><FeatureCode>F400035281</FeatureCode><FeatureReferenceName>Built-in stereo speakers for multimedia</FeatureReferenceName><FeatureImageRank>7</FeatureImageRank></FeatureImage><FeatureImage><FeatureCode>F400064766</FeatureCode><FeatureReferenceName>DisplayPort connection for maximum visuals</FeatureReferenceName><FeatureImageRank>8</FeatureImageRank></FeatureImage><FeatureImage><FeatureCode>F400035268</FeatureCode><FeatureReferenceName>EPEAT Gold 2</FeatureReferenceName><FeatureImageRank>9</FeatureImageRank></FeatureImage><FeatureImage><FeatureCode>F400020191</FeatureCode><FeatureReferenceName>MMD: SmartPower 50%</FeatureReferenceName><FeatureImageRank>10</FeatureImageRank></FeatureImage><FeatureHighlight><FeatureCode>F400048329</FeatureCode><FeatureReferenceName>AH-IPS LED gives brilliant images with vivid colors</FeatureReferenceName><FeatureHighlightRank>1</FeatureHighlightRank></FeatureHighlight><FeatureHighlight><FeatureCode>F400067665</FeatureCode><FeatureReferenceName>Flicker-free technology</FeatureReferenceName><FeatureHighlightRank>2</FeatureHighlightRank></FeatureHighlight><FeatureHighlight><FeatureCode>F400035289</FeatureCode><FeatureReferenceName>M4 SmartImage</FeatureReferenceName><FeatureHighlightRank>3</FeatureHighlightRank></FeatureHighlight><FeatureHighlight><FeatureCode>F400035274</FeatureCode><FeatureReferenceName>SmartContrast gives enhanced rich black details</FeatureReferenceName><FeatureHighlightRank>4</FeatureHighlightRank></FeatureHighlight><FeatureHighlight><FeatureCode>F400035325</FeatureCode><FeatureReferenceName>SmartErgoBase</FeatureReferenceName><FeatureHighlightRank>5</FeatureHighlightRank></FeatureHighlight><FeatureHighlight><FeatureCode>F400035282</FeatureCode><FeatureReferenceName>Low bezel-to-table height</FeatureReferenceName><FeatureHighlightRank>6</FeatureHighlightRank></FeatureHighlight><FeatureHighlight><FeatureCode>F400035281</FeatureCode><FeatureReferenceName>Built-in stereo speakers for multimedia</FeatureReferenceName><FeatureHighlightRank>7</FeatureHighlightRank></FeatureHighlight><FeatureHighlight><FeatureCode>F400064766</FeatureCode><FeatureReferenceName>DisplayPort connection for maximum visuals</FeatureReferenceName><FeatureHighlightRank>8</FeatureHighlightRank></FeatureHighlight><FeatureHighlight><FeatureCode>F400035268</FeatureCode><FeatureReferenceName>EPEAT Gold 2</FeatureReferenceName><FeatureHighlightRank>9</FeatureHighlightRank></FeatureHighlight><FeatureHighlight><FeatureCode>F400020191</FeatureCode><FeatureReferenceName>MMD: SmartPower 50%</FeatureReferenceName><FeatureHighlightRank>10</FeatureHighlightRank></FeatureHighlight><CSChapter><CSChapterCode>3000796</CSChapterCode><CSChapterName>Imagem/visualização</CSChapterName><CSChapterRank>2</CSChapterRank><CSItem><CSItemCode>3006169</CSItemCode><CSItemName>Tipo de painel LCD</CSItemName><CSItemRank>1</CSItemRank><CSItemIsFreeFormat>0</CSItemIsFreeFormat><CSValue><CSValueCode>VA4063341</CSValueCode><CSValueName>LCD AH-IPS</CSValueName><CSValueRank>1</CSValueRank></CSValue></CSItem><CSItem><CSItemCode>IT4007209</CSItemCode><CSItemName>Tipo de retroiluminação</CSItemName><CSItemRank>2</CSItemRank><CSItemIsFreeFormat>1</CSItemIsFreeFormat><CSValue><CSValueCode>VA4018797</CSValueCode><CSValueName>Sistema W-LED</CSValueName><CSValueRank>1</CSValueRank></CSValue></CSItem><CSItem><CSItemCode>3006180</CSItemCode><CSItemName>Tamanho do painel</CSItemName><CSItemRank>3</CSItemRank><CSItemIsFreeFormat>1</CSItemIsFreeFormat><CSValue><CSValueCode>3031218</CSValueCode><CSValueName>21,5 polegadas / 54,6 cm</CSValueName><CSValueRank>1</CSValueRank></CSValue></CSItem><CSItem><CSItemCode>3006149</CSItemCode><CSItemName>Área de visualização efectiva</CSItemName><CSItemRank>4</CSItemRank><CSItemIsFreeFormat>1</CSItemIsFreeFormat><CSValue><CSValueCode>3031161</CSValueCode><CSValueName>476,06 (H) x 267,79 (V)</CSValueName><CSValueRank>1</CSValueRank></CSValue></CSItem><CSItem><CSItemCode>3006121</CSItemCode><CSItemName>Rácio de visualização</CSItemName><CSItemRank>5</CSItemRank><CSItemIsFreeFormat>0</CSItemIsFreeFormat><CSValue><CSValueCode>3031098</CSValueCode><CSValueName>16:9</CSValueName><CSValueRank>1</CSValueRank></CSValue></CSItem><CSItem><CSItemCode>3006193</CSItemCode><CSItemName>Óptima resolução</CSItemName><CSItemRank>6</CSItemRank><CSItemIsFreeFormat>1</CSItemIsFreeFormat><CSValue><CSValueCode>3031277</CSValueCode><CSValueName>1920 x 1080 @ 60 Hz</CSValueName><CSValueRank>1</CSValueRank></CSValue></CSItem><CSItem><CSItemCode>IT4039893</CSItemCode><CSItemName>Tempo de resposta (típico)</CSItemName><CSItemRank>7</CSItemRank><CSItemIsFreeFormat>1</CSItemIsFreeFormat><CSValue><CSValueCode>VA4093235</CSValueCode><CSValueName>5 ms (Cinzento a cinzento)*</CSValueName><CSValueRank>1</CSValueRank></CSValue></CSItem><CSItem><CSItemCode>3006127</CSItemCode><CSItemName>Brilho</CSItemName><CSItemRank>8</CSItemRank><CSItemIsFreeFormat>1</CSItemIsFreeFormat><CSValue><CSValueCode>3031110</CSValueCode><CSValueName>250</CSValueName><CSValueRank>1</CSValueRank></CSValue><UnitOfMeasure><UnitOfMeasureCode>3000038</UnitOfMeasureCode><UnitOfMeasureName>candela por metro quadrado</UnitOfMeasureName><UnitOfMeasureSymbol>cd/m²</UnitOfMeasureSymbol></UnitOfMeasure></CSItem><CSItem><CSItemCode>3006133</CSItemCode><CSItemName>Rácio de contraste (típico)</CSItemName><CSItemRank>9</CSItemRank><CSItemIsFreeFormat>1</CSItemIsFreeFormat><CSValue><CSValueCode>3031116</CSValueCode><CSValueName>1000:1</CSValueName><CSValueRank>1</CSValueRank></CSValue></CSItem><CSItem><CSItemCode>IT4006148</CSItemCode><CSItemName>SmartContrast</CSItemName><CSItemRank>10</CSItemRank><CSItemIsFreeFormat>1</CSItemIsFreeFormat><CSValue><CSValueCode>VA4017351</CSValueCode><CSValueName>20 000 000:1</CSValueName><CSValueRank>1</CSValueRank></CSValue></CSItem><CSItem><CSItemCode>3006186</CSItemCode><CSItemName>Densidades de píxeis</CSItemName><CSItemRank>11</CSItemRank><CSItemIsFreeFormat>1</CSItemIsFreeFormat><CSValue><CSValueCode>3031270</CSValueCode><CSValueName>0,248 x 0,248 mm</CSValueName><CSValueRank>1</CSValueRank></CSValue></CSItem><CSItem><CSItemCode>3007518</CSItemCode><CSItemName>Ângulo de visualização</CSItemName><CSItemRank>12</CSItemRank><CSItemIsFreeFormat>0</CSItemIsFreeFormat><CSValue><CSValueCode>VA4002901</CSValueCode><CSValueName>178° (H) / 178° (V)</CSValueName><CSValueRank>1</CSValueRank></CSValue><CSValue><CSValueCode>3035028</CSValueCode><CSValueName>@ C/R &gt; 10</CSValueName><CSValueRank>2</CSValueRank></CSValue></CSItem><CSItem><CSItemCode>3006183</CSItemCode><CSItemName>Melhoramento de imagem</CSItemName><CSItemRank>13</CSItemRank><CSItemIsFreeFormat>0</CSItemIsFreeFormat><CSValue><CSValueCode>3049169</CSValueCode><CSValueName>SmartImage</CSValueName><CSValueRank>1</CSValueRank></CSValue></CSItem><CSItem><CSItemCode>3006143</CSItemCode><CSItemName>Cores do ecrã</CSItemName><CSItemRank>14</CSItemRank><CSItemIsFreeFormat>1</CSItemIsFreeFormat><CSValue><CSValueCode>3031126</CSValueCode><CSValueName>16,7 milhões</CSValueName><CSValueRank>1</CSValueRank></CSValue></CSItem><CSItem><CSItemCode>IT4006149</CSItemCode><CSItemName>Frequência de varrimento</CSItemName><CSItemRank>15</CSItemRank><CSItemIsFreeFormat>1</CSItemIsFreeFormat><CSValue><CSValueCode>VA4017352</CSValueCode><CSValueName>30 - 83 kHz (H) / 56 - 76 Hz (V)</CSValueName><CSValueRank>1</CSValueRank></CSValue></CSItem><CSItem><CSItemCode>3006207</CSItemCode><CSItemName>sRGB</CSItemName><CSItemRank>16</CSItemRank><CSItemIsFreeFormat>1</CSItemIsFreeFormat><CSValue><CSValueCode>3031306</CSValueCode><CSValueName>SIM</CSValueName><CSValueRank>1</CSValueRank></CSValue></CSItem></CSChapter><CSChapter><CSChapterCode>3000813</CSChapterCode><CSChapterName>Conetividade</CSChapterName><CSChapterRank>3</CSChapterRank><CSItem><CSItemCode>3006576</CSItemCode><CSItemName>Entrada de sinal</CSItemName><CSItemRank>1</CSItemRank><CSItemIsFreeFormat>0</CSItemIsFreeFormat><CSValue><CSValueCode>VA4028301</CSValueCode><CSValueName>DisplayPort</CSValueName><CSValueRank>1</CSValueRank></CSValue><CSValue><CSValueCode>VA4015427</CSValueCode><CSValueName>DVI-D (HDCP digital)</CSValueName><CSValueRank>2</CSValueRank></CSValue><CSValue><CSValueCode>3036216</CSValueCode><CSValueName>VGA (analógico)</CSValueName><CSValueRank>3</CSValueRank></CSValue></CSItem><CSItem><CSItemCode>3006588</CSItemCode><CSItemName>Entrada de sincronização</CSItemName><CSItemRank>2</CSItemRank><CSItemIsFreeFormat>0</CSItemIsFreeFormat><CSValue><CSValueCode>3032392</CSValueCode><CSValueName>Sincronização separada</CSValueName><CSValueRank>1</CSValueRank></CSValue><CSValue><CSValueCode>3032393</CSValueCode><CSValueName>Sincronização no verde</CSValueName><CSValueRank>2</CSValueRank></CSValue></CSItem><CSItem><CSItemCode>IT4005621</CSItemCode><CSItemName>Áudio (entrada/saída)</CSItemName><CSItemRank>3</CSItemRank><CSItemIsFreeFormat>0</CSItemIsFreeFormat><CSValue><CSValueCode>VA4025083</CSValueCode><CSValueName>Entrada de áudio do PC</CSValueName><CSValueRank>1</CSValueRank></CSValue><CSValue><CSValueCode>VA4025085</CSValueCode><CSValueName>Saída de auscultador</CSValueName><CSValueRank>2</CSValueRank></CSValue></CSItem></CSChapter><CSChapter><CSChapterCode>3000814</CSChapterCode><CSChapterName>Funcionalidades</CSChapterName><CSChapterRank>4</CSChapterRank><CSItem><CSItemCode>IT4014853</CSItemCode><CSItemName>Altifalantes incorporados</CSItemName><CSItemRank>1</CSItemRank><CSItemIsFreeFormat>1</CSItemIsFreeFormat><CSValue><CSValueCode>VA4028064</CSValueCode><CSValueName>2 W x 2</CSValueName><CSValueRank>1</CSValueRank></CSValue></CSItem><CSItem><CSItemCode>3006633</CSItemCode><CSItemName>Funcionalidades para o utilizador</CSItemName><CSItemRank>2</CSItemRank><CSItemIsFreeFormat>0</CSItemIsFreeFormat><CSValue><CSValueCode>VA4015428</CSValueCode><CSValueName>SmartImage</CSValueName><CSValueRank>1</CSValueRank></CSValue><CSValue><CSValueCode>VA4017355</CSValueCode><CSValueName>Volume</CSValueName><CSValueRank>2</CSValueRank></CSValue><CSValue><CSValueCode>VA4022515</CSValueCode><CSValueName>SmartPower</CSValueName><CSValueRank>3</CSValueRank></CSValue><CSValue><CSValueCode>VA4017357</CSValueCode><CSValueName>Menu</CSValueName><CSValueRank>4</CSValueRank></CSValue><CSValue><CSValueCode>VA4017554</CSValueCode><CSValueName>Ligar/desligar</CSValueName><CSValueRank>5</CSValueRank></CSValue></CSItem><CSItem><CSItemCode>IT4019071</CSItemCode><CSItemName>Software de controlo</CSItemName><CSItemRank>3</CSItemRank><CSItemIsFreeFormat>0</CSItemIsFreeFormat><CSValue><CSValueCode>VA4042541</CSValueCode><CSValueName>SmartControl Premium</CSValueName><CSValueRank>1</CSValueRank></CSValue></CSItem><CSItem><CSItemCode>3006693</CSItemCode><CSItemName>Idiomas do OSD</CSItemName><CSItemRank>4</CSItemRank><CSItemIsFreeFormat>0</CSItemIsFreeFormat><CSValue><CSValueCode>VA4065363</CSValueCode><CSValueName>Português do Brasil</CSValueName><CSValueRank>1</CSValueRank></CSValue><CSValue><CSValueCode>3034561</CSValueCode><CSValueName>Checo</CSValueName><CSValueRank>2</CSValueRank></CSValue><CSValue><CSValueCode>3034565</CSValueCode><CSValueName>Holandês</CSValueName><CSValueRank>3</CSValueRank></CSValue><CSValue><CSValueCode>3032771</CSValueCode><CSValueName>Inglês</CSValueName><CSValueRank>4</CSValueRank></CSValue><CSValue><CSValueCode>VA4063224</CSValueCode><CSValueName>Finlandês</CSValueName><CSValueRank>5</CSValueRank></CSValue><CSValue><CSValueCode>3032772</CSValueCode><CSValueName>Francês</CSValueName><CSValueRank>6</CSValueRank></CSValue><CSValue><CSValueCode>3032773</CSValueCode><CSValueName>Alemão</CSValueName><CSValueRank>7</CSValueRank></CSValue><CSValue><CSValueCode>VA4002508</CSValueCode><CSValueName>Grego</CSValueName><CSValueRank>8</CSValueRank></CSValue><CSValue><CSValueCode>3034563</CSValueCode><CSValueName>Húngaro</CSValueName><CSValueRank>9</CSValueRank></CSValue><CSValue><CSValueCode>3032774</CSValueCode><CSValueName>Italiano</CSValueName><CSValueRank>10</CSValueRank></CSValue><CSValue><CSValueCode>3038221</CSValueCode><CSValueName>Japonês</CSValueName><CSValueRank>11</CSValueRank></CSValue><CSValue><CSValueCode>3039946</CSValueCode><CSValueName>Coreano</CSValueName><CSValueRank>12</CSValueRank></CSValue><CSValue><CSValueCode>3032775</CSValueCode><CSValueName>Português</CSValueName><CSValueRank>13</CSValueRank></CSValue><CSValue><CSValueCode>3034564</CSValueCode><CSValueName>Polaco</CSValueName><CSValueRank>14</CSValueRank></CSValue><CSValue><CSValueCode>3032776</CSValueCode><CSValueName>Russo</CSValueName><CSValueRank>15</CSValueRank></CSValue><CSValue><CSValueCode>3034114</CSValueCode><CSValueName>Chinês Simplificado</CSValueName><CSValueRank>16</CSValueRank></CSValue><CSValue><CSValueCode>3032777</CSValueCode><CSValueName>Espanhol</CSValueName><CSValueRank>17</CSValueRank></CSValue><CSValue><CSValueCode>3034562</CSValueCode><CSValueName>Sueco</CSValueName><CSValueRank>18</CSValueRank></CSValue><CSValue><CSValueCode>3034115</CSValueCode><CSValueName>Chinês Tradicional</CSValueName><CSValueRank>19</CSValueRank></CSValue><CSValue><CSValueCode>3035749</CSValueCode><CSValueName>Turco</CSValueName><CSValueRank>20</CSValueRank></CSValue><CSValue><CSValueCode>VA4065364</CSValueCode><CSValueName>Ucraniano</CSValueName><CSValueRank>21</CSValueRank></CSValue></CSItem><CSItem><CSItemCode>3006694</CSItemCode><CSItemName>Outras funcionalidades</CSItemName><CSItemRank>5</CSItemRank><CSItemIsFreeFormat>0</CSItemIsFreeFormat><CSValue><CSValueCode>3032778</CSValueCode><CSValueName>Bloqueio Kensington</CSValueName><CSValueRank>1</CSValueRank></CSValue><CSValue><CSValueCode>VA4016754</CSValueCode><CSValueName>Suporte VESA (100x100 mm)</CSValueName><CSValueRank>2</CSValueRank></CSValue></CSItem><CSItem><CSItemCode>3006699</CSItemCode><CSItemName>Compatibilidade Plug &amp; Play</CSItemName><CSItemRank>6</CSItemRank><CSItemIsFreeFormat>0</CSItemIsFreeFormat><CSValue><CSValueCode>3043209</CSValueCode><CSValueName>DDC/CI</CSValueName><CSValueRank>1</CSValueRank></CSValue><CSValue><CSValueCode>3046249</CSValueCode><CSValueName>Mac OS X</CSValueName><CSValueRank>2</CSValueRank></CSValue><CSValue><CSValueCode>3032788</CSValueCode><CSValueName>sRGB</CSValueName><CSValueRank>3</CSValueRank></CSValue><CSValue><CSValueCode>VA4091311</CSValueCode><CSValueName>Windows 10/8.1/8/7</CSValueName><CSValueRank>4</CSValueRank></CSValue></CSItem></CSChapter><CSChapter><CSChapterCode>CH4000824</CSChapterCode><CSChapterName>Suporte</CSChapterName><CSChapterRank>5</CSChapterRank><CSItem><CSItemCode>IT4004951</CSItemCode><CSItemName>Ajuste da altura</CSItemName><CSItemRank>1</CSItemRank><CSItemIsFreeFormat>1</CSItemIsFreeFormat><CSValue><CSValueCode>VA4015656</CSValueCode><CSValueName>110</CSValueName><CSValueRank>1</CSValueRank></CSValue><UnitOfMeasure><UnitOfMeasureCode>3000058</UnitOfMeasureCode><UnitOfMeasureName>milímetros</UnitOfMeasureName><UnitOfMeasureSymbol>mm</UnitOfMeasureSymbol></UnitOfMeasure></CSItem><CSItem><CSItemCode>IT4004952</CSItemCode><CSItemName>Pivot</CSItemName><CSItemRank>2</CSItemRank><CSItemIsFreeFormat>1</CSItemIsFreeFormat><CSValue><CSValueCode>VA4015657</CSValueCode><CSValueName>90 graus</CSValueName><CSValueRank>1</CSValueRank></CSValue></CSItem><CSItem><CSItemCode>IT4004953</CSItemCode><CSItemName>Rotativo</CSItemName><CSItemRank>3</CSItemRank><CSItemIsFreeFormat>1</CSItemIsFreeFormat><CSValue><CSValueCode>VA4015658</CSValueCode><CSValueName>-75/75</CSValueName><CSValueRank>1</CSValueRank></CSValue><UnitOfMeasure><UnitOfMeasureCode>3000042</UnitOfMeasureCode><UnitOfMeasureName>graus</UnitOfMeasureName><UnitOfMeasureSymbol>graus</UnitOfMeasureSymbol></UnitOfMeasure></CSItem><CSItem><CSItemCode>IT4004954</CSItemCode><CSItemName>Inclinação</CSItemName><CSItemRank>4</CSItemRank><CSItemIsFreeFormat>1</CSItemIsFreeFormat><CSValue><CSValueCode>VA4015659</CSValueCode><CSValueName>-5/20</CSValueName><CSValueRank>1</CSValueRank></CSValue><UnitOfMeasure><UnitOfMeasureCode>3000042</UnitOfMeasureCode><UnitOfMeasureName>graus</UnitOfMeasureName><UnitOfMeasureSymbol>graus</UnitOfMeasureSymbol></UnitOfMeasure></CSItem></CSChapter><CSChapter><CSChapterCode>3000821</CSChapterCode><CSChapterName>Potência</CSChapterName><CSChapterRank>6</CSChapterRank><CSItem><CSItemCode>IT4006562</CSItemCode><CSItemName>Modo ECO</CSItemName><CSItemRank>1</CSItemRank><CSItemIsFreeFormat>1</CSItemIsFreeFormat><CSValue><CSValueCode>VA4017986</CSValueCode><CSValueName>13,4 W (típ.)</CSValueName><CSValueRank>1</CSValueRank></CSValue></CSItem><CSItem><CSItemCode>IT4005861</CSItemCode><CSItemName>Modo ligado</CSItemName><CSItemRank>2</CSItemRank><CSItemIsFreeFormat>1</CSItemIsFreeFormat><CSValue><CSValueCode>VA4017025</CSValueCode><CSValueName>16,96 W (típ.) (método de teste EnergyStar 6.0)</CSValueName><CSValueRank>1</CSValueRank></CSValue></CSItem><CSItem><CSItemCode>IT4006150</CSItemCode><CSItemName>Modo de espera</CSItemName><CSItemRank>3</CSItemRank><CSItemIsFreeFormat>1</CSItemIsFreeFormat><CSValue><CSValueCode>VA4017360</CSValueCode><CSValueName>&lt; 0,3 W (típ.)</CSValueName><CSValueRank>1</CSValueRank></CSValue></CSItem><CSItem><CSItemCode>IT4006081</CSItemCode><CSItemName>Modo desligado</CSItemName><CSItemRank>4</CSItemRank><CSItemIsFreeFormat>1</CSItemIsFreeFormat><CSValue><CSValueCode>VA4017285</CSValueCode><CSValueName>&lt; 0,2 W (típ.)</CSValueName><CSValueRank>1</CSValueRank></CSValue></CSItem><CSItem><CSItemCode>3006931</CSItemCode><CSItemName>Indicador LED de energia</CSItemName><CSItemRank>5</CSItemRank><CSItemIsFreeFormat>0</CSItemIsFreeFormat><CSValue><CSValueCode>VA4015465</CSValueCode><CSValueName>Funcionamento - branco</CSValueName><CSValueRank>1</CSValueRank></CSValue><CSValue><CSValueCode>VA4017406</CSValueCode><CSValueName>Modo de espera - branco (intermitente)</CSValueName><CSValueRank>2</CSValueRank></CSValue></CSItem><CSItem><CSItemCode>3006932</CSItemCode><CSItemName>Fonte de alimentação</CSItemName><CSItemRank>6</CSItemRank><CSItemIsFreeFormat>0</CSItemIsFreeFormat><CSValue><CSValueCode>VA4050622</CSValueCode><CSValueName>100-240 V CA, 50-60 Hz</CSValueName><CSValueRank>1</CSValueRank></CSValue><CSValue><CSValueCode>3033321</CSValueCode><CSValueName>Incorporado</CSValueName><CSValueRank>2</CSValueRank></CSValue></CSItem></CSChapter><CSChapter><CSChapterCode>3000820</CSChapterCode><CSChapterName>Dimensões</CSChapterName><CSChapterRank>7</CSChapterRank><CSItem><CSItemCode>IT4005764</CSItemCode><CSItemName>Produto com suporte (mm)</CSItemName><CSItemRank>1</CSItemRank><CSItemIsFreeFormat>1</CSItemIsFreeFormat><CSValue><CSValueCode>VA4016930</CSValueCode><CSValueName>511 x 483 x 227</CSValueName><CSValueRank>1</CSValueRank></CSValue><UnitOfMeasure><UnitOfMeasureCode>3000058</UnitOfMeasureCode><UnitOfMeasureName>milímetros</UnitOfMeasureName><UnitOfMeasureSymbol>mm</UnitOfMeasureSymbol></UnitOfMeasure></CSItem><CSItem><CSItemCode>IT4005765</CSItemCode><CSItemName>Produto sem suporte (mm)</CSItemName><CSItemRank>2</CSItemRank><CSItemIsFreeFormat>1</CSItemIsFreeFormat><CSValue><CSValueCode>VA4016931</CSValueCode><CSValueName>511 x 319 x 52</CSValueName><CSValueRank>1</CSValueRank></CSValue><UnitOfMeasure><UnitOfMeasureCode>3000058</UnitOfMeasureCode><UnitOfMeasureName>milímetros</UnitOfMeasureName><UnitOfMeasureSymbol>mm</UnitOfMeasureSymbol></UnitOfMeasure></CSItem><CSItem><CSItemCode>IT4005766</CSItemCode><CSItemName>Embalagem em mm (LxAxP)</CSItemName><CSItemRank>3</CSItemRank><CSItemIsFreeFormat>1</CSItemIsFreeFormat><CSValue><CSValueCode>VA4016932</CSValueCode><CSValueName>565 x 422 x 184</CSValueName><CSValueRank>1</CSValueRank></CSValue><UnitOfMeasure><UnitOfMeasureCode>3000058</UnitOfMeasureCode><UnitOfMeasureName>milímetros</UnitOfMeasureName><UnitOfMeasureSymbol>mm</UnitOfMeasureSymbol></UnitOfMeasure></CSItem></CSChapter><CSChapter><CSChapterCode>CH4000702</CSChapterCode><CSChapterName>Peso</CSChapterName><CSChapterRank>8</CSChapterRank><CSItem><CSItemCode>IT4005770</CSItemCode><CSItemName>Produto com suporte (kg)</CSItemName><CSItemRank>1</CSItemRank><CSItemIsFreeFormat>1</CSItemIsFreeFormat><CSValue><CSValueCode>VA4016936</CSValueCode><CSValueName>4,90</CSValueName><CSValueRank>1</CSValueRank></CSValue><UnitOfMeasure><UnitOfMeasureCode>3000049</UnitOfMeasureCode><UnitOfMeasureName>quilogramas</UnitOfMeasureName><UnitOfMeasureSymbol>kg</UnitOfMeasureSymbol></UnitOfMeasure></CSItem><CSItem><CSItemCode>IT4005771</CSItemCode><CSItemName>Produto sem suporte (kg)</CSItemName><CSItemRank>2</CSItemRank><CSItemIsFreeFormat>1</CSItemIsFreeFormat><CSValue><CSValueCode>VA4016937</CSValueCode><CSValueName>3,10</CSValueName><CSValueRank>1</CSValueRank></CSValue><UnitOfMeasure><UnitOfMeasureCode>3000049</UnitOfMeasureCode><UnitOfMeasureName>quilogramas</UnitOfMeasureName><UnitOfMeasureSymbol>kg</UnitOfMeasureSymbol></UnitOfMeasure></CSItem><CSItem><CSItemCode>IT4005772</CSItemCode><CSItemName>Produto com embalagem (kg)</CSItemName><CSItemRank>3</CSItemRank><CSItemIsFreeFormat>1</CSItemIsFreeFormat><CSValue><CSValueCode>VA4016938</CSValueCode><CSValueName>6,78</CSValueName><CSValueRank>1</CSValueRank></CSValue><UnitOfMeasure><UnitOfMeasureCode>3000049</UnitOfMeasureCode><UnitOfMeasureName>quilogramas</UnitOfMeasureName><UnitOfMeasureSymbol>kg</UnitOfMeasureSymbol></UnitOfMeasure></CSItem></CSChapter><CSChapter><CSChapterCode>CH4000823</CSChapterCode><CSChapterName>Condições de funcionamento</CSChapterName><CSChapterRank>9</CSChapterRank><CSItem><CSItemCode>IT4004946</CSItemCode><CSItemName>Limite de temperaturas (funcionamento)</CSItemName><CSItemRank>1</CSItemRank><CSItemIsFreeFormat>1</CSItemIsFreeFormat><CSValue><CSValueCode>VA4015651</CSValueCode><CSValueName>0 °C a 40 °C</CSValueName><CSValueRank>1</CSValueRank></CSValue><UnitOfMeasure><UnitOfMeasureCode>3000081</UnitOfMeasureCode><UnitOfMeasureName>graus Celsius</UnitOfMeasureName><UnitOfMeasureSymbol>°C</UnitOfMeasureSymbol></UnitOfMeasure></CSItem><CSItem><CSItemCode>IT4004947</CSItemCode><CSItemName>Limite de temperaturas (armazenamento)</CSItemName><CSItemRank>2</CSItemRank><CSItemIsFreeFormat>1</CSItemIsFreeFormat><CSValue><CSValueCode>VA4015652</CSValueCode><CSValueName>-20 °C a 60 °C</CSValueName><CSValueRank>1</CSValueRank></CSValue><UnitOfMeasure><UnitOfMeasureCode>3000081</UnitOfMeasureCode><UnitOfMeasureName>graus Celsius</UnitOfMeasureName><UnitOfMeasureSymbol>°C</UnitOfMeasureSymbol></UnitOfMeasure></CSItem><CSItem><CSItemCode>IT4004948</CSItemCode><CSItemName>Humidade relativa</CSItemName><CSItemRank>3</CSItemRank><CSItemIsFreeFormat>1</CSItemIsFreeFormat><CSValue><CSValueCode>VA4015653</CSValueCode><CSValueName>20%-80</CSValueName><CSValueRank>1</CSValueRank></CSValue><UnitOfMeasure><UnitOfMeasureCode>3000065</UnitOfMeasureCode><UnitOfMeasureName>percentagem</UnitOfMeasureName><UnitOfMeasureSymbol>%</UnitOfMeasureSymbol></UnitOfMeasure></CSItem><CSItem><CSItemCode>IT4023612</CSItemCode><CSItemName>Altitude</CSItemName><CSItemRank>4</CSItemRank><CSItemIsFreeFormat>1</CSItemIsFreeFormat><CSValue><CSValueCode>VA4054761</CSValueCode><CSValueName>Ligado: +12 000 pés (3658 m), Desligado: +40 000 pés (12 192 m)</CSValueName><CSValueRank>1</CSValueRank></CSValue></CSItem><CSItem><CSItemCode>IT4004949</CSItemCode><CSItemName>MTBF</CSItemName><CSItemRank>5</CSItemRank><CSItemIsFreeFormat>1</CSItemIsFreeFormat><CSValue><CSValueCode>VA4015654</CSValueCode><CSValueName>30 000</CSValueName><CSValueRank>1</CSValueRank></CSValue><UnitOfMeasure><UnitOfMeasureCode>4000007</UnitOfMeasureCode><UnitOfMeasureName>Hora(s)</UnitOfMeasureName><UnitOfMeasureSymbol>hora(s)</UnitOfMeasureSymbol></UnitOfMeasure></CSItem></CSChapter><CSChapter><CSChapterCode>CH4000822</CSChapterCode><CSChapterName>Sustentabilidade</CSChapterName><CSChapterRank>10</CSChapterRank><CSItem><CSItemCode>IT4004941</CSItemCode><CSItemName>Ecologia e energia</CSItemName><CSItemRank>1</CSItemRank><CSItemIsFreeFormat>0</CSItemIsFreeFormat><CSValue><CSValueCode>VA4053186</CSValueCode><CSValueName>EnergyStar 6.0</CSValueName><CSValueRank>1</CSValueRank></CSValue><CSValue><CSValueCode>VA4060101</CSValueCode><CSValueName>EPEAT Gold*</CSValueName><CSValueRank>2</CSValueRank></CSValue><CSValue><CSValueCode>VA4015645</CSValueCode><CSValueName>ROHS</CSValueName><CSValueRank>3</CSValueRank></CSValue></CSItem><CSItem><CSItemCode>IT4004944</CSItemCode><CSItemName>Material de embalagem reciclável</CSItemName><CSItemRank>2</CSItemRank><CSItemIsFreeFormat>1</CSItemIsFreeFormat><CSValue><CSValueCode>VA4015649</CSValueCode><CSValueName>100</CSValueName><CSValueRank>1</CSValueRank></CSValue><UnitOfMeasure><UnitOfMeasureCode>3000065</UnitOfMeasureCode><UnitOfMeasureName>percentagem</UnitOfMeasureName><UnitOfMeasureSymbol>%</UnitOfMeasureSymbol></UnitOfMeasure></CSItem><CSItem><CSItemCode>IT4019072</CSItemCode><CSItemName>Material reciclado</CSItemName><CSItemRank>3</CSItemRank><CSItemIsFreeFormat>0</CSItemIsFreeFormat><CSValue><CSValueCode>VA4042550</CSValueCode><CSValueName>25%</CSValueName><CSValueRank>1</CSValueRank></CSValue></CSItem><CSItem><CSItemCode>IT4018633</CSItemCode><CSItemName>Substâncias específicas</CSItemName><CSItemRank>4</CSItemRank><CSItemIsFreeFormat>0</CSItemIsFreeFormat><CSValue><CSValueCode>VA4039543</CSValueCode><CSValueName>Estrutura sem PVC/BFR</CSValueName><CSValueRank>1</CSValueRank></CSValue><CSValue><CSValueCode>VA4042544</CSValueCode><CSValueName>Sem mercúrio</CSValueName><CSValueRank>2</CSValueRank></CSValue><CSValue><CSValueCode>VA4042543</CSValueCode><CSValueName>Sem chumbo</CSValueName><CSValueRank>3</CSValueRank></CSValue></CSItem></CSChapter><CSChapter><CSChapterCode>CH4001161</CSChapterCode><CSChapterName>Conformidade e normas</CSChapterName><CSChapterRank>11</CSChapterRank><CSItem><CSItemCode>IT4006152</CSItemCode><CSItemName>Aprovações regulamentares</CSItemName><CSItemRank>1</CSItemRank><CSItemIsFreeFormat>0</CSItemIsFreeFormat><CSValue><CSValueCode>VA4017528</CSValueCode><CSValueName>BSMI</CSValueName><CSValueRank>1</CSValueRank></CSValue><CSValue><CSValueCode>VA4064941</CSValueCode><CSValueName>cETLus</CSValueName><CSValueRank>2</CSValueRank></CSValue><CSValue><CSValueCode>VA4017361</CSValueCode><CSValueName>Marca CE</CSValueName><CSValueRank>3</CSValueRank></CSValue><CSValue><CSValueCode>VA4027482</CSValueCode><CSValueName>FCC Classe B</CSValueName><CSValueRank>4</CSValueRank></CSValue><CSValue><CSValueCode>VA4017536</CSValueCode><CSValueName>GOST</CSValueName><CSValueRank>5</CSValueRank></CSValue><CSValue><CSValueCode>VA4033550</CSValueCode><CSValueName>SASO</CSValueName><CSValueRank>6</CSValueRank></CSValue><CSValue><CSValueCode>VA4017365</CSValueCode><CSValueName>SEMKO</CSValueName><CSValueRank>7</CSValueRank></CSValue><CSValue><CSValueCode>VA4053108</CSValueCode><CSValueName>TCO 6.0</CSValueName><CSValueRank>8</CSValueRank></CSValue><CSValue><CSValueCode>VA4017369</CSValueCode><CSValueName>TUV Ergo</CSValueName><CSValueRank>9</CSValueRank></CSValue><CSValue><CSValueCode>VA4017368</CSValueCode><CSValueName>TUV/GS</CSValueName><CSValueRank>10</CSValueRank></CSValue><CSValue><CSValueCode>VA4033547</CSValueCode><CSValueName>WEEE</CSValueName><CSValueRank>11</CSValueRank></CSValue></CSItem></CSChapter><CSChapter><CSChapterCode>CH4000825</CSChapterCode><CSChapterName>Estrutura</CSChapterName><CSChapterRank>12</CSChapterRank><CSItem><CSItemCode>IT4019074</CSItemCode><CSItemName>Moldura frontal</CSItemName><CSItemRank>1</CSItemRank><CSItemIsFreeFormat>1</CSItemIsFreeFormat><CSValue><CSValueCode>VA4042547</CSValueCode><CSValueName>Preto</CSValueName><CSValueRank>1</CSValueRank></CSValue></CSItem><CSItem><CSItemCode>IT4019075</CSItemCode><CSItemName>Cobertura posterior</CSItemName><CSItemRank>2</CSItemRank><CSItemIsFreeFormat>1</CSItemIsFreeFormat><CSValue><CSValueCode>VA4042548</CSValueCode><CSValueName>Preto</CSValueName><CSValueRank>1</CSValueRank></CSValue></CSItem><CSItem><CSItemCode>IT4019076</CSItemCode><CSItemName>Base</CSItemName><CSItemRank>3</CSItemRank><CSItemIsFreeFormat>1</CSItemIsFreeFormat><CSValue><CSValueCode>VA4042549</CSValueCode><CSValueName>Preto</CSValueName><CSValueRank>1</CSValueRank></CSValue></CSItem><CSItem><CSItemCode>IT4004956</CSItemCode><CSItemName>Acabamento</CSItemName><CSItemRank>4</CSItemRank><CSItemIsFreeFormat>1</CSItemIsFreeFormat><CSValue><CSValueCode>VA4015661</CSValueCode><CSValueName>Textura</CSValueName><CSValueRank>1</CSValueRank></CSValue></CSItem></CSChapter><CSChapter><CSChapterCode>CH4008581</CSChapterCode><CSChapterName>Conteúdo da embalagem</CSChapterName><CSChapterRank>14</CSChapterRank><CSItem><CSItemCode>IT4040999</CSItemCode><CSItemName>Monitor com suporte</CSItemName><CSItemRank>1</CSItemRank><CSItemIsFreeFormat>1</CSItemIsFreeFormat><CSValue><CSValueCode>VA4095569</CSValueCode><CSValueName>Sim</CSValueName><CSValueRank>1</CSValueRank></CSValue></CSItem><CSItem><CSItemCode>IT4041000</CSItemCode><CSItemName>Cabos</CSItemName><CSItemRank>2</CSItemRank><CSItemIsFreeFormat>1</CSItemIsFreeFormat><CSValue><CSValueCode>VA4095570</CSValueCode><CSValueName>VGA, áudio, alimentação</CSValueName><CSValueRank>1</CSValueRank></CSValue></CSItem><CSItem><CSItemCode>IT4041030</CSItemCode><CSItemName>Documentação do utilizador</CSItemName><CSItemRank>3</CSItemRank><CSItemIsFreeFormat>1</CSItemIsFreeFormat><CSValue><CSValueCode>VA4095604</CSValueCode><CSValueName>Sim</CSValueName><CSValueRank>1</CSValueRank></CSValue></CSItem></CSChapter><Filters><Purpose type="Comparison"><Features><Feature code="F400048329" rank="1" referenceName="AH-IPS LED gives brilliant images with vivid colors"/><Feature code="F400067665" rank="2" referenceName="Flicker-free technology"/><Feature code="F400035289" rank="3" referenceName="M4 SmartImage"/><Feature code="F400035274" rank="4" referenceName="SmartContrast gives enhanced rich black details"/><Feature code="F400035325" rank="5" referenceName="SmartErgoBase"/><Feature code="F400035282" rank="6" referenceName="Low bezel-to-table height"/><Feature code="F400035281" rank="7" referenceName="Built-in stereo speakers for multimedia"/><Feature code="F400064766" rank="8" referenceName="DisplayPort connection for maximum visuals"/><Feature code="F400035268" rank="9" referenceName="EPEAT Gold 2"/><Feature code="F400020191" rank="10" referenceName="MMD: SmartPower 50%"/><Feature code="F400044228" rank="11" referenceName="VESA mount allows for flexibility"/></Features><CSItems><CSItem code="3006169" rank="1" referenceName="Imagem/visualização - Tipo de painel LCD"/><CSItem code="3006576" rank="1" referenceName="Conetividade - Entrada de sinal"/><CSItem code="IT4014853" rank="1" referenceName="Funcionalidades - Altifalantes incorporados"/><CSItem code="IT4004951" rank="1" referenceName="Suporte - Ajuste da altura"/><CSItem code="IT4006562" rank="1" referenceName="Potência - Modo ECO"/><CSItem code="IT4005764" rank="1" referenceName="Dimensões - Produto com suporte (mm)"/><CSItem code="IT4005770" rank="1" referenceName="Peso - Produto com suporte (kg)"/><CSItem code="IT4004946" rank="1" referenceName="Condições de funcionamento - Limite de temperaturas (funcionamento)"/><CSItem code="IT4004941" rank="1" referenceName="Sustentabilidade - Ecologia e energia"/><CSItem code="IT4006152" rank="1" referenceName="Conformidade e normas - Aprovações regulamentares"/><CSItem code="IT4019074" rank="1" referenceName="Estrutura - Moldura frontal"/><CSItem code="IT4040999" rank="1" referenceName="Conteúdo da embalagem - Monitor com suporte"/><CSItem code="IT4007209" rank="2" referenceName="Imagem/visualização - Tipo de retroiluminação"/><CSItem code="3006588" rank="2" referenceName="Conetividade - Entrada de sincronização"/><CSItem code="3006633" rank="2" referenceName="Funcionalidades - Funcionalidades para o utilizador"/><CSItem code="IT4004952" rank="2" referenceName="Suporte - Pivot"/><CSItem code="IT4005861" rank="2" referenceName="Potência - Modo ligado"/><CSItem code="IT4005765" rank="2" referenceName="Dimensões - Produto sem suporte (mm)"/><CSItem code="IT4005771" rank="2" referenceName="Peso - Produto sem suporte (kg)"/><CSItem code="IT4004947" rank="2" referenceName="Condições de funcionamento - Limite de temperaturas (armazenamento)"/><CSItem code="IT4004944" rank="2" referenceName="Sustentabilidade - Material de embalagem reciclável"/><CSItem code="IT4019075" rank="2" referenceName="Estrutura - Cobertura posterior"/><CSItem code="IT4041000" rank="2" referenceName="Conteúdo da embalagem - Cabos"/><CSItem code="3006180" rank="3" referenceName="Imagem/visualização - Tamanho do painel"/><CSItem code="IT4005621" rank="3" referenceName="Conetividade - Áudio (entrada/saída)"/><CSItem code="IT4019071" rank="3" referenceName="Funcionalidades - Software de controlo"/><CSItem code="IT4004953" rank="3" referenceName="Suporte - Rotativo"/><CSItem code="IT4006150" rank="3" referenceName="Potência - Modo de espera"/><CSItem code="IT4005766" rank="3" referenceName="Dimensões - Embalagem em mm (LxAxP)"/><CSItem code="IT4005772" rank="3" referenceName="Peso - Produto com embalagem (kg)"/><CSItem code="IT4004948" rank="3" referenceName="Condições de funcionamento - Humidade relativa"/><CSItem code="IT4019072" rank="3" referenceName="Sustentabilidade - Material reciclado"/><CSItem code="IT4019076" rank="3" referenceName="Estrutura - Base"/><CSItem code="IT4041030" rank="3" referenceName="Conteúdo da embalagem - Documentação do utilizador"/><CSItem code="3006149" rank="4" referenceName="Imagem/visualização - Área de visualização efectiva"/><CSItem code="3006693" rank="4" referenceName="Funcionalidades - Idiomas do OSD"/><CSItem code="IT4004954" rank="4" referenceName="Suporte - Inclinação"/><CSItem code="IT4006081" rank="4" referenceName="Potência - Modo desligado"/><CSItem code="IT4023612" rank="4" referenceName="Condições de funcionamento - Altitude"/><CSItem code="IT4018633" rank="4" referenceName="Sustentabilidade - Substâncias específicas"/><CSItem code="IT4004956" rank="4" referenceName="Estrutura - Acabamento"/><CSItem code="3006121" rank="5" referenceName="Imagem/visualização - Rácio de visualização"/><CSItem code="3006694" rank="5" referenceName="Funcionalidades - Outras funcionalidades"/><CSItem code="3006931" rank="5" referenceName="Potência - Indicador LED de energia"/><CSItem code="IT4004949" rank="5" referenceName="Condições de funcionamento - MTBF"/><CSItem code="3006193" rank="6" referenceName="Imagem/visualização - Óptima resolução"/><CSItem code="3006699" rank="6" referenceName="Funcionalidades - Compatibilidade Plug &amp; Play"/><CSItem code="3006932" rank="6" referenceName="Potência - Fonte de alimentação"/><CSItem code="IT4039893" rank="7" referenceName="Imagem/visualização - Tempo de resposta (típico)"/><CSItem code="3006127" rank="8" referenceName="Imagem/visualização - Brilho"/><CSItem code="3006133" rank="9" referenceName="Imagem/visualização - Rácio de contraste (típico)"/><CSItem code="IT4006148" rank="10" referenceName="Imagem/visualização - SmartContrast"/><CSItem code="3006186" rank="11" referenceName="Imagem/visualização - Densidades de píxeis"/><CSItem code="3007518" rank="12" referenceName="Imagem/visualização - Ângulo de visualização"/><CSItem code="3006183" rank="13" referenceName="Imagem/visualização - Melhoramento de imagem"/><CSItem code="3006143" rank="14" referenceName="Imagem/visualização - Cores do ecrã"/><CSItem code="IT4006149" rank="15" referenceName="Imagem/visualização - Frequência de varrimento"/><CSItem code="3006207" rank="16" referenceName="Imagem/visualização - sRGB"/></CSItems></Purpose><Purpose type="Detail"><Features><Feature code="F400048329" rank="1" referenceName="AH-IPS LED gives brilliant images with vivid colors"/><Feature code="F400067665" rank="2" referenceName="Flicker-free technology"/><Feature code="F400035289" rank="3" referenceName="M4 SmartImage"/><Feature code="F400035274" rank="4" referenceName="SmartContrast gives enhanced rich black details"/><Feature code="F400035325" rank="5" referenceName="SmartErgoBase"/><Feature code="F400035282" rank="6" referenceName="Low bezel-to-table height"/><Feature code="F400035281" rank="7" referenceName="Built-in stereo speakers for multimedia"/><Feature code="F400064766" rank="8" referenceName="DisplayPort connection for maximum visuals"/><Feature code="F400035268" rank="9" referenceName="EPEAT Gold 2"/><Feature code="F400020191" rank="10" referenceName="MMD: SmartPower 50%"/><Feature code="F400044228" rank="11" referenceName="VESA mount allows for flexibility"/></Features><CSItems><CSItem code="3006169" rank="1" referenceName="Imagem/visualização - Tipo de painel LCD"/><CSItem code="3006576" rank="1" referenceName="Conetividade - Entrada de sinal"/><CSItem code="IT4014853" rank="1" referenceName="Funcionalidades - Altifalantes incorporados"/><CSItem code="IT4004951" rank="1" referenceName="Suporte - Ajuste da altura"/><CSItem code="IT4006562" rank="1" referenceName="Potência - Modo ECO"/><CSItem code="IT4005764" rank="1" referenceName="Dimensões - Produto com suporte (mm)"/><CSItem code="IT4005770" rank="1" referenceName="Peso - Produto com suporte (kg)"/><CSItem code="IT4004946" rank="1" referenceName="Condições de funcionamento - Limite de temperaturas (funcionamento)"/><CSItem code="IT4004941" rank="1" referenceName="Sustentabilidade - Ecologia e energia"/><CSItem code="IT4006152" rank="1" referenceName="Conformidade e normas - Aprovações regulamentares"/><CSItem code="IT4019074" rank="1" referenceName="Estrutura - Moldura frontal"/><CSItem code="IT4040999" rank="1" referenceName="Conteúdo da embalagem - Monitor com suporte"/><CSItem code="IT4007209" rank="2" referenceName="Imagem/visualização - Tipo de retroiluminação"/><CSItem code="3006588" rank="2" referenceName="Conetividade - Entrada de sincronização"/><CSItem code="3006633" rank="2" referenceName="Funcionalidades - Funcionalidades para o utilizador"/><CSItem code="IT4004952" rank="2" referenceName="Suporte - Pivot"/><CSItem code="IT4005861" rank="2" referenceName="Potência - Modo ligado"/><CSItem code="IT4005765" rank="2" referenceName="Dimensões - Produto sem suporte (mm)"/><CSItem code="IT4005771" rank="2" referenceName="Peso - Produto sem suporte (kg)"/><CSItem code="IT4004947" rank="2" referenceName="Condições de funcionamento - Limite de temperaturas (armazenamento)"/><CSItem code="IT4004944" rank="2" referenceName="Sustentabilidade - Material de embalagem reciclável"/><CSItem code="IT4019075" rank="2" referenceName="Estrutura - Cobertura posterior"/><CSItem code="IT4041000" rank="2" referenceName="Conteúdo da embalagem - Cabos"/><CSItem code="3006180" rank="3" referenceName="Imagem/visualização - Tamanho do painel"/><CSItem code="IT4005621" rank="3" referenceName="Conetividade - Áudio (entrada/saída)"/><CSItem code="IT4019071" rank="3" referenceName="Funcionalidades - Software de controlo"/><CSItem code="IT4004953" rank="3" referenceName="Suporte - Rotativo"/><CSItem code="IT4006150" rank="3" referenceName="Potência - Modo de espera"/><CSItem code="IT4005766" rank="3" referenceName="Dimensões - Embalagem em mm (LxAxP)"/><CSItem code="IT4005772" rank="3" referenceName="Peso - Produto com embalagem (kg)"/><CSItem code="IT4004948" rank="3" referenceName="Condições de funcionamento - Humidade relativa"/><CSItem code="IT4019072" rank="3" referenceName="Sustentabilidade - Material reciclado"/><CSItem code="IT4019076" rank="3" referenceName="Estrutura - Base"/><CSItem code="IT4041030" rank="3" referenceName="Conteúdo da embalagem - Documentação do utilizador"/><CSItem code="3006149" rank="4" referenceName="Imagem/visualização - Área de visualização efectiva"/><CSItem code="3006693" rank="4" referenceName="Funcionalidades - Idiomas do OSD"/><CSItem code="IT4004954" rank="4" referenceName="Suporte - Inclinação"/><CSItem code="IT4006081" rank="4" referenceName="Potência - Modo desligado"/><CSItem code="IT4023612" rank="4" referenceName="Condições de funcionamento - Altitude"/><CSItem code="IT4018633" rank="4" referenceName="Sustentabilidade - Substâncias específicas"/><CSItem code="IT4004956" rank="4" referenceName="Estrutura - Acabamento"/><CSItem code="3006121" rank="5" referenceName="Imagem/visualização - Rácio de visualização"/><CSItem code="3006694" rank="5" referenceName="Funcionalidades - Outras funcionalidades"/><CSItem code="3006931" rank="5" referenceName="Potência - Indicador LED de energia"/><CSItem code="IT4004949" rank="5" referenceName="Condições de funcionamento - MTBF"/><CSItem code="3006193" rank="6" referenceName="Imagem/visualização - Óptima resolução"/><CSItem code="3006699" rank="6" referenceName="Funcionalidades - Compatibilidade Plug &amp; Play"/><CSItem code="3006932" rank="6" referenceName="Potência - Fonte de alimentação"/><CSItem code="IT4039893" rank="7" referenceName="Imagem/visualização - Tempo de resposta (típico)"/><CSItem code="3006127" rank="8" referenceName="Imagem/visualização - Brilho"/><CSItem code="3006133" rank="9" referenceName="Imagem/visualização - Rácio de contraste (típico)"/><CSItem code="IT4006148" rank="10" referenceName="Imagem/visualização - SmartContrast"/><CSItem code="3006186" rank="11" referenceName="Imagem/visualização - Densidades de píxeis"/><CSItem code="3007518" rank="12" referenceName="Imagem/visualização - Ângulo de visualização"/><CSItem code="3006183" rank="13" referenceName="Imagem/visualização - Melhoramento de imagem"/><CSItem code="3006143" rank="14" referenceName="Imagem/visualização - Cores do ecrã"/><CSItem code="IT4006149" rank="15" referenceName="Imagem/visualização - Frequência de varrimento"/><CSItem code="3006207" rank="16" referenceName="Imagem/visualização - sRGB"/></CSItems></Purpose></Filters><FeatureCompareGroups/><Disclaimers><Disclaimer code="DIS40004421" rank="1" referenceName="AH-IPS technology"><DisclaimerText>O logótipo de texto/marca comercial "AH-IPS" e patentes relacionadas com estas tecnologias pertencem aos seus respectivos proprietários.</DisclaimerText><DisclaimElements/></Disclaimer><Disclaimer code="DIS40004161" rank="2" referenceName="EPEAT Gold_Silver*"><DisclaimerText>O EPEAT de nível Gold ou Silver é válido apenas nos locais onde a Philips regista o produto. Visite www.epeat.net para consultar o estado do registo no seu país.</DisclaimerText><DisclaimElements/></Disclaimer><Disclaimer code="DIS40009731" rank="3" referenceName="Response time value equal to SmartResponse"><DisclaimerText>Valor do tempo de resposta igual a SmartResponse</DisclaimerText><DisclaimElements/></Disclaimer></Disclaimers><RichTexts/></Product></Products>