<?xml version="1.0" encoding="UTF-8"?><Products xmlns:source="http://apache.org/cocoon/source/1.0" DocStatus="approved" DocTimeStamp="2018-10-13T06:26:08"><Product Country="PT" IsAccessory="false" IsLocalized="true" IsMaster="false" Locale="pt_PT" lastModified="2018-10-08T04:31:01" masterLastModified="2018-08-28T00:34:13"><CTN>221B7QPJEB/00</CTN><Code12NC>867000138066</Code12NC><GTIN>8712581740214</GTIN><MarketingVersion>1.0.1</MarketingVersion><MarketingStatus>Final Published</MarketingStatus><CRDate>2016-07-22</CRDate><CRDateYW>201630</CRDateYW><ModelYears><ModelYear>2016</ModelYear><ModelYear>2017</ModelYear></ModelYears><ProductDivision><ProductDivisionCode>0200</ProductDivisionCode><ProductDivisionName>Consumer Lifestyle</ProductDivisionName><FormerPDCode>3400</FormerPDCode></ProductDivision><ProductOwner>HO CATHERINE</ProductOwner><DTN>221B7QPJEB/00</DTN><Catalog><StartOfPublication>2016-08-22T00:00:00</StartOfPublication><EndOfPublication>2022-11-22T00:00:00</EndOfPublication><StartOfSales>2016-08-22T00:00:00</StartOfSales><EndOfSales>2020-11-22T00:00:00</EndOfSales><DummyPrice/><Deleted>false</Deleted><DeleteAfterDate/><ProductRank>50</ProductRank></Catalog><FinancialCategorization><BusinessGroupCode>6918</BusinessGroupCode><BusinessGroupName>TV</BusinessGroupName><BusinessUnitCode>0655</BusinessUnitCode><BusinessUnitName>Monitors</BusinessUnitName><MainArticleGroupCode>J89</MainArticleGroupCode><MainArticleGroupName>Monitors</MainArticleGroupName><ArticleGroupCode>3789</ArticleGroupCode><ArticleGroupName>Monitors global</ArticleGroupName></FinancialCategorization><Categorization type="CONSUMER"><GroupCode>SOUND_AND_VISION_GR</GroupCode><GroupName>Sound &amp; vision</GroupName><CategoryCode>SV_MONITORS_CA</CategoryCode><CategoryName>Monitors</CategoryName><SubcategoryCode>SV_OTHERS_SU</SubcategoryCode><SubcategoryName>Others</SubcategoryName></Categorization><Assets><Asset code="221B7QPJEB_00" description="Leaflet" extension="pdf" lastModified="2018-09-14" locale="pt_PT" number="001" type="PSS">http://download.p4c.philips.com/files/2/221b7qpjeb_00/221b7qpjeb_00_pss_porpt.pdf</Asset><Asset code="221B7QPJEB_00" description="Retail Trade Leaflet" extension="pdf" lastModified="2018-10-07" locale="pt_PT" number="001" type="RTL">http://download.p4c.philips.com/files/2/221b7qpjeb_00/221b7qpjeb_00_rtl_porpt.pdf</Asset><Asset code="221B7QPJEB_00" description="Leaflet" extension="pdf" lastModified="2018-08-29" locale="global" number="001" type="PSS">http://download.p4c.philips.com/files/2/221b7qpjeb_00/221b7qpjeb_00_pss_.pdf</Asset><Asset code="221B7QPJEB_00" description="Single product shot" extension="" lastModified="2018-10-08" locale="pt_PT" number="" type="IMS">http://images.philips.com/is/image/PhilipsConsumer/221B7QPJEB_00-IMS-pt_PT</Asset><Asset code="221B7QPJEB_00" description="Product gallery image set" extension="" lastModified="2018-10-08" locale="pt_PT" number="" type="GAL">http://images.philips.com/is/image/PhilipsConsumer/221B7QPJEB_00-GAL-pt_PT</Asset><Asset code="221B7QPJEB_00" description="Product URL" extension="" lastModified="2018-10-08" locale="pt_PT" number="" type="URL">http://www.philips.pt/c-p/221B7QPJEB_00/brilliance-monitor-lcd-com-powersensor</Asset><Asset code="F300004082" description="Feature logo - highres 331x213" extension="tif" lastModified="2017-11-15" locale="global" number="001" type="FLP">http://images.philips.com/is/image/PhilipsConsumer/F300004082-FLP-global-001</Asset><Asset code="F300009903" description="Feature logo - highres 331x213" extension="tif" lastModified="2015-08-25" locale="global" number="001" type="FLP">http://images.philips.com/is/image/PhilipsConsumer/F300009903-FLP-global-001</Asset><Asset code="F400018029" description="Feature logo - highres 331x213" extension="tif" lastModified="2011-08-15" locale="global" number="001" type="FLP">http://images.philips.com/is/image/PhilipsConsumer/F400018029-FLP-global-001</Asset><Asset code="F400035276" description="Feature photograph - highres 2100x1170" extension="tif" lastModified="2011-10-26" locale="global" number="001" type="FIL">http://images.philips.com/is/image/PhilipsConsumer/F400035276-FIL-global-001</Asset><Asset code="F400035276" description="Feature logo - highres 331x213" extension="tif" lastModified="2015-07-17" locale="global" number="001" type="FLP">http://images.philips.com/is/image/PhilipsConsumer/F400035276-FLP-global-001</Asset><Asset code="F400035279" description="Feature logo - highres 331x213" extension="tif" lastModified="2011-08-26" locale="global" number="001" type="FLP">http://images.philips.com/is/image/PhilipsConsumer/F400035279-FLP-global-001</Asset><Asset code="F400035281" description="Feature logo - highres 331x213" extension="tif" lastModified="2016-07-20" locale="global" number="001" type="FLP">http://images.philips.com/is/image/PhilipsConsumer/F400035281-FLP-global-001</Asset><Asset code="F400035289" description="Feature photograph - highres 2100x1170" extension="tif" lastModified="2017-10-31" locale="global" number="001" type="FIL">http://images.philips.com/is/image/PhilipsConsumer/F400035289-FIL-global-001</Asset><Asset code="F400035289" description="Feature logo - highres 331x213" extension="tif" lastModified="2017-11-15" locale="global" number="001" type="FLP">http://images.philips.com/is/image/PhilipsConsumer/F400035289-FLP-global-001</Asset><Asset code="F400035325" description="Feature photograph - highres 2100x1170" extension="tif" lastModified="2015-05-14" locale="global" number="001" type="FIL">http://images.philips.com/is/image/PhilipsConsumer/F400035325-FIL-global-001</Asset><Asset code="F400035325" description="Feature logo - highres 331x213" extension="tif" lastModified="2015-08-24" locale="global" number="001" type="FLP">http://images.philips.com/is/image/PhilipsConsumer/F400035325-FLP-global-001</Asset><Asset code="F400045216" description="Feature photograph - highres 2100x1170" extension="tif" lastModified="2017-10-31" locale="global" number="001" type="FIL">http://images.philips.com/is/image/PhilipsConsumer/F400045216-FIL-global-001</Asset><Asset code="F400045216" description="Feature logo - highres 331x213" extension="tif" lastModified="2017-11-15" locale="global" number="001" type="FLP">http://images.philips.com/is/image/PhilipsConsumer/F400045216-FLP-global-001</Asset><Asset code="F400047611" description="Feature logo - highres 331x213" extension="tif" lastModified="2017-11-15" locale="global" number="001" type="FLP">http://images.philips.com/is/image/PhilipsConsumer/F400047611-FLP-global-001</Asset><Asset code="F400048346" description="Feature logo - highres 331x213" extension="tif" lastModified="2015-08-24" locale="global" number="001" type="FLP">http://images.philips.com/is/image/PhilipsConsumer/F400048346-FLP-global-001</Asset><Asset code="F400052911" description="Feature logo - highres 331x213" extension="tif" lastModified="2014-03-28" locale="global" number="001" type="FLP">http://images.philips.com/is/image/PhilipsConsumer/F400052911-FLP-global-001</Asset><Asset code="F400066642" description="Feature photograph - highres 2100x1170" extension="tif" lastModified="2017-10-31" locale="global" number="001" type="FIL">http://images.philips.com/is/image/PhilipsConsumer/F400066642-FIL-global-001</Asset><Asset code="F400066642" description="Feature logo - highres 331x213" extension="tif" lastModified="2015-08-24" locale="global" number="001" type="FLP">http://images.philips.com/is/image/PhilipsConsumer/F400066642-FLP-global-001</Asset><Asset code="F400067665" description="Feature photograph - highres 2100x1170" extension="tif" lastModified="2017-10-31" locale="global" number="001" type="FIL">http://images.philips.com/is/image/PhilipsConsumer/F400067665-FIL-global-001</Asset><Asset code="F400067665" description="Feature logo - highres 331x213" extension="tif" lastModified="2017-11-15" locale="global" number="001" type="FLP">http://images.philips.com/is/image/PhilipsConsumer/F400067665-FLP-global-001</Asset><Asset code="F400078929" description="Feature photograph - highres 2100x1170" extension="tif" lastModified="2017-10-31" locale="global" number="001" type="FIL">http://images.philips.com/is/image/PhilipsConsumer/F400078929-FIL-global-001</Asset><Asset code="F400078929" description="Feature logo - highres 331x213" extension="tif" lastModified="2017-11-15" locale="global" number="001" type="FLP">http://images.philips.com/is/image/PhilipsConsumer/F400078929-FLP-global-001</Asset><Asset code="F400079049" description="Feature photograph - highres 2100x1170" extension="tif" lastModified="2017-10-31" locale="global" number="001" type="FIL">http://images.philips.com/is/image/PhilipsConsumer/F400079049-FIL-global-001</Asset><Asset code="F400079049" description="Feature logo - highres 331x213" extension="tif" lastModified="2018-09-14" locale="global" number="001" type="FLP">http://images.philips.com/is/image/PhilipsConsumer/F400079049-FLP-global-001</Asset><Asset code="F400079194" description="Feature logo - highres 331x213" extension="tif" lastModified="2016-06-08" locale="global" number="001" type="FLP">http://images.philips.com/is/image/PhilipsConsumer/F400079194-FLP-global-001</Asset><Asset code="PHI" description="Brand logo - highres 1476x886" extension="tif" lastModified="2016-02-18" locale="global" number="001" type="BRP">http://images.philips.com/is/image/PhilipsConsumer/PHI-BRP-global-001</Asset><Asset code="SB30000063" description="Concept logo - lowres 198x198" extension="jpg" lastModified="2009-08-05" locale="global" number="001" type="CLL">http://images.philips.com/is/image/PhilipsConsumer/SB30000063-CLL-global-001</Asset></Assets><ProductName>Monitor LCD, linha B com PowerSensor</ProductName><FullProductName>Philips Brilliance Monitor LCD com PowerSensor 221B7QPJEB Linha B, 22 (21,5"/54,6 cm diag.), Full HD (1920 x 1080)</FullProductName><NamingString><MasterBrand><BrandCode>PHI</BrandCode><BrandName>Philips</BrandName></MasterBrand><BrandString>Philips</BrandString><Concept><ConceptCode>SB30000063</ConceptCode><ConceptName>Brilliance</ConceptName><ConceptNameUsed>1</ConceptNameUsed></Concept><Descriptor><DescriptorCode>D4008240</DescriptorCode><DescriptorName>Monitor LCD com PowerSensor</DescriptorName></Descriptor><Alphanumeric>221B7QPJEB</Alphanumeric><VersionElement1><VersionElementCode>V4013438</VersionElementCode><VersionElementName>Linha B</VersionElementName></VersionElement1><VersionElement2><VersionElementCode>V4031865</VersionElementCode><VersionElementName>22 (21,5"/54,6 cm diag.)</VersionElementName></VersionElement2><VersionElement3><VersionElementCode>V4035286</VersionElementCode><VersionElementName>Full HD (1920 x 1080)</VersionElementName></VersionElement3><VersionString>Linha B, 22 (21,5"/54,6 cm diag.), Full HD (1920 x 1080)</VersionString><BrandedFeatureString/><DescriptorBrandedFeatureString>Monitor LCD com PowerSensor</DescriptorBrandedFeatureString></NamingString><WOW>Visão nítida, desempenho eficiente</WOW><SubWOW>com PowerSensor</SubWOW><MarketingTextHeader>O ecrã PowerSensor da Philips fabricado com 85% de plásticos reciclados pós-consumo e com uma estrutura sem PVC e sem BFR é ideal para uma produtividade ecológica</MarketingTextHeader><KeyBenefitArea><KeyBenefitAreaCode>K4015203</KeyBenefitAreaCode><KeyBenefitAreaName>Desempenho brilhante</KeyBenefitAreaName><KeyBenefitAreaRank>1</KeyBenefitAreaRank><Feature><FeatureCode>F400066642</FeatureCode><FeatureReferenceName>IPS technology (with Pivot)</FeatureReferenceName><FeatureName>Tecnologia IPS</FeatureName><FeatureLongDescription>Tecnologia IPS para cores vivas e ângulos de visualização amplos</FeatureLongDescription><FeatureGlossary>Os ecrãs IPS utilizam uma tecnologia avançada que lhe proporciona ângulos de visualização extra amplos de 178/178 graus, o que permite ver o ecrã a partir de praticamente qualquer ângulo - mesmo no modo de pivot de 90 graus! Ao contrário dos painéis TN padrão, os ecrãs IPS fornecem-lhe imagens incrivelmente nítidas com cores vivas, o que os torna ideais para fotografias, filmes e navegar na Internet, mas também para aplicações profissionais, que exigem precisão das cores e luminosidade uniforme a todas as alturas.</FeatureGlossary><FeatureRank>1</FeatureRank><FeatureTopRank>1</FeatureTopRank></Feature><Feature><FeatureCode>F400079049</FeatureCode><FeatureReferenceName>UltraNarrow Border_3 sides frameless</FeatureReferenceName><FeatureName>Moldura extremamente estreita</FeatureName><FeatureLongDescription>Ecrã de moldura fina para criar um visual perfeito</FeatureLongDescription><FeatureGlossary>Os novos ecrãs Philips apresentam uma moldura ultra fina que permite distracções mínimas e um tamanho de visualização máximo. Especialmente adequado para configurações em vários ecrãs ou em mosaico, como em jogos, desenho gráfico e aplicações profissionais, o ecrã de moldura ultra fina dá-lhe a sensação de estar a utilizar um único ecrã grande.</FeatureGlossary><FeatureRank>2</FeatureRank><FeatureTopRank>2</FeatureTopRank></Feature><Feature><FeatureCode>F400035289</FeatureCode><FeatureReferenceName>M4 SmartImage</FeatureReferenceName><FeatureName>SmartImage</FeatureName><FeatureLongDescription>Predefinições SmartImage para definições de imagem optimizadas simples</FeatureLongDescription><FeatureGlossary>SmartImage é uma tecnologia líder exclusiva da Philips que analisa o conteúdo apresentado no seu ecrã e lhe proporciona um desempenho de apresentação optimizado. Esta interface de fácil utilização permite-lhe seleccionar vários modos como Escritório, Fotografia, Filme, Jogo, Economia, etc., para adaptar a aplicação em utilização. Com base na selecção, a tecnologia SmartImage optimiza, de forma dinâmica, o contraste, a saturação da cor e a nitidez das imagens e vídeos para um desempenho de imagem excelente. A opção do modo Economia permite-lhe enormes poupanças de energia. Tudo em tempo real e através de um simples toque num botão!</FeatureGlossary><FeatureRank>3</FeatureRank><FeatureTopRank>3</FeatureTopRank></Feature></KeyBenefitArea><KeyBenefitArea><KeyBenefitAreaCode>K4033201</KeyBenefitAreaCode><KeyBenefitAreaName>Concebido para uma produtividade confortável</KeyBenefitAreaName><KeyBenefitAreaRank>2</KeyBenefitAreaRank><Feature><FeatureCode>F400078929</FeatureCode><FeatureReferenceName>LowBlue Mode</FeatureReferenceName><FeatureName>Modo LowBlue</FeatureName><FeatureLongDescription>Modo LowBlue para uma produtividade suave para os olhos</FeatureLongDescription><FeatureGlossary>Os estudos realizados demonstraram que, da mesma forma que os raios ultravioleta podem causar danos oculares, os raios de luz azul com comprimento de onda curta dos ecrãs LED podem causar danos oculares e afectar a visão com o passar do tempo. Desenvolvido a pensar no bem-estar, a definição do modo LowBlue da Philips utiliza uma tecnologia de software inteligente para reduzir a luz azul de onda curta prejudicial.</FeatureGlossary><FeatureRank>1</FeatureRank><FeatureTopRank>4</FeatureTopRank></Feature><Feature><FeatureCode>F400067665</FeatureCode><FeatureReferenceName>Flicker-free technology</FeatureReferenceName><FeatureName>Tecnologia sem cintilação</FeatureName><FeatureLongDescription>Menos cansaço ocular com tecnologia sem cintilação</FeatureLongDescription><FeatureGlossary>Devido à forma como o brilho é controlado nos ecrãs com retroiluminação LED, alguns utilizadores experienciam cintilação nos seus ecrãs, o que provoca cansaço ocular. A tecnologia sem cintilação da Philips aplica uma nova solução para regular o brilho e reduzir a cintilação para uma visualização mais confortável.</FeatureGlossary><FeatureRank>2</FeatureRank><FeatureTopRank>5</FeatureTopRank></Feature><Feature><FeatureCode>F400035325</FeatureCode><FeatureReferenceName>SmartErgoBase</FeatureReferenceName><FeatureName>SmartErgoBase</FeatureName><FeatureLongDescription>A SmartErgoBase permite ajustes ergonómicos confortáveis</FeatureLongDescription><FeatureGlossary>A SmartErgoBase é uma base para monitor que proporciona um grande conforto ergonómico de visualização e permite uma arrumação inteligente dos cabos. A fácil regulação da altura, orientação, inclinação e ângulo de rotação da base permite posicionar o monitor para o máximo de conforto, aliviando o esforço físico de um longo dia de trabalho. A arrumação inteligente dos cabos reduz a desordem de cabos e mantém a área de trabalho organizada e profissional.</FeatureGlossary><FeatureRank>3</FeatureRank><FeatureTopRank>6</FeatureTopRank></Feature></KeyBenefitArea><KeyBenefitArea><KeyBenefitAreaCode>K4033202</KeyBenefitAreaCode><KeyBenefitAreaName>Funcionalidades para a forma como trabalha</KeyBenefitAreaName><KeyBenefitAreaRank>3</KeyBenefitAreaRank><Feature><FeatureCode>F400035281</FeatureCode><FeatureReferenceName>Built-in stereo speakers for multimedia</FeatureReferenceName><FeatureName>Altifalantes estéreo incorporados</FeatureName><FeatureLongDescription>Altifalantes estéreo incorporados para conteúdo multimédia</FeatureLongDescription><FeatureGlossary>Um par de altifalantes estéreo de alta qualidade incorporado num dispositivo de visualização. Podem ser visíveis na projecção frontal ou invisíveis na projecção inferior, superior, posterior, etc., dependendo do modelo e do design.</FeatureGlossary><FeatureRank>1</FeatureRank><FeatureTopRank>7</FeatureTopRank></Feature><Feature><FeatureCode>F400056166</FeatureCode><FeatureReferenceName>SmartConnect with DisplayPort, HDMI and VGA connections</FeatureReferenceName><FeatureName>SmartConnect</FeatureName><FeatureLongDescription>SmartConnect com ligações DisplayPort, HDMI e VGA</FeatureLongDescription><FeatureGlossary>Com inúmeras possibilidades de conectividade, estes ecrãs Philips estão equipados com numerosas ligações como VGA, Display Port ou conector HDMI universal, permitindo-lhe desfrutar de conteúdos de vídeo e áudio não comprimidos em alta resolução. As ligações USB asseguram que pode desfrutar de transferências de dados a velocidades ultra elevadas, enquanto dispõe de uma conectividade global. Independentemente da fonte que está a utilizar, pode ter a certeza de que este ecrã Philips lhe assegurará que o seu investimento não estará obsoleto num futuro próximo!</FeatureGlossary><FeatureRank>3</FeatureRank><FeatureTopRank>8</FeatureTopRank></Feature><Feature><FeatureCode>F400048346</FeatureCode><FeatureReferenceName>USB 3.0 enables fast data transfers and smart phone charging</FeatureReferenceName><FeatureName>USB 3.0 de velocidade ultra elevada</FeatureName><FeatureLongDescription>O USB 3.0 permite transferências de dados rápidas e o carregamento de smartphones</FeatureLongDescription><FeatureGlossary>O USB 3.0 de velocidade ultra elevada utiliza uma velocidade de transferência de 5 gbit/s, que é aprox. 10 vezes mais rápida do que o USB 2.0 normal, reduzindo significativamente o tempo necessário para as transferências de dados, poupando-lhe tempo e dinheiro. Com maior largura de banda, velocidades de transferência ultra elevadas, uma melhor gestão de energia e um desempenho geral superior, o USB 3.0 define a norma global mais recente que lhe permite utilizar os dispositivos de armazenamento de grande capacidade. A tecnologia Sync-N-Go assegura que já não precisa de aguardar que seja libertada largura de banda. O seu investimento em dispositivos USB 2.0 está protegido, visto que esta versão é compatível com versões anteriores.</FeatureGlossary><FeatureRank>2</FeatureRank><FeatureTopRank>10</FeatureTopRank></Feature></KeyBenefitArea><KeyBenefitArea><KeyBenefitAreaCode>K4015194</KeyBenefitAreaCode><KeyBenefitAreaName>Design ecológico sustentável</KeyBenefitAreaName><KeyBenefitAreaRank>4</KeyBenefitAreaRank><Feature><FeatureCode>F400035276</FeatureCode><FeatureReferenceName>M4 PowerSensor</FeatureReferenceName><FeatureName>PowerSensor</FeatureName><FeatureLongDescription>PowerSensor economiza até 80% dos custos de energia</FeatureLongDescription><FeatureGlossary>O PowerSensor é um "sensor humano" incorporado que transmite e recebe sinais infravermelhos inofensivos para determinar a presença do utilizador e reduzir automaticamente o brilho do monitor quando o utilizador se afasta da secretária, reduzindo os custos de energia em até 80% e prolongando a vida útil do monitor</FeatureGlossary><FeatureRank>1</FeatureRank><FeatureTopRank>9</FeatureTopRank></Feature><Feature><FeatureCode>F400076291</FeatureCode><FeatureReferenceName>TCO Edge_85%</FeatureReferenceName><FeatureName>TCO Edge</FeatureName><FeatureLongDescription>85% de plásticos reciclados pós-consumo com TCO Edge</FeatureLongDescription><FeatureGlossary>A certificação TCO Edge é concedida a produtos que ultrapassam os requisitos dos programas existentes para rótulos ecológicos. Para além dos requisitos TCO padrão, é também necessário que o produto utilize, no mínimo, 85% de plásticos reciclados pós-consumo, seja eficaz energeticamente, utilize o mínimo de materiais perigosos, tenha uma embalagem 100% reciclável e seja concebido para uma reciclagem simples, entre outros requisitos. Pode ter a certeza de que este monitor Philips é um produto com tecnologia de ponta e o melhor na classe de TIC e, como compra de TI ecológica e responsável, é vantajoso para si e para o planeta!</FeatureGlossary><FeatureRank>2</FeatureRank><FeatureTopRank>11</FeatureTopRank></Feature></KeyBenefitArea><FeatureLogo><FeatureCode>F400035276</FeatureCode><FeatureReferenceName>M4 PowerSensor</FeatureReferenceName><FeatureLogoRank>4</FeatureLogoRank></FeatureLogo><FeatureLogo><FeatureCode>F400045216</FeatureCode><FeatureReferenceName>IPS technology_Carina 2 (none Pivot)</FeatureReferenceName><FeatureLogoRank>5</FeatureLogoRank></FeatureLogo><FeatureLogo><FeatureCode>F400047611</FeatureCode><FeatureReferenceName>Ultra Narrow Bezel</FeatureReferenceName><FeatureLogoRank>6</FeatureLogoRank></FeatureLogo><FeatureLogo><FeatureCode>F400078929</FeatureCode><FeatureReferenceName>LowBlue Mode</FeatureReferenceName><FeatureLogoRank>7</FeatureLogoRank></FeatureLogo><FeatureLogo><FeatureCode>F400067665</FeatureCode><FeatureReferenceName>Flicker-free technology</FeatureReferenceName><FeatureLogoRank>8</FeatureLogoRank></FeatureLogo><FeatureLogo><FeatureCode>F400035289</FeatureCode><FeatureReferenceName>M4 SmartImage</FeatureReferenceName><FeatureLogoRank>9</FeatureLogoRank></FeatureLogo><FeatureLogo><FeatureCode>F300009903</FeatureCode><FeatureReferenceName>Super Ergo Base</FeatureReferenceName><FeatureLogoRank>10</FeatureLogoRank></FeatureLogo><FeatureLogo><FeatureCode>F400079194</FeatureCode><FeatureReferenceName>SmartConnect_HDMI, VGA, DP</FeatureReferenceName><FeatureLogoRank>11</FeatureLogoRank></FeatureLogo><FeatureLogo><FeatureCode>F400052911</FeatureCode><FeatureReferenceName>USB 3.0 x 2_SS_logo</FeatureReferenceName><FeatureLogoRank>12</FeatureLogoRank></FeatureLogo><FeatureLogo><FeatureCode>F300004082</FeatureCode><FeatureReferenceName>Built-in speakers (business)</FeatureReferenceName><FeatureLogoRank>13</FeatureLogoRank></FeatureLogo><FeatureLogo><FeatureCode>F400035279</FeatureCode><FeatureReferenceName>TCO Edge</FeatureReferenceName><FeatureLogoRank>14</FeatureLogoRank></FeatureLogo><FeatureLogo><FeatureCode>F400018029</FeatureCode><FeatureReferenceName>EPEAT Gold</FeatureReferenceName><FeatureLogoRank>15</FeatureLogoRank></FeatureLogo><FeatureImage><FeatureCode>F400066642</FeatureCode><FeatureReferenceName>IPS technology (with Pivot)</FeatureReferenceName><FeatureImageRank>1</FeatureImageRank></FeatureImage><FeatureImage><FeatureCode>F400079049</FeatureCode><FeatureReferenceName>UltraNarrow Border_3 sides frameless</FeatureReferenceName><FeatureImageRank>2</FeatureImageRank></FeatureImage><FeatureImage><FeatureCode>F400035289</FeatureCode><FeatureReferenceName>M4 SmartImage</FeatureReferenceName><FeatureImageRank>3</FeatureImageRank></FeatureImage><FeatureImage><FeatureCode>F400078929</FeatureCode><FeatureReferenceName>LowBlue Mode</FeatureReferenceName><FeatureImageRank>4</FeatureImageRank></FeatureImage><FeatureImage><FeatureCode>F400067665</FeatureCode><FeatureReferenceName>Flicker-free technology</FeatureReferenceName><FeatureImageRank>5</FeatureImageRank></FeatureImage><FeatureImage><FeatureCode>F400035325</FeatureCode><FeatureReferenceName>SmartErgoBase</FeatureReferenceName><FeatureImageRank>6</FeatureImageRank></FeatureImage><FeatureImage><FeatureCode>F400035281</FeatureCode><FeatureReferenceName>Built-in stereo speakers for multimedia</FeatureReferenceName><FeatureImageRank>7</FeatureImageRank></FeatureImage><FeatureImage><FeatureCode>F400056166</FeatureCode><FeatureReferenceName>SmartConnect with DisplayPort, HDMI and VGA connections</FeatureReferenceName><FeatureImageRank>8</FeatureImageRank></FeatureImage><FeatureImage><FeatureCode>F400035276</FeatureCode><FeatureReferenceName>M4 PowerSensor</FeatureReferenceName><FeatureImageRank>9</FeatureImageRank></FeatureImage><FeatureImage><FeatureCode>F400048346</FeatureCode><FeatureReferenceName>USB 3.0 enables fast data transfers and smart phone charging</FeatureReferenceName><FeatureImageRank>10</FeatureImageRank></FeatureImage><FeatureImage><FeatureCode>F400076291</FeatureCode><FeatureReferenceName>TCO Edge_85%</FeatureReferenceName><FeatureImageRank>11</FeatureImageRank></FeatureImage><FeatureHighlight><FeatureCode>F400066642</FeatureCode><FeatureReferenceName>IPS technology (with Pivot)</FeatureReferenceName><FeatureHighlightRank>1</FeatureHighlightRank></FeatureHighlight><FeatureHighlight><FeatureCode>F400079049</FeatureCode><FeatureReferenceName>UltraNarrow Border_3 sides frameless</FeatureReferenceName><FeatureHighlightRank>2</FeatureHighlightRank></FeatureHighlight><FeatureHighlight><FeatureCode>F400035289</FeatureCode><FeatureReferenceName>M4 SmartImage</FeatureReferenceName><FeatureHighlightRank>3</FeatureHighlightRank></FeatureHighlight><FeatureHighlight><FeatureCode>F400078929</FeatureCode><FeatureReferenceName>LowBlue Mode</FeatureReferenceName><FeatureHighlightRank>4</FeatureHighlightRank></FeatureHighlight><FeatureHighlight><FeatureCode>F400067665</FeatureCode><FeatureReferenceName>Flicker-free technology</FeatureReferenceName><FeatureHighlightRank>5</FeatureHighlightRank></FeatureHighlight><FeatureHighlight><FeatureCode>F400035325</FeatureCode><FeatureReferenceName>SmartErgoBase</FeatureReferenceName><FeatureHighlightRank>6</FeatureHighlightRank></FeatureHighlight><FeatureHighlight><FeatureCode>F400035281</FeatureCode><FeatureReferenceName>Built-in stereo speakers for multimedia</FeatureReferenceName><FeatureHighlightRank>7</FeatureHighlightRank></FeatureHighlight><FeatureHighlight><FeatureCode>F400056166</FeatureCode><FeatureReferenceName>SmartConnect with DisplayPort, HDMI and VGA connections</FeatureReferenceName><FeatureHighlightRank>8</FeatureHighlightRank></FeatureHighlight><FeatureHighlight><FeatureCode>F400035276</FeatureCode><FeatureReferenceName>M4 PowerSensor</FeatureReferenceName><FeatureHighlightRank>9</FeatureHighlightRank></FeatureHighlight><FeatureHighlight><FeatureCode>F400048346</FeatureCode><FeatureReferenceName>USB 3.0 enables fast data transfers and smart phone charging</FeatureReferenceName><FeatureHighlightRank>10</FeatureHighlightRank></FeatureHighlight><FeatureHighlight><FeatureCode>F400076291</FeatureCode><FeatureReferenceName>TCO Edge_85%</FeatureReferenceName><FeatureHighlightRank>11</FeatureHighlightRank></FeatureHighlight><CSChapter><CSChapterCode>3000796</CSChapterCode><CSChapterName>Imagem/visualização</CSChapterName><CSChapterRank>1</CSChapterRank><CSItem><CSItemCode>3006169</CSItemCode><CSItemName>Tipo de painel LCD</CSItemName><CSItemRank>1</CSItemRank><CSItemIsFreeFormat>0</CSItemIsFreeFormat><CSValue><CSValueCode>VA4095423</CSValueCode><CSValueName>Tecnologia IPS</CSValueName><CSValueRank>1</CSValueRank></CSValue></CSItem><CSItem><CSItemCode>IT4007209</CSItemCode><CSItemName>Tipo de retroiluminação</CSItemName><CSItemRank>2</CSItemRank><CSItemIsFreeFormat>1</CSItemIsFreeFormat><CSValue><CSValueCode>VA4018797</CSValueCode><CSValueName>Sistema W-LED</CSValueName><CSValueRank>1</CSValueRank></CSValue></CSItem><CSItem><CSItemCode>3006180</CSItemCode><CSItemName>Tamanho do painel</CSItemName><CSItemRank>3</CSItemRank><CSItemIsFreeFormat>1</CSItemIsFreeFormat><CSValue><CSValueCode>3031218</CSValueCode><CSValueName>21,5 polegadas / 54,6 cm</CSValueName><CSValueRank>1</CSValueRank></CSValue></CSItem><CSItem><CSItemCode>3006149</CSItemCode><CSItemName>Área de visualização efectiva</CSItemName><CSItemRank>4</CSItemRank><CSItemIsFreeFormat>1</CSItemIsFreeFormat><CSValue><CSValueCode>3031161</CSValueCode><CSValueName>476,1 (H) x 267,8 (V)</CSValueName><CSValueRank>1</CSValueRank></CSValue></CSItem><CSItem><CSItemCode>3006121</CSItemCode><CSItemName>Rácio de visualização</CSItemName><CSItemRank>5</CSItemRank><CSItemIsFreeFormat>0</CSItemIsFreeFormat><CSValue><CSValueCode>3031098</CSValueCode><CSValueName>16:9</CSValueName><CSValueRank>1</CSValueRank></CSValue></CSItem><CSItem><CSItemCode>3006193</CSItemCode><CSItemName>Óptima resolução</CSItemName><CSItemRank>6</CSItemRank><CSItemIsFreeFormat>1</CSItemIsFreeFormat><CSValue><CSValueCode>3031277</CSValueCode><CSValueName>1920 x 1080 @ 60 Hz</CSValueName><CSValueRank>1</CSValueRank></CSValue></CSItem><CSItem><CSItemCode>IT4039893</CSItemCode><CSItemName>Tempo de resposta (típico)</CSItemName><CSItemRank>7</CSItemRank><CSItemIsFreeFormat>1</CSItemIsFreeFormat><CSValue><CSValueCode>VA4093235</CSValueCode><CSValueName>5 ms (Cinzento a cinzento)*</CSValueName><CSValueRank>1</CSValueRank></CSValue></CSItem><CSItem><CSItemCode>3006127</CSItemCode><CSItemName>Brilho</CSItemName><CSItemRank>8</CSItemRank><CSItemIsFreeFormat>1</CSItemIsFreeFormat><CSValue><CSValueCode>3031110</CSValueCode><CSValueName>250</CSValueName><CSValueRank>1</CSValueRank></CSValue><UnitOfMeasure><UnitOfMeasureCode>3000038</UnitOfMeasureCode><UnitOfMeasureName>candela por metro quadrado</UnitOfMeasureName><UnitOfMeasureSymbol>cd/m²</UnitOfMeasureSymbol></UnitOfMeasure></CSItem><CSItem><CSItemCode>3006133</CSItemCode><CSItemName>Rácio de contraste (típico)</CSItemName><CSItemRank>9</CSItemRank><CSItemIsFreeFormat>1</CSItemIsFreeFormat><CSValue><CSValueCode>3031116</CSValueCode><CSValueName>1000:1</CSValueName><CSValueRank>1</CSValueRank></CSValue></CSItem><CSItem><CSItemCode>IT4006148</CSItemCode><CSItemName>SmartContrast</CSItemName><CSItemRank>10</CSItemRank><CSItemIsFreeFormat>1</CSItemIsFreeFormat><CSValue><CSValueCode>VA4017351</CSValueCode><CSValueName>20 000 000:1</CSValueName><CSValueRank>1</CSValueRank></CSValue></CSItem><CSItem><CSItemCode>3006186</CSItemCode><CSItemName>Densidades de píxeis</CSItemName><CSItemRank>11</CSItemRank><CSItemIsFreeFormat>1</CSItemIsFreeFormat><CSValue><CSValueCode>3031270</CSValueCode><CSValueName>0,248 x 0,248 mm</CSValueName><CSValueRank>1</CSValueRank></CSValue></CSItem><CSItem><CSItemCode>3007518</CSItemCode><CSItemName>Ângulo de visualização</CSItemName><CSItemRank>12</CSItemRank><CSItemIsFreeFormat>0</CSItemIsFreeFormat><CSValue><CSValueCode>VA4002901</CSValueCode><CSValueName>178° (H) / 178° (V)</CSValueName><CSValueRank>1</CSValueRank></CSValue><CSValue><CSValueCode>3035028</CSValueCode><CSValueName>@ C/R &gt; 10</CSValueName><CSValueRank>2</CSValueRank></CSValue></CSItem><CSItem><CSItemCode>IT4036934</CSItemCode><CSItemName>Sem cintilação</CSItemName><CSItemRank>13</CSItemRank><CSItemIsFreeFormat>1</CSItemIsFreeFormat><CSValue><CSValueCode>VA4085801</CSValueCode><CSValueName>SIM</CSValueName><CSValueRank>1</CSValueRank></CSValue></CSItem><CSItem><CSItemCode>3006183</CSItemCode><CSItemName>Melhoramento de imagem</CSItemName><CSItemRank>14</CSItemRank><CSItemIsFreeFormat>0</CSItemIsFreeFormat><CSValue><CSValueCode>3049169</CSValueCode><CSValueName>SmartImage</CSValueName><CSValueRank>1</CSValueRank></CSValue></CSItem><CSItem><CSItemCode>3006143</CSItemCode><CSItemName>Cores do ecrã</CSItemName><CSItemRank>15</CSItemRank><CSItemIsFreeFormat>1</CSItemIsFreeFormat><CSValue><CSValueCode>3031126</CSValueCode><CSValueName>16,7 milhões</CSValueName><CSValueRank>1</CSValueRank></CSValue></CSItem><CSItem><CSItemCode>IT4006149</CSItemCode><CSItemName>Frequência de varrimento</CSItemName><CSItemRank>16</CSItemRank><CSItemIsFreeFormat>1</CSItemIsFreeFormat><CSValue><CSValueCode>VA4017352</CSValueCode><CSValueName>30 - 83 kHz (H) / 56 - 76 Hz (V)</CSValueName><CSValueRank>1</CSValueRank></CSValue></CSItem><CSItem><CSItemCode>3006207</CSItemCode><CSItemName>sRGB</CSItemName><CSItemRank>17</CSItemRank><CSItemIsFreeFormat>1</CSItemIsFreeFormat><CSValue><CSValueCode>3031306</CSValueCode><CSValueName>SIM</CSValueName><CSValueRank>1</CSValueRank></CSValue></CSItem></CSChapter><CSChapter><CSChapterCode>3000813</CSChapterCode><CSChapterName>Conetividade</CSChapterName><CSChapterRank>2</CSChapterRank><CSItem><CSItemCode>3006576</CSItemCode><CSItemName>Entrada de sinal</CSItemName><CSItemRank>1</CSItemRank><CSItemIsFreeFormat>0</CSItemIsFreeFormat><CSValue><CSValueCode>3036216</CSValueCode><CSValueName>VGA (analógico)</CSValueName><CSValueRank>1</CSValueRank></CSValue><CSValue><CSValueCode>VA4056148</CSValueCode><CSValueName>DisplayPort 1.2</CSValueName><CSValueRank>2</CSValueRank></CSValue><CSValue><CSValueCode>VA4095923</CSValueCode><CSValueName>HDMI 1.4</CSValueName><CSValueRank>3</CSValueRank></CSValue></CSItem><CSItem><CSItemCode>3006583</CSItemCode><CSItemName>USB</CSItemName><CSItemRank>2</CSItemRank><CSItemIsFreeFormat>0</CSItemIsFreeFormat><CSValue><CSValueCode>VA4079202</CSValueCode><CSValueName>USB 3.0 x 2 (1 c/ carregamento rápido)*</CSValueName><CSValueRank>1</CSValueRank></CSValue></CSItem><CSItem><CSItemCode>3006588</CSItemCode><CSItemName>Entrada de sincronização</CSItemName><CSItemRank>3</CSItemRank><CSItemIsFreeFormat>0</CSItemIsFreeFormat><CSValue><CSValueCode>3032392</CSValueCode><CSValueName>Sincronização separada</CSValueName><CSValueRank>1</CSValueRank></CSValue><CSValue><CSValueCode>3032393</CSValueCode><CSValueName>Sincronização no verde</CSValueName><CSValueRank>2</CSValueRank></CSValue></CSItem><CSItem><CSItemCode>IT4005621</CSItemCode><CSItemName>Áudio (entrada/saída)</CSItemName><CSItemRank>4</CSItemRank><CSItemIsFreeFormat>0</CSItemIsFreeFormat><CSValue><CSValueCode>VA4025083</CSValueCode><CSValueName>Entrada de áudio do PC</CSValueName><CSValueRank>1</CSValueRank></CSValue><CSValue><CSValueCode>VA4025085</CSValueCode><CSValueName>Saída de auscultador</CSValueName><CSValueRank>2</CSValueRank></CSValue></CSItem></CSChapter><CSChapter><CSChapterCode>3000814</CSChapterCode><CSChapterName>Funcionalidades</CSChapterName><CSChapterRank>3</CSChapterRank><CSItem><CSItemCode>IT4014853</CSItemCode><CSItemName>Altifalantes incorporados</CSItemName><CSItemRank>1</CSItemRank><CSItemIsFreeFormat>1</CSItemIsFreeFormat><CSValue><CSValueCode>VA4028064</CSValueCode><CSValueName>2 W x 2</CSValueName><CSValueRank>1</CSValueRank></CSValue></CSItem><CSItem><CSItemCode>3006633</CSItemCode><CSItemName>Funcionalidades para o utilizador</CSItemName><CSItemRank>2</CSItemRank><CSItemIsFreeFormat>0</CSItemIsFreeFormat><CSValue><CSValueCode>VA4015428</CSValueCode><CSValueName>SmartImage</CSValueName><CSValueRank>1</CSValueRank></CSValue><CSValue><CSValueCode>VA4017358</CSValueCode><CSValueName>Entrada</CSValueName><CSValueRank>2</CSValueRank></CSValue><CSValue><CSValueCode>VA4022516</CSValueCode><CSValueName>PowerSensor</CSValueName><CSValueRank>3</CSValueRank></CSValue><CSValue><CSValueCode>VA4017357</CSValueCode><CSValueName>Menu</CSValueName><CSValueRank>4</CSValueRank></CSValue><CSValue><CSValueCode>VA4017554</CSValueCode><CSValueName>Ligar/desligar</CSValueName><CSValueRank>5</CSValueRank></CSValue><CSValue><CSValueCode>VA4096772</CSValueCode><CSValueName>Modo LowBlue</CSValueName><CSValueRank>6</CSValueRank></CSValue></CSItem><CSItem><CSItemCode>IT4019071</CSItemCode><CSItemName>Software de controlo</CSItemName><CSItemRank>3</CSItemRank><CSItemIsFreeFormat>0</CSItemIsFreeFormat><CSValue><CSValueCode>VA4085179</CSValueCode><CSValueName>SmartControl</CSValueName><CSValueRank>1</CSValueRank></CSValue></CSItem><CSItem><CSItemCode>3006693</CSItemCode><CSItemName>Idiomas do OSD</CSItemName><CSItemRank>4</CSItemRank><CSItemIsFreeFormat>0</CSItemIsFreeFormat><CSValue><CSValueCode>VA4065363</CSValueCode><CSValueName>Português do Brasil</CSValueName><CSValueRank>1</CSValueRank></CSValue><CSValue><CSValueCode>3034561</CSValueCode><CSValueName>Checo</CSValueName><CSValueRank>2</CSValueRank></CSValue><CSValue><CSValueCode>3034565</CSValueCode><CSValueName>Holandês</CSValueName><CSValueRank>3</CSValueRank></CSValue><CSValue><CSValueCode>3032771</CSValueCode><CSValueName>Inglês</CSValueName><CSValueRank>4</CSValueRank></CSValue><CSValue><CSValueCode>VA4063224</CSValueCode><CSValueName>Finlandês</CSValueName><CSValueRank>5</CSValueRank></CSValue><CSValue><CSValueCode>3032772</CSValueCode><CSValueName>Francês</CSValueName><CSValueRank>6</CSValueRank></CSValue><CSValue><CSValueCode>3032773</CSValueCode><CSValueName>Alemão</CSValueName><CSValueRank>7</CSValueRank></CSValue><CSValue><CSValueCode>VA4002508</CSValueCode><CSValueName>Grego</CSValueName><CSValueRank>8</CSValueRank></CSValue><CSValue><CSValueCode>3034563</CSValueCode><CSValueName>Húngaro</CSValueName><CSValueRank>9</CSValueRank></CSValue><CSValue><CSValueCode>3032774</CSValueCode><CSValueName>Italiano</CSValueName><CSValueRank>10</CSValueRank></CSValue><CSValue><CSValueCode>3038221</CSValueCode><CSValueName>Japonês</CSValueName><CSValueRank>11</CSValueRank></CSValue><CSValue><CSValueCode>3039946</CSValueCode><CSValueName>Coreano</CSValueName><CSValueRank>12</CSValueRank></CSValue><CSValue><CSValueCode>3034564</CSValueCode><CSValueName>Polaco</CSValueName><CSValueRank>13</CSValueRank></CSValue><CSValue><CSValueCode>3032775</CSValueCode><CSValueName>Português</CSValueName><CSValueRank>14</CSValueRank></CSValue><CSValue><CSValueCode>3032776</CSValueCode><CSValueName>Russo</CSValueName><CSValueRank>15</CSValueRank></CSValue><CSValue><CSValueCode>3034114</CSValueCode><CSValueName>Chinês Simplificado</CSValueName><CSValueRank>16</CSValueRank></CSValue><CSValue><CSValueCode>3032777</CSValueCode><CSValueName>Espanhol</CSValueName><CSValueRank>17</CSValueRank></CSValue><CSValue><CSValueCode>3034562</CSValueCode><CSValueName>Sueco</CSValueName><CSValueRank>18</CSValueRank></CSValue><CSValue><CSValueCode>3034115</CSValueCode><CSValueName>Chinês Tradicional</CSValueName><CSValueRank>19</CSValueRank></CSValue><CSValue><CSValueCode>3035749</CSValueCode><CSValueName>Turco</CSValueName><CSValueRank>20</CSValueRank></CSValue><CSValue><CSValueCode>VA4065364</CSValueCode><CSValueName>Ucraniano</CSValueName><CSValueRank>21</CSValueRank></CSValue></CSItem><CSItem><CSItemCode>3006694</CSItemCode><CSItemName>Outras funcionalidades</CSItemName><CSItemRank>5</CSItemRank><CSItemIsFreeFormat>0</CSItemIsFreeFormat><CSValue><CSValueCode>3032778</CSValueCode><CSValueName>Bloqueio Kensington</CSValueName><CSValueRank>1</CSValueRank></CSValue><CSValue><CSValueCode>VA4016754</CSValueCode><CSValueName>Suporte VESA (100x100 mm)</CSValueName><CSValueRank>2</CSValueRank></CSValue></CSItem><CSItem><CSItemCode>3006699</CSItemCode><CSItemName>Compatibilidade Plug &amp; Play</CSItemName><CSItemRank>6</CSItemRank><CSItemIsFreeFormat>0</CSItemIsFreeFormat><CSValue><CSValueCode>3043209</CSValueCode><CSValueName>DDC/CI</CSValueName><CSValueRank>1</CSValueRank></CSValue><CSValue><CSValueCode>3046249</CSValueCode><CSValueName>Mac OS X</CSValueName><CSValueRank>2</CSValueRank></CSValue><CSValue><CSValueCode>3032788</CSValueCode><CSValueName>sRGB</CSValueName><CSValueRank>3</CSValueRank></CSValue><CSValue><CSValueCode>VA4091311</CSValueCode><CSValueName>Windows 10/8.1/8/7</CSValueName><CSValueRank>4</CSValueRank></CSValue></CSItem></CSChapter><CSChapter><CSChapterCode>CH4000824</CSChapterCode><CSChapterName>Suporte</CSChapterName><CSChapterRank>4</CSChapterRank><CSItem><CSItemCode>IT4004951</CSItemCode><CSItemName>Ajuste da altura</CSItemName><CSItemRank>1</CSItemRank><CSItemIsFreeFormat>1</CSItemIsFreeFormat><CSValue><CSValueCode>VA4015656</CSValueCode><CSValueName>130</CSValueName><CSValueRank>1</CSValueRank></CSValue><UnitOfMeasure><UnitOfMeasureCode>3000058</UnitOfMeasureCode><UnitOfMeasureName>milímetros</UnitOfMeasureName><UnitOfMeasureSymbol>mm</UnitOfMeasureSymbol></UnitOfMeasure></CSItem><CSItem><CSItemCode>IT4004952</CSItemCode><CSItemName>Pivot</CSItemName><CSItemRank>2</CSItemRank><CSItemIsFreeFormat>1</CSItemIsFreeFormat><CSValue><CSValueCode>VA4015657</CSValueCode><CSValueName>90 graus</CSValueName><CSValueRank>1</CSValueRank></CSValue></CSItem><CSItem><CSItemCode>IT4004953</CSItemCode><CSItemName>Rotativo</CSItemName><CSItemRank>3</CSItemRank><CSItemIsFreeFormat>1</CSItemIsFreeFormat><CSValue><CSValueCode>VA4015658</CSValueCode><CSValueName>-175/+175</CSValueName><CSValueRank>1</CSValueRank></CSValue><UnitOfMeasure><UnitOfMeasureCode>3000042</UnitOfMeasureCode><UnitOfMeasureName>graus</UnitOfMeasureName><UnitOfMeasureSymbol>graus</UnitOfMeasureSymbol></UnitOfMeasure></CSItem><CSItem><CSItemCode>IT4004954</CSItemCode><CSItemName>Inclinação</CSItemName><CSItemRank>4</CSItemRank><CSItemIsFreeFormat>1</CSItemIsFreeFormat><CSValue><CSValueCode>VA4015659</CSValueCode><CSValueName>-5/20</CSValueName><CSValueRank>1</CSValueRank></CSValue><UnitOfMeasure><UnitOfMeasureCode>3000042</UnitOfMeasureCode><UnitOfMeasureName>graus</UnitOfMeasureName><UnitOfMeasureSymbol>graus</UnitOfMeasureSymbol></UnitOfMeasure></CSItem></CSChapter><CSChapter><CSChapterCode>3000821</CSChapterCode><CSChapterName>Potência</CSChapterName><CSChapterRank>5</CSChapterRank><CSItem><CSItemCode>IT4006562</CSItemCode><CSItemName>Modo ECO</CSItemName><CSItemRank>1</CSItemRank><CSItemIsFreeFormat>1</CSItemIsFreeFormat><CSValue><CSValueCode>VA4017986</CSValueCode><CSValueName>10,7 W (típ.)</CSValueName><CSValueRank>1</CSValueRank></CSValue></CSItem><CSItem><CSItemCode>IT4005861</CSItemCode><CSItemName>Modo ligado</CSItemName><CSItemRank>2</CSItemRank><CSItemIsFreeFormat>1</CSItemIsFreeFormat><CSValue><CSValueCode>VA4017025</CSValueCode><CSValueName>14,6 W (tip.) (Método de teste EnergyStar 7.0)</CSValueName><CSValueRank>1</CSValueRank></CSValue></CSItem><CSItem><CSItemCode>IT4006150</CSItemCode><CSItemName>Modo de espera</CSItemName><CSItemRank>3</CSItemRank><CSItemIsFreeFormat>1</CSItemIsFreeFormat><CSValue><CSValueCode>VA4017360</CSValueCode><CSValueName>&lt;0,3 W (típ.)</CSValueName><CSValueRank>1</CSValueRank></CSValue></CSItem><CSItem><CSItemCode>IT4006081</CSItemCode><CSItemName>Modo desligado</CSItemName><CSItemRank>4</CSItemRank><CSItemIsFreeFormat>1</CSItemIsFreeFormat><CSValue><CSValueCode>VA4017285</CSValueCode><CSValueName>Zero watts com interruptor de consumo zero</CSValueName><CSValueRank>1</CSValueRank></CSValue></CSItem><CSItem><CSItemCode>3006931</CSItemCode><CSItemName>Indicador LED de energia</CSItemName><CSItemRank>5</CSItemRank><CSItemIsFreeFormat>0</CSItemIsFreeFormat><CSValue><CSValueCode>VA4015465</CSValueCode><CSValueName>Funcionamento - branco</CSValueName><CSValueRank>1</CSValueRank></CSValue><CSValue><CSValueCode>VA4017406</CSValueCode><CSValueName>Modo de espera - branco (intermitente)</CSValueName><CSValueRank>2</CSValueRank></CSValue></CSItem><CSItem><CSItemCode>3006932</CSItemCode><CSItemName>Fonte de alimentação</CSItemName><CSItemRank>6</CSItemRank><CSItemIsFreeFormat>0</CSItemIsFreeFormat><CSValue><CSValueCode>3033321</CSValueCode><CSValueName>Incorporado</CSValueName><CSValueRank>1</CSValueRank></CSValue><CSValue><CSValueCode>VA4050622</CSValueCode><CSValueName>100-240 V CA, 50-60 Hz</CSValueName><CSValueRank>2</CSValueRank></CSValue></CSItem></CSChapter><CSChapter><CSChapterCode>3000820</CSChapterCode><CSChapterName>Dimensões</CSChapterName><CSChapterRank>6</CSChapterRank><CSItem><CSItemCode>IT4027351</CSItemCode><CSItemName>Produto com suporte (altura máx.)</CSItemName><CSItemRank>1</CSItemRank><CSItemIsFreeFormat>1</CSItemIsFreeFormat><CSValue><CSValueCode>VA4064381</CSValueCode><CSValueName>490 x 473 x 220</CSValueName><CSValueRank>1</CSValueRank></CSValue><UnitOfMeasure><UnitOfMeasureCode>3000058</UnitOfMeasureCode><UnitOfMeasureName>milímetros</UnitOfMeasureName><UnitOfMeasureSymbol>mm</UnitOfMeasureSymbol></UnitOfMeasure></CSItem><CSItem><CSItemCode>IT4005765</CSItemCode><CSItemName>Produto sem suporte (mm)</CSItemName><CSItemRank>2</CSItemRank><CSItemIsFreeFormat>1</CSItemIsFreeFormat><CSValue><CSValueCode>VA4016931</CSValueCode><CSValueName>490 x 302 x 52</CSValueName><CSValueRank>1</CSValueRank></CSValue><UnitOfMeasure><UnitOfMeasureCode>3000058</UnitOfMeasureCode><UnitOfMeasureName>milímetros</UnitOfMeasureName><UnitOfMeasureSymbol>mm</UnitOfMeasureSymbol></UnitOfMeasure></CSItem><CSItem><CSItemCode>IT4005766</CSItemCode><CSItemName>Embalagem em mm (LxAxP)</CSItemName><CSItemRank>3</CSItemRank><CSItemIsFreeFormat>1</CSItemIsFreeFormat><CSValue><CSValueCode>VA4016932</CSValueCode><CSValueName>552 x 464 x 187</CSValueName><CSValueRank>1</CSValueRank></CSValue><UnitOfMeasure><UnitOfMeasureCode>3000058</UnitOfMeasureCode><UnitOfMeasureName>milímetros</UnitOfMeasureName><UnitOfMeasureSymbol>mm</UnitOfMeasureSymbol></UnitOfMeasure></CSItem></CSChapter><CSChapter><CSChapterCode>CH4000702</CSChapterCode><CSChapterName>Peso</CSChapterName><CSChapterRank>7</CSChapterRank><CSItem><CSItemCode>IT4005770</CSItemCode><CSItemName>Produto com suporte (kg)</CSItemName><CSItemRank>1</CSItemRank><CSItemIsFreeFormat>1</CSItemIsFreeFormat><CSValue><CSValueCode>VA4016936</CSValueCode><CSValueName>5,08</CSValueName><CSValueRank>1</CSValueRank></CSValue><UnitOfMeasure><UnitOfMeasureCode>3000049</UnitOfMeasureCode><UnitOfMeasureName>quilogramas</UnitOfMeasureName><UnitOfMeasureSymbol>kg</UnitOfMeasureSymbol></UnitOfMeasure></CSItem><CSItem><CSItemCode>IT4005771</CSItemCode><CSItemName>Produto sem suporte (kg)</CSItemName><CSItemRank>2</CSItemRank><CSItemIsFreeFormat>1</CSItemIsFreeFormat><CSValue><CSValueCode>VA4016937</CSValueCode><CSValueName>2,98</CSValueName><CSValueRank>1</CSValueRank></CSValue><UnitOfMeasure><UnitOfMeasureCode>3000049</UnitOfMeasureCode><UnitOfMeasureName>quilogramas</UnitOfMeasureName><UnitOfMeasureSymbol>kg</UnitOfMeasureSymbol></UnitOfMeasure></CSItem><CSItem><CSItemCode>IT4005772</CSItemCode><CSItemName>Produto com embalagem (kg)</CSItemName><CSItemRank>3</CSItemRank><CSItemIsFreeFormat>1</CSItemIsFreeFormat><CSValue><CSValueCode>VA4016938</CSValueCode><CSValueName>7,05</CSValueName><CSValueRank>1</CSValueRank></CSValue><UnitOfMeasure><UnitOfMeasureCode>3000049</UnitOfMeasureCode><UnitOfMeasureName>quilogramas</UnitOfMeasureName><UnitOfMeasureSymbol>kg</UnitOfMeasureSymbol></UnitOfMeasure></CSItem></CSChapter><CSChapter><CSChapterCode>CH4000823</CSChapterCode><CSChapterName>Condições de funcionamento</CSChapterName><CSChapterRank>8</CSChapterRank><CSItem><CSItemCode>IT4004946</CSItemCode><CSItemName>Limite de temperaturas (funcionamento)</CSItemName><CSItemRank>1</CSItemRank><CSItemIsFreeFormat>1</CSItemIsFreeFormat><CSValue><CSValueCode>VA4015651</CSValueCode><CSValueName>0 °C a 40 °C</CSValueName><CSValueRank>1</CSValueRank></CSValue><UnitOfMeasure><UnitOfMeasureCode>3000081</UnitOfMeasureCode><UnitOfMeasureName>graus Celsius</UnitOfMeasureName><UnitOfMeasureSymbol>°C</UnitOfMeasureSymbol></UnitOfMeasure></CSItem><CSItem><CSItemCode>IT4004947</CSItemCode><CSItemName>Limite de temperaturas (armazenamento)</CSItemName><CSItemRank>2</CSItemRank><CSItemIsFreeFormat>1</CSItemIsFreeFormat><CSValue><CSValueCode>VA4015652</CSValueCode><CSValueName>-20 °C a 60 °C</CSValueName><CSValueRank>1</CSValueRank></CSValue><UnitOfMeasure><UnitOfMeasureCode>3000081</UnitOfMeasureCode><UnitOfMeasureName>graus Celsius</UnitOfMeasureName><UnitOfMeasureSymbol>°C</UnitOfMeasureSymbol></UnitOfMeasure></CSItem><CSItem><CSItemCode>IT4004948</CSItemCode><CSItemName>Humidade relativa</CSItemName><CSItemRank>3</CSItemRank><CSItemIsFreeFormat>1</CSItemIsFreeFormat><CSValue><CSValueCode>VA4015653</CSValueCode><CSValueName>20%-80</CSValueName><CSValueRank>1</CSValueRank></CSValue><UnitOfMeasure><UnitOfMeasureCode>3000065</UnitOfMeasureCode><UnitOfMeasureName>percentagem</UnitOfMeasureName><UnitOfMeasureSymbol>%</UnitOfMeasureSymbol></UnitOfMeasure></CSItem><CSItem><CSItemCode>IT4023612</CSItemCode><CSItemName>Altitude</CSItemName><CSItemRank>4</CSItemRank><CSItemIsFreeFormat>1</CSItemIsFreeFormat><CSValue><CSValueCode>VA4054761</CSValueCode><CSValueName>Ligado: +12 000 pés (3658 m), Desligado: +40 000 pés (12 192 m)</CSValueName><CSValueRank>1</CSValueRank></CSValue></CSItem><CSItem><CSItemCode>IT4036063</CSItemCode><CSItemName>MTBF (demonstrado)</CSItemName><CSItemRank>5</CSItemRank><CSItemIsFreeFormat>1</CSItemIsFreeFormat><CSValue><CSValueCode>VA4083919</CSValueCode><CSValueName>70 000 horas (excluindo retroiluminação)</CSValueName><CSValueRank>1</CSValueRank></CSValue></CSItem></CSChapter><CSChapter><CSChapterCode>CH4000822</CSChapterCode><CSChapterName>Sustentabilidade</CSChapterName><CSChapterRank>9</CSChapterRank><CSItem><CSItemCode>IT4004941</CSItemCode><CSItemName>Ecologia e energia</CSItemName><CSItemRank>1</CSItemRank><CSItemIsFreeFormat>0</CSItemIsFreeFormat><CSValue><CSValueCode>VA4042542</CSValueCode><CSValueName>PowerSensor</CSValueName><CSValueRank>1</CSValueRank></CSValue><CSValue><CSValueCode>VA4094404</CSValueCode><CSValueName>EnergyStar 7.0</CSValueName><CSValueRank>2</CSValueRank></CSValue><CSValue><CSValueCode>VA4060101</CSValueCode><CSValueName>EPEAT Gold*</CSValueName><CSValueRank>3</CSValueRank></CSValue><CSValue><CSValueCode>VA4039413</CSValueCode><CSValueName>TCO Edge</CSValueName><CSValueRank>4</CSValueRank></CSValue><CSValue><CSValueCode>VA4015645</CSValueCode><CSValueName>ROHS</CSValueName><CSValueRank>5</CSValueRank></CSValue></CSItem><CSItem><CSItemCode>IT4004944</CSItemCode><CSItemName>Material de embalagem reciclável</CSItemName><CSItemRank>2</CSItemRank><CSItemIsFreeFormat>1</CSItemIsFreeFormat><CSValue><CSValueCode>VA4015649</CSValueCode><CSValueName>100</CSValueName><CSValueRank>1</CSValueRank></CSValue><UnitOfMeasure><UnitOfMeasureCode>3000065</UnitOfMeasureCode><UnitOfMeasureName>percentagem</UnitOfMeasureName><UnitOfMeasureSymbol>%</UnitOfMeasureSymbol></UnitOfMeasure></CSItem><CSItem><CSItemCode>IT4019073</CSItemCode><CSItemName>Plástico reciclado pós-consumo</CSItemName><CSItemRank>3</CSItemRank><CSItemIsFreeFormat>0</CSItemIsFreeFormat><CSValue><CSValueCode>VA4093453</CSValueCode><CSValueName>85%</CSValueName><CSValueRank>1</CSValueRank></CSValue></CSItem><CSItem><CSItemCode>IT4018633</CSItemCode><CSItemName>Substâncias específicas</CSItemName><CSItemRank>4</CSItemRank><CSItemIsFreeFormat>0</CSItemIsFreeFormat><CSValue><CSValueCode>VA4039543</CSValueCode><CSValueName>Estrutura sem PVC/BFR</CSValueName><CSValueRank>1</CSValueRank></CSValue><CSValue><CSValueCode>VA4042544</CSValueCode><CSValueName>Sem mercúrio</CSValueName><CSValueRank>2</CSValueRank></CSValue><CSValue><CSValueCode>VA4042543</CSValueCode><CSValueName>Sem chumbo</CSValueName><CSValueRank>3</CSValueRank></CSValue></CSItem></CSChapter><CSChapter><CSChapterCode>CH4001161</CSChapterCode><CSChapterName>Conformidade e normas</CSChapterName><CSChapterRank>10</CSChapterRank><CSItem><CSItemCode>IT4006152</CSItemCode><CSItemName>Aprovações regulamentares</CSItemName><CSItemRank>1</CSItemRank><CSItemIsFreeFormat>0</CSItemIsFreeFormat><CSValue><CSValueCode>VA4017361</CSValueCode><CSValueName>Marca CE</CSValueName><CSValueRank>1</CSValueRank></CSValue><CSValue><CSValueCode>VA4027482</CSValueCode><CSValueName>FCC Classe B</CSValueName><CSValueRank>2</CSValueRank></CSValue><CSValue><CSValueCode>VA4017365</CSValueCode><CSValueName>SEMKO</CSValueName><CSValueRank>3</CSValueRank></CSValue><CSValue><CSValueCode>VA4064941</CSValueCode><CSValueName>cETLus</CSValueName><CSValueRank>4</CSValueRank></CSValue><CSValue><CSValueCode>VA4083906</CSValueCode><CSValueName>CU-EAC</CSValueName><CSValueRank>5</CSValueRank></CSValue><CSValue><CSValueCode>VA4093262</CSValueCode><CSValueName>TCO Edge</CSValueName><CSValueRank>6</CSValueRank></CSValue><CSValue><CSValueCode>VA4017369</CSValueCode><CSValueName>TUV Ergo</CSValueName><CSValueRank>7</CSValueRank></CSValue><CSValue><CSValueCode>VA4017368</CSValueCode><CSValueName>TUV/GS</CSValueName><CSValueRank>8</CSValueRank></CSValue><CSValue><CSValueCode>VA4033547</CSValueCode><CSValueName>WEEE</CSValueName><CSValueRank>9</CSValueRank></CSValue><CSValue><CSValueCode>VA4054941</CSValueCode><CSValueName>EPA</CSValueName><CSValueRank>10</CSValueRank></CSValue><CSValue><CSValueCode>VA4083905</CSValueCode><CSValueName>ICES-003</CSValueName><CSValueRank>11</CSValueRank></CSValue><CSValue><CSValueCode>VA4084843</CSValueCode><CSValueName>KUCAS</CSValueName><CSValueRank>12</CSValueRank></CSValue><CSValue><CSValueCode>VA4033550</CSValueCode><CSValueName>SASO</CSValueName><CSValueRank>13</CSValueRank></CSValue><CSValue><CSValueCode>VA4085218</CSValueCode><CSValueName>UCRANIANO</CSValueName><CSValueRank>14</CSValueRank></CSValue></CSItem></CSChapter><CSChapter><CSChapterCode>CH4000825</CSChapterCode><CSChapterName>Estrutura</CSChapterName><CSChapterRank>11</CSChapterRank><CSItem><CSItemCode>IT4019074</CSItemCode><CSItemName>Moldura frontal</CSItemName><CSItemRank>1</CSItemRank><CSItemIsFreeFormat>1</CSItemIsFreeFormat><CSValue><CSValueCode>VA4042547</CSValueCode><CSValueName>Preto</CSValueName><CSValueRank>1</CSValueRank></CSValue></CSItem><CSItem><CSItemCode>IT4019075</CSItemCode><CSItemName>Cobertura posterior</CSItemName><CSItemRank>2</CSItemRank><CSItemIsFreeFormat>1</CSItemIsFreeFormat><CSValue><CSValueCode>VA4042548</CSValueCode><CSValueName>Preto</CSValueName><CSValueRank>1</CSValueRank></CSValue></CSItem><CSItem><CSItemCode>IT4019076</CSItemCode><CSItemName>Base</CSItemName><CSItemRank>3</CSItemRank><CSItemIsFreeFormat>1</CSItemIsFreeFormat><CSValue><CSValueCode>VA4042549</CSValueCode><CSValueName>Preto</CSValueName><CSValueRank>1</CSValueRank></CSValue></CSItem><CSItem><CSItemCode>IT4004956</CSItemCode><CSItemName>Acabamento</CSItemName><CSItemRank>4</CSItemRank><CSItemIsFreeFormat>1</CSItemIsFreeFormat><CSValue><CSValueCode>VA4015661</CSValueCode><CSValueName>Textura</CSValueName><CSValueRank>1</CSValueRank></CSValue></CSItem></CSChapter><CSChapter><CSChapterCode>CH4008581</CSChapterCode><CSChapterName>Conteúdo da embalagem</CSChapterName><CSChapterRank>13</CSChapterRank><CSItem><CSItemCode>IT4040999</CSItemCode><CSItemName>Monitor com suporte</CSItemName><CSItemRank>1</CSItemRank><CSItemIsFreeFormat>1</CSItemIsFreeFormat><CSValue><CSValueCode>VA4095569</CSValueCode><CSValueName>SIM</CSValueName><CSValueRank>1</CSValueRank></CSValue></CSItem><CSItem><CSItemCode>IT4041000</CSItemCode><CSItemName>Cabos</CSItemName><CSItemRank>2</CSItemRank><CSItemIsFreeFormat>1</CSItemIsFreeFormat><CSValue><CSValueCode>VA4095570</CSValueCode><CSValueName>Cabo D-Sub, cabo DP, cabo áudio, cabo de alimentação</CSValueName><CSValueRank>1</CSValueRank></CSValue></CSItem><CSItem><CSItemCode>IT4041030</CSItemCode><CSItemName>Documentação do utilizador</CSItemName><CSItemRank>3</CSItemRank><CSItemIsFreeFormat>1</CSItemIsFreeFormat><CSValue><CSValueCode>VA4095604</CSValueCode><CSValueName>SIM</CSValueName><CSValueRank>1</CSValueRank></CSValue></CSItem></CSChapter><Filters><Purpose type="Comparison"><Features><Feature code="F400066642" rank="1" referenceName="IPS technology (with Pivot)"/><Feature code="F400079049" rank="2" referenceName="UltraNarrow Border_3 sides frameless"/><Feature code="F400035289" rank="3" referenceName="M4 SmartImage"/><Feature code="F400078929" rank="4" referenceName="LowBlue Mode"/><Feature code="F400067665" rank="5" referenceName="Flicker-free technology"/><Feature code="F400035325" rank="6" referenceName="SmartErgoBase"/><Feature code="F400035281" rank="7" referenceName="Built-in stereo speakers for multimedia"/><Feature code="F400056166" rank="8" referenceName="SmartConnect with DisplayPort, HDMI and VGA connections"/><Feature code="F400035276" rank="9" referenceName="M4 PowerSensor"/><Feature code="F400048346" rank="10" referenceName="USB 3.0 enables fast data transfers and smart phone charging"/><Feature code="F400076291" rank="11" referenceName="TCO Edge_85%"/></Features><CSItems><CSItem code="3006169" rank="1" referenceName="Imagem/visualização - Tipo de painel LCD"/><CSItem code="3006576" rank="1" referenceName="Conetividade - Entrada de sinal"/><CSItem code="IT4014853" rank="1" referenceName="Funcionalidades - Altifalantes incorporados"/><CSItem code="IT4004951" rank="1" referenceName="Suporte - Ajuste da altura"/><CSItem code="IT4006562" rank="1" referenceName="Potência - Modo ECO"/><CSItem code="IT4027351" rank="1" referenceName="Dimensões - Produto com suporte (altura máx.)"/><CSItem code="IT4005770" rank="1" referenceName="Peso - Produto com suporte (kg)"/><CSItem code="IT4004946" rank="1" referenceName="Condições de funcionamento - Limite de temperaturas (funcionamento)"/><CSItem code="IT4004941" rank="1" referenceName="Sustentabilidade - Ecologia e energia"/><CSItem code="IT4006152" rank="1" referenceName="Conformidade e normas - Aprovações regulamentares"/><CSItem code="IT4019074" rank="1" referenceName="Estrutura - Moldura frontal"/><CSItem code="IT4040999" rank="1" referenceName="Conteúdo da embalagem - Monitor com suporte"/><CSItem code="IT4007209" rank="2" referenceName="Imagem/visualização - Tipo de retroiluminação"/><CSItem code="3006583" rank="2" referenceName="Conetividade - USB"/><CSItem code="3006633" rank="2" referenceName="Funcionalidades - Funcionalidades para o utilizador"/><CSItem code="IT4004952" rank="2" referenceName="Suporte - Pivot"/><CSItem code="IT4005861" rank="2" referenceName="Potência - Modo ligado"/><CSItem code="IT4005765" rank="2" referenceName="Dimensões - Produto sem suporte (mm)"/><CSItem code="IT4005771" rank="2" referenceName="Peso - Produto sem suporte (kg)"/><CSItem code="IT4004947" rank="2" referenceName="Condições de funcionamento - Limite de temperaturas (armazenamento)"/><CSItem code="IT4004944" rank="2" referenceName="Sustentabilidade - Material de embalagem reciclável"/><CSItem code="IT4019075" rank="2" referenceName="Estrutura - Cobertura posterior"/><CSItem code="IT4041000" rank="2" referenceName="Conteúdo da embalagem - Cabos"/><CSItem code="3006180" rank="3" referenceName="Imagem/visualização - Tamanho do painel"/><CSItem code="3006588" rank="3" referenceName="Conetividade - Entrada de sincronização"/><CSItem code="IT4019071" rank="3" referenceName="Funcionalidades - Software de controlo"/><CSItem code="IT4004953" rank="3" referenceName="Suporte - Rotativo"/><CSItem code="IT4006150" rank="3" referenceName="Potência - Modo de espera"/><CSItem code="IT4005766" rank="3" referenceName="Dimensões - Embalagem em mm (LxAxP)"/><CSItem code="IT4005772" rank="3" referenceName="Peso - Produto com embalagem (kg)"/><CSItem code="IT4004948" rank="3" referenceName="Condições de funcionamento - Humidade relativa"/><CSItem code="IT4019073" rank="3" referenceName="Sustentabilidade - Plástico reciclado pós-consumo"/><CSItem code="IT4019076" rank="3" referenceName="Estrutura - Base"/><CSItem code="IT4041030" rank="3" referenceName="Conteúdo da embalagem - Documentação do utilizador"/><CSItem code="3006149" rank="4" referenceName="Imagem/visualização - Área de visualização efectiva"/><CSItem code="IT4005621" rank="4" referenceName="Conetividade - Áudio (entrada/saída)"/><CSItem code="3006693" rank="4" referenceName="Funcionalidades - Idiomas do OSD"/><CSItem code="IT4004954" rank="4" referenceName="Suporte - Inclinação"/><CSItem code="IT4006081" rank="4" referenceName="Potência - Modo desligado"/><CSItem code="IT4023612" rank="4" referenceName="Condições de funcionamento - Altitude"/><CSItem code="IT4018633" rank="4" referenceName="Sustentabilidade - Substâncias específicas"/><CSItem code="IT4004956" rank="4" referenceName="Estrutura - Acabamento"/><CSItem code="3006121" rank="5" referenceName="Imagem/visualização - Rácio de visualização"/><CSItem code="3006694" rank="5" referenceName="Funcionalidades - Outras funcionalidades"/><CSItem code="3006931" rank="5" referenceName="Potência - Indicador LED de energia"/><CSItem code="IT4036063" rank="5" referenceName="Condições de funcionamento - MTBF (demonstrado)"/><CSItem code="3006193" rank="6" referenceName="Imagem/visualização - Óptima resolução"/><CSItem code="3006699" rank="6" referenceName="Funcionalidades - Compatibilidade Plug &amp; Play"/><CSItem code="3006932" rank="6" referenceName="Potência - Fonte de alimentação"/><CSItem code="IT4039893" rank="7" referenceName="Imagem/visualização - Tempo de resposta (típico)"/><CSItem code="3006127" rank="8" referenceName="Imagem/visualização - Brilho"/><CSItem code="3006133" rank="9" referenceName="Imagem/visualização - Rácio de contraste (típico)"/><CSItem code="IT4006148" rank="10" referenceName="Imagem/visualização - SmartContrast"/><CSItem code="3006186" rank="11" referenceName="Imagem/visualização - Densidades de píxeis"/><CSItem code="3007518" rank="12" referenceName="Imagem/visualização - Ângulo de visualização"/><CSItem code="IT4036934" rank="13" referenceName="Imagem/visualização - Sem cintilação"/><CSItem code="3006183" rank="14" referenceName="Imagem/visualização - Melhoramento de imagem"/><CSItem code="3006143" rank="15" referenceName="Imagem/visualização - Cores do ecrã"/><CSItem code="IT4006149" rank="16" referenceName="Imagem/visualização - Frequência de varrimento"/><CSItem code="3006207" rank="17" referenceName="Imagem/visualização - sRGB"/></CSItems></Purpose><Purpose type="Detail"><Features><Feature code="F400066642" rank="1" referenceName="IPS technology (with Pivot)"/><Feature code="F400079049" rank="2" referenceName="UltraNarrow Border_3 sides frameless"/><Feature code="F400035289" rank="3" referenceName="M4 SmartImage"/><Feature code="F400078929" rank="4" referenceName="LowBlue Mode"/><Feature code="F400067665" rank="5" referenceName="Flicker-free technology"/><Feature code="F400035325" rank="6" referenceName="SmartErgoBase"/><Feature code="F400035281" rank="7" referenceName="Built-in stereo speakers for multimedia"/><Feature code="F400056166" rank="8" referenceName="SmartConnect with DisplayPort, HDMI and VGA connections"/><Feature code="F400035276" rank="9" referenceName="M4 PowerSensor"/><Feature code="F400048346" rank="10" referenceName="USB 3.0 enables fast data transfers and smart phone charging"/><Feature code="F400076291" rank="11" referenceName="TCO Edge_85%"/></Features><CSItems><CSItem code="3006169" rank="1" referenceName="Imagem/visualização - Tipo de painel LCD"/><CSItem code="3006576" rank="1" referenceName="Conetividade - Entrada de sinal"/><CSItem code="IT4014853" rank="1" referenceName="Funcionalidades - Altifalantes incorporados"/><CSItem code="IT4004951" rank="1" referenceName="Suporte - Ajuste da altura"/><CSItem code="IT4006562" rank="1" referenceName="Potência - Modo ECO"/><CSItem code="IT4027351" rank="1" referenceName="Dimensões - Produto com suporte (altura máx.)"/><CSItem code="IT4005770" rank="1" referenceName="Peso - Produto com suporte (kg)"/><CSItem code="IT4004946" rank="1" referenceName="Condições de funcionamento - Limite de temperaturas (funcionamento)"/><CSItem code="IT4004941" rank="1" referenceName="Sustentabilidade - Ecologia e energia"/><CSItem code="IT4006152" rank="1" referenceName="Conformidade e normas - Aprovações regulamentares"/><CSItem code="IT4019074" rank="1" referenceName="Estrutura - Moldura frontal"/><CSItem code="IT4040999" rank="1" referenceName="Conteúdo da embalagem - Monitor com suporte"/><CSItem code="IT4007209" rank="2" referenceName="Imagem/visualização - Tipo de retroiluminação"/><CSItem code="3006583" rank="2" referenceName="Conetividade - USB"/><CSItem code="3006633" rank="2" referenceName="Funcionalidades - Funcionalidades para o utilizador"/><CSItem code="IT4004952" rank="2" referenceName="Suporte - Pivot"/><CSItem code="IT4005861" rank="2" referenceName="Potência - Modo ligado"/><CSItem code="IT4005765" rank="2" referenceName="Dimensões - Produto sem suporte (mm)"/><CSItem code="IT4005771" rank="2" referenceName="Peso - Produto sem suporte (kg)"/><CSItem code="IT4004947" rank="2" referenceName="Condições de funcionamento - Limite de temperaturas (armazenamento)"/><CSItem code="IT4004944" rank="2" referenceName="Sustentabilidade - Material de embalagem reciclável"/><CSItem code="IT4019075" rank="2" referenceName="Estrutura - Cobertura posterior"/><CSItem code="IT4041000" rank="2" referenceName="Conteúdo da embalagem - Cabos"/><CSItem code="3006180" rank="3" referenceName="Imagem/visualização - Tamanho do painel"/><CSItem code="3006588" rank="3" referenceName="Conetividade - Entrada de sincronização"/><CSItem code="IT4019071" rank="3" referenceName="Funcionalidades - Software de controlo"/><CSItem code="IT4004953" rank="3" referenceName="Suporte - Rotativo"/><CSItem code="IT4006150" rank="3" referenceName="Potência - Modo de espera"/><CSItem code="IT4005766" rank="3" referenceName="Dimensões - Embalagem em mm (LxAxP)"/><CSItem code="IT4005772" rank="3" referenceName="Peso - Produto com embalagem (kg)"/><CSItem code="IT4004948" rank="3" referenceName="Condições de funcionamento - Humidade relativa"/><CSItem code="IT4019073" rank="3" referenceName="Sustentabilidade - Plástico reciclado pós-consumo"/><CSItem code="IT4019076" rank="3" referenceName="Estrutura - Base"/><CSItem code="IT4041030" rank="3" referenceName="Conteúdo da embalagem - Documentação do utilizador"/><CSItem code="3006149" rank="4" referenceName="Imagem/visualização - Área de visualização efectiva"/><CSItem code="IT4005621" rank="4" referenceName="Conetividade - Áudio (entrada/saída)"/><CSItem code="3006693" rank="4" referenceName="Funcionalidades - Idiomas do OSD"/><CSItem code="IT4004954" rank="4" referenceName="Suporte - Inclinação"/><CSItem code="IT4006081" rank="4" referenceName="Potência - Modo desligado"/><CSItem code="IT4023612" rank="4" referenceName="Condições de funcionamento - Altitude"/><CSItem code="IT4018633" rank="4" referenceName="Sustentabilidade - Substâncias específicas"/><CSItem code="IT4004956" rank="4" referenceName="Estrutura - Acabamento"/><CSItem code="3006121" rank="5" referenceName="Imagem/visualização - Rácio de visualização"/><CSItem code="3006694" rank="5" referenceName="Funcionalidades - Outras funcionalidades"/><CSItem code="3006931" rank="5" referenceName="Potência - Indicador LED de energia"/><CSItem code="IT4036063" rank="5" referenceName="Condições de funcionamento - MTBF (demonstrado)"/><CSItem code="3006193" rank="6" referenceName="Imagem/visualização - Óptima resolução"/><CSItem code="3006699" rank="6" referenceName="Funcionalidades - Compatibilidade Plug &amp; Play"/><CSItem code="3006932" rank="6" referenceName="Potência - Fonte de alimentação"/><CSItem code="IT4039893" rank="7" referenceName="Imagem/visualização - Tempo de resposta (típico)"/><CSItem code="3006127" rank="8" referenceName="Imagem/visualização - Brilho"/><CSItem code="3006133" rank="9" referenceName="Imagem/visualização - Rácio de contraste (típico)"/><CSItem code="IT4006148" rank="10" referenceName="Imagem/visualização - SmartContrast"/><CSItem code="3006186" rank="11" referenceName="Imagem/visualização - Densidades de píxeis"/><CSItem code="3007518" rank="12" referenceName="Imagem/visualização - Ângulo de visualização"/><CSItem code="IT4036934" rank="13" referenceName="Imagem/visualização - Sem cintilação"/><CSItem code="3006183" rank="14" referenceName="Imagem/visualização - Melhoramento de imagem"/><CSItem code="3006143" rank="15" referenceName="Imagem/visualização - Cores do ecrã"/><CSItem code="IT4006149" rank="16" referenceName="Imagem/visualização - Frequência de varrimento"/><CSItem code="3006207" rank="17" referenceName="Imagem/visualização - sRGB"/></CSItems></Purpose></Filters><FeatureCompareGroups/><Disclaimers><Disclaimer code="DIS40004221" rank="1" referenceName="IPS technology"><DisclaimerText>O logótipo de texto/marca comercial "IPS" e patentes relacionadas com estas tecnologias pertencem aos seus respectivos proprietários.</DisclaimerText><DisclaimElements/></Disclaimer><Disclaimer code="DIS40004161" rank="2" referenceName="EPEAT Gold_Silver*"><DisclaimerText>O EPEAT de nível Gold ou Silver é válido apenas nos locais onde a Philips regista o produto. Visite www.epeat.net para consultar o estado do registo no seu país.</DisclaimerText><DisclaimElements/></Disclaimer><Disclaimer code="DIS40009251" rank="3" referenceName="Fast charging"><DisclaimerText>Carregamento rápido em conformidade com a norma USB BC 1.2</DisclaimerText><DisclaimElements/></Disclaimer><Disclaimer code="DIS40009731" rank="4" referenceName="Response time value equal to SmartResponse"><DisclaimerText>Valor do tempo de resposta igual a SmartResponse</DisclaimerText><DisclaimElements/></Disclaimer></Disclaimers><RichTexts/></Product></Products>