<?xml version="1.0" encoding="UTF-8"?><Products xmlns:source="http://apache.org/cocoon/source/1.0" DocStatus="approved" DocTimeStamp="2018-10-13T06:26:08"><Product Country="PT" IsAccessory="false" IsLocalized="true" IsMaster="false" Locale="pt_PT" lastModified="2018-10-11T04:30:02" masterLastModified="2018-10-05T00:35:25"><CTN>5039317P0</CTN><Code12NC>915005420201</Code12NC><GTIN>8718696160565</GTIN><MarketingVersion>1.0.1</MarketingVersion><MarketingStatus>Final Published</MarketingStatus><CRDate>2016-11-11</CRDate><CRDateYW>201646</CRDateYW><ModelYears><ModelYear>2016</ModelYear></ModelYears><ProductDivision><ProductDivisionCode>0100</ProductDivisionCode><ProductDivisionName>Lighting</ProductDivisionName><FormerPDCode>0100</FormerPDCode></ProductDivision><ProductOwner>Steffie van der Velden</ProductOwner><DTN>50393/17/P0</DTN><Catalog><StartOfPublication>2017-02-20T00:00:00</StartOfPublication><EndOfPublication>2300-01-01T00:00:00</EndOfPublication><StartOfSales>2017-02-20T00:00:00</StartOfSales><EndOfSales>2300-01-01T00:00:00</EndOfSales><DummyPrice/><Deleted>false</Deleted><DeleteAfterDate/><ProductRank>50</ProductRank></Catalog><FinancialCategorization><BusinessGroupCode>9016</BusinessGroupCode><BusinessGroupName>LumiLeds</BusinessGroupName><BusinessUnitCode>9112</BusinessUnitCode><BusinessUnitName>General Illumination</BusinessUnitName><MainArticleGroupCode>K30</MainArticleGroupCode><MainArticleGroupName>Lighting CoB</MainArticleGroupName><ArticleGroupCode>9109</ArticleGroupCode><ArticleGroupName>LUXEON CoB 7104 CER</ArticleGroupName></FinancialCategorization><Categorization type="CONSUMER"><GroupCode>LIGHTING_GR</GroupCode><GroupName>Lighting</GroupName><CategoryCode>CHOOSE_YOUR_LUMINAIRE_CA</CategoryCode><CategoryName>Choose a fixture</CategoryName><SubcategoryCode>CONCEPT_MYLIVING_SU</SubcategoryCode><SubcategoryName>myLiving</SubcategoryName></Categorization><Assets><Asset code="5039317P0" description="Retail Trade Leaflet" extension="pdf" lastModified="2018-10-09" locale="pt_PT" number="001" type="RTL">http://download.p4c.philips.com/files/5/5039317p0/5039317p0_rtl_porpt.pdf</Asset><Asset code="5039317P0" description="Leaflet" extension="pdf" lastModified="2018-10-06" locale="global" number="001" type="PSS">http://download.p4c.philips.com/files/5/5039317p0/5039317p0_pss_.pdf</Asset><Asset code="5039317P0" description="Single product shot" extension="" lastModified="2018-10-11" locale="pt_PT" number="" type="IMS">http://images.philips.com/is/image/PhilipsConsumer/5039317P0-IMS-pt_PT</Asset><Asset code="5039317P0" description="Product gallery image set" extension="" lastModified="2018-10-11" locale="pt_PT" number="" type="GAL">http://images.philips.com/is/image/PhilipsConsumer/5039317P0-GAL-pt_PT</Asset><Asset code="5039317P0" description="Product URL" extension="" lastModified="2018-10-11" locale="pt_PT" number="" type="URL">http://www.philips.pt/c-p/5039317P0/myliving-foco-encastravel</Asset><Asset code="F400057628" description="Feature photograph - highres 2100x1170" extension="tif" lastModified="2014-05-16" locale="global" number="001" type="FIL">http://images.philips.com/is/image/PhilipsConsumer/F400057628-FIL-global-001</Asset><Asset code="F400057635" description="Feature photograph - highres 2100x1170" extension="tif" lastModified="2013-07-30" locale="global" number="001" type="FIL">http://images.philips.com/is/image/PhilipsConsumer/F400057635-FIL-global-001</Asset><Asset code="F400074665" description="Feature photograph - highres 2100x1170" extension="tif" lastModified="2015-07-29" locale="global" number="001" type="FIL">http://images.philips.com/is/image/PhilipsConsumer/F400074665-FIL-global-001</Asset><Asset code="F400076495" description="Feature photograph - highres 2100x1170" extension="tif" lastModified="2016-01-18" locale="global" number="001" type="FIL">http://images.philips.com/is/image/PhilipsConsumer/F400076495-FIL-global-001</Asset><Asset code="F400078567" description="Feature photograph - highres 2100x1170" extension="tif" lastModified="2017-10-31" locale="global" number="001" type="FIL">http://images.philips.com/is/image/PhilipsConsumer/F400078567-FIL-global-001</Asset><Asset code="PHI" description="Brand logo - highres 1476x886" extension="tif" lastModified="2016-02-18" locale="global" number="001" type="BRP">http://images.philips.com/is/image/PhilipsConsumer/PHI-BRP-global-001</Asset><Asset code="PLM0108MYL" description="Concept logo - lowres 198x198" extension="jpg" lastModified="2011-09-06" locale="global" number="001" type="CLL">http://images.philips.com/is/image/PhilipsConsumer/PLM0108MYL-CLL-global-001</Asset></Assets><ProductName>Foco encastrado LED SHELLBARK cromado mate</ProductName><FullProductName>Philips myLiving Foco encastrável 50393/17/P0 LED SHELLBARK mate cromado</FullProductName><NamingString><MasterBrand><BrandCode>PHI</BrandCode><BrandName>Philips</BrandName></MasterBrand><BrandString>Philips</BrandString><Concept><ConceptCode>PLM0108MYL</ConceptCode><ConceptName>myLiving</ConceptName><ConceptNameUsed>1</ConceptNameUsed></Concept><Descriptor><DescriptorCode>PLM0830RSP</DescriptorCode><DescriptorName>Foco encastrável</DescriptorName></Descriptor><Alphanumeric>50393/17/P0</Alphanumeric><VersionElement1><VersionElementCode>PLM0006593</VersionElementCode><VersionElementName>SHELLBARK</VersionElementName></VersionElement1><VersionElement2><VersionElementCode>PLM018315</VersionElementCode><VersionElementName>cromado mate</VersionElementName></VersionElement2><VersionElement3><VersionElementCode>PLM0814Y</VersionElementCode><VersionElementName>LED</VersionElementName></VersionElement3><VersionString>LED SHELLBARK mate cromado</VersionString><BrandedFeatureString/><DescriptorBrandedFeatureString>Foco encastrável</DescriptorBrandedFeatureString></NamingString><WOW>Crie o estilo de luz certo</WOW><SubWOW>Desfrute de uma casa acolhedora</SubWOW><MarketingTextHeader>Ilumine o seu ambiente com a luz certa, da claridade de que precisa ao calor que sente. Com o foco Philips Shellbark WarmGlow, pode regular suavemente a iluminação até ao nível ideal. De brilhante e funcional a calorosa e convidativa para um momento aconchegante.</MarketingTextHeader><KeyBenefitArea><KeyBenefitAreaCode>K4027674</KeyBenefitAreaCode><KeyBenefitAreaName>Desenhado para a sua sala de estar e quarto</KeyBenefitAreaName><KeyBenefitAreaRank>1</KeyBenefitAreaRank><Feature><FeatureCode>F400065396</FeatureCode><FeatureReferenceName>Create a stylish atmosphere (LUMS)</FeatureReferenceName><FeatureName>Crie um ambiente elegante</FeatureName><FeatureLongDescription>Crie um ambiente elegante e acolhedor</FeatureLongDescription><FeatureGlossary>Esta iluminação foi concebida com base nas novas preferências e tendências e nos novos estilos de vida para se integrar facilmente na sua decoração interior e definir o ambiente localizado que sempre desejou.</FeatureGlossary><FeatureRank>1</FeatureRank><FeatureTopRank>5</FeatureTopRank></Feature><Feature><FeatureCode>F400065394</FeatureCode><FeatureReferenceName>Perfect to relax and socialise (LUMS)</FeatureReferenceName><FeatureName>Perfeita para relaxar e socializar</FeatureName><FeatureLongDescription>Perfeita para relaxar e socializar</FeatureLongDescription><FeatureGlossary>A sala de estar é o coração de qualquer casa – um local onde as famílias se reúnem para descontrair e onde os amigos convivem. A iluminação para a sua sala de estar e o seu quarto tem de ser flexível e fácil de utilizar para se adaptar às diferentes ocasiões ao longo do dia. A colocação cuidada de diferentes fontes de iluminação e a combinação de diferentes camadas de luz ajuda a criar uma sensação de espaço e a proporcionar à divisão um toque quente e acolhedor.</FeatureGlossary><FeatureRank>2</FeatureRank><FeatureTopRank>6</FeatureTopRank></Feature><Feature><FeatureCode>F400078374</FeatureCode><FeatureReferenceName>High quality materials</FeatureReferenceName><FeatureName>Materiais de alta qualidade</FeatureName><FeatureLongDescription>Materiais de alta qualidade</FeatureLongDescription><FeatureGlossary>Este candeeiro é esculpido com padrões por camadas de materiais de alta qualidade com acabamento superior. Desta forma, é garantindo um produto sólido e de longa duração que irá melhorar a sua casa por muitos anos.</FeatureGlossary><FeatureRank>5</FeatureRank><FeatureTopRank>7</FeatureTopRank></Feature><Feature><FeatureCode>F400074254</FeatureCode><FeatureReferenceName>WarmGlow Dimmable[LED lamps]</FeatureReferenceName><FeatureName>WarmGlow de intensidade regulável</FeatureName><FeatureLongDescription>WarmGlow de intensidade regulável</FeatureLongDescription><FeatureGlossary>Concebido para fornecer uma regulação da intensidade de alta qualidade, para criar o ambiente certo para qualquer atividade. Quando mais reduzir a intensidade de luz, mais suave e confortável será o ambiente.</FeatureGlossary><FeatureRank>7</FeatureRank><FeatureTopRank>8</FeatureTopRank></Feature></KeyBenefitArea><KeyBenefitArea><KeyBenefitAreaCode>K4005041</KeyBenefitAreaCode><KeyBenefitAreaName>Soluções de iluminação sustentáveis</KeyBenefitAreaName><KeyBenefitAreaRank>2</KeyBenefitAreaRank><Feature><FeatureCode>F400057628</FeatureCode><FeatureReferenceName>High quality LED light (LED integrated)</FeatureReferenceName><FeatureName>Luz LED de alta qualidade</FeatureName><FeatureLongDescription>Luz LED de alta qualidade</FeatureLongDescription><FeatureGlossary>A tecnologia LED, integrada nesta lâmpada Philips, é uma solução desenvolvida exclusivamente pela Philips. Com o seu acendimento instantâneo, permite um fluxo luminoso ideal e realça as cores vivas na sua casa.</FeatureGlossary><FeatureRank>3</FeatureRank><FeatureTopRank>1</FeatureTopRank></Feature><Feature><FeatureCode>F400076495</FeatureCode><FeatureReferenceName>5 year warranty on LED system</FeatureReferenceName><FeatureName>Garantia de 5 anos para o sistema LED</FeatureName><FeatureLongDescription>A Philips oferece uma garantia de 5 anos para o módulo LED e o controlador</FeatureLongDescription><FeatureGlossary>Para além da garantia padrão de 2 anos para este candeeiro, a Philips oferece uma garantia de 5 anos para o sistema LED, ou seja, para o módulo LED e o controlador neste candeeiro.</FeatureGlossary><FeatureRank>4</FeatureRank><FeatureTopRank>2</FeatureTopRank></Feature><Feature><FeatureCode>F400057635</FeatureCode><FeatureReferenceName>Warm white light (NEW lighting)</FeatureReferenceName><FeatureName>Luz branca suave</FeatureName><FeatureLongDescription>Luz branca suave</FeatureLongDescription><FeatureGlossary>A luz pode ter diferentes temperaturas de cor, indicadas em unidades designadas Kelvins (K). As lâmpadas com um baixo valor em Kelvins produzem uma luz suave e mais acolhedora, enquanto as lâmpadas com um valor mais alto em Kelvins produzem uma luz fria e mais energética. Este candeeiro da Philips oferece luz branca suave para uma atmosfera agradável.</FeatureGlossary><FeatureRank>6</FeatureRank><FeatureTopRank>3</FeatureTopRank></Feature><Feature><FeatureCode>F400074665</FeatureCode><FeatureReferenceName>Compatible with most dimmers (LED)</FeatureReferenceName><FeatureName>Compatível com maioria de interruptores regul. intens. da luz</FeatureName><FeatureLongDescription>Compatível com maioria de interruptores regul. intens. da luz</FeatureLongDescription><FeatureGlossary>Esta luz LED da Philips inclui a mais recente tecnologia LED e funciona com a maioria dos interruptores de regulação da intensidade da luz. Basta utilizar o seu interruptor de regulação da intensidade da luz atual ou outro tipo de interruptor que desejar!</FeatureGlossary><FeatureRank>8</FeatureRank><FeatureTopRank>4</FeatureTopRank></Feature><Feature><FeatureCode>F400078567</FeatureCode><FeatureReferenceName>Long operating (30 yrs lighting)</FeatureReferenceName><FeatureName>Vida útil longa (30 anos)</FeatureName><FeatureLongDescription>Vida útil longa até 30 anos</FeatureLongDescription><FeatureGlossary>Uma fonte de luz em que pode confiar. Os LED integrados, utilizados neste candeeiro LED da Philips, durarão até 30 000 horas (o equivalente a 30 anos com base numa utilização média de 3 horas/dia com um número mínimo de 13 000 ciclos de acendimento). É tão agradável pensar que já não tem de se preocupar com a manutenção ou substituição de lâmpadas, enquanto cria o ambiente de luz perfeito na sua casa.</FeatureGlossary><FeatureRank>9</FeatureRank><FeatureTopRank>9</FeatureTopRank></Feature></KeyBenefitArea><FeatureImage><FeatureCode>F400057628</FeatureCode><FeatureReferenceName>High quality LED light (LED integrated)</FeatureReferenceName><FeatureImageRank>1</FeatureImageRank></FeatureImage><FeatureImage><FeatureCode>F400076495</FeatureCode><FeatureReferenceName>5 year warranty on LED system</FeatureReferenceName><FeatureImageRank>2</FeatureImageRank></FeatureImage><FeatureImage><FeatureCode>F400057635</FeatureCode><FeatureReferenceName>Warm white light (NEW lighting)</FeatureReferenceName><FeatureImageRank>3</FeatureImageRank></FeatureImage><FeatureImage><FeatureCode>F400074665</FeatureCode><FeatureReferenceName>Compatible with most dimmers (LED)</FeatureReferenceName><FeatureImageRank>4</FeatureImageRank></FeatureImage><FeatureImage><FeatureCode>F400065396</FeatureCode><FeatureReferenceName>Create a stylish atmosphere (LUMS)</FeatureReferenceName><FeatureImageRank>5</FeatureImageRank></FeatureImage><FeatureImage><FeatureCode>F400065394</FeatureCode><FeatureReferenceName>Perfect to relax and socialise (LUMS)</FeatureReferenceName><FeatureImageRank>6</FeatureImageRank></FeatureImage><FeatureImage><FeatureCode>F400078374</FeatureCode><FeatureReferenceName>High quality materials</FeatureReferenceName><FeatureImageRank>7</FeatureImageRank></FeatureImage><FeatureImage><FeatureCode>F400074254</FeatureCode><FeatureReferenceName>WarmGlow Dimmable[LED lamps]</FeatureReferenceName><FeatureImageRank>8</FeatureImageRank></FeatureImage><FeatureImage><FeatureCode>F400078567</FeatureCode><FeatureReferenceName>Long operating (30 yrs lighting)</FeatureReferenceName><FeatureImageRank>9</FeatureImageRank></FeatureImage><FeatureHighlight><FeatureCode>F400057628</FeatureCode><FeatureReferenceName>High quality LED light (LED integrated)</FeatureReferenceName><FeatureHighlightRank>1</FeatureHighlightRank></FeatureHighlight><FeatureHighlight><FeatureCode>F400076495</FeatureCode><FeatureReferenceName>5 year warranty on LED system</FeatureReferenceName><FeatureHighlightRank>2</FeatureHighlightRank></FeatureHighlight><FeatureHighlight><FeatureCode>F400057635</FeatureCode><FeatureReferenceName>Warm white light (NEW lighting)</FeatureReferenceName><FeatureHighlightRank>3</FeatureHighlightRank></FeatureHighlight><FeatureHighlight><FeatureCode>F400074665</FeatureCode><FeatureReferenceName>Compatible with most dimmers (LED)</FeatureReferenceName><FeatureHighlightRank>4</FeatureHighlightRank></FeatureHighlight><FeatureHighlight><FeatureCode>F400065396</FeatureCode><FeatureReferenceName>Create a stylish atmosphere (LUMS)</FeatureReferenceName><FeatureHighlightRank>5</FeatureHighlightRank></FeatureHighlight><FeatureHighlight><FeatureCode>F400065394</FeatureCode><FeatureReferenceName>Perfect to relax and socialise (LUMS)</FeatureReferenceName><FeatureHighlightRank>6</FeatureHighlightRank></FeatureHighlight><FeatureHighlight><FeatureCode>F400078374</FeatureCode><FeatureReferenceName>High quality materials</FeatureReferenceName><FeatureHighlightRank>7</FeatureHighlightRank></FeatureHighlight><FeatureHighlight><FeatureCode>F400074254</FeatureCode><FeatureReferenceName>WarmGlow Dimmable[LED lamps]</FeatureReferenceName><FeatureHighlightRank>8</FeatureHighlightRank></FeatureHighlight><FeatureHighlight><FeatureCode>F400078567</FeatureCode><FeatureReferenceName>Long operating (30 yrs lighting)</FeatureReferenceName><FeatureHighlightRank>9</FeatureHighlightRank></FeatureHighlight><CSChapter><CSChapterCode>PLMCHP010</CSChapterCode><CSChapterName>Design e acabamento</CSChapterName><CSChapterRank>10</CSChapterRank><CSItem><CSItemCode>PLMITM010001</CSItemCode><CSItemName>Material</CSItemName><CSItemRank>1</CSItemRank><CSItemIsFreeFormat>0</CSItemIsFreeFormat><CSValue><CSValueCode>PLMATR0105SYNTH</CSValueCode><CSValueName>sintético</CSValueName><CSValueRank>1</CSValueRank></CSValue></CSItem><CSItem><CSItemCode>PLMITM010002</CSItemCode><CSItemName>Cor</CSItemName><CSItemRank>2</CSItemRank><CSItemIsFreeFormat>0</CSItemIsFreeFormat><CSValue><CSValueCode>PLMATR018315</CSValueCode><CSValueName>cromado mate</CSValueName><CSValueRank>1</CSValueRank></CSValue></CSItem></CSChapter><CSChapter><CSChapterCode>PLMCHP020</CSChapterCode><CSChapterName>Funcionalidade extra/acessório incl.</CSChapterName><CSChapterRank>20</CSChapterRank><CSItem><CSItemCode>PLMITM0776FX009</CSItemCode><CSItemName>Fonte de luz anti-encandeamento</CSItemName><CSItemRank>1</CSItemRank><CSItemIsFreeFormat>0</CSItemIsFreeFormat><CSValue><CSValueCode>PLMATR0776FX009YES</CSValueCode><CSValueName>SIM</CSValueName><CSValueRank>1</CSValueRank></CSValue></CSItem><CSItem><CSItemCode>PLMITM0776F2009</CSItemCode><CSItemName>Compatível com maioria de interruptores regul. intens. da luz</CSItemName><CSItemRank>2</CSItemRank><CSItemIsFreeFormat>0</CSItemIsFreeFormat><CSValue><CSValueCode>PLMATR0776F2009YES</CSValueCode><CSValueName>SIM</CSValueName><CSValueRank>1</CSValueRank></CSValue></CSItem><CSItem><CSItemCode>PLMITM0776FX006</CSItemCode><CSItemName>LEDs integrados</CSItemName><CSItemRank>4</CSItemRank><CSItemIsFreeFormat>0</CSItemIsFreeFormat><CSValue><CSValueCode>PLMATR0776FX006YES</CSValueCode><CSValueName>SIM</CSValueName><CSValueRank>1</CSValueRank></CSValue></CSItem><CSItem><CSItemCode>PLMITM0776FX072</CSItemCode><CSItemName>Anti-ferrugem anti-poeira</CSItemName><CSItemRank>5</CSItemRank><CSItemIsFreeFormat>0</CSItemIsFreeFormat><CSValue><CSValueCode>PLMATR0776FX072YES</CSValueCode><CSValueName>SIM</CSValueName><CSValueRank>1</CSValueRank></CSValue></CSItem><CSItem><CSItemCode>PLMITM0776FX073</CSItemCode><CSItemName>Material de primeira qualidade</CSItemName><CSItemRank>6</CSItemRank><CSItemIsFreeFormat>0</CSItemIsFreeFormat><CSValue><CSValueCode>PLMATR0776FX073YES</CSValueCode><CSValueName>SIM</CSValueName><CSValueRank>1</CSValueRank></CSValue></CSItem><CSItem><CSItemCode>PLMITM0776FX040</CSItemCode><CSItemName>Cabeça do foco ajustável</CSItemName><CSItemRank>7</CSItemRank><CSItemIsFreeFormat>0</CSItemIsFreeFormat><CSValue><CSValueCode>PLMATR0776FX040YES</CSValueCode><CSValueName>SIM</CSValueName><CSValueRank>1</CSValueRank></CSValue></CSItem><CSItem><CSItemCode>PLMITM0776FX065</CSItemCode><CSItemName>5 anos de garantia</CSItemName><CSItemRank>8</CSItemRank><CSItemIsFreeFormat>0</CSItemIsFreeFormat><CSValue><CSValueCode>PLMATR0776FX065YES</CSValueCode><CSValueName>SIM</CSValueName><CSValueRank>1</CSValueRank></CSValue></CSItem><CSItem><CSItemCode>PLMITM0776FX064</CSItemCode><CSItemName>Luz de intensidade regulável com brilho suave</CSItemName><CSItemRank>9</CSItemRank><CSItemIsFreeFormat>0</CSItemIsFreeFormat><CSValue><CSValueCode>PLMATR0776FX064YES</CSValueCode><CSValueName>SIM</CSValueName><CSValueRank>1</CSValueRank></CSValue></CSItem></CSChapter><CSChapter><CSChapterCode>PLMCHP030</CSChapterCode><CSChapterName>Dimensões e peso do produto</CSChapterName><CSChapterRank>30</CSChapterRank><CSItem><CSItemCode>PLMITM030004</CSItemCode><CSItemName>Comprimento</CSItemName><CSItemRank>4</CSItemRank><CSItemIsFreeFormat>1</CSItemIsFreeFormat><CSValue><CSValueCode>VA4042309</CSValueCode><CSValueName>9,0</CSValueName><CSValueRank>1</CSValueRank></CSValue><UnitOfMeasure><UnitOfMeasureCode>3000039</UnitOfMeasureCode><UnitOfMeasureName>centímetros</UnitOfMeasureName><UnitOfMeasureSymbol>cm</UnitOfMeasureSymbol></UnitOfMeasure></CSItem><CSItem><CSItemCode>PLMITM030005</CSItemCode><CSItemName>Largura</CSItemName><CSItemRank>5</CSItemRank><CSItemIsFreeFormat>1</CSItemIsFreeFormat><CSValue><CSValueCode>VA4042311</CSValueCode><CSValueName>9,0</CSValueName><CSValueRank>1</CSValueRank></CSValue><UnitOfMeasure><UnitOfMeasureCode>3000039</UnitOfMeasureCode><UnitOfMeasureName>centímetros</UnitOfMeasureName><UnitOfMeasureSymbol>cm</UnitOfMeasureSymbol></UnitOfMeasure></CSItem><CSItem><CSItemCode>PLMITM030006</CSItemCode><CSItemName>Peso líquido</CSItemName><CSItemRank>6</CSItemRank><CSItemIsFreeFormat>1</CSItemIsFreeFormat><CSValue><CSValueCode>VA4042308</CSValueCode><CSValueName>0,482</CSValueName><CSValueRank>1</CSValueRank></CSValue><UnitOfMeasure><UnitOfMeasureCode>3000049</UnitOfMeasureCode><UnitOfMeasureName>quilogramas</UnitOfMeasureName><UnitOfMeasureSymbol>kg</UnitOfMeasureSymbol></UnitOfMeasure></CSItem><CSItem><CSItemCode>PLMITM030007</CSItemCode><CSItemName>Distância de encastramento</CSItemName><CSItemRank>7</CSItemRank><CSItemIsFreeFormat>1</CSItemIsFreeFormat><CSValue><CSValueCode>VA4042341</CSValueCode><CSValueName>5,0</CSValueName><CSValueRank>1</CSValueRank></CSValue><UnitOfMeasure><UnitOfMeasureCode>3000039</UnitOfMeasureCode><UnitOfMeasureName>centímetros</UnitOfMeasureName><UnitOfMeasureSymbol>cm</UnitOfMeasureSymbol></UnitOfMeasure></CSItem><CSItem><CSItemCode>PLMITM030008</CSItemCode><CSItemName>Comprimento da cavidade</CSItemName><CSItemRank>8</CSItemRank><CSItemIsFreeFormat>1</CSItemIsFreeFormat><CSValue><CSValueCode>VA4042326</CSValueCode><CSValueName>7,0</CSValueName><CSValueRank>1</CSValueRank></CSValue><UnitOfMeasure><UnitOfMeasureCode>3000039</UnitOfMeasureCode><UnitOfMeasureName>centímetros</UnitOfMeasureName><UnitOfMeasureSymbol>cm</UnitOfMeasureSymbol></UnitOfMeasure></CSItem><CSItem><CSItemCode>PLMITM030009</CSItemCode><CSItemName>Largura da cavidade</CSItemName><CSItemRank>9</CSItemRank><CSItemIsFreeFormat>1</CSItemIsFreeFormat><CSValue><CSValueCode>VA4042336</CSValueCode><CSValueName>7,0</CSValueName><CSValueRank>1</CSValueRank></CSValue><UnitOfMeasure><UnitOfMeasureCode>3000039</UnitOfMeasureCode><UnitOfMeasureName>centímetros</UnitOfMeasureName><UnitOfMeasureSymbol>cm</UnitOfMeasureSymbol></UnitOfMeasure></CSItem></CSChapter><CSChapter><CSChapterCode>PLMCHP040</CSChapterCode><CSChapterName>Especificações técnicas</CSChapterName><CSChapterRank>40</CSChapterRank><CSItem><CSItemCode>PLMITM040001</CSItemCode><CSItemName>Alimentação elétrica</CSItemName><CSItemRank>1</CSItemRank><CSItemIsFreeFormat>0</CSItemIsFreeFormat><CSValue><CSValueCode>PLMATR0719220-240</CSValueCode><CSValueName>Entre 220 V e 240 V</CSValueName><CSValueRank>1</CSValueRank></CSValue><CSValue><CSValueCode>PLMATR067350/60HZ</CSValueCode><CSValueName>50-60 Hz</CSValueName><CSValueRank>2</CSValueRank></CSValue></CSItem><CSItem><CSItemCode>PLMITM040002</CSItemCode><CSItemName>Tecnologia da lâmpada</CSItemName><CSItemRank>2</CSItemRank><CSItemIsFreeFormat>0</CSItemIsFreeFormat><CSValue><CSValueCode>PLMATRBOIBULB10131LED</CSValueCode><CSValueName>LED</CSValueName><CSValueRank>1</CSValueRank></CSValue><CSValue><CSValueCode>PLMATR0329SEL</CSValueCode><CSValueName>Voltagem ultra baixa de segurança</CSValueName><CSValueRank>2</CSValueRank></CSValue></CSItem><CSItem><CSItemCode>PLMITM040003</CSItemCode><CSItemName>Número de lâmpadas</CSItemName><CSItemRank>3</CSItemRank><CSItemIsFreeFormat>1</CSItemIsFreeFormat><CSValue><CSValueCode>VA4042306</CSValueCode><CSValueName>3</CSValueName><CSValueRank>1</CSValueRank></CSValue></CSItem><CSItem><CSItemCode>PLMITM040005</CSItemCode><CSItemName>Potência da lâmpada incluída</CSItemName><CSItemRank>5</CSItemRank><CSItemIsFreeFormat>0</CSItemIsFreeFormat><CSValue><CSValueCode>PLMATR04604_5</CSValueCode><CSValueName>4,5 W</CSValueName><CSValueRank>1</CSValueRank></CSValue></CSItem><CSItem><CSItemCode>PLMITM040007</CSItemCode><CSItemName>Cor da luz</CSItemName><CSItemRank>7</CSItemRank><CSItemIsFreeFormat>0</CSItemIsFreeFormat><CSValue><CSValueCode>PLMATRBOIBULB106242700_K</CSValueCode><CSValueName>branca suave</CSValueName><CSValueRank>1</CSValueRank></CSValue></CSItem><CSItem><CSItemCode>PLMITM0400011</CSItemCode><CSItemName>Fluxo luminoso total do candeeiro</CSItemName><CSItemRank>11</CSItemRank><CSItemIsFreeFormat>0</CSItemIsFreeFormat><CSValue><CSValueCode>PLMATR10963X500</CSValueCode><CSValueName>3x500 lm</CSValueName><CSValueRank>1</CSValueRank></CSValue></CSItem><CSItem><CSItemCode>PLMITM0400013</CSItemCode><CSItemName>Candeeiro de intensidade de luz regulável</CSItemName><CSItemRank>13</CSItemRank><CSItemIsFreeFormat>0</CSItemIsFreeFormat><CSValue><CSValueCode>PLMATR1075Y</CSValueCode><CSValueName>SIM</CSValueName><CSValueRank>1</CSValueRank></CSValue></CSItem><CSItem><CSItemCode>PLMITM0400014</CSItemCode><CSItemName>LED</CSItemName><CSItemRank>14</CSItemRank><CSItemIsFreeFormat>0</CSItemIsFreeFormat><CSValue><CSValueCode>PLMATR0814Y</CSValueCode><CSValueName>SIM</CSValueName><CSValueRank>1</CSValueRank></CSValue></CSItem><CSItem><CSItemCode>PLMITM0400018</CSItemCode><CSItemName>Vida útil até</CSItemName><CSItemRank>18</CSItemRank><CSItemIsFreeFormat>1</CSItemIsFreeFormat><CSValue><CSValueCode>VA4094468</CSValueCode><CSValueName>30 000</CSValueName><CSValueRank>1</CSValueRank></CSValue><UnitOfMeasure><UnitOfMeasureCode>4000213</UnitOfMeasureCode><UnitOfMeasureName>hrs</UnitOfMeasureName><UnitOfMeasureSymbol>hrs</UnitOfMeasureSymbol></UnitOfMeasure></CSItem><CSItem><CSItemCode>PLMITM040026</CSItemCode><CSItemName>Código IP</CSItemName><CSItemRank>26</CSItemRank><CSItemIsFreeFormat>0</CSItemIsFreeFormat><CSValue><CSValueCode>PLMATR0290IP20</CSValueCode><CSValueName>IP20</CSValueName><CSValueRank>1</CSValueRank></CSValue><CSValue><CSValueCode>PLMATR0290IP20-2</CSValueCode><CSValueName>proteção contra objetos com mais de 12,5 mm</CSValueName><CSValueRank>2</CSValueRank></CSValue><CSValue><CSValueCode>PLMATR0290IP20-3</CSValueCode><CSValueName>sem proteção contra água</CSValueName><CSValueRank>3</CSValueRank></CSValue></CSItem><CSItem><CSItemCode>PLMITM040027</CSItemCode><CSItemName>Classe de proteção</CSItemName><CSItemRank>27</CSItemRank><CSItemIsFreeFormat>0</CSItemIsFreeFormat><CSValue><CSValueCode>PLMATR0289III</CSValueCode><CSValueName>III - voltagem ultra baixa de segurança</CSValueName><CSValueRank>1</CSValueRank></CSValue></CSItem><CSItem><CSItemCode>PLMITM0400051</CSItemCode><CSItemName>Fonte de luz equivalente à lâmpada tradicional de</CSItemName><CSItemRank>51</CSItemRank><CSItemIsFreeFormat>1</CSItemIsFreeFormat><CSValue><CSValueCode>VA4081551</CSValueCode><CSValueName>41</CSValueName><CSValueRank>1</CSValueRank></CSValue><UnitOfMeasure><UnitOfMeasureCode>3000072</UnitOfMeasureCode><UnitOfMeasureName>watts</UnitOfMeasureName><UnitOfMeasureSymbol>W</UnitOfMeasureSymbol></UnitOfMeasure></CSItem></CSChapter><CSChapter><CSChapterCode>PLMCHP050</CSChapterCode><CSChapterName>Assistência</CSChapterName><CSChapterRank>50</CSChapterRank><CSItem><CSItemCode>PLMITM050001</CSItemCode><CSItemName>Garantia</CSItemName><CSItemRank>1</CSItemRank><CSItemIsFreeFormat>0</CSItemIsFreeFormat><CSValue><CSValueCode>PLMATR02985</CSValueCode><CSValueName>5 ano(s)</CSValueName><CSValueRank>1</CSValueRank></CSValue></CSItem></CSChapter><CSChapter><CSChapterCode>PLMCHP060</CSChapterCode><CSChapterName>Dimensões e peso da embalagem</CSChapterName><CSChapterRank>60</CSChapterRank><CSItem><CSItemCode>PLMITM060001</CSItemCode><CSItemName>Altura</CSItemName><CSItemRank>1</CSItemRank><CSItemIsFreeFormat>1</CSItemIsFreeFormat><CSValue><CSValueCode>VA4042312</CSValueCode><CSValueName>30,8</CSValueName><CSValueRank>1</CSValueRank></CSValue><UnitOfMeasure><UnitOfMeasureCode>3000039</UnitOfMeasureCode><UnitOfMeasureName>centímetros</UnitOfMeasureName><UnitOfMeasureSymbol>cm</UnitOfMeasureSymbol></UnitOfMeasure></CSItem><CSItem><CSItemCode>PLMITM060002</CSItemCode><CSItemName>Comprimento</CSItemName><CSItemRank>2</CSItemRank><CSItemIsFreeFormat>1</CSItemIsFreeFormat><CSValue><CSValueCode>VA4042313</CSValueCode><CSValueName>10,3</CSValueName><CSValueRank>1</CSValueRank></CSValue><UnitOfMeasure><UnitOfMeasureCode>3000039</UnitOfMeasureCode><UnitOfMeasureName>centímetros</UnitOfMeasureName><UnitOfMeasureSymbol>cm</UnitOfMeasureSymbol></UnitOfMeasure></CSItem><CSItem><CSItemCode>PLMITM060003</CSItemCode><CSItemName>Largura</CSItemName><CSItemRank>3</CSItemRank><CSItemIsFreeFormat>1</CSItemIsFreeFormat><CSValue><CSValueCode>VA4042307</CSValueCode><CSValueName>7,3</CSValueName><CSValueRank>1</CSValueRank></CSValue><UnitOfMeasure><UnitOfMeasureCode>3000039</UnitOfMeasureCode><UnitOfMeasureName>centímetros</UnitOfMeasureName><UnitOfMeasureSymbol>cm</UnitOfMeasureSymbol></UnitOfMeasure></CSItem><CSItem><CSItemCode>PLMITM060004</CSItemCode><CSItemName>Peso</CSItemName><CSItemRank>4</CSItemRank><CSItemIsFreeFormat>1</CSItemIsFreeFormat><CSValue><CSValueCode>VA4042304</CSValueCode><CSValueName>0,594</CSValueName><CSValueRank>1</CSValueRank></CSValue><UnitOfMeasure><UnitOfMeasureCode>3000049</UnitOfMeasureCode><UnitOfMeasureName>quilogramas</UnitOfMeasureName><UnitOfMeasureSymbol>kg</UnitOfMeasureSymbol></UnitOfMeasure></CSItem></CSChapter><CSChapter><CSChapterCode>PLMCHP070</CSChapterCode><CSChapterName>Diversos</CSChapterName><CSChapterRank>70</CSChapterRank><CSItem><CSItemCode>PLMITM070001</CSItemCode><CSItemName>Concebida especialmente para</CSItemName><CSItemRank>1</CSItemRank><CSItemIsFreeFormat>0</CSItemIsFreeFormat><CSValue><CSValueCode>PLMATR0970L_B</CSValueCode><CSValueName>Sala de estar e quarto</CSValueName><CSValueRank>1</CSValueRank></CSValue></CSItem><CSItem><CSItemCode>PLMITM070002</CSItemCode><CSItemName>Estilo</CSItemName><CSItemRank>2</CSItemRank><CSItemIsFreeFormat>0</CSItemIsFreeFormat><CSValue><CSValueCode>PLMATR0628FUNCTIONAL</CSValueCode><CSValueName>Funcional</CSValueName><CSValueRank>1</CSValueRank></CSValue></CSItem><CSItem><CSItemCode>PLMITM070003</CSItemCode><CSItemName>Tipo</CSItemName><CSItemRank>3</CSItemRank><CSItemIsFreeFormat>0</CSItemIsFreeFormat><CSValue><CSValueCode>PLMATR0830RSPOT</CSValueCode><CSValueName>Foco encastrável</CSValueName><CSValueRank>1</CSValueRank></CSValue></CSItem></CSChapter><Filters><Purpose type="Comparison"><Features><Feature code="F400057628" rank="1" referenceName="High quality LED light (LED integrated)"/><Feature code="F400076495" rank="2" referenceName="5 year warranty on LED system"/><Feature code="F400057635" rank="3" referenceName="Warm white light (NEW lighting)"/><Feature code="F400074665" rank="4" referenceName="Compatible with most dimmers (LED)"/><Feature code="F400065396" rank="5" referenceName="Create a stylish atmosphere (LUMS)"/><Feature code="F400065394" rank="6" referenceName="Perfect to relax and socialise (LUMS)"/><Feature code="F400078374" rank="7" referenceName="High quality materials"/><Feature code="F400074254" rank="8" referenceName="WarmGlow Dimmable[LED lamps]"/><Feature code="F400078567" rank="9" referenceName="Long operating (30 yrs lighting)"/></Features><CSItems><CSItem code="PLMITM010001" rank="1" referenceName="Design e acabamento - Material"/><CSItem code="PLMITM0776FX009" rank="1" referenceName="Funcionalidade extra/acessório incl. - Fonte de luz anti-encandeamento"/><CSItem code="PLMITM040001" rank="1" referenceName="Especificações técnicas - Alimentação elétrica"/><CSItem code="PLMITM050001" rank="1" referenceName="Assistência - Garantia"/><CSItem code="PLMITM060001" rank="1" referenceName="Dimensões e peso da embalagem - Altura"/><CSItem code="PLMITM070001" rank="1" referenceName="Diversos - Concebida especialmente para"/><CSItem code="PLMITM010002" rank="2" referenceName="Design e acabamento - Cor"/><CSItem code="PLMITM0776F2009" rank="2" referenceName="Funcionalidade extra/acessório incl. - Compatível com maioria de interruptores regul. intens. da luz"/><CSItem code="PLMITM040002" rank="2" referenceName="Especificações técnicas - Tecnologia da lâmpada"/><CSItem code="PLMITM060002" rank="2" referenceName="Dimensões e peso da embalagem - Comprimento"/><CSItem code="PLMITM070002" rank="2" referenceName="Diversos - Estilo"/><CSItem code="PLMITM040003" rank="3" referenceName="Especificações técnicas - Número de lâmpadas"/><CSItem code="PLMITM060003" rank="3" referenceName="Dimensões e peso da embalagem - Largura"/><CSItem code="PLMITM070003" rank="3" referenceName="Diversos - Tipo"/><CSItem code="PLMITM0776FX006" rank="4" referenceName="Funcionalidade extra/acessório incl. - LEDs integrados"/><CSItem code="PLMITM030004" rank="4" referenceName="Dimensões e peso do produto - Comprimento"/><CSItem code="PLMITM060004" rank="4" referenceName="Dimensões e peso da embalagem - Peso"/><CSItem code="PLMITM0776FX072" rank="5" referenceName="Funcionalidade extra/acessório incl. - Anti-ferrugem anti-poeira"/><CSItem code="PLMITM030005" rank="5" referenceName="Dimensões e peso do produto - Largura"/><CSItem code="PLMITM040005" rank="5" referenceName="Especificações técnicas - Potência da lâmpada incluída"/><CSItem code="PLMITM0776FX073" rank="6" referenceName="Funcionalidade extra/acessório incl. - Material de primeira qualidade"/><CSItem code="PLMITM030006" rank="6" referenceName="Dimensões e peso do produto - Peso líquido"/><CSItem code="PLMITM0776FX040" rank="7" referenceName="Funcionalidade extra/acessório incl. - Cabeça do foco ajustável"/><CSItem code="PLMITM030007" rank="7" referenceName="Dimensões e peso do produto - Distância de encastramento"/><CSItem code="PLMITM040007" rank="7" referenceName="Especificações técnicas - Cor da luz"/><CSItem code="PLMITM0776FX065" rank="8" referenceName="Funcionalidade extra/acessório incl. - 5 anos de garantia"/><CSItem code="PLMITM030008" rank="8" referenceName="Dimensões e peso do produto - Comprimento da cavidade"/><CSItem code="PLMITM0776FX064" rank="9" referenceName="Funcionalidade extra/acessório incl. - Luz de intensidade regulável com brilho suave"/><CSItem code="PLMITM030009" rank="9" referenceName="Dimensões e peso do produto - Largura da cavidade"/><CSItem code="PLMITM0400011" rank="11" referenceName="Especificações técnicas - Fluxo luminoso total do candeeiro"/><CSItem code="PLMITM0400013" rank="13" referenceName="Especificações técnicas - Candeeiro de intensidade de luz regulável"/><CSItem code="PLMITM0400014" rank="14" referenceName="Especificações técnicas - LED"/><CSItem code="PLMITM0400018" rank="18" referenceName="Especificações técnicas - Vida útil até"/><CSItem code="PLMITM040026" rank="26" referenceName="Especificações técnicas - Código IP"/><CSItem code="PLMITM040027" rank="27" referenceName="Especificações técnicas - Classe de proteção"/><CSItem code="PLMITM0400051" rank="51" referenceName="Especificações técnicas - Fonte de luz equivalente à lâmpada tradicional de"/></CSItems></Purpose><Purpose type="Detail"><Features><Feature code="F400057628" rank="1" referenceName="High quality LED light (LED integrated)"/><Feature code="F400076495" rank="2" referenceName="5 year warranty on LED system"/><Feature code="F400057635" rank="3" referenceName="Warm white light (NEW lighting)"/><Feature code="F400074665" rank="4" referenceName="Compatible with most dimmers (LED)"/><Feature code="F400065396" rank="5" referenceName="Create a stylish atmosphere (LUMS)"/><Feature code="F400065394" rank="6" referenceName="Perfect to relax and socialise (LUMS)"/><Feature code="F400078374" rank="7" referenceName="High quality materials"/><Feature code="F400074254" rank="8" referenceName="WarmGlow Dimmable[LED lamps]"/><Feature code="F400078567" rank="9" referenceName="Long operating (30 yrs lighting)"/></Features><CSItems><CSItem code="PLMITM010001" rank="1" referenceName="Design e acabamento - Material"/><CSItem code="PLMITM0776FX009" rank="1" referenceName="Funcionalidade extra/acessório incl. - Fonte de luz anti-encandeamento"/><CSItem code="PLMITM040001" rank="1" referenceName="Especificações técnicas - Alimentação elétrica"/><CSItem code="PLMITM050001" rank="1" referenceName="Assistência - Garantia"/><CSItem code="PLMITM060001" rank="1" referenceName="Dimensões e peso da embalagem - Altura"/><CSItem code="PLMITM070001" rank="1" referenceName="Diversos - Concebida especialmente para"/><CSItem code="PLMITM010002" rank="2" referenceName="Design e acabamento - Cor"/><CSItem code="PLMITM0776F2009" rank="2" referenceName="Funcionalidade extra/acessório incl. - Compatível com maioria de interruptores regul. intens. da luz"/><CSItem code="PLMITM040002" rank="2" referenceName="Especificações técnicas - Tecnologia da lâmpada"/><CSItem code="PLMITM060002" rank="2" referenceName="Dimensões e peso da embalagem - Comprimento"/><CSItem code="PLMITM070002" rank="2" referenceName="Diversos - Estilo"/><CSItem code="PLMITM040003" rank="3" referenceName="Especificações técnicas - Número de lâmpadas"/><CSItem code="PLMITM060003" rank="3" referenceName="Dimensões e peso da embalagem - Largura"/><CSItem code="PLMITM070003" rank="3" referenceName="Diversos - Tipo"/><CSItem code="PLMITM0776FX006" rank="4" referenceName="Funcionalidade extra/acessório incl. - LEDs integrados"/><CSItem code="PLMITM030004" rank="4" referenceName="Dimensões e peso do produto - Comprimento"/><CSItem code="PLMITM060004" rank="4" referenceName="Dimensões e peso da embalagem - Peso"/><CSItem code="PLMITM0776FX072" rank="5" referenceName="Funcionalidade extra/acessório incl. - Anti-ferrugem anti-poeira"/><CSItem code="PLMITM030005" rank="5" referenceName="Dimensões e peso do produto - Largura"/><CSItem code="PLMITM040005" rank="5" referenceName="Especificações técnicas - Potência da lâmpada incluída"/><CSItem code="PLMITM0776FX073" rank="6" referenceName="Funcionalidade extra/acessório incl. - Material de primeira qualidade"/><CSItem code="PLMITM030006" rank="6" referenceName="Dimensões e peso do produto - Peso líquido"/><CSItem code="PLMITM0776FX040" rank="7" referenceName="Funcionalidade extra/acessório incl. - Cabeça do foco ajustável"/><CSItem code="PLMITM030007" rank="7" referenceName="Dimensões e peso do produto - Distância de encastramento"/><CSItem code="PLMITM040007" rank="7" referenceName="Especificações técnicas - Cor da luz"/><CSItem code="PLMITM0776FX065" rank="8" referenceName="Funcionalidade extra/acessório incl. - 5 anos de garantia"/><CSItem code="PLMITM030008" rank="8" referenceName="Dimensões e peso do produto - Comprimento da cavidade"/><CSItem code="PLMITM0776FX064" rank="9" referenceName="Funcionalidade extra/acessório incl. - Luz de intensidade regulável com brilho suave"/><CSItem code="PLMITM030009" rank="9" referenceName="Dimensões e peso do produto - Largura da cavidade"/><CSItem code="PLMITM0400011" rank="11" referenceName="Especificações técnicas - Fluxo luminoso total do candeeiro"/><CSItem code="PLMITM0400013" rank="13" referenceName="Especificações técnicas - Candeeiro de intensidade de luz regulável"/><CSItem code="PLMITM0400014" rank="14" referenceName="Especificações técnicas - LED"/><CSItem code="PLMITM0400018" rank="18" referenceName="Especificações técnicas - Vida útil até"/><CSItem code="PLMITM040026" rank="26" referenceName="Especificações técnicas - Código IP"/><CSItem code="PLMITM040027" rank="27" referenceName="Especificações técnicas - Classe de proteção"/><CSItem code="PLMITM0400051" rank="51" referenceName="Especificações técnicas - Fonte de luz equivalente à lâmpada tradicional de"/></CSItems></Purpose></Filters><FeatureCompareGroups/><Disclaimers/><RichTexts/></Product></Products>