<?xml version="1.0" encoding="UTF-8"?><Products xmlns:source="http://apache.org/cocoon/source/1.0" DocStatus="approved" DocTimeStamp="2018-10-20T07:18:48"><Product Country="NL" IsAccessory="false" IsLocalized="true" IsMaster="false" Locale="nl_NL" lastModified="2018-10-19T04:27:58" masterLastModified="2018-07-19T00:45:56"><CTN>24PFT5303/12</CTN><Code12NC>867000151277</Code12NC><GTIN>8718863014646</GTIN><MarketingVersion>3.0.1</MarketingVersion><MarketingStatus>Final Published</MarketingStatus><CRDate>2018-03-02</CRDate><CRDateYW>201809</CRDateYW><ModelYears><ModelYear>2018</ModelYear><ModelYear>2019</ModelYear><ModelYear>2020</ModelYear></ModelYears><ProductDivision><ProductDivisionCode>0200</ProductDivisionCode><ProductDivisionName>Consumer Lifestyle</ProductDivisionName><FormerPDCode>3400</FormerPDCode></ProductDivision><ProductOwner>Albert Lin</ProductOwner><DTN>24PFT5303/12</DTN><Catalog><StartOfPublication>2018-04-02T00:00:00</StartOfPublication><EndOfPublication>2019-07-02T00:00:00</EndOfPublication><StartOfSales>2018-04-02T00:00:00</StartOfSales><EndOfSales>2019-07-02T00:00:00</EndOfSales><DummyPrice/><Deleted>false</Deleted><DeleteAfterDate/><ProductRank>50</ProductRank></Catalog><FinancialCategorization><BusinessGroupCode>6918</BusinessGroupCode><BusinessGroupName>TV</BusinessGroupName><BusinessUnitCode>0680</BusinessUnitCode><BusinessUnitName>TV</BusinessUnitName><MainArticleGroupCode>C25</MainArticleGroupCode><MainArticleGroupName>Philips LCD - M Screen &gt;=24 =&lt;29i</MainArticleGroupName><ArticleGroupCode>1865</ArticleGroupCode><ArticleGroupName>Philips LCD - M Screen &gt;=24 =&lt;29i</ArticleGroupName></FinancialCategorization><Categorization type="CONSUMER"><GroupCode>SOUND_AND_VISION_GR</GroupCode><GroupName>Sound &amp; vision</GroupName><CategoryCode>TV_CA</CategoryCode><CategoryName>TV</CategoryName><SubcategoryCode>TV_OTHERS_SU</SubcategoryCode><SubcategoryName>Others</SubcategoryName></Categorization><Assets><Asset code="24PFT5303_12" description="User manual" extension="pdf" lastModified="2018-01-04" locale="nl_NL" number="001" type="DFU">http://download.p4c.philips.com/files/2/24pft5303_12/24pft5303_12_dfu_nld.pdf</Asset><Asset code="24PFT5303_12" description="Leaflet" extension="pdf" lastModified="2018-08-02" locale="nl_NL" number="001" type="PSS">http://download.p4c.philips.com/files/2/24pft5303_12/24pft5303_12_pss_nldnl.pdf</Asset><Asset code="24PFT5303_12" description="Quick start guide" extension="pdf" lastModified="2018-02-08" locale="nl_NL" number="001" type="QSG">http://download.p4c.philips.com/files/2/24pft5303_12/24pft5303_12_qsg_nld.pdf</Asset><Asset code="24PFT5303_12" description="Retail Trade Leaflet" extension="pdf" lastModified="2018-10-18" locale="nl_NL" number="001" type="RTL">http://download.p4c.philips.com/files/2/24pft5303_12/24pft5303_12_rtl_nldnl.pdf</Asset><Asset code="24PFT5303_12" description="Front product photograph - highres 2196x1795" extension="tif" lastModified="2018-01-23" locale="global" number="001" type="_FP">http://images.philips.com/is/image/PhilipsConsumer/24PFT5303_12-_FP-global-001</Asset><Asset code="24PFT5303_12" description="Connector side drawing - highres 2362x1181" extension="tif" lastModified="2018-02-23" locale="global" number="001" type="COP">http://images.philips.com/is/image/PhilipsConsumer/24PFT5303_12-COP-global-001</Asset><Asset code="24PFT5303_12" description="Energy Label - Rainbow " extension="pdf" lastModified="2018-03-01" locale="global" number="001" type="ELR">http://download.p4c.philips.com/files/2/24pft5303_12/24pft5303_12_elr_.pdf</Asset><Asset code="24PFT5303_12" description="Main in-use photograph - highres 2480x1462" extension="tif" lastModified="2018-01-23" locale="global" number="001" type="MI1">http://images.philips.com/is/image/PhilipsConsumer/24PFT5303_12-MI1-global-001</Asset><Asset code="24PFT5303_12" description="Leaflet" extension="pdf" lastModified="2018-07-23" locale="global" number="001" type="PSS">http://download.p4c.philips.com/files/2/24pft5303_12/24pft5303_12_pss_.pdf</Asset><Asset code="24PFT5303_12" description="Remote control photograph - highres 1772x2953" extension="tif" lastModified="2017-12-11" locale="global" number="001" type="RCP">http://images.philips.com/is/image/PhilipsConsumer/24PFT5303_12-RCP-global-001</Asset><Asset code="24PFT5303_12" description="Standard product photograph - highres 2196x1795" extension="tif" lastModified="2018-01-23" locale="global" number="001" type="RTP">http://images.philips.com/is/image/PhilipsConsumer/24PFT5303_12-RTP-global-001</Asset><Asset code="24PFT5303_12" description="Single product shot" extension="" lastModified="2018-10-19" locale="nl_NL" number="" type="IMS">http://images.philips.com/is/image/PhilipsConsumer/24PFT5303_12-IMS-nl_NL</Asset><Asset code="24PFT5303_12" description="Product gallery image set" extension="" lastModified="2018-10-19" locale="nl_NL" number="" type="GAL">http://images.philips.com/is/image/PhilipsConsumer/24PFT5303_12-GAL-nl_NL</Asset><Asset code="24PFT5303_12" description="Product URL" extension="" lastModified="2018-10-19" locale="nl_NL" number="" type="URL">http://www.philips.nl/c-p/24PFT5303_12/5300-series-ultraslanke-full-hd-led-tv</Asset><Asset code="F400063306" description="Feature logo - highres 331x213" extension="tif" lastModified="2014-03-13" locale="global" number="001" type="FLP">http://images.philips.com/is/image/PhilipsConsumer/F400063306-FLP-global-001</Asset><Asset code="F400063309" description="Feature photograph - highres 2100x1170" extension="tif" lastModified="2015-04-09" locale="global" number="001" type="FIL">http://images.philips.com/is/image/PhilipsConsumer/F400063309-FIL-global-001</Asset><Asset code="F400063309" description="Feature logo - highres 331x213" extension="tif" lastModified="2014-03-19" locale="global" number="001" type="FLP">http://images.philips.com/is/image/PhilipsConsumer/F400063309-FLP-global-001</Asset><Asset code="F400063309" description="Feature movie activation image big - 640 x 360" extension="jpg" lastModified="2014-07-04" locale="global" number="001" type="FMB">http://images.philips.com/is/image/PhilipsConsumer/F400063309-FMB-global-001</Asset><Asset code="F400063331" description="Feature logo - highres 331x213" extension="tif" lastModified="2014-03-20" locale="global" number="001" type="FLP">http://images.philips.com/is/image/PhilipsConsumer/F400063331-FLP-global-001</Asset><Asset code="F400076580" description="Feature logo - highres 331x213" extension="tif" lastModified="2016-01-27" locale="global" number="001" type="FLP">http://images.philips.com/is/image/PhilipsConsumer/F400076580-FLP-global-001</Asset><Asset code="F400076635" description="Feature logo - highres 331x213" extension="tif" lastModified="2016-01-20" locale="global" number="001" type="FLP">http://images.philips.com/is/image/PhilipsConsumer/F400076635-FLP-global-001</Asset><Asset code="F400086571" description="Feature logo - highres 331x213" extension="tif" lastModified="2018-03-05" locale="global" number="001" type="FLP">http://images.philips.com/is/image/PhilipsConsumer/F400086571-FLP-global-001</Asset><Asset code="PHI" description="Brand logo - highres 1476x886" extension="tif" lastModified="2016-02-18" locale="global" number="001" type="BRP">http://images.philips.com/is/image/PhilipsConsumer/PHI-BRP-global-001</Asset></Assets><ProductName>60 cm (24") ultraslanke Full HD LED-TV</ProductName><FullProductName>Philips 5300 series Ultraslanke Full HD LED-TV 24PFT5303 60 cm (24"), 200 Picture Performance Index, FHD, Pixel Plus HD</FullProductName><NamingString><MasterBrand><BrandCode>PHI</BrandCode><BrandName>Philips</BrandName></MasterBrand><BrandString>Philips</BrandString><Concept><ConceptCode>SB40004505</ConceptCode><ConceptName>5300 series</ConceptName><ConceptNameUsed>1</ConceptNameUsed></Concept><Descriptor><DescriptorCode>D4018624</DescriptorCode><DescriptorName>Ultraslanke Full HD LED-TV</DescriptorName></Descriptor><Alphanumeric>24PFT5303</Alphanumeric><VersionElement1><VersionElementCode>V4037566</VersionElementCode><VersionElementName>60 cm (24")</VersionElementName></VersionElement1><VersionElement2><VersionElementCode>V4046034</VersionElementCode><VersionElementName>200 Picture Performance Index</VersionElementName></VersionElement2><VersionElement3><VersionElementCode>V4046022</VersionElementCode><VersionElementName>FHD</VersionElementName></VersionElement3><VersionElement4><VersionElementCode>V4002524</VersionElementCode><VersionElementName>Pixel Plus HD</VersionElementName></VersionElement4><VersionString>60 cm (24"), 200 Picture Performance Index, FHD, Pixel Plus HD</VersionString><BrandedFeatureString/><DescriptorBrandedFeatureString>Ultraslanke Full HD LED-TV</DescriptorBrandedFeatureString></NamingString><WOW>Ultraslanke Full HD LED-TV</WOW><SubWOW>met Pixel Plus HD</SubWOW><MarketingTextHeader>De Philips 5300 brengt beeldkwaliteit naar het kleine scherm. Dankzij de gebruiksvriendelijke bediening en het compacte ontwerp is deze perfect voor uw keuken, slaapkamer of kantoor.</MarketingTextHeader><KeyBenefitArea><KeyBenefitAreaCode>K4026799</KeyBenefitAreaCode><KeyBenefitAreaName>Net zo flexibel als u</KeyBenefitAreaName><KeyBenefitAreaRank>1</KeyBenefitAreaRank><Feature><FeatureCode>F400080916</FeatureCode><FeatureReferenceName>portable design for SS (2017)</FeatureReferenceName><FeatureName>Draagbaar ontwerp</FeatureName><FeatureLongDescription>Compacte draagbare TV: altijd van de partij</FeatureLongDescription><FeatureGlossary>Stijlvol, compact, licht en draagbaar. Op uw TV met klein scherm kunt u uw favoriete programma's bekijken waar u maar wilt, van uw keuken tot buiten op de camping met uw gezin. Met deze draagbare TV blijft u op de hoogte van het nieuws en uw favoriete sportteam. Neem de TV mee en bouw overal een feestje.</FeatureGlossary><FeatureRank>1</FeatureRank><FeatureTopRank>5</FeatureTopRank></Feature></KeyBenefitArea><KeyBenefitArea><KeyBenefitAreaCode>K4030256</KeyBenefitAreaCode><KeyBenefitAreaName>Altijd helder en levendig beeld</KeyBenefitAreaName><KeyBenefitAreaRank>2</KeyBenefitAreaRank><Feature><FeatureCode>F400076580</FeatureCode><FeatureReferenceName>Pixel Plus HD (2016)</FeatureReferenceName><FeatureName>Pixel Plus HD</FeatureName><FeatureLongDescription>Pixel Plus HD zorgt voor prachtige beelden waar u weg van zult zijn</FeatureLongDescription><FeatureGlossary>De Philips Pixel Plus HD Engine optimaliseert de beeldkwaliteit en levert helder beeld met prachtig contrast. Dus of u nu online streamt of een DVD kijkt, u kunt altijd genieten van beelden met helderder wit en zwarter zwart.</FeatureGlossary><FeatureRank>1</FeatureRank><FeatureTopRank>1</FeatureTopRank></Feature><Feature><FeatureCode>F400063331</FeatureCode><FeatureReferenceName>Full HD LED TV (2014)</FeatureReferenceName><FeatureName>Full HD LED-TV</FeatureName><FeatureLongDescription>Full HD LED-TV - schitterende LED-beelden met ongelofelijk contrast</FeatureLongDescription><FeatureGlossary>Beeldkwaliteit is belangrijk. Normale HDTV's leveren kwaliteit, maar u verwacht meer. Stelt u zich eens voor: scherpe details met hoge helderheid, ongelofelijk contrast en realistische kleuren voor een levensecht beeld.</FeatureGlossary><FeatureRank>2</FeatureRank><FeatureTopRank>2</FeatureTopRank></Feature></KeyBenefitArea><KeyBenefitArea><KeyBenefitAreaCode>K4022561</KeyBenefitAreaCode><KeyBenefitAreaName>Op uw gemak televisie kijken</KeyBenefitAreaName><KeyBenefitAreaRank>3</KeyBenefitAreaRank><Feature><FeatureCode>F400063306</FeatureCode><FeatureReferenceName>Two HDMI inputs with Easylink (2014)</FeatureReferenceName><FeatureName>Twee HDMI-ingangen met EasyLink</FeatureName><FeatureLongDescription>Twee HDMI-ingangen en EasyLink voor geïntegreerde connectiviteit</FeatureLongDescription><FeatureGlossary>Vermijd kabelwirwar met een enkele HDMI-kabel die beeld- en geluidssignalen van uw randapparatuur naar uw TV overbrengt. Doordat HDMI de signalen ongecomprimeerd overbrengt, gaat de goede kwaliteit van de bron niet verloren. Samen met Philips EasyLink hebt u slechts één afstandsbediening nodig voor de meeste handelingen op uw TV, DVD-speler, Blu-ray-speler, set-top box of home cinema-systeem.</FeatureGlossary><FeatureRank>1</FeatureRank><FeatureTopRank>3</FeatureTopRank></Feature><Feature><FeatureCode>F400063309</FeatureCode><FeatureReferenceName>USB (photos, music, video) (2014)</FeatureReferenceName><FeatureName>USB (foto's, muziek, video)</FeatureName><FeatureLongDescription>USB voor weergave van multimedia</FeatureLongDescription><FeatureGlossary>Samen plezier hebben. Sluit uw USB-stick, digitale camera, MP3-speler of ander multimedia-apparaat aan op de USB-poort van uw TV om te genieten van foto's, video's en muziek met de gebruiksvriendelijke inhoudsbrowser op het scherm.</FeatureGlossary><FeatureRank>2</FeatureRank><FeatureTopRank>4</FeatureTopRank></Feature></KeyBenefitArea><FeatureLogo><FeatureCode>F400063331</FeatureCode><FeatureReferenceName>Full HD LED TV (2014)</FeatureReferenceName><FeatureLogoRank>4</FeatureLogoRank></FeatureLogo><FeatureLogo><FeatureCode>F400076580</FeatureCode><FeatureReferenceName>Pixel Plus HD (2016)</FeatureReferenceName><FeatureLogoRank>5</FeatureLogoRank></FeatureLogo><FeatureLogo><FeatureCode>F400076635</FeatureCode><FeatureReferenceName>200 PPI (2016)</FeatureReferenceName><FeatureLogoRank>6</FeatureLogoRank></FeatureLogo><FeatureLogo><FeatureCode>F400063306</FeatureCode><FeatureReferenceName>Two HDMI inputs with Easylink (2014)</FeatureReferenceName><FeatureLogoRank>7</FeatureLogoRank></FeatureLogo><FeatureLogo><FeatureCode>F400063309</FeatureCode><FeatureReferenceName>USB (photos, music, video) (2014)</FeatureReferenceName><FeatureLogoRank>8</FeatureLogoRank></FeatureLogo><FeatureLogo><FeatureCode>F400086571</FeatureCode><FeatureReferenceName>DTS 2.0 and Digital Out</FeatureReferenceName><FeatureLogoRank>9</FeatureLogoRank></FeatureLogo><FeatureHighlight><FeatureCode>F400076580</FeatureCode><FeatureReferenceName>Pixel Plus HD (2016)</FeatureReferenceName><FeatureHighlightRank>1</FeatureHighlightRank></FeatureHighlight><FeatureHighlight><FeatureCode>F400063331</FeatureCode><FeatureReferenceName>Full HD LED TV (2014)</FeatureReferenceName><FeatureHighlightRank>2</FeatureHighlightRank></FeatureHighlight><FeatureHighlight><FeatureCode>F400063306</FeatureCode><FeatureReferenceName>Two HDMI inputs with Easylink (2014)</FeatureReferenceName><FeatureHighlightRank>3</FeatureHighlightRank></FeatureHighlight><FeatureHighlight><FeatureCode>F400063309</FeatureCode><FeatureReferenceName>USB (photos, music, video) (2014)</FeatureReferenceName><FeatureHighlightRank>4</FeatureHighlightRank></FeatureHighlight><FeatureHighlight><FeatureCode>F400080916</FeatureCode><FeatureReferenceName>portable design for SS (2017)</FeatureReferenceName><FeatureHighlightRank>5</FeatureHighlightRank></FeatureHighlight><CSChapter><CSChapterCode>3000796</CSChapterCode><CSChapterName>Beeld/scherm</CSChapterName><CSChapterRank>1</CSChapterRank><CSItem><CSItemCode>IT4009349</CSItemCode><CSItemName>Display</CSItemName><CSItemRank>1</CSItemRank><CSItemIsFreeFormat>0</CSItemIsFreeFormat><CSValue><CSValueCode>VA4026243</CSValueCode><CSValueName>Full HD LED</CSValueName><CSValueRank>1</CSValueRank></CSValue></CSItem><CSItem><CSItemCode>3006140</CSItemCode><CSItemName>Schermdiagonaal (centimeters)</CSItemName><CSItemRank>2</CSItemRank><CSItemIsFreeFormat>1</CSItemIsFreeFormat><CSValue><CSValueCode>3031123</CSValueCode><CSValueName>60</CSValueName><CSValueRank>1</CSValueRank></CSValue><UnitOfMeasure><UnitOfMeasureCode>3000039</UnitOfMeasureCode><UnitOfMeasureName>centimeter</UnitOfMeasureName><UnitOfMeasureSymbol>cm</UnitOfMeasureSymbol></UnitOfMeasure></CSItem><CSItem><CSItemCode>3006139</CSItemCode><CSItemName>Schermdiagonaal (inch)</CSItemName><CSItemRank>3</CSItemRank><CSItemIsFreeFormat>1</CSItemIsFreeFormat><CSValue><CSValueCode>3031122</CSValueCode><CSValueName>24</CSValueName><CSValueRank>1</CSValueRank></CSValue><UnitOfMeasure><UnitOfMeasureCode>3000047</UnitOfMeasureCode><UnitOfMeasureName>inch</UnitOfMeasureName><UnitOfMeasureSymbol>inch</UnitOfMeasureSymbol></UnitOfMeasure></CSItem><CSItem><CSItemCode>3006177</CSItemCode><CSItemName>Schermresolutie</CSItemName><CSItemRank>4</CSItemRank><CSItemIsFreeFormat>0</CSItemIsFreeFormat><CSValue><CSValueCode>3042789</CSValueCode><CSValueName>1920 x 1080p</CSValueName><CSValueRank>1</CSValueRank></CSValue></CSItem><CSItem><CSItemCode>3006121</CSItemCode><CSItemName>Beeldformaat</CSItemName><CSItemRank>5</CSItemRank><CSItemIsFreeFormat>0</CSItemIsFreeFormat><CSValue><CSValueCode>VA4077789</CSValueCode><CSValueName>4:3/16:9</CSValueName><CSValueRank>1</CSValueRank></CSValue></CSItem><CSItem><CSItemCode>3006183</CSItemCode><CSItemName>Beeldverbetering</CSItemName><CSItemRank>6</CSItemRank><CSItemIsFreeFormat>0</CSItemIsFreeFormat><CSValue><CSValueCode>VA4002941</CSValueCode><CSValueName>Pixel Plus HD</CSValueName><CSValueRank>1</CSValueRank></CSValue></CSItem></CSChapter><CSChapter><CSChapterCode>CH4005641</CSChapterCode><CSChapterName>Slimme interactie</CSChapterName><CSChapterRank>3</CSChapterRank><CSItem><CSItemCode>IT4027734</CSItemCode><CSItemName>Programmeren</CSItemName><CSItemRank>1</CSItemRank><CSItemIsFreeFormat>0</CSItemIsFreeFormat><CSValue><CSValueCode>VA4065069</CSValueCode><CSValueName>TV pauzeren</CSValueName><CSValueRank>1</CSValueRank></CSValue><CSValue><CSValueCode>VA4065070</CSValueCode><CSValueName>Opnemen via USB*</CSValueName><CSValueRank>2</CSValueRank></CSValue></CSItem><CSItem><CSItemCode>IT4027740</CSItemCode><CSItemName>Gebruiksgemak</CSItemName><CSItemRank>2</CSItemRank><CSItemIsFreeFormat>0</CSItemIsFreeFormat><CSValue><CSValueCode>VA4065091</CSValueCode><CSValueName>Home-knop</CSValueName><CSValueRank>1</CSValueRank></CSValue></CSItem><CSItem><CSItemCode>IT4027741</CSItemCode><CSItemName>Firmware-upgrade mogelijk</CSItemName><CSItemRank>3</CSItemRank><CSItemIsFreeFormat>0</CSItemIsFreeFormat><CSValue><CSValueCode>VA4065094</CSValueCode><CSValueName>Firmware te upgraden via USB</CSValueName><CSValueRank>1</CSValueRank></CSValue></CSItem><CSItem><CSItemCode>IT4027743</CSItemCode><CSItemName>Signaalsterkte-indicator</CSItemName><CSItemRank>4</CSItemRank><CSItemIsFreeFormat>0</CSItemIsFreeFormat><CSValue><CSValueCode>VA4065102</CSValueCode><CSValueName>Ja</CSValueName><CSValueRank>1</CSValueRank></CSValue></CSItem><CSItem><CSItemCode>IT4027744</CSItemCode><CSItemName>Teletekst</CSItemName><CSItemRank>5</CSItemRank><CSItemIsFreeFormat>0</CSItemIsFreeFormat><CSValue><CSValueCode>VA4077801</CSValueCode><CSValueName>1000 pagina's Hypertext</CSValueName><CSValueRank>1</CSValueRank></CSValue></CSItem><CSItem><CSItemCode>IT4027991</CSItemCode><CSItemName>Elektronische programmagids*</CSItemName><CSItemRank>6</CSItemRank><CSItemIsFreeFormat>0</CSItemIsFreeFormat><CSValue><CSValueCode>VA4065588</CSValueCode><CSValueName>Elektronische programmagids voor 8 dagen</CSValueName><CSValueRank>1</CSValueRank></CSValue></CSItem><CSItem><CSItemCode>IT4027742</CSItemCode><CSItemName>Aanpassingen van beeldformaat</CSItemName><CSItemRank>7</CSItemRank><CSItemIsFreeFormat>0</CSItemIsFreeFormat><CSValue><CSValueCode>VA4065097</CSValueCode><CSValueName>Automatisch zoomen</CSValueName><CSValueRank>1</CSValueRank></CSValue><CSValue><CSValueCode>VA4086484</CSValueCode><CSValueName>SuperZoom</CSValueName><CSValueRank>2</CSValueRank></CSValue><CSValue><CSValueCode>VA4065098</CSValueCode><CSValueName>Filmformaat 16:9</CSValueName><CSValueRank>3</CSValueRank></CSValue><CSValue><CSValueCode>VA4065100</CSValueCode><CSValueName>Niet geschaald</CSValueName><CSValueRank>4</CSValueRank></CSValue><CSValue><CSValueCode>VA4065581</CSValueCode><CSValueName>4:3</CSValueName><CSValueRank>5</CSValueRank></CSValue><CSValue><CSValueCode>VA4065584</CSValueCode><CSValueName>16:9</CSValueName><CSValueRank>6</CSValueRank></CSValue></CSItem></CSChapter><CSChapter><CSChapterCode>3000799</CSChapterCode><CSChapterName>Geluid</CSChapterName><CSChapterRank>4</CSChapterRank><CSItem><CSItemCode>3006270</CSItemCode><CSItemName>Uitgangsvermogen (RMS)</CSItemName><CSItemRank>1</CSItemRank><CSItemIsFreeFormat>1</CSItemIsFreeFormat><CSValue><CSValueCode>3031400</CSValueCode><CSValueName>6 W</CSValueName><CSValueRank>1</CSValueRank></CSValue></CSItem><CSItem><CSItemCode>3006277</CSItemCode><CSItemName>Geluidsverbetering</CSItemName><CSItemRank>2</CSItemRank><CSItemIsFreeFormat>0</CSItemIsFreeFormat><CSValue><CSValueCode>3031432</CSValueCode><CSValueName>Incredible Surround</CSValueName><CSValueRank>1</CSValueRank></CSValue><CSValue><CSValueCode>VA4021459</CSValueCode><CSValueName>Kristalhelder geluid</CSValueName><CSValueRank>2</CSValueRank></CSValue><CSValue><CSValueCode>3031412</CSValueCode><CSValueName>Automatische volumeregelaar</CSValueName><CSValueRank>3</CSValueRank></CSValue><CSValue><CSValueCode>VA4080232</CSValueCode><CSValueName>Basregeling</CSValueName><CSValueRank>4</CSValueRank></CSValue><CSValue><CSValueCode>3031442</CSValueCode><CSValueName>Smart Sound</CSValueName><CSValueRank>5</CSValueRank></CSValue></CSItem></CSChapter><CSChapter><CSChapterCode>3000813</CSChapterCode><CSChapterName>Connectiviteit</CSChapterName><CSChapterRank>5</CSChapterRank><CSItem><CSItemCode>IT4006781</CSItemCode><CSItemName>Aantal HDMI-aansluitingen</CSItemName><CSItemRank>1</CSItemRank><CSItemIsFreeFormat>0</CSItemIsFreeFormat><CSValue><CSValueCode>VA4018286</CSValueCode><CSValueName>2</CSValueName><CSValueRank>1</CSValueRank></CSValue></CSItem><CSItem><CSItemCode>IT4015984</CSItemCode><CSItemName>Aantal USB-aansluitingen</CSItemName><CSItemRank>2</CSItemRank><CSItemIsFreeFormat>0</CSItemIsFreeFormat><CSValue><CSValueCode>VA4032421</CSValueCode><CSValueName>1</CSValueName><CSValueRank>1</CSValueRank></CSValue></CSItem><CSItem><CSItemCode>IT4015982</CSItemCode><CSItemName>Aantal scart-aansluitingen (RGB/CVBS)</CSItemName><CSItemRank>3</CSItemRank><CSItemIsFreeFormat>0</CSItemIsFreeFormat><CSValue><CSValueCode>VA4032420</CSValueCode><CSValueName>1</CSValueName><CSValueRank>1</CSValueRank></CSValue></CSItem><CSItem><CSItemCode>3006573</CSItemCode><CSItemName>Andere aansluitingen</CSItemName><CSItemRank>4</CSItemRank><CSItemIsFreeFormat>0</CSItemIsFreeFormat><CSValue><CSValueCode>3032285</CSValueCode><CSValueName>IEC75-antenne</CSValueName><CSValueRank>1</CSValueRank></CSValue><CSValue><CSValueCode>VA4019747</CSValueCode><CSValueName>Common Interface Plus (CI+)</CSValueName><CSValueRank>2</CSValueRank></CSValue><CSValue><CSValueCode>VA4032430</CSValueCode><CSValueName>Digitale audio-uitgang (optisch)</CSValueName><CSValueRank>3</CSValueRank></CSValue><CSValue><CSValueCode>VA4081218</CSValueCode><CSValueName>Audio-ingang (DVI)</CSValueName><CSValueRank>4</CSValueRank></CSValue><CSValue><CSValueCode>VA4001121</CSValueCode><CSValueName>Hoofdtelefoonuitgang</CSValueName><CSValueRank>5</CSValueRank></CSValue><CSValue><CSValueCode>3037747</CSValueCode><CSValueName>PC-ingang VGA</CSValueName><CSValueRank>6</CSValueRank></CSValue></CSItem><CSItem><CSItemCode>IT4001802</CSItemCode><CSItemName>EasyLink (HDMI-CEC)</CSItemName><CSItemRank>5</CSItemRank><CSItemIsFreeFormat>0</CSItemIsFreeFormat><CSValue><CSValueCode>VA4006305</CSValueCode><CSValueName>Passthrough van afstandsbedieningen</CSValueName><CSValueRank>1</CSValueRank></CSValue><CSValue><CSValueCode>VA4006303</CSValueCode><CSValueName>Audiobediening</CSValueName><CSValueRank>2</CSValueRank></CSValue><CSValue><CSValueCode>VA4004662</CSValueCode><CSValueName>Stand-by</CSValueName><CSValueRank>3</CSValueRank></CSValue><CSValue><CSValueCode>VA4004661</CSValueCode><CSValueName>Afspelen met één druk op de knop</CSValueName><CSValueRank>4</CSValueRank></CSValue></CSItem></CSChapter><CSChapter><CSChapterCode>3000811</CSChapterCode><CSChapterName>Multimediatoepassingen</CSChapterName><CSChapterRank>6</CSChapterRank><CSItem><CSItemCode>IT4008764</CSItemCode><CSItemName>Videoweergaveformaten</CSItemName><CSItemRank>1</CSItemRank><CSItemIsFreeFormat>0</CSItemIsFreeFormat><CSValue><CSValueCode>VA4021454</CSValueCode><CSValueName>Containers: AVI, MKV</CSValueName><CSValueRank>1</CSValueRank></CSValue><CSValue><CSValueCode>VA4021455</CSValueCode><CSValueName>H264/MPEG-4 AVC</CSValueName><CSValueRank>2</CSValueRank></CSValue><CSValue><CSValueCode>VA4021451</CSValueCode><CSValueName>MPEG-1</CSValueName><CSValueRank>3</CSValueRank></CSValue><CSValue><CSValueCode>VA4021452</CSValueCode><CSValueName>MPEG-2</CSValueName><CSValueRank>4</CSValueRank></CSValue><CSValue><CSValueCode>VA4021453</CSValueCode><CSValueName>MPEG-4</CSValueName><CSValueRank>5</CSValueRank></CSValue><CSValue><CSValueCode>VA4021456</CSValueCode><CSValueName>WMV9/VC1</CSValueName><CSValueRank>6</CSValueRank></CSValue><CSValue><CSValueCode>VA4098821</CSValueCode><CSValueName>HEVC (H.265)</CSValueName><CSValueRank>7</CSValueRank></CSValue></CSItem><CSItem><CSItemCode>IT4033451</CSItemCode><CSItemName>Ondersteunde ondertitelindelingen</CSItemName><CSItemRank>2</CSItemRank><CSItemIsFreeFormat>0</CSItemIsFreeFormat><CSValue><CSValueCode>VA4077784</CSValueCode><CSValueName>.SMI</CSValueName><CSValueRank>1</CSValueRank></CSValue><CSValue><CSValueCode>VA4077783</CSValueCode><CSValueName>.SRT</CSValueName><CSValueRank>2</CSValueRank></CSValue><CSValue><CSValueCode>VA4077785</CSValueCode><CSValueName>.SSA</CSValueName><CSValueRank>3</CSValueRank></CSValue><CSValue><CSValueCode>VA4077786</CSValueCode><CSValueName>.SUB</CSValueName><CSValueRank>4</CSValueRank></CSValue><CSValue><CSValueCode>VA4077788</CSValueCode><CSValueName>.TXT</CSValueName><CSValueRank>5</CSValueRank></CSValue><CSValue><CSValueCode>VA4086482</CSValueCode><CSValueName>.ASS</CSValueName><CSValueRank>6</CSValueRank></CSValue></CSItem><CSItem><CSItemCode>IT4008762</CSItemCode><CSItemName>Muziekweergaveformaten</CSItemName><CSItemRank>3</CSItemRank><CSItemIsFreeFormat>0</CSItemIsFreeFormat><CSValue><CSValueCode>VA4021478</CSValueCode><CSValueName>AAC</CSValueName><CSValueRank>1</CSValueRank></CSValue><CSValue><CSValueCode>VA4021448</CSValueCode><CSValueName>MP3</CSValueName><CSValueRank>2</CSValueRank></CSValue><CSValue><CSValueCode>VA4086481</CSValueCode><CSValueName>WAV</CSValueName><CSValueRank>3</CSValueRank></CSValue><CSValue><CSValueCode>VA4021450</CSValueCode><CSValueName>WMA (versie 2 tot versie 9.2)</CSValueName><CSValueRank>4</CSValueRank></CSValue></CSItem><CSItem><CSItemCode>IT4008763</CSItemCode><CSItemName>Beeldweergaveformaten</CSItemName><CSItemRank>4</CSItemRank><CSItemIsFreeFormat>0</CSItemIsFreeFormat><CSValue><CSValueCode>VA4021449</CSValueCode><CSValueName>JPEG</CSValueName><CSValueRank>1</CSValueRank></CSValue><CSValue><CSValueCode>VA4065613</CSValueCode><CSValueName>BMP</CSValueName><CSValueRank>2</CSValueRank></CSValue><CSValue><CSValueCode>VA4065611</CSValueCode><CSValueName>GIF</CSValueName><CSValueRank>3</CSValueRank></CSValue><CSValue><CSValueCode>VA4065612</CSValueCode><CSValueName>PNG</CSValueName><CSValueRank>4</CSValueRank></CSValue></CSItem></CSChapter><CSChapter><CSChapterCode>3000797</CSChapterCode><CSChapterName>Ondersteunde beeldschermresolutie</CSChapterName><CSChapterRank>7</CSChapterRank><CSItem><CSItemCode>IT4009352</CSItemCode><CSItemName>Computeraansluitingen</CSItemName><CSItemRank>1</CSItemRank><CSItemIsFreeFormat>0</CSItemIsFreeFormat><CSValue><CSValueCode>VA4022503</CSValueCode><CSValueName>tot 1920 x 1080 bij 60 Hz</CSValueName><CSValueRank>1</CSValueRank></CSValue></CSItem><CSItem><CSItemCode>IT4009351</CSItemCode><CSItemName>Video-ingangen</CSItemName><CSItemRank>2</CSItemRank><CSItemIsFreeFormat>0</CSItemIsFreeFormat><CSValue><CSValueCode>VA4022493</CSValueCode><CSValueName>tot 1920 x 1080p</CSValueName><CSValueRank>1</CSValueRank></CSValue></CSItem></CSChapter><CSChapter><CSChapterCode>3000812</CSChapterCode><CSChapterName>Tuner/ontvangst/transmissie</CSChapterName><CSChapterRank>8</CSChapterRank><CSItem><CSItemCode>3007491</CSItemCode><CSItemName>Digitale TV</CSItemName><CSItemRank>1</CSItemRank><CSItemIsFreeFormat>0</CSItemIsFreeFormat><CSValue><CSValueCode>VA4067048</CSValueCode><CSValueName>DVB-T/T2/C</CSValueName><CSValueRank>1</CSValueRank></CSValue></CSItem><CSItem><CSItemCode>IT4028192</CSItemCode><CSItemName>MPEG-ondersteuning</CSItemName><CSItemRank>2</CSItemRank><CSItemIsFreeFormat>0</CSItemIsFreeFormat><CSValue><CSValueCode>VA4065926</CSValueCode><CSValueName>MPEG2</CSValueName><CSValueRank>1</CSValueRank></CSValue><CSValue><CSValueCode>VA4065927</CSValueCode><CSValueName>MPEG4</CSValueName><CSValueRank>2</CSValueRank></CSValue></CSItem><CSItem><CSItemCode>3006515</CSItemCode><CSItemName>Videoweergave</CSItemName><CSItemRank>3</CSItemRank><CSItemIsFreeFormat>0</CSItemIsFreeFormat><CSValue><CSValueCode>3032144</CSValueCode><CSValueName>NTSC</CSValueName><CSValueRank>1</CSValueRank></CSValue><CSValue><CSValueCode>3032145</CSValueCode><CSValueName>PAL</CSValueName><CSValueRank>2</CSValueRank></CSValue><CSValue><CSValueCode>3032146</CSValueCode><CSValueName>SECAM</CSValueName><CSValueRank>3</CSValueRank></CSValue></CSItem></CSChapter><CSChapter><CSChapterCode>3000821</CSChapterCode><CSChapterName>Vermogen</CSChapterName><CSChapterRank>9</CSChapterRank><CSItem><CSItemCode>3007003</CSItemCode><CSItemName>Netspanning</CSItemName><CSItemRank>1</CSItemRank><CSItemIsFreeFormat>1</CSItemIsFreeFormat><CSValue><CSValueCode>3033675</CSValueCode><CSValueName>220 - 240 V, 50/60 Hz</CSValueName><CSValueRank>1</CSValueRank></CSValue></CSItem><CSItem><CSItemCode>3007001</CSItemCode><CSItemName>Stroomverbruik in stand-bystand</CSItemName><CSItemRank>2</CSItemRank><CSItemIsFreeFormat>1</CSItemIsFreeFormat><CSValue><CSValueCode>3033673</CSValueCode><CSValueName>&lt; 0,3 W</CSValueName><CSValueRank>1</CSValueRank></CSValue></CSItem><CSItem><CSItemCode>IT4009431</CSItemCode><CSItemName>Energieverbruik wanneer uitgeschakeld</CSItemName><CSItemRank>3</CSItemRank><CSItemIsFreeFormat>1</CSItemIsFreeFormat><CSValue><CSValueCode>VA4022642</CSValueCode><CSValueName>&lt; 0,3</CSValueName><CSValueRank>1</CSValueRank></CSValue><UnitOfMeasure><UnitOfMeasureCode>3000072</UnitOfMeasureCode><UnitOfMeasureName>watt</UnitOfMeasureName><UnitOfMeasureSymbol>W</UnitOfMeasureSymbol></UnitOfMeasure></CSItem><CSItem><CSItemCode>4000081</CSItemCode><CSItemName>Omgevingstemperatuur</CSItemName><CSItemRank>4</CSItemRank><CSItemIsFreeFormat>0</CSItemIsFreeFormat><CSValue><CSValueCode>VA4002861</CSValueCode><CSValueName>5 °C tot 35 °C</CSValueName><CSValueRank>1</CSValueRank></CSValue></CSItem><CSItem><CSItemCode>IT4008765</CSItemCode><CSItemName>Functies voor energiebesparing</CSItemName><CSItemRank>5</CSItemRank><CSItemIsFreeFormat>0</CSItemIsFreeFormat><CSValue><CSValueCode>VA4021464</CSValueCode><CSValueName>Timer voor automatisch uitschakelen</CSValueName><CSValueRank>1</CSValueRank></CSValue><CSValue><CSValueCode>VA4021461</CSValueCode><CSValueName>Eco-modus</CSValueName><CSValueRank>2</CSValueRank></CSValue><CSValue><CSValueCode>VA4021463</CSValueCode><CSValueName>Beeld uit (voor radio)</CSValueName><CSValueRank>3</CSValueRank></CSValue></CSItem><CSItem><CSItemCode>IT4015354</CSItemCode><CSItemName>Energieklasse</CSItemName><CSItemRank>6</CSItemRank><CSItemIsFreeFormat>0</CSItemIsFreeFormat><CSValue><CSValueCode>VA4030805</CSValueCode><CSValueName>A+</CSValueName><CSValueRank>1</CSValueRank></CSValue></CSItem><CSItem><CSItemCode>IT4016791</CSItemCode><CSItemName>Europees energielabel (vermogen)</CSItemName><CSItemRank>7</CSItemRank><CSItemIsFreeFormat>1</CSItemIsFreeFormat><CSValue><CSValueCode>VA4033965</CSValueCode><CSValueName>20</CSValueName><CSValueRank>1</CSValueRank></CSValue><UnitOfMeasure><UnitOfMeasureCode>3000072</UnitOfMeasureCode><UnitOfMeasureName>watt</UnitOfMeasureName><UnitOfMeasureSymbol>W</UnitOfMeasureSymbol></UnitOfMeasure></CSItem><CSItem><CSItemCode>IT4013218</CSItemCode><CSItemName>Jaarlijks energieverbruik</CSItemName><CSItemRank>8</CSItemRank><CSItemIsFreeFormat>1</CSItemIsFreeFormat><CSValue><CSValueCode>VA4025546</CSValueCode><CSValueName>30</CSValueName><CSValueRank>1</CSValueRank></CSValue><UnitOfMeasure><UnitOfMeasureCode>4000161</UnitOfMeasureCode><UnitOfMeasureName>kilowattuur</UnitOfMeasureName><UnitOfMeasureSymbol>kWh</UnitOfMeasureSymbol></UnitOfMeasure></CSItem><CSItem><CSItemCode>IT4013217</CSItemCode><CSItemName>Hoeveelheid kwik</CSItemName><CSItemRank>9</CSItemRank><CSItemIsFreeFormat>1</CSItemIsFreeFormat><CSValue><CSValueCode>VA4025545</CSValueCode><CSValueName>0</CSValueName><CSValueRank>1</CSValueRank></CSValue><UnitOfMeasure><UnitOfMeasureCode>4000142</UnitOfMeasureCode><UnitOfMeasureName>mg</UnitOfMeasureName><UnitOfMeasureSymbol>mg</UnitOfMeasureSymbol></UnitOfMeasure></CSItem><CSItem><CSItemCode>IT4013214</CSItemCode><CSItemName>Aanwezigheid lood</CSItemName><CSItemRank>10</CSItemRank><CSItemIsFreeFormat>0</CSItemIsFreeFormat><CSValue><CSValueCode>VA4025541</CSValueCode><CSValueName>Ja*</CSValueName><CSValueRank>1</CSValueRank></CSValue></CSItem></CSChapter><CSChapter><CSChapterCode>3000820</CSChapterCode><CSChapterName>Afmetingen</CSChapterName><CSChapterRank>10</CSChapterRank><CSItem><CSItemCode>3006821</CSItemCode><CSItemName>Breedte van de doos</CSItemName><CSItemRank>1</CSItemRank><CSItemIsFreeFormat>1</CSItemIsFreeFormat><CSValue><CSValueCode>3033149</CSValueCode><CSValueName>630</CSValueName><CSValueRank>1</CSValueRank></CSValue><UnitOfMeasure><UnitOfMeasureCode>3000058</UnitOfMeasureCode><UnitOfMeasureName>millimeter</UnitOfMeasureName><UnitOfMeasureSymbol>millimeter</UnitOfMeasureSymbol></UnitOfMeasure></CSItem><CSItem><CSItemCode>3006820</CSItemCode><CSItemName>Hoogte van de doos</CSItemName><CSItemRank>2</CSItemRank><CSItemIsFreeFormat>1</CSItemIsFreeFormat><CSValue><CSValueCode>3033148</CSValueCode><CSValueName>425</CSValueName><CSValueRank>1</CSValueRank></CSValue><UnitOfMeasure><UnitOfMeasureCode>3000058</UnitOfMeasureCode><UnitOfMeasureName>millimeter</UnitOfMeasureName><UnitOfMeasureSymbol>millimeter</UnitOfMeasureSymbol></UnitOfMeasure></CSItem><CSItem><CSItemCode>3006819</CSItemCode><CSItemName>Diepte van de doos</CSItemName><CSItemRank>3</CSItemRank><CSItemIsFreeFormat>1</CSItemIsFreeFormat><CSValue><CSValueCode>3033147</CSValueCode><CSValueName>112</CSValueName><CSValueRank>1</CSValueRank></CSValue><UnitOfMeasure><UnitOfMeasureCode>3000058</UnitOfMeasureCode><UnitOfMeasureName>millimeter</UnitOfMeasureName><UnitOfMeasureSymbol>millimeter</UnitOfMeasureSymbol></UnitOfMeasure></CSItem><CSItem><CSItemCode>3006884</CSItemCode><CSItemName>Breedte van het apparaat</CSItemName><CSItemRank>4</CSItemRank><CSItemIsFreeFormat>1</CSItemIsFreeFormat><CSValue><CSValueCode>3033219</CSValueCode><CSValueName>562,3</CSValueName><CSValueRank>1</CSValueRank></CSValue><UnitOfMeasure><UnitOfMeasureCode>3000058</UnitOfMeasureCode><UnitOfMeasureName>millimeter</UnitOfMeasureName><UnitOfMeasureSymbol>millimeter</UnitOfMeasureSymbol></UnitOfMeasure></CSItem><CSItem><CSItemCode>3006882</CSItemCode><CSItemName>Hoogte van het apparaat</CSItemName><CSItemRank>5</CSItemRank><CSItemIsFreeFormat>1</CSItemIsFreeFormat><CSValue><CSValueCode>3033217</CSValueCode><CSValueName>336,6</CSValueName><CSValueRank>1</CSValueRank></CSValue><UnitOfMeasure><UnitOfMeasureCode>3000058</UnitOfMeasureCode><UnitOfMeasureName>millimeter</UnitOfMeasureName><UnitOfMeasureSymbol>millimeter</UnitOfMeasureSymbol></UnitOfMeasure></CSItem><CSItem><CSItemCode>3006881</CSItemCode><CSItemName>Diepte van het apparaat</CSItemName><CSItemRank>6</CSItemRank><CSItemIsFreeFormat>1</CSItemIsFreeFormat><CSValue><CSValueCode>3033216</CSValueCode><CSValueName>61,8</CSValueName><CSValueRank>1</CSValueRank></CSValue><UnitOfMeasure><UnitOfMeasureCode>3000058</UnitOfMeasureCode><UnitOfMeasureName>millimeter</UnitOfMeasureName><UnitOfMeasureSymbol>millimeter</UnitOfMeasureSymbol></UnitOfMeasure></CSItem><CSItem><CSItemCode>IT4042932</CSItemCode><CSItemName>Breedte TV-standaard</CSItemName><CSItemRank>7</CSItemRank><CSItemIsFreeFormat>1</CSItemIsFreeFormat><CSValue><CSValueCode>VA4099201</CSValueCode><CSValueName>373,4</CSValueName><CSValueRank>1</CSValueRank></CSValue><UnitOfMeasure><UnitOfMeasureCode>3000058</UnitOfMeasureCode><UnitOfMeasureName>millimeter</UnitOfMeasureName><UnitOfMeasureSymbol>millimeter</UnitOfMeasureSymbol></UnitOfMeasure></CSItem><CSItem><CSItemCode>3010081</CSItemCode><CSItemName>Breedte van het apparaat (met standaard)</CSItemName><CSItemRank>8</CSItemRank><CSItemIsFreeFormat>1</CSItemIsFreeFormat><CSValue><CSValueCode>3045267</CSValueCode><CSValueName>562,3</CSValueName><CSValueRank>1</CSValueRank></CSValue><UnitOfMeasure><UnitOfMeasureCode>3000058</UnitOfMeasureCode><UnitOfMeasureName>millimeter</UnitOfMeasureName><UnitOfMeasureSymbol>millimeter</UnitOfMeasureSymbol></UnitOfMeasure></CSItem><CSItem><CSItemCode>3010080</CSItemCode><CSItemName>Hoogte van het apparaat (met standaard)</CSItemName><CSItemRank>9</CSItemRank><CSItemIsFreeFormat>1</CSItemIsFreeFormat><CSValue><CSValueCode>3045266</CSValueCode><CSValueName>340,4</CSValueName><CSValueRank>1</CSValueRank></CSValue><UnitOfMeasure><UnitOfMeasureCode>3000058</UnitOfMeasureCode><UnitOfMeasureName>millimeter</UnitOfMeasureName><UnitOfMeasureSymbol>millimeter</UnitOfMeasureSymbol></UnitOfMeasure></CSItem><CSItem><CSItemCode>3010079</CSItemCode><CSItemName>Diepte van het apparaat (met standaard)</CSItemName><CSItemRank>10</CSItemRank><CSItemIsFreeFormat>1</CSItemIsFreeFormat><CSValue><CSValueCode>3045265</CSValueCode><CSValueName>118,1</CSValueName><CSValueRank>1</CSValueRank></CSValue><UnitOfMeasure><UnitOfMeasureCode>3000058</UnitOfMeasureCode><UnitOfMeasureName>millimeter</UnitOfMeasureName><UnitOfMeasureSymbol>millimeter</UnitOfMeasureSymbol></UnitOfMeasure></CSItem><CSItem><CSItemCode>3006873</CSItemCode><CSItemName>Gewicht van het product</CSItemName><CSItemRank>11</CSItemRank><CSItemIsFreeFormat>1</CSItemIsFreeFormat><CSValue><CSValueCode>3033208</CSValueCode><CSValueName>3,2</CSValueName><CSValueRank>1</CSValueRank></CSValue><UnitOfMeasure><UnitOfMeasureCode>3000049</UnitOfMeasureCode><UnitOfMeasureName>kilogram</UnitOfMeasureName><UnitOfMeasureSymbol>kg</UnitOfMeasureSymbol></UnitOfMeasure></CSItem><CSItem><CSItemCode>3010611</CSItemCode><CSItemName>Gewicht (incl. standaard)</CSItemName><CSItemRank>12</CSItemRank><CSItemIsFreeFormat>1</CSItemIsFreeFormat><CSValue><CSValueCode>3047710</CSValueCode><CSValueName>3.3</CSValueName><CSValueRank>1</CSValueRank></CSValue><UnitOfMeasure><UnitOfMeasureCode>3000049</UnitOfMeasureCode><UnitOfMeasureName>kilogram</UnitOfMeasureName><UnitOfMeasureSymbol>kg</UnitOfMeasureSymbol></UnitOfMeasure></CSItem><CSItem><CSItemCode>3006911</CSItemCode><CSItemName>Gewicht (incl. verpakking)</CSItemName><CSItemRank>13</CSItemRank><CSItemIsFreeFormat>1</CSItemIsFreeFormat><CSValue><CSValueCode>3033246</CSValueCode><CSValueName>4,3</CSValueName><CSValueRank>1</CSValueRank></CSValue><UnitOfMeasure><UnitOfMeasureCode>3000049</UnitOfMeasureCode><UnitOfMeasureName>kilogram</UnitOfMeasureName><UnitOfMeasureSymbol>kg</UnitOfMeasureSymbol></UnitOfMeasure></CSItem><CSItem><CSItemCode>4000961</CSItemCode><CSItemName>Compatibel met VESA-wandmontagesysteem</CSItemName><CSItemRank>14</CSItemRank><CSItemIsFreeFormat>0</CSItemIsFreeFormat><CSValue><CSValueCode>VA4002661</CSValueCode><CSValueName>75 x 75 mm</CSValueName><CSValueRank>1</CSValueRank></CSValue></CSItem></CSChapter><CSChapter><CSChapterCode>CH4007881</CSChapterCode><CSChapterName>Kleur en afwerking</CSChapterName><CSChapterRank>11</CSChapterRank><CSItem><CSItemCode>IT4038828</CSItemCode><CSItemName>Voorkant TV</CSItemName><CSItemRank>1</CSItemRank><CSItemIsFreeFormat>0</CSItemIsFreeFormat><CSValue><CSValueCode>VA4090136</CSValueCode><CSValueName>Hoogglanzend zwart</CSValueName><CSValueRank>1</CSValueRank></CSValue></CSItem></CSChapter><CSChapter><CSChapterCode>3000815</CSChapterCode><CSChapterName>Accessoires</CSChapterName><CSChapterRank>12</CSChapterRank><CSItem><CSItemCode>3006778</CSItemCode><CSItemName>Meegeleverde accessoires</CSItemName><CSItemRank>1</CSItemRank><CSItemIsFreeFormat>0</CSItemIsFreeFormat><CSValue><CSValueCode>3033001</CSValueCode><CSValueName>Afstandsbediening</CSValueName><CSValueRank>1</CSValueRank></CSValue><CSValue><CSValueCode>3047451</CSValueCode><CSValueName>2 AAA-batterijen</CSValueName><CSValueRank>2</CSValueRank></CSValue><CSValue><CSValueCode>3033554</CSValueCode><CSValueName>Voedingskabel</CSValueName><CSValueRank>3</CSValueRank></CSValue><CSValue><CSValueCode>3033561</CSValueCode><CSValueName>Snelstartgids</CSValueName><CSValueRank>4</CSValueRank></CSValue><CSValue><CSValueCode>VA4015925</CSValueCode><CSValueName>Brochure met wettelijk verplichte informatie en veiligheidsgegevens</CSValueName><CSValueRank>5</CSValueRank></CSValue><CSValue><CSValueCode>3033021</CSValueCode><CSValueName>Tafelstandaard</CSValueName><CSValueRank>6</CSValueRank></CSValue></CSItem></CSChapter><Filters><Purpose type="Comparison"><Features><Feature code="F400076580" rank="1" referenceName="Pixel Plus HD (2016)"/><Feature code="F400063331" rank="2" referenceName="Full HD LED TV (2014)"/><Feature code="F400063306" rank="3" referenceName="Two HDMI inputs with Easylink (2014)"/><Feature code="F400063309" rank="4" referenceName="USB (photos, music, video) (2014)"/><Feature code="F400080916" rank="5" referenceName="portable design for SS (2017)"/></Features><CSItems><CSItem code="IT4009349" rank="1" referenceName="Beeld/scherm - Display"/><CSItem code="IT4027734" rank="1" referenceName="Slimme interactie - Programmeren"/><CSItem code="3006270" rank="1" referenceName="Geluid - Uitgangsvermogen (RMS)"/><CSItem code="IT4006781" rank="1" referenceName="Connectiviteit - Aantal HDMI-aansluitingen"/><CSItem code="IT4008764" rank="1" referenceName="Multimediatoepassingen - Videoweergaveformaten"/><CSItem code="IT4009352" rank="1" referenceName="Ondersteunde beeldschermresolutie - Computeraansluitingen"/><CSItem code="3007491" rank="1" referenceName="Tuner/ontvangst/transmissie - Digitale TV"/><CSItem code="3007003" rank="1" referenceName="Vermogen - Netspanning"/><CSItem code="3006821" rank="1" referenceName="Afmetingen - Breedte van de doos"/><CSItem code="IT4038828" rank="1" referenceName="Kleur en afwerking - Voorkant TV"/><CSItem code="3006778" rank="1" referenceName="Accessoires - Meegeleverde accessoires"/><CSItem code="3006140" rank="2" referenceName="Beeld/scherm - Schermdiagonaal (centimeters)"/><CSItem code="IT4027740" rank="2" referenceName="Slimme interactie - Gebruiksgemak"/><CSItem code="3006277" rank="2" referenceName="Geluid - Geluidsverbetering"/><CSItem code="IT4015984" rank="2" referenceName="Connectiviteit - Aantal USB-aansluitingen"/><CSItem code="IT4033451" rank="2" referenceName="Multimediatoepassingen - Ondersteunde ondertitelindelingen"/><CSItem code="IT4009351" rank="2" referenceName="Ondersteunde beeldschermresolutie - Video-ingangen"/><CSItem code="IT4028192" rank="2" referenceName="Tuner/ontvangst/transmissie - MPEG-ondersteuning"/><CSItem code="3007001" rank="2" referenceName="Vermogen - Stroomverbruik in stand-bystand"/><CSItem code="3006820" rank="2" referenceName="Afmetingen - Hoogte van de doos"/><CSItem code="3006139" rank="3" referenceName="Beeld/scherm - Schermdiagonaal (inch)"/><CSItem code="IT4027741" rank="3" referenceName="Slimme interactie - Firmware-upgrade mogelijk"/><CSItem code="IT4015982" rank="3" referenceName="Connectiviteit - Aantal scart-aansluitingen (RGB/CVBS)"/><CSItem code="IT4008762" rank="3" referenceName="Multimediatoepassingen - Muziekweergaveformaten"/><CSItem code="3006515" rank="3" referenceName="Tuner/ontvangst/transmissie - Videoweergave"/><CSItem code="IT4009431" rank="3" referenceName="Vermogen - Energieverbruik wanneer uitgeschakeld"/><CSItem code="3006819" rank="3" referenceName="Afmetingen - Diepte van de doos"/><CSItem code="3006177" rank="4" referenceName="Beeld/scherm - Schermresolutie"/><CSItem code="IT4027743" rank="4" referenceName="Slimme interactie - Signaalsterkte-indicator"/><CSItem code="3006573" rank="4" referenceName="Connectiviteit - Andere aansluitingen"/><CSItem code="IT4008763" rank="4" referenceName="Multimediatoepassingen - Beeldweergaveformaten"/><CSItem code="4000081" rank="4" referenceName="Vermogen - Omgevingstemperatuur"/><CSItem code="3006884" rank="4" referenceName="Afmetingen - Breedte van het apparaat"/><CSItem code="3006121" rank="5" referenceName="Beeld/scherm - Beeldformaat"/><CSItem code="IT4027744" rank="5" referenceName="Slimme interactie - Teletekst"/><CSItem code="IT4001802" rank="5" referenceName="Connectiviteit - EasyLink (HDMI-CEC)"/><CSItem code="IT4008765" rank="5" referenceName="Vermogen - Functies voor energiebesparing"/><CSItem code="3006882" rank="5" referenceName="Afmetingen - Hoogte van het apparaat"/><CSItem code="3006183" rank="6" referenceName="Beeld/scherm - Beeldverbetering"/><CSItem code="IT4027991" rank="6" referenceName="Slimme interactie - Elektronische programmagids*"/><CSItem code="IT4015354" rank="6" referenceName="Vermogen - Energieklasse"/><CSItem code="3006881" rank="6" referenceName="Afmetingen - Diepte van het apparaat"/><CSItem code="IT4027742" rank="7" referenceName="Slimme interactie - Aanpassingen van beeldformaat"/><CSItem code="IT4016791" rank="7" referenceName="Vermogen - Europees energielabel (vermogen)"/><CSItem code="IT4042932" rank="7" referenceName="Afmetingen - Breedte TV-standaard"/><CSItem code="IT4013218" rank="8" referenceName="Vermogen - Jaarlijks energieverbruik"/><CSItem code="3010081" rank="8" referenceName="Afmetingen - Breedte van het apparaat (met standaard)"/><CSItem code="IT4013217" rank="9" referenceName="Vermogen - Hoeveelheid kwik"/><CSItem code="3010080" rank="9" referenceName="Afmetingen - Hoogte van het apparaat (met standaard)"/><CSItem code="IT4013214" rank="10" referenceName="Vermogen - Aanwezigheid lood"/><CSItem code="3010079" rank="10" referenceName="Afmetingen - Diepte van het apparaat (met standaard)"/><CSItem code="3006873" rank="11" referenceName="Afmetingen - Gewicht van het product"/><CSItem code="3010611" rank="12" referenceName="Afmetingen - Gewicht (incl. standaard)"/><CSItem code="3006911" rank="13" referenceName="Afmetingen - Gewicht (incl. verpakking)"/><CSItem code="4000961" rank="14" referenceName="Afmetingen - Compatibel met VESA-wandmontagesysteem"/></CSItems></Purpose><Purpose type="Detail"><Features><Feature code="F400076580" rank="1" referenceName="Pixel Plus HD (2016)"/><Feature code="F400063331" rank="2" referenceName="Full HD LED TV (2014)"/><Feature code="F400063306" rank="3" referenceName="Two HDMI inputs with Easylink (2014)"/><Feature code="F400063309" rank="4" referenceName="USB (photos, music, video) (2014)"/><Feature code="F400080916" rank="5" referenceName="portable design for SS (2017)"/></Features><CSItems><CSItem code="IT4009349" rank="1" referenceName="Beeld/scherm - Display"/><CSItem code="IT4027734" rank="1" referenceName="Slimme interactie - Programmeren"/><CSItem code="3006270" rank="1" referenceName="Geluid - Uitgangsvermogen (RMS)"/><CSItem code="IT4006781" rank="1" referenceName="Connectiviteit - Aantal HDMI-aansluitingen"/><CSItem code="IT4008764" rank="1" referenceName="Multimediatoepassingen - Videoweergaveformaten"/><CSItem code="IT4009352" rank="1" referenceName="Ondersteunde beeldschermresolutie - Computeraansluitingen"/><CSItem code="3007491" rank="1" referenceName="Tuner/ontvangst/transmissie - Digitale TV"/><CSItem code="3007003" rank="1" referenceName="Vermogen - Netspanning"/><CSItem code="3006821" rank="1" referenceName="Afmetingen - Breedte van de doos"/><CSItem code="IT4038828" rank="1" referenceName="Kleur en afwerking - Voorkant TV"/><CSItem code="3006778" rank="1" referenceName="Accessoires - Meegeleverde accessoires"/><CSItem code="3006140" rank="2" referenceName="Beeld/scherm - Schermdiagonaal (centimeters)"/><CSItem code="IT4027740" rank="2" referenceName="Slimme interactie - Gebruiksgemak"/><CSItem code="3006277" rank="2" referenceName="Geluid - Geluidsverbetering"/><CSItem code="IT4015984" rank="2" referenceName="Connectiviteit - Aantal USB-aansluitingen"/><CSItem code="IT4033451" rank="2" referenceName="Multimediatoepassingen - Ondersteunde ondertitelindelingen"/><CSItem code="IT4009351" rank="2" referenceName="Ondersteunde beeldschermresolutie - Video-ingangen"/><CSItem code="IT4028192" rank="2" referenceName="Tuner/ontvangst/transmissie - MPEG-ondersteuning"/><CSItem code="3007001" rank="2" referenceName="Vermogen - Stroomverbruik in stand-bystand"/><CSItem code="3006820" rank="2" referenceName="Afmetingen - Hoogte van de doos"/><CSItem code="3006139" rank="3" referenceName="Beeld/scherm - Schermdiagonaal (inch)"/><CSItem code="IT4027741" rank="3" referenceName="Slimme interactie - Firmware-upgrade mogelijk"/><CSItem code="IT4015982" rank="3" referenceName="Connectiviteit - Aantal scart-aansluitingen (RGB/CVBS)"/><CSItem code="IT4008762" rank="3" referenceName="Multimediatoepassingen - Muziekweergaveformaten"/><CSItem code="3006515" rank="3" referenceName="Tuner/ontvangst/transmissie - Videoweergave"/><CSItem code="IT4009431" rank="3" referenceName="Vermogen - Energieverbruik wanneer uitgeschakeld"/><CSItem code="3006819" rank="3" referenceName="Afmetingen - Diepte van de doos"/><CSItem code="3006177" rank="4" referenceName="Beeld/scherm - Schermresolutie"/><CSItem code="IT4027743" rank="4" referenceName="Slimme interactie - Signaalsterkte-indicator"/><CSItem code="3006573" rank="4" referenceName="Connectiviteit - Andere aansluitingen"/><CSItem code="IT4008763" rank="4" referenceName="Multimediatoepassingen - Beeldweergaveformaten"/><CSItem code="4000081" rank="4" referenceName="Vermogen - Omgevingstemperatuur"/><CSItem code="3006884" rank="4" referenceName="Afmetingen - Breedte van het apparaat"/><CSItem code="3006121" rank="5" referenceName="Beeld/scherm - Beeldformaat"/><CSItem code="IT4027744" rank="5" referenceName="Slimme interactie - Teletekst"/><CSItem code="IT4001802" rank="5" referenceName="Connectiviteit - EasyLink (HDMI-CEC)"/><CSItem code="IT4008765" rank="5" referenceName="Vermogen - Functies voor energiebesparing"/><CSItem code="3006882" rank="5" referenceName="Afmetingen - Hoogte van het apparaat"/><CSItem code="3006183" rank="6" referenceName="Beeld/scherm - Beeldverbetering"/><CSItem code="IT4027991" rank="6" referenceName="Slimme interactie - Elektronische programmagids*"/><CSItem code="IT4015354" rank="6" referenceName="Vermogen - Energieklasse"/><CSItem code="3006881" rank="6" referenceName="Afmetingen - Diepte van het apparaat"/><CSItem code="IT4027742" rank="7" referenceName="Slimme interactie - Aanpassingen van beeldformaat"/><CSItem code="IT4016791" rank="7" referenceName="Vermogen - Europees energielabel (vermogen)"/><CSItem code="IT4042932" rank="7" referenceName="Afmetingen - Breedte TV-standaard"/><CSItem code="IT4013218" rank="8" referenceName="Vermogen - Jaarlijks energieverbruik"/><CSItem code="3010081" rank="8" referenceName="Afmetingen - Breedte van het apparaat (met standaard)"/><CSItem code="IT4013217" rank="9" referenceName="Vermogen - Hoeveelheid kwik"/><CSItem code="3010080" rank="9" referenceName="Afmetingen - Hoogte van het apparaat (met standaard)"/><CSItem code="IT4013214" rank="10" referenceName="Vermogen - Aanwezigheid lood"/><CSItem code="3010079" rank="10" referenceName="Afmetingen - Diepte van het apparaat (met standaard)"/><CSItem code="3006873" rank="11" referenceName="Afmetingen - Gewicht van het product"/><CSItem code="3010611" rank="12" referenceName="Afmetingen - Gewicht (incl. standaard)"/><CSItem code="3006911" rank="13" referenceName="Afmetingen - Gewicht (incl. verpakking)"/><CSItem code="4000961" rank="14" referenceName="Afmetingen - Compatibel met VESA-wandmontagesysteem"/></CSItems></Purpose></Filters><FeatureCompareGroups/><Disclaimers><Disclaimer code="DIS40004404" rank="1" referenceName="8 days EPG"><DisclaimerText>EPG en actuele gegevens (tot 8 dagen) zijn afhankelijk van land en kabelmaatschappij.</DisclaimerText><DisclaimElements/></Disclaimer><Disclaimer code="DIS40001802" rank="2" referenceName="Annual energy consumption"><DisclaimerText>Energieverbruik in kWh per jaar, op basis van het stroomverbruik van de televisie als deze 4 uur per dag, 365 dagen per jaar is ingeschakeld. Het werkelijke energieverbruik hangt af van hoe de televisie wordt gebruikt.</DisclaimerText><DisclaimElements/></Disclaimer><Disclaimer code="DIS40001441" rank="3" referenceName="DVB  disclaimer (2010)"><DisclaimerText>De TV biedt ondersteuning voor gratis DVB-uitzendingen. Mogelijk worden bepaalde DVB-aanbieders niet ondersteund. Ga voor een recente lijst met aanbieders naar het gedeelte met veelgestelde vragen van de ondersteuningswebsite van Philips. Voor bepaalde aanbieders zijn voorwaarden en een abonnement vereist. Neem voor meer informatie contact op met uw aanbieder.</DisclaimerText><DisclaimElements/></Disclaimer><Disclaimer code="DIS40006403" rank="4" referenceName="for all (Philips)"><DisclaimerText>(Philips) alleen compatibel met specifieke Philips player-apparaten.</DisclaimerText><DisclaimElements/></Disclaimer><Disclaimer code="DIS40001803" rank="5" referenceName="This television contains lead only in certain parts"><DisclaimerText>Deze televisie bevat lood in bepaalde onderdelen of componenten waarvoor geen alternatieve technologie bestaat, in overeenstemming met bestaande vrijstellingsclausules van de RoHS-richtlijn.</DisclaimerText><DisclaimElements/></Disclaimer></Disclaimers><AccessoryByPacked><AccessoryByPackedCode>ABPP_3033001</AccessoryByPackedCode><AccessoryByPackedReference>Afstandsbediening</AccessoryByPackedReference><AccessoryByPackedName>Afstandsbediening</AccessoryByPackedName><AccessoryByPackedRank>1</AccessoryByPackedRank></AccessoryByPacked><AccessoryByPacked><AccessoryByPackedCode>ABPP_3047451</AccessoryByPackedCode><AccessoryByPackedReference>2 AAA-batterijen</AccessoryByPackedReference><AccessoryByPackedName>2 AAA-batterijen</AccessoryByPackedName><AccessoryByPackedRank>2</AccessoryByPackedRank></AccessoryByPacked><AccessoryByPacked><AccessoryByPackedCode>ABPP_3033554</AccessoryByPackedCode><AccessoryByPackedReference>Voedingskabel</AccessoryByPackedReference><AccessoryByPackedName>Voedingskabel</AccessoryByPackedName><AccessoryByPackedRank>3</AccessoryByPackedRank></AccessoryByPacked><AccessoryByPacked><AccessoryByPackedCode>ABPP_3033561</AccessoryByPackedCode><AccessoryByPackedReference>Snelstartgids</AccessoryByPackedReference><AccessoryByPackedName>Snelstartgids</AccessoryByPackedName><AccessoryByPackedRank>4</AccessoryByPackedRank></AccessoryByPacked><AccessoryByPacked><AccessoryByPackedCode>ABPP_VA4015925</AccessoryByPackedCode><AccessoryByPackedReference>Brochure met wettelijk verplichte informatie en veiligheidsgegevens</AccessoryByPackedReference><AccessoryByPackedName>Brochure met wettelijk verplichte informatie en veiligheidsgegevens</AccessoryByPackedName><AccessoryByPackedRank>5</AccessoryByPackedRank></AccessoryByPacked><AccessoryByPacked><AccessoryByPackedCode>ABPP_3033021</AccessoryByPackedCode><AccessoryByPackedReference>Tafelstandaard</AccessoryByPackedReference><AccessoryByPackedName>Tafelstandaard</AccessoryByPackedName><AccessoryByPackedRank>6</AccessoryByPackedRank></AccessoryByPacked><ProductReference ProductReferenceType="Accessory"><CTN>SRU5110/86</CTN><ProductReferenceRank>0</ProductReferenceRank></ProductReference><RichTexts/></Product></Products>