<?xml version="1.0" encoding="UTF-8"?><Products xmlns:source="http://apache.org/cocoon/source/1.0" DocStatus="approved" DocTimeStamp="2018-10-20T07:18:48"><Product Country="NL" IsAccessory="false" IsLocalized="true" IsMaster="false" Locale="nl_NL" lastModified="2018-10-15T04:26:34" masterLastModified="2017-07-05T00:39:32"><CTN>227E6EDSD/00</CTN><Code12NC>867000124344</Code12NC><GTIN>8712581731311</GTIN><MarketingVersion>6.0.1</MarketingVersion><MarketingStatus>Final Published</MarketingStatus><CRDate>2014-12-05</CRDate><CRDateYW>201449</CRDateYW><ModelYears><ModelYear>2014</ModelYear><ModelYear>2015</ModelYear></ModelYears><ProductDivision><ProductDivisionCode>0200</ProductDivisionCode><ProductDivisionName>Consumer Lifestyle</ProductDivisionName><FormerPDCode>3400</FormerPDCode></ProductDivision><ProductOwner>Jessica Chang</ProductOwner><DTN>227E6EDSD/00</DTN><Catalog><StartOfPublication>2015-01-05T00:00:00</StartOfPublication><EndOfPublication>2019-12-31T00:00:00</EndOfPublication><StartOfSales>2015-01-05T00:00:00</StartOfSales><EndOfSales>2019-12-31T00:00:00</EndOfSales><DummyPrice/><Deleted>false</Deleted><DeleteAfterDate/><ProductRank>50</ProductRank></Catalog><FinancialCategorization><BusinessGroupCode>6918</BusinessGroupCode><BusinessGroupName>TV</BusinessGroupName><BusinessUnitCode>0655</BusinessUnitCode><BusinessUnitName>Monitors</BusinessUnitName><MainArticleGroupCode>J89</MainArticleGroupCode><MainArticleGroupName>Monitors</MainArticleGroupName><ArticleGroupCode>3789</ArticleGroupCode><ArticleGroupName>Monitors global</ArticleGroupName></FinancialCategorization><Categorization type="CONSUMER"><GroupCode>SOUND_AND_VISION_GR</GroupCode><GroupName>Sound &amp; vision</GroupName><CategoryCode>SV_MONITORS_CA</CategoryCode><CategoryName>Monitors</CategoryName><SubcategoryCode>SV_OTHERS_SU</SubcategoryCode><SubcategoryName>Others</SubcategoryName></Categorization><Assets><Asset code="227E6EDSD_00" description="User manual" extension="pdf" lastModified="2015-01-09" locale="nl_NL" number="001" type="DFU">http://download.p4c.philips.com/files/2/227e6edsd_00/227e6edsd_00_dfu_nld.pdf</Asset><Asset code="227E6EDSD_00" description="High Quality product movie 1" extension="mp4" lastModified="2015-12-11" locale="nl_NL" number="001" type="HQ1">http://download.p4c.philips.com/files/2/227e6edsd_00/227e6edsd_00_hq1_nld.mp4</Asset><Asset code="227E6EDSD_00" description="Leaflet" extension="pdf" lastModified="2017-11-16" locale="nl_NL" number="001" type="PSS">http://download.p4c.philips.com/files/2/227e6edsd_00/227e6edsd_00_pss_nldnl.pdf</Asset><Asset code="227E6EDSD_00" description="Retail Trade Leaflet" extension="pdf" lastModified="2018-09-08" locale="nl_NL" number="001" type="RTL">http://download.p4c.philips.com/files/2/227e6edsd_00/227e6edsd_00_rtl_nldnl.pdf</Asset><Asset code="227E6EDSD_00" description="Front product photograph - highres 2196x1795" extension="tif" lastModified="2014-09-24" locale="global" number="001" type="_FP">http://images.philips.com/is/image/PhilipsConsumer/227E6EDSD_00-_FP-global-001</Asset><Asset code="227E6EDSD_00" description="Energy Label - Rainbow " extension="pdf" lastModified="2016-12-13" locale="global" number="001" type="ELR">http://download.p4c.philips.com/files/2/227e6edsd_00/227e6edsd_00_elr_.pdf</Asset><Asset code="227E6EDSD_00" description="Main in-use photograph - highres 2480x1462" extension="tif" lastModified="2015-02-12" locale="global" number="001" type="MI1">http://images.philips.com/is/image/PhilipsConsumer/227E6EDSD_00-MI1-global-001</Asset><Asset code="227E6EDSD_00" description="Leaflet" extension="pdf" lastModified="2017-11-16" locale="global" number="001" type="PSS">http://download.p4c.philips.com/files/2/227e6edsd_00/227e6edsd_00_pss_.pdf</Asset><Asset code="227E6EDSD_00" description="Standard product photograph - highres 2196x1795" extension="tif" lastModified="2014-09-24" locale="global" number="001" type="RTP">http://images.philips.com/is/image/PhilipsConsumer/227E6EDSD_00-RTP-global-001</Asset><Asset code="227E6EDSD_00" description="Single product shot" extension="" lastModified="2018-10-15" locale="nl_NL" number="" type="IMS">http://images.philips.com/is/image/PhilipsConsumer/227E6EDSD_00-IMS-nl_NL</Asset><Asset code="227E6EDSD_00" description="Product gallery image set" extension="" lastModified="2018-10-15" locale="nl_NL" number="" type="GAL">http://images.philips.com/is/image/PhilipsConsumer/227E6EDSD_00-GAL-nl_NL</Asset><Asset code="227E6EDSD_00" description="Product URL" extension="" lastModified="2018-10-15" locale="nl_NL" number="" type="URL">http://www.philips.nl/c-p/227E6EDSD_00/lcd-monitor-met-softblue-technologie</Asset><Asset code="ALA_216585523NL" description="Award rank" extension="png" lastModified="" locale="nl_NL" number="001" type="AWR">http://images.philips.com/is/image/PhilipsConsumer/ALR094-AWR-nl_NL-001</Asset><Asset code="ALA_216585523NL" description="Award URL" extension="html" lastModified="" locale="nl_NL" number="001" type="AWU">http://alatest.nl/professionele-reviews/monitors/a/po3-216585523,29/#partner:50428</Asset><Asset code="ALS_12101" description="Award source logo" extension="png" lastModified="" locale="nl_NL" number="001" type="AWL">http://images.philips.com/is/image/PhilipsConsumer/ALS_12101-AWL-nl_NL-001</Asset><Asset code="F300015008" description="Feature logo - highres 331x213" extension="tif" lastModified="2012-03-06" locale="global" number="001" type="FLP">http://images.philips.com/is/image/PhilipsConsumer/F300015008-FLP-global-001</Asset><Asset code="F400000200" description="Feature logo - highres 331x213" extension="tif" lastModified="2010-05-19" locale="global" number="001" type="FLP">http://images.philips.com/is/image/PhilipsConsumer/F400000200-FLP-global-001</Asset><Asset code="F400019722" description="Feature logo - highres 331x213" extension="tif" lastModified="2010-01-19" locale="global" number="001" type="FLP">http://images.philips.com/is/image/PhilipsConsumer/F400019722-FLP-global-001</Asset><Asset code="F400021883" description="Feature photograph - highres 2100x1170" extension="tif" lastModified="2015-04-27" locale="global" number="001" type="FIL">http://images.philips.com/is/image/PhilipsConsumer/F400021883-FIL-global-001</Asset><Asset code="F400021883" description="Feature logo - highres 331x213" extension="tif" lastModified="2010-01-18" locale="global" number="001" type="FLP">http://images.philips.com/is/image/PhilipsConsumer/F400021883-FLP-global-001</Asset><Asset code="F400023546" description="Feature photograph - highres 2100x1170" extension="tif" lastModified="2011-04-21" locale="global" number="001" type="FIL">http://images.philips.com/is/image/PhilipsConsumer/F400023546-FIL-global-001</Asset><Asset code="F400023546" description="Feature logo - highres 331x213" extension="tif" lastModified="2011-11-25" locale="global" number="001" type="FLP">http://images.philips.com/is/image/PhilipsConsumer/F400023546-FLP-global-001</Asset><Asset code="F400032206" description="Feature logo - highres 331x213" extension="tif" lastModified="2011-04-21" locale="global" number="001" type="FLP">http://images.philips.com/is/image/PhilipsConsumer/F400032206-FLP-global-001</Asset><Asset code="F400032208" description="Feature photograph - highres 2100x1170" extension="tif" lastModified="2011-04-10" locale="global" number="001" type="FIL">http://images.philips.com/is/image/PhilipsConsumer/F400032208-FIL-global-001</Asset><Asset code="F400032208" description="Feature logo - highres 331x213" extension="tif" lastModified="2017-11-15" locale="global" number="001" type="FLP">http://images.philips.com/is/image/PhilipsConsumer/F400032208-FLP-global-001</Asset><Asset code="F400032622" description="Feature logo - highres 331x213" extension="tif" lastModified="2011-04-25" locale="global" number="001" type="FLP">http://images.philips.com/is/image/PhilipsConsumer/F400032622-FLP-global-001</Asset><Asset code="F400045859" description="Feature photograph - highres 2100x1170" extension="tif" lastModified="2012-07-05" locale="global" number="001" type="FIL">http://images.philips.com/is/image/PhilipsConsumer/F400045859-FIL-global-001</Asset><Asset code="F400045859" description="Feature logo - highres 331x213" extension="tif" lastModified="2012-05-22" locale="global" number="001" type="FLP">http://images.philips.com/is/image/PhilipsConsumer/F400045859-FLP-global-001</Asset><Asset code="F400065685" description="Feature photograph - highres 2100x1170" extension="tif" lastModified="2014-02-11" locale="global" number="001" type="FIL">http://images.philips.com/is/image/PhilipsConsumer/F400065685-FIL-global-001</Asset><Asset code="F400065685" description="Feature logo - highres 331x213" extension="tif" lastModified="2014-02-11" locale="global" number="001" type="FLP">http://images.philips.com/is/image/PhilipsConsumer/F400065685-FLP-global-001</Asset><Asset code="F400065686" description="Feature logo - highres 331x213" extension="tif" lastModified="2014-02-11" locale="global" number="001" type="FLP">http://images.philips.com/is/image/PhilipsConsumer/F400065686-FLP-global-001</Asset><Asset code="F400065687" description="Feature logo - highres 331x213" extension="tif" lastModified="2014-02-11" locale="global" number="001" type="FLP">http://images.philips.com/is/image/PhilipsConsumer/F400065687-FLP-global-001</Asset><Asset code="F400065688" description="Feature photograph - highres 2100x1170" extension="tif" lastModified="2014-02-11" locale="global" number="001" type="FIL">http://images.philips.com/is/image/PhilipsConsumer/F400065688-FIL-global-001</Asset><Asset code="F400065689" description="Feature photograph - highres 2100x1170" extension="tif" lastModified="2015-04-27" locale="global" number="001" type="FIL">http://images.philips.com/is/image/PhilipsConsumer/F400065689-FIL-global-001</Asset><Asset code="F400065689" description="Feature logo - highres 331x213" extension="tif" lastModified="2014-02-11" locale="global" number="001" type="FLP">http://images.philips.com/is/image/PhilipsConsumer/F400065689-FLP-global-001</Asset><Asset code="F400066723" description="Feature photograph - highres 2100x1170" extension="tif" lastModified="2015-05-28" locale="global" number="001" type="FIL">http://images.philips.com/is/image/PhilipsConsumer/F400066723-FIL-global-001</Asset><Asset code="F400066723" description="Feature logo - highres 331x213" extension="tif" lastModified="2015-05-18" locale="global" number="001" type="FLP">http://images.philips.com/is/image/PhilipsConsumer/F400066723-FLP-global-001</Asset><Asset code="F400067989" description="Feature photograph - highres 2100x1170" extension="tif" lastModified="2014-09-04" locale="global" number="001" type="FIL">http://images.philips.com/is/image/PhilipsConsumer/F400067989-FIL-global-001</Asset><Asset code="F400067989" description="Feature logo - highres 331x213" extension="tif" lastModified="2014-09-01" locale="global" number="001" type="FLP">http://images.philips.com/is/image/PhilipsConsumer/F400067989-FLP-global-001</Asset><Asset code="F400067989" description="Feature movie activation image big - 640 x 360" extension="jpg" lastModified="2016-01-11" locale="global" number="001" type="FMB">http://images.philips.com/is/image/PhilipsConsumer/F400067989-FMB-global-001</Asset><Asset code="F400067989" description="Feature movie (with spoken or written text)" extension="flv" lastModified="2015-12-11" locale="nl_NL" number="001" type="FML">F400067989-FML-nl_NL-001.flv</Asset><Asset code="GA40015944" description="needs to be blocked as code in CCR Global award logo - master" extension="jpg" lastModified="2014-11-18" locale="global" number="001" type="GAL">GA40015944-GAL-global-001.jpg</Asset><Asset code="GA40015944" description="Global award logo - highres 590x590" extension="tif" lastModified="2014-11-18" locale="global" number="001" type="GAP">http://images.philips.com/is/image/PhilipsConsumer/GA40015944-GAP-global-001</Asset><Asset code="PHI" description="Brand logo - highres 1476x886" extension="tif" lastModified="2016-02-18" locale="global" number="001" type="BRP">http://images.philips.com/is/image/PhilipsConsumer/PHI-BRP-global-001</Asset></Assets><ProductName>E Line LCD-monitor met SoftBlue-technologie</ProductName><FullProductName>Philips LCD-monitor met SoftBlue-technologie 227E6EDSD E Line 22 (54,6 cm (21,5") diag.) Full HD (1920 x 1080)</FullProductName><NamingString><MasterBrand><BrandCode>PHI</BrandCode><BrandName>Philips</BrandName></MasterBrand><BrandString>Philips</BrandString><Descriptor><DescriptorCode>D4027231</DescriptorCode><DescriptorName>LCD-monitor met SoftBlue-technologie</DescriptorName></Descriptor><Alphanumeric>227E6EDSD</Alphanumeric><VersionElement1><VersionElementCode>V4013896</VersionElementCode><VersionElementName>E Line</VersionElementName></VersionElement1><VersionElement2><VersionElementCode>V4031865</VersionElementCode><VersionElementName>22 (54,6 cm / 21,5" diag.)</VersionElementName></VersionElement2><VersionElement3><VersionElementCode>V4035286</VersionElementCode><VersionElementName>Full HD (1920 x 1080)</VersionElementName></VersionElement3><VersionString>E Line 22 (54,6 cm (21,5") diag.) Full HD (1920 x 1080)</VersionString><BrandedFeatureString/><DescriptorBrandedFeatureString>LCD-monitor met SoftBlue-technologie</DescriptorBrandedFeatureString></NamingString><WOW>SoftBlue-technologie</WOW><SubWOW>ontwikkeld voor het welzijn van uw ogen</SubWOW><MarketingTextHeader>Voor u ontworpen: de elegante nieuwe E-line-monitor van Philips bevat de nieuwe SoftBlue-technologie voor heldere, kleurrijke beelden die zacht zijn voor de ogen.</MarketingTextHeader><KeyBenefitArea><KeyBenefitAreaCode>K4019514</KeyBenefitAreaCode><KeyBenefitAreaName>Superieure beeldkwaliteit</KeyBenefitAreaName><KeyBenefitAreaRank>1</KeyBenefitAreaRank><Feature><FeatureCode>F400067989</FeatureCode><FeatureReferenceName>SoftBlue Technology</FeatureReferenceName><FeatureName>SoftBlue-technologie</FeatureName><FeatureLongDescription>SoftBlue-technologie, rijke kleuren en zacht voor uw ogen</FeatureLongDescription><FeatureGlossary>Softblue LED-technologie maakt gebruik van een slimme technologie voor het verminderen van schadelijke blauwe lichtstralen met een korte golflengte zonder de kleur of het beeld te beïnvloeden. Softblue LED-technologie is door de internationale organisatie TUV Rheinland gecertificeerd als technologie die schadelijk blauw licht vermindert.</FeatureGlossary><FeatureRank>1</FeatureRank><FeatureTopRank>1</FeatureTopRank></Feature><Feature><FeatureCode>F400066723</FeatureCode><FeatureReferenceName>IPS-ADS</FeatureReferenceName><FeatureName>IPS-ADS-technologie</FeatureName><FeatureLongDescription>IPS-ADS-technologie met extra breed scherm voor beeld- en kleurnauwkeurigheid</FeatureLongDescription><FeatureGlossary>IPS-ADS-schermen maken gebruik van een geavanceerde technologie waardoor u kunt genieten van een extra brede kijkhoek van 178/178 graden. Hierdoor kunt u het scherm vanuit bijna elke hoek zien. De IPS-ADS-schermen bieden, in tegenstelling tot de normale TN-panelen, extreem scherpe beelden met levendige kleuren. Niet alleen ideaal voor het bekijken van foto's, het afspelen van films en het surfen op internet, maar ook voor professionele toepassingen waarbij kleurnauwkeurigheid en constante helderheid zeer belangrijk zijn.</FeatureGlossary><FeatureRank>2</FeatureRank><FeatureTopRank>2</FeatureTopRank></Feature><Feature><FeatureCode>F400065685</FeatureCode><FeatureReferenceName>16:9 Full HD display for crisp detailed images</FeatureReferenceName><FeatureName>16:9 Full HD-scherm</FeatureName><FeatureLongDescription>16:9 Full HD-scherm voor extreem scherpe beelden</FeatureLongDescription><FeatureGlossary>Het Full HD-scherm heeft een breedbeeldresolutie van 1920 x 1080p. Dit is de hoogste resolutie van HD-bronnen voor de best mogelijke beeldkwaliteit. Het scherm is volledig toekomstbestendig omdat het 1080p-signalen van alle bronnen ondersteunt, waaronder de recentste bronnen zoals Blu-ray en geavanceerde HD-gameconsoles. De signaalverwerking is uitgebreid bijgewerkt om deze veel hogere signaalkwaliteit en resolutie te ondersteunen. Het scherm geeft heldere, trillingsvrije Progressive Scan-beelden met verbluffende kleuren.</FeatureGlossary><FeatureRank>3</FeatureRank><FeatureTopRank>3</FeatureTopRank></Feature><Feature><FeatureCode>F400065686</FeatureCode><FeatureReferenceName>SmartImage Lite for easy optimized image settings</FeatureReferenceName><FeatureName>SmartImage Lite</FeatureName><FeatureLongDescription>SmartImage Lite voor het eenvoudig optimaliseren van de beeldinstellingen</FeatureLongDescription><FeatureGlossary>SmartImage Lite is een exclusieve combinatie van toonaangevende, door Philips ontworpen technologieën die de inhoud van uw scherm analyseert. Afhankelijk van het door u gekozen scenario verbetert SmartImage Lite op dynamische wijze het contrast, de kleurverzadiging, de scherpte en de tekst van teksttoepassingen, afbeeldingen en video's voor optimale weergaveprestaties. En dat alles in real time en met één druk op de knop.</FeatureGlossary><FeatureRank>4</FeatureRank><FeatureTopRank>4</FeatureTopRank></Feature><Feature><FeatureCode>F400065687</FeatureCode><FeatureReferenceName>SmartControl Lite: For quick and easy display tuning</FeatureReferenceName><FeatureName>SmartControl Lite</FeatureName><FeatureLongDescription>SmartControl Lite: voor snel en eenvoudig aanpassen van de weergave</FeatureLongDescription><FeatureGlossary>SmartControl Lite is de nieuwste monitorbeheersoftware voor gebruikersinterfaces. Via de 3D-pictogrammen kunnen gebruikers de meeste monitorvariabelen met de muis afstellen, zoals kleur, helderheid, schermkalibratie, multimedia, ID-beheer enz.</FeatureGlossary><FeatureRank>5</FeatureRank><FeatureTopRank>5</FeatureTopRank></Feature><Feature><FeatureCode>F400065688</FeatureCode><FeatureReferenceName>SmartContrast for deep black level details</FeatureReferenceName><FeatureName>SmartContrast</FeatureName><FeatureLongDescription>SmartContrast voor een diep zwartniveau</FeatureLongDescription><FeatureGlossary>SmartContrast is een Philips-technologie die het weergegeven beeld analyseert. Kleuren worden automatisch bijgesteld en de intensiteit van de achtergrondverlichting wordt aangepast voor een dynamische verbetering van het contrast bij digitale afbeeldingen, video's of games met donkere kleurtinten. In de modus Economisch worden het contrast en de achtergrondverlichting optimaal ingesteld voor alledaagse kantoortoepassingen en een laag energieverbruik.</FeatureGlossary><FeatureRank>6</FeatureRank><FeatureTopRank>6</FeatureTopRank></Feature></KeyBenefitArea><KeyBenefitArea><KeyBenefitAreaCode>K4019515</KeyBenefitAreaCode><KeyBenefitAreaName>Elegant ontwerp</KeyBenefitAreaName><KeyBenefitAreaRank>2</KeyBenefitAreaRank><Feature><FeatureCode>F400032210</FeatureCode><FeatureReferenceName>Elegant, slim design complements your home decor</FeatureReferenceName><FeatureName>Slank ontwerp</FeatureName><FeatureLongDescription>Elegant, slank ontwerp dat past bij uw interieur</FeatureLongDescription><FeatureRank>1</FeatureRank><FeatureTopRank>7</FeatureTopRank></Feature><Feature><FeatureCode>F400065689</FeatureCode><FeatureReferenceName>Modern Touch controls complement the design</FeatureReferenceName><FeatureName>Moderne aanraakbediening</FeatureName><FeatureLongDescription>Moderne aanraakbediening die perfect aansluit op het ontwerp</FeatureLongDescription><FeatureGlossary>De aanraakbediening is intelligent en met de aanraakpictogrammen, die de uitstekende knoppen vervangen, kan de gebruiker de monitor helemaal naar wens afstellen. De aanraakbediening is uiterst gevoelig en geeft de monitor een moderne uitstraling.</FeatureGlossary><FeatureRank>3</FeatureRank><FeatureTopRank>8</FeatureTopRank></Feature><Feature><FeatureCode>F400036719</FeatureCode><FeatureReferenceName>Superb glossy finish</FeatureReferenceName><FeatureName>Prachtige glansafwerking</FeatureName><FeatureLongDescription>Prachtige glanzende afwerking die er in uw huis mooi uitziet</FeatureLongDescription><FeatureRank>2</FeatureRank><FeatureTopRank>10</FeatureTopRank></Feature></KeyBenefitArea><KeyBenefitArea><KeyBenefitAreaCode>K4027896</KeyBenefitAreaCode><KeyBenefitAreaName>Geniet van meeslepende multimedia</KeyBenefitAreaName><KeyBenefitAreaRank>3</KeyBenefitAreaRank><Feature><FeatureCode>F400045859</FeatureCode><FeatureReferenceName>MHL technology</FeatureReferenceName><FeatureName>MHL-technologie</FeatureName><FeatureLongDescription>MHL-technologie om te genieten van mobiele inhoud op een groot scherm</FeatureLongDescription><FeatureGlossary>Mobile MHL (High Definition Link) is een mobiele audio/video-interface om mobiele telefoons en andere draagbare apparaten rechtstreeks te kunnen verbinden met High Definition-displays. Met een optionele MHL-kabel kunt u uw met MHL compatibele mobiele apparaat aansluiten op dit grote Philips MHL-scherm en zien hoe uw HD-video's tot leven komen met volledig digitaal geluid. Geniet nu niet alleen van uw mobiele games, foto's, films of andere apps op het grote scherm, maar laadt tegelijkertijd uw mobiele apparaat op, zodat u nooit halverwege zonder stroom zit.</FeatureGlossary><FeatureRank>1</FeatureRank><FeatureTopRank>9</FeatureTopRank></Feature></KeyBenefitArea><KeyBenefitArea><KeyBenefitAreaCode>K4011695</KeyBenefitAreaCode><KeyBenefitAreaName>Iedere dag een groenere wereld</KeyBenefitAreaName><KeyBenefitAreaRank>4</KeyBenefitAreaRank><Feature><FeatureCode>F400044227</FeatureCode><FeatureReferenceName>Low power consumption saves energy bills</FeatureReferenceName><FeatureName>Laag energieverbruik</FeatureName><FeatureLongDescription>Minder kosten door laag energieverbruik</FeatureLongDescription><FeatureRank>1</FeatureRank><FeatureTopRank>11</FeatureTopRank></Feature></KeyBenefitArea><FeatureLogo><FeatureCode>F400067989</FeatureCode><FeatureReferenceName>SoftBlue Technology</FeatureReferenceName><FeatureLogoRank>4</FeatureLogoRank></FeatureLogo><FeatureLogo><FeatureCode>F400066723</FeatureCode><FeatureReferenceName>IPS-ADS</FeatureReferenceName><FeatureLogoRank>5</FeatureLogoRank></FeatureLogo><FeatureLogo><FeatureCode>F300015008</FeatureCode><FeatureReferenceName>Widest viewing angle (178°)</FeatureReferenceName><FeatureLogoRank>6</FeatureLogoRank></FeatureLogo><FeatureLogo><FeatureCode>F400032206</FeatureCode><FeatureReferenceName>LED technology for natural colors</FeatureReferenceName><FeatureLogoRank>7</FeatureLogoRank></FeatureLogo><FeatureLogo><FeatureCode>F400032208</FeatureCode><FeatureReferenceName>16:9 Full HD display for best viewing experience</FeatureReferenceName><FeatureLogoRank>8</FeatureLogoRank></FeatureLogo><FeatureLogo><FeatureCode>F400000200</FeatureCode><FeatureReferenceName>SmartImage Lite</FeatureReferenceName><FeatureLogoRank>9</FeatureLogoRank></FeatureLogo><FeatureLogo><FeatureCode>F400023546</FeatureCode><FeatureReferenceName>SmartContrast ratio 20000000:1</FeatureReferenceName><FeatureLogoRank>10</FeatureLogoRank></FeatureLogo><FeatureLogo><FeatureCode>F400045859</FeatureCode><FeatureReferenceName>MHL technology</FeatureReferenceName><FeatureLogoRank>11</FeatureLogoRank></FeatureLogo><FeatureLogo><FeatureCode>F400032622</FeatureCode><FeatureReferenceName>Low power</FeatureReferenceName><FeatureLogoRank>12</FeatureLogoRank></FeatureLogo><FeatureLogo><FeatureCode>F400019722</FeatureCode><FeatureReferenceName>Mercury Free</FeatureReferenceName><FeatureLogoRank>13</FeatureLogoRank></FeatureLogo><FeatureLogo><FeatureCode>F400021883</FeatureCode><FeatureReferenceName>Touch controls</FeatureReferenceName><FeatureLogoRank>14</FeatureLogoRank></FeatureLogo><FeatureImage><FeatureCode>F400067989</FeatureCode><FeatureReferenceName>SoftBlue Technology</FeatureReferenceName><FeatureImageRank>1</FeatureImageRank></FeatureImage><FeatureImage><FeatureCode>F400066723</FeatureCode><FeatureReferenceName>IPS-ADS</FeatureReferenceName><FeatureImageRank>2</FeatureImageRank></FeatureImage><FeatureImage><FeatureCode>F400065685</FeatureCode><FeatureReferenceName>16:9 Full HD display for crisp detailed images</FeatureReferenceName><FeatureImageRank>3</FeatureImageRank></FeatureImage><FeatureImage><FeatureCode>F400065686</FeatureCode><FeatureReferenceName>SmartImage Lite for easy optimized image settings</FeatureReferenceName><FeatureImageRank>4</FeatureImageRank></FeatureImage><FeatureImage><FeatureCode>F400065687</FeatureCode><FeatureReferenceName>SmartControl Lite: For quick and easy display tuning</FeatureReferenceName><FeatureImageRank>5</FeatureImageRank></FeatureImage><FeatureImage><FeatureCode>F400065688</FeatureCode><FeatureReferenceName>SmartContrast for deep black level details</FeatureReferenceName><FeatureImageRank>6</FeatureImageRank></FeatureImage><FeatureImage><FeatureCode>F400065689</FeatureCode><FeatureReferenceName>Modern Touch controls complement the design</FeatureReferenceName><FeatureImageRank>8</FeatureImageRank></FeatureImage><FeatureImage><FeatureCode>F400045859</FeatureCode><FeatureReferenceName>MHL technology</FeatureReferenceName><FeatureImageRank>9</FeatureImageRank></FeatureImage><FeatureImage><FeatureCode>F400044227</FeatureCode><FeatureReferenceName>Low power consumption saves energy bills</FeatureReferenceName><FeatureImageRank>11</FeatureImageRank></FeatureImage><FeatureHighlight><FeatureCode>F400067989</FeatureCode><FeatureReferenceName>SoftBlue Technology</FeatureReferenceName><FeatureHighlightRank>1</FeatureHighlightRank></FeatureHighlight><FeatureHighlight><FeatureCode>F400066723</FeatureCode><FeatureReferenceName>IPS-ADS</FeatureReferenceName><FeatureHighlightRank>2</FeatureHighlightRank></FeatureHighlight><FeatureHighlight><FeatureCode>F400065685</FeatureCode><FeatureReferenceName>16:9 Full HD display for crisp detailed images</FeatureReferenceName><FeatureHighlightRank>3</FeatureHighlightRank></FeatureHighlight><FeatureHighlight><FeatureCode>F400065686</FeatureCode><FeatureReferenceName>SmartImage Lite for easy optimized image settings</FeatureReferenceName><FeatureHighlightRank>4</FeatureHighlightRank></FeatureHighlight><FeatureHighlight><FeatureCode>F400065687</FeatureCode><FeatureReferenceName>SmartControl Lite: For quick and easy display tuning</FeatureReferenceName><FeatureHighlightRank>5</FeatureHighlightRank></FeatureHighlight><FeatureHighlight><FeatureCode>F400065688</FeatureCode><FeatureReferenceName>SmartContrast for deep black level details</FeatureReferenceName><FeatureHighlightRank>6</FeatureHighlightRank></FeatureHighlight><FeatureHighlight><FeatureCode>F400065689</FeatureCode><FeatureReferenceName>Modern Touch controls complement the design</FeatureReferenceName><FeatureHighlightRank>8</FeatureHighlightRank></FeatureHighlight><FeatureHighlight><FeatureCode>F400045859</FeatureCode><FeatureReferenceName>MHL technology</FeatureReferenceName><FeatureHighlightRank>9</FeatureHighlightRank></FeatureHighlight><FeatureHighlight><FeatureCode>F400044227</FeatureCode><FeatureReferenceName>Low power consumption saves energy bills</FeatureReferenceName><FeatureHighlightRank>11</FeatureHighlightRank></FeatureHighlight><CSChapter><CSChapterCode>3000796</CSChapterCode><CSChapterName>Beeld/scherm</CSChapterName><CSChapterRank>2</CSChapterRank><CSItem><CSItemCode>3006169</CSItemCode><CSItemName>Type LCD-scherm</CSItemName><CSItemRank>1</CSItemRank><CSItemIsFreeFormat>0</CSItemIsFreeFormat><CSValue><CSValueCode>VA4082020</CSValueCode><CSValueName>IPS-ADS LCD</CSValueName><CSValueRank>1</CSValueRank></CSValue></CSItem><CSItem><CSItemCode>IT4007209</CSItemCode><CSItemName>Type achtergrondverlichting</CSItemName><CSItemRank>2</CSItemRank><CSItemIsFreeFormat>1</CSItemIsFreeFormat><CSValue><CSValueCode>VA4018797</CSValueCode><CSValueName>W-LED-systeem</CSValueName><CSValueRank>1</CSValueRank></CSValue></CSItem><CSItem><CSItemCode>3006180</CSItemCode><CSItemName>Schermgrootte</CSItemName><CSItemRank>3</CSItemRank><CSItemIsFreeFormat>1</CSItemIsFreeFormat><CSValue><CSValueCode>3031218</CSValueCode><CSValueName>54,6 cm (21,5")</CSValueName><CSValueRank>1</CSValueRank></CSValue></CSItem><CSItem><CSItemCode>3006149</CSItemCode><CSItemName>Effectief weergavegebied</CSItemName><CSItemRank>4</CSItemRank><CSItemIsFreeFormat>1</CSItemIsFreeFormat><CSValue><CSValueCode>3031161</CSValueCode><CSValueName>476,6 x 268,1 (h x v)</CSValueName><CSValueRank>1</CSValueRank></CSValue></CSItem><CSItem><CSItemCode>3006121</CSItemCode><CSItemName>Beeldformaat</CSItemName><CSItemRank>5</CSItemRank><CSItemIsFreeFormat>0</CSItemIsFreeFormat><CSValue><CSValueCode>3031098</CSValueCode><CSValueName>16:9</CSValueName><CSValueRank>1</CSValueRank></CSValue></CSItem><CSItem><CSItemCode>3006193</CSItemCode><CSItemName>Optimale resolutie</CSItemName><CSItemRank>6</CSItemRank><CSItemIsFreeFormat>1</CSItemIsFreeFormat><CSValue><CSValueCode>3031277</CSValueCode><CSValueName>1920 x 1080 bij 60 Hz</CSValueName><CSValueRank>1</CSValueRank></CSValue></CSItem><CSItem><CSItemCode>IT4039893</CSItemCode><CSItemName>Responstijd (normaal)</CSItemName><CSItemRank>7</CSItemRank><CSItemIsFreeFormat>1</CSItemIsFreeFormat><CSValue><CSValueCode>VA4093235</CSValueCode><CSValueName>5 ms (grijs naar grijs)*</CSValueName><CSValueRank>1</CSValueRank></CSValue></CSItem><CSItem><CSItemCode>3006127</CSItemCode><CSItemName>Helderheid</CSItemName><CSItemRank>8</CSItemRank><CSItemIsFreeFormat>1</CSItemIsFreeFormat><CSValue><CSValueCode>3031110</CSValueCode><CSValueName>250</CSValueName><CSValueRank>1</CSValueRank></CSValue><UnitOfMeasure><UnitOfMeasureCode>3000038</UnitOfMeasureCode><UnitOfMeasureName>candela per vierkante meter</UnitOfMeasureName><UnitOfMeasureSymbol>cd/m²</UnitOfMeasureSymbol></UnitOfMeasure></CSItem><CSItem><CSItemCode>3006133</CSItemCode><CSItemName>Contrastverhouding (normaal)</CSItemName><CSItemRank>9</CSItemRank><CSItemIsFreeFormat>1</CSItemIsFreeFormat><CSValue><CSValueCode>3031116</CSValueCode><CSValueName>1000:1</CSValueName><CSValueRank>1</CSValueRank></CSValue></CSItem><CSItem><CSItemCode>IT4006148</CSItemCode><CSItemName>SmartContrast</CSItemName><CSItemRank>10</CSItemRank><CSItemIsFreeFormat>1</CSItemIsFreeFormat><CSValue><CSValueCode>VA4017351</CSValueCode><CSValueName>20.000.000:1</CSValueName><CSValueRank>1</CSValueRank></CSValue></CSItem><CSItem><CSItemCode>3006186</CSItemCode><CSItemName>Pixelpitch</CSItemName><CSItemRank>11</CSItemRank><CSItemIsFreeFormat>1</CSItemIsFreeFormat><CSValue><CSValueCode>3031270</CSValueCode><CSValueName>0,248 x 0,248 mm</CSValueName><CSValueRank>1</CSValueRank></CSValue></CSItem><CSItem><CSItemCode>3007518</CSItemCode><CSItemName>Kijkhoek</CSItemName><CSItemRank>12</CSItemRank><CSItemIsFreeFormat>0</CSItemIsFreeFormat><CSValue><CSValueCode>VA4002901</CSValueCode><CSValueName>178º (H)/178º (V)</CSValueName><CSValueRank>1</CSValueRank></CSValue><CSValue><CSValueCode>3035028</CSValueCode><CSValueName>bij C/R &gt; 10</CSValueName><CSValueRank>2</CSValueRank></CSValue></CSItem><CSItem><CSItemCode>3006183</CSItemCode><CSItemName>Beeldverbetering</CSItemName><CSItemRank>13</CSItemRank><CSItemIsFreeFormat>0</CSItemIsFreeFormat><CSValue><CSValueCode>VA4000341</CSValueCode><CSValueName>SmartImage Lite</CSValueName><CSValueRank>1</CSValueRank></CSValue></CSItem><CSItem><CSItemCode>3006143</CSItemCode><CSItemName>Schermkleuren</CSItemName><CSItemRank>14</CSItemRank><CSItemIsFreeFormat>1</CSItemIsFreeFormat><CSValue><CSValueCode>3031126</CSValueCode><CSValueName>16,7 M</CSValueName><CSValueRank>1</CSValueRank></CSValue></CSItem><CSItem><CSItemCode>IT4006149</CSItemCode><CSItemName>Scanfrequentie</CSItemName><CSItemRank>15</CSItemRank><CSItemIsFreeFormat>1</CSItemIsFreeFormat><CSValue><CSValueCode>VA4017352</CSValueCode><CSValueName>30 - 83 kHz (h)/56 - 75 Hz (v)</CSValueName><CSValueRank>1</CSValueRank></CSValue></CSItem><CSItem><CSItemCode>IT4024231</CSItemCode><CSItemName>MHL</CSItemName><CSItemRank>16</CSItemRank><CSItemIsFreeFormat>1</CSItemIsFreeFormat><CSValue><CSValueCode>VA4055581</CSValueCode><CSValueName>1080p bij 60 Hz</CSValueName><CSValueRank>1</CSValueRank></CSValue></CSItem><CSItem><CSItemCode>3006207</CSItemCode><CSItemName>sRGB</CSItemName><CSItemRank>17</CSItemRank><CSItemIsFreeFormat>1</CSItemIsFreeFormat><CSValue><CSValueCode>3031306</CSValueCode><CSValueName>Ja</CSValueName><CSValueRank>1</CSValueRank></CSValue></CSItem><CSItem><CSItemCode>IT4036546</CSItemCode><CSItemName>SoftBlue</CSItemName><CSItemRank>18</CSItemRank><CSItemIsFreeFormat>1</CSItemIsFreeFormat><CSValue><CSValueCode>VA4084849</CSValueCode><CSValueName>Ja</CSValueName><CSValueRank>1</CSValueRank></CSValue></CSItem></CSChapter><CSChapter><CSChapterCode>3000813</CSChapterCode><CSChapterName>Connectiviteit</CSChapterName><CSChapterRank>3</CSChapterRank><CSItem><CSItemCode>3006576</CSItemCode><CSItemName>Signaalinvoer</CSItemName><CSItemRank>1</CSItemRank><CSItemIsFreeFormat>0</CSItemIsFreeFormat><CSValue><CSValueCode>3036216</CSValueCode><CSValueName>VGA (analoog)</CSValueName><CSValueRank>1</CSValueRank></CSValue><CSValue><CSValueCode>VA4015427</CSValueCode><CSValueName>DVI-D (digitaal, HDCP)</CSValueName><CSValueRank>2</CSValueRank></CSValue><CSValue><CSValueCode>VA4055583</CSValueCode><CSValueName>MHL-HDMI (digitaal, HDCP)</CSValueName><CSValueRank>3</CSValueRank></CSValue></CSItem><CSItem><CSItemCode>3006588</CSItemCode><CSItemName>Gesynchroniseerde invoer</CSItemName><CSItemRank>2</CSItemRank><CSItemIsFreeFormat>0</CSItemIsFreeFormat><CSValue><CSValueCode>3032392</CSValueCode><CSValueName>Aparte synchronisatie</CSValueName><CSValueRank>1</CSValueRank></CSValue><CSValue><CSValueCode>3032393</CSValueCode><CSValueName>Synchronisatie op groen</CSValueName><CSValueRank>2</CSValueRank></CSValue></CSItem><CSItem><CSItemCode>IT4005621</CSItemCode><CSItemName>Audio (in/uit)</CSItemName><CSItemRank>3</CSItemRank><CSItemIsFreeFormat>0</CSItemIsFreeFormat><CSValue><CSValueCode>VA4033327</CSValueCode><CSValueName>HDMI-audio-uitgang</CSValueName><CSValueRank>1</CSValueRank></CSValue></CSItem></CSChapter><CSChapter><CSChapterCode>3000814</CSChapterCode><CSChapterName>Comfort</CSChapterName><CSChapterRank>4</CSChapterRank><CSItem><CSItemCode>3006633</CSItemCode><CSItemName>Gebruikersgemak</CSItemName><CSItemRank>1</CSItemRank><CSItemIsFreeFormat>0</CSItemIsFreeFormat><CSValue><CSValueCode>VA4017554</CSValueCode><CSValueName>Aan/Uit</CSValueName><CSValueRank>1</CSValueRank></CSValue><CSValue><CSValueCode>VA4017357</CSValueCode><CSValueName>Menu</CSValueName><CSValueRank>2</CSValueRank></CSValue><CSValue><CSValueCode>VA4023882</CSValueCode><CSValueName>4:3/breedbeeld</CSValueName><CSValueRank>3</CSValueRank></CSValue><CSValue><CSValueCode>VA4017358</CSValueCode><CSValueName>Input</CSValueName><CSValueRank>4</CSValueRank></CSValue><CSValue><CSValueCode>VA4022518</CSValueCode><CSValueName>SmartImage Lite</CSValueName><CSValueRank>5</CSValueRank></CSValue></CSItem><CSItem><CSItemCode>3006693</CSItemCode><CSItemName>OSD-talen</CSItemName><CSItemRank>2</CSItemRank><CSItemIsFreeFormat>0</CSItemIsFreeFormat><CSValue><CSValueCode>VA4065363</CSValueCode><CSValueName>Braziliaans Portugees</CSValueName><CSValueRank>1</CSValueRank></CSValue><CSValue><CSValueCode>3034561</CSValueCode><CSValueName>Tsjechisch</CSValueName><CSValueRank>2</CSValueRank></CSValue><CSValue><CSValueCode>3034565</CSValueCode><CSValueName>Nederlands</CSValueName><CSValueRank>3</CSValueRank></CSValue><CSValue><CSValueCode>3032771</CSValueCode><CSValueName>Engels</CSValueName><CSValueRank>4</CSValueRank></CSValue><CSValue><CSValueCode>VA4063224</CSValueCode><CSValueName>Fins</CSValueName><CSValueRank>5</CSValueRank></CSValue><CSValue><CSValueCode>3032772</CSValueCode><CSValueName>Frans</CSValueName><CSValueRank>6</CSValueRank></CSValue><CSValue><CSValueCode>3032773</CSValueCode><CSValueName>Duits</CSValueName><CSValueRank>7</CSValueRank></CSValue><CSValue><CSValueCode>VA4002508</CSValueCode><CSValueName>Grieks</CSValueName><CSValueRank>8</CSValueRank></CSValue><CSValue><CSValueCode>3034563</CSValueCode><CSValueName>Hongaars</CSValueName><CSValueRank>9</CSValueRank></CSValue><CSValue><CSValueCode>3032774</CSValueCode><CSValueName>Italiaans</CSValueName><CSValueRank>10</CSValueRank></CSValue><CSValue><CSValueCode>3038221</CSValueCode><CSValueName>Japans</CSValueName><CSValueRank>11</CSValueRank></CSValue><CSValue><CSValueCode>3039946</CSValueCode><CSValueName>Koreaans</CSValueName><CSValueRank>12</CSValueRank></CSValue><CSValue><CSValueCode>3034564</CSValueCode><CSValueName>Pools</CSValueName><CSValueRank>13</CSValueRank></CSValue><CSValue><CSValueCode>3032775</CSValueCode><CSValueName>Portugees</CSValueName><CSValueRank>14</CSValueRank></CSValue><CSValue><CSValueCode>3032776</CSValueCode><CSValueName>Russisch</CSValueName><CSValueRank>15</CSValueRank></CSValue><CSValue><CSValueCode>3034114</CSValueCode><CSValueName>Vereenvoudigd Chinees</CSValueName><CSValueRank>16</CSValueRank></CSValue><CSValue><CSValueCode>3032777</CSValueCode><CSValueName>Spaans</CSValueName><CSValueRank>17</CSValueRank></CSValue><CSValue><CSValueCode>3034562</CSValueCode><CSValueName>Zweeds</CSValueName><CSValueRank>18</CSValueRank></CSValue><CSValue><CSValueCode>3034115</CSValueCode><CSValueName>Traditioneel Chinees</CSValueName><CSValueRank>19</CSValueRank></CSValue><CSValue><CSValueCode>3035749</CSValueCode><CSValueName>Turks</CSValueName><CSValueRank>20</CSValueRank></CSValue><CSValue><CSValueCode>VA4065364</CSValueCode><CSValueName>Oekraïens</CSValueName><CSValueRank>21</CSValueRank></CSValue></CSItem><CSItem><CSItemCode>3006694</CSItemCode><CSItemName>Andere handige opties</CSItemName><CSItemRank>3</CSItemRank><CSItemIsFreeFormat>0</CSItemIsFreeFormat><CSValue><CSValueCode>3032778</CSValueCode><CSValueName>Kensington-slot</CSValueName><CSValueRank>1</CSValueRank></CSValue></CSItem><CSItem><CSItemCode>3006699</CSItemCode><CSItemName>Plug &amp; Play-compatibiliteit</CSItemName><CSItemRank>4</CSItemRank><CSItemIsFreeFormat>0</CSItemIsFreeFormat><CSValue><CSValueCode>3043209</CSValueCode><CSValueName>DDC/CI</CSValueName><CSValueRank>1</CSValueRank></CSValue><CSValue><CSValueCode>3046249</CSValueCode><CSValueName>Mac OS X</CSValueName><CSValueRank>2</CSValueRank></CSValue><CSValue><CSValueCode>3032788</CSValueCode><CSValueName>sRGB</CSValueName><CSValueRank>3</CSValueRank></CSValue><CSValue><CSValueCode>VA4021211</CSValueCode><CSValueName>Windows 7</CSValueName><CSValueRank>4</CSValueRank></CSValue><CSValue><CSValueCode>VA4061981</CSValueCode><CSValueName>Windows 8</CSValueName><CSValueRank>5</CSValueRank></CSValue></CSItem></CSChapter><CSChapter><CSChapterCode>CH4000824</CSChapterCode><CSChapterName>Standaard</CSChapterName><CSChapterRank>5</CSChapterRank><CSItem><CSItemCode>IT4004954</CSItemCode><CSItemName>Kantelfunctie</CSItemName><CSItemRank>1</CSItemRank><CSItemIsFreeFormat>1</CSItemIsFreeFormat><CSValue><CSValueCode>VA4015659</CSValueCode><CSValueName>-5/20</CSValueName><CSValueRank>1</CSValueRank></CSValue><UnitOfMeasure><UnitOfMeasureCode>3000042</UnitOfMeasureCode><UnitOfMeasureName>graad</UnitOfMeasureName><UnitOfMeasureSymbol>graad</UnitOfMeasureSymbol></UnitOfMeasure></CSItem></CSChapter><CSChapter><CSChapterCode>3000821</CSChapterCode><CSChapterName>Vermogen</CSChapterName><CSChapterRank>6</CSChapterRank><CSItem><CSItemCode>IT4005861</CSItemCode><CSItemName>Ingeschakeld</CSItemName><CSItemRank>1</CSItemRank><CSItemIsFreeFormat>1</CSItemIsFreeFormat><CSValue><CSValueCode>VA4017025</CSValueCode><CSValueName>15,52 W (normaal) (testmethode EnergyStar 6.0)</CSValueName><CSValueRank>1</CSValueRank></CSValue></CSItem><CSItem><CSItemCode>IT4006150</CSItemCode><CSItemName>Stand-bymodus</CSItemName><CSItemRank>2</CSItemRank><CSItemIsFreeFormat>1</CSItemIsFreeFormat><CSValue><CSValueCode>VA4017360</CSValueCode><CSValueName>0,5 W (normaal)</CSValueName><CSValueRank>1</CSValueRank></CSValue></CSItem><CSItem><CSItemCode>IT4006081</CSItemCode><CSItemName>Uitmodus</CSItemName><CSItemRank>3</CSItemRank><CSItemIsFreeFormat>1</CSItemIsFreeFormat><CSValue><CSValueCode>VA4017285</CSValueCode><CSValueName>0,3 W (normaal)</CSValueName><CSValueRank>1</CSValueRank></CSValue></CSItem><CSItem><CSItemCode>3006931</CSItemCode><CSItemName>LED-indicator voor voeding</CSItemName><CSItemRank>4</CSItemRank><CSItemIsFreeFormat>0</CSItemIsFreeFormat><CSValue><CSValueCode>VA4015465</CSValueCode><CSValueName>In werking - wit</CSValueName><CSValueRank>1</CSValueRank></CSValue><CSValue><CSValueCode>VA4017406</CSValueCode><CSValueName>Stand-bymodus - wit (knipperend)</CSValueName><CSValueRank>2</CSValueRank></CSValue></CSItem><CSItem><CSItemCode>3006932</CSItemCode><CSItemName>Stroomvoorziening</CSItemName><CSItemRank>5</CSItemRank><CSItemIsFreeFormat>0</CSItemIsFreeFormat><CSValue><CSValueCode>3033322</CSValueCode><CSValueName>Extern</CSValueName><CSValueRank>1</CSValueRank></CSValue><CSValue><CSValueCode>VA4050622</CSValueCode><CSValueName>100 - 240 V AC, 50-60 Hz</CSValueName><CSValueRank>2</CSValueRank></CSValue></CSItem></CSChapter><CSChapter><CSChapterCode>3000820</CSChapterCode><CSChapterName>Afmetingen</CSChapterName><CSChapterRank>7</CSChapterRank><CSItem><CSItemCode>IT4005764</CSItemCode><CSItemName>Product met standaard (mm)</CSItemName><CSItemRank>1</CSItemRank><CSItemIsFreeFormat>1</CSItemIsFreeFormat><CSValue><CSValueCode>VA4016930</CSValueCode><CSValueName>511 x 400 x 212</CSValueName><CSValueRank>1</CSValueRank></CSValue><UnitOfMeasure><UnitOfMeasureCode>3000058</UnitOfMeasureCode><UnitOfMeasureName>millimeter</UnitOfMeasureName><UnitOfMeasureSymbol>mm</UnitOfMeasureSymbol></UnitOfMeasure></CSItem><CSItem><CSItemCode>IT4005765</CSItemCode><CSItemName>Product zonder standaard (mm)</CSItemName><CSItemRank>2</CSItemRank><CSItemIsFreeFormat>1</CSItemIsFreeFormat><CSValue><CSValueCode>VA4016931</CSValueCode><CSValueName>511 x 318 x 36</CSValueName><CSValueRank>1</CSValueRank></CSValue><UnitOfMeasure><UnitOfMeasureCode>3000058</UnitOfMeasureCode><UnitOfMeasureName>millimeter</UnitOfMeasureName><UnitOfMeasureSymbol>mm</UnitOfMeasureSymbol></UnitOfMeasure></CSItem><CSItem><CSItemCode>IT4005766</CSItemCode><CSItemName>Verpakking in mm (b x h x d)</CSItemName><CSItemRank>3</CSItemRank><CSItemIsFreeFormat>1</CSItemIsFreeFormat><CSValue><CSValueCode>VA4016932</CSValueCode><CSValueName>562 x 466 x 106</CSValueName><CSValueRank>1</CSValueRank></CSValue><UnitOfMeasure><UnitOfMeasureCode>3000058</UnitOfMeasureCode><UnitOfMeasureName>millimeter</UnitOfMeasureName><UnitOfMeasureSymbol>mm</UnitOfMeasureSymbol></UnitOfMeasure></CSItem></CSChapter><CSChapter><CSChapterCode>CH4000702</CSChapterCode><CSChapterName>Gewicht</CSChapterName><CSChapterRank>8</CSChapterRank><CSItem><CSItemCode>IT4005770</CSItemCode><CSItemName>Product met standaard (kg)</CSItemName><CSItemRank>1</CSItemRank><CSItemIsFreeFormat>1</CSItemIsFreeFormat><CSValue><CSValueCode>VA4016936</CSValueCode><CSValueName>2,95</CSValueName><CSValueRank>1</CSValueRank></CSValue><UnitOfMeasure><UnitOfMeasureCode>3000049</UnitOfMeasureCode><UnitOfMeasureName>kilogram</UnitOfMeasureName><UnitOfMeasureSymbol>kg</UnitOfMeasureSymbol></UnitOfMeasure></CSItem><CSItem><CSItemCode>IT4005771</CSItemCode><CSItemName>Product zonder standaard (kg)</CSItemName><CSItemRank>2</CSItemRank><CSItemIsFreeFormat>1</CSItemIsFreeFormat><CSValue><CSValueCode>VA4016937</CSValueCode><CSValueName>2,58</CSValueName><CSValueRank>1</CSValueRank></CSValue><UnitOfMeasure><UnitOfMeasureCode>3000049</UnitOfMeasureCode><UnitOfMeasureName>kilogram</UnitOfMeasureName><UnitOfMeasureSymbol>kg</UnitOfMeasureSymbol></UnitOfMeasure></CSItem><CSItem><CSItemCode>IT4005772</CSItemCode><CSItemName>Product met verpakking (kg)</CSItemName><CSItemRank>3</CSItemRank><CSItemIsFreeFormat>1</CSItemIsFreeFormat><CSValue><CSValueCode>VA4016938</CSValueCode><CSValueName>4,50</CSValueName><CSValueRank>1</CSValueRank></CSValue><UnitOfMeasure><UnitOfMeasureCode>3000049</UnitOfMeasureCode><UnitOfMeasureName>kilogram</UnitOfMeasureName><UnitOfMeasureSymbol>kg</UnitOfMeasureSymbol></UnitOfMeasure></CSItem></CSChapter><CSChapter><CSChapterCode>CH4000823</CSChapterCode><CSChapterName>Voorwaarden voor een goede werking</CSChapterName><CSChapterRank>9</CSChapterRank><CSItem><CSItemCode>IT4004946</CSItemCode><CSItemName>Temperatuurbereik (in bedrijf)</CSItemName><CSItemRank>1</CSItemRank><CSItemIsFreeFormat>1</CSItemIsFreeFormat><CSValue><CSValueCode>VA4015651</CSValueCode><CSValueName>0 °C tot 40 °C</CSValueName><CSValueRank>1</CSValueRank></CSValue><UnitOfMeasure><UnitOfMeasureCode>3000081</UnitOfMeasureCode><UnitOfMeasureName>graden Celsius</UnitOfMeasureName><UnitOfMeasureSymbol>°C</UnitOfMeasureSymbol></UnitOfMeasure></CSItem><CSItem><CSItemCode>IT4004947</CSItemCode><CSItemName>Temperatuurbereik (opslag)</CSItemName><CSItemRank>2</CSItemRank><CSItemIsFreeFormat>1</CSItemIsFreeFormat><CSValue><CSValueCode>VA4015652</CSValueCode><CSValueName>-20 °C tot 60 °C</CSValueName><CSValueRank>1</CSValueRank></CSValue><UnitOfMeasure><UnitOfMeasureCode>3000081</UnitOfMeasureCode><UnitOfMeasureName>graden Celsius</UnitOfMeasureName><UnitOfMeasureSymbol>°C</UnitOfMeasureSymbol></UnitOfMeasure></CSItem><CSItem><CSItemCode>IT4004948</CSItemCode><CSItemName>Relatieve vochtigheid</CSItemName><CSItemRank>3</CSItemRank><CSItemIsFreeFormat>1</CSItemIsFreeFormat><CSValue><CSValueCode>VA4015653</CSValueCode><CSValueName>20% - 80</CSValueName><CSValueRank>1</CSValueRank></CSValue><UnitOfMeasure><UnitOfMeasureCode>3000065</UnitOfMeasureCode><UnitOfMeasureName>percentage</UnitOfMeasureName><UnitOfMeasureSymbol>%</UnitOfMeasureSymbol></UnitOfMeasure></CSItem><CSItem><CSItemCode>IT4023612</CSItemCode><CSItemName>Hoogte</CSItemName><CSItemRank>4</CSItemRank><CSItemIsFreeFormat>1</CSItemIsFreeFormat><CSValue><CSValueCode>VA4054761</CSValueCode><CSValueName>In werking: 3658 m, niet in werking: 12.192 m</CSValueName><CSValueRank>1</CSValueRank></CSValue></CSItem><CSItem><CSItemCode>IT4004949</CSItemCode><CSItemName>MTBF</CSItemName><CSItemRank>5</CSItemRank><CSItemIsFreeFormat>1</CSItemIsFreeFormat><CSValue><CSValueCode>VA4015654</CSValueCode><CSValueName>30.000</CSValueName><CSValueRank>1</CSValueRank></CSValue><UnitOfMeasure><UnitOfMeasureCode>4000007</UnitOfMeasureCode><UnitOfMeasureName>-Uur</UnitOfMeasureName><UnitOfMeasureSymbol>uur</UnitOfMeasureSymbol></UnitOfMeasure></CSItem></CSChapter><CSChapter><CSChapterCode>CH4000822</CSChapterCode><CSChapterName>Duurzaamheid</CSChapterName><CSChapterRank>10</CSChapterRank><CSItem><CSItemCode>IT4004941</CSItemCode><CSItemName>Milieu en energie</CSItemName><CSItemRank>1</CSItemRank><CSItemIsFreeFormat>0</CSItemIsFreeFormat><CSValue><CSValueCode>VA4053186</CSValueCode><CSValueName>EnergyStar 6.0</CSValueName><CSValueRank>1</CSValueRank></CSValue><CSValue><CSValueCode>VA4015646</CSValueCode><CSValueName>EPEAT zilver</CSValueName><CSValueRank>2</CSValueRank></CSValue><CSValue><CSValueCode>VA4015645</CSValueCode><CSValueName>RoHS</CSValueName><CSValueRank>3</CSValueRank></CSValue><CSValue><CSValueCode>VA4033721</CSValueCode><CSValueName>Loodvrij</CSValueName><CSValueRank>4</CSValueRank></CSValue><CSValue><CSValueCode>VA4033722</CSValueCode><CSValueName>Kwikvrij</CSValueName><CSValueRank>5</CSValueRank></CSValue></CSItem><CSItem><CSItemCode>IT4004944</CSItemCode><CSItemName>Recyclebaar verpakkingsmateriaal</CSItemName><CSItemRank>2</CSItemRank><CSItemIsFreeFormat>1</CSItemIsFreeFormat><CSValue><CSValueCode>VA4015649</CSValueCode><CSValueName>100</CSValueName><CSValueRank>1</CSValueRank></CSValue><UnitOfMeasure><UnitOfMeasureCode>3000065</UnitOfMeasureCode><UnitOfMeasureName>percentage</UnitOfMeasureName><UnitOfMeasureSymbol>%</UnitOfMeasureSymbol></UnitOfMeasure></CSItem></CSChapter><CSChapter><CSChapterCode>CH4001161</CSChapterCode><CSChapterName>Voldoet aan de normen</CSChapterName><CSChapterRank>11</CSChapterRank><CSItem><CSItemCode>IT4006152</CSItemCode><CSItemName>Officiële goedkeuringen</CSItemName><CSItemRank>1</CSItemRank><CSItemIsFreeFormat>0</CSItemIsFreeFormat><CSValue><CSValueCode>VA4017528</CSValueCode><CSValueName>BSMI</CSValueName><CSValueRank>1</CSValueRank></CSValue><CSValue><CSValueCode>VA4017364</CSValueCode><CSValueName>CCC</CSValueName><CSValueRank>2</CSValueRank></CSValue><CSValue><CSValueCode>VA4017361</CSValueCode><CSValueName>CE-markering</CSValueName><CSValueRank>3</CSValueRank></CSValue><CSValue><CSValueCode>VA4064941</CSValueCode><CSValueName>cETLus</CSValueName><CSValueRank>4</CSValueRank></CSValue><CSValue><CSValueCode>VA4027482</CSValueCode><CSValueName>FCC-klasse B</CSValueName><CSValueRank>5</CSValueRank></CSValue><CSValue><CSValueCode>VA4017536</CSValueCode><CSValueName>GOST</CSValueName><CSValueRank>6</CSValueRank></CSValue><CSValue><CSValueCode>VA4033550</CSValueCode><CSValueName>SASO</CSValueName><CSValueRank>7</CSValueRank></CSValue><CSValue><CSValueCode>VA4017365</CSValueCode><CSValueName>SEMKO</CSValueName><CSValueRank>8</CSValueRank></CSValue><CSValue><CSValueCode>VA4053108</CSValueCode><CSValueName>TCO 6.0</CSValueName><CSValueRank>9</CSValueRank></CSValue><CSValue><CSValueCode>VA4050621</CSValueCode><CSValueName>TÜV/ISO 9241-307</CSValueName><CSValueRank>10</CSValueRank></CSValue><CSValue><CSValueCode>VA4033547</CSValueCode><CSValueName>WEEE</CSValueName><CSValueRank>11</CSValueRank></CSValue></CSItem></CSChapter><CSChapter><CSChapterCode>CH4000825</CSChapterCode><CSChapterName>Kast</CSChapterName><CSChapterRank>12</CSChapterRank><CSItem><CSItemCode>IT4004955</CSItemCode><CSItemName>Kleur</CSItemName><CSItemRank>1</CSItemRank><CSItemIsFreeFormat>1</CSItemIsFreeFormat><CSValue><CSValueCode>VA4015660</CSValueCode><CSValueName>BlackCherry</CSValueName><CSValueRank>1</CSValueRank></CSValue></CSItem><CSItem><CSItemCode>IT4004956</CSItemCode><CSItemName>Afwerking</CSItemName><CSItemRank>2</CSItemRank><CSItemIsFreeFormat>1</CSItemIsFreeFormat><CSValue><CSValueCode>VA4015661</CSValueCode><CSValueName>Glanzend</CSValueName><CSValueRank>1</CSValueRank></CSValue></CSItem></CSChapter><CSChapter><CSChapterCode>CH4008581</CSChapterCode><CSChapterName>Wat zit er in de doos?</CSChapterName><CSChapterRank>14</CSChapterRank><CSItem><CSItemCode>IT4040999</CSItemCode><CSItemName>Monitor met standaard</CSItemName><CSItemRank>1</CSItemRank><CSItemIsFreeFormat>1</CSItemIsFreeFormat><CSValue><CSValueCode>VA4095569</CSValueCode><CSValueName>ja</CSValueName><CSValueRank>1</CSValueRank></CSValue></CSItem><CSItem><CSItemCode>IT4041000</CSItemCode><CSItemName>Kabels</CSItemName><CSItemRank>2</CSItemRank><CSItemIsFreeFormat>1</CSItemIsFreeFormat><CSValue><CSValueCode>VA4095570</CSValueCode><CSValueName>VGA, voeding</CSValueName><CSValueRank>1</CSValueRank></CSValue></CSItem><CSItem><CSItemCode>IT4041030</CSItemCode><CSItemName>Gebruikersdocumentatie</CSItemName><CSItemRank>3</CSItemRank><CSItemIsFreeFormat>1</CSItemIsFreeFormat><CSValue><CSValueCode>VA4095604</CSValueCode><CSValueName>ja</CSValueName><CSValueRank>1</CSValueRank></CSValue></CSItem></CSChapter><Filters><Purpose type="Comparison"><Features><Feature code="F400067989" rank="1" referenceName="SoftBlue Technology"/><Feature code="F400066723" rank="2" referenceName="IPS-ADS"/><Feature code="F400065685" rank="3" referenceName="16:9 Full HD display for crisp detailed images"/><Feature code="F400065686" rank="4" referenceName="SmartImage Lite for easy optimized image settings"/><Feature code="F400065687" rank="5" referenceName="SmartControl Lite: For quick and easy display tuning"/><Feature code="F400065688" rank="6" referenceName="SmartContrast for deep black level details"/><Feature code="F400032210" rank="7" referenceName="Elegant, slim design complements your home decor"/><Feature code="F400065689" rank="8" referenceName="Modern Touch controls complement the design"/><Feature code="F400045859" rank="9" referenceName="MHL technology"/><Feature code="F400036719" rank="10" referenceName="Superb glossy finish"/><Feature code="F400044227" rank="11" referenceName="Low power consumption saves energy bills"/></Features><CSItems><CSItem code="3006169" rank="1" referenceName="Beeld/scherm - Type LCD-scherm"/><CSItem code="3006576" rank="1" referenceName="Connectiviteit - Signaalinvoer"/><CSItem code="3006633" rank="1" referenceName="Comfort - Gebruikersgemak"/><CSItem code="IT4004954" rank="1" referenceName="Standaard - Kantelfunctie"/><CSItem code="IT4005861" rank="1" referenceName="Vermogen - Ingeschakeld"/><CSItem code="IT4005764" rank="1" referenceName="Afmetingen - Product met standaard (mm)"/><CSItem code="IT4005770" rank="1" referenceName="Gewicht - Product met standaard (kg)"/><CSItem code="IT4004946" rank="1" referenceName="Voorwaarden voor een goede werking - Temperatuurbereik (in bedrijf)"/><CSItem code="IT4004941" rank="1" referenceName="Duurzaamheid - Milieu en energie"/><CSItem code="IT4006152" rank="1" referenceName="Voldoet aan de normen - Officiële goedkeuringen"/><CSItem code="IT4004955" rank="1" referenceName="Kast - Kleur"/><CSItem code="IT4040999" rank="1" referenceName="Wat zit er in de doos? - Monitor met standaard"/><CSItem code="IT4007209" rank="2" referenceName="Beeld/scherm - Type achtergrondverlichting"/><CSItem code="3006588" rank="2" referenceName="Connectiviteit - Gesynchroniseerde invoer"/><CSItem code="3006693" rank="2" referenceName="Comfort - OSD-talen"/><CSItem code="IT4006150" rank="2" referenceName="Vermogen - Stand-bymodus"/><CSItem code="IT4005765" rank="2" referenceName="Afmetingen - Product zonder standaard (mm)"/><CSItem code="IT4005771" rank="2" referenceName="Gewicht - Product zonder standaard (kg)"/><CSItem code="IT4004947" rank="2" referenceName="Voorwaarden voor een goede werking - Temperatuurbereik (opslag)"/><CSItem code="IT4004944" rank="2" referenceName="Duurzaamheid - Recyclebaar verpakkingsmateriaal"/><CSItem code="IT4004956" rank="2" referenceName="Kast - Afwerking"/><CSItem code="IT4041000" rank="2" referenceName="Wat zit er in de doos? - Kabels"/><CSItem code="3006180" rank="3" referenceName="Beeld/scherm - Schermgrootte"/><CSItem code="IT4005621" rank="3" referenceName="Connectiviteit - Audio (in/uit)"/><CSItem code="3006694" rank="3" referenceName="Comfort - Andere handige opties"/><CSItem code="IT4006081" rank="3" referenceName="Vermogen - Uitmodus"/><CSItem code="IT4005766" rank="3" referenceName="Afmetingen - Verpakking in mm (b x h x d)"/><CSItem code="IT4005772" rank="3" referenceName="Gewicht - Product met verpakking (kg)"/><CSItem code="IT4004948" rank="3" referenceName="Voorwaarden voor een goede werking - Relatieve vochtigheid"/><CSItem code="IT4041030" rank="3" referenceName="Wat zit er in de doos? - Gebruikersdocumentatie"/><CSItem code="3006149" rank="4" referenceName="Beeld/scherm - Effectief weergavegebied"/><CSItem code="3006699" rank="4" referenceName="Comfort - Plug &amp; Play-compatibiliteit"/><CSItem code="3006931" rank="4" referenceName="Vermogen - LED-indicator voor voeding"/><CSItem code="IT4023612" rank="4" referenceName="Voorwaarden voor een goede werking - Hoogte"/><CSItem code="3006121" rank="5" referenceName="Beeld/scherm - Beeldformaat"/><CSItem code="3006932" rank="5" referenceName="Vermogen - Stroomvoorziening"/><CSItem code="IT4004949" rank="5" referenceName="Voorwaarden voor een goede werking - MTBF"/><CSItem code="3006193" rank="6" referenceName="Beeld/scherm - Optimale resolutie"/><CSItem code="IT4039893" rank="7" referenceName="Beeld/scherm - Responstijd (normaal)"/><CSItem code="3006127" rank="8" referenceName="Beeld/scherm - Helderheid"/><CSItem code="3006133" rank="9" referenceName="Beeld/scherm - Contrastverhouding (normaal)"/><CSItem code="IT4006148" rank="10" referenceName="Beeld/scherm - SmartContrast"/><CSItem code="3006186" rank="11" referenceName="Beeld/scherm - Pixelpitch"/><CSItem code="3007518" rank="12" referenceName="Beeld/scherm - Kijkhoek"/><CSItem code="3006183" rank="13" referenceName="Beeld/scherm - Beeldverbetering"/><CSItem code="3006143" rank="14" referenceName="Beeld/scherm - Schermkleuren"/><CSItem code="IT4006149" rank="15" referenceName="Beeld/scherm - Scanfrequentie"/><CSItem code="IT4024231" rank="16" referenceName="Beeld/scherm - MHL"/><CSItem code="3006207" rank="17" referenceName="Beeld/scherm - sRGB"/><CSItem code="IT4036546" rank="18" referenceName="Beeld/scherm - SoftBlue"/></CSItems></Purpose><Purpose type="Detail"><Features><Feature code="F400067989" rank="1" referenceName="SoftBlue Technology"/><Feature code="F400066723" rank="2" referenceName="IPS-ADS"/><Feature code="F400065685" rank="3" referenceName="16:9 Full HD display for crisp detailed images"/><Feature code="F400065686" rank="4" referenceName="SmartImage Lite for easy optimized image settings"/><Feature code="F400065687" rank="5" referenceName="SmartControl Lite: For quick and easy display tuning"/><Feature code="F400065688" rank="6" referenceName="SmartContrast for deep black level details"/><Feature code="F400032210" rank="7" referenceName="Elegant, slim design complements your home decor"/><Feature code="F400065689" rank="8" referenceName="Modern Touch controls complement the design"/><Feature code="F400045859" rank="9" referenceName="MHL technology"/><Feature code="F400036719" rank="10" referenceName="Superb glossy finish"/><Feature code="F400044227" rank="11" referenceName="Low power consumption saves energy bills"/></Features><CSItems><CSItem code="3006169" rank="1" referenceName="Beeld/scherm - Type LCD-scherm"/><CSItem code="3006576" rank="1" referenceName="Connectiviteit - Signaalinvoer"/><CSItem code="3006633" rank="1" referenceName="Comfort - Gebruikersgemak"/><CSItem code="IT4004954" rank="1" referenceName="Standaard - Kantelfunctie"/><CSItem code="IT4005861" rank="1" referenceName="Vermogen - Ingeschakeld"/><CSItem code="IT4005764" rank="1" referenceName="Afmetingen - Product met standaard (mm)"/><CSItem code="IT4005770" rank="1" referenceName="Gewicht - Product met standaard (kg)"/><CSItem code="IT4004946" rank="1" referenceName="Voorwaarden voor een goede werking - Temperatuurbereik (in bedrijf)"/><CSItem code="IT4004941" rank="1" referenceName="Duurzaamheid - Milieu en energie"/><CSItem code="IT4006152" rank="1" referenceName="Voldoet aan de normen - Officiële goedkeuringen"/><CSItem code="IT4004955" rank="1" referenceName="Kast - Kleur"/><CSItem code="IT4040999" rank="1" referenceName="Wat zit er in de doos? - Monitor met standaard"/><CSItem code="IT4007209" rank="2" referenceName="Beeld/scherm - Type achtergrondverlichting"/><CSItem code="3006588" rank="2" referenceName="Connectiviteit - Gesynchroniseerde invoer"/><CSItem code="3006693" rank="2" referenceName="Comfort - OSD-talen"/><CSItem code="IT4006150" rank="2" referenceName="Vermogen - Stand-bymodus"/><CSItem code="IT4005765" rank="2" referenceName="Afmetingen - Product zonder standaard (mm)"/><CSItem code="IT4005771" rank="2" referenceName="Gewicht - Product zonder standaard (kg)"/><CSItem code="IT4004947" rank="2" referenceName="Voorwaarden voor een goede werking - Temperatuurbereik (opslag)"/><CSItem code="IT4004944" rank="2" referenceName="Duurzaamheid - Recyclebaar verpakkingsmateriaal"/><CSItem code="IT4004956" rank="2" referenceName="Kast - Afwerking"/><CSItem code="IT4041000" rank="2" referenceName="Wat zit er in de doos? - Kabels"/><CSItem code="3006180" rank="3" referenceName="Beeld/scherm - Schermgrootte"/><CSItem code="IT4005621" rank="3" referenceName="Connectiviteit - Audio (in/uit)"/><CSItem code="3006694" rank="3" referenceName="Comfort - Andere handige opties"/><CSItem code="IT4006081" rank="3" referenceName="Vermogen - Uitmodus"/><CSItem code="IT4005766" rank="3" referenceName="Afmetingen - Verpakking in mm (b x h x d)"/><CSItem code="IT4005772" rank="3" referenceName="Gewicht - Product met verpakking (kg)"/><CSItem code="IT4004948" rank="3" referenceName="Voorwaarden voor een goede werking - Relatieve vochtigheid"/><CSItem code="IT4041030" rank="3" referenceName="Wat zit er in de doos? - Gebruikersdocumentatie"/><CSItem code="3006149" rank="4" referenceName="Beeld/scherm - Effectief weergavegebied"/><CSItem code="3006699" rank="4" referenceName="Comfort - Plug &amp; Play-compatibiliteit"/><CSItem code="3006931" rank="4" referenceName="Vermogen - LED-indicator voor voeding"/><CSItem code="IT4023612" rank="4" referenceName="Voorwaarden voor een goede werking - Hoogte"/><CSItem code="3006121" rank="5" referenceName="Beeld/scherm - Beeldformaat"/><CSItem code="3006932" rank="5" referenceName="Vermogen - Stroomvoorziening"/><CSItem code="IT4004949" rank="5" referenceName="Voorwaarden voor een goede werking - MTBF"/><CSItem code="3006193" rank="6" referenceName="Beeld/scherm - Optimale resolutie"/><CSItem code="IT4039893" rank="7" referenceName="Beeld/scherm - Responstijd (normaal)"/><CSItem code="3006127" rank="8" referenceName="Beeld/scherm - Helderheid"/><CSItem code="3006133" rank="9" referenceName="Beeld/scherm - Contrastverhouding (normaal)"/><CSItem code="IT4006148" rank="10" referenceName="Beeld/scherm - SmartContrast"/><CSItem code="3006186" rank="11" referenceName="Beeld/scherm - Pixelpitch"/><CSItem code="3007518" rank="12" referenceName="Beeld/scherm - Kijkhoek"/><CSItem code="3006183" rank="13" referenceName="Beeld/scherm - Beeldverbetering"/><CSItem code="3006143" rank="14" referenceName="Beeld/scherm - Schermkleuren"/><CSItem code="IT4006149" rank="15" referenceName="Beeld/scherm - Scanfrequentie"/><CSItem code="IT4024231" rank="16" referenceName="Beeld/scherm - MHL"/><CSItem code="3006207" rank="17" referenceName="Beeld/scherm - sRGB"/><CSItem code="IT4036546" rank="18" referenceName="Beeld/scherm - SoftBlue"/></CSItems></Purpose></Filters><FeatureCompareGroups/><Disclaimers><Disclaimer code="DIS40004921" rank="1" referenceName="MHL_This Philps display is MHL certified."><DisclaimerText>Dit Philips-beeldscherm heeft het MHL-certificaat. Als het MHL-apparaat echter niet wordt verbonden of niet correct werkt, raadpleegt u de veelgestelde vragen bij het MHL-apparaat of neemt u rechtstreeks contact op met de leverancier. Het beleid van de fabrikant van het apparaat vereist mogelijk dat u een merkspecifieke MHL-kabel of -adapter moet aanschaffen voor een correcte werking.</DisclaimerText><DisclaimElements/></Disclaimer><Disclaimer code="DIS40003721" rank="2" referenceName="Requires optional MHL certified mobile device and MHL cable"><DisclaimerText>Optioneel MHL-gecertificeerd mobiel apparaat en MHL-kabel vereist (niet meegeleverd). Neem contact op met de leverancier van uw MHL-apparaat voor compatibiliteit.</DisclaimerText><DisclaimElements/></Disclaimer><Disclaimer code="DIS40004361" rank="3" referenceName="MHL energy saving"><DisclaimerText>Energiebesparende stand-by/uit van ErP is niet van toepassing op de MHL-oplaadfunctionaliteit</DisclaimerText><DisclaimElements/></Disclaimer><Disclaimer code="DIS40007289" rank="4" referenceName="For complete list of MHL-enabled products refer to"><DisclaimerText>Voor een volledige lijst met MHL-compatibele producten raadpleegt u www.mhlconsortium.org</DisclaimerText><DisclaimElements/></Disclaimer><Disclaimer code="DIS40004221" rank="5" referenceName="IPS technology"><DisclaimerText>"IPS"-naam/handelsmerk en verwante octrooien voor technologieën zijn eigendom van hun respectieve eigenaars.</DisclaimerText><DisclaimElements/></Disclaimer><Disclaimer code="DIS40009731" rank="6" referenceName="Response time value equal to SmartResponse"><DisclaimerText>Waarde responstijd gelijk aan SmartResponse</DisclaimerText><DisclaimElements/></Disclaimer></Disclaimers><Award AwardType="global_highlight"><AwardCode>GA40015944</AwardCode><AwardName>TUV-gecertificeerd voor beperkt blauw licht</AwardName><AwardDate>2014</AwardDate><AwardPlace>Taipei, Taiwan</AwardPlace><AwardDescription>TUV-gecertificeerd voor beperkt blauw licht</AwardDescription><AwardAcknowledgement>Philips-displays met SoftBlue LED-technologie zijn gecertificeerd door TUV Rheinland volgens de testnorm voor beperkt blauw licht (2PfG) en verminderen de hoeveelheid schadelijke blauw licht.</AwardAcknowledgement><AwardRank>1</AwardRank></Award><RichTexts/></Product></Products>