<?xml version="1.0" encoding="UTF-8"?><Products xmlns:source="http://apache.org/cocoon/source/1.0" DocStatus="approved" DocTimeStamp="2018-10-20T07:18:48"><Product Country="NL" IsAccessory="false" IsLocalized="true" IsMaster="false" Locale="nl_NL" lastModified="2018-10-17T04:37:35" masterLastModified="2018-10-05T00:35:25"><CTN>318143116</CTN><Code12NC>915004571201</Code12NC><GTIN>8718696122822</GTIN><MarketingVersion>1.0.1</MarketingVersion><MarketingStatus>Final Published</MarketingStatus><CRDate>2014-03-21</CRDate><CRDateYW>201412</CRDateYW><ModelYears><ModelYear>2014</ModelYear></ModelYears><ProductDivision><ProductDivisionCode>0100</ProductDivisionCode><ProductDivisionName>Lighting</ProductDivisionName><FormerPDCode>0100</FormerPDCode></ProductDivision><ProductOwner>Lucia Parlanti</ProductOwner><DTN>31814/31/16</DTN><Catalog><StartOfPublication>2014-04-21T00:00:00</StartOfPublication><EndOfPublication>2300-01-01T00:00:00</EndOfPublication><StartOfSales>2014-04-21T00:00:00</StartOfSales><EndOfSales>2300-01-01T00:00:00</EndOfSales><DummyPrice>47.95</DummyPrice><Deleted>false</Deleted><DeleteAfterDate/><ProductRank>50</ProductRank></Catalog><FinancialCategorization><BusinessGroupCode>9016</BusinessGroupCode><BusinessGroupName>LumiLeds</BusinessGroupName><BusinessUnitCode>9112</BusinessUnitCode><BusinessUnitName>General Illumination</BusinessUnitName><MainArticleGroupCode>K30</MainArticleGroupCode><MainArticleGroupName>Lighting CoB</MainArticleGroupName><ArticleGroupCode>9108</ArticleGroupCode><ArticleGroupName>LUXEON CoB 6509 CER</ArticleGroupName></FinancialCategorization><Categorization type="CONSUMER"><GroupCode>LIGHTING_GR</GroupCode><GroupName>Lighting</GroupName><CategoryCode>CHOOSE_YOUR_LUMINAIRE_CA</CategoryCode><CategoryName>Choose a fixture</CategoryName><SubcategoryCode>CONCEPT_MYLIVING_SU</SubcategoryCode><SubcategoryName>myLiving</SubcategoryName></Categorization><Assets><Asset code="318143116" description="User manual" extension="pdf" lastModified="2014-10-13" locale="nl_NL" number="001" type="DFU">http://download.p4c.philips.com/files/3/318143116/318143116_dfu_nld.pdf</Asset><Asset code="318143116" description="Leaflet" extension="pdf" lastModified="2018-10-12" locale="nl_NL" number="001" type="PSS">http://download.p4c.philips.com/files/3/318143116/318143116_pss_nldnl.pdf</Asset><Asset code="318143116" description="Quick start guide" extension="pdf" lastModified="2014-10-13" locale="nl_NL" number="001" type="QSG">http://download.p4c.philips.com/files/3/318143116/318143116_qsg_nld.pdf</Asset><Asset code="318143116" description="Retail Trade Leaflet" extension="pdf" lastModified="2018-10-15" locale="nl_NL" number="001" type="RTL">http://download.p4c.philips.com/files/3/318143116/318143116_rtl_nldnl.pdf</Asset><Asset code="318143116" description="Alternative product photograph 1 - highres 2196x1795" extension="tif" lastModified="2015-04-08" locale="global" number="001" type="A1P">http://images.philips.com/is/image/PhilipsConsumer/318143116-A1P-global-001</Asset><Asset code="318143116" description="Alternative product photograph - highres 2196x1795" extension="tif" lastModified="2015-04-08" locale="global" number="001" type="APP">http://images.philips.com/is/image/PhilipsConsumer/318143116-APP-global-001</Asset><Asset code="318143116" description="Energy Label - Rainbow " extension="pdf" lastModified="2015-03-30" locale="global" number="001" type="ELR">http://download.p4c.philips.com/files/3/318143116/318143116_elr_.pdf</Asset><Asset code="318143116" description="Leaflet" extension="pdf" lastModified="2018-10-06" locale="global" number="001" type="PSS">http://download.p4c.philips.com/files/3/318143116/318143116_pss_.pdf</Asset><Asset code="318143116" description="Standard product photograph - highres 2196x1795" extension="tif" lastModified="2015-02-27" locale="global" number="001" type="RTP">http://images.philips.com/is/image/PhilipsConsumer/318143116-RTP-global-001</Asset><Asset code="318143116" description="Single product shot" extension="" lastModified="2018-10-17" locale="nl_NL" number="" type="IMS">http://images.philips.com/is/image/PhilipsConsumer/318143116-IMS-nl_NL</Asset><Asset code="318143116" description="Product gallery image set" extension="" lastModified="2018-10-17" locale="nl_NL" number="" type="GAL">http://images.philips.com/is/image/PhilipsConsumer/318143116-GAL-nl_NL</Asset><Asset code="318143116" description="Product URL" extension="" lastModified="2018-10-17" locale="nl_NL" number="" type="URL">http://www.philips.nl/c-p/318143116/myliving-plafonniere</Asset><Asset code="F400031226" description="Feature photograph - highres 2100x1170" extension="tif" lastModified="2014-02-26" locale="global" number="001" type="FIL">http://images.philips.com/is/image/PhilipsConsumer/F400031226-FIL-global-001</Asset><Asset code="F400057627" description="Feature photograph - highres 2100x1170" extension="tif" lastModified="2013-07-30" locale="global" number="001" type="FIL">http://images.philips.com/is/image/PhilipsConsumer/F400057627-FIL-global-001</Asset><Asset code="F400057628" description="Feature photograph - highres 2100x1170" extension="tif" lastModified="2014-05-16" locale="global" number="001" type="FIL">http://images.philips.com/is/image/PhilipsConsumer/F400057628-FIL-global-001</Asset><Asset code="F400057631" description="Feature photograph - highres 2100x1170" extension="tif" lastModified="2013-07-30" locale="global" number="001" type="FIL">http://images.philips.com/is/image/PhilipsConsumer/F400057631-FIL-global-001</Asset><Asset code="F400057635" description="Feature photograph - highres 2100x1170" extension="tif" lastModified="2013-07-30" locale="global" number="001" type="FIL">http://images.philips.com/is/image/PhilipsConsumer/F400057635-FIL-global-001</Asset><Asset code="F400076495" description="Feature photograph - highres 2100x1170" extension="tif" lastModified="2016-01-18" locale="global" number="001" type="FIL">http://images.philips.com/is/image/PhilipsConsumer/F400076495-FIL-global-001</Asset><Asset code="PHI" description="Brand logo - highres 1476x886" extension="tif" lastModified="2016-02-18" locale="global" number="001" type="BRP">http://images.philips.com/is/image/PhilipsConsumer/PHI-BRP-global-001</Asset><Asset code="PLM0108MYL" description="Concept logo - lowres 198x198" extension="jpg" lastModified="2011-09-06" locale="global" number="001" type="CLL">http://images.philips.com/is/image/PhilipsConsumer/PLM0108MYL-CLL-global-001</Asset></Assets><ProductName>Twirly 27K, wit, LED, plafondlamp</ProductName><FullProductName>Philips myLiving Plafonnière 31814/31/16 Twirly 27K, wit, LED</FullProductName><NamingString><MasterBrand><BrandCode>PHI</BrandCode><BrandName>Philips</BrandName></MasterBrand><BrandString>Philips</BrandString><Concept><ConceptCode>PLM0108MYL</ConceptCode><ConceptName>myLiving</ConceptName><ConceptNameUsed>1</ConceptNameUsed></Concept><Descriptor><DescriptorCode>PLM0830CEI</DescriptorCode><DescriptorName>Plafonnière</DescriptorName></Descriptor><Alphanumeric>31814/31/16</Alphanumeric><VersionElement1><VersionElementCode>PLM0004979</VersionElementCode><VersionElementName>Twirly 27K</VersionElementName></VersionElement1><VersionElement2><VersionElementCode>PLM018331</VersionElementCode><VersionElementName>witte</VersionElementName></VersionElement2><VersionElement3><VersionElementCode>PLM0814Y</VersionElementCode><VersionElementName>LED</VersionElementName></VersionElement3><VersionString>Twirly 27K, wit, LED</VersionString><BrandedFeatureString/><DescriptorBrandedFeatureString>Plafonnière</DescriptorBrandedFeatureString></NamingString><WOW>Richt uw huis in met licht</WOW><MarketingTextHeader>Creëer een natuurlijke sfeer met deze Philips myLiving Twirly LED-plafondlamp. Het diffuse, warme licht bereikt alle hoeken van uw kamer. U kunt deze plafondlamp ook aan de wand bevestigen.</MarketingTextHeader><KeyBenefitArea><KeyBenefitAreaCode>K4027674</KeyBenefitAreaCode><KeyBenefitAreaName>Ontworpen voor uw huiskamer en slaapkamer</KeyBenefitAreaName><KeyBenefitAreaRank>1</KeyBenefitAreaRank><Feature><FeatureCode>F400065396</FeatureCode><FeatureReferenceName>Create a stylish atmosphere (LUMS)</FeatureReferenceName><FeatureName>Creëer een stijlvolle sfeer</FeatureName><FeatureLongDescription>Creëer een stijlvolle en uitnodigende sfeer</FeatureLongDescription><FeatureGlossary>Deze lamp past bij de stijl, trends en levensstijl van nu en sluit aan op uw interieur. Bovendien creëert de lamp de sfeer die u altijd al hebt gewenst.</FeatureGlossary><FeatureRank>1</FeatureRank><FeatureTopRank>6</FeatureTopRank></Feature><Feature><FeatureCode>F400065394</FeatureCode><FeatureReferenceName>Perfect to relax and socialise (LUMS)</FeatureReferenceName><FeatureName>Perfect voor ontspanning en een praatje</FeatureName><FeatureLongDescription>Perfect voor ontspanning en een praatje</FeatureLongDescription><FeatureGlossary>De woonkamer is het hart van elk huis, een plek waar de bewoners samenkomen en gasten ontvangen. De verlichting voor deze leefruimte en slaapkamer moet flexibel zijn en gemakkelijk kunnen worden aangepast aan de verschillende momenten van de dag. Nauwkeurige plaatsing van verschillende lichtbronnen en spelen met lichtlagen helpt een ruimtelijk gevoel te scheppen en de kamer een warme en uitnodigende sfeer te geven.</FeatureGlossary><FeatureRank>2</FeatureRank><FeatureTopRank>7</FeatureTopRank></Feature></KeyBenefitArea><KeyBenefitArea><KeyBenefitAreaCode>K4005041</KeyBenefitAreaCode><KeyBenefitAreaName>Duurzame verlichting</KeyBenefitAreaName><KeyBenefitAreaRank>2</KeyBenefitAreaRank><Feature><FeatureCode>F400057628</FeatureCode><FeatureReferenceName>High quality LED light (LED integrated)</FeatureReferenceName><FeatureName>LED-licht van topkwaliteit</FeatureName><FeatureLongDescription>LED-licht van topkwaliteit</FeatureLongDescription><FeatureGlossary>De LED-technologie die in deze Philips-lamp is geïntegreerd, is een unieke door Philips ontwikkelde oplossing. De lamp kan onmiddellijk worden ingeschakeld, biedt een optimale lichtopbrengst en brengt levendige kleuren in uw huis.</FeatureGlossary><FeatureRank>3</FeatureRank><FeatureTopRank>1</FeatureTopRank></Feature><Feature><FeatureCode>F400057635</FeatureCode><FeatureReferenceName>Warm white light (NEW lighting)</FeatureReferenceName><FeatureName>Warm wit licht</FeatureName><FeatureLongDescription>Warm wit licht</FeatureLongDescription><FeatureGlossary>Licht kan verschillende kleurtemperaturen hebben, die worden aangegeven in de eenheid Kelvin (K). Lampen met een lage Kelvin-waarde produceren een warmer, gezelliger licht, terwijl lampen met een hoge Kelvin-waarde een koeler, meer energiek licht produceren. Deze lamp van Philips geeft warm wit licht voor een gezellige sfeer.</FeatureGlossary><FeatureRank>5</FeatureRank><FeatureTopRank>2</FeatureTopRank></Feature><Feature><FeatureCode>F400057627</FeatureCode><FeatureReferenceName>Energy saving (general NEW)</FeatureReferenceName><FeatureName>Energiezuinig</FeatureName><FeatureLongDescription>Energiezuinig</FeatureLongDescription><FeatureGlossary>Deze energiebesparende Philips-lamp verbruikt minder stroom dan traditionele lichtbronnen. Zo bespaar je op uw energierekening en draag je bij aan een beter milieu.</FeatureGlossary><FeatureRank>4</FeatureRank><FeatureTopRank>3</FeatureTopRank></Feature><Feature><FeatureCode>F400057631</FeatureCode><FeatureReferenceName>Long operating life (15 yrs lighting)</FeatureReferenceName><FeatureName>Lange levensduur</FeatureName><FeatureLongDescription>Lange levensduur - tot 15 jaar</FeatureLongDescription><FeatureGlossary>Een lichtbron waarop u kunt vertrouwen. De LED's in deze LED-lamp van Philips bieden een zeer lange levensduur van minimaal 15.000 uur (dit staat gelijk aan 15 jaar bij een gemiddeld gebruik van 3 uur/dag en minimaal 13.000 schakelcycli). Dit geeft een prettig gevoel: u hoeft zich nooit meer zorgen te maken over onderhoud of het vervangen van een lamp en u kunt thuis genieten van de perfecte sfeerverlichting.</FeatureGlossary><FeatureRank>6</FeatureRank><FeatureTopRank>4</FeatureTopRank></Feature><Feature><FeatureCode>F400076495</FeatureCode><FeatureReferenceName>5 year warranty on LED system</FeatureReferenceName><FeatureName>5 jaar garantie</FeatureName><FeatureLongDescription>Philips biedt standaard een garantie van 5 jaar op deze geïntegreerde LED-binnenverlichting.</FeatureLongDescription><FeatureGlossary>Naast de standaard 2 jaar garantie op deze lamp biedt Philips ook nog eens 5 jaar garantie op het LED-systeem, oftewel de LED-module en -driver in deze lamp.</FeatureGlossary><FeatureRank>7</FeatureRank><FeatureTopRank>8</FeatureTopRank></Feature></KeyBenefitArea><KeyBenefitArea><KeyBenefitAreaCode>K4013393</KeyBenefitAreaCode><KeyBenefitAreaName>Speciale kenmerken</KeyBenefitAreaName><KeyBenefitAreaRank>3</KeyBenefitAreaRank><Feature><FeatureCode>F400031226</FeatureCode><FeatureReferenceName>Suitable for wall and ceiling installation</FeatureReferenceName><FeatureName>Wand- en plafondmontage</FeatureName><FeatureLongDescription>Kan aan de wand of aan het plafond worden bevestigd</FeatureLongDescription><FeatureGlossary>Monteer deze lamp als een wandlamp of plafondlamp, precies waar u het wilt.</FeatureGlossary><FeatureRank>7</FeatureRank><FeatureTopRank>5</FeatureTopRank></Feature></KeyBenefitArea><FeatureImage><FeatureCode>F400057628</FeatureCode><FeatureReferenceName>High quality LED light (LED integrated)</FeatureReferenceName><FeatureImageRank>1</FeatureImageRank></FeatureImage><FeatureImage><FeatureCode>F400057635</FeatureCode><FeatureReferenceName>Warm white light (NEW lighting)</FeatureReferenceName><FeatureImageRank>2</FeatureImageRank></FeatureImage><FeatureImage><FeatureCode>F400057627</FeatureCode><FeatureReferenceName>Energy saving (general NEW)</FeatureReferenceName><FeatureImageRank>3</FeatureImageRank></FeatureImage><FeatureImage><FeatureCode>F400057631</FeatureCode><FeatureReferenceName>Long operating life (15 yrs lighting)</FeatureReferenceName><FeatureImageRank>4</FeatureImageRank></FeatureImage><FeatureImage><FeatureCode>F400031226</FeatureCode><FeatureReferenceName>Suitable for wall and ceiling installation</FeatureReferenceName><FeatureImageRank>5</FeatureImageRank></FeatureImage><FeatureImage><FeatureCode>F400065396</FeatureCode><FeatureReferenceName>Create a stylish atmosphere (LUMS)</FeatureReferenceName><FeatureImageRank>6</FeatureImageRank></FeatureImage><FeatureImage><FeatureCode>F400065394</FeatureCode><FeatureReferenceName>Perfect to relax and socialise (LUMS)</FeatureReferenceName><FeatureImageRank>7</FeatureImageRank></FeatureImage><FeatureImage><FeatureCode>F400076495</FeatureCode><FeatureReferenceName>5 year warranty on LED system</FeatureReferenceName><FeatureImageRank>8</FeatureImageRank></FeatureImage><FeatureHighlight><FeatureCode>F400057628</FeatureCode><FeatureReferenceName>High quality LED light (LED integrated)</FeatureReferenceName><FeatureHighlightRank>1</FeatureHighlightRank></FeatureHighlight><FeatureHighlight><FeatureCode>F400057635</FeatureCode><FeatureReferenceName>Warm white light (NEW lighting)</FeatureReferenceName><FeatureHighlightRank>2</FeatureHighlightRank></FeatureHighlight><FeatureHighlight><FeatureCode>F400057627</FeatureCode><FeatureReferenceName>Energy saving (general NEW)</FeatureReferenceName><FeatureHighlightRank>3</FeatureHighlightRank></FeatureHighlight><FeatureHighlight><FeatureCode>F400057631</FeatureCode><FeatureReferenceName>Long operating life (15 yrs lighting)</FeatureReferenceName><FeatureHighlightRank>4</FeatureHighlightRank></FeatureHighlight><FeatureHighlight><FeatureCode>F400031226</FeatureCode><FeatureReferenceName>Suitable for wall and ceiling installation</FeatureReferenceName><FeatureHighlightRank>5</FeatureHighlightRank></FeatureHighlight><FeatureHighlight><FeatureCode>F400065396</FeatureCode><FeatureReferenceName>Create a stylish atmosphere (LUMS)</FeatureReferenceName><FeatureHighlightRank>6</FeatureHighlightRank></FeatureHighlight><FeatureHighlight><FeatureCode>F400065394</FeatureCode><FeatureReferenceName>Perfect to relax and socialise (LUMS)</FeatureReferenceName><FeatureHighlightRank>7</FeatureHighlightRank></FeatureHighlight><FeatureHighlight><FeatureCode>F400076495</FeatureCode><FeatureReferenceName>5 year warranty on LED system</FeatureReferenceName><FeatureHighlightRank>8</FeatureHighlightRank></FeatureHighlight><CSChapter><CSChapterCode>PLMCHP010</CSChapterCode><CSChapterName>design en afwerking</CSChapterName><CSChapterRank>10</CSChapterRank><CSItem><CSItemCode>PLMITM010001</CSItemCode><CSItemName>Materiaal</CSItemName><CSItemRank>1</CSItemRank><CSItemIsFreeFormat>0</CSItemIsFreeFormat><CSValue><CSValueCode>PLMATR0105SYNTH</CSValueCode><CSValueName>kunststof</CSValueName><CSValueRank>1</CSValueRank></CSValue></CSItem><CSItem><CSItemCode>PLMITM010002</CSItemCode><CSItemName>Kleur</CSItemName><CSItemRank>2</CSItemRank><CSItemIsFreeFormat>0</CSItemIsFreeFormat><CSValue><CSValueCode>PLMATR018331</CSValueCode><CSValueName>witte</CSValueName><CSValueRank>1</CSValueRank></CSValue></CSItem></CSChapter><CSChapter><CSChapterCode>PLMCHP020</CSChapterCode><CSChapterName>Extra onderdeel/accessoire meegeleverd</CSChapterName><CSChapterRank>20</CSChapterRank><CSItem><CSItemCode>PLMITM0776FX006</CSItemCode><CSItemName>Ingebouwde LED</CSItemName><CSItemRank>4</CSItemRank><CSItemIsFreeFormat>0</CSItemIsFreeFormat><CSValue><CSValueCode>PLMATR0776FX006YES</CSValueCode><CSValueName>Ja</CSValueName><CSValueRank>1</CSValueRank></CSValue></CSItem><CSItem><CSItemCode>PLMITM0776FX011</CSItemCode><CSItemName>Diffuus licht</CSItemName><CSItemRank>5</CSItemRank><CSItemIsFreeFormat>0</CSItemIsFreeFormat><CSValue><CSValueCode>PLMATR0776FX011YES</CSValueCode><CSValueName>Ja</CSValueName><CSValueRank>1</CSValueRank></CSValue></CSItem><CSItem><CSItemCode>PLMITM0776FX042</CSItemCode><CSItemName>Geschikt voor bevestiging aan muur en plafond</CSItemName><CSItemRank>6</CSItemRank><CSItemIsFreeFormat>0</CSItemIsFreeFormat><CSValue><CSValueCode>PLMATR0776FX042YES</CSValueCode><CSValueName>Ja</CSValueName><CSValueRank>1</CSValueRank></CSValue></CSItem><CSItem><CSItemCode>PLMITM0776FX065</CSItemCode><CSItemName>5 jaar garantie</CSItemName><CSItemRank>8</CSItemRank><CSItemIsFreeFormat>0</CSItemIsFreeFormat><CSValue><CSValueCode>PLMATR0776FX065YES</CSValueCode><CSValueName>Ja</CSValueName><CSValueRank>1</CSValueRank></CSValue></CSItem></CSChapter><CSChapter><CSChapterCode>PLMCHP030</CSChapterCode><CSChapterName>Afmetingen en gewicht van product</CSChapterName><CSChapterRank>30</CSChapterRank><CSItem><CSItemCode>PLMITM030001</CSItemCode><CSItemName>Hoogte</CSItemName><CSItemRank>1</CSItemRank><CSItemIsFreeFormat>1</CSItemIsFreeFormat><CSValue><CSValueCode>VA4042333</CSValueCode><CSValueName>6,0</CSValueName><CSValueRank>1</CSValueRank></CSValue><UnitOfMeasure><UnitOfMeasureCode>3000039</UnitOfMeasureCode><UnitOfMeasureName>centimeter</UnitOfMeasureName><UnitOfMeasureSymbol>cm</UnitOfMeasureSymbol></UnitOfMeasure></CSItem><CSItem><CSItemCode>PLMITM030004</CSItemCode><CSItemName>Lengte</CSItemName><CSItemRank>4</CSItemRank><CSItemIsFreeFormat>1</CSItemIsFreeFormat><CSValue><CSValueCode>VA4042309</CSValueCode><CSValueName>29</CSValueName><CSValueRank>1</CSValueRank></CSValue><UnitOfMeasure><UnitOfMeasureCode>3000039</UnitOfMeasureCode><UnitOfMeasureName>centimeter</UnitOfMeasureName><UnitOfMeasureSymbol>cm</UnitOfMeasureSymbol></UnitOfMeasure></CSItem><CSItem><CSItemCode>PLMITM030005</CSItemCode><CSItemName>Breedte</CSItemName><CSItemRank>5</CSItemRank><CSItemIsFreeFormat>1</CSItemIsFreeFormat><CSValue><CSValueCode>VA4042311</CSValueCode><CSValueName>29</CSValueName><CSValueRank>1</CSValueRank></CSValue><UnitOfMeasure><UnitOfMeasureCode>3000039</UnitOfMeasureCode><UnitOfMeasureName>centimeter</UnitOfMeasureName><UnitOfMeasureSymbol>cm</UnitOfMeasureSymbol></UnitOfMeasure></CSItem><CSItem><CSItemCode>PLMITM030006</CSItemCode><CSItemName>Nettogewicht</CSItemName><CSItemRank>6</CSItemRank><CSItemIsFreeFormat>1</CSItemIsFreeFormat><CSValue><CSValueCode>VA4042308</CSValueCode><CSValueName>0,545</CSValueName><CSValueRank>1</CSValueRank></CSValue><UnitOfMeasure><UnitOfMeasureCode>3000049</UnitOfMeasureCode><UnitOfMeasureName>kilogram</UnitOfMeasureName><UnitOfMeasureSymbol>kg</UnitOfMeasureSymbol></UnitOfMeasure></CSItem></CSChapter><CSChapter><CSChapterCode>PLMCHP040</CSChapterCode><CSChapterName>Technische specificaties</CSChapterName><CSChapterRank>40</CSChapterRank><CSItem><CSItemCode>PLMITM040001</CSItemCode><CSItemName>Netspanning</CSItemName><CSItemRank>1</CSItemRank><CSItemIsFreeFormat>0</CSItemIsFreeFormat><CSValue><CSValueCode>PLMATR0719110-240</CSValueCode><CSValueName>Bereik 110 V - 240 V</CSValueName><CSValueRank>1</CSValueRank></CSValue><CSValue><CSValueCode>PLMATR067350/60HZ</CSValueCode><CSValueName>50-60 Hz</CSValueName><CSValueRank>2</CSValueRank></CSValue></CSItem><CSItem><CSItemCode>PLMITM040002</CSItemCode><CSItemName>Lamptechnologie</CSItemName><CSItemRank>2</CSItemRank><CSItemIsFreeFormat>0</CSItemIsFreeFormat><CSValue><CSValueCode>PLMATRBOIBULB10131LED</CSValueCode><CSValueName>LED</CSValueName><CSValueRank>1</CSValueRank></CSValue><CSValue><CSValueCode>PLMATR0329240</CSValueCode><CSValueName>240 V</CSValueName><CSValueRank>2</CSValueRank></CSValue></CSItem><CSItem><CSItemCode>PLMITM040003</CSItemCode><CSItemName>Aantal lampen</CSItemName><CSItemRank>3</CSItemRank><CSItemIsFreeFormat>1</CSItemIsFreeFormat><CSValue><CSValueCode>VA4042306</CSValueCode><CSValueName>1</CSValueName><CSValueRank>1</CSValueRank></CSValue></CSItem><CSItem><CSItemCode>PLMITM040005</CSItemCode><CSItemName>Vermogen meegeleverde lamp</CSItemName><CSItemRank>5</CSItemRank><CSItemIsFreeFormat>0</CSItemIsFreeFormat><CSValue><CSValueCode>PLMATR046012</CSValueCode><CSValueName>12W</CSValueName><CSValueRank>1</CSValueRank></CSValue></CSItem><CSItem><CSItemCode>PLMITM040006</CSItemCode><CSItemName>Maximaal vermogen vervangende lamp</CSItemName><CSItemRank>6</CSItemRank><CSItemIsFreeFormat>0</CSItemIsFreeFormat><CSValue><CSValueCode>PLMATR033312</CSValueCode><CSValueName>12W</CSValueName><CSValueRank>1</CSValueRank></CSValue></CSItem><CSItem><CSItemCode>PLMITM040007</CSItemCode><CSItemName>Kleurtemperatuur</CSItemName><CSItemRank>7</CSItemRank><CSItemIsFreeFormat>0</CSItemIsFreeFormat><CSValue><CSValueCode>PLMATRBOIBULB106242700_K</CSValueCode><CSValueName>warm wit</CSValueName><CSValueRank>1</CSValueRank></CSValue></CSItem><CSItem><CSItemCode>PLMITM0400011</CSItemCode><CSItemName>Totaal lumen armatuur</CSItemName><CSItemRank>11</CSItemRank><CSItemIsFreeFormat>0</CSItemIsFreeFormat><CSValue><CSValueCode>PLMATR10961200</CSValueCode><CSValueName>1200 lm</CSValueName><CSValueRank>1</CSValueRank></CSValue></CSItem><CSItem><CSItemCode>PLMITM0400013</CSItemCode><CSItemName>Armatuur dimbaar</CSItemName><CSItemRank>13</CSItemRank><CSItemIsFreeFormat>0</CSItemIsFreeFormat><CSValue><CSValueCode>PLMATR1075N</CSValueCode><CSValueName>Nee</CSValueName><CSValueRank>1</CSValueRank></CSValue></CSItem><CSItem><CSItemCode>PLMITM0400014</CSItemCode><CSItemName>LED</CSItemName><CSItemRank>14</CSItemRank><CSItemIsFreeFormat>0</CSItemIsFreeFormat><CSValue><CSValueCode>PLMATR0814Y</CSValueCode><CSValueName>Ja</CSValueName><CSValueRank>1</CSValueRank></CSValue></CSItem><CSItem><CSItemCode>PLMITM0400018</CSItemCode><CSItemName>Levensduur tot</CSItemName><CSItemRank>18</CSItemRank><CSItemIsFreeFormat>1</CSItemIsFreeFormat><CSValue><CSValueCode>VA4094468</CSValueCode><CSValueName>20.000</CSValueName><CSValueRank>1</CSValueRank></CSValue><UnitOfMeasure><UnitOfMeasureCode>4000213</UnitOfMeasureCode><UnitOfMeasureName>uur</UnitOfMeasureName><UnitOfMeasureSymbol>uur</UnitOfMeasureSymbol></UnitOfMeasure></CSItem><CSItem><CSItemCode>PLMITM040026</CSItemCode><CSItemName>IP-code</CSItemName><CSItemRank>26</CSItemRank><CSItemIsFreeFormat>0</CSItemIsFreeFormat><CSValue><CSValueCode>PLMATR0290IP20</CSValueCode><CSValueName>IP20</CSValueName><CSValueRank>1</CSValueRank></CSValue><CSValue><CSValueCode>PLMATR0290IP20-2</CSValueCode><CSValueName>bestand tegen voorwerpen groter dan 12,5 mm</CSValueName><CSValueRank>2</CSValueRank></CSValue><CSValue><CSValueCode>PLMATR0290IP20-3</CSValueCode><CSValueName>niet bestand tegen water</CSValueName><CSValueRank>3</CSValueRank></CSValue></CSItem><CSItem><CSItemCode>PLMITM040027</CSItemCode><CSItemName>Beschermingsklasse</CSItemName><CSItemRank>27</CSItemRank><CSItemIsFreeFormat>0</CSItemIsFreeFormat><CSValue><CSValueCode>PLMATR0289I</CSValueCode><CSValueName>I - geaard</CSValueName><CSValueRank>1</CSValueRank></CSValue></CSItem><CSItem><CSItemCode>PLMITM0400051</CSItemCode><CSItemName>Lichtbron equivalent aan traditionele lamp van</CSItemName><CSItemRank>51</CSItemRank><CSItemIsFreeFormat>1</CSItemIsFreeFormat><CSValue><CSValueCode>VA4081551</CSValueCode><CSValueName>87</CSValueName><CSValueRank>1</CSValueRank></CSValue><UnitOfMeasure><UnitOfMeasureCode>3000072</UnitOfMeasureCode><UnitOfMeasureName>watt</UnitOfMeasureName><UnitOfMeasureSymbol>W</UnitOfMeasureSymbol></UnitOfMeasure></CSItem></CSChapter><CSChapter><CSChapterCode>PLMCHP050</CSChapterCode><CSChapterName>Service</CSChapterName><CSChapterRank>50</CSChapterRank><CSItem><CSItemCode>PLMITM050001</CSItemCode><CSItemName>Garantie</CSItemName><CSItemRank>1</CSItemRank><CSItemIsFreeFormat>0</CSItemIsFreeFormat><CSValue><CSValueCode>PLMATR02982</CSValueCode><CSValueName>2 jaar</CSValueName><CSValueRank>1</CSValueRank></CSValue></CSItem></CSChapter><CSChapter><CSChapterCode>PLMCHP060</CSChapterCode><CSChapterName>Afmetingen en gewicht inclusief verpakking</CSChapterName><CSChapterRank>60</CSChapterRank><CSItem><CSItemCode>PLMITM060001</CSItemCode><CSItemName>Hoogte</CSItemName><CSItemRank>1</CSItemRank><CSItemIsFreeFormat>1</CSItemIsFreeFormat><CSValue><CSValueCode>VA4042312</CSValueCode><CSValueName>7,3</CSValueName><CSValueRank>1</CSValueRank></CSValue><UnitOfMeasure><UnitOfMeasureCode>3000039</UnitOfMeasureCode><UnitOfMeasureName>centimeter</UnitOfMeasureName><UnitOfMeasureSymbol>cm</UnitOfMeasureSymbol></UnitOfMeasure></CSItem><CSItem><CSItemCode>PLMITM060002</CSItemCode><CSItemName>Lengte</CSItemName><CSItemRank>2</CSItemRank><CSItemIsFreeFormat>1</CSItemIsFreeFormat><CSValue><CSValueCode>VA4042313</CSValueCode><CSValueName>33,5</CSValueName><CSValueRank>1</CSValueRank></CSValue><UnitOfMeasure><UnitOfMeasureCode>3000039</UnitOfMeasureCode><UnitOfMeasureName>centimeter</UnitOfMeasureName><UnitOfMeasureSymbol>cm</UnitOfMeasureSymbol></UnitOfMeasure></CSItem><CSItem><CSItemCode>PLMITM060003</CSItemCode><CSItemName>Breedte</CSItemName><CSItemRank>3</CSItemRank><CSItemIsFreeFormat>1</CSItemIsFreeFormat><CSValue><CSValueCode>VA4042307</CSValueCode><CSValueName>33,5</CSValueName><CSValueRank>1</CSValueRank></CSValue><UnitOfMeasure><UnitOfMeasureCode>3000039</UnitOfMeasureCode><UnitOfMeasureName>centimeter</UnitOfMeasureName><UnitOfMeasureSymbol>cm</UnitOfMeasureSymbol></UnitOfMeasure></CSItem><CSItem><CSItemCode>PLMITM060004</CSItemCode><CSItemName>Gewicht</CSItemName><CSItemRank>4</CSItemRank><CSItemIsFreeFormat>1</CSItemIsFreeFormat><CSValue><CSValueCode>VA4042304</CSValueCode><CSValueName>0,871</CSValueName><CSValueRank>1</CSValueRank></CSValue><UnitOfMeasure><UnitOfMeasureCode>3000049</UnitOfMeasureCode><UnitOfMeasureName>kilogram</UnitOfMeasureName><UnitOfMeasureSymbol>kg</UnitOfMeasureSymbol></UnitOfMeasure></CSItem></CSChapter><CSChapter><CSChapterCode>PLMCHP070</CSChapterCode><CSChapterName>Diversen</CSChapterName><CSChapterRank>70</CSChapterRank><CSItem><CSItemCode>PLMITM070001</CSItemCode><CSItemName>Speciaal ontworpen voor</CSItemName><CSItemRank>1</CSItemRank><CSItemIsFreeFormat>0</CSItemIsFreeFormat><CSValue><CSValueCode>PLMATR0970L_B</CSValueCode><CSValueName>Woonkamer/slaapkamer</CSValueName><CSValueRank>1</CSValueRank></CSValue></CSItem><CSItem><CSItemCode>PLMITM070002</CSItemCode><CSItemName>Stijl</CSItemName><CSItemRank>2</CSItemRank><CSItemIsFreeFormat>0</CSItemIsFreeFormat><CSValue><CSValueCode>PLMATR0628CON</CSValueCode><CSValueName>Modern</CSValueName><CSValueRank>1</CSValueRank></CSValue></CSItem><CSItem><CSItemCode>PLMITM070003</CSItemCode><CSItemName>Type</CSItemName><CSItemRank>3</CSItemRank><CSItemIsFreeFormat>0</CSItemIsFreeFormat><CSValue><CSValueCode>PLMATR0830CEIL</CSValueCode><CSValueName>Plafonnière</CSValueName><CSValueRank>1</CSValueRank></CSValue></CSItem></CSChapter><Filters><Purpose type="Comparison"><Features><Feature code="F400057628" rank="1" referenceName="High quality LED light (LED integrated)"/><Feature code="F400057635" rank="2" referenceName="Warm white light (NEW lighting)"/><Feature code="F400057627" rank="3" referenceName="Energy saving (general NEW)"/><Feature code="F400057631" rank="4" referenceName="Long operating life (15 yrs lighting)"/><Feature code="F400031226" rank="5" referenceName="Suitable for wall and ceiling installation"/><Feature code="F400065396" rank="6" referenceName="Create a stylish atmosphere (LUMS)"/><Feature code="F400065394" rank="7" referenceName="Perfect to relax and socialise (LUMS)"/><Feature code="F400076495" rank="8" referenceName="5 year warranty on LED system"/></Features><CSItems><CSItem code="PLMITM010001" rank="1" referenceName="design en afwerking - Materiaal"/><CSItem code="PLMITM030001" rank="1" referenceName="Afmetingen en gewicht van product - Hoogte"/><CSItem code="PLMITM040001" rank="1" referenceName="Technische specificaties - Netspanning"/><CSItem code="PLMITM050001" rank="1" referenceName="Service - Garantie"/><CSItem code="PLMITM060001" rank="1" referenceName="Afmetingen en gewicht inclusief verpakking - Hoogte"/><CSItem code="PLMITM070001" rank="1" referenceName="Diversen - Speciaal ontworpen voor"/><CSItem code="PLMITM010002" rank="2" referenceName="design en afwerking - Kleur"/><CSItem code="PLMITM040002" rank="2" referenceName="Technische specificaties - Lamptechnologie"/><CSItem code="PLMITM060002" rank="2" referenceName="Afmetingen en gewicht inclusief verpakking - Lengte"/><CSItem code="PLMITM070002" rank="2" referenceName="Diversen - Stijl"/><CSItem code="PLMITM040003" rank="3" referenceName="Technische specificaties - Aantal lampen"/><CSItem code="PLMITM060003" rank="3" referenceName="Afmetingen en gewicht inclusief verpakking - Breedte"/><CSItem code="PLMITM070003" rank="3" referenceName="Diversen - Type"/><CSItem code="PLMITM0776FX006" rank="4" referenceName="Extra onderdeel/accessoire meegeleverd - Ingebouwde LED"/><CSItem code="PLMITM030004" rank="4" referenceName="Afmetingen en gewicht van product - Lengte"/><CSItem code="PLMITM060004" rank="4" referenceName="Afmetingen en gewicht inclusief verpakking - Gewicht"/><CSItem code="PLMITM0776FX011" rank="5" referenceName="Extra onderdeel/accessoire meegeleverd - Diffuus licht"/><CSItem code="PLMITM030005" rank="5" referenceName="Afmetingen en gewicht van product - Breedte"/><CSItem code="PLMITM040005" rank="5" referenceName="Technische specificaties - Vermogen meegeleverde lamp"/><CSItem code="PLMITM0776FX042" rank="6" referenceName="Extra onderdeel/accessoire meegeleverd - Geschikt voor bevestiging aan muur en plafond"/><CSItem code="PLMITM030006" rank="6" referenceName="Afmetingen en gewicht van product - Nettogewicht"/><CSItem code="PLMITM040006" rank="6" referenceName="Technische specificaties - Maximaal vermogen vervangende lamp"/><CSItem code="PLMITM040007" rank="7" referenceName="Technische specificaties - Kleurtemperatuur"/><CSItem code="PLMITM0776FX065" rank="8" referenceName="Extra onderdeel/accessoire meegeleverd - 5 jaar garantie"/><CSItem code="PLMITM0400011" rank="11" referenceName="Technische specificaties - Totaal lumen armatuur"/><CSItem code="PLMITM0400013" rank="13" referenceName="Technische specificaties - Armatuur dimbaar"/><CSItem code="PLMITM0400014" rank="14" referenceName="Technische specificaties - LED"/><CSItem code="PLMITM0400018" rank="18" referenceName="Technische specificaties - Levensduur tot"/><CSItem code="PLMITM040026" rank="26" referenceName="Technische specificaties - IP-code"/><CSItem code="PLMITM040027" rank="27" referenceName="Technische specificaties - Beschermingsklasse"/><CSItem code="PLMITM0400051" rank="51" referenceName="Technische specificaties - Lichtbron equivalent aan traditionele lamp van"/></CSItems></Purpose><Purpose type="Detail"><Features><Feature code="F400057628" rank="1" referenceName="High quality LED light (LED integrated)"/><Feature code="F400057635" rank="2" referenceName="Warm white light (NEW lighting)"/><Feature code="F400057627" rank="3" referenceName="Energy saving (general NEW)"/><Feature code="F400057631" rank="4" referenceName="Long operating life (15 yrs lighting)"/><Feature code="F400031226" rank="5" referenceName="Suitable for wall and ceiling installation"/><Feature code="F400065396" rank="6" referenceName="Create a stylish atmosphere (LUMS)"/><Feature code="F400065394" rank="7" referenceName="Perfect to relax and socialise (LUMS)"/><Feature code="F400076495" rank="8" referenceName="5 year warranty on LED system"/></Features><CSItems><CSItem code="PLMITM010001" rank="1" referenceName="design en afwerking - Materiaal"/><CSItem code="PLMITM030001" rank="1" referenceName="Afmetingen en gewicht van product - Hoogte"/><CSItem code="PLMITM040001" rank="1" referenceName="Technische specificaties - Netspanning"/><CSItem code="PLMITM050001" rank="1" referenceName="Service - Garantie"/><CSItem code="PLMITM060001" rank="1" referenceName="Afmetingen en gewicht inclusief verpakking - Hoogte"/><CSItem code="PLMITM070001" rank="1" referenceName="Diversen - Speciaal ontworpen voor"/><CSItem code="PLMITM010002" rank="2" referenceName="design en afwerking - Kleur"/><CSItem code="PLMITM040002" rank="2" referenceName="Technische specificaties - Lamptechnologie"/><CSItem code="PLMITM060002" rank="2" referenceName="Afmetingen en gewicht inclusief verpakking - Lengte"/><CSItem code="PLMITM070002" rank="2" referenceName="Diversen - Stijl"/><CSItem code="PLMITM040003" rank="3" referenceName="Technische specificaties - Aantal lampen"/><CSItem code="PLMITM060003" rank="3" referenceName="Afmetingen en gewicht inclusief verpakking - Breedte"/><CSItem code="PLMITM070003" rank="3" referenceName="Diversen - Type"/><CSItem code="PLMITM0776FX006" rank="4" referenceName="Extra onderdeel/accessoire meegeleverd - Ingebouwde LED"/><CSItem code="PLMITM030004" rank="4" referenceName="Afmetingen en gewicht van product - Lengte"/><CSItem code="PLMITM060004" rank="4" referenceName="Afmetingen en gewicht inclusief verpakking - Gewicht"/><CSItem code="PLMITM0776FX011" rank="5" referenceName="Extra onderdeel/accessoire meegeleverd - Diffuus licht"/><CSItem code="PLMITM030005" rank="5" referenceName="Afmetingen en gewicht van product - Breedte"/><CSItem code="PLMITM040005" rank="5" referenceName="Technische specificaties - Vermogen meegeleverde lamp"/><CSItem code="PLMITM0776FX042" rank="6" referenceName="Extra onderdeel/accessoire meegeleverd - Geschikt voor bevestiging aan muur en plafond"/><CSItem code="PLMITM030006" rank="6" referenceName="Afmetingen en gewicht van product - Nettogewicht"/><CSItem code="PLMITM040006" rank="6" referenceName="Technische specificaties - Maximaal vermogen vervangende lamp"/><CSItem code="PLMITM040007" rank="7" referenceName="Technische specificaties - Kleurtemperatuur"/><CSItem code="PLMITM0776FX065" rank="8" referenceName="Extra onderdeel/accessoire meegeleverd - 5 jaar garantie"/><CSItem code="PLMITM0400011" rank="11" referenceName="Technische specificaties - Totaal lumen armatuur"/><CSItem code="PLMITM0400013" rank="13" referenceName="Technische specificaties - Armatuur dimbaar"/><CSItem code="PLMITM0400014" rank="14" referenceName="Technische specificaties - LED"/><CSItem code="PLMITM0400018" rank="18" referenceName="Technische specificaties - Levensduur tot"/><CSItem code="PLMITM040026" rank="26" referenceName="Technische specificaties - IP-code"/><CSItem code="PLMITM040027" rank="27" referenceName="Technische specificaties - Beschermingsklasse"/><CSItem code="PLMITM0400051" rank="51" referenceName="Technische specificaties - Lichtbron equivalent aan traditionele lamp van"/></CSItems></Purpose></Filters><FeatureCompareGroups/><Disclaimers/><RichTexts/></Product></Products>