<?xml version="1.0" encoding="UTF-8"?><Products xmlns:source="http://apache.org/cocoon/source/1.0" DocStatus="approved" DocTimeStamp="2018-10-20T07:18:48"><Product Country="NL" IsAccessory="false" IsMaster="false" Locale="nl_NL" lastModified="2018-10-14T04:26:30" masterLastModified="2017-07-05T00:39:32"><CTN>216V6LSB2/62</CTN><Code12NC>867000125956</Code12NC><GTIN>8712581733735</GTIN><MarketingVersion>2.0.1</MarketingVersion><MarketingStatus>Final Published</MarketingStatus><CRDate>2015-08-28</CRDate><CRDateYW>201535</CRDateYW><ModelYears><ModelYear>2015</ModelYear><ModelYear>2016</ModelYear></ModelYears><ProductDivision><ProductDivisionCode>0200</ProductDivisionCode><ProductDivisionName>Consumer Lifestyle</ProductDivisionName><FormerPDCode>3400</FormerPDCode></ProductDivision><ProductOwner>Curt Yang</ProductOwner><DTN>216V6LSB2/62</DTN><Catalog><StartOfPublication>2015-08-28T00:00:00</StartOfPublication><EndOfPublication>2024-02-23T00:00:00</EndOfPublication><StartOfSales>2015-08-28T00:00:00</StartOfSales><EndOfSales>2024-02-23T00:00:00</EndOfSales><DummyPrice/><Deleted>false</Deleted><DeleteAfterDate/><ProductRank>50</ProductRank></Catalog><FinancialCategorization><BusinessGroupCode>6918</BusinessGroupCode><BusinessGroupName>TV</BusinessGroupName><BusinessUnitCode>0655</BusinessUnitCode><BusinessUnitName>Monitors</BusinessUnitName><MainArticleGroupCode>J89</MainArticleGroupCode><MainArticleGroupName>Monitors</MainArticleGroupName><ArticleGroupCode>3789</ArticleGroupCode><ArticleGroupName>Monitors global</ArticleGroupName></FinancialCategorization><Categorization type="CONSUMER"><GroupCode>SOUND_AND_VISION_GR</GroupCode><GroupName>Sound &amp; vision</GroupName><CategoryCode>SV_MONITORS_CA</CategoryCode><CategoryName>Monitors</CategoryName><SubcategoryCode>SV_OTHERS_SU</SubcategoryCode><SubcategoryName>Others</SubcategoryName></Categorization><Assets><Asset code="216V6LSB2_62" description="User manual" extension="pdf" lastModified="2015-12-08" locale="nl_NL" number="001" type="DFU">http://download.p4c.philips.com/files/2/216v6lsb2_62/216v6lsb2_62_dfu_nld.pdf</Asset><Asset code="216V6LSB2_62" description="Leaflet" extension="pdf" lastModified="2018-08-06" locale="nl_NL" number="001" type="PSS">http://download.p4c.philips.com/files/2/216v6lsb2_62/216v6lsb2_62_pss_nldnl.pdf</Asset><Asset code="216V6LSB2_62" description="Retail Trade Leaflet" extension="pdf" lastModified="2018-10-12" locale="nl_NL" number="001" type="RTL">http://download.p4c.philips.com/files/2/216v6lsb2_62/216v6lsb2_62_rtl_nldnl.pdf</Asset><Asset code="216V6LSB2_62" description="Front product photograph - highres 2196x1795" extension="tif" lastModified="2015-07-14" locale="global" number="001" type="_FP">http://images.philips.com/is/image/PhilipsConsumer/216V6LSB2_62-_FP-global-001</Asset><Asset code="216V6LSB2_62" description="Leaflet" extension="pdf" lastModified="2018-08-06" locale="global" number="001" type="PSS">http://download.p4c.philips.com/files/2/216v6lsb2_62/216v6lsb2_62_pss_.pdf</Asset><Asset code="216V6LSB2_62" description="Standard product photograph - highres 2196x1795" extension="tif" lastModified="2015-07-14" locale="global" number="001" type="RTP">http://images.philips.com/is/image/PhilipsConsumer/216V6LSB2_62-RTP-global-001</Asset><Asset code="216V6LSB2_62" description="Single product shot" extension="" lastModified="2018-10-14" locale="nl_NL" number="" type="IMS">http://images.philips.com/is/image/PhilipsConsumer/216V6LSB2_62-IMS-nl_NL</Asset><Asset code="216V6LSB2_62" description="Product gallery image set" extension="" lastModified="2018-10-14" locale="nl_NL" number="" type="GAL">http://images.philips.com/is/image/PhilipsConsumer/216V6LSB2_62-GAL-nl_NL</Asset><Asset code="216V6LSB2_62" description="Product URL" extension="" lastModified="2018-10-14" locale="nl_NL" number="" type="URL">http://www.philips.nl/c-p/216V6LSB2_62/lcd-monitor-met-smartcontrol-lite</Asset><Asset code="F300018731" description="Feature logo - highres 331x213" extension="tif" lastModified="2009-08-05" locale="global" number="001" type="FLP">http://images.philips.com/is/image/PhilipsConsumer/F300018731-FLP-global-001</Asset><Asset code="F400019722" description="Feature logo - highres 331x213" extension="tif" lastModified="2010-01-19" locale="global" number="001" type="FLP">http://images.philips.com/is/image/PhilipsConsumer/F400019722-FLP-global-001</Asset><Asset code="F400021884" description="Feature logo - highres 331x213" extension="tif" lastModified="2011-11-25" locale="global" number="001" type="FLP">http://images.philips.com/is/image/PhilipsConsumer/F400021884-FLP-global-001</Asset><Asset code="F400032206" description="Feature logo - highres 331x213" extension="tif" lastModified="2011-04-21" locale="global" number="001" type="FLP">http://images.philips.com/is/image/PhilipsConsumer/F400032206-FLP-global-001</Asset><Asset code="F400032582" description="Feature photograph - highres 2100x1170" extension="tif" lastModified="2011-04-21" locale="global" number="001" type="FIL">http://images.philips.com/is/image/PhilipsConsumer/F400032582-FIL-global-001</Asset><Asset code="F400032582" description="Feature logo - highres 331x213" extension="tif" lastModified="2017-11-15" locale="global" number="001" type="FLP">http://images.philips.com/is/image/PhilipsConsumer/F400032582-FLP-global-001</Asset><Asset code="F400032622" description="Feature logo - highres 331x213" extension="tif" lastModified="2011-04-25" locale="global" number="001" type="FLP">http://images.philips.com/is/image/PhilipsConsumer/F400032622-FLP-global-001</Asset><Asset code="F400044228" description="Feature logo - highres 331x213" extension="tif" lastModified="2016-08-26" locale="global" number="001" type="FLP">http://images.philips.com/is/image/PhilipsConsumer/F400044228-FLP-global-001</Asset><Asset code="F400044232" description="Feature photograph - highres 2100x1170" extension="tif" lastModified="2017-10-31" locale="global" number="001" type="FIL">http://images.philips.com/is/image/PhilipsConsumer/F400044232-FIL-global-001</Asset><Asset code="F400071757" description="Feature photograph - highres 2100x1170" extension="tif" lastModified="2017-10-31" locale="global" number="001" type="FIL">http://images.philips.com/is/image/PhilipsConsumer/F400071757-FIL-global-001</Asset><Asset code="F400071757" description="Feature logo - highres 331x213" extension="tif" lastModified="2015-02-05" locale="global" number="001" type="FLP">http://images.philips.com/is/image/PhilipsConsumer/F400071757-FLP-global-001</Asset><Asset code="PHI" description="Brand logo - highres 1476x886" extension="tif" lastModified="2016-02-18" locale="global" number="001" type="BRP">http://images.philips.com/is/image/PhilipsConsumer/PHI-BRP-global-001</Asset></Assets><ProductName>V Line LCD-monitor met SmartControl Lite</ProductName><FullProductName>Philips LCD-monitor met SmartControl Lite 216V6LSB2 V Line 21 (zichtbaar 52,6 cm (20,7"))</FullProductName><NamingString><MasterBrand><BrandCode>PHI</BrandCode><BrandName>Philips</BrandName></MasterBrand><BrandString>Philips</BrandString><Descriptor><DescriptorCode>D4007725</DescriptorCode><DescriptorName>LCD-monitor met SmartControl Lite</DescriptorName></Descriptor><Alphanumeric>216V6LSB2</Alphanumeric><VersionElement1><VersionElementCode>V4015923</VersionElementCode><VersionElementName>V Line</VersionElementName></VersionElement1><VersionElement2><VersionElementCode>V4038834</VersionElementCode><VersionElementName>21 (zichtbaar 52,6 cm (20,7"))</VersionElementName></VersionElement2><VersionString>V Line 21 (zichtbaar 52,6 cm (20,7"))</VersionString><BrandedFeatureString/><DescriptorBrandedFeatureString>LCD-monitor met SmartControl Lite</DescriptorBrandedFeatureString></NamingString><WOW>LED-beelden in levendige kleuren</WOW><MarketingTextHeader>Geniet van levendige LED-beelden op dit Philips-beeldscherm. Met SmartControl Lite. Een geweldige keuze!</MarketingTextHeader><KeyBenefitArea><KeyBenefitAreaCode>K4019194</KeyBenefitAreaCode><KeyBenefitAreaName>Keer op keer levendig beeld</KeyBenefitAreaName><KeyBenefitAreaRank>1</KeyBenefitAreaRank><Feature><FeatureCode>F400044233</FeatureCode><FeatureReferenceName>LED technology for vivid colors</FeatureReferenceName><FeatureName>LED-technologie</FeatureName><FeatureLongDescription>LED-technologie voor levendige kleuren</FeatureLongDescription><FeatureGlossary>Witte LED's zijn Solid State-apparaten die sneller op volle sterkte licht geven, waardoor ze snel klaar zijn voor gebruik. LED's bevatten geen kwik en kunnen dus milieuvriendelijk worden weggegooid en gerecycled. Met LED's kan LCD-achtergrondverlichting makkelijker worden gedimd, waardoor de contrastverhouding super hoog is. Dankzij de consistente helderheid op het scherm leveren de LED's een fantastisch nauwkeurige kleurweergave.</FeatureGlossary><FeatureRank>1</FeatureRank><FeatureTopRank>1</FeatureTopRank></Feature><Feature><FeatureCode>F400021884</FeatureCode><FeatureReferenceName>SmartControl Lite</FeatureReferenceName><FeatureName>SmartControl Lite</FeatureName><FeatureLongDescription>Eenvoudige aanpassing van de weergave met SmartControl Lite</FeatureLongDescription><FeatureGlossary>SmartControl Lite is de nieuwste monitorbeheersoftware voor gebruikersinterfaces. Via de 3D-pictogrammen kunnen gebruikers de meeste monitorvariabelen met de muis afstellen, zoals kleur, helderheid, schermkalibratie, multimedia, ID-beheer enz.</FeatureGlossary><FeatureRank>4</FeatureRank><FeatureTopRank>2</FeatureTopRank></Feature><Feature><FeatureCode>F400044232</FeatureCode><FeatureReferenceName>SmartContrast for rich black details</FeatureReferenceName><FeatureName>SmartContrast</FeatureName><FeatureLongDescription>SmartContrast voor rijke details in het zwart</FeatureLongDescription><FeatureGlossary>SmartContrast is een Philips-technologie die het weergegeven beeld analyseert. Kleuren worden automatisch bijgesteld en de intensiteit van de achtergrondverlichting wordt aangepast voor een dynamische verbetering van het contrast bij digitale afbeeldingen, video's of games met donkere kleurtinten. In de modus Economisch worden het contrast en de achtergrondverlichting optimaal ingesteld voor alledaagse kantoortoepassingen en een laag energieverbruik.</FeatureGlossary><FeatureRank>2</FeatureRank><FeatureTopRank>3</FeatureTopRank></Feature><Feature><FeatureCode>F400071757</FeatureCode><FeatureReferenceName>16:9 Full HD display_2015</FeatureReferenceName><FeatureName>16:9 Full HD-scherm</FeatureName><FeatureLongDescription>16:9 Full HD-scherm voor extreem scherpe beelden</FeatureLongDescription><FeatureGlossary>Beeldkwaliteit is belangrijk. Normale schermen leveren kwaliteit, maar u verwacht meer. Dit display beschikt over een geavanceerde Full HD-resolutie van 1920 x 1080. Full HD zorgt voor scherpe details met hoge helderheid, ongelofelijk contrast en realistische kleuren dus verwacht levensechte beelden.</FeatureGlossary><FeatureRank>3</FeatureRank><FeatureTopRank>4</FeatureTopRank></Feature></KeyBenefitArea><KeyBenefitArea><KeyBenefitAreaCode>K4023919</KeyBenefitAreaCode><KeyBenefitAreaName>Geweldige keuze</KeyBenefitAreaName><KeyBenefitAreaRank>2</KeyBenefitAreaRank><Feature><FeatureCode>F400019722</FeatureCode><FeatureReferenceName>Mercury Free</FeatureReferenceName><FeatureName>Kwikvrij</FeatureName><FeatureLongDescription>Milieuvriendelijk, kwikvrij scherm</FeatureLongDescription><FeatureGlossary>Philips-monitoren met LED-achtergrondverlichting bevatten geen kwik, een van de meest giftige stoffen in de natuur voor zowel mens als dier. Hierdoor is de monitor de hele levensduur lang milieuvriendelijk, van de productie tot en met de verwijdering.</FeatureGlossary><FeatureRank>2</FeatureRank><FeatureTopRank>5</FeatureTopRank></Feature><Feature><FeatureCode>F400054363</FeatureCode><FeatureReferenceName>Compact design saves space</FeatureReferenceName><FeatureName>Compact ontwerp bespaart ruimte</FeatureName><FeatureLongDescription>Compact ontwerp bespaart ruimte</FeatureLongDescription><FeatureRank>1</FeatureRank><FeatureTopRank>6</FeatureTopRank></Feature><Feature><FeatureCode>F400044228</FeatureCode><FeatureReferenceName>VESA mount allows for flexibility</FeatureReferenceName><FeatureName>VESA-montage</FeatureName><FeatureLongDescription>Flexibel dankzij VESA-montage</FeatureLongDescription><FeatureRank>3</FeatureRank><FeatureTopRank>7</FeatureTopRank></Feature></KeyBenefitArea><FeatureLogo><FeatureCode>F400032206</FeatureCode><FeatureReferenceName>LED technology for natural colors</FeatureReferenceName><FeatureLogoRank>4</FeatureLogoRank></FeatureLogo><FeatureLogo><FeatureCode>F400021884</FeatureCode><FeatureReferenceName>SmartControl Lite</FeatureReferenceName><FeatureLogoRank>5</FeatureLogoRank></FeatureLogo><FeatureLogo><FeatureCode>F400032582</FeatureCode><FeatureReferenceName>SmartContrast ratio 10000000:1</FeatureReferenceName><FeatureLogoRank>6</FeatureLogoRank></FeatureLogo><FeatureLogo><FeatureCode>F300018731</FeatureCode><FeatureReferenceName>5ms on/off response time</FeatureReferenceName><FeatureLogoRank>7</FeatureLogoRank></FeatureLogo><FeatureLogo><FeatureCode>F400032622</FeatureCode><FeatureReferenceName>Low power</FeatureReferenceName><FeatureLogoRank>8</FeatureLogoRank></FeatureLogo><FeatureLogo><FeatureCode>F400019722</FeatureCode><FeatureReferenceName>Mercury Free</FeatureReferenceName><FeatureLogoRank>9</FeatureLogoRank></FeatureLogo><FeatureImage><FeatureCode>F400044233</FeatureCode><FeatureReferenceName>LED technology for vivid colors</FeatureReferenceName><FeatureImageRank>1</FeatureImageRank></FeatureImage><FeatureImage><FeatureCode>F400021884</FeatureCode><FeatureReferenceName>SmartControl Lite</FeatureReferenceName><FeatureImageRank>2</FeatureImageRank></FeatureImage><FeatureImage><FeatureCode>F400044232</FeatureCode><FeatureReferenceName>SmartContrast for rich black details</FeatureReferenceName><FeatureImageRank>3</FeatureImageRank></FeatureImage><FeatureImage><FeatureCode>F400071757</FeatureCode><FeatureReferenceName>16:9 Full HD display_2015</FeatureReferenceName><FeatureImageRank>4</FeatureImageRank></FeatureImage><FeatureImage><FeatureCode>F400019722</FeatureCode><FeatureReferenceName>Mercury Free</FeatureReferenceName><FeatureImageRank>5</FeatureImageRank></FeatureImage><FeatureHighlight><FeatureCode>F400044233</FeatureCode><FeatureReferenceName>LED technology for vivid colors</FeatureReferenceName><FeatureHighlightRank>1</FeatureHighlightRank></FeatureHighlight><FeatureHighlight><FeatureCode>F400021884</FeatureCode><FeatureReferenceName>SmartControl Lite</FeatureReferenceName><FeatureHighlightRank>2</FeatureHighlightRank></FeatureHighlight><FeatureHighlight><FeatureCode>F400044232</FeatureCode><FeatureReferenceName>SmartContrast for rich black details</FeatureReferenceName><FeatureHighlightRank>3</FeatureHighlightRank></FeatureHighlight><FeatureHighlight><FeatureCode>F400071757</FeatureCode><FeatureReferenceName>16:9 Full HD display_2015</FeatureReferenceName><FeatureHighlightRank>4</FeatureHighlightRank></FeatureHighlight><FeatureHighlight><FeatureCode>F400019722</FeatureCode><FeatureReferenceName>Mercury Free</FeatureReferenceName><FeatureHighlightRank>5</FeatureHighlightRank></FeatureHighlight><CSChapter><CSChapterCode>3000796</CSChapterCode><CSChapterName>Beeld/scherm</CSChapterName><CSChapterRank>2</CSChapterRank><CSItem><CSItemCode>3006169</CSItemCode><CSItemName>Type LCD-scherm</CSItemName><CSItemRank>1</CSItemRank><CSItemIsFreeFormat>0</CSItemIsFreeFormat><CSValue><CSValueCode>VA4015327</CSValueCode><CSValueName>TFT-LCD</CSValueName><CSValueRank>1</CSValueRank></CSValue></CSItem><CSItem><CSItemCode>IT4007209</CSItemCode><CSItemName>Type achtergrondverlichting</CSItemName><CSItemRank>2</CSItemRank><CSItemIsFreeFormat>1</CSItemIsFreeFormat><CSValue><CSValueCode>VA4018797</CSValueCode><CSValueName>W-LED-systeem</CSValueName><CSValueRank>1</CSValueRank></CSValue></CSItem><CSItem><CSItemCode>3006180</CSItemCode><CSItemName>Schermgrootte</CSItemName><CSItemRank>3</CSItemRank><CSItemIsFreeFormat>1</CSItemIsFreeFormat><CSValue><CSValueCode>3031218</CSValueCode><CSValueName>52,6 cm (20,7")</CSValueName><CSValueRank>1</CSValueRank></CSValue></CSItem><CSItem><CSItemCode>3006149</CSItemCode><CSItemName>Effectief weergavegebied</CSItemName><CSItemRank>4</CSItemRank><CSItemIsFreeFormat>1</CSItemIsFreeFormat><CSValue><CSValueCode>3031161</CSValueCode><CSValueName>457,92 x 257,58 (h x v)</CSValueName><CSValueRank>1</CSValueRank></CSValue></CSItem><CSItem><CSItemCode>3006121</CSItemCode><CSItemName>Beeldformaat</CSItemName><CSItemRank>5</CSItemRank><CSItemIsFreeFormat>0</CSItemIsFreeFormat><CSValue><CSValueCode>3031098</CSValueCode><CSValueName>16:9</CSValueName><CSValueRank>1</CSValueRank></CSValue></CSItem><CSItem><CSItemCode>3006193</CSItemCode><CSItemName>Optimale resolutie</CSItemName><CSItemRank>6</CSItemRank><CSItemIsFreeFormat>1</CSItemIsFreeFormat><CSValue><CSValueCode>3031277</CSValueCode><CSValueName>1920 x 1080 bij 60 Hz</CSValueName><CSValueRank>1</CSValueRank></CSValue></CSItem><CSItem><CSItemCode>3006197</CSItemCode><CSItemName>Responstijd (normaal)</CSItemName><CSItemRank>7</CSItemRank><CSItemIsFreeFormat>1</CSItemIsFreeFormat><CSValue><CSValueCode>3031281</CSValueCode><CSValueName>5</CSValueName><CSValueRank>1</CSValueRank></CSValue><UnitOfMeasure><UnitOfMeasureCode>3000059</UnitOfMeasureCode><UnitOfMeasureName>milliseconde</UnitOfMeasureName><UnitOfMeasureSymbol>ms</UnitOfMeasureSymbol></UnitOfMeasure></CSItem><CSItem><CSItemCode>3006127</CSItemCode><CSItemName>Helderheid</CSItemName><CSItemRank>8</CSItemRank><CSItemIsFreeFormat>1</CSItemIsFreeFormat><CSValue><CSValueCode>3031110</CSValueCode><CSValueName>200</CSValueName><CSValueRank>1</CSValueRank></CSValue><UnitOfMeasure><UnitOfMeasureCode>3000038</UnitOfMeasureCode><UnitOfMeasureName>candela per vierkante meter</UnitOfMeasureName><UnitOfMeasureSymbol>cd/m²</UnitOfMeasureSymbol></UnitOfMeasure></CSItem><CSItem><CSItemCode>IT4006148</CSItemCode><CSItemName>SmartContrast</CSItemName><CSItemRank>9</CSItemRank><CSItemIsFreeFormat>1</CSItemIsFreeFormat><CSValue><CSValueCode>VA4017351</CSValueCode><CSValueName>10.000.000:1</CSValueName><CSValueRank>1</CSValueRank></CSValue></CSItem><CSItem><CSItemCode>3006133</CSItemCode><CSItemName>Contrastverhouding (normaal)</CSItemName><CSItemRank>10</CSItemRank><CSItemIsFreeFormat>1</CSItemIsFreeFormat><CSValue><CSValueCode>3031116</CSValueCode><CSValueName>600:1</CSValueName><CSValueRank>1</CSValueRank></CSValue></CSItem><CSItem><CSItemCode>3006186</CSItemCode><CSItemName>Pixelpitch</CSItemName><CSItemRank>11</CSItemRank><CSItemIsFreeFormat>1</CSItemIsFreeFormat><CSValue><CSValueCode>3031270</CSValueCode><CSValueName>0,2385 x 0,2385 mm</CSValueName><CSValueRank>1</CSValueRank></CSValue></CSItem><CSItem><CSItemCode>3007518</CSItemCode><CSItemName>Kijkhoek</CSItemName><CSItemRank>12</CSItemRank><CSItemIsFreeFormat>0</CSItemIsFreeFormat><CSValue><CSValueCode>VA4013643</CSValueCode><CSValueName>90º (H)/65º (V)</CSValueName><CSValueRank>1</CSValueRank></CSValue><CSValue><CSValueCode>3035028</CSValueCode><CSValueName>bij C/R &gt; 10</CSValueName><CSValueRank>2</CSValueRank></CSValue></CSItem><CSItem><CSItemCode>3006143</CSItemCode><CSItemName>Schermkleuren</CSItemName><CSItemRank>13</CSItemRank><CSItemIsFreeFormat>1</CSItemIsFreeFormat><CSValue><CSValueCode>3031126</CSValueCode><CSValueName>16,7 M</CSValueName><CSValueRank>1</CSValueRank></CSValue></CSItem><CSItem><CSItemCode>IT4006149</CSItemCode><CSItemName>Scanfrequentie</CSItemName><CSItemRank>14</CSItemRank><CSItemIsFreeFormat>1</CSItemIsFreeFormat><CSValue><CSValueCode>VA4017352</CSValueCode><CSValueName>30 - 83 kHz (H)/56 - 76 Hz (V)</CSValueName><CSValueRank>1</CSValueRank></CSValue></CSItem><CSItem><CSItemCode>3006207</CSItemCode><CSItemName>sRGB</CSItemName><CSItemRank>15</CSItemRank><CSItemIsFreeFormat>1</CSItemIsFreeFormat><CSValue><CSValueCode>3031306</CSValueCode><CSValueName>Ja</CSValueName><CSValueRank>1</CSValueRank></CSValue></CSItem></CSChapter><CSChapter><CSChapterCode>3000813</CSChapterCode><CSChapterName>Connectiviteit</CSChapterName><CSChapterRank>3</CSChapterRank><CSItem><CSItemCode>3006576</CSItemCode><CSItemName>Signaalinvoer</CSItemName><CSItemRank>1</CSItemRank><CSItemIsFreeFormat>0</CSItemIsFreeFormat><CSValue><CSValueCode>3036216</CSValueCode><CSValueName>VGA (analoog)</CSValueName><CSValueRank>1</CSValueRank></CSValue></CSItem><CSItem><CSItemCode>3006588</CSItemCode><CSItemName>Gesynchroniseerde invoer</CSItemName><CSItemRank>2</CSItemRank><CSItemIsFreeFormat>0</CSItemIsFreeFormat><CSValue><CSValueCode>3032392</CSValueCode><CSValueName>Aparte synchronisatie</CSValueName><CSValueRank>1</CSValueRank></CSValue><CSValue><CSValueCode>3032393</CSValueCode><CSValueName>Synchronisatie op groen</CSValueName><CSValueRank>2</CSValueRank></CSValue></CSItem></CSChapter><CSChapter><CSChapterCode>3000814</CSChapterCode><CSChapterName>Comfort</CSChapterName><CSChapterRank>4</CSChapterRank><CSItem><CSItemCode>3006633</CSItemCode><CSItemName>Gebruikersgemak</CSItemName><CSItemRank>1</CSItemRank><CSItemIsFreeFormat>0</CSItemIsFreeFormat><CSValue><CSValueCode>VA4017554</CSValueCode><CSValueName>Aan/Uit</CSValueName><CSValueRank>1</CSValueRank></CSValue><CSValue><CSValueCode>VA4042581</CSValueCode><CSValueName>Menu/OK</CSValueName><CSValueRank>2</CSValueRank></CSValue><CSValue><CSValueCode>VA4042442</CSValueCode><CSValueName>Helderheid/Terug</CSValueName><CSValueRank>3</CSValueRank></CSValue><CSValue><CSValueCode>VA4042441</CSValueCode><CSValueName>4:3 breedbeeld/Omhoog</CSValueName><CSValueRank>4</CSValueRank></CSValue><CSValue><CSValueCode>VA4042443</CSValueCode><CSValueName>Auto/Omlaag</CSValueName><CSValueRank>5</CSValueRank></CSValue></CSItem><CSItem><CSItemCode>3006693</CSItemCode><CSItemName>OSD-talen</CSItemName><CSItemRank>2</CSItemRank><CSItemIsFreeFormat>0</CSItemIsFreeFormat><CSValue><CSValueCode>VA4065363</CSValueCode><CSValueName>Braziliaans Portugees</CSValueName><CSValueRank>1</CSValueRank></CSValue><CSValue><CSValueCode>3034561</CSValueCode><CSValueName>Tsjechisch</CSValueName><CSValueRank>2</CSValueRank></CSValue><CSValue><CSValueCode>3034565</CSValueCode><CSValueName>Nederlands</CSValueName><CSValueRank>3</CSValueRank></CSValue><CSValue><CSValueCode>3032771</CSValueCode><CSValueName>Engels</CSValueName><CSValueRank>4</CSValueRank></CSValue><CSValue><CSValueCode>VA4063224</CSValueCode><CSValueName>Fins</CSValueName><CSValueRank>5</CSValueRank></CSValue><CSValue><CSValueCode>3032772</CSValueCode><CSValueName>Frans</CSValueName><CSValueRank>6</CSValueRank></CSValue><CSValue><CSValueCode>3032773</CSValueCode><CSValueName>Duits</CSValueName><CSValueRank>7</CSValueRank></CSValue><CSValue><CSValueCode>VA4002508</CSValueCode><CSValueName>Grieks</CSValueName><CSValueRank>8</CSValueRank></CSValue><CSValue><CSValueCode>3034563</CSValueCode><CSValueName>Hongaars</CSValueName><CSValueRank>9</CSValueRank></CSValue><CSValue><CSValueCode>3032774</CSValueCode><CSValueName>Italiaans</CSValueName><CSValueRank>10</CSValueRank></CSValue><CSValue><CSValueCode>3038221</CSValueCode><CSValueName>Japans</CSValueName><CSValueRank>11</CSValueRank></CSValue><CSValue><CSValueCode>3039946</CSValueCode><CSValueName>Koreaans</CSValueName><CSValueRank>12</CSValueRank></CSValue><CSValue><CSValueCode>3034564</CSValueCode><CSValueName>Pools</CSValueName><CSValueRank>13</CSValueRank></CSValue><CSValue><CSValueCode>3032775</CSValueCode><CSValueName>Portugees</CSValueName><CSValueRank>14</CSValueRank></CSValue><CSValue><CSValueCode>3032776</CSValueCode><CSValueName>Russisch</CSValueName><CSValueRank>15</CSValueRank></CSValue><CSValue><CSValueCode>3034114</CSValueCode><CSValueName>Vereenvoudigd Chinees</CSValueName><CSValueRank>16</CSValueRank></CSValue><CSValue><CSValueCode>3032777</CSValueCode><CSValueName>Spaans</CSValueName><CSValueRank>17</CSValueRank></CSValue><CSValue><CSValueCode>3034562</CSValueCode><CSValueName>Zweeds</CSValueName><CSValueRank>18</CSValueRank></CSValue><CSValue><CSValueCode>3034115</CSValueCode><CSValueName>Traditioneel Chinees</CSValueName><CSValueRank>19</CSValueRank></CSValue><CSValue><CSValueCode>3035749</CSValueCode><CSValueName>Turks</CSValueName><CSValueRank>20</CSValueRank></CSValue><CSValue><CSValueCode>VA4065364</CSValueCode><CSValueName>Oekraïens</CSValueName><CSValueRank>21</CSValueRank></CSValue></CSItem><CSItem><CSItemCode>3006694</CSItemCode><CSItemName>Andere handige opties</CSItemName><CSItemRank>3</CSItemRank><CSItemIsFreeFormat>0</CSItemIsFreeFormat><CSValue><CSValueCode>3032778</CSValueCode><CSValueName>Kensington-slot</CSValueName><CSValueRank>1</CSValueRank></CSValue><CSValue><CSValueCode>VA4016754</CSValueCode><CSValueName>VESA-standaard (100 x 100 mm)</CSValueName><CSValueRank>2</CSValueRank></CSValue></CSItem><CSItem><CSItemCode>3006699</CSItemCode><CSItemName>Plug &amp; Play-compatibiliteit</CSItemName><CSItemRank>4</CSItemRank><CSItemIsFreeFormat>0</CSItemIsFreeFormat><CSValue><CSValueCode>3043209</CSValueCode><CSValueName>DDC/CI</CSValueName><CSValueRank>1</CSValueRank></CSValue><CSValue><CSValueCode>3046249</CSValueCode><CSValueName>Mac OS X</CSValueName><CSValueRank>2</CSValueRank></CSValue><CSValue><CSValueCode>3032788</CSValueCode><CSValueName>sRGB</CSValueName><CSValueRank>3</CSValueRank></CSValue><CSValue><CSValueCode>VA4021211</CSValueCode><CSValueName>Windows 7</CSValueName><CSValueRank>4</CSValueRank></CSValue><CSValue><CSValueCode>VA4061981</CSValueCode><CSValueName>Windows 8</CSValueName><CSValueRank>5</CSValueRank></CSValue></CSItem></CSChapter><CSChapter><CSChapterCode>CH4000824</CSChapterCode><CSChapterName>Standaard</CSChapterName><CSChapterRank>5</CSChapterRank><CSItem><CSItemCode>IT4004954</CSItemCode><CSItemName>Kantelfunctie</CSItemName><CSItemRank>1</CSItemRank><CSItemIsFreeFormat>1</CSItemIsFreeFormat><CSValue><CSValueCode>VA4015659</CSValueCode><CSValueName>-5/20</CSValueName><CSValueRank>1</CSValueRank></CSValue><UnitOfMeasure><UnitOfMeasureCode>3000042</UnitOfMeasureCode><UnitOfMeasureName>graad</UnitOfMeasureName><UnitOfMeasureSymbol>graad</UnitOfMeasureSymbol></UnitOfMeasure></CSItem></CSChapter><CSChapter><CSChapterCode>3000821</CSChapterCode><CSChapterName>Vermogen</CSChapterName><CSChapterRank>6</CSChapterRank><CSItem><CSItemCode>IT4005861</CSItemCode><CSItemName>Ingeschakeld</CSItemName><CSItemRank>1</CSItemRank><CSItemIsFreeFormat>1</CSItemIsFreeFormat><CSValue><CSValueCode>VA4017025</CSValueCode><CSValueName>27,03 W (normaal), 29,65 W (max.)</CSValueName><CSValueRank>1</CSValueRank></CSValue></CSItem><CSItem><CSItemCode>IT4006150</CSItemCode><CSItemName>Stand-bymodus</CSItemName><CSItemRank>2</CSItemRank><CSItemIsFreeFormat>1</CSItemIsFreeFormat><CSValue><CSValueCode>VA4017360</CSValueCode><CSValueName>0,5 W (normaal)</CSValueName><CSValueRank>1</CSValueRank></CSValue></CSItem><CSItem><CSItemCode>IT4006081</CSItemCode><CSItemName>Uitmodus</CSItemName><CSItemRank>3</CSItemRank><CSItemIsFreeFormat>1</CSItemIsFreeFormat><CSValue><CSValueCode>VA4017285</CSValueCode><CSValueName>0,5 W (normaal)</CSValueName><CSValueRank>1</CSValueRank></CSValue></CSItem><CSItem><CSItemCode>3006931</CSItemCode><CSItemName>LED-indicator voor voeding</CSItemName><CSItemRank>4</CSItemRank><CSItemIsFreeFormat>0</CSItemIsFreeFormat><CSValue><CSValueCode>VA4015465</CSValueCode><CSValueName>In werking - wit</CSValueName><CSValueRank>1</CSValueRank></CSValue><CSValue><CSValueCode>VA4017406</CSValueCode><CSValueName>Stand-bymodus - wit (knipperend)</CSValueName><CSValueRank>2</CSValueRank></CSValue></CSItem><CSItem><CSItemCode>3006932</CSItemCode><CSItemName>Stroomvoorziening</CSItemName><CSItemRank>5</CSItemRank><CSItemIsFreeFormat>0</CSItemIsFreeFormat><CSValue><CSValueCode>3033321</CSValueCode><CSValueName>Ingebouwd</CSValueName><CSValueRank>1</CSValueRank></CSValue><CSValue><CSValueCode>VA4050622</CSValueCode><CSValueName>100 - 240 V AC, 50-60 Hz</CSValueName><CSValueRank>2</CSValueRank></CSValue></CSItem></CSChapter><CSChapter><CSChapterCode>3000820</CSChapterCode><CSChapterName>Afmetingen</CSChapterName><CSChapterRank>7</CSChapterRank><CSItem><CSItemCode>IT4005764</CSItemCode><CSItemName>Product met standaard (mm)</CSItemName><CSItemRank>1</CSItemRank><CSItemIsFreeFormat>1</CSItemIsFreeFormat><CSValue><CSValueCode>VA4016930</CSValueCode><CSValueName>488 x 365 x 200</CSValueName><CSValueRank>1</CSValueRank></CSValue><UnitOfMeasure><UnitOfMeasureCode>3000058</UnitOfMeasureCode><UnitOfMeasureName>millimeter</UnitOfMeasureName><UnitOfMeasureSymbol>millimeter</UnitOfMeasureSymbol></UnitOfMeasure></CSItem><CSItem><CSItemCode>IT4005765</CSItemCode><CSItemName>Product zonder standaard (mm)</CSItemName><CSItemRank>2</CSItemRank><CSItemIsFreeFormat>1</CSItemIsFreeFormat><CSValue><CSValueCode>VA4016931</CSValueCode><CSValueName>488 x 295 x 39</CSValueName><CSValueRank>1</CSValueRank></CSValue><UnitOfMeasure><UnitOfMeasureCode>3000058</UnitOfMeasureCode><UnitOfMeasureName>millimeter</UnitOfMeasureName><UnitOfMeasureSymbol>millimeter</UnitOfMeasureSymbol></UnitOfMeasure></CSItem><CSItem><CSItemCode>IT4005766</CSItemCode><CSItemName>Verpakking in mm (b x h x d)</CSItemName><CSItemRank>3</CSItemRank><CSItemIsFreeFormat>1</CSItemIsFreeFormat><CSValue><CSValueCode>VA4016932</CSValueCode><CSValueName>560 x 427 x 110</CSValueName><CSValueRank>1</CSValueRank></CSValue><UnitOfMeasure><UnitOfMeasureCode>3000058</UnitOfMeasureCode><UnitOfMeasureName>millimeter</UnitOfMeasureName><UnitOfMeasureSymbol>millimeter</UnitOfMeasureSymbol></UnitOfMeasure></CSItem></CSChapter><CSChapter><CSChapterCode>CH4000702</CSChapterCode><CSChapterName>Gewicht</CSChapterName><CSChapterRank>8</CSChapterRank><CSItem><CSItemCode>IT4005770</CSItemCode><CSItemName>Product met standaard (kg)</CSItemName><CSItemRank>1</CSItemRank><CSItemIsFreeFormat>1</CSItemIsFreeFormat><CSValue><CSValueCode>VA4016936</CSValueCode><CSValueName>2,10</CSValueName><CSValueRank>1</CSValueRank></CSValue><UnitOfMeasure><UnitOfMeasureCode>3000049</UnitOfMeasureCode><UnitOfMeasureName>kilogram</UnitOfMeasureName><UnitOfMeasureSymbol>kg</UnitOfMeasureSymbol></UnitOfMeasure></CSItem><CSItem><CSItemCode>IT4005771</CSItemCode><CSItemName>Product zonder standaard (kg)</CSItemName><CSItemRank>2</CSItemRank><CSItemIsFreeFormat>1</CSItemIsFreeFormat><CSValue><CSValueCode>VA4016937</CSValueCode><CSValueName>1,82</CSValueName><CSValueRank>1</CSValueRank></CSValue><UnitOfMeasure><UnitOfMeasureCode>3000049</UnitOfMeasureCode><UnitOfMeasureName>kilogram</UnitOfMeasureName><UnitOfMeasureSymbol>kg</UnitOfMeasureSymbol></UnitOfMeasure></CSItem><CSItem><CSItemCode>IT4005772</CSItemCode><CSItemName>Product met verpakking (kg)</CSItemName><CSItemRank>3</CSItemRank><CSItemIsFreeFormat>1</CSItemIsFreeFormat><CSValue><CSValueCode>VA4016938</CSValueCode><CSValueName>3,27</CSValueName><CSValueRank>1</CSValueRank></CSValue><UnitOfMeasure><UnitOfMeasureCode>3000049</UnitOfMeasureCode><UnitOfMeasureName>kilogram</UnitOfMeasureName><UnitOfMeasureSymbol>kg</UnitOfMeasureSymbol></UnitOfMeasure></CSItem></CSChapter><CSChapter><CSChapterCode>CH4000823</CSChapterCode><CSChapterName>Voorwaarden voor een goede werking</CSChapterName><CSChapterRank>9</CSChapterRank><CSItem><CSItemCode>IT4004946</CSItemCode><CSItemName>Temperatuurbereik (in bedrijf)</CSItemName><CSItemRank>1</CSItemRank><CSItemIsFreeFormat>1</CSItemIsFreeFormat><CSValue><CSValueCode>VA4015651</CSValueCode><CSValueName>0 °C tot 40 °C</CSValueName><CSValueRank>1</CSValueRank></CSValue><UnitOfMeasure><UnitOfMeasureCode>3000081</UnitOfMeasureCode><UnitOfMeasureName>graden Celsius</UnitOfMeasureName><UnitOfMeasureSymbol>°C</UnitOfMeasureSymbol></UnitOfMeasure></CSItem><CSItem><CSItemCode>IT4004947</CSItemCode><CSItemName>Temperatuurbereik (opslag)</CSItemName><CSItemRank>2</CSItemRank><CSItemIsFreeFormat>1</CSItemIsFreeFormat><CSValue><CSValueCode>VA4015652</CSValueCode><CSValueName>-20 °C tot 60 °C</CSValueName><CSValueRank>1</CSValueRank></CSValue><UnitOfMeasure><UnitOfMeasureCode>3000081</UnitOfMeasureCode><UnitOfMeasureName>graden Celsius</UnitOfMeasureName><UnitOfMeasureSymbol>°C</UnitOfMeasureSymbol></UnitOfMeasure></CSItem><CSItem><CSItemCode>IT4004948</CSItemCode><CSItemName>Relatieve vochtigheid</CSItemName><CSItemRank>3</CSItemRank><CSItemIsFreeFormat>1</CSItemIsFreeFormat><CSValue><CSValueCode>VA4015653</CSValueCode><CSValueName>20 %-80</CSValueName><CSValueRank>1</CSValueRank></CSValue><UnitOfMeasure><UnitOfMeasureCode>3000065</UnitOfMeasureCode><UnitOfMeasureName>percentage</UnitOfMeasureName><UnitOfMeasureSymbol>%</UnitOfMeasureSymbol></UnitOfMeasure></CSItem><CSItem><CSItemCode>IT4023612</CSItemCode><CSItemName>Hoogte</CSItemName><CSItemRank>4</CSItemRank><CSItemIsFreeFormat>1</CSItemIsFreeFormat><CSValue><CSValueCode>VA4054761</CSValueCode><CSValueName>In werking: 3658 m, niet in werking: 12.192 m</CSValueName><CSValueRank>1</CSValueRank></CSValue></CSItem><CSItem><CSItemCode>IT4004949</CSItemCode><CSItemName>MTBF</CSItemName><CSItemRank>5</CSItemRank><CSItemIsFreeFormat>1</CSItemIsFreeFormat><CSValue><CSValueCode>VA4015654</CSValueCode><CSValueName>50.000 (achtergrondverlichting niet meegerekend)</CSValueName><CSValueRank>1</CSValueRank></CSValue><UnitOfMeasure><UnitOfMeasureCode>4000007</UnitOfMeasureCode><UnitOfMeasureName>-Uur</UnitOfMeasureName><UnitOfMeasureSymbol>uur</UnitOfMeasureSymbol></UnitOfMeasure></CSItem></CSChapter><CSChapter><CSChapterCode>CH4000822</CSChapterCode><CSChapterName>Duurzaamheid</CSChapterName><CSChapterRank>10</CSChapterRank><CSItem><CSItemCode>IT4004941</CSItemCode><CSItemName>Milieu en energie</CSItemName><CSItemRank>1</CSItemRank><CSItemIsFreeFormat>0</CSItemIsFreeFormat><CSValue><CSValueCode>VA4015646</CSValueCode><CSValueName>EPEAT zilver</CSValueName><CSValueRank>1</CSValueRank></CSValue><CSValue><CSValueCode>VA4015645</CSValueCode><CSValueName>RoHS</CSValueName><CSValueRank>2</CSValueRank></CSValue><CSValue><CSValueCode>VA4033721</CSValueCode><CSValueName>Loodvrij</CSValueName><CSValueRank>3</CSValueRank></CSValue><CSValue><CSValueCode>VA4033722</CSValueCode><CSValueName>Kwikvrij</CSValueName><CSValueRank>4</CSValueRank></CSValue></CSItem><CSItem><CSItemCode>IT4004944</CSItemCode><CSItemName>Recyclebaar verpakkingsmateriaal</CSItemName><CSItemRank>2</CSItemRank><CSItemIsFreeFormat>1</CSItemIsFreeFormat><CSValue><CSValueCode>VA4015649</CSValueCode><CSValueName>100</CSValueName><CSValueRank>1</CSValueRank></CSValue><UnitOfMeasure><UnitOfMeasureCode>3000065</UnitOfMeasureCode><UnitOfMeasureName>percentage</UnitOfMeasureName><UnitOfMeasureSymbol>%</UnitOfMeasureSymbol></UnitOfMeasure></CSItem></CSChapter><CSChapter><CSChapterCode>CH4001161</CSChapterCode><CSChapterName>Voldoet aan de normen</CSChapterName><CSChapterRank>11</CSChapterRank><CSItem><CSItemCode>IT4006152</CSItemCode><CSItemName>Officiële goedkeuringen</CSItemName><CSItemRank>1</CSItemRank><CSItemIsFreeFormat>0</CSItemIsFreeFormat><CSValue><CSValueCode>VA4054950</CSValueCode><CSValueName>CEL</CSValueName><CSValueRank>1</CSValueRank></CSValue><CSValue><CSValueCode>VA4017361</CSValueCode><CSValueName>CE-markering</CSValueName><CSValueRank>2</CSValueRank></CSValue><CSValue><CSValueCode>VA4027482</CSValueCode><CSValueName>FCC-klasse B</CSValueName><CSValueRank>3</CSValueRank></CSValue><CSValue><CSValueCode>VA4078161</CSValueCode><CSValueName>CU</CSValueName><CSValueRank>4</CSValueRank></CSValue><CSValue><CSValueCode>VA4017365</CSValueCode><CSValueName>SEMKO</CSValueName><CSValueRank>5</CSValueRank></CSValue><CSValue><CSValueCode>VA4017528</CSValueCode><CSValueName>BSMI</CSValueName><CSValueRank>6</CSValueRank></CSValue><CSValue><CSValueCode>VA4064941</CSValueCode><CSValueName>cETLus</CSValueName><CSValueRank>7</CSValueRank></CSValue><CSValue><CSValueCode>VA4050621</CSValueCode><CSValueName>TÜV/ISO 9241-307</CSValueName><CSValueRank>8</CSValueRank></CSValue><CSValue><CSValueCode>VA4017529</CSValueCode><CSValueName>CB</CSValueName><CSValueRank>9</CSValueRank></CSValue><CSValue><CSValueCode>VA4033547</CSValueCode><CSValueName>WEEE</CSValueName><CSValueRank>10</CSValueRank></CSValue></CSItem></CSChapter><CSChapter><CSChapterCode>CH4000825</CSChapterCode><CSChapterName>Kast</CSChapterName><CSChapterRank>12</CSChapterRank><CSItem><CSItemCode>IT4004955</CSItemCode><CSItemName>Kleur</CSItemName><CSItemRank>1</CSItemRank><CSItemIsFreeFormat>1</CSItemIsFreeFormat><CSValue><CSValueCode>VA4015660</CSValueCode><CSValueName>Zwart</CSValueName><CSValueRank>1</CSValueRank></CSValue></CSItem><CSItem><CSItemCode>IT4004956</CSItemCode><CSItemName>Afwerking</CSItemName><CSItemRank>2</CSItemRank><CSItemIsFreeFormat>1</CSItemIsFreeFormat><CSValue><CSValueCode>VA4015661</CSValueCode><CSValueName>Glanzend/met structuur</CSValueName><CSValueRank>1</CSValueRank></CSValue></CSItem></CSChapter><CSChapter><CSChapterCode>CH4008581</CSChapterCode><CSChapterName>Inhoud van de doos:</CSChapterName><CSChapterRank>14</CSChapterRank><CSItem><CSItemCode>IT4040999</CSItemCode><CSItemName>Monitor met standaard</CSItemName><CSItemRank>1</CSItemRank><CSItemIsFreeFormat>1</CSItemIsFreeFormat><CSValue><CSValueCode>VA4095569</CSValueCode><CSValueName>Ja</CSValueName><CSValueRank>1</CSValueRank></CSValue></CSItem><CSItem><CSItemCode>IT4041000</CSItemCode><CSItemName>Kabels</CSItemName><CSItemRank>2</CSItemRank><CSItemIsFreeFormat>1</CSItemIsFreeFormat><CSValue><CSValueCode>VA4095570</CSValueCode><CSValueName>VGA, voeding</CSValueName><CSValueRank>1</CSValueRank></CSValue></CSItem><CSItem><CSItemCode>IT4041030</CSItemCode><CSItemName>Gebruikersdocumentatie</CSItemName><CSItemRank>3</CSItemRank><CSItemIsFreeFormat>1</CSItemIsFreeFormat><CSValue><CSValueCode>VA4095604</CSValueCode><CSValueName>Ja</CSValueName><CSValueRank>1</CSValueRank></CSValue></CSItem></CSChapter><Filters><Purpose type="Comparison"><Features><Feature code="F400044233" rank="1" referenceName="LED technology for vivid colors"/><Feature code="F400021884" rank="2" referenceName="SmartControl Lite"/><Feature code="F400044232" rank="3" referenceName="SmartContrast for rich black details"/><Feature code="F400071757" rank="4" referenceName="16:9 Full HD display_2015"/><Feature code="F400019722" rank="5" referenceName="Mercury Free"/><Feature code="F400054363" rank="6" referenceName="Compact design saves space"/><Feature code="F400044228" rank="7" referenceName="VESA mount allows for flexibility"/></Features><CSItems><CSItem code="3006169" rank="1" referenceName="Beeld/scherm - Type LCD-scherm"/><CSItem code="3006576" rank="1" referenceName="Connectiviteit - Signaalinvoer"/><CSItem code="3006633" rank="1" referenceName="Comfort - Gebruikersgemak"/><CSItem code="IT4004954" rank="1" referenceName="Standaard - Kantelfunctie"/><CSItem code="IT4005861" rank="1" referenceName="Vermogen - Ingeschakeld"/><CSItem code="IT4005764" rank="1" referenceName="Afmetingen - Product met standaard (mm)"/><CSItem code="IT4005770" rank="1" referenceName="Gewicht - Product met standaard (kg)"/><CSItem code="IT4004946" rank="1" referenceName="Voorwaarden voor een goede werking - Temperatuurbereik (in bedrijf)"/><CSItem code="IT4004941" rank="1" referenceName="Duurzaamheid - Milieu en energie"/><CSItem code="IT4006152" rank="1" referenceName="Voldoet aan de normen - Officiële goedkeuringen"/><CSItem code="IT4004955" rank="1" referenceName="Kast - Kleur"/><CSItem code="IT4040999" rank="1" referenceName="Inhoud van de doos: - Monitor met standaard"/><CSItem code="IT4007209" rank="2" referenceName="Beeld/scherm - Type achtergrondverlichting"/><CSItem code="3006588" rank="2" referenceName="Connectiviteit - Gesynchroniseerde invoer"/><CSItem code="3006693" rank="2" referenceName="Comfort - OSD-talen"/><CSItem code="IT4006150" rank="2" referenceName="Vermogen - Stand-bymodus"/><CSItem code="IT4005765" rank="2" referenceName="Afmetingen - Product zonder standaard (mm)"/><CSItem code="IT4005771" rank="2" referenceName="Gewicht - Product zonder standaard (kg)"/><CSItem code="IT4004947" rank="2" referenceName="Voorwaarden voor een goede werking - Temperatuurbereik (opslag)"/><CSItem code="IT4004944" rank="2" referenceName="Duurzaamheid - Recyclebaar verpakkingsmateriaal"/><CSItem code="IT4004956" rank="2" referenceName="Kast - Afwerking"/><CSItem code="IT4041000" rank="2" referenceName="Inhoud van de doos: - Kabels"/><CSItem code="3006180" rank="3" referenceName="Beeld/scherm - Schermgrootte"/><CSItem code="3006694" rank="3" referenceName="Comfort - Andere handige opties"/><CSItem code="IT4006081" rank="3" referenceName="Vermogen - Uitmodus"/><CSItem code="IT4005766" rank="3" referenceName="Afmetingen - Verpakking in mm (b x h x d)"/><CSItem code="IT4005772" rank="3" referenceName="Gewicht - Product met verpakking (kg)"/><CSItem code="IT4004948" rank="3" referenceName="Voorwaarden voor een goede werking - Relatieve vochtigheid"/><CSItem code="IT4041030" rank="3" referenceName="Inhoud van de doos: - Gebruikersdocumentatie"/><CSItem code="3006149" rank="4" referenceName="Beeld/scherm - Effectief weergavegebied"/><CSItem code="3006699" rank="4" referenceName="Comfort - Plug &amp; Play-compatibiliteit"/><CSItem code="3006931" rank="4" referenceName="Vermogen - LED-indicator voor voeding"/><CSItem code="IT4023612" rank="4" referenceName="Voorwaarden voor een goede werking - Hoogte"/><CSItem code="3006121" rank="5" referenceName="Beeld/scherm - Beeldformaat"/><CSItem code="3006932" rank="5" referenceName="Vermogen - Stroomvoorziening"/><CSItem code="IT4004949" rank="5" referenceName="Voorwaarden voor een goede werking - MTBF"/><CSItem code="3006193" rank="6" referenceName="Beeld/scherm - Optimale resolutie"/><CSItem code="3006197" rank="7" referenceName="Beeld/scherm - Responstijd (normaal)"/><CSItem code="3006127" rank="8" referenceName="Beeld/scherm - Helderheid"/><CSItem code="IT4006148" rank="9" referenceName="Beeld/scherm - SmartContrast"/><CSItem code="3006133" rank="10" referenceName="Beeld/scherm - Contrastverhouding (normaal)"/><CSItem code="3006186" rank="11" referenceName="Beeld/scherm - Pixelpitch"/><CSItem code="3007518" rank="12" referenceName="Beeld/scherm - Kijkhoek"/><CSItem code="3006143" rank="13" referenceName="Beeld/scherm - Schermkleuren"/><CSItem code="IT4006149" rank="14" referenceName="Beeld/scherm - Scanfrequentie"/><CSItem code="3006207" rank="15" referenceName="Beeld/scherm - sRGB"/></CSItems></Purpose><Purpose type="Detail"><Features><Feature code="F400044233" rank="1" referenceName="LED technology for vivid colors"/><Feature code="F400021884" rank="2" referenceName="SmartControl Lite"/><Feature code="F400044232" rank="3" referenceName="SmartContrast for rich black details"/><Feature code="F400071757" rank="4" referenceName="16:9 Full HD display_2015"/><Feature code="F400019722" rank="5" referenceName="Mercury Free"/><Feature code="F400054363" rank="6" referenceName="Compact design saves space"/><Feature code="F400044228" rank="7" referenceName="VESA mount allows for flexibility"/></Features><CSItems><CSItem code="3006169" rank="1" referenceName="Beeld/scherm - Type LCD-scherm"/><CSItem code="3006576" rank="1" referenceName="Connectiviteit - Signaalinvoer"/><CSItem code="3006633" rank="1" referenceName="Comfort - Gebruikersgemak"/><CSItem code="IT4004954" rank="1" referenceName="Standaard - Kantelfunctie"/><CSItem code="IT4005861" rank="1" referenceName="Vermogen - Ingeschakeld"/><CSItem code="IT4005764" rank="1" referenceName="Afmetingen - Product met standaard (mm)"/><CSItem code="IT4005770" rank="1" referenceName="Gewicht - Product met standaard (kg)"/><CSItem code="IT4004946" rank="1" referenceName="Voorwaarden voor een goede werking - Temperatuurbereik (in bedrijf)"/><CSItem code="IT4004941" rank="1" referenceName="Duurzaamheid - Milieu en energie"/><CSItem code="IT4006152" rank="1" referenceName="Voldoet aan de normen - Officiële goedkeuringen"/><CSItem code="IT4004955" rank="1" referenceName="Kast - Kleur"/><CSItem code="IT4040999" rank="1" referenceName="Inhoud van de doos: - Monitor met standaard"/><CSItem code="IT4007209" rank="2" referenceName="Beeld/scherm - Type achtergrondverlichting"/><CSItem code="3006588" rank="2" referenceName="Connectiviteit - Gesynchroniseerde invoer"/><CSItem code="3006693" rank="2" referenceName="Comfort - OSD-talen"/><CSItem code="IT4006150" rank="2" referenceName="Vermogen - Stand-bymodus"/><CSItem code="IT4005765" rank="2" referenceName="Afmetingen - Product zonder standaard (mm)"/><CSItem code="IT4005771" rank="2" referenceName="Gewicht - Product zonder standaard (kg)"/><CSItem code="IT4004947" rank="2" referenceName="Voorwaarden voor een goede werking - Temperatuurbereik (opslag)"/><CSItem code="IT4004944" rank="2" referenceName="Duurzaamheid - Recyclebaar verpakkingsmateriaal"/><CSItem code="IT4004956" rank="2" referenceName="Kast - Afwerking"/><CSItem code="IT4041000" rank="2" referenceName="Inhoud van de doos: - Kabels"/><CSItem code="3006180" rank="3" referenceName="Beeld/scherm - Schermgrootte"/><CSItem code="3006694" rank="3" referenceName="Comfort - Andere handige opties"/><CSItem code="IT4006081" rank="3" referenceName="Vermogen - Uitmodus"/><CSItem code="IT4005766" rank="3" referenceName="Afmetingen - Verpakking in mm (b x h x d)"/><CSItem code="IT4005772" rank="3" referenceName="Gewicht - Product met verpakking (kg)"/><CSItem code="IT4004948" rank="3" referenceName="Voorwaarden voor een goede werking - Relatieve vochtigheid"/><CSItem code="IT4041030" rank="3" referenceName="Inhoud van de doos: - Gebruikersdocumentatie"/><CSItem code="3006149" rank="4" referenceName="Beeld/scherm - Effectief weergavegebied"/><CSItem code="3006699" rank="4" referenceName="Comfort - Plug &amp; Play-compatibiliteit"/><CSItem code="3006931" rank="4" referenceName="Vermogen - LED-indicator voor voeding"/><CSItem code="IT4023612" rank="4" referenceName="Voorwaarden voor een goede werking - Hoogte"/><CSItem code="3006121" rank="5" referenceName="Beeld/scherm - Beeldformaat"/><CSItem code="3006932" rank="5" referenceName="Vermogen - Stroomvoorziening"/><CSItem code="IT4004949" rank="5" referenceName="Voorwaarden voor een goede werking - MTBF"/><CSItem code="3006193" rank="6" referenceName="Beeld/scherm - Optimale resolutie"/><CSItem code="3006197" rank="7" referenceName="Beeld/scherm - Responstijd (normaal)"/><CSItem code="3006127" rank="8" referenceName="Beeld/scherm - Helderheid"/><CSItem code="IT4006148" rank="9" referenceName="Beeld/scherm - SmartContrast"/><CSItem code="3006133" rank="10" referenceName="Beeld/scherm - Contrastverhouding (normaal)"/><CSItem code="3006186" rank="11" referenceName="Beeld/scherm - Pixelpitch"/><CSItem code="3007518" rank="12" referenceName="Beeld/scherm - Kijkhoek"/><CSItem code="3006143" rank="13" referenceName="Beeld/scherm - Schermkleuren"/><CSItem code="IT4006149" rank="14" referenceName="Beeld/scherm - Scanfrequentie"/><CSItem code="3006207" rank="15" referenceName="Beeld/scherm - sRGB"/></CSItems></Purpose></Filters><FeatureCompareGroups/><Disclaimers/><RichTexts/></Product></Products>