<?xml version="1.0" encoding="UTF-8"?><Products xmlns:source="http://apache.org/cocoon/source/1.0" DocStatus="approved" DocTimeStamp="2018-10-20T07:18:48"><Product Country="NL" IsAccessory="false" IsLocalized="true" IsMaster="false" Locale="nl_NL" lastModified="2018-10-17T04:37:35" masterLastModified="2018-01-15T00:18:38"><CTN>1735647P0</CTN><Code12NC>915005395601</Code12NC><GTIN>8718696159019</GTIN><MarketingVersion>1.1.1</MarketingVersion><MarketingStatus>Final Published</MarketingStatus><CRDate>2016-04-15</CRDate><CRDateYW>201616</CRDateYW><ModelYears><ModelYear>2016</ModelYear></ModelYears><ProductDivision><ProductDivisionCode>0100</ProductDivisionCode><ProductDivisionName>Lighting</ProductDivisionName><FormerPDCode>0100</FormerPDCode></ProductDivision><ProductOwner>Mellissa van Heest - Cooijman</ProductOwner><DTN>17356/47/P0</DTN><Catalog><StartOfPublication>2017-01-09T00:00:00</StartOfPublication><EndOfPublication>2300-01-01T00:00:00</EndOfPublication><StartOfSales>2017-01-09T00:00:00</StartOfSales><EndOfSales>2300-01-01T00:00:00</EndOfSales><DummyPrice>44.95</DummyPrice><Deleted>false</Deleted><DeleteAfterDate/><ProductRank>34</ProductRank></Catalog><FinancialCategorization><BusinessGroupCode>9021</BusinessGroupCode><BusinessGroupName>Home</BusinessGroupName><BusinessUnitCode>9159</BusinessUnitCode><BusinessUnitName>Home Luminaires</BusinessUnitName><MainArticleGroupCode>G79</MainArticleGroupCode><MainArticleGroupName>Outdoor</MainArticleGroupName><ArticleGroupCode>4947</ArticleGroupCode><ArticleGroupName>Outdoor Recessed</ArticleGroupName></FinancialCategorization><Categorization type="CONSUMER"><GroupCode>LIGHTING_GR</GroupCode><GroupName>Lighting</GroupName><CategoryCode>CHOOSE_YOUR_LUMINAIRE_CA</CategoryCode><CategoryName>Choose a fixture</CategoryName><SubcategoryCode>CONCEPT_MYGARDEN_SU</SubcategoryCode><SubcategoryName>myGarden</SubcategoryName></Categorization><Assets><Asset code="1735647P0" description="Leaflet" extension="pdf" lastModified="2018-02-05" locale="nl_NL" number="001" type="PSS">http://download.p4c.philips.com/files/1/1735647p0/1735647p0_pss_nldnl.pdf</Asset><Asset code="1735647P0" description="Retail Trade Leaflet" extension="pdf" lastModified="2018-02-01" locale="nl_NL" number="001" type="RTL">http://download.p4c.philips.com/files/1/1735647p0/1735647p0_rtl_nldnl.pdf</Asset><Asset code="1735647P0" description="Alternative product photograph - highres 2196x1795" extension="tif" lastModified="2017-02-22" locale="global" number="001" type="APP">http://images.philips.com/is/image/PhilipsConsumer/1735647P0-APP-global-001</Asset><Asset code="1735647P0" description="Product detail photograph - highres 2196x2196" extension="tif" lastModified="2017-02-22" locale="global" number="001" type="DPP">http://images.philips.com/is/image/PhilipsConsumer/1735647P0-DPP-global-001</Asset><Asset code="1735647P0" description="Leaflet" extension="pdf" lastModified="2018-01-18" locale="global" number="001" type="PSS">http://download.p4c.philips.com/files/1/1735647p0/1735647p0_pss_.pdf</Asset><Asset code="1735647P0" description="Standard product photograph - highres 2196x1795" extension="tif" lastModified="2017-02-22" locale="global" number="001" type="RTP">http://images.philips.com/is/image/PhilipsConsumer/1735647P0-RTP-global-001</Asset><Asset code="1735647P0" description="Product In Use 1 - highres 2196x1795" extension="tif" lastModified="2018-04-04" locale="global" number="001" type="U1P">http://images.philips.com/is/image/PhilipsConsumer/1735647P0-U1P-global-001</Asset><Asset code="1735647P0" description="Product in use photograph - highres 2196x1795" extension="tif" lastModified="2018-03-26" locale="global" number="001" type="UPL">http://images.philips.com/is/image/PhilipsConsumer/1735647P0-UPL-global-001</Asset><Asset code="1735647P0" description="Single product shot" extension="" lastModified="2018-10-17" locale="nl_NL" number="" type="IMS">http://images.philips.com/is/image/PhilipsConsumer/1735647P0-IMS-nl_NL</Asset><Asset code="1735647P0" description="Product gallery image set" extension="" lastModified="2018-10-17" locale="nl_NL" number="" type="GAL">http://images.philips.com/is/image/PhilipsConsumer/1735647P0-GAL-nl_NL</Asset><Asset code="1735647P0" description="Product URL" extension="" lastModified="2018-10-17" locale="nl_NL" number="" type="URL">http://www.philips.nl/c-p/1735647P0/mygarden-inbouwspot</Asset><Asset code="F400031227" description="Feature photograph - highres 2100x1170" extension="tif" lastModified="2011-05-04" locale="global" number="001" type="FIL">http://images.philips.com/is/image/PhilipsConsumer/F400031227-FIL-global-001</Asset><Asset code="F400043167" description="Feature photograph - highres 2100x1170" extension="tif" lastModified="2012-04-06" locale="global" number="001" type="FIL">http://images.philips.com/is/image/PhilipsConsumer/F400043167-FIL-global-001</Asset><Asset code="F400050716" description="Feature photograph - highres 2100x1170" extension="tif" lastModified="2013-07-30" locale="global" number="001" type="FIL">http://images.philips.com/is/image/PhilipsConsumer/F400050716-FIL-global-001</Asset><Asset code="F400057632" description="Feature photograph - highres 2100x1170" extension="tif" lastModified="2013-07-30" locale="global" number="001" type="FIL">http://images.philips.com/is/image/PhilipsConsumer/F400057632-FIL-global-001</Asset><Asset code="F400076495" description="Feature photograph - highres 2100x1170" extension="tif" lastModified="2016-01-18" locale="global" number="001" type="FIL">http://images.philips.com/is/image/PhilipsConsumer/F400076495-FIL-global-001</Asset><Asset code="PHI" description="Brand logo - highres 1476x886" extension="tif" lastModified="2016-02-18" locale="global" number="001" type="BRP">http://images.philips.com/is/image/PhilipsConsumer/PHI-BRP-global-001</Asset></Assets><ProductName>Crust inox LED-inbouwspot</ProductName><FullProductName>Philips myGarden Inbouwspot 17356/47/P0 Crust inox LED</FullProductName><NamingString><MasterBrand><BrandCode>PHI</BrandCode><BrandName>Philips</BrandName></MasterBrand><BrandString>Philips</BrandString><Concept><ConceptCode>PLM0108MYG</ConceptCode><ConceptName>myGarden</ConceptName><ConceptNameUsed>1</ConceptNameUsed></Concept><Descriptor><DescriptorCode>PLM0830RSP</DescriptorCode><DescriptorName>Inbouwspot</DescriptorName></Descriptor><Alphanumeric>17356/47/P0</Alphanumeric><VersionElement1><VersionElementCode>PLM0006251</VersionElementCode><VersionElementName>Crust</VersionElementName></VersionElement1><VersionElement2><VersionElementCode>PLM018347</VersionElementCode><VersionElementName>innox</VersionElementName></VersionElement2><VersionElement3><VersionElementCode>PLM0814Y</VersionElementCode><VersionElementName>LED</VersionElementName></VersionElement3><VersionString>Crust inox LED</VersionString><BrandedFeatureString/><DescriptorBrandedFeatureString>Inbouwspot</DescriptorBrandedFeatureString></NamingString><WOW>Ook 's avonds en 's nachts licht in uw tuin</WOW><MarketingTextHeader>De stevige Philips myGarden Crust LED-inbouwspot in roestvrij staal markeert opritten zonder afbreuk te doen aan de look van uw tuin. De hoogwaardige materialen en de Philips LED's zijn een garantie voor minimaal onderhoud na installatie.</MarketingTextHeader><KeyBenefitArea><KeyBenefitAreaCode>K4005041</KeyBenefitAreaCode><KeyBenefitAreaName>Duurzame verlichting</KeyBenefitAreaName><KeyBenefitAreaRank>1</KeyBenefitAreaRank><Feature><FeatureCode>F400043167</FeatureCode><FeatureReferenceName>Energy saving (general)</FeatureReferenceName><FeatureName>Energiezuinig</FeatureName><FeatureLongDescription>Energiezuinig</FeatureLongDescription><FeatureGlossary>Deze Philips verlichting bespaart energie in vergelijking met traditionele lichtbronnen. Zo bespaart u op uw energierekening en draagt u bij aan een beter milieu.</FeatureGlossary><FeatureRank>2</FeatureRank><FeatureTopRank>1</FeatureTopRank></Feature><Feature><FeatureCode>F400081700</FeatureCode><FeatureReferenceName>High quality LED (Lums,bulb included)</FeatureReferenceName><FeatureName>LED-licht van topkwaliteit</FeatureName><FeatureLongDescription>LED-licht van topkwaliteit</FeatureLongDescription><FeatureGlossary>De LED-lamp die bij deze Philips-lamp wordt meegeleverd, is een unieke door Philips ontwikkelde oplossing. De lamp kan onmiddellijk worden ingeschakeld, biedt een optimale lichtopbrengst en brengt levendige kleuren in je huis.</FeatureGlossary><FeatureRank>3</FeatureRank><FeatureTopRank>7</FeatureTopRank></Feature></KeyBenefitArea><KeyBenefitArea><KeyBenefitAreaCode>K4010087</KeyBenefitAreaCode><KeyBenefitAreaName>Geef uw tuin een vleugje design</KeyBenefitAreaName><KeyBenefitAreaRank>2</KeyBenefitAreaRank><Feature><FeatureCode>F400050706</FeatureCode><FeatureReferenceName>High quality material (OUTDOOR STEEL+SYN)</FeatureReferenceName><FeatureName>Hoogwaardige onderdelen</FeatureName><FeatureLongDescription>Hoogwaardig roestvrij staal en synthetische materialen</FeatureLongDescription><FeatureGlossary>Deze Philips lamp is speciaal voor buiten gemaakt. Hij is duurzaam en heeft een lange levensduur, zodat hij uw tuin elke nacht kan verlichten. Hij is gemaakt van hoogwaardig roestvrij staal en synthetische materialen.</FeatureGlossary><FeatureRank>5</FeatureRank><FeatureTopRank>2</FeatureTopRank></Feature></KeyBenefitArea><KeyBenefitArea><KeyBenefitAreaCode>K4013392</KeyBenefitAreaCode><KeyBenefitAreaName>Geavanceerde verlichting voor buitenshuis</KeyBenefitAreaName><KeyBenefitAreaRank>3</KeyBenefitAreaRank><Feature><FeatureCode>F400076495</FeatureCode><FeatureReferenceName>5 year warranty on LED system</FeatureReferenceName><FeatureName>Garantie van 5 jaar op LED-systeem</FeatureName><FeatureLongDescription>Philips biedt 5 jaar garantie op de LED-module en -driver</FeatureLongDescription><FeatureGlossary>Naast de standaard 2 jaar garantie op deze lamp biedt Philips ook nog eens 5 jaar garantie op het LED-systeem, oftewel de LED-module en -driver in deze lamp.</FeatureGlossary><FeatureRank>1</FeatureRank><FeatureTopRank>5</FeatureTopRank></Feature></KeyBenefitArea><KeyBenefitArea><KeyBenefitAreaCode>K4013393</KeyBenefitAreaCode><KeyBenefitAreaName>Speciale kenmerken</KeyBenefitAreaName><KeyBenefitAreaRank>4</KeyBenefitAreaRank><Feature><FeatureCode>F400050716</FeatureCode><FeatureReferenceName>IP67 - weather proof (outdoor lighting)</FeatureReferenceName><FeatureName>IP67 - weerbestendig</FeatureName><FeatureLongDescription>IP67 - weerbestendig</FeatureLongDescription><FeatureGlossary>Deze Philips-buitenverlichting is speciaal voor vochtige buitenomgevingen ontworpen en is uitvoerig getest op waterbestendigheid. Het IP-niveau wordt aangegeven met twee cijfers: het eerste cijfer geeft het beschermingsniveau tegen stof aan en het tweede cijfer geeft de vochtbestendigheid aan. Deze verlichting is met IP67 ontworpen: hij is beschermd tegen tijdelijk onderdompelen en ideaal voor het verlichten van paden en opritten. U kunt er zelfs overheen rijden.</FeatureGlossary><FeatureRank>6</FeatureRank><FeatureTopRank>3</FeatureTopRank></Feature><Feature><FeatureCode>F400031227</FeatureCode><FeatureReferenceName>Easy installation (ECO OUT)</FeatureReferenceName><FeatureName>Eenvoudige installatie</FeatureName><FeatureLongDescription>Eenvoudige installatie</FeatureLongDescription><FeatureGlossary>Het installeren van een armatuur kan soms lastig zijn, maar bij deze Philips Outdoor lamp is er specifiek op gelet dat het product makkelijk en snel kan worden geïnstalleerd. Het product wordt geleverd met een torxsleutel voor de installatie.</FeatureGlossary><FeatureRank>4</FeatureRank><FeatureTopRank>4</FeatureTopRank></Feature><Feature><FeatureCode>F400057632</FeatureCode><FeatureReferenceName>Long operating life (25 yrs lighting)</FeatureReferenceName><FeatureName>Lange levensduur</FeatureName><FeatureLongDescription>Lange levensduur - tot 25 jaar</FeatureLongDescription><FeatureGlossary>Een lichtbron waarop u kunt vertrouwen. De LED's in deze LED-lamp van Philips bieden een zeer lange levensduur van minimaal 25.000 uur (dit staat gelijk aan 25 jaar bij een gemiddeld gebruik van 3 uur per dag en minimaal 13.000 schakelcycli). Dit geeft een prettig gevoel: u hoeft zich nooit meer zorgen te maken over onderhoud of het vervangen van een lamp en u kunt thuis genieten van de perfecte sfeerverlichting.</FeatureGlossary><FeatureRank>7</FeatureRank><FeatureTopRank>6</FeatureTopRank></Feature></KeyBenefitArea><FeatureImage><FeatureCode>F400043167</FeatureCode><FeatureReferenceName>Energy saving (general)</FeatureReferenceName><FeatureImageRank>1</FeatureImageRank></FeatureImage><FeatureImage><FeatureCode>F400050706</FeatureCode><FeatureReferenceName>High quality material (OUTDOOR STEEL+SYN)</FeatureReferenceName><FeatureImageRank>2</FeatureImageRank></FeatureImage><FeatureImage><FeatureCode>F400050716</FeatureCode><FeatureReferenceName>IP67 - weather proof (outdoor lighting)</FeatureReferenceName><FeatureImageRank>3</FeatureImageRank></FeatureImage><FeatureImage><FeatureCode>F400031227</FeatureCode><FeatureReferenceName>Easy installation (ECO OUT)</FeatureReferenceName><FeatureImageRank>4</FeatureImageRank></FeatureImage><FeatureImage><FeatureCode>F400076495</FeatureCode><FeatureReferenceName>5 year warranty on LED system</FeatureReferenceName><FeatureImageRank>5</FeatureImageRank></FeatureImage><FeatureImage><FeatureCode>F400057632</FeatureCode><FeatureReferenceName>Long operating life (25 yrs lighting)</FeatureReferenceName><FeatureImageRank>6</FeatureImageRank></FeatureImage><FeatureImage><FeatureCode>F400081700</FeatureCode><FeatureReferenceName>High quality LED (Lums,bulb included)</FeatureReferenceName><FeatureImageRank>7</FeatureImageRank></FeatureImage><FeatureHighlight><FeatureCode>F400043167</FeatureCode><FeatureReferenceName>Energy saving (general)</FeatureReferenceName><FeatureHighlightRank>1</FeatureHighlightRank></FeatureHighlight><FeatureHighlight><FeatureCode>F400050706</FeatureCode><FeatureReferenceName>High quality material (OUTDOOR STEEL+SYN)</FeatureReferenceName><FeatureHighlightRank>2</FeatureHighlightRank></FeatureHighlight><FeatureHighlight><FeatureCode>F400050716</FeatureCode><FeatureReferenceName>IP67 - weather proof (outdoor lighting)</FeatureReferenceName><FeatureHighlightRank>3</FeatureHighlightRank></FeatureHighlight><FeatureHighlight><FeatureCode>F400031227</FeatureCode><FeatureReferenceName>Easy installation (ECO OUT)</FeatureReferenceName><FeatureHighlightRank>4</FeatureHighlightRank></FeatureHighlight><FeatureHighlight><FeatureCode>F400076495</FeatureCode><FeatureReferenceName>5 year warranty on LED system</FeatureReferenceName><FeatureHighlightRank>5</FeatureHighlightRank></FeatureHighlight><FeatureHighlight><FeatureCode>F400057632</FeatureCode><FeatureReferenceName>Long operating life (25 yrs lighting)</FeatureReferenceName><FeatureHighlightRank>6</FeatureHighlightRank></FeatureHighlight><FeatureHighlight><FeatureCode>F400081700</FeatureCode><FeatureReferenceName>High quality LED (Lums,bulb included)</FeatureReferenceName><FeatureHighlightRank>7</FeatureHighlightRank></FeatureHighlight><CSChapter><CSChapterCode>PLMCHP010</CSChapterCode><CSChapterName>Design en afwerking</CSChapterName><CSChapterRank>10</CSChapterRank><CSItem><CSItemCode>PLMITM010001</CSItemCode><CSItemName>Materiaal</CSItemName><CSItemRank>1</CSItemRank><CSItemIsFreeFormat>0</CSItemIsFreeFormat><CSValue><CSValueCode>PLMATR0105IN</CSValueCode><CSValueName>roestvrij staal</CSValueName><CSValueRank>1</CSValueRank></CSValue><CSValue><CSValueCode>PLMATR0105SYNTH</CSValueCode><CSValueName>kunststof</CSValueName><CSValueRank>2</CSValueRank></CSValue></CSItem><CSItem><CSItemCode>PLMITM010002</CSItemCode><CSItemName>Kleur</CSItemName><CSItemRank>2</CSItemRank><CSItemIsFreeFormat>0</CSItemIsFreeFormat><CSValue><CSValueCode>PLMATR018347</CSValueCode><CSValueName>innox</CSValueName><CSValueRank>1</CSValueRank></CSValue></CSItem></CSChapter><CSChapter><CSChapterCode>PLMCHP020</CSChapterCode><CSChapterName>Extra onderdeel/accessoire meegeleverd</CSChapterName><CSChapterRank>20</CSChapterRank><CSItem><CSItemCode>PLMITM0776FX006</CSItemCode><CSItemName>Ingebouwde LED</CSItemName><CSItemRank>4</CSItemRank><CSItemIsFreeFormat>0</CSItemIsFreeFormat><CSValue><CSValueCode>PLMATR0776FX006YES</CSValueCode><CSValueName>JA</CSValueName><CSValueRank>1</CSValueRank></CSValue></CSItem><CSItem><CSItemCode>PLMITM0776FX031</CSItemCode><CSItemName>Volledig weerbestendig</CSItemName><CSItemRank>5</CSItemRank><CSItemIsFreeFormat>0</CSItemIsFreeFormat><CSValue><CSValueCode>PLMATR0776FX031YES</CSValueCode><CSValueName>JA</CSValueName><CSValueRank>1</CSValueRank></CSValue></CSItem><CSItem><CSItemCode>PLMITM0776FX043</CSItemCode><CSItemName>Hoogwaardige, duurzame materialen</CSItemName><CSItemRank>6</CSItemRank><CSItemIsFreeFormat>0</CSItemIsFreeFormat><CSValue><CSValueCode>PLMATR0776FX043YES</CSValueCode><CSValueName>JA</CSValueName><CSValueRank>1</CSValueRank></CSValue></CSItem></CSChapter><CSChapter><CSChapterCode>PLMCHP030</CSChapterCode><CSChapterName>Afmetingen en gewicht van product</CSChapterName><CSChapterRank>30</CSChapterRank><CSItem><CSItemCode>PLMITM030004</CSItemCode><CSItemName>Lengte</CSItemName><CSItemRank>4</CSItemRank><CSItemIsFreeFormat>1</CSItemIsFreeFormat><CSValue><CSValueCode>VA4042309</CSValueCode><CSValueName>11,5</CSValueName><CSValueRank>1</CSValueRank></CSValue><UnitOfMeasure><UnitOfMeasureCode>3000039</UnitOfMeasureCode><UnitOfMeasureName>centimeter</UnitOfMeasureName><UnitOfMeasureSymbol>cm</UnitOfMeasureSymbol></UnitOfMeasure></CSItem><CSItem><CSItemCode>PLMITM030005</CSItemCode><CSItemName>Breedte</CSItemName><CSItemRank>5</CSItemRank><CSItemIsFreeFormat>1</CSItemIsFreeFormat><CSValue><CSValueCode>VA4042311</CSValueCode><CSValueName>11,5</CSValueName><CSValueRank>1</CSValueRank></CSValue><UnitOfMeasure><UnitOfMeasureCode>3000039</UnitOfMeasureCode><UnitOfMeasureName>centimeter</UnitOfMeasureName><UnitOfMeasureSymbol>cm</UnitOfMeasureSymbol></UnitOfMeasure></CSItem><CSItem><CSItemCode>PLMITM030006</CSItemCode><CSItemName>Nettogewicht</CSItemName><CSItemRank>6</CSItemRank><CSItemIsFreeFormat>1</CSItemIsFreeFormat><CSValue><CSValueCode>VA4042308</CSValueCode><CSValueName>0,334</CSValueName><CSValueRank>1</CSValueRank></CSValue><UnitOfMeasure><UnitOfMeasureCode>3000049</UnitOfMeasureCode><UnitOfMeasureName>kilogram</UnitOfMeasureName><UnitOfMeasureSymbol>kg</UnitOfMeasureSymbol></UnitOfMeasure></CSItem><CSItem><CSItemCode>PLMITM030007</CSItemCode><CSItemName>Diepte uitsparing</CSItemName><CSItemRank>7</CSItemRank><CSItemIsFreeFormat>1</CSItemIsFreeFormat><CSValue><CSValueCode>VA4042341</CSValueCode><CSValueName>11,5</CSValueName><CSValueRank>1</CSValueRank></CSValue><UnitOfMeasure><UnitOfMeasureCode>3000039</UnitOfMeasureCode><UnitOfMeasureName>centimeter</UnitOfMeasureName><UnitOfMeasureSymbol>cm</UnitOfMeasureSymbol></UnitOfMeasure></CSItem><CSItem><CSItemCode>PLMITM030008</CSItemCode><CSItemName>Lengte uitsparing</CSItemName><CSItemRank>8</CSItemRank><CSItemIsFreeFormat>1</CSItemIsFreeFormat><CSValue><CSValueCode>VA4042326</CSValueCode><CSValueName>10,5</CSValueName><CSValueRank>1</CSValueRank></CSValue><UnitOfMeasure><UnitOfMeasureCode>3000039</UnitOfMeasureCode><UnitOfMeasureName>centimeter</UnitOfMeasureName><UnitOfMeasureSymbol>cm</UnitOfMeasureSymbol></UnitOfMeasure></CSItem><CSItem><CSItemCode>PLMITM030009</CSItemCode><CSItemName>Diameter uitsparing</CSItemName><CSItemRank>9</CSItemRank><CSItemIsFreeFormat>1</CSItemIsFreeFormat><CSValue><CSValueCode>VA4042336</CSValueCode><CSValueName>10,5</CSValueName><CSValueRank>1</CSValueRank></CSValue><UnitOfMeasure><UnitOfMeasureCode>3000039</UnitOfMeasureCode><UnitOfMeasureName>centimeter</UnitOfMeasureName><UnitOfMeasureSymbol>cm</UnitOfMeasureSymbol></UnitOfMeasure></CSItem></CSChapter><CSChapter><CSChapterCode>PLMCHP040</CSChapterCode><CSChapterName>Technische specificaties</CSChapterName><CSChapterRank>40</CSChapterRank><CSItem><CSItemCode>PLMITM040001</CSItemCode><CSItemName>Netspanning</CSItemName><CSItemRank>1</CSItemRank><CSItemIsFreeFormat>0</CSItemIsFreeFormat><CSValue><CSValueCode>PLMATR0719220-240</CSValueCode><CSValueName>Bereik 220 V - 240 V</CSValueName><CSValueRank>1</CSValueRank></CSValue><CSValue><CSValueCode>PLMATR067350HZ</CSValueCode><CSValueName>50 Hz</CSValueName><CSValueRank>2</CSValueRank></CSValue></CSItem><CSItem><CSItemCode>PLMITM040002</CSItemCode><CSItemName>Lamptechnologie</CSItemName><CSItemRank>2</CSItemRank><CSItemIsFreeFormat>0</CSItemIsFreeFormat><CSValue><CSValueCode>PLMATRBOIBULB10131LED</CSValueCode><CSValueName>LED</CSValueName><CSValueRank>1</CSValueRank></CSValue><CSValue><CSValueCode>PLMATR0329230</CSValueCode><CSValueName>230 V</CSValueName><CSValueRank>2</CSValueRank></CSValue></CSItem><CSItem><CSItemCode>PLMITM040003</CSItemCode><CSItemName>Aantal lampen</CSItemName><CSItemRank>3</CSItemRank><CSItemIsFreeFormat>1</CSItemIsFreeFormat><CSValue><CSValueCode>VA4042306</CSValueCode><CSValueName>1</CSValueName><CSValueRank>1</CSValueRank></CSValue></CSItem><CSItem><CSItemCode>PLMITM040005</CSItemCode><CSItemName>Vermogen meegeleverde lamp</CSItemName><CSItemRank>5</CSItemRank><CSItemIsFreeFormat>0</CSItemIsFreeFormat><CSValue><CSValueCode>PLMATR04603</CSValueCode><CSValueName>3 W</CSValueName><CSValueRank>1</CSValueRank></CSValue></CSItem><CSItem><CSItemCode>PLMITM040007</CSItemCode><CSItemName>Kleurtemperatuur</CSItemName><CSItemRank>7</CSItemRank><CSItemIsFreeFormat>0</CSItemIsFreeFormat><CSValue><CSValueCode>PLMATRBOIBULB106242700_K</CSValueCode><CSValueName>warm wit</CSValueName><CSValueRank>1</CSValueRank></CSValue></CSItem><CSItem><CSItemCode>PLMITM0400011</CSItemCode><CSItemName>Totaal lumen armatuur</CSItemName><CSItemRank>11</CSItemRank><CSItemIsFreeFormat>0</CSItemIsFreeFormat><CSValue><CSValueCode>PLMATR1096270</CSValueCode><CSValueName>270 lm</CSValueName><CSValueRank>1</CSValueRank></CSValue></CSItem><CSItem><CSItemCode>PLMITM0400013</CSItemCode><CSItemName>Dimbaar armatuur</CSItemName><CSItemRank>13</CSItemRank><CSItemIsFreeFormat>0</CSItemIsFreeFormat><CSValue><CSValueCode>PLMATR1075N</CSValueCode><CSValueName>Nee</CSValueName><CSValueRank>1</CSValueRank></CSValue></CSItem><CSItem><CSItemCode>PLMITM0400014</CSItemCode><CSItemName>LED</CSItemName><CSItemRank>14</CSItemRank><CSItemIsFreeFormat>0</CSItemIsFreeFormat><CSValue><CSValueCode>PLMATR0814Y</CSValueCode><CSValueName>Ja</CSValueName><CSValueRank>1</CSValueRank></CSValue></CSItem><CSItem><CSItemCode>PLMITM0400018</CSItemCode><CSItemName>Levensduur tot</CSItemName><CSItemRank>18</CSItemRank><CSItemIsFreeFormat>1</CSItemIsFreeFormat><CSValue><CSValueCode>VA4094468</CSValueCode><CSValueName>25.000</CSValueName><CSValueRank>1</CSValueRank></CSValue><UnitOfMeasure><UnitOfMeasureCode>4000213</UnitOfMeasureCode><UnitOfMeasureName>uur</UnitOfMeasureName><UnitOfMeasureSymbol>uur</UnitOfMeasureSymbol></UnitOfMeasure></CSItem><CSItem><CSItemCode>PLMITM040026</CSItemCode><CSItemName>IP-classificatie</CSItemName><CSItemRank>26</CSItemRank><CSItemIsFreeFormat>0</CSItemIsFreeFormat><CSValue><CSValueCode>PLMATR0290IP67</CSValueCode><CSValueName>IP67</CSValueName><CSValueRank>1</CSValueRank></CSValue><CSValue><CSValueCode>PLMATR0290IP64-2</CSValueCode><CSValueName>stofdicht</CSValueName><CSValueRank>2</CSValueRank></CSValue><CSValue><CSValueCode>PLMATR0290IP67-3</CSValueCode><CSValueName>bestand tegen tijdelijk onderdompelen</CSValueName><CSValueRank>3</CSValueRank></CSValue></CSItem><CSItem><CSItemCode>PLMITM040027</CSItemCode><CSItemName>Beschermingsklasse</CSItemName><CSItemRank>27</CSItemRank><CSItemIsFreeFormat>0</CSItemIsFreeFormat><CSValue><CSValueCode>PLMATR0289II</CSValueCode><CSValueName>II - dubbel geïsoleerd</CSValueName><CSValueRank>1</CSValueRank></CSValue></CSItem><CSItem><CSItemCode>PLMITM0400051</CSItemCode><CSItemName>Lichtbron equivalent aan traditionele lamp van</CSItemName><CSItemRank>51</CSItemRank><CSItemIsFreeFormat>1</CSItemIsFreeFormat><CSValue><CSValueCode>VA4081551</CSValueCode><CSValueName>31</CSValueName><CSValueRank>1</CSValueRank></CSValue><UnitOfMeasure><UnitOfMeasureCode>3000072</UnitOfMeasureCode><UnitOfMeasureName>watt</UnitOfMeasureName><UnitOfMeasureSymbol>W</UnitOfMeasureSymbol></UnitOfMeasure></CSItem></CSChapter><CSChapter><CSChapterCode>PLMCHP050</CSChapterCode><CSChapterName>Service</CSChapterName><CSChapterRank>50</CSChapterRank><CSItem><CSItemCode>PLMITM050001</CSItemCode><CSItemName>Garantie</CSItemName><CSItemRank>1</CSItemRank><CSItemIsFreeFormat>0</CSItemIsFreeFormat><CSValue><CSValueCode>PLMATR02985</CSValueCode><CSValueName>5 jaar</CSValueName><CSValueRank>1</CSValueRank></CSValue></CSItem></CSChapter><CSChapter><CSChapterCode>PLMCHP060</CSChapterCode><CSChapterName>Afmetingen en gewicht inclusief verpakking</CSChapterName><CSChapterRank>60</CSChapterRank><CSItem><CSItemCode>PLMITM060001</CSItemCode><CSItemName>Hoogte</CSItemName><CSItemRank>1</CSItemRank><CSItemIsFreeFormat>1</CSItemIsFreeFormat><CSValue><CSValueCode>VA4042312</CSValueCode><CSValueName>12,6</CSValueName><CSValueRank>1</CSValueRank></CSValue><UnitOfMeasure><UnitOfMeasureCode>3000039</UnitOfMeasureCode><UnitOfMeasureName>centimeter</UnitOfMeasureName><UnitOfMeasureSymbol>cm</UnitOfMeasureSymbol></UnitOfMeasure></CSItem><CSItem><CSItemCode>PLMITM060002</CSItemCode><CSItemName>Lengte</CSItemName><CSItemRank>2</CSItemRank><CSItemIsFreeFormat>1</CSItemIsFreeFormat><CSValue><CSValueCode>VA4042313</CSValueCode><CSValueName>12,1</CSValueName><CSValueRank>1</CSValueRank></CSValue><UnitOfMeasure><UnitOfMeasureCode>3000039</UnitOfMeasureCode><UnitOfMeasureName>centimeter</UnitOfMeasureName><UnitOfMeasureSymbol>cm</UnitOfMeasureSymbol></UnitOfMeasure></CSItem><CSItem><CSItemCode>PLMITM060003</CSItemCode><CSItemName>Breedte</CSItemName><CSItemRank>3</CSItemRank><CSItemIsFreeFormat>1</CSItemIsFreeFormat><CSValue><CSValueCode>VA4042307</CSValueCode><CSValueName>12,1</CSValueName><CSValueRank>1</CSValueRank></CSValue><UnitOfMeasure><UnitOfMeasureCode>3000039</UnitOfMeasureCode><UnitOfMeasureName>centimeter</UnitOfMeasureName><UnitOfMeasureSymbol>cm</UnitOfMeasureSymbol></UnitOfMeasure></CSItem><CSItem><CSItemCode>PLMITM060004</CSItemCode><CSItemName>Gewicht</CSItemName><CSItemRank>4</CSItemRank><CSItemIsFreeFormat>1</CSItemIsFreeFormat><CSValue><CSValueCode>VA4042304</CSValueCode><CSValueName>0,430</CSValueName><CSValueRank>1</CSValueRank></CSValue><UnitOfMeasure><UnitOfMeasureCode>3000049</UnitOfMeasureCode><UnitOfMeasureName>kilogram</UnitOfMeasureName><UnitOfMeasureSymbol>kg</UnitOfMeasureSymbol></UnitOfMeasure></CSItem></CSChapter><CSChapter><CSChapterCode>PLMCHP070</CSChapterCode><CSChapterName>Diversen</CSChapterName><CSChapterRank>70</CSChapterRank><CSItem><CSItemCode>PLMITM070001</CSItemCode><CSItemName>Speciaal ontworpen voor</CSItemName><CSItemRank>1</CSItemRank><CSItemIsFreeFormat>0</CSItemIsFreeFormat><CSValue><CSValueCode>PLMATR0970G_P</CSValueCode><CSValueName>Tuin en terras</CSValueName><CSValueRank>1</CSValueRank></CSValue></CSItem><CSItem><CSItemCode>PLMITM070002</CSItemCode><CSItemName>Stijl</CSItemName><CSItemRank>2</CSItemRank><CSItemIsFreeFormat>0</CSItemIsFreeFormat><CSValue><CSValueCode>PLMATR0628CON</CSValueCode><CSValueName>Modern</CSValueName><CSValueRank>1</CSValueRank></CSValue></CSItem><CSItem><CSItemCode>PLMITM070003</CSItemCode><CSItemName>Type</CSItemName><CSItemRank>3</CSItemRank><CSItemIsFreeFormat>0</CSItemIsFreeFormat><CSValue><CSValueCode>PLMATR0830RSPOT</CSValueCode><CSValueName>Inbouwspot</CSValueName><CSValueRank>1</CSValueRank></CSValue></CSItem></CSChapter><Filters><Purpose type="Comparison"><Features><Feature code="F400043167" rank="1" referenceName="Energy saving (general)"/><Feature code="F400050706" rank="2" referenceName="High quality material (OUTDOOR STEEL+SYN)"/><Feature code="F400050716" rank="3" referenceName="IP67 - weather proof (outdoor lighting)"/><Feature code="F400031227" rank="4" referenceName="Easy installation (ECO OUT)"/><Feature code="F400076495" rank="5" referenceName="5 year warranty on LED system"/><Feature code="F400057632" rank="6" referenceName="Long operating life (25 yrs lighting)"/><Feature code="F400081700" rank="7" referenceName="High quality LED (Lums,bulb included)"/></Features><CSItems><CSItem code="PLMITM010001" rank="1" referenceName="Design en afwerking - Materiaal"/><CSItem code="PLMITM040001" rank="1" referenceName="Technische specificaties - Netspanning"/><CSItem code="PLMITM050001" rank="1" referenceName="Service - Garantie"/><CSItem code="PLMITM060001" rank="1" referenceName="Afmetingen en gewicht inclusief verpakking - Hoogte"/><CSItem code="PLMITM070001" rank="1" referenceName="Diversen - Speciaal ontworpen voor"/><CSItem code="PLMITM010002" rank="2" referenceName="Design en afwerking - Kleur"/><CSItem code="PLMITM040002" rank="2" referenceName="Technische specificaties - Lamptechnologie"/><CSItem code="PLMITM060002" rank="2" referenceName="Afmetingen en gewicht inclusief verpakking - Lengte"/><CSItem code="PLMITM070002" rank="2" referenceName="Diversen - Stijl"/><CSItem code="PLMITM040003" rank="3" referenceName="Technische specificaties - Aantal lampen"/><CSItem code="PLMITM060003" rank="3" referenceName="Afmetingen en gewicht inclusief verpakking - Breedte"/><CSItem code="PLMITM070003" rank="3" referenceName="Diversen - Type"/><CSItem code="PLMITM0776FX006" rank="4" referenceName="Extra onderdeel/accessoire meegeleverd - Ingebouwde LED"/><CSItem code="PLMITM030004" rank="4" referenceName="Afmetingen en gewicht van product - Lengte"/><CSItem code="PLMITM060004" rank="4" referenceName="Afmetingen en gewicht inclusief verpakking - Gewicht"/><CSItem code="PLMITM0776FX031" rank="5" referenceName="Extra onderdeel/accessoire meegeleverd - Volledig weerbestendig"/><CSItem code="PLMITM030005" rank="5" referenceName="Afmetingen en gewicht van product - Breedte"/><CSItem code="PLMITM040005" rank="5" referenceName="Technische specificaties - Vermogen meegeleverde lamp"/><CSItem code="PLMITM0776FX043" rank="6" referenceName="Extra onderdeel/accessoire meegeleverd - Hoogwaardige, duurzame materialen"/><CSItem code="PLMITM030006" rank="6" referenceName="Afmetingen en gewicht van product - Nettogewicht"/><CSItem code="PLMITM030007" rank="7" referenceName="Afmetingen en gewicht van product - Diepte uitsparing"/><CSItem code="PLMITM040007" rank="7" referenceName="Technische specificaties - Kleurtemperatuur"/><CSItem code="PLMITM030008" rank="8" referenceName="Afmetingen en gewicht van product - Lengte uitsparing"/><CSItem code="PLMITM030009" rank="9" referenceName="Afmetingen en gewicht van product - Diameter uitsparing"/><CSItem code="PLMITM0400011" rank="11" referenceName="Technische specificaties - Totaal lumen armatuur"/><CSItem code="PLMITM0400013" rank="13" referenceName="Technische specificaties - Dimbaar armatuur"/><CSItem code="PLMITM0400014" rank="14" referenceName="Technische specificaties - LED"/><CSItem code="PLMITM0400018" rank="18" referenceName="Technische specificaties - Levensduur tot"/><CSItem code="PLMITM040026" rank="26" referenceName="Technische specificaties - IP-classificatie"/><CSItem code="PLMITM040027" rank="27" referenceName="Technische specificaties - Beschermingsklasse"/><CSItem code="PLMITM0400051" rank="51" referenceName="Technische specificaties - Lichtbron equivalent aan traditionele lamp van"/></CSItems></Purpose><Purpose type="Detail"><Features><Feature code="F400043167" rank="1" referenceName="Energy saving (general)"/><Feature code="F400050706" rank="2" referenceName="High quality material (OUTDOOR STEEL+SYN)"/><Feature code="F400050716" rank="3" referenceName="IP67 - weather proof (outdoor lighting)"/><Feature code="F400031227" rank="4" referenceName="Easy installation (ECO OUT)"/><Feature code="F400076495" rank="5" referenceName="5 year warranty on LED system"/><Feature code="F400057632" rank="6" referenceName="Long operating life (25 yrs lighting)"/><Feature code="F400081700" rank="7" referenceName="High quality LED (Lums,bulb included)"/></Features><CSItems><CSItem code="PLMITM010001" rank="1" referenceName="Design en afwerking - Materiaal"/><CSItem code="PLMITM040001" rank="1" referenceName="Technische specificaties - Netspanning"/><CSItem code="PLMITM050001" rank="1" referenceName="Service - Garantie"/><CSItem code="PLMITM060001" rank="1" referenceName="Afmetingen en gewicht inclusief verpakking - Hoogte"/><CSItem code="PLMITM070001" rank="1" referenceName="Diversen - Speciaal ontworpen voor"/><CSItem code="PLMITM010002" rank="2" referenceName="Design en afwerking - Kleur"/><CSItem code="PLMITM040002" rank="2" referenceName="Technische specificaties - Lamptechnologie"/><CSItem code="PLMITM060002" rank="2" referenceName="Afmetingen en gewicht inclusief verpakking - Lengte"/><CSItem code="PLMITM070002" rank="2" referenceName="Diversen - Stijl"/><CSItem code="PLMITM040003" rank="3" referenceName="Technische specificaties - Aantal lampen"/><CSItem code="PLMITM060003" rank="3" referenceName="Afmetingen en gewicht inclusief verpakking - Breedte"/><CSItem code="PLMITM070003" rank="3" referenceName="Diversen - Type"/><CSItem code="PLMITM0776FX006" rank="4" referenceName="Extra onderdeel/accessoire meegeleverd - Ingebouwde LED"/><CSItem code="PLMITM030004" rank="4" referenceName="Afmetingen en gewicht van product - Lengte"/><CSItem code="PLMITM060004" rank="4" referenceName="Afmetingen en gewicht inclusief verpakking - Gewicht"/><CSItem code="PLMITM0776FX031" rank="5" referenceName="Extra onderdeel/accessoire meegeleverd - Volledig weerbestendig"/><CSItem code="PLMITM030005" rank="5" referenceName="Afmetingen en gewicht van product - Breedte"/><CSItem code="PLMITM040005" rank="5" referenceName="Technische specificaties - Vermogen meegeleverde lamp"/><CSItem code="PLMITM0776FX043" rank="6" referenceName="Extra onderdeel/accessoire meegeleverd - Hoogwaardige, duurzame materialen"/><CSItem code="PLMITM030006" rank="6" referenceName="Afmetingen en gewicht van product - Nettogewicht"/><CSItem code="PLMITM030007" rank="7" referenceName="Afmetingen en gewicht van product - Diepte uitsparing"/><CSItem code="PLMITM040007" rank="7" referenceName="Technische specificaties - Kleurtemperatuur"/><CSItem code="PLMITM030008" rank="8" referenceName="Afmetingen en gewicht van product - Lengte uitsparing"/><CSItem code="PLMITM030009" rank="9" referenceName="Afmetingen en gewicht van product - Diameter uitsparing"/><CSItem code="PLMITM0400011" rank="11" referenceName="Technische specificaties - Totaal lumen armatuur"/><CSItem code="PLMITM0400013" rank="13" referenceName="Technische specificaties - Dimbaar armatuur"/><CSItem code="PLMITM0400014" rank="14" referenceName="Technische specificaties - LED"/><CSItem code="PLMITM0400018" rank="18" referenceName="Technische specificaties - Levensduur tot"/><CSItem code="PLMITM040026" rank="26" referenceName="Technische specificaties - IP-classificatie"/><CSItem code="PLMITM040027" rank="27" referenceName="Technische specificaties - Beschermingsklasse"/><CSItem code="PLMITM0400051" rank="51" referenceName="Technische specificaties - Lichtbron equivalent aan traditionele lamp van"/></CSItems></Purpose></Filters><FeatureCompareGroups/><Disclaimers/><RichTexts/></Product></Products>