<?xml version="1.0" encoding="UTF-8"?><Products xmlns:source="http://apache.org/cocoon/source/1.0" DocStatus="approved" DocTimeStamp="2018-10-20T07:18:48"><Product Country="NL" IsAccessory="false" IsMaster="false" Locale="nl_NL" lastModified="2018-10-17T04:37:35" masterLastModified="2018-08-28T00:34:13"><CTN>19B4QCS5/00</CTN><Code12NC>867000139779</Code12NC><GTIN>8712581741242</GTIN><MarketingVersion>1.0.1</MarketingVersion><MarketingStatus>Final Published</MarketingStatus><CRDate>2016-08-05</CRDate><CRDateYW>201632</CRDateYW><ModelYears><ModelYear>2016</ModelYear><ModelYear>2017</ModelYear></ModelYears><ProductDivision><ProductDivisionCode>0200</ProductDivisionCode><ProductDivisionName>Consumer Lifestyle</ProductDivisionName><FormerPDCode>3400</FormerPDCode></ProductDivision><ProductOwner>HO CATHERINE</ProductOwner><DTN>19B4QCS5/00</DTN><Catalog><StartOfPublication>2016-09-05T00:00:00</StartOfPublication><EndOfPublication>2022-12-05T00:00:00</EndOfPublication><StartOfSales>2016-09-05T00:00:00</StartOfSales><EndOfSales>2022-12-05T00:00:00</EndOfSales><DummyPrice/><Deleted>false</Deleted><DeleteAfterDate/><ProductRank>50</ProductRank></Catalog><FinancialCategorization><BusinessGroupCode>6918</BusinessGroupCode><BusinessGroupName>TV</BusinessGroupName><BusinessUnitCode>0655</BusinessUnitCode><BusinessUnitName>Monitors</BusinessUnitName><MainArticleGroupCode>J89</MainArticleGroupCode><MainArticleGroupName>Monitors</MainArticleGroupName><ArticleGroupCode>3789</ArticleGroupCode><ArticleGroupName>Monitors global</ArticleGroupName></FinancialCategorization><Categorization type="CONSUMER"><GroupCode>SOUND_AND_VISION_GR</GroupCode><GroupName>Sound &amp; vision</GroupName><CategoryCode>SV_MONITORS_CA</CategoryCode><CategoryName>Monitors</CategoryName><SubcategoryCode>SV_OTHERS_SU</SubcategoryCode><SubcategoryName>Others</SubcategoryName></Categorization><Assets><Asset code="19B4QCS5_00" description="User manual" extension="pdf" lastModified="2016-08-03" locale="nl_NL" number="001" type="DFU">http://download.p4c.philips.com/files/1/19b4qcs5_00/19b4qcs5_00_dfu_nld.pdf</Asset><Asset code="19B4QCS5_00" description="Leaflet" extension="pdf" lastModified="2018-09-06" locale="nl_NL" number="001" type="PSS">http://download.p4c.philips.com/files/1/19b4qcs5_00/19b4qcs5_00_pss_nldnl.pdf</Asset><Asset code="19B4QCS5_00" description="Retail Trade Leaflet" extension="pdf" lastModified="2018-10-16" locale="nl_NL" number="001" type="RTL">http://download.p4c.philips.com/files/1/19b4qcs5_00/19b4qcs5_00_rtl_nldnl.pdf</Asset><Asset code="19B4QCS5_00" description="Front product photograph - highres 2196x1795" extension="tif" lastModified="2016-07-05" locale="global" number="001" type="_FP">http://images.philips.com/is/image/PhilipsConsumer/19B4QCS5_00-_FP-global-001</Asset><Asset code="19B4QCS5_00" description="Alternative product photograph - highres 2196x1795" extension="tif" lastModified="2016-07-05" locale="global" number="001" type="APP">http://images.philips.com/is/image/PhilipsConsumer/19B4QCS5_00-APP-global-001</Asset><Asset code="19B4QCS5_00" description="Leaflet" extension="pdf" lastModified="2018-08-29" locale="global" number="001" type="PSS">http://download.p4c.philips.com/files/1/19b4qcs5_00/19b4qcs5_00_pss_.pdf</Asset><Asset code="19B4QCS5_00" description="Standard product photograph - highres 2196x1795" extension="tif" lastModified="2016-07-05" locale="global" number="001" type="RTP">http://images.philips.com/is/image/PhilipsConsumer/19B4QCS5_00-RTP-global-001</Asset><Asset code="19B4QCS5_00" description="Single product shot" extension="" lastModified="2018-10-17" locale="nl_NL" number="" type="IMS">http://images.philips.com/is/image/PhilipsConsumer/19B4QCS5_00-IMS-nl_NL</Asset><Asset code="19B4QCS5_00" description="Product gallery image set" extension="" lastModified="2018-10-17" locale="nl_NL" number="" type="GAL">http://images.philips.com/is/image/PhilipsConsumer/19B4QCS5_00-GAL-nl_NL</Asset><Asset code="19B4QCS5_00" description="Product URL" extension="" lastModified="2018-10-17" locale="nl_NL" number="" type="URL">http://www.philips.nl/c-p/19B4QCS5_00/brilliance-lcd-monitor-met-smartimage</Asset><Asset code="F300004082" description="Feature logo - highres 331x213" extension="tif" lastModified="2017-11-15" locale="global" number="001" type="FLP">http://images.philips.com/is/image/PhilipsConsumer/F300004082-FLP-global-001</Asset><Asset code="F300009903" description="Feature logo - highres 331x213" extension="tif" lastModified="2015-08-25" locale="global" number="001" type="FLP">http://images.philips.com/is/image/PhilipsConsumer/F300009903-FLP-global-001</Asset><Asset code="F300015189" description="Feature photograph - highres 2100x1170" extension="tif" lastModified="2009-08-08" locale="global" number="001" type="FIL">http://images.philips.com/is/image/PhilipsConsumer/F300015189-FIL-global-001</Asset><Asset code="F300015189" description="Feature logo - highres 331x213" extension="tif" lastModified="2015-08-03" locale="global" number="001" type="FLP">http://images.philips.com/is/image/PhilipsConsumer/F300015189-FLP-global-001</Asset><Asset code="F400018029" description="Feature logo - highres 331x213" extension="tif" lastModified="2011-08-15" locale="global" number="001" type="FLP">http://images.philips.com/is/image/PhilipsConsumer/F400018029-FLP-global-001</Asset><Asset code="F400018646" description="Feature logo - highres 331x213" extension="tif" lastModified="2009-08-05" locale="global" number="001" type="FLP">http://images.philips.com/is/image/PhilipsConsumer/F400018646-FLP-global-001</Asset><Asset code="F400020191" description="Feature logo - highres 331x213" extension="tif" lastModified="2010-01-20" locale="global" number="001" type="FLP">http://images.philips.com/is/image/PhilipsConsumer/F400020191-FLP-global-001</Asset><Asset code="F400023546" description="Feature photograph - highres 2100x1170" extension="tif" lastModified="2011-04-21" locale="global" number="001" type="FIL">http://images.philips.com/is/image/PhilipsConsumer/F400023546-FIL-global-001</Asset><Asset code="F400023546" description="Feature logo - highres 331x213" extension="tif" lastModified="2011-11-25" locale="global" number="001" type="FLP">http://images.philips.com/is/image/PhilipsConsumer/F400023546-FLP-global-001</Asset><Asset code="F400035281" description="Feature logo - highres 331x213" extension="tif" lastModified="2016-07-20" locale="global" number="001" type="FLP">http://images.philips.com/is/image/PhilipsConsumer/F400035281-FLP-global-001</Asset><Asset code="F400035282" description="Feature photograph - highres 2100x1170" extension="tif" lastModified="2014-03-06" locale="global" number="001" type="FIL">http://images.philips.com/is/image/PhilipsConsumer/F400035282-FIL-global-001</Asset><Asset code="F400035289" description="Feature photograph - highres 2100x1170" extension="tif" lastModified="2017-10-31" locale="global" number="001" type="FIL">http://images.philips.com/is/image/PhilipsConsumer/F400035289-FIL-global-001</Asset><Asset code="F400035289" description="Feature logo - highres 331x213" extension="tif" lastModified="2017-11-15" locale="global" number="001" type="FLP">http://images.philips.com/is/image/PhilipsConsumer/F400035289-FLP-global-001</Asset><Asset code="F400035325" description="Feature photograph - highres 2100x1170" extension="tif" lastModified="2015-05-14" locale="global" number="001" type="FIL">http://images.philips.com/is/image/PhilipsConsumer/F400035325-FIL-global-001</Asset><Asset code="F400035325" description="Feature logo - highres 331x213" extension="tif" lastModified="2015-08-24" locale="global" number="001" type="FLP">http://images.philips.com/is/image/PhilipsConsumer/F400035325-FLP-global-001</Asset><Asset code="F400045216" description="Feature photograph - highres 2100x1170" extension="tif" lastModified="2017-10-31" locale="global" number="001" type="FIL">http://images.philips.com/is/image/PhilipsConsumer/F400045216-FIL-global-001</Asset><Asset code="F400045216" description="Feature logo - highres 331x213" extension="tif" lastModified="2017-11-15" locale="global" number="001" type="FLP">http://images.philips.com/is/image/PhilipsConsumer/F400045216-FLP-global-001</Asset><Asset code="F400066642" description="Feature photograph - highres 2100x1170" extension="tif" lastModified="2017-10-31" locale="global" number="001" type="FIL">http://images.philips.com/is/image/PhilipsConsumer/F400066642-FIL-global-001</Asset><Asset code="F400066642" description="Feature logo - highres 331x213" extension="tif" lastModified="2015-08-24" locale="global" number="001" type="FLP">http://images.philips.com/is/image/PhilipsConsumer/F400066642-FLP-global-001</Asset><Asset code="F400067665" description="Feature photograph - highres 2100x1170" extension="tif" lastModified="2017-10-31" locale="global" number="001" type="FIL">http://images.philips.com/is/image/PhilipsConsumer/F400067665-FIL-global-001</Asset><Asset code="F400067665" description="Feature logo - highres 331x213" extension="tif" lastModified="2017-11-15" locale="global" number="001" type="FLP">http://images.philips.com/is/image/PhilipsConsumer/F400067665-FLP-global-001</Asset><Asset code="PHI" description="Brand logo - highres 1476x886" extension="tif" lastModified="2016-02-18" locale="global" number="001" type="BRP">http://images.philips.com/is/image/PhilipsConsumer/PHI-BRP-global-001</Asset><Asset code="SB30000063" description="Concept logo - lowres 198x198" extension="jpg" lastModified="2009-08-05" locale="global" number="001" type="CLL">http://images.philips.com/is/image/PhilipsConsumer/SB30000063-CLL-global-001</Asset></Assets><ProductName>B Line LCD-monitor van 48,3 cm (19") met SmartImage</ProductName><FullProductName>Philips Brilliance LCD-monitor met SmartImage 19B4QCS5 B Line 48,3 cm (19"), 1280 x 1024</FullProductName><NamingString><MasterBrand><BrandCode>PHI</BrandCode><BrandName>Philips</BrandName></MasterBrand><BrandString>Philips</BrandString><Concept><ConceptCode>SB30000063</ConceptCode><ConceptName>Brilliance</ConceptName><ConceptNameUsed>1</ConceptNameUsed></Concept><Descriptor><DescriptorCode>D4007714</DescriptorCode><DescriptorName>LCD-monitor met SmartImage</DescriptorName></Descriptor><Alphanumeric>19B4QCS5</Alphanumeric><VersionElement1><VersionElementCode>V4013438</VersionElementCode><VersionElementName>B Line</VersionElementName></VersionElement1><VersionElement2><VersionElementCode>V4015443</VersionElementCode><VersionElementName>48,3 cm (19")</VersionElementName></VersionElement2><VersionElement3><VersionElementCode>V4017683</VersionElementCode><VersionElementName>1280 x 1024</VersionElementName></VersionElement3><VersionString>B Line 48,3 cm (19"), 1280 x 1024</VersionString><BrandedFeatureString/><DescriptorBrandedFeatureString>LCD-monitor met SmartImage</DescriptorBrandedFeatureString></NamingString><WOW>Duurzame productiviteit</WOW><SubWOW>dankzij een energiezuinig en ergonomisch LED-display</SubWOW><MarketingTextHeader>De Philips LED-monitor bestaat voor 85% uit gerecycled materiaal en de PVC/BFR-vrije behuizing staat garant voor milieuvriendelijke productiviteit</MarketingTextHeader><KeyBenefitArea><KeyBenefitAreaCode>K4015194</KeyBenefitAreaCode><KeyBenefitAreaName>Duurzaam eco-ontwerp</KeyBenefitAreaName><KeyBenefitAreaRank>1</KeyBenefitAreaRank><Feature><FeatureCode>F400020191</FeatureCode><FeatureReferenceName>MMD: SmartPower 50%</FeatureReferenceName><FeatureName>SmartPower</FeatureName><FeatureLongDescription>SmartPower: tot wel 50% energiebesparing</FeatureLongDescription><FeatureGlossary>SmartPower is een intelligente technologie die op dynamische wijze de inhoud van uw scherm analyseert om zo energie te besparen. De intensiteit van de achtergrondverlichting kan automatisch worden gestuurd en vooraf worden ingesteld door het systeem. Hierdoor wordt het energieverbruik met wel 50% verlaagd, zodat u aanzienlijk op energiekosten bespaart.</FeatureGlossary><FeatureRank>2</FeatureRank><FeatureTopRank>8</FeatureTopRank></Feature><Feature><FeatureCode>F400018029</FeatureCode><FeatureReferenceName>EPEAT Gold</FeatureReferenceName><FeatureName>EPEAT Gold</FeatureName><FeatureLongDescription>EPEAT Gold verzekert de kleinst mogelijke impact op het milieu</FeatureLongDescription><FeatureGlossary>Philips-monitoren met EPEAT GOLD-certificering staan garant voor een optimale bescherming van gezondheid en milieu. Daarnaast zijn ze uiterst energiezuinig en bieden ze een lage emissie van klimaatveranderende broeikasgassen. Het EPEAT-programma helpt kopers bij het beoordelen, vergelijken en uitkiezen van monitoren op basis van 51 milieufactoren die zijn ontwikkeld in samenwerking met het Amerikaanse Environmental Protection Agency. De GOLD-certificering betekent dat ten minste 30% van het gebruikte plastic afkomstig is van gerecycled materiaal, zodat er bij de productie minder giftig en gevaarlijk materiaal wordt gebruikt. EPEAT Gold is alleen geldig waar Philips het product registreert. Ga naar www.epeat.net voor informatie over de registratiestatus in uw land.</FeatureGlossary><FeatureRank>1</FeatureRank><FeatureTopRank>9</FeatureTopRank></Feature><Feature><FeatureCode>F400035272</FeatureCode><FeatureReferenceName>100% Recyclable packaging</FeatureReferenceName><FeatureName>Duurzaamheid</FeatureName><FeatureLongDescription>100% recyclebare verpakking</FeatureLongDescription><FeatureGlossary>"Philips gebruikt duurzame, milieuvriendelijke materialen bij de monitorenserie. Alle plastic behuizingen, metalen chassisonderdelen en verpakkingsmaterialen zijn gemaakt van 100% recyclebaar materiaal. Voor bepaalde modellen is ten minste 65% gerecycled plastic gebruikt waardoor de hoeveelheid afval wordt beperkt. Dankzij een strenge naleving van de RoHS-normen worden giftige stoffen, zoals lood en kwik, aanzienlijk verminderd of verwijderd. De behuizing is gemaakt van PVC-/BFR-vrij materiaal. Ga voor meer informatie naar de Philips-website http://www.asimpleswitch.com/global/.</FeatureGlossary><FeatureRank>3</FeatureRank><FeatureTopRank>10</FeatureTopRank></Feature><Feature><FeatureCode>F400035269</FeatureCode><FeatureReferenceName>PVC-BFR free housing</FeatureReferenceName><FeatureName>PVC/BFR-vrije behuizing</FeatureName><FeatureLongDescription>PVC/BFR-vrije behuizing</FeatureLongDescription><FeatureGlossary>Deze monitorbehuizing van Philips is vrij van gebromeerde vlamvertragers en polyvinylchloride (PVC/BFR-vrij)</FeatureGlossary><FeatureRank>4</FeatureRank><FeatureTopRank>11</FeatureTopRank></Feature></KeyBenefitArea><KeyBenefitArea><KeyBenefitAreaCode>K4015202</KeyBenefitAreaCode><KeyBenefitAreaName>Uitstekende prestaties</KeyBenefitAreaName><KeyBenefitAreaRank>2</KeyBenefitAreaRank><Feature><FeatureCode>F400066642</FeatureCode><FeatureReferenceName>IPS technology (with Pivot)</FeatureReferenceName><FeatureName>IPS-technologie</FeatureName><FeatureLongDescription>IPS-technologie voor volle kleuren en een brede kijkhoek</FeatureLongDescription><FeatureGlossary>IPS-schermen maken gebruik van een geavanceerde technologie waardoor u kunt genieten van een extra brede kijkhoek van 178/178 graden. Hierdoor kunt u het scherm vanuit bijna elke hoek zien, zelfs in een draaimodus van 90 graden! De IPS-schermen bieden, in tegenstelling tot de normale TN-panelen, scherpe beelden met levendige kleuren. Niet alleen ideaal voor het bekijken van foto's, het afspelen van films en het surfen op internet, maar ook voor professionele toepassingen waarbij kleurnauwkeurigheid en constante helderheid zeer belangrijk is.</FeatureGlossary><FeatureRank>1</FeatureRank><FeatureTopRank>1</FeatureTopRank></Feature><Feature><FeatureCode>F400067665</FeatureCode><FeatureReferenceName>Flicker-free technology</FeatureReferenceName><FeatureName>Trillingsvrije technologie</FeatureName><FeatureLongDescription>Minder vermoeide ogen met trillingsvrije technologie</FeatureLongDescription><FeatureGlossary>Door de manier waarop de helderheid wordt aangestuurd op schermen met LED-achtergrondverlichting ervaren sommige gebruikers trillingen op het scherm die vermoeide ogen veroorzaken. Trillingsvrije technologie van Philips biedt een nieuwe oplossing voor het reguleren van de helderheid en het verminderen van trillingen voor meer kijkplezier.</FeatureGlossary><FeatureRank>2</FeatureRank><FeatureTopRank>2</FeatureTopRank></Feature><Feature><FeatureCode>F400035289</FeatureCode><FeatureReferenceName>M4 SmartImage</FeatureReferenceName><FeatureName>SmartImage</FeatureName><FeatureLongDescription>SmartImage-presets voor eenvoudig optimaliseren van beeldinstellingen</FeatureLongDescription><FeatureGlossary>SmartImage is een exclusieve, geavanceerde technologie van Philips die de inhoud van uw scherm analyseert voor optimale beeldprestaties. In de gebruiksvriendelijke interface kunt u verschillende modi selecteren, zoals Kantoor, Foto, Film, Game, Economisch enz., zodat de weergave altijd optimaal is afgestemd op de toepassing die u gebruikt. Afhankelijk van uw keuze optimaliseert SmartImage op dynamische wijze het contrast, de kleurverzadiging en de scherpte van afbeeldingen en video's voor optimale weergaveprestaties; de modus Economisch biedt opzienbarende energiebesparingen. En dat alles in realtime en met één druk op de knop!</FeatureGlossary><FeatureRank>3</FeatureRank><FeatureTopRank>3</FeatureTopRank></Feature><Feature><FeatureCode>F400023546</FeatureCode><FeatureReferenceName>SmartContrast ratio 20000000:1</FeatureReferenceName><FeatureName>SmartContrast-verhouding 20.000.000:1</FeatureName><FeatureLongDescription>SmartContrast 20.000.000:1 voor verbluffende, rijke details in het zwart</FeatureLongDescription><FeatureGlossary>Wilt u een plat LCD-scherm met het hoogste contrast en de levendigste beelden? De combinatie van geavanceerde digitale videoverwerking van Philips en de unieke technologie voor het dimmen en verbeteren van de achtergrondverlichting, zorgt voor levendige beelden. SmartContrast verhoogt het contrast met een uitstekend zwartniveau en een nauwkeurige weergave van donkere schaduwen en kleuren. Zo ontstaat een helder, levensecht beeld met een hoog contrast en levendige kleuren.</FeatureGlossary><FeatureRank>4</FeatureRank><FeatureTopRank>4</FeatureTopRank></Feature><Feature><FeatureCode>F400035281</FeatureCode><FeatureReferenceName>Built-in stereo speakers for multimedia</FeatureReferenceName><FeatureName>Ingebouwde stereoluidsprekers</FeatureName><FeatureLongDescription>Ingebouwde stereoluidsprekers voor multimedia</FeatureLongDescription><FeatureGlossary>Er zijn twee stereoluidsprekers van hoge kwaliteit geïntegreerd in het beeldscherm. Deze kunnen in het zicht naar voren of uit het zicht omlaag, omhoog, naar achteren, enz. gericht zijn, afhankelijk van het model en het ontwerp.</FeatureGlossary><FeatureRank>5</FeatureRank><FeatureTopRank>5</FeatureTopRank></Feature></KeyBenefitArea><KeyBenefitArea><KeyBenefitAreaCode>K4015204</KeyBenefitAreaCode><KeyBenefitAreaName>Ontwikkeld voor de gebruiker</KeyBenefitAreaName><KeyBenefitAreaRank>3</KeyBenefitAreaRank><Feature><FeatureCode>F400035282</FeatureCode><FeatureReferenceName>Low bezel-to-table height</FeatureReferenceName><FeatureName>Laag instelbare monitor</FeatureName><FeatureLongDescription>Laag instelbare monitor voor maximaal leescomfort</FeatureLongDescription><FeatureGlossary>De Philips-monitor kan dankzij de geavanceerde SmartErgoBase bijna tot bureauniveau worden verlaagd voor een comfortabele kijkhoek. Dit is ideaal als u een bril met bifocale, trifocale of progressieve lenzen draagt bij werkzaamheden op de computer. Bovendien kunnen gebruikers van verschillende lengten de hoek en hoogte van de monitor naar wens instellen, voor minder vermoeidheid en een betere ergonomie.</FeatureGlossary><FeatureRank>2</FeatureRank><FeatureTopRank>6</FeatureTopRank></Feature><Feature><FeatureCode>F400035325</FeatureCode><FeatureReferenceName>SmartErgoBase</FeatureReferenceName><FeatureName>SmartErgoBase</FeatureName><FeatureLongDescription>SmartErgoBase maakt gebruiksvriendelijke, ergonomische aanpassingen mogelijk</FeatureLongDescription><FeatureGlossary>De SmartErgoBase-monitorvoet biedt ergonomisch kijkcomfort en kabelbeheer. De gebruiksvriendelijke voet is in hoogte en hoek verstelbaar en heeft een kantel- en zwenkfunctie voor maximaal comfort, om de fysieke ongemakken van een lange werkdag te verminderen. Het kabelbeheersysteem voorkomt dat kabels in de knoop raken, zodat uw werkplek er netjes en professioneel uitziet.</FeatureGlossary><FeatureRank>1</FeatureRank><FeatureTopRank>7</FeatureTopRank></Feature></KeyBenefitArea><FeatureLogo><FeatureCode>F400045216</FeatureCode><FeatureReferenceName>IPS technology_Carina 2 (none Pivot)</FeatureReferenceName><FeatureLogoRank>4</FeatureLogoRank></FeatureLogo><FeatureLogo><FeatureCode>F400067665</FeatureCode><FeatureReferenceName>Flicker-free technology</FeatureReferenceName><FeatureLogoRank>5</FeatureLogoRank></FeatureLogo><FeatureLogo><FeatureCode>F300015189</FeatureCode><FeatureReferenceName>SmartImage</FeatureReferenceName><FeatureLogoRank>6</FeatureLogoRank></FeatureLogo><FeatureLogo><FeatureCode>F400023546</FeatureCode><FeatureReferenceName>SmartContrast ratio 20000000:1</FeatureReferenceName><FeatureLogoRank>7</FeatureLogoRank></FeatureLogo><FeatureLogo><FeatureCode>F300004082</FeatureCode><FeatureReferenceName>Built-in speakers (business)</FeatureReferenceName><FeatureLogoRank>8</FeatureLogoRank></FeatureLogo><FeatureLogo><FeatureCode>F300009903</FeatureCode><FeatureReferenceName>Super Ergo Base</FeatureReferenceName><FeatureLogoRank>9</FeatureLogoRank></FeatureLogo><FeatureLogo><FeatureCode>F400020191</FeatureCode><FeatureReferenceName>MMD: SmartPower 50%</FeatureReferenceName><FeatureLogoRank>10</FeatureLogoRank></FeatureLogo><FeatureLogo><FeatureCode>F400018029</FeatureCode><FeatureReferenceName>EPEAT Gold</FeatureReferenceName><FeatureLogoRank>11</FeatureLogoRank></FeatureLogo><FeatureLogo><FeatureCode>F400018646</FeatureCode><FeatureReferenceName>TCO 5.0 compliance</FeatureReferenceName><FeatureLogoRank>12</FeatureLogoRank></FeatureLogo><FeatureImage><FeatureCode>F400066642</FeatureCode><FeatureReferenceName>IPS technology (with Pivot)</FeatureReferenceName><FeatureImageRank>1</FeatureImageRank></FeatureImage><FeatureImage><FeatureCode>F400067665</FeatureCode><FeatureReferenceName>Flicker-free technology</FeatureReferenceName><FeatureImageRank>2</FeatureImageRank></FeatureImage><FeatureImage><FeatureCode>F400035289</FeatureCode><FeatureReferenceName>M4 SmartImage</FeatureReferenceName><FeatureImageRank>3</FeatureImageRank></FeatureImage><FeatureImage><FeatureCode>F400023546</FeatureCode><FeatureReferenceName>SmartContrast ratio 20000000:1</FeatureReferenceName><FeatureImageRank>4</FeatureImageRank></FeatureImage><FeatureImage><FeatureCode>F400035281</FeatureCode><FeatureReferenceName>Built-in stereo speakers for multimedia</FeatureReferenceName><FeatureImageRank>5</FeatureImageRank></FeatureImage><FeatureImage><FeatureCode>F400035282</FeatureCode><FeatureReferenceName>Low bezel-to-table height</FeatureReferenceName><FeatureImageRank>6</FeatureImageRank></FeatureImage><FeatureImage><FeatureCode>F400035325</FeatureCode><FeatureReferenceName>SmartErgoBase</FeatureReferenceName><FeatureImageRank>7</FeatureImageRank></FeatureImage><FeatureImage><FeatureCode>F400020191</FeatureCode><FeatureReferenceName>MMD: SmartPower 50%</FeatureReferenceName><FeatureImageRank>8</FeatureImageRank></FeatureImage><FeatureImage><FeatureCode>F400018029</FeatureCode><FeatureReferenceName>EPEAT Gold</FeatureReferenceName><FeatureImageRank>9</FeatureImageRank></FeatureImage><FeatureImage><FeatureCode>F400035272</FeatureCode><FeatureReferenceName>100% Recyclable packaging</FeatureReferenceName><FeatureImageRank>10</FeatureImageRank></FeatureImage><FeatureImage><FeatureCode>F400035269</FeatureCode><FeatureReferenceName>PVC-BFR free housing</FeatureReferenceName><FeatureImageRank>11</FeatureImageRank></FeatureImage><FeatureHighlight><FeatureCode>F400066642</FeatureCode><FeatureReferenceName>IPS technology (with Pivot)</FeatureReferenceName><FeatureHighlightRank>1</FeatureHighlightRank></FeatureHighlight><FeatureHighlight><FeatureCode>F400067665</FeatureCode><FeatureReferenceName>Flicker-free technology</FeatureReferenceName><FeatureHighlightRank>2</FeatureHighlightRank></FeatureHighlight><FeatureHighlight><FeatureCode>F400035289</FeatureCode><FeatureReferenceName>M4 SmartImage</FeatureReferenceName><FeatureHighlightRank>3</FeatureHighlightRank></FeatureHighlight><FeatureHighlight><FeatureCode>F400023546</FeatureCode><FeatureReferenceName>SmartContrast ratio 20000000:1</FeatureReferenceName><FeatureHighlightRank>4</FeatureHighlightRank></FeatureHighlight><FeatureHighlight><FeatureCode>F400035281</FeatureCode><FeatureReferenceName>Built-in stereo speakers for multimedia</FeatureReferenceName><FeatureHighlightRank>5</FeatureHighlightRank></FeatureHighlight><FeatureHighlight><FeatureCode>F400035282</FeatureCode><FeatureReferenceName>Low bezel-to-table height</FeatureReferenceName><FeatureHighlightRank>6</FeatureHighlightRank></FeatureHighlight><FeatureHighlight><FeatureCode>F400035325</FeatureCode><FeatureReferenceName>SmartErgoBase</FeatureReferenceName><FeatureHighlightRank>7</FeatureHighlightRank></FeatureHighlight><FeatureHighlight><FeatureCode>F400020191</FeatureCode><FeatureReferenceName>MMD: SmartPower 50%</FeatureReferenceName><FeatureHighlightRank>8</FeatureHighlightRank></FeatureHighlight><FeatureHighlight><FeatureCode>F400018029</FeatureCode><FeatureReferenceName>EPEAT Gold</FeatureReferenceName><FeatureHighlightRank>9</FeatureHighlightRank></FeatureHighlight><FeatureHighlight><FeatureCode>F400035272</FeatureCode><FeatureReferenceName>100% Recyclable packaging</FeatureReferenceName><FeatureHighlightRank>10</FeatureHighlightRank></FeatureHighlight><FeatureHighlight><FeatureCode>F400035269</FeatureCode><FeatureReferenceName>PVC-BFR free housing</FeatureReferenceName><FeatureHighlightRank>11</FeatureHighlightRank></FeatureHighlight><CSChapter><CSChapterCode>3000796</CSChapterCode><CSChapterName>Beeld/scherm</CSChapterName><CSChapterRank>1</CSChapterRank><CSItem><CSItemCode>3006169</CSItemCode><CSItemName>Type LCD-scherm</CSItemName><CSItemRank>1</CSItemRank><CSItemIsFreeFormat>0</CSItemIsFreeFormat><CSValue><CSValueCode>VA4095423</CSValueCode><CSValueName>IPS-technologie</CSValueName><CSValueRank>1</CSValueRank></CSValue></CSItem><CSItem><CSItemCode>IT4007209</CSItemCode><CSItemName>Type achtergrondverlichting</CSItemName><CSItemRank>2</CSItemRank><CSItemIsFreeFormat>1</CSItemIsFreeFormat><CSValue><CSValueCode>VA4018797</CSValueCode><CSValueName>W-LED-systeem</CSValueName><CSValueRank>1</CSValueRank></CSValue></CSItem><CSItem><CSItemCode>3006180</CSItemCode><CSItemName>Schermgrootte</CSItemName><CSItemRank>3</CSItemRank><CSItemIsFreeFormat>1</CSItemIsFreeFormat><CSValue><CSValueCode>3031218</CSValueCode><CSValueName>48,3 cm (19")</CSValueName><CSValueRank>1</CSValueRank></CSValue></CSItem><CSItem><CSItemCode>3006149</CSItemCode><CSItemName>Effectief weergavegebied</CSItemName><CSItemRank>4</CSItemRank><CSItemIsFreeFormat>1</CSItemIsFreeFormat><CSValue><CSValueCode>3031161</CSValueCode><CSValueName>374,78 x 299,83 (h x v)</CSValueName><CSValueRank>1</CSValueRank></CSValue></CSItem><CSItem><CSItemCode>3006121</CSItemCode><CSItemName>Beeldformaat</CSItemName><CSItemRank>5</CSItemRank><CSItemIsFreeFormat>0</CSItemIsFreeFormat><CSValue><CSValueCode>VA4017229</CSValueCode><CSValueName>5:4</CSValueName><CSValueRank>1</CSValueRank></CSValue></CSItem><CSItem><CSItemCode>3006193</CSItemCode><CSItemName>Optimale resolutie</CSItemName><CSItemRank>6</CSItemRank><CSItemIsFreeFormat>1</CSItemIsFreeFormat><CSValue><CSValueCode>3031277</CSValueCode><CSValueName>1280 x 1024 bij 60 Hz</CSValueName><CSValueRank>1</CSValueRank></CSValue></CSItem><CSItem><CSItemCode>IT4039893</CSItemCode><CSItemName>Responstijd (normaal)</CSItemName><CSItemRank>7</CSItemRank><CSItemIsFreeFormat>1</CSItemIsFreeFormat><CSValue><CSValueCode>VA4093235</CSValueCode><CSValueName>5 ms (grijs naar grijs)*</CSValueName><CSValueRank>1</CSValueRank></CSValue></CSItem><CSItem><CSItemCode>3006127</CSItemCode><CSItemName>Helderheid</CSItemName><CSItemRank>8</CSItemRank><CSItemIsFreeFormat>1</CSItemIsFreeFormat><CSValue><CSValueCode>3031110</CSValueCode><CSValueName>250</CSValueName><CSValueRank>1</CSValueRank></CSValue><UnitOfMeasure><UnitOfMeasureCode>3000038</UnitOfMeasureCode><UnitOfMeasureName>candela per vierkante meter</UnitOfMeasureName><UnitOfMeasureSymbol>cd/m²</UnitOfMeasureSymbol></UnitOfMeasure></CSItem><CSItem><CSItemCode>3006133</CSItemCode><CSItemName>Contrastverhouding (normaal)</CSItemName><CSItemRank>9</CSItemRank><CSItemIsFreeFormat>1</CSItemIsFreeFormat><CSValue><CSValueCode>3031116</CSValueCode><CSValueName>1000:1</CSValueName><CSValueRank>1</CSValueRank></CSValue></CSItem><CSItem><CSItemCode>IT4006148</CSItemCode><CSItemName>SmartContrast</CSItemName><CSItemRank>10</CSItemRank><CSItemIsFreeFormat>1</CSItemIsFreeFormat><CSValue><CSValueCode>VA4017351</CSValueCode><CSValueName>20.000.000:1</CSValueName><CSValueRank>1</CSValueRank></CSValue></CSItem><CSItem><CSItemCode>3006186</CSItemCode><CSItemName>Pixelpitch</CSItemName><CSItemRank>11</CSItemRank><CSItemIsFreeFormat>1</CSItemIsFreeFormat><CSValue><CSValueCode>3031270</CSValueCode><CSValueName>0,2928 x 0,2928 mm</CSValueName><CSValueRank>1</CSValueRank></CSValue></CSItem><CSItem><CSItemCode>3007518</CSItemCode><CSItemName>Kijkhoek</CSItemName><CSItemRank>12</CSItemRank><CSItemIsFreeFormat>0</CSItemIsFreeFormat><CSValue><CSValueCode>VA4002901</CSValueCode><CSValueName>178º (H)/178º (V)</CSValueName><CSValueRank>1</CSValueRank></CSValue><CSValue><CSValueCode>3035028</CSValueCode><CSValueName>bij C/R &gt; 10</CSValueName><CSValueRank>2</CSValueRank></CSValue></CSItem><CSItem><CSItemCode>IT4036934</CSItemCode><CSItemName>Trillingsvrij</CSItemName><CSItemRank>13</CSItemRank><CSItemIsFreeFormat>1</CSItemIsFreeFormat><CSValue><CSValueCode>VA4085801</CSValueCode><CSValueName>Ja</CSValueName><CSValueRank>1</CSValueRank></CSValue></CSItem><CSItem><CSItemCode>3006183</CSItemCode><CSItemName>Beeldverbetering</CSItemName><CSItemRank>14</CSItemRank><CSItemIsFreeFormat>0</CSItemIsFreeFormat><CSValue><CSValueCode>3049169</CSValueCode><CSValueName>SmartImage</CSValueName><CSValueRank>1</CSValueRank></CSValue></CSItem><CSItem><CSItemCode>3006143</CSItemCode><CSItemName>Schermkleuren</CSItemName><CSItemRank>15</CSItemRank><CSItemIsFreeFormat>1</CSItemIsFreeFormat><CSValue><CSValueCode>3031126</CSValueCode><CSValueName>16,7 M</CSValueName><CSValueRank>1</CSValueRank></CSValue></CSItem><CSItem><CSItemCode>IT4006149</CSItemCode><CSItemName>Scanfrequentie</CSItemName><CSItemRank>16</CSItemRank><CSItemIsFreeFormat>1</CSItemIsFreeFormat><CSValue><CSValueCode>VA4017352</CSValueCode><CSValueName>30 - 83 kHz (H)/56 - 76 Hz (V)</CSValueName><CSValueRank>1</CSValueRank></CSValue></CSItem><CSItem><CSItemCode>3006207</CSItemCode><CSItemName>sRGB</CSItemName><CSItemRank>17</CSItemRank><CSItemIsFreeFormat>1</CSItemIsFreeFormat><CSValue><CSValueCode>3031306</CSValueCode><CSValueName>Ja</CSValueName><CSValueRank>1</CSValueRank></CSValue></CSItem></CSChapter><CSChapter><CSChapterCode>3000813</CSChapterCode><CSChapterName>Connectiviteit</CSChapterName><CSChapterRank>2</CSChapterRank><CSItem><CSItemCode>3006576</CSItemCode><CSItemName>Signaalinvoer</CSItemName><CSItemRank>1</CSItemRank><CSItemIsFreeFormat>0</CSItemIsFreeFormat><CSValue><CSValueCode>3036216</CSValueCode><CSValueName>VGA (analoog)</CSValueName><CSValueRank>1</CSValueRank></CSValue><CSValue><CSValueCode>VA4015427</CSValueCode><CSValueName>DVI-D (digitaal, HDCP)</CSValueName><CSValueRank>2</CSValueRank></CSValue></CSItem><CSItem><CSItemCode>3006588</CSItemCode><CSItemName>Gesynchroniseerde invoer</CSItemName><CSItemRank>2</CSItemRank><CSItemIsFreeFormat>0</CSItemIsFreeFormat><CSValue><CSValueCode>3032392</CSValueCode><CSValueName>Aparte synchronisatie</CSValueName><CSValueRank>1</CSValueRank></CSValue><CSValue><CSValueCode>3032393</CSValueCode><CSValueName>Synchronisatie op groen</CSValueName><CSValueRank>2</CSValueRank></CSValue></CSItem><CSItem><CSItemCode>IT4005621</CSItemCode><CSItemName>Audio (in/uit)</CSItemName><CSItemRank>3</CSItemRank><CSItemIsFreeFormat>0</CSItemIsFreeFormat><CSValue><CSValueCode>VA4025083</CSValueCode><CSValueName>Audio-ingang voor PC</CSValueName><CSValueRank>1</CSValueRank></CSValue><CSValue><CSValueCode>VA4025085</CSValueCode><CSValueName>Hoofdtelefoonuitgang</CSValueName><CSValueRank>2</CSValueRank></CSValue></CSItem></CSChapter><CSChapter><CSChapterCode>3000814</CSChapterCode><CSChapterName>Comfort</CSChapterName><CSChapterRank>3</CSChapterRank><CSItem><CSItemCode>IT4014853</CSItemCode><CSItemName>Ingebouwde luidsprekers</CSItemName><CSItemRank>1</CSItemRank><CSItemIsFreeFormat>1</CSItemIsFreeFormat><CSValue><CSValueCode>VA4028064</CSValueCode><CSValueName>2 x 1,5 W</CSValueName><CSValueRank>1</CSValueRank></CSValue></CSItem><CSItem><CSItemCode>3006633</CSItemCode><CSItemName>Gebruikersgemak</CSItemName><CSItemRank>2</CSItemRank><CSItemIsFreeFormat>0</CSItemIsFreeFormat><CSValue><CSValueCode>VA4015428</CSValueCode><CSValueName>SmartImage</CSValueName><CSValueRank>1</CSValueRank></CSValue><CSValue><CSValueCode>VA4017355</CSValueCode><CSValueName>Volume</CSValueName><CSValueRank>2</CSValueRank></CSValue><CSValue><CSValueCode>VA4022515</CSValueCode><CSValueName>SmartPower</CSValueName><CSValueRank>3</CSValueRank></CSValue><CSValue><CSValueCode>VA4017357</CSValueCode><CSValueName>Menu</CSValueName><CSValueRank>4</CSValueRank></CSValue><CSValue><CSValueCode>VA4017554</CSValueCode><CSValueName>Aan/Uit</CSValueName><CSValueRank>5</CSValueRank></CSValue></CSItem><CSItem><CSItemCode>IT4019071</CSItemCode><CSItemName>Beheersoftware</CSItemName><CSItemRank>3</CSItemRank><CSItemIsFreeFormat>0</CSItemIsFreeFormat><CSValue><CSValueCode>VA4085179</CSValueCode><CSValueName>SmartControl</CSValueName><CSValueRank>1</CSValueRank></CSValue></CSItem><CSItem><CSItemCode>3006693</CSItemCode><CSItemName>OSD-talen</CSItemName><CSItemRank>4</CSItemRank><CSItemIsFreeFormat>0</CSItemIsFreeFormat><CSValue><CSValueCode>VA4065363</CSValueCode><CSValueName>Braziliaans Portugees</CSValueName><CSValueRank>1</CSValueRank></CSValue><CSValue><CSValueCode>3034561</CSValueCode><CSValueName>Tsjechisch</CSValueName><CSValueRank>2</CSValueRank></CSValue><CSValue><CSValueCode>3034565</CSValueCode><CSValueName>Nederlands</CSValueName><CSValueRank>3</CSValueRank></CSValue><CSValue><CSValueCode>3032771</CSValueCode><CSValueName>Engels</CSValueName><CSValueRank>4</CSValueRank></CSValue><CSValue><CSValueCode>VA4063224</CSValueCode><CSValueName>Fins</CSValueName><CSValueRank>5</CSValueRank></CSValue><CSValue><CSValueCode>3032772</CSValueCode><CSValueName>Frans</CSValueName><CSValueRank>6</CSValueRank></CSValue><CSValue><CSValueCode>3032773</CSValueCode><CSValueName>Duits</CSValueName><CSValueRank>7</CSValueRank></CSValue><CSValue><CSValueCode>VA4002508</CSValueCode><CSValueName>Grieks</CSValueName><CSValueRank>8</CSValueRank></CSValue><CSValue><CSValueCode>3034563</CSValueCode><CSValueName>Hongaars</CSValueName><CSValueRank>9</CSValueRank></CSValue><CSValue><CSValueCode>3032774</CSValueCode><CSValueName>Italiaans</CSValueName><CSValueRank>10</CSValueRank></CSValue><CSValue><CSValueCode>3038221</CSValueCode><CSValueName>Japans</CSValueName><CSValueRank>11</CSValueRank></CSValue><CSValue><CSValueCode>3039946</CSValueCode><CSValueName>Koreaans</CSValueName><CSValueRank>12</CSValueRank></CSValue><CSValue><CSValueCode>3034564</CSValueCode><CSValueName>Pools</CSValueName><CSValueRank>13</CSValueRank></CSValue><CSValue><CSValueCode>3032775</CSValueCode><CSValueName>Portugees</CSValueName><CSValueRank>14</CSValueRank></CSValue><CSValue><CSValueCode>3032776</CSValueCode><CSValueName>Russisch</CSValueName><CSValueRank>15</CSValueRank></CSValue><CSValue><CSValueCode>3034114</CSValueCode><CSValueName>Vereenvoudigd Chinees</CSValueName><CSValueRank>16</CSValueRank></CSValue><CSValue><CSValueCode>3032777</CSValueCode><CSValueName>Spaans</CSValueName><CSValueRank>17</CSValueRank></CSValue><CSValue><CSValueCode>3034562</CSValueCode><CSValueName>Zweeds</CSValueName><CSValueRank>18</CSValueRank></CSValue><CSValue><CSValueCode>3034115</CSValueCode><CSValueName>Traditioneel Chinees</CSValueName><CSValueRank>19</CSValueRank></CSValue><CSValue><CSValueCode>3035749</CSValueCode><CSValueName>Turks</CSValueName><CSValueRank>20</CSValueRank></CSValue><CSValue><CSValueCode>VA4065364</CSValueCode><CSValueName>Oekraïens</CSValueName><CSValueRank>21</CSValueRank></CSValue></CSItem><CSItem><CSItemCode>3006694</CSItemCode><CSItemName>Andere handige opties</CSItemName><CSItemRank>5</CSItemRank><CSItemIsFreeFormat>0</CSItemIsFreeFormat><CSValue><CSValueCode>3032778</CSValueCode><CSValueName>Kensington-slot</CSValueName><CSValueRank>1</CSValueRank></CSValue><CSValue><CSValueCode>VA4016754</CSValueCode><CSValueName>VESA-standaard (100 x 100 mm)</CSValueName><CSValueRank>2</CSValueRank></CSValue></CSItem><CSItem><CSItemCode>3006699</CSItemCode><CSItemName>Plug &amp; Play-compatibiliteit</CSItemName><CSItemRank>6</CSItemRank><CSItemIsFreeFormat>0</CSItemIsFreeFormat><CSValue><CSValueCode>3043209</CSValueCode><CSValueName>DDC/CI</CSValueName><CSValueRank>1</CSValueRank></CSValue><CSValue><CSValueCode>3046249</CSValueCode><CSValueName>Mac OS X</CSValueName><CSValueRank>2</CSValueRank></CSValue><CSValue><CSValueCode>3032788</CSValueCode><CSValueName>sRGB</CSValueName><CSValueRank>3</CSValueRank></CSValue><CSValue><CSValueCode>VA4091311</CSValueCode><CSValueName>Windows 10 / 8.1 / 8 / 7</CSValueName><CSValueRank>4</CSValueRank></CSValue></CSItem></CSChapter><CSChapter><CSChapterCode>CH4000824</CSChapterCode><CSChapterName>Standaard</CSChapterName><CSChapterRank>4</CSChapterRank><CSItem><CSItemCode>IT4004951</CSItemCode><CSItemName>In hoogte verstelbaar</CSItemName><CSItemRank>1</CSItemRank><CSItemIsFreeFormat>1</CSItemIsFreeFormat><CSValue><CSValueCode>VA4015656</CSValueCode><CSValueName>110</CSValueName><CSValueRank>1</CSValueRank></CSValue><UnitOfMeasure><UnitOfMeasureCode>3000058</UnitOfMeasureCode><UnitOfMeasureName>millimeter</UnitOfMeasureName><UnitOfMeasureSymbol>millimeter</UnitOfMeasureSymbol></UnitOfMeasure></CSItem><CSItem><CSItemCode>IT4004952</CSItemCode><CSItemName>Pivot</CSItemName><CSItemRank>2</CSItemRank><CSItemIsFreeFormat>1</CSItemIsFreeFormat><CSValue><CSValueCode>VA4015657</CSValueCode><CSValueName>90 graden</CSValueName><CSValueRank>1</CSValueRank></CSValue></CSItem><CSItem><CSItemCode>IT4004953</CSItemCode><CSItemName>Draaivoet</CSItemName><CSItemRank>3</CSItemRank><CSItemIsFreeFormat>1</CSItemIsFreeFormat><CSValue><CSValueCode>VA4015658</CSValueCode><CSValueName>-65/65</CSValueName><CSValueRank>1</CSValueRank></CSValue><UnitOfMeasure><UnitOfMeasureCode>3000042</UnitOfMeasureCode><UnitOfMeasureName>graad</UnitOfMeasureName><UnitOfMeasureSymbol>graad</UnitOfMeasureSymbol></UnitOfMeasure></CSItem><CSItem><CSItemCode>IT4004954</CSItemCode><CSItemName>Kantelfunctie</CSItemName><CSItemRank>4</CSItemRank><CSItemIsFreeFormat>1</CSItemIsFreeFormat><CSValue><CSValueCode>VA4015659</CSValueCode><CSValueName>-5/20</CSValueName><CSValueRank>1</CSValueRank></CSValue><UnitOfMeasure><UnitOfMeasureCode>3000042</UnitOfMeasureCode><UnitOfMeasureName>graad</UnitOfMeasureName><UnitOfMeasureSymbol>graad</UnitOfMeasureSymbol></UnitOfMeasure></CSItem></CSChapter><CSChapter><CSChapterCode>3000821</CSChapterCode><CSChapterName>Vermogen</CSChapterName><CSChapterRank>5</CSChapterRank><CSItem><CSItemCode>IT4005861</CSItemCode><CSItemName>Ingeschakeld</CSItemName><CSItemRank>1</CSItemRank><CSItemIsFreeFormat>1</CSItemIsFreeFormat><CSValue><CSValueCode>VA4017025</CSValueCode><CSValueName>13 W (normaal) (testmethode EnergyStar 7.0)</CSValueName><CSValueRank>1</CSValueRank></CSValue></CSItem><CSItem><CSItemCode>IT4006150</CSItemCode><CSItemName>Stand-bymodus</CSItemName><CSItemRank>2</CSItemRank><CSItemIsFreeFormat>1</CSItemIsFreeFormat><CSValue><CSValueCode>VA4017360</CSValueCode><CSValueName>&lt; 0,3 W (normaal)</CSValueName><CSValueRank>1</CSValueRank></CSValue></CSItem><CSItem><CSItemCode>IT4006081</CSItemCode><CSItemName>Uitmodus</CSItemName><CSItemRank>3</CSItemRank><CSItemIsFreeFormat>1</CSItemIsFreeFormat><CSValue><CSValueCode>VA4017285</CSValueCode><CSValueName>&lt; 0,2 W (normaal)</CSValueName><CSValueRank>1</CSValueRank></CSValue></CSItem><CSItem><CSItemCode>3006931</CSItemCode><CSItemName>LED-indicator voor voeding</CSItemName><CSItemRank>4</CSItemRank><CSItemIsFreeFormat>0</CSItemIsFreeFormat><CSValue><CSValueCode>VA4015465</CSValueCode><CSValueName>In werking - wit</CSValueName><CSValueRank>1</CSValueRank></CSValue><CSValue><CSValueCode>VA4017406</CSValueCode><CSValueName>Stand-bymodus - wit (knipperend)</CSValueName><CSValueRank>2</CSValueRank></CSValue></CSItem><CSItem><CSItemCode>3006932</CSItemCode><CSItemName>Stroomvoorziening</CSItemName><CSItemRank>5</CSItemRank><CSItemIsFreeFormat>0</CSItemIsFreeFormat><CSValue><CSValueCode>VA4050622</CSValueCode><CSValueName>100 - 240 V AC, 50-60 Hz</CSValueName><CSValueRank>1</CSValueRank></CSValue><CSValue><CSValueCode>3033321</CSValueCode><CSValueName>Ingebouwd</CSValueName><CSValueRank>2</CSValueRank></CSValue></CSItem></CSChapter><CSChapter><CSChapterCode>3000820</CSChapterCode><CSChapterName>Afmetingen</CSChapterName><CSChapterRank>6</CSChapterRank><CSItem><CSItemCode>IT4027351</CSItemCode><CSItemName>Product met standaard (max. hoogte)</CSItemName><CSItemRank>1</CSItemRank><CSItemIsFreeFormat>1</CSItemIsFreeFormat><CSValue><CSValueCode>VA4064381</CSValueCode><CSValueName>404 x 506 x 227</CSValueName><CSValueRank>1</CSValueRank></CSValue><UnitOfMeasure><UnitOfMeasureCode>3000058</UnitOfMeasureCode><UnitOfMeasureName>millimeter</UnitOfMeasureName><UnitOfMeasureSymbol>millimeter</UnitOfMeasureSymbol></UnitOfMeasure></CSItem><CSItem><CSItemCode>IT4005765</CSItemCode><CSItemName>Product zonder standaard (mm)</CSItemName><CSItemRank>2</CSItemRank><CSItemIsFreeFormat>1</CSItemIsFreeFormat><CSValue><CSValueCode>VA4016931</CSValueCode><CSValueName>404 x 346 x 61</CSValueName><CSValueRank>1</CSValueRank></CSValue><UnitOfMeasure><UnitOfMeasureCode>3000058</UnitOfMeasureCode><UnitOfMeasureName>millimeter</UnitOfMeasureName><UnitOfMeasureSymbol>millimeter</UnitOfMeasureSymbol></UnitOfMeasure></CSItem><CSItem><CSItemCode>IT4005766</CSItemCode><CSItemName>Verpakking in mm (b x h x d)</CSItemName><CSItemRank>3</CSItemRank><CSItemIsFreeFormat>1</CSItemIsFreeFormat><CSValue><CSValueCode>VA4016932</CSValueCode><CSValueName>460 x 448 x 159</CSValueName><CSValueRank>1</CSValueRank></CSValue><UnitOfMeasure><UnitOfMeasureCode>3000058</UnitOfMeasureCode><UnitOfMeasureName>millimeter</UnitOfMeasureName><UnitOfMeasureSymbol>millimeter</UnitOfMeasureSymbol></UnitOfMeasure></CSItem></CSChapter><CSChapter><CSChapterCode>CH4000702</CSChapterCode><CSChapterName>Gewicht</CSChapterName><CSChapterRank>7</CSChapterRank><CSItem><CSItemCode>IT4005770</CSItemCode><CSItemName>Product met standaard (kg)</CSItemName><CSItemRank>1</CSItemRank><CSItemIsFreeFormat>1</CSItemIsFreeFormat><CSValue><CSValueCode>VA4016936</CSValueCode><CSValueName>4,61</CSValueName><CSValueRank>1</CSValueRank></CSValue><UnitOfMeasure><UnitOfMeasureCode>3000049</UnitOfMeasureCode><UnitOfMeasureName>kilogram</UnitOfMeasureName><UnitOfMeasureSymbol>kg</UnitOfMeasureSymbol></UnitOfMeasure></CSItem><CSItem><CSItemCode>IT4005771</CSItemCode><CSItemName>Product zonder standaard (kg)</CSItemName><CSItemRank>2</CSItemRank><CSItemIsFreeFormat>1</CSItemIsFreeFormat><CSValue><CSValueCode>VA4016937</CSValueCode><CSValueName>2,71</CSValueName><CSValueRank>1</CSValueRank></CSValue><UnitOfMeasure><UnitOfMeasureCode>3000049</UnitOfMeasureCode><UnitOfMeasureName>kilogram</UnitOfMeasureName><UnitOfMeasureSymbol>kg</UnitOfMeasureSymbol></UnitOfMeasure></CSItem><CSItem><CSItemCode>IT4005772</CSItemCode><CSItemName>Product met verpakking (kg)</CSItemName><CSItemRank>3</CSItemRank><CSItemIsFreeFormat>1</CSItemIsFreeFormat><CSValue><CSValueCode>VA4016938</CSValueCode><CSValueName>6,48</CSValueName><CSValueRank>1</CSValueRank></CSValue><UnitOfMeasure><UnitOfMeasureCode>3000049</UnitOfMeasureCode><UnitOfMeasureName>kilogram</UnitOfMeasureName><UnitOfMeasureSymbol>kg</UnitOfMeasureSymbol></UnitOfMeasure></CSItem></CSChapter><CSChapter><CSChapterCode>CH4000823</CSChapterCode><CSChapterName>Voorwaarden voor een goede werking</CSChapterName><CSChapterRank>8</CSChapterRank><CSItem><CSItemCode>IT4004946</CSItemCode><CSItemName>Temperatuurbereik (in bedrijf)</CSItemName><CSItemRank>1</CSItemRank><CSItemIsFreeFormat>1</CSItemIsFreeFormat><CSValue><CSValueCode>VA4015651</CSValueCode><CSValueName>0 tot 40</CSValueName><CSValueRank>1</CSValueRank></CSValue><UnitOfMeasure><UnitOfMeasureCode>3000081</UnitOfMeasureCode><UnitOfMeasureName>graden Celsius</UnitOfMeasureName><UnitOfMeasureSymbol>°C</UnitOfMeasureSymbol></UnitOfMeasure></CSItem><CSItem><CSItemCode>IT4004947</CSItemCode><CSItemName>Temperatuurbereik (opslag)</CSItemName><CSItemRank>2</CSItemRank><CSItemIsFreeFormat>1</CSItemIsFreeFormat><CSValue><CSValueCode>VA4015652</CSValueCode><CSValueName>-20 tot 60</CSValueName><CSValueRank>1</CSValueRank></CSValue><UnitOfMeasure><UnitOfMeasureCode>3000081</UnitOfMeasureCode><UnitOfMeasureName>graden Celsius</UnitOfMeasureName><UnitOfMeasureSymbol>°C</UnitOfMeasureSymbol></UnitOfMeasure></CSItem><CSItem><CSItemCode>IT4004948</CSItemCode><CSItemName>Relatieve vochtigheid</CSItemName><CSItemRank>3</CSItemRank><CSItemIsFreeFormat>1</CSItemIsFreeFormat><CSValue><CSValueCode>VA4015653</CSValueCode><CSValueName>20%-80</CSValueName><CSValueRank>1</CSValueRank></CSValue><UnitOfMeasure><UnitOfMeasureCode>3000065</UnitOfMeasureCode><UnitOfMeasureName>percentage</UnitOfMeasureName><UnitOfMeasureSymbol>%</UnitOfMeasureSymbol></UnitOfMeasure></CSItem><CSItem><CSItemCode>IT4023612</CSItemCode><CSItemName>Hoogte</CSItemName><CSItemRank>4</CSItemRank><CSItemIsFreeFormat>1</CSItemIsFreeFormat><CSValue><CSValueCode>VA4054761</CSValueCode><CSValueName>In werking: 3658 m, niet in werking: 12.192 m</CSValueName><CSValueRank>1</CSValueRank></CSValue></CSItem><CSItem><CSItemCode>IT4004949</CSItemCode><CSItemName>MTBF</CSItemName><CSItemRank>5</CSItemRank><CSItemIsFreeFormat>1</CSItemIsFreeFormat><CSValue><CSValueCode>VA4015654</CSValueCode><CSValueName>70.000 uur (achtergrondverlichting niet meegerekend)</CSValueName><CSValueRank>1</CSValueRank></CSValue><UnitOfMeasure><UnitOfMeasureCode>4000007</UnitOfMeasureCode><UnitOfMeasureName>-Uur</UnitOfMeasureName><UnitOfMeasureSymbol>uur</UnitOfMeasureSymbol></UnitOfMeasure></CSItem></CSChapter><CSChapter><CSChapterCode>CH4000822</CSChapterCode><CSChapterName>Duurzaamheid</CSChapterName><CSChapterRank>9</CSChapterRank><CSItem><CSItemCode>IT4004941</CSItemCode><CSItemName>Milieu en energie</CSItemName><CSItemRank>1</CSItemRank><CSItemIsFreeFormat>0</CSItemIsFreeFormat><CSValue><CSValueCode>VA4094404</CSValueCode><CSValueName>EnergyStar 7.0</CSValueName><CSValueRank>1</CSValueRank></CSValue><CSValue><CSValueCode>VA4060101</CSValueCode><CSValueName>EPEAT Gold*</CSValueName><CSValueRank>2</CSValueRank></CSValue><CSValue><CSValueCode>VA4015645</CSValueCode><CSValueName>RoHS</CSValueName><CSValueRank>3</CSValueRank></CSValue></CSItem><CSItem><CSItemCode>IT4004944</CSItemCode><CSItemName>Recyclebaar verpakkingsmateriaal</CSItemName><CSItemRank>2</CSItemRank><CSItemIsFreeFormat>1</CSItemIsFreeFormat><CSValue><CSValueCode>VA4015649</CSValueCode><CSValueName>100</CSValueName><CSValueRank>1</CSValueRank></CSValue><UnitOfMeasure><UnitOfMeasureCode>3000065</UnitOfMeasureCode><UnitOfMeasureName>percentage</UnitOfMeasureName><UnitOfMeasureSymbol>%</UnitOfMeasureSymbol></UnitOfMeasure></CSItem><CSItem><CSItemCode>IT4019072</CSItemCode><CSItemName>Gerecycled materiaal</CSItemName><CSItemRank>3</CSItemRank><CSItemIsFreeFormat>0</CSItemIsFreeFormat><CSValue><CSValueCode>VA4096917</CSValueCode><CSValueName>85%</CSValueName><CSValueRank>1</CSValueRank></CSValue></CSItem><CSItem><CSItemCode>IT4018633</CSItemCode><CSItemName>Specifieke stoffen</CSItemName><CSItemRank>4</CSItemRank><CSItemIsFreeFormat>0</CSItemIsFreeFormat><CSValue><CSValueCode>VA4039543</CSValueCode><CSValueName>PVC/BFR-vrije behuizing</CSValueName><CSValueRank>1</CSValueRank></CSValue><CSValue><CSValueCode>VA4042543</CSValueCode><CSValueName>Loodvrij</CSValueName><CSValueRank>2</CSValueRank></CSValue><CSValue><CSValueCode>VA4042544</CSValueCode><CSValueName>Kwikvrij</CSValueName><CSValueRank>3</CSValueRank></CSValue></CSItem></CSChapter><CSChapter><CSChapterCode>CH4001161</CSChapterCode><CSChapterName>Voldoet aan de normen</CSChapterName><CSChapterRank>10</CSChapterRank><CSItem><CSItemCode>IT4006152</CSItemCode><CSItemName>Officiële goedkeuringen</CSItemName><CSItemRank>1</CSItemRank><CSItemIsFreeFormat>0</CSItemIsFreeFormat><CSValue><CSValueCode>VA4017361</CSValueCode><CSValueName>CE-markering</CSValueName><CSValueRank>1</CSValueRank></CSValue><CSValue><CSValueCode>VA4027482</CSValueCode><CSValueName>FCC-klasse B</CSValueName><CSValueRank>2</CSValueRank></CSValue><CSValue><CSValueCode>VA4017365</CSValueCode><CSValueName>SEMKO</CSValueName><CSValueRank>3</CSValueRank></CSValue><CSValue><CSValueCode>VA4064941</CSValueCode><CSValueName>cETLus</CSValueName><CSValueRank>4</CSValueRank></CSValue><CSValue><CSValueCode>VA4017369</CSValueCode><CSValueName>TUV Ergo</CSValueName><CSValueRank>5</CSValueRank></CSValue><CSValue><CSValueCode>VA4017368</CSValueCode><CSValueName>TUV/GS</CSValueName><CSValueRank>6</CSValueRank></CSValue><CSValue><CSValueCode>VA4033547</CSValueCode><CSValueName>WEEE</CSValueName><CSValueRank>7</CSValueRank></CSValue><CSValue><CSValueCode>VA4033548</CSValueCode><CSValueName>TCO-gecertificeerd</CSValueName><CSValueRank>8</CSValueRank></CSValue><CSValue><CSValueCode>VA4078161</CSValueCode><CSValueName>CU</CSValueName><CSValueRank>9</CSValueRank></CSValue><CSValue><CSValueCode>VA4033549</CSValueCode><CSValueName>PSB</CSValueName><CSValueRank>10</CSValueRank></CSValue><CSValue><CSValueCode>VA4090213</CSValueCode><CSValueName>RCM</CSValueName><CSValueRank>11</CSValueRank></CSValue></CSItem></CSChapter><CSChapter><CSChapterCode>CH4000825</CSChapterCode><CSChapterName>Kast</CSChapterName><CSChapterRank>11</CSChapterRank><CSItem><CSItemCode>IT4019074</CSItemCode><CSItemName>Rand voorzijde</CSItemName><CSItemRank>1</CSItemRank><CSItemIsFreeFormat>1</CSItemIsFreeFormat><CSValue><CSValueCode>VA4042547</CSValueCode><CSValueName>Zilver</CSValueName><CSValueRank>1</CSValueRank></CSValue></CSItem><CSItem><CSItemCode>IT4019075</CSItemCode><CSItemName>Achterzijde</CSItemName><CSItemRank>2</CSItemRank><CSItemIsFreeFormat>1</CSItemIsFreeFormat><CSValue><CSValueCode>VA4042548</CSValueCode><CSValueName>Zwart</CSValueName><CSValueRank>1</CSValueRank></CSValue></CSItem><CSItem><CSItemCode>IT4019076</CSItemCode><CSItemName>Voet</CSItemName><CSItemRank>3</CSItemRank><CSItemIsFreeFormat>1</CSItemIsFreeFormat><CSValue><CSValueCode>VA4042549</CSValueCode><CSValueName>Zwart</CSValueName><CSValueRank>1</CSValueRank></CSValue></CSItem><CSItem><CSItemCode>IT4004956</CSItemCode><CSItemName>Afwerking</CSItemName><CSItemRank>4</CSItemRank><CSItemIsFreeFormat>1</CSItemIsFreeFormat><CSValue><CSValueCode>VA4015661</CSValueCode><CSValueName>Volume</CSValueName><CSValueRank>1</CSValueRank></CSValue></CSItem></CSChapter><CSChapter><CSChapterCode>CH4008581</CSChapterCode><CSChapterName>Wat zit er in de doos?</CSChapterName><CSChapterRank>13</CSChapterRank><CSItem><CSItemCode>IT4040999</CSItemCode><CSItemName>Monitor met standaard</CSItemName><CSItemRank>1</CSItemRank><CSItemIsFreeFormat>1</CSItemIsFreeFormat><CSValue><CSValueCode>VA4095569</CSValueCode><CSValueName>Ja</CSValueName><CSValueRank>1</CSValueRank></CSValue></CSItem><CSItem><CSItemCode>IT4041000</CSItemCode><CSItemName>Kabels</CSItemName><CSItemRank>2</CSItemRank><CSItemIsFreeFormat>1</CSItemIsFreeFormat><CSValue><CSValueCode>VA4095570</CSValueCode><CSValueName>D-Sub-kabel, DVI-D-kabel, audiokabel, voedingskabel</CSValueName><CSValueRank>1</CSValueRank></CSValue></CSItem><CSItem><CSItemCode>IT4041030</CSItemCode><CSItemName>Gebruikersdocumentatie</CSItemName><CSItemRank>3</CSItemRank><CSItemIsFreeFormat>1</CSItemIsFreeFormat><CSValue><CSValueCode>VA4095604</CSValueCode><CSValueName>Ja</CSValueName><CSValueRank>1</CSValueRank></CSValue></CSItem></CSChapter><Filters><Purpose type="Comparison"><Features><Feature code="F400066642" rank="1" referenceName="IPS technology (with Pivot)"/><Feature code="F400067665" rank="2" referenceName="Flicker-free technology"/><Feature code="F400035289" rank="3" referenceName="M4 SmartImage"/><Feature code="F400023546" rank="4" referenceName="SmartContrast ratio 20000000:1"/><Feature code="F400035281" rank="5" referenceName="Built-in stereo speakers for multimedia"/><Feature code="F400035282" rank="6" referenceName="Low bezel-to-table height"/><Feature code="F400035325" rank="7" referenceName="SmartErgoBase"/><Feature code="F400020191" rank="8" referenceName="MMD: SmartPower 50%"/><Feature code="F400018029" rank="9" referenceName="EPEAT Gold"/><Feature code="F400035272" rank="10" referenceName="100% Recyclable packaging"/><Feature code="F400035269" rank="11" referenceName="PVC-BFR free housing"/></Features><CSItems><CSItem code="3006169" rank="1" referenceName="Beeld/scherm - Type LCD-scherm"/><CSItem code="3006576" rank="1" referenceName="Connectiviteit - Signaalinvoer"/><CSItem code="IT4014853" rank="1" referenceName="Comfort - Ingebouwde luidsprekers"/><CSItem code="IT4004951" rank="1" referenceName="Standaard - In hoogte verstelbaar"/><CSItem code="IT4005861" rank="1" referenceName="Vermogen - Ingeschakeld"/><CSItem code="IT4027351" rank="1" referenceName="Afmetingen - Product met standaard (max. hoogte)"/><CSItem code="IT4005770" rank="1" referenceName="Gewicht - Product met standaard (kg)"/><CSItem code="IT4004946" rank="1" referenceName="Voorwaarden voor een goede werking - Temperatuurbereik (in bedrijf)"/><CSItem code="IT4004941" rank="1" referenceName="Duurzaamheid - Milieu en energie"/><CSItem code="IT4006152" rank="1" referenceName="Voldoet aan de normen - Officiële goedkeuringen"/><CSItem code="IT4019074" rank="1" referenceName="Kast - Rand voorzijde"/><CSItem code="IT4040999" rank="1" referenceName="Wat zit er in de doos? - Monitor met standaard"/><CSItem code="IT4007209" rank="2" referenceName="Beeld/scherm - Type achtergrondverlichting"/><CSItem code="3006588" rank="2" referenceName="Connectiviteit - Gesynchroniseerde invoer"/><CSItem code="3006633" rank="2" referenceName="Comfort - Gebruikersgemak"/><CSItem code="IT4004952" rank="2" referenceName="Standaard - Pivot"/><CSItem code="IT4006150" rank="2" referenceName="Vermogen - Stand-bymodus"/><CSItem code="IT4005765" rank="2" referenceName="Afmetingen - Product zonder standaard (mm)"/><CSItem code="IT4005771" rank="2" referenceName="Gewicht - Product zonder standaard (kg)"/><CSItem code="IT4004947" rank="2" referenceName="Voorwaarden voor een goede werking - Temperatuurbereik (opslag)"/><CSItem code="IT4004944" rank="2" referenceName="Duurzaamheid - Recyclebaar verpakkingsmateriaal"/><CSItem code="IT4019075" rank="2" referenceName="Kast - Achterzijde"/><CSItem code="IT4041000" rank="2" referenceName="Wat zit er in de doos? - Kabels"/><CSItem code="3006180" rank="3" referenceName="Beeld/scherm - Schermgrootte"/><CSItem code="IT4005621" rank="3" referenceName="Connectiviteit - Audio (in/uit)"/><CSItem code="IT4019071" rank="3" referenceName="Comfort - Beheersoftware"/><CSItem code="IT4004953" rank="3" referenceName="Standaard - Draaivoet"/><CSItem code="IT4006081" rank="3" referenceName="Vermogen - Uitmodus"/><CSItem code="IT4005766" rank="3" referenceName="Afmetingen - Verpakking in mm (b x h x d)"/><CSItem code="IT4005772" rank="3" referenceName="Gewicht - Product met verpakking (kg)"/><CSItem code="IT4004948" rank="3" referenceName="Voorwaarden voor een goede werking - Relatieve vochtigheid"/><CSItem code="IT4019072" rank="3" referenceName="Duurzaamheid - Gerecycled materiaal"/><CSItem code="IT4019076" rank="3" referenceName="Kast - Voet"/><CSItem code="IT4041030" rank="3" referenceName="Wat zit er in de doos? - Gebruikersdocumentatie"/><CSItem code="3006149" rank="4" referenceName="Beeld/scherm - Effectief weergavegebied"/><CSItem code="3006693" rank="4" referenceName="Comfort - OSD-talen"/><CSItem code="IT4004954" rank="4" referenceName="Standaard - Kantelfunctie"/><CSItem code="3006931" rank="4" referenceName="Vermogen - LED-indicator voor voeding"/><CSItem code="IT4023612" rank="4" referenceName="Voorwaarden voor een goede werking - Hoogte"/><CSItem code="IT4018633" rank="4" referenceName="Duurzaamheid - Specifieke stoffen"/><CSItem code="IT4004956" rank="4" referenceName="Kast - Afwerking"/><CSItem code="3006121" rank="5" referenceName="Beeld/scherm - Beeldformaat"/><CSItem code="3006694" rank="5" referenceName="Comfort - Andere handige opties"/><CSItem code="3006932" rank="5" referenceName="Vermogen - Stroomvoorziening"/><CSItem code="IT4004949" rank="5" referenceName="Voorwaarden voor een goede werking - MTBF"/><CSItem code="3006193" rank="6" referenceName="Beeld/scherm - Optimale resolutie"/><CSItem code="3006699" rank="6" referenceName="Comfort - Plug &amp; Play-compatibiliteit"/><CSItem code="IT4039893" rank="7" referenceName="Beeld/scherm - Responstijd (normaal)"/><CSItem code="3006127" rank="8" referenceName="Beeld/scherm - Helderheid"/><CSItem code="3006133" rank="9" referenceName="Beeld/scherm - Contrastverhouding (normaal)"/><CSItem code="IT4006148" rank="10" referenceName="Beeld/scherm - SmartContrast"/><CSItem code="3006186" rank="11" referenceName="Beeld/scherm - Pixelpitch"/><CSItem code="3007518" rank="12" referenceName="Beeld/scherm - Kijkhoek"/><CSItem code="IT4036934" rank="13" referenceName="Beeld/scherm - Trillingsvrij"/><CSItem code="3006183" rank="14" referenceName="Beeld/scherm - Beeldverbetering"/><CSItem code="3006143" rank="15" referenceName="Beeld/scherm - Schermkleuren"/><CSItem code="IT4006149" rank="16" referenceName="Beeld/scherm - Scanfrequentie"/><CSItem code="3006207" rank="17" referenceName="Beeld/scherm - sRGB"/></CSItems></Purpose><Purpose type="Detail"><Features><Feature code="F400066642" rank="1" referenceName="IPS technology (with Pivot)"/><Feature code="F400067665" rank="2" referenceName="Flicker-free technology"/><Feature code="F400035289" rank="3" referenceName="M4 SmartImage"/><Feature code="F400023546" rank="4" referenceName="SmartContrast ratio 20000000:1"/><Feature code="F400035281" rank="5" referenceName="Built-in stereo speakers for multimedia"/><Feature code="F400035282" rank="6" referenceName="Low bezel-to-table height"/><Feature code="F400035325" rank="7" referenceName="SmartErgoBase"/><Feature code="F400020191" rank="8" referenceName="MMD: SmartPower 50%"/><Feature code="F400018029" rank="9" referenceName="EPEAT Gold"/><Feature code="F400035272" rank="10" referenceName="100% Recyclable packaging"/><Feature code="F400035269" rank="11" referenceName="PVC-BFR free housing"/></Features><CSItems><CSItem code="3006169" rank="1" referenceName="Beeld/scherm - Type LCD-scherm"/><CSItem code="3006576" rank="1" referenceName="Connectiviteit - Signaalinvoer"/><CSItem code="IT4014853" rank="1" referenceName="Comfort - Ingebouwde luidsprekers"/><CSItem code="IT4004951" rank="1" referenceName="Standaard - In hoogte verstelbaar"/><CSItem code="IT4005861" rank="1" referenceName="Vermogen - Ingeschakeld"/><CSItem code="IT4027351" rank="1" referenceName="Afmetingen - Product met standaard (max. hoogte)"/><CSItem code="IT4005770" rank="1" referenceName="Gewicht - Product met standaard (kg)"/><CSItem code="IT4004946" rank="1" referenceName="Voorwaarden voor een goede werking - Temperatuurbereik (in bedrijf)"/><CSItem code="IT4004941" rank="1" referenceName="Duurzaamheid - Milieu en energie"/><CSItem code="IT4006152" rank="1" referenceName="Voldoet aan de normen - Officiële goedkeuringen"/><CSItem code="IT4019074" rank="1" referenceName="Kast - Rand voorzijde"/><CSItem code="IT4040999" rank="1" referenceName="Wat zit er in de doos? - Monitor met standaard"/><CSItem code="IT4007209" rank="2" referenceName="Beeld/scherm - Type achtergrondverlichting"/><CSItem code="3006588" rank="2" referenceName="Connectiviteit - Gesynchroniseerde invoer"/><CSItem code="3006633" rank="2" referenceName="Comfort - Gebruikersgemak"/><CSItem code="IT4004952" rank="2" referenceName="Standaard - Pivot"/><CSItem code="IT4006150" rank="2" referenceName="Vermogen - Stand-bymodus"/><CSItem code="IT4005765" rank="2" referenceName="Afmetingen - Product zonder standaard (mm)"/><CSItem code="IT4005771" rank="2" referenceName="Gewicht - Product zonder standaard (kg)"/><CSItem code="IT4004947" rank="2" referenceName="Voorwaarden voor een goede werking - Temperatuurbereik (opslag)"/><CSItem code="IT4004944" rank="2" referenceName="Duurzaamheid - Recyclebaar verpakkingsmateriaal"/><CSItem code="IT4019075" rank="2" referenceName="Kast - Achterzijde"/><CSItem code="IT4041000" rank="2" referenceName="Wat zit er in de doos? - Kabels"/><CSItem code="3006180" rank="3" referenceName="Beeld/scherm - Schermgrootte"/><CSItem code="IT4005621" rank="3" referenceName="Connectiviteit - Audio (in/uit)"/><CSItem code="IT4019071" rank="3" referenceName="Comfort - Beheersoftware"/><CSItem code="IT4004953" rank="3" referenceName="Standaard - Draaivoet"/><CSItem code="IT4006081" rank="3" referenceName="Vermogen - Uitmodus"/><CSItem code="IT4005766" rank="3" referenceName="Afmetingen - Verpakking in mm (b x h x d)"/><CSItem code="IT4005772" rank="3" referenceName="Gewicht - Product met verpakking (kg)"/><CSItem code="IT4004948" rank="3" referenceName="Voorwaarden voor een goede werking - Relatieve vochtigheid"/><CSItem code="IT4019072" rank="3" referenceName="Duurzaamheid - Gerecycled materiaal"/><CSItem code="IT4019076" rank="3" referenceName="Kast - Voet"/><CSItem code="IT4041030" rank="3" referenceName="Wat zit er in de doos? - Gebruikersdocumentatie"/><CSItem code="3006149" rank="4" referenceName="Beeld/scherm - Effectief weergavegebied"/><CSItem code="3006693" rank="4" referenceName="Comfort - OSD-talen"/><CSItem code="IT4004954" rank="4" referenceName="Standaard - Kantelfunctie"/><CSItem code="3006931" rank="4" referenceName="Vermogen - LED-indicator voor voeding"/><CSItem code="IT4023612" rank="4" referenceName="Voorwaarden voor een goede werking - Hoogte"/><CSItem code="IT4018633" rank="4" referenceName="Duurzaamheid - Specifieke stoffen"/><CSItem code="IT4004956" rank="4" referenceName="Kast - Afwerking"/><CSItem code="3006121" rank="5" referenceName="Beeld/scherm - Beeldformaat"/><CSItem code="3006694" rank="5" referenceName="Comfort - Andere handige opties"/><CSItem code="3006932" rank="5" referenceName="Vermogen - Stroomvoorziening"/><CSItem code="IT4004949" rank="5" referenceName="Voorwaarden voor een goede werking - MTBF"/><CSItem code="3006193" rank="6" referenceName="Beeld/scherm - Optimale resolutie"/><CSItem code="3006699" rank="6" referenceName="Comfort - Plug &amp; Play-compatibiliteit"/><CSItem code="IT4039893" rank="7" referenceName="Beeld/scherm - Responstijd (normaal)"/><CSItem code="3006127" rank="8" referenceName="Beeld/scherm - Helderheid"/><CSItem code="3006133" rank="9" referenceName="Beeld/scherm - Contrastverhouding (normaal)"/><CSItem code="IT4006148" rank="10" referenceName="Beeld/scherm - SmartContrast"/><CSItem code="3006186" rank="11" referenceName="Beeld/scherm - Pixelpitch"/><CSItem code="3007518" rank="12" referenceName="Beeld/scherm - Kijkhoek"/><CSItem code="IT4036934" rank="13" referenceName="Beeld/scherm - Trillingsvrij"/><CSItem code="3006183" rank="14" referenceName="Beeld/scherm - Beeldverbetering"/><CSItem code="3006143" rank="15" referenceName="Beeld/scherm - Schermkleuren"/><CSItem code="IT4006149" rank="16" referenceName="Beeld/scherm - Scanfrequentie"/><CSItem code="3006207" rank="17" referenceName="Beeld/scherm - sRGB"/></CSItems></Purpose></Filters><FeatureCompareGroups/><Disclaimers><Disclaimer code="DIS40004161" rank="1" referenceName="EPEAT Gold_Silver*"><DisclaimerText>EPEAT Gold of Silver is alleen geldig waar Philips het product registreert. Ga naar www.epeat.net voor informatie over de registratiestatus in uw land.</DisclaimerText><DisclaimElements/></Disclaimer><Disclaimer code="DIS40004221" rank="2" referenceName="IPS technology"><DisclaimerText>"IPS"-naam/handelsmerk en verwante octrooien voor technologieën zijn eigendom van hun respectieve eigenaars.</DisclaimerText><DisclaimElements/></Disclaimer><Disclaimer code="DIS40009731" rank="3" referenceName="Response time value equal to SmartResponse"><DisclaimerText>Waarde responstijd gelijk aan SmartResponse</DisclaimerText><DisclaimElements/></Disclaimer></Disclaimers><RichTexts/></Product></Products>