<?xml version="1.0" encoding="UTF-8"?><Products xmlns:source="http://apache.org/cocoon/source/1.0" DocStatus="approved" DocTimeStamp="2018-10-20T07:18:48"><Product Country="NL" IsAccessory="false" IsLocalized="true" IsMaster="false" Locale="nl_NL" lastModified="2018-10-14T04:26:30" masterLastModified="2018-10-05T00:35:25"><CTN>173214716</CTN><Code12NC>915005197001</Code12NC><GTIN>8718696131602</GTIN><MarketingVersion>1.0.1</MarketingVersion><MarketingStatus>Final Published</MarketingStatus><CRDate>2015-05-08</CRDate><CRDateYW>201519</CRDateYW><ModelYears><ModelYear>2015</ModelYear></ModelYears><ProductDivision><ProductDivisionCode>0100</ProductDivisionCode><ProductDivisionName>Lighting</ProductDivisionName><FormerPDCode>0100</FormerPDCode></ProductDivision><ProductOwner>Tom Raman</ProductOwner><DTN>17321/47/16</DTN><Catalog><StartOfPublication>2016-03-28T00:00:00</StartOfPublication><EndOfPublication>2300-01-01T00:00:00</EndOfPublication><StartOfSales>2016-03-28T00:00:00</StartOfSales><EndOfSales>2300-01-01T00:00:00</EndOfSales><DummyPrice>79.95</DummyPrice><Deleted>false</Deleted><DeleteAfterDate/><ProductRank>50</ProductRank></Catalog><FinancialCategorization><BusinessGroupCode>9021</BusinessGroupCode><BusinessGroupName>Home</BusinessGroupName><BusinessUnitCode>9159</BusinessUnitCode><BusinessUnitName>Home Luminaires</BusinessUnitName><MainArticleGroupCode>G79</MainArticleGroupCode><MainArticleGroupName>Outdoor</MainArticleGroupName><ArticleGroupCode>4927</ArticleGroupCode><ArticleGroupName>Outdoor Wall</ArticleGroupName></FinancialCategorization><Categorization type="CONSUMER"><GroupCode>LIGHTING_GR</GroupCode><GroupName>Lighting</GroupName><CategoryCode>CHOOSE_YOUR_LUMINAIRE_CA</CategoryCode><CategoryName>Choose a fixture</CategoryName><SubcategoryCode>CONCEPT_MYGARDEN_SU</SubcategoryCode><SubcategoryName>myGarden</SubcategoryName></Categorization><Assets><Asset code="173214716" description="Leaflet" extension="pdf" lastModified="2018-10-12" locale="nl_NL" number="001" type="PSS">http://download.p4c.philips.com/files/1/173214716/173214716_pss_nldnl.pdf</Asset><Asset code="173214716" description="Retail Trade Leaflet" extension="pdf" lastModified="2018-10-12" locale="nl_NL" number="001" type="RTL">http://download.p4c.philips.com/files/1/173214716/173214716_rtl_nldnl.pdf</Asset><Asset code="173214716" description="Alternative product photograph 1 - highres 2196x1795" extension="tif" lastModified="2016-01-26" locale="global" number="001" type="A1P">http://images.philips.com/is/image/PhilipsConsumer/173214716-A1P-global-001</Asset><Asset code="173214716" description="Alternative product photograph - highres 2196x1795" extension="tif" lastModified="2016-01-26" locale="global" number="001" type="APP">http://images.philips.com/is/image/PhilipsConsumer/173214716-APP-global-001</Asset><Asset code="173214716" description="Main in-use photograph - highres 2480x1462" extension="tif" lastModified="2016-01-26" locale="global" number="001" type="MI1">http://images.philips.com/is/image/PhilipsConsumer/173214716-MI1-global-001</Asset><Asset code="173214716" description="Leaflet" extension="pdf" lastModified="2018-10-06" locale="global" number="001" type="PSS">http://download.p4c.philips.com/files/1/173214716/173214716_pss_.pdf</Asset><Asset code="173214716" description="Standard product photograph - highres 2196x1795" extension="tif" lastModified="2015-10-27" locale="global" number="001" type="RTP">http://images.philips.com/is/image/PhilipsConsumer/173214716-RTP-global-001</Asset><Asset code="173214716" description="Product in use photograph - highres 2196x1795" extension="tif" lastModified="2018-03-26" locale="global" number="001" type="UPL">http://images.philips.com/is/image/PhilipsConsumer/173214716-UPL-global-001</Asset><Asset code="173214716" description="Single product shot" extension="" lastModified="2018-10-14" locale="nl_NL" number="" type="IMS">http://images.philips.com/is/image/PhilipsConsumer/173214716-IMS-nl_NL</Asset><Asset code="173214716" description="Product gallery image set" extension="" lastModified="2018-10-14" locale="nl_NL" number="" type="GAL">http://images.philips.com/is/image/PhilipsConsumer/173214716-GAL-nl_NL</Asset><Asset code="173214716" description="Product URL" extension="" lastModified="2018-10-14" locale="nl_NL" number="" type="URL">http://www.philips.nl/c-p/173214716/mygarden-wandlamp</Asset><Asset code="F400057605" description="Feature photograph - highres 2100x1170" extension="tif" lastModified="2013-07-30" locale="global" number="001" type="FIL">http://images.philips.com/is/image/PhilipsConsumer/F400057605-FIL-global-001</Asset><Asset code="F400057627" description="Feature photograph - highres 2100x1170" extension="tif" lastModified="2013-07-30" locale="global" number="001" type="FIL">http://images.philips.com/is/image/PhilipsConsumer/F400057627-FIL-global-001</Asset><Asset code="F400057628" description="Feature photograph - highres 2100x1170" extension="tif" lastModified="2014-05-16" locale="global" number="001" type="FIL">http://images.philips.com/is/image/PhilipsConsumer/F400057628-FIL-global-001</Asset><Asset code="F400057632" description="Feature photograph - highres 2100x1170" extension="tif" lastModified="2013-07-30" locale="global" number="001" type="FIL">http://images.philips.com/is/image/PhilipsConsumer/F400057632-FIL-global-001</Asset><Asset code="F400057635" description="Feature photograph - highres 2100x1170" extension="tif" lastModified="2013-07-30" locale="global" number="001" type="FIL">http://images.philips.com/is/image/PhilipsConsumer/F400057635-FIL-global-001</Asset><Asset code="F400076495" description="Feature photograph - highres 2100x1170" extension="tif" lastModified="2016-01-18" locale="global" number="001" type="FIL">http://images.philips.com/is/image/PhilipsConsumer/F400076495-FIL-global-001</Asset><Asset code="PHI" description="Brand logo - highres 1476x886" extension="tif" lastModified="2016-02-18" locale="global" number="001" type="BRP">http://images.philips.com/is/image/PhilipsConsumer/PHI-BRP-global-001</Asset></Assets><ProductName>Grass, roestvrij staal, LED, wandlamp</ProductName><FullProductName>Philips myGarden Wandlamp 17321/47/16 Grass, roestvrij staal, LED</FullProductName><NamingString><MasterBrand><BrandCode>PHI</BrandCode><BrandName>Philips</BrandName></MasterBrand><BrandString>Philips</BrandString><Concept><ConceptCode>PLM0108MYG</ConceptCode><ConceptName>myGarden</ConceptName><ConceptNameUsed>1</ConceptNameUsed></Concept><Descriptor><DescriptorCode>PLM0830WAL</DescriptorCode><DescriptorName>Wandlamp</DescriptorName></Descriptor><Alphanumeric>17321/47/16</Alphanumeric><VersionElement1><VersionElementCode>PLM0005515</VersionElementCode><VersionElementName>Grass</VersionElementName></VersionElement1><VersionElement2><VersionElementCode>PLM018347</VersionElementCode><VersionElementName>roestvrij staal</VersionElementName></VersionElement2><VersionElement3><VersionElementCode>PLM0814Y</VersionElementCode><VersionElementName>Led</VersionElementName></VersionElement3><VersionString>Grass, roestvrij staal, LED</VersionString><BrandedFeatureString/><DescriptorBrandedFeatureString>Wandlamp</DescriptorBrandedFeatureString></NamingString><WOW>Geniet van een prachtig verlichte tuin</WOW><MarketingTextHeader>Deze nette Philips Grass LED-wandlamp voor buiten is vervaardigd van duurzaam roestvrij staal. Het unieke, open kubusdesign verlicht uw wand van boven naar beneden met twee heldere stralen warm wit licht.</MarketingTextHeader><KeyBenefitArea><KeyBenefitAreaCode>K4025076</KeyBenefitAreaCode><KeyBenefitAreaName>Ontworpen voor uw tuin</KeyBenefitAreaName><KeyBenefitAreaRank>1</KeyBenefitAreaRank><Feature><FeatureCode>F400057605</FeatureCode><FeatureReferenceName>IP44 - weather proof (outdoor lighting)</FeatureReferenceName><FeatureName>IP44 - weerbestendig</FeatureName><FeatureLongDescription>IP44 - weerbestendig</FeatureLongDescription><FeatureGlossary>Deze Philips-buitenlamp is speciaal voor vochtige buitenomgevingen ontworpen en is uitvoerig getest op waterbestendigheid. Het IP-niveau wordt aangegeven met twee cijfers: het eerste cijfer geeft het beschermingsniveau tegen stof aan en het tweede cijfer geeft de vochtbestendigheid aan. Deze lamp is met IP44 ontworpen: hij is spatwaterdicht en ideaal voor buitengebruik.</FeatureGlossary><FeatureRank>4</FeatureRank><FeatureTopRank>4</FeatureTopRank></Feature></KeyBenefitArea><KeyBenefitArea><KeyBenefitAreaCode>K4005041</KeyBenefitAreaCode><KeyBenefitAreaName>Duurzame verlichting</KeyBenefitAreaName><KeyBenefitAreaRank>2</KeyBenefitAreaRank><Feature><FeatureCode>F400057628</FeatureCode><FeatureReferenceName>High quality LED light (LED integrated)</FeatureReferenceName><FeatureName>LED-licht van topkwaliteit</FeatureName><FeatureLongDescription>LED-licht van topkwaliteit</FeatureLongDescription><FeatureGlossary>De LED-technologie die in deze Philips-lamp is geïntegreerd, is een unieke door Philips ontwikkelde oplossing. De lamp kan onmiddellijk worden ingeschakeld, biedt een optimale lichtopbrengst en brengt levendige kleuren in uw huis.</FeatureGlossary><FeatureRank>1</FeatureRank><FeatureTopRank>1</FeatureTopRank></Feature><Feature><FeatureCode>F400057635</FeatureCode><FeatureReferenceName>Warm white light (NEW lighting)</FeatureReferenceName><FeatureName>Warm wit licht</FeatureName><FeatureLongDescription>Warm wit licht</FeatureLongDescription><FeatureGlossary>Licht kan verschillende kleurtemperaturen hebben, die worden aangegeven in de eenheid Kelvin (K). Lampen met een lage Kelvin-waarde produceren een warmer, gezelliger licht, terwijl lampen met een hoge Kelvin-waarde een koeler, meer energiek licht produceren. Deze lamp van Philips geeft warmwit licht voor een gezellige sfeer.</FeatureGlossary><FeatureRank>3</FeatureRank><FeatureTopRank>2</FeatureTopRank></Feature><Feature><FeatureCode>F400057627</FeatureCode><FeatureReferenceName>Energy saving (general NEW)</FeatureReferenceName><FeatureName>Energiezuinig</FeatureName><FeatureLongDescription>Energiezuinig</FeatureLongDescription><FeatureGlossary>Deze energiebesparende Philips-lamp verbruikt minder stroom dan traditionele lichtbronnen. Zo bespaat u op uw energierekening en draagt u bij aan een beter milieu.</FeatureGlossary><FeatureRank>2</FeatureRank><FeatureTopRank>3</FeatureTopRank></Feature><Feature><FeatureCode>F400057632</FeatureCode><FeatureReferenceName>Long operating life (25 yrs lighting)</FeatureReferenceName><FeatureName>Lange levensduur</FeatureName><FeatureLongDescription>Lange levensduur - tot 25 jaar</FeatureLongDescription><FeatureGlossary>Een lichtbron waarop u kunt vertrouwen. De LED's in deze LED-lamp van Philips bieden een zeer lange levensduur van minimaal 25.000 uur (dit staat gelijk aan 25 jaar bij een gemiddeld gebruik van 3 uur per dag en minimaal 13.000 schakelcycli). Dit geeft een prettig gevoel: u hoeft zich nooit meer zorgen te maken over onderhoud of het vervangen van een lamp en u kunt thuis genieten van de perfecte sfeerverlichting.</FeatureGlossary><FeatureRank>5</FeatureRank><FeatureTopRank>5</FeatureTopRank></Feature><Feature><FeatureCode>F400076495</FeatureCode><FeatureReferenceName>5 year warranty on LED system</FeatureReferenceName><FeatureName>5 jaar garantie</FeatureName><FeatureLongDescription>Philips biedt standaard een garantie van 5 jaar op deze geïntegreerde LED-binnenverlichting.</FeatureLongDescription><FeatureGlossary>Naast de standaard 2 jaar garantie op deze lamp biedt Philips ook nog eens 5 jaar garantie op alle geïntegreerde LED-verlichting.</FeatureGlossary><FeatureRank>6</FeatureRank><FeatureTopRank>6</FeatureTopRank></Feature></KeyBenefitArea><FeatureImage><FeatureCode>F400057628</FeatureCode><FeatureReferenceName>High quality LED light (LED integrated)</FeatureReferenceName><FeatureImageRank>1</FeatureImageRank></FeatureImage><FeatureImage><FeatureCode>F400057635</FeatureCode><FeatureReferenceName>Warm white light (NEW lighting)</FeatureReferenceName><FeatureImageRank>2</FeatureImageRank></FeatureImage><FeatureImage><FeatureCode>F400057627</FeatureCode><FeatureReferenceName>Energy saving (general NEW)</FeatureReferenceName><FeatureImageRank>3</FeatureImageRank></FeatureImage><FeatureImage><FeatureCode>F400057605</FeatureCode><FeatureReferenceName>IP44 - weather proof (outdoor lighting)</FeatureReferenceName><FeatureImageRank>4</FeatureImageRank></FeatureImage><FeatureImage><FeatureCode>F400057632</FeatureCode><FeatureReferenceName>Long operating life (25 yrs lighting)</FeatureReferenceName><FeatureImageRank>5</FeatureImageRank></FeatureImage><FeatureImage><FeatureCode>F400076495</FeatureCode><FeatureReferenceName>5 year warranty on LED system</FeatureReferenceName><FeatureImageRank>6</FeatureImageRank></FeatureImage><FeatureHighlight><FeatureCode>F400057628</FeatureCode><FeatureReferenceName>High quality LED light (LED integrated)</FeatureReferenceName><FeatureHighlightRank>1</FeatureHighlightRank></FeatureHighlight><FeatureHighlight><FeatureCode>F400057635</FeatureCode><FeatureReferenceName>Warm white light (NEW lighting)</FeatureReferenceName><FeatureHighlightRank>2</FeatureHighlightRank></FeatureHighlight><FeatureHighlight><FeatureCode>F400057627</FeatureCode><FeatureReferenceName>Energy saving (general NEW)</FeatureReferenceName><FeatureHighlightRank>3</FeatureHighlightRank></FeatureHighlight><FeatureHighlight><FeatureCode>F400057605</FeatureCode><FeatureReferenceName>IP44 - weather proof (outdoor lighting)</FeatureReferenceName><FeatureHighlightRank>4</FeatureHighlightRank></FeatureHighlight><FeatureHighlight><FeatureCode>F400057632</FeatureCode><FeatureReferenceName>Long operating life (25 yrs lighting)</FeatureReferenceName><FeatureHighlightRank>5</FeatureHighlightRank></FeatureHighlight><FeatureHighlight><FeatureCode>F400076495</FeatureCode><FeatureReferenceName>5 year warranty on LED system</FeatureReferenceName><FeatureHighlightRank>6</FeatureHighlightRank></FeatureHighlight><CSChapter><CSChapterCode>CH4009145</CSChapterCode><CSChapterName>Tuin</CSChapterName><CSChapterRank>1</CSChapterRank><CSItem><CSItemCode>IT4043028</CSItemCode><CSItemName>Tuin</CSItemName><CSItemRank>1</CSItemRank><CSItemIsFreeFormat>0</CSItemIsFreeFormat><CSValue><CSValueCode>VA4099382</CSValueCode><CSValueName>Achtertuin</CSValueName><CSValueRank>1</CSValueRank></CSValue><CSValue><CSValueCode>VA4099384</CSValueCode><CSValueName>Voortuin</CSValueName><CSValueRank>1</CSValueRank></CSValue></CSItem></CSChapter><CSChapter><CSChapterCode>PLMCHP010</CSChapterCode><CSChapterName>Design en afwerking</CSChapterName><CSChapterRank>10</CSChapterRank><CSItem><CSItemCode>PLMITM010001</CSItemCode><CSItemName>Materiaal</CSItemName><CSItemRank>1</CSItemRank><CSItemIsFreeFormat>0</CSItemIsFreeFormat><CSValue><CSValueCode>PLMATR0105IN</CSValueCode><CSValueName>roestvrij staal</CSValueName><CSValueRank>1</CSValueRank></CSValue></CSItem><CSItem><CSItemCode>PLMITM010002</CSItemCode><CSItemName>Kleur</CSItemName><CSItemRank>2</CSItemRank><CSItemIsFreeFormat>0</CSItemIsFreeFormat><CSValue><CSValueCode>PLMATR018347</CSValueCode><CSValueName>roestvrij staal</CSValueName><CSValueRank>1</CSValueRank></CSValue></CSItem></CSChapter><CSChapter><CSChapterCode>PLMCHP020</CSChapterCode><CSChapterName>Extra onderdeel/accessoire meegeleverd</CSChapterName><CSChapterRank>20</CSChapterRank><CSItem><CSItemCode>PLMITM0776FX065</CSItemCode><CSItemName>5 jaar garantie</CSItemName><CSItemRank>1</CSItemRank><CSItemIsFreeFormat>0</CSItemIsFreeFormat><CSValue><CSValueCode>PLMATR0776FX065YES</CSValueCode><CSValueName>JA</CSValueName><CSValueRank>1</CSValueRank></CSValue></CSItem><CSItem><CSItemCode>PLMITM0776FX031</CSItemCode><CSItemName>Volledig weerbestendig</CSItemName><CSItemRank>4</CSItemRank><CSItemIsFreeFormat>0</CSItemIsFreeFormat><CSValue><CSValueCode>PLMATR0776FX031YES</CSValueCode><CSValueName>JA</CSValueName><CSValueRank>1</CSValueRank></CSValue></CSItem></CSChapter><CSChapter><CSChapterCode>PLMCHP030</CSChapterCode><CSChapterName>Afmetingen en gewicht van product</CSChapterName><CSChapterRank>30</CSChapterRank><CSItem><CSItemCode>PLMITM030001</CSItemCode><CSItemName>Hoogte</CSItemName><CSItemRank>1</CSItemRank><CSItemIsFreeFormat>1</CSItemIsFreeFormat><CSValue><CSValueCode>VA4042333</CSValueCode><CSValueName>12,8</CSValueName><CSValueRank>1</CSValueRank></CSValue><UnitOfMeasure><UnitOfMeasureCode>3000039</UnitOfMeasureCode><UnitOfMeasureName>centimeter</UnitOfMeasureName><UnitOfMeasureSymbol>cm</UnitOfMeasureSymbol></UnitOfMeasure></CSItem><CSItem><CSItemCode>PLMITM030004</CSItemCode><CSItemName>Lengte</CSItemName><CSItemRank>4</CSItemRank><CSItemIsFreeFormat>1</CSItemIsFreeFormat><CSValue><CSValueCode>VA4042309</CSValueCode><CSValueName>12,8</CSValueName><CSValueRank>1</CSValueRank></CSValue><UnitOfMeasure><UnitOfMeasureCode>3000039</UnitOfMeasureCode><UnitOfMeasureName>centimeter</UnitOfMeasureName><UnitOfMeasureSymbol>cm</UnitOfMeasureSymbol></UnitOfMeasure></CSItem><CSItem><CSItemCode>PLMITM030005</CSItemCode><CSItemName>Breedte</CSItemName><CSItemRank>5</CSItemRank><CSItemIsFreeFormat>1</CSItemIsFreeFormat><CSValue><CSValueCode>VA4042311</CSValueCode><CSValueName>14,5</CSValueName><CSValueRank>1</CSValueRank></CSValue><UnitOfMeasure><UnitOfMeasureCode>3000039</UnitOfMeasureCode><UnitOfMeasureName>centimeter</UnitOfMeasureName><UnitOfMeasureSymbol>cm</UnitOfMeasureSymbol></UnitOfMeasure></CSItem><CSItem><CSItemCode>PLMITM030006</CSItemCode><CSItemName>Nettogewicht</CSItemName><CSItemRank>6</CSItemRank><CSItemIsFreeFormat>1</CSItemIsFreeFormat><CSValue><CSValueCode>VA4042308</CSValueCode><CSValueName>0,570</CSValueName><CSValueRank>1</CSValueRank></CSValue><UnitOfMeasure><UnitOfMeasureCode>3000049</UnitOfMeasureCode><UnitOfMeasureName>kilogram</UnitOfMeasureName><UnitOfMeasureSymbol>kg</UnitOfMeasureSymbol></UnitOfMeasure></CSItem></CSChapter><CSChapter><CSChapterCode>PLMCHP040</CSChapterCode><CSChapterName>Technische specificaties</CSChapterName><CSChapterRank>40</CSChapterRank><CSItem><CSItemCode>PLMITM040001</CSItemCode><CSItemName>Netspanning</CSItemName><CSItemRank>1</CSItemRank><CSItemIsFreeFormat>0</CSItemIsFreeFormat><CSValue><CSValueCode>PLMATR0719220-240</CSValueCode><CSValueName>Bereik 220 V - 240 V</CSValueName><CSValueRank>1</CSValueRank></CSValue><CSValue><CSValueCode>PLMATR067350/60HZ</CSValueCode><CSValueName>50-60 Hz</CSValueName><CSValueRank>2</CSValueRank></CSValue></CSItem><CSItem><CSItemCode>PLMITM040002</CSItemCode><CSItemName>Lamptechnologie</CSItemName><CSItemRank>2</CSItemRank><CSItemIsFreeFormat>0</CSItemIsFreeFormat><CSValue><CSValueCode>PLMATRBOIBULB10131LED</CSValueCode><CSValueName>Led</CSValueName><CSValueRank>1</CSValueRank></CSValue><CSValue><CSValueCode>PLMATR0329SEL</CSValueCode><CSValueName>Safety Extra Low Voltage</CSValueName><CSValueRank>2</CSValueRank></CSValue></CSItem><CSItem><CSItemCode>PLMITM040003</CSItemCode><CSItemName>Aantal lampen</CSItemName><CSItemRank>3</CSItemRank><CSItemIsFreeFormat>1</CSItemIsFreeFormat><CSValue><CSValueCode>VA4042306</CSValueCode><CSValueName>2</CSValueName><CSValueRank>1</CSValueRank></CSValue></CSItem><CSItem><CSItemCode>PLMITM040005</CSItemCode><CSItemName>Wattage meegeleverde lamp</CSItemName><CSItemRank>5</CSItemRank><CSItemIsFreeFormat>0</CSItemIsFreeFormat><CSValue><CSValueCode>PLMATR04604_5</CSValueCode><CSValueName>4,5 W</CSValueName><CSValueRank>1</CSValueRank></CSValue></CSItem><CSItem><CSItemCode>PLMITM040007</CSItemCode><CSItemName>Lichtkleur</CSItemName><CSItemRank>7</CSItemRank><CSItemIsFreeFormat>0</CSItemIsFreeFormat><CSValue><CSValueCode>PLMATRBOIBULB106242700_K</CSValueCode><CSValueName>warm wit</CSValueName><CSValueRank>1</CSValueRank></CSValue></CSItem><CSItem><CSItemCode>PLMITM0400011</CSItemCode><CSItemName>Totaal lumen armatuur</CSItemName><CSItemRank>11</CSItemRank><CSItemIsFreeFormat>0</CSItemIsFreeFormat><CSValue><CSValueCode>PLMATR1096800</CSValueCode><CSValueName>800 lm</CSValueName><CSValueRank>1</CSValueRank></CSValue></CSItem><CSItem><CSItemCode>PLMITM0400013</CSItemCode><CSItemName>Armatuur dimbaar</CSItemName><CSItemRank>13</CSItemRank><CSItemIsFreeFormat>0</CSItemIsFreeFormat><CSValue><CSValueCode>PLMATR1075Y</CSValueCode><CSValueName>Ja</CSValueName><CSValueRank>1</CSValueRank></CSValue></CSItem><CSItem><CSItemCode>PLMITM0400014</CSItemCode><CSItemName>Led</CSItemName><CSItemRank>14</CSItemRank><CSItemIsFreeFormat>0</CSItemIsFreeFormat><CSValue><CSValueCode>PLMATR0814Y</CSValueCode><CSValueName>Ja</CSValueName><CSValueRank>1</CSValueRank></CSValue></CSItem><CSItem><CSItemCode>PLMITM0400018</CSItemCode><CSItemName>Levensduur tot</CSItemName><CSItemRank>18</CSItemRank><CSItemIsFreeFormat>1</CSItemIsFreeFormat><CSValue><CSValueCode>VA4094468</CSValueCode><CSValueName>25.000</CSValueName><CSValueRank>1</CSValueRank></CSValue><UnitOfMeasure><UnitOfMeasureCode>4000213</UnitOfMeasureCode><UnitOfMeasureName>uur</UnitOfMeasureName><UnitOfMeasureSymbol>uur</UnitOfMeasureSymbol></UnitOfMeasure></CSItem><CSItem><CSItemCode>PLMITM040026</CSItemCode><CSItemName>IP-classificatie</CSItemName><CSItemRank>26</CSItemRank><CSItemIsFreeFormat>0</CSItemIsFreeFormat><CSValue><CSValueCode>PLMATR0290IP44</CSValueCode><CSValueName>IP44</CSValueName><CSValueRank>1</CSValueRank></CSValue><CSValue><CSValueCode>PLMATR0290IP41-2</CSValueCode><CSValueName>bestand tegen voorwerpen groter dan 1 mm</CSValueName><CSValueRank>2</CSValueRank></CSValue><CSValue><CSValueCode>PLMATR0290IP24-3</CSValueCode><CSValueName>bestand tegen spatten</CSValueName><CSValueRank>3</CSValueRank></CSValue></CSItem><CSItem><CSItemCode>PLMITM040027</CSItemCode><CSItemName>Beschermingsklasse</CSItemName><CSItemRank>27</CSItemRank><CSItemIsFreeFormat>0</CSItemIsFreeFormat><CSValue><CSValueCode>PLMATR0289II</CSValueCode><CSValueName>II - dubbel geïsoleerd</CSValueName><CSValueRank>1</CSValueRank></CSValue></CSItem><CSItem><CSItemCode>PLMITM0400051</CSItemCode><CSItemName>Lichtbron equivalent aan traditionele lamp van</CSItemName><CSItemRank>51</CSItemRank><CSItemIsFreeFormat>1</CSItemIsFreeFormat><CSValue><CSValueCode>VA4081551</CSValueCode><CSValueName>35</CSValueName><CSValueRank>1</CSValueRank></CSValue><UnitOfMeasure><UnitOfMeasureCode>3000072</UnitOfMeasureCode><UnitOfMeasureName>watt</UnitOfMeasureName><UnitOfMeasureSymbol>W</UnitOfMeasureSymbol></UnitOfMeasure></CSItem></CSChapter><CSChapter><CSChapterCode>PLMCHP050</CSChapterCode><CSChapterName>Service</CSChapterName><CSChapterRank>50</CSChapterRank><CSItem><CSItemCode>PLMITM050001</CSItemCode><CSItemName>Garantie</CSItemName><CSItemRank>1</CSItemRank><CSItemIsFreeFormat>0</CSItemIsFreeFormat><CSValue><CSValueCode>PLMATR02985</CSValueCode><CSValueName>5 jaar</CSValueName><CSValueRank>1</CSValueRank></CSValue></CSItem></CSChapter><CSChapter><CSChapterCode>PLMCHP060</CSChapterCode><CSChapterName>Afmetingen en gewicht inclusief verpakking</CSChapterName><CSChapterRank>60</CSChapterRank><CSItem><CSItemCode>PLMITM060001</CSItemCode><CSItemName>Hoogte</CSItemName><CSItemRank>1</CSItemRank><CSItemIsFreeFormat>1</CSItemIsFreeFormat><CSValue><CSValueCode>VA4042312</CSValueCode><CSValueName>16,1</CSValueName><CSValueRank>1</CSValueRank></CSValue><UnitOfMeasure><UnitOfMeasureCode>3000039</UnitOfMeasureCode><UnitOfMeasureName>centimeter</UnitOfMeasureName><UnitOfMeasureSymbol>cm</UnitOfMeasureSymbol></UnitOfMeasure></CSItem><CSItem><CSItemCode>PLMITM060002</CSItemCode><CSItemName>Lengte</CSItemName><CSItemRank>2</CSItemRank><CSItemIsFreeFormat>1</CSItemIsFreeFormat><CSValue><CSValueCode>VA4042313</CSValueCode><CSValueName>13,6</CSValueName><CSValueRank>1</CSValueRank></CSValue><UnitOfMeasure><UnitOfMeasureCode>3000039</UnitOfMeasureCode><UnitOfMeasureName>centimeter</UnitOfMeasureName><UnitOfMeasureSymbol>cm</UnitOfMeasureSymbol></UnitOfMeasure></CSItem><CSItem><CSItemCode>PLMITM060003</CSItemCode><CSItemName>Breedte</CSItemName><CSItemRank>3</CSItemRank><CSItemIsFreeFormat>1</CSItemIsFreeFormat><CSValue><CSValueCode>VA4042307</CSValueCode><CSValueName>13,6</CSValueName><CSValueRank>1</CSValueRank></CSValue><UnitOfMeasure><UnitOfMeasureCode>3000039</UnitOfMeasureCode><UnitOfMeasureName>centimeter</UnitOfMeasureName><UnitOfMeasureSymbol>cm</UnitOfMeasureSymbol></UnitOfMeasure></CSItem><CSItem><CSItemCode>PLMITM060004</CSItemCode><CSItemName>Gewicht</CSItemName><CSItemRank>4</CSItemRank><CSItemIsFreeFormat>1</CSItemIsFreeFormat><CSValue><CSValueCode>VA4042304</CSValueCode><CSValueName>0,660</CSValueName><CSValueRank>1</CSValueRank></CSValue><UnitOfMeasure><UnitOfMeasureCode>3000049</UnitOfMeasureCode><UnitOfMeasureName>kilogram</UnitOfMeasureName><UnitOfMeasureSymbol>kg</UnitOfMeasureSymbol></UnitOfMeasure></CSItem></CSChapter><CSChapter><CSChapterCode>PLMCHP070</CSChapterCode><CSChapterName>Diversen</CSChapterName><CSChapterRank>70</CSChapterRank><CSItem><CSItemCode>PLMITM070001</CSItemCode><CSItemName>Speciaal ontworpen voor</CSItemName><CSItemRank>1</CSItemRank><CSItemIsFreeFormat>0</CSItemIsFreeFormat><CSValue><CSValueCode>PLMATR0970G_P</CSValueCode><CSValueName>Tuin en terras</CSValueName><CSValueRank>1</CSValueRank></CSValue></CSItem><CSItem><CSItemCode>PLMITM070002</CSItemCode><CSItemName>Stijl</CSItemName><CSItemRank>2</CSItemRank><CSItemIsFreeFormat>0</CSItemIsFreeFormat><CSValue><CSValueCode>PLMATR0628CON</CSValueCode><CSValueName>Modern</CSValueName><CSValueRank>1</CSValueRank></CSValue></CSItem><CSItem><CSItemCode>PLMITM070003</CSItemCode><CSItemName>Type</CSItemName><CSItemRank>3</CSItemRank><CSItemIsFreeFormat>0</CSItemIsFreeFormat><CSValue><CSValueCode>PLMATR0830WALL</CSValueCode><CSValueName>Wandlamp</CSValueName><CSValueRank>1</CSValueRank></CSValue></CSItem></CSChapter><Filters><Purpose type="Comparison"><Features><Feature code="F400057628" rank="1" referenceName="High quality LED light (LED integrated)"/><Feature code="F400057635" rank="2" referenceName="Warm white light (NEW lighting)"/><Feature code="F400057627" rank="3" referenceName="Energy saving (general NEW)"/><Feature code="F400057605" rank="4" referenceName="IP44 - weather proof (outdoor lighting)"/><Feature code="F400057632" rank="5" referenceName="Long operating life (25 yrs lighting)"/><Feature code="F400076495" rank="6" referenceName="5 year warranty on LED system"/></Features><CSItems><CSItem code="IT4043028" rank="1" referenceName="Tuin - Tuin"/><CSItem code="PLMITM010001" rank="1" referenceName="Design en afwerking - Materiaal"/><CSItem code="PLMITM0776FX065" rank="1" referenceName="Extra onderdeel/accessoire meegeleverd - 5 jaar garantie"/><CSItem code="PLMITM030001" rank="1" referenceName="Afmetingen en gewicht van product - Hoogte"/><CSItem code="PLMITM040001" rank="1" referenceName="Technische specificaties - Netspanning"/><CSItem code="PLMITM050001" rank="1" referenceName="Service - Garantie"/><CSItem code="PLMITM060001" rank="1" referenceName="Afmetingen en gewicht inclusief verpakking - Hoogte"/><CSItem code="PLMITM070001" rank="1" referenceName="Diversen - Speciaal ontworpen voor"/><CSItem code="PLMITM010002" rank="2" referenceName="Design en afwerking - Kleur"/><CSItem code="PLMITM040002" rank="2" referenceName="Technische specificaties - Lamptechnologie"/><CSItem code="PLMITM060002" rank="2" referenceName="Afmetingen en gewicht inclusief verpakking - Lengte"/><CSItem code="PLMITM070002" rank="2" referenceName="Diversen - Stijl"/><CSItem code="PLMITM040003" rank="3" referenceName="Technische specificaties - Aantal lampen"/><CSItem code="PLMITM060003" rank="3" referenceName="Afmetingen en gewicht inclusief verpakking - Breedte"/><CSItem code="PLMITM070003" rank="3" referenceName="Diversen - Type"/><CSItem code="PLMITM0776FX031" rank="4" referenceName="Extra onderdeel/accessoire meegeleverd - Volledig weerbestendig"/><CSItem code="PLMITM030004" rank="4" referenceName="Afmetingen en gewicht van product - Lengte"/><CSItem code="PLMITM060004" rank="4" referenceName="Afmetingen en gewicht inclusief verpakking - Gewicht"/><CSItem code="PLMITM030005" rank="5" referenceName="Afmetingen en gewicht van product - Breedte"/><CSItem code="PLMITM040005" rank="5" referenceName="Technische specificaties - Wattage meegeleverde lamp"/><CSItem code="PLMITM030006" rank="6" referenceName="Afmetingen en gewicht van product - Nettogewicht"/><CSItem code="PLMITM040007" rank="7" referenceName="Technische specificaties - Lichtkleur"/><CSItem code="PLMITM0400011" rank="11" referenceName="Technische specificaties - Totaal lumen armatuur"/><CSItem code="PLMITM0400013" rank="13" referenceName="Technische specificaties - Armatuur dimbaar"/><CSItem code="PLMITM0400014" rank="14" referenceName="Technische specificaties - Led"/><CSItem code="PLMITM0400018" rank="18" referenceName="Technische specificaties - Levensduur tot"/><CSItem code="PLMITM040026" rank="26" referenceName="Technische specificaties - IP-classificatie"/><CSItem code="PLMITM040027" rank="27" referenceName="Technische specificaties - Beschermingsklasse"/><CSItem code="PLMITM0400051" rank="51" referenceName="Technische specificaties - Lichtbron equivalent aan traditionele lamp van"/></CSItems></Purpose><Purpose type="Detail"><Features><Feature code="F400057628" rank="1" referenceName="High quality LED light (LED integrated)"/><Feature code="F400057635" rank="2" referenceName="Warm white light (NEW lighting)"/><Feature code="F400057627" rank="3" referenceName="Energy saving (general NEW)"/><Feature code="F400057605" rank="4" referenceName="IP44 - weather proof (outdoor lighting)"/><Feature code="F400057632" rank="5" referenceName="Long operating life (25 yrs lighting)"/><Feature code="F400076495" rank="6" referenceName="5 year warranty on LED system"/></Features><CSItems><CSItem code="IT4043028" rank="1" referenceName="Tuin - Tuin"/><CSItem code="PLMITM010001" rank="1" referenceName="Design en afwerking - Materiaal"/><CSItem code="PLMITM0776FX065" rank="1" referenceName="Extra onderdeel/accessoire meegeleverd - 5 jaar garantie"/><CSItem code="PLMITM030001" rank="1" referenceName="Afmetingen en gewicht van product - Hoogte"/><CSItem code="PLMITM040001" rank="1" referenceName="Technische specificaties - Netspanning"/><CSItem code="PLMITM050001" rank="1" referenceName="Service - Garantie"/><CSItem code="PLMITM060001" rank="1" referenceName="Afmetingen en gewicht inclusief verpakking - Hoogte"/><CSItem code="PLMITM070001" rank="1" referenceName="Diversen - Speciaal ontworpen voor"/><CSItem code="PLMITM010002" rank="2" referenceName="Design en afwerking - Kleur"/><CSItem code="PLMITM040002" rank="2" referenceName="Technische specificaties - Lamptechnologie"/><CSItem code="PLMITM060002" rank="2" referenceName="Afmetingen en gewicht inclusief verpakking - Lengte"/><CSItem code="PLMITM070002" rank="2" referenceName="Diversen - Stijl"/><CSItem code="PLMITM040003" rank="3" referenceName="Technische specificaties - Aantal lampen"/><CSItem code="PLMITM060003" rank="3" referenceName="Afmetingen en gewicht inclusief verpakking - Breedte"/><CSItem code="PLMITM070003" rank="3" referenceName="Diversen - Type"/><CSItem code="PLMITM0776FX031" rank="4" referenceName="Extra onderdeel/accessoire meegeleverd - Volledig weerbestendig"/><CSItem code="PLMITM030004" rank="4" referenceName="Afmetingen en gewicht van product - Lengte"/><CSItem code="PLMITM060004" rank="4" referenceName="Afmetingen en gewicht inclusief verpakking - Gewicht"/><CSItem code="PLMITM030005" rank="5" referenceName="Afmetingen en gewicht van product - Breedte"/><CSItem code="PLMITM040005" rank="5" referenceName="Technische specificaties - Wattage meegeleverde lamp"/><CSItem code="PLMITM030006" rank="6" referenceName="Afmetingen en gewicht van product - Nettogewicht"/><CSItem code="PLMITM040007" rank="7" referenceName="Technische specificaties - Lichtkleur"/><CSItem code="PLMITM0400011" rank="11" referenceName="Technische specificaties - Totaal lumen armatuur"/><CSItem code="PLMITM0400013" rank="13" referenceName="Technische specificaties - Armatuur dimbaar"/><CSItem code="PLMITM0400014" rank="14" referenceName="Technische specificaties - Led"/><CSItem code="PLMITM0400018" rank="18" referenceName="Technische specificaties - Levensduur tot"/><CSItem code="PLMITM040026" rank="26" referenceName="Technische specificaties - IP-classificatie"/><CSItem code="PLMITM040027" rank="27" referenceName="Technische specificaties - Beschermingsklasse"/><CSItem code="PLMITM0400051" rank="51" referenceName="Technische specificaties - Lichtbron equivalent aan traditionele lamp van"/></CSItems></Purpose></Filters><FeatureCompareGroups/><Disclaimers/><RichTexts/></Product></Products>