<?xml version="1.0" encoding="UTF-8"?><Products xmlns:source="http://apache.org/cocoon/source/1.0" DocStatus="approved" DocTimeStamp="2018-10-20T07:18:48"><Product Country="NL" IsAccessory="false" IsMaster="false" Locale="nl_NL" lastModified="2018-10-15T04:26:34" masterLastModified="2018-07-26T00:40:28"><CTN>12972LLECOC1</CTN><Code12NC>924096917101</Code12NC><GTIN>8727900361926</GTIN><MarketingVersion>8.0.1</MarketingVersion><MarketingStatus>Final Published</MarketingStatus><CRDate>2013-12-13</CRDate><CRDateYW>201350</CRDateYW><ModelYears><ModelYear>2013</ModelYear></ModelYears><ProductDivision><ProductDivisionCode>0100</ProductDivisionCode><ProductDivisionName>Lighting</ProductDivisionName><FormerPDCode>0100</FormerPDCode></ProductDivision><ProductOwner>Dora Leung</ProductOwner><DTN>12972LLECOC1</DTN><Catalog><StartOfPublication>2017-06-15T00:00:00</StartOfPublication><EndOfPublication>2030-06-15T00:00:00</EndOfPublication><StartOfSales>2017-06-15T00:00:00</StartOfSales><EndOfSales>2030-06-15T00:00:00</EndOfSales><DummyPrice/><Deleted>false</Deleted><DeleteAfterDate/><ProductRank>60</ProductRank></Catalog><FinancialCategorization><BusinessGroupCode>9017</BusinessGroupCode><BusinessGroupName>Lamps and Accessoires</BusinessGroupName><BusinessUnitCode>9102</BusinessUnitCode><BusinessUnitName>Automotive Lamps</BusinessUnitName><MainArticleGroupCode>B10</MainArticleGroupCode><MainArticleGroupName>Halogen/Incandescent Headlighting</MainArticleGroupName><ArticleGroupCode>0809</ArticleGroupCode><ArticleGroupName>Halogen HL bulbs one filament ECE</ArticleGroupName></FinancialCategorization><Categorization type="CONSUMER"><GroupCode>AUTOMOTIVE_GR</GroupCode><GroupName>Automotive</GroupName><CategoryCode>CAR_LIGHTS_CA</CategoryCode><CategoryName>Car lights</CategoryName><SubcategoryCode>CAR_HEADLIGHTS_SU</SubcategoryCode><SubcategoryName>Headlights</SubcategoryName></Categorization><Assets><Asset code="12972LLECOC1" description="High Quality product movie 1" extension="mp4" lastModified="2017-08-22" locale="nl_NL" number="001" type="HQ1">http://download.p4c.philips.com/files/1/12972llecoc1/12972llecoc1_hq1_nld.mp4</Asset><Asset code="12972LLECOC1" description="Leaflet" extension="pdf" lastModified="2018-09-09" locale="nl_NL" number="001" type="PSS">http://download.p4c.philips.com/files/1/12972llecoc1/12972llecoc1_pss_nldnl.pdf</Asset><Asset code="12972LLECOC1" description="Retail Trade Leaflet" extension="pdf" lastModified="2018-10-14" locale="nl_NL" number="001" type="RTL">http://download.p4c.philips.com/files/1/12972llecoc1/12972llecoc1_rtl_nldnl.pdf</Asset><Asset code="12972LLECOC1" description="Alternative product photograph 5 - highres 2196x1795" extension="tif" lastModified="2016-06-03" locale="global" number="001" type="A5P">http://images.philips.com/is/image/PhilipsConsumer/12972LLECOC1-A5P-global-001</Asset><Asset code="12972LLECOC1" description="Alternative product photograph - highres 2196x1795" extension="tif" lastModified="2014-01-17" locale="global" number="001" type="APP">http://images.philips.com/is/image/PhilipsConsumer/12972LLECOC1-APP-global-001</Asset><Asset code="12972LLECOC1" description="Main in-use photograph - highres 2480x1462" extension="tif" lastModified="2014-01-17" locale="global" number="001" type="MI1">http://images.philips.com/is/image/PhilipsConsumer/12972LLECOC1-MI1-global-001</Asset><Asset code="12972LLECOC1" description="Packaging photograph - highres 1447x756" extension="tif" lastModified="2014-01-16" locale="global" number="001" type="PID">http://images.philips.com/is/image/PhilipsConsumer/12972LLECOC1-PID-global-001</Asset><Asset code="12972LLECOC1" description="Packaging photograph - master" extension="jpg" lastModified="2014-01-16" locale="global" number="001" type="PIM">http://download.p4c.philips.com/files/1/12972llecoc1/12972llecoc1_pim_.jpg</Asset><Asset code="12972LLECOC1" description="Packaging photograph - small 90x65" extension="jpg" lastModified="2014-01-16" locale="global" number="001" type="PIS">http://download.p4c.philips.com/files/1/12972llecoc1/12972llecoc1_pis_.jpg</Asset><Asset code="12972LLECOC1" description="Leaflet" extension="pdf" lastModified="2018-07-26" locale="global" number="001" type="PSS">http://download.p4c.philips.com/files/1/12972llecoc1/12972llecoc1_pss_.pdf</Asset><Asset code="12972LLECOC1" description="Standard product photograph - highres 2196x1795" extension="tif" lastModified="2016-06-03" locale="global" number="001" type="RTP">http://images.philips.com/is/image/PhilipsConsumer/12972LLECOC1-RTP-global-001</Asset><Asset code="12972LLECOC1" description="Product In Use 1 - highres 2196x1795" extension="tif" lastModified="2018-04-04" locale="global" number="001" type="U1P">http://images.philips.com/is/image/PhilipsConsumer/12972LLECOC1-U1P-global-001</Asset><Asset code="12972LLECOC1" description="Single product shot" extension="" lastModified="2018-10-15" locale="nl_NL" number="" type="IMS">http://images.philips.com/is/image/PhilipsConsumer/12972LLECOC1-IMS-nl_NL</Asset><Asset code="12972LLECOC1" description="Product gallery image set" extension="" lastModified="2018-10-15" locale="nl_NL" number="" type="GAL">http://images.philips.com/is/image/PhilipsConsumer/12972LLECOC1-GAL-nl_NL</Asset><Asset code="12972LLECOC1" description="Product URL" extension="" lastModified="2018-10-15" locale="nl_NL" number="" type="URL">http://www.philips.nl/c-p/12972LLECOC1/longlife-ecovision</Asset><Asset code="F400058687" description="Feature photograph - highres 2100x1170" extension="tif" lastModified="2014-01-09" locale="global" number="001" type="FIL">http://images.philips.com/is/image/PhilipsConsumer/F400058687-FIL-global-001</Asset><Asset code="F400058690" description="Feature photograph - highres 2100x1170" extension="tif" lastModified="2014-01-09" locale="global" number="001" type="FIL">http://images.philips.com/is/image/PhilipsConsumer/F400058690-FIL-global-001</Asset><Asset code="F400058692" description="Feature photograph - highres 2100x1170" extension="tif" lastModified="2014-01-09" locale="global" number="001" type="FIL">http://images.philips.com/is/image/PhilipsConsumer/F400058692-FIL-global-001</Asset><Asset code="F400058694" description="Feature photograph - highres 2100x1170" extension="tif" lastModified="2013-09-24" locale="global" number="001" type="FIL">http://images.philips.com/is/image/PhilipsConsumer/F400058694-FIL-global-001</Asset><Asset code="F400058695" description="Feature photograph - highres 2100x1170" extension="tif" lastModified="2013-09-24" locale="global" number="001" type="FIL">http://images.philips.com/is/image/PhilipsConsumer/F400058695-FIL-global-001</Asset><Asset code="F400058696" description="Feature photograph - highres 2100x1170" extension="tif" lastModified="2013-09-24" locale="global" number="001" type="FIL">http://images.philips.com/is/image/PhilipsConsumer/F400058696-FIL-global-001</Asset><Asset code="F400058848" description="Feature photograph - highres 2100x1170" extension="tif" lastModified="2014-01-09" locale="global" number="001" type="FIL">http://images.philips.com/is/image/PhilipsConsumer/F400058848-FIL-global-001</Asset><Asset code="F400058853" description="Feature photograph - highres 2100x1170" extension="tif" lastModified="2014-01-09" locale="global" number="001" type="FIL">http://images.philips.com/is/image/PhilipsConsumer/F400058853-FIL-global-001</Asset><Asset code="PHI" description="Brand logo - highres 1476x886" extension="tif" lastModified="2016-02-18" locale="global" number="001" type="BRP">http://images.philips.com/is/image/PhilipsConsumer/PHI-BRP-global-001</Asset></Assets><ProductName>Type lamp: H7, verpakking van 1, koplamp voor auto</ProductName><FullProductName>Philips LongLife EcoVision koplamp auto 12972LLECOC1 Type lamp: H7 Verpakking van 1 12 V, 55W</FullProductName><NamingString><MasterBrand><BrandCode>PHI</BrandCode><BrandName>Philips</BrandName></MasterBrand><BrandString>Philips</BrandString><Family><FamilyCode>SB40004945</FamilyCode><FamilyName>LongLife EcoVision</FamilyName><FamilyNameUsed>1</FamilyNameUsed></Family><Descriptor><DescriptorCode>D4021102</DescriptorCode><DescriptorName>koplamp auto</DescriptorName></Descriptor><Alphanumeric>12972LLECOC1</Alphanumeric><VersionElement1><VersionElementCode>V4043973</VersionElementCode><VersionElementName>Type lamp: H7</VersionElementName></VersionElement1><VersionElement2><VersionElementCode>V4043913</VersionElementCode><VersionElementName>Verpakking van 1</VersionElementName></VersionElement2><VersionElement3><VersionElementCode>V4043920</VersionElementCode><VersionElementName>12 V, 55W</VersionElementName></VersionElement3><VersionString>Type lamp: H7 Verpakking van 1 12 V, 55W</VersionString><BrandedFeatureString/></NamingString><WOW>Verantwoord op weg</WOW><SubWOW>Langere levensduur, minder vaak vervangen</SubWOW><MarketingTextHeader>Hebt u er genoeg van om uw koplampen steeds te moeten vervangen? De Philips LongLife EcoVision gaat langer mee en is ideaal voor bestuurders die minimaal onderhoud aan hun voertuigen willen hebben.</MarketingTextHeader><KeyBenefitArea><KeyBenefitAreaCode>K4021616</KeyBenefitAreaCode><KeyBenefitAreaName>Gaat significant langer mee dan een standaardlamp</KeyBenefitAreaName><KeyBenefitAreaRank>1</KeyBenefitAreaRank><Feature><FeatureCode>F400058690</FeatureCode><FeatureReferenceName>Change by pairs</FeatureReferenceName><FeatureName>Per paar vervangen</FeatureName><FeatureLongDescription>Vervang beide koplampen tegelijk voor optimale veiligheid</FeatureLongDescription><FeatureGlossary>Ten zeerste aanbevolen per paar te vervangen voor symmetrische lichtsterkte</FeatureGlossary><FeatureRank>5</FeatureRank><FeatureTopRank>1</FeatureTopRank></Feature><Feature><FeatureCode>F400058687</FeatureCode><FeatureReferenceName>Designed for multiple usage</FeatureReferenceName><FeatureName>Ontworpen voor meervoudig gebruik</FeatureName><FeatureLongDescription>Uitgebreid assortiment lampen van 12 V voor allerlei toepassingen</FeatureLongDescription><FeatureGlossary>Welke 12 V-lamp moet ik hebben? Het productaanbod van Philips Automotive omvat alle toepassingen voor in de auto: groot/dimlicht, mistlamp voor, knipperlicht voor/zijkant/achterkant, remlicht, achteruitrijlicht, mistlamp achter, kentekenplaatverlichting, stadslicht/parkeerlicht, binnenverlichting.</FeatureGlossary><FeatureRank>4</FeatureRank><FeatureTopRank>2</FeatureTopRank></Feature><Feature><FeatureCode>F400058848</FeatureCode><FeatureReferenceName>Drive several times longer</FeatureReferenceName><FeatureName>Rijd langer</FeatureName><FeatureLongDescription>100.000 km zonder vervanging</FeatureLongDescription><FeatureGlossary>Met Philips LongLife EcoVision hoeven automobilisten zich minstens 100.000 km niet druk te maken over het vervangen van een koplamp.</FeatureGlossary><FeatureRank>1</FeatureRank><FeatureTopRank>3</FeatureTopRank></Feature><Feature><FeatureCode>F400058853</FeatureCode><FeatureReferenceName>Reduced maintenance</FeatureReferenceName><FeatureName>Minder onderhoud</FeatureName><FeatureLongDescription>Hoogwaardig gloeidraaddesign voor minimaal onderhoud</FeatureLongDescription><FeatureGlossary>Met Philips LongLifeEcoVision hoeft u de lamp veel minder vaak te vervangen. Hierdoor is dit de ideale lamp voor auto's met veel vermogen.</FeatureGlossary><FeatureRank>2</FeatureRank><FeatureTopRank>6</FeatureTopRank></Feature><Feature><FeatureCode>F400058855</FeatureCode><FeatureReferenceName>Reduce waste, drive greener</FeatureReferenceName><FeatureName>Minder afval voor een schoner milieu</FeatureName><FeatureLongDescription>Minder afval dankzij minder vervangingen</FeatureLongDescription><FeatureGlossary>Perfect voor automobilisten die een milieuvriendelijke verlichtingsoplossing willen.</FeatureGlossary><FeatureRank>3</FeatureRank><FeatureTopRank>10</FeatureTopRank></Feature></KeyBenefitArea><KeyBenefitArea><KeyBenefitAreaCode>K4025436</KeyBenefitAreaCode><KeyBenefitAreaName>Original Equipment Manufacturer (OEM)</KeyBenefitAreaName><KeyBenefitAreaRank>2</KeyBenefitAreaRank><Feature><FeatureCode>F400058693</FeatureCode><FeatureReferenceName>ECE homlogation</FeatureReferenceName><FeatureName>ECE-goedkeuring</FeatureName><FeatureLongDescription>Voldoet aan hoge kwaliteitseisen voor ECE-goedkeuring</FeatureLongDescription><FeatureGlossary>De autoproducten en -services van Philips worden als toonaangevend beschouwd in de Original Equipment Manufacturer-markt en de vervangingsmarkt. Onze producten worden vervaardigd van hoogwaardige materialen en volgens de hoogste specificaties. Zij zijn ontworpen voor optimale veiligheid en maximaal comfort van onze autorijdende klanten. Ons gehele assortiment is grondig getest, gecontroleerd en gecertificeerd (ISO 9001, ISO 14001 en QSO 9000) volgens de zwaarste ECE-vereisten. Kortom: dit is kwaliteit die u kunt vertrouwen.</FeatureGlossary><FeatureRank>3</FeatureRank><FeatureTopRank>4</FeatureTopRank></Feature><Feature><FeatureCode>F400058692</FeatureCode><FeatureReferenceName>Rewarded Car lamps</FeatureReferenceName><FeatureName>Bekroonde autolampen</FeatureName><FeatureLongDescription>Bekroonde autolampfabrikant</FeatureLongDescription><FeatureGlossary>Onze lampen vallen vaak in de prijzen bij deskundigen op autogebied.</FeatureGlossary><FeatureRank>2</FeatureRank><FeatureTopRank>8</FeatureTopRank></Feature><Feature><FeatureCode>F400082727</FeatureCode><FeatureReferenceName>Car manufacturers' choice-are the</FeatureReferenceName><FeatureName>Aanbevolen door autofabrikanten</FeatureName><FeatureLongDescription>Philips wordt aanbevolen door grote autofabrikanten.</FeatureLongDescription><FeatureGlossary>Philips loopt al 100 jaar actief voorop in de autoverlichtingsbranche, met technologische innovaties die nu standaard worden gebruikt in moderne auto's. Tegenwoordig is in Europa een op de twee auto's en wereldwijd een op de drie auto's voorzien van verlichting van Philips.</FeatureGlossary><FeatureRank>1</FeatureRank><FeatureTopRank>11</FeatureTopRank></Feature></KeyBenefitArea><KeyBenefitArea><KeyBenefitAreaCode>K4025539</KeyBenefitAreaCode><KeyBenefitAreaName>Hoogwaardige en ultrabestendige autolamp</KeyBenefitAreaName><KeyBenefitAreaRank>3</KeyBenefitAreaRank><Feature><FeatureCode>F400058694</FeatureCode><FeatureReferenceName>High quality quartz glass</FeatureReferenceName><FeatureName>Hoogwaardig kwartsglas</FeatureName><FeatureLongDescription>Autolampen van Philips zijn gemaakt van hoogwaardig kwartsglas</FeatureLongDescription><FeatureGlossary>UV-kwartsglas is sterker dan hardglas en zeer goed bestand tegen temperatuurverschillen en trillingen, zodat lampen zelden springen. Philips-lampen van kwartsglas (gloeidraad 2650 ºC en glas 800 ºC) kunnen probleemloos zware thermische schokken weerstaan. Bovendien wordt door de verhoogde druk in de lamp met UV-kwartsglas een krachtigere lichtstraal gegenereerd.</FeatureGlossary><FeatureRank>1</FeatureRank><FeatureTopRank>5</FeatureTopRank></Feature><Feature><FeatureCode>F400058695</FeatureCode><FeatureReferenceName>Resistance against humidity</FeatureReferenceName><FeatureName>Vochtbestendig</FeatureName><FeatureLongDescription>Autolampen van Philips zijn uitzonderlijk goed bestand tegen vochtigheid</FeatureLongDescription><FeatureGlossary>Alleen een brandende lamp van kwartsglas (gloeidraad 2650 ºC en glas 800 ºC) is bestand tegen thermische schokken: bijvoorbeeld een druppel koud water die op de hete lamp terechtkomt wanneer u door water rijdt met een gebroken koplampbehuizing.</FeatureGlossary><FeatureRank>2</FeatureRank><FeatureTopRank>7</FeatureTopRank></Feature><Feature><FeatureCode>F400058696</FeatureCode><FeatureReferenceName>UV Resistant</FeatureReferenceName><FeatureName>UV-bestendig</FeatureName><FeatureLongDescription>Autolampen van Philips zijn zeer goed bestand tegen UV-straling</FeatureLongDescription><FeatureGlossary>De speciale anti-UV-coatingtechnologie van Philips beschermt de koplampen tegen schadelijke ultraviolette stralen, waardoor kwartsglas met Philips UV-coating perfect is voor alle rijomstandigheden en de lampen gegarandeerd langer meegaan.</FeatureGlossary><FeatureRank>4</FeatureRank><FeatureTopRank>9</FeatureTopRank></Feature><Feature><FeatureCode>F400082728</FeatureCode><FeatureReferenceName>ECE homologation-Comply</FeatureReferenceName><FeatureName>ECE-goedkeuring</FeatureName><FeatureLongDescription>Voldoen aan de hoge kwaliteitseisen voor ECE-goedkeuring</FeatureLongDescription><FeatureGlossary>Philips Automotive zet zich in om producten en services van de allerbeste kwaliteit te leveren aan de Original Equipment Manufacturer-markt en de vervangingsmarkt. Onze producten worden vervaardigd van hoogwaardige materialen en volgens de hoogste specificaties. Ze zijn ontworpen voor optimale veiligheid en maximaal comfort van onze autorijdende klanten. Ons gehele assortiment is grondig getest, gecontroleerd en gecertificeerd (ISO 9001, ISO 14001 en QSO 9000) volgens de zwaarste ECE-vereisten.</FeatureGlossary><FeatureRank>3</FeatureRank><FeatureTopRank>12</FeatureTopRank></Feature></KeyBenefitArea><FeatureImage><FeatureCode>F400058690</FeatureCode><FeatureReferenceName>Change by pairs</FeatureReferenceName><FeatureImageRank>1</FeatureImageRank></FeatureImage><FeatureImage><FeatureCode>F400058687</FeatureCode><FeatureReferenceName>Designed for multiple usage</FeatureReferenceName><FeatureImageRank>2</FeatureImageRank></FeatureImage><FeatureImage><FeatureCode>F400058848</FeatureCode><FeatureReferenceName>Drive several times longer</FeatureReferenceName><FeatureImageRank>3</FeatureImageRank></FeatureImage><FeatureImage><FeatureCode>F400058693</FeatureCode><FeatureReferenceName>ECE homlogation</FeatureReferenceName><FeatureImageRank>4</FeatureImageRank></FeatureImage><FeatureImage><FeatureCode>F400058694</FeatureCode><FeatureReferenceName>High quality quartz glass</FeatureReferenceName><FeatureImageRank>5</FeatureImageRank></FeatureImage><FeatureImage><FeatureCode>F400058853</FeatureCode><FeatureReferenceName>Reduced maintenance</FeatureReferenceName><FeatureImageRank>6</FeatureImageRank></FeatureImage><FeatureImage><FeatureCode>F400058695</FeatureCode><FeatureReferenceName>Resistance against humidity</FeatureReferenceName><FeatureImageRank>7</FeatureImageRank></FeatureImage><FeatureImage><FeatureCode>F400058692</FeatureCode><FeatureReferenceName>Rewarded Car lamps</FeatureReferenceName><FeatureImageRank>8</FeatureImageRank></FeatureImage><FeatureImage><FeatureCode>F400058696</FeatureCode><FeatureReferenceName>UV Resistant</FeatureReferenceName><FeatureImageRank>9</FeatureImageRank></FeatureImage><FeatureImage><FeatureCode>F400058855</FeatureCode><FeatureReferenceName>Reduce waste, drive greener</FeatureReferenceName><FeatureImageRank>10</FeatureImageRank></FeatureImage><FeatureImage><FeatureCode>F400082727</FeatureCode><FeatureReferenceName>Car manufacturers' choice-are the</FeatureReferenceName><FeatureImageRank>11</FeatureImageRank></FeatureImage><FeatureImage><FeatureCode>F400082728</FeatureCode><FeatureReferenceName>ECE homologation-Comply</FeatureReferenceName><FeatureImageRank>12</FeatureImageRank></FeatureImage><FeatureHighlight><FeatureCode>F400058690</FeatureCode><FeatureReferenceName>Change by pairs</FeatureReferenceName><FeatureHighlightRank>1</FeatureHighlightRank></FeatureHighlight><FeatureHighlight><FeatureCode>F400058687</FeatureCode><FeatureReferenceName>Designed for multiple usage</FeatureReferenceName><FeatureHighlightRank>2</FeatureHighlightRank></FeatureHighlight><FeatureHighlight><FeatureCode>F400058848</FeatureCode><FeatureReferenceName>Drive several times longer</FeatureReferenceName><FeatureHighlightRank>3</FeatureHighlightRank></FeatureHighlight><FeatureHighlight><FeatureCode>F400058693</FeatureCode><FeatureReferenceName>ECE homlogation</FeatureReferenceName><FeatureHighlightRank>4</FeatureHighlightRank></FeatureHighlight><FeatureHighlight><FeatureCode>F400058694</FeatureCode><FeatureReferenceName>High quality quartz glass</FeatureReferenceName><FeatureHighlightRank>5</FeatureHighlightRank></FeatureHighlight><FeatureHighlight><FeatureCode>F400058853</FeatureCode><FeatureReferenceName>Reduced maintenance</FeatureReferenceName><FeatureHighlightRank>6</FeatureHighlightRank></FeatureHighlight><FeatureHighlight><FeatureCode>F400058695</FeatureCode><FeatureReferenceName>Resistance against humidity</FeatureReferenceName><FeatureHighlightRank>7</FeatureHighlightRank></FeatureHighlight><FeatureHighlight><FeatureCode>F400058692</FeatureCode><FeatureReferenceName>Rewarded Car lamps</FeatureReferenceName><FeatureHighlightRank>8</FeatureHighlightRank></FeatureHighlight><FeatureHighlight><FeatureCode>F400058696</FeatureCode><FeatureReferenceName>UV Resistant</FeatureReferenceName><FeatureHighlightRank>9</FeatureHighlightRank></FeatureHighlight><FeatureHighlight><FeatureCode>F400058855</FeatureCode><FeatureReferenceName>Reduce waste, drive greener</FeatureReferenceName><FeatureHighlightRank>10</FeatureHighlightRank></FeatureHighlight><FeatureHighlight><FeatureCode>F400082727</FeatureCode><FeatureReferenceName>Car manufacturers' choice-are the</FeatureReferenceName><FeatureHighlightRank>11</FeatureHighlightRank></FeatureHighlight><FeatureHighlight><FeatureCode>F400082728</FeatureCode><FeatureReferenceName>ECE homologation-Comply</FeatureReferenceName><FeatureHighlightRank>12</FeatureHighlightRank></FeatureHighlight><CSChapter><CSChapterCode>3001177</CSChapterCode><CSChapterName>Gegevens van de verpakking</CSChapterName><CSChapterRank>1</CSChapterRank><CSItem><CSItemCode>IT4035591</CSItemCode><CSItemName>EAN3</CSItemName><CSItemRank>1</CSItemRank><CSItemIsFreeFormat>1</CSItemIsFreeFormat><CSValue><CSValueCode>VA4082924</CSValueCode><CSValueName>8727900371024</CSValueName><CSValueRank>1</CSValueRank></CSValue></CSItem><CSItem><CSItemCode>IT4035590</CSItemCode><CSItemName>EAN1</CSItemName><CSItemRank>2</CSItemRank><CSItemIsFreeFormat>1</CSItemIsFreeFormat><CSValue><CSValueCode>VA4082922</CSValueCode><CSValueName>8727900361926</CSValueName><CSValueRank>1</CSValueRank></CSValue></CSItem><CSItem><CSItemCode>IT4000721</CSItemCode><CSItemName>Verpakkingstype</CSItemName><CSItemRank>3</CSItemRank><CSItemIsFreeFormat>0</CSItemIsFreeFormat><CSValue><CSValueCode>VA4072972</CSValueCode><CSValueName>CP</CSValueName><CSValueRank>12</CSValueRank></CSValue></CSItem></CSChapter><CSChapter><CSChapterCode>CH4006521</CSChapterCode><CSChapterName>Elektrische kenmerken</CSChapterName><CSChapterRank>2</CSChapterRank><CSItem><CSItemCode>IT4031552</CSItemCode><CSItemName>Voltage</CSItemName><CSItemRank>1</CSItemRank><CSItemIsFreeFormat>0</CSItemIsFreeFormat><CSValue><CSValueCode>VA4073723</CSValueCode><CSValueName>12</CSValueName><CSValueRank>3</CSValueRank></CSValue><UnitOfMeasure><UnitOfMeasureCode>3000071</UnitOfMeasureCode><UnitOfMeasureName>volt</UnitOfMeasureName><UnitOfMeasureSymbol>volt</UnitOfMeasureSymbol></UnitOfMeasure></CSItem><CSItem><CSItemCode>IT4031551</CSItemCode><CSItemName>Wattage</CSItemName><CSItemRank>2</CSItemRank><CSItemIsFreeFormat>0</CSItemIsFreeFormat><CSValue><CSValueCode>VA4073721</CSValueCode><CSValueName>55</CSValueName><CSValueRank>2</CSValueRank></CSValue><UnitOfMeasure><UnitOfMeasureCode>3000072</UnitOfMeasureCode><UnitOfMeasureName>watt</UnitOfMeasureName><UnitOfMeasureSymbol>W</UnitOfMeasureSymbol></UnitOfMeasure></CSItem></CSChapter><CSChapter><CSChapterCode>CH4006483</CSChapterCode><CSChapterName>Levensduur</CSChapterName><CSChapterRank>3</CSChapterRank><CSItem><CSItemCode>IT4031525</CSItemCode><CSItemName>Levensduur</CSItemName><CSItemRank>1</CSItemRank><CSItemIsFreeFormat>0</CSItemIsFreeFormat><CSValue><CSValueCode>VA4072274</CSValueCode><CSValueName>Tot 1500 uur</CSValueName><CSValueRank>14</CSValueRank></CSValue></CSItem></CSChapter><CSChapter><CSChapterCode>CH4005203</CSChapterCode><CSChapterName>Lichtkenmerken</CSChapterName><CSChapterRank>4</CSChapterRank><CSItem><CSItemCode>IT4031553</CSItemCode><CSItemName>Lumen</CSItemName><CSItemRank>1</CSItemRank><CSItemIsFreeFormat>0</CSItemIsFreeFormat><CSValue><CSValueCode>VA4073743</CSValueCode><CSValueName>1500 ±10%</CSValueName><CSValueRank>11</CSValueRank></CSValue><UnitOfMeasure><UnitOfMeasureCode>3000051</UnitOfMeasureCode><UnitOfMeasureName>lumen</UnitOfMeasureName><UnitOfMeasureSymbol>lm</UnitOfMeasureSymbol></UnitOfMeasure></CSItem></CSChapter><CSChapter><CSChapterCode>CH4006484</CSChapterCode><CSChapterName>Bestelinformatie</CSChapterName><CSChapterRank>5</CSChapterRank><CSItem><CSItemCode>IT4031526</CSItemCode><CSItemName>Bestelnummer</CSItemName><CSItemRank>1</CSItemRank><CSItemIsFreeFormat>0</CSItemIsFreeFormat><CSValue><CSValueCode>VA4072391</CSValueCode><CSValueName>12972LLECOC1</CSValueName><CSValueRank>29</CSValueRank></CSValue></CSItem><CSItem><CSItemCode>IT4031527</CSItemCode><CSItemName>Bestelcode</CSItemName><CSItemRank>2</CSItemRank><CSItemIsFreeFormat>0</CSItemIsFreeFormat><CSValue><CSValueCode>VA4072714</CSValueCode><CSValueName>36192660</CSValueName><CSValueRank>25</CSValueRank></CSValue></CSItem></CSChapter><CSChapter><CSChapterCode>CH4006541</CSChapterCode><CSChapterName>Verpakkingsinformatie</CSChapterName><CSChapterRank>6</CSChapterRank><CSItem><CSItemCode>IT4031577</CSItemCode><CSItemName>Brutogewicht per stuk</CSItemName><CSItemRank>1</CSItemRank><CSItemIsFreeFormat>0</CSItemIsFreeFormat><CSValue><CSValueCode>VA4074261</CSValueCode><CSValueName>1,75</CSValueName><CSValueRank>24</CSValueRank></CSValue><UnitOfMeasure><UnitOfMeasureCode>3000049</UnitOfMeasureCode><UnitOfMeasureName>kilogram</UnitOfMeasureName><UnitOfMeasureSymbol>kg</UnitOfMeasureSymbol></UnitOfMeasure></CSItem><CSItem><CSItemCode>IT4031576</CSItemCode><CSItemName>Hoogte</CSItemName><CSItemRank>2</CSItemRank><CSItemIsFreeFormat>0</CSItemIsFreeFormat><CSValue><CSValueCode>VA4074200</CSValueCode><CSValueName>13,5</CSValueName><CSValueRank>10</CSValueRank></CSValue><UnitOfMeasure><UnitOfMeasureCode>3000039</UnitOfMeasureCode><UnitOfMeasureName>centimeter</UnitOfMeasureName><UnitOfMeasureSymbol>cm</UnitOfMeasureSymbol></UnitOfMeasure></CSItem><CSItem><CSItemCode>IT4031574</CSItemCode><CSItemName>Lengte</CSItemName><CSItemRank>3</CSItemRank><CSItemIsFreeFormat>0</CSItemIsFreeFormat><CSValue><CSValueCode>VA4074118</CSValueCode><CSValueName>37</CSValueName><CSValueRank>16</CSValueRank></CSValue><UnitOfMeasure><UnitOfMeasureCode>3000039</UnitOfMeasureCode><UnitOfMeasureName>centimeter</UnitOfMeasureName><UnitOfMeasureSymbol>cm</UnitOfMeasureSymbol></UnitOfMeasure></CSItem><CSItem><CSItemCode>IT4031575</CSItemCode><CSItemName>Breedte</CSItemName><CSItemRank>4</CSItemRank><CSItemIsFreeFormat>0</CSItemIsFreeFormat><CSValue><CSValueCode>VA4074161</CSValueCode><CSValueName>18</CSValueName><CSValueRank>15</CSValueRank></CSValue><UnitOfMeasure><UnitOfMeasureCode>3000039</UnitOfMeasureCode><UnitOfMeasureName>centimeter</UnitOfMeasureName><UnitOfMeasureSymbol>cm</UnitOfMeasureSymbol></UnitOfMeasure></CSItem></CSChapter><CSChapter><CSChapterCode>CH4006466</CSChapterCode><CSChapterName>Productbeschrijving</CSChapterName><CSChapterRank>7</CSChapterRank><CSItem><CSItemCode>IT4031508</CSItemCode><CSItemName>Type</CSItemName><CSItemRank>1</CSItemRank><CSItemIsFreeFormat>0</CSItemIsFreeFormat><CSValue><CSValueCode>VA4071817</CSValueCode><CSValueName>H7</CSValueName><CSValueRank>17</CSValueRank></CSValue></CSItem><CSItem><CSItemCode>IT4031517</CSItemCode><CSItemName>Toepassing</CSItemName><CSItemRank>2</CSItemRank><CSItemIsFreeFormat>0</CSItemIsFreeFormat><CSValue><CSValueCode>VA4071898</CSValueCode><CSValueName>Hoge lichtstraal</CSValueName><CSValueRank>4</CSValueRank></CSValue><CSValue><CSValueCode>VA4071900</CSValueCode><CSValueName>Mistverlichting voor</CSValueName><CSValueRank>6</CSValueRank></CSValue><CSValue><CSValueCode>VA4071899</CSValueCode><CSValueName>Lage lichtstraal</CSValueName><CSValueRank>13</CSValueRank></CSValue></CSItem><CSItem><CSItemCode>IT4031518</CSItemCode><CSItemName>Aanduiding</CSItemName><CSItemRank>3</CSItemRank><CSItemIsFreeFormat>0</CSItemIsFreeFormat><CSValue><CSValueCode>VA4071955</CSValueCode><CSValueName>H7 LongLife EcoVision</CSValueName><CSValueRank>19</CSValueRank></CSValue></CSItem><CSItem><CSItemCode>IT4031521</CSItemCode><CSItemName>ECE-goedkeuring</CSItemName><CSItemRank>4</CSItemRank><CSItemIsFreeFormat>0</CSItemIsFreeFormat><CSValue><CSValueCode>VA4072195</CSValueCode><CSValueName>JA</CSValueName><CSValueRank>8</CSValueRank></CSValue></CSItem><CSItem><CSItemCode>IT4031519</CSItemCode><CSItemName>Collectie</CSItemName><CSItemRank>5</CSItemRank><CSItemIsFreeFormat>0</CSItemIsFreeFormat><CSValue><CSValueCode>VA4072108</CSValueCode><CSValueName>LongLife EcoVision</CSValueName><CSValueRank>5</CSValueRank></CSValue></CSItem><CSItem><CSItemCode>IT4031500</CSItemCode><CSItemName>Technologie</CSItemName><CSItemRank>6</CSItemRank><CSItemIsFreeFormat>0</CSItemIsFreeFormat><CSValue><CSValueCode>VA4071791</CSValueCode><CSValueName>Halogeen</CSValueName><CSValueRank>7</CSValueRank></CSValue></CSItem><CSItem><CSItemCode>IT4031520</CSItemCode><CSItemName>Voet</CSItemName><CSItemRank>7</CSItemRank><CSItemIsFreeFormat>0</CSItemIsFreeFormat><CSValue><CSValueCode>VA4072135</CSValueCode><CSValueName>PX26d</CSValueName><CSValueRank>27</CSValueRank></CSValue></CSItem></CSChapter><CSChapter><CSChapterCode>CH4006501</CSChapterCode><CSChapterName>Verpakkingsinformatie</CSChapterName><CSChapterRank>8</CSChapterRank><CSItem><CSItemCode>IT4040439</CSItemCode><CSItemName>Verpakkingshoeveelheid</CSItemName><CSItemRank>1</CSItemRank><CSItemIsFreeFormat>1</CSItemIsFreeFormat><CSValue><CSValueCode>VA4094182</CSValueCode><CSValueName>1</CSValueName><CSValueRank>1</CSValueRank></CSValue></CSItem><CSItem><CSItemCode>IT4040440</CSItemCode><CSItemName>Minimale bestelhoeveelheid (voor professionals)</CSItemName><CSItemRank>2</CSItemRank><CSItemIsFreeFormat>1</CSItemIsFreeFormat><CSValue><CSValueCode>VA4094183</CSValueCode><CSValueName>10</CSValueName><CSValueRank>1</CSValueRank></CSValue></CSItem><CSItem><CSItemCode>IT4031573</CSItemCode><CSItemName>Brutogewicht per stuk</CSItemName><CSItemRank>3</CSItemRank><CSItemIsFreeFormat>0</CSItemIsFreeFormat><CSValue><CSValueCode>VA4074000</CSValueCode><CSValueName>17,5</CSValueName><CSValueRank>26</CSValueRank></CSValue><CSValue><CSValueCode>VA4073976</CSValueCode><CSValueName>46</CSValueName><CSValueRank>28</CSValueRank></CSValue><UnitOfMeasure><UnitOfMeasureCode>4000006</UnitOfMeasureCode><UnitOfMeasureName>Gram</UnitOfMeasureName><UnitOfMeasureSymbol>g</UnitOfMeasureSymbol></UnitOfMeasure></CSItem><CSItem><CSItemCode>IT4031571</CSItemCode><CSItemName>Hoogte</CSItemName><CSItemRank>4</CSItemRank><CSItemIsFreeFormat>0</CSItemIsFreeFormat><CSValue><CSValueCode>VA4073856</CSValueCode><CSValueName>6,5</CSValueName><CSValueRank>21</CSValueRank></CSValue><UnitOfMeasure><UnitOfMeasureCode>3000039</UnitOfMeasureCode><UnitOfMeasureName>centimeter</UnitOfMeasureName><UnitOfMeasureSymbol>cm</UnitOfMeasureSymbol></UnitOfMeasure></CSItem><CSItem><CSItemCode>IT4031651</CSItemCode><CSItemName>Lengte</CSItemName><CSItemRank>5</CSItemRank><CSItemIsFreeFormat>0</CSItemIsFreeFormat><CSValue><CSValueCode>VA4074477</CSValueCode><CSValueName>3,5</CSValueName><CSValueRank>23</CSValueRank></CSValue><UnitOfMeasure><UnitOfMeasureCode>3000039</UnitOfMeasureCode><UnitOfMeasureName>centimeter</UnitOfMeasureName><UnitOfMeasureSymbol>cm</UnitOfMeasureSymbol></UnitOfMeasure></CSItem><CSItem><CSItemCode>IT4031572</CSItemCode><CSItemName>Nettogewicht per stuk</CSItemName><CSItemRank>6</CSItemRank><CSItemIsFreeFormat>0</CSItemIsFreeFormat><CSValue><CSValueCode>VA4073892</CSValueCode><CSValueName>11,8</CSValueName><CSValueRank>22</CSValueRank></CSValue><UnitOfMeasure><UnitOfMeasureCode>4000006</UnitOfMeasureCode><UnitOfMeasureName>Gram</UnitOfMeasureName><UnitOfMeasureSymbol>g</UnitOfMeasureSymbol></UnitOfMeasure></CSItem><CSItem><CSItemCode>IT4031535</CSItemCode><CSItemName>Breedte</CSItemName><CSItemRank>7</CSItemRank><CSItemIsFreeFormat>0</CSItemIsFreeFormat><CSValue><CSValueCode>VA4073827</CSValueCode><CSValueName>3,5</CSValueName><CSValueRank>18</CSValueRank></CSValue><UnitOfMeasure><UnitOfMeasureCode>3000039</UnitOfMeasureCode><UnitOfMeasureName>centimeter</UnitOfMeasureName><UnitOfMeasureSymbol>cm</UnitOfMeasureSymbol></UnitOfMeasure></CSItem></CSChapter><CSChapter><CSChapterCode>CH4006461</CSChapterCode><CSChapterName>Marketingspecificaties</CSChapterName><CSChapterRank>9</CSChapterRank><CSItem><CSItemCode>IT4031492</CSItemCode><CSItemName>Verwachte voordelen</CSItemName><CSItemRank>1</CSItemRank><CSItemIsFreeFormat>0</CSItemIsFreeFormat><CSValue><CSValueCode>VA4071767</CSValueCode><CSValueName>Lange levensduur</CSValueName><CSValueRank>1</CSValueRank></CSValue></CSItem><CSItem><CSItemCode>IT4031498</CSItemCode><CSItemName>Productkenmerk</CSItemName><CSItemRank>2</CSItemRank><CSItemIsFreeFormat>0</CSItemIsFreeFormat><CSValue><CSValueCode>VA4099675</CSValueCode><CSValueName>Langere levensduur</CSValueName><CSValueRank>20</CSValueRank></CSValue></CSItem></CSChapter><Filters><Purpose type="Comparison"><Features><Feature code="F400058690" rank="1" referenceName="Change by pairs"/><Feature code="F400058687" rank="2" referenceName="Designed for multiple usage"/><Feature code="F400058848" rank="3" referenceName="Drive several times longer"/><Feature code="F400058693" rank="4" referenceName="ECE homlogation"/><Feature code="F400058694" rank="5" referenceName="High quality quartz glass"/><Feature code="F400058853" rank="6" referenceName="Reduced maintenance"/><Feature code="F400058695" rank="7" referenceName="Resistance against humidity"/><Feature code="F400058692" rank="8" referenceName="Rewarded Car lamps"/><Feature code="F400058696" rank="9" referenceName="UV Resistant"/><Feature code="F400058855" rank="10" referenceName="Reduce waste, drive greener"/><Feature code="F400082727" rank="11" referenceName="Car manufacturers' choice-are the"/><Feature code="F400082728" rank="12" referenceName="ECE homologation-Comply"/></Features><CSItems><CSItem code="IT4035591" rank="1" referenceName="Gegevens van de verpakking - EAN3"/><CSItem code="IT4031552" rank="1" referenceName="Elektrische kenmerken - Voltage"/><CSItem code="IT4031525" rank="1" referenceName="Levensduur - Levensduur"/><CSItem code="IT4031553" rank="1" referenceName="Lichtkenmerken - Lumen"/><CSItem code="IT4031526" rank="1" referenceName="Bestelinformatie - Bestelnummer"/><CSItem code="IT4031577" rank="1" referenceName="Verpakkingsinformatie - Brutogewicht per stuk"/><CSItem code="IT4031508" rank="1" referenceName="Productbeschrijving - Type"/><CSItem code="IT4040439" rank="1" referenceName="Verpakkingsinformatie - Verpakkingshoeveelheid"/><CSItem code="IT4031492" rank="1" referenceName="Marketingspecificaties - Verwachte voordelen"/><CSItem code="IT4035590" rank="2" referenceName="Gegevens van de verpakking - EAN1"/><CSItem code="IT4031551" rank="2" referenceName="Elektrische kenmerken - Wattage"/><CSItem code="IT4031527" rank="2" referenceName="Bestelinformatie - Bestelcode"/><CSItem code="IT4031576" rank="2" referenceName="Verpakkingsinformatie - Hoogte"/><CSItem code="IT4031517" rank="2" referenceName="Productbeschrijving - Toepassing"/><CSItem code="IT4040440" rank="2" referenceName="Verpakkingsinformatie - Minimale bestelhoeveelheid (voor professionals)"/><CSItem code="IT4031498" rank="2" referenceName="Marketingspecificaties - Productkenmerk"/><CSItem code="IT4000721" rank="3" referenceName="Gegevens van de verpakking - Verpakkingstype"/><CSItem code="IT4031574" rank="3" referenceName="Verpakkingsinformatie - Lengte"/><CSItem code="IT4031518" rank="3" referenceName="Productbeschrijving - Aanduiding"/><CSItem code="IT4031573" rank="3" referenceName="Verpakkingsinformatie - Brutogewicht per stuk"/><CSItem code="IT4031575" rank="4" referenceName="Verpakkingsinformatie - Breedte"/><CSItem code="IT4031521" rank="4" referenceName="Productbeschrijving - ECE-goedkeuring"/><CSItem code="IT4031571" rank="4" referenceName="Verpakkingsinformatie - Hoogte"/><CSItem code="IT4031519" rank="5" referenceName="Productbeschrijving - Collectie"/><CSItem code="IT4031651" rank="5" referenceName="Verpakkingsinformatie - Lengte"/><CSItem code="IT4031500" rank="6" referenceName="Productbeschrijving - Technologie"/><CSItem code="IT4031572" rank="6" referenceName="Verpakkingsinformatie - Nettogewicht per stuk"/><CSItem code="IT4031520" rank="7" referenceName="Productbeschrijving - Voet"/><CSItem code="IT4031535" rank="7" referenceName="Verpakkingsinformatie - Breedte"/></CSItems></Purpose><Purpose type="Detail"><Features><Feature code="F400058690" rank="1" referenceName="Change by pairs"/><Feature code="F400058687" rank="2" referenceName="Designed for multiple usage"/><Feature code="F400058848" rank="3" referenceName="Drive several times longer"/><Feature code="F400058693" rank="4" referenceName="ECE homlogation"/><Feature code="F400058694" rank="5" referenceName="High quality quartz glass"/><Feature code="F400058853" rank="6" referenceName="Reduced maintenance"/><Feature code="F400058695" rank="7" referenceName="Resistance against humidity"/><Feature code="F400058692" rank="8" referenceName="Rewarded Car lamps"/><Feature code="F400058696" rank="9" referenceName="UV Resistant"/><Feature code="F400058855" rank="10" referenceName="Reduce waste, drive greener"/><Feature code="F400082727" rank="11" referenceName="Car manufacturers' choice-are the"/><Feature code="F400082728" rank="12" referenceName="ECE homologation-Comply"/></Features><CSItems><CSItem code="IT4035591" rank="1" referenceName="Gegevens van de verpakking - EAN3"/><CSItem code="IT4031552" rank="1" referenceName="Elektrische kenmerken - Voltage"/><CSItem code="IT4031525" rank="1" referenceName="Levensduur - Levensduur"/><CSItem code="IT4031553" rank="1" referenceName="Lichtkenmerken - Lumen"/><CSItem code="IT4031526" rank="1" referenceName="Bestelinformatie - Bestelnummer"/><CSItem code="IT4031577" rank="1" referenceName="Verpakkingsinformatie - Brutogewicht per stuk"/><CSItem code="IT4031508" rank="1" referenceName="Productbeschrijving - Type"/><CSItem code="IT4040439" rank="1" referenceName="Verpakkingsinformatie - Verpakkingshoeveelheid"/><CSItem code="IT4031492" rank="1" referenceName="Marketingspecificaties - Verwachte voordelen"/><CSItem code="IT4035590" rank="2" referenceName="Gegevens van de verpakking - EAN1"/><CSItem code="IT4031551" rank="2" referenceName="Elektrische kenmerken - Wattage"/><CSItem code="IT4031527" rank="2" referenceName="Bestelinformatie - Bestelcode"/><CSItem code="IT4031576" rank="2" referenceName="Verpakkingsinformatie - Hoogte"/><CSItem code="IT4031517" rank="2" referenceName="Productbeschrijving - Toepassing"/><CSItem code="IT4040440" rank="2" referenceName="Verpakkingsinformatie - Minimale bestelhoeveelheid (voor professionals)"/><CSItem code="IT4031498" rank="2" referenceName="Marketingspecificaties - Productkenmerk"/><CSItem code="IT4000721" rank="3" referenceName="Gegevens van de verpakking - Verpakkingstype"/><CSItem code="IT4031574" rank="3" referenceName="Verpakkingsinformatie - Lengte"/><CSItem code="IT4031518" rank="3" referenceName="Productbeschrijving - Aanduiding"/><CSItem code="IT4031573" rank="3" referenceName="Verpakkingsinformatie - Brutogewicht per stuk"/><CSItem code="IT4031575" rank="4" referenceName="Verpakkingsinformatie - Breedte"/><CSItem code="IT4031521" rank="4" referenceName="Productbeschrijving - ECE-goedkeuring"/><CSItem code="IT4031571" rank="4" referenceName="Verpakkingsinformatie - Hoogte"/><CSItem code="IT4031519" rank="5" referenceName="Productbeschrijving - Collectie"/><CSItem code="IT4031651" rank="5" referenceName="Verpakkingsinformatie - Lengte"/><CSItem code="IT4031500" rank="6" referenceName="Productbeschrijving - Technologie"/><CSItem code="IT4031572" rank="6" referenceName="Verpakkingsinformatie - Nettogewicht per stuk"/><CSItem code="IT4031520" rank="7" referenceName="Productbeschrijving - Voet"/><CSItem code="IT4031535" rank="7" referenceName="Verpakkingsinformatie - Breedte"/></CSItems></Purpose></Filters><FeatureCompareGroups/><Disclaimers/><RichTexts/></Product></Products>