<?xml version="1.0" encoding="UTF-8"?><Products xmlns:source="http://apache.org/cocoon/source/1.0" DocStatus="approved" DocTimeStamp="2018-10-20T07:18:48"><Product Country="NL" IsAccessory="false" IsLocalized="true" IsMaster="false" Locale="nl_NL" lastModified="2018-10-19T04:27:58" masterLastModified="2018-08-24T00:20:53"><CTN>43PUS7393/12</CTN><Code12NC>867000152489</Code12NC><GTIN>8718863015490</GTIN><MarketingVersion>9.0.1</MarketingVersion><MarketingStatus>Final Published</MarketingStatus><CRDate>2018-04-27</CRDate><CRDateYW>201817</CRDateYW><ModelYears><ModelYear>2018</ModelYear><ModelYear>2019</ModelYear><ModelYear>2020</ModelYear></ModelYears><ProductDivision><ProductDivisionCode>0200</ProductDivisionCode><ProductDivisionName>Consumer Lifestyle</ProductDivisionName><FormerPDCode>3400</FormerPDCode></ProductDivision><ProductOwner>Albert Lin</ProductOwner><DTN>43PUS7393/12</DTN><Catalog><StartOfPublication>2018-05-27T00:00:00</StartOfPublication><EndOfPublication>2019-08-27T00:00:00</EndOfPublication><StartOfSales>2018-05-27T00:00:00</StartOfSales><EndOfSales>2019-08-27T00:00:00</EndOfSales><DummyPrice/><Deleted>false</Deleted><DeleteAfterDate/><ProductRank>50</ProductRank></Catalog><FinancialCategorization><BusinessGroupCode>6918</BusinessGroupCode><BusinessGroupName>TV</BusinessGroupName><BusinessUnitCode>0680</BusinessUnitCode><BusinessUnitName>TV</BusinessUnitName><MainArticleGroupCode>C34</MainArticleGroupCode><MainArticleGroupName>Philips LCD - L Screen &gt;=40 =&lt;44i</MainArticleGroupName><ArticleGroupCode>7600</ArticleGroupCode><ArticleGroupName>Philips LCD - L Screen &gt;=40 =&lt;44i</ArticleGroupName></FinancialCategorization><Categorization type="CONSUMER"><GroupCode>SOUND_AND_VISION_GR</GroupCode><GroupName>Sound &amp; vision</GroupName><CategoryCode>TV_CA</CategoryCode><CategoryName>TV</CategoryName><SubcategoryCode>AMBLIGHT_SU</SubcategoryCode><SubcategoryName>Ambilight</SubcategoryName></Categorization><Assets><Asset code="43PUS7393_12" description="Leaflet" extension="pdf" lastModified="2018-10-16" locale="nl_NL" number="001" type="PSS">http://download.p4c.philips.com/files/4/43pus7393_12/43pus7393_12_pss_nldnl.pdf</Asset><Asset code="43PUS7393_12" description="Retail Trade Leaflet" extension="pdf" lastModified="2018-10-05" locale="nl_NL" number="001" type="RTL">http://download.p4c.philips.com/files/4/43pus7393_12/43pus7393_12_rtl_nldnl.pdf</Asset><Asset code="43PUS7393_12" description="Product 3D" extension="zip" lastModified="2018-08-30" locale="global" number="001" type="P3D">http://images.philips.com/is/image/PhilipsConsumer/43PUS7393_12-P3D-global</Asset><Asset code="43PUS7393_12" description="Leaflet" extension="pdf" lastModified="2018-10-16" locale="global" number="001" type="PSS">http://download.p4c.philips.com/files/4/43pus7393_12/43pus7393_12_pss_.pdf</Asset><Asset code="43PUS7393_12" description="Single product shot" extension="" lastModified="2018-10-19" locale="nl_NL" number="" type="IMS">http://images.philips.com/is/image/PhilipsConsumer/43PUS7393_12-IMS-nl_NL</Asset><Asset code="43PUS7393_12" description="Product gallery image set" extension="" lastModified="2018-10-19" locale="nl_NL" number="" type="GAL">http://images.philips.com/is/image/PhilipsConsumer/43PUS7393_12-GAL-nl_NL</Asset><Asset code="43PUS7393_12" description="Product URL" extension="" lastModified="2018-10-19" locale="nl_NL" number="" type="URL">http://www.philips.nl/c-p/43PUS7393_12/7300-series-ultraslanke-4k-uhd-led-android-tv-met-driezijdig-ambilight</Asset><Asset code="F400051153" description="Feature photograph - highres 2100x1170" extension="tif" lastModified="2013-01-04" locale="global" number="001" type="FIL">http://images.philips.com/is/image/PhilipsConsumer/F400051153-FIL-global-001</Asset><Asset code="F400051153" description="Feature logo - highres 331x213" extension="tif" lastModified="2013-01-23" locale="global" number="001" type="FLP">http://images.philips.com/is/image/PhilipsConsumer/F400051153-FLP-global-001</Asset><Asset code="F400076576" description="Feature photograph - highres 2100x1170" extension="tif" lastModified="2016-08-09" locale="global" number="001" type="FIL">http://images.philips.com/is/image/PhilipsConsumer/F400076576-FIL-global-001</Asset><Asset code="F400076576" description="Feature logo - highres 331x213" extension="tif" lastModified="2016-01-27" locale="global" number="001" type="FLP">http://images.philips.com/is/image/PhilipsConsumer/F400076576-FLP-global-001</Asset><Asset code="F400076576" description="Feature movie activation image big - 640 x 360" extension="jpg" lastModified="2016-08-16" locale="global" number="001" type="FMB">http://images.philips.com/is/image/PhilipsConsumer/F400076576-FMB-global-001</Asset><Asset code="F400076576" description="Feature movie (with spoken or written text)" extension="flv" lastModified="2016-08-18" locale="nl_NL" number="001" type="FML">F400076576-FML-nl_NL-001.flv</Asset><Asset code="F400078749" description="Feature photograph - highres 2100x1170" extension="tif" lastModified="2018-04-25" locale="global" number="001" type="FIL">http://images.philips.com/is/image/PhilipsConsumer/F400078749-FIL-global-001</Asset><Asset code="F400078749" description="Feature logo - highres 331x213" extension="tif" lastModified="2016-05-12" locale="global" number="001" type="FLP">http://images.philips.com/is/image/PhilipsConsumer/F400078749-FLP-global-001</Asset><Asset code="F400082103" description="Feature logo - highres 331x213" extension="tif" lastModified="2017-03-16" locale="global" number="001" type="FLP">http://images.philips.com/is/image/PhilipsConsumer/F400082103-FLP-global-001</Asset><Asset code="F400085374" description="Feature logo - highres 331x213" extension="tif" lastModified="2017-12-20" locale="global" number="001" type="FLP">http://images.philips.com/is/image/PhilipsConsumer/F400085374-FLP-global-001</Asset><Asset code="F400085580" description="Feature logo - highres 331x213" extension="tif" lastModified="2018-10-16" locale="global" number="001" type="FLP">http://images.philips.com/is/image/PhilipsConsumer/F400085580-FLP-global-001</Asset><Asset code="F400085582" description="Feature logo - highres 331x213" extension="tif" lastModified="2017-12-21" locale="global" number="001" type="FLP">http://images.philips.com/is/image/PhilipsConsumer/F400085582-FLP-global-001</Asset><Asset code="F400085586" description="Feature photograph - highres 2100x1170" extension="tif" lastModified="2018-04-25" locale="global" number="001" type="FIL">http://images.philips.com/is/image/PhilipsConsumer/F400085586-FIL-global-001</Asset><Asset code="F400085586" description="Feature logo - highres 331x213" extension="tif" lastModified="2018-01-12" locale="global" number="001" type="FLP">http://images.philips.com/is/image/PhilipsConsumer/F400085586-FLP-global-001</Asset><Asset code="F400085586" description="Feature movie activation image big - 640 x 360" extension="jpg" lastModified="2018-04-18" locale="global" number="001" type="FMB">http://images.philips.com/is/image/PhilipsConsumer/F400085586-FMB-global-001</Asset><Asset code="F400085586_43PUS7393_12" description="Feature photograph - highres 2100x1170" extension="tif" lastModified="2018-04-25" locale="global" number="001" type="FIL">http://images.philips.com/is/image/PhilipsConsumer/F400085586_43PUS7393_12-FIL-global-001</Asset><Asset code="F400085586_43PUS7393_12" description="Feature logo - highres 331x213" extension="tif" lastModified="2018-01-12" locale="global" number="001" type="FLP">http://images.philips.com/is/image/PhilipsConsumer/F400085586_43PUS7393_12-FLP-global-001</Asset><Asset code="F400085586_43PUS7393_12" description="Feature movie activation image big - 640 x 360" extension="jpg" lastModified="2018-04-18" locale="global" number="001" type="FMB">http://images.philips.com/is/image/PhilipsConsumer/F400085586_43PUS7393_12-FMB-global-001</Asset><Asset code="F400085602" description="Feature photograph - highres 2100x1170" extension="tif" lastModified="2018-04-17" locale="global" number="001" type="FIL">http://images.philips.com/is/image/PhilipsConsumer/F400085602-FIL-global-001</Asset><Asset code="F400085602" description="Feature logo - highres 331x213" extension="tif" lastModified="2018-01-12" locale="global" number="001" type="FLP">http://images.philips.com/is/image/PhilipsConsumer/F400085602-FLP-global-001</Asset><Asset code="F400085602" description="Feature movie activation image big - 640 x 360" extension="jpg" lastModified="2018-04-17" locale="global" number="001" type="FMB">http://images.philips.com/is/image/PhilipsConsumer/F400085602-FMB-global-001</Asset><Asset code="F400085602_43PUS7393_12" description="Feature photograph - highres 2100x1170" extension="tif" lastModified="2018-04-17" locale="global" number="001" type="FIL">http://images.philips.com/is/image/PhilipsConsumer/F400085602_43PUS7393_12-FIL-global-001</Asset><Asset code="F400085602_43PUS7393_12" description="Feature logo - highres 331x213" extension="tif" lastModified="2018-01-12" locale="global" number="001" type="FLP">http://images.philips.com/is/image/PhilipsConsumer/F400085602_43PUS7393_12-FLP-global-001</Asset><Asset code="F400085602_43PUS7393_12" description="Feature movie activation image big - 640 x 360" extension="jpg" lastModified="2018-04-17" locale="global" number="001" type="FMB">http://images.philips.com/is/image/PhilipsConsumer/F400085602_43PUS7393_12-FMB-global-001</Asset><Asset code="F400085602_43PUS7393_12" description="Feature movie (with spoken or written text)" extension="mp4" lastModified="2018-04-11" locale="nl_NL" number="001" type="FML">F400085602_43PUS7393_12-FML-nl_NL-001.mp4</Asset><Asset code="F400085607_43PUS7393_12" description="Feature photograph - highres 2100x1170" extension="tif" lastModified="2018-04-18" locale="global" number="001" type="FIL">http://images.philips.com/is/image/PhilipsConsumer/F400085607_43PUS7393_12-FIL-global-001</Asset><Asset code="F400085609" description="Feature photograph - highres 2100x1170" extension="tif" lastModified="2018-04-17" locale="global" number="001" type="FIL">http://images.philips.com/is/image/PhilipsConsumer/F400085609-FIL-global-001</Asset><Asset code="F400085609" description="Feature movie activation image big - 640 x 360" extension="jpg" lastModified="2018-04-17" locale="global" number="001" type="FMB">http://images.philips.com/is/image/PhilipsConsumer/F400085609-FMB-global-001</Asset><Asset code="F400085609_43PUS7393_12" description="Feature photograph - highres 2100x1170" extension="tif" lastModified="2018-04-17" locale="global" number="001" type="FIL">http://images.philips.com/is/image/PhilipsConsumer/F400085609_43PUS7393_12-FIL-global-001</Asset><Asset code="F400085609_43PUS7393_12" description="Feature movie activation image big - 640 x 360" extension="jpg" lastModified="2018-04-17" locale="global" number="001" type="FMB">http://images.philips.com/is/image/PhilipsConsumer/F400085609_43PUS7393_12-FMB-global-001</Asset><Asset code="F400085615_43PUS7393_12" description="Feature photograph - highres 2100x1170" extension="tif" lastModified="2018-04-17" locale="global" number="001" type="FIL">http://images.philips.com/is/image/PhilipsConsumer/F400085615_43PUS7393_12-FIL-global-001</Asset><Asset code="F400085615_43PUS7393_12" description="Feature logo - highres 331x213" extension="tif" lastModified="2017-12-21" locale="global" number="001" type="FLP">http://images.philips.com/is/image/PhilipsConsumer/F400085615_43PUS7393_12-FLP-global-001</Asset><Asset code="F400086612" description="Feature logo - highres 331x213" extension="tif" lastModified="2018-03-06" locale="global" number="001" type="FLP">http://images.philips.com/is/image/PhilipsConsumer/F400086612-FLP-global-001</Asset><Asset code="PHI" description="Brand logo - highres 1476x886" extension="tif" lastModified="2016-02-18" locale="global" number="001" type="BRP">http://images.philips.com/is/image/PhilipsConsumer/PHI-BRP-global-001</Asset></Assets><ProductName>Ultraslanke 4K UHD LED Android TV</ProductName><FullProductName>Philips 7300 series Ultraslanke 4K UHD LED Android TV 43PUS7393 108 cm (43") Ambilight TV, 1600 Picture Performance Index, HDR Plus P5 Perfect Picture Engine met driezijdig Ambilight</FullProductName><NamingString><MasterBrand><BrandCode>PHI</BrandCode><BrandName>Philips</BrandName></MasterBrand><BrandString>Philips</BrandString><Concept><ConceptCode>SB40000751</ConceptCode><ConceptName>7300 series</ConceptName><ConceptNameUsed>1</ConceptNameUsed></Concept><Descriptor><DescriptorCode>D4030715</DescriptorCode><DescriptorName>Ultraslanke 4K UHD LED Android TV</DescriptorName></Descriptor><Alphanumeric>43PUS7393</Alphanumeric><VersionElement1><VersionElementCode>V4046334</VersionElementCode><VersionElementName>108 cm (43") Ambilight TV</VersionElementName></VersionElement1><VersionElement2><VersionElementCode>V4046029</VersionElementCode><VersionElementName>1600 Picture Performance Index</VersionElementName></VersionElement2><VersionElement3><VersionElementCode>V4046021</VersionElementCode><VersionElementName>HDR Plus</VersionElementName></VersionElement3><VersionElement4><VersionElementCode>V4046024</VersionElementCode><VersionElementName>P5 Perfect Picture Engine</VersionElementName></VersionElement4><VersionString>108 cm (43") Ambilight TV, 1600 Picture Performance Index, HDR Plus P5 Perfect Picture Engine</VersionString><BrandedFeatureCode1>F400085586_43PUS7393_12</BrandedFeatureCode1><BrandedFeatureString>met driezijdig Ambilight</BrandedFeatureString><DescriptorBrandedFeatureString>Ultraslanke 4K UHD LED Android TV met driezijdig Ambilight</DescriptorBrandedFeatureString></NamingString><WOW>Ultraslanke 4K UHD LED Android TV</WOW><SubWOW>met driezijdig Ambilight</SubWOW><MarketingTextHeader>Geniet volop van uw favoriet programma's, films en games met een 4K UHD-TV waarmee content van elke bron er superieur uitziet. Met Android TV, draadloze connectiviteit en Ambilight gaat u helemaal op in uw streamervaring.</MarketingTextHeader><KeyBenefitArea><KeyBenefitAreaCode>K4035091</KeyBenefitAreaCode><KeyBenefitAreaName>Scherp. Licht. Meeslepend.</KeyBenefitAreaName><KeyBenefitAreaRank>1</KeyBenefitAreaRank><Feature><FeatureCode>F400085586_43PUS7393_12</FeatureCode><FeatureReferenceName>Ambilight 3-sided EU</FeatureReferenceName><FeatureName>Driezijdig Ambilight</FeatureName><FeatureLongDescription>Ambilight. De emotie spat van het scherm af.</FeatureLongDescription><FeatureGlossary>Met Philips Ambilight krijgen films en games extra diepte. Uw muziek krijgt een eigen lichtshow. En het scherm voelt groter dan het is. De intelligente LED's aan de randen van de TV schijnen de kleuren op het scherm in realtime naar de muren en de rest van de kamer. U krijgt perfect afgestemde sfeerverlichting en dus een extra reden om van uw TV te houden.</FeatureGlossary><FeatureRank>4</FeatureRank><FeatureTopRank>1</FeatureTopRank></Feature><Feature><FeatureCode>F400085626</FeatureCode><FeatureReferenceName>Slender Bezel 2018</FeatureReferenceName><FeatureName>Slanke rand</FeatureName><FeatureLongDescription>Slanke rand en metalen standaard.</FeatureLongDescription><FeatureRank>8</FeatureRank><FeatureTopRank>2</FeatureTopRank></Feature></KeyBenefitArea><KeyBenefitArea><KeyBenefitAreaCode>K4035092</KeyBenefitAreaCode><KeyBenefitAreaName>Geniet van de schoonheid van 4K</KeyBenefitAreaName><KeyBenefitAreaRank>2</KeyBenefitAreaRank><Feature><FeatureCode>F400085580</FeatureCode><FeatureReferenceName>4K Ultra HD EU</FeatureReferenceName><FeatureName>4K Ultra HD</FeatureName><FeatureLongDescription>4K Ultra HD. Beelden die zo scherp zijn dat u het gevoel hebt dat u erbij bent.</FeatureLongDescription><FeatureGlossary>Met Ultra HD geniet u van vier keer de resolutie van gewoon Full HD dankzij meer dan acht miljoen pixels en onze unieke Ultra Resolution Upscaling-technologie. Geniet van beter en scherper beeld met meer diepte, contrast, natuurlijke bewegingen en levendige details, ongeacht de originele content.</FeatureGlossary><FeatureRank>2</FeatureRank><FeatureTopRank>3</FeatureTopRank></Feature><Feature><FeatureCode>F400085602_43PUS7393_12</FeatureCode><FeatureReferenceName>P5 Processing Engine EU</FeatureReferenceName><FeatureName>P5 Perfect Picture Engine</FeatureName><FeatureLongDescription>Philips P5-engine. Altijd perfect, ongeacht de bron.</FeatureLongDescription><FeatureGlossary>De Philips P5 Perfect Picture Engine zorgt voor een beeld dat net zo fantastisch is als wat u graag kijkt. Details hebben meer diepte. Kleuren zijn levendig en huidtinten zien er natuurlijk uit. Contrast is zo helder dat u elk detail haast kun voelen. En bewegingen zijn zo vloeiend dat u de bal nooit uit het oog verliest, ongeacht hoe snel er wordt gespeeld.</FeatureGlossary><FeatureRank>6</FeatureRank><FeatureTopRank>4</FeatureTopRank></Feature></KeyBenefitArea><KeyBenefitArea><KeyBenefitAreaCode>K4035070</KeyBenefitAreaCode><KeyBenefitAreaName>Rijke kleur. Scherp contrast.</KeyBenefitAreaName><KeyBenefitAreaRank>3</KeyBenefitAreaRank><Feature><FeatureCode>F400085615_43PUS7393_12</FeatureCode><FeatureReferenceName>HDR Plus EU</FeatureReferenceName><FeatureName>High Dynamic Range Plus</FeatureName><FeatureLongDescription>HDR Plus. Verbeterd contrast, kleur en scherpte.</FeatureLongDescription><FeatureGlossary>High Dynamic Range Plus is een nieuwe videostandaard. Home entertainment wordt opnieuw gedefinieerd door de vooruitgang op het gebied van contrast en kleur. Streel uw zintuigen met rijke, levendige scènes, zoals de regisseur het bedoelde. Het eindresultaat? Helderdere beelden, beter contrast en nog betere kleuren, waardoor u meer details ziet dan ooit.</FeatureGlossary><FeatureRank>1</FeatureRank><FeatureTopRank>5</FeatureTopRank></Feature><Feature><FeatureCode>F400085582</FeatureCode><FeatureReferenceName>Micro Dimming Pro EU</FeatureReferenceName><FeatureName>Micro Dimming Pro</FeatureName><FeatureLongDescription>Micro Dimming Pro. Intelligent contrast voor dynamische scènes.</FeatureLongDescription><FeatureGlossary>Micro Dimming Pro optimaliseert het contrast op uw TV op basis van de lichtomstandigheden in uw kamer. Dankzij de combinatie met de speciale software die het beeld in 6400 verschillende zones analyseert, kunt u genieten van ongelooflijk contrast en beeldkwaliteit voor een levensechte visuele beleving, zowel overdag als 's avonds.</FeatureGlossary><FeatureRank>5</FeatureRank><FeatureTopRank>6</FeatureTopRank></Feature></KeyBenefitArea><KeyBenefitArea><KeyBenefitAreaCode>K4035093</KeyBenefitAreaCode><KeyBenefitAreaName>Android TV: krachtig en slim</KeyBenefitAreaName><KeyBenefitAreaRank>4</KeyBenefitAreaRank><Feature><FeatureCode>F400085630</FeatureCode><FeatureReferenceName>Quad Core + Android EU</FeatureReferenceName><FeatureName>Quad Core + Android</FeatureName><FeatureLongDescription>Quad Core-processor en Android. Ontketen uw content.</FeatureLongDescription><FeatureGlossary>De Philips Quad Core-processor complementeert de kracht van Android voor een spannende game-ervaring. En met Android op uw TV kunt u supersnel, super-intuïtief en met superveel plezier navigeren, apps starten en video's afspelen.</FeatureGlossary><FeatureRank>9</FeatureRank><FeatureTopRank>7</FeatureTopRank></Feature><Feature><FeatureCode>F400085609_43PUS7393_12</FeatureCode><FeatureReferenceName>Google Assistant built-in EU</FeatureReferenceName><FeatureName>Google Assistant ingebouwd</FeatureName><FeatureLongDescription>Google Assistant ingebouwd. Content en meer binnen handbereik.</FeatureLongDescription><FeatureGlossary>Bedien uw Philips Android TV met uw stem. Wilt u gamen, Netflix kijken of content en apps zoeken in de Google Play Store? Vraag het uw televisie. U kunt ook alle met Google Assistant compatibele Smart Home-apparaten met uw stem bedienen, om op een filmavondje bijvoorbeeld de lampen te dimmen en de thermostaat in te stellen, zonder van de bank te komen.</FeatureGlossary><FeatureRank>3</FeatureRank><FeatureTopRank>8</FeatureTopRank></Feature><Feature><FeatureCode>F400085607_43PUS7393_12</FeatureCode><FeatureReferenceName>Google Play + Philips TV/STA gallery + 16GB memory EU</FeatureReferenceName><FeatureName>TV-inhoud</FeatureName><FeatureLongDescription>Google Play Store en de Philips App Gallery. Nog meer voordelen.</FeatureLongDescription><FeatureGlossary>Breid het gewone aanbod TV-programma's uit met Google Play Store en Philips App Gallery. Geniet eindeloos van films, TV, muziek, apps en games online. Nog meer voordelen.</FeatureGlossary><FeatureRank>7</FeatureRank><FeatureTopRank>9</FeatureTopRank></Feature></KeyBenefitArea><FeatureLogo><FeatureCode>F400085586_43PUS7393_12</FeatureCode><FeatureReferenceName>Ambilight 3-sided EU</FeatureReferenceName><FeatureLogoRank>1</FeatureLogoRank></FeatureLogo><FeatureLogo><FeatureCode>F400076576</FeatureCode><FeatureReferenceName>4K Ultra HD (2016)</FeatureReferenceName><FeatureLogoRank>4</FeatureLogoRank></FeatureLogo><FeatureLogo><FeatureCode>F400085602_43PUS7393_12</FeatureCode><FeatureReferenceName>P5 Processing Engine EU</FeatureReferenceName><FeatureLogoRank>5</FeatureLogoRank></FeatureLogo><FeatureLogo><FeatureCode>F400078749</FeatureCode><FeatureReferenceName>HDR Plus (2016)</FeatureReferenceName><FeatureLogoRank>6</FeatureLogoRank></FeatureLogo><FeatureLogo><FeatureCode>F400085374</FeatureCode><FeatureReferenceName>1600 PPI (2018)</FeatureReferenceName><FeatureLogoRank>7</FeatureLogoRank></FeatureLogo><FeatureLogo><FeatureCode>F400082103</FeatureCode><FeatureReferenceName>Android TV (2017)</FeatureReferenceName><FeatureLogoRank>8</FeatureLogoRank></FeatureLogo><FeatureLogo><FeatureCode>F400086612</FeatureCode><FeatureReferenceName>Dolby Audio (2018)</FeatureReferenceName><FeatureLogoRank>9</FeatureLogoRank></FeatureLogo><FeatureLogo><FeatureCode>F400051153</FeatureCode><FeatureReferenceName>Four HDMI inputs with Easylink (2013)</FeatureReferenceName><FeatureLogoRank>10</FeatureLogoRank></FeatureLogo><FeatureLogo><FeatureCode>F400085609_43PUS7393_12</FeatureCode><FeatureReferenceName>Google Assistant built-in EU</FeatureReferenceName><FeatureLogoRank>11</FeatureLogoRank></FeatureLogo><FeatureImage><FeatureCode>F400085586_43PUS7393_12</FeatureCode><FeatureReferenceName>Ambilight 3-sided EU</FeatureReferenceName><FeatureImageRank>1</FeatureImageRank></FeatureImage><FeatureImage><FeatureCode>F400085602_43PUS7393_12</FeatureCode><FeatureReferenceName>P5 Processing Engine EU</FeatureReferenceName><FeatureImageRank>4</FeatureImageRank></FeatureImage><FeatureImage><FeatureCode>F400085615_43PUS7393_12</FeatureCode><FeatureReferenceName>HDR Plus EU</FeatureReferenceName><FeatureImageRank>5</FeatureImageRank></FeatureImage><FeatureImage><FeatureCode>F400085630</FeatureCode><FeatureReferenceName>Quad Core + Android EU</FeatureReferenceName><FeatureImageRank>7</FeatureImageRank></FeatureImage><FeatureImage><FeatureCode>F400085609_43PUS7393_12</FeatureCode><FeatureReferenceName>Google Assistant built-in EU</FeatureReferenceName><FeatureImageRank>8</FeatureImageRank></FeatureImage><FeatureImage><FeatureCode>F400085607_43PUS7393_12</FeatureCode><FeatureReferenceName>Google Play + Philips TV/STA gallery + 16GB memory EU</FeatureReferenceName><FeatureImageRank>9</FeatureImageRank></FeatureImage><FeatureHighlight><FeatureCode>F400085586_43PUS7393_12</FeatureCode><FeatureReferenceName>Ambilight 3-sided EU</FeatureReferenceName><FeatureHighlightRank>1</FeatureHighlightRank></FeatureHighlight><FeatureHighlight><FeatureCode>F400085580</FeatureCode><FeatureReferenceName>4K Ultra HD EU</FeatureReferenceName><FeatureHighlightRank>3</FeatureHighlightRank></FeatureHighlight><FeatureHighlight><FeatureCode>F400085602_43PUS7393_12</FeatureCode><FeatureReferenceName>P5 Processing Engine EU</FeatureReferenceName><FeatureHighlightRank>4</FeatureHighlightRank></FeatureHighlight><FeatureHighlight><FeatureCode>F400085615_43PUS7393_12</FeatureCode><FeatureReferenceName>HDR Plus EU</FeatureReferenceName><FeatureHighlightRank>5</FeatureHighlightRank></FeatureHighlight><FeatureHighlight><FeatureCode>F400085582</FeatureCode><FeatureReferenceName>Micro Dimming Pro EU</FeatureReferenceName><FeatureHighlightRank>6</FeatureHighlightRank></FeatureHighlight><FeatureHighlight><FeatureCode>F400085630</FeatureCode><FeatureReferenceName>Quad Core + Android EU</FeatureReferenceName><FeatureHighlightRank>7</FeatureHighlightRank></FeatureHighlight><FeatureHighlight><FeatureCode>F400085609_43PUS7393_12</FeatureCode><FeatureReferenceName>Google Assistant built-in EU</FeatureReferenceName><FeatureHighlightRank>8</FeatureHighlightRank></FeatureHighlight><FeatureHighlight><FeatureCode>F400085607_43PUS7393_12</FeatureCode><FeatureReferenceName>Google Play + Philips TV/STA gallery + 16GB memory EU</FeatureReferenceName><FeatureHighlightRank>9</FeatureHighlightRank></FeatureHighlight><CSChapter><CSChapterCode>3000798</CSChapterCode><CSChapterName>Ambilight</CSChapterName><CSChapterRank>1</CSChapterRank><CSItem><CSItemCode>IT4008761</CSItemCode><CSItemName>Ambilight-versie</CSItemName><CSItemRank>1</CSItemRank><CSItemIsFreeFormat>0</CSItemIsFreeFormat><CSValue><CSValueCode>VA4021434</CSValueCode><CSValueName>Driezijdig</CSValueName><CSValueRank>1</CSValueRank></CSValue></CSItem><CSItem><CSItemCode>3006240</CSItemCode><CSItemName>Ambilight-functies</CSItemName><CSItemRank>2</CSItemRank><CSItemIsFreeFormat>0</CSItemIsFreeFormat><CSValue><CSValueCode>VA4079461</CSValueCode><CSValueName>Geïntegreerd Ambilight + Hue</CSValueName><CSValueRank>1</CSValueRank></CSValue><CSValue><CSValueCode>VA4091343</CSValueCode><CSValueName>Ambilight Music</CSValueName><CSValueRank>2</CSValueRank></CSValue><CSValue><CSValueCode>VA4089018</CSValueCode><CSValueName>Gamemodus</CSValueName><CSValueRank>3</CSValueRank></CSValue><CSValue><CSValueCode>VA4022574</CSValueCode><CSValueName>Past zich aan de muurkleur aan</CSValueName><CSValueRank>4</CSValueRank></CSValue><CSValue><CSValueCode>VA4077822</CSValueCode><CSValueName>Lounge-modus</CSValueName><CSValueRank>5</CSValueRank></CSValue></CSItem></CSChapter><CSChapter><CSChapterCode>3000796</CSChapterCode><CSChapterName>Beeld/scherm</CSChapterName><CSChapterRank>2</CSChapterRank><CSItem><CSItemCode>IT4009349</CSItemCode><CSItemName>Display</CSItemName><CSItemRank>1</CSItemRank><CSItemIsFreeFormat>0</CSItemIsFreeFormat><CSValue><CSValueCode>VA4079466</CSValueCode><CSValueName>4K Ultra HD-LED</CSValueName><CSValueRank>1</CSValueRank></CSValue></CSItem><CSItem><CSItemCode>3006140</CSItemCode><CSItemName>Schermdiagonaal (centimeters)</CSItemName><CSItemRank>2</CSItemRank><CSItemIsFreeFormat>1</CSItemIsFreeFormat><CSValue><CSValueCode>3031123</CSValueCode><CSValueName>108</CSValueName><CSValueRank>1</CSValueRank></CSValue><UnitOfMeasure><UnitOfMeasureCode>3000039</UnitOfMeasureCode><UnitOfMeasureName>centimeter</UnitOfMeasureName><UnitOfMeasureSymbol>cm</UnitOfMeasureSymbol></UnitOfMeasure></CSItem><CSItem><CSItemCode>3006139</CSItemCode><CSItemName>Schermdiagonaal (inch)</CSItemName><CSItemRank>3</CSItemRank><CSItemIsFreeFormat>1</CSItemIsFreeFormat><CSValue><CSValueCode>3031122</CSValueCode><CSValueName>43</CSValueName><CSValueRank>1</CSValueRank></CSValue><UnitOfMeasure><UnitOfMeasureCode>3000047</UnitOfMeasureCode><UnitOfMeasureName>inch</UnitOfMeasureName><UnitOfMeasureSymbol>inch</UnitOfMeasureSymbol></UnitOfMeasure></CSItem><CSItem><CSItemCode>3006177</CSItemCode><CSItemName>Schermresolutie</CSItemName><CSItemRank>4</CSItemRank><CSItemIsFreeFormat>0</CSItemIsFreeFormat><CSValue><CSValueCode>VA4079565</CSValueCode><CSValueName>3840 x 2160</CSValueName><CSValueRank>1</CSValueRank></CSValue></CSItem><CSItem><CSItemCode>3006121</CSItemCode><CSItemName>Beeldformaat</CSItemName><CSItemRank>5</CSItemRank><CSItemIsFreeFormat>0</CSItemIsFreeFormat><CSValue><CSValueCode>3031098</CSValueCode><CSValueName>16:9</CSValueName><CSValueRank>1</CSValueRank></CSValue></CSItem><CSItem><CSItemCode>IT4034274</CSItemCode><CSItemName>Pixel Engine</CSItemName><CSItemRank>6</CSItemRank><CSItemIsFreeFormat>0</CSItemIsFreeFormat><CSValue><CSValueCode>VA4099315</CSValueCode><CSValueName>P5 Perfect Picture Engine</CSValueName><CSValueRank>1</CSValueRank></CSValue></CSItem><CSItem><CSItemCode>3006183</CSItemCode><CSItemName>Beeldverbetering</CSItemName><CSItemRank>7</CSItemRank><CSItemIsFreeFormat>0</CSItemIsFreeFormat><CSValue><CSValueCode>VA4068029</CSValueCode><CSValueName>Ultra-resolutie</CSValueName><CSValueRank>1</CSValueRank></CSValue><CSValue><CSValueCode>VA4068668</CSValueCode><CSValueName>Micro Dimming Pro</CSValueName><CSValueRank>2</CSValueRank></CSValue><CSValue><CSValueCode>VA4101613</CSValueCode><CSValueName>1600 PPI</CSValueName><CSValueRank>3</CSValueRank></CSValue></CSItem></CSChapter><CSChapter><CSChapterCode>CH4007021</CSChapterCode><CSChapterName>Android</CSChapterName><CSChapterRank>3</CSChapterRank><CSItem><CSItemCode>IT4037473</CSItemCode><CSItemName>Besturingssysteem</CSItemName><CSItemRank>1</CSItemRank><CSItemIsFreeFormat>0</CSItemIsFreeFormat><CSValue><CSValueCode>VA4101453</CSValueCode><CSValueName>Android Nougat</CSValueName><CSValueRank>1</CSValueRank></CSValue></CSItem><CSItem><CSItemCode>IT4034666</CSItemCode><CSItemName>Vooraf geïnstalleerde apps</CSItemName><CSItemRank>2</CSItemRank><CSItemIsFreeFormat>0</CSItemIsFreeFormat><CSValue><CSValueCode>VA4080696</CSValueCode><CSValueName>Google Play Movies*</CSValueName><CSValueRank>1</CSValueRank></CSValue><CSValue><CSValueCode>VA4080697</CSValueCode><CSValueName>Google Play Music*</CSValueName><CSValueRank>2</CSValueRank></CSValue><CSValue><CSValueCode>VA4086880</CSValueCode><CSValueName>Google zoeken</CSValueName><CSValueRank>3</CSValueRank></CSValue><CSValue><CSValueCode>VA4080698</CSValueCode><CSValueName>YouTube</CSValueName><CSValueRank>4</CSValueRank></CSValue></CSItem><CSItem><CSItemCode>IT4037607</CSItemCode><CSItemName>Geheugencapaciteit</CSItemName><CSItemRank>3</CSItemRank><CSItemIsFreeFormat>0</CSItemIsFreeFormat><CSValue><CSValueCode>VA4087301</CSValueCode><CSValueName>16 GB</CSValueName><CSValueRank>1</CSValueRank></CSValue></CSItem></CSChapter><CSChapter><CSChapterCode>CH4007621</CSChapterCode><CSChapterName>Smart TV-functies</CSChapterName><CSChapterRank>4</CSChapterRank><CSItem><CSItemCode>IT4037464</CSItemCode><CSItemName>Gebruikersinteractie</CSItemName><CSItemRank>1</CSItemRank><CSItemIsFreeFormat>0</CSItemIsFreeFormat><CSValue><CSValueCode>VA4086945</CSValueCode><CSValueName>MultiRoom Client en Server</CSValueName><CSValueRank>1</CSValueRank></CSValue><CSValue><CSValueCode>VA4086943</CSValueCode><CSValueName>SimplyShare</CSValueName><CSValueRank>2</CSValueRank></CSValue></CSItem><CSItem><CSItemCode>IT4037465</CSItemCode><CSItemName>Interactieve TV</CSItemName><CSItemRank>2</CSItemRank><CSItemIsFreeFormat>0</CSItemIsFreeFormat><CSValue><CSValueCode>VA4086947</CSValueCode><CSValueName>HbbTV</CSValueName><CSValueRank>1</CSValueRank></CSValue></CSItem><CSItem><CSItemCode>IT4037466</CSItemCode><CSItemName>Programmeren</CSItemName><CSItemRank>3</CSItemRank><CSItemIsFreeFormat>0</CSItemIsFreeFormat><CSValue><CSValueCode>VA4086948</CSValueCode><CSValueName>TV pauzeren</CSValueName><CSValueRank>1</CSValueRank></CSValue><CSValue><CSValueCode>VA4086949</CSValueCode><CSValueName>Opnemen via USB*</CSValueName><CSValueRank>2</CSValueRank></CSValue></CSItem><CSItem><CSItemCode>IT4037467</CSItemCode><CSItemName>SmartTV-apps*</CSItemName><CSItemRank>4</CSItemRank><CSItemIsFreeFormat>0</CSItemIsFreeFormat><CSValue><CSValueCode>VA4086951</CSValueCode><CSValueName>Onlinevideotheken</CSValueName><CSValueRank>1</CSValueRank></CSValue><CSValue><CSValueCode>VA4086957</CSValueCode><CSValueName>Internetbrowser openen</CSValueName><CSValueRank>2</CSValueRank></CSValue><CSValue><CSValueCode>VA4086956</CSValueCode><CSValueName>Social TV</CSValueName><CSValueRank>3</CSValueRank></CSValue><CSValue><CSValueCode>VA4086950</CSValueCode><CSValueName>TV on Demand</CSValueName><CSValueRank>4</CSValueRank></CSValue><CSValue><CSValueCode>VA4086955</CSValueCode><CSValueName>YouTube</CSValueName><CSValueRank>5</CSValueRank></CSValue></CSItem><CSItem><CSItemCode>IT4037468</CSItemCode><CSItemName>Gemakkelijk te installeren</CSItemName><CSItemRank>5</CSItemRank><CSItemIsFreeFormat>0</CSItemIsFreeFormat><CSValue><CSValueCode>VA4086958</CSValueCode><CSValueName>Automatische detectie van Philips-apparaten</CSValueName><CSValueRank>1</CSValueRank></CSValue><CSValue><CSValueCode>VA4086959</CSValueCode><CSValueName>Apparaataansluitwizard</CSValueName><CSValueRank>2</CSValueRank></CSValue><CSValue><CSValueCode>VA4086960</CSValueCode><CSValueName>Netwerkinstallatiewizard</CSValueName><CSValueRank>3</CSValueRank></CSValue><CSValue><CSValueCode>VA4086961</CSValueCode><CSValueName>Instellingenwizard</CSValueName><CSValueRank>4</CSValueRank></CSValue></CSItem><CSItem><CSItemCode>IT4037469</CSItemCode><CSItemName>Gebruiksgemak</CSItemName><CSItemRank>6</CSItemRank><CSItemIsFreeFormat>0</CSItemIsFreeFormat><CSValue><CSValueCode>VA4086962</CSValueCode><CSValueName>Smart menu-knop</CSValueName><CSValueRank>1</CSValueRank></CSValue><CSValue><CSValueCode>VA4086963</CSValueCode><CSValueName>Gebruikershandleiding op scherm</CSValueName><CSValueRank>2</CSValueRank></CSValue></CSItem><CSItem><CSItemCode>IT4037470</CSItemCode><CSItemName>Firmware-upgrade mogelijk</CSItemName><CSItemRank>7</CSItemRank><CSItemIsFreeFormat>0</CSItemIsFreeFormat><CSValue><CSValueCode>VA4086964</CSValueCode><CSValueName>Auto-upgradewizard voor firmware</CSValueName><CSValueRank>1</CSValueRank></CSValue><CSValue><CSValueCode>VA4086965</CSValueCode><CSValueName>Firmware te upgraden via USB</CSValueName><CSValueRank>2</CSValueRank></CSValue><CSValue><CSValueCode>VA4086966</CSValueCode><CSValueName>Onlinefirmware-upgrade</CSValueName><CSValueRank>3</CSValueRank></CSValue></CSItem><CSItem><CSItemCode>IT4037471</CSItemCode><CSItemName>Aanpassingen van beeldformaat</CSItemName><CSItemRank>8</CSItemRank><CSItemIsFreeFormat>0</CSItemIsFreeFormat><CSValue><CSValueCode>VA4086973</CSValueCode><CSValueName>Standaard - Schermvullend</CSValueName><CSValueRank>1</CSValueRank></CSValue><CSValue><CSValueCode>VA4086974</CSValueCode><CSValueName>Aanpassen aan scherm</CSValueName><CSValueRank>2</CSValueRank></CSValue><CSValue><CSValueCode>VA4086975</CSValueCode><CSValueName>Geavanceerd - Shift</CSValueName><CSValueRank>3</CSValueRank></CSValue><CSValue><CSValueCode>VA4086976</CSValueCode><CSValueName>Zoomen, Uitrekken</CSValueName><CSValueRank>4</CSValueRank></CSValue></CSItem><CSItem><CSItemCode>IT4037472</CSItemCode><CSItemName>Philips TV Remote-app*</CSItemName><CSItemRank>9</CSItemRank><CSItemIsFreeFormat>0</CSItemIsFreeFormat><CSValue><CSValueCode>VA4086985</CSValueCode><CSValueName>Apps</CSValueName><CSValueRank>1</CSValueRank></CSValue><CSValue><CSValueCode>VA4086984</CSValueCode><CSValueName>Zenders</CSValueName><CSValueRank>2</CSValueRank></CSValue><CSValue><CSValueCode>VA4086978</CSValueCode><CSValueName>Controle</CSValueName><CSValueRank>3</CSValueRank></CSValue><CSValue><CSValueCode>VA4086983</CSValueCode><CSValueName>NowOnTV</CSValueName><CSValueRank>4</CSValueRank></CSValue><CSValue><CSValueCode>VA4086981</CSValueCode><CSValueName>TV-gids</CSValueName><CSValueRank>5</CSValueRank></CSValue><CSValue><CSValueCode>VA4086982</CSValueCode><CSValueName>Video on demand</CSValueName><CSValueRank>6</CSValueRank></CSValue></CSItem><CSItem><CSItemCode>IT4037475</CSItemCode><CSItemName>Afstandsbediening</CSItemName><CSItemRank>10</CSItemRank><CSItemIsFreeFormat>0</CSItemIsFreeFormat><CSValue><CSValueCode>VA4086994</CSValueCode><CSValueName>met spraak</CSValueName><CSValueRank>1</CSValueRank></CSValue><CSValue><CSValueCode>VA4086992</CSValueCode><CSValueName>met toetsenbord</CSValueName><CSValueRank>2</CSValueRank></CSValue></CSItem></CSChapter><CSChapter><CSChapterCode>CH4006082</CSChapterCode><CSChapterName>Bezig met verwerken</CSChapterName><CSChapterRank>5</CSChapterRank><CSItem><CSItemCode>IT4029505</CSItemCode><CSItemName>Verwerkingskracht</CSItemName><CSItemRank>1</CSItemRank><CSItemIsFreeFormat>0</CSItemIsFreeFormat><CSValue><CSValueCode>VA4068064</CSValueCode><CSValueName>Quad Core</CSValueName><CSValueRank>1</CSValueRank></CSValue></CSItem></CSChapter><CSChapter><CSChapterCode>3000799</CSChapterCode><CSChapterName>Geluid</CSChapterName><CSChapterRank>6</CSChapterRank><CSItem><CSItemCode>3006270</CSItemCode><CSItemName>Uitgangsvermogen (RMS)</CSItemName><CSItemRank>1</CSItemRank><CSItemIsFreeFormat>1</CSItemIsFreeFormat><CSValue><CSValueCode>3031400</CSValueCode><CSValueName>20W</CSValueName><CSValueRank>1</CSValueRank></CSValue></CSItem><CSItem><CSItemCode>3006277</CSItemCode><CSItemName>Geluidsverbetering</CSItemName><CSItemRank>2</CSItemRank><CSItemIsFreeFormat>0</CSItemIsFreeFormat><CSValue><CSValueCode>3031442</CSValueCode><CSValueName>Smart Sound</CSValueName><CSValueRank>1</CSValueRank></CSValue><CSValue><CSValueCode>VA4099061</CSValueCode><CSValueName>DTS-HD eersteklas geluid</CSValueName><CSValueRank>2</CSValueRank></CSValue><CSValue><CSValueCode>VA4102990</CSValueCode><CSValueName>Compatibel met Dolby Atmos</CSValueName><CSValueRank>3</CSValueRank></CSValue><CSValue><CSValueCode>VA4077945</CSValueCode><CSValueName>DTS-studiogeluid</CSValueName><CSValueRank>4</CSValueRank></CSValue><CSValue><CSValueCode>VA4068698</CSValueCode><CSValueName>DTS TruSurround</CSValueName><CSValueRank>5</CSValueRank></CSValue></CSItem><CSItem><CSItemCode>IT4045565</CSItemCode><CSItemName>Luidsprekerconfiguratie</CSItemName><CSItemRank>3</CSItemRank><CSItemIsFreeFormat>1</CSItemIsFreeFormat><CSValue><CSValueCode>VA4104615</CSValueCode><CSValueName>2x 10 W full-range luidsprekers</CSValueName><CSValueRank>1</CSValueRank></CSValue></CSItem></CSChapter><CSChapter><CSChapterCode>3000813</CSChapterCode><CSChapterName>Connectiviteit</CSChapterName><CSChapterRank>7</CSChapterRank><CSItem><CSItemCode>IT4006781</CSItemCode><CSItemName>Aantal HDMI-aansluitingen</CSItemName><CSItemRank>1</CSItemRank><CSItemIsFreeFormat>0</CSItemIsFreeFormat><CSValue><CSValueCode>VA4018288</CSValueCode><CSValueName>4</CSValueName><CSValueRank>1</CSValueRank></CSValue></CSItem><CSItem><CSItemCode>IT4015984</CSItemCode><CSItemName>Aantal USB-aansluitingen</CSItemName><CSItemRank>2</CSItemRank><CSItemIsFreeFormat>0</CSItemIsFreeFormat><CSValue><CSValueCode>VA4032422</CSValueCode><CSValueName>2</CSValueName><CSValueRank>1</CSValueRank></CSValue></CSItem><CSItem><CSItemCode>IT4015985</CSItemCode><CSItemName>Aantal componentingangen (YPbPr)</CSItemName><CSItemRank>3</CSItemRank><CSItemIsFreeFormat>0</CSItemIsFreeFormat><CSValue><CSValueCode>VA4032424</CSValueCode><CSValueName>1</CSValueName><CSValueRank>1</CSValueRank></CSValue></CSItem><CSItem><CSItemCode>3006591</CSItemCode><CSItemName>Draadloze verbindingen</CSItemName><CSItemRank>4</CSItemRank><CSItemIsFreeFormat>0</CSItemIsFreeFormat><CSValue><CSValueCode>VA4078095</CSValueCode><CSValueName>Dual band</CSValueName><CSValueRank>1</CSValueRank></CSValue><CSValue><CSValueCode>VA4079025</CSValueCode><CSValueName>Geïntegreerde Wi-Fi 11n 2x2</CSValueName><CSValueRank>2</CSValueRank></CSValue></CSItem><CSItem><CSItemCode>3006573</CSItemCode><CSItemName>Andere aansluitingen</CSItemName><CSItemRank>5</CSItemRank><CSItemIsFreeFormat>0</CSItemIsFreeFormat><CSValue><CSValueCode>3032285</CSValueCode><CSValueName>IEC75-antenne</CSValueName><CSValueRank>1</CSValueRank></CSValue><CSValue><CSValueCode>VA4067670</CSValueCode><CSValueName>Satellietaansluiting</CSValueName><CSValueRank>2</CSValueRank></CSValue><CSValue><CSValueCode>VA4019747</CSValueCode><CSValueName>Common Interface Plus (CI+)</CSValueName><CSValueRank>3</CSValueRank></CSValue><CSValue><CSValueCode>VA4032430</CSValueCode><CSValueName>Digitale audio-uitgang (optisch)</CSValueName><CSValueRank>4</CSValueRank></CSValue><CSValue><CSValueCode>VA4022502</CSValueCode><CSValueName>Ethernet-LAN RJ-45</CSValueName><CSValueRank>5</CSValueRank></CSValue><CSValue><CSValueCode>VA4018008</CSValueCode><CSValueName>Audio L/R in</CSValueName><CSValueRank>6</CSValueRank></CSValue><CSValue><CSValueCode>VA4001121</CSValueCode><CSValueName>Hoofdtelefoonuitgang</CSValueName><CSValueRank>7</CSValueRank></CSValue></CSItem><CSItem><CSItemCode>IT4001801</CSItemCode><CSItemName>HDMI-functies</CSItemName><CSItemRank>6</CSItemRank><CSItemIsFreeFormat>0</CSItemIsFreeFormat><CSValue><CSValueCode>VA4080937</CSValueCode><CSValueName>4K</CSValueName><CSValueRank>1</CSValueRank></CSValue><CSValue><CSValueCode>VA4021426</CSValueCode><CSValueName>Audio Return Channel</CSValueName><CSValueRank>2</CSValueRank></CSValue></CSItem><CSItem><CSItemCode>IT4001802</CSItemCode><CSItemName>EasyLink (HDMI-CEC)</CSItemName><CSItemRank>7</CSItemRank><CSItemIsFreeFormat>0</CSItemIsFreeFormat><CSValue><CSValueCode>VA4006305</CSValueCode><CSValueName>Passthrough van afstandsbedieningen</CSValueName><CSValueRank>1</CSValueRank></CSValue><CSValue><CSValueCode>VA4006303</CSValueCode><CSValueName>Audiobediening</CSValueName><CSValueRank>2</CSValueRank></CSValue><CSValue><CSValueCode>VA4004662</CSValueCode><CSValueName>Stand-by</CSValueName><CSValueRank>3</CSValueRank></CSValue><CSValue><CSValueCode>VA4004661</CSValueCode><CSValueName>Afspelen met één druk op de knop</CSValueName><CSValueRank>4</CSValueRank></CSValue></CSItem><CSItem><CSItemCode>IT4034211</CSItemCode><CSItemName>HDCP 2.2</CSItemName><CSItemRank>8</CSItemRank><CSItemIsFreeFormat>0</CSItemIsFreeFormat><CSValue><CSValueCode>VA4086885</CSValueCode><CSValueName>Ja op alle HDMI</CSValueName><CSValueRank>1</CSValueRank></CSValue></CSItem></CSChapter><CSChapter><CSChapterCode>3000811</CSChapterCode><CSChapterName>Multimediatoepassingen</CSChapterName><CSChapterRank>8</CSChapterRank><CSItem><CSItemCode>IT4008764</CSItemCode><CSItemName>Videoweergaveformaten</CSItemName><CSItemRank>1</CSItemRank><CSItemIsFreeFormat>0</CSItemIsFreeFormat><CSValue><CSValueCode>VA4021454</CSValueCode><CSValueName>Containers: AVI, MKV</CSValueName><CSValueRank>1</CSValueRank></CSValue><CSValue><CSValueCode>VA4021455</CSValueCode><CSValueName>H264/MPEG-4 AVC</CSValueName><CSValueRank>2</CSValueRank></CSValue><CSValue><CSValueCode>VA4021451</CSValueCode><CSValueName>MPEG-1</CSValueName><CSValueRank>3</CSValueRank></CSValue><CSValue><CSValueCode>VA4021452</CSValueCode><CSValueName>MPEG-2</CSValueName><CSValueRank>4</CSValueRank></CSValue><CSValue><CSValueCode>VA4021453</CSValueCode><CSValueName>MPEG-4</CSValueName><CSValueRank>5</CSValueRank></CSValue><CSValue><CSValueCode>VA4021456</CSValueCode><CSValueName>WMV9/VC1</CSValueName><CSValueRank>6</CSValueRank></CSValue><CSValue><CSValueCode>VA4091744</CSValueCode><CSValueName>VP9</CSValueName><CSValueRank>7</CSValueRank></CSValue><CSValue><CSValueCode>VA4098821</CSValueCode><CSValueName>HEVC (H.265)</CSValueName><CSValueRank>8</CSValueRank></CSValue></CSItem><CSItem><CSItemCode>IT4033451</CSItemCode><CSItemName>Ondersteunde ondertitelindelingen</CSItemName><CSItemRank>2</CSItemRank><CSItemIsFreeFormat>0</CSItemIsFreeFormat><CSValue><CSValueCode>VA4077783</CSValueCode><CSValueName>.SRT</CSValueName><CSValueRank>1</CSValueRank></CSValue><CSValue><CSValueCode>VA4077786</CSValueCode><CSValueName>.SUB</CSValueName><CSValueRank>2</CSValueRank></CSValue><CSValue><CSValueCode>VA4077788</CSValueCode><CSValueName>.TXT</CSValueName><CSValueRank>3</CSValueRank></CSValue><CSValue><CSValueCode>VA4077784</CSValueCode><CSValueName>.SMI</CSValueName><CSValueRank>4</CSValueRank></CSValue></CSItem><CSItem><CSItemCode>IT4008762</CSItemCode><CSItemName>Muziekweergaveformaten</CSItemName><CSItemRank>3</CSItemRank><CSItemIsFreeFormat>0</CSItemIsFreeFormat><CSValue><CSValueCode>VA4021478</CSValueCode><CSValueName>AAC</CSValueName><CSValueRank>1</CSValueRank></CSValue><CSValue><CSValueCode>VA4021448</CSValueCode><CSValueName>MP3</CSValueName><CSValueRank>2</CSValueRank></CSValue><CSValue><CSValueCode>VA4086481</CSValueCode><CSValueName>WAV</CSValueName><CSValueRank>3</CSValueRank></CSValue><CSValue><CSValueCode>VA4021450</CSValueCode><CSValueName>WMA (versie 2 tot versie 9.2)</CSValueName><CSValueRank>4</CSValueRank></CSValue><CSValue><CSValueCode>VA4086886</CSValueCode><CSValueName>WMA-PRO (v9 en v10)</CSValueName><CSValueRank>5</CSValueRank></CSValue></CSItem><CSItem><CSItemCode>IT4008763</CSItemCode><CSItemName>Beeldweergaveformaten</CSItemName><CSItemRank>4</CSItemRank><CSItemIsFreeFormat>0</CSItemIsFreeFormat><CSValue><CSValueCode>VA4021449</CSValueCode><CSValueName>JPEG</CSValueName><CSValueRank>1</CSValueRank></CSValue><CSValue><CSValueCode>VA4065613</CSValueCode><CSValueName>BMP</CSValueName><CSValueRank>2</CSValueRank></CSValue><CSValue><CSValueCode>VA4065611</CSValueCode><CSValueName>GIF</CSValueName><CSValueRank>3</CSValueRank></CSValue><CSValue><CSValueCode>VA4065612</CSValueCode><CSValueName>PNG</CSValueName><CSValueRank>4</CSValueRank></CSValue></CSItem></CSChapter><CSChapter><CSChapterCode>3000797</CSChapterCode><CSChapterName>Ondersteunde beeldschermresolutie</CSChapterName><CSChapterRank>9</CSChapterRank><CSItem><CSItemCode>IT4041111</CSItemCode><CSItemName>Computeringangen op HDMI1/2</CSItemName><CSItemRank>1</CSItemRank><CSItemIsFreeFormat>0</CSItemIsFreeFormat><CSValue><CSValueCode>VA4095761</CSValueCode><CSValueName>tot 4K UHD 3840 x 2160 bij 60 Hz</CSValueName><CSValueRank>1</CSValueRank></CSValue></CSItem><CSItem><CSItemCode>IT4041112</CSItemCode><CSItemName>Computeringangen op HDMI3/4</CSItemName><CSItemRank>2</CSItemRank><CSItemIsFreeFormat>0</CSItemIsFreeFormat><CSValue><CSValueCode>VA4095765</CSValueCode><CSValueName>tot 4K UHD 3840 x 2160 bij 30Hz</CSValueName><CSValueRank>1</CSValueRank></CSValue></CSItem><CSItem><CSItemCode>IT4041113</CSItemCode><CSItemName>Video-ingangen op HDMI1/2</CSItemName><CSItemRank>3</CSItemRank><CSItemIsFreeFormat>0</CSItemIsFreeFormat><CSValue><CSValueCode>VA4097235</CSValueCode><CSValueName>tot 4K UHD 3840 x 2160 bij 60 Hz</CSValueName><CSValueRank>1</CSValueRank></CSValue></CSItem><CSItem><CSItemCode>IT4041114</CSItemCode><CSItemName>Video-ingangen op HDMI3/4</CSItemName><CSItemRank>4</CSItemRank><CSItemIsFreeFormat>0</CSItemIsFreeFormat><CSValue><CSValueCode>VA4097239</CSValueCode><CSValueName>tot 4K UHD 3840 x 2160 bij 30Hz</CSValueName><CSValueRank>1</CSValueRank></CSValue></CSItem></CSChapter><CSChapter><CSChapterCode>3000812</CSChapterCode><CSChapterName>Tuner/ontvangst/transmissie</CSChapterName><CSChapterRank>10</CSChapterRank><CSItem><CSItemCode>IT4041210</CSItemCode><CSItemName>HEVC-ondersteuning</CSItemName><CSItemRank>1</CSItemRank><CSItemIsFreeFormat>0</CSItemIsFreeFormat><CSValue><CSValueCode>VA4095925</CSValueCode><CSValueName>Ja</CSValueName><CSValueRank>1</CSValueRank></CSValue></CSItem><CSItem><CSItemCode>3007491</CSItemCode><CSItemName>Digitale TV</CSItemName><CSItemRank>2</CSItemRank><CSItemIsFreeFormat>0</CSItemIsFreeFormat><CSValue><CSValueCode>VA4097064</CSValueCode><CSValueName>DVB-T/T2/T2-HD/C/S/S2</CSValueName><CSValueRank>1</CSValueRank></CSValue></CSItem><CSItem><CSItemCode>IT4028192</CSItemCode><CSItemName>MPEG-ondersteuning</CSItemName><CSItemRank>3</CSItemRank><CSItemIsFreeFormat>0</CSItemIsFreeFormat><CSValue><CSValueCode>VA4065926</CSValueCode><CSValueName>MPEG2</CSValueName><CSValueRank>1</CSValueRank></CSValue><CSValue><CSValueCode>VA4065927</CSValueCode><CSValueName>MPEG4</CSValueName><CSValueRank>2</CSValueRank></CSValue></CSItem><CSItem><CSItemCode>3006515</CSItemCode><CSItemName>Videoweergave</CSItemName><CSItemRank>4</CSItemRank><CSItemIsFreeFormat>0</CSItemIsFreeFormat><CSValue><CSValueCode>3032144</CSValueCode><CSValueName>NTSC</CSValueName><CSValueRank>1</CSValueRank></CSValue><CSValue><CSValueCode>3032145</CSValueCode><CSValueName>PAL</CSValueName><CSValueRank>2</CSValueRank></CSValue><CSValue><CSValueCode>3032146</CSValueCode><CSValueName>SECAM</CSValueName><CSValueRank>3</CSValueRank></CSValue></CSItem><CSItem><CSItemCode>IT4034213</CSItemCode><CSItemName>TV-programmagids*</CSItemName><CSItemRank>5</CSItemRank><CSItemIsFreeFormat>0</CSItemIsFreeFormat><CSValue><CSValueCode>VA4079472</CSValueCode><CSValueName>Elektronische programmagids voor 8 dagen</CSValueName><CSValueRank>1</CSValueRank></CSValue></CSItem><CSItem><CSItemCode>IT4034214</CSItemCode><CSItemName>Signaalsterkte-indicator</CSItemName><CSItemRank>6</CSItemRank><CSItemIsFreeFormat>0</CSItemIsFreeFormat><CSValue><CSValueCode>VA4079473</CSValueCode><CSValueName>Ja</CSValueName><CSValueRank>1</CSValueRank></CSValue></CSItem><CSItem><CSItemCode>IT4034215</CSItemCode><CSItemName>Teletekst</CSItemName><CSItemRank>7</CSItemRank><CSItemIsFreeFormat>0</CSItemIsFreeFormat><CSValue><CSValueCode>VA4079474</CSValueCode><CSValueName>1000 pagina's Hypertext</CSValueName><CSValueRank>1</CSValueRank></CSValue></CSItem></CSChapter><CSChapter><CSChapterCode>3000821</CSChapterCode><CSChapterName>Vermogen</CSChapterName><CSChapterRank>11</CSChapterRank><CSItem><CSItemCode>3007003</CSItemCode><CSItemName>Netspanning</CSItemName><CSItemRank>1</CSItemRank><CSItemIsFreeFormat>1</CSItemIsFreeFormat><CSValue><CSValueCode>3033675</CSValueCode><CSValueName>220 - 240 V, 50/60 Hz</CSValueName><CSValueRank>1</CSValueRank></CSValue></CSItem><CSItem><CSItemCode>3007001</CSItemCode><CSItemName>Stroomverbruik in stand-bystand</CSItemName><CSItemRank>2</CSItemRank><CSItemIsFreeFormat>1</CSItemIsFreeFormat><CSValue><CSValueCode>3033673</CSValueCode><CSValueName>&lt; 0,3</CSValueName><CSValueRank>1</CSValueRank></CSValue></CSItem><CSItem><CSItemCode>IT4009431</CSItemCode><CSItemName>Energieverbruik wanneer uitgeschakeld</CSItemName><CSItemRank>3</CSItemRank><CSItemIsFreeFormat>1</CSItemIsFreeFormat><CSValue><CSValueCode>VA4022642</CSValueCode><CSValueName>0,3</CSValueName><CSValueRank>1</CSValueRank></CSValue><UnitOfMeasure><UnitOfMeasureCode>3000072</UnitOfMeasureCode><UnitOfMeasureName>watt</UnitOfMeasureName><UnitOfMeasureSymbol>W</UnitOfMeasureSymbol></UnitOfMeasure></CSItem><CSItem><CSItemCode>4000081</CSItemCode><CSItemName>Omgevingstemperatuur</CSItemName><CSItemRank>4</CSItemRank><CSItemIsFreeFormat>0</CSItemIsFreeFormat><CSValue><CSValueCode>VA4002861</CSValueCode><CSValueName>5 °C tot 35 °C</CSValueName><CSValueRank>1</CSValueRank></CSValue></CSItem><CSItem><CSItemCode>IT4008765</CSItemCode><CSItemName>Functies voor energiebesparing</CSItemName><CSItemRank>5</CSItemRank><CSItemIsFreeFormat>0</CSItemIsFreeFormat><CSValue><CSValueCode>VA4021464</CSValueCode><CSValueName>Timer voor automatisch uitschakelen</CSValueName><CSValueRank>1</CSValueRank></CSValue><CSValue><CSValueCode>VA4021460</CSValueCode><CSValueName>Lichtsensor</CSValueName><CSValueRank>2</CSValueRank></CSValue><CSValue><CSValueCode>VA4021463</CSValueCode><CSValueName>Beeld uit (voor radio)</CSValueName><CSValueRank>3</CSValueRank></CSValue></CSItem><CSItem><CSItemCode>IT4015354</CSItemCode><CSItemName>Energieklasse</CSItemName><CSItemRank>6</CSItemRank><CSItemIsFreeFormat>0</CSItemIsFreeFormat><CSValue><CSValueCode>VA4030804</CSValueCode><CSValueName>A</CSValueName><CSValueRank>1</CSValueRank></CSValue></CSItem><CSItem><CSItemCode>IT4016791</CSItemCode><CSItemName>Europees energielabel (vermogen)</CSItemName><CSItemRank>7</CSItemRank><CSItemIsFreeFormat>1</CSItemIsFreeFormat><CSValue><CSValueCode>VA4033965</CSValueCode><CSValueName>71</CSValueName><CSValueRank>1</CSValueRank></CSValue><UnitOfMeasure><UnitOfMeasureCode>3000072</UnitOfMeasureCode><UnitOfMeasureName>watt</UnitOfMeasureName><UnitOfMeasureSymbol>W</UnitOfMeasureSymbol></UnitOfMeasure></CSItem><CSItem><CSItemCode>IT4013218</CSItemCode><CSItemName>Jaarlijks energieverbruik</CSItemName><CSItemRank>8</CSItemRank><CSItemIsFreeFormat>1</CSItemIsFreeFormat><CSValue><CSValueCode>VA4025546</CSValueCode><CSValueName>104</CSValueName><CSValueRank>1</CSValueRank></CSValue><UnitOfMeasure><UnitOfMeasureCode>4000161</UnitOfMeasureCode><UnitOfMeasureName>kilowattuur</UnitOfMeasureName><UnitOfMeasureSymbol>kWh</UnitOfMeasureSymbol></UnitOfMeasure></CSItem><CSItem><CSItemCode>IT4013217</CSItemCode><CSItemName>Hoeveelheid kwik</CSItemName><CSItemRank>9</CSItemRank><CSItemIsFreeFormat>1</CSItemIsFreeFormat><CSValue><CSValueCode>VA4025545</CSValueCode><CSValueName>0</CSValueName><CSValueRank>1</CSValueRank></CSValue><UnitOfMeasure><UnitOfMeasureCode>4000142</UnitOfMeasureCode><UnitOfMeasureName>mg</UnitOfMeasureName><UnitOfMeasureSymbol>mg</UnitOfMeasureSymbol></UnitOfMeasure></CSItem><CSItem><CSItemCode>IT4013214</CSItemCode><CSItemName>Aanwezigheid lood</CSItemName><CSItemRank>10</CSItemRank><CSItemIsFreeFormat>0</CSItemIsFreeFormat><CSValue><CSValueCode>VA4025541</CSValueCode><CSValueName>Ja*</CSValueName><CSValueRank>1</CSValueRank></CSValue></CSItem></CSChapter><CSChapter><CSChapterCode>3000820</CSChapterCode><CSChapterName>Afmetingen</CSChapterName><CSChapterRank>12</CSChapterRank><CSItem><CSItemCode>3006821</CSItemCode><CSItemName>Breedte van de doos</CSItemName><CSItemRank>1</CSItemRank><CSItemIsFreeFormat>1</CSItemIsFreeFormat><CSValue><CSValueCode>3033149</CSValueCode><CSValueName>1070</CSValueName><CSValueRank>1</CSValueRank></CSValue><UnitOfMeasure><UnitOfMeasureCode>3000058</UnitOfMeasureCode><UnitOfMeasureName>millimeter</UnitOfMeasureName><UnitOfMeasureSymbol>millimeter</UnitOfMeasureSymbol></UnitOfMeasure></CSItem><CSItem><CSItemCode>3006820</CSItemCode><CSItemName>Hoogte van de doos</CSItemName><CSItemRank>2</CSItemRank><CSItemIsFreeFormat>1</CSItemIsFreeFormat><CSValue><CSValueCode>3033148</CSValueCode><CSValueName>680</CSValueName><CSValueRank>1</CSValueRank></CSValue><UnitOfMeasure><UnitOfMeasureCode>3000058</UnitOfMeasureCode><UnitOfMeasureName>millimeter</UnitOfMeasureName><UnitOfMeasureSymbol>millimeter</UnitOfMeasureSymbol></UnitOfMeasure></CSItem><CSItem><CSItemCode>3006819</CSItemCode><CSItemName>Diepte van de doos</CSItemName><CSItemRank>3</CSItemRank><CSItemIsFreeFormat>1</CSItemIsFreeFormat><CSValue><CSValueCode>3033147</CSValueCode><CSValueName>155</CSValueName><CSValueRank>1</CSValueRank></CSValue><UnitOfMeasure><UnitOfMeasureCode>3000058</UnitOfMeasureCode><UnitOfMeasureName>millimeter</UnitOfMeasureName><UnitOfMeasureSymbol>millimeter</UnitOfMeasureSymbol></UnitOfMeasure></CSItem><CSItem><CSItemCode>3006884</CSItemCode><CSItemName>Breedte van het apparaat</CSItemName><CSItemRank>4</CSItemRank><CSItemIsFreeFormat>1</CSItemIsFreeFormat><CSValue><CSValueCode>3033219</CSValueCode><CSValueName>971,3</CSValueName><CSValueRank>1</CSValueRank></CSValue><UnitOfMeasure><UnitOfMeasureCode>3000058</UnitOfMeasureCode><UnitOfMeasureName>millimeter</UnitOfMeasureName><UnitOfMeasureSymbol>millimeter</UnitOfMeasureSymbol></UnitOfMeasure></CSItem><CSItem><CSItemCode>3006882</CSItemCode><CSItemName>Hoogte van het apparaat</CSItemName><CSItemRank>5</CSItemRank><CSItemIsFreeFormat>1</CSItemIsFreeFormat><CSValue><CSValueCode>3033217</CSValueCode><CSValueName>573,5</CSValueName><CSValueRank>1</CSValueRank></CSValue><UnitOfMeasure><UnitOfMeasureCode>3000058</UnitOfMeasureCode><UnitOfMeasureName>millimeter</UnitOfMeasureName><UnitOfMeasureSymbol>millimeter</UnitOfMeasureSymbol></UnitOfMeasure></CSItem><CSItem><CSItemCode>3006881</CSItemCode><CSItemName>Diepte van het apparaat</CSItemName><CSItemRank>6</CSItemRank><CSItemIsFreeFormat>1</CSItemIsFreeFormat><CSValue><CSValueCode>3033216</CSValueCode><CSValueName>77,3</CSValueName><CSValueRank>1</CSValueRank></CSValue><UnitOfMeasure><UnitOfMeasureCode>3000058</UnitOfMeasureCode><UnitOfMeasureName>millimeter</UnitOfMeasureName><UnitOfMeasureSymbol>millimeter</UnitOfMeasureSymbol></UnitOfMeasure></CSItem><CSItem><CSItemCode>3010081</CSItemCode><CSItemName>Breedte van het apparaat (met standaard)</CSItemName><CSItemRank>7</CSItemRank><CSItemIsFreeFormat>1</CSItemIsFreeFormat><CSValue><CSValueCode>3045267</CSValueCode><CSValueName>971,3</CSValueName><CSValueRank>1</CSValueRank></CSValue><UnitOfMeasure><UnitOfMeasureCode>3000058</UnitOfMeasureCode><UnitOfMeasureName>millimeter</UnitOfMeasureName><UnitOfMeasureSymbol>millimeter</UnitOfMeasureSymbol></UnitOfMeasure></CSItem><CSItem><CSItemCode>3010080</CSItemCode><CSItemName>Hoogte van het apparaat (met standaard)</CSItemName><CSItemRank>8</CSItemRank><CSItemIsFreeFormat>1</CSItemIsFreeFormat><CSValue><CSValueCode>3045266</CSValueCode><CSValueName>628,6</CSValueName><CSValueRank>1</CSValueRank></CSValue><UnitOfMeasure><UnitOfMeasureCode>3000058</UnitOfMeasureCode><UnitOfMeasureName>millimeter</UnitOfMeasureName><UnitOfMeasureSymbol>millimeter</UnitOfMeasureSymbol></UnitOfMeasure></CSItem><CSItem><CSItemCode>3010079</CSItemCode><CSItemName>Diepte van het apparaat (met standaard)</CSItemName><CSItemRank>9</CSItemRank><CSItemIsFreeFormat>1</CSItemIsFreeFormat><CSValue><CSValueCode>3045265</CSValueCode><CSValueName>205,0</CSValueName><CSValueRank>1</CSValueRank></CSValue><UnitOfMeasure><UnitOfMeasureCode>3000058</UnitOfMeasureCode><UnitOfMeasureName>millimeter</UnitOfMeasureName><UnitOfMeasureSymbol>millimeter</UnitOfMeasureSymbol></UnitOfMeasure></CSItem><CSItem><CSItemCode>IT4042932</CSItemCode><CSItemName>Breedte TV-standaard</CSItemName><CSItemRank>10</CSItemRank><CSItemIsFreeFormat>1</CSItemIsFreeFormat><CSValue><CSValueCode>VA4099201</CSValueCode><CSValueName>569,4</CSValueName><CSValueRank>1</CSValueRank></CSValue><UnitOfMeasure><UnitOfMeasureCode>3000058</UnitOfMeasureCode><UnitOfMeasureName>millimeter</UnitOfMeasureName><UnitOfMeasureSymbol>millimeter</UnitOfMeasureSymbol></UnitOfMeasure></CSItem><CSItem><CSItemCode>4000961</CSItemCode><CSItemName>Compatibel met VESA-wandmontagesysteem</CSItemName><CSItemRank>11</CSItemRank><CSItemIsFreeFormat>0</CSItemIsFreeFormat><CSValue><CSValueCode>VA4006542</CSValueCode><CSValueName>200 x 200 mm</CSValueName><CSValueRank>1</CSValueRank></CSValue></CSItem><CSItem><CSItemCode>3006873</CSItemCode><CSItemName>Gewicht van het product</CSItemName><CSItemRank>12</CSItemRank><CSItemIsFreeFormat>1</CSItemIsFreeFormat><CSValue><CSValueCode>3033208</CSValueCode><CSValueName>8,9</CSValueName><CSValueRank>1</CSValueRank></CSValue><UnitOfMeasure><UnitOfMeasureCode>3000049</UnitOfMeasureCode><UnitOfMeasureName>kilogram</UnitOfMeasureName><UnitOfMeasureSymbol>kg</UnitOfMeasureSymbol></UnitOfMeasure></CSItem><CSItem><CSItemCode>3010611</CSItemCode><CSItemName>Gewicht (incl. standaard)</CSItemName><CSItemRank>13</CSItemRank><CSItemIsFreeFormat>1</CSItemIsFreeFormat><CSValue><CSValueCode>3047710</CSValueCode><CSValueName>11,4</CSValueName><CSValueRank>1</CSValueRank></CSValue><UnitOfMeasure><UnitOfMeasureCode>3000049</UnitOfMeasureCode><UnitOfMeasureName>kilogram</UnitOfMeasureName><UnitOfMeasureSymbol>kg</UnitOfMeasureSymbol></UnitOfMeasure></CSItem><CSItem><CSItemCode>3006911</CSItemCode><CSItemName>Gewicht (incl. verpakking)</CSItemName><CSItemRank>14</CSItemRank><CSItemIsFreeFormat>1</CSItemIsFreeFormat><CSValue><CSValueCode>3033246</CSValueCode><CSValueName>13,7</CSValueName><CSValueRank>1</CSValueRank></CSValue><UnitOfMeasure><UnitOfMeasureCode>3000049</UnitOfMeasureCode><UnitOfMeasureName>kilogram</UnitOfMeasureName><UnitOfMeasureSymbol>kg</UnitOfMeasureSymbol></UnitOfMeasure></CSItem></CSChapter><CSChapter><CSChapterCode>CH4007881</CSChapterCode><CSChapterName>Kleur en afwerking</CSChapterName><CSChapterRank>13</CSChapterRank><CSItem><CSItemCode>IT4038828</CSItemCode><CSItemName>Voorkant TV</CSItemName><CSItemRank>1</CSItemRank><CSItemIsFreeFormat>0</CSItemIsFreeFormat><CSValue><CSValueCode>VA4101756</CSValueCode><CSValueName>Donker zilver</CSValueName><CSValueRank>1</CSValueRank></CSValue></CSItem></CSChapter><CSChapter><CSChapterCode>3000815</CSChapterCode><CSChapterName>Accessoires</CSChapterName><CSChapterRank>14</CSChapterRank><CSItem><CSItemCode>3006778</CSItemCode><CSItemName>Meegeleverde accessoires</CSItemName><CSItemRank>1</CSItemRank><CSItemIsFreeFormat>0</CSItemIsFreeFormat><CSValue><CSValueCode>3033001</CSValueCode><CSValueName>Afstandsbediening</CSValueName><CSValueRank>1</CSValueRank></CSValue><CSValue><CSValueCode>3047450</CSValueCode><CSValueName>2 AA-batterijen</CSValueName><CSValueRank>2</CSValueRank></CSValue><CSValue><CSValueCode>3033561</CSValueCode><CSValueName>Snelstartgids</CSValueName><CSValueRank>3</CSValueRank></CSValue><CSValue><CSValueCode>VA4015925</CSValueCode><CSValueName>Brochure met wettelijk verplichte informatie en veiligheidsgegevens</CSValueName><CSValueRank>4</CSValueRank></CSValue><CSValue><CSValueCode>3033554</CSValueCode><CSValueName>Voedingskabel</CSValueName><CSValueRank>5</CSValueRank></CSValue><CSValue><CSValueCode>VA4056481</CSValueCode><CSValueName>Mini-aansluiting L/R-kabel</CSValueName><CSValueRank>6</CSValueRank></CSValue><CSValue><CSValueCode>VA4054201</CSValueCode><CSValueName>Mini-aansluiting YPbPr-kabel</CSValueName><CSValueRank>7</CSValueRank></CSValue><CSValue><CSValueCode>3033021</CSValueCode><CSValueName>Tafelstandaard</CSValueName><CSValueRank>8</CSValueRank></CSValue></CSItem></CSChapter><Filters><Purpose type="Comparison"><Features><Feature code="F400085586_43PUS7393_12" rank="1" referenceName="Ambilight 3-sided EU"/><Feature code="F400085626" rank="2" referenceName="Slender Bezel 2018"/><Feature code="F400085580" rank="3" referenceName="4K Ultra HD EU"/><Feature code="F400085602_43PUS7393_12" rank="4" referenceName="P5 Processing Engine EU"/><Feature code="F400085615_43PUS7393_12" rank="5" referenceName="HDR Plus EU"/><Feature code="F400085582" rank="6" referenceName="Micro Dimming Pro EU"/><Feature code="F400085630" rank="7" referenceName="Quad Core + Android EU"/><Feature code="F400085609_43PUS7393_12" rank="8" referenceName="Google Assistant built-in EU"/><Feature code="F400085607_43PUS7393_12" rank="9" referenceName="Google Play + Philips TV/STA gallery + 16GB memory EU"/></Features><CSItems><CSItem code="IT4008761" rank="1" referenceName="Ambilight - Ambilight-versie"/><CSItem code="IT4009349" rank="1" referenceName="Beeld/scherm - Display"/><CSItem code="IT4037473" rank="1" referenceName="Android - Besturingssysteem"/><CSItem code="IT4037464" rank="1" referenceName="Smart TV-functies - Gebruikersinteractie"/><CSItem code="IT4029505" rank="1" referenceName="Bezig met verwerken - Verwerkingskracht"/><CSItem code="3006270" rank="1" referenceName="Geluid - Uitgangsvermogen (RMS)"/><CSItem code="IT4006781" rank="1" referenceName="Connectiviteit - Aantal HDMI-aansluitingen"/><CSItem code="IT4008764" rank="1" referenceName="Multimediatoepassingen - Videoweergaveformaten"/><CSItem code="IT4041111" rank="1" referenceName="Ondersteunde beeldschermresolutie - Computeringangen op HDMI1/2"/><CSItem code="IT4041210" rank="1" referenceName="Tuner/ontvangst/transmissie - HEVC-ondersteuning"/><CSItem code="3007003" rank="1" referenceName="Vermogen - Netspanning"/><CSItem code="3006821" rank="1" referenceName="Afmetingen - Breedte van de doos"/><CSItem code="IT4038828" rank="1" referenceName="Kleur en afwerking - Voorkant TV"/><CSItem code="3006778" rank="1" referenceName="Accessoires - Meegeleverde accessoires"/><CSItem code="3006240" rank="2" referenceName="Ambilight - Ambilight-functies"/><CSItem code="3006140" rank="2" referenceName="Beeld/scherm - Schermdiagonaal (centimeters)"/><CSItem code="IT4034666" rank="2" referenceName="Android - Vooraf geïnstalleerde apps"/><CSItem code="IT4037465" rank="2" referenceName="Smart TV-functies - Interactieve TV"/><CSItem code="3006277" rank="2" referenceName="Geluid - Geluidsverbetering"/><CSItem code="IT4015984" rank="2" referenceName="Connectiviteit - Aantal USB-aansluitingen"/><CSItem code="IT4033451" rank="2" referenceName="Multimediatoepassingen - Ondersteunde ondertitelindelingen"/><CSItem code="IT4041112" rank="2" referenceName="Ondersteunde beeldschermresolutie - Computeringangen op HDMI3/4"/><CSItem code="3007491" rank="2" referenceName="Tuner/ontvangst/transmissie - Digitale TV"/><CSItem code="3007001" rank="2" referenceName="Vermogen - Stroomverbruik in stand-bystand"/><CSItem code="3006820" rank="2" referenceName="Afmetingen - Hoogte van de doos"/><CSItem code="3006139" rank="3" referenceName="Beeld/scherm - Schermdiagonaal (inch)"/><CSItem code="IT4037607" rank="3" referenceName="Android - Geheugencapaciteit"/><CSItem code="IT4037466" rank="3" referenceName="Smart TV-functies - Programmeren"/><CSItem code="IT4045565" rank="3" referenceName="Geluid - Luidsprekerconfiguratie"/><CSItem code="IT4015985" rank="3" referenceName="Connectiviteit - Aantal componentingangen (YPbPr)"/><CSItem code="IT4008762" rank="3" referenceName="Multimediatoepassingen - Muziekweergaveformaten"/><CSItem code="IT4041113" rank="3" referenceName="Ondersteunde beeldschermresolutie - Video-ingangen op HDMI1/2"/><CSItem code="IT4028192" rank="3" referenceName="Tuner/ontvangst/transmissie - MPEG-ondersteuning"/><CSItem code="IT4009431" rank="3" referenceName="Vermogen - Energieverbruik wanneer uitgeschakeld"/><CSItem code="3006819" rank="3" referenceName="Afmetingen - Diepte van de doos"/><CSItem code="3006177" rank="4" referenceName="Beeld/scherm - Schermresolutie"/><CSItem code="IT4037467" rank="4" referenceName="Smart TV-functies - SmartTV-apps*"/><CSItem code="3006591" rank="4" referenceName="Connectiviteit - Draadloze verbindingen"/><CSItem code="IT4008763" rank="4" referenceName="Multimediatoepassingen - Beeldweergaveformaten"/><CSItem code="IT4041114" rank="4" referenceName="Ondersteunde beeldschermresolutie - Video-ingangen op HDMI3/4"/><CSItem code="3006515" rank="4" referenceName="Tuner/ontvangst/transmissie - Videoweergave"/><CSItem code="4000081" rank="4" referenceName="Vermogen - Omgevingstemperatuur"/><CSItem code="3006884" rank="4" referenceName="Afmetingen - Breedte van het apparaat"/><CSItem code="3006121" rank="5" referenceName="Beeld/scherm - Beeldformaat"/><CSItem code="IT4037468" rank="5" referenceName="Smart TV-functies - Gemakkelijk te installeren"/><CSItem code="3006573" rank="5" referenceName="Connectiviteit - Andere aansluitingen"/><CSItem code="IT4034213" rank="5" referenceName="Tuner/ontvangst/transmissie - TV-programmagids*"/><CSItem code="IT4008765" rank="5" referenceName="Vermogen - Functies voor energiebesparing"/><CSItem code="3006882" rank="5" referenceName="Afmetingen - Hoogte van het apparaat"/><CSItem code="IT4034274" rank="6" referenceName="Beeld/scherm - Pixel Engine"/><CSItem code="IT4037469" rank="6" referenceName="Smart TV-functies - Gebruiksgemak"/><CSItem code="IT4001801" rank="6" referenceName="Connectiviteit - HDMI-functies"/><CSItem code="IT4034214" rank="6" referenceName="Tuner/ontvangst/transmissie - Signaalsterkte-indicator"/><CSItem code="IT4015354" rank="6" referenceName="Vermogen - Energieklasse"/><CSItem code="3006881" rank="6" referenceName="Afmetingen - Diepte van het apparaat"/><CSItem code="3006183" rank="7" referenceName="Beeld/scherm - Beeldverbetering"/><CSItem code="IT4037470" rank="7" referenceName="Smart TV-functies - Firmware-upgrade mogelijk"/><CSItem code="IT4001802" rank="7" referenceName="Connectiviteit - EasyLink (HDMI-CEC)"/><CSItem code="IT4034215" rank="7" referenceName="Tuner/ontvangst/transmissie - Teletekst"/><CSItem code="IT4016791" rank="7" referenceName="Vermogen - Europees energielabel (vermogen)"/><CSItem code="3010081" rank="7" referenceName="Afmetingen - Breedte van het apparaat (met standaard)"/><CSItem code="IT4037471" rank="8" referenceName="Smart TV-functies - Aanpassingen van beeldformaat"/><CSItem code="IT4034211" rank="8" referenceName="Connectiviteit - HDCP 2.2"/><CSItem code="IT4013218" rank="8" referenceName="Vermogen - Jaarlijks energieverbruik"/><CSItem code="3010080" rank="8" referenceName="Afmetingen - Hoogte van het apparaat (met standaard)"/><CSItem code="IT4037472" rank="9" referenceName="Smart TV-functies - Philips TV Remote-app*"/><CSItem code="IT4013217" rank="9" referenceName="Vermogen - Hoeveelheid kwik"/><CSItem code="3010079" rank="9" referenceName="Afmetingen - Diepte van het apparaat (met standaard)"/><CSItem code="IT4037475" rank="10" referenceName="Smart TV-functies - Afstandsbediening"/><CSItem code="IT4013214" rank="10" referenceName="Vermogen - Aanwezigheid lood"/><CSItem code="IT4042932" rank="10" referenceName="Afmetingen - Breedte TV-standaard"/><CSItem code="4000961" rank="11" referenceName="Afmetingen - Compatibel met VESA-wandmontagesysteem"/><CSItem code="3006873" rank="12" referenceName="Afmetingen - Gewicht van het product"/><CSItem code="3010611" rank="13" referenceName="Afmetingen - Gewicht (incl. standaard)"/><CSItem code="3006911" rank="14" referenceName="Afmetingen - Gewicht (incl. verpakking)"/></CSItems></Purpose><Purpose type="Detail"><Features><Feature code="F400085586_43PUS7393_12" rank="1" referenceName="Ambilight 3-sided EU"/><Feature code="F400085626" rank="2" referenceName="Slender Bezel 2018"/><Feature code="F400085580" rank="3" referenceName="4K Ultra HD EU"/><Feature code="F400085602_43PUS7393_12" rank="4" referenceName="P5 Processing Engine EU"/><Feature code="F400085615_43PUS7393_12" rank="5" referenceName="HDR Plus EU"/><Feature code="F400085582" rank="6" referenceName="Micro Dimming Pro EU"/><Feature code="F400085630" rank="7" referenceName="Quad Core + Android EU"/><Feature code="F400085609_43PUS7393_12" rank="8" referenceName="Google Assistant built-in EU"/><Feature code="F400085607_43PUS7393_12" rank="9" referenceName="Google Play + Philips TV/STA gallery + 16GB memory EU"/></Features><CSItems><CSItem code="IT4008761" rank="1" referenceName="Ambilight - Ambilight-versie"/><CSItem code="IT4009349" rank="1" referenceName="Beeld/scherm - Display"/><CSItem code="IT4037473" rank="1" referenceName="Android - Besturingssysteem"/><CSItem code="IT4037464" rank="1" referenceName="Smart TV-functies - Gebruikersinteractie"/><CSItem code="IT4029505" rank="1" referenceName="Bezig met verwerken - Verwerkingskracht"/><CSItem code="3006270" rank="1" referenceName="Geluid - Uitgangsvermogen (RMS)"/><CSItem code="IT4006781" rank="1" referenceName="Connectiviteit - Aantal HDMI-aansluitingen"/><CSItem code="IT4008764" rank="1" referenceName="Multimediatoepassingen - Videoweergaveformaten"/><CSItem code="IT4041111" rank="1" referenceName="Ondersteunde beeldschermresolutie - Computeringangen op HDMI1/2"/><CSItem code="IT4041210" rank="1" referenceName="Tuner/ontvangst/transmissie - HEVC-ondersteuning"/><CSItem code="3007003" rank="1" referenceName="Vermogen - Netspanning"/><CSItem code="3006821" rank="1" referenceName="Afmetingen - Breedte van de doos"/><CSItem code="IT4038828" rank="1" referenceName="Kleur en afwerking - Voorkant TV"/><CSItem code="3006778" rank="1" referenceName="Accessoires - Meegeleverde accessoires"/><CSItem code="3006240" rank="2" referenceName="Ambilight - Ambilight-functies"/><CSItem code="3006140" rank="2" referenceName="Beeld/scherm - Schermdiagonaal (centimeters)"/><CSItem code="IT4034666" rank="2" referenceName="Android - Vooraf geïnstalleerde apps"/><CSItem code="IT4037465" rank="2" referenceName="Smart TV-functies - Interactieve TV"/><CSItem code="3006277" rank="2" referenceName="Geluid - Geluidsverbetering"/><CSItem code="IT4015984" rank="2" referenceName="Connectiviteit - Aantal USB-aansluitingen"/><CSItem code="IT4033451" rank="2" referenceName="Multimediatoepassingen - Ondersteunde ondertitelindelingen"/><CSItem code="IT4041112" rank="2" referenceName="Ondersteunde beeldschermresolutie - Computeringangen op HDMI3/4"/><CSItem code="3007491" rank="2" referenceName="Tuner/ontvangst/transmissie - Digitale TV"/><CSItem code="3007001" rank="2" referenceName="Vermogen - Stroomverbruik in stand-bystand"/><CSItem code="3006820" rank="2" referenceName="Afmetingen - Hoogte van de doos"/><CSItem code="3006139" rank="3" referenceName="Beeld/scherm - Schermdiagonaal (inch)"/><CSItem code="IT4037607" rank="3" referenceName="Android - Geheugencapaciteit"/><CSItem code="IT4037466" rank="3" referenceName="Smart TV-functies - Programmeren"/><CSItem code="IT4045565" rank="3" referenceName="Geluid - Luidsprekerconfiguratie"/><CSItem code="IT4015985" rank="3" referenceName="Connectiviteit - Aantal componentingangen (YPbPr)"/><CSItem code="IT4008762" rank="3" referenceName="Multimediatoepassingen - Muziekweergaveformaten"/><CSItem code="IT4041113" rank="3" referenceName="Ondersteunde beeldschermresolutie - Video-ingangen op HDMI1/2"/><CSItem code="IT4028192" rank="3" referenceName="Tuner/ontvangst/transmissie - MPEG-ondersteuning"/><CSItem code="IT4009431" rank="3" referenceName="Vermogen - Energieverbruik wanneer uitgeschakeld"/><CSItem code="3006819" rank="3" referenceName="Afmetingen - Diepte van de doos"/><CSItem code="3006177" rank="4" referenceName="Beeld/scherm - Schermresolutie"/><CSItem code="IT4037467" rank="4" referenceName="Smart TV-functies - SmartTV-apps*"/><CSItem code="3006591" rank="4" referenceName="Connectiviteit - Draadloze verbindingen"/><CSItem code="IT4008763" rank="4" referenceName="Multimediatoepassingen - Beeldweergaveformaten"/><CSItem code="IT4041114" rank="4" referenceName="Ondersteunde beeldschermresolutie - Video-ingangen op HDMI3/4"/><CSItem code="3006515" rank="4" referenceName="Tuner/ontvangst/transmissie - Videoweergave"/><CSItem code="4000081" rank="4" referenceName="Vermogen - Omgevingstemperatuur"/><CSItem code="3006884" rank="4" referenceName="Afmetingen - Breedte van het apparaat"/><CSItem code="3006121" rank="5" referenceName="Beeld/scherm - Beeldformaat"/><CSItem code="IT4037468" rank="5" referenceName="Smart TV-functies - Gemakkelijk te installeren"/><CSItem code="3006573" rank="5" referenceName="Connectiviteit - Andere aansluitingen"/><CSItem code="IT4034213" rank="5" referenceName="Tuner/ontvangst/transmissie - TV-programmagids*"/><CSItem code="IT4008765" rank="5" referenceName="Vermogen - Functies voor energiebesparing"/><CSItem code="3006882" rank="5" referenceName="Afmetingen - Hoogte van het apparaat"/><CSItem code="IT4034274" rank="6" referenceName="Beeld/scherm - Pixel Engine"/><CSItem code="IT4037469" rank="6" referenceName="Smart TV-functies - Gebruiksgemak"/><CSItem code="IT4001801" rank="6" referenceName="Connectiviteit - HDMI-functies"/><CSItem code="IT4034214" rank="6" referenceName="Tuner/ontvangst/transmissie - Signaalsterkte-indicator"/><CSItem code="IT4015354" rank="6" referenceName="Vermogen - Energieklasse"/><CSItem code="3006881" rank="6" referenceName="Afmetingen - Diepte van het apparaat"/><CSItem code="3006183" rank="7" referenceName="Beeld/scherm - Beeldverbetering"/><CSItem code="IT4037470" rank="7" referenceName="Smart TV-functies - Firmware-upgrade mogelijk"/><CSItem code="IT4001802" rank="7" referenceName="Connectiviteit - EasyLink (HDMI-CEC)"/><CSItem code="IT4034215" rank="7" referenceName="Tuner/ontvangst/transmissie - Teletekst"/><CSItem code="IT4016791" rank="7" referenceName="Vermogen - Europees energielabel (vermogen)"/><CSItem code="3010081" rank="7" referenceName="Afmetingen - Breedte van het apparaat (met standaard)"/><CSItem code="IT4037471" rank="8" referenceName="Smart TV-functies - Aanpassingen van beeldformaat"/><CSItem code="IT4034211" rank="8" referenceName="Connectiviteit - HDCP 2.2"/><CSItem code="IT4013218" rank="8" referenceName="Vermogen - Jaarlijks energieverbruik"/><CSItem code="3010080" rank="8" referenceName="Afmetingen - Hoogte van het apparaat (met standaard)"/><CSItem code="IT4037472" rank="9" referenceName="Smart TV-functies - Philips TV Remote-app*"/><CSItem code="IT4013217" rank="9" referenceName="Vermogen - Hoeveelheid kwik"/><CSItem code="3010079" rank="9" referenceName="Afmetingen - Diepte van het apparaat (met standaard)"/><CSItem code="IT4037475" rank="10" referenceName="Smart TV-functies - Afstandsbediening"/><CSItem code="IT4013214" rank="10" referenceName="Vermogen - Aanwezigheid lood"/><CSItem code="IT4042932" rank="10" referenceName="Afmetingen - Breedte TV-standaard"/><CSItem code="4000961" rank="11" referenceName="Afmetingen - Compatibel met VESA-wandmontagesysteem"/><CSItem code="3006873" rank="12" referenceName="Afmetingen - Gewicht van het product"/><CSItem code="3010611" rank="13" referenceName="Afmetingen - Gewicht (incl. standaard)"/><CSItem code="3006911" rank="14" referenceName="Afmetingen - Gewicht (incl. verpakking)"/></CSItems></Purpose></Filters><FeatureCompareGroups/><Disclaimers><Disclaimer code="DIS40004404" rank="1" referenceName="8 days EPG"><DisclaimerText>EPG en actuele gegevens (tot 8 dagen) zijn afhankelijk van land en kabelmaatschappij.</DisclaimerText><DisclaimElements/></Disclaimer><Disclaimer code="DIS40008492" rank="2" referenceName="Android Apps (2015)"><DisclaimerText>Het aanbod aan Android-app's verschilt per land. Ga voor meer informatie naar uw plaatselijke Google Play Store.</DisclaimerText><DisclaimElements/></Disclaimer><Disclaimer code="DIS40001802" rank="3" referenceName="Annual energy consumption"><DisclaimerText>Energieverbruik in kWh per jaar, op basis van het stroomverbruik van de televisie als deze 4 uur per dag, 365 dagen per jaar is ingeschakeld. Het werkelijke energieverbruik hangt af van hoe de televisie wordt gebruikt.</DisclaimerText><DisclaimElements/></Disclaimer><Disclaimer code="DIS40001441" rank="4" referenceName="DVB  disclaimer (2010)"><DisclaimerText>De TV biedt ondersteuning voor gratis DVB-uitzendingen. Mogelijk worden bepaalde DVB-aanbieders niet ondersteund. Ga voor een recente lijst met aanbieders naar het gedeelte met veelgestelde vragen van de ondersteuningswebsite van Philips. Voor bepaalde aanbieders zijn voorwaarden en een abonnement vereist. Neem voor meer informatie contact op met uw aanbieder.</DisclaimerText><DisclaimElements/></Disclaimer><Disclaimer code="DIS40008490" rank="5" referenceName="Philips TV Remote app (2015)"><DisclaimerText>Philips TV Remote-app en verwante functionaliteiten verschillen per TV-model, provider en land, smart device-model en besturingssysteem. Ga voor meer informatie naar: www.philips.com/TVRemoteapp.</DisclaimerText><DisclaimElements/></Disclaimer><Disclaimer code="DIS40008491" rank="6" referenceName="Smart TV Apps (2015)"><DisclaimerText>Het aanbod van Smart TV-apps verschilt per TV-model en land. Ga voor meer informatie naar: www.philips.com/smarttv.</DisclaimerText><DisclaimElements/></Disclaimer><Disclaimer code="DIS40004402" rank="7" referenceName="USB recording"><DisclaimerText>Alleen opnemen via USB voor digitale kanalen. Opnamen kunnen worden beperkt door een kopieerbeveiliging (CI+). Voor bepaalde landen en kanalen zijn mogelijk beperkingen van toepassing.</DisclaimerText><DisclaimElements/></Disclaimer><Disclaimer code="DIS40010923" rank="8" referenceName="Amazon Availability (2016)"><DisclaimerText>Uw Amazon-apps zijn mogelijk niet beschikbaar in uw land. (De Amazon-apps werken momenteel alleen in het Verenigd Koninkrijk, Duitsland en Oostenrijk)</DisclaimerText><DisclaimElements/></Disclaimer><Disclaimer code="DIS40001803" rank="9" referenceName="This television contains lead only in certain parts"><DisclaimerText>Deze televisie bevat lood in bepaalde onderdelen of componenten waarvoor geen alternatieve technologie bestaat, in overeenstemming met bestaande vrijstellingsclausules van de RoHS-richtlijn.</DisclaimerText><DisclaimElements/></Disclaimer><Disclaimer code="DIS40012460" rank="10" referenceName="GA* is fantastic"><DisclaimerText>Google Assistant ingebouwd is beschikbaar als software-update voor Android TV's uit 2018.</DisclaimerText><DisclaimElements/></Disclaimer><Disclaimer code="DIS40012116" rank="11" referenceName="ChromeCast built-in"><DisclaimerText>De functionaliteit is onderhevig aan apps met ChromeCast ingebouwd en smart devices. Voor meer details gaat u naar pagina's over producten met ChromeCast ingebouwd.</DisclaimerText><DisclaimElements/></Disclaimer></Disclaimers><AccessoryByPacked><AccessoryByPackedCode>ABPP_3033001</AccessoryByPackedCode><AccessoryByPackedReference>Afstandsbediening</AccessoryByPackedReference><AccessoryByPackedName>Afstandsbediening</AccessoryByPackedName><AccessoryByPackedRank>1</AccessoryByPackedRank></AccessoryByPacked><AccessoryByPacked><AccessoryByPackedCode>ABPP_3047450</AccessoryByPackedCode><AccessoryByPackedReference>2 AA-batterijen</AccessoryByPackedReference><AccessoryByPackedName>2 AA-batterijen</AccessoryByPackedName><AccessoryByPackedRank>2</AccessoryByPackedRank></AccessoryByPacked><AccessoryByPacked><AccessoryByPackedCode>ABPP_3033561</AccessoryByPackedCode><AccessoryByPackedReference>Snelstartgids</AccessoryByPackedReference><AccessoryByPackedName>Snelstartgids</AccessoryByPackedName><AccessoryByPackedRank>3</AccessoryByPackedRank></AccessoryByPacked><AccessoryByPacked><AccessoryByPackedCode>ABPP_VA4015925</AccessoryByPackedCode><AccessoryByPackedReference>Brochure met wettelijk verplichte informatie en veiligheidsgegevens</AccessoryByPackedReference><AccessoryByPackedName>Brochure met wettelijk verplichte informatie en veiligheidsgegevens</AccessoryByPackedName><AccessoryByPackedRank>4</AccessoryByPackedRank></AccessoryByPacked><AccessoryByPacked><AccessoryByPackedCode>ABPP_3033554</AccessoryByPackedCode><AccessoryByPackedReference>Voedingskabel</AccessoryByPackedReference><AccessoryByPackedName>Voedingskabel</AccessoryByPackedName><AccessoryByPackedRank>5</AccessoryByPackedRank></AccessoryByPacked><AccessoryByPacked><AccessoryByPackedCode>ABPP_VA4056481</AccessoryByPackedCode><AccessoryByPackedReference>Mini-aansluiting L/R-kabel</AccessoryByPackedReference><AccessoryByPackedName>Mini-aansluiting L/R-kabel</AccessoryByPackedName><AccessoryByPackedRank>6</AccessoryByPackedRank></AccessoryByPacked><AccessoryByPacked><AccessoryByPackedCode>ABPP_VA4054201</AccessoryByPackedCode><AccessoryByPackedReference>Mini-aansluiting YPbPr-kabel</AccessoryByPackedReference><AccessoryByPackedName>Mini-aansluiting YPbPr-kabel</AccessoryByPackedName><AccessoryByPackedRank>7</AccessoryByPackedRank></AccessoryByPacked><AccessoryByPacked><AccessoryByPackedCode>ABPP_3033021</AccessoryByPackedCode><AccessoryByPackedReference>Tafelstandaard</AccessoryByPackedReference><AccessoryByPackedName>Tafelstandaard</AccessoryByPackedName><AccessoryByPackedRank>8</AccessoryByPackedRank></AccessoryByPacked><RichTexts/></Product></Products>