<?xml version="1.0" encoding="UTF-8"?><Products xmlns:source="http://apache.org/cocoon/source/1.0" DocStatus="approved" DocTimeStamp="2018-10-20T07:18:48"><Product Country="NL" IsAccessory="false" IsLocalized="true" IsMaster="false" Locale="nl_NL" lastModified="2018-10-17T04:37:35" masterLastModified="2018-08-05T00:37:15"><CTN>3306431P7</CTN><Code12NC>915005493901</Code12NC><GTIN>8718696162873</GTIN><MarketingVersion>7.1.1</MarketingVersion><MarketingStatus>Final Published</MarketingStatus><CRDate>2017-01-13</CRDate><CRDateYW>201702</CRDateYW><ModelYears><ModelYear>2017</ModelYear></ModelYears><ProductDivision><ProductDivisionCode>0100</ProductDivisionCode><ProductDivisionName>Lighting</ProductDivisionName><FormerPDCode>0100</FormerPDCode></ProductDivision><ProductOwner>Mathilde Tovany</ProductOwner><DTN>33064/31/P7</DTN><Catalog><StartOfPublication>2017-08-07T00:00:00</StartOfPublication><EndOfPublication>2300-01-01T00:00:00</EndOfPublication><StartOfSales>2017-08-07T00:00:00</StartOfSales><EndOfSales>2300-01-01T00:00:00</EndOfSales><DummyPrice/><Deleted>false</Deleted><DeleteAfterDate/><ProductRank>50</ProductRank></Catalog><FinancialCategorization><BusinessGroupCode>9021</BusinessGroupCode><BusinessGroupName>Home</BusinessGroupName><BusinessUnitCode>9159</BusinessUnitCode><BusinessUnitName>Home Luminaires</BusinessUnitName><MainArticleGroupCode>G81</MainArticleGroupCode><MainArticleGroupName>Functional Wall &amp; Ceiling</MainArticleGroupName><ArticleGroupCode>4951</ArticleGroupCode><ArticleGroupName>Ceiling</ArticleGroupName></FinancialCategorization><Categorization type="CONSUMER"><GroupCode>LIGHTING_GR</GroupCode><GroupName>Lighting</GroupName><CategoryCode>HUEWIRELESS_CA</CategoryCode><CategoryName>Hue</CategoryName><SubcategoryCode>LAMPS_SU</SubcategoryCode><SubcategoryName>Lamps</SubcategoryName></Categorization><Assets><Asset code="3306431P7" description="Leaflet" extension="pdf" lastModified="2018-08-30" locale="nl_NL" number="001" type="PSS">http://download.p4c.philips.com/files/3/3306431p7/3306431p7_pss_nldnl.pdf</Asset><Asset code="3306431P7" description="Retail Trade Leaflet" extension="pdf" lastModified="2018-10-16" locale="nl_NL" number="001" type="RTL">http://download.p4c.philips.com/files/3/3306431p7/3306431p7_rtl_nldnl.pdf</Asset><Asset code="3306431P7" description="Alternative product photograph 4 - highres 2196x1795" extension="tif" lastModified="2017-04-06" locale="global" number="001" type="A4P">http://images.philips.com/is/image/PhilipsConsumer/3306431P7-A4P-global-001</Asset><Asset code="3306431P7" description="Leaflet" extension="pdf" lastModified="2018-08-05" locale="global" number="001" type="PSS">http://download.p4c.philips.com/files/3/3306431p7/3306431p7_pss_.pdf</Asset><Asset code="3306431P7" description="Standard product photograph - highres 2196x1795" extension="tif" lastModified="2017-04-18" locale="global" number="001" type="RTP">http://images.philips.com/is/image/PhilipsConsumer/3306431P7-RTP-global-001</Asset><Asset code="3306431P7" description="Single product shot" extension="" lastModified="2018-10-17" locale="nl_NL" number="" type="IMS">http://images.philips.com/is/image/PhilipsConsumer/3306431P7-IMS-nl_NL</Asset><Asset code="3306431P7" description="Product gallery image set" extension="" lastModified="2018-10-17" locale="nl_NL" number="" type="GAL">http://images.philips.com/is/image/PhilipsConsumer/3306431P7-GAL-nl_NL</Asset><Asset code="3306431P7" description="Product URL" extension="" lastModified="2018-10-17" locale="nl_NL" number="" type="URL">http://www.philips.nl/c-p/3306431P7/hue-white-ambiance-struana-plafondlamp</Asset><Asset code="F400032428" description="Feature photograph - highres 2100x1170" extension="tif" lastModified="2017-07-24" locale="global" number="001" type="FIL">http://images.philips.com/is/image/PhilipsConsumer/F400032428-FIL-global-001</Asset><Asset code="F400083537" description="Feature photograph - highres 2100x1170" extension="tif" lastModified="2017-07-13" locale="global" number="001" type="FIL">http://images.philips.com/is/image/PhilipsConsumer/F400083537-FIL-global-001</Asset><Asset code="F400083951" description="Feature photograph - highres 2100x1170" extension="tif" lastModified="2017-07-24" locale="global" number="001" type="FIL">http://images.philips.com/is/image/PhilipsConsumer/F400083951-FIL-global-001</Asset><Asset code="F400083952" description="Feature photograph - highres 2100x1170" extension="tif" lastModified="2017-07-24" locale="global" number="001" type="FIL">http://images.philips.com/is/image/PhilipsConsumer/F400083952-FIL-global-001</Asset><Asset code="F400083953" description="Feature photograph - highres 2100x1170" extension="tif" lastModified="2017-07-24" locale="global" number="001" type="FIL">http://images.philips.com/is/image/PhilipsConsumer/F400083953-FIL-global-001</Asset><Asset code="F400083954" description="Feature photograph - highres 2100x1170" extension="tif" lastModified="2017-07-24" locale="global" number="001" type="FIL">http://images.philips.com/is/image/PhilipsConsumer/F400083954-FIL-global-001</Asset><Asset code="F400083955" description="Feature photograph - highres 2100x1170" extension="tif" lastModified="2017-07-24" locale="global" number="001" type="FIL">http://images.philips.com/is/image/PhilipsConsumer/F400083955-FIL-global-001</Asset><Asset code="PHI" description="Brand logo - highres 1476x886" extension="tif" lastModified="2016-02-18" locale="global" number="001" type="BRP">http://images.philips.com/is/image/PhilipsConsumer/PHI-BRP-global-001</Asset></Assets><ProductName>Inclusief dimmer, Struana, plafondlamp</ProductName><FullProductName>Philips Hue White ambiance Struana, plafondlamp 33064/31/P7 Inclusief dimmer, ingebouwde LED, wit, slimme bediening met Hue bridge*</FullProductName><NamingString><MasterBrand><BrandCode>PHI</BrandCode><BrandName>Philips</BrandName></MasterBrand><BrandString>Philips</BrandString><Family><FamilyCode>PLM0345002</FamilyCode><FamilyName>Hue White ambiance</FamilyName><FamilyNameUsed>1</FamilyNameUsed></Family><Descriptor><DescriptorCode>PLM1000027</DescriptorCode><DescriptorName>Struana, plafondlamp</DescriptorName></Descriptor><Alphanumeric>33064/31/P7</Alphanumeric><VersionElement1><VersionElementCode>PLM1000043</VersionElementCode><VersionElementName>Inclusief dimmer switch</VersionElementName></VersionElement1><VersionElement2><VersionElementCode>PLM1000009</VersionElementCode><VersionElementName>Ingebouwde LED</VersionElementName></VersionElement2><VersionElement3><VersionElementCode>PLM1000007</VersionElementCode><VersionElementName>Wit</VersionElementName></VersionElement3><VersionElement4><VersionElementCode>PLM1000044</VersionElementCode><VersionElementName>Slimme bediening met Hue Bridge*</VersionElementName></VersionElement4><VersionString>Inclusief dimmer, ingebouwde LED, wit, slimme bediening met Hue bridge*</VersionString><BrandedFeatureString/><DescriptorBrandedFeatureString>Struana, plafondlamp</DescriptorBrandedFeatureString></NamingString><WOW>Licht voor jouw speciale momenten</WOW><SubWOW>van zonsopkomst tot zonsondergang</SubWOW><MarketingTextHeader>Geniet optimaal van je badkamer met de Philips Hue Struana plafondlamp. Deze lamp heeft lichtrecepten voor elk moment die je energie geven, of waarbij je tot rust komt, kunt lezen of je kunt concentreren. Met beschermingsklasse IP44, dus speciaal ontworpen voor natte omgevingen.</MarketingTextHeader><KeyBenefitArea><KeyBenefitAreaCode>K4034655</KeyBenefitAreaCode><KeyBenefitAreaName>Licht en ontwerp van hoge kwaliteit</KeyBenefitAreaName><KeyBenefitAreaRank>1</KeyBenefitAreaRank><Feature><FeatureCode>F400032428</FeatureCode><FeatureReferenceName>IP44 - bathroom safe (myBathroom)</FeatureReferenceName><FeatureName>IP44 - badkamerveilig</FeatureName><FeatureLongDescription>IP44, perfect geschikt voor je badkamer</FeatureLongDescription><FeatureGlossary>Deze Philips-badkamerlamp is speciaal voor vochtige omgevingen ontworpen en is uitvoerig getest op waterbestendigheid. Het IP-niveau wordt aangegeven met twee cijfers: het eerste cijfer geeft het beschermingsniveau tegen stof aan en het tweede cijfer geeft de vochtbestendigheid aan. Deze lamp is met IP44 ontworpen: hij is spatwaterdicht en ideaal voor gebruik in de badkamer.</FeatureGlossary><FeatureRank>1</FeatureRank><FeatureTopRank>1</FeatureTopRank></Feature></KeyBenefitArea><KeyBenefitArea><KeyBenefitAreaCode>K4034641</KeyBenefitAreaCode><KeyBenefitAreaName>Licht voor jouw speciale momenten</KeyBenefitAreaName><KeyBenefitAreaRank>2</KeyBenefitAreaRank><Feature><FeatureCode>F400083954</FeatureCode><FeatureReferenceName>Read (Hue lums bathroom)</FeatureReferenceName><FeatureName>Lezen</FeatureName><FeatureLongDescription>Lezen</FeatureLongDescription><FeatureGlossary>Gebruik je tijd in bad om je favoriete tijdschrift te lezen. Stel het juiste witte licht in om perfect te lezen.</FeatureGlossary><FeatureRank>3</FeatureRank><FeatureTopRank>2</FeatureTopRank></Feature><Feature><FeatureCode>F400083952</FeatureCode><FeatureReferenceName>Energize (Hue lums bathroom)</FeatureReferenceName><FeatureName>Energie</FeatureName><FeatureLongDescription>Energie</FeatureLongDescription><FeatureGlossary>Begin opgewekt aan je dag met koel, helderwit daglicht, de perfecte energieboost voor lichaam en geest. Ideaal voor die momenten dat je een extra stimulans nodig hebt bij je ochtenddouche.</FeatureGlossary><FeatureRank>1</FeatureRank><FeatureTopRank>3</FeatureTopRank></Feature><Feature><FeatureCode>F400083955</FeatureCode><FeatureReferenceName>Relax (Hue lums bathroom)</FeatureReferenceName><FeatureName>Ontspannen</FeatureName><FeatureLongDescription>Ontspannen</FeatureLongDescription><FeatureGlossary>Dompel jezelf onder in het schuim van je bad en ga liggen onder de zachte gloed van wit licht. Ontspannend wit licht helpt je 's avonds te relaxen en 's nachts beter te slapen.</FeatureGlossary><FeatureRank>4</FeatureRank><FeatureTopRank>4</FeatureTopRank></Feature><Feature><FeatureCode>F400083951</FeatureCode><FeatureReferenceName>easy wireless dimming (HUE BATHROOM)</FeatureReferenceName><FeatureName>Eenvoudige draadloze bediening</FeatureName><FeatureLongDescription>Gemakkelijke draadloze bediening met de dimmer</FeatureLongDescription><FeatureGlossary>Met de gebruiksklare draadloze Philips Hue dimmer kun je het licht van je lampen dimmen en versterken zonder een bekabelde installatie.</FeatureGlossary><FeatureRank>5</FeatureRank><FeatureTopRank>5</FeatureTopRank></Feature><Feature><FeatureCode>F400083953</FeatureCode><FeatureReferenceName>Concentrate (Hue lums bathroom)</FeatureReferenceName><FeatureName>Voor concentratie</FeatureName><FeatureLongDescription>Voor concentratie</FeatureLongDescription><FeatureGlossary>De vroege ochtenduren vragen om precisie en concentratie. Met nauwkeurig afgestemd helderwit licht kun je gemakkelijk je ochtendroutine doorlopen, om je make-up perfect aan te brengen of netjes je baard te scheren.</FeatureGlossary><FeatureRank>2</FeatureRank><FeatureTopRank>6</FeatureTopRank></Feature></KeyBenefitArea><KeyBenefitArea><KeyBenefitAreaCode>K4034656</KeyBenefitAreaCode><KeyBenefitAreaName>Volledige controle vanaf smartphone of tablet met de Hue bridge</KeyBenefitAreaName><KeyBenefitAreaRank>3</KeyBenefitAreaRank><Feature><FeatureCode>F400083537</FeatureCode><FeatureReferenceName>Full control with Hue bridge</FeatureReferenceName><FeatureName>Volledige controle met de Hue bridge</FeatureName><FeatureLongDescription>Volledige controle vanaf smartphone of tablet met de Hue bridge</FeatureLongDescription><FeatureGlossary>Verbind je Philips Hue lampen met de Bridge en ontgrendel de eindeloze mogelijkheden van het systeem.</FeatureGlossary><FeatureRank>1</FeatureRank><FeatureTopRank>7</FeatureTopRank></Feature></KeyBenefitArea><FeatureImage><FeatureCode>F400032428</FeatureCode><FeatureReferenceName>IP44 - bathroom safe (myBathroom)</FeatureReferenceName><FeatureImageRank>1</FeatureImageRank></FeatureImage><FeatureImage><FeatureCode>F400083954</FeatureCode><FeatureReferenceName>Read (Hue lums bathroom)</FeatureReferenceName><FeatureImageRank>2</FeatureImageRank></FeatureImage><FeatureImage><FeatureCode>F400083952</FeatureCode><FeatureReferenceName>Energize (Hue lums bathroom)</FeatureReferenceName><FeatureImageRank>3</FeatureImageRank></FeatureImage><FeatureImage><FeatureCode>F400083955</FeatureCode><FeatureReferenceName>Relax (Hue lums bathroom)</FeatureReferenceName><FeatureImageRank>4</FeatureImageRank></FeatureImage><FeatureImage><FeatureCode>F400083951</FeatureCode><FeatureReferenceName>easy wireless dimming (HUE BATHROOM)</FeatureReferenceName><FeatureImageRank>5</FeatureImageRank></FeatureImage><FeatureImage><FeatureCode>F400083953</FeatureCode><FeatureReferenceName>Concentrate (Hue lums bathroom)</FeatureReferenceName><FeatureImageRank>6</FeatureImageRank></FeatureImage><FeatureImage><FeatureCode>F400083537</FeatureCode><FeatureReferenceName>Full control with Hue bridge</FeatureReferenceName><FeatureImageRank>7</FeatureImageRank></FeatureImage><FeatureHighlight><FeatureCode>F400032428</FeatureCode><FeatureReferenceName>IP44 - bathroom safe (myBathroom)</FeatureReferenceName><FeatureHighlightRank>1</FeatureHighlightRank></FeatureHighlight><FeatureHighlight><FeatureCode>F400083954</FeatureCode><FeatureReferenceName>Read (Hue lums bathroom)</FeatureReferenceName><FeatureHighlightRank>2</FeatureHighlightRank></FeatureHighlight><FeatureHighlight><FeatureCode>F400083952</FeatureCode><FeatureReferenceName>Energize (Hue lums bathroom)</FeatureReferenceName><FeatureHighlightRank>3</FeatureHighlightRank></FeatureHighlight><FeatureHighlight><FeatureCode>F400083955</FeatureCode><FeatureReferenceName>Relax (Hue lums bathroom)</FeatureReferenceName><FeatureHighlightRank>4</FeatureHighlightRank></FeatureHighlight><FeatureHighlight><FeatureCode>F400083951</FeatureCode><FeatureReferenceName>easy wireless dimming (HUE BATHROOM)</FeatureReferenceName><FeatureHighlightRank>5</FeatureHighlightRank></FeatureHighlight><FeatureHighlight><FeatureCode>F400083953</FeatureCode><FeatureReferenceName>Concentrate (Hue lums bathroom)</FeatureReferenceName><FeatureHighlightRank>6</FeatureHighlightRank></FeatureHighlight><FeatureHighlight><FeatureCode>F400083537</FeatureCode><FeatureReferenceName>Full control with Hue bridge</FeatureReferenceName><FeatureHighlightRank>7</FeatureHighlightRank></FeatureHighlight><CSChapter><CSChapterCode>PLMCHP010</CSChapterCode><CSChapterName>Design en afwerking</CSChapterName><CSChapterRank>10</CSChapterRank><CSItem><CSItemCode>PLMITM010001</CSItemCode><CSItemName>Materiaal</CSItemName><CSItemRank>1</CSItemRank><CSItemIsFreeFormat>0</CSItemIsFreeFormat><CSValue><CSValueCode>PLMATR0105SYNTH</CSValueCode><CSValueName>kunststof</CSValueName><CSValueRank>1</CSValueRank></CSValue></CSItem><CSItem><CSItemCode>PLMITM010002</CSItemCode><CSItemName>Kleur</CSItemName><CSItemRank>2</CSItemRank><CSItemIsFreeFormat>0</CSItemIsFreeFormat><CSValue><CSValueCode>PLMATR018331</CSValueCode><CSValueName>witte</CSValueName><CSValueRank>1</CSValueRank></CSValue></CSItem></CSChapter><CSChapter><CSChapterCode>PLMCHP020</CSChapterCode><CSChapterName>Extra onderdeel/accessoire meegeleverd</CSChapterName><CSChapterRank>20</CSChapterRank><CSItem><CSItemCode>PLMITM0776F2007</CSItemCode><CSItemName>Dimbaar met afstandsbediening</CSItemName><CSItemRank>2</CSItemRank><CSItemIsFreeFormat>0</CSItemIsFreeFormat><CSValue><CSValueCode>PLMATR0776F2007YES</CSValueCode><CSValueName>Ja</CSValueName><CSValueRank>1</CSValueRank></CSValue></CSItem><CSItem><CSItemCode>PLMITM0776F3006</CSItemCode><CSItemName>hue-schakelaar</CSItemName><CSItemRank>3</CSItemRank><CSItemIsFreeFormat>0</CSItemIsFreeFormat><CSValue><CSValueCode>PLMATR0776F3006YES</CSValueCode><CSValueName>Ja</CSValueName><CSValueRank>1</CSValueRank></CSValue></CSItem><CSItem><CSItemCode>PLMITM0776FX006</CSItemCode><CSItemName>Ingebouwde LED</CSItemName><CSItemRank>4</CSItemRank><CSItemIsFreeFormat>0</CSItemIsFreeFormat><CSValue><CSValueCode>PLMATR0776FX006YES</CSValueCode><CSValueName>Ja</CSValueName><CSValueRank>1</CSValueRank></CSValue></CSItem><CSItem><CSItemCode>PLMITM0776FX010</CSItemCode><CSItemName>Ideaal voor sfeercreatie</CSItemName><CSItemRank>5</CSItemRank><CSItemIsFreeFormat>0</CSItemIsFreeFormat><CSValue><CSValueCode>PLMATR0776FX010YES</CSValueCode><CSValueName>Ja</CSValueName><CSValueRank>1</CSValueRank></CSValue></CSItem><CSItem><CSItemCode>PLMITM0776FX011</CSItemCode><CSItemName>Diffuus licht</CSItemName><CSItemRank>6</CSItemRank><CSItemIsFreeFormat>0</CSItemIsFreeFormat><CSValue><CSValueCode>PLMATR0776FX011YES</CSValueCode><CSValueName>Ja</CSValueName><CSValueRank>1</CSValueRank></CSValue></CSItem><CSItem><CSItemCode>PLMITM0776FX053</CSItemCode><CSItemName>ZigBee Light Link</CSItemName><CSItemRank>7</CSItemRank><CSItemIsFreeFormat>0</CSItemIsFreeFormat><CSValue><CSValueCode>PLMATR0776FX053YES</CSValueCode><CSValueName>Ja</CSValueName><CSValueRank>1</CSValueRank></CSValue></CSItem><CSItem><CSItemCode>PLMITM0776FX067</CSItemCode><CSItemName>Inclusief Hue schakelaar</CSItemName><CSItemRank>8</CSItemRank><CSItemIsFreeFormat>0</CSItemIsFreeFormat><CSValue><CSValueCode>PLMATR0776FX067YES</CSValueCode><CSValueName>Ja</CSValueName><CSValueRank>1</CSValueRank></CSValue></CSItem><CSItem><CSItemCode>PLMITM0776FX068</CSItemCode><CSItemName>4 lichtinstellingen</CSItemName><CSItemRank>9</CSItemRank><CSItemIsFreeFormat>0</CSItemIsFreeFormat><CSValue><CSValueCode>PLMATR0776FX068YES</CSValueCode><CSValueName>Ja</CSValueName><CSValueRank>1</CSValueRank></CSValue></CSItem><CSItem><CSItemCode>PLMITM0776FX069</CSItemCode><CSItemName>Uitbreidbaar met Philips Hue bridge</CSItemName><CSItemRank>10</CSItemRank><CSItemIsFreeFormat>0</CSItemIsFreeFormat><CSValue><CSValueCode>PLMATR0776FX069YES</CSValueCode><CSValueName>Ja</CSValueName><CSValueRank>1</CSValueRank></CSValue></CSItem></CSChapter><CSChapter><CSChapterCode>PLMCHP030</CSChapterCode><CSChapterName>Afmetingen en gewicht van product</CSChapterName><CSChapterRank>30</CSChapterRank><CSItem><CSItemCode>PLMITM030001</CSItemCode><CSItemName>Hoogte</CSItemName><CSItemRank>1</CSItemRank><CSItemIsFreeFormat>1</CSItemIsFreeFormat><CSValue><CSValueCode>VA4042333</CSValueCode><CSValueName>5,9</CSValueName><CSValueRank>1</CSValueRank></CSValue><UnitOfMeasure><UnitOfMeasureCode>3000039</UnitOfMeasureCode><UnitOfMeasureName>centimeter</UnitOfMeasureName><UnitOfMeasureSymbol>cm</UnitOfMeasureSymbol></UnitOfMeasure></CSItem><CSItem><CSItemCode>PLMITM030004</CSItemCode><CSItemName>Lengte</CSItemName><CSItemRank>4</CSItemRank><CSItemIsFreeFormat>1</CSItemIsFreeFormat><CSValue><CSValueCode>VA4042309</CSValueCode><CSValueName>36</CSValueName><CSValueRank>1</CSValueRank></CSValue><UnitOfMeasure><UnitOfMeasureCode>3000039</UnitOfMeasureCode><UnitOfMeasureName>centimeter</UnitOfMeasureName><UnitOfMeasureSymbol>cm</UnitOfMeasureSymbol></UnitOfMeasure></CSItem><CSItem><CSItemCode>PLMITM030005</CSItemCode><CSItemName>Breedte</CSItemName><CSItemRank>5</CSItemRank><CSItemIsFreeFormat>1</CSItemIsFreeFormat><CSValue><CSValueCode>VA4042311</CSValueCode><CSValueName>36</CSValueName><CSValueRank>1</CSValueRank></CSValue><UnitOfMeasure><UnitOfMeasureCode>3000039</UnitOfMeasureCode><UnitOfMeasureName>centimeter</UnitOfMeasureName><UnitOfMeasureSymbol>cm</UnitOfMeasureSymbol></UnitOfMeasure></CSItem><CSItem><CSItemCode>PLMITM030006</CSItemCode><CSItemName>Nettogewicht</CSItemName><CSItemRank>6</CSItemRank><CSItemIsFreeFormat>1</CSItemIsFreeFormat><CSValue><CSValueCode>VA4042308</CSValueCode><CSValueName>1,792</CSValueName><CSValueRank>1</CSValueRank></CSValue><UnitOfMeasure><UnitOfMeasureCode>3000049</UnitOfMeasureCode><UnitOfMeasureName>kilogram</UnitOfMeasureName><UnitOfMeasureSymbol>kg</UnitOfMeasureSymbol></UnitOfMeasure></CSItem></CSChapter><CSChapter><CSChapterCode>PLMCHP040</CSChapterCode><CSChapterName>Technische specificaties</CSChapterName><CSChapterRank>40</CSChapterRank><CSItem><CSItemCode>PLMITM040001</CSItemCode><CSItemName>Netspanning</CSItemName><CSItemRank>1</CSItemRank><CSItemIsFreeFormat>0</CSItemIsFreeFormat><CSValue><CSValueCode>PLMATR0719100-240</CSValueCode><CSValueName>Bereik 100 V - 240 V</CSValueName><CSValueRank>1</CSValueRank></CSValue><CSValue><CSValueCode>PLMATR067350/60HZ</CSValueCode><CSValueName>50-60 Hz</CSValueName><CSValueRank>2</CSValueRank></CSValue></CSItem><CSItem><CSItemCode>PLMITM040002</CSItemCode><CSItemName>Lamptechnologie</CSItemName><CSItemRank>2</CSItemRank><CSItemIsFreeFormat>0</CSItemIsFreeFormat><CSValue><CSValueCode>PLMATRBOIBULB10131LED</CSValueCode><CSValueName>LED</CSValueName><CSValueRank>1</CSValueRank></CSValue><CSValue><CSValueCode>PLMATR032924</CSValueCode><CSValueName>24 V</CSValueName><CSValueRank>2</CSValueRank></CSValue></CSItem><CSItem><CSItemCode>PLMITM040003</CSItemCode><CSItemName>Aantal lampen</CSItemName><CSItemRank>3</CSItemRank><CSItemIsFreeFormat>1</CSItemIsFreeFormat><CSValue><CSValueCode>VA4042306</CSValueCode><CSValueName>1</CSValueName><CSValueRank>1</CSValueRank></CSValue></CSItem><CSItem><CSItemCode>PLMITM040005</CSItemCode><CSItemName>Vermogen meegeleverde lamp</CSItemName><CSItemRank>5</CSItemRank><CSItemIsFreeFormat>0</CSItemIsFreeFormat><CSValue><CSValueCode>PLMATR046032</CSValueCode><CSValueName>32W</CSValueName><CSValueRank>1</CSValueRank></CSValue></CSItem><CSItem><CSItemCode>PLMITM040007</CSItemCode><CSItemName>Lichtkleur</CSItemName><CSItemRank>7</CSItemRank><CSItemIsFreeFormat>0</CSItemIsFreeFormat><CSValue><CSValueCode>PLMATRBOIBULB106242200-6500K</CSValueCode><CSValueName>2200-6500, Hue White Ambiance</CSValueName><CSValueRank>1</CSValueRank></CSValue></CSItem><CSItem><CSItemCode>PLMITM0400011</CSItemCode><CSItemName>Totaal lumen armatuur</CSItemName><CSItemRank>11</CSItemRank><CSItemIsFreeFormat>0</CSItemIsFreeFormat><CSValue><CSValueCode>PLMATR10962400</CSValueCode><CSValueName>2400 lm</CSValueName><CSValueRank>1</CSValueRank></CSValue></CSItem><CSItem><CSItemCode>PLMITM0400013</CSItemCode><CSItemName>Dimbaar armatuur</CSItemName><CSItemRank>13</CSItemRank><CSItemIsFreeFormat>0</CSItemIsFreeFormat><CSValue><CSValueCode>PLMATR1075Y</CSValueCode><CSValueName>Ja</CSValueName><CSValueRank>1</CSValueRank></CSValue></CSItem><CSItem><CSItemCode>PLMITM0400014</CSItemCode><CSItemName>LED</CSItemName><CSItemRank>14</CSItemRank><CSItemIsFreeFormat>0</CSItemIsFreeFormat><CSValue><CSValueCode>PLMATR0814Y</CSValueCode><CSValueName>Ja</CSValueName><CSValueRank>1</CSValueRank></CSValue></CSItem><CSItem><CSItemCode>PLMITM0400018</CSItemCode><CSItemName>Levensduur tot</CSItemName><CSItemRank>18</CSItemRank><CSItemIsFreeFormat>1</CSItemIsFreeFormat><CSValue><CSValueCode>VA4094468</CSValueCode><CSValueName>25.000</CSValueName><CSValueRank>1</CSValueRank></CSValue><UnitOfMeasure><UnitOfMeasureCode>4000213</UnitOfMeasureCode><UnitOfMeasureName>uur</UnitOfMeasureName><UnitOfMeasureSymbol>uur</UnitOfMeasureSymbol></UnitOfMeasure></CSItem><CSItem><CSItemCode>PLMITM040026</CSItemCode><CSItemName>IP-classificatie</CSItemName><CSItemRank>26</CSItemRank><CSItemIsFreeFormat>0</CSItemIsFreeFormat><CSValue><CSValueCode>PLMATR0290IP44</CSValueCode><CSValueName>IP44</CSValueName><CSValueRank>1</CSValueRank></CSValue><CSValue><CSValueCode>PLMATR0290IP41-2</CSValueCode><CSValueName>bestand tegen voorwerpen groter dan 1 mm</CSValueName><CSValueRank>2</CSValueRank></CSValue><CSValue><CSValueCode>PLMATR0290IP24-3</CSValueCode><CSValueName>bestand tegen spatten</CSValueName><CSValueRank>3</CSValueRank></CSValue></CSItem><CSItem><CSItemCode>PLMITM040027</CSItemCode><CSItemName>Beschermingsklasse</CSItemName><CSItemRank>27</CSItemRank><CSItemIsFreeFormat>0</CSItemIsFreeFormat><CSValue><CSValueCode>PLMATR0289I</CSValueCode><CSValueName>I - geaard</CSValueName><CSValueRank>1</CSValueRank></CSValue></CSItem><CSItem><CSItemCode>PLMITM0400051</CSItemCode><CSItemName>Lichtbron equivalent aan traditionele lamp van</CSItemName><CSItemRank>51</CSItemRank><CSItemIsFreeFormat>1</CSItemIsFreeFormat><CSValue><CSValueCode>VA4081551</CSValueCode><CSValueName>204</CSValueName><CSValueRank>1</CSValueRank></CSValue><UnitOfMeasure><UnitOfMeasureCode>3000072</UnitOfMeasureCode><UnitOfMeasureName>watt</UnitOfMeasureName><UnitOfMeasureSymbol>W</UnitOfMeasureSymbol></UnitOfMeasure></CSItem></CSChapter><CSChapter><CSChapterCode>PLMCHP050</CSChapterCode><CSChapterName>Service</CSChapterName><CSChapterRank>50</CSChapterRank><CSItem><CSItemCode>PLMITM050001</CSItemCode><CSItemName>Garantie</CSItemName><CSItemRank>1</CSItemRank><CSItemIsFreeFormat>0</CSItemIsFreeFormat><CSValue><CSValueCode>PLMATR02982</CSValueCode><CSValueName>2 jaar</CSValueName><CSValueRank>1</CSValueRank></CSValue></CSItem></CSChapter><CSChapter><CSChapterCode>PLMCHP060</CSChapterCode><CSChapterName>Afmetingen en gewicht inclusief verpakking</CSChapterName><CSChapterRank>60</CSChapterRank><CSItem><CSItemCode>PLMITM060001</CSItemCode><CSItemName>Hoogte</CSItemName><CSItemRank>1</CSItemRank><CSItemIsFreeFormat>1</CSItemIsFreeFormat><CSValue><CSValueCode>VA4042312</CSValueCode><CSValueName>47</CSValueName><CSValueRank>1</CSValueRank></CSValue><UnitOfMeasure><UnitOfMeasureCode>3000039</UnitOfMeasureCode><UnitOfMeasureName>centimeter</UnitOfMeasureName><UnitOfMeasureSymbol>cm</UnitOfMeasureSymbol></UnitOfMeasure></CSItem><CSItem><CSItemCode>PLMITM060002</CSItemCode><CSItemName>Lengte</CSItemName><CSItemRank>2</CSItemRank><CSItemIsFreeFormat>1</CSItemIsFreeFormat><CSValue><CSValueCode>VA4042313</CSValueCode><CSValueName>39,1</CSValueName><CSValueRank>1</CSValueRank></CSValue><UnitOfMeasure><UnitOfMeasureCode>3000039</UnitOfMeasureCode><UnitOfMeasureName>centimeter</UnitOfMeasureName><UnitOfMeasureSymbol>cm</UnitOfMeasureSymbol></UnitOfMeasure></CSItem><CSItem><CSItemCode>PLMITM060003</CSItemCode><CSItemName>Breedte</CSItemName><CSItemRank>3</CSItemRank><CSItemIsFreeFormat>1</CSItemIsFreeFormat><CSValue><CSValueCode>VA4042307</CSValueCode><CSValueName>16,1</CSValueName><CSValueRank>1</CSValueRank></CSValue><UnitOfMeasure><UnitOfMeasureCode>3000039</UnitOfMeasureCode><UnitOfMeasureName>centimeter</UnitOfMeasureName><UnitOfMeasureSymbol>cm</UnitOfMeasureSymbol></UnitOfMeasure></CSItem><CSItem><CSItemCode>PLMITM060004</CSItemCode><CSItemName>Gewicht</CSItemName><CSItemRank>4</CSItemRank><CSItemIsFreeFormat>1</CSItemIsFreeFormat><CSValue><CSValueCode>VA4042304</CSValueCode><CSValueName>2,484</CSValueName><CSValueRank>1</CSValueRank></CSValue><UnitOfMeasure><UnitOfMeasureCode>3000049</UnitOfMeasureCode><UnitOfMeasureName>kilogram</UnitOfMeasureName><UnitOfMeasureSymbol>kg</UnitOfMeasureSymbol></UnitOfMeasure></CSItem></CSChapter><CSChapter><CSChapterCode>PLMCHP070</CSChapterCode><CSChapterName>Diversen</CSChapterName><CSChapterRank>70</CSChapterRank><CSItem><CSItemCode>PLMITM070001</CSItemCode><CSItemName>Speciaal ontworpen voor</CSItemName><CSItemRank>1</CSItemRank><CSItemIsFreeFormat>0</CSItemIsFreeFormat><CSValue><CSValueCode>PLMATR0970BATH</CSValueCode><CSValueName>Badkamer</CSValueName><CSValueRank>1</CSValueRank></CSValue></CSItem><CSItem><CSItemCode>PLMITM070002</CSItemCode><CSItemName>Stijl</CSItemName><CSItemRank>2</CSItemRank><CSItemIsFreeFormat>0</CSItemIsFreeFormat><CSValue><CSValueCode>PLMATR0628CON</CSValueCode><CSValueName>Modern</CSValueName><CSValueRank>1</CSValueRank></CSValue></CSItem><CSItem><CSItemCode>PLMITM070003</CSItemCode><CSItemName>Type</CSItemName><CSItemRank>3</CSItemRank><CSItemIsFreeFormat>0</CSItemIsFreeFormat><CSValue><CSValueCode>PLMATR0830CEIL</CSValueCode><CSValueName>Plafonnière</CSValueName><CSValueRank>1</CSValueRank></CSValue></CSItem></CSChapter><Filters><Purpose type="Comparison"><Features><Feature code="F400032428" rank="1" referenceName="IP44 - bathroom safe (myBathroom)"/><Feature code="F400083954" rank="2" referenceName="Read (Hue lums bathroom)"/><Feature code="F400083952" rank="3" referenceName="Energize (Hue lums bathroom)"/><Feature code="F400083955" rank="4" referenceName="Relax (Hue lums bathroom)"/><Feature code="F400083951" rank="5" referenceName="easy wireless dimming (HUE BATHROOM)"/><Feature code="F400083953" rank="6" referenceName="Concentrate (Hue lums bathroom)"/><Feature code="F400083537" rank="7" referenceName="Full control with Hue bridge"/></Features><CSItems><CSItem code="PLMITM010001" rank="1" referenceName="Design en afwerking - Materiaal"/><CSItem code="PLMITM030001" rank="1" referenceName="Afmetingen en gewicht van product - Hoogte"/><CSItem code="PLMITM040001" rank="1" referenceName="Technische specificaties - Netspanning"/><CSItem code="PLMITM050001" rank="1" referenceName="Service - Garantie"/><CSItem code="PLMITM060001" rank="1" referenceName="Afmetingen en gewicht inclusief verpakking - Hoogte"/><CSItem code="PLMITM070001" rank="1" referenceName="Diversen - Speciaal ontworpen voor"/><CSItem code="PLMITM010002" rank="2" referenceName="Design en afwerking - Kleur"/><CSItem code="PLMITM0776F2007" rank="2" referenceName="Extra onderdeel/accessoire meegeleverd - Dimbaar met afstandsbediening"/><CSItem code="PLMITM040002" rank="2" referenceName="Technische specificaties - Lamptechnologie"/><CSItem code="PLMITM060002" rank="2" referenceName="Afmetingen en gewicht inclusief verpakking - Lengte"/><CSItem code="PLMITM070002" rank="2" referenceName="Diversen - Stijl"/><CSItem code="PLMITM0776F3006" rank="3" referenceName="Extra onderdeel/accessoire meegeleverd - hue-schakelaar"/><CSItem code="PLMITM040003" rank="3" referenceName="Technische specificaties - Aantal lampen"/><CSItem code="PLMITM060003" rank="3" referenceName="Afmetingen en gewicht inclusief verpakking - Breedte"/><CSItem code="PLMITM070003" rank="3" referenceName="Diversen - Type"/><CSItem code="PLMITM0776FX006" rank="4" referenceName="Extra onderdeel/accessoire meegeleverd - Ingebouwde LED"/><CSItem code="PLMITM030004" rank="4" referenceName="Afmetingen en gewicht van product - Lengte"/><CSItem code="PLMITM060004" rank="4" referenceName="Afmetingen en gewicht inclusief verpakking - Gewicht"/><CSItem code="PLMITM0776FX010" rank="5" referenceName="Extra onderdeel/accessoire meegeleverd - Ideaal voor sfeercreatie"/><CSItem code="PLMITM030005" rank="5" referenceName="Afmetingen en gewicht van product - Breedte"/><CSItem code="PLMITM040005" rank="5" referenceName="Technische specificaties - Vermogen meegeleverde lamp"/><CSItem code="PLMITM0776FX011" rank="6" referenceName="Extra onderdeel/accessoire meegeleverd - Diffuus licht"/><CSItem code="PLMITM030006" rank="6" referenceName="Afmetingen en gewicht van product - Nettogewicht"/><CSItem code="PLMITM0776FX053" rank="7" referenceName="Extra onderdeel/accessoire meegeleverd - ZigBee Light Link"/><CSItem code="PLMITM040007" rank="7" referenceName="Technische specificaties - Lichtkleur"/><CSItem code="PLMITM0776FX067" rank="8" referenceName="Extra onderdeel/accessoire meegeleverd - Inclusief Hue schakelaar"/><CSItem code="PLMITM0776FX068" rank="9" referenceName="Extra onderdeel/accessoire meegeleverd - 4 lichtinstellingen"/><CSItem code="PLMITM0776FX069" rank="10" referenceName="Extra onderdeel/accessoire meegeleverd - Uitbreidbaar met Philips Hue bridge"/><CSItem code="PLMITM0400011" rank="11" referenceName="Technische specificaties - Totaal lumen armatuur"/><CSItem code="PLMITM0400013" rank="13" referenceName="Technische specificaties - Dimbaar armatuur"/><CSItem code="PLMITM0400014" rank="14" referenceName="Technische specificaties - LED"/><CSItem code="PLMITM0400018" rank="18" referenceName="Technische specificaties - Levensduur tot"/><CSItem code="PLMITM040026" rank="26" referenceName="Technische specificaties - IP-classificatie"/><CSItem code="PLMITM040027" rank="27" referenceName="Technische specificaties - Beschermingsklasse"/><CSItem code="PLMITM0400051" rank="51" referenceName="Technische specificaties - Lichtbron equivalent aan traditionele lamp van"/></CSItems></Purpose><Purpose type="Detail"><Features><Feature code="F400032428" rank="1" referenceName="IP44 - bathroom safe (myBathroom)"/><Feature code="F400083954" rank="2" referenceName="Read (Hue lums bathroom)"/><Feature code="F400083952" rank="3" referenceName="Energize (Hue lums bathroom)"/><Feature code="F400083955" rank="4" referenceName="Relax (Hue lums bathroom)"/><Feature code="F400083951" rank="5" referenceName="easy wireless dimming (HUE BATHROOM)"/><Feature code="F400083953" rank="6" referenceName="Concentrate (Hue lums bathroom)"/><Feature code="F400083537" rank="7" referenceName="Full control with Hue bridge"/></Features><CSItems><CSItem code="PLMITM010001" rank="1" referenceName="Design en afwerking - Materiaal"/><CSItem code="PLMITM030001" rank="1" referenceName="Afmetingen en gewicht van product - Hoogte"/><CSItem code="PLMITM040001" rank="1" referenceName="Technische specificaties - Netspanning"/><CSItem code="PLMITM050001" rank="1" referenceName="Service - Garantie"/><CSItem code="PLMITM060001" rank="1" referenceName="Afmetingen en gewicht inclusief verpakking - Hoogte"/><CSItem code="PLMITM070001" rank="1" referenceName="Diversen - Speciaal ontworpen voor"/><CSItem code="PLMITM010002" rank="2" referenceName="Design en afwerking - Kleur"/><CSItem code="PLMITM0776F2007" rank="2" referenceName="Extra onderdeel/accessoire meegeleverd - Dimbaar met afstandsbediening"/><CSItem code="PLMITM040002" rank="2" referenceName="Technische specificaties - Lamptechnologie"/><CSItem code="PLMITM060002" rank="2" referenceName="Afmetingen en gewicht inclusief verpakking - Lengte"/><CSItem code="PLMITM070002" rank="2" referenceName="Diversen - Stijl"/><CSItem code="PLMITM0776F3006" rank="3" referenceName="Extra onderdeel/accessoire meegeleverd - hue-schakelaar"/><CSItem code="PLMITM040003" rank="3" referenceName="Technische specificaties - Aantal lampen"/><CSItem code="PLMITM060003" rank="3" referenceName="Afmetingen en gewicht inclusief verpakking - Breedte"/><CSItem code="PLMITM070003" rank="3" referenceName="Diversen - Type"/><CSItem code="PLMITM0776FX006" rank="4" referenceName="Extra onderdeel/accessoire meegeleverd - Ingebouwde LED"/><CSItem code="PLMITM030004" rank="4" referenceName="Afmetingen en gewicht van product - Lengte"/><CSItem code="PLMITM060004" rank="4" referenceName="Afmetingen en gewicht inclusief verpakking - Gewicht"/><CSItem code="PLMITM0776FX010" rank="5" referenceName="Extra onderdeel/accessoire meegeleverd - Ideaal voor sfeercreatie"/><CSItem code="PLMITM030005" rank="5" referenceName="Afmetingen en gewicht van product - Breedte"/><CSItem code="PLMITM040005" rank="5" referenceName="Technische specificaties - Vermogen meegeleverde lamp"/><CSItem code="PLMITM0776FX011" rank="6" referenceName="Extra onderdeel/accessoire meegeleverd - Diffuus licht"/><CSItem code="PLMITM030006" rank="6" referenceName="Afmetingen en gewicht van product - Nettogewicht"/><CSItem code="PLMITM0776FX053" rank="7" referenceName="Extra onderdeel/accessoire meegeleverd - ZigBee Light Link"/><CSItem code="PLMITM040007" rank="7" referenceName="Technische specificaties - Lichtkleur"/><CSItem code="PLMITM0776FX067" rank="8" referenceName="Extra onderdeel/accessoire meegeleverd - Inclusief Hue schakelaar"/><CSItem code="PLMITM0776FX068" rank="9" referenceName="Extra onderdeel/accessoire meegeleverd - 4 lichtinstellingen"/><CSItem code="PLMITM0776FX069" rank="10" referenceName="Extra onderdeel/accessoire meegeleverd - Uitbreidbaar met Philips Hue bridge"/><CSItem code="PLMITM0400011" rank="11" referenceName="Technische specificaties - Totaal lumen armatuur"/><CSItem code="PLMITM0400013" rank="13" referenceName="Technische specificaties - Dimbaar armatuur"/><CSItem code="PLMITM0400014" rank="14" referenceName="Technische specificaties - LED"/><CSItem code="PLMITM0400018" rank="18" referenceName="Technische specificaties - Levensduur tot"/><CSItem code="PLMITM040026" rank="26" referenceName="Technische specificaties - IP-classificatie"/><CSItem code="PLMITM040027" rank="27" referenceName="Technische specificaties - Beschermingsklasse"/><CSItem code="PLMITM0400051" rank="51" referenceName="Technische specificaties - Lichtbron equivalent aan traditionele lamp van"/></CSItems></Purpose></Filters><FeatureCompareGroups/><Disclaimers><Disclaimer code="DIS40011976" rank="1" referenceName="*Hue bridge sold separately"><DisclaimerText>* Hue-bridge afzonderlijk verkrijgbaar</DisclaimerText><DisclaimElements/></Disclaimer></Disclaimers><RichTexts/></Product></Products>