<?xml version="1.0" encoding="UTF-8"?><Products xmlns:source="http://apache.org/cocoon/source/1.0" DocStatus="approved" DocTimeStamp="2018-10-20T07:18:48"><Product Country="NL" IsAccessory="false" IsMaster="false" Locale="nl_NL" lastModified="2018-10-17T04:37:35" masterLastModified="2017-06-01T00:26:48"><CTN>1736031P0</CTN><Code12NC>915005443201</Code12NC><GTIN>8718696161845</GTIN><MarketingVersion>3.1.1</MarketingVersion><MarketingStatus>Final Published</MarketingStatus><CRDate>2016-09-09</CRDate><CRDateYW>201637</CRDateYW><ModelYears><ModelYear>2016</ModelYear></ModelYears><ProductDivision><ProductDivisionCode>0100</ProductDivisionCode><ProductDivisionName>Lighting</ProductDivisionName><FormerPDCode>0100</FormerPDCode></ProductDivision><ProductOwner>Steffie van der Velden</ProductOwner><DTN>17360/31/P0</DTN><Catalog><StartOfPublication>2017-03-06T00:00:00</StartOfPublication><EndOfPublication>2300-01-01T00:00:00</EndOfPublication><StartOfSales>2017-03-06T00:00:00</StartOfSales><EndOfSales>2300-01-01T00:00:00</EndOfSales><DummyPrice>44.95</DummyPrice><Deleted>false</Deleted><DeleteAfterDate/><ProductRank>87</ProductRank></Catalog><FinancialCategorization><BusinessGroupCode>9021</BusinessGroupCode><BusinessGroupName>Home</BusinessGroupName><BusinessUnitCode>9159</BusinessUnitCode><BusinessUnitName>Home Luminaires</BusinessUnitName><MainArticleGroupCode>C89</MainArticleGroupCode><MainArticleGroupName>Moodlighting</MainArticleGroupName><ArticleGroupCode>8608</ArticleGroupCode><ArticleGroupName>Portable Outdoor</ArticleGroupName></FinancialCategorization><Categorization type="CONSUMER"><GroupCode>LIGHTING_GR</GroupCode><GroupName>Lighting</GroupName><CategoryCode>CHOOSE_YOUR_LUMINAIRE_CA</CategoryCode><CategoryName>Choose a fixture</CategoryName><SubcategoryCode>CONCEPT_MYGARDEN_SU</SubcategoryCode><SubcategoryName>myGarden</SubcategoryName></Categorization><Assets><Asset code="1736031P0" description="High Quality product movie 1" extension="mp4" lastModified="2017-03-06" locale="nl_NL" number="001" type="HQ1">http://download.p4c.philips.com/files/1/1736031p0/1736031p0_hq1_nld.mp4</Asset><Asset code="1736031P0" description="Product movie 1" extension="flv" lastModified="2017-03-29" locale="nl_NL" number="001" type="PRM">http://download.p4c.philips.com/files/1/1736031p0/1736031p0_prm_nld.flv</Asset><Asset code="1736031P0" description="Leaflet" extension="pdf" lastModified="2017-06-12" locale="nl_NL" number="001" type="PSS">http://download.p4c.philips.com/files/1/1736031p0/1736031p0_pss_nldnl.pdf</Asset><Asset code="1736031P0" description="Retail Trade Leaflet" extension="pdf" lastModified="2017-06-12" locale="nl_NL" number="001" type="RTL">http://download.p4c.philips.com/files/1/1736031p0/1736031p0_rtl_nldnl.pdf</Asset><Asset code="1736031P0" description="Alternative product photograph 1 - highres 2196x1795" extension="tif" lastModified="2016-10-25" locale="global" number="001" type="A1P">http://images.philips.com/is/image/PhilipsConsumer/1736031P0-A1P-global-001</Asset><Asset code="1736031P0" description="Alternative product photograph 4 - highres 2196x1795" extension="tif" lastModified="2017-03-14" locale="global" number="001" type="A4P">http://images.philips.com/is/image/PhilipsConsumer/1736031P0-A4P-global-001</Asset><Asset code="1736031P0" description="Alternative product photograph 5 - highres 2196x1795" extension="tif" lastModified="2017-03-10" locale="global" number="001" type="A5P">http://images.philips.com/is/image/PhilipsConsumer/1736031P0-A5P-global-001</Asset><Asset code="1736031P0" description="Alternative product photograph - highres 2196x1795" extension="tif" lastModified="2017-03-10" locale="global" number="001" type="APP">http://images.philips.com/is/image/PhilipsConsumer/1736031P0-APP-global-001</Asset><Asset code="1736031P0" description="Product detail 1 - highres 2196x1795" extension="tif" lastModified="2017-03-10" locale="global" number="001" type="D1P">http://images.philips.com/is/image/PhilipsConsumer/1736031P0-D1P-global-001</Asset><Asset code="1736031P0" description="Product detail 2 - highres 2196x1795" extension="tif" lastModified="2017-03-10" locale="global" number="001" type="D2P">http://images.philips.com/is/image/PhilipsConsumer/1736031P0-D2P-global-001</Asset><Asset code="1736031P0" description="Product detail 3 - highres 2196x1795" extension="tif" lastModified="2016-10-25" locale="global" number="001" type="D3P">http://images.philips.com/is/image/PhilipsConsumer/1736031P0-D3P-global-001</Asset><Asset code="1736031P0" description="Product detail 4 - highres 2196x1795" extension="tif" lastModified="2017-03-10" locale="global" number="001" type="D4P">http://images.philips.com/is/image/PhilipsConsumer/1736031P0-D4P-global-001</Asset><Asset code="1736031P0" description="Product detail 5 - highres 2196x1795" extension="tif" lastModified="2017-03-10" locale="global" number="001" type="D5P">http://images.philips.com/is/image/PhilipsConsumer/1736031P0-D5P-global-001</Asset><Asset code="1736031P0" description="Product detail photograph - highres 2196x2196" extension="tif" lastModified="2017-03-10" locale="global" number="001" type="DPP">http://images.philips.com/is/image/PhilipsConsumer/1736031P0-DPP-global-001</Asset><Asset code="1736031P0" description="Emotional Benefit 1 - highres 2196x1795" extension="tif" lastModified="2018-03-09" locale="global" number="001" type="E1P">http://images.philips.com/is/image/PhilipsConsumer/1736031P0-E1P-global-001</Asset><Asset code="1736031P0" description="Packaging photograph - highres 1447x756" extension="tif" lastModified="2017-03-10" locale="global" number="001" type="PID">http://images.philips.com/is/image/PhilipsConsumer/1736031P0-PID-global-001</Asset><Asset code="1736031P0" description="Packaging photograph - master" extension="tif" lastModified="2018-01-23" locale="global" number="001" type="PIM">http://download.p4c.philips.com/files/1/1736031p0/1736031p0_pim_.tif</Asset><Asset code="1736031P0" description="Packaging photograph - small 90x65" extension="jpg" lastModified="2017-03-10" locale="global" number="001" type="PIS">http://download.p4c.philips.com/files/1/1736031p0/1736031p0_pis_.jpg</Asset><Asset code="1736031P0" description="Leaflet" extension="pdf" lastModified="2017-06-01" locale="global" number="001" type="PSS">http://download.p4c.philips.com/files/1/1736031p0/1736031p0_pss_.pdf</Asset><Asset code="1736031P0" description="Standard product photograph - highres 2196x1795" extension="tif" lastModified="2017-03-10" locale="global" number="001" type="RTP">http://images.philips.com/is/image/PhilipsConsumer/1736031P0-RTP-global-001</Asset><Asset code="1736031P0" description="Product In Use 1 - highres 2196x1795" extension="tif" lastModified="2018-04-04" locale="global" number="001" type="U1P">http://images.philips.com/is/image/PhilipsConsumer/1736031P0-U1P-global-001</Asset><Asset code="1736031P0" description="Product In Use 5 - highres 2196x1795" extension="tif" lastModified="2018-04-25" locale="global" number="001" type="U5P">http://images.philips.com/is/image/PhilipsConsumer/1736031P0-U5P-global-001</Asset><Asset code="1736031P0" description="Single product shot" extension="" lastModified="2018-10-17" locale="nl_NL" number="" type="IMS">http://images.philips.com/is/image/PhilipsConsumer/1736031P0-IMS-nl_NL</Asset><Asset code="1736031P0" description="Product gallery image set" extension="" lastModified="2018-10-17" locale="nl_NL" number="" type="GAL">http://images.philips.com/is/image/PhilipsConsumer/1736031P0-GAL-nl_NL</Asset><Asset code="1736031P0" description="Product URL" extension="" lastModified="2018-10-17" locale="nl_NL" number="" type="URL">http://www.philips.nl/c-p/1736031P0/mygarden-tafellamp</Asset><Asset code="PHI" description="Brand logo - highres 1476x886" extension="tif" lastModified="2016-02-18" locale="global" number="001" type="BRP">http://images.philips.com/is/image/PhilipsConsumer/PHI-BRP-global-001</Asset></Assets><ProductName>Abelia, wit, LED, tafellamp</ProductName><FullProductName>Philips myGarden Tafellamp 17360/31/P0 Abelia, wit, LED</FullProductName><NamingString><MasterBrand><BrandCode>PHI</BrandCode><BrandName>Philips</BrandName></MasterBrand><BrandString>Philips</BrandString><Concept><ConceptCode>PLM0108MYG</ConceptCode><ConceptName>myGarden</ConceptName><ConceptNameUsed>1</ConceptNameUsed></Concept><Descriptor><DescriptorCode>PLM0830TAB</DescriptorCode><DescriptorName>Tafellamp</DescriptorName></Descriptor><Alphanumeric>17360/31/P0</Alphanumeric><VersionElement1><VersionElementCode>PLM0006499</VersionElementCode><VersionElementName>Abelia</VersionElementName></VersionElement1><VersionElement2><VersionElementCode>PLM018331</VersionElementCode><VersionElementName>wit</VersionElementName></VersionElement2><VersionElement3><VersionElementCode>PLM0814Y</VersionElementCode><VersionElementName>LED</VersionElementName></VersionElement3><VersionString>Abelia, wit, LED</VersionString><BrandedFeatureString/><DescriptorBrandedFeatureString>Tafellamp</DescriptorBrandedFeatureString></NamingString><WOW>Geniet van lange avonden buiten met deze draagbare verlichting</WOW><MarketingTextHeader>Deze Philips draagbare lantaarn is een zeer veelzijdige lamp voor buiten. Het licht creëert de perfecte sfeer voor uw buitenruimte, maar kan ook voor meer praktische doeleinden worden gebruikt. De lantaarn is bestand tegen weersinvloeden, is dimbaar en gaat lang mee dankzij de LED-technologie.</MarketingTextHeader><KeyBenefitArea><KeyBenefitAreaCode>K4013394</KeyBenefitAreaCode><KeyBenefitAreaName>Geniet van het buitenleven</KeyBenefitAreaName><KeyBenefitAreaRank>1</KeyBenefitAreaRank><Feature><FeatureCode>F400083213</FeatureCode><FeatureReferenceName>Candle mode [lantern]</FeatureReferenceName><FeatureName>Kaarsmodus</FeatureName><FeatureLongDescription>Kaarsmodus</FeatureLongDescription><FeatureGlossary>Wilt u een unieke, gezellige sfeer in een ruimte creëren? U kunt deze draagbare lantaarn ook in de kaarsmodus zetten voor een warme gloed of een gezellige dynamische flikkering.</FeatureGlossary><FeatureRank>1</FeatureRank><FeatureTopRank>1</FeatureTopRank></Feature><Feature><FeatureCode>F400083212</FeatureCode><FeatureReferenceName>Dimmable light [lantern]</FeatureReferenceName><FeatureName>Dimbare verlichting</FeatureName><FeatureLongDescription>Dimbare verlichting</FeatureLongDescription><FeatureGlossary>De draagbare lantaarn kan worden gedimd door de knop ingedrukt te houden. Zo creëert u eenvoudig de perfecte sfeer voor uw buitenruimte</FeatureGlossary><FeatureRank>2</FeatureRank><FeatureTopRank>2</FeatureTopRank></Feature><Feature><FeatureCode>F400083214</FeatureCode><FeatureReferenceName>USB chargeable [lantern]</FeatureReferenceName><FeatureName>Oplaadbaar met USB</FeatureName><FeatureLongDescription>Oplaadbaar met USB</FeatureLongDescription><FeatureGlossary>De draagbare lantaarn kan eenvoudig worden opgeladen via een compatibele USB-poort. De USB-kabel is meegeleverd.</FeatureGlossary><FeatureRank>3</FeatureRank><FeatureTopRank>3</FeatureTopRank></Feature><Feature><FeatureCode>F400083216</FeatureCode><FeatureReferenceName>Weather proof IP44 [lantern]</FeatureReferenceName><FeatureName>IP44-weerbestendig</FeatureName><FeatureLongDescription>IP44-weerbestendig</FeatureLongDescription><FeatureGlossary>Deze draagbare lantaarn is speciaal ontworpen voor gebruik buitenshuis en is waterbestendig.</FeatureGlossary><FeatureRank>4</FeatureRank><FeatureTopRank>4</FeatureTopRank></Feature><Feature><FeatureCode>F400083211</FeatureCode><FeatureReferenceName>Powerful light [lantern]</FeatureReferenceName><FeatureName>Krachtig licht</FeatureName><FeatureLongDescription>Krachtig licht</FeatureLongDescription><FeatureGlossary>Deze draagbare Philips-lantaarn geeft krachtig warm wit licht tot 350 lumen. Hierdoor is de lamp uitstekend geschikt om voor verlichting te zorgen als u buiten leest, barbecuet, een klus in de tuin wilt afmaken en voor al uw andere activiteiten buitenshuis.</FeatureGlossary><FeatureRank>5</FeatureRank><FeatureTopRank>5</FeatureTopRank></Feature></KeyBenefitArea><FeatureImage><FeatureCode>F400083213</FeatureCode><FeatureReferenceName>Candle mode [lantern]</FeatureReferenceName><FeatureImageRank>1</FeatureImageRank></FeatureImage><FeatureImage><FeatureCode>F400083212</FeatureCode><FeatureReferenceName>Dimmable light [lantern]</FeatureReferenceName><FeatureImageRank>2</FeatureImageRank></FeatureImage><FeatureImage><FeatureCode>F400083214</FeatureCode><FeatureReferenceName>USB chargeable [lantern]</FeatureReferenceName><FeatureImageRank>3</FeatureImageRank></FeatureImage><FeatureImage><FeatureCode>F400083216</FeatureCode><FeatureReferenceName>Weather proof IP44 [lantern]</FeatureReferenceName><FeatureImageRank>4</FeatureImageRank></FeatureImage><FeatureImage><FeatureCode>F400083211</FeatureCode><FeatureReferenceName>Powerful light [lantern]</FeatureReferenceName><FeatureImageRank>5</FeatureImageRank></FeatureImage><FeatureHighlight><FeatureCode>F400083213</FeatureCode><FeatureReferenceName>Candle mode [lantern]</FeatureReferenceName><FeatureHighlightRank>1</FeatureHighlightRank></FeatureHighlight><FeatureHighlight><FeatureCode>F400083212</FeatureCode><FeatureReferenceName>Dimmable light [lantern]</FeatureReferenceName><FeatureHighlightRank>2</FeatureHighlightRank></FeatureHighlight><FeatureHighlight><FeatureCode>F400083214</FeatureCode><FeatureReferenceName>USB chargeable [lantern]</FeatureReferenceName><FeatureHighlightRank>3</FeatureHighlightRank></FeatureHighlight><FeatureHighlight><FeatureCode>F400083216</FeatureCode><FeatureReferenceName>Weather proof IP44 [lantern]</FeatureReferenceName><FeatureHighlightRank>4</FeatureHighlightRank></FeatureHighlight><FeatureHighlight><FeatureCode>F400083211</FeatureCode><FeatureReferenceName>Powerful light [lantern]</FeatureReferenceName><FeatureHighlightRank>5</FeatureHighlightRank></FeatureHighlight><CSChapter><CSChapterCode>CH4009145</CSChapterCode><CSChapterName>Tuin</CSChapterName><CSChapterRank>1</CSChapterRank><CSItem><CSItemCode>IT4043028</CSItemCode><CSItemName>Tuin</CSItemName><CSItemRank>1</CSItemRank><CSItemIsFreeFormat>0</CSItemIsFreeFormat><CSValue><CSValueCode>VA4099382</CSValueCode><CSValueName>Achtertuin</CSValueName><CSValueRank>1</CSValueRank></CSValue></CSItem></CSChapter><CSChapter><CSChapterCode>PLMCHP010</CSChapterCode><CSChapterName>Ontwerp en afwerking</CSChapterName><CSChapterRank>10</CSChapterRank><CSItem><CSItemCode>PLMITM010001</CSItemCode><CSItemName>Materiaal</CSItemName><CSItemRank>1</CSItemRank><CSItemIsFreeFormat>0</CSItemIsFreeFormat><CSValue><CSValueCode>PLMATR0105SYNTH</CSValueCode><CSValueName>kunststof</CSValueName><CSValueRank>1</CSValueRank></CSValue></CSItem><CSItem><CSItemCode>PLMITM010002</CSItemCode><CSItemName>Kleur</CSItemName><CSItemRank>2</CSItemRank><CSItemIsFreeFormat>0</CSItemIsFreeFormat><CSValue><CSValueCode>PLMATR018331</CSValueCode><CSValueName>wit</CSValueName><CSValueRank>1</CSValueRank></CSValue></CSItem></CSChapter><CSChapter><CSChapterCode>PLMCHP020</CSChapterCode><CSChapterName>Extra onderdeel/accessoire meegeleverd</CSChapterName><CSChapterRank>20</CSChapterRank><CSItem><CSItemCode>PLMITM0776F2005</CSItemCode><CSItemName>Dimmer en aan-uitschakelaar op product</CSItemName><CSItemRank>2</CSItemRank><CSItemIsFreeFormat>0</CSItemIsFreeFormat><CSValue><CSValueCode>PLMATR0776F2005YES</CSValueCode><CSValueName>JA</CSValueName><CSValueRank>1</CSValueRank></CSValue></CSItem><CSItem><CSItemCode>PLMITM0776F3001</CSItemCode><CSItemName>Aan-uitschakelaar op product</CSItemName><CSItemRank>3</CSItemRank><CSItemIsFreeFormat>0</CSItemIsFreeFormat><CSValue><CSValueCode>PLMATR0776F3001YES</CSValueCode><CSValueName>JA</CSValueName><CSValueRank>1</CSValueRank></CSValue></CSItem><CSItem><CSItemCode>PLMITM0776FX006</CSItemCode><CSItemName>Ingebouwde LED</CSItemName><CSItemRank>4</CSItemRank><CSItemIsFreeFormat>0</CSItemIsFreeFormat><CSValue><CSValueCode>PLMATR0776FX006YES</CSValueCode><CSValueName>JA</CSValueName><CSValueRank>1</CSValueRank></CSValue></CSItem><CSItem><CSItemCode>PLMITM0776FX010</CSItemCode><CSItemName>Ideaal voor sfeercreatie</CSItemName><CSItemRank>5</CSItemRank><CSItemIsFreeFormat>0</CSItemIsFreeFormat><CSValue><CSValueCode>PLMATR0776FX010YES</CSValueCode><CSValueName>JA</CSValueName><CSValueRank>1</CSValueRank></CSValue></CSItem><CSItem><CSItemCode>PLMITM0776FX027</CSItemCode><CSItemName>Opladen via USB</CSItemName><CSItemRank>6</CSItemRank><CSItemIsFreeFormat>0</CSItemIsFreeFormat><CSValue><CSValueCode>PLMATR0776FX027YES</CSValueCode><CSValueName>JA</CSValueName><CSValueRank>1</CSValueRank></CSValue></CSItem><CSItem><CSItemCode>PLMITM0776FX028</CSItemCode><CSItemName>Draagbaar</CSItemName><CSItemRank>7</CSItemRank><CSItemIsFreeFormat>0</CSItemIsFreeFormat><CSValue><CSValueCode>PLMATR0776FX028YES</CSValueCode><CSValueName>JA</CSValueName><CSValueRank>1</CSValueRank></CSValue></CSItem><CSItem><CSItemCode>PLMITM0776FX031</CSItemCode><CSItemName>Volledig weerbestendig</CSItemName><CSItemRank>8</CSItemRank><CSItemIsFreeFormat>0</CSItemIsFreeFormat><CSValue><CSValueCode>PLMATR0776FX031YES</CSValueCode><CSValueName>JA</CSValueName><CSValueRank>1</CSValueRank></CSValue></CSItem><CSItem><CSItemCode>PLMITM0776FX043</CSItemCode><CSItemName>Hoogwaardige, duurzame materialen</CSItemName><CSItemRank>9</CSItemRank><CSItemIsFreeFormat>0</CSItemIsFreeFormat><CSValue><CSValueCode>PLMATR0776FX043YES</CSValueCode><CSValueName>JA</CSValueName><CSValueRank>1</CSValueRank></CSValue></CSItem></CSChapter><CSChapter><CSChapterCode>PLMCHP030</CSChapterCode><CSChapterName>Afmetingen en gewicht van product</CSChapterName><CSChapterRank>30</CSChapterRank><CSItem><CSItemCode>PLMITM030001</CSItemCode><CSItemName>Hoogte</CSItemName><CSItemRank>1</CSItemRank><CSItemIsFreeFormat>1</CSItemIsFreeFormat><CSValue><CSValueCode>VA4042333</CSValueCode><CSValueName>23,3</CSValueName><CSValueRank>1</CSValueRank></CSValue><UnitOfMeasure><UnitOfMeasureCode>3000039</UnitOfMeasureCode><UnitOfMeasureName>centimeter</UnitOfMeasureName><UnitOfMeasureSymbol>cm</UnitOfMeasureSymbol></UnitOfMeasure></CSItem><CSItem><CSItemCode>PLMITM030004</CSItemCode><CSItemName>Lengte</CSItemName><CSItemRank>4</CSItemRank><CSItemIsFreeFormat>1</CSItemIsFreeFormat><CSValue><CSValueCode>VA4042309</CSValueCode><CSValueName>15</CSValueName><CSValueRank>1</CSValueRank></CSValue><UnitOfMeasure><UnitOfMeasureCode>3000039</UnitOfMeasureCode><UnitOfMeasureName>centimeter</UnitOfMeasureName><UnitOfMeasureSymbol>cm</UnitOfMeasureSymbol></UnitOfMeasure></CSItem><CSItem><CSItemCode>PLMITM030005</CSItemCode><CSItemName>Breedte</CSItemName><CSItemRank>5</CSItemRank><CSItemIsFreeFormat>1</CSItemIsFreeFormat><CSValue><CSValueCode>VA4042311</CSValueCode><CSValueName>15</CSValueName><CSValueRank>1</CSValueRank></CSValue><UnitOfMeasure><UnitOfMeasureCode>3000039</UnitOfMeasureCode><UnitOfMeasureName>centimeter</UnitOfMeasureName><UnitOfMeasureSymbol>cm</UnitOfMeasureSymbol></UnitOfMeasure></CSItem><CSItem><CSItemCode>PLMITM030006</CSItemCode><CSItemName>Nettogewicht</CSItemName><CSItemRank>6</CSItemRank><CSItemIsFreeFormat>1</CSItemIsFreeFormat><CSValue><CSValueCode>VA4042308</CSValueCode><CSValueName>0,580</CSValueName><CSValueRank>1</CSValueRank></CSValue><UnitOfMeasure><UnitOfMeasureCode>3000049</UnitOfMeasureCode><UnitOfMeasureName>kilogram</UnitOfMeasureName><UnitOfMeasureSymbol>kg</UnitOfMeasureSymbol></UnitOfMeasure></CSItem><CSItem><CSItemCode>PLMITM030010</CSItemCode><CSItemName>Kabellengte</CSItemName><CSItemRank>10</CSItemRank><CSItemIsFreeFormat>1</CSItemIsFreeFormat><CSValue><CSValueCode>VA4053615</CSValueCode><CSValueName>1,0</CSValueName><CSValueRank>1</CSValueRank></CSValue><UnitOfMeasure><UnitOfMeasureCode>3000057</UnitOfMeasureCode><UnitOfMeasureName>meter</UnitOfMeasureName><UnitOfMeasureSymbol>m</UnitOfMeasureSymbol></UnitOfMeasure></CSItem></CSChapter><CSChapter><CSChapterCode>PLMCHP040</CSChapterCode><CSChapterName>Technische specificaties</CSChapterName><CSChapterRank>40</CSChapterRank><CSItem><CSItemCode>PLMITM040001</CSItemCode><CSItemName>Netspanning</CSItemName><CSItemRank>1</CSItemRank><CSItemIsFreeFormat>0</CSItemIsFreeFormat><CSValue><CSValueCode>PLMATR07195</CSValueCode><CSValueName>5 V</CSValueName><CSValueRank>1</CSValueRank></CSValue></CSItem><CSItem><CSItemCode>PLMITM040003</CSItemCode><CSItemName>Aantal lampen</CSItemName><CSItemRank>3</CSItemRank><CSItemIsFreeFormat>1</CSItemIsFreeFormat><CSValue><CSValueCode>VA4042306</CSValueCode><CSValueName>1</CSValueName><CSValueRank>1</CSValueRank></CSValue></CSItem><CSItem><CSItemCode>PLMITM040005</CSItemCode><CSItemName>Wattage meegeleverde lamp</CSItemName><CSItemRank>5</CSItemRank><CSItemIsFreeFormat>0</CSItemIsFreeFormat><CSValue><CSValueCode>PLMATR04603</CSValueCode><CSValueName>3W</CSValueName><CSValueRank>1</CSValueRank></CSValue></CSItem><CSItem><CSItemCode>PLMITM0400011</CSItemCode><CSItemName>Totaal lumen armatuur</CSItemName><CSItemRank>11</CSItemRank><CSItemIsFreeFormat>0</CSItemIsFreeFormat><CSValue><CSValueCode>PLMATR1096350</CSValueCode><CSValueName>350 lm</CSValueName><CSValueRank>1</CSValueRank></CSValue></CSItem><CSItem><CSItemCode>PLMITM0400013</CSItemCode><CSItemName>Armatuur dimbaar</CSItemName><CSItemRank>13</CSItemRank><CSItemIsFreeFormat>0</CSItemIsFreeFormat><CSValue><CSValueCode>PLMATR1075Y</CSValueCode><CSValueName>Ja</CSValueName><CSValueRank>1</CSValueRank></CSValue></CSItem><CSItem><CSItemCode>PLMITM0400014</CSItemCode><CSItemName>LED</CSItemName><CSItemRank>14</CSItemRank><CSItemIsFreeFormat>0</CSItemIsFreeFormat><CSValue><CSValueCode>PLMATR0814Y</CSValueCode><CSValueName>Ja</CSValueName><CSValueRank>1</CSValueRank></CSValue></CSItem><CSItem><CSItemCode>PLMITM0400018</CSItemCode><CSItemName>Levensduur tot</CSItemName><CSItemRank>18</CSItemRank><CSItemIsFreeFormat>1</CSItemIsFreeFormat><CSValue><CSValueCode>VA4094468</CSValueCode><CSValueName>30.000</CSValueName><CSValueRank>1</CSValueRank></CSValue><UnitOfMeasure><UnitOfMeasureCode>4000213</UnitOfMeasureCode><UnitOfMeasureName>uur</UnitOfMeasureName><UnitOfMeasureSymbol>uur</UnitOfMeasureSymbol></UnitOfMeasure></CSItem><CSItem><CSItemCode>PLMITM040026</CSItemCode><CSItemName>IP-code</CSItemName><CSItemRank>26</CSItemRank><CSItemIsFreeFormat>0</CSItemIsFreeFormat><CSValue><CSValueCode>PLMATR0290IP44</CSValueCode><CSValueName>IP44</CSValueName><CSValueRank>1</CSValueRank></CSValue><CSValue><CSValueCode>PLMATR0290IP41-2</CSValueCode><CSValueName>bestand tegen voorwerpen groter dan 1 mm</CSValueName><CSValueRank>2</CSValueRank></CSValue><CSValue><CSValueCode>PLMATR0290IP24-3</CSValueCode><CSValueName>bestand tegen spatten</CSValueName><CSValueRank>3</CSValueRank></CSValue></CSItem><CSItem><CSItemCode>PLMITM040027</CSItemCode><CSItemName>Beschermingsklasse</CSItemName><CSItemRank>27</CSItemRank><CSItemIsFreeFormat>0</CSItemIsFreeFormat><CSValue><CSValueCode>PLMATR0289III</CSValueCode><CSValueName>III - veilig, extra laag voltage</CSValueName><CSValueRank>1</CSValueRank></CSValue></CSItem></CSChapter><CSChapter><CSChapterCode>PLMCHP050</CSChapterCode><CSChapterName>Service</CSChapterName><CSChapterRank>50</CSChapterRank><CSItem><CSItemCode>PLMITM050001</CSItemCode><CSItemName>Garantie</CSItemName><CSItemRank>1</CSItemRank><CSItemIsFreeFormat>0</CSItemIsFreeFormat><CSValue><CSValueCode>PLMATR02982</CSValueCode><CSValueName>2 jaar</CSValueName><CSValueRank>1</CSValueRank></CSValue></CSItem></CSChapter><CSChapter><CSChapterCode>PLMCHP060</CSChapterCode><CSChapterName>Afmetingen en gewicht inclusief verpakking</CSChapterName><CSChapterRank>60</CSChapterRank><CSItem><CSItemCode>PLMITM060001</CSItemCode><CSItemName>Hoogte</CSItemName><CSItemRank>1</CSItemRank><CSItemIsFreeFormat>1</CSItemIsFreeFormat><CSValue><CSValueCode>VA4042312</CSValueCode><CSValueName>24,3</CSValueName><CSValueRank>1</CSValueRank></CSValue><UnitOfMeasure><UnitOfMeasureCode>3000039</UnitOfMeasureCode><UnitOfMeasureName>centimeter</UnitOfMeasureName><UnitOfMeasureSymbol>cm</UnitOfMeasureSymbol></UnitOfMeasure></CSItem><CSItem><CSItemCode>PLMITM060002</CSItemCode><CSItemName>Lengte</CSItemName><CSItemRank>2</CSItemRank><CSItemIsFreeFormat>1</CSItemIsFreeFormat><CSValue><CSValueCode>VA4042313</CSValueCode><CSValueName>15,5</CSValueName><CSValueRank>1</CSValueRank></CSValue><UnitOfMeasure><UnitOfMeasureCode>3000039</UnitOfMeasureCode><UnitOfMeasureName>centimeter</UnitOfMeasureName><UnitOfMeasureSymbol>cm</UnitOfMeasureSymbol></UnitOfMeasure></CSItem><CSItem><CSItemCode>PLMITM060003</CSItemCode><CSItemName>Breedte</CSItemName><CSItemRank>3</CSItemRank><CSItemIsFreeFormat>1</CSItemIsFreeFormat><CSValue><CSValueCode>VA4042307</CSValueCode><CSValueName>15,5</CSValueName><CSValueRank>1</CSValueRank></CSValue><UnitOfMeasure><UnitOfMeasureCode>3000039</UnitOfMeasureCode><UnitOfMeasureName>centimeter</UnitOfMeasureName><UnitOfMeasureSymbol>cm</UnitOfMeasureSymbol></UnitOfMeasure></CSItem><CSItem><CSItemCode>PLMITM060004</CSItemCode><CSItemName>Gewicht</CSItemName><CSItemRank>4</CSItemRank><CSItemIsFreeFormat>1</CSItemIsFreeFormat><CSValue><CSValueCode>VA4042304</CSValueCode><CSValueName>0,771</CSValueName><CSValueRank>1</CSValueRank></CSValue><UnitOfMeasure><UnitOfMeasureCode>3000049</UnitOfMeasureCode><UnitOfMeasureName>kilogram</UnitOfMeasureName><UnitOfMeasureSymbol>kg</UnitOfMeasureSymbol></UnitOfMeasure></CSItem></CSChapter><CSChapter><CSChapterCode>PLMCHP070</CSChapterCode><CSChapterName>Diversen</CSChapterName><CSChapterRank>70</CSChapterRank><CSItem><CSItemCode>PLMITM070001</CSItemCode><CSItemName>Speciaal ontworpen voor</CSItemName><CSItemRank>1</CSItemRank><CSItemIsFreeFormat>0</CSItemIsFreeFormat><CSValue><CSValueCode>PLMATR0970G_P</CSValueCode><CSValueName>Tuin en terras</CSValueName><CSValueRank>1</CSValueRank></CSValue></CSItem><CSItem><CSItemCode>PLMITM070002</CSItemCode><CSItemName>Stijl</CSItemName><CSItemRank>2</CSItemRank><CSItemIsFreeFormat>0</CSItemIsFreeFormat><CSValue><CSValueCode>PLMATR0628CON</CSValueCode><CSValueName>Modern</CSValueName><CSValueRank>1</CSValueRank></CSValue></CSItem><CSItem><CSItemCode>PLMITM070003</CSItemCode><CSItemName>Type</CSItemName><CSItemRank>3</CSItemRank><CSItemIsFreeFormat>0</CSItemIsFreeFormat><CSValue><CSValueCode>PLMATR0830TABLE</CSValueCode><CSValueName>Tafellamp</CSValueName><CSValueRank>1</CSValueRank></CSValue></CSItem></CSChapter><Filters><Purpose type="Comparison"><Features><Feature code="F400083213" rank="1" referenceName="Candle mode [lantern]"/><Feature code="F400083212" rank="2" referenceName="Dimmable light [lantern]"/><Feature code="F400083214" rank="3" referenceName="USB chargeable [lantern]"/><Feature code="F400083216" rank="4" referenceName="Weather proof IP44 [lantern]"/><Feature code="F400083211" rank="5" referenceName="Powerful light [lantern]"/></Features><CSItems><CSItem code="IT4043028" rank="1" referenceName="Tuin - Tuin"/><CSItem code="PLMITM010001" rank="1" referenceName="Ontwerp en afwerking - Materiaal"/><CSItem code="PLMITM030001" rank="1" referenceName="Afmetingen en gewicht van product - Hoogte"/><CSItem code="PLMITM040001" rank="1" referenceName="Technische specificaties - Netspanning"/><CSItem code="PLMITM050001" rank="1" referenceName="Service - Garantie"/><CSItem code="PLMITM060001" rank="1" referenceName="Afmetingen en gewicht inclusief verpakking - Hoogte"/><CSItem code="PLMITM070001" rank="1" referenceName="Diversen - Speciaal ontworpen voor"/><CSItem code="PLMITM010002" rank="2" referenceName="Ontwerp en afwerking - Kleur"/><CSItem code="PLMITM0776F2005" rank="2" referenceName="Extra onderdeel/accessoire meegeleverd - Dimmer en aan-uitschakelaar op product"/><CSItem code="PLMITM060002" rank="2" referenceName="Afmetingen en gewicht inclusief verpakking - Lengte"/><CSItem code="PLMITM070002" rank="2" referenceName="Diversen - Stijl"/><CSItem code="PLMITM0776F3001" rank="3" referenceName="Extra onderdeel/accessoire meegeleverd - Aan-uitschakelaar op product"/><CSItem code="PLMITM040003" rank="3" referenceName="Technische specificaties - Aantal lampen"/><CSItem code="PLMITM060003" rank="3" referenceName="Afmetingen en gewicht inclusief verpakking - Breedte"/><CSItem code="PLMITM070003" rank="3" referenceName="Diversen - Type"/><CSItem code="PLMITM0776FX006" rank="4" referenceName="Extra onderdeel/accessoire meegeleverd - Ingebouwde LED"/><CSItem code="PLMITM030004" rank="4" referenceName="Afmetingen en gewicht van product - Lengte"/><CSItem code="PLMITM060004" rank="4" referenceName="Afmetingen en gewicht inclusief verpakking - Gewicht"/><CSItem code="PLMITM0776FX010" rank="5" referenceName="Extra onderdeel/accessoire meegeleverd - Ideaal voor sfeercreatie"/><CSItem code="PLMITM030005" rank="5" referenceName="Afmetingen en gewicht van product - Breedte"/><CSItem code="PLMITM040005" rank="5" referenceName="Technische specificaties - Wattage meegeleverde lamp"/><CSItem code="PLMITM0776FX027" rank="6" referenceName="Extra onderdeel/accessoire meegeleverd - Opladen via USB"/><CSItem code="PLMITM030006" rank="6" referenceName="Afmetingen en gewicht van product - Nettogewicht"/><CSItem code="PLMITM0776FX028" rank="7" referenceName="Extra onderdeel/accessoire meegeleverd - Draagbaar"/><CSItem code="PLMITM0776FX031" rank="8" referenceName="Extra onderdeel/accessoire meegeleverd - Volledig weerbestendig"/><CSItem code="PLMITM0776FX043" rank="9" referenceName="Extra onderdeel/accessoire meegeleverd - Hoogwaardige, duurzame materialen"/><CSItem code="PLMITM030010" rank="10" referenceName="Afmetingen en gewicht van product - Kabellengte"/><CSItem code="PLMITM0400011" rank="11" referenceName="Technische specificaties - Totaal lumen armatuur"/><CSItem code="PLMITM0400013" rank="13" referenceName="Technische specificaties - Armatuur dimbaar"/><CSItem code="PLMITM0400014" rank="14" referenceName="Technische specificaties - LED"/><CSItem code="PLMITM0400018" rank="18" referenceName="Technische specificaties - Levensduur tot"/><CSItem code="PLMITM040026" rank="26" referenceName="Technische specificaties - IP-code"/><CSItem code="PLMITM040027" rank="27" referenceName="Technische specificaties - Beschermingsklasse"/></CSItems></Purpose><Purpose type="Detail"><Features><Feature code="F400083213" rank="1" referenceName="Candle mode [lantern]"/><Feature code="F400083212" rank="2" referenceName="Dimmable light [lantern]"/><Feature code="F400083214" rank="3" referenceName="USB chargeable [lantern]"/><Feature code="F400083216" rank="4" referenceName="Weather proof IP44 [lantern]"/><Feature code="F400083211" rank="5" referenceName="Powerful light [lantern]"/></Features><CSItems><CSItem code="IT4043028" rank="1" referenceName="Tuin - Tuin"/><CSItem code="PLMITM010001" rank="1" referenceName="Ontwerp en afwerking - Materiaal"/><CSItem code="PLMITM030001" rank="1" referenceName="Afmetingen en gewicht van product - Hoogte"/><CSItem code="PLMITM040001" rank="1" referenceName="Technische specificaties - Netspanning"/><CSItem code="PLMITM050001" rank="1" referenceName="Service - Garantie"/><CSItem code="PLMITM060001" rank="1" referenceName="Afmetingen en gewicht inclusief verpakking - Hoogte"/><CSItem code="PLMITM070001" rank="1" referenceName="Diversen - Speciaal ontworpen voor"/><CSItem code="PLMITM010002" rank="2" referenceName="Ontwerp en afwerking - Kleur"/><CSItem code="PLMITM0776F2005" rank="2" referenceName="Extra onderdeel/accessoire meegeleverd - Dimmer en aan-uitschakelaar op product"/><CSItem code="PLMITM060002" rank="2" referenceName="Afmetingen en gewicht inclusief verpakking - Lengte"/><CSItem code="PLMITM070002" rank="2" referenceName="Diversen - Stijl"/><CSItem code="PLMITM0776F3001" rank="3" referenceName="Extra onderdeel/accessoire meegeleverd - Aan-uitschakelaar op product"/><CSItem code="PLMITM040003" rank="3" referenceName="Technische specificaties - Aantal lampen"/><CSItem code="PLMITM060003" rank="3" referenceName="Afmetingen en gewicht inclusief verpakking - Breedte"/><CSItem code="PLMITM070003" rank="3" referenceName="Diversen - Type"/><CSItem code="PLMITM0776FX006" rank="4" referenceName="Extra onderdeel/accessoire meegeleverd - Ingebouwde LED"/><CSItem code="PLMITM030004" rank="4" referenceName="Afmetingen en gewicht van product - Lengte"/><CSItem code="PLMITM060004" rank="4" referenceName="Afmetingen en gewicht inclusief verpakking - Gewicht"/><CSItem code="PLMITM0776FX010" rank="5" referenceName="Extra onderdeel/accessoire meegeleverd - Ideaal voor sfeercreatie"/><CSItem code="PLMITM030005" rank="5" referenceName="Afmetingen en gewicht van product - Breedte"/><CSItem code="PLMITM040005" rank="5" referenceName="Technische specificaties - Wattage meegeleverde lamp"/><CSItem code="PLMITM0776FX027" rank="6" referenceName="Extra onderdeel/accessoire meegeleverd - Opladen via USB"/><CSItem code="PLMITM030006" rank="6" referenceName="Afmetingen en gewicht van product - Nettogewicht"/><CSItem code="PLMITM0776FX028" rank="7" referenceName="Extra onderdeel/accessoire meegeleverd - Draagbaar"/><CSItem code="PLMITM0776FX031" rank="8" referenceName="Extra onderdeel/accessoire meegeleverd - Volledig weerbestendig"/><CSItem code="PLMITM0776FX043" rank="9" referenceName="Extra onderdeel/accessoire meegeleverd - Hoogwaardige, duurzame materialen"/><CSItem code="PLMITM030010" rank="10" referenceName="Afmetingen en gewicht van product - Kabellengte"/><CSItem code="PLMITM0400011" rank="11" referenceName="Technische specificaties - Totaal lumen armatuur"/><CSItem code="PLMITM0400013" rank="13" referenceName="Technische specificaties - Armatuur dimbaar"/><CSItem code="PLMITM0400014" rank="14" referenceName="Technische specificaties - LED"/><CSItem code="PLMITM0400018" rank="18" referenceName="Technische specificaties - Levensduur tot"/><CSItem code="PLMITM040026" rank="26" referenceName="Technische specificaties - IP-code"/><CSItem code="PLMITM040027" rank="27" referenceName="Technische specificaties - Beschermingsklasse"/></CSItems></Purpose></Filters><FeatureCompareGroups/><Disclaimers/><RichTexts/></Product></Products>