<?xml version="1.0" encoding="UTF-8"?><Products xmlns:source="http://apache.org/cocoon/source/1.0" DocStatus="approved" DocTimeStamp="2018-10-20T07:18:48"><Product Country="NL" IsAccessory="false" IsMaster="false" Locale="nl_NL" lastModified="2018-10-19T04:27:58" masterLastModified="2018-10-10T14:47:32"><CTN>12580C1</CTN><Code12NC>867000140969</Code12NC><GTIN/><MarketingVersion>6.0.1</MarketingVersion><MarketingStatus>Final Published</MarketingStatus><CRDate>2016-05-13</CRDate><CRDateYW>201620</CRDateYW><ModelYears><ModelYear>2016</ModelYear></ModelYears><ProductDivision><ProductDivisionCode>0100</ProductDivisionCode><ProductDivisionName>Lighting</ProductDivisionName><FormerPDCode>0100</FormerPDCode></ProductDivision><ProductOwner>Marilyne Denis</ProductOwner><DTN>12580C1</DTN><Catalog><StartOfPublication>2016-10-12T00:00:00</StartOfPublication><EndOfPublication>2024-10-12T00:00:00</EndOfPublication><StartOfSales>2016-10-12T00:00:00</StartOfSales><EndOfSales>2024-10-12T00:00:00</EndOfSales><DummyPrice/><Deleted>false</Deleted><DeleteAfterDate/><ProductRank>50</ProductRank></Catalog><FinancialCategorization><BusinessGroupCode>9017</BusinessGroupCode><BusinessGroupName>Lamps and Accessoires</BusinessGroupName><BusinessUnitCode>9102</BusinessUnitCode><BusinessUnitName>Automotive Lamps</BusinessUnitName><MainArticleGroupCode>B16</MainArticleGroupCode><MainArticleGroupName>Halogen/Incandesc.Signall.&amp;Interior</MainArticleGroupName><ArticleGroupCode>0207</ArticleGroupCode><ArticleGroupName>Motorcar-,incand.stoplamp-,dir.ind.</ArticleGroupName></FinancialCategorization><Categorization type="CONSUMER"><GroupCode>AUTOMOTIVE_GR</GroupCode><GroupName>Automotive</GroupName><CategoryCode>CAR_LIGHTS_CA</CategoryCode><CategoryName>Car lights</CategoryName><SubcategoryCode>CAR_HEADLIGHTS_SU</SubcategoryCode><SubcategoryName>Headlights</SubcategoryName></Categorization><Assets><Asset code="12580C1" description="Leaflet" extension="pdf" lastModified="2018-09-01" locale="nl_NL" number="001" type="PSS">http://download.p4c.philips.com/files/1/12580c1/12580c1_pss_nldnl.pdf</Asset><Asset code="12580C1" description="Retail Trade Leaflet" extension="pdf" lastModified="2018-10-05" locale="nl_NL" number="001" type="RTL">http://download.p4c.philips.com/files/1/12580c1/12580c1_rtl_nldnl.pdf</Asset><Asset code="12580C1" description="Leaflet" extension="pdf" lastModified="2018-10-11" locale="global" number="001" type="PSS">http://download.p4c.philips.com/files/1/12580c1/12580c1_pss_.pdf</Asset><Asset code="12580C1" description="Single product shot" extension="" lastModified="2018-10-19" locale="nl_NL" number="" type="IMS">http://images.philips.com/is/image/PhilipsConsumer/12580C1-IMS-nl_NL</Asset><Asset code="12580C1" description="Product gallery image set" extension="" lastModified="2018-10-19" locale="nl_NL" number="" type="GAL">http://images.philips.com/is/image/PhilipsConsumer/12580C1-GAL-nl_NL</Asset><Asset code="12580C1" description="Product URL" extension="" lastModified="2018-10-19" locale="nl_NL" number="" type="URL">http://www.philips.nl/c-p/12580C1/standard-koplamp-auto</Asset><Asset code="PHI" description="Brand logo - highres 1476x886" extension="tif" lastModified="2016-02-18" locale="global" number="001" type="BRP">http://images.philips.com/is/image/PhilipsConsumer/PHI-BRP-global-001</Asset></Assets><ProductName>Type lamp: H15, verpakking van 1, koplamp voor auto</ProductName><FullProductName>Philips Standard koplamp auto 12580C1 Type lamp: H15, verpakking van 1, 12 V, 55/15W</FullProductName><NamingString><MasterBrand><BrandCode>PHI</BrandCode><BrandName>Philips</BrandName></MasterBrand><BrandString>Philips</BrandString><Family><FamilyCode>SB40005305</FamilyCode><FamilyName>Standard</FamilyName><FamilyNameUsed>1</FamilyNameUsed></Family><Descriptor><DescriptorCode>D4021102</DescriptorCode><DescriptorName>koplamp auto</DescriptorName></Descriptor><Alphanumeric>12580C1</Alphanumeric><VersionElement1><VersionElementCode>V4044051</VersionElementCode><VersionElementName>Type lamp: H15</VersionElementName></VersionElement1><VersionElement2><VersionElementCode>V4043913</VersionElementCode><VersionElementName>Verpakking van 1</VersionElementName></VersionElement2><VersionElement3><VersionElementCode>V4043957</VersionElementCode><VersionElementName>12 V, 55/15W</VersionElementName></VersionElement3><VersionString>Type lamp: H15, verpakking van 1, 12 V, 55/15W</VersionString><BrandedFeatureString/><DescriptorBrandedFeatureString>koplamp auto</DescriptorBrandedFeatureString></NamingString><WOW>Veiligheid boven alles</WOW><SubWOW>Philips-standaardlampen</SubWOW><MarketingTextHeader>Onze koplampen zijn favoriet bij grote autofabrikanten. Ze bieden de beste kwaliteit in hun klasse tegen een aantrekkelijke prijs.</MarketingTextHeader><KeyBenefitArea><KeyBenefitAreaCode>K4028664</KeyBenefitAreaCode><KeyBenefitAreaName>(OEM) Original equipment manufacturer</KeyBenefitAreaName><KeyBenefitAreaRank>1</KeyBenefitAreaRank><Feature><FeatureCode>F400087694</FeatureCode><FeatureReferenceName>Car manufactuer choice - 12580</FeatureReferenceName><FeatureName>Aanbevolen door autofabrikanten</FeatureName><FeatureLongDescription>Philips wordt aanbevolen door grote autofabrikanten</FeatureLongDescription><FeatureGlossary>Philips loopt al 100 jaar actief voorop in de autoverlichtingsbranche, met technologische innovaties die nu standaard worden gebruikt in moderne auto's. Tegenwoordig is in Europa een op de twee auto's en wereldwijd een op de drie auto's voorzien van verlichting van Philips.</FeatureGlossary><FeatureRank>5</FeatureRank><FeatureTopRank>1</FeatureTopRank></Feature></KeyBenefitArea><KeyBenefitArea><KeyBenefitAreaCode>K4033295</KeyBenefitAreaCode><KeyBenefitAreaName>Uitgebreid assortiment lampen van 12 V</KeyBenefitAreaName><KeyBenefitAreaRank>2</KeyBenefitAreaRank><Feature><FeatureCode>F400087696</FeatureCode><FeatureReferenceName>Designed for multiple usage - 12580</FeatureReferenceName><FeatureName>Ontworpen voor meervoudig gebruik</FeatureName><FeatureLongDescription>Uitgebreid assortiment lampen van 12 V voor allerlei toepassingen</FeatureLongDescription><FeatureGlossary>Welke 12 V-lamp wordt waarvoor gebruikt? Het productaanbod van Philips Automotive omvat alle autospecifieke functies: kentekenplaatverlichting, stadslicht/parkeerlicht, lampje dashboardkastje, binnensignalering, parkeerlichten voor.</FeatureGlossary><FeatureRank>2</FeatureRank><FeatureTopRank>3</FeatureTopRank></Feature></KeyBenefitArea><KeyBenefitArea><KeyBenefitAreaCode>K4033296</KeyBenefitAreaCode><KeyBenefitAreaName>Voldoet aan de kwaliteitseisen voor ECE-goedkeuring</KeyBenefitAreaName><KeyBenefitAreaRank>3</KeyBenefitAreaRank><Feature><FeatureCode>F400079180</FeatureCode><FeatureReferenceName>ECE homlogation - std</FeatureReferenceName><FeatureName>ECE-goedkeuring</FeatureName><FeatureLongDescription>Voldoet aan hoge kwaliteitseisen voor ECE-goedkeuring</FeatureLongDescription><FeatureGlossary>Wij willen dat de autoproducten en -services van Philips de beste zijn in de vervangingsmarkt. Onze producten worden vervaardigd van hoogwaardige materialen en volgens de hoogste specificaties. Ze zijn ontworpen voor optimale veiligheid en maximaal comfort van onze autorijdende klanten. Ons gehele assortiment is grondig getest, gecontroleerd en gecertificeerd (ISO 9001, ISO 14001 en QSO 9000).</FeatureGlossary><FeatureRank>1</FeatureRank><FeatureTopRank>2</FeatureTopRank></Feature></KeyBenefitArea><KeyBenefitArea><KeyBenefitAreaCode>K4033297</KeyBenefitAreaCode><KeyBenefitAreaName>Paarsgewijs vervangen</KeyBenefitAreaName><KeyBenefitAreaRank>4</KeyBenefitAreaRank><Feature><FeatureCode>F400087695</FeatureCode><FeatureReferenceName>Change in pairs- CHIP - 12580</FeatureReferenceName><FeatureName>Paarsgewijs vervangen</FeatureName><FeatureLongDescription>Vervang beide koplampen tegelijk voor optimale veiligheid</FeatureLongDescription><FeatureGlossary>Het wordt ten zeerste aanbevolen beide tegelijk te vervangen voor symmetrische lichtsterkte.</FeatureGlossary><FeatureRank>3</FeatureRank><FeatureTopRank>4</FeatureTopRank></Feature></KeyBenefitArea><KeyBenefitArea><KeyBenefitAreaCode>K4027876</KeyBenefitAreaCode><KeyBenefitAreaName>Lange levensduur</KeyBenefitAreaName><KeyBenefitAreaRank>5</KeyBenefitAreaRank><Feature><FeatureCode>F400086382</FeatureCode><FeatureReferenceName>Good lifetime and durability-More light</FeatureReferenceName><FeatureName>Goede levensduur en betere duurzaamheid</FeatureName><FeatureLongDescription>Geoptimaliseerde levensduur en duurzaamheid</FeatureLongDescription><FeatureGlossary>Onze verlichtingsoplossingen produceren een sterke en nauwkeurige lichtbundel met maximale output. We blijven altijd de beste, meest efficiënte verlichtingsoplossingen produceren omdat we weten dat onze hoogwaardige verlichting levens kan redden.</FeatureGlossary><FeatureRank>4</FeatureRank><FeatureTopRank>5</FeatureTopRank></Feature></KeyBenefitArea><FeatureImage><FeatureCode>F400087694</FeatureCode><FeatureReferenceName>Car manufactuer choice - 12580</FeatureReferenceName><FeatureImageRank>1</FeatureImageRank></FeatureImage><FeatureImage><FeatureCode>F400079180</FeatureCode><FeatureReferenceName>ECE homlogation - std</FeatureReferenceName><FeatureImageRank>2</FeatureImageRank></FeatureImage><FeatureImage><FeatureCode>F400087696</FeatureCode><FeatureReferenceName>Designed for multiple usage - 12580</FeatureReferenceName><FeatureImageRank>3</FeatureImageRank></FeatureImage><FeatureImage><FeatureCode>F400087695</FeatureCode><FeatureReferenceName>Change in pairs- CHIP - 12580</FeatureReferenceName><FeatureImageRank>4</FeatureImageRank></FeatureImage><FeatureImage><FeatureCode>F400086382</FeatureCode><FeatureReferenceName>Good lifetime and durability-More light</FeatureReferenceName><FeatureImageRank>5</FeatureImageRank></FeatureImage><FeatureHighlight><FeatureCode>F400087694</FeatureCode><FeatureReferenceName>Car manufactuer choice - 12580</FeatureReferenceName><FeatureHighlightRank>1</FeatureHighlightRank></FeatureHighlight><FeatureHighlight><FeatureCode>F400079180</FeatureCode><FeatureReferenceName>ECE homlogation - std</FeatureReferenceName><FeatureHighlightRank>2</FeatureHighlightRank></FeatureHighlight><FeatureHighlight><FeatureCode>F400087696</FeatureCode><FeatureReferenceName>Designed for multiple usage - 12580</FeatureReferenceName><FeatureHighlightRank>3</FeatureHighlightRank></FeatureHighlight><FeatureHighlight><FeatureCode>F400087695</FeatureCode><FeatureReferenceName>Change in pairs- CHIP - 12580</FeatureReferenceName><FeatureHighlightRank>4</FeatureHighlightRank></FeatureHighlight><FeatureHighlight><FeatureCode>F400086382</FeatureCode><FeatureReferenceName>Good lifetime and durability-More light</FeatureReferenceName><FeatureHighlightRank>5</FeatureHighlightRank></FeatureHighlight><CSChapter><CSChapterCode>CH4006521</CSChapterCode><CSChapterName>Elektrische kenmerken</CSChapterName><CSChapterRank>1</CSChapterRank><CSItem><CSItemCode>IT4035564</CSItemCode><CSItemName>Voltage</CSItemName><CSItemRank>6</CSItemRank><CSItemIsFreeFormat>1</CSItemIsFreeFormat><CSValue><CSValueCode>VA4082798</CSValueCode><CSValueName>12</CSValueName><CSValueRank>1</CSValueRank></CSValue><UnitOfMeasure><UnitOfMeasureCode>3000071</UnitOfMeasureCode><UnitOfMeasureName>volt</UnitOfMeasureName><UnitOfMeasureSymbol>volt</UnitOfMeasureSymbol></UnitOfMeasure></CSItem><CSItem><CSItemCode>IT4035426</CSItemCode><CSItemName>Wattage</CSItemName><CSItemRank>9</CSItemRank><CSItemIsFreeFormat>1</CSItemIsFreeFormat><CSValue><CSValueCode>VA4082344</CSValueCode><CSValueName>55/15</CSValueName><CSValueRank>1</CSValueRank></CSValue><UnitOfMeasure><UnitOfMeasureCode>3000072</UnitOfMeasureCode><UnitOfMeasureName>watt</UnitOfMeasureName><UnitOfMeasureSymbol>W</UnitOfMeasureSymbol></UnitOfMeasure></CSItem></CSChapter><CSChapter><CSChapterCode>3001177</CSChapterCode><CSChapterName>Gegevens van de verpakking</CSChapterName><CSChapterRank>2</CSChapterRank><CSItem><CSItemCode>IT4035590</CSItemCode><CSItemName>EAN1</CSItemName><CSItemRank>10</CSItemRank><CSItemIsFreeFormat>1</CSItemIsFreeFormat><CSValue><CSValueCode>VA4082922</CSValueCode><CSValueName>8719018020000</CSValueName><CSValueRank>1</CSValueRank></CSValue></CSItem><CSItem><CSItemCode>IT4035591</CSItemCode><CSItemName>EAN3</CSItemName><CSItemRank>12</CSItemRank><CSItemIsFreeFormat>1</CSItemIsFreeFormat><CSValue><CSValueCode>VA4082924</CSValueCode><CSValueName>8719018020024</CSValueName><CSValueRank>1</CSValueRank></CSValue></CSItem><CSItem><CSItemCode>IT4035805</CSItemCode><CSItemName>Verpakkingstype</CSItemName><CSItemRank>14</CSItemRank><CSItemIsFreeFormat>1</CSItemIsFreeFormat><CSValue><CSValueCode>VA4083279</CSValueCode><CSValueName>C1</CSValueName><CSValueRank>1</CSValueRank></CSValue></CSItem></CSChapter><CSChapter><CSChapterCode>CH4006466</CSChapterCode><CSChapterName>Productbeschrijving</CSChapterName><CSChapterRank>3</CSChapterRank><CSItem><CSItemCode>IT4031517</CSItemCode><CSItemName>Toepassing</CSItemName><CSItemRank>1</CSItemRank><CSItemIsFreeFormat>0</CSItemIsFreeFormat><CSValue><CSValueCode>VA4071898</CSValueCode><CSValueName>Hoge lichtstraal</CSValueName><CSValueRank>6</CSValueRank></CSValue><CSValue><CSValueCode>VA4081864</CSValueCode><CSValueName>Dagrijverlichting</CSValueName><CSValueRank>8</CSValueRank></CSValue></CSItem><CSItem><CSItemCode>IT4031521</CSItemCode><CSItemName>ECE-goedkeuring</CSItemName><CSItemRank>7</CSItemRank><CSItemIsFreeFormat>0</CSItemIsFreeFormat><CSValue><CSValueCode>VA4072195</CSValueCode><CSValueName>JA</CSValueName><CSValueRank>3</CSValueRank></CSValue></CSItem><CSItem><CSItemCode>IT4031519</CSItemCode><CSItemName>Collectie</CSItemName><CSItemRank>11</CSItemRank><CSItemIsFreeFormat>0</CSItemIsFreeFormat><CSValue><CSValueCode>VA4082796</CSValueCode><CSValueName>Standaard</CSValueName><CSValueRank>7</CSValueRank></CSValue></CSItem><CSItem><CSItemCode>IT4031500</CSItemCode><CSItemName>Technologie</CSItemName><CSItemRank>13</CSItemRank><CSItemIsFreeFormat>0</CSItemIsFreeFormat><CSValue><CSValueCode>VA4071791</CSValueCode><CSValueName>Halogeen</CSValueName><CSValueRank>2</CSValueRank></CSValue></CSItem><CSItem><CSItemCode>IT4031508</CSItemCode><CSItemName>Type</CSItemName><CSItemRank>15</CSItemRank><CSItemIsFreeFormat>0</CSItemIsFreeFormat><CSValue><CSValueCode>VA4096701</CSValueCode><CSValueName>H15</CSValueName><CSValueRank>9</CSValueRank></CSValue></CSItem><CSItem><CSItemCode>IT4034965</CSItemCode><CSItemName>Aanduiding</CSItemName><CSItemRank>18</CSItemRank><CSItemIsFreeFormat>1</CSItemIsFreeFormat><CSValue><CSValueCode>VA4081495</CSValueCode><CSValueName>12580C1</CSValueName><CSValueRank>1</CSValueRank></CSValue></CSItem><CSItem><CSItemCode>IT4035423</CSItemCode><CSItemName>Voet</CSItemName><CSItemRank>19</CSItemRank><CSItemIsFreeFormat>1</CSItemIsFreeFormat><CSValue><CSValueCode>VA4082341</CSValueCode><CSValueName>PGJ23t-1</CSValueName><CSValueRank>1</CSValueRank></CSValue></CSItem></CSChapter><CSChapter><CSChapterCode>CH4006501</CSChapterCode><CSChapterName>Verpakkingsinformatie</CSChapterName><CSChapterRank>4</CSChapterRank><CSItem><CSItemCode>IT4035756</CSItemCode><CSItemName>Brutogewicht per stuk</CSItemName><CSItemRank>16</CSItemRank><CSItemIsFreeFormat>1</CSItemIsFreeFormat><CSValue><CSValueCode>VA4083193</CSValueCode><CSValueName>33,9</CSValueName><CSValueRank>1</CSValueRank></CSValue><UnitOfMeasure><UnitOfMeasureCode>4000006</UnitOfMeasureCode><UnitOfMeasureName>Gram</UnitOfMeasureName><UnitOfMeasureSymbol>g</UnitOfMeasureSymbol></UnitOfMeasure></CSItem><CSItem><CSItemCode>IT4035760</CSItemCode><CSItemName>Hoogte</CSItemName><CSItemRank>17</CSItemRank><CSItemIsFreeFormat>1</CSItemIsFreeFormat><CSValue><CSValueCode>VA4083198</CSValueCode><CSValueName>7,600</CSValueName><CSValueRank>1</CSValueRank></CSValue><UnitOfMeasure><UnitOfMeasureCode>3000039</UnitOfMeasureCode><UnitOfMeasureName>centimeter</UnitOfMeasureName><UnitOfMeasureSymbol>cm</UnitOfMeasureSymbol></UnitOfMeasure></CSItem><CSItem><CSItemCode>IT4035758</CSItemCode><CSItemName>Lengte</CSItemName><CSItemRank>20</CSItemRank><CSItemIsFreeFormat>1</CSItemIsFreeFormat><CSValue><CSValueCode>VA4083195</CSValueCode><CSValueName>4,550</CSValueName><CSValueRank>1</CSValueRank></CSValue><UnitOfMeasure><UnitOfMeasureCode>3000039</UnitOfMeasureCode><UnitOfMeasureName>centimeter</UnitOfMeasureName><UnitOfMeasureSymbol>cm</UnitOfMeasureSymbol></UnitOfMeasure></CSItem><CSItem><CSItemCode>IT4040440</CSItemCode><CSItemName>Minimale bestelhoeveelheid (voor professionals)</CSItemName><CSItemRank>21</CSItemRank><CSItemIsFreeFormat>1</CSItemIsFreeFormat><CSValue><CSValueCode>VA4094183</CSValueCode><CSValueName>10</CSValueName><CSValueRank>1</CSValueRank></CSValue></CSItem><CSItem><CSItemCode>IT4035761</CSItemCode><CSItemName>Nettogewicht per stuk</CSItemName><CSItemRank>22</CSItemRank><CSItemIsFreeFormat>1</CSItemIsFreeFormat><CSValue><CSValueCode>VA4083199</CSValueCode><CSValueName>27,2</CSValueName><CSValueRank>1</CSValueRank></CSValue><UnitOfMeasure><UnitOfMeasureCode>4000006</UnitOfMeasureCode><UnitOfMeasureName>Gram</UnitOfMeasureName><UnitOfMeasureSymbol>g</UnitOfMeasureSymbol></UnitOfMeasure></CSItem><CSItem><CSItemCode>IT4040439</CSItemCode><CSItemName>Verpakkingshoeveelheid</CSItemName><CSItemRank>23</CSItemRank><CSItemIsFreeFormat>1</CSItemIsFreeFormat><CSValue><CSValueCode>VA4094182</CSValueCode><CSValueName>1</CSValueName><CSValueRank>1</CSValueRank></CSValue></CSItem><CSItem><CSItemCode>IT4035759</CSItemCode><CSItemName>Breedte</CSItemName><CSItemRank>24</CSItemRank><CSItemIsFreeFormat>1</CSItemIsFreeFormat><CSValue><CSValueCode>VA4083196</CSValueCode><CSValueName>4,550</CSValueName><CSValueRank>1</CSValueRank></CSValue><UnitOfMeasure><UnitOfMeasureCode>3000039</UnitOfMeasureCode><UnitOfMeasureName>centimeter</UnitOfMeasureName><UnitOfMeasureSymbol>cm</UnitOfMeasureSymbol></UnitOfMeasure></CSItem></CSChapter><CSChapter><CSChapterCode>CH4006484</CSChapterCode><CSChapterName>Bestelinformatie</CSChapterName><CSChapterRank>5</CSChapterRank><CSItem><CSItemCode>IT4035592</CSItemCode><CSItemName>Bestelnummer</CSItemName><CSItemRank>5</CSItemRank><CSItemIsFreeFormat>1</CSItemIsFreeFormat><CSValue><CSValueCode>VA4082925</CSValueCode><CSValueName>12580C1</CSValueName><CSValueRank>1</CSValueRank></CSValue></CSItem><CSItem><CSItemCode>IT4035593</CSItemCode><CSItemName>Bestelcode</CSItemName><CSItemRank>8</CSItemRank><CSItemIsFreeFormat>1</CSItemIsFreeFormat><CSValue><CSValueCode>VA4082926</CSValueCode><CSValueName>02000030</CSValueName><CSValueRank>1</CSValueRank></CSValue></CSItem></CSChapter><CSChapter><CSChapterCode>CH4006461</CSChapterCode><CSChapterName>Marketingspecificaties</CSChapterName><CSChapterRank>6</CSChapterRank><CSItem><CSItemCode>IT4031492</CSItemCode><CSItemName>Verwachte voordelen</CSItemName><CSItemRank>2</CSItemRank><CSItemIsFreeFormat>0</CSItemIsFreeFormat><CSValue><CSValueCode>VA4096684</CSValueCode><CSValueName>Standaard</CSValueName><CSValueRank>5</CSValueRank></CSValue></CSItem><CSItem><CSItemCode>IT4031498</CSItemCode><CSItemName>Productkenmerk</CSItemName><CSItemRank>4</CSItemRank><CSItemIsFreeFormat>0</CSItemIsFreeFormat><CSValue><CSValueCode>VA4096685</CSValueCode><CSValueName>Philips-standaardlampen</CSValueName><CSValueRank>1</CSValueRank></CSValue></CSItem></CSChapter><Filters><Purpose type="Comparison"><Features><Feature code="F400087694" rank="1" referenceName="Car manufactuer choice - 12580"/><Feature code="F400079180" rank="2" referenceName="ECE homlogation - std"/><Feature code="F400087696" rank="3" referenceName="Designed for multiple usage - 12580"/><Feature code="F400087695" rank="4" referenceName="Change in pairs- CHIP - 12580"/><Feature code="F400086382" rank="5" referenceName="Good lifetime and durability-More light"/></Features><CSItems><CSItem code="IT4031517" rank="1" referenceName="Productbeschrijving - Toepassing"/><CSItem code="IT4031492" rank="2" referenceName="Marketingspecificaties - Verwachte voordelen"/><CSItem code="IT4031498" rank="4" referenceName="Marketingspecificaties - Productkenmerk"/><CSItem code="IT4035592" rank="5" referenceName="Bestelinformatie - Bestelnummer"/><CSItem code="IT4035564" rank="6" referenceName="Elektrische kenmerken - Voltage"/><CSItem code="IT4031521" rank="7" referenceName="Productbeschrijving - ECE-goedkeuring"/><CSItem code="IT4035593" rank="8" referenceName="Bestelinformatie - Bestelcode"/><CSItem code="IT4035426" rank="9" referenceName="Elektrische kenmerken - Wattage"/><CSItem code="IT4035590" rank="10" referenceName="Gegevens van de verpakking - EAN1"/><CSItem code="IT4031519" rank="11" referenceName="Productbeschrijving - Collectie"/><CSItem code="IT4035591" rank="12" referenceName="Gegevens van de verpakking - EAN3"/><CSItem code="IT4031500" rank="13" referenceName="Productbeschrijving - Technologie"/><CSItem code="IT4035805" rank="14" referenceName="Gegevens van de verpakking - Verpakkingstype"/><CSItem code="IT4031508" rank="15" referenceName="Productbeschrijving - Type"/><CSItem code="IT4035756" rank="16" referenceName="Verpakkingsinformatie - Brutogewicht per stuk"/><CSItem code="IT4035760" rank="17" referenceName="Verpakkingsinformatie - Hoogte"/><CSItem code="IT4034965" rank="18" referenceName="Productbeschrijving - Aanduiding"/><CSItem code="IT4035423" rank="19" referenceName="Productbeschrijving - Voet"/><CSItem code="IT4035758" rank="20" referenceName="Verpakkingsinformatie - Lengte"/><CSItem code="IT4040440" rank="21" referenceName="Verpakkingsinformatie - Minimale bestelhoeveelheid (voor professionals)"/><CSItem code="IT4035761" rank="22" referenceName="Verpakkingsinformatie - Nettogewicht per stuk"/><CSItem code="IT4040439" rank="23" referenceName="Verpakkingsinformatie - Verpakkingshoeveelheid"/><CSItem code="IT4035759" rank="24" referenceName="Verpakkingsinformatie - Breedte"/></CSItems></Purpose><Purpose type="Detail"><Features><Feature code="F400087694" rank="1" referenceName="Car manufactuer choice - 12580"/><Feature code="F400079180" rank="2" referenceName="ECE homlogation - std"/><Feature code="F400087696" rank="3" referenceName="Designed for multiple usage - 12580"/><Feature code="F400087695" rank="4" referenceName="Change in pairs- CHIP - 12580"/><Feature code="F400086382" rank="5" referenceName="Good lifetime and durability-More light"/></Features><CSItems><CSItem code="IT4031517" rank="1" referenceName="Productbeschrijving - Toepassing"/><CSItem code="IT4031492" rank="2" referenceName="Marketingspecificaties - Verwachte voordelen"/><CSItem code="IT4031498" rank="4" referenceName="Marketingspecificaties - Productkenmerk"/><CSItem code="IT4035592" rank="5" referenceName="Bestelinformatie - Bestelnummer"/><CSItem code="IT4035564" rank="6" referenceName="Elektrische kenmerken - Voltage"/><CSItem code="IT4031521" rank="7" referenceName="Productbeschrijving - ECE-goedkeuring"/><CSItem code="IT4035593" rank="8" referenceName="Bestelinformatie - Bestelcode"/><CSItem code="IT4035426" rank="9" referenceName="Elektrische kenmerken - Wattage"/><CSItem code="IT4035590" rank="10" referenceName="Gegevens van de verpakking - EAN1"/><CSItem code="IT4031519" rank="11" referenceName="Productbeschrijving - Collectie"/><CSItem code="IT4035591" rank="12" referenceName="Gegevens van de verpakking - EAN3"/><CSItem code="IT4031500" rank="13" referenceName="Productbeschrijving - Technologie"/><CSItem code="IT4035805" rank="14" referenceName="Gegevens van de verpakking - Verpakkingstype"/><CSItem code="IT4031508" rank="15" referenceName="Productbeschrijving - Type"/><CSItem code="IT4035756" rank="16" referenceName="Verpakkingsinformatie - Brutogewicht per stuk"/><CSItem code="IT4035760" rank="17" referenceName="Verpakkingsinformatie - Hoogte"/><CSItem code="IT4034965" rank="18" referenceName="Productbeschrijving - Aanduiding"/><CSItem code="IT4035423" rank="19" referenceName="Productbeschrijving - Voet"/><CSItem code="IT4035758" rank="20" referenceName="Verpakkingsinformatie - Lengte"/><CSItem code="IT4040440" rank="21" referenceName="Verpakkingsinformatie - Minimale bestelhoeveelheid (voor professionals)"/><CSItem code="IT4035761" rank="22" referenceName="Verpakkingsinformatie - Nettogewicht per stuk"/><CSItem code="IT4040439" rank="23" referenceName="Verpakkingsinformatie - Verpakkingshoeveelheid"/><CSItem code="IT4035759" rank="24" referenceName="Verpakkingsinformatie - Breedte"/></CSItems></Purpose></Filters><FeatureCompareGroups/><Disclaimers/><RichTexts/></Product></Products>