<?xml version="1.0" encoding="UTF-8"?><Products xmlns:source="http://apache.org/cocoon/source/1.0" DocStatus="approved" DocTimeStamp="2018-10-20T07:18:48"><Product Country="NL" IsAccessory="false" IsLocalized="true" IsMaster="false" Locale="nl_NL" lastModified="2018-10-19T04:27:58" masterLastModified="2018-10-05T00:35:25"><CTN>409024816</CTN><Code12NC>915004236701</Code12NC><GTIN>8718291470595</GTIN><MarketingVersion>2.0.1</MarketingVersion><MarketingStatus>Final Published</MarketingStatus><CRDate>2012-10-05</CRDate><CRDateYW>201240</CRDateYW><ModelYears><ModelYear>2012</ModelYear></ModelYears><ProductDivision><ProductDivisionCode>0100</ProductDivisionCode><ProductDivisionName>Lighting</ProductDivisionName><FormerPDCode>0100</FormerPDCode></ProductDivision><ProductOwner>Tom Raman</ProductOwner><DTN>40902/48/16</DTN><Catalog><StartOfPublication>2013-08-26T00:00:00</StartOfPublication><EndOfPublication>2300-01-01T00:00:00</EndOfPublication><StartOfSales>2013-08-26T00:00:00</StartOfSales><EndOfSales>2300-01-01T00:00:00</EndOfSales><DummyPrice>229</DummyPrice><Deleted>false</Deleted><DeleteAfterDate/><ProductRank>50</ProductRank></Catalog><FinancialCategorization><BusinessGroupCode>9021</BusinessGroupCode><BusinessGroupName>Home</BusinessGroupName><BusinessUnitCode>9159</BusinessUnitCode><BusinessUnitName>Home Luminaires</BusinessUnitName><MainArticleGroupCode>G76</MainArticleGroupCode><MainArticleGroupName>Livingroom</MainArticleGroupName><ArticleGroupCode>4904</ArticleGroupCode><ArticleGroupName>Suspension</ArticleGroupName></FinancialCategorization><Categorization type="CONSUMER"><GroupCode>LIGHTING_GR</GroupCode><GroupName>Lighting</GroupName><CategoryCode>CHOOSE_YOUR_LUMINAIRE_CA</CategoryCode><CategoryName>Choose a fixture</CategoryName><SubcategoryCode>CONCEPT_MYLIVING_SU</SubcategoryCode><SubcategoryName>myLiving</SubcategoryName></Categorization><Assets><Asset code="409024816" description="User manual" extension="pdf" lastModified="2014-10-13" locale="nl_NL" number="001" type="DFU">http://download.p4c.philips.com/files/4/409024816/409024816_dfu_nld.pdf</Asset><Asset code="409024816" description="Leaflet" extension="pdf" lastModified="2018-10-12" locale="nl_NL" number="001" type="PSS">http://download.p4c.philips.com/files/4/409024816/409024816_pss_nldnl.pdf</Asset><Asset code="409024816" description="Quick start guide" extension="pdf" lastModified="2014-10-13" locale="nl_NL" number="001" type="QSG">http://download.p4c.philips.com/files/4/409024816/409024816_qsg_nld.pdf</Asset><Asset code="409024816" description="Retail Trade Leaflet" extension="pdf" lastModified="2018-10-18" locale="nl_NL" number="001" type="RTL">http://download.p4c.philips.com/files/4/409024816/409024816_rtl_nldnl.pdf</Asset><Asset code="409024816" description="Alternative product photograph 1 - highres 2196x1795" extension="jpg" lastModified="2013-09-09" locale="global" number="001" type="A1P">http://images.philips.com/is/image/PhilipsConsumer/409024816-A1P-global-001</Asset><Asset code="409024816" description="Alternative product photograph - highres 2196x1795" extension="jpg" lastModified="2013-09-09" locale="global" number="001" type="APP">http://images.philips.com/is/image/PhilipsConsumer/409024816-APP-global-001</Asset><Asset code="409024816" description="Energy Label - Rainbow " extension="pdf" lastModified="2014-12-03" locale="global" number="001" type="ELR">http://download.p4c.philips.com/files/4/409024816/409024816_elr_.pdf</Asset><Asset code="409024816" description="Leaflet" extension="pdf" lastModified="2018-10-06" locale="global" number="001" type="PSS">http://download.p4c.philips.com/files/4/409024816/409024816_pss_.pdf</Asset><Asset code="409024816" description="Standard product photograph - highres 2196x1795" extension="tif" lastModified="2013-08-08" locale="global" number="001" type="RTP">http://images.philips.com/is/image/PhilipsConsumer/409024816-RTP-global-001</Asset><Asset code="409024816" description="Product in use photograph - highres 2196x1795" extension="tif" lastModified="2018-03-26" locale="global" number="001" type="UPL">http://images.philips.com/is/image/PhilipsConsumer/409024816-UPL-global-001</Asset><Asset code="409024816" description="Single product shot" extension="" lastModified="2018-10-19" locale="nl_NL" number="" type="IMS">http://images.philips.com/is/image/PhilipsConsumer/409024816-IMS-nl_NL</Asset><Asset code="409024816" description="Product gallery image set" extension="" lastModified="2018-10-19" locale="nl_NL" number="" type="GAL">http://images.philips.com/is/image/PhilipsConsumer/409024816-GAL-nl_NL</Asset><Asset code="409024816" description="Product URL" extension="" lastModified="2018-10-19" locale="nl_NL" number="" type="URL">http://www.philips.nl/c-p/409024816/myliving-hanglamp</Asset><Asset code="F400026609" description="Feature photograph - highres 2100x1170" extension="tif" lastModified="2013-10-04" locale="global" number="001" type="FIL">http://images.philips.com/is/image/PhilipsConsumer/F400026609-FIL-global-001</Asset><Asset code="F400057627" description="Feature photograph - highres 2100x1170" extension="tif" lastModified="2013-07-30" locale="global" number="001" type="FIL">http://images.philips.com/is/image/PhilipsConsumer/F400057627-FIL-global-001</Asset><Asset code="F400057628" description="Feature photograph - highres 2100x1170" extension="tif" lastModified="2014-05-16" locale="global" number="001" type="FIL">http://images.philips.com/is/image/PhilipsConsumer/F400057628-FIL-global-001</Asset><Asset code="F400057631" description="Feature photograph - highres 2100x1170" extension="tif" lastModified="2013-07-30" locale="global" number="001" type="FIL">http://images.philips.com/is/image/PhilipsConsumer/F400057631-FIL-global-001</Asset><Asset code="F400057635" description="Feature photograph - highres 2100x1170" extension="tif" lastModified="2013-07-30" locale="global" number="001" type="FIL">http://images.philips.com/is/image/PhilipsConsumer/F400057635-FIL-global-001</Asset><Asset code="F400076495" description="Feature photograph - highres 2100x1170" extension="tif" lastModified="2016-01-18" locale="global" number="001" type="FIL">http://images.philips.com/is/image/PhilipsConsumer/F400076495-FIL-global-001</Asset><Asset code="PHI" description="Brand logo - highres 1476x886" extension="tif" lastModified="2016-02-18" locale="global" number="001" type="BRP">http://images.philips.com/is/image/PhilipsConsumer/PHI-BRP-global-001</Asset><Asset code="PLM0108MYL" description="Concept logo - lowres 198x198" extension="jpg" lastModified="2011-09-06" locale="global" number="001" type="CLL">http://images.philips.com/is/image/PhilipsConsumer/PLM0108MYL-CLL-global-001</Asset></Assets><ProductName>Ayr, aluminium, LED, hanglamp</ProductName><FullProductName>Philips myLiving Hanglamp 40902/48/16 Ayr, aluminium, LED</FullProductName><NamingString><MasterBrand><BrandCode>PHI</BrandCode><BrandName>Philips</BrandName></MasterBrand><BrandString>Philips</BrandString><Concept><ConceptCode>PLM0108MYL</ConceptCode><ConceptName>myLiving</ConceptName><ConceptNameUsed>1</ConceptNameUsed></Concept><Descriptor><DescriptorCode>PLM0830SUS</DescriptorCode><DescriptorName>Hanglamp</DescriptorName></Descriptor><Alphanumeric>40902/48/16</Alphanumeric><VersionElement1><VersionElementCode>PLM0000702</VersionElementCode><VersionElementName>Ayr</VersionElementName></VersionElement1><VersionElement2><VersionElementCode>PLM018348</VersionElementCode><VersionElementName>aluminium</VersionElementName></VersionElement2><VersionElement3><VersionElementCode>PLM0814Y</VersionElementCode><VersionElementName>Led</VersionElementName></VersionElement3><VersionString>Ayr, aluminium, LED</VersionString><BrandedFeatureString/><DescriptorBrandedFeatureString>Hanglamp</DescriptorBrandedFeatureString></NamingString><WOW>Richt uw huis in met licht</WOW><MarketingTextHeader>Met de witte Philips myLiving Ayr LED-hanglamp weet u zeker dat u de juiste keuze maakt. De LED's in de armatuur van nikkel en synthetische materialen verspreiden een warm wit licht. Een hemelse ervaring.</MarketingTextHeader><KeyBenefitArea><KeyBenefitAreaCode>K4005041</KeyBenefitAreaCode><KeyBenefitAreaName>Duurzame verlichting</KeyBenefitAreaName><KeyBenefitAreaRank>1</KeyBenefitAreaRank><Feature><FeatureCode>F400057628</FeatureCode><FeatureReferenceName>High quality LED light (LED integrated)</FeatureReferenceName><FeatureName>LED-licht van topkwaliteit</FeatureName><FeatureLongDescription>LED-licht van topkwaliteit</FeatureLongDescription><FeatureGlossary>De LED-technologie die in deze Philips-lamp is geïntegreerd, is een unieke door Philips ontwikkelde oplossing. De lamp kan onmiddellijk worden ingeschakeld, biedt een optimale lichtopbrengst en brengt levendige kleuren in uw huis.</FeatureGlossary><FeatureRank>1</FeatureRank><FeatureTopRank>1</FeatureTopRank></Feature><Feature><FeatureCode>F400076495</FeatureCode><FeatureReferenceName>5 year warranty on LED system</FeatureReferenceName><FeatureName>5 jaar garantie</FeatureName><FeatureLongDescription>Philips biedt standaard een garantie van 5 jaar op deze binnenverlichting.</FeatureLongDescription><FeatureGlossary>Naast de standaard 2 jaar garantie op deze lamp biedt Philips ook nog eens 5 jaar garantie op het LED-systeem, oftewel de LED-module en -driver in deze lamp.</FeatureGlossary><FeatureRank>2</FeatureRank><FeatureTopRank>2</FeatureTopRank></Feature><Feature><FeatureCode>F400057635</FeatureCode><FeatureReferenceName>Warm white light (NEW lighting)</FeatureReferenceName><FeatureName>Warm wit licht</FeatureName><FeatureLongDescription>Warm wit licht</FeatureLongDescription><FeatureGlossary>Licht kan verschillende kleurtemperaturen hebben, die worden aangegeven in de eenheid Kelvin (K). Lampen met een lage Kelvin-waarde produceren een warmer, gezelliger licht, terwijl lampen met een hoge Kelvin-waarde een koeler, meer energiek licht produceren. Deze lamp van Philips geeft warmwit licht voor een gezellige sfeer.</FeatureGlossary><FeatureRank>5</FeatureRank><FeatureTopRank>3</FeatureTopRank></Feature><Feature><FeatureCode>F400026609</FeatureCode><FeatureReferenceName>Dimmable (LED)</FeatureReferenceName><FeatureName>Dimbaar</FeatureName><FeatureLongDescription>Lichtintensiteit instelbaar met dimmer</FeatureLongDescription><FeatureGlossary>Stel de lichtintensiteit van ledlampen van Philips in met een dimschakelaar (niet meegeleverd). Zo kunt u de sfeer aanpassen aan elke gelegenheid, of het nu om een romantisch diner voor twee gaat of een gezellige avond met familie en vrienden in uw woonkamer. Philips heeft een aantal wanddimmers getest dat geschikt is voor de ledlampen van Philips. Een actuele lijst van compatibele dimmers vindt u in het ondersteuningsgedeelte van de website.</FeatureGlossary><FeatureRank>6</FeatureRank><FeatureTopRank>5</FeatureTopRank></Feature><Feature><FeatureCode>F400057627</FeatureCode><FeatureReferenceName>Energy saving (general NEW)</FeatureReferenceName><FeatureName>Energiezuinig</FeatureName><FeatureLongDescription>Energiezuinig</FeatureLongDescription><FeatureGlossary>Deze energiebesparende Philips-lamp verbruikt minder stroom dan traditionele lichtbronnen. Zo bespaart u op uw energierekening en draagt u bij aan een beter milieu.</FeatureGlossary><FeatureRank>3</FeatureRank><FeatureTopRank>6</FeatureTopRank></Feature><Feature><FeatureCode>F400057631</FeatureCode><FeatureReferenceName>Long operating life (15 yrs lighting)</FeatureReferenceName><FeatureName>Lange levensduur</FeatureName><FeatureLongDescription>Lange levensduur - tot 15 jaar</FeatureLongDescription><FeatureGlossary>Een lichtbron waarop u kunt vertrouwen. De LED's in deze LED-lamp van Philips bieden een zeer lange levensduur van minimaal 15.000 uur (dit staat gelijk aan 15 jaar bij een gemiddeld gebruik van 3 uur/dag en minimaal 13.000 schakelcycli). Dit geeft een prettig gevoel: u hoeft zich nooit meer zorgen te maken over onderhoud of het vervangen van een lamp en u kunt thuis genieten van de perfecte sfeerverlichting.</FeatureGlossary><FeatureRank>7</FeatureRank><FeatureTopRank>7</FeatureTopRank></Feature></KeyBenefitArea><KeyBenefitArea><KeyBenefitAreaCode>K4013393</KeyBenefitAreaCode><KeyBenefitAreaName>Speciale kenmerken</KeyBenefitAreaName><KeyBenefitAreaRank>2</KeyBenefitAreaRank><Feature><FeatureCode>F400047409</FeatureCode><FeatureReferenceName>Adjustable height (Peacock)</FeatureReferenceName><FeatureName>Verstelbare hoogte</FeatureName><FeatureLongDescription>De hoogte van de hanglamp is eenvoudig verstelbaar</FeatureLongDescription><FeatureGlossary>Deze hanglamp van Philips wordt geleverd met lange snoeren voor een maximale flexibiliteit tijdens en na de installatie. Kies de voor u ideale hoogte.</FeatureGlossary><FeatureRank>4</FeatureRank><FeatureTopRank>4</FeatureTopRank></Feature></KeyBenefitArea><FeatureImage><FeatureCode>F400057628</FeatureCode><FeatureReferenceName>High quality LED light (LED integrated)</FeatureReferenceName><FeatureImageRank>1</FeatureImageRank></FeatureImage><FeatureImage><FeatureCode>F400076495</FeatureCode><FeatureReferenceName>5 year warranty on LED system</FeatureReferenceName><FeatureImageRank>2</FeatureImageRank></FeatureImage><FeatureImage><FeatureCode>F400057635</FeatureCode><FeatureReferenceName>Warm white light (NEW lighting)</FeatureReferenceName><FeatureImageRank>3</FeatureImageRank></FeatureImage><FeatureImage><FeatureCode>F400047409</FeatureCode><FeatureReferenceName>Adjustable height (Peacock)</FeatureReferenceName><FeatureImageRank>4</FeatureImageRank></FeatureImage><FeatureImage><FeatureCode>F400026609</FeatureCode><FeatureReferenceName>Dimmable (LED)</FeatureReferenceName><FeatureImageRank>5</FeatureImageRank></FeatureImage><FeatureImage><FeatureCode>F400057627</FeatureCode><FeatureReferenceName>Energy saving (general NEW)</FeatureReferenceName><FeatureImageRank>6</FeatureImageRank></FeatureImage><FeatureImage><FeatureCode>F400057631</FeatureCode><FeatureReferenceName>Long operating life (15 yrs lighting)</FeatureReferenceName><FeatureImageRank>7</FeatureImageRank></FeatureImage><FeatureHighlight><FeatureCode>F400057628</FeatureCode><FeatureReferenceName>High quality LED light (LED integrated)</FeatureReferenceName><FeatureHighlightRank>1</FeatureHighlightRank></FeatureHighlight><FeatureHighlight><FeatureCode>F400076495</FeatureCode><FeatureReferenceName>5 year warranty on LED system</FeatureReferenceName><FeatureHighlightRank>2</FeatureHighlightRank></FeatureHighlight><FeatureHighlight><FeatureCode>F400057635</FeatureCode><FeatureReferenceName>Warm white light (NEW lighting)</FeatureReferenceName><FeatureHighlightRank>3</FeatureHighlightRank></FeatureHighlight><FeatureHighlight><FeatureCode>F400047409</FeatureCode><FeatureReferenceName>Adjustable height (Peacock)</FeatureReferenceName><FeatureHighlightRank>4</FeatureHighlightRank></FeatureHighlight><FeatureHighlight><FeatureCode>F400026609</FeatureCode><FeatureReferenceName>Dimmable (LED)</FeatureReferenceName><FeatureHighlightRank>5</FeatureHighlightRank></FeatureHighlight><FeatureHighlight><FeatureCode>F400057627</FeatureCode><FeatureReferenceName>Energy saving (general NEW)</FeatureReferenceName><FeatureHighlightRank>6</FeatureHighlightRank></FeatureHighlight><FeatureHighlight><FeatureCode>F400057631</FeatureCode><FeatureReferenceName>Long operating life (15 yrs lighting)</FeatureReferenceName><FeatureHighlightRank>7</FeatureHighlightRank></FeatureHighlight><CSChapter><CSChapterCode>PLMCHP010</CSChapterCode><CSChapterName>Design en afwerking</CSChapterName><CSChapterRank>10</CSChapterRank><CSItem><CSItemCode>PLMITM010001</CSItemCode><CSItemName>Materiaal</CSItemName><CSItemRank>1</CSItemRank><CSItemIsFreeFormat>0</CSItemIsFreeFormat><CSValue><CSValueCode>PLMATR0105METAL</CSValueCode><CSValueName>metaal</CSValueName><CSValueRank>1</CSValueRank></CSValue><CSValue><CSValueCode>PLMATR0105AL</CSValueCode><CSValueName>aluminium</CSValueName><CSValueRank>2</CSValueRank></CSValue></CSItem><CSItem><CSItemCode>PLMITM010002</CSItemCode><CSItemName>Kleur</CSItemName><CSItemRank>2</CSItemRank><CSItemIsFreeFormat>0</CSItemIsFreeFormat><CSValue><CSValueCode>PLMATR018348</CSValueCode><CSValueName>aluminium</CSValueName><CSValueRank>1</CSValueRank></CSValue></CSItem></CSChapter><CSChapter><CSChapterCode>PLMCHP020</CSChapterCode><CSChapterName>Extra onderdeel/accessoire meegeleverd</CSChapterName><CSChapterRank>20</CSChapterRank><CSItem><CSItemCode>PLMITM0776F2001</CSItemCode><CSItemName>Dimbaar</CSItemName><CSItemRank>2</CSItemRank><CSItemIsFreeFormat>0</CSItemIsFreeFormat><CSValue><CSValueCode>PLMATR0776F2001YES</CSValueCode><CSValueName>JA</CSValueName><CSValueRank>1</CSValueRank></CSValue></CSItem><CSItem><CSItemCode>PLMITM0776FX006</CSItemCode><CSItemName>Ingebouwde LED</CSItemName><CSItemRank>4</CSItemRank><CSItemIsFreeFormat>0</CSItemIsFreeFormat><CSValue><CSValueCode>PLMATR0776FX006YES</CSValueCode><CSValueName>JA</CSValueName><CSValueRank>1</CSValueRank></CSValue></CSItem><CSItem><CSItemCode>PLMITM0776FX033</CSItemCode><CSItemName>Verstelbare hoogte</CSItemName><CSItemRank>5</CSItemRank><CSItemIsFreeFormat>0</CSItemIsFreeFormat><CSValue><CSValueCode>PLMATR0776FX033YES</CSValueCode><CSValueName>JA</CSValueName><CSValueRank>1</CSValueRank></CSValue></CSItem><CSItem><CSItemCode>PLMITM0776FX065</CSItemCode><CSItemName>5 jaar garantie</CSItemName><CSItemRank>6</CSItemRank><CSItemIsFreeFormat>0</CSItemIsFreeFormat><CSValue><CSValueCode>PLMATR0776FX065YES</CSValueCode><CSValueName>JA</CSValueName><CSValueRank>1</CSValueRank></CSValue></CSItem></CSChapter><CSChapter><CSChapterCode>PLMCHP030</CSChapterCode><CSChapterName>Afmetingen en gewicht van product</CSChapterName><CSChapterRank>30</CSChapterRank><CSItem><CSItemCode>PLMITM030002</CSItemCode><CSItemName>Minimale hoogte</CSItemName><CSItemRank>2</CSItemRank><CSItemIsFreeFormat>1</CSItemIsFreeFormat><CSValue><CSValueCode>VA4042310</CSValueCode><CSValueName>6,6</CSValueName><CSValueRank>1</CSValueRank></CSValue><UnitOfMeasure><UnitOfMeasureCode>3000039</UnitOfMeasureCode><UnitOfMeasureName>centimeter</UnitOfMeasureName><UnitOfMeasureSymbol>cm</UnitOfMeasureSymbol></UnitOfMeasure></CSItem><CSItem><CSItemCode>PLMITM030003</CSItemCode><CSItemName>Maximale hoogte</CSItemName><CSItemRank>3</CSItemRank><CSItemIsFreeFormat>1</CSItemIsFreeFormat><CSValue><CSValueCode>VA4042305</CSValueCode><CSValueName>150</CSValueName><CSValueRank>1</CSValueRank></CSValue><UnitOfMeasure><UnitOfMeasureCode>3000039</UnitOfMeasureCode><UnitOfMeasureName>centimeter</UnitOfMeasureName><UnitOfMeasureSymbol>cm</UnitOfMeasureSymbol></UnitOfMeasure></CSItem><CSItem><CSItemCode>PLMITM030004</CSItemCode><CSItemName>Lengte</CSItemName><CSItemRank>4</CSItemRank><CSItemIsFreeFormat>1</CSItemIsFreeFormat><CSValue><CSValueCode>VA4042309</CSValueCode><CSValueName>40</CSValueName><CSValueRank>1</CSValueRank></CSValue><UnitOfMeasure><UnitOfMeasureCode>3000039</UnitOfMeasureCode><UnitOfMeasureName>centimeter</UnitOfMeasureName><UnitOfMeasureSymbol>cm</UnitOfMeasureSymbol></UnitOfMeasure></CSItem><CSItem><CSItemCode>PLMITM030005</CSItemCode><CSItemName>Breedte</CSItemName><CSItemRank>5</CSItemRank><CSItemIsFreeFormat>1</CSItemIsFreeFormat><CSValue><CSValueCode>VA4042311</CSValueCode><CSValueName>40</CSValueName><CSValueRank>1</CSValueRank></CSValue><UnitOfMeasure><UnitOfMeasureCode>3000039</UnitOfMeasureCode><UnitOfMeasureName>centimeter</UnitOfMeasureName><UnitOfMeasureSymbol>cm</UnitOfMeasureSymbol></UnitOfMeasure></CSItem><CSItem><CSItemCode>PLMITM030006</CSItemCode><CSItemName>Nettogewicht</CSItemName><CSItemRank>6</CSItemRank><CSItemIsFreeFormat>1</CSItemIsFreeFormat><CSValue><CSValueCode>VA4042308</CSValueCode><CSValueName>1,990</CSValueName><CSValueRank>1</CSValueRank></CSValue><UnitOfMeasure><UnitOfMeasureCode>3000049</UnitOfMeasureCode><UnitOfMeasureName>kilogram</UnitOfMeasureName><UnitOfMeasureSymbol>kg</UnitOfMeasureSymbol></UnitOfMeasure></CSItem></CSChapter><CSChapter><CSChapterCode>PLMCHP040</CSChapterCode><CSChapterName>Technische specificaties</CSChapterName><CSChapterRank>40</CSChapterRank><CSItem><CSItemCode>PLMITM040001</CSItemCode><CSItemName>Netspanning</CSItemName><CSItemRank>1</CSItemRank><CSItemIsFreeFormat>0</CSItemIsFreeFormat><CSValue><CSValueCode>PLMATR0719220-240</CSValueCode><CSValueName>Bereik 220 V - 240 V</CSValueName><CSValueRank>1</CSValueRank></CSValue><CSValue><CSValueCode>PLMATR067350/60HZ</CSValueCode><CSValueName>50-60 Hz</CSValueName><CSValueRank>2</CSValueRank></CSValue></CSItem><CSItem><CSItemCode>PLMITM040002</CSItemCode><CSItemName>Lamptechnologie</CSItemName><CSItemRank>2</CSItemRank><CSItemIsFreeFormat>0</CSItemIsFreeFormat><CSValue><CSValueCode>PLMATRBOIBULB10131LED</CSValueCode><CSValueName>Led</CSValueName><CSValueRank>1</CSValueRank></CSValue><CSValue><CSValueCode>PLMATR0329SEL</CSValueCode><CSValueName>Safety Extra Low Voltage</CSValueName><CSValueRank>2</CSValueRank></CSValue></CSItem><CSItem><CSItemCode>PLMITM040003</CSItemCode><CSItemName>Aantal lampen</CSItemName><CSItemRank>3</CSItemRank><CSItemIsFreeFormat>1</CSItemIsFreeFormat><CSValue><CSValueCode>VA4042306</CSValueCode><CSValueName>8</CSValueName><CSValueRank>1</CSValueRank></CSValue></CSItem><CSItem><CSItemCode>PLMITM040005</CSItemCode><CSItemName>Wattage meegeleverde lamp</CSItemName><CSItemRank>5</CSItemRank><CSItemIsFreeFormat>0</CSItemIsFreeFormat><CSValue><CSValueCode>PLMATR04602_5</CSValueCode><CSValueName>2,5W</CSValueName><CSValueRank>1</CSValueRank></CSValue></CSItem><CSItem><CSItemCode>PLMITM040007</CSItemCode><CSItemName>Lichtkleur</CSItemName><CSItemRank>7</CSItemRank><CSItemIsFreeFormat>0</CSItemIsFreeFormat><CSValue><CSValueCode>PLMATRBOIBULB106242700_K</CSValueCode><CSValueName>warm wit</CSValueName><CSValueRank>1</CSValueRank></CSValue></CSItem><CSItem><CSItemCode>PLMITM0400011</CSItemCode><CSItemName>Totaal lumen armatuur</CSItemName><CSItemRank>11</CSItemRank><CSItemIsFreeFormat>0</CSItemIsFreeFormat><CSValue><CSValueCode>PLMATR10961500</CSValueCode><CSValueName>1500 lm</CSValueName><CSValueRank>1</CSValueRank></CSValue></CSItem><CSItem><CSItemCode>PLMITM0400013</CSItemCode><CSItemName>Dimbaar armatuur</CSItemName><CSItemRank>13</CSItemRank><CSItemIsFreeFormat>0</CSItemIsFreeFormat><CSValue><CSValueCode>PLMATR1075Y</CSValueCode><CSValueName>Ja</CSValueName><CSValueRank>1</CSValueRank></CSValue></CSItem><CSItem><CSItemCode>PLMITM0400014</CSItemCode><CSItemName>Led</CSItemName><CSItemRank>14</CSItemRank><CSItemIsFreeFormat>0</CSItemIsFreeFormat><CSValue><CSValueCode>PLMATR0814Y</CSValueCode><CSValueName>Ja</CSValueName><CSValueRank>1</CSValueRank></CSValue></CSItem><CSItem><CSItemCode>PLMITM0400018</CSItemCode><CSItemName>Levensduur tot</CSItemName><CSItemRank>18</CSItemRank><CSItemIsFreeFormat>1</CSItemIsFreeFormat><CSValue><CSValueCode>VA4094468</CSValueCode><CSValueName>15.000</CSValueName><CSValueRank>1</CSValueRank></CSValue><UnitOfMeasure><UnitOfMeasureCode>4000213</UnitOfMeasureCode><UnitOfMeasureName>uur</UnitOfMeasureName><UnitOfMeasureSymbol>uur</UnitOfMeasureSymbol></UnitOfMeasure></CSItem><CSItem><CSItemCode>PLMITM040026</CSItemCode><CSItemName>IP-classificatie</CSItemName><CSItemRank>26</CSItemRank><CSItemIsFreeFormat>0</CSItemIsFreeFormat><CSValue><CSValueCode>PLMATR0290IP20</CSValueCode><CSValueName>IP20</CSValueName><CSValueRank>1</CSValueRank></CSValue><CSValue><CSValueCode>PLMATR0290IP20-2</CSValueCode><CSValueName>bestand tegen voorwerpen groter dan 12,5 mm</CSValueName><CSValueRank>2</CSValueRank></CSValue><CSValue><CSValueCode>PLMATR0290IP20-3</CSValueCode><CSValueName>niet bestand tegen water</CSValueName><CSValueRank>3</CSValueRank></CSValue></CSItem><CSItem><CSItemCode>PLMITM040027</CSItemCode><CSItemName>Beschermingsklasse</CSItemName><CSItemRank>27</CSItemRank><CSItemIsFreeFormat>0</CSItemIsFreeFormat><CSValue><CSValueCode>PLMATR0289I</CSValueCode><CSValueName>I - geaard</CSValueName><CSValueRank>1</CSValueRank></CSValue></CSItem><CSItem><CSItemCode>PLMITM0400051</CSItemCode><CSItemName>Lichtbron equivalent aan traditionele lamp van</CSItemName><CSItemRank>51</CSItemRank><CSItemIsFreeFormat>1</CSItemIsFreeFormat><CSValue><CSValueCode>VA4081551</CSValueCode><CSValueName>26</CSValueName><CSValueRank>1</CSValueRank></CSValue><UnitOfMeasure><UnitOfMeasureCode>3000072</UnitOfMeasureCode><UnitOfMeasureName>watt</UnitOfMeasureName><UnitOfMeasureSymbol>W</UnitOfMeasureSymbol></UnitOfMeasure></CSItem></CSChapter><CSChapter><CSChapterCode>PLMCHP050</CSChapterCode><CSChapterName>Service</CSChapterName><CSChapterRank>50</CSChapterRank><CSItem><CSItemCode>PLMITM050001</CSItemCode><CSItemName>Garantie</CSItemName><CSItemRank>1</CSItemRank><CSItemIsFreeFormat>0</CSItemIsFreeFormat><CSValue><CSValueCode>PLMATR02985</CSValueCode><CSValueName>5 jaar</CSValueName><CSValueRank>1</CSValueRank></CSValue></CSItem></CSChapter><CSChapter><CSChapterCode>PLMCHP060</CSChapterCode><CSChapterName>Afmetingen en gewicht inclusief verpakking</CSChapterName><CSChapterRank>60</CSChapterRank><CSItem><CSItemCode>PLMITM060001</CSItemCode><CSItemName>Hoogte</CSItemName><CSItemRank>1</CSItemRank><CSItemIsFreeFormat>1</CSItemIsFreeFormat><CSValue><CSValueCode>VA4042312</CSValueCode><CSValueName>45,3</CSValueName><CSValueRank>1</CSValueRank></CSValue><UnitOfMeasure><UnitOfMeasureCode>3000039</UnitOfMeasureCode><UnitOfMeasureName>centimeter</UnitOfMeasureName><UnitOfMeasureSymbol>cm</UnitOfMeasureSymbol></UnitOfMeasure></CSItem><CSItem><CSItemCode>PLMITM060002</CSItemCode><CSItemName>Lengte</CSItemName><CSItemRank>2</CSItemRank><CSItemIsFreeFormat>1</CSItemIsFreeFormat><CSValue><CSValueCode>VA4042313</CSValueCode><CSValueName>42,8</CSValueName><CSValueRank>1</CSValueRank></CSValue><UnitOfMeasure><UnitOfMeasureCode>3000039</UnitOfMeasureCode><UnitOfMeasureName>centimeter</UnitOfMeasureName><UnitOfMeasureSymbol>cm</UnitOfMeasureSymbol></UnitOfMeasure></CSItem><CSItem><CSItemCode>PLMITM060003</CSItemCode><CSItemName>Breedte</CSItemName><CSItemRank>3</CSItemRank><CSItemIsFreeFormat>1</CSItemIsFreeFormat><CSValue><CSValueCode>VA4042307</CSValueCode><CSValueName>5,8</CSValueName><CSValueRank>1</CSValueRank></CSValue><UnitOfMeasure><UnitOfMeasureCode>3000039</UnitOfMeasureCode><UnitOfMeasureName>centimeter</UnitOfMeasureName><UnitOfMeasureSymbol>cm</UnitOfMeasureSymbol></UnitOfMeasure></CSItem><CSItem><CSItemCode>PLMITM060004</CSItemCode><CSItemName>Gewicht</CSItemName><CSItemRank>4</CSItemRank><CSItemIsFreeFormat>1</CSItemIsFreeFormat><CSValue><CSValueCode>VA4042304</CSValueCode><CSValueName>2,515</CSValueName><CSValueRank>1</CSValueRank></CSValue><UnitOfMeasure><UnitOfMeasureCode>3000049</UnitOfMeasureCode><UnitOfMeasureName>kilogram</UnitOfMeasureName><UnitOfMeasureSymbol>kg</UnitOfMeasureSymbol></UnitOfMeasure></CSItem></CSChapter><CSChapter><CSChapterCode>PLMCHP070</CSChapterCode><CSChapterName>Diversen</CSChapterName><CSChapterRank>70</CSChapterRank><CSItem><CSItemCode>PLMITM070001</CSItemCode><CSItemName>Speciaal ontworpen voor</CSItemName><CSItemRank>1</CSItemRank><CSItemIsFreeFormat>0</CSItemIsFreeFormat><CSValue><CSValueCode>PLMATR0970L_B</CSValueCode><CSValueName>Woonkamer/slaapkamer</CSValueName><CSValueRank>1</CSValueRank></CSValue></CSItem><CSItem><CSItemCode>PLMITM070002</CSItemCode><CSItemName>Stijl</CSItemName><CSItemRank>2</CSItemRank><CSItemIsFreeFormat>0</CSItemIsFreeFormat><CSValue><CSValueCode>PLMATR0628CON</CSValueCode><CSValueName>Modern</CSValueName><CSValueRank>1</CSValueRank></CSValue></CSItem><CSItem><CSItemCode>PLMITM070003</CSItemCode><CSItemName>Type</CSItemName><CSItemRank>3</CSItemRank><CSItemIsFreeFormat>0</CSItemIsFreeFormat><CSValue><CSValueCode>PLMATR0830SUSP</CSValueCode><CSValueName>Hanglamp</CSValueName><CSValueRank>1</CSValueRank></CSValue></CSItem></CSChapter><Filters><Purpose type="Comparison"><Features><Feature code="F400057628" rank="1" referenceName="High quality LED light (LED integrated)"/><Feature code="F400076495" rank="2" referenceName="5 year warranty on LED system"/><Feature code="F400057635" rank="3" referenceName="Warm white light (NEW lighting)"/><Feature code="F400047409" rank="4" referenceName="Adjustable height (Peacock)"/><Feature code="F400026609" rank="5" referenceName="Dimmable (LED)"/><Feature code="F400057627" rank="6" referenceName="Energy saving (general NEW)"/><Feature code="F400057631" rank="7" referenceName="Long operating life (15 yrs lighting)"/></Features><CSItems><CSItem code="PLMITM010001" rank="1" referenceName="Design en afwerking - Materiaal"/><CSItem code="PLMITM040001" rank="1" referenceName="Technische specificaties - Netspanning"/><CSItem code="PLMITM050001" rank="1" referenceName="Service - Garantie"/><CSItem code="PLMITM060001" rank="1" referenceName="Afmetingen en gewicht inclusief verpakking - Hoogte"/><CSItem code="PLMITM070001" rank="1" referenceName="Diversen - Speciaal ontworpen voor"/><CSItem code="PLMITM010002" rank="2" referenceName="Design en afwerking - Kleur"/><CSItem code="PLMITM0776F2001" rank="2" referenceName="Extra onderdeel/accessoire meegeleverd - Dimbaar"/><CSItem code="PLMITM030002" rank="2" referenceName="Afmetingen en gewicht van product - Minimale hoogte"/><CSItem code="PLMITM040002" rank="2" referenceName="Technische specificaties - Lamptechnologie"/><CSItem code="PLMITM060002" rank="2" referenceName="Afmetingen en gewicht inclusief verpakking - Lengte"/><CSItem code="PLMITM070002" rank="2" referenceName="Diversen - Stijl"/><CSItem code="PLMITM030003" rank="3" referenceName="Afmetingen en gewicht van product - Maximale hoogte"/><CSItem code="PLMITM040003" rank="3" referenceName="Technische specificaties - Aantal lampen"/><CSItem code="PLMITM060003" rank="3" referenceName="Afmetingen en gewicht inclusief verpakking - Breedte"/><CSItem code="PLMITM070003" rank="3" referenceName="Diversen - Type"/><CSItem code="PLMITM0776FX006" rank="4" referenceName="Extra onderdeel/accessoire meegeleverd - Ingebouwde LED"/><CSItem code="PLMITM030004" rank="4" referenceName="Afmetingen en gewicht van product - Lengte"/><CSItem code="PLMITM060004" rank="4" referenceName="Afmetingen en gewicht inclusief verpakking - Gewicht"/><CSItem code="PLMITM0776FX033" rank="5" referenceName="Extra onderdeel/accessoire meegeleverd - Verstelbare hoogte"/><CSItem code="PLMITM030005" rank="5" referenceName="Afmetingen en gewicht van product - Breedte"/><CSItem code="PLMITM040005" rank="5" referenceName="Technische specificaties - Wattage meegeleverde lamp"/><CSItem code="PLMITM0776FX065" rank="6" referenceName="Extra onderdeel/accessoire meegeleverd - 5 jaar garantie"/><CSItem code="PLMITM030006" rank="6" referenceName="Afmetingen en gewicht van product - Nettogewicht"/><CSItem code="PLMITM040007" rank="7" referenceName="Technische specificaties - Lichtkleur"/><CSItem code="PLMITM0400011" rank="11" referenceName="Technische specificaties - Totaal lumen armatuur"/><CSItem code="PLMITM0400013" rank="13" referenceName="Technische specificaties - Dimbaar armatuur"/><CSItem code="PLMITM0400014" rank="14" referenceName="Technische specificaties - Led"/><CSItem code="PLMITM0400018" rank="18" referenceName="Technische specificaties - Levensduur tot"/><CSItem code="PLMITM040026" rank="26" referenceName="Technische specificaties - IP-classificatie"/><CSItem code="PLMITM040027" rank="27" referenceName="Technische specificaties - Beschermingsklasse"/><CSItem code="PLMITM0400051" rank="51" referenceName="Technische specificaties - Lichtbron equivalent aan traditionele lamp van"/></CSItems></Purpose><Purpose type="Detail"><Features><Feature code="F400057628" rank="1" referenceName="High quality LED light (LED integrated)"/><Feature code="F400076495" rank="2" referenceName="5 year warranty on LED system"/><Feature code="F400057635" rank="3" referenceName="Warm white light (NEW lighting)"/><Feature code="F400047409" rank="4" referenceName="Adjustable height (Peacock)"/><Feature code="F400026609" rank="5" referenceName="Dimmable (LED)"/><Feature code="F400057627" rank="6" referenceName="Energy saving (general NEW)"/><Feature code="F400057631" rank="7" referenceName="Long operating life (15 yrs lighting)"/></Features><CSItems><CSItem code="PLMITM010001" rank="1" referenceName="Design en afwerking - Materiaal"/><CSItem code="PLMITM040001" rank="1" referenceName="Technische specificaties - Netspanning"/><CSItem code="PLMITM050001" rank="1" referenceName="Service - Garantie"/><CSItem code="PLMITM060001" rank="1" referenceName="Afmetingen en gewicht inclusief verpakking - Hoogte"/><CSItem code="PLMITM070001" rank="1" referenceName="Diversen - Speciaal ontworpen voor"/><CSItem code="PLMITM010002" rank="2" referenceName="Design en afwerking - Kleur"/><CSItem code="PLMITM0776F2001" rank="2" referenceName="Extra onderdeel/accessoire meegeleverd - Dimbaar"/><CSItem code="PLMITM030002" rank="2" referenceName="Afmetingen en gewicht van product - Minimale hoogte"/><CSItem code="PLMITM040002" rank="2" referenceName="Technische specificaties - Lamptechnologie"/><CSItem code="PLMITM060002" rank="2" referenceName="Afmetingen en gewicht inclusief verpakking - Lengte"/><CSItem code="PLMITM070002" rank="2" referenceName="Diversen - Stijl"/><CSItem code="PLMITM030003" rank="3" referenceName="Afmetingen en gewicht van product - Maximale hoogte"/><CSItem code="PLMITM040003" rank="3" referenceName="Technische specificaties - Aantal lampen"/><CSItem code="PLMITM060003" rank="3" referenceName="Afmetingen en gewicht inclusief verpakking - Breedte"/><CSItem code="PLMITM070003" rank="3" referenceName="Diversen - Type"/><CSItem code="PLMITM0776FX006" rank="4" referenceName="Extra onderdeel/accessoire meegeleverd - Ingebouwde LED"/><CSItem code="PLMITM030004" rank="4" referenceName="Afmetingen en gewicht van product - Lengte"/><CSItem code="PLMITM060004" rank="4" referenceName="Afmetingen en gewicht inclusief verpakking - Gewicht"/><CSItem code="PLMITM0776FX033" rank="5" referenceName="Extra onderdeel/accessoire meegeleverd - Verstelbare hoogte"/><CSItem code="PLMITM030005" rank="5" referenceName="Afmetingen en gewicht van product - Breedte"/><CSItem code="PLMITM040005" rank="5" referenceName="Technische specificaties - Wattage meegeleverde lamp"/><CSItem code="PLMITM0776FX065" rank="6" referenceName="Extra onderdeel/accessoire meegeleverd - 5 jaar garantie"/><CSItem code="PLMITM030006" rank="6" referenceName="Afmetingen en gewicht van product - Nettogewicht"/><CSItem code="PLMITM040007" rank="7" referenceName="Technische specificaties - Lichtkleur"/><CSItem code="PLMITM0400011" rank="11" referenceName="Technische specificaties - Totaal lumen armatuur"/><CSItem code="PLMITM0400013" rank="13" referenceName="Technische specificaties - Dimbaar armatuur"/><CSItem code="PLMITM0400014" rank="14" referenceName="Technische specificaties - Led"/><CSItem code="PLMITM0400018" rank="18" referenceName="Technische specificaties - Levensduur tot"/><CSItem code="PLMITM040026" rank="26" referenceName="Technische specificaties - IP-classificatie"/><CSItem code="PLMITM040027" rank="27" referenceName="Technische specificaties - Beschermingsklasse"/><CSItem code="PLMITM0400051" rank="51" referenceName="Technische specificaties - Lichtbron equivalent aan traditionele lamp van"/></CSItems></Purpose></Filters><FeatureCompareGroups/><Disclaimers/><RichTexts/></Product></Products>