<?xml version="1.0" encoding="UTF-8"?><Products xmlns:source="http://apache.org/cocoon/source/1.0" DocStatus="approved" DocTimeStamp="2018-10-20T07:18:48"><Product Country="NL" IsAccessory="false" IsLocalized="true" IsMaster="false" Locale="nl_NL" lastModified="2018-10-20T04:44:09" masterLastModified="2018-09-29T00:38:20"><CTN>328E9FJAB/00</CTN><Code12NC>867000151362</Code12NC><GTIN>8712581750039</GTIN><MarketingVersion>6.0.1</MarketingVersion><MarketingStatus>Final Published</MarketingStatus><CRDate>2018-03-16</CRDate><CRDateYW>201811</CRDateYW><ModelYears><ModelYear>2018</ModelYear><ModelYear>2019</ModelYear></ModelYears><ProductDivision><ProductDivisionCode>0200</ProductDivisionCode><ProductDivisionName>Consumer Lifestyle</ProductDivisionName><FormerPDCode>3400</FormerPDCode></ProductDivision><ProductOwner>Jessica Chang</ProductOwner><DTN>328E9FJAB/00</DTN><Catalog><StartOfPublication>2018-04-16T00:00:00</StartOfPublication><EndOfPublication>2025-07-16T00:00:00</EndOfPublication><StartOfSales>2018-04-16T00:00:00</StartOfSales><EndOfSales>2025-07-16T00:00:00</EndOfSales><DummyPrice/><Deleted>false</Deleted><DeleteAfterDate/><ProductRank>50</ProductRank></Catalog><FinancialCategorization><BusinessGroupCode>6918</BusinessGroupCode><BusinessGroupName>TV</BusinessGroupName><BusinessUnitCode>0655</BusinessUnitCode><BusinessUnitName>Monitors</BusinessUnitName><MainArticleGroupCode>J89</MainArticleGroupCode><MainArticleGroupName>Monitors</MainArticleGroupName><ArticleGroupCode>3789</ArticleGroupCode><ArticleGroupName>Monitors global</ArticleGroupName></FinancialCategorization><Categorization type="CONSUMER"><GroupCode>SOUND_AND_VISION_GR</GroupCode><GroupName>Sound &amp; vision</GroupName><CategoryCode>SV_MONITORS_CA</CategoryCode><CategoryName>Monitors</CategoryName><SubcategoryCode>CURVED_SU</SubcategoryCode><SubcategoryName>Curved</SubcategoryName></Categorization><Assets><Asset code="328E9FJAB_00" description="Leaflet" extension="pdf" lastModified="2018-08-23" locale="nl_NL" number="001" type="PSS">http://download.p4c.philips.com/files/3/328e9fjab_00/328e9fjab_00_pss_nldnl.pdf</Asset><Asset code="328E9FJAB_00" description="Retail Trade Leaflet" extension="pdf" lastModified="2018-10-05" locale="nl_NL" number="001" type="RTL">http://download.p4c.philips.com/files/3/328e9fjab_00/328e9fjab_00_rtl_nldnl.pdf</Asset><Asset code="328E9FJAB_00" description="Leaflet" extension="pdf" lastModified="2018-10-01" locale="global" number="001" type="PSS">http://download.p4c.philips.com/files/3/328e9fjab_00/328e9fjab_00_pss_.pdf</Asset><Asset code="328E9FJAB_00" description="Single product shot" extension="" lastModified="2018-10-20" locale="nl_NL" number="" type="IMS">http://images.philips.com/is/image/PhilipsConsumer/328E9FJAB_00-IMS-nl_NL</Asset><Asset code="328E9FJAB_00" description="Product gallery image set" extension="" lastModified="2018-10-20" locale="nl_NL" number="" type="GAL">http://images.philips.com/is/image/PhilipsConsumer/328E9FJAB_00-GAL-nl_NL</Asset><Asset code="328E9FJAB_00" description="Product URL" extension="" lastModified="2018-10-20" locale="nl_NL" number="" type="URL">http://www.philips.nl/c-p/328E9FJAB_00/gebogen-lcd-monitor-met-ultra-wide-color</Asset><Asset code="F300004082" description="Feature logo - highres 331x213" extension="tif" lastModified="2017-11-15" locale="global" number="001" type="FLP">http://images.philips.com/is/image/PhilipsConsumer/F300004082-FLP-global-001</Asset><Asset code="F400016234" description="Feature photograph - highres 2100x1170" extension="tif" lastModified="2017-10-31" locale="global" number="001" type="FIL">http://images.philips.com/is/image/PhilipsConsumer/F400016234-FIL-global-001</Asset><Asset code="F400016234" description="Feature logo - highres 331x213" extension="tif" lastModified="2010-07-21" locale="global" number="001" type="FLP">http://images.philips.com/is/image/PhilipsConsumer/F400016234-FLP-global-001</Asset><Asset code="F400029739" description="Feature logo - highres 331x213" extension="tif" lastModified="2013-04-01" locale="global" number="001" type="FLP">http://images.philips.com/is/image/PhilipsConsumer/F400029739-FLP-global-001</Asset><Asset code="F400035281" description="Feature logo - highres 331x213" extension="tif" lastModified="2016-07-20" locale="global" number="001" type="FLP">http://images.philips.com/is/image/PhilipsConsumer/F400035281-FLP-global-001</Asset><Asset code="F400047611" description="Feature logo - highres 331x213" extension="tif" lastModified="2017-11-15" locale="global" number="001" type="FLP">http://images.philips.com/is/image/PhilipsConsumer/F400047611-FLP-global-001</Asset><Asset code="F400047611" description="Feature movie (with spoken or written text)" extension="flv" lastModified="2013-05-07" locale="nl_NL" number="001" type="FML">F400047611-FML-nl_NL-001.flv</Asset><Asset code="F400047687" description="Feature photograph - highres 2100x1170" extension="tif" lastModified="2015-04-08" locale="global" number="001" type="FIL">http://images.philips.com/is/image/PhilipsConsumer/F400047687-FIL-global-001</Asset><Asset code="F400048758" description="Feature logo - highres 331x213" extension="tif" lastModified="2015-08-26" locale="global" number="001" type="FLP">http://images.philips.com/is/image/PhilipsConsumer/F400048758-FLP-global-001</Asset><Asset code="F400064766" description="Feature photograph - highres 2100x1170" extension="tif" lastModified="2013-12-28" locale="global" number="001" type="FIL">http://images.philips.com/is/image/PhilipsConsumer/F400064766-FIL-global-001</Asset><Asset code="F400064766" description="Feature logo - highres 331x213" extension="tif" lastModified="2013-12-28" locale="global" number="001" type="FLP">http://images.philips.com/is/image/PhilipsConsumer/F400064766-FLP-global-001</Asset><Asset code="F400067665" description="Feature photograph - highres 2100x1170" extension="tif" lastModified="2017-10-31" locale="global" number="001" type="FIL">http://images.philips.com/is/image/PhilipsConsumer/F400067665-FIL-global-001</Asset><Asset code="F400067665" description="Feature logo - highres 331x213" extension="tif" lastModified="2017-11-15" locale="global" number="001" type="FLP">http://images.philips.com/is/image/PhilipsConsumer/F400067665-FLP-global-001</Asset><Asset code="F400071117" description="Feature photograph - highres 2100x1170" extension="tif" lastModified="2015-05-20" locale="global" number="001" type="FIL">http://images.philips.com/is/image/PhilipsConsumer/F400071117-FIL-global-001</Asset><Asset code="F400071117" description="Feature logo - highres 331x213" extension="tif" lastModified="2015-05-08" locale="global" number="001" type="FLP">http://images.philips.com/is/image/PhilipsConsumer/F400071117-FLP-global-001</Asset><Asset code="F400074029" description="Feature photograph - highres 2100x1170" extension="tif" lastModified="2017-03-31" locale="global" number="001" type="FIL">http://images.philips.com/is/image/PhilipsConsumer/F400074029-FIL-global-001</Asset><Asset code="F400074029" description="Feature logo - highres 331x213" extension="tif" lastModified="2015-06-02" locale="global" number="001" type="FLP">http://images.philips.com/is/image/PhilipsConsumer/F400074029-FLP-global-001</Asset><Asset code="F400078908" description="Feature photograph - highres 2100x1170" extension="tif" lastModified="2016-11-22" locale="global" number="001" type="FIL">http://images.philips.com/is/image/PhilipsConsumer/F400078908-FIL-global-001</Asset><Asset code="F400078908" description="Feature logo - highres 331x213" extension="tif" lastModified="2016-11-22" locale="global" number="001" type="FLP">http://images.philips.com/is/image/PhilipsConsumer/F400078908-FLP-global-001</Asset><Asset code="F400078929" description="Feature photograph - highres 2100x1170" extension="tif" lastModified="2017-10-31" locale="global" number="001" type="FIL">http://images.philips.com/is/image/PhilipsConsumer/F400078929-FIL-global-001</Asset><Asset code="F400078929" description="Feature logo - highres 331x213" extension="tif" lastModified="2017-11-15" locale="global" number="001" type="FLP">http://images.philips.com/is/image/PhilipsConsumer/F400078929-FLP-global-001</Asset><Asset code="F400079049" description="Feature photograph - highres 2100x1170" extension="tif" lastModified="2017-10-31" locale="global" number="001" type="FIL">http://images.philips.com/is/image/PhilipsConsumer/F400079049-FIL-global-001</Asset><Asset code="F400079049" description="Feature logo - highres 331x213" extension="tif" lastModified="2018-09-14" locale="global" number="001" type="FLP">http://images.philips.com/is/image/PhilipsConsumer/F400079049-FLP-global-001</Asset><Asset code="F400079302" description="Feature photograph - highres 2100x1170" extension="tif" lastModified="2016-06-15" locale="global" number="001" type="FIL">http://images.philips.com/is/image/PhilipsConsumer/F400079302-FIL-global-001</Asset><Asset code="F400079302" description="Feature logo - highres 331x213" extension="tif" lastModified="2016-06-15" locale="global" number="001" type="FLP">http://images.philips.com/is/image/PhilipsConsumer/F400079302-FLP-global-001</Asset><Asset code="PHI" description="Brand logo - highres 1476x886" extension="tif" lastModified="2016-02-18" locale="global" number="001" type="BRP">http://images.philips.com/is/image/PhilipsConsumer/PHI-BRP-global-001</Asset></Assets><ProductName>E-line, gebogen LCD-monitor met Ultra Wide-Color</ProductName><FullProductName>Philips Gebogen LCD-monitor met Ultra Wide-Color 328E9FJAB E Line 32 (80 cm (31,5") diag.) Quad HD (2560 x 1440)</FullProductName><NamingString><MasterBrand><BrandCode>PHI</BrandCode><BrandName>Philips</BrandName></MasterBrand><BrandString>Philips</BrandString><Descriptor><DescriptorCode>D4028656</DescriptorCode><DescriptorName>Gebogen LCD-monitor met Ultra Wide-Color</DescriptorName></Descriptor><Alphanumeric>328E9FJAB</Alphanumeric><VersionElement1><VersionElementCode>V4013896</VersionElementCode><VersionElementName>E Line</VersionElementName></VersionElement1><VersionElement2><VersionElementCode>V4042988</VersionElementCode><VersionElementName>32 (80 cm / 31,5" diag.)</VersionElementName></VersionElement2><VersionElement3><VersionElementCode>V4037593</VersionElementCode><VersionElementName>Quad HD (2560 x 1440)</VersionElementName></VersionElement3><VersionString>E Line 32 (80 cm (31,5") diag.) Quad HD (2560 x 1440)</VersionString><BrandedFeatureString/><DescriptorBrandedFeatureString>Gebogen LCD-monitor met Ultra Wide-Color</DescriptorBrandedFeatureString></NamingString><WOW>Prachtige kleuren, ultiem kijkgenot</WOW><SubWOW>Met kristalheldere details</SubWOW><MarketingTextHeader>Ga helemaal op in uw werk met Philips gebogen monitors. De 32 inch gebogen E line-monitor biedt een echt meeslepende ervaring met kristalheldere QHD-beeldkwaliteit. Ultra Wide-Color biedt kleuren die uw beelden echt tot leven brengen!</MarketingTextHeader><KeyBenefitArea><KeyBenefitAreaCode>K4031311</KeyBenefitAreaCode><KeyBenefitAreaName>Gebogen design geïnspireerd door de wereld om ons heen</KeyBenefitAreaName><KeyBenefitAreaRank>1</KeyBenefitAreaRank><Feature><FeatureCode>F400071117</FeatureCode><FeatureReferenceName>Curved display design for more immersive experience</FeatureReferenceName><FeatureName>Gebogen scherm-design</FeatureName><FeatureLongDescription>Gebogen scherm-design voor intensere ervaring</FeatureLongDescription><FeatureGlossary>Desktopmonitoren bieden een persoonlijke gebruikerservaring, waar een gebogen design zeer goed bij aansluit. Het gebogen scherm zorgt voor een aangenaam, maar subtiel effect, waarbij al uw aandacht uitgaat naar het scherm midden op uw bureau.</FeatureGlossary><FeatureRank>1</FeatureRank><FeatureTopRank>1</FeatureTopRank></Feature></KeyBenefitArea><KeyBenefitArea><KeyBenefitAreaCode>K4019514</KeyBenefitAreaCode><KeyBenefitAreaName>Superieure beeldkwaliteit</KeyBenefitAreaName><KeyBenefitAreaRank>2</KeyBenefitAreaRank><Feature><FeatureCode>F400078908</FeatureCode><FeatureReferenceName>Ultra Wide-Color Technology</FeatureReferenceName><FeatureName>Ultra Wide-Color-technologie</FeatureName><FeatureLongDescription>Ultra Wide-Color met nog meer kleuren voor een levendig beeld</FeatureLongDescription><FeatureGlossary>Ultra Wide-Color-technologie levert een breder spectrum aan kleuren voor een schitterend beeld. Het bredere 'kleurengamma' van Ultra Wide-Color produceert meer natuurlijk uitziend groen, levendiger rood en dieper blauw. Breng mediaentertainment, afbeeldingen en zelfs productiviteit tot leven met de intense kleuren van de Ultra Wide-Color-technologie.</FeatureGlossary><FeatureRank>1</FeatureRank><FeatureTopRank>2</FeatureTopRank></Feature><Feature><FeatureCode>F400079302</FeatureCode><FeatureReferenceName>VA display_178</FeatureReferenceName><FeatureName>VA-monitor</FeatureName><FeatureLongDescription>VA-monitor voor fantastische beelden met brede kijkhoek</FeatureLongDescription><FeatureGlossary>De Philips VA LED-monitor gebruikt de Advanced Multi-Domain Vertical Alignment-technologie waardoor u zeer hoge contrastverhoudingen krijgt voor extra levendige en heldere beelden. De monitor verwerkt standaardkantoortoepassingen zonder problemen, maar hij is vooral geschikt voor foto's, surfen op internet, films, games en veeleisende grafische toepassingen. Dankzij de geoptimaliseerde pixelbeheertechnologie ontstaat er een extra brede kijkhoek van 178/178 graden, zodat u geniet van scherpe beelden.</FeatureGlossary><FeatureRank>2</FeatureRank><FeatureTopRank>3</FeatureTopRank></Feature><Feature><FeatureCode>F400048758</FeatureCode><FeatureReferenceName>Crystalclear Quad HD</FeatureReferenceName><FeatureName>Kristalheldere beelden</FeatureName><FeatureLongDescription>Kristalheldere beelden met Quad HD 2560 x 1440 pixels</FeatureLongDescription><FeatureGlossary>Deze modernste Philips-beeldschermen bieden kristalheldere, Quad HD beelden van 2560 x 1440 of 2560 x 1080 pixels. Uw beelden komen tot leven door de hoge prestaties en de grote pixeldichtheid. De beelden kunnen afkomstig zijn van verbindingen met hoge bandbreedte zoals DisplayPort, HDMI of Dual link DVI. Of u nu een veeleisende professional bent die extreem gedetailleerde informatie voor zijn CAD-CAM toepassingen nodig heeft of die grafische 3D-toepassingen gebruikt, of een financieel expert bent die met enorme spreadsheets werkt, Philips-displays geven u een kristalhelder beeld.</FeatureGlossary><FeatureRank>3</FeatureRank><FeatureTopRank>4</FeatureTopRank></Feature><Feature><FeatureCode>F400074029</FeatureCode><FeatureReferenceName>AMD FreeSync™ technology</FeatureReferenceName><FeatureName>Ultravloeiend gamen</FeatureName><FeatureLongDescription>Vloeiende gameplay met AMD FreeSync™-technologie</FeatureLongDescription><FeatureGlossary>Gaming hoort geen keuze te zijn tussen stotterende gameplay en haperende frames. Met de nieuwe Philips-monitor hoeft u die keuze niet meer te maken. Geniet van vloeiende, artefactvrije prestaties bij vrijwel elke framesnelheid met AMD FreeSync™-technologie, de soepele en snelle verversing en de uiterst snelle reactietijd.</FeatureGlossary><FeatureRank>4</FeatureRank><FeatureTopRank>5</FeatureTopRank></Feature></KeyBenefitArea><KeyBenefitArea><KeyBenefitAreaCode>K4031312</KeyBenefitAreaCode><KeyBenefitAreaName>Functies die voor u zijn ontworpen</KeyBenefitAreaName><KeyBenefitAreaRank>3</KeyBenefitAreaRank><Feature><FeatureCode>F400079049</FeatureCode><FeatureReferenceName>UltraNarrow Border_3 sides frameless</FeatureReferenceName><FeatureName>Ultradunne rand</FeatureName><FeatureLongDescription>Scherm met smalle rand voor een naadloos uiterlijk</FeatureLongDescription><FeatureGlossary>De nieuwe Philips-schermen hebben zeer smalle randen die zorgen voor minimale afleiding en een maximale kijkgrootte. Deze schermen zijn bij uitstek geschikt voor opstellingen met meerdere schermen zoals bij gaming, grafisch ontwerp of professionele toepassingen. Dankzij de zeer smalle rand hebt u het gevoel dat u één groot scherm gebruikt.</FeatureGlossary><FeatureRank>1</FeatureRank><FeatureTopRank>6</FeatureTopRank></Feature><Feature><FeatureCode>F400067665</FeatureCode><FeatureReferenceName>Flicker-free technology</FeatureReferenceName><FeatureName>Trillingsvrije technologie</FeatureName><FeatureLongDescription>Minder vermoeide ogen met trillingsvrije technologie</FeatureLongDescription><FeatureGlossary>Door de manier waarop de helderheid wordt aangestuurd op schermen met LED-achtergrondverlichting ervaren sommige gebruikers trillingen op het scherm die vermoeide ogen veroorzaken. Trillingsvrije technologie van Philips biedt een nieuwe oplossing voor het reguleren van de helderheid en het verminderen van trillingen voor meer kijkplezier.</FeatureGlossary><FeatureRank>2</FeatureRank><FeatureTopRank>7</FeatureTopRank></Feature><Feature><FeatureCode>F400078929</FeatureCode><FeatureReferenceName>LowBlue Mode</FeatureReferenceName><FeatureName>LowBlue-modus</FeatureName><FeatureLongDescription>LowBlue-modus voor oogvriendelijke productiviteit</FeatureLongDescription><FeatureGlossary>Onderzoek heeft aangetoond dat de blauwe lichtstralen met een korte golflengte van LED-displays, net als ultravioletstralen, na een tijdje uw ogen kunnen beschadigen en uw gezichtsvermogen kunnen aantasten. De LowBlue-modus van Philips is ontwikkeld voor uw welzijn en maakt gebruik van slimme softwaretechnologie om schadelijk blauw licht met een korte golflengte te verminderen.</FeatureGlossary><FeatureRank>3</FeatureRank><FeatureTopRank>8</FeatureTopRank></Feature><Feature><FeatureCode>F400035281</FeatureCode><FeatureReferenceName>Built-in stereo speakers for multimedia</FeatureReferenceName><FeatureName>Ingebouwde stereoluidsprekers</FeatureName><FeatureLongDescription>Ingebouwde stereoluidsprekers voor multimedia</FeatureLongDescription><FeatureGlossary>Er zijn twee stereoluidsprekers van hoge kwaliteit geïntegreerd in het beeldscherm. Deze kunnen in het zicht naar voren of uit het zicht omlaag, omhoog, naar achteren, enz. gericht zijn, afhankelijk van het model en het ontwerp.</FeatureGlossary><FeatureRank>6</FeatureRank><FeatureTopRank>9</FeatureTopRank></Feature><Feature><FeatureCode>F400047687</FeatureCode><FeatureReferenceName>HDMI ready_B2B</FeatureReferenceName><FeatureName>HDMI Ready</FeatureName><FeatureLongDescription>HDMI biedt een universele digitale verbinding</FeatureLongDescription><FeatureGlossary>Een HDMI Ready apparaat bevat alle benodigde hardware voor High-Definition Multimedia Interface-invoer (HDMI). Een HDMI-kabel zorgt voor hoogwaardige digitale video- en audiosignalen die allemaal door één kabel worden verzonden van een PC of een willekeurig aantal AV-bronnen (zoals set-top boxes, DVD-spelers, A/V-ontvangers en videocamera's).</FeatureGlossary><FeatureRank>4</FeatureRank><FeatureTopRank>10</FeatureTopRank></Feature><Feature><FeatureCode>F400064766</FeatureCode><FeatureReferenceName>DisplayPort connection for maximum visuals</FeatureReferenceName><FeatureName>DisplayPort-aansluiting</FeatureName><FeatureLongDescription>DisplayPort-aansluiting voor het beste beeld</FeatureLongDescription><FeatureGlossary>DisplayPort is een digitale koppeling tussen de PC en monitor, zonder conversie. Met ondersteuning voor kabels van maximaal 15 meter en een gegevensoverdracht van 10,8 Gbps/sec liggen de capaciteiten van een DisplayPort hoger dan die van een DVI-poort. De goede prestaties en verwaarloosbare vertraging zorgen voor de snelste beeld- en vernieuwingsfrequenties, wat DisplayPort niet alleen de beste keus maakt voor algemeen gebruik bij u thuis of op kantoor, maar ook voor veeleisende games en films, videobewerking en meer. DisplayPort kan op diverse adapters worden aangesloten voor nog meer gebruiksgemak.</FeatureGlossary><FeatureRank>5</FeatureRank><FeatureTopRank>11</FeatureTopRank></Feature></KeyBenefitArea><FeatureLogo><FeatureCode>F400071117</FeatureCode><FeatureReferenceName>Curved display design for more immersive experience</FeatureReferenceName><FeatureLogoRank>4</FeatureLogoRank></FeatureLogo><FeatureLogo><FeatureCode>F400078908</FeatureCode><FeatureReferenceName>Ultra Wide-Color Technology</FeatureReferenceName><FeatureLogoRank>5</FeatureLogoRank></FeatureLogo><FeatureLogo><FeatureCode>F400079302</FeatureCode><FeatureReferenceName>VA display_178</FeatureReferenceName><FeatureLogoRank>6</FeatureLogoRank></FeatureLogo><FeatureLogo><FeatureCode>F400048758</FeatureCode><FeatureReferenceName>Crystalclear Quad HD</FeatureReferenceName><FeatureLogoRank>7</FeatureLogoRank></FeatureLogo><FeatureLogo><FeatureCode>F400074029</FeatureCode><FeatureReferenceName>AMD FreeSync™ technology</FeatureReferenceName><FeatureLogoRank>8</FeatureLogoRank></FeatureLogo><FeatureLogo><FeatureCode>F400047611</FeatureCode><FeatureReferenceName>Ultra Narrow Bezel</FeatureReferenceName><FeatureLogoRank>9</FeatureLogoRank></FeatureLogo><FeatureLogo><FeatureCode>F400067665</FeatureCode><FeatureReferenceName>Flicker-free technology</FeatureReferenceName><FeatureLogoRank>10</FeatureLogoRank></FeatureLogo><FeatureLogo><FeatureCode>F400078929</FeatureCode><FeatureReferenceName>LowBlue Mode</FeatureReferenceName><FeatureLogoRank>11</FeatureLogoRank></FeatureLogo><FeatureLogo><FeatureCode>F300004082</FeatureCode><FeatureReferenceName>Built-in speakers (business)</FeatureReferenceName><FeatureLogoRank>12</FeatureLogoRank></FeatureLogo><FeatureLogo><FeatureCode>F400016234</FeatureCode><FeatureReferenceName>HDMI Ready</FeatureReferenceName><FeatureLogoRank>13</FeatureLogoRank></FeatureLogo><FeatureLogo><FeatureCode>F400029739</FeatureCode><FeatureReferenceName>DisplayPort</FeatureReferenceName><FeatureLogoRank>14</FeatureLogoRank></FeatureLogo><FeatureImage><FeatureCode>F400071117</FeatureCode><FeatureReferenceName>Curved display design for more immersive experience</FeatureReferenceName><FeatureImageRank>1</FeatureImageRank></FeatureImage><FeatureImage><FeatureCode>F400078908</FeatureCode><FeatureReferenceName>Ultra Wide-Color Technology</FeatureReferenceName><FeatureImageRank>2</FeatureImageRank></FeatureImage><FeatureImage><FeatureCode>F400079302</FeatureCode><FeatureReferenceName>VA display_178</FeatureReferenceName><FeatureImageRank>3</FeatureImageRank></FeatureImage><FeatureImage><FeatureCode>F400048758</FeatureCode><FeatureReferenceName>Crystalclear Quad HD</FeatureReferenceName><FeatureImageRank>4</FeatureImageRank></FeatureImage><FeatureImage><FeatureCode>F400074029</FeatureCode><FeatureReferenceName>AMD FreeSync™ technology</FeatureReferenceName><FeatureImageRank>5</FeatureImageRank></FeatureImage><FeatureImage><FeatureCode>F400079049</FeatureCode><FeatureReferenceName>UltraNarrow Border_3 sides frameless</FeatureReferenceName><FeatureImageRank>6</FeatureImageRank></FeatureImage><FeatureImage><FeatureCode>F400067665</FeatureCode><FeatureReferenceName>Flicker-free technology</FeatureReferenceName><FeatureImageRank>7</FeatureImageRank></FeatureImage><FeatureImage><FeatureCode>F400078929</FeatureCode><FeatureReferenceName>LowBlue Mode</FeatureReferenceName><FeatureImageRank>8</FeatureImageRank></FeatureImage><FeatureImage><FeatureCode>F400035281</FeatureCode><FeatureReferenceName>Built-in stereo speakers for multimedia</FeatureReferenceName><FeatureImageRank>9</FeatureImageRank></FeatureImage><FeatureImage><FeatureCode>F400047687</FeatureCode><FeatureReferenceName>HDMI ready_B2B</FeatureReferenceName><FeatureImageRank>10</FeatureImageRank></FeatureImage><FeatureImage><FeatureCode>F400064766</FeatureCode><FeatureReferenceName>DisplayPort connection for maximum visuals</FeatureReferenceName><FeatureImageRank>11</FeatureImageRank></FeatureImage><FeatureHighlight><FeatureCode>F400071117</FeatureCode><FeatureReferenceName>Curved display design for more immersive experience</FeatureReferenceName><FeatureHighlightRank>1</FeatureHighlightRank></FeatureHighlight><FeatureHighlight><FeatureCode>F400078908</FeatureCode><FeatureReferenceName>Ultra Wide-Color Technology</FeatureReferenceName><FeatureHighlightRank>2</FeatureHighlightRank></FeatureHighlight><FeatureHighlight><FeatureCode>F400079302</FeatureCode><FeatureReferenceName>VA display_178</FeatureReferenceName><FeatureHighlightRank>3</FeatureHighlightRank></FeatureHighlight><FeatureHighlight><FeatureCode>F400048758</FeatureCode><FeatureReferenceName>Crystalclear Quad HD</FeatureReferenceName><FeatureHighlightRank>4</FeatureHighlightRank></FeatureHighlight><FeatureHighlight><FeatureCode>F400074029</FeatureCode><FeatureReferenceName>AMD FreeSync™ technology</FeatureReferenceName><FeatureHighlightRank>5</FeatureHighlightRank></FeatureHighlight><FeatureHighlight><FeatureCode>F400079049</FeatureCode><FeatureReferenceName>UltraNarrow Border_3 sides frameless</FeatureReferenceName><FeatureHighlightRank>6</FeatureHighlightRank></FeatureHighlight><FeatureHighlight><FeatureCode>F400067665</FeatureCode><FeatureReferenceName>Flicker-free technology</FeatureReferenceName><FeatureHighlightRank>7</FeatureHighlightRank></FeatureHighlight><FeatureHighlight><FeatureCode>F400078929</FeatureCode><FeatureReferenceName>LowBlue Mode</FeatureReferenceName><FeatureHighlightRank>8</FeatureHighlightRank></FeatureHighlight><FeatureHighlight><FeatureCode>F400035281</FeatureCode><FeatureReferenceName>Built-in stereo speakers for multimedia</FeatureReferenceName><FeatureHighlightRank>9</FeatureHighlightRank></FeatureHighlight><FeatureHighlight><FeatureCode>F400047687</FeatureCode><FeatureReferenceName>HDMI ready_B2B</FeatureReferenceName><FeatureHighlightRank>10</FeatureHighlightRank></FeatureHighlight><FeatureHighlight><FeatureCode>F400064766</FeatureCode><FeatureReferenceName>DisplayPort connection for maximum visuals</FeatureReferenceName><FeatureHighlightRank>11</FeatureHighlightRank></FeatureHighlight><CSChapter><CSChapterCode>3000796</CSChapterCode><CSChapterName>Beeld/scherm</CSChapterName><CSChapterRank>1</CSChapterRank><CSItem><CSItemCode>3006169</CSItemCode><CSItemName>Type LCD-scherm</CSItemName><CSItemRank>1</CSItemRank><CSItemIsFreeFormat>0</CSItemIsFreeFormat><CSValue><CSValueCode>VA4083614</CSValueCode><CSValueName>VA LCD</CSValueName><CSValueRank>1</CSValueRank></CSValue></CSItem><CSItem><CSItemCode>IT4007209</CSItemCode><CSItemName>Type achtergrondverlichting</CSItemName><CSItemRank>2</CSItemRank><CSItemIsFreeFormat>1</CSItemIsFreeFormat><CSValue><CSValueCode>VA4018797</CSValueCode><CSValueName>W-LED-systeem</CSValueName><CSValueRank>1</CSValueRank></CSValue></CSItem><CSItem><CSItemCode>3006180</CSItemCode><CSItemName>Schermgrootte</CSItemName><CSItemRank>3</CSItemRank><CSItemIsFreeFormat>1</CSItemIsFreeFormat><CSValue><CSValueCode>3031218</CSValueCode><CSValueName>31,5 inch / 80 cm</CSValueName><CSValueRank>1</CSValueRank></CSValue></CSItem><CSItem><CSItemCode>IT4044130</CSItemCode><CSItemName>Displaycoating</CSItemName><CSItemRank>4</CSItemRank><CSItemIsFreeFormat>1</CSItemIsFreeFormat><CSValue><CSValueCode>VA4101537</CSValueCode><CSValueName>Antireflectie, waas 25%</CSValueName><CSValueRank>1</CSValueRank></CSValue></CSItem><CSItem><CSItemCode>3006149</CSItemCode><CSItemName>Effectief weergavegebied</CSItemName><CSItemRank>5</CSItemRank><CSItemIsFreeFormat>1</CSItemIsFreeFormat><CSValue><CSValueCode>3031161</CSValueCode><CSValueName>697,3 (H) x 392,3 (V) - bij 1800R kromming*</CSValueName><CSValueRank>1</CSValueRank></CSValue></CSItem><CSItem><CSItemCode>3006121</CSItemCode><CSItemName>Beeldformaat</CSItemName><CSItemRank>6</CSItemRank><CSItemIsFreeFormat>0</CSItemIsFreeFormat><CSValue><CSValueCode>3031098</CSValueCode><CSValueName>16:9</CSValueName><CSValueRank>1</CSValueRank></CSValue></CSItem><CSItem><CSItemCode>IT4028831</CSItemCode><CSItemName>Maximale resolutie</CSItemName><CSItemRank>7</CSItemRank><CSItemIsFreeFormat>1</CSItemIsFreeFormat><CSValue><CSValueCode>VA4066901</CSValueCode><CSValueName>2560 x 1440 bij 75 Hz*</CSValueName><CSValueRank>1</CSValueRank></CSValue></CSItem><CSItem><CSItemCode>IT4041772</CSItemCode><CSItemName>Pixeldichtheid</CSItemName><CSItemRank>8</CSItemRank><CSItemIsFreeFormat>1</CSItemIsFreeFormat><CSValue><CSValueCode>VA4096901</CSValueCode><CSValueName>93 PPI</CSValueName><CSValueRank>1</CSValueRank></CSValue></CSItem><CSItem><CSItemCode>IT4039893</CSItemCode><CSItemName>Responstijd (normaal)</CSItemName><CSItemRank>9</CSItemRank><CSItemIsFreeFormat>1</CSItemIsFreeFormat><CSValue><CSValueCode>VA4093235</CSValueCode><CSValueName>5 ms (grijs naar grijs)*</CSValueName><CSValueRank>1</CSValueRank></CSValue></CSItem><CSItem><CSItemCode>3006127</CSItemCode><CSItemName>Helderheid</CSItemName><CSItemRank>10</CSItemRank><CSItemIsFreeFormat>1</CSItemIsFreeFormat><CSValue><CSValueCode>3031110</CSValueCode><CSValueName>250</CSValueName><CSValueRank>1</CSValueRank></CSValue><UnitOfMeasure><UnitOfMeasureCode>3000038</UnitOfMeasureCode><UnitOfMeasureName>candela per vierkante meter</UnitOfMeasureName><UnitOfMeasureSymbol>cd/m²</UnitOfMeasureSymbol></UnitOfMeasure></CSItem><CSItem><CSItemCode>3006133</CSItemCode><CSItemName>Contrastverhouding (normaal)</CSItemName><CSItemRank>11</CSItemRank><CSItemIsFreeFormat>1</CSItemIsFreeFormat><CSValue><CSValueCode>3031116</CSValueCode><CSValueName>3000:1</CSValueName><CSValueRank>1</CSValueRank></CSValue></CSItem><CSItem><CSItemCode>IT4006148</CSItemCode><CSItemName>SmartContrast</CSItemName><CSItemRank>12</CSItemRank><CSItemIsFreeFormat>1</CSItemIsFreeFormat><CSValue><CSValueCode>VA4017351</CSValueCode><CSValueName>20.000.000:1</CSValueName><CSValueRank>1</CSValueRank></CSValue></CSItem><CSItem><CSItemCode>3006186</CSItemCode><CSItemName>Pixelpitch</CSItemName><CSItemRank>13</CSItemRank><CSItemIsFreeFormat>1</CSItemIsFreeFormat><CSValue><CSValueCode>3031270</CSValueCode><CSValueName>0,272 x 0,272 mm</CSValueName><CSValueRank>1</CSValueRank></CSValue></CSItem><CSItem><CSItemCode>3007518</CSItemCode><CSItemName>Kijkhoek</CSItemName><CSItemRank>14</CSItemRank><CSItemIsFreeFormat>0</CSItemIsFreeFormat><CSValue><CSValueCode>VA4002901</CSValueCode><CSValueName>178º (H)/178º (V)</CSValueName><CSValueRank>1</CSValueRank></CSValue><CSValue><CSValueCode>3035028</CSValueCode><CSValueName>bij C/R &gt; 10</CSValueName><CSValueRank>2</CSValueRank></CSValue></CSItem><CSItem><CSItemCode>IT4036934</CSItemCode><CSItemName>Trillingsvrij</CSItemName><CSItemRank>15</CSItemRank><CSItemIsFreeFormat>1</CSItemIsFreeFormat><CSValue><CSValueCode>VA4085801</CSValueCode><CSValueName>Ja</CSValueName><CSValueRank>1</CSValueRank></CSValue></CSItem><CSItem><CSItemCode>3006183</CSItemCode><CSItemName>Beeldverbetering</CSItemName><CSItemRank>16</CSItemRank><CSItemIsFreeFormat>0</CSItemIsFreeFormat><CSValue><CSValueCode>VA4058761</CSValueCode><CSValueName>SmartImage-gamemodus</CSValueName><CSValueRank>1</CSValueRank></CSValue></CSItem><CSItem><CSItemCode>IT4034031</CSItemCode><CSItemName>Kleurenbereik (standaard)</CSItemName><CSItemRank>17</CSItemRank><CSItemIsFreeFormat>1</CSItemIsFreeFormat><CSValue><CSValueCode>VA4079201</CSValueCode><CSValueName>NTSC 102%, sRGB 122,6%*</CSValueName><CSValueRank>1</CSValueRank></CSValue></CSItem><CSItem><CSItemCode>3006143</CSItemCode><CSItemName>Schermkleuren</CSItemName><CSItemRank>18</CSItemRank><CSItemIsFreeFormat>1</CSItemIsFreeFormat><CSValue><CSValueCode>3031126</CSValueCode><CSValueName>16,7 M</CSValueName><CSValueRank>1</CSValueRank></CSValue></CSItem><CSItem><CSItemCode>IT4006149</CSItemCode><CSItemName>Scanfrequentie</CSItemName><CSItemRank>19</CSItemRank><CSItemIsFreeFormat>1</CSItemIsFreeFormat><CSValue><CSValueCode>VA4017352</CSValueCode><CSValueName>70 - 115 kHz (H) / 48 - 75 Hz (V)</CSValueName><CSValueRank>1</CSValueRank></CSValue></CSItem><CSItem><CSItemCode>IT4042826</CSItemCode><CSItemName>LowBlue-modus</CSItemName><CSItemRank>20</CSItemRank><CSItemIsFreeFormat>1</CSItemIsFreeFormat><CSValue><CSValueCode>VA4098941</CSValueCode><CSValueName>Ja</CSValueName><CSValueRank>1</CSValueRank></CSValue></CSItem><CSItem><CSItemCode>IT4042883</CSItemCode><CSItemName>FreeSync</CSItemName><CSItemRank>21</CSItemRank><CSItemIsFreeFormat>1</CSItemIsFreeFormat><CSValue><CSValueCode>VA4099057</CSValueCode><CSValueName>Ja</CSValueName><CSValueRank>1</CSValueRank></CSValue></CSItem><CSItem><CSItemCode>3006207</CSItemCode><CSItemName>sRGB</CSItemName><CSItemRank>22</CSItemRank><CSItemIsFreeFormat>1</CSItemIsFreeFormat><CSValue><CSValueCode>3031306</CSValueCode><CSValueName>Ja</CSValueName><CSValueRank>1</CSValueRank></CSValue></CSItem></CSChapter><CSChapter><CSChapterCode>3000813</CSChapterCode><CSChapterName>Connectiviteit</CSChapterName><CSChapterRank>3</CSChapterRank><CSItem><CSItemCode>3006576</CSItemCode><CSItemName>Signaalinvoer</CSItemName><CSItemRank>1</CSItemRank><CSItemIsFreeFormat>0</CSItemIsFreeFormat><CSValue><CSValueCode>3036216</CSValueCode><CSValueName>VGA (analoog)</CSValueName><CSValueRank>1</CSValueRank></CSValue><CSValue><CSValueCode>VA4028301</CSValueCode><CSValueName>DisplayPort</CSValueName><CSValueRank>2</CSValueRank></CSValue><CSValue><CSValueCode>VA4055582</CSValueCode><CSValueName>HDMI (digitaal, HDCP)</CSValueName><CSValueRank>3</CSValueRank></CSValue></CSItem><CSItem><CSItemCode>3006588</CSItemCode><CSItemName>Gesynchroniseerde invoer</CSItemName><CSItemRank>2</CSItemRank><CSItemIsFreeFormat>0</CSItemIsFreeFormat><CSValue><CSValueCode>3032392</CSValueCode><CSValueName>Aparte synchronisatie</CSValueName><CSValueRank>1</CSValueRank></CSValue><CSValue><CSValueCode>3032393</CSValueCode><CSValueName>Synchronisatie op groen</CSValueName><CSValueRank>2</CSValueRank></CSValue></CSItem><CSItem><CSItemCode>IT4005621</CSItemCode><CSItemName>Audio (in/uit)</CSItemName><CSItemRank>3</CSItemRank><CSItemIsFreeFormat>0</CSItemIsFreeFormat><CSValue><CSValueCode>VA4025083</CSValueCode><CSValueName>Audio-ingang voor PC</CSValueName><CSValueRank>1</CSValueRank></CSValue><CSValue><CSValueCode>VA4025085</CSValueCode><CSValueName>Hoofdtelefoonuitgang</CSValueName><CSValueRank>2</CSValueRank></CSValue></CSItem></CSChapter><CSChapter><CSChapterCode>3000814</CSChapterCode><CSChapterName>Comfort</CSChapterName><CSChapterRank>4</CSChapterRank><CSItem><CSItemCode>IT4014853</CSItemCode><CSItemName>Ingebouwde luidsprekers</CSItemName><CSItemRank>1</CSItemRank><CSItemIsFreeFormat>1</CSItemIsFreeFormat><CSValue><CSValueCode>VA4028064</CSValueCode><CSValueName>3 W x 2</CSValueName><CSValueRank>1</CSValueRank></CSValue></CSItem><CSItem><CSItemCode>3006633</CSItemCode><CSItemName>Gebruikersgemak</CSItemName><CSItemRank>2</CSItemRank><CSItemIsFreeFormat>0</CSItemIsFreeFormat><CSValue><CSValueCode>VA4017554</CSValueCode><CSValueName>Aan/Uit</CSValueName><CSValueRank>1</CSValueRank></CSValue><CSValue><CSValueCode>VA4017357</CSValueCode><CSValueName>Menu</CSValueName><CSValueRank>2</CSValueRank></CSValue><CSValue><CSValueCode>VA4017356</CSValueCode><CSValueName>Helderheid</CSValueName><CSValueRank>3</CSValueRank></CSValue><CSValue><CSValueCode>VA4017358</CSValueCode><CSValueName>Input</CSValueName><CSValueRank>4</CSValueRank></CSValue><CSValue><CSValueCode>VA4101731</CSValueCode><CSValueName>SmartImage Game</CSValueName><CSValueRank>5</CSValueRank></CSValue></CSItem><CSItem><CSItemCode>3006693</CSItemCode><CSItemName>OSD-talen</CSItemName><CSItemRank>3</CSItemRank><CSItemIsFreeFormat>0</CSItemIsFreeFormat><CSValue><CSValueCode>VA4065363</CSValueCode><CSValueName>Braziliaans Portugees</CSValueName><CSValueRank>1</CSValueRank></CSValue><CSValue><CSValueCode>3034561</CSValueCode><CSValueName>Tsjechisch</CSValueName><CSValueRank>2</CSValueRank></CSValue><CSValue><CSValueCode>3034565</CSValueCode><CSValueName>Nederlands</CSValueName><CSValueRank>3</CSValueRank></CSValue><CSValue><CSValueCode>3032771</CSValueCode><CSValueName>Engels</CSValueName><CSValueRank>4</CSValueRank></CSValue><CSValue><CSValueCode>VA4063224</CSValueCode><CSValueName>Fins</CSValueName><CSValueRank>5</CSValueRank></CSValue><CSValue><CSValueCode>3032772</CSValueCode><CSValueName>Frans</CSValueName><CSValueRank>6</CSValueRank></CSValue><CSValue><CSValueCode>3032773</CSValueCode><CSValueName>Duits</CSValueName><CSValueRank>7</CSValueRank></CSValue><CSValue><CSValueCode>VA4002508</CSValueCode><CSValueName>Grieks</CSValueName><CSValueRank>8</CSValueRank></CSValue><CSValue><CSValueCode>3034563</CSValueCode><CSValueName>Hongaars</CSValueName><CSValueRank>9</CSValueRank></CSValue><CSValue><CSValueCode>3032774</CSValueCode><CSValueName>Italiaans</CSValueName><CSValueRank>10</CSValueRank></CSValue><CSValue><CSValueCode>3038221</CSValueCode><CSValueName>Japans</CSValueName><CSValueRank>11</CSValueRank></CSValue><CSValue><CSValueCode>3039946</CSValueCode><CSValueName>Koreaans</CSValueName><CSValueRank>12</CSValueRank></CSValue><CSValue><CSValueCode>3034564</CSValueCode><CSValueName>Pools</CSValueName><CSValueRank>13</CSValueRank></CSValue><CSValue><CSValueCode>3032775</CSValueCode><CSValueName>Portugees</CSValueName><CSValueRank>14</CSValueRank></CSValue><CSValue><CSValueCode>3032776</CSValueCode><CSValueName>Russisch</CSValueName><CSValueRank>15</CSValueRank></CSValue><CSValue><CSValueCode>3034114</CSValueCode><CSValueName>Vereenvoudigd Chinees</CSValueName><CSValueRank>16</CSValueRank></CSValue><CSValue><CSValueCode>3032777</CSValueCode><CSValueName>Spaans</CSValueName><CSValueRank>17</CSValueRank></CSValue><CSValue><CSValueCode>3034562</CSValueCode><CSValueName>Zweeds</CSValueName><CSValueRank>18</CSValueRank></CSValue><CSValue><CSValueCode>3034115</CSValueCode><CSValueName>Traditioneel Chinees</CSValueName><CSValueRank>19</CSValueRank></CSValue><CSValue><CSValueCode>3035749</CSValueCode><CSValueName>Turks</CSValueName><CSValueRank>20</CSValueRank></CSValue><CSValue><CSValueCode>VA4065364</CSValueCode><CSValueName>Oekraïens</CSValueName><CSValueRank>21</CSValueRank></CSValue></CSItem><CSItem><CSItemCode>3006694</CSItemCode><CSItemName>Andere handige opties</CSItemName><CSItemRank>4</CSItemRank><CSItemIsFreeFormat>0</CSItemIsFreeFormat><CSValue><CSValueCode>3032778</CSValueCode><CSValueName>Kensington-slot</CSValueName><CSValueRank>1</CSValueRank></CSValue><CSValue><CSValueCode>VA4016754</CSValueCode><CSValueName>VESA-standaard (100 x 100 mm)</CSValueName><CSValueRank>2</CSValueRank></CSValue></CSItem><CSItem><CSItemCode>3006699</CSItemCode><CSItemName>Plug &amp; Play-compatibiliteit</CSItemName><CSItemRank>5</CSItemRank><CSItemIsFreeFormat>0</CSItemIsFreeFormat><CSValue><CSValueCode>3043209</CSValueCode><CSValueName>DDC/CI</CSValueName><CSValueRank>1</CSValueRank></CSValue><CSValue><CSValueCode>3046249</CSValueCode><CSValueName>Mac OS X</CSValueName><CSValueRank>2</CSValueRank></CSValue><CSValue><CSValueCode>3032788</CSValueCode><CSValueName>sRGB</CSValueName><CSValueRank>3</CSValueRank></CSValue><CSValue><CSValueCode>VA4091311</CSValueCode><CSValueName>Windows 10 / 8.1 / 8 / 7</CSValueName><CSValueRank>4</CSValueRank></CSValue></CSItem></CSChapter><CSChapter><CSChapterCode>CH4000824</CSChapterCode><CSChapterName>Standaard</CSChapterName><CSChapterRank>5</CSChapterRank><CSItem><CSItemCode>IT4004954</CSItemCode><CSItemName>Kantelfunctie</CSItemName><CSItemRank>1</CSItemRank><CSItemIsFreeFormat>1</CSItemIsFreeFormat><CSValue><CSValueCode>VA4015659</CSValueCode><CSValueName>-5/20</CSValueName><CSValueRank>1</CSValueRank></CSValue><UnitOfMeasure><UnitOfMeasureCode>3000042</UnitOfMeasureCode><UnitOfMeasureName>graad</UnitOfMeasureName><UnitOfMeasureSymbol>graad</UnitOfMeasureSymbol></UnitOfMeasure></CSItem></CSChapter><CSChapter><CSChapterCode>3000821</CSChapterCode><CSChapterName>Vermogen</CSChapterName><CSChapterRank>6</CSChapterRank><CSItem><CSItemCode>IT4005861</CSItemCode><CSItemName>Ingeschakeld</CSItemName><CSItemRank>1</CSItemRank><CSItemIsFreeFormat>1</CSItemIsFreeFormat><CSValue><CSValueCode>VA4017025</CSValueCode><CSValueName>60,35 W (normaal)</CSValueName><CSValueRank>1</CSValueRank></CSValue></CSItem><CSItem><CSItemCode>IT4006150</CSItemCode><CSItemName>Stand-bymodus</CSItemName><CSItemRank>2</CSItemRank><CSItemIsFreeFormat>1</CSItemIsFreeFormat><CSValue><CSValueCode>VA4017360</CSValueCode><CSValueName>&lt; 0,5 W (normaal)</CSValueName><CSValueRank>1</CSValueRank></CSValue></CSItem><CSItem><CSItemCode>IT4006081</CSItemCode><CSItemName>Uitmodus</CSItemName><CSItemRank>3</CSItemRank><CSItemIsFreeFormat>1</CSItemIsFreeFormat><CSValue><CSValueCode>VA4017285</CSValueCode><CSValueName>&lt; 0,3 W (normaal)</CSValueName><CSValueRank>1</CSValueRank></CSValue></CSItem><CSItem><CSItemCode>IT4015354</CSItemCode><CSItemName>Energieklasse</CSItemName><CSItemRank>4</CSItemRank><CSItemIsFreeFormat>0</CSItemIsFreeFormat><CSValue><CSValueCode>VA4030807</CSValueCode><CSValueName>C</CSValueName><CSValueRank>1</CSValueRank></CSValue></CSItem><CSItem><CSItemCode>3006931</CSItemCode><CSItemName>LED-indicator voor voeding</CSItemName><CSItemRank>5</CSItemRank><CSItemIsFreeFormat>0</CSItemIsFreeFormat><CSValue><CSValueCode>VA4015465</CSValueCode><CSValueName>In werking - wit</CSValueName><CSValueRank>1</CSValueRank></CSValue><CSValue><CSValueCode>VA4017406</CSValueCode><CSValueName>Stand-bymodus - wit (knipperend)</CSValueName><CSValueRank>2</CSValueRank></CSValue></CSItem><CSItem><CSItemCode>3006932</CSItemCode><CSItemName>Stroomvoorziening</CSItemName><CSItemRank>6</CSItemRank><CSItemIsFreeFormat>0</CSItemIsFreeFormat><CSValue><CSValueCode>VA4083295</CSValueCode><CSValueName>Intern</CSValueName><CSValueRank>1</CSValueRank></CSValue><CSValue><CSValueCode>VA4050622</CSValueCode><CSValueName>100 - 240 V AC, 50-60 Hz</CSValueName><CSValueRank>2</CSValueRank></CSValue></CSItem></CSChapter><CSChapter><CSChapterCode>3000820</CSChapterCode><CSChapterName>Afmetingen</CSChapterName><CSChapterRank>7</CSChapterRank><CSItem><CSItemCode>IT4005764</CSItemCode><CSItemName>Product met standaard (mm)</CSItemName><CSItemRank>1</CSItemRank><CSItemIsFreeFormat>1</CSItemIsFreeFormat><CSValue><CSValueCode>VA4016930</CSValueCode><CSValueName>713 x 525 x 236</CSValueName><CSValueRank>1</CSValueRank></CSValue><UnitOfMeasure><UnitOfMeasureCode>3000058</UnitOfMeasureCode><UnitOfMeasureName>millimeter</UnitOfMeasureName><UnitOfMeasureSymbol>millimeter</UnitOfMeasureSymbol></UnitOfMeasure></CSItem><CSItem><CSItemCode>IT4005765</CSItemCode><CSItemName>Product zonder standaard (mm)</CSItemName><CSItemRank>2</CSItemRank><CSItemIsFreeFormat>1</CSItemIsFreeFormat><CSValue><CSValueCode>VA4016931</CSValueCode><CSValueName>713 x 425 x 52</CSValueName><CSValueRank>1</CSValueRank></CSValue><UnitOfMeasure><UnitOfMeasureCode>3000058</UnitOfMeasureCode><UnitOfMeasureName>millimeter</UnitOfMeasureName><UnitOfMeasureSymbol>millimeter</UnitOfMeasureSymbol></UnitOfMeasure></CSItem><CSItem><CSItemCode>IT4005766</CSItemCode><CSItemName>Verpakking in mm (b x h x d)</CSItemName><CSItemRank>3</CSItemRank><CSItemIsFreeFormat>1</CSItemIsFreeFormat><CSValue><CSValueCode>VA4016932</CSValueCode><CSValueName>827 x 626 x 233</CSValueName><CSValueRank>1</CSValueRank></CSValue><UnitOfMeasure><UnitOfMeasureCode>3000058</UnitOfMeasureCode><UnitOfMeasureName>millimeter</UnitOfMeasureName><UnitOfMeasureSymbol>millimeter</UnitOfMeasureSymbol></UnitOfMeasure></CSItem></CSChapter><CSChapter><CSChapterCode>CH4000702</CSChapterCode><CSChapterName>Gewicht</CSChapterName><CSChapterRank>8</CSChapterRank><CSItem><CSItemCode>IT4005770</CSItemCode><CSItemName>Product met standaard (kg)</CSItemName><CSItemRank>1</CSItemRank><CSItemIsFreeFormat>1</CSItemIsFreeFormat><CSValue><CSValueCode>VA4016936</CSValueCode><CSValueName>6,78</CSValueName><CSValueRank>1</CSValueRank></CSValue><UnitOfMeasure><UnitOfMeasureCode>3000049</UnitOfMeasureCode><UnitOfMeasureName>kilogram</UnitOfMeasureName><UnitOfMeasureSymbol>kg</UnitOfMeasureSymbol></UnitOfMeasure></CSItem><CSItem><CSItemCode>IT4005771</CSItemCode><CSItemName>Product zonder standaard (kg)</CSItemName><CSItemRank>2</CSItemRank><CSItemIsFreeFormat>1</CSItemIsFreeFormat><CSValue><CSValueCode>VA4016937</CSValueCode><CSValueName>6,40</CSValueName><CSValueRank>1</CSValueRank></CSValue><UnitOfMeasure><UnitOfMeasureCode>3000049</UnitOfMeasureCode><UnitOfMeasureName>kilogram</UnitOfMeasureName><UnitOfMeasureSymbol>kg</UnitOfMeasureSymbol></UnitOfMeasure></CSItem><CSItem><CSItemCode>IT4005772</CSItemCode><CSItemName>Product met verpakking (kg)</CSItemName><CSItemRank>3</CSItemRank><CSItemIsFreeFormat>1</CSItemIsFreeFormat><CSValue><CSValueCode>VA4016938</CSValueCode><CSValueName>10,45</CSValueName><CSValueRank>1</CSValueRank></CSValue><UnitOfMeasure><UnitOfMeasureCode>3000049</UnitOfMeasureCode><UnitOfMeasureName>kilogram</UnitOfMeasureName><UnitOfMeasureSymbol>kg</UnitOfMeasureSymbol></UnitOfMeasure></CSItem></CSChapter><CSChapter><CSChapterCode>CH4000823</CSChapterCode><CSChapterName>Voorwaarden voor een goede werking</CSChapterName><CSChapterRank>9</CSChapterRank><CSItem><CSItemCode>IT4004946</CSItemCode><CSItemName>Temperatuurbereik (in bedrijf)</CSItemName><CSItemRank>1</CSItemRank><CSItemIsFreeFormat>1</CSItemIsFreeFormat><CSValue><CSValueCode>VA4015651</CSValueCode><CSValueName>0 °C tot 40 °C</CSValueName><CSValueRank>1</CSValueRank></CSValue><UnitOfMeasure><UnitOfMeasureCode>3000081</UnitOfMeasureCode><UnitOfMeasureName>graden Celsius</UnitOfMeasureName><UnitOfMeasureSymbol>°C</UnitOfMeasureSymbol></UnitOfMeasure></CSItem><CSItem><CSItemCode>IT4004947</CSItemCode><CSItemName>Temperatuurbereik (opslag)</CSItemName><CSItemRank>2</CSItemRank><CSItemIsFreeFormat>1</CSItemIsFreeFormat><CSValue><CSValueCode>VA4015652</CSValueCode><CSValueName>-20 °C tot 60 °C</CSValueName><CSValueRank>1</CSValueRank></CSValue><UnitOfMeasure><UnitOfMeasureCode>3000081</UnitOfMeasureCode><UnitOfMeasureName>graden Celsius</UnitOfMeasureName><UnitOfMeasureSymbol>°C</UnitOfMeasureSymbol></UnitOfMeasure></CSItem><CSItem><CSItemCode>IT4004948</CSItemCode><CSItemName>Relatieve vochtigheid</CSItemName><CSItemRank>3</CSItemRank><CSItemIsFreeFormat>1</CSItemIsFreeFormat><CSValue><CSValueCode>VA4015653</CSValueCode><CSValueName>20%-80</CSValueName><CSValueRank>1</CSValueRank></CSValue><UnitOfMeasure><UnitOfMeasureCode>3000065</UnitOfMeasureCode><UnitOfMeasureName>percentage</UnitOfMeasureName><UnitOfMeasureSymbol>%</UnitOfMeasureSymbol></UnitOfMeasure></CSItem><CSItem><CSItemCode>IT4023612</CSItemCode><CSItemName>Hoogte</CSItemName><CSItemRank>4</CSItemRank><CSItemIsFreeFormat>1</CSItemIsFreeFormat><CSValue><CSValueCode>VA4054761</CSValueCode><CSValueName>In werking: 3658 m, niet in werking: 12.192 m</CSValueName><CSValueRank>1</CSValueRank></CSValue></CSItem><CSItem><CSItemCode>IT4004949</CSItemCode><CSItemName>MTBF</CSItemName><CSItemRank>5</CSItemRank><CSItemIsFreeFormat>1</CSItemIsFreeFormat><CSValue><CSValueCode>VA4015654</CSValueCode><CSValueName>50.000 uur (achtergrondverlichting niet meegerekend)</CSValueName><CSValueRank>1</CSValueRank></CSValue><UnitOfMeasure><UnitOfMeasureCode>4000007</UnitOfMeasureCode><UnitOfMeasureName>-Uur</UnitOfMeasureName><UnitOfMeasureSymbol>uur</UnitOfMeasureSymbol></UnitOfMeasure></CSItem></CSChapter><CSChapter><CSChapterCode>CH4000822</CSChapterCode><CSChapterName>Duurzaamheid</CSChapterName><CSChapterRank>10</CSChapterRank><CSItem><CSItemCode>IT4004941</CSItemCode><CSItemName>Milieu en energie</CSItemName><CSItemRank>1</CSItemRank><CSItemIsFreeFormat>0</CSItemIsFreeFormat><CSValue><CSValueCode>VA4015645</CSValueCode><CSValueName>RoHS</CSValueName><CSValueRank>1</CSValueRank></CSValue><CSValue><CSValueCode>VA4033721</CSValueCode><CSValueName>Loodvrij</CSValueName><CSValueRank>2</CSValueRank></CSValue><CSValue><CSValueCode>VA4033722</CSValueCode><CSValueName>Kwikvrij</CSValueName><CSValueRank>3</CSValueRank></CSValue><CSValue><CSValueCode>VA4017527</CSValueCode><CSValueName>WEEE</CSValueName><CSValueRank>4</CSValueRank></CSValue></CSItem><CSItem><CSItemCode>IT4004944</CSItemCode><CSItemName>Recyclebaar verpakkingsmateriaal</CSItemName><CSItemRank>2</CSItemRank><CSItemIsFreeFormat>1</CSItemIsFreeFormat><CSValue><CSValueCode>VA4015649</CSValueCode><CSValueName>100</CSValueName><CSValueRank>1</CSValueRank></CSValue><UnitOfMeasure><UnitOfMeasureCode>3000065</UnitOfMeasureCode><UnitOfMeasureName>percentage</UnitOfMeasureName><UnitOfMeasureSymbol>%</UnitOfMeasureSymbol></UnitOfMeasure></CSItem></CSChapter><CSChapter><CSChapterCode>CH4001161</CSChapterCode><CSChapterName>Voldoet aan de normen</CSChapterName><CSChapterRank>11</CSChapterRank><CSItem><CSItemCode>IT4006152</CSItemCode><CSItemName>Officiële goedkeuringen</CSItemName><CSItemRank>1</CSItemRank><CSItemIsFreeFormat>0</CSItemIsFreeFormat><CSValue><CSValueCode>VA4017361</CSValueCode><CSValueName>CE-markering</CSValueName><CSValueRank>1</CSValueRank></CSValue><CSValue><CSValueCode>VA4027482</CSValueCode><CSValueName>FCC-klasse B</CSValueName><CSValueRank>2</CSValueRank></CSValue><CSValue><CSValueCode>VA4083906</CSValueCode><CSValueName>CU-EAC</CSValueName><CSValueRank>3</CSValueRank></CSValue><CSValue><CSValueCode>VA4050621</CSValueCode><CSValueName>TÜV/ISO 9241-307</CSValueName><CSValueRank>4</CSValueRank></CSValue><CSValue><CSValueCode>VA4090213</CSValueCode><CSValueName>RCM</CSValueName><CSValueRank>5</CSValueRank></CSValue><CSValue><CSValueCode>VA4017528</CSValueCode><CSValueName>BSMI</CSValueName><CSValueRank>6</CSValueRank></CSValue><CSValue><CSValueCode>VA4033549</CSValueCode><CSValueName>PSB</CSValueName><CSValueRank>7</CSValueRank></CSValue><CSValue><CSValueCode>VA4084844</CSValueCode><CSValueName>MEPS</CSValueName><CSValueRank>8</CSValueRank></CSValue><CSValue><CSValueCode>VA4017529</CSValueCode><CSValueName>CB</CSValueName><CSValueRank>9</CSValueRank></CSValue><CSValue><CSValueCode>VA4064941</CSValueCode><CSValueName>cETLus</CSValueName><CSValueRank>11</CSValueRank></CSValue></CSItem></CSChapter><CSChapter><CSChapterCode>CH4000825</CSChapterCode><CSChapterName>Kast</CSChapterName><CSChapterRank>12</CSChapterRank><CSItem><CSItemCode>IT4004955</CSItemCode><CSItemName>Kleur</CSItemName><CSItemRank>1</CSItemRank><CSItemIsFreeFormat>1</CSItemIsFreeFormat><CSValue><CSValueCode>VA4015660</CSValueCode><CSValueName>Zwart/zilver</CSValueName><CSValueRank>1</CSValueRank></CSValue></CSItem><CSItem><CSItemCode>IT4004956</CSItemCode><CSItemName>Afwerking</CSItemName><CSItemRank>2</CSItemRank><CSItemIsFreeFormat>1</CSItemIsFreeFormat><CSValue><CSValueCode>VA4015661</CSValueCode><CSValueName>Glanzend</CSValueName><CSValueRank>1</CSValueRank></CSValue></CSItem></CSChapter><CSChapter><CSChapterCode>CH4008581</CSChapterCode><CSChapterName>Wat zit er in de doos?</CSChapterName><CSChapterRank>15</CSChapterRank><CSItem><CSItemCode>IT4040999</CSItemCode><CSItemName>Monitor met standaard</CSItemName><CSItemRank>1</CSItemRank><CSItemIsFreeFormat>1</CSItemIsFreeFormat><CSValue><CSValueCode>VA4095569</CSValueCode><CSValueName>Ja</CSValueName><CSValueRank>1</CSValueRank></CSValue></CSItem><CSItem><CSItemCode>IT4041000</CSItemCode><CSItemName>Kabels</CSItemName><CSItemRank>2</CSItemRank><CSItemIsFreeFormat>1</CSItemIsFreeFormat><CSValue><CSValueCode>VA4095570</CSValueCode><CSValueName>HDMI-kabel, voedingskabel</CSValueName><CSValueRank>1</CSValueRank></CSValue></CSItem><CSItem><CSItemCode>IT4041030</CSItemCode><CSItemName>Gebruikersdocumentatie</CSItemName><CSItemRank>3</CSItemRank><CSItemIsFreeFormat>1</CSItemIsFreeFormat><CSValue><CSValueCode>VA4095604</CSValueCode><CSValueName>Ja</CSValueName><CSValueRank>1</CSValueRank></CSValue></CSItem></CSChapter><Filters><Purpose type="Comparison"><Features><Feature code="F400071117" rank="1" referenceName="Curved display design for more immersive experience"/><Feature code="F400078908" rank="2" referenceName="Ultra Wide-Color Technology"/><Feature code="F400079302" rank="3" referenceName="VA display_178"/><Feature code="F400048758" rank="4" referenceName="Crystalclear Quad HD"/><Feature code="F400074029" rank="5" referenceName="AMD FreeSync™ technology"/><Feature code="F400079049" rank="6" referenceName="UltraNarrow Border_3 sides frameless"/><Feature code="F400067665" rank="7" referenceName="Flicker-free technology"/><Feature code="F400078929" rank="8" referenceName="LowBlue Mode"/><Feature code="F400035281" rank="9" referenceName="Built-in stereo speakers for multimedia"/><Feature code="F400047687" rank="10" referenceName="HDMI ready_B2B"/><Feature code="F400064766" rank="11" referenceName="DisplayPort connection for maximum visuals"/></Features><CSItems><CSItem code="3006169" rank="1" referenceName="Beeld/scherm - Type LCD-scherm"/><CSItem code="3006576" rank="1" referenceName="Connectiviteit - Signaalinvoer"/><CSItem code="IT4014853" rank="1" referenceName="Comfort - Ingebouwde luidsprekers"/><CSItem code="IT4004954" rank="1" referenceName="Standaard - Kantelfunctie"/><CSItem code="IT4005861" rank="1" referenceName="Vermogen - Ingeschakeld"/><CSItem code="IT4005764" rank="1" referenceName="Afmetingen - Product met standaard (mm)"/><CSItem code="IT4005770" rank="1" referenceName="Gewicht - Product met standaard (kg)"/><CSItem code="IT4004946" rank="1" referenceName="Voorwaarden voor een goede werking - Temperatuurbereik (in bedrijf)"/><CSItem code="IT4004941" rank="1" referenceName="Duurzaamheid - Milieu en energie"/><CSItem code="IT4006152" rank="1" referenceName="Voldoet aan de normen - Officiële goedkeuringen"/><CSItem code="IT4004955" rank="1" referenceName="Kast - Kleur"/><CSItem code="IT4040999" rank="1" referenceName="Wat zit er in de doos? - Monitor met standaard"/><CSItem code="IT4007209" rank="2" referenceName="Beeld/scherm - Type achtergrondverlichting"/><CSItem code="3006588" rank="2" referenceName="Connectiviteit - Gesynchroniseerde invoer"/><CSItem code="3006633" rank="2" referenceName="Comfort - Gebruikersgemak"/><CSItem code="IT4006150" rank="2" referenceName="Vermogen - Stand-bymodus"/><CSItem code="IT4005765" rank="2" referenceName="Afmetingen - Product zonder standaard (mm)"/><CSItem code="IT4005771" rank="2" referenceName="Gewicht - Product zonder standaard (kg)"/><CSItem code="IT4004947" rank="2" referenceName="Voorwaarden voor een goede werking - Temperatuurbereik (opslag)"/><CSItem code="IT4004944" rank="2" referenceName="Duurzaamheid - Recyclebaar verpakkingsmateriaal"/><CSItem code="IT4004956" rank="2" referenceName="Kast - Afwerking"/><CSItem code="IT4041000" rank="2" referenceName="Wat zit er in de doos? - Kabels"/><CSItem code="3006180" rank="3" referenceName="Beeld/scherm - Schermgrootte"/><CSItem code="IT4005621" rank="3" referenceName="Connectiviteit - Audio (in/uit)"/><CSItem code="3006693" rank="3" referenceName="Comfort - OSD-talen"/><CSItem code="IT4006081" rank="3" referenceName="Vermogen - Uitmodus"/><CSItem code="IT4005766" rank="3" referenceName="Afmetingen - Verpakking in mm (b x h x d)"/><CSItem code="IT4005772" rank="3" referenceName="Gewicht - Product met verpakking (kg)"/><CSItem code="IT4004948" rank="3" referenceName="Voorwaarden voor een goede werking - Relatieve vochtigheid"/><CSItem code="IT4041030" rank="3" referenceName="Wat zit er in de doos? - Gebruikersdocumentatie"/><CSItem code="IT4044130" rank="4" referenceName="Beeld/scherm - Displaycoating"/><CSItem code="3006694" rank="4" referenceName="Comfort - Andere handige opties"/><CSItem code="IT4015354" rank="4" referenceName="Vermogen - Energieklasse"/><CSItem code="IT4023612" rank="4" referenceName="Voorwaarden voor een goede werking - Hoogte"/><CSItem code="3006149" rank="5" referenceName="Beeld/scherm - Effectief weergavegebied"/><CSItem code="3006699" rank="5" referenceName="Comfort - Plug &amp; Play-compatibiliteit"/><CSItem code="3006931" rank="5" referenceName="Vermogen - LED-indicator voor voeding"/><CSItem code="IT4004949" rank="5" referenceName="Voorwaarden voor een goede werking - MTBF"/><CSItem code="3006121" rank="6" referenceName="Beeld/scherm - Beeldformaat"/><CSItem code="3006932" rank="6" referenceName="Vermogen - Stroomvoorziening"/><CSItem code="IT4028831" rank="7" referenceName="Beeld/scherm - Maximale resolutie"/><CSItem code="IT4041772" rank="8" referenceName="Beeld/scherm - Pixeldichtheid"/><CSItem code="IT4039893" rank="9" referenceName="Beeld/scherm - Responstijd (normaal)"/><CSItem code="3006127" rank="10" referenceName="Beeld/scherm - Helderheid"/><CSItem code="3006133" rank="11" referenceName="Beeld/scherm - Contrastverhouding (normaal)"/><CSItem code="IT4006148" rank="12" referenceName="Beeld/scherm - SmartContrast"/><CSItem code="3006186" rank="13" referenceName="Beeld/scherm - Pixelpitch"/><CSItem code="3007518" rank="14" referenceName="Beeld/scherm - Kijkhoek"/><CSItem code="IT4036934" rank="15" referenceName="Beeld/scherm - Trillingsvrij"/><CSItem code="3006183" rank="16" referenceName="Beeld/scherm - Beeldverbetering"/><CSItem code="IT4034031" rank="17" referenceName="Beeld/scherm - Kleurenbereik (standaard)"/><CSItem code="3006143" rank="18" referenceName="Beeld/scherm - Schermkleuren"/><CSItem code="IT4006149" rank="19" referenceName="Beeld/scherm - Scanfrequentie"/><CSItem code="IT4042826" rank="20" referenceName="Beeld/scherm - LowBlue-modus"/><CSItem code="IT4042883" rank="21" referenceName="Beeld/scherm - FreeSync"/><CSItem code="3006207" rank="22" referenceName="Beeld/scherm - sRGB"/></CSItems></Purpose><Purpose type="Detail"><Features><Feature code="F400071117" rank="1" referenceName="Curved display design for more immersive experience"/><Feature code="F400078908" rank="2" referenceName="Ultra Wide-Color Technology"/><Feature code="F400079302" rank="3" referenceName="VA display_178"/><Feature code="F400048758" rank="4" referenceName="Crystalclear Quad HD"/><Feature code="F400074029" rank="5" referenceName="AMD FreeSync™ technology"/><Feature code="F400079049" rank="6" referenceName="UltraNarrow Border_3 sides frameless"/><Feature code="F400067665" rank="7" referenceName="Flicker-free technology"/><Feature code="F400078929" rank="8" referenceName="LowBlue Mode"/><Feature code="F400035281" rank="9" referenceName="Built-in stereo speakers for multimedia"/><Feature code="F400047687" rank="10" referenceName="HDMI ready_B2B"/><Feature code="F400064766" rank="11" referenceName="DisplayPort connection for maximum visuals"/></Features><CSItems><CSItem code="3006169" rank="1" referenceName="Beeld/scherm - Type LCD-scherm"/><CSItem code="3006576" rank="1" referenceName="Connectiviteit - Signaalinvoer"/><CSItem code="IT4014853" rank="1" referenceName="Comfort - Ingebouwde luidsprekers"/><CSItem code="IT4004954" rank="1" referenceName="Standaard - Kantelfunctie"/><CSItem code="IT4005861" rank="1" referenceName="Vermogen - Ingeschakeld"/><CSItem code="IT4005764" rank="1" referenceName="Afmetingen - Product met standaard (mm)"/><CSItem code="IT4005770" rank="1" referenceName="Gewicht - Product met standaard (kg)"/><CSItem code="IT4004946" rank="1" referenceName="Voorwaarden voor een goede werking - Temperatuurbereik (in bedrijf)"/><CSItem code="IT4004941" rank="1" referenceName="Duurzaamheid - Milieu en energie"/><CSItem code="IT4006152" rank="1" referenceName="Voldoet aan de normen - Officiële goedkeuringen"/><CSItem code="IT4004955" rank="1" referenceName="Kast - Kleur"/><CSItem code="IT4040999" rank="1" referenceName="Wat zit er in de doos? - Monitor met standaard"/><CSItem code="IT4007209" rank="2" referenceName="Beeld/scherm - Type achtergrondverlichting"/><CSItem code="3006588" rank="2" referenceName="Connectiviteit - Gesynchroniseerde invoer"/><CSItem code="3006633" rank="2" referenceName="Comfort - Gebruikersgemak"/><CSItem code="IT4006150" rank="2" referenceName="Vermogen - Stand-bymodus"/><CSItem code="IT4005765" rank="2" referenceName="Afmetingen - Product zonder standaard (mm)"/><CSItem code="IT4005771" rank="2" referenceName="Gewicht - Product zonder standaard (kg)"/><CSItem code="IT4004947" rank="2" referenceName="Voorwaarden voor een goede werking - Temperatuurbereik (opslag)"/><CSItem code="IT4004944" rank="2" referenceName="Duurzaamheid - Recyclebaar verpakkingsmateriaal"/><CSItem code="IT4004956" rank="2" referenceName="Kast - Afwerking"/><CSItem code="IT4041000" rank="2" referenceName="Wat zit er in de doos? - Kabels"/><CSItem code="3006180" rank="3" referenceName="Beeld/scherm - Schermgrootte"/><CSItem code="IT4005621" rank="3" referenceName="Connectiviteit - Audio (in/uit)"/><CSItem code="3006693" rank="3" referenceName="Comfort - OSD-talen"/><CSItem code="IT4006081" rank="3" referenceName="Vermogen - Uitmodus"/><CSItem code="IT4005766" rank="3" referenceName="Afmetingen - Verpakking in mm (b x h x d)"/><CSItem code="IT4005772" rank="3" referenceName="Gewicht - Product met verpakking (kg)"/><CSItem code="IT4004948" rank="3" referenceName="Voorwaarden voor een goede werking - Relatieve vochtigheid"/><CSItem code="IT4041030" rank="3" referenceName="Wat zit er in de doos? - Gebruikersdocumentatie"/><CSItem code="IT4044130" rank="4" referenceName="Beeld/scherm - Displaycoating"/><CSItem code="3006694" rank="4" referenceName="Comfort - Andere handige opties"/><CSItem code="IT4015354" rank="4" referenceName="Vermogen - Energieklasse"/><CSItem code="IT4023612" rank="4" referenceName="Voorwaarden voor een goede werking - Hoogte"/><CSItem code="3006149" rank="5" referenceName="Beeld/scherm - Effectief weergavegebied"/><CSItem code="3006699" rank="5" referenceName="Comfort - Plug &amp; Play-compatibiliteit"/><CSItem code="3006931" rank="5" referenceName="Vermogen - LED-indicator voor voeding"/><CSItem code="IT4004949" rank="5" referenceName="Voorwaarden voor een goede werking - MTBF"/><CSItem code="3006121" rank="6" referenceName="Beeld/scherm - Beeldformaat"/><CSItem code="3006932" rank="6" referenceName="Vermogen - Stroomvoorziening"/><CSItem code="IT4028831" rank="7" referenceName="Beeld/scherm - Maximale resolutie"/><CSItem code="IT4041772" rank="8" referenceName="Beeld/scherm - Pixeldichtheid"/><CSItem code="IT4039893" rank="9" referenceName="Beeld/scherm - Responstijd (normaal)"/><CSItem code="3006127" rank="10" referenceName="Beeld/scherm - Helderheid"/><CSItem code="3006133" rank="11" referenceName="Beeld/scherm - Contrastverhouding (normaal)"/><CSItem code="IT4006148" rank="12" referenceName="Beeld/scherm - SmartContrast"/><CSItem code="3006186" rank="13" referenceName="Beeld/scherm - Pixelpitch"/><CSItem code="3007518" rank="14" referenceName="Beeld/scherm - Kijkhoek"/><CSItem code="IT4036934" rank="15" referenceName="Beeld/scherm - Trillingsvrij"/><CSItem code="3006183" rank="16" referenceName="Beeld/scherm - Beeldverbetering"/><CSItem code="IT4034031" rank="17" referenceName="Beeld/scherm - Kleurenbereik (standaard)"/><CSItem code="3006143" rank="18" referenceName="Beeld/scherm - Schermkleuren"/><CSItem code="IT4006149" rank="19" referenceName="Beeld/scherm - Scanfrequentie"/><CSItem code="IT4042826" rank="20" referenceName="Beeld/scherm - LowBlue-modus"/><CSItem code="IT4042883" rank="21" referenceName="Beeld/scherm - FreeSync"/><CSItem code="3006207" rank="22" referenceName="Beeld/scherm - sRGB"/></CSItems></Purpose></Filters><FeatureCompareGroups/><Disclaimers><Disclaimer code="DIS40009223" rank="1" referenceName="Curved_Radius of the arc of the display curvature in mm"><DisclaimerText>Straal van boog van de schermkromming in mm</DisclaimerText><DisclaimElements/></Disclaimer><Disclaimer code="DIS40012896" rank="2" referenceName="The maximum resolution"><DisclaimerText>De maximale resolutie is geschikt voor HDMI-input of DP-input.</DisclaimerText><DisclaimElements/></Disclaimer><Disclaimer code="DIS40009731" rank="3" referenceName="Response time value equal to SmartResponse"><DisclaimerText>Waarde responstijd gelijk aan SmartResponse</DisclaimerText><DisclaimElements/></Disclaimer><Disclaimer code="DIS40011416" rank="4" referenceName="NTSC Area based on CIE1976"><DisclaimerText>NTSC-regio gebaseerd op CIE 1976</DisclaimerText><DisclaimElements/></Disclaimer><Disclaimer code="DIS40011417" rank="5" referenceName="sRGB Area based on CIE 1931"><DisclaimerText>sRGB-regio gebaseerd op CIE 1931</DisclaimerText><DisclaimElements/></Disclaimer><Disclaimer code="DIS40009222" rank="6" referenceName="AMD FreeSync"><DisclaimerText>2015 Advanced Micro Devices, Inc. Alle rechten voorbehouden. AMD, het AMD-pijllogo, FreeSync en combinaties daarvan zijn handelsmerken van Advanced Micro Devices, Inc. Andere namen zijn uitsluitend ter informatie en zijn mogelijk handelsmerken van hun respectieve eigenaren.</DisclaimerText><DisclaimElements/></Disclaimer><Disclaimer code="DIS40011928" rank="7" referenceName="The monitor may look different from feature images."><DisclaimerText>De monitor kan er anders uitzien dan op de afbeeldingen waarop de functies zijn aangegeven.</DisclaimerText><DisclaimElements/></Disclaimer></Disclaimers><RichTexts/></Product></Products>