<?xml version="1.0" encoding="UTF-8"?><Products xmlns:source="http://apache.org/cocoon/source/1.0" DocStatus="approved" DocTimeStamp="2018-10-23T10:48:29"><Product Country="CN" IsAccessory="false" IsMaster="false" Locale="zh_CN" lastModified="2018-10-23T04:30:06" masterLastModified="2017-10-28T00:29:42"><CTN>PPX4835/CN</CTN><Code12NC>867000138191</Code12NC><GTIN>6940971301437</GTIN><MarketingVersion>4.0.1</MarketingVersion><MarketingStatus>Final Published</MarketingStatus><CRDate>2016-03-25</CRDate><CRDateYW>201613</CRDateYW><ModelYears><ModelYear>2016</ModelYear></ModelYears><ProductDivision><ProductDivisionCode>0200</ProductDivisionCode><ProductDivisionName>Consumer Lifestyle</ProductDivisionName><FormerPDCode>3400</FormerPDCode></ProductDivision><ProductOwner>Elise Le Porcq-Massart</ProductOwner><DTN>PPX4835/CN</DTN><Catalog><StartOfPublication>2016-03-25T00:00:00</StartOfPublication><EndOfPublication>2018-10-25T00:00:00</EndOfPublication><StartOfSales>2016-03-25T00:00:00</StartOfSales><EndOfSales>2018-10-25T00:00:00</EndOfSales><DummyPrice/><Deleted>false</Deleted><DeleteAfterDate/><ProductRank>50</ProductRank></Catalog><FinancialCategorization><BusinessGroupCode>9819</BusinessGroupCode><BusinessGroupName>BG Other</BusinessGroupName><BusinessUnitCode>9674</BusinessUnitCode><BusinessUnitName>Discontinued Products</BusinessUnitName><MainArticleGroupCode>AV9</MainArticleGroupCode><MainArticleGroupName>LE / Woox</MainArticleGroupName><ArticleGroupCode>9181</ArticleGroupCode><ArticleGroupName>LE / Woox</ArticleGroupName></FinancialCategorization><Categorization type="CONSUMER"><GroupCode>SOUND_AND_VISION_GR</GroupCode><GroupName>Sound &amp; vision</GroupName><CategoryCode>PROJECTORS_CA</CategoryCode><CategoryName>Projectors</CategoryName><SubcategoryCode>MOBILE_PROJECTOR_SU</SubcategoryCode><SubcategoryName>Mobile projector</SubcategoryName></Categorization><Assets><Asset code="PPX4835_CN" description="Leaflet" extension="pdf" lastModified="2018-10-21" locale="zh_CN" number="001" type="PSS">http://download.p4c.philips.com/files/p/ppx4835_cn/ppx4835_cn_pss_zhscn.pdf</Asset><Asset code="PPX4835_CN" description="Retail Trade Leaflet" extension="pdf" lastModified="2018-10-05" locale="zh_CN" number="001" type="RTL">http://download.p4c.philips.com/files/p/ppx4835_cn/ppx4835_cn_rtl_zhscn.pdf</Asset><Asset code="PPX4835_CN" description="Leaflet" extension="pdf" lastModified="2018-10-21" locale="global" number="001" type="PSS">http://download.p4c.philips.com/files/p/ppx4835_cn/ppx4835_cn_pss_.pdf</Asset><Asset code="PPX4835_CN" description="Single product shot" extension="" lastModified="2018-10-23" locale="zh_CN" number="" type="IMS">http://images.philips.com/is/image/PhilipsConsumer/PPX4835_CN-IMS-zh_CN</Asset><Asset code="PPX4835_CN" description="Product gallery image set" extension="" lastModified="2018-10-23" locale="zh_CN" number="" type="GAL">http://images.philips.com/is/image/PhilipsConsumer/PPX4835_CN-GAL-zh_CN</Asset><Asset code="PPX4835_CN" description="Product URL" extension="" lastModified="2018-10-23" locale="zh_CN" number="" type="URL">http://www.philips.com.cn/c-p/PPX4835_CN/picopix-pocket-projector</Asset><Asset code="PHI" description="Brand logo - highres 1476x886" extension="tif" lastModified="2016-02-18" locale="global" number="001" type="BRP">http://images.philips.com/is/image/PhilipsConsumer/PHI-BRP-global-001</Asset><Asset code="S400001101" description="System logo - highres 331x213" extension="tif" lastModified="2011-10-25" locale="global" number="001" type="SLP">http://images.philips.com/is/image/PhilipsConsumer/S400001101-SLP-global-001</Asset><Asset code="S400001121" description="System logo - highres 331x213" extension="tif" lastModified="2011-10-25" locale="global" number="001" type="SLP">http://images.philips.com/is/image/PhilipsConsumer/S400001121-SLP-global-001</Asset><Asset code="SB40001564" description="Concept logo - lowres 198x198" extension="jpg" lastModified="2010-09-28" locale="global" number="001" type="CLL">http://images.philips.com/is/image/PhilipsConsumer/SB40001564-CLL-global-001</Asset></Assets><ProductName>350 流明 内置电池 微型投影仪</ProductName><FullProductName>飞利浦 PicoPix 微型投影仪 PPX4835 350 流明 内置电池</FullProductName><NamingString><MasterBrand><BrandCode>PHI</BrandCode><BrandName>Philips</BrandName></MasterBrand><BrandString>飞利浦</BrandString><Family><FamilyCode>SB40001564</FamilyCode><FamilyName>PicoPix</FamilyName><FamilyNameUsed>1</FamilyNameUsed></Family><Descriptor><DescriptorCode>D4009981</DescriptorCode><DescriptorName>微型投影仪</DescriptorName></Descriptor><Alphanumeric>PPX4835</Alphanumeric><VersionElement1><VersionElementCode>V4040548</VersionElementCode><VersionElementName>350 流明</VersionElementName></VersionElement1><VersionElement2><VersionElementCode>V4029454</VersionElementCode><VersionElementName>内置电池</VersionElementName></VersionElement2><VersionString>350 流明 内置电池</VersionString><BrandedFeatureString/><DescriptorBrandedFeatureString>微型投影仪</DescriptorBrandedFeatureString></NamingString><WOW>展现您的生活</WOW><MarketingTextHeader>PPX4835 是一款强大的 350 流明移动投影仪，拥有 720p 高清分辨率。屏幕尺寸高达 150 英寸（381 厘米）。HDMI/MHL 接口和移动电源功能让其成为您的强大伙伴。</MarketingTextHeader><KeyBenefitArea><KeyBenefitAreaCode>K4015975</KeyBenefitAreaCode><KeyBenefitAreaName>出色的图像质量</KeyBenefitAreaName><KeyBenefitAreaRank>1</KeyBenefitAreaRank><Feature><FeatureCode>F400075108</FeatureCode><FeatureReferenceName>Project up to 150"</FeatureReferenceName><FeatureName>投影尺寸高达 150 英寸</FeatureName><FeatureLongDescription>将高清视频、图像、演示文稿投影为 150 英寸大小</FeatureLongDescription><FeatureGlossary>将高清视频、图像和演示文稿投影为 150 英寸（381 厘米）大小</FeatureGlossary><FeatureRank>1</FeatureRank><FeatureTopRank>1</FeatureTopRank></Feature><Feature><FeatureCode>F400069383</FeatureCode><FeatureReferenceName>SmartEngine</FeatureReferenceName><FeatureName>SmartEngine</FeatureName><FeatureLongDescription>采用 LED 技术的 SmartEngine</FeatureLongDescription><FeatureGlossary>当与周围的人分享图片和视频时，保证其具有良好的品质。这就是为什么 PicoPix 微型投影仪采用高品质 SmartEngine LED 技术，以鲜艳的色彩和高对比度投射图片和视频的原因。</FeatureGlossary><FeatureRank>2</FeatureRank><FeatureTopRank>2</FeatureTopRank></Feature></KeyBenefitArea><KeyBenefitArea><KeyBenefitAreaCode>K4024295</KeyBenefitAreaCode><KeyBenefitAreaName>可用性高</KeyBenefitAreaName><KeyBenefitAreaRank>2</KeyBenefitAreaRank><Feature><FeatureCode>F400075110</FeatureCode><FeatureReferenceName>3 Watt speakers</FeatureReferenceName><FeatureName>1 个 3 瓦扬声器</FeatureName><FeatureLongDescription>1 个 3 瓦扬声器，带给您流畅的音效体验</FeatureLongDescription><FeatureGlossary>1 个 3 瓦扬声器，带给您流畅的音效体验</FeatureGlossary><FeatureRank>1</FeatureRank><FeatureTopRank>3</FeatureTopRank></Feature><Feature><FeatureCode>F400081202</FeatureCode><FeatureReferenceName>Various connections 3</FeatureReferenceName><FeatureName>各种连接方式 3</FeatureName><FeatureLongDescription>各种连接方式</FeatureLongDescription><FeatureGlossary>PicoPix 移动投影仪为常用设备提供了多样性的连接方式。USB、HDMI、分量、复合、SD/SDHC 插槽和 3.5 毫米音频输出，为您带来无限娱乐的可能</FeatureGlossary><FeatureRank>2</FeatureRank><FeatureTopRank>4</FeatureTopRank></Feature></KeyBenefitArea><SystemLogo><SystemLogoCode>S400001101</SystemLogoCode><SystemLogoName>DLP</SystemLogoName><SystemLogoRank>1</SystemLogoRank></SystemLogo><SystemLogo><SystemLogoCode>S400001121</SystemLogoCode><SystemLogoName>LED</SystemLogoName><SystemLogoRank>2</SystemLogoRank></SystemLogo><FeatureImage><FeatureCode>F400075108</FeatureCode><FeatureReferenceName>Project up to 150"</FeatureReferenceName><FeatureImageRank>1</FeatureImageRank></FeatureImage><FeatureImage><FeatureCode>F400069383</FeatureCode><FeatureReferenceName>SmartEngine</FeatureReferenceName><FeatureImageRank>2</FeatureImageRank></FeatureImage><FeatureImage><FeatureCode>F400075110</FeatureCode><FeatureReferenceName>3 Watt speakers</FeatureReferenceName><FeatureImageRank>3</FeatureImageRank></FeatureImage><FeatureHighlight><FeatureCode>F400075108</FeatureCode><FeatureReferenceName>Project up to 150"</FeatureReferenceName><FeatureHighlightRank>1</FeatureHighlightRank></FeatureHighlight><FeatureHighlight><FeatureCode>F400069383</FeatureCode><FeatureReferenceName>SmartEngine</FeatureReferenceName><FeatureHighlightRank>2</FeatureHighlightRank></FeatureHighlight><FeatureHighlight><FeatureCode>F400075110</FeatureCode><FeatureReferenceName>3 Watt speakers</FeatureReferenceName><FeatureHighlightRank>3</FeatureHighlightRank></FeatureHighlight><CSChapter><CSChapterCode>3000799</CSChapterCode><CSChapterName>声音</CSChapterName><CSChapterRank>2</CSChapterRank><CSItem><CSItemCode>IT4039391</CSItemCode><CSItemName>内置扬声器</CSItemName><CSItemRank>1</CSItemRank><CSItemIsFreeFormat>0</CSItemIsFreeFormat><CSValue><CSValueCode>VA4091638</CSValueCode><CSValueName>3 瓦</CSValueName><CSValueRank>16</CSValueRank></CSValue></CSItem></CSChapter><CSChapter><CSChapterCode>CH4002481</CSChapterCode><CSChapterName>连接</CSChapterName><CSChapterRank>3</CSChapterRank><CSItem><CSItemCode>IT4013711</CSItemCode><CSItemName>音频输出</CSItemName><CSItemRank>1</CSItemRank><CSItemIsFreeFormat>1</CSItemIsFreeFormat><CSValue><CSValueCode>VA4026445</CSValueCode><CSValueName>3.5 毫米音频输出插孔</CSValueName><CSValueRank>1</CSValueRank></CSValue></CSItem><CSItem><CSItemCode>IT4019341</CSItemCode><CSItemName>直流输入</CSItemName><CSItemRank>2</CSItemRank><CSItemIsFreeFormat>0</CSItemIsFreeFormat><CSValue><CSValueCode>VA4046643</CSValueCode><CSValueName>直流插孔</CSValueName><CSValueRank>3</CSValueRank></CSValue></CSItem><CSItem><CSItemCode>IT4019342</CSItemCode><CSItemName>USB</CSItemName><CSItemRank>3</CSItemRank><CSItemIsFreeFormat>1</CSItemIsFreeFormat><CSValue><CSValueCode>VA4046644</CSValueCode><CSValueName>用于移动电源功能（5200 毫安时/19,24瓦时）</CSValueName><CSValueRank>1</CSValueRank></CSValue></CSItem><CSItem><CSItemCode>IT4037061</CSItemCode><CSItemName>HDMI</CSItemName><CSItemRank>4</CSItemRank><CSItemIsFreeFormat>1</CSItemIsFreeFormat><CSValue><CSValueCode>VA4086120</CSValueCode><CSValueName>迷你 HDMI（带 HDCP）</CSValueName><CSValueRank>1</CSValueRank></CSValue></CSItem></CSChapter><CSChapter><CSChapterCode>3000820</CSChapterCode><CSChapterName>尺寸</CSChapterName><CSChapterRank>4</CSChapterRank><CSItem><CSItemCode>IT4007508</CSItemCode><CSItemName>带包装（宽x高x厚）</CSItemName><CSItemRank>1</CSItemRank><CSItemIsFreeFormat>1</CSItemIsFreeFormat><CSValue><CSValueCode>VA4019156</CSValueCode><CSValueName>150 x 150 x 105</CSValueName><CSValueRank>1</CSValueRank></CSValue><UnitOfMeasure><UnitOfMeasureCode>3000058</UnitOfMeasureCode><UnitOfMeasureName>毫米</UnitOfMeasureName><UnitOfMeasureSymbol>毫米</UnitOfMeasureSymbol></UnitOfMeasure></CSItem><CSItem><CSItemCode>IT4007516</CSItemCode><CSItemName>不带包装</CSItemName><CSItemRank>2</CSItemRank><CSItemIsFreeFormat>1</CSItemIsFreeFormat><CSValue><CSValueCode>VA4019166</CSValueCode><CSValueName>115 x 115 x 32</CSValueName><CSValueRank>1</CSValueRank></CSValue><UnitOfMeasure><UnitOfMeasureCode>3000058</UnitOfMeasureCode><UnitOfMeasureName>毫米</UnitOfMeasureName><UnitOfMeasureSymbol>毫米</UnitOfMeasureSymbol></UnitOfMeasure></CSItem></CSChapter><CSChapter><CSChapterCode>CH4000702</CSChapterCode><CSChapterName>重量</CSChapterName><CSChapterRank>5</CSChapterRank><CSItem><CSItemCode>IT4013611</CSItemCode><CSItemName>带包装</CSItemName><CSItemRank>1</CSItemRank><CSItemIsFreeFormat>1</CSItemIsFreeFormat><CSValue><CSValueCode>VA4026182</CSValueCode><CSValueName>1.020 千克</CSValueName><CSValueRank>1</CSValueRank></CSValue></CSItem><CSItem><CSItemCode>IT4007514</CSItemCode><CSItemName>不带包装（不含附件）</CSItemName><CSItemRank>2</CSItemRank><CSItemIsFreeFormat>1</CSItemIsFreeFormat><CSValue><CSValueCode>VA4019164</CSValueCode><CSValueName>0.342</CSValueName><CSValueRank>1</CSValueRank></CSValue><UnitOfMeasure><UnitOfMeasureCode>3000049</UnitOfMeasureCode><UnitOfMeasureName>千克</UnitOfMeasureName><UnitOfMeasureSymbol>千克</UnitOfMeasureSymbol></UnitOfMeasure></CSItem></CSChapter><CSChapter><CSChapterCode>CH4001925</CSChapterCode><CSChapterName>温度范围</CSChapterName><CSChapterRank>6</CSChapterRank><CSItem><CSItemCode>IT4009525</CSItemCode><CSItemName>工作中</CSItemName><CSItemRank>1</CSItemRank><CSItemIsFreeFormat>1</CSItemIsFreeFormat><CSValue><CSValueCode>VA4022846</CSValueCode><CSValueName>5 ~ 35° C</CSValueName><CSValueRank>1</CSValueRank></CSValue></CSItem><CSItem><CSItemCode>IT4009526</CSItemCode><CSItemName>带包装存放</CSItemName><CSItemRank>2</CSItemRank><CSItemIsFreeFormat>1</CSItemIsFreeFormat><CSValue><CSValueCode>VA4022847</CSValueCode><CSValueName>-25 ~ 60° C</CSValueName><CSValueRank>1</CSValueRank></CSValue></CSItem><CSItem><CSItemCode>IT4013716</CSItemCode><CSItemName>不带包装存放</CSItemName><CSItemRank>3</CSItemRank><CSItemIsFreeFormat>1</CSItemIsFreeFormat><CSValue><CSValueCode>VA4026450</CSValueCode><CSValueName>0 ~ 45° C</CSValueName><CSValueRank>1</CSValueRank></CSValue></CSItem></CSChapter><CSChapter><CSChapterCode>CH4001926</CSChapterCode><CSChapterName>相对湿度</CSChapterName><CSChapterRank>7</CSChapterRank><CSItem><CSItemCode>IT4009527</CSItemCode><CSItemName>工作中</CSItemName><CSItemRank>1</CSItemRank><CSItemIsFreeFormat>1</CSItemIsFreeFormat><CSValue><CSValueCode>VA4022848</CSValueCode><CSValueName>15 ~ 85% RH</CSValueName><CSValueRank>1</CSValueRank></CSValue></CSItem><CSItem><CSItemCode>IT4009528</CSItemCode><CSItemName>带包装存放</CSItemName><CSItemRank>2</CSItemRank><CSItemIsFreeFormat>1</CSItemIsFreeFormat><CSValue><CSValueCode>VA4022849</CSValueCode><CSValueName>5 ~ 93% RH</CSValueName><CSValueRank>1</CSValueRank></CSValue></CSItem><CSItem><CSItemCode>IT4013717</CSItemCode><CSItemName>不带包装存放</CSItemName><CSItemRank>3</CSItemRank><CSItemIsFreeFormat>1</CSItemIsFreeFormat><CSValue><CSValueCode>VA4026451</CSValueCode><CSValueName>15 ~ 85% RH</CSValueName><CSValueRank>1</CSValueRank></CSValue></CSItem></CSChapter><CSChapter><CSChapterCode>CH4001927</CSChapterCode><CSChapterName>标准包装包括</CSChapterName><CSChapterRank>8</CSChapterRank><CSItem><CSItemCode>IT4013592</CSItemCode><CSItemName>用户指南</CSItemName><CSItemRank>1</CSItemRank><CSItemIsFreeFormat>0</CSItemIsFreeFormat><CSValue><CSValueCode>VA4046647</CSValueCode><CSValueName>位于内存、互联网上</CSValueName><CSValueRank>29</CSValueRank></CSValue></CSItem><CSItem><CSItemCode>IT4019334</CSItemCode><CSItemName>快速入门指南</CSItemName><CSItemRank>2</CSItemRank><CSItemIsFreeFormat>0</CSItemIsFreeFormat><CSValue><CSValueCode>VA4046632</CSValueCode><CSValueName>是</CSValueName><CSValueRank>15</CSValueRank></CSValue></CSItem><CSItem><CSItemCode>IT4013593</CSItemCode><CSItemName>保修卡</CSItemName><CSItemRank>3</CSItemRank><CSItemIsFreeFormat>0</CSItemIsFreeFormat><CSValue><CSValueCode>VA4026174</CSValueCode><CSValueName>是</CSValueName><CSValueRank>8</CSValueRank></CSValue></CSItem><CSItem><CSItemCode>IT4013719</CSItemCode><CSItemName>交流适配器</CSItemName><CSItemRank>4</CSItemRank><CSItemIsFreeFormat>0</CSItemIsFreeFormat><CSValue><CSValueCode>VA4026453</CSValueCode><CSValueName>是</CSValueName><CSValueRank>5</CSValueRank></CSValue></CSItem><CSItem><CSItemCode>IT4013596</CSItemCode><CSItemName>便携盒</CSItemName><CSItemRank>5</CSItemRank><CSItemIsFreeFormat>0</CSItemIsFreeFormat><CSValue><CSValueCode>VA4026177</CSValueCode><CSValueName>是</CSValueName><CSValueRank>9</CSValueRank></CSValue></CSItem><CSItem><CSItemCode>IT4037049</CSItemCode><CSItemName>迷你 HDMI 至 HDMI 线缆</CSItemName><CSItemRank>6</CSItemRank><CSItemIsFreeFormat>0</CSItemIsFreeFormat><CSValue><CSValueCode>VA4086099</CSValueCode><CSValueName>是</CSValueName><CSValueRank>2</CSValueRank></CSValue></CSItem><CSItem><CSItemCode>IT4039389</CSItemCode><CSItemName>PPX4835</CSItemName><CSItemRank>7</CSItemRank><CSItemIsFreeFormat>0</CSItemIsFreeFormat><CSValue><CSValueCode>VA4091636</CSValueCode><CSValueName>是</CSValueName><CSValueRank>7</CSValueRank></CSValue></CSItem></CSChapter><CSChapter><CSChapterCode>CH4007582</CSChapterCode><CSChapterName>电源</CSChapterName><CSChapterRank>9</CSChapterRank><CSItem><CSItemCode>IT4037046</CSItemCode><CSItemName>内置电池</CSItemName><CSItemRank>1</CSItemRank><CSItemIsFreeFormat>0</CSItemIsFreeFormat><CSValue><CSValueCode>VA4091634</CSValueCode><CSValueName>ECO 环保节能模式：3 小时</CSValueName><CSValueRank>33</CSValueRank></CSValue><CSValue><CSValueCode>VA4091747</CSValueCode><CSValueName>内置电池：5200 毫安时/3.7 伏</CSValueName><CSValueRank>35</CSValueRank></CSValue></CSItem></CSChapter><CSChapter><CSChapterCode>CH4007061</CSChapterCode><CSChapterName>技术</CSChapterName><CSChapterRank>10</CSChapterRank><CSItem><CSItemCode>IT4037034</CSItemCode><CSItemName>宽高比</CSItemName><CSItemRank>1</CSItemRank><CSItemIsFreeFormat>0</CSItemIsFreeFormat><CSValue><CSValueCode>VA4086090</CSValueCode><CSValueName>16:9</CSValueName><CSValueRank>12</CSValueRank></CSValue></CSItem><CSItem><CSItemCode>IT4037028</CSItemCode><CSItemName>亮度</CSItemName><CSItemRank>2</CSItemRank><CSItemIsFreeFormat>0</CSItemIsFreeFormat><CSValue><CSValueCode>VA4091631</CSValueCode><CSValueName>350 流明</CSValueName><CSValueRank>28</CSValueRank></CSValue></CSItem><CSItem><CSItemCode>IT4037029</CSItemCode><CSItemName>对比度</CSItemName><CSItemRank>3</CSItemRank><CSItemIsFreeFormat>0</CSItemIsFreeFormat><CSValue><CSValueCode>VA4091626</CSValueCode><CSValueName>100.000:1</CSValueName><CSValueRank>31</CSValueRank></CSValue></CSItem><CSItem><CSItemCode>IT4037025</CSItemCode><CSItemName>显示技术</CSItemName><CSItemRank>4</CSItemRank><CSItemIsFreeFormat>0</CSItemIsFreeFormat><CSValue><CSValueCode>VA4090451</CSValueCode><CSValueName>DLP SmartEngine</CSValueName><CSValueRank>17</CSValueRank></CSValue></CSItem><CSItem><CSItemCode>IT4037039</CSItemCode><CSItemName>对焦调节</CSItemName><CSItemRank>5</CSItemRank><CSItemIsFreeFormat>0</CSItemIsFreeFormat><CSValue><CSValueCode>VA4086091</CSValueCode><CSValueName>手动</CSValueName><CSValueRank>13</CSValueRank></CSValue></CSItem><CSItem><CSItemCode>IT4039386</CSItemCode><CSItemName>梯形失真校正</CSItemName><CSItemRank>6</CSItemRank><CSItemIsFreeFormat>0</CSItemIsFreeFormat><CSValue><CSValueCode>VA4091630</CSValueCode><CSValueName>手动</CSValueName><CSValueRank>14</CSValueRank></CSValue></CSItem><CSItem><CSItemCode>IT4037026</CSItemCode><CSItemName>光源</CSItemName><CSItemRank>7</CSItemRank><CSItemIsFreeFormat>0</CSItemIsFreeFormat><CSValue><CSValueCode>VA4086082</CSValueCode><CSValueName>RGB LED</CSValueName><CSValueRank>1</CSValueRank></CSValue></CSItem><CSItem><CSItemCode>IT4037042</CSItemCode><CSItemName>噪音级别</CSItemName><CSItemRank>8</CSItemRank><CSItemIsFreeFormat>0</CSItemIsFreeFormat><CSValue><CSValueCode>VA4086094</CSValueCode><CSValueName>&lt; 28 dba</CSValueName><CSValueRank>4</CSValueRank></CSValue></CSItem><CSItem><CSItemCode>IT4037035</CSItemCode><CSItemName>投影模式</CSItemName><CSItemRank>9</CSItemRank><CSItemIsFreeFormat>0</CSItemIsFreeFormat><CSValue><CSValueCode>VA4086111</CSValueCode><CSValueName>前置</CSValueName><CSValueRank>11</CSValueRank></CSValue><CSValue><CSValueCode>VA4086113</CSValueCode><CSValueName>吊顶正面投影</CSValueName><CSValueRank>19</CSValueRank></CSValue><CSValue><CSValueCode>VA4086112</CSValueCode><CSValueName>背面投影</CSValueName><CSValueRank>24</CSValueRank></CSValue><CSValue><CSValueCode>VA4086114</CSValueCode><CSValueName>吊顶背面投影</CSValueName><CSValueRank>30</CSValueRank></CSValue></CSItem><CSItem><CSItemCode>IT4037030</CSItemCode><CSItemName>分辨率</CSItemName><CSItemRank>10</CSItemRank><CSItemIsFreeFormat>0</CSItemIsFreeFormat><CSValue><CSValueCode>VA4091627</CSValueCode><CSValueName>1280 x 720 像素</CSValueName><CSValueRank>25</CSValueRank></CSValue></CSItem><CSItem><CSItemCode>IT4037033</CSItemCode><CSItemName>屏幕距离</CSItemName><CSItemRank>11</CSItemRank><CSItemIsFreeFormat>0</CSItemIsFreeFormat><CSValue><CSValueCode>VA4090457</CSValueCode><CSValueName>50 厘米 - 500 厘米/20 英寸 - 197 英寸</CSValueName><CSValueRank>21</CSValueRank></CSValue></CSItem><CSItem><CSItemCode>IT4037032</CSItemCode><CSItemName>屏幕尺寸（对角线）</CSItemName><CSItemRank>12</CSItemRank><CSItemIsFreeFormat>0</CSItemIsFreeFormat><CSValue><CSValueCode>VA4091629</CSValueCode><CSValueName>38 厘米 - 381 厘米/15 英寸 - 150 英寸</CSValueName><CSValueRank>26</CSValueRank></CSValue></CSItem><CSItem><CSItemCode>IT4037031</CSItemCode><CSItemName>投影比</CSItemName><CSItemRank>13</CSItemRank><CSItemIsFreeFormat>0</CSItemIsFreeFormat><CSValue><CSValueCode>VA4091628</CSValueCode><CSValueName>1.47：1</CSValueName><CSValueRank>27</CSValueRank></CSValue></CSItem><CSItem><CSItemCode>IT4037038</CSItemCode><CSItemName>墙色校正</CSItemName><CSItemRank>14</CSItemRank><CSItemIsFreeFormat>0</CSItemIsFreeFormat><CSValue><CSValueCode>VA4086119</CSValueCode><CSValueName>蓝色</CSValueName><CSValueRank>10</CSValueRank></CSValue><CSValue><CSValueCode>VA4086118</CSValueCode><CSValueName>绿色</CSValueName><CSValueRank>22</CSValueRank></CSValue><CSValue><CSValueCode>VA4086117</CSValueCode><CSValueName>粉红色</CSValueName><CSValueRank>23</CSValueRank></CSValue><CSValue><CSValueCode>VA4086115</CSValueCode><CSValueName>白色</CSValueName><CSValueRank>32</CSValueRank></CSValue><CSValue><CSValueCode>VA4086116</CSValueCode><CSValueName>黄色</CSValueName><CSValueRank>34</CSValueRank></CSValue></CSItem></CSChapter><CSChapter><CSChapterCode>CH4009385</CSChapterCode><CSChapterName>XGEM 筛选键</CSChapterName><CSChapterRank>12</CSChapterRank><CSItem><CSItemCode>IT4044023</CSItemCode><CSItemName>重量</CSItemName><CSItemRank>1</CSItemRank><CSItemIsFreeFormat>0</CSItemIsFreeFormat><CSValue><CSValueCode>VA4101363</CSValueCode><CSValueName>342 克</CSValueName><CSValueRank>18</CSValueRank></CSValue></CSItem></CSChapter><Filters><Purpose type="Comparison"><Features><Feature code="F400075108" rank="1" referenceName="Project up to 150&#34;"/><Feature code="F400069383" rank="2" referenceName="SmartEngine"/><Feature code="F400075110" rank="3" referenceName="3 Watt speakers"/><Feature code="F400081202" rank="4" referenceName="Various connections 3"/></Features><CSItems><CSItem code="IT4039391" rank="1" referenceName="声音 - 内置扬声器"/><CSItem code="IT4013711" rank="1" referenceName="连接 - 音频输出"/><CSItem code="IT4007508" rank="1" referenceName="尺寸 - 带包装（宽x高x厚）"/><CSItem code="IT4013611" rank="1" referenceName="重量 - 带包装"/><CSItem code="IT4009525" rank="1" referenceName="温度范围 - 工作中"/><CSItem code="IT4009527" rank="1" referenceName="相对湿度 - 工作中"/><CSItem code="IT4013592" rank="1" referenceName="标准包装包括 - 用户指南"/><CSItem code="IT4037046" rank="1" referenceName="电源 - 内置电池"/><CSItem code="IT4037034" rank="1" referenceName="技术 - 宽高比"/><CSItem code="IT4044023" rank="1" referenceName="XGEM 筛选键 - 重量"/><CSItem code="IT4019341" rank="2" referenceName="连接 - 直流输入"/><CSItem code="IT4007516" rank="2" referenceName="尺寸 - 不带包装"/><CSItem code="IT4007514" rank="2" referenceName="重量 - 不带包装（不含附件）"/><CSItem code="IT4009526" rank="2" referenceName="温度范围 - 带包装存放"/><CSItem code="IT4009528" rank="2" referenceName="相对湿度 - 带包装存放"/><CSItem code="IT4019334" rank="2" referenceName="标准包装包括 - 快速入门指南"/><CSItem code="IT4037028" rank="2" referenceName="技术 - 亮度"/><CSItem code="IT4019342" rank="3" referenceName="连接 - USB"/><CSItem code="IT4013716" rank="3" referenceName="温度范围 - 不带包装存放"/><CSItem code="IT4013717" rank="3" referenceName="相对湿度 - 不带包装存放"/><CSItem code="IT4013593" rank="3" referenceName="标准包装包括 - 保修卡"/><CSItem code="IT4037029" rank="3" referenceName="技术 - 对比度"/><CSItem code="IT4037061" rank="4" referenceName="连接 - HDMI"/><CSItem code="IT4013719" rank="4" referenceName="标准包装包括 - 交流适配器"/><CSItem code="IT4037025" rank="4" referenceName="技术 - 显示技术"/><CSItem code="IT4013596" rank="5" referenceName="标准包装包括 - 便携盒"/><CSItem code="IT4037039" rank="5" referenceName="技术 - 对焦调节"/><CSItem code="IT4037049" rank="6" referenceName="标准包装包括 - 迷你 HDMI 至 HDMI 线缆"/><CSItem code="IT4039386" rank="6" referenceName="技术 - 梯形失真校正"/><CSItem code="IT4039389" rank="7" referenceName="标准包装包括 - PPX4835"/><CSItem code="IT4037026" rank="7" referenceName="技术 - 光源"/><CSItem code="IT4037042" rank="8" referenceName="技术 - 噪音级别"/><CSItem code="IT4037035" rank="9" referenceName="技术 - 投影模式"/><CSItem code="IT4037030" rank="10" referenceName="技术 - 分辨率"/><CSItem code="IT4037033" rank="11" referenceName="技术 - 屏幕距离"/><CSItem code="IT4037032" rank="12" referenceName="技术 - 屏幕尺寸（对角线）"/><CSItem code="IT4037031" rank="13" referenceName="技术 - 投影比"/><CSItem code="IT4037038" rank="14" referenceName="技术 - 墙色校正"/></CSItems></Purpose><Purpose type="Detail"><Features><Feature code="F400075108" rank="1" referenceName="Project up to 150&#34;"/><Feature code="F400069383" rank="2" referenceName="SmartEngine"/><Feature code="F400075110" rank="3" referenceName="3 Watt speakers"/><Feature code="F400081202" rank="4" referenceName="Various connections 3"/></Features><CSItems><CSItem code="IT4039391" rank="1" referenceName="声音 - 内置扬声器"/><CSItem code="IT4013711" rank="1" referenceName="连接 - 音频输出"/><CSItem code="IT4007508" rank="1" referenceName="尺寸 - 带包装（宽x高x厚）"/><CSItem code="IT4013611" rank="1" referenceName="重量 - 带包装"/><CSItem code="IT4009525" rank="1" referenceName="温度范围 - 工作中"/><CSItem code="IT4009527" rank="1" referenceName="相对湿度 - 工作中"/><CSItem code="IT4013592" rank="1" referenceName="标准包装包括 - 用户指南"/><CSItem code="IT4037046" rank="1" referenceName="电源 - 内置电池"/><CSItem code="IT4037034" rank="1" referenceName="技术 - 宽高比"/><CSItem code="IT4044023" rank="1" referenceName="XGEM 筛选键 - 重量"/><CSItem code="IT4019341" rank="2" referenceName="连接 - 直流输入"/><CSItem code="IT4007516" rank="2" referenceName="尺寸 - 不带包装"/><CSItem code="IT4007514" rank="2" referenceName="重量 - 不带包装（不含附件）"/><CSItem code="IT4009526" rank="2" referenceName="温度范围 - 带包装存放"/><CSItem code="IT4009528" rank="2" referenceName="相对湿度 - 带包装存放"/><CSItem code="IT4019334" rank="2" referenceName="标准包装包括 - 快速入门指南"/><CSItem code="IT4037028" rank="2" referenceName="技术 - 亮度"/><CSItem code="IT4019342" rank="3" referenceName="连接 - USB"/><CSItem code="IT4013716" rank="3" referenceName="温度范围 - 不带包装存放"/><CSItem code="IT4013717" rank="3" referenceName="相对湿度 - 不带包装存放"/><CSItem code="IT4013593" rank="3" referenceName="标准包装包括 - 保修卡"/><CSItem code="IT4037029" rank="3" referenceName="技术 - 对比度"/><CSItem code="IT4037061" rank="4" referenceName="连接 - HDMI"/><CSItem code="IT4013719" rank="4" referenceName="标准包装包括 - 交流适配器"/><CSItem code="IT4037025" rank="4" referenceName="技术 - 显示技术"/><CSItem code="IT4013596" rank="5" referenceName="标准包装包括 - 便携盒"/><CSItem code="IT4037039" rank="5" referenceName="技术 - 对焦调节"/><CSItem code="IT4037049" rank="6" referenceName="标准包装包括 - 迷你 HDMI 至 HDMI 线缆"/><CSItem code="IT4039386" rank="6" referenceName="技术 - 梯形失真校正"/><CSItem code="IT4039389" rank="7" referenceName="标准包装包括 - PPX4835"/><CSItem code="IT4037026" rank="7" referenceName="技术 - 光源"/><CSItem code="IT4037042" rank="8" referenceName="技术 - 噪音级别"/><CSItem code="IT4037035" rank="9" referenceName="技术 - 投影模式"/><CSItem code="IT4037030" rank="10" referenceName="技术 - 分辨率"/><CSItem code="IT4037033" rank="11" referenceName="技术 - 屏幕距离"/><CSItem code="IT4037032" rank="12" referenceName="技术 - 屏幕尺寸（对角线）"/><CSItem code="IT4037031" rank="13" referenceName="技术 - 投影比"/><CSItem code="IT4037038" rank="14" referenceName="技术 - 墙色校正"/></CSItems></Purpose></Filters><FeatureCompareGroups/><Disclaimers/><RichTexts/></Product></Products>