<?xml version="1.0" encoding="UTF-8"?><Products xmlns:source="http://apache.org/cocoon/source/1.0" DocStatus="approved" DocTimeStamp="2018-10-23T10:48:29"><Product Country="CN" IsAccessory="false" IsMaster="false" Locale="zh_CN" lastModified="2018-10-23T04:30:06" masterLastModified="2018-08-01T00:49:57"><CTN>716663166</CTN><Code12NC>915004934201</Code12NC><GTIN>6947830426102</GTIN><MarketingVersion>3.0.1</MarketingVersion><MarketingStatus>Final Published</MarketingStatus><CRDate>2014-02-28</CRDate><CRDateYW>201409</CRDateYW><ModelYears><ModelYear>2014</ModelYear></ModelYears><ProductDivision><ProductDivisionCode>0100</ProductDivisionCode><ProductDivisionName>Lighting</ProductDivisionName><FormerPDCode>0100</FormerPDCode></ProductDivision><ProductOwner>Mike Jz Luo</ProductOwner><DTN>71666/31/66</DTN><Catalog><StartOfPublication>2014-03-31T00:00:00</StartOfPublication><EndOfPublication>2021-12-31T00:00:00</EndOfPublication><StartOfSales>2014-03-31T00:00:00</StartOfSales><EndOfSales>2021-12-31T00:00:00</EndOfSales><DummyPrice>690</DummyPrice><Deleted>false</Deleted><DeleteAfterDate/><ProductRank>50</ProductRank></Catalog><FinancialCategorization><BusinessGroupCode>9021</BusinessGroupCode><BusinessGroupName>Home</BusinessGroupName><BusinessUnitCode>9159</BusinessUnitCode><BusinessUnitName>Home Luminaires</BusinessUnitName><MainArticleGroupCode>D17</MainArticleGroupCode><MainArticleGroupName>Desk</MainArticleGroupName><ArticleGroupCode>4899</ArticleGroupCode><ArticleGroupName>Desk</ArticleGroupName></FinancialCategorization><Categorization type="CONSUMER"><GroupCode>LIGHTING_GR</GroupCode><GroupName>Lighting</GroupName><CategoryCode>CHOOSE_YOUR_LUMINAIRE_CA</CategoryCode><CategoryName>Choose a fixture</CategoryName><SubcategoryCode>CONCEPT_EYECARE_SU</SubcategoryCode><SubcategoryName>EyeCare</SubcategoryName></Categorization><Assets><Asset code="716663166" description="User manual" extension="pdf" lastModified="2015-05-13" locale="zh_CN" number="001" type="DFU">http://download.p4c.philips.com/files/7/716663166/716663166_dfu_zhs.pdf</Asset><Asset code="716663166" description="Leaflet" extension="pdf" lastModified="2018-08-08" locale="zh_CN" number="001" type="PSS">http://download.p4c.philips.com/files/7/716663166/716663166_pss_zhscn.pdf</Asset><Asset code="716663166" description="Quick start guide" extension="pdf" lastModified="2015-05-13" locale="zh_CN" number="001" type="QSG">http://download.p4c.philips.com/files/7/716663166/716663166_qsg_zhs.pdf</Asset><Asset code="716663166" description="Retail Trade Leaflet" extension="pdf" lastModified="2018-10-22" locale="zh_CN" number="001" type="RTL">http://download.p4c.philips.com/files/7/716663166/716663166_rtl_zhscn.pdf</Asset><Asset code="716663166" description="Alternative product photograph 1 - highres 2196x1795" extension="tif" lastModified="2015-08-10" locale="global" number="001" type="A1P">http://images.philips.com/is/image/PhilipsConsumer/716663166-A1P-global-001</Asset><Asset code="716663166" description="Alternative product photograph 2 - highres 2196x1795" extension="tif" lastModified="2015-08-10" locale="global" number="001" type="A2P">http://images.philips.com/is/image/PhilipsConsumer/716663166-A2P-global-001</Asset><Asset code="716663166" description="Product detail 1 - highres 2196x1795" extension="tif" lastModified="2015-08-10" locale="global" number="001" type="D1P">http://images.philips.com/is/image/PhilipsConsumer/716663166-D1P-global-001</Asset><Asset code="716663166" description="Product detail 2 - highres 2196x1795" extension="tif" lastModified="2015-08-10" locale="global" number="001" type="D2P">http://images.philips.com/is/image/PhilipsConsumer/716663166-D2P-global-001</Asset><Asset code="716663166" description="Product detail photograph - highres 2196x2196" extension="tif" lastModified="2015-08-10" locale="global" number="001" type="DPP">http://images.philips.com/is/image/PhilipsConsumer/716663166-DPP-global-001</Asset><Asset code="716663166" description="Leaflet" extension="pdf" lastModified="2018-08-02" locale="global" number="001" type="PSS">http://download.p4c.philips.com/files/7/716663166/716663166_pss_.pdf</Asset><Asset code="716663166" description="Standard product photograph - highres 2196x1795" extension="tif" lastModified="2015-08-10" locale="global" number="001" type="RTP">http://images.philips.com/is/image/PhilipsConsumer/716663166-RTP-global-001</Asset><Asset code="716663166" description="Single product shot" extension="" lastModified="2018-10-23" locale="zh_CN" number="" type="IMS">http://images.philips.com/is/image/PhilipsConsumer/716663166-IMS-zh_CN</Asset><Asset code="716663166" description="Product gallery image set" extension="" lastModified="2018-10-23" locale="zh_CN" number="" type="GAL">http://images.philips.com/is/image/PhilipsConsumer/716663166-GAL-zh_CN</Asset><Asset code="716663166" description="Product URL" extension="" lastModified="2018-10-23" locale="zh_CN" number="" type="URL">http://www.philips.com.cn/c-p/716663166/table-lamp</Asset><Asset code="F400085034" description="Feature photograph - highres 2100x1170" extension="tif" lastModified="2017-11-27" locale="global" number="001" type="FIL">http://images.philips.com/is/image/PhilipsConsumer/F400085034-FIL-global-001</Asset><Asset code="F400085105" description="Feature photograph - highres 2100x1170" extension="tif" lastModified="2017-11-29" locale="global" number="001" type="FIL">http://images.philips.com/is/image/PhilipsConsumer/F400085105-FIL-global-001</Asset><Asset code="F400085308" description="Feature photograph - highres 2100x1170" extension="tif" lastModified="2017-12-04" locale="global" number="001" type="FIL">http://images.philips.com/is/image/PhilipsConsumer/F400085308-FIL-global-001</Asset><Asset code="PHI" description="Brand logo - highres 1476x886" extension="tif" lastModified="2016-02-18" locale="global" number="001" type="BRP">http://images.philips.com/is/image/PhilipsConsumer/PHI-BRP-global-001</Asset></Assets><ProductName>晶皓白色 LED 台灯</ProductName><FullProductName>飞利浦 桌灯 71666/31/66 晶皓白色 LED</FullProductName><NamingString><MasterBrand><BrandCode>PHI</BrandCode><BrandName>Philips</BrandName></MasterBrand><BrandString>飞利浦</BrandString><Descriptor><DescriptorCode>PLM0830TAB</DescriptorCode><DescriptorName>桌灯</DescriptorName></Descriptor><Alphanumeric>71666/31/66</Alphanumeric><VersionElement1><VersionElementCode>PLM0005083</VersionElementCode><VersionElementName>晶皓</VersionElementName></VersionElement1><VersionElement2><VersionElementCode>PLM018331</VersionElementCode><VersionElementName>白色</VersionElementName></VersionElement2><VersionElement3><VersionElementCode>PLM0814Y</VersionElementCode><VersionElementName>LED</VersionElementName></VersionElement3><VersionString>晶皓白色 LED</VersionString><BrandedFeatureString/><DescriptorBrandedFeatureString>桌灯</DescriptorBrandedFeatureString></NamingString><WOW>创新舒适照明桌面解决方案再升级</WOW><MarketingTextHeader>飞利浦晶皓 LED 台灯可让您的书房彰显现代化气息。这款台灯采用铝金属和合成材料制造，拥有 3D 铝制旋转灯臂和滑动调光面板，亮度调节随心所欲。</MarketingTextHeader><KeyBenefitArea><KeyBenefitAreaCode>K4010332</KeyBenefitAreaCode><KeyBenefitAreaName>易于使用</KeyBenefitAreaName><KeyBenefitAreaRank>1</KeyBenefitAreaRank><Feature><FeatureCode>F400085105</FeatureCode><FeatureReferenceName>Built-in USB port (APR 2017)</FeatureReferenceName><FeatureName>内置 USB 端口</FeatureName><FeatureLongDescription>内置 USB 端口</FeatureLongDescription><FeatureGlossary>飞利浦多功能台灯配备内置 USB 端口，可用于智能手机和其他设备充电，带来诸多便利。</FeatureGlossary><FeatureRank>3</FeatureRank><FeatureTopRank>1</FeatureTopRank></Feature><Feature><FeatureCode>F400085034</FeatureCode><FeatureReferenceName>Flexible directional light (APR 2017)</FeatureReferenceName><FeatureName>角度可调节灯具</FeatureName><FeatureLongDescription>角度可调节灯具</FeatureLongDescription><FeatureGlossary>您可以调整灯具的光照方向，以便更好地满足自己的需求。</FeatureGlossary><FeatureRank>5</FeatureRank><FeatureTopRank>2</FeatureTopRank></Feature><Feature><FeatureCode>F400085370</FeatureCode><FeatureReferenceName>Honeycomb lens technology (APR Lums)</FeatureReferenceName><FeatureName>蜂巢型透镜技术</FeatureName><FeatureLongDescription>蜂巢型透镜技术</FeatureLongDescription><FeatureGlossary>灯光通过许多微型蜂巢型透镜散射开来，实现均匀的光线输出，减少间接眩光，提供舒适的光线。</FeatureGlossary><FeatureRank>7</FeatureRank><FeatureTopRank>7</FeatureTopRank></Feature></KeyBenefitArea><KeyBenefitArea><KeyBenefitAreaCode>K4010530</KeyBenefitAreaCode><KeyBenefitAreaName>高品质的 LED 芯片</KeyBenefitAreaName><KeyBenefitAreaRank>2</KeyBenefitAreaRank><Feature><FeatureCode>F400085199</FeatureCode><FeatureReferenceName>Energy efficient &amp; longer lasting (APR 2017)</FeatureReferenceName><FeatureName>节约能耗</FeatureName><FeatureLongDescription>高效节能，持久耐用</FeatureLongDescription><FeatureGlossary>飞利浦节能灯泡省电节能，节约电费，经济又环保。</FeatureGlossary><FeatureRank>1</FeatureRank><FeatureTopRank>3</FeatureTopRank></Feature><Feature><FeatureCode>F400085203</FeatureCode><FeatureReferenceName>LED technology (APR 2017)</FeatureReferenceName><FeatureName>LED 技术</FeatureName><FeatureLongDescription>LED 技术</FeatureLongDescription><FeatureGlossary>LED 产品散热量低，使其低温可触，可安全持握。</FeatureGlossary><FeatureRank>2</FeatureRank><FeatureTopRank>4</FeatureTopRank></Feature></KeyBenefitArea><KeyBenefitArea><KeyBenefitAreaCode>K4031068</KeyBenefitAreaCode><KeyBenefitAreaName>调控</KeyBenefitAreaName><KeyBenefitAreaRank>3</KeyBenefitAreaRank><Feature><FeatureCode>F400085308</FeatureCode><FeatureReferenceName>Switch on-base (APR Lums)</FeatureReferenceName><FeatureName>底座开关</FeatureName><FeatureLongDescription>底座开关</FeatureLongDescription><FeatureGlossary>灯具的开关位于底座上，方便触及。</FeatureGlossary><FeatureRank>4</FeatureRank><FeatureTopRank>5</FeatureTopRank></Feature><Feature><FeatureCode>F400085283</FeatureCode><FeatureReferenceName>5-level slide dimming (APR Lums)</FeatureReferenceName><FeatureName>5 档触摸调光</FeatureName><FeatureLongDescription>5 档触摸调光</FeatureLongDescription><FeatureGlossary>直观的 5 档触摸式亮度调节，让您可以更好的控制灯光，营造适合您的灯光氛围。</FeatureGlossary><FeatureRank>6</FeatureRank><FeatureTopRank>6</FeatureTopRank></Feature></KeyBenefitArea><CSChapter><CSChapterCode>PLMCHP010</CSChapterCode><CSChapterName>设计和外观</CSChapterName><CSChapterRank>10</CSChapterRank><CSItem><CSItemCode>PLMITM010001</CSItemCode><CSItemName>材料</CSItemName><CSItemRank>1</CSItemRank><CSItemIsFreeFormat>0</CSItemIsFreeFormat><CSValue><CSValueCode>PLMATR0105AL</CSValueCode><CSValueName>铝制</CSValueName><CSValueRank>1</CSValueRank></CSValue></CSItem><CSItem><CSItemCode>PLMITM010002</CSItemCode><CSItemName>颜色</CSItemName><CSItemRank>2</CSItemRank><CSItemIsFreeFormat>0</CSItemIsFreeFormat><CSValue><CSValueCode>PLMATR018331</CSValueCode><CSValueName>白色</CSValueName><CSValueRank>1</CSValueRank></CSValue></CSItem></CSChapter><CSChapter><CSChapterCode>PLMCHP030</CSChapterCode><CSChapterName>产品尺寸和重量</CSChapterName><CSChapterRank>30</CSChapterRank><CSItem><CSItemCode>PLMITM030001</CSItemCode><CSItemName>高度</CSItemName><CSItemRank>1</CSItemRank><CSItemIsFreeFormat>1</CSItemIsFreeFormat><CSValue><CSValueCode>VA4042333</CSValueCode><CSValueName>41.7</CSValueName><CSValueRank>1</CSValueRank></CSValue><UnitOfMeasure><UnitOfMeasureCode>3000039</UnitOfMeasureCode><UnitOfMeasureName>厘米</UnitOfMeasureName><UnitOfMeasureSymbol>厘米</UnitOfMeasureSymbol></UnitOfMeasure></CSItem><CSItem><CSItemCode>PLMITM030004</CSItemCode><CSItemName>长度</CSItemName><CSItemRank>4</CSItemRank><CSItemIsFreeFormat>1</CSItemIsFreeFormat><CSValue><CSValueCode>VA4042309</CSValueCode><CSValueName>15</CSValueName><CSValueRank>1</CSValueRank></CSValue><UnitOfMeasure><UnitOfMeasureCode>3000039</UnitOfMeasureCode><UnitOfMeasureName>厘米</UnitOfMeasureName><UnitOfMeasureSymbol>厘米</UnitOfMeasureSymbol></UnitOfMeasure></CSItem><CSItem><CSItemCode>PLMITM030005</CSItemCode><CSItemName>宽度</CSItemName><CSItemRank>5</CSItemRank><CSItemIsFreeFormat>1</CSItemIsFreeFormat><CSValue><CSValueCode>VA4042311</CSValueCode><CSValueName>40.7</CSValueName><CSValueRank>1</CSValueRank></CSValue><UnitOfMeasure><UnitOfMeasureCode>3000039</UnitOfMeasureCode><UnitOfMeasureName>厘米</UnitOfMeasureName><UnitOfMeasureSymbol>厘米</UnitOfMeasureSymbol></UnitOfMeasure></CSItem><CSItem><CSItemCode>PLMITM030006</CSItemCode><CSItemName>净重</CSItemName><CSItemRank>6</CSItemRank><CSItemIsFreeFormat>1</CSItemIsFreeFormat><CSValue><CSValueCode>VA4042308</CSValueCode><CSValueName>1.570</CSValueName><CSValueRank>1</CSValueRank></CSValue><UnitOfMeasure><UnitOfMeasureCode>3000049</UnitOfMeasureCode><UnitOfMeasureName>千克</UnitOfMeasureName><UnitOfMeasureSymbol>千克</UnitOfMeasureSymbol></UnitOfMeasure></CSItem></CSChapter><CSChapter><CSChapterCode>PLMCHP040</CSChapterCode><CSChapterName>技术规格</CSChapterName><CSChapterRank>40</CSChapterRank><CSItem><CSItemCode>PLMITM040001</CSItemCode><CSItemName>主电源</CSItemName><CSItemRank>1</CSItemRank><CSItemIsFreeFormat>0</CSItemIsFreeFormat><CSValue><CSValueCode>PLMATR0719110-240</CSValueCode><CSValueName>110 伏 - 240 伏</CSValueName><CSValueRank>1</CSValueRank></CSValue></CSItem><CSItem><CSItemCode>PLMITM040003</CSItemCode><CSItemName>灯泡数量</CSItemName><CSItemRank>3</CSItemRank><CSItemIsFreeFormat>1</CSItemIsFreeFormat><CSValue><CSValueCode>VA4042306</CSValueCode><CSValueName>1</CSValueName><CSValueRank>1</CSValueRank></CSValue></CSItem><CSItem><CSItemCode>PLMITM040005</CSItemCode><CSItemName>附赠光源瓦数</CSItemName><CSItemRank>5</CSItemRank><CSItemIsFreeFormat>0</CSItemIsFreeFormat><CSValue><CSValueCode>PLMATR04608</CSValueCode><CSValueName>8 瓦</CSValueName><CSValueRank>1</CSValueRank></CSValue></CSItem><CSItem><CSItemCode>PLMITM040006</CSItemCode><CSItemName>替换灯泡的最大瓦数</CSItemName><CSItemRank>6</CSItemRank><CSItemIsFreeFormat>0</CSItemIsFreeFormat><CSValue><CSValueCode>PLMATR03336</CSValueCode><CSValueName>6 瓦</CSValueName><CSValueRank>1</CSValueRank></CSValue></CSItem><CSItem><CSItemCode>PLMITM0400011</CSItemCode><CSItemName>灯具亮度</CSItemName><CSItemRank>11</CSItemRank><CSItemIsFreeFormat>0</CSItemIsFreeFormat><CSValue><CSValueCode>PLMATR1096350</CSValueCode><CSValueName>350 流明</CSValueName><CSValueRank>1</CSValueRank></CSValue></CSItem><CSItem><CSItemCode>PLMITM0400013</CSItemCode><CSItemName>亮度可调</CSItemName><CSItemRank>13</CSItemRank><CSItemIsFreeFormat>0</CSItemIsFreeFormat><CSValue><CSValueCode>PLMATR1075Y</CSValueCode><CSValueName>是</CSValueName><CSValueRank>1</CSValueRank></CSValue></CSItem><CSItem><CSItemCode>PLMITM0400014</CSItemCode><CSItemName>LED</CSItemName><CSItemRank>14</CSItemRank><CSItemIsFreeFormat>0</CSItemIsFreeFormat><CSValue><CSValueCode>PLMATR0814Y</CSValueCode><CSValueName>是</CSValueName><CSValueRank>1</CSValueRank></CSValue></CSItem><CSItem><CSItemCode>PLMITM0400015</CSItemCode><CSItemName>内置 LED</CSItemName><CSItemRank>15</CSItemRank><CSItemIsFreeFormat>0</CSItemIsFreeFormat><CSValue><CSValueCode>PLMATR1095EEL09-3</CSValueCode><CSValueName>是</CSValueName><CSValueRank>1</CSValueRank></CSValue></CSItem><CSItem><CSItemCode>PLMITM040026</CSItemCode><CSItemName>IP 码</CSItemName><CSItemRank>26</CSItemRank><CSItemIsFreeFormat>0</CSItemIsFreeFormat><CSValue><CSValueCode>PLMATR0290IP20</CSValueCode><CSValueName>IP20</CSValueName><CSValueRank>1</CSValueRank></CSValue><CSValue><CSValueCode>PLMATR0290IP20-2</CSValueCode><CSValueName>可防止直径大于 12.5mm 的固体外物侵入</CSValueName><CSValueRank>2</CSValueRank></CSValue><CSValue><CSValueCode>PLMATR0290IP20-3</CSValueCode><CSValueName>不防水</CSValueName><CSValueRank>3</CSValueRank></CSValue></CSItem><CSItem><CSItemCode>PLMITM040027</CSItemCode><CSItemName>保护级别</CSItemName><CSItemRank>27</CSItemRank><CSItemIsFreeFormat>0</CSItemIsFreeFormat><CSValue><CSValueCode>PLMATR0289II</CSValueCode><CSValueName>II - 双重绝缘</CSValueName><CSValueRank>1</CSValueRank></CSValue></CSItem></CSChapter><CSChapter><CSChapterCode>PLMCHP050</CSChapterCode><CSChapterName>服务</CSChapterName><CSChapterRank>50</CSChapterRank><CSItem><CSItemCode>PLMITM050001</CSItemCode><CSItemName>保修</CSItemName><CSItemRank>1</CSItemRank><CSItemIsFreeFormat>0</CSItemIsFreeFormat><CSValue><CSValueCode>PLMATR02981</CSValueCode><CSValueName>1 年</CSValueName><CSValueRank>1</CSValueRank></CSValue></CSItem></CSChapter><CSChapter><CSChapterCode>PLMCHP060</CSChapterCode><CSChapterName>包装尺寸和重量</CSChapterName><CSChapterRank>60</CSChapterRank><CSItem><CSItemCode>PLMITM060001</CSItemCode><CSItemName>高度</CSItemName><CSItemRank>1</CSItemRank><CSItemIsFreeFormat>1</CSItemIsFreeFormat><CSValue><CSValueCode>VA4042312</CSValueCode><CSValueName>46</CSValueName><CSValueRank>1</CSValueRank></CSValue><UnitOfMeasure><UnitOfMeasureCode>3000039</UnitOfMeasureCode><UnitOfMeasureName>厘米</UnitOfMeasureName><UnitOfMeasureSymbol>厘米</UnitOfMeasureSymbol></UnitOfMeasure></CSItem><CSItem><CSItemCode>PLMITM060002</CSItemCode><CSItemName>长度</CSItemName><CSItemRank>2</CSItemRank><CSItemIsFreeFormat>1</CSItemIsFreeFormat><CSValue><CSValueCode>VA4042313</CSValueCode><CSValueName>16.5</CSValueName><CSValueRank>1</CSValueRank></CSValue><UnitOfMeasure><UnitOfMeasureCode>3000039</UnitOfMeasureCode><UnitOfMeasureName>厘米</UnitOfMeasureName><UnitOfMeasureSymbol>厘米</UnitOfMeasureSymbol></UnitOfMeasure></CSItem><CSItem><CSItemCode>PLMITM060003</CSItemCode><CSItemName>宽度</CSItemName><CSItemRank>3</CSItemRank><CSItemIsFreeFormat>1</CSItemIsFreeFormat><CSValue><CSValueCode>VA4042307</CSValueCode><CSValueName>19.5</CSValueName><CSValueRank>1</CSValueRank></CSValue><UnitOfMeasure><UnitOfMeasureCode>3000039</UnitOfMeasureCode><UnitOfMeasureName>厘米</UnitOfMeasureName><UnitOfMeasureSymbol>厘米</UnitOfMeasureSymbol></UnitOfMeasure></CSItem><CSItem><CSItemCode>PLMITM060004</CSItemCode><CSItemName>重量</CSItemName><CSItemRank>4</CSItemRank><CSItemIsFreeFormat>1</CSItemIsFreeFormat><CSValue><CSValueCode>VA4042304</CSValueCode><CSValueName>2.150</CSValueName><CSValueRank>1</CSValueRank></CSValue><UnitOfMeasure><UnitOfMeasureCode>3000049</UnitOfMeasureCode><UnitOfMeasureName>千克</UnitOfMeasureName><UnitOfMeasureSymbol>千克</UnitOfMeasureSymbol></UnitOfMeasure></CSItem></CSChapter><CSChapter><CSChapterCode>PLMCHP070</CSChapterCode><CSChapterName>其他条款</CSChapterName><CSChapterRank>70</CSChapterRank><CSItem><CSItemCode>PLMITM070001</CSItemCode><CSItemName>设计用于</CSItemName><CSItemRank>1</CSItemRank><CSItemIsFreeFormat>0</CSItemIsFreeFormat><CSValue><CSValueCode>PLMATR0970HO_S</CSValueCode><CSValueName>家庭办公室和书房</CSValueName><CSValueRank>1</CSValueRank></CSValue><CSValue><CSValueCode>PLMATR0970L_B</CSValueCode><CSValueName>客厅和卧室</CSValueName><CSValueRank>2</CSValueRank></CSValue></CSItem><CSItem><CSItemCode>PLMITM070003</CSItemCode><CSItemName>类型</CSItemName><CSItemRank>3</CSItemRank><CSItemIsFreeFormat>0</CSItemIsFreeFormat><CSValue><CSValueCode>PLMATR0830TABLE</CSValueCode><CSValueName>桌灯</CSValueName><CSValueRank>1</CSValueRank></CSValue></CSItem></CSChapter><Filters><Purpose type="Comparison"><Features><Feature code="F400085105" rank="1" referenceName="Built-in USB port (APR 2017)"/><Feature code="F400085034" rank="2" referenceName="Flexible directional light (APR 2017)"/><Feature code="F400085199" rank="3" referenceName="Energy efficient &amp; longer lasting (APR 2017)"/><Feature code="F400085203" rank="4" referenceName="LED technology (APR 2017)"/><Feature code="F400085308" rank="5" referenceName="Switch on-base (APR Lums)"/><Feature code="F400085283" rank="6" referenceName="5-level slide dimming (APR Lums)"/><Feature code="F400085370" rank="7" referenceName="Honeycomb lens technology (APR Lums)"/></Features><CSItems><CSItem code="PLMITM010001" rank="1" referenceName="设计和外观 - 材料"/><CSItem code="PLMITM030001" rank="1" referenceName="产品尺寸和重量 - 高度"/><CSItem code="PLMITM040001" rank="1" referenceName="技术规格 - 主电源"/><CSItem code="PLMITM050001" rank="1" referenceName="服务 - 保修"/><CSItem code="PLMITM060001" rank="1" referenceName="包装尺寸和重量 - 高度"/><CSItem code="PLMITM070001" rank="1" referenceName="其他条款 - 设计用于"/><CSItem code="PLMITM010002" rank="2" referenceName="设计和外观 - 颜色"/><CSItem code="PLMITM060002" rank="2" referenceName="包装尺寸和重量 - 长度"/><CSItem code="PLMITM040003" rank="3" referenceName="技术规格 - 灯泡数量"/><CSItem code="PLMITM060003" rank="3" referenceName="包装尺寸和重量 - 宽度"/><CSItem code="PLMITM070003" rank="3" referenceName="其他条款 - 类型"/><CSItem code="PLMITM030004" rank="4" referenceName="产品尺寸和重量 - 长度"/><CSItem code="PLMITM060004" rank="4" referenceName="包装尺寸和重量 - 重量"/><CSItem code="PLMITM030005" rank="5" referenceName="产品尺寸和重量 - 宽度"/><CSItem code="PLMITM040005" rank="5" referenceName="技术规格 - 附赠光源瓦数"/><CSItem code="PLMITM030006" rank="6" referenceName="产品尺寸和重量 - 净重"/><CSItem code="PLMITM040006" rank="6" referenceName="技术规格 - 替换灯泡的最大瓦数"/><CSItem code="PLMITM0400011" rank="11" referenceName="技术规格 - 灯具亮度"/><CSItem code="PLMITM0400013" rank="13" referenceName="技术规格 - 亮度可调"/><CSItem code="PLMITM0400014" rank="14" referenceName="技术规格 - LED"/><CSItem code="PLMITM0400015" rank="15" referenceName="技术规格 - 内置 LED"/><CSItem code="PLMITM040026" rank="26" referenceName="技术规格 - IP 码"/><CSItem code="PLMITM040027" rank="27" referenceName="技术规格 - 保护级别"/></CSItems></Purpose><Purpose type="Detail"><Features><Feature code="F400085105" rank="1" referenceName="Built-in USB port (APR 2017)"/><Feature code="F400085034" rank="2" referenceName="Flexible directional light (APR 2017)"/><Feature code="F400085199" rank="3" referenceName="Energy efficient &amp; longer lasting (APR 2017)"/><Feature code="F400085203" rank="4" referenceName="LED technology (APR 2017)"/><Feature code="F400085308" rank="5" referenceName="Switch on-base (APR Lums)"/><Feature code="F400085283" rank="6" referenceName="5-level slide dimming (APR Lums)"/><Feature code="F400085370" rank="7" referenceName="Honeycomb lens technology (APR Lums)"/></Features><CSItems><CSItem code="PLMITM010001" rank="1" referenceName="设计和外观 - 材料"/><CSItem code="PLMITM030001" rank="1" referenceName="产品尺寸和重量 - 高度"/><CSItem code="PLMITM040001" rank="1" referenceName="技术规格 - 主电源"/><CSItem code="PLMITM050001" rank="1" referenceName="服务 - 保修"/><CSItem code="PLMITM060001" rank="1" referenceName="包装尺寸和重量 - 高度"/><CSItem code="PLMITM070001" rank="1" referenceName="其他条款 - 设计用于"/><CSItem code="PLMITM010002" rank="2" referenceName="设计和外观 - 颜色"/><CSItem code="PLMITM060002" rank="2" referenceName="包装尺寸和重量 - 长度"/><CSItem code="PLMITM040003" rank="3" referenceName="技术规格 - 灯泡数量"/><CSItem code="PLMITM060003" rank="3" referenceName="包装尺寸和重量 - 宽度"/><CSItem code="PLMITM070003" rank="3" referenceName="其他条款 - 类型"/><CSItem code="PLMITM030004" rank="4" referenceName="产品尺寸和重量 - 长度"/><CSItem code="PLMITM060004" rank="4" referenceName="包装尺寸和重量 - 重量"/><CSItem code="PLMITM030005" rank="5" referenceName="产品尺寸和重量 - 宽度"/><CSItem code="PLMITM040005" rank="5" referenceName="技术规格 - 附赠光源瓦数"/><CSItem code="PLMITM030006" rank="6" referenceName="产品尺寸和重量 - 净重"/><CSItem code="PLMITM040006" rank="6" referenceName="技术规格 - 替换灯泡的最大瓦数"/><CSItem code="PLMITM0400011" rank="11" referenceName="技术规格 - 灯具亮度"/><CSItem code="PLMITM0400013" rank="13" referenceName="技术规格 - 亮度可调"/><CSItem code="PLMITM0400014" rank="14" referenceName="技术规格 - LED"/><CSItem code="PLMITM0400015" rank="15" referenceName="技术规格 - 内置 LED"/><CSItem code="PLMITM040026" rank="26" referenceName="技术规格 - IP 码"/><CSItem code="PLMITM040027" rank="27" referenceName="技术规格 - 保护级别"/></CSItems></Purpose></Filters><FeatureCompareGroups/><Disclaimers/><RichTexts/></Product></Products>