<?xml version="1.0" encoding="UTF-8"?><Products xmlns:source="http://apache.org/cocoon/source/1.0" DocStatus="approved" DocTimeStamp="2018-10-23T10:48:29"><Product Country="CN" IsAccessory="false" IsMaster="false" Locale="zh_CN" lastModified="2018-10-23T04:30:06" masterLastModified="2018-10-20T00:22:27"><CTN>S9051/26</CTN><GTIN>08710103872269</GTIN><MarketingVersion>1.1.1</MarketingVersion><MarketingStatus>Final Published</MarketingStatus><CRDate>2018-04-13</CRDate><CRDateYW>201815</CRDateYW><ModelYears><ModelYear>2018</ModelYear></ModelYears><ProductDivision><ProductDivisionCode>0200</ProductDivisionCode><ProductDivisionName>Consumer Lifestyle</ProductDivisionName><FormerPDCode>0300</FormerPDCode></ProductDivision><ProductOwner>Aymen Mnif</ProductOwner><DTN>S9051/26</DTN><Catalog><StartOfPublication>2018-05-01T00:00:00</StartOfPublication><EndOfPublication>2022-05-13T00:00:00</EndOfPublication><StartOfSales>2018-05-01T00:00:00</StartOfSales><EndOfSales>2022-05-13T00:00:00</EndOfSales><DummyPrice>2399</DummyPrice><Deleted>false</Deleted><DeleteAfterDate/><ProductRank>50</ProductRank></Catalog><FinancialCategorization><BusinessGroupCode>9044</BusinessGroupCode><BusinessGroupName>Personal Care</BusinessGroupName><BusinessUnitCode>0321</BusinessUnitCode><BusinessUnitName>Male Grooming</BusinessUnitName><MainArticleGroupCode>E01</MainArticleGroupCode><MainArticleGroupName>Shaving 3 Heads</MainArticleGroupName><ArticleGroupCode>0620</ArticleGroupCode><ArticleGroupName>S9000+S8000</ArticleGroupName></FinancialCategorization><Categorization type="CONSUMER"><GroupCode>PERSONAL_CARE_GR</GroupCode><GroupName>Personal care</GroupName><CategoryCode>MENS_SHAVING_CA</CategoryCode><CategoryName>FACE Shavers</CategoryName><SubcategoryCode>SERIES_SHAVERS_SU</SubcategoryCode><SubcategoryName>Series shavers</SubcategoryName></Categorization><Assets><Asset code="S9051_26" description="User manual" extension="pdf" lastModified="2018-08-08" locale="zh_CN" number="001" type="DFU">http://download.p4c.philips.com/files/s/s9051_26/s9051_26_dfu_zhs.pdf</Asset><Asset code="S9051_26" description="Leaflet" extension="pdf" lastModified="2018-04-18" locale="zh_CN" number="001" type="PSS">http://download.p4c.philips.com/files/s/s9051_26/s9051_26_pss_zhscn.pdf</Asset><Asset code="S9051_26" description="Retail Trade Leaflet" extension="pdf" lastModified="2018-10-22" locale="zh_CN" number="001" type="RTL">http://download.p4c.philips.com/files/s/s9051_26/s9051_26_rtl_zhscn.pdf</Asset><Asset code="S9051_26" description="Alternative product photograph 1 - highres 2196x1795" extension="tif" lastModified="2016-04-04" locale="global" number="001" type="A1P">http://images.philips.com/is/image/PhilipsConsumer/S9051_26-A1P-global-001</Asset><Asset code="S9051_26" description="Alternative product photograph 2 - highres 2196x1795" extension="tif" lastModified="2016-04-04" locale="global" number="001" type="A2P">http://images.philips.com/is/image/PhilipsConsumer/S9051_26-A2P-global-001</Asset><Asset code="S9051_26" description="Alternative product photograph - highres 2196x1795" extension="tif" lastModified="2016-04-04" locale="global" number="001" type="APP">http://images.philips.com/is/image/PhilipsConsumer/S9051_26-APP-global-001</Asset><Asset code="S9051_26" description="Emotional benefit photograph - highres 514x514" extension="tif" lastModified="2016-04-05" locale="global" number="001" type="BPP">http://images.philips.com/is/image/PhilipsConsumer/S9051_26-BPP-global-001</Asset><Asset code="S9051_26" description="Product detail 3 - highres 2196x1795" extension="tif" lastModified="2016-04-05" locale="global" number="001" type="D3P">http://images.philips.com/is/image/PhilipsConsumer/S9051_26-D3P-global-001</Asset><Asset code="S9051_26" description="Product detail 4 - highres 2196x1795" extension="tif" lastModified="2016-04-05" locale="global" number="001" type="D4P">http://images.philips.com/is/image/PhilipsConsumer/S9051_26-D4P-global-001</Asset><Asset code="S9051_26" description="Product detail photograph - highres 2196x2196" extension="tif" lastModified="2016-04-01" locale="global" number="001" type="DPP">http://images.philips.com/is/image/PhilipsConsumer/S9051_26-DPP-global-001</Asset><Asset code="S9051_26" description="Emotional Benefit 1 - highres 2196x1795" extension="tif" lastModified="2018-03-13" locale="global" number="001" type="E1P">http://images.philips.com/is/image/PhilipsConsumer/S9051_26-E1P-global-001</Asset><Asset code="S9051_26" description="Main in-use photograph - highres 2480x1462" extension="tif" lastModified="2016-04-04" locale="global" number="001" type="MI1">http://images.philips.com/is/image/PhilipsConsumer/S9051_26-MI1-global-001</Asset><Asset code="S9051_26" description="Packaging photograph - highres 1447x756" extension="tif" lastModified="2016-07-27" locale="global" number="001" type="PID">http://images.philips.com/is/image/PhilipsConsumer/S9051_26-PID-global-001</Asset><Asset code="S9051_26" description="Packaging photograph - master" extension="tif" lastModified="2016-07-27" locale="global" number="001" type="PIM">http://download.p4c.philips.com/files/s/s9051_26/s9051_26_pim_.tif</Asset><Asset code="S9051_26" description="Packaging photograph - small 90x65" extension="jpg" lastModified="2016-07-27" locale="global" number="001" type="PIS">http://download.p4c.philips.com/files/s/s9051_26/s9051_26_pis_.jpg</Asset><Asset code="S9051_26" description="Leaflet" extension="pdf" lastModified="2018-10-21" locale="global" number="001" type="PSS">http://download.p4c.philips.com/files/s/s9051_26/s9051_26_pss_.pdf</Asset><Asset code="S9051_26" description="Standard product photograph - highres 2196x1795" extension="tif" lastModified="2018-03-23" locale="global" number="001" type="RTP">http://images.philips.com/is/image/PhilipsConsumer/S9051_26-RTP-global-001</Asset><Asset code="S9051_26" description="Product In Use 1 - highres 2196x1795" extension="tif" lastModified="2016-04-01" locale="global" number="001" type="U1P">http://images.philips.com/is/image/PhilipsConsumer/S9051_26-U1P-global-001</Asset><Asset code="S9051_26" description="Product In Use 2 - highres 2196x1795" extension="tif" lastModified="2016-04-01" locale="global" number="001" type="U2P">http://images.philips.com/is/image/PhilipsConsumer/S9051_26-U2P-global-001</Asset><Asset code="S9051_26" description="Product In Use 4 - highres 2196x1795" extension="tif" lastModified="2018-04-27" locale="global" number="001" type="U4P">http://images.philips.com/is/image/PhilipsConsumer/S9051_26-U4P-global-001</Asset><Asset code="S9051_26" description="Product in use photograph - highres 2196x1795" extension="tif" lastModified="2016-04-04" locale="global" number="001" type="UPL">http://images.philips.com/is/image/PhilipsConsumer/S9051_26-UPL-global-001</Asset><Asset code="S9051_26" description="Single product shot" extension="" lastModified="2018-10-23" locale="zh_CN" number="" type="IMS">http://images.philips.com/is/image/PhilipsConsumer/S9051_26-IMS-zh_CN</Asset><Asset code="S9051_26" description="Product gallery image set" extension="" lastModified="2018-10-23" locale="zh_CN" number="" type="GAL">http://images.philips.com/is/image/PhilipsConsumer/S9051_26-GAL-zh_CN</Asset><Asset code="S9051_26" description="Product URL" extension="" lastModified="2018-10-23" locale="zh_CN" number="" type="URL">http://www.philips.com.cn/c-p/S9051_26/shaver-series-9000-wet-and-dry-electric-shaver-with-smartclean-system-and-aquatec-wet-dry</Asset><Asset code="F400061905" description="Feature photograph - highres 2100x1170" extension="tif" lastModified="2016-06-03" locale="global" number="001" type="FIL">http://images.philips.com/is/image/PhilipsConsumer/F400061905-FIL-global-001</Asset><Asset code="F400061906" description="Feature photograph - highres 2100x1170" extension="tif" lastModified="2016-08-18" locale="global" number="001" type="FIL">http://images.philips.com/is/image/PhilipsConsumer/F400061906-FIL-global-001</Asset><Asset code="F400061946" description="Feature photograph - highres 2100x1170" extension="tif" lastModified="2016-03-29" locale="global" number="001" type="FIL">http://images.philips.com/is/image/PhilipsConsumer/F400061946-FIL-global-001</Asset><Asset code="F400061947" description="Feature photograph - highres 2100x1170" extension="tif" lastModified="2016-03-29" locale="global" number="001" type="FIL">http://images.philips.com/is/image/PhilipsConsumer/F400061947-FIL-global-001</Asset><Asset code="F400061950" description="Feature photograph - highres 2100x1170" extension="tif" lastModified="2016-04-04" locale="global" number="001" type="FIL">http://images.philips.com/is/image/PhilipsConsumer/F400061950-FIL-global-001</Asset><Asset code="F400061963" description="Feature photograph - highres 2100x1170" extension="tif" lastModified="2016-03-29" locale="global" number="001" type="FIL">http://images.philips.com/is/image/PhilipsConsumer/F400061963-FIL-global-001</Asset><Asset code="F400061967" description="Feature photograph - highres 2100x1170" extension="tif" lastModified="2016-03-29" locale="global" number="001" type="FIL">http://images.philips.com/is/image/PhilipsConsumer/F400061967-FIL-global-001</Asset><Asset code="F400064787" description="Feature photograph - highres 2100x1170" extension="tif" lastModified="2016-05-26" locale="global" number="001" type="FIL">http://images.philips.com/is/image/PhilipsConsumer/F400064787-FIL-global-001</Asset><Asset code="F400078102_S9051_26" description="Feature photograph - highres 2100x1170" extension="tif" lastModified="2018-03-26" locale="global" number="001" type="FIL">http://images.philips.com/is/image/PhilipsConsumer/F400078102_S9051_26-FIL-global-001</Asset><Asset code="GA_GREEN" description="needs to be blocked as code in CCR Global award logo - master" extension="eps" lastModified="2010-09-22" locale="global" number="001" type="GAL">GA_GREEN-GAL-global-001.eps</Asset><Asset code="GA_GREEN" description="Global award logo - highres 590x590" extension="tif" lastModified="2010-09-22" locale="global" number="001" type="GAP">http://images.philips.com/is/image/PhilipsConsumer/GA_GREEN-GAP-global-001</Asset><Asset code="PHI" description="Brand logo - highres 1476x886" extension="tif" lastModified="2016-02-18" locale="global" number="001" type="BRP">http://images.philips.com/is/image/PhilipsConsumer/PHI-BRP-global-001</Asset></Assets><ProductName>干湿两用电动剃须刀</ProductName><FullProductName>飞利浦 Shaver series 9000 干湿两用电动剃须刀 S9051/26 V 型精准切剃系统 8 向轮廓跟踪剃须刀头 高效智能清洁系统 卡入式准确修剪器 带高效智能清洁系统且干湿两用</FullProductName><NamingString><MasterBrand><BrandCode>PHI</BrandCode><BrandName>Philips</BrandName></MasterBrand><BrandString>飞利浦</BrandString><Family><FamilyCode>SB40004164</FamilyCode><FamilyName>Shaver series 9000</FamilyName><FamilyNameUsed>1</FamilyNameUsed></Family><Descriptor><DescriptorCode>D4013822</DescriptorCode><DescriptorName>干湿两用电动剃须刀</DescriptorName></Descriptor><Alphanumeric>S9051/26</Alphanumeric><VersionElement1><VersionElementCode>V4032123</VersionElementCode><VersionElementName>V型切剃系统</VersionElementName></VersionElement1><VersionElement2><VersionElementCode>V4033045</VersionElementCode><VersionElementName>8 向轮廓跟踪剃须刀头</VersionElementName></VersionElement2><VersionElement3><VersionElementCode>V4032663</VersionElementCode><VersionElementName>高效智能清洁系统</VersionElementName></VersionElement3><VersionElement4><VersionElementCode>V4032126</VersionElementCode><VersionElementName>卡入式准确修剪器</VersionElementName></VersionElement4><VersionString>V 型精准切剃系统 8 向轮廓跟踪剃须刀头 高效智能清洁系统 卡入式准确修剪器</VersionString><BrandedFeatureCode1>F400064787</BrandedFeatureCode1><BrandedFeatureCode2>F400061947</BrandedFeatureCode2><BrandedFeatureString>带高效智能清洁系统且干湿两用</BrandedFeatureString><DescriptorBrandedFeatureString>干湿两用电动剃须刀，带高效智能清洁系统且干湿两用</DescriptorBrandedFeatureString></NamingString><WOW>时时卓越剃须</WOW><SubWOW>一次即可剃除较普通剃须刀多 20% 以上的胡须*</SubWOW><MarketingTextHeader>Shaver 9000 是我们迄今尤为先进的剃须刀。独特的轮廓跟踪技术紧贴面部轮廓，V型切剃系统将胡须引入合适的切剃位置，实现贴面的切剃效果。</MarketingTextHeader><KeyBenefitArea><KeyBenefitAreaCode>K4026714</KeyBenefitAreaCode><KeyBenefitAreaName>别出心裁的设计，只为卓越</KeyBenefitAreaName><KeyBenefitAreaRank>1</KeyBenefitAreaRank><Feature><FeatureCode>F400061905</FeatureCode><FeatureReferenceName>V-Track precision blade system (Cypress MLU)</FeatureReferenceName><FeatureName>V 型精准切剃系统</FeatureName><FeatureLongDescription>引导须发进入适当位置，实现贴面剃须</FeatureLongDescription><FeatureGlossary>实现贴面剃须。V 型精准切剃系统可将每根须发轻柔定位于精确的剃除位置，即使是平伏和不同长度的须发。更少来回即可贴面切剃 30% 须发，让您的皮肤保持整洁。</FeatureGlossary><FeatureRank>2</FeatureRank><FeatureTopRank>1</FeatureTopRank></Feature><Feature><FeatureCode>F400061906</FeatureCode><FeatureReferenceName>8-direction ContourDetectHeads (Cypress MLU)</FeatureReferenceName><FeatureName>8 向轮廓跟踪剃须刀头</FeatureName><FeatureLongDescription>8 向灵动刀头，实现出色剃须效果</FeatureLongDescription><FeatureGlossary>8 向轮廓跟踪剃须刀头，贴合您面部和颈部的每处轮廓。每次剃除比一般多 20% 的须发。获得贴合、顺畅的剃须效果。</FeatureGlossary><FeatureRank>4</FeatureRank><FeatureTopRank>2</FeatureTopRank></Feature></KeyBenefitArea><KeyBenefitArea><KeyBenefitAreaCode>K4026734</KeyBenefitAreaCode><KeyBenefitAreaName>舒适剃须</KeyBenefitAreaName><KeyBenefitAreaRank>2</KeyBenefitAreaRank><Feature><FeatureCode>F400061947</FeatureCode><FeatureReferenceName>Aquatec Wet &amp; Dry (Cypress MLU)</FeatureReferenceName><FeatureName>干湿两用</FeatureName><FeatureLongDescription>干湿两用，既可享受舒适的干剃，也可享受清新净爽的湿剃</FeatureLongDescription><FeatureGlossary>选择自己喜爱的剃须方式。凭借防水干湿双剃设计，您可选择快速而舒适的干剃，也可以选择湿剃 – 与啫喱或剃须泡沫配合使用 – 甚至在淋浴时使用。</FeatureGlossary><FeatureRank>1</FeatureRank><FeatureTopRank>3</FeatureTopRank></Feature></KeyBenefitArea><KeyBenefitArea><KeyBenefitAreaCode>K4026396</KeyBenefitAreaCode><KeyBenefitAreaName>享受剃须刀的多种益处</KeyBenefitAreaName><KeyBenefitAreaRank>3</KeyBenefitAreaRank><Feature><FeatureCode>F400064787</FeatureCode><FeatureReferenceName>SmartClean System (Cypress MLU)</FeatureReferenceName><FeatureName>高效智能清洁系统</FeatureName><FeatureLongDescription>高效智能清洁系统让您的剃须刀焕然一新</FeatureLongDescription><FeatureGlossary>只需轻触按钮，即可通过高效智能清洁系统实现剃须刀的清洁、润滑及充电功能，日复一日，始终保持出色性能。</FeatureGlossary><FeatureRank>3</FeatureRank><FeatureTopRank>4</FeatureTopRank></Feature><Feature><FeatureCode>F400061963</FeatureCode><FeatureReferenceName>SmartClick precision trimmer (Cypress MLU)</FeatureReferenceName><FeatureName>卡入式准确修剪器</FeatureName><FeatureLongDescription>卡入式修剪器，确保准确修剪须髭和鬓角</FeatureLongDescription><FeatureGlossary>卡入呵护皮肤的准确修剪器，完成您的造型。尤为适合打理须髭和修剪鬓角。</FeatureGlossary><FeatureRank>5</FeatureRank><FeatureTopRank>5</FeatureTopRank></Feature></KeyBenefitArea><KeyBenefitArea><KeyBenefitAreaCode>K300000216</KeyBenefitAreaCode><KeyBenefitAreaName>易于使用</KeyBenefitAreaName><KeyBenefitAreaRank>4</KeyBenefitAreaRank><Feature><FeatureCode>F400061967</FeatureCode><FeatureReferenceName>3 level LED display (Cypress MLU)</FeatureReferenceName><FeatureName>3 级 LED 显示</FeatureName><FeatureLongDescription>直观图标令功能简单易用</FeatureLongDescription><FeatureGlossary>显示屏直观地显示了相关信息，实现剃须刀的卓越性能：- 3 格电池电量指示灯 - 电池电量不足指示灯 - 旅行锁指示灯</FeatureGlossary><FeatureRank>6</FeatureRank><FeatureTopRank>6</FeatureTopRank></Feature><Feature><FeatureCode>F400061946</FeatureCode><FeatureReferenceName>50 minutes of cordless shaving (Cypress MLU)</FeatureReferenceName><FeatureName>50 分钟无线剃须</FeatureName><FeatureLongDescription>充电 1 小时后，可获得 50 分钟无线剃须时间</FeatureLongDescription><FeatureGlossary>我们先进的充电系统可为您提供两种方便选项：充电 1 小时，可使用 50 分钟，或快速充电完成一次完整剃须。所有 9000 系列剃须刀均内置强劲节能、持久耐用的锂电池。它们只能在无线模式下使用，以确保在湿剃，甚至在淋浴下剃须时保证人身安全。</FeatureGlossary><FeatureRank>7</FeatureRank><FeatureTopRank>7</FeatureTopRank></Feature><Feature><FeatureCode>F400078102_S9051_26</FeatureCode><FeatureReferenceName>Fully washable shaver (Cypress MLU S6000 US)</FeatureReferenceName><FeatureName>全身可水洗剃须刀</FeatureName><FeatureLongDescription>可在水龙头下冲洗的剃须刀</FeatureLongDescription><FeatureGlossary>只需打开剃须刀头，在水龙头下冲洗即可。</FeatureGlossary><FeatureRank>8</FeatureRank><FeatureTopRank>8</FeatureTopRank></Feature><Feature><FeatureCode>F400061950</FeatureCode><FeatureReferenceName>Built to Last (Cypress MLU)</FeatureReferenceName><FeatureName>经久耐用</FeatureName><FeatureLongDescription>提供 2 年保修</FeatureLongDescription><FeatureGlossary>我们为这款飞利浦剃须刀提供 2 年保修。我们的 9000 系列剃须刀专为卓越性能和耐用性而设计，带给您经久耐用的贴面剃须体验。</FeatureGlossary><FeatureRank>9</FeatureRank><FeatureTopRank>9</FeatureTopRank></Feature></KeyBenefitArea><FeatureImage><FeatureCode>F400061905</FeatureCode><FeatureReferenceName>V-Track precision blade system (Cypress MLU)</FeatureReferenceName><FeatureImageRank>1</FeatureImageRank></FeatureImage><FeatureImage><FeatureCode>F400061906</FeatureCode><FeatureReferenceName>8-direction ContourDetectHeads (Cypress MLU)</FeatureReferenceName><FeatureImageRank>2</FeatureImageRank></FeatureImage><FeatureImage><FeatureCode>F400061947</FeatureCode><FeatureReferenceName>Aquatec Wet &amp; Dry (Cypress MLU)</FeatureReferenceName><FeatureImageRank>3</FeatureImageRank></FeatureImage><FeatureImage><FeatureCode>F400064787</FeatureCode><FeatureReferenceName>SmartClean System (Cypress MLU)</FeatureReferenceName><FeatureImageRank>4</FeatureImageRank></FeatureImage><FeatureImage><FeatureCode>F400061963</FeatureCode><FeatureReferenceName>SmartClick precision trimmer (Cypress MLU)</FeatureReferenceName><FeatureImageRank>5</FeatureImageRank></FeatureImage><FeatureImage><FeatureCode>F400061967</FeatureCode><FeatureReferenceName>3 level LED display (Cypress MLU)</FeatureReferenceName><FeatureImageRank>6</FeatureImageRank></FeatureImage><FeatureImage><FeatureCode>F400061946</FeatureCode><FeatureReferenceName>50 minutes of cordless shaving (Cypress MLU)</FeatureReferenceName><FeatureImageRank>7</FeatureImageRank></FeatureImage><FeatureImage><FeatureCode>F400078102_S9051_26</FeatureCode><FeatureReferenceName>Fully washable shaver (Cypress MLU S6000 US)</FeatureReferenceName><FeatureImageRank>8</FeatureImageRank></FeatureImage><FeatureImage><FeatureCode>F400061950</FeatureCode><FeatureReferenceName>Built to Last (Cypress MLU)</FeatureReferenceName><FeatureImageRank>9</FeatureImageRank></FeatureImage><FeatureHighlight><FeatureCode>F400061905</FeatureCode><FeatureReferenceName>V-Track precision blade system (Cypress MLU)</FeatureReferenceName><FeatureHighlightRank>1</FeatureHighlightRank></FeatureHighlight><FeatureHighlight><FeatureCode>F400061906</FeatureCode><FeatureReferenceName>8-direction ContourDetectHeads (Cypress MLU)</FeatureReferenceName><FeatureHighlightRank>2</FeatureHighlightRank></FeatureHighlight><FeatureHighlight><FeatureCode>F400061947</FeatureCode><FeatureReferenceName>Aquatec Wet &amp; Dry (Cypress MLU)</FeatureReferenceName><FeatureHighlightRank>3</FeatureHighlightRank></FeatureHighlight><FeatureHighlight><FeatureCode>F400064787</FeatureCode><FeatureReferenceName>SmartClean System (Cypress MLU)</FeatureReferenceName><FeatureHighlightRank>4</FeatureHighlightRank></FeatureHighlight><FeatureHighlight><FeatureCode>F400061963</FeatureCode><FeatureReferenceName>SmartClick precision trimmer (Cypress MLU)</FeatureReferenceName><FeatureHighlightRank>5</FeatureHighlightRank></FeatureHighlight><FeatureHighlight><FeatureCode>F400061967</FeatureCode><FeatureReferenceName>3 level LED display (Cypress MLU)</FeatureReferenceName><FeatureHighlightRank>6</FeatureHighlightRank></FeatureHighlight><FeatureHighlight><FeatureCode>F400061946</FeatureCode><FeatureReferenceName>50 minutes of cordless shaving (Cypress MLU)</FeatureReferenceName><FeatureHighlightRank>7</FeatureHighlightRank></FeatureHighlight><FeatureHighlight><FeatureCode>F400078102_S9051_26</FeatureCode><FeatureReferenceName>Fully washable shaver (Cypress MLU S6000 US)</FeatureReferenceName><FeatureHighlightRank>8</FeatureHighlightRank></FeatureHighlight><FeatureHighlight><FeatureCode>F400061950</FeatureCode><FeatureReferenceName>Built to Last (Cypress MLU)</FeatureReferenceName><FeatureHighlightRank>9</FeatureHighlightRank></FeatureHighlight><CSChapter><CSChapterCode>CH4001523</CSChapterCode><CSChapterName>剃须性能</CSChapterName><CSChapterRank>1</CSChapterRank><CSItem><CSItemCode>IT4007976</CSItemCode><CSItemName>剃须系统</CSItemName><CSItemRank>4</CSItemRank><CSItemIsFreeFormat>0</CSItemIsFreeFormat><CSValue><CSValueCode>VA4076301</CSValueCode><CSValueName>V 型精准切剃系统</CSValueName><CSValueRank>23</CSValueRank></CSValue><CSValue><CSValueCode>VA4076303</CSValueCode><CSValueName>升级双层刀片设计</CSValueName><CSValueRank>35</CSValueRank></CSValue></CSItem><CSItem><CSItemCode>IT4007977</CSItemCode><CSItemName>面部轮廓跟踪</CSItemName><CSItemRank>7</CSItemRank><CSItemIsFreeFormat>0</CSItemIsFreeFormat><CSValue><CSValueCode>VA4096952</CSValueCode><CSValueName>8 向轮廓跟踪剃须刀头</CSValueName><CSValueRank>11</CSValueRank></CSValue></CSItem><CSItem><CSItemCode>IT4007978</CSItemCode><CSItemName>肌肤舒适</CSItemName><CSItemRank>15</CSItemRank><CSItemIsFreeFormat>0</CSItemIsFreeFormat><CSValue><CSValueCode>VA4081202</CSValueCode><CSValueName>干湿两用</CSValueName><CSValueRank>28</CSValueRank></CSValue></CSItem></CSChapter><CSChapter><CSChapterCode>3000815</CSChapterCode><CSChapterName>附件</CSChapterName><CSChapterRank>2</CSChapterRank><CSItem><CSItemCode>IT4033151</CSItemCode><CSItemName>高效智能清洁系统</CSItemName><CSItemRank>12</CSItemRank><CSItemIsFreeFormat>0</CSItemIsFreeFormat><CSValue><CSValueCode>VA4077062</CSValueCode><CSValueName>清洁</CSValueName><CSValueRank>2</CSValueRank></CSValue><CSValue><CSValueCode>VA4077063</CSValueCode><CSValueName>充电</CSValueName><CSValueRank>21</CSValueRank></CSValue><CSValue><CSValueCode>VA4077064</CSValueCode><CSValueName>润滑</CSValueName><CSValueRank>27</CSValueRank></CSValue><CSValue><CSValueCode>VA4077065</CSValueCode><CSValueName>清洁滤芯（随附）</CSValueName><CSValueRank>32</CSValueRank></CSValue></CSItem><CSItem><CSItemCode>IT4032633</CSItemCode><CSItemName>卡入式</CSItemName><CSItemRank>17</CSItemRank><CSItemIsFreeFormat>0</CSItemIsFreeFormat><CSValue><CSValueCode>VA4076320</CSValueCode><CSValueName>准确修剪器</CSValueName><CSValueRank>29</CSValueRank></CSValue></CSItem><CSItem><CSItemCode>IT4007991</CSItemCode><CSItemName>旅行软袋</CSItemName><CSItemRank>28</CSItemRank><CSItemIsFreeFormat>0</CSItemIsFreeFormat><CSValue><CSValueCode>VA4046862</CSValueCode><CSValueName>旅行盒</CSValueName><CSValueRank>22</CSValueRank></CSValue></CSItem></CSChapter><CSChapter><CSChapterCode>CH4001524</CSChapterCode><CSChapterName>操作简易</CSChapterName><CSChapterRank>3</CSChapterRank><CSItem><CSItemCode>IT4007980</CSItemCode><CSItemName>显示屏</CSItemName><CSItemRank>1</CSItemRank><CSItemIsFreeFormat>0</CSItemIsFreeFormat><CSValue><CSValueCode>VA4021350</CSValueCode><CSValueName>3 格电池指示</CSValueName><CSValueRank>25</CSValueRank></CSValue><CSValue><CSValueCode>VA4019961</CSValueCode><CSValueName>电池电量不足指示灯</CSValueName><CSValueRank>34</CSValueRank></CSValue><CSValue><CSValueCode>VA4022648</CSValueCode><CSValueName>清洁指示灯</CSValueName><CSValueRank>36</CSValueRank></CSValue><CSValue><CSValueCode>VA4019963</CSValueCode><CSValueName>更换刀头提示灯</CSValueName><CSValueRank>37</CSValueRank></CSValue><CSValue><CSValueCode>VA4076314</CSValueCode><CSValueName>旅行锁指示灯</CSValueName><CSValueRank>38</CSValueRank></CSValue></CSItem><CSItem><CSItemCode>IT4007985</CSItemCode><CSItemName>清洁</CSItemName><CSItemRank>22</CSItemRank><CSItemIsFreeFormat>0</CSItemIsFreeFormat><CSValue><CSValueCode>VA4063376</CSValueCode><CSValueName>可全身水洗</CSValueName><CSValueRank>31</CSValueRank></CSValue></CSItem></CSChapter><CSChapter><CSChapterCode>3001096</CSChapterCode><CSChapterName>设计</CSChapterName><CSChapterRank>4</CSChapterRank><CSItem><CSItemCode>S_0000001</CSItemCode><CSItemName>颜色</CSItemName><CSItemRank>6</CSItemRank><CSItemIsFreeFormat>1</CSItemIsFreeFormat><CSValue><CSValueCode>VA4007102</CSValueCode><CSValueName>黑缎</CSValueName><CSValueRank>1</CSValueRank></CSValue></CSItem><CSItem><CSItemCode>IT4008709</CSItemCode><CSItemName>手柄</CSItemName><CSItemRank>11</CSItemRank><CSItemIsFreeFormat>0</CSItemIsFreeFormat><CSValue><CSValueCode>VA4076321</CSValueCode><CSValueName>人体工程学手柄和操作</CSValueName><CSValueRank>26</CSValueRank></CSValue></CSItem></CSChapter><CSChapter><CSChapterCode>3000821</CSChapterCode><CSChapterName>功率</CSChapterName><CSChapterRank>5</CSChapterRank><CSItem><CSItemCode>3006920</CSItemCode><CSItemName>电池类型</CSItemName><CSItemRank>2</CSItemRank><CSItemIsFreeFormat>0</CSItemIsFreeFormat><CSValue><CSValueCode>3033275</CSValueCode><CSValueName>锂离子</CSValueName><CSValueRank>9</CSValueRank></CSValue></CSItem><CSItem><CSItemCode>IT4015298</CSItemCode><CSItemName>使用时间</CSItemName><CSItemRank>10</CSItemRank><CSItemIsFreeFormat>0</CSItemIsFreeFormat><CSValue><CSValueCode>VA4077101</CSValueCode><CSValueName>50 分钟/17 次剃须</CSValueName><CSValueRank>19</CSValueRank></CSValue></CSItem><CSItem><CSItemCode>IT4032891</CSItemCode><CSItemName>充电</CSItemName><CSItemRank>14</CSItemRank><CSItemIsFreeFormat>0</CSItemIsFreeFormat><CSValue><CSValueCode>VA4077304</CSValueCode><CSValueName>1 小时充满电</CSValueName><CSValueRank>5</CSValueRank></CSValue><CSValue><CSValueCode>VA4076703</CSValueCode><CSValueName>快速充电可满足一次剃须所需的电量</CSValueName><CSValueRank>14</CSValueRank></CSValue></CSItem><CSItem><CSItemCode>IT4015297</CSItemCode><CSItemName>自动电压</CSItemName><CSItemRank>18</CSItemRank><CSItemIsFreeFormat>0</CSItemIsFreeFormat><CSValue><CSValueCode>VA4030670</CSValueCode><CSValueName>100-240 伏</CSValueName><CSValueRank>3</CSValueRank></CSValue></CSItem><CSItem><CSItemCode>IT4009439</CSItemCode><CSItemName>待机功耗</CSItemName><CSItemRank>21</CSItemRank><CSItemIsFreeFormat>0</CSItemIsFreeFormat><CSValue><CSValueCode>VA4076317</CSValueCode><CSValueName>0.1</CSValueName><CSValueRank>18</CSValueRank></CSValue><UnitOfMeasure><UnitOfMeasureCode>3000072</UnitOfMeasureCode><UnitOfMeasureName>瓦特</UnitOfMeasureName><UnitOfMeasureSymbol>瓦</UnitOfMeasureSymbol></UnitOfMeasure></CSItem><CSItem><CSItemCode>IT4009440</CSItemCode><CSItemName>最大功耗</CSItemName><CSItemRank>25</CSItemRank><CSItemIsFreeFormat>0</CSItemIsFreeFormat><CSValue><CSValueCode>VA4076318</CSValueCode><CSValueName>9</CSValueName><CSValueRank>30</CSValueRank></CSValue><UnitOfMeasure><UnitOfMeasureCode>3000072</UnitOfMeasureCode><UnitOfMeasureName>瓦特</UnitOfMeasureName><UnitOfMeasureSymbol>瓦</UnitOfMeasureSymbol></UnitOfMeasure></CSItem></CSChapter><CSChapter><CSChapterCode>CHA_0000049</CSChapterCode><CSChapterName>服务</CSChapterName><CSChapterRank>6</CSChapterRank><CSItem><CSItemCode>IT4002813</CSItemCode><CSItemName>2 年保修</CSItemName><CSItemRank>5</CSItemRank><CSItemIsFreeFormat>0</CSItemIsFreeFormat><CSValue><CSValueCode>VA4011021</CSValueCode><CSValueName>Y</CSValueName><CSValueRank>12</CSValueRank></CSValue></CSItem><CSItem><CSItemCode>IT4015371</CSItemCode><CSItemName>替换刀头</CSItemName><CSItemRank>20</CSItemRank><CSItemIsFreeFormat>0</CSItemIsFreeFormat><CSValue><CSValueCode>VA4076319</CSValueCode><CSValueName>每两年使用 SH90 更换一次</CSValueName><CSValueRank>20</CSValueRank></CSValue></CSItem></CSChapter><Filters><Purpose type="Comparison"><Features><Feature code="F400061905" rank="1" referenceName="V-Track precision blade system (Cypress MLU)"/><Feature code="F400061906" rank="2" referenceName="8-direction ContourDetectHeads (Cypress MLU)"/><Feature code="F400061947" rank="3" referenceName="Aquatec Wet &amp; Dry (Cypress MLU)"/><Feature code="F400064787" rank="4" referenceName="SmartClean System (Cypress MLU)"/><Feature code="F400061963" rank="5" referenceName="SmartClick precision trimmer (Cypress MLU)"/><Feature code="F400061967" rank="6" referenceName="3 level LED display (Cypress MLU)"/><Feature code="F400061946" rank="7" referenceName="50 minutes of cordless shaving (Cypress MLU)"/><Feature code="F400078102_S9051_26" rank="8" referenceName="Fully washable shaver (Cypress MLU S6000 US)"/><Feature code="F400061950" rank="9" referenceName="Built to Last (Cypress MLU)"/></Features><CSItems><CSItem code="IT4007980" rank="1" referenceName="操作简易 - 显示屏"/><CSItem code="3006920" rank="2" referenceName="功率 - 电池类型"/><CSItem code="IT4007976" rank="4" referenceName="剃须性能 - 剃须系统"/><CSItem code="IT4002813" rank="5" referenceName="服务 - 2 年保修"/><CSItem code="S_0000001" rank="6" referenceName="设计 - 颜色"/><CSItem code="IT4007977" rank="7" referenceName="剃须性能 - 面部轮廓跟踪"/><CSItem code="IT4015298" rank="10" referenceName="功率 - 使用时间"/><CSItem code="IT4008709" rank="11" referenceName="设计 - 手柄"/><CSItem code="IT4033151" rank="12" referenceName="附件 - 高效智能清洁系统"/><CSItem code="IT4032891" rank="14" referenceName="功率 - 充电"/><CSItem code="IT4007978" rank="15" referenceName="剃须性能 - 肌肤舒适"/><CSItem code="IT4032633" rank="17" referenceName="附件 - 卡入式"/><CSItem code="IT4015297" rank="18" referenceName="功率 - 自动电压"/><CSItem code="IT4015371" rank="20" referenceName="服务 - 替换刀头"/><CSItem code="IT4009439" rank="21" referenceName="功率 - 待机功耗"/><CSItem code="IT4007985" rank="22" referenceName="操作简易 - 清洁"/><CSItem code="IT4009440" rank="25" referenceName="功率 - 最大功耗"/><CSItem code="IT4007991" rank="28" referenceName="附件 - 旅行软袋"/></CSItems></Purpose><Purpose type="Detail"><Features><Feature code="F400061905" rank="1" referenceName="V-Track precision blade system (Cypress MLU)"/><Feature code="F400061906" rank="2" referenceName="8-direction ContourDetectHeads (Cypress MLU)"/><Feature code="F400061947" rank="3" referenceName="Aquatec Wet &amp; Dry (Cypress MLU)"/><Feature code="F400064787" rank="4" referenceName="SmartClean System (Cypress MLU)"/><Feature code="F400061963" rank="5" referenceName="SmartClick precision trimmer (Cypress MLU)"/><Feature code="F400061967" rank="6" referenceName="3 level LED display (Cypress MLU)"/><Feature code="F400061946" rank="7" referenceName="50 minutes of cordless shaving (Cypress MLU)"/><Feature code="F400078102_S9051_26" rank="8" referenceName="Fully washable shaver (Cypress MLU S6000 US)"/><Feature code="F400061950" rank="9" referenceName="Built to Last (Cypress MLU)"/></Features><CSItems><CSItem code="IT4007980" rank="1" referenceName="操作简易 - 显示屏"/><CSItem code="3006920" rank="2" referenceName="功率 - 电池类型"/><CSItem code="IT4007976" rank="4" referenceName="剃须性能 - 剃须系统"/><CSItem code="IT4002813" rank="5" referenceName="服务 - 2 年保修"/><CSItem code="S_0000001" rank="6" referenceName="设计 - 颜色"/><CSItem code="IT4007977" rank="7" referenceName="剃须性能 - 面部轮廓跟踪"/><CSItem code="IT4015298" rank="10" referenceName="功率 - 使用时间"/><CSItem code="IT4008709" rank="11" referenceName="设计 - 手柄"/><CSItem code="IT4033151" rank="12" referenceName="附件 - 高效智能清洁系统"/><CSItem code="IT4032891" rank="14" referenceName="功率 - 充电"/><CSItem code="IT4007978" rank="15" referenceName="剃须性能 - 肌肤舒适"/><CSItem code="IT4032633" rank="17" referenceName="附件 - 卡入式"/><CSItem code="IT4015297" rank="18" referenceName="功率 - 自动电压"/><CSItem code="IT4015371" rank="20" referenceName="服务 - 替换刀头"/><CSItem code="IT4009439" rank="21" referenceName="功率 - 待机功耗"/><CSItem code="IT4007985" rank="22" referenceName="操作简易 - 清洁"/><CSItem code="IT4009440" rank="25" referenceName="功率 - 最大功耗"/><CSItem code="IT4007991" rank="28" referenceName="附件 - 旅行软袋"/></CSItems></Purpose></Filters><FeatureCompareGroups/><Disclaimers><Disclaimer code="DIS40006621" rank="1" referenceName="Cuts up to 20% more hair - versus SensoTouch (Cypress)"><DisclaimerText>剃除较普通剃须刀多达 20% 的胡须 - 与 SensoTouch 臻锋系列相比</DisclaimerText><DisclaimElements/></Disclaimer></Disclaimers><AccessoryByPacked><AccessoryByPackedCode>AB40004541</AccessoryByPackedCode><AccessoryByPackedReference>SmartClean system</AccessoryByPackedReference><AccessoryByPackedName>高效智能清洁系统</AccessoryByPackedName><AccessoryByPackedRank>1</AccessoryByPackedRank></AccessoryByPacked><AccessoryByPacked><AccessoryByPackedCode>AB40004542</AccessoryByPackedCode><AccessoryByPackedReference>Cleaning cartridge</AccessoryByPackedReference><AccessoryByPackedName>清洁滤芯</AccessoryByPackedName><AccessoryByPackedRank>2</AccessoryByPackedRank></AccessoryByPacked><AccessoryByPacked><AccessoryByPackedCode>AB40004543</AccessoryByPackedCode><AccessoryByPackedReference>SmartClick precision trimmer Black</AccessoryByPackedReference><AccessoryByPackedName>卡入式准确修剪器</AccessoryByPackedName><AccessoryByPackedRank>3</AccessoryByPackedRank></AccessoryByPacked><AccessoryByPacked><AccessoryByPackedCode>AB40003302</AccessoryByPackedCode><AccessoryByPackedReference>Luxurious pouch</AccessoryByPackedReference><AccessoryByPackedName>精美旅行软袋</AccessoryByPackedName><AccessoryByPackedRank>4</AccessoryByPackedRank></AccessoryByPacked><Award AwardType="global"><AwardCode>GA_GREEN</AwardCode><AwardName>飞利浦绿色标志</AwardName><AwardDescription>飞利浦绿色产品可以降低成本、节省能源和减少二氧化碳排放。如何做到？它们在一个或多个飞利浦绿色焦点领域 – 能效、包装、有害物质、重量、回收和处理，还有使用寿命可靠性做出了显著的环保改善。</AwardDescription><AwardText>飞利浦绿色标志</AwardText><AwardRank>3</AwardRank></Award><ProductReference ProductReferenceType="Accessory"><CTN>CP0263/01</CTN><ProductReferenceRank>0</ProductReferenceRank></ProductReference><ProductReference ProductReferenceType="Accessory"><CTN>CP0264/01</CTN><ProductReferenceRank>0</ProductReferenceRank></ProductReference><ProductReference ProductReferenceType="Accessory"><CTN>CP0324/01</CTN><ProductReferenceRank>0</ProductReferenceRank></ProductReference><ProductReference ProductReferenceType="Accessory"><CTN>CP0480/01</CTN><ProductReferenceRank>0</ProductReferenceRank></ProductReference><ProductReference ProductReferenceType="Accessory"><CTN>CP9059/01</CTN><ProductReferenceRank>0</ProductReferenceRank></ProductReference><ProductReference ProductReferenceType="Accessory"><CTN>CP9060/01</CTN><ProductReferenceRank>0</ProductReferenceRank></ProductReference><ProductReference ProductReferenceType="Accessory"><CTN>CP9062/01</CTN><ProductReferenceRank>0</ProductReferenceRank></ProductReference><ProductReference ProductReferenceType="Accessory"><CTN>HQ110/01</CTN><ProductReferenceRank>0</ProductReferenceRank></ProductReference><ProductReference ProductReferenceType="Accessory"><CTN>HQ110/02</CTN><ProductReferenceRank>0</ProductReferenceRank></ProductReference><ProductReference ProductReferenceType="Accessory"><CTN>HQ110/42</CTN><ProductReferenceRank>0</ProductReferenceRank></ProductReference><ProductReference ProductReferenceType="Accessory"><CTN>RQ111/50</CTN><ProductReferenceRank>0</ProductReferenceRank></ProductReference><ProductReference ProductReferenceType="Accessory"><CTN>RQ111/51</CTN><ProductReferenceRank>0</ProductReferenceRank></ProductReference><ProductReference ProductReferenceType="Accessory"><CTN>RQ111/52</CTN><ProductReferenceRank>0</ProductReferenceRank></ProductReference><ProductReference ProductReferenceType="Accessory"><CTN>RQ111/53</CTN><ProductReferenceRank>0</ProductReferenceRank></ProductReference><ProductReference ProductReferenceType="Accessory"><CTN>RQ585/50</CTN><ProductReferenceRank>0</ProductReferenceRank></ProductReference><ProductReference ProductReferenceType="Accessory"><CTN>RQ585/51</CTN><ProductReferenceRank>0</ProductReferenceRank></ProductReference><ProductReference ProductReferenceType="Accessory"><CTN>RQ585/52</CTN><ProductReferenceRank>0</ProductReferenceRank></ProductReference><ProductReference ProductReferenceType="Accessory"><CTN>SC51/50</CTN><ProductReferenceRank>0</ProductReferenceRank></ProductReference><ProductReference ProductReferenceType="Accessory"><CTN>SC51/51</CTN><ProductReferenceRank>0</ProductReferenceRank></ProductReference><ProductReference ProductReferenceType="Accessory"><CTN>SH575/50</CTN><ProductReferenceRank>0</ProductReferenceRank></ProductReference><ProductReference ProductReferenceType="Accessory"><CTN>SH90/50</CTN><ProductReferenceRank>0</ProductReferenceRank></ProductReference><ProductReference ProductReferenceType="Accessory"><CTN>SH90/51</CTN><ProductReferenceRank>0</ProductReferenceRank></ProductReference><ProductReference ProductReferenceType="Accessory"><CTN>SH90/52</CTN><ProductReferenceRank>0</ProductReferenceRank></ProductReference><ProductReference ProductReferenceType="Accessory"><CTN>SH90/60</CTN><ProductReferenceRank>0</ProductReferenceRank></ProductReference><ProductReference ProductReferenceType="Accessory"><CTN>SH90/62</CTN><ProductReferenceRank>0</ProductReferenceRank></ProductReference><ProductReference ProductReferenceType="Accessory"><CTN>SH90/63</CTN><ProductReferenceRank>0</ProductReferenceRank></ProductReference><RichTexts/></Product></Products>