<?xml version="1.0" encoding="UTF-8"?><Products xmlns:source="http://apache.org/cocoon/source/1.0" DocStatus="approved" DocTimeStamp="2018-10-23T10:48:29"><Product Country="CN" IsAccessory="false" IsMaster="false" Locale="zh_CN" lastModified="2018-10-23T04:30:06" masterLastModified="2018-06-09T00:55:22"><CTN>288B6LJRNB/93</CTN><Code12NC>867000155693</Code12NC><GTIN>6951613914267</GTIN><MarketingVersion>2.0.1</MarketingVersion><MarketingStatus>Final Published</MarketingStatus><CRDate>2018-07-06</CRDate><CRDateYW>201827</CRDateYW><ModelYears><ModelYear>2018</ModelYear><ModelYear>2019</ModelYear></ModelYears><ProductDivision><ProductDivisionCode>0200</ProductDivisionCode><ProductDivisionName>Consumer Lifestyle</ProductDivisionName><FormerPDCode>3400</FormerPDCode></ProductDivision><ProductOwner>Jessica Chang</ProductOwner><DTN>288B6LJRNB/93</DTN><Catalog><StartOfPublication>2018-08-06T00:00:00</StartOfPublication><EndOfPublication>2023-11-06T00:00:00</EndOfPublication><StartOfSales>2018-08-06T00:00:00</StartOfSales><EndOfSales>2023-11-06T00:00:00</EndOfSales><DummyPrice/><Deleted>false</Deleted><DeleteAfterDate/><ProductRank>78</ProductRank></Catalog><FinancialCategorization><BusinessGroupCode>6918</BusinessGroupCode><BusinessGroupName>TV</BusinessGroupName><BusinessUnitCode>0655</BusinessUnitCode><BusinessUnitName>Monitors</BusinessUnitName><MainArticleGroupCode>J89</MainArticleGroupCode><MainArticleGroupName>Monitors</MainArticleGroupName><ArticleGroupCode>3789</ArticleGroupCode><ArticleGroupName>Monitors global</ArticleGroupName></FinancialCategorization><Categorization type="CONSUMER"><GroupCode>SOUND_AND_VISION_GR</GroupCode><GroupName>Sound &amp; vision</GroupName><CategoryCode>SV_MONITORS_CA</CategoryCode><CategoryName>Monitors</CategoryName><SubcategoryCode>UHD_SU</SubcategoryCode><SubcategoryName>UHD</SubcategoryName></Categorization><Assets><Asset code="288B6LJRNB_93" description="User manual" extension="pdf" lastModified="2018-07-20" locale="zh_CN" number="001" type="DFU">http://download.p4c.philips.com/files/2/288b6ljrnb_93/288b6ljrnb_93_dfu_zhs.pdf</Asset><Asset code="288B6LJRNB_93" description="Leaflet" extension="pdf" lastModified="2018-10-19" locale="zh_CN" number="001" type="PSS">http://download.p4c.philips.com/files/2/288b6ljrnb_93/288b6ljrnb_93_pss_zhscn.pdf</Asset><Asset code="288B6LJRNB_93" description="Retail Trade Leaflet" extension="pdf" lastModified="2018-10-22" locale="zh_CN" number="001" type="RTL">http://download.p4c.philips.com/files/2/288b6ljrnb_93/288b6ljrnb_93_rtl_zhscn.pdf</Asset><Asset code="288B6LJRNB_93" description="Front product photograph - highres 2196x1795" extension="tif" lastModified="2018-06-06" locale="global" number="001" type="_FP">http://images.philips.com/is/image/PhilipsConsumer/288B6LJRNB_93-_FP-global-001</Asset><Asset code="288B6LJRNB_93" description="Alternative product photograph 1 - highres 2196x1795" extension="tif" lastModified="2018-05-29" locale="global" number="001" type="A1P">http://images.philips.com/is/image/PhilipsConsumer/288B6LJRNB_93-A1P-global-001</Asset><Asset code="288B6LJRNB_93" description="Alternative product photograph 2 - highres 2196x1795" extension="tif" lastModified="2018-05-29" locale="global" number="001" type="A2P">http://images.philips.com/is/image/PhilipsConsumer/288B6LJRNB_93-A2P-global-001</Asset><Asset code="288B6LJRNB_93" description="Alternative product photograph - highres 2196x1795" extension="tif" lastModified="2018-05-29" locale="global" number="001" type="APP">http://images.philips.com/is/image/PhilipsConsumer/288B6LJRNB_93-APP-global-001</Asset><Asset code="288B6LJRNB_93" description="Leaflet" extension="pdf" lastModified="2018-10-21" locale="global" number="001" type="PSS">http://download.p4c.philips.com/files/2/288b6ljrnb_93/288b6ljrnb_93_pss_.pdf</Asset><Asset code="288B6LJRNB_93" description="Standard product photograph - highres 2196x1795" extension="tif" lastModified="2018-06-06" locale="global" number="001" type="RTP">http://images.philips.com/is/image/PhilipsConsumer/288B6LJRNB_93-RTP-global-001</Asset><Asset code="288B6LJRNB_93" description="Single product shot" extension="" lastModified="2018-10-23" locale="zh_CN" number="" type="IMS">http://images.philips.com/is/image/PhilipsConsumer/288B6LJRNB_93-IMS-zh_CN</Asset><Asset code="288B6LJRNB_93" description="Product gallery image set" extension="" lastModified="2018-10-23" locale="zh_CN" number="" type="GAL">http://images.philips.com/is/image/PhilipsConsumer/288B6LJRNB_93-GAL-zh_CN</Asset><Asset code="288B6LJRNB_93" description="Product URL" extension="" lastModified="2018-10-23" locale="zh_CN" number="" type="URL">http://www.philips.com.cn/c-p/288B6LJRNB_93/brilliance-4k-uhd-monitor-with-hdr</Asset><Asset code="F400016234" description="Feature photograph - highres 2100x1170" extension="tif" lastModified="2017-10-31" locale="global" number="001" type="FIL">http://images.philips.com/is/image/PhilipsConsumer/F400016234-FIL-global-001</Asset><Asset code="F400016234" description="Feature logo - highres 331x213" extension="tif" lastModified="2010-07-21" locale="global" number="001" type="FLP">http://images.philips.com/is/image/PhilipsConsumer/F400016234-FLP-global-001</Asset><Asset code="F400031879" description="Feature photograph - highres 2100x1170" extension="tif" lastModified="2015-04-28" locale="global" number="001" type="FIL">http://images.philips.com/is/image/PhilipsConsumer/F400031879-FIL-global-001</Asset><Asset code="F400031879" description="Feature logo - highres 331x213" extension="tif" lastModified="2011-03-24" locale="global" number="001" type="FLP">http://images.philips.com/is/image/PhilipsConsumer/F400031879-FLP-global-001</Asset><Asset code="F400035289" description="Feature photograph - highres 2100x1170" extension="tif" lastModified="2017-10-31" locale="global" number="001" type="FIL">http://images.philips.com/is/image/PhilipsConsumer/F400035289-FIL-global-001</Asset><Asset code="F400035289" description="Feature logo - highres 331x213" extension="tif" lastModified="2017-11-15" locale="global" number="001" type="FLP">http://images.philips.com/is/image/PhilipsConsumer/F400035289-FLP-global-001</Asset><Asset code="F400035325" description="Feature photograph - highres 2100x1170" extension="tif" lastModified="2015-05-14" locale="global" number="001" type="FIL">http://images.philips.com/is/image/PhilipsConsumer/F400035325-FIL-global-001</Asset><Asset code="F400035325" description="Feature logo - highres 331x213" extension="tif" lastModified="2015-08-24" locale="global" number="001" type="FLP">http://images.philips.com/is/image/PhilipsConsumer/F400035325-FLP-global-001</Asset><Asset code="F400044228" description="Feature logo - highres 331x213" extension="tif" lastModified="2016-08-26" locale="global" number="001" type="FLP">http://images.philips.com/is/image/PhilipsConsumer/F400044228-FLP-global-001</Asset><Asset code="F400064846" description="Feature photograph - highres 2100x1170" extension="tif" lastModified="2014-03-06" locale="global" number="001" type="FIL">http://images.philips.com/is/image/PhilipsConsumer/F400064846-FIL-global-001</Asset><Asset code="F400064846" description="Feature logo - highres 331x213" extension="tif" lastModified="2015-08-26" locale="global" number="001" type="FLP">http://images.philips.com/is/image/PhilipsConsumer/F400064846-FLP-global-001</Asset><Asset code="F400066147" description="Feature logo - highres 331x213" extension="tif" lastModified="2015-08-26" locale="global" number="001" type="FLP">http://images.philips.com/is/image/PhilipsConsumer/F400066147-FLP-global-001</Asset><Asset code="F400067665" description="Feature photograph - highres 2100x1170" extension="tif" lastModified="2017-10-31" locale="global" number="001" type="FIL">http://images.philips.com/is/image/PhilipsConsumer/F400067665-FIL-global-001</Asset><Asset code="F400067665" description="Feature logo - highres 331x213" extension="tif" lastModified="2017-11-15" locale="global" number="001" type="FLP">http://images.philips.com/is/image/PhilipsConsumer/F400067665-FLP-global-001</Asset><Asset code="F400078929" description="Feature photograph - highres 2100x1170" extension="tif" lastModified="2017-10-31" locale="global" number="001" type="FIL">http://images.philips.com/is/image/PhilipsConsumer/F400078929-FIL-global-001</Asset><Asset code="F400078929" description="Feature logo - highres 331x213" extension="tif" lastModified="2017-11-15" locale="global" number="001" type="FLP">http://images.philips.com/is/image/PhilipsConsumer/F400078929-FLP-global-001</Asset><Asset code="F400080297" description="Feature photograph - highres 2100x1170" extension="tif" lastModified="2017-10-31" locale="global" number="001" type="FIL">http://images.philips.com/is/image/PhilipsConsumer/F400080297-FIL-global-001</Asset><Asset code="F400080297" description="Feature logo - highres 331x213" extension="tif" lastModified="2017-11-15" locale="global" number="001" type="FLP">http://images.philips.com/is/image/PhilipsConsumer/F400080297-FLP-global-001</Asset><Asset code="F400082707" description="Feature photograph - highres 2100x1170" extension="tif" lastModified="2017-08-03" locale="global" number="001" type="FIL">http://images.philips.com/is/image/PhilipsConsumer/F400082707-FIL-global-001</Asset><Asset code="F400082707" description="Feature logo - highres 331x213" extension="tif" lastModified="2017-04-18" locale="global" number="001" type="FLP">http://images.philips.com/is/image/PhilipsConsumer/F400082707-FLP-global-001</Asset><Asset code="F400083289" description="Feature photograph - highres 2100x1170" extension="tif" lastModified="2017-06-19" locale="global" number="001" type="FIL">http://images.philips.com/is/image/PhilipsConsumer/F400083289-FIL-global-001</Asset><Asset code="PHI" description="Brand logo - highres 1476x886" extension="tif" lastModified="2016-02-18" locale="global" number="001" type="BRP">http://images.philips.com/is/image/PhilipsConsumer/PHI-BRP-global-001</Asset><Asset code="SB30000063" description="Concept logo - lowres 198x198" extension="jpg" lastModified="2009-08-05" locale="global" number="001" type="CLL">http://images.philips.com/is/image/PhilipsConsumer/SB30000063-CLL-global-001</Asset></Assets><ProductName>采用 HDR 技术的 B 系列 28 英寸/71.1 厘米 4K 超高清显示器</ProductName><FullProductName>飞利浦 Brilliance 采用 HDR 技术的 4K 超高清显示器 288B6LJRNB B 系列 28 英寸/71.1 厘米 4K 超高清 (3840 x 2160)</FullProductName><NamingString><MasterBrand><BrandCode>PHI</BrandCode><BrandName>Philips</BrandName></MasterBrand><BrandString>飞利浦</BrandString><Concept><ConceptCode>SB30000063</ConceptCode><ConceptName>Brilliance</ConceptName><ConceptNameUsed>0</ConceptNameUsed></Concept><Descriptor><DescriptorCode>D4031079</DescriptorCode><DescriptorName>采用 HDR 技术的 4K 超高清显示器</DescriptorName></Descriptor><Alphanumeric>288B6LJRNB</Alphanumeric><VersionElement1><VersionElementCode>V4013438</VersionElementCode><VersionElementName>B 系列</VersionElementName></VersionElement1><VersionElement2><VersionElementCode>V4027931</VersionElementCode><VersionElementName>28 英寸/71.1 厘米</VersionElementName></VersionElement2><VersionElement3><VersionElementCode>V4034503</VersionElementCode><VersionElementName>4K UHD (3840 x 2160)</VersionElementName></VersionElement3><VersionString>B 系列 28 英寸/71.1 厘米 4K 超高清 (3840 x 2160)</VersionString><BrandedFeatureString/><DescriptorBrandedFeatureString>采用 HDR 技术的 4K 超高清显示器</DescriptorBrandedFeatureString></NamingString><WOW>图像清晰，性能高效</WOW><SubWOW>实现最大效能</SubWOW><MarketingTextHeader>如果需要获得超清晰画质，飞利浦 28 英寸 4K HDR 显示器可提供出色效果。4K 超高清显示器搭载 HDR 技术可呈现更清晰逼真的视觉画面。高度调整和 LowBlue 功能可有效呵护您的双眼</MarketingTextHeader><KeyBenefitArea><KeyBenefitAreaCode>K300000741</KeyBenefitAreaCode><KeyBenefitAreaName>鲜艳、自然而逼真的清晰图像</KeyBenefitAreaName><KeyBenefitAreaRank>1</KeyBenefitAreaRank><Feature><FeatureCode>F400064846</FeatureCode><FeatureReferenceName>UltraClear 4K UHD (3840x2160) resolution for precision</FeatureReferenceName><FeatureName>UltraClear 4K UHD 分辨率</FeatureName><FeatureLongDescription>UltraClear 4K UHD (3840x2160) 分辨率，非常精确</FeatureLongDescription><FeatureGlossary>这些最新的飞利浦显示屏采用高性能面板提供 UltraClear 4K UHD (3840 x 2160) 分辨率图像。无论是 CAD 解决方案的超清晰图像、使用 3D 图形应用程序还是金融巨头应对大量报表，飞利浦显示屏都将为您的专业需求提供栩栩如生的图像和图形。</FeatureGlossary><FeatureRank>1</FeatureRank><FeatureTopRank>1</FeatureTopRank></Feature><Feature><FeatureCode>F400082707</FeatureCode><FeatureReferenceName>HDR_monitor</FeatureReferenceName><FeatureName>高动态范围 (HDR)</FeatureName><FeatureLongDescription>高动态范围 (HDR) 产生更逼真的彩色视觉效果</FeatureLongDescription><FeatureGlossary>高动态范围提供了大为不同的视觉体验。凭借惊人的亮度、无可比拟的对比度和迷人的色彩，图像以更高的亮度焕发生机，同时呈现更深邃、更细致的暗度。它呈现了以前从未在显示屏上见到过的更全面的丰富新颜色的调色板，提供了吸引感官并激发情感的视觉体验。</FeatureGlossary><FeatureRank>2</FeatureRank><FeatureTopRank>2</FeatureTopRank></Feature></KeyBenefitArea><KeyBenefitArea><KeyBenefitAreaCode>K4033936</KeyBenefitAreaCode><KeyBenefitAreaName>尤其适合您的空间</KeyBenefitAreaName><KeyBenefitAreaRank>2</KeyBenefitAreaRank><Feature><FeatureCode>F400035325</FeatureCode><FeatureReferenceName>SmartErgoBase</FeatureReferenceName><FeatureName>SmartErgoBase</FeatureName><FeatureLongDescription>SmartErgoBase 可实现人性化的人体工程学调节</FeatureLongDescription><FeatureGlossary>SmartErgoBase 是一款彰显人体工程学带来的观赏舒适感并且具有线缆管理装置的显示器底座。底座的人性化高度、旋转、倾角和旋转角度可让显示器带来最大的舒适感，以使人们在工作时能够放松紧张、疲惫的身躯；线缆管理改善了因线缆过多而导致的零乱情况，还您一片整洁、专业的工作空间。</FeatureGlossary><FeatureRank>2</FeatureRank><FeatureTopRank>3</FeatureTopRank></Feature><Feature><FeatureCode>F400044228</FeatureCode><FeatureReferenceName>VESA mount allows for flexibility</FeatureReferenceName><FeatureName>VESA 安装</FeatureName><FeatureLongDescription>VESA 安装实现灵活性</FeatureLongDescription><FeatureRank>1</FeatureRank><FeatureTopRank>8</FeatureTopRank></Feature></KeyBenefitArea><KeyBenefitArea><KeyBenefitAreaCode>K4029064</KeyBenefitAreaCode><KeyBenefitAreaName>专为您的工作方式精心设计</KeyBenefitAreaName><KeyBenefitAreaRank>3</KeyBenefitAreaRank><Feature><FeatureCode>F400035289</FeatureCode><FeatureReferenceName>M4 SmartImage</FeatureReferenceName><FeatureName>SmartImage</FeatureName><FeatureLongDescription>SmartImage 预设可轻松优化图像设置</FeatureLongDescription><FeatureGlossary>SmartImage 是飞利浦独一无二的前沿技术，它通过分析屏幕上显示的内容，带给您优化的显示性能。此用户友好的界面允许您选择“办公软件”、“图片”、“电影”、“游戏”、“省电”等多种模式，以适应使用中的应用程序。SmartImage 会根据您的选择动态优化对比度、色彩饱和度以及图像和视频的清晰度，以获得卓越的显示性能。“省电”模式选项主要为您提供节能能力。只需您轻按一下按钮，一切功能立即实现！</FeatureGlossary><FeatureRank>1</FeatureRank><FeatureTopRank>4</FeatureTopRank></Feature></KeyBenefitArea><KeyBenefitArea><KeyBenefitAreaCode>K4033201</KeyBenefitAreaCode><KeyBenefitAreaName>为舒适高效而设计</KeyBenefitAreaName><KeyBenefitAreaRank>4</KeyBenefitAreaRank><Feature><FeatureCode>F400078929</FeatureCode><FeatureReferenceName>LowBlue Mode</FeatureReferenceName><FeatureName>LowBlue 模式</FeatureName><FeatureLongDescription>LowBlue 模式，高效保护视力</FeatureLongDescription><FeatureGlossary>研究表明，与紫外线可能导致眼睛伤害一样，LED 显示屏短波长蓝光也可以造成眼睛损伤，长期使用还可能影响视力。飞利浦 LowBlue 模式设置专为健康工作而开发，其采用智能软件技术减少有害短波长蓝光。</FeatureGlossary><FeatureRank>1</FeatureRank><FeatureTopRank>5</FeatureTopRank></Feature><Feature><FeatureCode>F400067665</FeatureCode><FeatureReferenceName>Flicker-free technology</FeatureReferenceName><FeatureName>无闪烁技术</FeatureName><FeatureLongDescription>借助无闪烁技术减少眼部疲劳</FeatureLongDescription><FeatureGlossary>由于在 LED 背光屏幕上控制亮度，某些用户会在屏幕上看到闪烁，这会导致眼部疲劳。飞利浦无闪烁技术应用新的解决方案来调节亮度，同时消除闪烁，带给您更舒适的观看体验。</FeatureGlossary><FeatureRank>2</FeatureRank><FeatureTopRank>6</FeatureTopRank></Feature><Feature><FeatureCode>F400083289</FeatureCode><FeatureReferenceName>EasyRead mode_Pivot</FeatureReferenceName><FeatureName>EasyRead 模式</FeatureName><FeatureLongDescription>营造纸上阅读般体验的 EasyRead 模式</FeatureLongDescription><FeatureRank>3</FeatureRank><FeatureTopRank>7</FeatureTopRank></Feature></KeyBenefitArea><FeatureLogo><FeatureCode>F400066147</FeatureCode><FeatureReferenceName>4K UHD logo</FeatureReferenceName><FeatureLogoRank>4</FeatureLogoRank></FeatureLogo><FeatureLogo><FeatureCode>F400082707</FeatureCode><FeatureReferenceName>HDR_monitor</FeatureReferenceName><FeatureLogoRank>5</FeatureLogoRank></FeatureLogo><FeatureLogo><FeatureCode>F400035325</FeatureCode><FeatureReferenceName>SmartErgoBase</FeatureReferenceName><FeatureLogoRank>6</FeatureLogoRank></FeatureLogo><FeatureLogo><FeatureCode>F400035289</FeatureCode><FeatureReferenceName>M4 SmartImage</FeatureReferenceName><FeatureLogoRank>7</FeatureLogoRank></FeatureLogo><FeatureLogo><FeatureCode>F400078929</FeatureCode><FeatureReferenceName>LowBlue Mode</FeatureReferenceName><FeatureLogoRank>8</FeatureLogoRank></FeatureLogo><FeatureLogo><FeatureCode>F400067665</FeatureCode><FeatureReferenceName>Flicker-free technology</FeatureReferenceName><FeatureLogoRank>9</FeatureLogoRank></FeatureLogo><FeatureLogo><FeatureCode>F400080297</FeatureCode><FeatureReferenceName>EasyRead mode_non Pivot</FeatureReferenceName><FeatureLogoRank>10</FeatureLogoRank></FeatureLogo><FeatureLogo><FeatureCode>F400031879</FeatureCode><FeatureReferenceName>SmartResponse - 1ms</FeatureReferenceName><FeatureLogoRank>11</FeatureLogoRank></FeatureLogo><FeatureLogo><FeatureCode>F400016234</FeatureCode><FeatureReferenceName>HDMI Ready</FeatureReferenceName><FeatureLogoRank>12</FeatureLogoRank></FeatureLogo><FeatureImage><FeatureCode>F400064846</FeatureCode><FeatureReferenceName>UltraClear 4K UHD (3840x2160) resolution for precision</FeatureReferenceName><FeatureImageRank>1</FeatureImageRank></FeatureImage><FeatureImage><FeatureCode>F400082707</FeatureCode><FeatureReferenceName>HDR_monitor</FeatureReferenceName><FeatureImageRank>2</FeatureImageRank></FeatureImage><FeatureImage><FeatureCode>F400035325</FeatureCode><FeatureReferenceName>SmartErgoBase</FeatureReferenceName><FeatureImageRank>3</FeatureImageRank></FeatureImage><FeatureImage><FeatureCode>F400035289</FeatureCode><FeatureReferenceName>M4 SmartImage</FeatureReferenceName><FeatureImageRank>4</FeatureImageRank></FeatureImage><FeatureImage><FeatureCode>F400078929</FeatureCode><FeatureReferenceName>LowBlue Mode</FeatureReferenceName><FeatureImageRank>5</FeatureImageRank></FeatureImage><FeatureImage><FeatureCode>F400067665</FeatureCode><FeatureReferenceName>Flicker-free technology</FeatureReferenceName><FeatureImageRank>6</FeatureImageRank></FeatureImage><FeatureImage><FeatureCode>F400083289</FeatureCode><FeatureReferenceName>EasyRead mode_Pivot</FeatureReferenceName><FeatureImageRank>7</FeatureImageRank></FeatureImage><FeatureHighlight><FeatureCode>F400064846</FeatureCode><FeatureReferenceName>UltraClear 4K UHD (3840x2160) resolution for precision</FeatureReferenceName><FeatureHighlightRank>1</FeatureHighlightRank></FeatureHighlight><FeatureHighlight><FeatureCode>F400082707</FeatureCode><FeatureReferenceName>HDR_monitor</FeatureReferenceName><FeatureHighlightRank>2</FeatureHighlightRank></FeatureHighlight><FeatureHighlight><FeatureCode>F400035325</FeatureCode><FeatureReferenceName>SmartErgoBase</FeatureReferenceName><FeatureHighlightRank>3</FeatureHighlightRank></FeatureHighlight><FeatureHighlight><FeatureCode>F400035289</FeatureCode><FeatureReferenceName>M4 SmartImage</FeatureReferenceName><FeatureHighlightRank>4</FeatureHighlightRank></FeatureHighlight><FeatureHighlight><FeatureCode>F400078929</FeatureCode><FeatureReferenceName>LowBlue Mode</FeatureReferenceName><FeatureHighlightRank>5</FeatureHighlightRank></FeatureHighlight><FeatureHighlight><FeatureCode>F400067665</FeatureCode><FeatureReferenceName>Flicker-free technology</FeatureReferenceName><FeatureHighlightRank>6</FeatureHighlightRank></FeatureHighlight><FeatureHighlight><FeatureCode>F400083289</FeatureCode><FeatureReferenceName>EasyRead mode_Pivot</FeatureReferenceName><FeatureHighlightRank>7</FeatureHighlightRank></FeatureHighlight><CSChapter><CSChapterCode>3000796</CSChapterCode><CSChapterName>图片/显示</CSChapterName><CSChapterRank>1</CSChapterRank><CSItem><CSItemCode>3006169</CSItemCode><CSItemName>LCD 面板类型</CSItemName><CSItemRank>1</CSItemRank><CSItemIsFreeFormat>0</CSItemIsFreeFormat><CSValue><CSValueCode>VA4015327</CSValueCode><CSValueName>TFT-LCD</CSValueName><CSValueRank>1</CSValueRank></CSValue></CSItem><CSItem><CSItemCode>IT4007209</CSItemCode><CSItemName>背光类型</CSItemName><CSItemRank>2</CSItemRank><CSItemIsFreeFormat>1</CSItemIsFreeFormat><CSValue><CSValueCode>VA4018797</CSValueCode><CSValueName>W-LED 系统</CSValueName><CSValueRank>1</CSValueRank></CSValue></CSItem><CSItem><CSItemCode>3006180</CSItemCode><CSItemName>面板尺寸</CSItemName><CSItemRank>3</CSItemRank><CSItemIsFreeFormat>1</CSItemIsFreeFormat><CSValue><CSValueCode>3031218</CSValueCode><CSValueName>28 英寸 / 71.1 厘米</CSValueName><CSValueRank>1</CSValueRank></CSValue></CSItem><CSItem><CSItemCode>IT4044130</CSItemCode><CSItemName>显示屏涂层</CSItemName><CSItemRank>4</CSItemRank><CSItemIsFreeFormat>1</CSItemIsFreeFormat><CSValue><CSValueCode>VA4101537</CSValueCode><CSValueName>防眩，3H，雾度 25%</CSValueName><CSValueRank>1</CSValueRank></CSValue></CSItem><CSItem><CSItemCode>3006149</CSItemCode><CSItemName>有效显示区</CSItemName><CSItemRank>5</CSItemRank><CSItemIsFreeFormat>1</CSItemIsFreeFormat><CSValue><CSValueCode>3031161</CSValueCode><CSValueName>620.93（水平）x 341.28（垂直）</CSValueName><CSValueRank>1</CSValueRank></CSValue></CSItem><CSItem><CSItemCode>3006121</CSItemCode><CSItemName>宽高比</CSItemName><CSItemRank>6</CSItemRank><CSItemIsFreeFormat>0</CSItemIsFreeFormat><CSValue><CSValueCode>3031098</CSValueCode><CSValueName>16:9</CSValueName><CSValueRank>1</CSValueRank></CSValue></CSItem><CSItem><CSItemCode>3006193</CSItemCode><CSItemName>最佳分辨率</CSItemName><CSItemRank>7</CSItemRank><CSItemIsFreeFormat>1</CSItemIsFreeFormat><CSValue><CSValueCode>3031277</CSValueCode><CSValueName>3840 x 2160 @ 60 赫兹</CSValueName><CSValueRank>1</CSValueRank></CSValue></CSItem><CSItem><CSItemCode>IT4041772</CSItemCode><CSItemName>像素密度</CSItemName><CSItemRank>8</CSItemRank><CSItemIsFreeFormat>1</CSItemIsFreeFormat><CSValue><CSValueCode>VA4096901</CSValueCode><CSValueName>157 PPI</CSValueName><CSValueRank>1</CSValueRank></CSValue></CSItem><CSItem><CSItemCode>IT4039893</CSItemCode><CSItemName>响应时间（标准）</CSItemName><CSItemRank>9</CSItemRank><CSItemIsFreeFormat>1</CSItemIsFreeFormat><CSValue><CSValueCode>VA4093235</CSValueCode><CSValueName>1 毫秒（灰阶响应时间）*</CSValueName><CSValueRank>1</CSValueRank></CSValue></CSItem><CSItem><CSItemCode>3006127</CSItemCode><CSItemName>亮度</CSItemName><CSItemRank>10</CSItemRank><CSItemIsFreeFormat>1</CSItemIsFreeFormat><CSValue><CSValueCode>3031110</CSValueCode><CSValueName>300</CSValueName><CSValueRank>1</CSValueRank></CSValue><UnitOfMeasure><UnitOfMeasureCode>3000038</UnitOfMeasureCode><UnitOfMeasureName>cd/m²</UnitOfMeasureName><UnitOfMeasureSymbol>cd/m²</UnitOfMeasureSymbol></UnitOfMeasure></CSItem><CSItem><CSItemCode>3006133</CSItemCode><CSItemName>对比度（标准）</CSItemName><CSItemRank>11</CSItemRank><CSItemIsFreeFormat>1</CSItemIsFreeFormat><CSValue><CSValueCode>3031116</CSValueCode><CSValueName>1,000:1</CSValueName><CSValueRank>1</CSValueRank></CSValue></CSItem><CSItem><CSItemCode>IT4006148</CSItemCode><CSItemName>SmartContrast</CSItemName><CSItemRank>12</CSItemRank><CSItemIsFreeFormat>1</CSItemIsFreeFormat><CSValue><CSValueCode>VA4017351</CSValueCode><CSValueName>50,000,000:1</CSValueName><CSValueRank>1</CSValueRank></CSValue></CSItem><CSItem><CSItemCode>3006186</CSItemCode><CSItemName>像素间距</CSItemName><CSItemRank>13</CSItemRank><CSItemIsFreeFormat>1</CSItemIsFreeFormat><CSValue><CSValueCode>3031270</CSValueCode><CSValueName>0.16 x 0.16毫米</CSValueName><CSValueRank>1</CSValueRank></CSValue></CSItem><CSItem><CSItemCode>3007518</CSItemCode><CSItemName>视角</CSItemName><CSItemRank>14</CSItemRank><CSItemIsFreeFormat>0</CSItemIsFreeFormat><CSValue><CSValueCode>VA4000181</CSValueCode><CSValueName>170º（水平）/160º（垂直）</CSValueName><CSValueRank>1</CSValueRank></CSValue><CSValue><CSValueCode>3035028</CSValueCode><CSValueName>@ C/R &gt; 10</CSValueName><CSValueRank>2</CSValueRank></CSValue></CSItem><CSItem><CSItemCode>IT4036934</CSItemCode><CSItemName>无闪烁</CSItemName><CSItemRank>15</CSItemRank><CSItemIsFreeFormat>1</CSItemIsFreeFormat><CSValue><CSValueCode>VA4085801</CSValueCode><CSValueName>Y</CSValueName><CSValueRank>1</CSValueRank></CSValue></CSItem><CSItem><CSItemCode>3006183</CSItemCode><CSItemName>画面效果增强</CSItemName><CSItemRank>16</CSItemRank><CSItemIsFreeFormat>0</CSItemIsFreeFormat><CSValue><CSValueCode>3049169</CSValueCode><CSValueName>SmartImage</CSValueName><CSValueRank>1</CSValueRank></CSValue></CSItem><CSItem><CSItemCode>3006143</CSItemCode><CSItemName>显示屏色彩</CSItemName><CSItemRank>17</CSItemRank><CSItemIsFreeFormat>1</CSItemIsFreeFormat><CSValue><CSValueCode>3031126</CSValueCode><CSValueName>支持 10.7 亿色</CSValueName><CSValueRank>1</CSValueRank></CSValue></CSItem><CSItem><CSItemCode>IT4034031</CSItemCode><CSItemName>色域（标准）</CSItemName><CSItemRank>18</CSItemRank><CSItemIsFreeFormat>1</CSItemIsFreeFormat><CSValue><CSValueCode>VA4079201</CSValueCode><CSValueName>NTSC 84%*，sRGB 102%*</CSValueName><CSValueRank>1</CSValueRank></CSValue></CSItem><CSItem><CSItemCode>IT4043471</CSItemCode><CSItemName>HDR</CSItemName><CSItemRank>19</CSItemRank><CSItemIsFreeFormat>1</CSItemIsFreeFormat><CSValue><CSValueCode>VA4100179</CSValueCode><CSValueName>HDR 10</CSValueName><CSValueRank>1</CSValueRank></CSValue></CSItem><CSItem><CSItemCode>IT4006149</CSItemCode><CSItemName>扫描频率</CSItemName><CSItemRank>20</CSItemRank><CSItemIsFreeFormat>1</CSItemIsFreeFormat><CSValue><CSValueCode>VA4017352</CSValueCode><CSValueName>30 - 160 kHz（水平）/23 - 80 Hz（垂直）</CSValueName><CSValueRank>1</CSValueRank></CSValue></CSItem><CSItem><CSItemCode>IT4042894</CSItemCode><CSItemName>EasyRead</CSItemName><CSItemRank>21</CSItemRank><CSItemIsFreeFormat>1</CSItemIsFreeFormat><CSValue><CSValueCode>VA4099133</CSValueCode><CSValueName>Y</CSValueName><CSValueRank>1</CSValueRank></CSValue></CSItem><CSItem><CSItemCode>IT4042826</CSItemCode><CSItemName>LowBlue 模式</CSItemName><CSItemRank>22</CSItemRank><CSItemIsFreeFormat>1</CSItemIsFreeFormat><CSValue><CSValueCode>VA4098941</CSValueCode><CSValueName>Y</CSValueName><CSValueRank>1</CSValueRank></CSValue></CSItem><CSItem><CSItemCode>3006207</CSItemCode><CSItemName>sRGB</CSItemName><CSItemRank>23</CSItemRank><CSItemIsFreeFormat>1</CSItemIsFreeFormat><CSValue><CSValueCode>3031306</CSValueCode><CSValueName>Y</CSValueName><CSValueRank>1</CSValueRank></CSValue></CSItem></CSChapter><CSChapter><CSChapterCode>3000813</CSChapterCode><CSChapterName>连接</CSChapterName><CSChapterRank>3</CSChapterRank><CSItem><CSItemCode>3006576</CSItemCode><CSItemName>信号输入</CSItemName><CSItemRank>1</CSItemRank><CSItemIsFreeFormat>0</CSItemIsFreeFormat><CSValue><CSValueCode>VA4056148</CSValueCode><CSValueName>DisplayPort 1.2</CSValueName><CSValueRank>1</CSValueRank></CSValue><CSValue><CSValueCode>VA4101567</CSValueCode><CSValueName>HDMI 2.0 x 2</CSValueName><CSValueRank>2</CSValueRank></CSValue></CSItem><CSItem><CSItemCode>3006588</CSItemCode><CSItemName>同步输入</CSItemName><CSItemRank>2</CSItemRank><CSItemIsFreeFormat>0</CSItemIsFreeFormat><CSValue><CSValueCode>3032392</CSValueCode><CSValueName>单独同步</CSValueName><CSValueRank>1</CSValueRank></CSValue><CSValue><CSValueCode>3032393</CSValueCode><CSValueName>同步时呈绿色</CSValueName><CSValueRank>2</CSValueRank></CSValue></CSItem><CSItem><CSItemCode>IT4005621</CSItemCode><CSItemName>音频（输入/输出）</CSItemName><CSItemRank>3</CSItemRank><CSItemIsFreeFormat>0</CSItemIsFreeFormat><CSValue><CSValueCode>VA4083901</CSValueCode><CSValueName>HDMI / DP 音频输出</CSValueName><CSValueRank>1</CSValueRank></CSValue></CSItem></CSChapter><CSChapter><CSChapterCode>3000814</CSChapterCode><CSChapterName>便利性</CSChapterName><CSChapterRank>4</CSChapterRank><CSItem><CSItemCode>3006633</CSItemCode><CSItemName>方便用户</CSItemName><CSItemRank>1</CSItemRank><CSItemIsFreeFormat>0</CSItemIsFreeFormat><CSValue><CSValueCode>VA4015428</CSValueCode><CSValueName>SmartImage</CSValueName><CSValueRank>1</CSValueRank></CSValue><CSValue><CSValueCode>VA4017358</CSValueCode><CSValueName>输入</CSValueName><CSValueRank>2</CSValueRank></CSValue><CSValue><CSValueCode>VA4017356</CSValueCode><CSValueName>亮度</CSValueName><CSValueRank>3</CSValueRank></CSValue><CSValue><CSValueCode>VA4017357</CSValueCode><CSValueName>菜单</CSValueName><CSValueRank>4</CSValueRank></CSValue><CSValue><CSValueCode>VA4017554</CSValueCode><CSValueName>打开/关闭电源</CSValueName><CSValueRank>5</CSValueRank></CSValue></CSItem><CSItem><CSItemCode>3006693</CSItemCode><CSItemName>OSD 语言</CSItemName><CSItemRank>2</CSItemRank><CSItemIsFreeFormat>0</CSItemIsFreeFormat><CSValue><CSValueCode>VA4065363</CSValueCode><CSValueName>巴西葡萄牙语</CSValueName><CSValueRank>1</CSValueRank></CSValue><CSValue><CSValueCode>3034561</CSValueCode><CSValueName>捷克语</CSValueName><CSValueRank>2</CSValueRank></CSValue><CSValue><CSValueCode>3034565</CSValueCode><CSValueName>荷兰语</CSValueName><CSValueRank>3</CSValueRank></CSValue><CSValue><CSValueCode>3032771</CSValueCode><CSValueName>简体中文</CSValueName><CSValueRank>4</CSValueRank></CSValue><CSValue><CSValueCode>VA4063224</CSValueCode><CSValueName>芬兰语</CSValueName><CSValueRank>5</CSValueRank></CSValue><CSValue><CSValueCode>3032772</CSValueCode><CSValueName>法语</CSValueName><CSValueRank>6</CSValueRank></CSValue><CSValue><CSValueCode>3032773</CSValueCode><CSValueName>德语</CSValueName><CSValueRank>7</CSValueRank></CSValue><CSValue><CSValueCode>VA4002508</CSValueCode><CSValueName>希腊语</CSValueName><CSValueRank>8</CSValueRank></CSValue><CSValue><CSValueCode>3034563</CSValueCode><CSValueName>匈牙利语</CSValueName><CSValueRank>9</CSValueRank></CSValue><CSValue><CSValueCode>3032774</CSValueCode><CSValueName>意大利语</CSValueName><CSValueRank>10</CSValueRank></CSValue><CSValue><CSValueCode>3038221</CSValueCode><CSValueName>日语</CSValueName><CSValueRank>11</CSValueRank></CSValue><CSValue><CSValueCode>3039946</CSValueCode><CSValueName>韩语</CSValueName><CSValueRank>12</CSValueRank></CSValue><CSValue><CSValueCode>3034564</CSValueCode><CSValueName>波兰语</CSValueName><CSValueRank>13</CSValueRank></CSValue><CSValue><CSValueCode>3032775</CSValueCode><CSValueName>葡萄牙语</CSValueName><CSValueRank>14</CSValueRank></CSValue><CSValue><CSValueCode>3032776</CSValueCode><CSValueName>俄语</CSValueName><CSValueRank>15</CSValueRank></CSValue><CSValue><CSValueCode>3034114</CSValueCode><CSValueName>简体中文</CSValueName><CSValueRank>16</CSValueRank></CSValue><CSValue><CSValueCode>3032777</CSValueCode><CSValueName>西班牙语</CSValueName><CSValueRank>17</CSValueRank></CSValue><CSValue><CSValueCode>3034562</CSValueCode><CSValueName>瑞典语</CSValueName><CSValueRank>18</CSValueRank></CSValue><CSValue><CSValueCode>3034115</CSValueCode><CSValueName>繁体中文</CSValueName><CSValueRank>19</CSValueRank></CSValue><CSValue><CSValueCode>3035749</CSValueCode><CSValueName>土耳其语</CSValueName><CSValueRank>20</CSValueRank></CSValue><CSValue><CSValueCode>VA4065364</CSValueCode><CSValueName>乌克兰语</CSValueName><CSValueRank>21</CSValueRank></CSValue></CSItem><CSItem><CSItemCode>3006694</CSItemCode><CSItemName>其它便利性</CSItemName><CSItemRank>3</CSItemRank><CSItemIsFreeFormat>0</CSItemIsFreeFormat><CSValue><CSValueCode>3032778</CSValueCode><CSValueName>Kensington 锁</CSValueName><CSValueRank>1</CSValueRank></CSValue><CSValue><CSValueCode>VA4016754</CSValueCode><CSValueName>VESA 安装架（100 x 100 毫米）</CSValueName><CSValueRank>2</CSValueRank></CSValue></CSItem><CSItem><CSItemCode>3006699</CSItemCode><CSItemName>即插即用兼容性</CSItemName><CSItemRank>4</CSItemRank><CSItemIsFreeFormat>0</CSItemIsFreeFormat><CSValue><CSValueCode>3043209</CSValueCode><CSValueName>DDC/CI</CSValueName><CSValueRank>1</CSValueRank></CSValue><CSValue><CSValueCode>3046249</CSValueCode><CSValueName>Mac OS X</CSValueName><CSValueRank>2</CSValueRank></CSValue><CSValue><CSValueCode>3032788</CSValueCode><CSValueName>sRGB</CSValueName><CSValueRank>3</CSValueRank></CSValue><CSValue><CSValueCode>VA4097160</CSValueCode><CSValueName>Windows 10/8/7</CSValueName><CSValueRank>4</CSValueRank></CSValue></CSItem></CSChapter><CSChapter><CSChapterCode>CH4000824</CSChapterCode><CSChapterName>底座</CSChapterName><CSChapterRank>5</CSChapterRank><CSItem><CSItemCode>IT4004951</CSItemCode><CSItemName>高度调节</CSItemName><CSItemRank>1</CSItemRank><CSItemIsFreeFormat>1</CSItemIsFreeFormat><CSValue><CSValueCode>VA4015656</CSValueCode><CSValueName>150</CSValueName><CSValueRank>1</CSValueRank></CSValue><UnitOfMeasure><UnitOfMeasureCode>3000058</UnitOfMeasureCode><UnitOfMeasureName>毫米</UnitOfMeasureName><UnitOfMeasureSymbol>毫米</UnitOfMeasureSymbol></UnitOfMeasure></CSItem><CSItem><CSItemCode>IT4004952</CSItemCode><CSItemName>枢轴</CSItemName><CSItemRank>2</CSItemRank><CSItemIsFreeFormat>1</CSItemIsFreeFormat><CSValue><CSValueCode>VA4015657</CSValueCode><CSValueName>90 度</CSValueName><CSValueRank>1</CSValueRank></CSValue></CSItem><CSItem><CSItemCode>IT4004953</CSItemCode><CSItemName>旋转</CSItemName><CSItemRank>3</CSItemRank><CSItemIsFreeFormat>1</CSItemIsFreeFormat><CSValue><CSValueCode>VA4015658</CSValueCode><CSValueName>-65/65</CSValueName><CSValueRank>1</CSValueRank></CSValue><UnitOfMeasure><UnitOfMeasureCode>3000042</UnitOfMeasureCode><UnitOfMeasureName>度</UnitOfMeasureName><UnitOfMeasureSymbol>度</UnitOfMeasureSymbol></UnitOfMeasure></CSItem><CSItem><CSItemCode>IT4004954</CSItemCode><CSItemName>倾斜</CSItemName><CSItemRank>4</CSItemRank><CSItemIsFreeFormat>1</CSItemIsFreeFormat><CSValue><CSValueCode>VA4015659</CSValueCode><CSValueName>-5/20</CSValueName><CSValueRank>1</CSValueRank></CSValue><UnitOfMeasure><UnitOfMeasureCode>3000042</UnitOfMeasureCode><UnitOfMeasureName>度</UnitOfMeasureName><UnitOfMeasureSymbol>度</UnitOfMeasureSymbol></UnitOfMeasure></CSItem></CSChapter><CSChapter><CSChapterCode>3000821</CSChapterCode><CSChapterName>功率</CSChapterName><CSChapterRank>6</CSChapterRank><CSItem><CSItemCode>IT4006562</CSItemCode><CSItemName>ECO 节能模式</CSItemName><CSItemRank>1</CSItemRank><CSItemIsFreeFormat>1</CSItemIsFreeFormat><CSValue><CSValueCode>VA4017986</CSValueCode><CSValueName>21.7 W（标准）</CSValueName><CSValueRank>1</CSValueRank></CSValue></CSItem><CSItem><CSItemCode>IT4005861</CSItemCode><CSItemName>开启模式</CSItemName><CSItemRank>2</CSItemRank><CSItemIsFreeFormat>1</CSItemIsFreeFormat><CSValue><CSValueCode>VA4017025</CSValueCode><CSValueName>27 瓦（标准）（能源之星 7.0 测试方法）</CSValueName><CSValueRank>1</CSValueRank></CSValue></CSItem><CSItem><CSItemCode>IT4006150</CSItemCode><CSItemName>待机模式</CSItemName><CSItemRank>3</CSItemRank><CSItemIsFreeFormat>1</CSItemIsFreeFormat><CSValue><CSValueCode>VA4017360</CSValueCode><CSValueName>0.5 瓦（标准）</CSValueName><CSValueRank>1</CSValueRank></CSValue></CSItem><CSItem><CSItemCode>IT4006081</CSItemCode><CSItemName>关闭模式</CSItemName><CSItemRank>4</CSItemRank><CSItemIsFreeFormat>1</CSItemIsFreeFormat><CSValue><CSValueCode>VA4017285</CSValueCode><CSValueName>零功耗 AC 开关</CSValueName><CSValueRank>1</CSValueRank></CSValue></CSItem><CSItem><CSItemCode>3006931</CSItemCode><CSItemName>电源 LED 指示灯</CSItemName><CSItemRank>5</CSItemRank><CSItemIsFreeFormat>0</CSItemIsFreeFormat><CSValue><CSValueCode>VA4015465</CSValueCode><CSValueName>工作 - 白色</CSValueName><CSValueRank>1</CSValueRank></CSValue><CSValue><CSValueCode>VA4017406</CSValueCode><CSValueName>待机模式 - 白色（闪烁）</CSValueName><CSValueRank>2</CSValueRank></CSValue></CSItem><CSItem><CSItemCode>3006932</CSItemCode><CSItemName>电源</CSItemName><CSItemRank>6</CSItemRank><CSItemIsFreeFormat>0</CSItemIsFreeFormat><CSValue><CSValueCode>3033321</CSValueCode><CSValueName>内置</CSValueName><CSValueRank>1</CSValueRank></CSValue><CSValue><CSValueCode>VA4050622</CSValueCode><CSValueName>100-240 伏交流，50-60 赫兹</CSValueName><CSValueRank>2</CSValueRank></CSValue></CSItem></CSChapter><CSChapter><CSChapterCode>3000820</CSChapterCode><CSChapterName>尺寸</CSChapterName><CSChapterRank>7</CSChapterRank><CSItem><CSItemCode>IT4027351</CSItemCode><CSItemName>带支座的产品（最大高度）</CSItemName><CSItemRank>1</CSItemRank><CSItemIsFreeFormat>1</CSItemIsFreeFormat><CSValue><CSValueCode>VA4064381</CSValueCode><CSValueName>659 x 573 x 273</CSValueName><CSValueRank>1</CSValueRank></CSValue><UnitOfMeasure><UnitOfMeasureCode>3000058</UnitOfMeasureCode><UnitOfMeasureName>毫米</UnitOfMeasureName><UnitOfMeasureSymbol>毫米</UnitOfMeasureSymbol></UnitOfMeasure></CSItem><CSItem><CSItemCode>IT4005765</CSItemCode><CSItemName>不带支座的产品（毫米）</CSItemName><CSItemRank>2</CSItemRank><CSItemIsFreeFormat>1</CSItemIsFreeFormat><CSValue><CSValueCode>VA4016931</CSValueCode><CSValueName>659 x 395 x 49</CSValueName><CSValueRank>1</CSValueRank></CSValue><UnitOfMeasure><UnitOfMeasureCode>3000058</UnitOfMeasureCode><UnitOfMeasureName>毫米</UnitOfMeasureName><UnitOfMeasureSymbol>毫米</UnitOfMeasureSymbol></UnitOfMeasure></CSItem><CSItem><CSItemCode>IT4005766</CSItemCode><CSItemName>包装（宽x高x厚）（毫米）</CSItemName><CSItemRank>3</CSItemRank><CSItemIsFreeFormat>1</CSItemIsFreeFormat><CSValue><CSValueCode>VA4016932</CSValueCode><CSValueName>782 x 497 x 224</CSValueName><CSValueRank>1</CSValueRank></CSValue><UnitOfMeasure><UnitOfMeasureCode>3000058</UnitOfMeasureCode><UnitOfMeasureName>毫米</UnitOfMeasureName><UnitOfMeasureSymbol>毫米</UnitOfMeasureSymbol></UnitOfMeasure></CSItem></CSChapter><CSChapter><CSChapterCode>CH4000702</CSChapterCode><CSChapterName>重量</CSChapterName><CSChapterRank>8</CSChapterRank><CSItem><CSItemCode>IT4005770</CSItemCode><CSItemName>带支座的产品（千克）</CSItemName><CSItemRank>1</CSItemRank><CSItemIsFreeFormat>1</CSItemIsFreeFormat><CSValue><CSValueCode>VA4016936</CSValueCode><CSValueName>7.56</CSValueName><CSValueRank>1</CSValueRank></CSValue><UnitOfMeasure><UnitOfMeasureCode>3000049</UnitOfMeasureCode><UnitOfMeasureName>千克</UnitOfMeasureName><UnitOfMeasureSymbol>千克</UnitOfMeasureSymbol></UnitOfMeasure></CSItem><CSItem><CSItemCode>IT4005771</CSItemCode><CSItemName>不带支座的产品（千克）</CSItemName><CSItemRank>2</CSItemRank><CSItemIsFreeFormat>1</CSItemIsFreeFormat><CSValue><CSValueCode>VA4016937</CSValueCode><CSValueName>4.76</CSValueName><CSValueRank>1</CSValueRank></CSValue><UnitOfMeasure><UnitOfMeasureCode>3000049</UnitOfMeasureCode><UnitOfMeasureName>千克</UnitOfMeasureName><UnitOfMeasureSymbol>千克</UnitOfMeasureSymbol></UnitOfMeasure></CSItem><CSItem><CSItemCode>IT4005772</CSItemCode><CSItemName>带包装的产品（千克）</CSItemName><CSItemRank>3</CSItemRank><CSItemIsFreeFormat>1</CSItemIsFreeFormat><CSValue><CSValueCode>VA4016938</CSValueCode><CSValueName>10.75</CSValueName><CSValueRank>1</CSValueRank></CSValue><UnitOfMeasure><UnitOfMeasureCode>3000049</UnitOfMeasureCode><UnitOfMeasureName>千克</UnitOfMeasureName><UnitOfMeasureSymbol>千克</UnitOfMeasureSymbol></UnitOfMeasure></CSItem></CSChapter><CSChapter><CSChapterCode>CH4000823</CSChapterCode><CSChapterName>使用条件</CSChapterName><CSChapterRank>9</CSChapterRank><CSItem><CSItemCode>IT4004946</CSItemCode><CSItemName>温度范围（工作）</CSItemName><CSItemRank>1</CSItemRank><CSItemIsFreeFormat>1</CSItemIsFreeFormat><CSValue><CSValueCode>VA4015651</CSValueCode><CSValueName>0°C 至 40°C</CSValueName><CSValueRank>1</CSValueRank></CSValue><UnitOfMeasure><UnitOfMeasureCode>3000081</UnitOfMeasureCode><UnitOfMeasureName>摄氏度</UnitOfMeasureName><UnitOfMeasureSymbol>°C</UnitOfMeasureSymbol></UnitOfMeasure></CSItem><CSItem><CSItemCode>IT4004947</CSItemCode><CSItemName>温度范围（存储）</CSItemName><CSItemRank>2</CSItemRank><CSItemIsFreeFormat>1</CSItemIsFreeFormat><CSValue><CSValueCode>VA4015652</CSValueCode><CSValueName>-20°C 至 60°C</CSValueName><CSValueRank>1</CSValueRank></CSValue><UnitOfMeasure><UnitOfMeasureCode>3000081</UnitOfMeasureCode><UnitOfMeasureName>摄氏度</UnitOfMeasureName><UnitOfMeasureSymbol>°C</UnitOfMeasureSymbol></UnitOfMeasure></CSItem><CSItem><CSItemCode>IT4004948</CSItemCode><CSItemName>相对湿度</CSItemName><CSItemRank>3</CSItemRank><CSItemIsFreeFormat>1</CSItemIsFreeFormat><CSValue><CSValueCode>VA4015653</CSValueCode><CSValueName>20% - 80</CSValueName><CSValueRank>1</CSValueRank></CSValue><UnitOfMeasure><UnitOfMeasureCode>3000065</UnitOfMeasureCode><UnitOfMeasureName>百分比</UnitOfMeasureName><UnitOfMeasureSymbol>%</UnitOfMeasureSymbol></UnitOfMeasure></CSItem><CSItem><CSItemCode>IT4023612</CSItemCode><CSItemName>海拔</CSItemName><CSItemRank>4</CSItemRank><CSItemIsFreeFormat>1</CSItemIsFreeFormat><CSValue><CSValueCode>VA4054761</CSValueCode><CSValueName>工作：+12,000 英尺（3,658 米），非工作：+40,000 英尺（12,192 米）</CSValueName><CSValueRank>1</CSValueRank></CSValue></CSItem><CSItem><CSItemCode>IT4004949</CSItemCode><CSItemName>MTBF</CSItemName><CSItemRank>5</CSItemRank><CSItemIsFreeFormat>1</CSItemIsFreeFormat><CSValue><CSValueCode>VA4015654</CSValueCode><CSValueName>70,000 小时（不包括背光）</CSValueName><CSValueRank>1</CSValueRank></CSValue><UnitOfMeasure><UnitOfMeasureCode>4000007</UnitOfMeasureCode><UnitOfMeasureName>-小时</UnitOfMeasureName><UnitOfMeasureSymbol>小时</UnitOfMeasureSymbol></UnitOfMeasure></CSItem></CSChapter><CSChapter><CSChapterCode>CH4000822</CSChapterCode><CSChapterName>可持续发展</CSChapterName><CSChapterRank>10</CSChapterRank><CSItem><CSItemCode>IT4004941</CSItemCode><CSItemName>环境和能源</CSItemName><CSItemRank>1</CSItemRank><CSItemIsFreeFormat>0</CSItemIsFreeFormat><CSValue><CSValueCode>VA4094404</CSValueCode><CSValueName>能源之星 7.0</CSValueName><CSValueRank>1</CSValueRank></CSValue><CSValue><CSValueCode>VA4015645</CSValueCode><CSValueName>RoHS</CSValueName><CSValueRank>2</CSValueRank></CSValue><CSValue><CSValueCode>VA4017527</CSValueCode><CSValueName>WEEE</CSValueName><CSValueRank>3</CSValueRank></CSValue></CSItem><CSItem><CSItemCode>IT4004944</CSItemCode><CSItemName>可回收包装材料</CSItemName><CSItemRank>2</CSItemRank><CSItemIsFreeFormat>1</CSItemIsFreeFormat><CSValue><CSValueCode>VA4015649</CSValueCode><CSValueName>100</CSValueName><CSValueRank>1</CSValueRank></CSValue><UnitOfMeasure><UnitOfMeasureCode>3000065</UnitOfMeasureCode><UnitOfMeasureName>百分比</UnitOfMeasureName><UnitOfMeasureSymbol>%</UnitOfMeasureSymbol></UnitOfMeasure></CSItem><CSItem><CSItemCode>IT4019073</CSItemCode><CSItemName>消费后可回收塑料</CSItemName><CSItemRank>3</CSItemRank><CSItemIsFreeFormat>0</CSItemIsFreeFormat><CSValue><CSValueCode>VA4042551</CSValueCode><CSValueName>65%</CSValueName><CSValueRank>1</CSValueRank></CSValue></CSItem><CSItem><CSItemCode>IT4018633</CSItemCode><CSItemName>具体物质</CSItemName><CSItemRank>4</CSItemRank><CSItemIsFreeFormat>0</CSItemIsFreeFormat><CSValue><CSValueCode>VA4039543</CSValueCode><CSValueName>不含 PVC/BFR 的外壳</CSValueName><CSValueRank>1</CSValueRank></CSValue><CSValue><CSValueCode>VA4042544</CSValueCode><CSValueName>不含汞</CSValueName><CSValueRank>2</CSValueRank></CSValue><CSValue><CSValueCode>VA4042543</CSValueCode><CSValueName>不含铅</CSValueName><CSValueRank>3</CSValueRank></CSValue></CSItem></CSChapter><CSChapter><CSChapterCode>CH4001161</CSChapterCode><CSChapterName>合规性和标准</CSChapterName><CSChapterRank>11</CSChapterRank><CSItem><CSItemCode>IT4006152</CSItemCode><CSItemName>审批机构</CSItemName><CSItemRank>1</CSItemRank><CSItemIsFreeFormat>0</CSItemIsFreeFormat><CSValue><CSValueCode>VA4017361</CSValueCode><CSValueName>CE 标记</CSValueName><CSValueRank>1</CSValueRank></CSValue><CSValue><CSValueCode>VA4017548</CSValueCode><CSValueName>CECP</CSValueName><CSValueRank>2</CSValueRank></CSValue><CSValue><CSValueCode>VA4017364</CSValueCode><CSValueName>CCC</CSValueName><CSValueRank>3</CSValueRank></CSValue></CSItem></CSChapter><CSChapter><CSChapterCode>CH4000825</CSChapterCode><CSChapterName>机壳</CSChapterName><CSChapterRank>12</CSChapterRank><CSItem><CSItemCode>IT4019074</CSItemCode><CSItemName>前边框</CSItemName><CSItemRank>1</CSItemRank><CSItemIsFreeFormat>1</CSItemIsFreeFormat><CSValue><CSValueCode>VA4042547</CSValueCode><CSValueName>黑色</CSValueName><CSValueRank>1</CSValueRank></CSValue></CSItem><CSItem><CSItemCode>IT4019075</CSItemCode><CSItemName>后盖</CSItemName><CSItemRank>2</CSItemRank><CSItemIsFreeFormat>1</CSItemIsFreeFormat><CSValue><CSValueCode>VA4042548</CSValueCode><CSValueName>黑色</CSValueName><CSValueRank>1</CSValueRank></CSValue></CSItem><CSItem><CSItemCode>IT4019076</CSItemCode><CSItemName>基座</CSItemName><CSItemRank>3</CSItemRank><CSItemIsFreeFormat>1</CSItemIsFreeFormat><CSValue><CSValueCode>VA4042549</CSValueCode><CSValueName>黑色</CSValueName><CSValueRank>1</CSValueRank></CSValue></CSItem><CSItem><CSItemCode>IT4004956</CSItemCode><CSItemName>表面</CSItemName><CSItemRank>4</CSItemRank><CSItemIsFreeFormat>1</CSItemIsFreeFormat><CSValue><CSValueCode>VA4015661</CSValueCode><CSValueName>纹理结构</CSValueName><CSValueRank>1</CSValueRank></CSValue></CSItem></CSChapter><Filters><Purpose type="Comparison"><Features><Feature code="F400064846" rank="1" referenceName="UltraClear 4K UHD (3840x2160) resolution for precision"/><Feature code="F400082707" rank="2" referenceName="HDR_monitor"/><Feature code="F400035325" rank="3" referenceName="SmartErgoBase"/><Feature code="F400035289" rank="4" referenceName="M4 SmartImage"/><Feature code="F400078929" rank="5" referenceName="LowBlue Mode"/><Feature code="F400067665" rank="6" referenceName="Flicker-free technology"/><Feature code="F400083289" rank="7" referenceName="EasyRead mode_Pivot"/><Feature code="F400044228" rank="8" referenceName="VESA mount allows for flexibility"/></Features><CSItems><CSItem code="3006169" rank="1" referenceName="图片/显示 - LCD 面板类型"/><CSItem code="3006576" rank="1" referenceName="连接 - 信号输入"/><CSItem code="3006633" rank="1" referenceName="便利性 - 方便用户"/><CSItem code="IT4004951" rank="1" referenceName="底座 - 高度调节"/><CSItem code="IT4006562" rank="1" referenceName="功率 - ECO 节能模式"/><CSItem code="IT4027351" rank="1" referenceName="尺寸 - 带支座的产品（最大高度）"/><CSItem code="IT4005770" rank="1" referenceName="重量 - 带支座的产品（千克）"/><CSItem code="IT4004946" rank="1" referenceName="使用条件 - 温度范围（工作）"/><CSItem code="IT4004941" rank="1" referenceName="可持续发展 - 环境和能源"/><CSItem code="IT4006152" rank="1" referenceName="合规性和标准 - 审批机构"/><CSItem code="IT4019074" rank="1" referenceName="机壳 - 前边框"/><CSItem code="IT4007209" rank="2" referenceName="图片/显示 - 背光类型"/><CSItem code="3006588" rank="2" referenceName="连接 - 同步输入"/><CSItem code="3006693" rank="2" referenceName="便利性 - OSD 语言"/><CSItem code="IT4004952" rank="2" referenceName="底座 - 枢轴"/><CSItem code="IT4005861" rank="2" referenceName="功率 - 开启模式"/><CSItem code="IT4005765" rank="2" referenceName="尺寸 - 不带支座的产品（毫米）"/><CSItem code="IT4005771" rank="2" referenceName="重量 - 不带支座的产品（千克）"/><CSItem code="IT4004947" rank="2" referenceName="使用条件 - 温度范围（存储）"/><CSItem code="IT4004944" rank="2" referenceName="可持续发展 - 可回收包装材料"/><CSItem code="IT4019075" rank="2" referenceName="机壳 - 后盖"/><CSItem code="3006180" rank="3" referenceName="图片/显示 - 面板尺寸"/><CSItem code="IT4005621" rank="3" referenceName="连接 - 音频（输入/输出）"/><CSItem code="3006694" rank="3" referenceName="便利性 - 其它便利性"/><CSItem code="IT4004953" rank="3" referenceName="底座 - 旋转"/><CSItem code="IT4006150" rank="3" referenceName="功率 - 待机模式"/><CSItem code="IT4005766" rank="3" referenceName="尺寸 - 包装（宽x高x厚）（毫米）"/><CSItem code="IT4005772" rank="3" referenceName="重量 - 带包装的产品（千克）"/><CSItem code="IT4004948" rank="3" referenceName="使用条件 - 相对湿度"/><CSItem code="IT4019073" rank="3" referenceName="可持续发展 - 消费后可回收塑料"/><CSItem code="IT4019076" rank="3" referenceName="机壳 - 基座"/><CSItem code="IT4044130" rank="4" referenceName="图片/显示 - 显示屏涂层"/><CSItem code="3006699" rank="4" referenceName="便利性 - 即插即用兼容性"/><CSItem code="IT4004954" rank="4" referenceName="底座 - 倾斜"/><CSItem code="IT4006081" rank="4" referenceName="功率 - 关闭模式"/><CSItem code="IT4023612" rank="4" referenceName="使用条件 - 海拔"/><CSItem code="IT4018633" rank="4" referenceName="可持续发展 - 具体物质"/><CSItem code="IT4004956" rank="4" referenceName="机壳 - 表面"/><CSItem code="3006149" rank="5" referenceName="图片/显示 - 有效显示区"/><CSItem code="3006931" rank="5" referenceName="功率 - 电源 LED 指示灯"/><CSItem code="IT4004949" rank="5" referenceName="使用条件 - MTBF"/><CSItem code="3006121" rank="6" referenceName="图片/显示 - 宽高比"/><CSItem code="3006932" rank="6" referenceName="功率 - 电源"/><CSItem code="3006193" rank="7" referenceName="图片/显示 - 最佳分辨率"/><CSItem code="IT4041772" rank="8" referenceName="图片/显示 - 像素密度"/><CSItem code="IT4039893" rank="9" referenceName="图片/显示 - 响应时间（标准）"/><CSItem code="3006127" rank="10" referenceName="图片/显示 - 亮度"/><CSItem code="3006133" rank="11" referenceName="图片/显示 - 对比度（标准）"/><CSItem code="IT4006148" rank="12" referenceName="图片/显示 - SmartContrast"/><CSItem code="3006186" rank="13" referenceName="图片/显示 - 像素间距"/><CSItem code="3007518" rank="14" referenceName="图片/显示 - 视角"/><CSItem code="IT4036934" rank="15" referenceName="图片/显示 - 无闪烁"/><CSItem code="3006183" rank="16" referenceName="图片/显示 - 画面效果增强"/><CSItem code="3006143" rank="17" referenceName="图片/显示 - 显示屏色彩"/><CSItem code="IT4034031" rank="18" referenceName="图片/显示 - 色域（标准）"/><CSItem code="IT4043471" rank="19" referenceName="图片/显示 - HDR"/><CSItem code="IT4006149" rank="20" referenceName="图片/显示 - 扫描频率"/><CSItem code="IT4042894" rank="21" referenceName="图片/显示 - EasyRead"/><CSItem code="IT4042826" rank="22" referenceName="图片/显示 - LowBlue 模式"/><CSItem code="3006207" rank="23" referenceName="图片/显示 - sRGB"/></CSItems></Purpose><Purpose type="Detail"><Features><Feature code="F400064846" rank="1" referenceName="UltraClear 4K UHD (3840x2160) resolution for precision"/><Feature code="F400082707" rank="2" referenceName="HDR_monitor"/><Feature code="F400035325" rank="3" referenceName="SmartErgoBase"/><Feature code="F400035289" rank="4" referenceName="M4 SmartImage"/><Feature code="F400078929" rank="5" referenceName="LowBlue Mode"/><Feature code="F400067665" rank="6" referenceName="Flicker-free technology"/><Feature code="F400083289" rank="7" referenceName="EasyRead mode_Pivot"/><Feature code="F400044228" rank="8" referenceName="VESA mount allows for flexibility"/></Features><CSItems><CSItem code="3006169" rank="1" referenceName="图片/显示 - LCD 面板类型"/><CSItem code="3006576" rank="1" referenceName="连接 - 信号输入"/><CSItem code="3006633" rank="1" referenceName="便利性 - 方便用户"/><CSItem code="IT4004951" rank="1" referenceName="底座 - 高度调节"/><CSItem code="IT4006562" rank="1" referenceName="功率 - ECO 节能模式"/><CSItem code="IT4027351" rank="1" referenceName="尺寸 - 带支座的产品（最大高度）"/><CSItem code="IT4005770" rank="1" referenceName="重量 - 带支座的产品（千克）"/><CSItem code="IT4004946" rank="1" referenceName="使用条件 - 温度范围（工作）"/><CSItem code="IT4004941" rank="1" referenceName="可持续发展 - 环境和能源"/><CSItem code="IT4006152" rank="1" referenceName="合规性和标准 - 审批机构"/><CSItem code="IT4019074" rank="1" referenceName="机壳 - 前边框"/><CSItem code="IT4007209" rank="2" referenceName="图片/显示 - 背光类型"/><CSItem code="3006588" rank="2" referenceName="连接 - 同步输入"/><CSItem code="3006693" rank="2" referenceName="便利性 - OSD 语言"/><CSItem code="IT4004952" rank="2" referenceName="底座 - 枢轴"/><CSItem code="IT4005861" rank="2" referenceName="功率 - 开启模式"/><CSItem code="IT4005765" rank="2" referenceName="尺寸 - 不带支座的产品（毫米）"/><CSItem code="IT4005771" rank="2" referenceName="重量 - 不带支座的产品（千克）"/><CSItem code="IT4004947" rank="2" referenceName="使用条件 - 温度范围（存储）"/><CSItem code="IT4004944" rank="2" referenceName="可持续发展 - 可回收包装材料"/><CSItem code="IT4019075" rank="2" referenceName="机壳 - 后盖"/><CSItem code="3006180" rank="3" referenceName="图片/显示 - 面板尺寸"/><CSItem code="IT4005621" rank="3" referenceName="连接 - 音频（输入/输出）"/><CSItem code="3006694" rank="3" referenceName="便利性 - 其它便利性"/><CSItem code="IT4004953" rank="3" referenceName="底座 - 旋转"/><CSItem code="IT4006150" rank="3" referenceName="功率 - 待机模式"/><CSItem code="IT4005766" rank="3" referenceName="尺寸 - 包装（宽x高x厚）（毫米）"/><CSItem code="IT4005772" rank="3" referenceName="重量 - 带包装的产品（千克）"/><CSItem code="IT4004948" rank="3" referenceName="使用条件 - 相对湿度"/><CSItem code="IT4019073" rank="3" referenceName="可持续发展 - 消费后可回收塑料"/><CSItem code="IT4019076" rank="3" referenceName="机壳 - 基座"/><CSItem code="IT4044130" rank="4" referenceName="图片/显示 - 显示屏涂层"/><CSItem code="3006699" rank="4" referenceName="便利性 - 即插即用兼容性"/><CSItem code="IT4004954" rank="4" referenceName="底座 - 倾斜"/><CSItem code="IT4006081" rank="4" referenceName="功率 - 关闭模式"/><CSItem code="IT4023612" rank="4" referenceName="使用条件 - 海拔"/><CSItem code="IT4018633" rank="4" referenceName="可持续发展 - 具体物质"/><CSItem code="IT4004956" rank="4" referenceName="机壳 - 表面"/><CSItem code="3006149" rank="5" referenceName="图片/显示 - 有效显示区"/><CSItem code="3006931" rank="5" referenceName="功率 - 电源 LED 指示灯"/><CSItem code="IT4004949" rank="5" referenceName="使用条件 - MTBF"/><CSItem code="3006121" rank="6" referenceName="图片/显示 - 宽高比"/><CSItem code="3006932" rank="6" referenceName="功率 - 电源"/><CSItem code="3006193" rank="7" referenceName="图片/显示 - 最佳分辨率"/><CSItem code="IT4041772" rank="8" referenceName="图片/显示 - 像素密度"/><CSItem code="IT4039893" rank="9" referenceName="图片/显示 - 响应时间（标准）"/><CSItem code="3006127" rank="10" referenceName="图片/显示 - 亮度"/><CSItem code="3006133" rank="11" referenceName="图片/显示 - 对比度（标准）"/><CSItem code="IT4006148" rank="12" referenceName="图片/显示 - SmartContrast"/><CSItem code="3006186" rank="13" referenceName="图片/显示 - 像素间距"/><CSItem code="3007518" rank="14" referenceName="图片/显示 - 视角"/><CSItem code="IT4036934" rank="15" referenceName="图片/显示 - 无闪烁"/><CSItem code="3006183" rank="16" referenceName="图片/显示 - 画面效果增强"/><CSItem code="3006143" rank="17" referenceName="图片/显示 - 显示屏色彩"/><CSItem code="IT4034031" rank="18" referenceName="图片/显示 - 色域（标准）"/><CSItem code="IT4043471" rank="19" referenceName="图片/显示 - HDR"/><CSItem code="IT4006149" rank="20" referenceName="图片/显示 - 扫描频率"/><CSItem code="IT4042894" rank="21" referenceName="图片/显示 - EasyRead"/><CSItem code="IT4042826" rank="22" referenceName="图片/显示 - LowBlue 模式"/><CSItem code="3006207" rank="23" referenceName="图片/显示 - sRGB"/></CSItems></Purpose></Filters><FeatureCompareGroups/><Disclaimers><Disclaimer code="DIS40009731" rank="1" referenceName="Response time value equal to SmartResponse"><DisclaimerText>响应时间值相当于 SmartResponse</DisclaimerText><DisclaimElements/></Disclaimer><Disclaimer code="DIS40011928" rank="2" referenceName="The monitor may look different from feature images."><DisclaimerText>显示器可能看上去不同于特征图像。</DisclaimerText><DisclaimElements/></Disclaimer></Disclaimers><RichTexts/></Product></Products>