<?xml version="1.0" encoding="UTF-8"?><Products xmlns:source="http://apache.org/cocoon/source/1.0" DocStatus="approved" DocTimeStamp="2018-10-23T10:48:29"><Product Country="CN" IsAccessory="false" IsMaster="false" Locale="zh_CN" lastModified="2018-10-23T04:30:06" masterLastModified="2018-05-31T00:35:19"><CTN>SCF156/01</CTN><Code12NC>000000000000</Code12NC><GTIN>08710103763727</GTIN><MarketingVersion>14.3.1</MarketingVersion><MarketingStatus>Final Published</MarketingStatus><CRDate>2007-06-29</CRDate><CRDateYW>200726</CRDateYW><ModelYears><ModelYear>2008</ModelYear></ModelYears><ProductDivision><ProductDivisionCode>0200</ProductDivisionCode><ProductDivisionName>Consumer Lifestyle</ProductDivisionName><FormerPDCode>0300</FormerPDCode></ProductDivision><ProductOwner>Carlotta Ponzo</ProductOwner><DTN>SCF156/01</DTN><Catalog><StartOfPublication>2007-06-29T00:00:00</StartOfPublication><EndOfPublication>2019-10-06T00:00:00</EndOfPublication><StartOfSales>2007-06-29T00:00:00</StartOfSales><EndOfSales>2011-06-29T00:00:00</EndOfSales><DummyPrice>69</DummyPrice><Deleted>false</Deleted><DeleteAfterDate/><ProductRank>50</ProductRank></Catalog><FinancialCategorization><BusinessGroupCode>9050</BusinessGroupCode><BusinessGroupName>Health &amp; Wellness</BusinessGroupName><BusinessUnitCode>0362</BusinessUnitCode><BusinessUnitName>Mother &amp; Child Care</BusinessUnitName><MainArticleGroupCode>E41</MainArticleGroupCode><MainArticleGroupName>Breastfeeding Solutions</MainArticleGroupName><ArticleGroupCode>3184</ArticleGroupCode><ArticleGroupName>Breast Care Accessories</ArticleGroupName></FinancialCategorization><Categorization type="CONSUMER"><GroupCode>ACCESSORIES_GR</GroupCode><GroupName>Accessories</GroupName><CategoryCode>MOTHER_AND_CHILD_CARE_ACCESSORIES_CA</CategoryCode><CategoryName>Mother and child care</CategoryName><SubcategoryCode>BREAST_FEEDING_ACCESSORIES_SU</SubcategoryCode><SubcategoryName>Breast feeding</SubcategoryName></Categorization><Assets><Asset code="SCF156_01" description="Leaflet" extension="pdf" lastModified="2018-07-08" locale="zh_CN" number="001" type="PSS">http://download.p4c.philips.com/files/s/scf156_01/scf156_01_pss_zhscn.pdf</Asset><Asset code="SCF156_01" description="Emotional Benefit 1 - highres 2196x1795" extension="tif" lastModified="2018-06-06" locale="global" number="001" type="E1P">http://images.philips.com/is/image/PhilipsConsumer/SCF156_01-E1P-global-001</Asset><Asset code="SCF156_01" description="Emotional Benefit 2 - highres 2196x1795" extension="tif" lastModified="2018-06-06" locale="global" number="001" type="E2P">http://images.philips.com/is/image/PhilipsConsumer/SCF156_01-E2P-global-001</Asset><Asset code="SCF156_01" description="Leaflet" extension="pdf" lastModified="2018-07-04" locale="global" number="001" type="PSS">http://download.p4c.philips.com/files/s/scf156_01/scf156_01_pss_.pdf</Asset><Asset code="SCF156_01" description="Leaflet" extension="pdf" lastModified="2018-10-21" locale="en_US" number="001" type="PSS">http://download.p4c.philips.com/files/s/scf156_01/scf156_01_pss_aenus.pdf</Asset><Asset code="SCF156_01" description="Standard product photograph - highres 2196x1795" extension="tif" lastModified="2018-06-01" locale="global" number="001" type="RTP">http://images.philips.com/is/image/PhilipsConsumer/SCF156_01-RTP-global-001</Asset><Asset code="SCF156_01" description="Product In Use 1 - highres 2196x1795" extension="tif" lastModified="2018-06-06" locale="global" number="001" type="U1P">http://images.philips.com/is/image/PhilipsConsumer/SCF156_01-U1P-global-001</Asset><Asset code="SCF156_01" description="Product In Use 5 - highres 2196x1795" extension="tif" lastModified="2018-06-06" locale="global" number="001" type="U5P">http://images.philips.com/is/image/PhilipsConsumer/SCF156_01-U5P-global-001</Asset><Asset code="SCF156_01" description="Single product shot" extension="" lastModified="2018-10-23" locale="zh_CN" number="" type="IMS">http://images.philips.com/is/image/PhilipsConsumer/SCF156_01-IMS-zh_CN</Asset><Asset code="SCF156_01" description="Product gallery image set" extension="" lastModified="2018-10-23" locale="zh_CN" number="" type="GAL">http://images.philips.com/is/image/PhilipsConsumer/SCF156_01-GAL-zh_CN</Asset><Asset code="SCF156_01" description="Product URL" extension="" lastModified="2018-10-23" locale="zh_CN" number="" type="URL">http://www.philips.com.cn/c-p/SCF156_01/avent-breast-care-nipple-protector</Asset><Asset code="AVE" description="Brand logo - highres 1476x886" extension="jpg" lastModified="2008-08-06" locale="global" number="001" type="BRP">http://images.philips.com/is/image/PhilipsConsumer/AVE-BRP-global-001</Asset><Asset code="PHI" description="Brand logo - highres 1476x886" extension="tif" lastModified="2016-02-18" locale="global" number="001" type="BRP">http://images.philips.com/is/image/PhilipsConsumer/PHI-BRP-global-001</Asset></Assets><ProductName>标准乳头保护罩</ProductName><FullProductName>飞利浦新安怡 乳头保护罩 SCF156/01 标准</FullProductName><NamingString><MasterBrand><BrandCode>PHI</BrandCode><BrandName>Philips</BrandName></MasterBrand><Partner><PartnerBrand><BrandCode>AVE</BrandCode><BrandName>Avent</BrandName></PartnerBrand><PartnerBrandType>MakersMark</PartnerBrandType></Partner><BrandString>飞利浦新安怡</BrandString><Range><RangeCode>R400000282</RangeCode><RangeName>胸部护理</RangeName></Range><Descriptor><DescriptorCode>NSD_000183</DescriptorCode><DescriptorName>乳头保护罩</DescriptorName></Descriptor><Alphanumeric>SCF156/01</Alphanumeric><VersionElement1><VersionElementCode>V4004705</VersionElementCode><VersionElementName>标准</VersionElementName></VersionElement1><VersionString>标准</VersionString><BrandedFeatureString/><DescriptorBrandedFeatureString>乳头保护罩</DescriptorBrandedFeatureString></NamingString><WOW>帮助延长母乳喂养的时间</WOW><SubWOW>呵护乳房，避免乳头不适</SubWOW><MarketingTextHeader>飞利浦新安怡乳头保护罩 SCF156/01 由细密、柔软、没有气味和味道的硅胶材料制成。哺乳时，可避免乳头疼痛或皲裂。</MarketingTextHeader><KeyBenefitArea><KeyBenefitAreaCode>K4020774</KeyBenefitAreaCode><KeyBenefitAreaName>母乳喂养时，避免乳头疼痛和皲裂</KeyBenefitAreaName><KeyBenefitAreaRank>1</KeyBenefitAreaRank><Feature><FeatureCode>FEA_0002432</FeatureCode><FeatureReferenceName>Protect sore nipples during breastfeeding</FeatureReferenceName><FeatureName>避免在母乳喂养期间出现乳头不适</FeatureName><FeatureLongDescription>避免在母乳喂养期间出现乳头不适</FeatureLongDescription><FeatureGlossary>飞利浦新安怡乳头保护罩仅适合在乳头疼痛或皲裂的情况下使用（请在医生建议下使用）。</FeatureGlossary><FeatureRank>1</FeatureRank><FeatureTopRank>3</FeatureTopRank></Feature></KeyBenefitArea><KeyBenefitArea><KeyBenefitAreaCode>K4020775</KeyBenefitAreaCode><KeyBenefitAreaName>帮助您延长母乳喂养时间</KeyBenefitAreaName><KeyBenefitAreaRank>2</KeyBenefitAreaRank><Feature><FeatureCode>F400047854</FeatureCode><FeatureReferenceName>Easy latch on for your baby</FeatureReferenceName><FeatureName>便于宝宝吸吮</FeatureName><FeatureLongDescription>便于宝宝吸吮</FeatureLongDescription><FeatureGlossary>您的宝宝可以通过护罩轻松吸吮，形成密封效果。</FeatureGlossary><FeatureRank>2</FeatureRank><FeatureTopRank>1</FeatureTopRank></Feature><Feature><FeatureCode>F400047850</FeatureCode><FeatureReferenceName>Made of ultra-fine silicone</FeatureReferenceName><FeatureName>由硅胶制成</FeatureName><FeatureLongDescription>采用无气味、无味道的硅胶制成</FeatureLongDescription><FeatureGlossary>飞利浦新安怡乳头保护罩均由无气味、无味道的硅胶制成。</FeatureGlossary><FeatureRank>3</FeatureRank><FeatureTopRank>2</FeatureTopRank></Feature><Feature><FeatureCode>FEA_0002604</FeatureCode><FeatureReferenceName>Shaped to allow skin contact with baby (while)</FeatureReferenceName><FeatureName>其形状使皮肤可以与宝宝接触</FeatureName><FeatureLongDescription>其形状使皮肤可以与宝宝接触</FeatureLongDescription><FeatureGlossary>宝宝仍能感觉并闻到您肌肤的气味，继续吮吸。等乳头伤愈复原后宝宝能很快回到原来的哺乳方式，丝毫察觉不出其中的变化。</FeatureGlossary><FeatureRank>4</FeatureRank><FeatureTopRank>4</FeatureTopRank></Feature></KeyBenefitArea><FeatureImage><FeatureCode>FEA_0002432</FeatureCode><FeatureReferenceName>Protect sore nipples during breastfeeding</FeatureReferenceName><FeatureImageRank>3</FeatureImageRank></FeatureImage><FeatureImage><FeatureCode>FEA_0002604</FeatureCode><FeatureReferenceName>Shaped to allow skin contact with baby (while)</FeatureReferenceName><FeatureImageRank>4</FeatureImageRank></FeatureImage><FeatureHighlight><FeatureCode>FEA_0002432</FeatureCode><FeatureReferenceName>Protect sore nipples during breastfeeding</FeatureReferenceName><FeatureHighlightRank>3</FeatureHighlightRank></FeatureHighlight><FeatureHighlight><FeatureCode>FEA_0002604</FeatureCode><FeatureReferenceName>Shaped to allow skin contact with baby (while)</FeatureReferenceName><FeatureHighlightRank>4</FeatureHighlightRank></FeatureHighlight><CSChapter><CSChapterCode>CHA_0000021</CSChapterCode><CSChapterName>原产地</CSChapterName><CSChapterRank>1</CSChapterRank><CSItem><CSItemCode>S_0002360</CSItemCode><CSItemName>英国</CSItemName><CSItemRank>6</CSItemRank><CSItemIsFreeFormat>0</CSItemIsFreeFormat><CSValue><CSValueCode>VA4010931</CSValueCode><CSValueName>Y</CSValueName><CSValueRank>1</CSValueRank></CSValue></CSItem></CSChapter><CSChapter><CSChapterCode>CHA_0000106</CSChapterCode><CSChapterName>包装内物品</CSChapterName><CSChapterRank>2</CSChapterRank><CSItem><CSItemCode>S_0002559</CSItemCode><CSItemName>标准乳头保护罩</CSItemName><CSItemRank>12</CSItemRank><CSItemIsFreeFormat>1</CSItemIsFreeFormat><CSValue><CSValueCode>VA4008751</CSValueCode><CSValueName>2</CSValueName><CSValueRank>1</CSValueRank></CSValue><UnitOfMeasure><UnitOfMeasureCode>4000023</UnitOfMeasureCode><UnitOfMeasureName>-件</UnitOfMeasureName><UnitOfMeasureSymbol>件</UnitOfMeasureSymbol></UnitOfMeasure></CSItem></CSChapter><CSChapter><CSChapterCode>CHA_0000004</CSChapterCode><CSChapterName>重量和尺寸</CSChapterName><CSChapterRank>3</CSChapterRank><CSItem><CSItemCode>S_0002592</CSItemCode><CSItemName>直径</CSItemName><CSItemRank>5</CSItemRank><CSItemIsFreeFormat>1</CSItemIsFreeFormat><CSValue><CSValueCode>VA4008779</CSValueCode><CSValueName>21</CSValueName><CSValueRank>1</CSValueRank></CSValue><UnitOfMeasure><UnitOfMeasureCode>3000058</UnitOfMeasureCode><UnitOfMeasureName>毫米</UnitOfMeasureName><UnitOfMeasureSymbol>毫米</UnitOfMeasureSymbol></UnitOfMeasure></CSItem></CSChapter><CSChapter><CSChapterCode>CH4001529</CSChapterCode><CSChapterName>发育阶段</CSChapterName><CSChapterRank>4</CSChapterRank><CSItem><CSItemCode>IT4008016</CSItemCode><CSItemName>阶段</CSItemName><CSItemRank>3</CSItemRank><CSItemIsFreeFormat>0</CSItemIsFreeFormat><CSValue><CSValueCode>VA4021217</CSValueCode><CSValueName>0 至 6 个月</CSValueName><CSValueRank>1</CSValueRank></CSValue></CSItem></CSChapter><CSChapter><CSChapterCode>3001096</CSChapterCode><CSChapterName>设计</CSChapterName><CSChapterRank>5</CSChapterRank><CSItem><CSItemCode>IT4024838</CSItemCode><CSItemName>让宝宝感觉到您的肌肤</CSItemName><CSItemRank>8</CSItemRank><CSItemIsFreeFormat>0</CSItemIsFreeFormat><CSValue><CSValueCode>VA4056746</CSValueCode><CSValueName>Y</CSValueName><CSValueRank>1</CSValueRank></CSValue></CSItem><CSItem><CSItemCode>IT4024839</CSItemCode><CSItemName>让宝宝感觉到您的肌肤</CSItemName><CSItemRank>9</CSItemRank><CSItemIsFreeFormat>0</CSItemIsFreeFormat><CSValue><CSValueCode>VA4056747</CSValueCode><CSValueName>Y</CSValueName><CSValueRank>1</CSValueRank></CSValue></CSItem></CSChapter><CSChapter><CSChapterCode>CH4001524</CSChapterCode><CSChapterName>操作简易</CSChapterName><CSChapterRank>6</CSChapterRank><CSItem><CSItemCode>IT4024840</CSItemCode><CSItemName>治疗时仍可进行母乳喂养</CSItemName><CSItemRank>7</CSItemRank><CSItemIsFreeFormat>0</CSItemIsFreeFormat><CSValue><CSValueCode>VA4056748</CSValueCode><CSValueName>Y</CSValueName><CSValueRank>1</CSValueRank></CSValue></CSItem></CSChapter><CSChapter><CSChapterCode>CH4001528</CSChapterCode><CSChapterName>功能</CSChapterName><CSChapterRank>7</CSChapterRank><CSItem><CSItemCode>IT4023294</CSItemCode><CSItemName>轻松吸吮</CSItemName><CSItemRank>11</CSItemRank><CSItemIsFreeFormat>0</CSItemIsFreeFormat><CSValue><CSValueCode>VA4056749</CSValueCode><CSValueName>硅胶</CSValueName><CSValueRank>1</CSValueRank></CSValue></CSItem></CSChapter><CSChapter><CSChapterCode>CHA_0000098</CSChapterCode><CSChapterName>材料</CSChapterName><CSChapterRank>8</CSChapterRank><CSItem><CSItemCode>IT4024841</CSItemCode><CSItemName>乳头保护罩</CSItemName><CSItemRank>10</CSItemRank><CSItemIsFreeFormat>0</CSItemIsFreeFormat><CSValue><CSValueCode>VA4056750</CSValueCode><CSValueName>不含双酚 A*</CSValueName><CSValueRank>1</CSValueRank></CSValue><CSValue><CSValueCode>VA4056751</CSValueCode><CSValueName>硅橡胶</CSValueName><CSValueRank>2</CSValueRank></CSValue></CSItem></CSChapter><Filters><Purpose type="Comparison"><Features><Feature code="F400047854" rank="1" referenceName="Easy latch on for your baby"/><Feature code="F400047850" rank="2" referenceName="Made of ultra-fine silicone"/><Feature code="FEA_0002432" rank="3" referenceName="Protect sore nipples during breastfeeding"/><Feature code="FEA_0002604" rank="4" referenceName="Shaped to allow skin contact with baby (while)"/></Features><CSItems><CSItem code="IT4008016" rank="3" referenceName="发育阶段 - 阶段"/><CSItem code="S_0002592" rank="5" referenceName="重量和尺寸 - 直径"/><CSItem code="S_0002360" rank="6" referenceName="原产地 - 英国"/><CSItem code="IT4024840" rank="7" referenceName="操作简易 - 治疗时仍可进行母乳喂养"/><CSItem code="IT4024838" rank="8" referenceName="设计 - 让宝宝感觉到您的肌肤"/><CSItem code="IT4024839" rank="9" referenceName="设计 - 让宝宝感觉到您的肌肤"/><CSItem code="IT4024841" rank="10" referenceName="材料 - 乳头保护罩"/><CSItem code="IT4023294" rank="11" referenceName="功能 - 轻松吸吮"/><CSItem code="S_0002559" rank="12" referenceName="包装内物品 - 标准乳头保护罩"/></CSItems></Purpose><Purpose type="Detail"><Features><Feature code="F400047854" rank="1" referenceName="Easy latch on for your baby"/><Feature code="F400047850" rank="2" referenceName="Made of ultra-fine silicone"/><Feature code="FEA_0002432" rank="3" referenceName="Protect sore nipples during breastfeeding"/><Feature code="FEA_0002604" rank="4" referenceName="Shaped to allow skin contact with baby (while)"/></Features><CSItems><CSItem code="IT4008016" rank="3" referenceName="发育阶段 - 阶段"/><CSItem code="S_0002592" rank="5" referenceName="重量和尺寸 - 直径"/><CSItem code="S_0002360" rank="6" referenceName="原产地 - 英国"/><CSItem code="IT4024840" rank="7" referenceName="操作简易 - 治疗时仍可进行母乳喂养"/><CSItem code="IT4024838" rank="8" referenceName="设计 - 让宝宝感觉到您的肌肤"/><CSItem code="IT4024839" rank="9" referenceName="设计 - 让宝宝感觉到您的肌肤"/><CSItem code="IT4024841" rank="10" referenceName="材料 - 乳头保护罩"/><CSItem code="IT4023294" rank="11" referenceName="功能 - 轻松吸吮"/><CSItem code="S_0002559" rank="12" referenceName="包装内物品 - 标准乳头保护罩"/></CSItems></Purpose></Filters><FeatureCompareGroups/><Disclaimers/><ProductReference ProductReferenceType="Performer"><CTN>SCF290/11</CTN><ProductReferenceRank>0</ProductReferenceRank></ProductReference><ProductReference ProductReferenceType="Performer"><CTN>SCF290/12</CTN><ProductReferenceRank>0</ProductReferenceRank></ProductReference><ProductReference ProductReferenceType="Performer"><CTN>SCF290/13</CTN><ProductReferenceRank>0</ProductReferenceRank></ProductReference><ProductReference ProductReferenceType="Performer"><CTN>SCF290/14</CTN><ProductReferenceRank>0</ProductReferenceRank></ProductReference><ProductReference ProductReferenceType="Performer"><CTN>SCF290/15</CTN><ProductReferenceRank>0</ProductReferenceRank></ProductReference><ProductReference ProductReferenceType="Performer"><CTN>SCF290/16</CTN><ProductReferenceRank>0</ProductReferenceRank></ProductReference><ProductReference ProductReferenceType="Performer"><CTN>SCF290/20</CTN><ProductReferenceRank>0</ProductReferenceRank></ProductReference><ProductReference ProductReferenceType="Performer"><CTN>SCF290/28</CTN><ProductReferenceRank>0</ProductReferenceRank></ProductReference><ProductReference ProductReferenceType="Performer"><CTN>SCF290/60</CTN><ProductReferenceRank>0</ProductReferenceRank></ProductReference><ProductReference ProductReferenceType="Performer"><CTN>SCF290/97</CTN><ProductReferenceRank>0</ProductReferenceRank></ProductReference><ProductReference ProductReferenceType="Performer"><CTN>SCF290/98</CTN><ProductReferenceRank>0</ProductReferenceRank></ProductReference><ProductReference ProductReferenceType="Performer"><CTN>SCF290/99</CTN><ProductReferenceRank>0</ProductReferenceRank></ProductReference><ProductReference ProductReferenceType="Performer"><CTN>SCF292/01</CTN><ProductReferenceRank>0</ProductReferenceRank></ProductReference><ProductReference ProductReferenceType="Performer"><CTN>SCF292/13</CTN><ProductReferenceRank>0</ProductReferenceRank></ProductReference><ProductReference ProductReferenceType="Performer"><CTN>SCF292/15</CTN><ProductReferenceRank>0</ProductReferenceRank></ProductReference><ProductReference ProductReferenceType="Performer"><CTN>SCF292/31</CTN><ProductReferenceRank>0</ProductReferenceRank></ProductReference><ProductReference ProductReferenceType="Performer"><CTN>SCF292/97</CTN><ProductReferenceRank>0</ProductReferenceRank></ProductReference><ProductReference ProductReferenceType="Performer"><CTN>SCF292/99</CTN><ProductReferenceRank>0</ProductReferenceRank></ProductReference><ProductReference ProductReferenceType="Performer"><CTN>SCF294/00</CTN><ProductReferenceRank>0</ProductReferenceRank></ProductReference><ProductReference ProductReferenceType="Performer"><CTN>SCF294/02</CTN><ProductReferenceRank>0</ProductReferenceRank></ProductReference><ProductReference ProductReferenceType="Performer"><CTN>SCF294/21</CTN><ProductReferenceRank>0</ProductReferenceRank></ProductReference><ProductReference ProductReferenceType="Performer"><CTN>SCF294/97</CTN><ProductReferenceRank>0</ProductReferenceRank></ProductReference><ProductReference ProductReferenceType="Performer"><CTN>SCF294/99</CTN><ProductReferenceRank>0</ProductReferenceRank></ProductReference><ProductReference ProductReferenceType="Performer"><CTN>SCF295/36</CTN><ProductReferenceRank>0</ProductReferenceRank></ProductReference><ProductReference ProductReferenceType="Performer"><CTN>SCF295/97</CTN><ProductReferenceRank>0</ProductReferenceRank></ProductReference><ProductReference ProductReferenceType="Performer"><CTN>SCF297/05</CTN><ProductReferenceRank>0</ProductReferenceRank></ProductReference><ProductReference ProductReferenceType="Performer"><CTN>SCF297/60</CTN><ProductReferenceRank>0</ProductReferenceRank></ProductReference><ProductReference ProductReferenceType="Performer"><CTN>SCF297/97</CTN><ProductReferenceRank>0</ProductReferenceRank></ProductReference><ProductReference ProductReferenceType="Performer"><CTN>SCF300/08</CTN><ProductReferenceRank>0</ProductReferenceRank></ProductReference><ProductReference ProductReferenceType="Performer"><CTN>SCF300/11</CTN><ProductReferenceRank>0</ProductReferenceRank></ProductReference><ProductReference ProductReferenceType="Performer"><CTN>SCF300/12</CTN><ProductReferenceRank>0</ProductReferenceRank></ProductReference><ProductReference ProductReferenceType="Performer"><CTN>SCF300/13</CTN><ProductReferenceRank>0</ProductReferenceRank></ProductReference><ProductReference ProductReferenceType="Performer"><CTN>SCF300/15</CTN><ProductReferenceRank>0</ProductReferenceRank></ProductReference><ProductReference ProductReferenceType="Performer"><CTN>SCF300/18</CTN><ProductReferenceRank>0</ProductReferenceRank></ProductReference><ProductReference ProductReferenceType="Performer"><CTN>SCF300/19</CTN><ProductReferenceRank>0</ProductReferenceRank></ProductReference><ProductReference ProductReferenceType="Performer"><CTN>SCF300/20</CTN><ProductReferenceRank>0</ProductReferenceRank></ProductReference><ProductReference ProductReferenceType="Performer"><CTN>SCF300/28</CTN><ProductReferenceRank>0</ProductReferenceRank></ProductReference><ProductReference ProductReferenceType="Performer"><CTN>SCF300/30</CTN><ProductReferenceRank>0</ProductReferenceRank></ProductReference><ProductReference ProductReferenceType="Performer"><CTN>SCF300/60</CTN><ProductReferenceRank>0</ProductReferenceRank></ProductReference><ProductReference ProductReferenceType="Performer"><CTN>SCF300/88</CTN><ProductReferenceRank>0</ProductReferenceRank></ProductReference><ProductReference ProductReferenceType="Performer"><CTN>SCF300/97</CTN><ProductReferenceRank>0</ProductReferenceRank></ProductReference><ProductReference ProductReferenceType="Performer"><CTN>SCF301/01</CTN><ProductReferenceRank>0</ProductReferenceRank></ProductReference><ProductReference ProductReferenceType="Performer"><CTN>SCF301/02</CTN><ProductReferenceRank>0</ProductReferenceRank></ProductReference><ProductReference ProductReferenceType="Performer"><CTN>SCF301/03</CTN><ProductReferenceRank>0</ProductReferenceRank></ProductReference><ProductReference ProductReferenceType="Performer"><CTN>SCF301/04</CTN><ProductReferenceRank>0</ProductReferenceRank></ProductReference><ProductReference ProductReferenceType="Performer"><CTN>SCF301/05</CTN><ProductReferenceRank>0</ProductReferenceRank></ProductReference><ProductReference ProductReferenceType="Performer"><CTN>SCF302/01</CTN><ProductReferenceRank>0</ProductReferenceRank></ProductReference><ProductReference ProductReferenceType="Performer"><CTN>SCF302/11</CTN><ProductReferenceRank>0</ProductReferenceRank></ProductReference><ProductReference ProductReferenceType="Performer"><CTN>SCF302/13</CTN><ProductReferenceRank>0</ProductReferenceRank></ProductReference><ProductReference ProductReferenceType="Performer"><CTN>SCF302/19</CTN><ProductReferenceRank>0</ProductReferenceRank></ProductReference><ProductReference ProductReferenceType="Performer"><CTN>SCF302/60</CTN><ProductReferenceRank>0</ProductReferenceRank></ProductReference><ProductReference ProductReferenceType="Performer"><CTN>SCF302/97</CTN><ProductReferenceRank>0</ProductReferenceRank></ProductReference><ProductReference ProductReferenceType="Performer"><CTN>SCF303/01</CTN><ProductReferenceRank>0</ProductReferenceRank></ProductReference><ProductReference ProductReferenceType="Performer"><CTN>SCF303/02</CTN><ProductReferenceRank>0</ProductReferenceRank></ProductReference><ProductReference ProductReferenceType="Performer"><CTN>SCF304/02</CTN><ProductReferenceRank>0</ProductReferenceRank></ProductReference><ProductReference ProductReferenceType="Performer"><CTN>SCF304/60</CTN><ProductReferenceRank>0</ProductReferenceRank></ProductReference><ProductReference ProductReferenceType="Performer"><CTN>SCF304/88</CTN><ProductReferenceRank>0</ProductReferenceRank></ProductReference><ProductReference ProductReferenceType="Performer"><CTN>SCF304/97</CTN><ProductReferenceRank>0</ProductReferenceRank></ProductReference><ProductReference ProductReferenceType="Performer"><CTN>SCF307/01</CTN><ProductReferenceRank>0</ProductReferenceRank></ProductReference><ProductReference ProductReferenceType="Performer"><CTN>SCF308/02</CTN><ProductReferenceRank>0</ProductReferenceRank></ProductReference><ProductReference ProductReferenceType="Performer"><CTN>SCF308/97</CTN><ProductReferenceRank>0</ProductReferenceRank></ProductReference><ProductReference ProductReferenceType="Performer"><CTN>SCF309/01</CTN><ProductReferenceRank>0</ProductReferenceRank></ProductReference><ProductReference ProductReferenceType="Performer"><CTN>SCF310/08</CTN><ProductReferenceRank>0</ProductReferenceRank></ProductReference><ProductReference ProductReferenceType="Performer"><CTN>SCF310/11</CTN><ProductReferenceRank>0</ProductReferenceRank></ProductReference><ProductReference ProductReferenceType="Performer"><CTN>SCF310/12</CTN><ProductReferenceRank>0</ProductReferenceRank></ProductReference><ProductReference ProductReferenceType="Performer"><CTN>SCF310/13</CTN><ProductReferenceRank>0</ProductReferenceRank></ProductReference><ProductReference ProductReferenceType="Performer"><CTN>SCF310/19</CTN><ProductReferenceRank>0</ProductReferenceRank></ProductReference><ProductReference ProductReferenceType="Performer"><CTN>SCF310/20</CTN><ProductReferenceRank>0</ProductReferenceRank></ProductReference><ProductReference ProductReferenceType="Performer"><CTN>SCF310/60</CTN><ProductReferenceRank>0</ProductReferenceRank></ProductReference><ProductReference ProductReferenceType="Performer"><CTN>SCF310/88</CTN><ProductReferenceRank>0</ProductReferenceRank></ProductReference><ProductReference ProductReferenceType="Performer"><CTN>SCF310/97</CTN><ProductReferenceRank>0</ProductReferenceRank></ProductReference><ProductReference ProductReferenceType="Performer"><CTN>SCF311/01</CTN><ProductReferenceRank>0</ProductReferenceRank></ProductReference><ProductReference ProductReferenceType="Performer"><CTN>SCF312/01</CTN><ProductReferenceRank>0</ProductReferenceRank></ProductReference><ProductReference ProductReferenceType="Performer"><CTN>SCF312/13</CTN><ProductReferenceRank>0</ProductReferenceRank></ProductReference><ProductReference ProductReferenceType="Performer"><CTN>SCF312/60</CTN><ProductReferenceRank>0</ProductReferenceRank></ProductReference><ProductReference ProductReferenceType="Performer"><CTN>SCF312/97</CTN><ProductReferenceRank>0</ProductReferenceRank></ProductReference><ProductReference ProductReferenceType="Performer"><CTN>SCF313/01</CTN><ProductReferenceRank>0</ProductReferenceRank></ProductReference><ProductReference ProductReferenceType="Performer"><CTN>SCF314/00</CTN><ProductReferenceRank>0</ProductReferenceRank></ProductReference><ProductReference ProductReferenceType="Performer"><CTN>SCF314/02</CTN><ProductReferenceRank>0</ProductReferenceRank></ProductReference><ProductReference ProductReferenceType="Performer"><CTN>SCF314/60</CTN><ProductReferenceRank>0</ProductReferenceRank></ProductReference><ProductReference ProductReferenceType="Performer"><CTN>SCF314/97</CTN><ProductReferenceRank>0</ProductReferenceRank></ProductReference><ProductReference ProductReferenceType="Performer"><CTN>SCF315/01</CTN><ProductReferenceRank>0</ProductReferenceRank></ProductReference><ProductReference ProductReferenceType="Performer"><CTN>SCF316/01</CTN><ProductReferenceRank>0</ProductReferenceRank></ProductReference><RichTexts/></Product></Products>