<?xml version="1.0" encoding="UTF-8"?><Products xmlns:source="http://apache.org/cocoon/source/1.0" DocStatus="approved" DocTimeStamp="2018-10-23T10:48:29"><Product Country="CN" IsAccessory="false" IsMaster="false" Locale="zh_CN" lastModified="2018-10-23T04:30:06" masterLastModified="2018-08-15T00:35:51"><CTN>BSC601/07</CTN><GTIN>06923410759525</GTIN><MarketingVersion>2.0.1</MarketingVersion><MarketingStatus>Final Published</MarketingStatus><CRDate>2018-09-07</CRDate><CRDateYW>201836</CRDateYW><ModelYears><ModelYear>2018</ModelYear></ModelYears><ProductDivision><ProductDivisionCode>0200</ProductDivisionCode><ProductDivisionName>Consumer Lifestyle</ProductDivisionName><FormerPDCode>0300</FormerPDCode></ProductDivision><ProductOwner>Lu Cai</ProductOwner><DTN>BSC601</DTN><Catalog><StartOfPublication>2018-09-07T00:00:00</StartOfPublication><EndOfPublication>2022-10-07T00:00:00</EndOfPublication><StartOfSales>2018-09-07T00:00:00</StartOfSales><EndOfSales>2022-10-07T00:00:00</EndOfSales><DummyPrice>499</DummyPrice><Deleted>false</Deleted><DeleteAfterDate/><ProductRank>50</ProductRank></Catalog><FinancialCategorization><BusinessGroupCode>9044</BusinessGroupCode><BusinessGroupName>Personal Care</BusinessGroupName><BusinessUnitCode>9512</BusinessUnitCode><BusinessUnitName>Beauty</BusinessUnitName><MainArticleGroupCode>E14</MainArticleGroupCode><MainArticleGroupName>Skin Care</MainArticleGroupName><ArticleGroupCode>3091</ArticleGroupCode><ArticleGroupName>Others 2</ArticleGroupName></FinancialCategorization><Categorization type="CONSUMER"><GroupCode>PERSONAL_CARE_GR</GroupCode><GroupName>Personal care</GroupName><CategoryCode>PC_SKINCARE_CA</CategoryCode><CategoryName>Skincare</CategoryName><SubcategoryCode>PORTABLE_MIST_SU</SubcategoryCode><SubcategoryName>Portable mist</SubcategoryName></Categorization><Assets><Asset code="BSC601_07" description="User manual" extension="pdf" lastModified="2018-09-19" locale="zh_CN" number="001" type="DFU">http://download.p4c.philips.com/files/b/bsc601_07/bsc601_07_dfu_zhs.pdf</Asset><Asset code="BSC601_07" description="Leaflet" extension="pdf" lastModified="2018-10-19" locale="zh_CN" number="001" type="PSS">http://download.p4c.philips.com/files/b/bsc601_07/bsc601_07_pss_zhscn.pdf</Asset><Asset code="BSC601_07" description="Retail Trade Leaflet" extension="pdf" lastModified="2018-10-16" locale="zh_CN" number="001" type="RTL">http://download.p4c.philips.com/files/b/bsc601_07/bsc601_07_rtl_zhscn.pdf</Asset><Asset code="BSC601_07" description="Alternative product photograph 1 - highres 2196x1795" extension="tif" lastModified="2018-08-31" locale="global" number="001" type="A1P">http://images.philips.com/is/image/PhilipsConsumer/BSC601_07-A1P-global-001</Asset><Asset code="BSC601_07" description="Emotional benefit photograph - highres 514x514" extension="tif" lastModified="2018-09-03" locale="global" number="001" type="BPP">http://images.philips.com/is/image/PhilipsConsumer/BSC601_07-BPP-global-001</Asset><Asset code="BSC601_07" description="Product detail 1 - highres 2196x1795" extension="tif" lastModified="2018-08-31" locale="global" number="001" type="D1P">http://images.philips.com/is/image/PhilipsConsumer/BSC601_07-D1P-global-001</Asset><Asset code="BSC601_07" description="Leaflet" extension="pdf" lastModified="2018-10-19" locale="global" number="001" type="PSS">http://download.p4c.philips.com/files/b/bsc601_07/bsc601_07_pss_.pdf</Asset><Asset code="BSC601_07" description="Standard product photograph - highres 2196x1795" extension="tif" lastModified="2018-08-31" locale="global" number="001" type="RTP">http://images.philips.com/is/image/PhilipsConsumer/BSC601_07-RTP-global-001</Asset><Asset code="BSC601_07" description="Single product shot" extension="" lastModified="2018-10-23" locale="zh_CN" number="" type="IMS">http://images.philips.com/is/image/PhilipsConsumer/BSC601_07-IMS-zh_CN</Asset><Asset code="BSC601_07" description="Product gallery image set" extension="" lastModified="2018-10-23" locale="zh_CN" number="" type="GAL">http://images.philips.com/is/image/PhilipsConsumer/BSC601_07-GAL-zh_CN</Asset><Asset code="BSC601_07" description="Product URL" extension="" lastModified="2018-10-23" locale="zh_CN" number="" type="URL">http://www.philips.com.cn/c-p/BSC601_07/-hydracube-portable-mist</Asset><Asset code="F400087178" description="Feature photograph - highres 2100x1170" extension="tif" lastModified="2018-09-17" locale="global" number="001" type="FIL">http://images.philips.com/is/image/PhilipsConsumer/F400087178-FIL-global-001</Asset><Asset code="F400087180" description="Feature photograph - highres 2100x1170" extension="tif" lastModified="2018-09-17" locale="global" number="001" type="FIL">http://images.philips.com/is/image/PhilipsConsumer/F400087180-FIL-global-001</Asset><Asset code="PHI" description="Brand logo - highres 1476x886" extension="tif" lastModified="2016-02-18" locale="global" number="001" type="BRP">http://images.philips.com/is/image/PhilipsConsumer/PHI-BRP-global-001</Asset></Assets><ProductName>便携、易于携带 HydraCube 便携喷雾</ProductName><FullProductName>飞利浦 - HydraCube 便携喷雾补水仪 BSC601 便携、易于携带 加水更方便 USB 充电 防水设计</FullProductName><NamingString><MasterBrand><BrandCode>PHI</BrandCode><BrandName>Philips</BrandName></MasterBrand><BrandString>飞利浦</BrandString><Family><FamilyCode>SB40005947</FamilyCode><FamilyName>-</FamilyName><FamilyNameUsed>0</FamilyNameUsed></Family><Descriptor><DescriptorCode>D4030269</DescriptorCode><DescriptorName>HydraCube 便携喷雾补水仪</DescriptorName></Descriptor><Alphanumeric>BSC601</Alphanumeric><VersionElement1><VersionElementCode>V4046454</VersionElementCode><VersionElementName>便携、易于携带</VersionElementName></VersionElement1><VersionElement2><VersionElementCode>V4046455</VersionElementCode><VersionElementName>加水更方便</VersionElementName></VersionElement2><VersionElement3><VersionElementCode>V4011683</VersionElementCode><VersionElementName>USB 充电</VersionElementName></VersionElement3><VersionElement4><VersionElementCode>V4046456</VersionElementCode><VersionElementName>防水设计</VersionElementName></VersionElement4><VersionString>便携、易于携带 加水更方便 USB 充电 防水设计</VersionString><BrandedFeatureString/><DescriptorBrandedFeatureString>HydraCube 便携喷雾补水仪</DescriptorBrandedFeatureString></NamingString><WOW>即时增强水润效果</WOW><SubWOW>焕发清新、健康亮泽的肌肤</SubWOW><MarketingTextHeader>通过 130KHz 超声波技术，每分钟震动超过 800 万次，可将蒸馏水分离为小颗粒物，从而舒缓肌肤并即刻令整个面部水润。</MarketingTextHeader><KeyBenefitArea><KeyBenefitAreaCode>K4035696</KeyBenefitAreaCode><KeyBenefitAreaName>超细喷雾</KeyBenefitAreaName><KeyBenefitAreaRank>1</KeyBenefitAreaRank><Feature><FeatureCode>F400087182</FeatureCode><FeatureReferenceName>Instant full facial hydration</FeatureReferenceName><FeatureName>即刻令整个面部水润</FeatureName><FeatureLongDescription>即时增强水润效果</FeatureLongDescription><FeatureGlossary>超细喷雾可渗透至皮肤且即刻令皮肤滋润。焕发清新、健康亮泽的肌肤。</FeatureGlossary><FeatureRank>2</FeatureRank><FeatureTopRank>2</FeatureTopRank></Feature><Feature><FeatureCode>F400087177</FeatureCode><FeatureReferenceName>ultra fine mist</FeatureReferenceName><FeatureName>超细喷雾</FeatureName><FeatureLongDescription>渗透至皮肤，即刻令皮肤滋润</FeatureLongDescription><FeatureGlossary>超声波技术，每分钟震动超过 800 万次。形成蒸馏水超细颗粒，可渗透皮肤，即刻令肌肤水润。</FeatureGlossary><FeatureRank>1</FeatureRank><FeatureTopRank>4</FeatureTopRank></Feature></KeyBenefitArea><KeyBenefitArea><KeyBenefitAreaCode>KBA_0000702</KeyBenefitAreaCode><KeyBenefitAreaName>方便、安全易用</KeyBenefitAreaName><KeyBenefitAreaRank>2</KeyBenefitAreaRank><Feature><FeatureCode>F400088174</FeatureCode><FeatureReferenceName>Convenient water filling (1per day)</FeatureReferenceName><FeatureName>加水更方便</FeatureName><FeatureLongDescription>易于加注蒸馏水</FeatureLongDescription><FeatureGlossary>易于加注蒸馏水。每次使用 1 分钟，每天使用四次，则每使用 1 天加注 1 次水。</FeatureGlossary><FeatureRank>1</FeatureRank><FeatureTopRank>6</FeatureTopRank></Feature><Feature><FeatureCode>F400088159</FeatureCode><FeatureReferenceName>USB Charging (BSC601)</FeatureReferenceName><FeatureName>USB 充电</FeatureName><FeatureLongDescription>充满电可一周保持水润效果*</FeatureLongDescription><FeatureGlossary>无线使用。每次使用 1 分钟，每天使用四次，充满电一次可使用 1 周</FeatureGlossary><FeatureRank>2</FeatureRank><FeatureTopRank>7</FeatureTopRank></Feature></KeyBenefitArea><KeyBenefitArea><KeyBenefitAreaCode>K4035697</KeyBenefitAreaCode><KeyBenefitAreaName>便携、易于携带</KeyBenefitAreaName><KeyBenefitAreaRank>3</KeyBenefitAreaRank><Feature><FeatureCode>F400087178</FeatureCode><FeatureReferenceName>Portable and easy to carry</FeatureReferenceName><FeatureName>便携、易于携带</FeatureName><FeatureLongDescription>小巧便利，便于携带</FeatureLongDescription><FeatureGlossary>时尚的设计，采用轻质材料和小镜子，易于使用。便于外出时携带，特别适用于在飞机上使用。</FeatureGlossary><FeatureRank>1</FeatureRank><FeatureTopRank>3</FeatureTopRank></Feature></KeyBenefitArea><KeyBenefitArea><KeyBenefitAreaCode>K4035698</KeyBenefitAreaCode><KeyBenefitAreaName>防水设计</KeyBenefitAreaName><KeyBenefitAreaRank>4</KeyBenefitAreaRank><Feature><FeatureCode>F400087180</FeatureCode><FeatureReferenceName>Water resistant design (Hydra)</FeatureReferenceName><FeatureName>防水设计</FeatureName><FeatureLongDescription>易于清洁。可在水龙头下清洗。</FeatureLongDescription><FeatureGlossary>它具有 IPX5 防水等级，易于加注蒸馏水，且可在水龙头下清洗。</FeatureGlossary><FeatureRank>1</FeatureRank><FeatureTopRank>5</FeatureTopRank></Feature></KeyBenefitArea><FeatureImage><FeatureCode>F400087182</FeatureCode><FeatureReferenceName>Instant full facial hydration</FeatureReferenceName><FeatureImageRank>2</FeatureImageRank></FeatureImage><FeatureImage><FeatureCode>F400087178</FeatureCode><FeatureReferenceName>Portable and easy to carry</FeatureReferenceName><FeatureImageRank>3</FeatureImageRank></FeatureImage><FeatureImage><FeatureCode>F400087177</FeatureCode><FeatureReferenceName>ultra fine mist</FeatureReferenceName><FeatureImageRank>4</FeatureImageRank></FeatureImage><FeatureImage><FeatureCode>F400087180</FeatureCode><FeatureReferenceName>Water resistant design (Hydra)</FeatureReferenceName><FeatureImageRank>5</FeatureImageRank></FeatureImage><FeatureImage><FeatureCode>F400088174</FeatureCode><FeatureReferenceName>Convenient water filling (1per day)</FeatureReferenceName><FeatureImageRank>6</FeatureImageRank></FeatureImage><FeatureImage><FeatureCode>F400088159</FeatureCode><FeatureReferenceName>USB Charging (BSC601)</FeatureReferenceName><FeatureImageRank>7</FeatureImageRank></FeatureImage><FeatureHighlight><FeatureCode>F400087182</FeatureCode><FeatureReferenceName>Instant full facial hydration</FeatureReferenceName><FeatureHighlightRank>2</FeatureHighlightRank></FeatureHighlight><FeatureHighlight><FeatureCode>F400087178</FeatureCode><FeatureReferenceName>Portable and easy to carry</FeatureReferenceName><FeatureHighlightRank>3</FeatureHighlightRank></FeatureHighlight><FeatureHighlight><FeatureCode>F400087177</FeatureCode><FeatureReferenceName>ultra fine mist</FeatureReferenceName><FeatureHighlightRank>4</FeatureHighlightRank></FeatureHighlight><FeatureHighlight><FeatureCode>F400087180</FeatureCode><FeatureReferenceName>Water resistant design (Hydra)</FeatureReferenceName><FeatureHighlightRank>5</FeatureHighlightRank></FeatureHighlight><FeatureHighlight><FeatureCode>F400088174</FeatureCode><FeatureReferenceName>Convenient water filling (1per day)</FeatureReferenceName><FeatureHighlightRank>6</FeatureHighlightRank></FeatureHighlight><FeatureHighlight><FeatureCode>F400088159</FeatureCode><FeatureReferenceName>USB Charging (BSC601)</FeatureReferenceName><FeatureHighlightRank>7</FeatureHighlightRank></FeatureHighlight><CSChapter><CSChapterCode>CH4004761</CSChapterCode><CSChapterName>优点</CSChapterName><CSChapterRank>1</CSChapterRank><CSItem><CSItemCode>IT4044939</CSItemCode><CSItemName>时尚、易用设计</CSItemName><CSItemRank>1</CSItemRank><CSItemIsFreeFormat>0</CSItemIsFreeFormat><CSValue><CSValueCode>VA4103008</CSValueCode><CSValueName>随附一个小镜子</CSValueName><CSValueRank>8</CSValueRank></CSValue></CSItem><CSItem><CSItemCode>IT4044938</CSItemCode><CSItemName>设计</CSItemName><CSItemRank>10</CSItemRank><CSItemIsFreeFormat>0</CSItemIsFreeFormat><CSValue><CSValueCode>VA4103007</CSValueCode><CSValueName>红点设计大奖</CSValueName><CSValueRank>3</CSValueRank></CSValue></CSItem><CSItem><CSItemCode>IT4044374</CSItemCode><CSItemName>即时滋润效果</CSItemName><CSItemRank>14</CSItemRank><CSItemIsFreeFormat>0</CSItemIsFreeFormat><CSValue><CSValueCode>VA4103005</CSValueCode><CSValueName>即刻令整个面部水润</CSValueName><CSValueRank>7</CSValueRank></CSValue></CSItem><CSItem><CSItemCode>IT4044937</CSItemCode><CSItemName>大容量水箱</CSItemName><CSItemRank>17</CSItemRank><CSItemIsFreeFormat>0</CSItemIsFreeFormat><CSValue><CSValueCode>VA4103006</CSValueCode><CSValueName>5 毫升水箱</CSValueName><CSValueRank>17</CSValueRank></CSValue></CSItem></CSChapter><CSChapter><CSChapterCode>CH4001524</CSChapterCode><CSChapterName>操作简易</CSChapterName><CSChapterRank>2</CSChapterRank><CSItem><CSItemCode>IT4044941</CSItemCode><CSItemName>易于注水</CSItemName><CSItemRank>3</CSItemRank><CSItemIsFreeFormat>0</CSItemIsFreeFormat><CSValue><CSValueCode>VA4104182</CSValueCode><CSValueName>每使用 1 天加注 1 次水</CSValueName><CSValueRank>20</CSValueRank></CSValue></CSItem><CSItem><CSItemCode>IT4044942</CSItemCode><CSItemName>USB 充电</CSItemName><CSItemRank>9</CSItemRank><CSItemIsFreeFormat>0</CSItemIsFreeFormat><CSValue><CSValueCode>VA4104183</CSValueCode><CSValueName>每周充电 1 次</CSValueName><CSValueRank>19</CSValueRank></CSValue></CSItem></CSChapter><CSChapter><CSChapterCode>CHA_0000026</CSChapterCode><CSChapterName>易于使用</CSChapterName><CSChapterRank>3</CSChapterRank><CSItem><CSItemCode>IT4044943</CSItemCode><CSItemName>易于清洗</CSItemName><CSItemRank>4</CSItemRank><CSItemIsFreeFormat>0</CSItemIsFreeFormat><CSValue><CSValueCode>VA4103015</CSValueCode><CSValueName>可在水龙头下清洗</CSValueName><CSValueRank>13</CSValueRank></CSValue></CSItem></CSChapter><CSChapter><CSChapterCode>CH4002821</CSChapterCode><CSChapterName>包含</CSChapterName><CSChapterRank>4</CSChapterRank><CSItem><CSItemCode>IT4030444</CSItemCode><CSItemName>清洁刷</CSItemName><CSItemRank>5</CSItemRank><CSItemIsFreeFormat>0</CSItemIsFreeFormat><CSValue><CSValueCode>VA4103011</CSValueCode><CSValueName>清洁刷</CSValueName><CSValueRank>16</CSValueRank></CSValue></CSItem><CSItem><CSItemCode>IT4042909</CSItemCode><CSItemName>USB 线缆</CSItemName><CSItemRank>12</CSItemRank><CSItemIsFreeFormat>0</CSItemIsFreeFormat><CSValue><CSValueCode>VA4103010</CSValueCode><CSValueName>USB 充电线缆</CSValueName><CSValueRank>6</CSValueRank></CSValue></CSItem><CSItem><CSItemCode>IT4044940</CSItemCode><CSItemName>用户手册</CSItemName><CSItemRank>15</CSItemRank><CSItemIsFreeFormat>0</CSItemIsFreeFormat><CSValue><CSValueCode>VA4103009</CSValueCode><CSValueName>用户手册</CSValueName><CSValueRank>5</CSValueRank></CSValue></CSItem></CSChapter><CSChapter><CSChapterCode>3000821</CSChapterCode><CSChapterName>功率</CSChapterName><CSChapterRank>5</CSChapterRank><CSItem><CSItemCode>IT4016881</CSItemCode><CSItemName>充电时间</CSItemName><CSItemRank>8</CSItemRank><CSItemIsFreeFormat>0</CSItemIsFreeFormat><CSValue><CSValueCode>VA4103023</CSValueCode><CSValueName>2.5 小时</CSValueName><CSValueRank>9</CSValueRank></CSValue></CSItem><CSItem><CSItemCode>IT4016882</CSItemCode><CSItemName>工作时间</CSItemName><CSItemRank>16</CSItemRank><CSItemIsFreeFormat>0</CSItemIsFreeFormat><CSValue><CSValueCode>VA4104185</CSValueCode><CSValueName>使用 30 次</CSValueName><CSValueRank>10</CSValueRank></CSValue></CSItem></CSChapter><CSChapter><CSChapterCode>CH4007161</CSChapterCode><CSChapterName>可充电电池</CSChapterName><CSChapterRank>6</CSChapterRank><CSItem><CSItemCode>IT4035034</CSItemCode><CSItemName>是</CSItemName><CSItemRank>2</CSItemRank><CSItemIsFreeFormat>0</CSItemIsFreeFormat><CSValue><CSValueCode>VA4081593</CSValueCode><CSValueName>是</CSValueName><CSValueRank>1</CSValueRank></CSValue></CSItem></CSChapter><CSChapter><CSChapterCode>CHA_0000049</CSChapterCode><CSChapterName>服务</CSChapterName><CSChapterRank>7</CSChapterRank><CSItem><CSItemCode>IT4015672</CSItemCode><CSItemName>保修</CSItemName><CSItemRank>6</CSItemRank><CSItemIsFreeFormat>0</CSItemIsFreeFormat><CSValue><CSValueCode>VA4031299</CSValueCode><CSValueName>2 年全球保修</CSValueName><CSValueRank>2</CSValueRank></CSValue></CSItem></CSChapter><CSChapter><CSChapterCode>3000956</CSChapterCode><CSChapterName>技术规格</CSChapterName><CSChapterRank>8</CSChapterRank><CSItem><CSItemCode>IT4044946</CSItemCode><CSItemName>指示灯</CSItemName><CSItemRank>7</CSItemRank><CSItemIsFreeFormat>0</CSItemIsFreeFormat><CSValue><CSValueCode>VA4103018</CSValueCode><CSValueName>LED 指示灯指示</CSValueName><CSValueRank>15</CSValueRank></CSValue></CSItem><CSItem><CSItemCode>IT4044947</CSItemCode><CSItemName>颗粒大小</CSItemName><CSItemRank>11</CSItemRank><CSItemIsFreeFormat>0</CSItemIsFreeFormat><CSValue><CSValueCode>VA4103019</CSValueCode><CSValueName>(D10) 6-12 ¦Ìm</CSValueName><CSValueRank>11</CSValueRank></CSValue></CSItem><CSItem><CSItemCode>IT4026574</CSItemCode><CSItemName>产品尺寸</CSItemName><CSItemRank>13</CSItemRank><CSItemIsFreeFormat>0</CSItemIsFreeFormat><CSValue><CSValueCode>VA4103020</CSValueCode><CSValueName>直径 27.5 毫米，长度 135 毫米</CSValueName><CSValueRank>12</CSValueRank></CSValue><UnitOfMeasure><UnitOfMeasureCode>3000039</UnitOfMeasureCode><UnitOfMeasureName>厘米</UnitOfMeasureName><UnitOfMeasureSymbol>厘米</UnitOfMeasureSymbol></UnitOfMeasure></CSItem><CSItem><CSItemCode>IT4044945</CSItemCode><CSItemName>提醒功能</CSItemName><CSItemRank>18</CSItemRank><CSItemIsFreeFormat>0</CSItemIsFreeFormat><CSValue><CSValueCode>VA4104184</CSValueCode><CSValueName>1 分钟照射定时器</CSValueName><CSValueRank>18</CSValueRank></CSValue></CSItem><CSItem><CSItemCode>IT4044944</CSItemCode><CSItemName>超声频率</CSItemName><CSItemRank>19</CSItemRank><CSItemIsFreeFormat>0</CSItemIsFreeFormat><CSValue><CSValueCode>VA4103016</CSValueCode><CSValueName>135+-10 kHz</CSValueName><CSValueRank>14</CSValueRank></CSValue></CSItem><CSItem><CSItemCode>IT4044948</CSItemCode><CSItemName>防水等级</CSItemName><CSItemRank>20</CSItemRank><CSItemIsFreeFormat>0</CSItemIsFreeFormat><CSValue><CSValueCode>VA4103021</CSValueCode><CSValueName>IPX5</CSValueName><CSValueRank>4</CSValueRank></CSValue></CSItem></CSChapter><Filters><Purpose type="Comparison"><Features><Feature code="F400087182" rank="2" referenceName="Instant full facial hydration"/><Feature code="F400087178" rank="3" referenceName="Portable and easy to carry"/><Feature code="F400087177" rank="4" referenceName="ultra fine mist"/><Feature code="F400087180" rank="5" referenceName="Water resistant design (Hydra)"/><Feature code="F400088174" rank="6" referenceName="Convenient water filling (1per day)"/><Feature code="F400088159" rank="7" referenceName="USB Charging (BSC601)"/></Features><CSItems><CSItem code="IT4044939" rank="1" referenceName="优点 - 时尚、易用设计"/><CSItem code="IT4035034" rank="2" referenceName="可充电电池 - 是"/><CSItem code="IT4044941" rank="3" referenceName="操作简易 - 易于注水"/><CSItem code="IT4044943" rank="4" referenceName="易于使用 - 易于清洗"/><CSItem code="IT4030444" rank="5" referenceName="包含 - 清洁刷"/><CSItem code="IT4015672" rank="6" referenceName="服务 - 保修"/><CSItem code="IT4044946" rank="7" referenceName="技术规格 - 指示灯"/><CSItem code="IT4016881" rank="8" referenceName="功率 - 充电时间"/><CSItem code="IT4044942" rank="9" referenceName="操作简易 - USB 充电"/><CSItem code="IT4044938" rank="10" referenceName="优点 - 设计"/><CSItem code="IT4044947" rank="11" referenceName="技术规格 - 颗粒大小"/><CSItem code="IT4042909" rank="12" referenceName="包含 - USB 线缆"/><CSItem code="IT4026574" rank="13" referenceName="技术规格 - 产品尺寸"/><CSItem code="IT4044374" rank="14" referenceName="优点 - 即时滋润效果"/><CSItem code="IT4044940" rank="15" referenceName="包含 - 用户手册"/><CSItem code="IT4016882" rank="16" referenceName="功率 - 工作时间"/><CSItem code="IT4044937" rank="17" referenceName="优点 - 大容量水箱"/><CSItem code="IT4044945" rank="18" referenceName="技术规格 - 提醒功能"/><CSItem code="IT4044944" rank="19" referenceName="技术规格 - 超声频率"/><CSItem code="IT4044948" rank="20" referenceName="技术规格 - 防水等级"/></CSItems></Purpose><Purpose type="Detail"><Features><Feature code="F400087182" rank="2" referenceName="Instant full facial hydration"/><Feature code="F400087178" rank="3" referenceName="Portable and easy to carry"/><Feature code="F400087177" rank="4" referenceName="ultra fine mist"/><Feature code="F400087180" rank="5" referenceName="Water resistant design (Hydra)"/><Feature code="F400088174" rank="6" referenceName="Convenient water filling (1per day)"/><Feature code="F400088159" rank="7" referenceName="USB Charging (BSC601)"/></Features><CSItems><CSItem code="IT4044939" rank="1" referenceName="优点 - 时尚、易用设计"/><CSItem code="IT4035034" rank="2" referenceName="可充电电池 - 是"/><CSItem code="IT4044941" rank="3" referenceName="操作简易 - 易于注水"/><CSItem code="IT4044943" rank="4" referenceName="易于使用 - 易于清洗"/><CSItem code="IT4030444" rank="5" referenceName="包含 - 清洁刷"/><CSItem code="IT4015672" rank="6" referenceName="服务 - 保修"/><CSItem code="IT4044946" rank="7" referenceName="技术规格 - 指示灯"/><CSItem code="IT4016881" rank="8" referenceName="功率 - 充电时间"/><CSItem code="IT4044942" rank="9" referenceName="操作简易 - USB 充电"/><CSItem code="IT4044938" rank="10" referenceName="优点 - 设计"/><CSItem code="IT4044947" rank="11" referenceName="技术规格 - 颗粒大小"/><CSItem code="IT4042909" rank="12" referenceName="包含 - USB 线缆"/><CSItem code="IT4026574" rank="13" referenceName="技术规格 - 产品尺寸"/><CSItem code="IT4044374" rank="14" referenceName="优点 - 即时滋润效果"/><CSItem code="IT4044940" rank="15" referenceName="包含 - 用户手册"/><CSItem code="IT4016882" rank="16" referenceName="功率 - 工作时间"/><CSItem code="IT4044937" rank="17" referenceName="优点 - 大容量水箱"/><CSItem code="IT4044945" rank="18" referenceName="技术规格 - 提醒功能"/><CSItem code="IT4044944" rank="19" referenceName="技术规格 - 超声频率"/><CSItem code="IT4044948" rank="20" referenceName="技术规格 - 防水等级"/></CSItems></Purpose></Filters><FeatureCompareGroups/><Disclaimers><Disclaimer code="DIS40012378" rank="1" referenceName="*Based on 30 seconds of use, four times per day"><DisclaimerText>*基于每次使用 30 秒，每天使用四次</DisclaimerText><DisclaimElements/></Disclaimer><Disclaimer code="DIS40012379" rank="2" referenceName="Independent result on 110 Chinese female consumers tested by"><DisclaimerText>由独立机构于 2018 年对 110 位中国女性消费者进行测试得出的独立结果。</DisclaimerText><DisclaimElements/></Disclaimer></Disclaimers><RichTexts/></Product></Products>