<?xml version="1.0" encoding="UTF-8"?><Products xmlns:source="http://apache.org/cocoon/source/1.0" DocStatus="approved" DocTimeStamp="2018-10-23T10:48:29"><Product Country="CN" IsAccessory="false" IsMaster="false" Locale="zh_CN" lastModified="2018-10-23T04:30:06" masterLastModified="2018-10-18T00:32:53"><CTN>GC505/48</CTN><GTIN>06923410754162</GTIN><MarketingVersion>2.0.1</MarketingVersion><MarketingStatus>Final Published</MarketingStatus><CRDate>2016-09-23</CRDate><CRDateYW>201639</CRDateYW><ModelYears><ModelYear>2016</ModelYear></ModelYears><ProductDivision><ProductDivisionCode>0200</ProductDivisionCode><ProductDivisionName>Consumer Lifestyle</ProductDivisionName><FormerPDCode>0300</FormerPDCode></ProductDivision><ProductOwner>Functional Assetteam</ProductOwner><DTN>GC505/48</DTN><Catalog><StartOfPublication>2016-10-21T00:00:00</StartOfPublication><EndOfPublication>2020-10-23T00:00:00</EndOfPublication><StartOfSales>2016-10-21T00:00:00</StartOfSales><EndOfSales>2020-10-23T00:00:00</EndOfSales><DummyPrice>349</DummyPrice><Deleted>false</Deleted><DeleteAfterDate/><ProductRank>50</ProductRank></Catalog><FinancialCategorization><BusinessGroupCode>9042</BusinessGroupCode><BusinessGroupName>Domestic Appliances</BusinessGroupName><BusinessUnitCode>0352</BusinessUnitCode><BusinessUnitName>Garment Care</BusinessUnitName><MainArticleGroupCode>E84</MainArticleGroupCode><MainArticleGroupName>Garment Steamers</MainArticleGroupName><ArticleGroupCode>4305</ArticleGroupCode><ArticleGroupName>Stand steamers</ArticleGroupName></FinancialCategorization><Categorization type="CONSUMER"><GroupCode>HOUSEHOLD_PRODUCTS_GR</GroupCode><GroupName>Household products</GroupName><CategoryCode>IRONS_CA</CategoryCode><CategoryName>Ironing</CategoryName><SubcategoryCode>PORTABLE_STEAMERS_SU</SubcategoryCode><SubcategoryName>Garment Steamer</SubcategoryName></Categorization><Assets><Asset code="GC505_48" description="Leaflet" extension="pdf" lastModified="2018-10-21" locale="zh_CN" number="001" type="PSS">http://download.p4c.philips.com/files/g/gc505_48/gc505_48_pss_zhscn.pdf</Asset><Asset code="GC505_48" description="Retail Trade Leaflet" extension="pdf" lastModified="2018-10-19" locale="zh_CN" number="001" type="RTL">http://download.p4c.philips.com/files/g/gc505_48/gc505_48_rtl_zhscn.pdf</Asset><Asset code="GC505_48" description="Leaflet" extension="pdf" lastModified="2018-10-19" locale="global" number="001" type="PSS">http://download.p4c.philips.com/files/g/gc505_48/gc505_48_pss_.pdf</Asset><Asset code="GC505_48" description="Single product shot" extension="" lastModified="2018-10-23" locale="zh_CN" number="" type="IMS">http://images.philips.com/is/image/PhilipsConsumer/GC505_48-IMS-zh_CN</Asset><Asset code="GC505_48" description="Product gallery image set" extension="" lastModified="2018-10-23" locale="zh_CN" number="" type="GAL">http://images.philips.com/is/image/PhilipsConsumer/GC505_48-GAL-zh_CN</Asset><Asset code="GC505_48" description="Product URL" extension="" lastModified="2018-10-23" locale="zh_CN" number="" type="URL">http://www.philips.com.cn/c-p/GC505_48/easy-touch-garment-steamer</Asset><Asset code="F400016937" description="Feature photograph - highres 2100x1170" extension="tif" lastModified="2016-04-04" locale="global" number="001" type="FIL">http://images.philips.com/is/image/PhilipsConsumer/F400016937-FIL-global-001</Asset><Asset code="F400047227" description="Feature photograph - highres 2100x1170" extension="tif" lastModified="2016-04-04" locale="global" number="001" type="FIL">http://images.philips.com/is/image/PhilipsConsumer/F400047227-FIL-global-001</Asset><Asset code="F400050931" description="Feature photograph - highres 2100x1170" extension="tif" lastModified="2016-07-15" locale="global" number="001" type="FIL">http://images.philips.com/is/image/PhilipsConsumer/F400050931-FIL-global-001</Asset><Asset code="F400052595" description="Feature photograph - highres 2100x1170" extension="tif" lastModified="2016-07-15" locale="global" number="001" type="FIL">http://images.philips.com/is/image/PhilipsConsumer/F400052595-FIL-global-001</Asset><Asset code="F400078093" description="Feature photograph - highres 2100x1170" extension="tif" lastModified="2016-04-04" locale="global" number="001" type="FIL">http://images.philips.com/is/image/PhilipsConsumer/F400078093-FIL-global-001</Asset><Asset code="F400079553" description="Feature photograph - highres 2100x1170" extension="tif" lastModified="2016-07-12" locale="global" number="001" type="FIL">http://images.philips.com/is/image/PhilipsConsumer/F400079553-FIL-global-001</Asset><Asset code="F400079568" description="Feature photograph - highres 2100x1170" extension="tif" lastModified="2016-07-12" locale="global" number="001" type="FIL">http://images.philips.com/is/image/PhilipsConsumer/F400079568-FIL-global-001</Asset><Asset code="F400079569" description="Feature photograph - highres 2100x1170" extension="tif" lastModified="2017-07-27" locale="global" number="001" type="FIL">http://images.philips.com/is/image/PhilipsConsumer/F400079569-FIL-global-001</Asset><Asset code="PHI" description="Brand logo - highres 1476x886" extension="tif" lastModified="2016-02-18" locale="global" number="001" type="BRP">http://images.philips.com/is/image/PhilipsConsumer/PHI-BRP-global-001</Asset></Assets><ProductName>1500 瓦 可调衣架杆 蒸汽挂烫机</ProductName><FullProductName>飞利浦 Easy Touch 蒸汽挂烫机 GC505/48 1500 瓦 可伸缩支撑杆 3 档蒸汽量选择</FullProductName><NamingString><MasterBrand><BrandCode>PHI</BrandCode><BrandName>Philips</BrandName></MasterBrand><BrandString>飞利浦</BrandString><Family><FamilyCode>SB40008191</FamilyCode><FamilyName>Easy Touch</FamilyName><FamilyNameUsed>0</FamilyNameUsed></Family><Descriptor><DescriptorCode>D4005293</DescriptorCode><DescriptorName>蒸汽挂烫机</DescriptorName></Descriptor><Alphanumeric>GC505/48</Alphanumeric><VersionElement1><VersionElementCode>V4005011</VersionElementCode><VersionElementName>1500W</VersionElementName></VersionElement1><VersionElement2><VersionElementCode>V4033145</VersionElementCode><VersionElementName>可伸缩支撑杆</VersionElementName></VersionElement2><VersionElement3><VersionElementCode>V4042790</VersionElementCode><VersionElementName>3 档蒸汽量选择</VersionElementName></VersionElement3><VersionString>1500 瓦 可伸缩支撑杆 3 档蒸汽量选择</VersionString><BrandedFeatureString/><DescriptorBrandedFeatureString>蒸汽挂烫机</DescriptorBrandedFeatureString></NamingString><WOW>轻松除皱每一天</WOW><SubWOW>强劲持续的蒸汽和多档蒸汽设定</SubWOW><MarketingTextHeader>EasyTouch 蒸汽挂烫机专为日常快速除皱而设计。强劲蒸汽输出、单杆衣架、蒸汽量选择和实用附件，让您轻松去除褶皱。</MarketingTextHeader><KeyBenefitArea><KeyBenefitAreaCode>K4006535</KeyBenefitAreaCode><KeyBenefitAreaName>快速去除褶皱</KeyBenefitAreaName><KeyBenefitAreaRank>1</KeyBenefitAreaRank><Feature><FeatureCode>F400016937</FeatureCode><FeatureReferenceName>GC-ST-Powerful continuous steam</FeatureReferenceName><FeatureName>强劲持久的蒸汽</FeatureName><FeatureLongDescription>强劲持久的蒸汽</FeatureLongDescription><FeatureGlossary>喷嘴喷出强劲持久的蒸汽，从而可实现快速除皱。</FeatureGlossary><FeatureRank>1</FeatureRank><FeatureTopRank>1</FeatureTopRank></Feature><Feature><FeatureCode>F400079553</FeatureCode><FeatureReferenceName>3 steam settings</FeatureReferenceName><FeatureName>3 档蒸汽量选择</FeatureName><FeatureLongDescription>3 个蒸汽输出级别，适合不同类型的衣物</FeatureLongDescription><FeatureGlossary>为不同类型的衣物设置合适蒸汽输出级别，以获得理想效果。</FeatureGlossary><FeatureRank>5</FeatureRank><FeatureTopRank>6</FeatureTopRank></Feature><Feature><FeatureCode>F400079568</FeatureCode><FeatureReferenceName>GC-ST-XL steam plate 2</FeatureReferenceName><FeatureName>加大号蒸汽面板</FeatureName><FeatureLongDescription>加大号蒸汽面板，效果迅速</FeatureLongDescription><FeatureGlossary>专用人体工程学蒸汽喷头配有加大蒸汽面板，帮助您实现快速熨烫。</FeatureGlossary><FeatureRank>6</FeatureRank><FeatureTopRank>7</FeatureTopRank></Feature></KeyBenefitArea><KeyBenefitArea><KeyBenefitAreaCode>K300000216</KeyBenefitAreaCode><KeyBenefitAreaName>易于使用</KeyBenefitAreaName><KeyBenefitAreaRank>2</KeyBenefitAreaRank><Feature><FeatureCode>F400050931</FeatureCode><FeatureReferenceName>Special garment hanger</FeatureReferenceName><FeatureName>专用衣架</FeatureName><FeatureLongDescription>专用衣架</FeatureLongDescription><FeatureGlossary>专用衣架，使用蒸汽挂烫机时可轻松悬挂衬衫、连衣裙和裤子等衣物。</FeatureGlossary><FeatureRank>3</FeatureRank><FeatureTopRank>3</FeatureTopRank></Feature><Feature><FeatureCode>F400052595</FeatureCode><FeatureReferenceName>GC-ST-Easy Rinse descaling function</FeatureReferenceName><FeatureName>易冲洗除垢功能</FeatureName><FeatureLongDescription>易冲洗除垢功能</FeatureLongDescription><FeatureGlossary>定期使用易冲洗除垢功能，延长产品的使用寿命。</FeatureGlossary><FeatureRank>4</FeatureRank><FeatureTopRank>4</FeatureTopRank></Feature><Feature><FeatureCode>F400078093</FeatureCode><FeatureReferenceName>Detacheable watertank</FeatureReferenceName><FeatureName>可分离式水箱</FeatureName><FeatureLongDescription>可分离式水箱</FeatureLongDescription><FeatureGlossary>可分离式大号透明水箱，适合长时间蒸汽熨烫。大号注水孔，方便注水。</FeatureGlossary><FeatureRank>7</FeatureRank><FeatureTopRank>5</FeatureTopRank></Feature><Feature><FeatureCode>F400079569</FeatureCode><FeatureReferenceName>Adjustable pole</FeatureReferenceName><FeatureName>可伸缩支撑杆</FeatureName><FeatureLongDescription>可伸缩支撑杆，适用于多种高度设置</FeatureLongDescription><FeatureGlossary>集成式可调节衣架杆，使用蒸汽挂烫机时悬挂衣物。可伸缩设计，便于存放。</FeatureGlossary><FeatureRank>8</FeatureRank><FeatureTopRank>8</FeatureTopRank></Feature></KeyBenefitArea><KeyBenefitArea><KeyBenefitAreaCode>K4006627</KeyBenefitAreaCode><KeyBenefitAreaName>安全可靠</KeyBenefitAreaName><KeyBenefitAreaRank>3</KeyBenefitAreaRank><Feature><FeatureCode>F400047227</FeatureCode><FeatureReferenceName>GC-ST-Safe on all garments</FeatureReferenceName><FeatureName>安全适用于各种可熨面料</FeatureName><FeatureLongDescription>适用于熨烫丝绸等精细面料</FeatureLongDescription><FeatureGlossary>您可放心地用此蒸汽挂烫机来熨烫各种可熨面料。它也非常适合熨烫丝绸等精细面料。</FeatureGlossary><FeatureRank>2</FeatureRank><FeatureTopRank>2</FeatureTopRank></Feature></KeyBenefitArea><FeatureImage><FeatureCode>F400016937</FeatureCode><FeatureReferenceName>GC-ST-Powerful continuous steam</FeatureReferenceName><FeatureImageRank>1</FeatureImageRank></FeatureImage><FeatureImage><FeatureCode>F400047227</FeatureCode><FeatureReferenceName>GC-ST-Safe on all garments</FeatureReferenceName><FeatureImageRank>2</FeatureImageRank></FeatureImage><FeatureImage><FeatureCode>F400050931</FeatureCode><FeatureReferenceName>Special garment hanger</FeatureReferenceName><FeatureImageRank>3</FeatureImageRank></FeatureImage><FeatureImage><FeatureCode>F400052595</FeatureCode><FeatureReferenceName>GC-ST-Easy Rinse descaling function</FeatureReferenceName><FeatureImageRank>4</FeatureImageRank></FeatureImage><FeatureImage><FeatureCode>F400078093</FeatureCode><FeatureReferenceName>Detacheable watertank</FeatureReferenceName><FeatureImageRank>5</FeatureImageRank></FeatureImage><FeatureImage><FeatureCode>F400079553</FeatureCode><FeatureReferenceName>3 steam settings</FeatureReferenceName><FeatureImageRank>6</FeatureImageRank></FeatureImage><FeatureImage><FeatureCode>F400079568</FeatureCode><FeatureReferenceName>GC-ST-XL steam plate 2</FeatureReferenceName><FeatureImageRank>7</FeatureImageRank></FeatureImage><FeatureImage><FeatureCode>F400079569</FeatureCode><FeatureReferenceName>Adjustable pole</FeatureReferenceName><FeatureImageRank>8</FeatureImageRank></FeatureImage><FeatureHighlight><FeatureCode>F400016937</FeatureCode><FeatureReferenceName>GC-ST-Powerful continuous steam</FeatureReferenceName><FeatureHighlightRank>1</FeatureHighlightRank></FeatureHighlight><FeatureHighlight><FeatureCode>F400047227</FeatureCode><FeatureReferenceName>GC-ST-Safe on all garments</FeatureReferenceName><FeatureHighlightRank>2</FeatureHighlightRank></FeatureHighlight><FeatureHighlight><FeatureCode>F400050931</FeatureCode><FeatureReferenceName>Special garment hanger</FeatureReferenceName><FeatureHighlightRank>3</FeatureHighlightRank></FeatureHighlight><FeatureHighlight><FeatureCode>F400052595</FeatureCode><FeatureReferenceName>GC-ST-Easy Rinse descaling function</FeatureReferenceName><FeatureHighlightRank>4</FeatureHighlightRank></FeatureHighlight><FeatureHighlight><FeatureCode>F400078093</FeatureCode><FeatureReferenceName>Detacheable watertank</FeatureReferenceName><FeatureHighlightRank>5</FeatureHighlightRank></FeatureHighlight><FeatureHighlight><FeatureCode>F400079553</FeatureCode><FeatureReferenceName>3 steam settings</FeatureReferenceName><FeatureHighlightRank>6</FeatureHighlightRank></FeatureHighlight><FeatureHighlight><FeatureCode>F400079568</FeatureCode><FeatureReferenceName>GC-ST-XL steam plate 2</FeatureReferenceName><FeatureHighlightRank>7</FeatureHighlightRank></FeatureHighlight><FeatureHighlight><FeatureCode>F400079569</FeatureCode><FeatureReferenceName>Adjustable pole</FeatureReferenceName><FeatureHighlightRank>8</FeatureHighlightRank></FeatureHighlight><CSChapter><CSChapterCode>CH4008281</CSChapterCode><CSChapterName>快速除皱</CSChapterName><CSChapterRank>1</CSChapterRank><CSItem><CSItemCode>IT4039934</CSItemCode><CSItemName>持续蒸汽</CSItemName><CSItemRank>4</CSItemRank><CSItemIsFreeFormat>1</CSItemIsFreeFormat><CSValue><CSValueCode>VA4093311</CSValueCode><CSValueName>30</CSValueName><CSValueRank>1</CSValueRank></CSValue><UnitOfMeasure><UnitOfMeasureCode>4000018</UnitOfMeasureCode><UnitOfMeasureName>-克/分钟</UnitOfMeasureName><UnitOfMeasureSymbol>克/分钟</UnitOfMeasureSymbol></UnitOfMeasure></CSItem><CSItem><CSItemCode>IT4039933</CSItemCode><CSItemName>功率</CSItemName><CSItemRank>5</CSItemRank><CSItemIsFreeFormat>1</CSItemIsFreeFormat><CSValue><CSValueCode>VA4093310</CSValueCode><CSValueName>1500</CSValueName><CSValueRank>1</CSValueRank></CSValue><UnitOfMeasure><UnitOfMeasureCode>3000072</UnitOfMeasureCode><UnitOfMeasureName>瓦特</UnitOfMeasureName><UnitOfMeasureSymbol>瓦</UnitOfMeasureSymbol></UnitOfMeasure></CSItem><CSItem><CSItemCode>IT4039939</CSItemCode><CSItemName>可调蒸汽量</CSItemName><CSItemRank>9</CSItemRank><CSItemIsFreeFormat>1</CSItemIsFreeFormat><CSValue><CSValueCode>VA4093317</CSValueCode><CSValueName>3</CSValueName><CSValueRank>1</CSValueRank></CSValue><UnitOfMeasure><UnitOfMeasureCode>4025422</UnitOfMeasureCode><UnitOfMeasureName>档</UnitOfMeasureName><UnitOfMeasureSymbol>档</UnitOfMeasureSymbol></UnitOfMeasure></CSItem><CSItem><CSItemCode>IT4039945</CSItemCode><CSItemName>电压</CSItemName><CSItemRank>10</CSItemRank><CSItemIsFreeFormat>1</CSItemIsFreeFormat><CSValue><CSValueCode>VA4093323</CSValueCode><CSValueName>220</CSValueName><CSValueRank>1</CSValueRank></CSValue><UnitOfMeasure><UnitOfMeasureCode>3000071</UnitOfMeasureCode><UnitOfMeasureName>伏</UnitOfMeasureName><UnitOfMeasureSymbol>伏</UnitOfMeasureSymbol></UnitOfMeasure></CSItem></CSChapter><CSChapter><CSChapterCode>CHA_0000026</CSChapterCode><CSChapterName>易于使用</CSChapterName><CSChapterRank>2</CSChapterRank><CSItem><CSItemCode>IT4039947</CSItemCode><CSItemName>安全适用于所有可熨烫面料</CSItemName><CSItemRank>2</CSItemRank><CSItemIsFreeFormat>0</CSItemIsFreeFormat><CSValue><CSValueCode>VA4093325</CSValueCode><CSValueName>即便是丝绸等精细面料也可放心熨烫</CSValueName><CSValueRank>2</CSValueRank></CSValue></CSItem><CSItem><CSItemCode>IT4015768</CSItemCode><CSItemName>水箱容量</CSItemName><CSItemRank>6</CSItemRank><CSItemIsFreeFormat>1</CSItemIsFreeFormat><CSValue><CSValueCode>VA4031461</CSValueCode><CSValueName>1200</CSValueName><CSValueRank>1</CSValueRank></CSValue><UnitOfMeasure><UnitOfMeasureCode>4000012</UnitOfMeasureCode><UnitOfMeasureName>-毫升</UnitOfMeasureName><UnitOfMeasureSymbol>毫升</UnitOfMeasureSymbol></UnitOfMeasure></CSItem><CSItem><CSItemCode>IT4040044</CSItemCode><CSItemName>分离式水箱</CSItemName><CSItemRank>7</CSItemRank><CSItemIsFreeFormat>0</CSItemIsFreeFormat><CSValue><CSValueCode>VA4093463</CSValueCode><CSValueName>Y</CSValueName><CSValueRank>3</CSValueRank></CSValue></CSItem><CSItem><CSItemCode>IT4015770</CSItemCode><CSItemName>电源线长度</CSItemName><CSItemRank>11</CSItemRank><CSItemIsFreeFormat>1</CSItemIsFreeFormat><CSValue><CSValueCode>VA4031463</CSValueCode><CSValueName>1.4</CSValueName><CSValueRank>1</CSValueRank></CSValue><UnitOfMeasure><UnitOfMeasureCode>3000057</UnitOfMeasureCode><UnitOfMeasureName>米</UnitOfMeasureName><UnitOfMeasureSymbol>米</UnitOfMeasureSymbol></UnitOfMeasure></CSItem></CSChapter><CSChapter><CSChapterCode>CH4008283</CSChapterCode><CSChapterName>水垢处理</CSChapterName><CSChapterRank>3</CSChapterRank><CSItem><CSItemCode>IT4039985</CSItemCode><CSItemName>除垢和清洁</CSItemName><CSItemRank>1</CSItemRank><CSItemIsFreeFormat>0</CSItemIsFreeFormat><CSValue><CSValueCode>VA4093384</CSValueCode><CSValueName>方便冲洗</CSValueName><CSValueRank>5</CSValueRank></CSValue></CSItem></CSChapter><CSChapter><CSChapterCode>CHA_0000052</CSChapterCode><CSChapterName>包含附件</CSChapterName><CSChapterRank>4</CSChapterRank><CSItem><CSItemCode>IT4040027</CSItemCode><CSItemName>衣架</CSItemName><CSItemRank>8</CSItemRank><CSItemIsFreeFormat>0</CSItemIsFreeFormat><CSValue><CSValueCode>VA4093439</CSValueCode><CSValueName>Y</CSValueName><CSValueRank>4</CSValueRank></CSValue></CSItem></CSChapter><CSChapter><CSChapterCode>CHA_0000075</CSChapterCode><CSChapterName>保修</CSChapterName><CSChapterRank>5</CSChapterRank><CSItem><CSItemCode>IT4039992</CSItemCode><CSItemName>2 年全球保修</CSItemName><CSItemRank>3</CSItemRank><CSItemIsFreeFormat>0</CSItemIsFreeFormat><CSValue><CSValueCode>VA4093403</CSValueCode><CSValueName>Y</CSValueName><CSValueRank>1</CSValueRank></CSValue></CSItem></CSChapter><Filters><Purpose type="Comparison"><Features><Feature code="F400016937" rank="1" referenceName="GC-ST-Powerful continuous steam"/><Feature code="F400047227" rank="2" referenceName="GC-ST-Safe on all garments"/><Feature code="F400050931" rank="3" referenceName="Special garment hanger"/><Feature code="F400052595" rank="4" referenceName="GC-ST-Easy Rinse descaling function"/><Feature code="F400078093" rank="5" referenceName="Detacheable watertank"/><Feature code="F400079553" rank="6" referenceName="3 steam settings"/><Feature code="F400079568" rank="7" referenceName="GC-ST-XL steam plate 2"/><Feature code="F400079569" rank="8" referenceName="Adjustable pole"/></Features><CSItems><CSItem code="IT4039985" rank="1" referenceName="水垢处理 - 除垢和清洁"/><CSItem code="IT4039947" rank="2" referenceName="易于使用 - 安全适用于所有可熨烫面料"/><CSItem code="IT4039992" rank="3" referenceName="保修 - 2 年全球保修"/><CSItem code="IT4039934" rank="4" referenceName="快速除皱 - 持续蒸汽"/><CSItem code="IT4039933" rank="5" referenceName="快速除皱 - 功率"/><CSItem code="IT4015768" rank="6" referenceName="易于使用 - 水箱容量"/><CSItem code="IT4040044" rank="7" referenceName="易于使用 - 分离式水箱"/><CSItem code="IT4040027" rank="8" referenceName="包含附件 - 衣架"/><CSItem code="IT4039939" rank="9" referenceName="快速除皱 - 可调蒸汽量"/><CSItem code="IT4039945" rank="10" referenceName="快速除皱 - 电压"/><CSItem code="IT4015770" rank="11" referenceName="易于使用 - 电源线长度"/></CSItems></Purpose><Purpose type="Detail"><Features><Feature code="F400016937" rank="1" referenceName="GC-ST-Powerful continuous steam"/><Feature code="F400047227" rank="2" referenceName="GC-ST-Safe on all garments"/><Feature code="F400050931" rank="3" referenceName="Special garment hanger"/><Feature code="F400052595" rank="4" referenceName="GC-ST-Easy Rinse descaling function"/><Feature code="F400078093" rank="5" referenceName="Detacheable watertank"/><Feature code="F400079553" rank="6" referenceName="3 steam settings"/><Feature code="F400079568" rank="7" referenceName="GC-ST-XL steam plate 2"/><Feature code="F400079569" rank="8" referenceName="Adjustable pole"/></Features><CSItems><CSItem code="IT4039985" rank="1" referenceName="水垢处理 - 除垢和清洁"/><CSItem code="IT4039947" rank="2" referenceName="易于使用 - 安全适用于所有可熨烫面料"/><CSItem code="IT4039992" rank="3" referenceName="保修 - 2 年全球保修"/><CSItem code="IT4039934" rank="4" referenceName="快速除皱 - 持续蒸汽"/><CSItem code="IT4039933" rank="5" referenceName="快速除皱 - 功率"/><CSItem code="IT4015768" rank="6" referenceName="易于使用 - 水箱容量"/><CSItem code="IT4040044" rank="7" referenceName="易于使用 - 分离式水箱"/><CSItem code="IT4040027" rank="8" referenceName="包含附件 - 衣架"/><CSItem code="IT4039939" rank="9" referenceName="快速除皱 - 可调蒸汽量"/><CSItem code="IT4039945" rank="10" referenceName="快速除皱 - 电压"/><CSItem code="IT4015770" rank="11" referenceName="易于使用 - 电源线长度"/></CSItems></Purpose></Filters><FeatureCompareGroups/><Disclaimers/><RichTexts/></Product></Products>