<?xml version="1.0" encoding="UTF-8"?><Products xmlns:source="http://apache.org/cocoon/source/1.0" DocStatus="approved" DocTimeStamp="2018-10-24T13:05:13"><Product Country="US" IsAccessory="false" IsMaster="false" Locale="en_US" lastModified="2018-10-24T05:16:14" masterLastModified="2018-06-29T00:38:12"><CTN>SCF259/04</CTN><GTIN>00075020062215</GTIN><MarketingVersion>3.0.1</MarketingVersion><MarketingStatus>Final Published</MarketingStatus><CRDate>2016-05-13</CRDate><CRDateYW>201620</CRDateYW><ModelYears><ModelYear>2016</ModelYear></ModelYears><ProductDivision><ProductDivisionCode>0200</ProductDivisionCode><ProductDivisionName>Consumer Lifestyle</ProductDivisionName><FormerPDCode>0300</FormerPDCode></ProductDivision><ProductOwner>Ulrike Krisch</ProductOwner><DTN>SCF259/04</DTN><Catalog><StartOfPublication>2016-06-13T00:00:00</StartOfPublication><EndOfPublication>2026-06-13T00:00:00</EndOfPublication><StartOfSales>2016-06-13T00:00:00</StartOfSales><EndOfSales>2026-06-13T00:00:00</EndOfSales><DummyPrice/><Deleted>false</Deleted><DeleteAfterDate/><ProductRank>50</ProductRank></Catalog><FinancialCategorization><BusinessGroupCode>9050</BusinessGroupCode><BusinessGroupName>Health &amp; Wellness</BusinessGroupName><BusinessUnitCode>0362</BusinessUnitCode><BusinessUnitName>Mother &amp; Child Care</BusinessUnitName><MainArticleGroupCode>O36</MainArticleGroupCode><MainArticleGroupName>Toddler Drinking Solutions</MainArticleGroupName><ArticleGroupCode>3190</ArticleGroupCode><ArticleGroupName>Cups</ArticleGroupName></FinancialCategorization><Assets><Asset code="SCF259_04" description="Leaflet" extension="pdf" lastModified="2018-10-01" locale="en_US" number="001" type="PSS">http://download.p4c.philips.com/files/s/scf259_04/scf259_04_pss_aenus.pdf</Asset><Asset code="SCF259_04" description="Retail Trade Leaflet" extension="pdf" lastModified="2018-10-05" locale="en_US" number="001" type="RTL">http://download.p4c.philips.com/files/s/scf259_04/scf259_04_rtl_aenus.pdf</Asset><Asset code="SCF259_04" description="Leaflet" extension="pdf" lastModified="2018-08-16" locale="global" number="001" type="PSS">http://download.p4c.philips.com/files/s/scf259_04/scf259_04_pss_.pdf</Asset><Asset code="SCF259_04" description="Standard product photograph - highres 2196x1795" extension="tif" lastModified="2016-06-23" locale="global" number="001" type="RTP">http://images.philips.com/is/image/PhilipsConsumer/SCF259_04-RTP-global-001</Asset><Asset code="SCF259_04" description="Single product shot" extension="" lastModified="2018-10-24" locale="en_US" number="" type="IMS">http://images.philips.com/is/image/PhilipsConsumer/SCF259_04-IMS-en_US</Asset><Asset code="SCF259_04" description="Product gallery image set" extension="" lastModified="2018-10-24" locale="en_US" number="" type="GAL">http://images.philips.com/is/image/PhilipsConsumer/SCF259_04-GAL-en_US</Asset><Asset code="SCF259_04" description="Product URL" extension="" lastModified="2018-10-24" locale="en_US" number="" type="URL">http://www.usa.philips.com/c-p/SCF259_04/avent-my-first-transition-cup</Asset></Assets><ProductName>4m+ My First Transition Cup</ProductName><FullProductName>Philips Avent My First Transition Cup SCF259/04 4m+</FullProductName><NamingString><MasterBrand><BrandCode>PHI</BrandCode><BrandName>Philips</BrandName></MasterBrand><Partner><PartnerBrand><BrandCode>AVE</BrandCode><BrandName>Avent</BrandName></PartnerBrand><PartnerBrandType>MakersMark</PartnerBrandType></Partner><BrandString>Philips Avent</BrandString><Descriptor><DescriptorCode>D4028504</DescriptorCode><DescriptorName>My First Transition Cup</DescriptorName></Descriptor><Alphanumeric>SCF259/04</Alphanumeric><VersionElement2><VersionElementCode>V4011684</VersionElementCode><VersionElementName>4m+</VersionElementName></VersionElement2><VersionString>4m+</VersionString><BrandedFeatureString/><DescriptorBrandedFeatureString>My First Transition Cup</DescriptorBrandedFeatureString></NamingString><WOW>Ease your baby's transition to a drinking cup</WOW><MarketingTextHeader>My first transition cup eases your baby into their first cup. With easy to hold handles, your baby will be able to drink independently from the familiar nipple. Swap to the soft silicone spout when ready, completing the transition.</MarketingTextHeader><KeyBenefitArea><KeyBenefitAreaCode>K4011151</KeyBenefitAreaCode><KeyBenefitAreaName>Ideal first step to a drinking cup</KeyBenefitAreaName><KeyBenefitAreaRank>1</KeyBenefitAreaRank></KeyBenefitArea><KeyBenefitArea><KeyBenefitAreaCode>KBA_0001129</KeyBenefitAreaCode><KeyBenefitAreaName>Convenient for you and your baby</KeyBenefitAreaName><KeyBenefitAreaRank>2</KeyBenefitAreaRank></KeyBenefitArea><KeyBenefitArea><KeyBenefitAreaCode>K4018674</KeyBenefitAreaCode><KeyBenefitAreaName>Other benefits</KeyBenefitAreaName><KeyBenefitAreaRank>3</KeyBenefitAreaRank></KeyBenefitArea><CSChapter><CSChapterCode>CHA_0000106</CSChapterCode><CSChapterName>What is included</CSChapterName><CSChapterRank>1</CSChapterRank><CSItem><CSItemCode>IT4010474</CSItemCode><CSItemName>Bottle to 1st trainer cup</CSItemName><CSItemRank>16</CSItemRank><CSItemIsFreeFormat>1</CSItemIsFreeFormat><CSValue><CSValueCode>VA4024363</CSValueCode><CSValueName>1</CSValueName><CSValueRank>1</CSValueRank></CSValue><UnitOfMeasure><UnitOfMeasureCode>4000023</UnitOfMeasureCode><UnitOfMeasureName>-Pieces</UnitOfMeasureName><UnitOfMeasureSymbol>pcs</UnitOfMeasureSymbol></UnitOfMeasure></CSItem><CSItem><CSItemCode>IT4016711</CSItemCode><CSItemName>Snap-on hygienic cap</CSItemName><CSItemRank>17</CSItemRank><CSItemIsFreeFormat>1</CSItemIsFreeFormat><CSValue><CSValueCode>VA4033881</CSValueCode><CSValueName>1</CSValueName><CSValueRank>1</CSValueRank></CSValue><UnitOfMeasure><UnitOfMeasureCode>4000023</UnitOfMeasureCode><UnitOfMeasureName>-Pieces</UnitOfMeasureName><UnitOfMeasureSymbol>pcs</UnitOfMeasureSymbol></UnitOfMeasure></CSItem><CSItem><CSItemCode>IT4003541</CSItemCode><CSItemName>Soft, Medium Flow Nipple</CSItemName><CSItemRank>18</CSItemRank><CSItemIsFreeFormat>1</CSItemIsFreeFormat><CSValue><CSValueCode>VA4012522</CSValueCode><CSValueName>1</CSValueName><CSValueRank>1</CSValueRank></CSValue><UnitOfMeasure><UnitOfMeasureCode>4000023</UnitOfMeasureCode><UnitOfMeasureName>-Pieces</UnitOfMeasureName><UnitOfMeasureSymbol>pcs</UnitOfMeasureSymbol></UnitOfMeasure></CSItem><CSItem><CSItemCode>IT4035347</CSItemCode><CSItemName>Silicone spout</CSItemName><CSItemRank>19</CSItemRank><CSItemIsFreeFormat>1</CSItemIsFreeFormat><CSValue><CSValueCode>VA4082200</CSValueCode><CSValueName>1</CSValueName><CSValueRank>1</CSValueRank></CSValue><UnitOfMeasure><UnitOfMeasureCode>4000023</UnitOfMeasureCode><UnitOfMeasureName>-Pieces</UnitOfMeasureName><UnitOfMeasureSymbol>pcs</UnitOfMeasureSymbol></UnitOfMeasure></CSItem></CSChapter><CSChapter><CSChapterCode>CH4001529</CSChapterCode><CSChapterName>Development stages</CSChapterName><CSChapterRank>2</CSChapterRank><CSItem><CSItemCode>IT4008016</CSItemCode><CSItemName>Stages</CSItemName><CSItemRank>3</CSItemRank><CSItemIsFreeFormat>0</CSItemIsFreeFormat><CSValue><CSValueCode>VA4024372</CSValueCode><CSValueName>4 months +</CSValueName><CSValueRank>1</CSValueRank></CSValue></CSItem></CSChapter><CSChapter><CSChapterCode>CHA_0000021</CSChapterCode><CSChapterName>Country of origin</CSChapterName><CSChapterRank>3</CSChapterRank><CSItem><CSItemCode>S_0002360</CSItemCode><CSItemName>England</CSItemName><CSItemRank>8</CSItemRank><CSItemIsFreeFormat>0</CSItemIsFreeFormat><CSValue><CSValueCode>VA4010931</CSValueCode><CSValueName>Yes</CSValueName><CSValueRank>1</CSValueRank></CSValue></CSItem></CSChapter><CSChapter><CSChapterCode>CHA_0000098</CSChapterCode><CSChapterName>Material</CSChapterName><CSChapterRank>4</CSChapterRank><CSItem><CSItemCode>IT4022153</CSItemCode><CSItemName>Bottle</CSItemName><CSItemRank>7</CSItemRank><CSItemIsFreeFormat>0</CSItemIsFreeFormat><CSValue><CSValueCode>VA4096666</CSValueCode><CSValueName>BPA free</CSValueName><CSValueRank>1</CSValueRank></CSValue><CSValue><CSValueCode>VA4052667</CSValueCode><CSValueName>Polypropylene</CSValueName><CSValueRank>2</CSValueRank></CSValue></CSItem><CSItem><CSItemCode>IT4022154</CSItemCode><CSItemName>Nipple</CSItemName><CSItemRank>10</CSItemRank><CSItemIsFreeFormat>0</CSItemIsFreeFormat><CSValue><CSValueCode>VA4096667</CSValueCode><CSValueName>BPA free</CSValueName><CSValueRank>1</CSValueRank></CSValue><CSValue><CSValueCode>VA4052669</CSValueCode><CSValueName>Silicone</CSValueName><CSValueRank>2</CSValueRank></CSValue></CSItem></CSChapter><CSChapter><CSChapterCode>CHA_0000004</CSChapterCode><CSChapterName>Weight and dimensions</CSChapterName><CSChapterRank>5</CSChapterRank><CSItem><CSItemCode>S_0000389</CSItemCode><CSItemName>F-box dimensions</CSItemName><CSItemRank>5</CSItemRank><CSItemIsFreeFormat>1</CSItemIsFreeFormat><CSValue><CSValueCode>VA4007358</CSValueCode><CSValueName>130 x 110 x 60</CSValueName><CSValueRank>1</CSValueRank></CSValue><UnitOfMeasure><UnitOfMeasureCode>3000058</UnitOfMeasureCode><UnitOfMeasureName>millimeter</UnitOfMeasureName><UnitOfMeasureSymbol>mm</UnitOfMeasureSymbol></UnitOfMeasure></CSItem><CSItem><CSItemCode>S_0000558</CSItemCode><CSItemName>No. of F-boxes in A-box</CSItemName><CSItemRank>11</CSItemRank><CSItemIsFreeFormat>1</CSItemIsFreeFormat><CSValue><CSValueCode>VA4007484</CSValueCode><CSValueName>6</CSValueName><CSValueRank>1</CSValueRank></CSValue><UnitOfMeasure><UnitOfMeasureCode>4000023</UnitOfMeasureCode><UnitOfMeasureName>-Pieces</UnitOfMeasureName><UnitOfMeasureSymbol>pcs</UnitOfMeasureSymbol></UnitOfMeasure></CSItem><CSItem><CSItemCode>S_0000528</CSItemCode><CSItemName>Product weight</CSItemName><CSItemRank>13</CSItemRank><CSItemIsFreeFormat>1</CSItemIsFreeFormat><CSValue><CSValueCode>VA4007455</CSValueCode><CSValueName>0.09</CSValueName><CSValueRank>1</CSValueRank></CSValue><UnitOfMeasure><UnitOfMeasureCode>3000049</UnitOfMeasureCode><UnitOfMeasureName>kilogram</UnitOfMeasureName><UnitOfMeasureSymbol>kg</UnitOfMeasureSymbol></UnitOfMeasure></CSItem></CSChapter><CSChapter><CSChapterCode>3000815</CSChapterCode><CSChapterName>Accessories</CSChapterName><CSChapterRank>6</CSChapterRank><CSItem><CSItemCode>IT4031891</CSItemCode><CSItemName>Replacement part</CSItemName><CSItemRank>1</CSItemRank><CSItemIsFreeFormat>0</CSItemIsFreeFormat><CSValue><CSValueCode>VA4082048</CSValueCode><CSValueName>Replacement spout SCF246</CSValueName><CSValueRank>1</CSValueRank></CSValue></CSItem></CSChapter><Filters><Purpose type="Comparison"><Features><Feature code="FEA_0002350" rank="1" referenceName="Easy to grip, removable handles"/><Feature code="F400067042" rank="2" referenceName="Soft spout (silicone)"/><Feature code="F400029769" rank="3" referenceName="All parts are dishwasher safe for convenience"/><Feature code="F400035085" rank="4" referenceName="BPA Free"/><Feature code="F400079380" rank="5" referenceName="Philips Avent compatibility (Fox - Trainer cups)"/></Features><CSItems><CSItem code="IT4031891" rank="1" referenceName="Accessories - Replacement part"/><CSItem code="IT4008016" rank="3" referenceName="Development stages - Stages"/><CSItem code="S_0000389" rank="5" referenceName="Weight and dimensions - F-box dimensions"/><CSItem code="IT4022153" rank="7" referenceName="Material - Bottle"/><CSItem code="S_0002360" rank="8" referenceName="Country of origin - England"/><CSItem code="IT4022154" rank="10" referenceName="Material - Nipple"/><CSItem code="S_0000558" rank="11" referenceName="Weight and dimensions - No. of F-boxes in A-box"/><CSItem code="S_0000528" rank="13" referenceName="Weight and dimensions - Product weight"/><CSItem code="IT4010474" rank="16" referenceName="What is included - Bottle to 1st trainer cup"/><CSItem code="IT4016711" rank="17" referenceName="What is included - Snap-on hygienic cap"/><CSItem code="IT4003541" rank="18" referenceName="What is included - Soft, Medium Flow Nipple"/><CSItem code="IT4035347" rank="19" referenceName="What is included - Silicone spout"/></CSItems></Purpose><Purpose type="Detail"><Features><Feature code="FEA_0002350" rank="1" referenceName="Easy to grip, removable handles"/><Feature code="F400067042" rank="2" referenceName="Soft spout (silicone)"/><Feature code="F400029769" rank="3" referenceName="All parts are dishwasher safe for convenience"/><Feature code="F400035085" rank="4" referenceName="BPA Free"/><Feature code="F400079380" rank="5" referenceName="Philips Avent compatibility (Fox - Trainer cups)"/></Features><CSItems><CSItem code="IT4031891" rank="1" referenceName="Accessories - Replacement part"/><CSItem code="IT4008016" rank="3" referenceName="Development stages - Stages"/><CSItem code="S_0000389" rank="5" referenceName="Weight and dimensions - F-box dimensions"/><CSItem code="IT4022153" rank="7" referenceName="Material - Bottle"/><CSItem code="S_0002360" rank="8" referenceName="Country of origin - England"/><CSItem code="IT4022154" rank="10" referenceName="Material - Nipple"/><CSItem code="S_0000558" rank="11" referenceName="Weight and dimensions - No. of F-boxes in A-box"/><CSItem code="S_0000528" rank="13" referenceName="Weight and dimensions - Product weight"/><CSItem code="IT4010474" rank="16" referenceName="What is included - Bottle to 1st trainer cup"/><CSItem code="IT4016711" rank="17" referenceName="What is included - Snap-on hygienic cap"/><CSItem code="IT4003541" rank="18" referenceName="What is included - Soft, Medium Flow Nipple"/><CSItem code="IT4035347" rank="19" referenceName="What is included - Silicone spout"/></CSItems></Purpose></Filters><FeatureCompareGroups/><Disclaimers/><RichTexts/></Product></Products>