<?xml version="1.0" encoding="UTF-8"?><Products xmlns:source="http://apache.org/cocoon/source/1.0" DocStatus="approved" DocTimeStamp="2018-10-24T13:05:13"><Product Country="US" IsAccessory="false" IsMaster="false" Locale="en_US" lastModified="2018-10-24T05:16:14" masterLastModified="2018-05-24T00:44:47"><CTN>SCF563/47</CTN><GTIN>00075020044631</GTIN><MarketingVersion>8.1.1</MarketingVersion><MarketingStatus>Final Published</MarketingStatus><CRDate>2014-10-03</CRDate><CRDateYW>201440</CRDateYW><ModelYears><ModelYear>2014</ModelYear></ModelYears><ProductDivision><ProductDivisionCode>0200</ProductDivisionCode><ProductDivisionName>Consumer Lifestyle</ProductDivisionName><FormerPDCode>0300</FormerPDCode></ProductDivision><ProductOwner>Mikhail Bruev</ProductOwner><DTN>SCF563/47</DTN><Catalog><StartOfPublication>2015-01-01T00:00:00</StartOfPublication><EndOfPublication>2018-11-03T00:00:00</EndOfPublication><StartOfSales>2015-01-01T00:00:00</StartOfSales><EndOfSales>2016-11-03T00:00:00</EndOfSales><DummyPrice>23.49</DummyPrice><Deleted>false</Deleted><DeleteAfterDate/><ProductRank>96</ProductRank></Catalog><FinancialCategorization><BusinessGroupCode>9050</BusinessGroupCode><BusinessGroupName>Health &amp; Wellness</BusinessGroupName><BusinessUnitCode>0362</BusinessUnitCode><BusinessUnitName>Mother &amp; Child Care</BusinessUnitName><MainArticleGroupCode>O35</MainArticleGroupCode><MainArticleGroupName>Infant Feeding Solutions</MainArticleGroupName><ArticleGroupCode>3185</ArticleGroupCode><ArticleGroupName>Bottles</ArticleGroupName></FinancialCategorization><Categorization type="CONSUMER"><GroupCode>MOTHER_AND_CHILD_CARE_GR</GroupCode><GroupName>Mother &amp; child care</GroupName><CategoryCode>BABY_BOTTLES_AND_NIPPLES_CA</CategoryCode><CategoryName>Baby bottles &amp; nipples</CategoryName><SubcategoryCode>MCC_CLASSIC_BOTTLES_SU</SubcategoryCode><SubcategoryName>Classic+ baby bottles</SubcategoryName></Categorization><Assets><Asset code="SCF563_47" description="User manual" extension="pdf" lastModified="2014-06-25" locale="en_US" number="001" type="DFU">http://download.p4c.philips.com/files/s/scf563_47/scf563_47_dfu_aen.pdf</Asset><Asset code="SCF563_47" description="Leaflet" extension="pdf" lastModified="2018-10-01" locale="en_US" number="001" type="PSS">http://download.p4c.philips.com/files/s/scf563_47/scf563_47_pss_aenus.pdf</Asset><Asset code="SCF563_47" description="Retail Trade Leaflet" extension="pdf" lastModified="2018-10-05" locale="en_US" number="001" type="RTL">http://download.p4c.philips.com/files/s/scf563_47/scf563_47_rtl_aenus.pdf</Asset><Asset code="SCF563_47" description="Leaflet" extension="pdf" lastModified="2018-07-23" locale="global" number="001" type="PSS">http://download.p4c.philips.com/files/s/scf563_47/scf563_47_pss_.pdf</Asset><Asset code="SCF563_47" description="Single product shot" extension="" lastModified="2018-10-24" locale="en_US" number="" type="IMS">http://images.philips.com/is/image/PhilipsConsumer/SCF563_47-IMS-en_US</Asset><Asset code="SCF563_47" description="Product gallery image set" extension="" lastModified="2018-10-24" locale="en_US" number="" type="GAL">http://images.philips.com/is/image/PhilipsConsumer/SCF563_47-GAL-en_US</Asset><Asset code="SCF563_47" description="Product URL" extension="" lastModified="2018-10-24" locale="en_US" number="" type="URL">http://www.usa.philips.com/c-p/SCF563_47/avent-classic-plus-baby-bottle</Asset><Asset code="GA_GREEN" description="needs to be blocked as code in CCR Global award logo - master" extension="eps" lastModified="2010-09-22" locale="global" number="001" type="GAL">GA_GREEN-GAL-global-001.eps</Asset><Asset code="GA_GREEN" description="Global award logo - highres 590x590" extension="tif" lastModified="2010-09-22" locale="global" number="001" type="GAP">http://images.philips.com/is/image/PhilipsConsumer/GA_GREEN-GAP-global-001</Asset></Assets><ProductName>4 Bottles 9oz/260ml Classic+ baby bottle</ProductName><FullProductName>Philips Avent Classic+ baby bottle SCF563/47 4 Bottles 9oz/260ml Slow flow nipple 1m+</FullProductName><NamingString><MasterBrand><BrandCode>PHI</BrandCode><BrandName>Philips</BrandName></MasterBrand><Partner><PartnerBrand><BrandCode>AVE</BrandCode><BrandName>Avent</BrandName></PartnerBrand><PartnerBrandType>MakersMark</PartnerBrandType></Partner><BrandString>Philips Avent</BrandString><Descriptor><DescriptorCode>D4026413</DescriptorCode><DescriptorName>Classic+ baby bottle</DescriptorName></Descriptor><Alphanumeric>SCF563/47</Alphanumeric><VersionElement1><VersionElementCode>V4040159</VersionElementCode><VersionElementName>4 Bottles</VersionElementName></VersionElement1><VersionElement2><VersionElementCode>V4024823</VersionElementCode><VersionElementName>9oz/260ml</VersionElementName></VersionElement2><VersionElement3><VersionElementCode>V4035537</VersionElementCode><VersionElementName>Slow flow nipple</VersionElementName></VersionElement3><VersionElement4><VersionElementCode>V4005488</VersionElementCode><VersionElementName>1m+</VersionElementName></VersionElement4><VersionString>4 Bottles 9oz/260ml Slow flow nipple 1m+</VersionString><BrandedFeatureString/><DescriptorBrandedFeatureString>Classic+ baby bottle</DescriptorBrandedFeatureString></NamingString><WOW>Clinically proven to reduce colic and discomfort*</WOW><SubWOW>Designed for uninterrupted feeding</SubWOW><MarketingTextHeader>Our Classic+ bottle's Airflex venting system and textured teat is designed to minimize feeding interruptions and discomfort. With its integrated anti-colic valve, air is vented into the bottle and away from the baby's tummy.</MarketingTextHeader><KeyBenefitArea><KeyBenefitAreaCode>K4028862</KeyBenefitAreaCode><KeyBenefitAreaName>Clinically proven to reduce colic and discomfort*</KeyBenefitAreaName><KeyBenefitAreaRank>1</KeyBenefitAreaRank></KeyBenefitArea><KeyBenefitArea><KeyBenefitAreaCode>K4028863</KeyBenefitAreaCode><KeyBenefitAreaName>Easy to use, clean and assemble</KeyBenefitAreaName><KeyBenefitAreaRank>2</KeyBenefitAreaRank></KeyBenefitArea><KeyBenefitArea><KeyBenefitAreaCode>K4018674</KeyBenefitAreaCode><KeyBenefitAreaName>Other benefits</KeyBenefitAreaName><KeyBenefitAreaRank>3</KeyBenefitAreaRank></KeyBenefitArea><CSChapter><CSChapterCode>CHA_0000098</CSChapterCode><CSChapterName>Material</CSChapterName><CSChapterRank>1</CSChapterRank><CSItem><CSItemCode>IT4022153</CSItemCode><CSItemName>Bottle</CSItemName><CSItemRank>1</CSItemRank><CSItemIsFreeFormat>0</CSItemIsFreeFormat><CSValue><CSValueCode>VA4096666</CSValueCode><CSValueName>BPA free</CSValueName><CSValueRank>1</CSValueRank></CSValue><CSValue><CSValueCode>VA4052667</CSValueCode><CSValueName>Polypropylene</CSValueName><CSValueRank>2</CSValueRank></CSValue></CSItem><CSItem><CSItemCode>IT4039034</CSItemCode><CSItemName>Teat</CSItemName><CSItemRank>2</CSItemRank><CSItemIsFreeFormat>0</CSItemIsFreeFormat><CSValue><CSValueCode>VA4099050</CSValueCode><CSValueName>BPA free</CSValueName><CSValueRank>1</CSValueRank></CSValue><CSValue><CSValueCode>VA4090799</CSValueCode><CSValueName>Silicone</CSValueName><CSValueRank>2</CSValueRank></CSValue></CSItem></CSChapter><CSChapter><CSChapterCode>CHA_0000106</CSChapterCode><CSChapterName>What is included</CSChapterName><CSChapterRank>2</CSChapterRank><CSItem><CSItemCode>IT4003502</CSItemCode><CSItemName>Baby bottle</CSItemName><CSItemRank>1</CSItemRank><CSItemIsFreeFormat>1</CSItemIsFreeFormat><CSValue><CSValueCode>VA4012463</CSValueCode><CSValueName>4</CSValueName><CSValueRank>1</CSValueRank></CSValue><UnitOfMeasure><UnitOfMeasureCode>4000023</UnitOfMeasureCode><UnitOfMeasureName>-Pieces</UnitOfMeasureName><UnitOfMeasureSymbol>pcs</UnitOfMeasureSymbol></UnitOfMeasure></CSItem></CSChapter><CSChapter><CSChapterCode>CH4001527</CSChapterCode><CSChapterName>Bottle</CSChapterName><CSChapterRank>3</CSChapterRank><CSItem><CSItemCode>IT4034835</CSItemCode><CSItemName>Capacity</CSItemName><CSItemRank>1</CSItemRank><CSItemIsFreeFormat>1</CSItemIsFreeFormat><CSValue><CSValueCode>VA4081124</CSValueCode><CSValueName>9oz/260ml</CSValueName><CSValueRank>1</CSValueRank></CSValue></CSItem></CSChapter><CSChapter><CSChapterCode>3001096</CSChapterCode><CSChapterName>Design</CSChapterName><CSChapterRank>5</CSChapterRank><CSItem><CSItemCode>IT4008013</CSItemCode><CSItemName>Bottle design</CSItemName><CSItemRank>1</CSItemRank><CSItemIsFreeFormat>0</CSItemIsFreeFormat><CSValue><CSValueCode>VA4050183</CSValueCode><CSValueName>Ergonomic shape</CSValueName><CSValueRank>1</CSValueRank></CSValue><CSValue><CSValueCode>VA4020039</CSValueCode><CSValueName>Wide neck</CSValueName><CSValueRank>2</CSValueRank></CSValue></CSItem></CSChapter><CSChapter><CSChapterCode>CH4001524</CSChapterCode><CSChapterName>Ease of use</CSChapterName><CSChapterRank>6</CSChapterRank><CSItem><CSItemCode>IT4022151</CSItemCode><CSItemName>Bottle use</CSItemName><CSItemRank>1</CSItemRank><CSItemIsFreeFormat>0</CSItemIsFreeFormat><CSValue><CSValueCode>VA4096533</CSValueCode><CSValueName>Dishwasher &amp; microwave safe</CSValueName><CSValueRank>1</CSValueRank></CSValue><CSValue><CSValueCode>VA4052662</CSValueCode><CSValueName>Easy to assemble</CSValueName><CSValueRank>2</CSValueRank></CSValue><CSValue><CSValueCode>VA4052663</CSValueCode><CSValueName>Easy to clean</CSValueName><CSValueRank>3</CSValueRank></CSValue><CSValue><CSValueCode>VA4052661</CSValueCode><CSValueName>Easy to hold</CSValueName><CSValueRank>4</CSValueRank></CSValue></CSItem></CSChapter><CSChapter><CSChapterCode>CH4001529</CSChapterCode><CSChapterName>Development stages</CSChapterName><CSChapterRank>7</CSChapterRank><CSItem><CSItemCode>IT4008016</CSItemCode><CSItemName>Stages</CSItemName><CSItemRank>1</CSItemRank><CSItemIsFreeFormat>0</CSItemIsFreeFormat><CSValue><CSValueCode>VA4066126</CSValueCode><CSValueName>0-12 months</CSValueName><CSValueRank>1</CSValueRank></CSValue></CSItem></CSChapter><CSChapter><CSChapterCode>CH4001528</CSChapterCode><CSChapterName>Functions</CSChapterName><CSChapterRank>8</CSChapterRank><CSItem><CSItemCode>IT4041571</CSItemCode><CSItemName>Anti-colic valve</CSItemName><CSItemRank>1</CSItemRank><CSItemIsFreeFormat>1</CSItemIsFreeFormat><CSValue><CSValueCode>VA4096525</CSValueCode><CSValueName>Airflex venting system designed to reduce air ingestion</CSValueName><CSValueRank>1</CSValueRank></CSValue></CSItem><CSItem><CSItemCode>IT4042519</CSItemCode><CSItemName>Teat</CSItemName><CSItemRank>2</CSItemRank><CSItemIsFreeFormat>1</CSItemIsFreeFormat><CSValue><CSValueCode>VA4098225</CSValueCode><CSValueName>Easy latch on, Ribbed texture prevents nipple collapse, Proven anti-colic system</CSValueName><CSValueRank>1</CSValueRank></CSValue></CSItem><CSItem><CSItemCode>IT4025959</CSItemCode><CSItemName>Ease of use</CSItemName><CSItemRank>3</CSItemRank><CSItemIsFreeFormat>0</CSItemIsFreeFormat><CSValue><CSValueCode>VA4082853</CSValueCode><CSValueName>easy to clean and assemble</CSValueName><CSValueRank>1</CSValueRank></CSValue><CSValue><CSValueCode>VA4098226</CSValueCode><CSValueName>leak-free design</CSValueName><CSValueRank>2</CSValueRank></CSValue><CSValue><CSValueCode>VA4096526</CSValueCode><CSValueName>4 pieces for easy assembly</CSValueName><CSValueRank>3</CSValueRank></CSValue></CSItem></CSChapter><Filters><Purpose type="Comparison"><Features><Feature code="F400080894" rank="1" referenceName="Less colic (Updated Classic+)"/><Feature code="F400080896" rank="2" referenceName="Less fussing (Updated Classic+)"/><Feature code="F400080898" rank="3" referenceName="Uninterrupted feeding (Updated Classic+)"/><Feature code="F400080901" rank="4" referenceName="Secure latch (Updated Classic+)"/><Feature code="F400080893" rank="5" referenceName="Leak-free design (Updated Classic+)"/><Feature code="F400080897" rank="6" referenceName="Easy to assemble (Updated Classic+)"/><Feature code="F400078971" rank="7" referenceName="Easy to hold (Fox - Classic+)"/><Feature code="F400078973" rank="8" referenceName="Easy to clean (Fox - Classic+)"/><Feature code="F400078967_SCF563_47" rank="9" referenceName="Growing up with your baby (Fox - Classic+)"/><Feature code="F400080895" rank="10" referenceName="BPA free (Updated Classic+)"/><Feature code="F400080902" rank="11" referenceName="Fits your baby's growing needs (Updated Classic+)"/></Features><CSItems><CSItem code="IT4022153" rank="1" referenceName="Material - Bottle"/><CSItem code="IT4003502" rank="1" referenceName="What is included - Baby bottle"/><CSItem code="IT4034835" rank="1" referenceName="Bottle - Capacity"/><CSItem code="IT4008013" rank="1" referenceName="Design - Bottle design"/><CSItem code="IT4022151" rank="1" referenceName="Ease of use - Bottle use"/><CSItem code="IT4008016" rank="1" referenceName="Development stages - Stages"/><CSItem code="IT4041571" rank="1" referenceName="Functions - Anti-colic valve"/><CSItem code="IT4039034" rank="2" referenceName="Material - Teat"/><CSItem code="IT4042519" rank="2" referenceName="Functions - Teat"/><CSItem code="IT4025959" rank="3" referenceName="Functions - Ease of use"/></CSItems></Purpose><Purpose type="Detail"><Features><Feature code="F400080894" rank="1" referenceName="Less colic (Updated Classic+)"/><Feature code="F400080896" rank="2" referenceName="Less fussing (Updated Classic+)"/><Feature code="F400080898" rank="3" referenceName="Uninterrupted feeding (Updated Classic+)"/><Feature code="F400080901" rank="4" referenceName="Secure latch (Updated Classic+)"/><Feature code="F400080893" rank="5" referenceName="Leak-free design (Updated Classic+)"/><Feature code="F400080897" rank="6" referenceName="Easy to assemble (Updated Classic+)"/><Feature code="F400078971" rank="7" referenceName="Easy to hold (Fox - Classic+)"/><Feature code="F400078973" rank="8" referenceName="Easy to clean (Fox - Classic+)"/><Feature code="F400078967_SCF563_47" rank="9" referenceName="Growing up with your baby (Fox - Classic+)"/><Feature code="F400080895" rank="10" referenceName="BPA free (Updated Classic+)"/><Feature code="F400080902" rank="11" referenceName="Fits your baby's growing needs (Updated Classic+)"/></Features><CSItems><CSItem code="IT4022153" rank="1" referenceName="Material - Bottle"/><CSItem code="IT4003502" rank="1" referenceName="What is included - Baby bottle"/><CSItem code="IT4034835" rank="1" referenceName="Bottle - Capacity"/><CSItem code="IT4008013" rank="1" referenceName="Design - Bottle design"/><CSItem code="IT4022151" rank="1" referenceName="Ease of use - Bottle use"/><CSItem code="IT4008016" rank="1" referenceName="Development stages - Stages"/><CSItem code="IT4041571" rank="1" referenceName="Functions - Anti-colic valve"/><CSItem code="IT4039034" rank="2" referenceName="Material - Teat"/><CSItem code="IT4042519" rank="2" referenceName="Functions - Teat"/><CSItem code="IT4025959" rank="3" referenceName="Functions - Ease of use"/></CSItems></Purpose></Filters><FeatureCompareGroups/><Disclaimers><Disclaimer code="DIS40010400" rank="1" referenceName="Fox - Classic+ 1"><DisclaimerText>At 2 weeks of age, babies fed with a Philips Avent bottle showed less colic, and significantly less fussing at night compared to babies fed with another competitor bottle.</DisclaimerText><DisclaimElements/></Disclaimer><Disclaimer code="DIS40011006" rank="2" referenceName="Updated Classic+ - Classic+ 2"><DisclaimerText>Teat design proven to prevent teat collapse and associated air ingestion and feeding interruptions.</DisclaimerText><DisclaimElements/></Disclaimer><Disclaimer code="DIS40011206" rank="3" referenceName="Updated classic+ - Classic+ 3"><DisclaimerText>What colic is, and how it affects babies? Colic is caused in part by swallowing air while feeding, which creates discomfort in a baby’s digestive system. Symptoms include crying and fussing.</DisclaimerText><DisclaimElements/></Disclaimer></Disclaimers><Award AwardType="global"><AwardCode>GA_GREEN</AwardCode><AwardName>Philips Green Logo</AwardName><AwardDescription>Philips Green Products can reduce costs, energy consumption and CO2 emissions. How? They offer a significant environmental improvement in one or more of the Philips Green Focal Areas – Energy efficiency, Packaging, Hazardous substances, Weight, Recycling and disposal and Lifetime reliability.</AwardDescription><AwardText>Philips Green Logo</AwardText><AwardRank>3</AwardRank></Award><ProductReference ProductReferenceType="Accessory"><CTN>SCF135/06</CTN><ProductReferenceRank>0</ProductReferenceRank></ProductReference><ProductReference ProductReferenceType="Accessory"><CTN>SCF135/07</CTN><ProductReferenceRank>0</ProductReferenceRank></ProductReference><ProductReference ProductReferenceType="Accessory"><CTN>SCF145/06</CTN><ProductReferenceRank>0</ProductReferenceRank></ProductReference><ProductReference ProductReferenceType="Accessory"><CTN>SCF145/07</CTN><ProductReferenceRank>0</ProductReferenceRank></ProductReference><ProductReference ProductReferenceType="Accessory"><CTN>SCF145/08</CTN><ProductReferenceRank>0</ProductReferenceRank></ProductReference><ProductReference ProductReferenceType="Accessory"><CTN>SCF145/18</CTN><ProductReferenceRank>0</ProductReferenceRank></ProductReference><ProductReference ProductReferenceType="Accessory"><CTN>SCF149/00</CTN><ProductReferenceRank>0</ProductReferenceRank></ProductReference><ProductReference ProductReferenceType="Accessory"><CTN>SCF631/22</CTN><ProductReferenceRank>0</ProductReferenceRank></ProductReference><ProductReference ProductReferenceType="Accessory"><CTN>SCF631/27</CTN><ProductReferenceRank>0</ProductReferenceRank></ProductReference><ProductReference ProductReferenceType="Accessory"><CTN>SCF631/42</CTN><ProductReferenceRank>0</ProductReferenceRank></ProductReference><ProductReference ProductReferenceType="Accessory"><CTN>SCF632/22</CTN><ProductReferenceRank>0</ProductReferenceRank></ProductReference><ProductReference ProductReferenceType="Accessory"><CTN>SCF632/27</CTN><ProductReferenceRank>0</ProductReferenceRank></ProductReference><ProductReference ProductReferenceType="Accessory"><CTN>SCF632/42</CTN><ProductReferenceRank>0</ProductReferenceRank></ProductReference><ProductReference ProductReferenceType="Accessory"><CTN>SCF633/22</CTN><ProductReferenceRank>0</ProductReferenceRank></ProductReference><ProductReference ProductReferenceType="Accessory"><CTN>SCF633/27</CTN><ProductReferenceRank>0</ProductReferenceRank></ProductReference><ProductReference ProductReferenceType="Accessory"><CTN>SCF633/42</CTN><ProductReferenceRank>0</ProductReferenceRank></ProductReference><ProductReference ProductReferenceType="Accessory"><CTN>SCF634/22</CTN><ProductReferenceRank>0</ProductReferenceRank></ProductReference><ProductReference ProductReferenceType="Accessory"><CTN>SCF634/27</CTN><ProductReferenceRank>0</ProductReferenceRank></ProductReference><ProductReference ProductReferenceType="Accessory"><CTN>SCF634/42</CTN><ProductReferenceRank>0</ProductReferenceRank></ProductReference><ProductReference ProductReferenceType="Accessory"><CTN>SCF635/27</CTN><ProductReferenceRank>0</ProductReferenceRank></ProductReference><ProductReference ProductReferenceType="Accessory"><CTN>SCF635/28</CTN><ProductReferenceRank>0</ProductReferenceRank></ProductReference><ProductReference ProductReferenceType="Accessory"><CTN>SCF635/42</CTN><ProductReferenceRank>0</ProductReferenceRank></ProductReference><ProductReference ProductReferenceType="Accessory"><CTN>SCF636/27</CTN><ProductReferenceRank>0</ProductReferenceRank></ProductReference><ProductReference ProductReferenceType="Accessory"><CTN>SCF639/05</CTN><ProductReferenceRank>0</ProductReferenceRank></ProductReference><RichTexts/></Product></Products>