<?xml version="1.0" encoding="UTF-8"?><Products xmlns:source="http://apache.org/cocoon/source/1.0" DocStatus="approved" DocTimeStamp="2018-10-27T23:56:13"><Product Country="NL" IsAccessory="false" IsLocalized="true" IsMaster="false" Locale="nl_NL" lastModified="2018-10-26T04:44:29" masterLastModified="2018-10-05T00:35:25"><CTN>328P6VUBREB/00</CTN><Code12NC>867000155304</Code12NC><GTIN>8712581752859</GTIN><MarketingVersion>5.1.2</MarketingVersion><MarketingStatus>Final Published</MarketingStatus><CRDate>2018-07-13</CRDate><CRDateYW>201828</CRDateYW><ModelYears><ModelYear>2018</ModelYear><ModelYear>2019</ModelYear></ModelYears><ProductDivision><ProductDivisionCode>0200</ProductDivisionCode><ProductDivisionName>Consumer Lifestyle</ProductDivisionName><FormerPDCode>3400</FormerPDCode></ProductDivision><ProductOwner>Jessica Chang</ProductOwner><DTN>328P6VUBREB/00</DTN><Catalog><StartOfPublication>2018-07-13T00:00:00</StartOfPublication><EndOfPublication>2025-11-13T00:00:00</EndOfPublication><StartOfSales>2018-07-13T00:00:00</StartOfSales><EndOfSales>2025-11-13T00:00:00</EndOfSales><DummyPrice/><Deleted>false</Deleted><DeleteAfterDate/><ProductRank>50</ProductRank></Catalog><FinancialCategorization><BusinessGroupCode>6918</BusinessGroupCode><BusinessGroupName>TV</BusinessGroupName><BusinessUnitCode>0655</BusinessUnitCode><BusinessUnitName>Monitors</BusinessUnitName><MainArticleGroupCode>J89</MainArticleGroupCode><MainArticleGroupName>Monitors</MainArticleGroupName><ArticleGroupCode>3789</ArticleGroupCode><ArticleGroupName>Monitors global</ArticleGroupName></FinancialCategorization><Categorization type="CONSUMER"><GroupCode>SOUND_AND_VISION_GR</GroupCode><GroupName>Sound &amp; vision</GroupName><CategoryCode>SV_MONITORS_CA</CategoryCode><CategoryName>Monitors</CategoryName><SubcategoryCode>ULTRA_WIDE_SU</SubcategoryCode><SubcategoryName>Ultra-wide</SubcategoryName></Categorization><Assets><Asset code="328P6VUBREB_00" description="Single product shot" extension="" lastModified="2018-10-26" locale="nl_NL" number="" type="IMS">http://images.philips.com/is/image/PhilipsConsumer/328P6VUBREB_00-IMS-nl_NL</Asset><Asset code="328P6VUBREB_00" description="Product gallery image set" extension="" lastModified="2018-10-26" locale="nl_NL" number="" type="GAL">http://images.philips.com/is/image/PhilipsConsumer/328P6VUBREB_00-GAL-nl_NL</Asset><Asset code="328P6VUBREB_00" description="Product URL" extension="" lastModified="2018-10-26" locale="nl_NL" number="" type="URL">http://www.philips.nl/c-p/328P6VUBREB_00/brilliance-lcd-monitor-met-usb-c-dock</Asset></Assets><ProductName>P Line LCD-monitor met USB-C-dock</ProductName><FullProductName>Philips Brilliance LCD-monitor met USB-C-dock 328P6VUBREB P Line 32 (80 cm (31,5") diag.) 4K UHD (3840 x 2160)</FullProductName><NamingString><MasterBrand><BrandCode>PHI</BrandCode><BrandName>Philips</BrandName></MasterBrand><BrandString>Philips</BrandString><Concept><ConceptCode>SB30000063</ConceptCode><ConceptName>Brilliance</ConceptName><ConceptNameUsed>1</ConceptNameUsed></Concept><Descriptor><DescriptorCode>D4027635</DescriptorCode><DescriptorName>LCD-monitor met USB-C-dock</DescriptorName></Descriptor><Alphanumeric>328P6VUBREB</Alphanumeric><VersionElement1><VersionElementCode>V4013439</VersionElementCode><VersionElementName>P Line</VersionElementName></VersionElement1><VersionElement2><VersionElementCode>V4042988</VersionElementCode><VersionElementName>32 (80 cm / 31,5" diag.)</VersionElementName></VersionElement2><VersionElement3><VersionElementCode>V4034503</VersionElementCode><VersionElementName>4K UHD (3840 x 2160)</VersionElementName></VersionElement3><VersionString>P Line 32 (80 cm (31,5") diag.) 4K UHD (3840 x 2160)</VersionString><BrandedFeatureString/><DescriptorBrandedFeatureString>LCD-monitor met USB-C-dock</DescriptorBrandedFeatureString></NamingString><WOW>Vereenvoudig uw aansluitingen</WOW><SubWOW>met USB-C-monitor met dock</SubWOW><MarketingTextHeader>Deze Philips Brilliance-monitor met USB-C-dock vermindert kabelwirwar. Geniet van heldere 4K UHD-beelden, maak veilig verbinding met intranet en laad uw notebook op — allemaal tegelijkertijd met één enkele USB-C-kabel.</MarketingTextHeader><KeyBenefitArea><KeyBenefitAreaCode>K4035519</KeyBenefitAreaCode><KeyBenefitAreaName>Eén USB-C-kabelverbinding</KeyBenefitAreaName><KeyBenefitAreaRank>1</KeyBenefitAreaRank><Feature><FeatureCode>F400086793</FeatureCode><FeatureReferenceName>Built in USB-C docking station</FeatureReferenceName><FeatureName>Ingebouwd USB-C-basisstation</FeatureName><FeatureLongDescription>Ingebouwd USB-C-basisstation</FeatureLongDescription><FeatureGlossary>Dit Philips-scherm heeft een ingebouwd USB 3.1 type-C-basisstation met stroomvoorziening. Met de slanke, omkeerbare USB-C-aansluiting kunt u gemakkelijk docken met één kabel. Maak het uzelf gemakkelijker door al uw randapparatuur zoals KB, muis en uw RJ-45-ethernetkabel op het basisstation van de monitor aan te sluiten. Sluit gewoon uw notebook en deze monitor aan met één USB-C-kabel om met een hoge resolutie te bekijken en supersnel gegevens over te brengen. Uw notebook wordt ook nog eens tegelijkertijd van stroom voorzien en opgeladen.</FeatureGlossary><FeatureRank>1</FeatureRank><FeatureTopRank>1</FeatureTopRank></Feature><Feature><FeatureCode>F400086794</FeatureCode><FeatureReferenceName>Connect your notebook with one USB-C cable</FeatureReferenceName><FeatureName>Sluit uw notebook aan met de USB-C-kabel</FeatureName><FeatureLongDescription>Sluit uw notebook aan met één USB-C-kabel</FeatureLongDescription><FeatureRank>2</FeatureRank><FeatureTopRank>2</FeatureTopRank></Feature><Feature><FeatureCode>F400086795</FeatureCode><FeatureReferenceName>Power and re-charge compatible notebook from the monitor</FeatureReferenceName><FeatureName>Voorzie uw notebook van stroom en laad deze op</FeatureName><FeatureLongDescription>Voorzie een compatibel notebook van stroom en laad deze op via de monitor</FeatureLongDescription><FeatureGlossary>Deze monitor heeft een ingebouwde USB-C-aansluiting die apparaten van stroom kan voorzien. Met intelligent en flexibel energiebeheer kunt u uw compatibele* notebook nu rechtstreeks vanaf de monitor van stroom voorzien of opladen met één enkele USB-C-kabel.</FeatureGlossary><FeatureRank>3</FeatureRank><FeatureTopRank>3</FeatureTopRank></Feature><Feature><FeatureCode>F400086797</FeatureCode><FeatureReferenceName>USB 3.1 high speed data transfer</FeatureReferenceName><FeatureName>Razendsnelle gegevensoverdracht</FeatureName><FeatureLongDescription>Razendsnelle gegevensoverdracht via USB 3.1</FeatureLongDescription><FeatureRank>4</FeatureRank><FeatureTopRank>4</FeatureTopRank></Feature><Feature><FeatureCode>F400086798</FeatureCode><FeatureReferenceName>Built in RJ-45 ethernet gives data security</FeatureReferenceName><FeatureName>Ingebouwd RJ-45-ethernet</FeatureName><FeatureLongDescription>Ingebouwd RJ-45-ethernet zorgt voor gegevensbeveiliging</FeatureLongDescription><FeatureRank>5</FeatureRank><FeatureTopRank>5</FeatureTopRank></Feature></KeyBenefitArea><KeyBenefitArea><KeyBenefitAreaCode>K4034895</KeyBenefitAreaCode><KeyBenefitAreaName>Levensechte beelden met rijke kleuren</KeyBenefitAreaName><KeyBenefitAreaRank>2</KeyBenefitAreaRank><Feature><FeatureCode>F400082707</FeatureCode><FeatureReferenceName>HDR_monitor</FeatureReferenceName><FeatureName>High Dynamic Range (HDR)</FeatureName><FeatureLongDescription>High Dynamic Range (HDR) voor meer levensechte kleurrijke beelden</FeatureLongDescription><FeatureGlossary>High Dynamic Range zorgt voor een compleet andere visuele ervaring. Beelden komen met verbluffende helderheid, ongekend contrast en fascinerende kleuren tot leven. Naast de grote helderheid krijgen de donkere elementen veel meer diepte en nuance. De rijkere schakering van nieuwe kleuren die u niet eerder op TV hebt gezien, sleept u mee in een visuele ervaring die uw zintuigen prikkelen en emoties opwekken.</FeatureGlossary><FeatureRank>1</FeatureRank><FeatureTopRank>6</FeatureTopRank></Feature><Feature><FeatureCode>F400078908</FeatureCode><FeatureReferenceName>Ultra Wide-Color Technology</FeatureReferenceName><FeatureName>Ultra Wide-Color-technologie</FeatureName><FeatureLongDescription>Ultra Wide-Color met nog meer kleuren voor een levendig beeld</FeatureLongDescription><FeatureGlossary>Ultra Wide-Color-technologie levert een breder spectrum aan kleuren voor een schitterend beeld. Het bredere 'kleurengamma' van Ultra Wide-Color produceert meer natuurlijk uitziend groen, levendiger rood en dieper blauw. Breng mediaentertainment, afbeeldingen en zelfs productiviteit tot leven met de intense kleuren van de Ultra Wide-Color-technologie.</FeatureGlossary><FeatureRank>2</FeatureRank><FeatureTopRank>7</FeatureTopRank></Feature><Feature><FeatureCode>F400068330</FeatureCode><FeatureReferenceName>10-bit colors</FeatureReferenceName><FeatureName>10-bits kleuren</FeatureName><FeatureLongDescription>1,074 miljard kleuren voor vloeiende kleurgradaties en detail</FeatureLongDescription><FeatureGlossary>De 10-bits weergave biedt een rijke kleurdiepte met 1,074 miljard kleuren en 12-bits interne verwerking voor het reproduceren van vloeiende, natuurlijke kleuren zonder gradaties en gekleurde strepen.</FeatureGlossary><FeatureRank>3</FeatureRank><FeatureTopRank>8</FeatureTopRank></Feature><Feature><FeatureCode>F400064846</FeatureCode><FeatureReferenceName>UltraClear 4K UHD (3840x2160) resolution for precision</FeatureReferenceName><FeatureName>UltraClear 4K UHD-resolutie</FeatureName><FeatureLongDescription>UltraClear 4K UHD-resolutie (3840 x 2160) voor precisie</FeatureLongDescription><FeatureGlossary>De nieuwste Philips-schermen hebben hoogwaardige panelen voor ultraheldere beelden met een resolutie van 4K UHD (3840 X 2160). Of u nu een veeleisende professional bent die uiterst gedetailleerde beelden voor CAD-oplossingen nodig heeft, grafische 3D-toepassingen gebruikt of een financieel expert bent die met enorme spreadsheets werkt, de schermen van Philips laten de beelden tot leven komen.</FeatureGlossary><FeatureRank>4</FeatureRank><FeatureTopRank>9</FeatureTopRank></Feature><Feature><FeatureCode>F400078929</FeatureCode><FeatureReferenceName>LowBlue Mode</FeatureReferenceName><FeatureName>LowBlue-modus</FeatureName><FeatureLongDescription>LowBlue-modus voor oogvriendelijke productiviteit</FeatureLongDescription><FeatureGlossary>Onderzoek heeft aangetoond dat de blauwe lichtstralen met een korte golflengte van LED-displays, net als ultravioletstralen, na een tijdje uw ogen kunnen beschadigen en uw gezichtsvermogen kunnen aantasten. De LowBlue-modus van Philips is ontwikkeld voor uw welzijn en maakt gebruik van slimme softwaretechnologie om schadelijk blauw licht met een korte golflengte te verminderen.</FeatureGlossary><FeatureRank>5</FeatureRank><FeatureTopRank>10</FeatureTopRank></Feature></KeyBenefitArea><KeyBenefitArea><KeyBenefitAreaCode>K4029064</KeyBenefitAreaCode><KeyBenefitAreaName>Ontworpen voor uw manier van werken</KeyBenefitAreaName><KeyBenefitAreaRank>3</KeyBenefitAreaRank><Feature><FeatureCode>F400048347</FeatureCode><FeatureReferenceName>MultiView technology</FeatureReferenceName><FeatureName>MultiView-technologie</FeatureName><FeatureLongDescription>MultiView maakt actieve tweevoudige verbinding en weergave tegelijkertijd mogelijk</FeatureLongDescription><FeatureGlossary>Door het Philips Multiview-display legt u heel eenvoudig een verbinding met de buitenwereld, thuis of op kantoor. MultiView ondersteunt twee actieve verbindingen en geeft die tegelijkertijd weer zodat u met verschillende apparaten zoals PC en laptop gelijktijdig zij-aan-zij kunt werken. Multitasking wordt zo een fluitje van een cent. Kijk live voetbal van uw satellietontvanger aan de rechterkant van het scherm en browse via uw laptop op internet aan de linkerkant. Of misschien wilt u wel het actuele nieuws met geluid bijhouden in een klein venstertje, terwijl u werkt aan uw blog.</FeatureGlossary><FeatureRank>1</FeatureRank><FeatureTopRank>11</FeatureTopRank></Feature><Feature><FeatureCode>F400035325</FeatureCode><FeatureReferenceName>SmartErgoBase</FeatureReferenceName><FeatureName>SmartErgoBase</FeatureName><FeatureLongDescription>SmartErgoBase maakt gebruiksvriendelijke, ergonomische aanpassingen mogelijk</FeatureLongDescription><FeatureGlossary>De SmartErgoBase-monitorvoet biedt ergonomisch kijkcomfort en kabelbeheer. De gebruiksvriendelijke voet is in hoogte en hoek verstelbaar en heeft een kantel- en zwenkfunctie voor maximaal comfort, om de fysieke ongemakken van een lange werkdag te verminderen. Het kabelbeheersysteem voorkomt dat kabels in de knoop raken, zodat uw werkplek er netjes en professioneel uitziet.</FeatureGlossary><FeatureRank>2</FeatureRank><FeatureTopRank>12</FeatureTopRank></Feature><Feature><FeatureCode>F400035281</FeatureCode><FeatureReferenceName>Built-in stereo speakers for multimedia</FeatureReferenceName><FeatureName>Ingebouwde stereoluidsprekers</FeatureName><FeatureLongDescription>Ingebouwde stereoluidsprekers voor multimedia</FeatureLongDescription><FeatureGlossary>Er zijn twee stereoluidsprekers van hoge kwaliteit geïntegreerd in het beeldscherm. Deze kunnen in het zicht naar voren of uit het zicht omlaag, omhoog, naar achteren, enz. gericht zijn, afhankelijk van het model en het ontwerp.</FeatureGlossary><FeatureRank>3</FeatureRank><FeatureTopRank>13</FeatureTopRank></Feature></KeyBenefitArea><FeatureLogo><FeatureCode>F400077479</FeatureCode><FeatureReferenceName>All your connections through one USB-C cable</FeatureReferenceName><FeatureLogoRank>4</FeatureLogoRank></FeatureLogo><FeatureLogo><FeatureCode>F400085571</FeatureCode><FeatureReferenceName>HDR_600</FeatureReferenceName><FeatureLogoRank>5</FeatureLogoRank></FeatureLogo><FeatureLogo><FeatureCode>F400064846</FeatureCode><FeatureReferenceName>UltraClear 4K UHD (3840x2160) resolution for precision</FeatureReferenceName><FeatureLogoRank>6</FeatureLogoRank></FeatureLogo><FeatureLogo><FeatureCode>F400078929</FeatureCode><FeatureReferenceName>LowBlue Mode</FeatureReferenceName><FeatureLogoRank>7</FeatureLogoRank></FeatureLogo><FeatureLogo><FeatureCode>F400048347</FeatureCode><FeatureReferenceName>MultiView technology</FeatureReferenceName><FeatureLogoRank>8</FeatureLogoRank></FeatureLogo><FeatureLogo><FeatureCode>F400035325</FeatureCode><FeatureReferenceName>SmartErgoBase</FeatureReferenceName><FeatureLogoRank>9</FeatureLogoRank></FeatureLogo><FeatureLogo><FeatureCode>F400046070</FeatureCode><FeatureReferenceName>Ethernet</FeatureReferenceName><FeatureLogoRank>10</FeatureLogoRank></FeatureLogo><FeatureLogo><FeatureCode>F400016234</FeatureCode><FeatureReferenceName>HDMI Ready</FeatureReferenceName><FeatureLogoRank>11</FeatureLogoRank></FeatureLogo><FeatureLogo><FeatureCode>F300004082</FeatureCode><FeatureReferenceName>Built-in speakers (business)</FeatureReferenceName><FeatureLogoRank>12</FeatureLogoRank></FeatureLogo><FeatureLogo><FeatureCode>F400067665</FeatureCode><FeatureReferenceName>Flicker-free technology</FeatureReferenceName><FeatureLogoRank>13</FeatureLogoRank></FeatureLogo><FeatureLogo><FeatureCode>F400068388</FeatureCode><FeatureReferenceName>USB 3.0 x 4_SS_logo</FeatureReferenceName><FeatureLogoRank>14</FeatureLogoRank></FeatureLogo><FeatureLogo><FeatureCode>F400035279</FeatureCode><FeatureReferenceName>TCO Edge</FeatureReferenceName><FeatureLogoRank>15</FeatureLogoRank></FeatureLogo><FeatureLogo><FeatureCode>F400079302</FeatureCode><FeatureReferenceName>VA display_178</FeatureReferenceName><FeatureLogoRank>16</FeatureLogoRank></FeatureLogo><FeatureImage><FeatureCode>F400086793</FeatureCode><FeatureReferenceName>Built in USB-C docking station</FeatureReferenceName><FeatureImageRank>1</FeatureImageRank></FeatureImage><FeatureImage><FeatureCode>F400086795</FeatureCode><FeatureReferenceName>Power and re-charge compatible notebook from the monitor</FeatureReferenceName><FeatureImageRank>3</FeatureImageRank></FeatureImage><FeatureImage><FeatureCode>F400082707</FeatureCode><FeatureReferenceName>HDR_monitor</FeatureReferenceName><FeatureImageRank>6</FeatureImageRank></FeatureImage><FeatureImage><FeatureCode>F400078908</FeatureCode><FeatureReferenceName>Ultra Wide-Color Technology</FeatureReferenceName><FeatureImageRank>7</FeatureImageRank></FeatureImage><FeatureImage><FeatureCode>F400068330</FeatureCode><FeatureReferenceName>10-bit colors</FeatureReferenceName><FeatureImageRank>8</FeatureImageRank></FeatureImage><FeatureImage><FeatureCode>F400064846</FeatureCode><FeatureReferenceName>UltraClear 4K UHD (3840x2160) resolution for precision</FeatureReferenceName><FeatureImageRank>9</FeatureImageRank></FeatureImage><FeatureImage><FeatureCode>F400078929</FeatureCode><FeatureReferenceName>LowBlue Mode</FeatureReferenceName><FeatureImageRank>10</FeatureImageRank></FeatureImage><FeatureImage><FeatureCode>F400048347</FeatureCode><FeatureReferenceName>MultiView technology</FeatureReferenceName><FeatureImageRank>11</FeatureImageRank></FeatureImage><FeatureImage><FeatureCode>F400035325</FeatureCode><FeatureReferenceName>SmartErgoBase</FeatureReferenceName><FeatureImageRank>12</FeatureImageRank></FeatureImage><FeatureImage><FeatureCode>F400035281</FeatureCode><FeatureReferenceName>Built-in stereo speakers for multimedia</FeatureReferenceName><FeatureImageRank>13</FeatureImageRank></FeatureImage><FeatureHighlight><FeatureCode>F400086793</FeatureCode><FeatureReferenceName>Built in USB-C docking station</FeatureReferenceName><FeatureHighlightRank>1</FeatureHighlightRank></FeatureHighlight><FeatureHighlight><FeatureCode>F400086795</FeatureCode><FeatureReferenceName>Power and re-charge compatible notebook from the monitor</FeatureReferenceName><FeatureHighlightRank>3</FeatureHighlightRank></FeatureHighlight><FeatureHighlight><FeatureCode>F400082707</FeatureCode><FeatureReferenceName>HDR_monitor</FeatureReferenceName><FeatureHighlightRank>6</FeatureHighlightRank></FeatureHighlight><FeatureHighlight><FeatureCode>F400078908</FeatureCode><FeatureReferenceName>Ultra Wide-Color Technology</FeatureReferenceName><FeatureHighlightRank>7</FeatureHighlightRank></FeatureHighlight><FeatureHighlight><FeatureCode>F400068330</FeatureCode><FeatureReferenceName>10-bit colors</FeatureReferenceName><FeatureHighlightRank>8</FeatureHighlightRank></FeatureHighlight><FeatureHighlight><FeatureCode>F400064846</FeatureCode><FeatureReferenceName>UltraClear 4K UHD (3840x2160) resolution for precision</FeatureReferenceName><FeatureHighlightRank>9</FeatureHighlightRank></FeatureHighlight><FeatureHighlight><FeatureCode>F400078929</FeatureCode><FeatureReferenceName>LowBlue Mode</FeatureReferenceName><FeatureHighlightRank>10</FeatureHighlightRank></FeatureHighlight><FeatureHighlight><FeatureCode>F400048347</FeatureCode><FeatureReferenceName>MultiView technology</FeatureReferenceName><FeatureHighlightRank>11</FeatureHighlightRank></FeatureHighlight><FeatureHighlight><FeatureCode>F400035325</FeatureCode><FeatureReferenceName>SmartErgoBase</FeatureReferenceName><FeatureHighlightRank>12</FeatureHighlightRank></FeatureHighlight><FeatureHighlight><FeatureCode>F400035281</FeatureCode><FeatureReferenceName>Built-in stereo speakers for multimedia</FeatureReferenceName><FeatureHighlightRank>13</FeatureHighlightRank></FeatureHighlight><CSChapter><CSChapterCode>3000796</CSChapterCode><CSChapterName>Beeld/scherm</CSChapterName><CSChapterRank>1</CSChapterRank><CSItem><CSItemCode>3006169</CSItemCode><CSItemName>Type LCD-scherm</CSItemName><CSItemRank>1</CSItemRank><CSItemIsFreeFormat>0</CSItemIsFreeFormat><CSValue><CSValueCode>VA4083614</CSValueCode><CSValueName>VA LCD</CSValueName><CSValueRank>1</CSValueRank></CSValue></CSItem><CSItem><CSItemCode>IT4007209</CSItemCode><CSItemName>Type achtergrondverlichting</CSItemName><CSItemRank>2</CSItemRank><CSItemIsFreeFormat>1</CSItemIsFreeFormat><CSValue><CSValueCode>VA4018797</CSValueCode><CSValueName>W-LED-systeem</CSValueName><CSValueRank>1</CSValueRank></CSValue></CSItem><CSItem><CSItemCode>3006180</CSItemCode><CSItemName>Schermgrootte</CSItemName><CSItemRank>3</CSItemRank><CSItemIsFreeFormat>1</CSItemIsFreeFormat><CSValue><CSValueCode>3031218</CSValueCode><CSValueName>31,5 inch / 80 cm</CSValueName><CSValueRank>1</CSValueRank></CSValue></CSItem><CSItem><CSItemCode>IT4044130</CSItemCode><CSItemName>Displaycoating</CSItemName><CSItemRank>4</CSItemRank><CSItemIsFreeFormat>1</CSItemIsFreeFormat><CSValue><CSValueCode>VA4101537</CSValueCode><CSValueName>Antireflectie, 3H, waas 25%</CSValueName><CSValueRank>1</CSValueRank></CSValue></CSItem><CSItem><CSItemCode>3006149</CSItemCode><CSItemName>Effectief weergavegebied</CSItemName><CSItemRank>5</CSItemRank><CSItemIsFreeFormat>1</CSItemIsFreeFormat><CSValue><CSValueCode>3031161</CSValueCode><CSValueName>698,4 x 392,85 (h x v)</CSValueName><CSValueRank>1</CSValueRank></CSValue></CSItem><CSItem><CSItemCode>3006121</CSItemCode><CSItemName>Beeldformaat</CSItemName><CSItemRank>6</CSItemRank><CSItemIsFreeFormat>0</CSItemIsFreeFormat><CSValue><CSValueCode>3031098</CSValueCode><CSValueName>16:9</CSValueName><CSValueRank>1</CSValueRank></CSValue></CSItem><CSItem><CSItemCode>3006193</CSItemCode><CSItemName>Optimale resolutie</CSItemName><CSItemRank>7</CSItemRank><CSItemIsFreeFormat>1</CSItemIsFreeFormat><CSValue><CSValueCode>3031277</CSValueCode><CSValueName>3840 x 2160 bij 60 Hz</CSValueName><CSValueRank>1</CSValueRank></CSValue></CSItem><CSItem><CSItemCode>IT4041772</CSItemCode><CSItemName>Pixeldichtheid</CSItemName><CSItemRank>8</CSItemRank><CSItemIsFreeFormat>1</CSItemIsFreeFormat><CSValue><CSValueCode>VA4096901</CSValueCode><CSValueName>139,87 PPI</CSValueName><CSValueRank>1</CSValueRank></CSValue></CSItem><CSItem><CSItemCode>IT4039893</CSItemCode><CSItemName>Responstijd (normaal)</CSItemName><CSItemRank>9</CSItemRank><CSItemIsFreeFormat>1</CSItemIsFreeFormat><CSValue><CSValueCode>VA4093235</CSValueCode><CSValueName>4 ms (grijs naar grijs)*</CSValueName><CSValueRank>1</CSValueRank></CSValue></CSItem><CSItem><CSItemCode>IT4042982</CSItemCode><CSItemName>Helderheid</CSItemName><CSItemRank>10</CSItemRank><CSItemIsFreeFormat>1</CSItemIsFreeFormat><CSValue><CSValueCode>VA4099314</CSValueCode><CSValueName>600 cd/m² (maximaal)*</CSValueName><CSValueRank>1</CSValueRank></CSValue></CSItem><CSItem><CSItemCode>3006133</CSItemCode><CSItemName>Contrastverhouding (normaal)</CSItemName><CSItemRank>11</CSItemRank><CSItemIsFreeFormat>1</CSItemIsFreeFormat><CSValue><CSValueCode>3031116</CSValueCode><CSValueName>3000:1</CSValueName><CSValueRank>1</CSValueRank></CSValue></CSItem><CSItem><CSItemCode>IT4006148</CSItemCode><CSItemName>SmartContrast</CSItemName><CSItemRank>12</CSItemRank><CSItemIsFreeFormat>1</CSItemIsFreeFormat><CSValue><CSValueCode>VA4017351</CSValueCode><CSValueName>80.000.000:1</CSValueName><CSValueRank>1</CSValueRank></CSValue></CSItem><CSItem><CSItemCode>3006186</CSItemCode><CSItemName>Pixelpitch</CSItemName><CSItemRank>13</CSItemRank><CSItemIsFreeFormat>1</CSItemIsFreeFormat><CSValue><CSValueCode>3031270</CSValueCode><CSValueName>0,181 x 0,181 mm</CSValueName><CSValueRank>1</CSValueRank></CSValue></CSItem><CSItem><CSItemCode>3007518</CSItemCode><CSItemName>Kijkhoek</CSItemName><CSItemRank>14</CSItemRank><CSItemIsFreeFormat>0</CSItemIsFreeFormat><CSValue><CSValueCode>VA4002901</CSValueCode><CSValueName>178º (H)/178º (V)</CSValueName><CSValueRank>1</CSValueRank></CSValue><CSValue><CSValueCode>3035028</CSValueCode><CSValueName>bij C/R &gt; 10</CSValueName><CSValueRank>2</CSValueRank></CSValue></CSItem><CSItem><CSItemCode>IT4036934</CSItemCode><CSItemName>Trillingsvrij</CSItemName><CSItemRank>15</CSItemRank><CSItemIsFreeFormat>1</CSItemIsFreeFormat><CSValue><CSValueCode>VA4085801</CSValueCode><CSValueName>Ja</CSValueName><CSValueRank>1</CSValueRank></CSValue></CSItem><CSItem><CSItemCode>3006183</CSItemCode><CSItemName>Beeldverbetering</CSItemName><CSItemRank>16</CSItemRank><CSItemIsFreeFormat>0</CSItemIsFreeFormat><CSValue><CSValueCode>3049169</CSValueCode><CSValueName>SmartImage</CSValueName><CSValueRank>1</CSValueRank></CSValue></CSItem><CSItem><CSItemCode>3006143</CSItemCode><CSItemName>Schermkleuren</CSItemName><CSItemRank>17</CSItemRank><CSItemIsFreeFormat>1</CSItemIsFreeFormat><CSValue><CSValueCode>3031126</CSValueCode><CSValueName>Kleurondersteuning 1,07 miljard kleuren</CSValueName><CSValueRank>1</CSValueRank></CSValue></CSItem><CSItem><CSItemCode>IT4044592</CSItemCode><CSItemName>Kleurenbereik (min.)</CSItemName><CSItemRank>18</CSItemRank><CSItemIsFreeFormat>1</CSItemIsFreeFormat><CSValue><CSValueCode>VA4102434</CSValueCode><CSValueName>BT. 709-dekking: 100%*; DCI-P3-dekking: 98%*</CSValueName><CSValueRank>1</CSValueRank></CSValue></CSItem><CSItem><CSItemCode>IT4034031</CSItemCode><CSItemName>Kleurenbereik (standaard)</CSItemName><CSItemRank>19</CSItemRank><CSItemIsFreeFormat>1</CSItemIsFreeFormat><CSValue><CSValueCode>VA4079201</CSValueCode><CSValueName>NTSC 116%*, sRGB 138%*, Adobe RGB 94%*</CSValueName><CSValueRank>1</CSValueRank></CSValue></CSItem><CSItem><CSItemCode>IT4043471</CSItemCode><CSItemName>HDR</CSItemName><CSItemRank>20</CSItemRank><CSItemIsFreeFormat>1</CSItemIsFreeFormat><CSValue><CSValueCode>VA4100179</CSValueCode><CSValueName>DisplayHDR 600 (DP/HDMI)</CSValueName><CSValueRank>1</CSValueRank></CSValue></CSItem><CSItem><CSItemCode>IT4006149</CSItemCode><CSItemName>Scanfrequentie</CSItemName><CSItemRank>21</CSItemRank><CSItemIsFreeFormat>1</CSItemIsFreeFormat><CSValue><CSValueCode>VA4017352</CSValueCode><CSValueName>30 - 160 kHz (H) / 23 - 80 Hz (V)</CSValueName><CSValueRank>1</CSValueRank></CSValue></CSItem><CSItem><CSItemCode>IT4044021</CSItemCode><CSItemName>SmartUniformity</CSItemName><CSItemRank>22</CSItemRank><CSItemIsFreeFormat>1</CSItemIsFreeFormat><CSValue><CSValueCode>VA4101353</CSValueCode><CSValueName>95% ~ 103%</CSValueName><CSValueRank>1</CSValueRank></CSValue></CSItem><CSItem><CSItemCode>IT4036067</CSItemCode><CSItemName>Delta E</CSItemName><CSItemRank>23</CSItemRank><CSItemIsFreeFormat>1</CSItemIsFreeFormat><CSValue><CSValueCode>VA4083929</CSValueCode><CSValueName>&lt; 2</CSValueName><CSValueRank>1</CSValueRank></CSValue></CSItem><CSItem><CSItemCode>3006207</CSItemCode><CSItemName>sRGB</CSItemName><CSItemRank>24</CSItemRank><CSItemIsFreeFormat>1</CSItemIsFreeFormat><CSValue><CSValueCode>3031306</CSValueCode><CSValueName>Ja</CSValueName><CSValueRank>1</CSValueRank></CSValue></CSItem><CSItem><CSItemCode>IT4042826</CSItemCode><CSItemName>LowBlue-modus</CSItemName><CSItemRank>25</CSItemRank><CSItemIsFreeFormat>1</CSItemIsFreeFormat><CSValue><CSValueCode>VA4098941</CSValueCode><CSValueName>Ja</CSValueName><CSValueRank>1</CSValueRank></CSValue></CSItem><CSItem><CSItemCode>IT4042894</CSItemCode><CSItemName>EasyRead</CSItemName><CSItemRank>26</CSItemRank><CSItemIsFreeFormat>1</CSItemIsFreeFormat><CSValue><CSValueCode>VA4099133</CSValueCode><CSValueName>Ja</CSValueName><CSValueRank>1</CSValueRank></CSValue></CSItem></CSChapter><CSChapter><CSChapterCode>3000813</CSChapterCode><CSChapterName>Connectiviteit</CSChapterName><CSChapterRank>2</CSChapterRank><CSItem><CSItemCode>IT4034051</CSItemCode><CSItemName>Signaalinvoer</CSItemName><CSItemRank>1</CSItemRank><CSItemIsFreeFormat>1</CSItemIsFreeFormat><CSValue><CSValueCode>VA4079225</CSValueCode><CSValueName>DisplayPort 1.4 x 1, HDMI 2.0 x 2, USB-C 3.1 Gen 1 x 1 (upstream, levering vermogen tot 60 W), USB 3.0 x 4 (downstream, 1 met snel opladen BC 1.2)*</CSValueName><CSValueRank>1</CSValueRank></CSValue></CSItem><CSItem><CSItemCode>3006588</CSItemCode><CSItemName>Gesynchroniseerde invoer</CSItemName><CSItemRank>2</CSItemRank><CSItemIsFreeFormat>0</CSItemIsFreeFormat><CSValue><CSValueCode>3032392</CSValueCode><CSValueName>Aparte synchronisatie</CSValueName><CSValueRank>1</CSValueRank></CSValue><CSValue><CSValueCode>3032393</CSValueCode><CSValueName>Synchronisatie op groen</CSValueName><CSValueRank>2</CSValueRank></CSValue></CSItem><CSItem><CSItemCode>IT4005621</CSItemCode><CSItemName>Audio (in/uit)</CSItemName><CSItemRank>3</CSItemRank><CSItemIsFreeFormat>0</CSItemIsFreeFormat><CSValue><CSValueCode>VA4025083</CSValueCode><CSValueName>Audio-ingang voor PC</CSValueName><CSValueRank>1</CSValueRank></CSValue><CSValue><CSValueCode>VA4025085</CSValueCode><CSValueName>Hoofdtelefoonuitgang</CSValueName><CSValueRank>2</CSValueRank></CSValue></CSItem><CSItem><CSItemCode>IT4027692</CSItemCode><CSItemName>RJ45</CSItemName><CSItemRank>4</CSItemRank><CSItemIsFreeFormat>1</CSItemIsFreeFormat><CSValue><CSValueCode>VA4064962</CSValueCode><CSValueName>Ethernet-LAN (10M/100M/1G)</CSValueName><CSValueRank>1</CSValueRank></CSValue></CSItem></CSChapter><CSChapter><CSChapterCode>CH4009825</CSChapterCode><CSChapterName>USB-C-dock</CSChapterName><CSChapterRank>3</CSChapterRank><CSItem><CSItemCode>IT4044826</CSItemCode><CSItemName>USB-C</CSItemName><CSItemRank>1</CSItemRank><CSItemIsFreeFormat>1</CSItemIsFreeFormat><CSValue><CSValueCode>VA4102793</CSValueCode><CSValueName>Omkeerbare stekkeraansluiting</CSValueName><CSValueRank>1</CSValueRank></CSValue></CSItem><CSItem><CSItemCode>IT4044827</CSItemCode><CSItemName>Supersnel</CSItemName><CSItemRank>2</CSItemRank><CSItemIsFreeFormat>1</CSItemIsFreeFormat><CSValue><CSValueCode>VA4102794</CSValueCode><CSValueName>Gegevens- en video-overdracht</CSValueName><CSValueRank>1</CSValueRank></CSValue></CSItem><CSItem><CSItemCode>IT4044828</CSItemCode><CSItemName>DP</CSItemName><CSItemRank>3</CSItemRank><CSItemIsFreeFormat>1</CSItemIsFreeFormat><CSValue><CSValueCode>VA4102795</CSValueCode><CSValueName>Ingebouwde DisplayPort Alt-modus</CSValueName><CSValueRank>1</CSValueRank></CSValue></CSItem><CSItem><CSItemCode>IT4044829</CSItemCode><CSItemName>Stroomvoorziening</CSItemName><CSItemRank>4</CSItemRank><CSItemIsFreeFormat>1</CSItemIsFreeFormat><CSValue><CSValueCode>VA4102796</CSValueCode><CSValueName>USB PD versie 2.0</CSValueName><CSValueRank>1</CSValueRank></CSValue></CSItem><CSItem><CSItemCode>IT4044830</CSItemCode><CSItemName>Max. stroomvoorziening</CSItemName><CSItemRank>5</CSItemRank><CSItemIsFreeFormat>1</CSItemIsFreeFormat><CSValue><CSValueCode>VA4102797</CSValueCode><CSValueName>Tot 60 W (5 V/3 A; 7 V/3 A; 9 V/3 A; 12 V/3 A; 15 V/3 A; 20 V/3 A)</CSValueName><CSValueRank>1</CSValueRank></CSValue></CSItem></CSChapter><CSChapter><CSChapterCode>3000814</CSChapterCode><CSChapterName>Comfort</CSChapterName><CSChapterRank>4</CSChapterRank><CSItem><CSItemCode>IT4014853</CSItemCode><CSItemName>Ingebouwde luidsprekers</CSItemName><CSItemRank>1</CSItemRank><CSItemIsFreeFormat>1</CSItemIsFreeFormat><CSValue><CSValueCode>VA4028064</CSValueCode><CSValueName>3 W x 2</CSValueName><CSValueRank>1</CSValueRank></CSValue></CSItem><CSItem><CSItemCode>IT4027495</CSItemCode><CSItemName>MultiView</CSItemName><CSItemRank>2</CSItemRank><CSItemIsFreeFormat>0</CSItemIsFreeFormat><CSValue><CSValueCode>VA4064597</CSValueCode><CSValueName>PIP/PBP-modus</CSValueName><CSValueRank>1</CSValueRank></CSValue><CSValue><CSValueCode>VA4064598</CSValueCode><CSValueName>2 apparaten</CSValueName><CSValueRank>2</CSValueRank></CSValue></CSItem><CSItem><CSItemCode>3006633</CSItemCode><CSItemName>Gebruikersgemak</CSItemName><CSItemRank>3</CSItemRank><CSItemIsFreeFormat>0</CSItemIsFreeFormat><CSValue><CSValueCode>VA4015428</CSValueCode><CSValueName>SmartImage</CSValueName><CSValueRank>1</CSValueRank></CSValue><CSValue><CSValueCode>VA4059903</CSValueCode><CSValueName>Multi-view</CSValueName><CSValueRank>2</CSValueRank></CSValue><CSValue><CSValueCode>VA4063165</CSValueCode><CSValueName>Gebruiker</CSValueName><CSValueRank>3</CSValueRank></CSValue><CSValue><CSValueCode>VA4017357</CSValueCode><CSValueName>Menu</CSValueName><CSValueRank>4</CSValueRank></CSValue><CSValue><CSValueCode>VA4017554</CSValueCode><CSValueName>Aan/Uit</CSValueName><CSValueRank>5</CSValueRank></CSValue></CSItem><CSItem><CSItemCode>IT4019071</CSItemCode><CSItemName>Beheersoftware</CSItemName><CSItemRank>4</CSItemRank><CSItemIsFreeFormat>0</CSItemIsFreeFormat><CSValue><CSValueCode>VA4085179</CSValueCode><CSValueName>SmartControl</CSValueName><CSValueRank>1</CSValueRank></CSValue></CSItem><CSItem><CSItemCode>3006693</CSItemCode><CSItemName>OSD-talen</CSItemName><CSItemRank>5</CSItemRank><CSItemIsFreeFormat>0</CSItemIsFreeFormat><CSValue><CSValueCode>VA4065363</CSValueCode><CSValueName>Braziliaans Portugees</CSValueName><CSValueRank>1</CSValueRank></CSValue><CSValue><CSValueCode>3034561</CSValueCode><CSValueName>Tsjechisch</CSValueName><CSValueRank>2</CSValueRank></CSValue><CSValue><CSValueCode>3034565</CSValueCode><CSValueName>Nederlands</CSValueName><CSValueRank>3</CSValueRank></CSValue><CSValue><CSValueCode>3032771</CSValueCode><CSValueName>Engels</CSValueName><CSValueRank>4</CSValueRank></CSValue><CSValue><CSValueCode>VA4063224</CSValueCode><CSValueName>Fins</CSValueName><CSValueRank>5</CSValueRank></CSValue><CSValue><CSValueCode>3032772</CSValueCode><CSValueName>Frans</CSValueName><CSValueRank>6</CSValueRank></CSValue><CSValue><CSValueCode>3032773</CSValueCode><CSValueName>Duits</CSValueName><CSValueRank>7</CSValueRank></CSValue><CSValue><CSValueCode>VA4002508</CSValueCode><CSValueName>Grieks</CSValueName><CSValueRank>8</CSValueRank></CSValue><CSValue><CSValueCode>3034563</CSValueCode><CSValueName>Hongaars</CSValueName><CSValueRank>9</CSValueRank></CSValue><CSValue><CSValueCode>3032774</CSValueCode><CSValueName>Italiaans</CSValueName><CSValueRank>10</CSValueRank></CSValue><CSValue><CSValueCode>3038221</CSValueCode><CSValueName>Japans</CSValueName><CSValueRank>11</CSValueRank></CSValue><CSValue><CSValueCode>3039946</CSValueCode><CSValueName>Koreaans</CSValueName><CSValueRank>12</CSValueRank></CSValue><CSValue><CSValueCode>3034564</CSValueCode><CSValueName>Pools</CSValueName><CSValueRank>13</CSValueRank></CSValue><CSValue><CSValueCode>3032775</CSValueCode><CSValueName>Portugees</CSValueName><CSValueRank>14</CSValueRank></CSValue><CSValue><CSValueCode>3032776</CSValueCode><CSValueName>Russisch</CSValueName><CSValueRank>15</CSValueRank></CSValue><CSValue><CSValueCode>3034114</CSValueCode><CSValueName>Vereenvoudigd Chinees</CSValueName><CSValueRank>16</CSValueRank></CSValue><CSValue><CSValueCode>3032777</CSValueCode><CSValueName>Spaans</CSValueName><CSValueRank>17</CSValueRank></CSValue><CSValue><CSValueCode>3034562</CSValueCode><CSValueName>Zweeds</CSValueName><CSValueRank>18</CSValueRank></CSValue><CSValue><CSValueCode>3034115</CSValueCode><CSValueName>Traditioneel Chinees</CSValueName><CSValueRank>19</CSValueRank></CSValue><CSValue><CSValueCode>3035749</CSValueCode><CSValueName>Turks</CSValueName><CSValueRank>20</CSValueRank></CSValue><CSValue><CSValueCode>VA4065364</CSValueCode><CSValueName>Oekraïens</CSValueName><CSValueRank>21</CSValueRank></CSValue></CSItem><CSItem><CSItemCode>3006694</CSItemCode><CSItemName>Andere handige opties</CSItemName><CSItemRank>6</CSItemRank><CSItemIsFreeFormat>0</CSItemIsFreeFormat><CSValue><CSValueCode>3032778</CSValueCode><CSValueName>Kensington-slot</CSValueName><CSValueRank>1</CSValueRank></CSValue><CSValue><CSValueCode>VA4016754</CSValueCode><CSValueName>VESA-standaard (100 x 100 mm)</CSValueName><CSValueRank>2</CSValueRank></CSValue></CSItem><CSItem><CSItemCode>3006699</CSItemCode><CSItemName>Plug &amp; Play-compatibiliteit</CSItemName><CSItemRank>7</CSItemRank><CSItemIsFreeFormat>0</CSItemIsFreeFormat><CSValue><CSValueCode>3043209</CSValueCode><CSValueName>DDC/CI</CSValueName><CSValueRank>1</CSValueRank></CSValue><CSValue><CSValueCode>3046249</CSValueCode><CSValueName>Mac OS X</CSValueName><CSValueRank>2</CSValueRank></CSValue><CSValue><CSValueCode>3032788</CSValueCode><CSValueName>sRGB</CSValueName><CSValueRank>3</CSValueRank></CSValue><CSValue><CSValueCode>VA4091311</CSValueCode><CSValueName>Windows 10 / 8.1 / 8 / 7</CSValueName><CSValueRank>4</CSValueRank></CSValue></CSItem></CSChapter><CSChapter><CSChapterCode>CH4000824</CSChapterCode><CSChapterName>Standaard</CSChapterName><CSChapterRank>6</CSChapterRank><CSItem><CSItemCode>IT4004951</CSItemCode><CSItemName>In hoogte verstelbaar</CSItemName><CSItemRank>1</CSItemRank><CSItemIsFreeFormat>1</CSItemIsFreeFormat><CSValue><CSValueCode>VA4015656</CSValueCode><CSValueName>180</CSValueName><CSValueRank>1</CSValueRank></CSValue><UnitOfMeasure><UnitOfMeasureCode>3000058</UnitOfMeasureCode><UnitOfMeasureName>millimeter</UnitOfMeasureName><UnitOfMeasureSymbol>millimeter</UnitOfMeasureSymbol></UnitOfMeasure></CSItem><CSItem><CSItemCode>IT4004952</CSItemCode><CSItemName>Pivot</CSItemName><CSItemRank>2</CSItemRank><CSItemIsFreeFormat>1</CSItemIsFreeFormat><CSValue><CSValueCode>VA4015657</CSValueCode><CSValueName>90 graden</CSValueName><CSValueRank>1</CSValueRank></CSValue></CSItem><CSItem><CSItemCode>IT4004953</CSItemCode><CSItemName>Draaivoet</CSItemName><CSItemRank>3</CSItemRank><CSItemIsFreeFormat>1</CSItemIsFreeFormat><CSValue><CSValueCode>VA4015658</CSValueCode><CSValueName>-170/+170</CSValueName><CSValueRank>1</CSValueRank></CSValue><UnitOfMeasure><UnitOfMeasureCode>3000042</UnitOfMeasureCode><UnitOfMeasureName>graad</UnitOfMeasureName><UnitOfMeasureSymbol>graad</UnitOfMeasureSymbol></UnitOfMeasure></CSItem><CSItem><CSItemCode>IT4004954</CSItemCode><CSItemName>Kantelfunctie</CSItemName><CSItemRank>4</CSItemRank><CSItemIsFreeFormat>1</CSItemIsFreeFormat><CSValue><CSValueCode>VA4015659</CSValueCode><CSValueName>-5/20</CSValueName><CSValueRank>1</CSValueRank></CSValue><UnitOfMeasure><UnitOfMeasureCode>3000042</UnitOfMeasureCode><UnitOfMeasureName>graad</UnitOfMeasureName><UnitOfMeasureSymbol>graad</UnitOfMeasureSymbol></UnitOfMeasure></CSItem></CSChapter><CSChapter><CSChapterCode>3000821</CSChapterCode><CSChapterName>Vermogen</CSChapterName><CSChapterRank>7</CSChapterRank><CSItem><CSItemCode>IT4006562</CSItemCode><CSItemName>ECO-modus</CSItemName><CSItemRank>1</CSItemRank><CSItemIsFreeFormat>1</CSItemIsFreeFormat><CSValue><CSValueCode>VA4017986</CSValueCode><CSValueName>34,6 W (normaal)</CSValueName><CSValueRank>1</CSValueRank></CSValue></CSItem><CSItem><CSItemCode>IT4005861</CSItemCode><CSItemName>Ingeschakeld</CSItemName><CSItemRank>2</CSItemRank><CSItemIsFreeFormat>1</CSItemIsFreeFormat><CSValue><CSValueCode>VA4017025</CSValueCode><CSValueName>41 W (testmethode EnergyStar 7.0)</CSValueName><CSValueRank>1</CSValueRank></CSValue></CSItem><CSItem><CSItemCode>IT4006150</CSItemCode><CSItemName>Stand-bymodus</CSItemName><CSItemRank>3</CSItemRank><CSItemIsFreeFormat>1</CSItemIsFreeFormat><CSValue><CSValueCode>VA4017360</CSValueCode><CSValueName>&lt; 0,5 W (normaal)</CSValueName><CSValueRank>1</CSValueRank></CSValue></CSItem><CSItem><CSItemCode>IT4006081</CSItemCode><CSItemName>Uitmodus</CSItemName><CSItemRank>4</CSItemRank><CSItemIsFreeFormat>1</CSItemIsFreeFormat><CSValue><CSValueCode>VA4017285</CSValueCode><CSValueName>0 W met Zero Power-schakelaar</CSValueName><CSValueRank>1</CSValueRank></CSValue></CSItem><CSItem><CSItemCode>3006931</CSItemCode><CSItemName>LED-indicator voor voeding</CSItemName><CSItemRank>5</CSItemRank><CSItemIsFreeFormat>0</CSItemIsFreeFormat><CSValue><CSValueCode>VA4015465</CSValueCode><CSValueName>In werking - wit</CSValueName><CSValueRank>1</CSValueRank></CSValue><CSValue><CSValueCode>VA4017406</CSValueCode><CSValueName>Stand-bymodus - wit (knipperend)</CSValueName><CSValueRank>2</CSValueRank></CSValue></CSItem><CSItem><CSItemCode>3006932</CSItemCode><CSItemName>Stroomvoorziening</CSItemName><CSItemRank>6</CSItemRank><CSItemIsFreeFormat>0</CSItemIsFreeFormat><CSValue><CSValueCode>3033321</CSValueCode><CSValueName>Ingebouwd</CSValueName><CSValueRank>1</CSValueRank></CSValue><CSValue><CSValueCode>VA4050622</CSValueCode><CSValueName>100 - 240 V AC, 50-60 Hz</CSValueName><CSValueRank>2</CSValueRank></CSValue></CSItem></CSChapter><CSChapter><CSChapterCode>3000820</CSChapterCode><CSChapterName>Afmetingen</CSChapterName><CSChapterRank>8</CSChapterRank><CSItem><CSItemCode>IT4027351</CSItemCode><CSItemName>Product met standaard (max. hoogte)</CSItemName><CSItemRank>1</CSItemRank><CSItemIsFreeFormat>1</CSItemIsFreeFormat><CSValue><CSValueCode>VA4064381</CSValueCode><CSValueName>742 x 657 x 270</CSValueName><CSValueRank>1</CSValueRank></CSValue><UnitOfMeasure><UnitOfMeasureCode>3000058</UnitOfMeasureCode><UnitOfMeasureName>millimeter</UnitOfMeasureName><UnitOfMeasureSymbol>millimeter</UnitOfMeasureSymbol></UnitOfMeasure></CSItem><CSItem><CSItemCode>IT4005765</CSItemCode><CSItemName>Product zonder standaard (mm)</CSItemName><CSItemRank>2</CSItemRank><CSItemIsFreeFormat>1</CSItemIsFreeFormat><CSValue><CSValueCode>VA4016931</CSValueCode><CSValueName>742 x 438 x 63</CSValueName><CSValueRank>1</CSValueRank></CSValue><UnitOfMeasure><UnitOfMeasureCode>3000058</UnitOfMeasureCode><UnitOfMeasureName>millimeter</UnitOfMeasureName><UnitOfMeasureSymbol>millimeter</UnitOfMeasureSymbol></UnitOfMeasure></CSItem><CSItem><CSItemCode>IT4005766</CSItemCode><CSItemName>Verpakking in mm (b x h x d)</CSItemName><CSItemRank>3</CSItemRank><CSItemIsFreeFormat>1</CSItemIsFreeFormat><CSValue><CSValueCode>VA4016932</CSValueCode><CSValueName>970 x 526 x 224</CSValueName><CSValueRank>1</CSValueRank></CSValue><UnitOfMeasure><UnitOfMeasureCode>3000058</UnitOfMeasureCode><UnitOfMeasureName>millimeter</UnitOfMeasureName><UnitOfMeasureSymbol>millimeter</UnitOfMeasureSymbol></UnitOfMeasure></CSItem></CSChapter><CSChapter><CSChapterCode>CH4000702</CSChapterCode><CSChapterName>Gewicht</CSChapterName><CSChapterRank>9</CSChapterRank><CSItem><CSItemCode>IT4005770</CSItemCode><CSItemName>Product met standaard (kg)</CSItemName><CSItemRank>1</CSItemRank><CSItemIsFreeFormat>1</CSItemIsFreeFormat><CSValue><CSValueCode>VA4016936</CSValueCode><CSValueName>9,36</CSValueName><CSValueRank>1</CSValueRank></CSValue><UnitOfMeasure><UnitOfMeasureCode>3000049</UnitOfMeasureCode><UnitOfMeasureName>kilogram</UnitOfMeasureName><UnitOfMeasureSymbol>kg</UnitOfMeasureSymbol></UnitOfMeasure></CSItem><CSItem><CSItemCode>IT4005771</CSItemCode><CSItemName>Product zonder standaard (kg)</CSItemName><CSItemRank>2</CSItemRank><CSItemIsFreeFormat>1</CSItemIsFreeFormat><CSValue><CSValueCode>VA4016937</CSValueCode><CSValueName>6,40</CSValueName><CSValueRank>1</CSValueRank></CSValue><UnitOfMeasure><UnitOfMeasureCode>3000049</UnitOfMeasureCode><UnitOfMeasureName>kilogram</UnitOfMeasureName><UnitOfMeasureSymbol>kg</UnitOfMeasureSymbol></UnitOfMeasure></CSItem><CSItem><CSItemCode>IT4005772</CSItemCode><CSItemName>Product met verpakking (kg)</CSItemName><CSItemRank>3</CSItemRank><CSItemIsFreeFormat>1</CSItemIsFreeFormat><CSValue><CSValueCode>VA4016938</CSValueCode><CSValueName>13,26</CSValueName><CSValueRank>1</CSValueRank></CSValue><UnitOfMeasure><UnitOfMeasureCode>3000049</UnitOfMeasureCode><UnitOfMeasureName>kilogram</UnitOfMeasureName><UnitOfMeasureSymbol>kg</UnitOfMeasureSymbol></UnitOfMeasure></CSItem></CSChapter><CSChapter><CSChapterCode>CH4000823</CSChapterCode><CSChapterName>Voorwaarden voor een goede werking</CSChapterName><CSChapterRank>10</CSChapterRank><CSItem><CSItemCode>IT4004946</CSItemCode><CSItemName>Temperatuurbereik (in bedrijf)</CSItemName><CSItemRank>1</CSItemRank><CSItemIsFreeFormat>1</CSItemIsFreeFormat><CSValue><CSValueCode>VA4015651</CSValueCode><CSValueName>0 °C tot 40 °C</CSValueName><CSValueRank>1</CSValueRank></CSValue><UnitOfMeasure><UnitOfMeasureCode>3000081</UnitOfMeasureCode><UnitOfMeasureName>graden Celsius</UnitOfMeasureName><UnitOfMeasureSymbol>°C</UnitOfMeasureSymbol></UnitOfMeasure></CSItem><CSItem><CSItemCode>IT4004947</CSItemCode><CSItemName>Temperatuurbereik (opslag)</CSItemName><CSItemRank>2</CSItemRank><CSItemIsFreeFormat>1</CSItemIsFreeFormat><CSValue><CSValueCode>VA4015652</CSValueCode><CSValueName>-20 °C tot 60 °C</CSValueName><CSValueRank>1</CSValueRank></CSValue><UnitOfMeasure><UnitOfMeasureCode>3000081</UnitOfMeasureCode><UnitOfMeasureName>graden Celsius</UnitOfMeasureName><UnitOfMeasureSymbol>°C</UnitOfMeasureSymbol></UnitOfMeasure></CSItem><CSItem><CSItemCode>IT4004948</CSItemCode><CSItemName>Relatieve vochtigheid</CSItemName><CSItemRank>3</CSItemRank><CSItemIsFreeFormat>1</CSItemIsFreeFormat><CSValue><CSValueCode>VA4015653</CSValueCode><CSValueName>20%-80</CSValueName><CSValueRank>1</CSValueRank></CSValue><UnitOfMeasure><UnitOfMeasureCode>3000065</UnitOfMeasureCode><UnitOfMeasureName>percentage</UnitOfMeasureName><UnitOfMeasureSymbol>%</UnitOfMeasureSymbol></UnitOfMeasure></CSItem><CSItem><CSItemCode>IT4023612</CSItemCode><CSItemName>Hoogte</CSItemName><CSItemRank>4</CSItemRank><CSItemIsFreeFormat>1</CSItemIsFreeFormat><CSValue><CSValueCode>VA4054761</CSValueCode><CSValueName>In werking: 3658 m, niet in werking: 12.192 m</CSValueName><CSValueRank>1</CSValueRank></CSValue></CSItem><CSItem><CSItemCode>IT4036063</CSItemCode><CSItemName>MTBF (aangetoond)</CSItemName><CSItemRank>5</CSItemRank><CSItemIsFreeFormat>1</CSItemIsFreeFormat><CSValue><CSValueCode>VA4083919</CSValueCode><CSValueName>70.000 uur (achtergrondverlichting niet meegerekend)</CSValueName><CSValueRank>1</CSValueRank></CSValue></CSItem></CSChapter><CSChapter><CSChapterCode>CH4000822</CSChapterCode><CSChapterName>Duurzaamheid</CSChapterName><CSChapterRank>11</CSChapterRank><CSItem><CSItemCode>IT4004941</CSItemCode><CSItemName>Milieu en energie</CSItemName><CSItemRank>1</CSItemRank><CSItemIsFreeFormat>0</CSItemIsFreeFormat><CSValue><CSValueCode>VA4094404</CSValueCode><CSValueName>EnergyStar 7.0</CSValueName><CSValueRank>1</CSValueRank></CSValue><CSValue><CSValueCode>VA4060101</CSValueCode><CSValueName>EPEAT Gold*</CSValueName><CSValueRank>2</CSValueRank></CSValue><CSValue><CSValueCode>VA4015645</CSValueCode><CSValueName>RoHS</CSValueName><CSValueRank>3</CSValueRank></CSValue><CSValue><CSValueCode>VA4039413</CSValueCode><CSValueName>TCO Edge</CSValueName><CSValueRank>4</CSValueRank></CSValue><CSValue><CSValueCode>VA4017527</CSValueCode><CSValueName>WEEE</CSValueName><CSValueRank>5</CSValueRank></CSValue></CSItem><CSItem><CSItemCode>IT4004944</CSItemCode><CSItemName>Recyclebaar verpakkingsmateriaal</CSItemName><CSItemRank>2</CSItemRank><CSItemIsFreeFormat>1</CSItemIsFreeFormat><CSValue><CSValueCode>VA4015649</CSValueCode><CSValueName>100</CSValueName><CSValueRank>1</CSValueRank></CSValue><UnitOfMeasure><UnitOfMeasureCode>3000065</UnitOfMeasureCode><UnitOfMeasureName>percentage</UnitOfMeasureName><UnitOfMeasureSymbol>%</UnitOfMeasureSymbol></UnitOfMeasure></CSItem><CSItem><CSItemCode>IT4019073</CSItemCode><CSItemName>Gerecyclede kunststoffen</CSItemName><CSItemRank>3</CSItemRank><CSItemIsFreeFormat>0</CSItemIsFreeFormat><CSValue><CSValueCode>VA4042551</CSValueCode><CSValueName>65%</CSValueName><CSValueRank>1</CSValueRank></CSValue></CSItem><CSItem><CSItemCode>IT4018633</CSItemCode><CSItemName>Specifieke stoffen</CSItemName><CSItemRank>4</CSItemRank><CSItemIsFreeFormat>0</CSItemIsFreeFormat><CSValue><CSValueCode>VA4039543</CSValueCode><CSValueName>PVC/BFR-vrije behuizing</CSValueName><CSValueRank>1</CSValueRank></CSValue><CSValue><CSValueCode>VA4042544</CSValueCode><CSValueName>Kwikvrij</CSValueName><CSValueRank>2</CSValueRank></CSValue><CSValue><CSValueCode>VA4042543</CSValueCode><CSValueName>Loodvrij</CSValueName><CSValueRank>3</CSValueRank></CSValue></CSItem></CSChapter><CSChapter><CSChapterCode>CH4001161</CSChapterCode><CSChapterName>Voldoet aan de normen</CSChapterName><CSChapterRank>12</CSChapterRank><CSItem><CSItemCode>IT4006152</CSItemCode><CSItemName>Officiële goedkeuringen</CSItemName><CSItemRank>1</CSItemRank><CSItemIsFreeFormat>0</CSItemIsFreeFormat><CSValue><CSValueCode>VA4017361</CSValueCode><CSValueName>CE-markering</CSValueName><CSValueRank>1</CSValueRank></CSValue><CSValue><CSValueCode>VA4027482</CSValueCode><CSValueName>FCC-klasse B</CSValueName><CSValueRank>2</CSValueRank></CSValue><CSValue><CSValueCode>VA4083904</CSValueCode><CSValueName>VCCI</CSValueName><CSValueRank>3</CSValueRank></CSValue><CSValue><CSValueCode>VA4090213</CSValueCode><CSValueName>RCM</CSValueName><CSValueRank>4</CSValueRank></CSValue><CSValue><CSValueCode>VA4083905</CSValueCode><CSValueName>ICES-003</CSValueName><CSValueRank>5</CSValueRank></CSValue><CSValue><CSValueCode>VA4083909</CSValueCode><CSValueName>J-MOSS</CSValueName><CSValueRank>6</CSValueRank></CSValue><CSValue><CSValueCode>VA4064941</CSValueCode><CSValueName>cETLus</CSValueName><CSValueRank>7</CSValueRank></CSValue><CSValue><CSValueCode>VA4054941</CSValueCode><CSValueName>EPA</CSValueName><CSValueRank>8</CSValueRank></CSValue><CSValue><CSValueCode>VA4033549</CSValueCode><CSValueName>PSB</CSValueName><CSValueRank>9</CSValueRank></CSValue><CSValue><CSValueCode>VA4083906</CSValueCode><CSValueName>CU-EAC</CSValueName><CSValueRank>10</CSValueRank></CSValue><CSValue><CSValueCode>VA4017365</CSValueCode><CSValueName>SEMKO</CSValueName><CSValueRank>11</CSValueRank></CSValue><CSValue><CSValueCode>VA4085218</CSValueCode><CSValueName>OEKRAÏENS</CSValueName><CSValueRank>12</CSValueRank></CSValue><CSValue><CSValueCode>VA4083903</CSValueCode><CSValueName>PSE</CSValueName><CSValueRank>13</CSValueRank></CSValue><CSValue><CSValueCode>VA4017548</CSValueCode><CSValueName>CECP</CSValueName><CSValueRank>14</CSValueRank></CSValue><CSValue><CSValueCode>VA4050621</CSValueCode><CSValueName>TÜV/ISO 9241-307</CSValueName><CSValueRank>15</CSValueRank></CSValue></CSItem></CSChapter><CSChapter><CSChapterCode>CH4000825</CSChapterCode><CSChapterName>Kast</CSChapterName><CSChapterRank>13</CSChapterRank><CSItem><CSItemCode>IT4019074</CSItemCode><CSItemName>Rand voorzijde</CSItemName><CSItemRank>1</CSItemRank><CSItemIsFreeFormat>1</CSItemIsFreeFormat><CSValue><CSValueCode>VA4042547</CSValueCode><CSValueName>Zwart</CSValueName><CSValueRank>1</CSValueRank></CSValue></CSItem><CSItem><CSItemCode>IT4019075</CSItemCode><CSItemName>Achterzijde</CSItemName><CSItemRank>2</CSItemRank><CSItemIsFreeFormat>1</CSItemIsFreeFormat><CSValue><CSValueCode>VA4042548</CSValueCode><CSValueName>Zwart</CSValueName><CSValueRank>1</CSValueRank></CSValue></CSItem><CSItem><CSItemCode>IT4019076</CSItemCode><CSItemName>Voet</CSItemName><CSItemRank>3</CSItemRank><CSItemIsFreeFormat>1</CSItemIsFreeFormat><CSValue><CSValueCode>VA4042549</CSValueCode><CSValueName>Zwart</CSValueName><CSValueRank>1</CSValueRank></CSValue></CSItem><CSItem><CSItemCode>IT4004956</CSItemCode><CSItemName>Afwerking</CSItemName><CSItemRank>4</CSItemRank><CSItemIsFreeFormat>1</CSItemIsFreeFormat><CSValue><CSValueCode>VA4015661</CSValueCode><CSValueName>Volume</CSValueName><CSValueRank>1</CSValueRank></CSValue></CSItem></CSChapter><CSChapter><CSChapterCode>CH4008581</CSChapterCode><CSChapterName>Wat zit er in de doos?</CSChapterName><CSChapterRank>15</CSChapterRank><CSItem><CSItemCode>IT4040999</CSItemCode><CSItemName>Monitor met standaard</CSItemName><CSItemRank>1</CSItemRank><CSItemIsFreeFormat>1</CSItemIsFreeFormat><CSValue><CSValueCode>VA4095569</CSValueCode><CSValueName>Ja</CSValueName><CSValueRank>1</CSValueRank></CSValue></CSItem><CSItem><CSItemCode>IT4041000</CSItemCode><CSItemName>Kabels</CSItemName><CSItemRank>2</CSItemRank><CSItemIsFreeFormat>1</CSItemIsFreeFormat><CSValue><CSValueCode>VA4095570</CSValueCode><CSValueName>DP-kabel, HDMI-kabel, kabel USB-C naar USB-C, kabel USB-C naar USB-A, voedingskabel</CSValueName><CSValueRank>1</CSValueRank></CSValue></CSItem><CSItem><CSItemCode>IT4041030</CSItemCode><CSItemName>Gebruikersdocumentatie</CSItemName><CSItemRank>3</CSItemRank><CSItemIsFreeFormat>1</CSItemIsFreeFormat><CSValue><CSValueCode>VA4095604</CSValueCode><CSValueName>Ja</CSValueName><CSValueRank>1</CSValueRank></CSValue></CSItem></CSChapter><Filters><Purpose type="Comparison"><Features><Feature code="F400086793" rank="1" referenceName="Built in USB-C docking station"/><Feature code="F400086794" rank="2" referenceName="Connect your notebook with one USB-C cable"/><Feature code="F400086795" rank="3" referenceName="Power and re-charge compatible notebook from the monitor"/><Feature code="F400086797" rank="4" referenceName="USB 3.1 high speed data transfer"/><Feature code="F400086798" rank="5" referenceName="Built in RJ-45 ethernet gives data security"/><Feature code="F400082707" rank="6" referenceName="HDR_monitor"/><Feature code="F400078908" rank="7" referenceName="Ultra Wide-Color Technology"/><Feature code="F400068330" rank="8" referenceName="10-bit colors"/><Feature code="F400064846" rank="9" referenceName="UltraClear 4K UHD (3840x2160) resolution for precision"/><Feature code="F400078929" rank="10" referenceName="LowBlue Mode"/><Feature code="F400048347" rank="11" referenceName="MultiView technology"/><Feature code="F400035325" rank="12" referenceName="SmartErgoBase"/><Feature code="F400035281" rank="13" referenceName="Built-in stereo speakers for multimedia"/></Features><CSItems><CSItem code="3006169" rank="1" referenceName="Beeld/scherm - Type LCD-scherm"/><CSItem code="IT4034051" rank="1" referenceName="Connectiviteit - Signaalinvoer"/><CSItem code="IT4044826" rank="1" referenceName="USB-C-dock - USB-C"/><CSItem code="IT4014853" rank="1" referenceName="Comfort - Ingebouwde luidsprekers"/><CSItem code="IT4004951" rank="1" referenceName="Standaard - In hoogte verstelbaar"/><CSItem code="IT4006562" rank="1" referenceName="Vermogen - ECO-modus"/><CSItem code="IT4027351" rank="1" referenceName="Afmetingen - Product met standaard (max. hoogte)"/><CSItem code="IT4005770" rank="1" referenceName="Gewicht - Product met standaard (kg)"/><CSItem code="IT4004946" rank="1" referenceName="Voorwaarden voor een goede werking - Temperatuurbereik (in bedrijf)"/><CSItem code="IT4004941" rank="1" referenceName="Duurzaamheid - Milieu en energie"/><CSItem code="IT4006152" rank="1" referenceName="Voldoet aan de normen - Officiële goedkeuringen"/><CSItem code="IT4019074" rank="1" referenceName="Kast - Rand voorzijde"/><CSItem code="IT4040999" rank="1" referenceName="Wat zit er in de doos? - Monitor met standaard"/><CSItem code="IT4007209" rank="2" referenceName="Beeld/scherm - Type achtergrondverlichting"/><CSItem code="3006588" rank="2" referenceName="Connectiviteit - Gesynchroniseerde invoer"/><CSItem code="IT4044827" rank="2" referenceName="USB-C-dock - Supersnel"/><CSItem code="IT4027495" rank="2" referenceName="Comfort - MultiView"/><CSItem code="IT4004952" rank="2" referenceName="Standaard - Pivot"/><CSItem code="IT4005861" rank="2" referenceName="Vermogen - Ingeschakeld"/><CSItem code="IT4005765" rank="2" referenceName="Afmetingen - Product zonder standaard (mm)"/><CSItem code="IT4005771" rank="2" referenceName="Gewicht - Product zonder standaard (kg)"/><CSItem code="IT4004947" rank="2" referenceName="Voorwaarden voor een goede werking - Temperatuurbereik (opslag)"/><CSItem code="IT4004944" rank="2" referenceName="Duurzaamheid - Recyclebaar verpakkingsmateriaal"/><CSItem code="IT4019075" rank="2" referenceName="Kast - Achterzijde"/><CSItem code="IT4041000" rank="2" referenceName="Wat zit er in de doos? - Kabels"/><CSItem code="3006180" rank="3" referenceName="Beeld/scherm - Schermgrootte"/><CSItem code="IT4005621" rank="3" referenceName="Connectiviteit - Audio (in/uit)"/><CSItem code="IT4044828" rank="3" referenceName="USB-C-dock - DP"/><CSItem code="3006633" rank="3" referenceName="Comfort - Gebruikersgemak"/><CSItem code="IT4004953" rank="3" referenceName="Standaard - Draaivoet"/><CSItem code="IT4006150" rank="3" referenceName="Vermogen - Stand-bymodus"/><CSItem code="IT4005766" rank="3" referenceName="Afmetingen - Verpakking in mm (b x h x d)"/><CSItem code="IT4005772" rank="3" referenceName="Gewicht - Product met verpakking (kg)"/><CSItem code="IT4004948" rank="3" referenceName="Voorwaarden voor een goede werking - Relatieve vochtigheid"/><CSItem code="IT4019073" rank="3" referenceName="Duurzaamheid - Gerecyclede kunststoffen"/><CSItem code="IT4019076" rank="3" referenceName="Kast - Voet"/><CSItem code="IT4041030" rank="3" referenceName="Wat zit er in de doos? - Gebruikersdocumentatie"/><CSItem code="IT4044130" rank="4" referenceName="Beeld/scherm - Displaycoating"/><CSItem code="IT4027692" rank="4" referenceName="Connectiviteit - RJ45"/><CSItem code="IT4044829" rank="4" referenceName="USB-C-dock - Stroomvoorziening"/><CSItem code="IT4019071" rank="4" referenceName="Comfort - Beheersoftware"/><CSItem code="IT4004954" rank="4" referenceName="Standaard - Kantelfunctie"/><CSItem code="IT4006081" rank="4" referenceName="Vermogen - Uitmodus"/><CSItem code="IT4023612" rank="4" referenceName="Voorwaarden voor een goede werking - Hoogte"/><CSItem code="IT4018633" rank="4" referenceName="Duurzaamheid - Specifieke stoffen"/><CSItem code="IT4004956" rank="4" referenceName="Kast - Afwerking"/><CSItem code="3006149" rank="5" referenceName="Beeld/scherm - Effectief weergavegebied"/><CSItem code="IT4044830" rank="5" referenceName="USB-C-dock - Max. stroomvoorziening"/><CSItem code="3006693" rank="5" referenceName="Comfort - OSD-talen"/><CSItem code="3006931" rank="5" referenceName="Vermogen - LED-indicator voor voeding"/><CSItem code="IT4036063" rank="5" referenceName="Voorwaarden voor een goede werking - MTBF (aangetoond)"/><CSItem code="3006121" rank="6" referenceName="Beeld/scherm - Beeldformaat"/><CSItem code="3006694" rank="6" referenceName="Comfort - Andere handige opties"/><CSItem code="3006932" rank="6" referenceName="Vermogen - Stroomvoorziening"/><CSItem code="3006193" rank="7" referenceName="Beeld/scherm - Optimale resolutie"/><CSItem code="3006699" rank="7" referenceName="Comfort - Plug &amp; Play-compatibiliteit"/><CSItem code="IT4041772" rank="8" referenceName="Beeld/scherm - Pixeldichtheid"/><CSItem code="IT4039893" rank="9" referenceName="Beeld/scherm - Responstijd (normaal)"/><CSItem code="IT4042982" rank="10" referenceName="Beeld/scherm - Helderheid"/><CSItem code="3006133" rank="11" referenceName="Beeld/scherm - Contrastverhouding (normaal)"/><CSItem code="IT4006148" rank="12" referenceName="Beeld/scherm - SmartContrast"/><CSItem code="3006186" rank="13" referenceName="Beeld/scherm - Pixelpitch"/><CSItem code="3007518" rank="14" referenceName="Beeld/scherm - Kijkhoek"/><CSItem code="IT4036934" rank="15" referenceName="Beeld/scherm - Trillingsvrij"/><CSItem code="3006183" rank="16" referenceName="Beeld/scherm - Beeldverbetering"/><CSItem code="3006143" rank="17" referenceName="Beeld/scherm - Schermkleuren"/><CSItem code="IT4044592" rank="18" referenceName="Beeld/scherm - Kleurenbereik (min.)"/><CSItem code="IT4034031" rank="19" referenceName="Beeld/scherm - Kleurenbereik (standaard)"/><CSItem code="IT4043471" rank="20" referenceName="Beeld/scherm - HDR"/><CSItem code="IT4006149" rank="21" referenceName="Beeld/scherm - Scanfrequentie"/><CSItem code="IT4044021" rank="22" referenceName="Beeld/scherm - SmartUniformity"/><CSItem code="IT4036067" rank="23" referenceName="Beeld/scherm - Delta E"/><CSItem code="3006207" rank="24" referenceName="Beeld/scherm - sRGB"/><CSItem code="IT4042826" rank="25" referenceName="Beeld/scherm - LowBlue-modus"/><CSItem code="IT4042894" rank="26" referenceName="Beeld/scherm - EasyRead"/></CSItems></Purpose><Purpose type="Detail"><Features><Feature code="F400086793" rank="1" referenceName="Built in USB-C docking station"/><Feature code="F400086794" rank="2" referenceName="Connect your notebook with one USB-C cable"/><Feature code="F400086795" rank="3" referenceName="Power and re-charge compatible notebook from the monitor"/><Feature code="F400086797" rank="4" referenceName="USB 3.1 high speed data transfer"/><Feature code="F400086798" rank="5" referenceName="Built in RJ-45 ethernet gives data security"/><Feature code="F400082707" rank="6" referenceName="HDR_monitor"/><Feature code="F400078908" rank="7" referenceName="Ultra Wide-Color Technology"/><Feature code="F400068330" rank="8" referenceName="10-bit colors"/><Feature code="F400064846" rank="9" referenceName="UltraClear 4K UHD (3840x2160) resolution for precision"/><Feature code="F400078929" rank="10" referenceName="LowBlue Mode"/><Feature code="F400048347" rank="11" referenceName="MultiView technology"/><Feature code="F400035325" rank="12" referenceName="SmartErgoBase"/><Feature code="F400035281" rank="13" referenceName="Built-in stereo speakers for multimedia"/></Features><CSItems><CSItem code="3006169" rank="1" referenceName="Beeld/scherm - Type LCD-scherm"/><CSItem code="IT4034051" rank="1" referenceName="Connectiviteit - Signaalinvoer"/><CSItem code="IT4044826" rank="1" referenceName="USB-C-dock - USB-C"/><CSItem code="IT4014853" rank="1" referenceName="Comfort - Ingebouwde luidsprekers"/><CSItem code="IT4004951" rank="1" referenceName="Standaard - In hoogte verstelbaar"/><CSItem code="IT4006562" rank="1" referenceName="Vermogen - ECO-modus"/><CSItem code="IT4027351" rank="1" referenceName="Afmetingen - Product met standaard (max. hoogte)"/><CSItem code="IT4005770" rank="1" referenceName="Gewicht - Product met standaard (kg)"/><CSItem code="IT4004946" rank="1" referenceName="Voorwaarden voor een goede werking - Temperatuurbereik (in bedrijf)"/><CSItem code="IT4004941" rank="1" referenceName="Duurzaamheid - Milieu en energie"/><CSItem code="IT4006152" rank="1" referenceName="Voldoet aan de normen - Officiële goedkeuringen"/><CSItem code="IT4019074" rank="1" referenceName="Kast - Rand voorzijde"/><CSItem code="IT4040999" rank="1" referenceName="Wat zit er in de doos? - Monitor met standaard"/><CSItem code="IT4007209" rank="2" referenceName="Beeld/scherm - Type achtergrondverlichting"/><CSItem code="3006588" rank="2" referenceName="Connectiviteit - Gesynchroniseerde invoer"/><CSItem code="IT4044827" rank="2" referenceName="USB-C-dock - Supersnel"/><CSItem code="IT4027495" rank="2" referenceName="Comfort - MultiView"/><CSItem code="IT4004952" rank="2" referenceName="Standaard - Pivot"/><CSItem code="IT4005861" rank="2" referenceName="Vermogen - Ingeschakeld"/><CSItem code="IT4005765" rank="2" referenceName="Afmetingen - Product zonder standaard (mm)"/><CSItem code="IT4005771" rank="2" referenceName="Gewicht - Product zonder standaard (kg)"/><CSItem code="IT4004947" rank="2" referenceName="Voorwaarden voor een goede werking - Temperatuurbereik (opslag)"/><CSItem code="IT4004944" rank="2" referenceName="Duurzaamheid - Recyclebaar verpakkingsmateriaal"/><CSItem code="IT4019075" rank="2" referenceName="Kast - Achterzijde"/><CSItem code="IT4041000" rank="2" referenceName="Wat zit er in de doos? - Kabels"/><CSItem code="3006180" rank="3" referenceName="Beeld/scherm - Schermgrootte"/><CSItem code="IT4005621" rank="3" referenceName="Connectiviteit - Audio (in/uit)"/><CSItem code="IT4044828" rank="3" referenceName="USB-C-dock - DP"/><CSItem code="3006633" rank="3" referenceName="Comfort - Gebruikersgemak"/><CSItem code="IT4004953" rank="3" referenceName="Standaard - Draaivoet"/><CSItem code="IT4006150" rank="3" referenceName="Vermogen - Stand-bymodus"/><CSItem code="IT4005766" rank="3" referenceName="Afmetingen - Verpakking in mm (b x h x d)"/><CSItem code="IT4005772" rank="3" referenceName="Gewicht - Product met verpakking (kg)"/><CSItem code="IT4004948" rank="3" referenceName="Voorwaarden voor een goede werking - Relatieve vochtigheid"/><CSItem code="IT4019073" rank="3" referenceName="Duurzaamheid - Gerecyclede kunststoffen"/><CSItem code="IT4019076" rank="3" referenceName="Kast - Voet"/><CSItem code="IT4041030" rank="3" referenceName="Wat zit er in de doos? - Gebruikersdocumentatie"/><CSItem code="IT4044130" rank="4" referenceName="Beeld/scherm - Displaycoating"/><CSItem code="IT4027692" rank="4" referenceName="Connectiviteit - RJ45"/><CSItem code="IT4044829" rank="4" referenceName="USB-C-dock - Stroomvoorziening"/><CSItem code="IT4019071" rank="4" referenceName="Comfort - Beheersoftware"/><CSItem code="IT4004954" rank="4" referenceName="Standaard - Kantelfunctie"/><CSItem code="IT4006081" rank="4" referenceName="Vermogen - Uitmodus"/><CSItem code="IT4023612" rank="4" referenceName="Voorwaarden voor een goede werking - Hoogte"/><CSItem code="IT4018633" rank="4" referenceName="Duurzaamheid - Specifieke stoffen"/><CSItem code="IT4004956" rank="4" referenceName="Kast - Afwerking"/><CSItem code="3006149" rank="5" referenceName="Beeld/scherm - Effectief weergavegebied"/><CSItem code="IT4044830" rank="5" referenceName="USB-C-dock - Max. stroomvoorziening"/><CSItem code="3006693" rank="5" referenceName="Comfort - OSD-talen"/><CSItem code="3006931" rank="5" referenceName="Vermogen - LED-indicator voor voeding"/><CSItem code="IT4036063" rank="5" referenceName="Voorwaarden voor een goede werking - MTBF (aangetoond)"/><CSItem code="3006121" rank="6" referenceName="Beeld/scherm - Beeldformaat"/><CSItem code="3006694" rank="6" referenceName="Comfort - Andere handige opties"/><CSItem code="3006932" rank="6" referenceName="Vermogen - Stroomvoorziening"/><CSItem code="3006193" rank="7" referenceName="Beeld/scherm - Optimale resolutie"/><CSItem code="3006699" rank="7" referenceName="Comfort - Plug &amp; Play-compatibiliteit"/><CSItem code="IT4041772" rank="8" referenceName="Beeld/scherm - Pixeldichtheid"/><CSItem code="IT4039893" rank="9" referenceName="Beeld/scherm - Responstijd (normaal)"/><CSItem code="IT4042982" rank="10" referenceName="Beeld/scherm - Helderheid"/><CSItem code="3006133" rank="11" referenceName="Beeld/scherm - Contrastverhouding (normaal)"/><CSItem code="IT4006148" rank="12" referenceName="Beeld/scherm - SmartContrast"/><CSItem code="3006186" rank="13" referenceName="Beeld/scherm - Pixelpitch"/><CSItem code="3007518" rank="14" referenceName="Beeld/scherm - Kijkhoek"/><CSItem code="IT4036934" rank="15" referenceName="Beeld/scherm - Trillingsvrij"/><CSItem code="3006183" rank="16" referenceName="Beeld/scherm - Beeldverbetering"/><CSItem code="3006143" rank="17" referenceName="Beeld/scherm - Schermkleuren"/><CSItem code="IT4044592" rank="18" referenceName="Beeld/scherm - Kleurenbereik (min.)"/><CSItem code="IT4034031" rank="19" referenceName="Beeld/scherm - Kleurenbereik (standaard)"/><CSItem code="IT4043471" rank="20" referenceName="Beeld/scherm - HDR"/><CSItem code="IT4006149" rank="21" referenceName="Beeld/scherm - Scanfrequentie"/><CSItem code="IT4044021" rank="22" referenceName="Beeld/scherm - SmartUniformity"/><CSItem code="IT4036067" rank="23" referenceName="Beeld/scherm - Delta E"/><CSItem code="3006207" rank="24" referenceName="Beeld/scherm - sRGB"/><CSItem code="IT4042826" rank="25" referenceName="Beeld/scherm - LowBlue-modus"/><CSItem code="IT4042894" rank="26" referenceName="Beeld/scherm - EasyRead"/></CSItems></Purpose></Filters><FeatureCompareGroups/><Disclaimers><Disclaimer code="DIS40011414" rank="1" referenceName="USB-C_For Video transmission via USB-C"><DisclaimerText>Voor video-overdracht via USB-C moet uw laptop/apparaat USB-C met DP Alt-modus ondersteunen</DisclaimerText><DisclaimElements/></Disclaimer><Disclaimer code="DIS40012258" rank="2" referenceName="USB-C power and charging function"><DisclaimerText>Voor de USB-C-functie voor voeding en opladen moet uw notebook/apparaat de standaardspecificaties voor stroomvoorziening via USB-C ondersteunen. Raadpleeg de gebruikershandleiding bij uw notebook of neem contact op met de fabrikant voor meer informatie.</DisclaimerText><DisclaimElements/></Disclaimer><Disclaimer code="DIS40004603" rank="3" referenceName="USB monitor_impact on network performance..."><DisclaimerText>Activiteiten zoals het delen van schermen en het streamen van onlinevideo en -audio via internet kunnen de prestaties van uw netwerk beïnvloeden. De algehele audio- en videokwaliteit is afhankelijk van uw hardware, netwerkbandbreedte en de prestaties daarvan.</DisclaimerText><DisclaimElements/></Disclaimer><Disclaimer code="DIS40009731" rank="4" referenceName="Response time value equal to SmartResponse"><DisclaimerText>Waarde responstijd gelijk aan SmartResponse</DisclaimerText><DisclaimElements/></Disclaimer><Disclaimer code="DIS40013079" rank="5" referenceName="Brightness (typical): 400 cd/m2"><DisclaimerText>Helderheid (normaal): 400 cd/m²</DisclaimerText><DisclaimElements/></Disclaimer><Disclaimer code="DIS40012136" rank="6" referenceName="BT. 709 / DCI-P3 Coverage based on CIE1976"><DisclaimerText>BT. 709 / DCI-P3-dekking op basis van CIE1976</DisclaimerText><DisclaimElements/></Disclaimer><Disclaimer code="DIS40011416" rank="7" referenceName="NTSC Area based on CIE1976"><DisclaimerText>NTSC-regio gebaseerd op CIE 1976</DisclaimerText><DisclaimElements/></Disclaimer><Disclaimer code="DIS40011417" rank="8" referenceName="sRGB Area based on CIE 1931"><DisclaimerText>sRGB-regio gebaseerd op CIE 1931</DisclaimerText><DisclaimElements/></Disclaimer><Disclaimer code="DIS40013078" rank="9" referenceName="Adobe RGB Coverage based on CIE1976"><DisclaimerText>Adobe RGB-dekking op basis van CIE1976</DisclaimerText><DisclaimElements/></Disclaimer><Disclaimer code="DIS40004161" rank="10" referenceName="EPEAT Gold_Silver*"><DisclaimerText>EPEAT Gold of Silver is alleen geldig waar Philips het product registreert. Ga naar www.epeat.net voor informatie over de registratiestatus in uw land.</DisclaimerText><DisclaimElements/></Disclaimer><Disclaimer code="DIS40011928" rank="11" referenceName="The monitor may look different from feature images."><DisclaimerText>De monitor kan er anders uitzien dan op de afbeeldingen waarop de functies zijn aangegeven.</DisclaimerText><DisclaimElements/></Disclaimer></Disclaimers><RichTexts/></Product></Products>