<?xml version="1.0" encoding="UTF-8"?><Products xmlns:source="http://apache.org/cocoon/source/1.0" DocStatus="approved" DocTimeStamp="2018-10-27T23:56:13"><Product Country="NL" IsAccessory="false" IsLocalized="true" IsMaster="false" Locale="nl_NL" lastModified="2018-10-18T04:35:42" masterLastModified="2017-12-10T00:37:51"><CTN>243V5LHSB5/01</CTN><Code12NC>867000143583</Code12NC><GTIN>8712581744861</GTIN><MarketingVersion>1.0.1</MarketingVersion><MarketingStatus>Final Published</MarketingStatus><CRDate>2017-02-24</CRDate><CRDateYW>201708</CRDateYW><ModelYears><ModelYear>2017</ModelYear><ModelYear>2018</ModelYear></ModelYears><ProductDivision><ProductDivisionCode>0200</ProductDivisionCode><ProductDivisionName>Consumer Lifestyle</ProductDivisionName><FormerPDCode>3400</FormerPDCode></ProductDivision><ProductOwner>Jessica Chang</ProductOwner><DTN>243V5LHSB5/01</DTN><Catalog><StartOfPublication>2017-03-24T00:00:00</StartOfPublication><EndOfPublication>2024-05-09T00:00:00</EndOfPublication><StartOfSales>2017-03-24T00:00:00</StartOfSales><EndOfSales>2024-05-09T00:00:00</EndOfSales><DummyPrice/><Deleted>false</Deleted><DeleteAfterDate/><ProductRank>50</ProductRank></Catalog><FinancialCategorization><BusinessGroupCode>6918</BusinessGroupCode><BusinessGroupName>TV</BusinessGroupName><BusinessUnitCode>0655</BusinessUnitCode><BusinessUnitName>Monitors</BusinessUnitName><MainArticleGroupCode>J89</MainArticleGroupCode><MainArticleGroupName>Monitors</MainArticleGroupName><ArticleGroupCode>3789</ArticleGroupCode><ArticleGroupName>Monitors global</ArticleGroupName></FinancialCategorization><Categorization type="CONSUMER"><GroupCode>SOUND_AND_VISION_GR</GroupCode><GroupName>Sound &amp; vision</GroupName><CategoryCode>SV_MONITORS_CA</CategoryCode><CategoryName>Monitors</CategoryName><SubcategoryCode>ULTRA_WIDE_SU</SubcategoryCode><SubcategoryName>Ultra-wide</SubcategoryName></Categorization><Assets><Asset code="243V5LHSB5_01" description="Single product shot" extension="" lastModified="2018-10-18" locale="nl_NL" number="" type="IMS">http://images.philips.com/is/image/PhilipsConsumer/243V5LHSB5_01-IMS-nl_NL</Asset><Asset code="243V5LHSB5_01" description="Product gallery image set" extension="" lastModified="2018-10-18" locale="nl_NL" number="" type="GAL">http://images.philips.com/is/image/PhilipsConsumer/243V5LHSB5_01-GAL-nl_NL</Asset><Asset code="243V5LHSB5_01" description="Product URL" extension="" lastModified="2018-10-18" locale="nl_NL" number="" type="URL">http://www.philips.nl/c-p/243V5LHSB5_01/lcd-monitor</Asset></Assets><ProductName>V Line 24 (59,9 cm (23,6") diag.) LCD-monitor</ProductName><FullProductName>Philips LCD-monitor 243V5LHSB5 V Line 24 (59,9 cm (23,6") diag.)</FullProductName><NamingString><MasterBrand><BrandCode>PHI</BrandCode><BrandName>Philips</BrandName></MasterBrand><BrandString>Philips</BrandString><Descriptor><DescriptorCode>D300000064</DescriptorCode><DescriptorName>LCD-monitor</DescriptorName></Descriptor><Alphanumeric>243V5LHSB5</Alphanumeric><VersionElement1><VersionElementCode>V4015923</VersionElementCode><VersionElementName>V Line</VersionElementName></VersionElement1><VersionElement2><VersionElementCode>V4042989</VersionElementCode><VersionElementName>24 (59,9 cm (23,6") diag.)</VersionElementName></VersionElement2><VersionString>V Line 24 (59,9 cm (23,6") diag.)</VersionString><BrandedFeatureString/><DescriptorBrandedFeatureString>LCD-monitor</DescriptorBrandedFeatureString></NamingString><WOW>LED-beelden in levendige kleuren</WOW><MarketingTextHeader>Geniet van levendige LED-beelden op dit Philips-beeldscherm. Met HDMI en SmartContrast. Een geweldige keuze!</MarketingTextHeader><KeyBenefitArea><KeyBenefitAreaCode>K4019194</KeyBenefitAreaCode><KeyBenefitAreaName>Keer op keer levendig beeld</KeyBenefitAreaName><KeyBenefitAreaRank>1</KeyBenefitAreaRank><Feature><FeatureCode>F400044233</FeatureCode><FeatureReferenceName>LED technology for vivid colors</FeatureReferenceName><FeatureName>LED-technologie</FeatureName><FeatureLongDescription>LED-technologie voor levendige kleuren</FeatureLongDescription><FeatureGlossary>Witte LED's zijn Solid State-apparaten die sneller op volle sterkte licht geven, waardoor ze snel klaar zijn voor gebruik. LED's bevatten geen kwik en kunnen dus milieuvriendelijk worden weggegooid en gerecycled. Met LED's kan LCD-achtergrondverlichting makkelijker worden gedimd, waardoor de contrastverhouding super hoog is. Dankzij de consistente helderheid op het scherm leveren de LED's een fantastisch nauwkeurige kleurweergave.</FeatureGlossary><FeatureRank>1</FeatureRank><FeatureTopRank>1</FeatureTopRank></Feature><Feature><FeatureCode>F400071757</FeatureCode><FeatureReferenceName>16:9 Full HD display_2015</FeatureReferenceName><FeatureName>16:9 Full HD-scherm</FeatureName><FeatureLongDescription>16:9 Full HD-scherm voor extreem scherpe beelden</FeatureLongDescription><FeatureGlossary>Beeldkwaliteit is belangrijk. Normale schermen leveren kwaliteit, maar u verwacht meer. Dit display beschikt over een geavanceerde Full HD-resolutie van 1920 x 1080. Full HD zorgt voor scherpe details met hoge helderheid, ongelofelijk contrast en realistische kleuren dus verwacht levensechte beelden.</FeatureGlossary><FeatureRank>2</FeatureRank><FeatureTopRank>2</FeatureTopRank></Feature><Feature><FeatureCode>F400044232</FeatureCode><FeatureReferenceName>SmartContrast for rich black details</FeatureReferenceName><FeatureName>SmartContrast</FeatureName><FeatureLongDescription>SmartContrast voor rijke details in het zwart</FeatureLongDescription><FeatureGlossary>SmartContrast is een Philips-technologie die het weergegeven beeld analyseert. Kleuren worden automatisch bijgesteld en de intensiteit van de achtergrondverlichting wordt aangepast voor een dynamische verbetering van het contrast bij digitale afbeeldingen, video's of games met donkere kleurtinten. In de modus Economisch worden het contrast en de achtergrondverlichting optimaal ingesteld voor alledaagse kantoortoepassingen en een laag energieverbruik.</FeatureGlossary><FeatureRank>3</FeatureRank><FeatureTopRank>3</FeatureTopRank></Feature></KeyBenefitArea><KeyBenefitArea><KeyBenefitAreaCode>K4019196</KeyBenefitAreaCode><KeyBenefitAreaName>Ervaar multimedia</KeyBenefitAreaName><KeyBenefitAreaRank>2</KeyBenefitAreaRank><Feature><FeatureCode>F400027327</FeatureCode><FeatureReferenceName>HDMI Ready(entertainment)</FeatureReferenceName><FeatureName>HDMI Ready</FeatureName><FeatureLongDescription>HDMI Ready voor entertainment in Full HD</FeatureLongDescription><FeatureGlossary>Een HDMI Ready apparaat bevat alle benodigde hardware voor High-Definition Multimedia Interface-invoer (HDMI). Een HDMI-kabel zorgt voor hoogwaardige digitale video- en audiosignalen die allemaal door één kabel worden verzonden van een PC of een willekeurig aantal AV-bronnen (zoals set-top boxes, DVD-spelers, A/V-ontvangers en videocamera's).</FeatureGlossary><FeatureRank>1</FeatureRank><FeatureTopRank>4</FeatureTopRank></Feature></KeyBenefitArea><KeyBenefitArea><KeyBenefitAreaCode>K4023919</KeyBenefitAreaCode><KeyBenefitAreaName>Geweldige keuze</KeyBenefitAreaName><KeyBenefitAreaRank>3</KeyBenefitAreaRank><Feature><FeatureCode>F400019722</FeatureCode><FeatureReferenceName>Mercury Free</FeatureReferenceName><FeatureName>Kwikvrij</FeatureName><FeatureLongDescription>Milieuvriendelijk, kwikvrij scherm</FeatureLongDescription><FeatureGlossary>Philips-monitoren met LED-achtergrondverlichting bevatten geen kwik, een van de meest giftige stoffen in de natuur voor zowel mens als dier. Hierdoor is de monitor de hele levensduur lang milieuvriendelijk, van de productie tot en met de verwijdering.</FeatureGlossary><FeatureRank>2</FeatureRank><FeatureTopRank>5</FeatureTopRank></Feature><Feature><FeatureCode>F400054363</FeatureCode><FeatureReferenceName>Compact design saves space</FeatureReferenceName><FeatureName>Compact ontwerp bespaart ruimte</FeatureName><FeatureLongDescription>Compact ontwerp bespaart ruimte</FeatureLongDescription><FeatureRank>1</FeatureRank><FeatureTopRank>6</FeatureTopRank></Feature><Feature><FeatureCode>F400044228</FeatureCode><FeatureReferenceName>VESA mount allows for flexibility</FeatureReferenceName><FeatureName>VESA-montage</FeatureName><FeatureLongDescription>Flexibel dankzij VESA-montage</FeatureLongDescription><FeatureRank>3</FeatureRank><FeatureTopRank>7</FeatureTopRank></Feature></KeyBenefitArea><FeatureLogo><FeatureCode>F400032206</FeatureCode><FeatureReferenceName>LED technology for natural colors</FeatureReferenceName><FeatureLogoRank>4</FeatureLogoRank></FeatureLogo><FeatureLogo><FeatureCode>F400032208</FeatureCode><FeatureReferenceName>16:9 Full HD display for best viewing experience</FeatureReferenceName><FeatureLogoRank>5</FeatureLogoRank></FeatureLogo><FeatureLogo><FeatureCode>F400032582</FeatureCode><FeatureReferenceName>SmartContrast ratio 10000000:1</FeatureReferenceName><FeatureLogoRank>6</FeatureLogoRank></FeatureLogo><FeatureLogo><FeatureCode>F400016234</FeatureCode><FeatureReferenceName>HDMI Ready</FeatureReferenceName><FeatureLogoRank>7</FeatureLogoRank></FeatureLogo><FeatureLogo><FeatureCode>F400031879</FeatureCode><FeatureReferenceName>SmartResponse - 1ms</FeatureReferenceName><FeatureLogoRank>8</FeatureLogoRank></FeatureLogo><FeatureLogo><FeatureCode>F400019722</FeatureCode><FeatureReferenceName>Mercury Free</FeatureReferenceName><FeatureLogoRank>9</FeatureLogoRank></FeatureLogo><FeatureImage><FeatureCode>F400044233</FeatureCode><FeatureReferenceName>LED technology for vivid colors</FeatureReferenceName><FeatureImageRank>1</FeatureImageRank></FeatureImage><FeatureImage><FeatureCode>F400071757</FeatureCode><FeatureReferenceName>16:9 Full HD display_2015</FeatureReferenceName><FeatureImageRank>2</FeatureImageRank></FeatureImage><FeatureImage><FeatureCode>F400044232</FeatureCode><FeatureReferenceName>SmartContrast for rich black details</FeatureReferenceName><FeatureImageRank>3</FeatureImageRank></FeatureImage><FeatureImage><FeatureCode>F400027327</FeatureCode><FeatureReferenceName>HDMI Ready(entertainment)</FeatureReferenceName><FeatureImageRank>4</FeatureImageRank></FeatureImage><FeatureImage><FeatureCode>F400019722</FeatureCode><FeatureReferenceName>Mercury Free</FeatureReferenceName><FeatureImageRank>5</FeatureImageRank></FeatureImage><FeatureHighlight><FeatureCode>F400044233</FeatureCode><FeatureReferenceName>LED technology for vivid colors</FeatureReferenceName><FeatureHighlightRank>1</FeatureHighlightRank></FeatureHighlight><FeatureHighlight><FeatureCode>F400071757</FeatureCode><FeatureReferenceName>16:9 Full HD display_2015</FeatureReferenceName><FeatureHighlightRank>2</FeatureHighlightRank></FeatureHighlight><FeatureHighlight><FeatureCode>F400044232</FeatureCode><FeatureReferenceName>SmartContrast for rich black details</FeatureReferenceName><FeatureHighlightRank>3</FeatureHighlightRank></FeatureHighlight><FeatureHighlight><FeatureCode>F400027327</FeatureCode><FeatureReferenceName>HDMI Ready(entertainment)</FeatureReferenceName><FeatureHighlightRank>4</FeatureHighlightRank></FeatureHighlight><FeatureHighlight><FeatureCode>F400019722</FeatureCode><FeatureReferenceName>Mercury Free</FeatureReferenceName><FeatureHighlightRank>5</FeatureHighlightRank></FeatureHighlight><CSChapter><CSChapterCode>3000796</CSChapterCode><CSChapterName>Beeld/scherm</CSChapterName><CSChapterRank>1</CSChapterRank><CSItem><CSItemCode>3006169</CSItemCode><CSItemName>Type LCD-scherm</CSItemName><CSItemRank>1</CSItemRank><CSItemIsFreeFormat>0</CSItemIsFreeFormat><CSValue><CSValueCode>VA4015327</CSValueCode><CSValueName>TFT-LCD</CSValueName><CSValueRank>1</CSValueRank></CSValue></CSItem><CSItem><CSItemCode>IT4007209</CSItemCode><CSItemName>Type achtergrondverlichting</CSItemName><CSItemRank>2</CSItemRank><CSItemIsFreeFormat>1</CSItemIsFreeFormat><CSValue><CSValueCode>VA4018797</CSValueCode><CSValueName>W-LED-systeem</CSValueName><CSValueRank>1</CSValueRank></CSValue></CSItem><CSItem><CSItemCode>3006180</CSItemCode><CSItemName>Schermgrootte</CSItemName><CSItemRank>3</CSItemRank><CSItemIsFreeFormat>1</CSItemIsFreeFormat><CSValue><CSValueCode>3031218</CSValueCode><CSValueName>59,9 cm (23,6")</CSValueName><CSValueRank>1</CSValueRank></CSValue></CSItem><CSItem><CSItemCode>3006149</CSItemCode><CSItemName>Effectief weergavegebied</CSItemName><CSItemRank>4</CSItemRank><CSItemIsFreeFormat>1</CSItemIsFreeFormat><CSValue><CSValueCode>3031161</CSValueCode><CSValueName>521,28 x 293,22 (h x v)</CSValueName><CSValueRank>1</CSValueRank></CSValue></CSItem><CSItem><CSItemCode>3006121</CSItemCode><CSItemName>Beeldformaat</CSItemName><CSItemRank>5</CSItemRank><CSItemIsFreeFormat>0</CSItemIsFreeFormat><CSValue><CSValueCode>3031098</CSValueCode><CSValueName>16:9</CSValueName><CSValueRank>1</CSValueRank></CSValue></CSItem><CSItem><CSItemCode>3006193</CSItemCode><CSItemName>Optimale resolutie</CSItemName><CSItemRank>6</CSItemRank><CSItemIsFreeFormat>1</CSItemIsFreeFormat><CSValue><CSValueCode>3031277</CSValueCode><CSValueName>1920 x 1080 bij 60 Hz</CSValueName><CSValueRank>1</CSValueRank></CSValue></CSItem><CSItem><CSItemCode>IT4039893</CSItemCode><CSItemName>Responstijd (normaal)</CSItemName><CSItemRank>7</CSItemRank><CSItemIsFreeFormat>1</CSItemIsFreeFormat><CSValue><CSValueCode>VA4093235</CSValueCode><CSValueName>1 ms (grijs naar grijs)*</CSValueName><CSValueRank>1</CSValueRank></CSValue></CSItem><CSItem><CSItemCode>IT4041772</CSItemCode><CSItemName>Pixeldichtheid</CSItemName><CSItemRank>8</CSItemRank><CSItemIsFreeFormat>1</CSItemIsFreeFormat><CSValue><CSValueCode>VA4096901</CSValueCode><CSValueName>93 PPI</CSValueName><CSValueRank>1</CSValueRank></CSValue></CSItem><CSItem><CSItemCode>3006127</CSItemCode><CSItemName>Helderheid</CSItemName><CSItemRank>9</CSItemRank><CSItemIsFreeFormat>1</CSItemIsFreeFormat><CSValue><CSValueCode>3031110</CSValueCode><CSValueName>250</CSValueName><CSValueRank>1</CSValueRank></CSValue><UnitOfMeasure><UnitOfMeasureCode>3000038</UnitOfMeasureCode><UnitOfMeasureName>candela per vierkante meter</UnitOfMeasureName><UnitOfMeasureSymbol>cd/m²</UnitOfMeasureSymbol></UnitOfMeasure></CSItem><CSItem><CSItemCode>IT4006148</CSItemCode><CSItemName>SmartContrast</CSItemName><CSItemRank>10</CSItemRank><CSItemIsFreeFormat>1</CSItemIsFreeFormat><CSValue><CSValueCode>VA4017351</CSValueCode><CSValueName>10.000.000:1</CSValueName><CSValueRank>1</CSValueRank></CSValue></CSItem><CSItem><CSItemCode>3006133</CSItemCode><CSItemName>Contrastverhouding (normaal)</CSItemName><CSItemRank>11</CSItemRank><CSItemIsFreeFormat>1</CSItemIsFreeFormat><CSValue><CSValueCode>3031116</CSValueCode><CSValueName>1000:1</CSValueName><CSValueRank>1</CSValueRank></CSValue></CSItem><CSItem><CSItemCode>3006186</CSItemCode><CSItemName>Pixelpitch</CSItemName><CSItemRank>12</CSItemRank><CSItemIsFreeFormat>1</CSItemIsFreeFormat><CSValue><CSValueCode>3031270</CSValueCode><CSValueName>0,272 x 0,272 mm</CSValueName><CSValueRank>1</CSValueRank></CSValue></CSItem><CSItem><CSItemCode>3007518</CSItemCode><CSItemName>Kijkhoek</CSItemName><CSItemRank>13</CSItemRank><CSItemIsFreeFormat>0</CSItemIsFreeFormat><CSValue><CSValueCode>VA4000181</CSValueCode><CSValueName>170º (H)/160º (V)</CSValueName><CSValueRank>1</CSValueRank></CSValue><CSValue><CSValueCode>3035028</CSValueCode><CSValueName>bij C/R &gt; 10</CSValueName><CSValueRank>2</CSValueRank></CSValue></CSItem><CSItem><CSItemCode>3006143</CSItemCode><CSItemName>Schermkleuren</CSItemName><CSItemRank>14</CSItemRank><CSItemIsFreeFormat>1</CSItemIsFreeFormat><CSValue><CSValueCode>3031126</CSValueCode><CSValueName>16,7 M</CSValueName><CSValueRank>1</CSValueRank></CSValue></CSItem><CSItem><CSItemCode>IT4006149</CSItemCode><CSItemName>Scanfrequentie</CSItemName><CSItemRank>15</CSItemRank><CSItemIsFreeFormat>1</CSItemIsFreeFormat><CSValue><CSValueCode>VA4017352</CSValueCode><CSValueName>30 - 83 kHz (H)/56 - 76 Hz (V)</CSValueName><CSValueRank>1</CSValueRank></CSValue></CSItem><CSItem><CSItemCode>3006207</CSItemCode><CSItemName>sRGB</CSItemName><CSItemRank>16</CSItemRank><CSItemIsFreeFormat>1</CSItemIsFreeFormat><CSValue><CSValueCode>3031306</CSValueCode><CSValueName>Ja</CSValueName><CSValueRank>1</CSValueRank></CSValue></CSItem></CSChapter><CSChapter><CSChapterCode>3000813</CSChapterCode><CSChapterName>Connectiviteit</CSChapterName><CSChapterRank>2</CSChapterRank><CSItem><CSItemCode>3006576</CSItemCode><CSItemName>Signaalinvoer</CSItemName><CSItemRank>1</CSItemRank><CSItemIsFreeFormat>0</CSItemIsFreeFormat><CSValue><CSValueCode>3036216</CSValueCode><CSValueName>VGA (analoog)</CSValueName><CSValueRank>1</CSValueRank></CSValue><CSValue><CSValueCode>VA4015427</CSValueCode><CSValueName>DVI-D (digitaal, HDCP)</CSValueName><CSValueRank>2</CSValueRank></CSValue><CSValue><CSValueCode>VA4055582</CSValueCode><CSValueName>HDMI (digitaal, HDCP)</CSValueName><CSValueRank>3</CSValueRank></CSValue></CSItem><CSItem><CSItemCode>3006588</CSItemCode><CSItemName>Gesynchroniseerde invoer</CSItemName><CSItemRank>2</CSItemRank><CSItemIsFreeFormat>0</CSItemIsFreeFormat><CSValue><CSValueCode>3032392</CSValueCode><CSValueName>Aparte synchronisatie</CSValueName><CSValueRank>1</CSValueRank></CSValue><CSValue><CSValueCode>3032393</CSValueCode><CSValueName>Synchronisatie op groen</CSValueName><CSValueRank>2</CSValueRank></CSValue></CSItem></CSChapter><CSChapter><CSChapterCode>3000814</CSChapterCode><CSChapterName>Comfort</CSChapterName><CSChapterRank>3</CSChapterRank><CSItem><CSItemCode>3006633</CSItemCode><CSItemName>Gebruikersgemak</CSItemName><CSItemRank>1</CSItemRank><CSItemIsFreeFormat>0</CSItemIsFreeFormat><CSValue><CSValueCode>VA4017554</CSValueCode><CSValueName>Aan/Uit</CSValueName><CSValueRank>1</CSValueRank></CSValue><CSValue><CSValueCode>VA4042581</CSValueCode><CSValueName>Menu/OK</CSValueName><CSValueRank>2</CSValueRank></CSValue><CSValue><CSValueCode>VA4042442</CSValueCode><CSValueName>Helderheid/Terug</CSValueName><CSValueRank>3</CSValueRank></CSValue><CSValue><CSValueCode>VA4042441</CSValueCode><CSValueName>4:3 breedbeeld/Omhoog</CSValueName><CSValueRank>4</CSValueRank></CSValue><CSValue><CSValueCode>VA4042443</CSValueCode><CSValueName>Auto/Omlaag</CSValueName><CSValueRank>5</CSValueRank></CSValue></CSItem><CSItem><CSItemCode>3006693</CSItemCode><CSItemName>OSD-talen</CSItemName><CSItemRank>2</CSItemRank><CSItemIsFreeFormat>0</CSItemIsFreeFormat><CSValue><CSValueCode>VA4065363</CSValueCode><CSValueName>Braziliaans Portugees</CSValueName><CSValueRank>1</CSValueRank></CSValue><CSValue><CSValueCode>3034561</CSValueCode><CSValueName>Tsjechisch</CSValueName><CSValueRank>2</CSValueRank></CSValue><CSValue><CSValueCode>3034565</CSValueCode><CSValueName>Nederlands</CSValueName><CSValueRank>3</CSValueRank></CSValue><CSValue><CSValueCode>3032771</CSValueCode><CSValueName>Engels</CSValueName><CSValueRank>4</CSValueRank></CSValue><CSValue><CSValueCode>VA4063224</CSValueCode><CSValueName>Fins</CSValueName><CSValueRank>5</CSValueRank></CSValue><CSValue><CSValueCode>3032772</CSValueCode><CSValueName>Frans</CSValueName><CSValueRank>6</CSValueRank></CSValue><CSValue><CSValueCode>3032773</CSValueCode><CSValueName>Duits</CSValueName><CSValueRank>7</CSValueRank></CSValue><CSValue><CSValueCode>VA4002508</CSValueCode><CSValueName>Grieks</CSValueName><CSValueRank>8</CSValueRank></CSValue><CSValue><CSValueCode>3034563</CSValueCode><CSValueName>Hongaars</CSValueName><CSValueRank>9</CSValueRank></CSValue><CSValue><CSValueCode>3032774</CSValueCode><CSValueName>Italiaans</CSValueName><CSValueRank>10</CSValueRank></CSValue><CSValue><CSValueCode>3038221</CSValueCode><CSValueName>Japans</CSValueName><CSValueRank>11</CSValueRank></CSValue><CSValue><CSValueCode>3039946</CSValueCode><CSValueName>Koreaans</CSValueName><CSValueRank>12</CSValueRank></CSValue><CSValue><CSValueCode>3034564</CSValueCode><CSValueName>Pools</CSValueName><CSValueRank>13</CSValueRank></CSValue><CSValue><CSValueCode>3032775</CSValueCode><CSValueName>Portugees</CSValueName><CSValueRank>14</CSValueRank></CSValue><CSValue><CSValueCode>3032776</CSValueCode><CSValueName>Russisch</CSValueName><CSValueRank>15</CSValueRank></CSValue><CSValue><CSValueCode>3032777</CSValueCode><CSValueName>Spaans</CSValueName><CSValueRank>16</CSValueRank></CSValue><CSValue><CSValueCode>3034114</CSValueCode><CSValueName>Vereenvoudigd Chinees</CSValueName><CSValueRank>17</CSValueRank></CSValue><CSValue><CSValueCode>3034562</CSValueCode><CSValueName>Zweeds</CSValueName><CSValueRank>18</CSValueRank></CSValue><CSValue><CSValueCode>3035749</CSValueCode><CSValueName>Turks</CSValueName><CSValueRank>19</CSValueRank></CSValue><CSValue><CSValueCode>3034115</CSValueCode><CSValueName>Traditioneel Chinees</CSValueName><CSValueRank>20</CSValueRank></CSValue><CSValue><CSValueCode>VA4065364</CSValueCode><CSValueName>Oekraïens</CSValueName><CSValueRank>21</CSValueRank></CSValue></CSItem><CSItem><CSItemCode>3006694</CSItemCode><CSItemName>Andere handige opties</CSItemName><CSItemRank>3</CSItemRank><CSItemIsFreeFormat>0</CSItemIsFreeFormat><CSValue><CSValueCode>3032778</CSValueCode><CSValueName>Kensington-slot</CSValueName><CSValueRank>1</CSValueRank></CSValue><CSValue><CSValueCode>VA4016754</CSValueCode><CSValueName>VESA-standaard (100 x 100 mm)</CSValueName><CSValueRank>2</CSValueRank></CSValue></CSItem><CSItem><CSItemCode>3006699</CSItemCode><CSItemName>Plug &amp; Play-compatibiliteit</CSItemName><CSItemRank>4</CSItemRank><CSItemIsFreeFormat>0</CSItemIsFreeFormat><CSValue><CSValueCode>3043209</CSValueCode><CSValueName>DDC/CI</CSValueName><CSValueRank>1</CSValueRank></CSValue><CSValue><CSValueCode>3046249</CSValueCode><CSValueName>Mac OS X</CSValueName><CSValueRank>2</CSValueRank></CSValue><CSValue><CSValueCode>3032788</CSValueCode><CSValueName>sRGB</CSValueName><CSValueRank>3</CSValueRank></CSValue><CSValue><CSValueCode>VA4091311</CSValueCode><CSValueName>Windows 10 / 8.1 / 8 / 7</CSValueName><CSValueRank>4</CSValueRank></CSValue></CSItem></CSChapter><CSChapter><CSChapterCode>CH4000824</CSChapterCode><CSChapterName>Standaard</CSChapterName><CSChapterRank>4</CSChapterRank><CSItem><CSItemCode>IT4004954</CSItemCode><CSItemName>Kantelfunctie</CSItemName><CSItemRank>1</CSItemRank><CSItemIsFreeFormat>1</CSItemIsFreeFormat><CSValue><CSValueCode>VA4015659</CSValueCode><CSValueName>-5/20</CSValueName><CSValueRank>1</CSValueRank></CSValue><UnitOfMeasure><UnitOfMeasureCode>3000042</UnitOfMeasureCode><UnitOfMeasureName>graad</UnitOfMeasureName><UnitOfMeasureSymbol>graad</UnitOfMeasureSymbol></UnitOfMeasure></CSItem></CSChapter><CSChapter><CSChapterCode>3000821</CSChapterCode><CSChapterName>Vermogen</CSChapterName><CSChapterRank>5</CSChapterRank><CSItem><CSItemCode>IT4005861</CSItemCode><CSItemName>Ingeschakeld</CSItemName><CSItemRank>1</CSItemRank><CSItemIsFreeFormat>1</CSItemIsFreeFormat><CSValue><CSValueCode>VA4017025</CSValueCode><CSValueName>15,7 W (normaal) (testmethode EnergyStar 7.0)</CSValueName><CSValueRank>1</CSValueRank></CSValue></CSItem><CSItem><CSItemCode>IT4006150</CSItemCode><CSItemName>Stand-bymodus</CSItemName><CSItemRank>2</CSItemRank><CSItemIsFreeFormat>1</CSItemIsFreeFormat><CSValue><CSValueCode>VA4017360</CSValueCode><CSValueName>0,5 W (normaal)</CSValueName><CSValueRank>1</CSValueRank></CSValue></CSItem><CSItem><CSItemCode>IT4006081</CSItemCode><CSItemName>Uitmodus</CSItemName><CSItemRank>3</CSItemRank><CSItemIsFreeFormat>1</CSItemIsFreeFormat><CSValue><CSValueCode>VA4017285</CSValueCode><CSValueName>0,5 W (normaal)</CSValueName><CSValueRank>1</CSValueRank></CSValue></CSItem><CSItem><CSItemCode>3006931</CSItemCode><CSItemName>LED-indicator voor voeding</CSItemName><CSItemRank>4</CSItemRank><CSItemIsFreeFormat>0</CSItemIsFreeFormat><CSValue><CSValueCode>VA4015465</CSValueCode><CSValueName>In werking - wit</CSValueName><CSValueRank>1</CSValueRank></CSValue><CSValue><CSValueCode>VA4017406</CSValueCode><CSValueName>Stand-bymodus - wit (knipperend)</CSValueName><CSValueRank>2</CSValueRank></CSValue></CSItem><CSItem><CSItemCode>3006932</CSItemCode><CSItemName>Stroomvoorziening</CSItemName><CSItemRank>5</CSItemRank><CSItemIsFreeFormat>0</CSItemIsFreeFormat><CSValue><CSValueCode>3033321</CSValueCode><CSValueName>Ingebouwd</CSValueName><CSValueRank>1</CSValueRank></CSValue><CSValue><CSValueCode>VA4050622</CSValueCode><CSValueName>100 - 240 V AC, 50-60 Hz</CSValueName><CSValueRank>2</CSValueRank></CSValue></CSItem></CSChapter><CSChapter><CSChapterCode>3000820</CSChapterCode><CSChapterName>Afmetingen</CSChapterName><CSChapterRank>6</CSChapterRank><CSItem><CSItemCode>IT4005764</CSItemCode><CSItemName>Product met standaard (mm)</CSItemName><CSItemRank>1</CSItemRank><CSItemIsFreeFormat>1</CSItemIsFreeFormat><CSValue><CSValueCode>VA4016930</CSValueCode><CSValueName>560 x 424 x 219</CSValueName><CSValueRank>1</CSValueRank></CSValue><UnitOfMeasure><UnitOfMeasureCode>3000058</UnitOfMeasureCode><UnitOfMeasureName>millimeter</UnitOfMeasureName><UnitOfMeasureSymbol>millimeter</UnitOfMeasureSymbol></UnitOfMeasure></CSItem><CSItem><CSItemCode>IT4005765</CSItemCode><CSItemName>Product zonder standaard (mm)</CSItemName><CSItemRank>2</CSItemRank><CSItemIsFreeFormat>1</CSItemIsFreeFormat><CSValue><CSValueCode>VA4016931</CSValueCode><CSValueName>560 x 348 x 53</CSValueName><CSValueRank>1</CSValueRank></CSValue><UnitOfMeasure><UnitOfMeasureCode>3000058</UnitOfMeasureCode><UnitOfMeasureName>millimeter</UnitOfMeasureName><UnitOfMeasureSymbol>millimeter</UnitOfMeasureSymbol></UnitOfMeasure></CSItem><CSItem><CSItemCode>IT4005766</CSItemCode><CSItemName>Verpakking in mm (b x h x d)</CSItemName><CSItemRank>3</CSItemRank><CSItemIsFreeFormat>1</CSItemIsFreeFormat><CSValue><CSValueCode>VA4016932</CSValueCode><CSValueName>608 x 419 x 121</CSValueName><CSValueRank>1</CSValueRank></CSValue><UnitOfMeasure><UnitOfMeasureCode>3000058</UnitOfMeasureCode><UnitOfMeasureName>millimeter</UnitOfMeasureName><UnitOfMeasureSymbol>millimeter</UnitOfMeasureSymbol></UnitOfMeasure></CSItem></CSChapter><CSChapter><CSChapterCode>CH4000702</CSChapterCode><CSChapterName>Gewicht</CSChapterName><CSChapterRank>7</CSChapterRank><CSItem><CSItemCode>IT4005770</CSItemCode><CSItemName>Product met standaard (kg)</CSItemName><CSItemRank>1</CSItemRank><CSItemIsFreeFormat>1</CSItemIsFreeFormat><CSValue><CSValueCode>VA4016936</CSValueCode><CSValueName>3,41</CSValueName><CSValueRank>1</CSValueRank></CSValue><UnitOfMeasure><UnitOfMeasureCode>3000049</UnitOfMeasureCode><UnitOfMeasureName>kilogram</UnitOfMeasureName><UnitOfMeasureSymbol>kg</UnitOfMeasureSymbol></UnitOfMeasure></CSItem><CSItem><CSItemCode>IT4005771</CSItemCode><CSItemName>Product zonder standaard (kg)</CSItemName><CSItemRank>2</CSItemRank><CSItemIsFreeFormat>1</CSItemIsFreeFormat><CSValue><CSValueCode>VA4016937</CSValueCode><CSValueName>3,02</CSValueName><CSValueRank>1</CSValueRank></CSValue><UnitOfMeasure><UnitOfMeasureCode>3000049</UnitOfMeasureCode><UnitOfMeasureName>kilogram</UnitOfMeasureName><UnitOfMeasureSymbol>kg</UnitOfMeasureSymbol></UnitOfMeasure></CSItem><CSItem><CSItemCode>IT4005772</CSItemCode><CSItemName>Product met verpakking (kg)</CSItemName><CSItemRank>3</CSItemRank><CSItemIsFreeFormat>1</CSItemIsFreeFormat><CSValue><CSValueCode>VA4016938</CSValueCode><CSValueName>4,69</CSValueName><CSValueRank>1</CSValueRank></CSValue><UnitOfMeasure><UnitOfMeasureCode>3000049</UnitOfMeasureCode><UnitOfMeasureName>kilogram</UnitOfMeasureName><UnitOfMeasureSymbol>kg</UnitOfMeasureSymbol></UnitOfMeasure></CSItem></CSChapter><CSChapter><CSChapterCode>CH4000823</CSChapterCode><CSChapterName>Voorwaarden voor een goede werking</CSChapterName><CSChapterRank>8</CSChapterRank><CSItem><CSItemCode>IT4004946</CSItemCode><CSItemName>Temperatuurbereik (in bedrijf)</CSItemName><CSItemRank>1</CSItemRank><CSItemIsFreeFormat>1</CSItemIsFreeFormat><CSValue><CSValueCode>VA4015651</CSValueCode><CSValueName>0 °C tot 40 °C</CSValueName><CSValueRank>1</CSValueRank></CSValue><UnitOfMeasure><UnitOfMeasureCode>3000081</UnitOfMeasureCode><UnitOfMeasureName>graden Celsius</UnitOfMeasureName><UnitOfMeasureSymbol>°C</UnitOfMeasureSymbol></UnitOfMeasure></CSItem><CSItem><CSItemCode>IT4004947</CSItemCode><CSItemName>Temperatuurbereik (opslag)</CSItemName><CSItemRank>2</CSItemRank><CSItemIsFreeFormat>1</CSItemIsFreeFormat><CSValue><CSValueCode>VA4015652</CSValueCode><CSValueName>-20 °C tot 60 °C</CSValueName><CSValueRank>1</CSValueRank></CSValue><UnitOfMeasure><UnitOfMeasureCode>3000081</UnitOfMeasureCode><UnitOfMeasureName>graden Celsius</UnitOfMeasureName><UnitOfMeasureSymbol>°C</UnitOfMeasureSymbol></UnitOfMeasure></CSItem><CSItem><CSItemCode>IT4004948</CSItemCode><CSItemName>Relatieve vochtigheid</CSItemName><CSItemRank>3</CSItemRank><CSItemIsFreeFormat>1</CSItemIsFreeFormat><CSValue><CSValueCode>VA4015653</CSValueCode><CSValueName>20%-80</CSValueName><CSValueRank>1</CSValueRank></CSValue><UnitOfMeasure><UnitOfMeasureCode>3000065</UnitOfMeasureCode><UnitOfMeasureName>percentage</UnitOfMeasureName><UnitOfMeasureSymbol>%</UnitOfMeasureSymbol></UnitOfMeasure></CSItem><CSItem><CSItemCode>IT4023612</CSItemCode><CSItemName>Hoogte</CSItemName><CSItemRank>4</CSItemRank><CSItemIsFreeFormat>1</CSItemIsFreeFormat><CSValue><CSValueCode>VA4054761</CSValueCode><CSValueName>In werking: 3658 m, niet in werking: 12.192 m</CSValueName><CSValueRank>1</CSValueRank></CSValue></CSItem><CSItem><CSItemCode>IT4004949</CSItemCode><CSItemName>MTBF</CSItemName><CSItemRank>5</CSItemRank><CSItemIsFreeFormat>1</CSItemIsFreeFormat><CSValue><CSValueCode>VA4015654</CSValueCode><CSValueName>50.000 (achtergrondverlichting niet meegerekend)</CSValueName><CSValueRank>1</CSValueRank></CSValue><UnitOfMeasure><UnitOfMeasureCode>4000007</UnitOfMeasureCode><UnitOfMeasureName>-Uur</UnitOfMeasureName><UnitOfMeasureSymbol>uur</UnitOfMeasureSymbol></UnitOfMeasure></CSItem></CSChapter><CSChapter><CSChapterCode>CH4000822</CSChapterCode><CSChapterName>Duurzaamheid</CSChapterName><CSChapterRank>9</CSChapterRank><CSItem><CSItemCode>IT4004941</CSItemCode><CSItemName>Milieu en energie</CSItemName><CSItemRank>1</CSItemRank><CSItemIsFreeFormat>0</CSItemIsFreeFormat><CSValue><CSValueCode>VA4094404</CSValueCode><CSValueName>EnergyStar 7.0</CSValueName><CSValueRank>1</CSValueRank></CSValue><CSValue><CSValueCode>VA4015646</CSValueCode><CSValueName>EPEAT zilver</CSValueName><CSValueRank>2</CSValueRank></CSValue><CSValue><CSValueCode>VA4015645</CSValueCode><CSValueName>RoHS</CSValueName><CSValueRank>3</CSValueRank></CSValue><CSValue><CSValueCode>VA4033721</CSValueCode><CSValueName>Loodvrij</CSValueName><CSValueRank>4</CSValueRank></CSValue><CSValue><CSValueCode>VA4033722</CSValueCode><CSValueName>Kwikvrij</CSValueName><CSValueRank>5</CSValueRank></CSValue></CSItem><CSItem><CSItemCode>IT4004944</CSItemCode><CSItemName>Recyclebaar verpakkingsmateriaal</CSItemName><CSItemRank>2</CSItemRank><CSItemIsFreeFormat>1</CSItemIsFreeFormat><CSValue><CSValueCode>VA4015649</CSValueCode><CSValueName>100</CSValueName><CSValueRank>1</CSValueRank></CSValue><UnitOfMeasure><UnitOfMeasureCode>3000065</UnitOfMeasureCode><UnitOfMeasureName>percentage</UnitOfMeasureName><UnitOfMeasureSymbol>%</UnitOfMeasureSymbol></UnitOfMeasure></CSItem></CSChapter><CSChapter><CSChapterCode>CH4001161</CSChapterCode><CSChapterName>Voldoet aan de normen</CSChapterName><CSChapterRank>10</CSChapterRank><CSItem><CSItemCode>IT4006152</CSItemCode><CSItemName>Officiële goedkeuringen</CSItemName><CSItemRank>1</CSItemRank><CSItemIsFreeFormat>0</CSItemIsFreeFormat><CSValue><CSValueCode>VA4017361</CSValueCode><CSValueName>CE-markering</CSValueName><CSValueRank>1</CSValueRank></CSValue><CSValue><CSValueCode>VA4027482</CSValueCode><CSValueName>FCC-klasse B</CSValueName><CSValueRank>2</CSValueRank></CSValue><CSValue><CSValueCode>VA4033548</CSValueCode><CSValueName>TCO-gecertificeerd</CSValueName><CSValueRank>3</CSValueRank></CSValue><CSValue><CSValueCode>VA4064941</CSValueCode><CSValueName>cETLus</CSValueName><CSValueRank>4</CSValueRank></CSValue><CSValue><CSValueCode>VA4050621</CSValueCode><CSValueName>TÜV/ISO 9241-307</CSValueName><CSValueRank>5</CSValueRank></CSValue><CSValue><CSValueCode>VA4017528</CSValueCode><CSValueName>BSMI</CSValueName><CSValueRank>6</CSValueRank></CSValue><CSValue><CSValueCode>VA4033549</CSValueCode><CSValueName>PSB</CSValueName><CSValueRank>7</CSValueRank></CSValue><CSValue><CSValueCode>VA4090213</CSValueCode><CSValueName>RCM</CSValueName><CSValueRank>8</CSValueRank></CSValue><CSValue><CSValueCode>VA4085218</CSValueCode><CSValueName>OEKRAÏENS</CSValueName><CSValueRank>9</CSValueRank></CSValue><CSValue><CSValueCode>VA4054941</CSValueCode><CSValueName>EPA</CSValueName><CSValueRank>10</CSValueRank></CSValue><CSValue><CSValueCode>VA4083902</CSValueCode><CSValueName>KC</CSValueName><CSValueRank>11</CSValueRank></CSValue><CSValue><CSValueCode>VA4087279</CSValueCode><CSValueName>KCC</CSValueName><CSValueRank>12</CSValueRank></CSValue><CSValue><CSValueCode>VA4017548</CSValueCode><CSValueName>CECP</CSValueName><CSValueRank>13</CSValueRank></CSValue><CSValue><CSValueCode>VA4033547</CSValueCode><CSValueName>WEEE</CSValueName><CSValueRank>14</CSValueRank></CSValue></CSItem></CSChapter><CSChapter><CSChapterCode>CH4000825</CSChapterCode><CSChapterName>Kast</CSChapterName><CSChapterRank>11</CSChapterRank><CSItem><CSItemCode>IT4004955</CSItemCode><CSItemName>Kleur</CSItemName><CSItemRank>1</CSItemRank><CSItemIsFreeFormat>1</CSItemIsFreeFormat><CSValue><CSValueCode>VA4015660</CSValueCode><CSValueName>Zwart</CSValueName><CSValueRank>1</CSValueRank></CSValue></CSItem><CSItem><CSItemCode>IT4004956</CSItemCode><CSItemName>Afwerking</CSItemName><CSItemRank>2</CSItemRank><CSItemIsFreeFormat>1</CSItemIsFreeFormat><CSValue><CSValueCode>VA4015661</CSValueCode><CSValueName>Haarlijn (voorrand) / structuur (achterzijde)</CSValueName><CSValueRank>1</CSValueRank></CSValue></CSItem></CSChapter><CSChapter><CSChapterCode>CH4008581</CSChapterCode><CSChapterName>Wat zit er in de doos?</CSChapterName><CSChapterRank>13</CSChapterRank><CSItem><CSItemCode>IT4040999</CSItemCode><CSItemName>Monitor met standaard</CSItemName><CSItemRank>1</CSItemRank><CSItemIsFreeFormat>1</CSItemIsFreeFormat><CSValue><CSValueCode>VA4095569</CSValueCode><CSValueName>Ja</CSValueName><CSValueRank>1</CSValueRank></CSValue></CSItem><CSItem><CSItemCode>IT4041000</CSItemCode><CSItemName>Kabels</CSItemName><CSItemRank>2</CSItemRank><CSItemIsFreeFormat>1</CSItemIsFreeFormat><CSValue><CSValueCode>VA4095570</CSValueCode><CSValueName>D-Sub-kabel, voedingskabel</CSValueName><CSValueRank>1</CSValueRank></CSValue></CSItem><CSItem><CSItemCode>IT4041030</CSItemCode><CSItemName>Gebruikersdocumentatie</CSItemName><CSItemRank>3</CSItemRank><CSItemIsFreeFormat>1</CSItemIsFreeFormat><CSValue><CSValueCode>VA4095604</CSValueCode><CSValueName>Ja</CSValueName><CSValueRank>1</CSValueRank></CSValue></CSItem></CSChapter><Filters><Purpose type="Comparison"><Features><Feature code="F400044233" rank="1" referenceName="LED technology for vivid colors"/><Feature code="F400071757" rank="2" referenceName="16:9 Full HD display_2015"/><Feature code="F400044232" rank="3" referenceName="SmartContrast for rich black details"/><Feature code="F400027327" rank="4" referenceName="HDMI Ready(entertainment)"/><Feature code="F400019722" rank="5" referenceName="Mercury Free"/><Feature code="F400054363" rank="6" referenceName="Compact design saves space"/><Feature code="F400044228" rank="7" referenceName="VESA mount allows for flexibility"/></Features><CSItems><CSItem code="3006169" rank="1" referenceName="Beeld/scherm - Type LCD-scherm"/><CSItem code="3006576" rank="1" referenceName="Connectiviteit - Signaalinvoer"/><CSItem code="3006633" rank="1" referenceName="Comfort - Gebruikersgemak"/><CSItem code="IT4004954" rank="1" referenceName="Standaard - Kantelfunctie"/><CSItem code="IT4005861" rank="1" referenceName="Vermogen - Ingeschakeld"/><CSItem code="IT4005764" rank="1" referenceName="Afmetingen - Product met standaard (mm)"/><CSItem code="IT4005770" rank="1" referenceName="Gewicht - Product met standaard (kg)"/><CSItem code="IT4004946" rank="1" referenceName="Voorwaarden voor een goede werking - Temperatuurbereik (in bedrijf)"/><CSItem code="IT4004941" rank="1" referenceName="Duurzaamheid - Milieu en energie"/><CSItem code="IT4006152" rank="1" referenceName="Voldoet aan de normen - Officiële goedkeuringen"/><CSItem code="IT4004955" rank="1" referenceName="Kast - Kleur"/><CSItem code="IT4040999" rank="1" referenceName="Wat zit er in de doos? - Monitor met standaard"/><CSItem code="IT4007209" rank="2" referenceName="Beeld/scherm - Type achtergrondverlichting"/><CSItem code="3006588" rank="2" referenceName="Connectiviteit - Gesynchroniseerde invoer"/><CSItem code="3006693" rank="2" referenceName="Comfort - OSD-talen"/><CSItem code="IT4006150" rank="2" referenceName="Vermogen - Stand-bymodus"/><CSItem code="IT4005765" rank="2" referenceName="Afmetingen - Product zonder standaard (mm)"/><CSItem code="IT4005771" rank="2" referenceName="Gewicht - Product zonder standaard (kg)"/><CSItem code="IT4004947" rank="2" referenceName="Voorwaarden voor een goede werking - Temperatuurbereik (opslag)"/><CSItem code="IT4004944" rank="2" referenceName="Duurzaamheid - Recyclebaar verpakkingsmateriaal"/><CSItem code="IT4004956" rank="2" referenceName="Kast - Afwerking"/><CSItem code="IT4041000" rank="2" referenceName="Wat zit er in de doos? - Kabels"/><CSItem code="3006180" rank="3" referenceName="Beeld/scherm - Schermgrootte"/><CSItem code="3006694" rank="3" referenceName="Comfort - Andere handige opties"/><CSItem code="IT4006081" rank="3" referenceName="Vermogen - Uitmodus"/><CSItem code="IT4005766" rank="3" referenceName="Afmetingen - Verpakking in mm (b x h x d)"/><CSItem code="IT4005772" rank="3" referenceName="Gewicht - Product met verpakking (kg)"/><CSItem code="IT4004948" rank="3" referenceName="Voorwaarden voor een goede werking - Relatieve vochtigheid"/><CSItem code="IT4041030" rank="3" referenceName="Wat zit er in de doos? - Gebruikersdocumentatie"/><CSItem code="3006149" rank="4" referenceName="Beeld/scherm - Effectief weergavegebied"/><CSItem code="3006699" rank="4" referenceName="Comfort - Plug &amp; Play-compatibiliteit"/><CSItem code="3006931" rank="4" referenceName="Vermogen - LED-indicator voor voeding"/><CSItem code="IT4023612" rank="4" referenceName="Voorwaarden voor een goede werking - Hoogte"/><CSItem code="3006121" rank="5" referenceName="Beeld/scherm - Beeldformaat"/><CSItem code="3006932" rank="5" referenceName="Vermogen - Stroomvoorziening"/><CSItem code="IT4004949" rank="5" referenceName="Voorwaarden voor een goede werking - MTBF"/><CSItem code="3006193" rank="6" referenceName="Beeld/scherm - Optimale resolutie"/><CSItem code="IT4039893" rank="7" referenceName="Beeld/scherm - Responstijd (normaal)"/><CSItem code="IT4041772" rank="8" referenceName="Beeld/scherm - Pixeldichtheid"/><CSItem code="3006127" rank="9" referenceName="Beeld/scherm - Helderheid"/><CSItem code="IT4006148" rank="10" referenceName="Beeld/scherm - SmartContrast"/><CSItem code="3006133" rank="11" referenceName="Beeld/scherm - Contrastverhouding (normaal)"/><CSItem code="3006186" rank="12" referenceName="Beeld/scherm - Pixelpitch"/><CSItem code="3007518" rank="13" referenceName="Beeld/scherm - Kijkhoek"/><CSItem code="3006143" rank="14" referenceName="Beeld/scherm - Schermkleuren"/><CSItem code="IT4006149" rank="15" referenceName="Beeld/scherm - Scanfrequentie"/><CSItem code="3006207" rank="16" referenceName="Beeld/scherm - sRGB"/></CSItems></Purpose><Purpose type="Detail"><Features><Feature code="F400044233" rank="1" referenceName="LED technology for vivid colors"/><Feature code="F400071757" rank="2" referenceName="16:9 Full HD display_2015"/><Feature code="F400044232" rank="3" referenceName="SmartContrast for rich black details"/><Feature code="F400027327" rank="4" referenceName="HDMI Ready(entertainment)"/><Feature code="F400019722" rank="5" referenceName="Mercury Free"/><Feature code="F400054363" rank="6" referenceName="Compact design saves space"/><Feature code="F400044228" rank="7" referenceName="VESA mount allows for flexibility"/></Features><CSItems><CSItem code="3006169" rank="1" referenceName="Beeld/scherm - Type LCD-scherm"/><CSItem code="3006576" rank="1" referenceName="Connectiviteit - Signaalinvoer"/><CSItem code="3006633" rank="1" referenceName="Comfort - Gebruikersgemak"/><CSItem code="IT4004954" rank="1" referenceName="Standaard - Kantelfunctie"/><CSItem code="IT4005861" rank="1" referenceName="Vermogen - Ingeschakeld"/><CSItem code="IT4005764" rank="1" referenceName="Afmetingen - Product met standaard (mm)"/><CSItem code="IT4005770" rank="1" referenceName="Gewicht - Product met standaard (kg)"/><CSItem code="IT4004946" rank="1" referenceName="Voorwaarden voor een goede werking - Temperatuurbereik (in bedrijf)"/><CSItem code="IT4004941" rank="1" referenceName="Duurzaamheid - Milieu en energie"/><CSItem code="IT4006152" rank="1" referenceName="Voldoet aan de normen - Officiële goedkeuringen"/><CSItem code="IT4004955" rank="1" referenceName="Kast - Kleur"/><CSItem code="IT4040999" rank="1" referenceName="Wat zit er in de doos? - Monitor met standaard"/><CSItem code="IT4007209" rank="2" referenceName="Beeld/scherm - Type achtergrondverlichting"/><CSItem code="3006588" rank="2" referenceName="Connectiviteit - Gesynchroniseerde invoer"/><CSItem code="3006693" rank="2" referenceName="Comfort - OSD-talen"/><CSItem code="IT4006150" rank="2" referenceName="Vermogen - Stand-bymodus"/><CSItem code="IT4005765" rank="2" referenceName="Afmetingen - Product zonder standaard (mm)"/><CSItem code="IT4005771" rank="2" referenceName="Gewicht - Product zonder standaard (kg)"/><CSItem code="IT4004947" rank="2" referenceName="Voorwaarden voor een goede werking - Temperatuurbereik (opslag)"/><CSItem code="IT4004944" rank="2" referenceName="Duurzaamheid - Recyclebaar verpakkingsmateriaal"/><CSItem code="IT4004956" rank="2" referenceName="Kast - Afwerking"/><CSItem code="IT4041000" rank="2" referenceName="Wat zit er in de doos? - Kabels"/><CSItem code="3006180" rank="3" referenceName="Beeld/scherm - Schermgrootte"/><CSItem code="3006694" rank="3" referenceName="Comfort - Andere handige opties"/><CSItem code="IT4006081" rank="3" referenceName="Vermogen - Uitmodus"/><CSItem code="IT4005766" rank="3" referenceName="Afmetingen - Verpakking in mm (b x h x d)"/><CSItem code="IT4005772" rank="3" referenceName="Gewicht - Product met verpakking (kg)"/><CSItem code="IT4004948" rank="3" referenceName="Voorwaarden voor een goede werking - Relatieve vochtigheid"/><CSItem code="IT4041030" rank="3" referenceName="Wat zit er in de doos? - Gebruikersdocumentatie"/><CSItem code="3006149" rank="4" referenceName="Beeld/scherm - Effectief weergavegebied"/><CSItem code="3006699" rank="4" referenceName="Comfort - Plug &amp; Play-compatibiliteit"/><CSItem code="3006931" rank="4" referenceName="Vermogen - LED-indicator voor voeding"/><CSItem code="IT4023612" rank="4" referenceName="Voorwaarden voor een goede werking - Hoogte"/><CSItem code="3006121" rank="5" referenceName="Beeld/scherm - Beeldformaat"/><CSItem code="3006932" rank="5" referenceName="Vermogen - Stroomvoorziening"/><CSItem code="IT4004949" rank="5" referenceName="Voorwaarden voor een goede werking - MTBF"/><CSItem code="3006193" rank="6" referenceName="Beeld/scherm - Optimale resolutie"/><CSItem code="IT4039893" rank="7" referenceName="Beeld/scherm - Responstijd (normaal)"/><CSItem code="IT4041772" rank="8" referenceName="Beeld/scherm - Pixeldichtheid"/><CSItem code="3006127" rank="9" referenceName="Beeld/scherm - Helderheid"/><CSItem code="IT4006148" rank="10" referenceName="Beeld/scherm - SmartContrast"/><CSItem code="3006133" rank="11" referenceName="Beeld/scherm - Contrastverhouding (normaal)"/><CSItem code="3006186" rank="12" referenceName="Beeld/scherm - Pixelpitch"/><CSItem code="3007518" rank="13" referenceName="Beeld/scherm - Kijkhoek"/><CSItem code="3006143" rank="14" referenceName="Beeld/scherm - Schermkleuren"/><CSItem code="IT4006149" rank="15" referenceName="Beeld/scherm - Scanfrequentie"/><CSItem code="3006207" rank="16" referenceName="Beeld/scherm - sRGB"/></CSItems></Purpose></Filters><FeatureCompareGroups/><Disclaimers><Disclaimer code="DIS40009731" rank="1" referenceName="Response time value equal to SmartResponse"><DisclaimerText>Waarde responstijd gelijk aan SmartResponse</DisclaimerText><DisclaimElements/></Disclaimer></Disclaimers><RichTexts/></Product></Products>