<?xml version="1.0" encoding="UTF-8"?><Products xmlns:source="http://apache.org/cocoon/source/1.0" DocStatus="approved" DocTimeStamp="2018-10-27T23:56:13"><Product Country="NL" IsAccessory="false" IsLocalized="true" IsMaster="false" Locale="nl_NL" lastModified="2018-10-26T04:44:29" masterLastModified="2018-06-14T00:26:01"><CTN>1740193P0</CTN><Code12NC>915005561201</Code12NC><GTIN>8718696166048</GTIN><MarketingVersion>5.1.1</MarketingVersion><MarketingStatus>Final Published</MarketingStatus><CRDate>2017-05-19</CRDate><CRDateYW>201720</CRDateYW><ModelYears><ModelYear>2017</ModelYear></ModelYears><ProductDivision><ProductDivisionCode>0100</ProductDivisionCode><ProductDivisionName>Lighting</ProductDivisionName><FormerPDCode>0100</FormerPDCode></ProductDivision><ProductOwner>Erwin Deproost</ProductOwner><DTN>17401/93/P0</DTN><Catalog><StartOfPublication>2018-05-09T00:00:00</StartOfPublication><EndOfPublication>2023-05-09T00:00:00</EndOfPublication><StartOfSales>2018-05-09T00:00:00</StartOfSales><EndOfSales>2023-05-09T00:00:00</EndOfSales><DummyPrice/><Deleted>false</Deleted><DeleteAfterDate/><ProductRank>50</ProductRank></Catalog><FinancialCategorization><BusinessGroupCode>9021</BusinessGroupCode><BusinessGroupName>Home</BusinessGroupName><BusinessUnitCode>9159</BusinessUnitCode><BusinessUnitName>Home Luminaires</BusinessUnitName><MainArticleGroupCode>G79</MainArticleGroupCode><MainArticleGroupName>Outdoor</MainArticleGroupName><ArticleGroupCode>4927</ArticleGroupCode><ArticleGroupName>Outdoor Wall</ArticleGroupName></FinancialCategorization><Categorization type="CONSUMER"><GroupCode>LIGHTING_GR</GroupCode><GroupName>Lighting</GroupName><CategoryCode>HUEWIRELESS_CA</CategoryCode><CategoryName>Hue</CategoryName><SubcategoryCode>LAMPS_SU</SubcategoryCode><SubcategoryName>Lamps</SubcategoryName></Categorization><Assets><Asset code="1740193P0" description="Single product shot" extension="" lastModified="2018-10-26" locale="nl_NL" number="" type="IMS">http://images.philips.com/is/image/PhilipsConsumer/1740193P0-IMS-nl_NL</Asset><Asset code="1740193P0" description="Product gallery image set" extension="" lastModified="2018-10-26" locale="nl_NL" number="" type="GAL">http://images.philips.com/is/image/PhilipsConsumer/1740193P0-GAL-nl_NL</Asset><Asset code="1740193P0" description="Product URL" extension="" lastModified="2018-10-26" locale="nl_NL" number="" type="URL">http://www.philips.nl/c-p/1740193P0/hue-white-lucca-buitenwandlamp</Asset></Assets><ProductName>Inclusief Hue White-lamp, Lucca Buitenwandlamp</ProductName><FullProductName>Philips Hue White Lucca-buitenwandlamp 17401/93/P0 Inclusief Hue White-lamp, Warm wit licht (2700K), Slimme bediening met Hue bridge*</FullProductName><NamingString><MasterBrand><BrandCode>PHI</BrandCode><BrandName>Philips</BrandName></MasterBrand><BrandString>Philips</BrandString><Family><FamilyCode>PLM0345001</FamilyCode><FamilyName>Hue White</FamilyName><FamilyNameUsed>1</FamilyNameUsed></Family><Descriptor><DescriptorCode>PLM1000119</DescriptorCode><DescriptorName>Lucca-buitenwandlamp</DescriptorName></Descriptor><Alphanumeric>17401/93/P0</Alphanumeric><VersionElement1><VersionElementCode>PLM1000162</VersionElementCode><VersionElementName>Inclusief Hue White-lamp</VersionElementName></VersionElement1><VersionElement2><VersionElementCode>PLM1000163</VersionElementCode><VersionElementName>Warmwit licht (2700 K)</VersionElementName></VersionElement2><VersionElement3><VersionElementCode>PLM1000044</VersionElementCode><VersionElementName>Slimme bediening met Hue bridge*</VersionElementName></VersionElement3><VersionString>Inclusief Hue White-lamp, Warm wit licht (2700K), Slimme bediening met Hue bridge*</VersionString><BrandedFeatureString/><DescriptorBrandedFeatureString>Lucca-buitenwandlamp</DescriptorBrandedFeatureString></NamingString><WOW>Automatiseer je lampen</WOW><SubWOW>voor eenvoudige bediening en comfort</SubWOW><MarketingTextHeader>Breid je Hue-systeem nu uit naar buiten. De Lucca wandlantaarn kan rechtstreeks worden gekoppeld aan je bestaande Hue bridge, voor toegang tot alle functies – van bediening als je niet thuis bent tot geofencing-technologie en planning. De Hue bridge wordt niet meegeleverd.</MarketingTextHeader><KeyBenefitArea><KeyBenefitAreaCode>K4034643</KeyBenefitAreaCode><KeyBenefitAreaName>Eenvoudige bediening en comfort</KeyBenefitAreaName><KeyBenefitAreaRank>1</KeyBenefitAreaRank><Feature><FeatureCode>F400086670</FeatureCode><FeatureReferenceName>Set your lights to welcome you home (Hue outdoor)</FeatureReferenceName><FeatureName>Welkomstverlichting</FeatureName><FeatureLongDescription>Stel je lampen in om je thuis te verwelkomen</FeatureLongDescription><FeatureGlossary>Ervaar het comfort van uw verlichting die automatisch inschakelt wanneer u thuiskomt en uitgaat wanneer u vertrekt. Zo kunt u altijd met de perfecte verlichting de auto uitladen en naar binnen gaan. Stel de Hue-app in op de Home or Away-modus om al uw lampen tegelijk in te schakelen, of laat de geolocatiefunctie dat voor u doen met één druk op de knop. Dat is alles.</FeatureGlossary><FeatureRank>1</FeatureRank><FeatureTopRank>1</FeatureTopRank></Feature><Feature><FeatureCode>F400086671</FeatureCode><FeatureReferenceName>Smart control, home and away (Hue outdoor)</FeatureReferenceName><FeatureName>Slimme bediening, thuis en als je weg bent</FeatureName><FeatureLongDescription>Slimme bediening, thuis en als je weg bent</FeatureLongDescription><FeatureGlossary>Verlicht je buitenomgeving en houd alles in de gaten. Door je buitenverlichting aan de Hue bridge te koppelen, kun je deze op alle mogelijke manieren bedienen. Gebruik de Philips Hue-binnenschakelaars of de Philips Hue-app op je apparaat. Je kunt zelfs je buitenverlichting bedienen met spraakcommando's (Amazon Alexa, Apple HomeKit of Google Assistant). Stel lichtschema's in om je normale aanwezigheid na te bootsen. Bedien je buitenverlichting vanuit je luie stoel of vanaf waar je ook bent.</FeatureGlossary><FeatureRank>2</FeatureRank><FeatureTopRank>2</FeatureTopRank></Feature><Feature><FeatureCode>F400086672</FeatureCode><FeatureReferenceName>Set timers for your convenience (Hue outdoor)</FeatureReferenceName><FeatureName>Stel handige timers in</FeatureName><FeatureLongDescription>Stel handige timers in</FeatureLongDescription><FeatureGlossary>Geniet van langere avonden buiten, maak nog een laatste klusje af in de tuin of zet het afval buiten na zonsondergang. Uw Philips Hue-verlichting kan automatisch inschakelen volgens een tijdschema of op basis van zonsopgang en zonsondergang. En uiteraard kunt u uw verlichting op deze manier ook uitschakelen of dimmen. Zo hoeft u zich geen zorgen meer te maken dat er nog lampen aan zijn.</FeatureGlossary><FeatureRank>3</FeatureRank><FeatureTopRank>3</FeatureTopRank></Feature><Feature><FeatureCode>F400086673</FeatureCode><FeatureReferenceName>Installation free dimming (Hue outdoor)</FeatureReferenceName><FeatureName>Dimmen zonder installatie</FeatureName><FeatureLongDescription>Dimmen zonder installatie</FeatureLongDescription><FeatureGlossary>Ervaar het gegarandeerd soepel dimmen met Philips Hue. Niet te licht. Niet te donker. Precies goed. En dat zonder bedrading, elektricien of installatiewerk.</FeatureGlossary><FeatureRank>5</FeatureRank><FeatureTopRank>4</FeatureTopRank></Feature><Feature><FeatureCode>F400086678</FeatureCode><FeatureReferenceName>Control it your way (Hue outdoor)</FeatureReferenceName><FeatureName>Bedien het op jouw manier</FeatureName><FeatureLongDescription>Bedien het op jouw manier</FeatureLongDescription><FeatureGlossary>Verbind uw Philips Hue-lampen met de bridge en ontdek de eindeloze mogelijkheden. Bedien lampen vanaf uw smartphone of tablet via de Philips Hue-app of voeg binnenschakelaars toe aan het systeem om de verlichting aan te passen. Stel timers, waarschuwingen, alarmen en meer in, voor een complete beleving van Philips Hue. Philips Hue werkt zelfs met Amazon Alexa, Apple HomeKit en Google Assistant zodat u uw lampen met uw eigen stem kunt bedienen.</FeatureGlossary><FeatureRank>6</FeatureRank><FeatureTopRank>5</FeatureTopRank></Feature></KeyBenefitArea><KeyBenefitArea><KeyBenefitAreaCode>K4035539</KeyBenefitAreaCode><KeyBenefitAreaName>Speciaal ontworpen voor buiten</KeyBenefitAreaName><KeyBenefitAreaRank>2</KeyBenefitAreaRank><Feature><FeatureCode>F400086677</FeatureCode><FeatureReferenceName>Weather-proof (IP44) (Hue outdoor)</FeatureReferenceName><FeatureName>Weerbestendig (IP44)</FeatureName><FeatureLongDescription>Weerbestendig (IP44)</FeatureLongDescription><FeatureGlossary>Deze Philips Hue-buitenarmatuur is speciaal ontworpen voor gebruik in buitenomgevingen en is uitvoerig getest. Het IP-niveau wordt aangegeven met twee cijfers: het eerste cijfer geeft het beschermingsniveau tegen stof aan en het tweede cijfer geeft de vochtbestendigheid aan. Deze lamp is met IP44 ontworpen: hij is spatwaterdicht vanuit alle richtingen. Hierdoor is hij ideaal voor algemeen gebruik buitenshuis.</FeatureGlossary><FeatureRank>7</FeatureRank><FeatureTopRank>6</FeatureTopRank></Feature><Feature><FeatureCode>F400086686</FeatureCode><FeatureReferenceName>High-quality aluminum and superior synthetics (Hue outdoor)</FeatureReferenceName><FeatureName>Hoge kwaliteit</FeatureName><FeatureLongDescription>Hoogwaardig aluminium en synthetische materialen</FeatureLongDescription><FeatureGlossary>Deze producten worden specifiek gemaakt voor buitengebruik. Wij gebruiken materialen van de hoogste kwaliteit voor de allerbeste prestaties in buitenomgevingen en houden daarbij rekening met slim materiaalgebruik voor optimale radiocommunicatie.</FeatureGlossary><FeatureRank>4</FeatureRank><FeatureTopRank>8</FeatureTopRank></Feature></KeyBenefitArea><KeyBenefitArea><KeyBenefitAreaCode>K4034656</KeyBenefitAreaCode><KeyBenefitAreaName>Volledige controle vanaf smartphone of tablet met de Hue Bridge</KeyBenefitAreaName><KeyBenefitAreaRank>3</KeyBenefitAreaRank><Feature><FeatureCode>F400086675</FeatureCode><FeatureReferenceName>Requires a Philips Hue bridge (Hue outdoor)</FeatureReferenceName><FeatureName>Vereist een Philips Hue Bridge</FeatureName><FeatureLongDescription>Vereist een Philips Hue Bridge</FeatureLongDescription><FeatureGlossary>Verbind uw Philips Hue-lampen met de Bridge om ze te kunnen bedienen via de Philips Hue-app op uw smartphone of tablet. Of bedien uw Philips Hue-lampen met de Philips Hue-binnendimmer voor aan/uit- en dimfuncties.</FeatureGlossary><FeatureRank>8</FeatureRank><FeatureTopRank>7</FeatureTopRank></Feature></KeyBenefitArea><FeatureImage><FeatureCode>F400086670</FeatureCode><FeatureReferenceName>Set your lights to welcome you home (Hue outdoor)</FeatureReferenceName><FeatureImageRank>1</FeatureImageRank></FeatureImage><FeatureImage><FeatureCode>F400086671</FeatureCode><FeatureReferenceName>Smart control, home and away (Hue outdoor)</FeatureReferenceName><FeatureImageRank>2</FeatureImageRank></FeatureImage><FeatureImage><FeatureCode>F400086672</FeatureCode><FeatureReferenceName>Set timers for your convenience (Hue outdoor)</FeatureReferenceName><FeatureImageRank>3</FeatureImageRank></FeatureImage><FeatureImage><FeatureCode>F400086673</FeatureCode><FeatureReferenceName>Installation free dimming (Hue outdoor)</FeatureReferenceName><FeatureImageRank>4</FeatureImageRank></FeatureImage><FeatureImage><FeatureCode>F400086678</FeatureCode><FeatureReferenceName>Control it your way (Hue outdoor)</FeatureReferenceName><FeatureImageRank>5</FeatureImageRank></FeatureImage><FeatureImage><FeatureCode>F400086677</FeatureCode><FeatureReferenceName>Weather-proof (IP44) (Hue outdoor)</FeatureReferenceName><FeatureImageRank>6</FeatureImageRank></FeatureImage><FeatureImage><FeatureCode>F400086675</FeatureCode><FeatureReferenceName>Requires a Philips Hue bridge (Hue outdoor)</FeatureReferenceName><FeatureImageRank>7</FeatureImageRank></FeatureImage><FeatureImage><FeatureCode>F400086686</FeatureCode><FeatureReferenceName>High-quality aluminum and superior synthetics (Hue outdoor)</FeatureReferenceName><FeatureImageRank>8</FeatureImageRank></FeatureImage><FeatureHighlight><FeatureCode>F400086670</FeatureCode><FeatureReferenceName>Set your lights to welcome you home (Hue outdoor)</FeatureReferenceName><FeatureHighlightRank>1</FeatureHighlightRank></FeatureHighlight><FeatureHighlight><FeatureCode>F400086671</FeatureCode><FeatureReferenceName>Smart control, home and away (Hue outdoor)</FeatureReferenceName><FeatureHighlightRank>2</FeatureHighlightRank></FeatureHighlight><FeatureHighlight><FeatureCode>F400086672</FeatureCode><FeatureReferenceName>Set timers for your convenience (Hue outdoor)</FeatureReferenceName><FeatureHighlightRank>3</FeatureHighlightRank></FeatureHighlight><FeatureHighlight><FeatureCode>F400086673</FeatureCode><FeatureReferenceName>Installation free dimming (Hue outdoor)</FeatureReferenceName><FeatureHighlightRank>4</FeatureHighlightRank></FeatureHighlight><FeatureHighlight><FeatureCode>F400086678</FeatureCode><FeatureReferenceName>Control it your way (Hue outdoor)</FeatureReferenceName><FeatureHighlightRank>5</FeatureHighlightRank></FeatureHighlight><FeatureHighlight><FeatureCode>F400086677</FeatureCode><FeatureReferenceName>Weather-proof (IP44) (Hue outdoor)</FeatureReferenceName><FeatureHighlightRank>6</FeatureHighlightRank></FeatureHighlight><FeatureHighlight><FeatureCode>F400086675</FeatureCode><FeatureReferenceName>Requires a Philips Hue bridge (Hue outdoor)</FeatureReferenceName><FeatureHighlightRank>7</FeatureHighlightRank></FeatureHighlight><FeatureHighlight><FeatureCode>F400086686</FeatureCode><FeatureReferenceName>High-quality aluminum and superior synthetics (Hue outdoor)</FeatureReferenceName><FeatureHighlightRank>8</FeatureHighlightRank></FeatureHighlight><CSChapter><CSChapterCode>PLMCHP010</CSChapterCode><CSChapterName>design en afwerking</CSChapterName><CSChapterRank>10</CSChapterRank><CSItem><CSItemCode>PLMITM010001</CSItemCode><CSItemName>Materiaal</CSItemName><CSItemRank>1</CSItemRank><CSItemIsFreeFormat>0</CSItemIsFreeFormat><CSValue><CSValueCode>PLMATR0105AL</CSValueCode><CSValueName>aluminium</CSValueName><CSValueRank>1</CSValueRank></CSValue></CSItem><CSItem><CSItemCode>PLMITM010002</CSItemCode><CSItemName>Kleur</CSItemName><CSItemRank>2</CSItemRank><CSItemIsFreeFormat>0</CSItemIsFreeFormat><CSValue><CSValueCode>PLMATR0183009</CSValueCode><CSValueName>antraciet</CSValueName><CSValueRank>1</CSValueRank></CSValue></CSItem></CSChapter><CSChapter><CSChapterCode>PLMCHP030</CSChapterCode><CSChapterName>Afmetingen en gewicht van product</CSChapterName><CSChapterRank>30</CSChapterRank><CSItem><CSItemCode>PLMITM030001</CSItemCode><CSItemName>Hoogte</CSItemName><CSItemRank>1</CSItemRank><CSItemIsFreeFormat>1</CSItemIsFreeFormat><CSValue><CSValueCode>VA4042333</CSValueCode><CSValueName>11,5</CSValueName><CSValueRank>1</CSValueRank></CSValue><UnitOfMeasure><UnitOfMeasureCode>3000039</UnitOfMeasureCode><UnitOfMeasureName>centimeter</UnitOfMeasureName><UnitOfMeasureSymbol>cm</UnitOfMeasureSymbol></UnitOfMeasure></CSItem><CSItem><CSItemCode>PLMITM030004</CSItemCode><CSItemName>Lengte</CSItemName><CSItemRank>4</CSItemRank><CSItemIsFreeFormat>1</CSItemIsFreeFormat><CSValue><CSValueCode>VA4042309</CSValueCode><CSValueName>21,5</CSValueName><CSValueRank>1</CSValueRank></CSValue><UnitOfMeasure><UnitOfMeasureCode>3000039</UnitOfMeasureCode><UnitOfMeasureName>centimeter</UnitOfMeasureName><UnitOfMeasureSymbol>cm</UnitOfMeasureSymbol></UnitOfMeasure></CSItem><CSItem><CSItemCode>PLMITM030005</CSItemCode><CSItemName>Breedte</CSItemName><CSItemRank>5</CSItemRank><CSItemIsFreeFormat>1</CSItemIsFreeFormat><CSValue><CSValueCode>VA4042311</CSValueCode><CSValueName>17</CSValueName><CSValueRank>1</CSValueRank></CSValue><UnitOfMeasure><UnitOfMeasureCode>3000039</UnitOfMeasureCode><UnitOfMeasureName>centimeter</UnitOfMeasureName><UnitOfMeasureSymbol>cm</UnitOfMeasureSymbol></UnitOfMeasure></CSItem><CSItem><CSItemCode>PLMITM030006</CSItemCode><CSItemName>Nettogewicht</CSItemName><CSItemRank>6</CSItemRank><CSItemIsFreeFormat>1</CSItemIsFreeFormat><CSValue><CSValueCode>VA4042308</CSValueCode><CSValueName>1,065</CSValueName><CSValueRank>1</CSValueRank></CSValue><UnitOfMeasure><UnitOfMeasureCode>3000049</UnitOfMeasureCode><UnitOfMeasureName>kilogram</UnitOfMeasureName><UnitOfMeasureSymbol>kg</UnitOfMeasureSymbol></UnitOfMeasure></CSItem></CSChapter><CSChapter><CSChapterCode>PLMCHP040</CSChapterCode><CSChapterName>Technische specificaties</CSChapterName><CSChapterRank>40</CSChapterRank><CSItem><CSItemCode>PLMITM040001</CSItemCode><CSItemName>Netspanning</CSItemName><CSItemRank>1</CSItemRank><CSItemIsFreeFormat>0</CSItemIsFreeFormat><CSValue><CSValueCode>PLMATR0719220-240</CSValueCode><CSValueName>Bereik 220 V - 240 V</CSValueName><CSValueRank>1</CSValueRank></CSValue><CSValue><CSValueCode>PLMATR067350/60HZ</CSValueCode><CSValueName>50-60 Hz</CSValueName><CSValueRank>2</CSValueRank></CSValue></CSItem><CSItem><CSItemCode>PLMITM040002</CSItemCode><CSItemName>Lamptechnologie</CSItemName><CSItemRank>2</CSItemRank><CSItemIsFreeFormat>0</CSItemIsFreeFormat><CSValue><CSValueCode>PLMATRBOIBULB10131LED</CSValueCode><CSValueName>LED</CSValueName><CSValueRank>1</CSValueRank></CSValue><CSValue><CSValueCode>PLMATR0329230</CSValueCode><CSValueName>230 V</CSValueName><CSValueRank>2</CSValueRank></CSValue></CSItem><CSItem><CSItemCode>PLMITM040003</CSItemCode><CSItemName>Aantal lampen</CSItemName><CSItemRank>3</CSItemRank><CSItemIsFreeFormat>1</CSItemIsFreeFormat><CSValue><CSValueCode>VA4042306</CSValueCode><CSValueName>1</CSValueName><CSValueRank>1</CSValueRank></CSValue></CSItem><CSItem><CSItemCode>PLMITM040004</CSItemCode><CSItemName>Lamphouder/lampvoet</CSItemName><CSItemRank>4</CSItemRank><CSItemIsFreeFormat>0</CSItemIsFreeFormat><CSValue><CSValueCode>PLMATR0341E27</CSValueCode><CSValueName>E27</CSValueName><CSValueRank>1</CSValueRank></CSValue></CSItem><CSItem><CSItemCode>PLMITM040005</CSItemCode><CSItemName>Vermogen meegeleverde lamp</CSItemName><CSItemRank>5</CSItemRank><CSItemIsFreeFormat>0</CSItemIsFreeFormat><CSValue><CSValueCode>PLMATR04609_5</CSValueCode><CSValueName>9,5 W</CSValueName><CSValueRank>1</CSValueRank></CSValue></CSItem><CSItem><CSItemCode>PLMITM040006</CSItemCode><CSItemName>Maximaal vermogen vervangende lamp</CSItemName><CSItemRank>6</CSItemRank><CSItemIsFreeFormat>0</CSItemIsFreeFormat><CSValue><CSValueCode>PLMATR03339_5</CSValueCode><CSValueName>9,5 W</CSValueName><CSValueRank>1</CSValueRank></CSValue></CSItem><CSItem><CSItemCode>PLMITM040007</CSItemCode><CSItemName>Lichtkleur</CSItemName><CSItemRank>7</CSItemRank><CSItemIsFreeFormat>0</CSItemIsFreeFormat><CSValue><CSValueCode>PLMATRBOIBULB106242700_K</CSValueCode><CSValueName>warm wit</CSValueName><CSValueRank>1</CSValueRank></CSValue></CSItem><CSItem><CSItemCode>PLMITM0400013</CSItemCode><CSItemName>Dimbaar armatuur</CSItemName><CSItemRank>13</CSItemRank><CSItemIsFreeFormat>0</CSItemIsFreeFormat><CSValue><CSValueCode>PLMATR1075Y</CSValueCode><CSValueName>Ja</CSValueName><CSValueRank>1</CSValueRank></CSValue></CSItem><CSItem><CSItemCode>PLMITM0400014</CSItemCode><CSItemName>LED</CSItemName><CSItemRank>14</CSItemRank><CSItemIsFreeFormat>0</CSItemIsFreeFormat><CSValue><CSValueCode>PLMATR0814Y</CSValueCode><CSValueName>Ja</CSValueName><CSValueRank>1</CSValueRank></CSValue></CSItem><CSItem><CSItemCode>PLMITM0400015</CSItemCode><CSItemName>Geïntegreerde LED</CSItemName><CSItemRank>15</CSItemRank><CSItemIsFreeFormat>0</CSItemIsFreeFormat><CSValue><CSValueCode>PLMATR1095EEL01-3</CSValueCode><CSValueName>NO</CSValueName><CSValueRank>1</CSValueRank></CSValue></CSItem><CSItem><CSItemCode>PLMITM0400016</CSItemCode><CSItemName>Energieklasse meegeleverde lichtbron</CSItemName><CSItemRank>16</CSItemRank><CSItemIsFreeFormat>0</CSItemIsFreeFormat><CSValue><CSValueCode>PLMATR1095EEL02-1</CSValueCode><CSValueName>A+</CSValueName><CSValueRank>1</CSValueRank></CSValue></CSItem><CSItem><CSItemCode>PLMITM0400017</CSItemCode><CSItemName>Armatuur is compatibel met lamp(en) uit klasse</CSItemName><CSItemRank>17</CSItemRank><CSItemIsFreeFormat>0</CSItemIsFreeFormat><CSValue><CSValueCode>PLMATR1095EEL01-2</CSValueCode><CSValueName>A++ t/m E</CSValueName><CSValueRank>1</CSValueRank></CSValue></CSItem><CSItem><CSItemCode>PLMITM0400018</CSItemCode><CSItemName>Levensduur tot</CSItemName><CSItemRank>18</CSItemRank><CSItemIsFreeFormat>1</CSItemIsFreeFormat><CSValue><CSValueCode>VA4094468</CSValueCode><CSValueName>25.000</CSValueName><CSValueRank>1</CSValueRank></CSValue><UnitOfMeasure><UnitOfMeasureCode>4000213</UnitOfMeasureCode><UnitOfMeasureName>uur</UnitOfMeasureName><UnitOfMeasureSymbol>uur</UnitOfMeasureSymbol></UnitOfMeasure></CSItem><CSItem><CSItemCode>PLMITM040026</CSItemCode><CSItemName>IP-code</CSItemName><CSItemRank>26</CSItemRank><CSItemIsFreeFormat>0</CSItemIsFreeFormat><CSValue><CSValueCode>PLMATR0290IP44</CSValueCode><CSValueName>IP44</CSValueName><CSValueRank>1</CSValueRank></CSValue><CSValue><CSValueCode>PLMATR0290IP41-2</CSValueCode><CSValueName>bescherming tegen voorwerpen groter dan 1 mm</CSValueName><CSValueRank>2</CSValueRank></CSValue><CSValue><CSValueCode>PLMATR0290IP24-3</CSValueCode><CSValueName>bestand tegen spatten</CSValueName><CSValueRank>3</CSValueRank></CSValue></CSItem><CSItem><CSItemCode>PLMITM040027</CSItemCode><CSItemName>Beschermingsklasse</CSItemName><CSItemRank>27</CSItemRank><CSItemIsFreeFormat>0</CSItemIsFreeFormat><CSValue><CSValueCode>PLMATR0289II</CSValueCode><CSValueName>II - dubbel geïsoleerd</CSValueName><CSValueRank>1</CSValueRank></CSValue></CSItem><CSItem><CSItemCode>PLMITM0400051</CSItemCode><CSItemName>Lichtbron equivalent aan traditionele lamp van</CSItemName><CSItemRank>51</CSItemRank><CSItemIsFreeFormat>1</CSItemIsFreeFormat><CSValue><CSValueCode>VA4081551</CSValueCode><CSValueName>60</CSValueName><CSValueRank>1</CSValueRank></CSValue><UnitOfMeasure><UnitOfMeasureCode>3000072</UnitOfMeasureCode><UnitOfMeasureName>watt</UnitOfMeasureName><UnitOfMeasureSymbol>W</UnitOfMeasureSymbol></UnitOfMeasure></CSItem><CSItem><CSItemCode>PLMITM0400052</CSItemCode><CSItemName>lumen meegeleverde lamp</CSItemName><CSItemRank>52</CSItemRank><CSItemIsFreeFormat>1</CSItemIsFreeFormat><CSValue><CSValueCode>VA4081549</CSValueCode><CSValueName>806</CSValueName><CSValueRank>1</CSValueRank></CSValue><UnitOfMeasure><UnitOfMeasureCode>3000051</UnitOfMeasureCode><UnitOfMeasureName>lumen</UnitOfMeasureName><UnitOfMeasureSymbol>lm</UnitOfMeasureSymbol></UnitOfMeasure></CSItem></CSChapter><CSChapter><CSChapterCode>PLMCHP050</CSChapterCode><CSChapterName>Service</CSChapterName><CSChapterRank>50</CSChapterRank><CSItem><CSItemCode>PLMITM050001</CSItemCode><CSItemName>Garantie</CSItemName><CSItemRank>1</CSItemRank><CSItemIsFreeFormat>0</CSItemIsFreeFormat><CSValue><CSValueCode>PLMATR02982</CSValueCode><CSValueName>2 jaar</CSValueName><CSValueRank>1</CSValueRank></CSValue></CSItem></CSChapter><CSChapter><CSChapterCode>PLMCHP060</CSChapterCode><CSChapterName>Afmetingen en gewicht inclusief verpakking</CSChapterName><CSChapterRank>60</CSChapterRank><CSItem><CSItemCode>PLMITM060001</CSItemCode><CSItemName>Hoogte</CSItemName><CSItemRank>1</CSItemRank><CSItemIsFreeFormat>1</CSItemIsFreeFormat><CSValue><CSValueCode>VA4042312</CSValueCode><CSValueName>14</CSValueName><CSValueRank>1</CSValueRank></CSValue><UnitOfMeasure><UnitOfMeasureCode>3000039</UnitOfMeasureCode><UnitOfMeasureName>centimeter</UnitOfMeasureName><UnitOfMeasureSymbol>cm</UnitOfMeasureSymbol></UnitOfMeasure></CSItem><CSItem><CSItemCode>PLMITM060002</CSItemCode><CSItemName>Lengte</CSItemName><CSItemRank>2</CSItemRank><CSItemIsFreeFormat>1</CSItemIsFreeFormat><CSValue><CSValueCode>VA4042313</CSValueCode><CSValueName>23,5</CSValueName><CSValueRank>1</CSValueRank></CSValue><UnitOfMeasure><UnitOfMeasureCode>3000039</UnitOfMeasureCode><UnitOfMeasureName>centimeter</UnitOfMeasureName><UnitOfMeasureSymbol>cm</UnitOfMeasureSymbol></UnitOfMeasure></CSItem><CSItem><CSItemCode>PLMITM060003</CSItemCode><CSItemName>Breedte</CSItemName><CSItemRank>3</CSItemRank><CSItemIsFreeFormat>1</CSItemIsFreeFormat><CSValue><CSValueCode>VA4042307</CSValueCode><CSValueName>19</CSValueName><CSValueRank>1</CSValueRank></CSValue><UnitOfMeasure><UnitOfMeasureCode>3000039</UnitOfMeasureCode><UnitOfMeasureName>centimeter</UnitOfMeasureName><UnitOfMeasureSymbol>cm</UnitOfMeasureSymbol></UnitOfMeasure></CSItem><CSItem><CSItemCode>PLMITM060004</CSItemCode><CSItemName>Gewicht</CSItemName><CSItemRank>4</CSItemRank><CSItemIsFreeFormat>1</CSItemIsFreeFormat><CSValue><CSValueCode>VA4042304</CSValueCode><CSValueName>1,275</CSValueName><CSValueRank>1</CSValueRank></CSValue><UnitOfMeasure><UnitOfMeasureCode>3000049</UnitOfMeasureCode><UnitOfMeasureName>kilogram</UnitOfMeasureName><UnitOfMeasureSymbol>kg</UnitOfMeasureSymbol></UnitOfMeasure></CSItem></CSChapter><CSChapter><CSChapterCode>PLMCHP070</CSChapterCode><CSChapterName>Diversen</CSChapterName><CSChapterRank>70</CSChapterRank><CSItem><CSItemCode>PLMITM070001</CSItemCode><CSItemName>Speciaal ontworpen voor</CSItemName><CSItemRank>1</CSItemRank><CSItemIsFreeFormat>0</CSItemIsFreeFormat><CSValue><CSValueCode>PLMATR0970G_P</CSValueCode><CSValueName>Tuin en terras</CSValueName><CSValueRank>2</CSValueRank></CSValue></CSItem><CSItem><CSItemCode>PLMITM070002</CSItemCode><CSItemName>Stijl</CSItemName><CSItemRank>2</CSItemRank><CSItemIsFreeFormat>0</CSItemIsFreeFormat><CSValue><CSValueCode>PLMATR0628MOD</CSValueCode><CSValueName>Modern</CSValueName><CSValueRank>1</CSValueRank></CSValue></CSItem><CSItem><CSItemCode>PLMITM070003</CSItemCode><CSItemName>Type</CSItemName><CSItemRank>3</CSItemRank><CSItemIsFreeFormat>0</CSItemIsFreeFormat><CSValue><CSValueCode>PLMATR0830WALL</CSValueCode><CSValueName>Wandlamp</CSValueName><CSValueRank>1</CSValueRank></CSValue></CSItem></CSChapter><Filters><Purpose type="Comparison"><Features><Feature code="F400086670" rank="1" referenceName="Set your lights to welcome you home (Hue outdoor)"/><Feature code="F400086671" rank="2" referenceName="Smart control, home and away (Hue outdoor)"/><Feature code="F400086672" rank="3" referenceName="Set timers for your convenience (Hue outdoor)"/><Feature code="F400086673" rank="4" referenceName="Installation free dimming (Hue outdoor)"/><Feature code="F400086678" rank="5" referenceName="Control it your way (Hue outdoor)"/><Feature code="F400086677" rank="6" referenceName="Weather-proof (IP44) (Hue outdoor)"/><Feature code="F400086675" rank="7" referenceName="Requires a Philips Hue bridge (Hue outdoor)"/><Feature code="F400086686" rank="8" referenceName="High-quality aluminum and superior synthetics (Hue outdoor)"/></Features><CSItems><CSItem code="PLMITM010001" rank="1" referenceName="design en afwerking - Materiaal"/><CSItem code="PLMITM030001" rank="1" referenceName="Afmetingen en gewicht van product - Hoogte"/><CSItem code="PLMITM040001" rank="1" referenceName="Technische specificaties - Netspanning"/><CSItem code="PLMITM050001" rank="1" referenceName="Service - Garantie"/><CSItem code="PLMITM060001" rank="1" referenceName="Afmetingen en gewicht inclusief verpakking - Hoogte"/><CSItem code="PLMITM070001" rank="1" referenceName="Diversen - Speciaal ontworpen voor"/><CSItem code="PLMITM010002" rank="2" referenceName="design en afwerking - Kleur"/><CSItem code="PLMITM040002" rank="2" referenceName="Technische specificaties - Lamptechnologie"/><CSItem code="PLMITM060002" rank="2" referenceName="Afmetingen en gewicht inclusief verpakking - Lengte"/><CSItem code="PLMITM070002" rank="2" referenceName="Diversen - Stijl"/><CSItem code="PLMITM040003" rank="3" referenceName="Technische specificaties - Aantal lampen"/><CSItem code="PLMITM060003" rank="3" referenceName="Afmetingen en gewicht inclusief verpakking - Breedte"/><CSItem code="PLMITM070003" rank="3" referenceName="Diversen - Type"/><CSItem code="PLMITM030004" rank="4" referenceName="Afmetingen en gewicht van product - Lengte"/><CSItem code="PLMITM040004" rank="4" referenceName="Technische specificaties - Lamphouder/lampvoet"/><CSItem code="PLMITM060004" rank="4" referenceName="Afmetingen en gewicht inclusief verpakking - Gewicht"/><CSItem code="PLMITM030005" rank="5" referenceName="Afmetingen en gewicht van product - Breedte"/><CSItem code="PLMITM040005" rank="5" referenceName="Technische specificaties - Vermogen meegeleverde lamp"/><CSItem code="PLMITM030006" rank="6" referenceName="Afmetingen en gewicht van product - Nettogewicht"/><CSItem code="PLMITM040006" rank="6" referenceName="Technische specificaties - Maximaal vermogen vervangende lamp"/><CSItem code="PLMITM040007" rank="7" referenceName="Technische specificaties - Lichtkleur"/><CSItem code="PLMITM0400013" rank="13" referenceName="Technische specificaties - Dimbaar armatuur"/><CSItem code="PLMITM0400014" rank="14" referenceName="Technische specificaties - LED"/><CSItem code="PLMITM0400015" rank="15" referenceName="Technische specificaties - Geïntegreerde LED"/><CSItem code="PLMITM0400016" rank="16" referenceName="Technische specificaties - Energieklasse meegeleverde lichtbron"/><CSItem code="PLMITM0400017" rank="17" referenceName="Technische specificaties - Armatuur is compatibel met lamp(en) uit klasse"/><CSItem code="PLMITM0400018" rank="18" referenceName="Technische specificaties - Levensduur tot"/><CSItem code="PLMITM040026" rank="26" referenceName="Technische specificaties - IP-code"/><CSItem code="PLMITM040027" rank="27" referenceName="Technische specificaties - Beschermingsklasse"/><CSItem code="PLMITM0400051" rank="51" referenceName="Technische specificaties - Lichtbron equivalent aan traditionele lamp van"/><CSItem code="PLMITM0400052" rank="52" referenceName="Technische specificaties - lumen meegeleverde lamp"/></CSItems></Purpose><Purpose type="Detail"><Features><Feature code="F400086670" rank="1" referenceName="Set your lights to welcome you home (Hue outdoor)"/><Feature code="F400086671" rank="2" referenceName="Smart control, home and away (Hue outdoor)"/><Feature code="F400086672" rank="3" referenceName="Set timers for your convenience (Hue outdoor)"/><Feature code="F400086673" rank="4" referenceName="Installation free dimming (Hue outdoor)"/><Feature code="F400086678" rank="5" referenceName="Control it your way (Hue outdoor)"/><Feature code="F400086677" rank="6" referenceName="Weather-proof (IP44) (Hue outdoor)"/><Feature code="F400086675" rank="7" referenceName="Requires a Philips Hue bridge (Hue outdoor)"/><Feature code="F400086686" rank="8" referenceName="High-quality aluminum and superior synthetics (Hue outdoor)"/></Features><CSItems><CSItem code="PLMITM010001" rank="1" referenceName="design en afwerking - Materiaal"/><CSItem code="PLMITM030001" rank="1" referenceName="Afmetingen en gewicht van product - Hoogte"/><CSItem code="PLMITM040001" rank="1" referenceName="Technische specificaties - Netspanning"/><CSItem code="PLMITM050001" rank="1" referenceName="Service - Garantie"/><CSItem code="PLMITM060001" rank="1" referenceName="Afmetingen en gewicht inclusief verpakking - Hoogte"/><CSItem code="PLMITM070001" rank="1" referenceName="Diversen - Speciaal ontworpen voor"/><CSItem code="PLMITM010002" rank="2" referenceName="design en afwerking - Kleur"/><CSItem code="PLMITM040002" rank="2" referenceName="Technische specificaties - Lamptechnologie"/><CSItem code="PLMITM060002" rank="2" referenceName="Afmetingen en gewicht inclusief verpakking - Lengte"/><CSItem code="PLMITM070002" rank="2" referenceName="Diversen - Stijl"/><CSItem code="PLMITM040003" rank="3" referenceName="Technische specificaties - Aantal lampen"/><CSItem code="PLMITM060003" rank="3" referenceName="Afmetingen en gewicht inclusief verpakking - Breedte"/><CSItem code="PLMITM070003" rank="3" referenceName="Diversen - Type"/><CSItem code="PLMITM030004" rank="4" referenceName="Afmetingen en gewicht van product - Lengte"/><CSItem code="PLMITM040004" rank="4" referenceName="Technische specificaties - Lamphouder/lampvoet"/><CSItem code="PLMITM060004" rank="4" referenceName="Afmetingen en gewicht inclusief verpakking - Gewicht"/><CSItem code="PLMITM030005" rank="5" referenceName="Afmetingen en gewicht van product - Breedte"/><CSItem code="PLMITM040005" rank="5" referenceName="Technische specificaties - Vermogen meegeleverde lamp"/><CSItem code="PLMITM030006" rank="6" referenceName="Afmetingen en gewicht van product - Nettogewicht"/><CSItem code="PLMITM040006" rank="6" referenceName="Technische specificaties - Maximaal vermogen vervangende lamp"/><CSItem code="PLMITM040007" rank="7" referenceName="Technische specificaties - Lichtkleur"/><CSItem code="PLMITM0400013" rank="13" referenceName="Technische specificaties - Dimbaar armatuur"/><CSItem code="PLMITM0400014" rank="14" referenceName="Technische specificaties - LED"/><CSItem code="PLMITM0400015" rank="15" referenceName="Technische specificaties - Geïntegreerde LED"/><CSItem code="PLMITM0400016" rank="16" referenceName="Technische specificaties - Energieklasse meegeleverde lichtbron"/><CSItem code="PLMITM0400017" rank="17" referenceName="Technische specificaties - Armatuur is compatibel met lamp(en) uit klasse"/><CSItem code="PLMITM0400018" rank="18" referenceName="Technische specificaties - Levensduur tot"/><CSItem code="PLMITM040026" rank="26" referenceName="Technische specificaties - IP-code"/><CSItem code="PLMITM040027" rank="27" referenceName="Technische specificaties - Beschermingsklasse"/><CSItem code="PLMITM0400051" rank="51" referenceName="Technische specificaties - Lichtbron equivalent aan traditionele lamp van"/><CSItem code="PLMITM0400052" rank="52" referenceName="Technische specificaties - lumen meegeleverde lamp"/></CSItems></Purpose></Filters><FeatureCompareGroups/><Disclaimers/><RichTexts/></Product></Products>